/**
 * generated from the actual data/js/inx_font_pack.js browser output
 * name: atkinson_hyperlegible_16_bold
 * size: 16
 * mode: 2-bit
 * source: atkinson_hyperlegible Bold; fontconvert.py row set
 * glyphs: 562 (web UI raster rows; compact reader profile)
 */
#pragma once
#include "EpdFontData.h"

static const uint8_t atkinson_hyperlegible_16_boldBitmaps[76435] = {
    0x00, 0x00, 0xBF, 0xFE, 0xBF, 0xFE, 0xBF, 0xFE, 0xBF, 0xFE, 0xBF, 0xFE, 0xBF, 0xFE, 0xBF, 0xFE,
    0x3F, 0xFD, 0x3F, 0xFC, 0x3F, 0xFC, 0x3F, 0xFC, 0x2F, 0xFC, 0x2F, 0xF8, 0x0F, 0xF4, 0x0F, 0xF0,
    0x00, 0x00, 0x00, 0x00, 0x0A, 0xE0, 0x2F, 0xFC, 0x3F, 0xFE, 0xBF, 0xFE, 0x7F, 0xFE, 0x3F, 0xFC,
    0x0F, 0xF8, 0x00, 0x00, 0x00, 0x00, 0x00, 0x00, 0xBF, 0xE3, 0xFF, 0x40, 0xBF, 0xE3, 0xFF, 0x00,
    0xBF, 0xE2, 0xFF, 0x00, 0xBF, 0xD2, 0xFF, 0x00, 0x7F, 0xC2, 0xFF, 0x00, 0x3F, 0xC2, 0xFF, 0x00,
    0x3F, 0xC2, 0xFF, 0x00, 0x3F, 0xC1, 0xFF, 0x00, 0x00, 0x00, 0x00, 0x00, 0x00, 0x00, 0x00, 0x00,
    0x00, 0x00, 0x00, 0x00, 0x00, 0xFF, 0xC0, 0x0F, 0xFC, 0x00, 0x00, 0x00, 0xFF, 0xC0, 0x0F, 0xFC,
    0x00, 0x00, 0x00, 0xFF, 0xC0, 0x0F, 0xFC, 0x00, 0x00, 0x00, 0xFF, 0xC0, 0x0F, 0xFC, 0x00, 0x02,
    0xAB, 0xFF, 0xEA, 0xBF, 0xFE, 0xA8, 0x03, 0xFF, 0xFF, 0xFF, 0xFF, 0xFF, 0xFC, 0x07, 0xFF, 0xFF,
    0xFF, 0xFF, 0xFF, 0xFC, 0x0B, 0xFF, 0xFF, 0xFF, 0xFF, 0xFF, 0xFC, 0x0B, 0xFF, 0xFF, 0xFF, 0xFF,
    0xFF, 0xFC, 0x02, 0xAB, 0xFF, 0xAA, 0xBF, 0xFA, 0xA0, 0x00, 0x03, 0xFF, 0x00, 0x3F, 0xF0, 0x00,
    0x00, 0x0B, 0xFE, 0x00, 0xBF, 0xF0, 0x00, 0x00, 0x0B, 0xFE, 0x00, 0xBF, 0xE0, 0x00, 0x00, 0x0F,
    0xFE, 0x00, 0xFF, 0xE0, 0x00, 0x2F, 0xFF, 0xFF, 0xFF, 0xFF, 0xFF, 0xF0, 0x2F, 0xFF, 0xFF, 0xFF,
    0xFF, 0xFF, 0xF0, 0x3F, 0xFF, 0xFF, 0xFF, 0xFF, 0xFF, 0xE0, 0x3F, 0xFF, 0xFF, 0xFF, 0xFF, 0xFF,
    0xE0, 0x3F, 0xFF, 0xFF, 0xFF, 0xFF, 0xFF, 0xD0, 0x00, 0x3F, 0xF8, 0x03, 0xFF, 0x80, 0x00, 0x00,
    0x3F, 0xF8, 0x03, 0xFF, 0x80, 0x00, 0x00, 0x3F, 0xF0, 0x03, 0xFF, 0x00, 0x00, 0x00, 0x3F, 0xF0,
    0x03, 0xFF, 0x00, 0x00, 0x00, 0x3F, 0xF0, 0x03, 0xFF, 0x00, 0x00, 0x00, 0x00, 0x00, 0x00, 0x00,
    0x00, 0x00, 0x00, 0x0F, 0x80, 0x00, 0x00, 0x00, 0x00, 0x0F, 0x80, 0x00, 0x00, 0x00, 0x00, 0xAF,
    0xE0, 0x00, 0x00, 0x00, 0x2F, 0xFF, 0xFF, 0x80, 0x00, 0x01, 0xFF, 0xFF, 0xFF, 0xF0, 0x00, 0x0B,
    0xFF, 0xFF, 0xFF, 0xFC, 0x00, 0x0F, 0xFF, 0xFF, 0xFF, 0xFF, 0x00, 0x2F, 0xFF, 0xAF, 0xBF, 0xFF,
    0x00, 0x3F, 0xFC, 0x0F, 0x8B, 0xF4, 0x00, 0x3F, 0xFC, 0x0F, 0x82, 0x00, 0x00, 0x3F, 0xFE, 0x0F,
    0x80, 0x00, 0x00, 0x3F, 0xFF, 0xEF, 0x80, 0x00, 0x00, 0x2F, 0xFF, 0xFF, 0xE4, 0x00, 0x00, 0x0F,
    0xFF, 0xFF, 0xFF, 0xC0, 0x00, 0x02, 0xFF, 0xFF, 0xFF, 0xFC, 0x00, 0x00, 0x2F, 0xFF, 0xFF, 0xFF,
    0x00, 0x00, 0x01, 0xBF, 0xFF, 0xFF, 0xC0, 0x00, 0x00, 0x0F, 0xFF, 0xFF, 0xC0, 0x00, 0x00, 0x0F,
    0x8B, 0xFF, 0xE0, 0x00, 0x20, 0x0F, 0x82, 0xFF, 0xE0, 0x0B, 0xFC, 0x0F, 0x82, 0xFF, 0xD0, 0x3F,
    0xFE, 0x0F, 0x83, 0xFF, 0xC0, 0x2F, 0xFF, 0xFF, 0xEF, 0xFF, 0xC0, 0x0F, 0xFF, 0xFF, 0xFF, 0xFF,
    0x00, 0x03, 0xFF, 0xFF, 0xFF, 0xFC, 0x00, 0x00, 0xBF, 0xFF, 0xFF, 0xF0, 0x00, 0x00, 0x0B, 0xFF,
    0xFE, 0x00, 0x00, 0x00, 0x00, 0x2F, 0x80, 0x00, 0x00, 0x00, 0x00, 0x0F, 0x80, 0x00, 0x00, 0x00,
    0x00, 0x0F, 0x80, 0x00, 0x00, 0x00, 0x00, 0x00, 0x00, 0x00, 0x00, 0x00, 0x0A, 0xA0, 0x00, 0x00,
    0x00, 0x00, 0x00, 0x00, 0x00, 0xFF, 0xFF, 0x00, 0x00, 0x03, 0xFF, 0x00, 0x00, 0x03, 0xFF, 0xFF,
    0xC0, 0x00, 0x0B, 0xFC, 0x00, 0x00, 0x0F, 0xFF, 0xFF, 0xF0, 0x00, 0x0F, 0xF8, 0x00, 0x00, 0x2F,
    0xFF, 0xFF, 0xF8, 0x00, 0x3F, 0xF0, 0x00, 0x00, 0x3F, 0xF0, 0x0F, 0xFC, 0x00, 0xBF, 0xC0, 0x00,
    0x00, 0x3F, 0xE0, 0x0B, 0xFC, 0x01, 0xFF, 0x80, 0x00, 0x00, 0x3F, 0xC0, 0x03, 0xFC, 0x03, 0xFF,
    0x00, 0x00, 0x00, 0x3F, 0xE0, 0x0B, 0xFC, 0x0F, 0xFC, 0x00, 0x00, 0x00, 0x3F, 0xF0, 0x1F, 0xFC,
    0x2F, 0xF4, 0x00, 0x00, 0x00, 0x2F, 0xFF, 0xFF, 0xF8, 0x3F, 0xE0, 0x00, 0x00, 0x00, 0x0F, 0xFF,
    0xFF, 0xF0, 0xFF, 0xC0, 0xBF, 0xE0, 0x00, 0x03, 0xFF, 0xFF, 0xC2, 0xFF, 0x03, 0xFF, 0xFE, 0x00,
    0x00, 0xFF, 0xFE, 0x03, 0xFE, 0x0F, 0xFF, 0xFF, 0x80, 0x00, 0x0A, 0xA0, 0x0F, 0xFC, 0x3F, 0xFF,
    0xFF, 0xD0, 0x00, 0x00, 0x00, 0x2F, 0xF0, 0xBF, 0xFA, 0xFF, 0xF0, 0x00, 0x00, 0x00, 0x7F, 0xE0,
    0xFF, 0xC0, 0x2F, 0xF0, 0x00, 0x00, 0x00, 0xFF, 0xC0, 0xFF, 0x80, 0x0F, 0xF0, 0x00, 0x00, 0x03,
    0xFF, 0x00, 0xFF, 0x80, 0x0F, 0xF0, 0x00, 0x00, 0x0B, 0xFD, 0x00, 0xFF, 0xC0, 0x2F, 0xF0, 0x00,
    0x00, 0x0F, 0xF8, 0x00, 0xBF, 0xF0, 0xBF, 0xF0, 0x00, 0x00, 0x3F, 0xF0, 0x00, 0x3F, 0xFF, 0xFF,
    0xE0, 0x00, 0x00, 0xBF, 0xC0, 0x00, 0x2F, 0xFF, 0xFF, 0xC0, 0x00, 0x00, 0xFF, 0x80, 0x00, 0x0B,
    0xFF, 0xFF, 0x00, 0x00, 0x03, 0xFF, 0x00, 0x00, 0x00, 0xFF, 0xF8, 0x00, 0x00, 0x00, 0x00, 0x00,
    0x00, 0x00, 0x00, 0x00, 0x00, 0x00, 0x00, 0x1A, 0xA0, 0x00, 0x00, 0x00, 0x00, 0x02, 0xFF, 0xFE,
    0x00, 0x00, 0x00, 0x00, 0x0F, 0xFF, 0xFF, 0xC0, 0x00, 0x00, 0x00, 0x3F, 0xFF, 0xFF, 0xF0, 0x00,
    0x00, 0x00, 0x3F, 0xFE, 0xFF, 0xF0, 0x00, 0x00, 0x00, 0xBF, 0xF0, 0x2F, 0xF8, 0x00, 0x00, 0x00,
    0xBF, 0xE0, 0x0F, 0xFC, 0x00, 0x00, 0x00, 0xBF, 0xE0, 0x0F, 0xF8, 0x00, 0x00, 0x00, 0x7F, 0xF0,
    0x2F, 0xF8, 0x00, 0x00, 0x00, 0x3F, 0xFC, 0xBF, 0xF0, 0x00, 0x00, 0x00, 0x2F, 0xFF, 0xFF, 0xE0,
    0x00, 0x00, 0x00, 0x0F, 0xFF, 0xFF, 0x80, 0x00, 0x00, 0x00, 0x2F, 0xFF, 0xFD, 0x02, 0xFF, 0x00,
    0x00, 0xFF, 0xFF, 0xF8, 0x03, 0xFF, 0x00, 0x07, 0xFF, 0xFF, 0xFE, 0x03, 0xFE, 0x00, 0x0F, 0xFF,
    0xFF, 0xFF, 0x8B, 0xFD, 0x00, 0x2F, 0xFF, 0x0B, 0xFF, 0xEF, 0xFC, 0x00, 0x3F, 0xFC, 0x03, 0xFF,
    0xFF, 0xF8, 0x00, 0x3F, 0xFC, 0x00, 0xFF, 0xFF, 0xF0, 0x00, 0x3F, 0xFC, 0x00, 0x3F, 0xFF, 0xE0,
    0x00, 0x3F, 0xFE, 0x00, 0x2F, 0xFF, 0xC0, 0x00, 0x2F, 0xFF, 0xD2, 0xFF, 0xFF, 0xE0, 0x00, 0x0F,
    0xFF, 0xFF, 0xFF, 0xFF, 0xF8, 0x00, 0x07, 0xFF, 0xFF, 0xFF, 0xFF, 0xFC, 0x00, 0x01, 0xFF, 0xFF,
    0xFF, 0xAF, 0xFF, 0x00, 0x00, 0x2F, 0xFF, 0xF4, 0x0B, 0xFF, 0xC0, 0x00, 0x00, 0x00, 0x00, 0x00,
    0x00, 0x00, 0x00, 0x00, 0xBF, 0xE0, 0xBF, 0xE0, 0xBF, 0xE0, 0xBF, 0xD0, 0x7F, 0xC0, 0x3F, 0xC0,
    0x3F, 0xC0, 0x3F, 0xC0, 0x00, 0x00, 0x00, 0x00, 0x00, 0x00, 0xFF, 0xC0, 0x03, 0xFF, 0x80, 0x03,
    0xFF, 0x00, 0x0F, 0xFE, 0x00, 0x0F, 0xFC, 0x00, 0x2F, 0xFC, 0x00, 0x3F, 0xF8, 0x00, 0x3F, 0xF0,
    0x00, 0x3F, 0xF0, 0x00, 0xBF, 0xF0, 0x00, 0xBF, 0xE0, 0x00, 0xBF, 0xE0, 0x00, 0xBF, 0xE0, 0x00,
    0xFF, 0xE0, 0x00, 0xFF, 0xE0, 0x00, 0xBF, 0xE0, 0x00, 0xBF, 0xE0, 0x00, 0xBF, 0xE0, 0x00, 0x7F,
    0xF0, 0x00, 0x3F, 0xF0, 0x00, 0x3F, 0xF8, 0x00, 0x2F, 0xFC, 0x00, 0x0F, 0xFC, 0x00, 0x0F, 0xFE,
    0x00, 0x0B, 0xFF, 0x00, 0x03, 0xFF, 0x80, 0x02, 0xFF, 0xC0, 0x00, 0xFF, 0xE0, 0x00, 0x7F, 0xF0,
    0x00, 0x2A, 0xA8, 0x00, 0x00, 0x00, 0x0F, 0xFE, 0x00, 0x07, 0xFF, 0x00, 0x03, 0xFF, 0x80, 0x01,
    0xFF, 0xC0, 0x00, 0xFF, 0xC0, 0x00, 0xBF, 0xE0, 0x00, 0x3F, 0xF0, 0x00, 0x3F, 0xF0, 0x00, 0x3F,
    0xF8, 0x00, 0x2F, 0xF8, 0x00, 0x2F, 0xFC, 0x00, 0x1F, 0xFC, 0x00, 0x0F, 0xFC, 0x00, 0x0F, 0xFC,
    0x00, 0x0F, 0xFC, 0x00, 0x0F, 0xFC, 0x00, 0x1F, 0xFC, 0x00, 0x2F, 0xF8, 0x00, 0x2F, 0xF8, 0x00,
    0x3F, 0xF0, 0x00, 0x3F, 0xF0, 0x00, 0xBF, 0xF0, 0x00, 0xFF, 0xE0, 0x02, 0xFF, 0xC0, 0x03, 0xFF,
    0x80, 0x07, 0xFF, 0x00, 0x0F, 0xFF, 0x00, 0x2F, 0xFC, 0x00, 0x3F, 0xF8, 0x00, 0xAA, 0xA0, 0x00,
    0x00, 0x00, 0x00, 0x00, 0x00, 0x3F, 0x80, 0x00, 0x00, 0x3F, 0x80, 0x00, 0x08, 0x3F, 0x86, 0x00,
    0x2F, 0xFF, 0xFF, 0x00, 0x3F, 0xFF, 0xFF, 0x80, 0x2F, 0xFF, 0xFF, 0x80, 0x01, 0xFF, 0xF0, 0x00,
    0x02, 0xFF, 0xF0, 0x00, 0x07, 0xFF, 0xFC, 0x00, 0x0F, 0xF2, 0xFD, 0x00, 0x02, 0xD0, 0xB0, 0x00,
    0x00, 0x00, 0x00, 0x00, 0x00, 0x00, 0x00, 0x00, 0x00, 0x00, 0x00, 0xFF, 0x80, 0x00, 0x00, 0x00,
    0xFF, 0x80, 0x00, 0x00, 0x00, 0xFF, 0x80, 0x00, 0x00, 0x00, 0xFF, 0x80, 0x00, 0x00, 0x00, 0xFF,
    0x80, 0x00, 0x00, 0x00, 0xFF, 0x80, 0x00, 0x2A, 0xAA, 0xFF, 0xAA, 0xA8, 0x3F, 0xFF, 0xFF, 0xFF,
    0xFE, 0x3F, 0xFF, 0xFF, 0xFF, 0xFE, 0x3F, 0xFF, 0xFF, 0xFF, 0xFE, 0x3F, 0xFF, 0xFF, 0xFF, 0xFE,
    0x00, 0x02, 0xFF, 0x80, 0x00, 0x00, 0x00, 0xFF, 0x80, 0x00, 0x00, 0x00, 0xFF, 0x80, 0x00, 0x00,
    0x00, 0xFF, 0x80, 0x00, 0x00, 0x00, 0xFF, 0x80, 0x00, 0x00, 0x00, 0xFF, 0x80, 0x00, 0x00, 0x00,
    0xFF, 0x80, 0x00, 0x02, 0xE0, 0x00, 0x1F, 0xFC, 0x00, 0x3F, 0xFE, 0x00, 0x3F, 0xFF, 0x00, 0x3F,
    0xFF, 0x00, 0x3F, 0xFE, 0x00, 0x0F, 0xFC, 0x00, 0x03, 0xFC, 0x00, 0x03, 0xF8, 0x00, 0x0B, 0xF0,
    0x00, 0x0F, 0xE0, 0x00, 0x0F, 0xC0, 0x00, 0x00, 0x00, 0x00, 0x2A, 0xAA, 0xAA, 0x00, 0x3F, 0xFF,
    0xFF, 0x80, 0x3F, 0xFF, 0xFF, 0x80, 0x3F, 0xFF, 0xFF, 0x80, 0x3F, 0xFF, 0xFF, 0x80, 0x00, 0x00,
    0x00, 0x00, 0x02, 0xE0, 0x00, 0x1F, 0xFC, 0x00, 0x3F, 0xFE, 0x00, 0x3F, 0xFF, 0x00, 0x3F, 0xFF,
    0x00, 0x3F, 0xFE, 0x00, 0x0F, 0xF8, 0x00, 0x00, 0x00, 0x00, 0x00, 0x00, 0x00, 0x00, 0x00, 0x00,
    0x2F, 0xFC, 0x00, 0x00, 0x3F, 0xFC, 0x00, 0x00, 0x3F, 0xF8, 0x00, 0x00, 0xBF, 0xF0, 0x00, 0x00,
    0xFF, 0xE0, 0x00, 0x01, 0xFF, 0xC0, 0x00, 0x03, 0xFF, 0xC0, 0x00, 0x03, 0xFF, 0x80, 0x00, 0x0B,
    0xFF, 0x00, 0x00, 0x0F, 0xFE, 0x00, 0x00, 0x1F, 0xFC, 0x00, 0x00, 0x3F, 0xFC, 0x00, 0x00, 0x3F,
    0xF8, 0x00, 0x00, 0xBF, 0xF0, 0x00, 0x00, 0xFF, 0xF0, 0x00, 0x00, 0xFF, 0xD0, 0x00, 0x02, 0xFF,
    0xC0, 0x00, 0x03, 0xFF, 0x80, 0x00, 0x0B, 0xFF, 0x00, 0x00, 0x0F, 0xFF, 0x00, 0x00, 0x0F, 0xFE,
    0x00, 0x00, 0x2F, 0xFC, 0x00, 0x00, 0x3F, 0xF8, 0x00, 0x00, 0x7F, 0xF0, 0x00, 0x00, 0x00, 0x00,
    0xAA, 0xA0, 0x00, 0x00, 0x00, 0x1F, 0xFF, 0xFF, 0x00, 0x00, 0x00, 0xBF, 0xFF, 0xFF, 0xE0, 0x00,
    0x02, 0xFF, 0xFF, 0xFF, 0xF8, 0x00, 0x0B, 0xFF, 0xFA, 0xFF, 0xFC, 0x00, 0x0F, 0xFF, 0x80, 0x2F,
    0xFF, 0x00, 0x1F, 0xFF, 0xC0, 0x0F, 0xFF, 0x00, 0x3F, 0xFF, 0xE0, 0x03, 0xFF, 0x80, 0x3F, 0xFF,
    0xF0, 0x03, 0xFF, 0xC0, 0x3F, 0xFF, 0xFC, 0x03, 0xFF, 0xC0, 0x3F, 0xFB, 0xFE, 0x02, 0xFF, 0xC0,
    0x7F, 0xF4, 0xFF, 0x42, 0xFF, 0xC0, 0xBF, 0xF0, 0xBF, 0xC2, 0xFF, 0xC0, 0x7F, 0xF0, 0x2F, 0xF2,
    0xFF, 0xC0, 0x3F, 0xF4, 0x0F, 0xFA, 0xFF, 0xC0, 0x3F, 0xF8, 0x03, 0xFF, 0xFF, 0xC0, 0x3F, 0xF8,
    0x02, 0xFF, 0xFF, 0xC0, 0x3F, 0xFC, 0x00, 0xFF, 0xFF, 0x80, 0x2F, 0xFC, 0x00, 0x3F, 0xFF, 0x80,
    0x0F, 0xFF, 0x00, 0x2F, 0xFF, 0x00, 0x0B, 0xFF, 0xC0, 0x3F, 0xFE, 0x00, 0x03, 0xFF, 0xFF, 0xFF,
    0xFC, 0x00, 0x00, 0xFF, 0xFF, 0xFF, 0xF0, 0x00, 0x00, 0x3F, 0xFF, 0xFF, 0xC0, 0x00, 0x00, 0x0B,
    0xFF, 0xFD, 0x00, 0x00, 0x00, 0x00, 0x00, 0x00, 0x00, 0x00, 0x00, 0x00, 0x00, 0x00, 0x03, 0xFE,
    0x00, 0x0B, 0xFE, 0x00, 0x2F, 0xFE, 0x3F, 0xFF, 0xFE, 0x7F, 0xFF, 0xFE, 0x7F, 0xFF, 0xFE, 0x7F,
    0xFF, 0xFE, 0x3F, 0xFF, 0xFE, 0x00, 0x0F, 0xFE, 0x00, 0x0F, 0xFE, 0x00, 0x0F, 0xFE, 0x00, 0x0F,
    0xFE, 0x00, 0x0F, 0xFE, 0x00, 0x0F, 0xFE, 0x00, 0x0F, 0xFE, 0x00, 0x0F, 0xFE, 0x00, 0x0F, 0xFE,
    0x00, 0x0F, 0xFE, 0x00, 0x0F, 0xFE, 0x00, 0x0F, 0xFE, 0x00, 0x0F, 0xFE, 0x00, 0x0F, 0xFE, 0x00,
    0x0F, 0xFE, 0x00, 0x0F, 0xFE, 0x00, 0x02, 0xAA, 0x80, 0x00, 0x00, 0x7F, 0xFF, 0xFC, 0x00, 0x02,
    0xFF, 0xFF, 0xFF, 0x80, 0x0F, 0xFF, 0xFF, 0xFF, 0xE0, 0x1F, 0xFF, 0xEB, 0xFF, 0xF0, 0x3F, 0xFD,
    0x00, 0xFF, 0xF8, 0x02, 0xF8, 0x00, 0x3F, 0xF8, 0x00, 0x00, 0x00, 0x3F, 0xF8, 0x00, 0x00, 0x00,
    0x3F, 0xF8, 0x00, 0x00, 0x00, 0xBF, 0xF4, 0x00, 0x00, 0x00, 0xFF, 0xF0, 0x00, 0x00, 0x03, 0xFF,
    0xE0, 0x00, 0x00, 0x0F, 0xFF, 0xC0, 0x00, 0x00, 0x3F, 0xFF, 0x00, 0x00, 0x00, 0xFF, 0xFD, 0x00,
    0x00, 0x0B, 0xFF, 0xF0, 0x00, 0x00, 0x2F, 0xFF, 0xC0, 0x00, 0x00, 0xFF, 0xFE, 0x00, 0x00, 0x0B,
    0xFF, 0xF4, 0x00, 0x00, 0x2F, 0xFF, 0x80, 0x00, 0x00, 0xFF, 0xFF, 0xAA, 0xAA, 0xA8, 0xFF, 0xFF,
    0xFF, 0xFF, 0xFC, 0xFF, 0xFF, 0xFF, 0xFF, 0xFC, 0xFF, 0xFF, 0xFF, 0xFF, 0xFC, 0xFF, 0xFF, 0xFF,
    0xFF, 0xFC, 0x00, 0x02, 0xAA, 0x40, 0x00, 0x00, 0xBF, 0xFF, 0xFD, 0x00, 0x0B, 0xFF, 0xFF, 0xFF,
    0x80, 0x2F, 0xFF, 0xFF, 0xFF, 0xE0, 0x3F, 0xFF, 0xAB, 0xFF, 0xF0, 0xBF, 0xF8, 0x00, 0xFF, 0xF8,
    0x0B, 0xF0, 0x00, 0x3F, 0xF8, 0x00, 0x00, 0x00, 0x3F, 0xF8, 0x00, 0x00, 0x00, 0xBF, 0xF0, 0x00,
    0x00, 0x02, 0xFF, 0xF0, 0x00, 0x02, 0xBF, 0xFF, 0xC0, 0x00, 0x0B, 0xFF, 0xFF, 0x00, 0x00, 0x0B,
    0xFF, 0xFF, 0x00, 0x00, 0x0B, 0xFF, 0xFF, 0xC0, 0x00, 0x02, 0xAF, 0xFF, 0xF0, 0x00, 0x00, 0x01,
    0xFF, 0xF8, 0x00, 0x00, 0x00, 0x3F, 0xFC, 0x00, 0x00, 0x00, 0x3F, 0xFC, 0x02, 0xE0, 0x00, 0x3F,
    0xFC, 0x7F, 0xF0, 0x00, 0x3F, 0xFC, 0xBF, 0xFD, 0x00, 0xFF, 0xF8, 0x3F, 0xFF, 0xFF, 0xFF, 0xF0,
    0x0F, 0xFF, 0xFF, 0xFF, 0xC0, 0x03, 0xFF, 0xFF, 0xFF, 0x00, 0x00, 0x7F, 0xFF, 0xE4, 0x00, 0x00,
    0x00, 0x00, 0x00, 0x00, 0x00, 0x00, 0x00, 0x00, 0x00, 0x00, 0x00, 0x00, 0x00, 0xFF, 0xF0, 0x00,
    0x00, 0x00, 0x03, 0xFF, 0xF0, 0x00, 0x00, 0x00, 0x0B, 0xFF, 0xF0, 0x00, 0x00, 0x00, 0x2F, 0xFF,
    0xF0, 0x00, 0x00, 0x00, 0x3F, 0xFF, 0xF0, 0x00, 0x00, 0x00, 0xFF, 0xFF, 0xF0, 0x00, 0x00, 0x03,
    0xFF, 0xFF, 0xF0, 0x00, 0x00, 0x0B, 0xFF, 0xFF, 0xF0, 0x00, 0x00, 0x2F, 0xFE, 0xBF, 0xF0, 0x00,
    0x00, 0x3F, 0xF8, 0xBF, 0xF0, 0x00, 0x00, 0xFF, 0xF0, 0xBF, 0xF0, 0x00, 0x03, 0xFF, 0xC0, 0xBF,
    0xF0, 0x00, 0x0B, 0xFF, 0x00, 0xBF, 0xF0, 0x00, 0x0F, 0xFE, 0x00, 0xBF, 0xF0, 0x00, 0x3F, 0xFF,
    0xFF, 0xFF, 0xFF, 0xD0, 0x3F, 0xFF, 0xFF, 0xFF, 0xFF, 0xD0, 0x3F, 0xFF, 0xFF, 0xFF, 0xFF, 0xD0,
    0x3F, 0xFF, 0xFF, 0xFF, 0xFF, 0xD0, 0x3F, 0xFF, 0xFF, 0xFF, 0xFF, 0xC0, 0x00, 0x00, 0x00, 0xBF,
    0xF0, 0x00, 0x00, 0x00, 0x00, 0xBF, 0xF0, 0x00, 0x00, 0x00, 0x00, 0xBF, 0xF0, 0x00, 0x00, 0x00,
    0x00, 0xBF, 0xF0, 0x00, 0x00, 0x00, 0x00, 0xBF, 0xF0, 0x00, 0x00, 0x00, 0x00, 0x00, 0x00, 0x0F,
    0xFF, 0xFF, 0xFF, 0xF0, 0x0F, 0xFF, 0xFF, 0xFF, 0xF0, 0x0F, 0xFF, 0xFF, 0xFF, 0xF0, 0x1F, 0xFF,
    0xFF, 0xFF, 0xF0, 0x2F, 0xFC, 0x00, 0x00, 0x00, 0x2F, 0xF8, 0x00, 0x00, 0x00, 0x3F, 0xF8, 0x00,
    0x00, 0x00, 0x3F, 0xF4, 0x1A, 0x40, 0x00, 0x3F, 0xFF, 0xFF, 0xFD, 0x00, 0x3F, 0xFF, 0xFF, 0xFF,
    0x80, 0x3F, 0xFF, 0xFF, 0xFF, 0xE0, 0x7F, 0xFF, 0xEF, 0xFF, 0xF4, 0x2F, 0xFC, 0x00, 0xFF, 0xFC,
    0x00, 0xB0, 0x00, 0x3F, 0xFC, 0x00, 0x00, 0x00, 0x2F, 0xFC, 0x00, 0x00, 0x00, 0x2F, 0xFD, 0x00,
    0x00, 0x00, 0x2F, 0xFC, 0x01, 0xA0, 0x00, 0x2F, 0xFC, 0x2F, 0xF0, 0x00, 0x3F, 0xFC, 0x3F, 0xFC,
    0x02, 0xFF, 0xF8, 0x2F, 0xFF, 0xFF, 0xFF, 0xF0, 0x0F, 0xFF, 0xFF, 0xFF, 0xC0, 0x02, 0xFF, 0xFF,
    0xFF, 0x00, 0x00, 0x2F, 0xFF, 0xE4, 0x00, 0x00, 0x00, 0x00, 0x00, 0x00, 0x00, 0x00, 0x6A, 0xA0,
    0x00, 0x00, 0x0B, 0xFF, 0xFF, 0x40, 0x00, 0x3F, 0xFF, 0xFF, 0xE0, 0x00, 0xFF, 0xFF, 0xFF, 0xF8,
    0x03, 0xFF, 0xEA, 0xFF, 0x90, 0x0B, 0xFF, 0x40, 0x28, 0x00, 0x0F, 0xFE, 0x00, 0x00, 0x00, 0x0F,
    0xFC, 0x00, 0x00, 0x00, 0x2F, 0xFC, 0x0A, 0x40, 0x00, 0x3F, 0xF9, 0xFF, 0xFE, 0x00, 0x3F, 0xFF,
    0xFF, 0xFF, 0xC0, 0x3F, 0xFF, 0xFF, 0xFF, 0xF0, 0x3F, 0xFF, 0xFF, 0xFF, 0xFC, 0x3F, 0xFF, 0x80,
    0xBF, 0xFC, 0x3F, 0xFE, 0x00, 0x2F, 0xFE, 0x3F, 0xFC, 0x00, 0x0F, 0xFF, 0x3F, 0xFC, 0x00, 0x0F,
    0xFF, 0x3F, 0xFC, 0x00, 0x0F, 0xFF, 0x2F, 0xFC, 0x00, 0x0F, 0xFE, 0x1F, 0xFE, 0x00, 0x2F, 0xFE,
    0x0F, 0xFF, 0x80, 0xBF, 0xFC, 0x07, 0xFF, 0xFF, 0xFF, 0xF8, 0x02, 0xFF, 0xFF, 0xFF, 0xE0, 0x00,
    0xBF, 0xFF, 0xFF, 0x80, 0x00, 0x0B, 0xFF, 0xF8, 0x00, 0x00, 0x00, 0x00, 0x00, 0x00, 0x00, 0x00,
    0x00, 0x00, 0x00, 0xBF, 0xFF, 0xFF, 0xFF, 0xF8, 0xBF, 0xFF, 0xFF, 0xFF, 0xF8, 0xBF, 0xFF, 0xFF,
    0xFF, 0xF8, 0xBF, 0xFF, 0xFF, 0xFF, 0xF8, 0x15, 0x55, 0x55, 0xFF, 0xF8, 0x00, 0x00, 0x00, 0xFF,
    0xF0, 0x00, 0x00, 0x02, 0xFF, 0xE0, 0x00, 0x00, 0x03, 0xFF, 0xC0, 0x00, 0x00, 0x0B, 0xFF, 0x80,
    0x00, 0x00, 0x0F, 0xFF, 0x00, 0x00, 0x00, 0x2F, 0xFE, 0x00, 0x00, 0x00, 0x3F, 0xFC, 0x00, 0x00,
    0x00, 0xBF, 0xFC, 0x00, 0x00, 0x00, 0xFF, 0xF0, 0x00, 0x00, 0x02, 0xFF, 0xF0, 0x00, 0x00, 0x03,
    0xFF, 0xD0, 0x00, 0x00, 0x0B, 0xFF, 0xC0, 0x00, 0x00, 0x0F, 0xFF, 0x80, 0x00, 0x00, 0x2F, 0xFF,
    0x00, 0x00, 0x00, 0x3F, 0xFE, 0x00, 0x00, 0x00, 0xBF, 0xFC, 0x00, 0x00, 0x00, 0xFF, 0xF8, 0x00,
    0x00, 0x02, 0xFF, 0xF0, 0x00, 0x00, 0x03, 0xFF, 0xE0, 0x00, 0x00, 0x00, 0x00, 0xAA, 0x40, 0x00,
    0x00, 0x00, 0x0B, 0xFF, 0xF4, 0x00, 0x00, 0x00, 0x3F, 0xFF, 0xFE, 0x00, 0x00, 0x00, 0xBF, 0xFF,
    0xFF, 0x00, 0x00, 0x00, 0xFF, 0xFF, 0xFF, 0x80, 0x00, 0x02, 0xFF, 0xC1, 0xFF, 0xC0, 0x00, 0x02,
    0xFF, 0x00, 0xBF, 0xC0, 0x00, 0x02, 0xFF, 0x00, 0xBF, 0xC0, 0x00, 0x02, 0xFF, 0x00, 0xFF, 0xC0,
    0x00, 0x02, 0xFF, 0xE2, 0xFF, 0xC0, 0x00, 0x00, 0xFF, 0xFF, 0xFF, 0x80, 0x00, 0x00, 0xFF, 0xFF,
    0xFF, 0x80, 0x00, 0x0B, 0xFF, 0xFF, 0xFF, 0xF0, 0x00, 0x2F, 0xFF, 0xFF, 0xFF, 0xFC, 0x00, 0x3F,
    0xFF, 0xA6, 0xFF, 0xFE, 0x00, 0xBF, 0xFC, 0x00, 0x2F, 0xFF, 0x00, 0xBF, 0xF0, 0x00, 0x0F, 0xFF,
    0x00, 0xBF, 0xF0, 0x00, 0x0B, 0xFF, 0x00, 0xBF, 0xF4, 0x00, 0x0F, 0xFF, 0x00, 0xBF, 0xFC, 0x00,
    0x2F, 0xFF, 0x00, 0x3F, 0xFF, 0xAA, 0xFF, 0xFE, 0x00, 0x2F, 0xFF, 0xFF, 0xFF, 0xFC, 0x00, 0x0B,
    0xFF, 0xFF, 0xFF, 0xF0, 0x00, 0x02, 0xFF, 0xFF, 0xFF, 0xC0, 0x00, 0x00, 0x2F, 0xFF, 0xF9, 0x00,
    0x00, 0x00, 0x00, 0x00, 0x00, 0x00, 0x00, 0x00, 0x02, 0xA8, 0x00, 0x00, 0x00, 0xBF, 0xFF, 0xD0,
    0x00, 0x02, 0xFF, 0xFF, 0xF8, 0x00, 0x0B, 0xFF, 0xFF, 0xFE, 0x00, 0x2F, 0xFF, 0xFF, 0xFF, 0x40,
    0x3F, 0xFE, 0xAF, 0xFF, 0xC0, 0x3F, 0xF4, 0x02, 0xFF, 0xC0, 0xBF, 0xE0, 0x00, 0xBF, 0xE0, 0xBF,
    0xD0, 0x00, 0xBF, 0xE0, 0xBF, 0xD0, 0x00, 0xBF, 0xE0, 0xBF, 0xE0, 0x00, 0xFF, 0xE0, 0x3F, 0xF4,
    0x02, 0xFF, 0xC0, 0x3F, 0xFE, 0x5B, 0xFF, 0xC0, 0x2F, 0xFF, 0xFF, 0xFF, 0x80, 0x0B, 0xFF, 0xFF,
    0xFF, 0x00, 0x02, 0xFF, 0xFF, 0xFE, 0x00, 0x00, 0xBF, 0xFF, 0xFC, 0x00, 0x00, 0x02, 0xFF, 0xF8,
    0x00, 0x00, 0x00, 0xBF, 0xF0, 0x00, 0x00, 0x00, 0xFF, 0xE0, 0x00, 0x00, 0x02, 0xFF, 0xC0, 0x00,
    0x00, 0x03, 0xFF, 0x80, 0x00, 0x00, 0x0B, 0xFF, 0x00, 0x00, 0x00, 0x0F, 0xFE, 0x00, 0x00, 0x00,
    0x3F, 0xFC, 0x00, 0x00, 0x02, 0x90, 0x00, 0x0F, 0xFC, 0x00, 0x3F, 0xFE, 0x00, 0x3F, 0xFF, 0x00,
    0x3F, 0xFF, 0x00, 0x3F, 0xFE, 0x00, 0x0F, 0xFC, 0x00, 0x01, 0x90, 0x00, 0x00, 0x00, 0x00, 0x00,
    0x00, 0x00, 0x00, 0x00, 0x00, 0x00, 0x00, 0x00, 0x02, 0xE0, 0x00, 0x1F, 0xFC, 0x00, 0x3F, 0xFE,
    0x00, 0x3F, 0xFF, 0x00, 0x3F, 0xFF, 0x00, 0x3F, 0xFE, 0x00, 0x0F, 0xF8, 0x00, 0x00, 0x00, 0x00,
    0x02, 0x90, 0x00, 0x0F, 0xFC, 0x00, 0x3F, 0xFE, 0x00, 0x3F, 0xFF, 0x00, 0x3F, 0xFF, 0x00, 0x3F,
    0xFE, 0x00, 0x0F, 0xFC, 0x00, 0x01, 0x90, 0x00, 0x00, 0x00, 0x00, 0x00, 0x00, 0x00, 0x00, 0x00,
    0x00, 0x00, 0x00, 0x00, 0x02, 0xE0, 0x00, 0x1F, 0xFC, 0x00, 0x3F, 0xFE, 0x00, 0x3F, 0xFF, 0x00,
    0x3F, 0xFF, 0x00, 0x3F, 0xFE, 0x00, 0x0F, 0xFC, 0x00, 0x03, 0xFC, 0x00, 0x03, 0xF8, 0x00, 0x0B,
    0xF0, 0x00, 0x0F, 0xE0, 0x00, 0x0F, 0xC0, 0x00, 0x00, 0x00, 0x00, 0x00, 0x00, 0x00, 0x00, 0x00,
    0x00, 0x00, 0x00, 0x02, 0xF0, 0x00, 0x00, 0x00, 0x2F, 0xF0, 0x00, 0x00, 0x03, 0xFF, 0xF0, 0x00,
    0x00, 0xBF, 0xFF, 0xF0, 0x00, 0x0B, 0xFF, 0xFF, 0xF0, 0x00, 0xFF, 0xFF, 0xFE, 0x00, 0x2F, 0xFF,
    0xFF, 0xE0, 0x00, 0xBF, 0xFF, 0xF8, 0x00, 0x00, 0xBF, 0xFE, 0x00, 0x00, 0x00, 0xBF, 0xFF, 0x80,
    0x00, 0x00, 0xBF, 0xFF, 0xFE, 0x00, 0x00, 0x0B, 0xFF, 0xFF, 0xE0, 0x00, 0x00, 0xBF, 0xFF, 0xFF,
    0x80, 0x00, 0x07, 0xFF, 0xFF, 0xF0, 0x00, 0x00, 0x2F, 0xFF, 0xF0, 0x00, 0x00, 0x02, 0xFF, 0xF0,
    0x00, 0x00, 0x00, 0x1F, 0xF0, 0x00, 0x00, 0x00, 0x00, 0xB0, 0x00, 0x00, 0x00, 0x00, 0x00, 0x00,
    0x00, 0x00, 0x00, 0x00, 0x3F, 0xFF, 0xFF, 0xFF, 0xFE, 0x3F, 0xFF, 0xFF, 0xFF, 0xFE, 0x3F, 0xFF,
    0xFF, 0xFF, 0xFE, 0x3F, 0xFF, 0xFF, 0xFF, 0xFE, 0x2A, 0xAA, 0xAA, 0xAA, 0xA8, 0x00, 0x00, 0x00,
    0x00, 0x00, 0x00, 0x00, 0x00, 0x00, 0x00, 0x3F, 0xFF, 0xFF, 0xFF, 0xFE, 0x3F, 0xFF, 0xFF, 0xFF,
    0xFE, 0x3F, 0xFF, 0xFF, 0xFF, 0xFE, 0x3F, 0xFF, 0xFF, 0xFF, 0xFE, 0x2A, 0xAA, 0xAA, 0xAA, 0xA8,
    0x00, 0x00, 0x00, 0x00, 0x00, 0xBC, 0x00, 0x00, 0x00, 0x00, 0xBF, 0xE0, 0x00, 0x00, 0x00, 0xBF,
    0xFE, 0x00, 0x00, 0x00, 0xBF, 0xFF, 0xF0, 0x00, 0x00, 0xBF, 0xFF, 0xFF, 0x80, 0x00, 0x0B, 0xFF,
    0xFF, 0xF8, 0x00, 0x00, 0x2F, 0xFF, 0xFF, 0xC0, 0x00, 0x00, 0xBF, 0xFF, 0xF0, 0x00, 0x00, 0x07,
    0xFF, 0xF0, 0x00, 0x00, 0x0B, 0xFF, 0xF0, 0x00, 0x02, 0xFF, 0xFF, 0xF0, 0x00, 0xBF, 0xFF, 0xFF,
    0x80, 0x0B, 0xFF, 0xFF, 0xF4, 0x00, 0xBF, 0xFF, 0xFE, 0x00, 0x00, 0xBF, 0xFF, 0xE0, 0x00, 0x00,
    0xBF, 0xFD, 0x00, 0x00, 0x00, 0xBF, 0x80, 0x00, 0x00, 0x00, 0xB8, 0x00, 0x00, 0x00, 0x00, 0x00,
    0x00, 0x00, 0x00, 0x00, 0x00, 0x02, 0xAA, 0x80, 0x00, 0x00, 0xBF, 0xFF, 0xFE, 0x00, 0x07, 0xFF,
    0xFF, 0xFF, 0xE0, 0x1F, 0xFF, 0xFF, 0xFF, 0xF8, 0x3F, 0xFF, 0xFF, 0xFF, 0xFC, 0xBF, 0xFD, 0x00,
    0xBF, 0xFC, 0x0B, 0xF0, 0x00, 0x2F, 0xFC, 0x00, 0x00, 0x00, 0x2F, 0xFC, 0x00, 0x00, 0x00, 0xFF,
    0xFC, 0x00, 0x00, 0x0B, 0xFF, 0xF8, 0x00, 0x00, 0xBF, 0xFF, 0xF0, 0x00, 0x03, 0xFF, 0xFF, 0x80,
    0x00, 0x0B, 0xFF, 0xF8, 0x00, 0x00, 0x0F, 0xFF, 0xC0, 0x00, 0x00, 0x0F, 0xFF, 0x00, 0x00, 0x00,
    0x1F, 0xFE, 0x00, 0x00, 0x00, 0x00, 0x00, 0x00, 0x00, 0x00, 0x00, 0x00, 0x00, 0x00, 0x00, 0x02,
    0xE0, 0x00, 0x00, 0x00, 0x0F, 0xFC, 0x00, 0x00, 0x00, 0x3F, 0xFF, 0x00, 0x00, 0x00, 0x3F, 0xFF,
    0x00, 0x00, 0x00, 0x3F, 0xFF, 0x00, 0x00, 0x00, 0x2F, 0xFE, 0x00, 0x00, 0x00, 0x0B, 0xF8, 0x00,
    0x00, 0x00, 0x00, 0x00, 0x00, 0x00, 0x00, 0x00, 0x0A, 0xA9, 0x00, 0x00, 0x00, 0x00, 0x02, 0xFF,
    0xFF, 0xF0, 0x00, 0x00, 0x00, 0x2F, 0xFF, 0xFF, 0xFF, 0x00, 0x00, 0x00, 0xBF, 0xE0, 0x02, 0xFF,
    0xC0, 0x00, 0x02, 0xFE, 0x00, 0x00, 0x0F, 0xF0, 0x00, 0x0B, 0xF0, 0x00, 0x00, 0x03, 0xFC, 0x00,
    0x0F, 0xC0, 0x0A, 0xFE, 0x80, 0xFE, 0x00, 0x2F, 0x80, 0xBF, 0xFF, 0xE0, 0x3F, 0x00, 0x3F, 0x02,
    0xFF, 0xFF, 0xE0, 0x3F, 0x00, 0x3E, 0x03, 0xFF, 0xAF, 0xE0, 0x1F, 0x80, 0xBC, 0x0B, 0xF8, 0x0F,
    0xE0, 0x0F, 0xC0, 0xBC, 0x0B, 0xF0, 0x0F, 0xE0, 0x0F, 0xC0, 0xFC, 0x0F, 0xF0, 0x0F, 0xE0, 0x0F,
    0xC0, 0xFC, 0x0F, 0xF0, 0x0F, 0xE0, 0x0F, 0xC0, 0xBC, 0x0F, 0xF0, 0x2F, 0xE0, 0x2F, 0x80, 0xBC,
    0x0B, 0xFC, 0xBF, 0xF0, 0x3F, 0x00, 0x3E, 0x03, 0xFF, 0xFF, 0xFF, 0xFF, 0x00, 0x3F, 0x02, 0xFF,
    0xFE, 0xFF, 0xFC, 0x00, 0x2F, 0x80, 0xBF, 0xF0, 0xBF, 0xF0, 0x00, 0x0F, 0xE0, 0x00, 0x00, 0x01,
    0x00, 0x00, 0x03, 0xF8, 0x00, 0x00, 0x00, 0x00, 0x00, 0x01, 0xFF, 0x00, 0x00, 0x10, 0x00, 0x00,
    0x00, 0x3F, 0xFA, 0x6B, 0xE0, 0x00, 0x00, 0x00, 0x0B, 0xFF, 0xFF, 0xE0, 0x00, 0x00, 0x00, 0x00,
    0xBF, 0xFF, 0x80, 0x00, 0x00, 0x00, 0x00, 0x00, 0x00, 0x00, 0x00, 0x00, 0x00, 0x00, 0x00, 0x00,
    0x00, 0x00, 0x00, 0x00, 0x00, 0x3F, 0xFF, 0x00, 0x00, 0x00, 0x00, 0x00, 0xBF, 0xFF, 0x00, 0x00,
    0x00, 0x00, 0x00, 0xFF, 0xFF, 0x80, 0x00, 0x00, 0x00, 0x00, 0xFF, 0xFF, 0xC0, 0x00, 0x00, 0x00,
    0x02, 0xFF, 0xFF, 0xE0, 0x00, 0x00, 0x00, 0x03, 0xFF, 0xFF, 0xF0, 0x00, 0x00, 0x00, 0x07, 0xFF,
    0xFF, 0xF0, 0x00, 0x00, 0x00, 0x0F, 0xFF, 0x3F, 0xF8, 0x00, 0x00, 0x00, 0x0F, 0xFE, 0x3F, 0xFC,
    0x00, 0x00, 0x00, 0x2F, 0xFC, 0x2F, 0xFC, 0x00, 0x00, 0x00, 0x3F, 0xFC, 0x0F, 0xFE, 0x00, 0x00,
    0x00, 0x3F, 0xF8, 0x0F, 0xFF, 0x00, 0x00, 0x00, 0xBF, 0xF0, 0x0B, 0xFF, 0x80, 0x00, 0x00, 0xFF,
    0xF0, 0x03, 0xFF, 0xC0, 0x00, 0x01, 0xFF, 0xE0, 0x03, 0xFF, 0xC0, 0x00, 0x03, 0xFF, 0xFF, 0xFF,
    0xFF, 0xE0, 0x00, 0x03, 0xFF, 0xFF, 0xFF, 0xFF, 0xF0, 0x00, 0x0B, 0xFF, 0xFF, 0xFF, 0xFF, 0xF4,
    0x00, 0x0F, 0xFF, 0xFF, 0xFF, 0xFF, 0xFC, 0x00, 0x0F, 0xFF, 0xAA, 0xAA, 0xBF, 0xFC, 0x00, 0x2F,
    0xFE, 0x00, 0x00, 0x3F, 0xFE, 0x00, 0x3F, 0xFC, 0x00, 0x00, 0x2F, 0xFF, 0x00, 0xBF, 0xFC, 0x00,
    0x00, 0x0F, 0xFF, 0x00, 0xFF, 0xF8, 0x00, 0x00, 0x0F, 0xFF, 0x80, 0x00, 0x00, 0x00, 0x00, 0x00,
    0x00, 0xBF, 0xFF, 0xFF, 0xFF, 0x80, 0x00, 0xBF, 0xFF, 0xFF, 0xFF, 0xF4, 0x00, 0xBF, 0xFF, 0xFF,
    0xFF, 0xFC, 0x00, 0xBF, 0xFF, 0xFF, 0xFF, 0xFF, 0x00, 0xBF, 0xFA, 0xAA, 0xFF, 0xFF, 0x00, 0xBF,
    0xF0, 0x00, 0x0F, 0xFF, 0x00, 0xBF, 0xF0, 0x00, 0x0F, 0xFF, 0x00, 0xBF, 0xF0, 0x00, 0x0F, 0xFF,
    0x00, 0xBF, 0xF0, 0x00, 0x2F, 0xFF, 0x00, 0xBF, 0xFF, 0xFF, 0xFF, 0xFC, 0x00, 0xBF, 0xFF, 0xFF,
    0xFF, 0xF4, 0x00, 0xBF, 0xFF, 0xFF, 0xFF, 0xF8, 0x00, 0xBF, 0xFF, 0xFF, 0xFF, 0xFF, 0x00, 0xBF,
    0xFF, 0xFF, 0xFF, 0xFF, 0x80, 0xBF, 0xF0, 0x00, 0x0F, 0xFF, 0xC0, 0xBF, 0xF0, 0x00, 0x03, 0xFF,
    0xC0, 0xBF, 0xF0, 0x00, 0x03, 0xFF, 0xC0, 0xBF, 0xF0, 0x00, 0x03, 0xFF, 0xC0, 0xBF, 0xF0, 0x00,
    0x1F, 0xFF, 0xC0, 0xBF, 0xFF, 0xFF, 0xFF, 0xFF, 0x80, 0xBF, 0xFF, 0xFF, 0xFF, 0xFF, 0x00, 0xBF,
    0xFF, 0xFF, 0xFF, 0xFE, 0x00, 0xBF, 0xFF, 0xFF, 0xFF, 0xF0, 0x00, 0xBF, 0xFF, 0xFF, 0xFA, 0x00,
    0x00, 0x00, 0x00, 0x1A, 0xA8, 0x00, 0x00, 0x00, 0x07, 0xFF, 0xFF, 0xE0, 0x00, 0x00, 0x3F, 0xFF,
    0xFF, 0xFD, 0x00, 0x00, 0xFF, 0xFF, 0xFF, 0xFF, 0x80, 0x03, 0xFF, 0xFF, 0xFF, 0xFF, 0xD0, 0x0F,
    0xFF, 0xF8, 0x0B, 0xFF, 0xF0, 0x2F, 0xFF, 0xC0, 0x00, 0xFF, 0x90, 0x3F, 0xFF, 0x00, 0x00, 0x38,
    0x00, 0x3F, 0xFC, 0x00, 0x00, 0x00, 0x00, 0xBF, 0xFC, 0x00, 0x00, 0x00, 0x00, 0xBF, 0xF8, 0x00,
    0x00, 0x00, 0x00, 0xBF, 0xF8, 0x00, 0x00, 0x00, 0x00, 0xFF, 0xF4, 0x00, 0x00, 0x00, 0x00, 0xFF,
    0xF4, 0x00, 0x00, 0x00, 0x00, 0xBF, 0xF8, 0x00, 0x00, 0x00, 0x00, 0xBF, 0xF8, 0x00, 0x00, 0x00,
    0x00, 0xBF, 0xFC, 0x00, 0x00, 0x00, 0x00, 0x3F, 0xFE, 0x00, 0x00, 0x00, 0x00, 0x3F, 0xFF, 0x00,
    0x00, 0x3E, 0x00, 0x1F, 0xFF, 0xC0, 0x00, 0xFF, 0xE0, 0x0B, 0xFF, 0xFE, 0xAF, 0xFF, 0xF0, 0x03,
    0xFF, 0xFF, 0xFF, 0xFF, 0xC0, 0x00, 0xFF, 0xFF, 0xFF, 0xFF, 0x00, 0x00, 0x2F, 0xFF, 0xFF, 0xFC,
    0x00, 0x00, 0x02, 0xFF, 0xFF, 0x80, 0x00, 0x00, 0x00, 0x00, 0x00, 0x00, 0x00, 0x00, 0x00, 0x00,
    0x00, 0x00, 0x00, 0xBF, 0xFF, 0xFF, 0xF8, 0x00, 0x00, 0xBF, 0xFF, 0xFF, 0xFF, 0xC0, 0x00, 0xBF,
    0xFF, 0xFF, 0xFF, 0xF8, 0x00, 0xBF, 0xFF, 0xFF, 0xFF, 0xFF, 0x00, 0xBF, 0xFE, 0xAF, 0xFF, 0xFF,
    0x80, 0xBF, 0xF0, 0x00, 0x2F, 0xFF, 0xC0, 0xBF, 0xF0, 0x00, 0x03, 0xFF, 0xE0, 0xBF, 0xF0, 0x00,
    0x02, 0xFF, 0xF0, 0xBF, 0xF0, 0x00, 0x00, 0xFF, 0xF0, 0xBF, 0xF0, 0x00, 0x00, 0xFF, 0xF0, 0xBF,
    0xF0, 0x00, 0x00, 0xBF, 0xF4, 0xBF, 0xF0, 0x00, 0x00, 0xBF, 0xF8, 0xBF, 0xF0, 0x00, 0x00, 0xBF,
    0xF8, 0xBF, 0xF0, 0x00, 0x00, 0xBF, 0xF4, 0xBF, 0xF0, 0x00, 0x00, 0xFF, 0xF0, 0xBF, 0xF0, 0x00,
    0x00, 0xFF, 0xF0, 0xBF, 0xF0, 0x00, 0x03, 0xFF, 0xF0, 0xBF, 0xF0, 0x00, 0x0B, 0xFF, 0xE0, 0xBF,
    0xF4, 0x00, 0xBF, 0xFF, 0xC0, 0xBF, 0xFF, 0xFF, 0xFF, 0xFF, 0x00, 0xBF, 0xFF, 0xFF, 0xFF, 0xFE,
    0x00, 0xBF, 0xFF, 0xFF, 0xFF, 0xF0, 0x00, 0xBF, 0xFF, 0xFF, 0xFF, 0x80, 0x00, 0xBF, 0xFF, 0xFF,
    0xA0, 0x00, 0x00, 0x00, 0x00, 0x00, 0x00, 0x00, 0xBF, 0xFF, 0xFF, 0xFF, 0xFC, 0xBF, 0xFF, 0xFF,
    0xFF, 0xFC, 0xBF, 0xFF, 0xFF, 0xFF, 0xFC, 0xBF, 0xFF, 0xFF, 0xFF, 0xFC, 0xBF, 0xFF, 0xFF, 0xFF,
    0xFC, 0xBF, 0xF0, 0x00, 0x00, 0x00, 0xBF, 0xF0, 0x00, 0x00, 0x00, 0xBF, 0xF0, 0x00, 0x00, 0x00,
    0xBF, 0xF8, 0x00, 0x00, 0x00, 0xBF, 0xFF, 0xFF, 0xF0, 0x00, 0xBF, 0xFF, 0xFF, 0xF0, 0x00, 0xBF,
    0xFF, 0xFF, 0xF0, 0x00, 0xBF, 0xFF, 0xFF, 0xF0, 0x00, 0xBF, 0xFF, 0xFF, 0xF0, 0x00, 0xBF, 0xF4,
    0x00, 0x00, 0x00, 0xBF, 0xF0, 0x00, 0x00, 0x00, 0xBF, 0xF0, 0x00, 0x00, 0x00, 0xBF, 0xF0, 0x00,
    0x00, 0x00, 0xBF, 0xF8, 0x00, 0x00, 0x00, 0xBF, 0xFF, 0xFF, 0xFF, 0xFC, 0xBF, 0xFF, 0xFF, 0xFF,
    0xFC, 0xBF, 0xFF, 0xFF, 0xFF, 0xFC, 0xBF, 0xFF, 0xFF, 0xFF, 0xFC, 0xBF, 0xFF, 0xFF, 0xFF, 0xFC,
    0x00, 0x00, 0x00, 0x00, 0x00, 0xBF, 0xFF, 0xFF, 0xFF, 0xF0, 0xBF, 0xFF, 0xFF, 0xFF, 0xF0, 0xBF,
    0xFF, 0xFF, 0xFF, 0xF0, 0xBF, 0xFF, 0xFF, 0xFF, 0xF0, 0xBF, 0xFF, 0xFF, 0xFF, 0xF0, 0xBF, 0xF0,
    0x00, 0x00, 0x00, 0xBF, 0xF0, 0x00, 0x00, 0x00, 0xBF, 0xF0, 0x00, 0x00, 0x00, 0xBF, 0xF8, 0x00,
    0x00, 0x00, 0xBF, 0xFF, 0xFF, 0xFF, 0xF0, 0xBF, 0xFF, 0xFF, 0xFF, 0xF0, 0xBF, 0xFF, 0xFF, 0xFF,
    0xF0, 0xBF, 0xFF, 0xFF, 0xFF, 0xF0, 0xBF, 0xFF, 0xFF, 0xFF, 0xF0, 0xBF, 0xF4, 0x00, 0x00, 0x00,
    0xBF, 0xF0, 0x00, 0x00, 0x00, 0xBF, 0xF0, 0x00, 0x00, 0x00, 0xBF, 0xF0, 0x00, 0x00, 0x00, 0xBF,
    0xF0, 0x00, 0x00, 0x00, 0xBF, 0xF0, 0x00, 0x00, 0x00, 0xBF, 0xF0, 0x00, 0x00, 0x00, 0xBF, 0xF0,
    0x00, 0x00, 0x00, 0xBF, 0xF0, 0x00, 0x00, 0x00, 0xBF, 0xF0, 0x00, 0x00, 0x00, 0x00, 0x00, 0x1A,
    0xA9, 0x00, 0x00, 0x00, 0x07, 0xFF, 0xFF, 0xE0, 0x00, 0x00, 0x3F, 0xFF, 0xFF, 0xFE, 0x00, 0x00,
    0xFF, 0xFF, 0xFF, 0xFF, 0xC0, 0x03, 0xFF, 0xFF, 0xFF, 0xFF, 0xE0, 0x0F, 0xFF, 0xF8, 0x0B, 0xFF,
    0xF0, 0x2F, 0xFF, 0xC0, 0x00, 0xBE, 0x00, 0x3F, 0xFF, 0x00, 0x00, 0x00, 0x00, 0x3F, 0xFC, 0x00,
    0x00, 0x00, 0x00, 0xBF, 0xFC, 0x00, 0x00, 0x00, 0x00, 0xBF, 0xF8, 0x00, 0x00, 0x00, 0x00, 0xBF,
    0xF8, 0x00, 0xBF, 0xFF, 0xFE, 0xFF, 0xF4, 0x00, 0xBF, 0xFF, 0xFE, 0xFF, 0xF4, 0x00, 0xBF, 0xFF,
    0xFE, 0xBF, 0xF8, 0x00, 0xBF, 0xFF, 0xFE, 0xBF, 0xF8, 0x00, 0xBF, 0xFF, 0xFE, 0xBF, 0xFC, 0x00,
    0x00, 0x0F, 0xFE, 0x3F, 0xFE, 0x00, 0x00, 0x0F, 0xFE, 0x3F, 0xFF, 0x00, 0x00, 0x3F, 0xFE, 0x1F,
    0xFF, 0xC0, 0x00, 0xBF, 0xFE, 0x0F, 0xFF, 0xFE, 0xAF, 0xFF, 0xFE, 0x03, 0xFF, 0xFF, 0xFF, 0xFF,
    0xFE, 0x00, 0xFF, 0xFF, 0xFF, 0xFF, 0xFE, 0x00, 0x3F, 0xFF, 0xFF, 0xF2, 0xFE, 0x00, 0x02, 0xFF,
    0xFF, 0x41, 0xFE, 0x00, 0x00, 0x00, 0x00, 0x00, 0x00, 0x00, 0x00, 0x00, 0x00, 0x00, 0x00, 0xBF,
    0xF0, 0x00, 0x00, 0xFF, 0xF0, 0xBF, 0xF0, 0x00, 0x00, 0xFF, 0xF0, 0xBF, 0xF0, 0x00, 0x00, 0xFF,
    0xF0, 0xBF, 0xF0, 0x00, 0x00, 0xFF, 0xF0, 0xBF, 0xF0, 0x00, 0x00, 0xFF, 0xF0, 0xBF, 0xF0, 0x00,
    0x00, 0xFF, 0xF0, 0xBF, 0xF0, 0x00, 0x00, 0xFF, 0xF0, 0xBF, 0xF0, 0x00, 0x00, 0xFF, 0xF0, 0xBF,
    0xF8, 0x00, 0x00, 0xFF, 0xF0, 0xBF, 0xFF, 0xFF, 0xFF, 0xFF, 0xF0, 0xBF, 0xFF, 0xFF, 0xFF, 0xFF,
    0xF0, 0xBF, 0xFF, 0xFF, 0xFF, 0xFF, 0xF0, 0xBF, 0xFF, 0xFF, 0xFF, 0xFF, 0xF0, 0xBF, 0xFF, 0xFF,
    0xFF, 0xFF, 0xF0, 0xBF, 0xF4, 0x00, 0x00, 0xFF, 0xF0, 0xBF, 0xF0, 0x00, 0x00, 0xFF, 0xF0, 0xBF,
    0xF0, 0x00, 0x00, 0xFF, 0xF0, 0xBF, 0xF0, 0x00, 0x00, 0xFF, 0xF0, 0xBF, 0xF0, 0x00, 0x00, 0xFF,
    0xF0, 0xBF, 0xF0, 0x00, 0x00, 0xFF, 0xF0, 0xBF, 0xF0, 0x00, 0x00, 0xFF, 0xF0, 0xBF, 0xF0, 0x00,
    0x00, 0xFF, 0xF0, 0xBF, 0xF0, 0x00, 0x00, 0xFF, 0xF0, 0xBF, 0xF0, 0x00, 0x00, 0xFF, 0xF0, 0x00,
    0x00, 0x00, 0x00, 0x3F, 0xFF, 0xFF, 0xE0, 0x3F, 0xFF, 0xFF, 0xE0, 0x3F, 0xFF, 0xFF, 0xE0, 0x3F,
    0xFF, 0xFF, 0xE0, 0x00, 0xFF, 0xF8, 0x00, 0x00, 0xBF, 0xF0, 0x00, 0x00, 0xBF, 0xF0, 0x00, 0x00,
    0xBF, 0xF0, 0x00, 0x00, 0xBF, 0xF0, 0x00, 0x00, 0xBF, 0xF0, 0x00, 0x00, 0xBF, 0xF0, 0x00, 0x00,
    0xBF, 0xF0, 0x00, 0x00, 0xBF, 0xF0, 0x00, 0x00, 0xBF, 0xF0, 0x00, 0x00, 0xBF, 0xF0, 0x00, 0x00,
    0xBF, 0xF0, 0x00, 0x00, 0xBF, 0xF0, 0x00, 0x00, 0xBF, 0xF0, 0x00, 0x00, 0xBF, 0xF0, 0x00, 0x2A,
    0xFF, 0xFE, 0x80, 0x3F, 0xFF, 0xFF, 0xE0, 0x3F, 0xFF, 0xFF, 0xE0, 0x3F, 0xFF, 0xFF, 0xE0, 0x3F,
    0xFF, 0xFF, 0xE0, 0x00, 0x00, 0x00, 0x00, 0x00, 0x00, 0x00, 0x00, 0x3F, 0xF8, 0x00, 0x00, 0x00,
    0x3F, 0xF8, 0x00, 0x00, 0x00, 0x3F, 0xF8, 0x00, 0x00, 0x00, 0x3F, 0xF8, 0x00, 0x00, 0x00, 0x3F,
    0xF8, 0x00, 0x00, 0x00, 0x3F, 0xF8, 0x00, 0x00, 0x00, 0x3F, 0xF8, 0x00, 0x00, 0x00, 0x3F, 0xF8,
    0x00, 0x00, 0x00, 0x3F, 0xF8, 0x00, 0x00, 0x00, 0x3F, 0xF8, 0x00, 0x00, 0x00, 0x3F, 0xF8, 0x00,
    0x00, 0x00, 0x3F, 0xF8, 0x00, 0x00, 0x00, 0x3F, 0xF8, 0x00, 0x00, 0x00, 0x3F, 0xF8, 0x00, 0x00,
    0x00, 0x3F, 0xF8, 0x00, 0x00, 0x00, 0x3F, 0xF8, 0x07, 0xF0, 0x00, 0x3F, 0xF8, 0xBF, 0xF0, 0x00,
    0xBF, 0xF4, 0xBF, 0xFC, 0x00, 0xFF, 0xF0, 0x3F, 0xFF, 0x9B, 0xFF, 0xE0, 0x2F, 0xFF, 0xFF, 0xFF,
    0xC0, 0x0F, 0xFF, 0xFF, 0xFF, 0x80, 0x03, 0xFF, 0xFF, 0xFE, 0x00, 0x00, 0x7F, 0xFF, 0xE0, 0x00,
    0x00, 0x00, 0x00, 0x00, 0x00, 0x00, 0x00, 0x00, 0x00, 0x00, 0x00, 0xBF, 0xF0, 0x00, 0x0F, 0xFF,
    0xE0, 0xBF, 0xF0, 0x00, 0x3F, 0xFF, 0x80, 0xBF, 0xF0, 0x00, 0xBF, 0xFE, 0x00, 0xBF, 0xF0, 0x02,
    0xFF, 0xF8, 0x00, 0xBF, 0xF0, 0x0B, 0xFF, 0xE0, 0x00, 0xBF, 0xF0, 0x2F, 0xFF, 0xC0, 0x00, 0xBF,
    0xF0, 0x3F, 0xFF, 0x00, 0x00, 0xBF, 0xF0, 0xFF, 0xFC, 0x00, 0x00, 0xBF, 0xFB, 0xFF, 0xF0, 0x00,
    0x00, 0xBF, 0xFF, 0xFF, 0xC0, 0x00, 0x00, 0xBF, 0xFF, 0xFF, 0xC0, 0x00, 0x00, 0xBF, 0xFF, 0xFF,
    0xE0, 0x00, 0x00, 0xBF, 0xFF, 0xFF, 0xF0, 0x00, 0x00, 0xBF, 0xFF, 0xFF, 0xFC, 0x00, 0x00, 0xBF,
    0xFF, 0xBF, 0xFE, 0x00, 0x00, 0xBF, 0xFE, 0x1F, 0xFF, 0x80, 0x00, 0xBF, 0xF8, 0x0B, 0xFF, 0xC0,
    0x00, 0xBF, 0xF0, 0x03, 0xFF, 0xF0, 0x00, 0xBF, 0xF0, 0x00, 0xFF, 0xF8, 0x00, 0xBF, 0xF0, 0x00,
    0xBF, 0xFD, 0x00, 0xBF, 0xF0, 0x00, 0x3F, 0xFF, 0x00, 0xBF, 0xF0, 0x00, 0x0F, 0xFF, 0xC0, 0xBF,
    0xF0, 0x00, 0x07, 0xFF, 0xE0, 0xBF, 0xF0, 0x00, 0x02, 0xFF, 0xF0, 0x00, 0x00, 0x00, 0x00, 0x00,
    0xBF, 0xF0, 0x00, 0x00, 0x00, 0xBF, 0xF0, 0x00, 0x00, 0x00, 0xBF, 0xF0, 0x00, 0x00, 0x00, 0xBF,
    0xF0, 0x00, 0x00, 0x00, 0xBF, 0xF0, 0x00, 0x00, 0x00, 0xBF, 0xF0, 0x00, 0x00, 0x00, 0xBF, 0xF0,
    0x00, 0x00, 0x00, 0xBF, 0xF0, 0x00, 0x00, 0x00, 0xBF, 0xF0, 0x00, 0x00, 0x00, 0xBF, 0xF0, 0x00,
    0x00, 0x00, 0xBF, 0xF0, 0x00, 0x00, 0x00, 0xBF, 0xF0, 0x00, 0x00, 0x00, 0xBF, 0xF0, 0x00, 0x00,
    0x00, 0xBF, 0xF0, 0x00, 0x00, 0x00, 0xBF, 0xF0, 0x00, 0x00, 0x00, 0xBF, 0xF0, 0x00, 0x00, 0x00,
    0xBF, 0xF0, 0x00, 0x00, 0x00, 0xBF, 0xF0, 0x00, 0x00, 0x00, 0xBF, 0xF8, 0x00, 0x00, 0x00, 0xBF,
    0xFF, 0xFF, 0xFF, 0xF0, 0xBF, 0xFF, 0xFF, 0xFF, 0xF0, 0xBF, 0xFF, 0xFF, 0xFF, 0xF0, 0xBF, 0xFF,
    0xFF, 0xFF, 0xF0, 0xBF, 0xFF, 0xFF, 0xFF, 0xF0, 0x00, 0x00, 0x00, 0x00, 0x00, 0x00, 0x00, 0xBF,
    0xFF, 0xE0, 0x00, 0x03, 0xFF, 0xFF, 0xBF, 0xFF, 0xE0, 0x00, 0x07, 0xFF, 0xFF, 0xBF, 0xFF, 0xF0,
    0x00, 0x0B, 0xFF, 0xFF, 0xBF, 0xFF, 0xF0, 0x00, 0x0F, 0xFF, 0xFF, 0xBF, 0xFF, 0xF8, 0x00, 0x0F,
    0xFF, 0xFF, 0xBF, 0xFF, 0xFC, 0x00, 0x2F, 0xFF, 0xFF, 0xBF, 0xFF, 0xFC, 0x00, 0x3F, 0xFF, 0xFF,
    0xBF, 0xFB, 0xFE, 0x00, 0x3F, 0xEF, 0xFF, 0xBF, 0xF3, 0xFF, 0x00, 0xBF, 0xCF, 0xFF, 0xBF, 0xF2,
    0xFF, 0x00, 0xFF, 0xCF, 0xFF, 0xBF, 0xF0, 0xFF, 0x00, 0xFF, 0x8F, 0xFF, 0xBF, 0xF0, 0xFF, 0x81,
    0xFF, 0x0F, 0xFF, 0xBF, 0xF0, 0xFF, 0xC2, 0xFF, 0x0F, 0xFF, 0xBF, 0xF0, 0xBF, 0xC3, 0xFE, 0x0F,
    0xFF, 0xBF, 0xF0, 0x3F, 0xE3, 0xFD, 0x0F, 0xFF, 0xBF, 0xF0, 0x3F, 0xFB, 0xFC, 0x0F, 0xFF, 0xBF,
    0xF0, 0x2F, 0xFF, 0xFC, 0x0F, 0xFF, 0xBF, 0xF0, 0x0F, 0xFF, 0xF8, 0x0F, 0xFF, 0xBF, 0xF0, 0x0F,
    0xFF, 0xF0, 0x0F, 0xFF, 0xBF, 0xF0, 0x0B, 0xFF, 0xF0, 0x0F, 0xFF, 0xBF, 0xF0, 0x03, 0xFF, 0xE0,
    0x0F, 0xFF, 0xBF, 0xF0, 0x03, 0xFF, 0xC0, 0x0F, 0xFF, 0xBF, 0xF0, 0x02, 0xFF, 0xC0, 0x0F, 0xFF,
    0xBF, 0xF0, 0x02, 0xFF, 0x80, 0x0F, 0xFF, 0x00, 0x00, 0x00, 0x00, 0x00, 0x00, 0xBF, 0xFF, 0x00,
    0x00, 0x3F, 0xF8, 0xBF, 0xFF, 0xC0, 0x00, 0x3F, 0xF8, 0xBF, 0xFF, 0xE0, 0x00, 0x3F, 0xF8, 0xBF,
    0xFF, 0xF0, 0x00, 0x3F, 0xF8, 0xBF, 0xFF, 0xF8, 0x00, 0x3F, 0xF8, 0xBF, 0xFF, 0xFC, 0x00, 0x3F,
    0xF8, 0xBF, 0xFF, 0xFE, 0x00, 0x3F, 0xF8, 0xBF, 0xFF, 0xFF, 0x00, 0x3F, 0xF8, 0xBF, 0xF3, 0xFF,
    0x80, 0x3F, 0xF8, 0xBF, 0xF2, 0xFF, 0xC0, 0x3F, 0xF8, 0xBF, 0xF0, 0xFF, 0xF0, 0x3F, 0xF8, 0xBF,
    0xF0, 0xBF, 0xF0, 0x3F, 0xF8, 0xBF, 0xF0, 0x3F, 0xFC, 0x3F, 0xF8, 0xBF, 0xF0, 0x1F, 0xFD, 0x3F,
    0xF8, 0xBF, 0xF0, 0x0F, 0xFF, 0x3F, 0xF8, 0xBF, 0xF0, 0x03, 0xFF, 0xBF, 0xF8, 0xBF, 0xF0, 0x03,
    0xFF, 0xFF, 0xF8, 0xBF, 0xF0, 0x00, 0xFF, 0xFF, 0xF8, 0xBF, 0xF0, 0x00, 0xBF, 0xFF, 0xF8, 0xBF,
    0xF0, 0x00, 0x3F, 0xFF, 0xF8, 0xBF, 0xF0, 0x00, 0x2F, 0xFF, 0xF8, 0xBF, 0xF0, 0x00, 0x0F, 0xFF,
    0xF8, 0xBF, 0xF0, 0x00, 0x0B, 0xFF, 0xF8, 0xBF, 0xF0, 0x00, 0x03, 0xFF, 0xF8, 0x00, 0x00, 0x0A,
    0xA9, 0x00, 0x00, 0x00, 0x00, 0x02, 0xFF, 0xFF, 0xF8, 0x00, 0x00, 0x00, 0x2F, 0xFF, 0xFF, 0xFF,
    0x00, 0x00, 0x00, 0xFF, 0xFF, 0xFF, 0xFF, 0xE0, 0x00, 0x03, 0xFF, 0xFF, 0xFF, 0xFF, 0xF8, 0x00,
    0x0B, 0xFF, 0xF8, 0x0B, 0xFF, 0xFC, 0x00, 0x1F, 0xFF, 0xC0, 0x00, 0xBF, 0xFF, 0x00, 0x3F, 0xFF,
    0x00, 0x00, 0x2F, 0xFF, 0x00, 0x3F, 0xFD, 0x00, 0x00, 0x0F, 0xFF, 0x80, 0xBF, 0xFC, 0x00, 0x00,
    0x0B, 0xFF, 0xC0, 0xBF, 0xF8, 0x00, 0x00, 0x03, 0xFF, 0xC0, 0xBF, 0xF8, 0x00, 0x00, 0x03, 0xFF,
    0xC0, 0xFF, 0xF4, 0x00, 0x00, 0x03, 0xFF, 0xC0, 0xFF, 0xF4, 0x00, 0x00, 0x03, 0xFF, 0xC0, 0xBF,
    0xF8, 0x00, 0x00, 0x03, 0xFF, 0xC0, 0xBF, 0xF8, 0x00, 0x00, 0x03, 0xFF, 0xC0, 0x7F, 0xFC, 0x00,
    0x00, 0x0B, 0xFF, 0xC0, 0x3F, 0xFE, 0x00, 0x00, 0x0F, 0xFF, 0x80, 0x2F, 0xFF, 0x00, 0x00, 0x3F,
    0xFF, 0x00, 0x0F, 0xFF, 0xE0, 0x00, 0xFF, 0xFE, 0x00, 0x0B, 0xFF, 0xFE, 0xAF, 0xFF, 0xFC, 0x00,
    0x02, 0xFF, 0xFF, 0xFF, 0xFF, 0xF0, 0x00, 0x00, 0xBF, 0xFF, 0xFF, 0xFF, 0xC0, 0x00, 0x00, 0x0F,
    0xFF, 0xFF, 0xFE, 0x00, 0x00, 0x00, 0x00, 0xBF, 0xFF, 0xE0, 0x00, 0x00, 0x00, 0x00, 0x00, 0x00,
    0x00, 0x00, 0x00, 0x00, 0x00, 0x00, 0x00, 0x00, 0x00, 0xBF, 0xFF, 0xFF, 0xFE, 0x00, 0x00, 0xBF,
    0xFF, 0xFF, 0xFF, 0xF0, 0x00, 0xBF, 0xFF, 0xFF, 0xFF, 0xFC, 0x00, 0xBF, 0xFF, 0xFF, 0xFF, 0xFF,
    0x00, 0xBF, 0xFE, 0xAB, 0xFF, 0xFF, 0x00, 0xBF, 0xF0, 0x00, 0x2F, 0xFF, 0x80, 0xBF, 0xF0, 0x00,
    0x0B, 0xFF, 0x80, 0xBF, 0xF0, 0x00, 0x07, 0xFF, 0xC0, 0xBF, 0xF0, 0x00, 0x0B, 0xFF, 0x80, 0xBF,
    0xF0, 0x00, 0x0F, 0xFF, 0x80, 0xBF, 0xF8, 0x06, 0xBF, 0xFF, 0x80, 0xBF, 0xFF, 0xFF, 0xFF, 0xFF,
    0x00, 0xBF, 0xFF, 0xFF, 0xFF, 0xFD, 0x00, 0xBF, 0xFF, 0xFF, 0xFF, 0xF8, 0x00, 0xBF, 0xFF, 0xFF,
    0xFF, 0x80, 0x00, 0xBF, 0xFA, 0xAA, 0x80, 0x00, 0x00, 0xBF, 0xF0, 0x00, 0x00, 0x00, 0x00, 0xBF,
    0xF0, 0x00, 0x00, 0x00, 0x00, 0xBF, 0xF0, 0x00, 0x00, 0x00, 0x00, 0xBF, 0xF0, 0x00, 0x00, 0x00,
    0x00, 0xBF, 0xF0, 0x00, 0x00, 0x00, 0x00, 0xBF, 0xF0, 0x00, 0x00, 0x00, 0x00, 0xBF, 0xF0, 0x00,
    0x00, 0x00, 0x00, 0xBF, 0xF0, 0x00, 0x00, 0x00, 0x00, 0x00, 0x00, 0x0A, 0xA9, 0x00, 0x00, 0x00,
    0x00, 0x02, 0xFF, 0xFF, 0xF8, 0x00, 0x00, 0x00, 0x2F, 0xFF, 0xFF, 0xFF, 0x00, 0x00, 0x00, 0xFF,
    0xFF, 0xFF, 0xFF, 0xE0, 0x00, 0x03, 0xFF, 0xFF, 0xFF, 0xFF, 0xF8, 0x00, 0x0B, 0xFF, 0xF8, 0x0B,
    0xFF, 0xFC, 0x00, 0x1F, 0xFF, 0xC0, 0x00, 0xBF, 0xFF, 0x00, 0x3F, 0xFF, 0x00, 0x00, 0x2F, 0xFF,
    0x00, 0x3F, 0xFD, 0x00, 0x00, 0x0F, 0xFF, 0x80, 0xBF, 0xFC, 0x00, 0x00, 0x0B, 0xFF, 0xC0, 0xBF,
    0xF8, 0x00, 0x00, 0x03, 0xFF, 0xC0, 0xBF, 0xF8, 0x00, 0x04, 0x03, 0xFF, 0xC0, 0xFF, 0xF4, 0x00,
    0x3E, 0x03, 0xFF, 0xC0, 0xFF, 0xF4, 0x00, 0xFF, 0x83, 0xFF, 0xC0, 0xBF, 0xF8, 0x03, 0xFF, 0xE3,
    0xFF, 0xC0, 0xBF, 0xF8, 0x00, 0xFF, 0xFF, 0xFF, 0xC0, 0x7F, 0xFC, 0x00, 0x3F, 0xFF, 0xFF, 0xC0,
    0x3F, 0xFE, 0x00, 0x0F, 0xFF, 0xFF, 0x80, 0x2F, 0xFF, 0x00, 0x03, 0xFF, 0xFF, 0x00, 0x0F, 0xFF,
    0xE0, 0x00, 0xFF, 0xFE, 0x00, 0x0B, 0xFF, 0xFE, 0xAF, 0xFF, 0xFF, 0x00, 0x02, 0xFF, 0xFF, 0xFF,
    0xFF, 0xFF, 0xC0, 0x00, 0xBF, 0xFF, 0xFF, 0xFF, 0xFF, 0xF0, 0x00, 0x0F, 0xFF, 0xFF, 0xFE, 0xBF,
    0xFC, 0x00, 0x00, 0xBF, 0xFF, 0xE0, 0x2F, 0xF8, 0x00, 0x00, 0x00, 0x00, 0x00, 0x0B, 0xE0, 0x00,
    0x00, 0x00, 0x00, 0x00, 0x02, 0x80, 0x00, 0x00, 0x00, 0x00, 0x00, 0x00, 0xBF, 0xFF, 0xFF, 0xFE,
    0x00, 0x00, 0xBF, 0xFF, 0xFF, 0xFF, 0xF0, 0x00, 0xBF, 0xFF, 0xFF, 0xFF, 0xFC, 0x00, 0xBF, 0xFF,
    0xFF, 0xFF, 0xFF, 0x00, 0xBF, 0xFE, 0xAB, 0xFF, 0xFF, 0x40, 0xBF, 0xF0, 0x00, 0x1F, 0xFF, 0x80,
    0xBF, 0xF0, 0x00, 0x0B, 0xFF, 0x80, 0xBF, 0xF0, 0x00, 0x0B, 0xFF, 0xC0, 0xBF, 0xF0, 0x00, 0x0B,
    0xFF, 0x80, 0xBF, 0xF8, 0x00, 0x7F, 0xFF, 0x80, 0xBF, 0xFF, 0xFF, 0xFF, 0xFF, 0x00, 0xBF, 0xFF,
    0xFF, 0xFF, 0xFE, 0x00, 0xBF, 0xFF, 0xFF, 0xFF, 0xF8, 0x00, 0xBF, 0xFF, 0xFF, 0xFF, 0x80, 0x00,
    0xBF, 0xFF, 0xFF, 0xFE, 0x00, 0x00, 0xBF, 0xF0, 0x3F, 0xFF, 0x00, 0x00, 0xBF, 0xF0, 0x0F, 0xFF,
    0xC0, 0x00, 0xBF, 0xF0, 0x07, 0xFF, 0xE0, 0x00, 0xBF, 0xF0, 0x02, 0xFF, 0xF0, 0x00, 0xBF, 0xF0,
    0x00, 0xFF, 0xFC, 0x00, 0xBF, 0xF0, 0x00, 0x3F, 0xFE, 0x00, 0xBF, 0xF0, 0x00, 0x2F, 0xFF, 0x40,
    0xBF, 0xF0, 0x00, 0x0F, 0xFF, 0xC0, 0xBF, 0xF0, 0x00, 0x03, 0xFF, 0xF0, 0x00, 0x00, 0xAA, 0xA0,
    0x00, 0x00, 0x00, 0x2F, 0xFF, 0xFF, 0x80, 0x00, 0x01, 0xFF, 0xFF, 0xFF, 0xF0, 0x00, 0x0B, 0xFF,
    0xFF, 0xFF, 0xFC, 0x00, 0x0F, 0xFF, 0xFF, 0xFF, 0xFF, 0x00, 0x2F, 0xFF, 0x80, 0x2F, 0xFF, 0x00,
    0x3F, 0xFC, 0x00, 0x0B, 0xF4, 0x00, 0x3F, 0xFC, 0x00, 0x02, 0x00, 0x00, 0x3F, 0xFE, 0x00, 0x00,
    0x00, 0x00, 0x3F, 0xFF, 0xE0, 0x00, 0x00, 0x00, 0x2F, 0xFF, 0xFF, 0xE0, 0x00, 0x00, 0x0F, 0xFF,
    0xFF, 0xFF, 0xC0, 0x00, 0x03, 0xFF, 0xFF, 0xFF, 0xFC, 0x00, 0x00, 0x7F, 0xFF, 0xFF, 0xFF, 0x00,
    0x00, 0x02, 0xBF, 0xFF, 0xFF, 0xC0, 0x00, 0x00, 0x00, 0xBF, 0xFF, 0xC0, 0x00, 0x00, 0x00, 0x0B,
    0xFF, 0xE0, 0x00, 0x20, 0x00, 0x02, 0xFF, 0xE0, 0x0B, 0xFC, 0x00, 0x02, 0xFF, 0xD0, 0x3F, 0xFE,
    0x00, 0x03, 0xFF, 0xC0, 0x2F, 0xFF, 0xEA, 0xAF, 0xFF, 0xC0, 0x0F, 0xFF, 0xFF, 0xFF, 0xFF, 0x00,
    0x03, 0xFF, 0xFF, 0xFF, 0xFC, 0x00, 0x00, 0xBF, 0xFF, 0xFF, 0xF0, 0x00, 0x00, 0x0B, 0xFF, 0xFE,
    0x00, 0x00, 0x00, 0x00, 0x00, 0x00, 0x00, 0x00, 0x00, 0x00, 0x00, 0x00, 0x00, 0x00, 0xBF, 0xFF,
    0xFF, 0xFF, 0xFF, 0xE0, 0xBF, 0xFF, 0xFF, 0xFF, 0xFF, 0xE0, 0xBF, 0xFF, 0xFF, 0xFF, 0xFF, 0xE0,
    0xBF, 0xFF, 0xFF, 0xFF, 0xFF, 0xE0, 0xBF, 0xFF, 0xFF, 0xFF, 0xFF, 0xE0, 0x00, 0x00, 0xFF, 0xF0,
    0x00, 0x00, 0x00, 0x00, 0xFF, 0xF0, 0x00, 0x00, 0x00, 0x00, 0xFF, 0xF0, 0x00, 0x00, 0x00, 0x00,
    0xFF, 0xF0, 0x00, 0x00, 0x00, 0x00, 0xFF, 0xF0, 0x00, 0x00, 0x00, 0x00, 0xFF, 0xF0, 0x00, 0x00,
    0x00, 0x00, 0xFF, 0xF0, 0x00, 0x00, 0x00, 0x00, 0xFF, 0xF0, 0x00, 0x00, 0x00, 0x00, 0xFF, 0xF0,
    0x00, 0x00, 0x00, 0x00, 0xFF, 0xF0, 0x00, 0x00, 0x00, 0x00, 0xFF, 0xF0, 0x00, 0x00, 0x00, 0x00,
    0xFF, 0xF0, 0x00, 0x00, 0x00, 0x00, 0xFF, 0xF0, 0x00, 0x00, 0x00, 0x00, 0xFF, 0xF0, 0x00, 0x00,
    0x00, 0x00, 0xFF, 0xF0, 0x00, 0x00, 0x00, 0x00, 0xFF, 0xF0, 0x00, 0x00, 0x00, 0x00, 0xFF, 0xF0,
    0x00, 0x00, 0x00, 0x00, 0xFF, 0xF0, 0x00, 0x00, 0x00, 0x00, 0xFF, 0xF0, 0x00, 0x00, 0x00, 0x00,
    0x00, 0x00, 0x00, 0x00, 0xBF, 0xF0, 0x00, 0x02, 0xFF, 0xC0, 0xBF, 0xF0, 0x00, 0x02, 0xFF, 0xC0,
    0xBF, 0xF0, 0x00, 0x02, 0xFF, 0xC0, 0xBF, 0xF0, 0x00, 0x02, 0xFF, 0xC0, 0xBF, 0xF0, 0x00, 0x02,
    0xFF, 0xC0, 0xBF, 0xF0, 0x00, 0x02, 0xFF, 0xC0, 0xBF, 0xF0, 0x00, 0x02, 0xFF, 0xC0, 0xBF, 0xF0,
    0x00, 0x02, 0xFF, 0xC0, 0xBF, 0xF0, 0x00, 0x02, 0xFF, 0xC0, 0xBF, 0xF0, 0x00, 0x02, 0xFF, 0xC0,
    0xBF, 0xF0, 0x00, 0x02, 0xFF, 0xC0, 0xBF, 0xF0, 0x00, 0x02, 0xFF, 0xC0, 0xBF, 0xF0, 0x00, 0x02,
    0xFF, 0xC0, 0xBF, 0xF0, 0x00, 0x02, 0xFF, 0xC0, 0xBF, 0xF4, 0x00, 0x02, 0xFF, 0xC0, 0x7F, 0xF8,
    0x00, 0x02, 0xFF, 0xC0, 0x3F, 0xF8, 0x00, 0x03, 0xFF, 0xC0, 0x3F, 0xFC, 0x00, 0x03, 0xFF, 0xC0,
    0x3F, 0xFE, 0x00, 0x0F, 0xFF, 0x80, 0x2F, 0xFF, 0xEA, 0xBF, 0xFF, 0x00, 0x0F, 0xFF, 0xFF, 0xFF,
    0xFF, 0x00, 0x03, 0xFF, 0xFF, 0xFF, 0xFC, 0x00, 0x00, 0xFF, 0xFF, 0xFF, 0xF0, 0x00, 0x00, 0x2F,
    0xFF, 0xFF, 0x40, 0x00, 0x00, 0x00, 0x00, 0x00, 0x00, 0x00, 0x00, 0x00, 0x00, 0x00, 0x00, 0x00,
    0xBF, 0xF8, 0x00, 0x00, 0x3F, 0xFC, 0x3F, 0xFC, 0x00, 0x00, 0x3F, 0xFC, 0x3F, 0xFC, 0x00, 0x00,
    0xBF, 0xF8, 0x2F, 0xFE, 0x00, 0x00, 0xFF, 0xF0, 0x0F, 0xFF, 0x00, 0x00, 0xFF, 0xF0, 0x0F, 0xFF,
    0x00, 0x02, 0xFF, 0xE0, 0x0B, 0xFF, 0x80, 0x03, 0xFF, 0xC0, 0x03, 0xFF, 0xC0, 0x03, 0xFF, 0xC0,
    0x03, 0xFF, 0xC0, 0x0B, 0xFF, 0x40, 0x02, 0xFF, 0xD0, 0x0F, 0xFF, 0x00, 0x00, 0xFF, 0xE0, 0x0F,
    0xFE, 0x00, 0x00, 0xFF, 0xF0, 0x2F, 0xFD, 0x00, 0x00, 0xBF, 0xF0, 0x3F, 0xFC, 0x00, 0x00, 0x3F,
    0xF8, 0x3F, 0xF8, 0x00, 0x00, 0x3F, 0xFC, 0x7F, 0xF4, 0x00, 0x00, 0x2F, 0xFC, 0xBF, 0xF0, 0x00,
    0x00, 0x0F, 0xFE, 0xFF, 0xE0, 0x00, 0x00, 0x0F, 0xFF, 0xFF, 0xD0, 0x00, 0x00, 0x0B, 0xFF, 0xFF,
    0xC0, 0x00, 0x00, 0x03, 0xFF, 0xFF, 0x80, 0x00, 0x00, 0x03, 0xFF, 0xFF, 0x00, 0x00, 0x00, 0x01,
    0xFF, 0xFF, 0x00, 0x00, 0x00, 0x00, 0xFF, 0xFE, 0x00, 0x00, 0x00, 0x00, 0xFF, 0xFC, 0x00, 0x00,
    0x00, 0x00, 0x00, 0x00, 0x00, 0x00, 0x00, 0x00, 0xBF, 0xF0, 0x00, 0x3F, 0xFC, 0x00, 0x2F, 0xFD,
    0x3F, 0xF8, 0x00, 0xBF, 0xFC, 0x00, 0x2F, 0xFC, 0x3F, 0xF8, 0x00, 0xFF, 0xFE, 0x00, 0x3F, 0xFC,
    0x3F, 0xFC, 0x00, 0xFF, 0xFE, 0x00, 0x3F, 0xF8, 0x2F, 0xFC, 0x00, 0xFF, 0xFF, 0x00, 0x3F, 0xF4,
    0x1F, 0xFC, 0x01, 0xFF, 0xFF, 0x00, 0xBF, 0xF0, 0x0F, 0xFE, 0x02, 0xFF, 0xFF, 0x40, 0xBF, 0xF0,
    0x0F, 0xFE, 0x03, 0xFF, 0xFF, 0x80, 0xFF, 0xE0, 0x0B, 0xFF, 0x03, 0xFE, 0xFF, 0xC0, 0xFF, 0xE0,
    0x07, 0xFF, 0x03, 0xFE, 0xBF, 0xC0, 0xFF, 0xC0, 0x03, 0xFF, 0x0B, 0xFC, 0xBF, 0xC2, 0xFF, 0xC0,
    0x03, 0xFF, 0x8B, 0xFC, 0x3F, 0xE2, 0xFF, 0x80, 0x02, 0xFF, 0x8F, 0xFC, 0x3F, 0xE3, 0xFF, 0x80,
    0x02, 0xFF, 0xCF, 0xF8, 0x3F, 0xF3, 0xFF, 0x00, 0x00, 0xFF, 0xEF, 0xF0, 0x2F, 0xFB, 0xFF, 0x00,
    0x00, 0xFF, 0xFF, 0xF0, 0x1F, 0xFF, 0xFF, 0x00, 0x00, 0xBF, 0xFF, 0xF0, 0x0F, 0xFF, 0xFE, 0x00,
    0x00, 0xBF, 0xFF, 0xE0, 0x0F, 0xFF, 0xFC, 0x00, 0x00, 0x3F, 0xFF, 0xE0, 0x0B, 0xFF, 0xFC, 0x00,
    0x00, 0x3F, 0xFF, 0xC0, 0x0B, 0xFF, 0xFC, 0x00, 0x00, 0x3F, 0xFF, 0xC0, 0x03, 0xFF, 0xF8, 0x00,
    0x00, 0x2F, 0xFF, 0xC0, 0x03, 0xFF, 0xF0, 0x00, 0x00, 0x0F, 0xFF, 0x80, 0x03, 0xFF, 0xF0, 0x00,
    0x00, 0x0F, 0xFF, 0x40, 0x02, 0xFF, 0xF0, 0x00, 0x00, 0x00, 0x00, 0x00, 0x00, 0x00, 0x00, 0x3F,
    0xFF, 0x00, 0x00, 0x3F, 0xFF, 0x00, 0x0F, 0xFF, 0xC0, 0x00, 0xFF, 0xFC, 0x00, 0x07, 0xFF, 0xE0,
    0x02, 0xFF, 0xF8, 0x00, 0x02, 0xFF, 0xF8, 0x03, 0xFF, 0xF0, 0x00, 0x00, 0xFF, 0xFC, 0x0F, 0xFF,
    0xC0, 0x00, 0x00, 0x3F, 0xFF, 0x2F, 0xFF, 0x40, 0x00, 0x00, 0x2F, 0xFF, 0xFF, 0xFE, 0x00, 0x00,
    0x00, 0x0F, 0xFF, 0xFF, 0xFC, 0x00, 0x00, 0x00, 0x03, 0xFF, 0xFF, 0xF0, 0x00, 0x00, 0x00, 0x01,
    0xFF, 0xFF, 0xE0, 0x00, 0x00, 0x00, 0x00, 0xBF, 0xFF, 0xC0, 0x00, 0x00, 0x00, 0x00, 0x3F, 0xFF,
    0x00, 0x00, 0x00, 0x00, 0x00, 0xBF, 0xFF, 0xC0, 0x00, 0x00, 0x00, 0x01, 0xFF, 0xFF, 0xE0, 0x00,
    0x00, 0x00, 0x03, 0xFF, 0xFF, 0xF0, 0x00, 0x00, 0x00, 0x0F, 0xFF, 0xFF, 0xFC, 0x00, 0x00, 0x00,
    0x2F, 0xFF, 0xFF, 0xFE, 0x00, 0x00, 0x00, 0x3F, 0xFF, 0x2F, 0xFF, 0x80, 0x00, 0x00, 0xFF, 0xFC,
    0x0F, 0xFF, 0xC0, 0x00, 0x02, 0xFF, 0xF8, 0x03, 0xFF, 0xF0, 0x00, 0x07, 0xFF, 0xE0, 0x02, 0xFF,
    0xF8, 0x00, 0x0F, 0xFF, 0xC0, 0x00, 0xFF, 0xFC, 0x00, 0x3F, 0xFF, 0x00, 0x00, 0x3F, 0xFF, 0x00,
    0xBF, 0xFE, 0x00, 0x00, 0x2F, 0xFF, 0x80, 0x00, 0x00, 0x00, 0x00, 0x00, 0x00, 0x00, 0x3F, 0xFE,
    0x00, 0x00, 0x3F, 0xFF, 0x00, 0x2F, 0xFF, 0x00, 0x00, 0x7F, 0xFE, 0x00, 0x0F, 0xFF, 0x80, 0x00,
    0xFF, 0xFC, 0x00, 0x0B, 0xFF, 0xC0, 0x02, 0xFF, 0xF0, 0x00, 0x03, 0xFF, 0xF0, 0x03, 0xFF, 0xE0,
    0x00, 0x00, 0xFF, 0xF8, 0x0B, 0xFF, 0xC0, 0x00, 0x00, 0xBF, 0xFC, 0x0F, 0xFF, 0x00, 0x00, 0x00,
    0x3F, 0xFE, 0x3F, 0xFE, 0x00, 0x00, 0x00, 0x0F, 0xFF, 0xBF, 0xFC, 0x00, 0x00, 0x00, 0x0B, 0xFF,
    0xFF, 0xF8, 0x00, 0x00, 0x00, 0x03, 0xFF, 0xFF, 0xF0, 0x00, 0x00, 0x00, 0x02, 0xFF, 0xFF, 0xC0,
    0x00, 0x00, 0x00, 0x00, 0xFF, 0xFF, 0x80, 0x00, 0x00, 0x00, 0x00, 0x3F, 0xFF, 0x00, 0x00, 0x00,
    0x00, 0x00, 0x2F, 0xFD, 0x00, 0x00, 0x00, 0x00, 0x00, 0x2F, 0xFC, 0x00, 0x00, 0x00, 0x00, 0x00,
    0x2F, 0xFC, 0x00, 0x00, 0x00, 0x00, 0x00, 0x2F, 0xFC, 0x00, 0x00, 0x00, 0x00, 0x00, 0x2F, 0xFC,
    0x00, 0x00, 0x00, 0x00, 0x00, 0x2F, 0xFC, 0x00, 0x00, 0x00, 0x00, 0x00, 0x2F, 0xFC, 0x00, 0x00,
    0x00, 0x00, 0x00, 0x2F, 0xFC, 0x00, 0x00, 0x00, 0x00, 0x00, 0x2F, 0xFC, 0x00, 0x00, 0x00, 0x00,
    0x00, 0x2F, 0xFC, 0x00, 0x00, 0x00, 0x00, 0x00, 0x00, 0x00, 0x00, 0x00, 0x7F, 0xFF, 0xFF, 0xFF,
    0xFE, 0x00, 0x7F, 0xFF, 0xFF, 0xFF, 0xFE, 0x00, 0x7F, 0xFF, 0xFF, 0xFF, 0xFE, 0x00, 0x7F, 0xFF,
    0xFF, 0xFF, 0xFE, 0x00, 0x3F, 0xFF, 0xFF, 0xFF, 0xFE, 0x00, 0x00, 0x00, 0x02, 0xFF, 0xF8, 0x00,
    0x00, 0x00, 0x03, 0xFF, 0xF0, 0x00, 0x00, 0x00, 0x0F, 0xFF, 0xC0, 0x00, 0x00, 0x00, 0x3F, 0xFF,
    0x00, 0x00, 0x00, 0x00, 0xFF, 0xFE, 0x00, 0x00, 0x00, 0x02, 0xFF, 0xF8, 0x00, 0x00, 0x00, 0x0B,
    0xFF, 0xF0, 0x00, 0x00, 0x00, 0x0F, 0xFF, 0xC0, 0x00, 0x00, 0x00, 0x3F, 0xFF, 0x00, 0x00, 0x00,
    0x00, 0xFF, 0xFD, 0x00, 0x00, 0x00, 0x02, 0xFF, 0xF8, 0x00, 0x00, 0x00, 0x0B, 0xFF, 0xE0, 0x00,
    0x00, 0x00, 0x1F, 0xFF, 0xC0, 0x00, 0x00, 0x00, 0x3F, 0xFF, 0x80, 0x00, 0x00, 0x00, 0xFF, 0xFF,
    0xFF, 0xFF, 0xFF, 0x00, 0xFF, 0xFF, 0xFF, 0xFF, 0xFF, 0x00, 0xFF, 0xFF, 0xFF, 0xFF, 0xFF, 0x00,
    0xFF, 0xFF, 0xFF, 0xFF, 0xFF, 0x00, 0xFF, 0xFF, 0xFF, 0xFF, 0xFF, 0x00, 0x00, 0x00, 0x00, 0xBF,
    0xFF, 0xF0, 0xBF, 0xFF, 0xF0, 0xBF, 0xFF, 0xF0, 0xBF, 0xFF, 0xF0, 0xBF, 0xC0, 0x00, 0xBF, 0xC0,
    0x00, 0xBF, 0xC0, 0x00, 0xBF, 0xC0, 0x00, 0xBF, 0xC0, 0x00, 0xBF, 0xC0, 0x00, 0xBF, 0xC0, 0x00,
    0xBF, 0xC0, 0x00, 0xBF, 0xC0, 0x00, 0xBF, 0xC0, 0x00, 0xBF, 0xC0, 0x00, 0xBF, 0xC0, 0x00, 0xBF,
    0xC0, 0x00, 0xBF, 0xC0, 0x00, 0xBF, 0xC0, 0x00, 0xBF, 0xC0, 0x00, 0xBF, 0xC0, 0x00, 0xBF, 0xC0,
    0x00, 0xBF, 0xC0, 0x00, 0xBF, 0xC0, 0x00, 0xBF, 0xC0, 0x00, 0xBF, 0xEA, 0xA0, 0xBF, 0xFF, 0xF0,
    0xBF, 0xFF, 0xF0, 0xBF, 0xFF, 0xF0, 0x2A, 0xAA, 0xA0, 0x00, 0x00, 0x00, 0x00, 0x3F, 0xF8, 0x00,
    0x00, 0x3F, 0xFC, 0x00, 0x00, 0x2F, 0xFC, 0x00, 0x00, 0x0F, 0xFE, 0x00, 0x00, 0x0F, 0xFF, 0x00,
    0x00, 0x07, 0xFF, 0x40, 0x00, 0x03, 0xFF, 0xC0, 0x00, 0x02, 0xFF, 0xC0, 0x00, 0x00, 0xFF, 0xE0,
    0x00, 0x00, 0xFF, 0xF0, 0x00, 0x00, 0x7F, 0xF0, 0x00, 0x00, 0x3F, 0xF8, 0x00, 0x00, 0x2F, 0xFC,
    0x00, 0x00, 0x0F, 0xFE, 0x00, 0x00, 0x0F, 0xFF, 0x00, 0x00, 0x0B, 0xFF, 0x00, 0x00, 0x03, 0xFF,
    0x80, 0x00, 0x02, 0xFF, 0xC0, 0x00, 0x00, 0xFF, 0xD0, 0x00, 0x00, 0xFF, 0xF0, 0x00, 0x00, 0xBF,
    0xF0, 0x00, 0x00, 0x3F, 0xF8, 0x00, 0x00, 0x2F, 0xFC, 0x00, 0x00, 0x0F, 0xFC, 0x00, 0x00, 0x00,
    0xFF, 0xFF, 0xE0, 0xFF, 0xFF, 0xE0, 0xFF, 0xFF, 0xE0, 0xFF, 0xFF, 0xE0, 0x00, 0x7F, 0xE0, 0x00,
    0x3F, 0xE0, 0x00, 0x3F, 0xE0, 0x00, 0x3F, 0xE0, 0x00, 0x3F, 0xE0, 0x00, 0x3F, 0xE0, 0x00, 0x3F,
    0xE0, 0x00, 0x3F, 0xE0, 0x00, 0x3F, 0xE0, 0x00, 0x3F, 0xE0, 0x00, 0x3F, 0xE0, 0x00, 0x3F, 0xE0,
    0x00, 0x3F, 0xE0, 0x00, 0x3F, 0xE0, 0x00, 0x3F, 0xE0, 0x00, 0x3F, 0xE0, 0x00, 0x3F, 0xE0, 0x00,
    0x3F, 0xE0, 0x00, 0x3F, 0xE0, 0x00, 0x3F, 0xE0, 0x00, 0x3F, 0xE0, 0xAA, 0xBF, 0xE0, 0xFF, 0xFF,
    0xE0, 0xFF, 0xFF, 0xE0, 0xFF, 0xFF, 0xE0, 0xAA, 0xAA, 0x80, 0x00, 0x00, 0x00, 0x00, 0x00, 0x00,
    0x03, 0xFF, 0x00, 0x00, 0x00, 0x0B, 0xFF, 0x80, 0x00, 0x00, 0x0F, 0xFF, 0xC0, 0x00, 0x00, 0x2F,
    0xFF, 0xE0, 0x00, 0x00, 0x3F, 0xFF, 0xF0, 0x00, 0x00, 0xBF, 0xFF, 0xF8, 0x00, 0x00, 0xFF, 0xEF,
    0xFC, 0x00, 0x02, 0xFF, 0xCB, 0xFF, 0x00, 0x03, 0xFF, 0x03, 0xFF, 0x00, 0x0B, 0xFF, 0x02, 0xFF,
    0xC0, 0x0F, 0xFC, 0x00, 0xFF, 0xC0, 0x2F, 0xFC, 0x00, 0xBF, 0xF0, 0x2A, 0xA0, 0x00, 0x2A, 0xA0,
    0x00, 0x00, 0x00, 0x00, 0xBF, 0xFF, 0xFF, 0xFC, 0xBF, 0xFF, 0xFF, 0xFC, 0xBF, 0xFF, 0xFF, 0xFC,
    0xBF, 0xFF, 0xFF, 0xFC, 0x6A, 0xAA, 0xAA, 0xA8, 0x04, 0x00, 0x00, 0x3F, 0x80, 0x00, 0x3F, 0xE0,
    0x00, 0x3F, 0xF4, 0x00, 0x0F, 0xFC, 0x00, 0x03, 0xFF, 0x00, 0x00, 0x00, 0x00, 0x00, 0x00, 0x6A,
    0x40, 0x00, 0x00, 0x2F, 0xFF, 0xFC, 0x00, 0x01, 0xFF, 0xFF, 0xFF, 0x80, 0x03, 0xFF, 0xFF, 0xFF,
    0xC0, 0x0F, 0xFF, 0x87, 0xFF, 0xE0, 0x00, 0xBC, 0x00, 0xFF, 0xF0, 0x00, 0x00, 0x00, 0xBF, 0xF0,
    0x00, 0x00, 0x00, 0xBF, 0xF0, 0x00, 0x0A, 0xFF, 0xFF, 0xF0, 0x00, 0xFF, 0xFF, 0xFF, 0xF0, 0x0B,
    0xFF, 0xFF, 0xFF, 0xF0, 0x2F, 0xFF, 0xE0, 0x7F, 0xF0, 0x3F, 0xFC, 0x00, 0xBF, 0xF0, 0x3F, 0xF8,
    0x00, 0xBF, 0xF0, 0x3F, 0xFC, 0x02, 0xFF, 0xF0, 0x3F, 0xFF, 0xAF, 0xFF, 0xF4, 0x2F, 0xFF, 0xFF,
    0xFF, 0xF8, 0x0F, 0xFF, 0xFF, 0xBF, 0xF8, 0x02, 0xFF, 0xFC, 0x2F, 0xF8, 0x00, 0x00, 0x00, 0x00,
    0x00, 0x00, 0x00, 0x00, 0x00, 0x00, 0x3F, 0xF0, 0x00, 0x00, 0x00, 0x3F, 0xF0, 0x00, 0x00, 0x00,
    0x3F, 0xF0, 0x00, 0x00, 0x00, 0x3F, 0xF0, 0x00, 0x00, 0x00, 0x3F, 0xF0, 0x00, 0x00, 0x00, 0x3F,
    0xF0, 0x0A, 0x90, 0x00, 0x3F, 0xF0, 0xFF, 0xFE, 0x00, 0x3F, 0xFB, 0xFF, 0xFF, 0xC0, 0x3F, 0xFF,
    0xFF, 0xFF, 0xF0, 0x3F, 0xFF, 0xFF, 0xFF, 0xF8, 0x3F, 0xFF, 0x00, 0xFF, 0xFC, 0x3F, 0xFC, 0x00,
    0x3F, 0xFC, 0x3F, 0xF8, 0x00, 0x2F, 0xFE, 0x3F, 0xF0, 0x00, 0x0F, 0xFE, 0x3F, 0xF0, 0x00, 0x0F,
    0xFE, 0x3F, 0xF0, 0x00, 0x0F, 0xFE, 0x3F, 0xF0, 0x00, 0x1F, 0xFE, 0x3F, 0xF8, 0x00, 0x3F, 0xFD,
    0x3F, 0xFC, 0x00, 0x7F, 0xFC, 0x3F, 0xFF, 0x82, 0xFF, 0xFC, 0x3F, 0xFF, 0xFF, 0xFF, 0xF0, 0x3F,
    0xFF, 0xFF, 0xFF, 0xE0, 0x3F, 0xF3, 0xFF, 0xFF, 0x80, 0x3F, 0xF0, 0xBF, 0xFD, 0x00, 0x00, 0x00,
    0x00, 0x00, 0x00, 0x00, 0x00, 0xAA, 0x00, 0x00, 0x00, 0x2F, 0xFF, 0xF8, 0x00, 0x00, 0xFF, 0xFF,
    0xFF, 0x00, 0x03, 0xFF, 0xFF, 0xFF, 0xC0, 0x0F, 0xFF, 0xFF, 0xFF, 0xF0, 0x0F, 0xFF, 0x40, 0xBF,
    0xE0, 0x2F, 0xFD, 0x00, 0x38, 0x00, 0x3F, 0xFC, 0x00, 0x00, 0x00, 0x3F, 0xF8, 0x00, 0x00, 0x00,
    0x3F, 0xF8, 0x00, 0x00, 0x00, 0x3F, 0xF8, 0x00, 0x00, 0x00, 0x3F, 0xF8, 0x00, 0x00, 0x00, 0x3F,
    0xFC, 0x00, 0x00, 0x00, 0x2F, 0xFE, 0x00, 0x28, 0x00, 0x0F, 0xFF, 0x80, 0xFF, 0x80, 0x0B, 0xFF,
    0xFF, 0xFF, 0xF0, 0x03, 0xFF, 0xFF, 0xFF, 0xC0, 0x00, 0xFF, 0xFF, 0xFF, 0x00, 0x00, 0x1F, 0xFF,
    0xF4, 0x00, 0x00, 0x00, 0x00, 0x00, 0x00, 0x00, 0x00, 0x00, 0x00, 0x00, 0x00, 0x00, 0x00, 0x00,
    0x0F, 0xFE, 0x00, 0x00, 0x00, 0x00, 0x0F, 0xFE, 0x00, 0x00, 0x00, 0x00, 0x0F, 0xFE, 0x00, 0x00,
    0x00, 0x00, 0x0F, 0xFE, 0x00, 0x00, 0x00, 0x00, 0x0F, 0xFE, 0x00, 0x00, 0x02, 0xA0, 0x0F, 0xFE,
    0x00, 0x00, 0x7F, 0xFF, 0x8F, 0xFE, 0x00, 0x02, 0xFF, 0xFF, 0xEF, 0xFE, 0x00, 0x0B, 0xFF, 0xFF,
    0xFF, 0xFE, 0x00, 0x0F, 0xFF, 0xFF, 0xFF, 0xFE, 0x00, 0x2F, 0xFF, 0x80, 0xBF, 0xFE, 0x00, 0x3F,
    0xFE, 0x00, 0x2F, 0xFE, 0x00, 0x3F, 0xFC, 0x00, 0x0F, 0xFE, 0x00, 0x3F, 0xFC, 0x00, 0x0F, 0xFE,
    0x00, 0x3F, 0xF8, 0x00, 0x0B, 0xFE, 0x00, 0x3F, 0xF8, 0x00, 0x0B, 0xFE, 0x00, 0x3F, 0xFC, 0x00,
    0x0F, 0xFE, 0x00, 0x3F, 0xFC, 0x00, 0x0F, 0xFE, 0x00, 0x2F, 0xFF, 0x00, 0x2F, 0xFF, 0x00, 0x0F,
    0xFF, 0xC0, 0xFF, 0xFF, 0x00, 0x0F, 0xFF, 0xFF, 0xFF, 0xFF, 0x00, 0x03, 0xFF, 0xFF, 0xFF, 0xFF,
    0x00, 0x00, 0xFF, 0xFF, 0xEB, 0xFF, 0x00, 0x00, 0x2F, 0xFF, 0x03, 0xFF, 0x00, 0x00, 0x00, 0x00,
    0x00, 0x00, 0x00, 0x00, 0x00, 0x6A, 0x00, 0x00, 0x00, 0x1F, 0xFF, 0xF8, 0x00, 0x00, 0xBF, 0xFF,
    0xFF, 0x40, 0x03, 0xFF, 0xFF, 0xFF, 0xE0, 0x0B, 0xFF, 0xFB, 0xFF, 0xF0, 0x0F, 0xFF, 0x00, 0x3F,
    0xF8, 0x2F, 0xFC, 0x00, 0x0F, 0xFC, 0x3F, 0xF8, 0x00, 0x0B, 0xFC, 0x3F, 0xFF, 0xFF, 0xFF, 0xFE,
    0x3F, 0xFF, 0xFF, 0xFF, 0xFE, 0x3F, 0xFF, 0xFF, 0xFF, 0xFE, 0x3F, 0xFC, 0x00, 0x00, 0x00, 0x3F,
    0xFC, 0x00, 0x00, 0x00, 0x2F, 0xFE, 0x00, 0x00, 0x00, 0x0F, 0xFF, 0x80, 0xBF, 0x80, 0x0B, 0xFF,
    0xFF, 0xFF, 0xF4, 0x03, 0xFF, 0xFF, 0xFF, 0xE0, 0x00, 0xBF, 0xFF, 0xFF, 0x80, 0x00, 0x0B, 0xFF,
    0xF8, 0x00, 0x00, 0x00, 0x00, 0x00, 0x00, 0x00, 0x00, 0x1A, 0x00, 0x00, 0x2F, 0xFF, 0x80, 0x00,
    0xFF, 0xFF, 0x80, 0x02, 0xFF, 0xFF, 0x80, 0x03, 0xFF, 0xFF, 0x80, 0x03, 0xFF, 0xC0, 0x00, 0x03,
    0xFF, 0x80, 0x00, 0x03, 0xFF, 0x80, 0x00, 0x03, 0xFF, 0x80, 0x00, 0xFF, 0xFF, 0xFF, 0x80, 0xFF,
    0xFF, 0xFF, 0x80, 0xFF, 0xFF, 0xFF, 0x80, 0xFF, 0xFF, 0xFF, 0x80, 0x03, 0xFF, 0xC0, 0x00, 0x03,
    0xFF, 0x80, 0x00, 0x03, 0xFF, 0x80, 0x00, 0x03, 0xFF, 0x80, 0x00, 0x03, 0xFF, 0x80, 0x00, 0x03,
    0xFF, 0x80, 0x00, 0x03, 0xFF, 0x80, 0x00, 0x03, 0xFF, 0x80, 0x00, 0x03, 0xFF, 0x80, 0x00, 0x03,
    0xFF, 0x80, 0x00, 0x03, 0xFF, 0x80, 0x00, 0x03, 0xFF, 0x80, 0x00, 0x03, 0xFF, 0x80, 0x00, 0x03,
    0xFF, 0x80, 0x00, 0x00, 0x02, 0xA0, 0x00, 0x00, 0x00, 0xBF, 0xFF, 0x43, 0xFE, 0x02, 0xFF, 0xFF,
    0xEB, 0xFE, 0x0B, 0xFF, 0xFF, 0xFF, 0xFE, 0x0F, 0xFF, 0xFF, 0xFF, 0xFE, 0x2F, 0xFF, 0x80, 0xBF,
    0xFE, 0x3F, 0xFE, 0x00, 0x0F, 0xFE, 0x3F, 0xFC, 0x00, 0x0F, 0xFE, 0x3F, 0xFC, 0x00, 0x0B, 0xFE,
    0x3F, 0xF8, 0x00, 0x0B, 0xFE, 0x3F, 0xFC, 0x00, 0x0F, 0xFE, 0x3F, 0xFC, 0x00, 0x0F, 0xFE, 0x3F,
    0xFE, 0x00, 0x2F, 0xFE, 0x1F, 0xFF, 0xC0, 0xBF, 0xFE, 0x0F, 0xFF, 0xFF, 0xFF, 0xFE, 0x03, 0xFF,
    0xFF, 0xFF, 0xFE, 0x00, 0xFF, 0xFF, 0xCF, 0xFE, 0x00, 0x2F, 0xFE, 0x0F, 0xFE, 0x00, 0x00, 0x00,
    0x0F, 0xFE, 0x00, 0x00, 0x00, 0x0F, 0xFE, 0x00, 0x09, 0x00, 0x2F, 0xFD, 0x02, 0xFF, 0x80, 0xBF,
    0xFC, 0x03, 0xFF, 0xFF, 0xFF, 0xF8, 0x02, 0xFF, 0xFF, 0xFF, 0xF0, 0x00, 0x7F, 0xFF, 0xFF, 0x80,
    0x00, 0x0B, 0xFF, 0xF8, 0x00, 0x00, 0x00, 0x00, 0x00, 0x00, 0x00, 0x00, 0x00, 0x00, 0x00, 0x3F,
    0xF0, 0x00, 0x00, 0x00, 0x3F, 0xF0, 0x00, 0x00, 0x00, 0x3F, 0xF0, 0x00, 0x00, 0x00, 0x3F, 0xF0,
    0x00, 0x00, 0x00, 0x3F, 0xF0, 0x00, 0x00, 0x00, 0x3F, 0xF0, 0x0A, 0xA0, 0x00, 0x3F, 0xF0, 0xFF,
    0xFE, 0x00, 0x3F, 0xFB, 0xFF, 0xFF, 0x80, 0x3F, 0xFF, 0xFF, 0xFF, 0xC0, 0x3F, 0xFF, 0xFF, 0xFF,
    0xE0, 0x3F, 0xFF, 0x02, 0xFF, 0xE0, 0x3F, 0xFC, 0x00, 0xFF, 0xF0, 0x3F, 0xF8, 0x00, 0xFF, 0xF0,
    0x3F, 0xF8, 0x00, 0xFF, 0xF0, 0x3F, 0xF4, 0x00, 0xFF, 0xF0, 0x3F, 0xF0, 0x00, 0xBF, 0xF0, 0x3F,
    0xF0, 0x00, 0xBF, 0xF0, 0x3F, 0xF0, 0x00, 0xBF, 0xF0, 0x3F, 0xF0, 0x00, 0xBF, 0xF0, 0x3F, 0xF0,
    0x00, 0xBF, 0xF0, 0x3F, 0xF0, 0x00, 0xBF, 0xF0, 0x3F, 0xF0, 0x00, 0xBF, 0xF0, 0x3F, 0xF0, 0x00,
    0xBF, 0xF0, 0x3F, 0xF0, 0x00, 0xBF, 0xF0, 0x00, 0x0A, 0x00, 0x00, 0x7F, 0xE0, 0x00, 0xFF, 0xF0,
    0x00, 0xFF, 0xF0, 0x00, 0xFF, 0xF0, 0x00, 0xFF, 0xF0, 0x00, 0x3F, 0xC0, 0x00, 0x00, 0x00, 0x00,
    0x00, 0x00, 0x00, 0x00, 0x00, 0x3F, 0xFF, 0xF0, 0x3F, 0xFF, 0xF0, 0x3F, 0xFF, 0xF0, 0x3F, 0xFF,
    0xF0, 0x00, 0xFF, 0xF0, 0x00, 0xFF, 0xF0, 0x00, 0xFF, 0xF0, 0x00, 0xFF, 0xF0, 0x00, 0xFF, 0xF0,
    0x00, 0xFF, 0xF0, 0x00, 0xFF, 0xF0, 0x00, 0xFF, 0xF0, 0x00, 0xFF, 0xF0, 0x00, 0xFF, 0xF0, 0x00,
    0xFF, 0xF0, 0x00, 0xFF, 0xF0, 0x00, 0xFF, 0xF0, 0x00, 0xFF, 0xF0, 0x00, 0x02, 0x40, 0x00, 0x2F,
    0xF0, 0x00, 0x3F, 0xFC, 0x00, 0xBF, 0xFC, 0x00, 0xBF, 0xFC, 0x00, 0x3F, 0xF8, 0x00, 0x0F, 0xE0,
    0x00, 0x00, 0x00, 0x00, 0x00, 0x00, 0x00, 0x00, 0x00, 0x00, 0x3F, 0xF8, 0x00, 0x3F, 0xF8, 0x00,
    0x3F, 0xF8, 0x00, 0x3F, 0xF8, 0x00, 0x3F, 0xF8, 0x00, 0x3F, 0xF8, 0x00, 0x3F, 0xF8, 0x00, 0x3F,
    0xF8, 0x00, 0x3F, 0xF8, 0x00, 0x3F, 0xF8, 0x00, 0x3F, 0xF8, 0x00, 0x3F, 0xF8, 0x00, 0x3F, 0xF8,
    0x00, 0x3F, 0xF8, 0x00, 0x3F, 0xF8, 0x00, 0x3F, 0xF8, 0x00, 0x3F, 0xF8, 0x00, 0x3F, 0xF8, 0x00,
    0x3F, 0xF8, 0xAF, 0xFF, 0xF8, 0xBF, 0xFF, 0xF0, 0xBF, 0xFF, 0xF0, 0xBF, 0xFF, 0xC0, 0x6A, 0xA8,
    0x00, 0x00, 0x00, 0x00, 0x00, 0x00, 0x3F, 0xF0, 0x00, 0x00, 0x00, 0x3F, 0xF0, 0x00, 0x00, 0x00,
    0x3F, 0xF0, 0x00, 0x00, 0x00, 0x3F, 0xF0, 0x00, 0x00, 0x00, 0x3F, 0xF0, 0x00, 0x00, 0x00, 0x3F,
    0xF0, 0x00, 0x00, 0x00, 0x3F, 0xF0, 0x01, 0xFF, 0xF8, 0x3F, 0xF0, 0x03, 0xFF, 0xE0, 0x3F, 0xF0,
    0x0F, 0xFF, 0x80, 0x3F, 0xF0, 0x3F, 0xFE, 0x00, 0x3F, 0xF0, 0xFF, 0xF8, 0x00, 0x3F, 0xF7, 0xFF,
    0xE0, 0x00, 0x3F, 0xFF, 0xFF, 0xC0, 0x00, 0x3F, 0xFF, 0xFF, 0x00, 0x00, 0x3F, 0xFF, 0xFF, 0x80,
    0x00, 0x3F, 0xFF, 0xFF, 0xD0, 0x00, 0x3F, 0xFF, 0xFF, 0xF0, 0x00, 0x3F, 0xFF, 0xFF, 0xFC, 0x00,
    0x3F, 0xFC, 0x3F, 0xFE, 0x00, 0x3F, 0xF8, 0x2F, 0xFF, 0x00, 0x3F, 0xF0, 0x0F, 0xFF, 0xC0, 0x3F,
    0xF0, 0x03, 0xFF, 0xE0, 0x3F, 0xF0, 0x00, 0xFF, 0xF8, 0x3F, 0xF0, 0x00, 0xBF, 0xFC, 0x00, 0x00,
    0x00, 0x3F, 0xF0, 0x00, 0x3F, 0xF0, 0x00, 0x3F, 0xF0, 0x00, 0x3F, 0xF0, 0x00, 0x3F, 0xF0, 0x00,
    0x3F, 0xF0, 0x00, 0x3F, 0xF0, 0x00, 0x3F, 0xF0, 0x00, 0x3F, 0xF0, 0x00, 0x3F, 0xF0, 0x00, 0x3F,
    0xF0, 0x00, 0x3F, 0xF0, 0x00, 0x3F, 0xF0, 0x00, 0x3F, 0xF0, 0x00, 0x3F, 0xF0, 0x00, 0x3F, 0xF0,
    0x00, 0x3F, 0xF0, 0x00, 0x3F, 0xF4, 0x00, 0x3F, 0xF8, 0x00, 0x3F, 0xFF, 0xA0, 0x3F, 0xFF, 0xF0,
    0x3F, 0xFF, 0xF0, 0x1F, 0xFF, 0xF0, 0x02, 0xFF, 0xF0, 0x00, 0x00, 0x0A, 0x90, 0x00, 0x2A, 0x80,
    0x00, 0x3F, 0xF0, 0xFF, 0xFE, 0x03, 0xFF, 0xFC, 0x00, 0x3F, 0xF7, 0xFF, 0xFF, 0x8F, 0xFF, 0xFF,
    0x00, 0x3F, 0xFF, 0xFF, 0xFF, 0xFF, 0xFF, 0xFF, 0x80, 0x3F, 0xFF, 0xFF, 0xFF, 0xFF, 0xFF, 0xFF,
    0xC0, 0x3F, 0xFE, 0x03, 0xFF, 0xFC, 0x0B, 0xFF, 0xC0, 0x3F, 0xFC, 0x00, 0xFF, 0xF0, 0x03, 0xFF,
    0xC0, 0x3F, 0xF8, 0x00, 0xFF, 0xF0, 0x02, 0xFF, 0xC0, 0x3F, 0xF8, 0x00, 0xFF, 0xF0, 0x02, 0xFF,
    0xC0, 0x3F, 0xF4, 0x00, 0xFF, 0xF0, 0x02, 0xFF, 0xC0, 0x3F, 0xF0, 0x00, 0xFF, 0xF0, 0x02, 0xFF,
    0xC0, 0x3F, 0xF0, 0x00, 0xFF, 0xF0, 0x02, 0xFF, 0xC0, 0x3F, 0xF0, 0x00, 0xFF, 0xF0, 0x02, 0xFF,
    0xC0, 0x3F, 0xF0, 0x00, 0xFF, 0xF0, 0x02, 0xFF, 0xC0, 0x3F, 0xF0, 0x00, 0xFF, 0xF0, 0x02, 0xFF,
    0xC0, 0x3F, 0xF0, 0x00, 0xFF, 0xF0, 0x02, 0xFF, 0xC0, 0x3F, 0xF0, 0x00, 0xFF, 0xF0, 0x02, 0xFF,
    0xC0, 0x3F, 0xF0, 0x00, 0xFF, 0xF0, 0x02, 0xFF, 0xC0, 0x3F, 0xF0, 0x00, 0xFF, 0xE0, 0x02, 0xFF,
    0xC0, 0x00, 0x00, 0x0A, 0xA0, 0x00, 0x3F, 0xF0, 0xFF, 0xFE, 0x00, 0x3F, 0xF7, 0xFF, 0xFF, 0x80,
    0x3F, 0xFF, 0xFF, 0xFF, 0xC0, 0x3F, 0xFF, 0xFF, 0xFF, 0xE0, 0x3F, 0xFF, 0x02, 0xFF, 0xE0, 0x3F,
    0xFC, 0x00, 0xFF, 0xF0, 0x3F, 0xF8, 0x00, 0xFF, 0xF0, 0x3F, 0xF8, 0x00, 0xFF, 0xF0, 0x3F, 0xF4,
    0x00, 0xFF, 0xF0, 0x3F, 0xF0, 0x00, 0xBF, 0xF0, 0x3F, 0xF0, 0x00, 0xBF, 0xF0, 0x3F, 0xF0, 0x00,
    0xBF, 0xF0, 0x3F, 0xF0, 0x00, 0xBF, 0xF0, 0x3F, 0xF0, 0x00, 0xBF, 0xF0, 0x3F, 0xF0, 0x00, 0xBF,
    0xF0, 0x3F, 0xF0, 0x00, 0xBF, 0xF0, 0x3F, 0xF0, 0x00, 0xBF, 0xF0, 0x3F, 0xF0, 0x00, 0xBF, 0xF0,
    0x00, 0x00, 0x6A, 0x40, 0x00, 0x00, 0x2F, 0xFF, 0xFC, 0x00, 0x00, 0xFF, 0xFF, 0xFF, 0x80, 0x03,
    0xFF, 0xFF, 0xFF, 0xE0, 0x0F, 0xFF, 0xFF, 0xFF, 0xF8, 0x0F, 0xFF, 0x40, 0xBF, 0xFC, 0x3F, 0xFC,
    0x00, 0x2F, 0xFD, 0x3F, 0xFC, 0x00, 0x0F, 0xFE, 0x3F, 0xF8, 0x00, 0x0F, 0xFE, 0x3F, 0xF8, 0x00,
    0x0F, 0xFF, 0x3F, 0xF8, 0x00, 0x0F, 0xFF, 0x3F, 0xF8, 0x00, 0x0F, 0xFE, 0x3F, 0xFC, 0x00, 0x0F,
    0xFE, 0x2F, 0xFE, 0x00, 0x3F, 0xFC, 0x0F, 0xFF, 0x80, 0xFF, 0xFC, 0x0B, 0xFF, 0xFF, 0xFF, 0xF0,
    0x03, 0xFF, 0xFF, 0xFF, 0xE0, 0x00, 0xBF, 0xFF, 0xFF, 0x40, 0x00, 0x0B, 0xFF, 0xF8, 0x00, 0x00,
    0x00, 0x00, 0x00, 0x00, 0x00, 0x00, 0x0A, 0x90, 0x00, 0x3F, 0xF0, 0xFF, 0xFE, 0x00, 0x3F, 0xF3,
    0xFF, 0xFF, 0xC0, 0x3F, 0xFF, 0xFF, 0xFF, 0xF0, 0x3F, 0xFF, 0xFF, 0xFF, 0xF8, 0x3F, 0xFF, 0x00,
    0xFF, 0xFC, 0x3F, 0xFC, 0x00, 0x3F, 0xFC, 0x3F, 0xF8, 0x00, 0x2F, 0xFE, 0x3F, 0xF0, 0x00, 0x1F,
    0xFE, 0x3F, 0xF0, 0x00, 0x0F, 0xFE, 0x3F, 0xF0, 0x00, 0x0F, 0xFE, 0x3F, 0xF0, 0x00, 0x1F, 0xFE,
    0x3F, 0xF8, 0x00, 0x2F, 0xFE, 0x3F, 0xFC, 0x00, 0x3F, 0xFC, 0x3F, 0xFF, 0x82, 0xFF, 0xFC, 0x3F,
    0xFF, 0xFF, 0xFF, 0xF4, 0x3F, 0xFF, 0xFF, 0xFF, 0xE0, 0x3F, 0xFB, 0xFF, 0xFF, 0x80, 0x3F, 0xF0,
    0xBF, 0xFE, 0x00, 0x3F, 0xF0, 0x00, 0x00, 0x00, 0x3F, 0xF0, 0x00, 0x00, 0x00, 0x3F, 0xF0, 0x00,
    0x00, 0x00, 0x3F, 0xF0, 0x00, 0x00, 0x00, 0x3F, 0xF0, 0x00, 0x00, 0x00, 0x2A, 0xA0, 0x00, 0x00,
    0x00, 0x00, 0x02, 0xA0, 0x00, 0x00, 0x00, 0x00, 0x00, 0x3F, 0xFF, 0x87, 0xFE, 0x00, 0x00, 0x02,
    0xFF, 0xFF, 0xEB, 0xFE, 0x00, 0x00, 0x07, 0xFF, 0xFF, 0xFF, 0xFE, 0x00, 0x00, 0x0F, 0xFF, 0xFF,
    0xFF, 0xFE, 0x00, 0x00, 0x2F, 0xFF, 0x80, 0xBF, 0xFE, 0x00, 0x00, 0x3F, 0xFE, 0x00, 0x2F, 0xFE,
    0x00, 0x00, 0x3F, 0xFC, 0x00, 0x0F, 0xFE, 0x00, 0x00, 0x3F, 0xFC, 0x00, 0x0F, 0xFE, 0x00, 0x00,
    0x3F, 0xF8, 0x00, 0x0B, 0xFE, 0x00, 0x00, 0x3F, 0xF8, 0x00, 0x0B, 0xFE, 0x00, 0x00, 0x3F, 0xFC,
    0x00, 0x0F, 0xFE, 0x00, 0x00, 0x3F, 0xFC, 0x00, 0x0F, 0xFE, 0x00, 0x00, 0x2F, 0xFF, 0x00, 0x2F,
    0xFE, 0x00, 0x00, 0x1F, 0xFF, 0xC0, 0xFF, 0xFE, 0x00, 0x00, 0x0F, 0xFF, 0xFF, 0xFF, 0xFE, 0x00,
    0x00, 0x03, 0xFF, 0xFF, 0xFF, 0xFE, 0x00, 0x00, 0x00, 0xFF, 0xFF, 0xDF, 0xFF, 0x00, 0x00, 0x00,
    0x2F, 0xFF, 0x0F, 0xFF, 0x00, 0x00, 0x00, 0x00, 0x00, 0x0F, 0xFF, 0x40, 0x00, 0x00, 0x00, 0x00,
    0x0F, 0xFF, 0xFF, 0x00, 0x00, 0x00, 0x00, 0x0B, 0xFF, 0xFF, 0x00, 0x00, 0x00, 0x00, 0x03, 0xFF,
    0xFF, 0x00, 0x00, 0x00, 0x00, 0x02, 0xFF, 0xFF, 0x00, 0x00, 0x00, 0x00, 0x00, 0x2F, 0xFE, 0x00,
    0x00, 0x00, 0x00, 0x00, 0x00, 0x00, 0x00, 0x00, 0x00, 0x0A, 0x3F, 0xD0, 0xFF, 0x3F, 0xE3, 0xFF,
    0x3F, 0xFB, 0xFF, 0x3F, 0xFF, 0xFF, 0x3F, 0xFF, 0xFF, 0x3F, 0xFF, 0x00, 0x3F, 0xFC, 0x00, 0x3F,
    0xF8, 0x00, 0x3F, 0xF4, 0x00, 0x3F, 0xF0, 0x00, 0x3F, 0xF0, 0x00, 0x3F, 0xF0, 0x00, 0x3F, 0xF0,
    0x00, 0x3F, 0xF0, 0x00, 0x3F, 0xF0, 0x00, 0x3F, 0xF0, 0x00, 0x3F, 0xF0, 0x00, 0x3F, 0xF0, 0x00,
    0x00, 0x02, 0xA9, 0x00, 0x00, 0x00, 0xBF, 0xFF, 0xF8, 0x00, 0x03, 0xFF, 0xFF, 0xFF, 0x00, 0x0F,
    0xFF, 0xFF, 0xFF, 0xC0, 0x2F, 0xFF, 0xAF, 0xFF, 0xC0, 0x3F, 0xF8, 0x00, 0xF8, 0x00, 0x3F, 0xFC,
    0x00, 0x00, 0x00, 0x2F, 0xFF, 0xE4, 0x00, 0x00, 0x0F, 0xFF, 0xFF, 0xF8, 0x00, 0x0B, 0xFF, 0xFF,
    0xFF, 0x80, 0x00, 0xFF, 0xFF, 0xFF, 0xE0, 0x00, 0x0A, 0xFF, 0xFF, 0xF0, 0x00, 0x00, 0x02, 0xFF,
    0xF0, 0x01, 0xB0, 0x00, 0x3F, 0xF0, 0x2F, 0xF8, 0x00, 0xBF, 0xF0, 0x3F, 0xFF, 0xFF, 0xFF, 0xF0,
    0x0F, 0xFF, 0xFF, 0xFF, 0xC0, 0x03, 0xFF, 0xFF, 0xFF, 0x00, 0x00, 0x6F, 0xFF, 0xF8, 0x00, 0x00,
    0x00, 0x00, 0x00, 0x00, 0x00, 0xAA, 0x80, 0x00, 0x02, 0xFF, 0xC0, 0x00, 0x02, 0xFF, 0xC0, 0x00,
    0x02, 0xFF, 0xC0, 0x00, 0x02, 0xFF, 0xC0, 0x00, 0xBF, 0xFF, 0xFF, 0xC0, 0xBF, 0xFF, 0xFF, 0xC0,
    0xBF, 0xFF, 0xFF, 0xC0, 0xBF, 0xFF, 0xFF, 0xC0, 0x02, 0xFF, 0xC0, 0x00, 0x02, 0xFF, 0xC0, 0x00,
    0x02, 0xFF, 0xC0, 0x00, 0x02, 0xFF, 0xC0, 0x00, 0x02, 0xFF, 0xC0, 0x00, 0x02, 0xFF, 0xC0, 0x00,
    0x02, 0xFF, 0xC0, 0x00, 0x02, 0xFF, 0xC0, 0x00, 0x02, 0xFF, 0xC0, 0x00, 0x02, 0xFF, 0xFE, 0x80,
    0x02, 0xFF, 0xFF, 0xC0, 0x00, 0xFF, 0xFF, 0xC0, 0x00, 0xFF, 0xFF, 0xC0, 0x00, 0x2B, 0xFF, 0xC0,
    0x00, 0x00, 0x00, 0x00, 0x00, 0x3F, 0xF0, 0x00, 0xFF, 0xF0, 0x3F, 0xF0, 0x00, 0xFF, 0xF0, 0x3F,
    0xF0, 0x00, 0xFF, 0xF0, 0x3F, 0xF0, 0x00, 0xFF, 0xF0, 0x3F, 0xF0, 0x00, 0xFF, 0xF0, 0x3F, 0xF0,
    0x00, 0xFF, 0xF0, 0x3F, 0xF0, 0x00, 0xFF, 0xF0, 0x3F, 0xF0, 0x00, 0xFF, 0xF0, 0x3F, 0xF0, 0x00,
    0xFF, 0xF0, 0x3F, 0xF0, 0x00, 0xFF, 0xF0, 0x3F, 0xF4, 0x00, 0xFF, 0xF0, 0x3F, 0xF8, 0x00, 0xFF,
    0xF0, 0x3F, 0xFC, 0x02, 0xFF, 0xF0, 0x3F, 0xFE, 0x0B, 0xFF, 0xF0, 0x3F, 0xFF, 0xFF, 0xFF, 0xF0,
    0x2F, 0xFF, 0xFF, 0xFF, 0xF0, 0x0F, 0xFF, 0xFE, 0xBF, 0xF0, 0x02, 0xFF, 0xF4, 0x3F, 0xE0, 0x00,
    0x00, 0x00, 0x00, 0x00, 0x00, 0x00, 0x00, 0x00, 0x00, 0x00, 0x3F, 0xFC, 0x00, 0x0F, 0xFF, 0x00,
    0x2F, 0xFC, 0x00, 0x0F, 0xFE, 0x00, 0x0F, 0xFE, 0x00, 0x2F, 0xFC, 0x00, 0x0F, 0xFF, 0x00, 0x3F,
    0xFC, 0x00, 0x0B, 0xFF, 0x00, 0x3F, 0xF8, 0x00, 0x03, 0xFF, 0x80, 0xBF, 0xF0, 0x00, 0x03, 0xFF,
    0xC0, 0xFF, 0xE0, 0x00, 0x02, 0xFF, 0xC0, 0xFF, 0xD0, 0x00, 0x00, 0xFF, 0xE2, 0xFF, 0xC0, 0x00,
    0x00, 0xBF, 0xF3, 0xFF, 0x80, 0x00, 0x00, 0x7F, 0xF3, 0xFF, 0x00, 0x00, 0x00, 0x3F, 0xFF, 0xFF,
    0x00, 0x00, 0x00, 0x2F, 0xFF, 0xFE, 0x00, 0x00, 0x00, 0x0F, 0xFF, 0xFC, 0x00, 0x00, 0x00, 0x0F,
    0xFF, 0xFC, 0x00, 0x00, 0x00, 0x0B, 0xFF, 0xF8, 0x00, 0x00, 0x00, 0x03, 0xFF, 0xF0, 0x00, 0x00,
    0x00, 0x03, 0xFF, 0xF0, 0x00, 0x00, 0x00, 0x00, 0x00, 0x00, 0x00, 0x00, 0x00, 0x3F, 0xF8, 0x03,
    0xFF, 0xC0, 0x2F, 0xFC, 0x2F, 0xFC, 0x03, 0xFF, 0xC0, 0x3F, 0xFC, 0x2F, 0xFC, 0x03, 0xFF, 0xC0,
    0x3F, 0xF8, 0x0F, 0xFC, 0x07, 0xFF, 0xD0, 0x3F, 0xF0, 0x0F, 0xFE, 0x0B, 0xFF, 0xE0, 0xBF, 0xF0,
    0x0B, 0xFE, 0x0B, 0xFF, 0xE0, 0xBF, 0xF0, 0x0B, 0xFF, 0x0F, 0xFF, 0xF0, 0xFF, 0xE0, 0x03, 0xFF,
    0x0F, 0xEB, 0xF0, 0xFF, 0xC0, 0x03, 0xFF, 0x4F, 0xD7, 0xF1, 0xFF, 0xC0, 0x02, 0xFF, 0xAF, 0xC3,
    0xFA, 0xFF, 0xC0, 0x02, 0xFF, 0xEF, 0xC3, 0xFB, 0xFF, 0x80, 0x00, 0xFF, 0xFF, 0xC3, 0xFF, 0xFF,
    0x00, 0x00, 0xFF, 0xFF, 0x82, 0xFF, 0xFF, 0x00, 0x00, 0xBF, 0xFF, 0x41, 0xFF, 0xFF, 0x00, 0x00,
    0xBF, 0xFF, 0x00, 0xFF, 0xFE, 0x00, 0x00, 0x3F, 0xFF, 0x00, 0xFF, 0xFC, 0x00, 0x00, 0x3F, 0xFF,
    0x00, 0xFF, 0xFC, 0x00, 0x00, 0x2F, 0xFE, 0x00, 0xBF, 0xFC, 0x00, 0x00, 0x00, 0x00, 0x00, 0x00,
    0x00, 0x0F, 0xFF, 0x00, 0x3F, 0xFE, 0x00, 0x0B, 0xFF, 0x80, 0xBF, 0xF8, 0x00, 0x03, 0xFF, 0xE0,
    0xFF, 0xF0, 0x00, 0x00, 0xFF, 0xF3, 0xFF, 0xC0, 0x00, 0x00, 0x7F, 0xFF, 0xFF, 0x80, 0x00, 0x00,
    0x2F, 0xFF, 0xFF, 0x00, 0x00, 0x00, 0x0F, 0xFF, 0xFC, 0x00, 0x00, 0x00, 0x03, 0xFF, 0xF8, 0x00,
    0x00, 0x00, 0x02, 0xFF, 0xF0, 0x00, 0x00, 0x00, 0x03, 0xFF, 0xF4, 0x00, 0x00, 0x00, 0x0F, 0xFF,
    0xFC, 0x00, 0x00, 0x00, 0x2F, 0xFF, 0xFF, 0x00, 0x00, 0x00, 0x7F, 0xFF, 0xFF, 0x80, 0x00, 0x00,
    0xFF, 0xF3, 0xFF, 0xC0, 0x00, 0x03, 0xFF, 0xE0, 0xFF, 0xF0, 0x00, 0x0B, 0xFF, 0xC0, 0xBF, 0xF8,
    0x00, 0x0F, 0xFF, 0x00, 0x3F, 0xFD, 0x00, 0x3F, 0xFD, 0x00, 0x0F, 0xFF, 0x00, 0x00, 0x00, 0x00,
    0x00, 0x00, 0x3F, 0xFC, 0x00, 0x2F, 0xFE, 0x2F, 0xFE, 0x00, 0x3F, 0xFC, 0x0F, 0xFF, 0x00, 0x3F,
    0xFC, 0x0F, 0xFF, 0x00, 0x7F, 0xF8, 0x07, 0xFF, 0x40, 0xBF, 0xF0, 0x03, 0xFF, 0x80, 0xFF, 0xE0,
    0x02, 0xFF, 0xC0, 0xFF, 0xC0, 0x00, 0xFF, 0xC2, 0xFF, 0xC0, 0x00, 0xFF, 0xE3, 0xFF, 0x80, 0x00,
    0xBF, 0xF3, 0xFF, 0x00, 0x00, 0x3F, 0xFF, 0xFF, 0x00, 0x00, 0x2F, 0xFF, 0xFD, 0x00, 0x00, 0x0F,
    0xFF, 0xFC, 0x00, 0x00, 0x0F, 0xFF, 0xF8, 0x00, 0x00, 0x0B, 0xFF, 0xF0, 0x00, 0x00, 0x03, 0xFF,
    0xF0, 0x00, 0x00, 0x03, 0xFF, 0xE0, 0x00, 0x00, 0x01, 0xFF, 0xC0, 0x00, 0x00, 0x02, 0xFF, 0x80,
    0x00, 0x00, 0x6B, 0xFF, 0x00, 0x00, 0x02, 0xFF, 0xFE, 0x00, 0x00, 0x02, 0xFF, 0xFC, 0x00, 0x00,
    0x02, 0xFF, 0xF0, 0x00, 0x00, 0x02, 0xAA, 0x00, 0x00, 0x00, 0x00, 0x00, 0x00, 0x00, 0x00, 0x2F,
    0xFF, 0xFF, 0xFF, 0xE0, 0x2F, 0xFF, 0xFF, 0xFF, 0xE0, 0x2F, 0xFF, 0xFF, 0xFF, 0xE0, 0x2F, 0xFF,
    0xFF, 0xFF, 0xE0, 0x0A, 0xAA, 0xAF, 0xFF, 0xC0, 0x00, 0x00, 0x3F, 0xFF, 0x40, 0x00, 0x00, 0xFF,
    0xFD, 0x00, 0x00, 0x03, 0xFF, 0xF4, 0x00, 0x00, 0x0F, 0xFF, 0xD0, 0x00, 0x00, 0x3F, 0xFF, 0x40,
    0x00, 0x00, 0xFF, 0xFD, 0x00, 0x00, 0x03, 0xFF, 0xF0, 0x00, 0x00, 0x0F, 0xFF, 0xC0, 0x00, 0x00,
    0x3F, 0xFF, 0xEA, 0xAA, 0xA0, 0x3F, 0xFF, 0xFF, 0xFF, 0xF0, 0x3F, 0xFF, 0xFF, 0xFF, 0xF0, 0x3F,
    0xFF, 0xFF, 0xFF, 0xF0, 0x3F, 0xFF, 0xFF, 0xFF, 0xF0, 0x00, 0x00, 0x00, 0x00, 0x00, 0x0F, 0xFF,
    0x00, 0x00, 0xBF, 0xFF, 0x00, 0x00, 0xFF, 0xFF, 0x00, 0x02, 0xFF, 0xFF, 0x00, 0x02, 0xFF, 0xE0,
    0x00, 0x02, 0xFF, 0x80, 0x00, 0x02, 0xFF, 0x80, 0x00, 0x02, 0xFF, 0x80, 0x00, 0x02, 0xFF, 0x80,
    0x00, 0x02, 0xFF, 0x80, 0x00, 0x03, 0xFF, 0x80, 0x00, 0x03, 0xFF, 0x80, 0x00, 0x2F, 0xFF, 0x00,
    0x00, 0x3F, 0xFE, 0x00, 0x00, 0x3F, 0xF0, 0x00, 0x00, 0x3F, 0xFC, 0x00, 0x00, 0x3F, 0xFF, 0x00,
    0x00, 0x0B, 0xFF, 0x80, 0x00, 0x03, 0xFF, 0x80, 0x00, 0x03, 0xFF, 0x80, 0x00, 0x02, 0xFF, 0x80,
    0x00, 0x02, 0xFF, 0x80, 0x00, 0x02, 0xFF, 0x80, 0x00, 0x02, 0xFF, 0x80, 0x00, 0x02, 0xFF, 0xC0,
    0x00, 0x02, 0xFF, 0xFE, 0x00, 0x00, 0xFF, 0xFF, 0x00, 0x00, 0xFF, 0xFF, 0x00, 0x00, 0x3F, 0xFF,
    0x00, 0x00, 0x02, 0xAA, 0x00, 0x00, 0x00, 0xBF, 0xF0, 0xBF, 0xF0, 0xBF, 0xF0, 0xBF, 0xF0, 0xBF,
    0xF0, 0xBF, 0xF0, 0xBF, 0xF0, 0xBF, 0xF0, 0xBF, 0xF0, 0xBF, 0xF0, 0xBF, 0xF0, 0xBF, 0xF0, 0xBF,
    0xF0, 0xBF, 0xF0, 0xBF, 0xF0, 0xBF, 0xF0, 0xBF, 0xF0, 0xBF, 0xF0, 0xBF, 0xF0, 0xBF, 0xF0, 0xBF,
    0xF0, 0xBF, 0xF0, 0xBF, 0xF0, 0xBF, 0xF0, 0xBF, 0xF0, 0xBF, 0xF0, 0xBF, 0xF0, 0xBF, 0xF0, 0xBF,
    0xF0, 0x2A, 0xA0, 0x00, 0x00, 0x00, 0xFF, 0xF8, 0x00, 0xFF, 0xFF, 0x00, 0xFF, 0xFF, 0x80, 0xFF,
    0xFF, 0xC0, 0x03, 0xFF, 0xC0, 0x00, 0xFF, 0xC0, 0x00, 0xFF, 0xC0, 0x00, 0xFF, 0xC0, 0x00, 0xFF,
    0xC0, 0x00, 0xFF, 0xC0, 0x00, 0xFF, 0xC0, 0x00, 0xFF, 0xE0, 0x00, 0xFF, 0xFC, 0x00, 0x3F, 0xFE,
    0x00, 0x0B, 0xFE, 0x00, 0x2F, 0xFE, 0x00, 0xBF, 0xFE, 0x00, 0xFF, 0xF0, 0x00, 0xFF, 0xC0, 0x00,
    0xFF, 0xC0, 0x00, 0xFF, 0xC0, 0x00, 0xFF, 0xC0, 0x00, 0xFF, 0xC0, 0x00, 0xFF, 0xC0, 0x02, 0xFF,
    0xC0, 0xBF, 0xFF, 0xC0, 0xFF, 0xFF, 0x80, 0xFF, 0xFF, 0x00, 0xFF, 0xFC, 0x00, 0xAA, 0x80, 0x00,
    0x00, 0x00, 0x00, 0x10, 0x00, 0x02, 0xF9, 0x00, 0x3E, 0x00, 0x0F, 0xFF, 0xD0, 0xBF, 0x80, 0x2F,
    0xFF, 0xFE, 0xFF, 0x80, 0x3F, 0xFF, 0xFF, 0xFF, 0x40, 0x7F, 0xFF, 0xFF, 0xFF, 0x00, 0xBF, 0x80,
    0xFF, 0xFE, 0x00, 0x2F, 0x00, 0x0B, 0xE0, 0x00, 0x02, 0x00, 0x00, 0x00, 0x00, 0x0B, 0xE0, 0x2F,
    0xFC, 0x3F, 0xFE, 0xBF, 0xFE, 0x7F, 0xFE, 0x3F, 0xFC, 0x0F, 0xF0, 0x00, 0x00, 0x00, 0x00, 0x0F,
    0xF0, 0x0F, 0xF4, 0x0F, 0xF8, 0x2F, 0xF8, 0x2F, 0xFC, 0x3F, 0xFC, 0x3F, 0xFC, 0x3F, 0xFC, 0x3F,
    0xFE, 0xBF, 0xFE, 0xBF, 0xFE, 0xBF, 0xFE, 0xBF, 0xFE, 0xBF, 0xFE, 0xBF, 0xFE, 0x2A, 0xAA, 0x00,
    0x00, 0x3D, 0x00, 0x00, 0x00, 0x00, 0x3E, 0x00, 0x00, 0x00, 0x00, 0xBE, 0x00, 0x00, 0x00, 0x2F,
    0xFF, 0xF8, 0x00, 0x00, 0xFF, 0xFF, 0xFF, 0x00, 0x03, 0xFF, 0xFF, 0xFF, 0xC0, 0x0F, 0xFF, 0xFF,
    0xFF, 0xF0, 0x0F, 0xFF, 0xBE, 0xBF, 0xE0, 0x2F, 0xFD, 0x3E, 0x38, 0x00, 0x3F, 0xFC, 0x3E, 0x00,
    0x00, 0x3F, 0xF8, 0x3E, 0x00, 0x00, 0x3F, 0xF8, 0x3E, 0x00, 0x00, 0x3F, 0xF8, 0x3E, 0x00, 0x00,
    0x3F, 0xF8, 0x3E, 0x00, 0x00, 0x3F, 0xFC, 0x3E, 0x00, 0x00, 0x2F, 0xFE, 0x3E, 0x24, 0x00, 0x0F,
    0xFF, 0xFE, 0xBF, 0x80, 0x0F, 0xFF, 0xFF, 0xFF, 0xF0, 0x03, 0xFF, 0xFF, 0xFF, 0xC0, 0x00, 0xFF,
    0xFF, 0xFF, 0x00, 0x00, 0x2F, 0xFF, 0xF4, 0x00, 0x00, 0x00, 0xBE, 0x00, 0x00, 0x00, 0x00, 0x3E,
    0x00, 0x00, 0x00, 0x00, 0x3E, 0x00, 0x00, 0x00, 0x00, 0x00, 0x00, 0x00, 0x00, 0x00, 0x6A, 0x90,
    0x00, 0x00, 0x00, 0x2F, 0xFF, 0xFF, 0x40, 0x00, 0x00, 0xFF, 0xFF, 0xFF, 0xE0, 0x00, 0x03, 0xFF,
    0xFF, 0xFF, 0xFC, 0x00, 0x0B, 0xFF, 0xFF, 0xFF, 0xFE, 0x00, 0x0F, 0xFF, 0xC0, 0x2F, 0xFF, 0x00,
    0x0F, 0xFF, 0x00, 0x0B, 0xE0, 0x00, 0x0F, 0xFF, 0x00, 0x00, 0x00, 0x00, 0x0F, 0xFF, 0x00, 0x00,
    0x00, 0x00, 0x0B, 0xFF, 0x80, 0x00, 0x00, 0x00, 0x03, 0xFF, 0xC0, 0x00, 0x00, 0x00, 0x2B, 0xFF,
    0xEA, 0xA8, 0x00, 0x00, 0x3F, 0xFF, 0xFF, 0xFC, 0x00, 0x00, 0x3F, 0xFF, 0xFF, 0xFC, 0x00, 0x00,
    0x00, 0x7F, 0xFC, 0x00, 0x00, 0x00, 0x00, 0x3F, 0xFC, 0x00, 0x00, 0x00, 0x00, 0x3F, 0xFC, 0x00,
    0x00, 0x00, 0x00, 0x3F, 0xF8, 0x00, 0x00, 0x00, 0x00, 0xFF, 0xF0, 0x00, 0x00, 0x00, 0x03, 0xFF,
    0xC0, 0x00, 0x00, 0x00, 0x2F, 0xFF, 0xFF, 0xA8, 0xBE, 0x00, 0x3F, 0xFF, 0xFF, 0xFF, 0xFF, 0x00,
    0x2F, 0xFF, 0xFF, 0xFF, 0xFF, 0x00, 0x0F, 0xFF, 0xFF, 0xFF, 0xFF, 0x80, 0x0B, 0x80, 0x0B, 0xFF,
    0xFE, 0x00, 0x00, 0x00, 0x00, 0x00, 0x00, 0x00, 0x00, 0x00, 0x00, 0x00, 0x40, 0x1F, 0x00, 0xA9,
    0x02, 0xF0, 0x3F, 0xEF, 0xFF, 0xEB, 0xF8, 0x0F, 0xFF, 0xFF, 0xFF, 0xE0, 0x03, 0xFF, 0xFF, 0xFF,
    0x80, 0x03, 0xFF, 0xFF, 0xFF, 0x80, 0x0B, 0xFF, 0x02, 0xFF, 0xC0, 0x0F, 0xFC, 0x00, 0xBF, 0xD0,
    0x0F, 0xF4, 0x00, 0x3F, 0xE0, 0x0F, 0xF0, 0x00, 0x3F, 0xE0, 0x0F, 0xF8, 0x00, 0x3F, 0xE0, 0x0F,
    0xFC, 0x00, 0xBF, 0xC0, 0x0B, 0xFF, 0x87, 0xFF, 0xC0, 0x03, 0xFF, 0xFF, 0xFF, 0x80, 0x0B, 0xFF,
    0xFF, 0xFF, 0xC0, 0x2F, 0xFF, 0xFF, 0xFF, 0xF0, 0x3F, 0x8B, 0xFF, 0xC3, 0xF8, 0x0E, 0x00, 0x00,
    0x00, 0xE0, 0x00, 0x00, 0x00, 0x00, 0x00, 0x00, 0x00, 0x00, 0x00, 0x00, 0x00, 0x00, 0x7F, 0xFE,
    0x00, 0x00, 0x3F, 0xFF, 0x00, 0x2F, 0xFF, 0x00, 0x00, 0x7F, 0xFE, 0x00, 0x0F, 0xFF, 0x80, 0x00,
    0xFF, 0xFC, 0x00, 0x0B, 0xFF, 0xC0, 0x02, 0xFF, 0xF0, 0x00, 0x03, 0xFF, 0xF0, 0x03, 0xFF, 0xE0,
    0x00, 0x00, 0xFF, 0xF8, 0x0B, 0xFF, 0xC0, 0x00, 0x00, 0xBF, 0xFC, 0x0F, 0xFF, 0x00, 0x00, 0x00,
    0x3F, 0xFE, 0x3F, 0xFE, 0x00, 0x00, 0x00, 0x1F, 0xFF, 0xBF, 0xFC, 0x00, 0x00, 0x00, 0x0B, 0xFF,
    0xFF, 0xF8, 0x00, 0x00, 0x00, 0x03, 0xFF, 0xFF, 0xF0, 0x00, 0x00, 0x00, 0x02, 0xFF, 0xFF, 0xC0,
    0x00, 0x00, 0x00, 0x00, 0xFF, 0xFF, 0x80, 0x00, 0x00, 0x00, 0x2A, 0xBF, 0xFF, 0xAA, 0x00, 0x00,
    0x00, 0x3F, 0xFF, 0xFF, 0xFF, 0x00, 0x00, 0x00, 0x3F, 0xFF, 0xFF, 0xFF, 0x00, 0x00, 0x00, 0x00,
    0x2F, 0xFE, 0x00, 0x00, 0x00, 0x00, 0x00, 0x2F, 0xFC, 0x00, 0x00, 0x00, 0x00, 0x2A, 0xBF, 0xFE,
    0xAA, 0x00, 0x00, 0x00, 0x3F, 0xFF, 0xFF, 0xFF, 0x00, 0x00, 0x00, 0x3F, 0xFF, 0xFF, 0xFF, 0x00,
    0x00, 0x00, 0x00, 0x2F, 0xFE, 0x00, 0x00, 0x00, 0x00, 0x00, 0x2F, 0xFC, 0x00, 0x00, 0x00, 0x00,
    0x00, 0x2F, 0xFC, 0x00, 0x00, 0x00, 0x00, 0x00, 0xBF, 0xC0, 0xBF, 0xC0, 0xBF, 0xC0, 0xBF, 0xC0,
    0xBF, 0xC0, 0xBF, 0xC0, 0xBF, 0xC0, 0xBF, 0xC0, 0xBF, 0xC0, 0xBF, 0xC0, 0xBF, 0xC0, 0x00, 0x00,
    0x00, 0x00, 0x00, 0x00, 0x00, 0x00, 0x00, 0x00, 0x00, 0x00, 0x00, 0x00, 0x2A, 0x80, 0xBF, 0xC0,
    0xBF, 0xC0, 0xBF, 0xC0, 0xBF, 0xC0, 0xBF, 0xC0, 0xBF, 0xC0, 0xBF, 0xC0, 0xBF, 0xC0, 0xBF, 0xC0,
    0xBF, 0xC0, 0x2A, 0x80, 0x00, 0x01, 0xAA, 0x80, 0x00, 0x00, 0x2F, 0xFF, 0xFC, 0x00, 0x00, 0xFF,
    0xFF, 0xFF, 0x80, 0x03, 0xFF, 0xFF, 0xFF, 0xC0, 0x0B, 0xFF, 0xEB, 0xFF, 0xD0, 0x0B, 0xFF, 0x00,
    0xB8, 0x00, 0x0B, 0xFF, 0x40, 0x00, 0x00, 0x03, 0xFF, 0xE0, 0x00, 0x00, 0x03, 0xFF, 0xFE, 0x00,
    0x00, 0x02, 0xFF, 0xFF, 0xE0, 0x00, 0x0B, 0xFF, 0xFF, 0xFE, 0x00, 0x0F, 0xFF, 0xFF, 0xFF, 0xC0,
    0x3F, 0xFE, 0xFF, 0xFF, 0xF8, 0x3F, 0xF4, 0x0B, 0xFF, 0xFC, 0x3F, 0xF8, 0x00, 0xFF, 0xFE, 0x3F,
    0xFE, 0x00, 0x1F, 0xFF, 0x3F, 0xFF, 0xE0, 0x0F, 0xFF, 0x0F, 0xFF, 0xFE, 0x1F, 0xFE, 0x03, 0xFF,
    0xFF, 0xFF, 0xFC, 0x00, 0xBF, 0xFF, 0xFF, 0xF0, 0x00, 0x0F, 0xFF, 0xFF, 0xC0, 0x00, 0x00, 0xFF,
    0xFF, 0xC0, 0x00, 0x00, 0x0F, 0xFF, 0xF0, 0x00, 0x00, 0x02, 0xFF, 0xF0, 0x00, 0x08, 0x00, 0xBF,
    0xF0, 0x02, 0xFE, 0x00, 0xBF, 0xF0, 0x0B, 0xFF, 0x82, 0xFF, 0xF0, 0x03, 0xFF, 0xFF, 0xFF, 0xE0,
    0x01, 0xFF, 0xFF, 0xFF, 0xC0, 0x00, 0x7F, 0xFF, 0xFE, 0x00, 0x00, 0x0B, 0xFF, 0xE0, 0x00, 0x00,
    0x00, 0x00, 0x00, 0x00, 0x00, 0x00, 0x00, 0x00, 0x3F, 0x40, 0xFC, 0x00, 0xBF, 0xC3, 0xFF, 0x00,
    0xFF, 0xC3, 0xFF, 0x00, 0xFF, 0xC3, 0xFF, 0x00, 0x3F, 0x40, 0xFC, 0x00, 0x00, 0x00, 0x00, 0x00,
    0x00, 0x00, 0x02, 0xAA, 0x00, 0x00, 0x00, 0x00, 0x00, 0xBF, 0xFF, 0xF8, 0x00, 0x00, 0x00, 0x0B,
    0xFF, 0xFF, 0xFF, 0x80, 0x00, 0x00, 0x3F, 0xF8, 0x00, 0xBF, 0xE0, 0x00, 0x00, 0xFF, 0x00, 0x00,
    0x0B, 0xF8, 0x00, 0x03, 0xFC, 0x00, 0x00, 0x00, 0xFE, 0x00, 0x0B, 0xF0, 0x07, 0xFE, 0x40, 0x3F,
    0x00, 0x0F, 0xC0, 0x3F, 0xFF, 0xF0, 0x2F, 0x80, 0x1F, 0x80, 0xFF, 0xFF, 0xFC, 0x0F, 0xC0, 0x2F,
    0x02, 0xFF, 0x8B, 0xFC, 0x0B, 0xE0, 0x3F, 0x03, 0xFE, 0x00, 0x80, 0x03, 0xE0, 0x3E, 0x03, 0xFC,
    0x00, 0x00, 0x03, 0xF0, 0x3E, 0x03, 0xFC, 0x00, 0x00, 0x03, 0xF0, 0x3E, 0x03, 0xFC, 0x00, 0x00,
    0x03, 0xF0, 0x3E, 0x03, 0xFC, 0x00, 0x00, 0x03, 0xE0, 0x3F, 0x03, 0xFF, 0x00, 0x80, 0x03, 0xE0,
    0x2F, 0x02, 0xFF, 0xEB, 0xFC, 0x0B, 0xC0, 0x0F, 0xC0, 0xFF, 0xFF, 0xF8, 0x0F, 0xC0, 0x0F, 0xD0,
    0x2F, 0xFF, 0xE0, 0x2F, 0x80, 0x03, 0xF0, 0x02, 0xA9, 0x00, 0xBF, 0x00, 0x02, 0xFC, 0x00, 0x00,
    0x02, 0xFC, 0x00, 0x00, 0xBF, 0x80, 0x00, 0x0F, 0xF8, 0x00, 0x00, 0x2F, 0xFE, 0x46, 0xFF, 0xD0,
    0x00, 0x00, 0x03, 0xFF, 0xFF, 0xFE, 0x00, 0x00, 0x00, 0x00, 0x6F, 0xFF, 0xE0, 0x00, 0x00, 0x00,
    0x00, 0x00, 0x00, 0x00, 0x00, 0x00, 0x00, 0x00, 0x00, 0x02, 0xFF, 0xE0, 0x0F, 0xFF, 0xF8, 0x0B,
    0xEB, 0xFC, 0x00, 0x03, 0xFC, 0x0B, 0xFF, 0xFC, 0x2F, 0xFF, 0xFC, 0x3F, 0xC2, 0xFC, 0x3F, 0xC3,
    0xFC, 0x3F, 0xFF, 0xFC, 0x0F, 0xFF, 0xFC, 0x02, 0xA8, 0x68, 0x00, 0x0F, 0xFF, 0x0B, 0xFF, 0xC0,
    0x00, 0x3F, 0xFE, 0x0F, 0xFF, 0x40, 0x00, 0xBF, 0xFC, 0x3F, 0xFE, 0x00, 0x00, 0xFF, 0xF0, 0xBF,
    0xFC, 0x00, 0x03, 0xFF, 0xE0, 0xFF, 0xF0, 0x00, 0x0B, 0xFF, 0xC3, 0xFF, 0xE0, 0x00, 0x0F, 0xFF,
    0x0B, 0xFF, 0xC0, 0x00, 0x3F, 0xFE, 0x0F, 0xFF, 0x00, 0x00, 0x3F, 0xFF, 0x0F, 0xFF, 0x80, 0x00,
    0x0F, 0xFF, 0x87, 0xFF, 0xC0, 0x00, 0x07, 0xFF, 0xC2, 0xFF, 0xF0, 0x00, 0x02, 0xFF, 0xF0, 0xFF,
    0xF8, 0x00, 0x00, 0xFF, 0xF8, 0x3F, 0xFC, 0x00, 0x00, 0x3F, 0xFC, 0x2F, 0xFF, 0x00, 0x00, 0x2F,
    0xFF, 0x0F, 0xFF, 0x80, 0x00, 0x0A, 0xAA, 0x02, 0xAA, 0x80, 0x2A, 0xAA, 0xAA, 0xAA, 0xA8, 0x3F,
    0xFF, 0xFF, 0xFF, 0xFE, 0x3F, 0xFF, 0xFF, 0xFF, 0xFE, 0x3F, 0xFF, 0xFF, 0xFF, 0xFE, 0x3F, 0xFF,
    0xFF, 0xFF, 0xFE, 0x00, 0x00, 0x00, 0x0B, 0xFE, 0x00, 0x00, 0x00, 0x03, 0xFE, 0x00, 0x00, 0x00,
    0x03, 0xFE, 0x00, 0x00, 0x00, 0x03, 0xFE, 0x00, 0x00, 0x00, 0x03, 0xFE, 0x00, 0x00, 0x00, 0x03,
    0xFE, 0x00, 0x00, 0x00, 0x03, 0xFE, 0x00, 0x00, 0x00, 0x03, 0xFE, 0x00, 0x00, 0x00, 0x03, 0xFD,
    0x00, 0x00, 0x02, 0xAA, 0x00, 0x00, 0x00, 0x00, 0x00, 0xBF, 0xFF, 0xF8, 0x00, 0x00, 0x00, 0x0B,
    0xFF, 0xFF, 0xFF, 0x80, 0x00, 0x00, 0x3F, 0xF8, 0x00, 0xBF, 0xE0, 0x00, 0x00, 0xFF, 0x00, 0x00,
    0x0B, 0xF8, 0x00, 0x03, 0xFC, 0x00, 0x00, 0x00, 0xFE, 0x00, 0x0B, 0xF1, 0xFF, 0xFF, 0xD0, 0x3F,
    0x00, 0x0F, 0xC1, 0xFF, 0xFF, 0xF8, 0x2F, 0x80, 0x1F, 0x81, 0xFE, 0xAF, 0xFC, 0x0F, 0xC0, 0x2F,
    0x01, 0xFC, 0x03, 0xFC, 0x0B, 0xE0, 0x3F, 0x01, 0xFC, 0x03, 0xFC, 0x03, 0xE0, 0x3E, 0x01, 0xFF,
    0xBF, 0xFC, 0x03, 0xF0, 0x3E, 0x01, 0xFF, 0xFF, 0xF0, 0x03, 0xF0, 0x3E, 0x01, 0xFF, 0xFF, 0x80,
    0x03, 0xF0, 0x3E, 0x01, 0xFD, 0xBF, 0x80, 0x03, 0xE0, 0x3F, 0x01, 0xFC, 0x3F, 0xE0, 0x03, 0xE0,
    0x2F, 0x01, 0xFC, 0x0F, 0xF0, 0x0B, 0xC0, 0x0F, 0xC1, 0xFC, 0x03, 0xFC, 0x0F, 0xC0, 0x0F, 0xD1,
    0xFC, 0x02, 0xFE, 0x2F, 0x80, 0x03, 0xF0, 0x00, 0x00, 0x00, 0xBF, 0x00, 0x02, 0xFC, 0x00, 0x00,
    0x02, 0xFC, 0x00, 0x00, 0xBF, 0x80, 0x00, 0x0F, 0xF8, 0x00, 0x00, 0x2F, 0xFE, 0x46, 0xFF, 0xD0,
    0x00, 0x00, 0x03, 0xFF, 0xFF, 0xFE, 0x00, 0x00, 0x00, 0x00, 0x6F, 0xFF, 0xE0, 0x00, 0x00, 0x00,
    0x00, 0x00, 0x00, 0x00, 0x00, 0x00, 0x00, 0x00, 0x00, 0x3F, 0xFF, 0xFE, 0x3F, 0xFF, 0xFE, 0x3F,
    0xFF, 0xFE, 0x2A, 0xAA, 0xA8, 0x00, 0x6A, 0x00, 0x00, 0x03, 0xFF, 0xE0, 0x00, 0x0F, 0xFF, 0xFC,
    0x00, 0x3F, 0xFF, 0xFE, 0x00, 0x7F, 0x80, 0xFF, 0x00, 0xBF, 0x00, 0x7F, 0x00, 0xBF, 0x00, 0x3F,
    0x00, 0xBF, 0x00, 0xBF, 0x00, 0x3F, 0xD2, 0xFF, 0x00, 0x2F, 0xFF, 0xFC, 0x00, 0x0F, 0xFF, 0xF8,
    0x00, 0x02, 0xFF, 0xC0, 0x00, 0x00, 0x00, 0x00, 0x00, 0x00, 0x00, 0x00, 0x00, 0x00, 0x00, 0x00,
    0xFF, 0x80, 0x00, 0x00, 0x00, 0xFF, 0x80, 0x00, 0x00, 0x00, 0xFF, 0x80, 0x00, 0x00, 0x02, 0xFF,
    0x80, 0x00, 0x3F, 0xFF, 0xFF, 0xFF, 0xFE, 0x3F, 0xFF, 0xFF, 0xFF, 0xFE, 0x3F, 0xFF, 0xFF, 0xFF,
    0xFE, 0x2A, 0xAB, 0xFF, 0xEA, 0xA8, 0x00, 0x00, 0xFF, 0x80, 0x00, 0x00, 0x00, 0xFF, 0x80, 0x00,
    0x00, 0x00, 0xFF, 0x80, 0x00, 0x00, 0x00, 0xAA, 0x00, 0x00, 0x00, 0x00, 0x00, 0x00, 0x00, 0x3F,
    0xFF, 0xFF, 0xFF, 0xFD, 0x3F, 0xFF, 0xFF, 0xFF, 0xFE, 0x3F, 0xFF, 0xFF, 0xFF, 0xFE, 0x3F, 0xFF,
    0xFF, 0xFF, 0xFE, 0x3F, 0xFF, 0xFF, 0xFF, 0xFD, 0x00, 0x19, 0x00, 0x03, 0xFF, 0xF4, 0x0F, 0xFF,
    0xFC, 0x2F, 0xFB, 0xFE, 0x02, 0xC0, 0xFF, 0x00, 0x00, 0xFE, 0x00, 0x03, 0xFC, 0x00, 0x0F, 0xF8,
    0x00, 0x3F, 0xE0, 0x02, 0xFF, 0x80, 0x0F, 0xFC, 0x00, 0x3F, 0xFF, 0xFE, 0x3F, 0xFF, 0xFF, 0x3F,
    0xFF, 0xFF, 0x2A, 0xAA, 0xA8, 0x00, 0x19, 0x00, 0x00, 0x0B, 0xFF, 0xF0, 0x00, 0x2F, 0xFF, 0xFC,
    0x00, 0x2F, 0xEB, 0xFE, 0x00, 0x01, 0x40, 0xFE, 0x00, 0x00, 0x03, 0xFE, 0x00, 0x00, 0x3F, 0xFC,
    0x00, 0x00, 0x3F, 0xF8, 0x00, 0x00, 0x3F, 0xFE, 0x00, 0x00, 0x02, 0xFF, 0x00, 0x01, 0x00, 0xFF,
    0x00, 0x2F, 0xE2, 0xFF, 0x00, 0x2F, 0xFF, 0xFE, 0x00, 0x0B, 0xFF, 0xF8, 0x00, 0x00, 0xAA, 0x40,
    0x00, 0x00, 0x04, 0x00, 0x00, 0x7F, 0x00, 0x00, 0xFF, 0x80, 0x03, 0xFF, 0x00, 0x0F, 0xFE, 0x00,
    0x2F, 0xF0, 0x00, 0x00, 0x00, 0x00, 0x00, 0x00, 0x00, 0x00, 0x00, 0x00, 0x3F, 0xF0, 0x00, 0xFF,
    0xE0, 0x00, 0x3F, 0xF0, 0x00, 0xFF, 0xE0, 0x00, 0x3F, 0xF0, 0x00, 0xFF, 0xE0, 0x00, 0x3F, 0xF0,
    0x00, 0xFF, 0xE0, 0x00, 0x3F, 0xF0, 0x00, 0xFF, 0xE0, 0x00, 0x3F, 0xF0, 0x00, 0xFF, 0xE0, 0x00,
    0x3F, 0xF0, 0x00, 0xFF, 0xE0, 0x00, 0x3F, 0xF0, 0x00, 0xFF, 0xE0, 0x00, 0x3F, 0xF0, 0x00, 0xFF,
    0xE0, 0x00, 0x3F, 0xF4, 0x00, 0xFF, 0xE0, 0x00, 0x3F, 0xF8, 0x00, 0xFF, 0xE0, 0x00, 0x3F, 0xF8,
    0x00, 0xFF, 0xE0, 0x00, 0x3F, 0xFC, 0x02, 0xFF, 0xF0, 0x00, 0x3F, 0xFE, 0x0B, 0xFF, 0xFF, 0x00,
    0x3F, 0xFF, 0xFF, 0xFF, 0xFF, 0x00, 0x3F, 0xFF, 0xFF, 0xFF, 0xFF, 0x00, 0x3F, 0xFF, 0xFF, 0x2F,
    0xFF, 0x00, 0x3F, 0xFF, 0xF8, 0x02, 0xFF, 0x00, 0x3F, 0xF8, 0x00, 0x00, 0x00, 0x00, 0x3F, 0xF4,
    0x00, 0x00, 0x00, 0x00, 0x3F, 0xF8, 0x00, 0x00, 0x00, 0x00, 0x3F, 0xF8, 0x00, 0x00, 0x00, 0x00,
    0x3F, 0xF8, 0x00, 0x00, 0x00, 0x00, 0x2A, 0xA4, 0x00, 0x00, 0x00, 0x00, 0x00, 0x00, 0x00, 0x00,
    0x00, 0x00, 0xBF, 0xFF, 0xFF, 0xF0, 0x03, 0xFF, 0xFF, 0xFF, 0xF0, 0x0F, 0xFF, 0xE0, 0xBF, 0x80,
    0x2F, 0xFF, 0xE0, 0x7F, 0x00, 0x3F, 0xFF, 0xE0, 0x7F, 0x00, 0x3F, 0xFF, 0xE0, 0x7F, 0x00, 0x3F,
    0xFF, 0xE0, 0x7F, 0x00, 0x3F, 0xFF, 0xE0, 0x7F, 0x00, 0x3F, 0xFF, 0xE0, 0x7F, 0x00, 0x2F, 0xFF,
    0xE0, 0x7F, 0x00, 0x0F, 0xFF, 0xE0, 0x7F, 0x00, 0x03, 0xFF, 0xE0, 0x7F, 0x00, 0x00, 0xFF, 0xE0,
    0x7F, 0x00, 0x00, 0x0F, 0xE0, 0x7F, 0x00, 0x00, 0x0F, 0xE0, 0x7F, 0x00, 0x00, 0x0F, 0xE0, 0x7F,
    0x00, 0x00, 0x0F, 0xE0, 0x7F, 0x00, 0x00, 0x0F, 0xE0, 0x7F, 0x00, 0x00, 0x0F, 0xE0, 0x7F, 0x00,
    0x00, 0x0F, 0xE0, 0x7F, 0x00, 0x00, 0x0F, 0xE0, 0x7F, 0x00, 0x00, 0x0F, 0xE0, 0x7F, 0x00, 0x00,
    0x0F, 0xE0, 0x7F, 0x00, 0x00, 0x0F, 0xE0, 0x7F, 0x00, 0x00, 0x0F, 0xE0, 0x7F, 0x00, 0x00, 0x0F,
    0xE0, 0x7F, 0x00, 0x00, 0x0F, 0xE0, 0x7F, 0x00, 0x00, 0x0F, 0xE0, 0x7F, 0x00, 0x00, 0x0F, 0xE0,
    0x7F, 0x00, 0x00, 0x0F, 0xD0, 0x3F, 0x00, 0x02, 0xA0, 0x00, 0x0F, 0xFC, 0x00, 0x3F, 0xFE, 0x00,
    0x3F, 0xFF, 0x00, 0x3F, 0xFF, 0x00, 0x3F, 0xFE, 0x00, 0x0F, 0xFC, 0x00, 0x00, 0x80, 0x00, 0x00,
    0x00, 0x00, 0x03, 0x80, 0x00, 0x0B, 0xC0, 0x00, 0x0F, 0xE8, 0x00, 0x0F, 0xFF, 0x00, 0x00, 0x7F,
    0x40, 0x29, 0xBF, 0x00, 0x3F, 0xFE, 0x00, 0x1A, 0xA0, 0x00, 0x00, 0x00, 0x00, 0xFE, 0x2F, 0xFE,
    0x3F, 0xFE, 0x3F, 0xFE, 0x2A, 0xFE, 0x00, 0xFE, 0x00, 0xFE, 0x00, 0xFE, 0x00, 0xFE, 0x00, 0xFE,
    0x00, 0xFE, 0x00, 0xFE, 0x00, 0xFE, 0x00, 0xA8, 0x00, 0x00, 0x00, 0x00, 0x00, 0xBF, 0x80, 0x00,
    0x0B, 0xFF, 0xF8, 0x00, 0x1F, 0xFF, 0xFE, 0x00, 0x3F, 0xE2, 0xFF, 0x00, 0x3F, 0xC0, 0xFF, 0x00,
    0x3F, 0xC0, 0xFF, 0x00, 0x3F, 0xC0, 0xFF, 0x00, 0x2F, 0xF2, 0xFE, 0x00, 0x0F, 0xFF, 0xFC, 0x00,
    0x03, 0xFF, 0xF0, 0x00, 0x00, 0x6A, 0x40, 0x00, 0x3F, 0xFE, 0x0F, 0xFF, 0x00, 0x00, 0x0F, 0xFF,
    0x0B, 0xFF, 0xC0, 0x00, 0x0B, 0xFF, 0xC3, 0xFF, 0xE0, 0x00, 0x03, 0xFF, 0xE0, 0xFF, 0xF0, 0x00,
    0x00, 0xFF, 0xF0, 0xBF, 0xFC, 0x00, 0x00, 0xBF, 0xFC, 0x3F, 0xFE, 0x00, 0x00, 0x3F, 0xFE, 0x0F,
    0xFF, 0x40, 0x00, 0x0F, 0xFF, 0x4B, 0xFF, 0xC0, 0x00, 0x0F, 0xFF, 0x0B, 0xFF, 0xC0, 0x00, 0x3F,
    0xFE, 0x2F, 0xFF, 0x00, 0x00, 0xFF, 0xFC, 0x3F, 0xFE, 0x00, 0x02, 0xFF, 0xF0, 0xFF, 0xFC, 0x00,
    0x03, 0xFF, 0xD2, 0xFF, 0xF0, 0x00, 0x0F, 0xFF, 0x83, 0xFF, 0xC0, 0x00, 0x2F, 0xFF, 0x0F, 0xFF,
    0x80, 0x00, 0x2A, 0xA8, 0x0A, 0xAA, 0x00, 0x00, 0x00, 0x00, 0x00, 0x00, 0x00, 0x00, 0x00, 0x00,
    0xFE, 0x00, 0x00, 0x03, 0xFF, 0x00, 0x2F, 0xFE, 0x00, 0x00, 0x0B, 0xFD, 0x00, 0x3F, 0xFE, 0x00,
    0x00, 0x0F, 0xF8, 0x00, 0x3F, 0xFE, 0x00, 0x00, 0x3F, 0xF0, 0x00, 0x2A, 0xFE, 0x00, 0x00, 0xBF,
    0xC0, 0x00, 0x00, 0xFE, 0x00, 0x00, 0xFF, 0x80, 0x00, 0x00, 0xFE, 0x00, 0x03, 0xFF, 0x00, 0x00,
    0x00, 0xFE, 0x00, 0x0B, 0xFC, 0x00, 0x00, 0x00, 0xFE, 0x00, 0x2F, 0xF8, 0x00, 0x00, 0x00, 0xFE,
    0x00, 0x3F, 0xF0, 0x00, 0x00, 0x00, 0xFE, 0x00, 0xFF, 0xC0, 0x0A, 0xA0, 0x00, 0xFE, 0x02, 0xFF,
    0x40, 0x3F, 0xF0, 0x00, 0xFE, 0x03, 0xFE, 0x00, 0xFF, 0xF0, 0x00, 0xA8, 0x0F, 0xFC, 0x02, 0xFF,
    0xF0, 0x00, 0x00, 0x2F, 0xF0, 0x0B, 0xFF, 0xF0, 0x00, 0x00, 0x3F, 0xE0, 0x0F, 0xEF, 0xF0, 0x00,
    0x00, 0xFF, 0xC0, 0x3F, 0x8F, 0xF0, 0x00, 0x03, 0xFF, 0x00, 0xFF, 0x0F, 0xF0, 0x00, 0x0B, 0xFE,
    0x02, 0xFF, 0xFF, 0xFF, 0x00, 0x0F, 0xF8, 0x02, 0xFF, 0xFF, 0xFF, 0x00, 0x3F, 0xF0, 0x02, 0xFF,
    0xFF, 0xFF, 0x00, 0xBF, 0xC0, 0x00, 0x00, 0x0F, 0xF0, 0x00, 0xFF, 0x80, 0x00, 0x00, 0x0F, 0xF0,
    0x03, 0xFF, 0x00, 0x00, 0x00, 0x0F, 0xF0, 0x00, 0x00, 0x00, 0x00, 0x00, 0x00, 0x00, 0x00, 0x00,
    0xFE, 0x00, 0x00, 0x03, 0xFF, 0x00, 0x00, 0x2F, 0xFE, 0x00, 0x00, 0x0B, 0xFD, 0x00, 0x00, 0x3F,
    0xFE, 0x00, 0x00, 0x0F, 0xF8, 0x00, 0x00, 0x3F, 0xFE, 0x00, 0x00, 0x3F, 0xF0, 0x00, 0x00, 0x2A,
    0xFE, 0x00, 0x00, 0xBF, 0xC0, 0x00, 0x00, 0x00, 0xFE, 0x00, 0x00, 0xFF, 0x80, 0x00, 0x00, 0x00,
    0xFE, 0x00, 0x03, 0xFF, 0x00, 0x00, 0x00, 0x00, 0xFE, 0x00, 0x0B, 0xFC, 0x00, 0x00, 0x00, 0x00,
    0xFE, 0x00, 0x2F, 0xF8, 0x00, 0x00, 0x00, 0x00, 0xFE, 0x00, 0x3F, 0xF0, 0x00, 0x00, 0x00, 0x00,
    0xFE, 0x00, 0xFF, 0xC0, 0xBF, 0xE0, 0x00, 0x00, 0xFE, 0x02, 0xFF, 0x4B, 0xFF, 0xFC, 0x00, 0x00,
    0xFE, 0x03, 0xFE, 0x0F, 0xFF, 0xFE, 0x00, 0x00, 0xA8, 0x0F, 0xFC, 0x0B, 0xE0, 0xFF, 0x00, 0x00,
    0x00, 0x2F, 0xF0, 0x00, 0x40, 0xFF, 0x00, 0x00, 0x00, 0x3F, 0xE0, 0x00, 0x01, 0xFE, 0x00, 0x00,
    0x00, 0xFF, 0xC0, 0x00, 0x03, 0xFC, 0x00, 0x00, 0x03, 0xFF, 0x00, 0x00, 0x1F, 0xF8, 0x00, 0x00,
    0x0B, 0xFE, 0x00, 0x00, 0xBF, 0xD0, 0x00, 0x00, 0x0F, 0xF8, 0x00, 0x03, 0xFF, 0x00, 0x00, 0x00,
    0x3F, 0xF0, 0x00, 0x2F, 0xFE, 0x00, 0x00, 0x00, 0xBF, 0xC0, 0x00, 0x3F, 0xFF, 0xFF, 0x00, 0x00,
    0xFF, 0x80, 0x00, 0x3F, 0xFF, 0xFF, 0x00, 0x03, 0xFF, 0x00, 0x00, 0x3F, 0xFF, 0xFF, 0x00, 0x00,
    0xAA, 0x80, 0x00, 0x00, 0x00, 0x00, 0x00, 0x0B, 0xFF, 0xF8, 0x00, 0x00, 0x0B, 0xFC, 0x00, 0x2F,
    0xFF, 0xFC, 0x00, 0x00, 0x0F, 0xF8, 0x00, 0x2F, 0xE3, 0xFE, 0x00, 0x00, 0x3F, 0xF0, 0x00, 0x00,
    0x00, 0xFE, 0x00, 0x00, 0xBF, 0xC0, 0x00, 0x00, 0x0B, 0xFD, 0x00, 0x01, 0xFF, 0x80, 0x00, 0x00,
    0x3F, 0xFC, 0x00, 0x03, 0xFF, 0x00, 0x00, 0x00, 0x3F, 0xFC, 0x00, 0x0F, 0xFC, 0x00, 0x00, 0x00,
    0x3F, 0xFE, 0x00, 0x2F, 0xF4, 0x00, 0x00, 0x00, 0x01, 0xFF, 0x00, 0x3F, 0xE0, 0x00, 0x00, 0x02,
    0x80, 0xFF, 0x00, 0xFF, 0xC0, 0x00, 0x00, 0x3F, 0xEB, 0xFF, 0x02, 0xFF, 0x00, 0x0A, 0xA0, 0x2F,
    0xFF, 0xFC, 0x03, 0xFE, 0x00, 0x3F, 0xE0, 0x0B, 0xFF, 0xF0, 0x0F, 0xFC, 0x00, 0xFF, 0xE0, 0x00,
    0x19, 0x00, 0x2F, 0xF0, 0x03, 0xFF, 0xE0, 0x00, 0x00, 0x00, 0x7F, 0xE0, 0x0B, 0xFF, 0xE0, 0x00,
    0x00, 0x00, 0xFF, 0xC0, 0x2F, 0xEF, 0xE0, 0x00, 0x00, 0x03, 0xFF, 0x00, 0x3F, 0x8F, 0xE0, 0x00,
    0x00, 0x0B, 0xFD, 0x00, 0xFF, 0x0F, 0xE0, 0x00, 0x00, 0x0F, 0xF8, 0x02, 0xFF, 0xFF, 0xFE, 0x00,
    0x00, 0x3F, 0xF0, 0x02, 0xFF, 0xFF, 0xFE, 0x00, 0x00, 0xBF, 0xC0, 0x02, 0xFF, 0xFF, 0xFE, 0x00,
    0x00, 0xFF, 0x80, 0x00, 0x00, 0x1F, 0xE0, 0x00, 0x03, 0xFF, 0x00, 0x00, 0x00, 0x0F, 0xE0, 0x00,
    0x0B, 0xFC, 0x00, 0x00, 0x00, 0x0F, 0xE0, 0x00, 0x00, 0x0B, 0xD0, 0x00, 0x00, 0x00, 0x3F, 0xF8,
    0x00, 0x00, 0x00, 0xFF, 0xFC, 0x00, 0x00, 0x00, 0xFF, 0xFC, 0x00, 0x00, 0x00, 0xFF, 0xFC, 0x00,
    0x00, 0x00, 0xBF, 0xF8, 0x00, 0x00, 0x00, 0x2F, 0xE0, 0x00, 0x00, 0x00, 0x00, 0x00, 0x00, 0x00,
    0x00, 0x00, 0x00, 0x00, 0x00, 0x00, 0x3F, 0xF4, 0x00, 0x00, 0x00, 0xBF, 0xF4, 0x00, 0x00, 0x01,
    0xFF, 0xF0, 0x00, 0x00, 0x0F, 0xFF, 0xF0, 0x00, 0x00, 0xBF, 0xFF, 0xD0, 0x00, 0x03, 0xFF, 0xFF,
    0x80, 0x00, 0x0F, 0xFF, 0xF8, 0x00, 0x00, 0x3F, 0xFF, 0x80, 0x00, 0x00, 0x3F, 0xFC, 0x00, 0x00,
    0x00, 0x3F, 0xF8, 0x00, 0x0B, 0x40, 0x3F, 0xFC, 0x00, 0x2F, 0xF8, 0x3F, 0xFF, 0xAA, 0xFF, 0xFE,
    0x2F, 0xFF, 0xFF, 0xFF, 0xFC, 0x0F, 0xFF, 0xFF, 0xFF, 0xF0, 0x02, 0xFF, 0xFF, 0xFF, 0x80, 0x00,
    0x2B, 0xFF, 0xE4, 0x00, 0x00, 0x00, 0x00, 0x00, 0x00, 0x00, 0x00, 0x00, 0x00, 0x00, 0x00, 0x00,
    0x00, 0x00, 0xF8, 0x00, 0x00, 0x00, 0x00, 0x00, 0x03, 0xFE, 0x00, 0x00, 0x00, 0x00, 0x00, 0x03,
    0xFF, 0x80, 0x00, 0x00, 0x00, 0x00, 0x00, 0xFF, 0xD0, 0x00, 0x00, 0x00, 0x00, 0x00, 0x3F, 0xF0,
    0x00, 0x00, 0x00, 0x00, 0x00, 0x0A, 0xA8, 0x00, 0x00, 0x00, 0x00, 0x00, 0x00, 0x00, 0x00, 0x00,
    0x00, 0x00, 0x00, 0x00, 0x00, 0x00, 0x00, 0x00, 0x00, 0x00, 0x3F, 0xFF, 0x00, 0x00, 0x00, 0x00,
    0x00, 0xBF, 0xFF, 0x00, 0x00, 0x00, 0x00, 0x00, 0xFF, 0xFF, 0x80, 0x00, 0x00, 0x00, 0x00, 0xFF,
    0xFF, 0xC0, 0x00, 0x00, 0x00, 0x02, 0xFF, 0xFF, 0xE0, 0x00, 0x00, 0x00, 0x03, 0xFF, 0xFF, 0xF0,
    0x00, 0x00, 0x00, 0x07, 0xFF, 0xFF, 0xF0, 0x00, 0x00, 0x00, 0x0F, 0xFF, 0x3F, 0xF8, 0x00, 0x00,
    0x00, 0x0F, 0xFE, 0x3F, 0xFC, 0x00, 0x00, 0x00, 0x2F, 0xFC, 0x2F, 0xFC, 0x00, 0x00, 0x00, 0x3F,
    0xFC, 0x0F, 0xFE, 0x00, 0x00, 0x00, 0x3F, 0xF8, 0x0F, 0xFF, 0x00, 0x00, 0x00, 0xBF, 0xF0, 0x0B,
    0xFF, 0x80, 0x00, 0x00, 0xFF, 0xF0, 0x03, 0xFF, 0xC0, 0x00, 0x01, 0xFF, 0xE0, 0x03, 0xFF, 0xC0,
    0x00, 0x03, 0xFF, 0xFF, 0xFF, 0xFF, 0xE0, 0x00, 0x03, 0xFF, 0xFF, 0xFF, 0xFF, 0xF0, 0x00, 0x0B,
    0xFF, 0xFF, 0xFF, 0xFF, 0xF4, 0x00, 0x0F, 0xFF, 0xFF, 0xFF, 0xFF, 0xFC, 0x00, 0x0F, 0xFF, 0xAA,
    0xAA, 0xBF, 0xFC, 0x00, 0x2F, 0xFE, 0x00, 0x00, 0x3F, 0xFE, 0x00, 0x3F, 0xFC, 0x00, 0x00, 0x2F,
    0xFF, 0x00, 0xBF, 0xFC, 0x00, 0x00, 0x0F, 0xFF, 0x00, 0xFF, 0xF8, 0x00, 0x00, 0x0F, 0xFF, 0x80,
    0x00, 0x00, 0x00, 0x00, 0x00, 0x00, 0x00, 0x00, 0x00, 0x00, 0x0B, 0xC0, 0x00, 0x00, 0x00, 0x00,
    0x00, 0x2F, 0xE0, 0x00, 0x00, 0x00, 0x00, 0x00, 0xBF, 0xE0, 0x00, 0x00, 0x00, 0x00, 0x02, 0xFF,
    0xC0, 0x00, 0x00, 0x00, 0x00, 0x07, 0xFF, 0x00, 0x00, 0x00, 0x00, 0x00, 0x0A, 0xA8, 0x00, 0x00,
    0x00, 0x00, 0x00, 0x00, 0x00, 0x00, 0x00, 0x00, 0x00, 0x00, 0x00, 0x00, 0x00, 0x00, 0x00, 0x00,
    0x00, 0x3F, 0xFF, 0x00, 0x00, 0x00, 0x00, 0x00, 0xBF, 0xFF, 0x00, 0x00, 0x00, 0x00, 0x00, 0xFF,
    0xFF, 0x80, 0x00, 0x00, 0x00, 0x00, 0xFF, 0xFF, 0xC0, 0x00, 0x00, 0x00, 0x02, 0xFF, 0xFF, 0xE0,
    0x00, 0x00, 0x00, 0x03, 0xFF, 0xFF, 0xF0, 0x00, 0x00, 0x00, 0x07, 0xFF, 0xFF, 0xF0, 0x00, 0x00,
    0x00, 0x0F, 0xFF, 0x3F, 0xF8, 0x00, 0x00, 0x00, 0x0F, 0xFE, 0x3F, 0xFC, 0x00, 0x00, 0x00, 0x2F,
    0xFC, 0x2F, 0xFC, 0x00, 0x00, 0x00, 0x3F, 0xFC, 0x0F, 0xFE, 0x00, 0x00, 0x00, 0x3F, 0xF8, 0x0F,
    0xFF, 0x00, 0x00, 0x00, 0xBF, 0xF0, 0x0B, 0xFF, 0x80, 0x00, 0x00, 0xFF, 0xF0, 0x03, 0xFF, 0xC0,
    0x00, 0x01, 0xFF, 0xE0, 0x03, 0xFF, 0xC0, 0x00, 0x03, 0xFF, 0xFF, 0xFF, 0xFF, 0xE0, 0x00, 0x03,
    0xFF, 0xFF, 0xFF, 0xFF, 0xF0, 0x00, 0x0B, 0xFF, 0xFF, 0xFF, 0xFF, 0xF4, 0x00, 0x0F, 0xFF, 0xFF,
    0xFF, 0xFF, 0xFC, 0x00, 0x0F, 0xFF, 0xAA, 0xAA, 0xBF, 0xFC, 0x00, 0x2F, 0xFE, 0x00, 0x00, 0x3F,
    0xFE, 0x00, 0x3F, 0xFC, 0x00, 0x00, 0x2F, 0xFF, 0x00, 0xBF, 0xFC, 0x00, 0x00, 0x0F, 0xFF, 0x00,
    0xFF, 0xF8, 0x00, 0x00, 0x0F, 0xFF, 0x80, 0x00, 0x00, 0x00, 0x00, 0x00, 0x00, 0x00, 0x00, 0x00,
    0x03, 0xF0, 0x00, 0x00, 0x00, 0x00, 0x00, 0x2F, 0xFC, 0x00, 0x00, 0x00, 0x00, 0x00, 0xBF, 0xFF,
    0x00, 0x00, 0x00, 0x00, 0x02, 0xFF, 0xFF, 0xE0, 0x00, 0x00, 0x00, 0x0B, 0xFC, 0x2F, 0xF8, 0x00,
    0x00, 0x00, 0x1A, 0xA0, 0x06, 0xA8, 0x00, 0x00, 0x00, 0x00, 0x00, 0x00, 0x00, 0x00, 0x00, 0x00,
    0x00, 0x00, 0x00, 0x00, 0x00, 0x00, 0x00, 0x00, 0x3F, 0xFF, 0x00, 0x00, 0x00, 0x00, 0x00, 0xBF,
    0xFF, 0x00, 0x00, 0x00, 0x00, 0x00, 0xFF, 0xFF, 0x80, 0x00, 0x00, 0x00, 0x00, 0xFF, 0xFF, 0xC0,
    0x00, 0x00, 0x00, 0x02, 0xFF, 0xFF, 0xE0, 0x00, 0x00, 0x00, 0x03, 0xFF, 0xFF, 0xF0, 0x00, 0x00,
    0x00, 0x07, 0xFF, 0xFF, 0xF0, 0x00, 0x00, 0x00, 0x0F, 0xFF, 0x3F, 0xF8, 0x00, 0x00, 0x00, 0x0F,
    0xFE, 0x3F, 0xFC, 0x00, 0x00, 0x00, 0x2F, 0xFC, 0x2F, 0xFC, 0x00, 0x00, 0x00, 0x3F, 0xFC, 0x0F,
    0xFE, 0x00, 0x00, 0x00, 0x3F, 0xF8, 0x0F, 0xFF, 0x00, 0x00, 0x00, 0xBF, 0xF0, 0x0B, 0xFF, 0x80,
    0x00, 0x00, 0xFF, 0xF0, 0x03, 0xFF, 0xC0, 0x00, 0x01, 0xFF, 0xE0, 0x03, 0xFF, 0xC0, 0x00, 0x03,
    0xFF, 0xFF, 0xFF, 0xFF, 0xE0, 0x00, 0x03, 0xFF, 0xFF, 0xFF, 0xFF, 0xF0, 0x00, 0x0B, 0xFF, 0xFF,
    0xFF, 0xFF, 0xF4, 0x00, 0x0F, 0xFF, 0xFF, 0xFF, 0xFF, 0xFC, 0x00, 0x0F, 0xFF, 0xAA, 0xAA, 0xBF,
    0xFC, 0x00, 0x2F, 0xFE, 0x00, 0x00, 0x3F, 0xFE, 0x00, 0x3F, 0xFC, 0x00, 0x00, 0x2F, 0xFF, 0x00,
    0xBF, 0xFC, 0x00, 0x00, 0x0F, 0xFF, 0x00, 0xFF, 0xF8, 0x00, 0x00, 0x0F, 0xFF, 0x80, 0x00, 0x00,
    0xAE, 0x00, 0x38, 0x00, 0x00, 0x00, 0x03, 0xFF, 0xEA, 0xFC, 0x00, 0x00, 0x00, 0x0B, 0xFF, 0xFF,
    0xFC, 0x00, 0x00, 0x00, 0x0F, 0xFA, 0xFF, 0xF0, 0x00, 0x00, 0x00, 0x0A, 0x80, 0x2A, 0x80, 0x00,
    0x00, 0x00, 0x00, 0x00, 0x00, 0x00, 0x00, 0x00, 0x00, 0x00, 0x00, 0x00, 0x00, 0x00, 0x00, 0x00,
    0x00, 0x3F, 0xFF, 0x00, 0x00, 0x00, 0x00, 0x00, 0xBF, 0xFF, 0x00, 0x00, 0x00, 0x00, 0x00, 0xFF,
    0xFF, 0x80, 0x00, 0x00, 0x00, 0x00, 0xFF, 0xFF, 0xC0, 0x00, 0x00, 0x00, 0x02, 0xFF, 0xFF, 0xE0,
    0x00, 0x00, 0x00, 0x03, 0xFF, 0xFF, 0xF0, 0x00, 0x00, 0x00, 0x07, 0xFF, 0xFF, 0xF0, 0x00, 0x00,
    0x00, 0x0F, 0xFF, 0x3F, 0xF8, 0x00, 0x00, 0x00, 0x0F, 0xFE, 0x3F, 0xFC, 0x00, 0x00, 0x00, 0x2F,
    0xFC, 0x2F, 0xFC, 0x00, 0x00, 0x00, 0x3F, 0xFC, 0x0F, 0xFE, 0x00, 0x00, 0x00, 0x3F, 0xF8, 0x0F,
    0xFF, 0x00, 0x00, 0x00, 0xBF, 0xF0, 0x0B, 0xFF, 0x80, 0x00, 0x00, 0xFF, 0xF0, 0x03, 0xFF, 0xC0,
    0x00, 0x01, 0xFF, 0xE0, 0x03, 0xFF, 0xC0, 0x00, 0x03, 0xFF, 0xFF, 0xFF, 0xFF, 0xE0, 0x00, 0x03,
    0xFF, 0xFF, 0xFF, 0xFF, 0xF0, 0x00, 0x0B, 0xFF, 0xFF, 0xFF, 0xFF, 0xF4, 0x00, 0x0F, 0xFF, 0xFF,
    0xFF, 0xFF, 0xFC, 0x00, 0x0F, 0xFF, 0xAA, 0xAA, 0xBF, 0xFC, 0x00, 0x2F, 0xFE, 0x00, 0x00, 0x3F,
    0xFE, 0x00, 0x3F, 0xFC, 0x00, 0x00, 0x2F, 0xFF, 0x00, 0xBF, 0xFC, 0x00, 0x00, 0x0F, 0xFF, 0x00,
    0xFF, 0xF8, 0x00, 0x00, 0x0F, 0xFF, 0x80, 0x00, 0x00, 0x50, 0x01, 0x40, 0x00, 0x00, 0x00, 0x03,
    0xFC, 0x0F, 0xF0, 0x00, 0x00, 0x00, 0x0B, 0xFE, 0x2F, 0xF4, 0x00, 0x00, 0x00, 0x0B, 0xFE, 0x2F,
    0xF8, 0x00, 0x00, 0x00, 0x03, 0xFC, 0x0F, 0xF0, 0x00, 0x00, 0x00, 0x00, 0xA0, 0x06, 0x80, 0x00,
    0x00, 0x00, 0x00, 0x00, 0x00, 0x00, 0x00, 0x00, 0x00, 0x00, 0x00, 0x00, 0x00, 0x00, 0x00, 0x00,
    0x00, 0x3F, 0xFF, 0x00, 0x00, 0x00, 0x00, 0x00, 0xBF, 0xFF, 0x00, 0x00, 0x00, 0x00, 0x00, 0xFF,
    0xFF, 0x80, 0x00, 0x00, 0x00, 0x00, 0xFF, 0xFF, 0xC0, 0x00, 0x00, 0x00, 0x02, 0xFF, 0xFF, 0xE0,
    0x00, 0x00, 0x00, 0x03, 0xFF, 0xFF, 0xF0, 0x00, 0x00, 0x00, 0x07, 0xFF, 0xFF, 0xF0, 0x00, 0x00,
    0x00, 0x0F, 0xFF, 0x3F, 0xF8, 0x00, 0x00, 0x00, 0x0F, 0xFE, 0x3F, 0xFC, 0x00, 0x00, 0x00, 0x2F,
    0xFC, 0x2F, 0xFC, 0x00, 0x00, 0x00, 0x3F, 0xFC, 0x0F, 0xFE, 0x00, 0x00, 0x00, 0x3F, 0xF8, 0x0F,
    0xFF, 0x00, 0x00, 0x00, 0xBF, 0xF0, 0x0B, 0xFF, 0x80, 0x00, 0x00, 0xFF, 0xF0, 0x03, 0xFF, 0xC0,
    0x00, 0x01, 0xFF, 0xE0, 0x03, 0xFF, 0xC0, 0x00, 0x03, 0xFF, 0xFF, 0xFF, 0xFF, 0xE0, 0x00, 0x03,
    0xFF, 0xFF, 0xFF, 0xFF, 0xF0, 0x00, 0x0B, 0xFF, 0xFF, 0xFF, 0xFF, 0xF4, 0x00, 0x0F, 0xFF, 0xFF,
    0xFF, 0xFF, 0xFC, 0x00, 0x0F, 0xFF, 0xAA, 0xAA, 0xBF, 0xFC, 0x00, 0x2F, 0xFE, 0x00, 0x00, 0x3F,
    0xFE, 0x00, 0x3F, 0xFC, 0x00, 0x00, 0x2F, 0xFF, 0x00, 0xBF, 0xFC, 0x00, 0x00, 0x0F, 0xFF, 0x00,
    0xFF, 0xF8, 0x00, 0x00, 0x0F, 0xFF, 0x80, 0x00, 0x00, 0x00, 0x00, 0x00, 0x00, 0x00, 0x00, 0x00,
    0x0F, 0xFC, 0x00, 0x00, 0x00, 0x00, 0x00, 0x3F, 0xFF, 0x00, 0x00, 0x00, 0x00, 0x00, 0xFF, 0xFF,
    0xC0, 0x00, 0x00, 0x00, 0x00, 0xFD, 0x2F, 0xC0, 0x00, 0x00, 0x00, 0x02, 0xFC, 0x0F, 0xC0, 0x00,
    0x00, 0x00, 0x00, 0xFC, 0x1F, 0xC0, 0x00, 0x00, 0x00, 0x00, 0xFF, 0xFF, 0xC0, 0x00, 0x00, 0x00,
    0x00, 0xBF, 0xFF, 0x40, 0x00, 0x00, 0x00, 0x00, 0xBF, 0xFF, 0x00, 0x00, 0x00, 0x00, 0x00, 0xFF,
    0xFF, 0x80, 0x00, 0x00, 0x00, 0x00, 0xFF, 0xFF, 0xC0, 0x00, 0x00, 0x00, 0x02, 0xFF, 0xFF, 0xE0,
    0x00, 0x00, 0x00, 0x03, 0xFF, 0xFF, 0xF0, 0x00, 0x00, 0x00, 0x07, 0xFF, 0xFF, 0xF0, 0x00, 0x00,
    0x00, 0x0F, 0xFF, 0x3F, 0xF8, 0x00, 0x00, 0x00, 0x0F, 0xFE, 0x3F, 0xFC, 0x00, 0x00, 0x00, 0x2F,
    0xFC, 0x2F, 0xFC, 0x00, 0x00, 0x00, 0x3F, 0xFC, 0x0F, 0xFE, 0x00, 0x00, 0x00, 0x3F, 0xF8, 0x0F,
    0xFF, 0x00, 0x00, 0x00, 0xBF, 0xF0, 0x0B, 0xFF, 0x80, 0x00, 0x00, 0xFF, 0xF0, 0x03, 0xFF, 0xC0,
    0x00, 0x01, 0xFF, 0xE0, 0x03, 0xFF, 0xC0, 0x00, 0x03, 0xFF, 0xFF, 0xFF, 0xFF, 0xE0, 0x00, 0x03,
    0xFF, 0xFF, 0xFF, 0xFF, 0xF0, 0x00, 0x0B, 0xFF, 0xFF, 0xFF, 0xFF, 0xF4, 0x00, 0x0F, 0xFF, 0xFF,
    0xFF, 0xFF, 0xFC, 0x00, 0x0F, 0xFF, 0xAA, 0xAA, 0xBF, 0xFC, 0x00, 0x2F, 0xFE, 0x00, 0x00, 0x3F,
    0xFE, 0x00, 0x3F, 0xFC, 0x00, 0x00, 0x2F, 0xFF, 0x00, 0xBF, 0xFC, 0x00, 0x00, 0x0F, 0xFF, 0x00,
    0xFF, 0xF8, 0x00, 0x00, 0x0F, 0xFF, 0x80, 0x00, 0x00, 0x00, 0x00, 0x00, 0x00, 0x00, 0x00, 0x00,
    0x00, 0x00, 0x00, 0x00, 0x3F, 0xFF, 0xFF, 0xFF, 0xFF, 0x00, 0x00, 0x00, 0x00, 0xFF, 0xFF, 0xFF,
    0xFF, 0xFF, 0x00, 0x00, 0x00, 0x02, 0xFF, 0xFF, 0xFF, 0xFF, 0xFF, 0x00, 0x00, 0x00, 0x0B, 0xFF,
    0xFF, 0xFF, 0xFF, 0xFF, 0x00, 0x00, 0x00, 0x0F, 0xFF, 0xFF, 0xFF, 0xFF, 0xFF, 0x00, 0x00, 0x00,
    0x3F, 0xFF, 0xFC, 0x00, 0x00, 0x00, 0x00, 0x00, 0x00, 0xBF, 0xFF, 0xFC, 0x00, 0x00, 0x00, 0x00,
    0x00, 0x00, 0xFF, 0xFF, 0xFC, 0x00, 0x00, 0x00, 0x00, 0x00, 0x03, 0xFF, 0xFF, 0xFC, 0x00, 0x00,
    0x00, 0x00, 0x00, 0x0B, 0xFF, 0x3F, 0xFF, 0xFF, 0xFC, 0x00, 0x00, 0x00, 0x2F, 0xFE, 0x3F, 0xFF,
    0xFF, 0xFC, 0x00, 0x00, 0x00, 0x3F, 0xFC, 0x3F, 0xFF, 0xFF, 0xFC, 0x00, 0x00, 0x00, 0xFF, 0xF0,
    0x3F, 0xFF, 0xFF, 0xFC, 0x00, 0x00, 0x02, 0xFF, 0xE0, 0x3F, 0xFF, 0xFF, 0xFC, 0x00, 0x00, 0x03,
    0xFF, 0xC0, 0x3F, 0xFC, 0x00, 0x00, 0x00, 0x00, 0x0F, 0xFF, 0xFF, 0xFF, 0xFC, 0x00, 0x00, 0x00,
    0x00, 0x2F, 0xFF, 0xFF, 0xFF, 0xFC, 0x00, 0x00, 0x00, 0x00, 0xBF, 0xFF, 0xFF, 0xFF, 0xFC, 0x00,
    0x00, 0x00, 0x00, 0xFF, 0xFF, 0xFF, 0xFF, 0xFC, 0x00, 0x00, 0x00, 0x03, 0xFF, 0xEA, 0xAA, 0xBF,
    0xFF, 0xFF, 0xFF, 0xFF, 0x0B, 0xFF, 0xC0, 0x00, 0x3F, 0xFF, 0xFF, 0xFF, 0xFF, 0x0F, 0xFF, 0x00,
    0x00, 0x3F, 0xFF, 0xFF, 0xFF, 0xFF, 0x3F, 0xFE, 0x00, 0x00, 0x3F, 0xFF, 0xFF, 0xFF, 0xFF, 0xBF,
    0xFC, 0x00, 0x00, 0x3F, 0xFF, 0xFF, 0xFF, 0xFF, 0x00, 0x00, 0x1A, 0xA8, 0x00, 0x00, 0x00, 0x07,
    0xFF, 0xFF, 0xE0, 0x00, 0x00, 0x3F, 0xFF, 0xFF, 0xFD, 0x00, 0x00, 0xFF, 0xFF, 0xFF, 0xFF, 0x80,
    0x03, 0xFF, 0xFF, 0xFF, 0xFF, 0xD0, 0x0F, 0xFF, 0xF8, 0x0B, 0xFF, 0xF0, 0x2F, 0xFF, 0xC0, 0x00,
    0xFF, 0x90, 0x3F, 0xFF, 0x00, 0x00, 0x38, 0x00, 0x3F, 0xFC, 0x00, 0x00, 0x00, 0x00, 0xBF, 0xFC,
    0x00, 0x00, 0x00, 0x00, 0xBF, 0xF8, 0x00, 0x00, 0x00, 0x00, 0xBF, 0xF8, 0x00, 0x00, 0x00, 0x00,
    0xFF, 0xF4, 0x00, 0x00, 0x00, 0x00, 0xFF, 0xF4, 0x00, 0x00, 0x00, 0x00, 0xBF, 0xF8, 0x00, 0x00,
    0x00, 0x00, 0xBF, 0xF8, 0x00, 0x00, 0x00, 0x00, 0xBF, 0xFC, 0x00, 0x00, 0x00, 0x00, 0x3F, 0xFE,
    0x00, 0x00, 0x00, 0x00, 0x3F, 0xFF, 0x00, 0x00, 0x3E, 0x00, 0x1F, 0xFF, 0xC0, 0x00, 0xFF, 0xE0,
    0x0B, 0xFF, 0xFE, 0xAF, 0xFF, 0xF0, 0x03, 0xFF, 0xFF, 0xFF, 0xFF, 0xC0, 0x00, 0xFF, 0xFF, 0xFF,
    0xFF, 0x00, 0x00, 0x2F, 0xFF, 0xFF, 0xFC, 0x00, 0x00, 0x02, 0xFF, 0xFF, 0x80, 0x00, 0x00, 0x00,
    0x0F, 0x80, 0x00, 0x00, 0x00, 0x00, 0x2F, 0xA0, 0x00, 0x00, 0x00, 0x00, 0x3F, 0xFD, 0x00, 0x00,
    0x00, 0x00, 0x00, 0xFE, 0x00, 0x00, 0x00, 0x00, 0xA2, 0xFE, 0x00, 0x00, 0x00, 0x00, 0xFF, 0xFC,
    0x00, 0x00, 0x00, 0x00, 0x2A, 0x80, 0x00, 0x00, 0x00, 0x00, 0x00, 0x00, 0x00, 0x00, 0x3F, 0x00,
    0x00, 0x00, 0x00, 0x7F, 0xC0, 0x00, 0x00, 0x00, 0x7F, 0xF0, 0x00, 0x00, 0x00, 0x3F, 0xFC, 0x00,
    0x00, 0x00, 0x0B, 0xFF, 0x00, 0x00, 0x00, 0x00, 0xAA, 0x00, 0x00, 0x00, 0x00, 0x00, 0x00, 0x00,
    0x00, 0x00, 0x00, 0x00, 0x00, 0xBF, 0xFF, 0xFF, 0xFF, 0xFC, 0xBF, 0xFF, 0xFF, 0xFF, 0xFC, 0xBF,
    0xFF, 0xFF, 0xFF, 0xFC, 0xBF, 0xFF, 0xFF, 0xFF, 0xFC, 0xBF, 0xFF, 0xFF, 0xFF, 0xFC, 0xBF, 0xF0,
    0x00, 0x00, 0x00, 0xBF, 0xF0, 0x00, 0x00, 0x00, 0xBF, 0xF0, 0x00, 0x00, 0x00, 0xBF, 0xF8, 0x00,
    0x00, 0x00, 0xBF, 0xFF, 0xFF, 0xF0, 0x00, 0xBF, 0xFF, 0xFF, 0xF0, 0x00, 0xBF, 0xFF, 0xFF, 0xF0,
    0x00, 0xBF, 0xFF, 0xFF, 0xF0, 0x00, 0xBF, 0xFF, 0xFF, 0xF0, 0x00, 0xBF, 0xF4, 0x00, 0x00, 0x00,
    0xBF, 0xF0, 0x00, 0x00, 0x00, 0xBF, 0xF0, 0x00, 0x00, 0x00, 0xBF, 0xF0, 0x00, 0x00, 0x00, 0xBF,
    0xF8, 0x00, 0x00, 0x00, 0xBF, 0xFF, 0xFF, 0xFF, 0xFC, 0xBF, 0xFF, 0xFF, 0xFF, 0xFC, 0xBF, 0xFF,
    0xFF, 0xFF, 0xFC, 0xBF, 0xFF, 0xFF, 0xFF, 0xFC, 0xBF, 0xFF, 0xFF, 0xFF, 0xFC, 0x00, 0x00, 0x00,
    0x00, 0x00, 0x00, 0x00, 0x00, 0xF8, 0x00, 0x00, 0x00, 0x03, 0xFC, 0x00, 0x00, 0x00, 0x0F, 0xFC,
    0x00, 0x00, 0x00, 0x3F, 0xF8, 0x00, 0x00, 0x00, 0xFF, 0xE0, 0x00, 0x00, 0x00, 0xAA, 0x00, 0x00,
    0x00, 0x00, 0x00, 0x00, 0x00, 0x00, 0x00, 0x00, 0x00, 0x00, 0xBF, 0xFF, 0xFF, 0xFF, 0xFC, 0xBF,
    0xFF, 0xFF, 0xFF, 0xFC, 0xBF, 0xFF, 0xFF, 0xFF, 0xFC, 0xBF, 0xFF, 0xFF, 0xFF, 0xFC, 0xBF, 0xFF,
    0xFF, 0xFF, 0xFC, 0xBF, 0xF0, 0x00, 0x00, 0x00, 0xBF, 0xF0, 0x00, 0x00, 0x00, 0xBF, 0xF0, 0x00,
    0x00, 0x00, 0xBF, 0xF8, 0x00, 0x00, 0x00, 0xBF, 0xFF, 0xFF, 0xF0, 0x00, 0xBF, 0xFF, 0xFF, 0xF0,
    0x00, 0xBF, 0xFF, 0xFF, 0xF0, 0x00, 0xBF, 0xFF, 0xFF, 0xF0, 0x00, 0xBF, 0xFF, 0xFF, 0xF0, 0x00,
    0xBF, 0xF4, 0x00, 0x00, 0x00, 0xBF, 0xF0, 0x00, 0x00, 0x00, 0xBF, 0xF0, 0x00, 0x00, 0x00, 0xBF,
    0xF0, 0x00, 0x00, 0x00, 0xBF, 0xF8, 0x00, 0x00, 0x00, 0xBF, 0xFF, 0xFF, 0xFF, 0xFC, 0xBF, 0xFF,
    0xFF, 0xFF, 0xFC, 0xBF, 0xFF, 0xFF, 0xFF, 0xFC, 0xBF, 0xFF, 0xFF, 0xFF, 0xFC, 0xBF, 0xFF, 0xFF,
    0xFF, 0xFC, 0x00, 0x00, 0x00, 0x00, 0x00, 0x00, 0x00, 0xBE, 0x00, 0x00, 0x00, 0x03, 0xFF, 0x80,
    0x00, 0x00, 0x0F, 0xFF, 0xF0, 0x00, 0x00, 0x3F, 0xFF, 0xFC, 0x00, 0x00, 0xFF, 0xC3, 0xFF, 0x00,
    0x02, 0xAA, 0x00, 0xAA, 0x80, 0x00, 0x00, 0x00, 0x00, 0x00, 0x00, 0x00, 0x00, 0x00, 0x00, 0xBF,
    0xFF, 0xFF, 0xFF, 0xFC, 0xBF, 0xFF, 0xFF, 0xFF, 0xFC, 0xBF, 0xFF, 0xFF, 0xFF, 0xFC, 0xBF, 0xFF,
    0xFF, 0xFF, 0xFC, 0xBF, 0xFF, 0xFF, 0xFF, 0xFC, 0xBF, 0xF0, 0x00, 0x00, 0x00, 0xBF, 0xF0, 0x00,
    0x00, 0x00, 0xBF, 0xF0, 0x00, 0x00, 0x00, 0xBF, 0xF8, 0x00, 0x00, 0x00, 0xBF, 0xFF, 0xFF, 0xF0,
    0x00, 0xBF, 0xFF, 0xFF, 0xF0, 0x00, 0xBF, 0xFF, 0xFF, 0xF0, 0x00, 0xBF, 0xFF, 0xFF, 0xF0, 0x00,
    0xBF, 0xFF, 0xFF, 0xF0, 0x00, 0xBF, 0xF4, 0x00, 0x00, 0x00, 0xBF, 0xF0, 0x00, 0x00, 0x00, 0xBF,
    0xF0, 0x00, 0x00, 0x00, 0xBF, 0xF0, 0x00, 0x00, 0x00, 0xBF, 0xF8, 0x00, 0x00, 0x00, 0xBF, 0xFF,
    0xFF, 0xFF, 0xFC, 0xBF, 0xFF, 0xFF, 0xFF, 0xFC, 0xBF, 0xFF, 0xFF, 0xFF, 0xFC, 0xBF, 0xFF, 0xFF,
    0xFF, 0xFC, 0xBF, 0xFF, 0xFF, 0xFF, 0xFC, 0x00, 0x08, 0x00, 0x10, 0x00, 0x00, 0xBF, 0x82, 0xFD,
    0x00, 0x00, 0xFF, 0xC3, 0xFF, 0x00, 0x00, 0xFF, 0xC3, 0xFF, 0x00, 0x00, 0xFF, 0x83, 0xFE, 0x00,
    0x00, 0x2E, 0x00, 0xB8, 0x00, 0x00, 0x00, 0x00, 0x00, 0x00, 0x00, 0x00, 0x00, 0x00, 0x00, 0xBF,
    0xFF, 0xFF, 0xFF, 0xFC, 0xBF, 0xFF, 0xFF, 0xFF, 0xFC, 0xBF, 0xFF, 0xFF, 0xFF, 0xFC, 0xBF, 0xFF,
    0xFF, 0xFF, 0xFC, 0xBF, 0xFF, 0xFF, 0xFF, 0xFC, 0xBF, 0xF0, 0x00, 0x00, 0x00, 0xBF, 0xF0, 0x00,
    0x00, 0x00, 0xBF, 0xF0, 0x00, 0x00, 0x00, 0xBF, 0xF8, 0x00, 0x00, 0x00, 0xBF, 0xFF, 0xFF, 0xF0,
    0x00, 0xBF, 0xFF, 0xFF, 0xF0, 0x00, 0xBF, 0xFF, 0xFF, 0xF0, 0x00, 0xBF, 0xFF, 0xFF, 0xF0, 0x00,
    0xBF, 0xFF, 0xFF, 0xF0, 0x00, 0xBF, 0xF4, 0x00, 0x00, 0x00, 0xBF, 0xF0, 0x00, 0x00, 0x00, 0xBF,
    0xF0, 0x00, 0x00, 0x00, 0xBF, 0xF0, 0x00, 0x00, 0x00, 0xBF, 0xF8, 0x00, 0x00, 0x00, 0xBF, 0xFF,
    0xFF, 0xFF, 0xFC, 0xBF, 0xFF, 0xFF, 0xFF, 0xFC, 0xBF, 0xFF, 0xFF, 0xFF, 0xFC, 0xBF, 0xFF, 0xFF,
    0xFF, 0xFC, 0xBF, 0xFF, 0xFF, 0xFF, 0xFC, 0x00, 0x00, 0x00, 0x00, 0x07, 0xE0, 0x00, 0x00, 0x0F,
    0xF8, 0x00, 0x00, 0x0F, 0xFD, 0x00, 0x00, 0x0B, 0xFF, 0x00, 0x00, 0x00, 0xFF, 0xC0, 0x00, 0x00,
    0x2A, 0xA0, 0x00, 0x00, 0x00, 0x00, 0x00, 0x00, 0x00, 0x00, 0x00, 0x3F, 0xFF, 0xFF, 0xE0, 0x3F,
    0xFF, 0xFF, 0xE0, 0x3F, 0xFF, 0xFF, 0xE0, 0x3F, 0xFF, 0xFF, 0xE0, 0x00, 0xFF, 0xF8, 0x00, 0x00,
    0xBF, 0xF0, 0x00, 0x00, 0xBF, 0xF0, 0x00, 0x00, 0xBF, 0xF0, 0x00, 0x00, 0xBF, 0xF0, 0x00, 0x00,
    0xBF, 0xF0, 0x00, 0x00, 0xBF, 0xF0, 0x00, 0x00, 0xBF, 0xF0, 0x00, 0x00, 0xBF, 0xF0, 0x00, 0x00,
    0xBF, 0xF0, 0x00, 0x00, 0xBF, 0xF0, 0x00, 0x00, 0xBF, 0xF0, 0x00, 0x00, 0xBF, 0xF0, 0x00, 0x00,
    0xBF, 0xF0, 0x00, 0x00, 0xBF, 0xF0, 0x00, 0x2A, 0xFF, 0xFE, 0x80, 0x3F, 0xFF, 0xFF, 0xE0, 0x3F,
    0xFF, 0xFF, 0xE0, 0x3F, 0xFF, 0xFF, 0xE0, 0x3F, 0xFF, 0xFF, 0xE0, 0x00, 0x00, 0x00, 0x00, 0x00,
    0x00, 0x3F, 0x00, 0x00, 0x00, 0xFF, 0x80, 0x00, 0x02, 0xFF, 0x80, 0x00, 0x0B, 0xFF, 0x00, 0x00,
    0x2F, 0xFC, 0x00, 0x00, 0x2A, 0xA0, 0x00, 0x00, 0x00, 0x00, 0x00, 0x00, 0x00, 0x00, 0x00, 0x3F,
    0xFF, 0xFF, 0xE0, 0x3F, 0xFF, 0xFF, 0xE0, 0x3F, 0xFF, 0xFF, 0xE0, 0x3F, 0xFF, 0xFF, 0xE0, 0x00,
    0xFF, 0xF8, 0x00, 0x00, 0xBF, 0xF0, 0x00, 0x00, 0xBF, 0xF0, 0x00, 0x00, 0xBF, 0xF0, 0x00, 0x00,
    0xBF, 0xF0, 0x00, 0x00, 0xBF, 0xF0, 0x00, 0x00, 0xBF, 0xF0, 0x00, 0x00, 0xBF, 0xF0, 0x00, 0x00,
    0xBF, 0xF0, 0x00, 0x00, 0xBF, 0xF0, 0x00, 0x00, 0xBF, 0xF0, 0x00, 0x00, 0xBF, 0xF0, 0x00, 0x00,
    0xBF, 0xF0, 0x00, 0x00, 0xBF, 0xF0, 0x00, 0x00, 0xBF, 0xF0, 0x00, 0x2A, 0xFF, 0xFE, 0x80, 0x3F,
    0xFF, 0xFF, 0xE0, 0x3F, 0xFF, 0xFF, 0xE0, 0x3F, 0xFF, 0xFF, 0xE0, 0x3F, 0xFF, 0xFF, 0xE0, 0x00,
    0x00, 0x00, 0x00, 0x00, 0x1F, 0x80, 0x00, 0x00, 0xBF, 0xF0, 0x00, 0x02, 0xFF, 0xFC, 0x00, 0x0B,
    0xFF, 0xFF, 0x00, 0x3F, 0xF0, 0xBF, 0xE0, 0xAA, 0x80, 0x2A, 0xA0, 0x00, 0x00, 0x00, 0x00, 0x00,
    0x00, 0x00, 0x00, 0x3F, 0xFF, 0xFF, 0xE0, 0x3F, 0xFF, 0xFF, 0xE0, 0x3F, 0xFF, 0xFF, 0xE0, 0x3F,
    0xFF, 0xFF, 0xE0, 0x00, 0xFF, 0xF8, 0x00, 0x00, 0xBF, 0xF0, 0x00, 0x00, 0xBF, 0xF0, 0x00, 0x00,
    0xBF, 0xF0, 0x00, 0x00, 0xBF, 0xF0, 0x00, 0x00, 0xBF, 0xF0, 0x00, 0x00, 0xBF, 0xF0, 0x00, 0x00,
    0xBF, 0xF0, 0x00, 0x00, 0xBF, 0xF0, 0x00, 0x00, 0xBF, 0xF0, 0x00, 0x00, 0xBF, 0xF0, 0x00, 0x00,
    0xBF, 0xF0, 0x00, 0x00, 0xBF, 0xF0, 0x00, 0x00, 0xBF, 0xF0, 0x00, 0x00, 0xBF, 0xF0, 0x00, 0x2A,
    0xFF, 0xFE, 0x80, 0x3F, 0xFF, 0xFF, 0xE0, 0x3F, 0xFF, 0xFF, 0xE0, 0x3F, 0xFF, 0xFF, 0xE0, 0x3F,
    0xFF, 0xFF, 0xE0, 0x01, 0x00, 0x04, 0x00, 0x0F, 0xF0, 0x3F, 0xC0, 0x2F, 0xF0, 0xBF, 0xC0, 0x2F,
    0xF4, 0xBF, 0xC0, 0x1F, 0xF0, 0xBF, 0xC0, 0x06, 0x80, 0x1A, 0x00, 0x00, 0x00, 0x00, 0x00, 0x00,
    0x00, 0x00, 0x00, 0x3F, 0xFF, 0xFF, 0xE0, 0x3F, 0xFF, 0xFF, 0xE0, 0x3F, 0xFF, 0xFF, 0xE0, 0x3F,
    0xFF, 0xFF, 0xE0, 0x00, 0xFF, 0xF8, 0x00, 0x00, 0xBF, 0xF0, 0x00, 0x00, 0xBF, 0xF0, 0x00, 0x00,
    0xBF, 0xF0, 0x00, 0x00, 0xBF, 0xF0, 0x00, 0x00, 0xBF, 0xF0, 0x00, 0x00, 0xBF, 0xF0, 0x00, 0x00,
    0xBF, 0xF0, 0x00, 0x00, 0xBF, 0xF0, 0x00, 0x00, 0xBF, 0xF0, 0x00, 0x00, 0xBF, 0xF0, 0x00, 0x00,
    0xBF, 0xF0, 0x00, 0x00, 0xBF, 0xF0, 0x00, 0x00, 0xBF, 0xF0, 0x00, 0x00, 0xBF, 0xF0, 0x00, 0x2A,
    0xFF, 0xFE, 0x80, 0x3F, 0xFF, 0xFF, 0xE0, 0x3F, 0xFF, 0xFF, 0xE0, 0x3F, 0xFF, 0xFF, 0xE0, 0x3F,
    0xFF, 0xFF, 0xE0, 0x00, 0x00, 0x00, 0x00, 0x00, 0x00, 0x00, 0x00, 0x3F, 0xFF, 0xFF, 0xF8, 0x00,
    0x00, 0x00, 0x3F, 0xFF, 0xFF, 0xFF, 0xD0, 0x00, 0x00, 0x3F, 0xFF, 0xFF, 0xFF, 0xFC, 0x00, 0x00,
    0x3F, 0xFF, 0xFF, 0xFF, 0xFF, 0x00, 0x00, 0x3F, 0xFE, 0xAF, 0xFF, 0xFF, 0x80, 0x00, 0x3F, 0xF8,
    0x00, 0x2F, 0xFF, 0xC0, 0x00, 0x3F, 0xF8, 0x00, 0x03, 0xFF, 0xF0, 0x00, 0x3F, 0xF8, 0x00, 0x01,
    0xFF, 0xF0, 0x00, 0xBF, 0xF8, 0x00, 0x00, 0xFF, 0xF0, 0xBF, 0xFF, 0xFF, 0xC0, 0x00, 0xBF, 0xF8,
    0xBF, 0xFF, 0xFF, 0xC0, 0x00, 0xBF, 0xF8, 0xBF, 0xFF, 0xFF, 0xC0, 0x00, 0x7F, 0xF8, 0xBF, 0xFF,
    0xFF, 0xC0, 0x00, 0xBF, 0xF8, 0xBF, 0xFF, 0xFF, 0xC0, 0x00, 0xBF, 0xF8, 0x00, 0xBF, 0xF8, 0x00,
    0x00, 0xBF, 0xF8, 0x00, 0x3F, 0xF8, 0x00, 0x00, 0xFF, 0xF0, 0x00, 0x3F, 0xF8, 0x00, 0x02, 0xFF,
    0xF0, 0x00, 0x3F, 0xF8, 0x00, 0x0B, 0xFF, 0xE0, 0x00, 0x3F, 0xF8, 0x00, 0xBF, 0xFF, 0xC0, 0x00,
    0x3F, 0xFF, 0xFF, 0xFF, 0xFF, 0x80, 0x00, 0x3F, 0xFF, 0xFF, 0xFF, 0xFE, 0x00, 0x00, 0x3F, 0xFF,
    0xFF, 0xFF, 0xF8, 0x00, 0x00, 0x3F, 0xFF, 0xFF, 0xFF, 0x80, 0x00, 0x00, 0x3F, 0xFF, 0xFF, 0xA0,
    0x00, 0x00, 0x00, 0x00, 0xAE, 0x00, 0xB0, 0x00, 0x00, 0x03, 0xFF, 0xEB, 0xFC, 0x00, 0x00, 0x0F,
    0xFF, 0xFF, 0xF8, 0x00, 0x00, 0x0F, 0xEB, 0xFF, 0xF0, 0x00, 0x00, 0x0A, 0x80, 0x2A, 0x00, 0x00,
    0x00, 0x00, 0x00, 0x00, 0x00, 0x00, 0x00, 0x00, 0x00, 0x00, 0x00, 0x00, 0xBF, 0xFF, 0x00, 0x00,
    0x3F, 0xF8, 0xBF, 0xFF, 0xC0, 0x00, 0x3F, 0xF8, 0xBF, 0xFF, 0xE0, 0x00, 0x3F, 0xF8, 0xBF, 0xFF,
    0xF0, 0x00, 0x3F, 0xF8, 0xBF, 0xFF, 0xF8, 0x00, 0x3F, 0xF8, 0xBF, 0xFF, 0xFC, 0x00, 0x3F, 0xF8,
    0xBF, 0xFF, 0xFE, 0x00, 0x3F, 0xF8, 0xBF, 0xFF, 0xFF, 0x00, 0x3F, 0xF8, 0xBF, 0xF3, 0xFF, 0x80,
    0x3F, 0xF8, 0xBF, 0xF2, 0xFF, 0xC0, 0x3F, 0xF8, 0xBF, 0xF0, 0xFF, 0xF0, 0x3F, 0xF8, 0xBF, 0xF0,
    0xBF, 0xF0, 0x3F, 0xF8, 0xBF, 0xF0, 0x3F, 0xFC, 0x3F, 0xF8, 0xBF, 0xF0, 0x1F, 0xFD, 0x3F, 0xF8,
    0xBF, 0xF0, 0x0F, 0xFF, 0x3F, 0xF8, 0xBF, 0xF0, 0x03, 0xFF, 0xBF, 0xF8, 0xBF, 0xF0, 0x03, 0xFF,
    0xFF, 0xF8, 0xBF, 0xF0, 0x00, 0xFF, 0xFF, 0xF8, 0xBF, 0xF0, 0x00, 0xBF, 0xFF, 0xF8, 0xBF, 0xF0,
    0x00, 0x3F, 0xFF, 0xF8, 0xBF, 0xF0, 0x00, 0x2F, 0xFF, 0xF8, 0xBF, 0xF0, 0x00, 0x0F, 0xFF, 0xF8,
    0xBF, 0xF0, 0x00, 0x0B, 0xFF, 0xF8, 0xBF, 0xF0, 0x00, 0x03, 0xFF, 0xF8, 0x00, 0x00, 0x00, 0x00,
    0x00, 0x00, 0x00, 0x00, 0x00, 0xFC, 0x00, 0x00, 0x00, 0x00, 0x00, 0x02, 0xFF, 0x00, 0x00, 0x00,
    0x00, 0x00, 0x02, 0xFF, 0xC0, 0x00, 0x00, 0x00, 0x00, 0x00, 0xFF, 0xE0, 0x00, 0x00, 0x00, 0x00,
    0x00, 0x2F, 0xF8, 0x00, 0x00, 0x00, 0x00, 0x00, 0x06, 0xA8, 0x00, 0x00, 0x00, 0x00, 0x00, 0x00,
    0x00, 0x00, 0x00, 0x00, 0x00, 0x00, 0x0A, 0xA9, 0x00, 0x00, 0x00, 0x00, 0x02, 0xFF, 0xFF, 0xF8,
    0x00, 0x00, 0x00, 0x2F, 0xFF, 0xFF, 0xFF, 0x00, 0x00, 0x00, 0xFF, 0xFF, 0xFF, 0xFF, 0xE0, 0x00,
    0x03, 0xFF, 0xFF, 0xFF, 0xFF, 0xF8, 0x00, 0x0B, 0xFF, 0xF8, 0x0B, 0xFF, 0xFC, 0x00, 0x1F, 0xFF,
    0xC0, 0x00, 0xBF, 0xFF, 0x00, 0x3F, 0xFF, 0x00, 0x00, 0x2F, 0xFF, 0x00, 0x3F, 0xFD, 0x00, 0x00,
    0x0F, 0xFF, 0x80, 0xBF, 0xFC, 0x00, 0x00, 0x0B, 0xFF, 0xC0, 0xBF, 0xF8, 0x00, 0x00, 0x03, 0xFF,
    0xC0, 0xBF, 0xF8, 0x00, 0x00, 0x03, 0xFF, 0xC0, 0xFF, 0xF4, 0x00, 0x00, 0x03, 0xFF, 0xC0, 0xFF,
    0xF4, 0x00, 0x00, 0x03, 0xFF, 0xC0, 0xBF, 0xF8, 0x00, 0x00, 0x03, 0xFF, 0xC0, 0xBF, 0xF8, 0x00,
    0x00, 0x03, 0xFF, 0xC0, 0x7F, 0xFC, 0x00, 0x00, 0x0B, 0xFF, 0xC0, 0x3F, 0xFE, 0x00, 0x00, 0x0F,
    0xFF, 0x80, 0x2F, 0xFF, 0x00, 0x00, 0x3F, 0xFF, 0x00, 0x0F, 0xFF, 0xE0, 0x00, 0xFF, 0xFE, 0x00,
    0x0B, 0xFF, 0xFE, 0xAF, 0xFF, 0xFC, 0x00, 0x02, 0xFF, 0xFF, 0xFF, 0xFF, 0xF0, 0x00, 0x00, 0xBF,
    0xFF, 0xFF, 0xFF, 0xC0, 0x00, 0x00, 0x0F, 0xFF, 0xFF, 0xFE, 0x00, 0x00, 0x00, 0x00, 0xBF, 0xFF,
    0xE0, 0x00, 0x00, 0x00, 0x00, 0x00, 0x00, 0x00, 0x00, 0x00, 0x00, 0x00, 0x00, 0x00, 0x00, 0x00,
    0x00, 0x00, 0x00, 0x00, 0x07, 0xE0, 0x00, 0x00, 0x00, 0x00, 0x00, 0x1F, 0xF0, 0x00, 0x00, 0x00,
    0x00, 0x00, 0x3F, 0xF0, 0x00, 0x00, 0x00, 0x00, 0x00, 0xFF, 0xE0, 0x00, 0x00, 0x00, 0x00, 0x03,
    0xFF, 0x40, 0x00, 0x00, 0x00, 0x00, 0x0A, 0xA8, 0x00, 0x00, 0x00, 0x00, 0x00, 0x00, 0x00, 0x00,
    0x00, 0x00, 0x00, 0x00, 0x0A, 0xA9, 0x00, 0x00, 0x00, 0x00, 0x02, 0xFF, 0xFF, 0xF8, 0x00, 0x00,
    0x00, 0x2F, 0xFF, 0xFF, 0xFF, 0x00, 0x00, 0x00, 0xFF, 0xFF, 0xFF, 0xFF, 0xE0, 0x00, 0x03, 0xFF,
    0xFF, 0xFF, 0xFF, 0xF8, 0x00, 0x0B, 0xFF, 0xF8, 0x0B, 0xFF, 0xFC, 0x00, 0x1F, 0xFF, 0xC0, 0x00,
    0xBF, 0xFF, 0x00, 0x3F, 0xFF, 0x00, 0x00, 0x2F, 0xFF, 0x00, 0x3F, 0xFD, 0x00, 0x00, 0x0F, 0xFF,
    0x80, 0xBF, 0xFC, 0x00, 0x00, 0x0B, 0xFF, 0xC0, 0xBF, 0xF8, 0x00, 0x00, 0x03, 0xFF, 0xC0, 0xBF,
    0xF8, 0x00, 0x00, 0x03, 0xFF, 0xC0, 0xFF, 0xF4, 0x00, 0x00, 0x03, 0xFF, 0xC0, 0xFF, 0xF4, 0x00,
    0x00, 0x03, 0xFF, 0xC0, 0xBF, 0xF8, 0x00, 0x00, 0x03, 0xFF, 0xC0, 0xBF, 0xF8, 0x00, 0x00, 0x03,
    0xFF, 0xC0, 0x7F, 0xFC, 0x00, 0x00, 0x0B, 0xFF, 0xC0, 0x3F, 0xFE, 0x00, 0x00, 0x0F, 0xFF, 0x80,
    0x2F, 0xFF, 0x00, 0x00, 0x3F, 0xFF, 0x00, 0x0F, 0xFF, 0xE0, 0x00, 0xFF, 0xFE, 0x00, 0x0B, 0xFF,
    0xFE, 0xAF, 0xFF, 0xFC, 0x00, 0x02, 0xFF, 0xFF, 0xFF, 0xFF, 0xF0, 0x00, 0x00, 0xBF, 0xFF, 0xFF,
    0xFF, 0xC0, 0x00, 0x00, 0x0F, 0xFF, 0xFF, 0xFE, 0x00, 0x00, 0x00, 0x00, 0xBF, 0xFF, 0xE0, 0x00,
    0x00, 0x00, 0x00, 0x00, 0x00, 0x00, 0x00, 0x00, 0x00, 0x00, 0x00, 0x00, 0x00, 0x00, 0x00, 0x00,
    0x00, 0x02, 0xF4, 0x00, 0x00, 0x00, 0x00, 0x00, 0x0F, 0xFE, 0x00, 0x00, 0x00, 0x00, 0x00, 0x3F,
    0xFF, 0x80, 0x00, 0x00, 0x00, 0x00, 0xFF, 0xFF, 0xE0, 0x00, 0x00, 0x00, 0x07, 0xFE, 0x0F, 0xFC,
    0x00, 0x00, 0x00, 0x0A, 0xA8, 0x02, 0xAA, 0x00, 0x00, 0x00, 0x00, 0x00, 0x00, 0x00, 0x00, 0x00,
    0x00, 0x00, 0x0A, 0xA9, 0x00, 0x00, 0x00, 0x00, 0x02, 0xFF, 0xFF, 0xF8, 0x00, 0x00, 0x00, 0x2F,
    0xFF, 0xFF, 0xFF, 0x00, 0x00, 0x00, 0xFF, 0xFF, 0xFF, 0xFF, 0xE0, 0x00, 0x03, 0xFF, 0xFF, 0xFF,
    0xFF, 0xF8, 0x00, 0x0B, 0xFF, 0xF8, 0x0B, 0xFF, 0xFC, 0x00, 0x1F, 0xFF, 0xC0, 0x00, 0xBF, 0xFF,
    0x00, 0x3F, 0xFF, 0x00, 0x00, 0x2F, 0xFF, 0x00, 0x3F, 0xFD, 0x00, 0x00, 0x0F, 0xFF, 0x80, 0xBF,
    0xFC, 0x00, 0x00, 0x0B, 0xFF, 0xC0, 0xBF, 0xF8, 0x00, 0x00, 0x03, 0xFF, 0xC0, 0xBF, 0xF8, 0x00,
    0x00, 0x03, 0xFF, 0xC0, 0xFF, 0xF4, 0x00, 0x00, 0x03, 0xFF, 0xC0, 0xFF, 0xF4, 0x00, 0x00, 0x03,
    0xFF, 0xC0, 0xBF, 0xF8, 0x00, 0x00, 0x03, 0xFF, 0xC0, 0xBF, 0xF8, 0x00, 0x00, 0x03, 0xFF, 0xC0,
    0x7F, 0xFC, 0x00, 0x00, 0x0B, 0xFF, 0xC0, 0x3F, 0xFE, 0x00, 0x00, 0x0F, 0xFF, 0x80, 0x2F, 0xFF,
    0x00, 0x00, 0x3F, 0xFF, 0x00, 0x0F, 0xFF, 0xE0, 0x00, 0xFF, 0xFE, 0x00, 0x0B, 0xFF, 0xFE, 0xAF,
    0xFF, 0xFC, 0x00, 0x02, 0xFF, 0xFF, 0xFF, 0xFF, 0xF0, 0x00, 0x00, 0xBF, 0xFF, 0xFF, 0xFF, 0xC0,
    0x00, 0x00, 0x0F, 0xFF, 0xFF, 0xFE, 0x00, 0x00, 0x00, 0x00, 0xBF, 0xFF, 0xE0, 0x00, 0x00, 0x00,
    0x00, 0x00, 0x00, 0x00, 0x00, 0x00, 0x00, 0x00, 0x2E, 0x40, 0x28, 0x00, 0x00, 0x00, 0x02, 0xFF,
    0xFA, 0xFE, 0x00, 0x00, 0x00, 0x07, 0xFF, 0xFF, 0xFC, 0x00, 0x00, 0x00, 0x0B, 0xFA, 0xFF, 0xF8,
    0x00, 0x00, 0x00, 0x0A, 0x80, 0x1A, 0x80, 0x00, 0x00, 0x00, 0x00, 0x00, 0x00, 0x00, 0x00, 0x00,
    0x00, 0x00, 0x0A, 0xA9, 0x00, 0x00, 0x00, 0x00, 0x02, 0xFF, 0xFF, 0xF8, 0x00, 0x00, 0x00, 0x2F,
    0xFF, 0xFF, 0xFF, 0x00, 0x00, 0x00, 0xFF, 0xFF, 0xFF, 0xFF, 0xE0, 0x00, 0x03, 0xFF, 0xFF, 0xFF,
    0xFF, 0xF8, 0x00, 0x0B, 0xFF, 0xF8, 0x0B, 0xFF, 0xFC, 0x00, 0x1F, 0xFF, 0xC0, 0x00, 0xBF, 0xFF,
    0x00, 0x3F, 0xFF, 0x00, 0x00, 0x2F, 0xFF, 0x00, 0x3F, 0xFD, 0x00, 0x00, 0x0F, 0xFF, 0x80, 0xBF,
    0xFC, 0x00, 0x00, 0x0B, 0xFF, 0xC0, 0xBF, 0xF8, 0x00, 0x00, 0x03, 0xFF, 0xC0, 0xBF, 0xF8, 0x00,
    0x00, 0x03, 0xFF, 0xC0, 0xFF, 0xF4, 0x00, 0x00, 0x03, 0xFF, 0xC0, 0xFF, 0xF4, 0x00, 0x00, 0x03,
    0xFF, 0xC0, 0xBF, 0xF8, 0x00, 0x00, 0x03, 0xFF, 0xC0, 0xBF, 0xF8, 0x00, 0x00, 0x03, 0xFF, 0xC0,
    0x7F, 0xFC, 0x00, 0x00, 0x0B, 0xFF, 0xC0, 0x3F, 0xFE, 0x00, 0x00, 0x0F, 0xFF, 0x80, 0x2F, 0xFF,
    0x00, 0x00, 0x3F, 0xFF, 0x00, 0x0F, 0xFF, 0xE0, 0x00, 0xFF, 0xFE, 0x00, 0x0B, 0xFF, 0xFE, 0xAF,
    0xFF, 0xFC, 0x00, 0x02, 0xFF, 0xFF, 0xFF, 0xFF, 0xF0, 0x00, 0x00, 0xBF, 0xFF, 0xFF, 0xFF, 0xC0,
    0x00, 0x00, 0x0F, 0xFF, 0xFF, 0xFE, 0x00, 0x00, 0x00, 0x00, 0xBF, 0xFF, 0xE0, 0x00, 0x00, 0x00,
    0x00, 0x00, 0x00, 0x00, 0x00, 0x00, 0x00, 0x00, 0x10, 0x00, 0x40, 0x00, 0x00, 0x00, 0x02, 0xFC,
    0x0B, 0xF0, 0x00, 0x00, 0x00, 0x03, 0xFF, 0x0F, 0xF8, 0x00, 0x00, 0x00, 0x03, 0xFF, 0x0F, 0xFC,
    0x00, 0x00, 0x00, 0x03, 0xFE, 0x0F, 0xF8, 0x00, 0x00, 0x00, 0x00, 0xB8, 0x02, 0xE0, 0x00, 0x00,
    0x00, 0x00, 0x00, 0x00, 0x00, 0x00, 0x00, 0x00, 0x00, 0x0A, 0xA9, 0x00, 0x00, 0x00, 0x00, 0x02,
    0xFF, 0xFF, 0xF8, 0x00, 0x00, 0x00, 0x2F, 0xFF, 0xFF, 0xFF, 0x00, 0x00, 0x00, 0xFF, 0xFF, 0xFF,
    0xFF, 0xE0, 0x00, 0x03, 0xFF, 0xFF, 0xFF, 0xFF, 0xF8, 0x00, 0x0B, 0xFF, 0xF8, 0x0B, 0xFF, 0xFC,
    0x00, 0x1F, 0xFF, 0xC0, 0x00, 0xBF, 0xFF, 0x00, 0x3F, 0xFF, 0x00, 0x00, 0x2F, 0xFF, 0x00, 0x3F,
    0xFD, 0x00, 0x00, 0x0F, 0xFF, 0x80, 0xBF, 0xFC, 0x00, 0x00, 0x0B, 0xFF, 0xC0, 0xBF, 0xF8, 0x00,
    0x00, 0x03, 0xFF, 0xC0, 0xBF, 0xF8, 0x00, 0x00, 0x03, 0xFF, 0xC0, 0xFF, 0xF4, 0x00, 0x00, 0x03,
    0xFF, 0xC0, 0xFF, 0xF4, 0x00, 0x00, 0x03, 0xFF, 0xC0, 0xBF, 0xF8, 0x00, 0x00, 0x03, 0xFF, 0xC0,
    0xBF, 0xF8, 0x00, 0x00, 0x03, 0xFF, 0xC0, 0x7F, 0xFC, 0x00, 0x00, 0x0B, 0xFF, 0xC0, 0x3F, 0xFE,
    0x00, 0x00, 0x0F, 0xFF, 0x80, 0x2F, 0xFF, 0x00, 0x00, 0x3F, 0xFF, 0x00, 0x0F, 0xFF, 0xE0, 0x00,
    0xFF, 0xFE, 0x00, 0x0B, 0xFF, 0xFE, 0xAF, 0xFF, 0xFC, 0x00, 0x02, 0xFF, 0xFF, 0xFF, 0xFF, 0xF0,
    0x00, 0x00, 0xBF, 0xFF, 0xFF, 0xFF, 0xC0, 0x00, 0x00, 0x0F, 0xFF, 0xFF, 0xFE, 0x00, 0x00, 0x00,
    0x00, 0xBF, 0xFF, 0xE0, 0x00, 0x00, 0x00, 0x00, 0x00, 0x00, 0x00, 0x00, 0x00, 0x00, 0x00, 0x00,
    0x00, 0x00, 0x03, 0x80, 0x00, 0x38, 0x00, 0x0F, 0xE0, 0x00, 0xFE, 0x00, 0x3F, 0xF8, 0x03, 0xFF,
    0x80, 0x3F, 0xFE, 0x0F, 0xFF, 0x80, 0x0F, 0xFF, 0xFF, 0xFE, 0x00, 0x03, 0xFF, 0xFF, 0xF8, 0x00,
    0x00, 0xFF, 0xFF, 0xE0, 0x00, 0x00, 0x3F, 0xFF, 0x80, 0x00, 0x00, 0x3F, 0xFF, 0x80, 0x00, 0x00,
    0xFF, 0xFF, 0xE0, 0x00, 0x03, 0xFF, 0xFF, 0xF8, 0x00, 0x0F, 0xFF, 0xBF, 0xFE, 0x00, 0x3F, 0xFE,
    0x0F, 0xFF, 0x80, 0x3F, 0xF8, 0x03, 0xFF, 0x00, 0x0F, 0xE0, 0x00, 0xFC, 0x00, 0x03, 0x80, 0x00,
    0x30, 0x00, 0x00, 0x00, 0x00, 0x00, 0x00, 0x00, 0x00, 0x0A, 0xA9, 0x00, 0x20, 0x00, 0x00, 0x02,
    0xFF, 0xFF, 0xF8, 0xBC, 0x00, 0x00, 0x2F, 0xFF, 0xFF, 0xFF, 0xFC, 0x00, 0x00, 0xFF, 0xFF, 0xFF,
    0xFF, 0xF8, 0x00, 0x03, 0xFF, 0xFF, 0xFF, 0xFF, 0xF8, 0x00, 0x0B, 0xFF, 0xF8, 0x0B, 0xFF, 0xFC,
    0x00, 0x0F, 0xFF, 0xC0, 0x00, 0xFF, 0xFF, 0x00, 0x3F, 0xFF, 0x00, 0x03, 0xFF, 0xFF, 0x00, 0x3F,
    0xFD, 0x00, 0x0B, 0xFF, 0xFF, 0x80, 0xBF, 0xFC, 0x00, 0x2F, 0xCB, 0xFF, 0xC0, 0xBF, 0xF8, 0x00,
    0xBF, 0x83, 0xFF, 0xC0, 0xBF, 0xF8, 0x00, 0xFE, 0x03, 0xFF, 0xC0, 0xFF, 0xF4, 0x03, 0xF8, 0x03,
    0xFF, 0xC0, 0xFF, 0xF8, 0x0F, 0xF0, 0x03, 0xFF, 0xC0, 0xBF, 0xF8, 0x3F, 0xC0, 0x03, 0xFF, 0xC0,
    0xBF, 0xFC, 0xBF, 0x00, 0x03, 0xFF, 0xC0, 0x3F, 0xFE, 0xFC, 0x00, 0x0B, 0xFF, 0xC0, 0x3F, 0xFF,
    0xF8, 0x00, 0x0F, 0xFF, 0x80, 0x2F, 0xFF, 0xE0, 0x00, 0x3F, 0xFF, 0x00, 0x0F, 0xFF, 0xE0, 0x00,
    0xFF, 0xFE, 0x00, 0x0B, 0xFF, 0xFE, 0xAF, 0xFF, 0xFC, 0x00, 0x03, 0xFF, 0xFF, 0xFF, 0xFF, 0xF0,
    0x00, 0x0F, 0xFF, 0xFF, 0xFF, 0xFF, 0xC0, 0x00, 0x2F, 0xEF, 0xFF, 0xFF, 0xFE, 0x00, 0x00, 0x0B,
    0x41, 0xFF, 0xFF, 0xE0, 0x00, 0x00, 0x00, 0x00, 0x00, 0x00, 0x00, 0x00, 0x00, 0x00, 0x00, 0x00,
    0x00, 0x00, 0x00, 0x00, 0x0B, 0xC0, 0x00, 0x00, 0x00, 0x00, 0x0F, 0xF0, 0x00, 0x00, 0x00, 0x00,
    0x0F, 0xFC, 0x00, 0x00, 0x00, 0x00, 0x0F, 0xFF, 0x00, 0x00, 0x00, 0x00, 0x02, 0xFF, 0xC0, 0x00,
    0x00, 0x00, 0x00, 0x2A, 0x80, 0x00, 0x00, 0x00, 0x00, 0x00, 0x00, 0x00, 0x00, 0x00, 0x00, 0x00,
    0x00, 0x00, 0x00, 0xBF, 0xF0, 0x00, 0x02, 0xFF, 0xC0, 0xBF, 0xF0, 0x00, 0x02, 0xFF, 0xC0, 0xBF,
    0xF0, 0x00, 0x02, 0xFF, 0xC0, 0xBF, 0xF0, 0x00, 0x02, 0xFF, 0xC0, 0xBF, 0xF0, 0x00, 0x02, 0xFF,
    0xC0, 0xBF, 0xF0, 0x00, 0x02, 0xFF, 0xC0, 0xBF, 0xF0, 0x00, 0x02, 0xFF, 0xC0, 0xBF, 0xF0, 0x00,
    0x02, 0xFF, 0xC0, 0xBF, 0xF0, 0x00, 0x02, 0xFF, 0xC0, 0xBF, 0xF0, 0x00, 0x02, 0xFF, 0xC0, 0xBF,
    0xF0, 0x00, 0x02, 0xFF, 0xC0, 0xBF, 0xF0, 0x00, 0x02, 0xFF, 0xC0, 0xBF, 0xF0, 0x00, 0x02, 0xFF,
    0xC0, 0xBF, 0xF0, 0x00, 0x02, 0xFF, 0xC0, 0xBF, 0xF4, 0x00, 0x02, 0xFF, 0xC0, 0x7F, 0xF8, 0x00,
    0x02, 0xFF, 0xC0, 0x3F, 0xF8, 0x00, 0x03, 0xFF, 0xC0, 0x3F, 0xFC, 0x00, 0x03, 0xFF, 0xC0, 0x3F,
    0xFE, 0x00, 0x0F, 0xFF, 0x80, 0x2F, 0xFF, 0xEA, 0xBF, 0xFF, 0x00, 0x0F, 0xFF, 0xFF, 0xFF, 0xFF,
    0x00, 0x03, 0xFF, 0xFF, 0xFF, 0xFC, 0x00, 0x00, 0xFF, 0xFF, 0xFF, 0xF0, 0x00, 0x00, 0x2F, 0xFF,
    0xFF, 0x40, 0x00, 0x00, 0x00, 0x00, 0x00, 0x00, 0x00, 0x00, 0x00, 0x00, 0x00, 0x00, 0x00, 0x00,
    0x00, 0x00, 0x3E, 0x00, 0x00, 0x00, 0x00, 0x00, 0xFF, 0x00, 0x00, 0x00, 0x00, 0x03, 0xFF, 0x00,
    0x00, 0x00, 0x00, 0x0F, 0xFF, 0x00, 0x00, 0x00, 0x00, 0x3F, 0xF8, 0x00, 0x00, 0x00, 0x00, 0x2A,
    0x80, 0x00, 0x00, 0x00, 0x00, 0x00, 0x00, 0x00, 0x00, 0x00, 0x00, 0x00, 0x00, 0x00, 0x00, 0xBF,
    0xF0, 0x00, 0x02, 0xFF, 0xC0, 0xBF, 0xF0, 0x00, 0x02, 0xFF, 0xC0, 0xBF, 0xF0, 0x00, 0x02, 0xFF,
    0xC0, 0xBF, 0xF0, 0x00, 0x02, 0xFF, 0xC0, 0xBF, 0xF0, 0x00, 0x02, 0xFF, 0xC0, 0xBF, 0xF0, 0x00,
    0x02, 0xFF, 0xC0, 0xBF, 0xF0, 0x00, 0x02, 0xFF, 0xC0, 0xBF, 0xF0, 0x00, 0x02, 0xFF, 0xC0, 0xBF,
    0xF0, 0x00, 0x02, 0xFF, 0xC0, 0xBF, 0xF0, 0x00, 0x02, 0xFF, 0xC0, 0xBF, 0xF0, 0x00, 0x02, 0xFF,
    0xC0, 0xBF, 0xF0, 0x00, 0x02, 0xFF, 0xC0, 0xBF, 0xF0, 0x00, 0x02, 0xFF, 0xC0, 0xBF, 0xF0, 0x00,
    0x02, 0xFF, 0xC0, 0xBF, 0xF4, 0x00, 0x02, 0xFF, 0xC0, 0x7F, 0xF8, 0x00, 0x02, 0xFF, 0xC0, 0x3F,
    0xF8, 0x00, 0x03, 0xFF, 0xC0, 0x3F, 0xFC, 0x00, 0x03, 0xFF, 0xC0, 0x3F, 0xFE, 0x00, 0x0F, 0xFF,
    0x80, 0x2F, 0xFF, 0xEA, 0xBF, 0xFF, 0x00, 0x0F, 0xFF, 0xFF, 0xFF, 0xFF, 0x00, 0x03, 0xFF, 0xFF,
    0xFF, 0xFC, 0x00, 0x00, 0xFF, 0xFF, 0xFF, 0xF0, 0x00, 0x00, 0x2F, 0xFF, 0xFF, 0x40, 0x00, 0x00,
    0x00, 0x00, 0x00, 0x00, 0x00, 0x00, 0x00, 0x00, 0x00, 0x00, 0x00, 0x00, 0x00, 0x2F, 0x80, 0x00,
    0x00, 0x00, 0x00, 0xFF, 0xE0, 0x00, 0x00, 0x00, 0x03, 0xFF, 0xFC, 0x00, 0x00, 0x00, 0x0F, 0xFF,
    0xFF, 0x00, 0x00, 0x00, 0x3F, 0xF0, 0xFF, 0xC0, 0x00, 0x00, 0xAA, 0x80, 0x2A, 0xA0, 0x00, 0x00,
    0x00, 0x00, 0x00, 0x00, 0x00, 0x00, 0x00, 0x00, 0x00, 0x00, 0x00, 0xBF, 0xF0, 0x00, 0x02, 0xFF,
    0xC0, 0xBF, 0xF0, 0x00, 0x02, 0xFF, 0xC0, 0xBF, 0xF0, 0x00, 0x02, 0xFF, 0xC0, 0xBF, 0xF0, 0x00,
    0x02, 0xFF, 0xC0, 0xBF, 0xF0, 0x00, 0x02, 0xFF, 0xC0, 0xBF, 0xF0, 0x00, 0x02, 0xFF, 0xC0, 0xBF,
    0xF0, 0x00, 0x02, 0xFF, 0xC0, 0xBF, 0xF0, 0x00, 0x02, 0xFF, 0xC0, 0xBF, 0xF0, 0x00, 0x02, 0xFF,
    0xC0, 0xBF, 0xF0, 0x00, 0x02, 0xFF, 0xC0, 0xBF, 0xF0, 0x00, 0x02, 0xFF, 0xC0, 0xBF, 0xF0, 0x00,
    0x02, 0xFF, 0xC0, 0xBF, 0xF0, 0x00, 0x02, 0xFF, 0xC0, 0xBF, 0xF0, 0x00, 0x02, 0xFF, 0xC0, 0xBF,
    0xF4, 0x00, 0x02, 0xFF, 0xC0, 0x7F, 0xF8, 0x00, 0x02, 0xFF, 0xC0, 0x3F, 0xF8, 0x00, 0x03, 0xFF,
    0xC0, 0x3F, 0xFC, 0x00, 0x03, 0xFF, 0xC0, 0x3F, 0xFE, 0x00, 0x0F, 0xFF, 0x80, 0x2F, 0xFF, 0xEA,
    0xBF, 0xFF, 0x00, 0x0F, 0xFF, 0xFF, 0xFF, 0xFF, 0x00, 0x03, 0xFF, 0xFF, 0xFF, 0xFC, 0x00, 0x00,
    0xFF, 0xFF, 0xFF, 0xF0, 0x00, 0x00, 0x2F, 0xFF, 0xFF, 0x40, 0x00, 0x00, 0x00, 0x00, 0x00, 0x00,
    0x00, 0x00, 0x02, 0x00, 0x08, 0x00, 0x00, 0x00, 0x2F, 0xE0, 0xBF, 0x80, 0x00, 0x00, 0x3F, 0xF0,
    0xFF, 0xC0, 0x00, 0x00, 0x3F, 0xF0, 0xFF, 0xC0, 0x00, 0x00, 0x3F, 0xF0, 0xFF, 0x80, 0x00, 0x00,
    0x0B, 0x80, 0x2E, 0x00, 0x00, 0x00, 0x00, 0x00, 0x00, 0x00, 0x00, 0x00, 0x00, 0x00, 0x00, 0x00,
    0x00, 0xBF, 0xF0, 0x00, 0x02, 0xFF, 0xC0, 0xBF, 0xF0, 0x00, 0x02, 0xFF, 0xC0, 0xBF, 0xF0, 0x00,
    0x02, 0xFF, 0xC0, 0xBF, 0xF0, 0x00, 0x02, 0xFF, 0xC0, 0xBF, 0xF0, 0x00, 0x02, 0xFF, 0xC0, 0xBF,
    0xF0, 0x00, 0x02, 0xFF, 0xC0, 0xBF, 0xF0, 0x00, 0x02, 0xFF, 0xC0, 0xBF, 0xF0, 0x00, 0x02, 0xFF,
    0xC0, 0xBF, 0xF0, 0x00, 0x02, 0xFF, 0xC0, 0xBF, 0xF0, 0x00, 0x02, 0xFF, 0xC0, 0xBF, 0xF0, 0x00,
    0x02, 0xFF, 0xC0, 0xBF, 0xF0, 0x00, 0x02, 0xFF, 0xC0, 0xBF, 0xF0, 0x00, 0x02, 0xFF, 0xC0, 0xBF,
    0xF0, 0x00, 0x02, 0xFF, 0xC0, 0xBF, 0xF4, 0x00, 0x02, 0xFF, 0xC0, 0x7F, 0xF8, 0x00, 0x02, 0xFF,
    0xC0, 0x3F, 0xF8, 0x00, 0x03, 0xFF, 0xC0, 0x3F, 0xFC, 0x00, 0x03, 0xFF, 0xC0, 0x3F, 0xFE, 0x00,
    0x0F, 0xFF, 0x80, 0x2F, 0xFF, 0xEA, 0xBF, 0xFF, 0x00, 0x0F, 0xFF, 0xFF, 0xFF, 0xFF, 0x00, 0x03,
    0xFF, 0xFF, 0xFF, 0xFC, 0x00, 0x00, 0xFF, 0xFF, 0xFF, 0xF0, 0x00, 0x00, 0x2F, 0xFF, 0xFF, 0x40,
    0x00, 0x00, 0x00, 0x00, 0x00, 0x00, 0x00, 0x00, 0x00, 0x00, 0x00, 0x00, 0x00, 0x00, 0x00, 0x00,
    0x00, 0x0B, 0xC0, 0x00, 0x00, 0x00, 0x00, 0x00, 0x2F, 0xE0, 0x00, 0x00, 0x00, 0x00, 0x00, 0xBF,
    0xE0, 0x00, 0x00, 0x00, 0x00, 0x02, 0xFF, 0xC0, 0x00, 0x00, 0x00, 0x00, 0x07, 0xFF, 0x00, 0x00,
    0x00, 0x00, 0x00, 0x0A, 0xA8, 0x00, 0x00, 0x00, 0x00, 0x00, 0x00, 0x00, 0x00, 0x00, 0x00, 0x00,
    0x00, 0x00, 0x00, 0x00, 0x00, 0x00, 0x3F, 0xFE, 0x00, 0x00, 0x3F, 0xFF, 0x00, 0x2F, 0xFF, 0x00,
    0x00, 0x7F, 0xFE, 0x00, 0x0F, 0xFF, 0x80, 0x00, 0xFF, 0xFC, 0x00, 0x0B, 0xFF, 0xC0, 0x02, 0xFF,
    0xF0, 0x00, 0x03, 0xFF, 0xF0, 0x03, 0xFF, 0xE0, 0x00, 0x00, 0xFF, 0xF8, 0x0B, 0xFF, 0xC0, 0x00,
    0x00, 0xBF, 0xFC, 0x0F, 0xFF, 0x00, 0x00, 0x00, 0x3F, 0xFE, 0x3F, 0xFE, 0x00, 0x00, 0x00, 0x0F,
    0xFF, 0xBF, 0xFC, 0x00, 0x00, 0x00, 0x0B, 0xFF, 0xFF, 0xF8, 0x00, 0x00, 0x00, 0x03, 0xFF, 0xFF,
    0xF0, 0x00, 0x00, 0x00, 0x02, 0xFF, 0xFF, 0xC0, 0x00, 0x00, 0x00, 0x00, 0xFF, 0xFF, 0x80, 0x00,
    0x00, 0x00, 0x00, 0x3F, 0xFF, 0x00, 0x00, 0x00, 0x00, 0x00, 0x2F, 0xFD, 0x00, 0x00, 0x00, 0x00,
    0x00, 0x2F, 0xFC, 0x00, 0x00, 0x00, 0x00, 0x00, 0x2F, 0xFC, 0x00, 0x00, 0x00, 0x00, 0x00, 0x2F,
    0xFC, 0x00, 0x00, 0x00, 0x00, 0x00, 0x2F, 0xFC, 0x00, 0x00, 0x00, 0x00, 0x00, 0x2F, 0xFC, 0x00,
    0x00, 0x00, 0x00, 0x00, 0x2F, 0xFC, 0x00, 0x00, 0x00, 0x00, 0x00, 0x2F, 0xFC, 0x00, 0x00, 0x00,
    0x00, 0x00, 0x2F, 0xFC, 0x00, 0x00, 0x00, 0x00, 0x00, 0x2F, 0xFC, 0x00, 0x00, 0x00, 0x00, 0x00,
    0x00, 0x00, 0x00, 0x00, 0xBF, 0xF4, 0x00, 0x00, 0x00, 0x00, 0xBF, 0xF4, 0x00, 0x00, 0x00, 0x00,
    0xBF, 0xF4, 0x00, 0x00, 0x00, 0x00, 0xBF, 0xFA, 0xA4, 0x00, 0x00, 0x00, 0xBF, 0xFF, 0xFF, 0xFE,
    0x00, 0x00, 0xBF, 0xFF, 0xFF, 0xFF, 0xF0, 0x00, 0xBF, 0xFF, 0xFF, 0xFF, 0xFC, 0x00, 0xBF, 0xFF,
    0xFF, 0xFF, 0xFE, 0x00, 0xBF, 0xFE, 0xAB, 0xFF, 0xFF, 0x00, 0xBF, 0xF4, 0x00, 0x2F, 0xFF, 0x00,
    0xBF, 0xF4, 0x00, 0x0F, 0xFF, 0x00, 0xBF, 0xF4, 0x00, 0x0F, 0xFF, 0x80, 0xBF, 0xF4, 0x00, 0x0F,
    0xFF, 0x00, 0xBF, 0xF4, 0x00, 0x3F, 0xFF, 0x00, 0xBF, 0xFF, 0xFF, 0xFF, 0xFF, 0x00, 0xBF, 0xFF,
    0xFF, 0xFF, 0xFE, 0x00, 0xBF, 0xFF, 0xFF, 0xFF, 0xFC, 0x00, 0xBF, 0xFF, 0xFF, 0xFF, 0xE0, 0x00,
    0xBF, 0xFF, 0xFF, 0xFE, 0x00, 0x00, 0xBF, 0xF8, 0x00, 0x00, 0x00, 0x00, 0xBF, 0xF4, 0x00, 0x00,
    0x00, 0x00, 0xBF, 0xF4, 0x00, 0x00, 0x00, 0x00, 0xBF, 0xF4, 0x00, 0x00, 0x00, 0x00, 0xBF, 0xF0,
    0x00, 0x00, 0x00, 0x00, 0x00, 0x02, 0xAA, 0x80, 0x00, 0x00, 0x00, 0xBF, 0xFF, 0xFE, 0x00, 0x00,
    0x03, 0xFF, 0xFF, 0xFF, 0xC0, 0x00, 0x0F, 0xFF, 0xFF, 0xFF, 0xF0, 0x00, 0x2F, 0xFF, 0xFF, 0xFF,
    0xF8, 0x00, 0x3F, 0xFE, 0x00, 0xBF, 0xFC, 0x00, 0x3F, 0xFC, 0x00, 0x2F, 0xFC, 0x00, 0x3F, 0xF4,
    0x00, 0x1F, 0xFC, 0x00, 0xBF, 0xF0, 0x00, 0x2F, 0xFC, 0x00, 0xBF, 0xF0, 0x01, 0xFF, 0xF8, 0x00,
    0xBF, 0xF0, 0x3F, 0xFF, 0xF0, 0x00, 0xBF, 0xF0, 0x3F, 0xFF, 0xE0, 0x00, 0xBF, 0xF0, 0x3F, 0xFF,
    0xF8, 0x00, 0xBF, 0xF0, 0x3F, 0xFF, 0xFE, 0x00, 0xBF, 0xF0, 0x00, 0xBF, 0xFF, 0x00, 0xBF, 0xF0,
    0x00, 0x0F, 0xFF, 0x40, 0xBF, 0xF0, 0x00, 0x07, 0xFF, 0x80, 0xBF, 0xF0, 0x00, 0x03, 0xFF, 0x80,
    0xBF, 0xF0, 0x00, 0x03, 0xFF, 0x80, 0xBF, 0xF0, 0x00, 0x0F, 0xFF, 0x80, 0xBF, 0xF0, 0x29, 0xBF,
    0xFF, 0x00, 0xBF, 0xF0, 0x3F, 0xFF, 0xFE, 0x00, 0xBF, 0xF0, 0x2F, 0xFF, 0xFC, 0x00, 0xBF, 0xF0,
    0x0F, 0xFF, 0xF0, 0x00, 0xBF, 0xF0, 0x0F, 0xFF, 0x80, 0x00, 0x00, 0x00, 0x00, 0x00, 0x00, 0x00,
    0x00, 0x01, 0x00, 0x00, 0x00, 0x00, 0x2F, 0xC0, 0x00, 0x00, 0x00, 0x3F, 0xF0, 0x00, 0x00, 0x00,
    0x2F, 0xF8, 0x00, 0x00, 0x00, 0x0F, 0xFE, 0x00, 0x00, 0x00, 0x02, 0xFF, 0x40, 0x00, 0x00, 0x00,
    0x00, 0x00, 0x00, 0x00, 0x00, 0x00, 0x00, 0x00, 0x00, 0x00, 0x6A, 0x40, 0x00, 0x00, 0x2F, 0xFF,
    0xFC, 0x00, 0x01, 0xFF, 0xFF, 0xFF, 0x80, 0x03, 0xFF, 0xFF, 0xFF, 0xC0, 0x0F, 0xFF, 0x87, 0xFF,
    0xE0, 0x00, 0xBC, 0x00, 0xFF, 0xF0, 0x00, 0x00, 0x00, 0xBF, 0xF0, 0x00, 0x00, 0x00, 0xBF, 0xF0,
    0x00, 0x0A, 0xFF, 0xFF, 0xF0, 0x00, 0xFF, 0xFF, 0xFF, 0xF0, 0x0B, 0xFF, 0xFF, 0xFF, 0xF0, 0x2F,
    0xFF, 0xE0, 0x7F, 0xF0, 0x3F, 0xFC, 0x00, 0xBF, 0xF0, 0x3F, 0xF8, 0x00, 0xBF, 0xF0, 0x3F, 0xFC,
    0x02, 0xFF, 0xF0, 0x3F, 0xFF, 0xAF, 0xFF, 0xF4, 0x2F, 0xFF, 0xFF, 0xFF, 0xF8, 0x0F, 0xFF, 0xFF,
    0xBF, 0xF8, 0x02, 0xFF, 0xFC, 0x2F, 0xF8, 0x00, 0x00, 0x00, 0x00, 0x00, 0x00, 0x00, 0x00, 0x10,
    0x00, 0x00, 0x00, 0x02, 0xFC, 0x00, 0x00, 0x00, 0x03, 0xFC, 0x00, 0x00, 0x00, 0x0F, 0xFC, 0x00,
    0x00, 0x00, 0x3F, 0xF8, 0x00, 0x00, 0x00, 0xFF, 0xC0, 0x00, 0x00, 0x00, 0x00, 0x00, 0x00, 0x00,
    0x00, 0x00, 0x00, 0x00, 0x00, 0x00, 0x6A, 0x40, 0x00, 0x00, 0x2F, 0xFF, 0xFC, 0x00, 0x01, 0xFF,
    0xFF, 0xFF, 0x80, 0x03, 0xFF, 0xFF, 0xFF, 0xC0, 0x0F, 0xFF, 0x87, 0xFF, 0xE0, 0x00, 0xBC, 0x00,
    0xFF, 0xF0, 0x00, 0x00, 0x00, 0xBF, 0xF0, 0x00, 0x00, 0x00, 0xBF, 0xF0, 0x00, 0x0A, 0xFF, 0xFF,
    0xF0, 0x00, 0xFF, 0xFF, 0xFF, 0xF0, 0x0B, 0xFF, 0xFF, 0xFF, 0xF0, 0x2F, 0xFF, 0xE0, 0x7F, 0xF0,
    0x3F, 0xFC, 0x00, 0xBF, 0xF0, 0x3F, 0xF8, 0x00, 0xBF, 0xF0, 0x3F, 0xFC, 0x02, 0xFF, 0xF0, 0x3F,
    0xFF, 0xAF, 0xFF, 0xF4, 0x2F, 0xFF, 0xFF, 0xFF, 0xF8, 0x0F, 0xFF, 0xFF, 0xBF, 0xF8, 0x02, 0xFF,
    0xFC, 0x2F, 0xF8, 0x00, 0x00, 0x00, 0x00, 0x00, 0x00, 0x00, 0x00, 0x00, 0x00, 0x00, 0x00, 0xBF,
    0x00, 0x00, 0x00, 0x03, 0xFF, 0xE0, 0x00, 0x00, 0x0F, 0xFF, 0xF8, 0x00, 0x00, 0x3F, 0xFB, 0xFE,
    0x00, 0x00, 0xFF, 0x80, 0xFF, 0x80, 0x00, 0x00, 0x00, 0x00, 0x00, 0x00, 0x00, 0x00, 0x00, 0x00,
    0x00, 0x00, 0x6A, 0x40, 0x00, 0x00, 0x2F, 0xFF, 0xFC, 0x00, 0x01, 0xFF, 0xFF, 0xFF, 0x80, 0x03,
    0xFF, 0xFF, 0xFF, 0xC0, 0x0F, 0xFF, 0x87, 0xFF, 0xE0, 0x00, 0xBC, 0x00, 0xFF, 0xF0, 0x00, 0x00,
    0x00, 0xBF, 0xF0, 0x00, 0x00, 0x00, 0xBF, 0xF0, 0x00, 0x0A, 0xFF, 0xFF, 0xF0, 0x00, 0xFF, 0xFF,
    0xFF, 0xF0, 0x0B, 0xFF, 0xFF, 0xFF, 0xF0, 0x2F, 0xFF, 0xE0, 0x7F, 0xF0, 0x3F, 0xFC, 0x00, 0xBF,
    0xF0, 0x3F, 0xF8, 0x00, 0xBF, 0xF0, 0x3F, 0xFC, 0x02, 0xFF, 0xF0, 0x3F, 0xFF, 0xAF, 0xFF, 0xF4,
    0x2F, 0xFF, 0xFF, 0xFF, 0xF8, 0x0F, 0xFF, 0xFF, 0xBF, 0xF8, 0x02, 0xFF, 0xFC, 0x2F, 0xF8, 0x00,
    0x00, 0x00, 0x00, 0x00, 0x00, 0x00, 0x00, 0x00, 0x00, 0x00, 0x0F, 0xF8, 0x0B, 0x80, 0x00, 0x7F,
    0xFF, 0xBF, 0xC0, 0x00, 0xFF, 0xFF, 0xFF, 0x80, 0x00, 0xFE, 0x2F, 0xFE, 0x00, 0x00, 0x00, 0x00,
    0x50, 0x00, 0x00, 0x00, 0x00, 0x00, 0x00, 0x00, 0x00, 0x6A, 0x40, 0x00, 0x00, 0x2F, 0xFF, 0xFC,
    0x00, 0x01, 0xFF, 0xFF, 0xFF, 0x80, 0x03, 0xFF, 0xFF, 0xFF, 0xC0, 0x0F, 0xFF, 0x87, 0xFF, 0xE0,
    0x00, 0xBC, 0x00, 0xFF, 0xF0, 0x00, 0x00, 0x00, 0xBF, 0xF0, 0x00, 0x00, 0x00, 0xBF, 0xF0, 0x00,
    0x0A, 0xFF, 0xFF, 0xF0, 0x00, 0xFF, 0xFF, 0xFF, 0xF0, 0x0B, 0xFF, 0xFF, 0xFF, 0xF0, 0x2F, 0xFF,
    0xE0, 0x7F, 0xF0, 0x3F, 0xFC, 0x00, 0xBF, 0xF0, 0x3F, 0xF8, 0x00, 0xBF, 0xF0, 0x3F, 0xFC, 0x02,
    0xFF, 0xF0, 0x3F, 0xFF, 0xAF, 0xFF, 0xF4, 0x2F, 0xFF, 0xFF, 0xFF, 0xF8, 0x0F, 0xFF, 0xFF, 0xBF,
    0xF8, 0x02, 0xFF, 0xFC, 0x2F, 0xF8, 0x00, 0x00, 0x00, 0x00, 0x00, 0x00, 0x00, 0x00, 0x00, 0x00,
    0x00, 0x3F, 0x80, 0xFE, 0x00, 0x00, 0xBF, 0xC2, 0xFF, 0x00, 0x00, 0xFF, 0xD3, 0xFF, 0x00, 0x00,
    0xBF, 0xC2, 0xFF, 0x00, 0x00, 0x3F, 0x80, 0xFE, 0x00, 0x00, 0x00, 0x00, 0x00, 0x00, 0x00, 0x00,
    0x00, 0x00, 0x00, 0x00, 0x00, 0x6A, 0x40, 0x00, 0x00, 0x2F, 0xFF, 0xFC, 0x00, 0x01, 0xFF, 0xFF,
    0xFF, 0x80, 0x03, 0xFF, 0xFF, 0xFF, 0xC0, 0x0F, 0xFF, 0x87, 0xFF, 0xE0, 0x00, 0xBC, 0x00, 0xFF,
    0xF0, 0x00, 0x00, 0x00, 0xBF, 0xF0, 0x00, 0x00, 0x00, 0xBF, 0xF0, 0x00, 0x0A, 0xFF, 0xFF, 0xF0,
    0x00, 0xFF, 0xFF, 0xFF, 0xF0, 0x0B, 0xFF, 0xFF, 0xFF, 0xF0, 0x2F, 0xFF, 0xE0, 0x7F, 0xF0, 0x3F,
    0xFC, 0x00, 0xBF, 0xF0, 0x3F, 0xF8, 0x00, 0xBF, 0xF0, 0x3F, 0xFC, 0x02, 0xFF, 0xF0, 0x3F, 0xFF,
    0xAF, 0xFF, 0xF4, 0x2F, 0xFF, 0xFF, 0xFF, 0xF8, 0x0F, 0xFF, 0xFF, 0xBF, 0xF8, 0x02, 0xFF, 0xFC,
    0x2F, 0xF8, 0x00, 0x00, 0x00, 0x00, 0x00, 0x00, 0x00, 0x00, 0x00, 0x00, 0x00, 0x00, 0xBF, 0x80,
    0x00, 0x00, 0x03, 0xFF, 0xF0, 0x00, 0x00, 0x0F, 0xFF, 0xF8, 0x00, 0x00, 0x2F, 0xE3, 0xFC, 0x00,
    0x00, 0x2F, 0x80, 0xFC, 0x00, 0x00, 0x2F, 0xC2, 0xFC, 0x00, 0x00, 0x0F, 0xFB, 0xFC, 0x00, 0x00,
    0x0F, 0xFF, 0xF0, 0x00, 0x00, 0x03, 0xFF, 0xE0, 0x00, 0x00, 0x00, 0x2A, 0x00, 0x00, 0x00, 0x00,
    0x6A, 0x40, 0x00, 0x00, 0x2F, 0xFF, 0xFC, 0x00, 0x01, 0xFF, 0xFF, 0xFF, 0x80, 0x03, 0xFF, 0xFF,
    0xFF, 0xC0, 0x0F, 0xFF, 0x87, 0xFF, 0xE0, 0x00, 0xBC, 0x00, 0xFF, 0xF0, 0x00, 0x00, 0x00, 0xBF,
    0xF0, 0x00, 0x00, 0x00, 0xBF, 0xF0, 0x00, 0x0A, 0xFF, 0xFF, 0xF0, 0x00, 0xFF, 0xFF, 0xFF, 0xF0,
    0x0B, 0xFF, 0xFF, 0xFF, 0xF0, 0x2F, 0xFF, 0xE0, 0x7F, 0xF0, 0x3F, 0xFC, 0x00, 0xBF, 0xF0, 0x3F,
    0xF8, 0x00, 0xBF, 0xF0, 0x3F, 0xFC, 0x02, 0xFF, 0xF0, 0x3F, 0xFF, 0xAF, 0xFF, 0xF4, 0x2F, 0xFF,
    0xFF, 0xFF, 0xF8, 0x0F, 0xFF, 0xFF, 0xBF, 0xF8, 0x02, 0xFF, 0xFC, 0x2F, 0xF8, 0x00, 0x00, 0x00,
    0x00, 0x00, 0x00, 0x00, 0x6A, 0x00, 0x00, 0xA9, 0x00, 0x00, 0x00, 0x2F, 0xFF, 0xFD, 0x2F, 0xFF,
    0xF4, 0x00, 0x01, 0xFF, 0xFF, 0xFF, 0xFF, 0xFF, 0xFE, 0x00, 0x03, 0xFF, 0xFF, 0xFF, 0xFF, 0xFF,
    0xFF, 0xC0, 0x0F, 0xFF, 0x87, 0xFF, 0xFF, 0xFF, 0xFF, 0xE0, 0x00, 0xBC, 0x00, 0xFF, 0xFE, 0x00,
    0xBF, 0xF0, 0x00, 0x00, 0x00, 0xBF, 0xF8, 0x00, 0x2F, 0xF8, 0x00, 0x00, 0x00, 0x7F, 0xF0, 0x00,
    0x1F, 0xF8, 0x00, 0x0A, 0xFF, 0xFF, 0xFF, 0xFF, 0xFF, 0xFC, 0x01, 0xFF, 0xFF, 0xFF, 0xFF, 0xFF,
    0xFF, 0xFC, 0x0B, 0xFF, 0xFF, 0xFF, 0xFF, 0xFF, 0xFF, 0xFC, 0x2F, 0xFF, 0xEA, 0xBF, 0xF5, 0x55,
    0x55, 0x54, 0x3F, 0xFC, 0x00, 0x7F, 0xF0, 0x00, 0x00, 0x00, 0x3F, 0xF8, 0x00, 0xBF, 0xFC, 0x00,
    0x00, 0x00, 0x3F, 0xFC, 0x01, 0xFF, 0xFF, 0x00, 0xFE, 0x00, 0x3F, 0xFF, 0xAF, 0xFF, 0xFF, 0xFF,
    0xFF, 0xF0, 0x2F, 0xFF, 0xFF, 0xFF, 0xFF, 0xFF, 0xFF, 0xC0, 0x0B, 0xFF, 0xFF, 0xE1, 0xFF, 0xFF,
    0xFE, 0x00, 0x01, 0xFF, 0xFE, 0x00, 0x2F, 0xFF, 0xE0, 0x00, 0x00, 0x00, 0x00, 0x00, 0x00, 0x00,
    0x00, 0x00, 0x00, 0x00, 0xAA, 0x00, 0x00, 0x00, 0x2F, 0xFF, 0xF8, 0x00, 0x00, 0xFF, 0xFF, 0xFF,
    0x00, 0x03, 0xFF, 0xFF, 0xFF, 0xC0, 0x0F, 0xFF, 0xFF, 0xFF, 0xF0, 0x0F, 0xFF, 0x40, 0xBF, 0xE0,
    0x2F, 0xFD, 0x00, 0x38, 0x00, 0x3F, 0xFC, 0x00, 0x00, 0x00, 0x3F, 0xF8, 0x00, 0x00, 0x00, 0x3F,
    0xF8, 0x00, 0x00, 0x00, 0x3F, 0xF8, 0x00, 0x00, 0x00, 0x3F, 0xF8, 0x00, 0x00, 0x00, 0x3F, 0xFC,
    0x00, 0x00, 0x00, 0x2F, 0xFE, 0x00, 0x28, 0x00, 0x0F, 0xFF, 0x80, 0xFF, 0x80, 0x0B, 0xFF, 0xFF,
    0xFF, 0xF0, 0x03, 0xFF, 0xFF, 0xFF, 0xC0, 0x00, 0xFF, 0xFF, 0xFF, 0x00, 0x00, 0x1F, 0xFF, 0xF4,
    0x00, 0x00, 0x00, 0xF8, 0x00, 0x00, 0x00, 0x02, 0xFA, 0x00, 0x00, 0x00, 0x03, 0xFF, 0xE0, 0x00,
    0x00, 0x00, 0x0F, 0xF0, 0x00, 0x00, 0x0A, 0x2F, 0xE0, 0x00, 0x00, 0x0F, 0xFF, 0xC0, 0x00, 0x00,
    0x02, 0xA8, 0x00, 0x00, 0x00, 0x01, 0x00, 0x00, 0x00, 0x00, 0x2F, 0xC0, 0x00, 0x00, 0x00, 0x3F,
    0xF0, 0x00, 0x00, 0x00, 0x2F, 0xF8, 0x00, 0x00, 0x00, 0x0F, 0xFE, 0x00, 0x00, 0x00, 0x02, 0xFF,
    0x00, 0x00, 0x00, 0x00, 0x00, 0x00, 0x00, 0x00, 0x00, 0x00, 0x00, 0x00, 0x00, 0x00, 0x6A, 0x00,
    0x00, 0x00, 0x1F, 0xFF, 0xF8, 0x00, 0x00, 0xBF, 0xFF, 0xFF, 0x40, 0x03, 0xFF, 0xFF, 0xFF, 0xE0,
    0x0B, 0xFF, 0xFB, 0xFF, 0xF0, 0x0F, 0xFF, 0x00, 0x3F, 0xF8, 0x2F, 0xFC, 0x00, 0x0F, 0xFC, 0x3F,
    0xF8, 0x00, 0x0B, 0xFC, 0x3F, 0xFF, 0xFF, 0xFF, 0xFE, 0x3F, 0xFF, 0xFF, 0xFF, 0xFE, 0x3F, 0xFF,
    0xFF, 0xFF, 0xFE, 0x3F, 0xFC, 0x00, 0x00, 0x00, 0x3F, 0xFC, 0x00, 0x00, 0x00, 0x2F, 0xFE, 0x00,
    0x00, 0x00, 0x0F, 0xFF, 0x80, 0xBF, 0x80, 0x0B, 0xFF, 0xFF, 0xFF, 0xF4, 0x03, 0xFF, 0xFF, 0xFF,
    0xE0, 0x00, 0xBF, 0xFF, 0xFF, 0x80, 0x00, 0x0B, 0xFF, 0xF8, 0x00, 0x00, 0x00, 0x00, 0x00, 0x00,
    0x00, 0x00, 0x00, 0x10, 0x00, 0x00, 0x00, 0x02, 0xFC, 0x00, 0x00, 0x00, 0x07, 0xFC, 0x00, 0x00,
    0x00, 0x0F, 0xFC, 0x00, 0x00, 0x00, 0x3F, 0xF4, 0x00, 0x00, 0x00, 0xFF, 0xC0, 0x00, 0x00, 0x00,
    0x00, 0x00, 0x00, 0x00, 0x00, 0x00, 0x00, 0x00, 0x00, 0x00, 0x6A, 0x00, 0x00, 0x00, 0x1F, 0xFF,
    0xF8, 0x00, 0x00, 0xBF, 0xFF, 0xFF, 0x40, 0x03, 0xFF, 0xFF, 0xFF, 0xE0, 0x0B, 0xFF, 0xFB, 0xFF,
    0xF0, 0x0F, 0xFF, 0x00, 0x3F, 0xF8, 0x2F, 0xFC, 0x00, 0x0F, 0xFC, 0x3F, 0xF8, 0x00, 0x0B, 0xFC,
    0x3F, 0xFF, 0xFF, 0xFF, 0xFE, 0x3F, 0xFF, 0xFF, 0xFF, 0xFE, 0x3F, 0xFF, 0xFF, 0xFF, 0xFE, 0x3F,
    0xFC, 0x00, 0x00, 0x00, 0x3F, 0xFC, 0x00, 0x00, 0x00, 0x2F, 0xFE, 0x00, 0x00, 0x00, 0x0F, 0xFF,
    0x80, 0xBF, 0x80, 0x0B, 0xFF, 0xFF, 0xFF, 0xF4, 0x03, 0xFF, 0xFF, 0xFF, 0xE0, 0x00, 0xBF, 0xFF,
    0xFF, 0x80, 0x00, 0x0B, 0xFF, 0xF8, 0x00, 0x00, 0x00, 0x00, 0x00, 0x00, 0x00, 0x00, 0x00, 0x00,
    0x00, 0x00, 0x00, 0xFF, 0x00, 0x00, 0x00, 0x03, 0xFF, 0xD0, 0x00, 0x00, 0x0F, 0xFF, 0xF8, 0x00,
    0x00, 0x3F, 0xFB, 0xFE, 0x00, 0x00, 0xFF, 0x80, 0xFF, 0x80, 0x00, 0x00, 0x00, 0x00, 0x00, 0x00,
    0x00, 0x00, 0x00, 0x00, 0x00, 0x00, 0x6A, 0x00, 0x00, 0x00, 0x1F, 0xFF, 0xF8, 0x00, 0x00, 0xBF,
    0xFF, 0xFF, 0x40, 0x03, 0xFF, 0xFF, 0xFF, 0xE0, 0x0B, 0xFF, 0xFB, 0xFF, 0xF0, 0x0F, 0xFF, 0x00,
    0x3F, 0xF8, 0x2F, 0xFC, 0x00, 0x0F, 0xFC, 0x3F, 0xF8, 0x00, 0x0B, 0xFC, 0x3F, 0xFF, 0xFF, 0xFF,
    0xFE, 0x3F, 0xFF, 0xFF, 0xFF, 0xFE, 0x3F, 0xFF, 0xFF, 0xFF, 0xFE, 0x3F, 0xFC, 0x00, 0x00, 0x00,
    0x3F, 0xFC, 0x00, 0x00, 0x00, 0x2F, 0xFE, 0x00, 0x00, 0x00, 0x0F, 0xFF, 0x80, 0xBF, 0x80, 0x0B,
    0xFF, 0xFF, 0xFF, 0xF4, 0x03, 0xFF, 0xFF, 0xFF, 0xE0, 0x00, 0xBF, 0xFF, 0xFF, 0x80, 0x00, 0x0B,
    0xFF, 0xF8, 0x00, 0x00, 0x00, 0x00, 0x00, 0x00, 0x00, 0x00, 0x00, 0x00, 0x00, 0x00, 0x3F, 0x80,
    0xFD, 0x00, 0x00, 0xBF, 0xC2, 0xFF, 0x00, 0x00, 0xFF, 0xC3, 0xFF, 0x00, 0x00, 0xBF, 0xC2, 0xFF,
    0x00, 0x00, 0x3F, 0x80, 0xFE, 0x00, 0x00, 0x00, 0x00, 0x00, 0x00, 0x00, 0x00, 0x00, 0x00, 0x00,
    0x00, 0x00, 0x6A, 0x00, 0x00, 0x00, 0x1F, 0xFF, 0xF8, 0x00, 0x00, 0xBF, 0xFF, 0xFF, 0x40, 0x03,
    0xFF, 0xFF, 0xFF, 0xE0, 0x0B, 0xFF, 0xFB, 0xFF, 0xF0, 0x0F, 0xFF, 0x00, 0x3F, 0xF8, 0x2F, 0xFC,
    0x00, 0x0F, 0xFC, 0x3F, 0xF8, 0x00, 0x0B, 0xFC, 0x3F, 0xFF, 0xFF, 0xFF, 0xFE, 0x3F, 0xFF, 0xFF,
    0xFF, 0xFE, 0x3F, 0xFF, 0xFF, 0xFF, 0xFE, 0x3F, 0xFC, 0x00, 0x00, 0x00, 0x3F, 0xFC, 0x00, 0x00,
    0x00, 0x2F, 0xFE, 0x00, 0x00, 0x00, 0x0F, 0xFF, 0x80, 0xBF, 0x80, 0x0B, 0xFF, 0xFF, 0xFF, 0xF4,
    0x03, 0xFF, 0xFF, 0xFF, 0xE0, 0x00, 0xBF, 0xFF, 0xFF, 0x80, 0x00, 0x0B, 0xFF, 0xF8, 0x00, 0x00,
    0x00, 0x00, 0x00, 0x00, 0x04, 0x00, 0x00, 0x3F, 0x80, 0x00, 0x3F, 0xE0, 0x00, 0x3F, 0xF0, 0x00,
    0x0F, 0xFC, 0x00, 0x03, 0xFF, 0x00, 0x00, 0x00, 0x00, 0x00, 0x00, 0x00, 0x00, 0x00, 0x00, 0x3F,
    0xFF, 0xF0, 0x3F, 0xFF, 0xF0, 0x3F, 0xFF, 0xF0, 0x3F, 0xFF, 0xF0, 0x00, 0xFF, 0xF0, 0x00, 0xFF,
    0xF0, 0x00, 0xFF, 0xF0, 0x00, 0xFF, 0xF0, 0x00, 0xFF, 0xF0, 0x00, 0xFF, 0xF0, 0x00, 0xFF, 0xF0,
    0x00, 0xFF, 0xF0, 0x00, 0xFF, 0xF0, 0x00, 0xFF, 0xF0, 0x00, 0xFF, 0xF0, 0x00, 0xFF, 0xF0, 0x00,
    0xFF, 0xF0, 0x00, 0xFF, 0xF0, 0x00, 0x00, 0x00, 0x00, 0x03, 0xF8, 0x00, 0x0F, 0xFC, 0x00, 0x2F,
    0xFC, 0x00, 0xBF, 0xF0, 0x00, 0xFF, 0x80, 0x00, 0x00, 0x00, 0x00, 0x00, 0x00, 0x00, 0x00, 0x00,
    0x3F, 0xFF, 0xF0, 0x3F, 0xFF, 0xF0, 0x3F, 0xFF, 0xF0, 0x3F, 0xFF, 0xF0, 0x00, 0xFF, 0xF0, 0x00,
    0xFF, 0xF0, 0x00, 0xFF, 0xF0, 0x00, 0xFF, 0xF0, 0x00, 0xFF, 0xF0, 0x00, 0xFF, 0xF0, 0x00, 0xFF,
    0xF0, 0x00, 0xFF, 0xF0, 0x00, 0xFF, 0xF0, 0x00, 0xFF, 0xF0, 0x00, 0xFF, 0xF0, 0x00, 0xFF, 0xF0,
    0x00, 0xFF, 0xF0, 0x00, 0xFF, 0xF0, 0x00, 0x00, 0x00, 0x00, 0x00, 0x0F, 0xF0, 0x00, 0x00, 0x7F,
    0xFC, 0x00, 0x02, 0xFF, 0xFF, 0x00, 0x0B, 0xFE, 0xFF, 0xC0, 0x2F, 0xF0, 0x2F, 0xF0, 0x00, 0x00,
    0x00, 0x00, 0x00, 0x00, 0x00, 0x00, 0x00, 0x00, 0x00, 0x00, 0x03, 0xFF, 0xFF, 0x00, 0x03, 0xFF,
    0xFF, 0x00, 0x03, 0xFF, 0xFF, 0x00, 0x03, 0xFF, 0xFF, 0x00, 0x00, 0x0F, 0xFF, 0x00, 0x00, 0x0F,
    0xFF, 0x00, 0x00, 0x0F, 0xFF, 0x00, 0x00, 0x0F, 0xFF, 0x00, 0x00, 0x0F, 0xFF, 0x00, 0x00, 0x0F,
    0xFF, 0x00, 0x00, 0x0F, 0xFF, 0x00, 0x00, 0x0F, 0xFF, 0x00, 0x00, 0x0F, 0xFF, 0x00, 0x00, 0x0F,
    0xFF, 0x00, 0x00, 0x0F, 0xFF, 0x00, 0x00, 0x0F, 0xFF, 0x00, 0x00, 0x0F, 0xFF, 0x00, 0x00, 0x0F,
    0xFF, 0x00, 0x00, 0x00, 0x00, 0x00, 0x0F, 0xC0, 0x7F, 0x00, 0x3F, 0xE0, 0xFF, 0x80, 0x3F, 0xF0,
    0xFF, 0xC0, 0x3F, 0xE0, 0xFF, 0x80, 0x1F, 0xC0, 0x7F, 0x00, 0x00, 0x00, 0x00, 0x00, 0x00, 0x00,
    0x00, 0x00, 0x00, 0x00, 0x00, 0x00, 0x0F, 0xFF, 0xFC, 0x00, 0x0F, 0xFF, 0xFC, 0x00, 0x0F, 0xFF,
    0xFC, 0x00, 0x0F, 0xFF, 0xFC, 0x00, 0x00, 0x3F, 0xFC, 0x00, 0x00, 0x3F, 0xFC, 0x00, 0x00, 0x3F,
    0xFC, 0x00, 0x00, 0x3F, 0xFC, 0x00, 0x00, 0x3F, 0xFC, 0x00, 0x00, 0x3F, 0xFC, 0x00, 0x00, 0x3F,
    0xFC, 0x00, 0x00, 0x3F, 0xFC, 0x00, 0x00, 0x3F, 0xFC, 0x00, 0x00, 0x3F, 0xFC, 0x00, 0x00, 0x3F,
    0xFC, 0x00, 0x00, 0x3F, 0xFC, 0x00, 0x00, 0x3F, 0xFC, 0x00, 0x00, 0x3F, 0xFC, 0x00, 0x00, 0x00,
    0x00, 0x02, 0x00, 0x00, 0x00, 0x0F, 0xFD, 0x0F, 0x80, 0x00, 0x00, 0x0F, 0xFF, 0xFF, 0xC0, 0x00,
    0x00, 0x0F, 0xFF, 0xFF, 0x00, 0x00, 0x00, 0x0F, 0xFF, 0xFF, 0x00, 0x00, 0x00, 0x00, 0xBF, 0xFF,
    0xC0, 0x00, 0x00, 0x00, 0x3F, 0xFF, 0xF0, 0x00, 0x00, 0x00, 0xFF, 0xFF, 0xF0, 0x00, 0x00, 0x00,
    0xBC, 0x3F, 0xFC, 0x00, 0x00, 0x00, 0x00, 0x2F, 0xFC, 0x00, 0x00, 0x00, 0xA4, 0x0F, 0xFE, 0x00,
    0x00, 0x2F, 0xFF, 0xCF, 0xFE, 0x00, 0x00, 0xFF, 0xFF, 0xFF, 0xFF, 0x00, 0x03, 0xFF, 0xFF, 0xFF,
    0xFF, 0x00, 0x0F, 0xFF, 0xFF, 0xFF, 0xFF, 0x00, 0x2F, 0xFF, 0x00, 0xBF, 0xFF, 0x00, 0x3F, 0xFC,
    0x00, 0x2F, 0xFF, 0x00, 0x3F, 0xFC, 0x00, 0x0F, 0xFF, 0x00, 0x3F, 0xF8, 0x00, 0x0F, 0xFF, 0x00,
    0x3F, 0xF8, 0x00, 0x0F, 0xFE, 0x00, 0x3F, 0xFC, 0x00, 0x0F, 0xFC, 0x00, 0x3F, 0xFC, 0x00, 0x2F,
    0xFC, 0x00, 0x2F, 0xFF, 0x40, 0xBF, 0xF8, 0x00, 0x0F, 0xFF, 0xFF, 0xFF, 0xF0, 0x00, 0x03, 0xFF,
    0xFF, 0xFF, 0xC0, 0x00, 0x00, 0xFF, 0xFF, 0xFF, 0x00, 0x00, 0x00, 0x1B, 0xFF, 0xF8, 0x00, 0x00,
    0x00, 0x00, 0x00, 0x00, 0x00, 0x00, 0x00, 0x00, 0x00, 0x00, 0x00, 0x00, 0x2F, 0xE0, 0x0F, 0x40,
    0x00, 0xBF, 0xFF, 0xBF, 0x80, 0x00, 0xFF, 0xFF, 0xFF, 0x40, 0x02, 0xFC, 0x2F, 0xFD, 0x00, 0x00,
    0x00, 0x00, 0x40, 0x00, 0x00, 0x00, 0x00, 0x00, 0x00, 0x00, 0x00, 0x0A, 0xA0, 0x00, 0x3F, 0xF0,
    0xFF, 0xFE, 0x00, 0x3F, 0xF7, 0xFF, 0xFF, 0x80, 0x3F, 0xFF, 0xFF, 0xFF, 0xC0, 0x3F, 0xFF, 0xFF,
    0xFF, 0xE0, 0x3F, 0xFF, 0x02, 0xFF, 0xE0, 0x3F, 0xFC, 0x00, 0xFF, 0xF0, 0x3F, 0xF8, 0x00, 0xFF,
    0xF0, 0x3F, 0xF8, 0x00, 0xFF, 0xF0, 0x3F, 0xF4, 0x00, 0xFF, 0xF0, 0x3F, 0xF0, 0x00, 0xBF, 0xF0,
    0x3F, 0xF0, 0x00, 0xBF, 0xF0, 0x3F, 0xF0, 0x00, 0xBF, 0xF0, 0x3F, 0xF0, 0x00, 0xBF, 0xF0, 0x3F,
    0xF0, 0x00, 0xBF, 0xF0, 0x3F, 0xF0, 0x00, 0xBF, 0xF0, 0x3F, 0xF0, 0x00, 0xBF, 0xF0, 0x3F, 0xF0,
    0x00, 0xBF, 0xF0, 0x3F, 0xF0, 0x00, 0xBF, 0xF0, 0x00, 0x01, 0x00, 0x00, 0x00, 0x00, 0x1F, 0xC0,
    0x00, 0x00, 0x00, 0x2F, 0xF0, 0x00, 0x00, 0x00, 0x2F, 0xFC, 0x00, 0x00, 0x00, 0x0B, 0xFE, 0x00,
    0x00, 0x00, 0x02, 0xFF, 0x80, 0x00, 0x00, 0x00, 0x00, 0x00, 0x00, 0x00, 0x00, 0x00, 0x00, 0x00,
    0x00, 0x00, 0x6A, 0x40, 0x00, 0x00, 0x2F, 0xFF, 0xFC, 0x00, 0x00, 0xFF, 0xFF, 0xFF, 0x80, 0x03,
    0xFF, 0xFF, 0xFF, 0xE0, 0x0F, 0xFF, 0xFF, 0xFF, 0xF8, 0x0F, 0xFF, 0x40, 0xBF, 0xFC, 0x3F, 0xFC,
    0x00, 0x2F, 0xFD, 0x3F, 0xFC, 0x00, 0x0F, 0xFE, 0x3F, 0xF8, 0x00, 0x0F, 0xFE, 0x3F, 0xF8, 0x00,
    0x0F, 0xFF, 0x3F, 0xF8, 0x00, 0x0F, 0xFF, 0x3F, 0xF8, 0x00, 0x0F, 0xFE, 0x3F, 0xFC, 0x00, 0x0F,
    0xFE, 0x2F, 0xFE, 0x00, 0x3F, 0xFC, 0x0F, 0xFF, 0x80, 0xFF, 0xFC, 0x0B, 0xFF, 0xFF, 0xFF, 0xF0,
    0x03, 0xFF, 0xFF, 0xFF, 0xE0, 0x00, 0xBF, 0xFF, 0xFF, 0x40, 0x00, 0x0B, 0xFF, 0xF8, 0x00, 0x00,
    0x00, 0x00, 0x00, 0x00, 0x00, 0x00, 0x00, 0x10, 0x00, 0x00, 0x00, 0x02, 0xFC, 0x00, 0x00, 0x00,
    0x03, 0xFD, 0x00, 0x00, 0x00, 0x0F, 0xFC, 0x00, 0x00, 0x00, 0x3F, 0xF8, 0x00, 0x00, 0x00, 0xBF,
    0xC0, 0x00, 0x00, 0x00, 0x00, 0x00, 0x00, 0x00, 0x00, 0x00, 0x00, 0x00, 0x00, 0x00, 0x6A, 0x40,
    0x00, 0x00, 0x2F, 0xFF, 0xFC, 0x00, 0x00, 0xFF, 0xFF, 0xFF, 0x80, 0x03, 0xFF, 0xFF, 0xFF, 0xE0,
    0x0F, 0xFF, 0xFF, 0xFF, 0xF8, 0x0F, 0xFF, 0x40, 0xBF, 0xFC, 0x3F, 0xFC, 0x00, 0x2F, 0xFD, 0x3F,
    0xFC, 0x00, 0x0F, 0xFE, 0x3F, 0xF8, 0x00, 0x0F, 0xFE, 0x3F, 0xF8, 0x00, 0x0F, 0xFF, 0x3F, 0xF8,
    0x00, 0x0F, 0xFF, 0x3F, 0xF8, 0x00, 0x0F, 0xFE, 0x3F, 0xFC, 0x00, 0x0F, 0xFE, 0x2F, 0xFE, 0x00,
    0x3F, 0xFC, 0x0F, 0xFF, 0x80, 0xFF, 0xFC, 0x0B, 0xFF, 0xFF, 0xFF, 0xF0, 0x03, 0xFF, 0xFF, 0xFF,
    0xE0, 0x00, 0xBF, 0xFF, 0xFF, 0x40, 0x00, 0x0B, 0xFF, 0xF8, 0x00, 0x00, 0x00, 0x00, 0x00, 0x00,
    0x00, 0x00, 0x00, 0x00, 0x00, 0x00, 0x00, 0xBF, 0x40, 0x00, 0x00, 0x03, 0xFF, 0xE0, 0x00, 0x00,
    0x0F, 0xFF, 0xF8, 0x00, 0x00, 0x3F, 0xFB, 0xFE, 0x00, 0x00, 0xFF, 0xC0, 0xFF, 0xC0, 0x00, 0x00,
    0x00, 0x00, 0x00, 0x00, 0x00, 0x00, 0x00, 0x00, 0x00, 0x00, 0x6A, 0x40, 0x00, 0x00, 0x2F, 0xFF,
    0xFC, 0x00, 0x00, 0xFF, 0xFF, 0xFF, 0x80, 0x03, 0xFF, 0xFF, 0xFF, 0xE0, 0x0F, 0xFF, 0xFF, 0xFF,
    0xF8, 0x0F, 0xFF, 0x40, 0xBF, 0xFC, 0x3F, 0xFC, 0x00, 0x2F, 0xFD, 0x3F, 0xFC, 0x00, 0x0F, 0xFE,
    0x3F, 0xF8, 0x00, 0x0F, 0xFE, 0x3F, 0xF8, 0x00, 0x0F, 0xFF, 0x3F, 0xF8, 0x00, 0x0F, 0xFF, 0x3F,
    0xF8, 0x00, 0x0F, 0xFE, 0x3F, 0xFC, 0x00, 0x0F, 0xFE, 0x2F, 0xFE, 0x00, 0x3F, 0xFC, 0x0F, 0xFF,
    0x80, 0xFF, 0xFC, 0x0B, 0xFF, 0xFF, 0xFF, 0xF0, 0x03, 0xFF, 0xFF, 0xFF, 0xE0, 0x00, 0xBF, 0xFF,
    0xFF, 0x40, 0x00, 0x0B, 0xFF, 0xF8, 0x00, 0x00, 0x00, 0x00, 0x00, 0x00, 0x00, 0x00, 0x00, 0x00,
    0x00, 0x00, 0x0F, 0xF8, 0x0B, 0x80, 0x00, 0x3F, 0xFF, 0xBF, 0xC0, 0x00, 0xFF, 0xFF, 0xFF, 0xC0,
    0x00, 0xFE, 0x2F, 0xFE, 0x00, 0x00, 0x00, 0x00, 0x50, 0x00, 0x00, 0x00, 0x00, 0x00, 0x00, 0x00,
    0x00, 0x6A, 0x40, 0x00, 0x00, 0x2F, 0xFF, 0xFC, 0x00, 0x00, 0xFF, 0xFF, 0xFF, 0x80, 0x03, 0xFF,
    0xFF, 0xFF, 0xE0, 0x0F, 0xFF, 0xFF, 0xFF, 0xF8, 0x0F, 0xFF, 0x40, 0xBF, 0xFC, 0x3F, 0xFC, 0x00,
    0x2F, 0xFD, 0x3F, 0xFC, 0x00, 0x0F, 0xFE, 0x3F, 0xF8, 0x00, 0x0F, 0xFE, 0x3F, 0xF8, 0x00, 0x0F,
    0xFF, 0x3F, 0xF8, 0x00, 0x0F, 0xFF, 0x3F, 0xF8, 0x00, 0x0F, 0xFE, 0x3F, 0xFC, 0x00, 0x0F, 0xFE,
    0x2F, 0xFE, 0x00, 0x3F, 0xFC, 0x0F, 0xFF, 0x80, 0xFF, 0xFC, 0x0B, 0xFF, 0xFF, 0xFF, 0xF0, 0x03,
    0xFF, 0xFF, 0xFF, 0xE0, 0x00, 0xBF, 0xFF, 0xFF, 0x40, 0x00, 0x0B, 0xFF, 0xF8, 0x00, 0x00, 0x00,
    0x00, 0x00, 0x00, 0x00, 0x00, 0x00, 0x00, 0x00, 0x00, 0x2F, 0x80, 0xBE, 0x00, 0x00, 0xBF, 0xC2,
    0xFF, 0x00, 0x00, 0xBF, 0xE2, 0xFF, 0x40, 0x00, 0xBF, 0xC2, 0xFF, 0x00, 0x00, 0x2F, 0x80, 0xFE,
    0x00, 0x00, 0x00, 0x00, 0x00, 0x00, 0x00, 0x00, 0x00, 0x00, 0x00, 0x00, 0x00, 0x6A, 0x40, 0x00,
    0x00, 0x2F, 0xFF, 0xFC, 0x00, 0x00, 0xFF, 0xFF, 0xFF, 0x80, 0x03, 0xFF, 0xFF, 0xFF, 0xE0, 0x0F,
    0xFF, 0xFF, 0xFF, 0xF8, 0x0F, 0xFF, 0x40, 0xBF, 0xFC, 0x3F, 0xFC, 0x00, 0x2F, 0xFD, 0x3F, 0xFC,
    0x00, 0x0F, 0xFE, 0x3F, 0xF8, 0x00, 0x0F, 0xFE, 0x3F, 0xF8, 0x00, 0x0F, 0xFF, 0x3F, 0xF8, 0x00,
    0x0F, 0xFF, 0x3F, 0xF8, 0x00, 0x0F, 0xFE, 0x3F, 0xFC, 0x00, 0x0F, 0xFE, 0x2F, 0xFE, 0x00, 0x3F,
    0xFC, 0x0F, 0xFF, 0x80, 0xFF, 0xFC, 0x0B, 0xFF, 0xFF, 0xFF, 0xF0, 0x03, 0xFF, 0xFF, 0xFF, 0xE0,
    0x00, 0xBF, 0xFF, 0xFF, 0x40, 0x00, 0x0B, 0xFF, 0xF8, 0x00, 0x00, 0x00, 0x00, 0x00, 0x00, 0x00,
    0x00, 0x28, 0x00, 0x00, 0x00, 0x02, 0xFF, 0x00, 0x00, 0x00, 0x03, 0xFF, 0x80, 0x00, 0x00, 0x03,
    0xFF, 0x80, 0x00, 0x00, 0x03, 0xFF, 0x40, 0x00, 0x00, 0x00, 0xFE, 0x00, 0x00, 0x00, 0x00, 0x00,
    0x00, 0x00, 0x2A, 0xAA, 0xAA, 0xAA, 0xA8, 0xBF, 0xFF, 0xFF, 0xFF, 0xFC, 0xBF, 0xFF, 0xFF, 0xFF,
    0xFC, 0xBF, 0xFF, 0xFF, 0xFF, 0xFC, 0xBF, 0xFF, 0xFF, 0xFF, 0xFC, 0x00, 0x00, 0x00, 0x00, 0x00,
    0x00, 0x00, 0x24, 0x00, 0x00, 0x00, 0x02, 0xFF, 0x00, 0x00, 0x00, 0x03, 0xFF, 0x80, 0x00, 0x00,
    0x03, 0xFF, 0x80, 0x00, 0x00, 0x03, 0xFF, 0x40, 0x00, 0x00, 0x01, 0xFE, 0x00, 0x00, 0x00, 0x00,
    0x00, 0x00, 0x00, 0x00, 0x00, 0x00, 0x00, 0x00, 0x00, 0x00, 0x6A, 0x00, 0xA0, 0x00, 0x2F, 0xFF,
    0xFE, 0xFC, 0x00, 0xFF, 0xFF, 0xFF, 0xF4, 0x03, 0xFF, 0xFF, 0xFF, 0xF0, 0x0F, 0xFF, 0xFF, 0xFF,
    0xF8, 0x0F, 0xFF, 0x40, 0xFF, 0xFC, 0x3F, 0xFC, 0x03, 0xFF, 0xFD, 0x3F, 0xFC, 0x0F, 0xFF, 0xFE,
    0x3F, 0xF8, 0x2F, 0xCF, 0xFE, 0x3F, 0xF8, 0xBF, 0x0F, 0xFF, 0x3F, 0xF8, 0xFE, 0x0F, 0xFF, 0x3F,
    0xFF, 0xF8, 0x0F, 0xFE, 0x3F, 0xFF, 0xF0, 0x0F, 0xFE, 0x2F, 0xFF, 0xC0, 0x3F, 0xFC, 0x0F, 0xFF,
    0x80, 0xFF, 0xFC, 0x0B, 0xFF, 0xFF, 0xFF, 0xF0, 0x0B, 0xFF, 0xFF, 0xFF, 0xE0, 0x1F, 0xFF, 0xFF,
    0xFF, 0x40, 0x1F, 0x8B, 0xFF, 0xF8, 0x00, 0x02, 0x00, 0x00, 0x00, 0x00, 0x00, 0x04, 0x00, 0x00,
    0x00, 0x00, 0xBF, 0x00, 0x00, 0x00, 0x00, 0xFF, 0xC0, 0x00, 0x00, 0x00, 0xBF, 0xE0, 0x00, 0x00,
    0x00, 0x3F, 0xF8, 0x00, 0x00, 0x00, 0x0B, 0xFD, 0x00, 0x00, 0x00, 0x00, 0x00, 0x00, 0x00, 0x00,
    0x00, 0x00, 0x00, 0x00, 0x00, 0x00, 0x00, 0x00, 0x00, 0x3F, 0xF0, 0x00, 0xFF, 0xF0, 0x3F, 0xF0,
    0x00, 0xFF, 0xF0, 0x3F, 0xF0, 0x00, 0xFF, 0xF0, 0x3F, 0xF0, 0x00, 0xFF, 0xF0, 0x3F, 0xF0, 0x00,
    0xFF, 0xF0, 0x3F, 0xF0, 0x00, 0xFF, 0xF0, 0x3F, 0xF0, 0x00, 0xFF, 0xF0, 0x3F, 0xF0, 0x00, 0xFF,
    0xF0, 0x3F, 0xF0, 0x00, 0xFF, 0xF0, 0x3F, 0xF0, 0x00, 0xFF, 0xF0, 0x3F, 0xF4, 0x00, 0xFF, 0xF0,
    0x3F, 0xF8, 0x00, 0xFF, 0xF0, 0x3F, 0xFC, 0x02, 0xFF, 0xF0, 0x3F, 0xFE, 0x0B, 0xFF, 0xF0, 0x3F,
    0xFF, 0xFF, 0xFF, 0xF0, 0x2F, 0xFF, 0xFF, 0xFF, 0xF0, 0x0F, 0xFF, 0xFE, 0xBF, 0xF0, 0x02, 0xFF,
    0xF4, 0x3F, 0xE0, 0x00, 0x00, 0x00, 0x00, 0x00, 0x00, 0x00, 0x00, 0x40, 0x00, 0x00, 0x00, 0x0B,
    0xF0, 0x00, 0x00, 0x00, 0x0F, 0xF0, 0x00, 0x00, 0x00, 0x3F, 0xF0, 0x00, 0x00, 0x00, 0xFF, 0xE0,
    0x00, 0x00, 0x03, 0xFF, 0x00, 0x00, 0x00, 0x00, 0x00, 0x00, 0x00, 0x00, 0x00, 0x00, 0x00, 0x00,
    0x00, 0x00, 0x00, 0x00, 0x00, 0x3F, 0xF0, 0x00, 0xFF, 0xF0, 0x3F, 0xF0, 0x00, 0xFF, 0xF0, 0x3F,
    0xF0, 0x00, 0xFF, 0xF0, 0x3F, 0xF0, 0x00, 0xFF, 0xF0, 0x3F, 0xF0, 0x00, 0xFF, 0xF0, 0x3F, 0xF0,
    0x00, 0xFF, 0xF0, 0x3F, 0xF0, 0x00, 0xFF, 0xF0, 0x3F, 0xF0, 0x00, 0xFF, 0xF0, 0x3F, 0xF0, 0x00,
    0xFF, 0xF0, 0x3F, 0xF0, 0x00, 0xFF, 0xF0, 0x3F, 0xF4, 0x00, 0xFF, 0xF0, 0x3F, 0xF8, 0x00, 0xFF,
    0xF0, 0x3F, 0xFC, 0x02, 0xFF, 0xF0, 0x3F, 0xFE, 0x0B, 0xFF, 0xF0, 0x3F, 0xFF, 0xFF, 0xFF, 0xF0,
    0x2F, 0xFF, 0xFF, 0xFF, 0xF0, 0x0F, 0xFF, 0xFE, 0xBF, 0xF0, 0x02, 0xFF, 0xF4, 0x3F, 0xE0, 0x00,
    0x00, 0x00, 0x00, 0x00, 0x00, 0x00, 0x00, 0x00, 0x00, 0x00, 0x02, 0xFC, 0x00, 0x00, 0x00, 0x0F,
    0xFF, 0x80, 0x00, 0x00, 0x3F, 0xFF, 0xE0, 0x00, 0x00, 0xFF, 0xEF, 0xF8, 0x00, 0x03, 0xFE, 0x03,
    0xFE, 0x00, 0x00, 0x00, 0x00, 0x00, 0x00, 0x00, 0x00, 0x00, 0x00, 0x00, 0x00, 0x00, 0x00, 0x00,
    0x00, 0x3F, 0xF0, 0x00, 0xFF, 0xF0, 0x3F, 0xF0, 0x00, 0xFF, 0xF0, 0x3F, 0xF0, 0x00, 0xFF, 0xF0,
    0x3F, 0xF0, 0x00, 0xFF, 0xF0, 0x3F, 0xF0, 0x00, 0xFF, 0xF0, 0x3F, 0xF0, 0x00, 0xFF, 0xF0, 0x3F,
    0xF0, 0x00, 0xFF, 0xF0, 0x3F, 0xF0, 0x00, 0xFF, 0xF0, 0x3F, 0xF0, 0x00, 0xFF, 0xF0, 0x3F, 0xF0,
    0x00, 0xFF, 0xF0, 0x3F, 0xF4, 0x00, 0xFF, 0xF0, 0x3F, 0xF8, 0x00, 0xFF, 0xF0, 0x3F, 0xFC, 0x02,
    0xFF, 0xF0, 0x3F, 0xFE, 0x0B, 0xFF, 0xF0, 0x3F, 0xFF, 0xFF, 0xFF, 0xF0, 0x2F, 0xFF, 0xFF, 0xFF,
    0xF0, 0x0F, 0xFF, 0xFE, 0xBF, 0xF0, 0x02, 0xFF, 0xF4, 0x3F, 0xE0, 0x00, 0x00, 0x00, 0x00, 0x00,
    0x00, 0x00, 0x00, 0x00, 0x00, 0x00, 0xFE, 0x03, 0xF8, 0x00, 0x02, 0xFF, 0x0B, 0xFC, 0x00, 0x03,
    0xFF, 0x4F, 0xFC, 0x00, 0x02, 0xFF, 0x0B, 0xFC, 0x00, 0x00, 0xFE, 0x03, 0xF8, 0x00, 0x00, 0x00,
    0x00, 0x00, 0x00, 0x00, 0x00, 0x00, 0x00, 0x00, 0x00, 0x00, 0x00, 0x00, 0x00, 0x3F, 0xF0, 0x00,
    0xFF, 0xF0, 0x3F, 0xF0, 0x00, 0xFF, 0xF0, 0x3F, 0xF0, 0x00, 0xFF, 0xF0, 0x3F, 0xF0, 0x00, 0xFF,
    0xF0, 0x3F, 0xF0, 0x00, 0xFF, 0xF0, 0x3F, 0xF0, 0x00, 0xFF, 0xF0, 0x3F, 0xF0, 0x00, 0xFF, 0xF0,
    0x3F, 0xF0, 0x00, 0xFF, 0xF0, 0x3F, 0xF0, 0x00, 0xFF, 0xF0, 0x3F, 0xF0, 0x00, 0xFF, 0xF0, 0x3F,
    0xF4, 0x00, 0xFF, 0xF0, 0x3F, 0xF8, 0x00, 0xFF, 0xF0, 0x3F, 0xFC, 0x02, 0xFF, 0xF0, 0x3F, 0xFE,
    0x0B, 0xFF, 0xF0, 0x3F, 0xFF, 0xFF, 0xFF, 0xF0, 0x2F, 0xFF, 0xFF, 0xFF, 0xF0, 0x0F, 0xFF, 0xFE,
    0xBF, 0xF0, 0x02, 0xFF, 0xF4, 0x3F, 0xE0, 0x00, 0x00, 0x00, 0x00, 0x00, 0x00, 0x00, 0x00, 0x10,
    0x00, 0x00, 0x00, 0x01, 0xFC, 0x00, 0x00, 0x00, 0x03, 0xFE, 0x00, 0x00, 0x00, 0x0F, 0xFC, 0x00,
    0x00, 0x00, 0x3F, 0xF8, 0x00, 0x00, 0x00, 0xBF, 0xC0, 0x00, 0x00, 0x00, 0x00, 0x00, 0x00, 0x00,
    0x00, 0x00, 0x00, 0x00, 0x00, 0x00, 0x00, 0x00, 0x00, 0x3F, 0xFC, 0x00, 0x2F, 0xFE, 0x2F, 0xFE,
    0x00, 0x3F, 0xFC, 0x0F, 0xFF, 0x00, 0x3F, 0xFC, 0x0F, 0xFF, 0x00, 0x7F, 0xF8, 0x07, 0xFF, 0x40,
    0xBF, 0xF0, 0x03, 0xFF, 0x80, 0xFF, 0xE0, 0x02, 0xFF, 0xC0, 0xFF, 0xC0, 0x00, 0xFF, 0xC2, 0xFF,
    0xC0, 0x00, 0xFF, 0xE3, 0xFF, 0x80, 0x00, 0xBF, 0xF3, 0xFF, 0x00, 0x00, 0x3F, 0xFF, 0xFF, 0x00,
    0x00, 0x2F, 0xFF, 0xFD, 0x00, 0x00, 0x0F, 0xFF, 0xFC, 0x00, 0x00, 0x0F, 0xFF, 0xF8, 0x00, 0x00,
    0x0B, 0xFF, 0xF0, 0x00, 0x00, 0x03, 0xFF, 0xF0, 0x00, 0x00, 0x03, 0xFF, 0xE0, 0x00, 0x00, 0x01,
    0xFF, 0xC0, 0x00, 0x00, 0x02, 0xFF, 0x80, 0x00, 0x00, 0x6B, 0xFF, 0x00, 0x00, 0x02, 0xFF, 0xFE,
    0x00, 0x00, 0x02, 0xFF, 0xFC, 0x00, 0x00, 0x02, 0xFF, 0xF0, 0x00, 0x00, 0x02, 0xAA, 0x00, 0x00,
    0x00, 0x00, 0x00, 0x00, 0x00, 0x00, 0x3F, 0xF0, 0x00, 0x00, 0x00, 0x3F, 0xF0, 0x00, 0x00, 0x00,
    0x3F, 0xF0, 0x00, 0x00, 0x00, 0x3F, 0xF0, 0x00, 0x00, 0x00, 0x3F, 0xF0, 0x00, 0x00, 0x00, 0x3F,
    0xF0, 0x0A, 0x90, 0x00, 0x3F, 0xF0, 0xFF, 0xFE, 0x00, 0x3F, 0xFB, 0xFF, 0xFF, 0xC0, 0x3F, 0xFF,
    0xFF, 0xFF, 0xF0, 0x3F, 0xFF, 0xFF, 0xFF, 0xF8, 0x3F, 0xFF, 0x00, 0xFF, 0xFC, 0x3F, 0xFC, 0x00,
    0x3F, 0xFC, 0x3F, 0xF8, 0x00, 0x2F, 0xFE, 0x3F, 0xF0, 0x00, 0x1F, 0xFE, 0x3F, 0xF0, 0x00, 0x0F,
    0xFE, 0x3F, 0xF0, 0x00, 0x0F, 0xFE, 0x3F, 0xF0, 0x00, 0x1F, 0xFE, 0x3F, 0xF8, 0x00, 0x2F, 0xFE,
    0x3F, 0xFC, 0x00, 0x3F, 0xFC, 0x3F, 0xFF, 0x82, 0xFF, 0xFC, 0x3F, 0xFF, 0xFF, 0xFF, 0xF4, 0x3F,
    0xFF, 0xFF, 0xFF, 0xE0, 0x3F, 0xFB, 0xFF, 0xFF, 0x80, 0x3F, 0xF0, 0xBF, 0xFE, 0x00, 0x3F, 0xF0,
    0x00, 0x00, 0x00, 0x3F, 0xF0, 0x00, 0x00, 0x00, 0x3F, 0xF0, 0x00, 0x00, 0x00, 0x3F, 0xF0, 0x00,
    0x00, 0x00, 0x3F, 0xF0, 0x00, 0x00, 0x00, 0x2A, 0xA0, 0x00, 0x00, 0x00, 0x00, 0x00, 0x00, 0x00,
    0x00, 0x00, 0x2F, 0x80, 0xBE, 0x00, 0x00, 0xBF, 0xC2, 0xFF, 0x00, 0x00, 0xBF, 0xE2, 0xFF, 0x80,
    0x00, 0xBF, 0xC2, 0xFF, 0x00, 0x00, 0x2F, 0x80, 0xBE, 0x00, 0x00, 0x00, 0x00, 0x00, 0x00, 0x00,
    0x00, 0x00, 0x00, 0x00, 0x00, 0x00, 0x00, 0x00, 0x00, 0x3F, 0xFC, 0x00, 0x2F, 0xFE, 0x2F, 0xFE,
    0x00, 0x3F, 0xFC, 0x0F, 0xFF, 0x00, 0x3F, 0xFC, 0x0F, 0xFF, 0x00, 0x7F, 0xF8, 0x07, 0xFF, 0x40,
    0xBF, 0xF0, 0x03, 0xFF, 0x80, 0xFF, 0xE0, 0x02, 0xFF, 0xC0, 0xFF, 0xC0, 0x00, 0xFF, 0xC2, 0xFF,
    0xC0, 0x00, 0xFF, 0xE3, 0xFF, 0x80, 0x00, 0xBF, 0xF3, 0xFF, 0x00, 0x00, 0x3F, 0xFF, 0xFF, 0x00,
    0x00, 0x2F, 0xFF, 0xFD, 0x00, 0x00, 0x0F, 0xFF, 0xFC, 0x00, 0x00, 0x0F, 0xFF, 0xF8, 0x00, 0x00,
    0x0B, 0xFF, 0xF0, 0x00, 0x00, 0x03, 0xFF, 0xF0, 0x00, 0x00, 0x03, 0xFF, 0xE0, 0x00, 0x00, 0x01,
    0xFF, 0xC0, 0x00, 0x00, 0x02, 0xFF, 0x80, 0x00, 0x00, 0x6B, 0xFF, 0x00, 0x00, 0x02, 0xFF, 0xFE,
    0x00, 0x00, 0x02, 0xFF, 0xFC, 0x00, 0x00, 0x02, 0xFF, 0xF0, 0x00, 0x00, 0x02, 0xAA, 0x00, 0x00,
    0x00, 0x00, 0x02, 0xAA, 0xAA, 0xA0, 0x00, 0x00, 0x00, 0x03, 0xFF, 0xFF, 0xF0, 0x00, 0x00, 0x00,
    0x03, 0xFF, 0xFF, 0xF0, 0x00, 0x00, 0x00, 0x03, 0xFF, 0xFF, 0xF0, 0x00, 0x00, 0x00, 0x00, 0x00,
    0x00, 0x00, 0x00, 0x00, 0x00, 0x00, 0x00, 0x00, 0x00, 0x00, 0x00, 0x00, 0x00, 0x00, 0x00, 0x00,
    0x00, 0x00, 0x00, 0x00, 0x3F, 0xFF, 0x00, 0x00, 0x00, 0x00, 0x00, 0xBF, 0xFF, 0x00, 0x00, 0x00,
    0x00, 0x00, 0xFF, 0xFF, 0x80, 0x00, 0x00, 0x00, 0x00, 0xFF, 0xFF, 0xC0, 0x00, 0x00, 0x00, 0x02,
    0xFF, 0xFF, 0xE0, 0x00, 0x00, 0x00, 0x03, 0xFF, 0xFF, 0xF0, 0x00, 0x00, 0x00, 0x07, 0xFF, 0xFF,
    0xF0, 0x00, 0x00, 0x00, 0x0F, 0xFF, 0x3F, 0xF8, 0x00, 0x00, 0x00, 0x0F, 0xFE, 0x3F, 0xFC, 0x00,
    0x00, 0x00, 0x2F, 0xFC, 0x2F, 0xFC, 0x00, 0x00, 0x00, 0x3F, 0xFC, 0x0F, 0xFE, 0x00, 0x00, 0x00,
    0x3F, 0xF8, 0x0F, 0xFF, 0x00, 0x00, 0x00, 0xBF, 0xF0, 0x0B, 0xFF, 0x80, 0x00, 0x00, 0xFF, 0xF0,
    0x03, 0xFF, 0xC0, 0x00, 0x01, 0xFF, 0xE0, 0x03, 0xFF, 0xC0, 0x00, 0x03, 0xFF, 0xFF, 0xFF, 0xFF,
    0xE0, 0x00, 0x03, 0xFF, 0xFF, 0xFF, 0xFF, 0xF0, 0x00, 0x0B, 0xFF, 0xFF, 0xFF, 0xFF, 0xF4, 0x00,
    0x0F, 0xFF, 0xFF, 0xFF, 0xFF, 0xFC, 0x00, 0x0F, 0xFF, 0xAA, 0xAA, 0xBF, 0xFC, 0x00, 0x2F, 0xFE,
    0x00, 0x00, 0x3F, 0xFE, 0x00, 0x3F, 0xFC, 0x00, 0x00, 0x2F, 0xFF, 0x00, 0xBF, 0xFC, 0x00, 0x00,
    0x0F, 0xFF, 0x00, 0xFF, 0xF8, 0x00, 0x00, 0x0F, 0xFF, 0x80, 0x00, 0x00, 0x00, 0x00, 0x00, 0x00,
    0x3F, 0xFF, 0xFE, 0x00, 0x00, 0x3F, 0xFF, 0xFE, 0x00, 0x00, 0x3F, 0xFF, 0xFE, 0x00, 0x00, 0x2A,
    0xAA, 0xA8, 0x00, 0x00, 0x00, 0x00, 0x00, 0x00, 0x00, 0x00, 0x6A, 0x40, 0x00, 0x00, 0x2F, 0xFF,
    0xFC, 0x00, 0x01, 0xFF, 0xFF, 0xFF, 0x80, 0x03, 0xFF, 0xFF, 0xFF, 0xC0, 0x0F, 0xFF, 0x87, 0xFF,
    0xE0, 0x00, 0xBC, 0x00, 0xFF, 0xF0, 0x00, 0x00, 0x00, 0xBF, 0xF0, 0x00, 0x00, 0x00, 0xBF, 0xF0,
    0x00, 0x0A, 0xFF, 0xFF, 0xF0, 0x00, 0xFF, 0xFF, 0xFF, 0xF0, 0x0B, 0xFF, 0xFF, 0xFF, 0xF0, 0x2F,
    0xFF, 0xE0, 0x7F, 0xF0, 0x3F, 0xFC, 0x00, 0xBF, 0xF0, 0x3F, 0xF8, 0x00, 0xBF, 0xF0, 0x3F, 0xFC,
    0x02, 0xFF, 0xF0, 0x3F, 0xFF, 0xAF, 0xFF, 0xF4, 0x2F, 0xFF, 0xFF, 0xFF, 0xF8, 0x0F, 0xFF, 0xFF,
    0xBF, 0xF8, 0x02, 0xFF, 0xFC, 0x2F, 0xF8, 0x00, 0x00, 0x00, 0x00, 0x00, 0x00, 0x02, 0xF8, 0x0B,
    0xE0, 0x00, 0x00, 0x00, 0x01, 0xFE, 0x6F, 0xC0, 0x00, 0x00, 0x00, 0x00, 0xFF, 0xFF, 0x80, 0x00,
    0x00, 0x00, 0x00, 0x2F, 0xFE, 0x00, 0x00, 0x00, 0x00, 0x00, 0x02, 0xA0, 0x00, 0x00, 0x00, 0x00,
    0x00, 0x00, 0x00, 0x00, 0x00, 0x00, 0x00, 0x00, 0x00, 0x00, 0x00, 0x00, 0x00, 0x00, 0x00, 0x3F,
    0xFF, 0x00, 0x00, 0x00, 0x00, 0x00, 0xBF, 0xFF, 0x00, 0x00, 0x00, 0x00, 0x00, 0xFF, 0xFF, 0x80,
    0x00, 0x00, 0x00, 0x00, 0xFF, 0xFF, 0xC0, 0x00, 0x00, 0x00, 0x02, 0xFF, 0xFF, 0xE0, 0x00, 0x00,
    0x00, 0x03, 0xFF, 0xFF, 0xF0, 0x00, 0x00, 0x00, 0x07, 0xFF, 0xFF, 0xF0, 0x00, 0x00, 0x00, 0x0F,
    0xFF, 0x3F, 0xF8, 0x00, 0x00, 0x00, 0x0F, 0xFE, 0x3F, 0xFC, 0x00, 0x00, 0x00, 0x2F, 0xFC, 0x2F,
    0xFC, 0x00, 0x00, 0x00, 0x3F, 0xFC, 0x0F, 0xFE, 0x00, 0x00, 0x00, 0x3F, 0xF8, 0x0F, 0xFF, 0x00,
    0x00, 0x00, 0xBF, 0xF0, 0x0B, 0xFF, 0x80, 0x00, 0x00, 0xFF, 0xF0, 0x03, 0xFF, 0xC0, 0x00, 0x01,
    0xFF, 0xE0, 0x03, 0xFF, 0xC0, 0x00, 0x03, 0xFF, 0xFF, 0xFF, 0xFF, 0xE0, 0x00, 0x03, 0xFF, 0xFF,
    0xFF, 0xFF, 0xF0, 0x00, 0x0B, 0xFF, 0xFF, 0xFF, 0xFF, 0xF4, 0x00, 0x0F, 0xFF, 0xFF, 0xFF, 0xFF,
    0xFC, 0x00, 0x0F, 0xFF, 0xAA, 0xAA, 0xBF, 0xFC, 0x00, 0x2F, 0xFE, 0x00, 0x00, 0x3F, 0xFE, 0x00,
    0x3F, 0xFC, 0x00, 0x00, 0x2F, 0xFF, 0x00, 0xBF, 0xFC, 0x00, 0x00, 0x0F, 0xFF, 0x00, 0xFF, 0xF8,
    0x00, 0x00, 0x0F, 0xFF, 0x80, 0x00, 0x00, 0x00, 0x00, 0x00, 0x00, 0x3F, 0x80, 0xFC, 0x00, 0x00,
    0x2F, 0xEB, 0xFC, 0x00, 0x00, 0x0F, 0xFF, 0xF0, 0x00, 0x00, 0x02, 0xFF, 0xC0, 0x00, 0x00, 0x00,
    0x04, 0x00, 0x00, 0x00, 0x00, 0x00, 0x00, 0x00, 0x00, 0x00, 0x6A, 0x40, 0x00, 0x00, 0x2F, 0xFF,
    0xFC, 0x00, 0x01, 0xFF, 0xFF, 0xFF, 0x80, 0x03, 0xFF, 0xFF, 0xFF, 0xC0, 0x0F, 0xFF, 0x87, 0xFF,
    0xE0, 0x00, 0xBC, 0x00, 0xFF, 0xF0, 0x00, 0x00, 0x00, 0xBF, 0xF0, 0x00, 0x00, 0x00, 0xBF, 0xF0,
    0x00, 0x0A, 0xFF, 0xFF, 0xF0, 0x00, 0xFF, 0xFF, 0xFF, 0xF0, 0x0B, 0xFF, 0xFF, 0xFF, 0xF0, 0x2F,
    0xFF, 0xE0, 0x7F, 0xF0, 0x3F, 0xFC, 0x00, 0xBF, 0xF0, 0x3F, 0xF8, 0x00, 0xBF, 0xF0, 0x3F, 0xFC,
    0x02, 0xFF, 0xF0, 0x3F, 0xFF, 0xAF, 0xFF, 0xF4, 0x2F, 0xFF, 0xFF, 0xFF, 0xF8, 0x0F, 0xFF, 0xFF,
    0xBF, 0xF8, 0x02, 0xFF, 0xFC, 0x2F, 0xF8, 0x00, 0x00, 0x00, 0x00, 0x00, 0x00, 0x00, 0x00, 0x00,
    0x00, 0x00, 0x00, 0x00, 0x00, 0x3F, 0xFF, 0x00, 0x00, 0x00, 0x00, 0x00, 0xBF, 0xFF, 0x00, 0x00,
    0x00, 0x00, 0x00, 0xFF, 0xFF, 0x80, 0x00, 0x00, 0x00, 0x00, 0xFF, 0xFF, 0xC0, 0x00, 0x00, 0x00,
    0x02, 0xFF, 0xFF, 0xE0, 0x00, 0x00, 0x00, 0x03, 0xFF, 0xFF, 0xF0, 0x00, 0x00, 0x00, 0x07, 0xFF,
    0xFF, 0xF0, 0x00, 0x00, 0x00, 0x0F, 0xFF, 0x3F, 0xF8, 0x00, 0x00, 0x00, 0x0F, 0xFE, 0x3F, 0xFC,
    0x00, 0x00, 0x00, 0x2F, 0xFC, 0x2F, 0xFC, 0x00, 0x00, 0x00, 0x3F, 0xFC, 0x0F, 0xFE, 0x00, 0x00,
    0x00, 0x3F, 0xF8, 0x0F, 0xFF, 0x00, 0x00, 0x00, 0xBF, 0xF0, 0x0B, 0xFF, 0x80, 0x00, 0x00, 0xFF,
    0xF0, 0x03, 0xFF, 0xC0, 0x00, 0x01, 0xFF, 0xE0, 0x03, 0xFF, 0xC0, 0x00, 0x03, 0xFF, 0xFF, 0xFF,
    0xFF, 0xE0, 0x00, 0x03, 0xFF, 0xFF, 0xFF, 0xFF, 0xF0, 0x00, 0x0B, 0xFF, 0xFF, 0xFF, 0xFF, 0xF4,
    0x00, 0x0F, 0xFF, 0xFF, 0xFF, 0xFF, 0xFC, 0x00, 0x0F, 0xFF, 0xAA, 0xAA, 0xBF, 0xFC, 0x00, 0x2F,
    0xFE, 0x00, 0x00, 0x3F, 0xFE, 0x00, 0x3F, 0xFC, 0x00, 0x00, 0x2F, 0xFF, 0x00, 0xBF, 0xFC, 0x00,
    0x00, 0x0F, 0xFF, 0x00, 0xFF, 0xF8, 0x00, 0x00, 0x0F, 0xFF, 0x80, 0x00, 0x00, 0x00, 0x00, 0x3F,
    0xF0, 0x00, 0x00, 0x00, 0x00, 0x00, 0xFF, 0x80, 0x00, 0x00, 0x00, 0x00, 0x02, 0xFF, 0x00, 0x00,
    0x00, 0x00, 0x00, 0x01, 0xFF, 0xFE, 0x00, 0x00, 0x00, 0x00, 0x00, 0xFF, 0xFE, 0x00, 0x00, 0x00,
    0x00, 0x00, 0x2F, 0xFE, 0x00, 0x00, 0x00, 0x00, 0x00, 0x00, 0x00, 0x00, 0x00, 0x00, 0x6A, 0x40,
    0x00, 0x00, 0x2F, 0xFF, 0xFC, 0x00, 0x01, 0xFF, 0xFF, 0xFF, 0x80, 0x03, 0xFF, 0xFF, 0xFF, 0xC0,
    0x0F, 0xFF, 0x87, 0xFF, 0xE0, 0x00, 0xBC, 0x00, 0xFF, 0xF0, 0x00, 0x00, 0x00, 0xBF, 0xF0, 0x00,
    0x00, 0x00, 0xBF, 0xF0, 0x00, 0x0A, 0xFF, 0xFF, 0xF0, 0x00, 0xFF, 0xFF, 0xFF, 0xF0, 0x0B, 0xFF,
    0xFF, 0xFF, 0xF0, 0x2F, 0xFF, 0xE0, 0x7F, 0xF0, 0x3F, 0xFC, 0x00, 0xBF, 0xF0, 0x3F, 0xF8, 0x00,
    0xBF, 0xF0, 0x3F, 0xFC, 0x02, 0xFF, 0xF0, 0x3F, 0xFF, 0xAF, 0xFF, 0xF4, 0x2F, 0xFF, 0xFF, 0xFF,
    0xF8, 0x0F, 0xFF, 0xFF, 0xBF, 0xF8, 0x02, 0xFF, 0xFC, 0x2F, 0xFC, 0x00, 0x00, 0x00, 0xFF, 0xE0,
    0x00, 0x00, 0x03, 0xFF, 0x00, 0x00, 0x00, 0x03, 0xFE, 0x00, 0x00, 0x00, 0x03, 0xFF, 0xF8, 0x00,
    0x00, 0x03, 0xFF, 0xF8, 0x00, 0x00, 0x00, 0xBF, 0xF8, 0x00, 0x00, 0x00, 0x00, 0x00, 0x00, 0x00,
    0x00, 0x00, 0x00, 0x00, 0x00, 0x00, 0x00, 0x0F, 0x80, 0x00, 0x00, 0x00, 0x00, 0x3F, 0xC0, 0x00,
    0x00, 0x00, 0x00, 0xFF, 0xC0, 0x00, 0x00, 0x00, 0x03, 0xFF, 0x80, 0x00, 0x00, 0x00, 0x0F, 0xFE,
    0x00, 0x00, 0x00, 0x00, 0x1A, 0xA0, 0x00, 0x00, 0x00, 0x00, 0x00, 0x00, 0x00, 0x00, 0x00, 0x00,
    0x1A, 0xA8, 0x00, 0x00, 0x00, 0x07, 0xFF, 0xFF, 0xE0, 0x00, 0x00, 0x3F, 0xFF, 0xFF, 0xFD, 0x00,
    0x00, 0xFF, 0xFF, 0xFF, 0xFF, 0x80, 0x03, 0xFF, 0xFF, 0xFF, 0xFF, 0xD0, 0x0F, 0xFF, 0xF8, 0x0B,
    0xFF, 0xF0, 0x2F, 0xFF, 0xC0, 0x00, 0xFF, 0x90, 0x3F, 0xFF, 0x00, 0x00, 0x38, 0x00, 0x3F, 0xFC,
    0x00, 0x00, 0x00, 0x00, 0xBF, 0xFC, 0x00, 0x00, 0x00, 0x00, 0xBF, 0xF8, 0x00, 0x00, 0x00, 0x00,
    0xBF, 0xF8, 0x00, 0x00, 0x00, 0x00, 0xFF, 0xF4, 0x00, 0x00, 0x00, 0x00, 0xFF, 0xF4, 0x00, 0x00,
    0x00, 0x00, 0xBF, 0xF8, 0x00, 0x00, 0x00, 0x00, 0xBF, 0xF8, 0x00, 0x00, 0x00, 0x00, 0xBF, 0xFC,
    0x00, 0x00, 0x00, 0x00, 0x3F, 0xFE, 0x00, 0x00, 0x00, 0x00, 0x3F, 0xFF, 0x00, 0x00, 0x3E, 0x00,
    0x1F, 0xFF, 0xC0, 0x00, 0xFF, 0xE0, 0x0B, 0xFF, 0xFE, 0xAF, 0xFF, 0xF0, 0x03, 0xFF, 0xFF, 0xFF,
    0xFF, 0xC0, 0x00, 0xFF, 0xFF, 0xFF, 0xFF, 0x00, 0x00, 0x2F, 0xFF, 0xFF, 0xFC, 0x00, 0x00, 0x02,
    0xFF, 0xFF, 0x80, 0x00, 0x00, 0x00, 0x00, 0x00, 0x00, 0x00, 0x00, 0x00, 0x00, 0x00, 0x00, 0x00,
    0x00, 0x02, 0xFC, 0x00, 0x00, 0x00, 0x0B, 0xFC, 0x00, 0x00, 0x00, 0x0F, 0xFC, 0x00, 0x00, 0x00,
    0x3F, 0xF0, 0x00, 0x00, 0x00, 0xFF, 0xC0, 0x00, 0x00, 0x00, 0x00, 0x00, 0x00, 0x00, 0x00, 0x00,
    0x00, 0x00, 0x00, 0x00, 0xAA, 0x00, 0x00, 0x00, 0x2F, 0xFF, 0xF8, 0x00, 0x00, 0xFF, 0xFF, 0xFF,
    0x00, 0x03, 0xFF, 0xFF, 0xFF, 0xC0, 0x0F, 0xFF, 0xFF, 0xFF, 0xF0, 0x0F, 0xFF, 0x40, 0xBF, 0xE0,
    0x2F, 0xFD, 0x00, 0x38, 0x00, 0x3F, 0xFC, 0x00, 0x00, 0x00, 0x3F, 0xF8, 0x00, 0x00, 0x00, 0x3F,
    0xF8, 0x00, 0x00, 0x00, 0x3F, 0xF8, 0x00, 0x00, 0x00, 0x3F, 0xF8, 0x00, 0x00, 0x00, 0x3F, 0xFC,
    0x00, 0x00, 0x00, 0x2F, 0xFE, 0x00, 0x28, 0x00, 0x0F, 0xFF, 0x80, 0xFF, 0x80, 0x0B, 0xFF, 0xFF,
    0xFF, 0xF0, 0x03, 0xFF, 0xFF, 0xFF, 0xC0, 0x00, 0xFF, 0xFF, 0xFF, 0x00, 0x00, 0x1F, 0xFF, 0xF4,
    0x00, 0x00, 0x00, 0x00, 0x00, 0x00, 0x00, 0x00, 0x01, 0x00, 0x00, 0x00, 0x00, 0x00, 0x0F, 0xF0,
    0x00, 0x00, 0x00, 0x00, 0x2F, 0xF0, 0x00, 0x00, 0x00, 0x00, 0x2F, 0xF4, 0x00, 0x00, 0x00, 0x00,
    0x1F, 0xF0, 0x00, 0x00, 0x00, 0x00, 0x06, 0x80, 0x00, 0x00, 0x00, 0x00, 0x00, 0x00, 0x00, 0x00,
    0x00, 0x00, 0x1A, 0xA8, 0x00, 0x00, 0x00, 0x07, 0xFF, 0xFF, 0xE0, 0x00, 0x00, 0x3F, 0xFF, 0xFF,
    0xFD, 0x00, 0x00, 0xFF, 0xFF, 0xFF, 0xFF, 0x80, 0x03, 0xFF, 0xFF, 0xFF, 0xFF, 0xD0, 0x0F, 0xFF,
    0xF8, 0x0B, 0xFF, 0xF0, 0x2F, 0xFF, 0xC0, 0x00, 0xFF, 0x90, 0x3F, 0xFF, 0x00, 0x00, 0x38, 0x00,
    0x3F, 0xFC, 0x00, 0x00, 0x00, 0x00, 0xBF, 0xFC, 0x00, 0x00, 0x00, 0x00, 0xBF, 0xF8, 0x00, 0x00,
    0x00, 0x00, 0xBF, 0xF8, 0x00, 0x00, 0x00, 0x00, 0xFF, 0xF4, 0x00, 0x00, 0x00, 0x00, 0xFF, 0xF4,
    0x00, 0x00, 0x00, 0x00, 0xBF, 0xF8, 0x00, 0x00, 0x00, 0x00, 0xBF, 0xF8, 0x00, 0x00, 0x00, 0x00,
    0xBF, 0xFC, 0x00, 0x00, 0x00, 0x00, 0x3F, 0xFE, 0x00, 0x00, 0x00, 0x00, 0x3F, 0xFF, 0x00, 0x00,
    0x3E, 0x00, 0x1F, 0xFF, 0xC0, 0x00, 0xFF, 0xE0, 0x0B, 0xFF, 0xFE, 0xAF, 0xFF, 0xF0, 0x03, 0xFF,
    0xFF, 0xFF, 0xFF, 0xC0, 0x00, 0xFF, 0xFF, 0xFF, 0xFF, 0x00, 0x00, 0x2F, 0xFF, 0xFF, 0xFC, 0x00,
    0x00, 0x02, 0xFF, 0xFF, 0x80, 0x00, 0x00, 0x00, 0x00, 0x00, 0x00, 0x00, 0x00, 0x00, 0x00, 0x00,
    0x00, 0x00, 0x00, 0xBE, 0x00, 0x00, 0x00, 0x00, 0xFF, 0x80, 0x00, 0x00, 0x02, 0xFF, 0x80, 0x00,
    0x00, 0x00, 0xFF, 0x80, 0x00, 0x00, 0x00, 0xBE, 0x00, 0x00, 0x00, 0x00, 0x00, 0x00, 0x00, 0x00,
    0x00, 0x00, 0x00, 0x00, 0x00, 0x00, 0xAA, 0x00, 0x00, 0x00, 0x2F, 0xFF, 0xF8, 0x00, 0x00, 0xFF,
    0xFF, 0xFF, 0x00, 0x03, 0xFF, 0xFF, 0xFF, 0xC0, 0x0F, 0xFF, 0xFF, 0xFF, 0xF0, 0x0F, 0xFF, 0x40,
    0xBF, 0xE0, 0x2F, 0xFD, 0x00, 0x38, 0x00, 0x3F, 0xFC, 0x00, 0x00, 0x00, 0x3F, 0xF8, 0x00, 0x00,
    0x00, 0x3F, 0xF8, 0x00, 0x00, 0x00, 0x3F, 0xF8, 0x00, 0x00, 0x00, 0x3F, 0xF8, 0x00, 0x00, 0x00,
    0x3F, 0xFC, 0x00, 0x00, 0x00, 0x2F, 0xFE, 0x00, 0x28, 0x00, 0x0F, 0xFF, 0x80, 0xFF, 0x80, 0x0B,
    0xFF, 0xFF, 0xFF, 0xF0, 0x03, 0xFF, 0xFF, 0xFF, 0xC0, 0x00, 0xFF, 0xFF, 0xFF, 0x00, 0x00, 0x1F,
    0xFF, 0xF4, 0x00, 0x00, 0x00, 0x00, 0x00, 0x00, 0x00, 0x3F, 0xE0, 0x0F, 0xF8, 0x00, 0x00, 0x0F,
    0xFC, 0x3F, 0xE0, 0x00, 0x00, 0x03, 0xFF, 0xFF, 0x80, 0x00, 0x00, 0x00, 0xFF, 0xFE, 0x00, 0x00,
    0x00, 0x00, 0x2F, 0xF8, 0x00, 0x00, 0x00, 0x00, 0x0B, 0x80, 0x00, 0x00, 0x00, 0x00, 0x00, 0x00,
    0x00, 0x00, 0x00, 0x00, 0x1A, 0xA8, 0x00, 0x00, 0x00, 0x07, 0xFF, 0xFF, 0xE0, 0x00, 0x00, 0x3F,
    0xFF, 0xFF, 0xFD, 0x00, 0x00, 0xFF, 0xFF, 0xFF, 0xFF, 0x80, 0x03, 0xFF, 0xFF, 0xFF, 0xFF, 0xD0,
    0x0F, 0xFF, 0xF8, 0x0B, 0xFF, 0xF0, 0x2F, 0xFF, 0xC0, 0x00, 0xFF, 0x90, 0x3F, 0xFF, 0x00, 0x00,
    0x38, 0x00, 0x3F, 0xFC, 0x00, 0x00, 0x00, 0x00, 0xBF, 0xFC, 0x00, 0x00, 0x00, 0x00, 0xBF, 0xF8,
    0x00, 0x00, 0x00, 0x00, 0xBF, 0xF8, 0x00, 0x00, 0x00, 0x00, 0xFF, 0xF4, 0x00, 0x00, 0x00, 0x00,
    0xFF, 0xF4, 0x00, 0x00, 0x00, 0x00, 0xBF, 0xF8, 0x00, 0x00, 0x00, 0x00, 0xBF, 0xF8, 0x00, 0x00,
    0x00, 0x00, 0xBF, 0xFC, 0x00, 0x00, 0x00, 0x00, 0x3F, 0xFE, 0x00, 0x00, 0x00, 0x00, 0x3F, 0xFF,
    0x00, 0x00, 0x3E, 0x00, 0x1F, 0xFF, 0xC0, 0x00, 0xFF, 0xE0, 0x0B, 0xFF, 0xFE, 0xAF, 0xFF, 0xF0,
    0x03, 0xFF, 0xFF, 0xFF, 0xFF, 0xC0, 0x00, 0xFF, 0xFF, 0xFF, 0xFF, 0x00, 0x00, 0x2F, 0xFF, 0xFF,
    0xFC, 0x00, 0x00, 0x02, 0xFF, 0xFF, 0x80, 0x00, 0x00, 0x00, 0x00, 0x00, 0x00, 0x00, 0x00, 0x00,
    0x00, 0x00, 0x00, 0x02, 0xFF, 0x80, 0xFF, 0x80, 0x00, 0xBF, 0xEB, 0xFE, 0x00, 0x00, 0x1F, 0xFF,
    0xF8, 0x00, 0x00, 0x03, 0xFF, 0xE0, 0x00, 0x00, 0x00, 0xFF, 0x00, 0x00, 0x00, 0x00, 0x14, 0x00,
    0x00, 0x00, 0x00, 0x00, 0x00, 0x00, 0x00, 0x00, 0xAA, 0x00, 0x00, 0x00, 0x2F, 0xFF, 0xF8, 0x00,
    0x00, 0xFF, 0xFF, 0xFF, 0x00, 0x03, 0xFF, 0xFF, 0xFF, 0xC0, 0x0F, 0xFF, 0xFF, 0xFF, 0xF0, 0x0F,
    0xFF, 0x40, 0xBF, 0xE0, 0x2F, 0xFD, 0x00, 0x38, 0x00, 0x3F, 0xFC, 0x00, 0x00, 0x00, 0x3F, 0xF8,
    0x00, 0x00, 0x00, 0x3F, 0xF8, 0x00, 0x00, 0x00, 0x3F, 0xF8, 0x00, 0x00, 0x00, 0x3F, 0xF8, 0x00,
    0x00, 0x00, 0x3F, 0xFC, 0x00, 0x00, 0x00, 0x2F, 0xFE, 0x00, 0x28, 0x00, 0x0F, 0xFF, 0x80, 0xFF,
    0x80, 0x0B, 0xFF, 0xFF, 0xFF, 0xF0, 0x03, 0xFF, 0xFF, 0xFF, 0xC0, 0x00, 0xFF, 0xFF, 0xFF, 0x00,
    0x00, 0x1F, 0xFF, 0xF4, 0x00, 0x00, 0x00, 0x00, 0x00, 0x00, 0x00, 0xBF, 0x80, 0x3F, 0xE0, 0x00,
    0x00, 0x3F, 0xF0, 0xFF, 0xC0, 0x00, 0x00, 0x0F, 0xFF, 0xFF, 0x00, 0x00, 0x00, 0x02, 0xFF, 0xF8,
    0x00, 0x00, 0x00, 0x00, 0xBF, 0xE0, 0x00, 0x00, 0x00, 0x00, 0x1F, 0x40, 0x00, 0x00, 0x00, 0x00,
    0x00, 0x00, 0x00, 0x00, 0x00, 0x00, 0x00, 0x00, 0x00, 0x00, 0xBF, 0xFF, 0xFF, 0xF8, 0x00, 0x00,
    0xBF, 0xFF, 0xFF, 0xFF, 0xC0, 0x00, 0xBF, 0xFF, 0xFF, 0xFF, 0xF8, 0x00, 0xBF, 0xFF, 0xFF, 0xFF,
    0xFF, 0x00, 0xBF, 0xFE, 0xAF, 0xFF, 0xFF, 0x80, 0xBF, 0xF0, 0x00, 0x2F, 0xFF, 0xC0, 0xBF, 0xF0,
    0x00, 0x03, 0xFF, 0xE0, 0xBF, 0xF0, 0x00, 0x02, 0xFF, 0xF0, 0xBF, 0xF0, 0x00, 0x00, 0xFF, 0xF0,
    0xBF, 0xF0, 0x00, 0x00, 0xFF, 0xF0, 0xBF, 0xF0, 0x00, 0x00, 0xBF, 0xF4, 0xBF, 0xF0, 0x00, 0x00,
    0xBF, 0xF8, 0xBF, 0xF0, 0x00, 0x00, 0xBF, 0xF8, 0xBF, 0xF0, 0x00, 0x00, 0xBF, 0xF4, 0xBF, 0xF0,
    0x00, 0x00, 0xFF, 0xF0, 0xBF, 0xF0, 0x00, 0x00, 0xFF, 0xF0, 0xBF, 0xF0, 0x00, 0x03, 0xFF, 0xF0,
    0xBF, 0xF0, 0x00, 0x0B, 0xFF, 0xE0, 0xBF, 0xF4, 0x00, 0xBF, 0xFF, 0xC0, 0xBF, 0xFF, 0xFF, 0xFF,
    0xFF, 0x00, 0xBF, 0xFF, 0xFF, 0xFF, 0xFE, 0x00, 0xBF, 0xFF, 0xFF, 0xFF, 0xF0, 0x00, 0xBF, 0xFF,
    0xFF, 0xFF, 0x80, 0x00, 0xBF, 0xFF, 0xFF, 0xA0, 0x00, 0x00, 0x00, 0x00, 0x00, 0x00, 0x00, 0x00,
    0x00, 0x00, 0x00, 0x00, 0x00, 0x00, 0x0B, 0xC0, 0x00, 0x00, 0x00, 0x0F, 0xFE, 0x0F, 0xE0, 0x00,
    0x00, 0x00, 0x0F, 0xFE, 0x2F, 0xE0, 0x00, 0x00, 0x00, 0x0F, 0xFE, 0x2F, 0xD0, 0x00, 0x00, 0x00,
    0x0F, 0xFE, 0x3F, 0xC0, 0x00, 0x00, 0x00, 0x0F, 0xFE, 0x3F, 0x80, 0x00, 0x02, 0xA0, 0x0F, 0xFE,
    0x3F, 0x00, 0x00, 0x7F, 0xFF, 0x8F, 0xFE, 0x00, 0x00, 0x02, 0xFF, 0xFF, 0xEF, 0xFE, 0x00, 0x00,
    0x0B, 0xFF, 0xFF, 0xFF, 0xFE, 0x00, 0x00, 0x0F, 0xFF, 0xFF, 0xFF, 0xFE, 0x00, 0x00, 0x2F, 0xFF,
    0x80, 0xBF, 0xFE, 0x00, 0x00, 0x3F, 0xFE, 0x00, 0x2F, 0xFE, 0x00, 0x00, 0x3F, 0xFC, 0x00, 0x0F,
    0xFE, 0x00, 0x00, 0x3F, 0xFC, 0x00, 0x0F, 0xFE, 0x00, 0x00, 0x3F, 0xF8, 0x00, 0x0B, 0xFE, 0x00,
    0x00, 0x3F, 0xF8, 0x00, 0x0B, 0xFE, 0x00, 0x00, 0x3F, 0xFC, 0x00, 0x0F, 0xFE, 0x00, 0x00, 0x3F,
    0xFC, 0x00, 0x0F, 0xFE, 0x00, 0x00, 0x2F, 0xFF, 0x00, 0x2F, 0xFF, 0x00, 0x00, 0x0F, 0xFF, 0xC0,
    0xFF, 0xFF, 0x00, 0x00, 0x0F, 0xFF, 0xFF, 0xFF, 0xFF, 0x00, 0x00, 0x03, 0xFF, 0xFF, 0xFF, 0xFF,
    0x00, 0x00, 0x00, 0xFF, 0xFF, 0xEB, 0xFF, 0x00, 0x00, 0x00, 0x2F, 0xFF, 0x03, 0xFF, 0x00, 0x00,
    0x00, 0x00, 0x00, 0x00, 0x00, 0x00, 0x00, 0x00, 0x00, 0x00, 0x00, 0x00, 0x00, 0x00, 0x00, 0x3F,
    0xFF, 0xFF, 0xF8, 0x00, 0x00, 0x00, 0x3F, 0xFF, 0xFF, 0xFF, 0xD0, 0x00, 0x00, 0x3F, 0xFF, 0xFF,
    0xFF, 0xFC, 0x00, 0x00, 0x3F, 0xFF, 0xFF, 0xFF, 0xFF, 0x00, 0x00, 0x3F, 0xFE, 0xAF, 0xFF, 0xFF,
    0x80, 0x00, 0x3F, 0xF8, 0x00, 0x2F, 0xFF, 0xC0, 0x00, 0x3F, 0xF8, 0x00, 0x03, 0xFF, 0xF0, 0x00,
    0x3F, 0xF8, 0x00, 0x01, 0xFF, 0xF0, 0x00, 0xBF, 0xF8, 0x00, 0x00, 0xFF, 0xF0, 0xBF, 0xFF, 0xFF,
    0xC0, 0x00, 0xBF, 0xF8, 0xBF, 0xFF, 0xFF, 0xC0, 0x00, 0xBF, 0xF8, 0xBF, 0xFF, 0xFF, 0xC0, 0x00,
    0x7F, 0xF8, 0xBF, 0xFF, 0xFF, 0xC0, 0x00, 0xBF, 0xF8, 0xBF, 0xFF, 0xFF, 0xC0, 0x00, 0xBF, 0xF8,
    0x00, 0xBF, 0xF8, 0x00, 0x00, 0xBF, 0xF8, 0x00, 0x3F, 0xF8, 0x00, 0x00, 0xFF, 0xF0, 0x00, 0x3F,
    0xF8, 0x00, 0x02, 0xFF, 0xF0, 0x00, 0x3F, 0xF8, 0x00, 0x0B, 0xFF, 0xE0, 0x00, 0x3F, 0xF8, 0x00,
    0xBF, 0xFF, 0xC0, 0x00, 0x3F, 0xFF, 0xFF, 0xFF, 0xFF, 0x80, 0x00, 0x3F, 0xFF, 0xFF, 0xFF, 0xFE,
    0x00, 0x00, 0x3F, 0xFF, 0xFF, 0xFF, 0xF8, 0x00, 0x00, 0x3F, 0xFF, 0xFF, 0xFF, 0x80, 0x00, 0x00,
    0x3F, 0xFF, 0xFF, 0xA0, 0x00, 0x00, 0x00, 0x00, 0x00, 0x00, 0x00, 0x00, 0x00, 0x00, 0x00, 0x0F,
    0xFE, 0x00, 0x00, 0x00, 0x00, 0x0F, 0xFE, 0x00, 0x00, 0x00, 0x3F, 0xFF, 0xFF, 0xF0, 0x00, 0x00,
    0x3F, 0xFF, 0xFF, 0xF0, 0x00, 0x00, 0x3F, 0xFF, 0xFF, 0xF0, 0x00, 0x00, 0x00, 0x0F, 0xFE, 0x00,
    0x00, 0x02, 0xA0, 0x0F, 0xFE, 0x00, 0x00, 0x7F, 0xFF, 0x8F, 0xFE, 0x00, 0x02, 0xFF, 0xFF, 0xEF,
    0xFE, 0x00, 0x0B, 0xFF, 0xFF, 0xFF, 0xFE, 0x00, 0x0F, 0xFF, 0xFF, 0xFF, 0xFE, 0x00, 0x2F, 0xFF,
    0x80, 0xBF, 0xFE, 0x00, 0x3F, 0xFE, 0x00, 0x2F, 0xFE, 0x00, 0x3F, 0xFC, 0x00, 0x0F, 0xFE, 0x00,
    0x3F, 0xFC, 0x00, 0x0F, 0xFE, 0x00, 0x3F, 0xF8, 0x00, 0x0B, 0xFE, 0x00, 0x3F, 0xF8, 0x00, 0x0B,
    0xFE, 0x00, 0x3F, 0xFC, 0x00, 0x0F, 0xFE, 0x00, 0x3F, 0xFC, 0x00, 0x0F, 0xFE, 0x00, 0x2F, 0xFF,
    0x00, 0x2F, 0xFF, 0x00, 0x0F, 0xFF, 0xC0, 0xFF, 0xFF, 0x00, 0x0F, 0xFF, 0xFF, 0xFF, 0xFF, 0x00,
    0x03, 0xFF, 0xFF, 0xFF, 0xFF, 0x00, 0x00, 0xFF, 0xFF, 0xEB, 0xFF, 0x00, 0x00, 0x2F, 0xFF, 0x03,
    0xFF, 0x00, 0x00, 0x00, 0x00, 0x00, 0x00, 0x00, 0x00, 0x6A, 0xAA, 0xA8, 0x00, 0x00, 0xBF, 0xFF,
    0xFC, 0x00, 0x00, 0xBF, 0xFF, 0xFC, 0x00, 0x00, 0xBF, 0xFF, 0xFC, 0x00, 0x00, 0x00, 0x00, 0x00,
    0x00, 0x00, 0x00, 0x00, 0x00, 0x00, 0x00, 0x00, 0x00, 0x00, 0x00, 0xBF, 0xFF, 0xFF, 0xFF, 0xFC,
    0xBF, 0xFF, 0xFF, 0xFF, 0xFC, 0xBF, 0xFF, 0xFF, 0xFF, 0xFC, 0xBF, 0xFF, 0xFF, 0xFF, 0xFC, 0xBF,
    0xFF, 0xFF, 0xFF, 0xFC, 0xBF, 0xF0, 0x00, 0x00, 0x00, 0xBF, 0xF0, 0x00, 0x00, 0x00, 0xBF, 0xF0,
    0x00, 0x00, 0x00, 0xBF, 0xF8, 0x00, 0x00, 0x00, 0xBF, 0xFF, 0xFF, 0xF0, 0x00, 0xBF, 0xFF, 0xFF,
    0xF0, 0x00, 0xBF, 0xFF, 0xFF, 0xF0, 0x00, 0xBF, 0xFF, 0xFF, 0xF0, 0x00, 0xBF, 0xFF, 0xFF, 0xF0,
    0x00, 0xBF, 0xF4, 0x00, 0x00, 0x00, 0xBF, 0xF0, 0x00, 0x00, 0x00, 0xBF, 0xF0, 0x00, 0x00, 0x00,
    0xBF, 0xF0, 0x00, 0x00, 0x00, 0xBF, 0xF8, 0x00, 0x00, 0x00, 0xBF, 0xFF, 0xFF, 0xFF, 0xFC, 0xBF,
    0xFF, 0xFF, 0xFF, 0xFC, 0xBF, 0xFF, 0xFF, 0xFF, 0xFC, 0xBF, 0xFF, 0xFF, 0xFF, 0xFC, 0xBF, 0xFF,
    0xFF, 0xFF, 0xFC, 0x00, 0x00, 0x00, 0x00, 0x00, 0x00, 0x3F, 0xFF, 0xFE, 0x00, 0x00, 0x3F, 0xFF,
    0xFE, 0x00, 0x00, 0x3F, 0xFF, 0xFE, 0x00, 0x00, 0x2A, 0xAA, 0xA8, 0x00, 0x00, 0x00, 0x00, 0x00,
    0x00, 0x00, 0x00, 0x6A, 0x00, 0x00, 0x00, 0x1F, 0xFF, 0xF8, 0x00, 0x00, 0xBF, 0xFF, 0xFF, 0x40,
    0x03, 0xFF, 0xFF, 0xFF, 0xE0, 0x0B, 0xFF, 0xFB, 0xFF, 0xF0, 0x0F, 0xFF, 0x00, 0x3F, 0xF8, 0x2F,
    0xFC, 0x00, 0x0F, 0xFC, 0x3F, 0xF8, 0x00, 0x0B, 0xFC, 0x3F, 0xFF, 0xFF, 0xFF, 0xFE, 0x3F, 0xFF,
    0xFF, 0xFF, 0xFE, 0x3F, 0xFF, 0xFF, 0xFF, 0xFE, 0x3F, 0xFC, 0x00, 0x00, 0x00, 0x3F, 0xFC, 0x00,
    0x00, 0x00, 0x2F, 0xFE, 0x00, 0x00, 0x00, 0x0F, 0xFF, 0x80, 0xBF, 0x80, 0x0B, 0xFF, 0xFF, 0xFF,
    0xF4, 0x03, 0xFF, 0xFF, 0xFF, 0xE0, 0x00, 0xBF, 0xFF, 0xFF, 0x80, 0x00, 0x0B, 0xFF, 0xF8, 0x00,
    0x00, 0x00, 0x00, 0x00, 0x00, 0x00, 0x00, 0x10, 0x00, 0x00, 0x00, 0x00, 0xFF, 0x00, 0x00, 0x00,
    0x02, 0xFF, 0x40, 0x00, 0x00, 0x02, 0xFF, 0x80, 0x00, 0x00, 0x01, 0xFF, 0x00, 0x00, 0x00, 0x00,
    0x68, 0x00, 0x00, 0x00, 0x00, 0x00, 0x00, 0x00, 0x00, 0x00, 0x00, 0x00, 0x00, 0xBF, 0xFF, 0xFF,
    0xFF, 0xFC, 0xBF, 0xFF, 0xFF, 0xFF, 0xFC, 0xBF, 0xFF, 0xFF, 0xFF, 0xFC, 0xBF, 0xFF, 0xFF, 0xFF,
    0xFC, 0xBF, 0xFF, 0xFF, 0xFF, 0xFC, 0xBF, 0xF0, 0x00, 0x00, 0x00, 0xBF, 0xF0, 0x00, 0x00, 0x00,
    0xBF, 0xF0, 0x00, 0x00, 0x00, 0xBF, 0xF8, 0x00, 0x00, 0x00, 0xBF, 0xFF, 0xFF, 0xF0, 0x00, 0xBF,
    0xFF, 0xFF, 0xF0, 0x00, 0xBF, 0xFF, 0xFF, 0xF0, 0x00, 0xBF, 0xFF, 0xFF, 0xF0, 0x00, 0xBF, 0xFF,
    0xFF, 0xF0, 0x00, 0xBF, 0xF4, 0x00, 0x00, 0x00, 0xBF, 0xF0, 0x00, 0x00, 0x00, 0xBF, 0xF0, 0x00,
    0x00, 0x00, 0xBF, 0xF0, 0x00, 0x00, 0x00, 0xBF, 0xF8, 0x00, 0x00, 0x00, 0xBF, 0xFF, 0xFF, 0xFF,
    0xFC, 0xBF, 0xFF, 0xFF, 0xFF, 0xFC, 0xBF, 0xFF, 0xFF, 0xFF, 0xFC, 0xBF, 0xFF, 0xFF, 0xFF, 0xFC,
    0xBF, 0xFF, 0xFF, 0xFF, 0xFC, 0x00, 0x00, 0x00, 0x00, 0x00, 0x00, 0x00, 0xBF, 0x00, 0x00, 0x00,
    0x00, 0xFF, 0x80, 0x00, 0x00, 0x00, 0xFF, 0xC0, 0x00, 0x00, 0x00, 0xFF, 0x80, 0x00, 0x00, 0x00,
    0xBF, 0x00, 0x00, 0x00, 0x00, 0x00, 0x00, 0x00, 0x00, 0x00, 0x00, 0x00, 0x00, 0x00, 0x00, 0x6A,
    0x00, 0x00, 0x00, 0x1F, 0xFF, 0xF8, 0x00, 0x00, 0xBF, 0xFF, 0xFF, 0x40, 0x03, 0xFF, 0xFF, 0xFF,
    0xE0, 0x0B, 0xFF, 0xFB, 0xFF, 0xF0, 0x0F, 0xFF, 0x00, 0x3F, 0xF8, 0x2F, 0xFC, 0x00, 0x0F, 0xFC,
    0x3F, 0xF8, 0x00, 0x0B, 0xFC, 0x3F, 0xFF, 0xFF, 0xFF, 0xFE, 0x3F, 0xFF, 0xFF, 0xFF, 0xFE, 0x3F,
    0xFF, 0xFF, 0xFF, 0xFE, 0x3F, 0xFC, 0x00, 0x00, 0x00, 0x3F, 0xFC, 0x00, 0x00, 0x00, 0x2F, 0xFE,
    0x00, 0x00, 0x00, 0x0F, 0xFF, 0x80, 0xBF, 0x80, 0x0B, 0xFF, 0xFF, 0xFF, 0xF4, 0x03, 0xFF, 0xFF,
    0xFF, 0xE0, 0x00, 0xBF, 0xFF, 0xFF, 0x80, 0x00, 0x0B, 0xFF, 0xF8, 0x00, 0x00, 0x00, 0x00, 0x00,
    0x00, 0x00, 0x00, 0x00, 0x00, 0x00, 0xBF, 0xFF, 0xFF, 0xFF, 0xFC, 0xBF, 0xFF, 0xFF, 0xFF, 0xFC,
    0xBF, 0xFF, 0xFF, 0xFF, 0xFC, 0xBF, 0xFF, 0xFF, 0xFF, 0xFC, 0xBF, 0xFF, 0xFF, 0xFF, 0xFC, 0xBF,
    0xF0, 0x00, 0x00, 0x00, 0xBF, 0xF0, 0x00, 0x00, 0x00, 0xBF, 0xF0, 0x00, 0x00, 0x00, 0xBF, 0xF8,
    0x00, 0x00, 0x00, 0xBF, 0xFF, 0xFF, 0xF0, 0x00, 0xBF, 0xFF, 0xFF, 0xF0, 0x00, 0xBF, 0xFF, 0xFF,
    0xF0, 0x00, 0xBF, 0xFF, 0xFF, 0xF0, 0x00, 0xBF, 0xFF, 0xFF, 0xF0, 0x00, 0xBF, 0xF4, 0x00, 0x00,
    0x00, 0xBF, 0xF0, 0x00, 0x00, 0x00, 0xBF, 0xF0, 0x00, 0x00, 0x00, 0xBF, 0xF0, 0x00, 0x00, 0x00,
    0xBF, 0xF8, 0x00, 0x00, 0x00, 0xBF, 0xFF, 0xFF, 0xFF, 0xFC, 0xBF, 0xFF, 0xFF, 0xFF, 0xFC, 0xBF,
    0xFF, 0xFF, 0xFF, 0xFC, 0xBF, 0xFF, 0xFF, 0xFF, 0xFC, 0xBF, 0xFF, 0xFF, 0xFF, 0xFC, 0x00, 0x00,
    0x02, 0xFF, 0x40, 0x00, 0x00, 0x0F, 0xFC, 0x00, 0x00, 0x00, 0x0F, 0xF8, 0x00, 0x00, 0x00, 0x0F,
    0xFF, 0xF0, 0x00, 0x00, 0x0B, 0xFF, 0xF0, 0x00, 0x00, 0x02, 0xFF, 0xF0, 0x00, 0x00, 0x00, 0x00,
    0x00, 0x00, 0x00, 0x6A, 0x00, 0x00, 0x00, 0x1F, 0xFF, 0xF8, 0x00, 0x00, 0xBF, 0xFF, 0xFF, 0x40,
    0x03, 0xFF, 0xFF, 0xFF, 0xE0, 0x0B, 0xFF, 0xFB, 0xFF, 0xF0, 0x0F, 0xFF, 0x00, 0x3F, 0xF8, 0x2F,
    0xFC, 0x00, 0x0F, 0xFC, 0x3F, 0xF8, 0x00, 0x0B, 0xFC, 0x3F, 0xFF, 0xFF, 0xFF, 0xFE, 0x3F, 0xFF,
    0xFF, 0xFF, 0xFE, 0x3F, 0xFF, 0xFF, 0xFF, 0xFE, 0x3F, 0xFC, 0x00, 0x00, 0x00, 0x3F, 0xFC, 0x00,
    0x00, 0x00, 0x2F, 0xFE, 0x00, 0x00, 0x00, 0x0F, 0xFF, 0x80, 0xBF, 0x80, 0x0B, 0xFF, 0xFF, 0xFF,
    0xF0, 0x03, 0xFF, 0xFF, 0xFF, 0xE0, 0x00, 0xBF, 0xFF, 0xFF, 0x80, 0x00, 0x0B, 0xFF, 0xF8, 0x00,
    0x00, 0x00, 0xFF, 0xC0, 0x00, 0x00, 0x03, 0xFE, 0x00, 0x00, 0x00, 0x03, 0xFE, 0x00, 0x00, 0x00,
    0x03, 0xFF, 0xF8, 0x00, 0x00, 0x03, 0xFF, 0xF8, 0x00, 0x00, 0x00, 0xBF, 0xF8, 0x00, 0x00, 0x00,
    0x00, 0x00, 0x00, 0x02, 0xFE, 0x00, 0xFF, 0x80, 0x00, 0xFF, 0xC3, 0xFF, 0x00, 0x00, 0x3F, 0xFF,
    0xF8, 0x00, 0x00, 0x0F, 0xFF, 0xE0, 0x00, 0x00, 0x02, 0xFF, 0x80, 0x00, 0x00, 0x00, 0xB8, 0x00,
    0x00, 0x00, 0x00, 0x00, 0x00, 0x00, 0x00, 0x00, 0x00, 0x00, 0x00, 0xBF, 0xFF, 0xFF, 0xFF, 0xFC,
    0xBF, 0xFF, 0xFF, 0xFF, 0xFC, 0xBF, 0xFF, 0xFF, 0xFF, 0xFC, 0xBF, 0xFF, 0xFF, 0xFF, 0xFC, 0xBF,
    0xFF, 0xFF, 0xFF, 0xFC, 0xBF, 0xF0, 0x00, 0x00, 0x00, 0xBF, 0xF0, 0x00, 0x00, 0x00, 0xBF, 0xF0,
    0x00, 0x00, 0x00, 0xBF, 0xF8, 0x00, 0x00, 0x00, 0xBF, 0xFF, 0xFF, 0xF0, 0x00, 0xBF, 0xFF, 0xFF,
    0xF0, 0x00, 0xBF, 0xFF, 0xFF, 0xF0, 0x00, 0xBF, 0xFF, 0xFF, 0xF0, 0x00, 0xBF, 0xFF, 0xFF, 0xF0,
    0x00, 0xBF, 0xF4, 0x00, 0x00, 0x00, 0xBF, 0xF0, 0x00, 0x00, 0x00, 0xBF, 0xF0, 0x00, 0x00, 0x00,
    0xBF, 0xF0, 0x00, 0x00, 0x00, 0xBF, 0xF8, 0x00, 0x00, 0x00, 0xBF, 0xFF, 0xFF, 0xFF, 0xFC, 0xBF,
    0xFF, 0xFF, 0xFF, 0xFC, 0xBF, 0xFF, 0xFF, 0xFF, 0xFC, 0xBF, 0xFF, 0xFF, 0xFF, 0xFC, 0xBF, 0xFF,
    0xFF, 0xFF, 0xFC, 0x00, 0x00, 0x00, 0x00, 0x00, 0x02, 0xFF, 0x80, 0xFF, 0xC0, 0x00, 0x7F, 0xE7,
    0xFE, 0x00, 0x00, 0x0F, 0xFF, 0xF8, 0x00, 0x00, 0x03, 0xFF, 0xE0, 0x00, 0x00, 0x00, 0xFF, 0x80,
    0x00, 0x00, 0x00, 0x18, 0x00, 0x00, 0x00, 0x00, 0x00, 0x00, 0x00, 0x00, 0x00, 0x6A, 0x00, 0x00,
    0x00, 0x1F, 0xFF, 0xF8, 0x00, 0x00, 0xBF, 0xFF, 0xFF, 0x40, 0x03, 0xFF, 0xFF, 0xFF, 0xE0, 0x0B,
    0xFF, 0xFB, 0xFF, 0xF0, 0x0F, 0xFF, 0x00, 0x3F, 0xF8, 0x2F, 0xFC, 0x00, 0x0F, 0xFC, 0x3F, 0xF8,
    0x00, 0x0B, 0xFC, 0x3F, 0xFF, 0xFF, 0xFF, 0xFE, 0x3F, 0xFF, 0xFF, 0xFF, 0xFE, 0x3F, 0xFF, 0xFF,
    0xFF, 0xFE, 0x3F, 0xFC, 0x00, 0x00, 0x00, 0x3F, 0xFC, 0x00, 0x00, 0x00, 0x2F, 0xFE, 0x00, 0x00,
    0x00, 0x0F, 0xFF, 0x80, 0xBF, 0x80, 0x0B, 0xFF, 0xFF, 0xFF, 0xF4, 0x03, 0xFF, 0xFF, 0xFF, 0xE0,
    0x00, 0xBF, 0xFF, 0xFF, 0x80, 0x00, 0x0B, 0xFF, 0xF8, 0x00, 0x00, 0x00, 0x00, 0x00, 0x00, 0x00,
    0x03, 0xF8, 0x0F, 0xE0, 0x00, 0x00, 0x02, 0xFE, 0x7F, 0xC0, 0x00, 0x00, 0x00, 0xFF, 0xFF, 0x80,
    0x00, 0x00, 0x00, 0x3F, 0xFE, 0x00, 0x00, 0x00, 0x00, 0x02, 0x90, 0x00, 0x00, 0x00, 0x00, 0x00,
    0x00, 0x00, 0x00, 0x00, 0x00, 0x1A, 0xA9, 0x00, 0x00, 0x00, 0x07, 0xFF, 0xFF, 0xE0, 0x00, 0x00,
    0x3F, 0xFF, 0xFF, 0xFE, 0x00, 0x00, 0xFF, 0xFF, 0xFF, 0xFF, 0xC0, 0x03, 0xFF, 0xFF, 0xFF, 0xFF,
    0xE0, 0x0F, 0xFF, 0xF8, 0x0B, 0xFF, 0xF0, 0x2F, 0xFF, 0xC0, 0x00, 0xBE, 0x00, 0x3F, 0xFF, 0x00,
    0x00, 0x00, 0x00, 0x3F, 0xFC, 0x00, 0x00, 0x00, 0x00, 0xBF, 0xFC, 0x00, 0x00, 0x00, 0x00, 0xBF,
    0xF8, 0x00, 0x00, 0x00, 0x00, 0xBF, 0xF8, 0x00, 0xBF, 0xFF, 0xFE, 0xFF, 0xF4, 0x00, 0xBF, 0xFF,
    0xFE, 0xFF, 0xF4, 0x00, 0xBF, 0xFF, 0xFE, 0xBF, 0xF8, 0x00, 0xBF, 0xFF, 0xFE, 0xBF, 0xF8, 0x00,
    0xBF, 0xFF, 0xFE, 0xBF, 0xFC, 0x00, 0x00, 0x0F, 0xFE, 0x3F, 0xFE, 0x00, 0x00, 0x0F, 0xFE, 0x3F,
    0xFF, 0x00, 0x00, 0x3F, 0xFE, 0x1F, 0xFF, 0xC0, 0x00, 0xBF, 0xFE, 0x0F, 0xFF, 0xFE, 0xAF, 0xFF,
    0xFE, 0x03, 0xFF, 0xFF, 0xFF, 0xFF, 0xFE, 0x00, 0xFF, 0xFF, 0xFF, 0xFF, 0xFE, 0x00, 0x3F, 0xFF,
    0xFF, 0xF2, 0xFE, 0x00, 0x02, 0xFF, 0xFF, 0x41, 0xFE, 0x00, 0x00, 0x00, 0x00, 0x00, 0x00, 0x00,
    0x00, 0x00, 0x00, 0x00, 0x00, 0x2F, 0xC0, 0xBF, 0x00, 0x00, 0x0F, 0xFA, 0xFE, 0x00, 0x00, 0x07,
    0xFF, 0xFC, 0x00, 0x00, 0x01, 0xFF, 0xE0, 0x00, 0x00, 0x00, 0x04, 0x00, 0x00, 0x00, 0x00, 0x00,
    0x00, 0x00, 0x00, 0x02, 0xA0, 0x00, 0x00, 0x00, 0xBF, 0xFF, 0x43, 0xFE, 0x02, 0xFF, 0xFF, 0xEB,
    0xFE, 0x0B, 0xFF, 0xFF, 0xFF, 0xFE, 0x0F, 0xFF, 0xFF, 0xFF, 0xFE, 0x2F, 0xFF, 0x80, 0xBF, 0xFE,
    0x3F, 0xFE, 0x00, 0x0F, 0xFE, 0x3F, 0xFC, 0x00, 0x0F, 0xFE, 0x3F, 0xFC, 0x00, 0x0B, 0xFE, 0x3F,
    0xF8, 0x00, 0x0B, 0xFE, 0x3F, 0xFC, 0x00, 0x0F, 0xFE, 0x3F, 0xFC, 0x00, 0x0F, 0xFE, 0x3F, 0xFE,
    0x00, 0x2F, 0xFE, 0x1F, 0xFF, 0xC0, 0xBF, 0xFE, 0x0F, 0xFF, 0xFF, 0xFF, 0xFE, 0x03, 0xFF, 0xFF,
    0xFF, 0xFE, 0x00, 0xFF, 0xFF, 0xCF, 0xFE, 0x00, 0x2F, 0xFE, 0x0F, 0xFE, 0x00, 0x00, 0x00, 0x0F,
    0xFE, 0x00, 0x00, 0x00, 0x0F, 0xFE, 0x00, 0x09, 0x00, 0x2F, 0xFD, 0x02, 0xFF, 0x80, 0xBF, 0xFC,
    0x03, 0xFF, 0xFF, 0xFF, 0xF8, 0x02, 0xFF, 0xFF, 0xFF, 0xF0, 0x00, 0x7F, 0xFF, 0xFF, 0x80, 0x00,
    0x0B, 0xFF, 0xF8, 0x00, 0x00, 0x00, 0x00, 0x00, 0x00, 0x00, 0x00, 0x00, 0x40, 0x00, 0x00, 0x00,
    0x00, 0x0B, 0xF0, 0x00, 0x00, 0x00, 0x00, 0x0F, 0xFC, 0x00, 0x00, 0x00, 0x00, 0x0F, 0xFC, 0x00,
    0x00, 0x00, 0x00, 0x0F, 0xF8, 0x00, 0x00, 0x00, 0x00, 0x02, 0xE0, 0x00, 0x00, 0x00, 0x00, 0x00,
    0x00, 0x00, 0x00, 0x00, 0x00, 0x1A, 0xA9, 0x00, 0x00, 0x00, 0x07, 0xFF, 0xFF, 0xE0, 0x00, 0x00,
    0x3F, 0xFF, 0xFF, 0xFE, 0x00, 0x00, 0xFF, 0xFF, 0xFF, 0xFF, 0xC0, 0x03, 0xFF, 0xFF, 0xFF, 0xFF,
    0xE0, 0x0F, 0xFF, 0xF8, 0x0B, 0xFF, 0xF0, 0x2F, 0xFF, 0xC0, 0x00, 0xBE, 0x00, 0x3F, 0xFF, 0x00,
    0x00, 0x00, 0x00, 0x3F, 0xFC, 0x00, 0x00, 0x00, 0x00, 0xBF, 0xFC, 0x00, 0x00, 0x00, 0x00, 0xBF,
    0xF8, 0x00, 0x00, 0x00, 0x00, 0xBF, 0xF8, 0x00, 0xBF, 0xFF, 0xFE, 0xFF, 0xF4, 0x00, 0xBF, 0xFF,
    0xFE, 0xFF, 0xF4, 0x00, 0xBF, 0xFF, 0xFE, 0xBF, 0xF8, 0x00, 0xBF, 0xFF, 0xFE, 0xBF, 0xF8, 0x00,
    0xBF, 0xFF, 0xFE, 0xBF, 0xFC, 0x00, 0x00, 0x0F, 0xFE, 0x3F, 0xFE, 0x00, 0x00, 0x0F, 0xFE, 0x3F,
    0xFF, 0x00, 0x00, 0x3F, 0xFE, 0x1F, 0xFF, 0xC0, 0x00, 0xBF, 0xFE, 0x0F, 0xFF, 0xFE, 0xAF, 0xFF,
    0xFE, 0x03, 0xFF, 0xFF, 0xFF, 0xFF, 0xFE, 0x00, 0xFF, 0xFF, 0xFF, 0xFF, 0xFE, 0x00, 0x3F, 0xFF,
    0xFF, 0xF2, 0xFE, 0x00, 0x02, 0xFF, 0xFF, 0x41, 0xFE, 0x00, 0x00, 0x00, 0x00, 0x00, 0x00, 0x00,
    0x00, 0x00, 0x00, 0x00, 0x00, 0x00, 0x3F, 0x40, 0x00, 0x00, 0x00, 0xBF, 0xC0, 0x00, 0x00, 0x00,
    0xFF, 0xC0, 0x00, 0x00, 0x00, 0xBF, 0xC0, 0x00, 0x00, 0x00, 0x3F, 0x40, 0x00, 0x00, 0x00, 0x00,
    0x00, 0x00, 0x00, 0x00, 0x00, 0x00, 0x00, 0x00, 0x02, 0xA0, 0x00, 0x00, 0x00, 0xBF, 0xFF, 0x43,
    0xFE, 0x02, 0xFF, 0xFF, 0xEB, 0xFE, 0x0B, 0xFF, 0xFF, 0xFF, 0xFE, 0x0F, 0xFF, 0xFF, 0xFF, 0xFE,
    0x2F, 0xFF, 0x80, 0xBF, 0xFE, 0x3F, 0xFE, 0x00, 0x0F, 0xFE, 0x3F, 0xFC, 0x00, 0x0F, 0xFE, 0x3F,
    0xFC, 0x00, 0x0B, 0xFE, 0x3F, 0xF8, 0x00, 0x0B, 0xFE, 0x3F, 0xFC, 0x00, 0x0F, 0xFE, 0x3F, 0xFC,
    0x00, 0x0F, 0xFE, 0x3F, 0xFE, 0x00, 0x2F, 0xFE, 0x1F, 0xFF, 0xC0, 0xBF, 0xFE, 0x0F, 0xFF, 0xFF,
    0xFF, 0xFE, 0x03, 0xFF, 0xFF, 0xFF, 0xFE, 0x00, 0xFF, 0xFF, 0xCF, 0xFE, 0x00, 0x2F, 0xFE, 0x0F,
    0xFE, 0x00, 0x00, 0x00, 0x0F, 0xFE, 0x00, 0x00, 0x00, 0x0F, 0xFE, 0x00, 0x09, 0x00, 0x2F, 0xFD,
    0x02, 0xFF, 0x80, 0xBF, 0xFC, 0x03, 0xFF, 0xFF, 0xFF, 0xF8, 0x02, 0xFF, 0xFF, 0xFF, 0xF0, 0x00,
    0x7F, 0xFF, 0xFF, 0x80, 0x00, 0x0B, 0xFF, 0xF8, 0x00, 0x00, 0x00, 0x00, 0x00, 0x00, 0x00, 0x00,
    0x1A, 0xA9, 0x00, 0x00, 0x00, 0x07, 0xFF, 0xFF, 0xE0, 0x00, 0x00, 0x3F, 0xFF, 0xFF, 0xFE, 0x00,
    0x00, 0xFF, 0xFF, 0xFF, 0xFF, 0xC0, 0x03, 0xFF, 0xFF, 0xFF, 0xFF, 0xE0, 0x0F, 0xFF, 0xF8, 0x0B,
    0xFF, 0xF0, 0x2F, 0xFF, 0xC0, 0x00, 0xBE, 0x00, 0x3F, 0xFF, 0x00, 0x00, 0x00, 0x00, 0x3F, 0xFC,
    0x00, 0x00, 0x00, 0x00, 0xBF, 0xFC, 0x00, 0x00, 0x00, 0x00, 0xBF, 0xF8, 0x00, 0x00, 0x00, 0x00,
    0xBF, 0xF8, 0x00, 0xBF, 0xFF, 0xFE, 0xFF, 0xF4, 0x00, 0xBF, 0xFF, 0xFE, 0xFF, 0xF4, 0x00, 0xBF,
    0xFF, 0xFE, 0xBF, 0xF8, 0x00, 0xBF, 0xFF, 0xFE, 0xBF, 0xF8, 0x00, 0xBF, 0xFF, 0xFE, 0xBF, 0xFC,
    0x00, 0x00, 0x0F, 0xFE, 0x3F, 0xFE, 0x00, 0x00, 0x0F, 0xFE, 0x3F, 0xFF, 0x00, 0x00, 0x3F, 0xFE,
    0x1F, 0xFF, 0xC0, 0x00, 0xBF, 0xFE, 0x0F, 0xFF, 0xFE, 0xAF, 0xFF, 0xFE, 0x03, 0xFF, 0xFF, 0xFF,
    0xFF, 0xFE, 0x00, 0xFF, 0xFF, 0xFF, 0xFF, 0xFE, 0x00, 0x3F, 0xFF, 0xFF, 0xF2, 0xFE, 0x00, 0x02,
    0xFF, 0xFF, 0x41, 0xFE, 0x00, 0x00, 0x00, 0x00, 0x00, 0x00, 0x00, 0x00, 0x02, 0x00, 0x00, 0x00,
    0x00, 0x00, 0x7F, 0xE0, 0x00, 0x00, 0x00, 0x00, 0x3F, 0xF8, 0x00, 0x00, 0x00, 0x00, 0x0F, 0xF8,
    0x00, 0x00, 0x00, 0x00, 0x0F, 0xF8, 0x00, 0x00, 0x00, 0x00, 0x2F, 0xF4, 0x00, 0x00, 0x00, 0x03,
    0xFF, 0xE0, 0x00, 0x00, 0x00, 0x00, 0xFE, 0x00, 0x00, 0x00, 0x00, 0x00, 0x00, 0x00, 0x00, 0x00,
    0x00, 0x0B, 0xF8, 0x00, 0x00, 0x00, 0x3F, 0xFD, 0x00, 0x00, 0x00, 0xFF, 0xC0, 0x00, 0x00, 0x00,
    0xFF, 0x00, 0x00, 0x00, 0x00, 0xFF, 0x00, 0x00, 0x00, 0x00, 0xFF, 0xE0, 0x00, 0x00, 0x00, 0x3F,
    0xE0, 0x00, 0x00, 0x00, 0x04, 0x00, 0x00, 0x00, 0x00, 0x00, 0x00, 0x00, 0x00, 0x02, 0xA0, 0x00,
    0x00, 0x00, 0xBF, 0xFF, 0x43, 0xFE, 0x02, 0xFF, 0xFF, 0xEB, 0xFE, 0x0B, 0xFF, 0xFF, 0xFF, 0xFE,
    0x0F, 0xFF, 0xFF, 0xFF, 0xFE, 0x2F, 0xFF, 0x80, 0xBF, 0xFE, 0x3F, 0xFE, 0x00, 0x0F, 0xFE, 0x3F,
    0xFC, 0x00, 0x0F, 0xFE, 0x3F, 0xFC, 0x00, 0x0B, 0xFE, 0x3F, 0xF8, 0x00, 0x0B, 0xFE, 0x3F, 0xFC,
    0x00, 0x0F, 0xFE, 0x3F, 0xFC, 0x00, 0x0F, 0xFE, 0x3F, 0xFE, 0x00, 0x2F, 0xFE, 0x1F, 0xFF, 0xC0,
    0xBF, 0xFE, 0x0F, 0xFF, 0xFF, 0xFF, 0xFE, 0x03, 0xFF, 0xFF, 0xFF, 0xFE, 0x00, 0xFF, 0xFF, 0xCF,
    0xFE, 0x00, 0x2F, 0xFE, 0x0F, 0xFE, 0x00, 0x00, 0x00, 0x0F, 0xFE, 0x00, 0x00, 0x00, 0x0F, 0xFE,
    0x00, 0x09, 0x00, 0x2F, 0xFD, 0x02, 0xFF, 0x80, 0xBF, 0xFC, 0x03, 0xFF, 0xFF, 0xFF, 0xF8, 0x02,
    0xFF, 0xFF, 0xFF, 0xF0, 0x00, 0x7F, 0xFF, 0xFF, 0x80, 0x00, 0x0B, 0xFF, 0xF8, 0x00, 0x00, 0x00,
    0x00, 0x00, 0x00, 0x00, 0x00, 0x00, 0x00, 0x00, 0x00, 0x00, 0x07, 0xFF, 0x80, 0x00, 0x0F, 0xFF,
    0x00, 0x07, 0xFF, 0x80, 0x00, 0x0F, 0xFF, 0x00, 0x2F, 0xFF, 0xEA, 0xAA, 0xAF, 0xFF, 0xA0, 0xBF,
    0xFF, 0xFF, 0xFF, 0xFF, 0xFF, 0xF0, 0xBF, 0xFF, 0xFF, 0xFF, 0xFF, 0xFF, 0xF0, 0xBF, 0xFF, 0xFF,
    0xFF, 0xFF, 0xFF, 0xF0, 0x0B, 0xFF, 0x80, 0x00, 0x0F, 0xFF, 0x00, 0x07, 0xFF, 0x80, 0x00, 0x0F,
    0xFF, 0x00, 0x07, 0xFF, 0x80, 0x00, 0x0F, 0xFF, 0x00, 0x07, 0xFF, 0xFF, 0xFF, 0xFF, 0xFF, 0x00,
    0x07, 0xFF, 0xFF, 0xFF, 0xFF, 0xFF, 0x00, 0x07, 0xFF, 0xFF, 0xFF, 0xFF, 0xFF, 0x00, 0x07, 0xFF,
    0xFF, 0xFF, 0xFF, 0xFF, 0x00, 0x07, 0xFF, 0xFF, 0xFF, 0xFF, 0xFF, 0x00, 0x07, 0xFF, 0x80, 0x00,
    0x0F, 0xFF, 0x00, 0x07, 0xFF, 0x80, 0x00, 0x0F, 0xFF, 0x00, 0x07, 0xFF, 0x80, 0x00, 0x0F, 0xFF,
    0x00, 0x07, 0xFF, 0x80, 0x00, 0x0F, 0xFF, 0x00, 0x07, 0xFF, 0x80, 0x00, 0x0F, 0xFF, 0x00, 0x07,
    0xFF, 0x80, 0x00, 0x0F, 0xFF, 0x00, 0x07, 0xFF, 0x80, 0x00, 0x0F, 0xFF, 0x00, 0x07, 0xFF, 0x80,
    0x00, 0x0F, 0xFF, 0x00, 0x07, 0xFF, 0x80, 0x00, 0x0F, 0xFF, 0x00, 0x03, 0xFF, 0x80, 0x00, 0x0F,
    0xFF, 0x00, 0x00, 0x00, 0x00, 0x00, 0x00, 0x00, 0x00, 0xFF, 0xD0, 0x00, 0x00, 0x00, 0x00, 0xFF,
    0xE0, 0x00, 0x00, 0x00, 0xBF, 0xFF, 0xFF, 0xF0, 0x00, 0x00, 0xBF, 0xFF, 0xFF, 0xF0, 0x00, 0x00,
    0xBF, 0xFF, 0xFF, 0xF0, 0x00, 0x00, 0x00, 0xFF, 0xD0, 0x00, 0x00, 0x00, 0x00, 0xFF, 0xD0, 0x2A,
    0x80, 0x00, 0x00, 0xFF, 0xD3, 0xFF, 0xFC, 0x00, 0x00, 0xFF, 0xEF, 0xFF, 0xFE, 0x00, 0x00, 0xFF,
    0xFF, 0xFF, 0xFF, 0x00, 0x00, 0xFF, 0xFF, 0xFF, 0xFF, 0x80, 0x00, 0xFF, 0xFC, 0x0B, 0xFF, 0x80,
    0x00, 0xFF, 0xF0, 0x03, 0xFF, 0xC0, 0x00, 0xFF, 0xE0, 0x03, 0xFF, 0xC0, 0x00, 0xFF, 0xE0, 0x03,
    0xFF, 0xC0, 0x00, 0xFF, 0xE0, 0x02, 0xFF, 0xC0, 0x00, 0xFF, 0xD0, 0x02, 0xFF, 0xC0, 0x00, 0xFF,
    0xD0, 0x02, 0xFF, 0xC0, 0x00, 0xFF, 0xD0, 0x02, 0xFF, 0xC0, 0x00, 0xFF, 0xD0, 0x02, 0xFF, 0xC0,
    0x00, 0xFF, 0xD0, 0x02, 0xFF, 0xC0, 0x00, 0xFF, 0xD0, 0x02, 0xFF, 0xC0, 0x00, 0xFF, 0xD0, 0x02,
    0xFF, 0xC0, 0x00, 0xFF, 0xD0, 0x02, 0xFF, 0xC0, 0x00, 0xFF, 0xD0, 0x02, 0xFF, 0xC0, 0x0A, 0xAA,
    0xAA, 0x80, 0x0F, 0xFF, 0xFF, 0x80, 0x0F, 0xFF, 0xFF, 0x80, 0x0F, 0xFF, 0xFF, 0x80, 0x00, 0x00,
    0x00, 0x00, 0x00, 0x00, 0x00, 0x00, 0x00, 0x00, 0x00, 0x00, 0x3F, 0xFF, 0xFF, 0xE0, 0x3F, 0xFF,
    0xFF, 0xE0, 0x3F, 0xFF, 0xFF, 0xE0, 0x3F, 0xFF, 0xFF, 0xE0, 0x00, 0xFF, 0xF8, 0x00, 0x00, 0xBF,
    0xF0, 0x00, 0x00, 0xBF, 0xF0, 0x00, 0x00, 0xBF, 0xF0, 0x00, 0x00, 0xBF, 0xF0, 0x00, 0x00, 0xBF,
    0xF0, 0x00, 0x00, 0xBF, 0xF0, 0x00, 0x00, 0xBF, 0xF0, 0x00, 0x00, 0xBF, 0xF0, 0x00, 0x00, 0xBF,
    0xF0, 0x00, 0x00, 0xBF, 0xF0, 0x00, 0x00, 0xBF, 0xF0, 0x00, 0x00, 0xBF, 0xF0, 0x00, 0x00, 0xBF,
    0xF0, 0x00, 0x00, 0xBF, 0xF0, 0x00, 0x2A, 0xFF, 0xFE, 0x80, 0x3F, 0xFF, 0xFF, 0xE0, 0x3F, 0xFF,
    0xFF, 0xE0, 0x3F, 0xFF, 0xFF, 0xE0, 0x3F, 0xFF, 0xFF, 0xE0, 0x00, 0x00, 0x00, 0xBF, 0xFF, 0xFC,
    0xBF, 0xFF, 0xFC, 0xBF, 0xFF, 0xFC, 0x2A, 0xAA, 0xA8, 0x00, 0x00, 0x00, 0x00, 0x00, 0x00, 0x3F,
    0xFF, 0xF0, 0x3F, 0xFF, 0xF0, 0x3F, 0xFF, 0xF0, 0x3F, 0xFF, 0xF0, 0x00, 0xFF, 0xF0, 0x00, 0xFF,
    0xF0, 0x00, 0xFF, 0xF0, 0x00, 0xFF, 0xF0, 0x00, 0xFF, 0xF0, 0x00, 0xFF, 0xF0, 0x00, 0xFF, 0xF0,
    0x00, 0xFF, 0xF0, 0x00, 0xFF, 0xF0, 0x00, 0xFF, 0xF0, 0x00, 0xFF, 0xF0, 0x00, 0xFF, 0xF0, 0x00,
    0xFF, 0xF0, 0x00, 0xFF, 0xF0, 0x00, 0x00, 0x00, 0x00, 0x3F, 0xFF, 0xFF, 0xE0, 0x3F, 0xFF, 0xFF,
    0xE0, 0x3F, 0xFF, 0xFF, 0xE0, 0x3F, 0xFF, 0xFF, 0xE0, 0x00, 0xFF, 0xF8, 0x00, 0x00, 0xBF, 0xF0,
    0x00, 0x00, 0xBF, 0xF0, 0x00, 0x00, 0xBF, 0xF0, 0x00, 0x00, 0xBF, 0xF0, 0x00, 0x00, 0xBF, 0xF0,
    0x00, 0x00, 0xBF, 0xF0, 0x00, 0x00, 0xBF, 0xF0, 0x00, 0x00, 0xBF, 0xF0, 0x00, 0x00, 0xBF, 0xF0,
    0x00, 0x00, 0xBF, 0xF0, 0x00, 0x00, 0xBF, 0xF0, 0x00, 0x00, 0xBF, 0xF0, 0x00, 0x00, 0xBF, 0xF0,
    0x00, 0x00, 0xBF, 0xF0, 0x00, 0x2A, 0xFF, 0xFE, 0x80, 0x3F, 0xFF, 0xFF, 0xE0, 0x3F, 0xFF, 0xFF,
    0xE0, 0x3F, 0xFF, 0xFF, 0xE0, 0x3F, 0xFF, 0xFF, 0xE0, 0x00, 0xBF, 0xD0, 0x00, 0x03, 0xFF, 0x00,
    0x00, 0x03, 0xFE, 0x00, 0x00, 0x03, 0xFF, 0xFC, 0x00, 0x02, 0xFF, 0xFC, 0x00, 0x00, 0xBF, 0xFC,
    0x00, 0x00, 0x00, 0x00, 0x00, 0x00, 0x0A, 0x00, 0x00, 0x7F, 0xE0, 0x00, 0xFF, 0xF0, 0x00, 0xFF,
    0xF0, 0x00, 0xFF, 0xF0, 0x00, 0xFF, 0xF0, 0x00, 0x3F, 0xC0, 0x00, 0x00, 0x00, 0x00, 0x00, 0x00,
    0x00, 0x00, 0x00, 0x3F, 0xFF, 0xF0, 0x3F, 0xFF, 0xF0, 0x3F, 0xFF, 0xF0, 0x3F, 0xFF, 0xF0, 0x00,
    0xFF, 0xF0, 0x00, 0xFF, 0xF0, 0x00, 0xFF, 0xF0, 0x00, 0xFF, 0xF0, 0x00, 0xFF, 0xF0, 0x00, 0xFF,
    0xF0, 0x00, 0xFF, 0xF0, 0x00, 0xFF, 0xF0, 0x00, 0xFF, 0xF0, 0x00, 0xFF, 0xF0, 0x00, 0xFF, 0xF0,
    0x00, 0xFF, 0xF0, 0x00, 0xFF, 0xF0, 0x00, 0xFF, 0xF0, 0x03, 0xFF, 0x80, 0x0F, 0xF8, 0x00, 0x2F,
    0xF0, 0x00, 0x2F, 0xFF, 0xE0, 0x0F, 0xFF, 0xE0, 0x02, 0xFF, 0xE0, 0x00, 0x00, 0x00, 0x00, 0x00,
    0x00, 0x3F, 0xFF, 0xF0, 0x3F, 0xFF, 0xF0, 0x3F, 0xFF, 0xF0, 0x3F, 0xFF, 0xF0, 0x00, 0xFF, 0xF0,
    0x00, 0xFF, 0xF0, 0x00, 0xFF, 0xF0, 0x00, 0xFF, 0xF0, 0x00, 0xFF, 0xF0, 0x00, 0xFF, 0xF0, 0x00,
    0xFF, 0xF0, 0x00, 0xFF, 0xF0, 0x00, 0xFF, 0xF0, 0x00, 0xFF, 0xF0, 0x00, 0xFF, 0xF0, 0x00, 0xFF,
    0xF0, 0x00, 0xFF, 0xF0, 0x00, 0xFF, 0xF0, 0x00, 0x00, 0x00, 0x00, 0x00, 0x00, 0xBF, 0xF0, 0x00,
    0x0F, 0xFF, 0xE0, 0xBF, 0xF0, 0x00, 0x3F, 0xFF, 0x80, 0xBF, 0xF0, 0x00, 0xBF, 0xFE, 0x00, 0xBF,
    0xF0, 0x02, 0xFF, 0xF8, 0x00, 0xBF, 0xF0, 0x0B, 0xFF, 0xE0, 0x00, 0xBF, 0xF0, 0x2F, 0xFF, 0xC0,
    0x00, 0xBF, 0xF0, 0x3F, 0xFF, 0x00, 0x00, 0xBF, 0xF0, 0xFF, 0xFC, 0x00, 0x00, 0xBF, 0xFB, 0xFF,
    0xF0, 0x00, 0x00, 0xBF, 0xFF, 0xFF, 0xC0, 0x00, 0x00, 0xBF, 0xFF, 0xFF, 0xC0, 0x00, 0x00, 0xBF,
    0xFF, 0xFF, 0xE0, 0x00, 0x00, 0xBF, 0xFF, 0xFF, 0xF0, 0x00, 0x00, 0xBF, 0xFF, 0xFF, 0xFC, 0x00,
    0x00, 0xBF, 0xFF, 0xBF, 0xFE, 0x00, 0x00, 0xBF, 0xFE, 0x1F, 0xFF, 0x80, 0x00, 0xBF, 0xF8, 0x0B,
    0xFF, 0xC0, 0x00, 0xBF, 0xF0, 0x03, 0xFF, 0xF0, 0x00, 0xBF, 0xF0, 0x00, 0xFF, 0xF8, 0x00, 0xBF,
    0xF0, 0x00, 0xBF, 0xFD, 0x00, 0xBF, 0xF0, 0x00, 0x3F, 0xFF, 0x00, 0xBF, 0xF0, 0x00, 0x0F, 0xFF,
    0xC0, 0xBF, 0xF0, 0x00, 0x07, 0xFF, 0xE0, 0xBF, 0xF0, 0x00, 0x02, 0xFF, 0xF0, 0x00, 0x00, 0x00,
    0x00, 0x00, 0x00, 0x00, 0x00, 0x08, 0x00, 0x00, 0x00, 0x00, 0x02, 0xFF, 0x80, 0x00, 0x00, 0x00,
    0x00, 0xFF, 0xC0, 0x00, 0x00, 0x00, 0x00, 0x3F, 0xE0, 0x00, 0x00, 0x00, 0x00, 0x3F, 0xE0, 0x00,
    0x00, 0x00, 0x00, 0xBF, 0xC0, 0x00, 0x00, 0x00, 0x0F, 0xFF, 0x80, 0x00, 0x00, 0x00, 0x03, 0xF8,
    0x00, 0x00, 0x00, 0x00, 0x00, 0x00, 0x00, 0x00, 0x3F, 0xF0, 0x00, 0x00, 0x00, 0x3F, 0xF0, 0x00,
    0x00, 0x00, 0x3F, 0xF0, 0x00, 0x00, 0x00, 0x3F, 0xF0, 0x00, 0x00, 0x00, 0x3F, 0xF0, 0x00, 0x00,
    0x00, 0x3F, 0xF0, 0x00, 0x00, 0x00, 0x3F, 0xF0, 0x01, 0xFF, 0xF8, 0x3F, 0xF0, 0x03, 0xFF, 0xE0,
    0x3F, 0xF0, 0x0F, 0xFF, 0x80, 0x3F, 0xF0, 0x3F, 0xFE, 0x00, 0x3F, 0xF0, 0xFF, 0xF8, 0x00, 0x3F,
    0xF7, 0xFF, 0xE0, 0x00, 0x3F, 0xFF, 0xFF, 0xC0, 0x00, 0x3F, 0xFF, 0xFF, 0x00, 0x00, 0x3F, 0xFF,
    0xFF, 0x80, 0x00, 0x3F, 0xFF, 0xFF, 0xD0, 0x00, 0x3F, 0xFF, 0xFF, 0xF0, 0x00, 0x3F, 0xFF, 0xFF,
    0xFC, 0x00, 0x3F, 0xFC, 0x3F, 0xFE, 0x00, 0x3F, 0xF8, 0x2F, 0xFF, 0x00, 0x3F, 0xF0, 0x0F, 0xFF,
    0xC0, 0x3F, 0xF0, 0x03, 0xFF, 0xE0, 0x3F, 0xF0, 0x00, 0xFF, 0xF8, 0x3F, 0xF0, 0x00, 0xBF, 0xFC,
    0x00, 0x00, 0x00, 0x00, 0x00, 0x00, 0x00, 0x20, 0x00, 0x00, 0x00, 0x0B, 0xFC, 0x00, 0x00, 0x00,
    0x0B, 0xFF, 0x00, 0x00, 0x00, 0x00, 0xFF, 0x40, 0x00, 0x00, 0x00, 0xFF, 0x40, 0x00, 0x00, 0x03,
    0xFF, 0x00, 0x00, 0x00, 0x7F, 0xFC, 0x00, 0x00, 0x00, 0x1F, 0xA0, 0x00, 0x00, 0x00, 0x00, 0x00,
    0x00, 0x00, 0xBF, 0xF0, 0x00, 0x00, 0x00, 0xBF, 0xF0, 0x00, 0x00, 0x00, 0xBF, 0xF0, 0x00, 0x00,
    0x00, 0xBF, 0xF0, 0x00, 0x00, 0x00, 0xBF, 0xF0, 0x00, 0x00, 0x00, 0xBF, 0xF0, 0x00, 0x00, 0x00,
    0xBF, 0xF0, 0x00, 0x00, 0x00, 0xBF, 0xF0, 0x00, 0x00, 0x00, 0xBF, 0xF0, 0x00, 0x00, 0x00, 0xBF,
    0xF0, 0x00, 0x00, 0x00, 0xBF, 0xF0, 0x00, 0x00, 0x00, 0xBF, 0xF0, 0x00, 0x00, 0x00, 0xBF, 0xF0,
    0x00, 0x00, 0x00, 0xBF, 0xF0, 0x00, 0x00, 0x00, 0xBF, 0xF0, 0x00, 0x00, 0x00, 0xBF, 0xF0, 0x00,
    0x00, 0x00, 0xBF, 0xF0, 0x00, 0x00, 0x00, 0xBF, 0xF0, 0x00, 0x00, 0x00, 0xBF, 0xF8, 0x00, 0x00,
    0x00, 0xBF, 0xFF, 0xFF, 0xFF, 0xF0, 0xBF, 0xFF, 0xFF, 0xFF, 0xF0, 0xBF, 0xFF, 0xFF, 0xFF, 0xF0,
    0xBF, 0xFF, 0xFF, 0xFF, 0xF0, 0xBF, 0xFF, 0xFF, 0xFF, 0xF0, 0x00, 0x00, 0x00, 0x00, 0x00, 0x00,
    0x00, 0x80, 0x00, 0x00, 0x00, 0x1F, 0xF8, 0x00, 0x00, 0x00, 0x0B, 0xFE, 0x00, 0x00, 0x00, 0x02,
    0xFF, 0x00, 0x00, 0x00, 0x02, 0xFF, 0x00, 0x00, 0x00, 0x0B, 0xFE, 0x00, 0x00, 0x00, 0xFF, 0xF8,
    0x00, 0x00, 0x00, 0x3F, 0x80, 0x00, 0x00, 0x00, 0x00, 0x00, 0x3F, 0xF0, 0x00, 0x3F, 0xF0, 0x00,
    0x3F, 0xF0, 0x00, 0x3F, 0xF0, 0x00, 0x3F, 0xF0, 0x00, 0x3F, 0xF0, 0x00, 0x3F, 0xF0, 0x00, 0x3F,
    0xF0, 0x00, 0x3F, 0xF0, 0x00, 0x3F, 0xF0, 0x00, 0x3F, 0xF0, 0x00, 0x3F, 0xF0, 0x00, 0x3F, 0xF0,
    0x00, 0x3F, 0xF0, 0x00, 0x3F, 0xF0, 0x00, 0x3F, 0xF0, 0x00, 0x3F, 0xF0, 0x00, 0x3F, 0xF4, 0x00,
    0x3F, 0xF8, 0x00, 0x3F, 0xFF, 0xA0, 0x3F, 0xFF, 0xF0, 0x3F, 0xFF, 0xF0, 0x1F, 0xFF, 0xF0, 0x02,
    0xFF, 0xF0, 0x00, 0x00, 0x00, 0x00, 0x60, 0x00, 0x0B, 0xFC, 0x00, 0x0B, 0xFF, 0x00, 0x01, 0xFF,
    0x00, 0x00, 0xFF, 0x00, 0x03, 0xFF, 0x00, 0xBF, 0xFC, 0x00, 0x2F, 0x80, 0x00, 0x00, 0x00, 0x00,
    0x00, 0x00, 0x00, 0x00, 0x00, 0xFC, 0x00, 0xBF, 0xF0, 0x01, 0xFE, 0x00, 0xBF, 0xF0, 0x02, 0xFE,
    0x00, 0xBF, 0xF0, 0x03, 0xFC, 0x00, 0xBF, 0xF0, 0x03, 0xFC, 0x00, 0xBF, 0xF0, 0x03, 0xF4, 0x00,
    0xBF, 0xF0, 0x03, 0xF0, 0x00, 0xBF, 0xF0, 0x00, 0x00, 0x00, 0xBF, 0xF0, 0x00, 0x00, 0x00, 0xBF,
    0xF0, 0x00, 0x00, 0x00, 0xBF, 0xF0, 0x00, 0x00, 0x00, 0xBF, 0xF0, 0x00, 0x00, 0x00, 0xBF, 0xF0,
    0x00, 0x00, 0x00, 0xBF, 0xF0, 0x00, 0x00, 0x00, 0xBF, 0xF0, 0x00, 0x00, 0x00, 0xBF, 0xF0, 0x00,
    0x00, 0x00, 0xBF, 0xF0, 0x00, 0x00, 0x00, 0xBF, 0xF0, 0x00, 0x00, 0x00, 0xBF, 0xF0, 0x00, 0x00,
    0x00, 0xBF, 0xF8, 0x00, 0x00, 0x00, 0xBF, 0xFF, 0xFF, 0xFF, 0xF0, 0xBF, 0xFF, 0xFF, 0xFF, 0xF0,
    0xBF, 0xFF, 0xFF, 0xFF, 0xF0, 0xBF, 0xFF, 0xFF, 0xFF, 0xF0, 0xBF, 0xFF, 0xFF, 0xFF, 0xF0, 0x00,
    0x00, 0x00, 0x00, 0x00, 0x00, 0x3E, 0x00, 0x3F, 0xF0, 0xFF, 0x00, 0x3F, 0xF0, 0xFF, 0x00, 0x3F,
    0xF0, 0xFF, 0x00, 0x3F, 0xF0, 0xFE, 0x00, 0x3F, 0xF2, 0xFC, 0x00, 0x3F, 0xF2, 0xF8, 0x00, 0x3F,
    0xF0, 0x00, 0x00, 0x3F, 0xF0, 0x00, 0x00, 0x3F, 0xF0, 0x00, 0x00, 0x3F, 0xF0, 0x00, 0x00, 0x3F,
    0xF0, 0x00, 0x00, 0x3F, 0xF0, 0x00, 0x00, 0x3F, 0xF0, 0x00, 0x00, 0x3F, 0xF0, 0x00, 0x00, 0x3F,
    0xF0, 0x00, 0x00, 0x3F, 0xF0, 0x00, 0x00, 0x3F, 0xF0, 0x00, 0x00, 0x3F, 0xF4, 0x00, 0x00, 0x3F,
    0xF8, 0x00, 0x00, 0x3F, 0xFF, 0xA0, 0x00, 0x3F, 0xFF, 0xF0, 0x00, 0x3F, 0xFF, 0xF0, 0x00, 0x1F,
    0xFF, 0xF0, 0x00, 0x02, 0xFF, 0xF0, 0x00, 0x00, 0x00, 0x00, 0x00, 0x00, 0x00, 0x02, 0xFF, 0xC0,
    0x00, 0x00, 0x00, 0x02, 0xFF, 0xC0, 0x00, 0x00, 0x00, 0x02, 0xFF, 0xC0, 0x00, 0x00, 0x00, 0x02,
    0xFF, 0xC0, 0x00, 0x00, 0x00, 0x02, 0xFF, 0xC0, 0x04, 0x00, 0x00, 0x02, 0xFF, 0xC0, 0x3C, 0x00,
    0x00, 0x02, 0xFF, 0xC2, 0xFC, 0x00, 0x00, 0x02, 0xFF, 0xEF, 0xFC, 0x00, 0x00, 0x02, 0xFF, 0xFF,
    0xFC, 0x00, 0x00, 0x02, 0xFF, 0xFF, 0xF0, 0x00, 0x00, 0x02, 0xFF, 0xFF, 0x40, 0x00, 0x00, 0x03,
    0xFF, 0xF8, 0x00, 0x00, 0x00, 0x2F, 0xFF, 0xC0, 0x00, 0x00, 0x00, 0xBF, 0xFF, 0xC0, 0x00, 0x00,
    0x00, 0xBF, 0xFF, 0xC0, 0x00, 0x00, 0x00, 0xBF, 0xFF, 0xC0, 0x00, 0x00, 0x00, 0xB6, 0xFF, 0xC0,
    0x00, 0x00, 0x00, 0x02, 0xFF, 0xC0, 0x00, 0x00, 0x00, 0x02, 0xFF, 0xC0, 0x00, 0x00, 0x00, 0x02,
    0xFF, 0xFF, 0xFF, 0xFF, 0x80, 0x02, 0xFF, 0xFF, 0xFF, 0xFF, 0x80, 0x02, 0xFF, 0xFF, 0xFF, 0xFF,
    0x80, 0x02, 0xFF, 0xFF, 0xFF, 0xFF, 0x80, 0x02, 0xFF, 0xFF, 0xFF, 0xFF, 0x80, 0x00, 0x00, 0x00,
    0x0F, 0xFE, 0x00, 0x0F, 0xFE, 0x00, 0x0F, 0xFE, 0x00, 0x0F, 0xFE, 0x00, 0x0F, 0xFE, 0x00, 0x0F,
    0xFE, 0x00, 0x0F, 0xFE, 0x0E, 0x0F, 0xFF, 0xBE, 0x0F, 0xFF, 0xFE, 0x0F, 0xFF, 0xFE, 0x0F, 0xFF,
    0xFC, 0x2F, 0xFF, 0xD0, 0xFF, 0xFF, 0x00, 0xFF, 0xFE, 0x00, 0xFF, 0xFE, 0x00, 0xFF, 0xFE, 0x00,
    0x8F, 0xFE, 0x00, 0x0F, 0xFE, 0x00, 0x0F, 0xFF, 0x00, 0x0F, 0xFF, 0xE9, 0x0F, 0xFF, 0xFE, 0x0B,
    0xFF, 0xFE, 0x03, 0xFF, 0xFE, 0x00, 0xBF, 0xFE, 0x00, 0x00, 0x00, 0x00, 0x00, 0x00, 0x00, 0x00,
    0x00, 0x0F, 0xC0, 0x00, 0x00, 0x00, 0x00, 0x3F, 0xE0, 0x00, 0x00, 0x00, 0x00, 0xFF, 0xE0, 0x00,
    0x00, 0x00, 0x03, 0xFF, 0xC0, 0x00, 0x00, 0x00, 0x0B, 0xFE, 0x00, 0x00, 0x00, 0x00, 0x0A, 0xA4,
    0x00, 0x00, 0x00, 0x00, 0x00, 0x00, 0x00, 0x00, 0x00, 0x00, 0x00, 0x00, 0x00, 0x00, 0xBF, 0xFF,
    0x00, 0x00, 0x3F, 0xF8, 0xBF, 0xFF, 0xC0, 0x00, 0x3F, 0xF8, 0xBF, 0xFF, 0xE0, 0x00, 0x3F, 0xF8,
    0xBF, 0xFF, 0xF0, 0x00, 0x3F, 0xF8, 0xBF, 0xFF, 0xF8, 0x00, 0x3F, 0xF8, 0xBF, 0xFF, 0xFC, 0x00,
    0x3F, 0xF8, 0xBF, 0xFF, 0xFE, 0x00, 0x3F, 0xF8, 0xBF, 0xFF, 0xFF, 0x00, 0x3F, 0xF8, 0xBF, 0xF3,
    0xFF, 0x80, 0x3F, 0xF8, 0xBF, 0xF2, 0xFF, 0xC0, 0x3F, 0xF8, 0xBF, 0xF0, 0xFF, 0xF0, 0x3F, 0xF8,
    0xBF, 0xF0, 0xBF, 0xF0, 0x3F, 0xF8, 0xBF, 0xF0, 0x3F, 0xFC, 0x3F, 0xF8, 0xBF, 0xF0, 0x1F, 0xFD,
    0x3F, 0xF8, 0xBF, 0xF0, 0x0F, 0xFF, 0x3F, 0xF8, 0xBF, 0xF0, 0x03, 0xFF, 0xBF, 0xF8, 0xBF, 0xF0,
    0x03, 0xFF, 0xFF, 0xF8, 0xBF, 0xF0, 0x00, 0xFF, 0xFF, 0xF8, 0xBF, 0xF0, 0x00, 0xBF, 0xFF, 0xF8,
    0xBF, 0xF0, 0x00, 0x3F, 0xFF, 0xF8, 0xBF, 0xF0, 0x00, 0x2F, 0xFF, 0xF8, 0xBF, 0xF0, 0x00, 0x0F,
    0xFF, 0xF8, 0xBF, 0xF0, 0x00, 0x0B, 0xFF, 0xF8, 0xBF, 0xF0, 0x00, 0x03, 0xFF, 0xF8, 0x00, 0x00,
    0x00, 0x00, 0x00, 0x00, 0x00, 0x03, 0xFC, 0x00, 0x00, 0x00, 0x0B, 0xFC, 0x00, 0x00, 0x00, 0x2F,
    0xFC, 0x00, 0x00, 0x00, 0x3F, 0xF0, 0x00, 0x00, 0x00, 0xFF, 0x80, 0x00, 0x00, 0x00, 0x00, 0x00,
    0x00, 0x00, 0x00, 0x00, 0x00, 0x00, 0x00, 0x00, 0x0A, 0xA0, 0x00, 0x3F, 0xF0, 0xFF, 0xFE, 0x00,
    0x3F, 0xF7, 0xFF, 0xFF, 0x80, 0x3F, 0xFF, 0xFF, 0xFF, 0xC0, 0x3F, 0xFF, 0xFF, 0xFF, 0xE0, 0x3F,
    0xFF, 0x02, 0xFF, 0xE0, 0x3F, 0xFC, 0x00, 0xFF, 0xF0, 0x3F, 0xF8, 0x00, 0xFF, 0xF0, 0x3F, 0xF8,
    0x00, 0xFF, 0xF0, 0x3F, 0xF4, 0x00, 0xFF, 0xF0, 0x3F, 0xF0, 0x00, 0xBF, 0xF0, 0x3F, 0xF0, 0x00,
    0xBF, 0xF0, 0x3F, 0xF0, 0x00, 0xBF, 0xF0, 0x3F, 0xF0, 0x00, 0xBF, 0xF0, 0x3F, 0xF0, 0x00, 0xBF,
    0xF0, 0x3F, 0xF0, 0x00, 0xBF, 0xF0, 0x3F, 0xF0, 0x00, 0xBF, 0xF0, 0x3F, 0xF0, 0x00, 0xBF, 0xF0,
    0x3F, 0xF0, 0x00, 0xBF, 0xF0, 0x00, 0x00, 0x00, 0x00, 0x00, 0x00, 0xBF, 0xFF, 0x00, 0x00, 0x3F,
    0xF8, 0xBF, 0xFF, 0xC0, 0x00, 0x3F, 0xF8, 0xBF, 0xFF, 0xE0, 0x00, 0x3F, 0xF8, 0xBF, 0xFF, 0xF0,
    0x00, 0x3F, 0xF8, 0xBF, 0xFF, 0xF8, 0x00, 0x3F, 0xF8, 0xBF, 0xFF, 0xFC, 0x00, 0x3F, 0xF8, 0xBF,
    0xFF, 0xFE, 0x00, 0x3F, 0xF8, 0xBF, 0xFF, 0xFF, 0x00, 0x3F, 0xF8, 0xBF, 0xF3, 0xFF, 0x80, 0x3F,
    0xF8, 0xBF, 0xF2, 0xFF, 0xC0, 0x3F, 0xF8, 0xBF, 0xF0, 0xFF, 0xF0, 0x3F, 0xF8, 0xBF, 0xF0, 0xBF,
    0xF0, 0x3F, 0xF8, 0xBF, 0xF0, 0x3F, 0xFC, 0x3F, 0xF8, 0xBF, 0xF0, 0x1F, 0xFD, 0x3F, 0xF8, 0xBF,
    0xF0, 0x0F, 0xFF, 0x3F, 0xF8, 0xBF, 0xF0, 0x03, 0xFF, 0xBF, 0xF8, 0xBF, 0xF0, 0x03, 0xFF, 0xFF,
    0xF8, 0xBF, 0xF0, 0x00, 0xFF, 0xFF, 0xF8, 0xBF, 0xF0, 0x00, 0xBF, 0xFF, 0xF8, 0xBF, 0xF0, 0x00,
    0x3F, 0xFF, 0xF8, 0xBF, 0xF0, 0x00, 0x2F, 0xFF, 0xF8, 0xBF, 0xF0, 0x00, 0x0F, 0xFF, 0xF8, 0xBF,
    0xF0, 0x00, 0x0B, 0xFF, 0xF8, 0xBF, 0xF0, 0x00, 0x03, 0xFF, 0xF8, 0x00, 0x00, 0x00, 0x00, 0x00,
    0x00, 0x00, 0x00, 0x08, 0x00, 0x00, 0x00, 0x00, 0x01, 0xFF, 0x80, 0x00, 0x00, 0x00, 0x00, 0xFF,
    0xE0, 0x00, 0x00, 0x00, 0x00, 0x3F, 0xE0, 0x00, 0x00, 0x00, 0x00, 0x3F, 0xE0, 0x00, 0x00, 0x00,
    0x00, 0xBF, 0xD0, 0x00, 0x00, 0x00, 0x0F, 0xFF, 0x80, 0x00, 0x00, 0x00, 0x03, 0xF8, 0x00, 0x00,
    0x00, 0x00, 0x00, 0x0A, 0xA0, 0x00, 0x3F, 0xF0, 0xFF, 0xFE, 0x00, 0x3F, 0xF7, 0xFF, 0xFF, 0x80,
    0x3F, 0xFF, 0xFF, 0xFF, 0xC0, 0x3F, 0xFF, 0xFF, 0xFF, 0xE0, 0x3F, 0xFF, 0x02, 0xFF, 0xE0, 0x3F,
    0xFC, 0x00, 0xFF, 0xF0, 0x3F, 0xF8, 0x00, 0xFF, 0xF0, 0x3F, 0xF8, 0x00, 0xFF, 0xF0, 0x3F, 0xF4,
    0x00, 0xFF, 0xF0, 0x3F, 0xF0, 0x00, 0xBF, 0xF0, 0x3F, 0xF0, 0x00, 0xBF, 0xF0, 0x3F, 0xF0, 0x00,
    0xBF, 0xF0, 0x3F, 0xF0, 0x00, 0xBF, 0xF0, 0x3F, 0xF0, 0x00, 0xBF, 0xF0, 0x3F, 0xF0, 0x00, 0xBF,
    0xF0, 0x3F, 0xF0, 0x00, 0xBF, 0xF0, 0x3F, 0xF0, 0x00, 0xBF, 0xF0, 0x3F, 0xF0, 0x00, 0xBF, 0xF0,
    0x00, 0x00, 0x00, 0x00, 0x00, 0x00, 0x00, 0x20, 0x00, 0x00, 0x00, 0x0B, 0xFD, 0x00, 0x00, 0x00,
    0x07, 0xFF, 0x00, 0x00, 0x00, 0x00, 0xFF, 0x80, 0x00, 0x00, 0x00, 0xFF, 0x80, 0x00, 0x00, 0x03,
    0xFF, 0x00, 0x00, 0x00, 0x3F, 0xFC, 0x00, 0x00, 0x00, 0x0F, 0xA0, 0x00, 0x00, 0x00, 0x2F, 0xF0,
    0x0B, 0xFC, 0x00, 0x00, 0x0F, 0xFC, 0x3F, 0xF0, 0x00, 0x00, 0x02, 0xFF, 0xFF, 0xC0, 0x00, 0x00,
    0x00, 0xBF, 0xFF, 0x00, 0x00, 0x00, 0x00, 0x2F, 0xF8, 0x00, 0x00, 0x00, 0x00, 0x02, 0xE0, 0x00,
    0x00, 0x00, 0x00, 0x00, 0x00, 0x00, 0x00, 0x00, 0x00, 0x00, 0x00, 0x00, 0x00, 0xBF, 0xFF, 0x00,
    0x00, 0x3F, 0xF8, 0xBF, 0xFF, 0xC0, 0x00, 0x3F, 0xF8, 0xBF, 0xFF, 0xE0, 0x00, 0x3F, 0xF8, 0xBF,
    0xFF, 0xF0, 0x00, 0x3F, 0xF8, 0xBF, 0xFF, 0xF8, 0x00, 0x3F, 0xF8, 0xBF, 0xFF, 0xFC, 0x00, 0x3F,
    0xF8, 0xBF, 0xFF, 0xFE, 0x00, 0x3F, 0xF8, 0xBF, 0xFF, 0xFF, 0x00, 0x3F, 0xF8, 0xBF, 0xF3, 0xFF,
    0x80, 0x3F, 0xF8, 0xBF, 0xF2, 0xFF, 0xC0, 0x3F, 0xF8, 0xBF, 0xF0, 0xFF, 0xF0, 0x3F, 0xF8, 0xBF,
    0xF0, 0xBF, 0xF0, 0x3F, 0xF8, 0xBF, 0xF0, 0x3F, 0xFC, 0x3F, 0xF8, 0xBF, 0xF0, 0x1F, 0xFD, 0x3F,
    0xF8, 0xBF, 0xF0, 0x0F, 0xFF, 0x3F, 0xF8, 0xBF, 0xF0, 0x03, 0xFF, 0xBF, 0xF8, 0xBF, 0xF0, 0x03,
    0xFF, 0xFF, 0xF8, 0xBF, 0xF0, 0x00, 0xFF, 0xFF, 0xF8, 0xBF, 0xF0, 0x00, 0xBF, 0xFF, 0xF8, 0xBF,
    0xF0, 0x00, 0x3F, 0xFF, 0xF8, 0xBF, 0xF0, 0x00, 0x2F, 0xFF, 0xF8, 0xBF, 0xF0, 0x00, 0x0F, 0xFF,
    0xF8, 0xBF, 0xF0, 0x00, 0x0B, 0xFF, 0xF8, 0xBF, 0xF0, 0x00, 0x03, 0xFF, 0xF8, 0x00, 0x00, 0x00,
    0x00, 0x00, 0x02, 0xFF, 0x42, 0xFF, 0x80, 0x00, 0xBF, 0xEB, 0xFE, 0x00, 0x00, 0x2F, 0xFF, 0xF8,
    0x00, 0x00, 0x07, 0xFF, 0xC0, 0x00, 0x00, 0x00, 0xFF, 0x00, 0x00, 0x00, 0x00, 0x14, 0x00, 0x00,
    0x00, 0x00, 0x00, 0x00, 0x00, 0x00, 0x00, 0x0A, 0xA0, 0x00, 0x3F, 0xF0, 0xFF, 0xFE, 0x00, 0x3F,
    0xF7, 0xFF, 0xFF, 0x80, 0x3F, 0xFF, 0xFF, 0xFF, 0xC0, 0x3F, 0xFF, 0xFF, 0xFF, 0xE0, 0x3F, 0xFF,
    0x02, 0xFF, 0xE0, 0x3F, 0xFC, 0x00, 0xFF, 0xF0, 0x3F, 0xF8, 0x00, 0xFF, 0xF0, 0x3F, 0xF8, 0x00,
    0xFF, 0xF0, 0x3F, 0xF4, 0x00, 0xFF, 0xF0, 0x3F, 0xF0, 0x00, 0xBF, 0xF0, 0x3F, 0xF0, 0x00, 0xBF,
    0xF0, 0x3F, 0xF0, 0x00, 0xBF, 0xF0, 0x3F, 0xF0, 0x00, 0xBF, 0xF0, 0x3F, 0xF0, 0x00, 0xBF, 0xF0,
    0x3F, 0xF0, 0x00, 0xBF, 0xF0, 0x3F, 0xF0, 0x00, 0xBF, 0xF0, 0x3F, 0xF0, 0x00, 0xBF, 0xF0, 0x3F,
    0xF0, 0x00, 0xBF, 0xF0, 0x00, 0x00, 0x02, 0x80, 0x0A, 0x00, 0x00, 0x00, 0x00, 0x0F, 0xF0, 0x3F,
    0xC0, 0x00, 0x00, 0x00, 0x3F, 0xF0, 0xBF, 0xC0, 0x00, 0x00, 0x00, 0xBF, 0xF1, 0xFF, 0xC0, 0x00,
    0x00, 0x02, 0xFF, 0x83, 0xFF, 0x00, 0x00, 0x00, 0x03, 0xFE, 0x0F, 0xF8, 0x00, 0x00, 0x00, 0x00,
    0x00, 0x00, 0x00, 0x00, 0x00, 0x00, 0x00, 0x00, 0x00, 0x00, 0x00, 0x00, 0x00, 0x00, 0x0A, 0xA9,
    0x00, 0x00, 0x00, 0x00, 0x02, 0xFF, 0xFF, 0xF8, 0x00, 0x00, 0x00, 0x2F, 0xFF, 0xFF, 0xFF, 0x00,
    0x00, 0x00, 0xFF, 0xFF, 0xFF, 0xFF, 0xE0, 0x00, 0x03, 0xFF, 0xFF, 0xFF, 0xFF, 0xF8, 0x00, 0x0B,
    0xFF, 0xF8, 0x0B, 0xFF, 0xFC, 0x00, 0x1F, 0xFF, 0xC0, 0x00, 0xBF, 0xFF, 0x00, 0x3F, 0xFF, 0x00,
    0x00, 0x2F, 0xFF, 0x00, 0x3F, 0xFD, 0x00, 0x00, 0x0F, 0xFF, 0x80, 0xBF, 0xFC, 0x00, 0x00, 0x0B,
    0xFF, 0xC0, 0xBF, 0xF8, 0x00, 0x00, 0x03, 0xFF, 0xC0, 0xBF, 0xF8, 0x00, 0x00, 0x03, 0xFF, 0xC0,
    0xFF, 0xF4, 0x00, 0x00, 0x03, 0xFF, 0xC0, 0xFF, 0xF4, 0x00, 0x00, 0x03, 0xFF, 0xC0, 0xBF, 0xF8,
    0x00, 0x00, 0x03, 0xFF, 0xC0, 0xBF, 0xF8, 0x00, 0x00, 0x03, 0xFF, 0xC0, 0x7F, 0xFC, 0x00, 0x00,
    0x0B, 0xFF, 0xC0, 0x3F, 0xFE, 0x00, 0x00, 0x0F, 0xFF, 0x80, 0x2F, 0xFF, 0x00, 0x00, 0x3F, 0xFF,
    0x00, 0x0F, 0xFF, 0xE0, 0x00, 0xFF, 0xFE, 0x00, 0x0B, 0xFF, 0xFE, 0xAF, 0xFF, 0xFC, 0x00, 0x02,
    0xFF, 0xFF, 0xFF, 0xFF, 0xF0, 0x00, 0x00, 0xBF, 0xFF, 0xFF, 0xFF, 0xC0, 0x00, 0x00, 0x0F, 0xFF,
    0xFF, 0xFE, 0x00, 0x00, 0x00, 0x00, 0xBF, 0xFF, 0xE0, 0x00, 0x00, 0x00, 0x00, 0x00, 0x00, 0x00,
    0x00, 0x00, 0x00, 0x00, 0x00, 0x00, 0x10, 0x00, 0x00, 0xBF, 0x01, 0xFC, 0x00, 0x02, 0xFF, 0x03,
    0xFE, 0x00, 0x03, 0xFF, 0x0F, 0xFC, 0x00, 0x0F, 0xFC, 0x3F, 0xF8, 0x00, 0x3F, 0xF0, 0xBF, 0xC0,
    0x00, 0x00, 0x00, 0x00, 0x00, 0x00, 0x00, 0x00, 0x00, 0x00, 0x00, 0x00, 0x6A, 0x40, 0x00, 0x00,
    0x2F, 0xFF, 0xFC, 0x00, 0x00, 0xFF, 0xFF, 0xFF, 0x80, 0x03, 0xFF, 0xFF, 0xFF, 0xE0, 0x0F, 0xFF,
    0xFF, 0xFF, 0xF8, 0x0F, 0xFF, 0x40, 0xBF, 0xFC, 0x3F, 0xFC, 0x00, 0x2F, 0xFD, 0x3F, 0xFC, 0x00,
    0x0F, 0xFE, 0x3F, 0xF8, 0x00, 0x0F, 0xFE, 0x3F, 0xF8, 0x00, 0x0F, 0xFF, 0x3F, 0xF8, 0x00, 0x0F,
    0xFF, 0x3F, 0xF8, 0x00, 0x0F, 0xFE, 0x3F, 0xFC, 0x00, 0x0F, 0xFE, 0x2F, 0xFE, 0x00, 0x3F, 0xFC,
    0x0F, 0xFF, 0x80, 0xFF, 0xFC, 0x0B, 0xFF, 0xFF, 0xFF, 0xF0, 0x03, 0xFF, 0xFF, 0xFF, 0xE0, 0x00,
    0xBF, 0xFF, 0xFF, 0x40, 0x00, 0x0B, 0xFF, 0xF8, 0x00, 0x00, 0x00, 0x00, 0x00, 0x00, 0x00, 0x00,
    0x0A, 0xA9, 0x00, 0x00, 0x00, 0x00, 0x00, 0x00, 0x00, 0x02, 0xFF, 0xFF, 0xFB, 0xFF, 0xFF, 0xFF,
    0xFF, 0x80, 0x00, 0x2F, 0xFF, 0xFF, 0xFF, 0xFF, 0xFF, 0xFF, 0xFF, 0x80, 0x00, 0xFF, 0xFF, 0xFF,
    0xFF, 0xFF, 0xFF, 0xFF, 0xFF, 0x80, 0x03, 0xFF, 0xFF, 0xFF, 0xFF, 0xFF, 0xFF, 0xFF, 0xFF, 0x80,
    0x0B, 0xFF, 0xF8, 0x0B, 0xFF, 0xFF, 0xFF, 0xFF, 0xFF, 0x80, 0x1F, 0xFF, 0xC0, 0x00, 0xBF, 0xFE,
    0x00, 0x00, 0x00, 0x00, 0x3F, 0xFF, 0x00, 0x00, 0x2F, 0xFE, 0x00, 0x00, 0x00, 0x00, 0x3F, 0xFD,
    0x00, 0x00, 0x0F, 0xFE, 0x00, 0x00, 0x00, 0x00, 0xBF, 0xFC, 0x00, 0x00, 0x0B, 0xFE, 0x00, 0x00,
    0x00, 0x00, 0xBF, 0xF8, 0x00, 0x00, 0x03, 0xFF, 0xFF, 0xFE, 0x00, 0x00, 0xBF, 0xF8, 0x00, 0x00,
    0x03, 0xFF, 0xFF, 0xFE, 0x00, 0x00, 0xFF, 0xF4, 0x00, 0x00, 0x03, 0xFF, 0xFF, 0xFE, 0x00, 0x00,
    0xFF, 0xF4, 0x00, 0x00, 0x03, 0xFF, 0xFF, 0xFE, 0x00, 0x00, 0xBF, 0xF8, 0x00, 0x00, 0x03, 0xFF,
    0xFF, 0xFE, 0x00, 0x00, 0xBF, 0xF8, 0x00, 0x00, 0x03, 0xFE, 0x00, 0x00, 0x00, 0x00, 0x7F, 0xFC,
    0x00, 0x00, 0x0B, 0xFE, 0x00, 0x00, 0x00, 0x00, 0x3F, 0xFE, 0x00, 0x00, 0x0F, 0xFE, 0x00, 0x00,
    0x00, 0x00, 0x2F, 0xFF, 0x00, 0x00, 0x3F, 0xFE, 0x00, 0x00, 0x00, 0x00, 0x0F, 0xFF, 0xE0, 0x00,
    0xFF, 0xFF, 0x00, 0x00, 0x00, 0x00, 0x0B, 0xFF, 0xFE, 0xAF, 0xFF, 0xFF, 0xFF, 0xFF, 0xFF, 0x80,
    0x02, 0xFF, 0xFF, 0xFF, 0xFF, 0xFF, 0xFF, 0xFF, 0xFF, 0x80, 0x00, 0xBF, 0xFF, 0xFF, 0xFF, 0xFF,
    0xFF, 0xFF, 0xFF, 0x80, 0x00, 0x0F, 0xFF, 0xFF, 0xFF, 0xFF, 0xFF, 0xFF, 0xFF, 0x80, 0x00, 0x00,
    0xBF, 0xFF, 0xE3, 0xFF, 0xFF, 0xFF, 0xFF, 0x80, 0x00, 0x00, 0x00, 0x00, 0x00, 0x00, 0x00, 0x00,
    0x00, 0x00, 0x00, 0x00, 0x6A, 0x40, 0x00, 0x0A, 0x90, 0x00, 0x00, 0x00, 0x2F, 0xFF, 0xFC, 0x02,
    0xFF, 0xFF, 0x40, 0x00, 0x00, 0xFF, 0xFF, 0xFF, 0xAF, 0xFF, 0xFF, 0xE0, 0x00, 0x03, 0xFF, 0xFF,
    0xFF, 0xFF, 0xFF, 0xFF, 0xFC, 0x00, 0x0F, 0xFF, 0xFF, 0xFF, 0xFF, 0xFE, 0xFF, 0xFE, 0x00, 0x0F,
    0xFF, 0x40, 0xBF, 0xFF, 0xD0, 0x0B, 0xFF, 0x00, 0x3F, 0xFC, 0x00, 0x2F, 0xFF, 0x40, 0x02, 0xFF,
    0x40, 0x3F, 0xFC, 0x00, 0x0F, 0xFF, 0x00, 0x02, 0xFF, 0x80, 0x3F, 0xF8, 0x00, 0x0F, 0xFF, 0xFF,
    0xFF, 0xFF, 0xC0, 0x3F, 0xF8, 0x00, 0x0F, 0xFF, 0xFF, 0xFF, 0xFF, 0xC0, 0x3F, 0xF8, 0x00, 0x0F,
    0xFF, 0xFF, 0xFF, 0xFF, 0xC0, 0x3F, 0xF8, 0x00, 0x0F, 0xFF, 0x55, 0x55, 0x55, 0x40, 0x3F, 0xFC,
    0x00, 0x0F, 0xFF, 0x00, 0x00, 0x00, 0x00, 0x2F, 0xFE, 0x00, 0x3F, 0xFF, 0x80, 0x00, 0x00, 0x00,
    0x0F, 0xFF, 0x80, 0xFF, 0xFF, 0xF0, 0x0F, 0xE0, 0x00, 0x0B, 0xFF, 0xFF, 0xFF, 0xFF, 0xFF, 0xFF,
    0xFE, 0x00, 0x03, 0xFF, 0xFF, 0xFF, 0xFF, 0xFF, 0xFF, 0xFC, 0x00, 0x00, 0xBF, 0xFF, 0xFF, 0x9F,
    0xFF, 0xFF, 0xE0, 0x00, 0x00, 0x0B, 0xFF, 0xF8, 0x02, 0xFF, 0xFE, 0x00, 0x00, 0x00, 0x00, 0x00,
    0x00, 0x00, 0x00, 0x00, 0x00, 0x00, 0x00, 0x00, 0x00, 0x00, 0x00, 0x00, 0x00, 0x00, 0x00, 0xFC,
    0x00, 0x00, 0x00, 0x00, 0x03, 0xFD, 0x00, 0x00, 0x00, 0x00, 0x0F, 0xFD, 0x00, 0x00, 0x00, 0x00,
    0x3F, 0xFC, 0x00, 0x00, 0x00, 0x00, 0xBF, 0xE0, 0x00, 0x00, 0x00, 0x00, 0xAA, 0x00, 0x00, 0x00,
    0x00, 0x00, 0x00, 0x00, 0x00, 0x00, 0x00, 0x00, 0x00, 0x00, 0x00, 0x00, 0xBF, 0xFF, 0xFF, 0xFE,
    0x00, 0x00, 0xBF, 0xFF, 0xFF, 0xFF, 0xF0, 0x00, 0xBF, 0xFF, 0xFF, 0xFF, 0xFC, 0x00, 0xBF, 0xFF,
    0xFF, 0xFF, 0xFF, 0x00, 0xBF, 0xFE, 0xAB, 0xFF, 0xFF, 0x40, 0xBF, 0xF0, 0x00, 0x1F, 0xFF, 0x80,
    0xBF, 0xF0, 0x00, 0x0B, 0xFF, 0x80, 0xBF, 0xF0, 0x00, 0x0B, 0xFF, 0xC0, 0xBF, 0xF0, 0x00, 0x0B,
    0xFF, 0x80, 0xBF, 0xF8, 0x00, 0x7F, 0xFF, 0x80, 0xBF, 0xFF, 0xFF, 0xFF, 0xFF, 0x00, 0xBF, 0xFF,
    0xFF, 0xFF, 0xFE, 0x00, 0xBF, 0xFF, 0xFF, 0xFF, 0xF8, 0x00, 0xBF, 0xFF, 0xFF, 0xFF, 0x80, 0x00,
    0xBF, 0xFF, 0xFF, 0xFE, 0x00, 0x00, 0xBF, 0xF0, 0x3F, 0xFF, 0x00, 0x00, 0xBF, 0xF0, 0x0F, 0xFF,
    0xC0, 0x00, 0xBF, 0xF0, 0x07, 0xFF, 0xE0, 0x00, 0xBF, 0xF0, 0x02, 0xFF, 0xF0, 0x00, 0xBF, 0xF0,
    0x00, 0xFF, 0xFC, 0x00, 0xBF, 0xF0, 0x00, 0x3F, 0xFE, 0x00, 0xBF, 0xF0, 0x00, 0x2F, 0xFF, 0x40,
    0xBF, 0xF0, 0x00, 0x0F, 0xFF, 0xC0, 0xBF, 0xF0, 0x00, 0x03, 0xFF, 0xF0, 0x00, 0x00, 0x00, 0x00,
    0x00, 0x00, 0xFE, 0x00, 0x00, 0x02, 0xFF, 0x00, 0x00, 0x0B, 0xFF, 0x00, 0x00, 0x0F, 0xFC, 0x00,
    0x00, 0x3F, 0xE0, 0x00, 0x00, 0x00, 0x00, 0x00, 0x00, 0x00, 0x00, 0x00, 0x00, 0x00, 0x0A, 0x00,
    0x3F, 0xD0, 0xFF, 0x00, 0x3F, 0xE3, 0xFF, 0x00, 0x3F, 0xFB, 0xFF, 0x00, 0x3F, 0xFF, 0xFF, 0x00,
    0x3F, 0xFF, 0xFF, 0x00, 0x3F, 0xFF, 0x00, 0x00, 0x3F, 0xFC, 0x00, 0x00, 0x3F, 0xF8, 0x00, 0x00,
    0x3F, 0xF4, 0x00, 0x00, 0x3F, 0xF0, 0x00, 0x00, 0x3F, 0xF0, 0x00, 0x00, 0x3F, 0xF0, 0x00, 0x00,
    0x3F, 0xF0, 0x00, 0x00, 0x3F, 0xF0, 0x00, 0x00, 0x3F, 0xF0, 0x00, 0x00, 0x3F, 0xF0, 0x00, 0x00,
    0x3F, 0xF0, 0x00, 0x00, 0x3F, 0xF0, 0x00, 0x00, 0x02, 0xFF, 0x00, 0xBF, 0x80, 0x00, 0x00, 0xFF,
    0xC3, 0xFF, 0x00, 0x00, 0x00, 0x3F, 0xFF, 0xFC, 0x00, 0x00, 0x00, 0x0B, 0xFF, 0xE0, 0x00, 0x00,
    0x00, 0x02, 0xFF, 0x80, 0x00, 0x00, 0x00, 0x00, 0x6E, 0x00, 0x00, 0x00, 0x00, 0x00, 0x00, 0x00,
    0x00, 0x00, 0x00, 0x00, 0x00, 0x00, 0x00, 0x00, 0xBF, 0xFF, 0xFF, 0xFE, 0x00, 0x00, 0xBF, 0xFF,
    0xFF, 0xFF, 0xF0, 0x00, 0xBF, 0xFF, 0xFF, 0xFF, 0xFC, 0x00, 0xBF, 0xFF, 0xFF, 0xFF, 0xFF, 0x00,
    0xBF, 0xFE, 0xAB, 0xFF, 0xFF, 0x40, 0xBF, 0xF0, 0x00, 0x1F, 0xFF, 0x80, 0xBF, 0xF0, 0x00, 0x0B,
    0xFF, 0x80, 0xBF, 0xF0, 0x00, 0x0B, 0xFF, 0xC0, 0xBF, 0xF0, 0x00, 0x0B, 0xFF, 0x80, 0xBF, 0xF8,
    0x00, 0x7F, 0xFF, 0x80, 0xBF, 0xFF, 0xFF, 0xFF, 0xFF, 0x00, 0xBF, 0xFF, 0xFF, 0xFF, 0xFE, 0x00,
    0xBF, 0xFF, 0xFF, 0xFF, 0xF8, 0x00, 0xBF, 0xFF, 0xFF, 0xFF, 0x80, 0x00, 0xBF, 0xFF, 0xFF, 0xFE,
    0x00, 0x00, 0xBF, 0xF0, 0x3F, 0xFF, 0x00, 0x00, 0xBF, 0xF0, 0x0F, 0xFF, 0xC0, 0x00, 0xBF, 0xF0,
    0x07, 0xFF, 0xE0, 0x00, 0xBF, 0xF0, 0x02, 0xFF, 0xF0, 0x00, 0xBF, 0xF0, 0x00, 0xFF, 0xFC, 0x00,
    0xBF, 0xF0, 0x00, 0x3F, 0xFE, 0x00, 0xBF, 0xF0, 0x00, 0x2F, 0xFF, 0x40, 0xBF, 0xF0, 0x00, 0x0F,
    0xFF, 0xC0, 0xBF, 0xF0, 0x00, 0x03, 0xFF, 0xF0, 0x00, 0x00, 0x00, 0x00, 0x2F, 0xF4, 0x2F, 0xF8,
    0x0B, 0xFE, 0xBF, 0xE0, 0x02, 0xFF, 0xFF, 0x40, 0x00, 0x7F, 0xFC, 0x00, 0x00, 0x0F, 0xF0, 0x00,
    0x00, 0x01, 0x40, 0x00, 0x00, 0x00, 0x00, 0x00, 0x00, 0x00, 0x02, 0x80, 0x0F, 0xF4, 0x3F, 0xC0,
    0x0F, 0xF8, 0xFF, 0xC0, 0x0F, 0xFE, 0xFF, 0xC0, 0x0F, 0xFF, 0xFF, 0xC0, 0x0F, 0xFF, 0xFF, 0xC0,
    0x0F, 0xFF, 0xC0, 0x00, 0x0F, 0xFF, 0x00, 0x00, 0x0F, 0xFE, 0x00, 0x00, 0x0F, 0xFD, 0x00, 0x00,
    0x0F, 0xFC, 0x00, 0x00, 0x0F, 0xFC, 0x00, 0x00, 0x0F, 0xFC, 0x00, 0x00, 0x0F, 0xFC, 0x00, 0x00,
    0x0F, 0xFC, 0x00, 0x00, 0x0F, 0xFC, 0x00, 0x00, 0x0F, 0xFC, 0x00, 0x00, 0x0F, 0xFC, 0x00, 0x00,
    0x0F, 0xFC, 0x00, 0x00, 0x00, 0x00, 0x00, 0x00, 0x00, 0x00, 0x00, 0x00, 0x00, 0x3E, 0x00, 0x00,
    0x00, 0x00, 0x00, 0xFF, 0x00, 0x00, 0x00, 0x00, 0x03, 0xFF, 0x00, 0x00, 0x00, 0x00, 0x0F, 0xFF,
    0x00, 0x00, 0x00, 0x00, 0x3F, 0xF8, 0x00, 0x00, 0x00, 0x00, 0x2A, 0x80, 0x00, 0x00, 0x00, 0x00,
    0x00, 0x00, 0x00, 0x00, 0x00, 0x00, 0xAA, 0xA0, 0x00, 0x00, 0x00, 0x2F, 0xFF, 0xFF, 0x80, 0x00,
    0x01, 0xFF, 0xFF, 0xFF, 0xF0, 0x00, 0x0B, 0xFF, 0xFF, 0xFF, 0xFC, 0x00, 0x0F, 0xFF, 0xFF, 0xFF,
    0xFF, 0x00, 0x2F, 0xFF, 0x80, 0x2F, 0xFF, 0x00, 0x3F, 0xFC, 0x00, 0x0B, 0xF4, 0x00, 0x3F, 0xFC,
    0x00, 0x02, 0x00, 0x00, 0x3F, 0xFE, 0x00, 0x00, 0x00, 0x00, 0x3F, 0xFF, 0xE0, 0x00, 0x00, 0x00,
    0x2F, 0xFF, 0xFF, 0xE0, 0x00, 0x00, 0x0F, 0xFF, 0xFF, 0xFF, 0xC0, 0x00, 0x03, 0xFF, 0xFF, 0xFF,
    0xFC, 0x00, 0x00, 0x7F, 0xFF, 0xFF, 0xFF, 0x00, 0x00, 0x02, 0xBF, 0xFF, 0xFF, 0xC0, 0x00, 0x00,
    0x00, 0xBF, 0xFF, 0xC0, 0x00, 0x00, 0x00, 0x0B, 0xFF, 0xE0, 0x00, 0x20, 0x00, 0x02, 0xFF, 0xE0,
    0x0B, 0xFC, 0x00, 0x02, 0xFF, 0xD0, 0x3F, 0xFE, 0x00, 0x03, 0xFF, 0xC0, 0x2F, 0xFF, 0xEA, 0xAF,
    0xFF, 0xC0, 0x0F, 0xFF, 0xFF, 0xFF, 0xFF, 0x00, 0x03, 0xFF, 0xFF, 0xFF, 0xFC, 0x00, 0x00, 0xBF,
    0xFF, 0xFF, 0xF0, 0x00, 0x00, 0x0B, 0xFF, 0xFE, 0x00, 0x00, 0x00, 0x00, 0x00, 0x00, 0x00, 0x00,
    0x00, 0x00, 0x00, 0x40, 0x00, 0x00, 0x00, 0x03, 0xF4, 0x00, 0x00, 0x00, 0x0F, 0xF8, 0x00, 0x00,
    0x00, 0x3F, 0xF8, 0x00, 0x00, 0x00, 0xBF, 0xE0, 0x00, 0x00, 0x01, 0xFF, 0x80, 0x00, 0x00, 0x00,
    0x00, 0x00, 0x00, 0x00, 0x00, 0x00, 0x00, 0x00, 0x00, 0x02, 0xA9, 0x00, 0x00, 0x00, 0xBF, 0xFF,
    0xF8, 0x00, 0x03, 0xFF, 0xFF, 0xFF, 0x00, 0x0F, 0xFF, 0xFF, 0xFF, 0xC0, 0x2F, 0xFF, 0xAF, 0xFF,
    0xC0, 0x3F, 0xF8, 0x00, 0xF8, 0x00, 0x3F, 0xFC, 0x00, 0x00, 0x00, 0x2F, 0xFF, 0xE4, 0x00, 0x00,
    0x0F, 0xFF, 0xFF, 0xF8, 0x00, 0x0B, 0xFF, 0xFF, 0xFF, 0x80, 0x00, 0xFF, 0xFF, 0xFF, 0xE0, 0x00,
    0x0A, 0xFF, 0xFF, 0xF0, 0x00, 0x00, 0x02, 0xFF, 0xF0, 0x01, 0xB0, 0x00, 0x3F, 0xF0, 0x2F, 0xF8,
    0x00, 0xBF, 0xF0, 0x3F, 0xFF, 0xFF, 0xFF, 0xF0, 0x0F, 0xFF, 0xFF, 0xFF, 0xC0, 0x03, 0xFF, 0xFF,
    0xFF, 0x00, 0x00, 0x6F, 0xFF, 0xF8, 0x00, 0x00, 0x00, 0x00, 0x00, 0x00, 0x00, 0x00, 0xAA, 0xA0,
    0x00, 0x00, 0x00, 0x2F, 0xFF, 0xFF, 0x80, 0x00, 0x01, 0xFF, 0xFF, 0xFF, 0xF0, 0x00, 0x0B, 0xFF,
    0xFF, 0xFF, 0xFC, 0x00, 0x0F, 0xFF, 0xFF, 0xFF, 0xFF, 0x00, 0x2F, 0xFF, 0x80, 0x2F, 0xFF, 0x00,
    0x3F, 0xFC, 0x00, 0x0B, 0xF4, 0x00, 0x3F, 0xFC, 0x00, 0x02, 0x00, 0x00, 0x3F, 0xFE, 0x00, 0x00,
    0x00, 0x00, 0x3F, 0xFF, 0xE0, 0x00, 0x00, 0x00, 0x2F, 0xFF, 0xFF, 0xE0, 0x00, 0x00, 0x0F, 0xFF,
    0xFF, 0xFF, 0xC0, 0x00, 0x03, 0xFF, 0xFF, 0xFF, 0xFC, 0x00, 0x00, 0x7F, 0xFF, 0xFF, 0xFF, 0x00,
    0x00, 0x02, 0xBF, 0xFF, 0xFF, 0xC0, 0x00, 0x00, 0x00, 0xBF, 0xFF, 0xC0, 0x00, 0x00, 0x00, 0x0B,
    0xFF, 0xE0, 0x00, 0x20, 0x00, 0x02, 0xFF, 0xE0, 0x0B, 0xFC, 0x00, 0x02, 0xFF, 0xD0, 0x3F, 0xFE,
    0x00, 0x03, 0xFF, 0xC0, 0x2F, 0xFF, 0xEA, 0xAF, 0xFF, 0xC0, 0x0F, 0xFF, 0xFF, 0xFF, 0xFF, 0x00,
    0x03, 0xFF, 0xFF, 0xFF, 0xFC, 0x00, 0x00, 0xBF, 0xFF, 0xFF, 0xF0, 0x00, 0x00, 0x0B, 0xFF, 0xFE,
    0x00, 0x00, 0x00, 0x00, 0x2F, 0x40, 0x00, 0x00, 0x00, 0x00, 0x3F, 0xA0, 0x00, 0x00, 0x00, 0x00,
    0x3F, 0xFD, 0x00, 0x00, 0x00, 0x00, 0x00, 0xFE, 0x00, 0x00, 0x00, 0x00, 0xA2, 0xFE, 0x00, 0x00,
    0x00, 0x00, 0xFF, 0xFC, 0x00, 0x00, 0x00, 0x00, 0x2A, 0x80, 0x00, 0x00, 0x00, 0x02, 0xA9, 0x00,
    0x00, 0x00, 0xBF, 0xFF, 0xF8, 0x00, 0x03, 0xFF, 0xFF, 0xFF, 0x00, 0x0F, 0xFF, 0xFF, 0xFF, 0xC0,
    0x2F, 0xFF, 0xAF, 0xFF, 0xC0, 0x3F, 0xF8, 0x00, 0xF8, 0x00, 0x3F, 0xFC, 0x00, 0x00, 0x00, 0x2F,
    0xFF, 0xE4, 0x00, 0x00, 0x0F, 0xFF, 0xFF, 0xF8, 0x00, 0x0B, 0xFF, 0xFF, 0xFF, 0x80, 0x00, 0xFF,
    0xFF, 0xFF, 0xE0, 0x00, 0x0A, 0xFF, 0xFF, 0xF0, 0x00, 0x00, 0x02, 0xFF, 0xF0, 0x01, 0xB0, 0x00,
    0x3F, 0xF0, 0x2F, 0xF8, 0x00, 0xBF, 0xF0, 0x3F, 0xFF, 0xFF, 0xFF, 0xF0, 0x0F, 0xFF, 0xFF, 0xFF,
    0xC0, 0x03, 0xFF, 0xFF, 0xFF, 0x00, 0x00, 0x6F, 0xFF, 0xF8, 0x00, 0x00, 0x02, 0xF0, 0x00, 0x00,
    0x00, 0x03, 0xFA, 0x00, 0x00, 0x00, 0x03, 0xFF, 0xC0, 0x00, 0x00, 0x00, 0x0F, 0xE0, 0x00, 0x00,
    0x0A, 0x2F, 0xD0, 0x00, 0x00, 0x0F, 0xFF, 0xC0, 0x00, 0x00, 0x06, 0xA8, 0x00, 0x00, 0x00, 0xBF,
    0x80, 0x3F, 0xE0, 0x00, 0x00, 0x3F, 0xF0, 0xFF, 0xC0, 0x00, 0x00, 0x0F, 0xFF, 0xFE, 0x00, 0x00,
    0x00, 0x03, 0xFF, 0xF8, 0x00, 0x00, 0x00, 0x00, 0xBF, 0xE0, 0x00, 0x00, 0x00, 0x00, 0x2E, 0x40,
    0x00, 0x00, 0x00, 0x00, 0x00, 0x00, 0x00, 0x00, 0x00, 0x00, 0xAA, 0xA0, 0x00, 0x00, 0x00, 0x2F,
    0xFF, 0xFF, 0x80, 0x00, 0x01, 0xFF, 0xFF, 0xFF, 0xF0, 0x00, 0x0B, 0xFF, 0xFF, 0xFF, 0xFC, 0x00,
    0x0F, 0xFF, 0xFF, 0xFF, 0xFF, 0x00, 0x2F, 0xFF, 0x80, 0x2F, 0xFF, 0x00, 0x3F, 0xFC, 0x00, 0x0B,
    0xF4, 0x00, 0x3F, 0xFC, 0x00, 0x02, 0x00, 0x00, 0x3F, 0xFE, 0x00, 0x00, 0x00, 0x00, 0x3F, 0xFF,
    0xE0, 0x00, 0x00, 0x00, 0x2F, 0xFF, 0xFF, 0xE0, 0x00, 0x00, 0x0F, 0xFF, 0xFF, 0xFF, 0xC0, 0x00,
    0x03, 0xFF, 0xFF, 0xFF, 0xFC, 0x00, 0x00, 0x7F, 0xFF, 0xFF, 0xFF, 0x00, 0x00, 0x02, 0xBF, 0xFF,
    0xFF, 0xC0, 0x00, 0x00, 0x00, 0xBF, 0xFF, 0xC0, 0x00, 0x00, 0x00, 0x0B, 0xFF, 0xE0, 0x00, 0x20,
    0x00, 0x02, 0xFF, 0xE0, 0x0B, 0xFC, 0x00, 0x02, 0xFF, 0xD0, 0x3F, 0xFE, 0x00, 0x03, 0xFF, 0xC0,
    0x2F, 0xFF, 0xEA, 0xAF, 0xFF, 0xC0, 0x0F, 0xFF, 0xFF, 0xFF, 0xFF, 0x00, 0x03, 0xFF, 0xFF, 0xFF,
    0xFC, 0x00, 0x00, 0xBF, 0xFF, 0xFF, 0xF0, 0x00, 0x00, 0x0B, 0xFF, 0xFE, 0x00, 0x00, 0x00, 0x00,
    0x00, 0x00, 0x00, 0x00, 0x00, 0x00, 0x00, 0x00, 0x00, 0x03, 0xFF, 0x02, 0xFF, 0x00, 0x00, 0xFF,
    0xCF, 0xFC, 0x00, 0x00, 0x3F, 0xFF, 0xF0, 0x00, 0x00, 0x0B, 0xFF, 0xC0, 0x00, 0x00, 0x02, 0xFF,
    0x00, 0x00, 0x00, 0x00, 0x20, 0x00, 0x00, 0x00, 0x00, 0x00, 0x00, 0x00, 0x00, 0x02, 0xA9, 0x00,
    0x00, 0x00, 0xBF, 0xFF, 0xF8, 0x00, 0x03, 0xFF, 0xFF, 0xFF, 0x00, 0x0F, 0xFF, 0xFF, 0xFF, 0xC0,
    0x2F, 0xFF, 0xAF, 0xFF, 0xC0, 0x3F, 0xF8, 0x00, 0xF8, 0x00, 0x3F, 0xFC, 0x00, 0x00, 0x00, 0x2F,
    0xFF, 0xE4, 0x00, 0x00, 0x0F, 0xFF, 0xFF, 0xF8, 0x00, 0x0B, 0xFF, 0xFF, 0xFF, 0x80, 0x00, 0xFF,
    0xFF, 0xFF, 0xE0, 0x00, 0x0A, 0xFF, 0xFF, 0xF0, 0x00, 0x00, 0x02, 0xFF, 0xF0, 0x01, 0xB0, 0x00,
    0x3F, 0xF0, 0x2F, 0xF8, 0x00, 0xBF, 0xF0, 0x3F, 0xFF, 0xFF, 0xFF, 0xF0, 0x0F, 0xFF, 0xFF, 0xFF,
    0xC0, 0x03, 0xFF, 0xFF, 0xFF, 0x00, 0x00, 0x6F, 0xFF, 0xF8, 0x00, 0x00, 0x00, 0x00, 0x00, 0x00,
    0x00, 0x00, 0x00, 0x00, 0x00, 0x00, 0xBF, 0xFF, 0xFF, 0xFF, 0xFF, 0xE0, 0xBF, 0xFF, 0xFF, 0xFF,
    0xFF, 0xE0, 0xBF, 0xFF, 0xFF, 0xFF, 0xFF, 0xE0, 0xBF, 0xFF, 0xFF, 0xFF, 0xFF, 0xE0, 0xBF, 0xFF,
    0xFF, 0xFF, 0xFF, 0xE0, 0x00, 0x00, 0xFF, 0xF0, 0x00, 0x00, 0x00, 0x00, 0xFF, 0xF0, 0x00, 0x00,
    0x00, 0x00, 0xFF, 0xF0, 0x00, 0x00, 0x00, 0x00, 0xFF, 0xF0, 0x00, 0x00, 0x00, 0x00, 0xFF, 0xF0,
    0x00, 0x00, 0x00, 0x00, 0xFF, 0xF0, 0x00, 0x00, 0x00, 0x00, 0xFF, 0xF0, 0x00, 0x00, 0x00, 0x00,
    0xFF, 0xF0, 0x00, 0x00, 0x00, 0x00, 0xFF, 0xF0, 0x00, 0x00, 0x00, 0x00, 0xFF, 0xF0, 0x00, 0x00,
    0x00, 0x00, 0xFF, 0xF0, 0x00, 0x00, 0x00, 0x00, 0xFF, 0xF0, 0x00, 0x00, 0x00, 0x00, 0xFF, 0xF0,
    0x00, 0x00, 0x00, 0x00, 0xFF, 0xF0, 0x00, 0x00, 0x00, 0x00, 0xFF, 0xF0, 0x00, 0x00, 0x00, 0x00,
    0xFF, 0xF0, 0x00, 0x00, 0x00, 0x00, 0xFF, 0xF0, 0x00, 0x00, 0x00, 0x00, 0xFF, 0xF0, 0x00, 0x00,
    0x00, 0x00, 0xFF, 0xF0, 0x00, 0x00, 0x00, 0x00, 0x00, 0x00, 0x00, 0x00, 0x00, 0x00, 0x06, 0x00,
    0x00, 0x00, 0x00, 0x00, 0xBF, 0xC0, 0x00, 0x00, 0x00, 0x00, 0xBF, 0xF0, 0x00, 0x00, 0x00, 0x00,
    0x0F, 0xF0, 0x00, 0x00, 0x00, 0x00, 0x0F, 0xF0, 0x00, 0x00, 0x00, 0x00, 0x3F, 0xF0, 0x00, 0x00,
    0x00, 0x0B, 0xFF, 0xC0, 0x00, 0x00, 0x00, 0x02, 0xF9, 0x00, 0x00, 0x00, 0x00, 0xAA, 0x80, 0x00,
    0x02, 0xFF, 0xC0, 0x00, 0x02, 0xFF, 0xC0, 0x00, 0x02, 0xFF, 0xC0, 0x00, 0x02, 0xFF, 0xC0, 0x00,
    0xBF, 0xFF, 0xFF, 0xC0, 0xBF, 0xFF, 0xFF, 0xC0, 0xBF, 0xFF, 0xFF, 0xC0, 0xBF, 0xFF, 0xFF, 0xC0,
    0x02, 0xFF, 0xC0, 0x00, 0x02, 0xFF, 0xC0, 0x00, 0x02, 0xFF, 0xC0, 0x00, 0x02, 0xFF, 0xC0, 0x00,
    0x02, 0xFF, 0xC0, 0x00, 0x02, 0xFF, 0xC0, 0x00, 0x02, 0xFF, 0xC0, 0x00, 0x02, 0xFF, 0xC0, 0x00,
    0x02, 0xFF, 0xC0, 0x00, 0x02, 0xFF, 0xFE, 0x80, 0x02, 0xFF, 0xFF, 0xC0, 0x00, 0xFF, 0xFF, 0xC0,
    0x00, 0xFF, 0xFF, 0xC0, 0x00, 0x2B, 0xFF, 0xC0, 0x00, 0x00, 0x00, 0x00, 0x00, 0x00, 0x80, 0x00,
    0x00, 0x1F, 0xF8, 0x00, 0x00, 0x0F, 0xFE, 0x00, 0x00, 0x03, 0xFF, 0x00, 0x00, 0x03, 0xFF, 0x00,
    0x00, 0x0B, 0xFD, 0x00, 0x00, 0xFF, 0xF8, 0x00, 0x00, 0x3F, 0x80, 0x00, 0x00, 0xBF, 0xC0, 0x2F,
    0xE0, 0x00, 0x00, 0x3F, 0xF0, 0xFF, 0xC0, 0x00, 0x00, 0x0B, 0xFF, 0xFF, 0x00, 0x00, 0x00, 0x02,
    0xFF, 0xFC, 0x00, 0x00, 0x00, 0x00, 0xBF, 0xE0, 0x00, 0x00, 0x00, 0x00, 0x0B, 0x80, 0x00, 0x00,
    0x00, 0x00, 0x00, 0x00, 0x00, 0x00, 0x00, 0x00, 0x00, 0x00, 0x00, 0x00, 0xBF, 0xFF, 0xFF, 0xFF,
    0xFF, 0xE0, 0xBF, 0xFF, 0xFF, 0xFF, 0xFF, 0xE0, 0xBF, 0xFF, 0xFF, 0xFF, 0xFF, 0xE0, 0xBF, 0xFF,
    0xFF, 0xFF, 0xFF, 0xE0, 0xBF, 0xFF, 0xFF, 0xFF, 0xFF, 0xE0, 0x00, 0x00, 0xFF, 0xF0, 0x00, 0x00,
    0x00, 0x00, 0xFF, 0xF0, 0x00, 0x00, 0x00, 0x00, 0xFF, 0xF0, 0x00, 0x00, 0x00, 0x00, 0xFF, 0xF0,
    0x00, 0x00, 0x00, 0x00, 0xFF, 0xF0, 0x00, 0x00, 0x00, 0x00, 0xFF, 0xF0, 0x00, 0x00, 0x00, 0x00,
    0xFF, 0xF0, 0x00, 0x00, 0x00, 0x00, 0xFF, 0xF0, 0x00, 0x00, 0x00, 0x00, 0xFF, 0xF0, 0x00, 0x00,
    0x00, 0x00, 0xFF, 0xF0, 0x00, 0x00, 0x00, 0x00, 0xFF, 0xF0, 0x00, 0x00, 0x00, 0x00, 0xFF, 0xF0,
    0x00, 0x00, 0x00, 0x00, 0xFF, 0xF0, 0x00, 0x00, 0x00, 0x00, 0xFF, 0xF0, 0x00, 0x00, 0x00, 0x00,
    0xFF, 0xF0, 0x00, 0x00, 0x00, 0x00, 0xFF, 0xF0, 0x00, 0x00, 0x00, 0x00, 0xFF, 0xF0, 0x00, 0x00,
    0x00, 0x00, 0xFF, 0xF0, 0x00, 0x00, 0x00, 0x00, 0xFF, 0xF0, 0x00, 0x00, 0x00, 0x00, 0x00, 0x00,
    0x00, 0x00, 0x01, 0xF0, 0x00, 0x00, 0x03, 0xFC, 0x00, 0x00, 0x03, 0xFC, 0x00, 0x00, 0x0B, 0xF8,
    0x00, 0xAA, 0x8B, 0xF0, 0x02, 0xFF, 0xCF, 0xE0, 0x02, 0xFF, 0xCF, 0xC0, 0x02, 0xFF, 0xC0, 0x00,
    0x02, 0xFF, 0xC0, 0x00, 0xBF, 0xFF, 0xFF, 0xC0, 0xBF, 0xFF, 0xFF, 0xC0, 0xBF, 0xFF, 0xFF, 0xC0,
    0xBF, 0xFF, 0xFF, 0xC0, 0x02, 0xFF, 0xC0, 0x00, 0x02, 0xFF, 0xC0, 0x00, 0x02, 0xFF, 0xC0, 0x00,
    0x02, 0xFF, 0xC0, 0x00, 0x02, 0xFF, 0xC0, 0x00, 0x02, 0xFF, 0xC0, 0x00, 0x02, 0xFF, 0xC0, 0x00,
    0x02, 0xFF, 0xC0, 0x00, 0x02, 0xFF, 0xC0, 0x00, 0x02, 0xFF, 0xFE, 0x80, 0x02, 0xFF, 0xFF, 0xC0,
    0x00, 0xFF, 0xFF, 0xC0, 0x00, 0xFF, 0xFF, 0xC0, 0x00, 0x2B, 0xFF, 0xC0, 0x00, 0x0A, 0xAA, 0xAA,
    0x00, 0x00, 0x00, 0x2F, 0xFF, 0xFF, 0x40, 0x00, 0x00, 0x2F, 0xFF, 0xFF, 0x40, 0x00, 0x00, 0x2F,
    0xFF, 0xFF, 0x40, 0x00, 0x00, 0x00, 0x00, 0x00, 0x00, 0x00, 0x00, 0x00, 0x00, 0x00, 0x00, 0x00,
    0x00, 0x00, 0x00, 0x00, 0x00, 0x00, 0xBF, 0xF0, 0x00, 0x02, 0xFF, 0xC0, 0xBF, 0xF0, 0x00, 0x02,
    0xFF, 0xC0, 0xBF, 0xF0, 0x00, 0x02, 0xFF, 0xC0, 0xBF, 0xF0, 0x00, 0x02, 0xFF, 0xC0, 0xBF, 0xF0,
    0x00, 0x02, 0xFF, 0xC0, 0xBF, 0xF0, 0x00, 0x02, 0xFF, 0xC0, 0xBF, 0xF0, 0x00, 0x02, 0xFF, 0xC0,
    0xBF, 0xF0, 0x00, 0x02, 0xFF, 0xC0, 0xBF, 0xF0, 0x00, 0x02, 0xFF, 0xC0, 0xBF, 0xF0, 0x00, 0x02,
    0xFF, 0xC0, 0xBF, 0xF0, 0x00, 0x02, 0xFF, 0xC0, 0xBF, 0xF0, 0x00, 0x02, 0xFF, 0xC0, 0xBF, 0xF0,
    0x00, 0x02, 0xFF, 0xC0, 0xBF, 0xF0, 0x00, 0x02, 0xFF, 0xC0, 0xBF, 0xF4, 0x00, 0x02, 0xFF, 0xC0,
    0x7F, 0xF8, 0x00, 0x02, 0xFF, 0xC0, 0x3F, 0xF8, 0x00, 0x03, 0xFF, 0xC0, 0x3F, 0xFC, 0x00, 0x03,
    0xFF, 0xC0, 0x3F, 0xFE, 0x00, 0x0F, 0xFF, 0x80, 0x2F, 0xFF, 0xEA, 0xBF, 0xFF, 0x00, 0x0F, 0xFF,
    0xFF, 0xFF, 0xFF, 0x00, 0x03, 0xFF, 0xFF, 0xFF, 0xFC, 0x00, 0x00, 0xFF, 0xFF, 0xFF, 0xF0, 0x00,
    0x00, 0x2F, 0xFF, 0xFF, 0x40, 0x00, 0x00, 0x00, 0x00, 0x00, 0x00, 0x00, 0x00, 0x00, 0x00, 0x00,
    0x00, 0x00, 0xFF, 0xFF, 0xF8, 0x00, 0x00, 0xFF, 0xFF, 0xF8, 0x00, 0x00, 0xFF, 0xFF, 0xF8, 0x00,
    0x00, 0xAA, 0xAA, 0xA0, 0x00, 0x00, 0x00, 0x00, 0x00, 0x00, 0x00, 0x00, 0x00, 0x00, 0x00, 0x3F,
    0xF0, 0x00, 0xFF, 0xF0, 0x3F, 0xF0, 0x00, 0xFF, 0xF0, 0x3F, 0xF0, 0x00, 0xFF, 0xF0, 0x3F, 0xF0,
    0x00, 0xFF, 0xF0, 0x3F, 0xF0, 0x00, 0xFF, 0xF0, 0x3F, 0xF0, 0x00, 0xFF, 0xF0, 0x3F, 0xF0, 0x00,
    0xFF, 0xF0, 0x3F, 0xF0, 0x00, 0xFF, 0xF0, 0x3F, 0xF0, 0x00, 0xFF, 0xF0, 0x3F, 0xF0, 0x00, 0xFF,
    0xF0, 0x3F, 0xF4, 0x00, 0xFF, 0xF0, 0x3F, 0xF8, 0x00, 0xFF, 0xF0, 0x3F, 0xFC, 0x02, 0xFF, 0xF0,
    0x3F, 0xFE, 0x0B, 0xFF, 0xF0, 0x3F, 0xFF, 0xFF, 0xFF, 0xF0, 0x2F, 0xFF, 0xFF, 0xFF, 0xF0, 0x0F,
    0xFF, 0xFE, 0xBF, 0xF0, 0x02, 0xFF, 0xF4, 0x3F, 0xE0, 0x00, 0x00, 0x00, 0x00, 0x00, 0x00, 0x00,
    0x0A, 0x00, 0x00, 0x00, 0x00, 0x00, 0xFF, 0xF0, 0x00, 0x00, 0x00, 0x03, 0xFF, 0xFC, 0x00, 0x00,
    0x00, 0x0B, 0xFF, 0xFE, 0x00, 0x00, 0x00, 0x0F, 0xE0, 0xFE, 0x00, 0x00, 0x00, 0x0F, 0xD0, 0xBF,
    0x00, 0x00, 0x00, 0x0F, 0xF0, 0xFE, 0x00, 0x00, 0x00, 0x07, 0xFF, 0xFC, 0x00, 0x00, 0x00, 0x02,
    0xFF, 0xF8, 0x00, 0x00, 0x00, 0x00, 0xBF, 0xD0, 0x00, 0x00, 0xBF, 0xF0, 0x00, 0x02, 0xFF, 0xC0,
    0xBF, 0xF0, 0x00, 0x02, 0xFF, 0xC0, 0xBF, 0xF0, 0x00, 0x02, 0xFF, 0xC0, 0xBF, 0xF0, 0x00, 0x02,
    0xFF, 0xC0, 0xBF, 0xF0, 0x00, 0x02, 0xFF, 0xC0, 0xBF, 0xF0, 0x00, 0x02, 0xFF, 0xC0, 0xBF, 0xF0,
    0x00, 0x02, 0xFF, 0xC0, 0xBF, 0xF0, 0x00, 0x02, 0xFF, 0xC0, 0xBF, 0xF0, 0x00, 0x02, 0xFF, 0xC0,
    0xBF, 0xF0, 0x00, 0x02, 0xFF, 0xC0, 0xBF, 0xF0, 0x00, 0x02, 0xFF, 0xC0, 0xBF, 0xF0, 0x00, 0x02,
    0xFF, 0xC0, 0xBF, 0xF0, 0x00, 0x02, 0xFF, 0xC0, 0xBF, 0xF0, 0x00, 0x02, 0xFF, 0xC0, 0xBF, 0xF4,
    0x00, 0x02, 0xFF, 0xC0, 0x7F, 0xF8, 0x00, 0x02, 0xFF, 0xC0, 0x3F, 0xF8, 0x00, 0x03, 0xFF, 0xC0,
    0x3F, 0xFC, 0x00, 0x03, 0xFF, 0xC0, 0x3F, 0xFE, 0x00, 0x0F, 0xFF, 0x80, 0x2F, 0xFF, 0xEA, 0xBF,
    0xFF, 0x00, 0x0F, 0xFF, 0xFF, 0xFF, 0xFF, 0x00, 0x03, 0xFF, 0xFF, 0xFF, 0xFC, 0x00, 0x00, 0xFF,
    0xFF, 0xFF, 0xF0, 0x00, 0x00, 0x2F, 0xFF, 0xFF, 0x40, 0x00, 0x00, 0x00, 0x00, 0x00, 0x00, 0x00,
    0x00, 0x00, 0x00, 0x00, 0x00, 0x00, 0x02, 0xFE, 0x00, 0x00, 0x00, 0x0F, 0xFF, 0xC0, 0x00, 0x00,
    0x3F, 0xFF, 0xE0, 0x00, 0x00, 0xBF, 0x8F, 0xF0, 0x00, 0x00, 0xBE, 0x03, 0xF0, 0x00, 0x00, 0xBF,
    0x0B, 0xF0, 0x00, 0x00, 0x3F, 0xEF, 0xF0, 0x00, 0x00, 0x3F, 0xFF, 0xC0, 0x00, 0x00, 0x0F, 0xFF,
    0x80, 0x00, 0x00, 0x00, 0xA8, 0x00, 0x00, 0x00, 0x00, 0x00, 0x00, 0x00, 0x3F, 0xF0, 0x00, 0xFF,
    0xF0, 0x3F, 0xF0, 0x00, 0xFF, 0xF0, 0x3F, 0xF0, 0x00, 0xFF, 0xF0, 0x3F, 0xF0, 0x00, 0xFF, 0xF0,
    0x3F, 0xF0, 0x00, 0xFF, 0xF0, 0x3F, 0xF0, 0x00, 0xFF, 0xF0, 0x3F, 0xF0, 0x00, 0xFF, 0xF0, 0x3F,
    0xF0, 0x00, 0xFF, 0xF0, 0x3F, 0xF0, 0x00, 0xFF, 0xF0, 0x3F, 0xF0, 0x00, 0xFF, 0xF0, 0x3F, 0xF4,
    0x00, 0xFF, 0xF0, 0x3F, 0xF8, 0x00, 0xFF, 0xF0, 0x3F, 0xFC, 0x02, 0xFF, 0xF0, 0x3F, 0xFE, 0x0B,
    0xFF, 0xF0, 0x3F, 0xFF, 0xFF, 0xFF, 0xF0, 0x2F, 0xFF, 0xFF, 0xFF, 0xF0, 0x0F, 0xFF, 0xFE, 0xBF,
    0xF0, 0x02, 0xFF, 0xF4, 0x3F, 0xE0, 0x00, 0x00, 0x00, 0x00, 0x00, 0x00, 0x00, 0x28, 0x00, 0x60,
    0x00, 0x00, 0x00, 0xFF, 0x02, 0xFC, 0x00, 0x00, 0x02, 0xFF, 0x07, 0xFE, 0x00, 0x00, 0x0B, 0xFF,
    0x0F, 0xFC, 0x00, 0x00, 0x0F, 0xFC, 0x3F, 0xF0, 0x00, 0x00, 0x3F, 0xE0, 0xFF, 0xC0, 0x00, 0x00,
    0x00, 0x00, 0x00, 0x00, 0x00, 0x00, 0x00, 0x00, 0x00, 0x00, 0x00, 0x00, 0x00, 0x00, 0x00, 0x00,
    0x00, 0xBF, 0xF0, 0x00, 0x02, 0xFF, 0xC0, 0xBF, 0xF0, 0x00, 0x02, 0xFF, 0xC0, 0xBF, 0xF0, 0x00,
    0x02, 0xFF, 0xC0, 0xBF, 0xF0, 0x00, 0x02, 0xFF, 0xC0, 0xBF, 0xF0, 0x00, 0x02, 0xFF, 0xC0, 0xBF,
    0xF0, 0x00, 0x02, 0xFF, 0xC0, 0xBF, 0xF0, 0x00, 0x02, 0xFF, 0xC0, 0xBF, 0xF0, 0x00, 0x02, 0xFF,
    0xC0, 0xBF, 0xF0, 0x00, 0x02, 0xFF, 0xC0, 0xBF, 0xF0, 0x00, 0x02, 0xFF, 0xC0, 0xBF, 0xF0, 0x00,
    0x02, 0xFF, 0xC0, 0xBF, 0xF0, 0x00, 0x02, 0xFF, 0xC0, 0xBF, 0xF0, 0x00, 0x02, 0xFF, 0xC0, 0xBF,
    0xF0, 0x00, 0x02, 0xFF, 0xC0, 0xBF, 0xF4, 0x00, 0x02, 0xFF, 0xC0, 0x7F, 0xF8, 0x00, 0x02, 0xFF,
    0xC0, 0x3F, 0xF8, 0x00, 0x03, 0xFF, 0xC0, 0x3F, 0xFC, 0x00, 0x03, 0xFF, 0xC0, 0x3F, 0xFE, 0x00,
    0x0F, 0xFF, 0x80, 0x2F, 0xFF, 0xEA, 0xBF, 0xFF, 0x00, 0x0F, 0xFF, 0xFF, 0xFF, 0xFF, 0x00, 0x03,
    0xFF, 0xFF, 0xFF, 0xFC, 0x00, 0x00, 0xFF, 0xFF, 0xFF, 0xF0, 0x00, 0x00, 0x2F, 0xFF, 0xFF, 0x40,
    0x00, 0x00, 0x00, 0x00, 0x00, 0x00, 0x00, 0x00, 0x00, 0x00, 0x00, 0x40, 0x00, 0x02, 0xFC, 0x0B,
    0xF0, 0x00, 0x0B, 0xFC, 0x0F, 0xF4, 0x00, 0x1F, 0xFC, 0x3F, 0xF0, 0x00, 0x3F, 0xF0, 0xFF, 0xE0,
    0x00, 0xFF, 0x82, 0xFF, 0x00, 0x00, 0x00, 0x00, 0x00, 0x00, 0x00, 0x00, 0x00, 0x00, 0x00, 0x00,
    0x00, 0x00, 0x00, 0x00, 0x3F, 0xF0, 0x00, 0xFF, 0xF0, 0x3F, 0xF0, 0x00, 0xFF, 0xF0, 0x3F, 0xF0,
    0x00, 0xFF, 0xF0, 0x3F, 0xF0, 0x00, 0xFF, 0xF0, 0x3F, 0xF0, 0x00, 0xFF, 0xF0, 0x3F, 0xF0, 0x00,
    0xFF, 0xF0, 0x3F, 0xF0, 0x00, 0xFF, 0xF0, 0x3F, 0xF0, 0x00, 0xFF, 0xF0, 0x3F, 0xF0, 0x00, 0xFF,
    0xF0, 0x3F, 0xF0, 0x00, 0xFF, 0xF0, 0x3F, 0xF4, 0x00, 0xFF, 0xF0, 0x3F, 0xF8, 0x00, 0xFF, 0xF0,
    0x3F, 0xFC, 0x02, 0xFF, 0xF0, 0x3F, 0xFE, 0x0B, 0xFF, 0xF0, 0x3F, 0xFF, 0xFF, 0xFF, 0xF0, 0x2F,
    0xFF, 0xFF, 0xFF, 0xF0, 0x0F, 0xFF, 0xFE, 0xBF, 0xF0, 0x02, 0xFF, 0xF4, 0x3F, 0xE0, 0x00, 0x00,
    0x00, 0x00, 0x00, 0x00, 0x00, 0x00, 0x00, 0x00, 0x00, 0xBF, 0xF0, 0x00, 0x02, 0xFF, 0xC0, 0xBF,
    0xF0, 0x00, 0x02, 0xFF, 0xC0, 0xBF, 0xF0, 0x00, 0x02, 0xFF, 0xC0, 0xBF, 0xF0, 0x00, 0x02, 0xFF,
    0xC0, 0xBF, 0xF0, 0x00, 0x02, 0xFF, 0xC0, 0xBF, 0xF0, 0x00, 0x02, 0xFF, 0xC0, 0xBF, 0xF0, 0x00,
    0x02, 0xFF, 0xC0, 0xBF, 0xF0, 0x00, 0x02, 0xFF, 0xC0, 0xBF, 0xF0, 0x00, 0x02, 0xFF, 0xC0, 0xBF,
    0xF0, 0x00, 0x02, 0xFF, 0xC0, 0xBF, 0xF0, 0x00, 0x02, 0xFF, 0xC0, 0xBF, 0xF0, 0x00, 0x02, 0xFF,
    0xC0, 0xBF, 0xF0, 0x00, 0x02, 0xFF, 0xC0, 0xBF, 0xF0, 0x00, 0x02, 0xFF, 0xC0, 0xBF, 0xF4, 0x00,
    0x02, 0xFF, 0xC0, 0x7F, 0xF8, 0x00, 0x02, 0xFF, 0xC0, 0x3F, 0xF8, 0x00, 0x03, 0xFF, 0xC0, 0x3F,
    0xFC, 0x00, 0x03, 0xFF, 0xC0, 0x3F, 0xFE, 0x00, 0x0F, 0xFF, 0x80, 0x2F, 0xFF, 0xEA, 0xBF, 0xFF,
    0x00, 0x0F, 0xFF, 0xFF, 0xFF, 0xFF, 0x00, 0x03, 0xFF, 0xFF, 0xFF, 0xFC, 0x00, 0x00, 0xFF, 0xFF,
    0xFF, 0xF0, 0x00, 0x00, 0x2F, 0xFF, 0xFF, 0x40, 0x00, 0x00, 0x00, 0xFF, 0xE0, 0x00, 0x00, 0x00,
    0x03, 0xFF, 0x00, 0x00, 0x00, 0x00, 0x03, 0xFE, 0x00, 0x00, 0x00, 0x00, 0x03, 0xFF, 0xFC, 0x00,
    0x00, 0x00, 0x02, 0xFF, 0xFC, 0x00, 0x00, 0x00, 0x00, 0xBF, 0xFC, 0x00, 0x00, 0x00, 0x00, 0x00,
    0x00, 0x00, 0x00, 0x00, 0x00, 0x00, 0x00, 0x00, 0x3F, 0xF0, 0x00, 0xFF, 0xF0, 0x3F, 0xF0, 0x00,
    0xFF, 0xF0, 0x3F, 0xF0, 0x00, 0xFF, 0xF0, 0x3F, 0xF0, 0x00, 0xFF, 0xF0, 0x3F, 0xF0, 0x00, 0xFF,
    0xF0, 0x3F, 0xF0, 0x00, 0xFF, 0xF0, 0x3F, 0xF0, 0x00, 0xFF, 0xF0, 0x3F, 0xF0, 0x00, 0xFF, 0xF0,
    0x3F, 0xF0, 0x00, 0xFF, 0xF0, 0x3F, 0xF4, 0x00, 0xFF, 0xF0, 0x3F, 0xF8, 0x00, 0xFF, 0xF0, 0x3F,
    0xF8, 0x00, 0xFF, 0xF0, 0x3F, 0xF8, 0x02, 0xFF, 0xF0, 0x3F, 0xFE, 0x0B, 0xFF, 0xF0, 0x3F, 0xFF,
    0xFF, 0xFF, 0xF0, 0x2F, 0xFF, 0xFF, 0xFF, 0xF0, 0x0F, 0xFF, 0xFE, 0xBF, 0xF0, 0x02, 0xFF, 0xF4,
    0xBF, 0xE0, 0x00, 0x00, 0x02, 0xFF, 0x80, 0x00, 0x00, 0x0F, 0xFC, 0x00, 0x00, 0x00, 0x0F, 0xF8,
    0x00, 0x00, 0x00, 0x0F, 0xFF, 0xF0, 0x00, 0x00, 0x0F, 0xFF, 0xF0, 0x00, 0x00, 0x02, 0xFF, 0xF0,
    0x00, 0x00, 0x00, 0x00, 0x00, 0x00, 0x00, 0x40, 0x01, 0x00, 0x00, 0x00, 0x00, 0x03, 0xFC, 0x0F,
    0xF0, 0x00, 0x00, 0x00, 0x0B, 0xFD, 0x2F, 0xF4, 0x00, 0x00, 0x00, 0x0B, 0xFE, 0x2F, 0xF8, 0x00,
    0x00, 0x00, 0x03, 0xFC, 0x0F, 0xF0, 0x00, 0x00, 0x00, 0x01, 0xA0, 0x06, 0x80, 0x00, 0x00, 0x00,
    0x00, 0x00, 0x00, 0x00, 0x00, 0x00, 0x00, 0x00, 0x00, 0x00, 0x00, 0x00, 0x00, 0x3F, 0xFE, 0x00,
    0x00, 0x3F, 0xFF, 0x00, 0x2F, 0xFF, 0x00, 0x00, 0x7F, 0xFE, 0x00, 0x0F, 0xFF, 0x80, 0x00, 0xFF,
    0xFC, 0x00, 0x0B, 0xFF, 0xC0, 0x02, 0xFF, 0xF0, 0x00, 0x03, 0xFF, 0xF0, 0x03, 0xFF, 0xE0, 0x00,
    0x00, 0xFF, 0xF8, 0x0B, 0xFF, 0xC0, 0x00, 0x00, 0xBF, 0xFC, 0x0F, 0xFF, 0x00, 0x00, 0x00, 0x3F,
    0xFE, 0x3F, 0xFE, 0x00, 0x00, 0x00, 0x0F, 0xFF, 0xBF, 0xFC, 0x00, 0x00, 0x00, 0x0B, 0xFF, 0xFF,
    0xF8, 0x00, 0x00, 0x00, 0x03, 0xFF, 0xFF, 0xF0, 0x00, 0x00, 0x00, 0x02, 0xFF, 0xFF, 0xC0, 0x00,
    0x00, 0x00, 0x00, 0xFF, 0xFF, 0x80, 0x00, 0x00, 0x00, 0x00, 0x3F, 0xFF, 0x00, 0x00, 0x00, 0x00,
    0x00, 0x2F, 0xFD, 0x00, 0x00, 0x00, 0x00, 0x00, 0x2F, 0xFC, 0x00, 0x00, 0x00, 0x00, 0x00, 0x2F,
    0xFC, 0x00, 0x00, 0x00, 0x00, 0x00, 0x2F, 0xFC, 0x00, 0x00, 0x00, 0x00, 0x00, 0x2F, 0xFC, 0x00,
    0x00, 0x00, 0x00, 0x00, 0x2F, 0xFC, 0x00, 0x00, 0x00, 0x00, 0x00, 0x2F, 0xFC, 0x00, 0x00, 0x00,
    0x00, 0x00, 0x2F, 0xFC, 0x00, 0x00, 0x00, 0x00, 0x00, 0x2F, 0xFC, 0x00, 0x00, 0x00, 0x00, 0x00,
    0x2F, 0xFC, 0x00, 0x00, 0x00, 0x00, 0x00, 0x00, 0x00, 0x00, 0x00, 0x00, 0x00, 0x00, 0xFC, 0x00,
    0x00, 0x00, 0x00, 0x03, 0xFE, 0x00, 0x00, 0x00, 0x00, 0x0F, 0xFE, 0x00, 0x00, 0x00, 0x00, 0x2F,
    0xFC, 0x00, 0x00, 0x00, 0x00, 0xBF, 0xE0, 0x00, 0x00, 0x00, 0x00, 0xAA, 0x40, 0x00, 0x00, 0x00,
    0x00, 0x00, 0x00, 0x00, 0x00, 0x00, 0x00, 0x00, 0x00, 0x00, 0x00, 0x7F, 0xFF, 0xFF, 0xFF, 0xFE,
    0x00, 0x7F, 0xFF, 0xFF, 0xFF, 0xFE, 0x00, 0x7F, 0xFF, 0xFF, 0xFF, 0xFE, 0x00, 0x7F, 0xFF, 0xFF,
    0xFF, 0xFE, 0x00, 0x3F, 0xFF, 0xFF, 0xFF, 0xFE, 0x00, 0x00, 0x00, 0x02, 0xFF, 0xF8, 0x00, 0x00,
    0x00, 0x03, 0xFF, 0xF0, 0x00, 0x00, 0x00, 0x0F, 0xFF, 0xC0, 0x00, 0x00, 0x00, 0x3F, 0xFF, 0x00,
    0x00, 0x00, 0x00, 0xFF, 0xFE, 0x00, 0x00, 0x00, 0x02, 0xFF, 0xF8, 0x00, 0x00, 0x00, 0x0B, 0xFF,
    0xF0, 0x00, 0x00, 0x00, 0x0F, 0xFF, 0xC0, 0x00, 0x00, 0x00, 0x3F, 0xFF, 0x00, 0x00, 0x00, 0x00,
    0xFF, 0xFD, 0x00, 0x00, 0x00, 0x02, 0xFF, 0xF8, 0x00, 0x00, 0x00, 0x0B, 0xFF, 0xE0, 0x00, 0x00,
    0x00, 0x1F, 0xFF, 0xC0, 0x00, 0x00, 0x00, 0x3F, 0xFF, 0x80, 0x00, 0x00, 0x00, 0xFF, 0xFF, 0xFF,
    0xFF, 0xFF, 0x00, 0xFF, 0xFF, 0xFF, 0xFF, 0xFF, 0x00, 0xFF, 0xFF, 0xFF, 0xFF, 0xFF, 0x00, 0xFF,
    0xFF, 0xFF, 0xFF, 0xFF, 0x00, 0xFF, 0xFF, 0xFF, 0xFF, 0xFF, 0x00, 0x00, 0x00, 0x00, 0x40, 0x00,
    0x00, 0x00, 0x03, 0xF4, 0x00, 0x00, 0x00, 0x0F, 0xF8, 0x00, 0x00, 0x00, 0x3F, 0xF8, 0x00, 0x00,
    0x00, 0xBF, 0xE0, 0x00, 0x00, 0x01, 0xFF, 0x80, 0x00, 0x00, 0x00, 0x00, 0x00, 0x00, 0x00, 0x00,
    0x00, 0x00, 0x00, 0x00, 0x00, 0x00, 0x00, 0x00, 0x2F, 0xFF, 0xFF, 0xFF, 0xE0, 0x2F, 0xFF, 0xFF,
    0xFF, 0xE0, 0x2F, 0xFF, 0xFF, 0xFF, 0xE0, 0x2F, 0xFF, 0xFF, 0xFF, 0xE0, 0x0A, 0xAA, 0xAF, 0xFF,
    0xC0, 0x00, 0x00, 0x3F, 0xFF, 0x40, 0x00, 0x00, 0xFF, 0xFD, 0x00, 0x00, 0x03, 0xFF, 0xF4, 0x00,
    0x00, 0x0F, 0xFF, 0xD0, 0x00, 0x00, 0x3F, 0xFF, 0x40, 0x00, 0x00, 0xFF, 0xFD, 0x00, 0x00, 0x03,
    0xFF, 0xF0, 0x00, 0x00, 0x0F, 0xFF, 0xC0, 0x00, 0x00, 0x3F, 0xFF, 0xEA, 0xAA, 0xA0, 0x3F, 0xFF,
    0xFF, 0xFF, 0xF0, 0x3F, 0xFF, 0xFF, 0xFF, 0xF0, 0x3F, 0xFF, 0xFF, 0xFF, 0xF0, 0x3F, 0xFF, 0xFF,
    0xFF, 0xF0, 0x00, 0x00, 0x04, 0x00, 0x00, 0x00, 0x00, 0x00, 0xFF, 0x00, 0x00, 0x00, 0x00, 0x00,
    0xFF, 0x80, 0x00, 0x00, 0x00, 0x01, 0xFF, 0x80, 0x00, 0x00, 0x00, 0x00, 0xFF, 0x80, 0x00, 0x00,
    0x00, 0x00, 0x2A, 0x00, 0x00, 0x00, 0x00, 0x00, 0x00, 0x00, 0x00, 0x00, 0x00, 0x00, 0x00, 0x00,
    0x00, 0x00, 0x7F, 0xFF, 0xFF, 0xFF, 0xFE, 0x00, 0x7F, 0xFF, 0xFF, 0xFF, 0xFE, 0x00, 0x7F, 0xFF,
    0xFF, 0xFF, 0xFE, 0x00, 0x7F, 0xFF, 0xFF, 0xFF, 0xFE, 0x00, 0x3F, 0xFF, 0xFF, 0xFF, 0xFE, 0x00,
    0x00, 0x00, 0x02, 0xFF, 0xF8, 0x00, 0x00, 0x00, 0x03, 0xFF, 0xF0, 0x00, 0x00, 0x00, 0x0F, 0xFF,
    0xC0, 0x00, 0x00, 0x00, 0x3F, 0xFF, 0x00, 0x00, 0x00, 0x00, 0xFF, 0xFE, 0x00, 0x00, 0x00, 0x02,
    0xFF, 0xF8, 0x00, 0x00, 0x00, 0x0B, 0xFF, 0xF0, 0x00, 0x00, 0x00, 0x0F, 0xFF, 0xC0, 0x00, 0x00,
    0x00, 0x3F, 0xFF, 0x00, 0x00, 0x00, 0x00, 0xFF, 0xFD, 0x00, 0x00, 0x00, 0x02, 0xFF, 0xF8, 0x00,
    0x00, 0x00, 0x0B, 0xFF, 0xE0, 0x00, 0x00, 0x00, 0x1F, 0xFF, 0xC0, 0x00, 0x00, 0x00, 0x3F, 0xFF,
    0x80, 0x00, 0x00, 0x00, 0xFF, 0xFF, 0xFF, 0xFF, 0xFF, 0x00, 0xFF, 0xFF, 0xFF, 0xFF, 0xFF, 0x00,
    0xFF, 0xFF, 0xFF, 0xFF, 0xFF, 0x00, 0xFF, 0xFF, 0xFF, 0xFF, 0xFF, 0x00, 0xFF, 0xFF, 0xFF, 0xFF,
    0xFF, 0x00, 0x00, 0x00, 0x00, 0x00, 0x00, 0x00, 0x00, 0xFC, 0x00, 0x00, 0x00, 0x03, 0xFF, 0x00,
    0x00, 0x00, 0x03, 0xFF, 0x00, 0x00, 0x00, 0x03, 0xFF, 0x00, 0x00, 0x00, 0x00, 0xFC, 0x00, 0x00,
    0x00, 0x00, 0x00, 0x00, 0x00, 0x00, 0x00, 0x00, 0x00, 0x00, 0x00, 0x00, 0x00, 0x00, 0x00, 0x2F,
    0xFF, 0xFF, 0xFF, 0xE0, 0x2F, 0xFF, 0xFF, 0xFF, 0xE0, 0x2F, 0xFF, 0xFF, 0xFF, 0xE0, 0x2F, 0xFF,
    0xFF, 0xFF, 0xE0, 0x0A, 0xAA, 0xAF, 0xFF, 0xC0, 0x00, 0x00, 0x3F, 0xFF, 0x40, 0x00, 0x00, 0xFF,
    0xFD, 0x00, 0x00, 0x03, 0xFF, 0xF4, 0x00, 0x00, 0x0F, 0xFF, 0xD0, 0x00, 0x00, 0x3F, 0xFF, 0x40,
    0x00, 0x00, 0xFF, 0xFD, 0x00, 0x00, 0x03, 0xFF, 0xF0, 0x00, 0x00, 0x0F, 0xFF, 0xC0, 0x00, 0x00,
    0x3F, 0xFF, 0xEA, 0xAA, 0xA0, 0x3F, 0xFF, 0xFF, 0xFF, 0xF0, 0x3F, 0xFF, 0xFF, 0xFF, 0xF0, 0x3F,
    0xFF, 0xFF, 0xFF, 0xF0, 0x3F, 0xFF, 0xFF, 0xFF, 0xF0, 0x02, 0xFF, 0x00, 0xBF, 0xC0, 0x00, 0x00,
    0xBF, 0xC3, 0xFF, 0x00, 0x00, 0x00, 0x2F, 0xFF, 0xFC, 0x00, 0x00, 0x00, 0x0B, 0xFF, 0xF0, 0x00,
    0x00, 0x00, 0x02, 0xFF, 0xC0, 0x00, 0x00, 0x00, 0x00, 0x2E, 0x00, 0x00, 0x00, 0x00, 0x00, 0x00,
    0x00, 0x00, 0x00, 0x00, 0x00, 0x00, 0x00, 0x00, 0x00, 0x7F, 0xFF, 0xFF, 0xFF, 0xFE, 0x00, 0x7F,
    0xFF, 0xFF, 0xFF, 0xFE, 0x00, 0x7F, 0xFF, 0xFF, 0xFF, 0xFE, 0x00, 0x7F, 0xFF, 0xFF, 0xFF, 0xFE,
    0x00, 0x3F, 0xFF, 0xFF, 0xFF, 0xFE, 0x00, 0x00, 0x00, 0x02, 0xFF, 0xF8, 0x00, 0x00, 0x00, 0x03,
    0xFF, 0xF0, 0x00, 0x00, 0x00, 0x0F, 0xFF, 0xC0, 0x00, 0x00, 0x00, 0x3F, 0xFF, 0x00, 0x00, 0x00,
    0x00, 0xFF, 0xFE, 0x00, 0x00, 0x00, 0x02, 0xFF, 0xF8, 0x00, 0x00, 0x00, 0x0B, 0xFF, 0xF0, 0x00,
    0x00, 0x00, 0x0F, 0xFF, 0xC0, 0x00, 0x00, 0x00, 0x3F, 0xFF, 0x00, 0x00, 0x00, 0x00, 0xFF, 0xFD,
    0x00, 0x00, 0x00, 0x02, 0xFF, 0xF8, 0x00, 0x00, 0x00, 0x0B, 0xFF, 0xE0, 0x00, 0x00, 0x00, 0x1F,
    0xFF, 0xC0, 0x00, 0x00, 0x00, 0x3F, 0xFF, 0x80, 0x00, 0x00, 0x00, 0xFF, 0xFF, 0xFF, 0xFF, 0xFF,
    0x00, 0xFF, 0xFF, 0xFF, 0xFF, 0xFF, 0x00, 0xFF, 0xFF, 0xFF, 0xFF, 0xFF, 0x00, 0xFF, 0xFF, 0xFF,
    0xFF, 0xFF, 0x00, 0xFF, 0xFF, 0xFF, 0xFF, 0xFF, 0x00, 0x00, 0x00, 0x00, 0x00, 0x00, 0x03, 0xFF,
    0x02, 0xFF, 0x00, 0x00, 0xFF, 0xCF, 0xFC, 0x00, 0x00, 0x3F, 0xFF, 0xF0, 0x00, 0x00, 0x0B, 0xFF,
    0xC0, 0x00, 0x00, 0x02, 0xFF, 0x00, 0x00, 0x00, 0x00, 0x20, 0x00, 0x00, 0x00, 0x00, 0x00, 0x00,
    0x00, 0x00, 0x00, 0x00, 0x00, 0x00, 0x2F, 0xFF, 0xFF, 0xFF, 0xE0, 0x2F, 0xFF, 0xFF, 0xFF, 0xE0,
    0x2F, 0xFF, 0xFF, 0xFF, 0xE0, 0x2F, 0xFF, 0xFF, 0xFF, 0xE0, 0x0A, 0xAA, 0xAF, 0xFF, 0xC0, 0x00,
    0x00, 0x3F, 0xFF, 0x40, 0x00, 0x00, 0xFF, 0xFD, 0x00, 0x00, 0x03, 0xFF, 0xF4, 0x00, 0x00, 0x0F,
    0xFF, 0xD0, 0x00, 0x00, 0x3F, 0xFF, 0x40, 0x00, 0x00, 0xFF, 0xFD, 0x00, 0x00, 0x03, 0xFF, 0xF0,
    0x00, 0x00, 0x0F, 0xFF, 0xC0, 0x00, 0x00, 0x3F, 0xFF, 0xEA, 0xAA, 0xA0, 0x3F, 0xFF, 0xFF, 0xFF,
    0xF0, 0x3F, 0xFF, 0xFF, 0xFF, 0xF0, 0x3F, 0xFF, 0xFF, 0xFF, 0xF0, 0x3F, 0xFF, 0xFF, 0xFF, 0xF0,
    0x05, 0x00, 0x00, 0x2F, 0xC0, 0x00, 0x3F, 0xE0, 0x00, 0x3F, 0xF8, 0x00, 0x0F, 0xFC, 0x00, 0x02,
    0xFF, 0x00, 0x00, 0x00, 0x00, 0x00, 0x04, 0x00, 0x00, 0x3F, 0x00, 0x00, 0xFF, 0x80, 0x03, 0xFF,
    0x40, 0x0F, 0xFE, 0x00, 0x2F, 0xF0, 0x00, 0x00, 0x00, 0x00, 0x00, 0x00, 0x00, 0x00, 0x00, 0x0F,
    0xF0, 0x00, 0x00, 0x3F, 0xFC, 0x00, 0x00, 0xFF, 0xFF, 0x40, 0x03, 0xFE, 0xBF, 0xE0, 0x2F, 0xF8,
    0x2F, 0xF8, 0x00, 0x00, 0x00, 0x00, 0x00, 0x00, 0x00, 0x00, 0x02, 0xFE, 0x01, 0xF0, 0x0F, 0xFF,
    0xEB, 0xF4, 0x2F, 0xFF, 0xFF, 0xF0, 0x3F, 0xC3, 0xFF, 0xC0, 0x00, 0x00, 0x14, 0x00, 0x00, 0x00,
    0x00, 0x3F, 0xFF, 0xFF, 0x3F, 0xFF, 0xFF, 0x3F, 0xFF, 0xFF, 0x2A, 0xAA, 0xA9, 0x00, 0x00, 0x00,
    0x3F, 0x80, 0xFC, 0x2F, 0xEB, 0xFC, 0x0F, 0xFF, 0xF0, 0x02, 0xFF, 0xC0, 0x00, 0x04, 0x00, 0x00,
    0x00, 0x0F, 0xC0, 0x3F, 0xF0, 0x3F, 0xF0, 0x3F, 0xF0, 0x0F, 0xC0, 0x00, 0x00, 0x00, 0x00, 0x00,
    0x00, 0x0F, 0xC0, 0x3F, 0x00, 0x3F, 0xF0, 0xFF, 0xC0, 0x3F, 0xF0, 0xFF, 0xC0, 0x3F, 0xF0, 0xFF,
    0xC0, 0x0F, 0xC0, 0x3F, 0x00, 0x00, 0x00, 0x00, 0x00, 0x00, 0x00, 0x00, 0x02, 0xFE, 0x00, 0x0F,
    0xFF, 0xC0, 0x2F, 0xFF, 0xF0, 0x3F, 0xCB, 0xF8, 0x3F, 0x02, 0xF8, 0x3F, 0x43, 0xF8, 0x3F, 0xEF,
    0xF0, 0x0F, 0xFF, 0xF0, 0x07, 0xFF, 0xC0, 0x00, 0xA8, 0x00, 0x00, 0x04, 0x00, 0x00, 0x00, 0x3F,
    0x00, 0xFE, 0x00, 0xFF, 0x83, 0xFF, 0x03, 0xFF, 0x4B, 0xFE, 0x0F, 0xFE, 0x2F, 0xFC, 0x2F, 0xF0,
    0x3F, 0xE0, 0x00, 0x00, 0x00, 0x00, 0x00, 0x00, 0x00, 0x00, 0x2F, 0xF8, 0x0F, 0xF8, 0x0B, 0xFE,
    0xBF, 0xE0, 0x01, 0xFF, 0xFF, 0x80, 0x00, 0x3F, 0xFE, 0x00, 0x00, 0x0F, 0xF0, 0x00, 0x00, 0x01,
    0x40, 0x00, 0x00, 0x24, 0x00, 0x02, 0xFF, 0x00, 0x02, 0xFF, 0x80, 0x00, 0xBF, 0xC0, 0x00, 0xBF,
    0xC0, 0x01, 0xFF, 0x80, 0x3F, 0xFE, 0x00, 0x0B, 0xE0, 0x00, 0x00, 0x00, 0x00, 0x02, 0xC0, 0x00,
    0x03, 0xC0, 0x00, 0x0B, 0xE8, 0x00, 0x0F, 0xFF, 0x80, 0x00, 0x3F, 0xC0, 0x28, 0xBF, 0x80, 0x3F,
    0xFF, 0x00, 0x0A, 0xA0, 0x00, 0x00, 0x00, 0x00, 0x0B, 0xFF, 0x00, 0x2F, 0xF0, 0x00, 0x3F, 0xF0,
    0x00, 0x3F, 0xFF, 0xC0, 0x2F, 0xFF, 0xC0, 0x07, 0xFF, 0xC0, 0x00, 0x00, 0x00, 0x00, 0x00, 0x00,
    0x00, 0x00, 0x00, 0x00, 0x03, 0xE0, 0x00, 0x00, 0x00, 0x00, 0x03, 0xFC, 0x00, 0x00, 0x00, 0x00,
    0x00, 0xFF, 0x00, 0x00, 0x00, 0x00, 0x00, 0x2F, 0xC0, 0x00, 0x00, 0x00, 0x00, 0x03, 0xF0, 0x00,
    0x00, 0x00, 0x00, 0x00, 0xBC, 0x00, 0x00, 0x00, 0x00, 0x00, 0x00, 0x00, 0x00, 0x00, 0x00, 0x00,
    0x00, 0x00, 0x00, 0xBF, 0xFF, 0xFF, 0xFF, 0xFE, 0x00, 0x03, 0xFF, 0xAA, 0xAB, 0xFE, 0x00, 0x02,
    0xFE, 0x00, 0x00, 0x3E, 0x00, 0x02, 0xFC, 0x00, 0x00, 0x0E, 0x00, 0x02, 0xFC, 0x00, 0x00, 0x0A,
    0x00, 0x02, 0xFC, 0x00, 0x00, 0x00, 0x00, 0x02, 0xFC, 0x00, 0x00, 0x00, 0x00, 0x02, 0xFC, 0x00,
    0x00, 0x20, 0x00, 0x02, 0xFC, 0x00, 0x00, 0xA0, 0x00, 0x02, 0xFC, 0x00, 0x00, 0xE0, 0x00, 0x02,
    0xFE, 0xAA, 0xAF, 0xE0, 0x00, 0x02, 0xFF, 0xFF, 0xFF, 0xE0, 0x00, 0x02, 0xFE, 0x00, 0x0B, 0xE0,
    0x00, 0x02, 0xFC, 0x00, 0x00, 0xE0, 0x00, 0x02, 0xFC, 0x00, 0x00, 0xA0, 0x00, 0x02, 0xFC, 0x00,
    0x00, 0x20, 0x00, 0x02, 0xFC, 0x00, 0x00, 0x00, 0x00, 0x02, 0xFC, 0x00, 0x00, 0x00, 0x00, 0x02,
    0xFC, 0x00, 0x00, 0x00, 0xD0, 0x02, 0xFC, 0x00, 0x00, 0x02, 0xC0, 0x02, 0xFC, 0x00, 0x00, 0x0B,
    0xC0, 0x02, 0xFE, 0x00, 0x00, 0x2F, 0x80, 0x0B, 0xFF, 0xAA, 0xAF, 0xFF, 0x00, 0xBF, 0xFF, 0xFF,
    0xFF, 0xFF, 0x00, 0x00, 0x00, 0x80, 0x01, 0x80, 0x00, 0x00, 0x03, 0xF0, 0x0B, 0xF0, 0x00, 0x00,
    0x0B, 0xF8, 0x0F, 0xF0, 0x00, 0x00, 0x03, 0xF0, 0x0B, 0xF0, 0x00, 0x00, 0x00, 0x80, 0x02, 0x80,
    0x00, 0x00, 0x00, 0x00, 0x00, 0x00, 0x00, 0x00, 0x00, 0x00, 0x00, 0x00, 0x00, 0xBF, 0xFF, 0xFF,
    0xFF, 0xFF, 0xC0, 0x02, 0xFF, 0xEA, 0xAA, 0xAF, 0xD0, 0x00, 0xFF, 0x00, 0x00, 0x02, 0xE0, 0x00,
    0xFF, 0x00, 0x00, 0x00, 0xE0, 0x00, 0xFF, 0x00, 0x00, 0x00, 0xA0, 0x00, 0xFF, 0x00, 0x00, 0x00,
    0x00, 0x00, 0xFF, 0x00, 0x00, 0x00, 0x00, 0x00, 0xFF, 0x00, 0x00, 0x08, 0x00, 0x00, 0xFF, 0x00,
    0x00, 0x0D, 0x00, 0x00, 0xFF, 0x00, 0x00, 0x0D, 0x00, 0x00, 0xFF, 0xAA, 0xAA, 0xFD, 0x00, 0x00,
    0xFF, 0xFF, 0xFF, 0xFD, 0x00, 0x00, 0xFF, 0x00, 0x00, 0x3D, 0x00, 0x00, 0xFF, 0x00, 0x00, 0x0D,
    0x00, 0x00, 0xFF, 0x00, 0x00, 0x09, 0x00, 0x00, 0xFF, 0x00, 0x00, 0x00, 0x00, 0x00, 0xFF, 0x00,
    0x00, 0x00, 0x00, 0x00, 0xFF, 0x00, 0x00, 0x00, 0x00, 0x00, 0xFF, 0x00, 0x00, 0x00, 0x0A, 0x00,
    0xFF, 0x00, 0x00, 0x00, 0x0C, 0x00, 0xFF, 0x00, 0x00, 0x00, 0x3C, 0x00, 0xFF, 0x40, 0x00, 0x00,
    0xF8, 0x03, 0xFF, 0xFA, 0xAA, 0xBF, 0xF0, 0xBF, 0xFF, 0xFF, 0xFF, 0xFF, 0xF0, 0x00, 0x00, 0x00,
    0x00, 0x00, 0x00, 0x00, 0x3F, 0xFF, 0xFF, 0xFF, 0xFF, 0xF0, 0x00, 0x7F, 0x91, 0xBF, 0xE5, 0xAF,
    0xF0, 0x00, 0xB8, 0x00, 0x3F, 0xC0, 0x00, 0xF0, 0x00, 0xB0, 0x00, 0x3F, 0xC0, 0x00, 0xB0, 0x00,
    0xA0, 0x00, 0x3F, 0xC0, 0x00, 0x30, 0x00, 0x90, 0x00, 0x3F, 0xC0, 0x00, 0x30, 0x00, 0x00, 0x00,
    0x3F, 0xC0, 0x00, 0x00, 0x00, 0x00, 0x00, 0x3F, 0xC0, 0x00, 0x00, 0x00, 0x00, 0x00, 0x3F, 0xC0,
    0x00, 0x00, 0x00, 0x00, 0x00, 0x3F, 0xC0, 0x1A, 0x40, 0x00, 0x00, 0x00, 0x3F, 0xCB, 0xFF, 0xFD,
    0x00, 0x00, 0x00, 0x3F, 0xF9, 0x00, 0xBF, 0x80, 0x00, 0x00, 0x3F, 0xC0, 0x00, 0x2F, 0xE0, 0x00,
    0x00, 0x3F, 0xC0, 0x00, 0x0F, 0xF0, 0x00, 0x00, 0x3F, 0xC0, 0x00, 0x0B, 0xF8, 0x00, 0x00, 0x3F,
    0xC0, 0x00, 0x03, 0xFC, 0x00, 0x00, 0x3F, 0xC0, 0x00, 0x03, 0xFC, 0x00, 0x00, 0x3F, 0xC0, 0x00,
    0x03, 0xFC, 0x00, 0x00, 0x3F, 0xC0, 0x00, 0x03, 0xFC, 0x00, 0x00, 0x3F, 0xC0, 0x2E, 0x03, 0xF8,
    0x00, 0x00, 0x3F, 0xC0, 0x3F, 0x07, 0xF8, 0x00, 0x00, 0x3F, 0xC0, 0x3F, 0x0B, 0xF0, 0x00, 0x00,
    0xFF, 0xE0, 0x3F, 0x0F, 0xC0, 0x00, 0x0F, 0xFF, 0xFF, 0x0F, 0xFF, 0x00, 0x00, 0x00, 0x00, 0x00,
    0x00, 0x50, 0x00, 0x00, 0x00, 0x00, 0x00, 0x00, 0x00, 0x00, 0x00, 0xBC, 0x00, 0x00, 0x00, 0x02,
    0xFC, 0x00, 0x00, 0x00, 0x0B, 0xF0, 0x00, 0x00, 0x00, 0x2F, 0x80, 0x00, 0x00, 0x00, 0xBC, 0x00,
    0x00, 0x00, 0x02, 0xE0, 0x00, 0x00, 0x00, 0x00, 0x00, 0x00, 0x00, 0x00, 0x00, 0x00, 0x00, 0x00,
    0xBF, 0xFF, 0xFF, 0xFF, 0xFE, 0x03, 0xFF, 0xAA, 0xAA, 0xFE, 0x02, 0xFE, 0x00, 0x00, 0x3E, 0x02,
    0xFC, 0x00, 0x00, 0x0E, 0x02, 0xFC, 0x00, 0x00, 0x0E, 0x02, 0xFC, 0x00, 0x00, 0x0A, 0x02, 0xFC,
    0x00, 0x00, 0x00, 0x02, 0xFC, 0x00, 0x00, 0x00, 0x02, 0xFC, 0x00, 0x00, 0x00, 0x02, 0xFC, 0x00,
    0x00, 0x00, 0x02, 0xFC, 0x00, 0x00, 0x00, 0x02, 0xFC, 0x00, 0x00, 0x00, 0x02, 0xFC, 0x00, 0x00,
    0x00, 0x02, 0xFC, 0x00, 0x00, 0x00, 0x02, 0xFC, 0x00, 0x00, 0x00, 0x02, 0xFC, 0x00, 0x00, 0x00,
    0x02, 0xFC, 0x00, 0x00, 0x00, 0x02, 0xFC, 0x00, 0x00, 0x00, 0x02, 0xFC, 0x00, 0x00, 0x00, 0x02,
    0xFC, 0x00, 0x00, 0x00, 0x02, 0xFC, 0x00, 0x00, 0x00, 0x02, 0xFE, 0x00, 0x00, 0x00, 0x0B, 0xFF,
    0x80, 0x00, 0x00, 0xBF, 0xFF, 0xFC, 0x00, 0x00, 0x00, 0x00, 0x06, 0xA4, 0x00, 0x80, 0x00, 0x02,
    0xFF, 0xFF, 0xE2, 0xC0, 0x00, 0x2F, 0xF8, 0x02, 0xFF, 0xC0, 0x00, 0xFF, 0x40, 0x00, 0x2F, 0xD0,
    0x03, 0xFC, 0x00, 0x00, 0x0B, 0xE0, 0x0B, 0xF4, 0x00, 0x00, 0x03, 0xE0, 0x0F, 0xF0, 0x00, 0x00,
    0x01, 0xE0, 0x3F, 0xD0, 0x00, 0x00, 0x00, 0xE0, 0x3F, 0xC0, 0x00, 0x00, 0x00, 0x90, 0xBF, 0xC0,
    0x00, 0x00, 0x00, 0x00, 0xBF, 0x80, 0x00, 0x00, 0x00, 0x00, 0xFF, 0xEA, 0xAA, 0xA0, 0x00, 0x00,
    0xFF, 0xFF, 0xFF, 0xF8, 0x00, 0x00, 0xFF, 0x80, 0x00, 0x00, 0x00, 0x00, 0xFF, 0x80, 0x00, 0x00,
    0x00, 0x00, 0xBF, 0x80, 0x00, 0x00, 0x00, 0x00, 0xBF, 0xC0, 0x00, 0x00, 0x00, 0x00, 0x3F, 0xC0,
    0x00, 0x00, 0x00, 0x00, 0x3F, 0xE0, 0x00, 0x00, 0x00, 0x00, 0x0F, 0xF0, 0x00, 0x00, 0x00, 0x00,
    0x0F, 0xF8, 0x00, 0x00, 0x00, 0x70, 0x03, 0xFE, 0x00, 0x00, 0x02, 0xE0, 0x00, 0xFF, 0xC0, 0x00,
    0x0F, 0x40, 0x00, 0x2F, 0xFE, 0x5A, 0xFC, 0x00, 0x00, 0x02, 0xFF, 0xFF, 0x80, 0x00, 0x00, 0x00,
    0x01, 0x80, 0x00, 0x00, 0x00, 0x0A, 0x90, 0x08, 0x00, 0x00, 0xFF, 0xFF, 0xAC, 0x00, 0x03, 0xF8,
    0x0B, 0xFD, 0x00, 0x0F, 0xE0, 0x00, 0xFE, 0x00, 0x0F, 0xC0, 0x00, 0x3E, 0x00, 0x2F, 0xC0, 0x00,
    0x0E, 0x00, 0x2F, 0xC0, 0x00, 0x0F, 0x00, 0x2F, 0xE0, 0x00, 0x07, 0x00, 0x0F, 0xF8, 0x00, 0x00,
    0x00, 0x0F, 0xFF, 0x00, 0x00, 0x00, 0x03, 0xFF, 0xE0, 0x00, 0x00, 0x00, 0xFF, 0xFD, 0x00, 0x00,
    0x00, 0x2F, 0xFF, 0x80, 0x00, 0x00, 0x03, 0xFF, 0xF0, 0x00, 0x00, 0x00, 0xBF, 0xFC, 0x00, 0x00,
    0x00, 0x0F, 0xFF, 0x00, 0x00, 0x00, 0x02, 0xFF, 0x40, 0x00, 0x00, 0x00, 0xFF, 0x80, 0xB0, 0x00,
    0x00, 0x3F, 0x80, 0x30, 0x00, 0x00, 0x3F, 0x80, 0x3C, 0x00, 0x00, 0x3F, 0x80, 0x3E, 0x00, 0x00,
    0xBF, 0x00, 0x3F, 0xC0, 0x00, 0xFE, 0x00, 0x3F, 0xF8, 0x0B, 0xF8, 0x00, 0x2D, 0xBF, 0xFF, 0xC0,
    0x00, 0x00, 0x00, 0x60, 0x00, 0x00, 0x00, 0x00, 0x00, 0x3F, 0xFF, 0xFD, 0x02, 0xFF, 0x80, 0x00,
    0xFF, 0x00, 0x00, 0xFF, 0x00, 0x00, 0xFF, 0x00, 0x00, 0xFF, 0x00, 0x00, 0xFF, 0x00, 0x00, 0xFF,
    0x00, 0x00, 0xFF, 0x00, 0x00, 0xFF, 0x00, 0x00, 0xFF, 0x00, 0x00, 0xFF, 0x00, 0x00, 0xFF, 0x00,
    0x00, 0xFF, 0x00, 0x00, 0xFF, 0x00, 0x00, 0xFF, 0x00, 0x00, 0xFF, 0x00, 0x00, 0xFF, 0x00, 0x00,
    0xFF, 0x00, 0x00, 0xFF, 0x00, 0x00, 0xFF, 0x00, 0x00, 0xFF, 0x00, 0x03, 0xFF, 0xC0, 0xBF, 0xFF,
    0xFE, 0x19, 0x00, 0x60, 0x3F, 0x00, 0xFC, 0x3F, 0x01, 0xFC, 0x2E, 0x00, 0xF8, 0x00, 0x00, 0x00,
    0x00, 0x00, 0x00, 0x3F, 0xFF, 0xFD, 0x02, 0xFF, 0x80, 0x00, 0xFF, 0x00, 0x00, 0xFF, 0x00, 0x00,
    0xFF, 0x00, 0x00, 0xFF, 0x00, 0x00, 0xFF, 0x00, 0x00, 0xFF, 0x00, 0x00, 0xFF, 0x00, 0x00, 0xFF,
    0x00, 0x00, 0xFF, 0x00, 0x00, 0xFF, 0x00, 0x00, 0xFF, 0x00, 0x00, 0xFF, 0x00, 0x00, 0xFF, 0x00,
    0x00, 0xFF, 0x00, 0x00, 0xFF, 0x00, 0x00, 0xFF, 0x00, 0x00, 0xFF, 0x00, 0x00, 0xFF, 0x00, 0x00,
    0xFF, 0x00, 0x00, 0xFF, 0x00, 0x03, 0xFF, 0xC0, 0xBF, 0xFF, 0xFE, 0x00, 0x00, 0x00, 0x00, 0x03,
    0xFF, 0xFF, 0xE0, 0x00, 0x2F, 0xFC, 0x00, 0x00, 0x0F, 0xF0, 0x00, 0x00, 0x0B, 0xF0, 0x00, 0x00,
    0x0B, 0xF0, 0x00, 0x00, 0x0B, 0xF0, 0x00, 0x00, 0x0B, 0xF0, 0x00, 0x00, 0x0B, 0xF0, 0x00, 0x00,
    0x0B, 0xF0, 0x00, 0x00, 0x0B, 0xF0, 0x00, 0x00, 0x0B, 0xF0, 0x00, 0x00, 0x0B, 0xF0, 0x00, 0x00,
    0x0B, 0xF0, 0x00, 0x00, 0x0B, 0xF0, 0x00, 0x00, 0x0B, 0xF0, 0x00, 0x00, 0x0B, 0xF0, 0x00, 0x00,
    0x0B, 0xF0, 0x00, 0x00, 0x0B, 0xF0, 0x00, 0x00, 0x0B, 0xF0, 0x00, 0x00, 0x0F, 0xF0, 0x00, 0x3D,
    0x0F, 0xD0, 0x00, 0xBF, 0x0F, 0xC0, 0x00, 0xBF, 0x6F, 0x40, 0x00, 0x3F, 0xFC, 0x00, 0x00, 0x01,
    0x40, 0x00, 0x00, 0x00, 0x00, 0x00, 0x00, 0x00, 0x00, 0x00, 0x00, 0x00, 0x02, 0xFF, 0xFF, 0xFF,
    0xFF, 0xFC, 0x00, 0x00, 0x00, 0x00, 0x0F, 0xFA, 0x1B, 0xFF, 0x80, 0x00, 0x00, 0x00, 0x00, 0x07,
    0xE0, 0x00, 0xFF, 0x00, 0x00, 0x00, 0x00, 0x00, 0x03, 0xC0, 0x00, 0xFF, 0x00, 0x00, 0x00, 0x00,
    0x00, 0x03, 0xC0, 0x00, 0xFF, 0x00, 0x00, 0x00, 0x00, 0x00, 0x03, 0xC0, 0x00, 0xFF, 0x00, 0x00,
    0x00, 0x00, 0x00, 0x03, 0xC0, 0x00, 0xFF, 0x00, 0x00, 0x00, 0x00, 0x00, 0x03, 0xC0, 0x00, 0xFF,
    0x00, 0x00, 0x00, 0x00, 0x00, 0x03, 0xC0, 0x00, 0xFF, 0x00, 0x00, 0x00, 0x00, 0x00, 0x03, 0xC0,
    0x00, 0xFF, 0x00, 0x00, 0x00, 0x00, 0x00, 0x03, 0xC0, 0x00, 0xFF, 0xAA, 0x90, 0x00, 0x00, 0x00,
    0x03, 0x80, 0x00, 0xFF, 0xFF, 0xFF, 0x80, 0x00, 0x00, 0x03, 0x80, 0x00, 0xFF, 0x00, 0xBF, 0xF8,
    0x00, 0x00, 0x03, 0x80, 0x00, 0xFF, 0x00, 0x03, 0xFE, 0x00, 0x00, 0x03, 0x80, 0x00, 0xFF, 0x00,
    0x00, 0xFF, 0x00, 0x00, 0x03, 0x80, 0x00, 0xFF, 0x00, 0x00, 0xFF, 0x80, 0x00, 0x03, 0x80, 0x00,
    0xFF, 0x00, 0x00, 0xBF, 0x80, 0x00, 0x03, 0x80, 0x00, 0xFF, 0x00, 0x00, 0xBF, 0x80, 0x00, 0x03,
    0x00, 0x00, 0xFF, 0x00, 0x00, 0xBF, 0x80, 0x18, 0x0B, 0x00, 0x00, 0xFF, 0x00, 0x00, 0xFF, 0x00,
    0x7F, 0x0B, 0x00, 0x00, 0xFF, 0x00, 0x02, 0xFF, 0x00, 0xBF, 0x0E, 0x00, 0x00, 0xFF, 0x00, 0x0B,
    0xFC, 0x00, 0xBF, 0xFC, 0x00, 0x03, 0xFF, 0xEA, 0xFF, 0xE0, 0x00, 0x3F, 0xF8, 0x00, 0xBF, 0xFF,
    0xFF, 0xFA, 0x00, 0x00, 0x01, 0x40, 0x00, 0x00, 0x00, 0x00, 0x00, 0x00, 0x00, 0x00, 0x00, 0x00,
    0x00, 0x00, 0x00, 0x00, 0x00, 0x00, 0x3F, 0xFF, 0xF8, 0x0F, 0xFF, 0xFF, 0x00, 0x00, 0x00, 0x03,
    0xFF, 0x80, 0x00, 0xFF, 0xE0, 0x00, 0x00, 0x00, 0x00, 0xFF, 0x00, 0x00, 0x3F, 0xC0, 0x00, 0x00,
    0x00, 0x00, 0xFE, 0x00, 0x00, 0x3F, 0x80, 0x00, 0x00, 0x00, 0x00, 0xFE, 0x00, 0x00, 0x3F, 0x80,
    0x00, 0x00, 0x00, 0x00, 0xFE, 0x00, 0x00, 0x3F, 0x80, 0x00, 0x00, 0x00, 0x00, 0xFE, 0x00, 0x00,
    0x3F, 0x80, 0x00, 0x00, 0x00, 0x00, 0xFE, 0x00, 0x00, 0x3F, 0x80, 0x00, 0x00, 0x00, 0x00, 0xFE,
    0x00, 0x00, 0x3F, 0x80, 0x00, 0x00, 0x00, 0x00, 0xFE, 0x00, 0x00, 0x3F, 0x80, 0x00, 0x00, 0x00,
    0x00, 0xFE, 0x00, 0x00, 0x3F, 0x80, 0x00, 0x00, 0x00, 0x00, 0xFF, 0xFF, 0xFF, 0xFF, 0xFF, 0xFE,
    0x00, 0x00, 0x00, 0xFF, 0xAA, 0xAA, 0xBF, 0xEA, 0xBF, 0xF0, 0x00, 0x00, 0xFE, 0x00, 0x00, 0x3F,
    0x80, 0x0B, 0xFC, 0x00, 0x00, 0xFE, 0x00, 0x00, 0x3F, 0x80, 0x02, 0xFF, 0x00, 0x00, 0xFE, 0x00,
    0x00, 0x3F, 0x80, 0x00, 0xFF, 0x00, 0x00, 0xFE, 0x00, 0x00, 0x3F, 0x80, 0x00, 0xFF, 0x00, 0x00,
    0xFE, 0x00, 0x00, 0x3F, 0x80, 0x00, 0xFF, 0x00, 0x00, 0xFE, 0x00, 0x00, 0x3F, 0x80, 0x00, 0xFF,
    0x00, 0x00, 0xFE, 0x00, 0x00, 0x3F, 0x80, 0x00, 0xFF, 0x00, 0x00, 0xFE, 0x00, 0x00, 0x3F, 0x80,
    0x03, 0xFE, 0x00, 0x00, 0xFF, 0x00, 0x00, 0x3F, 0xC0, 0x0B, 0xFC, 0x00, 0x03, 0xFF, 0x80, 0x00,
    0xFF, 0xEA, 0xFF, 0xE0, 0x00, 0x3F, 0xFF, 0xFC, 0x0F, 0xFF, 0xFF, 0xFE, 0x00, 0x00, 0x00, 0x00,
    0x00, 0x00, 0x00, 0x00, 0x00, 0x00, 0x3F, 0xFF, 0xFF, 0xFF, 0xFF, 0xF0, 0x00, 0x00, 0x7F, 0x91,
    0xBF, 0xE5, 0xAF, 0xF0, 0x00, 0x00, 0xB8, 0x00, 0x3F, 0xC0, 0x00, 0xF0, 0x00, 0x00, 0xB0, 0x00,
    0x3F, 0xC0, 0x00, 0xB0, 0x00, 0x00, 0xA0, 0x00, 0x3F, 0xC0, 0x00, 0x30, 0x00, 0x00, 0x90, 0x00,
    0x3F, 0xC0, 0x00, 0x30, 0x00, 0x00, 0x00, 0x00, 0x3F, 0xC0, 0x00, 0x00, 0x00, 0x00, 0x00, 0x00,
    0x3F, 0xC0, 0x00, 0x00, 0x00, 0x00, 0x00, 0x00, 0x3F, 0xC0, 0x00, 0x00, 0x00, 0x00, 0x00, 0x00,
    0x3F, 0xC0, 0x00, 0x00, 0x00, 0x00, 0x00, 0x00, 0x3F, 0xC2, 0xBF, 0xFE, 0x00, 0x00, 0x00, 0x00,
    0x3F, 0xFF, 0xAA, 0xFF, 0xC0, 0x00, 0x00, 0x00, 0x3F, 0xE0, 0x00, 0x2F, 0xF0, 0x00, 0x00, 0x00,
    0x3F, 0xC0, 0x00, 0x0F, 0xF0, 0x00, 0x00, 0x00, 0x3F, 0xC0, 0x00, 0x0B, 0xF8, 0x00, 0x00, 0x00,
    0x3F, 0xC0, 0x00, 0x03, 0xF8, 0x00, 0x00, 0x00, 0x3F, 0xC0, 0x00, 0x03, 0xF8, 0x00, 0x00, 0x00,
    0x3F, 0xC0, 0x00, 0x03, 0xF8, 0x00, 0x00, 0x00, 0x3F, 0xC0, 0x00, 0x03, 0xF8, 0x00, 0x00, 0x00,
    0x3F, 0xC0, 0x00, 0x03, 0xF8, 0x00, 0x00, 0x00, 0x3F, 0xC0, 0x00, 0x07, 0xF8, 0x00, 0x00, 0x00,
    0x3F, 0xC0, 0x00, 0x0B, 0xFC, 0x00, 0x00, 0x00, 0xFF, 0xE0, 0x00, 0x0F, 0xFE, 0x00, 0x00, 0x0F,
    0xFF, 0xFF, 0x00, 0xFF, 0xFF, 0xF0, 0x00, 0x00, 0x00, 0x00, 0x00, 0x00, 0x00, 0x00, 0x00, 0x00,
    0x00, 0xF4, 0x00, 0x00, 0x00, 0x00, 0x00, 0x03, 0xF8, 0x00, 0x00, 0x00, 0x00, 0x00, 0x0F, 0xE0,
    0x00, 0x00, 0x00, 0x00, 0x00, 0x3F, 0x00, 0x00, 0x00, 0x00, 0x00, 0x00, 0xF8, 0x00, 0x00, 0x00,
    0x00, 0x00, 0x03, 0xC0, 0x00, 0x00, 0x00, 0x00, 0x00, 0x00, 0x00, 0x00, 0x00, 0x00, 0x00, 0x00,
    0x00, 0x00, 0x00, 0x00, 0x00, 0x3F, 0xFF, 0xFF, 0x02, 0xFF, 0xFF, 0x80, 0x02, 0xFF, 0xC0, 0x00,
    0x2F, 0xE0, 0x00, 0x00, 0xFF, 0x80, 0x00, 0x3F, 0x40, 0x00, 0x00, 0xBF, 0x00, 0x00, 0xBC, 0x00,
    0x00, 0x00, 0xBF, 0x00, 0x02, 0xF0, 0x00, 0x00, 0x00, 0xBF, 0x00, 0x0B, 0xC0, 0x00, 0x00, 0x00,
    0xBF, 0x00, 0x2F, 0x00, 0x00, 0x00, 0x00, 0xBF, 0x00, 0xBC, 0x00, 0x00, 0x00, 0x00, 0xBF, 0x02,
    0xF0, 0x00, 0x00, 0x00, 0x00, 0xBF, 0x0B, 0xC0, 0x00, 0x00, 0x00, 0x00, 0xBF, 0x2F, 0x80, 0x00,
    0x00, 0x00, 0x00, 0xBF, 0xFF, 0xD0, 0x00, 0x00, 0x00, 0x00, 0xBF, 0xBF, 0xF4, 0x00, 0x00, 0x00,
    0x00, 0xBF, 0x0F, 0xFE, 0x00, 0x00, 0x00, 0x00, 0xBF, 0x03, 0xFF, 0x80, 0x00, 0x00, 0x00, 0xBF,
    0x00, 0xFF, 0xE0, 0x00, 0x00, 0x00, 0xBF, 0x00, 0x3F, 0xF8, 0x00, 0x00, 0x00, 0xBF, 0x00, 0x0F,
    0xFE, 0x00, 0x00, 0x00, 0xBF, 0x00, 0x03, 0xFF, 0x80, 0x00, 0x00, 0xBF, 0x00, 0x00, 0xFF, 0xE0,
    0x00, 0x00, 0xBF, 0x00, 0x00, 0x3F, 0xF8, 0x00, 0x00, 0xFF, 0x80, 0x00, 0x0F, 0xFE, 0x00, 0x02,
    0xFF, 0xD0, 0x00, 0x0F, 0xFF, 0x80, 0x3F, 0xFF, 0xFF, 0x02, 0xFF, 0xFF, 0xF0, 0x00, 0x00, 0x0E,
    0x00, 0x00, 0x00, 0x00, 0x00, 0x00, 0x2F, 0x80, 0x00, 0x00, 0x00, 0x00, 0x00, 0x0F, 0xE0, 0x00,
    0x00, 0x00, 0x00, 0x00, 0x03, 0xF8, 0x00, 0x00, 0x00, 0x00, 0x00, 0x00, 0xBE, 0x00, 0x00, 0x00,
    0x00, 0x00, 0x00, 0x0B, 0x80, 0x00, 0x00, 0x00, 0x00, 0x00, 0x00, 0x80, 0x00, 0x00, 0x00, 0x00,
    0x00, 0x00, 0x00, 0x00, 0x00, 0x00, 0x00, 0x00, 0x00, 0x00, 0x00, 0x00, 0x00, 0x00, 0x00, 0x00,
    0x00, 0x00, 0x00, 0x3F, 0xFF, 0xF8, 0x00, 0xFF, 0xFF, 0xF0, 0x03, 0xFF, 0x80, 0x00, 0x0B, 0xFE,
    0x00, 0x00, 0xFF, 0x00, 0x00, 0x03, 0xFC, 0x00, 0x00, 0xFE, 0x00, 0x00, 0x0B, 0xFC, 0x00, 0x00,
    0xFE, 0x00, 0x00, 0x0F, 0xFC, 0x00, 0x00, 0xFE, 0x00, 0x00, 0x3F, 0xFC, 0x00, 0x00, 0xFE, 0x00,
    0x00, 0xFB, 0xFC, 0x00, 0x00, 0xFE, 0x00, 0x02, 0xE3, 0xFC, 0x00, 0x00, 0xFE, 0x00, 0x0B, 0xC3,
    0xFC, 0x00, 0x00, 0xFE, 0x00, 0x0F, 0x03, 0xFC, 0x00, 0x00, 0xFE, 0x00, 0x3C, 0x03, 0xFC, 0x00,
    0x00, 0xFE, 0x00, 0xF8, 0x03, 0xFC, 0x00, 0x00, 0xFE, 0x02, 0xE0, 0x03, 0xFC, 0x00, 0x00, 0xFE,
    0x0B, 0xC0, 0x03, 0xFC, 0x00, 0x00, 0xFE, 0x0F, 0x00, 0x03, 0xFC, 0x00, 0x00, 0xFE, 0x3C, 0x00,
    0x03, 0xFC, 0x00, 0x00, 0xFE, 0xF8, 0x00, 0x03, 0xFC, 0x00, 0x00, 0xFF, 0xE0, 0x00, 0x03, 0xFC,
    0x00, 0x00, 0xFF, 0xC0, 0x00, 0x03, 0xFC, 0x00, 0x00, 0xFF, 0x00, 0x00, 0x03, 0xFC, 0x00, 0x00,
    0xFE, 0x00, 0x00, 0x03, 0xFC, 0x00, 0x00, 0xFF, 0x00, 0x00, 0x03, 0xFC, 0x00, 0x03, 0xFF, 0x80,
    0x00, 0x0F, 0xFE, 0x00, 0x3F, 0xFF, 0xFC, 0x00, 0xFF, 0xFF, 0xF0, 0x00, 0x00, 0x02, 0x00, 0xA0,
    0x00, 0x00, 0x00, 0x00, 0x0B, 0x80, 0xF8, 0x00, 0x00, 0x00, 0x00, 0x0E, 0x00, 0x28, 0x00, 0x00,
    0x00, 0x00, 0x0B, 0x00, 0x78, 0x00, 0x00, 0x00, 0x00, 0x03, 0xFF, 0xF0, 0x00, 0x00, 0x00, 0x00,
    0x00, 0xBF, 0x80, 0x00, 0x00, 0x00, 0x00, 0x00, 0x00, 0x00, 0x00, 0x00, 0x00, 0x00, 0x00, 0x00,
    0x00, 0x00, 0x00, 0xBF, 0xFF, 0xFE, 0x00, 0x07, 0xFF, 0xF8, 0x07, 0xFF, 0xC0, 0x00, 0x00, 0x3F,
    0x80, 0x00, 0xFF, 0xC0, 0x00, 0x00, 0x3D, 0x00, 0x00, 0x3F, 0xE0, 0x00, 0x00, 0xB8, 0x00, 0x00,
    0x2F, 0xF0, 0x00, 0x00, 0xF0, 0x00, 0x00, 0x0F, 0xFC, 0x00, 0x02, 0xE0, 0x00, 0x00, 0x03, 0xFE,
    0x00, 0x03, 0xC0, 0x00, 0x00, 0x02, 0xFF, 0x00, 0x0B, 0x80, 0x00, 0x00, 0x00, 0xFF, 0xC0, 0x0F,
    0x00, 0x00, 0x00, 0x00, 0x3F, 0xE0, 0x2D, 0x00, 0x00, 0x00, 0x00, 0x2F, 0xF0, 0x3C, 0x00, 0x00,
    0x00, 0x00, 0x0F, 0xFC, 0xB0, 0x00, 0x00, 0x00, 0x00, 0x03, 0xFE, 0xF0, 0x00, 0x00, 0x00, 0x00,
    0x02, 0xFF, 0xC0, 0x00, 0x00, 0x00, 0x00, 0x00, 0xFF, 0xC0, 0x00, 0x00, 0x00, 0x00, 0x00, 0x3F,
    0x00, 0x00, 0x00, 0x00, 0x00, 0x00, 0x2E, 0x00, 0x00, 0x00, 0x00, 0x00, 0x00, 0x2C, 0x00, 0x00,
    0x00, 0x00, 0x00, 0x00, 0x38, 0x00, 0x00, 0x00, 0x00, 0x00, 0x00, 0xF0, 0x00, 0x00, 0x00, 0x00,
    0x3F, 0x00, 0xE0, 0x00, 0x00, 0x00, 0x00, 0x3F, 0xC3, 0xC0, 0x00, 0x00, 0x00, 0x00, 0x3F, 0xFF,
    0x00, 0x00, 0x00, 0x00, 0x00, 0x2F, 0xFC, 0x00, 0x00, 0x00, 0x00, 0x00, 0x00, 0x40, 0x00, 0x00,
    0x00, 0x00, 0x00, 0x00, 0x00, 0x00, 0x00, 0x00, 0x00, 0x3F, 0xFF, 0xF8, 0x02, 0xFF, 0xFF, 0xC0,
    0x03, 0xFF, 0x80, 0x00, 0x2F, 0xFC, 0x00, 0x00, 0xFF, 0x00, 0x00, 0x0B, 0xF0, 0x00, 0x00, 0xFE,
    0x00, 0x00, 0x0B, 0xF0, 0x00, 0x00, 0xFE, 0x00, 0x00, 0x0B, 0xF0, 0x00, 0x00, 0xFE, 0x00, 0x00,
    0x0B, 0xF0, 0x00, 0x00, 0xFE, 0x00, 0x00, 0x0B, 0xF0, 0x00, 0x00, 0xFE, 0x00, 0x00, 0x0B, 0xF0,
    0x00, 0x00, 0xFE, 0x00, 0x00, 0x0B, 0xF0, 0x00, 0x00, 0xFE, 0x00, 0x00, 0x0B, 0xF0, 0x00, 0x00,
    0xFE, 0x00, 0x00, 0x0B, 0xF0, 0x00, 0x00, 0xFE, 0x00, 0x00, 0x0B, 0xF0, 0x00, 0x00, 0xFE, 0x00,
    0x00, 0x0B, 0xF0, 0x00, 0x00, 0xFE, 0x00, 0x00, 0x0B, 0xF0, 0x00, 0x00, 0xFE, 0x00, 0x00, 0x0B,
    0xF0, 0x00, 0x00, 0xFE, 0x00, 0x00, 0x0B, 0xF0, 0x00, 0x00, 0xFE, 0x00, 0x00, 0x0B, 0xF0, 0x00,
    0x00, 0xFE, 0x00, 0x00, 0x0B, 0xF0, 0x00, 0x00, 0xFE, 0x00, 0x00, 0x0B, 0xF0, 0x00, 0x00, 0xFE,
    0x00, 0x00, 0x0B, 0xF0, 0x00, 0x00, 0xFE, 0x00, 0x00, 0x0B, 0xF0, 0x00, 0x00, 0xFF, 0x00, 0x00,
    0x0F, 0xF4, 0x00, 0x03, 0xFF, 0xFA, 0xAA, 0xFF, 0xFC, 0x00, 0x3F, 0xFF, 0xFF, 0xFF, 0xFF, 0xFF,
    0xD0, 0x00, 0x00, 0x02, 0xF8, 0x00, 0x00, 0x00, 0x00, 0x00, 0x02, 0xF8, 0x00, 0x00, 0x00, 0x00,
    0x00, 0x02, 0xF8, 0x00, 0x00, 0x00, 0x00, 0x00, 0x02, 0xF8, 0x00, 0x00, 0x00, 0x00, 0x00, 0x02,
    0xA8, 0x00, 0x00, 0x00, 0x00, 0x00, 0x00, 0x40, 0x00, 0x00, 0x00, 0x00, 0x00, 0x00, 0xF0, 0x00,
    0x00, 0x00, 0x00, 0x00, 0x02, 0xF0, 0x00, 0x00, 0x00, 0x00, 0x00, 0x03, 0xF8, 0x00, 0x00, 0x00,
    0x00, 0x00, 0x03, 0xFC, 0x00, 0x00, 0x00, 0x00, 0x00, 0x0B, 0xFE, 0x00, 0x00, 0x00, 0x00, 0x00,
    0x0F, 0xFF, 0x00, 0x00, 0x00, 0x00, 0x00, 0x2C, 0xBF, 0x40, 0x00, 0x00, 0x00, 0x00, 0x3C, 0x3F,
    0xC0, 0x00, 0x00, 0x00, 0x00, 0x78, 0x2F, 0xC0, 0x00, 0x00, 0x00, 0x00, 0xF0, 0x0F, 0xE0, 0x00,
    0x00, 0x00, 0x00, 0xE0, 0x0F, 0xF0, 0x00, 0x00, 0x00, 0x02, 0xC0, 0x03, 0xF8, 0x00, 0x00, 0x00,
    0x03, 0xC0, 0x03, 0xFC, 0x00, 0x00, 0x00, 0x0B, 0x40, 0x02, 0xFE, 0x00, 0x00, 0x00, 0x0F, 0xAA,
    0xAA, 0xFF, 0x00, 0x00, 0x00, 0x1F, 0xFF, 0xFF, 0xFF, 0x00, 0x00, 0x00, 0x3C, 0x00, 0x00, 0xBF,
    0xC0, 0x00, 0x00, 0x38, 0x00, 0x00, 0x3F, 0xC0, 0x00, 0x00, 0xB0, 0x00, 0x00, 0x2F, 0xE0, 0x00,
    0x00, 0xF0, 0x00, 0x00, 0x0F, 0xF0, 0x00, 0x02, 0xE0, 0x00, 0x00, 0x0B, 0xF8, 0x00, 0x03, 0xD0,
    0x00, 0x00, 0x07, 0xFC, 0x00, 0x0F, 0xE0, 0x00, 0x00, 0x0B, 0xFF, 0x00, 0xBF, 0xFE, 0x00, 0x00,
    0xFF, 0xFF, 0xE0, 0x00, 0x00, 0x00, 0x00, 0x00, 0x00, 0x3F, 0xFF, 0xFF, 0xFF, 0xFE, 0x00, 0x02,
    0xFF, 0xEA, 0xAA, 0xFE, 0x00, 0x00, 0xFF, 0x00, 0x00, 0x2F, 0x00, 0x00, 0xFF, 0x00, 0x00, 0x0F,
    0x00, 0x00, 0xFF, 0x00, 0x00, 0x0B, 0x00, 0x00, 0xFF, 0x00, 0x00, 0x03, 0x00, 0x00, 0xFF, 0x00,
    0x00, 0x00, 0x00, 0x00, 0xFF, 0x00, 0x00, 0x00, 0x00, 0x00, 0xFF, 0x00, 0x00, 0x00, 0x00, 0x00,
    0xFF, 0x00, 0x00, 0x00, 0x00, 0x00, 0xFF, 0xAA, 0xA0, 0x00, 0x00, 0x00, 0xFF, 0xFF, 0xFF, 0xE0,
    0x00, 0x00, 0xFF, 0x00, 0x6F, 0xFE, 0x00, 0x00, 0xFF, 0x00, 0x02, 0xFF, 0x80, 0x00, 0xFF, 0x00,
    0x00, 0xBF, 0xC0, 0x00, 0xFF, 0x00, 0x00, 0x3F, 0xD0, 0x00, 0xFF, 0x00, 0x00, 0x3F, 0xE0, 0x00,
    0xFF, 0x00, 0x00, 0x2F, 0xE0, 0x00, 0xFF, 0x00, 0x00, 0x3F, 0xD0, 0x00, 0xFF, 0x00, 0x00, 0x3F,
    0xC0, 0x00, 0xFF, 0x00, 0x00, 0xBF, 0x80, 0x00, 0xFF, 0x00, 0x03, 0xFF, 0x00, 0x03, 0xFF, 0xEA,
    0xBF, 0xF8, 0x00, 0x3F, 0xFF, 0xFF, 0xFA, 0x40, 0x00, 0x00, 0x00, 0x00, 0x00, 0x00, 0x00, 0x3F,
    0xFF, 0xFF, 0xFA, 0x00, 0x00, 0x02, 0xFF, 0xEA, 0xBF, 0xE0, 0x00, 0x00, 0xFF, 0x00, 0x0B, 0xFC,
    0x00, 0x00, 0xFF, 0x00, 0x02, 0xFF, 0x00, 0x00, 0xFF, 0x00, 0x00, 0xFF, 0x00, 0x00, 0xFF, 0x00,
    0x00, 0xBF, 0x00, 0x00, 0xFF, 0x00, 0x00, 0xBF, 0x00, 0x00, 0xFF, 0x00, 0x00, 0xFF, 0x00, 0x00,
    0xFF, 0x00, 0x00, 0xFF, 0x00, 0x00, 0xFF, 0x00, 0x03, 0xFC, 0x00, 0x00, 0xFF, 0xAA, 0xBF, 0xE0,
    0x00, 0x00, 0xFF, 0xFF, 0xFF, 0x80, 0x00, 0x00, 0xFF, 0x00, 0xAF, 0xF8, 0x00, 0x00, 0xFF, 0x00,
    0x02, 0xFF, 0x00, 0x00, 0xFF, 0x00, 0x00, 0xBF, 0xC0, 0x00, 0xFF, 0x00, 0x00, 0x3F, 0xC0, 0x00,
    0xFF, 0x00, 0x00, 0x3F, 0xE0, 0x00, 0xFF, 0x00, 0x00, 0x3F, 0xE0, 0x00, 0xFF, 0x00, 0x00, 0x3F,
    0xD0, 0x00, 0xFF, 0x00, 0x00, 0x3F, 0xC0, 0x00, 0xFF, 0x00, 0x00, 0xFF, 0x80, 0x00, 0xFF, 0x00,
    0x03, 0xFF, 0x00, 0x03, 0xFF, 0xEA, 0xFF, 0xF8, 0x00, 0x3F, 0xFF, 0xFF, 0xFA, 0x00, 0x00, 0x00,
    0x00, 0x00, 0x00, 0x00, 0xBF, 0xFF, 0xFF, 0xFF, 0xFE, 0x03, 0xFF, 0xAA, 0xAA, 0xFE, 0x02, 0xFE,
    0x00, 0x00, 0x3E, 0x02, 0xFC, 0x00, 0x00, 0x0E, 0x02, 0xFC, 0x00, 0x00, 0x0E, 0x02, 0xFC, 0x00,
    0x00, 0x0A, 0x02, 0xFC, 0x00, 0x00, 0x00, 0x02, 0xFC, 0x00, 0x00, 0x00, 0x02, 0xFC, 0x00, 0x00,
    0x00, 0x02, 0xFC, 0x00, 0x00, 0x00, 0x02, 0xFC, 0x00, 0x00, 0x00, 0x02, 0xFC, 0x00, 0x00, 0x00,
    0x02, 0xFC, 0x00, 0x00, 0x00, 0x02, 0xFC, 0x00, 0x00, 0x00, 0x02, 0xFC, 0x00, 0x00, 0x00, 0x02,
    0xFC, 0x00, 0x00, 0x00, 0x02, 0xFC, 0x00, 0x00, 0x00, 0x02, 0xFC, 0x00, 0x00, 0x00, 0x02, 0xFC,
    0x00, 0x00, 0x00, 0x02, 0xFC, 0x00, 0x00, 0x00, 0x02, 0xFC, 0x00, 0x00, 0x00, 0x02, 0xFE, 0x00,
    0x00, 0x00, 0x0B, 0xFF, 0x80, 0x00, 0x00, 0xBF, 0xFF, 0xFC, 0x00, 0x00, 0x00, 0x00, 0x00, 0x00,
    0x00, 0x00, 0x0B, 0xFF, 0xFF, 0xFF, 0xFF, 0xFC, 0x00, 0x3F, 0xFA, 0xAB, 0xFF, 0xC0, 0x00, 0x1F,
    0x40, 0x00, 0xFF, 0x00, 0x00, 0x0F, 0x00, 0x00, 0xFF, 0x00, 0x00, 0x0E, 0x00, 0x00, 0xFF, 0x00,
    0x00, 0x0E, 0x00, 0x00, 0xFF, 0x00, 0x00, 0x0E, 0x00, 0x00, 0xFF, 0x00, 0x00, 0x0E, 0x00, 0x00,
    0xFF, 0x00, 0x00, 0x0E, 0x00, 0x00, 0xFF, 0x00, 0x00, 0x0E, 0x00, 0x00, 0xFF, 0x00, 0x00, 0x0D,
    0x00, 0x00, 0xFF, 0x00, 0x00, 0x0D, 0x00, 0x00, 0xFF, 0x00, 0x00, 0x1C, 0x00, 0x00, 0xFF, 0x00,
    0x00, 0x2C, 0x00, 0x00, 0xFF, 0x00, 0x00, 0x2C, 0x00, 0x00, 0xFF, 0x00, 0x00, 0x2C, 0x00, 0x00,
    0xFF, 0x00, 0x00, 0x2C, 0x00, 0x00, 0xFF, 0x00, 0x00, 0x3C, 0x00, 0x00, 0xFF, 0x00, 0x00, 0x3C,
    0x00, 0x00, 0xFF, 0x00, 0x00, 0x38, 0x00, 0x00, 0xFF, 0x00, 0x00, 0xF0, 0x00, 0x00, 0xFF, 0x00,
    0x01, 0xF0, 0x00, 0x00, 0xFF, 0x80, 0x0B, 0xEA, 0xAA, 0xAB, 0xFF, 0xD0, 0x3F, 0xFF, 0xFF, 0xFF,
    0xFF, 0xFF, 0x3F, 0x80, 0x00, 0x00, 0x00, 0xFF, 0x3E, 0x00, 0x00, 0x00, 0x00, 0x3F, 0x3C, 0x00,
    0x00, 0x00, 0x00, 0x2F, 0x38, 0x00, 0x00, 0x00, 0x00, 0x0F, 0x30, 0x00, 0x00, 0x00, 0x00, 0x0B,
    0x30, 0x00, 0x00, 0x00, 0x00, 0x07, 0x00, 0x00, 0x00, 0x00, 0x00, 0x01, 0x00, 0x00, 0x00, 0x00,
    0x00, 0x00, 0xBF, 0xFF, 0xFF, 0xFF, 0xFE, 0x00, 0x03, 0xFF, 0xAA, 0xAB, 0xFE, 0x00, 0x02, 0xFE,
    0x00, 0x00, 0x3E, 0x00, 0x02, 0xFC, 0x00, 0x00, 0x0E, 0x00, 0x02, 0xFC, 0x00, 0x00, 0x0A, 0x00,
    0x02, 0xFC, 0x00, 0x00, 0x00, 0x00, 0x02, 0xFC, 0x00, 0x00, 0x00, 0x00, 0x02, 0xFC, 0x00, 0x00,
    0x20, 0x00, 0x02, 0xFC, 0x00, 0x00, 0xA0, 0x00, 0x02, 0xFC, 0x00, 0x00, 0xE0, 0x00, 0x02, 0xFE,
    0xAA, 0xAF, 0xE0, 0x00, 0x02, 0xFF, 0xFF, 0xFF, 0xE0, 0x00, 0x02, 0xFE, 0x00, 0x0B, 0xE0, 0x00,
    0x02, 0xFC, 0x00, 0x00, 0xE0, 0x00, 0x02, 0xFC, 0x00, 0x00, 0xA0, 0x00, 0x02, 0xFC, 0x00, 0x00,
    0x20, 0x00, 0x02, 0xFC, 0x00, 0x00, 0x00, 0x00, 0x02, 0xFC, 0x00, 0x00, 0x00, 0x00, 0x02, 0xFC,
    0x00, 0x00, 0x00, 0xD0, 0x02, 0xFC, 0x00, 0x00, 0x02, 0xC0, 0x02, 0xFC, 0x00, 0x00, 0x0B, 0xC0,
    0x02, 0xFE, 0x00, 0x00, 0x2F, 0x80, 0x0B, 0xFF, 0xAA, 0xAF, 0xFF, 0x00, 0xBF, 0xFF, 0xFF, 0xFF,
    0xFF, 0x00, 0x00, 0x00, 0x00, 0x00, 0x00, 0x00, 0x00, 0x00, 0x00, 0x7F, 0xFF, 0xC0, 0xBF, 0xFF,
    0xF0, 0x0F, 0xFF, 0xF0, 0x07, 0xFC, 0x00, 0x07, 0xFF, 0x00, 0x00, 0xFE, 0x00, 0x00, 0xBC, 0x00,
    0x02, 0xFC, 0x00, 0x01, 0xF8, 0x00, 0x00, 0x2F, 0x00, 0x02, 0xFC, 0x00, 0x03, 0xC0, 0x00, 0x00,
    0x0B, 0x80, 0x02, 0xFC, 0x00, 0x0F, 0x00, 0x00, 0x00, 0x02, 0xE0, 0x02, 0xFC, 0x00, 0x3C, 0x00,
    0x00, 0x00, 0x00, 0xB8, 0x02, 0xFC, 0x00, 0xF0, 0x00, 0x00, 0x00, 0x00, 0x2E, 0x02, 0xFC, 0x03,
    0xC0, 0x00, 0x00, 0x00, 0x00, 0x0B, 0x82, 0xFC, 0x0F, 0x00, 0x00, 0x00, 0x00, 0x00, 0x02, 0xE2,
    0xFC, 0x3C, 0x00, 0x00, 0x00, 0x00, 0x00, 0x00, 0xFA, 0xFD, 0xFC, 0x00, 0x00, 0x00, 0x00, 0x00,
    0x03, 0xFF, 0xFF, 0xFE, 0x00, 0x00, 0x00, 0x00, 0x00, 0x0B, 0xFF, 0xFF, 0xFF, 0x00, 0x00, 0x00,
    0x00, 0x00, 0x2F, 0xFA, 0xFC, 0xFF, 0xC0, 0x00, 0x00, 0x00, 0x00, 0x3F, 0xE2, 0xFC, 0x3F, 0xF0,
    0x00, 0x00, 0x00, 0x00, 0xFF, 0xC2, 0xFC, 0x0F, 0xFC, 0x00, 0x00, 0x00, 0x03, 0xFF, 0x02, 0xFC,
    0x03, 0xFE, 0x00, 0x00, 0x00, 0x0F, 0xFC, 0x02, 0xFC, 0x02, 0xFF, 0x40, 0x00, 0x00, 0x2F, 0xF0,
    0x02, 0xFC, 0x00, 0xBF, 0xC0, 0x00, 0x00, 0xBF, 0xE0, 0x02, 0xFC, 0x00, 0x3F, 0xF0, 0x00, 0x00,
    0xFF, 0x80, 0x02, 0xFC, 0x00, 0x0F, 0xFC, 0x00, 0x03, 0xFF, 0x00, 0x03, 0xFD, 0x00, 0x03, 0xFE,
    0x00, 0x0F, 0xFE, 0x00, 0x0B, 0xFF, 0x00, 0x03, 0xFF, 0x80, 0xFF, 0xFF, 0xF0, 0xFF, 0xFF, 0xF4,
    0x3F, 0xFF, 0xF8, 0x08, 0x00, 0x1A, 0x40, 0x00, 0x00, 0x0C, 0x2F, 0xFF, 0xFE, 0x00, 0x00, 0x0F,
    0xFD, 0x00, 0xBF, 0xC0, 0x00, 0x0F, 0xE0, 0x00, 0x0F, 0xF0, 0x00, 0x0F, 0x80, 0x00, 0x0B, 0xF8,
    0x00, 0x1F, 0x00, 0x00, 0x03, 0xFC, 0x00, 0x2C, 0x00, 0x00, 0x03, 0xFC, 0x00, 0x2C, 0x00, 0x00,
    0x03, 0xFC, 0x00, 0x10, 0x00, 0x00, 0x03, 0xF8, 0x00, 0x00, 0x00, 0x00, 0x0B, 0xF0, 0x00, 0x00,
    0x00, 0x00, 0x2F, 0xC0, 0x00, 0x00, 0x00, 0x0A, 0xFE, 0x00, 0x00, 0x00, 0x02, 0xFF, 0xF8, 0x00,
    0x00, 0x00, 0x00, 0x0A, 0xFF, 0xC0, 0x00, 0x00, 0x00, 0x00, 0x0F, 0xF8, 0x00, 0x00, 0x00, 0x00,
    0x03, 0xFC, 0x00, 0x00, 0x00, 0x00, 0x02, 0xFE, 0x00, 0x00, 0x00, 0x00, 0x00, 0xFF, 0x00, 0x00,
    0x00, 0x00, 0x00, 0xFF, 0x00, 0x00, 0x00, 0x00, 0x01, 0xFF, 0x00, 0xF8, 0x00, 0x00, 0x03, 0xFE,
    0x00, 0x3E, 0x00, 0x00, 0x0B, 0xFC, 0x00, 0x0F, 0xE0, 0x00, 0x2F, 0xF8, 0x00, 0x02, 0xFE, 0xAB,
    0xFF, 0xC0, 0x00, 0x00, 0x2F, 0xFF, 0xFE, 0x00, 0x00, 0x00, 0x00, 0x09, 0x00, 0x00, 0x00, 0x00,
    0x00, 0x00, 0x00, 0x00, 0x00, 0x00, 0x3F, 0xFF, 0xF8, 0x00, 0xFF, 0xFF, 0xF0, 0x03, 0xFF, 0x80,
    0x00, 0x0B, 0xFE, 0x00, 0x00, 0xFF, 0x00, 0x00, 0x03, 0xFC, 0x00, 0x00, 0xFE, 0x00, 0x00, 0x0B,
    0xFC, 0x00, 0x00, 0xFE, 0x00, 0x00, 0x0F, 0xFC, 0x00, 0x00, 0xFE, 0x00, 0x00, 0x3F, 0xFC, 0x00,
    0x00, 0xFE, 0x00, 0x00, 0xFB, 0xFC, 0x00, 0x00, 0xFE, 0x00, 0x02, 0xE3, 0xFC, 0x00, 0x00, 0xFE,
    0x00, 0x0B, 0xC3, 0xFC, 0x00, 0x00, 0xFE, 0x00, 0x0F, 0x03, 0xFC, 0x00, 0x00, 0xFE, 0x00, 0x3C,
    0x03, 0xFC, 0x00, 0x00, 0xFE, 0x00, 0xF8, 0x03, 0xFC, 0x00, 0x00, 0xFE, 0x02, 0xE0, 0x03, 0xFC,
    0x00, 0x00, 0xFE, 0x0B, 0xC0, 0x03, 0xFC, 0x00, 0x00, 0xFE, 0x0F, 0x00, 0x03, 0xFC, 0x00, 0x00,
    0xFE, 0x3C, 0x00, 0x03, 0xFC, 0x00, 0x00, 0xFE, 0xF8, 0x00, 0x03, 0xFC, 0x00, 0x00, 0xFF, 0xE0,
    0x00, 0x03, 0xFC, 0x00, 0x00, 0xFF, 0xC0, 0x00, 0x03, 0xFC, 0x00, 0x00, 0xFF, 0x00, 0x00, 0x03,
    0xFC, 0x00, 0x00, 0xFE, 0x00, 0x00, 0x03, 0xFC, 0x00, 0x00, 0xFF, 0x00, 0x00, 0x03, 0xFC, 0x00,
    0x03, 0xFF, 0x80, 0x00, 0x0F, 0xFE, 0x00, 0x3F, 0xFF, 0xFC, 0x00, 0xFF, 0xFF, 0xF0, 0x00, 0x00,
    0x00, 0x00, 0x00, 0x00, 0x00, 0x00, 0x00, 0x3C, 0x02, 0xE0, 0x00, 0x00, 0x00, 0x00, 0x3C, 0x02,
    0xF0, 0x00, 0x00, 0x00, 0x00, 0x30, 0x00, 0x30, 0x00, 0x00, 0x00, 0x00, 0x38, 0x01, 0xF0, 0x00,
    0x00, 0x00, 0x00, 0x2F, 0xFF, 0xC0, 0x00, 0x00, 0x00, 0x00, 0x07, 0xFF, 0x00, 0x00, 0x00, 0x00,
    0x00, 0x00, 0x00, 0x00, 0x00, 0x00, 0x00, 0x00, 0x00, 0x00, 0x00, 0x00, 0x00, 0x3F, 0xFF, 0xF8,
    0x00, 0xFF, 0xFF, 0xF0, 0x03, 0xFF, 0x80, 0x00, 0x0B, 0xFE, 0x00, 0x00, 0xFF, 0x00, 0x00, 0x03,
    0xFC, 0x00, 0x00, 0xFE, 0x00, 0x00, 0x0B, 0xFC, 0x00, 0x00, 0xFE, 0x00, 0x00, 0x0F, 0xFC, 0x00,
    0x00, 0xFE, 0x00, 0x00, 0x3F, 0xFC, 0x00, 0x00, 0xFE, 0x00, 0x00, 0xFB, 0xFC, 0x00, 0x00, 0xFE,
    0x00, 0x02, 0xE3, 0xFC, 0x00, 0x00, 0xFE, 0x00, 0x0B, 0xC3, 0xFC, 0x00, 0x00, 0xFE, 0x00, 0x0F,
    0x03, 0xFC, 0x00, 0x00, 0xFE, 0x00, 0x3C, 0x03, 0xFC, 0x00, 0x00, 0xFE, 0x00, 0xF8, 0x03, 0xFC,
    0x00, 0x00, 0xFE, 0x02, 0xE0, 0x03, 0xFC, 0x00, 0x00, 0xFE, 0x0B, 0xC0, 0x03, 0xFC, 0x00, 0x00,
    0xFE, 0x0F, 0x00, 0x03, 0xFC, 0x00, 0x00, 0xFE, 0x3C, 0x00, 0x03, 0xFC, 0x00, 0x00, 0xFE, 0xF8,
    0x00, 0x03, 0xFC, 0x00, 0x00, 0xFF, 0xE0, 0x00, 0x03, 0xFC, 0x00, 0x00, 0xFF, 0xC0, 0x00, 0x03,
    0xFC, 0x00, 0x00, 0xFF, 0x00, 0x00, 0x03, 0xFC, 0x00, 0x00, 0xFE, 0x00, 0x00, 0x03, 0xFC, 0x00,
    0x00, 0xFF, 0x00, 0x00, 0x03, 0xFC, 0x00, 0x03, 0xFF, 0x80, 0x00, 0x0F, 0xFE, 0x00, 0x3F, 0xFF,
    0xFC, 0x00, 0xFF, 0xFF, 0xF0, 0x00, 0x00, 0x00, 0x00, 0x00, 0x00, 0x00, 0x3F, 0xFF, 0xFC, 0x03,
    0xFF, 0xFF, 0x00, 0x03, 0xFF, 0x80, 0x00, 0x3F, 0xD0, 0x00, 0x00, 0xFF, 0x00, 0x00, 0x7E, 0x00,
    0x00, 0x00, 0xFE, 0x00, 0x00, 0xF8, 0x00, 0x00, 0x00, 0xFE, 0x00, 0x03, 0xE0, 0x00, 0x00, 0x00,
    0xFE, 0x00, 0x0F, 0x80, 0x00, 0x00, 0x00, 0xFE, 0x00, 0x3E, 0x00, 0x00, 0x00, 0x00, 0xFE, 0x00,
    0xF8, 0x00, 0x00, 0x00, 0x00, 0xFE, 0x03, 0xE0, 0x00, 0x00, 0x00, 0x00, 0xFE, 0x0F, 0x80, 0x00,
    0x00, 0x00, 0x00, 0xFE, 0x3F, 0x00, 0x00, 0x00, 0x00, 0x00, 0xFF, 0xFF, 0x80, 0x00, 0x00, 0x00,
    0x00, 0xFF, 0xBF, 0xE0, 0x00, 0x00, 0x00, 0x00, 0xFE, 0x2F, 0xF8, 0x00, 0x00, 0x00, 0x00, 0xFE,
    0x0B, 0xFE, 0x00, 0x00, 0x00, 0x00, 0xFE, 0x02, 0xFF, 0x80, 0x00, 0x00, 0x00, 0xFE, 0x00, 0xBF,
    0xD0, 0x00, 0x00, 0x00, 0xFE, 0x00, 0x2F, 0xF0, 0x00, 0x00, 0x00, 0xFE, 0x00, 0x0B, 0xFC, 0x00,
    0x00, 0x00, 0xFE, 0x00, 0x02, 0xFF, 0x00, 0x00, 0x00, 0xFE, 0x00, 0x00, 0xFF, 0xC0, 0x00, 0x00,
    0xFF, 0x00, 0x00, 0x3F, 0xF0, 0x00, 0x03, 0xFF, 0x80, 0x00, 0x2F, 0xFE, 0x00, 0x3F, 0xFF, 0xFC,
    0x03, 0xFF, 0xFF, 0xD0, 0x00, 0x00, 0x00, 0x00, 0x00, 0x00, 0x02, 0xFF, 0xFF, 0xFF, 0xFF, 0xFE,
    0x00, 0x0F, 0xFA, 0x1B, 0xFF, 0xC0, 0x00, 0x07, 0xE0, 0x00, 0xFF, 0x80, 0x00, 0x03, 0xC0, 0x00,
    0xBF, 0x80, 0x00, 0x03, 0xC0, 0x00, 0x3F, 0x80, 0x00, 0x03, 0xC0, 0x00, 0x3F, 0x80, 0x00, 0x03,
    0xC0, 0x00, 0x3F, 0x80, 0x00, 0x03, 0xC0, 0x00, 0x3F, 0x80, 0x00, 0x03, 0xC0, 0x00, 0x3F, 0x80,
    0x00, 0x03, 0xC0, 0x00, 0x3F, 0x80, 0x00, 0x03, 0xC0, 0x00, 0x3F, 0x80, 0x00, 0x03, 0x80, 0x00,
    0x3F, 0x80, 0x00, 0x03, 0x80, 0x00, 0x3F, 0x80, 0x00, 0x03, 0x80, 0x00, 0x3F, 0x80, 0x00, 0x03,
    0x80, 0x00, 0x3F, 0x80, 0x00, 0x03, 0x80, 0x00, 0x3F, 0x80, 0x00, 0x03, 0x80, 0x00, 0x3F, 0x80,
    0x00, 0x03, 0x80, 0x00, 0x3F, 0x80, 0x00, 0x03, 0x00, 0x00, 0x3F, 0x80, 0x18, 0x0B, 0x00, 0x00,
    0x3F, 0x80, 0x7F, 0x0B, 0x00, 0x00, 0x3F, 0x80, 0xBF, 0x0E, 0x00, 0x00, 0xBF, 0x80, 0xBF, 0xFC,
    0x00, 0x02, 0xFF, 0xE0, 0x3F, 0xF8, 0x00, 0x3F, 0xFF, 0xFE, 0x01, 0x40, 0x00, 0x00, 0x00, 0x00,
    0x00, 0x00, 0x00, 0x00, 0x00, 0x00, 0x00, 0x00, 0x3F, 0xFF, 0x00, 0x00, 0x00, 0x00, 0xFF, 0xFC,
    0x02, 0xFF, 0x80, 0x00, 0x00, 0x02, 0xFF, 0xC0, 0x00, 0xFF, 0xC0, 0x00, 0x00, 0x03, 0xFF, 0x40,
    0x00, 0xFF, 0xE0, 0x00, 0x00, 0x0B, 0xFF, 0x00, 0x00, 0xFF, 0xF0, 0x00, 0x00, 0x0F, 0xFF, 0x00,
    0x00, 0xFF, 0xF8, 0x00, 0x00, 0x1E, 0xBF, 0x00, 0x00, 0xF3, 0xFC, 0x00, 0x00, 0x3C, 0xBF, 0x00,
    0x00, 0xF3, 0xFE, 0x00, 0x00, 0x3C, 0xBF, 0x00, 0x00, 0xF1, 0xFF, 0x00, 0x00, 0xB0, 0xBF, 0x00,
    0x00, 0xF0, 0xFF, 0x40, 0x00, 0xF0, 0xBF, 0x00, 0x00, 0xF0, 0xBF, 0xC0, 0x02, 0xE0, 0xBF, 0x00,
    0x00, 0xF0, 0x3F, 0xC0, 0x03, 0xC0, 0xBF, 0x00, 0x00, 0xF0, 0x2F, 0xE0, 0x0B, 0x80, 0xBF, 0x00,
    0x00, 0xF0, 0x0F, 0xF0, 0x0F, 0x00, 0xBF, 0x00, 0x00, 0xF0, 0x0B, 0xF8, 0x0E, 0x00, 0xBF, 0x00,
    0x00, 0xF0, 0x03, 0xFC, 0x3C, 0x00, 0xBF, 0x00, 0x00, 0xF0, 0x02, 0xFE, 0x38, 0x00, 0xBF, 0x00,
    0x00, 0xF0, 0x00, 0xFF, 0xB0, 0x00, 0xBF, 0x00, 0x00, 0xF0, 0x00, 0xFF, 0xF0, 0x00, 0xBF, 0x00,
    0x00, 0xF0, 0x00, 0x3F, 0xD0, 0x00, 0xBF, 0x00, 0x00, 0xF0, 0x00, 0x3F, 0xC0, 0x00, 0xBF, 0x00,
    0x00, 0xF0, 0x00, 0x1F, 0x80, 0x00, 0xBF, 0x80, 0x03, 0xFC, 0x00, 0x0F, 0x00, 0x02, 0xFF, 0xC0,
    0x7F, 0xFF, 0xC0, 0x0A, 0x00, 0x2F, 0xFF, 0xFE, 0x00, 0x00, 0x00, 0x00, 0x00, 0x00, 0x00, 0x3F,
    0xFF, 0xF8, 0x02, 0xFF, 0xFF, 0xC0, 0x03, 0xFF, 0x80, 0x00, 0x2F, 0xFC, 0x00, 0x00, 0xFF, 0x00,
    0x00, 0x0B, 0xF0, 0x00, 0x00, 0xFE, 0x00, 0x00, 0x0B, 0xF0, 0x00, 0x00, 0xFE, 0x00, 0x00, 0x0B,
    0xF0, 0x00, 0x00, 0xFE, 0x00, 0x00, 0x0B, 0xF0, 0x00, 0x00, 0xFE, 0x00, 0x00, 0x0B, 0xF0, 0x00,
    0x00, 0xFE, 0x00, 0x00, 0x0B, 0xF0, 0x00, 0x00, 0xFE, 0x00, 0x00, 0x0B, 0xF0, 0x00, 0x00, 0xFE,
    0x00, 0x00, 0x0B, 0xF0, 0x00, 0x00, 0xFE, 0x00, 0x00, 0x0B, 0xF0, 0x00, 0x00, 0xFF, 0xFF, 0xFF,
    0xFF, 0xF0, 0x00, 0x00, 0xFF, 0xAA, 0xAA, 0xAF, 0xF0, 0x00, 0x00, 0xFE, 0x00, 0x00, 0x0B, 0xF0,
    0x00, 0x00, 0xFE, 0x00, 0x00, 0x0B, 0xF0, 0x00, 0x00, 0xFE, 0x00, 0x00, 0x0B, 0xF0, 0x00, 0x00,
    0xFE, 0x00, 0x00, 0x0B, 0xF0, 0x00, 0x00, 0xFE, 0x00, 0x00, 0x0B, 0xF0, 0x00, 0x00, 0xFE, 0x00,
    0x00, 0x0B, 0xF0, 0x00, 0x00, 0xFE, 0x00, 0x00, 0x0B, 0xF0, 0x00, 0x00, 0xFE, 0x00, 0x00, 0x0B,
    0xF0, 0x00, 0x00, 0xFF, 0x00, 0x00, 0x0F, 0xF4, 0x00, 0x03, 0xFF, 0x80, 0x00, 0x2F, 0xFC, 0x00,
    0x3F, 0xFF, 0xFC, 0x03, 0xFF, 0xFF, 0xD0, 0x00, 0x00, 0x0A, 0xA0, 0x00, 0x00, 0x00, 0x03, 0xFF,
    0xFF, 0xC0, 0x00, 0x00, 0x3F, 0xD0, 0x03, 0xF8, 0x00, 0x00, 0xFE, 0x00, 0x00, 0xBF, 0x00, 0x03,
    0xF8, 0x00, 0x00, 0x2F, 0xC0, 0x0F, 0xF0, 0x00, 0x00, 0x0F, 0xE0, 0x1F, 0xE0, 0x00, 0x00, 0x0B,
    0xF0, 0x3F, 0xC0, 0x00, 0x00, 0x03, 0xFC, 0x3F, 0xC0, 0x00, 0x00, 0x03, 0xFC, 0xBF, 0x80, 0x00,
    0x00, 0x02, 0xFE, 0xBF, 0x80, 0x00, 0x00, 0x02, 0xFE, 0xFF, 0x80, 0x00, 0x00, 0x02, 0xFF, 0xFF,
    0x40, 0x00, 0x00, 0x02, 0xFF, 0xFF, 0x80, 0x00, 0x00, 0x02, 0xFF, 0xFF, 0x80, 0x00, 0x00, 0x02,
    0xFE, 0xBF, 0x80, 0x00, 0x00, 0x02, 0xFE, 0xBF, 0x80, 0x00, 0x00, 0x02, 0xFD, 0x3F, 0xC0, 0x00,
    0x00, 0x03, 0xFC, 0x3F, 0xC0, 0x00, 0x00, 0x03, 0xFC, 0x0F, 0xE0, 0x00, 0x00, 0x0F, 0xF0, 0x0B,
    0xF0, 0x00, 0x00, 0x0F, 0xE0, 0x03, 0xFC, 0x00, 0x00, 0x3F, 0xC0, 0x00, 0xFE, 0x00, 0x00, 0xFF,
    0x00, 0x00, 0x2F, 0xE0, 0x0B, 0xF8, 0x00, 0x00, 0x02, 0xFF, 0xFF, 0x80, 0x00, 0x00, 0x00, 0x01,
    0x40, 0x00, 0x00, 0x00, 0x00, 0x00, 0x00, 0x00, 0x00, 0x00, 0x3F, 0xFF, 0xFF, 0xFF, 0xFF, 0xFF,
    0xC0, 0x03, 0xFF, 0xEA, 0xAA, 0xBF, 0xFC, 0x00, 0x00, 0xFF, 0x00, 0x00, 0x0F, 0xF0, 0x00, 0x00,
    0xFE, 0x00, 0x00, 0x0B, 0xF0, 0x00, 0x00, 0xFE, 0x00, 0x00, 0x0B, 0xF0, 0x00, 0x00, 0xFE, 0x00,
    0x00, 0x0B, 0xF0, 0x00, 0x00, 0xFE, 0x00, 0x00, 0x0B, 0xF0, 0x00, 0x00, 0xFE, 0x00, 0x00, 0x0B,
    0xF0, 0x00, 0x00, 0xFE, 0x00, 0x00, 0x0B, 0xF0, 0x00, 0x00, 0xFE, 0x00, 0x00, 0x0B, 0xF0, 0x00,
    0x00, 0xFE, 0x00, 0x00, 0x0B, 0xF0, 0x00, 0x00, 0xFE, 0x00, 0x00, 0x0B, 0xF0, 0x00, 0x00, 0xFE,
    0x00, 0x00, 0x0B, 0xF0, 0x00, 0x00, 0xFE, 0x00, 0x00, 0x0B, 0xF0, 0x00, 0x00, 0xFE, 0x00, 0x00,
    0x0B, 0xF0, 0x00, 0x00, 0xFE, 0x00, 0x00, 0x0B, 0xF0, 0x00, 0x00, 0xFE, 0x00, 0x00, 0x0B, 0xF0,
    0x00, 0x00, 0xFE, 0x00, 0x00, 0x0B, 0xF0, 0x00, 0x00, 0xFE, 0x00, 0x00, 0x0B, 0xF0, 0x00, 0x00,
    0xFE, 0x00, 0x00, 0x0B, 0xF0, 0x00, 0x00, 0xFE, 0x00, 0x00, 0x0B, 0xF0, 0x00, 0x00, 0xFF, 0x00,
    0x00, 0x0F, 0xF4, 0x00, 0x03, 0xFF, 0x80, 0x00, 0x2F, 0xFC, 0x00, 0x3F, 0xFF, 0xFC, 0x03, 0xFF,
    0xFF, 0xD0, 0x00, 0x00, 0x00, 0x00, 0x00, 0x7F, 0xFF, 0xFF, 0xE4, 0x00, 0x03, 0xFF, 0xAB, 0xFF,
    0x80, 0x02, 0xFC, 0x00, 0x2F, 0xF0, 0x02, 0xFC, 0x00, 0x0B, 0xFC, 0x02, 0xFC, 0x00, 0x03, 0xFC,
    0x02, 0xFC, 0x00, 0x02, 0xFE, 0x02, 0xFC, 0x00, 0x02, 0xFE, 0x02, 0xFC, 0x00, 0x02, 0xFE, 0x02,
    0xFC, 0x00, 0x03, 0xFC, 0x02, 0xFC, 0x00, 0x03, 0xFC, 0x02, 0xFC, 0x00, 0x0F, 0xF0, 0x02, 0xFD,
    0x00, 0xBF, 0xD0, 0x02, 0xFF, 0xFF, 0xFE, 0x00, 0x02, 0xFE, 0xA9, 0x00, 0x00, 0x02, 0xFC, 0x00,
    0x00, 0x00, 0x02, 0xFC, 0x00, 0x00, 0x00, 0x02, 0xFC, 0x00, 0x00, 0x00, 0x02, 0xFC, 0x00, 0x00,
    0x00, 0x02, 0xFC, 0x00, 0x00, 0x00, 0x02, 0xFC, 0x00, 0x00, 0x00, 0x02, 0xFC, 0x00, 0x00, 0x00,
    0x02, 0xFE, 0x00, 0x00, 0x00, 0x0B, 0xFF, 0x40, 0x00, 0x00, 0xBF, 0xFF, 0xF8, 0x00, 0x00, 0x00,
    0x00, 0x06, 0xA4, 0x00, 0x80, 0x00, 0x02, 0xFF, 0xFF, 0xE2, 0xC0, 0x00, 0x2F, 0xF4, 0x02, 0xFF,
    0xC0, 0x00, 0xFF, 0x40, 0x00, 0x2F, 0xD0, 0x03, 0xFC, 0x00, 0x00, 0x0B, 0xE0, 0x0B, 0xF4, 0x00,
    0x00, 0x03, 0xE0, 0x0F, 0xF0, 0x00, 0x00, 0x01, 0xE0, 0x3F, 0xC0, 0x00, 0x00, 0x00, 0xE0, 0x3F,
    0xC0, 0x00, 0x00, 0x00, 0x90, 0xBF, 0xC0, 0x00, 0x00, 0x00, 0x00, 0xBF, 0x80, 0x00, 0x00, 0x00,
    0x00, 0xFF, 0x80, 0x00, 0x00, 0x00, 0x00, 0xFF, 0x80, 0x00, 0x00, 0x00, 0x00, 0xFF, 0x80, 0x00,
    0x00, 0x00, 0x00, 0xFF, 0x80, 0x00, 0x00, 0x00, 0x00, 0xBF, 0x80, 0x00, 0x00, 0x00, 0x00, 0xBF,
    0xC0, 0x00, 0x00, 0x00, 0x00, 0x3F, 0xC0, 0x00, 0x00, 0x00, 0x00, 0x3F, 0xE0, 0x00, 0x00, 0x00,
    0x00, 0x0F, 0xF0, 0x00, 0x00, 0x00, 0x00, 0x0F, 0xF8, 0x00, 0x00, 0x00, 0x70, 0x03, 0xFE, 0x00,
    0x00, 0x02, 0xE0, 0x00, 0xFF, 0xC0, 0x00, 0x0F, 0x40, 0x00, 0x2F, 0xFE, 0x5A, 0xFC, 0x00, 0x00,
    0x02, 0xFF, 0xFF, 0x80, 0x00, 0x00, 0x00, 0x01, 0x80, 0x00, 0x00, 0x00, 0x00, 0x00, 0x00, 0x00,
    0x00, 0x3F, 0xFF, 0xFF, 0xFF, 0xFF, 0xC0, 0x3F, 0xFA, 0xBF, 0xEA, 0xBF, 0xC0, 0x3E, 0x00, 0x3F,
    0xC0, 0x03, 0xC0, 0x38, 0x00, 0x3F, 0xC0, 0x01, 0xD0, 0x70, 0x00, 0x3F, 0xC0, 0x00, 0xE0, 0x70,
    0x00, 0x3F, 0xC0, 0x00, 0xA0, 0x00, 0x00, 0x3F, 0xC0, 0x00, 0x00, 0x00, 0x00, 0x3F, 0xC0, 0x00,
    0x00, 0x00, 0x00, 0x3F, 0xC0, 0x00, 0x00, 0x00, 0x00, 0x3F, 0xC0, 0x00, 0x00, 0x00, 0x00, 0x3F,
    0xC0, 0x00, 0x00, 0x00, 0x00, 0x3F, 0xC0, 0x00, 0x00, 0x00, 0x00, 0x3F, 0xC0, 0x00, 0x00, 0x00,
    0x00, 0x3F, 0xC0, 0x00, 0x00, 0x00, 0x00, 0x3F, 0xC0, 0x00, 0x00, 0x00, 0x00, 0x3F, 0xC0, 0x00,
    0x00, 0x00, 0x00, 0x3F, 0xC0, 0x00, 0x00, 0x00, 0x00, 0x3F, 0xC0, 0x00, 0x00, 0x00, 0x00, 0x3F,
    0xC0, 0x00, 0x00, 0x00, 0x00, 0x3F, 0xC0, 0x00, 0x00, 0x00, 0x00, 0x3F, 0xC0, 0x00, 0x00, 0x00,
    0x00, 0x3F, 0xC0, 0x00, 0x00, 0x00, 0x00, 0xFF, 0xE0, 0x00, 0x00, 0x00, 0x0F, 0xFF, 0xFF, 0x00,
    0x00, 0x00, 0x00, 0x00, 0x00, 0x00, 0x00, 0x00, 0xBF, 0xFF, 0xFE, 0x00, 0x07, 0xFF, 0xF8, 0x07,
    0xFF, 0xC0, 0x00, 0x00, 0x3F, 0x80, 0x00, 0xFF, 0xC0, 0x00, 0x00, 0x3D, 0x00, 0x00, 0x3F, 0xE0,
    0x00, 0x00, 0xB8, 0x00, 0x00, 0x2F, 0xF0, 0x00, 0x00, 0xF0, 0x00, 0x00, 0x0F, 0xFC, 0x00, 0x02,
    0xE0, 0x00, 0x00, 0x03, 0xFE, 0x00, 0x03, 0xC0, 0x00, 0x00, 0x02, 0xFF, 0x00, 0x0B, 0x80, 0x00,
    0x00, 0x00, 0xFF, 0xC0, 0x0F, 0x00, 0x00, 0x00, 0x00, 0x3F, 0xE0, 0x2D, 0x00, 0x00, 0x00, 0x00,
    0x2F, 0xF0, 0x3C, 0x00, 0x00, 0x00, 0x00, 0x0F, 0xFC, 0xB0, 0x00, 0x00, 0x00, 0x00, 0x03, 0xFE,
    0xF0, 0x00, 0x00, 0x00, 0x00, 0x02, 0xFF, 0xC0, 0x00, 0x00, 0x00, 0x00, 0x00, 0xFF, 0xC0, 0x00,
    0x00, 0x00, 0x00, 0x00, 0x3F, 0x00, 0x00, 0x00, 0x00, 0x00, 0x00, 0x2E, 0x00, 0x00, 0x00, 0x00,
    0x00, 0x00, 0x2C, 0x00, 0x00, 0x00, 0x00, 0x00, 0x00, 0x38, 0x00, 0x00, 0x00, 0x00, 0x00, 0x00,
    0xF0, 0x00, 0x00, 0x00, 0x00, 0x3F, 0x00, 0xE0, 0x00, 0x00, 0x00, 0x00, 0x3F, 0xC3, 0xC0, 0x00,
    0x00, 0x00, 0x00, 0x3F, 0xFF, 0x00, 0x00, 0x00, 0x00, 0x00, 0x2F, 0xFC, 0x00, 0x00, 0x00, 0x00,
    0x00, 0x00, 0x40, 0x00, 0x00, 0x00, 0x00, 0x00, 0x00, 0x00, 0x00, 0x00, 0x00, 0x00, 0x00, 0x00,
    0xBF, 0xFF, 0xF8, 0x00, 0x00, 0x00, 0x00, 0x03, 0xFF, 0x00, 0x00, 0x00, 0x00, 0x00, 0x02, 0xFE,
    0x00, 0x00, 0x00, 0x00, 0x00, 0x02, 0xFD, 0x00, 0x00, 0x00, 0x00, 0x00, 0xAF, 0xFF, 0xE8, 0x00,
    0x00, 0x00, 0x2F, 0xEA, 0xFE, 0xAF, 0xE0, 0x00, 0x02, 0xFE, 0x02, 0xFD, 0x02, 0xFD, 0x00, 0x0B,
    0xF8, 0x02, 0xFD, 0x00, 0xBF, 0x40, 0x0F, 0xF0, 0x02, 0xFD, 0x00, 0x3F, 0xC0, 0x2F, 0xE0, 0x02,
    0xFD, 0x00, 0x2F, 0xE0, 0x3F, 0xC0, 0x02, 0xFD, 0x00, 0x1F, 0xF0, 0x3F, 0xC0, 0x02, 0xFD, 0x00,
    0x0F, 0xF0, 0x3F, 0xC0, 0x02, 0xFD, 0x00, 0x0F, 0xF0, 0x3F, 0xC0, 0x02, 0xFD, 0x00, 0x1F, 0xF0,
    0x2F, 0xE0, 0x02, 0xFD, 0x00, 0x2F, 0xE0, 0x0F, 0xF0, 0x02, 0xFD, 0x00, 0x3F, 0xC0, 0x03, 0xFC,
    0x02, 0xFD, 0x00, 0xFF, 0x00, 0x00, 0xFF, 0x02, 0xFD, 0x03, 0xFC, 0x00, 0x00, 0x2F, 0xFA, 0xFE,
    0xBF, 0xE0, 0x00, 0x00, 0x00, 0xAB, 0xFF, 0xA4, 0x00, 0x00, 0x00, 0x00, 0x02, 0xFD, 0x00, 0x00,
    0x00, 0x00, 0x00, 0x02, 0xFE, 0x00, 0x00, 0x00, 0x00, 0x00, 0x0B, 0xFF, 0x40, 0x00, 0x00, 0x00,
    0x00, 0xBF, 0xFF, 0xF8, 0x00, 0x00, 0x00, 0x00, 0x00, 0x00, 0x00, 0x00, 0x00, 0x3F, 0xFF, 0xFE,
    0x00, 0xBF, 0xFF, 0xC0, 0x03, 0xFF, 0xC0, 0x00, 0x03, 0xFC, 0x00, 0x00, 0xFF, 0xC0, 0x00, 0x03,
    0xE0, 0x00, 0x00, 0x3F, 0xF0, 0x00, 0x0F, 0x80, 0x00, 0x00, 0x0F, 0xF4, 0x00, 0x2E, 0x00, 0x00,
    0x00, 0x07, 0xFC, 0x00, 0xBC, 0x00, 0x00, 0x00, 0x02, 0xFE, 0x00, 0xF0, 0x00, 0x00, 0x00, 0x00,
    0xFF, 0x83, 0xC0, 0x00, 0x00, 0x00, 0x00, 0x3F, 0xCF, 0x00, 0x00, 0x00, 0x00, 0x00, 0x2F, 0xFE,
    0x00, 0x00, 0x00, 0x00, 0x00, 0x0F, 0xFC, 0x00, 0x00, 0x00, 0x00, 0x00, 0x03, 0xFC, 0x00, 0x00,
    0x00, 0x00, 0x00, 0x03, 0xFF, 0x00, 0x00, 0x00, 0x00, 0x00, 0x0F, 0xFF, 0x80, 0x00, 0x00, 0x00,
    0x00, 0x3E, 0x3F, 0xD0, 0x00, 0x00, 0x00, 0x00, 0xBC, 0x2F, 0xF0, 0x00, 0x00, 0x00, 0x02, 0xF0,
    0x0F, 0xFC, 0x00, 0x00, 0x00, 0x03, 0xC0, 0x03, 0xFE, 0x00, 0x00, 0x00, 0x0F, 0x40, 0x02, 0xFF,
    0x00, 0x00, 0x00, 0x3E, 0x00, 0x00, 0xFF, 0xC0, 0x00, 0x00, 0xBC, 0x00, 0x00, 0x3F, 0xE0, 0x00,
    0x02, 0xF0, 0x00, 0x00, 0x3F, 0xF8, 0x00, 0x0F, 0xF8, 0x00, 0x00, 0x3F, 0xFE, 0x00, 0xBF, 0xFF,
    0xC0, 0x03, 0xFF, 0xFF, 0xE0, 0x00, 0x00, 0x00, 0x00, 0x00, 0x00, 0x00, 0x3F, 0xFF, 0xF8, 0x02,
    0xFF, 0xFF, 0xC0, 0x03, 0xFF, 0x80, 0x00, 0x2F, 0xFC, 0x00, 0x00, 0xFF, 0x00, 0x00, 0x0B, 0xF0,
    0x00, 0x00, 0xFE, 0x00, 0x00, 0x0B, 0xF0, 0x00, 0x00, 0xFE, 0x00, 0x00, 0x0B, 0xF0, 0x00, 0x00,
    0xFE, 0x00, 0x00, 0x0B, 0xF0, 0x00, 0x00, 0xFE, 0x00, 0x00, 0x0B, 0xF0, 0x00, 0x00, 0xFE, 0x00,
    0x00, 0x0B, 0xF0, 0x00, 0x00, 0xFE, 0x00, 0x00, 0x0B, 0xF0, 0x00, 0x00, 0xFE, 0x00, 0x00, 0x0B,
    0xF0, 0x00, 0x00, 0xFE, 0x00, 0x00, 0x0B, 0xF0, 0x00, 0x00, 0xFE, 0x00, 0x00, 0x0B, 0xF0, 0x00,
    0x00, 0xFE, 0x00, 0x00, 0x0B, 0xF0, 0x00, 0x00, 0xFE, 0x00, 0x00, 0x0B, 0xF0, 0x00, 0x00, 0xFE,
    0x00, 0x00, 0x0B, 0xF0, 0x00, 0x00, 0xFE, 0x00, 0x00, 0x0B, 0xF0, 0x00, 0x00, 0xFE, 0x00, 0x00,
    0x0B, 0xF0, 0x00, 0x00, 0xFE, 0x00, 0x00, 0x0B, 0xF0, 0x00, 0x00, 0xFE, 0x00, 0x00, 0x0B, 0xF0,
    0x00, 0x00, 0xFE, 0x00, 0x00, 0x0B, 0xF0, 0x00, 0x00, 0xFE, 0x00, 0x00, 0x0B, 0xF4, 0x00, 0x00,
    0xFF, 0x00, 0x00, 0x0F, 0xF8, 0x00, 0x03, 0xFF, 0xFA, 0xAA, 0xFF, 0xFE, 0x40, 0x3F, 0xFF, 0xFF,
    0xFF, 0xFF, 0xFF, 0xF0, 0x00, 0x00, 0x00, 0x00, 0x00, 0x0B, 0xF0, 0x00, 0x00, 0x00, 0x00, 0x00,
    0x03, 0xF0, 0x00, 0x00, 0x00, 0x00, 0x00, 0x00, 0xF0, 0x00, 0x00, 0x00, 0x00, 0x00, 0x00, 0xF0,
    0x00, 0x00, 0x00, 0x00, 0x00, 0x00, 0xB0, 0x00, 0x00, 0x00, 0x00, 0x00, 0x00, 0x30, 0x00, 0x00,
    0x00, 0x00, 0x00, 0x00, 0x20, 0x00, 0x00, 0x00, 0x00, 0x00, 0x00, 0x00, 0xBF, 0xFF, 0xF8, 0x0F,
    0xFF, 0xFF, 0x00, 0x03, 0xFF, 0x00, 0x00, 0xBF, 0xF0, 0x00, 0x02, 0xFE, 0x00, 0x00, 0x3F, 0xC0,
    0x00, 0x01, 0xFE, 0x00, 0x00, 0x3F, 0xC0, 0x00, 0x01, 0xFE, 0x00, 0x00, 0x3F, 0xC0, 0x00, 0x01,
    0xFE, 0x00, 0x00, 0x3F, 0xC0, 0x00, 0x01, 0xFE, 0x00, 0x00, 0x3F, 0xC0, 0x00, 0x01, 0xFE, 0x00,
    0x00, 0x3F, 0xC0, 0x00, 0x01, 0xFE, 0x00, 0x00, 0x3F, 0xC0, 0x00, 0x00, 0xFE, 0x00, 0x00, 0x3F,
    0xC0, 0x00, 0x00, 0xFF, 0x00, 0x00, 0x3F, 0xC0, 0x00, 0x00, 0xFF, 0x80, 0x00, 0x7F, 0xC0, 0x00,
    0x00, 0x3F, 0xFA, 0xAF, 0xFF, 0xC0, 0x00, 0x00, 0x0B, 0xFF, 0xE4, 0x3F, 0xC0, 0x00, 0x00, 0x00,
    0x00, 0x00, 0x3F, 0xC0, 0x00, 0x00, 0x00, 0x00, 0x00, 0x3F, 0xC0, 0x00, 0x00, 0x00, 0x00, 0x00,
    0x3F, 0xC0, 0x00, 0x00, 0x00, 0x00, 0x00, 0x3F, 0xC0, 0x00, 0x00, 0x00, 0x00, 0x00, 0x3F, 0xC0,
    0x00, 0x00, 0x00, 0x00, 0x00, 0x3F, 0xC0, 0x00, 0x00, 0x00, 0x00, 0x00, 0x3F, 0xC0, 0x00, 0x00,
    0x00, 0x00, 0x00, 0x3F, 0xC0, 0x00, 0x00, 0x00, 0x00, 0x00, 0xBF, 0xF0, 0x00, 0x00, 0x00, 0x00,
    0x0F, 0xFF, 0xFF, 0x00, 0x00, 0x00, 0x00, 0x00, 0x00, 0x00, 0x00, 0x00, 0x00, 0x3F, 0xFF, 0xF0,
    0xFF, 0xFF, 0xC3, 0xFF, 0xFF, 0x00, 0x03, 0xFF, 0x00, 0x0F, 0xFC, 0x00, 0x3F, 0xF0, 0x00, 0x00,
    0xFE, 0x00, 0x0B, 0xF8, 0x00, 0x2F, 0xD0, 0x00, 0x00, 0xFE, 0x00, 0x07, 0xF8, 0x00, 0x2F, 0xC0,
    0x00, 0x00, 0xFE, 0x00, 0x07, 0xF8, 0x00, 0x2F, 0xC0, 0x00, 0x00, 0xFE, 0x00, 0x07, 0xF8, 0x00,
    0x2F, 0xC0, 0x00, 0x00, 0xFE, 0x00, 0x07, 0xF8, 0x00, 0x2F, 0xC0, 0x00, 0x00, 0xFE, 0x00, 0x07,
    0xF8, 0x00, 0x2F, 0xC0, 0x00, 0x00, 0xFE, 0x00, 0x07, 0xF8, 0x00, 0x2F, 0xC0, 0x00, 0x00, 0xFE,
    0x00, 0x07, 0xF8, 0x00, 0x2F, 0xC0, 0x00, 0x00, 0xFE, 0x00, 0x07, 0xF8, 0x00, 0x2F, 0xC0, 0x00,
    0x00, 0xFE, 0x00, 0x07, 0xF8, 0x00, 0x2F, 0xC0, 0x00, 0x00, 0xFE, 0x00, 0x07, 0xF8, 0x00, 0x2F,
    0xC0, 0x00, 0x00, 0xFE, 0x00, 0x07, 0xF8, 0x00, 0x2F, 0xC0, 0x00, 0x00, 0xFE, 0x00, 0x07, 0xF8,
    0x00, 0x2F, 0xC0, 0x00, 0x00, 0xFE, 0x00, 0x07, 0xF8, 0x00, 0x2F, 0xC0, 0x00, 0x00, 0xFE, 0x00,
    0x07, 0xF8, 0x00, 0x2F, 0xC0, 0x00, 0x00, 0xFE, 0x00, 0x07, 0xF8, 0x00, 0x2F, 0xC0, 0x00, 0x00,
    0xFE, 0x00, 0x07, 0xF8, 0x00, 0x2F, 0xC0, 0x00, 0x00, 0xFE, 0x00, 0x07, 0xF8, 0x00, 0x2F, 0xC0,
    0x00, 0x00, 0xFF, 0x00, 0x0B, 0xF8, 0x00, 0x2F, 0xC0, 0x00, 0x00, 0xFF, 0x00, 0x0F, 0xFC, 0x00,
    0x3F, 0xD0, 0x00, 0x03, 0xFF, 0xEA, 0xBF, 0xFF, 0xAA, 0xFF, 0xF0, 0x00, 0x3F, 0xFF, 0xFF, 0xFF,
    0xFF, 0xFF, 0xFF, 0xFF, 0x40, 0x00, 0x00, 0x00, 0x00, 0x00, 0x00, 0x00, 0x00, 0x00, 0x3F, 0xFF,
    0xF0, 0xFF, 0xFF, 0xC3, 0xFF, 0xFF, 0x00, 0x03, 0xFF, 0x00, 0x0F, 0xFC, 0x00, 0x3F, 0xF0, 0x00,
    0x00, 0xFE, 0x00, 0x0B, 0xF8, 0x00, 0x2F, 0xD0, 0x00, 0x00, 0xFE, 0x00, 0x07, 0xF8, 0x00, 0x2F,
    0xC0, 0x00, 0x00, 0xFE, 0x00, 0x07, 0xF8, 0x00, 0x2F, 0xC0, 0x00, 0x00, 0xFE, 0x00, 0x07, 0xF8,
    0x00, 0x2F, 0xC0, 0x00, 0x00, 0xFE, 0x00, 0x07, 0xF8, 0x00, 0x2F, 0xC0, 0x00, 0x00, 0xFE, 0x00,
    0x07, 0xF8, 0x00, 0x2F, 0xC0, 0x00, 0x00, 0xFE, 0x00, 0x07, 0xF8, 0x00, 0x2F, 0xC0, 0x00, 0x00,
    0xFE, 0x00, 0x07, 0xF8, 0x00, 0x2F, 0xC0, 0x00, 0x00, 0xFE, 0x00, 0x07, 0xF8, 0x00, 0x2F, 0xC0,
    0x00, 0x00, 0xFE, 0x00, 0x07, 0xF8, 0x00, 0x2F, 0xC0, 0x00, 0x00, 0xFE, 0x00, 0x07, 0xF8, 0x00,
    0x2F, 0xC0, 0x00, 0x00, 0xFE, 0x00, 0x07, 0xF8, 0x00, 0x2F, 0xC0, 0x00, 0x00, 0xFE, 0x00, 0x07,
    0xF8, 0x00, 0x2F, 0xC0, 0x00, 0x00, 0xFE, 0x00, 0x07, 0xF8, 0x00, 0x2F, 0xC0, 0x00, 0x00, 0xFE,
    0x00, 0x07, 0xF8, 0x00, 0x2F, 0xC0, 0x00, 0x00, 0xFE, 0x00, 0x07, 0xF8, 0x00, 0x2F, 0xC0, 0x00,
    0x00, 0xFE, 0x00, 0x07, 0xF8, 0x00, 0x2F, 0xC0, 0x00, 0x00, 0xFE, 0x00, 0x07, 0xF8, 0x00, 0x2F,
    0xC0, 0x00, 0x00, 0xFF, 0x00, 0x0B, 0xF8, 0x00, 0x2F, 0xD0, 0x00, 0x00, 0xFF, 0x00, 0x0F, 0xFC,
    0x00, 0x3F, 0xE0, 0x00, 0x03, 0xFF, 0xEA, 0xBF, 0xFF, 0xAA, 0xFF, 0xF9, 0x00, 0x3F, 0xFF, 0xFF,
    0xFF, 0xFF, 0xFF, 0xFF, 0xFF, 0xC0, 0x00, 0x00, 0x00, 0x00, 0x00, 0x00, 0x00, 0x2F, 0xC0, 0x00,
    0x00, 0x00, 0x00, 0x00, 0x00, 0x00, 0x0F, 0xC0, 0x00, 0x00, 0x00, 0x00, 0x00, 0x00, 0x00, 0x03,
    0xC0, 0x00, 0x00, 0x00, 0x00, 0x00, 0x00, 0x00, 0x03, 0xC0, 0x00, 0x00, 0x00, 0x00, 0x00, 0x00,
    0x00, 0x02, 0xC0, 0x00, 0x00, 0x00, 0x00, 0x00, 0x00, 0x00, 0x00, 0xC0, 0x00, 0x00, 0x00, 0x00,
    0x00, 0x00, 0x00, 0x00, 0x80, 0x00, 0x00, 0x00, 0x00, 0x00, 0x00, 0x00, 0xBF, 0xFF, 0xFF, 0xFE,
    0x00, 0x00, 0x00, 0xBF, 0xFA, 0xFF, 0xC0, 0x00, 0x00, 0x00, 0xBC, 0x00, 0xBF, 0x80, 0x00, 0x00,
    0x00, 0xB0, 0x00, 0xBF, 0x00, 0x00, 0x00, 0x00, 0xB0, 0x00, 0xBF, 0x00, 0x00, 0x00, 0x00, 0xA0,
    0x00, 0xBF, 0x00, 0x00, 0x00, 0x00, 0x00, 0x00, 0xBF, 0x00, 0x00, 0x00, 0x00, 0x00, 0x00, 0xBF,
    0x00, 0x00, 0x00, 0x00, 0x00, 0x00, 0xBF, 0x00, 0x00, 0x00, 0x00, 0x00, 0x00, 0xBF, 0x00, 0x00,
    0x00, 0x00, 0x00, 0x00, 0xBF, 0xAA, 0xA4, 0x00, 0x00, 0x00, 0x00, 0xBF, 0xFF, 0xFF, 0xF4, 0x00,
    0x00, 0x00, 0xBF, 0x00, 0x0B, 0xFF, 0x00, 0x00, 0x00, 0xBF, 0x00, 0x00, 0xBF, 0xC0, 0x00, 0x00,
    0xBF, 0x00, 0x00, 0x3F, 0xE0, 0x00, 0x00, 0xBF, 0x00, 0x00, 0x2F, 0xF0, 0x00, 0x00, 0xBF, 0x00,
    0x00, 0x0F, 0xF0, 0x00, 0x00, 0xBF, 0x00, 0x00, 0x0F, 0xF0, 0x00, 0x00, 0xBF, 0x00, 0x00, 0x0F,
    0xF0, 0x00, 0x00, 0xBF, 0x00, 0x00, 0x2F, 0xE0, 0x00, 0x00, 0xBF, 0x00, 0x00, 0x3F, 0xC0, 0x00,
    0x00, 0xBF, 0x80, 0x02, 0xFF, 0x40, 0x00, 0x02, 0xFF, 0xFA, 0xBF, 0xFC, 0x00, 0x00, 0x2F, 0xFF,
    0xFF, 0xFE, 0x80, 0x00, 0x00, 0x00, 0x00, 0x00, 0x00, 0x00, 0x00, 0x00, 0x00, 0x3F, 0xFF, 0xFC,
    0x00, 0x00, 0x0B, 0xFF, 0xFF, 0x80, 0x03, 0xFF, 0x80, 0x00, 0x00, 0x00, 0x3F, 0xF0, 0x00, 0x00,
    0xFF, 0x00, 0x00, 0x00, 0x00, 0x2F, 0xE0, 0x00, 0x00, 0xFE, 0x00, 0x00, 0x00, 0x00, 0x2F, 0xE0,
    0x00, 0x00, 0xFE, 0x00, 0x00, 0x00, 0x00, 0x2F, 0xE0, 0x00, 0x00, 0xFE, 0x00, 0x00, 0x00, 0x00,
    0x2F, 0xE0, 0x00, 0x00, 0xFE, 0x00, 0x00, 0x00, 0x00, 0x2F, 0xE0, 0x00, 0x00, 0xFE, 0x00, 0x00,
    0x00, 0x00, 0x2F, 0xE0, 0x00, 0x00, 0xFE, 0x00, 0x00, 0x00, 0x00, 0x2F, 0xE0, 0x00, 0x00, 0xFE,
    0x00, 0x00, 0x00, 0x00, 0x2F, 0xE0, 0x00, 0x00, 0xFF, 0xAA, 0xA0, 0x00, 0x00, 0x2F, 0xE0, 0x00,
    0x00, 0xFF, 0xFF, 0xFF, 0xE0, 0x00, 0x2F, 0xE0, 0x00, 0x00, 0xFE, 0x00, 0x2F, 0xFD, 0x00, 0x2F,
    0xE0, 0x00, 0x00, 0xFE, 0x00, 0x02, 0xFF, 0x00, 0x2F, 0xE0, 0x00, 0x00, 0xFE, 0x00, 0x00, 0xBF,
    0xC0, 0x2F, 0xE0, 0x00, 0x00, 0xFE, 0x00, 0x00, 0x3F, 0xC0, 0x2F, 0xE0, 0x00, 0x00, 0xFE, 0x00,
    0x00, 0x3F, 0xC0, 0x2F, 0xE0, 0x00, 0x00, 0xFE, 0x00, 0x00, 0x3F, 0xC0, 0x2F, 0xE0, 0x00, 0x00,
    0xFE, 0x00, 0x00, 0x3F, 0xC0, 0x2F, 0xE0, 0x00, 0x00, 0xFE, 0x00, 0x00, 0x3F, 0xC0, 0x2F, 0xE0,
    0x00, 0x00, 0xFE, 0x00, 0x00, 0xFF, 0x80, 0x2F, 0xE0, 0x00, 0x00, 0xFF, 0x00, 0x03, 0xFE, 0x00,
    0x2F, 0xE0, 0x00, 0x03, 0xFF, 0xEA, 0xBF, 0xF8, 0x00, 0xBF, 0xF8, 0x00, 0x3F, 0xFF, 0xFF, 0xFA,
    0x00, 0x0B, 0xFF, 0xFF, 0x80, 0x00, 0x00, 0x00, 0x00, 0x00, 0x00, 0x3F, 0xFF, 0xFC, 0x00, 0x00,
    0x00, 0x03, 0xFF, 0x80, 0x00, 0x00, 0x00, 0x00, 0xFF, 0x00, 0x00, 0x00, 0x00, 0x00, 0xFE, 0x00,
    0x00, 0x00, 0x00, 0x00, 0xFE, 0x00, 0x00, 0x00, 0x00, 0x00, 0xFE, 0x00, 0x00, 0x00, 0x00, 0x00,
    0xFE, 0x00, 0x00, 0x00, 0x00, 0x00, 0xFE, 0x00, 0x00, 0x00, 0x00, 0x00, 0xFE, 0x00, 0x00, 0x00,
    0x00, 0x00, 0xFE, 0x00, 0x00, 0x00, 0x00, 0x00, 0xFF, 0xAA, 0xA0, 0x00, 0x00, 0x00, 0xFF, 0xFF,
    0xFF, 0xE0, 0x00, 0x00, 0xFE, 0x00, 0x2F, 0xFD, 0x00, 0x00, 0xFE, 0x00, 0x02, 0xFF, 0x00, 0x00,
    0xFE, 0x00, 0x00, 0xBF, 0xC0, 0x00, 0xFE, 0x00, 0x00, 0x3F, 0xC0, 0x00, 0xFE, 0x00, 0x00, 0x3F,
    0xC0, 0x00, 0xFE, 0x00, 0x00, 0x3F, 0xC0, 0x00, 0xFE, 0x00, 0x00, 0x3F, 0xC0, 0x00, 0xFE, 0x00,
    0x00, 0x3F, 0xC0, 0x00, 0xFE, 0x00, 0x00, 0xFF, 0x80, 0x00, 0xFF, 0x00, 0x03, 0xFE, 0x00, 0x03,
    0xFF, 0xEA, 0xBF, 0xF8, 0x00, 0x3F, 0xFF, 0xFF, 0xFA, 0x00, 0x00, 0x08, 0x00, 0x6A, 0x40, 0x00,
    0x00, 0x0E, 0x2F, 0xFF, 0xFE, 0x00, 0x00, 0x0F, 0xFE, 0x00, 0xBF, 0xE0, 0x00, 0x1F, 0xE0, 0x00,
    0x03, 0xFC, 0x00, 0x1F, 0x80, 0x00, 0x00, 0xFF, 0x00, 0x2F, 0x00, 0x00, 0x00, 0x7F, 0x80, 0x2D,
    0x00, 0x00, 0x00, 0x3F, 0xC0, 0x2C, 0x00, 0x00, 0x00, 0x0F, 0xF0, 0x18, 0x00, 0x00, 0x00, 0x0F,
    0xF0, 0x00, 0x00, 0x00, 0x00, 0x0F, 0xF8, 0x00, 0x00, 0x00, 0x00, 0x0B, 0xF8, 0x00, 0x00, 0x2A,
    0xAA, 0xAF, 0xFC, 0x00, 0x00, 0xBF, 0xFF, 0xFF, 0xFC, 0x00, 0x00, 0x00, 0x00, 0x0B, 0xFC, 0x00,
    0x00, 0x00, 0x00, 0x0B, 0xFC, 0x00, 0x00, 0x00, 0x00, 0x0B, 0xF8, 0x00, 0x00, 0x00, 0x00, 0x0F,
    0xF8, 0x00, 0x00, 0x00, 0x00, 0x0F, 0xF0, 0x00, 0x00, 0x00, 0x00, 0x2F, 0xF0, 0x00, 0x00, 0x00,
    0x00, 0x3F, 0xD0, 0x34, 0x00, 0x00, 0x00, 0xBF, 0xC0, 0x2E, 0x00, 0x00, 0x02, 0xFF, 0x00, 0x03,
    0xC0, 0x00, 0x0B, 0xFC, 0x00, 0x00, 0xBE, 0x96, 0xFF, 0xE0, 0x00, 0x00, 0x0B, 0xFF, 0xFE, 0x00,
    0x00, 0x00, 0x00, 0x09, 0x00, 0x00, 0x00, 0x00, 0x00, 0x00, 0x00, 0x01, 0xA9, 0x00, 0x00, 0x00,
    0x3F, 0xFF, 0xF8, 0x00, 0x3F, 0xFF, 0xF8, 0x00, 0x00, 0x03, 0xFF, 0x80, 0x02, 0xFE, 0x00, 0xBF,
    0x00, 0x00, 0x00, 0xFF, 0x00, 0x0B, 0xF0, 0x00, 0x1F, 0xC0, 0x00, 0x00, 0xFE, 0x00, 0x2F, 0xC0,
    0x00, 0x0B, 0xF0, 0x00, 0x00, 0xFE, 0x00, 0x3F, 0x80, 0x00, 0x03, 0xF8, 0x00, 0x00, 0xFE, 0x00,
    0xBF, 0x00, 0x00, 0x02, 0xFC, 0x00, 0x00, 0xFE, 0x00, 0xFF, 0x00, 0x00, 0x00, 0xFE, 0x00, 0x00,
    0xFE, 0x00, 0xFE, 0x00, 0x00, 0x00, 0xFF, 0x00, 0x00, 0xFE, 0x02, 0xFE, 0x00, 0x00, 0x00, 0xFF,
    0x00, 0x00, 0xFE, 0x02, 0xFC, 0x00, 0x00, 0x00, 0xBF, 0x40, 0x00, 0xFE, 0x03, 0xFC, 0x00, 0x00,
    0x00, 0xBF, 0x80, 0x00, 0xFF, 0xFF, 0xFC, 0x00, 0x00, 0x00, 0xBF, 0x80, 0x00, 0xFF, 0xAB, 0xFC,
    0x00, 0x00, 0x00, 0xBF, 0x80, 0x00, 0xFE, 0x03, 0xFC, 0x00, 0x00, 0x00, 0xBF, 0x80, 0x00, 0xFE,
    0x02, 0xFC, 0x00, 0x00, 0x00, 0xBF, 0x40, 0x00, 0xFE, 0x02, 0xFE, 0x00, 0x00, 0x00, 0xFF, 0x00,
    0x00, 0xFE, 0x00, 0xFE, 0x00, 0x00, 0x00, 0xFF, 0x00, 0x00, 0xFE, 0x00, 0xFF, 0x00, 0x00, 0x00,
    0xFE, 0x00, 0x00, 0xFE, 0x00, 0xBF, 0x00, 0x00, 0x02, 0xFC, 0x00, 0x00, 0xFE, 0x00, 0x3F, 0x80,
    0x00, 0x03, 0xF8, 0x00, 0x00, 0xFE, 0x00, 0x2F, 0xC0, 0x00, 0x0B, 0xF0, 0x00, 0x00, 0xFF, 0x00,
    0x0B, 0xF0, 0x00, 0x2F, 0xC0, 0x00, 0x03, 0xFF, 0x80, 0x02, 0xFE, 0x00, 0xFF, 0x00, 0x00, 0x3F,
    0xFF, 0xFC, 0x00, 0x2F, 0xFF, 0xF4, 0x00, 0x00, 0x00, 0x00, 0x00, 0x00, 0x00, 0x24, 0x00, 0x00,
    0x00, 0x00, 0x00, 0x00, 0x00, 0x00, 0x00, 0x00, 0x00, 0x00, 0xBF, 0xFF, 0xFF, 0xFF, 0x00, 0x00,
    0x0F, 0xFE, 0x96, 0xFF, 0xC0, 0x00, 0x00, 0x3F, 0xE0, 0x00, 0xBF, 0x80, 0x00, 0x00, 0xFF, 0x80,
    0x00, 0xBF, 0x00, 0x00, 0x00, 0xFF, 0x00, 0x00, 0xBF, 0x00, 0x00, 0x01, 0xFF, 0x00, 0x00, 0xBF,
    0x00, 0x00, 0x01, 0xFF, 0x00, 0x00, 0xBF, 0x00, 0x00, 0x00, 0xFF, 0x00, 0x00, 0xBF, 0x00, 0x00,
    0x00, 0xFF, 0x00, 0x00, 0xBF, 0x00, 0x00, 0x00, 0xBF, 0xC0, 0x00, 0xBF, 0x00, 0x00, 0x00, 0x2F,
    0xF8, 0x00, 0xBF, 0x00, 0x00, 0x00, 0x03, 0xFF, 0xFA, 0xFF, 0x00, 0x00, 0x00, 0x00, 0x1F, 0xFF,
    0xFF, 0x00, 0x00, 0x00, 0x00, 0x2F, 0xF0, 0xBF, 0x00, 0x00, 0x00, 0x00, 0xBF, 0xD0, 0xBF, 0x00,
    0x00, 0x00, 0x00, 0xFF, 0x80, 0xBF, 0x00, 0x00, 0x00, 0x03, 0xFF, 0x00, 0xBF, 0x00, 0x00, 0x00,
    0x0F, 0xFC, 0x00, 0xBF, 0x00, 0x00, 0x00, 0x2F, 0xF0, 0x00, 0xBF, 0x00, 0x00, 0x00, 0xBF, 0xE0,
    0x00, 0xBF, 0x00, 0x00, 0x01, 0xFF, 0x80, 0x00, 0xBF, 0x00, 0x00, 0x03, 0xFF, 0x00, 0x00, 0xFF,
    0x80, 0x00, 0x0F, 0xFC, 0x00, 0x02, 0xFF, 0xE0, 0x00, 0xBF, 0xF0, 0x00, 0x3F, 0xFF, 0xFF, 0x00,
    0x00, 0x2A, 0x90, 0x00, 0x0B, 0xE2, 0xFC, 0x00, 0x2F, 0x00, 0xBE, 0x00, 0x3F, 0x00, 0x3F, 0x00,
    0x3F, 0x00, 0x3F, 0x00, 0x2E, 0x00, 0x3F, 0x00, 0x00, 0x00, 0xBF, 0x00, 0x00, 0x0B, 0xBF, 0x00,
    0x00, 0xF8, 0x3F, 0x00, 0x0B, 0xC0, 0x3F, 0x00, 0x2F, 0x00, 0x3F, 0x00, 0x3E, 0x00, 0x3F, 0x00,
    0xBE, 0x00, 0x3F, 0x00, 0xBF, 0x00, 0x3F, 0x00, 0xBF, 0x82, 0xFF, 0x88, 0x3F, 0xFF, 0x2F, 0xFC,
    0x0F, 0xF8, 0x0F, 0xE0, 0x00, 0x00, 0x00, 0x00, 0x00, 0x00, 0x00, 0x00, 0x00, 0x00, 0x00, 0x00,
    0x0A, 0x00, 0x00, 0x02, 0xAA, 0xBC, 0x00, 0x00, 0x3F, 0xFF, 0xF8, 0x00, 0x01, 0xFF, 0xFF, 0xE0,
    0x00, 0x03, 0xF4, 0x00, 0x00, 0x00, 0x0F, 0x80, 0x00, 0x00, 0x00, 0x0E, 0x00, 0x00, 0x00, 0x00,
    0x3C, 0x02, 0xA0, 0x00, 0x00, 0x38, 0xBF, 0xFF, 0x40, 0x00, 0x33, 0xE0, 0x0F, 0xE0, 0x00, 0xBB,
    0x80, 0x03, 0xF8, 0x00, 0xBF, 0x00, 0x02, 0xFC, 0x00, 0xBF, 0x00, 0x00, 0xFE, 0x00, 0xFE, 0x00,
    0x00, 0xFF, 0x00, 0xFE, 0x00, 0x00, 0xBF, 0x00, 0xBE, 0x00, 0x00, 0xBF, 0x00, 0xBF, 0x00, 0x00,
    0xBF, 0x00, 0xBF, 0x00, 0x00, 0xBF, 0x00, 0x3F, 0x00, 0x00, 0xBE, 0x00, 0x3F, 0x80, 0x00, 0xFC,
    0x00, 0x0F, 0xC0, 0x00, 0xF8, 0x00, 0x0B, 0xF0, 0x03, 0xF0, 0x00, 0x02, 0xFD, 0x0F, 0xC0, 0x00,
    0x00, 0x2F, 0xF9, 0x00, 0x00, 0x00, 0x00, 0x00, 0x00, 0x00, 0x00, 0x00, 0x00, 0x00, 0x2F, 0xFF,
    0xFF, 0x80, 0x0B, 0xF0, 0x0F, 0xF0, 0x03, 0xF0, 0x03, 0xF0, 0x03, 0xF0, 0x03, 0xF8, 0x03, 0xF0,
    0x03, 0xF4, 0x03, 0xF0, 0x03, 0xF0, 0x03, 0xF0, 0x2F, 0xC0, 0x03, 0xFF, 0xFF, 0x00, 0x03, 0xF0,
    0x2F, 0xF0, 0x03, 0xF0, 0x03, 0xFC, 0x03, 0xF0, 0x00, 0xFC, 0x03, 0xF0, 0x00, 0xFC, 0x03, 0xF0,
    0x00, 0xFC, 0x07, 0xF0, 0x03, 0xFC, 0x0B, 0xF0, 0x6F, 0xF0, 0xBF, 0xFF, 0xFE, 0x00, 0x00, 0x00,
    0x00, 0x00, 0x2F, 0xFF, 0xFF, 0xF0, 0x0B, 0xF0, 0x02, 0xF0, 0x03, 0xF0, 0x00, 0xB0, 0x03, 0xF0,
    0x00, 0x30, 0x03, 0xF0, 0x00, 0x30, 0x03, 0xF0, 0x00, 0x00, 0x03, 0xF0, 0x00, 0x00, 0x03, 0xF0,
    0x00, 0x00, 0x03, 0xF0, 0x00, 0x00, 0x03, 0xF0, 0x00, 0x00, 0x03, 0xF0, 0x00, 0x00, 0x03, 0xF0,
    0x00, 0x00, 0x03, 0xF0, 0x00, 0x00, 0x07, 0xF0, 0x00, 0x00, 0x0B, 0xF0, 0x00, 0x00, 0xBF, 0xFF,
    0x80, 0x00, 0x00, 0x00, 0x00, 0x00, 0x0B, 0xFE, 0xBF, 0xF8, 0x02, 0xE0, 0x0F, 0xE0, 0x02, 0xC0,
    0x0F, 0xD0, 0x02, 0xC0, 0x0F, 0xC0, 0x02, 0xC0, 0x0F, 0xC0, 0x02, 0xC0, 0x0F, 0xC0, 0x02, 0xC0,
    0x0F, 0xC0, 0x02, 0xC0, 0x0F, 0xC0, 0x02, 0xC0, 0x0F, 0xC0, 0x03, 0xC0, 0x0F, 0xC0, 0x03, 0xC0,
    0x0F, 0xC0, 0x03, 0x80, 0x0F, 0xC0, 0x03, 0x80, 0x0F, 0xC0, 0x0B, 0x00, 0x0F, 0xD0, 0x0F, 0x00,
    0x2F, 0xE0, 0xFF, 0xFF, 0xFF, 0xFC, 0xFC, 0x00, 0x00, 0xBE, 0xF4, 0x00, 0x00, 0x3E, 0xF0, 0x00,
    0x00, 0x1E, 0xE0, 0x00, 0x00, 0x0E, 0xC0, 0x00, 0x00, 0x0E, 0x00, 0x00, 0x00, 0x00, 0x00, 0x0A,
    0xA0, 0x00, 0x00, 0xFF, 0xFF, 0x00, 0x03, 0xC0, 0x2F, 0xC0, 0x0F, 0x00, 0x0F, 0xE0, 0x1F, 0x00,
    0x0B, 0xF0, 0x3F, 0x00, 0x0B, 0xF0, 0x3F, 0xFF, 0xFF, 0xF8, 0x3E, 0x00, 0x00, 0x00, 0x3E, 0x00,
    0x00, 0x00, 0x3F, 0x00, 0x00, 0x00, 0x3F, 0x00, 0x00, 0x00, 0x3F, 0x80, 0x00, 0x0C, 0x2F, 0xC0,
    0x00, 0x28, 0x0F, 0xF0, 0x00, 0xB0, 0x0B, 0xFE, 0x5B, 0xD0, 0x03, 0xFF, 0xFF, 0x40, 0x00, 0xBF,
    0xF8, 0x00, 0x00, 0x00, 0x00, 0x00, 0x00, 0x00, 0x00, 0x00, 0x00, 0x00, 0x00, 0x0B, 0xF8, 0x02,
    0xFF, 0xD0, 0x0F, 0xF8, 0x00, 0xF8, 0x00, 0x7F, 0x00, 0x0F, 0x80, 0x00, 0x3E, 0x00, 0x3F, 0x00,
    0x2E, 0x00, 0x00, 0x0F, 0x40, 0x3F, 0x00, 0xB8, 0x00, 0x00, 0x02, 0xE0, 0x3F, 0x02, 0xE0, 0x00,
    0x00, 0x00, 0xB8, 0x3F, 0x0F, 0x40, 0x00, 0x00, 0x00, 0x2E, 0x3F, 0x3C, 0x00, 0x00, 0x00, 0x00,
    0x2F, 0xFF, 0xFE, 0x00, 0x00, 0x00, 0x00, 0xBF, 0xBF, 0xBF, 0x40, 0x00, 0x00, 0x02, 0xFE, 0x3F,
    0x2F, 0xC0, 0x00, 0x00, 0x0B, 0xF8, 0x3F, 0x0F, 0xF0, 0x00, 0x00, 0x2F, 0xE0, 0x3F, 0x03, 0xFC,
    0x00, 0x00, 0x3F, 0xC0, 0x3F, 0x00, 0xFF, 0x00, 0x00, 0xFF, 0x00, 0x3F, 0x00, 0x3F, 0xC0, 0x0B,
    0xFC, 0x00, 0xBF, 0x00, 0x2F, 0xF0, 0x3F, 0xFF, 0x0B, 0xFF, 0xF0, 0xBF, 0xFE, 0x00, 0x6A, 0xA0,
    0x00, 0x2F, 0xE6, 0xFE, 0x00, 0x2F, 0x00, 0x3F, 0x00, 0x2C, 0x00, 0x3F, 0x80, 0x28, 0x00, 0x2F,
    0x80, 0x20, 0x00, 0x3F, 0x80, 0x00, 0x00, 0xBF, 0x00, 0x00, 0x0B, 0xF8, 0x00, 0x00, 0x3F, 0xF4,
    0x00, 0x00, 0x01, 0xFF, 0x00, 0x00, 0x00, 0x3F, 0xC0, 0x00, 0x00, 0x1F, 0xC0, 0x00, 0x00, 0x0F,
    0xE0, 0x10, 0x00, 0x2F, 0xC0, 0x38, 0x00, 0x3F, 0xC0, 0x0F, 0x96, 0xFF, 0x00, 0x02, 0xFF, 0xF8,
    0x00, 0x00, 0x00, 0x00, 0x00, 0x00, 0x00, 0x00, 0x00, 0x00, 0x2F, 0xF9, 0x02, 0xFF, 0x90, 0x0B,
    0xF0, 0x00, 0xBF, 0x00, 0x03, 0xF0, 0x00, 0xFF, 0x00, 0x03, 0xF0, 0x02, 0xFF, 0x00, 0x03, 0xF0,
    0x03, 0xFF, 0x00, 0x03, 0xF0, 0x0E, 0x3F, 0x00, 0x03, 0xF0, 0x2C, 0x3F, 0x00, 0x03, 0xF0, 0x30,
    0x3F, 0x00, 0x03, 0xF0, 0xE0, 0x3F, 0x00, 0x03, 0xF3, 0xC0, 0x3F, 0x00, 0x03, 0xFB, 0x00, 0x3F,
    0x00, 0x03, 0xFE, 0x00, 0x3F, 0x00, 0x03, 0xF8, 0x00, 0x3F, 0x00, 0x07, 0xF0, 0x00, 0x7F, 0x00,
    0x0B, 0xF0, 0x00, 0xBF, 0x00, 0xBF, 0xFF, 0x0B, 0xFF, 0xF0, 0x00, 0x08, 0x02, 0x80, 0x00, 0x00,
    0x3E, 0x03, 0xE0, 0x00, 0x00, 0x30, 0x00, 0xA0, 0x00, 0x00, 0x2D, 0x02, 0xC0, 0x00, 0x00, 0x0F,
    0xFF, 0x80, 0x00, 0x00, 0x02, 0xF9, 0x00, 0x00, 0x00, 0x00, 0x00, 0x00, 0x00, 0x00, 0x00, 0x00,
    0x00, 0x00, 0x2F, 0xF9, 0x02, 0xFF, 0x90, 0x0B, 0xF0, 0x00, 0xBF, 0x00, 0x03, 0xF0, 0x00, 0xFF,
    0x00, 0x03, 0xF0, 0x02, 0xFF, 0x00, 0x03, 0xF0, 0x03, 0xFF, 0x00, 0x03, 0xF0, 0x0E, 0x3F, 0x00,
    0x03, 0xF0, 0x2C, 0x3F, 0x00, 0x03, 0xF0, 0x30, 0x3F, 0x00, 0x03, 0xF0, 0xE0, 0x3F, 0x00, 0x03,
    0xF3, 0xC0, 0x3F, 0x00, 0x03, 0xFB, 0x00, 0x3F, 0x00, 0x03, 0xFE, 0x00, 0x3F, 0x00, 0x03, 0xF8,
    0x00, 0x3F, 0x00, 0x07, 0xF0, 0x00, 0x7F, 0x00, 0x0B, 0xF0, 0x00, 0xBF, 0x00, 0xBF, 0xFF, 0x0B,
    0xFF, 0xF0, 0x00, 0x00, 0x00, 0x00, 0x00, 0x2F, 0xF8, 0x02, 0xFE, 0x40, 0x0B, 0xF0, 0x00, 0xF4,
    0x00, 0x03, 0xF0, 0x03, 0xC0, 0x00, 0x03, 0xF0, 0x0F, 0x00, 0x00, 0x03, 0xF0, 0x3C, 0x00, 0x00,
    0x03, 0xF0, 0xF0, 0x00, 0x00, 0x03, 0xF3, 0xC0, 0x00, 0x00, 0x03, 0xFF, 0xE0, 0x00, 0x00, 0x03,
    0xFF, 0xF8, 0x00, 0x00, 0x03, 0xF3, 0xFE, 0x00, 0x00, 0x03, 0xF0, 0xFF, 0x40, 0x00, 0x03, 0xF0,
    0x3F, 0xC0, 0x00, 0x03, 0xF0, 0x0F, 0xF0, 0x00, 0x07, 0xF0, 0x03, 0xFC, 0x00, 0x0B, 0xF0, 0x02,
    0xFF, 0x00, 0xBF, 0xFF, 0x0B, 0xFF, 0xF0, 0x00, 0x00, 0x00, 0x00, 0x00, 0x01, 0xBF, 0xFF, 0xFF,
    0x80, 0x00, 0x2E, 0x02, 0xFC, 0x00, 0x00, 0x2C, 0x00, 0xFC, 0x00, 0x00, 0x2C, 0x00, 0xFC, 0x00,
    0x00, 0x2C, 0x00, 0xFC, 0x00, 0x00, 0x2C, 0x00, 0xFC, 0x00, 0x00, 0x2C, 0x00, 0xFC, 0x00, 0x00,
    0x2C, 0x00, 0xFC, 0x00, 0x00, 0x2C, 0x00, 0xFC, 0x00, 0x00, 0x2C, 0x00, 0xFC, 0x00, 0x00, 0x2C,
    0x00, 0xFC, 0x00, 0x00, 0x28, 0x00, 0xFC, 0x00, 0x38, 0x38, 0x00, 0xFC, 0x00, 0xBD, 0x30, 0x00,
    0xFC, 0x00, 0xBF, 0xF0, 0x00, 0xFE, 0x00, 0x3F, 0xC0, 0x1F, 0xFF, 0xE0, 0x00, 0x00, 0x00, 0x00,
    0x00, 0x00, 0x00, 0x00, 0x00, 0x00, 0x00, 0x2F, 0xF0, 0x00, 0x01, 0xFF, 0x80, 0x0B, 0xF4, 0x00,
    0x03, 0xFC, 0x00, 0x03, 0xFC, 0x00, 0x03, 0xFC, 0x00, 0x03, 0xFD, 0x00, 0x0B, 0xFC, 0x00, 0x03,
    0xFF, 0x00, 0x0E, 0xFC, 0x00, 0x03, 0x7F, 0x00, 0x2C, 0xFC, 0x00, 0x03, 0x3F, 0xC0, 0x38, 0xFC,
    0x00, 0x03, 0x0F, 0xC0, 0x30, 0xFC, 0x00, 0x03, 0x0F, 0xF0, 0xA0, 0xFC, 0x00, 0x03, 0x03, 0xF0,
    0xC0, 0xFC, 0x00, 0x03, 0x03, 0xFE, 0x80, 0xFC, 0x00, 0x03, 0x00, 0xFF, 0x00, 0xFC, 0x00, 0x03,
    0x00, 0xFF, 0x00, 0xFC, 0x00, 0x07, 0x00, 0x7D, 0x00, 0xFC, 0x00, 0x0B, 0x80, 0x3C, 0x00, 0xFE,
    0x00, 0xBF, 0xF4, 0x28, 0x0F, 0xFF, 0xE0, 0x00, 0x00, 0x00, 0x00, 0x00, 0x2F, 0xF9, 0x06, 0xFF,
    0x80, 0x0B, 0xF0, 0x00, 0xFE, 0x00, 0x03, 0xF0, 0x00, 0xFC, 0x00, 0x03, 0xF0, 0x00, 0xFC, 0x00,
    0x03, 0xF0, 0x00, 0xFC, 0x00, 0x03, 0xF0, 0x00, 0xFC, 0x00, 0x03, 0xF0, 0x00, 0xFC, 0x00, 0x03,
    0xFF, 0xFF, 0xFC, 0x00, 0x03, 0xF0, 0x00, 0xFC, 0x00, 0x03, 0xF0, 0x00, 0xFC, 0x00, 0x03, 0xF0,
    0x00, 0xFC, 0x00, 0x03, 0xF0, 0x00, 0xFC, 0x00, 0x03, 0xF0, 0x00, 0xFC, 0x00, 0x07, 0xF0, 0x00,
    0xFD, 0x00, 0x0B, 0xF0, 0x00, 0xFE, 0x00, 0xBF, 0xFF, 0x0F, 0xFF, 0xE0, 0x00, 0x06, 0xA9, 0x00,
    0x00, 0x00, 0xBE, 0xAF, 0xE0, 0x00, 0x02, 0xF0, 0x03, 0xF8, 0x00, 0x0B, 0xC0, 0x00, 0xFE, 0x00,
    0x0F, 0xC0, 0x00, 0xBF, 0x00, 0x2F, 0x80, 0x00, 0x3F, 0x80, 0x3F, 0x80, 0x00, 0x3F, 0xC0, 0x3F,
    0x80, 0x00, 0x2F, 0xC0, 0x3F, 0x80, 0x00, 0x2F, 0xC0, 0x3F, 0x80, 0x00, 0x2F, 0xC0, 0x3F, 0xC0,
    0x00, 0x2F, 0xC0, 0x2F, 0xC0, 0x00, 0x2F, 0x80, 0x0F, 0xD0, 0x00, 0x3F, 0x00, 0x0F, 0xF0, 0x00,
    0x3E, 0x00, 0x03, 0xF8, 0x00, 0xBC, 0x00, 0x00, 0xFE, 0x02, 0xF0, 0x00, 0x00, 0x2F, 0xFF, 0x80,
    0x00, 0x00, 0x00, 0x00, 0x00, 0x00, 0x00, 0x00, 0x00, 0x00, 0x00, 0x2F, 0xFF, 0xFF, 0xFF, 0x80,
    0x0B, 0xF8, 0x02, 0xFE, 0x00, 0x03, 0xF0, 0x00, 0xFC, 0x00, 0x03, 0xF0, 0x00, 0xFC, 0x00, 0x03,
    0xF0, 0x00, 0xFC, 0x00, 0x03, 0xF0, 0x00, 0xFC, 0x00, 0x03, 0xF0, 0x00, 0xFC, 0x00, 0x03, 0xF0,
    0x00, 0xFC, 0x00, 0x03, 0xF0, 0x00, 0xFC, 0x00, 0x03, 0xF0, 0x00, 0xFC, 0x00, 0x03, 0xF0, 0x00,
    0xFC, 0x00, 0x03, 0xF0, 0x00, 0xFC, 0x00, 0x03, 0xF0, 0x00, 0xFC, 0x00, 0x07, 0xF0, 0x00, 0xFD,
    0x00, 0x0B, 0xF0, 0x00, 0xFE, 0x00, 0xBF, 0xFF, 0x0F, 0xFF, 0xE0, 0x00, 0x18, 0x0A, 0xA0, 0x00,
    0x0B, 0xFC, 0xBF, 0xFE, 0x00, 0x2B, 0xFF, 0xEA, 0xFF, 0x80, 0x02, 0xFE, 0x00, 0x3F, 0xC0, 0x01,
    0xFC, 0x00, 0x2F, 0xE0, 0x01, 0xFC, 0x00, 0x0F, 0xE0, 0x01, 0xFC, 0x00, 0x0B, 0xF0, 0x01, 0xFC,
    0x00, 0x0B, 0xF0, 0x01, 0xFC, 0x00, 0x03, 0xF0, 0x01, 0xFC, 0x00, 0x03, 0xF0, 0x01, 0xFC, 0x00,
    0x07, 0xE0, 0x01, 0xFC, 0x00, 0x0B, 0xE0, 0x01, 0xFC, 0x00, 0x0F, 0xC0, 0x01, 0xFC, 0x00, 0x0F,
    0x80, 0x01, 0xFE, 0x00, 0x3F, 0x00, 0x01, 0xFF, 0x80, 0xFC, 0x00, 0x01, 0xFD, 0xFF, 0xE0, 0x00,
    0x01, 0xFC, 0x00, 0x00, 0x00, 0x01, 0xFC, 0x00, 0x00, 0x00, 0x01, 0xFC, 0x00, 0x00, 0x00, 0x01,
    0xFC, 0x00, 0x00, 0x00, 0x01, 0xFC, 0x00, 0x00, 0x00, 0x02, 0xFC, 0x00, 0x00, 0x00, 0x03, 0xFE,
    0x00, 0x00, 0x00, 0x2A, 0xAA, 0xA0, 0x00, 0x00, 0x00, 0x06, 0xA8, 0x00, 0x00, 0xBE, 0xAF, 0xC0,
    0x03, 0xE0, 0x0B, 0xF0, 0x0B, 0xC0, 0x03, 0xF0, 0x0F, 0x80, 0x03, 0xF0, 0x2F, 0x00, 0x00, 0x80,
    0x3F, 0x00, 0x00, 0x00, 0x3F, 0x00, 0x00, 0x00, 0x3F, 0x00, 0x00, 0x00, 0x3F, 0x00, 0x00, 0x00,
    0x3F, 0x00, 0x00, 0x00, 0x3F, 0xC0, 0x00, 0x08, 0x2F, 0xC0, 0x00, 0x34, 0x0F, 0xF0, 0x00, 0xF0,
    0x0B, 0xFF, 0xAB, 0xC0, 0x03, 0xFF, 0xFF, 0x00, 0x00, 0xBF, 0xF8, 0x00, 0x00, 0x00, 0x00, 0x00,
    0x00, 0x00, 0x00, 0x00, 0x00, 0x7F, 0xFF, 0xFF, 0xFF, 0x00, 0xBE, 0x07, 0xF0, 0x3F, 0x00, 0xB8,
    0x03, 0xF0, 0x0F, 0x00, 0xB0, 0x03, 0xF0, 0x03, 0x00, 0xA0, 0x03, 0xF0, 0x03, 0x00, 0x00, 0x03,
    0xF0, 0x00, 0x00, 0x00, 0x03, 0xF0, 0x00, 0x00, 0x00, 0x03, 0xF0, 0x00, 0x00, 0x00, 0x03, 0xF0,
    0x00, 0x00, 0x00, 0x03, 0xF0, 0x00, 0x00, 0x00, 0x03, 0xF0, 0x00, 0x00, 0x00, 0x03, 0xF0, 0x00,
    0x00, 0x00, 0x03, 0xF0, 0x00, 0x00, 0x00, 0x03, 0xF0, 0x00, 0x00, 0x00, 0x0B, 0xF0, 0x00, 0x00,
    0x00, 0xFF, 0xFF, 0x40, 0x00, 0x00, 0x00, 0x00, 0x00, 0x00, 0x3F, 0xF8, 0x00, 0x2F, 0x80, 0x0F,
    0xF0, 0x00, 0x0F, 0x00, 0x03, 0xF0, 0x00, 0x2C, 0x00, 0x03, 0xFC, 0x00, 0x3C, 0x00, 0x00, 0xFC,
    0x00, 0x38, 0x00, 0x00, 0xFE, 0x00, 0xB0, 0x00, 0x00, 0x7F, 0x00, 0xF0, 0x00, 0x00, 0x3F, 0x80,
    0xD0, 0x00, 0x00, 0x2F, 0xC2, 0xC0, 0x00, 0x00, 0x0F, 0xE3, 0x80, 0x00, 0x00, 0x0B, 0xF7, 0x00,
    0x00, 0x00, 0x03, 0xFF, 0x00, 0x00, 0x00, 0x02, 0xFE, 0x00, 0x00, 0x00, 0x00, 0xFC, 0x00, 0x00,
    0x00, 0x00, 0xB8, 0x00, 0x00, 0x00, 0x00, 0xB0, 0x00, 0x00, 0x00, 0x00, 0xF0, 0x00, 0x00, 0x00,
    0x00, 0xE0, 0x00, 0x00, 0x00, 0x03, 0xC0, 0x00, 0x00, 0x00, 0x03, 0x80, 0x00, 0x00, 0x2F, 0xAF,
    0x00, 0x00, 0x00, 0x3F, 0xFE, 0x00, 0x00, 0x00, 0x3F, 0xF8, 0x00, 0x00, 0x00, 0x0A, 0x80, 0x00,
    0x00, 0x00, 0x00, 0x00, 0x00, 0x04, 0x00, 0x00, 0x00, 0x00, 0x00, 0x0A, 0xF8, 0x00, 0x00, 0x00,
    0x00, 0x00, 0x2F, 0xF8, 0x00, 0x00, 0x00, 0x00, 0x00, 0x03, 0xF8, 0x00, 0x00, 0x00, 0x00, 0x00,
    0x02, 0xF8, 0x00, 0x00, 0x00, 0x00, 0x00, 0x02, 0xF8, 0x00, 0x00, 0x00, 0x00, 0x00, 0x02, 0xF8,
    0x00, 0x00, 0x00, 0x00, 0x00, 0x02, 0xF8, 0x00, 0x00, 0x00, 0x00, 0x2A, 0x82, 0xF8, 0x2A, 0x80,
    0x00, 0x01, 0xFF, 0xFA, 0xFA, 0xFF, 0xF8, 0x00, 0x03, 0xFD, 0x1F, 0xFF, 0x83, 0xFE, 0x00, 0x0F,
    0xF0, 0x03, 0xFC, 0x00, 0xFF, 0x00, 0x0F, 0xD0, 0x02, 0xFC, 0x00, 0x3F, 0x80, 0x2F, 0xC0, 0x02,
    0xF8, 0x00, 0x3F, 0xC0, 0x3F, 0xC0, 0x02, 0xF8, 0x00, 0x2F, 0xC0, 0x3F, 0x80, 0x02, 0xF8, 0x00,
    0x1F, 0xC0, 0x3F, 0x80, 0x02, 0xF8, 0x00, 0x0F, 0xC0, 0x3F, 0x80, 0x02, 0xF8, 0x00, 0x0F, 0xC0,
    0x3F, 0x80, 0x02, 0xF8, 0x00, 0x0F, 0xC0, 0x2F, 0x80, 0x02, 0xF8, 0x00, 0x2F, 0x80, 0x0F, 0xC0,
    0x02, 0xF8, 0x00, 0x2F, 0x40, 0x0F, 0xC0, 0x03, 0xFC, 0x00, 0x3F, 0x00, 0x03, 0xF0, 0x03, 0xFD,
    0x00, 0xBD, 0x00, 0x02, 0xFC, 0x2F, 0xFF, 0x82, 0xF8, 0x00, 0x00, 0x3F, 0xF6, 0xF8, 0xFF, 0xD0,
    0x00, 0x00, 0x00, 0x02, 0xF8, 0x00, 0x00, 0x00, 0x00, 0x00, 0x02, 0xF8, 0x00, 0x00, 0x00, 0x00,
    0x00, 0x02, 0xF8, 0x00, 0x00, 0x00, 0x00, 0x00, 0x02, 0xF8, 0x00, 0x00, 0x00, 0x00, 0x00, 0x02,
    0xF8, 0x00, 0x00, 0x00, 0x00, 0x00, 0x02, 0xF8, 0x00, 0x00, 0x00, 0x00, 0x00, 0x03, 0xFC, 0x00,
    0x00, 0x00, 0x00, 0x00, 0x2A, 0xAA, 0x80, 0x00, 0x00, 0x00, 0x00, 0x00, 0x00, 0x00, 0x2F, 0xFE,
    0x0B, 0xF8, 0x00, 0x03, 0xFC, 0x03, 0xC0, 0x00, 0x00, 0xFE, 0x07, 0x80, 0x00, 0x00, 0xBF, 0x0E,
    0x00, 0x00, 0x00, 0x3F, 0xFC, 0x00, 0x00, 0x00, 0x0F, 0xF0, 0x00, 0x00, 0x00, 0x0B, 0xF0, 0x00,
    0x00, 0x00, 0x03, 0xFC, 0x00, 0x00, 0x00, 0x0B, 0xFD, 0x00, 0x00, 0x00, 0x0E, 0xBF, 0x00, 0x00,
    0x00, 0x3C, 0x3F, 0x80, 0x00, 0x00, 0xB4, 0x0F, 0xD0, 0x00, 0x00, 0xE0, 0x0B, 0xF0, 0x00, 0x03,
    0xC0, 0x03, 0xF8, 0x00, 0x0F, 0x80, 0x02, 0xFE, 0x00, 0x7F, 0xF0, 0x0F, 0xFF, 0xC0, 0x00, 0x00,
    0x00, 0x00, 0x00, 0x2F, 0xF9, 0x06, 0xFF, 0x80, 0x0B, 0xF0, 0x00, 0xFE, 0x00, 0x03, 0xF0, 0x00,
    0xFC, 0x00, 0x03, 0xF0, 0x00, 0xFC, 0x00, 0x03, 0xF0, 0x00, 0xFC, 0x00, 0x03, 0xF0, 0x00, 0xFC,
    0x00, 0x03, 0xF0, 0x00, 0xFC, 0x00, 0x03, 0xF0, 0x00, 0xFC, 0x00, 0x03, 0xF0, 0x00, 0xFC, 0x00,
    0x03, 0xF0, 0x00, 0xFC, 0x00, 0x03, 0xF0, 0x00, 0xFC, 0x00, 0x03, 0xF0, 0x00, 0xFC, 0x00, 0x03,
    0xF0, 0x00, 0xFC, 0x00, 0x07, 0xF0, 0x00, 0xFD, 0x00, 0x0B, 0xFC, 0x03, 0xFF, 0x00, 0xBF, 0xFF,
    0xFF, 0xFF, 0xF0, 0x00, 0x00, 0x00, 0x03, 0xF0, 0x00, 0x00, 0x00, 0x02, 0xF0, 0x00, 0x00, 0x00,
    0x00, 0xF0, 0x00, 0x00, 0x00, 0x00, 0xB0, 0x00, 0x00, 0x00, 0x00, 0x70, 0x00, 0x00, 0x00, 0x00,
    0x00, 0x00, 0x00, 0x00, 0x00, 0x00, 0x2F, 0xF9, 0x06, 0xFF, 0x80, 0x0B, 0xF0, 0x00, 0xFE, 0x00,
    0x03, 0xF0, 0x00, 0xFC, 0x00, 0x03, 0xF0, 0x00, 0xFC, 0x00, 0x03, 0xF0, 0x00, 0xFC, 0x00, 0x03,
    0xF0, 0x00, 0xFC, 0x00, 0x03, 0xF0, 0x00, 0xFC, 0x00, 0x03, 0xF8, 0x00, 0xFC, 0x00, 0x00, 0xBF,
    0xFF, 0xFC, 0x00, 0x00, 0x00, 0x00, 0xFC, 0x00, 0x00, 0x00, 0x00, 0xFC, 0x00, 0x00, 0x00, 0x00,
    0xFC, 0x00, 0x00, 0x00, 0x00, 0xFC, 0x00, 0x00, 0x00, 0x00, 0xFC, 0x00, 0x00, 0x00, 0x00, 0xFE,
    0x00, 0x00, 0x00, 0x0F, 0xFF, 0xE0, 0x00, 0x00, 0x00, 0x00, 0x00, 0x00, 0x00, 0x2F, 0xF9, 0x07,
    0xFF, 0x80, 0xBF, 0xE0, 0x0B, 0xF0, 0x00, 0xFC, 0x00, 0x3F, 0x80, 0x03, 0xF0, 0x00, 0xFC, 0x00,
    0x2F, 0x80, 0x03, 0xF0, 0x00, 0xFC, 0x00, 0x2F, 0x80, 0x03, 0xF0, 0x00, 0xFC, 0x00, 0x2F, 0x80,
    0x03, 0xF0, 0x00, 0xFC, 0x00, 0x2F, 0x80, 0x03, 0xF0, 0x00, 0xFC, 0x00, 0x2F, 0x80, 0x03, 0xF0,
    0x00, 0xFC, 0x00, 0x2F, 0x80, 0x03, 0xF0, 0x00, 0xFC, 0x00, 0x2F, 0x80, 0x03, 0xF0, 0x00, 0xFC,
    0x00, 0x2F, 0x80, 0x03, 0xF0, 0x00, 0xFC, 0x00, 0x2F, 0x80, 0x03, 0xF0, 0x00, 0xFC, 0x00, 0x2F,
    0x80, 0x03, 0xF0, 0x00, 0xFC, 0x00, 0x2F, 0x80, 0x07, 0xF0, 0x00, 0xFC, 0x00, 0x3F, 0x80, 0x0B,
    0xF8, 0x06, 0xFF, 0x40, 0xBF, 0xC0, 0xBF, 0xFF, 0xFF, 0xFF, 0xFF, 0xFF, 0xF8, 0x00, 0x00, 0x00,
    0x00, 0x00, 0x00, 0x00, 0x2F, 0xF9, 0x07, 0xFF, 0x80, 0xBF, 0xE0, 0x0B, 0xF0, 0x00, 0xFC, 0x00,
    0x3F, 0x80, 0x03, 0xF0, 0x00, 0xFC, 0x00, 0x2F, 0x80, 0x03, 0xF0, 0x00, 0xFC, 0x00, 0x2F, 0x80,
    0x03, 0xF0, 0x00, 0xFC, 0x00, 0x2F, 0x80, 0x03, 0xF0, 0x00, 0xFC, 0x00, 0x2F, 0x80, 0x03, 0xF0,
    0x00, 0xFC, 0x00, 0x2F, 0x80, 0x03, 0xF0, 0x00, 0xFC, 0x00, 0x2F, 0x80, 0x03, 0xF0, 0x00, 0xFC,
    0x00, 0x2F, 0x80, 0x03, 0xF0, 0x00, 0xFC, 0x00, 0x2F, 0x80, 0x03, 0xF0, 0x00, 0xFC, 0x00, 0x2F,
    0x80, 0x03, 0xF0, 0x00, 0xFC, 0x00, 0x2F, 0x80, 0x03, 0xF0, 0x00, 0xFC, 0x00, 0x2F, 0x80, 0x07,
    0xF0, 0x00, 0xFC, 0x00, 0x3F, 0x80, 0x0B, 0xF8, 0x06, 0xFF, 0x40, 0xBF, 0xC0, 0xBF, 0xFF, 0xFF,
    0xFF, 0xFF, 0xFF, 0xFC, 0x00, 0x00, 0x00, 0x00, 0x00, 0x00, 0xFC, 0x00, 0x00, 0x00, 0x00, 0x00,
    0x00, 0x3C, 0x00, 0x00, 0x00, 0x00, 0x00, 0x00, 0x3C, 0x00, 0x00, 0x00, 0x00, 0x00, 0x00, 0x2C,
    0x00, 0x00, 0x00, 0x00, 0x00, 0x00, 0x0C, 0x00, 0x00, 0x00, 0x00, 0x00, 0x00, 0x00, 0x00, 0x00,
    0x00, 0x00, 0x00, 0xBF, 0xFF, 0xF9, 0x00, 0x00, 0xB8, 0x0F, 0xE0, 0x00, 0x00, 0xE0, 0x0B, 0xE0,
    0x00, 0x00, 0xC0, 0x0B, 0xE0, 0x00, 0x00, 0x00, 0x0B, 0xE0, 0x00, 0x00, 0x00, 0x0B, 0xE0, 0x00,
    0x00, 0x00, 0x0B, 0xE0, 0x00, 0x00, 0x00, 0x0B, 0xFF, 0xFF, 0x80, 0x00, 0x0B, 0xE0, 0x2F, 0xF0,
    0x00, 0x0B, 0xE0, 0x03, 0xFC, 0x00, 0x0B, 0xE0, 0x00, 0xFC, 0x00, 0x0B, 0xE0, 0x00, 0xFC, 0x00,
    0x0B, 0xE0, 0x00, 0xFC, 0x00, 0x0B, 0xE0, 0x03, 0xFC, 0x00, 0x0F, 0xF0, 0x6F, 0xF0, 0x00, 0xFF,
    0xFF, 0xFE, 0x40, 0x00, 0x00, 0x00, 0x00, 0x00, 0x00, 0x00, 0x2F, 0xF9, 0x00, 0x00, 0x2F, 0xFD,
    0x00, 0x0B, 0xF0, 0x00, 0x00, 0x07, 0xF0, 0x00, 0x03, 0xF0, 0x00, 0x00, 0x03, 0xF0, 0x00, 0x03,
    0xF0, 0x00, 0x00, 0x03, 0xF0, 0x00, 0x03, 0xF0, 0x00, 0x00, 0x03, 0xF0, 0x00, 0x03, 0xF0, 0x00,
    0x00, 0x03, 0xF0, 0x00, 0x03, 0xF0, 0x00, 0x00, 0x03, 0xF0, 0x00, 0x03, 0xFF, 0xFF, 0x80, 0x03,
    0xF0, 0x00, 0x03, 0xF0, 0x1F, 0xF8, 0x03, 0xF0, 0x00, 0x03, 0xF0, 0x02, 0xFC, 0x03, 0xF0, 0x00,
    0x03, 0xF0, 0x00, 0xFE, 0x03, 0xF0, 0x00, 0x03, 0xF0, 0x00, 0xFE, 0x03, 0xF0, 0x00, 0x03, 0xF0,
    0x00, 0xFE, 0x03, 0xF0, 0x00, 0x07, 0xF0, 0x02, 0xFC, 0x03, 0xF0, 0x00, 0x0B, 0xF4, 0x6F, 0xF4,
    0x0B, 0xF0, 0x00, 0xBF, 0xFF, 0xFE, 0x80, 0xBF, 0xFF, 0x00, 0x00, 0x00, 0x00, 0x00, 0x1F, 0xFD,
    0x00, 0x00, 0x03, 0xF0, 0x00, 0x00, 0x03, 0xF0, 0x00, 0x00, 0x03, 0xF0, 0x00, 0x00, 0x03, 0xF0,
    0x00, 0x00, 0x03, 0xF0, 0x00, 0x00, 0x03, 0xF0, 0x00, 0x00, 0x03, 0xFF, 0xFF, 0x80, 0x03, 0xF0,
    0x0B, 0xF8, 0x03, 0xF0, 0x00, 0xFD, 0x03, 0xF0, 0x00, 0xBF, 0x03, 0xF0, 0x00, 0xBF, 0x03, 0xF0,
    0x00, 0xFF, 0x03, 0xF0, 0x02, 0xFD, 0x07, 0xF8, 0x2F, 0xF8, 0x3F, 0xFF, 0xFF, 0x80, 0x10, 0x2A,
    0x80, 0x00, 0x2F, 0xEA, 0xF8, 0x00, 0x3E, 0x00, 0x3F, 0x00, 0x38, 0x00, 0x0F, 0x80, 0x30, 0x00,
    0x0B, 0xC0, 0x00, 0x00, 0x03, 0xE0, 0x00, 0x00, 0x03, 0xF0, 0x00, 0xAA, 0xAB, 0xF0, 0x00, 0xBF,
    0xFF, 0xF0, 0x00, 0x00, 0x03, 0xF0, 0x00, 0x00, 0x03, 0xF0, 0x80, 0x00, 0x0B, 0xF0, 0xB0, 0x00,
    0x0F, 0xE0, 0x3C, 0x00, 0x3F, 0xC0, 0x0F, 0x82, 0xFF, 0x80, 0x03, 0xFF, 0xFE, 0x00, 0x00, 0xBF,
    0xF8, 0x00, 0x00, 0x00, 0x00, 0x00, 0x00, 0x00, 0x00, 0x02, 0xAA, 0x00, 0x00, 0x2F, 0xF9, 0x00,
    0x2F, 0xAF, 0xF0, 0x00, 0x0B, 0xF0, 0x00, 0xF8, 0x01, 0xFE, 0x00, 0x03, 0xF0, 0x03, 0xF0, 0x00,
    0xBF, 0x00, 0x03, 0xF0, 0x07, 0xE0, 0x00, 0x3F, 0xC0, 0x03, 0xF0, 0x0F, 0xC0, 0x00, 0x2F, 0xC0,
    0x03, 0xF0, 0x0F, 0xC0, 0x00, 0x0F, 0xE0, 0x03, 0xF0, 0x1F, 0xC0, 0x00, 0x0F, 0xE0, 0x03, 0xFF,
    0xFF, 0xC0, 0x00, 0x0F, 0xE0, 0x03, 0xF0, 0x2F, 0xC0, 0x00, 0x0F, 0xE0, 0x03, 0xF0, 0x0F, 0xE0,
    0x00, 0x0F, 0xE0, 0x03, 0xF0, 0x0F, 0xF0, 0x00, 0x0F, 0xC0, 0x03, 0xF0, 0x0B, 0xF0, 0x00, 0x0F,
    0xC0, 0x03, 0xF0, 0x03, 0xF8, 0x00, 0x2F, 0x00, 0x07, 0xF0, 0x02, 0xFC, 0x00, 0x3E, 0x00, 0x0B,
    0xF0, 0x00, 0xBF, 0x40, 0xF8, 0x00, 0xBF, 0xFF, 0x00, 0x0B, 0xFF, 0xC0, 0x00, 0x00, 0x00, 0x00,
    0x00, 0x00, 0x00, 0x00, 0x00, 0x00, 0x00, 0x00, 0x00, 0x01, 0xFF, 0xFF, 0xFD, 0x00, 0x0B, 0xF8,
    0x03, 0xF0, 0x00, 0x0F, 0xE0, 0x03, 0xF0, 0x00, 0x0F, 0xC0, 0x03, 0xF0, 0x00, 0x0F, 0xC0, 0x03,
    0xF0, 0x00, 0x0F, 0xE0, 0x03, 0xF0, 0x00, 0x07, 0xF8, 0x03, 0xF0, 0x00, 0x00, 0xBF, 0xFF, 0xF0,
    0x00, 0x00, 0x0F, 0xFB, 0xF0, 0x00, 0x00, 0x2F, 0xC3, 0xF0, 0x00, 0x00, 0xBF, 0x03, 0xF0, 0x00,
    0x00, 0xFE, 0x03, 0xF0, 0x00, 0x03, 0xFC, 0x03, 0xF0, 0x00, 0x0B, 0xF0, 0x03, 0xF0, 0x00, 0x2F,
    0xC0, 0x0B, 0xF0, 0x00, 0xFF, 0x80, 0x3F, 0xFF, 0x00, 0x00, 0x00, 0x00, 0x00, 0x00, 0xFC, 0x00,
    0x00, 0x00, 0xFF, 0x00, 0x00, 0x00, 0x3F, 0xC0, 0x00, 0x00, 0x0B, 0xF0, 0x00, 0x00, 0x00, 0xBC,
    0x00, 0x00, 0x00, 0x1F, 0x00, 0x00, 0x00, 0x00, 0x00, 0x00, 0x0A, 0xA0, 0x00, 0x00, 0xFF, 0xFF,
    0x00, 0x03, 0xC0, 0x2F, 0xC0, 0x0F, 0x00, 0x0F, 0xE0, 0x1F, 0x00, 0x0B, 0xF0, 0x3F, 0x00, 0x0B,
    0xF0, 0x3F, 0xFF, 0xFF, 0xF8, 0x3E, 0x00, 0x00, 0x00, 0x3E, 0x00, 0x00, 0x00, 0x3F, 0x00, 0x00,
    0x00, 0x3F, 0x00, 0x00, 0x00, 0x3F, 0x80, 0x00, 0x0C, 0x2F, 0xC0, 0x00, 0x28, 0x0F, 0xF0, 0x00,
    0xB0, 0x0B, 0xFE, 0x5B, 0xD0, 0x03, 0xFF, 0xFF, 0x40, 0x00, 0xBF, 0xF8, 0x00, 0x00, 0x00, 0x00,
    0x00, 0x01, 0xA0, 0x0A, 0x40, 0x03, 0xF0, 0x0F, 0xC0, 0x03, 0xF0, 0x0F, 0xC0, 0x02, 0xE0, 0x0B,
    0x80, 0x00, 0x00, 0x00, 0x00, 0x00, 0x0A, 0xA0, 0x00, 0x00, 0xFF, 0xFF, 0x00, 0x03, 0xC0, 0x2F,
    0xC0, 0x0F, 0x00, 0x0F, 0xE0, 0x1F, 0x00, 0x0B, 0xF0, 0x3F, 0x00, 0x0B, 0xF0, 0x3F, 0xFF, 0xFF,
    0xF8, 0x3E, 0x00, 0x00, 0x00, 0x3E, 0x00, 0x00, 0x00, 0x3F, 0x00, 0x00, 0x00, 0x3F, 0x00, 0x00,
    0x00, 0x3F, 0x80, 0x00, 0x0C, 0x2F, 0xC0, 0x00, 0x28, 0x0F, 0xF0, 0x00, 0xB0, 0x0B, 0xFE, 0x5B,
    0xD0, 0x03, 0xFF, 0xFF, 0x40, 0x00, 0xBF, 0xF8, 0x00, 0x00, 0x00, 0x00, 0x00, 0x00, 0xA0, 0x00,
    0x00, 0x00, 0x2F, 0xE0, 0x00, 0x00, 0x00, 0xAF, 0xE0, 0x00, 0x00, 0x00, 0x0B, 0xE0, 0x00, 0x00,
    0x00, 0x0B, 0xE0, 0x00, 0x00, 0x00, 0x0B, 0xE0, 0x00, 0x00, 0x00, 0x0B, 0xE0, 0x00, 0x00, 0x00,
    0x0B, 0xF0, 0x00, 0x00, 0x00, 0xFF, 0xFF, 0xFF, 0xE0, 0x00, 0xAF, 0xFA, 0xAA, 0x80, 0x00, 0x0B,
    0xE0, 0x00, 0x00, 0x00, 0x0B, 0xE0, 0xBF, 0x80, 0x00, 0x0B, 0xE3, 0xFF, 0xF8, 0x00, 0x0B, 0xFF,
    0xAB, 0xFC, 0x00, 0x0B, 0xF8, 0x00, 0xFF, 0x00, 0x0B, 0xF0, 0x00, 0xBF, 0x00, 0x0B, 0xE0, 0x00,
    0x3F, 0x00, 0x0B, 0xE0, 0x00, 0x3F, 0x80, 0x0B, 0xE0, 0x00, 0x2F, 0x80, 0x0B, 0xE0, 0x00, 0x2F,
    0x00, 0x0B, 0xE0, 0x00, 0x3F, 0x00, 0x0B, 0xE0, 0x00, 0x3F, 0x00, 0x0B, 0xF0, 0x00, 0x3E, 0x00,
    0x0F, 0xF0, 0x00, 0xBC, 0x00, 0xBF, 0xFF, 0x00, 0xFC, 0x00, 0x00, 0x00, 0x02, 0xF0, 0x00, 0x00,
    0x00, 0x03, 0xE0, 0x00, 0x00, 0x00, 0x0F, 0x80, 0x00, 0x00, 0x00, 0x3E, 0x00, 0x00, 0x00, 0x00,
    0xF8, 0x00, 0x00, 0x00, 0x07, 0xC0, 0x00, 0x00, 0x00, 0x3E, 0x00, 0x00, 0x00, 0x00, 0xA0, 0x00,
    0x00, 0x00, 0x00, 0x00, 0x00, 0x00, 0x00, 0x00, 0x3C, 0x00, 0x00, 0x00, 0xFC, 0x00, 0x00, 0x03,
    0xF8, 0x00, 0x00, 0x0F, 0xC0, 0x00, 0x00, 0x3E, 0x00, 0x00, 0x00, 0xE0, 0x00, 0x00, 0x00, 0x00,
    0x00, 0x00, 0x00, 0x00, 0x00, 0x00, 0x00, 0x00, 0x00, 0x00, 0x2F, 0xFF, 0xFF, 0xF0, 0x0B, 0xF0,
    0x02, 0xF0, 0x03, 0xF0, 0x00, 0xB0, 0x03, 0xF0, 0x00, 0x30, 0x03, 0xF0, 0x00, 0x30, 0x03, 0xF0,
    0x00, 0x00, 0x03, 0xF0, 0x00, 0x00, 0x03, 0xF0, 0x00, 0x00, 0x03, 0xF0, 0x00, 0x00, 0x03, 0xF0,
    0x00, 0x00, 0x03, 0xF0, 0x00, 0x00, 0x03, 0xF0, 0x00, 0x00, 0x03, 0xF0, 0x00, 0x00, 0x07, 0xF0,
    0x00, 0x00, 0x0B, 0xF0, 0x00, 0x00, 0xBF, 0xFF, 0x80, 0x00, 0x00, 0x0A, 0xA0, 0x50, 0x00, 0xBE,
    0xAF, 0xE0, 0x03, 0xF0, 0x02, 0xF0, 0x0B, 0xC0, 0x00, 0xB0, 0x0F, 0x80, 0x00, 0x30, 0x2F, 0x00,
    0x00, 0x00, 0x3F, 0x00, 0x00, 0x00, 0x3F, 0xAA, 0xA8, 0x00, 0x3F, 0xFF, 0xFC, 0x00, 0x3F, 0x00,
    0x00, 0x00, 0x3F, 0x00, 0x00, 0x00, 0x3F, 0x80, 0x00, 0x04, 0x2F, 0xC0, 0x00, 0x1C, 0x0F, 0xF0,
    0x00, 0xB0, 0x0B, 0xFF, 0xAB, 0xE0, 0x02, 0xFF, 0xFF, 0x80, 0x00, 0x7F, 0xFC, 0x00, 0x00, 0x00,
    0x00, 0x00, 0x00, 0xA9, 0x00, 0x0B, 0x8B, 0xF8, 0x2E, 0x00, 0xF8, 0x3C, 0x00, 0x38, 0x3E, 0x00,
    0x28, 0x3F, 0x40, 0x00, 0x3F, 0xE0, 0x00, 0x0F, 0xFD, 0x00, 0x03, 0xFF, 0xC0, 0x00, 0xBF, 0xF0,
    0x00, 0x0F, 0xFC, 0x20, 0x02, 0xFE, 0x30, 0x00, 0xBE, 0x30, 0x00, 0x3E, 0x3C, 0x00, 0x3C, 0x3E,
    0x00, 0xF8, 0x3B, 0xFF, 0xC0, 0x00, 0x00, 0x00, 0x00, 0xA0, 0x00, 0x03, 0xF8, 0x00, 0x03, 0xF8,
    0x00, 0x02, 0xF0, 0x00, 0x00, 0x00, 0x00, 0x00, 0x00, 0x00, 0x00, 0x00, 0x00, 0x00, 0x00, 0x00,
    0x00, 0x18, 0x00, 0x06, 0xF8, 0x00, 0x2B, 0xF8, 0x00, 0x03, 0xF8, 0x00, 0x02, 0xF8, 0x00, 0x02,
    0xF8, 0x00, 0x02, 0xF8, 0x00, 0x02, 0xF8, 0x00, 0x02, 0xF8, 0x00, 0x02, 0xF8, 0x00, 0x02, 0xF8,
    0x00, 0x02, 0xF8, 0x00, 0x02, 0xF8, 0x00, 0x02, 0xF8, 0x00, 0x02, 0xFC, 0x00, 0x03, 0xFC, 0x00,
    0x3F, 0xFF, 0xC0, 0x2E, 0x00, 0xB8, 0x3F, 0x00, 0xFC, 0x3F, 0x00, 0xFC, 0x2E, 0x00, 0xB8, 0x00,
    0x00, 0x00, 0x00, 0x06, 0x00, 0x01, 0xBE, 0x00, 0x0A, 0xFE, 0x00, 0x00, 0xFE, 0x00, 0x00, 0xBE,
    0x00, 0x00, 0xBE, 0x00, 0x00, 0xBE, 0x00, 0x00, 0xBE, 0x00, 0x00, 0xBE, 0x00, 0x00, 0xBE, 0x00,
    0x00, 0xBE, 0x00, 0x00, 0xBE, 0x00, 0x00, 0xBE, 0x00, 0x00, 0xBE, 0x00, 0x00, 0xBF, 0x00, 0x00,
    0xFF, 0x00, 0x0F, 0xFF, 0xF0, 0x00, 0x00, 0xA0, 0x00, 0x03, 0xF8, 0x00, 0x03, 0xF8, 0x00, 0x02,
    0xF0, 0x00, 0x00, 0x00, 0x00, 0x00, 0x00, 0x00, 0x00, 0x00, 0x00, 0x00, 0x00, 0x00, 0x00, 0x20,
    0x00, 0x0B, 0xF8, 0x00, 0x3F, 0xF8, 0x00, 0x03, 0xF8, 0x00, 0x02, 0xF8, 0x00, 0x02, 0xF8, 0x00,
    0x02, 0xF8, 0x00, 0x02, 0xF8, 0x00, 0x02, 0xF8, 0x00, 0x02, 0xF8, 0x00, 0x02, 0xF8, 0x00, 0x02,
    0xF8, 0x00, 0x02, 0xF8, 0x00, 0x02, 0xF8, 0x00, 0x02, 0xF8, 0x00, 0x02, 0xF8, 0x00, 0x02, 0xF8,
    0x00, 0x02, 0xF8, 0x00, 0x02, 0xF4, 0x00, 0x02, 0xF0, 0x00, 0x02, 0xF0, 0x2E, 0x03, 0xE0, 0x3F,
    0x83, 0xC0, 0x2F, 0xFF, 0x00, 0x06, 0xA8, 0x00, 0x00, 0x00, 0x00, 0x00, 0x00, 0x00, 0x00, 0x02,
    0xFF, 0xFF, 0xFF, 0x80, 0x00, 0x00, 0x00, 0x3E, 0x01, 0xFC, 0x00, 0x00, 0x00, 0x00, 0x2C, 0x00,
    0xFC, 0x00, 0x00, 0x00, 0x00, 0x2C, 0x00, 0xFC, 0x00, 0x00, 0x00, 0x00, 0x2C, 0x00, 0xFC, 0x00,
    0x00, 0x00, 0x00, 0x2C, 0x00, 0xFC, 0x00, 0x00, 0x00, 0x00, 0x2C, 0x00, 0xFC, 0x00, 0x00, 0x00,
    0x00, 0x2C, 0x00, 0xFF, 0xFF, 0xF8, 0x00, 0x00, 0x2C, 0x00, 0xFC, 0x02, 0xFF, 0x00, 0x00, 0x2C,
    0x00, 0xFC, 0x00, 0x3F, 0x80, 0x00, 0x2C, 0x00, 0xFC, 0x00, 0x2F, 0xC0, 0x00, 0x28, 0x00, 0xFC,
    0x00, 0x2F, 0xC0, 0x38, 0x38, 0x00, 0xFC, 0x00, 0x2F, 0xC0, 0xBD, 0x30, 0x00, 0xFC, 0x00, 0x7F,
    0x80, 0xBF, 0xF0, 0x00, 0xFE, 0x0B, 0xFE, 0x00, 0x3F, 0xC0, 0x0F, 0xFF, 0xFF, 0xE0, 0x00, 0x00,
    0x00, 0x00, 0x00, 0x00, 0x00, 0x00, 0x00, 0x00, 0x00, 0x00, 0x00, 0x00, 0x00, 0x2F, 0xF9, 0x02,
    0xFF, 0x80, 0x00, 0x00, 0x0B, 0xF0, 0x00, 0xBE, 0x00, 0x00, 0x00, 0x03, 0xF0, 0x00, 0xBE, 0x00,
    0x00, 0x00, 0x03, 0xF0, 0x00, 0xBE, 0x00, 0x00, 0x00, 0x03, 0xF0, 0x00, 0xBE, 0x00, 0x00, 0x00,
    0x03, 0xF0, 0x00, 0xBE, 0x00, 0x00, 0x00, 0x03, 0xF0, 0x00, 0xBE, 0x00, 0x00, 0x00, 0x03, 0xFF,
    0xFF, 0xFF, 0xFF, 0xF8, 0x00, 0x03, 0xF0, 0x00, 0xBE, 0x02, 0xFF, 0x00, 0x03, 0xF0, 0x00, 0xBE,
    0x00, 0x3F, 0x80, 0x03, 0xF0, 0x00, 0xBE, 0x00, 0x2F, 0xC0, 0x03, 0xF0, 0x00, 0xBE, 0x00, 0x2F,
    0xC0, 0x03, 0xF0, 0x00, 0xBE, 0x00, 0x3F, 0xC0, 0x03, 0xF0, 0x00, 0xBE, 0x00, 0xBF, 0x80, 0x0B,
    0xF0, 0x00, 0xFF, 0x0B, 0xFE, 0x00, 0xBF, 0xFF, 0x0B, 0xFF, 0xFF, 0xE0, 0x00, 0x00, 0xA0, 0x00,
    0x00, 0x00, 0x2F, 0xE0, 0x00, 0x00, 0x00, 0xAF, 0xE0, 0x00, 0x00, 0x00, 0x0B, 0xE0, 0x00, 0x00,
    0x00, 0x0B, 0xE0, 0x00, 0x00, 0x00, 0x0B, 0xE0, 0x00, 0x00, 0x00, 0x0B, 0xE0, 0x00, 0x00, 0x00,
    0x0B, 0xF0, 0x00, 0x00, 0x00, 0xFF, 0xFF, 0xFF, 0xE0, 0x00, 0xAF, 0xFA, 0xAA, 0x80, 0x00, 0x0B,
    0xE0, 0x00, 0x00, 0x00, 0x0B, 0xE0, 0x2F, 0x80, 0x00, 0x0B, 0xE2, 0xFF, 0xF4, 0x00, 0x0B, 0xFF,
    0x4B, 0xFC, 0x00, 0x0B, 0xF8, 0x00, 0xFC, 0x00, 0x0B, 0xF0, 0x00, 0xFC, 0x00, 0x0B, 0xE0, 0x00,
    0xFD, 0x00, 0x0B, 0xE0, 0x00, 0xFE, 0x00, 0x0B, 0xE0, 0x00, 0xFE, 0x00, 0x0B, 0xE0, 0x00, 0xFE,
    0x00, 0x0B, 0xE0, 0x00, 0xFE, 0x00, 0x0B, 0xE0, 0x00, 0xFE, 0x00, 0x0B, 0xF0, 0x00, 0xFE, 0x00,
    0x0F, 0xF0, 0x00, 0xFF, 0x00, 0xBF, 0xFF, 0x0F, 0xFF, 0xE0, 0x00, 0x00, 0x00, 0x00, 0x00, 0x00,
    0x00, 0x03, 0xD0, 0x00, 0x00, 0x00, 0x0F, 0xE0, 0x00, 0x00, 0x00, 0x3F, 0x80, 0x00, 0x00, 0x00,
    0xFC, 0x00, 0x00, 0x00, 0x03, 0xE0, 0x00, 0x00, 0x00, 0x0F, 0x00, 0x00, 0x00, 0x00, 0x00, 0x00,
    0x00, 0x00, 0x00, 0x00, 0x00, 0x00, 0x00, 0x00, 0x00, 0x00, 0x00, 0x00, 0x2F, 0xF8, 0x02, 0xFE,
    0x40, 0x0B, 0xF0, 0x00, 0xF4, 0x00, 0x03, 0xF0, 0x03, 0xC0, 0x00, 0x03, 0xF0, 0x0F, 0x00, 0x00,
    0x03, 0xF0, 0x3C, 0x00, 0x00, 0x03, 0xF0, 0xF0, 0x00, 0x00, 0x03, 0xF3, 0xC0, 0x00, 0x00, 0x03,
    0xFF, 0xE0, 0x00, 0x00, 0x03, 0xFF, 0xF8, 0x00, 0x00, 0x03, 0xF3, 0xFE, 0x00, 0x00, 0x03, 0xF0,
    0xFF, 0x40, 0x00, 0x03, 0xF0, 0x3F, 0xC0, 0x00, 0x03, 0xF0, 0x0F, 0xF0, 0x00, 0x07, 0xF0, 0x03,
    0xFC, 0x00, 0x0B, 0xF0, 0x02, 0xFF, 0x00, 0xBF, 0xFF, 0x0B, 0xFF, 0xF0, 0x00, 0x04, 0x00, 0x00,
    0x00, 0x00, 0x3F, 0x00, 0x00, 0x00, 0x00, 0x2F, 0xC0, 0x00, 0x00, 0x00, 0x0B, 0xF0, 0x00, 0x00,
    0x00, 0x00, 0xFC, 0x00, 0x00, 0x00, 0x00, 0x2F, 0x00, 0x00, 0x00, 0x00, 0x03, 0xC0, 0x00, 0x00,
    0x00, 0x00, 0x00, 0x00, 0x00, 0x00, 0x00, 0x00, 0x00, 0x2F, 0xF9, 0x02, 0xFF, 0x90, 0x0B, 0xF0,
    0x00, 0xBF, 0x00, 0x03, 0xF0, 0x00, 0xFF, 0x00, 0x03, 0xF0, 0x02, 0xFF, 0x00, 0x03, 0xF0, 0x03,
    0xFF, 0x00, 0x03, 0xF0, 0x0E, 0x3F, 0x00, 0x03, 0xF0, 0x2C, 0x3F, 0x00, 0x03, 0xF0, 0x30, 0x3F,
    0x00, 0x03, 0xF0, 0xE0, 0x3F, 0x00, 0x03, 0xF3, 0xC0, 0x3F, 0x00, 0x03, 0xFB, 0x00, 0x3F, 0x00,
    0x03, 0xFE, 0x00, 0x3F, 0x00, 0x03, 0xF8, 0x00, 0x3F, 0x00, 0x07, 0xF0, 0x00, 0x7F, 0x00, 0x0B,
    0xF0, 0x00, 0xBF, 0x00, 0xBF, 0xFF, 0x0B, 0xFF, 0xF0, 0x00, 0x28, 0x02, 0x80, 0x00, 0x00, 0x3C,
    0x03, 0xC0, 0x00, 0x00, 0x30, 0x00, 0xC0, 0x00, 0x00, 0x39, 0x02, 0xC0, 0x00, 0x00, 0x1F, 0xFF,
    0x80, 0x00, 0x00, 0x02, 0xF8, 0x00, 0x00, 0x00, 0x00, 0x00, 0x00, 0x00, 0x00, 0x00, 0x00, 0x00,
    0x00, 0x3F, 0xF8, 0x00, 0x2F, 0x80, 0x0F, 0xF0, 0x00, 0x0F, 0x00, 0x03, 0xF0, 0x00, 0x2C, 0x00,
    0x03, 0xFC, 0x00, 0x3C, 0x00, 0x00, 0xFC, 0x00, 0x38, 0x00, 0x00, 0xFE, 0x00, 0xB0, 0x00, 0x00,
    0x7F, 0x00, 0xF0, 0x00, 0x00, 0x3F, 0x80, 0xD0, 0x00, 0x00, 0x2F, 0xC2, 0xC0, 0x00, 0x00, 0x0F,
    0xE3, 0x80, 0x00, 0x00, 0x0B, 0xF7, 0x00, 0x00, 0x00, 0x03, 0xFF, 0x00, 0x00, 0x00, 0x02, 0xFE,
    0x00, 0x00, 0x00, 0x00, 0xFC, 0x00, 0x00, 0x00, 0x00, 0xB8, 0x00, 0x00, 0x00, 0x00, 0xB0, 0x00,
    0x00, 0x00, 0x00, 0xF0, 0x00, 0x00, 0x00, 0x00, 0xE0, 0x00, 0x00, 0x00, 0x03, 0xC0, 0x00, 0x00,
    0x00, 0x03, 0x80, 0x00, 0x00, 0x2F, 0xAF, 0x00, 0x00, 0x00, 0x3F, 0xFE, 0x00, 0x00, 0x00, 0x3F,
    0xF8, 0x00, 0x00, 0x00, 0x0A, 0x80, 0x00, 0x00, 0x00, 0x00, 0x00, 0x00, 0x00, 0x00, 0x2F, 0xF9,
    0x06, 0xFF, 0x80, 0x0B, 0xF0, 0x00, 0xFE, 0x00, 0x03, 0xF0, 0x00, 0xFC, 0x00, 0x03, 0xF0, 0x00,
    0xFC, 0x00, 0x03, 0xF0, 0x00, 0xFC, 0x00, 0x03, 0xF0, 0x00, 0xFC, 0x00, 0x03, 0xF0, 0x00, 0xFC,
    0x00, 0x03, 0xF0, 0x00, 0xFC, 0x00, 0x03, 0xF0, 0x00, 0xFC, 0x00, 0x03, 0xF0, 0x00, 0xFC, 0x00,
    0x03, 0xF0, 0x00, 0xFC, 0x00, 0x03, 0xF0, 0x00, 0xFC, 0x00, 0x03, 0xF0, 0x00, 0xFC, 0x00, 0x07,
    0xF0, 0x00, 0xFD, 0x00, 0x0B, 0xF8, 0x02, 0xFE, 0x00, 0xBF, 0xFF, 0xFF, 0xFF, 0xE0, 0x00, 0x02,
    0xF8, 0x00, 0x00, 0x00, 0x02, 0xF8, 0x00, 0x00, 0x00, 0x02, 0xF8, 0x00, 0x00, 0x00, 0x02, 0xF8,
    0x00, 0x00, 0x00, 0x00, 0x00, 0x00, 0x00, 0x00, 0x00, 0x00, 0x00, 0x00, 0x00, 0x00, 0x00, 0x00,
    0x00, 0x3F, 0xC0, 0x00, 0x00, 0x00, 0x00, 0x00, 0x00, 0x3F, 0xC0, 0x00, 0x00, 0x00, 0x00, 0x00,
    0x00, 0x3F, 0xC0, 0x00, 0x00, 0x00, 0x00, 0x00, 0x00, 0x7F, 0xC0, 0x00, 0x00, 0x00, 0x00, 0x3F,
    0xFF, 0xFF, 0xFF, 0xFF, 0xF8, 0x00, 0x00, 0x3F, 0xFF, 0xFF, 0xFF, 0xFF, 0xF8, 0x00, 0x00, 0x3F,
    0xFF, 0xFF, 0xFF, 0xFF, 0xF8, 0x00, 0x00, 0x2A, 0xAA, 0xBF, 0xEA, 0xAA, 0xA8, 0x00, 0x00, 0x00,
    0x00, 0x3F, 0xC0, 0x00, 0x00, 0x00, 0x00, 0x00, 0x00, 0x3F, 0xC0, 0x00, 0x00, 0x00, 0x00, 0x00,
    0x00, 0x3F, 0xEA, 0xAA, 0xA4, 0x00, 0x00, 0x00, 0x00, 0x3F, 0xFF, 0xFF, 0xFF, 0x80, 0x00, 0x00,
    0x00, 0x3F, 0xFF, 0xFF, 0xFF, 0xF8, 0x00, 0x00, 0x00, 0x3F, 0xFF, 0xFF, 0xFF, 0xFD, 0x00, 0x00,
    0x00, 0x3F, 0xC0, 0x00, 0xAF, 0xFF, 0x00, 0x00, 0x00, 0x3F, 0xC0, 0x00, 0x02, 0xFF, 0x80, 0x00,
    0x00, 0x3F, 0xC0, 0x00, 0x00, 0xFF, 0x80, 0x00, 0x00, 0x3F, 0xC0, 0x00, 0x00, 0xBF, 0xC0, 0x00,
    0x00, 0x3F, 0xC0, 0x00, 0x00, 0xBF, 0xC0, 0x00, 0x00, 0x3F, 0xC0, 0x00, 0x00, 0xBF, 0x80, 0x00,
    0x00, 0x3F, 0xC0, 0x00, 0x00, 0xFF, 0x80, 0x00, 0x00, 0x3F, 0xC0, 0x00, 0x02, 0xFF, 0x00, 0x00,
    0x00, 0x3F, 0xEA, 0xAA, 0xAF, 0xFF, 0x00, 0x00, 0x00, 0x3F, 0xFF, 0xFF, 0xFF, 0xFC, 0x00, 0x00,
    0x00, 0x3F, 0xFF, 0xFF, 0xFF, 0xF4, 0x00, 0x00, 0x00, 0x3F, 0xFF, 0xFF, 0xFF, 0x80, 0x00, 0x00,
    0x00, 0x2A, 0xAA, 0xAA, 0x90, 0x00, 0x00, 0x00, 0x00, 0x00, 0x00, 0x00, 0x00, 0x00, 0x03, 0xFC,
    0x00, 0x00, 0x00, 0x00, 0x03, 0xFC, 0x00, 0x00, 0x00, 0x00, 0x03, 0xFC, 0x00, 0x00, 0x00, 0x00,
    0x03, 0xFC, 0x00, 0x00, 0x00, 0x00, 0x03, 0xFC, 0x00, 0x00, 0x00, 0x00, 0x03, 0xFC, 0x00, 0x00,
    0x00, 0x00, 0x03, 0xFC, 0x00, 0x00, 0x00, 0x3F, 0xFF, 0xFF, 0xFF, 0xC0, 0x00, 0x3F, 0xFF, 0xFF,
    0xFF, 0xC0, 0x00, 0x3F, 0xFF, 0xFF, 0xFF, 0xC0, 0x00, 0x0A, 0xAB, 0xFE, 0xAA, 0x00, 0x00, 0x00,
    0x03, 0xFC, 0x00, 0x00, 0x00, 0x00, 0x03, 0xFC, 0x00, 0x00, 0x00, 0x00, 0x03, 0xFC, 0x00, 0x00,
    0x00, 0x00, 0x03, 0xFF, 0xFF, 0xFD, 0x00, 0x00, 0x03, 0xFF, 0xFF, 0xFF, 0xC0, 0x00, 0x03, 0xFF,
    0xFF, 0xFF, 0xE0, 0x00, 0x03, 0xFC, 0x00, 0xBF, 0xF0, 0x00, 0x03, 0xFC, 0x00, 0x0B, 0xF8, 0x00,
    0x03, 0xFC, 0x00, 0x03, 0xF8, 0x00, 0x03, 0xFC, 0x00, 0x03, 0xF8, 0x00, 0x03, 0xFC, 0x00, 0x0B,
    0xF8, 0x00, 0x03, 0xFC, 0x00, 0x2F, 0xF0, 0x00, 0x03, 0xFF, 0xFF, 0xFF, 0xF0, 0x00, 0x03, 0xFF,
    0xFF, 0xFF, 0xC0, 0x00, 0x03, 0xFF, 0xFF, 0xFE, 0x00, 0x00, 0x02, 0xAA, 0xAA, 0x80, 0x00, 0x00,
    0x00, 0x0A, 0xBE, 0xA0, 0x00, 0x00, 0x00, 0x00, 0xFF, 0xFF, 0xFF, 0x00, 0x00, 0x00, 0x0B, 0xFF,
    0xFF, 0xFF, 0xE0, 0x00, 0x00, 0x3F, 0xFF, 0xFF, 0xFF, 0xFC, 0x00, 0x00, 0xFF, 0xF8, 0x00, 0x2F,
    0xFF, 0x00, 0x02, 0xFF, 0xC0, 0x00, 0x03, 0xFF, 0x80, 0x03, 0xFE, 0x00, 0x00, 0x00, 0xFF, 0xC0,
    0x0B, 0xFC, 0x00, 0x00, 0x00, 0x3F, 0xE0, 0x0F, 0xF4, 0x00, 0x00, 0x00, 0x1F, 0xF0, 0x1F, 0xF0,
    0x00, 0x00, 0x00, 0x0F, 0xF4, 0x2F, 0xE0, 0x00, 0x00, 0x00, 0x0B, 0xF8, 0x2F, 0xE0, 0x00, 0x00,
    0x00, 0x0B, 0xF8, 0x3F, 0xFF, 0xFF, 0xFF, 0xFF, 0xFF, 0xFC, 0x3F, 0xFF, 0xFF, 0xFF, 0xFF, 0xFF,
    0xFC, 0x3F, 0xFF, 0xFF, 0xFF, 0xFF, 0xFF, 0xFC, 0x3F, 0xEA, 0xAA, 0xAA, 0xAA, 0xAB, 0xFC, 0x2F,
    0xC0, 0x00, 0x00, 0x00, 0x03, 0xF8, 0x2F, 0xE0, 0x00, 0x00, 0x00, 0x0B, 0xF8, 0x0F, 0xF0, 0x00,
    0x00, 0x00, 0x0F, 0xF0, 0x0F, 0xF0, 0x00, 0x00, 0x00, 0x0F, 0xF0, 0x0B, 0xF8, 0x00, 0x00, 0x00,
    0x2F, 0xE0, 0x03, 0xFE, 0x00, 0x00, 0x00, 0xBF, 0xC0, 0x02, 0xFF, 0x80, 0x00, 0x02, 0xFF, 0x80,
    0x00, 0xFF, 0xF8, 0x00, 0x2F, 0xFF, 0x00, 0x00, 0x3F, 0xFF, 0xFF, 0xFF, 0xFC, 0x00, 0x00, 0x0F,
    0xFF, 0xFF, 0xFF, 0xF0, 0x00, 0x00, 0x02, 0xFF, 0xFF, 0xFF, 0x80, 0x00, 0x00, 0x00, 0x0B, 0xFF,
    0xE0, 0x00, 0x00, 0x00, 0x00, 0x00, 0x00, 0x00, 0x00, 0x00, 0x00, 0x02, 0xBE, 0x80, 0x00, 0x00,
    0x3F, 0xFF, 0xFC, 0x00, 0x00, 0xFF, 0xFF, 0xFF, 0x00, 0x03, 0xFF, 0xFF, 0xFF, 0xC0, 0x0B, 0xFE,
    0x00, 0xBF, 0xE0, 0x0F, 0xF0, 0x00, 0x0F, 0xF0, 0x2F, 0xE0, 0x00, 0x0B, 0xF8, 0x2F, 0xC0, 0x00,
    0x03, 0xF8, 0x3F, 0xC0, 0x00, 0x03, 0xFC, 0x3F, 0xFF, 0xFF, 0xFF, 0xFC, 0x3F, 0xFF, 0xFF, 0xFF,
    0xFC, 0x3F, 0xFF, 0xFF, 0xFF, 0xFC, 0x3F, 0xEA, 0xAA, 0xAB, 0xFC, 0x3F, 0xC0, 0x00, 0x03, 0xFC,
    0x2F, 0xE0, 0x00, 0x0B, 0xF8, 0x0F, 0xF0, 0x00, 0x0F, 0xF0, 0x0B, 0xFC, 0x00, 0x3F, 0xF0, 0x03,
    0xFF, 0xEB, 0xFF, 0xC0, 0x01, 0xFF, 0xFF, 0xFF, 0x40, 0x00, 0x3F, 0xFF, 0xFC, 0x00, 0x00, 0x06,
    0xFF, 0x90, 0x00, 0x00, 0x00, 0x00, 0x00, 0x00, 0x00, 0x00, 0x00, 0x00, 0x00, 0x0B, 0xE0, 0x2F,
    0xF8, 0x00, 0x00, 0x00, 0xBF, 0xF8, 0x0F, 0xF8, 0x00, 0x00, 0x01, 0xFF, 0xF8, 0x0F, 0xFC, 0x00,
    0x00, 0x03, 0xFF, 0xF8, 0x0B, 0xFC, 0x00, 0x00, 0x07, 0xFC, 0x04, 0x03, 0xFE, 0x00, 0x00, 0x0B,
    0xF8, 0x00, 0x03, 0xFF, 0x00, 0x00, 0x0F, 0xF0, 0x00, 0x02, 0xFF, 0x00, 0x00, 0x2F, 0xE0, 0x00,
    0x00, 0xFF, 0x80, 0x00, 0x2F, 0xD0, 0x00, 0x00, 0xFF, 0xC0, 0x00, 0x3F, 0xC0, 0x00, 0x00, 0xBF,
    0xC0, 0x00, 0xBF, 0x80, 0x00, 0x00, 0x3F, 0xE0, 0x00, 0xBF, 0x00, 0x00, 0x00, 0x2F, 0xE0, 0x00,
    0xFF, 0x00, 0x00, 0x00, 0x1F, 0xF0, 0x02, 0xFE, 0x00, 0x00, 0x00, 0x0F, 0xF4, 0x02, 0xFC, 0x00,
    0x00, 0x00, 0x0B, 0xF8, 0x03, 0xFC, 0x00, 0x00, 0x00, 0x03, 0xFC, 0x0B, 0xF8, 0x00, 0x00, 0x00,
    0x03, 0xFC, 0x0B, 0xF0, 0x00, 0x00, 0x00, 0x02, 0xFE, 0x0F, 0xF0, 0x00, 0x00, 0x00, 0x00, 0xFF,
    0x2F, 0xE0, 0x00, 0x00, 0x00, 0x00, 0xFF, 0x2F, 0xC0, 0x00, 0x00, 0x00, 0x00, 0xBF, 0xFF, 0xC0,
    0x00, 0x00, 0x00, 0x00, 0x3F, 0xFF, 0x80, 0x00, 0x00, 0x00, 0x00, 0x3F, 0xFF, 0x00, 0x00, 0x00,
    0x00, 0x00, 0x2F, 0xFF, 0x00, 0x00, 0x00, 0x00, 0x00, 0x0F, 0xFE, 0x00, 0x00, 0x00, 0x00, 0x00,
    0x0F, 0xFC, 0x00, 0x00, 0x00, 0x00, 0x00, 0x02, 0xA8, 0x00, 0x00, 0x00, 0x00, 0x00, 0x00, 0x00,
    0xBE, 0x00, 0x3F, 0xC0, 0x00, 0x0B, 0xFF, 0x00, 0x3F, 0xC0, 0x00, 0x0F, 0xFF, 0x00, 0x2F, 0xE0,
    0x00, 0x2F, 0xFB, 0x00, 0x0F, 0xF0, 0x00, 0x3F, 0xC0, 0x00, 0x0F, 0xF0, 0x00, 0x3F, 0x80, 0x00,
    0x0B, 0xF8, 0x00, 0xBF, 0x00, 0x00, 0x03, 0xFC, 0x00, 0xFE, 0x00, 0x00, 0x02, 0xFC, 0x00, 0xFD,
    0x00, 0x00, 0x02, 0xFE, 0x02, 0xFC, 0x00, 0x00, 0x00, 0xFE, 0x03, 0xF8, 0x00, 0x00, 0x00, 0xBF,
    0x03, 0xF0, 0x00, 0x00, 0x00, 0x7F, 0x4B, 0xF0, 0x00, 0x00, 0x00, 0x3F, 0x8F, 0xE0, 0x00, 0x00,
    0x00, 0x2F, 0xDF, 0xC0, 0x00, 0x00, 0x00, 0x0F, 0xFF, 0xC0, 0x00, 0x00, 0x00, 0x0F, 0xFF, 0x80,
    0x00, 0x00, 0x00, 0x0B, 0xFF, 0x00, 0x00, 0x00, 0x00, 0x03, 0xFF, 0x00, 0x00, 0x00, 0x00, 0x03,
    0xFE, 0x00, 0x00, 0x00, 0x00, 0x00, 0xA8, 0x00, 0x00, 0x00, 0x00, 0x00, 0x00, 0x00, 0x00, 0x00,
    0x00, 0x00, 0x3F, 0x80, 0x0F, 0xC0, 0x00, 0x00, 0x00, 0x3F, 0x80, 0x0F, 0xC0, 0x00, 0x00, 0x00,
    0x2F, 0xC0, 0x2F, 0xC0, 0x00, 0x00, 0x00, 0x1F, 0xEA, 0xBF, 0x80, 0x00, 0x00, 0x00, 0x0B, 0xFF,
    0xFF, 0x00, 0x00, 0x00, 0x00, 0x01, 0xFF, 0xF8, 0x00, 0x00, 0x00, 0x00, 0x00, 0x00, 0x00, 0x00,
    0x00, 0x00, 0x2A, 0x80, 0x00, 0x00, 0x0A, 0x80, 0x00, 0x3F, 0xD0, 0x00, 0x00, 0x3F, 0xE0, 0x00,
    0x3F, 0xD0, 0x00, 0x00, 0xBF, 0xE0, 0x00, 0x3F, 0xD0, 0x00, 0x01, 0xFF, 0xE0, 0x00, 0x3F, 0xD0,
    0x00, 0x03, 0xFF, 0xE0, 0x00, 0x3F, 0xD0, 0x00, 0x0B, 0xFF, 0xE0, 0x00, 0x3F, 0xD0, 0x00, 0x0F,
    0xFF, 0xE0, 0x00, 0x3F, 0xD0, 0x00, 0x2F, 0xFF, 0xE0, 0x00, 0x3F, 0xD0, 0x00, 0x7F, 0xFF, 0xE0,
    0x00, 0x3F, 0xD0, 0x00, 0xFF, 0x2F, 0xE0, 0x00, 0x3F, 0xD0, 0x02, 0xFE, 0x2F, 0xE0, 0x00, 0x3F,
    0xD0, 0x03, 0xFC, 0x2F, 0xE0, 0x00, 0x3F, 0xD0, 0x0F, 0xF0, 0x2F, 0xE0, 0x00, 0x3F, 0xD0, 0x2F,
    0xE0, 0x2F, 0xE0, 0x00, 0x3F, 0xD0, 0x3F, 0xC0, 0x2F, 0xE0, 0x00, 0x3F, 0xD0, 0xBF, 0x80, 0x2F,
    0xE0, 0x00, 0x3F, 0xD0, 0xFF, 0x00, 0x2F, 0xE0, 0x00, 0x3F, 0xD3, 0xFC, 0x00, 0x2F, 0xE0, 0x00,
    0x3F, 0xDB, 0xF8, 0x00, 0x2F, 0xE0, 0x00, 0x3F, 0xEF, 0xF0, 0x00, 0x2F, 0xE0, 0x00, 0x3F, 0xFF,
    0xE0, 0x00, 0x2F, 0xE0, 0x00, 0x3F, 0xFF, 0xC0, 0x00, 0x2F, 0xE0, 0x00, 0x3F, 0xFF, 0x00, 0x00,
    0x2F, 0xE0, 0x00, 0x3F, 0xFE, 0x00, 0x00, 0x2F, 0xE0, 0x00, 0x3F, 0xFC, 0x00, 0x00, 0x2F, 0xFF,
    0xC0, 0x3F, 0xF8, 0x00, 0x00, 0x2F, 0xFF, 0x80, 0x3F, 0xF0, 0x00, 0x00, 0x2F, 0xFF, 0x00, 0x2A,
    0x80, 0x00, 0x00, 0x1B, 0xFE, 0x00, 0x00, 0x00, 0x00, 0x00, 0x03, 0xFC, 0x00, 0x00, 0x00, 0x00,
    0x00, 0x0B, 0xFC, 0x00, 0x00, 0x00, 0x00, 0x00, 0x0F, 0xF8, 0x00, 0x00, 0x00, 0x00, 0x00, 0x0F,
    0xF0, 0x00, 0x00, 0x00, 0x00, 0x00, 0x1A, 0x90, 0x00, 0x02, 0xA0, 0x00, 0xA8, 0x00, 0x00, 0x03,
    0xF4, 0x00, 0xFC, 0x00, 0x00, 0x03, 0xF8, 0x01, 0xFC, 0x00, 0x00, 0x02, 0xFC, 0x03, 0xFC, 0x00,
    0x00, 0x00, 0xFF, 0xAF, 0xF0, 0x00, 0x00, 0x00, 0x7F, 0xFF, 0xE0, 0x00, 0x00, 0x00, 0x0A, 0xFA,
    0x00, 0x00, 0x00, 0x00, 0x00, 0x00, 0x00, 0x00, 0x00, 0x00, 0x00, 0x00, 0x00, 0x00, 0x00, 0x1A,
    0x80, 0x00, 0x0A, 0x80, 0x00, 0x3F, 0xC0, 0x00, 0x3F, 0xD0, 0x00, 0x3F, 0xC0, 0x00, 0xBF, 0xD0,
    0x00, 0x3F, 0xC0, 0x01, 0xFF, 0xD0, 0x00, 0x3F, 0xC0, 0x03, 0xFF, 0xD0, 0x00, 0x3F, 0xC0, 0x0B,
    0xFF, 0xD0, 0x00, 0x3F, 0xC0, 0x0F, 0xFF, 0xD0, 0x00, 0x3F, 0xC0, 0x3F, 0xFF, 0xD0, 0x00, 0x3F,
    0xC0, 0xBF, 0xAF, 0xD0, 0x00, 0x3F, 0xC0, 0xFF, 0x2F, 0xD0, 0x00, 0x3F, 0xC2, 0xFC, 0x2F, 0xD0,
    0x00, 0x3F, 0xC3, 0xF8, 0x2F, 0xD0, 0x00, 0x3F, 0xCF, 0xF0, 0x2F, 0xD0, 0x00, 0x3F, 0xFF, 0xD0,
    0x2F, 0xD0, 0x00, 0x3F, 0xFF, 0x80, 0x2F, 0xD0, 0x00, 0x3F, 0xFF, 0x00, 0x2F, 0xD0, 0x00, 0x3F,
    0xFE, 0x00, 0x2F, 0xE0, 0x00, 0x3F, 0xFC, 0x00, 0x2F, 0xFF, 0x80, 0x3F, 0xF0, 0x00, 0x2F, 0xFF,
    0x00, 0x3F, 0xE0, 0x00, 0x2F, 0xFE, 0x00, 0x1A, 0x80, 0x00, 0x0B, 0xFC, 0x00, 0x00, 0x00, 0x00,
    0x03, 0xFC, 0x00, 0x00, 0x00, 0x00, 0x0B, 0xF4, 0x00, 0x00, 0x00, 0x00, 0x0F, 0xF0, 0x00, 0x00,
    0x00, 0x00, 0x2F, 0xE0, 0x00, 0x00, 0x00, 0x00, 0x2A, 0x80, 0x00, 0x00, 0x2A, 0x40, 0x00, 0x00,
    0x00, 0x00, 0xBF, 0x80, 0x00, 0x00, 0x00, 0x00, 0xBF, 0x80, 0x00, 0x00, 0x00, 0x1A, 0xFF, 0xEA,
    0xA0, 0x00, 0x00, 0x3F, 0xFF, 0xFF, 0xF8, 0x00, 0x00, 0x3F, 0xFF, 0xFF, 0xF8, 0x00, 0x00, 0x3F,
    0xFF, 0xFF, 0xF8, 0x00, 0x00, 0x00, 0xBF, 0x80, 0x00, 0x00, 0x00, 0x00, 0xBF, 0x80, 0x00, 0x00,
    0x00, 0x00, 0xBF, 0x80, 0x00, 0x00, 0x00, 0x00, 0xBF, 0x80, 0x00, 0x00, 0x00, 0x00, 0xBF, 0xC0,
    0x00, 0x00, 0x00, 0x00, 0xBF, 0xFF, 0xFE, 0x80, 0x00, 0x00, 0xBF, 0xFF, 0xFF, 0xF0, 0x00, 0x00,
    0xBF, 0xFF, 0xFF, 0xFC, 0x00, 0x00, 0xBF, 0xC1, 0xAF, 0xFF, 0x00, 0x00, 0xBF, 0x80, 0x02, 0xFF,
    0x80, 0x00, 0xBF, 0x80, 0x00, 0xFF, 0x80, 0x00, 0xBF, 0x80, 0x00, 0xBF, 0xC0, 0x00, 0xBF, 0x80,
    0x00, 0xBF, 0xC0, 0x00, 0xBF, 0x80, 0x00, 0xBF, 0x80, 0x00, 0xBF, 0x80, 0x00, 0xFF, 0x80, 0x00,
    0xBF, 0x80, 0x02, 0xFF, 0x00, 0x00, 0xBF, 0x80, 0x6F, 0xFE, 0x00, 0x00, 0xBF, 0xFF, 0xFF, 0xFC,
    0x00, 0x00, 0xBF, 0xFF, 0xFF, 0xF0, 0x00, 0x00, 0xBF, 0xFF, 0xFE, 0x00, 0x00, 0x00, 0x2A, 0xAA,
    0x00, 0x00, 0x00, 0x00, 0x00, 0x00, 0x00, 0x00, 0x00, 0xBF, 0x80, 0x00, 0x00, 0x00, 0xBF, 0x80,
    0x00, 0x00, 0x00, 0xBF, 0x80, 0x00, 0x00, 0x2A, 0xFF, 0xEA, 0xA0, 0x00, 0x3F, 0xFF, 0xFF, 0xF8,
    0x00, 0x3F, 0xFF, 0xFF, 0xF8, 0x00, 0x2A, 0xFF, 0xEA, 0xA8, 0x00, 0x00, 0xBF, 0x80, 0x00, 0x00,
    0x00, 0xBF, 0x80, 0x00, 0x00, 0x00, 0xBF, 0x80, 0x00, 0x00, 0x00, 0xBF, 0x80, 0x00, 0x00, 0x00,
    0xBF, 0xFE, 0xA0, 0x00, 0x00, 0xBF, 0xFF, 0xFE, 0x00, 0x00, 0xBF, 0xFF, 0xFF, 0xC0, 0x00, 0xBF,
    0xEB, 0xFF, 0xE0, 0x00, 0xBF, 0x80, 0x3F, 0xF0, 0x00, 0xBF, 0x80, 0x2F, 0xF0, 0x00, 0xBF, 0x80,
    0x0F, 0xF0, 0x00, 0xBF, 0x80, 0x2F, 0xF0, 0x00, 0xBF, 0x80, 0xBF, 0xE0, 0x00, 0xBF, 0xFF, 0xFF,
    0xC0, 0x00, 0xBF, 0xFF, 0xFF, 0x00, 0x00, 0xBF, 0xFF, 0xF8, 0x00, 0x00, 0x2A, 0xA4, 0x00, 0x00,
    0x2A, 0xAA, 0xA8, 0x00, 0x00, 0x3F, 0xFF, 0xFF, 0xF4, 0x00, 0x3F, 0xFF, 0xFF, 0xFE, 0x00, 0x3F,
    0xFF, 0xFF, 0xFF, 0x80, 0x3F, 0xE0, 0x0B, 0xFF, 0xC0, 0x3F, 0xC0, 0x00, 0xFF, 0xC0, 0x3F, 0xC0,
    0x00, 0x3F, 0xE0, 0x3F, 0xC0, 0x00, 0x3F, 0xE0, 0x3F, 0xC0, 0x00, 0x3F, 0xE0, 0x3F, 0xC0, 0x00,
    0x3F, 0xE0, 0x3F, 0xDB, 0xE0, 0xBF, 0xC0, 0x3F, 0xC3, 0xF0, 0xFF, 0xC0, 0x3F, 0xC2, 0xFF, 0xFF,
    0x80, 0x3F, 0xEA, 0xFF, 0xFE, 0x00, 0x3F, 0xFF, 0xFF, 0xF8, 0x00, 0x3F, 0xFF, 0xFF, 0xD0, 0x00,
    0x3F, 0xFF, 0xFF, 0x80, 0x00, 0x3F, 0xE0, 0x0F, 0xC0, 0x00, 0x3F, 0xC0, 0x0B, 0xE0, 0x00, 0x3F,
    0xC0, 0x03, 0xF0, 0x00, 0x3F, 0xC0, 0x00, 0x00, 0x00, 0x3F, 0xC0, 0x00, 0x00, 0x00, 0x3F, 0xC0,
    0x00, 0x00, 0x00, 0x3F, 0xC0, 0x00, 0x00, 0x00, 0x3F, 0xC0, 0x00, 0x00, 0x00, 0x3F, 0xC0, 0x00,
    0x00, 0x00, 0x3F, 0xC0, 0x00, 0x00, 0x00, 0x2A, 0x80, 0x00, 0x00, 0x00, 0x00, 0x00, 0x00, 0x00,
    0x00, 0x1A, 0x80, 0xBF, 0xE0, 0x00, 0x3F, 0xC3, 0xFF, 0xFE, 0x00, 0x3F, 0xEF, 0xFF, 0xFF, 0xC0,
    0x3F, 0xFF, 0xFF, 0xFF, 0xE0, 0x3F, 0xFF, 0x80, 0xBF, 0xF0, 0x3F, 0xF8, 0x00, 0x1F, 0xF8, 0x3F,
    0xE0, 0x00, 0x0F, 0xF8, 0x3F, 0xC0, 0x00, 0x0B, 0xFC, 0x3F, 0xC0, 0x00, 0x0B, 0xFC, 0x3F, 0xC0,
    0x00, 0x03, 0xFC, 0x3F, 0xC0, 0x00, 0x03, 0xFC, 0x3F, 0xC0, 0x00, 0x07, 0xFC, 0x3F, 0xC0, 0x00,
    0x0B, 0xFC, 0x3F, 0xC0, 0xA8, 0x0B, 0xF8, 0x3F, 0xC0, 0xBE, 0x0F, 0xF8, 0x3F, 0xE0, 0x3F, 0x2F,
    0xF0, 0x3F, 0xFC, 0x2F, 0xFF, 0xE0, 0x3F, 0xFF, 0xFF, 0xFF, 0xC0, 0x3F, 0xFF, 0xFF, 0xFF, 0x00,
    0x3F, 0xEB, 0xFF, 0xF8, 0x00, 0x3F, 0xC0, 0xBF, 0xF8, 0x00, 0x3F, 0xC0, 0x00, 0xFC, 0x00, 0x3F,
    0xC0, 0x00, 0xBE, 0x00, 0x3F, 0xC0, 0x00, 0x3F, 0x00, 0x3F, 0xC0, 0x00, 0x00, 0x00, 0x3F, 0xC0,
    0x00, 0x00, 0x00, 0x3F, 0xC0, 0x00, 0x00, 0x00, 0x1A, 0x80, 0x00, 0x00, 0x00, 0x00, 0x00, 0x00,
    0x00, 0x06, 0x00, 0x00, 0x00, 0x00, 0x0A, 0x00, 0x00, 0x00, 0x00, 0x0E, 0x00, 0x00, 0x00, 0x00,
    0x3D, 0x00, 0x00, 0x00, 0x01, 0xFC, 0xBF, 0xFF, 0xFF, 0xFF, 0xFC, 0x03, 0xFF, 0xAA, 0xAA, 0xA8,
    0x02, 0xFE, 0x00, 0x00, 0x00, 0x02, 0xFC, 0x00, 0x00, 0x00, 0x02, 0xFC, 0x00, 0x00, 0x00, 0x02,
    0xFC, 0x00, 0x00, 0x00, 0x02, 0xFC, 0x00, 0x00, 0x00, 0x02, 0xFC, 0x00, 0x00, 0x00, 0x02, 0xFC,
    0x00, 0x00, 0x00, 0x02, 0xFC, 0x00, 0x00, 0x00, 0x02, 0xFC, 0x00, 0x00, 0x00, 0x02, 0xFC, 0x00,
    0x00, 0x00, 0x02, 0xFC, 0x00, 0x00, 0x00, 0x02, 0xFC, 0x00, 0x00, 0x00, 0x02, 0xFC, 0x00, 0x00,
    0x00, 0x02, 0xFC, 0x00, 0x00, 0x00, 0x02, 0xFC, 0x00, 0x00, 0x00, 0x02, 0xFC, 0x00, 0x00, 0x00,
    0x02, 0xFC, 0x00, 0x00, 0x00, 0x02, 0xFC, 0x00, 0x00, 0x00, 0x02, 0xFC, 0x00, 0x00, 0x00, 0x02,
    0xFE, 0x00, 0x00, 0x00, 0x0B, 0xFF, 0x80, 0x00, 0x00, 0xBF, 0xFF, 0xFC, 0x00, 0x00, 0x00, 0x00,
    0x00, 0x00, 0x00, 0x00, 0x00, 0x30, 0x00, 0x00, 0x00, 0x30, 0x00, 0x00, 0x00, 0xF0, 0x00, 0x00,
    0x6B, 0xF0, 0x2F, 0xFF, 0xFF, 0xF0, 0x0B, 0xF0, 0x00, 0x00, 0x03, 0xF0, 0x00, 0x00, 0x03, 0xF0,
    0x00, 0x00, 0x03, 0xF0, 0x00, 0x00, 0x03, 0xF0, 0x00, 0x00, 0x03, 0xF0, 0x00, 0x00, 0x03, 0xF0,
    0x00, 0x00, 0x03, 0xF0, 0x00, 0x00, 0x03, 0xF0, 0x00, 0x00, 0x03, 0xF0, 0x00, 0x00, 0x03, 0xF0,
    0x00, 0x00, 0x03, 0xF0, 0x00, 0x00, 0x07, 0xF0, 0x00, 0x00, 0x0B, 0xF0, 0x00, 0x00, 0xBF, 0xFF,
    0x80, 0x00, 0x00, 0x00, 0x00, 0x00, 0x00, 0xBF, 0xFF, 0xFF, 0xFF, 0xFE, 0x03, 0xFF, 0xAA, 0xAA,
    0xFE, 0x02, 0xFE, 0x00, 0x00, 0x3E, 0x02, 0xFC, 0x00, 0x00, 0x0E, 0x02, 0xFC, 0x00, 0x00, 0x0E,
    0x02, 0xFC, 0x00, 0x00, 0x0A, 0x02, 0xFC, 0x00, 0x00, 0x00, 0x02, 0xFC, 0x00, 0x00, 0x00, 0x02,
    0xFC, 0x00, 0x00, 0x00, 0x02, 0xFC, 0x00, 0x00, 0x00, 0x02, 0xFD, 0x00, 0x00, 0x00, 0xBF, 0xFF,
    0xF0, 0x00, 0x00, 0xBF, 0xFF, 0xF0, 0x00, 0x00, 0x2A, 0xFE, 0xA0, 0x00, 0x00, 0x02, 0xFC, 0x00,
    0x00, 0x00, 0x02, 0xFC, 0x00, 0x00, 0x00, 0x02, 0xFC, 0x00, 0x00, 0x00, 0x02, 0xFC, 0x00, 0x00,
    0x00, 0x02, 0xFC, 0x00, 0x00, 0x00, 0x02, 0xFC, 0x00, 0x00, 0x00, 0x02, 0xFC, 0x00, 0x00, 0x00,
    0x02, 0xFE, 0x00, 0x00, 0x00, 0x0B, 0xFF, 0x80, 0x00, 0x00, 0xBF, 0xFF, 0xFC, 0x00, 0x00, 0x00,
    0x00, 0x00, 0x00, 0x2F, 0xFF, 0xFF, 0xF0, 0x0B, 0xF0, 0x02, 0xF0, 0x03, 0xF0, 0x00, 0xB0, 0x03,
    0xF0, 0x00, 0x30, 0x03, 0xF0, 0x00, 0x30, 0x03, 0xF0, 0x00, 0x00, 0x03, 0xF0, 0x00, 0x00, 0x03,
    0xF0, 0x00, 0x00, 0x6F, 0xFA, 0x00, 0x00, 0xBF, 0xFF, 0x00, 0x00, 0x6F, 0xFA, 0x00, 0x00, 0x03,
    0xF0, 0x00, 0x00, 0x03, 0xF0, 0x00, 0x00, 0x07, 0xF0, 0x00, 0x00, 0x0B, 0xF0, 0x00, 0x00, 0xBF,
    0xFF, 0x80, 0x00, 0x2A, 0xAA, 0xAA, 0xAA, 0x80, 0x3F, 0xFF, 0xFF, 0xFF, 0xC0, 0x3F, 0xFF, 0xFF,
    0xFF, 0xC0, 0x3F, 0xFF, 0xFF, 0xFF, 0xC0, 0x3F, 0xE0, 0x00, 0x00, 0x00, 0x3F, 0xD0, 0x00, 0x00,
    0x00, 0x3F, 0xD0, 0x00, 0x00, 0x00, 0x3F, 0xD0, 0x00, 0x00, 0x00, 0x3F, 0xD0, 0x00, 0x00, 0x00,
    0x3F, 0xD0, 0x00, 0x00, 0x00, 0x3F, 0xD0, 0x1A, 0x40, 0x00, 0x3F, 0xE7, 0xFF, 0xF8, 0x00, 0x3F,
    0xFF, 0xFF, 0xFF, 0x40, 0x3F, 0xFF, 0xFF, 0xFF, 0xD0, 0x3F, 0xFF, 0xAA, 0xFF, 0xF0, 0x3F, 0xF8,
    0x00, 0x2F, 0xF8, 0x3F, 0xE0, 0x00, 0x0F, 0xFC, 0x3F, 0xD0, 0x00, 0x0B, 0xFC, 0x3F, 0xD0, 0x00,
    0x03, 0xFE, 0x3F, 0xD0, 0x00, 0x03, 0xFE, 0x3F, 0xD0, 0x00, 0x03, 0xFE, 0x3F, 0xD0, 0x00, 0x03,
    0xFE, 0x3F, 0xD0, 0x00, 0x03, 0xFE, 0x3F, 0xD0, 0x00, 0x03, 0xFC, 0x3F, 0xD0, 0x00, 0x03, 0xFC,
    0x3F, 0xD0, 0x00, 0x0B, 0xFC, 0x3F, 0xD0, 0x00, 0x0F, 0xF8, 0x2A, 0x80, 0x00, 0x3F, 0xF0, 0x00,
    0x00, 0x00, 0xFF, 0xC0, 0x00, 0x00, 0xFF, 0xFF, 0x80, 0x00, 0x00, 0xFF, 0xFE, 0x00, 0x00, 0x00,
    0xFF, 0xF0, 0x00, 0x00, 0x00, 0xA9, 0x00, 0x00, 0x1A, 0xAA, 0xAA, 0xA8, 0x00, 0x3F, 0xFF, 0xFF,
    0xFC, 0x00, 0x3F, 0xFF, 0xFF, 0xFC, 0x00, 0x3F, 0xFF, 0xFF, 0xFC, 0x00, 0x3F, 0xD0, 0x00, 0x00,
    0x00, 0x3F, 0xC0, 0x00, 0x00, 0x00, 0x3F, 0xC0, 0x00, 0x00, 0x00, 0x3F, 0xC0, 0x00, 0x00, 0x00,
    0x3F, 0xD6, 0xBA, 0x00, 0x00, 0x3F, 0xFF, 0xFF, 0xC0, 0x00, 0x3F, 0xFF, 0xFF, 0xF4, 0x00, 0x3F,
    0xFF, 0xFF, 0xFC, 0x00, 0x3F, 0xF0, 0x0B, 0xFE, 0x00, 0x3F, 0xC0, 0x03, 0xFF, 0x00, 0x3F, 0xC0,
    0x01, 0xFF, 0x00, 0x3F, 0xC0, 0x00, 0xFF, 0x00, 0x3F, 0xC0, 0x00, 0xFF, 0x00, 0x3F, 0xC0, 0x00,
    0xFF, 0x00, 0x3F, 0xC0, 0x00, 0xFF, 0x00, 0x3F, 0xC0, 0x02, 0xFF, 0x00, 0x1A, 0x80, 0x03, 0xFE,
    0x00, 0x00, 0x00, 0x0F, 0xFC, 0x00, 0x00, 0x03, 0xFF, 0xF8, 0x00, 0x00, 0x03, 0xFF, 0xE0, 0x00,
    0x00, 0x03, 0xFF, 0x40, 0x00, 0x00, 0x02, 0xA0, 0x00, 0x00, 0x00, 0x00, 0x00, 0x00, 0x00, 0x00,
    0x00, 0x00, 0x00, 0x7F, 0xFF, 0xC0, 0xBF, 0xFF, 0xF0, 0x0F, 0xFF, 0xF0, 0x07, 0xFC, 0x00, 0x07,
    0xFF, 0x00, 0x00, 0xFE, 0x00, 0x00, 0xBC, 0x00, 0x02, 0xFC, 0x00, 0x01, 0xF8, 0x00, 0x00, 0x2F,
    0x00, 0x02, 0xFC, 0x00, 0x03, 0xC0, 0x00, 0x00, 0x0B, 0x80, 0x02, 0xFC, 0x00, 0x0F, 0x00, 0x00,
    0x00, 0x02, 0xE0, 0x02, 0xFC, 0x00, 0x3C, 0x00, 0x00, 0x00, 0x00, 0xB8, 0x02, 0xFC, 0x00, 0xF0,
    0x00, 0x00, 0x00, 0x00, 0x2E, 0x02, 0xFC, 0x03, 0xC0, 0x00, 0x00, 0x00, 0x00, 0x0B, 0x82, 0xFC,
    0x0F, 0x00, 0x00, 0x00, 0x00, 0x00, 0x02, 0xE2, 0xFC, 0x3C, 0x00, 0x00, 0x00, 0x00, 0x00, 0x00,
    0xFA, 0xFD, 0xFC, 0x00, 0x00, 0x00, 0x00, 0x00, 0x03, 0xFF, 0xFF, 0xFE, 0x00, 0x00, 0x00, 0x00,
    0x00, 0x0B, 0xFF, 0xFF, 0xFF, 0x00, 0x00, 0x00, 0x00, 0x00, 0x2F, 0xFA, 0xFC, 0xFF, 0xC0, 0x00,
    0x00, 0x00, 0x00, 0x3F, 0xE2, 0xFC, 0x3F, 0xF0, 0x00, 0x00, 0x00, 0x00, 0xFF, 0xC2, 0xFC, 0x0F,
    0xFC, 0x00, 0x00, 0x00, 0x03, 0xFF, 0x02, 0xFC, 0x03, 0xFE, 0x00, 0x00, 0x00, 0x0F, 0xFC, 0x02,
    0xFC, 0x02, 0xFF, 0x40, 0x00, 0x00, 0x2F, 0xF0, 0x02, 0xFC, 0x00, 0xBF, 0xC0, 0x00, 0x00, 0xBF,
    0xE0, 0x02, 0xFC, 0x00, 0x3F, 0xF0, 0x00, 0x00, 0xFF, 0x80, 0x02, 0xFC, 0x00, 0x0F, 0xFC, 0x00,
    0x03, 0xFF, 0x00, 0x03, 0xFD, 0x00, 0x03, 0xFE, 0x00, 0x0F, 0xFE, 0x00, 0x0B, 0xFF, 0x00, 0x03,
    0xFF, 0x80, 0xFF, 0xFF, 0xF0, 0xFF, 0xFF, 0xF4, 0x3F, 0xFF, 0xF8, 0x00, 0x00, 0x00, 0x00, 0x00,
    0x00, 0x00, 0x03, 0xF8, 0x00, 0x00, 0x00, 0x00, 0x00, 0x00, 0x00, 0x00, 0xF8, 0x00, 0x00, 0x00,
    0x00, 0x00, 0x00, 0x00, 0x00, 0xB8, 0x00, 0x00, 0x00, 0x00, 0x00, 0x00, 0x00, 0x00, 0x38, 0x00,
    0x00, 0x00, 0x00, 0x00, 0x00, 0x00, 0x00, 0x28, 0x00, 0x00, 0x00, 0x00, 0x00, 0x00, 0x00, 0x00,
    0x28, 0x00, 0x00, 0x00, 0x00, 0x00, 0x00, 0x00, 0x00, 0x00, 0x00, 0x00, 0x00, 0x00, 0x00, 0x00,
    0x00, 0x00, 0x0B, 0xF8, 0x02, 0xFF, 0xD0, 0x0F, 0xF8, 0x00, 0x00, 0xF8, 0x00, 0x7F, 0x00, 0x0F,
    0x80, 0x00, 0x00, 0x3E, 0x00, 0x3F, 0x00, 0x2E, 0x00, 0x00, 0x00, 0x0F, 0x40, 0x3F, 0x00, 0xB8,
    0x00, 0x00, 0x00, 0x02, 0xE0, 0x3F, 0x02, 0xE0, 0x00, 0x00, 0x00, 0x00, 0xB8, 0x3F, 0x0F, 0x40,
    0x00, 0x00, 0x00, 0x00, 0x2E, 0x3F, 0x3C, 0x00, 0x00, 0x00, 0x00, 0x00, 0x2F, 0xFF, 0xFE, 0x00,
    0x00, 0x00, 0x00, 0x00, 0xBF, 0xBF, 0xBF, 0x40, 0x00, 0x00, 0x00, 0x02, 0xFE, 0x3F, 0x2F, 0xC0,
    0x00, 0x00, 0x00, 0x0B, 0xF8, 0x3F, 0x0F, 0xF0, 0x00, 0x00, 0x00, 0x2F, 0xE0, 0x3F, 0x03, 0xFC,
    0x00, 0x00, 0x00, 0x3F, 0xC0, 0x3F, 0x00, 0xFF, 0x00, 0x00, 0x00, 0xFF, 0x00, 0x3F, 0x00, 0x3F,
    0xC0, 0x00, 0x0B, 0xFC, 0x00, 0xBF, 0x00, 0x2F, 0xF0, 0x00, 0x3F, 0xFF, 0x0B, 0xFF, 0xF0, 0xBF,
    0xFF, 0x00, 0x00, 0x00, 0x00, 0x00, 0x00, 0x00, 0x3F, 0x00, 0x00, 0x00, 0x00, 0x00, 0x00, 0x00,
    0x0F, 0x00, 0x00, 0x00, 0x00, 0x00, 0x00, 0x00, 0x0F, 0x00, 0x00, 0x00, 0x00, 0x00, 0x00, 0x00,
    0x0B, 0x00, 0x00, 0x00, 0x00, 0x00, 0x00, 0x00, 0x03, 0x00, 0x00, 0x00, 0x00, 0x00, 0x00, 0x00,
    0x00, 0x00, 0x08, 0x00, 0x1A, 0x40, 0x00, 0x00, 0x0C, 0x2F, 0xFF, 0xFE, 0x00, 0x00, 0x0F, 0xFD,
    0x00, 0xBF, 0xC0, 0x00, 0x0F, 0xE0, 0x00, 0x0F, 0xF0, 0x00, 0x0F, 0x80, 0x00, 0x0B, 0xF8, 0x00,
    0x1F, 0x00, 0x00, 0x03, 0xFC, 0x00, 0x2C, 0x00, 0x00, 0x03, 0xFC, 0x00, 0x2C, 0x00, 0x00, 0x03,
    0xFC, 0x00, 0x10, 0x00, 0x00, 0x03, 0xF8, 0x00, 0x00, 0x00, 0x00, 0x0B, 0xF0, 0x00, 0x00, 0x00,
    0x00, 0x2F, 0xC0, 0x00, 0x00, 0x00, 0x0A, 0xFE, 0x00, 0x00, 0x00, 0x02, 0xFF, 0xF8, 0x00, 0x00,
    0x00, 0x00, 0x0A, 0xFF, 0xC0, 0x00, 0x00, 0x00, 0x00, 0x0F, 0xF8, 0x00, 0x00, 0x00, 0x00, 0x03,
    0xFC, 0x00, 0x00, 0x00, 0x00, 0x02, 0xFE, 0x00, 0x00, 0x00, 0x00, 0x00, 0xFF, 0x00, 0x00, 0x00,
    0x00, 0x00, 0xFF, 0x00, 0x00, 0x00, 0x00, 0x01, 0xFF, 0x00, 0xF8, 0x00, 0x00, 0x03, 0xFE, 0x00,
    0x3E, 0x00, 0x00, 0x0B, 0xFC, 0x00, 0x0F, 0xE0, 0x00, 0x2F, 0xF8, 0x00, 0x02, 0xFE, 0xAB, 0xFF,
    0xC0, 0x00, 0x00, 0x2F, 0xFF, 0xFE, 0x00, 0x00, 0x00, 0x00, 0x0B, 0xD0, 0x00, 0x00, 0x00, 0x00,
    0x02, 0xE0, 0x00, 0x00, 0x00, 0x00, 0x02, 0xF0, 0x00, 0x00, 0x00, 0x00, 0x02, 0xF0, 0x00, 0x00,
    0x00, 0x02, 0x03, 0xF0, 0x00, 0x00, 0x00, 0x03, 0xFF, 0xF0, 0x00, 0x00, 0x00, 0x02, 0xFF, 0xC0,
    0x00, 0x00, 0x00, 0x00, 0x04, 0x00, 0x00, 0x00, 0x00, 0x6A, 0xA0, 0x00, 0x2F, 0xE6, 0xFE, 0x00,
    0x2F, 0x00, 0x3F, 0x00, 0x2C, 0x00, 0x3F, 0x80, 0x28, 0x00, 0x2F, 0x80, 0x20, 0x00, 0x3F, 0x80,
    0x00, 0x00, 0xBF, 0x00, 0x00, 0x0B, 0xF8, 0x00, 0x00, 0x3F, 0xF4, 0x00, 0x00, 0x01, 0xFF, 0x00,
    0x00, 0x00, 0x3F, 0xC0, 0x00, 0x00, 0x1F, 0xC0, 0x00, 0x00, 0x0F, 0xE0, 0x10, 0x00, 0x2F, 0xC0,
    0x38, 0x00, 0x3F, 0xC0, 0x0F, 0x96, 0xFF, 0x00, 0x02, 0xFF, 0xF8, 0x00, 0x00, 0x03, 0xC0, 0x00,
    0x00, 0x03, 0xD0, 0x00, 0x00, 0x03, 0xE0, 0x00, 0x00, 0x03, 0xF0, 0x00, 0x02, 0x0B, 0xF0, 0x00,
    0x03, 0xFF, 0xE0, 0x00, 0x03, 0xFF, 0x80, 0x00, 0x00, 0x04, 0x00, 0x00, 0x00, 0x00, 0x00, 0x00,
    0x00, 0x00, 0x00, 0x3F, 0xFF, 0xFC, 0x03, 0xFF, 0xFF, 0x00, 0x03, 0xFF, 0x80, 0x00, 0x3F, 0xD0,
    0x00, 0x00, 0xFF, 0x00, 0x00, 0x7E, 0x00, 0x00, 0x00, 0xFE, 0x00, 0x00, 0xF8, 0x00, 0x00, 0x00,
    0xFE, 0x00, 0x03, 0xE0, 0x00, 0x00, 0x00, 0xFE, 0x00, 0x0F, 0x80, 0x00, 0x00, 0x00, 0xFE, 0x00,
    0x3E, 0x00, 0x00, 0x00, 0x00, 0xFE, 0x00, 0xF8, 0x00, 0x00, 0x00, 0x00, 0xFE, 0x03, 0xE0, 0x00,
    0x00, 0x00, 0x00, 0xFE, 0x0F, 0x80, 0x00, 0x00, 0x00, 0x00, 0xFE, 0x3F, 0x00, 0x00, 0x00, 0x00,
    0x00, 0xFF, 0xFF, 0x80, 0x00, 0x00, 0x00, 0x00, 0xFF, 0xBF, 0xE0, 0x00, 0x00, 0x00, 0x00, 0xFE,
    0x2F, 0xF8, 0x00, 0x00, 0x00, 0x00, 0xFE, 0x0B, 0xFE, 0x00, 0x00, 0x00, 0x00, 0xFE, 0x02, 0xFF,
    0x80, 0x00, 0x00, 0x00, 0xFE, 0x00, 0xBF, 0xD0, 0x00, 0x00, 0x00, 0xFE, 0x00, 0x2F, 0xF0, 0x00,
    0x00, 0x00, 0xFE, 0x00, 0x0B, 0xFC, 0x00, 0x00, 0x00, 0xFE, 0x00, 0x02, 0xFF, 0x00, 0x00, 0x00,
    0xFE, 0x00, 0x00, 0xFF, 0xC0, 0x00, 0x00, 0xFF, 0x00, 0x00, 0x3F, 0xF0, 0x00, 0x03, 0xFF, 0x80,
    0x00, 0x2F, 0xFE, 0x00, 0x3F, 0xFF, 0xFC, 0x03, 0xFF, 0xFF, 0xE0, 0x00, 0x00, 0x00, 0x00, 0x00,
    0x0F, 0xE0, 0x00, 0x00, 0x00, 0x00, 0x00, 0x03, 0xE0, 0x00, 0x00, 0x00, 0x00, 0x00, 0x02, 0xE0,
    0x00, 0x00, 0x00, 0x00, 0x00, 0x00, 0xE0, 0x00, 0x00, 0x00, 0x00, 0x00, 0x00, 0xE0, 0x00, 0x00,
    0x00, 0x00, 0x00, 0x00, 0xA0, 0x00, 0x00, 0x00, 0x00, 0x00, 0x00, 0x00, 0x00, 0x00, 0x00, 0x00,
    0x00, 0x2F, 0xF8, 0x02, 0xFE, 0x40, 0x0B, 0xF0, 0x00, 0xF4, 0x00, 0x03, 0xF0, 0x03, 0xC0, 0x00,
    0x03, 0xF0, 0x0F, 0x00, 0x00, 0x03, 0xF0, 0x3C, 0x00, 0x00, 0x03, 0xF0, 0xF0, 0x00, 0x00, 0x03,
    0xF3, 0xC0, 0x00, 0x00, 0x03, 0xFF, 0xE0, 0x00, 0x00, 0x03, 0xFF, 0xF8, 0x00, 0x00, 0x03, 0xF3,
    0xFE, 0x00, 0x00, 0x03, 0xF0, 0xFF, 0x40, 0x00, 0x03, 0xF0, 0x3F, 0xC0, 0x00, 0x03, 0xF0, 0x0F,
    0xF0, 0x00, 0x07, 0xF0, 0x03, 0xFC, 0x00, 0x0B, 0xF0, 0x02, 0xFF, 0x00, 0xBF, 0xFF, 0x0B, 0xFF,
    0xF0, 0x00, 0x00, 0x00, 0x03, 0xF0, 0x00, 0x00, 0x00, 0x00, 0xF0, 0x00, 0x00, 0x00, 0x00, 0xF0,
    0x00, 0x00, 0x00, 0x00, 0xB0, 0x00, 0x00, 0x00, 0x00, 0x30, 0x00, 0x00, 0x00, 0x00, 0x00, 0x00,
    0x00, 0x00, 0x00, 0x00, 0x00, 0x00, 0x3F, 0xFF, 0xFC, 0x03, 0xFF, 0xFF, 0x00, 0x03, 0xFF, 0x80,
    0x00, 0x3F, 0xD0, 0x00, 0x00, 0xFF, 0x00, 0x00, 0x7E, 0x00, 0x00, 0x00, 0xFE, 0x09, 0x00, 0xF8,
    0x00, 0x00, 0x00, 0xFE, 0x2F, 0x03, 0xE0, 0x00, 0x00, 0x00, 0xFE, 0x2F, 0x0F, 0x80, 0x00, 0x00,
    0x00, 0xFE, 0x2F, 0x3E, 0x00, 0x00, 0x00, 0x00, 0xFE, 0x2F, 0xF8, 0x00, 0x00, 0x00, 0x00, 0xFE,
    0x2F, 0xE0, 0x00, 0x00, 0x00, 0x00, 0xFE, 0x2F, 0x80, 0x00, 0x00, 0x00, 0x00, 0xFE, 0x3F, 0x00,
    0x00, 0x00, 0x00, 0x00, 0xFF, 0xFF, 0x80, 0x00, 0x00, 0x00, 0x00, 0xFF, 0xBF, 0xE0, 0x00, 0x00,
    0x00, 0x00, 0xFE, 0x2F, 0xF8, 0x00, 0x00, 0x00, 0x00, 0xFE, 0x2F, 0xFE, 0x00, 0x00, 0x00, 0x00,
    0xFE, 0x2F, 0xFF, 0x80, 0x00, 0x00, 0x00, 0xFE, 0x2F, 0xBF, 0xD0, 0x00, 0x00, 0x00, 0xFE, 0x2F,
    0x2F, 0xF0, 0x00, 0x00, 0x00, 0xFE, 0x2F, 0x0B, 0xFC, 0x00, 0x00, 0x00, 0xFE, 0x0A, 0x02, 0xFF,
    0x00, 0x00, 0x00, 0xFE, 0x00, 0x00, 0xFF, 0xC0, 0x00, 0x00, 0xFF, 0x00, 0x00, 0x3F, 0xF0, 0x00,
    0x03, 0xFF, 0x80, 0x00, 0x2F, 0xFE, 0x00, 0x3F, 0xFF, 0xFC, 0x03, 0xFF, 0xFF, 0xD0, 0x00, 0x00,
    0x00, 0x00, 0x00, 0x2F, 0xF8, 0x00, 0x2F, 0xE0, 0x0B, 0xF2, 0x80, 0x2F, 0x00, 0x03, 0xF3, 0xE0,
    0x3C, 0x00, 0x03, 0xF3, 0xE0, 0xF0, 0x00, 0x03, 0xF3, 0xE3, 0xC0, 0x00, 0x03, 0xF3, 0xFF, 0x00,
    0x00, 0x03, 0xF3, 0xFC, 0x00, 0x00, 0x03, 0xFB, 0xFC, 0x00, 0x00, 0x03, 0xFB, 0xFF, 0x00, 0x00,
    0x03, 0xF3, 0xFF, 0xC0, 0x00, 0x03, 0xF3, 0xFF, 0xF0, 0x00, 0x03, 0xF3, 0xE3, 0xFC, 0x00, 0x03,
    0xF3, 0xE1, 0xFF, 0x00, 0x07, 0xF3, 0xE0, 0xBF, 0xC0, 0x0B, 0xF0, 0x00, 0x2F, 0xF0, 0xBF, 0xFF,
    0x00, 0xFF, 0xFE, 0x00, 0x2A, 0x40, 0x00, 0x00, 0x00, 0x00, 0x00, 0xBF, 0xC0, 0x00, 0x07, 0xF8,
    0x00, 0x00, 0xBF, 0xC0, 0x00, 0x2F, 0xF8, 0x00, 0x1A, 0xFF, 0xEA, 0x80, 0x3F, 0xF8, 0x00, 0x3F,
    0xFF, 0xFF, 0xC0, 0xFF, 0x80, 0x00, 0x3F, 0xFF, 0xFF, 0xC2, 0xFE, 0x00, 0x00, 0x3F, 0xFF, 0xFF,
    0xC3, 0xFC, 0x00, 0x00, 0x00, 0xBF, 0xC0, 0x0B, 0xF8, 0x00, 0x00, 0x00, 0xBF, 0xC0, 0x0F, 0xF0,
    0x00, 0x00, 0x00, 0xBF, 0xC0, 0x2F, 0xE0, 0x00, 0x00, 0x00, 0xBF, 0xC0, 0xBF, 0xC0, 0x00, 0x00,
    0x00, 0xBF, 0xC2, 0xFF, 0x00, 0x00, 0x00, 0x00, 0xBF, 0xFF, 0xFC, 0x00, 0x00, 0x00, 0x00, 0xBF,
    0xFF, 0xFC, 0x00, 0x00, 0x00, 0x00, 0xBF, 0xFF, 0xFF, 0x80, 0x00, 0x00, 0x00, 0xBF, 0xEA, 0xFF,
    0xE0, 0x00, 0x00, 0x00, 0xBF, 0xC0, 0x3F, 0xF0, 0x00, 0x00, 0x00, 0xBF, 0xC0, 0x0F, 0xFC, 0x00,
    0x00, 0x00, 0xBF, 0xC0, 0x0B, 0xFC, 0x00, 0x00, 0x00, 0xBF, 0xC0, 0x03, 0xFF, 0x00, 0x00, 0x00,
    0xBF, 0xC0, 0x00, 0xFF, 0x40, 0x00, 0x00, 0xBF, 0xC0, 0x00, 0xBF, 0xC0, 0x00, 0x00, 0xBF, 0xC0,
    0x00, 0x3F, 0xE0, 0x00, 0x00, 0xBF, 0xC0, 0x00, 0x2F, 0xF0, 0x00, 0x00, 0xBF, 0xC0, 0x00, 0x0F,
    0xF8, 0x00, 0x00, 0xBF, 0xC0, 0x00, 0x0B, 0xFC, 0x00, 0x00, 0xBF, 0xC0, 0x00, 0x03, 0xFE, 0x00,
    0x00, 0x2A, 0x40, 0x00, 0x01, 0xAA, 0x00, 0x00, 0x00, 0x00, 0x00, 0x00, 0x00, 0x00, 0xBF, 0x80,
    0x00, 0x00, 0x00, 0x00, 0xBF, 0x80, 0x00, 0x00, 0x00, 0x00, 0xBF, 0x80, 0x00, 0x00, 0x00, 0x00,
    0xBF, 0x80, 0x00, 0x00, 0x00, 0x00, 0xBF, 0x80, 0x00, 0x00, 0x00, 0x2F, 0xFF, 0xFF, 0xF8, 0x00,
    0x00, 0x2F, 0xFF, 0xFF, 0xF8, 0x00, 0x00, 0x2F, 0xFF, 0xFF, 0xF8, 0x00, 0x00, 0x00, 0xBF, 0xC0,
    0x00, 0x02, 0x00, 0x00, 0xBF, 0x80, 0x00, 0xFF, 0x00, 0x00, 0xBF, 0x80, 0x03, 0xFF, 0x00, 0x00,
    0xBF, 0x80, 0x0B, 0xFF, 0x00, 0x00, 0xBF, 0x80, 0x0F, 0xF0, 0x00, 0x00, 0xBF, 0x80, 0x2F, 0xC0,
    0x00, 0x00, 0xBF, 0x80, 0x3F, 0x80, 0x00, 0x00, 0xBF, 0x80, 0xFF, 0x00, 0x00, 0x00, 0xBF, 0x82,
    0xFE, 0x00, 0x00, 0x00, 0xBF, 0xFF, 0xFC, 0x00, 0x00, 0x00, 0xBF, 0xFF, 0xF0, 0x00, 0x00, 0x00,
    0xBF, 0xFF, 0xFC, 0x00, 0x00, 0x00, 0xBF, 0xC3, 0xFF, 0x00, 0x00, 0x00, 0xBF, 0x80, 0xFF, 0x80,
    0x00, 0x00, 0xBF, 0x80, 0xBF, 0xC0, 0x00, 0x00, 0xBF, 0x80, 0x2F, 0xF0, 0x00, 0x00, 0xBF, 0x80,
    0x0F, 0xF8, 0x00, 0x00, 0xBF, 0x80, 0x03, 0xFD, 0x00, 0x00, 0xBF, 0x80, 0x02, 0xFF, 0x00, 0x00,
    0xBF, 0x80, 0x00, 0xFF, 0xC0, 0x00, 0x2A, 0x00, 0x00, 0x2A, 0x80, 0x2A, 0xAA, 0xAA, 0xA0, 0x00,
    0x00, 0x0A, 0xA8, 0x00, 0xBF, 0xFF, 0xFF, 0xE0, 0x00, 0x00, 0x2F, 0xF8, 0x00, 0xBF, 0xFF, 0xFF,
    0xE0, 0x00, 0x00, 0xBF, 0xE0, 0x00, 0xBF, 0xFF, 0xFF, 0xE0, 0x00, 0x02, 0xFF, 0x80, 0x00, 0x00,
    0x00, 0x2F, 0xE0, 0x00, 0x0B, 0xFE, 0x00, 0x00, 0x00, 0x00, 0x1F, 0xE0, 0x00, 0x2F, 0xF8, 0x00,
    0x00, 0x00, 0x00, 0x1F, 0xE0, 0x00, 0xBF, 0xE0, 0x00, 0x00, 0x00, 0x00, 0x1F, 0xE0, 0x02, 0xFF,
    0x80, 0x00, 0x00, 0x00, 0x00, 0x1F, 0xE0, 0x0B, 0xFE, 0x00, 0x00, 0x00, 0x00, 0x00, 0x1F, 0xE0,
    0x2F, 0xF8, 0x00, 0x00, 0x00, 0x00, 0x00, 0x1F, 0xE0, 0xBF, 0xE0, 0x00, 0x00, 0x00, 0x00, 0x00,
    0x1F, 0xFA, 0xFF, 0x80, 0x00, 0x00, 0x00, 0x00, 0x00, 0x1F, 0xFF, 0xFE, 0x00, 0x00, 0x00, 0x00,
    0x00, 0x00, 0x1F, 0xFF, 0xFC, 0x00, 0x00, 0x00, 0x00, 0x00, 0x00, 0x1F, 0xFF, 0xFF, 0x00, 0x00,
    0x00, 0x00, 0x00, 0x00, 0x1F, 0xE1, 0xFF, 0xC0, 0x00, 0x00, 0x00, 0x00, 0x00, 0x1F, 0xE0, 0x7F,
    0xF0, 0x00, 0x00, 0x00, 0x00, 0x00, 0x1F, 0xE0, 0x2F, 0xFC, 0x00, 0x00, 0x00, 0x00, 0x00, 0x1F,
    0xE0, 0x0B, 0xFF, 0x00, 0x00, 0x00, 0x00, 0x00, 0x1F, 0xE0, 0x02, 0xFF, 0x80, 0x00, 0x00, 0x00,
    0x00, 0x1F, 0xE0, 0x00, 0xBF, 0xE0, 0x00, 0x00, 0x00, 0x00, 0x1F, 0xE0, 0x00, 0x2F, 0xF8, 0x00,
    0x00, 0x00, 0x00, 0x1F, 0xE0, 0x00, 0x0F, 0xFE, 0x00, 0x00, 0x00, 0x00, 0x1F, 0xE0, 0x00, 0x03,
    0xFF, 0x80, 0x00, 0x00, 0x00, 0x1F, 0xE0, 0x00, 0x00, 0xFF, 0xD0, 0x00, 0x00, 0x00, 0x1F, 0xE0,
    0x00, 0x00, 0x3F, 0xF4, 0x00, 0x00, 0x00, 0x1F, 0xE0, 0x00, 0x00, 0x0F, 0xFC, 0x00, 0x00, 0x00,
    0x0A, 0x90, 0x00, 0x00, 0x02, 0xAA, 0x00, 0x2A, 0xAA, 0xA0, 0x00, 0x02, 0xA8, 0x00, 0x7F, 0xFF,
    0xFC, 0x00, 0x0F, 0xF8, 0x00, 0x7F, 0xFF, 0xFC, 0x00, 0x3F, 0xE0, 0x00, 0x7F, 0xFF, 0xFC, 0x00,
    0xBF, 0x80, 0x00, 0x00, 0x03, 0xFC, 0x02, 0xFF, 0x00, 0x00, 0x00, 0x03, 0xFC, 0x0B, 0xFC, 0x00,
    0x00, 0x00, 0x03, 0xFC, 0x2F, 0xF0, 0x00, 0x00, 0x00, 0x03, 0xFC, 0x7F, 0xC0, 0x00, 0x00, 0x00,
    0x03, 0xFE, 0xFF, 0x00, 0x00, 0x00, 0x00, 0x03, 0xFF, 0xFD, 0x00, 0x00, 0x00, 0x00, 0x03, 0xFF,
    0xFE, 0x00, 0x00, 0x00, 0x00, 0x03, 0xFF, 0xFF, 0x80, 0x00, 0x00, 0x00, 0x03, 0xFC, 0x3F, 0xE0,
    0x00, 0x00, 0x00, 0x03, 0xFC, 0x1F, 0xF4, 0x00, 0x00, 0x00, 0x03, 0xFC, 0x0B, 0xFC, 0x00, 0x00,
    0x00, 0x03, 0xFC, 0x02, 0xFF, 0x00, 0x00, 0x00, 0x03, 0xFC, 0x00, 0xBF, 0xC0, 0x00, 0x00, 0x03,
    0xFC, 0x00, 0x2F, 0xF0, 0x00, 0x00, 0x03, 0xFC, 0x00, 0x0F, 0xFC, 0x00, 0x00, 0x03, 0xFC, 0x00,
    0x03, 0xFE, 0x00, 0x00, 0x02, 0xA4, 0x00, 0x00, 0xAA, 0x00, 0x00, 0x00, 0x00, 0x00, 0x00, 0x00,
    0x00, 0x3F, 0xFF, 0xF8, 0x02, 0xFF, 0xFF, 0xC0, 0x03, 0xFF, 0x80, 0x00, 0x2F, 0xFC, 0x00, 0x00,
    0xFF, 0x00, 0x00, 0x0B, 0xF0, 0x00, 0x00, 0xFE, 0x00, 0x00, 0x0B, 0xF0, 0x00, 0x00, 0xFE, 0x00,
    0x00, 0x0B, 0xF0, 0x00, 0x00, 0xFE, 0x00, 0x00, 0x0B, 0xF0, 0x00, 0x00, 0xFE, 0x00, 0x00, 0x0B,
    0xF0, 0x00, 0x00, 0xFE, 0x00, 0x00, 0x0B, 0xF0, 0x00, 0x00, 0xFE, 0x00, 0x00, 0x0B, 0xF0, 0x00,
    0x00, 0xFE, 0x00, 0x00, 0x0B, 0xF0, 0x00, 0x00, 0xFE, 0x00, 0x00, 0x0B, 0xF0, 0x00, 0x00, 0xFF,
    0xFF, 0xFF, 0xFF, 0xF0, 0x00, 0x00, 0xFF, 0xAA, 0xAA, 0xAF, 0xF0, 0x00, 0x00, 0xFE, 0x00, 0x00,
    0x0B, 0xF0, 0x00, 0x00, 0xFE, 0x00, 0x00, 0x0B, 0xF0, 0x00, 0x00, 0xFE, 0x00, 0x00, 0x0B, 0xF0,
    0x00, 0x00, 0xFE, 0x00, 0x00, 0x0B, 0xF0, 0x00, 0x00, 0xFE, 0x00, 0x00, 0x0B, 0xF0, 0x00, 0x00,
    0xFE, 0x00, 0x00, 0x0B, 0xF0, 0x00, 0x00, 0xFE, 0x00, 0x00, 0x0B, 0xF0, 0x00, 0x00, 0xFE, 0x00,
    0x00, 0x0B, 0xF0, 0x00, 0x00, 0xFF, 0x00, 0x00, 0x0F, 0xF4, 0x00, 0x03, 0xFF, 0x80, 0x00, 0x2F,
    0xFE, 0x00, 0x3F, 0xFF, 0xFC, 0x03, 0xFF, 0xFF, 0xC0, 0x00, 0x00, 0x00, 0x00, 0x00, 0x2F, 0xC0,
    0x00, 0x00, 0x00, 0x00, 0x00, 0x03, 0xC0, 0x00, 0x00, 0x00, 0x00, 0x00, 0x03, 0xC0, 0x00, 0x00,
    0x00, 0x00, 0x00, 0x01, 0xC0, 0x00, 0x00, 0x00, 0x00, 0x00, 0x00, 0xC0, 0x00, 0x00, 0x00, 0x00,
    0x00, 0x00, 0xC0, 0x00, 0x00, 0x00, 0x00, 0x00, 0x00, 0x00, 0x00, 0x00, 0x00, 0x00, 0x00, 0x2F,
    0xF9, 0x06, 0xFF, 0x80, 0x0B, 0xF0, 0x00, 0xFE, 0x00, 0x03, 0xF0, 0x00, 0xFC, 0x00, 0x03, 0xF0,
    0x00, 0xFC, 0x00, 0x03, 0xF0, 0x00, 0xFC, 0x00, 0x03, 0xF0, 0x00, 0xFC, 0x00, 0x03, 0xF0, 0x00,
    0xFC, 0x00, 0x03, 0xFF, 0xFF, 0xFC, 0x00, 0x03, 0xF0, 0x00, 0xFC, 0x00, 0x03, 0xF0, 0x00, 0xFC,
    0x00, 0x03, 0xF0, 0x00, 0xFC, 0x00, 0x03, 0xF0, 0x00, 0xFC, 0x00, 0x03, 0xF0, 0x00, 0xFC, 0x00,
    0x07, 0xF0, 0x00, 0xFD, 0x00, 0x0B, 0xF0, 0x00, 0xFE, 0x00, 0xBF, 0xFF, 0x0F, 0xFF, 0xE0, 0x00,
    0x00, 0x00, 0x03, 0xE0, 0x00, 0x00, 0x00, 0x02, 0xE0, 0x00, 0x00, 0x00, 0x00, 0xE0, 0x00, 0x00,
    0x00, 0x00, 0xE0, 0x00, 0x00, 0x00, 0x00, 0xA0, 0x00, 0x00, 0x00, 0x00, 0x00, 0x2A, 0x80, 0x00,
    0x00, 0x0A, 0xA0, 0x00, 0x08, 0x3F, 0xC0, 0x00, 0x00, 0x0F, 0xFA, 0xAA, 0xA0, 0x3F, 0xC0, 0x00,
    0x00, 0x0F, 0xFF, 0xFF, 0xF0, 0x3F, 0xC0, 0x00, 0x00, 0x0F, 0xF0, 0x00, 0x08, 0x3F, 0xC0, 0x00,
    0x00, 0x0F, 0xF0, 0x00, 0x00, 0x3F, 0xC0, 0x00, 0x00, 0x0F, 0xF0, 0x00, 0x00, 0x3F, 0xC0, 0x00,
    0x00, 0x0F, 0xF0, 0x00, 0x00, 0x3F, 0xC0, 0x00, 0x00, 0x0F, 0xF0, 0x00, 0x00, 0x3F, 0xC0, 0x00,
    0x00, 0x0F, 0xF0, 0x00, 0x00, 0x3F, 0xC0, 0x00, 0x00, 0x0F, 0xF0, 0x00, 0x00, 0x3F, 0xC0, 0x00,
    0x00, 0x0F, 0xF0, 0x00, 0x00, 0x3F, 0xEA, 0xAA, 0xAA, 0xAF, 0xF0, 0x00, 0x00, 0x3F, 0xFF, 0xFF,
    0xFF, 0xFF, 0xF0, 0x00, 0x00, 0x3F, 0xFF, 0xFF, 0xFF, 0xFF, 0xF0, 0x00, 0x00, 0x3F, 0xFF, 0xFF,
    0xFF, 0xFF, 0xF0, 0x00, 0x00, 0x3F, 0xC0, 0x00, 0x00, 0x1F, 0xF0, 0x00, 0x00, 0x3F, 0xC0, 0x00,
    0x00, 0x0F, 0xF0, 0x00, 0x00, 0x3F, 0xC0, 0x00, 0x00, 0x0F, 0xF0, 0x00, 0x00, 0x3F, 0xC0, 0x00,
    0x00, 0x0F, 0xF0, 0x00, 0x00, 0x3F, 0xC0, 0x00, 0x00, 0x0F, 0xF0, 0x00, 0x00, 0x3F, 0xC0, 0x00,
    0x00, 0x0F, 0xF0, 0x00, 0x00, 0x3F, 0xC0, 0x00, 0x00, 0x0F, 0xF0, 0x00, 0x00, 0x3F, 0xC0, 0x00,
    0x00, 0x0F, 0xF0, 0x00, 0x00, 0x3F, 0xC0, 0x00, 0x00, 0x0F, 0xF0, 0x00, 0x00, 0x3F, 0xC0, 0x00,
    0x00, 0x0F, 0xF0, 0x00, 0x00, 0x3F, 0xC0, 0x00, 0x00, 0x0F, 0xF0, 0x00, 0x00, 0x3F, 0xC0, 0x00,
    0x00, 0x0F, 0xF0, 0x00, 0x00, 0x2A, 0x40, 0x00, 0x00, 0x0A, 0xA0, 0x00, 0x00, 0x0A, 0x40, 0x00,
    0x0A, 0xAA, 0xA8, 0x3F, 0xC0, 0x00, 0x2F, 0xFF, 0xFE, 0x3F, 0xC0, 0x00, 0x2F, 0xFF, 0xFE, 0x3F,
    0xC0, 0x00, 0x2F, 0xFF, 0xFE, 0x3F, 0xC0, 0x00, 0x2F, 0xC0, 0x00, 0x3F, 0xC0, 0x00, 0x2F, 0xC0,
    0x00, 0x3F, 0xC0, 0x00, 0x2F, 0xC0, 0x00, 0x3F, 0xC0, 0x00, 0x2F, 0xC0, 0x00, 0x3F, 0xEA, 0xAA,
    0xBF, 0xC0, 0x00, 0x3F, 0xFF, 0xFF, 0xFF, 0xC0, 0x00, 0x3F, 0xFF, 0xFF, 0xFF, 0xC0, 0x00, 0x3F,
    0xFF, 0xFF, 0xFF, 0xC0, 0x00, 0x3F, 0xC0, 0x00, 0x2F, 0xC0, 0x00, 0x3F, 0xC0, 0x00, 0x2F, 0xC0,
    0x00, 0x3F, 0xC0, 0x00, 0x2F, 0xC0, 0x00, 0x3F, 0xC0, 0x00, 0x2F, 0xC0, 0x00, 0x3F, 0xC0, 0x00,
    0x2F, 0xC0, 0x00, 0x3F, 0xC0, 0x00, 0x2F, 0xC0, 0x00, 0x3F, 0xC0, 0x00, 0x2F, 0xC0, 0x00, 0x3F,
    0xC0, 0x00, 0x2F, 0xC0, 0x00, 0x1A, 0x80, 0x00, 0x0A, 0x80, 0x00, 0x2A, 0xAA, 0xAA, 0xAA, 0xA9,
    0x00, 0x00, 0x00, 0x00, 0x3F, 0xFF, 0xFF, 0xFF, 0xFE, 0x00, 0x00, 0x00, 0x00, 0x3F, 0xFF, 0xFF,
    0xFF, 0xFE, 0x00, 0x00, 0x00, 0x00, 0x3F, 0xFF, 0xFF, 0xFF, 0xFE, 0x00, 0x00, 0x00, 0x00, 0x3F,
    0xE0, 0x00, 0x02, 0xFE, 0x00, 0x00, 0x00, 0x00, 0x3F, 0xD0, 0x00, 0x02, 0xFE, 0x00, 0x00, 0x00,
    0x00, 0x3F, 0xD0, 0x00, 0x02, 0xFE, 0x00, 0x00, 0x00, 0x00, 0x3F, 0xD0, 0x00, 0x02, 0xFE, 0x00,
    0x00, 0x00, 0x00, 0x3F, 0xD0, 0x00, 0x02, 0xFE, 0x00, 0x00, 0x00, 0x00, 0x3F, 0xD0, 0x00, 0x02,
    0xFE, 0x00, 0x00, 0x00, 0x00, 0x3F, 0xD0, 0x00, 0x02, 0xFE, 0x00, 0xA8, 0x00, 0x00, 0x3F, 0xD0,
    0x00, 0x02, 0xFE, 0x2F, 0xFF, 0xC0, 0x00, 0x3F, 0xD0, 0x00, 0x02, 0xFF, 0xFF, 0xFF, 0xF8, 0x00,
    0x3F, 0xD0, 0x00, 0x02, 0xFF, 0xFF, 0xFF, 0xFE, 0x00, 0x3F, 0xD0, 0x00, 0x02, 0xFF, 0xFE, 0xAB,
    0xFF, 0x40, 0x3F, 0xD0, 0x00, 0x02, 0xFF, 0xC0, 0x01, 0xFF, 0xC0, 0x3F, 0xD0, 0x00, 0x02, 0xFF,
    0x00, 0x00, 0xBF, 0xC0, 0x3F, 0xD0, 0x00, 0x02, 0xFE, 0x00, 0x00, 0x3F, 0xE0, 0x3F, 0xD0, 0x00,
    0x02, 0xFE, 0x00, 0x00, 0x3F, 0xE0, 0x3F, 0xD0, 0x00, 0x02, 0xFE, 0x00, 0x00, 0x2F, 0xF0, 0x3F,
    0xD0, 0x00, 0x02, 0xFE, 0x00, 0x00, 0x2F, 0xF0, 0x3F, 0xD0, 0x00, 0x02, 0xFE, 0x00, 0x00, 0x2F,
    0xF0, 0x3F, 0xD0, 0x00, 0x02, 0xFE, 0x00, 0x00, 0x2F, 0xF0, 0x3F, 0xD0, 0x00, 0x02, 0xFE, 0x00,
    0x00, 0x3F, 0xE0, 0x3F, 0xD0, 0x00, 0x02, 0xFE, 0x00, 0x00, 0x3F, 0xE0, 0x3F, 0xD0, 0x00, 0x02,
    0xFE, 0x00, 0x00, 0x3F, 0xC0, 0x3F, 0xD0, 0x00, 0x02, 0xFE, 0x00, 0x00, 0xFF, 0x80, 0x2A, 0x80,
    0x00, 0x00, 0xA9, 0x00, 0x02, 0xFF, 0x00, 0x00, 0x00, 0x00, 0x00, 0x00, 0x00, 0x0B, 0xFE, 0x00,
    0x00, 0x00, 0x00, 0x00, 0x00, 0x0F, 0xFF, 0xF8, 0x00, 0x00, 0x00, 0x00, 0x00, 0x00, 0x0F, 0xFF,
    0xE0, 0x00, 0x00, 0x00, 0x00, 0x00, 0x00, 0x0F, 0xFF, 0x40, 0x00, 0x00, 0x00, 0x00, 0x00, 0x00,
    0x06, 0xA0, 0x00, 0x00, 0x1A, 0xAA, 0xAA, 0xAA, 0x80, 0x00, 0x00, 0x00, 0x3F, 0xFF, 0xFF, 0xFF,
    0xD0, 0x00, 0x00, 0x00, 0x3F, 0xFF, 0xFF, 0xFF, 0xD0, 0x00, 0x00, 0x00, 0x3F, 0xFF, 0xFF, 0xFF,
    0xD0, 0x00, 0x00, 0x00, 0x3F, 0xD0, 0x00, 0x3F, 0xD0, 0x00, 0x00, 0x00, 0x3F, 0xC0, 0x00, 0x2F,
    0xD0, 0x00, 0x00, 0x00, 0x3F, 0xC0, 0x00, 0x2F, 0xD0, 0x00, 0x00, 0x00, 0x3F, 0xC0, 0x00, 0x2F,
    0xE2, 0xA9, 0x00, 0x00, 0x3F, 0xC0, 0x00, 0x2F, 0xFF, 0xFF, 0xC0, 0x00, 0x3F, 0xC0, 0x00, 0x2F,
    0xFF, 0xFF, 0xF0, 0x00, 0x3F, 0xC0, 0x00, 0x2F, 0xFF, 0xFF, 0xFC, 0x00, 0x3F, 0xC0, 0x00, 0x2F,
    0xF8, 0x0B, 0xFE, 0x00, 0x3F, 0xC0, 0x00, 0x2F, 0xE0, 0x02, 0xFF, 0x00, 0x3F, 0xC0, 0x00, 0x2F,
    0xD0, 0x00, 0xFF, 0x00, 0x3F, 0xC0, 0x00, 0x2F, 0xD0, 0x00, 0xFF, 0x00, 0x3F, 0xC0, 0x00, 0x2F,
    0xD0, 0x00, 0xFF, 0x00, 0x3F, 0xC0, 0x00, 0x2F, 0xD0, 0x00, 0xFF, 0x00, 0x3F, 0xC0, 0x00, 0x2F,
    0xD0, 0x00, 0xFF, 0x00, 0x3F, 0xC0, 0x00, 0x2F, 0xD0, 0x00, 0xFF, 0x00, 0x3F, 0xC0, 0x00, 0x2F,
    0xD0, 0x02, 0xFF, 0x00, 0x1A, 0x80, 0x00, 0x1A, 0x80, 0x03, 0xFE, 0x00, 0x00, 0x00, 0x00, 0x00,
    0x00, 0x0F, 0xFC, 0x00, 0x00, 0x00, 0x00, 0x00, 0x03, 0xFF, 0xF8, 0x00, 0x00, 0x00, 0x00, 0x00,
    0x03, 0xFF, 0xE0, 0x00, 0x00, 0x00, 0x00, 0x00, 0x03, 0xFF, 0x40, 0x00, 0x00, 0x00, 0x00, 0x00,
    0x02, 0xA4, 0x00, 0x00, 0x00, 0x00, 0x00, 0x00, 0x00, 0x00, 0x00, 0x00, 0x00, 0x2F, 0xFF, 0xA0,
    0x00, 0x00, 0x00, 0x03, 0xFF, 0xFF, 0xF0, 0x00, 0x00, 0x00, 0x2F, 0xFF, 0xFF, 0xF0, 0x00, 0x00,
    0x00, 0xBF, 0xFE, 0xAA, 0xF0, 0x00, 0x00, 0x02, 0xFF, 0xD0, 0x00, 0x00, 0x00, 0x00, 0x03, 0xFF,
    0x00, 0x00, 0x2A, 0x00, 0x00, 0x0F, 0xFC, 0x00, 0x03, 0xFF, 0xF0, 0x00, 0x0F, 0xF8, 0x00, 0x1F,
    0xFF, 0xFC, 0x00, 0x2F, 0xF0, 0x00, 0x3F, 0xFF, 0xFF, 0x00, 0x3F, 0xE0, 0x00, 0xFF, 0x81, 0xFF,
    0x80, 0x3F, 0xE0, 0x00, 0xFF, 0x00, 0xBF, 0xC0, 0x3F, 0xC0, 0x02, 0xFE, 0x00, 0x3F, 0xC0, 0x3F,
    0xC0, 0x02, 0xFC, 0x00, 0x3F, 0xC0, 0x7F, 0xC0, 0x03, 0xFC, 0x00, 0x3F, 0xE0, 0x7F, 0xC0, 0x03,
    0xFC, 0x00, 0x3F, 0xE0, 0x3F, 0xC0, 0x03, 0xFC, 0x00, 0x3F, 0xD0, 0x3F, 0xC0, 0x02, 0xFC, 0x00,
    0x3F, 0xC0, 0x3F, 0xE0, 0x02, 0xFC, 0x00, 0x3F, 0xC0, 0x3F, 0xE0, 0x00, 0xFE, 0x00, 0xBF, 0x80,
    0x2F, 0xF0, 0x00, 0xFF, 0x00, 0xFF, 0x80, 0x0F, 0xF8, 0x00, 0xBF, 0x00, 0xFF, 0x00, 0x0F, 0xFC,
    0x00, 0x7F, 0x83, 0xFE, 0x00, 0x03, 0xFF, 0x00, 0x3F, 0xEF, 0xFC, 0x00, 0x02, 0xFF, 0xD0, 0x1F,
    0xFF, 0xF0, 0x00, 0x00, 0xBF, 0xFE, 0xAF, 0xFF, 0xD0, 0x00, 0x00, 0x2F, 0xFF, 0xFF, 0xFF, 0x40,
    0x00, 0x00, 0x03, 0xFF, 0xFF, 0xFF, 0xC0, 0x00, 0x00, 0x00, 0x2B, 0xFF, 0xBF, 0xFE, 0x00, 0x00,
    0x00, 0x00, 0x00, 0x0F, 0xFF, 0xF8, 0x00, 0x00, 0x00, 0x00, 0x03, 0xFF, 0xF8, 0x00, 0x00, 0x00,
    0x00, 0x00, 0x7F, 0xF8, 0x00, 0x00, 0x00, 0x00, 0x00, 0x02, 0xA8, 0x00, 0x00, 0x00, 0x00, 0x00,
    0x00, 0x00, 0x06, 0xFF, 0xE0, 0x00, 0x00, 0x00, 0x3F, 0xFF, 0xF0, 0x00, 0x00, 0x02, 0xFF, 0xFF,
    0xF0, 0x00, 0x00, 0x07, 0xFF, 0xEA, 0xB0, 0x00, 0x00, 0x0F, 0xFC, 0x00, 0x2A, 0x00, 0x00, 0x2F,
    0xF0, 0x03, 0xFF, 0xE0, 0x00, 0x3F, 0xE0, 0x0F, 0xFF, 0xF8, 0x00, 0x3F, 0xC0, 0x2F, 0xFF, 0xFC,
    0x00, 0x3F, 0xC0, 0x3F, 0xC2, 0xFE, 0x00, 0x3F, 0xC0, 0x3F, 0x82, 0xFE, 0x00, 0x7F, 0xC0, 0x3F,
    0x40, 0xFE, 0x00, 0x3F, 0xC0, 0x3F, 0x00, 0xFE, 0x00, 0x3F, 0xC0, 0x3F, 0x42, 0xFD, 0x00, 0x3F,
    0xC0, 0x3F, 0x82, 0xFC, 0x00, 0x3F, 0xE0, 0x3F, 0x83, 0xFC, 0x00, 0x2F, 0xF0, 0x2F, 0xCB, 0xF0,
    0x00, 0x0F, 0xFC, 0x0F, 0xFF, 0xE0, 0x00, 0x03, 0xFF, 0xEF, 0xFF, 0xC0, 0x00, 0x01, 0xFF, 0xFF,
    0xFF, 0x00, 0x00, 0x00, 0x3F, 0xFF, 0xFF, 0x00, 0x00, 0x00, 0x06, 0xFE, 0xFF, 0xE0, 0x00, 0x00,
    0x00, 0x00, 0x3F, 0xFE, 0x80, 0x00, 0x00, 0x00, 0x0B, 0xFF, 0xC0, 0x00, 0x00, 0x00, 0x00, 0xFF,
    0xC0, 0x00, 0x00, 0x00, 0x00, 0x0B, 0xC0, 0x00, 0x00, 0x00, 0x00, 0x00, 0x00, 0x00, 0x00, 0x00,
    0x00, 0x00, 0x00, 0x00, 0x00, 0x00, 0xBF, 0xFE, 0x00, 0x00, 0x00, 0x00, 0x0B, 0xFF, 0xFF, 0xF4,
    0x00, 0x00, 0x00, 0x3F, 0xFF, 0xFF, 0xFE, 0x00, 0x00, 0x00, 0xFF, 0xFE, 0xAF, 0xFF, 0x80, 0x00,
    0x03, 0xFF, 0x80, 0x00, 0xFF, 0xE0, 0x00, 0x0B, 0xFE, 0x00, 0x00, 0x3F, 0xF0, 0x00, 0x0F, 0xF8,
    0x00, 0x00, 0x0F, 0xF8, 0x00, 0x2F, 0xF0, 0x00, 0x00, 0x07, 0xFC, 0x00, 0x3F, 0xE0, 0x00, 0x00,
    0x03, 0xFE, 0x00, 0x3F, 0xC0, 0x00, 0x00, 0x00, 0x00, 0x00, 0x3F, 0xC0, 0x00, 0x00, 0x00, 0x00,
    0x00, 0xBF, 0xC0, 0x00, 0x00, 0x00, 0x00, 0x00, 0xBF, 0x80, 0x00, 0x00, 0x00, 0x00, 0x00, 0xBF,
    0x80, 0x00, 0x00, 0x00, 0x00, 0x00, 0xBF, 0x80, 0x00, 0x00, 0x00, 0x00, 0x00, 0xBF, 0x80, 0x00,
    0x00, 0x00, 0x00, 0x00, 0xBF, 0xC0, 0x00, 0x00, 0x00, 0x00, 0x00, 0x3F, 0xC0, 0x00, 0x00, 0x00,
    0xFF, 0x00, 0x3F, 0xC0, 0x00, 0x00, 0x01, 0xFF, 0x00, 0x3F, 0xE0, 0x00, 0x00, 0x02, 0xFE, 0x00,
    0x2F, 0xF0, 0x00, 0x00, 0x03, 0xFC, 0x00, 0x0F, 0xF8, 0x00, 0x00, 0x0B, 0xFC, 0x00, 0x0B, 0xFE,
    0x00, 0x00, 0x2F, 0xF4, 0x00, 0x03, 0xFF, 0x80, 0x00, 0xBF, 0xE0, 0x00, 0x00, 0xFF, 0xFE, 0xAB,
    0xFF, 0xC0, 0x00, 0x00, 0x3F, 0xFF, 0xFF, 0xFF, 0x00, 0x00, 0x00, 0x0B, 0xFF, 0xFF, 0xF8, 0x00,
    0x00, 0x00, 0x00, 0xBF, 0xFE, 0x80, 0x00, 0x00, 0x00, 0x00, 0x02, 0xFD, 0x00, 0x00, 0x00, 0x00,
    0x00, 0x00, 0xBF, 0x00, 0x00, 0x00, 0x00, 0x00, 0x00, 0x3F, 0x80, 0x00, 0x00, 0x00, 0x00, 0x04,
    0xBF, 0x80, 0x00, 0x00, 0x00, 0x00, 0x0F, 0xFF, 0x80, 0x00, 0x00, 0x00, 0x00, 0x0F, 0xFF, 0x00,
    0x00, 0x00, 0x00, 0x00, 0x0F, 0xFD, 0x00, 0x00, 0x00, 0x00, 0x00, 0x00, 0x00, 0x00, 0x00, 0x00,
    0x00, 0x02, 0xBE, 0x80, 0x00, 0x00, 0x3F, 0xFF, 0xF8, 0x00, 0x00, 0xFF, 0xFF, 0xFF, 0x00, 0x03,
    0xFF, 0xAB, 0xFF, 0x80, 0x0B, 0xFC, 0x00, 0xBF, 0xC0, 0x0F, 0xF0, 0x00, 0x2F, 0xE0, 0x2F, 0xE0,
    0x00, 0x0F, 0xE0, 0x3F, 0xC0, 0x00, 0x0F, 0xF0, 0x3F, 0xC0, 0x00, 0x00, 0x00, 0x3F, 0xC0, 0x00,
    0x00, 0x00, 0x3F, 0xC0, 0x00, 0x00, 0x00, 0x3F, 0xC0, 0x00, 0x00, 0x00, 0x3F, 0xC0, 0x00, 0x00,
    0x00, 0x3F, 0xC0, 0x00, 0x0F, 0xE0, 0x2F, 0xC0, 0x00, 0x0F, 0xE0, 0x1F, 0xF0, 0x00, 0x2F, 0xE0,
    0x0F, 0xF8, 0x00, 0x3F, 0xC0, 0x0B, 0xFE, 0x02, 0xFF, 0x80, 0x03, 0xFF, 0xFF, 0xFF, 0x00, 0x00,
    0xFF, 0xFF, 0xF8, 0x00, 0x00, 0x2F, 0xFF, 0x80, 0x00, 0x00, 0x00, 0xFF, 0x00, 0x00, 0x00, 0x00,
    0x3F, 0xC0, 0x00, 0x00, 0x00, 0x2F, 0xC0, 0x00, 0x00, 0x08, 0x3F, 0xC0, 0x00, 0x00, 0x0B, 0xFF,
    0xC0, 0x00, 0x00, 0x0B, 0xFF, 0xC0, 0x00, 0x00, 0x0B, 0xFF, 0x00, 0x00, 0x00, 0x00, 0x00, 0x00,
    0x00, 0x6A, 0xAA, 0xAA, 0xAA, 0xAA, 0xA0, 0xBF, 0xFF, 0xFF, 0xFF, 0xFF, 0xF0, 0xBF, 0xFF, 0xFF,
    0xFF, 0xFF, 0xF0, 0xBF, 0xFF, 0xFF, 0xFF, 0xFF, 0xF0, 0x00, 0x00, 0x3F, 0xD0, 0x00, 0x00, 0x00,
    0x00, 0x3F, 0xC0, 0x00, 0x00, 0x00, 0x00, 0x3F, 0xC0, 0x00, 0x00, 0x00, 0x00, 0x3F, 0xC0, 0x00,
    0x00, 0x00, 0x00, 0x3F, 0xC0, 0x00, 0x00, 0x00, 0x00, 0x3F, 0xC0, 0x00, 0x00, 0x00, 0x00, 0x3F,
    0xC0, 0x00, 0x00, 0x00, 0x00, 0x3F, 0xC0, 0x00, 0x00, 0x00, 0x00, 0x3F, 0xC0, 0x00, 0x00, 0x00,
    0x00, 0x3F, 0xC0, 0x00, 0x00, 0x00, 0x00, 0x3F, 0xC0, 0x00, 0x00, 0x00, 0x00, 0x3F, 0xC0, 0x00,
    0x00, 0x00, 0x00, 0x3F, 0xC0, 0x00, 0x00, 0x00, 0x00, 0x3F, 0xC0, 0x00, 0x00, 0x00, 0x00, 0x3F,
    0xC0, 0x00, 0x00, 0x00, 0x00, 0x3F, 0xC0, 0x00, 0x00, 0x00, 0x00, 0x3F, 0xC0, 0x00, 0x00, 0x00,
    0x00, 0x3F, 0xC0, 0x00, 0x00, 0x00, 0x00, 0x3F, 0xC0, 0x00, 0x00, 0x00, 0x00, 0x3F, 0xE0, 0x00,
    0x00, 0x00, 0x00, 0x3F, 0xFE, 0x00, 0x00, 0x00, 0x00, 0x3F, 0xFE, 0x00, 0x00, 0x00, 0x00, 0x3F,
    0xFE, 0x00, 0x00, 0x00, 0x00, 0x1B, 0xFE, 0x00, 0x00, 0x00, 0x00, 0x02, 0xFE, 0x00, 0x00, 0x00,
    0x00, 0x02, 0xFE, 0x00, 0x00, 0x00, 0x00, 0x02, 0xFE, 0x00, 0x00, 0x00, 0x00, 0x02, 0xFE, 0x00,
    0x00, 0x00, 0x00, 0x02, 0xFE, 0x00, 0x00, 0x00, 0x00, 0x00, 0xA8, 0x00, 0x00, 0x2A, 0xAA, 0xAA,
    0xAA, 0xA0, 0x3F, 0xFF, 0xFF, 0xFF, 0xF0, 0x3F, 0xFF, 0xFF, 0xFF, 0xF0, 0x3F, 0xFF, 0xFF, 0xFF,
    0xF0, 0x00, 0x02, 0xFC, 0x00, 0x00, 0x00, 0x02, 0xFC, 0x00, 0x00, 0x00, 0x02, 0xFC, 0x00, 0x00,
    0x00, 0x02, 0xFC, 0x00, 0x00, 0x00, 0x02, 0xFC, 0x00, 0x00, 0x00, 0x02, 0xFC, 0x00, 0x00, 0x00,
    0x02, 0xFC, 0x00, 0x00, 0x00, 0x02, 0xFC, 0x00, 0x00, 0x00, 0x02, 0xFC, 0x00, 0x00, 0x00, 0x02,
    0xFC, 0x00, 0x00, 0x00, 0x02, 0xFC, 0x00, 0x00, 0x00, 0x02, 0xFC, 0x00, 0x00, 0x00, 0x02, 0xFC,
    0x00, 0x00, 0x00, 0x02, 0xFF, 0x80, 0x00, 0x00, 0x02, 0xFF, 0xC0, 0x00, 0x00, 0x02, 0xFF, 0xC0,
    0x00, 0x00, 0x00, 0xBF, 0xC0, 0x00, 0x00, 0x00, 0x3F, 0xC0, 0x00, 0x00, 0x00, 0x3F, 0xC0, 0x00,
    0x00, 0x00, 0x3F, 0xC0, 0x00, 0x00, 0x00, 0x3F, 0xC0, 0x00, 0x00, 0x00, 0x00, 0x00, 0x00, 0x00,
    0x00, 0x00, 0x00, 0x00, 0x00, 0x00, 0x3F, 0xFF, 0xFC, 0x00, 0x2F, 0xFF, 0xC0, 0x0B, 0xFF, 0x80,
    0x00, 0x02, 0xFE, 0x00, 0x01, 0xFF, 0x80, 0x00, 0x01, 0xF0, 0x00, 0x00, 0xBF, 0xC0, 0x00, 0x03,
    0xE0, 0x00, 0x00, 0x3F, 0xF0, 0x00, 0x0B, 0x80, 0x00, 0x00, 0x0F, 0xF8, 0x00, 0x0F, 0x00, 0x00,
    0x00, 0x0B, 0xFC, 0x00, 0x3D, 0x00, 0x00, 0x00, 0x03, 0xFF, 0x00, 0xB8, 0x00, 0x00, 0x00, 0x00,
    0xFF, 0x80, 0xF0, 0x00, 0x00, 0x00, 0x00, 0x7F, 0xC2, 0xD0, 0x00, 0x00, 0x00, 0x00, 0x2F, 0xF7,
    0x80, 0x00, 0x00, 0x00, 0x00, 0x0F, 0xFF, 0x00, 0x00, 0x00, 0x00, 0x00, 0x07, 0xFE, 0x00, 0x00,
    0x00, 0x00, 0x00, 0x03, 0xFC, 0x00, 0x00, 0x00, 0x00, 0x00, 0x02, 0xFC, 0x00, 0x00, 0x00, 0x00,
    0x00, 0x02, 0xFC, 0x00, 0x00, 0x00, 0x00, 0x00, 0x02, 0xFC, 0x00, 0x00, 0x00, 0x00, 0x00, 0x02,
    0xFC, 0x00, 0x00, 0x00, 0x00, 0x00, 0x02, 0xFC, 0x00, 0x00, 0x00, 0x00, 0x00, 0x03, 0xFC, 0x00,
    0x00, 0x00, 0x00, 0x00, 0x03, 0xFC, 0x00, 0x00, 0x00, 0x00, 0x00, 0x03, 0xFC, 0x00, 0x00, 0x00,
    0x00, 0x00, 0x0B, 0xFF, 0x00, 0x00, 0x00, 0x00, 0x00, 0xFF, 0xFF, 0xFC, 0x00, 0x00, 0x00, 0x00,
    0x00, 0x00, 0x00, 0x00, 0x00, 0x3F, 0xFF, 0xE8, 0x00, 0x2B, 0xFF, 0xC0, 0x03, 0xFF, 0x80, 0x00,
    0x00, 0xFC, 0x00, 0x00, 0xFF, 0x80, 0x00, 0x02, 0xF0, 0x00, 0x00, 0xBF, 0xC0, 0x00, 0x03, 0xC0,
    0x00, 0x00, 0x2F, 0xE0, 0x00, 0x07, 0x80, 0x00, 0x00, 0x0F, 0xF0, 0x00, 0x0F, 0x00, 0x00, 0x00,
    0x07, 0xF8, 0x00, 0x1E, 0x00, 0x00, 0x00, 0x03, 0xFC, 0x00, 0x3C, 0x00, 0x00, 0x00, 0x01, 0xFE,
    0x00, 0x38, 0x00, 0x00, 0x00, 0x00, 0xFF, 0x00, 0xF0, 0x00, 0x00, 0x00, 0x00, 0xBF, 0x80, 0xE0,
    0x00, 0x00, 0x00, 0x00, 0x3F, 0xC2, 0xC0, 0x00, 0x00, 0x00, 0x00, 0x2F, 0xE3, 0x80, 0x00, 0x00,
    0x00, 0x00, 0x0F, 0xFF, 0x00, 0x00, 0x00, 0x00, 0x00, 0x0B, 0xFE, 0x00, 0x00, 0x00, 0x00, 0x00,
    0x03, 0xFC, 0x00, 0x00, 0x00, 0x00, 0x00, 0x02, 0xFC, 0x00, 0x00, 0x00, 0x00, 0x00, 0x02, 0xFC,
    0x00, 0x00, 0x00, 0x00, 0x00, 0x02, 0xFC, 0x00, 0x00, 0x00, 0x00, 0x00, 0x03, 0xFC, 0x00, 0x00,
    0x00, 0x00, 0x00, 0x03, 0xFC, 0x00, 0x00, 0x00, 0x00, 0x00, 0x03, 0xFC, 0x00, 0x00, 0x00, 0x00,
    0x00, 0x0B, 0xFF, 0x40, 0x00, 0x00, 0x00, 0x00, 0xFF, 0xFF, 0xF8, 0x00, 0x00, 0x00, 0x00, 0x00,
    0x00, 0x00, 0xFF, 0xFE, 0x00, 0xBF, 0xF0, 0x2F, 0xF0, 0x00, 0x0F, 0x80, 0x0B, 0xF0, 0x00, 0x0F,
    0x00, 0x03, 0xF4, 0x00, 0x2C, 0x00, 0x02, 0xFC, 0x00, 0x3C, 0x00, 0x00, 0xFC, 0x00, 0x70, 0x00,
    0x00, 0xBF, 0x00, 0xF0, 0x00, 0x00, 0x3F, 0x00, 0xC0, 0x00, 0x00, 0x2F, 0xC3, 0xC0, 0x00, 0x00,
    0x0F, 0xC3, 0x40, 0x00, 0x00, 0x0B, 0xFB, 0x00, 0x00, 0x00, 0x03, 0xFE, 0x00, 0x00, 0x00, 0x02,
    0xFC, 0x00, 0x00, 0x00, 0x00, 0xF8, 0x00, 0x00, 0x02, 0xAA, 0xFE, 0xA8, 0x00, 0x02, 0xAA, 0xFE,
    0xA8, 0x00, 0x00, 0x00, 0xF8, 0x00, 0x00, 0x00, 0x00, 0xF8, 0x00, 0x00, 0x00, 0x00, 0xF8, 0x00,
    0x00, 0x00, 0x00, 0xF8, 0x00, 0x00, 0x00, 0x00, 0xF8, 0x00, 0x00, 0x00, 0x00, 0xFC, 0x00, 0x00,
    0x00, 0x03, 0xFD, 0x00, 0x00, 0x00, 0x3F, 0xFF, 0xD0, 0x00, 0x00, 0x00, 0x00, 0x00, 0x00, 0xBF,
    0xFE, 0x00, 0xBF, 0xF0, 0x1F, 0xF0, 0x00, 0x0F, 0x80, 0x0B, 0xF0, 0x00, 0x0F, 0x00, 0x03, 0xF8,
    0x00, 0x2C, 0x00, 0x02, 0xFC, 0x00, 0x38, 0x00, 0x00, 0xFD, 0x00, 0xB0, 0x00, 0x00, 0xBF, 0x00,
    0xE0, 0x00, 0x00, 0x3F, 0x41, 0xC0, 0x00, 0x00, 0x2F, 0xC3, 0xC0, 0x00, 0x00, 0x0F, 0xC3, 0x00,
    0x00, 0x00, 0x0B, 0xFF, 0x00, 0x00, 0x00, 0x03, 0xFD, 0x00, 0x00, 0x00, 0x02, 0xFC, 0x00, 0x00,
    0x00, 0x00, 0xF8, 0x00, 0x00, 0x02, 0xAB, 0xFE, 0xA9, 0x00, 0x02, 0xAA, 0xFE, 0xA8, 0x00, 0x00,
    0x00, 0xF8, 0x00, 0x00, 0x00, 0x00, 0xF8, 0x00, 0x00, 0x00, 0x00, 0xF8, 0x00, 0x00, 0x00, 0x00,
    0xF8, 0x00, 0x00, 0x00, 0x00, 0xF8, 0x00, 0x00, 0x00, 0x00, 0xFC, 0x00, 0x00, 0x00, 0x03, 0xFE,
    0x00, 0x00, 0x00, 0x2F, 0xFF, 0xC0, 0x00, 0x00, 0x00, 0x00, 0x00, 0x00, 0x00, 0x00, 0x3F, 0xFF,
    0xFE, 0x00, 0xBF, 0xFF, 0xC0, 0x03, 0xFF, 0xC0, 0x00, 0x03, 0xFC, 0x00, 0x00, 0xFF, 0xC0, 0x00,
    0x03, 0xE0, 0x00, 0x00, 0x3F, 0xF0, 0x00, 0x0F, 0x80, 0x00, 0x00, 0x0F, 0xF4, 0x00, 0x2E, 0x00,
    0x00, 0x00, 0x07, 0xFC, 0x00, 0xBC, 0x00, 0x00, 0x00, 0x02, 0xFE, 0x00, 0xF0, 0x00, 0x00, 0x00,
    0x00, 0xFF, 0x83, 0xC0, 0x00, 0x00, 0x00, 0x00, 0x3F, 0xCF, 0x00, 0x00, 0x00, 0x00, 0x00, 0x2F,
    0xFE, 0x00, 0x00, 0x00, 0x00, 0x00, 0x0F, 0xFC, 0x00, 0x00, 0x00, 0x00, 0x00, 0x03, 0xFC, 0x00,
    0x00, 0x00, 0x00, 0x00, 0x03, 0xFF, 0x00, 0x00, 0x00, 0x00, 0x00, 0x0F, 0xFF, 0x80, 0x00, 0x00,
    0x00, 0x00, 0x3E, 0x3F, 0xD0, 0x00, 0x00, 0x00, 0x00, 0xBC, 0x2F, 0xF0, 0x00, 0x00, 0x00, 0x02,
    0xF0, 0x0F, 0xFC, 0x00, 0x00, 0x00, 0x03, 0xC0, 0x03, 0xFE, 0x00, 0x00, 0x00, 0x0F, 0x40, 0x02,
    0xFF, 0x00, 0x00, 0x00, 0x3E, 0x00, 0x00, 0xFF, 0xC0, 0x00, 0x00, 0xBC, 0x00, 0x00, 0x3F, 0xE0,
    0x00, 0x02, 0xF0, 0x00, 0x00, 0x3F, 0xF8, 0x00, 0x0F, 0xF8, 0x00, 0x00, 0x3F, 0xFE, 0x00, 0xBF,
    0xFF, 0xC0, 0x03, 0xFF, 0xFF, 0xE0, 0x00, 0x00, 0x00, 0x00, 0x00, 0x0F, 0xE0, 0x00, 0x00, 0x00,
    0x00, 0x00, 0x03, 0xE0, 0x00, 0x00, 0x00, 0x00, 0x00, 0x02, 0xE0, 0x00, 0x00, 0x00, 0x00, 0x00,
    0x00, 0xE0, 0x00, 0x00, 0x00, 0x00, 0x00, 0x00, 0xE0, 0x00, 0x00, 0x00, 0x00, 0x00, 0x00, 0xA0,
    0x00, 0x00, 0x00, 0x00, 0x00, 0x00, 0x00, 0x00, 0x00, 0x00, 0x00, 0x00, 0x2F, 0xFE, 0x0B, 0xF8,
    0x00, 0x03, 0xFC, 0x03, 0xC0, 0x00, 0x00, 0xFE, 0x07, 0x80, 0x00, 0x00, 0xBF, 0x0E, 0x00, 0x00,
    0x00, 0x3F, 0xFC, 0x00, 0x00, 0x00, 0x0F, 0xF0, 0x00, 0x00, 0x00, 0x0B, 0xF0, 0x00, 0x00, 0x00,
    0x03, 0xFC, 0x00, 0x00, 0x00, 0x0B, 0xFD, 0x00, 0x00, 0x00, 0x0E, 0xBF, 0x00, 0x00, 0x00, 0x3C,
    0x3F, 0x80, 0x00, 0x00, 0xB4, 0x0F, 0xD0, 0x00, 0x00, 0xE0, 0x0B, 0xF0, 0x00, 0x03, 0xC0, 0x03,
    0xFC, 0x00, 0x0F, 0x80, 0x02, 0xFE, 0x00, 0x7F, 0xF0, 0x0F, 0xFF, 0xC0, 0x00, 0x00, 0x00, 0x0B,
    0xC0, 0x00, 0x00, 0x00, 0x03, 0xC0, 0x00, 0x00, 0x00, 0x02, 0xC0, 0x00, 0x00, 0x00, 0x00, 0xC0,
    0x00, 0x00, 0x00, 0x00, 0xC0, 0x00, 0x00, 0x00, 0x00, 0x00, 0x2A, 0xAA, 0xAA, 0xAA, 0xAA, 0xA0,
    0x02, 0xA8, 0x00, 0x3F, 0xFF, 0xFF, 0xFF, 0xFF, 0xF8, 0x03, 0xFC, 0x00, 0x3F, 0xFF, 0xFF, 0xFF,
    0xFF, 0xF8, 0x03, 0xFC, 0x00, 0x3F, 0xFF, 0xFF, 0xFF, 0xFF, 0xF8, 0x03, 0xFC, 0x00, 0x00, 0x00,
    0x0F, 0xF0, 0x00, 0x00, 0x03, 0xFC, 0x00, 0x00, 0x00, 0x0F, 0xF0, 0x00, 0x00, 0x03, 0xFC, 0x00,
    0x00, 0x00, 0x0F, 0xF0, 0x00, 0x00, 0x03, 0xFC, 0x00, 0x00, 0x00, 0x0F, 0xF0, 0x00, 0x00, 0x03,
    0xFC, 0x00, 0x00, 0x00, 0x0F, 0xF0, 0x00, 0x00, 0x03, 0xFC, 0x00, 0x00, 0x00, 0x0F, 0xF0, 0x00,
    0x00, 0x03, 0xFC, 0x00, 0x00, 0x00, 0x0F, 0xF0, 0x00, 0x00, 0x03, 0xFC, 0x00, 0x00, 0x00, 0x0F,
    0xF0, 0x00, 0x00, 0x03, 0xFC, 0x00, 0x00, 0x00, 0x0F, 0xF0, 0x00, 0x00, 0x03, 0xFC, 0x00, 0x00,
    0x00, 0x0F, 0xF0, 0x00, 0x00, 0x03, 0xFC, 0x00, 0x00, 0x00, 0x0F, 0xF0, 0x00, 0x00, 0x03, 0xFC,
    0x00, 0x00, 0x00, 0x0F, 0xF0, 0x00, 0x00, 0x03, 0xFC, 0x00, 0x00, 0x00, 0x0F, 0xF0, 0x00, 0x00,
    0x03, 0xFC, 0x00, 0x00, 0x00, 0x0F, 0xF0, 0x00, 0x00, 0x03, 0xFC, 0x00, 0x00, 0x00, 0x0F, 0xF0,
    0x00, 0x00, 0x03, 0xFC, 0x00, 0x00, 0x00, 0x0F, 0xF0, 0x00, 0x00, 0x03, 0xFC, 0x00, 0x00, 0x00,
    0x0F, 0xF0, 0x00, 0x00, 0x03, 0xFC, 0x00, 0x00, 0x00, 0x0F, 0xF0, 0x00, 0x00, 0x03, 0xFC, 0x00,
    0x00, 0x00, 0x0F, 0xF0, 0x00, 0x00, 0x03, 0xFC, 0x00, 0x00, 0x00, 0x0F, 0xF0, 0x00, 0x00, 0x07,
    0xFC, 0x00, 0x00, 0x00, 0x0F, 0xFF, 0xFF, 0xFF, 0xFF, 0xFF, 0xC0, 0x00, 0x00, 0x0F, 0xFF, 0xFF,
    0xFF, 0xFF, 0xFF, 0xC0, 0x00, 0x00, 0x0F, 0xFF, 0xFF, 0xFF, 0xFF, 0xFF, 0xC0, 0x00, 0x00, 0x0A,
    0xAA, 0xAA, 0xAA, 0xAA, 0xBF, 0xC0, 0x00, 0x00, 0x00, 0x00, 0x00, 0x00, 0x00, 0x3F, 0xC0, 0x00,
    0x00, 0x00, 0x00, 0x00, 0x00, 0x00, 0x3F, 0xC0, 0x00, 0x00, 0x00, 0x00, 0x00, 0x00, 0x00, 0x3F,
    0xC0, 0x00, 0x00, 0x00, 0x00, 0x00, 0x00, 0x00, 0x3F, 0xC0, 0x00, 0x00, 0x00, 0x00, 0x00, 0x00,
    0x00, 0x3F, 0xC0, 0x00, 0x00, 0x00, 0x00, 0x00, 0x00, 0x00, 0x2A, 0x80, 0x2A, 0xAA, 0xAA, 0xAA,
    0x00, 0xA8, 0x00, 0x3F, 0xFF, 0xFF, 0xFF, 0x00, 0xFD, 0x00, 0x3F, 0xFF, 0xFF, 0xFF, 0x00, 0xFD,
    0x00, 0x3F, 0xFF, 0xFF, 0xFF, 0x00, 0xFD, 0x00, 0x00, 0x02, 0xFC, 0x00, 0x00, 0xFD, 0x00, 0x00,
    0x02, 0xFC, 0x00, 0x00, 0xFD, 0x00, 0x00, 0x02, 0xFC, 0x00, 0x00, 0xFD, 0x00, 0x00, 0x02, 0xFC,
    0x00, 0x00, 0xFD, 0x00, 0x00, 0x02, 0xFC, 0x00, 0x00, 0xFD, 0x00, 0x00, 0x02, 0xFC, 0x00, 0x00,
    0xFD, 0x00, 0x00, 0x02, 0xFC, 0x00, 0x00, 0xFD, 0x00, 0x00, 0x02, 0xFC, 0x00, 0x00, 0xFD, 0x00,
    0x00, 0x02, 0xFC, 0x00, 0x00, 0xFD, 0x00, 0x00, 0x02, 0xFC, 0x00, 0x00, 0xFD, 0x00, 0x00, 0x02,
    0xFC, 0x00, 0x00, 0xFD, 0x00, 0x00, 0x02, 0xFC, 0x00, 0x00, 0xFD, 0x00, 0x00, 0x02, 0xFC, 0x00,
    0x00, 0xFD, 0x00, 0x00, 0x02, 0xFF, 0xAA, 0xAB, 0xFF, 0x80, 0x00, 0x02, 0xFF, 0xFF, 0xFF, 0xFF,
    0xC0, 0x00, 0x02, 0xFF, 0xFF, 0xFF, 0xFF, 0xC0, 0x00, 0x00, 0xAA, 0xAA, 0xAA, 0xBF, 0xC0, 0x00,
    0x00, 0x00, 0x00, 0x00, 0x2F, 0xC0, 0x00, 0x00, 0x00, 0x00, 0x00, 0x2F, 0xC0, 0x00, 0x00, 0x00,
    0x00, 0x00, 0x2F, 0xC0, 0x00, 0x00, 0x00, 0x00, 0x00, 0x2F, 0xC0, 0x00, 0x00, 0x00, 0x00, 0x00,
    0x00, 0x00, 0x00, 0x00, 0x00, 0x00, 0x00, 0x00, 0x00, 0xBF, 0xFF, 0xF8, 0x0F, 0xFF, 0xFF, 0x00,
    0x03, 0xFF, 0x00, 0x00, 0xBF, 0xF0, 0x00, 0x02, 0xFE, 0x00, 0x00, 0x3F, 0xC0, 0x00, 0x01, 0xFE,
    0x00, 0x00, 0x3F, 0xC0, 0x00, 0x01, 0xFE, 0x00, 0x00, 0x3F, 0xC0, 0x00, 0x01, 0xFE, 0x00, 0x00,
    0x3F, 0xC0, 0x00, 0x01, 0xFE, 0x00, 0x00, 0x3F, 0xC0, 0x00, 0x01, 0xFE, 0x00, 0x00, 0x3F, 0xC0,
    0x00, 0x01, 0xFE, 0x00, 0x00, 0x3F, 0xC0, 0x00, 0x00, 0xFE, 0x00, 0x00, 0x3F, 0xC0, 0x00, 0x00,
    0xFF, 0x00, 0x00, 0x3F, 0xC0, 0x00, 0x00, 0xFF, 0x80, 0x00, 0x7F, 0xC0, 0x00, 0x00, 0x3F, 0xFA,
    0xAF, 0xFF, 0xC0, 0x00, 0x00, 0x0B, 0xFF, 0xE4, 0x3F, 0xC0, 0x00, 0x00, 0x00, 0x00, 0x00, 0x3F,
    0xC0, 0x00, 0x00, 0x00, 0x00, 0x00, 0x3F, 0xC0, 0x00, 0x00, 0x00, 0x00, 0x00, 0x3F, 0xC0, 0x00,
    0x00, 0x00, 0x00, 0x00, 0x3F, 0xC0, 0x00, 0x00, 0x00, 0x00, 0x00, 0x3F, 0xC0, 0x00, 0x00, 0x00,
    0x00, 0x00, 0x3F, 0xC0, 0x00, 0x00, 0x00, 0x00, 0x00, 0x3F, 0xC0, 0x00, 0x00, 0x00, 0x00, 0x00,
    0x3F, 0xC0, 0x00, 0x00, 0x00, 0x00, 0x00, 0xBF, 0xF8, 0x00, 0x00, 0x00, 0x00, 0x0F, 0xFF, 0xFF,
    0x00, 0x00, 0x00, 0x00, 0x00, 0x00, 0xBF, 0x00, 0x00, 0x00, 0x00, 0x00, 0x00, 0x2F, 0x00, 0x00,
    0x00, 0x00, 0x00, 0x00, 0x0F, 0x00, 0x00, 0x00, 0x00, 0x00, 0x00, 0x0B, 0x00, 0x00, 0x00, 0x00,
    0x00, 0x00, 0x03, 0x00, 0x00, 0x00, 0x00, 0x00, 0x00, 0x03, 0x00, 0x00, 0x00, 0x00, 0x00, 0x00,
    0x01, 0x00, 0x00, 0x00, 0x00, 0x00, 0x00, 0x2F, 0xF9, 0x06, 0xFF, 0x80, 0x0B, 0xF0, 0x00, 0xFE,
    0x00, 0x03, 0xF0, 0x00, 0xFC, 0x00, 0x03, 0xF0, 0x00, 0xFC, 0x00, 0x03, 0xF0, 0x00, 0xFC, 0x00,
    0x03, 0xF0, 0x00, 0xFC, 0x00, 0x03, 0xF0, 0x00, 0xFC, 0x00, 0x03, 0xF8, 0x00, 0xFC, 0x00, 0x00,
    0xBF, 0xFF, 0xFC, 0x00, 0x00, 0x00, 0x00, 0xFC, 0x00, 0x00, 0x00, 0x00, 0xFC, 0x00, 0x00, 0x00,
    0x00, 0xFC, 0x00, 0x00, 0x00, 0x00, 0xFC, 0x00, 0x00, 0x00, 0x00, 0xFC, 0x00, 0x00, 0x00, 0x00,
    0xFE, 0x00, 0x00, 0x00, 0x0F, 0xFF, 0xE0, 0x00, 0x00, 0x00, 0x03, 0xE0, 0x00, 0x00, 0x00, 0x02,
    0xE0, 0x00, 0x00, 0x00, 0x00, 0xE0, 0x00, 0x00, 0x00, 0x00, 0xE0, 0x00, 0x00, 0x00, 0x00, 0xA0,
    0x00, 0x00, 0x00, 0x00, 0x00, 0x00, 0x00, 0x00, 0x00, 0x00, 0x00, 0x00, 0xBF, 0xFF, 0xF8, 0x0F,
    0xFF, 0xFF, 0x00, 0x03, 0xFF, 0x00, 0x00, 0xBF, 0xF0, 0x00, 0x02, 0xFE, 0x00, 0x00, 0x3F, 0xC0,
    0x00, 0x01, 0xFE, 0x00, 0x00, 0x3F, 0xC0, 0x00, 0x01, 0xFE, 0x00, 0x00, 0x3F, 0xC0, 0x00, 0x01,
    0xFE, 0x00, 0x00, 0x3F, 0xC0, 0x00, 0x01, 0xFE, 0x03, 0xC0, 0x3F, 0xC0, 0x00, 0x01, 0xFE, 0x03,
    0xC0, 0x3F, 0xC0, 0x00, 0x01, 0xFE, 0x03, 0xC0, 0x3F, 0xC0, 0x00, 0x00, 0xFE, 0x03, 0xC0, 0x3F,
    0xC0, 0x00, 0x00, 0xFF, 0x03, 0xC0, 0x3F, 0xC0, 0x00, 0x00, 0xFF, 0x83, 0xC0, 0x7F, 0xC0, 0x00,
    0x00, 0x3F, 0xFF, 0xFF, 0xFF, 0xC0, 0x00, 0x00, 0x0B, 0xFF, 0xF8, 0x3F, 0xC0, 0x00, 0x00, 0x00,
    0x07, 0xC0, 0x3F, 0xC0, 0x00, 0x00, 0x00, 0x03, 0xC0, 0x3F, 0xC0, 0x00, 0x00, 0x00, 0x03, 0xC0,
    0x3F, 0xC0, 0x00, 0x00, 0x00, 0x03, 0xC0, 0x3F, 0xC0, 0x00, 0x00, 0x00, 0x02, 0x80, 0x3F, 0xC0,
    0x00, 0x00, 0x00, 0x00, 0x00, 0x3F, 0xC0, 0x00, 0x00, 0x00, 0x00, 0x00, 0x3F, 0xC0, 0x00, 0x00,
    0x00, 0x00, 0x00, 0x3F, 0xC0, 0x00, 0x00, 0x00, 0x00, 0x00, 0xBF, 0xF0, 0x00, 0x00, 0x00, 0x00,
    0x0F, 0xFF, 0xFF, 0x00, 0x00, 0x00, 0x00, 0x00, 0x00, 0x2F, 0xF9, 0x06, 0xFF, 0x80, 0x0B, 0xF0,
    0x00, 0xFE, 0x00, 0x03, 0xF0, 0x00, 0xFC, 0x00, 0x03, 0xF2, 0x90, 0xFC, 0x00, 0x03, 0xF3, 0xE0,
    0xFC, 0x00, 0x03, 0xF3, 0xE0, 0xFC, 0x00, 0x03, 0xF3, 0xE0, 0xFC, 0x00, 0x03, 0xFB, 0xE0, 0xFC,
    0x00, 0x00, 0xBF, 0xFE, 0xFC, 0x00, 0x00, 0x03, 0xE0, 0xFC, 0x00, 0x00, 0x03, 0xE0, 0xFC, 0x00,
    0x00, 0x03, 0xE0, 0xFC, 0x00, 0x00, 0x03, 0xE0, 0xFC, 0x00, 0x00, 0x00, 0x00, 0xFC, 0x00, 0x00,
    0x00, 0x00, 0xFE, 0x00, 0x00, 0x00, 0x0F, 0xFF, 0xE0, 0x00, 0x00, 0x00, 0x00, 0x00, 0x00, 0x00,
    0xBF, 0xFF, 0xF8, 0x00, 0x00, 0x00, 0x00, 0x03, 0xFF, 0x00, 0x00, 0x00, 0x00, 0x00, 0x02, 0xFE,
    0x00, 0x00, 0x00, 0x00, 0x00, 0x01, 0xFE, 0x00, 0x00, 0x00, 0x00, 0x00, 0x01, 0xFE, 0x00, 0x00,
    0x00, 0x00, 0x00, 0x01, 0xFE, 0x00, 0x00, 0x00, 0x00, 0x00, 0x01, 0xFE, 0x00, 0x00, 0x00, 0x00,
    0x00, 0x01, 0xFE, 0x00, 0x00, 0x00, 0x00, 0x00, 0x01, 0xFE, 0x00, 0x00, 0x00, 0x00, 0x00, 0x01,
    0xFE, 0x00, 0x00, 0x00, 0x00, 0x00, 0x01, 0xFE, 0x0B, 0xFF, 0xF8, 0x00, 0x00, 0x01, 0xFF, 0xFA,
    0xAB, 0xFF, 0x00, 0x00, 0x01, 0xFE, 0x00, 0x00, 0xFF, 0x80, 0x00, 0x01, 0xFE, 0x00, 0x00, 0x3F,
    0xC0, 0x00, 0x01, 0xFE, 0x00, 0x00, 0x3F, 0xC0, 0x00, 0x01, 0xFE, 0x00, 0x00, 0x3F, 0xC0, 0x00,
    0x01, 0xFE, 0x00, 0x00, 0x3F, 0xC0, 0x00, 0x01, 0xFE, 0x00, 0x00, 0x3F, 0xC0, 0x00, 0x01, 0xFE,
    0x00, 0x00, 0x3F, 0xC0, 0x00, 0x01, 0xFE, 0x00, 0x00, 0x3F, 0xC0, 0x00, 0x01, 0xFE, 0x00, 0x00,
    0x3F, 0xC0, 0x00, 0x02, 0xFE, 0x00, 0x00, 0x3F, 0xC0, 0x00, 0x07, 0xFF, 0x80, 0x00, 0xBF, 0xF0,
    0x00, 0xBF, 0xFF, 0xF8, 0x0F, 0xFF, 0xFF, 0x00, 0x00, 0x00, 0x00, 0x00, 0x00, 0x2F, 0xF9, 0x00,
    0x00, 0x00, 0x0B, 0xF0, 0x00, 0x00, 0x00, 0x03, 0xF0, 0x00, 0x00, 0x00, 0x03, 0xF0, 0x00, 0x00,
    0x00, 0x03, 0xF0, 0x00, 0x00, 0x00, 0x03, 0xF0, 0x00, 0x00, 0x00, 0x03, 0xF2, 0xAE, 0x80, 0x00,
    0x03, 0xFE, 0x5B, 0xF8, 0x00, 0x03, 0xF0, 0x00, 0xFC, 0x00, 0x03, 0xF0, 0x00, 0xFC, 0x00, 0x03,
    0xF0, 0x00, 0xFC, 0x00, 0x03, 0xF0, 0x00, 0xFC, 0x00, 0x03, 0xF0, 0x00, 0xFC, 0x00, 0x03, 0xF0,
    0x00, 0xFC, 0x00, 0x0B, 0xF0, 0x00, 0xFE, 0x00, 0xBF, 0xFF, 0x0F, 0xFF, 0xE0, 0x00, 0x00, 0x00,
    0x00, 0x0A, 0xA0, 0x00, 0x00, 0x00, 0x00, 0x00, 0x00, 0x02, 0xFF, 0xFF, 0x80, 0x00, 0x00, 0x00,
    0x00, 0x00, 0x2F, 0xFF, 0xFF, 0xF8, 0x00, 0x00, 0x00, 0x00, 0x00, 0xFF, 0xFF, 0xFF, 0xFF, 0x00,
    0x00, 0x00, 0x00, 0x02, 0xFF, 0xE0, 0x0B, 0xFF, 0xC0, 0x00, 0x00, 0x00, 0x0B, 0xFF, 0x00, 0x00,
    0xBF, 0xF0, 0x00, 0x00, 0x00, 0x0F, 0xFC, 0x00, 0x00, 0x2F, 0xF0, 0x00, 0x00, 0x00, 0x2F, 0xF8,
    0x00, 0x00, 0x0B, 0xF8, 0x00, 0x00, 0x00, 0x3F, 0xE0, 0x00, 0x00, 0x03, 0xFC, 0x00, 0x3F, 0x00,
    0xBF, 0xC0, 0x00, 0x00, 0x03, 0xFC, 0x00, 0x3F, 0x00, 0xBF, 0x80, 0x00, 0x00, 0x02, 0xFE, 0x00,
    0x3F, 0x40, 0xFF, 0x80, 0x00, 0x00, 0x02, 0xFE, 0x00, 0x3F, 0xC0, 0xFF, 0x80, 0x00, 0x00, 0x02,
    0xFE, 0x00, 0x3F, 0xFF, 0xFF, 0xFF, 0xFF, 0xFF, 0xFF, 0xFE, 0x00, 0x0F, 0xFF, 0xFF, 0xFF, 0xFF,
    0xFF, 0xFF, 0xFE, 0x00, 0x02, 0xFF, 0xFF, 0xFF, 0xFF, 0xFF, 0xFF, 0xFE, 0x00, 0x00, 0x00, 0xFF,
    0x00, 0x00, 0x00, 0x00, 0x00, 0x00, 0x00, 0x00, 0xFF, 0x00, 0x00, 0x00, 0x00, 0x00, 0x00, 0x00,
    0x00, 0xBF, 0x80, 0x00, 0x00, 0x00, 0xA8, 0x00, 0x00, 0x00, 0xBF, 0xC0, 0x00, 0x00, 0x02, 0xFC,
    0x00, 0x00, 0x00, 0x3F, 0xD0, 0x00, 0x00, 0x03, 0xFC, 0x00, 0x00, 0x00, 0x3F, 0xF0, 0x00, 0x00,
    0x0F, 0xF8, 0x00, 0x00, 0x00, 0x0F, 0xFC, 0x00, 0x00, 0x3F, 0xF0, 0x00, 0x00, 0x00, 0x0B, 0xFF,
    0x00, 0x01, 0xFF, 0xE0, 0x00, 0x00, 0x00, 0x03, 0xFF, 0xFA, 0xAF, 0xFF, 0x80, 0x00, 0x00, 0x00,
    0x00, 0xBF, 0xFF, 0xFF, 0xFE, 0x00, 0x00, 0x00, 0x00, 0x00, 0x2F, 0xFF, 0xFF, 0xF0, 0x00, 0x00,
    0x00, 0x00, 0x00, 0x02, 0xFF, 0xFE, 0x00, 0x00, 0x00, 0x00, 0x00, 0x00, 0x00, 0x00, 0x00, 0x00,
    0x00, 0x00, 0x00, 0x00, 0x00, 0x06, 0xA0, 0x00, 0x00, 0x00, 0x00, 0x00, 0xFF, 0xFF, 0x80, 0x00,
    0x00, 0x00, 0x07, 0xFF, 0xFF, 0xF0, 0x00, 0x00, 0x00, 0x1F, 0xFF, 0xFF, 0xFC, 0x00, 0x00, 0x00,
    0x3F, 0xF0, 0x0B, 0xFF, 0x00, 0x2F, 0xC0, 0xBF, 0x80, 0x00, 0xFF, 0x00, 0x2F, 0xC0, 0xFF, 0x00,
    0x00, 0xBF, 0x80, 0x2F, 0xC1, 0xFE, 0x00, 0x00, 0x3F, 0x80, 0x2F, 0xE3, 0xFE, 0xAA, 0xAA, 0xBF,
    0xC0, 0x0F, 0xFF, 0xFF, 0xFF, 0xFF, 0xFF, 0xC0, 0x0B, 0xFF, 0xFF, 0xFF, 0xFF, 0xFF, 0xC0, 0x01,
    0xFF, 0xFF, 0xFF, 0xFF, 0xFF, 0xC0, 0x00, 0x02, 0xFD, 0x00, 0x00, 0x00, 0x00, 0x00, 0x02, 0xFE,
    0x00, 0x00, 0x1A, 0x00, 0x00, 0x00, 0xFF, 0x00, 0x00, 0x3F, 0x80, 0x00, 0x00, 0xFF, 0x00, 0x00,
    0xBF, 0x80, 0x00, 0x00, 0xBF, 0xC0, 0x02, 0xFF, 0x00, 0x00, 0x00, 0x3F, 0xFA, 0xAF, 0xFE, 0x00,
    0x00, 0x00, 0x0F, 0xFF, 0xFF, 0xF8, 0x00, 0x00, 0x00, 0x02, 0xFF, 0xFF, 0xE0, 0x00, 0x00, 0x00,
    0x00, 0x2F, 0xFE, 0x00, 0x00, 0x00, 0x00, 0x00, 0x00, 0x00, 0x00, 0x00, 0x00, 0x00, 0x00, 0x00,
    0x0A, 0xA0, 0x00, 0x00, 0x00, 0x00, 0x00, 0x00, 0x02, 0xFF, 0xFF, 0x80, 0x00, 0x00, 0x00, 0x00,
    0x00, 0x2F, 0xFF, 0xFF, 0xF8, 0x00, 0x00, 0x00, 0x00, 0x00, 0xFF, 0xFF, 0xFF, 0xFF, 0x00, 0x00,
    0x00, 0x00, 0x02, 0xFF, 0xE0, 0x0B, 0xFF, 0xC0, 0x00, 0x00, 0x00, 0x0B, 0xFF, 0x00, 0x00, 0xBF,
    0xF0, 0x00, 0x00, 0x00, 0x0F, 0xFC, 0x00, 0x00, 0x2F, 0xF0, 0x00, 0x00, 0x00, 0x2F, 0xF8, 0x00,
    0x00, 0x0B, 0xF8, 0x00, 0x00, 0x00, 0x3F, 0xE0, 0x00, 0x00, 0x03, 0xFC, 0x00, 0x3F, 0x00, 0xBF,
    0xC0, 0x00, 0x00, 0x03, 0xFC, 0x00, 0x3F, 0x00, 0xBF, 0x80, 0x00, 0x00, 0x02, 0xFE, 0x00, 0x3F,
    0x40, 0xFF, 0x80, 0x00, 0x00, 0x02, 0xFE, 0x00, 0x3F, 0xC0, 0xFF, 0x80, 0x00, 0x00, 0x02, 0xFE,
    0x00, 0x3F, 0xFF, 0xFF, 0xFF, 0xFF, 0xFF, 0xFF, 0xFE, 0x00, 0x0F, 0xFF, 0xFF, 0xFF, 0xFF, 0xFF,
    0xFF, 0xFE, 0x00, 0x02, 0xFF, 0xFF, 0xFF, 0xFF, 0xFF, 0xFF, 0xFE, 0x00, 0x00, 0x00, 0xFF, 0x00,
    0x00, 0x00, 0x00, 0x00, 0x00, 0x00, 0x00, 0xFF, 0x00, 0x00, 0x00, 0x00, 0x00, 0x00, 0x00, 0x00,
    0xBF, 0x80, 0x00, 0x00, 0x00, 0xA8, 0x00, 0x00, 0x00, 0xBF, 0xC0, 0x00, 0x00, 0x02, 0xFC, 0x00,
    0x00, 0x00, 0x3F, 0xD0, 0x00, 0x00, 0x03, 0xFC, 0x00, 0x00, 0x00, 0x3F, 0xF0, 0x00, 0x00, 0x0F,
    0xF8, 0x00, 0x00, 0x00, 0x0F, 0xFC, 0x00, 0x00, 0x3F, 0xF0, 0x00, 0x00, 0x00, 0x0B, 0xFF, 0x00,
    0x01, 0xFF, 0xE0, 0x00, 0x00, 0x00, 0x03, 0xFF, 0xFA, 0xAF, 0xFF, 0x80, 0x00, 0x00, 0x00, 0x00,
    0xBF, 0xFF, 0xFF, 0xFE, 0x00, 0x00, 0x00, 0x00, 0x00, 0x2F, 0xFF, 0xFF, 0xF0, 0x00, 0x00, 0x00,
    0x00, 0x00, 0x02, 0xFF, 0xFE, 0x00, 0x00, 0x00, 0x00, 0x00, 0x00, 0x00, 0x7F, 0x80, 0x00, 0x00,
    0x00, 0x00, 0x00, 0x00, 0x00, 0xFE, 0x00, 0x00, 0x00, 0x00, 0x00, 0x00, 0x00, 0x02, 0xFC, 0x00,
    0x00, 0x00, 0x00, 0x00, 0x00, 0x00, 0x02, 0xFE, 0x10, 0x00, 0x00, 0x00, 0x00, 0x00, 0x00, 0x02,
    0xFF, 0xF0, 0x00, 0x00, 0x00, 0x00, 0x00, 0x00, 0x00, 0xFF, 0xF0, 0x00, 0x00, 0x00, 0x00, 0x00,
    0x00, 0x00, 0x3F, 0xF0, 0x00, 0x00, 0x00, 0x00, 0x00, 0x00, 0x00, 0x00, 0x00, 0x00, 0x00, 0x00,
    0x00, 0x00, 0x00, 0x06, 0xA0, 0x00, 0x00, 0x00, 0x00, 0x00, 0xFF, 0xFF, 0x80, 0x00, 0x00, 0x00,
    0x07, 0xFF, 0xFF, 0xF0, 0x00, 0x00, 0x00, 0x1F, 0xFF, 0xFF, 0xFC, 0x00, 0x00, 0x00, 0x3F, 0xF0,
    0x0B, 0xFF, 0x00, 0x2F, 0xC0, 0xBF, 0x80, 0x00, 0xFF, 0x00, 0x2F, 0xC0, 0xFF, 0x00, 0x00, 0xBF,
    0x80, 0x2F, 0xC1, 0xFE, 0x00, 0x00, 0x3F, 0x80, 0x2F, 0xE3, 0xFE, 0xAA, 0xAA, 0xBF, 0xC0, 0x0F,
    0xFF, 0xFF, 0xFF, 0xFF, 0xFF, 0xC0, 0x0B, 0xFF, 0xFF, 0xFF, 0xFF, 0xFF, 0xC0, 0x01, 0xFF, 0xFF,
    0xFF, 0xFF, 0xFF, 0xC0, 0x00, 0x02, 0xFD, 0x00, 0x00, 0x00, 0x00, 0x00, 0x02, 0xFE, 0x00, 0x00,
    0x1A, 0x00, 0x00, 0x00, 0xFF, 0x00, 0x00, 0x3F, 0x80, 0x00, 0x00, 0xFF, 0x00, 0x00, 0xBF, 0x80,
    0x00, 0x00, 0xBF, 0xC0, 0x02, 0xFF, 0x00, 0x00, 0x00, 0x3F, 0xFA, 0xAF, 0xFE, 0x00, 0x00, 0x00,
    0x0F, 0xFF, 0xFF, 0xF8, 0x00, 0x00, 0x00, 0x03, 0xFF, 0xFF, 0xE0, 0x00, 0x00, 0x00, 0x00, 0x3F,
    0xFE, 0x00, 0x00, 0x00, 0x00, 0x00, 0x3F, 0xC0, 0x00, 0x00, 0x00, 0x00, 0x00, 0xBF, 0x00, 0x00,
    0x00, 0x00, 0x00, 0x00, 0xFE, 0x00, 0x00, 0x00, 0x00, 0x00, 0x00, 0xFF, 0x08, 0x00, 0x00, 0x00,
    0x00, 0x00, 0xFF, 0xF8, 0x00, 0x00, 0x00, 0x00, 0x00, 0xBF, 0xF8, 0x00, 0x00, 0x00, 0x00, 0x00,
    0x2F, 0xF8, 0x00, 0x00, 0x00, 0x00, 0x00, 0x00, 0x00, 0x00, 0x00, 0x00, 0x00, 0x00, 0x7F, 0xFF,
    0xFC, 0x02, 0xFF, 0x80, 0x00, 0xFF, 0x00, 0x00, 0xFF, 0x00, 0x00, 0xFF, 0x00, 0x00, 0xFF, 0x00,
    0x00, 0xFF, 0x00, 0x00, 0xFF, 0x00, 0x00, 0xFF, 0x00, 0x00, 0xFF, 0x00, 0x00, 0xFF, 0x00, 0x00,
    0xFF, 0x00, 0x00, 0xFF, 0x00, 0x00, 0xFF, 0x00, 0x00, 0xFF, 0x00, 0x00, 0xFF, 0x00, 0x00, 0xFF,
    0x00, 0x00, 0xFF, 0x00, 0x00, 0xFF, 0x00, 0x00, 0xFF, 0x00, 0x00, 0xFF, 0x00, 0x00, 0xFF, 0x00,
    0x03, 0xFF, 0x80, 0xBF, 0xFF, 0xFC, 0x00, 0x00, 0x00, 0x00, 0x00, 0x00, 0x00, 0x00, 0x00, 0x00,
    0x00, 0x00, 0xE0, 0x00, 0x34, 0x00, 0x00, 0x00, 0x00, 0x00, 0x00, 0xB0, 0x00, 0xB0, 0x00, 0x00,
    0x00, 0x00, 0x00, 0x00, 0x7C, 0x01, 0xF0, 0x00, 0x00, 0x00, 0x00, 0x00, 0x00, 0x3F, 0xFF, 0xE0,
    0x00, 0x00, 0x00, 0x00, 0x00, 0x00, 0x0F, 0xFF, 0x80, 0x00, 0x00, 0x00, 0x00, 0x00, 0x00, 0x01,
    0xA8, 0x00, 0x00, 0x00, 0x00, 0x00, 0x00, 0x00, 0x00, 0x00, 0x00, 0x00, 0x00, 0x00, 0x00, 0x00,
    0x00, 0x00, 0x00, 0x00, 0x00, 0x00, 0x00, 0x7F, 0xFF, 0xC0, 0xBF, 0xFF, 0xF0, 0x0F, 0xFF, 0xF0,
    0x07, 0xFC, 0x00, 0x07, 0xFF, 0x00, 0x00, 0xFE, 0x00, 0x00, 0xBC, 0x00, 0x02, 0xFC, 0x00, 0x01,
    0xF8, 0x00, 0x00, 0x2F, 0x00, 0x02, 0xFC, 0x00, 0x03, 0xC0, 0x00, 0x00, 0x0B, 0x80, 0x02, 0xFC,
    0x00, 0x0F, 0x00, 0x00, 0x00, 0x02, 0xE0, 0x02, 0xFC, 0x00, 0x3C, 0x00, 0x00, 0x00, 0x00, 0xB8,
    0x02, 0xFC, 0x00, 0xF0, 0x00, 0x00, 0x00, 0x00, 0x2E, 0x02, 0xFC, 0x03, 0xC0, 0x00, 0x00, 0x00,
    0x00, 0x0B, 0x82, 0xFC, 0x0F, 0x00, 0x00, 0x00, 0x00, 0x00, 0x02, 0xE2, 0xFC, 0x3C, 0x00, 0x00,
    0x00, 0x00, 0x00, 0x00, 0xFA, 0xFD, 0xFC, 0x00, 0x00, 0x00, 0x00, 0x00, 0x03, 0xFF, 0xFF, 0xFE,
    0x00, 0x00, 0x00, 0x00, 0x00, 0x0B, 0xFF, 0xFF, 0xFF, 0x00, 0x00, 0x00, 0x00, 0x00, 0x2F, 0xFA,
    0xFC, 0xFF, 0xC0, 0x00, 0x00, 0x00, 0x00, 0x3F, 0xE2, 0xFC, 0x3F, 0xF0, 0x00, 0x00, 0x00, 0x00,
    0xFF, 0xC2, 0xFC, 0x0F, 0xFC, 0x00, 0x00, 0x00, 0x03, 0xFF, 0x02, 0xFC, 0x03, 0xFE, 0x00, 0x00,
    0x00, 0x0F, 0xFC, 0x02, 0xFC, 0x02, 0xFF, 0x40, 0x00, 0x00, 0x2F, 0xF0, 0x02, 0xFC, 0x00, 0xBF,
    0xC0, 0x00, 0x00, 0xBF, 0xE0, 0x02, 0xFC, 0x00, 0x3F, 0xF0, 0x00, 0x00, 0xFF, 0x80, 0x02, 0xFC,
    0x00, 0x0F, 0xFC, 0x00, 0x03, 0xFF, 0x00, 0x03, 0xFD, 0x00, 0x03, 0xFE, 0x00, 0x0F, 0xFE, 0x00,
    0x0B, 0xFF, 0x00, 0x03, 0xFF, 0x80, 0xFF, 0xFF, 0xF0, 0xFF, 0xFF, 0xF4, 0x3F, 0xFF, 0xF8, 0x00,
    0x00, 0x24, 0x00, 0x08, 0x00, 0x00, 0x00, 0x00, 0x2C, 0x00, 0x0C, 0x00, 0x00, 0x00, 0x00, 0x2E,
    0x00, 0x2C, 0x00, 0x00, 0x00, 0x00, 0x0F, 0x81, 0xFC, 0x00, 0x00, 0x00, 0x00, 0x0B, 0xFF, 0xF0,
    0x00, 0x00, 0x00, 0x00, 0x02, 0xFF, 0x80, 0x00, 0x00, 0x00, 0x00, 0x00, 0x00, 0x00, 0x00, 0x00,
    0x00, 0x00, 0x00, 0x00, 0x00, 0x00, 0x00, 0x00, 0x00, 0x00, 0x00, 0x00, 0x00, 0x00, 0x0B, 0xF8,
    0x02, 0xFF, 0xD0, 0x0F, 0xF8, 0x00, 0xF8, 0x00, 0x7F, 0x00, 0x0F, 0x80, 0x00, 0x3E, 0x00, 0x3F,
    0x00, 0x2E, 0x00, 0x00, 0x0F, 0x40, 0x3F, 0x00, 0xB8, 0x00, 0x00, 0x02, 0xE0, 0x3F, 0x02, 0xE0,
    0x00, 0x00, 0x00, 0xB8, 0x3F, 0x0F, 0x40, 0x00, 0x00, 0x00, 0x2E, 0x3F, 0x3C, 0x00, 0x00, 0x00,
    0x00, 0x2F, 0xFF, 0xFE, 0x00, 0x00, 0x00, 0x00, 0xBF, 0xBF, 0xBF, 0x40, 0x00, 0x00, 0x02, 0xFE,
    0x3F, 0x2F, 0xC0, 0x00, 0x00, 0x0B, 0xF8, 0x3F, 0x0F, 0xF0, 0x00, 0x00, 0x2F, 0xE0, 0x3F, 0x03,
    0xFC, 0x00, 0x00, 0x3F, 0xC0, 0x3F, 0x00, 0xFF, 0x00, 0x00, 0xFF, 0x00, 0x3F, 0x00, 0x3F, 0xC0,
    0x0B, 0xFC, 0x00, 0xBF, 0x00, 0x2F, 0xF0, 0x3F, 0xFF, 0x0B, 0xFF, 0xF0, 0xBF, 0xFE, 0x2A, 0x80,
    0x00, 0x00, 0x04, 0x3F, 0xD0, 0x00, 0x02, 0xFC, 0x3F, 0xD0, 0x00, 0x0F, 0xFC, 0x3F, 0xD0, 0x00,
    0x2F, 0xFC, 0x3F, 0xD0, 0x00, 0x3F, 0xD0, 0x3F, 0xD0, 0x00, 0xFF, 0x00, 0x3F, 0xD0, 0x02, 0xFE,
    0x00, 0x3F, 0xD0, 0x03, 0xFC, 0x00, 0x3F, 0xD0, 0x0B, 0xF8, 0x00, 0x3F, 0xD0, 0x0F, 0xF0, 0x00,
    0x3F, 0xD0, 0x3F, 0xE0, 0x00, 0x3F, 0xE2, 0xFF, 0x80, 0x00, 0x3F, 0xFF, 0xFF, 0x00, 0x00, 0x3F,
    0xFF, 0xFF, 0xF4, 0x00, 0x3F, 0xFF, 0xFF, 0xFF, 0x00, 0x3F, 0xEA, 0xAF, 0xFF, 0xC0, 0x3F, 0xD0,
    0x00, 0xFF, 0xE0, 0x3F, 0xD0, 0x00, 0x3F, 0xF4, 0x3F, 0xD0, 0x00, 0x0F, 0xFC, 0x3F, 0xD0, 0x00,
    0x0B, 0xFC, 0x3F, 0xD0, 0x00, 0x03, 0xFC, 0x3F, 0xD0, 0x00, 0x03, 0xFE, 0x3F, 0xD0, 0x00, 0x03,
    0xFE, 0x3F, 0xD0, 0x00, 0x03, 0xFD, 0x3F, 0xD0, 0x00, 0x03, 0xFC, 0x3F, 0xD0, 0x00, 0x0B, 0xFC,
    0x3F, 0xD0, 0x00, 0x0F, 0xF8, 0x2A, 0x80, 0x00, 0x2F, 0xF0, 0x00, 0x00, 0x00, 0xBF, 0xE0, 0x00,
    0x00, 0x3F, 0xFF, 0xC0, 0x00, 0x00, 0x3F, 0xFF, 0x00, 0x00, 0x00, 0x3F, 0xF8, 0x00, 0x00, 0x00,
    0x2A, 0x40, 0x00, 0x1A, 0x80, 0x00, 0x0A, 0x00, 0x3F, 0xC0, 0x00, 0xBF, 0x00, 0x3F, 0xC0, 0x02,
    0xFF, 0x00, 0x3F, 0xC0, 0x03, 0xFF, 0x00, 0x3F, 0xC0, 0x0F, 0xF0, 0x00, 0x3F, 0xC0, 0x2F, 0xE0,
    0x00, 0x3F, 0xC0, 0x3F, 0xC0, 0x00, 0x3F, 0xC0, 0xBF, 0x80, 0x00, 0x3F, 0xE6, 0xFF, 0x00, 0x00,
    0x3F, 0xFF, 0xFC, 0x00, 0x00, 0x3F, 0xFF, 0xFE, 0x00, 0x00, 0x3F, 0xFF, 0xFF, 0xE0, 0x00, 0x3F,
    0xE1, 0xBF, 0xF8, 0x00, 0x3F, 0xC0, 0x0B, 0xFC, 0x00, 0x3F, 0xC0, 0x02, 0xFE, 0x00, 0x3F, 0xC0,
    0x00, 0xFF, 0x00, 0x3F, 0xC0, 0x00, 0xFF, 0x00, 0x3F, 0xC0, 0x00, 0xFF, 0x00, 0x3F, 0xC0, 0x00,
    0xFF, 0x00, 0x3F, 0xC0, 0x00, 0xFF, 0x00, 0x1A, 0x80, 0x02, 0xFF, 0x00, 0x00, 0x00, 0x07, 0xFD,
    0x00, 0x00, 0x01, 0xFF, 0xF8, 0x00, 0x00, 0x01, 0xFF, 0xF0, 0x00, 0x00, 0x01, 0xFF, 0x80, 0x00,
    0x00, 0x00, 0xA4, 0x00, 0x00, 0x00, 0x00, 0xAA, 0xAA, 0xAA, 0xA8, 0x00, 0x00, 0x02, 0xFF, 0xFF,
    0xFF, 0xFC, 0x00, 0x00, 0x02, 0xFF, 0xFF, 0xFF, 0xFC, 0x00, 0x00, 0x02, 0xFF, 0xFF, 0xFF, 0xFC,
    0x00, 0x00, 0x02, 0xFD, 0x00, 0x03, 0xFC, 0x00, 0x00, 0x02, 0xFC, 0x00, 0x03, 0xFC, 0x00, 0x00,
    0x02, 0xFC, 0x00, 0x03, 0xFC, 0x00, 0x00, 0x02, 0xFC, 0x00, 0x03, 0xFC, 0x00, 0x00, 0x02, 0xFC,
    0x00, 0x03, 0xFC, 0x00, 0x00, 0x02, 0xFC, 0x00, 0x03, 0xFC, 0x00, 0x00, 0x02, 0xFC, 0x00, 0x03,
    0xFC, 0x00, 0x00, 0x02, 0xFC, 0x00, 0x03, 0xFC, 0x00, 0x00, 0x03, 0xFC, 0x00, 0x03, 0xFC, 0x00,
    0x00, 0x03, 0xFC, 0x00, 0x03, 0xFC, 0x00, 0x00, 0x03, 0xFC, 0x00, 0x03, 0xFC, 0x00, 0x00, 0x03,
    0xFC, 0x00, 0x03, 0xFC, 0x00, 0x00, 0x03, 0xFC, 0x00, 0x03, 0xFC, 0x00, 0x00, 0x03, 0xF8, 0x00,
    0x03, 0xFC, 0x00, 0x00, 0x03, 0xF8, 0x00, 0x03, 0xFC, 0x00, 0x00, 0x0B, 0xF8, 0x00, 0x03, 0xFC,
    0x00, 0x00, 0x0F, 0xF0, 0x00, 0x03, 0xFC, 0x00, 0x00, 0x0F, 0xF0, 0x00, 0x03, 0xFC, 0x00, 0x00,
    0x3F, 0xE0, 0x00, 0x03, 0xFC, 0x00, 0x02, 0xFF, 0xC0, 0x00, 0x03, 0xFE, 0x00, 0x3F, 0xFF, 0x00,
    0x00, 0x03, 0xFF, 0xF8, 0x3F, 0xFC, 0x00, 0x00, 0x03, 0xFF, 0xF0, 0x3F, 0xE0, 0x00, 0x00, 0x03,
    0xFF, 0xE0, 0x00, 0x00, 0x00, 0x00, 0x02, 0xBF, 0xC0, 0x00, 0x00, 0x00, 0x00, 0x00, 0x7F, 0xC0,
    0x00, 0x00, 0x00, 0x00, 0x00, 0xFF, 0x80, 0x00, 0x00, 0x00, 0x00, 0x00, 0xFF, 0x00, 0x00, 0x00,
    0x00, 0x00, 0x02, 0xFE, 0x00, 0x00, 0x00, 0x00, 0x00, 0x02, 0xA8, 0x00, 0x00, 0x0A, 0xAA, 0xAA,
    0xA8, 0x00, 0x00, 0x0F, 0xFF, 0xFF, 0xFC, 0x00, 0x00, 0x0F, 0xFF, 0xFF, 0xFC, 0x00, 0x00, 0x0F,
    0xFF, 0xFF, 0xFC, 0x00, 0x00, 0x0F, 0xF0, 0x03, 0xFC, 0x00, 0x00, 0x0F, 0xE0, 0x03, 0xFC, 0x00,
    0x00, 0x0F, 0xE0, 0x03, 0xFC, 0x00, 0x00, 0x0F, 0xE0, 0x03, 0xFC, 0x00, 0x00, 0x0F, 0xE0, 0x03,
    0xFC, 0x00, 0x00, 0x0F, 0xE0, 0x03, 0xFC, 0x00, 0x00, 0x0F, 0xE0, 0x03, 0xFC, 0x00, 0x00, 0x1F,
    0xD0, 0x03, 0xFC, 0x00, 0x00, 0x2F, 0xC0, 0x03, 0xFC, 0x00, 0x00, 0x2F, 0xC0, 0x03, 0xFC, 0x00,
    0x00, 0x3F, 0xC0, 0x03, 0xFC, 0x00, 0x00, 0xBF, 0x80, 0x03, 0xFC, 0x00, 0x02, 0xFF, 0x00, 0x03,
    0xFC, 0x00, 0x2F, 0xFE, 0x00, 0x03, 0xFF, 0xF0, 0x2F, 0xF8, 0x00, 0x03, 0xFF, 0xE0, 0x2F, 0xD0,
    0x00, 0x03, 0xFF, 0xC0, 0x04, 0x00, 0x00, 0x02, 0xFF, 0x80, 0x00, 0x00, 0x00, 0x00, 0xFF, 0x00,
    0x00, 0x00, 0x00, 0x00, 0xFF, 0x00, 0x00, 0x00, 0x00, 0x02, 0xFC, 0x00, 0x00, 0x00, 0x00, 0x03,
    0xFC, 0x00, 0x00, 0x00, 0x00, 0x02, 0xA0, 0x00, 0x2A, 0x80, 0x00, 0x00, 0x0A, 0xA0, 0x3F, 0xC0,
    0x00, 0x00, 0x0F, 0xF0, 0x3F, 0xC0, 0x00, 0x00, 0x0F, 0xF0, 0x3F, 0xC0, 0x00, 0x00, 0x0F, 0xF0,
    0x3F, 0xC0, 0x00, 0x00, 0x0F, 0xF0, 0x3F, 0xC0, 0x00, 0x00, 0x0F, 0xF0, 0x3F, 0xC0, 0x00, 0x00,
    0x0F, 0xF0, 0x3F, 0xC0, 0x00, 0x00, 0x0F, 0xF0, 0x3F, 0xC0, 0x00, 0x00, 0x0F, 0xF0, 0x3F, 0xC0,
    0x00, 0x00, 0x0F, 0xF0, 0x3F, 0xC0, 0x00, 0x00, 0x0F, 0xF0, 0x3F, 0xEA, 0xAA, 0xAA, 0xAF, 0xF0,
    0x3F, 0xFF, 0xFF, 0xFF, 0xFF, 0xF0, 0x3F, 0xFF, 0xFF, 0xFF, 0xFF, 0xF0, 0x3F, 0xFF, 0xFF, 0xFF,
    0xFF, 0xF0, 0x3F, 0xC0, 0x00, 0x00, 0x1F, 0xF0, 0x3F, 0xC0, 0x00, 0x00, 0x0F, 0xF0, 0x3F, 0xC0,
    0x00, 0x00, 0x0F, 0xF0, 0x3F, 0xC0, 0x00, 0x00, 0x0F, 0xF0, 0x3F, 0xC0, 0x00, 0x00, 0x0F, 0xF0,
    0x3F, 0xC0, 0x00, 0x00, 0x0F, 0xF0, 0x3F, 0xC0, 0x00, 0x00, 0x0F, 0xF0, 0x3F, 0xC0, 0x00, 0x00,
    0x0F, 0xF0, 0x3F, 0xC0, 0x00, 0x00, 0x0F, 0xF0, 0x3F, 0xC0, 0x00, 0x00, 0x0F, 0xF0, 0x3F, 0xC0,
    0x00, 0x00, 0x0F, 0xF0, 0x3F, 0xC0, 0x00, 0x00, 0x0F, 0xF0, 0x2A, 0x40, 0x00, 0x00, 0x0F, 0xF0,
    0x00, 0x00, 0x00, 0x00, 0x0F, 0xF0, 0x00, 0x00, 0x00, 0x00, 0x0F, 0xF0, 0x00, 0x00, 0x00, 0x00,
    0x0F, 0xF0, 0x00, 0x00, 0x00, 0x00, 0x0F, 0xF0, 0x00, 0x00, 0x00, 0x02, 0xFF, 0xE0, 0x00, 0x00,
    0x00, 0x03, 0xFF, 0xC0, 0x00, 0x00, 0x00, 0x03, 0xFE, 0x00, 0x00, 0x00, 0x00, 0x01, 0x40, 0x00,
    0x0A, 0x40, 0x00, 0x0A, 0x80, 0x3F, 0xC0, 0x00, 0x2F, 0xC0, 0x3F, 0xC0, 0x00, 0x2F, 0xC0, 0x3F,
    0xC0, 0x00, 0x2F, 0xC0, 0x3F, 0xC0, 0x00, 0x2F, 0xC0, 0x3F, 0xC0, 0x00, 0x2F, 0xC0, 0x3F, 0xC0,
    0x00, 0x2F, 0xC0, 0x3F, 0xC0, 0x00, 0x2F, 0xC0, 0x3F, 0xEA, 0xAA, 0xBF, 0xC0, 0x3F, 0xFF, 0xFF,
    0xFF, 0xC0, 0x3F, 0xFF, 0xFF, 0xFF, 0xC0, 0x3F, 0xFF, 0xFF, 0xFF, 0xC0, 0x3F, 0xC0, 0x00, 0x2F,
    0xC0, 0x3F, 0xC0, 0x00, 0x2F, 0xC0, 0x3F, 0xC0, 0x00, 0x2F, 0xC0, 0x3F, 0xC0, 0x00, 0x2F, 0xC0,
    0x3F, 0xC0, 0x00, 0x2F, 0xC0, 0x3F, 0xC0, 0x00, 0x2F, 0xC0, 0x3F, 0xC0, 0x00, 0x2F, 0xC0, 0x3F,
    0xC0, 0x00, 0x2F, 0xC0, 0x1A, 0x80, 0x00, 0x2F, 0xC0, 0x00, 0x00, 0x00, 0x2F, 0xC0, 0x00, 0x00,
    0x00, 0x2F, 0xC0, 0x00, 0x00, 0x00, 0x2F, 0xC0, 0x00, 0x00, 0x00, 0x3F, 0xC0, 0x00, 0x00, 0x0B,
    0xFF, 0xC0, 0x00, 0x00, 0x0F, 0xFF, 0x00, 0x00, 0x00, 0x0F, 0xFC, 0x00, 0x00, 0x00, 0x02, 0x00,
    0x00, 0x2A, 0x80, 0x00, 0x00, 0x2A, 0x80, 0x00, 0x3F, 0xD0, 0x00, 0x00, 0x3F, 0xE0, 0x00, 0x3F,
    0xD0, 0x00, 0x00, 0x3F, 0xE0, 0x00, 0x3F, 0xD0, 0x00, 0x00, 0x3F, 0xE0, 0x00, 0x3F, 0xD0, 0x00,
    0x00, 0x3F, 0xE0, 0x00, 0x3F, 0xD0, 0x00, 0x00, 0x3F, 0xE0, 0x00, 0x3F, 0xD0, 0x00, 0x00, 0x3F,
    0xE0, 0x00, 0x3F, 0xD0, 0x00, 0x00, 0x3F, 0xE0, 0x00, 0x3F, 0xD0, 0x00, 0x00, 0x3F, 0xE0, 0x00,
    0x3F, 0xD0, 0x00, 0x00, 0x3F, 0xE0, 0x00, 0x3F, 0xD0, 0x00, 0x00, 0x3F, 0xE0, 0x00, 0x3F, 0xEA,
    0xAA, 0xAA, 0xBF, 0xE0, 0x00, 0x3F, 0xFF, 0xFF, 0xFF, 0xFF, 0xE0, 0x00, 0x3F, 0xFF, 0xFF, 0xFF,
    0xFF, 0xE0, 0x00, 0x3F, 0xFF, 0xFF, 0xFF, 0xFF, 0xE0, 0x00, 0x3F, 0xE0, 0x00, 0x00, 0x3F, 0xE0,
    0x00, 0x3F, 0xD0, 0x00, 0x00, 0x3F, 0xE0, 0x00, 0x3F, 0xD0, 0x00, 0x00, 0x3F, 0xE0, 0x00, 0x3F,
    0xD0, 0x00, 0x00, 0x3F, 0xE0, 0x00, 0x3F, 0xD0, 0x00, 0x00, 0x3F, 0xE0, 0x00, 0x3F, 0xD0, 0x00,
    0x00, 0x3F, 0xE0, 0x00, 0x3F, 0xD0, 0x00, 0x00, 0x3F, 0xE0, 0x00, 0x3F, 0xD0, 0x00, 0x00, 0x3F,
    0xE0, 0x00, 0x3F, 0xD0, 0x00, 0x00, 0x3F, 0xE0, 0x00, 0x3F, 0xD0, 0x00, 0x00, 0x3F, 0xFF, 0xC0,
    0x3F, 0xD0, 0x00, 0x00, 0x3F, 0xFF, 0x40, 0x3F, 0xD0, 0x00, 0x00, 0x3F, 0xFF, 0x00, 0x2A, 0x80,
    0x00, 0x00, 0x2B, 0xFE, 0x00, 0x00, 0x00, 0x00, 0x00, 0x03, 0xFC, 0x00, 0x00, 0x00, 0x00, 0x00,
    0x0B, 0xF8, 0x00, 0x00, 0x00, 0x00, 0x00, 0x0F, 0xF0, 0x00, 0x00, 0x00, 0x00, 0x00, 0x2F, 0xF0,
    0x00, 0x00, 0x00, 0x00, 0x00, 0x2A, 0x80, 0x00, 0x1A, 0x80, 0x00, 0x1A, 0x80, 0x00, 0x3F, 0xC0,
    0x00, 0x2F, 0xD0, 0x00, 0x3F, 0xC0, 0x00, 0x2F, 0xD0, 0x00, 0x3F, 0xC0, 0x00, 0x2F, 0xD0, 0x00,
    0x3F, 0xC0, 0x00, 0x2F, 0xD0, 0x00, 0x3F, 0xC0, 0x00, 0x2F, 0xD0, 0x00, 0x3F, 0xC0, 0x00, 0x2F,
    0xD0, 0x00, 0x3F, 0xC0, 0x00, 0x2F, 0xD0, 0x00, 0x3F, 0xFA, 0xAA, 0xBF, 0xD0, 0x00, 0x3F, 0xFF,
    0xFF, 0xFF, 0xD0, 0x00, 0x3F, 0xFF, 0xFF, 0xFF, 0xD0, 0x00, 0x3F, 0xFA, 0xAA, 0xBF, 0xD0, 0x00,
    0x3F, 0xC0, 0x00, 0x2F, 0xD0, 0x00, 0x3F, 0xC0, 0x00, 0x2F, 0xD0, 0x00, 0x3F, 0xC0, 0x00, 0x2F,
    0xD0, 0x00, 0x3F, 0xC0, 0x00, 0x2F, 0xD0, 0x00, 0x3F, 0xC0, 0x00, 0x2F, 0xE0, 0x00, 0x3F, 0xC0,
    0x00, 0x2F, 0xFF, 0x40, 0x3F, 0xC0, 0x00, 0x2F, 0xFF, 0x00, 0x3F, 0xC0, 0x00, 0x2F, 0xFE, 0x00,
    0x1A, 0x80, 0x00, 0x1B, 0xFC, 0x00, 0x00, 0x00, 0x00, 0x0B, 0xF8, 0x00, 0x00, 0x00, 0x00, 0x0F,
    0xF0, 0x00, 0x00, 0x00, 0x00, 0x0F, 0xE0, 0x00, 0x00, 0x00, 0x00, 0x2F, 0xC0, 0x00, 0x00, 0x00,
    0x00, 0x2A, 0x80, 0x00, 0x2A, 0x80, 0x00, 0x01, 0xA8, 0x3F, 0xE0, 0x00, 0x02, 0xFE, 0x3F, 0xE0,
    0x00, 0x02, 0xFE, 0x3F, 0xE0, 0x00, 0x02, 0xFE, 0x3F, 0xE0, 0x00, 0x02, 0xFE, 0x3F, 0xE0, 0x00,
    0x02, 0xFE, 0x3F, 0xE0, 0x00, 0x02, 0xFE, 0x3F, 0xE0, 0x00, 0x02, 0xFE, 0x3F, 0xE0, 0x00, 0x02,
    0xFE, 0x3F, 0xE0, 0x00, 0x02, 0xFE, 0x3F, 0xE0, 0x00, 0x02, 0xFE, 0x3F, 0xE0, 0x00, 0x02, 0xFE,
    0x2F, 0xF0, 0x00, 0x02, 0xFE, 0x2F, 0xF4, 0x00, 0x07, 0xFE, 0x0F, 0xFE, 0xAA, 0xBF, 0xFE, 0x0B,
    0xFF, 0xFF, 0xFF, 0xFE, 0x02, 0xFF, 0xFF, 0xFF, 0xFE, 0x00, 0x7F, 0xFF, 0xFB, 0xFE, 0x00, 0x02,
    0xA8, 0x02, 0xFE, 0x00, 0x00, 0x00, 0x02, 0xFE, 0x00, 0x00, 0x00, 0x02, 0xFE, 0x00, 0x00, 0x00,
    0x02, 0xFE, 0x00, 0x00, 0x00, 0x02, 0xFE, 0x00, 0x00, 0x00, 0xAB, 0xFE, 0x00, 0x00, 0x00, 0xFF,
    0xFE, 0x00, 0x00, 0x00, 0xFF, 0xFE, 0x00, 0x00, 0x00, 0xFF, 0xFE, 0x00, 0x00, 0x00, 0xFF, 0xA8,
    0x00, 0x00, 0x00, 0xFF, 0x00, 0x00, 0x00, 0x00, 0xFF, 0x00, 0x00, 0x00, 0x00, 0xFF, 0x00, 0x00,
    0x00, 0x00, 0xFF, 0x00, 0x00, 0x00, 0x00, 0xAA, 0x00, 0x2A, 0x80, 0x00, 0xA9, 0x00, 0x3F, 0xC0,
    0x01, 0xFE, 0x00, 0x3F, 0xC0, 0x01, 0xFE, 0x00, 0x3F, 0xC0, 0x01, 0xFE, 0x00, 0x3F, 0xC0, 0x01,
    0xFE, 0x00, 0x3F, 0xC0, 0x01, 0xFE, 0x00, 0x3F, 0xC0, 0x01, 0xFE, 0x00, 0x3F, 0xC0, 0x01, 0xFE,
    0x00, 0x2F, 0xE0, 0x01, 0xFE, 0x00, 0x2F, 0xF0, 0x02, 0xFE, 0x00, 0x0F, 0xFE, 0xAF, 0xFE, 0x00,
    0x0B, 0xFF, 0xFF, 0xFE, 0x00, 0x03, 0xFF, 0xFF, 0xFE, 0x00, 0x00, 0x2F, 0xA2, 0xFE, 0x00, 0x00,
    0x00, 0x01, 0xFE, 0x00, 0x00, 0x00, 0x01, 0xFE, 0x00, 0x00, 0x00, 0xAA, 0xFE, 0x00, 0x00, 0x00,
    0xFF, 0xFE, 0x00, 0x00, 0x00, 0xFF, 0xFE, 0x00, 0x00, 0x00, 0xFF, 0xFE, 0x00, 0x00, 0x00, 0xFF,
    0xA9, 0x00, 0x00, 0x00, 0xFF, 0x00, 0x00, 0x00, 0x00, 0xFF, 0x00, 0x00, 0x00, 0x00, 0xFF, 0x00,
    0x00, 0x00, 0x00, 0xAA, 0x00, 0x00, 0x2A, 0xA4, 0x00, 0x00, 0x00, 0x2A, 0xA0, 0x00, 0x3F, 0xFC,
    0x00, 0x00, 0x00, 0xBF, 0xF0, 0x00, 0x3F, 0xFD, 0x00, 0x00, 0x00, 0xFF, 0xF0, 0x00, 0x3F, 0xFE,
    0x00, 0x00, 0x00, 0xFF, 0xF0, 0x00, 0x3F, 0xFF, 0x00, 0x00, 0x02, 0xFF, 0xF0, 0x00, 0x3F, 0xFF,
    0x80, 0x00, 0x03, 0xFF, 0xF0, 0x00, 0x3F, 0xFF, 0xC0, 0x00, 0x03, 0xFF, 0xF0, 0x00, 0x3F, 0xFF,
    0xC0, 0x00, 0x0B, 0xFF, 0xF0, 0x00, 0x3F, 0xFF, 0xE0, 0x00, 0x0F, 0xFF, 0xF0, 0x00, 0x3F, 0xEF,
    0xF0, 0x00, 0x2F, 0xEF, 0xF0, 0x00, 0x3F, 0xCF, 0xF0, 0x00, 0x3F, 0xCF, 0xF0, 0x00, 0x3F, 0xCB,
    0xF8, 0x00, 0x3F, 0x8F, 0xF0, 0x00, 0x3F, 0xC7, 0xFC, 0x00, 0xBF, 0x0F, 0xF0, 0x00, 0x3F, 0xC3,
    0xFC, 0x00, 0xFE, 0x0F, 0xF0, 0x00, 0x3F, 0xC2, 0xFE, 0x00, 0xFD, 0x0F, 0xF0, 0x00, 0x3F, 0xC0,
    0xFF, 0x02, 0xFC, 0x0F, 0xF0, 0x00, 0x3F, 0xC0, 0xFF, 0x43, 0xF8, 0x0F, 0xF0, 0x00, 0x3F, 0xC0,
    0xBF, 0x87, 0xF0, 0x0F, 0xF0, 0x00, 0x3F, 0xC0, 0x3F, 0xCB, 0xF0, 0x0F, 0xF0, 0x00, 0x3F, 0xC0,
    0x3F, 0xFF, 0xE0, 0x0F, 0xF0, 0x00, 0x3F, 0xC0, 0x2F, 0xFF, 0xC0, 0x0F, 0xF0, 0x00, 0x3F, 0xC0,
    0x0F, 0xFF, 0xC0, 0x0F, 0xF0, 0x00, 0x3F, 0xC0, 0x0F, 0xFF, 0x80, 0x0F, 0xF0, 0x00, 0x3F, 0xC0,
    0x0B, 0xFF, 0x00, 0x0F, 0xF0, 0x00, 0x3F, 0xC0, 0x03, 0xFE, 0x00, 0x0F, 0xFF, 0xD0, 0x3F, 0xC0,
    0x02, 0xA8, 0x00, 0x0F, 0xFF, 0xC0, 0x3F, 0xC0, 0x00, 0x00, 0x00, 0x0F, 0xFF, 0x80, 0x2A, 0x40,
    0x00, 0x00, 0x00, 0x0A, 0xFF, 0x00, 0x00, 0x00, 0x00, 0x00, 0x00, 0x02, 0xFE, 0x00, 0x00, 0x00,
    0x00, 0x00, 0x00, 0x03, 0xFC, 0x00, 0x00, 0x00, 0x00, 0x00, 0x00, 0x0B, 0xF8, 0x00, 0x00, 0x00,
    0x00, 0x00, 0x00, 0x0F, 0xF0, 0x00, 0x00, 0x00, 0x00, 0x00, 0x00, 0x0A, 0xA0, 0x00, 0x1A, 0x80,
    0x00, 0x00, 0x2A, 0x80, 0x00, 0x3F, 0xF0, 0x00, 0x00, 0xFF, 0xC0, 0x00, 0x3F, 0xF0, 0x00, 0x00,
    0xFF, 0xC0, 0x00, 0x3F, 0xF8, 0x00, 0x02, 0xFF, 0xC0, 0x00, 0x3F, 0xFC, 0x00, 0x03, 0xFF, 0xC0,
    0x00, 0x3F, 0xFD, 0x00, 0x0B, 0xFF, 0xC0, 0x00, 0x3F, 0xFE, 0x00, 0x0F, 0xFF, 0xC0, 0x00, 0x3F,
    0xFF, 0x00, 0x0F, 0xFF, 0xC0, 0x00, 0x3F, 0xFF, 0x80, 0x2F, 0xFF, 0xC0, 0x00, 0x3F, 0xFF, 0xC0,
    0x3F, 0x3F, 0xC0, 0x00, 0x3F, 0xAF, 0xC0, 0x3E, 0x3F, 0xC0, 0x00, 0x3F, 0x8F, 0xE0, 0xBC, 0x3F,
    0xC0, 0x00, 0x3F, 0x8F, 0xF0, 0xFC, 0x3F, 0xC0, 0x00, 0x3F, 0x8B, 0xFA, 0xF8, 0x3F, 0xC0, 0x00,
    0x3F, 0x83, 0xFF, 0xF0, 0x3F, 0xC0, 0x00, 0x3F, 0x82, 0xFF, 0xE0, 0x3F, 0xC0, 0x00, 0x3F, 0x81,
    0xFF, 0xD0, 0x3F, 0xC0, 0x00, 0x3F, 0x80, 0xFF, 0xC0, 0x3F, 0xFF, 0x00, 0x3F, 0x80, 0xBF, 0x80,
    0x3F, 0xFE, 0x00, 0x3F, 0x80, 0x00, 0x00, 0x3F, 0xFC, 0x00, 0x1A, 0x00, 0x00, 0x00, 0x2F, 0xF8,
    0x00, 0x00, 0x00, 0x00, 0x00, 0x0F, 0xF0, 0x00, 0x00, 0x00, 0x00, 0x00, 0x0F, 0xE0, 0x00, 0x00,
    0x00, 0x00, 0x00, 0x2F, 0xC0, 0x00, 0x00, 0x00, 0x00, 0x00, 0x3F, 0xC0, 0x00, 0x00, 0x00, 0x00,
    0x00, 0x2A, 0x00, 0x00, 0x00, 0x00, 0x3F, 0xC0, 0x3F, 0xC0, 0x3F, 0xC0, 0x3F, 0xC0, 0x3F, 0xC0,
    0x3F, 0xC0, 0x3F, 0xC0, 0x3F, 0xC0, 0x3F, 0xC0, 0x3F, 0xC0, 0x3F, 0xC0, 0x3F, 0xC0, 0x3F, 0xC0,
    0x3F, 0xC0, 0x3F, 0xC0, 0x3F, 0xC0, 0x3F, 0xC0, 0x3F, 0xC0, 0x3F, 0xC0, 0x2A, 0x80, 0x00, 0x00,
    0x00, 0x00, 0x00, 0x00, 0x00, 0x00, 0x00, 0xD0, 0x00, 0x30, 0x00, 0x00, 0x00, 0x00, 0xF0, 0x00,
    0xB0, 0x00, 0x00, 0x00, 0x00, 0xB8, 0x02, 0xE0, 0x00, 0x00, 0x00, 0x00, 0x3F, 0xFF, 0xC0, 0x00,
    0x00, 0x00, 0x00, 0x0F, 0xFF, 0x00, 0x00, 0x00, 0x00, 0x00, 0x02, 0xA4, 0x00, 0x00, 0x00, 0x00,
    0x00, 0x00, 0x00, 0x00, 0x00, 0x00, 0x00, 0x00, 0x00, 0x40, 0x00, 0x00, 0x00, 0x00, 0x00, 0x00,
    0xF0, 0x00, 0x00, 0x00, 0x00, 0x00, 0x02, 0xF0, 0x00, 0x00, 0x00, 0x00, 0x00, 0x03, 0xF8, 0x00,
    0x00, 0x00, 0x00, 0x00, 0x03, 0xFC, 0x00, 0x00, 0x00, 0x00, 0x00, 0x0B, 0xFE, 0x00, 0x00, 0x00,
    0x00, 0x00, 0x0F, 0xFF, 0x00, 0x00, 0x00, 0x00, 0x00, 0x2C, 0xBF, 0x40, 0x00, 0x00, 0x00, 0x00,
    0x3C, 0x3F, 0xC0, 0x00, 0x00, 0x00, 0x00, 0x78, 0x2F, 0xC0, 0x00, 0x00, 0x00, 0x00, 0xF0, 0x0F,
    0xE0, 0x00, 0x00, 0x00, 0x00, 0xE0, 0x0F, 0xF0, 0x00, 0x00, 0x00, 0x02, 0xC0, 0x03, 0xF8, 0x00,
    0x00, 0x00, 0x03, 0xC0, 0x03, 0xFC, 0x00, 0x00, 0x00, 0x0B, 0x40, 0x02, 0xFE, 0x00, 0x00, 0x00,
    0x0F, 0xAA, 0xAA, 0xFF, 0x00, 0x00, 0x00, 0x1F, 0xFF, 0xFF, 0xFF, 0x00, 0x00, 0x00, 0x3C, 0x00,
    0x00, 0xBF, 0xC0, 0x00, 0x00, 0x38, 0x00, 0x00, 0x3F, 0xC0, 0x00, 0x00, 0xB0, 0x00, 0x00, 0x2F,
    0xE0, 0x00, 0x00, 0xF0, 0x00, 0x00, 0x0F, 0xF0, 0x00, 0x02, 0xE0, 0x00, 0x00, 0x0B, 0xF8, 0x00,
    0x03, 0xD0, 0x00, 0x00, 0x07, 0xFC, 0x00, 0x0F, 0xE0, 0x00, 0x00, 0x0B, 0xFF, 0x00, 0xBF, 0xFE,
    0x00, 0x00, 0xFF, 0xFF, 0xE0, 0x00, 0x00, 0x00, 0x00, 0x0B, 0x00, 0x03, 0x80, 0x07, 0x80, 0x0B,
    0x00, 0x03, 0xE0, 0x2F, 0x00, 0x02, 0xFF, 0xFE, 0x00, 0x00, 0xBF, 0xF8, 0x00, 0x00, 0x00, 0x00,
    0x00, 0x00, 0x00, 0x00, 0x00, 0x00, 0x2A, 0x90, 0x00, 0x0B, 0xE2, 0xFC, 0x00, 0x2F, 0x00, 0xBE,
    0x00, 0x3F, 0x00, 0x3F, 0x00, 0x3F, 0x00, 0x3F, 0x00, 0x2E, 0x00, 0x3F, 0x00, 0x00, 0x00, 0xBF,
    0x00, 0x00, 0x0B, 0xBF, 0x00, 0x00, 0xF8, 0x3F, 0x00, 0x0B, 0xC0, 0x3F, 0x00, 0x2F, 0x00, 0x3F,
    0x00, 0x3E, 0x00, 0x3F, 0x00, 0xBE, 0x00, 0x3F, 0x00, 0xBF, 0x00, 0x3F, 0x00, 0xBF, 0x82, 0xFF,
    0x88, 0x3F, 0xFF, 0x2F, 0xFC, 0x0F, 0xF8, 0x0F, 0xE0, 0x00, 0x00, 0x00, 0x00, 0x00, 0x00, 0x00,
    0x00, 0x00, 0x00, 0x00, 0x00, 0x00, 0xFC, 0x03, 0xF0, 0x00, 0x00, 0x00, 0x02, 0xFC, 0x07, 0xF0,
    0x00, 0x00, 0x00, 0x00, 0xFC, 0x03, 0xF0, 0x00, 0x00, 0x00, 0x00, 0x20, 0x00, 0x80, 0x00, 0x00,
    0x00, 0x00, 0x00, 0x00, 0x00, 0x00, 0x00, 0x00, 0x00, 0x00, 0x40, 0x00, 0x00, 0x00, 0x00, 0x00,
    0x00, 0xF0, 0x00, 0x00, 0x00, 0x00, 0x00, 0x02, 0xF0, 0x00, 0x00, 0x00, 0x00, 0x00, 0x03, 0xF8,
    0x00, 0x00, 0x00, 0x00, 0x00, 0x03, 0xFC, 0x00, 0x00, 0x00, 0x00, 0x00, 0x0B, 0xFE, 0x00, 0x00,
    0x00, 0x00, 0x00, 0x0F, 0xFF, 0x00, 0x00, 0x00, 0x00, 0x00, 0x2C, 0xBF, 0x40, 0x00, 0x00, 0x00,
    0x00, 0x3C, 0x3F, 0xC0, 0x00, 0x00, 0x00, 0x00, 0x78, 0x2F, 0xC0, 0x00, 0x00, 0x00, 0x00, 0xF0,
    0x0F, 0xE0, 0x00, 0x00, 0x00, 0x00, 0xE0, 0x0F, 0xF0, 0x00, 0x00, 0x00, 0x02, 0xC0, 0x03, 0xF8,
    0x00, 0x00, 0x00, 0x03, 0xC0, 0x03, 0xFC, 0x00, 0x00, 0x00, 0x0B, 0x40, 0x02, 0xFE, 0x00, 0x00,
    0x00, 0x0F, 0xAA, 0xAA, 0xFF, 0x00, 0x00, 0x00, 0x1F, 0xFF, 0xFF, 0xFF, 0x00, 0x00, 0x00, 0x3C,
    0x00, 0x00, 0xBF, 0xC0, 0x00, 0x00, 0x38, 0x00, 0x00, 0x3F, 0xC0, 0x00, 0x00, 0xB0, 0x00, 0x00,
    0x2F, 0xE0, 0x00, 0x00, 0xF0, 0x00, 0x00, 0x0F, 0xF0, 0x00, 0x02, 0xE0, 0x00, 0x00, 0x0B, 0xF8,
    0x00, 0x03, 0xD0, 0x00, 0x00, 0x07, 0xFC, 0x00, 0x0F, 0xE0, 0x00, 0x00, 0x0B, 0xFF, 0x00, 0xBF,
    0xFE, 0x00, 0x00, 0xFF, 0xFF, 0xE0, 0x00, 0x00, 0x00, 0x00, 0x0F, 0xC0, 0x3F, 0x00, 0x2F, 0xC0,
    0x7F, 0x00, 0x0F, 0xC0, 0x3F, 0x00, 0x01, 0x00, 0x04, 0x00, 0x00, 0x00, 0x00, 0x00, 0x00, 0x00,
    0x00, 0x00, 0x00, 0x2A, 0x90, 0x00, 0x0B, 0xE2, 0xFC, 0x00, 0x2F, 0x00, 0xBE, 0x00, 0x3F, 0x00,
    0x3F, 0x00, 0x3F, 0x00, 0x3F, 0x00, 0x2E, 0x00, 0x3F, 0x00, 0x00, 0x00, 0xBF, 0x00, 0x00, 0x0B,
    0xBF, 0x00, 0x00, 0xF8, 0x3F, 0x00, 0x0B, 0xC0, 0x3F, 0x00, 0x2F, 0x00, 0x3F, 0x00, 0x3E, 0x00,
    0x3F, 0x00, 0xBE, 0x00, 0x3F, 0x00, 0xBF, 0x00, 0x3F, 0x00, 0xBF, 0x82, 0xFF, 0x88, 0x3F, 0xFF,
    0x2F, 0xFC, 0x0F, 0xF8, 0x0F, 0xE0, 0x00, 0x00, 0x00, 0x00, 0x00, 0x00, 0x00, 0x00, 0x00, 0x00,
    0x00, 0x00, 0x00, 0x00, 0x3F, 0xFF, 0xFF, 0xFF, 0xFF, 0xE0, 0x00, 0x00, 0x00, 0xFF, 0xFA, 0xAA,
    0xAF, 0xE0, 0x00, 0x00, 0x00, 0xFF, 0xF0, 0x00, 0x02, 0xE0, 0x00, 0x00, 0x00, 0xFB, 0xF0, 0x00,
    0x00, 0xE0, 0x00, 0x00, 0x03, 0xCB, 0xF0, 0x00, 0x00, 0xA0, 0x00, 0x00, 0x03, 0xCB, 0xF0, 0x00,
    0x00, 0x00, 0x00, 0x00, 0x0F, 0x0B, 0xF0, 0x00, 0x00, 0x00, 0x00, 0x00, 0x0F, 0x0B, 0xF0, 0x00,
    0x02, 0x00, 0x00, 0x00, 0x3C, 0x0B, 0xF0, 0x00, 0x0A, 0x00, 0x00, 0x00, 0x38, 0x0B, 0xF0, 0x00,
    0x0E, 0x00, 0x00, 0x00, 0xF0, 0x0B, 0xF9, 0x5A, 0xBE, 0x00, 0x00, 0x00, 0xE0, 0x0B, 0xFF, 0xFF,
    0xFE, 0x00, 0x00, 0x03, 0xC0, 0x0B, 0xF0, 0x00, 0x2E, 0x00, 0x00, 0x03, 0xFF, 0xFF, 0xF0, 0x00,
    0x0E, 0x00, 0x00, 0x0F, 0xAA, 0xAF, 0xF0, 0x00, 0x0A, 0x00, 0x00, 0x0F, 0x00, 0x0B, 0xF0, 0x00,
    0x02, 0x00, 0x00, 0x3C, 0x00, 0x0B, 0xF0, 0x00, 0x00, 0x00, 0x00, 0x3C, 0x00, 0x0B, 0xF0, 0x00,
    0x00, 0x00, 0x00, 0xF0, 0x00, 0x0B, 0xF0, 0x00, 0x00, 0x0C, 0x01, 0xF0, 0x00, 0x0B, 0xF0, 0x00,
    0x00, 0x2C, 0x03, 0xD0, 0x00, 0x0B, 0xF0, 0x00, 0x00, 0xB8, 0x0B, 0xC0, 0x00, 0x0F, 0xF0, 0x00,
    0x02, 0xF4, 0x1F, 0xD0, 0x00, 0x2F, 0xFE, 0xAA, 0xFF, 0xF0, 0xFF, 0xFD, 0x03, 0xFF, 0xFF, 0xFF,
    0xFF, 0xF0, 0x00, 0x00, 0x00, 0x00, 0x00, 0x00, 0x00, 0xBF, 0xE0, 0x2F, 0xE0, 0x00, 0x0B, 0xC0,
    0xFE, 0xE0, 0xFD, 0x00, 0x2F, 0x40, 0xBF, 0x80, 0x3F, 0x00, 0x3F, 0x00, 0x3F, 0x00, 0x2F, 0x80,
    0x3F, 0x00, 0x3F, 0x00, 0x1F, 0xC0, 0x0E, 0x00, 0x3F, 0xAA, 0xAF, 0xC0, 0x00, 0x00, 0xBF, 0xFF,
    0xFF, 0xC0, 0x00, 0x0B, 0xFF, 0x00, 0x00, 0x00, 0x00, 0xF8, 0x3F, 0x00, 0x00, 0x00, 0x0B, 0xC0,
    0x3F, 0x00, 0x00, 0x00, 0x3F, 0x00, 0x3F, 0x00, 0x00, 0x00, 0x7E, 0x00, 0x3F, 0x00, 0x00, 0x20,
    0xBE, 0x00, 0x3F, 0x80, 0x00, 0xC0, 0xBF, 0x00, 0x3F, 0xE0, 0x03, 0xC0, 0xBF, 0x80, 0xBF, 0xFE,
    0xAF, 0x00, 0x3F, 0xFF, 0xC3, 0xFF, 0xFC, 0x00, 0x0B, 0xFD, 0x00, 0xBF, 0xE0, 0x00, 0x00, 0x00,
    0x00, 0x00, 0x00, 0x00, 0x00, 0x00, 0x00, 0x00, 0x00, 0x00, 0x00, 0x0C, 0x00, 0x03, 0x00, 0x00,
    0x00, 0x0E, 0x00, 0x0F, 0x00, 0x00, 0x00, 0x0B, 0x80, 0x2E, 0x00, 0x00, 0x00, 0x03, 0xFA, 0xFC,
    0x00, 0x00, 0x00, 0x02, 0xFF, 0xF0, 0x00, 0x00, 0x00, 0x00, 0x2A, 0x80, 0x00, 0x00, 0x00, 0x00,
    0x00, 0x00, 0x00, 0x00, 0x00, 0x00, 0x00, 0x00, 0x00, 0x00, 0xBF, 0xFF, 0xFF, 0xFF, 0xFE, 0x00,
    0x03, 0xFF, 0xAA, 0xAB, 0xFE, 0x00, 0x02, 0xFE, 0x00, 0x00, 0x3E, 0x00, 0x02, 0xFC, 0x00, 0x00,
    0x0E, 0x00, 0x02, 0xFC, 0x00, 0x00, 0x0A, 0x00, 0x02, 0xFC, 0x00, 0x00, 0x00, 0x00, 0x02, 0xFC,
    0x00, 0x00, 0x00, 0x00, 0x02, 0xFC, 0x00, 0x00, 0x20, 0x00, 0x02, 0xFC, 0x00, 0x00, 0xA0, 0x00,
    0x02, 0xFC, 0x00, 0x00, 0xE0, 0x00, 0x02, 0xFE, 0xAA, 0xAF, 0xE0, 0x00, 0x02, 0xFF, 0xFF, 0xFF,
    0xE0, 0x00, 0x02, 0xFE, 0x00, 0x0B, 0xE0, 0x00, 0x02, 0xFC, 0x00, 0x00, 0xE0, 0x00, 0x02, 0xFC,
    0x00, 0x00, 0xA0, 0x00, 0x02, 0xFC, 0x00, 0x00, 0x20, 0x00, 0x02, 0xFC, 0x00, 0x00, 0x00, 0x00,
    0x02, 0xFC, 0x00, 0x00, 0x00, 0x00, 0x02, 0xFC, 0x00, 0x00, 0x00, 0xD0, 0x02, 0xFC, 0x00, 0x00,
    0x02, 0xC0, 0x02, 0xFC, 0x00, 0x00, 0x0B, 0xC0, 0x02, 0xFE, 0x00, 0x00, 0x2F, 0x80, 0x0B, 0xFF,
    0xAA, 0xAF, 0xFF, 0x00, 0xBF, 0xFF, 0xFF, 0xFF, 0xFF, 0x00, 0x02, 0x00, 0x00, 0x80, 0x03, 0x40,
    0x02, 0xC0, 0x03, 0xC0, 0x03, 0xC0, 0x02, 0xF4, 0x2F, 0x40, 0x00, 0xFF, 0xFF, 0x00, 0x00, 0x2F,
    0xF8, 0x00, 0x00, 0x00, 0x00, 0x00, 0x00, 0x00, 0x00, 0x00, 0x00, 0x0A, 0xA0, 0x00, 0x00, 0xFF,
    0xFF, 0x00, 0x03, 0xC0, 0x2F, 0xC0, 0x0F, 0x00, 0x0F, 0xE0, 0x1F, 0x00, 0x0B, 0xF0, 0x3F, 0x00,
    0x0B, 0xF0, 0x3F, 0xFF, 0xFF, 0xF8, 0x3E, 0x00, 0x00, 0x00, 0x3E, 0x00, 0x00, 0x00, 0x3F, 0x00,
    0x00, 0x00, 0x3F, 0x00, 0x00, 0x00, 0x3F, 0x80, 0x00, 0x0C, 0x2F, 0xC0, 0x00, 0x28, 0x0F, 0xF0,
    0x00, 0xB0, 0x0B, 0xFE, 0x5B, 0xD0, 0x03, 0xFF, 0xFF, 0x40, 0x00, 0xBF, 0xF8, 0x00, 0x00, 0x00,
    0x00, 0x00, 0x00, 0x00, 0x0A, 0xA4, 0x00, 0x00, 0x00, 0x02, 0xFF, 0xFF, 0x80, 0x00, 0x00, 0x0F,
    0xFF, 0xFF, 0xF4, 0x00, 0x00, 0x7F, 0xFF, 0xFF, 0xFD, 0x00, 0x00, 0xFE, 0x82, 0xFF, 0xFF, 0x00,
    0x03, 0xF0, 0x00, 0x0F, 0xFF, 0x80, 0x0F, 0x80, 0x00, 0x03, 0xFF, 0xC0, 0x0E, 0x00, 0x00, 0x00,
    0xFF, 0xE0, 0x3C, 0x00, 0x00, 0x00, 0x3F, 0xF0, 0x20, 0x00, 0x00, 0x00, 0x3F, 0xF0, 0x00, 0x00,
    0x00, 0x00, 0x1F, 0xF0, 0x00, 0x00, 0x00, 0x00, 0x0F, 0xF8, 0x00, 0x00, 0x00, 0x00, 0x0F, 0xF8,
    0x00, 0x00, 0x00, 0x00, 0x0B, 0xF8, 0x00, 0x00, 0x00, 0x00, 0x0B, 0xF4, 0x00, 0x00, 0x00, 0x00,
    0x0B, 0xF0, 0x0F, 0xFF, 0xFF, 0xFF, 0xFF, 0xF0, 0x0F, 0xFE, 0xAA, 0xAA, 0xAF, 0xF0, 0x0B, 0xFC,
    0x00, 0x00, 0x0F, 0xC0, 0x0B, 0xFC, 0x00, 0x00, 0x0F, 0xC0, 0x03, 0xFE, 0x00, 0x00, 0x2F, 0x00,
    0x02, 0xFF, 0x00, 0x00, 0x3E, 0x00, 0x00, 0xBF, 0xE0, 0x01, 0xF8, 0x00, 0x00, 0x2F, 0xFE, 0xAF,
    0xE0, 0x00, 0x00, 0x03, 0xFF, 0xFE, 0x00, 0x00, 0x00, 0x00, 0x1A, 0x80, 0x00, 0x00, 0x00, 0x0A,
    0xA4, 0x00, 0x00, 0xBF, 0xFF, 0x00, 0x03, 0xFF, 0xFF, 0xC0, 0x0F, 0x80, 0x3F, 0xF0, 0x2C, 0x00,
    0x0B, 0xF4, 0x30, 0x00, 0x03, 0xFC, 0x20, 0x00, 0x01, 0xFC, 0x00, 0x00, 0x00, 0xFC, 0x00, 0x00,
    0x00, 0xFC, 0x00, 0x00, 0x00, 0xBC, 0x05, 0x55, 0x55, 0xFC, 0x2F, 0xFF, 0xFF, 0xFC, 0x2F, 0xC0,
    0x00, 0xF8, 0x0F, 0xE0, 0x00, 0xF0, 0x0B, 0xF0, 0x02, 0xC0, 0x03, 0xFD, 0x0B, 0x80, 0x00, 0xBF,
    0xFC, 0x00, 0x00, 0x00, 0x00, 0x00, 0x00, 0x00, 0x00, 0x00, 0x00, 0x00, 0x00, 0x07, 0xE0, 0x0F,
    0xC0, 0x00, 0x00, 0x0B, 0xF0, 0x2F, 0xC0, 0x00, 0x00, 0x0B, 0xF0, 0x0F, 0xC0, 0x00, 0x00, 0x00,
    0x00, 0x01, 0x00, 0x00, 0x00, 0x00, 0x00, 0x00, 0x00, 0x00, 0x00, 0x00, 0x00, 0x00, 0x00, 0x00,
    0x00, 0x00, 0x00, 0x00, 0x00, 0x00, 0x00, 0x00, 0x0A, 0xA4, 0x00, 0x00, 0x00, 0x02, 0xFF, 0xFF,
    0x80, 0x00, 0x00, 0x0F, 0xFF, 0xFF, 0xF4, 0x00, 0x00, 0x7F, 0xFF, 0xFF, 0xFD, 0x00, 0x00, 0xFE,
    0x82, 0xFF, 0xFF, 0x00, 0x03, 0xF0, 0x00, 0x0F, 0xFF, 0x80, 0x0F, 0x80, 0x00, 0x03, 0xFF, 0xC0,
    0x0E, 0x00, 0x00, 0x00, 0xFF, 0xE0, 0x3C, 0x00, 0x00, 0x00, 0x3F, 0xF0, 0x20, 0x00, 0x00, 0x00,
    0x3F, 0xF0, 0x00, 0x00, 0x00, 0x00, 0x1F, 0xF0, 0x00, 0x00, 0x00, 0x00, 0x0F, 0xF8, 0x00, 0x00,
    0x00, 0x00, 0x0F, 0xF8, 0x00, 0x00, 0x00, 0x00, 0x0B, 0xF8, 0x00, 0x00, 0x00, 0x00, 0x0B, 0xF4,
    0x00, 0x00, 0x00, 0x00, 0x0B, 0xF0, 0x0F, 0xFF, 0xFF, 0xFF, 0xFF, 0xF0, 0x0F, 0xFE, 0xAA, 0xAA,
    0xAF, 0xF0, 0x0B, 0xFC, 0x00, 0x00, 0x0F, 0xC0, 0x0B, 0xFC, 0x00, 0x00, 0x0F, 0xC0, 0x03, 0xFE,
    0x00, 0x00, 0x2F, 0x00, 0x02, 0xFF, 0x00, 0x00, 0x3E, 0x00, 0x00, 0xBF, 0xE0, 0x01, 0xF8, 0x00,
    0x00, 0x2F, 0xFE, 0xAF, 0xE0, 0x00, 0x00, 0x03, 0xFF, 0xFE, 0x00, 0x00, 0x00, 0x00, 0x1A, 0x80,
    0x00, 0x00, 0x00, 0x40, 0x02, 0x00, 0x03, 0xF0, 0x0F, 0xC0, 0x0B, 0xF0, 0x0F, 0xC0, 0x03, 0xF0,
    0x0F, 0xC0, 0x00, 0x00, 0x00, 0x00, 0x00, 0x00, 0x00, 0x00, 0x00, 0x00, 0x00, 0x00, 0x00, 0x00,
    0x00, 0x00, 0x00, 0x0A, 0xA4, 0x00, 0x00, 0xBF, 0xFF, 0x00, 0x03, 0xFF, 0xFF, 0xC0, 0x0F, 0x80,
    0x3F, 0xF0, 0x2C, 0x00, 0x0B, 0xF4, 0x30, 0x00, 0x03, 0xFC, 0x20, 0x00, 0x01, 0xFC, 0x00, 0x00,
    0x00, 0xFC, 0x00, 0x00, 0x00, 0xFC, 0x00, 0x00, 0x00, 0xBC, 0x05, 0x55, 0x55, 0xFC, 0x2F, 0xFF,
    0xFF, 0xFC, 0x2F, 0xC0, 0x00, 0xF8, 0x0F, 0xE0, 0x00, 0xF0, 0x0B, 0xF0, 0x02, 0xC0, 0x03, 0xFD,
    0x0B, 0x80, 0x00, 0xBF, 0xFC, 0x00, 0x00, 0x00, 0x00, 0x00, 0x00, 0x00, 0x00, 0x00, 0x00, 0x00,
    0x00, 0x00, 0x00, 0x00, 0x00, 0x00, 0xBC, 0x02, 0xF0, 0x00, 0x00, 0x00, 0x00, 0x00, 0x00, 0xFE,
    0x03, 0xF8, 0x00, 0x00, 0x00, 0x00, 0x00, 0x00, 0xFD, 0x03, 0xF8, 0x00, 0x00, 0x00, 0x00, 0x00,
    0x00, 0x28, 0x00, 0xA0, 0x00, 0x00, 0x00, 0x00, 0x00, 0x00, 0x00, 0x00, 0x00, 0x00, 0x00, 0x00,
    0x00, 0x00, 0x00, 0x00, 0x00, 0x00, 0x00, 0x00, 0x00, 0x7F, 0xFF, 0xC0, 0xBF, 0xFF, 0xF0, 0x0F,
    0xFF, 0xF0, 0x07, 0xFC, 0x00, 0x07, 0xFF, 0x00, 0x00, 0xFE, 0x00, 0x00, 0xBC, 0x00, 0x02, 0xFC,
    0x00, 0x01, 0xF8, 0x00, 0x00, 0x2F, 0x00, 0x02, 0xFC, 0x00, 0x03, 0xC0, 0x00, 0x00, 0x0B, 0x80,
    0x02, 0xFC, 0x00, 0x0F, 0x00, 0x00, 0x00, 0x02, 0xE0, 0x02, 0xFC, 0x00, 0x3C, 0x00, 0x00, 0x00,
    0x00, 0xB8, 0x02, 0xFC, 0x00, 0xF0, 0x00, 0x00, 0x00, 0x00, 0x2E, 0x02, 0xFC, 0x03, 0xC0, 0x00,
    0x00, 0x00, 0x00, 0x0B, 0x82, 0xFC, 0x0F, 0x00, 0x00, 0x00, 0x00, 0x00, 0x02, 0xE2, 0xFC, 0x3C,
    0x00, 0x00, 0x00, 0x00, 0x00, 0x00, 0xFA, 0xFD, 0xFC, 0x00, 0x00, 0x00, 0x00, 0x00, 0x03, 0xFF,
    0xFF, 0xFE, 0x00, 0x00, 0x00, 0x00, 0x00, 0x0B, 0xFF, 0xFF, 0xFF, 0x00, 0x00, 0x00, 0x00, 0x00,
    0x2F, 0xFA, 0xFC, 0xFF, 0xC0, 0x00, 0x00, 0x00, 0x00, 0x3F, 0xE2, 0xFC, 0x3F, 0xF0, 0x00, 0x00,
    0x00, 0x00, 0xFF, 0xC2, 0xFC, 0x0F, 0xFC, 0x00, 0x00, 0x00, 0x03, 0xFF, 0x02, 0xFC, 0x03, 0xFE,
    0x00, 0x00, 0x00, 0x0F, 0xFC, 0x02, 0xFC, 0x02, 0xFF, 0x40, 0x00, 0x00, 0x2F, 0xF0, 0x02, 0xFC,
    0x00, 0xBF, 0xC0, 0x00, 0x00, 0xBF, 0xE0, 0x02, 0xFC, 0x00, 0x3F, 0xF0, 0x00, 0x00, 0xFF, 0x80,
    0x02, 0xFC, 0x00, 0x0F, 0xFC, 0x00, 0x03, 0xFF, 0x00, 0x03, 0xFD, 0x00, 0x03, 0xFE, 0x00, 0x0F,
    0xFE, 0x00, 0x0B, 0xFF, 0x00, 0x03, 0xFF, 0x80, 0xFF, 0xFF, 0xF0, 0xFF, 0xFF, 0xF4, 0x3F, 0xFF,
    0xF8, 0x00, 0x00, 0x00, 0x00, 0x00, 0x00, 0x00, 0x00, 0x00, 0x2F, 0x00, 0x7C, 0x00, 0x00, 0x00,
    0x00, 0x3F, 0x80, 0xFE, 0x00, 0x00, 0x00, 0x00, 0x3F, 0x80, 0xFE, 0x00, 0x00, 0x00, 0x00, 0x0A,
    0x00, 0x28, 0x00, 0x00, 0x00, 0x00, 0x00, 0x00, 0x00, 0x00, 0x00, 0x00, 0x00, 0x00, 0x00, 0x00,
    0x00, 0x00, 0x00, 0x00, 0x00, 0x00, 0x00, 0x00, 0x00, 0x00, 0x00, 0x00, 0x00, 0x00, 0x00, 0x00,
    0x0B, 0xF8, 0x02, 0xFF, 0xD0, 0x0F, 0xF8, 0x00, 0xF8, 0x00, 0x7F, 0x00, 0x0F, 0x80, 0x00, 0x3E,
    0x00, 0x3F, 0x00, 0x2E, 0x00, 0x00, 0x0F, 0x40, 0x3F, 0x00, 0xB8, 0x00, 0x00, 0x02, 0xE0, 0x3F,
    0x02, 0xE0, 0x00, 0x00, 0x00, 0xB8, 0x3F, 0x0F, 0x40, 0x00, 0x00, 0x00, 0x2E, 0x3F, 0x3C, 0x00,
    0x00, 0x00, 0x00, 0x2F, 0xFF, 0xFE, 0x00, 0x00, 0x00, 0x00, 0xBF, 0xBF, 0xBF, 0x40, 0x00, 0x00,
    0x02, 0xFE, 0x3F, 0x2F, 0xC0, 0x00, 0x00, 0x0B, 0xF8, 0x3F, 0x0F, 0xF0, 0x00, 0x00, 0x2F, 0xE0,
    0x3F, 0x03, 0xFC, 0x00, 0x00, 0x3F, 0xC0, 0x3F, 0x00, 0xFF, 0x00, 0x00, 0xFF, 0x00, 0x3F, 0x00,
    0x3F, 0xC0, 0x0B, 0xFC, 0x00, 0xBF, 0x00, 0x2F, 0xF0, 0x3F, 0xFF, 0x0B, 0xFF, 0xF0, 0xBF, 0xFE,
    0x00, 0x00, 0x00, 0x00, 0x00, 0x00, 0x00, 0x3F, 0x00, 0xFC, 0x00, 0x00, 0x00, 0x7F, 0x00, 0xFD,
    0x00, 0x00, 0x00, 0x3F, 0x00, 0xFC, 0x00, 0x00, 0x00, 0x08, 0x00, 0x20, 0x00, 0x00, 0x00, 0x00,
    0x00, 0x00, 0x00, 0x00, 0x08, 0x00, 0x1A, 0x40, 0x00, 0x00, 0x0C, 0x2F, 0xFF, 0xFE, 0x00, 0x00,
    0x0F, 0xFD, 0x00, 0xBF, 0xC0, 0x00, 0x0F, 0xE0, 0x00, 0x0F, 0xF0, 0x00, 0x0F, 0x80, 0x00, 0x0B,
    0xF8, 0x00, 0x1F, 0x00, 0x00, 0x03, 0xFC, 0x00, 0x2C, 0x00, 0x00, 0x03, 0xFC, 0x00, 0x2C, 0x00,
    0x00, 0x03, 0xFC, 0x00, 0x10, 0x00, 0x00, 0x03, 0xF8, 0x00, 0x00, 0x00, 0x00, 0x0B, 0xF0, 0x00,
    0x00, 0x00, 0x00, 0x2F, 0xC0, 0x00, 0x00, 0x00, 0x0A, 0xFE, 0x00, 0x00, 0x00, 0x02, 0xFF, 0xF8,
    0x00, 0x00, 0x00, 0x00, 0x0A, 0xFF, 0xC0, 0x00, 0x00, 0x00, 0x00, 0x0F, 0xF8, 0x00, 0x00, 0x00,
    0x00, 0x03, 0xFC, 0x00, 0x00, 0x00, 0x00, 0x02, 0xFE, 0x00, 0x00, 0x00, 0x00, 0x00, 0xFF, 0x00,
    0x00, 0x00, 0x00, 0x00, 0xFF, 0x00, 0x00, 0x00, 0x00, 0x01, 0xFF, 0x00, 0xF8, 0x00, 0x00, 0x03,
    0xFE, 0x00, 0x3E, 0x00, 0x00, 0x0B, 0xFC, 0x00, 0x0F, 0xE0, 0x00, 0x2F, 0xF8, 0x00, 0x02, 0xFE,
    0xAB, 0xFF, 0xC0, 0x00, 0x00, 0x2F, 0xFF, 0xFE, 0x00, 0x00, 0x00, 0x00, 0x09, 0x00, 0x00, 0x00,
    0x01, 0x00, 0x04, 0x00, 0x0F, 0xC0, 0x3F, 0x00, 0x1F, 0xC0, 0x3F, 0x40, 0x0F, 0xC0, 0x3F, 0x00,
    0x00, 0x00, 0x00, 0x00, 0x00, 0x00, 0x00, 0x00, 0x00, 0x00, 0x00, 0x00, 0x00, 0x00, 0x00, 0x00,
    0x00, 0x6A, 0xA0, 0x00, 0x2F, 0xE6, 0xFE, 0x00, 0x2F, 0x00, 0x3F, 0x00, 0x2C, 0x00, 0x3F, 0x80,
    0x28, 0x00, 0x2F, 0x80, 0x20, 0x00, 0x3F, 0x80, 0x00, 0x00, 0xBF, 0x00, 0x00, 0x0B, 0xF8, 0x00,
    0x00, 0x3F, 0xF4, 0x00, 0x00, 0x01, 0xFF, 0x00, 0x00, 0x00, 0x3F, 0xC0, 0x00, 0x00, 0x1F, 0xC0,
    0x00, 0x00, 0x0F, 0xE0, 0x10, 0x00, 0x2F, 0xC0, 0x38, 0x00, 0x3F, 0xC0, 0x0F, 0x96, 0xFF, 0x00,
    0x02, 0xFF, 0xF8, 0x00, 0x00, 0x00, 0x00, 0x00, 0x00, 0x00, 0x00, 0x00, 0x00, 0x00, 0x2F, 0xFF,
    0xFF, 0xFF, 0xFE, 0x00, 0x2F, 0xFF, 0xFF, 0xFF, 0xFE, 0x00, 0x2F, 0xFF, 0xFF, 0xFF, 0xFE, 0x00,
    0x0A, 0xAA, 0xAA, 0xAF, 0xFD, 0x00, 0x00, 0x00, 0x00, 0x3F, 0xF0, 0x00, 0x00, 0x00, 0x00, 0xFF,
    0xC0, 0x00, 0x00, 0x00, 0x0B, 0xFF, 0x00, 0x00, 0x00, 0x00, 0x2F, 0xF8, 0x00, 0x00, 0x00, 0x00,
    0xBF, 0xF4, 0x00, 0x00, 0x00, 0x03, 0xFF, 0xFF, 0x00, 0x00, 0x00, 0x0F, 0xFF, 0xFF, 0xD0, 0x00,
    0x00, 0x3F, 0xFA, 0xBF, 0xF0, 0x00, 0x00, 0x00, 0x00, 0x0F, 0xF8, 0x00, 0x00, 0x00, 0x00, 0x03,
    0xFC, 0x00, 0x00, 0x00, 0x00, 0x02, 0xFE, 0x00, 0x00, 0x00, 0x00, 0x00, 0xFF, 0x00, 0x00, 0x00,
    0x00, 0x00, 0xFF, 0x00, 0x00, 0x00, 0x00, 0x00, 0xFF, 0x00, 0x1A, 0x80, 0x00, 0x00, 0xFF, 0x00,
    0x2F, 0xC0, 0x00, 0x00, 0xFF, 0x00, 0x2F, 0xE0, 0x00, 0x00, 0xFF, 0x00, 0x0F, 0xF8, 0x00, 0x02,
    0xFF, 0x00, 0x0B, 0xFE, 0x00, 0x0B, 0xFE, 0x00, 0x03, 0xFF, 0xFF, 0xFF, 0xFC, 0x00, 0x00, 0xBF,
    0xFF, 0xFF, 0xE0, 0x00, 0x00, 0x0B, 0xFF, 0xFE, 0x00, 0x00, 0x00, 0x00, 0x6A, 0x80, 0x00, 0x00,
    0x00, 0x00, 0x00, 0x00, 0x00, 0x2F, 0xFF, 0xFF, 0xFF, 0xF0, 0x2F, 0xFF, 0xFF, 0xFF, 0xF0, 0x2F,
    0xFF, 0xFF, 0xFF, 0xF0, 0x0A, 0xAA, 0xAA, 0xFF, 0xE0, 0x00, 0x00, 0x02, 0xFF, 0x80, 0x00, 0x00,
    0x0F, 0xFD, 0x00, 0x00, 0x00, 0x3F, 0xF0, 0x00, 0x00, 0x00, 0xFF, 0xC0, 0x00, 0x00, 0x07, 0xFF,
    0x80, 0x00, 0x00, 0x2F, 0xFF, 0xF0, 0x00, 0x00, 0xBF, 0xFF, 0xFE, 0x00, 0x03, 0xFF, 0xFF, 0xFF,
    0x40, 0x00, 0x00, 0x00, 0xBF, 0xC0, 0x00, 0x00, 0x00, 0x3F, 0xE0, 0x00, 0x00, 0x00, 0x2F, 0xF0,
    0x00, 0x00, 0x00, 0x0F, 0xF0, 0x00, 0x00, 0x00, 0x0F, 0xF0, 0x00, 0x00, 0x00, 0x0B, 0xF4, 0x0A,
    0x40, 0x00, 0x0B, 0xF4, 0x2F, 0xC0, 0x00, 0x0B, 0xF4, 0x2F, 0xE0, 0x00, 0x0F, 0xF0, 0x0F, 0xF0,
    0x00, 0x0F, 0xF0, 0x0F, 0xF8, 0x00, 0x3F, 0xF0, 0x03, 0xFE, 0xAB, 0xFF, 0xC0, 0x02, 0xFF, 0xFF,
    0xFF, 0x80, 0x00, 0xBF, 0xFF, 0xFC, 0x00, 0x00, 0x0B, 0xFF, 0x80, 0x00, 0x00, 0x00, 0x00, 0x00,
    0x00, 0x00, 0x00, 0xFF, 0xFF, 0xFC, 0x00, 0x00, 0x00, 0x00, 0xFF, 0xFF, 0xFC, 0x00, 0x00, 0x00,
    0x00, 0x00, 0x00, 0x00, 0x00, 0x00, 0x00, 0x00, 0x00, 0x00, 0x00, 0x00, 0x00, 0x3F, 0xFF, 0xF8,
    0x00, 0xFF, 0xFF, 0xF0, 0x03, 0xFF, 0x80, 0x00, 0x0B, 0xFE, 0x00, 0x00, 0xFF, 0x00, 0x00, 0x03,
    0xFC, 0x00, 0x00, 0xFE, 0x00, 0x00, 0x0B, 0xFC, 0x00, 0x00, 0xFE, 0x00, 0x00, 0x0F, 0xFC, 0x00,
    0x00, 0xFE, 0x00, 0x00, 0x3F, 0xFC, 0x00, 0x00, 0xFE, 0x00, 0x00, 0xFB, 0xFC, 0x00, 0x00, 0xFE,
    0x00, 0x02, 0xE3, 0xFC, 0x00, 0x00, 0xFE, 0x00, 0x0B, 0xC3, 0xFC, 0x00, 0x00, 0xFE, 0x00, 0x0F,
    0x03, 0xFC, 0x00, 0x00, 0xFE, 0x00, 0x3C, 0x03, 0xFC, 0x00, 0x00, 0xFE, 0x00, 0xF8, 0x03, 0xFC,
    0x00, 0x00, 0xFE, 0x02, 0xE0, 0x03, 0xFC, 0x00, 0x00, 0xFE, 0x0B, 0xC0, 0x03, 0xFC, 0x00, 0x00,
    0xFE, 0x0F, 0x00, 0x03, 0xFC, 0x00, 0x00, 0xFE, 0x3C, 0x00, 0x03, 0xFC, 0x00, 0x00, 0xFE, 0xF8,
    0x00, 0x03, 0xFC, 0x00, 0x00, 0xFF, 0xE0, 0x00, 0x03, 0xFC, 0x00, 0x00, 0xFF, 0xC0, 0x00, 0x03,
    0xFC, 0x00, 0x00, 0xFF, 0x00, 0x00, 0x03, 0xFC, 0x00, 0x00, 0xFE, 0x00, 0x00, 0x03, 0xFC, 0x00,
    0x00, 0xFF, 0x00, 0x00, 0x03, 0xFC, 0x00, 0x03, 0xFF, 0x80, 0x00, 0x0F, 0xFE, 0x00, 0x3F, 0xFF,
    0xFC, 0x00, 0xFF, 0xFF, 0xF0, 0x00, 0x00, 0x00, 0x00, 0x00, 0x02, 0xFF, 0xFF, 0xFC, 0x00, 0x01,
    0xFF, 0xFF, 0xFC, 0x00, 0x00, 0x00, 0x00, 0x00, 0x00, 0x00, 0x00, 0x00, 0x00, 0x00, 0x00, 0x00,
    0x00, 0x00, 0x00, 0x00, 0x00, 0x00, 0x00, 0x00, 0x2F, 0xF9, 0x02, 0xFF, 0x90, 0x0B, 0xF0, 0x00,
    0xBF, 0x00, 0x03, 0xF0, 0x00, 0xFF, 0x00, 0x03, 0xF0, 0x02, 0xFF, 0x00, 0x03, 0xF0, 0x03, 0xFF,
    0x00, 0x03, 0xF0, 0x0E, 0x3F, 0x00, 0x03, 0xF0, 0x2C, 0x3F, 0x00, 0x03, 0xF0, 0x30, 0x3F, 0x00,
    0x03, 0xF0, 0xE0, 0x3F, 0x00, 0x03, 0xF3, 0xC0, 0x3F, 0x00, 0x03, 0xFB, 0x00, 0x3F, 0x00, 0x03,
    0xFE, 0x00, 0x3F, 0x00, 0x03, 0xF8, 0x00, 0x3F, 0x00, 0x07, 0xF0, 0x00, 0x7F, 0x00, 0x0B, 0xF0,
    0x00, 0xBF, 0x00, 0xBF, 0xFF, 0x0B, 0xFF, 0xF0, 0x00, 0x00, 0x00, 0x00, 0x00, 0x00, 0x00, 0x00,
    0x00, 0xBC, 0x02, 0xF8, 0x00, 0x00, 0x00, 0x00, 0xFE, 0x03, 0xFC, 0x00, 0x00, 0x00, 0x00, 0xFE,
    0x02, 0xF8, 0x00, 0x00, 0x00, 0x00, 0x24, 0x00, 0xA0, 0x00, 0x00, 0x00, 0x00, 0x00, 0x00, 0x00,
    0x00, 0x00, 0x00, 0x00, 0x00, 0x00, 0x00, 0x00, 0x00, 0x3F, 0xFF, 0xF8, 0x00, 0xFF, 0xFF, 0xF0,
    0x03, 0xFF, 0x80, 0x00, 0x0B, 0xFE, 0x00, 0x00, 0xFF, 0x00, 0x00, 0x03, 0xFC, 0x00, 0x00, 0xFE,
    0x00, 0x00, 0x0B, 0xFC, 0x00, 0x00, 0xFE, 0x00, 0x00, 0x0F, 0xFC, 0x00, 0x00, 0xFE, 0x00, 0x00,
    0x3F, 0xFC, 0x00, 0x00, 0xFE, 0x00, 0x00, 0xFB, 0xFC, 0x00, 0x00, 0xFE, 0x00, 0x02, 0xE3, 0xFC,
    0x00, 0x00, 0xFE, 0x00, 0x0B, 0xC3, 0xFC, 0x00, 0x00, 0xFE, 0x00, 0x0F, 0x03, 0xFC, 0x00, 0x00,
    0xFE, 0x00, 0x3C, 0x03, 0xFC, 0x00, 0x00, 0xFE, 0x00, 0xF8, 0x03, 0xFC, 0x00, 0x00, 0xFE, 0x02,
    0xE0, 0x03, 0xFC, 0x00, 0x00, 0xFE, 0x0B, 0xC0, 0x03, 0xFC, 0x00, 0x00, 0xFE, 0x0F, 0x00, 0x03,
    0xFC, 0x00, 0x00, 0xFE, 0x3C, 0x00, 0x03, 0xFC, 0x00, 0x00, 0xFE, 0xF8, 0x00, 0x03, 0xFC, 0x00,
    0x00, 0xFF, 0xE0, 0x00, 0x03, 0xFC, 0x00, 0x00, 0xFF, 0xC0, 0x00, 0x03, 0xFC, 0x00, 0x00, 0xFF,
    0x00, 0x00, 0x03, 0xFC, 0x00, 0x00, 0xFE, 0x00, 0x00, 0x03, 0xFC, 0x00, 0x00, 0xFF, 0x00, 0x00,
    0x03, 0xFC, 0x00, 0x03, 0xFF, 0x80, 0x00, 0x0F, 0xFE, 0x00, 0x3F, 0xFF, 0xFC, 0x00, 0xFF, 0xFF,
    0xF0, 0x00, 0x00, 0x00, 0x00, 0x00, 0x00, 0xBC, 0x02, 0xF0, 0x00, 0x00, 0xFE, 0x03, 0xF8, 0x00,
    0x00, 0xFD, 0x03, 0xF8, 0x00, 0x00, 0x28, 0x00, 0xA0, 0x00, 0x00, 0x00, 0x00, 0x00, 0x00, 0x00,
    0x00, 0x00, 0x00, 0x00, 0x00, 0x00, 0x00, 0x00, 0x00, 0x00, 0x00, 0x00, 0x00, 0x00, 0x2F, 0xF9,
    0x02, 0xFF, 0x90, 0x0B, 0xF0, 0x00, 0xBF, 0x00, 0x03, 0xF0, 0x00, 0xFF, 0x00, 0x03, 0xF0, 0x02,
    0xFF, 0x00, 0x03, 0xF0, 0x03, 0xFF, 0x00, 0x03, 0xF0, 0x0E, 0x3F, 0x00, 0x03, 0xF0, 0x2C, 0x3F,
    0x00, 0x03, 0xF0, 0x30, 0x3F, 0x00, 0x03, 0xF0, 0xE0, 0x3F, 0x00, 0x03, 0xF3, 0xC0, 0x3F, 0x00,
    0x03, 0xFB, 0x00, 0x3F, 0x00, 0x03, 0xFE, 0x00, 0x3F, 0x00, 0x03, 0xF8, 0x00, 0x3F, 0x00, 0x07,
    0xF0, 0x00, 0x7F, 0x00, 0x0B, 0xF0, 0x00, 0xBF, 0x00, 0xBF, 0xFF, 0x0B, 0xFF, 0xF0, 0x00, 0x00,
    0x40, 0x01, 0x00, 0x00, 0x00, 0x07, 0xF0, 0x0F, 0xC0, 0x00, 0x00, 0x0B, 0xF0, 0x2F, 0xC0, 0x00,
    0x00, 0x03, 0xF0, 0x0F, 0xC0, 0x00, 0x00, 0x00, 0x00, 0x00, 0x00, 0x00, 0x00, 0x00, 0x00, 0x00,
    0x00, 0x00, 0x00, 0x00, 0x0A, 0xA0, 0x00, 0x00, 0x00, 0x03, 0xFF, 0xFF, 0xC0, 0x00, 0x00, 0x3F,
    0xD0, 0x03, 0xF8, 0x00, 0x00, 0xFE, 0x00, 0x00, 0xBF, 0x00, 0x03, 0xF8, 0x00, 0x00, 0x2F, 0xC0,
    0x0F, 0xF0, 0x00, 0x00, 0x0F, 0xE0, 0x1F, 0xE0, 0x00, 0x00, 0x0B, 0xF0, 0x3F, 0xC0, 0x00, 0x00,
    0x03, 0xFC, 0x3F, 0xC0, 0x00, 0x00, 0x03, 0xFC, 0xBF, 0x80, 0x00, 0x00, 0x02, 0xFE, 0xBF, 0x80,
    0x00, 0x00, 0x02, 0xFE, 0xFF, 0x80, 0x00, 0x00, 0x02, 0xFF, 0xFF, 0x40, 0x00, 0x00, 0x02, 0xFF,
    0xFF, 0x80, 0x00, 0x00, 0x02, 0xFF, 0xFF, 0x80, 0x00, 0x00, 0x02, 0xFE, 0xBF, 0x80, 0x00, 0x00,
    0x02, 0xFE, 0xBF, 0x80, 0x00, 0x00, 0x02, 0xFD, 0x3F, 0xC0, 0x00, 0x00, 0x03, 0xFC, 0x3F, 0xC0,
    0x00, 0x00, 0x03, 0xFC, 0x0F, 0xE0, 0x00, 0x00, 0x0F, 0xF0, 0x0B, 0xF0, 0x00, 0x00, 0x0F, 0xE0,
    0x03, 0xFC, 0x00, 0x00, 0x3F, 0xC0, 0x00, 0xFE, 0x00, 0x00, 0xFF, 0x00, 0x00, 0x2F, 0xE0, 0x0B,
    0xF8, 0x00, 0x00, 0x02, 0xFF, 0xFF, 0x80, 0x00, 0x00, 0x00, 0x01, 0x40, 0x00, 0x00, 0x00, 0x10,
    0x00, 0x40, 0x00, 0x00, 0xFC, 0x03, 0xF0, 0x00, 0x01, 0xFC, 0x03, 0xF4, 0x00, 0x00, 0xFC, 0x03,
    0xF0, 0x00, 0x00, 0x00, 0x00, 0x00, 0x00, 0x00, 0x00, 0x00, 0x00, 0x00, 0x00, 0x00, 0x00, 0x00,
    0x00, 0x00, 0x00, 0x00, 0x00, 0x00, 0x00, 0x06, 0xA9, 0x00, 0x00, 0x00, 0xBE, 0xAF, 0xE0, 0x00,
    0x02, 0xF0, 0x03, 0xF8, 0x00, 0x0B, 0xC0, 0x00, 0xFE, 0x00, 0x0F, 0xC0, 0x00, 0xBF, 0x00, 0x2F,
    0x80, 0x00, 0x3F, 0x80, 0x3F, 0x80, 0x00, 0x3F, 0xC0, 0x3F, 0x80, 0x00, 0x2F, 0xC0, 0x3F, 0x80,
    0x00, 0x2F, 0xC0, 0x3F, 0x80, 0x00, 0x2F, 0xC0, 0x3F, 0xC0, 0x00, 0x2F, 0xC0, 0x2F, 0xC0, 0x00,
    0x2F, 0x80, 0x0F, 0xD0, 0x00, 0x3F, 0x00, 0x0F, 0xF0, 0x00, 0x3E, 0x00, 0x03, 0xF8, 0x00, 0xBC,
    0x00, 0x00, 0xFE, 0x02, 0xF0, 0x00, 0x00, 0x2F, 0xFF, 0x80, 0x00, 0x00, 0x00, 0x00, 0x00, 0x00,
    0x00, 0x00, 0x0A, 0xA0, 0x00, 0x00, 0x00, 0x03, 0xFF, 0xFF, 0xC0, 0x00, 0x00, 0x3F, 0xD0, 0x03,
    0xF8, 0x00, 0x00, 0xFE, 0x00, 0x00, 0xBF, 0x00, 0x03, 0xF8, 0x00, 0x00, 0x2F, 0xC0, 0x0F, 0xF0,
    0x00, 0x00, 0x0F, 0xE0, 0x1F, 0xE0, 0x00, 0x00, 0x0B, 0xF0, 0x3F, 0xC0, 0x00, 0x00, 0x03, 0xFC,
    0x3F, 0xC0, 0x00, 0x00, 0x03, 0xFC, 0xBF, 0x80, 0x00, 0x00, 0x03, 0xFE, 0xBF, 0x80, 0x00, 0x00,
    0x02, 0xFE, 0xFF, 0xAA, 0xAA, 0xAA, 0xAA, 0xFF, 0xFF, 0xFF, 0xFF, 0xFF, 0xFF, 0xFF, 0xFF, 0xFF,
    0xFF, 0xFF, 0xFF, 0xFF, 0xFF, 0x80, 0x00, 0x00, 0x02, 0xFE, 0xBF, 0x80, 0x00, 0x00, 0x02, 0xFE,
    0xBF, 0x80, 0x00, 0x00, 0x03, 0xFD, 0x3F, 0xC0, 0x00, 0x00, 0x03, 0xFC, 0x3F, 0xC0, 0x00, 0x00,
    0x07, 0xFC, 0x0F, 0xE0, 0x00, 0x00, 0x0F, 0xF0, 0x0B, 0xF0, 0x00, 0x00, 0x0F, 0xE0, 0x03, 0xFC,
    0x00, 0x00, 0x3F, 0xC0, 0x00, 0xFE, 0x00, 0x00, 0xFF, 0x00, 0x00, 0x2F, 0xE0, 0x0B, 0xF8, 0x00,
    0x00, 0x02, 0xFF, 0xFF, 0x80, 0x00, 0x00, 0x00, 0x01, 0x40, 0x00, 0x00, 0x00, 0x06, 0xA9, 0x00,
    0x00, 0x00, 0xBE, 0xAF, 0xE0, 0x00, 0x02, 0xF0, 0x03, 0xF8, 0x00, 0x0B, 0xC0, 0x00, 0xFE, 0x00,
    0x0F, 0xC0, 0x00, 0xBF, 0x00, 0x2F, 0x80, 0x00, 0x3F, 0x80, 0x3F, 0x80, 0x00, 0x3F, 0xC0, 0x3F,
    0xEA, 0xAA, 0xBF, 0xC0, 0x3F, 0xFF, 0xFF, 0xFF, 0xC0, 0x3F, 0xFF, 0xFF, 0xFF, 0xC0, 0x3F, 0xC0,
    0x00, 0x2F, 0xC0, 0x2F, 0xC0, 0x00, 0x2F, 0x80, 0x0F, 0xD0, 0x00, 0x3F, 0x00, 0x0F, 0xF0, 0x00,
    0x3E, 0x00, 0x03, 0xF8, 0x00, 0xBC, 0x00, 0x00, 0xFE, 0x02, 0xF0, 0x00, 0x00, 0x2F, 0xFF, 0x80,
    0x00, 0x00, 0x00, 0x00, 0x00, 0x00, 0x00, 0x00, 0x00, 0x00, 0x00, 0x00, 0x00, 0x03, 0xF0, 0x0F,
    0xC0, 0x00, 0x00, 0x07, 0xF0, 0x0F, 0xD0, 0x00, 0x00, 0x03, 0xF0, 0x0F, 0xC0, 0x00, 0x00, 0x00,
    0x80, 0x02, 0x00, 0x00, 0x00, 0x00, 0x00, 0x00, 0x00, 0x00, 0x00, 0x00, 0x00, 0x00, 0x00, 0x00,
    0x00, 0x00, 0x00, 0x00, 0x00, 0x00, 0x00, 0x00, 0x0A, 0xA0, 0x00, 0x00, 0x00, 0x03, 0xFF, 0xFF,
    0xC0, 0x00, 0x00, 0x3F, 0xD0, 0x03, 0xF8, 0x00, 0x00, 0xFE, 0x00, 0x00, 0xBF, 0x00, 0x03, 0xF8,
    0x00, 0x00, 0x2F, 0xC0, 0x0F, 0xF0, 0x00, 0x00, 0x0F, 0xE0, 0x1F, 0xE0, 0x00, 0x00, 0x0B, 0xF0,
    0x3F, 0xC0, 0x00, 0x00, 0x03, 0xFC, 0x3F, 0xC0, 0x00, 0x00, 0x03, 0xFC, 0xBF, 0x80, 0x00, 0x00,
    0x03, 0xFE, 0xBF, 0x80, 0x00, 0x00, 0x02, 0xFE, 0xFF, 0xAA, 0xAA, 0xAA, 0xAA, 0xFF, 0xFF, 0xFF,
    0xFF, 0xFF, 0xFF, 0xFF, 0xFF, 0xFF, 0xFF, 0xFF, 0xFF, 0xFF, 0xFF, 0x80, 0x00, 0x00, 0x02, 0xFE,
    0xBF, 0x80, 0x00, 0x00, 0x02, 0xFE, 0xBF, 0x80, 0x00, 0x00, 0x03, 0xFD, 0x3F, 0xC0, 0x00, 0x00,
    0x03, 0xFC, 0x3F, 0xC0, 0x00, 0x00, 0x07, 0xFC, 0x0F, 0xE0, 0x00, 0x00, 0x0F, 0xF0, 0x0B, 0xF0,
    0x00, 0x00, 0x0F, 0xE0, 0x03, 0xFC, 0x00, 0x00, 0x3F, 0xC0, 0x00, 0xFE, 0x00, 0x00, 0xFF, 0x00,
    0x00, 0x2F, 0xE0, 0x0B, 0xF8, 0x00, 0x00, 0x02, 0xFF, 0xFF, 0x80, 0x00, 0x00, 0x00, 0x01, 0x40,
    0x00, 0x00, 0x00, 0x10, 0x00, 0x40, 0x00, 0x00, 0xFC, 0x03, 0xF0, 0x00, 0x01, 0xFC, 0x03, 0xF4,
    0x00, 0x00, 0xFC, 0x03, 0xF0, 0x00, 0x00, 0x00, 0x00, 0x00, 0x00, 0x00, 0x00, 0x00, 0x00, 0x00,
    0x00, 0x00, 0x00, 0x00, 0x00, 0x00, 0x00, 0x00, 0x00, 0x00, 0x00, 0x06, 0xA9, 0x00, 0x00, 0x00,
    0xBE, 0xAF, 0xE0, 0x00, 0x02, 0xF0, 0x03, 0xF8, 0x00, 0x0B, 0xC0, 0x00, 0xFE, 0x00, 0x0F, 0xC0,
    0x00, 0xBF, 0x00, 0x2F, 0x80, 0x00, 0x3F, 0x80, 0x3F, 0x80, 0x00, 0x3F, 0xC0, 0x3F, 0xEA, 0xAA,
    0xBF, 0xC0, 0x3F, 0xFF, 0xFF, 0xFF, 0xC0, 0x3F, 0xFF, 0xFF, 0xFF, 0xC0, 0x3F, 0xC0, 0x00, 0x2F,
    0xC0, 0x2F, 0xC0, 0x00, 0x2F, 0x80, 0x0F, 0xD0, 0x00, 0x3F, 0x00, 0x0F, 0xF0, 0x00, 0x3E, 0x00,
    0x03, 0xF8, 0x00, 0xBC, 0x00, 0x00, 0xFE, 0x02, 0xF0, 0x00, 0x00, 0x2F, 0xFF, 0x80, 0x00, 0x00,
    0x00, 0x00, 0x00, 0x00, 0x00, 0x00, 0x00, 0x00, 0x00, 0x00, 0x00, 0x0B, 0xD0, 0x2F, 0x80, 0x00,
    0x00, 0x0F, 0xE0, 0x3F, 0xC0, 0x00, 0x00, 0x0B, 0xE0, 0x2F, 0x80, 0x00, 0x00, 0x02, 0x40, 0x06,
    0x00, 0x00, 0x00, 0x00, 0x00, 0x00, 0x00, 0x00, 0x08, 0x00, 0x6A, 0x40, 0x00, 0x00, 0x0E, 0x2F,
    0xFF, 0xFE, 0x00, 0x00, 0x0F, 0xFE, 0x00, 0xBF, 0xE0, 0x00, 0x1F, 0xE0, 0x00, 0x03, 0xFC, 0x00,
    0x1F, 0x80, 0x00, 0x00, 0xFF, 0x00, 0x2F, 0x00, 0x00, 0x00, 0x7F, 0x80, 0x2D, 0x00, 0x00, 0x00,
    0x3F, 0xC0, 0x2C, 0x00, 0x00, 0x00, 0x0F, 0xF0, 0x18, 0x00, 0x00, 0x00, 0x0F, 0xF0, 0x00, 0x00,
    0x00, 0x00, 0x0F, 0xF8, 0x00, 0x00, 0x00, 0x00, 0x0B, 0xF8, 0x00, 0x00, 0x2A, 0xAA, 0xAF, 0xFC,
    0x00, 0x00, 0xBF, 0xFF, 0xFF, 0xFC, 0x00, 0x00, 0x00, 0x00, 0x0B, 0xFC, 0x00, 0x00, 0x00, 0x00,
    0x0B, 0xFC, 0x00, 0x00, 0x00, 0x00, 0x0B, 0xF8, 0x00, 0x00, 0x00, 0x00, 0x0F, 0xF8, 0x00, 0x00,
    0x00, 0x00, 0x0F, 0xF0, 0x00, 0x00, 0x00, 0x00, 0x2F, 0xF0, 0x00, 0x00, 0x00, 0x00, 0x3F, 0xD0,
    0x34, 0x00, 0x00, 0x00, 0xBF, 0xC0, 0x2E, 0x00, 0x00, 0x02, 0xFF, 0x00, 0x03, 0xC0, 0x00, 0x0B,
    0xFC, 0x00, 0x00, 0xBE, 0x96, 0xFF, 0xE0, 0x00, 0x00, 0x0B, 0xFF, 0xFE, 0x00, 0x00, 0x00, 0x00,
    0x09, 0x00, 0x00, 0x00, 0x02, 0x00, 0x04, 0x00, 0x0F, 0xC0, 0x3F, 0x00, 0x0F, 0xC0, 0x3F, 0x80,
    0x0F, 0xC0, 0x3F, 0x00, 0x00, 0x00, 0x00, 0x00, 0x00, 0x00, 0x00, 0x00, 0x00, 0x00, 0x00, 0x00,
    0x00, 0x00, 0x00, 0x00, 0x10, 0x2A, 0x80, 0x00, 0x2F, 0xEA, 0xF8, 0x00, 0x3E, 0x00, 0x3F, 0x00,
    0x38, 0x00, 0x0F, 0x80, 0x30, 0x00, 0x0B, 0xC0, 0x00, 0x00, 0x03, 0xE0, 0x00, 0x00, 0x03, 0xF0,
    0x00, 0xAA, 0xAB, 0xF0, 0x00, 0xBF, 0xFF, 0xF0, 0x00, 0x00, 0x03, 0xF0, 0x00, 0x00, 0x03, 0xF0,
    0x80, 0x00, 0x0B, 0xF0, 0xB0, 0x00, 0x0F, 0xE0, 0x3C, 0x00, 0x3F, 0xC0, 0x0F, 0x82, 0xFF, 0x80,
    0x03, 0xFF, 0xFE, 0x00, 0x00, 0xBF, 0xF8, 0x00, 0x00, 0x00, 0x00, 0x00, 0x00, 0x00, 0xFF, 0xFF,
    0xFC, 0x00, 0x00, 0x00, 0x00, 0xFF, 0xFF, 0xFC, 0x00, 0x00, 0x00, 0x00, 0x00, 0x00, 0x00, 0x00,
    0x00, 0x00, 0x00, 0x00, 0x00, 0x00, 0x00, 0x00, 0xBF, 0xFF, 0xFE, 0x00, 0x07, 0xFF, 0xF8, 0x07,
    0xFF, 0xC0, 0x00, 0x00, 0x3F, 0x80, 0x00, 0xFF, 0xC0, 0x00, 0x00, 0x3D, 0x00, 0x00, 0x3F, 0xE0,
    0x00, 0x00, 0xB8, 0x00, 0x00, 0x2F, 0xF0, 0x00, 0x00, 0xF0, 0x00, 0x00, 0x0F, 0xFC, 0x00, 0x02,
    0xE0, 0x00, 0x00, 0x03, 0xFE, 0x00, 0x03, 0xC0, 0x00, 0x00, 0x02, 0xFF, 0x00, 0x0B, 0x80, 0x00,
    0x00, 0x00, 0xFF, 0xC0, 0x0F, 0x00, 0x00, 0x00, 0x00, 0x3F, 0xE0, 0x2D, 0x00, 0x00, 0x00, 0x00,
    0x2F, 0xF0, 0x3C, 0x00, 0x00, 0x00, 0x00, 0x0F, 0xFC, 0xB0, 0x00, 0x00, 0x00, 0x00, 0x03, 0xFE,
    0xF0, 0x00, 0x00, 0x00, 0x00, 0x02, 0xFF, 0xC0, 0x00, 0x00, 0x00, 0x00, 0x00, 0xFF, 0xC0, 0x00,
    0x00, 0x00, 0x00, 0x00, 0x3F, 0x00, 0x00, 0x00, 0x00, 0x00, 0x00, 0x2E, 0x00, 0x00, 0x00, 0x00,
    0x00, 0x00, 0x2C, 0x00, 0x00, 0x00, 0x00, 0x00, 0x00, 0x38, 0x00, 0x00, 0x00, 0x00, 0x00, 0x00,
    0xF0, 0x00, 0x00, 0x00, 0x00, 0x3F, 0x00, 0xE0, 0x00, 0x00, 0x00, 0x00, 0x3F, 0xC3, 0xC0, 0x00,
    0x00, 0x00, 0x00, 0x3F, 0xFF, 0x00, 0x00, 0x00, 0x00, 0x00, 0x2F, 0xFC, 0x00, 0x00, 0x00, 0x00,
    0x00, 0x00, 0x40, 0x00, 0x00, 0x00, 0x00, 0x00, 0x00, 0x00, 0x00, 0x00, 0x03, 0xFF, 0xFF, 0xF8,
    0x00, 0x03, 0xFF, 0xFF, 0xF8, 0x00, 0x00, 0x00, 0x00, 0x00, 0x00, 0x00, 0x00, 0x00, 0x00, 0x00,
    0x3F, 0xF8, 0x00, 0x2F, 0x80, 0x0F, 0xF0, 0x00, 0x0F, 0x00, 0x03, 0xF0, 0x00, 0x2C, 0x00, 0x03,
    0xFC, 0x00, 0x3C, 0x00, 0x00, 0xFC, 0x00, 0x38, 0x00, 0x00, 0xFE, 0x00, 0xB0, 0x00, 0x00, 0x7F,
    0x00, 0xF0, 0x00, 0x00, 0x3F, 0x80, 0xD0, 0x00, 0x00, 0x2F, 0xC2, 0xC0, 0x00, 0x00, 0x0F, 0xE3,
    0x80, 0x00, 0x00, 0x0B, 0xF7, 0x00, 0x00, 0x00, 0x03, 0xFF, 0x00, 0x00, 0x00, 0x02, 0xFE, 0x00,
    0x00, 0x00, 0x00, 0xFC, 0x00, 0x00, 0x00, 0x00, 0xB8, 0x00, 0x00, 0x00, 0x00, 0xB0, 0x00, 0x00,
    0x00, 0x00, 0xF0, 0x00, 0x00, 0x00, 0x00, 0xE0, 0x00, 0x00, 0x00, 0x03, 0xC0, 0x00, 0x00, 0x00,
    0x03, 0x80, 0x00, 0x00, 0x2F, 0xAF, 0x00, 0x00, 0x00, 0x3F, 0xFE, 0x00, 0x00, 0x00, 0x3F, 0xF8,
    0x00, 0x00, 0x00, 0x0A, 0x80, 0x00, 0x00, 0x00, 0x00, 0x00, 0x00, 0x00, 0x00, 0x00, 0x00, 0x00,
    0x00, 0x3F, 0x00, 0xBE, 0x00, 0x00, 0x00, 0x00, 0x3F, 0x80, 0xFE, 0x00, 0x00, 0x00, 0x00, 0x3F,
    0x00, 0xBE, 0x00, 0x00, 0x00, 0x00, 0x04, 0x00, 0x10, 0x00, 0x00, 0x00, 0x00, 0x00, 0x00, 0x00,
    0x00, 0x00, 0x00, 0x00, 0x00, 0x00, 0x00, 0x00, 0x00, 0xBF, 0xFF, 0xFE, 0x00, 0x07, 0xFF, 0xF8,
    0x07, 0xFF, 0xC0, 0x00, 0x00, 0x3F, 0x80, 0x00, 0xFF, 0xC0, 0x00, 0x00, 0x3D, 0x00, 0x00, 0x3F,
    0xE0, 0x00, 0x00, 0xB8, 0x00, 0x00, 0x2F, 0xF0, 0x00, 0x00, 0xF0, 0x00, 0x00, 0x0F, 0xFC, 0x00,
    0x02, 0xE0, 0x00, 0x00, 0x03, 0xFE, 0x00, 0x03, 0xC0, 0x00, 0x00, 0x02, 0xFF, 0x00, 0x0B, 0x80,
    0x00, 0x00, 0x00, 0xFF, 0xC0, 0x0F, 0x00, 0x00, 0x00, 0x00, 0x3F, 0xE0, 0x2D, 0x00, 0x00, 0x00,
    0x00, 0x2F, 0xF0, 0x3C, 0x00, 0x00, 0x00, 0x00, 0x0F, 0xFC, 0xB0, 0x00, 0x00, 0x00, 0x00, 0x03,
    0xFE, 0xF0, 0x00, 0x00, 0x00, 0x00, 0x02, 0xFF, 0xC0, 0x00, 0x00, 0x00, 0x00, 0x00, 0xFF, 0xC0,
    0x00, 0x00, 0x00, 0x00, 0x00, 0x3F, 0x00, 0x00, 0x00, 0x00, 0x00, 0x00, 0x2E, 0x00, 0x00, 0x00,
    0x00, 0x00, 0x00, 0x2C, 0x00, 0x00, 0x00, 0x00, 0x00, 0x00, 0x38, 0x00, 0x00, 0x00, 0x00, 0x00,
    0x00, 0xF0, 0x00, 0x00, 0x00, 0x00, 0x3F, 0x00, 0xE0, 0x00, 0x00, 0x00, 0x00, 0x3F, 0xC3, 0xC0,
    0x00, 0x00, 0x00, 0x00, 0x3F, 0xFF, 0x00, 0x00, 0x00, 0x00, 0x00, 0x2F, 0xFC, 0x00, 0x00, 0x00,
    0x00, 0x00, 0x00, 0x40, 0x00, 0x00, 0x00, 0x00, 0x00, 0x00, 0x00, 0x00, 0x00, 0x00, 0xBE, 0x00,
    0xFC, 0x00, 0x00, 0xBF, 0x02, 0xFC, 0x00, 0x00, 0xBE, 0x01, 0xFC, 0x00, 0x00, 0x14, 0x00, 0x20,
    0x00, 0x00, 0x00, 0x00, 0x00, 0x00, 0x00, 0x00, 0x00, 0x00, 0x00, 0x00, 0x00, 0x00, 0x00, 0x00,
    0x00, 0x00, 0x00, 0x00, 0x00, 0x3F, 0xF8, 0x00, 0x2F, 0x80, 0x0F, 0xF0, 0x00, 0x0F, 0x00, 0x03,
    0xF0, 0x00, 0x2C, 0x00, 0x03, 0xFC, 0x00, 0x3C, 0x00, 0x00, 0xFC, 0x00, 0x38, 0x00, 0x00, 0xFE,
    0x00, 0xB0, 0x00, 0x00, 0x7F, 0x00, 0xF0, 0x00, 0x00, 0x3F, 0x80, 0xD0, 0x00, 0x00, 0x2F, 0xC2,
    0xC0, 0x00, 0x00, 0x0F, 0xE3, 0x80, 0x00, 0x00, 0x0B, 0xF7, 0x00, 0x00, 0x00, 0x03, 0xFF, 0x00,
    0x00, 0x00, 0x02, 0xFE, 0x00, 0x00, 0x00, 0x00, 0xFC, 0x00, 0x00, 0x00, 0x00, 0xB8, 0x00, 0x00,
    0x00, 0x00, 0xB0, 0x00, 0x00, 0x00, 0x00, 0xF0, 0x00, 0x00, 0x00, 0x00, 0xE0, 0x00, 0x00, 0x00,
    0x03, 0xC0, 0x00, 0x00, 0x00, 0x03, 0x80, 0x00, 0x00, 0x2F, 0xAF, 0x00, 0x00, 0x00, 0x3F, 0xFE,
    0x00, 0x00, 0x00, 0x3F, 0xF8, 0x00, 0x00, 0x00, 0x0A, 0x80, 0x00, 0x00, 0x00, 0x00, 0x00, 0x00,
    0x00, 0x00, 0x00, 0x00, 0x00, 0x00, 0x02, 0xF0, 0x3F, 0x00, 0x00, 0x00, 0x00, 0x03, 0xF0, 0xFF,
    0x00, 0x00, 0x00, 0x00, 0x0F, 0xD3, 0xFC, 0x00, 0x00, 0x00, 0x00, 0x3F, 0x0F, 0xD0, 0x00, 0x00,
    0x00, 0x00, 0xFC, 0x3E, 0x00, 0x00, 0x00, 0x00, 0x02, 0xE0, 0xF0, 0x00, 0x00, 0x00, 0x00, 0x00,
    0x00, 0x00, 0x00, 0x00, 0x00, 0x00, 0x00, 0x00, 0x00, 0x00, 0x00, 0x00, 0xBF, 0xFF, 0xFE, 0x00,
    0x07, 0xFF, 0xF8, 0x07, 0xFF, 0xC0, 0x00, 0x00, 0x3F, 0x80, 0x00, 0xFF, 0xC0, 0x00, 0x00, 0x3D,
    0x00, 0x00, 0x3F, 0xE0, 0x00, 0x00, 0xB8, 0x00, 0x00, 0x2F, 0xF0, 0x00, 0x00, 0xF0, 0x00, 0x00,
    0x0F, 0xFC, 0x00, 0x02, 0xE0, 0x00, 0x00, 0x03, 0xFE, 0x00, 0x03, 0xC0, 0x00, 0x00, 0x02, 0xFF,
    0x00, 0x0B, 0x80, 0x00, 0x00, 0x00, 0xFF, 0xC0, 0x0F, 0x00, 0x00, 0x00, 0x00, 0x3F, 0xE0, 0x2D,
    0x00, 0x00, 0x00, 0x00, 0x2F, 0xF0, 0x3C, 0x00, 0x00, 0x00, 0x00, 0x0F, 0xFC, 0xB0, 0x00, 0x00,
    0x00, 0x00, 0x03, 0xFE, 0xF0, 0x00, 0x00, 0x00, 0x00, 0x02, 0xFF, 0xC0, 0x00, 0x00, 0x00, 0x00,
    0x00, 0xFF, 0xC0, 0x00, 0x00, 0x00, 0x00, 0x00, 0x3F, 0x00, 0x00, 0x00, 0x00, 0x00, 0x00, 0x2E,
    0x00, 0x00, 0x00, 0x00, 0x00, 0x00, 0x2C, 0x00, 0x00, 0x00, 0x00, 0x00, 0x00, 0x38, 0x00, 0x00,
    0x00, 0x00, 0x00, 0x00, 0xF0, 0x00, 0x00, 0x00, 0x00, 0x3F, 0x00, 0xE0, 0x00, 0x00, 0x00, 0x00,
    0x3F, 0xC3, 0xC0, 0x00, 0x00, 0x00, 0x00, 0x3F, 0xFF, 0x00, 0x00, 0x00, 0x00, 0x00, 0x2F, 0xFC,
    0x00, 0x00, 0x00, 0x00, 0x00, 0x00, 0x40, 0x00, 0x00, 0x00, 0x00, 0x00, 0x01, 0x80, 0x28, 0x00,
    0x00, 0x07, 0xE0, 0xFC, 0x00, 0x00, 0x0F, 0xD3, 0xFC, 0x00, 0x00, 0x3F, 0x4F, 0xE0, 0x00, 0x00,
    0xFC, 0x3F, 0x00, 0x00, 0x02, 0xF0, 0xF8, 0x00, 0x00, 0x0B, 0x82, 0x80, 0x00, 0x00, 0x00, 0x00,
    0x00, 0x00, 0x00, 0x00, 0x00, 0x00, 0x00, 0x00, 0x3F, 0xF8, 0x00, 0x2F, 0x80, 0x0F, 0xF0, 0x00,
    0x0F, 0x00, 0x03, 0xF0, 0x00, 0x2C, 0x00, 0x03, 0xFC, 0x00, 0x3C, 0x00, 0x00, 0xFC, 0x00, 0x38,
    0x00, 0x00, 0xFE, 0x00, 0xB0, 0x00, 0x00, 0x7F, 0x00, 0xF0, 0x00, 0x00, 0x3F, 0x80, 0xD0, 0x00,
    0x00, 0x2F, 0xC2, 0xC0, 0x00, 0x00, 0x0F, 0xE3, 0x80, 0x00, 0x00, 0x0B, 0xF7, 0x00, 0x00, 0x00,
    0x03, 0xFF, 0x00, 0x00, 0x00, 0x02, 0xFE, 0x00, 0x00, 0x00, 0x00, 0xFC, 0x00, 0x00, 0x00, 0x00,
    0xB8, 0x00, 0x00, 0x00, 0x00, 0xB0, 0x00, 0x00, 0x00, 0x00, 0xF0, 0x00, 0x00, 0x00, 0x00, 0xE0,
    0x00, 0x00, 0x00, 0x03, 0xC0, 0x00, 0x00, 0x00, 0x03, 0x80, 0x00, 0x00, 0x2F, 0xAF, 0x00, 0x00,
    0x00, 0x3F, 0xFE, 0x00, 0x00, 0x00, 0x3F, 0xF8, 0x00, 0x00, 0x00, 0x0A, 0x80, 0x00, 0x00, 0x00,
    0x00, 0x00, 0x40, 0x00, 0x00, 0x00, 0x00, 0x00, 0x03, 0xF8, 0x0B, 0xE0, 0x00, 0x00, 0x00, 0x03,
    0xF8, 0x0F, 0xF0, 0x00, 0x00, 0x00, 0x02, 0xF4, 0x0B, 0xE0, 0x00, 0x00, 0x00, 0x00, 0x00, 0x00,
    0x00, 0x00, 0x00, 0x00, 0x00, 0x00, 0x00, 0x00, 0x00, 0x00, 0x00, 0x00, 0x00, 0x00, 0x00, 0x00,
    0x00, 0xBF, 0xFF, 0xF8, 0x0F, 0xFF, 0xFF, 0x00, 0x03, 0xFF, 0x00, 0x00, 0xBF, 0xF0, 0x00, 0x02,
    0xFE, 0x00, 0x00, 0x3F, 0xC0, 0x00, 0x01, 0xFE, 0x00, 0x00, 0x3F, 0xC0, 0x00, 0x01, 0xFE, 0x00,
    0x00, 0x3F, 0xC0, 0x00, 0x01, 0xFE, 0x00, 0x00, 0x3F, 0xC0, 0x00, 0x01, 0xFE, 0x00, 0x00, 0x3F,
    0xC0, 0x00, 0x01, 0xFE, 0x00, 0x00, 0x3F, 0xC0, 0x00, 0x01, 0xFE, 0x00, 0x00, 0x3F, 0xC0, 0x00,
    0x00, 0xFE, 0x00, 0x00, 0x3F, 0xC0, 0x00, 0x00, 0xFF, 0x00, 0x00, 0x3F, 0xC0, 0x00, 0x00, 0xFF,
    0x80, 0x00, 0x7F, 0xC0, 0x00, 0x00, 0x3F, 0xFA, 0xAF, 0xFF, 0xC0, 0x00, 0x00, 0x0B, 0xFF, 0xE4,
    0x3F, 0xC0, 0x00, 0x00, 0x00, 0x00, 0x00, 0x3F, 0xC0, 0x00, 0x00, 0x00, 0x00, 0x00, 0x3F, 0xC0,
    0x00, 0x00, 0x00, 0x00, 0x00, 0x3F, 0xC0, 0x00, 0x00, 0x00, 0x00, 0x00, 0x3F, 0xC0, 0x00, 0x00,
    0x00, 0x00, 0x00, 0x3F, 0xC0, 0x00, 0x00, 0x00, 0x00, 0x00, 0x3F, 0xC0, 0x00, 0x00, 0x00, 0x00,
    0x00, 0x3F, 0xC0, 0x00, 0x00, 0x00, 0x00, 0x00, 0x3F, 0xC0, 0x00, 0x00, 0x00, 0x00, 0x00, 0xBF,
    0xF0, 0x00, 0x00, 0x00, 0x00, 0x0F, 0xFF, 0xFF, 0x00, 0x00, 0x00, 0x00, 0x00, 0x00, 0x00, 0xFC,
    0x03, 0xF0, 0x00, 0x01, 0xFC, 0x03, 0xF4, 0x00, 0x00, 0xFC, 0x03, 0xF0, 0x00, 0x00, 0x60, 0x00,
    0x90, 0x00, 0x00, 0x00, 0x00, 0x00, 0x00, 0x00, 0x00, 0x00, 0x00, 0x00, 0x00, 0x00, 0x00, 0x00,
    0x00, 0x00, 0x00, 0x00, 0x00, 0x00, 0x2F, 0xF9, 0x06, 0xFF, 0x80, 0x0B, 0xF0, 0x00, 0xFE, 0x00,
    0x03, 0xF0, 0x00, 0xFC, 0x00, 0x03, 0xF0, 0x00, 0xFC, 0x00, 0x03, 0xF0, 0x00, 0xFC, 0x00, 0x03,
    0xF0, 0x00, 0xFC, 0x00, 0x03, 0xF0, 0x00, 0xFC, 0x00, 0x03, 0xF8, 0x00, 0xFC, 0x00, 0x00, 0xBF,
    0xFF, 0xFC, 0x00, 0x00, 0x00, 0x00, 0xFC, 0x00, 0x00, 0x00, 0x00, 0xFC, 0x00, 0x00, 0x00, 0x00,
    0xFC, 0x00, 0x00, 0x00, 0x00, 0xFC, 0x00, 0x00, 0x00, 0x00, 0xFC, 0x00, 0x00, 0x00, 0x00, 0xFE,
    0x00, 0x00, 0x00, 0x0F, 0xFF, 0xE0, 0x2A, 0xAA, 0xAA, 0xAA, 0xA8, 0x3F, 0xFF, 0xFF, 0xFF, 0xFE,
    0x3F, 0xFF, 0xFF, 0xFF, 0xFE, 0x3F, 0xFF, 0xFF, 0xFF, 0xFE, 0x3F, 0xC0, 0x00, 0x00, 0x00, 0x3F,
    0xC0, 0x00, 0x00, 0x00, 0x3F, 0xC0, 0x00, 0x00, 0x00, 0x3F, 0xC0, 0x00, 0x00, 0x00, 0x3F, 0xC0,
    0x00, 0x00, 0x00, 0x3F, 0xC0, 0x00, 0x00, 0x00, 0x3F, 0xC0, 0x00, 0x00, 0x00, 0x3F, 0xC0, 0x00,
    0x00, 0x00, 0x3F, 0xC0, 0x00, 0x00, 0x00, 0x3F, 0xC0, 0x00, 0x00, 0x00, 0x3F, 0xC0, 0x00, 0x00,
    0x00, 0x3F, 0xC0, 0x00, 0x00, 0x00, 0x3F, 0xC0, 0x00, 0x00, 0x00, 0x3F, 0xC0, 0x00, 0x00, 0x00,
    0x3F, 0xC0, 0x00, 0x00, 0x00, 0x3F, 0xC0, 0x00, 0x00, 0x00, 0x3F, 0xC0, 0x00, 0x00, 0x00, 0x3F,
    0xC0, 0x00, 0x00, 0x00, 0x3F, 0xC0, 0x00, 0x00, 0x00, 0x3F, 0xC0, 0x00, 0x00, 0x00, 0x3F, 0xFC,
    0x00, 0x00, 0x00, 0x3F, 0xFC, 0x00, 0x00, 0x00, 0x3F, 0xFC, 0x00, 0x00, 0x00, 0x2B, 0xFC, 0x00,
    0x00, 0x00, 0x03, 0xFC, 0x00, 0x00, 0x00, 0x03, 0xFC, 0x00, 0x00, 0x00, 0x03, 0xFC, 0x00, 0x00,
    0x00, 0x03, 0xFC, 0x00, 0x00, 0x00, 0x03, 0xFC, 0x00, 0x00, 0x00, 0x02, 0xA8, 0x00, 0x00, 0x00,
    0x0A, 0xAA, 0xAA, 0xA0, 0x3F, 0xFF, 0xFF, 0xF0, 0x3F, 0xFF, 0xFF, 0xF0, 0x3F, 0xFF, 0xFF, 0xF0,
    0x3F, 0xC0, 0x00, 0x00, 0x3F, 0xC0, 0x00, 0x00, 0x3F, 0xC0, 0x00, 0x00, 0x3F, 0xC0, 0x00, 0x00,
    0x3F, 0xC0, 0x00, 0x00, 0x3F, 0xC0, 0x00, 0x00, 0x3F, 0xC0, 0x00, 0x00, 0x3F, 0xC0, 0x00, 0x00,
    0x3F, 0xC0, 0x00, 0x00, 0x3F, 0xC0, 0x00, 0x00, 0x3F, 0xC0, 0x00, 0x00, 0x3F, 0xC0, 0x00, 0x00,
    0x3F, 0xC0, 0x00, 0x00, 0x3F, 0xE8, 0x00, 0x00, 0x3F, 0xF8, 0x00, 0x00, 0x3F, 0xF8, 0x00, 0x00,
    0x1B, 0xF8, 0x00, 0x00, 0x03, 0xF8, 0x00, 0x00, 0x03, 0xF8, 0x00, 0x00, 0x03, 0xF8, 0x00, 0x00,
    0x03, 0xF8, 0x00, 0x00, 0x00, 0x00, 0x00, 0x00, 0x00, 0x00, 0x00, 0x60, 0x01, 0x80, 0x00, 0x00,
    0x00, 0x00, 0x00, 0x02, 0xF8, 0x0B, 0xF0, 0x00, 0x00, 0x00, 0x00, 0x00, 0x03, 0xFC, 0x0B, 0xF0,
    0x00, 0x00, 0x00, 0x00, 0x00, 0x02, 0xF8, 0x03, 0xE0, 0x00, 0x00, 0x00, 0x00, 0x00, 0x00, 0x00,
    0x00, 0x00, 0x00, 0x00, 0x00, 0x00, 0x00, 0x00, 0x00, 0x00, 0x00, 0x00, 0x00, 0x00, 0x00, 0x00,
    0x00, 0x00, 0x00, 0x00, 0x00, 0x00, 0x00, 0xBF, 0xFF, 0xF8, 0x00, 0x00, 0x0F, 0xFF, 0xFF, 0x00,
    0x07, 0xFF, 0x00, 0x00, 0x00, 0x00, 0xBF, 0xE0, 0x00, 0x02, 0xFD, 0x00, 0x00, 0x00, 0x00, 0x3F,
    0xC0, 0x00, 0x02, 0xFC, 0x00, 0x00, 0x00, 0x00, 0x3F, 0xC0, 0x00, 0x02, 0xFC, 0x00, 0x00, 0x00,
    0x00, 0x3F, 0xC0, 0x00, 0x02, 0xFC, 0x00, 0x00, 0x00, 0x00, 0x3F, 0xC0, 0x00, 0x02, 0xFC, 0x00,
    0x00, 0x00, 0x00, 0x3F, 0xC0, 0x00, 0x02, 0xFC, 0x00, 0x00, 0x00, 0x00, 0x3F, 0xC0, 0x00, 0x02,
    0xFC, 0x00, 0x00, 0x00, 0x00, 0x3F, 0xC0, 0x00, 0x02, 0xFC, 0x00, 0x00, 0x00, 0x00, 0x3F, 0xC0,
    0x00, 0x02, 0xFE, 0xAA, 0x90, 0x00, 0x00, 0x3F, 0xC0, 0x00, 0x02, 0xFF, 0xFF, 0xFF, 0xD0, 0x00,
    0x3F, 0xC0, 0x00, 0x02, 0xFC, 0x00, 0x2F, 0xFC, 0x00, 0x3F, 0xC0, 0x00, 0x02, 0xFC, 0x00, 0x03,
    0xFF, 0x00, 0x3F, 0xC0, 0x00, 0x02, 0xFC, 0x00, 0x00, 0xFF, 0x80, 0x3F, 0xC0, 0x00, 0x02, 0xFC,
    0x00, 0x00, 0xBF, 0xC0, 0x3F, 0xC0, 0x00, 0x02, 0xFC, 0x00, 0x00, 0x3F, 0xC0, 0x3F, 0xC0, 0x00,
    0x02, 0xFC, 0x00, 0x00, 0x3F, 0xC0, 0x3F, 0xC0, 0x00, 0x02, 0xFC, 0x00, 0x00, 0x7F, 0xC0, 0x3F,
    0xC0, 0x00, 0x02, 0xFC, 0x00, 0x00, 0xBF, 0x80, 0x3F, 0xC0, 0x00, 0x02, 0xFC, 0x00, 0x00, 0xFF,
    0x00, 0x3F, 0xC0, 0x00, 0x03, 0xFE, 0x00, 0x0B, 0xFC, 0x00, 0x3F, 0xC0, 0x00, 0x0B, 0xFF, 0xAA,
    0xFF, 0xE0, 0x00, 0xBF, 0xF0, 0x00, 0xBF, 0xFF, 0xFF, 0xFA, 0x00, 0x0F, 0xFF, 0xFF, 0x00, 0x00,
    0x00, 0x00, 0x00, 0x00, 0x00, 0x00, 0x00, 0x02, 0xF0, 0x0B, 0xC0, 0x00, 0x00, 0x00, 0x03, 0xF8,
    0x0F, 0xE0, 0x00, 0x00, 0x00, 0x03, 0xF0, 0x0F, 0xE0, 0x00, 0x00, 0x00, 0x00, 0xA0, 0x02, 0x80,
    0x00, 0x00, 0x00, 0x00, 0x00, 0x00, 0x00, 0x00, 0x00, 0x00, 0x00, 0x00, 0x00, 0x00, 0x00, 0x00,
    0x00, 0x00, 0x00, 0x00, 0x00, 0x00, 0x00, 0x00, 0x00, 0x00, 0x00, 0x00, 0x00, 0x00, 0x2F, 0xF9,
    0x00, 0x00, 0x2F, 0xFD, 0x00, 0x0B, 0xF0, 0x00, 0x00, 0x07, 0xF0, 0x00, 0x03, 0xF0, 0x00, 0x00,
    0x03, 0xF0, 0x00, 0x03, 0xF0, 0x00, 0x00, 0x03, 0xF0, 0x00, 0x03, 0xF0, 0x00, 0x00, 0x03, 0xF0,
    0x00, 0x03, 0xF0, 0x00, 0x00, 0x03, 0xF0, 0x00, 0x03, 0xF0, 0x00, 0x00, 0x03, 0xF0, 0x00, 0x03,
    0xFF, 0xFF, 0x80, 0x03, 0xF0, 0x00, 0x03, 0xF0, 0x1F, 0xF8, 0x03, 0xF0, 0x00, 0x03, 0xF0, 0x02,
    0xFC, 0x03, 0xF0, 0x00, 0x03, 0xF0, 0x00, 0xFE, 0x03, 0xF0, 0x00, 0x03, 0xF0, 0x00, 0xFE, 0x03,
    0xF0, 0x00, 0x03, 0xF0, 0x00, 0xFE, 0x03, 0xF0, 0x00, 0x07, 0xF0, 0x02, 0xFC, 0x03, 0xF0, 0x00,
    0x0B, 0xF4, 0x6F, 0xF4, 0x0B, 0xF0, 0x00, 0xBF, 0xFF, 0xFE, 0x80, 0xBF, 0xFF, 0x00, 0x02, 0xFF,
    0xFF, 0xFF, 0xFF, 0xC0, 0x02, 0xFF, 0xFF, 0xFF, 0xFF, 0xC0, 0x00, 0x0F, 0xF8, 0x00, 0xAF, 0xD0,
    0x00, 0x0F, 0xF4, 0x00, 0x03, 0xD0, 0x00, 0x0F, 0xF4, 0x00, 0x02, 0xE0, 0x00, 0x0F, 0xF4, 0x00,
    0x00, 0xE0, 0x00, 0x0F, 0xF4, 0x00, 0x00, 0xE0, 0x00, 0x0F, 0xF4, 0x00, 0x00, 0x00, 0x00, 0x0F,
    0xF4, 0x00, 0x00, 0x00, 0x00, 0x0F, 0xF4, 0x00, 0x00, 0x00, 0x00, 0x0F, 0xF4, 0x00, 0x00, 0x00,
    0x00, 0x0F, 0xF4, 0x00, 0x00, 0x00, 0x00, 0xAF, 0xFE, 0xAA, 0xA0, 0x00, 0x02, 0xFF, 0xFF, 0xFF,
    0xF0, 0x00, 0x00, 0x0F, 0xF8, 0x00, 0x00, 0x00, 0x00, 0x0F, 0xF4, 0x00, 0x00, 0x00, 0x00, 0x0F,
    0xF4, 0x00, 0x00, 0x00, 0x00, 0x0F, 0xF4, 0x00, 0x00, 0x00, 0x00, 0x0F, 0xF4, 0x00, 0x00, 0x00,
    0x00, 0x0F, 0xF4, 0x00, 0x00, 0x00, 0x00, 0x0F, 0xF4, 0x00, 0x00, 0x00, 0x00, 0x0F, 0xF4, 0x00,
    0x00, 0x00, 0x00, 0x0F, 0xF4, 0x00, 0x00, 0x00, 0x00, 0x0F, 0xF0, 0x00, 0x00, 0x00, 0x00, 0x0F,
    0xF0, 0x00, 0x00, 0x00, 0x00, 0x0F, 0xF0, 0x00, 0x00, 0x00, 0x00, 0x2F, 0xE0, 0x00, 0x00, 0x00,
    0x00, 0x3F, 0xC0, 0x00, 0x00, 0x00, 0x00, 0x3F, 0x80, 0x00, 0x00, 0x00, 0x00, 0xFE, 0x00, 0x00,
    0x00, 0x00, 0x03, 0xF8, 0x00, 0x00, 0x00, 0x00, 0x0F, 0xC0, 0x00, 0x00, 0x00, 0x00, 0x3E, 0x00,
    0x00, 0x00, 0x00, 0x00, 0x00, 0x00, 0x00, 0x00, 0x00, 0x00, 0x02, 0xAA, 0xAA, 0xAA, 0x00, 0x0B,
    0xFF, 0xFF, 0xFF, 0x40, 0x00, 0xBF, 0xC0, 0xBF, 0x80, 0x00, 0x3F, 0x80, 0x0F, 0x80, 0x00, 0x3F,
    0x80, 0x0B, 0x80, 0x00, 0x3F, 0x80, 0x03, 0x80, 0x00, 0x3F, 0x80, 0x02, 0x00, 0x00, 0x3F, 0x80,
    0x00, 0x00, 0x00, 0xBF, 0xC0, 0x00, 0x00, 0x0B, 0xFF, 0xFF, 0xF0, 0x00, 0x02, 0xBF, 0xEA, 0xA0,
    0x00, 0x00, 0x3F, 0x80, 0x00, 0x00, 0x00, 0x3F, 0x80, 0x00, 0x00, 0x00, 0x3F, 0x80, 0x00, 0x00,
    0x00, 0x3F, 0x80, 0x00, 0x00, 0x00, 0x3F, 0x80, 0x00, 0x00, 0x00, 0x3F, 0x80, 0x00, 0x00, 0x00,
    0x3F, 0x80, 0x00, 0x00, 0x00, 0x7F, 0x80, 0x00, 0x00, 0x00, 0xBF, 0x00, 0x00, 0x00, 0x00, 0xBF,
    0x00, 0x00, 0x00, 0x00, 0xFE, 0x00, 0x00, 0x00, 0x01, 0xFC, 0x00, 0x00, 0x00, 0x03, 0xF0, 0x00,
    0x00, 0x00, 0x0B, 0xC0, 0x00, 0x00, 0x00, 0x2E, 0x00, 0x00, 0x00, 0x00, 0x08, 0x00, 0x00, 0x00,
    0x00, 0x3F, 0xFF, 0xF8, 0x00, 0x3F, 0xFF, 0x80, 0x3F, 0xFF, 0xF4, 0x00, 0x3F, 0xFF, 0x00, 0x0B,
    0xFF, 0x80, 0x00, 0x03, 0xF0, 0x00, 0x01, 0xFF, 0xC0, 0x00, 0x0B, 0xC0, 0x00, 0x00, 0xBF, 0xE0,
    0x00, 0x0F, 0x40, 0x00, 0x00, 0x3F, 0xF0, 0x00, 0x2E, 0x00, 0x00, 0x00, 0x0F, 0xFC, 0x00, 0x3C,
    0x00, 0x00, 0x00, 0x03, 0xFF, 0x00, 0xF0, 0x00, 0x00, 0x00, 0x02, 0xFF, 0x82, 0xE0, 0x00, 0x00,
    0x00, 0x00, 0xBF, 0xE3, 0xC0, 0x00, 0x00, 0x00, 0x00, 0x3F, 0xFF, 0x00, 0x00, 0x00, 0x00, 0x00,
    0x0F, 0xFE, 0x00, 0x00, 0x00, 0x00, 0x00, 0x07, 0xFF, 0x00, 0x00, 0x00, 0x00, 0x00, 0x0B, 0xFF,
    0x80, 0x00, 0x00, 0x00, 0x00, 0x0F, 0xFF, 0xE0, 0x00, 0x00, 0x00, 0x00, 0x3C, 0x3F, 0xF0, 0x00,
    0x00, 0x00, 0x00, 0xB8, 0x0F, 0xFC, 0x00, 0x00, 0x00, 0x00, 0xF0, 0x07, 0xFF, 0x00, 0x00, 0x00,
    0x03, 0xC0, 0x02, 0xFF, 0x80, 0x00, 0x00, 0x0B, 0x80, 0x00, 0xFF, 0xD0, 0x00, 0x00, 0x1F, 0x00,
    0x00, 0x3F, 0xF0, 0x00, 0x00, 0x3C, 0x00, 0x00, 0x2F, 0xF8, 0x00, 0x00, 0xF8, 0x00, 0x00, 0x0F,
    0xFC, 0x00, 0x02, 0xF0, 0x00, 0x00, 0x0B, 0xFC, 0x00, 0x1F, 0xF8, 0x00, 0x00, 0x03, 0xFC, 0x00,
    0xBF, 0xFF, 0x00, 0x00, 0x03, 0xF8, 0x00, 0x2A, 0xAA, 0x00, 0x00, 0x0B, 0xF8, 0x00, 0x00, 0x00,
    0x00, 0x00, 0x0F, 0xF0, 0x00, 0x00, 0x00, 0x00, 0x00, 0x2F, 0xC0, 0x00, 0x00, 0x00, 0x00, 0x00,
    0xBF, 0x00, 0x00, 0x00, 0x00, 0x00, 0x03, 0xF8, 0x00, 0x00, 0x00, 0x00, 0x00, 0x0B, 0xC0, 0x00,
    0x00, 0x00, 0x00, 0x00, 0x00, 0x00, 0x00, 0x00, 0x2A, 0xAA, 0x80, 0xAA, 0xA0, 0xBF, 0xFF, 0xC0,
    0xFF, 0xF8, 0x0F, 0xFE, 0x00, 0x2F, 0xC0, 0x03, 0xFE, 0x00, 0x2F, 0x00, 0x00, 0xFF, 0x80, 0x7C,
    0x00, 0x00, 0x3F, 0xD0, 0xF0, 0x00, 0x00, 0x2F, 0xF6, 0xE0, 0x00, 0x00, 0x0B, 0xFF, 0x80, 0x00,
    0x00, 0x02, 0xFF, 0x00, 0x00, 0x00, 0x00, 0xFF, 0xC0, 0x00, 0x00, 0x03, 0xFF, 0xE0, 0x00, 0x00,
    0x0B, 0x8F, 0xF8, 0x00, 0x00, 0x2E, 0x07, 0xFC, 0x00, 0x00, 0x3C, 0x02, 0xFF, 0x00, 0x00, 0xF4,
    0x00, 0xBF, 0xC0, 0x02, 0xE0, 0x00, 0x3F, 0xC0, 0x1F, 0xE0, 0x00, 0x2F, 0xE0, 0xBF, 0xFC, 0x00,
    0x0F, 0xE0, 0x2A, 0xA8, 0x00, 0x0F, 0xE0, 0x00, 0x00, 0x00, 0x0F, 0xC0, 0x00, 0x00, 0x00, 0x2F,
    0x80, 0x00, 0x00, 0x00, 0x3F, 0x00, 0x00, 0x00, 0x01, 0xFC, 0x00, 0x00, 0x00, 0x0B, 0xE0, 0x00,
    0x00, 0x00, 0x02, 0x00, 0x00, 0x0A, 0xA8, 0x00, 0x00, 0x00, 0xAA, 0x80, 0x0B, 0xFE, 0x00, 0x00,
    0x02, 0xFF, 0x40, 0x03, 0xFF, 0x00, 0x00, 0x07, 0xFE, 0x00, 0x00, 0xFF, 0xC0, 0x00, 0x0F, 0xFC,
    0x00, 0x00, 0xBF, 0xE0, 0x00, 0x2F, 0xF0, 0x00, 0x00, 0x2F, 0xF0, 0x00, 0xBF, 0xE0, 0x00, 0x00,
    0x0F, 0xFC, 0x00, 0xFF, 0xC0, 0x00, 0x00, 0x07, 0xFE, 0x02, 0xFF, 0x00, 0x00, 0x00, 0x02, 0xFF,
    0x0B, 0xFE, 0x00, 0x00, 0x00, 0x00, 0xFF, 0xDF, 0xF8, 0x00, 0x00, 0x00, 0x00, 0x3F, 0xFF, 0xF0,
    0x00, 0x00, 0x01, 0xAA, 0xBF, 0xFF, 0xFA, 0xA8, 0x00, 0x02, 0xFF, 0xFF, 0xFF, 0xFF, 0xFE, 0x00,
    0x02, 0xFF, 0xFF, 0xFF, 0xFF, 0xFE, 0x00, 0x02, 0xFF, 0xFF, 0xFF, 0xFF, 0xFE, 0x00, 0x00, 0xAA,
    0xBF, 0xFF, 0xFA, 0xA8, 0x00, 0x00, 0x00, 0x3F, 0xFF, 0xF0, 0x00, 0x00, 0x00, 0x00, 0xFF, 0xEF,
    0xF8, 0x00, 0x00, 0x00, 0x02, 0xFF, 0x0B, 0xFC, 0x00, 0x00, 0x00, 0x07, 0xFE, 0x03, 0xFF, 0x00,
    0x00, 0x00, 0x0F, 0xFC, 0x00, 0xFF, 0x80, 0x00, 0x00, 0x3F, 0xF0, 0x00, 0xBF, 0xD0, 0x00, 0x00,
    0xBF, 0xE0, 0x00, 0x3F, 0xF0, 0x00, 0x00, 0xFF, 0xC0, 0x00, 0x0F, 0xF8, 0x00, 0x03, 0xFF, 0x00,
    0x00, 0x0B, 0xFE, 0x00, 0x0B, 0xFE, 0x00, 0x00, 0x03, 0xFF, 0x00, 0x0F, 0xFC, 0x00, 0x00, 0x00,
    0xFF, 0xC0, 0x1A, 0xA0, 0x00, 0x00, 0x00, 0x6A, 0x80, 0x0A, 0x80, 0x00, 0x02, 0xA4, 0x0F, 0xF0,
    0x00, 0x0F, 0xF4, 0x0B, 0xFC, 0x00, 0x2F, 0xE0, 0x02, 0xFE, 0x00, 0x3F, 0xC0, 0x00, 0xFF, 0x00,
    0xFF, 0x00, 0x00, 0x7F, 0xC2, 0xFE, 0x00, 0x00, 0x2F, 0xEB, 0xFC, 0x00, 0x00, 0x0F, 0xFF, 0xF0,
    0x00, 0x02, 0xAF, 0xFF, 0xFA, 0x80, 0x03, 0xFF, 0xFF, 0xFF, 0xC0, 0x03, 0xFF, 0xFF, 0xFF, 0xC0,
    0x03, 0xFF, 0xFF, 0xFF, 0xC0, 0x00, 0xAF, 0xFF, 0xFA, 0x00, 0x00, 0x0F, 0xFF, 0xF0, 0x00, 0x00,
    0x3F, 0xD7, 0xFC, 0x00, 0x00, 0xBF, 0x82, 0xFE, 0x00, 0x01, 0xFF, 0x00, 0xFF, 0x40, 0x03, 0xFC,
    0x00, 0x3F, 0xC0, 0x0F, 0xF8, 0x00, 0x2F, 0xE0, 0x2F, 0xF0, 0x00, 0x0F, 0xF4, 0x2A, 0x80, 0x00,
    0x02, 0xA8, 0x2A, 0xAA, 0xAA, 0xAA, 0xBF, 0xFF, 0xFF, 0xFF, 0xBF, 0xFF, 0xFF, 0xFF, 0xBF, 0xFF,
    0xFF, 0xFF, 0xBF, 0xFF, 0xFF, 0xFF, 0x00, 0x00, 0x00, 0x00, 0x2A, 0xAA, 0xAA, 0xAA, 0xAA, 0xAA,
    0xAA, 0xBF, 0xFF, 0xFF, 0xFF, 0xFF, 0xFF, 0xFF, 0xBF, 0xFF, 0xFF, 0xFF, 0xFF, 0xFF, 0xFF, 0xBF,
    0xFF, 0xFF, 0xFF, 0xFF, 0xFF, 0xFF, 0xBF, 0xFF, 0xFF, 0xFF, 0xFF, 0xFF, 0xFF, 0x00, 0x00, 0x00,
    0x00, 0x00, 0x00, 0x00, 0x00, 0x00, 0x03, 0xF8, 0x03, 0xF0, 0x0B, 0xF0, 0x0F, 0xD0, 0x2F, 0xC0,
    0x3F, 0xF8, 0x3F, 0xFC, 0xBF, 0xFE, 0xBF, 0xFE, 0x3F, 0xFC, 0x2F, 0xF8, 0x06, 0x90, 0x06, 0x90,
    0x2F, 0xF8, 0x3F, 0xFC, 0xBF, 0xFE, 0xBF, 0xFE, 0x3F, 0xFC, 0x2F, 0xFC, 0x03, 0xF8, 0x07, 0xF0,
    0x0F, 0xE0, 0x0F, 0xC0, 0x2F, 0xC0, 0x00, 0x00, 0x0B, 0xE0, 0x3F, 0xFC, 0x7F, 0xFC, 0xBF, 0xFE,
    0xBF, 0xFE, 0x3F, 0xFC, 0x0F, 0xFC, 0x03, 0xF8, 0x0B, 0xF0, 0x0F, 0xE0, 0x0F, 0xC0, 0x2F, 0xC0,
    0x00, 0x00, 0x00, 0x00, 0x00, 0x00, 0x03, 0xF8, 0x03, 0xF8, 0x03, 0xF0, 0x03, 0xF0, 0x0B, 0xF0,
    0x0B, 0xF0, 0x0F, 0xD0, 0x0F, 0xD0, 0x2F, 0xC0, 0x2F, 0xC0, 0x3F, 0xF8, 0x3F, 0xF4, 0x3F, 0xFC,
    0x3F, 0xFC, 0xBF, 0xFE, 0xBF, 0xFE, 0xBF, 0xFE, 0xBF, 0xFE, 0x3F, 0xFC, 0x3F, 0xFC, 0x2F, 0xF8,
    0x2F, 0xF8, 0x06, 0x90, 0x06, 0x90, 0x06, 0x90, 0x06, 0x80, 0x2F, 0xF8, 0x2F, 0xF8, 0x3F, 0xFC,
    0x3F, 0xFC, 0xBF, 0xFE, 0xBF, 0xFE, 0xBF, 0xFE, 0xBF, 0xFE, 0x3F, 0xFC, 0x3F, 0xFC, 0x2F, 0xFC,
    0x2F, 0xFC, 0x03, 0xF8, 0x03, 0xF8, 0x07, 0xF0, 0x0B, 0xF0, 0x0F, 0xE0, 0x0F, 0xE0, 0x0F, 0xC0,
    0x0F, 0xC0, 0x2F, 0xC0, 0x2F, 0xC0, 0x00, 0x00, 0x00, 0x00, 0x0B, 0xE0, 0x0B, 0xE0, 0x3F, 0xFC,
    0x3F, 0xFC, 0x7F, 0xFC, 0x7F, 0xFC, 0xBF, 0xFE, 0xBF, 0xFE, 0xBF, 0xFE, 0xBF, 0xFD, 0x3F, 0xFC,
    0x3F, 0xFC, 0x0F, 0xFC, 0x0F, 0xFC, 0x03, 0xF8, 0x03, 0xF4, 0x0B, 0xF0, 0x0B, 0xF0, 0x0F, 0xE0,
    0x0F, 0xE0, 0x0F, 0xC0, 0x0F, 0xC0, 0x2F, 0xC0, 0x2F, 0xC0, 0x00, 0x00, 0x00, 0x00, 0x00, 0x00,
    0x00, 0x00, 0x00, 0x00, 0x03, 0xFF, 0x00, 0x00, 0x00, 0x03, 0xFF, 0x00, 0x00, 0x00, 0x03, 0xFF,
    0x00, 0x00, 0x00, 0x03, 0xFF, 0x00, 0x00, 0x00, 0x03, 0xFF, 0x00, 0x00, 0x00, 0x03, 0xFF, 0x80,
    0x00, 0xBF, 0xFF, 0xFF, 0xFF, 0xFC, 0xBF, 0xFF, 0xFF, 0xFF, 0xFC, 0xBF, 0xFF, 0xFF, 0xFF, 0xFC,
    0xBF, 0xFF, 0xFF, 0xFF, 0xFC, 0x00, 0x03, 0xFF, 0x80, 0x00, 0x00, 0x03, 0xFF, 0x00, 0x00, 0x00,
    0x03, 0xFF, 0x00, 0x00, 0x00, 0x03, 0xFF, 0x00, 0x00, 0x00, 0x03, 0xFF, 0x00, 0x00, 0x00, 0x03,
    0xFF, 0x00, 0x00, 0x00, 0x03, 0xFF, 0x00, 0x00, 0x00, 0x03, 0xFF, 0x00, 0x00, 0x00, 0x03, 0xFF,
    0x00, 0x00, 0x00, 0x03, 0xFF, 0x00, 0x00, 0x00, 0x03, 0xFF, 0x00, 0x00, 0x00, 0x03, 0xFF, 0x00,
    0x00, 0x00, 0x03, 0xFF, 0x00, 0x00, 0x00, 0x03, 0xFF, 0x00, 0x00, 0x00, 0x00, 0x00, 0x00, 0x00,
    0x00, 0x03, 0xFF, 0x00, 0x00, 0x00, 0x03, 0xFF, 0x00, 0x00, 0x00, 0x03, 0xFF, 0x00, 0x00, 0x00,
    0x03, 0xFF, 0x00, 0x00, 0x00, 0x03, 0xFF, 0x00, 0x00, 0x00, 0x03, 0xFF, 0x80, 0x00, 0xBF, 0xFF,
    0xFF, 0xFF, 0xFC, 0xBF, 0xFF, 0xFF, 0xFF, 0xFC, 0xBF, 0xFF, 0xFF, 0xFF, 0xFC, 0xBF, 0xFF, 0xFF,
    0xFF, 0xFC, 0x00, 0x03, 0xFF, 0x80, 0x00, 0x00, 0x03, 0xFF, 0x00, 0x00, 0x00, 0x03, 0xFF, 0x00,
    0x00, 0x2A, 0xAB, 0xFF, 0xAA, 0xA8, 0xBF, 0xFF, 0xFF, 0xFF, 0xFC, 0xBF, 0xFF, 0xFF, 0xFF, 0xFC,
    0xBF, 0xFF, 0xFF, 0xFF, 0xFC, 0x6A, 0xAB, 0xFF, 0xEA, 0xA8, 0x00, 0x03, 0xFF, 0x00, 0x00, 0x00,
    0x03, 0xFF, 0x00, 0x00, 0x00, 0x03, 0xFF, 0x00, 0x00, 0x00, 0x03, 0xFF, 0x00, 0x00, 0x00, 0x03,
    0xFF, 0x00, 0x00, 0x00, 0x03, 0xFF, 0x00, 0x00, 0x00, 0x00, 0x00, 0x00, 0x00, 0xFF, 0xF0, 0x00,
    0x0B, 0xFF, 0xFC, 0x00, 0x0F, 0xFF, 0xFF, 0x00, 0x3F, 0xFF, 0xFF, 0x80, 0x3F, 0xFF, 0xFF, 0xC0,
    0x3F, 0xFF, 0xFF, 0xC0, 0x3F, 0xFF, 0xFF, 0xC0, 0x3F, 0xFF, 0xFF, 0x80, 0x2F, 0xFF, 0xFF, 0x00,
    0x0F, 0xFF, 0xFE, 0x00, 0x02, 0xFF, 0xF8, 0x00, 0x00, 0x2A, 0x80, 0x00, 0x0B, 0xE0, 0x00, 0xB8,
    0x00, 0x2F, 0x80, 0x3F, 0xFC, 0x03, 0xFF, 0x00, 0xFF, 0xE0, 0x7F, 0xFC, 0x0F, 0xFF, 0xC2, 0xFF,
    0xF0, 0xBF, 0xFE, 0x0F, 0xFF, 0xC2, 0xFF, 0xF8, 0xBF, 0xFE, 0x0F, 0xFF, 0xC2, 0xFF, 0xF4, 0x3F,
    0xFC, 0x0B, 0xFF, 0x80, 0xFF, 0xF0, 0x0F, 0xF0, 0x03, 0xFE, 0x00, 0x7F, 0xC0, 0x00, 0x00, 0x00,
    0x00, 0x00, 0x00, 0x00, 0x00, 0x0A, 0xA0, 0x00, 0x00, 0x00, 0x00, 0x00, 0x00, 0x00, 0x00, 0x00,
    0x00, 0x00, 0xFF, 0xFF, 0x00, 0x00, 0x03, 0xFF, 0x00, 0x00, 0x00, 0x00, 0x00, 0x00, 0x03, 0xFF,
    0xFF, 0xC0, 0x00, 0x0B, 0xFC, 0x00, 0x00, 0x00, 0x00, 0x00, 0x00, 0x0F, 0xFF, 0xFF, 0xF0, 0x00,
    0x0F, 0xF8, 0x00, 0x00, 0x00, 0x00, 0x00, 0x00, 0x2F, 0xFF, 0xFF, 0xF8, 0x00, 0x3F, 0xF0, 0x00,
    0x00, 0x00, 0x00, 0x00, 0x00, 0x3F, 0xF0, 0x0F, 0xFC, 0x00, 0xBF, 0xC0, 0x00, 0x00, 0x00, 0x00,
    0x00, 0x00, 0x3F, 0xE0, 0x0B, 0xFC, 0x01, 0xFF, 0x80, 0x00, 0x00, 0x00, 0x00, 0x00, 0x00, 0x3F,
    0xC0, 0x03, 0xFC, 0x03, 0xFF, 0x00, 0x00, 0x00, 0x00, 0x00, 0x00, 0x00, 0x3F, 0xE0, 0x0B, 0xFC,
    0x0F, 0xFC, 0x00, 0x00, 0x00, 0x00, 0x00, 0x00, 0x00, 0x3F, 0xF0, 0x1F, 0xFC, 0x2F, 0xF4, 0x00,
    0x00, 0x00, 0x00, 0x00, 0x00, 0x00, 0x2F, 0xFF, 0xFF, 0xF8, 0x3F, 0xE0, 0x00, 0x00, 0x00, 0x00,
    0x00, 0x00, 0x00, 0x0F, 0xFF, 0xFF, 0xF0, 0xFF, 0xC0, 0xBF, 0xE0, 0x00, 0x00, 0xBF, 0x90, 0x00,
    0x03, 0xFF, 0xFF, 0xC2, 0xFF, 0x03, 0xFF, 0xFE, 0x00, 0x0B, 0xFF, 0xFC, 0x00, 0x00, 0xFF, 0xFE,
    0x03, 0xFE, 0x0F, 0xFF, 0xFF, 0x80, 0x3F, 0xFF, 0xFF, 0x00, 0x00, 0x0A, 0xA0, 0x0F, 0xFC, 0x3F,
    0xFF, 0xFF, 0xD0, 0xBF, 0xFF, 0xFF, 0xC0, 0x00, 0x00, 0x00, 0x2F, 0xF0, 0xBF, 0xFA, 0xFF, 0xF0,
    0xFF, 0xFA, 0xFF, 0xC0, 0x00, 0x00, 0x00, 0x7F, 0xE0, 0xFF, 0xC0, 0x2F, 0xF0, 0xFF, 0x80, 0x3F,
    0xE0, 0x00, 0x00, 0x00, 0xFF, 0xC0, 0xFF, 0x80, 0x0F, 0xF2, 0xFF, 0x00, 0x3F, 0xF0, 0x00, 0x00,
    0x03, 0xFF, 0x00, 0xFF, 0x80, 0x0F, 0xF2, 0xFF, 0x00, 0x2F, 0xF0, 0x00, 0x00, 0x0B, 0xFD, 0x00,
    0xFF, 0xC0, 0x2F, 0xF0, 0xFF, 0x00, 0x3F, 0xE0, 0x00, 0x00, 0x0F, 0xF8, 0x00, 0xBF, 0xF0, 0xBF,
    0xF0, 0xFF, 0xE0, 0xFF, 0xE0, 0x00, 0x00, 0x3F, 0xF0, 0x00, 0x3F, 0xFF, 0xFF, 0xE0, 0xBF, 0xFF,
    0xFF, 0xC0, 0x00, 0x00, 0xBF, 0xC0, 0x00, 0x2F, 0xFF, 0xFF, 0xC0, 0x3F, 0xFF, 0xFF, 0x40, 0x00,
    0x00, 0xFF, 0x80, 0x00, 0x0B, 0xFF, 0xFF, 0x00, 0x0F, 0xFF, 0xFE, 0x00, 0x00, 0x03, 0xFF, 0x00,
    0x00, 0x00, 0xFF, 0xF8, 0x00, 0x02, 0xFF, 0xF0, 0x00, 0x00, 0x00, 0x00, 0x00, 0x00, 0x00, 0x00,
    0x00, 0x00, 0x00, 0x00, 0x00, 0x00, 0x00, 0x2F, 0xFF, 0x00, 0x00, 0x3F, 0xFC, 0x00, 0x00, 0xFF,
    0xF8, 0x00, 0x02, 0xFF, 0xF0, 0x00, 0x03, 0xFF, 0xC0, 0x00, 0x0F, 0xFF, 0x80, 0x00, 0x2F, 0xFF,
    0x00, 0x00, 0x7F, 0xFC, 0x00, 0x00, 0x3F, 0xFC, 0x00, 0x00, 0x2F, 0xFF, 0x00, 0x00, 0x0F, 0xFF,
    0x80, 0x00, 0x03, 0xFF, 0xE0, 0x00, 0x01, 0xFF, 0xF0, 0x00, 0x00, 0xBF, 0xFC, 0x00, 0x00, 0x3F,
    0xFE, 0x00, 0x00, 0x0A, 0xAA, 0x00, 0x3F, 0xFC, 0x00, 0x00, 0x3F, 0xFF, 0x00, 0x00, 0x0F, 0xFF,
    0x80, 0x00, 0x07, 0xFF, 0xC0, 0x00, 0x02, 0xFF, 0xF0, 0x00, 0x00, 0xFF, 0xF8, 0x00, 0x00, 0x3F,
    0xFC, 0x00, 0x00, 0x2F, 0xFF, 0x00, 0x00, 0x2F, 0xFF, 0x00, 0x00, 0xBF, 0xFC, 0x00, 0x00, 0xFF,
    0xF4, 0x00, 0x03, 0xFF, 0xE0, 0x00, 0x0B, 0xFF, 0xC0, 0x00, 0x0F, 0xFF, 0x00, 0x00, 0x3F, 0xFE,
    0x00, 0x00, 0x2A, 0xA8, 0x00, 0x00, 0x00, 0x00, 0x00, 0x00, 0x00, 0x00, 0x00, 0x00, 0x00, 0x00,
    0x3F, 0xE0, 0x00, 0x00, 0x00, 0x00, 0xFF, 0xC0, 0x00, 0x00, 0x00, 0x02, 0xFF, 0x00, 0x00, 0x00,
    0x00, 0x07, 0xFE, 0x00, 0x00, 0x00, 0x00, 0x0F, 0xFC, 0x00, 0x00, 0x00, 0x00, 0x3F, 0xF0, 0x00,
    0x00, 0x00, 0x00, 0xBF, 0xD0, 0x00, 0x00, 0x00, 0x00, 0xFF, 0x80, 0x00, 0x00, 0x00, 0x03, 0xFF,
    0x00, 0x00, 0x00, 0x00, 0x0B, 0xFC, 0x00, 0x00, 0x00, 0x00, 0x0F, 0xF8, 0x00, 0x00, 0x00, 0x00,
    0x3F, 0xF0, 0x00, 0x00, 0x00, 0x00, 0xBF, 0xC0, 0x00, 0x00, 0x00, 0x01, 0xFF, 0x80, 0x00, 0x00,
    0x00, 0x03, 0xFF, 0x00, 0x00, 0x00, 0x00, 0x0F, 0xFC, 0x00, 0x00, 0x00, 0x00, 0x2F, 0xF4, 0x00,
    0x00, 0x00, 0x00, 0x3F, 0xE0, 0x00, 0x00, 0x00, 0x00, 0xFF, 0xC0, 0x00, 0x00, 0x00, 0x02, 0xFF,
    0x00, 0x00, 0x00, 0x00, 0x03, 0xFE, 0x00, 0x00, 0x00, 0x00, 0x0F, 0xFC, 0x00, 0x00, 0x00, 0x00,
    0x2F, 0xF0, 0x00, 0x00, 0x00, 0x00, 0x3F, 0xE0, 0x00, 0x00, 0x00, 0x00, 0x00, 0x00, 0x00, 0x00,
    0x00, 0x03, 0xFC, 0x00, 0x00, 0x0F, 0xFC, 0x00, 0x00, 0x3F, 0xFC, 0x00, 0x00, 0xBF, 0xFC, 0x00,
    0x02, 0xFF, 0xFC, 0x00, 0x03, 0xFA, 0xFC, 0x00, 0x0F, 0xE2, 0xFC, 0x00, 0x3F, 0xEB, 0xFE, 0x80,
    0x3F, 0xFF, 0xFF, 0xC0, 0x3F, 0xFF, 0xFF, 0xC0, 0x2A, 0xAB, 0xFF, 0x80, 0x00, 0x02, 0xFC, 0x00,
    0x00, 0x02, 0xFC, 0x00, 0x00, 0x00, 0xA8, 0x00, 0x00, 0x00, 0x01, 0xAA, 0x80, 0x00, 0x00, 0x00,
    0x2F, 0xFF, 0xFD, 0x00, 0x00, 0x02, 0xFF, 0xFF, 0xFF, 0x80, 0x00, 0x0B, 0xFF, 0xFF, 0xFF, 0xF0,
    0x00, 0x0F, 0xFF, 0xFF, 0xFF, 0xF8, 0x00, 0x3F, 0xFF, 0x80, 0xBF, 0xFC, 0x00, 0xBF, 0xFC, 0x00,
    0x1F, 0xE4, 0x00, 0xFF, 0xF0, 0x00, 0x0A, 0x00, 0x00, 0xFF, 0xF0, 0x00, 0x00, 0x00, 0x3F, 0xFF,
    0xFF, 0xFF, 0x00, 0x00, 0x3F, 0xFF, 0xFF, 0xFE, 0x00, 0x00, 0xAB, 0xFF, 0xFA, 0xA8, 0x00, 0x00,
    0x02, 0xFF, 0xC0, 0x00, 0x00, 0x00, 0x02, 0xFF, 0xC0, 0x00, 0x00, 0x00, 0x3F, 0xFF, 0xFF, 0xC0,
    0x00, 0x00, 0x7F, 0xFF, 0xFF, 0x80, 0x00, 0x00, 0xAA, 0xFF, 0xFA, 0x00, 0x00, 0x00, 0x00, 0xFF,
    0xF0, 0x00, 0x00, 0x00, 0x00, 0xFF, 0xF8, 0x00, 0x0B, 0x80, 0x00, 0x7F, 0xFE, 0x00, 0x2F, 0xF8,
    0x00, 0x3F, 0xFF, 0xEA, 0xFF, 0xFC, 0x00, 0x0F, 0xFF, 0xFF, 0xFF, 0xF4, 0x00, 0x03, 0xFF, 0xFF,
    0xFF, 0xE0, 0x00, 0x00, 0xFF, 0xFF, 0xFF, 0x00, 0x00, 0x00, 0x1F, 0xFF, 0xF8, 0x00, 0x00, 0x00,
    0x00, 0x00, 0x00, 0x00, 0x00, 0x2A, 0xA0, 0x00, 0x00, 0x00, 0x3F, 0xFF, 0x80, 0x00, 0x00, 0x3F,
    0xFF, 0xF8, 0x00, 0x00, 0x3F, 0xFF, 0xFF, 0x00, 0x00, 0x2B, 0xFF, 0xFF, 0x80, 0x00, 0x00, 0x07,
    0xFF, 0xD0, 0x00, 0x00, 0x00, 0xBF, 0xF0, 0x00, 0x00, 0x00, 0x2F, 0xF0, 0x00, 0x00, 0x00, 0x0F,
    0xF8, 0x00, 0x0B, 0xFA, 0x0B, 0xF8, 0x00, 0xFF, 0xFF, 0xDB, 0xFC, 0x03, 0xFF, 0xFF, 0xFF, 0xFC,
    0x0F, 0xFF, 0xFF, 0xFF, 0xFC, 0x2F, 0xFF, 0xEF, 0xFF, 0xFC, 0x3F, 0xFE, 0x00, 0xFF, 0xFC, 0x7F,
    0xF8, 0x00, 0x3F, 0xFC, 0xBF, 0xF0, 0x00, 0x3F, 0xFC, 0xBF, 0xF0, 0x00, 0x3F, 0xFC, 0xBF, 0xF0,
    0x00, 0x3F, 0xF8, 0x3F, 0xFC, 0x00, 0xBF, 0xF0, 0x3F, 0xFF, 0x02, 0xFF, 0xF0, 0x2F, 0xFF, 0xFF,
    0xFF, 0xC0, 0x0B, 0xFF, 0xFF, 0xFF, 0x80, 0x02, 0xFF, 0xFF, 0xFD, 0x00, 0x00, 0x2F, 0xFF, 0xE0,
    0x00, 0x00, 0x00, 0x00, 0x00, 0x00, 0x00, 0x00, 0x00, 0x00, 0x00, 0xBF, 0xFF, 0xFF, 0xFF, 0xFE,
    0xBF, 0xFF, 0xFF, 0xFF, 0xFE, 0xBF, 0xFF, 0xFF, 0xFF, 0xFE, 0xBF, 0xFF, 0xFF, 0xFF, 0xFE, 0xBF,
    0xC0, 0x00, 0x03, 0xFE, 0xBF, 0xC0, 0x00, 0x03, 0xFE, 0xBF, 0xC0, 0x00, 0x03, 0xFE, 0xBF, 0xC0,
    0x00, 0x03, 0xFE, 0xBF, 0xC0, 0x00, 0x03, 0xFE, 0xBF, 0xC0, 0x00, 0x03, 0xFE, 0xBF, 0xC0, 0x00,
    0x03, 0xFE, 0xBF, 0xC0, 0x00, 0x03, 0xFE, 0xBF, 0xC0, 0x00, 0x03, 0xFE, 0xBF, 0xC0, 0x00, 0x03,
    0xFE, 0xBF, 0xC0, 0x00, 0x03, 0xFE, 0xBF, 0xC0, 0x00, 0x03, 0xFE, 0xBF, 0xC0, 0x00, 0x03, 0xFE,
    0xBF, 0xC0, 0x00, 0x03, 0xFE, 0xBF, 0xC0, 0x00, 0x03, 0xFE, 0xBF, 0xC0, 0x00, 0x03, 0xFE, 0xBF,
    0xC0, 0x00, 0x03, 0xFE, 0xBF, 0xC0, 0x00, 0x03, 0xFE, 0xBF, 0xC0, 0x00, 0x03, 0xFE, 0xBF, 0xC0,
    0x00, 0x03, 0xFE, 0xBF, 0xC0, 0x00, 0x03, 0xFE, 0xBF, 0xC0, 0x00, 0x03, 0xFE, 0xBF, 0xC0, 0x00,
    0x03, 0xFE, 0xBF, 0xC0, 0x00, 0x03, 0xFE, 0xBF, 0xC0, 0x00, 0x03, 0xFE, 0xAA, 0x80, 0x00, 0x02,
    0xAA, 0x00, 0x00, 0x00, 0x00, 0x00, 0xBF, 0xFF, 0xFF, 0xFF, 0xFF, 0xBF, 0xFF, 0xFF, 0xFF, 0xFF,
    0xBF, 0xFF, 0xFF, 0xFF, 0xFF, 0xBF, 0xFF, 0xFF, 0xFF, 0xFF, 0xBF, 0xFE, 0xAA, 0xAA, 0xA9, 0x3F,
    0xFE, 0x00, 0x00, 0x00, 0x0F, 0xFF, 0x80, 0x00, 0x00, 0x03, 0xFF, 0xD0, 0x00, 0x00, 0x00, 0xFF,
    0xF0, 0x00, 0x00, 0x00, 0xBF, 0xFC, 0x00, 0x00, 0x00, 0x2F, 0xFF, 0x00, 0x00, 0x00, 0x0F, 0xFF,
    0x80, 0x00, 0x00, 0x03, 0xFF, 0xE0, 0x00, 0x00, 0x00, 0xFF, 0xF4, 0x00, 0x00, 0x00, 0xBF, 0xFC,
    0x00, 0x00, 0x00, 0xFF, 0xF8, 0x00, 0x00, 0x02, 0xFF, 0xF0, 0x00, 0x00, 0x0B, 0xFF, 0xC0, 0x00,
    0x00, 0x0F, 0xFF, 0x00, 0x00, 0x00, 0x3F, 0xFD, 0x00, 0x00, 0x00, 0xFF, 0xF8, 0x00, 0x00, 0x02,
    0xFF, 0xE0, 0x00, 0x00, 0x0B, 0xFF, 0xC0, 0x00, 0x00, 0x1F, 0xFF, 0x00, 0x00, 0x00, 0x3F, 0xFC,
    0x00, 0x00, 0x00, 0xBF, 0xFF, 0xFF, 0xFF, 0xFF, 0xBF, 0xFF, 0xFF, 0xFF, 0xFF, 0xBF, 0xFF, 0xFF,
    0xFF, 0xFF, 0xBF, 0xFF, 0xFF, 0xFF, 0xFF, 0xBF, 0xFF, 0xFF, 0xFF, 0xFE, 0x2A, 0xAA, 0xAA, 0xAA,
    0xA8, 0xBF, 0xFF, 0xFF, 0xFF, 0xFC, 0xBF, 0xFF, 0xFF, 0xFF, 0xFC, 0xBF, 0xFF, 0xFF, 0xFF, 0xFC,
    0xBF, 0xFF, 0xFF, 0xFF, 0xFC, 0x00, 0x00, 0x00, 0x00, 0x00, 0x00, 0x00, 0x00, 0x00, 0x00, 0x00,
    0x00, 0x00, 0x00, 0x00, 0x3F, 0xF8, 0x00, 0x00, 0x00, 0x00, 0xFF, 0xF0, 0x00, 0x00, 0x00, 0x02,
    0xFF, 0xC0, 0x00, 0x00, 0x00, 0x07, 0xFF, 0x80, 0x00, 0x00, 0x00, 0x0F, 0xFF, 0x00, 0x00, 0x00,
    0x00, 0x3F, 0xFC, 0x00, 0x00, 0x00, 0x00, 0xBF, 0xF4, 0x00, 0x00, 0x00, 0x00, 0xFF, 0xE0, 0x00,
    0x00, 0x00, 0x03, 0xFF, 0xC0, 0x00, 0x00, 0x00, 0x0B, 0xFF, 0x00, 0x00, 0x00, 0x00, 0x0F, 0xFE,
    0x00, 0x00, 0x00, 0x00, 0x3F, 0xFC, 0x00, 0x00, 0x00, 0x00, 0xBF, 0xF0, 0x00, 0x00, 0x00, 0x01,
    0xFF, 0xE0, 0x00, 0x00, 0x00, 0x03, 0xFF, 0xC0, 0x00, 0x00, 0x00, 0x0F, 0xFF, 0x00, 0x00, 0x00,
    0x00, 0x2F, 0xFD, 0x00, 0x00, 0x00, 0x00, 0x3F, 0xF8, 0x00, 0x00, 0x00, 0x00, 0xFF, 0xF0, 0x00,
    0x00, 0x00, 0x02, 0xFF, 0xC0, 0x00, 0x00, 0x00, 0x03, 0xFF, 0x80, 0x00, 0x00, 0x00, 0x0F, 0xFF,
    0x00, 0x00, 0x00, 0x00, 0x2F, 0xFC, 0x00, 0x00, 0x00, 0x00, 0x3F, 0xF8, 0x00, 0x00, 0x00, 0x00,
    0x0B, 0xE0, 0x3F, 0xFC, 0x7F, 0xFD, 0xBF, 0xFE, 0xBF, 0xFE, 0x3F, 0xFC, 0x0F, 0xF0, 0x00, 0x00,
    0x00, 0x00, 0x00, 0x00, 0x00, 0x00, 0x00, 0x00, 0x00, 0x00, 0x2F, 0xFC, 0x00, 0x00, 0x00, 0x00,
    0x2F, 0xF8, 0x00, 0x00, 0x00, 0x00, 0x3F, 0xF8, 0x00, 0x00, 0x00, 0x00, 0x3F, 0xF0, 0x00, 0x00,
    0x00, 0x00, 0xBF, 0xF0, 0x00, 0x00, 0x00, 0x00, 0xFF, 0xE0, 0x00, 0x00, 0x00, 0x00, 0xFF, 0xD0,
    0x00, 0x00, 0x00, 0x00, 0xFF, 0xC0, 0x00, 0x00, 0x00, 0x02, 0xFF, 0xC0, 0x00, 0x00, 0x00, 0x03,
    0xFF, 0x80, 0x00, 0x00, 0x00, 0x03, 0xFF, 0x00, 0x00, 0x00, 0x00, 0x07, 0xFF, 0x00, 0x00, 0x00,
    0x00, 0x0B, 0xFF, 0x00, 0x00, 0x00, 0x00, 0x0F, 0xFE, 0x00, 0x00, 0x00, 0x00, 0x0F, 0xFC, 0x00,
    0x00, 0x00, 0x00, 0x1F, 0xFC, 0x00, 0xBF, 0xFF, 0xC0, 0x2F, 0xFC, 0x00, 0xBF, 0xFF, 0xE0, 0x3F,
    0xF8, 0x00, 0xBF, 0xFF, 0xF0, 0x3F, 0xF0, 0x00, 0xBF, 0xFF, 0xF8, 0xBF, 0xF0, 0x00, 0x2A, 0xBF,
    0xFC, 0xFF, 0xE0, 0x00, 0x00, 0x0F, 0xFE, 0xFF, 0xE0, 0x00, 0x00, 0x0B, 0xFF, 0xFF, 0xC0, 0x00,
    0x00, 0x03, 0xFF, 0xFF, 0xC0, 0x00, 0x00, 0x03, 0xFF, 0xFF, 0x80, 0x00, 0x00, 0x01, 0xFF, 0xFF,
    0x40, 0x00, 0x00, 0x00, 0xFF, 0xFF, 0x00, 0x00, 0x00, 0x00, 0xBF, 0xFF, 0x00, 0x00, 0x00, 0x00,
    0x3F, 0xFE, 0x00, 0x00, 0x00, 0x00, 0x2F, 0xFC, 0x00, 0x00, 0x00, 0x00, 0x00, 0x00, 0x00, 0x00,
    0x00, 0x00, 0xBF, 0xE0, 0x02, 0xFF, 0x80, 0x00, 0x0B, 0xFF, 0xFC, 0x0F, 0xFF, 0xF8, 0x00, 0x2F,
    0xFF, 0xFF, 0xBF, 0xFF, 0xFE, 0x00, 0x3F, 0xFF, 0xFF, 0xFF, 0xFF, 0xFF, 0x00, 0xBF, 0xE0, 0xBF,
    0xFF, 0x82, 0xFF, 0x80, 0xBF, 0xC0, 0x2F, 0xFE, 0x00, 0xFF, 0x80, 0xBF, 0xC0, 0x3F, 0xFF, 0x00,
    0xFF, 0x80, 0x3F, 0xFA, 0xFF, 0xFF, 0xEB, 0xFF, 0x00, 0x3F, 0xFF, 0xFF, 0xFF, 0xFF, 0xFF, 0x00,
    0x0F, 0xFF, 0xFE, 0x2F, 0xFF, 0xFC, 0x00, 0x02, 0xFF, 0xF0, 0x03, 0xFF, 0xE0, 0x00, 0x00, 0x04,
    0x00, 0x00, 0x04, 0x00, 0x00, 0x00, 0x00, 0x1A, 0x80, 0x00, 0x00, 0xFF, 0xF0, 0x00, 0x03, 0xFF,
    0xFC, 0x00, 0x0B, 0xFF, 0xFC, 0x00, 0x0F, 0xF7, 0xFC, 0x00, 0x1F, 0xF0, 0xA0, 0x00, 0x2F, 0xF0,
    0x00, 0x00, 0x2F, 0xF0, 0x00, 0x00, 0x3F, 0xF0, 0x00, 0x00, 0x3F, 0xF0, 0x00, 0x00, 0x3F, 0xF0,
    0x00, 0x00, 0x3F, 0xF0, 0x00, 0x00, 0x3F, 0xF0, 0x00, 0x00, 0x3F, 0xF0, 0x00, 0x00, 0x3F, 0xF0,
    0x00, 0x00, 0x3F, 0xF0, 0x00, 0x00, 0x3F, 0xF0, 0x00, 0x00, 0x3F, 0xF4, 0x00, 0x00, 0x2F, 0xF4,
    0x00, 0x00, 0x2F, 0xF8, 0x00, 0x00, 0x2F, 0xF8, 0x00, 0x00, 0x2F, 0xF4, 0x00, 0x00, 0x2F, 0xF0,
    0x00, 0x00, 0x2F, 0xF0, 0x00, 0x00, 0x2F, 0xF0, 0x00, 0x00, 0x2F, 0xF0, 0x00, 0x3F, 0x2F, 0xF0,
    0x00, 0xBF, 0xBF, 0xE0, 0x00, 0xBF, 0xFF, 0xC0, 0x00, 0x3F, 0xFF, 0x00, 0x00, 0x0F, 0xF8, 0x00,
    0x00, 0x00, 0x00, 0x00, 0x00, 0x00, 0x00, 0x00, 0x00, 0x00, 0x03, 0xFE, 0x00, 0x38, 0x00, 0x1F,
    0xFF, 0xE0, 0xBF, 0x80, 0x3F, 0xFF, 0xFF, 0xFF, 0x80, 0x3F, 0xFF, 0xFF, 0xFF, 0x00, 0xBF, 0xEB,
    0xFF, 0xFF, 0x00, 0x3F, 0x80, 0xBF, 0xFC, 0x00, 0x02, 0x00, 0x0A, 0xA0, 0x00, 0x02, 0xFE, 0x00,
    0x38, 0x00, 0x0F, 0xFF, 0xE0, 0xBF, 0x80, 0x3F, 0xFF, 0xFF, 0xFF, 0x80, 0x3F, 0xFF, 0xFF, 0xFF,
    0x00, 0xBF, 0xFF, 0xFF, 0xFF, 0x00, 0x7F, 0x80, 0xBF, 0xFC, 0x00, 0x02, 0x00, 0x0B, 0xA0, 0x00,
    0x00, 0x00, 0x00, 0x00, 0x00, 0x00, 0x00, 0x00, 0x3F, 0xF8, 0x00, 0x00, 0x00, 0xFF, 0xF0, 0x00,
    0x00, 0x02, 0xFF, 0xC0, 0xBF, 0xFF, 0xFF, 0xFF, 0xFC, 0xBF, 0xFF, 0xFF, 0xFF, 0xFC, 0xBF, 0xFF,
    0xFF, 0xFF, 0xFC, 0xBF, 0xFF, 0xFF, 0xFF, 0xFC, 0xAA, 0xAB, 0xFF, 0xFA, 0xA8, 0x00, 0x03, 0xFF,
    0xC0, 0x00, 0x00, 0x0B, 0xFF, 0x80, 0x00, 0xBF, 0xFF, 0xFF, 0xFF, 0xFC, 0xBF, 0xFF, 0xFF, 0xFF,
    0xFC, 0xBF, 0xFF, 0xFF, 0xFF, 0xFC, 0xBF, 0xFF, 0xFF, 0xFF, 0xFC, 0x2B, 0xFF, 0xEA, 0xAA, 0xA8,
    0x0F, 0xFF, 0x00, 0x00, 0x00, 0x2F, 0xFC, 0x00, 0x00, 0x00, 0x3F, 0xF8, 0x00, 0x00, 0x00, 0x00,
    0x00, 0x00, 0x00, 0x08, 0x00, 0x00, 0x00, 0x0B, 0xFC, 0x00, 0x00, 0x0B, 0xFF, 0xFC, 0x00, 0x1B,
    0xFF, 0xFF, 0xFC, 0x1B, 0xFF, 0xFF, 0xFF, 0xFC, 0xBF, 0xFF, 0xFF, 0xFF, 0xA0, 0xBF, 0xFF, 0xFA,
    0x00, 0x00, 0xBF, 0xFF, 0xA0, 0x00, 0x00, 0xBF, 0xFF, 0xFF, 0xE9, 0x00, 0x7F, 0xFF, 0xFF, 0xFF,
    0xFC, 0x00, 0xBF, 0xFF, 0xFF, 0xFC, 0x00, 0x00, 0xBF, 0xFF, 0xFC, 0x00, 0x00, 0x00, 0xBF, 0xFC,
    0x00, 0x00, 0x00, 0x00, 0xAC, 0xBF, 0xFF, 0xFF, 0xFF, 0xFC, 0xBF, 0xFF, 0xFF, 0xFF, 0xFC, 0xBF,
    0xFF, 0xFF, 0xFF, 0xFC, 0xBF, 0xFF, 0xFF, 0xFF, 0xFC, 0xBF, 0xFF, 0xFF, 0xFF, 0xFC, 0x10, 0x00,
    0x00, 0x00, 0x00, 0xBF, 0x90, 0x00, 0x00, 0x00, 0xBF, 0xFF, 0xA0, 0x00, 0x00, 0xBF, 0xFF, 0xFF,
    0xA0, 0x00, 0xBF, 0xFF, 0xFF, 0xFF, 0xA0, 0x1A, 0xFF, 0xFF, 0xFF, 0xFC, 0x00, 0x01, 0xBF, 0xFF,
    0xFC, 0x00, 0x00, 0x1B, 0xFF, 0xFC, 0x00, 0xAF, 0xFF, 0xFF, 0xFC, 0xBF, 0xFF, 0xFF, 0xFF, 0xF8,
    0xBF, 0xFF, 0xFF, 0xF9, 0x00, 0xBF, 0xFF, 0xF9, 0x00, 0x00, 0xBF, 0xF9, 0x00, 0x00, 0x00, 0xB8,
    0x00, 0x00, 0x00, 0x00, 0xBF, 0xFF, 0xFF, 0xFF, 0xFC, 0xBF, 0xFF, 0xFF, 0xFF, 0xFC, 0xBF, 0xFF,
    0xFF, 0xFF, 0xFC, 0xBF, 0xFF, 0xFF, 0xFF, 0xFC, 0xBF, 0xFF, 0xFF, 0xFF, 0xFC, 0x00, 0x00, 0x00,
    0x00, 0x00, 0x00, 0x00, 0x00, 0x00, 0x00, 0x00, 0x00, 0x00, 0x00, 0x0A, 0x00, 0x00, 0x00, 0x00,
    0x00, 0x00, 0x00, 0x00, 0x00, 0x2F, 0x80, 0x00, 0x00, 0x00, 0x00, 0x00, 0x00, 0x00, 0x00, 0xBF,
    0xE0, 0x00, 0x00, 0x00, 0x00, 0x00, 0x00, 0x00, 0x02, 0xFF, 0xF8, 0x00, 0x00, 0x00, 0x00, 0x00,
    0x00, 0x00, 0x0B, 0xFF, 0xFE, 0x00, 0x00, 0x00, 0x00, 0x00, 0x00, 0x00, 0x2F, 0xFF, 0xFF, 0x80,
    0x00, 0x00, 0x00, 0x00, 0x00, 0x00, 0xBF, 0xFF, 0xFF, 0xE0, 0x00, 0x00, 0x00, 0x00, 0x00, 0x02,
    0xFF, 0xFF, 0xFF, 0xF8, 0x00, 0x00, 0x00, 0x00, 0x00, 0x0B, 0xE8, 0x00, 0x0B, 0xFE, 0x00, 0x00,
    0x00, 0x00, 0x00, 0x2F, 0x80, 0x00, 0x00, 0x7F, 0x80, 0x00, 0x00, 0x00, 0x00, 0xBF, 0x81, 0xAA,
    0x00, 0x0F, 0xE0, 0x00, 0x00, 0x00, 0x02, 0xFF, 0xEF, 0xFF, 0xE0, 0x0B, 0xF8, 0x00, 0x00, 0x00,
    0x0B, 0xFF, 0xFF, 0xFF, 0xF0, 0x0B, 0xFE, 0x00, 0x00, 0x00, 0x2F, 0xFF, 0xFF, 0xFF, 0xF0, 0x0B,
    0xFF, 0x80, 0x00, 0x00, 0xBF, 0xFF, 0xFF, 0xFF, 0xF0, 0x0B, 0xFF, 0xE0, 0x00, 0x02, 0xFF, 0xFF,
    0xFF, 0xFF, 0xE0, 0x0F, 0xFF, 0xF8, 0x00, 0x0B, 0xFF, 0xFF, 0xFF, 0xFF, 0xC0, 0x3F, 0xFF, 0xFE,
    0x00, 0x2F, 0xFF, 0xFF, 0xFF, 0xFF, 0x80, 0xFF, 0xFF, 0xFF, 0x80, 0x3F, 0xFF, 0xFF, 0xFF, 0xFE,
    0x03, 0xFF, 0xFF, 0xFF, 0xC0, 0x2F, 0xFF, 0xFF, 0xFF, 0xFC, 0x0F, 0xFF, 0xFF, 0xFF, 0x80, 0x0B,
    0xFF, 0xFF, 0xFF, 0xF0, 0x2F, 0xFF, 0xFF, 0xFE, 0x00, 0x02, 0xFF, 0xFF, 0xFF, 0xE0, 0x3F, 0xFF,
    0xFF, 0xF8, 0x00, 0x00, 0xBF, 0xFF, 0xFF, 0xC0, 0x3F, 0xFF, 0xFF, 0xE0, 0x00, 0x00, 0x2F, 0xFF,
    0xFF, 0xC0, 0x3F, 0xFF, 0xFF, 0x80, 0x00, 0x00, 0x0B, 0xFF, 0xFF, 0xC0, 0x3F, 0xFF, 0xFE, 0x00,
    0x00, 0x00, 0x02, 0xFF, 0xFF, 0xFF, 0xFF, 0xFF, 0xF8, 0x00, 0x00, 0x00, 0x00, 0xBF, 0xFF, 0xFF,
    0xFF, 0xFF, 0xE0, 0x00, 0x00, 0x00, 0x00, 0x2F, 0xFF, 0xFF, 0xFF, 0xFF, 0x80, 0x00, 0x00, 0x00,
    0x00, 0x0B, 0xFF, 0xEA, 0xBF, 0xFE, 0x00, 0x00, 0x00, 0x00, 0x00, 0x02, 0xFF, 0xC0, 0x3F, 0xF8,
    0x00, 0x00, 0x00, 0x00, 0x00, 0x00, 0xBF, 0xC0, 0x3F, 0xE0, 0x00, 0x00, 0x00, 0x00, 0x00, 0x00,
    0x2F, 0xEA, 0xBF, 0x80, 0x00, 0x00, 0x00, 0x00, 0x00, 0x00, 0x0B, 0xFF, 0xFE, 0x00, 0x00, 0x00,
    0x00, 0x00, 0x00, 0x00, 0x02, 0xFF, 0xF8, 0x00, 0x00, 0x00, 0x00, 0x00, 0x00, 0x00, 0x00, 0xBF,
    0xE0, 0x00, 0x00, 0x00, 0x00, 0x00, 0x00, 0x00, 0x00, 0x2F, 0x80, 0x00, 0x00, 0x00, 0x00, 0x00,
    0x00, 0x00, 0x00, 0x0A, 0x00, 0x00, 0x00, 0x00, 0x00, 0x00, 0x00, 0x00, 0x00, 0x00, 0x00, 0x00,
    0x00, 0x00, 0x00,
};

static const EpdGlyph atkinson_hyperlegible_16_boldGlyphs[] = {
    { 0, 0, 12, 0, 26, 0, 0 },
    { 0, 0, 13, 0, 26, 0, 0 },
    { 8, 26, 10, 1, 25, 52, 0 },
    { 16, 10, 15, 1, 25, 40, 52 },
    { 28, 25, 28, 0, 25, 175, 92 },
    { 24, 32, 22, 0, 28, 192, 267 },
    { 36, 26, 35, 0, 25, 234, 459 },
    { 28, 27, 25, 0, 26, 189, 693 },
    { 8, 10, 8, 1, 25, 20, 882 },
    { 12, 31, 13, 1, 25, 93, 902 },
    { 12, 31, 13, 1, 25, 93, 995 },
    { 16, 13, 16, 1, 25, 52, 1088 },
    { 20, 19, 22, 1, 19, 95, 1140 },
    { 12, 13, 9, 0, 7, 39, 1235 },
    { 16, 6, 13, 0, 12, 24, 1274 },
    { 12, 8, 9, 0, 7, 24, 1298 },
    { 16, 25, 16, 0, 25, 100, 1322 },
    { 24, 26, 23, 1, 25, 156, 1422 },
    { 12, 25, 16, 1, 25, 75, 1578 },
    { 20, 25, 21, 1, 25, 125, 1653 },
    { 20, 26, 22, 1, 25, 130, 1778 },
    { 24, 25, 23, 0, 25, 150, 1908 },
    { 20, 26, 22, 1, 25, 130, 2058 },
    { 20, 26, 23, 1, 25, 130, 2188 },
    { 20, 25, 20, 0, 25, 125, 2318 },
    { 24, 26, 23, 1, 25, 156, 2443 },
    { 20, 25, 20, 1, 25, 125, 2599 },
    { 12, 20, 9, 0, 19, 60, 2724 },
    { 12, 25, 9, 0, 19, 75, 2784 },
    { 20, 20, 21, 1, 19, 100, 2859 },
    { 20, 13, 22, 1, 16, 65, 2959 },
    { 20, 20, 21, 1, 19, 100, 3024 },
    { 20, 26, 22, 1, 25, 130, 3124 },
    { 28, 26, 27, 1, 25, 182, 3254 },
    { 28, 25, 25, 0, 25, 175, 3436 },
    { 24, 25, 23, 1, 25, 150, 3611 },
    { 24, 26, 24, 1, 25, 156, 3761 },
    { 24, 25, 25, 1, 25, 150, 3917 },
    { 20, 25, 21, 1, 25, 125, 4067 },
    { 20, 25, 20, 1, 25, 125, 4192 },
    { 24, 26, 26, 1, 25, 156, 4317 },
    { 24, 25, 24, 1, 25, 150, 4473 },
    { 16, 25, 16, 1, 25, 100, 4623 },
    { 20, 26, 20, 0, 25, 130, 4723 },
    { 24, 25, 24, 1, 25, 150, 4853 },
    { 20, 25, 19, 1, 25, 125, 5003 },
    { 28, 25, 30, 1, 25, 175, 5128 },
    { 24, 25, 25, 1, 25, 150, 5303 },
    { 28, 26, 28, 1, 25, 182, 5453 },
    { 24, 25, 23, 1, 25, 150, 5635 },
    { 28, 27, 28, 1, 25, 189, 5785 },
    { 24, 25, 24, 1, 25, 150, 5974 },
    { 24, 26, 22, 0, 25, 156, 6124 },
    { 24, 25, 22, 0, 25, 150, 6280 },
    { 24, 26, 24, 1, 25, 156, 6430 },
    { 24, 25, 24, 0, 25, 150, 6586 },
    { 32, 25, 32, 0, 25, 200, 6736 },
    { 28, 25, 25, 0, 25, 175, 6936 },
    { 28, 25, 25, 0, 25, 175, 7111 },
    { 24, 25, 22, 1, 25, 150, 7286 },
    { 12, 31, 12, 1, 25, 93, 7436 },
    { 16, 25, 16, 0, 25, 100, 7529 },
    { 12, 31, 12, 1, 25, 93, 7629 },
    { 20, 14, 21, 1, 25, 70, 7722 },
    { 16, 6, 15, 0, 1, 24, 7792 },
    { 12, 7, 11, 1, 27, 21, 7816 },
    { 20, 20, 20, 0, 19, 100, 7837 },
    { 20, 26, 21, 1, 25, 130, 7937 },
    { 20, 20, 19, 0, 19, 100, 8067 },
    { 24, 26, 21, 0, 25, 156, 8167 },
    { 20, 20, 20, 0, 19, 100, 8323 },
    { 16, 27, 13, 0, 27, 108, 8423 },
    { 20, 27, 21, 0, 19, 135, 8531 },
    { 20, 25, 21, 1, 25, 125, 8666 },
    { 12, 28, 11, 0, 28, 84, 8791 },
    { 12, 34, 9, -3, 28, 102, 8875 },
    { 20, 25, 20, 1, 25, 125, 8977 },
    { 12, 25, 11, 1, 25, 75, 9102 },
    { 32, 19, 32, 1, 19, 152, 9177 },
    { 20, 19, 21, 1, 19, 95, 9329 },
    { 20, 20, 21, 0, 19, 100, 9424 },
    { 20, 25, 21, 1, 19, 125, 9524 },
    { 28, 26, 22, 0, 19, 182, 9649 },
    { 12, 19, 13, 1, 19, 57, 9831 },
    { 20, 20, 19, 0, 19, 100, 9888 },
    { 16, 23, 14, 0, 23, 92, 9988 },
    { 20, 20, 21, 1, 19, 100, 10080 },
    { 24, 19, 19, -1, 19, 114, 10180 },
    { 28, 19, 26, -1, 19, 133, 10294 },
    { 24, 19, 19, -1, 19, 114, 10427 },
    { 20, 25, 19, -1, 19, 125, 10541 },
    { 20, 19, 19, 0, 19, 95, 10666 },
    { 16, 31, 13, 0, 25, 124, 10761 },
    { 8, 31, 8, 1, 25, 62, 10885 },
    { 12, 31, 13, 1, 25, 93, 10947 },
    { 20, 9, 19, 1, 14, 45, 11040 },
    { 0, 0, 13, 0, 26, 0, 11085 },
    { 8, 25, 10, 1, 19, 50, 11085 },
    { 20, 25, 19, 0, 21, 125, 11135 },
    { 24, 26, 22, 1, 25, 156, 11260 },
    { 20, 19, 21, 1, 21, 95, 11416 },
    { 28, 25, 25, 0, 25, 175, 11511 },
    { 8, 31, 8, 1, 25, 62, 11686 },
    { 20, 32, 21, 0, 25, 160, 11748 },
    { 16, 7, 16, 2, 27, 28, 11908 },
    { 28, 26, 29, 1, 25, 182, 11936 },
    { 12, 12, 14, 1, 26, 36, 12118 },
    { 24, 16, 24, 1, 17, 96, 12154 },
    { 20, 14, 22, 1, 16, 70, 12250 },
    { 0, 0, 1, 0, 26, 0, 12320 },
    { 28, 26, 29, 1, 25, 182, 12320 },
    { 12, 5, 15, 1, 25, 15, 12502 },
    { 16, 13, 15, 1, 25, 52, 12517 },
    { 20, 19, 22, 1, 19, 95, 12569 },
    { 12, 15, 15, 1, 29, 45, 12664 },
    { 16, 15, 15, 1, 29, 60, 12709 },
    { 12, 7, 11, 1, 27, 21, 12769 },
    { 24, 25, 21, 1, 19, 150, 12790 },
    { 20, 31, 19, 0, 25, 155, 12940 },
    { 12, 8, 11, 1, 13, 24, 13095 },
    { 12, 9, 12, 2, 2, 27, 13119 },
    { 8, 15, 10, 1, 29, 30, 13146 },
    { 16, 12, 15, 1, 26, 48, 13176 },
    { 24, 16, 24, 1, 17, 96, 13224 },
    { 28, 25, 31, 1, 25, 175, 13320 },
    { 32, 25, 31, 1, 25, 200, 13495 },
    { 32, 25, 35, 1, 25, 200, 13695 },
    { 20, 26, 22, 1, 19, 130, 13895 },
    { 28, 33, 25, 0, 33, 231, 14025 },
    { 28, 33, 25, 0, 33, 231, 14256 },
    { 28, 33, 25, 0, 33, 231, 14487 },
    { 28, 31, 25, 0, 31, 217, 14718 },
    { 28, 32, 25, 0, 32, 224, 14935 },
    { 28, 32, 25, 0, 32, 224, 15159 },
    { 36, 25, 37, 0, 25, 225, 15383 },
    { 24, 32, 24, 1, 25, 192, 15608 },
    { 20, 33, 21, 1, 33, 165, 15800 },
    { 20, 33, 21, 1, 33, 165, 15965 },
    { 20, 33, 21, 1, 33, 165, 16130 },
    { 20, 32, 21, 1, 32, 160, 16295 },
    { 16, 33, 16, 1, 33, 132, 16455 },
    { 16, 33, 16, 1, 33, 132, 16587 },
    { 16, 33, 16, 1, 33, 132, 16719 },
    { 16, 32, 16, 1, 32, 128, 16851 },
    { 28, 25, 28, 0, 25, 175, 16979 },
    { 24, 31, 25, 1, 31, 186, 17154 },
    { 28, 34, 28, 1, 33, 238, 17340 },
    { 28, 34, 28, 1, 33, 238, 17578 },
    { 28, 34, 28, 1, 33, 238, 17816 },
    { 28, 32, 28, 1, 31, 224, 18054 },
    { 28, 33, 28, 1, 32, 231, 18278 },
    { 20, 18, 19, 1, 18, 90, 18509 },
    { 28, 26, 27, 1, 25, 182, 18599 },
    { 24, 34, 24, 1, 33, 204, 18781 },
    { 24, 34, 24, 1, 33, 204, 18985 },
    { 24, 34, 24, 1, 33, 204, 19189 },
    { 24, 33, 24, 1, 32, 198, 19393 },
    { 28, 33, 25, 0, 33, 231, 19591 },
    { 24, 25, 22, 1, 25, 150, 19822 },
    { 24, 26, 22, 1, 25, 156, 19972 },
    { 20, 28, 20, 0, 27, 140, 20128 },
    { 20, 28, 20, 0, 27, 140, 20268 },
    { 20, 28, 20, 0, 27, 140, 20408 },
    { 20, 27, 20, 0, 26, 135, 20548 },
    { 20, 28, 20, 0, 27, 140, 20683 },
    { 20, 31, 20, 0, 30, 155, 20823 },
    { 32, 20, 32, 0, 19, 160, 20978 },
    { 20, 26, 19, 0, 19, 130, 21138 },
    { 20, 28, 20, 0, 27, 140, 21268 },
    { 20, 28, 20, 0, 27, 140, 21408 },
    { 20, 28, 20, 0, 27, 140, 21548 },
    { 20, 28, 20, 0, 27, 140, 21688 },
    { 12, 27, 11, 0, 27, 81, 21828 },
    { 12, 27, 11, 0, 27, 81, 21909 },
    { 16, 27, 11, -2, 27, 108, 21990 },
    { 16, 27, 11, -1, 27, 108, 22098 },
    { 24, 28, 21, 0, 27, 168, 22206 },
    { 20, 26, 21, 1, 26, 130, 22374 },
    { 20, 28, 21, 0, 27, 140, 22504 },
    { 20, 28, 21, 0, 27, 140, 22644 },
    { 20, 28, 21, 0, 27, 140, 22784 },
    { 20, 27, 21, 0, 26, 135, 22924 },
    { 20, 28, 21, 0, 27, 140, 23059 },
    { 20, 20, 21, 1, 19, 100, 23199 },
    { 20, 21, 21, 0, 20, 105, 23299 },
    { 20, 28, 21, 1, 27, 140, 23404 },
    { 20, 28, 21, 1, 27, 140, 23544 },
    { 20, 28, 21, 1, 27, 140, 23684 },
    { 20, 28, 21, 1, 27, 140, 23824 },
    { 20, 33, 19, -1, 27, 165, 23964 },
    { 20, 31, 21, 1, 25, 155, 24129 },
    { 20, 33, 19, -1, 27, 165, 24284 },
    { 28, 31, 25, 0, 31, 217, 24449 },
    { 20, 26, 20, 0, 25, 130, 24666 },
    { 28, 31, 25, 0, 31, 217, 24796 },
    { 20, 27, 20, 0, 26, 135, 25013 },
    { 28, 32, 25, 0, 25, 224, 25148 },
    { 20, 26, 20, 0, 19, 130, 25372 },
    { 24, 34, 24, 1, 33, 204, 25502 },
    { 20, 28, 19, 0, 27, 140, 25706 },
    { 24, 33, 24, 1, 32, 198, 25846 },
    { 20, 28, 19, 0, 27, 140, 26044 },
    { 24, 33, 24, 1, 32, 198, 26184 },
    { 20, 28, 19, 0, 27, 140, 26382 },
    { 24, 32, 25, 1, 32, 192, 26522 },
    { 28, 27, 22, 0, 26, 189, 26714 },
    { 28, 25, 28, 0, 25, 175, 26903 },
    { 24, 27, 23, 0, 26, 162, 27078 },
    { 20, 31, 21, 1, 31, 155, 27240 },
    { 20, 26, 20, 0, 25, 130, 27395 },
    { 20, 32, 21, 1, 32, 160, 27525 },
    { 20, 28, 20, 0, 27, 140, 27685 },
    { 20, 32, 21, 1, 25, 160, 27825 },
    { 20, 26, 20, 0, 19, 130, 27985 },
    { 20, 32, 21, 1, 32, 160, 28115 },
    { 20, 28, 20, 0, 27, 140, 28275 },
    { 24, 32, 26, 1, 31, 192, 28415 },
    { 20, 34, 21, 0, 26, 170, 28607 },
    { 24, 33, 26, 1, 32, 198, 28777 },
    { 20, 35, 21, 0, 27, 175, 28975 },
    { 24, 34, 26, 1, 25, 204, 29150 },
    { 20, 37, 21, 0, 29, 185, 29354 },
    { 28, 25, 27, 0, 25, 175, 29539 },
    { 24, 26, 23, 0, 26, 156, 29714 },
    { 16, 31, 16, 1, 31, 124, 29870 },
    { 12, 25, 11, 0, 25, 75, 29994 },
    { 16, 32, 16, 1, 25, 128, 30069 },
    { 12, 35, 11, 0, 28, 105, 30197 },
    { 12, 19, 11, 0, 19, 57, 30302 },
    { 24, 34, 24, 1, 25, 204, 30359 },
    { 20, 34, 20, 1, 25, 170, 30563 },
    { 20, 34, 19, 1, 25, 170, 30733 },
    { 12, 34, 11, 1, 25, 102, 30903 },
    { 20, 26, 19, 1, 26, 130, 31005 },
    { 16, 26, 12, 1, 26, 104, 31135 },
    { 24, 25, 21, 0, 25, 150, 31239 },
    { 12, 25, 12, 0, 25, 75, 31389 },
    { 24, 33, 25, 1, 33, 198, 31464 },
    { 20, 27, 21, 1, 27, 135, 31662 },
    { 24, 34, 25, 1, 25, 204, 31797 },
    { 20, 28, 21, 1, 19, 140, 32001 },
    { 24, 32, 25, 1, 32, 192, 32141 },
    { 20, 27, 21, 1, 27, 135, 32333 },
    { 28, 34, 28, 1, 33, 238, 32468 },
    { 20, 28, 21, 0, 27, 140, 32706 },
    { 40, 26, 38, 1, 25, 260, 32846 },
    { 36, 20, 34, 0, 19, 180, 33106 },
    { 24, 33, 24, 1, 33, 198, 33286 },
    { 16, 27, 13, 1, 27, 108, 33484 },
    { 24, 32, 24, 1, 32, 192, 33592 },
    { 16, 27, 13, 0, 27, 108, 33784 },
    { 24, 34, 22, 0, 33, 204, 33892 },
    { 20, 28, 19, 0, 27, 140, 34096 },
    { 24, 32, 22, 0, 25, 192, 34236 },
    { 20, 26, 19, 0, 19, 130, 34428 },
    { 24, 33, 22, 0, 32, 198, 34558 },
    { 20, 28, 19, 0, 27, 140, 34756 },
    { 24, 34, 22, 0, 25, 204, 34896 },
    { 16, 32, 14, 0, 23, 128, 35100 },
    { 24, 32, 22, 0, 32, 192, 35228 },
    { 16, 28, 14, 0, 28, 112, 35420 },
    { 24, 32, 24, 1, 31, 192, 35532 },
    { 20, 26, 21, 1, 25, 130, 35724 },
    { 24, 35, 24, 1, 34, 210, 35854 },
    { 20, 31, 21, 1, 30, 155, 36064 },
    { 24, 34, 24, 1, 33, 204, 36219 },
    { 20, 28, 21, 1, 27, 140, 36423 },
    { 24, 32, 24, 1, 25, 192, 36563 },
    { 20, 26, 21, 1, 19, 130, 36755 },
    { 28, 32, 25, 0, 32, 224, 36885 },
    { 24, 33, 22, 1, 33, 198, 37109 },
    { 20, 27, 19, 0, 27, 135, 37307 },
    { 24, 32, 22, 1, 32, 192, 37442 },
    { 20, 27, 19, 0, 27, 135, 37634 },
    { 24, 32, 22, 1, 32, 192, 37769 },
    { 20, 27, 19, 0, 27, 135, 37961 },
    { 12, 7, 1, -1, 27, 21, 38096 },
    { 12, 7, 1, -1, 27, 21, 38117 },
    { 16, 7, 1, -1, 27, 28, 38138 },
    { 16, 6, 1, -1, 26, 24, 38166 },
    { 12, 5, 1, -1, 25, 15, 38190 },
    { 12, 6, 1, -1, 26, 18, 38205 },
    { 8, 7, 1, -1, 27, 14, 38223 },
    { 16, 7, 1, -1, 27, 28, 38237 },
    { 12, 11, 1, -1, 30, 33, 38265 },
    { 16, 7, 1, -1, 27, 28, 38298 },
    { 16, 7, 1, -1, 27, 28, 38326 },
    { 12, 8, 1, -1, -1, 24, 38354 },
    { 12, 9, 1, -1, 2, 27, 38378 },
    { 12, 8, 1, -1, 1, 24, 38405 },
    { 24, 33, 22, 0, 33, 198, 38429 },
    { 24, 31, 24, 0, 31, 186, 38627 },
    { 28, 26, 28, 0, 25, 182, 38813 },
    { 20, 33, 20, 0, 33, 165, 38995 },
    { 24, 26, 24, 1, 25, 156, 39160 },
    { 20, 26, 20, 1, 25, 130, 39316 },
    { 12, 25, 12, 0, 25, 75, 39446 },
    { 12, 30, 12, 0, 30, 90, 39521 },
    { 16, 26, 14, 0, 25, 104, 39611 },
    { 36, 26, 33, 0, 25, 234, 39715 },
    { 36, 25, 33, 0, 25, 225, 39949 },
    { 32, 25, 30, 0, 25, 200, 40174 },
    { 28, 33, 27, 0, 33, 231, 40374 },
    { 28, 34, 27, 0, 34, 238, 40605 },
    { 28, 33, 27, 0, 32, 231, 40843 },
    { 28, 30, 26, 0, 25, 210, 41074 },
    { 28, 25, 26, 0, 25, 175, 41284 },
    { 24, 25, 24, 0, 25, 150, 41459 },
    { 24, 25, 24, 0, 25, 150, 41609 },
    { 20, 25, 20, 0, 25, 125, 41759 },
    { 24, 32, 24, 0, 25, 192, 41884 },
    { 24, 25, 22, 0, 25, 150, 42076 },
    { 36, 25, 35, 0, 25, 225, 42226 },
    { 24, 26, 22, 1, 25, 156, 42451 },
    { 28, 25, 27, 0, 25, 175, 42607 },
    { 28, 33, 27, 0, 33, 231, 42782 },
    { 28, 25, 26, 0, 25, 175, 43013 },
    { 24, 26, 24, 0, 25, 156, 43188 },
    { 32, 25, 32, 0, 25, 200, 43344 },
    { 28, 25, 26, 0, 25, 175, 43544 },
    { 24, 26, 26, 1, 25, 156, 43719 },
    { 28, 25, 26, 0, 25, 175, 43875 },
    { 20, 25, 20, 0, 25, 125, 44050 },
    { 24, 26, 24, 1, 25, 156, 44175 },
    { 24, 25, 22, 0, 25, 150, 44331 },
    { 28, 26, 27, 0, 25, 182, 44481 },
    { 28, 25, 27, 0, 25, 175, 44663 },
    { 28, 25, 26, 0, 25, 175, 44838 },
    { 28, 32, 26, 0, 25, 224, 45013 },
    { 28, 25, 25, 0, 25, 175, 45237 },
    { 36, 25, 33, 0, 25, 225, 45412 },
    { 36, 32, 33, 0, 25, 288, 45637 },
    { 28, 25, 27, 0, 25, 175, 45925 },
    { 36, 25, 33, 0, 25, 225, 46100 },
    { 24, 25, 22, 0, 25, 150, 46325 },
    { 24, 26, 24, 0, 25, 156, 46475 },
    { 36, 26, 34, 0, 25, 234, 46631 },
    { 28, 25, 25, 0, 25, 175, 46865 },
    { 16, 18, 16, 1, 17, 72, 47040 },
    { 20, 26, 18, 1, 25, 130, 47112 },
    { 16, 17, 16, 0, 17, 68, 47242 },
    { 16, 17, 14, 0, 17, 68, 47310 },
    { 16, 23, 16, 0, 17, 92, 47378 },
    { 16, 18, 16, 0, 17, 72, 47470 },
    { 28, 17, 27, -1, 17, 119, 47542 },
    { 16, 18, 14, 0, 17, 72, 47661 },
    { 20, 17, 19, 0, 17, 85, 47733 },
    { 20, 24, 19, 0, 24, 120, 47818 },
    { 20, 17, 18, 0, 17, 85, 47938 },
    { 20, 18, 18, 0, 17, 90, 48023 },
    { 24, 17, 22, 0, 17, 102, 48113 },
    { 20, 17, 18, 0, 17, 85, 48215 },
    { 20, 18, 18, 0, 17, 90, 48300 },
    { 20, 17, 18, 0, 17, 85, 48390 },
    { 20, 25, 18, -1, 17, 125, 48475 },
    { 16, 18, 16, 0, 17, 72, 48600 },
    { 20, 17, 17, 0, 17, 85, 48672 },
    { 20, 25, 18, 0, 17, 125, 48757 },
    { 28, 33, 26, 0, 25, 231, 48882 },
    { 20, 17, 18, 0, 17, 85, 49113 },
    { 20, 23, 18, 0, 17, 115, 49198 },
    { 20, 17, 18, 0, 17, 85, 49313 },
    { 28, 17, 27, 0, 17, 119, 49398 },
    { 28, 23, 27, 0, 17, 161, 49517 },
    { 20, 17, 20, 0, 17, 85, 49678 },
    { 28, 17, 24, 0, 17, 119, 49763 },
    { 16, 17, 17, 0, 17, 68, 49882 },
    { 16, 18, 16, 1, 17, 72, 49950 },
    { 28, 18, 27, 0, 17, 126, 50022 },
    { 20, 17, 17, 0, 17, 85, 50148 },
    { 16, 26, 16, 0, 25, 104, 50233 },
    { 16, 23, 16, 0, 22, 92, 50337 },
    { 20, 33, 18, 0, 25, 165, 50429 },
    { 16, 26, 14, 0, 26, 104, 50594 },
    { 16, 18, 16, 0, 17, 72, 50698 },
    { 12, 18, 14, 1, 17, 54, 50770 },
    { 12, 25, 10, 0, 25, 75, 50824 },
    { 12, 22, 10, -1, 22, 66, 50899 },
    { 12, 33, 10, -3, 25, 99, 50965 },
    { 28, 18, 26, 0, 17, 126, 51064 },
    { 28, 17, 26, 0, 17, 119, 51190 },
    { 20, 25, 18, 0, 25, 125, 51309 },
    { 20, 26, 18, 0, 26, 130, 51434 },
    { 20, 25, 19, 0, 25, 125, 51564 },
    { 20, 32, 18, 0, 24, 160, 51689 },
    { 20, 22, 18, 0, 17, 110, 51849 },
    { 32, 28, 29, -1, 27, 224, 51959 },
    { 24, 28, 22, -1, 27, 168, 52183 },
    { 28, 29, 28, 0, 27, 203, 52351 },
    { 20, 22, 20, 0, 20, 110, 52554 },
    { 28, 28, 24, -1, 27, 196, 52664 },
    { 24, 21, 18, -1, 20, 126, 52860 },
    { 28, 41, 28, 2, 35, 287, 52986 },
    { 24, 35, 23, 2, 29, 210, 53273 },
    { 24, 28, 21, -1, 27, 168, 53483 },
    { 20, 25, 18, -1, 24, 125, 53651 },
    { 20, 28, 20, 2, 27, 140, 53776 },
    { 20, 29, 23, 2, 21, 145, 53916 },
    { 20, 29, 20, 0, 29, 145, 54061 },
    { 16, 21, 14, 0, 21, 84, 54206 },
    { 20, 25, 20, 0, 25, 125, 54290 },
    { 16, 17, 14, 0, 17, 68, 54415 },
    { 20, 33, 23, 2, 27, 165, 54483 },
    { 20, 26, 20, 2, 20, 130, 54648 },
    { 36, 32, 35, 0, 25, 288, 54778 },
    { 32, 23, 27, -1, 17, 184, 55066 },
    { 24, 33, 22, 1, 25, 198, 55250 },
    { 16, 25, 14, 0, 17, 100, 55448 },
    { 28, 32, 26, 0, 25, 224, 55548 },
    { 20, 23, 18, 0, 17, 115, 55772 },
    { 28, 25, 26, 0, 25, 175, 55887 },
    { 20, 17, 20, 0, 17, 85, 56062 },
    { 28, 28, 24, -1, 27, 196, 56147 },
    { 24, 30, 21, -1, 29, 180, 56343 },
    { 36, 28, 31, 0, 27, 252, 56523 },
    { 28, 21, 24, 0, 20, 147, 56775 },
    { 28, 32, 26, 0, 25, 224, 56922 },
    { 20, 23, 18, 0, 17, 115, 57146 },
    { 32, 28, 33, 2, 27, 224, 57261 },
    { 24, 21, 25, 1, 20, 126, 57485 },
    { 36, 33, 37, 2, 27, 297, 57611 },
    { 32, 26, 32, 2, 20, 208, 57908 },
    { 28, 33, 28, 1, 28, 231, 58116 },
    { 24, 27, 22, 1, 21, 162, 58347 },
    { 28, 37, 26, 1, 28, 259, 58509 },
    { 20, 29, 18, 0, 20, 145, 58768 },
    { 24, 34, 22, 0, 27, 204, 58913 },
    { 20, 26, 18, 0, 20, 130, 59117 },
    { 28, 25, 26, 0, 25, 175, 59247 },
    { 28, 25, 26, 0, 17, 175, 59422 },
    { 20, 25, 18, 0, 25, 125, 59597 },
    { 20, 25, 18, 0, 17, 125, 59722 },
    { 28, 32, 26, 0, 25, 224, 59847 },
    { 20, 23, 18, 0, 17, 115, 60071 },
    { 36, 34, 34, 0, 27, 306, 60186 },
    { 28, 26, 26, 0, 20, 182, 60492 },
    { 28, 32, 25, 0, 25, 224, 60674 },
    { 20, 23, 18, 0, 17, 115, 60898 },
    { 28, 25, 25, 0, 25, 175, 61013 },
    { 20, 17, 18, 0, 17, 85, 61188 },
    { 28, 25, 25, 0, 25, 175, 61273 },
    { 20, 17, 18, 0, 17, 85, 61448 },
    { 36, 29, 33, 0, 27, 261, 61533 },
    { 28, 22, 25, -1, 20, 154, 61794 },
    { 36, 36, 33, 0, 27, 324, 61948 },
    { 28, 29, 25, -1, 20, 203, 62272 },
    { 12, 25, 12, 0, 25, 75, 62475 },
    { 36, 33, 35, 0, 33, 297, 62550 },
    { 28, 25, 27, -1, 25, 175, 62847 },
    { 20, 33, 23, 2, 27, 165, 63022 },
    { 20, 26, 20, 2, 20, 130, 63187 },
    { 28, 33, 26, -1, 27, 231, 63317 },
    { 24, 26, 22, -1, 20, 156, 63548 },
    { 24, 36, 26, 2, 27, 216, 63704 },
    { 20, 29, 20, 1, 20, 145, 63920 },
    { 28, 33, 27, 2, 27, 231, 64065 },
    { 24, 26, 23, 2, 20, 156, 64296 },
    { 20, 33, 23, 0, 27, 165, 64452 },
    { 20, 25, 19, 0, 20, 125, 64617 },
    { 32, 33, 32, 2, 27, 264, 64742 },
    { 28, 26, 27, 2, 20, 182, 65006 },
    { 8, 21, 10, 2, 20, 42, 65188 },
    { 28, 33, 26, 0, 33, 231, 65230 },
    { 16, 26, 16, 1, 25, 104, 65461 },
    { 28, 31, 26, 0, 31, 217, 65565 },
    { 16, 25, 16, 1, 24, 100, 65782 },
    { 32, 25, 32, 0, 25, 200, 65882 },
    { 24, 19, 24, 1, 18, 114, 66082 },
    { 24, 33, 22, 0, 33, 198, 66196 },
    { 16, 26, 16, 0, 25, 104, 66394 },
    { 24, 26, 24, 0, 25, 156, 66498 },
    { 16, 18, 16, 0, 17, 72, 66654 },
    { 24, 34, 24, 0, 33, 204, 66726 },
    { 16, 26, 16, 0, 25, 104, 66930 },
    { 36, 31, 35, 0, 31, 279, 67034 },
    { 28, 25, 27, -1, 25, 175, 67313 },
    { 24, 32, 22, 1, 31, 192, 67488 },
    { 16, 26, 14, 0, 25, 104, 67680 },
    { 24, 28, 20, -1, 27, 168, 67784 },
    { 20, 29, 18, -1, 20, 145, 67952 },
    { 28, 28, 27, 0, 28, 196, 68097 },
    { 20, 23, 19, 0, 23, 115, 68293 },
    { 28, 31, 27, 0, 31, 217, 68408 },
    { 20, 25, 19, 0, 25, 125, 68625 },
    { 24, 32, 26, 1, 31, 192, 68750 },
    { 20, 26, 18, 0, 25, 130, 68942 },
    { 24, 26, 26, 1, 25, 156, 69072 },
    { 20, 18, 18, 0, 17, 90, 69228 },
    { 24, 34, 26, 1, 33, 204, 69318 },
    { 20, 26, 18, 0, 25, 130, 69522 },
    { 24, 32, 24, 0, 31, 192, 69652 },
    { 16, 26, 16, 1, 25, 104, 69844 },
    { 28, 29, 27, 0, 28, 203, 69948 },
    { 20, 29, 18, 0, 21, 145, 70151 },
    { 28, 32, 27, 0, 31, 224, 70296 },
    { 20, 33, 18, 0, 25, 165, 70520 },
    { 28, 34, 27, 0, 33, 238, 70685 },
    { 20, 33, 18, 0, 25, 165, 70923 },
    { 28, 31, 25, 0, 31, 217, 71088 },
    { 20, 25, 18, 0, 25, 125, 71305 },
    { 20, 34, 22, 2, 27, 170, 71430 },
    { 16, 26, 16, 1, 20, 104, 71600 },
    { 36, 31, 33, 0, 31, 279, 71704 },
    { 28, 25, 24, 0, 25, 175, 71983 },
    { 24, 34, 19, -3, 26, 204, 72158 },
    { 20, 27, 15, -2, 18, 135, 72362 },
    { 28, 33, 23, -1, 26, 231, 72497 },
    { 20, 25, 17, -1, 18, 125, 72728 },
    { 28, 28, 24, -1, 27, 196, 72853 },
    { 20, 21, 18, -1, 20, 105, 73049 },
    { 0, 0, 18, 0, 26, 0, 73154 },
    { 0, 0, 36, 0, 26, 0, 73154 },
    { 0, 0, 18, 0, 26, 0, 73154 },
    { 0, 0, 36, 0, 26, 0, 73154 },
    { 0, 0, 12, 0, 26, 0, 73154 },
    { 0, 0, 9, 0, 26, 0, 73154 },
    { 0, 0, 6, 0, 26, 0, 73154 },
    { 0, 0, 23, 0, 26, 0, 73154 },
    { 0, 0, 9, 0, 26, 0, 73154 },
    { 0, 0, 7, 0, 26, 0, 73154 },
    { 0, 0, 2, 0, 26, 0, 73154 },
    { 0, 0, 1, 0, 26, 0, 73154 },
    { 0, 0, 1, 0, 26, 0, 73154 },
    { 0, 0, 1, 0, 26, 0, 73154 },
    { 0, 0, 1, 0, 26, 0, 73154 },
    { 0, 0, 1, 0, 26, 0, 73154 },
    { 16, 6, 18, 1, 12, 24, 73154 },
    { 28, 6, 30, 1, 12, 42, 73178 },
    { 8, 13, 10, 1, 25, 26, 73220 },
    { 8, 13, 10, 1, 25, 26, 73246 },
    { 8, 13, 10, 1, 7, 26, 73272 },
    { 16, 13, 18, 1, 25, 52, 73298 },
    { 16, 13, 18, 1, 25, 52, 73350 },
    { 16, 13, 18, 1, 7, 52, 73402 },
    { 20, 25, 21, 1, 25, 125, 73454 },
    { 20, 25, 21, 1, 25, 125, 73579 },
    { 16, 13, 16, 1, 16, 52, 73704 },
    { 28, 8, 29, 1, 7, 56, 73756 },
    { 0, 0, 12, 0, 26, 0, 73812 },
    { 0, 0, 12, 0, 26, 0, 73812 },
    { 0, 0, 6, 0, 26, 0, 73812 },
    { 52, 26, 51, 0, 25, 338, 73812 },
    { 16, 16, 15, 1, 17, 64, 74150 },
    { 16, 16, 15, 1, 17, 64, 74214 },
    { 24, 25, 22, 0, 25, 150, 74278 },
    { 0, 0, 1, 0, 26, 0, 74428 },
    { 16, 15, 16, 1, 29, 60, 74428 },
    { 24, 26, 24, 0, 25, 156, 74488 },
    { 20, 26, 21, 1, 25, 130, 74644 },
    { 20, 31, 22, 1, 25, 155, 74774 },
    { 20, 31, 22, 1, 25, 155, 74929 },
    { 20, 6, 21, 1, 12, 30, 75084 },
    { 24, 25, 23, 0, 25, 150, 75114 },
    { 8, 8, 10, 1, 13, 16, 75264 },
    { 24, 31, 26, 1, 25, 186, 75280 },
    { 28, 13, 27, 1, 16, 91, 75466 },
    { 16, 32, 17, 1, 25, 128, 75557 },
    { 20, 15, 19, 1, 17, 75, 75685 },
    { 20, 19, 21, 1, 19, 95, 75760 },
    { 20, 19, 21, 1, 19, 95, 75855 },
    { 20, 19, 21, 1, 19, 95, 75950 },
    { 40, 39, 36, -1, 33, 390, 76045 },
};

static const EpdUnicodeInterval atkinson_hyperlegible_16_boldIntervals[] = {
    { 0xD, 0xD, 0 },
    { 0x20, 0x7E, 1 },
    { 0xA0, 0x107, 96 },
    { 0x10A, 0x113, 200 },
    { 0x116, 0x11B, 210 },
    { 0x11E, 0x123, 216 },
    { 0x126, 0x127, 222 },
    { 0x12A, 0x12B, 224 },
    { 0x12E, 0x12F, 226 },
    { 0x131, 0x131, 228 },
    { 0x136, 0x137, 229 },
    { 0x13B, 0x13E, 231 },
    { 0x141, 0x148, 235 },
    { 0x150, 0x155, 243 },
    { 0x158, 0x15B, 249 },
    { 0x15E, 0x165, 253 },
    { 0x16A, 0x16B, 261 },
    { 0x16E, 0x173, 263 },
    { 0x178, 0x17E, 269 },
    { 0x300, 0x304, 276 },
    { 0x306, 0x308, 281 },
    { 0x30A, 0x30C, 284 },
    { 0x326, 0x328, 287 },
    { 0x400, 0x45F, 290 },
    { 0x462, 0x463, 386 },
    { 0x472, 0x475, 388 },
    { 0x48A, 0x4FF, 392 },
    { 0x2000, 0x200F, 510 },
    { 0x2013, 0x2014, 526 },
    { 0x2018, 0x201A, 528 },
    { 0x201C, 0x201E, 531 },
    { 0x2020, 0x2022, 534 },
    { 0x2026, 0x2026, 537 },
    { 0x2028, 0x2029, 538 },
    { 0x202F, 0x2030, 540 },
    { 0x2039, 0x203A, 542 },
    { 0x2044, 0x2044, 544 },
    { 0x2060, 0x2060, 545 },
    { 0x2074, 0x2074, 546 },
    { 0x20AC, 0x20AC, 547 },
    { 0x2202, 0x2202, 548 },
    { 0x220F, 0x220F, 549 },
    { 0x2211, 0x2212, 550 },
    { 0x2215, 0x2215, 552 },
    { 0x2219, 0x221A, 553 },
    { 0x221E, 0x221E, 555 },
    { 0x222B, 0x222B, 556 },
    { 0x2248, 0x2248, 557 },
    { 0x2260, 0x2260, 558 },
    { 0x2264, 0x2265, 559 },
    { 0xFFFD, 0xFFFD, 561 },
};

static const EpdFontData atkinson_hyperlegible_16_bold = {
    atkinson_hyperlegible_16_boldBitmaps,
    sizeof(atkinson_hyperlegible_16_boldBitmaps),
    atkinson_hyperlegible_16_boldGlyphs,
    atkinson_hyperlegible_16_boldIntervals,
    76,
    41,
    32,
    -10,
    true,
};
