/**
 * generated from the actual data/js/inx_font_pack.js browser output
 * name: atkinson_hyperlegible_18_italic
 * size: 18
 * mode: 2-bit
 * source: atkinson_hyperlegible Italic; fontconvert.py row set
 * glyphs: 562 (web UI raster rows; compact reader profile)
 */
#pragma once
#include "EpdFontData.h"

static const uint8_t atkinson_hyperlegible_18_italicBitmaps[96308] = {
    0x00, 0x02, 0xA8, 0x00, 0x03, 0xFC, 0x00, 0x03, 0xF8, 0x00, 0x0B, 0xF8, 0x00, 0x0B, 0xF0, 0x00,
    0x0F, 0xF0, 0x00, 0x0F, 0xF0, 0x00, 0x0F, 0xE0, 0x00, 0x2F, 0xD0, 0x00, 0x2F, 0xC0, 0x00, 0x3F,
    0xC0, 0x00, 0x3F, 0x80, 0x00, 0x3F, 0x00, 0x00, 0x3F, 0x00, 0x00, 0x7E, 0x00, 0x00, 0xBE, 0x00,
    0x00, 0xBC, 0x00, 0x00, 0xFC, 0x00, 0x00, 0xF8, 0x00, 0x00, 0xF0, 0x00, 0x00, 0x00, 0x00, 0x00,
    0x00, 0x00, 0x00, 0x00, 0x00, 0x0B, 0xD0, 0x00, 0x2F, 0xF0, 0x00, 0x3F, 0xF8, 0x00, 0x3F, 0xF0,
    0x00, 0x0F, 0xF0, 0x00, 0x01, 0x00, 0x00, 0x2A, 0x02, 0xA0, 0x3F, 0x03, 0xF0, 0x3F, 0x03, 0xF0,
    0x3F, 0x03, 0xF0, 0x3F, 0x03, 0xF0, 0x3F, 0x03, 0xE0, 0x3F, 0x03, 0xE0, 0x2F, 0x03, 0xE0, 0x2E,
    0x03, 0xE0, 0x19, 0x02, 0x80, 0x00, 0x00, 0xAA, 0x00, 0x2A, 0x00, 0x00, 0x00, 0x00, 0xFE, 0x00,
    0x7F, 0x00, 0x00, 0x00, 0x00, 0xFE, 0x00, 0xBF, 0x00, 0x00, 0x00, 0x00, 0xFE, 0x00, 0xBF, 0x00,
    0x00, 0x00, 0x00, 0xFC, 0x00, 0xFE, 0x00, 0x00, 0x00, 0x01, 0xFC, 0x00, 0xFE, 0x00, 0x00, 0x00,
    0x02, 0xFC, 0x00, 0xFE, 0x00, 0x00, 0x0A, 0xAB, 0xFE, 0xAA, 0xFE, 0xAA, 0x00, 0x0F, 0xFF, 0xFF,
    0xFF, 0xFF, 0xFF, 0x00, 0x0F, 0xFF, 0xFF, 0xFF, 0xFF, 0xFF, 0x00, 0x0F, 0xFF, 0xFF, 0xFF, 0xFF,
    0xFF, 0x00, 0x00, 0x03, 0xF0, 0x03, 0xF8, 0x00, 0x00, 0x00, 0x03, 0xF0, 0x03, 0xF8, 0x00, 0x00,
    0x00, 0x0B, 0xF0, 0x03, 0xF8, 0x00, 0x00, 0x00, 0x0B, 0xF0, 0x03, 0xF0, 0x00, 0x00, 0x00, 0x0F,
    0xF0, 0x07, 0xF0, 0x00, 0x00, 0x00, 0x0F, 0xE0, 0x0B, 0xF0, 0x00, 0x00, 0x2A, 0xAF, 0xFA, 0xAF,
    0xFA, 0xA8, 0x00, 0x3F, 0xFF, 0xFF, 0xFF, 0xFF, 0xFC, 0x00, 0x7F, 0xFF, 0xFF, 0xFF, 0xFF, 0xF8,
    0x00, 0xBF, 0xFF, 0xFF, 0xFF, 0xFF, 0xF8, 0x00, 0x00, 0x2F, 0xC0, 0x0F, 0xC0, 0x00, 0x00, 0x00,
    0x2F, 0xC0, 0x1F, 0xC0, 0x00, 0x00, 0x00, 0x3F, 0x80, 0x2F, 0xC0, 0x00, 0x00, 0x00, 0x3F, 0x80,
    0x2F, 0xC0, 0x00, 0x00, 0x00, 0x3F, 0x00, 0x3F, 0xC0, 0x00, 0x00, 0x00, 0x3F, 0x00, 0x3F, 0x80,
    0x00, 0x00, 0x00, 0xBF, 0x00, 0x3F, 0x80, 0x00, 0x00, 0x00, 0x00, 0x00, 0x00, 0x00, 0x00, 0x00,
    0x00, 0x00, 0x0F, 0x00, 0x00, 0x00, 0x00, 0x00, 0x1F, 0x00, 0x00, 0x00, 0x00, 0x01, 0xAF, 0x00,
    0x00, 0x00, 0x02, 0xFF, 0xFF, 0xE0, 0x00, 0x00, 0x2F, 0xFF, 0xFF, 0xFD, 0x00, 0x00, 0xBF, 0xFF,
    0xFF, 0xFF, 0x80, 0x01, 0xFF, 0xE0, 0xBE, 0xFF, 0xE0, 0x03, 0xFF, 0x00, 0xB8, 0x3F, 0xF0, 0x03,
    0xFC, 0x00, 0xF8, 0x0E, 0x00, 0x07, 0xF8, 0x00, 0xF0, 0x00, 0x00, 0x0B, 0xF8, 0x00, 0xF0, 0x00,
    0x00, 0x03, 0xFC, 0x02, 0xF0, 0x00, 0x00, 0x03, 0xFE, 0x02, 0xE0, 0x00, 0x00, 0x02, 0xFF, 0xD3,
    0xD0, 0x00, 0x00, 0x00, 0xFF, 0xFF, 0xC0, 0x00, 0x00, 0x00, 0x3F, 0xFF, 0xF8, 0x00, 0x00, 0x00,
    0x0B, 0xFF, 0xFF, 0xD0, 0x00, 0x00, 0x00, 0x2F, 0xFF, 0xFC, 0x00, 0x00, 0x00, 0x0F, 0xFF, 0xFF,
    0x00, 0x00, 0x00, 0x0F, 0x07, 0xFF, 0xC0, 0x00, 0x00, 0x1F, 0x00, 0xFF, 0xC0, 0x00, 0x00, 0x2E,
    0x00, 0x3F, 0xD0, 0x00, 0x00, 0x3E, 0x00, 0x3F, 0xE0, 0x01, 0x00, 0x3C, 0x00, 0x3F, 0xC0, 0x3F,
    0xC0, 0x3C, 0x00, 0x3F, 0xC0, 0x3F, 0xE0, 0xBC, 0x00, 0xBF, 0xC0, 0x2F, 0xF8, 0xB8, 0x02, 0xFF,
    0x40, 0x0F, 0xFF, 0xF8, 0x6F, 0xFE, 0x00, 0x03, 0xFF, 0xFF, 0xFF, 0xF8, 0x00, 0x00, 0xBF, 0xFF,
    0xFF, 0xC0, 0x00, 0x00, 0x0B, 0xFF, 0xF8, 0x00, 0x00, 0x00, 0x03, 0xE0, 0x00, 0x00, 0x00, 0x00,
    0x03, 0xD0, 0x00, 0x00, 0x00, 0x00, 0x03, 0xC0, 0x00, 0x00, 0x00, 0x00, 0x00, 0x00, 0x00, 0x00,
    0x00, 0x00, 0x00, 0x00, 0x00, 0x00, 0x00, 0x00, 0x00, 0x00, 0x00, 0x2F, 0xFE, 0x00, 0x00, 0x00,
    0x1A, 0x80, 0x00, 0x00, 0xFF, 0xFF, 0xC0, 0x00, 0x00, 0x3F, 0x80, 0x00, 0x07, 0xFF, 0xFF, 0xF0,
    0x00, 0x00, 0xFF, 0x00, 0x00, 0x0F, 0xF8, 0x0F, 0xF8, 0x00, 0x02, 0xFC, 0x00, 0x00, 0x3F, 0xC0,
    0x02, 0xFC, 0x00, 0x03, 0xF8, 0x00, 0x00, 0x3F, 0x00, 0x00, 0xFC, 0x00, 0x0F, 0xF0, 0x00, 0x00,
    0xBF, 0x00, 0x00, 0xFE, 0x00, 0x2F, 0xC0, 0x00, 0x00, 0xBE, 0x00, 0x00, 0xFC, 0x00, 0xBF, 0x80,
    0x00, 0x00, 0xBE, 0x00, 0x00, 0xFC, 0x00, 0xFF, 0x00, 0x00, 0x00, 0xBF, 0x00, 0x02, 0xFC, 0x03,
    0xFC, 0x00, 0x00, 0x00, 0x3F, 0x80, 0x0B, 0xF4, 0x0B, 0xF4, 0x00, 0x00, 0x00, 0x3F, 0xF8, 0xBF,
    0xE0, 0x0F, 0xE0, 0x00, 0x00, 0x00, 0x0F, 0xFF, 0xFF, 0xC0, 0x3F, 0xC0, 0x00, 0x00, 0x00, 0x03,
    0xFF, 0xFE, 0x00, 0xBF, 0x00, 0x02, 0xA4, 0x00, 0x00, 0xAF, 0xE0, 0x00, 0xFE, 0x00, 0xBF, 0xFF,
    0x80, 0x00, 0x00, 0x00, 0x03, 0xFC, 0x03, 0xFF, 0xFF, 0xE0, 0x00, 0x00, 0x00, 0x0B, 0xF0, 0x0F,
    0xFE, 0xBF, 0xF8, 0x00, 0x00, 0x00, 0x2F, 0xE0, 0x2F, 0xE0, 0x03, 0xFC, 0x00, 0x00, 0x00, 0x3F,
    0xC0, 0x3F, 0x80, 0x01, 0xFC, 0x00, 0x00, 0x00, 0xFF, 0x00, 0x7F, 0x00, 0x00, 0xFD, 0x00, 0x00,
    0x02, 0xFD, 0x00, 0xBE, 0x00, 0x00, 0xFD, 0x00, 0x00, 0x03, 0xF8, 0x00, 0xBE, 0x00, 0x00, 0xFC,
    0x00, 0x00, 0x0F, 0xF0, 0x00, 0xBE, 0x00, 0x01, 0xFC, 0x00, 0x00, 0x2F, 0xC0, 0x00, 0xBF, 0x00,
    0x03, 0xF8, 0x00, 0x00, 0x3F, 0x80, 0x00, 0x3F, 0xD0, 0x1F, 0xF0, 0x00, 0x00, 0xFF, 0x00, 0x00,
    0x2F, 0xFF, 0xFF, 0xC0, 0x00, 0x02, 0xFC, 0x00, 0x00, 0x0B, 0xFF, 0xFF, 0x00, 0x00, 0x07, 0xF8,
    0x00, 0x00, 0x02, 0xFF, 0xF8, 0x00, 0x00, 0x00, 0x00, 0x00, 0x00, 0x00, 0x01, 0x00, 0x00, 0x00,
    0x00, 0x00, 0x00, 0x00, 0x00, 0x00, 0x00, 0x00, 0x01, 0xBF, 0xF8, 0x00, 0x00, 0x00, 0x00, 0x0F,
    0xFF, 0xFF, 0x40, 0x00, 0x00, 0x00, 0x3F, 0xFF, 0xFF, 0xC0, 0x00, 0x00, 0x00, 0xFF, 0xC0, 0x2F,
    0xF0, 0x00, 0x00, 0x00, 0xFF, 0x00, 0x0F, 0xF0, 0x00, 0x00, 0x02, 0xFD, 0x00, 0x0B, 0xF0, 0x00,
    0x00, 0x02, 0xFC, 0x00, 0x0B, 0xF0, 0x00, 0x00, 0x02, 0xFD, 0x00, 0x0F, 0xE0, 0x00, 0x00, 0x02,
    0xFE, 0x00, 0x3F, 0xC0, 0x00, 0x00, 0x00, 0xFF, 0x02, 0xFF, 0x40, 0x00, 0x00, 0x00, 0xBF, 0xEF,
    0xFD, 0x00, 0x00, 0x00, 0x00, 0x3F, 0xFF, 0xE0, 0x00, 0x00, 0x00, 0x02, 0xFF, 0xFE, 0x00, 0x00,
    0x00, 0x00, 0x2F, 0xFF, 0xFC, 0x00, 0x2F, 0xC0, 0x00, 0xFF, 0xFB, 0xFE, 0x00, 0x3F, 0xC0, 0x03,
    0xFF, 0x02, 0xFF, 0x80, 0xBF, 0x80, 0x0F, 0xF8, 0x00, 0xBF, 0xC0, 0xFF, 0x00, 0x2F, 0xE0, 0x00,
    0x3F, 0xF2, 0xFE, 0x00, 0x3F, 0xC0, 0x00, 0x0F, 0xFF, 0xFC, 0x00, 0x3F, 0x80, 0x00, 0x0B, 0xFF,
    0xF0, 0x00, 0x7F, 0x00, 0x00, 0x03, 0xFF, 0xD0, 0x00, 0xBF, 0x00, 0x00, 0x00, 0xFF, 0xC0, 0x00,
    0x3F, 0x80, 0x00, 0x02, 0xFF, 0xE0, 0x00, 0x3F, 0xC0, 0x00, 0x0F, 0xFF, 0xF0, 0x00, 0x3F, 0xF8,
    0x02, 0xFF, 0xFF, 0xFC, 0x00, 0x0F, 0xFF, 0xFF, 0xFF, 0x83, 0xFF, 0x00, 0x03, 0xFF, 0xFF, 0xFD,
    0x01, 0xFF, 0x80, 0x00, 0xBF, 0xFF, 0xE0, 0x00, 0xBF, 0xC0, 0x00, 0x00, 0x40, 0x00, 0x00, 0x00,
    0x00, 0x2A, 0x00, 0x3F, 0x00, 0x3F, 0x00, 0x3F, 0x00, 0x3F, 0x00, 0x3F, 0x00, 0x3F, 0x00, 0x2F,
    0x00, 0x2E, 0x00, 0x19, 0x00, 0x00, 0x00, 0x2A, 0x80, 0x00, 0x00, 0xBF, 0x00, 0x00, 0x00, 0xFE,
    0x00, 0x00, 0x03, 0xF8, 0x00, 0x00, 0x0F, 0xF0, 0x00, 0x00, 0x2F, 0xC0, 0x00, 0x00, 0x3F, 0x80,
    0x00, 0x00, 0xBF, 0x00, 0x00, 0x00, 0xFE, 0x00, 0x00, 0x03, 0xFC, 0x00, 0x00, 0x03, 0xF8, 0x00,
    0x00, 0x0B, 0xF0, 0x00, 0x00, 0x0F, 0xE0, 0x00, 0x00, 0x2F, 0xC0, 0x00, 0x00, 0x2F, 0xC0, 0x00,
    0x00, 0x3F, 0x80, 0x00, 0x00, 0x3F, 0x40, 0x00, 0x00, 0xBF, 0x00, 0x00, 0x00, 0xBF, 0x00, 0x00,
    0x00, 0xBF, 0x00, 0x00, 0x00, 0xFE, 0x00, 0x00, 0x00, 0xFE, 0x00, 0x00, 0x00, 0xFE, 0x00, 0x00,
    0x00, 0xFE, 0x00, 0x00, 0x00, 0xFE, 0x00, 0x00, 0x00, 0xBE, 0x00, 0x00, 0x00, 0xBF, 0x00, 0x00,
    0x00, 0x7F, 0x00, 0x00, 0x00, 0x3F, 0x00, 0x00, 0x00, 0x3F, 0x80, 0x00, 0x00, 0x2F, 0x80, 0x00,
    0x00, 0x2F, 0xC0, 0x00, 0x00, 0x0F, 0xD0, 0x00, 0x00, 0x0B, 0xE0, 0x00, 0x00, 0x02, 0xA0, 0x00,
    0x00, 0x00, 0x00, 0xA8, 0x00, 0x00, 0x00, 0xFD, 0x00, 0x00, 0x00, 0xBF, 0x00, 0x00, 0x00, 0x3F,
    0x00, 0x00, 0x00, 0x3F, 0x40, 0x00, 0x00, 0x2F, 0x80, 0x00, 0x00, 0x2F, 0xC0, 0x00, 0x00, 0x0F,
    0xC0, 0x00, 0x00, 0x0F, 0xC0, 0x00, 0x00, 0x0F, 0xD0, 0x00, 0x00, 0x0F, 0xE0, 0x00, 0x00, 0x0F,
    0xE0, 0x00, 0x00, 0x0F, 0xE0, 0x00, 0x00, 0x0F, 0xE0, 0x00, 0x00, 0x0F, 0xE0, 0x00, 0x00, 0x0F,
    0xD0, 0x00, 0x00, 0x0F, 0xC0, 0x00, 0x00, 0x2F, 0xC0, 0x00, 0x00, 0x2F, 0xC0, 0x00, 0x00, 0x3F,
    0x80, 0x00, 0x00, 0x3F, 0x40, 0x00, 0x00, 0xBF, 0x00, 0x00, 0x00, 0xFE, 0x00, 0x00, 0x01, 0xFC,
    0x00, 0x00, 0x03, 0xFC, 0x00, 0x00, 0x07, 0xF4, 0x00, 0x00, 0x0F, 0xF0, 0x00, 0x00, 0x2F, 0xD0,
    0x00, 0x00, 0x3F, 0xC0, 0x00, 0x00, 0xBF, 0x00, 0x00, 0x01, 0xFE, 0x00, 0x00, 0x03, 0xF8, 0x00,
    0x00, 0x0F, 0xF0, 0x00, 0x00, 0x2F, 0xC0, 0x00, 0x00, 0x2A, 0x00, 0x00, 0x00, 0x00, 0x08, 0x00,
    0x00, 0x00, 0x0F, 0x80, 0x00, 0x00, 0x0F, 0x00, 0x00, 0x3D, 0x2F, 0x00, 0x00, 0xBF, 0xFF, 0x00,
    0x00, 0x2F, 0xFF, 0xFF, 0x00, 0x02, 0xFF, 0xFF, 0x00, 0x03, 0xFF, 0xA8, 0x00, 0x0F, 0xFF, 0x40,
    0x00, 0x3F, 0xCF, 0xC0, 0x00, 0x2E, 0x0B, 0xC0, 0x00, 0x08, 0x03, 0xE0, 0x00, 0x00, 0x02, 0x00,
    0x00, 0x00, 0x00, 0x2A, 0x00, 0x00, 0x00, 0x00, 0x00, 0x3F, 0x80, 0x00, 0x00, 0x00, 0x00, 0x3F,
    0x80, 0x00, 0x00, 0x00, 0x00, 0x3F, 0x80, 0x00, 0x00, 0x00, 0x00, 0x3F, 0x80, 0x00, 0x00, 0x00,
    0x00, 0x3F, 0x80, 0x00, 0x00, 0x00, 0x00, 0x3F, 0x80, 0x00, 0x00, 0x00, 0x00, 0x3F, 0x80, 0x00,
    0x00, 0x00, 0x00, 0x3F, 0x80, 0x00, 0x00, 0x3F, 0xFF, 0xFF, 0xFF, 0xFF, 0xC0, 0x3F, 0xFF, 0xFF,
    0xFF, 0xFF, 0xC0, 0x3F, 0xFF, 0xFF, 0xFF, 0xFF, 0xC0, 0x15, 0x55, 0x7F, 0xD5, 0x55, 0x40, 0x00,
    0x00, 0x3F, 0x80, 0x00, 0x00, 0x00, 0x00, 0x3F, 0x80, 0x00, 0x00, 0x00, 0x00, 0x3F, 0x80, 0x00,
    0x00, 0x00, 0x00, 0x3F, 0x80, 0x00, 0x00, 0x00, 0x00, 0x3F, 0x80, 0x00, 0x00, 0x00, 0x00, 0x3F,
    0x80, 0x00, 0x00, 0x00, 0x00, 0x3F, 0x80, 0x00, 0x00, 0x00, 0x00, 0x3F, 0x80, 0x00, 0x00, 0x00,
    0x00, 0x0B, 0xE0, 0x0F, 0xF8, 0x2F, 0xFC, 0x2F, 0xFC, 0x0F, 0xF0, 0x03, 0xF0, 0x0B, 0xC0, 0x0F,
    0x80, 0x3F, 0x00, 0xBC, 0x00, 0x24, 0x00, 0x00, 0x00, 0x00, 0x00, 0x3F, 0xFF, 0xFF, 0xC0, 0xBF,
    0xFF, 0xFF, 0xC0, 0xBF, 0xFF, 0xFF, 0x80, 0x15, 0x55, 0x55, 0x00, 0x00, 0x00, 0x0F, 0xC0, 0x3F,
    0xF0, 0x3F, 0xF0, 0x3F, 0xF0, 0x2F, 0xE0, 0x01, 0x00, 0x00, 0x00, 0x00, 0x00, 0x2A, 0x80, 0x00,
    0x00, 0x00, 0x00, 0x3F, 0x80, 0x00, 0x00, 0x00, 0x00, 0xFF, 0x00, 0x00, 0x00, 0x00, 0x02, 0xFC,
    0x00, 0x00, 0x00, 0x00, 0x03, 0xF8, 0x00, 0x00, 0x00, 0x00, 0x0F, 0xF0, 0x00, 0x00, 0x00, 0x00,
    0x0F, 0xE0, 0x00, 0x00, 0x00, 0x00, 0x3F, 0xC0, 0x00, 0x00, 0x00, 0x00, 0xBF, 0x00, 0x00, 0x00,
    0x00, 0x00, 0xFE, 0x00, 0x00, 0x00, 0x00, 0x03, 0xFC, 0x00, 0x00, 0x00, 0x00, 0x07, 0xF8, 0x00,
    0x00, 0x00, 0x00, 0x0F, 0xF0, 0x00, 0x00, 0x00, 0x00, 0x2F, 0xC0, 0x00, 0x00, 0x00, 0x00, 0x3F,
    0x80, 0x00, 0x00, 0x00, 0x00, 0xFF, 0x00, 0x00, 0x00, 0x00, 0x01, 0xFE, 0x00, 0x00, 0x00, 0x00,
    0x03, 0xFC, 0x00, 0x00, 0x00, 0x00, 0x0B, 0xF0, 0x00, 0x00, 0x00, 0x00, 0x0F, 0xE0, 0x00, 0x00,
    0x00, 0x00, 0x3F, 0xC0, 0x00, 0x00, 0x00, 0x00, 0x7F, 0x80, 0x00, 0x00, 0x00, 0x00, 0xFF, 0x00,
    0x00, 0x00, 0x00, 0x02, 0xFC, 0x00, 0x00, 0x00, 0x00, 0x03, 0xF8, 0x00, 0x00, 0x00, 0x00, 0x0F,
    0xF0, 0x00, 0x00, 0x00, 0x00, 0x1F, 0xE0, 0x00, 0x00, 0x00, 0x00, 0x3F, 0xC0, 0x00, 0x00, 0x00,
    0x00, 0x00, 0x00, 0x00, 0x00, 0x00, 0x00, 0x00, 0x00, 0x2F, 0xFF, 0xA0, 0x00, 0x00, 0x02, 0xFF,
    0xFF, 0xFC, 0x00, 0x00, 0x0F, 0xFF, 0xFF, 0xFF, 0x40, 0x00, 0x3F, 0xF9, 0x02, 0xFF, 0xC0, 0x00,
    0xBF, 0xE0, 0x00, 0x3F, 0xE0, 0x02, 0xFF, 0xF0, 0x00, 0x0F, 0xF0, 0x03, 0xFF, 0xF0, 0x00, 0x0F,
    0xF8, 0x0B, 0xFF, 0xFC, 0x00, 0x0B, 0xF8, 0x0F, 0xF3, 0xFC, 0x00, 0x03, 0xFC, 0x0F, 0xF1, 0xFE,
    0x00, 0x03, 0xFC, 0x2F, 0xE0, 0xFF, 0x00, 0x03, 0xFC, 0x2F, 0xC0, 0x7F, 0x80, 0x03, 0xFC, 0x3F,
    0xC0, 0x3F, 0xC0, 0x03, 0xFC, 0x3F, 0xC0, 0x2F, 0xE0, 0x03, 0xF8, 0x3F, 0x80, 0x0F, 0xF0, 0x03,
    0xF8, 0x3F, 0x80, 0x0B, 0xF8, 0x0B, 0xF8, 0x3F, 0x80, 0x03, 0xFC, 0x0B, 0xF0, 0x3F, 0x80, 0x02,
    0xFE, 0x0F, 0xF0, 0x3F, 0x80, 0x00, 0xFF, 0x0F, 0xF0, 0x3F, 0x80, 0x00, 0xBF, 0xAF, 0xE0, 0x3F,
    0xC0, 0x00, 0x3F, 0xFF, 0xC0, 0x3F, 0xC0, 0x00, 0x2F, 0xFF, 0x80, 0x2F, 0xE0, 0x00, 0x0F, 0xFF,
    0x00, 0x0F, 0xF8, 0x00, 0x0B, 0xFE, 0x00, 0x0F, 0xFE, 0x00, 0x2F, 0xFC, 0x00, 0x03, 0xFF, 0xFF,
    0xFF, 0xF0, 0x00, 0x00, 0xFF, 0xFF, 0xFF, 0x80, 0x00, 0x00, 0x2F, 0xFF, 0xF8, 0x00, 0x00, 0x00,
    0x00, 0x14, 0x00, 0x00, 0x00, 0x00, 0x00, 0x0A, 0x80, 0x00, 0x00, 0x2F, 0x80, 0x00, 0x00, 0xBF,
    0x80, 0x00, 0x07, 0xFF, 0x00, 0x2B, 0xFF, 0xFF, 0x00, 0x3F, 0xFF, 0xFF, 0x00, 0x7F, 0xFF, 0xFE,
    0x00, 0x00, 0x02, 0xFD, 0x00, 0x00, 0x02, 0xFC, 0x00, 0x00, 0x02, 0xFC, 0x00, 0x00, 0x03, 0xFC,
    0x00, 0x00, 0x03, 0xF8, 0x00, 0x00, 0x07, 0xF0, 0x00, 0x00, 0x0B, 0xF0, 0x00, 0x00, 0x0F, 0xF0,
    0x00, 0x00, 0x0F, 0xE0, 0x00, 0x00, 0x0F, 0xE0, 0x00, 0x00, 0x1F, 0xC0, 0x00, 0x00, 0x2F, 0xC0,
    0x00, 0x00, 0x3F, 0xC0, 0x00, 0x00, 0x3F, 0x80, 0x00, 0x00, 0x3F, 0x40, 0x00, 0x00, 0xBF, 0x00,
    0x00, 0x00, 0xBF, 0x00, 0x00, 0x00, 0xFF, 0x00, 0x00, 0x00, 0xFE, 0x00, 0x00, 0x00, 0xFD, 0x00,
    0x00, 0x02, 0xFC, 0x00, 0x00, 0x00, 0x00, 0x00, 0x00, 0x00, 0x00, 0x00, 0x00, 0x02, 0xFF, 0xF8,
    0x00, 0x00, 0x00, 0x3F, 0xFF, 0xFF, 0xC0, 0x00, 0x02, 0xFF, 0xFF, 0xFF, 0xF0, 0x00, 0x07, 0xFF,
    0x40, 0x2F, 0xF8, 0x00, 0x0F, 0xF4, 0x00, 0x0B, 0xFC, 0x00, 0x2F, 0xD0, 0x00, 0x03, 0xFD, 0x00,
    0x2F, 0x80, 0x00, 0x02, 0xFE, 0x00, 0x00, 0x00, 0x00, 0x02, 0xFE, 0x00, 0x00, 0x00, 0x00, 0x02,
    0xFC, 0x00, 0x00, 0x00, 0x00, 0x03, 0xFC, 0x00, 0x00, 0x00, 0x00, 0x03, 0xFC, 0x00, 0x00, 0x00,
    0x00, 0x0F, 0xF4, 0x00, 0x00, 0x00, 0x00, 0x2F, 0xF0, 0x00, 0x00, 0x00, 0x00, 0xBF, 0xC0, 0x00,
    0x00, 0x00, 0x01, 0xFF, 0x80, 0x00, 0x00, 0x00, 0x0B, 0xFE, 0x00, 0x00, 0x00, 0x00, 0x2F, 0xF8,
    0x00, 0x00, 0x00, 0x00, 0xFF, 0xE0, 0x00, 0x00, 0x00, 0x03, 0xFF, 0x00, 0x00, 0x00, 0x00, 0x2F,
    0xFC, 0x00, 0x00, 0x00, 0x01, 0xFF, 0xE0, 0x00, 0x00, 0x00, 0x0B, 0xFF, 0x00, 0x00, 0x00, 0x00,
    0xBF, 0xF4, 0x00, 0x00, 0x00, 0x03, 0xFF, 0x80, 0x00, 0x00, 0x00, 0x3F, 0xFE, 0x55, 0x55, 0x55,
    0x00, 0x3F, 0xFF, 0xFF, 0xFF, 0xFF, 0x80, 0xBF, 0xFF, 0xFF, 0xFF, 0xFF, 0x40, 0xBF, 0xFF, 0xFF,
    0xFF, 0xFF, 0x00, 0x00, 0x00, 0x00, 0x00, 0x00, 0x00, 0x00, 0x00, 0xBF, 0xFE, 0x80, 0x00, 0x00,
    0x0B, 0xFF, 0xFF, 0xF8, 0x00, 0x00, 0x3F, 0xFF, 0xFF, 0xFE, 0x00, 0x00, 0xFF, 0xE0, 0x0B, 0xFF,
    0x40, 0x02, 0xFF, 0x00, 0x00, 0xFF, 0xC0, 0x03, 0xFC, 0x00, 0x00, 0x3F, 0xC0, 0x03, 0xF8, 0x00,
    0x00, 0x3F, 0xC0, 0x00, 0x10, 0x00, 0x00, 0x3F, 0xC0, 0x00, 0x00, 0x00, 0x00, 0x3F, 0xC0, 0x00,
    0x00, 0x00, 0x00, 0xBF, 0x80, 0x00, 0x00, 0x00, 0x02, 0xFF, 0x00, 0x00, 0x00, 0x01, 0xBF, 0xFC,
    0x00, 0x00, 0x00, 0xFF, 0xFF, 0xF0, 0x00, 0x00, 0x00, 0xFF, 0xFF, 0x80, 0x00, 0x00, 0x00, 0xFF,
    0xFF, 0xE0, 0x00, 0x00, 0x00, 0x01, 0xBF, 0xF8, 0x00, 0x00, 0x00, 0x00, 0x0B, 0xFC, 0x00, 0x00,
    0x00, 0x00, 0x03, 0xFE, 0x00, 0x00, 0x00, 0x00, 0x00, 0xFE, 0x00, 0x00, 0x00, 0x00, 0x00, 0xFF,
    0x00, 0x02, 0x00, 0x00, 0x00, 0xFE, 0x00, 0xBF, 0x00, 0x00, 0x00, 0xFE, 0x00, 0xBF, 0x80, 0x00,
    0x02, 0xFC, 0x00, 0x3F, 0xD0, 0x00, 0x0B, 0xFC, 0x00, 0x2F, 0xF8, 0x00, 0x2F, 0xF0, 0x00, 0x0F,
    0xFF, 0xEB, 0xFF, 0xE0, 0x00, 0x03, 0xFF, 0xFF, 0xFF, 0x00, 0x00, 0x00, 0x7F, 0xFF, 0xF8, 0x00,
    0x00, 0x00, 0x00, 0x20, 0x00, 0x00, 0x00, 0x00, 0x00, 0x00, 0x00, 0x02, 0xA0, 0x00, 0x00, 0x00,
    0x00, 0x00, 0x0F, 0xF4, 0x00, 0x00, 0x00, 0x00, 0x00, 0x3F, 0xF0, 0x00, 0x00, 0x00, 0x00, 0x00,
    0xFF, 0xF0, 0x00, 0x00, 0x00, 0x00, 0x03, 0xFF, 0xF0, 0x00, 0x00, 0x00, 0x00, 0x0F, 0xFF, 0xE0,
    0x00, 0x00, 0x00, 0x00, 0x7F, 0xEF, 0xC0, 0x00, 0x00, 0x00, 0x01, 0xFF, 0x2F, 0xC0, 0x00, 0x00,
    0x00, 0x07, 0xFC, 0x3F, 0xC0, 0x00, 0x00, 0x00, 0x1F, 0xF0, 0x3F, 0x80, 0x00, 0x00, 0x00, 0x7F,
    0xC0, 0x3F, 0x80, 0x00, 0x00, 0x01, 0xFF, 0x00, 0xBF, 0x00, 0x00, 0x00, 0x07, 0xFC, 0x00, 0xBF,
    0x00, 0x00, 0x00, 0x2F, 0xF0, 0x00, 0xFF, 0x00, 0x00, 0x00, 0xBF, 0xC0, 0x00, 0xFE, 0x00, 0x00,
    0x02, 0xFF, 0x00, 0x00, 0xFD, 0x00, 0x00, 0x0B, 0xF8, 0x00, 0x02, 0xFC, 0x00, 0x00, 0x2F, 0xF0,
    0x00, 0x03, 0xFC, 0x00, 0x00, 0x3F, 0xFF, 0xFF, 0xFF, 0xFF, 0xFF, 0x00, 0x3F, 0xFF, 0xFF, 0xFF,
    0xFF, 0xFE, 0x00, 0x3F, 0xFF, 0xFF, 0xFF, 0xFF, 0xFE, 0x00, 0x00, 0x00, 0x00, 0x0B, 0xF0, 0x00,
    0x00, 0x00, 0x00, 0x00, 0x0F, 0xF0, 0x00, 0x00, 0x00, 0x00, 0x00, 0x0F, 0xE0, 0x00, 0x00, 0x00,
    0x00, 0x00, 0x0F, 0xE0, 0x00, 0x00, 0x00, 0x00, 0x00, 0x2F, 0xC0, 0x00, 0x00, 0x00, 0x00, 0x00,
    0x2F, 0xC0, 0x00, 0x00, 0x00, 0x00, 0x00, 0x3F, 0xC0, 0x00, 0x00, 0x00, 0x02, 0xAA, 0xAA, 0xAA,
    0xA8, 0x00, 0x03, 0xFF, 0xFF, 0xFF, 0xFC, 0x00, 0x0B, 0xFF, 0xFF, 0xFF, 0xF8, 0x00, 0x0F, 0xFF,
    0xFF, 0xFF, 0xF4, 0x00, 0x0F, 0xC0, 0x00, 0x00, 0x00, 0x00, 0x2F, 0xC0, 0x00, 0x00, 0x00, 0x00,
    0x3F, 0x80, 0x00, 0x00, 0x00, 0x00, 0x3F, 0x00, 0x00, 0x00, 0x00, 0x00, 0xBF, 0x00, 0x00, 0x00,
    0x00, 0x00, 0xFE, 0x0A, 0xA4, 0x00, 0x00, 0x00, 0xFE, 0xFF, 0xFF, 0x80, 0x00, 0x02, 0xFF, 0xFF,
    0xFF, 0xF0, 0x00, 0x03, 0xFF, 0xEA, 0xBF, 0xFC, 0x00, 0x03, 0xFE, 0x00, 0x0B, 0xFE, 0x00, 0x03,
    0xF8, 0x00, 0x01, 0xFF, 0x00, 0x00, 0x00, 0x00, 0x00, 0xFF, 0x40, 0x00, 0x00, 0x00, 0x00, 0xBF,
    0x80, 0x00, 0x00, 0x00, 0x00, 0x7F, 0x80, 0x00, 0x00, 0x00, 0x00, 0x3F, 0x80, 0x00, 0x00, 0x00,
    0x00, 0x7F, 0x80, 0x00, 0x00, 0x00, 0x00, 0xBF, 0x00, 0x2F, 0xC0, 0x00, 0x00, 0xFF, 0x00, 0x2F,
    0xD0, 0x00, 0x02, 0xFE, 0x00, 0x0F, 0xF0, 0x00, 0x03, 0xFC, 0x00, 0x0F, 0xFD, 0x00, 0x2F, 0xF8,
    0x00, 0x03, 0xFF, 0xFB, 0xFF, 0xE0, 0x00, 0x00, 0xFF, 0xFF, 0xFF, 0x80, 0x00, 0x00, 0x2F, 0xFF,
    0xF8, 0x00, 0x00, 0x00, 0x00, 0x14, 0x00, 0x00, 0x00, 0x00, 0x00, 0x00, 0x00, 0x00, 0x00, 0x00,
    0x00, 0x1F, 0xFF, 0x80, 0x00, 0x00, 0x01, 0xFF, 0xFF, 0xF8, 0x00, 0x00, 0x0B, 0xFF, 0xFF, 0xFE,
    0x00, 0x00, 0x2F, 0xF8, 0x02, 0xFF, 0x00, 0x00, 0xBF, 0xC0, 0x00, 0xBF, 0x40, 0x00, 0xFF, 0x00,
    0x00, 0x10, 0x00, 0x03, 0xFC, 0x00, 0x00, 0x00, 0x00, 0x03, 0xF8, 0x00, 0x00, 0x00, 0x00, 0x0F,
    0xF0, 0x00, 0x00, 0x00, 0x00, 0x0F, 0xF0, 0x02, 0x40, 0x00, 0x00, 0x2F, 0xE2, 0xFF, 0xFE, 0x00,
    0x00, 0x2F, 0xDF, 0xFF, 0xFF, 0xC0, 0x00, 0x3F, 0xFF, 0xFF, 0xFF, 0xF0, 0x00, 0x3F, 0xFE, 0x00,
    0x2F, 0xFC, 0x00, 0x3F, 0xF0, 0x00, 0x03, 0xFC, 0x00, 0x7F, 0xE0, 0x00, 0x02, 0xFE, 0x00, 0xBF,
    0xC0, 0x00, 0x00, 0xFF, 0x00, 0xBF, 0x80, 0x00, 0x00, 0xFF, 0x00, 0xBF, 0x00, 0x00, 0x00, 0xFF,
    0x00, 0xBF, 0x00, 0x00, 0x00, 0xFF, 0x00, 0x7F, 0x80, 0x00, 0x00, 0xFE, 0x00, 0x3F, 0x80, 0x00,
    0x02, 0xFD, 0x00, 0x3F, 0xC0, 0x00, 0x03, 0xFC, 0x00, 0x2F, 0xE0, 0x00, 0x0F, 0xF8, 0x00, 0x0F,
    0xF8, 0x00, 0x3F, 0xF0, 0x00, 0x0B, 0xFF, 0xEB, 0xFF, 0xC0, 0x00, 0x02, 0xFF, 0xFF, 0xFF, 0x00,
    0x00, 0x00, 0x2F, 0xFF, 0xF0, 0x00, 0x00, 0x00, 0x00, 0x20, 0x00, 0x00, 0x00, 0x02, 0xAA, 0xAA,
    0xAA, 0xAA, 0xA0, 0x07, 0xFF, 0xFF, 0xFF, 0xFF, 0xF0, 0x0B, 0xFF, 0xFF, 0xFF, 0xFF, 0xF0, 0x0B,
    0xFF, 0xFF, 0xFF, 0xFF, 0xE0, 0x00, 0x00, 0x00, 0x00, 0xBF, 0xC0, 0x00, 0x00, 0x00, 0x00, 0xFF,
    0x80, 0x00, 0x00, 0x00, 0x03, 0xFF, 0x00, 0x00, 0x00, 0x00, 0x0B, 0xFC, 0x00, 0x00, 0x00, 0x00,
    0x0F, 0xF4, 0x00, 0x00, 0x00, 0x00, 0x3F, 0xE0, 0x00, 0x00, 0x00, 0x00, 0xBF, 0xC0, 0x00, 0x00,
    0x00, 0x01, 0xFF, 0x00, 0x00, 0x00, 0x00, 0x03, 0xFE, 0x00, 0x00, 0x00, 0x00, 0x0F, 0xFC, 0x00,
    0x00, 0x00, 0x00, 0x2F, 0xF0, 0x00, 0x00, 0x00, 0x00, 0x3F, 0xE0, 0x00, 0x00, 0x00, 0x00, 0xFF,
    0xC0, 0x00, 0x00, 0x00, 0x02, 0xFF, 0x00, 0x00, 0x00, 0x00, 0x03, 0xFD, 0x00, 0x00, 0x00, 0x00,
    0x0F, 0xF8, 0x00, 0x00, 0x00, 0x00, 0x2F, 0xF0, 0x00, 0x00, 0x00, 0x00, 0x7F, 0xC0, 0x00, 0x00,
    0x00, 0x00, 0xFF, 0x80, 0x00, 0x00, 0x00, 0x03, 0xFF, 0x00, 0x00, 0x00, 0x00, 0x0B, 0xFC, 0x00,
    0x00, 0x00, 0x00, 0x0F, 0xF8, 0x00, 0x00, 0x00, 0x00, 0x3F, 0xF0, 0x00, 0x00, 0x00, 0x00, 0xBF,
    0xC0, 0x00, 0x00, 0x00, 0x00, 0x00, 0x00, 0x00, 0x00, 0x00, 0x00, 0x00, 0x00, 0x0F, 0xFE, 0x00,
    0x00, 0x00, 0x00, 0xFF, 0xFF, 0xC0, 0x00, 0x00, 0x03, 0xFF, 0xFF, 0xF0, 0x00, 0x00, 0x0F, 0xF8,
    0x0F, 0xFC, 0x00, 0x00, 0x2F, 0xC0, 0x02, 0xFC, 0x00, 0x00, 0x3F, 0x80, 0x00, 0xFE, 0x00, 0x00,
    0x3F, 0x00, 0x00, 0xBE, 0x00, 0x00, 0x7F, 0x00, 0x00, 0xBE, 0x00, 0x00, 0xBF, 0x00, 0x00, 0xFD,
    0x00, 0x00, 0x3F, 0x00, 0x02, 0xFC, 0x00, 0x00, 0x3F, 0xC0, 0x07, 0xF8, 0x00, 0x00, 0x2F, 0xF8,
    0x7F, 0xF0, 0x00, 0x00, 0x0F, 0xFF, 0xFF, 0xC0, 0x00, 0x00, 0x3F, 0xFF, 0xFF, 0xF0, 0x00, 0x02,
    0xFF, 0xFF, 0xFF, 0xFC, 0x00, 0x0B, 0xFF, 0x40, 0x0B, 0xFF, 0x00, 0x0F, 0xF8, 0x00, 0x00, 0xFF,
    0x80, 0x3F, 0xE0, 0x00, 0x00, 0xBF, 0xC0, 0x3F, 0xC0, 0x00, 0x00, 0x3F, 0xC0, 0x7F, 0x80, 0x00,
    0x00, 0x3F, 0xC0, 0xBF, 0x80, 0x00, 0x00, 0x3F, 0xC0, 0xBF, 0x80, 0x00, 0x00, 0x3F, 0x80, 0x3F,
    0xC0, 0x00, 0x00, 0xFF, 0x00, 0x3F, 0xE0, 0x00, 0x02, 0xFF, 0x00, 0x2F, 0xFC, 0x00, 0x2F, 0xFC,
    0x00, 0x0F, 0xFF, 0xFF, 0xFF, 0xF0, 0x00, 0x02, 0xFF, 0xFF, 0xFF, 0xC0, 0x00, 0x00, 0x2F, 0xFF,
    0xF8, 0x00, 0x00, 0x00, 0x00, 0x14, 0x00, 0x00, 0x00, 0x00, 0x00, 0x00, 0x00, 0x00, 0x00, 0x00,
    0x00, 0xBF, 0xF8, 0x00, 0x00, 0x00, 0x0F, 0xFF, 0xFF, 0xC0, 0x00, 0x00, 0xBF, 0xFF, 0xFF, 0xF0,
    0x00, 0x02, 0xFF, 0xFA, 0xBF, 0xFC, 0x00, 0x03, 0xFF, 0x00, 0x03, 0xFE, 0x00, 0x0F, 0xF8, 0x00,
    0x00, 0xFF, 0x00, 0x1F, 0xE0, 0x00, 0x00, 0xBF, 0x00, 0x3F, 0xC0, 0x00, 0x00, 0x3F, 0x80, 0x3F,
    0xC0, 0x00, 0x00, 0x3F, 0x80, 0x3F, 0x80, 0x00, 0x00, 0x3F, 0x80, 0x3F, 0x80, 0x00, 0x00, 0x7F,
    0x40, 0x3F, 0x80, 0x00, 0x00, 0xFF, 0x00, 0x3F, 0xC0, 0x00, 0x01, 0xFF, 0x00, 0x3F, 0xD0, 0x00,
    0x03, 0xFC, 0x00, 0x2F, 0xF0, 0x00, 0x0F, 0xF8, 0x00, 0x0F, 0xFE, 0x00, 0xBF, 0xF0, 0x00, 0x03,
    0xFF, 0xFF, 0xFF, 0xC0, 0x00, 0x00, 0xFF, 0xFF, 0xFF, 0x80, 0x00, 0x00, 0x2F, 0xFF, 0xFE, 0x00,
    0x00, 0x00, 0x00, 0x1F, 0xFC, 0x00, 0x00, 0x00, 0x00, 0x2F, 0xF0, 0x00, 0x00, 0x00, 0x00, 0xBF,
    0xD0, 0x00, 0x00, 0x00, 0x00, 0xFF, 0x80, 0x00, 0x00, 0x00, 0x03, 0xFF, 0x00, 0x00, 0x00, 0x00,
    0x0F, 0xFC, 0x00, 0x00, 0x00, 0x00, 0x3F, 0xF0, 0x00, 0x00, 0x00, 0x00, 0xFF, 0xC0, 0x00, 0x00,
    0x00, 0x02, 0xFF, 0x40, 0x00, 0x00, 0x00, 0x00, 0x2E, 0x00, 0x00, 0xFF, 0xC0, 0x00, 0xFF, 0xC0,
    0x00, 0xFF, 0xC0, 0x00, 0xBF, 0x80, 0x00, 0x09, 0x00, 0x00, 0x00, 0x00, 0x00, 0x00, 0x00, 0x00,
    0x00, 0x00, 0x00, 0x00, 0x00, 0x00, 0x00, 0x00, 0x00, 0x00, 0x00, 0x00, 0x00, 0x00, 0x00, 0x00,
    0x00, 0x00, 0x00, 0x00, 0x00, 0x00, 0x00, 0x2F, 0x80, 0x00, 0x3F, 0xE0, 0x00, 0xBF, 0xF0, 0x00,
    0x7F, 0xF0, 0x00, 0x3F, 0xC0, 0x00, 0x01, 0x00, 0x00, 0x00, 0x0B, 0x80, 0x00, 0x2F, 0xF0, 0x00,
    0x3F, 0xF0, 0x00, 0x3F, 0xF0, 0x00, 0x2F, 0xF0, 0x00, 0x02, 0x40, 0x00, 0x00, 0x00, 0x00, 0x00,
    0x00, 0x00, 0x00, 0x00, 0x00, 0x00, 0x00, 0x00, 0x00, 0x00, 0x00, 0x00, 0x00, 0x00, 0x00, 0x00,
    0x00, 0x00, 0x00, 0x00, 0x00, 0x00, 0x00, 0x00, 0x00, 0x0B, 0xE0, 0x00, 0x0F, 0xF8, 0x00, 0x2F,
    0xFC, 0x00, 0x2F, 0xFC, 0x00, 0x0F, 0xF0, 0x00, 0x03, 0xF0, 0x00, 0x0B, 0xC0, 0x00, 0x0F, 0x80,
    0x00, 0x3F, 0x00, 0x00, 0xBC, 0x00, 0x00, 0x24, 0x00, 0x00, 0x00, 0x00, 0x00, 0x00, 0x01, 0x00,
    0x00, 0x00, 0x00, 0x00, 0x2F, 0x00, 0x00, 0x00, 0x00, 0x02, 0xFF, 0x00, 0x00, 0x00, 0x00, 0x2F,
    0xFF, 0x00, 0x00, 0x00, 0x07, 0xFF, 0xFE, 0x00, 0x00, 0x00, 0xBF, 0xFF, 0xD0, 0x00, 0x00, 0x0B,
    0xFF, 0xF8, 0x00, 0x00, 0x00, 0xBF, 0xFF, 0x80, 0x00, 0x00, 0x0F, 0xFF, 0xF4, 0x00, 0x00, 0x00,
    0xBF, 0xFE, 0x00, 0x00, 0x00, 0x00, 0xBF, 0xF0, 0x00, 0x00, 0x00, 0x00, 0xBF, 0xFC, 0x00, 0x00,
    0x00, 0x00, 0x2F, 0xFF, 0xE0, 0x00, 0x00, 0x00, 0x02, 0xFF, 0xFE, 0x00, 0x00, 0x00, 0x00, 0x2F,
    0xFF, 0xF0, 0x00, 0x00, 0x00, 0x01, 0xFF, 0xFF, 0x80, 0x00, 0x00, 0x00, 0x0B, 0xFF, 0xF8, 0x00,
    0x00, 0x00, 0x00, 0xBF, 0xFF, 0x00, 0x00, 0x00, 0x00, 0x0B, 0xFF, 0x00, 0x00, 0x00, 0x00, 0x00,
    0xBF, 0x00, 0x00, 0x00, 0x00, 0x00, 0x03, 0x00, 0x00, 0x00, 0x00, 0x00, 0x00, 0x00, 0xBF, 0xFF,
    0xFF, 0xFF, 0xFF, 0xC0, 0xBF, 0xFF, 0xFF, 0xFF, 0xFF, 0xC0, 0xBF, 0xFF, 0xFF, 0xFF, 0xFF, 0xC0,
    0x00, 0x00, 0x00, 0x00, 0x00, 0x00, 0x00, 0x00, 0x00, 0x00, 0x00, 0x00, 0x00, 0x00, 0x00, 0x00,
    0x00, 0x00, 0x00, 0x00, 0x00, 0x00, 0x00, 0x00, 0x2A, 0xAA, 0xAA, 0xAA, 0xAA, 0x80, 0xBF, 0xFF,
    0xFF, 0xFF, 0xFF, 0xC0, 0xBF, 0xFF, 0xFF, 0xFF, 0xFF, 0xC0, 0xBF, 0xFF, 0xFF, 0xFF, 0xFF, 0xC0,
    0x00, 0x00, 0x00, 0x00, 0x00, 0x00, 0x00, 0x00, 0x00, 0x00, 0x00, 0xB8, 0x00, 0x00, 0x00, 0x00,
    0xBF, 0xC0, 0x00, 0x00, 0x00, 0xBF, 0xFD, 0x00, 0x00, 0x00, 0x3F, 0xFF, 0xE0, 0x00, 0x00, 0x02,
    0xFF, 0xFE, 0x00, 0x00, 0x00, 0x2F, 0xFF, 0xE0, 0x00, 0x00, 0x01, 0xFF, 0xFF, 0x40, 0x00, 0x00,
    0x0B, 0xFF, 0xF8, 0x00, 0x00, 0x00, 0xBF, 0xFF, 0x00, 0x00, 0x00, 0x0B, 0xFF, 0x00, 0x00, 0x00,
    0x2F, 0xFF, 0x00, 0x00, 0x02, 0xFF, 0xFD, 0x00, 0x00, 0xBF, 0xFF, 0x80, 0x00, 0x0B, 0xFF, 0xF8,
    0x00, 0x00, 0xBF, 0xFF, 0x80, 0x00, 0x2F, 0xFF, 0xF8, 0x00, 0x00, 0xBF, 0xFF, 0x00, 0x00, 0x00,
    0xBF, 0xE0, 0x00, 0x00, 0x00, 0xBE, 0x00, 0x00, 0x00, 0x00, 0xA0, 0x00, 0x00, 0x00, 0x00, 0x00,
    0x00, 0x00, 0x00, 0x00, 0x00, 0x06, 0xFF, 0xE4, 0x00, 0x00, 0xBF, 0xFF, 0xFF, 0x00, 0x03, 0xFF,
    0xFF, 0xFF, 0xD0, 0x0F, 0xFE, 0x00, 0x7F, 0xF0, 0x2F, 0xF0, 0x00, 0x0F, 0xF0, 0x3F, 0xC0, 0x00,
    0x0B, 0xF8, 0x3F, 0x40, 0x00, 0x0B, 0xF8, 0x00, 0x00, 0x00, 0x0B, 0xF4, 0x00, 0x00, 0x00, 0x1F,
    0xF0, 0x00, 0x00, 0x00, 0xBF, 0xE0, 0x00, 0x00, 0x03, 0xFF, 0xC0, 0x00, 0x00, 0x2F, 0xFE, 0x00,
    0x00, 0x00, 0xFF, 0xF0, 0x00, 0x00, 0x07, 0xFF, 0x80, 0x00, 0x00, 0x0F, 0xF8, 0x00, 0x00, 0x00,
    0x3F, 0xE0, 0x00, 0x00, 0x00, 0x3F, 0xC0, 0x00, 0x00, 0x00, 0xBF, 0x00, 0x00, 0x00, 0x00, 0xFF,
    0x00, 0x00, 0x00, 0x00, 0xFE, 0x00, 0x00, 0x00, 0x00, 0x00, 0x00, 0x00, 0x00, 0x00, 0x00, 0x00,
    0x00, 0x00, 0x00, 0x00, 0x00, 0x00, 0x00, 0x02, 0xF0, 0x00, 0x00, 0x00, 0x0F, 0xFC, 0x00, 0x00,
    0x00, 0x0F, 0xFD, 0x00, 0x00, 0x00, 0x0F, 0xFC, 0x00, 0x00, 0x00, 0x07, 0xF8, 0x00, 0x00, 0x00,
    0x00, 0x40, 0x00, 0x00, 0x00, 0x00, 0x00, 0x00, 0x00, 0x00, 0x00, 0x00, 0x00, 0x00, 0x00, 0x06,
    0xFF, 0xF8, 0x00, 0x00, 0x00, 0x00, 0x00, 0xBF, 0xFF, 0xFF, 0xE0, 0x00, 0x00, 0x00, 0x0B, 0xFF,
    0xEA, 0xBF, 0xFC, 0x00, 0x00, 0x00, 0x2F, 0xF8, 0x00, 0x02, 0xFF, 0x80, 0x00, 0x00, 0xBF, 0x80,
    0x00, 0x00, 0x2F, 0xE0, 0x00, 0x02, 0xFC, 0x00, 0x00, 0x00, 0x0B, 0xF0, 0x00, 0x03, 0xF0, 0x00,
    0x01, 0xA0, 0x02, 0xFC, 0x00, 0x0F, 0xE0, 0x00, 0xBF, 0xFF, 0xC0, 0xFE, 0x00, 0x0F, 0xC0, 0x0B,
    0xFF, 0xFF, 0xC0, 0x3F, 0x00, 0x2F, 0x00, 0x2F, 0xFE, 0xBF, 0xC0, 0x3F, 0x00, 0x3F, 0x00, 0xBF,
    0xC0, 0x3F, 0xC0, 0x2F, 0x00, 0x3E, 0x00, 0xFF, 0x00, 0x3F, 0x80, 0x0F, 0x80, 0x3E, 0x02, 0xFC,
    0x00, 0x3F, 0x40, 0x0F, 0x80, 0x3C, 0x03, 0xF8, 0x00, 0xBF, 0x00, 0x0F, 0x80, 0x7C, 0x03, 0xF0,
    0x00, 0xBF, 0x00, 0x0F, 0x80, 0x3D, 0x03, 0xF0, 0x00, 0xFE, 0x00, 0x2F, 0x00, 0x3E, 0x03, 0xF0,
    0x02, 0xFE, 0x00, 0x3F, 0x00, 0x3E, 0x03, 0xF8, 0x0B, 0xFE, 0x00, 0xBE, 0x00, 0x3F, 0x03, 0xFF,
    0xBF, 0xFF, 0x87, 0xFC, 0x00, 0x2F, 0x82, 0xFF, 0xFF, 0x3F, 0xFF, 0xF0, 0x00, 0x0F, 0xC0, 0xBF,
    0xF8, 0x0F, 0xFF, 0xC0, 0x00, 0x0B, 0xF0, 0x0A, 0x80, 0x00, 0xA8, 0x00, 0x00, 0x03, 0xF8, 0x00,
    0x00, 0x00, 0x00, 0x00, 0x00, 0x01, 0xFF, 0x00, 0x00, 0x00, 0x00, 0x00, 0x00, 0x00, 0xBF, 0xE0,
    0x00, 0x01, 0x00, 0x00, 0x00, 0x00, 0x0F, 0xFE, 0x90, 0xAF, 0x80, 0x00, 0x00, 0x00, 0x02, 0xFF,
    0xFF, 0xFF, 0x80, 0x00, 0x00, 0x00, 0x00, 0x2F, 0xFF, 0xFE, 0x00, 0x00, 0x00, 0x00, 0x00, 0x00,
    0x05, 0x00, 0x00, 0x00, 0x00, 0x00, 0x00, 0x00, 0x00, 0x2A, 0xA0, 0x00, 0x00, 0x00, 0x00, 0x00,
    0xFF, 0xF0, 0x00, 0x00, 0x00, 0x00, 0x01, 0xFF, 0xF0, 0x00, 0x00, 0x00, 0x00, 0x03, 0xFF, 0xF0,
    0x00, 0x00, 0x00, 0x00, 0x0B, 0xFF, 0xF8, 0x00, 0x00, 0x00, 0x00, 0x0F, 0xFB, 0xF8, 0x00, 0x00,
    0x00, 0x00, 0x3F, 0xE3, 0xFC, 0x00, 0x00, 0x00, 0x00, 0x3F, 0xC3, 0xFC, 0x00, 0x00, 0x00, 0x00,
    0xFF, 0x43, 0xFC, 0x00, 0x00, 0x00, 0x02, 0xFF, 0x02, 0xFC, 0x00, 0x00, 0x00, 0x03, 0xFC, 0x02,
    0xFE, 0x00, 0x00, 0x00, 0x0B, 0xF8, 0x02, 0xFE, 0x00, 0x00, 0x00, 0x0F, 0xF0, 0x00, 0xFF, 0x00,
    0x00, 0x00, 0x3F, 0xE0, 0x00, 0xFF, 0x00, 0x00, 0x00, 0xBF, 0xC0, 0x00, 0xFF, 0x00, 0x00, 0x00,
    0xFF, 0x80, 0x00, 0xFF, 0x00, 0x00, 0x02, 0xFF, 0x00, 0x00, 0xFF, 0x40, 0x00, 0x03, 0xFC, 0x00,
    0x00, 0xBF, 0x80, 0x00, 0x0F, 0xFE, 0xAA, 0xAA, 0xFF, 0x80, 0x00, 0x1F, 0xFF, 0xFF, 0xFF, 0xFF,
    0xC0, 0x00, 0x3F, 0xFF, 0xFF, 0xFF, 0xFF, 0xC0, 0x00, 0xBF, 0xFF, 0xFF, 0xFF, 0xFF, 0xC0, 0x00,
    0xFF, 0x80, 0x00, 0x00, 0x3F, 0xD0, 0x02, 0xFF, 0x00, 0x00, 0x00, 0x3F, 0xE0, 0x03, 0xFC, 0x00,
    0x00, 0x00, 0x2F, 0xE0, 0x0F, 0xFC, 0x00, 0x00, 0x00, 0x2F, 0xF0, 0x2F, 0xF0, 0x00, 0x00, 0x00,
    0x0F, 0xF0, 0x3F, 0xE0, 0x00, 0x00, 0x00, 0x0F, 0xF0, 0x00, 0x0A, 0xAA, 0xAA, 0xA8, 0x00, 0x00,
    0x00, 0x0F, 0xFF, 0xFF, 0xFF, 0xE0, 0x00, 0x00, 0x0F, 0xFF, 0xFF, 0xFF, 0xFC, 0x00, 0x00, 0x1F,
    0xFF, 0xFF, 0xFF, 0xFF, 0x00, 0x00, 0x2F, 0xE0, 0x00, 0x03, 0xFF, 0x80, 0x00, 0x3F, 0xD0, 0x00,
    0x00, 0xFF, 0x80, 0x00, 0x3F, 0xC0, 0x00, 0x00, 0xBF, 0xC0, 0x00, 0x3F, 0xC0, 0x00, 0x00, 0xBF,
    0x80, 0x00, 0x7F, 0x80, 0x00, 0x00, 0xBF, 0x80, 0x00, 0xBF, 0x80, 0x00, 0x00, 0xFF, 0x00, 0x00,
    0xFF, 0x00, 0x00, 0x03, 0xFE, 0x00, 0x00, 0xFF, 0x00, 0x00, 0x2F, 0xFC, 0x00, 0x00, 0xFF, 0xFF,
    0xFF, 0xFF, 0xE0, 0x00, 0x02, 0xFF, 0xFF, 0xFF, 0xFF, 0xC0, 0x00, 0x02, 0xFF, 0xFF, 0xFF, 0xFF,
    0xF0, 0x00, 0x03, 0xFE, 0x00, 0x02, 0xBF, 0xF8, 0x00, 0x03, 0xFC, 0x00, 0x00, 0x0F, 0xFC, 0x00,
    0x03, 0xFC, 0x00, 0x00, 0x07, 0xFD, 0x00, 0x0B, 0xF8, 0x00, 0x00, 0x03, 0xFE, 0x00, 0x0F, 0xF4,
    0x00, 0x00, 0x03, 0xFE, 0x00, 0x0F, 0xF0, 0x00, 0x00, 0x03, 0xFC, 0x00, 0x0F, 0xF0, 0x00, 0x00,
    0x0B, 0xFC, 0x00, 0x1F, 0xF0, 0x00, 0x00, 0x2F, 0xF8, 0x00, 0x2F, 0xE0, 0x00, 0x00, 0xBF, 0xF0,
    0x00, 0x3F, 0xEA, 0xAA, 0xAB, 0xFF, 0xC0, 0x00, 0x3F, 0xFF, 0xFF, 0xFF, 0xFF, 0x00, 0x00, 0x3F,
    0xFF, 0xFF, 0xFF, 0xF8, 0x00, 0x00, 0xBF, 0xFF, 0xFF, 0xFE, 0x00, 0x00, 0x00, 0x00, 0x00, 0x00,
    0x00, 0x00, 0x00, 0x00, 0x00, 0x00, 0x02, 0xFF, 0xF9, 0x00, 0x00, 0x00, 0x00, 0x7F, 0xFF, 0xFF,
    0xE0, 0x00, 0x00, 0x03, 0xFF, 0xFF, 0xFF, 0xFC, 0x00, 0x00, 0x0F, 0xFF, 0xA6, 0xBF, 0xFE, 0x00,
    0x00, 0x3F, 0xF8, 0x00, 0x03, 0xFF, 0x00, 0x00, 0xFF, 0xC0, 0x00, 0x00, 0xFF, 0x80, 0x02, 0xFF,
    0x00, 0x00, 0x00, 0x7F, 0x80, 0x07, 0xFC, 0x00, 0x00, 0x00, 0x20, 0x00, 0x0F, 0xF8, 0x00, 0x00,
    0x00, 0x00, 0x00, 0x1F, 0xF0, 0x00, 0x00, 0x00, 0x00, 0x00, 0x3F, 0xE0, 0x00, 0x00, 0x00, 0x00,
    0x00, 0x3F, 0xC0, 0x00, 0x00, 0x00, 0x00, 0x00, 0x3F, 0xC0, 0x00, 0x00, 0x00, 0x00, 0x00, 0xBF,
    0x80, 0x00, 0x00, 0x00, 0x00, 0x00, 0xBF, 0x40, 0x00, 0x00, 0x00, 0x00, 0x00, 0xFF, 0x00, 0x00,
    0x00, 0x00, 0x00, 0x00, 0xFF, 0x00, 0x00, 0x00, 0x00, 0x00, 0x00, 0xFF, 0x00, 0x00, 0x00, 0x00,
    0x00, 0x00, 0xFF, 0x40, 0x00, 0x00, 0x00, 0x00, 0x00, 0xBF, 0x80, 0x00, 0x00, 0x00, 0x00, 0x00,
    0xBF, 0xC0, 0x00, 0x00, 0x00, 0x00, 0x00, 0x3F, 0xD0, 0x00, 0x00, 0x0B, 0xD0, 0x00, 0x3F, 0xF0,
    0x00, 0x00, 0x1F, 0xF0, 0x00, 0x2F, 0xFC, 0x00, 0x00, 0xBF, 0xE0, 0x00, 0x0F, 0xFF, 0x80, 0x0B,
    0xFF, 0x80, 0x00, 0x03, 0xFF, 0xFF, 0xFF, 0xFE, 0x00, 0x00, 0x00, 0xBF, 0xFF, 0xFF, 0xF0, 0x00,
    0x00, 0x00, 0x0B, 0xFF, 0xFE, 0x00, 0x00, 0x00, 0x00, 0x00, 0x05, 0x00, 0x00, 0x00, 0x00, 0x00,
    0x0A, 0xAA, 0xAA, 0x80, 0x00, 0x00, 0x00, 0x0F, 0xFF, 0xFF, 0xFF, 0x80, 0x00, 0x00, 0x0F, 0xFF,
    0xFF, 0xFF, 0xF8, 0x00, 0x00, 0x1F, 0xFF, 0xFF, 0xFF, 0xFF, 0x00, 0x00, 0x2F, 0xE0, 0x00, 0x1F,
    0xFF, 0x80, 0x00, 0x3F, 0xD0, 0x00, 0x00, 0xFF, 0xC0, 0x00, 0x3F, 0xC0, 0x00, 0x00, 0x3F, 0xE0,
    0x00, 0x3F, 0xC0, 0x00, 0x00, 0x2F, 0xF0, 0x00, 0x7F, 0x80, 0x00, 0x00, 0x0F, 0xF0, 0x00, 0xBF,
    0x80, 0x00, 0x00, 0x0F, 0xF0, 0x00, 0xFF, 0x00, 0x00, 0x00, 0x0F, 0xF0, 0x00, 0xFF, 0x00, 0x00,
    0x00, 0x0F, 0xF0, 0x00, 0xFF, 0x00, 0x00, 0x00, 0x0F, 0xF0, 0x02, 0xFE, 0x00, 0x00, 0x00, 0x0F,
    0xF0, 0x02, 0xFE, 0x00, 0x00, 0x00, 0x0F, 0xF0, 0x03, 0xFC, 0x00, 0x00, 0x00, 0x1F, 0xF0, 0x03,
    0xFC, 0x00, 0x00, 0x00, 0x2F, 0xE0, 0x03, 0xFC, 0x00, 0x00, 0x00, 0x3F, 0xC0, 0x0B, 0xF8, 0x00,
    0x00, 0x00, 0xBF, 0xC0, 0x0F, 0xF4, 0x00, 0x00, 0x00, 0xFF, 0x80, 0x0F, 0xF0, 0x00, 0x00, 0x03,
    0xFF, 0x00, 0x0F, 0xF0, 0x00, 0x00, 0x0F, 0xFC, 0x00, 0x1F, 0xF0, 0x00, 0x00, 0x3F, 0xF8, 0x00,
    0x2F, 0xE0, 0x00, 0x07, 0xFF, 0xD0, 0x00, 0x3F, 0xEA, 0xAA, 0xFF, 0xFF, 0x00, 0x00, 0x3F, 0xFF,
    0xFF, 0xFF, 0xF8, 0x00, 0x00, 0x3F, 0xFF, 0xFF, 0xFF, 0x80, 0x00, 0x00, 0xBF, 0xFF, 0xFA, 0x90,
    0x00, 0x00, 0x00, 0x00, 0x0A, 0xAA, 0xAA, 0xAA, 0xAA, 0x80, 0x00, 0x0F, 0xFF, 0xFF, 0xFF, 0xFF,
    0xC0, 0x00, 0x0F, 0xFF, 0xFF, 0xFF, 0xFF, 0x80, 0x00, 0x1F, 0xFF, 0xFF, 0xFF, 0xFF, 0x80, 0x00,
    0x2F, 0xE0, 0x00, 0x00, 0x00, 0x00, 0x00, 0x3F, 0xD0, 0x00, 0x00, 0x00, 0x00, 0x00, 0x3F, 0xC0,
    0x00, 0x00, 0x00, 0x00, 0x00, 0x3F, 0xC0, 0x00, 0x00, 0x00, 0x00, 0x00, 0x7F, 0x80, 0x00, 0x00,
    0x00, 0x00, 0x00, 0xBF, 0x80, 0x00, 0x00, 0x00, 0x00, 0x00, 0xFF, 0x00, 0x00, 0x00, 0x00, 0x00,
    0x00, 0xFF, 0x00, 0x00, 0x00, 0x00, 0x00, 0x00, 0xFF, 0xFF, 0xFF, 0xF8, 0x00, 0x00, 0x02, 0xFF,
    0xFF, 0xFF, 0xF8, 0x00, 0x00, 0x02, 0xFF, 0xFF, 0xFF, 0xF0, 0x00, 0x00, 0x03, 0xFE, 0xAA, 0xAA,
    0xA0, 0x00, 0x00, 0x03, 0xFC, 0x00, 0x00, 0x00, 0x00, 0x00, 0x03, 0xFC, 0x00, 0x00, 0x00, 0x00,
    0x00, 0x0B, 0xF8, 0x00, 0x00, 0x00, 0x00, 0x00, 0x0F, 0xF4, 0x00, 0x00, 0x00, 0x00, 0x00, 0x0F,
    0xF0, 0x00, 0x00, 0x00, 0x00, 0x00, 0x0F, 0xF0, 0x00, 0x00, 0x00, 0x00, 0x00, 0x1F, 0xE0, 0x00,
    0x00, 0x00, 0x00, 0x00, 0x2F, 0xE0, 0x00, 0x00, 0x00, 0x00, 0x00, 0x3F, 0xEA, 0xAA, 0xAA, 0xAA,
    0x00, 0x00, 0x3F, 0xFF, 0xFF, 0xFF, 0xFF, 0x00, 0x00, 0x3F, 0xFF, 0xFF, 0xFF, 0xFE, 0x00, 0x00,
    0xBF, 0xFF, 0xFF, 0xFF, 0xFD, 0x00, 0x00, 0x00, 0x0A, 0xAA, 0xAA, 0xAA, 0xAA, 0x00, 0x00, 0x0F,
    0xFF, 0xFF, 0xFF, 0xFF, 0x00, 0x00, 0x0F, 0xFF, 0xFF, 0xFF, 0xFF, 0x00, 0x00, 0x1F, 0xFF, 0xFF,
    0xFF, 0xFE, 0x00, 0x00, 0x2F, 0xE0, 0x00, 0x00, 0x00, 0x00, 0x00, 0x3F, 0xD0, 0x00, 0x00, 0x00,
    0x00, 0x00, 0x3F, 0xC0, 0x00, 0x00, 0x00, 0x00, 0x00, 0x3F, 0xC0, 0x00, 0x00, 0x00, 0x00, 0x00,
    0x7F, 0x80, 0x00, 0x00, 0x00, 0x00, 0x00, 0xBF, 0x80, 0x00, 0x00, 0x00, 0x00, 0x00, 0xFF, 0x00,
    0x00, 0x00, 0x00, 0x00, 0x00, 0xFF, 0x00, 0x00, 0x00, 0x00, 0x00, 0x00, 0xFF, 0xFF, 0xFF, 0xFF,
    0xE0, 0x00, 0x02, 0xFF, 0xFF, 0xFF, 0xFF, 0xE0, 0x00, 0x02, 0xFF, 0xFF, 0xFF, 0xFF, 0xD0, 0x00,
    0x03, 0xFE, 0xAA, 0xAA, 0xAA, 0x80, 0x00, 0x03, 0xFC, 0x00, 0x00, 0x00, 0x00, 0x00, 0x03, 0xFC,
    0x00, 0x00, 0x00, 0x00, 0x00, 0x0B, 0xF8, 0x00, 0x00, 0x00, 0x00, 0x00, 0x0F, 0xF4, 0x00, 0x00,
    0x00, 0x00, 0x00, 0x0F, 0xF0, 0x00, 0x00, 0x00, 0x00, 0x00, 0x0F, 0xF0, 0x00, 0x00, 0x00, 0x00,
    0x00, 0x1F, 0xF0, 0x00, 0x00, 0x00, 0x00, 0x00, 0x2F, 0xE0, 0x00, 0x00, 0x00, 0x00, 0x00, 0x3F,
    0xC0, 0x00, 0x00, 0x00, 0x00, 0x00, 0x3F, 0xC0, 0x00, 0x00, 0x00, 0x00, 0x00, 0x3F, 0xC0, 0x00,
    0x00, 0x00, 0x00, 0x00, 0xBF, 0x80, 0x00, 0x00, 0x00, 0x00, 0x00, 0x00, 0x00, 0x00, 0x00, 0x00,
    0x00, 0x00, 0x00, 0x00, 0x02, 0xFF, 0xF9, 0x00, 0x00, 0x00, 0x00, 0xBF, 0xFF, 0xFF, 0xE0, 0x00,
    0x00, 0x03, 0xFF, 0xFF, 0xFF, 0xF8, 0x00, 0x00, 0x0F, 0xFF, 0xA6, 0xBF, 0xFE, 0x00, 0x00, 0x3F,
    0xF8, 0x00, 0x03, 0xFF, 0x00, 0x00, 0xFF, 0xC0, 0x00, 0x00, 0xFF, 0x80, 0x03, 0xFF, 0x00, 0x00,
    0x00, 0x7F, 0x80, 0x0B, 0xFC, 0x00, 0x00, 0x00, 0x20, 0x00, 0x0F, 0xF8, 0x00, 0x00, 0x00, 0x00,
    0x00, 0x1F, 0xF0, 0x00, 0x00, 0x00, 0x00, 0x00, 0x3F, 0xE0, 0x00, 0x00, 0x00, 0x00, 0x00, 0x3F,
    0xC0, 0x00, 0x00, 0x00, 0x00, 0x00, 0x3F, 0xC0, 0x00, 0x00, 0x00, 0x00, 0x00, 0xBF, 0x80, 0x00,
    0x00, 0x00, 0x00, 0x00, 0xBF, 0x40, 0x00, 0x3F, 0xFF, 0xFF, 0xC0, 0xBF, 0x00, 0x00, 0x7F, 0xFF,
    0xFF, 0x80, 0xFF, 0x00, 0x00, 0xBF, 0xFF, 0xFF, 0x40, 0xFF, 0x00, 0x00, 0x00, 0x00, 0xFF, 0x00,
    0xBF, 0x40, 0x00, 0x00, 0x00, 0xFF, 0x00, 0xBF, 0x80, 0x00, 0x00, 0x02, 0xFE, 0x00, 0xBF, 0xC0,
    0x00, 0x00, 0x03, 0xFE, 0x00, 0x3F, 0xD0, 0x00, 0x00, 0x0B, 0xFC, 0x00, 0x3F, 0xF0, 0x00, 0x00,
    0x0F, 0xFC, 0x00, 0x1F, 0xFC, 0x00, 0x00, 0xBF, 0xFC, 0x00, 0x0B, 0xFF, 0x80, 0x0B, 0xFF, 0xF8,
    0x00, 0x03, 0xFF, 0xFF, 0xFF, 0xF6, 0xF8, 0x00, 0x00, 0xFF, 0xFF, 0xFF, 0xC2, 0xF0, 0x00, 0x00,
    0x0F, 0xFF, 0xF9, 0x02, 0xF0, 0x00, 0x00, 0x00, 0x04, 0x00, 0x00, 0x00, 0x00, 0x00, 0x0A, 0xA0,
    0x00, 0x00, 0x00, 0x2A, 0x40, 0x00, 0x0F, 0xF0, 0x00, 0x00, 0x00, 0xBF, 0x80, 0x00, 0x0F, 0xF0,
    0x00, 0x00, 0x00, 0xFF, 0x00, 0x00, 0x1F, 0xF0, 0x00, 0x00, 0x00, 0xFF, 0x00, 0x00, 0x2F, 0xE0,
    0x00, 0x00, 0x00, 0xFF, 0x00, 0x00, 0x3F, 0xD0, 0x00, 0x00, 0x02, 0xFE, 0x00, 0x00, 0x3F, 0xC0,
    0x00, 0x00, 0x02, 0xFE, 0x00, 0x00, 0x3F, 0xC0, 0x00, 0x00, 0x03, 0xFC, 0x00, 0x00, 0x7F, 0x80,
    0x00, 0x00, 0x03, 0xFC, 0x00, 0x00, 0xBF, 0x80, 0x00, 0x00, 0x03, 0xFC, 0x00, 0x00, 0xFF, 0x00,
    0x00, 0x00, 0x0B, 0xF8, 0x00, 0x00, 0xFF, 0x00, 0x00, 0x00, 0x0F, 0xF4, 0x00, 0x00, 0xFF, 0xFF,
    0xFF, 0xFF, 0xFF, 0xF0, 0x00, 0x02, 0xFF, 0xFF, 0xFF, 0xFF, 0xFF, 0xF0, 0x00, 0x02, 0xFF, 0xFF,
    0xFF, 0xFF, 0xFF, 0xE0, 0x00, 0x03, 0xFE, 0xAA, 0xAA, 0xAA, 0xBF, 0xE0, 0x00, 0x03, 0xFC, 0x00,
    0x00, 0x00, 0x3F, 0xC0, 0x00, 0x03, 0xFC, 0x00, 0x00, 0x00, 0x3F, 0xC0, 0x00, 0x0B, 0xF8, 0x00,
    0x00, 0x00, 0x3F, 0xC0, 0x00, 0x0F, 0xF4, 0x00, 0x00, 0x00, 0xBF, 0x80, 0x00, 0x0F, 0xF0, 0x00,
    0x00, 0x00, 0xBF, 0x80, 0x00, 0x0F, 0xF0, 0x00, 0x00, 0x00, 0xFF, 0x00, 0x00, 0x1F, 0xF0, 0x00,
    0x00, 0x00, 0xFF, 0x00, 0x00, 0x2F, 0xE0, 0x00, 0x00, 0x00, 0xFF, 0x00, 0x00, 0x3F, 0xC0, 0x00,
    0x00, 0x02, 0xFE, 0x00, 0x00, 0x3F, 0xC0, 0x00, 0x00, 0x02, 0xFD, 0x00, 0x00, 0x3F, 0xC0, 0x00,
    0x00, 0x03, 0xFC, 0x00, 0x00, 0xBF, 0x80, 0x00, 0x00, 0x03, 0xFC, 0x00, 0x00, 0x00, 0x0A, 0xAA,
    0xAA, 0x80, 0x00, 0x0F, 0xFF, 0xFF, 0xD0, 0x00, 0x2F, 0xFF, 0xFF, 0xC0, 0x00, 0x1A, 0xBF, 0xEA,
    0x80, 0x00, 0x00, 0x3F, 0xC0, 0x00, 0x00, 0x00, 0x7F, 0x80, 0x00, 0x00, 0x00, 0xBF, 0x80, 0x00,
    0x00, 0x00, 0xFF, 0x00, 0x00, 0x00, 0x00, 0xFF, 0x00, 0x00, 0x00, 0x00, 0xFF, 0x00, 0x00, 0x00,
    0x02, 0xFE, 0x00, 0x00, 0x00, 0x02, 0xFE, 0x00, 0x00, 0x00, 0x03, 0xFC, 0x00, 0x00, 0x00, 0x03,
    0xFC, 0x00, 0x00, 0x00, 0x03, 0xFC, 0x00, 0x00, 0x00, 0x0B, 0xF8, 0x00, 0x00, 0x00, 0x0B, 0xF4,
    0x00, 0x00, 0x00, 0x0F, 0xF0, 0x00, 0x00, 0x00, 0x0F, 0xF0, 0x00, 0x00, 0x00, 0x0F, 0xF0, 0x00,
    0x00, 0x00, 0x2F, 0xE0, 0x00, 0x00, 0x00, 0x3F, 0xD0, 0x00, 0x00, 0x00, 0x3F, 0xC0, 0x00, 0x00,
    0x00, 0x3F, 0xC0, 0x00, 0x00, 0x00, 0xBF, 0xC0, 0x00, 0x00, 0xBF, 0xFF, 0xFF, 0x00, 0x00, 0xBF,
    0xFF, 0xFF, 0x00, 0x00, 0xFF, 0xFF, 0xFF, 0x00, 0x00, 0x00, 0x00, 0x00, 0x00, 0x0A, 0xA0, 0x00,
    0x00, 0x00, 0x00, 0x0F, 0xF0, 0x00, 0x00, 0x00, 0x00, 0x2F, 0xE0, 0x00, 0x00, 0x00, 0x00, 0x2F,
    0xE0, 0x00, 0x00, 0x00, 0x00, 0x3F, 0xC0, 0x00, 0x00, 0x00, 0x00, 0x3F, 0xC0, 0x00, 0x00, 0x00,
    0x00, 0x3F, 0xC0, 0x00, 0x00, 0x00, 0x00, 0xBF, 0x80, 0x00, 0x00, 0x00, 0x00, 0xBF, 0x80, 0x00,
    0x00, 0x00, 0x00, 0xFF, 0x00, 0x00, 0x00, 0x00, 0x00, 0xFF, 0x00, 0x00, 0x00, 0x00, 0x01, 0xFF,
    0x00, 0x00, 0x00, 0x00, 0x02, 0xFE, 0x00, 0x00, 0x00, 0x00, 0x03, 0xFD, 0x00, 0x00, 0x00, 0x00,
    0x03, 0xFC, 0x00, 0x00, 0x00, 0x00, 0x03, 0xFC, 0x00, 0x00, 0x00, 0x00, 0x0B, 0xF8, 0x00, 0x00,
    0x00, 0x00, 0x0B, 0xF8, 0x00, 0x00, 0x00, 0x00, 0x0F, 0xF0, 0x00, 0x0B, 0x40, 0x00, 0x0F, 0xF0,
    0x00, 0x7F, 0x00, 0x00, 0x1F, 0xF0, 0x00, 0x7F, 0x00, 0x00, 0x3F, 0xE0, 0x00, 0x3F, 0x80, 0x00,
    0x3F, 0xC0, 0x00, 0x3F, 0xC0, 0x00, 0xFF, 0x80, 0x00, 0x3F, 0xF0, 0x07, 0xFF, 0x00, 0x00, 0x0F,
    0xFF, 0xFF, 0xFD, 0x00, 0x00, 0x0B, 0xFF, 0xFF, 0xF8, 0x00, 0x00, 0x00, 0xFF, 0xFF, 0x80, 0x00,
    0x00, 0x00, 0x01, 0x40, 0x00, 0x00, 0x00, 0x00, 0x0A, 0xA0, 0x00, 0x00, 0x0A, 0xA8, 0x00, 0x0F,
    0xF0, 0x00, 0x00, 0x3F, 0xF8, 0x00, 0x0F, 0xF0, 0x00, 0x00, 0xFF, 0xD0, 0x00, 0x1F, 0xF0, 0x00,
    0x0B, 0xFF, 0x00, 0x00, 0x2F, 0xE0, 0x00, 0x2F, 0xFC, 0x00, 0x00, 0x3F, 0xD0, 0x00, 0xBF, 0xF0,
    0x00, 0x00, 0x3F, 0xC0, 0x02, 0xFF, 0xC0, 0x00, 0x00, 0x3F, 0xC0, 0x0F, 0xFE, 0x00, 0x00, 0x00,
    0x7F, 0x80, 0x3F, 0xF8, 0x00, 0x00, 0x00, 0xBF, 0x80, 0xFF, 0xE0, 0x00, 0x00, 0x00, 0xFF, 0x03,
    0xFF, 0x40, 0x00, 0x00, 0x00, 0xFF, 0x0F, 0xFC, 0x00, 0x00, 0x00, 0x00, 0xFF, 0x7F, 0xFC, 0x00,
    0x00, 0x00, 0x02, 0xFF, 0xFF, 0xFC, 0x00, 0x00, 0x00, 0x02, 0xFF, 0xFF, 0xFF, 0x00, 0x00, 0x00,
    0x03, 0xFF, 0xF8, 0xFF, 0x00, 0x00, 0x00, 0x03, 0xFF, 0xE0, 0xBF, 0xC0, 0x00, 0x00, 0x03, 0xFF,
    0x80, 0x3F, 0xC0, 0x00, 0x00, 0x0B, 0xFD, 0x00, 0x2F, 0xF0, 0x00, 0x00, 0x0F, 0xF8, 0x00, 0x0F,
    0xF4, 0x00, 0x00, 0x0F, 0xF0, 0x00, 0x0B, 0xFC, 0x00, 0x00, 0x0F, 0xF0, 0x00, 0x03, 0xFE, 0x00,
    0x00, 0x1F, 0xF0, 0x00, 0x02, 0xFF, 0x00, 0x00, 0x2F, 0xE0, 0x00, 0x00, 0xFF, 0x80, 0x00, 0x3F,
    0xC0, 0x00, 0x00, 0xBF, 0xC0, 0x00, 0x3F, 0xC0, 0x00, 0x00, 0x3F, 0xE0, 0x00, 0x3F, 0xC0, 0x00,
    0x00, 0x2F, 0xF0, 0x00, 0xBF, 0x80, 0x00, 0x00, 0x0F, 0xF8, 0x00, 0x00, 0x0A, 0xA0, 0x00, 0x00,
    0x00, 0x00, 0x0F, 0xF0, 0x00, 0x00, 0x00, 0x00, 0x0F, 0xF0, 0x00, 0x00, 0x00, 0x00, 0x1F, 0xF0,
    0x00, 0x00, 0x00, 0x00, 0x2F, 0xE0, 0x00, 0x00, 0x00, 0x00, 0x3F, 0xD0, 0x00, 0x00, 0x00, 0x00,
    0x3F, 0xC0, 0x00, 0x00, 0x00, 0x00, 0x3F, 0xC0, 0x00, 0x00, 0x00, 0x00, 0x7F, 0x80, 0x00, 0x00,
    0x00, 0x00, 0xBF, 0x80, 0x00, 0x00, 0x00, 0x00, 0xFF, 0x00, 0x00, 0x00, 0x00, 0x00, 0xFF, 0x00,
    0x00, 0x00, 0x00, 0x00, 0xFF, 0x00, 0x00, 0x00, 0x00, 0x02, 0xFE, 0x00, 0x00, 0x00, 0x00, 0x02,
    0xFE, 0x00, 0x00, 0x00, 0x00, 0x03, 0xFC, 0x00, 0x00, 0x00, 0x00, 0x03, 0xFC, 0x00, 0x00, 0x00,
    0x00, 0x03, 0xFC, 0x00, 0x00, 0x00, 0x00, 0x0B, 0xF8, 0x00, 0x00, 0x00, 0x00, 0x0F, 0xF4, 0x00,
    0x00, 0x00, 0x00, 0x0F, 0xF0, 0x00, 0x00, 0x00, 0x00, 0x0F, 0xF0, 0x00, 0x00, 0x00, 0x00, 0x1F,
    0xE0, 0x00, 0x00, 0x00, 0x00, 0x2F, 0xE0, 0x00, 0x00, 0x00, 0x00, 0x3F, 0xEA, 0xAA, 0xAA, 0xAA,
    0x00, 0x3F, 0xFF, 0xFF, 0xFF, 0xFF, 0x00, 0x3F, 0xFF, 0xFF, 0xFF, 0xFE, 0x00, 0xBF, 0xFF, 0xFF,
    0xFF, 0xFD, 0x00, 0x00, 0x0A, 0xAA, 0x80, 0x00, 0x00, 0x02, 0xAA, 0xA0, 0x00, 0x0F, 0xFF, 0xC0,
    0x00, 0x00, 0x07, 0xFF, 0xF0, 0x00, 0x0F, 0xFF, 0xC0, 0x00, 0x00, 0x0F, 0xFF, 0xE0, 0x00, 0x1F,
    0xFF, 0xC0, 0x00, 0x00, 0x2F, 0xFF, 0xD0, 0x00, 0x2F, 0xFF, 0xC0, 0x00, 0x00, 0x3F, 0xFF, 0xC0,
    0x00, 0x3F, 0xFF, 0xE0, 0x00, 0x00, 0xBF, 0xFF, 0xC0, 0x00, 0x3F, 0xEF, 0xE0, 0x00, 0x00, 0xFF,
    0xFF, 0xC0, 0x00, 0x3F, 0xCF, 0xE0, 0x00, 0x02, 0xFF, 0xBF, 0x80, 0x00, 0x7F, 0xCF, 0xF0, 0x00,
    0x03, 0xFC, 0xFF, 0x00, 0x00, 0xBF, 0x8F, 0xF0, 0x00, 0x0B, 0xF8, 0xFF, 0x00, 0x00, 0xFF, 0x0F,
    0xF0, 0x00, 0x0F, 0xF0, 0xFF, 0x00, 0x00, 0xFF, 0x0B, 0xF0, 0x00, 0x3F, 0xE2, 0xFE, 0x00, 0x00,
    0xFF, 0x0B, 0xF0, 0x00, 0x3F, 0xC2, 0xFE, 0x00, 0x02, 0xFE, 0x07, 0xF4, 0x00, 0xFF, 0x83, 0xFC,
    0x00, 0x02, 0xFE, 0x03, 0xF8, 0x01, 0xFF, 0x03, 0xFC, 0x00, 0x03, 0xFC, 0x03, 0xF8, 0x03, 0xFD,
    0x03, 0xFC, 0x00, 0x03, 0xFC, 0x03, 0xF8, 0x0B, 0xFC, 0x0B, 0xF8, 0x00, 0x03, 0xFC, 0x03, 0xFC,
    0x0F, 0xF0, 0x0B, 0xF8, 0x00, 0x0B, 0xF8, 0x03, 0xFC, 0x2F, 0xE0, 0x0F, 0xF0, 0x00, 0x0F, 0xF4,
    0x02, 0xFC, 0x3F, 0xC0, 0x0F, 0xF0, 0x00, 0x0F, 0xF0, 0x02, 0xFC, 0xBF, 0x80, 0x0F, 0xF0, 0x00,
    0x0F, 0xF0, 0x01, 0xFE, 0xFF, 0x00, 0x2F, 0xE0, 0x00, 0x1F, 0xF0, 0x00, 0xFF, 0xFE, 0x00, 0x3F,
    0xD0, 0x00, 0x2F, 0xE0, 0x00, 0xFF, 0xFC, 0x00, 0x3F, 0xC0, 0x00, 0x3F, 0xC0, 0x00, 0xFF, 0xF4,
    0x00, 0x3F, 0xC0, 0x00, 0x3F, 0xC0, 0x00, 0xFF, 0xF0, 0x00, 0x7F, 0x80, 0x00, 0x3F, 0xC0, 0x00,
    0xFF, 0xC0, 0x00, 0xBF, 0x80, 0x00, 0xBF, 0x80, 0x00, 0xBF, 0x80, 0x00, 0xFF, 0x00, 0x00, 0x00,
    0x0A, 0xAA, 0x00, 0x00, 0x00, 0x2A, 0x00, 0x00, 0x0F, 0xFF, 0x80, 0x00, 0x00, 0xBF, 0x80, 0x00,
    0x0F, 0xFF, 0xC0, 0x00, 0x00, 0xFF, 0x00, 0x00, 0x1F, 0xFF, 0xC0, 0x00, 0x00, 0xFF, 0x00, 0x00,
    0x2F, 0xFF, 0xE0, 0x00, 0x00, 0xFF, 0x00, 0x00, 0x3F, 0xEF, 0xF0, 0x00, 0x02, 0xFE, 0x00, 0x00,
    0x3F, 0xCF, 0xF0, 0x00, 0x02, 0xFD, 0x00, 0x00, 0x3F, 0xCB, 0xF4, 0x00, 0x03, 0xFC, 0x00, 0x00,
    0x7F, 0x83, 0xF8, 0x00, 0x03, 0xFC, 0x00, 0x00, 0xBF, 0x83, 0xFC, 0x00, 0x07, 0xFC, 0x00, 0x00,
    0xFF, 0x02, 0xFD, 0x00, 0x0B, 0xF8, 0x00, 0x00, 0xFF, 0x00, 0xFE, 0x00, 0x0F, 0xF0, 0x00, 0x00,
    0xFF, 0x00, 0xFF, 0x00, 0x0F, 0xF0, 0x00, 0x02, 0xFE, 0x00, 0xBF, 0x00, 0x0F, 0xF0, 0x00, 0x02,
    0xFE, 0x00, 0x3F, 0x80, 0x2F, 0xE0, 0x00, 0x03, 0xFC, 0x00, 0x3F, 0xC0, 0x2F, 0xE0, 0x00, 0x03,
    0xFC, 0x00, 0x2F, 0xC0, 0x3F, 0xC0, 0x00, 0x03, 0xFC, 0x00, 0x0F, 0xE0, 0x3F, 0xC0, 0x00, 0x0B,
    0xF8, 0x00, 0x0F, 0xF0, 0x3F, 0xC0, 0x00, 0x0F, 0xF4, 0x00, 0x0B, 0xF0, 0xBF, 0x80, 0x00, 0x0F,
    0xF0, 0x00, 0x03, 0xF8, 0xBF, 0x40, 0x00, 0x0F, 0xF0, 0x00, 0x03, 0xFC, 0xFF, 0x00, 0x00, 0x1F,
    0xF0, 0x00, 0x02, 0xFE, 0xFF, 0x00, 0x00, 0x2F, 0xE0, 0x00, 0x01, 0xFF, 0xFF, 0x00, 0x00, 0x3F,
    0xC0, 0x00, 0x00, 0xFF, 0xFE, 0x00, 0x00, 0x3F, 0xC0, 0x00, 0x00, 0xBF, 0xFD, 0x00, 0x00, 0x3F,
    0xC0, 0x00, 0x00, 0x7F, 0xFC, 0x00, 0x00, 0xBF, 0x80, 0x00, 0x00, 0x3F, 0xFC, 0x00, 0x00, 0x00,
    0x00, 0x00, 0x00, 0x00, 0x00, 0x00, 0x00, 0x00, 0x02, 0xFF, 0xFE, 0x00, 0x00, 0x00, 0x00, 0x7F,
    0xFF, 0xFF, 0xE0, 0x00, 0x00, 0x03, 0xFF, 0xFF, 0xFF, 0xFC, 0x00, 0x00, 0x0F, 0xFF, 0xE5, 0xBF,
    0xFF, 0x00, 0x00, 0x3F, 0xF8, 0x00, 0x03, 0xFF, 0x80, 0x00, 0xFF, 0xC0, 0x00, 0x00, 0xBF, 0xC0,
    0x03, 0xFF, 0x00, 0x00, 0x00, 0x3F, 0xE0, 0x0B, 0xFC, 0x00, 0x00, 0x00, 0x2F, 0xF0, 0x0F, 0xF8,
    0x00, 0x00, 0x00, 0x0F, 0xF0, 0x2F, 0xF0, 0x00, 0x00, 0x00, 0x0F, 0xF0, 0x3F, 0xE0, 0x00, 0x00,
    0x00, 0x0B, 0xF0, 0x3F, 0xC0, 0x00, 0x00, 0x00, 0x0B, 0xF4, 0x3F, 0xC0, 0x00, 0x00, 0x00, 0x0B,
    0xF0, 0xBF, 0x80, 0x00, 0x00, 0x00, 0x0F, 0xF0, 0xBF, 0x40, 0x00, 0x00, 0x00, 0x0F, 0xF0, 0xBF,
    0x00, 0x00, 0x00, 0x00, 0x0F, 0xF0, 0xFF, 0x00, 0x00, 0x00, 0x00, 0x2F, 0xE0, 0xFF, 0x00, 0x00,
    0x00, 0x00, 0x3F, 0xE0, 0xBF, 0x40, 0x00, 0x00, 0x00, 0x3F, 0xC0, 0xBF, 0x80, 0x00, 0x00, 0x00,
    0xFF, 0x80, 0x7F, 0xC0, 0x00, 0x00, 0x01, 0xFF, 0x00, 0x3F, 0xD0, 0x00, 0x00, 0x03, 0xFE, 0x00,
    0x2F, 0xF0, 0x00, 0x00, 0x0F, 0xFC, 0x00, 0x0F, 0xFC, 0x00, 0x00, 0xBF, 0xF0, 0x00, 0x0B, 0xFF,
    0x80, 0x0B, 0xFF, 0xC0, 0x00, 0x02, 0xFF, 0xFF, 0xFF, 0xFF, 0x00, 0x00, 0x00, 0xBF, 0xFF, 0xFF,
    0xF0, 0x00, 0x00, 0x00, 0x0B, 0xFF, 0xFE, 0x00, 0x00, 0x00, 0x00, 0x00, 0x05, 0x00, 0x00, 0x00,
    0x00, 0x00, 0x0A, 0xAA, 0xAA, 0x90, 0x00, 0x00, 0x00, 0x0F, 0xFF, 0xFF, 0xFF, 0x80, 0x00, 0x00,
    0x0F, 0xFF, 0xFF, 0xFF, 0xF8, 0x00, 0x00, 0x1F, 0xFF, 0xFF, 0xFF, 0xFE, 0x00, 0x00, 0x2F, 0xE0,
    0x00, 0x0B, 0xFF, 0x00, 0x00, 0x3F, 0xD0, 0x00, 0x00, 0xFF, 0x80, 0x00, 0x3F, 0xC0, 0x00, 0x00,
    0xBF, 0x80, 0x00, 0x3F, 0xC0, 0x00, 0x00, 0xBF, 0x80, 0x00, 0x7F, 0x80, 0x00, 0x00, 0xBF, 0x80,
    0x00, 0xBF, 0x80, 0x00, 0x00, 0xBF, 0x80, 0x00, 0xFF, 0x00, 0x00, 0x00, 0xFF, 0x40, 0x00, 0xFF,
    0x00, 0x00, 0x02, 0xFF, 0x00, 0x00, 0xFF, 0x00, 0x00, 0x0F, 0xFE, 0x00, 0x02, 0xFF, 0xAA, 0xAA,
    0xFF, 0xFC, 0x00, 0x02, 0xFF, 0xFF, 0xFF, 0xFF, 0xE0, 0x00, 0x03, 0xFF, 0xFF, 0xFF, 0xFF, 0x40,
    0x00, 0x03, 0xFF, 0xFF, 0xFF, 0x90, 0x00, 0x00, 0x03, 0xFC, 0x00, 0x00, 0x00, 0x00, 0x00, 0x0B,
    0xF8, 0x00, 0x00, 0x00, 0x00, 0x00, 0x0F, 0xF4, 0x00, 0x00, 0x00, 0x00, 0x00, 0x0F, 0xF0, 0x00,
    0x00, 0x00, 0x00, 0x00, 0x0F, 0xF0, 0x00, 0x00, 0x00, 0x00, 0x00, 0x1F, 0xE0, 0x00, 0x00, 0x00,
    0x00, 0x00, 0x2F, 0xE0, 0x00, 0x00, 0x00, 0x00, 0x00, 0x3F, 0xC0, 0x00, 0x00, 0x00, 0x00, 0x00,
    0x3F, 0xC0, 0x00, 0x00, 0x00, 0x00, 0x00, 0x3F, 0xC0, 0x00, 0x00, 0x00, 0x00, 0x00, 0xBF, 0x80,
    0x00, 0x00, 0x00, 0x00, 0x00, 0x00, 0x00, 0x00, 0xAA, 0xA8, 0x00, 0x00, 0x00, 0x00, 0x2F, 0xFF,
    0xFF, 0xC0, 0x00, 0x00, 0x01, 0xFF, 0xFF, 0xFF, 0xF8, 0x00, 0x00, 0x0B, 0xFF, 0xFA, 0xFF, 0xFE,
    0x00, 0x00, 0x3F, 0xFE, 0x00, 0x0B, 0xFF, 0x80, 0x00, 0xFF, 0xE0, 0x00, 0x00, 0xFF, 0xC0, 0x02,
    0xFF, 0x80, 0x00, 0x00, 0x3F, 0xE0, 0x03, 0xFE, 0x00, 0x00, 0x00, 0x2F, 0xF0, 0x0B, 0xFC, 0x00,
    0x00, 0x00, 0x0F, 0xF0, 0x0F, 0xF0, 0x00, 0x00, 0x00, 0x0F, 0xF0, 0x2F, 0xF0, 0x00, 0x00, 0x00,
    0x0B, 0xF4, 0x3F, 0xD0, 0x00, 0x00, 0x00, 0x0B, 0xF8, 0x3F, 0xC0, 0x00, 0x00, 0x00, 0x0B, 0xF8,
    0x7F, 0xC0, 0x00, 0x00, 0x00, 0x0B, 0xF8, 0xBF, 0x80, 0x00, 0x00, 0x00, 0x0F, 0xF0, 0xBF, 0x80,
    0x00, 0x2C, 0x00, 0x0F, 0xF0, 0xBF, 0x40, 0x00, 0xFF, 0x00, 0x0F, 0xF0, 0xBF, 0x40, 0x02, 0xFF,
    0xC0, 0x2F, 0xE0, 0xBF, 0x80, 0x00, 0xBF, 0xE0, 0x3F, 0xC0, 0xBF, 0x80, 0x00, 0x3F, 0xF8, 0xBF,
    0xC0, 0x3F, 0xC0, 0x00, 0x0F, 0xFE, 0xFF, 0x80, 0x3F, 0xC0, 0x00, 0x03, 0xFF, 0xFF, 0x00, 0x2F,
    0xF0, 0x00, 0x00, 0xFF, 0xFC, 0x00, 0x0F, 0xFC, 0x00, 0x00, 0xBF, 0xF8, 0x00, 0x0B, 0xFF, 0x40,
    0x02, 0xFF, 0xFC, 0x00, 0x03, 0xFF, 0xFE, 0xBF, 0xFF, 0xFE, 0x00, 0x00, 0xBF, 0xFF, 0xFF, 0xFF,
    0xFF, 0x80, 0x00, 0x1F, 0xFF, 0xFF, 0xD0, 0xFF, 0xE0, 0x00, 0x00, 0xAA, 0xA0, 0x00, 0x3F, 0xF0,
    0x00, 0x00, 0x00, 0x00, 0x00, 0x0F, 0xC0, 0x00, 0x00, 0x00, 0x00, 0x00, 0x07, 0x00, 0x00, 0x00,
    0x00, 0x00, 0x00, 0x00, 0x00, 0x00, 0x0A, 0xAA, 0xAA, 0xA0, 0x00, 0x00, 0x00, 0x0F, 0xFF, 0xFF,
    0xFF, 0xD0, 0x00, 0x00, 0x0F, 0xFF, 0xFF, 0xFF, 0xFC, 0x00, 0x00, 0x1F, 0xFF, 0xFF, 0xFF, 0xFF,
    0x00, 0x00, 0x2F, 0xE0, 0x00, 0x0B, 0xFF, 0x00, 0x00, 0x3F, 0xD0, 0x00, 0x00, 0xFF, 0x80, 0x00,
    0x3F, 0xC0, 0x00, 0x00, 0xBF, 0x80, 0x00, 0x3F, 0xC0, 0x00, 0x00, 0xBF, 0x80, 0x00, 0x7F, 0x80,
    0x00, 0x00, 0xBF, 0x80, 0x00, 0xBF, 0x80, 0x00, 0x00, 0xFF, 0x80, 0x00, 0xFF, 0x00, 0x00, 0x00,
    0xFF, 0x00, 0x00, 0xFF, 0x00, 0x00, 0x03, 0xFE, 0x00, 0x00, 0xFF, 0x00, 0x00, 0x6F, 0xFC, 0x00,
    0x02, 0xFF, 0xFF, 0xFF, 0xFF, 0xF0, 0x00, 0x02, 0xFF, 0xFF, 0xFF, 0xFF, 0x80, 0x00, 0x03, 0xFF,
    0xFF, 0xFF, 0xE4, 0x00, 0x00, 0x03, 0xFE, 0xAB, 0xFE, 0x00, 0x00, 0x00, 0x03, 0xFC, 0x02, 0xFF,
    0x00, 0x00, 0x00, 0x0B, 0xF8, 0x00, 0xFF, 0x80, 0x00, 0x00, 0x0F, 0xF4, 0x00, 0xBF, 0xC0, 0x00,
    0x00, 0x0F, 0xF0, 0x00, 0x3F, 0xE0, 0x00, 0x00, 0x0F, 0xF0, 0x00, 0x2F, 0xF0, 0x00, 0x00, 0x1F,
    0xF0, 0x00, 0x0F, 0xF8, 0x00, 0x00, 0x2F, 0xE0, 0x00, 0x07, 0xFC, 0x00, 0x00, 0x3F, 0xC0, 0x00,
    0x03, 0xFE, 0x00, 0x00, 0x3F, 0xC0, 0x00, 0x01, 0xFF, 0x00, 0x00, 0x3F, 0xC0, 0x00, 0x00, 0xFF,
    0x80, 0x00, 0xBF, 0x80, 0x00, 0x00, 0x7F, 0xC0, 0x00, 0x00, 0x00, 0x00, 0x00, 0x00, 0x00, 0x00,
    0x00, 0xBF, 0xFE, 0x80, 0x00, 0x00, 0x0F, 0xFF, 0xFF, 0xF8, 0x00, 0x00, 0x3F, 0xFF, 0xFF, 0xFF,
    0x00, 0x00, 0xFF, 0xF8, 0x2B, 0xFF, 0xC0, 0x03, 0xFF, 0x00, 0x00, 0xBF, 0xF0, 0x03, 0xFC, 0x00,
    0x00, 0x2F, 0x80, 0x07, 0xF8, 0x00, 0x00, 0x00, 0x00, 0x0B, 0xF8, 0x00, 0x00, 0x00, 0x00, 0x07,
    0xFC, 0x00, 0x00, 0x00, 0x00, 0x03, 0xFD, 0x00, 0x00, 0x00, 0x00, 0x03, 0xFF, 0x80, 0x00, 0x00,
    0x00, 0x01, 0xFF, 0xF8, 0x00, 0x00, 0x00, 0x00, 0xBF, 0xFF, 0xE0, 0x00, 0x00, 0x00, 0x0F, 0xFF,
    0xFF, 0x80, 0x00, 0x00, 0x00, 0xBF, 0xFF, 0xF8, 0x00, 0x00, 0x00, 0x02, 0xFF, 0xFF, 0x00, 0x00,
    0x00, 0x00, 0x0B, 0xFF, 0x80, 0x00, 0x00, 0x00, 0x00, 0xFF, 0xC0, 0x00, 0x00, 0x00, 0x00, 0x3F,
    0xC0, 0x00, 0x00, 0x00, 0x00, 0x3F, 0xC0, 0x00, 0x00, 0x00, 0x00, 0x3F, 0xC0, 0x2F, 0xC0, 0x00,
    0x00, 0x3F, 0xC0, 0x3F, 0xD0, 0x00, 0x00, 0xBF, 0xC0, 0x3F, 0xF8, 0x00, 0x02, 0xFF, 0x80, 0x0F,
    0xFF, 0x80, 0x1F, 0xFF, 0x00, 0x03, 0xFF, 0xFF, 0xFF, 0xFC, 0x00, 0x00, 0xFF, 0xFF, 0xFF, 0xE0,
    0x00, 0x00, 0x0F, 0xFF, 0xFE, 0x00, 0x00, 0x00, 0x00, 0x05, 0x00, 0x00, 0x00, 0x0A, 0xAA, 0xAA,
    0xAA, 0xAA, 0xAA, 0x2F, 0xFF, 0xFF, 0xFF, 0xFF, 0xFE, 0x3F, 0xFF, 0xFF, 0xFF, 0xFF, 0xFD, 0x3F,
    0xFF, 0xFF, 0xFF, 0xFF, 0xFC, 0x00, 0x00, 0x0F, 0xF0, 0x00, 0x00, 0x00, 0x00, 0x2F, 0xE0, 0x00,
    0x00, 0x00, 0x00, 0x2F, 0xE0, 0x00, 0x00, 0x00, 0x00, 0x3F, 0xC0, 0x00, 0x00, 0x00, 0x00, 0x3F,
    0xC0, 0x00, 0x00, 0x00, 0x00, 0x3F, 0xC0, 0x00, 0x00, 0x00, 0x00, 0xBF, 0x80, 0x00, 0x00, 0x00,
    0x00, 0xBF, 0x80, 0x00, 0x00, 0x00, 0x00, 0xFF, 0x00, 0x00, 0x00, 0x00, 0x00, 0xFF, 0x00, 0x00,
    0x00, 0x00, 0x00, 0xFF, 0x00, 0x00, 0x00, 0x00, 0x02, 0xFE, 0x00, 0x00, 0x00, 0x00, 0x03, 0xFD,
    0x00, 0x00, 0x00, 0x00, 0x03, 0xFC, 0x00, 0x00, 0x00, 0x00, 0x03, 0xFC, 0x00, 0x00, 0x00, 0x00,
    0x07, 0xFC, 0x00, 0x00, 0x00, 0x00, 0x0B, 0xF8, 0x00, 0x00, 0x00, 0x00, 0x0F, 0xF0, 0x00, 0x00,
    0x00, 0x00, 0x0F, 0xF0, 0x00, 0x00, 0x00, 0x00, 0x0F, 0xF0, 0x00, 0x00, 0x00, 0x00, 0x2F, 0xE0,
    0x00, 0x00, 0x00, 0x00, 0x2F, 0xE0, 0x00, 0x00, 0x00, 0x00, 0x3F, 0xC0, 0x00, 0x00, 0x00, 0x00,
    0x3F, 0xC0, 0x00, 0x00, 0x00, 0x00, 0xAA, 0x00, 0x00, 0x00, 0x02, 0xA0, 0x00, 0xFF, 0x00, 0x00,
    0x00, 0x0B, 0xF8, 0x00, 0xFF, 0x00, 0x00, 0x00, 0x0F, 0xF0, 0x00, 0xFF, 0x00, 0x00, 0x00, 0x0F,
    0xF0, 0x02, 0xFE, 0x00, 0x00, 0x00, 0x0F, 0xF0, 0x02, 0xFD, 0x00, 0x00, 0x00, 0x2F, 0xE0, 0x03,
    0xFC, 0x00, 0x00, 0x00, 0x3F, 0xD0, 0x03, 0xFC, 0x00, 0x00, 0x00, 0x3F, 0xC0, 0x07, 0xFC, 0x00,
    0x00, 0x00, 0x3F, 0xC0, 0x0B, 0xF8, 0x00, 0x00, 0x00, 0x7F, 0x80, 0x0F, 0xF0, 0x00, 0x00, 0x00,
    0xBF, 0x80, 0x0F, 0xF0, 0x00, 0x00, 0x00, 0xFF, 0x00, 0x0F, 0xF0, 0x00, 0x00, 0x00, 0xFF, 0x00,
    0x2F, 0xE0, 0x00, 0x00, 0x00, 0xFF, 0x00, 0x2F, 0xE0, 0x00, 0x00, 0x02, 0xFE, 0x00, 0x3F, 0xC0,
    0x00, 0x00, 0x02, 0xFE, 0x00, 0x3F, 0xC0, 0x00, 0x00, 0x03, 0xFC, 0x00, 0x3F, 0xC0, 0x00, 0x00,
    0x03, 0xFC, 0x00, 0x7F, 0x80, 0x00, 0x00, 0x0B, 0xFC, 0x00, 0xBF, 0x80, 0x00, 0x00, 0x0F, 0xF8,
    0x00, 0xBF, 0x80, 0x00, 0x00, 0x0F, 0xF0, 0x00, 0xBF, 0xC0, 0x00, 0x00, 0x3F, 0xE0, 0x00, 0xBF,
    0xC0, 0x00, 0x00, 0xBF, 0xC0, 0x00, 0x3F, 0xE0, 0x00, 0x02, 0xFF, 0x80, 0x00, 0x3F, 0xFD, 0x00,
    0x2F, 0xFF, 0x00, 0x00, 0x0F, 0xFF, 0xFF, 0xFF, 0xFC, 0x00, 0x00, 0x03, 0xFF, 0xFF, 0xFF, 0xE0,
    0x00, 0x00, 0x00, 0xBF, 0xFF, 0xFE, 0x00, 0x00, 0x00, 0x00, 0x00, 0x60, 0x00, 0x00, 0x00, 0x00,
    0x2A, 0x80, 0x00, 0x00, 0x01, 0xAA, 0x00, 0x3F, 0xC0, 0x00, 0x00, 0x03, 0xFE, 0x00, 0x3F, 0xC0,
    0x00, 0x00, 0x0B, 0xFC, 0x00, 0x3F, 0xC0, 0x00, 0x00, 0x0F, 0xF8, 0x00, 0x3F, 0xC0, 0x00, 0x00,
    0x2F, 0xF0, 0x00, 0x2F, 0xD0, 0x00, 0x00, 0x3F, 0xE0, 0x00, 0x2F, 0xE0, 0x00, 0x00, 0xFF, 0xC0,
    0x00, 0x2F, 0xE0, 0x00, 0x00, 0xFF, 0x40, 0x00, 0x0F, 0xE0, 0x00, 0x03, 0xFF, 0x00, 0x00, 0x0F,
    0xF0, 0x00, 0x07, 0xFC, 0x00, 0x00, 0x0F, 0xF0, 0x00, 0x0F, 0xF8, 0x00, 0x00, 0x0F, 0xF0, 0x00,
    0x2F, 0xF0, 0x00, 0x00, 0x0F, 0xF0, 0x00, 0x3F, 0xE0, 0x00, 0x00, 0x0B, 0xF0, 0x00, 0xBF, 0xC0,
    0x00, 0x00, 0x0B, 0xF4, 0x00, 0xFF, 0x80, 0x00, 0x00, 0x0B, 0xF8, 0x02, 0xFF, 0x00, 0x00, 0x00,
    0x03, 0xF8, 0x03, 0xFC, 0x00, 0x00, 0x00, 0x03, 0xF8, 0x0B, 0xFC, 0x00, 0x00, 0x00, 0x03, 0xFC,
    0x0F, 0xF0, 0x00, 0x00, 0x00, 0x03, 0xFC, 0x3F, 0xE0, 0x00, 0x00, 0x00, 0x03, 0xFC, 0x3F, 0xC0,
    0x00, 0x00, 0x00, 0x02, 0xFC, 0xFF, 0x80, 0x00, 0x00, 0x00, 0x02, 0xFF, 0xFF, 0x00, 0x00, 0x00,
    0x00, 0x01, 0xFF, 0xFE, 0x00, 0x00, 0x00, 0x00, 0x00, 0xFF, 0xFC, 0x00, 0x00, 0x00, 0x00, 0x00,
    0xFF, 0xF0, 0x00, 0x00, 0x00, 0x00, 0x00, 0xFF, 0xF0, 0x00, 0x00, 0x00, 0x00, 0x00, 0xFF, 0xC0,
    0x00, 0x00, 0x00, 0x00, 0x2A, 0x80, 0x00, 0x02, 0xA8, 0x00, 0x00, 0x0A, 0xA0, 0x3F, 0xC0, 0x00,
    0x0B, 0xFE, 0x00, 0x00, 0x2F, 0xF0, 0x3F, 0xC0, 0x00, 0x0F, 0xFE, 0x00, 0x00, 0x3F, 0xE0, 0x3F,
    0xC0, 0x00, 0x2F, 0xFE, 0x00, 0x00, 0xBF, 0xC0, 0x3F, 0xC0, 0x00, 0x3F, 0xFE, 0x00, 0x00, 0xFF,
    0x80, 0x3F, 0xC0, 0x00, 0xBF, 0xFE, 0x00, 0x02, 0xFF, 0x00, 0x3F, 0xC0, 0x00, 0xFF, 0xFE, 0x00,
    0x03, 0xFF, 0x00, 0x3F, 0xC0, 0x00, 0xFE, 0xBE, 0x00, 0x07, 0xFC, 0x00, 0x3F, 0xC0, 0x02, 0xFC,
    0xBE, 0x00, 0x0F, 0xFC, 0x00, 0x3F, 0xC0, 0x03, 0xF8, 0xBE, 0x00, 0x0F, 0xF4, 0x00, 0x3F, 0xC0,
    0x0B, 0xF0, 0xBE, 0x00, 0x2F, 0xF0, 0x00, 0x3F, 0xC0, 0x0F, 0xE0, 0xBE, 0x00, 0x3F, 0xE0, 0x00,
    0x3F, 0xC0, 0x2F, 0xC0, 0xBE, 0x00, 0xBF, 0xC0, 0x00, 0x3F, 0xC0, 0x3F, 0xC0, 0xBE, 0x00, 0xFF,
    0x80, 0x00, 0x3F, 0xC0, 0x3F, 0x40, 0xBE, 0x02, 0xFF, 0x00, 0x00, 0x3F, 0xC0, 0xFF, 0x00, 0xBE,
    0x03, 0xFE, 0x00, 0x00, 0x3F, 0xC0, 0xFE, 0x00, 0xBE, 0x0B, 0xFC, 0x00, 0x00, 0x2F, 0xC2, 0xFC,
    0x00, 0xBE, 0x0F, 0xF8, 0x00, 0x00, 0x2F, 0xC3, 0xF8, 0x00, 0xBE, 0x0F, 0xF0, 0x00, 0x00, 0x2F,
    0xCB, 0xF0, 0x00, 0xBF, 0x3F, 0xF0, 0x00, 0x00, 0x2F, 0xCF, 0xE0, 0x00, 0xBF, 0x3F, 0xC0, 0x00,
    0x00, 0x2F, 0xFF, 0xC0, 0x00, 0x7F, 0xBF, 0xC0, 0x00, 0x00, 0x2F, 0xFF, 0xC0, 0x00, 0x7F, 0xFF,
    0x40, 0x00, 0x00, 0x2F, 0xFF, 0x40, 0x00, 0x3F, 0xFF, 0x00, 0x00, 0x00, 0x2F, 0xFF, 0x00, 0x00,
    0x3F, 0xFE, 0x00, 0x00, 0x00, 0x2F, 0xFE, 0x00, 0x00, 0x3F, 0xFC, 0x00, 0x00, 0x00, 0x1F, 0xFC,
    0x00, 0x00, 0x3F, 0xF8, 0x00, 0x00, 0x00, 0x0F, 0xF8, 0x00, 0x00, 0x3F, 0xF0, 0x00, 0x00, 0x00,
    0x00, 0x00, 0xAA, 0x00, 0x00, 0x00, 0x0A, 0xA8, 0x00, 0x00, 0xFF, 0x80, 0x00, 0x00, 0x3F, 0xF8,
    0x00, 0x00, 0x7F, 0xC0, 0x00, 0x00, 0xFF, 0xE0, 0x00, 0x00, 0x3F, 0xE0, 0x00, 0x03, 0xFF, 0x80,
    0x00, 0x00, 0x1F, 0xF0, 0x00, 0x0B, 0xFF, 0x00, 0x00, 0x00, 0x0F, 0xF8, 0x00, 0x2F, 0xFC, 0x00,
    0x00, 0x00, 0x07, 0xFC, 0x00, 0xBF, 0xF0, 0x00, 0x00, 0x00, 0x03, 0xFE, 0x02, 0xFF, 0xC0, 0x00,
    0x00, 0x00, 0x01, 0xFF, 0x0B, 0xFF, 0x00, 0x00, 0x00, 0x00, 0x00, 0xFF, 0x9F, 0xFC, 0x00, 0x00,
    0x00, 0x00, 0x00, 0x7F, 0xFF, 0xF0, 0x00, 0x00, 0x00, 0x00, 0x00, 0x3F, 0xFF, 0xC0, 0x00, 0x00,
    0x00, 0x00, 0x00, 0x1F, 0xFF, 0x40, 0x00, 0x00, 0x00, 0x00, 0x00, 0x0F, 0xFE, 0x00, 0x00, 0x00,
    0x00, 0x00, 0x00, 0x3F, 0xFC, 0x00, 0x00, 0x00, 0x00, 0x00, 0x00, 0xFF, 0xFE, 0x00, 0x00, 0x00,
    0x00, 0x00, 0x03, 0xFF, 0xFF, 0x00, 0x00, 0x00, 0x00, 0x00, 0x0B, 0xFE, 0xFF, 0x80, 0x00, 0x00,
    0x00, 0x00, 0x2F, 0xFC, 0x7F, 0xC0, 0x00, 0x00, 0x00, 0x00, 0xBF, 0xF0, 0x3F, 0xE0, 0x00, 0x00,
    0x00, 0x02, 0xFF, 0xC0, 0x1F, 0xF0, 0x00, 0x00, 0x00, 0x0B, 0xFF, 0x00, 0x0F, 0xF8, 0x00, 0x00,
    0x00, 0x1F, 0xFC, 0x00, 0x07, 0xFC, 0x00, 0x00, 0x00, 0x3F, 0xF0, 0x00, 0x03, 0xFE, 0x00, 0x00,
    0x00, 0xFF, 0xC0, 0x00, 0x01, 0xFF, 0x00, 0x00, 0x03, 0xFF, 0x40, 0x00, 0x00, 0xFF, 0x80, 0x00,
    0x0F, 0xFE, 0x00, 0x00, 0x00, 0x7F, 0xC0, 0x00, 0x3F, 0xF8, 0x00, 0x00, 0x00, 0x3F, 0xE0, 0x00,
    0x2A, 0x80, 0x00, 0x00, 0x01, 0xAA, 0x00, 0x3F, 0xC0, 0x00, 0x00, 0x03, 0xFE, 0x00, 0x3F, 0xD0,
    0x00, 0x00, 0x0F, 0xFC, 0x00, 0x2F, 0xE0, 0x00, 0x00, 0x3F, 0xF0, 0x00, 0x0F, 0xF0, 0x00, 0x00,
    0xBF, 0xC0, 0x00, 0x0F, 0xF0, 0x00, 0x01, 0xFF, 0x80, 0x00, 0x0B, 0xF8, 0x00, 0x03, 0xFE, 0x00,
    0x00, 0x03, 0xFC, 0x00, 0x0F, 0xFC, 0x00, 0x00, 0x03, 0xFC, 0x00, 0x2F, 0xF0, 0x00, 0x00, 0x02,
    0xFE, 0x00, 0xBF, 0xC0, 0x00, 0x00, 0x00, 0xFF, 0x00, 0xFF, 0x80, 0x00, 0x00, 0x00, 0xFF, 0x03,
    0xFE, 0x00, 0x00, 0x00, 0x00, 0xBF, 0x8F, 0xFC, 0x00, 0x00, 0x00, 0x00, 0x3F, 0xEF, 0xF0, 0x00,
    0x00, 0x00, 0x00, 0x3F, 0xFF, 0xC0, 0x00, 0x00, 0x00, 0x00, 0x2F, 0xFF, 0x80, 0x00, 0x00, 0x00,
    0x00, 0x0F, 0xFE, 0x00, 0x00, 0x00, 0x00, 0x00, 0x0F, 0xFC, 0x00, 0x00, 0x00, 0x00, 0x00, 0x0F,
    0xF0, 0x00, 0x00, 0x00, 0x00, 0x00, 0x0F, 0xF0, 0x00, 0x00, 0x00, 0x00, 0x00, 0x0F, 0xF0, 0x00,
    0x00, 0x00, 0x00, 0x00, 0x2F, 0xE0, 0x00, 0x00, 0x00, 0x00, 0x00, 0x2F, 0xE0, 0x00, 0x00, 0x00,
    0x00, 0x00, 0x3F, 0xC0, 0x00, 0x00, 0x00, 0x00, 0x00, 0x3F, 0xC0, 0x00, 0x00, 0x00, 0x00, 0x00,
    0x3F, 0xC0, 0x00, 0x00, 0x00, 0x00, 0x00, 0xBF, 0x80, 0x00, 0x00, 0x00, 0x00, 0x00, 0xBF, 0x40,
    0x00, 0x00, 0x00, 0x00, 0x00, 0x02, 0xAA, 0xAA, 0xAA, 0xAA, 0xA8, 0x00, 0x07, 0xFF, 0xFF, 0xFF,
    0xFF, 0xFC, 0x00, 0x0B, 0xFF, 0xFF, 0xFF, 0xFF, 0xFC, 0x00, 0x0B, 0xFF, 0xFF, 0xFF, 0xFF, 0xF8,
    0x00, 0x00, 0x00, 0x00, 0x00, 0x7F, 0xF0, 0x00, 0x00, 0x00, 0x00, 0x01, 0xFF, 0xC0, 0x00, 0x00,
    0x00, 0x00, 0x07, 0xFF, 0x00, 0x00, 0x00, 0x00, 0x00, 0x1F, 0xFC, 0x00, 0x00, 0x00, 0x00, 0x00,
    0x7F, 0xF0, 0x00, 0x00, 0x00, 0x00, 0x01, 0xFF, 0xC0, 0x00, 0x00, 0x00, 0x00, 0x03, 0xFF, 0x00,
    0x00, 0x00, 0x00, 0x00, 0x0F, 0xFC, 0x00, 0x00, 0x00, 0x00, 0x00, 0x3F, 0xF0, 0x00, 0x00, 0x00,
    0x00, 0x00, 0xFF, 0xC0, 0x00, 0x00, 0x00, 0x00, 0x03, 0xFF, 0x00, 0x00, 0x00, 0x00, 0x00, 0x0F,
    0xFC, 0x00, 0x00, 0x00, 0x00, 0x00, 0x3F, 0xF0, 0x00, 0x00, 0x00, 0x00, 0x00, 0xFF, 0xC0, 0x00,
    0x00, 0x00, 0x00, 0x03, 0xFF, 0x00, 0x00, 0x00, 0x00, 0x00, 0x0F, 0xFC, 0x00, 0x00, 0x00, 0x00,
    0x00, 0x3F, 0xF0, 0x00, 0x00, 0x00, 0x00, 0x00, 0xFF, 0xC0, 0x00, 0x00, 0x00, 0x00, 0x03, 0xFF,
    0x00, 0x00, 0x00, 0x00, 0x00, 0x0F, 0xFC, 0x00, 0x00, 0x00, 0x00, 0x00, 0x3F, 0xFE, 0xAA, 0xAA,
    0xAA, 0xA0, 0x00, 0x3F, 0xFF, 0xFF, 0xFF, 0xFF, 0xF4, 0x00, 0xBF, 0xFF, 0xFF, 0xFF, 0xFF, 0xF0,
    0x00, 0xBF, 0xFF, 0xFF, 0xFF, 0xFF, 0xF0, 0x00, 0x00, 0x02, 0xAA, 0xAA, 0x00, 0x03, 0xFF, 0xFF,
    0x00, 0x03, 0xFF, 0xFE, 0x00, 0x07, 0xFA, 0xA8, 0x00, 0x0B, 0xF0, 0x00, 0x00, 0x0F, 0xF0, 0x00,
    0x00, 0x0F, 0xE0, 0x00, 0x00, 0x0F, 0xE0, 0x00, 0x00, 0x1F, 0xC0, 0x00, 0x00, 0x2F, 0xC0, 0x00,
    0x00, 0x3F, 0xC0, 0x00, 0x00, 0x3F, 0x80, 0x00, 0x00, 0x3F, 0x40, 0x00, 0x00, 0xBF, 0x00, 0x00,
    0x00, 0xBF, 0x00, 0x00, 0x00, 0xFE, 0x00, 0x00, 0x00, 0xFE, 0x00, 0x00, 0x00, 0xFC, 0x00, 0x00,
    0x02, 0xFC, 0x00, 0x00, 0x02, 0xFC, 0x00, 0x00, 0x03, 0xF8, 0x00, 0x00, 0x03, 0xF8, 0x00, 0x00,
    0x07, 0xF0, 0x00, 0x00, 0x0B, 0xF0, 0x00, 0x00, 0x0F, 0xF0, 0x00, 0x00, 0x0F, 0xE0, 0x00, 0x00,
    0x0F, 0xD0, 0x00, 0x00, 0x2F, 0xC0, 0x00, 0x00, 0x2F, 0xC0, 0x00, 0x00, 0x3F, 0xC0, 0x00, 0x00,
    0x3F, 0x80, 0x00, 0x00, 0x3F, 0xEA, 0x80, 0x00, 0xBF, 0xFF, 0xC0, 0x00, 0xBF, 0xFF, 0xC0, 0x00,
    0xAA, 0xAA, 0x80, 0x00, 0x2A, 0x40, 0x00, 0x00, 0x3F, 0xC0, 0x00, 0x00, 0x2F, 0xD0, 0x00, 0x00,
    0x0F, 0xF0, 0x00, 0x00, 0x0B, 0xF0, 0x00, 0x00, 0x03, 0xF8, 0x00, 0x00, 0x03, 0xFC, 0x00, 0x00,
    0x02, 0xFC, 0x00, 0x00, 0x00, 0xFE, 0x00, 0x00, 0x00, 0xBF, 0x00, 0x00, 0x00, 0x3F, 0x80, 0x00,
    0x00, 0x3F, 0xC0, 0x00, 0x00, 0x2F, 0xC0, 0x00, 0x00, 0x0F, 0xE0, 0x00, 0x00, 0x0F, 0xF0, 0x00,
    0x00, 0x07, 0xF8, 0x00, 0x00, 0x03, 0xFC, 0x00, 0x00, 0x02, 0xFC, 0x00, 0x00, 0x00, 0xFE, 0x00,
    0x00, 0x00, 0xFF, 0x00, 0x00, 0x00, 0xBF, 0x40, 0x00, 0x00, 0x3F, 0xC0, 0x00, 0x00, 0x2F, 0xC0,
    0x00, 0x00, 0x0F, 0xE0, 0x00, 0x00, 0x0F, 0xF0, 0x00, 0x00, 0x0B, 0xF0, 0x00, 0x00, 0x03, 0xF8,
    0x00, 0x00, 0x02, 0xFC, 0x00, 0x00, 0xAA, 0xAA, 0x00, 0x00, 0x02, 0xFF, 0xFF, 0x00, 0x00, 0x03,
    0xFF, 0xFF, 0x00, 0x00, 0x02, 0xAA, 0xFE, 0x00, 0x00, 0x00, 0x00, 0xFD, 0x00, 0x00, 0x00, 0x01,
    0xFC, 0x00, 0x00, 0x00, 0x02, 0xFC, 0x00, 0x00, 0x00, 0x03, 0xF8, 0x00, 0x00, 0x00, 0x03, 0xF8,
    0x00, 0x00, 0x00, 0x03, 0xF0, 0x00, 0x00, 0x00, 0x0B, 0xF0, 0x00, 0x00, 0x00, 0x0B, 0xF0, 0x00,
    0x00, 0x00, 0x0F, 0xE0, 0x00, 0x00, 0x00, 0x0F, 0xE0, 0x00, 0x00, 0x00, 0x0F, 0xC0, 0x00, 0x00,
    0x00, 0x2F, 0xC0, 0x00, 0x00, 0x00, 0x2F, 0xC0, 0x00, 0x00, 0x00, 0x3F, 0x80, 0x00, 0x00, 0x00,
    0x3F, 0x40, 0x00, 0x00, 0x00, 0x7F, 0x00, 0x00, 0x00, 0x00, 0xBF, 0x00, 0x00, 0x00, 0x00, 0xFF,
    0x00, 0x00, 0x00, 0x00, 0xFE, 0x00, 0x00, 0x00, 0x00, 0xFD, 0x00, 0x00, 0x00, 0x02, 0xFC, 0x00,
    0x00, 0x00, 0x02, 0xFC, 0x00, 0x00, 0x00, 0x03, 0xF8, 0x00, 0x00, 0x00, 0x03, 0xF8, 0x00, 0x00,
    0x00, 0x03, 0xF0, 0x00, 0x00, 0x00, 0x0B, 0xF0, 0x00, 0x00, 0x00, 0x0B, 0xF0, 0x00, 0x00, 0x2A,
    0xAF, 0xE0, 0x00, 0x00, 0x3F, 0xFF, 0xE0, 0x00, 0x00, 0xBF, 0xFF, 0xC0, 0x00, 0x00, 0x2A, 0xAA,
    0x80, 0x00, 0x00, 0x00, 0x00, 0xAA, 0x00, 0x00, 0x00, 0x00, 0xFF, 0x00, 0x00, 0x00, 0x02, 0xFF,
    0xC0, 0x00, 0x00, 0x03, 0xFF, 0xC0, 0x00, 0x00, 0x0B, 0xFF, 0xF0, 0x00, 0x00, 0x0F, 0xEB, 0xF4,
    0x00, 0x00, 0x3F, 0xC3, 0xFC, 0x00, 0x00, 0x3F, 0x82, 0xFD, 0x00, 0x00, 0xFF, 0x00, 0xFF, 0x00,
    0x00, 0xFE, 0x00, 0xBF, 0x80, 0x03, 0xFC, 0x00, 0x3F, 0xC0, 0x03, 0xF8, 0x00, 0x2F, 0xE0, 0x0F,
    0xF0, 0x00, 0x0F, 0xF0, 0x1F, 0xE0, 0x00, 0x07, 0xF8, 0x3F, 0xC0, 0x00, 0x03, 0xFC, 0x00, 0x00,
    0x00, 0x00, 0x00, 0x00, 0x00, 0x00, 0x00, 0x00, 0x7F, 0xFF, 0xFF, 0xFF, 0x00, 0x7F, 0xFF, 0xFF,
    0xFF, 0x00, 0x7F, 0xFF, 0xFF, 0xFF, 0x00, 0x00, 0x00, 0x00, 0x00, 0x00, 0x00, 0x00, 0x3E, 0x00,
    0xBF, 0x00, 0x3F, 0x80, 0x1F, 0xD0, 0x0B, 0xF0, 0x01, 0xA0, 0x00, 0x00, 0xAF, 0xE8, 0x00, 0x00,
    0x0B, 0xFF, 0xFF, 0xC0, 0x00, 0x2F, 0xFF, 0xFF, 0xF0, 0x00, 0xBF, 0xE0, 0x1F, 0xF8, 0x00, 0xFF,
    0x00, 0x03, 0xFC, 0x00, 0xBC, 0x00, 0x03, 0xFC, 0x00, 0x00, 0x00, 0x02, 0xFC, 0x00, 0x00, 0x00,
    0x03, 0xFC, 0x00, 0x00, 0x02, 0xAF, 0xFC, 0x00, 0x0B, 0xFF, 0xFF, 0xF8, 0x00, 0xFF, 0xFF, 0xFF,
    0xF0, 0x0B, 0xFF, 0xEA, 0x0B, 0xF0, 0x2F, 0xF8, 0x00, 0x0B, 0xF0, 0x3F, 0xC0, 0x00, 0x0F, 0xE0,
    0xBF, 0x80, 0x00, 0x1F, 0xE0, 0xFF, 0x00, 0x00, 0x3F, 0xC0, 0xFF, 0x00, 0x00, 0xFF, 0xC0, 0xBF,
    0xC0, 0x03, 0xFF, 0xC0, 0x3F, 0xFA, 0xBF, 0xFF, 0xC0, 0x2F, 0xFF, 0xFF, 0x2F, 0xC0, 0x03, 0xFF,
    0xF8, 0x2F, 0xC0, 0x00, 0x04, 0x00, 0x00, 0x00, 0x00, 0x0A, 0x90, 0x00, 0x00, 0x00, 0x00, 0x0F,
    0xE0, 0x00, 0x00, 0x00, 0x00, 0x2F, 0xC0, 0x00, 0x00, 0x00, 0x00, 0x2F, 0xC0, 0x00, 0x00, 0x00,
    0x00, 0x3F, 0xC0, 0x00, 0x00, 0x00, 0x00, 0x3F, 0x80, 0x00, 0x00, 0x00, 0x00, 0x3F, 0x80, 0x00,
    0x00, 0x00, 0x00, 0xBF, 0x02, 0xFE, 0x00, 0x00, 0x00, 0xBF, 0x3F, 0xFF, 0xF0, 0x00, 0x00, 0xFF,
    0xFF, 0xFF, 0xFC, 0x00, 0x00, 0xFF, 0xF9, 0x0B, 0xFE, 0x00, 0x00, 0xFF, 0xC0, 0x01, 0xFF, 0x00,
    0x02, 0xFF, 0x00, 0x00, 0xBF, 0x80, 0x03, 0xFD, 0x00, 0x00, 0x3F, 0x80, 0x03, 0xFC, 0x00, 0x00,
    0x3F, 0xC0, 0x03, 0xF8, 0x00, 0x00, 0x3F, 0xC0, 0x07, 0xF0, 0x00, 0x00, 0x3F, 0xC0, 0x0B, 0xF0,
    0x00, 0x00, 0x3F, 0xC0, 0x0F, 0xF0, 0x00, 0x00, 0x3F, 0x80, 0x0F, 0xF0, 0x00, 0x00, 0xBF, 0x80,
    0x0F, 0xF0, 0x00, 0x00, 0xFF, 0x00, 0x2F, 0xF0, 0x00, 0x00, 0xFF, 0x00, 0x2F, 0xF8, 0x00, 0x03,
    0xFE, 0x00, 0x3F, 0xFC, 0x00, 0x0B, 0xFC, 0x00, 0x3F, 0xFF, 0x00, 0x2F, 0xF0, 0x00, 0x3F, 0x3F,
    0xFF, 0xFF, 0xE0, 0x00, 0xBE, 0x0F, 0xFF, 0xFF, 0x80, 0x00, 0xBC, 0x02, 0xFF, 0xF8, 0x00, 0x00,
    0x00, 0x00, 0x01, 0x00, 0x00, 0x00, 0x00, 0x00, 0x2F, 0xF8, 0x00, 0x00, 0x03, 0xFF, 0xFF, 0xC0,
    0x00, 0x2F, 0xFF, 0xFF, 0xF8, 0x00, 0xBF, 0xF9, 0x6F, 0xFC, 0x01, 0xFF, 0x80, 0x02, 0xFE, 0x03,
    0xFE, 0x00, 0x00, 0xE0, 0x0B, 0xF8, 0x00, 0x00, 0x00, 0x0F, 0xF0, 0x00, 0x00, 0x00, 0x0F, 0xE0,
    0x00, 0x00, 0x00, 0x2F, 0xD0, 0x00, 0x00, 0x00, 0x3F, 0xC0, 0x00, 0x00, 0x00, 0x3F, 0xC0, 0x00,
    0x00, 0x00, 0x3F, 0xC0, 0x00, 0x00, 0x00, 0x3F, 0xC0, 0x00, 0x00, 0x00, 0x3F, 0xC0, 0x00, 0x00,
    0x00, 0x2F, 0xE0, 0x00, 0x00, 0x00, 0x2F, 0xF0, 0x00, 0x0F, 0xE0, 0x0F, 0xFC, 0x00, 0xBF, 0xE0,
    0x0B, 0xFF, 0xFF, 0xFF, 0x80, 0x02, 0xFF, 0xFF, 0xFE, 0x00, 0x00, 0x3F, 0xFF, 0xE0, 0x00, 0x00,
    0x00, 0x50, 0x00, 0x00, 0x00, 0x00, 0x00, 0x00, 0x00, 0xA8, 0x00, 0x00, 0x00, 0x00, 0x02, 0xFC,
    0x00, 0x00, 0x00, 0x00, 0x03, 0xFC, 0x00, 0x00, 0x00, 0x00, 0x03, 0xF8, 0x00, 0x00, 0x00, 0x00,
    0x03, 0xF8, 0x00, 0x00, 0x00, 0x00, 0x0B, 0xF0, 0x00, 0x00, 0x00, 0x00, 0x0B, 0xF0, 0x00, 0x00,
    0xAF, 0xA0, 0x0F, 0xF0, 0x00, 0x0B, 0xFF, 0xFD, 0x0F, 0xE0, 0x00, 0x3F, 0xFF, 0xFF, 0x4F, 0xE0,
    0x00, 0xFF, 0xE4, 0x2F, 0xEF, 0xC0, 0x02, 0xFF, 0x00, 0x07, 0xFF, 0xC0, 0x03, 0xFC, 0x00, 0x02,
    0xFF, 0xC0, 0x0B, 0xF8, 0x00, 0x00, 0xFF, 0x80, 0x0F, 0xF0, 0x00, 0x00, 0xFF, 0x40, 0x1F, 0xE0,
    0x00, 0x00, 0xFF, 0x00, 0x2F, 0xC0, 0x00, 0x00, 0xFF, 0x00, 0x3F, 0xC0, 0x00, 0x00, 0xFE, 0x00,
    0x3F, 0xC0, 0x00, 0x00, 0xFE, 0x00, 0x3F, 0xC0, 0x00, 0x00, 0xFC, 0x00, 0x3F, 0xC0, 0x00, 0x02,
    0xFC, 0x00, 0x3F, 0xC0, 0x00, 0x03, 0xFC, 0x00, 0x2F, 0xE0, 0x00, 0x0B, 0xF8, 0x00, 0x1F, 0xF0,
    0x00, 0x2F, 0xF8, 0x00, 0x0F, 0xFC, 0x00, 0xFF, 0xF8, 0x00, 0x07, 0xFF, 0xFF, 0xFF, 0xF0, 0x00,
    0x02, 0xFF, 0xFF, 0xEB, 0xF0, 0x00, 0x00, 0x3F, 0xFF, 0x43, 0xF0, 0x00, 0x00, 0x00, 0x40, 0x00,
    0x00, 0x00, 0x00, 0x00, 0x2B, 0xFA, 0x00, 0x00, 0x00, 0x03, 0xFF, 0xFF, 0xE0, 0x00, 0x00, 0x2F,
    0xFF, 0xFF, 0xFC, 0x00, 0x00, 0xBF, 0xF8, 0x1B, 0xFE, 0x00, 0x02, 0xFF, 0x40, 0x01, 0xFF, 0x00,
    0x03, 0xFC, 0x00, 0x00, 0xBF, 0x80, 0x0B, 0xF4, 0x00, 0x00, 0x3F, 0x80, 0x0F, 0xF0, 0x00, 0x00,
    0x3F, 0xC0, 0x1F, 0xE0, 0x00, 0x00, 0x3F, 0xC0, 0x2F, 0xFF, 0xFF, 0xFF, 0xFF, 0xC0, 0x3F, 0xFF,
    0xFF, 0xFF, 0xFF, 0x80, 0x3F, 0xEA, 0xAA, 0xAA, 0xAA, 0x80, 0x3F, 0xC0, 0x00, 0x00, 0x00, 0x00,
    0x3F, 0xC0, 0x00, 0x00, 0x00, 0x00, 0x3F, 0xC0, 0x00, 0x00, 0x00, 0x00, 0x2F, 0xD0, 0x00, 0x00,
    0x00, 0x00, 0x0F, 0xF0, 0x00, 0x06, 0x40, 0x00, 0x0F, 0xFD, 0x00, 0x2F, 0xF0, 0x00, 0x03, 0xFF,
    0xFF, 0xFF, 0xE0, 0x00, 0x00, 0xFF, 0xFF, 0xFF, 0x00, 0x00, 0x00, 0x2F, 0xFF, 0xF8, 0x00, 0x00,
    0x00, 0x00, 0x10, 0x00, 0x00, 0x00, 0x00, 0x00, 0x00, 0x00, 0x00, 0x00, 0xBF, 0xF0, 0x00, 0x03,
    0xFF, 0xF0, 0x00, 0x0B, 0xFF, 0xF0, 0x00, 0x0F, 0xF4, 0x00, 0x00, 0x0F, 0xE0, 0x00, 0x00, 0x2F,
    0xC0, 0x00, 0x00, 0x3F, 0xC0, 0x00, 0x00, 0x3F, 0x80, 0x00, 0x1A, 0xBF, 0xEA, 0x00, 0x3F, 0xFF,
    0xFF, 0x40, 0x3F, 0xFF, 0xFF, 0x00, 0x15, 0xFF, 0x55, 0x00, 0x00, 0xFE, 0x00, 0x00, 0x00, 0xFD,
    0x00, 0x00, 0x02, 0xFC, 0x00, 0x00, 0x02, 0xFC, 0x00, 0x00, 0x03, 0xFC, 0x00, 0x00, 0x03, 0xF8,
    0x00, 0x00, 0x07, 0xF0, 0x00, 0x00, 0x0B, 0xF0, 0x00, 0x00, 0x0F, 0xF0, 0x00, 0x00, 0x0F, 0xE0,
    0x00, 0x00, 0x0F, 0xE0, 0x00, 0x00, 0x2F, 0xC0, 0x00, 0x00, 0x2F, 0xC0, 0x00, 0x00, 0x3F, 0xC0,
    0x00, 0x00, 0x3F, 0x80, 0x00, 0x00, 0x3F, 0x80, 0x00, 0x00, 0xBF, 0x00, 0x00, 0x00, 0x00, 0x00,
    0x00, 0x00, 0x00, 0x00, 0x00, 0x00, 0x2F, 0xF8, 0x00, 0xA0, 0x00, 0x03, 0xFF, 0xFF, 0x82, 0xF8,
    0x00, 0x0F, 0xFF, 0xFF, 0xF3, 0xF0, 0x00, 0x3F, 0xF9, 0x2F, 0xFF, 0xF0, 0x00, 0xFF, 0xC0, 0x02,
    0xFF, 0xF0, 0x01, 0xFF, 0x00, 0x00, 0xBF, 0xE0, 0x03, 0xFC, 0x00, 0x00, 0x3F, 0xE0, 0x03, 0xFC,
    0x00, 0x00, 0x3F, 0xC0, 0x0B, 0xF8, 0x00, 0x00, 0x2F, 0xC0, 0x0B, 0xF0, 0x00, 0x00, 0x3F, 0xC0,
    0x0B, 0xF0, 0x00, 0x00, 0x3F, 0x80, 0x0B, 0xF0, 0x00, 0x00, 0x3F, 0x40, 0x0B, 0xF0, 0x00, 0x00,
    0xBF, 0x00, 0x0B, 0xF0, 0x00, 0x00, 0xFF, 0x00, 0x0B, 0xFC, 0x00, 0x02, 0xFF, 0x00, 0x03, 0xFE,
    0x00, 0x07, 0xFE, 0x00, 0x02, 0xFF, 0x80, 0x2F, 0xFD, 0x00, 0x00, 0xFF, 0xFF, 0xFF, 0xFC, 0x00,
    0x00, 0x3F, 0xFF, 0xFF, 0xFC, 0x00, 0x00, 0x0B, 0xFF, 0xD3, 0xF8, 0x00, 0x00, 0x00, 0x00, 0x03,
    0xF8, 0x00, 0x00, 0x00, 0x00, 0x0B, 0xF0, 0x00, 0x00, 0x00, 0x00, 0x0F, 0xF0, 0x00, 0x0B, 0xC0,
    0x00, 0x2F, 0xE0, 0x00, 0x3F, 0xE0, 0x00, 0xBF, 0xC0, 0x00, 0x2F, 0xFE, 0xAB, 0xFF, 0x40, 0x00,
    0x0B, 0xFF, 0xFF, 0xFE, 0x00, 0x00, 0x01, 0xFF, 0xFF, 0xF0, 0x00, 0x00, 0x00, 0x0A, 0xA9, 0x00,
    0x00, 0x00, 0x00, 0x0A, 0x90, 0x00, 0x00, 0x00, 0x00, 0x0F, 0xE0, 0x00, 0x00, 0x00, 0x00, 0x2F,
    0xC0, 0x00, 0x00, 0x00, 0x00, 0x2F, 0xC0, 0x00, 0x00, 0x00, 0x00, 0x3F, 0xC0, 0x00, 0x00, 0x00,
    0x00, 0x3F, 0x80, 0x00, 0x00, 0x00, 0x00, 0x3F, 0x80, 0x00, 0x00, 0x00, 0x00, 0xBF, 0x02, 0xBF,
    0x80, 0x00, 0x00, 0xBF, 0x2F, 0xFF, 0xF8, 0x00, 0x00, 0xFF, 0xFF, 0xFF, 0xFC, 0x00, 0x00, 0xFF,
    0xFE, 0x5B, 0xFF, 0x00, 0x00, 0xFF, 0xE0, 0x00, 0xFF, 0x00, 0x02, 0xFF, 0x40, 0x00, 0xFF, 0x00,
    0x03, 0xFE, 0x00, 0x00, 0xBF, 0x00, 0x03, 0xFC, 0x00, 0x00, 0xBF, 0x00, 0x03, 0xF8, 0x00, 0x00,
    0xFF, 0x00, 0x07, 0xF4, 0x00, 0x00, 0xFE, 0x00, 0x0B, 0xF0, 0x00, 0x00, 0xFE, 0x00, 0x0F, 0xF0,
    0x00, 0x02, 0xFC, 0x00, 0x0F, 0xE0, 0x00, 0x02, 0xFC, 0x00, 0x0F, 0xE0, 0x00, 0x03, 0xFC, 0x00,
    0x2F, 0xC0, 0x00, 0x03, 0xF8, 0x00, 0x2F, 0xC0, 0x00, 0x03, 0xF4, 0x00, 0x3F, 0xC0, 0x00, 0x0B,
    0xF0, 0x00, 0x3F, 0x80, 0x00, 0x0B, 0xF0, 0x00, 0x3F, 0x40, 0x00, 0x0F, 0xE0, 0x00, 0xBF, 0x00,
    0x00, 0x0F, 0xE0, 0x00, 0xBF, 0x00, 0x00, 0x0F, 0xC0, 0x00, 0x00, 0x01, 0x80, 0x00, 0x0B, 0xF8,
    0x00, 0x0F, 0xFC, 0x00, 0x0F, 0xFC, 0x00, 0x0F, 0xF8, 0x00, 0x02, 0xA0, 0x00, 0x00, 0x00, 0x00,
    0x00, 0x00, 0x00, 0x00, 0x00, 0x0A, 0xAA, 0x40, 0x1F, 0xFF, 0x80, 0x2F, 0xFF, 0x40, 0x05, 0xFF,
    0x00, 0x00, 0xBF, 0x00, 0x00, 0xFF, 0x00, 0x00, 0xFE, 0x00, 0x01, 0xFC, 0x00, 0x02, 0xFC, 0x00,
    0x03, 0xFC, 0x00, 0x03, 0xF8, 0x00, 0x03, 0xF8, 0x00, 0x0B, 0xF0, 0x00, 0x0B, 0xF0, 0x00, 0x0F,
    0xF0, 0x00, 0x0F, 0xE0, 0x00, 0x0F, 0xE0, 0x00, 0x2F, 0xC0, 0x00, 0x2F, 0xC0, 0x00, 0x3F, 0xC0,
    0x00, 0x3F, 0x80, 0x00, 0x00, 0x00, 0x00, 0x02, 0x80, 0x00, 0x00, 0x00, 0x2F, 0xF0, 0x00, 0x00,
    0x00, 0x3F, 0xF0, 0x00, 0x00, 0x00, 0x3F, 0xF0, 0x00, 0x00, 0x00, 0x2F, 0xF0, 0x00, 0x00, 0x00,
    0x0A, 0x80, 0x00, 0x00, 0x00, 0x00, 0x00, 0x00, 0x00, 0x00, 0x00, 0x00, 0x00, 0x00, 0x00, 0x00,
    0x00, 0x00, 0x00, 0x00, 0x6A, 0x00, 0x00, 0x00, 0x00, 0xFF, 0x00, 0x00, 0x00, 0x00, 0xFE, 0x00,
    0x00, 0x00, 0x00, 0xFE, 0x00, 0x00, 0x00, 0x02, 0xFC, 0x00, 0x00, 0x00, 0x02, 0xFC, 0x00, 0x00,
    0x00, 0x03, 0xFC, 0x00, 0x00, 0x00, 0x03, 0xF8, 0x00, 0x00, 0x00, 0x03, 0xF4, 0x00, 0x00, 0x00,
    0x0B, 0xF0, 0x00, 0x00, 0x00, 0x0F, 0xF0, 0x00, 0x00, 0x00, 0x0F, 0xE0, 0x00, 0x00, 0x00, 0x0F,
    0xE0, 0x00, 0x00, 0x00, 0x1F, 0xC0, 0x00, 0x00, 0x00, 0x2F, 0xC0, 0x00, 0x00, 0x00, 0x3F, 0xC0,
    0x00, 0x00, 0x00, 0x3F, 0x80, 0x00, 0x00, 0x00, 0x3F, 0x80, 0x00, 0x00, 0x00, 0xBF, 0x00, 0x00,
    0x00, 0x00, 0xBF, 0x00, 0x00, 0x00, 0x00, 0xFF, 0x00, 0x00, 0x00, 0x00, 0xFE, 0x00, 0x00, 0x00,
    0x02, 0xFC, 0x00, 0x00, 0x00, 0x07, 0xFC, 0x00, 0x00, 0x2A, 0xFF, 0xF8, 0x00, 0x00, 0x3F, 0xFF,
    0xF0, 0x00, 0x00, 0x3F, 0xFF, 0xC0, 0x00, 0x00, 0x2A, 0xA0, 0x00, 0x00, 0x00, 0x00, 0x0A, 0x90,
    0x00, 0x00, 0x00, 0x00, 0x0F, 0xE0, 0x00, 0x00, 0x00, 0x00, 0x2F, 0xC0, 0x00, 0x00, 0x00, 0x00,
    0x2F, 0xC0, 0x00, 0x00, 0x00, 0x00, 0x3F, 0xC0, 0x00, 0x00, 0x00, 0x00, 0x3F, 0x80, 0x00, 0x00,
    0x00, 0x00, 0x3F, 0x80, 0x00, 0x00, 0x00, 0x00, 0xBF, 0x00, 0x00, 0xAA, 0x00, 0x00, 0xBF, 0x00,
    0x07, 0xFE, 0x00, 0x00, 0xFF, 0x00, 0x2F, 0xF8, 0x00, 0x00, 0xFE, 0x00, 0xBF, 0xC0, 0x00, 0x00,
    0xFD, 0x02, 0xFF, 0x00, 0x00, 0x02, 0xFC, 0x0F, 0xFC, 0x00, 0x00, 0x03, 0xFC, 0x3F, 0xF0, 0x00,
    0x00, 0x03, 0xF8, 0xFF, 0xC0, 0x00, 0x00, 0x03, 0xFF, 0xFE, 0x00, 0x00, 0x00, 0x07, 0xFF, 0xFC,
    0x00, 0x00, 0x00, 0x0B, 0xFF, 0xFF, 0x00, 0x00, 0x00, 0x0F, 0xFF, 0xFF, 0x00, 0x00, 0x00, 0x0F,
    0xFC, 0x3F, 0xC0, 0x00, 0x00, 0x0F, 0xF0, 0x3F, 0xD0, 0x00, 0x00, 0x2F, 0xC0, 0x0F, 0xF0, 0x00,
    0x00, 0x2F, 0xC0, 0x0B, 0xF4, 0x00, 0x00, 0x3F, 0xC0, 0x03, 0xFC, 0x00, 0x00, 0x3F, 0x80, 0x02,
    0xFE, 0x00, 0x00, 0x3F, 0x40, 0x00, 0xFF, 0x00, 0x00, 0xBF, 0x00, 0x00, 0xBF, 0x80, 0x00, 0xBF,
    0x00, 0x00, 0x3F, 0xC0, 0x00, 0x00, 0x0A, 0x90, 0x00, 0x0F, 0xE0, 0x00, 0x2F, 0xC0, 0x00, 0x2F,
    0xC0, 0x00, 0x3F, 0xC0, 0x00, 0x3F, 0x80, 0x00, 0x3F, 0x80, 0x00, 0xBF, 0x00, 0x00, 0xBF, 0x00,
    0x00, 0xFF, 0x00, 0x00, 0xFE, 0x00, 0x00, 0xFD, 0x00, 0x02, 0xFC, 0x00, 0x03, 0xFC, 0x00, 0x03,
    0xFC, 0x00, 0x03, 0xF8, 0x00, 0x07, 0xF0, 0x00, 0x0B, 0xF0, 0x00, 0x0F, 0xF0, 0x00, 0x0F, 0xE0,
    0x00, 0x0F, 0xE0, 0x00, 0x2F, 0xC0, 0x00, 0x2F, 0xC0, 0x00, 0x3F, 0xC0, 0x00, 0x3F, 0xE0, 0x00,
    0x3F, 0xFF, 0x00, 0x2F, 0xFF, 0x00, 0x0B, 0xFE, 0x00, 0x00, 0x28, 0x02, 0xBF, 0x80, 0x01, 0xBF,
    0x90, 0x00, 0x00, 0xBE, 0x2F, 0xFF, 0xF0, 0x0F, 0xFF, 0xFC, 0x00, 0x00, 0xFE, 0xFF, 0xFF, 0xFC,
    0xBF, 0xFF, 0xFE, 0x00, 0x00, 0xFF, 0xFE, 0x0B, 0xFF, 0xFE, 0x47, 0xFF, 0x00, 0x00, 0xFF, 0xE0,
    0x02, 0xFF, 0xF0, 0x00, 0xFF, 0x00, 0x02, 0xFF, 0x00, 0x00, 0xFF, 0xC0, 0x00, 0xBF, 0x40, 0x02,
    0xFE, 0x00, 0x00, 0xFF, 0x40, 0x00, 0xBF, 0x00, 0x03, 0xFC, 0x00, 0x00, 0xFF, 0x00, 0x00, 0xBF,
    0x00, 0x03, 0xF8, 0x00, 0x02, 0xFE, 0x00, 0x00, 0xBF, 0x00, 0x07, 0xF4, 0x00, 0x02, 0xFC, 0x00,
    0x00, 0xFF, 0x00, 0x0B, 0xF0, 0x00, 0x03, 0xFC, 0x00, 0x00, 0xFE, 0x00, 0x0F, 0xF0, 0x00, 0x03,
    0xF8, 0x00, 0x00, 0xFD, 0x00, 0x0F, 0xE0, 0x00, 0x03, 0xF8, 0x00, 0x02, 0xFC, 0x00, 0x0F, 0xE0,
    0x00, 0x0B, 0xF0, 0x00, 0x02, 0xFC, 0x00, 0x2F, 0xC0, 0x00, 0x0B, 0xF0, 0x00, 0x03, 0xFC, 0x00,
    0x2F, 0xC0, 0x00, 0x0F, 0xF0, 0x00, 0x03, 0xF8, 0x00, 0x3F, 0xC0, 0x00, 0x0F, 0xE0, 0x00, 0x03,
    0xF4, 0x00, 0x3F, 0x80, 0x00, 0x0F, 0xD0, 0x00, 0x0B, 0xF0, 0x00, 0x3F, 0x80, 0x00, 0x2F, 0xC0,
    0x00, 0x0F, 0xF0, 0x00, 0xBF, 0x00, 0x00, 0x2F, 0xC0, 0x00, 0x0F, 0xE0, 0x00, 0xBF, 0x00, 0x00,
    0x3F, 0xC0, 0x00, 0x0F, 0xE0, 0x00, 0x00, 0x28, 0x02, 0xBF, 0x80, 0x00, 0x00, 0xBE, 0x2F, 0xFF,
    0xF8, 0x00, 0x00, 0xFE, 0xFF, 0xFF, 0xFC, 0x00, 0x00, 0xFF, 0xFE, 0x5B, 0xFF, 0x00, 0x00, 0xFF,
    0xE0, 0x00, 0xFF, 0x00, 0x02, 0xFF, 0x80, 0x00, 0xBF, 0x00, 0x02, 0xFE, 0x00, 0x00, 0xBF, 0x00,
    0x03, 0xFC, 0x00, 0x00, 0xBF, 0x00, 0x03, 0xF8, 0x00, 0x00, 0xFF, 0x00, 0x07, 0xF4, 0x00, 0x00,
    0xFE, 0x00, 0x0B, 0xF0, 0x00, 0x00, 0xFE, 0x00, 0x0F, 0xF0, 0x00, 0x02, 0xFC, 0x00, 0x0F, 0xE0,
    0x00, 0x02, 0xFC, 0x00, 0x0F, 0xE0, 0x00, 0x03, 0xFC, 0x00, 0x2F, 0xC0, 0x00, 0x03, 0xF8, 0x00,
    0x2F, 0xC0, 0x00, 0x03, 0xF8, 0x00, 0x3F, 0xC0, 0x00, 0x0B, 0xF0, 0x00, 0x3F, 0x80, 0x00, 0x0B,
    0xF0, 0x00, 0x3F, 0x80, 0x00, 0x0F, 0xF0, 0x00, 0xBF, 0x00, 0x00, 0x0F, 0xE0, 0x00, 0xBF, 0x00,
    0x00, 0x0F, 0xD0, 0x00, 0x00, 0x00, 0x2B, 0xF8, 0x00, 0x00, 0x00, 0x03, 0xFF, 0xFF, 0xC0, 0x00,
    0x00, 0x2F, 0xFF, 0xFF, 0xF8, 0x00, 0x00, 0xBF, 0xF9, 0x6F, 0xFC, 0x00, 0x01, 0xFF, 0x40, 0x02,
    0xFF, 0x00, 0x03, 0xFC, 0x00, 0x00, 0xFF, 0x00, 0x0B, 0xF8, 0x00, 0x00, 0x7F, 0x80, 0x0F, 0xF0,
    0x00, 0x00, 0x3F, 0x80, 0x1F, 0xE0, 0x00, 0x00, 0x3F, 0x80, 0x2F, 0xC0, 0x00, 0x00, 0x3F, 0x80,
    0x2F, 0xC0, 0x00, 0x00, 0x3F, 0x80, 0x3F, 0xC0, 0x00, 0x00, 0xBF, 0x40, 0x3F, 0xC0, 0x00, 0x00,
    0xFF, 0x00, 0x3F, 0xC0, 0x00, 0x00, 0xFF, 0x00, 0x3F, 0xC0, 0x00, 0x02, 0xFE, 0x00, 0x2F, 0xE0,
    0x00, 0x03, 0xFC, 0x00, 0x0F, 0xF0, 0x00, 0x0F, 0xF4, 0x00, 0x0F, 0xFC, 0x00, 0xBF, 0xE0, 0x00,
    0x03, 0xFF, 0xFF, 0xFF, 0x80, 0x00, 0x01, 0xFF, 0xFF, 0xFE, 0x00, 0x00, 0x00, 0x2F, 0xFF, 0xE0,
    0x00, 0x00, 0x00, 0x00, 0x10, 0x00, 0x00, 0x00, 0x00, 0x02, 0x80, 0x2F, 0xE0, 0x00, 0x00, 0x0B,
    0xD3, 0xFF, 0xFF, 0x00, 0x00, 0x0F, 0xEF, 0xFF, 0xFF, 0xC0, 0x00, 0x0F, 0xFF, 0x91, 0xBF, 0xE0,
    0x00, 0x0F, 0xFC, 0x00, 0x2F, 0xF0, 0x00, 0x2F, 0xF0, 0x00, 0x0B, 0xF8, 0x00, 0x2F, 0xE0, 0x00,
    0x03, 0xFC, 0x00, 0x3F, 0xC0, 0x00, 0x03, 0xFC, 0x00, 0x3F, 0x80, 0x00, 0x03, 0xFC, 0x00, 0x3F,
    0x00, 0x00, 0x03, 0xFC, 0x00, 0xBF, 0x00, 0x00, 0x03, 0xFC, 0x00, 0xFF, 0x00, 0x00, 0x03, 0xFC,
    0x00, 0xFF, 0x00, 0x00, 0x0B, 0xF8, 0x00, 0xFF, 0x00, 0x00, 0x0F, 0xF0, 0x01, 0xFF, 0x00, 0x00,
    0x0F, 0xF0, 0x02, 0xFF, 0x80, 0x00, 0x3F, 0xE0, 0x03, 0xFF, 0xC0, 0x00, 0xBF, 0xC0, 0x03, 0xFF,
    0xF0, 0x02, 0xFF, 0x40, 0x03, 0xFA, 0xFF, 0xBF, 0xFE, 0x00, 0x0B, 0xF0, 0xFF, 0xFF, 0xF8, 0x00,
    0x0B, 0xF0, 0x2F, 0xFF, 0x80, 0x00, 0x0F, 0xF0, 0x00, 0x00, 0x00, 0x00, 0x0F, 0xE0, 0x00, 0x00,
    0x00, 0x00, 0x0F, 0xD0, 0x00, 0x00, 0x00, 0x00, 0x2F, 0xC0, 0x00, 0x00, 0x00, 0x00, 0x2F, 0xC0,
    0x00, 0x00, 0x00, 0x00, 0x3F, 0xC0, 0x00, 0x00, 0x00, 0x00, 0x2A, 0x00, 0x00, 0x00, 0x00, 0x00,
    0x00, 0x02, 0xFF, 0x80, 0x0A, 0x40, 0x00, 0x2F, 0xFF, 0xF8, 0x2F, 0x80, 0x00, 0xFF, 0xFF, 0xFF,
    0x3F, 0x40, 0x03, 0xFF, 0x81, 0xFF, 0xFF, 0x00, 0x0B, 0xFC, 0x00, 0x2F, 0xFF, 0x00, 0x0F, 0xF0,
    0x00, 0x0F, 0xFF, 0x00, 0x2F, 0xE0, 0x00, 0x03, 0xFE, 0x00, 0x3F, 0xC0, 0x00, 0x03, 0xFD, 0x00,
    0x7F, 0x80, 0x00, 0x03, 0xFC, 0x00, 0xBF, 0x00, 0x00, 0x03, 0xFC, 0x00, 0xFF, 0x00, 0x00, 0x03,
    0xF8, 0x00, 0xFF, 0x00, 0x00, 0x03, 0xF8, 0x00, 0xFF, 0x00, 0x00, 0x07, 0xF0, 0x00, 0xFF, 0x00,
    0x00, 0x0B, 0xF0, 0x00, 0xFF, 0x00, 0x00, 0x0F, 0xF0, 0x00, 0xBF, 0x80, 0x00, 0x3F, 0xE0, 0x00,
    0x7F, 0xC0, 0x00, 0xBF, 0xE0, 0x00, 0x3F, 0xF0, 0x03, 0xFF, 0xC0, 0x00, 0x1F, 0xFF, 0xFF, 0xFF,
    0xC0, 0x00, 0x0B, 0xFF, 0xFF, 0xBF, 0xC0, 0x00, 0x00, 0xFF, 0xFD, 0x3F, 0x80, 0x00, 0x00, 0x02,
    0x00, 0x3F, 0x80, 0x00, 0x00, 0x00, 0x00, 0xBF, 0x00, 0x00, 0x00, 0x00, 0x00, 0xBF, 0x40, 0x00,
    0x00, 0x00, 0x00, 0xBF, 0xEA, 0xE0, 0x00, 0x00, 0x00, 0x3F, 0xFF, 0xD0, 0x00, 0x00, 0x00, 0x3F,
    0xFF, 0xC0, 0x00, 0x00, 0x00, 0x0B, 0xFF, 0x80, 0x00, 0x00, 0x00, 0x00, 0x00, 0x00, 0x00, 0x28,
    0x00, 0xAE, 0x00, 0xBD, 0x0F, 0xFE, 0x00, 0xFE, 0x3F, 0xFC, 0x00, 0xFE, 0xFF, 0xFC, 0x00, 0xFF,
    0xFD, 0x00, 0x02, 0xFF, 0xE0, 0x00, 0x02, 0xFF, 0x40, 0x00, 0x03, 0xFE, 0x00, 0x00, 0x03, 0xFC,
    0x00, 0x00, 0x07, 0xF8, 0x00, 0x00, 0x0B, 0xF0, 0x00, 0x00, 0x0F, 0xF0, 0x00, 0x00, 0x0F, 0xE0,
    0x00, 0x00, 0x0F, 0xE0, 0x00, 0x00, 0x2F, 0xC0, 0x00, 0x00, 0x2F, 0xC0, 0x00, 0x00, 0x3F, 0xC0,
    0x00, 0x00, 0x3F, 0x80, 0x00, 0x00, 0x3F, 0x80, 0x00, 0x00, 0xBF, 0x00, 0x00, 0x00, 0xBF, 0x00,
    0x00, 0x00, 0x00, 0x06, 0xFF, 0x80, 0x00, 0x00, 0xBF, 0xFF, 0xFD, 0x00, 0x02, 0xFF, 0xFF, 0xFF,
    0x80, 0x0B, 0xFE, 0x02, 0xFF, 0xC0, 0x0F, 0xF0, 0x00, 0x2F, 0xE0, 0x0F, 0xE0, 0x00, 0x08, 0x00,
    0x0F, 0xF0, 0x00, 0x00, 0x00, 0x0F, 0xF8, 0x00, 0x00, 0x00, 0x0B, 0xFF, 0x80, 0x00, 0x00, 0x02,
    0xFF, 0xFE, 0x40, 0x00, 0x00, 0xBF, 0xFF, 0xF8, 0x00, 0x00, 0x02, 0xFF, 0xFF, 0x00, 0x00, 0x00,
    0x0B, 0xFF, 0x80, 0x00, 0x00, 0x00, 0xBF, 0xC0, 0x00, 0x00, 0x00, 0x3F, 0xC0, 0x0B, 0x00, 0x00,
    0x3F, 0xC0, 0xBF, 0x80, 0x00, 0x3F, 0xC0, 0x3F, 0xE0, 0x00, 0xFF, 0x80, 0x2F, 0xFE, 0xAF, 0xFF,
    0x00, 0x07, 0xFF, 0xFF, 0xFC, 0x00, 0x00, 0xBF, 0xFF, 0xE0, 0x00, 0x00, 0x00, 0x50, 0x00, 0x00,
    0x00, 0x0A, 0x90, 0x00, 0x00, 0x0F, 0xE0, 0x00, 0x00, 0x2F, 0xC0, 0x00, 0x00, 0x2F, 0xC0, 0x00,
    0x00, 0x3F, 0xC0, 0x00, 0x0A, 0xBF, 0xEA, 0x00, 0x2F, 0xFF, 0xFF, 0x00, 0x3F, 0xFF, 0xFF, 0x00,
    0x15, 0xFF, 0x55, 0x00, 0x00, 0xFF, 0x00, 0x00, 0x00, 0xFE, 0x00, 0x00, 0x01, 0xFC, 0x00, 0x00,
    0x02, 0xFC, 0x00, 0x00, 0x03, 0xFC, 0x00, 0x00, 0x03, 0xF8, 0x00, 0x00, 0x03, 0xF8, 0x00, 0x00,
    0x0B, 0xF0, 0x00, 0x00, 0x0B, 0xF0, 0x00, 0x00, 0x0F, 0xF0, 0x00, 0x00, 0x0F, 0xE0, 0x00, 0x00,
    0x0F, 0xE0, 0x00, 0x00, 0x2F, 0xC0, 0x00, 0x00, 0x2F, 0xF0, 0x00, 0x00, 0x2F, 0xFF, 0x80, 0x00,
    0x0F, 0xFF, 0x80, 0x00, 0x06, 0xFF, 0x00, 0x00, 0x00, 0xA8, 0x00, 0x00, 0x2A, 0x00, 0x03, 0xFC,
    0x00, 0x00, 0xFF, 0x00, 0x03, 0xFC, 0x00, 0x00, 0xFE, 0x00, 0x03, 0xF8, 0x00, 0x00, 0xFE, 0x00,
    0x07, 0xF0, 0x00, 0x01, 0xFC, 0x00, 0x0B, 0xF0, 0x00, 0x02, 0xFC, 0x00, 0x0F, 0xF0, 0x00, 0x03,
    0xFC, 0x00, 0x0F, 0xE0, 0x00, 0x03, 0xF8, 0x00, 0x0F, 0xE0, 0x00, 0x03, 0xF8, 0x00, 0x2F, 0xC0,
    0x00, 0x0B, 0xF0, 0x00, 0x2F, 0xC0, 0x00, 0x0B, 0xF0, 0x00, 0x3F, 0xC0, 0x00, 0x0F, 0xF0, 0x00,
    0x3F, 0x80, 0x00, 0x0F, 0xE0, 0x00, 0x3F, 0x80, 0x00, 0x2F, 0xD0, 0x00, 0x3F, 0x00, 0x00, 0x3F,
    0xC0, 0x00, 0xBF, 0x00, 0x00, 0xBF, 0xC0, 0x00, 0x3F, 0x80, 0x02, 0xFF, 0xC0, 0x00, 0x3F, 0xC0,
    0x0B, 0xFF, 0x80, 0x00, 0x3F, 0xFF, 0xFF, 0xFF, 0x00, 0x00, 0x0F, 0xFF, 0xFE, 0x3F, 0x00, 0x00,
    0x03, 0xFF, 0xF0, 0x3F, 0x00, 0x00, 0x00, 0x00, 0x00, 0x00, 0x00, 0x00, 0x2A, 0x00, 0x00, 0x02,
    0xA8, 0x3F, 0x80, 0x00, 0x0B, 0xF8, 0x3F, 0x80, 0x00, 0x0F, 0xF0, 0x3F, 0xC0, 0x00, 0x3F, 0xD0,
    0x3F, 0xC0, 0x00, 0x7F, 0xC0, 0x2F, 0xC0, 0x00, 0xFF, 0x00, 0x2F, 0xC0, 0x02, 0xFE, 0x00, 0x0F,
    0xC0, 0x03, 0xFC, 0x00, 0x0F, 0xD0, 0x0B, 0xF8, 0x00, 0x0F, 0xE0, 0x0F, 0xF0, 0x00, 0x0F, 0xE0,
    0x2F, 0xD0, 0x00, 0x0B, 0xF0, 0x3F, 0xC0, 0x00, 0x0B, 0xF0, 0xFF, 0x00, 0x00, 0x0B, 0xF0, 0xFE,
    0x00, 0x00, 0x03, 0xF3, 0xFC, 0x00, 0x00, 0x03, 0xFF, 0xF8, 0x00, 0x00, 0x03, 0xFF, 0xF0, 0x00,
    0x00, 0x03, 0xFF, 0xD0, 0x00, 0x00, 0x02, 0xFF, 0xC0, 0x00, 0x00, 0x02, 0xFF, 0x00, 0x00, 0x00,
    0x02, 0xFE, 0x00, 0x00, 0x00, 0x2A, 0x00, 0x00, 0xAA, 0x00, 0x00, 0xA9, 0x3F, 0x80, 0x02, 0xFF,
    0x00, 0x03, 0xFD, 0x3F, 0x80, 0x03, 0xFF, 0x00, 0x03, 0xFC, 0x3F, 0x80, 0x0B, 0xFF, 0x00, 0x0F,
    0xF4, 0x3F, 0x80, 0x0F, 0xFF, 0x00, 0x0F, 0xF0, 0x3F, 0x80, 0x2F, 0xFF, 0x00, 0x2F, 0xD0, 0x3F,
    0x80, 0x3F, 0x6F, 0x00, 0x3F, 0xC0, 0x3F, 0x80, 0x7F, 0x2F, 0x00, 0xBF, 0x40, 0x2F, 0xC0, 0xFD,
    0x2F, 0x00, 0xFF, 0x00, 0x2F, 0xC1, 0xFC, 0x2F, 0x02, 0xFD, 0x00, 0x2F, 0xC3, 0xF8, 0x2F, 0x43,
    0xFC, 0x00, 0x2F, 0xC3, 0xF0, 0x2F, 0x8B, 0xF4, 0x00, 0x2F, 0xCF, 0xE0, 0x1F, 0x8F, 0xF0, 0x00,
    0x0F, 0xDF, 0xC0, 0x0F, 0xAF, 0xD0, 0x00, 0x0F, 0xFF, 0x80, 0x0F, 0xFF, 0xC0, 0x00, 0x0F, 0xFF,
    0x00, 0x0F, 0xFF, 0x00, 0x00, 0x0F, 0xFE, 0x00, 0x0F, 0xFF, 0x00, 0x00, 0x0F, 0xFC, 0x00, 0x0F,
    0xFC, 0x00, 0x00, 0x0F, 0xF8, 0x00, 0x0F, 0xFC, 0x00, 0x00, 0x0F, 0xF0, 0x00, 0x0F, 0xF0, 0x00,
    0x00, 0x0F, 0xE0, 0x00, 0x0F, 0xF0, 0x00, 0x00, 0x00, 0x0A, 0x80, 0x00, 0x02, 0xA8, 0x00, 0x0F,
    0xF0, 0x00, 0x0F, 0xFC, 0x00, 0x0B, 0xF0, 0x00, 0x3F, 0xF0, 0x00, 0x03, 0xFC, 0x00, 0xBF, 0xC0,
    0x00, 0x02, 0xFC, 0x02, 0xFF, 0x00, 0x00, 0x00, 0xFF, 0x0B, 0xFC, 0x00, 0x00, 0x00, 0xBF, 0x2F,
    0xF0, 0x00, 0x00, 0x00, 0x3F, 0xFF, 0xD0, 0x00, 0x00, 0x00, 0x2F, 0xFF, 0x80, 0x00, 0x00, 0x00,
    0x0F, 0xFE, 0x00, 0x00, 0x00, 0x00, 0x0F, 0xF8, 0x00, 0x00, 0x00, 0x00, 0x3F, 0xFC, 0x00, 0x00,
    0x00, 0x00, 0xFF, 0xFC, 0x00, 0x00, 0x00, 0x03, 0xFF, 0xFF, 0x00, 0x00, 0x00, 0x0F, 0xFC, 0xBF,
    0x00, 0x00, 0x00, 0x3F, 0xF0, 0x3F, 0xC0, 0x00, 0x00, 0xBF, 0xC0, 0x2F, 0xC0, 0x00, 0x02, 0xFF,
    0x00, 0x0F, 0xF0, 0x00, 0x0B, 0xFC, 0x00, 0x0B, 0xF0, 0x00, 0x2F, 0xF0, 0x00, 0x03, 0xFC, 0x00,
    0x7F, 0xD0, 0x00, 0x02, 0xFC, 0x00, 0x00, 0x2A, 0x00, 0x00, 0x0A, 0xA0, 0x00, 0x3F, 0x80, 0x00,
    0x0F, 0xF0, 0x00, 0x3F, 0x80, 0x00, 0x2F, 0xE0, 0x00, 0x3F, 0xC0, 0x00, 0x3F, 0xC0, 0x00, 0x2F,
    0xC0, 0x00, 0xFF, 0x80, 0x00, 0x2F, 0xC0, 0x00, 0xFF, 0x00, 0x00, 0x2F, 0xC0, 0x03, 0xFD, 0x00,
    0x00, 0x0F, 0xC0, 0x07, 0xFC, 0x00, 0x00, 0x0F, 0xC0, 0x0F, 0xF0, 0x00, 0x00, 0x0F, 0xE0, 0x2F,
    0xF0, 0x00, 0x00, 0x0F, 0xE0, 0x3F, 0xC0, 0x00, 0x00, 0x0B, 0xE0, 0xBF, 0x80, 0x00, 0x00, 0x0B,
    0xE0, 0xFF, 0x00, 0x00, 0x00, 0x0B, 0xF2, 0xFE, 0x00, 0x00, 0x00, 0x03, 0xF3, 0xFC, 0x00, 0x00,
    0x00, 0x03, 0xFF, 0xF4, 0x00, 0x00, 0x00, 0x03, 0xFF, 0xF0, 0x00, 0x00, 0x00, 0x03, 0xFF, 0xC0,
    0x00, 0x00, 0x00, 0x02, 0xFF, 0xC0, 0x00, 0x00, 0x00, 0x02, 0xFF, 0x00, 0x00, 0x00, 0x00, 0x01,
    0xFE, 0x00, 0x00, 0x00, 0x00, 0x02, 0xFC, 0x00, 0x00, 0x00, 0x00, 0x03, 0xF8, 0x00, 0x00, 0x00,
    0x00, 0x0F, 0xF0, 0x00, 0x00, 0x00, 0x2A, 0xFF, 0xC0, 0x00, 0x00, 0x00, 0x3F, 0xFF, 0x80, 0x00,
    0x00, 0x00, 0xBF, 0xFE, 0x00, 0x00, 0x00, 0x00, 0x2A, 0x80, 0x00, 0x00, 0x00, 0x00, 0x00, 0x2A,
    0xAA, 0xAA, 0xAA, 0x00, 0x00, 0x3F, 0xFF, 0xFF, 0xFF, 0x40, 0x00, 0xBF, 0xFF, 0xFF, 0xFF, 0x00,
    0x00, 0x2A, 0xAA, 0xAB, 0xFF, 0x00, 0x00, 0x00, 0x00, 0x0B, 0xFC, 0x00, 0x00, 0x00, 0x00, 0x2F,
    0xF0, 0x00, 0x00, 0x00, 0x00, 0xBF, 0xC0, 0x00, 0x00, 0x00, 0x03, 0xFF, 0x00, 0x00, 0x00, 0x00,
    0x0F, 0xFC, 0x00, 0x00, 0x00, 0x00, 0x3F, 0xF0, 0x00, 0x00, 0x00, 0x00, 0xFF, 0xC0, 0x00, 0x00,
    0x00, 0x03, 0xFF, 0x00, 0x00, 0x00, 0x00, 0x0F, 0xFC, 0x00, 0x00, 0x00, 0x00, 0x3F, 0xF0, 0x00,
    0x00, 0x00, 0x00, 0xFF, 0xC0, 0x00, 0x00, 0x00, 0x03, 0xFE, 0x00, 0x00, 0x00, 0x00, 0x0F, 0xF8,
    0x00, 0x00, 0x00, 0x00, 0x3F, 0xF0, 0x00, 0x00, 0x00, 0x00, 0xBF, 0xFF, 0xFF, 0xFF, 0xC0, 0x00,
    0xBF, 0xFF, 0xFF, 0xFF, 0xC0, 0x00, 0xFF, 0xFF, 0xFF, 0xFF, 0x80, 0x00, 0x00, 0x00, 0x06, 0xA8,
    0x00, 0x00, 0xBF, 0xFC, 0x00, 0x01, 0xFF, 0xFC, 0x00, 0x03, 0xFF, 0xA0, 0x00, 0x03, 0xFC, 0x00,
    0x00, 0x07, 0xF4, 0x00, 0x00, 0x0B, 0xF0, 0x00, 0x00, 0x0F, 0xF0, 0x00, 0x00, 0x0F, 0xE0, 0x00,
    0x00, 0x0F, 0xE0, 0x00, 0x00, 0x2F, 0xC0, 0x00, 0x00, 0x2F, 0xC0, 0x00, 0x00, 0x3F, 0xC0, 0x00,
    0x00, 0x3F, 0x80, 0x00, 0x00, 0xBF, 0x00, 0x00, 0x02, 0xFE, 0x00, 0x00, 0x2F, 0xF8, 0x00, 0x00,
    0x3F, 0xC0, 0x00, 0x00, 0x3F, 0xF0, 0x00, 0x00, 0x07, 0xF8, 0x00, 0x00, 0x03, 0xFC, 0x00, 0x00,
    0x03, 0xF8, 0x00, 0x00, 0x03, 0xF8, 0x00, 0x00, 0x03, 0xF8, 0x00, 0x00, 0x0B, 0xF0, 0x00, 0x00,
    0x0B, 0xF0, 0x00, 0x00, 0x0F, 0xF0, 0x00, 0x00, 0x0F, 0xE0, 0x00, 0x00, 0x0F, 0xE0, 0x00, 0x00,
    0x2F, 0xC0, 0x00, 0x00, 0x2F, 0xC0, 0x00, 0x00, 0x2F, 0xFA, 0x00, 0x00, 0x2F, 0xFF, 0x40, 0x00,
    0x0F, 0xFF, 0x00, 0x00, 0x00, 0xAA, 0x00, 0x00, 0x2A, 0x00, 0x3F, 0x00, 0x3F, 0x00, 0x3F, 0x00,
    0x3F, 0x00, 0x3F, 0x00, 0x3F, 0x00, 0x3F, 0x00, 0x3F, 0x00, 0x3F, 0x00, 0x3F, 0x00, 0x3F, 0x00,
    0x3F, 0x00, 0x3F, 0x00, 0x3F, 0x00, 0x3F, 0x00, 0x3F, 0x00, 0x3F, 0x00, 0x3F, 0x00, 0x3F, 0x00,
    0x3F, 0x00, 0x3F, 0x00, 0x3F, 0x00, 0x3F, 0x00, 0x3F, 0x00, 0x3F, 0x00, 0x3F, 0x00, 0x3F, 0x00,
    0x3F, 0x00, 0x3F, 0x00, 0x3F, 0x00, 0x3F, 0x00, 0x3F, 0x00, 0x3F, 0x00, 0x2A, 0x00, 0x00, 0x00,
    0xA9, 0x00, 0x00, 0x02, 0xFF, 0xE0, 0x00, 0x03, 0xFF, 0xF0, 0x00, 0x02, 0xAF, 0xF0, 0x00, 0x00,
    0x0B, 0xF0, 0x00, 0x00, 0x0B, 0xF0, 0x00, 0x00, 0x0F, 0xF0, 0x00, 0x00, 0x0F, 0xE0, 0x00, 0x00,
    0x0F, 0xE0, 0x00, 0x00, 0x2F, 0xC0, 0x00, 0x00, 0x2F, 0xC0, 0x00, 0x00, 0x3F, 0xC0, 0x00, 0x00,
    0x3F, 0x80, 0x00, 0x00, 0x3F, 0x80, 0x00, 0x00, 0x3F, 0x80, 0x00, 0x00, 0x3F, 0xC0, 0x00, 0x00,
    0x2F, 0xF8, 0x00, 0x00, 0x0B, 0xF8, 0x00, 0x00, 0x3F, 0xF0, 0x00, 0x00, 0xFF, 0x40, 0x00, 0x02,
    0xFC, 0x00, 0x00, 0x03, 0xFC, 0x00, 0x00, 0x03, 0xF8, 0x00, 0x00, 0x0B, 0xF0, 0x00, 0x00, 0x0B,
    0xF0, 0x00, 0x00, 0x0F, 0xF0, 0x00, 0x00, 0x0F, 0xE0, 0x00, 0x00, 0x1F, 0xD0, 0x00, 0x00, 0x2F,
    0xC0, 0x00, 0x00, 0x3F, 0xC0, 0x00, 0x00, 0x3F, 0x80, 0x00, 0x2A, 0xFF, 0x40, 0x00, 0x3F, 0xFF,
    0x00, 0x00, 0xBF, 0xFC, 0x00, 0x00, 0x2A, 0x80, 0x00, 0x00, 0x00, 0x09, 0x00, 0x00, 0x00, 0x00,
    0x02, 0xFF, 0xF8, 0x00, 0x3E, 0x00, 0x0F, 0xFF, 0xFF, 0xE0, 0xFF, 0x00, 0x2F, 0xFF, 0xFF, 0xFF,
    0xFF, 0x00, 0x3F, 0xC0, 0x1F, 0xFF, 0xFC, 0x00, 0x02, 0x00, 0x00, 0xBF, 0x90, 0x00, 0x00, 0x01,
    0x80, 0x00, 0x0F, 0xF0, 0x00, 0x1F, 0xFC, 0x00, 0x2F, 0xFC, 0x00, 0x0F, 0xF8, 0x00, 0x03, 0xE0,
    0x00, 0x00, 0x00, 0x00, 0x00, 0x00, 0x00, 0x00, 0x00, 0x00, 0x0F, 0x00, 0x00, 0x2F, 0x00, 0x00,
    0x3F, 0x00, 0x00, 0x3E, 0x00, 0x00, 0xBE, 0x00, 0x00, 0xBD, 0x00, 0x00, 0xFC, 0x00, 0x00, 0xFC,
    0x00, 0x02, 0xFC, 0x00, 0x03, 0xFC, 0x00, 0x03, 0xF8, 0x00, 0x07, 0xF8, 0x00, 0x0B, 0xF0, 0x00,
    0x0F, 0xF0, 0x00, 0x0F, 0xF0, 0x00, 0x0F, 0xE0, 0x00, 0x2F, 0xE0, 0x00, 0x2F, 0xC0, 0x00, 0x3F,
    0xC0, 0x00, 0x2A, 0x80, 0x00, 0x00, 0x00, 0x00, 0xA0, 0x00, 0x00, 0x00, 0x00, 0xF0, 0x00, 0x00,
    0x00, 0x00, 0xF0, 0x00, 0x00, 0x00, 0x2B, 0xF8, 0x00, 0x00, 0x03, 0xFF, 0xFF, 0xC0, 0x00, 0x2F,
    0xFF, 0xFF, 0xF0, 0x00, 0xBF, 0xFB, 0xEF, 0xFC, 0x02, 0xFF, 0x87, 0xC3, 0xFE, 0x03, 0xFC, 0x0B,
    0x80, 0xE0, 0x0B, 0xF8, 0x0F, 0x80, 0x00, 0x0F, 0xF0, 0x0F, 0x00, 0x00, 0x1F, 0xE0, 0x0F, 0x00,
    0x00, 0x2F, 0xC0, 0x2F, 0x00, 0x00, 0x3F, 0xC0, 0x2E, 0x00, 0x00, 0x3F, 0xC0, 0x3D, 0x00, 0x00,
    0x3F, 0xC0, 0x3C, 0x00, 0x00, 0x3F, 0xC0, 0x3C, 0x00, 0x00, 0x3F, 0xC0, 0xBC, 0x00, 0x00, 0x2F,
    0xD0, 0xF8, 0x00, 0x00, 0x2F, 0xF0, 0xF0, 0x0F, 0xD0, 0x0F, 0xFE, 0xF0, 0xBF, 0xD0, 0x0B, 0xFF,
    0xFF, 0xFF, 0x80, 0x02, 0xFF, 0xFF, 0xFD, 0x00, 0x00, 0x3F, 0xFF, 0xE0, 0x00, 0x00, 0x03, 0xE0,
    0x00, 0x00, 0x00, 0x03, 0xC0, 0x00, 0x00, 0x00, 0x0B, 0xC0, 0x00, 0x00, 0x00, 0x02, 0x00, 0x00,
    0x00, 0x00, 0x00, 0x00, 0x00, 0x00, 0x00, 0x00, 0x00, 0x00, 0x01, 0xBF, 0xFE, 0x00, 0x00, 0x00,
    0x00, 0x2F, 0xFF, 0xFF, 0xE0, 0x00, 0x00, 0x00, 0xBF, 0xFF, 0xFF, 0xFC, 0x00, 0x00, 0x02, 0xFF,
    0xD0, 0x0B, 0xFE, 0x00, 0x00, 0x03, 0xFE, 0x00, 0x00, 0xFF, 0x00, 0x00, 0x0B, 0xF8, 0x00, 0x00,
    0xBE, 0x00, 0x00, 0x0B, 0xF0, 0x00, 0x00, 0x00, 0x00, 0x00, 0x0F, 0xF0, 0x00, 0x00, 0x00, 0x00,
    0x00, 0x0F, 0xF0, 0x00, 0x00, 0x00, 0x00, 0x00, 0x0B, 0xF0, 0x00, 0x00, 0x00, 0x00, 0x00, 0x0B,
    0xF4, 0x00, 0x00, 0x00, 0x00, 0x00, 0x07, 0xF8, 0x00, 0x00, 0x00, 0x00, 0x00, 0x0B, 0xFC, 0x00,
    0x00, 0x00, 0x00, 0x02, 0xFF, 0xFF, 0xFF, 0xFC, 0x00, 0x00, 0x03, 0xFF, 0xFF, 0xFF, 0xFC, 0x00,
    0x00, 0x00, 0x02, 0xFE, 0x00, 0x00, 0x00, 0x00, 0x00, 0x00, 0xFE, 0x00, 0x00, 0x00, 0x00, 0x00,
    0x00, 0xFE, 0x00, 0x00, 0x00, 0x00, 0x00, 0x01, 0xFD, 0x00, 0x00, 0x00, 0x00, 0x00, 0x02, 0xFC,
    0x00, 0x00, 0x00, 0x00, 0x00, 0x03, 0xF8, 0x00, 0x00, 0x00, 0x00, 0x00, 0x0F, 0xF0, 0x00, 0x00,
    0x00, 0x00, 0x00, 0x2F, 0x80, 0x00, 0x00, 0x00, 0x00, 0x00, 0xBF, 0x80, 0x00, 0x00, 0x00, 0x00,
    0x03, 0xFF, 0xFF, 0x80, 0x0B, 0x00, 0x00, 0x3F, 0xFF, 0xFF, 0xFF, 0xFF, 0x00, 0x00, 0x3F, 0xFF,
    0xFF, 0xFF, 0xFF, 0x40, 0x00, 0x3E, 0x00, 0x0B, 0xFF, 0xFE, 0x00, 0x00, 0x00, 0x00, 0x00, 0x01,
    0x00, 0x00, 0x00, 0x00, 0x00, 0x00, 0x00, 0x00, 0x34, 0x00, 0x00, 0x00, 0x2C, 0xFD, 0x0B, 0xFF,
    0xE0, 0xBE, 0x3F, 0xBF, 0xFF, 0xFE, 0xF8, 0x0F, 0xFF, 0xFF, 0xFF, 0xE0, 0x0B, 0xFE, 0x00, 0xBF,
    0xD0, 0x0F, 0xF0, 0x00, 0x0F, 0xF0, 0x2F, 0xC0, 0x00, 0x0B, 0xF4, 0x3F, 0x80, 0x00, 0x03, 0xF8,
    0x3F, 0x00, 0x00, 0x02, 0xFC, 0x3F, 0x00, 0x00, 0x01, 0xFC, 0x3F, 0x00, 0x00, 0x02, 0xFC, 0x3F,
    0x80, 0x00, 0x02, 0xF8, 0x2F, 0xC0, 0x00, 0x03, 0xF8, 0x0F, 0xE0, 0x00, 0x0F, 0xF0, 0x0F, 0xFC,
    0x00, 0x3F, 0xE0, 0x0B, 0xFF, 0xEB, 0xFF, 0xD0, 0x2F, 0xFF, 0xFF, 0xFF, 0xF0, 0xBF, 0x2F, 0xFF,
    0xF8, 0xFC, 0xBC, 0x01, 0xAA, 0x00, 0x3C, 0x00, 0x00, 0x00, 0x00, 0x00, 0x02, 0xA8, 0x00, 0x00,
    0x00, 0x1A, 0xA0, 0x03, 0xFC, 0x00, 0x00, 0x00, 0x3F, 0xE0, 0x03, 0xFD, 0x00, 0x00, 0x00, 0xFF,
    0xC0, 0x02, 0xFE, 0x00, 0x00, 0x03, 0xFF, 0x00, 0x00, 0xFF, 0x00, 0x00, 0x0B, 0xFC, 0x00, 0x00,
    0xFF, 0x00, 0x00, 0x1F, 0xF8, 0x00, 0x00, 0xBF, 0x80, 0x00, 0x3F, 0xE0, 0x00, 0x00, 0x3F, 0xC0,
    0x00, 0xFF, 0xC0, 0x00, 0x00, 0x3F, 0xC0, 0x02, 0xFF, 0x00, 0x00, 0x00, 0x2F, 0xE0, 0x0B, 0xFC,
    0x00, 0x00, 0x00, 0x0F, 0xF0, 0x0F, 0xF8, 0x00, 0x00, 0x00, 0x0F, 0xF0, 0x3F, 0xE0, 0x00, 0x00,
    0x00, 0x0B, 0xF8, 0xFF, 0xC0, 0x00, 0x00, 0x00, 0x03, 0xFE, 0xFF, 0x00, 0x00, 0x00, 0x00, 0x03,
    0xFF, 0xFC, 0x00, 0x00, 0x00, 0x00, 0x02, 0xFF, 0xF8, 0x00, 0x00, 0x00, 0x02, 0xAA, 0xFF, 0xFA,
    0xA0, 0x00, 0x00, 0x0B, 0xFF, 0xFF, 0xFF, 0xF8, 0x00, 0x00, 0x0B, 0xFF, 0xFF, 0xFF, 0xF0, 0x00,
    0x00, 0x00, 0x00, 0xFF, 0x00, 0x00, 0x00, 0x00, 0x00, 0x00, 0xFF, 0x00, 0x00, 0x00, 0x00, 0x00,
    0x02, 0xFE, 0x00, 0x00, 0x00, 0x00, 0x2F, 0xFF, 0xFF, 0xFF, 0xD0, 0x00, 0x00, 0x3F, 0xFF, 0xFF,
    0xFF, 0xC0, 0x00, 0x00, 0x15, 0x5B, 0xFE, 0x55, 0x40, 0x00, 0x00, 0x00, 0x03, 0xFC, 0x00, 0x00,
    0x00, 0x00, 0x00, 0x0B, 0xF8, 0x00, 0x00, 0x00, 0x00, 0x00, 0x0B, 0xF8, 0x00, 0x00, 0x00, 0x00,
    0x2A, 0x00, 0x3F, 0x00, 0x3F, 0x00, 0x3F, 0x00, 0x3F, 0x00, 0x3F, 0x00, 0x3F, 0x00, 0x3F, 0x00,
    0x3F, 0x00, 0x3F, 0x00, 0x3F, 0x00, 0x3F, 0x00, 0x3F, 0x00, 0x00, 0x00, 0x00, 0x00, 0x00, 0x00,
    0x00, 0x00, 0x00, 0x00, 0x00, 0x00, 0x00, 0x00, 0x00, 0x00, 0x00, 0x00, 0x3F, 0x00, 0x3F, 0x00,
    0x3F, 0x00, 0x3F, 0x00, 0x3F, 0x00, 0x3F, 0x00, 0x3F, 0x00, 0x3F, 0x00, 0x3F, 0x00, 0x3F, 0x00,
    0x3F, 0x00, 0x3F, 0x00, 0x2A, 0x00, 0x00, 0x00, 0x00, 0x00, 0x00, 0x00, 0x00, 0x00, 0x00, 0x00,
    0x2F, 0xFF, 0x80, 0x00, 0x00, 0x00, 0x00, 0xFF, 0xFF, 0xF8, 0x00, 0x00, 0x00, 0x03, 0xFF, 0xFF,
    0xFE, 0x00, 0x00, 0x00, 0x0F, 0xF8, 0x02, 0xFF, 0x00, 0x00, 0x00, 0x2F, 0xD0, 0x00, 0xA8, 0x00,
    0x00, 0x00, 0x2F, 0xC0, 0x00, 0x00, 0x00, 0x00, 0x00, 0x3F, 0xC0, 0x00, 0x00, 0x00, 0x00, 0x00,
    0x2F, 0xF0, 0x00, 0x00, 0x00, 0x00, 0x00, 0x0F, 0xFC, 0x00, 0x00, 0x00, 0x00, 0x00, 0x0F, 0xFF,
    0x00, 0x00, 0x00, 0x00, 0x00, 0x6F, 0xFF, 0xD0, 0x00, 0x00, 0x00, 0x03, 0xFF, 0xFF, 0xF8, 0x00,
    0x00, 0x00, 0x2F, 0xF8, 0x2F, 0xFF, 0x00, 0x00, 0x00, 0x3F, 0xC0, 0x07, 0xFF, 0xC0, 0x00, 0x00,
    0xFF, 0x00, 0x00, 0xFF, 0xE0, 0x00, 0x00, 0xFE, 0x00, 0x00, 0x3F, 0xF0, 0x00, 0x01, 0xFC, 0x00,
    0x00, 0x0F, 0xF0, 0x00, 0x02, 0xFE, 0x00, 0x00, 0x0F, 0xF0, 0x00, 0x00, 0xFF, 0x00, 0x00, 0x0F,
    0xF0, 0x00, 0x00, 0xFF, 0xC0, 0x00, 0x1F, 0xE0, 0x00, 0x00, 0xBF, 0xF8, 0x00, 0x3F, 0xC0, 0x00,
    0x00, 0x2F, 0xFE, 0x02, 0xFF, 0x00, 0x00, 0x00, 0x0B, 0xFF, 0xFF, 0xFC, 0x00, 0x00, 0x00, 0x00,
    0xFF, 0xFF, 0xD0, 0x00, 0x00, 0x00, 0x00, 0x3F, 0xFE, 0x00, 0x00, 0x00, 0x00, 0x00, 0x0B, 0xFE,
    0x00, 0x00, 0x00, 0x00, 0x00, 0x02, 0xFF, 0x00, 0x00, 0x00, 0x00, 0x00, 0x00, 0xFF, 0x00, 0x00,
    0x00, 0x00, 0x00, 0x00, 0xFF, 0x00, 0x00, 0x00, 0x0B, 0x00, 0x00, 0xFF, 0x00, 0x00, 0x00, 0xBF,
    0x80, 0x02, 0xFD, 0x00, 0x00, 0x00, 0x3F, 0xE0, 0x1F, 0xFC, 0x00, 0x00, 0x00, 0x2F, 0xFF, 0xFF,
    0xF0, 0x00, 0x00, 0x00, 0x0B, 0xFF, 0xFF, 0xC0, 0x00, 0x00, 0x00, 0x00, 0xBF, 0xF8, 0x00, 0x00,
    0x00, 0x00, 0x00, 0x00, 0x00, 0x00, 0x00, 0x00, 0x00, 0x2E, 0x00, 0x0B, 0x40, 0xBF, 0x80, 0x3F,
    0xC0, 0xFF, 0xC0, 0x3F, 0xE0, 0xBF, 0x80, 0x3F, 0xC0, 0x2A, 0x00, 0x0A, 0x00, 0x00, 0x00, 0x00,
    0x00, 0x00, 0x00, 0x00, 0x00, 0x00, 0x00, 0x02, 0xFF, 0xF9, 0x00, 0x00, 0x00, 0x00, 0x00, 0xBF,
    0xFF, 0xFF, 0xE0, 0x00, 0x00, 0x00, 0x03, 0xFF, 0xEA, 0xBF, 0xFC, 0x00, 0x00, 0x00, 0x2F, 0xF8,
    0x00, 0x02, 0xFF, 0x80, 0x00, 0x00, 0xBF, 0x80, 0x00, 0x00, 0x2F, 0xE0, 0x00, 0x00, 0xFE, 0x00,
    0x00, 0x00, 0x0B, 0xF4, 0x00, 0x03, 0xF8, 0x00, 0xBF, 0xE0, 0x01, 0xFC, 0x00, 0x0B, 0xE0, 0x0B,
    0xFF, 0xFE, 0x00, 0xBE, 0x00, 0x0F, 0xC0, 0x2F, 0xFA, 0xFF, 0x80, 0x3F, 0x00, 0x1F, 0x80, 0x3F,
    0x80, 0x2F, 0xC0, 0x1F, 0x80, 0x2F, 0x00, 0xBF, 0x00, 0x08, 0x00, 0x0F, 0xC0, 0x3F, 0x00, 0xFE,
    0x00, 0x00, 0x00, 0x0B, 0xC0, 0x3E, 0x00, 0xFD, 0x00, 0x00, 0x00, 0x0B, 0xC0, 0x3E, 0x00, 0xFC,
    0x00, 0x00, 0x00, 0x0B, 0xC0, 0x3E, 0x00, 0xFC, 0x00, 0x00, 0x00, 0x0B, 0xC0, 0x3E, 0x00, 0xFD,
    0x00, 0x00, 0x00, 0x0B, 0xC0, 0x3F, 0x00, 0xFE, 0x00, 0x00, 0x00, 0x0B, 0xC0, 0x3F, 0x00, 0xBF,
    0x00, 0x08, 0x00, 0x0F, 0xC0, 0x2F, 0x40, 0x3F, 0xC0, 0x2F, 0xC0, 0x0F, 0x80, 0x0F, 0xC0, 0x1F,
    0xFF, 0xFF, 0x80, 0x3F, 0x00, 0x0B, 0xE0, 0x03, 0xFF, 0xFE, 0x00, 0x7F, 0x00, 0x03, 0xF0, 0x00,
    0x6A, 0xA0, 0x00, 0xFC, 0x00, 0x02, 0xFC, 0x00, 0x00, 0x00, 0x03, 0xF8, 0x00, 0x00, 0xBF, 0x40,
    0x00, 0x00, 0x0F, 0xF0, 0x00, 0x00, 0x2F, 0xF0, 0x00, 0x00, 0xBF, 0xC0, 0x00, 0x00, 0x0B, 0xFF,
    0xA0, 0xAF, 0xFE, 0x00, 0x00, 0x00, 0x00, 0xFF, 0xFF, 0xFF, 0xF0, 0x00, 0x00, 0x00, 0x00, 0x0B,
    0xFF, 0xFE, 0x40, 0x00, 0x00, 0x00, 0x00, 0x00, 0x05, 0x00, 0x00, 0x00, 0x00, 0x00, 0x0A, 0x80,
    0x00, 0x00, 0xFF, 0xFC, 0x00, 0x03, 0xFE, 0xFF, 0x00, 0x02, 0xC0, 0x3F, 0x00, 0x00, 0x00, 0x3F,
    0x00, 0x00, 0x0A, 0xFF, 0x00, 0x02, 0xFF, 0xFE, 0x00, 0x1F, 0xFA, 0xBE, 0x00, 0x3F, 0x80, 0xFC,
    0x00, 0x3F, 0x02, 0xFC, 0x00, 0x3F, 0xEF, 0xFC, 0x00, 0x2F, 0xFF, 0xFC, 0x00, 0x02, 0xA0, 0x28,
    0x00, 0x00, 0x00, 0x00, 0x00, 0x00, 0x00, 0x00, 0x02, 0xFF, 0x00, 0xFF, 0x40, 0x00, 0x0B, 0xFC,
    0x03, 0xFE, 0x00, 0x00, 0x1F, 0xF0, 0x0F, 0xFC, 0x00, 0x00, 0x3F, 0xE0, 0x2F, 0xF0, 0x00, 0x00,
    0xFF, 0x80, 0xBF, 0xC0, 0x00, 0x03, 0xFF, 0x00, 0xFF, 0x00, 0x00, 0x0B, 0xFC, 0x03, 0xFE, 0x00,
    0x00, 0x2F, 0xF0, 0x0F, 0xF8, 0x00, 0x00, 0x3F, 0xC0, 0x2F, 0xF0, 0x00, 0x00, 0x3F, 0xC0, 0x0F,
    0xE0, 0x00, 0x00, 0x1F, 0xE0, 0x0F, 0xF0, 0x00, 0x00, 0x0F, 0xF0, 0x03, 0xF8, 0x00, 0x00, 0x07,
    0xF8, 0x03, 0xFC, 0x00, 0x00, 0x03, 0xFC, 0x01, 0xFE, 0x00, 0x00, 0x01, 0xFE, 0x00, 0xFF, 0x00,
    0x00, 0x00, 0xFF, 0x00, 0x7F, 0x80, 0x00, 0x00, 0x7F, 0x80, 0x3F, 0xC0, 0x00, 0x00, 0x00, 0x00,
    0x00, 0x00, 0x00, 0x2A, 0xAA, 0xAA, 0xAA, 0xAA, 0x80, 0x3F, 0xFF, 0xFF, 0xFF, 0xFF, 0xE0, 0x3F,
    0xFF, 0xFF, 0xFF, 0xFF, 0xE0, 0x3F, 0xFF, 0xFF, 0xFF, 0xFF, 0xE0, 0x00, 0x00, 0x00, 0x00, 0x0F,
    0xE0, 0x00, 0x00, 0x00, 0x00, 0x0F, 0xE0, 0x00, 0x00, 0x00, 0x00, 0x0F, 0xE0, 0x00, 0x00, 0x00,
    0x00, 0x0F, 0xE0, 0x00, 0x00, 0x00, 0x00, 0x0F, 0xE0, 0x00, 0x00, 0x00, 0x00, 0x0F, 0xE0, 0x00,
    0x00, 0x00, 0x00, 0x0F, 0xE0, 0x00, 0x00, 0x00, 0x00, 0x0F, 0xE0, 0x00, 0x00, 0x00, 0x00, 0x0F,
    0xE0, 0x00, 0x00, 0x00, 0x00, 0x00, 0x00, 0x00, 0x00, 0x00, 0x00, 0x00, 0x00, 0x00, 0x00, 0x00,
    0x00, 0x02, 0xFF, 0xF9, 0x00, 0x00, 0x00, 0x00, 0x00, 0xBF, 0xFF, 0xFF, 0xE0, 0x00, 0x00, 0x00,
    0x03, 0xFF, 0xEA, 0xBF, 0xFC, 0x00, 0x00, 0x00, 0x2F, 0xF8, 0x00, 0x02, 0xFF, 0x80, 0x00, 0x00,
    0xBF, 0x80, 0x00, 0x00, 0x2F, 0xE0, 0x00, 0x00, 0xFE, 0x00, 0x00, 0x00, 0x0B, 0xF4, 0x00, 0x03,
    0xF8, 0x2F, 0xFF, 0xE8, 0x01, 0xFC, 0x00, 0x0B, 0xE0, 0x2F, 0xFF, 0xFF, 0x00, 0xBE, 0x00, 0x0F,
    0xC0, 0x2F, 0xEB, 0xFF, 0xC0, 0x3F, 0x00, 0x1F, 0x80, 0x2F, 0x80, 0x2F, 0xC0, 0x2F, 0x80, 0x2F,
    0x00, 0x2F, 0x80, 0x0F, 0xC0, 0x0F, 0xC0, 0x3F, 0x00, 0x2F, 0x80, 0x0F, 0xC0, 0x0F, 0xC0, 0x3E,
    0x00, 0x2F, 0x80, 0x3F, 0xC0, 0x0B, 0xC0, 0x3E, 0x00, 0x2F, 0xFF, 0xFF, 0x80, 0x0B, 0xC0, 0x3E,
    0x00, 0x2F, 0xFF, 0xFD, 0x00, 0x0B, 0xC0, 0x3E, 0x00, 0x2F, 0xEF, 0xF0, 0x00, 0x0B, 0xC0, 0x3F,
    0x00, 0x2F, 0x83, 0xFC, 0x00, 0x0B, 0xC0, 0x3F, 0x00, 0x2F, 0x80, 0xFE, 0x00, 0x0F, 0xC0, 0x2F,
    0x40, 0x2F, 0x80, 0xBF, 0x00, 0x0F, 0x80, 0x0F, 0xC0, 0x2F, 0x80, 0x3F, 0xC0, 0x3F, 0x00, 0x0B,
    0xE0, 0x2F, 0x80, 0x0F, 0xE0, 0x7F, 0x00, 0x03, 0xF0, 0x00, 0x00, 0x00, 0x00, 0xFC, 0x00, 0x02,
    0xFC, 0x00, 0x00, 0x00, 0x03, 0xF8, 0x00, 0x00, 0xBF, 0x40, 0x00, 0x00, 0x0F, 0xF0, 0x00, 0x00,
    0x2F, 0xF0, 0x00, 0x00, 0xBF, 0xC0, 0x00, 0x00, 0x0B, 0xFF, 0x90, 0x6F, 0xFE, 0x00, 0x00, 0x00,
    0x00, 0xFF, 0xFF, 0xFF, 0xF0, 0x00, 0x00, 0x00, 0x00, 0x0B, 0xFF, 0xFE, 0x40, 0x00, 0x00, 0x00,
    0x00, 0x00, 0x05, 0x00, 0x00, 0x00, 0x00, 0x2A, 0xAA, 0xAA, 0x80, 0x3F, 0xFF, 0xFF, 0x80, 0x3F,
    0xFF, 0xFF, 0x80, 0x00, 0x00, 0x00, 0x00, 0x00, 0x00, 0x00, 0x02, 0xFF, 0x80, 0x0F, 0xFF, 0xF0,
    0x2F, 0xFB, 0xFC, 0x3F, 0x00, 0xFD, 0x7E, 0x00, 0x3E, 0xBC, 0x00, 0x3F, 0x7E, 0x00, 0x3E, 0x3F,
    0x00, 0xFE, 0x2F, 0xEB, 0xFC, 0x0F, 0xFF, 0xF0, 0x02, 0xFF, 0x80, 0x00, 0x00, 0x00, 0x00, 0x00,
    0x2A, 0x00, 0x00, 0x00, 0x00, 0x00, 0x3F, 0x00, 0x00, 0x00, 0x00, 0x00, 0x3F, 0x00, 0x00, 0x00,
    0x00, 0x00, 0x3F, 0x00, 0x00, 0x00, 0x00, 0x00, 0x3F, 0x00, 0x00, 0x00, 0x00, 0x00, 0x3F, 0x00,
    0x00, 0x00, 0x2A, 0xAA, 0xBF, 0xAA, 0xAA, 0x00, 0xBF, 0xFF, 0xFF, 0xFF, 0xFF, 0x00, 0xBF, 0xFF,
    0xFF, 0xFF, 0xFF, 0x00, 0x7F, 0xFF, 0xFF, 0xFF, 0xFF, 0x00, 0x00, 0x00, 0x3F, 0x00, 0x00, 0x00,
    0x00, 0x00, 0x3F, 0x00, 0x00, 0x00, 0x00, 0x00, 0x3F, 0x00, 0x00, 0x00, 0x00, 0x00, 0x3F, 0x00,
    0x00, 0x00, 0x00, 0x00, 0x3F, 0x00, 0x00, 0x00, 0x00, 0x00, 0x3F, 0x00, 0x00, 0x00, 0x00, 0x00,
    0x00, 0x00, 0x00, 0x00, 0x2A, 0xAA, 0xAA, 0xAA, 0xAA, 0x00, 0xBF, 0xFF, 0xFF, 0xFF, 0xFF, 0x00,
    0xBF, 0xFF, 0xFF, 0xFF, 0xFF, 0x00, 0xBF, 0xFF, 0xFF, 0xFF, 0xFF, 0x00, 0x00, 0x00, 0x80, 0x00,
    0x00, 0x2F, 0xFF, 0x00, 0x00, 0xFF, 0xFF, 0xC0, 0x03, 0xF8, 0x0F, 0xE0, 0x02, 0xF0, 0x07, 0xE0,
    0x00, 0x00, 0x07, 0xE0, 0x00, 0x00, 0x0F, 0xD0, 0x00, 0x00, 0x0F, 0xC0, 0x00, 0x00, 0x3F, 0x00,
    0x00, 0x00, 0xFE, 0x00, 0x00, 0x0B, 0xF8, 0x00, 0x00, 0x3F, 0xC0, 0x00, 0x02, 0xFE, 0x00, 0x00,
    0x1F, 0xF4, 0x00, 0x00, 0x3F, 0xFF, 0xFF, 0x00, 0xBF, 0xFF, 0xFF, 0x00, 0x2A, 0xAA, 0xA9, 0x00,
    0x00, 0x02, 0x00, 0x00, 0x00, 0xBF, 0xFD, 0x00, 0x03, 0xFF, 0xFF, 0x00, 0x0F, 0xE0, 0x2F, 0x80,
    0x06, 0x80, 0x0F, 0xC0, 0x00, 0x00, 0x0F, 0x80, 0x00, 0x00, 0x7F, 0x00, 0x00, 0x2F, 0xFE, 0x00,
    0x00, 0x3F, 0xFC, 0x00, 0x00, 0x2B, 0xFE, 0x00, 0x00, 0x00, 0x7F, 0x00, 0x00, 0x00, 0x3F, 0x00,
    0x29, 0x00, 0x3F, 0x00, 0x3F, 0x00, 0xBF, 0x00, 0x2F, 0xEB, 0xFC, 0x00, 0x0B, 0xFF, 0xF0, 0x00,
    0x00, 0xAA, 0x00, 0x00, 0x00, 0x00, 0x00, 0x00, 0x3F, 0x00, 0x00, 0xFF, 0x00, 0x03, 0xFF, 0x00,
    0x0F, 0xF8, 0x00, 0x2F, 0xC0, 0x00, 0x2A, 0x00, 0x00, 0x00, 0x02, 0xA0, 0x00, 0x00, 0xA8, 0x00,
    0x0F, 0xF0, 0x00, 0x03, 0xFC, 0x00, 0x0F, 0xF0, 0x00, 0x03, 0xF8, 0x00, 0x0F, 0xE0, 0x00, 0x03,
    0xF8, 0x00, 0x1F, 0xC0, 0x00, 0x07, 0xF0, 0x00, 0x2F, 0xC0, 0x00, 0x0B, 0xF0, 0x00, 0x3F, 0xC0,
    0x00, 0x0F, 0xF0, 0x00, 0x3F, 0x80, 0x00, 0x0F, 0xE0, 0x00, 0x3F, 0x80, 0x00, 0x0F, 0xE0, 0x00,
    0xBF, 0x00, 0x00, 0x2F, 0xC0, 0x00, 0xBF, 0x00, 0x00, 0x2F, 0xC0, 0x00, 0xFF, 0x00, 0x00, 0x3F,
    0xC0, 0x00, 0xFE, 0x00, 0x00, 0x3F, 0x80, 0x00, 0xFE, 0x00, 0x00, 0xBF, 0x40, 0x02, 0xFC, 0x00,
    0x00, 0xFF, 0x00, 0x02, 0xFC, 0x00, 0x02, 0xFF, 0x00, 0x03, 0xFE, 0x00, 0x0B, 0xFE, 0x00, 0x03,
    0xFF, 0x00, 0x2F, 0xFF, 0x50, 0x03, 0xFF, 0xFF, 0xFE, 0xFF, 0xF0, 0x0B, 0xFF, 0xFF, 0xF8, 0xBF,
    0xF0, 0x0F, 0xEF, 0xFF, 0x80, 0x2F, 0xE0, 0x0F, 0xE0, 0x00, 0x00, 0x00, 0x00, 0x0F, 0xD0, 0x00,
    0x00, 0x00, 0x00, 0x1F, 0xC0, 0x00, 0x00, 0x00, 0x00, 0x2F, 0xC0, 0x00, 0x00, 0x00, 0x00, 0x3F,
    0xC0, 0x00, 0x00, 0x00, 0x00, 0x3F, 0x80, 0x00, 0x00, 0x00, 0x00, 0x2A, 0x00, 0x00, 0x00, 0x00,
    0x00, 0x00, 0x00, 0x2A, 0xAA, 0xAA, 0x80, 0x00, 0x0B, 0xFF, 0xFF, 0xFF, 0xC0, 0x00, 0x3F, 0xFF,
    0xFF, 0xFF, 0xC0, 0x00, 0xFF, 0xFF, 0x03, 0xFD, 0x00, 0x03, 0xFF, 0xFE, 0x03, 0xFC, 0x00, 0x0F,
    0xFF, 0xFD, 0x03, 0xF8, 0x00, 0x0F, 0xFF, 0xFC, 0x03, 0xF4, 0x00, 0x2F, 0xFF, 0xFC, 0x07, 0xF0,
    0x00, 0x3F, 0xFF, 0xFC, 0x0B, 0xF0, 0x00, 0x3F, 0xFF, 0xF8, 0x0F, 0xF0, 0x00, 0x3F, 0xFF, 0xF0,
    0x0F, 0xE0, 0x00, 0x3F, 0xFF, 0xF0, 0x0F, 0xC0, 0x00, 0x2F, 0xFF, 0xF0, 0x2F, 0xC0, 0x00, 0x0F,
    0xFF, 0xE0, 0x2F, 0xC0, 0x00, 0x03, 0xFF, 0xE0, 0x3F, 0x80, 0x00, 0x00, 0xBF, 0xC0, 0x3F, 0x80,
    0x00, 0x00, 0x2F, 0xC0, 0x3F, 0x00, 0x00, 0x00, 0x3F, 0xC0, 0xBF, 0x00, 0x00, 0x00, 0x3F, 0x80,
    0xBF, 0x00, 0x00, 0x00, 0x3F, 0x40, 0xFE, 0x00, 0x00, 0x00, 0x7F, 0x00, 0xFE, 0x00, 0x00, 0x00,
    0xBF, 0x01, 0xFC, 0x00, 0x00, 0x00, 0xFF, 0x02, 0xFC, 0x00, 0x00, 0x00, 0xFE, 0x03, 0xFC, 0x00,
    0x00, 0x00, 0xFD, 0x03, 0xF8, 0x00, 0x00, 0x02, 0xFC, 0x03, 0xF4, 0x00, 0x00, 0x02, 0xFC, 0x0B,
    0xF0, 0x00, 0x00, 0x03, 0xF8, 0x0B, 0xF0, 0x00, 0x00, 0x03, 0xF8, 0x0F, 0xF0, 0x00, 0x00, 0x03,
    0xF0, 0x0F, 0xE0, 0x00, 0x00, 0x0B, 0xF0, 0x0F, 0xC0, 0x00, 0x00, 0x0B, 0xF0, 0x2F, 0xC0, 0x00,
    0x00, 0x0F, 0xE0, 0x2F, 0xC0, 0x00, 0x00, 0x0F, 0xE0, 0x3F, 0x80, 0x00, 0x00, 0x0A, 0x80, 0x2A,
    0x00, 0x00, 0x00, 0x00, 0x00, 0x2F, 0x80, 0xBF, 0xC0, 0xFF, 0xE0, 0xFF, 0xD0, 0x3F, 0xC0, 0x04,
    0x00, 0x00, 0x00, 0x00, 0x00, 0x2C, 0x00, 0x00, 0xB8, 0x00, 0x01, 0xF8, 0x00, 0x03, 0xFF, 0xC0,
    0x02, 0x4F, 0xC0, 0x00, 0x0B, 0xC0, 0x2E, 0xBF, 0x80, 0x3F, 0xFE, 0x00, 0x00, 0x00, 0x00, 0x00,
    0x00, 0x00, 0x3F, 0x02, 0xFE, 0x3F, 0xFD, 0x3F, 0xFC, 0x00, 0xFC, 0x00, 0xF8, 0x02, 0xF8, 0x02,
    0xF0, 0x03, 0xF0, 0x03, 0xF0, 0x07, 0xE0, 0x0B, 0xE0, 0x0F, 0xC0, 0x0F, 0xC0, 0x0F, 0xC0, 0x0A,
    0x00, 0x00, 0x2A, 0x00, 0x00, 0x02, 0xFF, 0xF0, 0x00, 0x0F, 0xFF, 0xFC, 0x00, 0x2F, 0xC0, 0xFE,
    0x00, 0x3F, 0x00, 0x3F, 0x00, 0x3E, 0x00, 0x3F, 0x00, 0xBE, 0x00, 0x3F, 0x00, 0xBE, 0x00, 0x3F,
    0x00, 0x3E, 0x00, 0xBE, 0x00, 0x3F, 0x42, 0xFC, 0x00, 0x2F, 0xFF, 0xF4, 0x00, 0x0B, 0xFF, 0xC0,
    0x00, 0x00, 0x68, 0x00, 0x00, 0x00, 0x00, 0x00, 0x00, 0x00, 0x00, 0x00, 0xFF, 0x00, 0xBF, 0x40,
    0x00, 0x00, 0xBF, 0x40, 0x3F, 0xC0, 0x00, 0x00, 0x3F, 0xC0, 0x2F, 0xD0, 0x00, 0x00, 0x2F, 0xC0,
    0x0F, 0xF0, 0x00, 0x00, 0x0F, 0xF0, 0x0B, 0xF4, 0x00, 0x00, 0x0B, 0xF0, 0x03, 0xFC, 0x00, 0x00,
    0x03, 0xFC, 0x02, 0xFC, 0x00, 0x00, 0x02, 0xFC, 0x00, 0xFF, 0x00, 0x00, 0x02, 0xFE, 0x00, 0xFF,
    0x00, 0x00, 0x0B, 0xFC, 0x03, 0xFE, 0x00, 0x00, 0x0F, 0xF0, 0x0F, 0xFC, 0x00, 0x00, 0x3F, 0xE0,
    0x2F, 0xF0, 0x00, 0x00, 0xFF, 0x80, 0xBF, 0xC0, 0x00, 0x03, 0xFF, 0x00, 0xFF, 0x40, 0x00, 0x0B,
    0xFC, 0x03, 0xFE, 0x00, 0x00, 0x1F, 0xF0, 0x0F, 0xF8, 0x00, 0x00, 0x3F, 0xD0, 0x2F, 0xF0, 0x00,
    0x00, 0x00, 0x00, 0x00, 0x00, 0x00, 0x00, 0x00, 0x29, 0x00, 0x00, 0x02, 0xA8, 0x00, 0x00, 0xBE,
    0x00, 0x00, 0x0B, 0xF0, 0x00, 0x2B, 0xFC, 0x00, 0x00, 0x0F, 0xE0, 0x00, 0x3F, 0xFC, 0x00, 0x00,
    0x3F, 0xC0, 0x00, 0x2A, 0xFC, 0x00, 0x00, 0xBF, 0x00, 0x00, 0x00, 0xF8, 0x00, 0x01, 0xFE, 0x00,
    0x00, 0x02, 0xF8, 0x00, 0x03, 0xFC, 0x00, 0x00, 0x03, 0xF0, 0x00, 0x0F, 0xF0, 0x00, 0x00, 0x03,
    0xF0, 0x00, 0x2F, 0xE0, 0x00, 0x00, 0x03, 0xF0, 0x00, 0x3F, 0x80, 0x00, 0x00, 0x07, 0xE0, 0x00,
    0xFF, 0x00, 0x00, 0x00, 0x0B, 0xD0, 0x02, 0xFC, 0x00, 0x00, 0x00, 0x0F, 0xC0, 0x03, 0xF8, 0x00,
    0x0A, 0xA0, 0x0F, 0xC0, 0x0F, 0xF0, 0x00, 0x2F, 0xE0, 0x0F, 0xC0, 0x2F, 0xC0, 0x00, 0xBF, 0xC0,
    0x2F, 0x80, 0x7F, 0x80, 0x02, 0xFF, 0xC0, 0x00, 0x00, 0xFF, 0x00, 0x0B, 0xFF, 0xC0, 0x00, 0x03,
    0xFC, 0x00, 0x2F, 0xEF, 0x80, 0x00, 0x0B, 0xF4, 0x00, 0xBF, 0x2F, 0x80, 0x00, 0x0F, 0xE0, 0x02,
    0xFC, 0x3F, 0x00, 0x00, 0x3F, 0xC0, 0x0B, 0xF0, 0x3F, 0x00, 0x00, 0xBF, 0x00, 0x2F, 0xC0, 0x3F,
    0x00, 0x00, 0xFE, 0x00, 0x3F, 0xFF, 0xFF, 0xF0, 0x03, 0xFC, 0x00, 0xBF, 0xFF, 0xFF, 0xF0, 0x0B,
    0xF0, 0x00, 0x15, 0x55, 0xFE, 0x50, 0x1F, 0xE0, 0x00, 0x00, 0x00, 0xFC, 0x00, 0x3F, 0xC0, 0x00,
    0x00, 0x00, 0xFC, 0x00, 0xFF, 0x00, 0x00, 0x00, 0x02, 0xF8, 0x00, 0x00, 0x0A, 0x40, 0x00, 0x00,
    0xA8, 0x00, 0x00, 0x2F, 0x80, 0x00, 0x03, 0xFC, 0x00, 0x0A, 0xFF, 0x00, 0x00, 0x0B, 0xF0, 0x00,
    0x0F, 0xFF, 0x00, 0x00, 0x0F, 0xE0, 0x00, 0x0A, 0xBF, 0x00, 0x00, 0x3F, 0xC0, 0x00, 0x00, 0x7E,
    0x00, 0x00, 0xBF, 0x00, 0x00, 0x00, 0xBE, 0x00, 0x01, 0xFE, 0x00, 0x00, 0x00, 0xFC, 0x00, 0x03,
    0xFC, 0x00, 0x00, 0x00, 0xFC, 0x00, 0x0F, 0xF0, 0x00, 0x00, 0x00, 0xFC, 0x00, 0x2F, 0xE0, 0x00,
    0x00, 0x02, 0xF8, 0x00, 0x3F, 0x80, 0x00, 0x00, 0x02, 0xF4, 0x00, 0xFF, 0x00, 0x00, 0x00, 0x03,
    0xF0, 0x02, 0xFC, 0x02, 0xBE, 0x80, 0x03, 0xF0, 0x03, 0xF8, 0x0F, 0xFF, 0xF0, 0x03, 0xF0, 0x0F,
    0xF0, 0x3F, 0x97, 0xFC, 0x0B, 0xE0, 0x2F, 0xC0, 0xBE, 0x00, 0xFC, 0x00, 0x00, 0x7F, 0x80, 0x18,
    0x00, 0xFC, 0x00, 0x00, 0xFF, 0x00, 0x00, 0x00, 0xFC, 0x00, 0x03, 0xFC, 0x00, 0x00, 0x02, 0xF8,
    0x00, 0x0B, 0xF8, 0x00, 0x00, 0x03, 0xF0, 0x00, 0x0F, 0xE0, 0x00, 0x00, 0x0F, 0xD0, 0x00, 0x3F,
    0xC0, 0x00, 0x00, 0x7F, 0x80, 0x00, 0xBF, 0x00, 0x00, 0x02, 0xFC, 0x00, 0x00, 0xFE, 0x00, 0x00,
    0x1F, 0xF0, 0x00, 0x03, 0xFC, 0x00, 0x00, 0xFF, 0x40, 0x00, 0x0B, 0xF0, 0x00, 0x0B, 0xFE, 0xAA,
    0x90, 0x1F, 0xE0, 0x00, 0x0F, 0xFF, 0xFF, 0xE0, 0x3F, 0xC0, 0x00, 0x0F, 0xFF, 0xFF, 0xC0, 0x00,
    0x00, 0x00, 0x00, 0x00, 0x00, 0x00, 0x00, 0x00, 0xBF, 0xF8, 0x00, 0x00, 0x00, 0xA9, 0x00, 0x03,
    0xFF, 0xFF, 0x00, 0x00, 0x03, 0xFC, 0x00, 0x0F, 0xE0, 0x3F, 0x80, 0x00, 0x0B, 0xF8, 0x00, 0x0F,
    0x80, 0x2F, 0x80, 0x00, 0x0F, 0xE0, 0x00, 0x00, 0x00, 0x1F, 0x80, 0x00, 0x3F, 0xC0, 0x00, 0x00,
    0x00, 0x3F, 0x00, 0x00, 0xBF, 0x00, 0x00, 0x00, 0x2B, 0xFE, 0x00, 0x00, 0xFE, 0x00, 0x00, 0x00,
    0x3F, 0xF8, 0x00, 0x03, 0xFC, 0x00, 0x00, 0x00, 0x3F, 0xFC, 0x00, 0x0B, 0xF0, 0x00, 0x00, 0x00,
    0x00, 0xFE, 0x00, 0x1F, 0xE0, 0x00, 0x00, 0x00, 0x00, 0x3F, 0x00, 0x3F, 0xC0, 0x00, 0x00, 0x08,
    0x00, 0x3F, 0x00, 0xFF, 0x00, 0x00, 0x00, 0xBE, 0x00, 0xBE, 0x02, 0xFE, 0x00, 0x02, 0xA0, 0x3F,
    0x82, 0xFC, 0x03, 0xF8, 0x00, 0x0F, 0xF0, 0x0F, 0xFF, 0xF0, 0x0F, 0xF0, 0x00, 0x3F, 0xE0, 0x02,
    0xFF, 0x80, 0x2F, 0xC0, 0x00, 0xFF, 0xE0, 0x00, 0x00, 0x00, 0x3F, 0x80, 0x03, 0xFF, 0xC0, 0x00,
    0x00, 0x00, 0xFF, 0x00, 0x0F, 0xCF, 0xC0, 0x00, 0x00, 0x02, 0xFC, 0x00, 0x3F, 0x0F, 0xC0, 0x00,
    0x00, 0x07, 0xF8, 0x01, 0xFC, 0x1F, 0x80, 0x00, 0x00, 0x0F, 0xF0, 0x07, 0xF0, 0x2F, 0x40, 0x00,
    0x00, 0x3F, 0xC0, 0x1F, 0xD0, 0x3F, 0x00, 0x00, 0x00, 0xBF, 0x80, 0x3F, 0xFF, 0xFF, 0xF8, 0x00,
    0x00, 0xFE, 0x00, 0x3F, 0xFF, 0xFF, 0xF8, 0x00, 0x03, 0xFC, 0x00, 0x15, 0x55, 0xBE, 0x50, 0x00,
    0x0B, 0xF0, 0x00, 0x00, 0x00, 0xBD, 0x00, 0x00, 0x0F, 0xE0, 0x00, 0x00, 0x00, 0xFC, 0x00, 0x00,
    0x3F, 0xC0, 0x00, 0x00, 0x00, 0xFC, 0x00, 0x00, 0x00, 0x00, 0x00, 0x00, 0x00, 0x00, 0x00, 0xFF,
    0x00, 0x00, 0x00, 0x00, 0xFF, 0xC0, 0x00, 0x00, 0x02, 0xFF, 0xC0, 0x00, 0x00, 0x00, 0xFF, 0x80,
    0x00, 0x00, 0x00, 0x7E, 0x00, 0x00, 0x00, 0x00, 0x00, 0x00, 0x00, 0x00, 0x00, 0x00, 0x00, 0x00,
    0x00, 0x00, 0x00, 0x00, 0x00, 0x00, 0x03, 0xFC, 0x00, 0x00, 0x00, 0x03, 0xF8, 0x00, 0x00, 0x00,
    0x07, 0xF8, 0x00, 0x00, 0x00, 0x0F, 0xF0, 0x00, 0x00, 0x00, 0x2F, 0xE0, 0x00, 0x00, 0x00, 0xBF,
    0xC0, 0x00, 0x00, 0x0B, 0xFF, 0x00, 0x00, 0x00, 0x3F, 0xFC, 0x00, 0x00, 0x02, 0xFF, 0xE0, 0x00,
    0x00, 0x0F, 0xFF, 0x00, 0x00, 0x00, 0x2F, 0xF8, 0x00, 0x00, 0x00, 0x3F, 0xC0, 0x00, 0x00, 0x00,
    0xBF, 0x80, 0x00, 0x00, 0x00, 0xBF, 0x00, 0x00, 0x0B, 0xE0, 0xBF, 0x40, 0x00, 0x0F, 0xF0, 0xBF,
    0xC0, 0x00, 0x3F, 0xE0, 0x3F, 0xF0, 0x02, 0xFF, 0xC0, 0x2F, 0xFF, 0xFF, 0xFF, 0x00, 0x0B, 0xFF,
    0xFF, 0xF8, 0x00, 0x00, 0xAF, 0xFE, 0x40, 0x00, 0x00, 0x00, 0x00, 0x00, 0x00, 0x00, 0x00, 0x00,
    0x00, 0x20, 0x00, 0x00, 0x00, 0x00, 0x00, 0x00, 0xFC, 0x00, 0x00, 0x00, 0x00, 0x00, 0x00, 0xFF,
    0x00, 0x00, 0x00, 0x00, 0x00, 0x00, 0x3F, 0xC0, 0x00, 0x00, 0x00, 0x00, 0x00, 0x0F, 0xE0, 0x00,
    0x00, 0x00, 0x00, 0x00, 0x02, 0xA0, 0x00, 0x00, 0x00, 0x00, 0x00, 0x00, 0x00, 0x00, 0x00, 0x00,
    0x00, 0x00, 0x00, 0x00, 0x00, 0x00, 0x00, 0x00, 0x00, 0x2A, 0xA0, 0x00, 0x00, 0x00, 0x00, 0x00,
    0xFF, 0xF0, 0x00, 0x00, 0x00, 0x00, 0x01, 0xFF, 0xF0, 0x00, 0x00, 0x00, 0x00, 0x03, 0xFF, 0xF0,
    0x00, 0x00, 0x00, 0x00, 0x0B, 0xFF, 0xF8, 0x00, 0x00, 0x00, 0x00, 0x0F, 0xFB, 0xF8, 0x00, 0x00,
    0x00, 0x00, 0x3F, 0xE3, 0xFC, 0x00, 0x00, 0x00, 0x00, 0x3F, 0xC3, 0xFC, 0x00, 0x00, 0x00, 0x00,
    0xFF, 0x43, 0xFC, 0x00, 0x00, 0x00, 0x02, 0xFF, 0x02, 0xFC, 0x00, 0x00, 0x00, 0x03, 0xFC, 0x02,
    0xFE, 0x00, 0x00, 0x00, 0x0B, 0xF8, 0x02, 0xFE, 0x00, 0x00, 0x00, 0x0F, 0xF0, 0x00, 0xFF, 0x00,
    0x00, 0x00, 0x3F, 0xE0, 0x00, 0xFF, 0x00, 0x00, 0x00, 0xBF, 0xC0, 0x00, 0xFF, 0x00, 0x00, 0x00,
    0xFF, 0x80, 0x00, 0xFF, 0x00, 0x00, 0x02, 0xFF, 0x00, 0x00, 0xFF, 0x40, 0x00, 0x03, 0xFC, 0x00,
    0x00, 0xBF, 0x80, 0x00, 0x0F, 0xFE, 0xAA, 0xAA, 0xFF, 0x80, 0x00, 0x1F, 0xFF, 0xFF, 0xFF, 0xFF,
    0xC0, 0x00, 0x3F, 0xFF, 0xFF, 0xFF, 0xFF, 0xC0, 0x00, 0xBF, 0xFF, 0xFF, 0xFF, 0xFF, 0xC0, 0x00,
    0xFF, 0x80, 0x00, 0x00, 0x3F, 0xD0, 0x02, 0xFF, 0x00, 0x00, 0x00, 0x3F, 0xE0, 0x03, 0xFC, 0x00,
    0x00, 0x00, 0x2F, 0xE0, 0x0F, 0xFC, 0x00, 0x00, 0x00, 0x2F, 0xF0, 0x2F, 0xF0, 0x00, 0x00, 0x00,
    0x0F, 0xF0, 0x3F, 0xE0, 0x00, 0x00, 0x00, 0x0F, 0xF0, 0x00, 0x00, 0x00, 0x00, 0x00, 0x00, 0x00,
    0x00, 0x00, 0x00, 0x00, 0x00, 0x1F, 0x80, 0x00, 0x00, 0x00, 0x00, 0x00, 0x3F, 0xC0, 0x00, 0x00,
    0x00, 0x00, 0x00, 0xFF, 0x40, 0x00, 0x00, 0x00, 0x00, 0x03, 0xFC, 0x00, 0x00, 0x00, 0x00, 0x00,
    0x0F, 0xE0, 0x00, 0x00, 0x00, 0x00, 0x00, 0x0A, 0x00, 0x00, 0x00, 0x00, 0x00, 0x00, 0x00, 0x00,
    0x00, 0x00, 0x00, 0x00, 0x00, 0x00, 0x00, 0x00, 0x00, 0x00, 0x00, 0x00, 0x2A, 0xA0, 0x00, 0x00,
    0x00, 0x00, 0x00, 0xFF, 0xF0, 0x00, 0x00, 0x00, 0x00, 0x01, 0xFF, 0xF0, 0x00, 0x00, 0x00, 0x00,
    0x03, 0xFF, 0xF0, 0x00, 0x00, 0x00, 0x00, 0x0B, 0xFF, 0xF8, 0x00, 0x00, 0x00, 0x00, 0x0F, 0xFB,
    0xF8, 0x00, 0x00, 0x00, 0x00, 0x3F, 0xE3, 0xFC, 0x00, 0x00, 0x00, 0x00, 0x3F, 0xC3, 0xFC, 0x00,
    0x00, 0x00, 0x00, 0xFF, 0x43, 0xFC, 0x00, 0x00, 0x00, 0x02, 0xFF, 0x02, 0xFC, 0x00, 0x00, 0x00,
    0x03, 0xFC, 0x02, 0xFE, 0x00, 0x00, 0x00, 0x0B, 0xF8, 0x02, 0xFE, 0x00, 0x00, 0x00, 0x0F, 0xF0,
    0x00, 0xFF, 0x00, 0x00, 0x00, 0x3F, 0xE0, 0x00, 0xFF, 0x00, 0x00, 0x00, 0xBF, 0xC0, 0x00, 0xFF,
    0x00, 0x00, 0x00, 0xFF, 0x80, 0x00, 0xFF, 0x00, 0x00, 0x02, 0xFF, 0x00, 0x00, 0xFF, 0x40, 0x00,
    0x03, 0xFC, 0x00, 0x00, 0xBF, 0x80, 0x00, 0x0F, 0xFE, 0xAA, 0xAA, 0xFF, 0x80, 0x00, 0x1F, 0xFF,
    0xFF, 0xFF, 0xFF, 0xC0, 0x00, 0x3F, 0xFF, 0xFF, 0xFF, 0xFF, 0xC0, 0x00, 0xBF, 0xFF, 0xFF, 0xFF,
    0xFF, 0xC0, 0x00, 0xFF, 0x80, 0x00, 0x00, 0x3F, 0xD0, 0x02, 0xFF, 0x00, 0x00, 0x00, 0x3F, 0xE0,
    0x03, 0xFC, 0x00, 0x00, 0x00, 0x2F, 0xE0, 0x0F, 0xFC, 0x00, 0x00, 0x00, 0x2F, 0xF0, 0x2F, 0xF0,
    0x00, 0x00, 0x00, 0x0F, 0xF0, 0x3F, 0xE0, 0x00, 0x00, 0x00, 0x0F, 0xF0, 0x00, 0x00, 0x00, 0x00,
    0x02, 0xA0, 0x00, 0x00, 0x00, 0x00, 0x00, 0x2F, 0xFC, 0x00, 0x00, 0x00, 0x00, 0x00, 0xBF, 0xFF,
    0x00, 0x00, 0x00, 0x00, 0x03, 0xFD, 0x3F, 0xC0, 0x00, 0x00, 0x00, 0x1F, 0xF0, 0x2F, 0xE0, 0x00,
    0x00, 0x00, 0x00, 0x00, 0x00, 0x00, 0x00, 0x00, 0x00, 0x00, 0x00, 0x00, 0x00, 0x00, 0x00, 0x00,
    0x00, 0x00, 0x00, 0x00, 0x00, 0x00, 0x00, 0x00, 0x2A, 0xA0, 0x00, 0x00, 0x00, 0x00, 0x00, 0xFF,
    0xF0, 0x00, 0x00, 0x00, 0x00, 0x01, 0xFF, 0xF0, 0x00, 0x00, 0x00, 0x00, 0x03, 0xFF, 0xF0, 0x00,
    0x00, 0x00, 0x00, 0x0B, 0xFF, 0xF8, 0x00, 0x00, 0x00, 0x00, 0x0F, 0xFB, 0xF8, 0x00, 0x00, 0x00,
    0x00, 0x3F, 0xE3, 0xFC, 0x00, 0x00, 0x00, 0x00, 0x3F, 0xC3, 0xFC, 0x00, 0x00, 0x00, 0x00, 0xFF,
    0x43, 0xFC, 0x00, 0x00, 0x00, 0x02, 0xFF, 0x02, 0xFC, 0x00, 0x00, 0x00, 0x03, 0xFC, 0x02, 0xFE,
    0x00, 0x00, 0x00, 0x0B, 0xF8, 0x02, 0xFE, 0x00, 0x00, 0x00, 0x0F, 0xF0, 0x00, 0xFF, 0x00, 0x00,
    0x00, 0x3F, 0xE0, 0x00, 0xFF, 0x00, 0x00, 0x00, 0xBF, 0xC0, 0x00, 0xFF, 0x00, 0x00, 0x00, 0xFF,
    0x80, 0x00, 0xFF, 0x00, 0x00, 0x02, 0xFF, 0x00, 0x00, 0xFF, 0x40, 0x00, 0x03, 0xFC, 0x00, 0x00,
    0xBF, 0x80, 0x00, 0x0F, 0xFE, 0xAA, 0xAA, 0xFF, 0x80, 0x00, 0x1F, 0xFF, 0xFF, 0xFF, 0xFF, 0xC0,
    0x00, 0x3F, 0xFF, 0xFF, 0xFF, 0xFF, 0xC0, 0x00, 0xBF, 0xFF, 0xFF, 0xFF, 0xFF, 0xC0, 0x00, 0xFF,
    0x80, 0x00, 0x00, 0x3F, 0xD0, 0x02, 0xFF, 0x00, 0x00, 0x00, 0x3F, 0xE0, 0x03, 0xFC, 0x00, 0x00,
    0x00, 0x2F, 0xE0, 0x0F, 0xFC, 0x00, 0x00, 0x00, 0x2F, 0xF0, 0x2F, 0xF0, 0x00, 0x00, 0x00, 0x0F,
    0xF0, 0x3F, 0xE0, 0x00, 0x00, 0x00, 0x0F, 0xF0, 0x00, 0x00, 0x00, 0x00, 0x00, 0x00, 0x00, 0x00,
    0x00, 0x00, 0x02, 0xFF, 0x40, 0x3C, 0x00, 0x00, 0x00, 0x0F, 0xFF, 0xFA, 0xFC, 0x00, 0x00, 0x00,
    0x3F, 0xEB, 0xFF, 0xFC, 0x00, 0x00, 0x00, 0x7E, 0x00, 0xBF, 0xE0, 0x00, 0x00, 0x00, 0x00, 0x00,
    0x00, 0x00, 0x00, 0x00, 0x00, 0x00, 0x00, 0x00, 0x00, 0x00, 0x00, 0x00, 0x00, 0x00, 0x00, 0x00,
    0x00, 0x00, 0x00, 0x00, 0x2A, 0xA0, 0x00, 0x00, 0x00, 0x00, 0x00, 0xFF, 0xF0, 0x00, 0x00, 0x00,
    0x00, 0x01, 0xFF, 0xF0, 0x00, 0x00, 0x00, 0x00, 0x03, 0xFF, 0xF0, 0x00, 0x00, 0x00, 0x00, 0x0B,
    0xFF, 0xF8, 0x00, 0x00, 0x00, 0x00, 0x0F, 0xFB, 0xF8, 0x00, 0x00, 0x00, 0x00, 0x3F, 0xE3, 0xFC,
    0x00, 0x00, 0x00, 0x00, 0x3F, 0xC3, 0xFC, 0x00, 0x00, 0x00, 0x00, 0xFF, 0x43, 0xFC, 0x00, 0x00,
    0x00, 0x02, 0xFF, 0x02, 0xFC, 0x00, 0x00, 0x00, 0x03, 0xFC, 0x02, 0xFE, 0x00, 0x00, 0x00, 0x0B,
    0xF8, 0x02, 0xFE, 0x00, 0x00, 0x00, 0x0F, 0xF0, 0x00, 0xFF, 0x00, 0x00, 0x00, 0x3F, 0xE0, 0x00,
    0xFF, 0x00, 0x00, 0x00, 0xBF, 0xC0, 0x00, 0xFF, 0x00, 0x00, 0x00, 0xFF, 0x80, 0x00, 0xFF, 0x00,
    0x00, 0x02, 0xFF, 0x00, 0x00, 0xFF, 0x40, 0x00, 0x03, 0xFC, 0x00, 0x00, 0xBF, 0x80, 0x00, 0x0F,
    0xFE, 0xAA, 0xAA, 0xFF, 0x80, 0x00, 0x1F, 0xFF, 0xFF, 0xFF, 0xFF, 0xC0, 0x00, 0x3F, 0xFF, 0xFF,
    0xFF, 0xFF, 0xC0, 0x00, 0xBF, 0xFF, 0xFF, 0xFF, 0xFF, 0xC0, 0x00, 0xFF, 0x80, 0x00, 0x00, 0x3F,
    0xD0, 0x02, 0xFF, 0x00, 0x00, 0x00, 0x3F, 0xE0, 0x03, 0xFC, 0x00, 0x00, 0x00, 0x2F, 0xE0, 0x0F,
    0xFC, 0x00, 0x00, 0x00, 0x2F, 0xF0, 0x2F, 0xF0, 0x00, 0x00, 0x00, 0x0F, 0xF0, 0x3F, 0xE0, 0x00,
    0x00, 0x00, 0x0F, 0xF0, 0x00, 0x00, 0x00, 0x00, 0x00, 0x00, 0x00, 0x00, 0x00, 0x00, 0x0B, 0xC0,
    0x03, 0xE0, 0x00, 0x00, 0x00, 0x2F, 0xF0, 0x0F, 0xF4, 0x00, 0x00, 0x00, 0x2F, 0xF0, 0x0F, 0xF8,
    0x00, 0x00, 0x00, 0x0F, 0xE0, 0x0B, 0xF0, 0x00, 0x00, 0x00, 0x02, 0x40, 0x02, 0x80, 0x00, 0x00,
    0x00, 0x00, 0x00, 0x00, 0x00, 0x00, 0x00, 0x00, 0x00, 0x00, 0x00, 0x00, 0x00, 0x00, 0x00, 0x00,
    0x2A, 0xA0, 0x00, 0x00, 0x00, 0x00, 0x00, 0xFF, 0xF0, 0x00, 0x00, 0x00, 0x00, 0x01, 0xFF, 0xF0,
    0x00, 0x00, 0x00, 0x00, 0x03, 0xFF, 0xF0, 0x00, 0x00, 0x00, 0x00, 0x0B, 0xFF, 0xF8, 0x00, 0x00,
    0x00, 0x00, 0x0F, 0xFB, 0xF8, 0x00, 0x00, 0x00, 0x00, 0x3F, 0xE3, 0xFC, 0x00, 0x00, 0x00, 0x00,
    0x3F, 0xC3, 0xFC, 0x00, 0x00, 0x00, 0x00, 0xFF, 0x43, 0xFC, 0x00, 0x00, 0x00, 0x02, 0xFF, 0x02,
    0xFC, 0x00, 0x00, 0x00, 0x03, 0xFC, 0x02, 0xFE, 0x00, 0x00, 0x00, 0x0B, 0xF8, 0x02, 0xFE, 0x00,
    0x00, 0x00, 0x0F, 0xF0, 0x00, 0xFF, 0x00, 0x00, 0x00, 0x3F, 0xE0, 0x00, 0xFF, 0x00, 0x00, 0x00,
    0xBF, 0xC0, 0x00, 0xFF, 0x00, 0x00, 0x00, 0xFF, 0x80, 0x00, 0xFF, 0x00, 0x00, 0x02, 0xFF, 0x00,
    0x00, 0xFF, 0x40, 0x00, 0x03, 0xFC, 0x00, 0x00, 0xBF, 0x80, 0x00, 0x0F, 0xFE, 0xAA, 0xAA, 0xFF,
    0x80, 0x00, 0x1F, 0xFF, 0xFF, 0xFF, 0xFF, 0xC0, 0x00, 0x3F, 0xFF, 0xFF, 0xFF, 0xFF, 0xC0, 0x00,
    0xBF, 0xFF, 0xFF, 0xFF, 0xFF, 0xC0, 0x00, 0xFF, 0x80, 0x00, 0x00, 0x3F, 0xD0, 0x02, 0xFF, 0x00,
    0x00, 0x00, 0x3F, 0xE0, 0x03, 0xFC, 0x00, 0x00, 0x00, 0x2F, 0xE0, 0x0F, 0xFC, 0x00, 0x00, 0x00,
    0x2F, 0xF0, 0x2F, 0xF0, 0x00, 0x00, 0x00, 0x0F, 0xF0, 0x3F, 0xE0, 0x00, 0x00, 0x00, 0x0F, 0xF0,
    0x00, 0x00, 0x00, 0x00, 0x06, 0x40, 0x00, 0x00, 0x00, 0x00, 0x00, 0x3F, 0xF8, 0x00, 0x00, 0x00,
    0x00, 0x00, 0xFF, 0xFC, 0x00, 0x00, 0x00, 0x00, 0x02, 0xF4, 0x3F, 0x00, 0x00, 0x00, 0x00, 0x03,
    0xE0, 0x2F, 0x00, 0x00, 0x00, 0x00, 0x03, 0xE0, 0x2F, 0x00, 0x00, 0x00, 0x00, 0x02, 0xF4, 0x3F,
    0x00, 0x00, 0x00, 0x00, 0x00, 0xFF, 0xFC, 0x00, 0x00, 0x00, 0x00, 0x00, 0xFF, 0xF8, 0x00, 0x00,
    0x00, 0x00, 0x01, 0xFF, 0xF0, 0x00, 0x00, 0x00, 0x00, 0x03, 0xFF, 0xF0, 0x00, 0x00, 0x00, 0x00,
    0x0B, 0xFF, 0xF8, 0x00, 0x00, 0x00, 0x00, 0x0F, 0xFB, 0xF8, 0x00, 0x00, 0x00, 0x00, 0x3F, 0xE3,
    0xFC, 0x00, 0x00, 0x00, 0x00, 0x3F, 0xC3, 0xFC, 0x00, 0x00, 0x00, 0x00, 0xFF, 0x43, 0xFC, 0x00,
    0x00, 0x00, 0x02, 0xFF, 0x02, 0xFC, 0x00, 0x00, 0x00, 0x03, 0xFC, 0x02, 0xFE, 0x00, 0x00, 0x00,
    0x0B, 0xF8, 0x02, 0xFE, 0x00, 0x00, 0x00, 0x0F, 0xF0, 0x00, 0xFF, 0x00, 0x00, 0x00, 0x3F, 0xE0,
    0x00, 0xFF, 0x00, 0x00, 0x00, 0xBF, 0xC0, 0x00, 0xFF, 0x00, 0x00, 0x00, 0xFF, 0x80, 0x00, 0xFF,
    0x00, 0x00, 0x02, 0xFF, 0x00, 0x00, 0xFF, 0x40, 0x00, 0x03, 0xFC, 0x00, 0x00, 0xBF, 0x80, 0x00,
    0x0F, 0xFE, 0xAA, 0xAA, 0xFF, 0x80, 0x00, 0x1F, 0xFF, 0xFF, 0xFF, 0xFF, 0xC0, 0x00, 0x3F, 0xFF,
    0xFF, 0xFF, 0xFF, 0xC0, 0x00, 0xBF, 0xFF, 0xFF, 0xFF, 0xFF, 0xC0, 0x00, 0xFF, 0x80, 0x00, 0x00,
    0x3F, 0xD0, 0x02, 0xFF, 0x00, 0x00, 0x00, 0x3F, 0xE0, 0x03, 0xFC, 0x00, 0x00, 0x00, 0x2F, 0xE0,
    0x0F, 0xFC, 0x00, 0x00, 0x00, 0x2F, 0xF0, 0x2F, 0xF0, 0x00, 0x00, 0x00, 0x0F, 0xF0, 0x3F, 0xE0,
    0x00, 0x00, 0x00, 0x0F, 0xF0, 0x00, 0x00, 0x00, 0x00, 0x00, 0x00, 0x06, 0xAA, 0xAA, 0xAA, 0xAA,
    0x80, 0x00, 0x00, 0x00, 0x00, 0x00, 0x00, 0x2F, 0xFF, 0xFF, 0xFF, 0xFF, 0xC0, 0x00, 0x00, 0x00,
    0x00, 0x00, 0x00, 0xBF, 0xFF, 0xFF, 0xFF, 0xFF, 0xC0, 0x00, 0x00, 0x00, 0x00, 0x00, 0x01, 0xFF,
    0xFF, 0xFF, 0xFF, 0xFF, 0xC0, 0x00, 0x00, 0x00, 0x00, 0x00, 0x03, 0xFF, 0xF0, 0x00, 0x00, 0x00,
    0x00, 0x00, 0x00, 0x00, 0x00, 0x00, 0x0F, 0xFF, 0xE0, 0x00, 0x00, 0x00, 0x00, 0x00, 0x00, 0x00,
    0x00, 0x00, 0x3F, 0xFF, 0xE0, 0x00, 0x00, 0x00, 0x00, 0x00, 0x00, 0x00, 0x00, 0x00, 0xFF, 0xBF,
    0xC0, 0x00, 0x00, 0x00, 0x00, 0x00, 0x00, 0x00, 0x00, 0x03, 0xFE, 0x3F, 0xC0, 0x00, 0x00, 0x00,
    0x00, 0x00, 0x00, 0x00, 0x00, 0x0F, 0xF8, 0x3F, 0xC0, 0x00, 0x00, 0x00, 0x00, 0x00, 0x00, 0x00,
    0x00, 0x3F, 0xE0, 0xBF, 0x80, 0x00, 0x00, 0x00, 0x00, 0x00, 0x00, 0x00, 0x00, 0xFF, 0x80, 0xFF,
    0x40, 0x00, 0x00, 0x00, 0x00, 0x00, 0x00, 0x00, 0x03, 0xFF, 0x00, 0xFF, 0xFF, 0xFF, 0xFC, 0x00,
    0x00, 0x00, 0x00, 0x00, 0x0F, 0xFC, 0x00, 0xFF, 0xFF, 0xFF, 0xFC, 0x00, 0x00, 0x00, 0x00, 0x00,
    0x2F, 0xF0, 0x01, 0xFF, 0xFF, 0xFF, 0xF8, 0x00, 0x00, 0x00, 0x00, 0x00, 0xBF, 0xC0, 0x02, 0xFE,
    0xAA, 0xAA, 0xA0, 0x00, 0x00, 0x00, 0x00, 0x02, 0xFF, 0x00, 0x03, 0xFC, 0x00, 0x00, 0x00, 0x00,
    0x00, 0x00, 0x00, 0x0B, 0xFC, 0x00, 0x03, 0xFC, 0x00, 0x00, 0x00, 0x00, 0x00, 0x00, 0x00, 0x2F,
    0xFE, 0xAA, 0xAB, 0xFC, 0x00, 0x00, 0x00, 0x00, 0x00, 0x00, 0x00, 0xBF, 0xFF, 0xFF, 0xFF, 0xF8,
    0x00, 0x00, 0x00, 0x00, 0x00, 0x00, 0x01, 0xFF, 0xFF, 0xFF, 0xFF, 0xF8, 0x00, 0x00, 0x00, 0x00,
    0x00, 0x00, 0x03, 0xFF, 0xFF, 0xFF, 0xFF, 0xF0, 0x00, 0x00, 0x00, 0x00, 0x00, 0x00, 0x0F, 0xF8,
    0x00, 0x00, 0x0F, 0xF0, 0x00, 0x00, 0x00, 0x00, 0x00, 0x00, 0x3F, 0xE0, 0x00, 0x00, 0x0F, 0xF0,
    0x00, 0x00, 0x00, 0x00, 0x00, 0x00, 0xFF, 0x80, 0x00, 0x00, 0x2F, 0xFA, 0xAA, 0xAA, 0xAA, 0x00,
    0x00, 0x03, 0xFF, 0x00, 0x00, 0x00, 0x3F, 0xFF, 0xFF, 0xFF, 0xFF, 0x00, 0x00, 0x0F, 0xFC, 0x00,
    0x00, 0x00, 0x3F, 0xFF, 0xFF, 0xFF, 0xFF, 0x00, 0x00, 0x3F, 0xF0, 0x00, 0x00, 0x00, 0x3F, 0xFF,
    0xFF, 0xFF, 0xFE, 0x00, 0x00, 0x00, 0x00, 0x00, 0x00, 0x00, 0x00, 0x00, 0x00, 0x00, 0x02, 0xFF,
    0xF9, 0x00, 0x00, 0x00, 0x00, 0x7F, 0xFF, 0xFF, 0xE0, 0x00, 0x00, 0x03, 0xFF, 0xFF, 0xFF, 0xFC,
    0x00, 0x00, 0x0F, 0xFF, 0xA6, 0xBF, 0xFE, 0x00, 0x00, 0x3F, 0xF8, 0x00, 0x03, 0xFF, 0x00, 0x00,
    0xFF, 0xC0, 0x00, 0x00, 0xFF, 0x80, 0x02, 0xFF, 0x00, 0x00, 0x00, 0x7F, 0x80, 0x07, 0xFC, 0x00,
    0x00, 0x00, 0x20, 0x00, 0x0F, 0xF8, 0x00, 0x00, 0x00, 0x00, 0x00, 0x1F, 0xF0, 0x00, 0x00, 0x00,
    0x00, 0x00, 0x3F, 0xE0, 0x00, 0x00, 0x00, 0x00, 0x00, 0x3F, 0xC0, 0x00, 0x00, 0x00, 0x00, 0x00,
    0x3F, 0xC0, 0x00, 0x00, 0x00, 0x00, 0x00, 0xBF, 0x80, 0x00, 0x00, 0x00, 0x00, 0x00, 0xBF, 0x40,
    0x00, 0x00, 0x00, 0x00, 0x00, 0xFF, 0x00, 0x00, 0x00, 0x00, 0x00, 0x00, 0xFF, 0x00, 0x00, 0x00,
    0x00, 0x00, 0x00, 0xFF, 0x00, 0x00, 0x00, 0x00, 0x00, 0x00, 0xFF, 0x40, 0x00, 0x00, 0x00, 0x00,
    0x00, 0xBF, 0x80, 0x00, 0x00, 0x00, 0x00, 0x00, 0xBF, 0xC0, 0x00, 0x00, 0x00, 0x00, 0x00, 0x3F,
    0xD0, 0x00, 0x00, 0x0B, 0xD0, 0x00, 0x3F, 0xF0, 0x00, 0x00, 0x1F, 0xF0, 0x00, 0x2F, 0xFC, 0x00,
    0x00, 0xBF, 0xE0, 0x00, 0x0F, 0xFF, 0x80, 0x0B, 0xFF, 0x80, 0x00, 0x03, 0xFF, 0xFF, 0xFF, 0xFE,
    0x00, 0x00, 0x00, 0xBF, 0xFF, 0xFF, 0xF0, 0x00, 0x00, 0x00, 0x0B, 0xFF, 0xFE, 0x00, 0x00, 0x00,
    0x00, 0x00, 0xF9, 0x00, 0x00, 0x00, 0x00, 0x00, 0x02, 0xF8, 0x00, 0x00, 0x00, 0x00, 0x00, 0x03,
    0xFF, 0x80, 0x00, 0x00, 0x00, 0x00, 0x02, 0x5F, 0xC0, 0x00, 0x00, 0x00, 0x00, 0x00, 0x0F, 0xC0,
    0x00, 0x00, 0x00, 0x00, 0x2E, 0xBF, 0x80, 0x00, 0x00, 0x00, 0x00, 0x3F, 0xFE, 0x00, 0x00, 0x00,
    0x00, 0x00, 0x00, 0x00, 0x00, 0x00, 0x00, 0x00, 0x00, 0x00, 0x00, 0x28, 0x00, 0x00, 0x00, 0x00,
    0x00, 0x00, 0x3F, 0x00, 0x00, 0x00, 0x00, 0x00, 0x00, 0x3F, 0xC0, 0x00, 0x00, 0x00, 0x00, 0x00,
    0x2F, 0xE0, 0x00, 0x00, 0x00, 0x00, 0x00, 0x07, 0xF8, 0x00, 0x00, 0x00, 0x00, 0x00, 0x00, 0xA8,
    0x00, 0x00, 0x00, 0x00, 0x00, 0x00, 0x00, 0x00, 0x00, 0x00, 0x00, 0x00, 0x00, 0x00, 0x00, 0x00,
    0x00, 0x0A, 0xAA, 0xAA, 0xAA, 0xAA, 0x80, 0x00, 0x0F, 0xFF, 0xFF, 0xFF, 0xFF, 0xC0, 0x00, 0x0F,
    0xFF, 0xFF, 0xFF, 0xFF, 0x80, 0x00, 0x1F, 0xFF, 0xFF, 0xFF, 0xFF, 0x80, 0x00, 0x2F, 0xE0, 0x00,
    0x00, 0x00, 0x00, 0x00, 0x3F, 0xD0, 0x00, 0x00, 0x00, 0x00, 0x00, 0x3F, 0xC0, 0x00, 0x00, 0x00,
    0x00, 0x00, 0x3F, 0xC0, 0x00, 0x00, 0x00, 0x00, 0x00, 0x7F, 0x80, 0x00, 0x00, 0x00, 0x00, 0x00,
    0xBF, 0x80, 0x00, 0x00, 0x00, 0x00, 0x00, 0xFF, 0x00, 0x00, 0x00, 0x00, 0x00, 0x00, 0xFF, 0x00,
    0x00, 0x00, 0x00, 0x00, 0x00, 0xFF, 0xFF, 0xFF, 0xF8, 0x00, 0x00, 0x02, 0xFF, 0xFF, 0xFF, 0xF8,
    0x00, 0x00, 0x02, 0xFF, 0xFF, 0xFF, 0xF0, 0x00, 0x00, 0x03, 0xFE, 0xAA, 0xAA, 0xA0, 0x00, 0x00,
    0x03, 0xFC, 0x00, 0x00, 0x00, 0x00, 0x00, 0x03, 0xFC, 0x00, 0x00, 0x00, 0x00, 0x00, 0x0B, 0xF8,
    0x00, 0x00, 0x00, 0x00, 0x00, 0x0F, 0xF4, 0x00, 0x00, 0x00, 0x00, 0x00, 0x0F, 0xF0, 0x00, 0x00,
    0x00, 0x00, 0x00, 0x0F, 0xF0, 0x00, 0x00, 0x00, 0x00, 0x00, 0x1F, 0xE0, 0x00, 0x00, 0x00, 0x00,
    0x00, 0x2F, 0xE0, 0x00, 0x00, 0x00, 0x00, 0x00, 0x3F, 0xEA, 0xAA, 0xAA, 0xAA, 0x00, 0x00, 0x3F,
    0xFF, 0xFF, 0xFF, 0xFF, 0x00, 0x00, 0x3F, 0xFF, 0xFF, 0xFF, 0xFE, 0x00, 0x00, 0xBF, 0xFF, 0xFF,
    0xFF, 0xFD, 0x00, 0x00, 0x00, 0x00, 0x00, 0x00, 0x02, 0x80, 0x00, 0x00, 0x00, 0x00, 0x00, 0x0F,
    0xE0, 0x00, 0x00, 0x00, 0x00, 0x00, 0x3F, 0xE0, 0x00, 0x00, 0x00, 0x00, 0x02, 0xFF, 0x80, 0x00,
    0x00, 0x00, 0x00, 0x0B, 0xF8, 0x00, 0x00, 0x00, 0x00, 0x00, 0x0A, 0x80, 0x00, 0x00, 0x00, 0x00,
    0x00, 0x00, 0x00, 0x00, 0x00, 0x00, 0x00, 0x00, 0x00, 0x00, 0x00, 0x00, 0x00, 0x0A, 0xAA, 0xAA,
    0xAA, 0xAA, 0x80, 0x00, 0x0F, 0xFF, 0xFF, 0xFF, 0xFF, 0xC0, 0x00, 0x0F, 0xFF, 0xFF, 0xFF, 0xFF,
    0x80, 0x00, 0x1F, 0xFF, 0xFF, 0xFF, 0xFF, 0x80, 0x00, 0x2F, 0xE0, 0x00, 0x00, 0x00, 0x00, 0x00,
    0x3F, 0xD0, 0x00, 0x00, 0x00, 0x00, 0x00, 0x3F, 0xC0, 0x00, 0x00, 0x00, 0x00, 0x00, 0x3F, 0xC0,
    0x00, 0x00, 0x00, 0x00, 0x00, 0x7F, 0x80, 0x00, 0x00, 0x00, 0x00, 0x00, 0xBF, 0x80, 0x00, 0x00,
    0x00, 0x00, 0x00, 0xFF, 0x00, 0x00, 0x00, 0x00, 0x00, 0x00, 0xFF, 0x00, 0x00, 0x00, 0x00, 0x00,
    0x00, 0xFF, 0xFF, 0xFF, 0xF8, 0x00, 0x00, 0x02, 0xFF, 0xFF, 0xFF, 0xF8, 0x00, 0x00, 0x02, 0xFF,
    0xFF, 0xFF, 0xF0, 0x00, 0x00, 0x03, 0xFE, 0xAA, 0xAA, 0xA0, 0x00, 0x00, 0x03, 0xFC, 0x00, 0x00,
    0x00, 0x00, 0x00, 0x03, 0xFC, 0x00, 0x00, 0x00, 0x00, 0x00, 0x0B, 0xF8, 0x00, 0x00, 0x00, 0x00,
    0x00, 0x0F, 0xF4, 0x00, 0x00, 0x00, 0x00, 0x00, 0x0F, 0xF0, 0x00, 0x00, 0x00, 0x00, 0x00, 0x0F,
    0xF0, 0x00, 0x00, 0x00, 0x00, 0x00, 0x1F, 0xE0, 0x00, 0x00, 0x00, 0x00, 0x00, 0x2F, 0xE0, 0x00,
    0x00, 0x00, 0x00, 0x00, 0x3F, 0xEA, 0xAA, 0xAA, 0xAA, 0x00, 0x00, 0x3F, 0xFF, 0xFF, 0xFF, 0xFF,
    0x00, 0x00, 0x3F, 0xFF, 0xFF, 0xFF, 0xFE, 0x00, 0x00, 0xBF, 0xFF, 0xFF, 0xFF, 0xFD, 0x00, 0x00,
    0x00, 0x00, 0x00, 0x00, 0xA8, 0x00, 0x00, 0x00, 0x00, 0x00, 0x0B, 0xFE, 0x00, 0x00, 0x00, 0x00,
    0x00, 0x3F, 0xFF, 0x80, 0x00, 0x00, 0x00, 0x00, 0xFF, 0x2F, 0xE0, 0x00, 0x00, 0x00, 0x0B, 0xF8,
    0x0B, 0xF8, 0x00, 0x00, 0x00, 0x00, 0x00, 0x00, 0x00, 0x00, 0x00, 0x00, 0x00, 0x00, 0x00, 0x00,
    0x00, 0x00, 0x00, 0x00, 0x00, 0x00, 0x00, 0x00, 0x00, 0x0A, 0xAA, 0xAA, 0xAA, 0xAA, 0x80, 0x00,
    0x0F, 0xFF, 0xFF, 0xFF, 0xFF, 0xC0, 0x00, 0x0F, 0xFF, 0xFF, 0xFF, 0xFF, 0x80, 0x00, 0x1F, 0xFF,
    0xFF, 0xFF, 0xFF, 0x80, 0x00, 0x2F, 0xE0, 0x00, 0x00, 0x00, 0x00, 0x00, 0x3F, 0xD0, 0x00, 0x00,
    0x00, 0x00, 0x00, 0x3F, 0xC0, 0x00, 0x00, 0x00, 0x00, 0x00, 0x3F, 0xC0, 0x00, 0x00, 0x00, 0x00,
    0x00, 0x7F, 0x80, 0x00, 0x00, 0x00, 0x00, 0x00, 0xBF, 0x80, 0x00, 0x00, 0x00, 0x00, 0x00, 0xFF,
    0x00, 0x00, 0x00, 0x00, 0x00, 0x00, 0xFF, 0x00, 0x00, 0x00, 0x00, 0x00, 0x00, 0xFF, 0xFF, 0xFF,
    0xF8, 0x00, 0x00, 0x02, 0xFF, 0xFF, 0xFF, 0xF8, 0x00, 0x00, 0x02, 0xFF, 0xFF, 0xFF, 0xF0, 0x00,
    0x00, 0x03, 0xFE, 0xAA, 0xAA, 0xA0, 0x00, 0x00, 0x03, 0xFC, 0x00, 0x00, 0x00, 0x00, 0x00, 0x03,
    0xFC, 0x00, 0x00, 0x00, 0x00, 0x00, 0x0B, 0xF8, 0x00, 0x00, 0x00, 0x00, 0x00, 0x0F, 0xF4, 0x00,
    0x00, 0x00, 0x00, 0x00, 0x0F, 0xF0, 0x00, 0x00, 0x00, 0x00, 0x00, 0x0F, 0xF0, 0x00, 0x00, 0x00,
    0x00, 0x00, 0x1F, 0xE0, 0x00, 0x00, 0x00, 0x00, 0x00, 0x2F, 0xE0, 0x00, 0x00, 0x00, 0x00, 0x00,
    0x3F, 0xEA, 0xAA, 0xAA, 0xAA, 0x00, 0x00, 0x3F, 0xFF, 0xFF, 0xFF, 0xFF, 0x00, 0x00, 0x3F, 0xFF,
    0xFF, 0xFF, 0xFE, 0x00, 0x00, 0xBF, 0xFF, 0xFF, 0xFF, 0xFD, 0x00, 0x00, 0x00, 0x00, 0x00, 0x00,
    0x00, 0x00, 0x00, 0x00, 0x00, 0x03, 0xE0, 0x01, 0xF8, 0x00, 0x00, 0x00, 0x0F, 0xF8, 0x03, 0xFC,
    0x00, 0x00, 0x00, 0x0F, 0xF8, 0x03, 0xFC, 0x00, 0x00, 0x00, 0x0B, 0xF0, 0x03, 0xFC, 0x00, 0x00,
    0x00, 0x01, 0x80, 0x00, 0xA0, 0x00, 0x00, 0x00, 0x00, 0x00, 0x00, 0x00, 0x00, 0x00, 0x00, 0x00,
    0x00, 0x00, 0x00, 0x00, 0x00, 0x0A, 0xAA, 0xAA, 0xAA, 0xAA, 0x80, 0x00, 0x0F, 0xFF, 0xFF, 0xFF,
    0xFF, 0xC0, 0x00, 0x0F, 0xFF, 0xFF, 0xFF, 0xFF, 0x80, 0x00, 0x1F, 0xFF, 0xFF, 0xFF, 0xFF, 0x80,
    0x00, 0x2F, 0xE0, 0x00, 0x00, 0x00, 0x00, 0x00, 0x3F, 0xD0, 0x00, 0x00, 0x00, 0x00, 0x00, 0x3F,
    0xC0, 0x00, 0x00, 0x00, 0x00, 0x00, 0x3F, 0xC0, 0x00, 0x00, 0x00, 0x00, 0x00, 0x7F, 0x80, 0x00,
    0x00, 0x00, 0x00, 0x00, 0xBF, 0x80, 0x00, 0x00, 0x00, 0x00, 0x00, 0xFF, 0x00, 0x00, 0x00, 0x00,
    0x00, 0x00, 0xFF, 0x00, 0x00, 0x00, 0x00, 0x00, 0x00, 0xFF, 0xFF, 0xFF, 0xF8, 0x00, 0x00, 0x02,
    0xFF, 0xFF, 0xFF, 0xF8, 0x00, 0x00, 0x02, 0xFF, 0xFF, 0xFF, 0xF0, 0x00, 0x00, 0x03, 0xFE, 0xAA,
    0xAA, 0xA0, 0x00, 0x00, 0x03, 0xFC, 0x00, 0x00, 0x00, 0x00, 0x00, 0x03, 0xFC, 0x00, 0x00, 0x00,
    0x00, 0x00, 0x0B, 0xF8, 0x00, 0x00, 0x00, 0x00, 0x00, 0x0F, 0xF4, 0x00, 0x00, 0x00, 0x00, 0x00,
    0x0F, 0xF0, 0x00, 0x00, 0x00, 0x00, 0x00, 0x0F, 0xF0, 0x00, 0x00, 0x00, 0x00, 0x00, 0x1F, 0xE0,
    0x00, 0x00, 0x00, 0x00, 0x00, 0x2F, 0xE0, 0x00, 0x00, 0x00, 0x00, 0x00, 0x3F, 0xEA, 0xAA, 0xAA,
    0xAA, 0x00, 0x00, 0x3F, 0xFF, 0xFF, 0xFF, 0xFF, 0x00, 0x00, 0x3F, 0xFF, 0xFF, 0xFF, 0xFE, 0x00,
    0x00, 0xBF, 0xFF, 0xFF, 0xFF, 0xFD, 0x00, 0x00, 0x00, 0x00, 0x18, 0x00, 0x00, 0x00, 0x00, 0x3F,
    0x00, 0x00, 0x00, 0x00, 0x3F, 0xC0, 0x00, 0x00, 0x00, 0x2F, 0xF0, 0x00, 0x00, 0x00, 0x03, 0xF8,
    0x00, 0x00, 0x00, 0x00, 0xA8, 0x00, 0x00, 0x00, 0x00, 0x00, 0x00, 0x00, 0x00, 0x00, 0x00, 0x00,
    0x00, 0x0A, 0xAA, 0xAA, 0x80, 0x00, 0x0F, 0xFF, 0xFF, 0xD0, 0x00, 0x2F, 0xFF, 0xFF, 0xC0, 0x00,
    0x1A, 0xBF, 0xEA, 0x80, 0x00, 0x00, 0x3F, 0xC0, 0x00, 0x00, 0x00, 0x7F, 0x80, 0x00, 0x00, 0x00,
    0xBF, 0x80, 0x00, 0x00, 0x00, 0xFF, 0x00, 0x00, 0x00, 0x00, 0xFF, 0x00, 0x00, 0x00, 0x00, 0xFF,
    0x00, 0x00, 0x00, 0x02, 0xFE, 0x00, 0x00, 0x00, 0x02, 0xFE, 0x00, 0x00, 0x00, 0x03, 0xFC, 0x00,
    0x00, 0x00, 0x03, 0xFC, 0x00, 0x00, 0x00, 0x03, 0xFC, 0x00, 0x00, 0x00, 0x0B, 0xF8, 0x00, 0x00,
    0x00, 0x0B, 0xF4, 0x00, 0x00, 0x00, 0x0F, 0xF0, 0x00, 0x00, 0x00, 0x0F, 0xF0, 0x00, 0x00, 0x00,
    0x0F, 0xF0, 0x00, 0x00, 0x00, 0x2F, 0xE0, 0x00, 0x00, 0x00, 0x3F, 0xD0, 0x00, 0x00, 0x00, 0x3F,
    0xC0, 0x00, 0x00, 0x00, 0x3F, 0xC0, 0x00, 0x00, 0x00, 0xBF, 0xC0, 0x00, 0x00, 0xBF, 0xFF, 0xFF,
    0x00, 0x00, 0xBF, 0xFF, 0xFF, 0x00, 0x00, 0xFF, 0xFF, 0xFF, 0x00, 0x00, 0x00, 0x00, 0x00, 0x01,
    0x80, 0x00, 0x00, 0x00, 0x0B, 0xF0, 0x00, 0x00, 0x00, 0x3F, 0xF0, 0x00, 0x00, 0x00, 0xFF, 0xC0,
    0x00, 0x00, 0x0B, 0xFC, 0x00, 0x00, 0x00, 0x0A, 0x80, 0x00, 0x00, 0x00, 0x00, 0x00, 0x00, 0x00,
    0x00, 0x00, 0x00, 0x00, 0x00, 0x0A, 0xAA, 0xAA, 0x80, 0x00, 0x0F, 0xFF, 0xFF, 0xD0, 0x00, 0x2F,
    0xFF, 0xFF, 0xC0, 0x00, 0x1A, 0xBF, 0xEA, 0x80, 0x00, 0x00, 0x3F, 0xC0, 0x00, 0x00, 0x00, 0x7F,
    0x80, 0x00, 0x00, 0x00, 0xBF, 0x80, 0x00, 0x00, 0x00, 0xFF, 0x00, 0x00, 0x00, 0x00, 0xFF, 0x00,
    0x00, 0x00, 0x00, 0xFF, 0x00, 0x00, 0x00, 0x02, 0xFE, 0x00, 0x00, 0x00, 0x02, 0xFE, 0x00, 0x00,
    0x00, 0x03, 0xFC, 0x00, 0x00, 0x00, 0x03, 0xFC, 0x00, 0x00, 0x00, 0x03, 0xFC, 0x00, 0x00, 0x00,
    0x0B, 0xF8, 0x00, 0x00, 0x00, 0x0B, 0xF4, 0x00, 0x00, 0x00, 0x0F, 0xF0, 0x00, 0x00, 0x00, 0x0F,
    0xF0, 0x00, 0x00, 0x00, 0x0F, 0xF0, 0x00, 0x00, 0x00, 0x2F, 0xE0, 0x00, 0x00, 0x00, 0x3F, 0xD0,
    0x00, 0x00, 0x00, 0x3F, 0xC0, 0x00, 0x00, 0x00, 0x3F, 0xC0, 0x00, 0x00, 0x00, 0xBF, 0xC0, 0x00,
    0x00, 0xBF, 0xFF, 0xFF, 0x00, 0x00, 0xBF, 0xFF, 0xFF, 0x00, 0x00, 0xFF, 0xFF, 0xFF, 0x00, 0x00,
    0x00, 0x00, 0x00, 0xA8, 0x00, 0x00, 0x00, 0x0B, 0xFF, 0x00, 0x00, 0x00, 0x2F, 0xFF, 0xC0, 0x00,
    0x00, 0xFF, 0x2F, 0xE0, 0x00, 0x0B, 0xFC, 0x0B, 0xF8, 0x00, 0x00, 0x00, 0x00, 0x00, 0x00, 0x00,
    0x00, 0x00, 0x00, 0x00, 0x00, 0x00, 0x00, 0x00, 0x00, 0x0A, 0xAA, 0xAA, 0x80, 0x00, 0x0F, 0xFF,
    0xFF, 0xD0, 0x00, 0x2F, 0xFF, 0xFF, 0xC0, 0x00, 0x1A, 0xBF, 0xEA, 0x80, 0x00, 0x00, 0x3F, 0xC0,
    0x00, 0x00, 0x00, 0x7F, 0x80, 0x00, 0x00, 0x00, 0xBF, 0x80, 0x00, 0x00, 0x00, 0xFF, 0x00, 0x00,
    0x00, 0x00, 0xFF, 0x00, 0x00, 0x00, 0x00, 0xFF, 0x00, 0x00, 0x00, 0x02, 0xFE, 0x00, 0x00, 0x00,
    0x02, 0xFE, 0x00, 0x00, 0x00, 0x03, 0xFC, 0x00, 0x00, 0x00, 0x03, 0xFC, 0x00, 0x00, 0x00, 0x03,
    0xFC, 0x00, 0x00, 0x00, 0x0B, 0xF8, 0x00, 0x00, 0x00, 0x0B, 0xF4, 0x00, 0x00, 0x00, 0x0F, 0xF0,
    0x00, 0x00, 0x00, 0x0F, 0xF0, 0x00, 0x00, 0x00, 0x0F, 0xF0, 0x00, 0x00, 0x00, 0x2F, 0xE0, 0x00,
    0x00, 0x00, 0x3F, 0xD0, 0x00, 0x00, 0x00, 0x3F, 0xC0, 0x00, 0x00, 0x00, 0x3F, 0xC0, 0x00, 0x00,
    0x00, 0xBF, 0xC0, 0x00, 0x00, 0xBF, 0xFF, 0xFF, 0x00, 0x00, 0xBF, 0xFF, 0xFF, 0x00, 0x00, 0xFF,
    0xFF, 0xFF, 0x00, 0x00, 0x00, 0x00, 0x00, 0x00, 0x00, 0x00, 0x02, 0xF0, 0x00, 0xF8, 0x00, 0x0B,
    0xF8, 0x03, 0xFC, 0x00, 0x0B, 0xFC, 0x03, 0xFE, 0x00, 0x07, 0xF8, 0x03, 0xFC, 0x00, 0x00, 0x90,
    0x00, 0xA0, 0x00, 0x00, 0x00, 0x00, 0x00, 0x00, 0x00, 0x00, 0x00, 0x00, 0x00, 0x0A, 0xAA, 0xAA,
    0x80, 0x00, 0x0F, 0xFF, 0xFF, 0xD0, 0x00, 0x2F, 0xFF, 0xFF, 0xC0, 0x00, 0x1A, 0xBF, 0xEA, 0x80,
    0x00, 0x00, 0x3F, 0xC0, 0x00, 0x00, 0x00, 0x7F, 0x80, 0x00, 0x00, 0x00, 0xBF, 0x80, 0x00, 0x00,
    0x00, 0xFF, 0x00, 0x00, 0x00, 0x00, 0xFF, 0x00, 0x00, 0x00, 0x00, 0xFF, 0x00, 0x00, 0x00, 0x02,
    0xFE, 0x00, 0x00, 0x00, 0x02, 0xFE, 0x00, 0x00, 0x00, 0x03, 0xFC, 0x00, 0x00, 0x00, 0x03, 0xFC,
    0x00, 0x00, 0x00, 0x03, 0xFC, 0x00, 0x00, 0x00, 0x0B, 0xF8, 0x00, 0x00, 0x00, 0x0B, 0xF4, 0x00,
    0x00, 0x00, 0x0F, 0xF0, 0x00, 0x00, 0x00, 0x0F, 0xF0, 0x00, 0x00, 0x00, 0x0F, 0xF0, 0x00, 0x00,
    0x00, 0x2F, 0xE0, 0x00, 0x00, 0x00, 0x3F, 0xD0, 0x00, 0x00, 0x00, 0x3F, 0xC0, 0x00, 0x00, 0x00,
    0x3F, 0xC0, 0x00, 0x00, 0x00, 0xBF, 0xC0, 0x00, 0x00, 0xBF, 0xFF, 0xFF, 0x00, 0x00, 0xBF, 0xFF,
    0xFF, 0x00, 0x00, 0xFF, 0xFF, 0xFF, 0x00, 0x00, 0x00, 0x00, 0xAA, 0xAA, 0xA4, 0x00, 0x00, 0x00,
    0x02, 0xFF, 0xFF, 0xFF, 0xF4, 0x00, 0x00, 0x02, 0xFF, 0xFF, 0xFF, 0xFF, 0x00, 0x00, 0x03, 0xFF,
    0xFF, 0xFF, 0xFF, 0xC0, 0x00, 0x03, 0xFC, 0x00, 0x02, 0xFF, 0xF0, 0x00, 0x03, 0xFC, 0x00, 0x00,
    0x2F, 0xF8, 0x00, 0x0B, 0xF8, 0x00, 0x00, 0x0B, 0xFC, 0x00, 0x0B, 0xF8, 0x00, 0x00, 0x03, 0xFC,
    0x00, 0x0F, 0xF0, 0x00, 0x00, 0x02, 0xFE, 0x00, 0x0F, 0xF0, 0x00, 0x00, 0x02, 0xFE, 0x00, 0x1F,
    0xF0, 0x00, 0x00, 0x01, 0xFE, 0x00, 0x2F, 0xE0, 0x00, 0x00, 0x01, 0xFE, 0x2F, 0xFF, 0xFF, 0xFC,
    0x00, 0x02, 0xFE, 0x3F, 0xFF, 0xFF, 0xFC, 0x00, 0x02, 0xFE, 0x3F, 0xFF, 0xFF, 0xF8, 0x00, 0x02,
    0xFE, 0x2A, 0xFF, 0xEA, 0xA0, 0x00, 0x03, 0xFC, 0x00, 0xBF, 0x80, 0x00, 0x00, 0x03, 0xFC, 0x00,
    0xFF, 0x00, 0x00, 0x00, 0x0B, 0xFC, 0x00, 0xFF, 0x00, 0x00, 0x00, 0x0F, 0xF4, 0x00, 0xFF, 0x00,
    0x00, 0x00, 0x2F, 0xF0, 0x02, 0xFE, 0x00, 0x00, 0x00, 0x3F, 0xE0, 0x02, 0xFE, 0x00, 0x00, 0x01,
    0xFF, 0xC0, 0x03, 0xFC, 0x00, 0x00, 0x0B, 0xFF, 0x00, 0x03, 0xFC, 0x00, 0x00, 0xBF, 0xFC, 0x00,
    0x03, 0xFE, 0xAA, 0xBF, 0xFF, 0xE0, 0x00, 0x0B, 0xFF, 0xFF, 0xFF, 0xFF, 0x00, 0x00, 0x0F, 0xFF,
    0xFF, 0xFF, 0xE0, 0x00, 0x00, 0x0F, 0xFF, 0xFF, 0xA8, 0x00, 0x00, 0x00, 0x00, 0x00, 0x00, 0x00,
    0x00, 0x00, 0x00, 0x00, 0x00, 0x00, 0x00, 0x0B, 0xFE, 0x00, 0xF0, 0x00, 0x00, 0x00, 0x00, 0x3F,
    0xFF, 0xEB, 0xF0, 0x00, 0x00, 0x00, 0x00, 0xFF, 0xAF, 0xFF, 0xF0, 0x00, 0x00, 0x00, 0x01, 0xF8,
    0x02, 0xFF, 0x80, 0x00, 0x00, 0x00, 0x00, 0x00, 0x00, 0x00, 0x00, 0x00, 0x00, 0x00, 0x00, 0x00,
    0x00, 0x00, 0x00, 0x00, 0x00, 0x00, 0x00, 0x00, 0x00, 0x00, 0x00, 0x00, 0x00, 0x0A, 0xAA, 0x00,
    0x00, 0x00, 0x2A, 0x00, 0x00, 0x0F, 0xFF, 0x80, 0x00, 0x00, 0xBF, 0x80, 0x00, 0x0F, 0xFF, 0xC0,
    0x00, 0x00, 0xFF, 0x00, 0x00, 0x1F, 0xFF, 0xC0, 0x00, 0x00, 0xFF, 0x00, 0x00, 0x2F, 0xFF, 0xE0,
    0x00, 0x00, 0xFF, 0x00, 0x00, 0x3F, 0xEF, 0xF0, 0x00, 0x02, 0xFE, 0x00, 0x00, 0x3F, 0xCF, 0xF0,
    0x00, 0x02, 0xFD, 0x00, 0x00, 0x3F, 0xCB, 0xF4, 0x00, 0x03, 0xFC, 0x00, 0x00, 0x7F, 0x83, 0xF8,
    0x00, 0x03, 0xFC, 0x00, 0x00, 0xBF, 0x83, 0xFC, 0x00, 0x07, 0xFC, 0x00, 0x00, 0xFF, 0x02, 0xFD,
    0x00, 0x0B, 0xF8, 0x00, 0x00, 0xFF, 0x00, 0xFE, 0x00, 0x0F, 0xF0, 0x00, 0x00, 0xFF, 0x00, 0xFF,
    0x00, 0x0F, 0xF0, 0x00, 0x02, 0xFE, 0x00, 0xBF, 0x00, 0x0F, 0xF0, 0x00, 0x02, 0xFE, 0x00, 0x3F,
    0x80, 0x2F, 0xE0, 0x00, 0x03, 0xFC, 0x00, 0x3F, 0xC0, 0x2F, 0xE0, 0x00, 0x03, 0xFC, 0x00, 0x2F,
    0xC0, 0x3F, 0xC0, 0x00, 0x03, 0xFC, 0x00, 0x0F, 0xE0, 0x3F, 0xC0, 0x00, 0x0B, 0xF8, 0x00, 0x0F,
    0xF0, 0x3F, 0xC0, 0x00, 0x0F, 0xF4, 0x00, 0x0B, 0xF0, 0xBF, 0x80, 0x00, 0x0F, 0xF0, 0x00, 0x03,
    0xF8, 0xBF, 0x40, 0x00, 0x0F, 0xF0, 0x00, 0x03, 0xFC, 0xFF, 0x00, 0x00, 0x1F, 0xF0, 0x00, 0x02,
    0xFE, 0xFF, 0x00, 0x00, 0x2F, 0xE0, 0x00, 0x01, 0xFF, 0xFF, 0x00, 0x00, 0x3F, 0xC0, 0x00, 0x00,
    0xFF, 0xFE, 0x00, 0x00, 0x3F, 0xC0, 0x00, 0x00, 0xBF, 0xFD, 0x00, 0x00, 0x3F, 0xC0, 0x00, 0x00,
    0x7F, 0xFC, 0x00, 0x00, 0xBF, 0x80, 0x00, 0x00, 0x3F, 0xFC, 0x00, 0x00, 0x00, 0x00, 0x00, 0x08,
    0x00, 0x00, 0x00, 0x00, 0x00, 0x00, 0x3F, 0x00, 0x00, 0x00, 0x00, 0x00, 0x00, 0x3F, 0xC0, 0x00,
    0x00, 0x00, 0x00, 0x00, 0x0F, 0xF0, 0x00, 0x00, 0x00, 0x00, 0x00, 0x03, 0xFC, 0x00, 0x00, 0x00,
    0x00, 0x00, 0x00, 0x68, 0x00, 0x00, 0x00, 0x00, 0x00, 0x00, 0x00, 0x00, 0x00, 0x00, 0x00, 0x00,
    0x00, 0x00, 0x00, 0x00, 0x00, 0x00, 0x02, 0xFF, 0xFE, 0x00, 0x00, 0x00, 0x00, 0x7F, 0xFF, 0xFF,
    0xE0, 0x00, 0x00, 0x03, 0xFF, 0xFF, 0xFF, 0xFC, 0x00, 0x00, 0x0F, 0xFF, 0xE5, 0xBF, 0xFF, 0x00,
    0x00, 0x3F, 0xF8, 0x00, 0x03, 0xFF, 0x80, 0x00, 0xFF, 0xC0, 0x00, 0x00, 0xBF, 0xC0, 0x03, 0xFF,
    0x00, 0x00, 0x00, 0x3F, 0xE0, 0x0B, 0xFC, 0x00, 0x00, 0x00, 0x2F, 0xF0, 0x0F, 0xF8, 0x00, 0x00,
    0x00, 0x0F, 0xF0, 0x2F, 0xF0, 0x00, 0x00, 0x00, 0x0F, 0xF0, 0x3F, 0xE0, 0x00, 0x00, 0x00, 0x0B,
    0xF0, 0x3F, 0xC0, 0x00, 0x00, 0x00, 0x0B, 0xF4, 0x3F, 0xC0, 0x00, 0x00, 0x00, 0x0B, 0xF0, 0xBF,
    0x80, 0x00, 0x00, 0x00, 0x0F, 0xF0, 0xBF, 0x40, 0x00, 0x00, 0x00, 0x0F, 0xF0, 0xBF, 0x00, 0x00,
    0x00, 0x00, 0x0F, 0xF0, 0xFF, 0x00, 0x00, 0x00, 0x00, 0x2F, 0xE0, 0xFF, 0x00, 0x00, 0x00, 0x00,
    0x3F, 0xE0, 0xBF, 0x40, 0x00, 0x00, 0x00, 0x3F, 0xC0, 0xBF, 0x80, 0x00, 0x00, 0x00, 0xFF, 0x80,
    0x7F, 0xC0, 0x00, 0x00, 0x01, 0xFF, 0x00, 0x3F, 0xD0, 0x00, 0x00, 0x03, 0xFE, 0x00, 0x2F, 0xF0,
    0x00, 0x00, 0x0F, 0xFC, 0x00, 0x0F, 0xFC, 0x00, 0x00, 0xBF, 0xF0, 0x00, 0x0B, 0xFF, 0x80, 0x0B,
    0xFF, 0xC0, 0x00, 0x02, 0xFF, 0xFF, 0xFF, 0xFF, 0x00, 0x00, 0x00, 0xBF, 0xFF, 0xFF, 0xF0, 0x00,
    0x00, 0x00, 0x0B, 0xFF, 0xFE, 0x00, 0x00, 0x00, 0x00, 0x00, 0x05, 0x00, 0x00, 0x00, 0x00, 0x00,
    0x00, 0x00, 0x00, 0x00, 0xA0, 0x00, 0x00, 0x00, 0x00, 0x00, 0x07, 0xF0, 0x00, 0x00, 0x00, 0x00,
    0x00, 0x2F, 0xF0, 0x00, 0x00, 0x00, 0x00, 0x00, 0xBF, 0xE0, 0x00, 0x00, 0x00, 0x00, 0x03, 0xFE,
    0x00, 0x00, 0x00, 0x00, 0x00, 0x02, 0x90, 0x00, 0x00, 0x00, 0x00, 0x00, 0x00, 0x00, 0x00, 0x00,
    0x00, 0x00, 0x00, 0x00, 0x00, 0x00, 0x00, 0x00, 0x00, 0x02, 0xFF, 0xFE, 0x00, 0x00, 0x00, 0x00,
    0x7F, 0xFF, 0xFF, 0xE0, 0x00, 0x00, 0x03, 0xFF, 0xFF, 0xFF, 0xFC, 0x00, 0x00, 0x0F, 0xFF, 0xE5,
    0xBF, 0xFF, 0x00, 0x00, 0x3F, 0xF8, 0x00, 0x03, 0xFF, 0x80, 0x00, 0xFF, 0xC0, 0x00, 0x00, 0xBF,
    0xC0, 0x03, 0xFF, 0x00, 0x00, 0x00, 0x3F, 0xE0, 0x0B, 0xFC, 0x00, 0x00, 0x00, 0x2F, 0xF0, 0x0F,
    0xF8, 0x00, 0x00, 0x00, 0x0F, 0xF0, 0x2F, 0xF0, 0x00, 0x00, 0x00, 0x0F, 0xF0, 0x3F, 0xE0, 0x00,
    0x00, 0x00, 0x0B, 0xF0, 0x3F, 0xC0, 0x00, 0x00, 0x00, 0x0B, 0xF4, 0x3F, 0xC0, 0x00, 0x00, 0x00,
    0x0B, 0xF0, 0xBF, 0x80, 0x00, 0x00, 0x00, 0x0F, 0xF0, 0xBF, 0x40, 0x00, 0x00, 0x00, 0x0F, 0xF0,
    0xBF, 0x00, 0x00, 0x00, 0x00, 0x0F, 0xF0, 0xFF, 0x00, 0x00, 0x00, 0x00, 0x2F, 0xE0, 0xFF, 0x00,
    0x00, 0x00, 0x00, 0x3F, 0xE0, 0xBF, 0x40, 0x00, 0x00, 0x00, 0x3F, 0xC0, 0xBF, 0x80, 0x00, 0x00,
    0x00, 0xFF, 0x80, 0x7F, 0xC0, 0x00, 0x00, 0x01, 0xFF, 0x00, 0x3F, 0xD0, 0x00, 0x00, 0x03, 0xFE,
    0x00, 0x2F, 0xF0, 0x00, 0x00, 0x0F, 0xFC, 0x00, 0x0F, 0xFC, 0x00, 0x00, 0xBF, 0xF0, 0x00, 0x0B,
    0xFF, 0x80, 0x0B, 0xFF, 0xC0, 0x00, 0x02, 0xFF, 0xFF, 0xFF, 0xFF, 0x00, 0x00, 0x00, 0xBF, 0xFF,
    0xFF, 0xF0, 0x00, 0x00, 0x00, 0x0B, 0xFF, 0xFE, 0x00, 0x00, 0x00, 0x00, 0x00, 0x05, 0x00, 0x00,
    0x00, 0x00, 0x00, 0x00, 0x00, 0x00, 0xA8, 0x00, 0x00, 0x00, 0x00, 0x00, 0x03, 0xFF, 0x00, 0x00,
    0x00, 0x00, 0x00, 0x2F, 0xFF, 0xC0, 0x00, 0x00, 0x00, 0x00, 0xFF, 0x8F, 0xF0, 0x00, 0x00, 0x00,
    0x03, 0xFC, 0x07, 0xFC, 0x00, 0x00, 0x00, 0x00, 0x00, 0x00, 0x00, 0x00, 0x00, 0x00, 0x00, 0x00,
    0x00, 0x00, 0x00, 0x00, 0x00, 0x00, 0x00, 0x00, 0x00, 0x00, 0x00, 0x00, 0x02, 0xFF, 0xFE, 0x00,
    0x00, 0x00, 0x00, 0x7F, 0xFF, 0xFF, 0xE0, 0x00, 0x00, 0x03, 0xFF, 0xFF, 0xFF, 0xFC, 0x00, 0x00,
    0x0F, 0xFF, 0xE5, 0xBF, 0xFF, 0x00, 0x00, 0x3F, 0xF8, 0x00, 0x03, 0xFF, 0x80, 0x00, 0xFF, 0xC0,
    0x00, 0x00, 0xBF, 0xC0, 0x03, 0xFF, 0x00, 0x00, 0x00, 0x3F, 0xE0, 0x0B, 0xFC, 0x00, 0x00, 0x00,
    0x2F, 0xF0, 0x0F, 0xF8, 0x00, 0x00, 0x00, 0x0F, 0xF0, 0x2F, 0xF0, 0x00, 0x00, 0x00, 0x0F, 0xF0,
    0x3F, 0xE0, 0x00, 0x00, 0x00, 0x0B, 0xF0, 0x3F, 0xC0, 0x00, 0x00, 0x00, 0x0B, 0xF4, 0x3F, 0xC0,
    0x00, 0x00, 0x00, 0x0B, 0xF0, 0xBF, 0x80, 0x00, 0x00, 0x00, 0x0F, 0xF0, 0xBF, 0x40, 0x00, 0x00,
    0x00, 0x0F, 0xF0, 0xBF, 0x00, 0x00, 0x00, 0x00, 0x0F, 0xF0, 0xFF, 0x00, 0x00, 0x00, 0x00, 0x2F,
    0xE0, 0xFF, 0x00, 0x00, 0x00, 0x00, 0x3F, 0xE0, 0xBF, 0x40, 0x00, 0x00, 0x00, 0x3F, 0xC0, 0xBF,
    0x80, 0x00, 0x00, 0x00, 0xFF, 0x80, 0x7F, 0xC0, 0x00, 0x00, 0x01, 0xFF, 0x00, 0x3F, 0xD0, 0x00,
    0x00, 0x03, 0xFE, 0x00, 0x2F, 0xF0, 0x00, 0x00, 0x0F, 0xFC, 0x00, 0x0F, 0xFC, 0x00, 0x00, 0xBF,
    0xF0, 0x00, 0x0B, 0xFF, 0x80, 0x0B, 0xFF, 0xC0, 0x00, 0x02, 0xFF, 0xFF, 0xFF, 0xFF, 0x00, 0x00,
    0x00, 0xBF, 0xFF, 0xFF, 0xF0, 0x00, 0x00, 0x00, 0x0B, 0xFF, 0xFE, 0x00, 0x00, 0x00, 0x00, 0x00,
    0x05, 0x00, 0x00, 0x00, 0x00, 0x00, 0x00, 0x00, 0x00, 0x00, 0x00, 0x00, 0x00, 0x00, 0x00, 0xBF,
    0xE0, 0x0F, 0x00, 0x00, 0x00, 0x03, 0xFF, 0xFE, 0xBF, 0x40, 0x00, 0x00, 0x0F, 0xFA, 0xFF, 0xFF,
    0x00, 0x00, 0x00, 0x0F, 0x80, 0x2F, 0xF8, 0x00, 0x00, 0x00, 0x00, 0x00, 0x00, 0x00, 0x00, 0x00,
    0x00, 0x00, 0x00, 0x00, 0x00, 0x00, 0x00, 0x00, 0x00, 0x00, 0x00, 0x00, 0x00, 0x00, 0x00, 0x02,
    0xFF, 0xFE, 0x00, 0x00, 0x00, 0x00, 0x7F, 0xFF, 0xFF, 0xE0, 0x00, 0x00, 0x03, 0xFF, 0xFF, 0xFF,
    0xFC, 0x00, 0x00, 0x0F, 0xFF, 0xE5, 0xBF, 0xFF, 0x00, 0x00, 0x3F, 0xF8, 0x00, 0x03, 0xFF, 0x80,
    0x00, 0xFF, 0xC0, 0x00, 0x00, 0xBF, 0xC0, 0x03, 0xFF, 0x00, 0x00, 0x00, 0x3F, 0xE0, 0x0B, 0xFC,
    0x00, 0x00, 0x00, 0x2F, 0xF0, 0x0F, 0xF8, 0x00, 0x00, 0x00, 0x0F, 0xF0, 0x2F, 0xF0, 0x00, 0x00,
    0x00, 0x0F, 0xF0, 0x3F, 0xE0, 0x00, 0x00, 0x00, 0x0B, 0xF0, 0x3F, 0xC0, 0x00, 0x00, 0x00, 0x0B,
    0xF4, 0x3F, 0xC0, 0x00, 0x00, 0x00, 0x0B, 0xF0, 0xBF, 0x80, 0x00, 0x00, 0x00, 0x0F, 0xF0, 0xBF,
    0x40, 0x00, 0x00, 0x00, 0x0F, 0xF0, 0xBF, 0x00, 0x00, 0x00, 0x00, 0x0F, 0xF0, 0xFF, 0x00, 0x00,
    0x00, 0x00, 0x2F, 0xE0, 0xFF, 0x00, 0x00, 0x00, 0x00, 0x3F, 0xE0, 0xBF, 0x40, 0x00, 0x00, 0x00,
    0x3F, 0xC0, 0xBF, 0x80, 0x00, 0x00, 0x00, 0xFF, 0x80, 0x7F, 0xC0, 0x00, 0x00, 0x01, 0xFF, 0x00,
    0x3F, 0xD0, 0x00, 0x00, 0x03, 0xFE, 0x00, 0x2F, 0xF0, 0x00, 0x00, 0x0F, 0xFC, 0x00, 0x0F, 0xFC,
    0x00, 0x00, 0xBF, 0xF0, 0x00, 0x0B, 0xFF, 0x80, 0x0B, 0xFF, 0xC0, 0x00, 0x02, 0xFF, 0xFF, 0xFF,
    0xFF, 0x00, 0x00, 0x00, 0xBF, 0xFF, 0xFF, 0xF0, 0x00, 0x00, 0x00, 0x0B, 0xFF, 0xFE, 0x00, 0x00,
    0x00, 0x00, 0x00, 0x05, 0x00, 0x00, 0x00, 0x00, 0x00, 0x00, 0x00, 0x00, 0x00, 0x00, 0x00, 0x00,
    0x00, 0x02, 0xF0, 0x00, 0xF8, 0x00, 0x00, 0x00, 0x07, 0xFC, 0x02, 0xFE, 0x00, 0x00, 0x00, 0x0B,
    0xFC, 0x03, 0xFE, 0x00, 0x00, 0x00, 0x03, 0xF8, 0x02, 0xFC, 0x00, 0x00, 0x00, 0x00, 0xA0, 0x00,
    0x60, 0x00, 0x00, 0x00, 0x00, 0x00, 0x00, 0x00, 0x00, 0x00, 0x00, 0x00, 0x00, 0x00, 0x00, 0x00,
    0x00, 0x00, 0x02, 0xFF, 0xFE, 0x00, 0x00, 0x00, 0x00, 0x7F, 0xFF, 0xFF, 0xE0, 0x00, 0x00, 0x03,
    0xFF, 0xFF, 0xFF, 0xFC, 0x00, 0x00, 0x0F, 0xFF, 0xE5, 0xBF, 0xFF, 0x00, 0x00, 0x3F, 0xF8, 0x00,
    0x03, 0xFF, 0x80, 0x00, 0xFF, 0xC0, 0x00, 0x00, 0xBF, 0xC0, 0x03, 0xFF, 0x00, 0x00, 0x00, 0x3F,
    0xE0, 0x0B, 0xFC, 0x00, 0x00, 0x00, 0x2F, 0xF0, 0x0F, 0xF8, 0x00, 0x00, 0x00, 0x0F, 0xF0, 0x2F,
    0xF0, 0x00, 0x00, 0x00, 0x0F, 0xF0, 0x3F, 0xE0, 0x00, 0x00, 0x00, 0x0B, 0xF0, 0x3F, 0xC0, 0x00,
    0x00, 0x00, 0x0B, 0xF4, 0x3F, 0xC0, 0x00, 0x00, 0x00, 0x0B, 0xF0, 0xBF, 0x80, 0x00, 0x00, 0x00,
    0x0F, 0xF0, 0xBF, 0x40, 0x00, 0x00, 0x00, 0x0F, 0xF0, 0xBF, 0x00, 0x00, 0x00, 0x00, 0x0F, 0xF0,
    0xFF, 0x00, 0x00, 0x00, 0x00, 0x2F, 0xE0, 0xFF, 0x00, 0x00, 0x00, 0x00, 0x3F, 0xE0, 0xBF, 0x40,
    0x00, 0x00, 0x00, 0x3F, 0xC0, 0xBF, 0x80, 0x00, 0x00, 0x00, 0xFF, 0x80, 0x7F, 0xC0, 0x00, 0x00,
    0x01, 0xFF, 0x00, 0x3F, 0xD0, 0x00, 0x00, 0x03, 0xFE, 0x00, 0x2F, 0xF0, 0x00, 0x00, 0x0F, 0xFC,
    0x00, 0x0F, 0xFC, 0x00, 0x00, 0xBF, 0xF0, 0x00, 0x0B, 0xFF, 0x80, 0x0B, 0xFF, 0xC0, 0x00, 0x02,
    0xFF, 0xFF, 0xFF, 0xFF, 0x00, 0x00, 0x00, 0xBF, 0xFF, 0xFF, 0xF0, 0x00, 0x00, 0x00, 0x0B, 0xFF,
    0xFE, 0x00, 0x00, 0x00, 0x00, 0x00, 0x05, 0x00, 0x00, 0x00, 0x00, 0x00, 0x00, 0x00, 0x00, 0x00,
    0x0C, 0x00, 0x00, 0x0B, 0x00, 0x3F, 0x00, 0x00, 0x2F, 0xC0, 0xFF, 0xC0, 0x00, 0xBF, 0xC0, 0x3F,
    0xF0, 0x02, 0xFF, 0x80, 0x0F, 0xFC, 0x0B, 0xFE, 0x00, 0x03, 0xFF, 0x2F, 0xF8, 0x00, 0x00, 0xFF,
    0xFF, 0xE0, 0x00, 0x00, 0x3F, 0xFF, 0x80, 0x00, 0x00, 0x0F, 0xFE, 0x00, 0x00, 0x00, 0x2F, 0xFF,
    0x00, 0x00, 0x00, 0xBF, 0xFF, 0xC0, 0x00, 0x02, 0xFF, 0xBF, 0xF0, 0x00, 0x0B, 0xFE, 0x0F, 0xFC,
    0x00, 0x2F, 0xF8, 0x03, 0xFF, 0x00, 0xBF, 0xE0, 0x00, 0xFF, 0xC0, 0xBF, 0x80, 0x00, 0x3F, 0xC0,
    0x2E, 0x00, 0x00, 0x0F, 0x00, 0x00, 0x00, 0x00, 0x00, 0x00, 0x00, 0x00, 0x00, 0x00, 0x00, 0x00,
    0x00, 0x00, 0x00, 0x00, 0x00, 0x2F, 0xFF, 0xE0, 0x00, 0xC0, 0x00, 0x00, 0x0B, 0xFF, 0xFF, 0xFE,
    0x07, 0xF0, 0x00, 0x00, 0x3F, 0xFF, 0xFF, 0xFF, 0xEF, 0xC0, 0x00, 0x00, 0xFF, 0xFA, 0x9B, 0xFF,
    0xFF, 0x00, 0x00, 0x03, 0xFF, 0x80, 0x00, 0x3F, 0xFC, 0x00, 0x00, 0x0F, 0xFC, 0x00, 0x00, 0x0F,
    0xFC, 0x00, 0x00, 0x3F, 0xF0, 0x00, 0x00, 0x2F, 0xFE, 0x00, 0x00, 0xBF, 0xC0, 0x00, 0x00, 0xBF,
    0xFF, 0x00, 0x00, 0xFF, 0x80, 0x00, 0x03, 0xF8, 0xFF, 0x00, 0x01, 0xFF, 0x00, 0x00, 0x0F, 0xE0,
    0xFF, 0x00, 0x03, 0xFE, 0x00, 0x00, 0x3F, 0x80, 0xFF, 0x00, 0x03, 0xFC, 0x00, 0x00, 0xFE, 0x00,
    0xFF, 0x00, 0x03, 0xFC, 0x00, 0x03, 0xF4, 0x00, 0xFF, 0x00, 0x0B, 0xF8, 0x00, 0x0F, 0xC0, 0x00,
    0xFF, 0x00, 0x0B, 0xF4, 0x00, 0x3F, 0x00, 0x00, 0xFF, 0x00, 0x0F, 0xF0, 0x00, 0xFC, 0x00, 0x00,
    0xFF, 0x00, 0x0F, 0xF0, 0x07, 0xF0, 0x00, 0x02, 0xFE, 0x00, 0x0F, 0xF0, 0x2F, 0xC0, 0x00, 0x03,
    0xFC, 0x00, 0x0B, 0xF0, 0xBF, 0x00, 0x00, 0x03, 0xFC, 0x00, 0x0B, 0xFA, 0xFC, 0x00, 0x00, 0x0F,
    0xF8, 0x00, 0x0B, 0xFF, 0xF0, 0x00, 0x00, 0x1F, 0xF0, 0x00, 0x03, 0xFF, 0xC0, 0x00, 0x00, 0x3F,
    0xE0, 0x00, 0x03, 0xFF, 0x00, 0x00, 0x00, 0xFF, 0xC0, 0x00, 0x03, 0xFF, 0xC0, 0x00, 0x0B, 0xFF,
    0x00, 0x00, 0x0F, 0xFF, 0xF8, 0x00, 0xBF, 0xFC, 0x00, 0x00, 0x3F, 0xBF, 0xFF, 0xFF, 0xFF, 0xF0,
    0x00, 0x00, 0xFE, 0x0B, 0xFF, 0xFF, 0xFF, 0x40, 0x00, 0x00, 0x34, 0x00, 0xBF, 0xFF, 0xE4, 0x00,
    0x00, 0x00, 0x00, 0x00, 0x00, 0x40, 0x00, 0x00, 0x00, 0x00, 0x00, 0x00, 0x00, 0x24, 0x00, 0x00,
    0x00, 0x00, 0x00, 0x00, 0xFD, 0x00, 0x00, 0x00, 0x00, 0x00, 0x00, 0xFF, 0x00, 0x00, 0x00, 0x00,
    0x00, 0x00, 0x3F, 0xC0, 0x00, 0x00, 0x00, 0x00, 0x00, 0x0F, 0xF0, 0x00, 0x00, 0x00, 0x00, 0x00,
    0x01, 0xA0, 0x00, 0x00, 0x00, 0x00, 0x00, 0x00, 0x00, 0x00, 0x00, 0x00, 0x00, 0x00, 0x00, 0x00,
    0x00, 0x00, 0x00, 0xAA, 0x00, 0x00, 0x00, 0x02, 0xA0, 0x00, 0xFF, 0x00, 0x00, 0x00, 0x0B, 0xF8,
    0x00, 0xFF, 0x00, 0x00, 0x00, 0x0F, 0xF0, 0x00, 0xFF, 0x00, 0x00, 0x00, 0x0F, 0xF0, 0x02, 0xFE,
    0x00, 0x00, 0x00, 0x0F, 0xF0, 0x02, 0xFD, 0x00, 0x00, 0x00, 0x2F, 0xE0, 0x03, 0xFC, 0x00, 0x00,
    0x00, 0x3F, 0xD0, 0x03, 0xFC, 0x00, 0x00, 0x00, 0x3F, 0xC0, 0x07, 0xFC, 0x00, 0x00, 0x00, 0x3F,
    0xC0, 0x0B, 0xF8, 0x00, 0x00, 0x00, 0x7F, 0x80, 0x0F, 0xF0, 0x00, 0x00, 0x00, 0xBF, 0x80, 0x0F,
    0xF0, 0x00, 0x00, 0x00, 0xFF, 0x00, 0x0F, 0xF0, 0x00, 0x00, 0x00, 0xFF, 0x00, 0x2F, 0xE0, 0x00,
    0x00, 0x00, 0xFF, 0x00, 0x2F, 0xE0, 0x00, 0x00, 0x02, 0xFE, 0x00, 0x3F, 0xC0, 0x00, 0x00, 0x02,
    0xFE, 0x00, 0x3F, 0xC0, 0x00, 0x00, 0x03, 0xFC, 0x00, 0x3F, 0xC0, 0x00, 0x00, 0x03, 0xFC, 0x00,
    0x7F, 0x80, 0x00, 0x00, 0x0B, 0xFC, 0x00, 0xBF, 0x80, 0x00, 0x00, 0x0F, 0xF8, 0x00, 0xBF, 0x80,
    0x00, 0x00, 0x0F, 0xF0, 0x00, 0xBF, 0xC0, 0x00, 0x00, 0x3F, 0xE0, 0x00, 0xBF, 0xC0, 0x00, 0x00,
    0xBF, 0xC0, 0x00, 0x3F, 0xE0, 0x00, 0x02, 0xFF, 0x80, 0x00, 0x3F, 0xFD, 0x00, 0x2F, 0xFF, 0x00,
    0x00, 0x0F, 0xFF, 0xFF, 0xFF, 0xFC, 0x00, 0x00, 0x03, 0xFF, 0xFF, 0xFF, 0xE0, 0x00, 0x00, 0x00,
    0xBF, 0xFF, 0xFE, 0x00, 0x00, 0x00, 0x00, 0x00, 0x60, 0x00, 0x00, 0x00, 0x00, 0x00, 0x00, 0x00,
    0x00, 0x02, 0x40, 0x00, 0x00, 0x00, 0x00, 0x00, 0x2F, 0xC0, 0x00, 0x00, 0x00, 0x00, 0x00, 0xBF,
    0xC0, 0x00, 0x00, 0x00, 0x00, 0x03, 0xFF, 0x00, 0x00, 0x00, 0x00, 0x00, 0x0F, 0xF4, 0x00, 0x00,
    0x00, 0x00, 0x00, 0x2A, 0x00, 0x00, 0x00, 0x00, 0x00, 0x00, 0x00, 0x00, 0x00, 0x00, 0x00, 0x00,
    0x00, 0x00, 0x00, 0x00, 0x00, 0x00, 0xAA, 0x00, 0x00, 0x00, 0x02, 0xA0, 0x00, 0xFF, 0x00, 0x00,
    0x00, 0x0B, 0xF8, 0x00, 0xFF, 0x00, 0x00, 0x00, 0x0F, 0xF0, 0x00, 0xFF, 0x00, 0x00, 0x00, 0x0F,
    0xF0, 0x02, 0xFE, 0x00, 0x00, 0x00, 0x0F, 0xF0, 0x02, 0xFD, 0x00, 0x00, 0x00, 0x2F, 0xE0, 0x03,
    0xFC, 0x00, 0x00, 0x00, 0x3F, 0xD0, 0x03, 0xFC, 0x00, 0x00, 0x00, 0x3F, 0xC0, 0x07, 0xFC, 0x00,
    0x00, 0x00, 0x3F, 0xC0, 0x0B, 0xF8, 0x00, 0x00, 0x00, 0x7F, 0x80, 0x0F, 0xF0, 0x00, 0x00, 0x00,
    0xBF, 0x80, 0x0F, 0xF0, 0x00, 0x00, 0x00, 0xFF, 0x00, 0x0F, 0xF0, 0x00, 0x00, 0x00, 0xFF, 0x00,
    0x2F, 0xE0, 0x00, 0x00, 0x00, 0xFF, 0x00, 0x2F, 0xE0, 0x00, 0x00, 0x02, 0xFE, 0x00, 0x3F, 0xC0,
    0x00, 0x00, 0x02, 0xFE, 0x00, 0x3F, 0xC0, 0x00, 0x00, 0x03, 0xFC, 0x00, 0x3F, 0xC0, 0x00, 0x00,
    0x03, 0xFC, 0x00, 0x7F, 0x80, 0x00, 0x00, 0x0B, 0xFC, 0x00, 0xBF, 0x80, 0x00, 0x00, 0x0F, 0xF8,
    0x00, 0xBF, 0x80, 0x00, 0x00, 0x0F, 0xF0, 0x00, 0xBF, 0xC0, 0x00, 0x00, 0x3F, 0xE0, 0x00, 0xBF,
    0xC0, 0x00, 0x00, 0xBF, 0xC0, 0x00, 0x3F, 0xE0, 0x00, 0x02, 0xFF, 0x80, 0x00, 0x3F, 0xFD, 0x00,
    0x2F, 0xFF, 0x00, 0x00, 0x0F, 0xFF, 0xFF, 0xFF, 0xFC, 0x00, 0x00, 0x03, 0xFF, 0xFF, 0xFF, 0xE0,
    0x00, 0x00, 0x00, 0xBF, 0xFF, 0xFE, 0x00, 0x00, 0x00, 0x00, 0x00, 0x60, 0x00, 0x00, 0x00, 0x00,
    0x00, 0x00, 0x00, 0x02, 0xA0, 0x00, 0x00, 0x00, 0x00, 0x00, 0x0F, 0xFC, 0x00, 0x00, 0x00, 0x00,
    0x00, 0xBF, 0xFF, 0x00, 0x00, 0x00, 0x00, 0x03, 0xFE, 0x3F, 0xC0, 0x00, 0x00, 0x00, 0x0F, 0xF0,
    0x0F, 0xF0, 0x00, 0x00, 0x00, 0x00, 0x00, 0x00, 0x00, 0x00, 0x00, 0x00, 0x00, 0x00, 0x00, 0x00,
    0x00, 0x00, 0x00, 0x00, 0x00, 0x00, 0x00, 0x00, 0x00, 0xAA, 0x00, 0x00, 0x00, 0x02, 0xA0, 0x00,
    0xFF, 0x00, 0x00, 0x00, 0x0B, 0xF8, 0x00, 0xFF, 0x00, 0x00, 0x00, 0x0F, 0xF0, 0x00, 0xFF, 0x00,
    0x00, 0x00, 0x0F, 0xF0, 0x02, 0xFE, 0x00, 0x00, 0x00, 0x0F, 0xF0, 0x02, 0xFD, 0x00, 0x00, 0x00,
    0x2F, 0xE0, 0x03, 0xFC, 0x00, 0x00, 0x00, 0x3F, 0xD0, 0x03, 0xFC, 0x00, 0x00, 0x00, 0x3F, 0xC0,
    0x07, 0xFC, 0x00, 0x00, 0x00, 0x3F, 0xC0, 0x0B, 0xF8, 0x00, 0x00, 0x00, 0x7F, 0x80, 0x0F, 0xF0,
    0x00, 0x00, 0x00, 0xBF, 0x80, 0x0F, 0xF0, 0x00, 0x00, 0x00, 0xFF, 0x00, 0x0F, 0xF0, 0x00, 0x00,
    0x00, 0xFF, 0x00, 0x2F, 0xE0, 0x00, 0x00, 0x00, 0xFF, 0x00, 0x2F, 0xE0, 0x00, 0x00, 0x02, 0xFE,
    0x00, 0x3F, 0xC0, 0x00, 0x00, 0x02, 0xFE, 0x00, 0x3F, 0xC0, 0x00, 0x00, 0x03, 0xFC, 0x00, 0x3F,
    0xC0, 0x00, 0x00, 0x03, 0xFC, 0x00, 0x7F, 0x80, 0x00, 0x00, 0x0B, 0xFC, 0x00, 0xBF, 0x80, 0x00,
    0x00, 0x0F, 0xF8, 0x00, 0xBF, 0x80, 0x00, 0x00, 0x0F, 0xF0, 0x00, 0xBF, 0xC0, 0x00, 0x00, 0x3F,
    0xE0, 0x00, 0xBF, 0xC0, 0x00, 0x00, 0xBF, 0xC0, 0x00, 0x3F, 0xE0, 0x00, 0x02, 0xFF, 0x80, 0x00,
    0x3F, 0xFD, 0x00, 0x2F, 0xFF, 0x00, 0x00, 0x0F, 0xFF, 0xFF, 0xFF, 0xFC, 0x00, 0x00, 0x03, 0xFF,
    0xFF, 0xFF, 0xE0, 0x00, 0x00, 0x00, 0xBF, 0xFF, 0xFE, 0x00, 0x00, 0x00, 0x00, 0x00, 0x60, 0x00,
    0x00, 0x00, 0x00, 0x00, 0x00, 0x00, 0x00, 0x00, 0x00, 0x00, 0x00, 0x00, 0x0B, 0xC0, 0x03, 0xE0,
    0x00, 0x00, 0x00, 0x1F, 0xF0, 0x0B, 0xF8, 0x00, 0x00, 0x00, 0x2F, 0xF0, 0x0F, 0xF8, 0x00, 0x00,
    0x00, 0x0F, 0xE0, 0x0B, 0xF4, 0x00, 0x00, 0x00, 0x02, 0x80, 0x01, 0x80, 0x00, 0x00, 0x00, 0x00,
    0x00, 0x00, 0x00, 0x00, 0x00, 0x00, 0x00, 0x00, 0x00, 0x00, 0x00, 0x00, 0xAA, 0x00, 0x00, 0x00,
    0x02, 0xA0, 0x00, 0xFF, 0x00, 0x00, 0x00, 0x0B, 0xF8, 0x00, 0xFF, 0x00, 0x00, 0x00, 0x0F, 0xF0,
    0x00, 0xFF, 0x00, 0x00, 0x00, 0x0F, 0xF0, 0x02, 0xFE, 0x00, 0x00, 0x00, 0x0F, 0xF0, 0x02, 0xFD,
    0x00, 0x00, 0x00, 0x2F, 0xE0, 0x03, 0xFC, 0x00, 0x00, 0x00, 0x3F, 0xD0, 0x03, 0xFC, 0x00, 0x00,
    0x00, 0x3F, 0xC0, 0x07, 0xFC, 0x00, 0x00, 0x00, 0x3F, 0xC0, 0x0B, 0xF8, 0x00, 0x00, 0x00, 0x7F,
    0x80, 0x0F, 0xF0, 0x00, 0x00, 0x00, 0xBF, 0x80, 0x0F, 0xF0, 0x00, 0x00, 0x00, 0xFF, 0x00, 0x0F,
    0xF0, 0x00, 0x00, 0x00, 0xFF, 0x00, 0x2F, 0xE0, 0x00, 0x00, 0x00, 0xFF, 0x00, 0x2F, 0xE0, 0x00,
    0x00, 0x02, 0xFE, 0x00, 0x3F, 0xC0, 0x00, 0x00, 0x02, 0xFE, 0x00, 0x3F, 0xC0, 0x00, 0x00, 0x03,
    0xFC, 0x00, 0x3F, 0xC0, 0x00, 0x00, 0x03, 0xFC, 0x00, 0x7F, 0x80, 0x00, 0x00, 0x0B, 0xFC, 0x00,
    0xBF, 0x80, 0x00, 0x00, 0x0F, 0xF8, 0x00, 0xBF, 0x80, 0x00, 0x00, 0x0F, 0xF0, 0x00, 0xBF, 0xC0,
    0x00, 0x00, 0x3F, 0xE0, 0x00, 0xBF, 0xC0, 0x00, 0x00, 0xBF, 0xC0, 0x00, 0x3F, 0xE0, 0x00, 0x02,
    0xFF, 0x80, 0x00, 0x3F, 0xFD, 0x00, 0x2F, 0xFF, 0x00, 0x00, 0x0F, 0xFF, 0xFF, 0xFF, 0xFC, 0x00,
    0x00, 0x03, 0xFF, 0xFF, 0xFF, 0xE0, 0x00, 0x00, 0x00, 0xBF, 0xFF, 0xFE, 0x00, 0x00, 0x00, 0x00,
    0x00, 0x60, 0x00, 0x00, 0x00, 0x00, 0x00, 0x00, 0x00, 0x00, 0x80, 0x00, 0x00, 0x00, 0x00, 0x00,
    0x0B, 0xF0, 0x00, 0x00, 0x00, 0x00, 0x00, 0x3F, 0xF0, 0x00, 0x00, 0x00, 0x00, 0x00, 0xFF, 0xC0,
    0x00, 0x00, 0x00, 0x00, 0x07, 0xFC, 0x00, 0x00, 0x00, 0x00, 0x00, 0x0A, 0x80, 0x00, 0x00, 0x00,
    0x00, 0x00, 0x00, 0x00, 0x00, 0x00, 0x00, 0x00, 0x00, 0x00, 0x00, 0x00, 0x00, 0x00, 0x2A, 0x80,
    0x00, 0x00, 0x01, 0xAA, 0x00, 0x3F, 0xC0, 0x00, 0x00, 0x03, 0xFE, 0x00, 0x3F, 0xD0, 0x00, 0x00,
    0x0F, 0xFC, 0x00, 0x2F, 0xE0, 0x00, 0x00, 0x3F, 0xF0, 0x00, 0x0F, 0xF0, 0x00, 0x00, 0xBF, 0xC0,
    0x00, 0x0F, 0xF0, 0x00, 0x01, 0xFF, 0x80, 0x00, 0x0B, 0xF8, 0x00, 0x03, 0xFE, 0x00, 0x00, 0x03,
    0xFC, 0x00, 0x0F, 0xFC, 0x00, 0x00, 0x03, 0xFC, 0x00, 0x2F, 0xF0, 0x00, 0x00, 0x02, 0xFE, 0x00,
    0xBF, 0xC0, 0x00, 0x00, 0x00, 0xFF, 0x00, 0xFF, 0x80, 0x00, 0x00, 0x00, 0xFF, 0x03, 0xFE, 0x00,
    0x00, 0x00, 0x00, 0xBF, 0x8F, 0xFC, 0x00, 0x00, 0x00, 0x00, 0x3F, 0xEF, 0xF0, 0x00, 0x00, 0x00,
    0x00, 0x3F, 0xFF, 0xC0, 0x00, 0x00, 0x00, 0x00, 0x2F, 0xFF, 0x80, 0x00, 0x00, 0x00, 0x00, 0x0F,
    0xFE, 0x00, 0x00, 0x00, 0x00, 0x00, 0x0F, 0xFC, 0x00, 0x00, 0x00, 0x00, 0x00, 0x0F, 0xF0, 0x00,
    0x00, 0x00, 0x00, 0x00, 0x0F, 0xF0, 0x00, 0x00, 0x00, 0x00, 0x00, 0x0F, 0xF0, 0x00, 0x00, 0x00,
    0x00, 0x00, 0x2F, 0xE0, 0x00, 0x00, 0x00, 0x00, 0x00, 0x2F, 0xE0, 0x00, 0x00, 0x00, 0x00, 0x00,
    0x3F, 0xC0, 0x00, 0x00, 0x00, 0x00, 0x00, 0x3F, 0xC0, 0x00, 0x00, 0x00, 0x00, 0x00, 0x3F, 0xC0,
    0x00, 0x00, 0x00, 0x00, 0x00, 0xBF, 0x80, 0x00, 0x00, 0x00, 0x00, 0x00, 0xBF, 0x40, 0x00, 0x00,
    0x00, 0x00, 0x00, 0x00, 0x00, 0x00, 0x00, 0x00, 0x00, 0x0F, 0xF0, 0x00, 0x00, 0x00, 0x00, 0x0F,
    0xE0, 0x00, 0x00, 0x00, 0x00, 0x0F, 0xD0, 0x00, 0x00, 0x00, 0x00, 0x2F, 0xC0, 0x00, 0x00, 0x00,
    0x00, 0x2F, 0xC0, 0x00, 0x00, 0x00, 0x00, 0x3F, 0xEA, 0xAA, 0x00, 0x00, 0x00, 0x3F, 0xFF, 0xFF,
    0xFE, 0x00, 0x00, 0x7F, 0xFF, 0xFF, 0xFF, 0xE0, 0x00, 0xBF, 0xFF, 0xFF, 0xFF, 0xF4, 0x00, 0xFF,
    0x00, 0x00, 0x2F, 0xFC, 0x00, 0xFE, 0x00, 0x00, 0x0B, 0xFC, 0x00, 0xFE, 0x00, 0x00, 0x03, 0xFC,
    0x02, 0xFC, 0x00, 0x00, 0x03, 0xFC, 0x02, 0xFC, 0x00, 0x00, 0x0B, 0xFC, 0x03, 0xFC, 0x00, 0x00,
    0x0F, 0xF8, 0x03, 0xF8, 0x00, 0x00, 0x2F, 0xF0, 0x03, 0xF8, 0x00, 0x01, 0xFF, 0xE0, 0x0B, 0xFF,
    0xFF, 0xFF, 0xFF, 0xC0, 0x0B, 0xFF, 0xFF, 0xFF, 0xFF, 0x00, 0x0F, 0xFF, 0xFF, 0xFF, 0xE0, 0x00,
    0x0F, 0xFA, 0xAA, 0xA0, 0x00, 0x00, 0x1F, 0xD0, 0x00, 0x00, 0x00, 0x00, 0x2F, 0xC0, 0x00, 0x00,
    0x00, 0x00, 0x3F, 0xC0, 0x00, 0x00, 0x00, 0x00, 0x3F, 0x80, 0x00, 0x00, 0x00, 0x00, 0x3F, 0x80,
    0x00, 0x00, 0x00, 0x00, 0xBF, 0x00, 0x00, 0x00, 0x00, 0x00, 0x00, 0x00, 0x00, 0x00, 0x00, 0x00,
    0x00, 0x00, 0x00, 0x00, 0x00, 0x00, 0x00, 0x00, 0x02, 0xFF, 0xFA, 0x00, 0x00, 0x00, 0x3F, 0xFF,
    0xFF, 0xC0, 0x00, 0x01, 0xFF, 0xFF, 0xFF, 0xF0, 0x00, 0x03, 0xFF, 0x40, 0x0F, 0xFC, 0x00, 0x0F,
    0xF8, 0x00, 0x03, 0xFC, 0x00, 0x1F, 0xE0, 0x00, 0x02, 0xFD, 0x00, 0x3F, 0xC0, 0x00, 0x00, 0xFD,
    0x00, 0x3F, 0x80, 0x00, 0x02, 0xFC, 0x00, 0x7F, 0x40, 0x00, 0x03, 0xFC, 0x00, 0xBF, 0x00, 0x00,
    0x0F, 0xF8, 0x00, 0xFF, 0x00, 0x00, 0xBF, 0xF0, 0x00, 0xFE, 0x00, 0xBF, 0xFF, 0x80, 0x00, 0xFE,
    0x00, 0xFF, 0xFC, 0x00, 0x02, 0xFC, 0x00, 0xFF, 0xFF, 0x00, 0x02, 0xFC, 0x00, 0xAB, 0xFF, 0xC0,
    0x03, 0xFC, 0x00, 0x00, 0x7F, 0xF0, 0x03, 0xF8, 0x00, 0x00, 0x0F, 0xF0, 0x03, 0xF4, 0x00, 0x00,
    0x0F, 0xF8, 0x0B, 0xF0, 0x00, 0x00, 0x0B, 0xF8, 0x0F, 0xF0, 0x00, 0x00, 0x0B, 0xF8, 0x0F, 0xF0,
    0x00, 0x00, 0x0B, 0xF8, 0x0F, 0xE0, 0x00, 0x00, 0x0F, 0xF0, 0x1F, 0xC0, 0x00, 0x00, 0x2F, 0xF0,
    0x2F, 0xC0, 0x00, 0x00, 0xBF, 0xE0, 0x3F, 0xC0, 0x00, 0x07, 0xFF, 0xC0, 0x3F, 0x80, 0x2F, 0xFF,
    0xFF, 0x00, 0x3F, 0x80, 0x2F, 0xFF, 0xF8, 0x00, 0xBF, 0x00, 0x0F, 0xFF, 0x80, 0x00, 0x00, 0x00,
    0x0A, 0x00, 0x00, 0x00, 0x00, 0x00, 0x00, 0x00, 0x00, 0x00, 0x00, 0x3F, 0x00, 0x00, 0x00, 0x00,
    0x3F, 0x80, 0x00, 0x00, 0x00, 0x3F, 0xC0, 0x00, 0x00, 0x00, 0x0F, 0xE0, 0x00, 0x00, 0x00, 0x03,
    0xF0, 0x00, 0x00, 0x00, 0x00, 0xA4, 0x00, 0x00, 0x00, 0x00, 0x00, 0x00, 0x00, 0x00, 0x00, 0x00,
    0x00, 0x00, 0x00, 0xAF, 0xE8, 0x00, 0x00, 0x0B, 0xFF, 0xFF, 0xC0, 0x00, 0x2F, 0xFF, 0xFF, 0xF0,
    0x00, 0xBF, 0xE0, 0x1F, 0xF8, 0x00, 0xFF, 0x00, 0x03, 0xFC, 0x00, 0xBC, 0x00, 0x03, 0xFC, 0x00,
    0x00, 0x00, 0x02, 0xFC, 0x00, 0x00, 0x00, 0x03, 0xFC, 0x00, 0x00, 0x02, 0xAF, 0xFC, 0x00, 0x0B,
    0xFF, 0xFF, 0xF8, 0x00, 0xFF, 0xFF, 0xFF, 0xF0, 0x0B, 0xFF, 0xEA, 0x0B, 0xF0, 0x2F, 0xF8, 0x00,
    0x0B, 0xF0, 0x3F, 0xC0, 0x00, 0x0F, 0xE0, 0xBF, 0x80, 0x00, 0x1F, 0xE0, 0xFF, 0x00, 0x00, 0x3F,
    0xC0, 0xFF, 0x00, 0x00, 0xFF, 0xC0, 0xBF, 0xC0, 0x03, 0xFF, 0xC0, 0x3F, 0xFA, 0xBF, 0xFF, 0xC0,
    0x2F, 0xFF, 0xFF, 0x2F, 0xC0, 0x03, 0xFF, 0xF8, 0x2F, 0xC0, 0x00, 0x04, 0x00, 0x00, 0x00, 0x00,
    0x00, 0x00, 0x00, 0x00, 0x00, 0x00, 0x00, 0x01, 0xF8, 0x00, 0x00, 0x00, 0x07, 0xF8, 0x00, 0x00,
    0x00, 0x1F, 0xF0, 0x00, 0x00, 0x00, 0x3F, 0xC0, 0x00, 0x00, 0x00, 0xFE, 0x00, 0x00, 0x00, 0x01,
    0xA0, 0x00, 0x00, 0x00, 0x00, 0x00, 0x00, 0x00, 0x00, 0x00, 0x00, 0x00, 0x00, 0x00, 0xAF, 0xE8,
    0x00, 0x00, 0x0B, 0xFF, 0xFF, 0xC0, 0x00, 0x2F, 0xFF, 0xFF, 0xF0, 0x00, 0xBF, 0xE0, 0x1F, 0xF8,
    0x00, 0xFF, 0x00, 0x03, 0xFC, 0x00, 0xBC, 0x00, 0x03, 0xFC, 0x00, 0x00, 0x00, 0x02, 0xFC, 0x00,
    0x00, 0x00, 0x03, 0xFC, 0x00, 0x00, 0x02, 0xAF, 0xFC, 0x00, 0x0B, 0xFF, 0xFF, 0xF8, 0x00, 0xFF,
    0xFF, 0xFF, 0xF0, 0x0B, 0xFF, 0xEA, 0x0B, 0xF0, 0x2F, 0xF8, 0x00, 0x0B, 0xF0, 0x3F, 0xC0, 0x00,
    0x0F, 0xE0, 0xBF, 0x80, 0x00, 0x1F, 0xE0, 0xFF, 0x00, 0x00, 0x3F, 0xC0, 0xFF, 0x00, 0x00, 0xFF,
    0xC0, 0xBF, 0xC0, 0x03, 0xFF, 0xC0, 0x3F, 0xFA, 0xBF, 0xFF, 0xC0, 0x2F, 0xFF, 0xFF, 0x2F, 0xC0,
    0x03, 0xFF, 0xF8, 0x2F, 0xC0, 0x00, 0x04, 0x00, 0x00, 0x00, 0x00, 0x00, 0x00, 0x2A, 0x00, 0x00,
    0x00, 0x00, 0x02, 0xFF, 0xC0, 0x00, 0x00, 0x00, 0x0B, 0xFF, 0xE0, 0x00, 0x00, 0x00, 0x3F, 0xCB,
    0xF8, 0x00, 0x00, 0x01, 0xFF, 0x02, 0xFE, 0x00, 0x00, 0x00, 0x00, 0x00, 0x00, 0x00, 0x00, 0x00,
    0x00, 0x00, 0x00, 0x00, 0x00, 0x00, 0x00, 0x00, 0x00, 0x00, 0x00, 0x00, 0xAF, 0xE8, 0x00, 0x00,
    0x00, 0x0B, 0xFF, 0xFF, 0xC0, 0x00, 0x00, 0x2F, 0xFF, 0xFF, 0xF0, 0x00, 0x00, 0xBF, 0xE0, 0x1F,
    0xF8, 0x00, 0x00, 0xFF, 0x00, 0x03, 0xFC, 0x00, 0x00, 0xBC, 0x00, 0x03, 0xFC, 0x00, 0x00, 0x00,
    0x00, 0x02, 0xFC, 0x00, 0x00, 0x00, 0x00, 0x03, 0xFC, 0x00, 0x00, 0x00, 0x02, 0xAF, 0xFC, 0x00,
    0x00, 0x0B, 0xFF, 0xFF, 0xF8, 0x00, 0x00, 0xFF, 0xFF, 0xFF, 0xF0, 0x00, 0x0B, 0xFF, 0xEA, 0x0B,
    0xF0, 0x00, 0x2F, 0xF8, 0x00, 0x0B, 0xF0, 0x00, 0x3F, 0xC0, 0x00, 0x0F, 0xE0, 0x00, 0xBF, 0x80,
    0x00, 0x1F, 0xE0, 0x00, 0xFF, 0x00, 0x00, 0x3F, 0xC0, 0x00, 0xFF, 0x00, 0x00, 0xFF, 0xC0, 0x00,
    0xBF, 0xC0, 0x03, 0xFF, 0xC0, 0x00, 0x3F, 0xFA, 0xBF, 0xFF, 0xC0, 0x00, 0x2F, 0xFF, 0xFF, 0x2F,
    0xC0, 0x00, 0x03, 0xFF, 0xF8, 0x2F, 0xC0, 0x00, 0x00, 0x04, 0x00, 0x00, 0x00, 0x00, 0x00, 0x00,
    0x00, 0x00, 0x00, 0x00, 0x00, 0x00, 0x2F, 0xF0, 0x03, 0xC0, 0x00, 0x00, 0xFF, 0xFF, 0xAF, 0xC0,
    0x00, 0x03, 0xFE, 0xFF, 0xFF, 0x80, 0x00, 0x0B, 0xE0, 0x0F, 0xFE, 0x00, 0x00, 0x00, 0x00, 0x00,
    0x00, 0x00, 0x00, 0x00, 0x00, 0x00, 0x00, 0x00, 0x00, 0x00, 0x00, 0x00, 0x00, 0x00, 0x00, 0x00,
    0xAF, 0xE8, 0x00, 0x00, 0x00, 0x0B, 0xFF, 0xFF, 0xC0, 0x00, 0x00, 0x2F, 0xFF, 0xFF, 0xF0, 0x00,
    0x00, 0xBF, 0xE0, 0x1F, 0xF8, 0x00, 0x00, 0xFF, 0x00, 0x03, 0xFC, 0x00, 0x00, 0xBC, 0x00, 0x03,
    0xFC, 0x00, 0x00, 0x00, 0x00, 0x02, 0xFC, 0x00, 0x00, 0x00, 0x00, 0x03, 0xFC, 0x00, 0x00, 0x00,
    0x02, 0xAF, 0xFC, 0x00, 0x00, 0x0B, 0xFF, 0xFF, 0xF8, 0x00, 0x00, 0xFF, 0xFF, 0xFF, 0xF0, 0x00,
    0x0B, 0xFF, 0xEA, 0x0B, 0xF0, 0x00, 0x2F, 0xF8, 0x00, 0x0B, 0xF0, 0x00, 0x3F, 0xC0, 0x00, 0x0F,
    0xE0, 0x00, 0xBF, 0x80, 0x00, 0x1F, 0xE0, 0x00, 0xFF, 0x00, 0x00, 0x3F, 0xC0, 0x00, 0xFF, 0x00,
    0x00, 0xFF, 0xC0, 0x00, 0xBF, 0xC0, 0x03, 0xFF, 0xC0, 0x00, 0x3F, 0xFA, 0xBF, 0xFF, 0xC0, 0x00,
    0x2F, 0xFF, 0xFF, 0x2F, 0xC0, 0x00, 0x03, 0xFF, 0xF8, 0x2F, 0xC0, 0x00, 0x00, 0x04, 0x00, 0x00,
    0x00, 0x00, 0x00, 0x00, 0xB4, 0x00, 0x78, 0x00, 0x00, 0x03, 0xFC, 0x00, 0xFF, 0x00, 0x00, 0x03,
    0xFE, 0x01, 0xFF, 0x00, 0x00, 0x03, 0xFC, 0x00, 0xFF, 0x00, 0x00, 0x00, 0xA0, 0x00, 0x28, 0x00,
    0x00, 0x00, 0x00, 0x00, 0x00, 0x00, 0x00, 0x00, 0x00, 0x00, 0x00, 0x00, 0x00, 0x00, 0x00, 0x00,
    0x00, 0x00, 0x00, 0x00, 0xAF, 0xE8, 0x00, 0x00, 0x00, 0x0B, 0xFF, 0xFF, 0xC0, 0x00, 0x00, 0x2F,
    0xFF, 0xFF, 0xF0, 0x00, 0x00, 0xBF, 0xE0, 0x1F, 0xF8, 0x00, 0x00, 0xFF, 0x00, 0x03, 0xFC, 0x00,
    0x00, 0xBC, 0x00, 0x03, 0xFC, 0x00, 0x00, 0x00, 0x00, 0x02, 0xFC, 0x00, 0x00, 0x00, 0x00, 0x03,
    0xFC, 0x00, 0x00, 0x00, 0x02, 0xAF, 0xFC, 0x00, 0x00, 0x0B, 0xFF, 0xFF, 0xF8, 0x00, 0x00, 0xFF,
    0xFF, 0xFF, 0xF0, 0x00, 0x0B, 0xFF, 0xEA, 0x0B, 0xF0, 0x00, 0x2F, 0xF8, 0x00, 0x0B, 0xF0, 0x00,
    0x3F, 0xC0, 0x00, 0x0F, 0xE0, 0x00, 0xBF, 0x80, 0x00, 0x1F, 0xE0, 0x00, 0xFF, 0x00, 0x00, 0x3F,
    0xC0, 0x00, 0xFF, 0x00, 0x00, 0xFF, 0xC0, 0x00, 0xBF, 0xC0, 0x03, 0xFF, 0xC0, 0x00, 0x3F, 0xFA,
    0xBF, 0xFF, 0xC0, 0x00, 0x2F, 0xFF, 0xFF, 0x2F, 0xC0, 0x00, 0x03, 0xFF, 0xF8, 0x2F, 0xC0, 0x00,
    0x00, 0x04, 0x00, 0x00, 0x00, 0x00, 0x00, 0x00, 0x00, 0xAE, 0x00, 0x00, 0x00, 0x03, 0xFF, 0xD0,
    0x00, 0x00, 0x0F, 0xFF, 0xF0, 0x00, 0x00, 0x0F, 0x81, 0xF8, 0x00, 0x00, 0x0F, 0x00, 0xF8, 0x00,
    0x00, 0x0F, 0x40, 0xF8, 0x00, 0x00, 0x0F, 0xE3, 0xF4, 0x00, 0x00, 0x07, 0xFF, 0xF0, 0x00, 0x00,
    0x01, 0xFF, 0x80, 0x00, 0x00, 0x00, 0x00, 0x00, 0x00, 0x00, 0x00, 0x00, 0x00, 0x00, 0x00, 0xAF,
    0xE8, 0x00, 0x00, 0x0B, 0xFF, 0xFF, 0xC0, 0x00, 0x2F, 0xFF, 0xFF, 0xF0, 0x00, 0xBF, 0xE0, 0x1F,
    0xF8, 0x00, 0xFF, 0x00, 0x03, 0xFC, 0x00, 0xBC, 0x00, 0x03, 0xFC, 0x00, 0x00, 0x00, 0x02, 0xFC,
    0x00, 0x00, 0x00, 0x03, 0xFC, 0x00, 0x00, 0x02, 0xAF, 0xFC, 0x00, 0x0B, 0xFF, 0xFF, 0xF8, 0x00,
    0xFF, 0xFF, 0xFF, 0xF0, 0x0B, 0xFF, 0xEA, 0x0B, 0xF0, 0x2F, 0xF8, 0x00, 0x0B, 0xF0, 0x3F, 0xC0,
    0x00, 0x0F, 0xE0, 0xBF, 0x80, 0x00, 0x1F, 0xE0, 0xFF, 0x00, 0x00, 0x3F, 0xC0, 0xFF, 0x00, 0x00,
    0xFF, 0xC0, 0xBF, 0xC0, 0x03, 0xFF, 0xC0, 0x3F, 0xFA, 0xBF, 0xFF, 0xC0, 0x2F, 0xFF, 0xFF, 0x2F,
    0xC0, 0x03, 0xFF, 0xF8, 0x2F, 0xC0, 0x00, 0x04, 0x00, 0x00, 0x00, 0x00, 0x00, 0xAF, 0xF8, 0x00,
    0x06, 0xFE, 0x80, 0x00, 0x00, 0x0B, 0xFF, 0xFF, 0xC0, 0xBF, 0xFF, 0xFC, 0x00, 0x00, 0x2F, 0xFF,
    0xFF, 0xF3, 0xFF, 0xFF, 0xFF, 0x00, 0x00, 0xBF, 0xE0, 0x1F, 0xFF, 0xFE, 0x42, 0xFF, 0xC0, 0x00,
    0xFF, 0x00, 0x03, 0xFF, 0xE0, 0x00, 0x3F, 0xE0, 0x00, 0xBC, 0x00, 0x02, 0xFF, 0x80, 0x00, 0x0F,
    0xF0, 0x00, 0x00, 0x00, 0x02, 0xFF, 0x00, 0x00, 0x0B, 0xF0, 0x00, 0x00, 0x00, 0x03, 0xFC, 0x00,
    0x00, 0x0B, 0xF0, 0x00, 0x00, 0x00, 0x03, 0xFC, 0x00, 0x00, 0x0B, 0xF4, 0x00, 0x0A, 0xFF, 0xFF,
    0xFF, 0xFF, 0xFF, 0xFF, 0xF0, 0x02, 0xFF, 0xFF, 0xFF, 0xFF, 0xFF, 0xFF, 0xFF, 0xF0, 0x0F, 0xFF,
    0xFF, 0xFF, 0xFE, 0xAA, 0xAA, 0xAA, 0xA0, 0x3F, 0xFE, 0x00, 0x0B, 0xF0, 0x00, 0x00, 0x00, 0x00,
    0x7F, 0xE0, 0x00, 0x0F, 0xF0, 0x00, 0x00, 0x00, 0x00, 0xBF, 0x80, 0x00, 0x2F, 0xF8, 0x00, 0x00,
    0x00, 0x00, 0xFF, 0x00, 0x00, 0x3F, 0xFC, 0x00, 0x00, 0x00, 0x00, 0xFF, 0x00, 0x00, 0xFF, 0xFE,
    0x00, 0x00, 0xA0, 0x00, 0xBF, 0xC0, 0x07, 0xFD, 0xFF, 0x80, 0x07, 0xFE, 0x00, 0x3F, 0xFA, 0xBF,
    0xF4, 0x7F, 0xFF, 0xFF, 0xFC, 0x00, 0x2F, 0xFF, 0xFF, 0xC0, 0x1F, 0xFF, 0xFF, 0xE0, 0x00, 0x03,
    0xFF, 0xFE, 0x00, 0x02, 0xFF, 0xFE, 0x00, 0x00, 0x00, 0x05, 0x00, 0x00, 0x00, 0x01, 0x00, 0x00,
    0x00, 0x00, 0x00, 0x2F, 0xF8, 0x00, 0x00, 0x03, 0xFF, 0xFF, 0xC0, 0x00, 0x2F, 0xFF, 0xFF, 0xF8,
    0x00, 0xBF, 0xF9, 0x6F, 0xFC, 0x01, 0xFF, 0x80, 0x02, 0xFE, 0x03, 0xFE, 0x00, 0x00, 0xE0, 0x0B,
    0xF8, 0x00, 0x00, 0x00, 0x0F, 0xF0, 0x00, 0x00, 0x00, 0x0F, 0xE0, 0x00, 0x00, 0x00, 0x2F, 0xD0,
    0x00, 0x00, 0x00, 0x3F, 0xC0, 0x00, 0x00, 0x00, 0x3F, 0xC0, 0x00, 0x00, 0x00, 0x3F, 0xC0, 0x00,
    0x00, 0x00, 0x3F, 0xC0, 0x00, 0x00, 0x00, 0x3F, 0xC0, 0x00, 0x00, 0x00, 0x2F, 0xE0, 0x00, 0x00,
    0x00, 0x2F, 0xF0, 0x00, 0x0F, 0xE0, 0x0F, 0xFC, 0x00, 0xBF, 0xE0, 0x0B, 0xFF, 0xFF, 0xFF, 0x80,
    0x02, 0xFF, 0xFF, 0xFE, 0x00, 0x00, 0x3F, 0xFF, 0xE0, 0x00, 0x00, 0x03, 0xE0, 0x00, 0x00, 0x00,
    0x0F, 0xD0, 0x00, 0x00, 0x00, 0x2F, 0xFC, 0x00, 0x00, 0x00, 0x04, 0xBE, 0x00, 0x00, 0x00, 0x00,
    0x3E, 0x00, 0x00, 0x00, 0xEA, 0xFC, 0x00, 0x00, 0x02, 0xFF, 0xF0, 0x00, 0x00, 0x00, 0x00, 0x00,
    0x00, 0x00, 0x00, 0x00, 0x00, 0x00, 0x00, 0x00, 0x00, 0x00, 0x2F, 0x00, 0x00, 0x00, 0x00, 0x00,
    0x3F, 0xC0, 0x00, 0x00, 0x00, 0x00, 0x2F, 0xE0, 0x00, 0x00, 0x00, 0x00, 0x0B, 0xF0, 0x00, 0x00,
    0x00, 0x00, 0x02, 0xF8, 0x00, 0x00, 0x00, 0x00, 0x00, 0xA8, 0x00, 0x00, 0x00, 0x00, 0x00, 0x00,
    0x00, 0x00, 0x00, 0x00, 0x00, 0x00, 0x00, 0x00, 0x00, 0x00, 0x2B, 0xFA, 0x00, 0x00, 0x00, 0x03,
    0xFF, 0xFF, 0xE0, 0x00, 0x00, 0x2F, 0xFF, 0xFF, 0xFC, 0x00, 0x00, 0xBF, 0xF8, 0x1B, 0xFE, 0x00,
    0x02, 0xFF, 0x40, 0x01, 0xFF, 0x00, 0x03, 0xFC, 0x00, 0x00, 0xBF, 0x80, 0x0B, 0xF4, 0x00, 0x00,
    0x3F, 0x80, 0x0F, 0xF0, 0x00, 0x00, 0x3F, 0xC0, 0x1F, 0xE0, 0x00, 0x00, 0x3F, 0xC0, 0x2F, 0xFF,
    0xFF, 0xFF, 0xFF, 0xC0, 0x3F, 0xFF, 0xFF, 0xFF, 0xFF, 0x80, 0x3F, 0xEA, 0xAA, 0xAA, 0xAA, 0x80,
    0x3F, 0xC0, 0x00, 0x00, 0x00, 0x00, 0x3F, 0xC0, 0x00, 0x00, 0x00, 0x00, 0x3F, 0xC0, 0x00, 0x00,
    0x00, 0x00, 0x2F, 0xD0, 0x00, 0x00, 0x00, 0x00, 0x0F, 0xF0, 0x00, 0x06, 0x40, 0x00, 0x0F, 0xFD,
    0x00, 0x2F, 0xF0, 0x00, 0x03, 0xFF, 0xFF, 0xFF, 0xE0, 0x00, 0x00, 0xFF, 0xFF, 0xFF, 0x00, 0x00,
    0x00, 0x2F, 0xFF, 0xF8, 0x00, 0x00, 0x00, 0x00, 0x10, 0x00, 0x00, 0x00, 0x00, 0x00, 0x00, 0x00,
    0x00, 0x00, 0x00, 0x00, 0x00, 0x00, 0xFC, 0x00, 0x00, 0x00, 0x00, 0x03, 0xFC, 0x00, 0x00, 0x00,
    0x00, 0x0F, 0xFC, 0x00, 0x00, 0x00, 0x00, 0x3F, 0xE0, 0x00, 0x00, 0x00, 0x00, 0xFF, 0x00, 0x00,
    0x00, 0x00, 0x00, 0xA8, 0x00, 0x00, 0x00, 0x00, 0x00, 0x00, 0x00, 0x00, 0x00, 0x00, 0x00, 0x00,
    0x00, 0x00, 0x00, 0x00, 0x2B, 0xFA, 0x00, 0x00, 0x00, 0x03, 0xFF, 0xFF, 0xE0, 0x00, 0x00, 0x2F,
    0xFF, 0xFF, 0xFC, 0x00, 0x00, 0xBF, 0xF8, 0x1B, 0xFE, 0x00, 0x02, 0xFF, 0x40, 0x01, 0xFF, 0x00,
    0x03, 0xFC, 0x00, 0x00, 0xBF, 0x80, 0x0B, 0xF4, 0x00, 0x00, 0x3F, 0x80, 0x0F, 0xF0, 0x00, 0x00,
    0x3F, 0xC0, 0x1F, 0xE0, 0x00, 0x00, 0x3F, 0xC0, 0x2F, 0xFF, 0xFF, 0xFF, 0xFF, 0xC0, 0x3F, 0xFF,
    0xFF, 0xFF, 0xFF, 0x80, 0x3F, 0xEA, 0xAA, 0xAA, 0xAA, 0x80, 0x3F, 0xC0, 0x00, 0x00, 0x00, 0x00,
    0x3F, 0xC0, 0x00, 0x00, 0x00, 0x00, 0x3F, 0xC0, 0x00, 0x00, 0x00, 0x00, 0x2F, 0xD0, 0x00, 0x00,
    0x00, 0x00, 0x0F, 0xF0, 0x00, 0x06, 0x40, 0x00, 0x0F, 0xFD, 0x00, 0x2F, 0xF0, 0x00, 0x03, 0xFF,
    0xFF, 0xFF, 0xE0, 0x00, 0x00, 0xFF, 0xFF, 0xFF, 0x00, 0x00, 0x00, 0x2F, 0xFF, 0xF8, 0x00, 0x00,
    0x00, 0x00, 0x10, 0x00, 0x00, 0x00, 0x00, 0x00, 0x00, 0x2A, 0x00, 0x00, 0x00, 0x00, 0x00, 0xFF,
    0xC0, 0x00, 0x00, 0x00, 0x07, 0xFF, 0xF0, 0x00, 0x00, 0x00, 0x2F, 0xE3, 0xFC, 0x00, 0x00, 0x00,
    0xFF, 0x40, 0xFF, 0x00, 0x00, 0x00, 0x00, 0x00, 0x00, 0x00, 0x00, 0x00, 0x00, 0x00, 0x00, 0x00,
    0x00, 0x00, 0x00, 0x00, 0x00, 0x00, 0x00, 0x00, 0x2B, 0xFA, 0x00, 0x00, 0x00, 0x03, 0xFF, 0xFF,
    0xE0, 0x00, 0x00, 0x2F, 0xFF, 0xFF, 0xFC, 0x00, 0x00, 0xBF, 0xF8, 0x1B, 0xFE, 0x00, 0x02, 0xFF,
    0x40, 0x01, 0xFF, 0x00, 0x03, 0xFC, 0x00, 0x00, 0xBF, 0x80, 0x0B, 0xF4, 0x00, 0x00, 0x3F, 0x80,
    0x0F, 0xF0, 0x00, 0x00, 0x3F, 0xC0, 0x1F, 0xE0, 0x00, 0x00, 0x3F, 0xC0, 0x2F, 0xFF, 0xFF, 0xFF,
    0xFF, 0xC0, 0x3F, 0xFF, 0xFF, 0xFF, 0xFF, 0x80, 0x3F, 0xEA, 0xAA, 0xAA, 0xAA, 0x80, 0x3F, 0xC0,
    0x00, 0x00, 0x00, 0x00, 0x3F, 0xC0, 0x00, 0x00, 0x00, 0x00, 0x3F, 0xC0, 0x00, 0x00, 0x00, 0x00,
    0x2F, 0xD0, 0x00, 0x00, 0x00, 0x00, 0x0F, 0xF0, 0x00, 0x06, 0x40, 0x00, 0x0F, 0xFD, 0x00, 0x2F,
    0xF0, 0x00, 0x03, 0xFF, 0xFF, 0xFF, 0xE0, 0x00, 0x00, 0xFF, 0xFF, 0xFF, 0x00, 0x00, 0x00, 0x2F,
    0xFF, 0xF8, 0x00, 0x00, 0x00, 0x00, 0x10, 0x00, 0x00, 0x00, 0x00, 0x00, 0xB8, 0x00, 0x2E, 0x00,
    0x00, 0x02, 0xFE, 0x00, 0xFF, 0x00, 0x00, 0x02, 0xFF, 0x00, 0xFF, 0x80, 0x00, 0x02, 0xFE, 0x00,
    0xFF, 0x00, 0x00, 0x00, 0xA8, 0x00, 0x29, 0x00, 0x00, 0x00, 0x00, 0x00, 0x00, 0x00, 0x00, 0x00,
    0x00, 0x00, 0x00, 0x00, 0x00, 0x00, 0x00, 0x00, 0x00, 0x00, 0x00, 0x00, 0x2B, 0xFA, 0x00, 0x00,
    0x00, 0x03, 0xFF, 0xFF, 0xE0, 0x00, 0x00, 0x2F, 0xFF, 0xFF, 0xFC, 0x00, 0x00, 0xBF, 0xF8, 0x1B,
    0xFE, 0x00, 0x02, 0xFF, 0x40, 0x01, 0xFF, 0x00, 0x03, 0xFC, 0x00, 0x00, 0xBF, 0x80, 0x0B, 0xF4,
    0x00, 0x00, 0x3F, 0x80, 0x0F, 0xF0, 0x00, 0x00, 0x3F, 0xC0, 0x1F, 0xE0, 0x00, 0x00, 0x3F, 0xC0,
    0x2F, 0xFF, 0xFF, 0xFF, 0xFF, 0xC0, 0x3F, 0xFF, 0xFF, 0xFF, 0xFF, 0x80, 0x3F, 0xEA, 0xAA, 0xAA,
    0xAA, 0x80, 0x3F, 0xC0, 0x00, 0x00, 0x00, 0x00, 0x3F, 0xC0, 0x00, 0x00, 0x00, 0x00, 0x3F, 0xC0,
    0x00, 0x00, 0x00, 0x00, 0x2F, 0xD0, 0x00, 0x00, 0x00, 0x00, 0x0F, 0xF0, 0x00, 0x06, 0x40, 0x00,
    0x0F, 0xFD, 0x00, 0x2F, 0xF0, 0x00, 0x03, 0xFF, 0xFF, 0xFF, 0xE0, 0x00, 0x00, 0xFF, 0xFF, 0xFF,
    0x00, 0x00, 0x00, 0x2F, 0xFF, 0xF8, 0x00, 0x00, 0x00, 0x00, 0x10, 0x00, 0x00, 0x00, 0x00, 0x00,
    0x00, 0x0F, 0xC0, 0x00, 0x0F, 0xE0, 0x00, 0x0F, 0xF0, 0x00, 0x03, 0xFC, 0x00, 0x00, 0xFD, 0x00,
    0x00, 0x2A, 0x00, 0x00, 0x00, 0x00, 0x00, 0x00, 0x00, 0x0A, 0xAA, 0x40, 0x1F, 0xFF, 0x80, 0x2F,
    0xFF, 0x40, 0x05, 0xFF, 0x00, 0x00, 0xBF, 0x00, 0x00, 0xFF, 0x00, 0x00, 0xFE, 0x00, 0x01, 0xFC,
    0x00, 0x02, 0xFC, 0x00, 0x03, 0xFC, 0x00, 0x03, 0xF8, 0x00, 0x03, 0xF8, 0x00, 0x0B, 0xF0, 0x00,
    0x0B, 0xF0, 0x00, 0x0F, 0xF0, 0x00, 0x0F, 0xE0, 0x00, 0x0F, 0xE0, 0x00, 0x2F, 0xC0, 0x00, 0x2F,
    0xC0, 0x00, 0x3F, 0xC0, 0x00, 0x3F, 0x80, 0x00, 0x00, 0x00, 0x00, 0x00, 0x00, 0x7E, 0x00, 0x00,
    0xFF, 0x00, 0x03, 0xFD, 0x00, 0x0F, 0xF0, 0x00, 0x3F, 0x80, 0x00, 0x68, 0x00, 0x00, 0x00, 0x00,
    0x00, 0x00, 0x00, 0x0A, 0xAA, 0x80, 0x1F, 0xFF, 0x80, 0x2F, 0xFF, 0x40, 0x00, 0xBF, 0x00, 0x00,
    0xFF, 0x00, 0x00, 0xFF, 0x00, 0x00, 0xFE, 0x00, 0x01, 0xFC, 0x00, 0x02, 0xFC, 0x00, 0x03, 0xFC,
    0x00, 0x03, 0xF8, 0x00, 0x03, 0xF8, 0x00, 0x0B, 0xF0, 0x00, 0x0B, 0xF0, 0x00, 0x0F, 0xF0, 0x00,
    0x0F, 0xE0, 0x00, 0x0F, 0xE0, 0x00, 0x2F, 0xC0, 0x00, 0x2F, 0xC0, 0x00, 0x3F, 0xC0, 0x00, 0x3F,
    0x80, 0x00, 0x00, 0x02, 0xA0, 0x00, 0x00, 0x1F, 0xFC, 0x00, 0x00, 0xBF, 0xFF, 0x00, 0x03, 0xFD,
    0xBF, 0x80, 0x0F, 0xF0, 0x2F, 0xE0, 0x00, 0x00, 0x00, 0x00, 0x00, 0x00, 0x00, 0x00, 0x00, 0x00,
    0x00, 0x00, 0x02, 0xAA, 0x90, 0x00, 0x07, 0xFF, 0xE0, 0x00, 0x0B, 0xFF, 0xD0, 0x00, 0x01, 0x7F,
    0xC0, 0x00, 0x00, 0x2F, 0xC0, 0x00, 0x00, 0x3F, 0xC0, 0x00, 0x00, 0x3F, 0x80, 0x00, 0x00, 0x7F,
    0x00, 0x00, 0x00, 0xBF, 0x00, 0x00, 0x00, 0xFF, 0x00, 0x00, 0x00, 0xFE, 0x00, 0x00, 0x00, 0xFE,
    0x00, 0x00, 0x02, 0xFC, 0x00, 0x00, 0x02, 0xFC, 0x00, 0x00, 0x03, 0xFC, 0x00, 0x00, 0x03, 0xF8,
    0x00, 0x00, 0x03, 0xF8, 0x00, 0x00, 0x0B, 0xF0, 0x00, 0x00, 0x0B, 0xF0, 0x00, 0x00, 0x0F, 0xF0,
    0x00, 0x00, 0x0F, 0xE0, 0x00, 0x00, 0x2E, 0x00, 0x0A, 0x00, 0xBF, 0x80, 0x3F, 0xC0, 0xFF, 0x80,
    0x3F, 0xC0, 0xBF, 0x80, 0x3F, 0xC0, 0x2A, 0x00, 0x0A, 0x00, 0x00, 0x00, 0x00, 0x00, 0x00, 0x00,
    0x00, 0x00, 0x00, 0x00, 0x00, 0x00, 0x0A, 0xAA, 0x80, 0x00, 0x0F, 0xFF, 0xC0, 0x00, 0x2F, 0xFF,
    0x80, 0x00, 0x05, 0xBF, 0x00, 0x00, 0x00, 0xBF, 0x00, 0x00, 0x00, 0xFF, 0x00, 0x00, 0x00, 0xFE,
    0x00, 0x00, 0x00, 0xFE, 0x00, 0x00, 0x02, 0xFC, 0x00, 0x00, 0x02, 0xFC, 0x00, 0x00, 0x03, 0xFC,
    0x00, 0x00, 0x03, 0xF8, 0x00, 0x00, 0x03, 0xF8, 0x00, 0x00, 0x0B, 0xF0, 0x00, 0x00, 0x0B, 0xF0,
    0x00, 0x00, 0x0F, 0xF0, 0x00, 0x00, 0x0F, 0xE0, 0x00, 0x00, 0x0F, 0xD0, 0x00, 0x00, 0x2F, 0xC0,
    0x00, 0x00, 0x3F, 0xC0, 0x00, 0x00, 0x3F, 0x80, 0x00, 0x00, 0x00, 0x00, 0x00, 0x00, 0x00, 0x00,
    0x00, 0x00, 0x2F, 0xF8, 0x03, 0x00, 0x00, 0x00, 0x2F, 0xFF, 0xEF, 0x80, 0x00, 0x00, 0x3F, 0xFF,
    0xFE, 0x00, 0x00, 0x00, 0x00, 0xBF, 0xFD, 0x00, 0x00, 0x00, 0x00, 0x0F, 0xFF, 0x00, 0x00, 0x00,
    0x00, 0x3F, 0xFF, 0x80, 0x00, 0x00, 0x02, 0xFC, 0x3F, 0xC0, 0x00, 0x00, 0x02, 0xE0, 0x2F, 0xC0,
    0x00, 0x00, 0x00, 0x40, 0x1F, 0xC0, 0x00, 0x00, 0x06, 0x00, 0x0F, 0xE0, 0x00, 0x0B, 0xFF, 0xFC,
    0x0F, 0xE0, 0x00, 0x3F, 0xFF, 0xFF, 0x4F, 0xE0, 0x00, 0xFF, 0xFF, 0xFF, 0xDF, 0xE0, 0x03, 0xFF,
    0x40, 0x0F, 0xFF, 0xE0, 0x0F, 0xF8, 0x00, 0x03, 0xFF, 0xE0, 0x0F, 0xF0, 0x00, 0x00, 0xFF, 0xD0,
    0x2F, 0xC0, 0x00, 0x00, 0xFF, 0xC0, 0x3F, 0xC0, 0x00, 0x00, 0xFF, 0xC0, 0x3F, 0x80, 0x00, 0x00,
    0xBF, 0xC0, 0x3F, 0x80, 0x00, 0x00, 0xFF, 0x80, 0x3F, 0x80, 0x00, 0x00, 0xFF, 0x00, 0x3F, 0xC0,
    0x00, 0x01, 0xFF, 0x00, 0x2F, 0xC0, 0x00, 0x03, 0xFC, 0x00, 0x0F, 0xF0, 0x00, 0x0B, 0xF8, 0x00,
    0x0B, 0xFC, 0x00, 0x3F, 0xF0, 0x00, 0x03, 0xFF, 0xEB, 0xFF, 0xC0, 0x00, 0x00, 0xFF, 0xFF, 0xFF,
    0x00, 0x00, 0x00, 0x2F, 0xFF, 0xE0, 0x00, 0x00, 0x00, 0x00, 0x10, 0x00, 0x00, 0x00, 0x00, 0x00,
    0x00, 0x00, 0x00, 0x00, 0x00, 0x00, 0x0F, 0xF8, 0x02, 0xE0, 0x00, 0x00, 0xBF, 0xFF, 0xAF, 0xF0,
    0x00, 0x00, 0xFF, 0xBF, 0xFF, 0xD0, 0x00, 0x03, 0xF0, 0x0B, 0xFF, 0x40, 0x00, 0x00, 0x00, 0x00,
    0x00, 0x00, 0x00, 0x00, 0x00, 0x00, 0x00, 0x00, 0x00, 0x00, 0x00, 0x00, 0x00, 0x00, 0x00, 0x28,
    0x02, 0xBF, 0x80, 0x00, 0x00, 0xBE, 0x2F, 0xFF, 0xF8, 0x00, 0x00, 0xFE, 0xFF, 0xFF, 0xFC, 0x00,
    0x00, 0xFF, 0xFE, 0x5B, 0xFF, 0x00, 0x00, 0xFF, 0xE0, 0x00, 0xFF, 0x00, 0x02, 0xFF, 0x80, 0x00,
    0xBF, 0x00, 0x02, 0xFE, 0x00, 0x00, 0xBF, 0x00, 0x03, 0xFC, 0x00, 0x00, 0xBF, 0x00, 0x03, 0xF8,
    0x00, 0x00, 0xFF, 0x00, 0x07, 0xF4, 0x00, 0x00, 0xFE, 0x00, 0x0B, 0xF0, 0x00, 0x00, 0xFE, 0x00,
    0x0F, 0xF0, 0x00, 0x02, 0xFC, 0x00, 0x0F, 0xE0, 0x00, 0x02, 0xFC, 0x00, 0x0F, 0xE0, 0x00, 0x03,
    0xFC, 0x00, 0x2F, 0xC0, 0x00, 0x03, 0xF8, 0x00, 0x2F, 0xC0, 0x00, 0x03, 0xF8, 0x00, 0x3F, 0xC0,
    0x00, 0x0B, 0xF0, 0x00, 0x3F, 0x80, 0x00, 0x0B, 0xF0, 0x00, 0x3F, 0x80, 0x00, 0x0F, 0xF0, 0x00,
    0xBF, 0x00, 0x00, 0x0F, 0xE0, 0x00, 0xBF, 0x00, 0x00, 0x0F, 0xD0, 0x00, 0x00, 0x00, 0x00, 0x00,
    0x00, 0x00, 0x00, 0x00, 0x2F, 0x00, 0x00, 0x00, 0x00, 0x00, 0x3F, 0xC0, 0x00, 0x00, 0x00, 0x00,
    0x2F, 0xE0, 0x00, 0x00, 0x00, 0x00, 0x0B, 0xF0, 0x00, 0x00, 0x00, 0x00, 0x02, 0xF8, 0x00, 0x00,
    0x00, 0x00, 0x00, 0xA8, 0x00, 0x00, 0x00, 0x00, 0x00, 0x00, 0x00, 0x00, 0x00, 0x00, 0x00, 0x00,
    0x00, 0x00, 0x00, 0x00, 0x2B, 0xF8, 0x00, 0x00, 0x00, 0x03, 0xFF, 0xFF, 0xC0, 0x00, 0x00, 0x2F,
    0xFF, 0xFF, 0xF8, 0x00, 0x00, 0xBF, 0xF9, 0x6F, 0xFC, 0x00, 0x01, 0xFF, 0x40, 0x02, 0xFF, 0x00,
    0x03, 0xFC, 0x00, 0x00, 0xFF, 0x00, 0x0B, 0xF8, 0x00, 0x00, 0x7F, 0x80, 0x0F, 0xF0, 0x00, 0x00,
    0x3F, 0x80, 0x1F, 0xE0, 0x00, 0x00, 0x3F, 0x80, 0x2F, 0xC0, 0x00, 0x00, 0x3F, 0x80, 0x2F, 0xC0,
    0x00, 0x00, 0x3F, 0x80, 0x3F, 0xC0, 0x00, 0x00, 0xBF, 0x40, 0x3F, 0xC0, 0x00, 0x00, 0xFF, 0x00,
    0x3F, 0xC0, 0x00, 0x00, 0xFF, 0x00, 0x3F, 0xC0, 0x00, 0x02, 0xFE, 0x00, 0x2F, 0xE0, 0x00, 0x03,
    0xFC, 0x00, 0x0F, 0xF0, 0x00, 0x0F, 0xF4, 0x00, 0x0F, 0xFC, 0x00, 0xBF, 0xE0, 0x00, 0x03, 0xFF,
    0xFF, 0xFF, 0x80, 0x00, 0x01, 0xFF, 0xFF, 0xFE, 0x00, 0x00, 0x00, 0x2F, 0xFF, 0xE0, 0x00, 0x00,
    0x00, 0x00, 0x10, 0x00, 0x00, 0x00, 0x00, 0x00, 0x00, 0x00, 0x00, 0x00, 0x00, 0x00, 0x00, 0x00,
    0xFC, 0x00, 0x00, 0x00, 0x00, 0x03, 0xFC, 0x00, 0x00, 0x00, 0x00, 0x0F, 0xFC, 0x00, 0x00, 0x00,
    0x00, 0x3F, 0xE0, 0x00, 0x00, 0x00, 0x00, 0xFF, 0x00, 0x00, 0x00, 0x00, 0x00, 0xA8, 0x00, 0x00,
    0x00, 0x00, 0x00, 0x00, 0x00, 0x00, 0x00, 0x00, 0x00, 0x00, 0x00, 0x00, 0x00, 0x00, 0x2B, 0xF8,
    0x00, 0x00, 0x00, 0x03, 0xFF, 0xFF, 0xC0, 0x00, 0x00, 0x2F, 0xFF, 0xFF, 0xF8, 0x00, 0x00, 0xBF,
    0xF9, 0x6F, 0xFC, 0x00, 0x01, 0xFF, 0x40, 0x02, 0xFF, 0x00, 0x03, 0xFC, 0x00, 0x00, 0xFF, 0x00,
    0x0B, 0xF8, 0x00, 0x00, 0x7F, 0x80, 0x0F, 0xF0, 0x00, 0x00, 0x3F, 0x80, 0x1F, 0xE0, 0x00, 0x00,
    0x3F, 0x80, 0x2F, 0xC0, 0x00, 0x00, 0x3F, 0x80, 0x2F, 0xC0, 0x00, 0x00, 0x3F, 0x80, 0x3F, 0xC0,
    0x00, 0x00, 0xBF, 0x40, 0x3F, 0xC0, 0x00, 0x00, 0xFF, 0x00, 0x3F, 0xC0, 0x00, 0x00, 0xFF, 0x00,
    0x3F, 0xC0, 0x00, 0x02, 0xFE, 0x00, 0x2F, 0xE0, 0x00, 0x03, 0xFC, 0x00, 0x0F, 0xF0, 0x00, 0x0F,
    0xF4, 0x00, 0x0F, 0xFC, 0x00, 0xBF, 0xE0, 0x00, 0x03, 0xFF, 0xFF, 0xFF, 0x80, 0x00, 0x01, 0xFF,
    0xFF, 0xFE, 0x00, 0x00, 0x00, 0x2F, 0xFF, 0xE0, 0x00, 0x00, 0x00, 0x00, 0x10, 0x00, 0x00, 0x00,
    0x00, 0x00, 0x00, 0x2A, 0x00, 0x00, 0x00, 0x00, 0x00, 0xFF, 0xC0, 0x00, 0x00, 0x00, 0x07, 0xFF,
    0xF0, 0x00, 0x00, 0x00, 0x2F, 0xE3, 0xFC, 0x00, 0x00, 0x00, 0xFF, 0x40, 0xFF, 0x00, 0x00, 0x00,
    0x00, 0x00, 0x00, 0x00, 0x00, 0x00, 0x00, 0x00, 0x00, 0x00, 0x00, 0x00, 0x00, 0x00, 0x00, 0x00,
    0x00, 0x00, 0x2B, 0xF8, 0x00, 0x00, 0x00, 0x03, 0xFF, 0xFF, 0xC0, 0x00, 0x00, 0x2F, 0xFF, 0xFF,
    0xF8, 0x00, 0x00, 0xBF, 0xF9, 0x6F, 0xFC, 0x00, 0x01, 0xFF, 0x40, 0x02, 0xFF, 0x00, 0x03, 0xFC,
    0x00, 0x00, 0xFF, 0x00, 0x0B, 0xF8, 0x00, 0x00, 0x7F, 0x80, 0x0F, 0xF0, 0x00, 0x00, 0x3F, 0x80,
    0x1F, 0xE0, 0x00, 0x00, 0x3F, 0x80, 0x2F, 0xC0, 0x00, 0x00, 0x3F, 0x80, 0x2F, 0xC0, 0x00, 0x00,
    0x3F, 0x80, 0x3F, 0xC0, 0x00, 0x00, 0xBF, 0x40, 0x3F, 0xC0, 0x00, 0x00, 0xFF, 0x00, 0x3F, 0xC0,
    0x00, 0x00, 0xFF, 0x00, 0x3F, 0xC0, 0x00, 0x02, 0xFE, 0x00, 0x2F, 0xE0, 0x00, 0x03, 0xFC, 0x00,
    0x0F, 0xF0, 0x00, 0x0F, 0xF4, 0x00, 0x0F, 0xFC, 0x00, 0xBF, 0xE0, 0x00, 0x03, 0xFF, 0xFF, 0xFF,
    0x80, 0x00, 0x01, 0xFF, 0xFF, 0xFE, 0x00, 0x00, 0x00, 0x2F, 0xFF, 0xE0, 0x00, 0x00, 0x00, 0x00,
    0x10, 0x00, 0x00, 0x00, 0x00, 0x00, 0x00, 0x00, 0x00, 0x00, 0x00, 0x00, 0x2F, 0xF8, 0x03, 0xD0,
    0x00, 0x00, 0xFF, 0xFF, 0xAF, 0xE0, 0x00, 0x02, 0xFE, 0xBF, 0xFF, 0xC0, 0x00, 0x03, 0xF0, 0x0B,
    0xFF, 0x00, 0x00, 0x00, 0x00, 0x00, 0x00, 0x00, 0x00, 0x00, 0x00, 0x00, 0x00, 0x00, 0x00, 0x00,
    0x00, 0x00, 0x00, 0x00, 0x00, 0x00, 0x2B, 0xF8, 0x00, 0x00, 0x00, 0x03, 0xFF, 0xFF, 0xC0, 0x00,
    0x00, 0x2F, 0xFF, 0xFF, 0xF8, 0x00, 0x00, 0xBF, 0xF9, 0x6F, 0xFC, 0x00, 0x01, 0xFF, 0x40, 0x02,
    0xFF, 0x00, 0x03, 0xFC, 0x00, 0x00, 0xFF, 0x00, 0x0B, 0xF8, 0x00, 0x00, 0x7F, 0x80, 0x0F, 0xF0,
    0x00, 0x00, 0x3F, 0x80, 0x1F, 0xE0, 0x00, 0x00, 0x3F, 0x80, 0x2F, 0xC0, 0x00, 0x00, 0x3F, 0x80,
    0x2F, 0xC0, 0x00, 0x00, 0x3F, 0x80, 0x3F, 0xC0, 0x00, 0x00, 0xBF, 0x40, 0x3F, 0xC0, 0x00, 0x00,
    0xFF, 0x00, 0x3F, 0xC0, 0x00, 0x00, 0xFF, 0x00, 0x3F, 0xC0, 0x00, 0x02, 0xFE, 0x00, 0x2F, 0xE0,
    0x00, 0x03, 0xFC, 0x00, 0x0F, 0xF0, 0x00, 0x0F, 0xF4, 0x00, 0x0F, 0xFC, 0x00, 0xBF, 0xE0, 0x00,
    0x03, 0xFF, 0xFF, 0xFF, 0x80, 0x00, 0x01, 0xFF, 0xFF, 0xFE, 0x00, 0x00, 0x00, 0x2F, 0xFF, 0xE0,
    0x00, 0x00, 0x00, 0x00, 0x10, 0x00, 0x00, 0x00, 0x00, 0x00, 0xB8, 0x00, 0x2E, 0x00, 0x00, 0x02,
    0xFE, 0x00, 0xFF, 0x00, 0x00, 0x02, 0xFF, 0x00, 0xFF, 0x80, 0x00, 0x02, 0xFE, 0x00, 0xFF, 0x00,
    0x00, 0x00, 0xA8, 0x00, 0x29, 0x00, 0x00, 0x00, 0x00, 0x00, 0x00, 0x00, 0x00, 0x00, 0x00, 0x00,
    0x00, 0x00, 0x00, 0x00, 0x00, 0x00, 0x00, 0x00, 0x00, 0x00, 0x2B, 0xF8, 0x00, 0x00, 0x00, 0x03,
    0xFF, 0xFF, 0xC0, 0x00, 0x00, 0x2F, 0xFF, 0xFF, 0xF8, 0x00, 0x00, 0xBF, 0xF9, 0x6F, 0xFC, 0x00,
    0x01, 0xFF, 0x40, 0x02, 0xFF, 0x00, 0x03, 0xFC, 0x00, 0x00, 0xFF, 0x00, 0x0B, 0xF8, 0x00, 0x00,
    0x7F, 0x80, 0x0F, 0xF0, 0x00, 0x00, 0x3F, 0x80, 0x1F, 0xE0, 0x00, 0x00, 0x3F, 0x80, 0x2F, 0xC0,
    0x00, 0x00, 0x3F, 0x80, 0x2F, 0xC0, 0x00, 0x00, 0x3F, 0x80, 0x3F, 0xC0, 0x00, 0x00, 0xBF, 0x40,
    0x3F, 0xC0, 0x00, 0x00, 0xFF, 0x00, 0x3F, 0xC0, 0x00, 0x00, 0xFF, 0x00, 0x3F, 0xC0, 0x00, 0x02,
    0xFE, 0x00, 0x2F, 0xE0, 0x00, 0x03, 0xFC, 0x00, 0x0F, 0xF0, 0x00, 0x0F, 0xF4, 0x00, 0x0F, 0xFC,
    0x00, 0xBF, 0xE0, 0x00, 0x03, 0xFF, 0xFF, 0xFF, 0x80, 0x00, 0x01, 0xFF, 0xFF, 0xFE, 0x00, 0x00,
    0x00, 0x2F, 0xFF, 0xE0, 0x00, 0x00, 0x00, 0x00, 0x10, 0x00, 0x00, 0x00, 0x00, 0x00, 0x00, 0x00,
    0x00, 0x00, 0x00, 0x00, 0x1F, 0xC0, 0x00, 0x00, 0x00, 0x00, 0x3F, 0xE0, 0x00, 0x00, 0x00, 0x00,
    0x7F, 0xF0, 0x00, 0x00, 0x00, 0x00, 0x3F, 0xF0, 0x00, 0x00, 0x00, 0x00, 0x3F, 0xC0, 0x00, 0x00,
    0x00, 0x00, 0x01, 0x00, 0x00, 0x00, 0x00, 0x00, 0x00, 0x00, 0x00, 0x00, 0x00, 0x00, 0x00, 0x00,
    0x00, 0x00, 0x3F, 0xFF, 0xFF, 0xFF, 0xFF, 0xE0, 0x3F, 0xFF, 0xFF, 0xFF, 0xFF, 0xE0, 0x3F, 0xFF,
    0xFF, 0xFF, 0xFF, 0xE0, 0x15, 0x55, 0x55, 0x55, 0x55, 0x40, 0x00, 0x00, 0x00, 0x00, 0x00, 0x00,
    0x00, 0x00, 0x00, 0x00, 0x00, 0x00, 0x00, 0x00, 0x2F, 0xC0, 0x00, 0x00, 0x00, 0x00, 0x3F, 0xF0,
    0x00, 0x00, 0x00, 0x00, 0x7F, 0xF0, 0x00, 0x00, 0x00, 0x00, 0x3F, 0xF0, 0x00, 0x00, 0x00, 0x00,
    0x2F, 0xC0, 0x00, 0x00, 0x00, 0x00, 0x00, 0x00, 0x00, 0x00, 0x00, 0x00, 0x00, 0x00, 0x00, 0x00,
    0x00, 0x00, 0x0A, 0xFE, 0x40, 0x30, 0x00, 0x00, 0xFF, 0xFF, 0xF0, 0xFC, 0x00, 0x07, 0xFF, 0xFF,
    0xFF, 0xF0, 0x00, 0x2F, 0xFE, 0x5B, 0xFF, 0xC0, 0x00, 0x3F, 0xD0, 0x00, 0xFF, 0xC0, 0x00, 0xFF,
    0x00, 0x01, 0xFF, 0xC0, 0x02, 0xFE, 0x00, 0x0B, 0xFF, 0xE0, 0x03, 0xFC, 0x00, 0x2F, 0xDF, 0xE0,
    0x03, 0xF8, 0x00, 0xBF, 0x0F, 0xE0, 0x0B, 0xF0, 0x02, 0xFC, 0x0F, 0xE0, 0x0B, 0xF0, 0x0B, 0xE0,
    0x0F, 0xE0, 0x0F, 0xF0, 0x2F, 0x80, 0x2F, 0xE0, 0x0F, 0xF0, 0xFE, 0x00, 0x3F, 0xC0, 0x0F, 0xF3,
    0xF8, 0x00, 0x3F, 0xC0, 0x0F, 0xFF, 0xE0, 0x00, 0xBF, 0x80, 0x0B, 0xFF, 0x40, 0x00, 0xFF, 0x00,
    0x03, 0xFE, 0x00, 0x03, 0xFD, 0x00, 0x03, 0xFF, 0x00, 0x2F, 0xF8, 0x00, 0x0F, 0xFF, 0xFF, 0xFF,
    0xE0, 0x00, 0x3F, 0xBF, 0xFF, 0xFF, 0x80, 0x00, 0x3C, 0x0B, 0xFF, 0xF8, 0x00, 0x00, 0x00, 0x00,
    0x04, 0x00, 0x00, 0x00, 0x00, 0x00, 0x00, 0x00, 0x00, 0x00, 0x00, 0x00, 0xF8, 0x00, 0x00, 0x00,
    0x00, 0x00, 0xFC, 0x00, 0x00, 0x00, 0x00, 0x00, 0xFF, 0x00, 0x00, 0x00, 0x00, 0x00, 0x3F, 0x80,
    0x00, 0x00, 0x00, 0x00, 0x0F, 0xC0, 0x00, 0x00, 0x00, 0x00, 0x02, 0x80, 0x00, 0x00, 0x00, 0x00,
    0x00, 0x00, 0x00, 0x00, 0x00, 0x00, 0x00, 0x00, 0x00, 0x00, 0x00, 0xA8, 0x00, 0x00, 0x2A, 0x00,
    0x03, 0xFC, 0x00, 0x00, 0xFF, 0x00, 0x03, 0xFC, 0x00, 0x00, 0xFE, 0x00, 0x03, 0xF8, 0x00, 0x00,
    0xFE, 0x00, 0x07, 0xF0, 0x00, 0x01, 0xFC, 0x00, 0x0B, 0xF0, 0x00, 0x02, 0xFC, 0x00, 0x0F, 0xF0,
    0x00, 0x03, 0xFC, 0x00, 0x0F, 0xE0, 0x00, 0x03, 0xF8, 0x00, 0x0F, 0xE0, 0x00, 0x03, 0xF8, 0x00,
    0x2F, 0xC0, 0x00, 0x0B, 0xF0, 0x00, 0x2F, 0xC0, 0x00, 0x0B, 0xF0, 0x00, 0x3F, 0xC0, 0x00, 0x0F,
    0xF0, 0x00, 0x3F, 0x80, 0x00, 0x0F, 0xE0, 0x00, 0x3F, 0x80, 0x00, 0x2F, 0xD0, 0x00, 0x3F, 0x00,
    0x00, 0x3F, 0xC0, 0x00, 0xBF, 0x00, 0x00, 0xBF, 0xC0, 0x00, 0x3F, 0x80, 0x02, 0xFF, 0xC0, 0x00,
    0x3F, 0xC0, 0x0B, 0xFF, 0x80, 0x00, 0x3F, 0xFF, 0xFF, 0xFF, 0x00, 0x00, 0x0F, 0xFF, 0xFE, 0x3F,
    0x00, 0x00, 0x03, 0xFF, 0xF0, 0x3F, 0x00, 0x00, 0x00, 0x00, 0x00, 0x00, 0x00, 0x00, 0x00, 0x00,
    0x00, 0x00, 0x00, 0x00, 0x00, 0x00, 0x00, 0x0B, 0xC0, 0x00, 0x00, 0x00, 0x00, 0x2F, 0xE0, 0x00,
    0x00, 0x00, 0x00, 0xBF, 0xC0, 0x00, 0x00, 0x00, 0x02, 0xFF, 0x00, 0x00, 0x00, 0x00, 0x07, 0xF8,
    0x00, 0x00, 0x00, 0x00, 0x0A, 0x80, 0x00, 0x00, 0x00, 0x00, 0x00, 0x00, 0x00, 0x00, 0x00, 0x00,
    0x00, 0x00, 0x00, 0x00, 0x00, 0xA8, 0x00, 0x00, 0x2A, 0x00, 0x03, 0xFC, 0x00, 0x00, 0xFF, 0x00,
    0x03, 0xFC, 0x00, 0x00, 0xFE, 0x00, 0x03, 0xF8, 0x00, 0x00, 0xFE, 0x00, 0x07, 0xF0, 0x00, 0x01,
    0xFC, 0x00, 0x0B, 0xF0, 0x00, 0x02, 0xFC, 0x00, 0x0F, 0xF0, 0x00, 0x03, 0xFC, 0x00, 0x0F, 0xE0,
    0x00, 0x03, 0xF8, 0x00, 0x0F, 0xE0, 0x00, 0x03, 0xF8, 0x00, 0x2F, 0xC0, 0x00, 0x0B, 0xF0, 0x00,
    0x2F, 0xC0, 0x00, 0x0B, 0xF0, 0x00, 0x3F, 0xC0, 0x00, 0x0F, 0xF0, 0x00, 0x3F, 0x80, 0x00, 0x0F,
    0xE0, 0x00, 0x3F, 0x80, 0x00, 0x2F, 0xD0, 0x00, 0x3F, 0x00, 0x00, 0x3F, 0xC0, 0x00, 0xBF, 0x00,
    0x00, 0xBF, 0xC0, 0x00, 0x3F, 0x80, 0x02, 0xFF, 0xC0, 0x00, 0x3F, 0xC0, 0x0B, 0xFF, 0x80, 0x00,
    0x3F, 0xFF, 0xFF, 0xFF, 0x00, 0x00, 0x0F, 0xFF, 0xFE, 0x3F, 0x00, 0x00, 0x03, 0xFF, 0xF0, 0x3F,
    0x00, 0x00, 0x00, 0x00, 0x00, 0x00, 0x00, 0x00, 0x00, 0x00, 0x00, 0xA8, 0x00, 0x00, 0x00, 0x00,
    0x0B, 0xFE, 0x00, 0x00, 0x00, 0x00, 0x3F, 0xFF, 0x80, 0x00, 0x00, 0x00, 0xFF, 0x2F, 0xE0, 0x00,
    0x00, 0x0B, 0xFC, 0x0B, 0xF4, 0x00, 0x00, 0x00, 0x00, 0x00, 0x00, 0x00, 0x00, 0x00, 0x00, 0x00,
    0x00, 0x00, 0x00, 0x00, 0x00, 0x00, 0x00, 0x00, 0x00, 0xA8, 0x00, 0x00, 0x2A, 0x00, 0x03, 0xFC,
    0x00, 0x00, 0xFF, 0x00, 0x03, 0xFC, 0x00, 0x00, 0xFE, 0x00, 0x03, 0xF8, 0x00, 0x00, 0xFE, 0x00,
    0x07, 0xF0, 0x00, 0x01, 0xFC, 0x00, 0x0B, 0xF0, 0x00, 0x02, 0xFC, 0x00, 0x0F, 0xF0, 0x00, 0x03,
    0xFC, 0x00, 0x0F, 0xE0, 0x00, 0x03, 0xF8, 0x00, 0x0F, 0xE0, 0x00, 0x03, 0xF8, 0x00, 0x2F, 0xC0,
    0x00, 0x0B, 0xF0, 0x00, 0x2F, 0xC0, 0x00, 0x0B, 0xF0, 0x00, 0x3F, 0xC0, 0x00, 0x0F, 0xF0, 0x00,
    0x3F, 0x80, 0x00, 0x0F, 0xE0, 0x00, 0x3F, 0x80, 0x00, 0x2F, 0xD0, 0x00, 0x3F, 0x00, 0x00, 0x3F,
    0xC0, 0x00, 0xBF, 0x00, 0x00, 0xBF, 0xC0, 0x00, 0x3F, 0x80, 0x02, 0xFF, 0xC0, 0x00, 0x3F, 0xC0,
    0x0B, 0xFF, 0x80, 0x00, 0x3F, 0xFF, 0xFF, 0xFF, 0x00, 0x00, 0x0F, 0xFF, 0xFE, 0x3F, 0x00, 0x00,
    0x03, 0xFF, 0xF0, 0x3F, 0x00, 0x00, 0x00, 0x00, 0x00, 0x00, 0x00, 0x00, 0x00, 0x02, 0x80, 0x02,
    0xE0, 0x00, 0x00, 0x0F, 0xF0, 0x03, 0xFC, 0x00, 0x00, 0x0F, 0xF0, 0x0B, 0xFC, 0x00, 0x00, 0x0F,
    0xF0, 0x03, 0xFC, 0x00, 0x00, 0x02, 0x80, 0x01, 0xA0, 0x00, 0x00, 0x00, 0x00, 0x00, 0x00, 0x00,
    0x00, 0x00, 0x00, 0x00, 0x00, 0x00, 0x00, 0x00, 0x00, 0x00, 0x00, 0x00, 0x00, 0xA8, 0x00, 0x00,
    0x2A, 0x00, 0x03, 0xFC, 0x00, 0x00, 0xFF, 0x00, 0x03, 0xFC, 0x00, 0x00, 0xFE, 0x00, 0x03, 0xF8,
    0x00, 0x00, 0xFE, 0x00, 0x07, 0xF0, 0x00, 0x01, 0xFC, 0x00, 0x0B, 0xF0, 0x00, 0x02, 0xFC, 0x00,
    0x0F, 0xF0, 0x00, 0x03, 0xFC, 0x00, 0x0F, 0xE0, 0x00, 0x03, 0xF8, 0x00, 0x0F, 0xE0, 0x00, 0x03,
    0xF8, 0x00, 0x2F, 0xC0, 0x00, 0x0B, 0xF0, 0x00, 0x2F, 0xC0, 0x00, 0x0B, 0xF0, 0x00, 0x3F, 0xC0,
    0x00, 0x0F, 0xF0, 0x00, 0x3F, 0x80, 0x00, 0x0F, 0xE0, 0x00, 0x3F, 0x80, 0x00, 0x2F, 0xD0, 0x00,
    0x3F, 0x00, 0x00, 0x3F, 0xC0, 0x00, 0xBF, 0x00, 0x00, 0xBF, 0xC0, 0x00, 0x3F, 0x80, 0x02, 0xFF,
    0xC0, 0x00, 0x3F, 0xC0, 0x0B, 0xFF, 0x80, 0x00, 0x3F, 0xFF, 0xFF, 0xFF, 0x00, 0x00, 0x0F, 0xFF,
    0xFE, 0x3F, 0x00, 0x00, 0x03, 0xFF, 0xF0, 0x3F, 0x00, 0x00, 0x00, 0x00, 0x00, 0x00, 0x00, 0x00,
    0x00, 0x00, 0x00, 0x00, 0x00, 0x00, 0x00, 0x00, 0x00, 0x00, 0x3E, 0x00, 0x00, 0x00, 0x00, 0x00,
    0xFF, 0x00, 0x00, 0x00, 0x00, 0x03, 0xFE, 0x00, 0x00, 0x00, 0x00, 0x0F, 0xF0, 0x00, 0x00, 0x00,
    0x00, 0x3F, 0xC0, 0x00, 0x00, 0x00, 0x00, 0x29, 0x00, 0x00, 0x00, 0x00, 0x00, 0x00, 0x00, 0x00,
    0x00, 0x00, 0x00, 0x00, 0x00, 0x00, 0x00, 0x2A, 0x00, 0x00, 0x0A, 0xA0, 0x00, 0x3F, 0x80, 0x00,
    0x0F, 0xF0, 0x00, 0x3F, 0x80, 0x00, 0x2F, 0xE0, 0x00, 0x3F, 0xC0, 0x00, 0x3F, 0xC0, 0x00, 0x2F,
    0xC0, 0x00, 0xFF, 0x80, 0x00, 0x2F, 0xC0, 0x00, 0xFF, 0x00, 0x00, 0x2F, 0xC0, 0x03, 0xFD, 0x00,
    0x00, 0x0F, 0xC0, 0x07, 0xFC, 0x00, 0x00, 0x0F, 0xC0, 0x0F, 0xF0, 0x00, 0x00, 0x0F, 0xE0, 0x2F,
    0xF0, 0x00, 0x00, 0x0F, 0xE0, 0x3F, 0xC0, 0x00, 0x00, 0x0B, 0xE0, 0xBF, 0x80, 0x00, 0x00, 0x0B,
    0xE0, 0xFF, 0x00, 0x00, 0x00, 0x0B, 0xF2, 0xFE, 0x00, 0x00, 0x00, 0x03, 0xF3, 0xFC, 0x00, 0x00,
    0x00, 0x03, 0xFF, 0xF4, 0x00, 0x00, 0x00, 0x03, 0xFF, 0xF0, 0x00, 0x00, 0x00, 0x03, 0xFF, 0xC0,
    0x00, 0x00, 0x00, 0x02, 0xFF, 0xC0, 0x00, 0x00, 0x00, 0x02, 0xFF, 0x00, 0x00, 0x00, 0x00, 0x01,
    0xFE, 0x00, 0x00, 0x00, 0x00, 0x02, 0xFC, 0x00, 0x00, 0x00, 0x00, 0x03, 0xF8, 0x00, 0x00, 0x00,
    0x00, 0x0F, 0xF0, 0x00, 0x00, 0x00, 0x2A, 0xFF, 0xC0, 0x00, 0x00, 0x00, 0x3F, 0xFF, 0x80, 0x00,
    0x00, 0x00, 0xBF, 0xFE, 0x00, 0x00, 0x00, 0x00, 0x2A, 0x80, 0x00, 0x00, 0x00, 0x00, 0x00, 0x00,
    0xA9, 0x00, 0x00, 0x00, 0x00, 0x00, 0xFE, 0x00, 0x00, 0x00, 0x00, 0x01, 0xFC, 0x00, 0x00, 0x00,
    0x00, 0x02, 0xFC, 0x00, 0x00, 0x00, 0x00, 0x03, 0xFC, 0x00, 0x00, 0x00, 0x00, 0x03, 0xF8, 0x00,
    0x00, 0x00, 0x00, 0x03, 0xF8, 0x00, 0x00, 0x00, 0x00, 0x0B, 0xF0, 0x2F, 0xE0, 0x00, 0x00, 0x0B,
    0xF3, 0xFF, 0xFF, 0x00, 0x00, 0x0F, 0xFF, 0xFF, 0xFF, 0xC0, 0x00, 0x0F, 0xFF, 0x91, 0xBF, 0xF0,
    0x00, 0x0F, 0xFC, 0x00, 0x2F, 0xF0, 0x00, 0x2F, 0xF0, 0x00, 0x0B, 0xF8, 0x00, 0x2F, 0xE0, 0x00,
    0x03, 0xFC, 0x00, 0x3F, 0xC0, 0x00, 0x03, 0xFC, 0x00, 0x3F, 0x80, 0x00, 0x03, 0xFC, 0x00, 0x7F,
    0x00, 0x00, 0x03, 0xFC, 0x00, 0xBF, 0x00, 0x00, 0x03, 0xFC, 0x00, 0xFF, 0x00, 0x00, 0x03, 0xF8,
    0x00, 0xFF, 0x00, 0x00, 0x0B, 0xF8, 0x00, 0xFF, 0x00, 0x00, 0x0F, 0xF0, 0x01, 0xFF, 0x00, 0x00,
    0x0F, 0xF0, 0x02, 0xFF, 0x80, 0x00, 0x3F, 0xE0, 0x03, 0xFF, 0xC0, 0x00, 0xBF, 0xC0, 0x03, 0xFF,
    0xF0, 0x02, 0xFF, 0x40, 0x03, 0xFA, 0xFF, 0xFF, 0xFE, 0x00, 0x0B, 0xF0, 0xFF, 0xFF, 0xF8, 0x00,
    0x0B, 0xF0, 0x2F, 0xFF, 0x80, 0x00, 0x0F, 0xF0, 0x00, 0x40, 0x00, 0x00, 0x0F, 0xE0, 0x00, 0x00,
    0x00, 0x00, 0x0F, 0xD0, 0x00, 0x00, 0x00, 0x00, 0x2F, 0xC0, 0x00, 0x00, 0x00, 0x00, 0x3F, 0xC0,
    0x00, 0x00, 0x00, 0x00, 0x3F, 0xC0, 0x00, 0x00, 0x00, 0x00, 0x2A, 0x00, 0x00, 0x00, 0x00, 0x00,
    0x00, 0x00, 0x2E, 0x00, 0x0A, 0x00, 0x00, 0x00, 0xBF, 0x40, 0x3F, 0xC0, 0x00, 0x00, 0xFF, 0x80,
    0x3F, 0xC0, 0x00, 0x00, 0xBF, 0x40, 0x3F, 0xC0, 0x00, 0x00, 0x2A, 0x00, 0x0A, 0x00, 0x00, 0x00,
    0x00, 0x00, 0x00, 0x00, 0x00, 0x00, 0x00, 0x00, 0x00, 0x00, 0x00, 0x00, 0x00, 0x00, 0x00, 0x00,
    0x00, 0x2A, 0x00, 0x00, 0x0A, 0xA0, 0x00, 0x3F, 0x80, 0x00, 0x0F, 0xF0, 0x00, 0x3F, 0x80, 0x00,
    0x2F, 0xE0, 0x00, 0x3F, 0xC0, 0x00, 0x3F, 0xC0, 0x00, 0x2F, 0xC0, 0x00, 0xFF, 0x80, 0x00, 0x2F,
    0xC0, 0x00, 0xFF, 0x00, 0x00, 0x2F, 0xC0, 0x03, 0xFD, 0x00, 0x00, 0x0F, 0xC0, 0x07, 0xFC, 0x00,
    0x00, 0x0F, 0xC0, 0x0F, 0xF0, 0x00, 0x00, 0x0F, 0xE0, 0x2F, 0xF0, 0x00, 0x00, 0x0F, 0xE0, 0x3F,
    0xC0, 0x00, 0x00, 0x0B, 0xE0, 0xBF, 0x80, 0x00, 0x00, 0x0B, 0xE0, 0xFF, 0x00, 0x00, 0x00, 0x0B,
    0xF2, 0xFE, 0x00, 0x00, 0x00, 0x03, 0xF3, 0xFC, 0x00, 0x00, 0x00, 0x03, 0xFF, 0xF4, 0x00, 0x00,
    0x00, 0x03, 0xFF, 0xF0, 0x00, 0x00, 0x00, 0x03, 0xFF, 0xC0, 0x00, 0x00, 0x00, 0x02, 0xFF, 0xC0,
    0x00, 0x00, 0x00, 0x02, 0xFF, 0x00, 0x00, 0x00, 0x00, 0x01, 0xFE, 0x00, 0x00, 0x00, 0x00, 0x02,
    0xFC, 0x00, 0x00, 0x00, 0x00, 0x03, 0xF8, 0x00, 0x00, 0x00, 0x00, 0x0F, 0xF0, 0x00, 0x00, 0x00,
    0x2A, 0xFF, 0xC0, 0x00, 0x00, 0x00, 0x3F, 0xFF, 0x80, 0x00, 0x00, 0x00, 0xBF, 0xFE, 0x00, 0x00,
    0x00, 0x00, 0x2A, 0x80, 0x00, 0x00, 0x00, 0x00, 0x00, 0x00, 0x00, 0x00, 0x00, 0x00, 0x00, 0x00,
    0x00, 0x00, 0x0B, 0xFF, 0xFF, 0xF0, 0x00, 0x00, 0x00, 0x0F, 0xFF, 0xFF, 0xE0, 0x00, 0x00, 0x00,
    0x0A, 0xAA, 0xAA, 0x80, 0x00, 0x00, 0x00, 0x00, 0x00, 0x00, 0x00, 0x00, 0x00, 0x00, 0x00, 0x00,
    0x00, 0x00, 0x00, 0x00, 0x00, 0x00, 0x00, 0x00, 0x00, 0x00, 0x00, 0x00, 0x00, 0x2A, 0xA0, 0x00,
    0x00, 0x00, 0x00, 0x00, 0xFF, 0xF0, 0x00, 0x00, 0x00, 0x00, 0x01, 0xFF, 0xF0, 0x00, 0x00, 0x00,
    0x00, 0x03, 0xFF, 0xF0, 0x00, 0x00, 0x00, 0x00, 0x0B, 0xFF, 0xF8, 0x00, 0x00, 0x00, 0x00, 0x0F,
    0xFB, 0xF8, 0x00, 0x00, 0x00, 0x00, 0x3F, 0xE3, 0xFC, 0x00, 0x00, 0x00, 0x00, 0x3F, 0xC3, 0xFC,
    0x00, 0x00, 0x00, 0x00, 0xFF, 0x43, 0xFC, 0x00, 0x00, 0x00, 0x02, 0xFF, 0x02, 0xFC, 0x00, 0x00,
    0x00, 0x03, 0xFC, 0x02, 0xFE, 0x00, 0x00, 0x00, 0x0B, 0xF8, 0x02, 0xFE, 0x00, 0x00, 0x00, 0x0F,
    0xF0, 0x00, 0xFF, 0x00, 0x00, 0x00, 0x3F, 0xE0, 0x00, 0xFF, 0x00, 0x00, 0x00, 0xBF, 0xC0, 0x00,
    0xFF, 0x00, 0x00, 0x00, 0xFF, 0x80, 0x00, 0xFF, 0x00, 0x00, 0x02, 0xFF, 0x00, 0x00, 0xFF, 0x40,
    0x00, 0x03, 0xFC, 0x00, 0x00, 0xBF, 0x80, 0x00, 0x0F, 0xFE, 0xAA, 0xAA, 0xFF, 0x80, 0x00, 0x1F,
    0xFF, 0xFF, 0xFF, 0xFF, 0xC0, 0x00, 0x3F, 0xFF, 0xFF, 0xFF, 0xFF, 0xC0, 0x00, 0xBF, 0xFF, 0xFF,
    0xFF, 0xFF, 0xC0, 0x00, 0xFF, 0x80, 0x00, 0x00, 0x3F, 0xD0, 0x02, 0xFF, 0x00, 0x00, 0x00, 0x3F,
    0xE0, 0x03, 0xFC, 0x00, 0x00, 0x00, 0x2F, 0xE0, 0x0F, 0xFC, 0x00, 0x00, 0x00, 0x2F, 0xF0, 0x2F,
    0xF0, 0x00, 0x00, 0x00, 0x0F, 0xF0, 0x3F, 0xE0, 0x00, 0x00, 0x00, 0x0F, 0xF0, 0x00, 0x00, 0x2A,
    0xAA, 0xAA, 0x00, 0x00, 0xFF, 0xFF, 0xFF, 0x00, 0x00, 0xFF, 0xFF, 0xFE, 0x00, 0x00, 0x00, 0x00,
    0x00, 0x00, 0x00, 0x00, 0x00, 0x00, 0x00, 0x00, 0x00, 0x00, 0x00, 0x00, 0x00, 0x00, 0x00, 0x00,
    0x00, 0x00, 0xAF, 0xE8, 0x00, 0x00, 0x0B, 0xFF, 0xFF, 0xC0, 0x00, 0x2F, 0xFF, 0xFF, 0xF0, 0x00,
    0xBF, 0xE0, 0x1F, 0xF8, 0x00, 0xFF, 0x00, 0x03, 0xFC, 0x00, 0xBC, 0x00, 0x03, 0xFC, 0x00, 0x00,
    0x00, 0x02, 0xFC, 0x00, 0x00, 0x00, 0x03, 0xFC, 0x00, 0x00, 0x02, 0xAF, 0xFC, 0x00, 0x0B, 0xFF,
    0xFF, 0xF8, 0x00, 0xFF, 0xFF, 0xFF, 0xF0, 0x0B, 0xFF, 0xEA, 0x0B, 0xF0, 0x2F, 0xF8, 0x00, 0x0B,
    0xF0, 0x3F, 0xC0, 0x00, 0x0F, 0xE0, 0xBF, 0x80, 0x00, 0x1F, 0xE0, 0xFF, 0x00, 0x00, 0x3F, 0xC0,
    0xFF, 0x00, 0x00, 0xFF, 0xC0, 0xBF, 0xC0, 0x03, 0xFF, 0xC0, 0x3F, 0xFA, 0xBF, 0xFF, 0xC0, 0x2F,
    0xFF, 0xFF, 0x2F, 0xC0, 0x03, 0xFF, 0xF8, 0x2F, 0xC0, 0x00, 0x04, 0x00, 0x00, 0x00, 0x00, 0x00,
    0x00, 0x00, 0x00, 0x00, 0x00, 0x00, 0x00, 0x00, 0x0B, 0xE0, 0x03, 0xF0, 0x00, 0x00, 0x00, 0x03,
    0xF8, 0x1F, 0xF0, 0x00, 0x00, 0x00, 0x03, 0xFF, 0xFF, 0xC0, 0x00, 0x00, 0x00, 0x00, 0xFF, 0xFF,
    0x00, 0x00, 0x00, 0x00, 0x00, 0x1B, 0xE0, 0x00, 0x00, 0x00, 0x00, 0x00, 0x00, 0x00, 0x00, 0x00,
    0x00, 0x00, 0x00, 0x00, 0x00, 0x00, 0x00, 0x00, 0x00, 0x00, 0x2A, 0xA0, 0x00, 0x00, 0x00, 0x00,
    0x00, 0xFF, 0xF0, 0x00, 0x00, 0x00, 0x00, 0x01, 0xFF, 0xF0, 0x00, 0x00, 0x00, 0x00, 0x03, 0xFF,
    0xF0, 0x00, 0x00, 0x00, 0x00, 0x0B, 0xFF, 0xF8, 0x00, 0x00, 0x00, 0x00, 0x0F, 0xFB, 0xF8, 0x00,
    0x00, 0x00, 0x00, 0x3F, 0xE3, 0xFC, 0x00, 0x00, 0x00, 0x00, 0x3F, 0xC3, 0xFC, 0x00, 0x00, 0x00,
    0x00, 0xFF, 0x43, 0xFC, 0x00, 0x00, 0x00, 0x02, 0xFF, 0x02, 0xFC, 0x00, 0x00, 0x00, 0x03, 0xFC,
    0x02, 0xFE, 0x00, 0x00, 0x00, 0x0B, 0xF8, 0x02, 0xFE, 0x00, 0x00, 0x00, 0x0F, 0xF0, 0x00, 0xFF,
    0x00, 0x00, 0x00, 0x3F, 0xE0, 0x00, 0xFF, 0x00, 0x00, 0x00, 0xBF, 0xC0, 0x00, 0xFF, 0x00, 0x00,
    0x00, 0xFF, 0x80, 0x00, 0xFF, 0x00, 0x00, 0x02, 0xFF, 0x00, 0x00, 0xFF, 0x40, 0x00, 0x03, 0xFC,
    0x00, 0x00, 0xBF, 0x80, 0x00, 0x0F, 0xFE, 0xAA, 0xAA, 0xFF, 0x80, 0x00, 0x1F, 0xFF, 0xFF, 0xFF,
    0xFF, 0xC0, 0x00, 0x3F, 0xFF, 0xFF, 0xFF, 0xFF, 0xC0, 0x00, 0xBF, 0xFF, 0xFF, 0xFF, 0xFF, 0xC0,
    0x00, 0xFF, 0x80, 0x00, 0x00, 0x3F, 0xD0, 0x02, 0xFF, 0x00, 0x00, 0x00, 0x3F, 0xE0, 0x03, 0xFC,
    0x00, 0x00, 0x00, 0x2F, 0xE0, 0x0F, 0xFC, 0x00, 0x00, 0x00, 0x2F, 0xF0, 0x2F, 0xF0, 0x00, 0x00,
    0x00, 0x0F, 0xF0, 0x3F, 0xE0, 0x00, 0x00, 0x00, 0x0F, 0xF0, 0x00, 0x00, 0x00, 0x00, 0x00, 0x00,
    0x00, 0x00, 0xBE, 0x00, 0x3F, 0x00, 0x00, 0x00, 0x7F, 0x81, 0xFE, 0x00, 0x00, 0x00, 0x3F, 0xFF,
    0xFC, 0x00, 0x00, 0x00, 0x0F, 0xFF, 0xE0, 0x00, 0x00, 0x00, 0x02, 0xFE, 0x00, 0x00, 0x00, 0x00,
    0x00, 0x00, 0x00, 0x00, 0x00, 0x00, 0x00, 0x00, 0x00, 0x00, 0x00, 0x00, 0xAF, 0xE8, 0x00, 0x00,
    0x00, 0x0B, 0xFF, 0xFF, 0xC0, 0x00, 0x00, 0x2F, 0xFF, 0xFF, 0xF0, 0x00, 0x00, 0xBF, 0xE0, 0x1F,
    0xF8, 0x00, 0x00, 0xFF, 0x00, 0x03, 0xFC, 0x00, 0x00, 0xBC, 0x00, 0x03, 0xFC, 0x00, 0x00, 0x00,
    0x00, 0x02, 0xFC, 0x00, 0x00, 0x00, 0x00, 0x03, 0xFC, 0x00, 0x00, 0x00, 0x02, 0xAF, 0xFC, 0x00,
    0x00, 0x0B, 0xFF, 0xFF, 0xF8, 0x00, 0x00, 0xFF, 0xFF, 0xFF, 0xF0, 0x00, 0x0B, 0xFF, 0xEA, 0x0B,
    0xF0, 0x00, 0x2F, 0xF8, 0x00, 0x0B, 0xF0, 0x00, 0x3F, 0xC0, 0x00, 0x0F, 0xE0, 0x00, 0xBF, 0x80,
    0x00, 0x1F, 0xE0, 0x00, 0xFF, 0x00, 0x00, 0x3F, 0xC0, 0x00, 0xFF, 0x00, 0x00, 0xFF, 0xC0, 0x00,
    0xBF, 0xC0, 0x03, 0xFF, 0xC0, 0x00, 0x3F, 0xFA, 0xBF, 0xFF, 0xC0, 0x00, 0x2F, 0xFF, 0xFF, 0x2F,
    0xC0, 0x00, 0x03, 0xFF, 0xF8, 0x2F, 0xC0, 0x00, 0x00, 0x04, 0x00, 0x00, 0x00, 0x00, 0x00, 0x00,
    0x00, 0x00, 0x2A, 0xA0, 0x00, 0x00, 0x00, 0x00, 0x00, 0xFF, 0xF0, 0x00, 0x00, 0x00, 0x00, 0x01,
    0xFF, 0xF0, 0x00, 0x00, 0x00, 0x00, 0x03, 0xFF, 0xF0, 0x00, 0x00, 0x00, 0x00, 0x0B, 0xFF, 0xF8,
    0x00, 0x00, 0x00, 0x00, 0x0F, 0xFB, 0xF8, 0x00, 0x00, 0x00, 0x00, 0x3F, 0xE3, 0xFC, 0x00, 0x00,
    0x00, 0x00, 0x3F, 0xC3, 0xFC, 0x00, 0x00, 0x00, 0x00, 0xFF, 0x43, 0xFC, 0x00, 0x00, 0x00, 0x02,
    0xFF, 0x02, 0xFC, 0x00, 0x00, 0x00, 0x03, 0xFC, 0x02, 0xFE, 0x00, 0x00, 0x00, 0x0B, 0xF8, 0x02,
    0xFE, 0x00, 0x00, 0x00, 0x0F, 0xF0, 0x00, 0xFF, 0x00, 0x00, 0x00, 0x3F, 0xE0, 0x00, 0xFF, 0x00,
    0x00, 0x00, 0xBF, 0xC0, 0x00, 0xFF, 0x00, 0x00, 0x00, 0xFF, 0x80, 0x00, 0xFF, 0x00, 0x00, 0x02,
    0xFF, 0x00, 0x00, 0xFF, 0x40, 0x00, 0x03, 0xFC, 0x00, 0x00, 0xBF, 0x80, 0x00, 0x0F, 0xFE, 0xAA,
    0xAA, 0xFF, 0x80, 0x00, 0x1F, 0xFF, 0xFF, 0xFF, 0xFF, 0xC0, 0x00, 0x3F, 0xFF, 0xFF, 0xFF, 0xFF,
    0xC0, 0x00, 0xBF, 0xFF, 0xFF, 0xFF, 0xFF, 0xC0, 0x00, 0xFF, 0x80, 0x00, 0x00, 0x3F, 0xD0, 0x02,
    0xFF, 0x00, 0x00, 0x00, 0x3F, 0xE0, 0x03, 0xFC, 0x00, 0x00, 0x00, 0x2F, 0xE0, 0x0F, 0xFC, 0x00,
    0x00, 0x00, 0x2F, 0xF0, 0x2F, 0xF0, 0x00, 0x00, 0x00, 0x0F, 0xF0, 0x3F, 0xE0, 0x00, 0x00, 0x00,
    0x0F, 0xF0, 0x00, 0x00, 0x00, 0x00, 0x00, 0x2F, 0x80, 0x00, 0x00, 0x00, 0x00, 0x00, 0xFC, 0x00,
    0x00, 0x00, 0x00, 0x00, 0x03, 0xF0, 0x00, 0x00, 0x00, 0x00, 0x00, 0x07, 0xF0, 0x00, 0x00, 0x00,
    0x00, 0x00, 0x0B, 0xFE, 0x80, 0x00, 0x00, 0x00, 0x00, 0x03, 0xFF, 0xC0, 0x00, 0x00, 0x00, 0x00,
    0x00, 0xFF, 0x80, 0x00, 0x00, 0x00, 0x00, 0x00, 0x00, 0x00, 0x00, 0x00, 0xAF, 0xE8, 0x00, 0x00,
    0x0B, 0xFF, 0xFF, 0xC0, 0x00, 0x2F, 0xFF, 0xFF, 0xF0, 0x00, 0xBF, 0xE0, 0x1F, 0xF8, 0x00, 0xFF,
    0x00, 0x03, 0xFC, 0x00, 0xBC, 0x00, 0x03, 0xFC, 0x00, 0x00, 0x00, 0x02, 0xFC, 0x00, 0x00, 0x00,
    0x03, 0xFC, 0x00, 0x00, 0x02, 0xAF, 0xFC, 0x00, 0x0B, 0xFF, 0xFF, 0xF8, 0x00, 0xFF, 0xFF, 0xFF,
    0xF0, 0x0B, 0xFF, 0xEA, 0x0B, 0xF0, 0x2F, 0xF8, 0x00, 0x0B, 0xF0, 0x3F, 0xC0, 0x00, 0x0F, 0xE0,
    0xBF, 0x80, 0x00, 0x1F, 0xE0, 0xFF, 0x00, 0x00, 0x3F, 0xC0, 0xFF, 0x00, 0x00, 0xFF, 0xC0, 0xBF,
    0xC0, 0x03, 0xFF, 0xC0, 0x3F, 0xFA, 0xBF, 0xFF, 0xC0, 0x2F, 0xFF, 0xFF, 0x2F, 0xC0, 0x03, 0xFF,
    0xF8, 0x2F, 0xC0, 0x00, 0x04, 0x01, 0xFE, 0x00, 0x00, 0x00, 0x0B, 0xE0, 0x00, 0x00, 0x00, 0x2F,
    0xC0, 0x00, 0x00, 0x00, 0x3F, 0x80, 0x00, 0x00, 0x00, 0x3F, 0xEA, 0x00, 0x00, 0x00, 0x2F, 0xFE,
    0x00, 0x00, 0x00, 0x0B, 0xFC, 0x00, 0x00, 0x00, 0x00, 0x00, 0x00, 0x00, 0x00, 0x00, 0x00, 0x02,
    0x80, 0x00, 0x00, 0x00, 0x00, 0x00, 0x1F, 0xC0, 0x00, 0x00, 0x00, 0x00, 0x00, 0xBF, 0xC0, 0x00,
    0x00, 0x00, 0x00, 0x03, 0xFF, 0x40, 0x00, 0x00, 0x00, 0x00, 0x0F, 0xF8, 0x00, 0x00, 0x00, 0x00,
    0x00, 0x0A, 0x40, 0x00, 0x00, 0x00, 0x00, 0x00, 0x00, 0x00, 0x00, 0x00, 0x00, 0x00, 0x00, 0x00,
    0x00, 0x00, 0x00, 0x00, 0x00, 0x02, 0xFF, 0xF9, 0x00, 0x00, 0x00, 0x00, 0x7F, 0xFF, 0xFF, 0xE0,
    0x00, 0x00, 0x03, 0xFF, 0xFF, 0xFF, 0xFC, 0x00, 0x00, 0x0F, 0xFF, 0xA6, 0xBF, 0xFE, 0x00, 0x00,
    0x3F, 0xF8, 0x00, 0x03, 0xFF, 0x00, 0x00, 0xFF, 0xC0, 0x00, 0x00, 0xFF, 0x80, 0x02, 0xFF, 0x00,
    0x00, 0x00, 0x7F, 0x80, 0x07, 0xFC, 0x00, 0x00, 0x00, 0x20, 0x00, 0x0F, 0xF8, 0x00, 0x00, 0x00,
    0x00, 0x00, 0x1F, 0xF0, 0x00, 0x00, 0x00, 0x00, 0x00, 0x3F, 0xE0, 0x00, 0x00, 0x00, 0x00, 0x00,
    0x3F, 0xC0, 0x00, 0x00, 0x00, 0x00, 0x00, 0x3F, 0xC0, 0x00, 0x00, 0x00, 0x00, 0x00, 0xBF, 0x80,
    0x00, 0x00, 0x00, 0x00, 0x00, 0xBF, 0x40, 0x00, 0x00, 0x00, 0x00, 0x00, 0xFF, 0x00, 0x00, 0x00,
    0x00, 0x00, 0x00, 0xFF, 0x00, 0x00, 0x00, 0x00, 0x00, 0x00, 0xFF, 0x00, 0x00, 0x00, 0x00, 0x00,
    0x00, 0xFF, 0x40, 0x00, 0x00, 0x00, 0x00, 0x00, 0xBF, 0x80, 0x00, 0x00, 0x00, 0x00, 0x00, 0xBF,
    0xC0, 0x00, 0x00, 0x00, 0x00, 0x00, 0x3F, 0xD0, 0x00, 0x00, 0x0B, 0xD0, 0x00, 0x3F, 0xF0, 0x00,
    0x00, 0x1F, 0xF0, 0x00, 0x2F, 0xFC, 0x00, 0x00, 0xBF, 0xE0, 0x00, 0x0F, 0xFF, 0x80, 0x0B, 0xFF,
    0x80, 0x00, 0x03, 0xFF, 0xFF, 0xFF, 0xFE, 0x00, 0x00, 0x00, 0xBF, 0xFF, 0xFF, 0xF0, 0x00, 0x00,
    0x00, 0x0B, 0xFF, 0xFE, 0x00, 0x00, 0x00, 0x00, 0x00, 0x05, 0x00, 0x00, 0x00, 0x00, 0x00, 0x00,
    0x00, 0x00, 0x00, 0x00, 0x00, 0x00, 0x03, 0xF0, 0x00, 0x00, 0x00, 0x0F, 0xF0, 0x00, 0x00, 0x00,
    0x3F, 0xF0, 0x00, 0x00, 0x00, 0xBF, 0x80, 0x00, 0x00, 0x02, 0xFD, 0x00, 0x00, 0x00, 0x02, 0xA0,
    0x00, 0x00, 0x00, 0x00, 0x00, 0x00, 0x00, 0x00, 0x00, 0x00, 0x00, 0x00, 0x00, 0x2F, 0xF8, 0x00,
    0x00, 0x03, 0xFF, 0xFF, 0xC0, 0x00, 0x2F, 0xFF, 0xFF, 0xF8, 0x00, 0xBF, 0xF9, 0x6F, 0xFC, 0x01,
    0xFF, 0x80, 0x02, 0xFE, 0x03, 0xFE, 0x00, 0x00, 0xE0, 0x0B, 0xF8, 0x00, 0x00, 0x00, 0x0F, 0xF0,
    0x00, 0x00, 0x00, 0x0F, 0xE0, 0x00, 0x00, 0x00, 0x2F, 0xD0, 0x00, 0x00, 0x00, 0x3F, 0xC0, 0x00,
    0x00, 0x00, 0x3F, 0xC0, 0x00, 0x00, 0x00, 0x3F, 0xC0, 0x00, 0x00, 0x00, 0x3F, 0xC0, 0x00, 0x00,
    0x00, 0x3F, 0xC0, 0x00, 0x00, 0x00, 0x2F, 0xE0, 0x00, 0x00, 0x00, 0x2F, 0xF0, 0x00, 0x0F, 0xE0,
    0x0F, 0xFC, 0x00, 0xBF, 0xE0, 0x0B, 0xFF, 0xFF, 0xFF, 0x80, 0x02, 0xFF, 0xFF, 0xFE, 0x00, 0x00,
    0x3F, 0xFF, 0xE0, 0x00, 0x00, 0x00, 0x50, 0x00, 0x00, 0x00, 0x00, 0x00, 0x01, 0x90, 0x00, 0x00,
    0x00, 0x00, 0x00, 0x0B, 0xF8, 0x00, 0x00, 0x00, 0x00, 0x00, 0x0F, 0xF8, 0x00, 0x00, 0x00, 0x00,
    0x00, 0x0B, 0xF8, 0x00, 0x00, 0x00, 0x00, 0x00, 0x03, 0xE0, 0x00, 0x00, 0x00, 0x00, 0x00, 0x00,
    0x00, 0x00, 0x00, 0x00, 0x00, 0x00, 0x00, 0x00, 0x00, 0x00, 0x00, 0x00, 0x00, 0x00, 0x00, 0x00,
    0x00, 0x00, 0x00, 0x02, 0xFF, 0xF9, 0x00, 0x00, 0x00, 0x00, 0x7F, 0xFF, 0xFF, 0xE0, 0x00, 0x00,
    0x03, 0xFF, 0xFF, 0xFF, 0xFC, 0x00, 0x00, 0x0F, 0xFF, 0xA6, 0xBF, 0xFE, 0x00, 0x00, 0x3F, 0xF8,
    0x00, 0x03, 0xFF, 0x00, 0x00, 0xFF, 0xC0, 0x00, 0x00, 0xFF, 0x80, 0x02, 0xFF, 0x00, 0x00, 0x00,
    0x7F, 0x80, 0x07, 0xFC, 0x00, 0x00, 0x00, 0x20, 0x00, 0x0F, 0xF8, 0x00, 0x00, 0x00, 0x00, 0x00,
    0x1F, 0xF0, 0x00, 0x00, 0x00, 0x00, 0x00, 0x3F, 0xE0, 0x00, 0x00, 0x00, 0x00, 0x00, 0x3F, 0xC0,
    0x00, 0x00, 0x00, 0x00, 0x00, 0x3F, 0xC0, 0x00, 0x00, 0x00, 0x00, 0x00, 0xBF, 0x80, 0x00, 0x00,
    0x00, 0x00, 0x00, 0xBF, 0x40, 0x00, 0x00, 0x00, 0x00, 0x00, 0xFF, 0x00, 0x00, 0x00, 0x00, 0x00,
    0x00, 0xFF, 0x00, 0x00, 0x00, 0x00, 0x00, 0x00, 0xFF, 0x00, 0x00, 0x00, 0x00, 0x00, 0x00, 0xFF,
    0x40, 0x00, 0x00, 0x00, 0x00, 0x00, 0xBF, 0x80, 0x00, 0x00, 0x00, 0x00, 0x00, 0xBF, 0xC0, 0x00,
    0x00, 0x00, 0x00, 0x00, 0x3F, 0xD0, 0x00, 0x00, 0x0B, 0xD0, 0x00, 0x3F, 0xF0, 0x00, 0x00, 0x1F,
    0xF0, 0x00, 0x2F, 0xFC, 0x00, 0x00, 0xBF, 0xE0, 0x00, 0x0F, 0xFF, 0x80, 0x0B, 0xFF, 0x80, 0x00,
    0x03, 0xFF, 0xFF, 0xFF, 0xFE, 0x00, 0x00, 0x00, 0xBF, 0xFF, 0xFF, 0xF0, 0x00, 0x00, 0x00, 0x0B,
    0xFF, 0xFE, 0x00, 0x00, 0x00, 0x00, 0x00, 0x05, 0x00, 0x00, 0x00, 0x00, 0x00, 0x00, 0x00, 0x60,
    0x00, 0x00, 0x00, 0x02, 0xFC, 0x00, 0x00, 0x00, 0x03, 0xFE, 0x00, 0x00, 0x00, 0x03, 0xFE, 0x00,
    0x00, 0x00, 0x00, 0xF8, 0x00, 0x00, 0x00, 0x00, 0x00, 0x00, 0x00, 0x00, 0x00, 0x00, 0x00, 0x00,
    0x00, 0x00, 0x00, 0x00, 0x00, 0x00, 0x2F, 0xF8, 0x00, 0x00, 0x03, 0xFF, 0xFF, 0xC0, 0x00, 0x2F,
    0xFF, 0xFF, 0xF8, 0x00, 0xBF, 0xF9, 0x6F, 0xFC, 0x01, 0xFF, 0x80, 0x02, 0xFE, 0x03, 0xFE, 0x00,
    0x00, 0xE0, 0x0B, 0xF8, 0x00, 0x00, 0x00, 0x0F, 0xF0, 0x00, 0x00, 0x00, 0x0F, 0xE0, 0x00, 0x00,
    0x00, 0x2F, 0xD0, 0x00, 0x00, 0x00, 0x3F, 0xC0, 0x00, 0x00, 0x00, 0x3F, 0xC0, 0x00, 0x00, 0x00,
    0x3F, 0xC0, 0x00, 0x00, 0x00, 0x3F, 0xC0, 0x00, 0x00, 0x00, 0x3F, 0xC0, 0x00, 0x00, 0x00, 0x2F,
    0xE0, 0x00, 0x00, 0x00, 0x2F, 0xF0, 0x00, 0x0F, 0xE0, 0x0F, 0xFC, 0x00, 0xBF, 0xE0, 0x0B, 0xFF,
    0xFF, 0xFF, 0x80, 0x02, 0xFF, 0xFF, 0xFE, 0x00, 0x00, 0x3F, 0xFF, 0xE0, 0x00, 0x00, 0x00, 0x50,
    0x00, 0x00, 0x00, 0x00, 0x00, 0x00, 0x00, 0x00, 0x00, 0x00, 0x00, 0x07, 0xF8, 0x0B, 0xF8, 0x00,
    0x00, 0x00, 0x02, 0xFE, 0x3F, 0xE0, 0x00, 0x00, 0x00, 0x00, 0xBF, 0xFF, 0x00, 0x00, 0x00, 0x00,
    0x00, 0x2F, 0xFC, 0x00, 0x00, 0x00, 0x00, 0x00, 0x0B, 0x90, 0x00, 0x00, 0x00, 0x00, 0x00, 0x00,
    0x00, 0x00, 0x00, 0x00, 0x00, 0x00, 0x00, 0x00, 0x00, 0x00, 0x00, 0x00, 0x02, 0xFF, 0xF9, 0x00,
    0x00, 0x00, 0x00, 0x7F, 0xFF, 0xFF, 0xE0, 0x00, 0x00, 0x03, 0xFF, 0xFF, 0xFF, 0xFC, 0x00, 0x00,
    0x0F, 0xFF, 0xA6, 0xBF, 0xFE, 0x00, 0x00, 0x3F, 0xF8, 0x00, 0x03, 0xFF, 0x00, 0x00, 0xFF, 0xC0,
    0x00, 0x00, 0xFF, 0x80, 0x02, 0xFF, 0x00, 0x00, 0x00, 0x7F, 0x80, 0x07, 0xFC, 0x00, 0x00, 0x00,
    0x20, 0x00, 0x0F, 0xF8, 0x00, 0x00, 0x00, 0x00, 0x00, 0x1F, 0xF0, 0x00, 0x00, 0x00, 0x00, 0x00,
    0x3F, 0xE0, 0x00, 0x00, 0x00, 0x00, 0x00, 0x3F, 0xC0, 0x00, 0x00, 0x00, 0x00, 0x00, 0x3F, 0xC0,
    0x00, 0x00, 0x00, 0x00, 0x00, 0xBF, 0x80, 0x00, 0x00, 0x00, 0x00, 0x00, 0xBF, 0x40, 0x00, 0x00,
    0x00, 0x00, 0x00, 0xFF, 0x00, 0x00, 0x00, 0x00, 0x00, 0x00, 0xFF, 0x00, 0x00, 0x00, 0x00, 0x00,
    0x00, 0xFF, 0x00, 0x00, 0x00, 0x00, 0x00, 0x00, 0xFF, 0x40, 0x00, 0x00, 0x00, 0x00, 0x00, 0xBF,
    0x80, 0x00, 0x00, 0x00, 0x00, 0x00, 0xBF, 0xC0, 0x00, 0x00, 0x00, 0x00, 0x00, 0x3F, 0xD0, 0x00,
    0x00, 0x0B, 0xD0, 0x00, 0x3F, 0xF0, 0x00, 0x00, 0x1F, 0xF0, 0x00, 0x2F, 0xFC, 0x00, 0x00, 0xBF,
    0xE0, 0x00, 0x0F, 0xFF, 0x80, 0x0B, 0xFF, 0x80, 0x00, 0x03, 0xFF, 0xFF, 0xFF, 0xFE, 0x00, 0x00,
    0x00, 0xBF, 0xFF, 0xFF, 0xF0, 0x00, 0x00, 0x00, 0x0B, 0xFF, 0xFE, 0x00, 0x00, 0x00, 0x00, 0x00,
    0x05, 0x00, 0x00, 0x00, 0x00, 0x00, 0x00, 0x00, 0x00, 0x00, 0x00, 0x00, 0x00, 0xFF, 0x02, 0xFF,
    0x00, 0x00, 0x00, 0x7F, 0x8B, 0xF8, 0x00, 0x00, 0x00, 0x2F, 0xFF, 0xD0, 0x00, 0x00, 0x00, 0x0B,
    0xFF, 0x00, 0x00, 0x00, 0x00, 0x02, 0xF8, 0x00, 0x00, 0x00, 0x00, 0x00, 0x00, 0x00, 0x00, 0x00,
    0x00, 0x00, 0x00, 0x00, 0x00, 0x00, 0x00, 0x2F, 0xF8, 0x00, 0x00, 0x00, 0x03, 0xFF, 0xFF, 0xC0,
    0x00, 0x00, 0x2F, 0xFF, 0xFF, 0xF8, 0x00, 0x00, 0xBF, 0xF9, 0x6F, 0xFC, 0x00, 0x01, 0xFF, 0x80,
    0x02, 0xFE, 0x00, 0x03, 0xFE, 0x00, 0x00, 0xE0, 0x00, 0x0B, 0xF8, 0x00, 0x00, 0x00, 0x00, 0x0F,
    0xF0, 0x00, 0x00, 0x00, 0x00, 0x0F, 0xE0, 0x00, 0x00, 0x00, 0x00, 0x2F, 0xD0, 0x00, 0x00, 0x00,
    0x00, 0x3F, 0xC0, 0x00, 0x00, 0x00, 0x00, 0x3F, 0xC0, 0x00, 0x00, 0x00, 0x00, 0x3F, 0xC0, 0x00,
    0x00, 0x00, 0x00, 0x3F, 0xC0, 0x00, 0x00, 0x00, 0x00, 0x3F, 0xC0, 0x00, 0x00, 0x00, 0x00, 0x2F,
    0xE0, 0x00, 0x00, 0x00, 0x00, 0x2F, 0xF0, 0x00, 0x0F, 0xE0, 0x00, 0x0F, 0xFC, 0x00, 0xBF, 0xE0,
    0x00, 0x0B, 0xFF, 0xFF, 0xFF, 0x80, 0x00, 0x02, 0xFF, 0xFF, 0xFE, 0x00, 0x00, 0x00, 0x3F, 0xFF,
    0xE0, 0x00, 0x00, 0x00, 0x00, 0x50, 0x00, 0x00, 0x00, 0x00, 0x00, 0x00, 0x00, 0x00, 0x00, 0x00,
    0x00, 0x00, 0x00, 0xFF, 0x02, 0xFF, 0x00, 0x00, 0x00, 0x00, 0x7F, 0x8F, 0xF8, 0x00, 0x00, 0x00,
    0x00, 0x2F, 0xFF, 0xC0, 0x00, 0x00, 0x00, 0x00, 0x0B, 0xFF, 0x00, 0x00, 0x00, 0x00, 0x00, 0x02,
    0xE8, 0x00, 0x00, 0x00, 0x00, 0x00, 0x00, 0x00, 0x00, 0x00, 0x00, 0x00, 0x00, 0x00, 0x00, 0x00,
    0x00, 0x00, 0x0A, 0xAA, 0xAA, 0x80, 0x00, 0x00, 0x00, 0x0F, 0xFF, 0xFF, 0xFF, 0x80, 0x00, 0x00,
    0x0F, 0xFF, 0xFF, 0xFF, 0xF8, 0x00, 0x00, 0x1F, 0xFF, 0xFF, 0xFF, 0xFF, 0x00, 0x00, 0x2F, 0xE0,
    0x00, 0x1F, 0xFF, 0x80, 0x00, 0x3F, 0xD0, 0x00, 0x00, 0xFF, 0xC0, 0x00, 0x3F, 0xC0, 0x00, 0x00,
    0x3F, 0xE0, 0x00, 0x3F, 0xC0, 0x00, 0x00, 0x2F, 0xF0, 0x00, 0x7F, 0x80, 0x00, 0x00, 0x0F, 0xF0,
    0x00, 0xBF, 0x80, 0x00, 0x00, 0x0F, 0xF0, 0x00, 0xFF, 0x00, 0x00, 0x00, 0x0F, 0xF0, 0x00, 0xFF,
    0x00, 0x00, 0x00, 0x0F, 0xF0, 0x00, 0xFF, 0x00, 0x00, 0x00, 0x0F, 0xF0, 0x02, 0xFE, 0x00, 0x00,
    0x00, 0x0F, 0xF0, 0x02, 0xFE, 0x00, 0x00, 0x00, 0x0F, 0xF0, 0x03, 0xFC, 0x00, 0x00, 0x00, 0x1F,
    0xF0, 0x03, 0xFC, 0x00, 0x00, 0x00, 0x2F, 0xE0, 0x03, 0xFC, 0x00, 0x00, 0x00, 0x3F, 0xC0, 0x0B,
    0xF8, 0x00, 0x00, 0x00, 0xBF, 0xC0, 0x0F, 0xF4, 0x00, 0x00, 0x00, 0xFF, 0x80, 0x0F, 0xF0, 0x00,
    0x00, 0x03, 0xFF, 0x00, 0x0F, 0xF0, 0x00, 0x00, 0x0F, 0xFC, 0x00, 0x1F, 0xF0, 0x00, 0x00, 0x3F,
    0xF8, 0x00, 0x2F, 0xE0, 0x00, 0x07, 0xFF, 0xD0, 0x00, 0x3F, 0xEA, 0xAA, 0xFF, 0xFF, 0x00, 0x00,
    0x3F, 0xFF, 0xFF, 0xFF, 0xF8, 0x00, 0x00, 0x3F, 0xFF, 0xFF, 0xFF, 0x80, 0x00, 0x00, 0xBF, 0xFF,
    0xFA, 0x90, 0x00, 0x00, 0x00, 0x00, 0x00, 0x00, 0x00, 0x00, 0x00, 0x00, 0x00, 0x00, 0x00, 0x00,
    0x00, 0x00, 0xA8, 0x0B, 0xC0, 0x00, 0x00, 0x00, 0x00, 0x02, 0xFC, 0x0F, 0xC0, 0x00, 0x00, 0x00,
    0x00, 0x03, 0xFC, 0x2F, 0xC0, 0x00, 0x00, 0x00, 0x00, 0x03, 0xF8, 0x3F, 0x00, 0x00, 0x00, 0x00,
    0x00, 0x03, 0xF8, 0x3E, 0x00, 0x00, 0x00, 0x00, 0x00, 0x0B, 0xF0, 0xBC, 0x00, 0x00, 0x00, 0x00,
    0x00, 0x0B, 0xF0, 0xF8, 0x00, 0x00, 0x00, 0xAF, 0xA0, 0x0F, 0xF0, 0xA0, 0x00, 0x00, 0x0B, 0xFF,
    0xFD, 0x0F, 0xE0, 0x00, 0x00, 0x00, 0x3F, 0xFF, 0xFF, 0x4F, 0xE0, 0x00, 0x00, 0x00, 0xFF, 0xE4,
    0x2F, 0xEF, 0xC0, 0x00, 0x00, 0x02, 0xFF, 0x00, 0x07, 0xFF, 0xC0, 0x00, 0x00, 0x03, 0xFC, 0x00,
    0x02, 0xFF, 0xC0, 0x00, 0x00, 0x0B, 0xF8, 0x00, 0x00, 0xFF, 0x80, 0x00, 0x00, 0x0F, 0xF0, 0x00,
    0x00, 0xFF, 0x40, 0x00, 0x00, 0x1F, 0xE0, 0x00, 0x00, 0xFF, 0x00, 0x00, 0x00, 0x2F, 0xC0, 0x00,
    0x00, 0xFF, 0x00, 0x00, 0x00, 0x3F, 0xC0, 0x00, 0x00, 0xFE, 0x00, 0x00, 0x00, 0x3F, 0xC0, 0x00,
    0x00, 0xFE, 0x00, 0x00, 0x00, 0x3F, 0xC0, 0x00, 0x00, 0xFC, 0x00, 0x00, 0x00, 0x3F, 0xC0, 0x00,
    0x02, 0xFC, 0x00, 0x00, 0x00, 0x3F, 0xC0, 0x00, 0x03, 0xFC, 0x00, 0x00, 0x00, 0x2F, 0xE0, 0x00,
    0x0B, 0xF8, 0x00, 0x00, 0x00, 0x1F, 0xF0, 0x00, 0x2F, 0xF8, 0x00, 0x00, 0x00, 0x0F, 0xFC, 0x00,
    0xFF, 0xF8, 0x00, 0x00, 0x00, 0x07, 0xFF, 0xFF, 0xFF, 0xF0, 0x00, 0x00, 0x00, 0x02, 0xFF, 0xFF,
    0xEB, 0xF0, 0x00, 0x00, 0x00, 0x00, 0x3F, 0xFF, 0x43, 0xF0, 0x00, 0x00, 0x00, 0x00, 0x00, 0x40,
    0x00, 0x00, 0x00, 0x00, 0x00, 0x00, 0x00, 0xAA, 0xAA, 0xA4, 0x00, 0x00, 0x00, 0x02, 0xFF, 0xFF,
    0xFF, 0xE0, 0x00, 0x00, 0x03, 0xFF, 0xFF, 0xFF, 0xFF, 0x00, 0x00, 0x03, 0xFF, 0xFF, 0xFF, 0xFF,
    0xC0, 0x00, 0x03, 0xFC, 0x00, 0x02, 0xFF, 0xF0, 0x00, 0x0B, 0xF8, 0x00, 0x00, 0x3F, 0xF8, 0x00,
    0x0B, 0xF8, 0x00, 0x00, 0x0F, 0xFC, 0x00, 0x0F, 0xF0, 0x00, 0x00, 0x03, 0xFC, 0x00, 0x0F, 0xF0,
    0x00, 0x00, 0x03, 0xFD, 0x00, 0x0F, 0xF0, 0x00, 0x00, 0x02, 0xFE, 0x00, 0x2F, 0xE0, 0x00, 0x00,
    0x02, 0xFE, 0x00, 0x3F, 0xD0, 0x00, 0x00, 0x02, 0xFE, 0x3F, 0xFF, 0xFF, 0xFC, 0x00, 0x02, 0xFE,
    0x3F, 0xFF, 0xFF, 0xF8, 0x00, 0x02, 0xFC, 0x3F, 0xFF, 0xFF, 0xF8, 0x00, 0x03, 0xFC, 0x2A, 0xFF,
    0xEA, 0xA0, 0x00, 0x03, 0xFC, 0x00, 0xFF, 0x00, 0x00, 0x00, 0x07, 0xFC, 0x00, 0xFF, 0x00, 0x00,
    0x00, 0x0B, 0xF8, 0x00, 0xFF, 0x00, 0x00, 0x00, 0x0F, 0xF0, 0x02, 0xFE, 0x00, 0x00, 0x00, 0x3F,
    0xF0, 0x02, 0xFE, 0x00, 0x00, 0x00, 0xBF, 0xC0, 0x03, 0xFC, 0x00, 0x00, 0x02, 0xFF, 0x80, 0x03,
    0xFC, 0x00, 0x00, 0x0B, 0xFE, 0x00, 0x03, 0xFC, 0x00, 0x00, 0xBF, 0xF8, 0x00, 0x0B, 0xFE, 0xAA,
    0xBF, 0xFF, 0xE0, 0x00, 0x0B, 0xFF, 0xFF, 0xFF, 0xFE, 0x00, 0x00, 0x0F, 0xFF, 0xFF, 0xFF, 0xE0,
    0x00, 0x00, 0x0F, 0xFF, 0xFF, 0xA8, 0x00, 0x00, 0x00, 0x00, 0x00, 0x00, 0x00, 0x00, 0xA8, 0x00,
    0x00, 0x00, 0x00, 0x00, 0x02, 0xFC, 0x00, 0x00, 0x00, 0x00, 0x2A, 0xAB, 0xFE, 0xA0, 0x00, 0x00,
    0x00, 0xBF, 0xFF, 0xFF, 0xF0, 0x00, 0x00, 0x00, 0xFF, 0xFF, 0xFF, 0xF0, 0x00, 0x00, 0x00, 0xAA,
    0xAB, 0xFA, 0x80, 0x00, 0x00, 0x00, 0x00, 0x0B, 0xF0, 0x00, 0x00, 0x00, 0xAF, 0xA0, 0x0F, 0xF0,
    0x00, 0x00, 0x0B, 0xFF, 0xFD, 0x0F, 0xE0, 0x00, 0x00, 0x3F, 0xFF, 0xFF, 0x4F, 0xD0, 0x00, 0x00,
    0xFF, 0xE4, 0x2F, 0xEF, 0xC0, 0x00, 0x02, 0xFF, 0x00, 0x07, 0xFF, 0xC0, 0x00, 0x03, 0xFC, 0x00,
    0x02, 0xFF, 0xC0, 0x00, 0x0B, 0xF8, 0x00, 0x00, 0xFF, 0x80, 0x00, 0x0F, 0xF0, 0x00, 0x00, 0xFF,
    0x00, 0x00, 0x1F, 0xE0, 0x00, 0x00, 0xFF, 0x00, 0x00, 0x2F, 0xC0, 0x00, 0x00, 0xFF, 0x00, 0x00,
    0x3F, 0xC0, 0x00, 0x00, 0xFE, 0x00, 0x00, 0x3F, 0xC0, 0x00, 0x00, 0xFE, 0x00, 0x00, 0x3F, 0xC0,
    0x00, 0x00, 0xFC, 0x00, 0x00, 0x3F, 0xC0, 0x00, 0x02, 0xFC, 0x00, 0x00, 0x3F, 0xC0, 0x00, 0x03,
    0xFC, 0x00, 0x00, 0x2F, 0xE0, 0x00, 0x0B, 0xF8, 0x00, 0x00, 0x1F, 0xF0, 0x00, 0x2F, 0xF8, 0x00,
    0x00, 0x0F, 0xFC, 0x00, 0xFF, 0xF8, 0x00, 0x00, 0x07, 0xFF, 0xFF, 0xFF, 0xF0, 0x00, 0x00, 0x02,
    0xFF, 0xFF, 0xEB, 0xF0, 0x00, 0x00, 0x00, 0x3F, 0xFF, 0x43, 0xF0, 0x00, 0x00, 0x00, 0x00, 0x40,
    0x00, 0x00, 0x00, 0x00, 0x00, 0x00, 0x00, 0x00, 0x00, 0x00, 0x00, 0x00, 0x00, 0x03, 0xFF, 0xFF,
    0xF8, 0x00, 0x00, 0x00, 0x03, 0xFF, 0xFF, 0xF8, 0x00, 0x00, 0x00, 0x02, 0xAA, 0xAA, 0xA0, 0x00,
    0x00, 0x00, 0x00, 0x00, 0x00, 0x00, 0x00, 0x00, 0x00, 0x00, 0x00, 0x00, 0x00, 0x00, 0x00, 0x00,
    0x00, 0x00, 0x00, 0x00, 0x00, 0x00, 0x0A, 0xAA, 0xAA, 0xAA, 0xAA, 0x80, 0x00, 0x0F, 0xFF, 0xFF,
    0xFF, 0xFF, 0xC0, 0x00, 0x0F, 0xFF, 0xFF, 0xFF, 0xFF, 0x80, 0x00, 0x1F, 0xFF, 0xFF, 0xFF, 0xFF,
    0x80, 0x00, 0x2F, 0xE0, 0x00, 0x00, 0x00, 0x00, 0x00, 0x3F, 0xD0, 0x00, 0x00, 0x00, 0x00, 0x00,
    0x3F, 0xC0, 0x00, 0x00, 0x00, 0x00, 0x00, 0x3F, 0xC0, 0x00, 0x00, 0x00, 0x00, 0x00, 0x7F, 0x80,
    0x00, 0x00, 0x00, 0x00, 0x00, 0xBF, 0x80, 0x00, 0x00, 0x00, 0x00, 0x00, 0xFF, 0x00, 0x00, 0x00,
    0x00, 0x00, 0x00, 0xFF, 0x00, 0x00, 0x00, 0x00, 0x00, 0x00, 0xFF, 0xFF, 0xFF, 0xF8, 0x00, 0x00,
    0x02, 0xFF, 0xFF, 0xFF, 0xF8, 0x00, 0x00, 0x02, 0xFF, 0xFF, 0xFF, 0xF0, 0x00, 0x00, 0x03, 0xFE,
    0xAA, 0xAA, 0xA0, 0x00, 0x00, 0x03, 0xFC, 0x00, 0x00, 0x00, 0x00, 0x00, 0x03, 0xFC, 0x00, 0x00,
    0x00, 0x00, 0x00, 0x0B, 0xF8, 0x00, 0x00, 0x00, 0x00, 0x00, 0x0F, 0xF4, 0x00, 0x00, 0x00, 0x00,
    0x00, 0x0F, 0xF0, 0x00, 0x00, 0x00, 0x00, 0x00, 0x0F, 0xF0, 0x00, 0x00, 0x00, 0x00, 0x00, 0x1F,
    0xE0, 0x00, 0x00, 0x00, 0x00, 0x00, 0x2F, 0xE0, 0x00, 0x00, 0x00, 0x00, 0x00, 0x3F, 0xEA, 0xAA,
    0xAA, 0xAA, 0x00, 0x00, 0x3F, 0xFF, 0xFF, 0xFF, 0xFF, 0x00, 0x00, 0x3F, 0xFF, 0xFF, 0xFF, 0xFE,
    0x00, 0x00, 0xBF, 0xFF, 0xFF, 0xFF, 0xFD, 0x00, 0x00, 0x00, 0x00, 0x2A, 0xAA, 0xAA, 0x00, 0x00,
    0x00, 0x3F, 0xFF, 0xFF, 0x00, 0x00, 0x00, 0xBF, 0xFF, 0xFF, 0x00, 0x00, 0x00, 0x00, 0x00, 0x00,
    0x00, 0x00, 0x00, 0x00, 0x00, 0x00, 0x00, 0x00, 0x00, 0x00, 0x00, 0x00, 0x00, 0x00, 0x00, 0x00,
    0x00, 0x00, 0x00, 0x00, 0x00, 0x2B, 0xFA, 0x00, 0x00, 0x00, 0x03, 0xFF, 0xFF, 0xE0, 0x00, 0x00,
    0x2F, 0xFF, 0xFF, 0xFC, 0x00, 0x00, 0xBF, 0xF8, 0x1B, 0xFE, 0x00, 0x02, 0xFF, 0x40, 0x01, 0xFF,
    0x00, 0x03, 0xFC, 0x00, 0x00, 0xBF, 0x80, 0x0B, 0xF4, 0x00, 0x00, 0x3F, 0x80, 0x0F, 0xF0, 0x00,
    0x00, 0x3F, 0xC0, 0x1F, 0xE0, 0x00, 0x00, 0x3F, 0xC0, 0x2F, 0xFF, 0xFF, 0xFF, 0xFF, 0xC0, 0x3F,
    0xFF, 0xFF, 0xFF, 0xFF, 0x80, 0x3F, 0xEA, 0xAA, 0xAA, 0xAA, 0x80, 0x3F, 0xC0, 0x00, 0x00, 0x00,
    0x00, 0x3F, 0xC0, 0x00, 0x00, 0x00, 0x00, 0x3F, 0xC0, 0x00, 0x00, 0x00, 0x00, 0x2F, 0xD0, 0x00,
    0x00, 0x00, 0x00, 0x0F, 0xF0, 0x00, 0x06, 0x40, 0x00, 0x0F, 0xFD, 0x00, 0x2F, 0xF0, 0x00, 0x03,
    0xFF, 0xFF, 0xFF, 0xE0, 0x00, 0x00, 0xFF, 0xFF, 0xFF, 0x00, 0x00, 0x00, 0x2F, 0xFF, 0xF8, 0x00,
    0x00, 0x00, 0x00, 0x10, 0x00, 0x00, 0x00, 0x00, 0x00, 0x00, 0x00, 0xA0, 0x00, 0x00, 0x00, 0x00,
    0x00, 0x03, 0xFC, 0x00, 0x00, 0x00, 0x00, 0x00, 0x07, 0xFC, 0x00, 0x00, 0x00, 0x00, 0x00, 0x03,
    0xFC, 0x00, 0x00, 0x00, 0x00, 0x00, 0x02, 0xF0, 0x00, 0x00, 0x00, 0x00, 0x00, 0x00, 0x00, 0x00,
    0x00, 0x00, 0x00, 0x00, 0x00, 0x00, 0x00, 0x00, 0x00, 0x00, 0x00, 0x00, 0x00, 0x00, 0x00, 0x00,
    0x0A, 0xAA, 0xAA, 0xAA, 0xAA, 0x80, 0x00, 0x0F, 0xFF, 0xFF, 0xFF, 0xFF, 0xC0, 0x00, 0x0F, 0xFF,
    0xFF, 0xFF, 0xFF, 0x80, 0x00, 0x1F, 0xFF, 0xFF, 0xFF, 0xFF, 0x80, 0x00, 0x2F, 0xE0, 0x00, 0x00,
    0x00, 0x00, 0x00, 0x3F, 0xD0, 0x00, 0x00, 0x00, 0x00, 0x00, 0x3F, 0xC0, 0x00, 0x00, 0x00, 0x00,
    0x00, 0x3F, 0xC0, 0x00, 0x00, 0x00, 0x00, 0x00, 0x7F, 0x80, 0x00, 0x00, 0x00, 0x00, 0x00, 0xBF,
    0x80, 0x00, 0x00, 0x00, 0x00, 0x00, 0xFF, 0x00, 0x00, 0x00, 0x00, 0x00, 0x00, 0xFF, 0x00, 0x00,
    0x00, 0x00, 0x00, 0x00, 0xFF, 0xFF, 0xFF, 0xF8, 0x00, 0x00, 0x02, 0xFF, 0xFF, 0xFF, 0xF8, 0x00,
    0x00, 0x02, 0xFF, 0xFF, 0xFF, 0xF0, 0x00, 0x00, 0x03, 0xFE, 0xAA, 0xAA, 0xA0, 0x00, 0x00, 0x03,
    0xFC, 0x00, 0x00, 0x00, 0x00, 0x00, 0x03, 0xFC, 0x00, 0x00, 0x00, 0x00, 0x00, 0x0B, 0xF8, 0x00,
    0x00, 0x00, 0x00, 0x00, 0x0F, 0xF4, 0x00, 0x00, 0x00, 0x00, 0x00, 0x0F, 0xF0, 0x00, 0x00, 0x00,
    0x00, 0x00, 0x0F, 0xF0, 0x00, 0x00, 0x00, 0x00, 0x00, 0x1F, 0xE0, 0x00, 0x00, 0x00, 0x00, 0x00,
    0x2F, 0xE0, 0x00, 0x00, 0x00, 0x00, 0x00, 0x3F, 0xEA, 0xAA, 0xAA, 0xAA, 0x00, 0x00, 0x3F, 0xFF,
    0xFF, 0xFF, 0xFF, 0x00, 0x00, 0x3F, 0xFF, 0xFF, 0xFF, 0xFE, 0x00, 0x00, 0xBF, 0xFF, 0xFF, 0xFF,
    0xFD, 0x00, 0x00, 0x00, 0x00, 0x00, 0x28, 0x00, 0x00, 0x00, 0x00, 0x00, 0xFF, 0x00, 0x00, 0x00,
    0x00, 0x00, 0xFF, 0x80, 0x00, 0x00, 0x00, 0x00, 0xFF, 0x00, 0x00, 0x00, 0x00, 0x00, 0x3E, 0x00,
    0x00, 0x00, 0x00, 0x00, 0x00, 0x00, 0x00, 0x00, 0x00, 0x00, 0x00, 0x00, 0x00, 0x00, 0x00, 0x00,
    0x00, 0x00, 0x00, 0x00, 0x00, 0x2B, 0xFA, 0x00, 0x00, 0x00, 0x03, 0xFF, 0xFF, 0xE0, 0x00, 0x00,
    0x2F, 0xFF, 0xFF, 0xFC, 0x00, 0x00, 0xBF, 0xF8, 0x1B, 0xFE, 0x00, 0x02, 0xFF, 0x40, 0x01, 0xFF,
    0x00, 0x03, 0xFC, 0x00, 0x00, 0xBF, 0x80, 0x0B, 0xF4, 0x00, 0x00, 0x3F, 0x80, 0x0F, 0xF0, 0x00,
    0x00, 0x3F, 0xC0, 0x1F, 0xE0, 0x00, 0x00, 0x3F, 0xC0, 0x2F, 0xFF, 0xFF, 0xFF, 0xFF, 0xC0, 0x3F,
    0xFF, 0xFF, 0xFF, 0xFF, 0x80, 0x3F, 0xEA, 0xAA, 0xAA, 0xAA, 0x80, 0x3F, 0xC0, 0x00, 0x00, 0x00,
    0x00, 0x3F, 0xC0, 0x00, 0x00, 0x00, 0x00, 0x3F, 0xC0, 0x00, 0x00, 0x00, 0x00, 0x2F, 0xD0, 0x00,
    0x00, 0x00, 0x00, 0x0F, 0xF0, 0x00, 0x06, 0x40, 0x00, 0x0F, 0xFD, 0x00, 0x2F, 0xF0, 0x00, 0x03,
    0xFF, 0xFF, 0xFF, 0xE0, 0x00, 0x00, 0xFF, 0xFF, 0xFF, 0x00, 0x00, 0x00, 0x2F, 0xFF, 0xF8, 0x00,
    0x00, 0x00, 0x00, 0x10, 0x00, 0x00, 0x00, 0x00, 0x0A, 0xAA, 0xAA, 0xAA, 0xAA, 0x80, 0x00, 0x0F,
    0xFF, 0xFF, 0xFF, 0xFF, 0xC0, 0x00, 0x0F, 0xFF, 0xFF, 0xFF, 0xFF, 0x80, 0x00, 0x1F, 0xFF, 0xFF,
    0xFF, 0xFF, 0x80, 0x00, 0x2F, 0xE0, 0x00, 0x00, 0x00, 0x00, 0x00, 0x3F, 0xD0, 0x00, 0x00, 0x00,
    0x00, 0x00, 0x3F, 0xC0, 0x00, 0x00, 0x00, 0x00, 0x00, 0x3F, 0xC0, 0x00, 0x00, 0x00, 0x00, 0x00,
    0x7F, 0x80, 0x00, 0x00, 0x00, 0x00, 0x00, 0xBF, 0x80, 0x00, 0x00, 0x00, 0x00, 0x00, 0xFF, 0x00,
    0x00, 0x00, 0x00, 0x00, 0x00, 0xFF, 0x00, 0x00, 0x00, 0x00, 0x00, 0x00, 0xFF, 0xFF, 0xFF, 0xF8,
    0x00, 0x00, 0x02, 0xFF, 0xFF, 0xFF, 0xF8, 0x00, 0x00, 0x02, 0xFF, 0xFF, 0xFF, 0xF0, 0x00, 0x00,
    0x03, 0xFE, 0xAA, 0xAA, 0xA0, 0x00, 0x00, 0x03, 0xFC, 0x00, 0x00, 0x00, 0x00, 0x00, 0x03, 0xFC,
    0x00, 0x00, 0x00, 0x00, 0x00, 0x0B, 0xF8, 0x00, 0x00, 0x00, 0x00, 0x00, 0x0F, 0xF4, 0x00, 0x00,
    0x00, 0x00, 0x00, 0x0F, 0xF0, 0x00, 0x00, 0x00, 0x00, 0x00, 0x0F, 0xF0, 0x00, 0x00, 0x00, 0x00,
    0x00, 0x1F, 0xE0, 0x00, 0x00, 0x00, 0x00, 0x00, 0x2F, 0xE0, 0x00, 0x00, 0x00, 0x00, 0x00, 0x3F,
    0xEA, 0xAA, 0xAA, 0xAA, 0x00, 0x00, 0x3F, 0xFF, 0xFF, 0xFF, 0xFF, 0x00, 0x00, 0x3F, 0xFF, 0xFF,
    0xFF, 0xFE, 0x00, 0x00, 0xBF, 0xFF, 0xFF, 0xFF, 0xFD, 0x00, 0x00, 0x00, 0x00, 0x00, 0x3F, 0x80,
    0x00, 0x00, 0x00, 0x00, 0x02, 0xFC, 0x00, 0x00, 0x00, 0x00, 0x00, 0x03, 0xF0, 0x00, 0x00, 0x00,
    0x00, 0x00, 0x0B, 0xE0, 0x00, 0x00, 0x00, 0x00, 0x00, 0x0B, 0xFA, 0x80, 0x00, 0x00, 0x00, 0x00,
    0x03, 0xFF, 0xC0, 0x00, 0x00, 0x00, 0x00, 0x01, 0xFF, 0x80, 0x00, 0x00, 0x00, 0x00, 0x00, 0x00,
    0x00, 0x00, 0x00, 0x00, 0x00, 0x2B, 0xFA, 0x00, 0x00, 0x00, 0x03, 0xFF, 0xFF, 0xE0, 0x00, 0x00,
    0x2F, 0xFF, 0xFF, 0xFC, 0x00, 0x00, 0xBF, 0xF8, 0x1B, 0xFE, 0x00, 0x02, 0xFF, 0x40, 0x01, 0xFF,
    0x00, 0x03, 0xFC, 0x00, 0x00, 0xBF, 0x80, 0x0B, 0xF4, 0x00, 0x00, 0x3F, 0x80, 0x0F, 0xF0, 0x00,
    0x00, 0x3F, 0xC0, 0x1F, 0xE0, 0x00, 0x00, 0x3F, 0xC0, 0x2F, 0xFF, 0xFF, 0xFF, 0xFF, 0xC0, 0x3F,
    0xFF, 0xFF, 0xFF, 0xFF, 0x80, 0x3F, 0xEA, 0xAA, 0xAA, 0xAA, 0x80, 0x3F, 0xC0, 0x00, 0x00, 0x00,
    0x00, 0x3F, 0xC0, 0x00, 0x00, 0x00, 0x00, 0x3F, 0xC0, 0x00, 0x00, 0x00, 0x00, 0x2F, 0xD0, 0x00,
    0x00, 0x00, 0x00, 0x0F, 0xF0, 0x00, 0x06, 0x40, 0x00, 0x0F, 0xFD, 0x00, 0x2F, 0xF0, 0x00, 0x03,
    0xFF, 0xFF, 0xFF, 0xD0, 0x00, 0x00, 0xFF, 0xFF, 0xFF, 0x00, 0x00, 0x00, 0x2F, 0xFF, 0xF4, 0x00,
    0x00, 0x00, 0x00, 0x7F, 0x80, 0x00, 0x00, 0x00, 0x00, 0xBE, 0x00, 0x00, 0x00, 0x00, 0x00, 0xFC,
    0x00, 0x00, 0x00, 0x00, 0x02, 0xFC, 0x00, 0x00, 0x00, 0x00, 0x02, 0xFF, 0xA0, 0x00, 0x00, 0x00,
    0x00, 0xFF, 0xF0, 0x00, 0x00, 0x00, 0x00, 0x3F, 0xE0, 0x00, 0x00, 0x00, 0x00, 0x00, 0x00, 0x00,
    0x00, 0x00, 0x00, 0x00, 0x00, 0x00, 0x00, 0x00, 0x00, 0x00, 0x03, 0xFC, 0x03, 0xFC, 0x00, 0x00,
    0x00, 0x00, 0xFF, 0x2F, 0xF0, 0x00, 0x00, 0x00, 0x00, 0x3F, 0xFF, 0x80, 0x00, 0x00, 0x00, 0x00,
    0x0F, 0xFC, 0x00, 0x00, 0x00, 0x00, 0x00, 0x02, 0xE0, 0x00, 0x00, 0x00, 0x00, 0x00, 0x00, 0x00,
    0x00, 0x00, 0x00, 0x00, 0x00, 0x00, 0x00, 0x00, 0x00, 0x00, 0x0A, 0xAA, 0xAA, 0xAA, 0xAA, 0x80,
    0x00, 0x0F, 0xFF, 0xFF, 0xFF, 0xFF, 0xC0, 0x00, 0x0F, 0xFF, 0xFF, 0xFF, 0xFF, 0x80, 0x00, 0x1F,
    0xFF, 0xFF, 0xFF, 0xFF, 0x80, 0x00, 0x2F, 0xE0, 0x00, 0x00, 0x00, 0x00, 0x00, 0x3F, 0xD0, 0x00,
    0x00, 0x00, 0x00, 0x00, 0x3F, 0xC0, 0x00, 0x00, 0x00, 0x00, 0x00, 0x3F, 0xC0, 0x00, 0x00, 0x00,
    0x00, 0x00, 0x7F, 0x80, 0x00, 0x00, 0x00, 0x00, 0x00, 0xBF, 0x80, 0x00, 0x00, 0x00, 0x00, 0x00,
    0xFF, 0x00, 0x00, 0x00, 0x00, 0x00, 0x00, 0xFF, 0x00, 0x00, 0x00, 0x00, 0x00, 0x00, 0xFF, 0xFF,
    0xFF, 0xF8, 0x00, 0x00, 0x02, 0xFF, 0xFF, 0xFF, 0xF8, 0x00, 0x00, 0x02, 0xFF, 0xFF, 0xFF, 0xF0,
    0x00, 0x00, 0x03, 0xFE, 0xAA, 0xAA, 0xA0, 0x00, 0x00, 0x03, 0xFC, 0x00, 0x00, 0x00, 0x00, 0x00,
    0x03, 0xFC, 0x00, 0x00, 0x00, 0x00, 0x00, 0x0B, 0xF8, 0x00, 0x00, 0x00, 0x00, 0x00, 0x0F, 0xF4,
    0x00, 0x00, 0x00, 0x00, 0x00, 0x0F, 0xF0, 0x00, 0x00, 0x00, 0x00, 0x00, 0x0F, 0xF0, 0x00, 0x00,
    0x00, 0x00, 0x00, 0x1F, 0xE0, 0x00, 0x00, 0x00, 0x00, 0x00, 0x2F, 0xE0, 0x00, 0x00, 0x00, 0x00,
    0x00, 0x3F, 0xEA, 0xAA, 0xAA, 0xAA, 0x00, 0x00, 0x3F, 0xFF, 0xFF, 0xFF, 0xFF, 0x00, 0x00, 0x3F,
    0xFF, 0xFF, 0xFF, 0xFE, 0x00, 0x00, 0xBF, 0xFF, 0xFF, 0xFF, 0xFD, 0x00, 0x00, 0x00, 0x00, 0x00,
    0x00, 0x00, 0x00, 0x00, 0x00, 0xBF, 0x80, 0xBF, 0x80, 0x00, 0x00, 0x2F, 0xE3, 0xFE, 0x00, 0x00,
    0x00, 0x0B, 0xFF, 0xF0, 0x00, 0x00, 0x00, 0x03, 0xFF, 0xC0, 0x00, 0x00, 0x00, 0x00, 0xBD, 0x00,
    0x00, 0x00, 0x00, 0x00, 0x00, 0x00, 0x00, 0x00, 0x00, 0x00, 0x00, 0x00, 0x00, 0x00, 0x00, 0x2B,
    0xFA, 0x00, 0x00, 0x00, 0x03, 0xFF, 0xFF, 0xE0, 0x00, 0x00, 0x2F, 0xFF, 0xFF, 0xFC, 0x00, 0x00,
    0xBF, 0xF8, 0x1B, 0xFE, 0x00, 0x02, 0xFF, 0x40, 0x01, 0xFF, 0x00, 0x03, 0xFC, 0x00, 0x00, 0xBF,
    0x80, 0x0B, 0xF4, 0x00, 0x00, 0x3F, 0x80, 0x0F, 0xF0, 0x00, 0x00, 0x3F, 0xC0, 0x1F, 0xE0, 0x00,
    0x00, 0x3F, 0xC0, 0x2F, 0xFF, 0xFF, 0xFF, 0xFF, 0xC0, 0x3F, 0xFF, 0xFF, 0xFF, 0xFF, 0x80, 0x3F,
    0xEA, 0xAA, 0xAA, 0xAA, 0x80, 0x3F, 0xC0, 0x00, 0x00, 0x00, 0x00, 0x3F, 0xC0, 0x00, 0x00, 0x00,
    0x00, 0x3F, 0xC0, 0x00, 0x00, 0x00, 0x00, 0x2F, 0xD0, 0x00, 0x00, 0x00, 0x00, 0x0F, 0xF0, 0x00,
    0x06, 0x40, 0x00, 0x0F, 0xFD, 0x00, 0x2F, 0xF0, 0x00, 0x03, 0xFF, 0xFF, 0xFF, 0xE0, 0x00, 0x00,
    0xFF, 0xFF, 0xFF, 0x00, 0x00, 0x00, 0x2F, 0xFF, 0xF8, 0x00, 0x00, 0x00, 0x00, 0x10, 0x00, 0x00,
    0x00, 0x00, 0x00, 0x00, 0x00, 0x00, 0x00, 0x00, 0x00, 0x00, 0x00, 0xFC, 0x00, 0xBE, 0x00, 0x00,
    0x00, 0x00, 0xFF, 0x03, 0xFC, 0x00, 0x00, 0x00, 0x00, 0x7F, 0xFF, 0xF4, 0x00, 0x00, 0x00, 0x00,
    0x2F, 0xFF, 0xC0, 0x00, 0x00, 0x00, 0x00, 0x02, 0xFA, 0x00, 0x00, 0x00, 0x00, 0x00, 0x00, 0x00,
    0x00, 0x00, 0x00, 0x00, 0x00, 0x00, 0x00, 0x00, 0x00, 0x00, 0x00, 0x02, 0xFF, 0xF9, 0x00, 0x00,
    0x00, 0x00, 0xBF, 0xFF, 0xFF, 0xE0, 0x00, 0x00, 0x03, 0xFF, 0xFF, 0xFF, 0xF8, 0x00, 0x00, 0x0F,
    0xFF, 0xA6, 0xBF, 0xFE, 0x00, 0x00, 0x3F, 0xF8, 0x00, 0x03, 0xFF, 0x00, 0x00, 0xFF, 0xC0, 0x00,
    0x00, 0xFF, 0x80, 0x03, 0xFF, 0x00, 0x00, 0x00, 0x7F, 0x80, 0x0B, 0xFC, 0x00, 0x00, 0x00, 0x20,
    0x00, 0x0F, 0xF8, 0x00, 0x00, 0x00, 0x00, 0x00, 0x1F, 0xF0, 0x00, 0x00, 0x00, 0x00, 0x00, 0x3F,
    0xE0, 0x00, 0x00, 0x00, 0x00, 0x00, 0x3F, 0xC0, 0x00, 0x00, 0x00, 0x00, 0x00, 0x3F, 0xC0, 0x00,
    0x00, 0x00, 0x00, 0x00, 0xBF, 0x80, 0x00, 0x00, 0x00, 0x00, 0x00, 0xBF, 0x40, 0x00, 0x3F, 0xFF,
    0xFF, 0xC0, 0xBF, 0x00, 0x00, 0x7F, 0xFF, 0xFF, 0x80, 0xFF, 0x00, 0x00, 0xBF, 0xFF, 0xFF, 0x40,
    0xFF, 0x00, 0x00, 0x00, 0x00, 0xFF, 0x00, 0xBF, 0x40, 0x00, 0x00, 0x00, 0xFF, 0x00, 0xBF, 0x80,
    0x00, 0x00, 0x02, 0xFE, 0x00, 0xBF, 0xC0, 0x00, 0x00, 0x03, 0xFE, 0x00, 0x3F, 0xD0, 0x00, 0x00,
    0x0B, 0xFC, 0x00, 0x3F, 0xF0, 0x00, 0x00, 0x0F, 0xFC, 0x00, 0x1F, 0xFC, 0x00, 0x00, 0xBF, 0xFC,
    0x00, 0x0B, 0xFF, 0x80, 0x0B, 0xFF, 0xF8, 0x00, 0x03, 0xFF, 0xFF, 0xFF, 0xF6, 0xF8, 0x00, 0x00,
    0xFF, 0xFF, 0xFF, 0xC2, 0xF0, 0x00, 0x00, 0x0F, 0xFF, 0xF9, 0x02, 0xF0, 0x00, 0x00, 0x00, 0x04,
    0x00, 0x00, 0x00, 0x00, 0x00, 0x00, 0x00, 0x00, 0x00, 0x00, 0x00, 0x00, 0x2F, 0xC0, 0x0F, 0xE0,
    0x00, 0x00, 0x0F, 0xE0, 0x3F, 0xC0, 0x00, 0x00, 0x0B, 0xFF, 0xFF, 0x00, 0x00, 0x00, 0x03, 0xFF,
    0xFC, 0x00, 0x00, 0x00, 0x00, 0x6F, 0x90, 0x00, 0x00, 0x00, 0x00, 0x00, 0x00, 0x00, 0x00, 0x00,
    0x00, 0x00, 0x00, 0x00, 0x00, 0x00, 0x2F, 0xF8, 0x00, 0xA0, 0x00, 0x03, 0xFF, 0xFF, 0x82, 0xF8,
    0x00, 0x0F, 0xFF, 0xFF, 0xF3, 0xF0, 0x00, 0x3F, 0xF9, 0x2F, 0xFF, 0xF0, 0x00, 0xFF, 0xC0, 0x02,
    0xFF, 0xF0, 0x01, 0xFF, 0x00, 0x00, 0xBF, 0xE0, 0x03, 0xFC, 0x00, 0x00, 0x3F, 0xE0, 0x03, 0xFC,
    0x00, 0x00, 0x3F, 0xC0, 0x0B, 0xF8, 0x00, 0x00, 0x2F, 0xC0, 0x0B, 0xF0, 0x00, 0x00, 0x3F, 0xC0,
    0x0B, 0xF0, 0x00, 0x00, 0x3F, 0x80, 0x0B, 0xF0, 0x00, 0x00, 0x3F, 0x40, 0x0B, 0xF0, 0x00, 0x00,
    0xBF, 0x00, 0x0B, 0xF0, 0x00, 0x00, 0xFF, 0x00, 0x0B, 0xFC, 0x00, 0x02, 0xFF, 0x00, 0x03, 0xFE,
    0x00, 0x07, 0xFE, 0x00, 0x02, 0xFF, 0x80, 0x2F, 0xFD, 0x00, 0x00, 0xFF, 0xFF, 0xFF, 0xFC, 0x00,
    0x00, 0x3F, 0xFF, 0xFF, 0xFC, 0x00, 0x00, 0x0B, 0xFF, 0xD3, 0xF8, 0x00, 0x00, 0x00, 0x00, 0x03,
    0xF8, 0x00, 0x00, 0x00, 0x00, 0x0B, 0xF0, 0x00, 0x00, 0x00, 0x00, 0x0F, 0xF0, 0x00, 0x0B, 0xC0,
    0x00, 0x2F, 0xE0, 0x00, 0x3F, 0xE0, 0x00, 0xBF, 0xC0, 0x00, 0x2F, 0xFE, 0xAB, 0xFF, 0x40, 0x00,
    0x0B, 0xFF, 0xFF, 0xFE, 0x00, 0x00, 0x01, 0xFF, 0xFF, 0xF0, 0x00, 0x00, 0x00, 0x0A, 0xA9, 0x00,
    0x00, 0x00, 0x00, 0x00, 0x00, 0x00, 0x64, 0x00, 0x00, 0x00, 0x00, 0x00, 0x02, 0xFE, 0x00, 0x00,
    0x00, 0x00, 0x00, 0x03, 0xFE, 0x00, 0x00, 0x00, 0x00, 0x00, 0x02, 0xFE, 0x00, 0x00, 0x00, 0x00,
    0x00, 0x00, 0xF8, 0x00, 0x00, 0x00, 0x00, 0x00, 0x00, 0x00, 0x00, 0x00, 0x00, 0x00, 0x00, 0x00,
    0x00, 0x00, 0x00, 0x00, 0x00, 0x00, 0x00, 0x00, 0x00, 0x00, 0x00, 0x00, 0x02, 0xFF, 0xF9, 0x00,
    0x00, 0x00, 0x00, 0xBF, 0xFF, 0xFF, 0xE0, 0x00, 0x00, 0x03, 0xFF, 0xFF, 0xFF, 0xF8, 0x00, 0x00,
    0x0F, 0xFF, 0xA6, 0xBF, 0xFE, 0x00, 0x00, 0x3F, 0xF8, 0x00, 0x03, 0xFF, 0x00, 0x00, 0xFF, 0xC0,
    0x00, 0x00, 0xFF, 0x80, 0x03, 0xFF, 0x00, 0x00, 0x00, 0x7F, 0x80, 0x0B, 0xFC, 0x00, 0x00, 0x00,
    0x20, 0x00, 0x0F, 0xF8, 0x00, 0x00, 0x00, 0x00, 0x00, 0x1F, 0xF0, 0x00, 0x00, 0x00, 0x00, 0x00,
    0x3F, 0xE0, 0x00, 0x00, 0x00, 0x00, 0x00, 0x3F, 0xC0, 0x00, 0x00, 0x00, 0x00, 0x00, 0x3F, 0xC0,
    0x00, 0x00, 0x00, 0x00, 0x00, 0xBF, 0x80, 0x00, 0x00, 0x00, 0x00, 0x00, 0xBF, 0x40, 0x00, 0x3F,
    0xFF, 0xFF, 0xC0, 0xBF, 0x00, 0x00, 0x7F, 0xFF, 0xFF, 0x80, 0xFF, 0x00, 0x00, 0xBF, 0xFF, 0xFF,
    0x40, 0xFF, 0x00, 0x00, 0x00, 0x00, 0xFF, 0x00, 0xBF, 0x40, 0x00, 0x00, 0x00, 0xFF, 0x00, 0xBF,
    0x80, 0x00, 0x00, 0x02, 0xFE, 0x00, 0xBF, 0xC0, 0x00, 0x00, 0x03, 0xFE, 0x00, 0x3F, 0xD0, 0x00,
    0x00, 0x0B, 0xFC, 0x00, 0x3F, 0xF0, 0x00, 0x00, 0x0F, 0xFC, 0x00, 0x1F, 0xFC, 0x00, 0x00, 0xBF,
    0xFC, 0x00, 0x0B, 0xFF, 0x80, 0x0B, 0xFF, 0xF8, 0x00, 0x03, 0xFF, 0xFF, 0xFF, 0xF6, 0xF8, 0x00,
    0x00, 0xFF, 0xFF, 0xFF, 0xC2, 0xF0, 0x00, 0x00, 0x0F, 0xFF, 0xF9, 0x02, 0xF0, 0x00, 0x00, 0x00,
    0x04, 0x00, 0x00, 0x00, 0x00, 0x00, 0x00, 0x00, 0x0A, 0x00, 0x00, 0x00, 0x00, 0x00, 0x3F, 0xC0,
    0x00, 0x00, 0x00, 0x00, 0x3F, 0xC0, 0x00, 0x00, 0x00, 0x00, 0x3F, 0xC0, 0x00, 0x00, 0x00, 0x00,
    0x2F, 0x80, 0x00, 0x00, 0x00, 0x00, 0x00, 0x00, 0x00, 0x00, 0x00, 0x00, 0x00, 0x00, 0x00, 0x00,
    0x00, 0x00, 0x00, 0x00, 0x00, 0x00, 0x00, 0x2F, 0xF8, 0x00, 0xA0, 0x00, 0x03, 0xFF, 0xFF, 0x82,
    0xF8, 0x00, 0x0F, 0xFF, 0xFF, 0xF3, 0xF0, 0x00, 0x3F, 0xF9, 0x2F, 0xFF, 0xF0, 0x00, 0xFF, 0xC0,
    0x02, 0xFF, 0xF0, 0x01, 0xFF, 0x00, 0x00, 0xBF, 0xE0, 0x03, 0xFC, 0x00, 0x00, 0x3F, 0xE0, 0x03,
    0xFC, 0x00, 0x00, 0x3F, 0xC0, 0x0B, 0xF8, 0x00, 0x00, 0x2F, 0xC0, 0x0B, 0xF0, 0x00, 0x00, 0x3F,
    0xC0, 0x0B, 0xF0, 0x00, 0x00, 0x3F, 0x80, 0x0B, 0xF0, 0x00, 0x00, 0x3F, 0x40, 0x0B, 0xF0, 0x00,
    0x00, 0xBF, 0x00, 0x0B, 0xF0, 0x00, 0x00, 0xFF, 0x00, 0x0B, 0xFC, 0x00, 0x02, 0xFF, 0x00, 0x03,
    0xFE, 0x00, 0x07, 0xFE, 0x00, 0x02, 0xFF, 0x80, 0x2F, 0xFD, 0x00, 0x00, 0xFF, 0xFF, 0xFF, 0xFC,
    0x00, 0x00, 0x3F, 0xFF, 0xFF, 0xFC, 0x00, 0x00, 0x0B, 0xFF, 0xD3, 0xF8, 0x00, 0x00, 0x00, 0x00,
    0x03, 0xF8, 0x00, 0x00, 0x00, 0x00, 0x0B, 0xF0, 0x00, 0x00, 0x00, 0x00, 0x0F, 0xF0, 0x00, 0x0B,
    0xC0, 0x00, 0x2F, 0xE0, 0x00, 0x3F, 0xE0, 0x00, 0xBF, 0xC0, 0x00, 0x2F, 0xFE, 0xAB, 0xFF, 0x40,
    0x00, 0x0B, 0xFF, 0xFF, 0xFE, 0x00, 0x00, 0x01, 0xFF, 0xFF, 0xF0, 0x00, 0x00, 0x00, 0x0A, 0xA9,
    0x00, 0x00, 0x00, 0x00, 0x00, 0x00, 0x00, 0x00, 0x00, 0x00, 0x00, 0x00, 0x02, 0xFF, 0xF9, 0x00,
    0x00, 0x00, 0x00, 0xBF, 0xFF, 0xFF, 0xE0, 0x00, 0x00, 0x03, 0xFF, 0xFF, 0xFF, 0xF8, 0x00, 0x00,
    0x0F, 0xFF, 0xA6, 0xBF, 0xFE, 0x00, 0x00, 0x3F, 0xF8, 0x00, 0x03, 0xFF, 0x00, 0x00, 0xFF, 0xC0,
    0x00, 0x00, 0xFF, 0x80, 0x03, 0xFF, 0x00, 0x00, 0x00, 0x7F, 0x80, 0x0B, 0xFC, 0x00, 0x00, 0x00,
    0x20, 0x00, 0x0F, 0xF8, 0x00, 0x00, 0x00, 0x00, 0x00, 0x1F, 0xF0, 0x00, 0x00, 0x00, 0x00, 0x00,
    0x3F, 0xE0, 0x00, 0x00, 0x00, 0x00, 0x00, 0x3F, 0xC0, 0x00, 0x00, 0x00, 0x00, 0x00, 0x3F, 0xC0,
    0x00, 0x00, 0x00, 0x00, 0x00, 0xBF, 0x80, 0x00, 0x00, 0x00, 0x00, 0x00, 0xBF, 0x40, 0x00, 0x3F,
    0xFF, 0xFF, 0xC0, 0xBF, 0x00, 0x00, 0x7F, 0xFF, 0xFF, 0x80, 0xFF, 0x00, 0x00, 0xBF, 0xFF, 0xFF,
    0x40, 0xFF, 0x00, 0x00, 0x00, 0x00, 0xFF, 0x00, 0xBF, 0x40, 0x00, 0x00, 0x00, 0xFF, 0x00, 0xBF,
    0x80, 0x00, 0x00, 0x02, 0xFE, 0x00, 0xBF, 0xC0, 0x00, 0x00, 0x03, 0xFE, 0x00, 0x3F, 0xD0, 0x00,
    0x00, 0x0B, 0xFC, 0x00, 0x3F, 0xF0, 0x00, 0x00, 0x0F, 0xFC, 0x00, 0x1F, 0xFC, 0x00, 0x00, 0xBF,
    0xFC, 0x00, 0x0B, 0xFF, 0x80, 0x0B, 0xFF, 0xF8, 0x00, 0x03, 0xFF, 0xFF, 0xFF, 0xF6, 0xF8, 0x00,
    0x00, 0xFF, 0xFF, 0xFF, 0xC2, 0xF0, 0x00, 0x00, 0x0F, 0xFF, 0xF9, 0x02, 0xF0, 0x00, 0x00, 0x00,
    0x04, 0x00, 0x00, 0x00, 0x00, 0x00, 0x00, 0x00, 0x00, 0x00, 0x00, 0x00, 0x00, 0x00, 0xBC, 0x00,
    0x00, 0x00, 0x00, 0x00, 0x00, 0xFE, 0x00, 0x00, 0x00, 0x00, 0x00, 0x00, 0x3E, 0x00, 0x00, 0x00,
    0x00, 0x00, 0x00, 0x3E, 0x00, 0x00, 0x00, 0x00, 0x00, 0x00, 0xBD, 0x00, 0x00, 0x00, 0x00, 0x00,
    0x03, 0xFC, 0x00, 0x00, 0x00, 0x00, 0x00, 0x3F, 0xE0, 0x00, 0x00, 0x00, 0x00, 0x00, 0x2A, 0x00,
    0x00, 0x00, 0x00, 0x00, 0x00, 0x00, 0x00, 0x00, 0x04, 0x00, 0x00, 0x00, 0x00, 0x02, 0xFE, 0x00,
    0x00, 0x00, 0x00, 0x0F, 0xF0, 0x00, 0x00, 0x00, 0x00, 0x2F, 0x80, 0x00, 0x00, 0x00, 0x00, 0x3F,
    0x00, 0x00, 0x00, 0x00, 0x00, 0x3E, 0x00, 0x00, 0x00, 0x00, 0x00, 0x3F, 0x00, 0x00, 0x00, 0x00,
    0x00, 0x3F, 0x80, 0x00, 0x00, 0x00, 0x00, 0x08, 0x00, 0x00, 0x00, 0x00, 0x00, 0x00, 0x00, 0x00,
    0x00, 0x00, 0x00, 0x00, 0x00, 0x00, 0x00, 0x00, 0x2F, 0xF8, 0x00, 0xA0, 0x00, 0x03, 0xFF, 0xFF,
    0x82, 0xF8, 0x00, 0x0F, 0xFF, 0xFF, 0xF3, 0xF0, 0x00, 0x3F, 0xF9, 0x2F, 0xFF, 0xF0, 0x00, 0xFF,
    0xC0, 0x02, 0xFF, 0xF0, 0x01, 0xFF, 0x00, 0x00, 0xBF, 0xE0, 0x03, 0xFC, 0x00, 0x00, 0x3F, 0xE0,
    0x03, 0xFC, 0x00, 0x00, 0x3F, 0xC0, 0x0B, 0xF8, 0x00, 0x00, 0x2F, 0xC0, 0x0B, 0xF0, 0x00, 0x00,
    0x3F, 0xC0, 0x0B, 0xF0, 0x00, 0x00, 0x3F, 0x80, 0x0B, 0xF0, 0x00, 0x00, 0x3F, 0x40, 0x0B, 0xF0,
    0x00, 0x00, 0xBF, 0x00, 0x0B, 0xF0, 0x00, 0x00, 0xFF, 0x00, 0x0B, 0xFC, 0x00, 0x02, 0xFF, 0x00,
    0x03, 0xFE, 0x00, 0x07, 0xFE, 0x00, 0x02, 0xFF, 0x80, 0x2F, 0xFD, 0x00, 0x00, 0xFF, 0xFF, 0xFF,
    0xFC, 0x00, 0x00, 0x3F, 0xFF, 0xFF, 0xFC, 0x00, 0x00, 0x0B, 0xFF, 0xD3, 0xF8, 0x00, 0x00, 0x00,
    0x00, 0x03, 0xF8, 0x00, 0x00, 0x00, 0x00, 0x0B, 0xF0, 0x00, 0x00, 0x00, 0x00, 0x0F, 0xF0, 0x00,
    0x0B, 0xC0, 0x00, 0x2F, 0xE0, 0x00, 0x3F, 0xE0, 0x00, 0xBF, 0xC0, 0x00, 0x2F, 0xFE, 0xAB, 0xFF,
    0x40, 0x00, 0x0B, 0xFF, 0xFF, 0xFE, 0x00, 0x00, 0x01, 0xFF, 0xFF, 0xF0, 0x00, 0x00, 0x00, 0x0A,
    0xA9, 0x00, 0x00, 0x00, 0x00, 0x02, 0xA8, 0x00, 0x00, 0x00, 0x2A, 0x80, 0x00, 0x0B, 0xF8, 0x00,
    0x00, 0x00, 0x3F, 0xC0, 0x00, 0x0F, 0xF4, 0x00, 0x00, 0x00, 0xBF, 0x80, 0x00, 0x0F, 0xF0, 0x00,
    0x00, 0x00, 0xBF, 0x80, 0x03, 0xFF, 0xFF, 0xFF, 0xFF, 0xFF, 0xFF, 0xFC, 0x0B, 0xFF, 0xFF, 0xFF,
    0xFF, 0xFF, 0xFF, 0xFC, 0x0B, 0xFF, 0xFF, 0xFF, 0xFF, 0xFF, 0xFF, 0xFC, 0x00, 0x3F, 0xE0, 0x00,
    0x00, 0x02, 0xFE, 0x00, 0x00, 0x3F, 0xC0, 0x00, 0x00, 0x03, 0xFD, 0x00, 0x00, 0x3F, 0xC0, 0x00,
    0x00, 0x03, 0xFC, 0x00, 0x00, 0xBF, 0x80, 0x00, 0x00, 0x03, 0xFC, 0x00, 0x00, 0xBF, 0x80, 0x00,
    0x00, 0x07, 0xF8, 0x00, 0x00, 0xFF, 0xFF, 0xFF, 0xFF, 0xFF, 0xF8, 0x00, 0x00, 0xFF, 0xFF, 0xFF,
    0xFF, 0xFF, 0xF0, 0x00, 0x00, 0xFF, 0xFF, 0xFF, 0xFF, 0xFF, 0xF0, 0x00, 0x02, 0xFF, 0xAA, 0xAA,
    0xAA, 0xAF, 0xF0, 0x00, 0x03, 0xFD, 0x00, 0x00, 0x00, 0x2F, 0xE0, 0x00, 0x03, 0xFC, 0x00, 0x00,
    0x00, 0x2F, 0xE0, 0x00, 0x03, 0xFC, 0x00, 0x00, 0x00, 0x3F, 0xC0, 0x00, 0x07, 0xFC, 0x00, 0x00,
    0x00, 0x3F, 0xC0, 0x00, 0x0B, 0xF8, 0x00, 0x00, 0x00, 0x3F, 0xC0, 0x00, 0x0F, 0xF0, 0x00, 0x00,
    0x00, 0xBF, 0x80, 0x00, 0x0F, 0xF0, 0x00, 0x00, 0x00, 0xBF, 0x40, 0x00, 0x0F, 0xF0, 0x00, 0x00,
    0x00, 0xFF, 0x00, 0x00, 0x2F, 0xE0, 0x00, 0x00, 0x00, 0xFF, 0x00, 0x00, 0x2F, 0xE0, 0x00, 0x00,
    0x01, 0xFF, 0x00, 0x00, 0x3F, 0xC0, 0x00, 0x00, 0x02, 0xFE, 0x00, 0x00, 0x3F, 0xC0, 0x00, 0x00,
    0x03, 0xFC, 0x00, 0x00, 0x00, 0x0A, 0xA0, 0x00, 0x00, 0x00, 0x00, 0x0F, 0xF0, 0x00, 0x00, 0x00,
    0x02, 0xAF, 0xFA, 0xAA, 0x00, 0x00, 0x0B, 0xFF, 0xFF, 0xFF, 0x00, 0x00, 0x0F, 0xFF, 0xFF, 0xFF,
    0x00, 0x00, 0x0A, 0xBF, 0xEA, 0xA8, 0x00, 0x00, 0x00, 0x3F, 0xC0, 0x00, 0x00, 0x00, 0x00, 0x3F,
    0x81, 0xBF, 0x90, 0x00, 0x00, 0x7F, 0x5F, 0xFF, 0xFC, 0x00, 0x00, 0xBF, 0xBF, 0xFF, 0xFE, 0x00,
    0x00, 0xFF, 0xFE, 0x4B, 0xFF, 0x00, 0x00, 0xFF, 0xE0, 0x00, 0xFF, 0x00, 0x00, 0xFF, 0x80, 0x00,
    0xBF, 0x40, 0x02, 0xFF, 0x00, 0x00, 0x3F, 0x40, 0x02, 0xFD, 0x00, 0x00, 0x7F, 0x00, 0x03, 0xFC,
    0x00, 0x00, 0xBF, 0x00, 0x03, 0xF8, 0x00, 0x00, 0xBF, 0x00, 0x03, 0xF4, 0x00, 0x00, 0xFF, 0x00,
    0x0B, 0xF0, 0x00, 0x00, 0xFE, 0x00, 0x0B, 0xF0, 0x00, 0x01, 0xFC, 0x00, 0x0F, 0xF0, 0x00, 0x02,
    0xFC, 0x00, 0x0F, 0xE0, 0x00, 0x03, 0xFC, 0x00, 0x1F, 0xC0, 0x00, 0x03, 0xF8, 0x00, 0x2F, 0xC0,
    0x00, 0x03, 0xF8, 0x00, 0x3F, 0xC0, 0x00, 0x0B, 0xF0, 0x00, 0x3F, 0x80, 0x00, 0x0B, 0xF0, 0x00,
    0x3F, 0x80, 0x00, 0x0F, 0xF0, 0x00, 0x7F, 0x00, 0x00, 0x0F, 0xE0, 0x00, 0x00, 0x00, 0x00, 0x00,
    0x00, 0x00, 0x02, 0xFF, 0xFF, 0xFC, 0x00, 0x03, 0xFF, 0xFF, 0xF8, 0x00, 0x02, 0xAA, 0xAA, 0xA0,
    0x00, 0x00, 0x00, 0x00, 0x00, 0x00, 0x00, 0x00, 0x00, 0x00, 0x00, 0x00, 0x00, 0x00, 0x00, 0x00,
    0x0A, 0xAA, 0xAA, 0x80, 0x00, 0x0F, 0xFF, 0xFF, 0xD0, 0x00, 0x2F, 0xFF, 0xFF, 0xC0, 0x00, 0x1A,
    0xBF, 0xEA, 0x80, 0x00, 0x00, 0x3F, 0xC0, 0x00, 0x00, 0x00, 0x7F, 0x80, 0x00, 0x00, 0x00, 0xBF,
    0x80, 0x00, 0x00, 0x00, 0xFF, 0x00, 0x00, 0x00, 0x00, 0xFF, 0x00, 0x00, 0x00, 0x00, 0xFF, 0x00,
    0x00, 0x00, 0x02, 0xFE, 0x00, 0x00, 0x00, 0x02, 0xFE, 0x00, 0x00, 0x00, 0x03, 0xFC, 0x00, 0x00,
    0x00, 0x03, 0xFC, 0x00, 0x00, 0x00, 0x03, 0xFC, 0x00, 0x00, 0x00, 0x0B, 0xF8, 0x00, 0x00, 0x00,
    0x0B, 0xF4, 0x00, 0x00, 0x00, 0x0F, 0xF0, 0x00, 0x00, 0x00, 0x0F, 0xF0, 0x00, 0x00, 0x00, 0x0F,
    0xF0, 0x00, 0x00, 0x00, 0x2F, 0xE0, 0x00, 0x00, 0x00, 0x3F, 0xD0, 0x00, 0x00, 0x00, 0x3F, 0xC0,
    0x00, 0x00, 0x00, 0x3F, 0xC0, 0x00, 0x00, 0x00, 0xBF, 0xC0, 0x00, 0x00, 0xBF, 0xFF, 0xFF, 0x00,
    0x00, 0xBF, 0xFF, 0xFF, 0x00, 0x00, 0xFF, 0xFF, 0xFF, 0x00, 0x00, 0x2A, 0xAA, 0xAA, 0x00, 0x3F,
    0xFF, 0xFF, 0x00, 0xBF, 0xFF, 0xFF, 0x00, 0x00, 0x00, 0x00, 0x00, 0x00, 0x00, 0x00, 0x00, 0x00,
    0x00, 0x00, 0x00, 0x00, 0x00, 0x00, 0x00, 0x2A, 0xAA, 0x00, 0x00, 0x3F, 0xFF, 0x00, 0x00, 0x3F,
    0xFE, 0x00, 0x00, 0x02, 0xFE, 0x00, 0x00, 0x01, 0xFC, 0x00, 0x00, 0x02, 0xFC, 0x00, 0x00, 0x03,
    0xFC, 0x00, 0x00, 0x03, 0xF8, 0x00, 0x00, 0x03, 0xF8, 0x00, 0x00, 0x0B, 0xF0, 0x00, 0x00, 0x0B,
    0xF0, 0x00, 0x00, 0x0F, 0xF0, 0x00, 0x00, 0x0F, 0xE0, 0x00, 0x00, 0x0F, 0xD0, 0x00, 0x00, 0x2F,
    0xC0, 0x00, 0x00, 0x3F, 0xC0, 0x00, 0x00, 0x3F, 0xC0, 0x00, 0x00, 0x3F, 0x80, 0x00, 0x00, 0x7F,
    0x00, 0x00, 0x00, 0xBF, 0x00, 0x00, 0x00, 0xBF, 0x00, 0x00, 0x00, 0x00, 0x0A, 0xAA, 0xAA, 0x80,
    0x00, 0x0F, 0xFF, 0xFF, 0xD0, 0x00, 0x2F, 0xFF, 0xFF, 0xC0, 0x00, 0x1A, 0xBF, 0xEA, 0x80, 0x00,
    0x00, 0x3F, 0xC0, 0x00, 0x00, 0x00, 0x7F, 0x80, 0x00, 0x00, 0x00, 0xBF, 0x80, 0x00, 0x00, 0x00,
    0xFF, 0x00, 0x00, 0x00, 0x00, 0xFF, 0x00, 0x00, 0x00, 0x00, 0xFF, 0x00, 0x00, 0x00, 0x02, 0xFE,
    0x00, 0x00, 0x00, 0x02, 0xFE, 0x00, 0x00, 0x00, 0x03, 0xFC, 0x00, 0x00, 0x00, 0x03, 0xFC, 0x00,
    0x00, 0x00, 0x03, 0xFC, 0x00, 0x00, 0x00, 0x0B, 0xF8, 0x00, 0x00, 0x00, 0x0B, 0xF4, 0x00, 0x00,
    0x00, 0x0F, 0xF0, 0x00, 0x00, 0x00, 0x0F, 0xF0, 0x00, 0x00, 0x00, 0x0F, 0xF0, 0x00, 0x00, 0x00,
    0x2F, 0xE0, 0x00, 0x00, 0x00, 0x3F, 0xD0, 0x00, 0x00, 0x00, 0x3F, 0xC0, 0x00, 0x00, 0x00, 0x3F,
    0xC0, 0x00, 0x00, 0x00, 0xBF, 0xC0, 0x00, 0x00, 0xBF, 0xFF, 0xFF, 0x00, 0x00, 0xBF, 0xFF, 0xFF,
    0x00, 0x00, 0xFF, 0xFF, 0xFF, 0x00, 0x00, 0x03, 0xF8, 0x00, 0x00, 0x00, 0x1F, 0xC0, 0x00, 0x00,
    0x00, 0x3F, 0x00, 0x00, 0x00, 0x00, 0xBF, 0x00, 0x00, 0x00, 0x00, 0xBF, 0xA8, 0x00, 0x00, 0x00,
    0x3F, 0xFC, 0x00, 0x00, 0x00, 0x1F, 0xF8, 0x00, 0x00, 0x00, 0x00, 0x00, 0x00, 0x00, 0x00, 0x00,
    0x00, 0x0A, 0x00, 0x00, 0x00, 0x3F, 0xC0, 0x00, 0x00, 0x7F, 0xC0, 0x00, 0x00, 0x3F, 0xC0, 0x00,
    0x00, 0x2F, 0x40, 0x00, 0x00, 0x00, 0x00, 0x00, 0x00, 0x00, 0x00, 0x00, 0x00, 0x00, 0x00, 0x00,
    0x0A, 0xAA, 0x40, 0x00, 0x1F, 0xFF, 0x80, 0x00, 0x2F, 0xFF, 0x40, 0x00, 0x05, 0xFF, 0x00, 0x00,
    0x00, 0xBF, 0x00, 0x00, 0x00, 0xFF, 0x00, 0x00, 0x00, 0xFE, 0x00, 0x00, 0x01, 0xFC, 0x00, 0x00,
    0x02, 0xFC, 0x00, 0x00, 0x03, 0xFC, 0x00, 0x00, 0x03, 0xF8, 0x00, 0x00, 0x03, 0xF8, 0x00, 0x00,
    0x0B, 0xF0, 0x00, 0x00, 0x0B, 0xF0, 0x00, 0x00, 0x0F, 0xF0, 0x00, 0x00, 0x0F, 0xE0, 0x00, 0x00,
    0x0F, 0xE0, 0x00, 0x00, 0x2F, 0xC0, 0x00, 0x00, 0x2F, 0xC0, 0x00, 0x00, 0x3F, 0xC0, 0x00, 0x00,
    0x3F, 0x80, 0x00, 0x02, 0xFD, 0x00, 0x00, 0x0F, 0xE0, 0x00, 0x00, 0x3F, 0x80, 0x00, 0x00, 0x3F,
    0x00, 0x00, 0x00, 0x3F, 0xE9, 0x00, 0x00, 0x3F, 0xFC, 0x00, 0x00, 0x0B, 0xF8, 0x00, 0x00, 0x00,
    0x00, 0x00, 0x00, 0x0A, 0xAA, 0x40, 0x1F, 0xFF, 0x80, 0x2F, 0xFF, 0x40, 0x05, 0xFF, 0x00, 0x00,
    0xBF, 0x00, 0x00, 0xFF, 0x00, 0x00, 0xFE, 0x00, 0x01, 0xFC, 0x00, 0x02, 0xFC, 0x00, 0x03, 0xFC,
    0x00, 0x03, 0xF8, 0x00, 0x03, 0xF8, 0x00, 0x0B, 0xF0, 0x00, 0x0B, 0xF0, 0x00, 0x0F, 0xF0, 0x00,
    0x0F, 0xE0, 0x00, 0x0F, 0xE0, 0x00, 0x2F, 0xC0, 0x00, 0x2F, 0xC0, 0x00, 0x3F, 0xC0, 0x00, 0x3F,
    0x80, 0x00, 0x00, 0x0A, 0xA0, 0x00, 0x00, 0x0A, 0xA8, 0x00, 0x0F, 0xF0, 0x00, 0x00, 0x3F, 0xF8,
    0x00, 0x0F, 0xF0, 0x00, 0x00, 0xFF, 0xD0, 0x00, 0x1F, 0xF0, 0x00, 0x0B, 0xFF, 0x00, 0x00, 0x2F,
    0xE0, 0x00, 0x2F, 0xFC, 0x00, 0x00, 0x3F, 0xD0, 0x00, 0xBF, 0xF0, 0x00, 0x00, 0x3F, 0xC0, 0x02,
    0xFF, 0xC0, 0x00, 0x00, 0x3F, 0xC0, 0x0F, 0xFE, 0x00, 0x00, 0x00, 0x7F, 0x80, 0x3F, 0xF8, 0x00,
    0x00, 0x00, 0xBF, 0x80, 0xFF, 0xE0, 0x00, 0x00, 0x00, 0xFF, 0x03, 0xFF, 0x40, 0x00, 0x00, 0x00,
    0xFF, 0x0F, 0xFC, 0x00, 0x00, 0x00, 0x00, 0xFF, 0x7F, 0xFC, 0x00, 0x00, 0x00, 0x02, 0xFF, 0xFF,
    0xFC, 0x00, 0x00, 0x00, 0x02, 0xFF, 0xFF, 0xFF, 0x00, 0x00, 0x00, 0x03, 0xFF, 0xF8, 0xFF, 0x00,
    0x00, 0x00, 0x03, 0xFF, 0xE0, 0xBF, 0xC0, 0x00, 0x00, 0x03, 0xFF, 0x80, 0x3F, 0xC0, 0x00, 0x00,
    0x0B, 0xFD, 0x00, 0x2F, 0xF0, 0x00, 0x00, 0x0F, 0xF8, 0x00, 0x0F, 0xF4, 0x00, 0x00, 0x0F, 0xF0,
    0x00, 0x0B, 0xFC, 0x00, 0x00, 0x0F, 0xF0, 0x00, 0x03, 0xFE, 0x00, 0x00, 0x1F, 0xF0, 0x00, 0x02,
    0xFF, 0x00, 0x00, 0x2F, 0xE0, 0x00, 0x00, 0xFF, 0x80, 0x00, 0x3F, 0xC0, 0x00, 0x00, 0xBF, 0xC0,
    0x00, 0x3F, 0xC0, 0x00, 0x00, 0x3F, 0xE0, 0x00, 0x3F, 0xC0, 0x00, 0x00, 0x2F, 0xF0, 0x00, 0xBF,
    0x80, 0x00, 0x00, 0x0F, 0xF8, 0x00, 0x00, 0x00, 0x00, 0x00, 0x00, 0x00, 0x00, 0x00, 0x00, 0x00,
    0x00, 0x00, 0x00, 0x00, 0x00, 0x00, 0xBC, 0x00, 0x00, 0x00, 0x00, 0x00, 0x00, 0xBE, 0x00, 0x00,
    0x00, 0x00, 0x00, 0x00, 0x3F, 0x00, 0x00, 0x00, 0x00, 0x00, 0x00, 0x3F, 0x00, 0x00, 0x00, 0x00,
    0x00, 0x00, 0xBE, 0x00, 0x00, 0x00, 0x00, 0x00, 0x02, 0xFC, 0x00, 0x00, 0x00, 0x00, 0x00, 0x3F,
    0xF0, 0x00, 0x00, 0x00, 0x00, 0x00, 0x0E, 0x00, 0x00, 0x00, 0x00, 0x00, 0x00, 0x0A, 0x90, 0x00,
    0x00, 0x00, 0x00, 0x0F, 0xE0, 0x00, 0x00, 0x00, 0x00, 0x2F, 0xC0, 0x00, 0x00, 0x00, 0x00, 0x2F,
    0xC0, 0x00, 0x00, 0x00, 0x00, 0x3F, 0xC0, 0x00, 0x00, 0x00, 0x00, 0x3F, 0x80, 0x00, 0x00, 0x00,
    0x00, 0x3F, 0x80, 0x00, 0x00, 0x00, 0x00, 0xBF, 0x00, 0x00, 0xAA, 0x00, 0x00, 0xBF, 0x00, 0x07,
    0xFE, 0x00, 0x00, 0xFF, 0x00, 0x2F, 0xF8, 0x00, 0x00, 0xFE, 0x00, 0xBF, 0xC0, 0x00, 0x00, 0xFD,
    0x02, 0xFF, 0x00, 0x00, 0x02, 0xFC, 0x0F, 0xFC, 0x00, 0x00, 0x03, 0xFC, 0x3F, 0xF0, 0x00, 0x00,
    0x03, 0xF8, 0xFF, 0xC0, 0x00, 0x00, 0x03, 0xFF, 0xFE, 0x00, 0x00, 0x00, 0x07, 0xFF, 0xFC, 0x00,
    0x00, 0x00, 0x0B, 0xFF, 0xFF, 0x00, 0x00, 0x00, 0x0F, 0xFF, 0xFF, 0x00, 0x00, 0x00, 0x0F, 0xFC,
    0x3F, 0xC0, 0x00, 0x00, 0x0F, 0xF0, 0x3F, 0xD0, 0x00, 0x00, 0x2F, 0xC0, 0x0F, 0xF0, 0x00, 0x00,
    0x2F, 0xC0, 0x0B, 0xF4, 0x00, 0x00, 0x3F, 0xC0, 0x03, 0xFC, 0x00, 0x00, 0x3F, 0x80, 0x02, 0xFE,
    0x00, 0x00, 0x3F, 0x40, 0x00, 0xFF, 0x00, 0x00, 0xBF, 0x00, 0x00, 0xBF, 0x80, 0x00, 0xBF, 0x00,
    0x00, 0x3F, 0xC0, 0x00, 0x00, 0x00, 0x00, 0x00, 0x00, 0x00, 0x00, 0x00, 0x00, 0x00, 0x00, 0x00,
    0x00, 0x03, 0xE0, 0x00, 0x00, 0x00, 0x00, 0x03, 0xF0, 0x00, 0x00, 0x00, 0x00, 0x02, 0xF4, 0x00,
    0x00, 0x00, 0x00, 0x02, 0xF0, 0x00, 0x00, 0x00, 0x00, 0x03, 0xF0, 0x00, 0x00, 0x00, 0x00, 0x0F,
    0xE0, 0x00, 0x00, 0x00, 0x02, 0xFF, 0x80, 0x00, 0x00, 0x00, 0x00, 0xA8, 0x00, 0x00, 0x00, 0x00,
    0x00, 0x0A, 0xA0, 0x00, 0x00, 0x00, 0x00, 0x0F, 0xF0, 0x00, 0x00, 0x00, 0x00, 0x0F, 0xF0, 0x00,
    0x00, 0x00, 0x00, 0x1F, 0xF0, 0x00, 0x00, 0x00, 0x00, 0x2F, 0xE0, 0x00, 0x00, 0x00, 0x00, 0x3F,
    0xD0, 0x00, 0x00, 0x00, 0x00, 0x3F, 0xC0, 0x00, 0x00, 0x00, 0x00, 0x3F, 0xC0, 0x00, 0x00, 0x00,
    0x00, 0x7F, 0x80, 0x00, 0x00, 0x00, 0x00, 0xBF, 0x80, 0x00, 0x00, 0x00, 0x00, 0xFF, 0x00, 0x00,
    0x00, 0x00, 0x00, 0xFF, 0x00, 0x00, 0x00, 0x00, 0x00, 0xFF, 0x00, 0x00, 0x00, 0x00, 0x02, 0xFE,
    0x00, 0x00, 0x00, 0x00, 0x02, 0xFE, 0x00, 0x00, 0x00, 0x00, 0x03, 0xFC, 0x00, 0x00, 0x00, 0x00,
    0x03, 0xFC, 0x00, 0x00, 0x00, 0x00, 0x03, 0xFC, 0x00, 0x00, 0x00, 0x00, 0x0B, 0xF8, 0x00, 0x00,
    0x00, 0x00, 0x0F, 0xF4, 0x00, 0x00, 0x00, 0x00, 0x0F, 0xF0, 0x00, 0x00, 0x00, 0x00, 0x0F, 0xF0,
    0x00, 0x00, 0x00, 0x00, 0x1F, 0xE0, 0x00, 0x00, 0x00, 0x00, 0x2F, 0xE0, 0x00, 0x00, 0x00, 0x00,
    0x3F, 0xEA, 0xAA, 0xAA, 0xAA, 0x00, 0x3F, 0xFF, 0xFF, 0xFF, 0xFF, 0x00, 0x3F, 0xFF, 0xFF, 0xFF,
    0xFE, 0x00, 0xBF, 0xFF, 0xFF, 0xFF, 0xFD, 0x00, 0x00, 0x00, 0x00, 0x00, 0x00, 0x00, 0x00, 0x00,
    0x00, 0x00, 0x00, 0x00, 0x00, 0x07, 0xE0, 0x00, 0x00, 0x00, 0x00, 0x07, 0xF0, 0x00, 0x00, 0x00,
    0x00, 0x03, 0xF0, 0x00, 0x00, 0x00, 0x00, 0x02, 0xF0, 0x00, 0x00, 0x00, 0x00, 0x03, 0xF0, 0x00,
    0x00, 0x00, 0x00, 0x1F, 0xC0, 0x00, 0x00, 0x00, 0x02, 0xFF, 0x00, 0x00, 0x00, 0x00, 0x00, 0xE8,
    0x00, 0x00, 0x00, 0x00, 0x00, 0x00, 0xA9, 0x00, 0x00, 0xFE, 0x00, 0x02, 0xFC, 0x00, 0x02, 0xFC,
    0x00, 0x03, 0xFC, 0x00, 0x03, 0xF8, 0x00, 0x03, 0xF8, 0x00, 0x0B, 0xF0, 0x00, 0x0B, 0xF0, 0x00,
    0x0F, 0xF0, 0x00, 0x0F, 0xE0, 0x00, 0x0F, 0xD0, 0x00, 0x2F, 0xC0, 0x00, 0x3F, 0xC0, 0x00, 0x3F,
    0xC0, 0x00, 0x3F, 0x80, 0x00, 0x7F, 0x00, 0x00, 0xBF, 0x00, 0x00, 0xFF, 0x00, 0x00, 0xFE, 0x00,
    0x00, 0xFE, 0x00, 0x02, 0xFC, 0x00, 0x02, 0xFC, 0x00, 0x03, 0xFC, 0x00, 0x03, 0xFE, 0x00, 0x03,
    0xFF, 0xF0, 0x02, 0xFF, 0xF0, 0x00, 0xBF, 0xE0, 0x00, 0x00, 0x00, 0x00, 0x00, 0x00, 0x00, 0xF8,
    0x00, 0x00, 0xFC, 0x00, 0x00, 0xBC, 0x00, 0x00, 0xBC, 0x00, 0x00, 0xFC, 0x00, 0x07, 0xF0, 0x00,
    0xBF, 0xD0, 0x00, 0x2A, 0x00, 0x00, 0x00, 0x00, 0x00, 0x00, 0x00, 0x00, 0x00, 0x0A, 0xA0, 0x00,
    0x02, 0xE0, 0x00, 0x0F, 0xF0, 0x00, 0x07, 0xF0, 0x00, 0x0F, 0xF0, 0x00, 0x0F, 0xE0, 0x00, 0x1F,
    0xF0, 0x00, 0x0F, 0xC0, 0x00, 0x2F, 0xE0, 0x00, 0x2F, 0x40, 0x00, 0x3F, 0xD0, 0x00, 0x3F, 0x00,
    0x00, 0x3F, 0xC0, 0x00, 0x3C, 0x00, 0x00, 0x3F, 0xC0, 0x00, 0x68, 0x00, 0x00, 0x7F, 0x80, 0x00,
    0x00, 0x00, 0x00, 0xBF, 0x80, 0x00, 0x00, 0x00, 0x00, 0xFF, 0x00, 0x00, 0x00, 0x00, 0x00, 0xFF,
    0x00, 0x00, 0x00, 0x00, 0x00, 0xFF, 0x00, 0x00, 0x00, 0x00, 0x02, 0xFE, 0x00, 0x00, 0x00, 0x00,
    0x02, 0xFE, 0x00, 0x00, 0x00, 0x00, 0x03, 0xFC, 0x00, 0x00, 0x00, 0x00, 0x03, 0xFC, 0x00, 0x00,
    0x00, 0x00, 0x03, 0xFC, 0x00, 0x00, 0x00, 0x00, 0x0B, 0xF8, 0x00, 0x00, 0x00, 0x00, 0x0F, 0xF4,
    0x00, 0x00, 0x00, 0x00, 0x0F, 0xF0, 0x00, 0x00, 0x00, 0x00, 0x0F, 0xF0, 0x00, 0x00, 0x00, 0x00,
    0x1F, 0xE0, 0x00, 0x00, 0x00, 0x00, 0x2F, 0xE0, 0x00, 0x00, 0x00, 0x00, 0x3F, 0xEA, 0xAA, 0xAA,
    0xAA, 0x00, 0x3F, 0xFF, 0xFF, 0xFF, 0xFF, 0x00, 0x3F, 0xFF, 0xFF, 0xFF, 0xFE, 0x00, 0xBF, 0xFF,
    0xFF, 0xFF, 0xFD, 0x00, 0x00, 0x0A, 0x90, 0x3C, 0x00, 0x0F, 0xE0, 0xFC, 0x00, 0x2F, 0xC1, 0xFC,
    0x00, 0x2F, 0xC2, 0xF4, 0x00, 0x3F, 0xC3, 0xF0, 0x00, 0x3F, 0x8B, 0xC0, 0x00, 0x3F, 0x8F, 0x80,
    0x00, 0xBF, 0x0A, 0x00, 0x00, 0xBF, 0x00, 0x00, 0x00, 0xFF, 0x00, 0x00, 0x00, 0xFE, 0x00, 0x00,
    0x00, 0xFD, 0x00, 0x00, 0x02, 0xFC, 0x00, 0x00, 0x03, 0xFC, 0x00, 0x00, 0x03, 0xFC, 0x00, 0x00,
    0x03, 0xF8, 0x00, 0x00, 0x07, 0xF0, 0x00, 0x00, 0x0B, 0xF0, 0x00, 0x00, 0x0F, 0xF0, 0x00, 0x00,
    0x0F, 0xE0, 0x00, 0x00, 0x0F, 0xE0, 0x00, 0x00, 0x2F, 0xC0, 0x00, 0x00, 0x2F, 0xC0, 0x00, 0x00,
    0x3F, 0xC0, 0x00, 0x00, 0x3F, 0xE0, 0x00, 0x00, 0x3F, 0xFF, 0x00, 0x00, 0x2F, 0xFF, 0x00, 0x00,
    0x0B, 0xFE, 0x00, 0x00, 0x00, 0x00, 0xA9, 0x00, 0x00, 0x00, 0x00, 0x02, 0xFE, 0x00, 0x00, 0x00,
    0x00, 0x03, 0xFC, 0x00, 0x00, 0x00, 0x00, 0x03, 0xFC, 0x00, 0x00, 0x00, 0x00, 0x03, 0xFC, 0x00,
    0x00, 0x00, 0x00, 0x0B, 0xF8, 0x00, 0x00, 0x00, 0x00, 0x0B, 0xF8, 0x00, 0x00, 0x00, 0x00, 0x0F,
    0xF0, 0x00, 0x50, 0x00, 0x00, 0x0F, 0xF0, 0x03, 0xC0, 0x00, 0x00, 0x1F, 0xF0, 0x3F, 0xC0, 0x00,
    0x00, 0x2F, 0xE2, 0xFF, 0x80, 0x00, 0x00, 0x3F, 0xFF, 0xF8, 0x00, 0x00, 0x00, 0x3F, 0xFF, 0x80,
    0x00, 0x00, 0x00, 0x3F, 0xF8, 0x00, 0x00, 0x00, 0x02, 0xFF, 0xC0, 0x00, 0x00, 0x00, 0x2F, 0xFF,
    0x80, 0x00, 0x00, 0x00, 0xBF, 0xFF, 0x00, 0x00, 0x00, 0x00, 0xBE, 0xFF, 0x00, 0x00, 0x00, 0x00,
    0xE0, 0xFF, 0x00, 0x00, 0x00, 0x00, 0x02, 0xFE, 0x00, 0x00, 0x00, 0x00, 0x02, 0xFE, 0x00, 0x00,
    0x00, 0x00, 0x03, 0xFC, 0x00, 0x00, 0x00, 0x00, 0x03, 0xFC, 0x00, 0x00, 0x00, 0x00, 0x03, 0xFC,
    0x00, 0x00, 0x00, 0x00, 0x0B, 0xFE, 0xAA, 0xAA, 0xAA, 0x80, 0x0F, 0xFF, 0xFF, 0xFF, 0xFF, 0xC0,
    0x0F, 0xFF, 0xFF, 0xFF, 0xFF, 0xC0, 0x0F, 0xFF, 0xFF, 0xFF, 0xFF, 0x80, 0x00, 0x02, 0xA0, 0x00,
    0x00, 0x0B, 0xF0, 0x00, 0x00, 0x0F, 0xF0, 0x00, 0x00, 0x0F, 0xE0, 0x00, 0x00, 0x0F, 0xE0, 0x00,
    0x00, 0x2F, 0xC0, 0x00, 0x00, 0x2F, 0xC0, 0x00, 0x00, 0x3F, 0xC0, 0x00, 0x00, 0x3F, 0x80, 0x00,
    0x00, 0x3F, 0x40, 0x00, 0x00, 0xBF, 0x0F, 0x00, 0x00, 0xFF, 0xFE, 0x00, 0x00, 0xFF, 0xFC, 0x00,
    0x00, 0xFF, 0xE0, 0x00, 0x0B, 0xFE, 0x00, 0x00, 0x3F, 0xFC, 0x00, 0x00, 0xBF, 0xFC, 0x00, 0x00,
    0xF3, 0xF8, 0x00, 0x00, 0x03, 0xF8, 0x00, 0x00, 0x0B, 0xF0, 0x00, 0x00, 0x0B, 0xF0, 0x00, 0x00,
    0x0F, 0xF0, 0x00, 0x00, 0x0F, 0xE0, 0x00, 0x00, 0x0F, 0xE0, 0x00, 0x00, 0x1F, 0xF4, 0x00, 0x00,
    0x1F, 0xFF, 0x80, 0x00, 0x0F, 0xFF, 0x80, 0x00, 0x02, 0xFF, 0x00, 0x00, 0x00, 0x00, 0x00, 0x00,
    0x00, 0x08, 0x00, 0x00, 0x00, 0x00, 0x00, 0x00, 0x00, 0xBF, 0x00, 0x00, 0x00, 0x00, 0x00, 0x00,
    0x03, 0xFF, 0x00, 0x00, 0x00, 0x00, 0x00, 0x00, 0x0F, 0xFC, 0x00, 0x00, 0x00, 0x00, 0x00, 0x00,
    0x7F, 0xC0, 0x00, 0x00, 0x00, 0x00, 0x00, 0x00, 0xA8, 0x00, 0x00, 0x00, 0x00, 0x00, 0x00, 0x00,
    0x00, 0x00, 0x00, 0x00, 0x00, 0x00, 0x00, 0x00, 0x00, 0x00, 0x00, 0x00, 0x00, 0x0A, 0xAA, 0x00,
    0x00, 0x00, 0x2A, 0x00, 0x00, 0x0F, 0xFF, 0x80, 0x00, 0x00, 0xBF, 0x80, 0x00, 0x0F, 0xFF, 0xC0,
    0x00, 0x00, 0xFF, 0x00, 0x00, 0x1F, 0xFF, 0xC0, 0x00, 0x00, 0xFF, 0x00, 0x00, 0x2F, 0xFF, 0xE0,
    0x00, 0x00, 0xFF, 0x00, 0x00, 0x3F, 0xEF, 0xF0, 0x00, 0x02, 0xFE, 0x00, 0x00, 0x3F, 0xCF, 0xF0,
    0x00, 0x02, 0xFD, 0x00, 0x00, 0x3F, 0xCB, 0xF4, 0x00, 0x03, 0xFC, 0x00, 0x00, 0x7F, 0x83, 0xF8,
    0x00, 0x03, 0xFC, 0x00, 0x00, 0xBF, 0x83, 0xFC, 0x00, 0x07, 0xFC, 0x00, 0x00, 0xFF, 0x02, 0xFD,
    0x00, 0x0B, 0xF8, 0x00, 0x00, 0xFF, 0x00, 0xFE, 0x00, 0x0F, 0xF0, 0x00, 0x00, 0xFF, 0x00, 0xFF,
    0x00, 0x0F, 0xF0, 0x00, 0x02, 0xFE, 0x00, 0xBF, 0x00, 0x0F, 0xF0, 0x00, 0x02, 0xFE, 0x00, 0x3F,
    0x80, 0x2F, 0xE0, 0x00, 0x03, 0xFC, 0x00, 0x3F, 0xC0, 0x2F, 0xE0, 0x00, 0x03, 0xFC, 0x00, 0x2F,
    0xC0, 0x3F, 0xC0, 0x00, 0x03, 0xFC, 0x00, 0x0F, 0xE0, 0x3F, 0xC0, 0x00, 0x0B, 0xF8, 0x00, 0x0F,
    0xF0, 0x3F, 0xC0, 0x00, 0x0F, 0xF4, 0x00, 0x0B, 0xF0, 0xBF, 0x80, 0x00, 0x0F, 0xF0, 0x00, 0x03,
    0xF8, 0xBF, 0x40, 0x00, 0x0F, 0xF0, 0x00, 0x03, 0xFC, 0xFF, 0x00, 0x00, 0x1F, 0xF0, 0x00, 0x02,
    0xFE, 0xFF, 0x00, 0x00, 0x2F, 0xE0, 0x00, 0x01, 0xFF, 0xFF, 0x00, 0x00, 0x3F, 0xC0, 0x00, 0x00,
    0xFF, 0xFE, 0x00, 0x00, 0x3F, 0xC0, 0x00, 0x00, 0xBF, 0xFD, 0x00, 0x00, 0x3F, 0xC0, 0x00, 0x00,
    0x7F, 0xFC, 0x00, 0x00, 0xBF, 0x80, 0x00, 0x00, 0x3F, 0xFC, 0x00, 0x00, 0x00, 0x00, 0x00, 0x00,
    0x00, 0x00, 0x00, 0x00, 0x00, 0x00, 0xBC, 0x00, 0x00, 0x00, 0x00, 0x02, 0xFD, 0x00, 0x00, 0x00,
    0x00, 0x0B, 0xFC, 0x00, 0x00, 0x00, 0x00, 0x2F, 0xE0, 0x00, 0x00, 0x00, 0x00, 0xBF, 0x80, 0x00,
    0x00, 0x00, 0x00, 0xA8, 0x00, 0x00, 0x00, 0x00, 0x00, 0x00, 0x00, 0x00, 0x00, 0x00, 0x00, 0x00,
    0x00, 0x00, 0x00, 0x28, 0x02, 0xBF, 0x80, 0x00, 0x00, 0xBE, 0x2F, 0xFF, 0xF8, 0x00, 0x00, 0xFE,
    0xFF, 0xFF, 0xFC, 0x00, 0x00, 0xFF, 0xFE, 0x5B, 0xFF, 0x00, 0x00, 0xFF, 0xE0, 0x00, 0xFF, 0x00,
    0x02, 0xFF, 0x80, 0x00, 0xBF, 0x00, 0x02, 0xFE, 0x00, 0x00, 0xBF, 0x00, 0x03, 0xFC, 0x00, 0x00,
    0xBF, 0x00, 0x03, 0xF8, 0x00, 0x00, 0xFF, 0x00, 0x07, 0xF4, 0x00, 0x00, 0xFE, 0x00, 0x0B, 0xF0,
    0x00, 0x00, 0xFE, 0x00, 0x0F, 0xF0, 0x00, 0x02, 0xFC, 0x00, 0x0F, 0xE0, 0x00, 0x02, 0xFC, 0x00,
    0x0F, 0xE0, 0x00, 0x03, 0xFC, 0x00, 0x2F, 0xC0, 0x00, 0x03, 0xF8, 0x00, 0x2F, 0xC0, 0x00, 0x03,
    0xF8, 0x00, 0x3F, 0xC0, 0x00, 0x0B, 0xF0, 0x00, 0x3F, 0x80, 0x00, 0x0B, 0xF0, 0x00, 0x3F, 0x80,
    0x00, 0x0F, 0xF0, 0x00, 0xBF, 0x00, 0x00, 0x0F, 0xE0, 0x00, 0xBF, 0x00, 0x00, 0x0F, 0xD0, 0x00,
    0x00, 0x0A, 0xAA, 0x00, 0x00, 0x00, 0x2A, 0x00, 0x00, 0x0F, 0xFF, 0x80, 0x00, 0x00, 0xBF, 0x80,
    0x00, 0x0F, 0xFF, 0xC0, 0x00, 0x00, 0xFF, 0x00, 0x00, 0x1F, 0xFF, 0xC0, 0x00, 0x00, 0xFF, 0x00,
    0x00, 0x2F, 0xFF, 0xE0, 0x00, 0x00, 0xFF, 0x00, 0x00, 0x3F, 0xEF, 0xF0, 0x00, 0x02, 0xFE, 0x00,
    0x00, 0x3F, 0xCF, 0xF0, 0x00, 0x02, 0xFD, 0x00, 0x00, 0x3F, 0xCB, 0xF4, 0x00, 0x03, 0xFC, 0x00,
    0x00, 0x7F, 0x83, 0xF8, 0x00, 0x03, 0xFC, 0x00, 0x00, 0xBF, 0x83, 0xFC, 0x00, 0x07, 0xFC, 0x00,
    0x00, 0xFF, 0x02, 0xFD, 0x00, 0x0B, 0xF8, 0x00, 0x00, 0xFF, 0x00, 0xFE, 0x00, 0x0F, 0xF0, 0x00,
    0x00, 0xFF, 0x00, 0xFF, 0x00, 0x0F, 0xF0, 0x00, 0x02, 0xFE, 0x00, 0xBF, 0x00, 0x0F, 0xF0, 0x00,
    0x02, 0xFE, 0x00, 0x3F, 0x80, 0x2F, 0xE0, 0x00, 0x03, 0xFC, 0x00, 0x3F, 0xC0, 0x2F, 0xE0, 0x00,
    0x03, 0xFC, 0x00, 0x2F, 0xC0, 0x3F, 0xC0, 0x00, 0x03, 0xFC, 0x00, 0x0F, 0xE0, 0x3F, 0xC0, 0x00,
    0x0B, 0xF8, 0x00, 0x0F, 0xF0, 0x3F, 0xC0, 0x00, 0x0F, 0xF4, 0x00, 0x0B, 0xF0, 0xBF, 0x80, 0x00,
    0x0F, 0xF0, 0x00, 0x03, 0xF8, 0xBF, 0x40, 0x00, 0x0F, 0xF0, 0x00, 0x03, 0xFC, 0xFF, 0x00, 0x00,
    0x1F, 0xF0, 0x00, 0x02, 0xFE, 0xFF, 0x00, 0x00, 0x2F, 0xE0, 0x00, 0x01, 0xFF, 0xFF, 0x00, 0x00,
    0x3F, 0xC0, 0x00, 0x00, 0xFF, 0xFE, 0x00, 0x00, 0x3F, 0xC0, 0x00, 0x00, 0xBF, 0xFD, 0x00, 0x00,
    0x3F, 0xC0, 0x00, 0x00, 0x7F, 0xFC, 0x00, 0x00, 0xBF, 0x80, 0x00, 0x00, 0x3F, 0xFC, 0x00, 0x00,
    0x00, 0x00, 0x00, 0x00, 0x00, 0x00, 0x00, 0x00, 0x00, 0x00, 0x00, 0x00, 0x00, 0x00, 0x00, 0x00,
    0x00, 0x00, 0xBE, 0x00, 0x00, 0x00, 0x00, 0x00, 0x00, 0x00, 0xBF, 0x00, 0x00, 0x00, 0x00, 0x00,
    0x00, 0x00, 0x3F, 0x00, 0x00, 0x00, 0x00, 0x00, 0x00, 0x00, 0x3F, 0x00, 0x00, 0x00, 0x00, 0x00,
    0x00, 0x00, 0x3F, 0x00, 0x00, 0x00, 0x00, 0x00, 0x00, 0x02, 0xFC, 0x00, 0x00, 0x00, 0x00, 0x00,
    0x00, 0x2F, 0xF0, 0x00, 0x00, 0x00, 0x00, 0x00, 0x00, 0x0E, 0x40, 0x00, 0x00, 0x00, 0x00, 0x00,
    0x00, 0x28, 0x02, 0xBF, 0x80, 0x00, 0x00, 0xBE, 0x2F, 0xFF, 0xF8, 0x00, 0x00, 0xFE, 0xFF, 0xFF,
    0xFC, 0x00, 0x00, 0xFF, 0xFE, 0x5B, 0xFF, 0x00, 0x00, 0xFF, 0xE0, 0x00, 0xFF, 0x00, 0x02, 0xFF,
    0x80, 0x00, 0xBF, 0x00, 0x02, 0xFE, 0x00, 0x00, 0xBF, 0x00, 0x03, 0xFC, 0x00, 0x00, 0xBF, 0x00,
    0x03, 0xF8, 0x00, 0x00, 0xFF, 0x00, 0x07, 0xF4, 0x00, 0x00, 0xFE, 0x00, 0x0B, 0xF0, 0x00, 0x00,
    0xFE, 0x00, 0x0F, 0xF0, 0x00, 0x02, 0xFC, 0x00, 0x0F, 0xE0, 0x00, 0x02, 0xFC, 0x00, 0x0F, 0xE0,
    0x00, 0x03, 0xFC, 0x00, 0x2F, 0xC0, 0x00, 0x03, 0xF8, 0x00, 0x2F, 0xC0, 0x00, 0x03, 0xF8, 0x00,
    0x3F, 0xC0, 0x00, 0x0B, 0xF0, 0x00, 0x3F, 0x80, 0x00, 0x0B, 0xF0, 0x00, 0x3F, 0x80, 0x00, 0x0F,
    0xF0, 0x00, 0xBF, 0x00, 0x00, 0x0F, 0xE0, 0x00, 0xBF, 0x00, 0x00, 0x0F, 0xD0, 0x00, 0x00, 0x00,
    0x00, 0x00, 0x00, 0x00, 0x00, 0x00, 0x00, 0x00, 0x00, 0x00, 0x00, 0x0B, 0xC0, 0x00, 0x00, 0x00,
    0x00, 0x0B, 0xF0, 0x00, 0x00, 0x00, 0x00, 0x03, 0xF0, 0x00, 0x00, 0x00, 0x00, 0x03, 0xF0, 0x00,
    0x00, 0x00, 0x00, 0x0B, 0xE0, 0x00, 0x00, 0x00, 0x00, 0x2F, 0xC0, 0x00, 0x00, 0x00, 0x03, 0xFF,
    0x00, 0x00, 0x00, 0x00, 0x00, 0xA0, 0x00, 0x00, 0x00, 0x00, 0x00, 0x00, 0x00, 0x00, 0x00, 0x00,
    0x00, 0x00, 0x00, 0x00, 0x00, 0x2F, 0xD0, 0x3F, 0xE0, 0x00, 0x00, 0x00, 0x00, 0x0F, 0xF0, 0xFF,
    0x00, 0x00, 0x00, 0x00, 0x00, 0x03, 0xFF, 0xF8, 0x00, 0x00, 0x00, 0x00, 0x00, 0x00, 0xFF, 0xE0,
    0x00, 0x00, 0x00, 0x00, 0x00, 0x00, 0x2E, 0x00, 0x00, 0x00, 0x00, 0x00, 0x00, 0x00, 0x00, 0x00,
    0x00, 0x00, 0x00, 0x00, 0x00, 0x00, 0x00, 0x00, 0x00, 0x00, 0x00, 0x0A, 0xAA, 0x00, 0x00, 0x00,
    0x2A, 0x00, 0x00, 0x0F, 0xFF, 0x80, 0x00, 0x00, 0xBF, 0x80, 0x00, 0x0F, 0xFF, 0xC0, 0x00, 0x00,
    0xFF, 0x00, 0x00, 0x1F, 0xFF, 0xC0, 0x00, 0x00, 0xFF, 0x00, 0x00, 0x2F, 0xFF, 0xE0, 0x00, 0x00,
    0xFF, 0x00, 0x00, 0x3F, 0xEF, 0xF0, 0x00, 0x02, 0xFE, 0x00, 0x00, 0x3F, 0xCF, 0xF0, 0x00, 0x02,
    0xFD, 0x00, 0x00, 0x3F, 0xCB, 0xF4, 0x00, 0x03, 0xFC, 0x00, 0x00, 0x7F, 0x83, 0xF8, 0x00, 0x03,
    0xFC, 0x00, 0x00, 0xBF, 0x83, 0xFC, 0x00, 0x07, 0xFC, 0x00, 0x00, 0xFF, 0x02, 0xFD, 0x00, 0x0B,
    0xF8, 0x00, 0x00, 0xFF, 0x00, 0xFE, 0x00, 0x0F, 0xF0, 0x00, 0x00, 0xFF, 0x00, 0xFF, 0x00, 0x0F,
    0xF0, 0x00, 0x02, 0xFE, 0x00, 0xBF, 0x00, 0x0F, 0xF0, 0x00, 0x02, 0xFE, 0x00, 0x3F, 0x80, 0x2F,
    0xE0, 0x00, 0x03, 0xFC, 0x00, 0x3F, 0xC0, 0x2F, 0xE0, 0x00, 0x03, 0xFC, 0x00, 0x2F, 0xC0, 0x3F,
    0xC0, 0x00, 0x03, 0xFC, 0x00, 0x0F, 0xE0, 0x3F, 0xC0, 0x00, 0x0B, 0xF8, 0x00, 0x0F, 0xF0, 0x3F,
    0xC0, 0x00, 0x0F, 0xF4, 0x00, 0x0B, 0xF0, 0xBF, 0x80, 0x00, 0x0F, 0xF0, 0x00, 0x03, 0xF8, 0xBF,
    0x40, 0x00, 0x0F, 0xF0, 0x00, 0x03, 0xFC, 0xFF, 0x00, 0x00, 0x1F, 0xF0, 0x00, 0x02, 0xFE, 0xFF,
    0x00, 0x00, 0x2F, 0xE0, 0x00, 0x01, 0xFF, 0xFF, 0x00, 0x00, 0x3F, 0xC0, 0x00, 0x00, 0xFF, 0xFE,
    0x00, 0x00, 0x3F, 0xC0, 0x00, 0x00, 0xBF, 0xFD, 0x00, 0x00, 0x3F, 0xC0, 0x00, 0x00, 0x7F, 0xFC,
    0x00, 0x00, 0xBF, 0x80, 0x00, 0x00, 0x3F, 0xFC, 0x00, 0x00, 0x00, 0x00, 0x00, 0x00, 0x00, 0x00,
    0x00, 0x00, 0x3F, 0xC0, 0x7F, 0xC0, 0x00, 0x00, 0x0F, 0xF2, 0xFE, 0x00, 0x00, 0x00, 0x07, 0xFF,
    0xF8, 0x00, 0x00, 0x00, 0x02, 0xFF, 0xC0, 0x00, 0x00, 0x00, 0x00, 0x7E, 0x00, 0x00, 0x00, 0x00,
    0x00, 0x00, 0x00, 0x00, 0x00, 0x00, 0x00, 0x00, 0x00, 0x00, 0x00, 0x28, 0x02, 0xBF, 0x80, 0x00,
    0x00, 0xBE, 0x2F, 0xFF, 0xF8, 0x00, 0x00, 0xFE, 0xFF, 0xFF, 0xFC, 0x00, 0x00, 0xFF, 0xFE, 0x5B,
    0xFF, 0x00, 0x00, 0xFF, 0xE0, 0x00, 0xFF, 0x00, 0x02, 0xFF, 0x80, 0x00, 0xBF, 0x00, 0x02, 0xFE,
    0x00, 0x00, 0xBF, 0x00, 0x03, 0xFC, 0x00, 0x00, 0xBF, 0x00, 0x03, 0xF8, 0x00, 0x00, 0xFF, 0x00,
    0x07, 0xF4, 0x00, 0x00, 0xFE, 0x00, 0x0B, 0xF0, 0x00, 0x00, 0xFE, 0x00, 0x0F, 0xF0, 0x00, 0x02,
    0xFC, 0x00, 0x0F, 0xE0, 0x00, 0x02, 0xFC, 0x00, 0x0F, 0xE0, 0x00, 0x03, 0xFC, 0x00, 0x2F, 0xC0,
    0x00, 0x03, 0xF8, 0x00, 0x2F, 0xC0, 0x00, 0x03, 0xF8, 0x00, 0x3F, 0xC0, 0x00, 0x0B, 0xF0, 0x00,
    0x3F, 0x80, 0x00, 0x0B, 0xF0, 0x00, 0x3F, 0x80, 0x00, 0x0F, 0xF0, 0x00, 0xBF, 0x00, 0x00, 0x0F,
    0xE0, 0x00, 0xBF, 0x00, 0x00, 0x0F, 0xD0, 0x00, 0x00, 0x00, 0x00, 0x00, 0x00, 0x00, 0x00, 0x00,
    0x00, 0x00, 0x00, 0xBC, 0x0B, 0xC0, 0x00, 0x00, 0x00, 0x02, 0xFE, 0x2F, 0xE0, 0x00, 0x00, 0x00,
    0x0B, 0xFC, 0xBF, 0xC0, 0x00, 0x00, 0x00, 0x2F, 0xF2, 0xFE, 0x00, 0x00, 0x00, 0x00, 0xBF, 0x8B,
    0xF8, 0x00, 0x00, 0x00, 0x00, 0xA8, 0x0A, 0x80, 0x00, 0x00, 0x00, 0x00, 0x00, 0x00, 0x00, 0x00,
    0x00, 0x00, 0x00, 0x00, 0x00, 0x00, 0x00, 0x00, 0x00, 0x02, 0xFF, 0xFE, 0x00, 0x00, 0x00, 0x00,
    0x7F, 0xFF, 0xFF, 0xE0, 0x00, 0x00, 0x03, 0xFF, 0xFF, 0xFF, 0xFC, 0x00, 0x00, 0x0F, 0xFF, 0xE5,
    0xBF, 0xFF, 0x00, 0x00, 0x3F, 0xF8, 0x00, 0x03, 0xFF, 0x80, 0x00, 0xFF, 0xC0, 0x00, 0x00, 0xBF,
    0xC0, 0x03, 0xFF, 0x00, 0x00, 0x00, 0x3F, 0xE0, 0x0B, 0xFC, 0x00, 0x00, 0x00, 0x2F, 0xF0, 0x0F,
    0xF8, 0x00, 0x00, 0x00, 0x0F, 0xF0, 0x2F, 0xF0, 0x00, 0x00, 0x00, 0x0F, 0xF0, 0x3F, 0xE0, 0x00,
    0x00, 0x00, 0x0B, 0xF0, 0x3F, 0xC0, 0x00, 0x00, 0x00, 0x0B, 0xF4, 0x3F, 0xC0, 0x00, 0x00, 0x00,
    0x0B, 0xF0, 0xBF, 0x80, 0x00, 0x00, 0x00, 0x0F, 0xF0, 0xBF, 0x40, 0x00, 0x00, 0x00, 0x0F, 0xF0,
    0xBF, 0x00, 0x00, 0x00, 0x00, 0x0F, 0xF0, 0xFF, 0x00, 0x00, 0x00, 0x00, 0x2F, 0xE0, 0xFF, 0x00,
    0x00, 0x00, 0x00, 0x3F, 0xE0, 0xBF, 0x40, 0x00, 0x00, 0x00, 0x3F, 0xC0, 0xBF, 0x80, 0x00, 0x00,
    0x00, 0xFF, 0x80, 0x7F, 0xC0, 0x00, 0x00, 0x01, 0xFF, 0x00, 0x3F, 0xD0, 0x00, 0x00, 0x03, 0xFE,
    0x00, 0x2F, 0xF0, 0x00, 0x00, 0x0F, 0xFC, 0x00, 0x0F, 0xFC, 0x00, 0x00, 0xBF, 0xF0, 0x00, 0x0B,
    0xFF, 0x80, 0x0B, 0xFF, 0xC0, 0x00, 0x02, 0xFF, 0xFF, 0xFF, 0xFF, 0x00, 0x00, 0x00, 0xBF, 0xFF,
    0xFF, 0xF0, 0x00, 0x00, 0x00, 0x0B, 0xFF, 0xFE, 0x00, 0x00, 0x00, 0x00, 0x00, 0x05, 0x00, 0x00,
    0x00, 0x00, 0x00, 0x00, 0x00, 0x00, 0x00, 0x00, 0x00, 0x00, 0x00, 0x3E, 0x03, 0xE0, 0x00, 0x00,
    0x00, 0xFF, 0x0F, 0xF0, 0x00, 0x00, 0x03, 0xFE, 0x3F, 0xE0, 0x00, 0x00, 0x0F, 0xF4, 0xFF, 0x00,
    0x00, 0x00, 0x3F, 0xC3, 0xFC, 0x00, 0x00, 0x00, 0x29, 0x02, 0x90, 0x00, 0x00, 0x00, 0x00, 0x00,
    0x00, 0x00, 0x00, 0x00, 0x00, 0x00, 0x00, 0x00, 0x00, 0x00, 0x2B, 0xF8, 0x00, 0x00, 0x00, 0x03,
    0xFF, 0xFF, 0xC0, 0x00, 0x00, 0x2F, 0xFF, 0xFF, 0xF8, 0x00, 0x00, 0xBF, 0xF9, 0x6F, 0xFC, 0x00,
    0x01, 0xFF, 0x40, 0x02, 0xFF, 0x00, 0x03, 0xFC, 0x00, 0x00, 0xFF, 0x00, 0x0B, 0xF8, 0x00, 0x00,
    0x7F, 0x80, 0x0F, 0xF0, 0x00, 0x00, 0x3F, 0x80, 0x1F, 0xE0, 0x00, 0x00, 0x3F, 0x80, 0x2F, 0xC0,
    0x00, 0x00, 0x3F, 0x80, 0x2F, 0xC0, 0x00, 0x00, 0x3F, 0x80, 0x3F, 0xC0, 0x00, 0x00, 0xBF, 0x40,
    0x3F, 0xC0, 0x00, 0x00, 0xFF, 0x00, 0x3F, 0xC0, 0x00, 0x00, 0xFF, 0x00, 0x3F, 0xC0, 0x00, 0x02,
    0xFE, 0x00, 0x2F, 0xE0, 0x00, 0x03, 0xFC, 0x00, 0x0F, 0xF0, 0x00, 0x0F, 0xF4, 0x00, 0x0F, 0xFC,
    0x00, 0xBF, 0xE0, 0x00, 0x03, 0xFF, 0xFF, 0xFF, 0x80, 0x00, 0x01, 0xFF, 0xFF, 0xFE, 0x00, 0x00,
    0x00, 0x2F, 0xFF, 0xE0, 0x00, 0x00, 0x00, 0x00, 0x10, 0x00, 0x00, 0x00, 0x00, 0x00, 0x00, 0x00,
    0x00, 0x00, 0x00, 0x00, 0x00, 0x00, 0x00, 0x00, 0x00, 0x02, 0xFF, 0xFE, 0x00, 0x0A, 0xAA, 0xAA,
    0xAA, 0xAA, 0x00, 0x00, 0xBF, 0xFF, 0xFF, 0xE0, 0x2F, 0xFF, 0xFF, 0xFF, 0xFE, 0x00, 0x03, 0xFF,
    0xFF, 0xFF, 0xFC, 0x3F, 0xFF, 0xFF, 0xFF, 0xFD, 0x00, 0x1F, 0xFF, 0xA4, 0xBF, 0xFF, 0x3F, 0xFF,
    0xFF, 0xFF, 0xFC, 0x00, 0x3F, 0xF8, 0x00, 0x03, 0xFF, 0xFF, 0x00, 0x00, 0x00, 0x00, 0x00, 0xFF,
    0xC0, 0x00, 0x00, 0xFF, 0xFF, 0x00, 0x00, 0x00, 0x00, 0x03, 0xFF, 0x00, 0x00, 0x00, 0x3F, 0xFF,
    0x00, 0x00, 0x00, 0x00, 0x0B, 0xFC, 0x00, 0x00, 0x00, 0x2F, 0xFE, 0x00, 0x00, 0x00, 0x00, 0x0F,
    0xF8, 0x00, 0x00, 0x00, 0x0F, 0xFD, 0x00, 0x00, 0x00, 0x00, 0x2F, 0xF0, 0x00, 0x00, 0x00, 0x0F,
    0xFC, 0x00, 0x00, 0x00, 0x00, 0x3F, 0xE0, 0x00, 0x00, 0x00, 0x0F, 0xFC, 0x00, 0x00, 0x00, 0x00,
    0x3F, 0xC0, 0x00, 0x00, 0x00, 0x0F, 0xFC, 0x00, 0x00, 0x00, 0x00, 0x3F, 0xC0, 0x00, 0x00, 0x00,
    0x0F, 0xFF, 0xFF, 0xFF, 0xD0, 0x00, 0xBF, 0x80, 0x00, 0x00, 0x00, 0x0F, 0xFF, 0xFF, 0xFF, 0xC0,
    0x00, 0xBF, 0x40, 0x00, 0x00, 0x00, 0x0F, 0xFF, 0xFF, 0xFF, 0xC0, 0x00, 0xFF, 0x00, 0x00, 0x00,
    0x00, 0x0F, 0xFA, 0xAA, 0xAA, 0x40, 0x00, 0xFF, 0x00, 0x00, 0x00, 0x00, 0x2F, 0xE0, 0x00, 0x00,
    0x00, 0x00, 0xFF, 0x00, 0x00, 0x00, 0x00, 0x3F, 0xE0, 0x00, 0x00, 0x00, 0x00, 0xBF, 0x00, 0x00,
    0x00, 0x00, 0x3F, 0xC0, 0x00, 0x00, 0x00, 0x00, 0xBF, 0x80, 0x00, 0x00, 0x00, 0xFF, 0xC0, 0x00,
    0x00, 0x00, 0x00, 0xBF, 0xC0, 0x00, 0x00, 0x02, 0xFF, 0xC0, 0x00, 0x00, 0x00, 0x00, 0x3F, 0xC0,
    0x00, 0x00, 0x03, 0xFF, 0x80, 0x00, 0x00, 0x00, 0x00, 0x3F, 0xF0, 0x00, 0x00, 0x0F, 0xFF, 0x40,
    0x00, 0x00, 0x00, 0x00, 0x0F, 0xFC, 0x00, 0x00, 0xBF, 0xFF, 0x00, 0x00, 0x00, 0x00, 0x00, 0x0B,
    0xFF, 0x80, 0x0B, 0xFF, 0xFF, 0xAA, 0xAA, 0xAA, 0xA4, 0x00, 0x02, 0xFF, 0xFF, 0xFF, 0xFE, 0xFF,
    0xFF, 0xFF, 0xFF, 0xF8, 0x00, 0x00, 0xBF, 0xFF, 0xFF, 0xF0, 0xFF, 0xFF, 0xFF, 0xFF, 0xF0, 0x00,
    0x00, 0x0B, 0xFF, 0xFE, 0x40, 0xFF, 0xFF, 0xFF, 0xFF, 0xF0, 0x00, 0x00, 0x00, 0x05, 0x00, 0x00,
    0x00, 0x00, 0x00, 0x00, 0x00, 0x00, 0x00, 0x00, 0x2B, 0xF8, 0x00, 0x00, 0xAF, 0xE8, 0x00, 0x00,
    0x00, 0x03, 0xFF, 0xFF, 0xC0, 0x0B, 0xFF, 0xFF, 0x80, 0x00, 0x00, 0x2F, 0xFF, 0xFF, 0xF0, 0x7F,
    0xFF, 0xFF, 0xF0, 0x00, 0x00, 0xBF, 0xF9, 0x6F, 0xFE, 0xFF, 0xE0, 0x6F, 0xF8, 0x00, 0x02, 0xFF,
    0x40, 0x02, 0xFF, 0xFE, 0x00, 0x03, 0xFC, 0x00, 0x03, 0xFC, 0x00, 0x00, 0xFF, 0xF0, 0x00, 0x01,
    0xFE, 0x00, 0x0B, 0xF8, 0x00, 0x00, 0xBF, 0xE0, 0x00, 0x00, 0xFF, 0x00, 0x0F, 0xF0, 0x00, 0x00,
    0x3F, 0xC0, 0x00, 0x00, 0xFF, 0x00, 0x1F, 0xE0, 0x00, 0x00, 0x3F, 0xC0, 0x00, 0x00, 0xFF, 0x00,
    0x2F, 0xC0, 0x00, 0x00, 0x3F, 0xFF, 0xFF, 0xFF, 0xFF, 0x00, 0x3F, 0xC0, 0x00, 0x00, 0x3F, 0xFF,
    0xFF, 0xFF, 0xFF, 0x00, 0x3F, 0xC0, 0x00, 0x00, 0xBF, 0xAA, 0xAA, 0xAA, 0xAA, 0x00, 0x3F, 0xC0,
    0x00, 0x00, 0xFF, 0x00, 0x00, 0x00, 0x00, 0x00, 0x3F, 0xC0, 0x00, 0x00, 0xFF, 0x00, 0x00, 0x00,
    0x00, 0x00, 0x3F, 0xC0, 0x00, 0x03, 0xFF, 0x00, 0x00, 0x00, 0x00, 0x00, 0x2F, 0xD0, 0x00, 0x07,
    0xFF, 0x80, 0x00, 0x00, 0x00, 0x00, 0x1F, 0xF0, 0x00, 0x0F, 0xFF, 0xC0, 0x00, 0x0A, 0x00, 0x00,
    0x0F, 0xFC, 0x00, 0xBF, 0xFF, 0xF8, 0x00, 0xBF, 0xD0, 0x00, 0x03, 0xFF, 0xFF, 0xFF, 0x8F, 0xFF,
    0xFF, 0xFF, 0x80, 0x00, 0x01, 0xFF, 0xFF, 0xFD, 0x03, 0xFF, 0xFF, 0xFC, 0x00, 0x00, 0x00, 0x2F,
    0xFF, 0xE0, 0x00, 0xBF, 0xFF, 0xE0, 0x00, 0x00, 0x00, 0x00, 0x10, 0x00, 0x00, 0x00, 0x40, 0x00,
    0x00, 0x00, 0x00, 0x00, 0x00, 0x00, 0x01, 0x80, 0x00, 0x00, 0x00, 0x00, 0x00, 0x0F, 0xF0, 0x00,
    0x00, 0x00, 0x00, 0x00, 0x3F, 0xF0, 0x00, 0x00, 0x00, 0x00, 0x00, 0xFF, 0xC0, 0x00, 0x00, 0x00,
    0x00, 0x0B, 0xFC, 0x00, 0x00, 0x00, 0x00, 0x00, 0x0A, 0x80, 0x00, 0x00, 0x00, 0x00, 0x00, 0x00,
    0x00, 0x00, 0x00, 0x00, 0x00, 0x00, 0x00, 0x00, 0x00, 0x00, 0x00, 0x0A, 0xAA, 0xAA, 0xA0, 0x00,
    0x00, 0x00, 0x0F, 0xFF, 0xFF, 0xFF, 0xD0, 0x00, 0x00, 0x0F, 0xFF, 0xFF, 0xFF, 0xFC, 0x00, 0x00,
    0x1F, 0xFF, 0xFF, 0xFF, 0xFF, 0x00, 0x00, 0x2F, 0xE0, 0x00, 0x0B, 0xFF, 0x00, 0x00, 0x3F, 0xD0,
    0x00, 0x00, 0xFF, 0x80, 0x00, 0x3F, 0xC0, 0x00, 0x00, 0xBF, 0x80, 0x00, 0x3F, 0xC0, 0x00, 0x00,
    0xBF, 0x80, 0x00, 0x7F, 0x80, 0x00, 0x00, 0xBF, 0x80, 0x00, 0xBF, 0x80, 0x00, 0x00, 0xFF, 0x80,
    0x00, 0xFF, 0x00, 0x00, 0x00, 0xFF, 0x00, 0x00, 0xFF, 0x00, 0x00, 0x03, 0xFE, 0x00, 0x00, 0xFF,
    0x00, 0x00, 0x6F, 0xFC, 0x00, 0x02, 0xFF, 0xFF, 0xFF, 0xFF, 0xF0, 0x00, 0x02, 0xFF, 0xFF, 0xFF,
    0xFF, 0x80, 0x00, 0x03, 0xFF, 0xFF, 0xFF, 0xE4, 0x00, 0x00, 0x03, 0xFE, 0xAB, 0xFE, 0x00, 0x00,
    0x00, 0x03, 0xFC, 0x02, 0xFF, 0x00, 0x00, 0x00, 0x0B, 0xF8, 0x00, 0xFF, 0x80, 0x00, 0x00, 0x0F,
    0xF4, 0x00, 0xBF, 0xC0, 0x00, 0x00, 0x0F, 0xF0, 0x00, 0x3F, 0xE0, 0x00, 0x00, 0x0F, 0xF0, 0x00,
    0x2F, 0xF0, 0x00, 0x00, 0x1F, 0xF0, 0x00, 0x0F, 0xF8, 0x00, 0x00, 0x2F, 0xE0, 0x00, 0x07, 0xFC,
    0x00, 0x00, 0x3F, 0xC0, 0x00, 0x03, 0xFE, 0x00, 0x00, 0x3F, 0xC0, 0x00, 0x01, 0xFF, 0x00, 0x00,
    0x3F, 0xC0, 0x00, 0x00, 0xFF, 0x80, 0x00, 0xBF, 0x80, 0x00, 0x00, 0x7F, 0xC0, 0x00, 0x00, 0x00,
    0x00, 0x00, 0x00, 0x00, 0x00, 0x3E, 0x00, 0x00, 0x00, 0xFF, 0x00, 0x00, 0x03, 0xFE, 0x00, 0x00,
    0x0F, 0xF0, 0x00, 0x00, 0x3F, 0x80, 0x00, 0x00, 0x28, 0x00, 0x00, 0x00, 0x00, 0x00, 0x00, 0x00,
    0x00, 0x00, 0x00, 0x28, 0x00, 0xAE, 0x00, 0xBD, 0x0F, 0xFE, 0x00, 0xFE, 0x3F, 0xFC, 0x00, 0xFE,
    0xFF, 0xFC, 0x00, 0xFF, 0xFD, 0x00, 0x02, 0xFF, 0xE0, 0x00, 0x02, 0xFF, 0x40, 0x00, 0x03, 0xFE,
    0x00, 0x00, 0x03, 0xFC, 0x00, 0x00, 0x07, 0xF8, 0x00, 0x00, 0x0B, 0xF0, 0x00, 0x00, 0x0F, 0xF0,
    0x00, 0x00, 0x0F, 0xE0, 0x00, 0x00, 0x0F, 0xE0, 0x00, 0x00, 0x2F, 0xC0, 0x00, 0x00, 0x2F, 0xC0,
    0x00, 0x00, 0x3F, 0xC0, 0x00, 0x00, 0x3F, 0x80, 0x00, 0x00, 0x3F, 0x80, 0x00, 0x00, 0xBF, 0x00,
    0x00, 0x00, 0xBF, 0x00, 0x00, 0x00, 0x00, 0x00, 0x00, 0x00, 0x00, 0x00, 0x00, 0x00, 0x00, 0x03,
    0xFC, 0x03, 0xFD, 0x00, 0x00, 0x00, 0x00, 0xFF, 0x2F, 0xF0, 0x00, 0x00, 0x00, 0x00, 0x3F, 0xFF,
    0x80, 0x00, 0x00, 0x00, 0x00, 0x0F, 0xFD, 0x00, 0x00, 0x00, 0x00, 0x00, 0x02, 0xE0, 0x00, 0x00,
    0x00, 0x00, 0x00, 0x00, 0x00, 0x00, 0x00, 0x00, 0x00, 0x00, 0x00, 0x00, 0x00, 0x00, 0x00, 0x0A,
    0xAA, 0xAA, 0xA0, 0x00, 0x00, 0x00, 0x0F, 0xFF, 0xFF, 0xFF, 0xD0, 0x00, 0x00, 0x0F, 0xFF, 0xFF,
    0xFF, 0xFC, 0x00, 0x00, 0x1F, 0xFF, 0xFF, 0xFF, 0xFF, 0x00, 0x00, 0x2F, 0xE0, 0x00, 0x0B, 0xFF,
    0x00, 0x00, 0x3F, 0xD0, 0x00, 0x00, 0xFF, 0x80, 0x00, 0x3F, 0xC0, 0x00, 0x00, 0xBF, 0x80, 0x00,
    0x3F, 0xC0, 0x00, 0x00, 0xBF, 0x80, 0x00, 0x7F, 0x80, 0x00, 0x00, 0xBF, 0x80, 0x00, 0xBF, 0x80,
    0x00, 0x00, 0xFF, 0x80, 0x00, 0xFF, 0x00, 0x00, 0x00, 0xFF, 0x00, 0x00, 0xFF, 0x00, 0x00, 0x03,
    0xFE, 0x00, 0x00, 0xFF, 0x00, 0x00, 0x6F, 0xFC, 0x00, 0x02, 0xFF, 0xFF, 0xFF, 0xFF, 0xF0, 0x00,
    0x02, 0xFF, 0xFF, 0xFF, 0xFF, 0x80, 0x00, 0x03, 0xFF, 0xFF, 0xFF, 0xE4, 0x00, 0x00, 0x03, 0xFE,
    0xAB, 0xFE, 0x00, 0x00, 0x00, 0x03, 0xFC, 0x02, 0xFF, 0x00, 0x00, 0x00, 0x0B, 0xF8, 0x00, 0xFF,
    0x80, 0x00, 0x00, 0x0F, 0xF4, 0x00, 0xBF, 0xC0, 0x00, 0x00, 0x0F, 0xF0, 0x00, 0x3F, 0xE0, 0x00,
    0x00, 0x0F, 0xF0, 0x00, 0x2F, 0xF0, 0x00, 0x00, 0x1F, 0xF0, 0x00, 0x0F, 0xF8, 0x00, 0x00, 0x2F,
    0xE0, 0x00, 0x07, 0xFC, 0x00, 0x00, 0x3F, 0xC0, 0x00, 0x03, 0xFE, 0x00, 0x00, 0x3F, 0xC0, 0x00,
    0x01, 0xFF, 0x00, 0x00, 0x3F, 0xC0, 0x00, 0x00, 0xFF, 0x80, 0x00, 0xBF, 0x80, 0x00, 0x00, 0x7F,
    0xC0, 0x00, 0x00, 0x00, 0x00, 0x00, 0x00, 0x00, 0x3F, 0xC0, 0x3F, 0xE0, 0x00, 0x0F, 0xF0, 0xFF,
    0x00, 0x00, 0x03, 0xFF, 0xFC, 0x00, 0x00, 0x00, 0xFF, 0xE0, 0x00, 0x00, 0x00, 0x2E, 0x00, 0x00,
    0x00, 0x00, 0x00, 0x00, 0x00, 0x00, 0x00, 0x00, 0x00, 0x00, 0x00, 0x28, 0x00, 0xAE, 0x00, 0x00,
    0xBD, 0x0F, 0xFE, 0x00, 0x00, 0xFE, 0x3F, 0xFC, 0x00, 0x00, 0xFE, 0xFF, 0xFC, 0x00, 0x00, 0xFF,
    0xFD, 0x00, 0x00, 0x02, 0xFF, 0xE0, 0x00, 0x00, 0x02, 0xFF, 0x40, 0x00, 0x00, 0x03, 0xFE, 0x00,
    0x00, 0x00, 0x03, 0xFC, 0x00, 0x00, 0x00, 0x07, 0xF8, 0x00, 0x00, 0x00, 0x0B, 0xF0, 0x00, 0x00,
    0x00, 0x0F, 0xF0, 0x00, 0x00, 0x00, 0x0F, 0xE0, 0x00, 0x00, 0x00, 0x0F, 0xE0, 0x00, 0x00, 0x00,
    0x2F, 0xC0, 0x00, 0x00, 0x00, 0x2F, 0xC0, 0x00, 0x00, 0x00, 0x3F, 0xC0, 0x00, 0x00, 0x00, 0x3F,
    0x80, 0x00, 0x00, 0x00, 0x3F, 0x80, 0x00, 0x00, 0x00, 0xBF, 0x00, 0x00, 0x00, 0x00, 0xBF, 0x00,
    0x00, 0x00, 0x00, 0x00, 0x00, 0x00, 0x00, 0x18, 0x00, 0x00, 0x00, 0x00, 0x00, 0xFF, 0x00, 0x00,
    0x00, 0x00, 0x03, 0xFE, 0x00, 0x00, 0x00, 0x00, 0x0F, 0xF8, 0x00, 0x00, 0x00, 0x00, 0xBF, 0x80,
    0x00, 0x00, 0x00, 0x00, 0xA8, 0x00, 0x00, 0x00, 0x00, 0x00, 0x00, 0x00, 0x00, 0x00, 0x00, 0x00,
    0x00, 0x00, 0x00, 0x00, 0x00, 0xBF, 0xFE, 0x80, 0x00, 0x00, 0x0F, 0xFF, 0xFF, 0xF8, 0x00, 0x00,
    0x3F, 0xFF, 0xFF, 0xFF, 0x00, 0x00, 0xFF, 0xF8, 0x2B, 0xFF, 0xC0, 0x03, 0xFF, 0x00, 0x00, 0xBF,
    0xF0, 0x03, 0xFC, 0x00, 0x00, 0x2F, 0x80, 0x07, 0xF8, 0x00, 0x00, 0x00, 0x00, 0x0B, 0xF8, 0x00,
    0x00, 0x00, 0x00, 0x07, 0xFC, 0x00, 0x00, 0x00, 0x00, 0x03, 0xFD, 0x00, 0x00, 0x00, 0x00, 0x03,
    0xFF, 0x80, 0x00, 0x00, 0x00, 0x01, 0xFF, 0xF8, 0x00, 0x00, 0x00, 0x00, 0xBF, 0xFF, 0xE0, 0x00,
    0x00, 0x00, 0x0F, 0xFF, 0xFF, 0x80, 0x00, 0x00, 0x00, 0xBF, 0xFF, 0xF8, 0x00, 0x00, 0x00, 0x02,
    0xFF, 0xFF, 0x00, 0x00, 0x00, 0x00, 0x0B, 0xFF, 0x80, 0x00, 0x00, 0x00, 0x00, 0xFF, 0xC0, 0x00,
    0x00, 0x00, 0x00, 0x3F, 0xC0, 0x00, 0x00, 0x00, 0x00, 0x3F, 0xC0, 0x00, 0x00, 0x00, 0x00, 0x3F,
    0xC0, 0x2F, 0xC0, 0x00, 0x00, 0x3F, 0xC0, 0x3F, 0xD0, 0x00, 0x00, 0xBF, 0xC0, 0x3F, 0xF8, 0x00,
    0x02, 0xFF, 0x80, 0x0F, 0xFF, 0x80, 0x1F, 0xFF, 0x00, 0x03, 0xFF, 0xFF, 0xFF, 0xFC, 0x00, 0x00,
    0xFF, 0xFF, 0xFF, 0xE0, 0x00, 0x00, 0x0F, 0xFF, 0xFE, 0x00, 0x00, 0x00, 0x00, 0x05, 0x00, 0x00,
    0x00, 0x00, 0x00, 0x00, 0x00, 0x00, 0x00, 0x00, 0x00, 0x2F, 0x00, 0x00, 0x00, 0x00, 0xBF, 0x80,
    0x00, 0x00, 0x02, 0xFF, 0x00, 0x00, 0x00, 0x07, 0xFC, 0x00, 0x00, 0x00, 0x0F, 0xE0, 0x00, 0x00,
    0x00, 0x2A, 0x00, 0x00, 0x00, 0x00, 0x00, 0x00, 0x00, 0x00, 0x00, 0x00, 0x00, 0x00, 0x00, 0x06,
    0xFF, 0x80, 0x00, 0x00, 0xBF, 0xFF, 0xFD, 0x00, 0x02, 0xFF, 0xFF, 0xFF, 0x80, 0x0B, 0xFE, 0x02,
    0xFF, 0xC0, 0x0F, 0xF0, 0x00, 0x2F, 0xE0, 0x0F, 0xE0, 0x00, 0x08, 0x00, 0x0F, 0xF0, 0x00, 0x00,
    0x00, 0x0F, 0xF8, 0x00, 0x00, 0x00, 0x0B, 0xFF, 0x80, 0x00, 0x00, 0x02, 0xFF, 0xFE, 0x40, 0x00,
    0x00, 0xBF, 0xFF, 0xF8, 0x00, 0x00, 0x02, 0xFF, 0xFF, 0x00, 0x00, 0x00, 0x0B, 0xFF, 0x80, 0x00,
    0x00, 0x00, 0xBF, 0xC0, 0x00, 0x00, 0x00, 0x3F, 0xC0, 0x0B, 0x00, 0x00, 0x3F, 0xC0, 0xBF, 0x80,
    0x00, 0x3F, 0xC0, 0x3F, 0xE0, 0x00, 0xFF, 0x80, 0x2F, 0xFE, 0xAF, 0xFF, 0x00, 0x07, 0xFF, 0xFF,
    0xFC, 0x00, 0x00, 0xBF, 0xFF, 0xE0, 0x00, 0x00, 0x00, 0x50, 0x00, 0x00, 0x00, 0x00, 0x00, 0x00,
    0x00, 0x00, 0x00, 0x00, 0xBF, 0xFE, 0x80, 0x00, 0x00, 0x0F, 0xFF, 0xFF, 0xF8, 0x00, 0x00, 0x3F,
    0xFF, 0xFF, 0xFF, 0x00, 0x00, 0xFF, 0xF8, 0x2B, 0xFF, 0xC0, 0x03, 0xFF, 0x00, 0x00, 0xBF, 0xF0,
    0x03, 0xFC, 0x00, 0x00, 0x2F, 0x80, 0x07, 0xF8, 0x00, 0x00, 0x00, 0x00, 0x0B, 0xF8, 0x00, 0x00,
    0x00, 0x00, 0x07, 0xFC, 0x00, 0x00, 0x00, 0x00, 0x03, 0xFD, 0x00, 0x00, 0x00, 0x00, 0x03, 0xFF,
    0x80, 0x00, 0x00, 0x00, 0x01, 0xFF, 0xF8, 0x00, 0x00, 0x00, 0x00, 0xBF, 0xFF, 0xE0, 0x00, 0x00,
    0x00, 0x0F, 0xFF, 0xFF, 0x80, 0x00, 0x00, 0x00, 0xBF, 0xFF, 0xF8, 0x00, 0x00, 0x00, 0x02, 0xFF,
    0xFF, 0x00, 0x00, 0x00, 0x00, 0x0B, 0xFF, 0x80, 0x00, 0x00, 0x00, 0x00, 0xFF, 0xC0, 0x00, 0x00,
    0x00, 0x00, 0x3F, 0xC0, 0x00, 0x00, 0x00, 0x00, 0x3F, 0xC0, 0x00, 0x00, 0x00, 0x00, 0x3F, 0xC0,
    0x2F, 0xC0, 0x00, 0x00, 0x3F, 0xC0, 0x3F, 0xD0, 0x00, 0x00, 0xBF, 0xC0, 0x3F, 0xF8, 0x00, 0x02,
    0xFF, 0x80, 0x0F, 0xFF, 0x80, 0x1F, 0xFF, 0x00, 0x03, 0xFF, 0xFF, 0xFF, 0xFC, 0x00, 0x00, 0xFF,
    0xFF, 0xFF, 0xE0, 0x00, 0x00, 0x0F, 0xFF, 0xFE, 0x00, 0x00, 0x00, 0x00, 0xBD, 0x00, 0x00, 0x00,
    0x00, 0x00, 0xF9, 0x00, 0x00, 0x00, 0x00, 0x03, 0xFF, 0xC0, 0x00, 0x00, 0x00, 0x01, 0x4F, 0xC0,
    0x00, 0x00, 0x00, 0x00, 0x0B, 0xC0, 0x00, 0x00, 0x00, 0x1E, 0xBF, 0xC0, 0x00, 0x00, 0x00, 0x2F,
    0xFE, 0x00, 0x00, 0x00, 0x00, 0x00, 0x00, 0x00, 0x00, 0x00, 0x00, 0x06, 0xFF, 0x80, 0x00, 0x00,
    0xBF, 0xFF, 0xFD, 0x00, 0x02, 0xFF, 0xFF, 0xFF, 0x80, 0x0B, 0xFE, 0x02, 0xFF, 0xC0, 0x0F, 0xF0,
    0x00, 0x2F, 0xE0, 0x0F, 0xE0, 0x00, 0x08, 0x00, 0x0F, 0xF0, 0x00, 0x00, 0x00, 0x0F, 0xF8, 0x00,
    0x00, 0x00, 0x0B, 0xFF, 0x80, 0x00, 0x00, 0x02, 0xFF, 0xFE, 0x40, 0x00, 0x00, 0xBF, 0xFF, 0xF8,
    0x00, 0x00, 0x02, 0xFF, 0xFF, 0x00, 0x00, 0x00, 0x0B, 0xFF, 0x80, 0x00, 0x00, 0x00, 0xBF, 0xC0,
    0x00, 0x00, 0x00, 0x3F, 0xC0, 0x0B, 0x00, 0x00, 0x3F, 0xC0, 0xBF, 0x80, 0x00, 0x3F, 0xC0, 0x3F,
    0xE0, 0x00, 0xFF, 0x80, 0x2F, 0xFE, 0xAF, 0xFF, 0x00, 0x07, 0xFF, 0xFF, 0xFC, 0x00, 0x00, 0xBF,
    0xFF, 0xE0, 0x00, 0x00, 0x0B, 0xD0, 0x00, 0x00, 0x00, 0x0F, 0x90, 0x00, 0x00, 0x00, 0x3F, 0xFC,
    0x00, 0x00, 0x00, 0x04, 0xBE, 0x00, 0x00, 0x00, 0x00, 0xBD, 0x00, 0x00, 0x00, 0xEA, 0xFC, 0x00,
    0x00, 0x02, 0xFF, 0xE0, 0x00, 0x00, 0x00, 0x00, 0x00, 0x00, 0x00, 0x00, 0x00, 0x00, 0x00, 0x00,
    0x00, 0x00, 0x00, 0x3F, 0xC0, 0x3F, 0xC0, 0x00, 0x00, 0x0F, 0xF2, 0xFF, 0x00, 0x00, 0x00, 0x03,
    0xFF, 0xF8, 0x00, 0x00, 0x00, 0x00, 0xFF, 0xD0, 0x00, 0x00, 0x00, 0x00, 0x2E, 0x00, 0x00, 0x00,
    0x00, 0x00, 0x00, 0x00, 0x00, 0x00, 0x00, 0x00, 0x00, 0x00, 0x00, 0x00, 0x00, 0xBF, 0xFE, 0x80,
    0x00, 0x00, 0x0F, 0xFF, 0xFF, 0xF8, 0x00, 0x00, 0x3F, 0xFF, 0xFF, 0xFF, 0x00, 0x00, 0xFF, 0xF8,
    0x2B, 0xFF, 0xC0, 0x03, 0xFF, 0x00, 0x00, 0xBF, 0xF0, 0x03, 0xFC, 0x00, 0x00, 0x2F, 0x80, 0x07,
    0xF8, 0x00, 0x00, 0x00, 0x00, 0x0B, 0xF8, 0x00, 0x00, 0x00, 0x00, 0x07, 0xFC, 0x00, 0x00, 0x00,
    0x00, 0x03, 0xFD, 0x00, 0x00, 0x00, 0x00, 0x03, 0xFF, 0x80, 0x00, 0x00, 0x00, 0x01, 0xFF, 0xF8,
    0x00, 0x00, 0x00, 0x00, 0xBF, 0xFF, 0xE0, 0x00, 0x00, 0x00, 0x0F, 0xFF, 0xFF, 0x80, 0x00, 0x00,
    0x00, 0xBF, 0xFF, 0xF8, 0x00, 0x00, 0x00, 0x02, 0xFF, 0xFF, 0x00, 0x00, 0x00, 0x00, 0x0B, 0xFF,
    0x80, 0x00, 0x00, 0x00, 0x00, 0xFF, 0xC0, 0x00, 0x00, 0x00, 0x00, 0x3F, 0xC0, 0x00, 0x00, 0x00,
    0x00, 0x3F, 0xC0, 0x00, 0x00, 0x00, 0x00, 0x3F, 0xC0, 0x2F, 0xC0, 0x00, 0x00, 0x3F, 0xC0, 0x3F,
    0xD0, 0x00, 0x00, 0xBF, 0xC0, 0x3F, 0xF8, 0x00, 0x02, 0xFF, 0x80, 0x0F, 0xFF, 0x80, 0x1F, 0xFF,
    0x00, 0x03, 0xFF, 0xFF, 0xFF, 0xFC, 0x00, 0x00, 0xFF, 0xFF, 0xFF, 0xE0, 0x00, 0x00, 0x0F, 0xFF,
    0xFE, 0x00, 0x00, 0x00, 0x00, 0x05, 0x00, 0x00, 0x00, 0x00, 0x00, 0x00, 0x00, 0x00, 0x00, 0x0F,
    0xF0, 0x0F, 0xF4, 0x00, 0x03, 0xFC, 0xBF, 0xC0, 0x00, 0x00, 0xFF, 0xFE, 0x00, 0x00, 0x00, 0x3F,
    0xF4, 0x00, 0x00, 0x00, 0x0F, 0x80, 0x00, 0x00, 0x00, 0x00, 0x00, 0x00, 0x00, 0x00, 0x00, 0x00,
    0x00, 0x00, 0x06, 0xFF, 0x80, 0x00, 0x00, 0xBF, 0xFF, 0xFD, 0x00, 0x02, 0xFF, 0xFF, 0xFF, 0x80,
    0x0B, 0xFE, 0x02, 0xFF, 0xC0, 0x0F, 0xF0, 0x00, 0x2F, 0xE0, 0x0F, 0xE0, 0x00, 0x08, 0x00, 0x0F,
    0xF0, 0x00, 0x00, 0x00, 0x0F, 0xF8, 0x00, 0x00, 0x00, 0x0B, 0xFF, 0x80, 0x00, 0x00, 0x02, 0xFF,
    0xFE, 0x40, 0x00, 0x00, 0xBF, 0xFF, 0xF8, 0x00, 0x00, 0x02, 0xFF, 0xFF, 0x00, 0x00, 0x00, 0x0B,
    0xFF, 0x80, 0x00, 0x00, 0x00, 0xBF, 0xC0, 0x00, 0x00, 0x00, 0x3F, 0xC0, 0x0B, 0x00, 0x00, 0x3F,
    0xC0, 0xBF, 0x80, 0x00, 0x3F, 0xC0, 0x3F, 0xE0, 0x00, 0xFF, 0x80, 0x2F, 0xFE, 0xAF, 0xFF, 0x00,
    0x07, 0xFF, 0xFF, 0xFC, 0x00, 0x00, 0xBF, 0xFF, 0xE0, 0x00, 0x00, 0x00, 0x50, 0x00, 0x00, 0x0A,
    0xAA, 0xAA, 0xAA, 0xAA, 0xAA, 0x2F, 0xFF, 0xFF, 0xFF, 0xFF, 0xFE, 0x3F, 0xFF, 0xFF, 0xFF, 0xFF,
    0xFD, 0x3F, 0xFF, 0xFF, 0xFF, 0xFF, 0xFC, 0x00, 0x00, 0x0F, 0xF0, 0x00, 0x00, 0x00, 0x00, 0x2F,
    0xE0, 0x00, 0x00, 0x00, 0x00, 0x2F, 0xE0, 0x00, 0x00, 0x00, 0x00, 0x3F, 0xC0, 0x00, 0x00, 0x00,
    0x00, 0x3F, 0xC0, 0x00, 0x00, 0x00, 0x00, 0x3F, 0xC0, 0x00, 0x00, 0x00, 0x00, 0xBF, 0x80, 0x00,
    0x00, 0x00, 0x00, 0xBF, 0x80, 0x00, 0x00, 0x00, 0x00, 0xFF, 0x00, 0x00, 0x00, 0x00, 0x00, 0xFF,
    0x00, 0x00, 0x00, 0x00, 0x00, 0xFF, 0x00, 0x00, 0x00, 0x00, 0x02, 0xFE, 0x00, 0x00, 0x00, 0x00,
    0x03, 0xFD, 0x00, 0x00, 0x00, 0x00, 0x03, 0xFC, 0x00, 0x00, 0x00, 0x00, 0x03, 0xFC, 0x00, 0x00,
    0x00, 0x00, 0x07, 0xFC, 0x00, 0x00, 0x00, 0x00, 0x0B, 0xF8, 0x00, 0x00, 0x00, 0x00, 0x0F, 0xF0,
    0x00, 0x00, 0x00, 0x00, 0x0F, 0xF0, 0x00, 0x00, 0x00, 0x00, 0x0F, 0xF0, 0x00, 0x00, 0x00, 0x00,
    0x2F, 0xE0, 0x00, 0x00, 0x00, 0x00, 0x2F, 0xE0, 0x00, 0x00, 0x00, 0x00, 0x3F, 0xC0, 0x00, 0x00,
    0x00, 0x00, 0x3F, 0xC0, 0x00, 0x00, 0x00, 0x00, 0x00, 0x00, 0x00, 0x00, 0x00, 0x00, 0x00, 0x00,
    0x00, 0x00, 0x00, 0x00, 0x7E, 0x00, 0x00, 0x00, 0x00, 0x00, 0x7F, 0x00, 0x00, 0x00, 0x00, 0x00,
    0x3F, 0x00, 0x00, 0x00, 0x00, 0x00, 0x2F, 0x00, 0x00, 0x00, 0x00, 0x00, 0x3F, 0x00, 0x00, 0x00,
    0x00, 0x01, 0xFC, 0x00, 0x00, 0x00, 0x00, 0x2F, 0xF0, 0x00, 0x00, 0x00, 0x00, 0x0E, 0x80, 0x00,
    0x00, 0x00, 0x00, 0x00, 0x00, 0x2A, 0x40, 0x00, 0x00, 0x3F, 0x80, 0x00, 0x00, 0xBF, 0x00, 0x00,
    0x00, 0xBF, 0x00, 0x00, 0x00, 0xFF, 0x00, 0x00, 0x2A, 0xFF, 0xA8, 0x00, 0xBF, 0xFF, 0xFC, 0x00,
    0xFF, 0xFF, 0xFC, 0x00, 0x57, 0xFD, 0x54, 0x00, 0x03, 0xFC, 0x00, 0x00, 0x03, 0xF8, 0x00, 0x00,
    0x07, 0xF0, 0x00, 0x00, 0x0B, 0xF0, 0x00, 0x00, 0x0F, 0xF0, 0x00, 0x00, 0x0F, 0xE0, 0x00, 0x00,
    0x0F, 0xE0, 0x00, 0x00, 0x2F, 0xC0, 0x00, 0x00, 0x2F, 0xC0, 0x00, 0x00, 0x3F, 0xC0, 0x00, 0x00,
    0x3F, 0x80, 0x00, 0x00, 0x3F, 0x80, 0x00, 0x00, 0xBF, 0x00, 0x00, 0x00, 0xBF, 0xC0, 0x00, 0x00,
    0xBF, 0xFE, 0x00, 0x00, 0x3F, 0xFE, 0x00, 0x00, 0x1B, 0xFC, 0x00, 0x00, 0x00, 0x00, 0x00, 0x00,
    0x00, 0x00, 0x00, 0x00, 0xBC, 0x00, 0x00, 0x00, 0xFE, 0x00, 0x00, 0x00, 0x3F, 0x00, 0x00, 0x00,
    0x3E, 0x00, 0x00, 0x00, 0xBD, 0x00, 0x00, 0x03, 0xFC, 0x00, 0x00, 0x3F, 0xE0, 0x00, 0x00, 0x2A,
    0x00, 0x00, 0x00, 0x00, 0x00, 0x00, 0x00, 0x00, 0x00, 0x00, 0x00, 0xFF, 0x00, 0xFF, 0x00, 0x00,
    0x00, 0x3F, 0xCB, 0xFC, 0x00, 0x00, 0x00, 0x0F, 0xFF, 0xE0, 0x00, 0x00, 0x00, 0x03, 0xFF, 0x00,
    0x00, 0x00, 0x00, 0x00, 0xB8, 0x00, 0x00, 0x00, 0x00, 0x00, 0x00, 0x00, 0x00, 0x00, 0x00, 0x00,
    0x00, 0x00, 0x00, 0x0A, 0xAA, 0xAA, 0xAA, 0xAA, 0xAA, 0x2F, 0xFF, 0xFF, 0xFF, 0xFF, 0xFE, 0x3F,
    0xFF, 0xFF, 0xFF, 0xFF, 0xFD, 0x3F, 0xFF, 0xFF, 0xFF, 0xFF, 0xFC, 0x00, 0x00, 0x0F, 0xF0, 0x00,
    0x00, 0x00, 0x00, 0x2F, 0xE0, 0x00, 0x00, 0x00, 0x00, 0x2F, 0xE0, 0x00, 0x00, 0x00, 0x00, 0x3F,
    0xC0, 0x00, 0x00, 0x00, 0x00, 0x3F, 0xC0, 0x00, 0x00, 0x00, 0x00, 0x3F, 0xC0, 0x00, 0x00, 0x00,
    0x00, 0xBF, 0x80, 0x00, 0x00, 0x00, 0x00, 0xBF, 0x80, 0x00, 0x00, 0x00, 0x00, 0xFF, 0x00, 0x00,
    0x00, 0x00, 0x00, 0xFF, 0x00, 0x00, 0x00, 0x00, 0x00, 0xFF, 0x00, 0x00, 0x00, 0x00, 0x02, 0xFE,
    0x00, 0x00, 0x00, 0x00, 0x03, 0xFD, 0x00, 0x00, 0x00, 0x00, 0x03, 0xFC, 0x00, 0x00, 0x00, 0x00,
    0x03, 0xFC, 0x00, 0x00, 0x00, 0x00, 0x07, 0xFC, 0x00, 0x00, 0x00, 0x00, 0x0B, 0xF8, 0x00, 0x00,
    0x00, 0x00, 0x0F, 0xF0, 0x00, 0x00, 0x00, 0x00, 0x0F, 0xF0, 0x00, 0x00, 0x00, 0x00, 0x0F, 0xF0,
    0x00, 0x00, 0x00, 0x00, 0x2F, 0xE0, 0x00, 0x00, 0x00, 0x00, 0x2F, 0xE0, 0x00, 0x00, 0x00, 0x00,
    0x3F, 0xC0, 0x00, 0x00, 0x00, 0x00, 0x3F, 0xC0, 0x00, 0x00, 0x00, 0x00, 0x00, 0x00, 0x00, 0x00,
    0x00, 0x00, 0x00, 0x0F, 0x00, 0x00, 0x00, 0x00, 0x3F, 0x80, 0x00, 0x00, 0x00, 0x3F, 0x00, 0x00,
    0x00, 0x00, 0xBD, 0x00, 0x00, 0x0A, 0x90, 0xFC, 0x00, 0x00, 0x0F, 0xE1, 0xF0, 0x00, 0x00, 0x2F,
    0xC3, 0xE0, 0x00, 0x00, 0x2F, 0xC2, 0x80, 0x00, 0x00, 0x3F, 0xC0, 0x00, 0x00, 0x0A, 0xBF, 0xEA,
    0x00, 0x00, 0x2F, 0xFF, 0xFF, 0x00, 0x00, 0x3F, 0xFF, 0xFF, 0x00, 0x00, 0x15, 0xFF, 0x55, 0x00,
    0x00, 0x00, 0xFF, 0x00, 0x00, 0x00, 0x00, 0xFE, 0x00, 0x00, 0x00, 0x01, 0xFC, 0x00, 0x00, 0x00,
    0x02, 0xFC, 0x00, 0x00, 0x00, 0x03, 0xFC, 0x00, 0x00, 0x00, 0x03, 0xF8, 0x00, 0x00, 0x00, 0x03,
    0xF8, 0x00, 0x00, 0x00, 0x0B, 0xF0, 0x00, 0x00, 0x00, 0x0B, 0xF0, 0x00, 0x00, 0x00, 0x0F, 0xF0,
    0x00, 0x00, 0x00, 0x0F, 0xE0, 0x00, 0x00, 0x00, 0x0F, 0xE0, 0x00, 0x00, 0x00, 0x2F, 0xC0, 0x00,
    0x00, 0x00, 0x2F, 0xF0, 0x00, 0x00, 0x00, 0x2F, 0xFF, 0x80, 0x00, 0x00, 0x0F, 0xFF, 0x80, 0x00,
    0x00, 0x06, 0xFF, 0x00, 0x00, 0x00, 0x00, 0x00, 0x00, 0x00, 0x00, 0x00, 0x00, 0x00, 0x00, 0x0B,
    0xFF, 0xFF, 0xF0, 0x00, 0x00, 0x00, 0x0B, 0xFF, 0xFF, 0xF0, 0x00, 0x00, 0x00, 0x0A, 0xAA, 0xAA,
    0xA0, 0x00, 0x00, 0x00, 0x00, 0x00, 0x00, 0x00, 0x00, 0x00, 0x00, 0x00, 0x00, 0x00, 0x00, 0x00,
    0x00, 0x00, 0x00, 0x00, 0x00, 0x00, 0x00, 0x00, 0xAA, 0x00, 0x00, 0x00, 0x02, 0xA0, 0x00, 0xFF,
    0x00, 0x00, 0x00, 0x0B, 0xF8, 0x00, 0xFF, 0x00, 0x00, 0x00, 0x0F, 0xF0, 0x00, 0xFF, 0x00, 0x00,
    0x00, 0x0F, 0xF0, 0x02, 0xFE, 0x00, 0x00, 0x00, 0x0F, 0xF0, 0x02, 0xFD, 0x00, 0x00, 0x00, 0x2F,
    0xE0, 0x03, 0xFC, 0x00, 0x00, 0x00, 0x3F, 0xD0, 0x03, 0xFC, 0x00, 0x00, 0x00, 0x3F, 0xC0, 0x07,
    0xFC, 0x00, 0x00, 0x00, 0x3F, 0xC0, 0x0B, 0xF8, 0x00, 0x00, 0x00, 0x7F, 0x80, 0x0F, 0xF0, 0x00,
    0x00, 0x00, 0xBF, 0x80, 0x0F, 0xF0, 0x00, 0x00, 0x00, 0xFF, 0x00, 0x0F, 0xF0, 0x00, 0x00, 0x00,
    0xFF, 0x00, 0x2F, 0xE0, 0x00, 0x00, 0x00, 0xFF, 0x00, 0x2F, 0xE0, 0x00, 0x00, 0x02, 0xFE, 0x00,
    0x3F, 0xC0, 0x00, 0x00, 0x02, 0xFE, 0x00, 0x3F, 0xC0, 0x00, 0x00, 0x03, 0xFC, 0x00, 0x3F, 0xC0,
    0x00, 0x00, 0x03, 0xFC, 0x00, 0x7F, 0x80, 0x00, 0x00, 0x0B, 0xFC, 0x00, 0xBF, 0x80, 0x00, 0x00,
    0x0F, 0xF8, 0x00, 0xBF, 0x80, 0x00, 0x00, 0x0F, 0xF0, 0x00, 0xBF, 0xC0, 0x00, 0x00, 0x3F, 0xE0,
    0x00, 0xBF, 0xC0, 0x00, 0x00, 0xBF, 0xC0, 0x00, 0x3F, 0xE0, 0x00, 0x02, 0xFF, 0x80, 0x00, 0x3F,
    0xFD, 0x00, 0x2F, 0xFF, 0x00, 0x00, 0x0F, 0xFF, 0xFF, 0xFF, 0xFC, 0x00, 0x00, 0x03, 0xFF, 0xFF,
    0xFF, 0xE0, 0x00, 0x00, 0x00, 0xBF, 0xFF, 0xFE, 0x00, 0x00, 0x00, 0x00, 0x00, 0x60, 0x00, 0x00,
    0x00, 0x00, 0x00, 0x02, 0xAA, 0xAA, 0xA8, 0x00, 0x00, 0x03, 0xFF, 0xFF, 0xF8, 0x00, 0x00, 0x03,
    0xFF, 0xFF, 0xF8, 0x00, 0x00, 0x00, 0x00, 0x00, 0x00, 0x00, 0x00, 0x00, 0x00, 0x00, 0x00, 0x00,
    0x00, 0x00, 0x00, 0x00, 0x00, 0x00, 0x00, 0x00, 0x00, 0x00, 0x00, 0x00, 0x00, 0xA8, 0x00, 0x00,
    0x2A, 0x00, 0x03, 0xFC, 0x00, 0x00, 0xFF, 0x00, 0x03, 0xFC, 0x00, 0x00, 0xFE, 0x00, 0x03, 0xF8,
    0x00, 0x00, 0xFE, 0x00, 0x07, 0xF0, 0x00, 0x01, 0xFC, 0x00, 0x0B, 0xF0, 0x00, 0x02, 0xFC, 0x00,
    0x0F, 0xF0, 0x00, 0x03, 0xFC, 0x00, 0x0F, 0xE0, 0x00, 0x03, 0xF8, 0x00, 0x0F, 0xE0, 0x00, 0x03,
    0xF8, 0x00, 0x2F, 0xC0, 0x00, 0x0B, 0xF0, 0x00, 0x2F, 0xC0, 0x00, 0x0B, 0xF0, 0x00, 0x3F, 0xC0,
    0x00, 0x0F, 0xF0, 0x00, 0x3F, 0x80, 0x00, 0x0F, 0xE0, 0x00, 0x3F, 0x80, 0x00, 0x2F, 0xD0, 0x00,
    0x3F, 0x00, 0x00, 0x3F, 0xC0, 0x00, 0xBF, 0x00, 0x00, 0xBF, 0xC0, 0x00, 0x3F, 0x80, 0x02, 0xFF,
    0xC0, 0x00, 0x3F, 0xC0, 0x0B, 0xFF, 0x80, 0x00, 0x3F, 0xFF, 0xFF, 0xFF, 0x00, 0x00, 0x0F, 0xFF,
    0xFE, 0x3F, 0x00, 0x00, 0x03, 0xFF, 0xF0, 0x3F, 0x00, 0x00, 0x00, 0x00, 0x00, 0x00, 0x00, 0x00,
    0x00, 0x00, 0x00, 0x02, 0x80, 0x00, 0x00, 0x00, 0x00, 0x00, 0x3F, 0xF8, 0x00, 0x00, 0x00, 0x00,
    0x00, 0xFF, 0xFE, 0x00, 0x00, 0x00, 0x00, 0x00, 0xF8, 0x3F, 0x00, 0x00, 0x00, 0x00, 0x02, 0xF0,
    0x0F, 0x80, 0x00, 0x00, 0x00, 0x02, 0xF0, 0x0F, 0x80, 0x00, 0x00, 0x00, 0x00, 0xF8, 0x2F, 0x00,
    0x00, 0x00, 0x00, 0x00, 0xFF, 0xFF, 0x00, 0x00, 0x00, 0x00, 0x00, 0x3F, 0xFC, 0x00, 0x00, 0x00,
    0xAA, 0x00, 0x02, 0x80, 0x02, 0xA0, 0x00, 0xFF, 0x00, 0x00, 0x00, 0x0B, 0xF8, 0x00, 0xFF, 0x00,
    0x00, 0x00, 0x0F, 0xF0, 0x00, 0xFF, 0x00, 0x00, 0x00, 0x0F, 0xF0, 0x02, 0xFE, 0x00, 0x00, 0x00,
    0x0F, 0xF0, 0x02, 0xFD, 0x00, 0x00, 0x00, 0x2F, 0xE0, 0x03, 0xFC, 0x00, 0x00, 0x00, 0x3F, 0xD0,
    0x03, 0xFC, 0x00, 0x00, 0x00, 0x3F, 0xC0, 0x07, 0xFC, 0x00, 0x00, 0x00, 0x3F, 0xC0, 0x0B, 0xF8,
    0x00, 0x00, 0x00, 0x7F, 0x80, 0x0F, 0xF0, 0x00, 0x00, 0x00, 0xBF, 0x80, 0x0F, 0xF0, 0x00, 0x00,
    0x00, 0xFF, 0x00, 0x0F, 0xF0, 0x00, 0x00, 0x00, 0xFF, 0x00, 0x2F, 0xE0, 0x00, 0x00, 0x00, 0xFF,
    0x00, 0x2F, 0xE0, 0x00, 0x00, 0x02, 0xFE, 0x00, 0x3F, 0xC0, 0x00, 0x00, 0x02, 0xFE, 0x00, 0x3F,
    0xC0, 0x00, 0x00, 0x03, 0xFC, 0x00, 0x3F, 0xC0, 0x00, 0x00, 0x03, 0xFC, 0x00, 0x7F, 0x80, 0x00,
    0x00, 0x0B, 0xFC, 0x00, 0xBF, 0x80, 0x00, 0x00, 0x0F, 0xF8, 0x00, 0xBF, 0x80, 0x00, 0x00, 0x0F,
    0xF0, 0x00, 0xBF, 0xC0, 0x00, 0x00, 0x3F, 0xE0, 0x00, 0xBF, 0xC0, 0x00, 0x00, 0xBF, 0xC0, 0x00,
    0x3F, 0xE0, 0x00, 0x02, 0xFF, 0x80, 0x00, 0x3F, 0xFD, 0x00, 0x2F, 0xFF, 0x00, 0x00, 0x0F, 0xFF,
    0xFF, 0xFF, 0xFC, 0x00, 0x00, 0x03, 0xFF, 0xFF, 0xFF, 0xE0, 0x00, 0x00, 0x00, 0xBF, 0xFF, 0xFE,
    0x00, 0x00, 0x00, 0x00, 0x00, 0x60, 0x00, 0x00, 0x00, 0x00, 0x00, 0x00, 0x02, 0xA8, 0x00, 0x00,
    0x00, 0x00, 0x0F, 0xFF, 0x00, 0x00, 0x00, 0x00, 0x3F, 0xFF, 0xC0, 0x00, 0x00, 0x00, 0x3E, 0x0B,
    0xD0, 0x00, 0x00, 0x00, 0x7C, 0x03, 0xE0, 0x00, 0x00, 0x00, 0x7C, 0x03, 0xE0, 0x00, 0x00, 0x00,
    0x3F, 0x5F, 0xC0, 0x00, 0x00, 0x00, 0x2F, 0xFF, 0x80, 0x00, 0x00, 0x00, 0x0B, 0xFE, 0x00, 0x00,
    0x00, 0x00, 0x00, 0x00, 0x00, 0x00, 0x00, 0x00, 0x00, 0x00, 0x00, 0x00, 0x00, 0xA8, 0x00, 0x00,
    0x2A, 0x00, 0x03, 0xFC, 0x00, 0x00, 0xFF, 0x00, 0x03, 0xFC, 0x00, 0x00, 0xFE, 0x00, 0x03, 0xF8,
    0x00, 0x00, 0xFE, 0x00, 0x07, 0xF0, 0x00, 0x01, 0xFC, 0x00, 0x0B, 0xF0, 0x00, 0x02, 0xFC, 0x00,
    0x0F, 0xF0, 0x00, 0x03, 0xFC, 0x00, 0x0F, 0xE0, 0x00, 0x03, 0xF8, 0x00, 0x0F, 0xE0, 0x00, 0x03,
    0xF8, 0x00, 0x2F, 0xC0, 0x00, 0x0B, 0xF0, 0x00, 0x2F, 0xC0, 0x00, 0x0B, 0xF0, 0x00, 0x3F, 0xC0,
    0x00, 0x0F, 0xF0, 0x00, 0x3F, 0x80, 0x00, 0x0F, 0xE0, 0x00, 0x3F, 0x80, 0x00, 0x2F, 0xD0, 0x00,
    0x3F, 0x00, 0x00, 0x3F, 0xC0, 0x00, 0xBF, 0x00, 0x00, 0xBF, 0xC0, 0x00, 0x3F, 0x80, 0x02, 0xFF,
    0xC0, 0x00, 0x3F, 0xC0, 0x0B, 0xFF, 0x80, 0x00, 0x3F, 0xFF, 0xFF, 0xFF, 0x00, 0x00, 0x0F, 0xFF,
    0xFE, 0x3F, 0x00, 0x00, 0x03, 0xFF, 0xF0, 0x3F, 0x00, 0x00, 0x00, 0x00, 0x00, 0x00, 0x00, 0x00,
    0x00, 0x00, 0x00, 0x00, 0x00, 0x00, 0x00, 0x00, 0x00, 0x00, 0x02, 0xF4, 0x2F, 0x00, 0x00, 0x00,
    0x00, 0x0B, 0xF8, 0xBF, 0x80, 0x00, 0x00, 0x00, 0x2F, 0xF2, 0xFF, 0x00, 0x00, 0x00, 0x00, 0xBF,
    0xCB, 0xFC, 0x00, 0x00, 0x00, 0x01, 0xFE, 0x2F, 0xE0, 0x00, 0x00, 0x00, 0x02, 0xA0, 0x2A, 0x00,
    0x00, 0x00, 0x00, 0x00, 0x00, 0x00, 0x00, 0x00, 0x00, 0x00, 0x00, 0x00, 0x00, 0x00, 0x00, 0x00,
    0xAA, 0x00, 0x00, 0x00, 0x02, 0xA0, 0x00, 0xFF, 0x00, 0x00, 0x00, 0x0B, 0xF8, 0x00, 0xFF, 0x00,
    0x00, 0x00, 0x0F, 0xF0, 0x00, 0xFF, 0x00, 0x00, 0x00, 0x0F, 0xF0, 0x02, 0xFE, 0x00, 0x00, 0x00,
    0x0F, 0xF0, 0x02, 0xFD, 0x00, 0x00, 0x00, 0x2F, 0xE0, 0x03, 0xFC, 0x00, 0x00, 0x00, 0x3F, 0xD0,
    0x03, 0xFC, 0x00, 0x00, 0x00, 0x3F, 0xC0, 0x07, 0xFC, 0x00, 0x00, 0x00, 0x3F, 0xC0, 0x0B, 0xF8,
    0x00, 0x00, 0x00, 0x7F, 0x80, 0x0F, 0xF0, 0x00, 0x00, 0x00, 0xBF, 0x80, 0x0F, 0xF0, 0x00, 0x00,
    0x00, 0xFF, 0x00, 0x0F, 0xF0, 0x00, 0x00, 0x00, 0xFF, 0x00, 0x2F, 0xE0, 0x00, 0x00, 0x00, 0xFF,
    0x00, 0x2F, 0xE0, 0x00, 0x00, 0x02, 0xFE, 0x00, 0x3F, 0xC0, 0x00, 0x00, 0x02, 0xFE, 0x00, 0x3F,
    0xC0, 0x00, 0x00, 0x03, 0xFC, 0x00, 0x3F, 0xC0, 0x00, 0x00, 0x03, 0xFC, 0x00, 0x7F, 0x80, 0x00,
    0x00, 0x0B, 0xFC, 0x00, 0xBF, 0x80, 0x00, 0x00, 0x0F, 0xF8, 0x00, 0xBF, 0x80, 0x00, 0x00, 0x0F,
    0xF0, 0x00, 0xBF, 0xC0, 0x00, 0x00, 0x3F, 0xE0, 0x00, 0xBF, 0xC0, 0x00, 0x00, 0xBF, 0xC0, 0x00,
    0x3F, 0xE0, 0x00, 0x02, 0xFF, 0x80, 0x00, 0x3F, 0xFD, 0x00, 0x2F, 0xFF, 0x00, 0x00, 0x0F, 0xFF,
    0xFF, 0xFF, 0xFC, 0x00, 0x00, 0x03, 0xFF, 0xFF, 0xFF, 0xE0, 0x00, 0x00, 0x00, 0xBF, 0xFF, 0xFE,
    0x00, 0x00, 0x00, 0x00, 0x00, 0x60, 0x00, 0x00, 0x00, 0x00, 0x00, 0x00, 0x00, 0x00, 0x00, 0x00,
    0x00, 0x00, 0x02, 0xF0, 0x3F, 0x00, 0x00, 0x00, 0x0B, 0xF4, 0xFF, 0x00, 0x00, 0x00, 0x2F, 0xF2,
    0xFF, 0x00, 0x00, 0x00, 0xBF, 0x8B, 0xF8, 0x00, 0x00, 0x02, 0xFE, 0x2F, 0xD0, 0x00, 0x00, 0x02,
    0xA0, 0x2A, 0x00, 0x00, 0x00, 0x00, 0x00, 0x00, 0x00, 0x00, 0x00, 0x00, 0x00, 0x00, 0x00, 0x00,
    0x00, 0xA8, 0x00, 0x00, 0x2A, 0x00, 0x03, 0xFC, 0x00, 0x00, 0xFF, 0x00, 0x03, 0xFC, 0x00, 0x00,
    0xFE, 0x00, 0x03, 0xF8, 0x00, 0x00, 0xFE, 0x00, 0x07, 0xF0, 0x00, 0x01, 0xFC, 0x00, 0x0B, 0xF0,
    0x00, 0x02, 0xFC, 0x00, 0x0F, 0xF0, 0x00, 0x03, 0xFC, 0x00, 0x0F, 0xE0, 0x00, 0x03, 0xF8, 0x00,
    0x0F, 0xE0, 0x00, 0x03, 0xF8, 0x00, 0x2F, 0xC0, 0x00, 0x0B, 0xF0, 0x00, 0x2F, 0xC0, 0x00, 0x0B,
    0xF0, 0x00, 0x3F, 0xC0, 0x00, 0x0F, 0xF0, 0x00, 0x3F, 0x80, 0x00, 0x0F, 0xE0, 0x00, 0x3F, 0x80,
    0x00, 0x2F, 0xD0, 0x00, 0x3F, 0x00, 0x00, 0x3F, 0xC0, 0x00, 0xBF, 0x00, 0x00, 0xBF, 0xC0, 0x00,
    0x3F, 0x80, 0x02, 0xFF, 0xC0, 0x00, 0x3F, 0xC0, 0x0B, 0xFF, 0x80, 0x00, 0x3F, 0xFF, 0xFF, 0xFF,
    0x00, 0x00, 0x0F, 0xFF, 0xFE, 0x3F, 0x00, 0x00, 0x03, 0xFF, 0xF0, 0x3F, 0x00, 0x00, 0x00, 0x00,
    0x00, 0x00, 0x00, 0x00, 0x00, 0xAA, 0x00, 0x00, 0x00, 0x02, 0xA0, 0x00, 0xFF, 0x00, 0x00, 0x00,
    0x0B, 0xF8, 0x00, 0xFF, 0x00, 0x00, 0x00, 0x0F, 0xF0, 0x00, 0xFF, 0x00, 0x00, 0x00, 0x0F, 0xF0,
    0x02, 0xFE, 0x00, 0x00, 0x00, 0x0F, 0xF0, 0x02, 0xFD, 0x00, 0x00, 0x00, 0x2F, 0xE0, 0x03, 0xFC,
    0x00, 0x00, 0x00, 0x3F, 0xD0, 0x03, 0xFC, 0x00, 0x00, 0x00, 0x3F, 0xC0, 0x07, 0xFC, 0x00, 0x00,
    0x00, 0x3F, 0xC0, 0x0B, 0xF8, 0x00, 0x00, 0x00, 0x7F, 0x80, 0x0F, 0xF0, 0x00, 0x00, 0x00, 0xBF,
    0x80, 0x0F, 0xF0, 0x00, 0x00, 0x00, 0xFF, 0x00, 0x0F, 0xF0, 0x00, 0x00, 0x00, 0xFF, 0x00, 0x2F,
    0xE0, 0x00, 0x00, 0x00, 0xFF, 0x00, 0x2F, 0xE0, 0x00, 0x00, 0x02, 0xFE, 0x00, 0x3F, 0xC0, 0x00,
    0x00, 0x02, 0xFE, 0x00, 0x3F, 0xC0, 0x00, 0x00, 0x03, 0xFC, 0x00, 0x3F, 0xC0, 0x00, 0x00, 0x03,
    0xFC, 0x00, 0x7F, 0x80, 0x00, 0x00, 0x0B, 0xFC, 0x00, 0xBF, 0x80, 0x00, 0x00, 0x0F, 0xF8, 0x00,
    0xBF, 0x80, 0x00, 0x00, 0x0F, 0xF0, 0x00, 0xBF, 0xC0, 0x00, 0x00, 0x3F, 0xE0, 0x00, 0xBF, 0xC0,
    0x00, 0x00, 0xBF, 0xC0, 0x00, 0x3F, 0xE0, 0x00, 0x02, 0xFF, 0x80, 0x00, 0x3F, 0xFD, 0x00, 0x2F,
    0xFF, 0x00, 0x00, 0x0F, 0xFF, 0xFF, 0xFF, 0xFC, 0x00, 0x00, 0x03, 0xFF, 0xFF, 0xFF, 0xE0, 0x00,
    0x00, 0x00, 0xBF, 0xFF, 0xFE, 0x00, 0x00, 0x00, 0x00, 0x03, 0xFE, 0x00, 0x00, 0x00, 0x00, 0x00,
    0x0F, 0xE0, 0x00, 0x00, 0x00, 0x00, 0x00, 0x3F, 0x80, 0x00, 0x00, 0x00, 0x00, 0x00, 0x3F, 0x00,
    0x00, 0x00, 0x00, 0x00, 0x00, 0x3F, 0xE9, 0x00, 0x00, 0x00, 0x00, 0x00, 0x3F, 0xFC, 0x00, 0x00,
    0x00, 0x00, 0x00, 0x0B, 0xF8, 0x00, 0x00, 0x00, 0x00, 0x00, 0x00, 0x00, 0x00, 0x00, 0x00, 0x00,
    0x00, 0xA8, 0x00, 0x00, 0x2A, 0x00, 0x03, 0xFC, 0x00, 0x00, 0xFF, 0x00, 0x03, 0xFC, 0x00, 0x00,
    0xFE, 0x00, 0x03, 0xF8, 0x00, 0x00, 0xFE, 0x00, 0x07, 0xF0, 0x00, 0x01, 0xFC, 0x00, 0x0B, 0xF0,
    0x00, 0x02, 0xFC, 0x00, 0x0F, 0xF0, 0x00, 0x03, 0xFC, 0x00, 0x0F, 0xE0, 0x00, 0x03, 0xF8, 0x00,
    0x0F, 0xE0, 0x00, 0x03, 0xF8, 0x00, 0x2F, 0xC0, 0x00, 0x0B, 0xF0, 0x00, 0x2F, 0xC0, 0x00, 0x0B,
    0xF0, 0x00, 0x3F, 0xC0, 0x00, 0x0F, 0xF0, 0x00, 0x3F, 0x80, 0x00, 0x0F, 0xE0, 0x00, 0x3F, 0x80,
    0x00, 0x2F, 0xD0, 0x00, 0x3F, 0x00, 0x00, 0x3F, 0xC0, 0x00, 0xBF, 0x00, 0x00, 0xBF, 0xC0, 0x00,
    0x3F, 0x80, 0x02, 0xFF, 0xC0, 0x00, 0x3F, 0xC0, 0x0B, 0xFF, 0x80, 0x00, 0x3F, 0xFF, 0xFF, 0xFF,
    0x00, 0x00, 0x0F, 0xFF, 0xFE, 0x3F, 0x00, 0x00, 0x03, 0xFF, 0xF0, 0x3F, 0x00, 0x00, 0x00, 0x00,
    0x03, 0xF8, 0x00, 0x00, 0x00, 0x00, 0x2F, 0x80, 0x00, 0x00, 0x00, 0x00, 0xBF, 0x00, 0x00, 0x00,
    0x00, 0x00, 0xFE, 0x00, 0x00, 0x00, 0x00, 0x00, 0xFF, 0xA8, 0x00, 0x00, 0x00, 0x00, 0xBF, 0xF8,
    0x00, 0x00, 0x00, 0x00, 0x2F, 0xF0, 0x00, 0x00, 0x00, 0x00, 0x00, 0x00, 0x00, 0x00, 0x00, 0x00,
    0x00, 0x00, 0x00, 0x00, 0x00, 0x00, 0x02, 0xF0, 0x00, 0xF8, 0x00, 0x00, 0x00, 0x0B, 0xF8, 0x03,
    0xFD, 0x00, 0x00, 0x00, 0x0B, 0xFC, 0x03, 0xFE, 0x00, 0x00, 0x00, 0x03, 0xF8, 0x02, 0xFC, 0x00,
    0x00, 0x00, 0x00, 0x90, 0x00, 0xA0, 0x00, 0x00, 0x00, 0x00, 0x00, 0x00, 0x00, 0x00, 0x00, 0x00,
    0x00, 0x00, 0x00, 0x00, 0x00, 0x00, 0x2A, 0x80, 0x00, 0x00, 0x01, 0xAA, 0x00, 0x3F, 0xC0, 0x00,
    0x00, 0x03, 0xFE, 0x00, 0x3F, 0xD0, 0x00, 0x00, 0x0F, 0xFC, 0x00, 0x2F, 0xE0, 0x00, 0x00, 0x3F,
    0xF0, 0x00, 0x0F, 0xF0, 0x00, 0x00, 0xBF, 0xC0, 0x00, 0x0F, 0xF0, 0x00, 0x01, 0xFF, 0x80, 0x00,
    0x0B, 0xF8, 0x00, 0x03, 0xFE, 0x00, 0x00, 0x03, 0xFC, 0x00, 0x0F, 0xFC, 0x00, 0x00, 0x03, 0xFC,
    0x00, 0x2F, 0xF0, 0x00, 0x00, 0x02, 0xFE, 0x00, 0xBF, 0xC0, 0x00, 0x00, 0x00, 0xFF, 0x00, 0xFF,
    0x80, 0x00, 0x00, 0x00, 0xFF, 0x03, 0xFE, 0x00, 0x00, 0x00, 0x00, 0xBF, 0x8F, 0xFC, 0x00, 0x00,
    0x00, 0x00, 0x3F, 0xEF, 0xF0, 0x00, 0x00, 0x00, 0x00, 0x3F, 0xFF, 0xC0, 0x00, 0x00, 0x00, 0x00,
    0x2F, 0xFF, 0x80, 0x00, 0x00, 0x00, 0x00, 0x0F, 0xFE, 0x00, 0x00, 0x00, 0x00, 0x00, 0x0F, 0xFC,
    0x00, 0x00, 0x00, 0x00, 0x00, 0x0F, 0xF0, 0x00, 0x00, 0x00, 0x00, 0x00, 0x0F, 0xF0, 0x00, 0x00,
    0x00, 0x00, 0x00, 0x0F, 0xF0, 0x00, 0x00, 0x00, 0x00, 0x00, 0x2F, 0xE0, 0x00, 0x00, 0x00, 0x00,
    0x00, 0x2F, 0xE0, 0x00, 0x00, 0x00, 0x00, 0x00, 0x3F, 0xC0, 0x00, 0x00, 0x00, 0x00, 0x00, 0x3F,
    0xC0, 0x00, 0x00, 0x00, 0x00, 0x00, 0x3F, 0xC0, 0x00, 0x00, 0x00, 0x00, 0x00, 0xBF, 0x80, 0x00,
    0x00, 0x00, 0x00, 0x00, 0xBF, 0x40, 0x00, 0x00, 0x00, 0x00, 0x00, 0x00, 0x00, 0x00, 0x00, 0x20,
    0x00, 0x00, 0x00, 0x00, 0x00, 0x02, 0xFC, 0x00, 0x00, 0x00, 0x00, 0x00, 0x0F, 0xFC, 0x00, 0x00,
    0x00, 0x00, 0x00, 0x3F, 0xF0, 0x00, 0x00, 0x00, 0x00, 0x01, 0xFF, 0x00, 0x00, 0x00, 0x00, 0x00,
    0x02, 0xA0, 0x00, 0x00, 0x00, 0x00, 0x00, 0x00, 0x00, 0x00, 0x00, 0x00, 0x00, 0x00, 0x00, 0x00,
    0x00, 0x00, 0x00, 0x02, 0xAA, 0xAA, 0xAA, 0xAA, 0xA8, 0x00, 0x07, 0xFF, 0xFF, 0xFF, 0xFF, 0xFC,
    0x00, 0x0B, 0xFF, 0xFF, 0xFF, 0xFF, 0xFC, 0x00, 0x0B, 0xFF, 0xFF, 0xFF, 0xFF, 0xF8, 0x00, 0x00,
    0x00, 0x00, 0x00, 0x7F, 0xF0, 0x00, 0x00, 0x00, 0x00, 0x01, 0xFF, 0xC0, 0x00, 0x00, 0x00, 0x00,
    0x07, 0xFF, 0x00, 0x00, 0x00, 0x00, 0x00, 0x1F, 0xFC, 0x00, 0x00, 0x00, 0x00, 0x00, 0x7F, 0xF0,
    0x00, 0x00, 0x00, 0x00, 0x01, 0xFF, 0xC0, 0x00, 0x00, 0x00, 0x00, 0x03, 0xFF, 0x00, 0x00, 0x00,
    0x00, 0x00, 0x0F, 0xFC, 0x00, 0x00, 0x00, 0x00, 0x00, 0x3F, 0xF0, 0x00, 0x00, 0x00, 0x00, 0x00,
    0xFF, 0xC0, 0x00, 0x00, 0x00, 0x00, 0x03, 0xFF, 0x00, 0x00, 0x00, 0x00, 0x00, 0x0F, 0xFC, 0x00,
    0x00, 0x00, 0x00, 0x00, 0x3F, 0xF0, 0x00, 0x00, 0x00, 0x00, 0x00, 0xFF, 0xC0, 0x00, 0x00, 0x00,
    0x00, 0x03, 0xFF, 0x00, 0x00, 0x00, 0x00, 0x00, 0x0F, 0xFC, 0x00, 0x00, 0x00, 0x00, 0x00, 0x3F,
    0xF0, 0x00, 0x00, 0x00, 0x00, 0x00, 0xFF, 0xC0, 0x00, 0x00, 0x00, 0x00, 0x03, 0xFF, 0x00, 0x00,
    0x00, 0x00, 0x00, 0x0F, 0xFC, 0x00, 0x00, 0x00, 0x00, 0x00, 0x3F, 0xFE, 0xAA, 0xAA, 0xAA, 0xA0,
    0x00, 0x3F, 0xFF, 0xFF, 0xFF, 0xFF, 0xF4, 0x00, 0xBF, 0xFF, 0xFF, 0xFF, 0xFF, 0xF0, 0x00, 0xBF,
    0xFF, 0xFF, 0xFF, 0xFF, 0xF0, 0x00, 0x00, 0x00, 0x00, 0x00, 0x00, 0x00, 0x00, 0x00, 0x00, 0x00,
    0xF8, 0x00, 0x00, 0x00, 0x00, 0x03, 0xFC, 0x00, 0x00, 0x00, 0x00, 0x0F, 0xF8, 0x00, 0x00, 0x00,
    0x00, 0x3F, 0xC0, 0x00, 0x00, 0x00, 0x00, 0xFE, 0x00, 0x00, 0x00, 0x00, 0x00, 0xA0, 0x00, 0x00,
    0x00, 0x00, 0x00, 0x00, 0x00, 0x00, 0x00, 0x00, 0x00, 0x00, 0x00, 0x00, 0x00, 0x2A, 0xAA, 0xAA,
    0xAA, 0x00, 0x00, 0x3F, 0xFF, 0xFF, 0xFF, 0x40, 0x00, 0xBF, 0xFF, 0xFF, 0xFF, 0x00, 0x00, 0x2A,
    0xAA, 0xAB, 0xFF, 0x00, 0x00, 0x00, 0x00, 0x0B, 0xFC, 0x00, 0x00, 0x00, 0x00, 0x2F, 0xF0, 0x00,
    0x00, 0x00, 0x00, 0xBF, 0xC0, 0x00, 0x00, 0x00, 0x03, 0xFF, 0x00, 0x00, 0x00, 0x00, 0x0F, 0xFC,
    0x00, 0x00, 0x00, 0x00, 0x3F, 0xF0, 0x00, 0x00, 0x00, 0x00, 0xFF, 0xC0, 0x00, 0x00, 0x00, 0x03,
    0xFF, 0x00, 0x00, 0x00, 0x00, 0x0F, 0xFC, 0x00, 0x00, 0x00, 0x00, 0x3F, 0xF0, 0x00, 0x00, 0x00,
    0x00, 0xFF, 0xC0, 0x00, 0x00, 0x00, 0x03, 0xFE, 0x00, 0x00, 0x00, 0x00, 0x0F, 0xF8, 0x00, 0x00,
    0x00, 0x00, 0x3F, 0xF0, 0x00, 0x00, 0x00, 0x00, 0xBF, 0xFF, 0xFF, 0xFF, 0xC0, 0x00, 0xBF, 0xFF,
    0xFF, 0xFF, 0xC0, 0x00, 0xFF, 0xFF, 0xFF, 0xFF, 0x80, 0x00, 0x00, 0x00, 0x00, 0x00, 0x28, 0x00,
    0x00, 0x00, 0x00, 0x00, 0x00, 0xFF, 0x00, 0x00, 0x00, 0x00, 0x00, 0x00, 0xFF, 0x40, 0x00, 0x00,
    0x00, 0x00, 0x00, 0xFF, 0x00, 0x00, 0x00, 0x00, 0x00, 0x00, 0x3E, 0x00, 0x00, 0x00, 0x00, 0x00,
    0x00, 0x00, 0x00, 0x00, 0x00, 0x00, 0x00, 0x00, 0x00, 0x00, 0x00, 0x00, 0x00, 0x00, 0x00, 0x00,
    0x00, 0x00, 0x00, 0x02, 0xAA, 0xAA, 0xAA, 0xAA, 0xA8, 0x00, 0x07, 0xFF, 0xFF, 0xFF, 0xFF, 0xFC,
    0x00, 0x0B, 0xFF, 0xFF, 0xFF, 0xFF, 0xFC, 0x00, 0x0B, 0xFF, 0xFF, 0xFF, 0xFF, 0xF8, 0x00, 0x00,
    0x00, 0x00, 0x00, 0x7F, 0xF0, 0x00, 0x00, 0x00, 0x00, 0x01, 0xFF, 0xC0, 0x00, 0x00, 0x00, 0x00,
    0x07, 0xFF, 0x00, 0x00, 0x00, 0x00, 0x00, 0x1F, 0xFC, 0x00, 0x00, 0x00, 0x00, 0x00, 0x7F, 0xF0,
    0x00, 0x00, 0x00, 0x00, 0x01, 0xFF, 0xC0, 0x00, 0x00, 0x00, 0x00, 0x03, 0xFF, 0x00, 0x00, 0x00,
    0x00, 0x00, 0x0F, 0xFC, 0x00, 0x00, 0x00, 0x00, 0x00, 0x3F, 0xF0, 0x00, 0x00, 0x00, 0x00, 0x00,
    0xFF, 0xC0, 0x00, 0x00, 0x00, 0x00, 0x03, 0xFF, 0x00, 0x00, 0x00, 0x00, 0x00, 0x0F, 0xFC, 0x00,
    0x00, 0x00, 0x00, 0x00, 0x3F, 0xF0, 0x00, 0x00, 0x00, 0x00, 0x00, 0xFF, 0xC0, 0x00, 0x00, 0x00,
    0x00, 0x03, 0xFF, 0x00, 0x00, 0x00, 0x00, 0x00, 0x0F, 0xFC, 0x00, 0x00, 0x00, 0x00, 0x00, 0x3F,
    0xF0, 0x00, 0x00, 0x00, 0x00, 0x00, 0xFF, 0xC0, 0x00, 0x00, 0x00, 0x00, 0x03, 0xFF, 0x00, 0x00,
    0x00, 0x00, 0x00, 0x0F, 0xFC, 0x00, 0x00, 0x00, 0x00, 0x00, 0x3F, 0xFE, 0xAA, 0xAA, 0xAA, 0xA0,
    0x00, 0x3F, 0xFF, 0xFF, 0xFF, 0xFF, 0xF4, 0x00, 0xBF, 0xFF, 0xFF, 0xFF, 0xFF, 0xF0, 0x00, 0xBF,
    0xFF, 0xFF, 0xFF, 0xFF, 0xF0, 0x00, 0x00, 0x00, 0x00, 0x28, 0x00, 0x00, 0x00, 0x00, 0x00, 0xFF,
    0x00, 0x00, 0x00, 0x00, 0x01, 0xFF, 0x00, 0x00, 0x00, 0x00, 0x00, 0xFF, 0x00, 0x00, 0x00, 0x00,
    0x00, 0xBD, 0x00, 0x00, 0x00, 0x00, 0x00, 0x00, 0x00, 0x00, 0x00, 0x00, 0x00, 0x00, 0x00, 0x00,
    0x00, 0x00, 0x00, 0x00, 0x00, 0x00, 0x00, 0x2A, 0xAA, 0xAA, 0xAA, 0x00, 0x00, 0x3F, 0xFF, 0xFF,
    0xFF, 0x40, 0x00, 0xBF, 0xFF, 0xFF, 0xFF, 0x00, 0x00, 0x2A, 0xAA, 0xAB, 0xFF, 0x00, 0x00, 0x00,
    0x00, 0x0B, 0xFC, 0x00, 0x00, 0x00, 0x00, 0x2F, 0xF0, 0x00, 0x00, 0x00, 0x00, 0xBF, 0xC0, 0x00,
    0x00, 0x00, 0x03, 0xFF, 0x00, 0x00, 0x00, 0x00, 0x0F, 0xFC, 0x00, 0x00, 0x00, 0x00, 0x3F, 0xF0,
    0x00, 0x00, 0x00, 0x00, 0xFF, 0xC0, 0x00, 0x00, 0x00, 0x03, 0xFF, 0x00, 0x00, 0x00, 0x00, 0x0F,
    0xFC, 0x00, 0x00, 0x00, 0x00, 0x3F, 0xF0, 0x00, 0x00, 0x00, 0x00, 0xFF, 0xC0, 0x00, 0x00, 0x00,
    0x03, 0xFE, 0x00, 0x00, 0x00, 0x00, 0x0F, 0xF8, 0x00, 0x00, 0x00, 0x00, 0x3F, 0xF0, 0x00, 0x00,
    0x00, 0x00, 0xBF, 0xFF, 0xFF, 0xFF, 0xC0, 0x00, 0xBF, 0xFF, 0xFF, 0xFF, 0xC0, 0x00, 0xFF, 0xFF,
    0xFF, 0xFF, 0x80, 0x00, 0x00, 0x00, 0x00, 0x00, 0x00, 0x00, 0x00, 0x00, 0x00, 0x00, 0xBF, 0x40,
    0xFF, 0x80, 0x00, 0x00, 0x00, 0x3F, 0xC3, 0xFC, 0x00, 0x00, 0x00, 0x00, 0x0F, 0xFF, 0xF0, 0x00,
    0x00, 0x00, 0x00, 0x03, 0xFF, 0x80, 0x00, 0x00, 0x00, 0x00, 0x00, 0xB8, 0x00, 0x00, 0x00, 0x00,
    0x00, 0x00, 0x00, 0x00, 0x00, 0x00, 0x00, 0x00, 0x00, 0x00, 0x00, 0x00, 0x00, 0x02, 0xAA, 0xAA,
    0xAA, 0xAA, 0xA8, 0x00, 0x07, 0xFF, 0xFF, 0xFF, 0xFF, 0xFC, 0x00, 0x0B, 0xFF, 0xFF, 0xFF, 0xFF,
    0xFC, 0x00, 0x0B, 0xFF, 0xFF, 0xFF, 0xFF, 0xF8, 0x00, 0x00, 0x00, 0x00, 0x00, 0x7F, 0xF0, 0x00,
    0x00, 0x00, 0x00, 0x01, 0xFF, 0xC0, 0x00, 0x00, 0x00, 0x00, 0x07, 0xFF, 0x00, 0x00, 0x00, 0x00,
    0x00, 0x1F, 0xFC, 0x00, 0x00, 0x00, 0x00, 0x00, 0x7F, 0xF0, 0x00, 0x00, 0x00, 0x00, 0x01, 0xFF,
    0xC0, 0x00, 0x00, 0x00, 0x00, 0x03, 0xFF, 0x00, 0x00, 0x00, 0x00, 0x00, 0x0F, 0xFC, 0x00, 0x00,
    0x00, 0x00, 0x00, 0x3F, 0xF0, 0x00, 0x00, 0x00, 0x00, 0x00, 0xFF, 0xC0, 0x00, 0x00, 0x00, 0x00,
    0x03, 0xFF, 0x00, 0x00, 0x00, 0x00, 0x00, 0x0F, 0xFC, 0x00, 0x00, 0x00, 0x00, 0x00, 0x3F, 0xF0,
    0x00, 0x00, 0x00, 0x00, 0x00, 0xFF, 0xC0, 0x00, 0x00, 0x00, 0x00, 0x03, 0xFF, 0x00, 0x00, 0x00,
    0x00, 0x00, 0x0F, 0xFC, 0x00, 0x00, 0x00, 0x00, 0x00, 0x3F, 0xF0, 0x00, 0x00, 0x00, 0x00, 0x00,
    0xFF, 0xC0, 0x00, 0x00, 0x00, 0x00, 0x03, 0xFF, 0x00, 0x00, 0x00, 0x00, 0x00, 0x0F, 0xFC, 0x00,
    0x00, 0x00, 0x00, 0x00, 0x3F, 0xFE, 0xAA, 0xAA, 0xAA, 0xA0, 0x00, 0x3F, 0xFF, 0xFF, 0xFF, 0xFF,
    0xF4, 0x00, 0xBF, 0xFF, 0xFF, 0xFF, 0xFF, 0xF0, 0x00, 0xBF, 0xFF, 0xFF, 0xFF, 0xFF, 0xF0, 0x00,
    0x00, 0x00, 0x00, 0x00, 0x00, 0x00, 0x00, 0x00, 0xFF, 0x00, 0xFF, 0x80, 0x00, 0x00, 0x3F, 0xC3,
    0xFC, 0x00, 0x00, 0x00, 0x0F, 0xFF, 0xF0, 0x00, 0x00, 0x00, 0x03, 0xFF, 0x80, 0x00, 0x00, 0x00,
    0x00, 0xB8, 0x00, 0x00, 0x00, 0x00, 0x00, 0x00, 0x00, 0x00, 0x00, 0x00, 0x00, 0x00, 0x00, 0x00,
    0x00, 0x2A, 0xAA, 0xAA, 0xAA, 0x00, 0x00, 0x3F, 0xFF, 0xFF, 0xFF, 0x40, 0x00, 0xBF, 0xFF, 0xFF,
    0xFF, 0x00, 0x00, 0x2A, 0xAA, 0xAB, 0xFF, 0x00, 0x00, 0x00, 0x00, 0x0B, 0xFC, 0x00, 0x00, 0x00,
    0x00, 0x2F, 0xF0, 0x00, 0x00, 0x00, 0x00, 0xBF, 0xC0, 0x00, 0x00, 0x00, 0x03, 0xFF, 0x00, 0x00,
    0x00, 0x00, 0x0F, 0xFC, 0x00, 0x00, 0x00, 0x00, 0x3F, 0xF0, 0x00, 0x00, 0x00, 0x00, 0xFF, 0xC0,
    0x00, 0x00, 0x00, 0x03, 0xFF, 0x00, 0x00, 0x00, 0x00, 0x0F, 0xFC, 0x00, 0x00, 0x00, 0x00, 0x3F,
    0xF0, 0x00, 0x00, 0x00, 0x00, 0xFF, 0xC0, 0x00, 0x00, 0x00, 0x03, 0xFE, 0x00, 0x00, 0x00, 0x00,
    0x0F, 0xF8, 0x00, 0x00, 0x00, 0x00, 0x3F, 0xF0, 0x00, 0x00, 0x00, 0x00, 0xBF, 0xFF, 0xFF, 0xFF,
    0xC0, 0x00, 0xBF, 0xFF, 0xFF, 0xFF, 0xC0, 0x00, 0xFF, 0xFF, 0xFF, 0xFF, 0x80, 0x00, 0x00, 0x00,
    0x3F, 0x00, 0x3F, 0x80, 0x3F, 0xC0, 0x0F, 0xF0, 0x03, 0xF4, 0x00, 0xA8, 0x00, 0x00, 0x00, 0xBD,
    0x02, 0xFE, 0x0B, 0xFC, 0x1F, 0xF0, 0x3F, 0x80, 0x68, 0x00, 0x00, 0x02, 0xA0, 0x00, 0x00, 0x2F,
    0xF8, 0x00, 0x00, 0xFF, 0xFE, 0x00, 0x03, 0xFC, 0xBF, 0x80, 0x2F, 0xF0, 0x2F, 0xE0, 0x00, 0x00,
    0x00, 0x00, 0x00, 0x00, 0x00, 0x00, 0x02, 0xFF, 0x80, 0x3D, 0x0F, 0xFF, 0xFA, 0xFE, 0x2F, 0xEB,
    0xFF, 0xFC, 0x3F, 0x00, 0xBF, 0xF0, 0x00, 0x00, 0x00, 0x00, 0x2A, 0xAA, 0xAA, 0x00, 0xBF, 0xFF,
    0xFF, 0x00, 0xBF, 0xFF, 0xFF, 0x00, 0x00, 0x00, 0x00, 0x00, 0x00, 0x00, 0x00, 0x00, 0x3F, 0x00,
    0x2F, 0xC0, 0x3F, 0xC0, 0xBF, 0x00, 0x0F, 0xFF, 0xFE, 0x00, 0x0B, 0xFF, 0xF8, 0x00, 0x00, 0xBF,
    0x80, 0x00, 0x0A, 0x00, 0x3F, 0xC0, 0x7F, 0xC0, 0x3F, 0xC0, 0x2F, 0x40, 0x00, 0x00, 0x2E, 0x00,
    0x0B, 0x80, 0x7F, 0xC0, 0x2F, 0xE0, 0xBF, 0xC0, 0x3F, 0xE0, 0x3F, 0x80, 0x2F, 0xD0, 0x1A, 0x00,
    0x0A, 0x80, 0x01, 0xB8, 0x00, 0x0B, 0xFF, 0x80, 0x2F, 0xFF, 0xC0, 0x3F, 0x03, 0xE0, 0x3E, 0x02,
    0xF0, 0x3E, 0x03, 0xF0, 0x3F, 0x8B, 0xE0, 0x0F, 0xFF, 0xC0, 0x03, 0xFF, 0x00, 0x00, 0x00, 0x00,
    0x00, 0x00, 0x00, 0x00, 0x00, 0x2F, 0x02, 0xF0, 0x00, 0xBF, 0x4B, 0xF4, 0x02, 0xFF, 0x2F, 0xF0,
    0x0B, 0xFC, 0xBF, 0x80, 0x2F, 0xE2, 0xFD, 0x00, 0x2A, 0x02, 0xA0, 0x00, 0x00, 0x00, 0x00, 0x00,
    0x3F, 0xC0, 0x3F, 0xC0, 0x0F, 0xF2, 0xFF, 0x00, 0x03, 0xFF, 0xF8, 0x00, 0x00, 0xFF, 0xC0, 0x00,
    0x00, 0x3E, 0x00, 0x00, 0x00, 0x00, 0x00, 0xF8, 0x00, 0xFC, 0x00, 0xBC, 0x00, 0xBC, 0x00, 0xFC,
    0x07, 0xF0, 0xBF, 0xD0, 0x2A, 0x00, 0x00, 0x00, 0x00, 0x00, 0x3C, 0x00, 0x00, 0xF4, 0x00, 0x02,
    0xF8, 0x00, 0x03, 0xFF, 0x80, 0x02, 0x2F, 0xC0, 0x00, 0x0F, 0xC0, 0x3E, 0xBF, 0x00, 0x3F, 0xFD,
    0x00, 0x00, 0x00, 0x00, 0x00, 0x00, 0x07, 0xF8, 0x2F, 0xC0, 0x7F, 0x00, 0xFE, 0x00, 0xFF, 0xA8,
    0xBF, 0xF8, 0x2F, 0xF0, 0x00, 0x00, 0x00, 0x00, 0x60, 0x00, 0x00, 0x00, 0x00, 0x00, 0x00, 0xFE,
    0x00, 0x00, 0x00, 0x00, 0x00, 0x00, 0xFF, 0x80, 0x00, 0x00, 0x00, 0x00, 0x00, 0x3F, 0xE0, 0x00,
    0x00, 0x00, 0x00, 0x00, 0x07, 0xF8, 0x00, 0x00, 0x00, 0x00, 0x00, 0x00, 0xBE, 0x00, 0x00, 0x00,
    0x00, 0x00, 0x00, 0x0F, 0x80, 0x00, 0x00, 0x00, 0x00, 0x00, 0x02, 0x80, 0x00, 0x00, 0x00, 0x00,
    0x00, 0x00, 0x00, 0x00, 0x00, 0x15, 0x55, 0x55, 0x55, 0x55, 0x50, 0x00, 0x2F, 0xFF, 0xFF, 0xFF,
    0xFF, 0xF0, 0x00, 0x02, 0xFF, 0xEA, 0xAA, 0xAF, 0xF0, 0x00, 0x00, 0xFF, 0x80, 0x00, 0x02, 0xF0,
    0x00, 0x00, 0xFF, 0x00, 0x00, 0x00, 0xB0, 0x00, 0x00, 0xFF, 0x00, 0x00, 0x00, 0x30, 0x00, 0x00,
    0xFF, 0x00, 0x00, 0x00, 0x20, 0x00, 0x00, 0xFF, 0x00, 0x00, 0x00, 0x00, 0x00, 0x00, 0xFF, 0x00,
    0x00, 0x00, 0x00, 0x00, 0x00, 0xFF, 0x00, 0x00, 0x03, 0x00, 0x00, 0x00, 0xFF, 0x00, 0x00, 0x03,
    0x00, 0x00, 0x00, 0xFF, 0x00, 0x00, 0x0F, 0x00, 0x00, 0x00, 0xFF, 0x80, 0x01, 0xBF, 0x00, 0x00,
    0x00, 0xFF, 0xFF, 0xFF, 0xFF, 0x00, 0x00, 0x00, 0xFF, 0xAA, 0xAA, 0xFF, 0x00, 0x00, 0x00, 0xFF,
    0x00, 0x00, 0x1F, 0x00, 0x00, 0x00, 0xFF, 0x00, 0x00, 0x0B, 0x00, 0x00, 0x00, 0xFF, 0x00, 0x00,
    0x03, 0x00, 0x00, 0x00, 0xFF, 0x00, 0x00, 0x02, 0x00, 0x00, 0x00, 0xFF, 0x00, 0x00, 0x00, 0x00,
    0x00, 0x00, 0xFF, 0x00, 0x00, 0x00, 0x00, 0x00, 0x00, 0xFF, 0x00, 0x00, 0x00, 0x03, 0x80, 0x00,
    0xFF, 0x00, 0x00, 0x00, 0x0B, 0x00, 0x00, 0xFF, 0x00, 0x00, 0x00, 0x1F, 0x00, 0x00, 0xFF, 0x40,
    0x00, 0x00, 0x3E, 0x00, 0x00, 0xFF, 0x80, 0x00, 0x02, 0xFD, 0x00, 0x0B, 0xFF, 0xFF, 0xFF, 0xFF,
    0xFC, 0x00, 0xBF, 0xFF, 0xFF, 0xFF, 0xFF, 0xFC, 0x00, 0x00, 0x00, 0x68, 0x00, 0x28, 0x00, 0x00,
    0x00, 0x01, 0xFE, 0x00, 0xBF, 0x00, 0x00, 0x00, 0x02, 0xFF, 0x00, 0xFF, 0x80, 0x00, 0x00, 0x02,
    0xFE, 0x00, 0xFF, 0x00, 0x00, 0x00, 0x00, 0xB8, 0x00, 0x2E, 0x00, 0x00, 0x00, 0x00, 0x00, 0x00,
    0x00, 0x00, 0x00, 0x00, 0x00, 0x00, 0x00, 0x00, 0x00, 0x00, 0x15, 0x55, 0x55, 0x55, 0x55, 0x55,
    0x00, 0x2F, 0xFF, 0xFF, 0xFF, 0xFF, 0xFF, 0x00, 0x00, 0xFF, 0xFA, 0xAA, 0xAA, 0xBF, 0x00, 0x00,
    0xBF, 0xC0, 0x00, 0x00, 0x0F, 0x40, 0x00, 0x3F, 0xC0, 0x00, 0x00, 0x03, 0x80, 0x00, 0x3F, 0xC0,
    0x00, 0x00, 0x02, 0x80, 0x00, 0x3F, 0xC0, 0x00, 0x00, 0x00, 0x00, 0x00, 0x3F, 0xC0, 0x00, 0x00,
    0x00, 0x00, 0x00, 0x3F, 0xC0, 0x00, 0x00, 0x00, 0x00, 0x00, 0x3F, 0xC0, 0x00, 0x00, 0x30, 0x00,
    0x00, 0x3F, 0xC0, 0x00, 0x00, 0x30, 0x00, 0x00, 0x3F, 0xC0, 0x00, 0x00, 0xF0, 0x00, 0x00, 0x3F,
    0xE5, 0x55, 0x6B, 0xF0, 0x00, 0x00, 0x3F, 0xFF, 0xFF, 0xFF, 0xF0, 0x00, 0x00, 0x3F, 0xEA, 0xAA,
    0xAB, 0xF0, 0x00, 0x00, 0x3F, 0xC0, 0x00, 0x00, 0xF0, 0x00, 0x00, 0x3F, 0xC0, 0x00, 0x00, 0x30,
    0x00, 0x00, 0x3F, 0xC0, 0x00, 0x00, 0x30, 0x00, 0x00, 0x3F, 0xC0, 0x00, 0x00, 0x00, 0x00, 0x00,
    0x3F, 0xC0, 0x00, 0x00, 0x00, 0x00, 0x00, 0x3F, 0xC0, 0x00, 0x00, 0x00, 0x00, 0x00, 0x3F, 0xC0,
    0x00, 0x00, 0x00, 0x0C, 0x00, 0x3F, 0xC0, 0x00, 0x00, 0x00, 0x38, 0x00, 0x3F, 0xC0, 0x00, 0x00,
    0x00, 0xB0, 0x00, 0x7F, 0xC0, 0x00, 0x00, 0x02, 0xF0, 0x00, 0xBF, 0xE0, 0x00, 0x00, 0x0F, 0xE0,
    0x02, 0xFF, 0xFF, 0xFF, 0xFF, 0xFF, 0xC0, 0xBF, 0xFF, 0xFF, 0xFF, 0xFF, 0xFF, 0xC0, 0x15, 0x55,
    0x55, 0x55, 0x55, 0x55, 0x00, 0x00, 0x3F, 0xFF, 0xFF, 0xFF, 0xFF, 0xFF, 0xC0, 0x00, 0x3F, 0x90,
    0x1F, 0xFD, 0x01, 0xBF, 0xC0, 0x00, 0x3C, 0x00, 0x0B, 0xF8, 0x00, 0x0B, 0xC0, 0x00, 0x34, 0x00,
    0x0B, 0xF8, 0x00, 0x03, 0xC0, 0x00, 0x70, 0x00, 0x0B, 0xF8, 0x00, 0x00, 0xC0, 0x00, 0xA0, 0x00,
    0x0B, 0xF8, 0x00, 0x00, 0xC0, 0x00, 0x00, 0x00, 0x0B, 0xF8, 0x00, 0x00, 0x80, 0x00, 0x00, 0x00,
    0x0B, 0xF8, 0x00, 0x00, 0x00, 0x00, 0x00, 0x00, 0x0B, 0xF8, 0x00, 0x00, 0x00, 0x00, 0x00, 0x00,
    0x0B, 0xF8, 0x00, 0x00, 0x00, 0x00, 0x00, 0x00, 0x0B, 0xF8, 0x00, 0xA8, 0x00, 0x00, 0x00, 0x00,
    0x0B, 0xF8, 0xBF, 0xFF, 0xF4, 0x00, 0x00, 0x00, 0x0B, 0xFF, 0xE9, 0x1B, 0xFF, 0x00, 0x00, 0x00,
    0x0B, 0xFC, 0x00, 0x00, 0xFF, 0xC0, 0x00, 0x00, 0x0B, 0xF8, 0x00, 0x00, 0x3F, 0xE0, 0x00, 0x00,
    0x0B, 0xF8, 0x00, 0x00, 0x2F, 0xF0, 0x00, 0x00, 0x0B, 0xF8, 0x00, 0x00, 0x0F, 0xF4, 0x00, 0x00,
    0x0B, 0xF8, 0x00, 0x00, 0x0F, 0xF8, 0x00, 0x00, 0x0B, 0xF8, 0x00, 0x00, 0x0F, 0xF8, 0x00, 0x00,
    0x0B, 0xF8, 0x00, 0x00, 0x0F, 0xF8, 0x00, 0x00, 0x0B, 0xF8, 0x00, 0x00, 0x0F, 0xF8, 0x00, 0x00,
    0x0B, 0xF8, 0x00, 0x10, 0x0F, 0xF8, 0x00, 0x00, 0x0B, 0xF8, 0x02, 0xFC, 0x0F, 0xF0, 0x00, 0x00,
    0x0B, 0xF8, 0x03, 0xFC, 0x0F, 0xF0, 0x00, 0x00, 0x0F, 0xFC, 0x03, 0xFC, 0x2F, 0xD0, 0x00, 0x00,
    0x3F, 0xFF, 0x02, 0xF8, 0x7F, 0x80, 0x00, 0x03, 0xFF, 0xFF, 0xF0, 0xBF, 0xFD, 0x00, 0x00, 0x00,
    0x00, 0x00, 0x00, 0x06, 0x80, 0x00, 0x00, 0x00, 0x00, 0x02, 0x00, 0x00, 0x00, 0x00, 0x00, 0x0F,
    0xC0, 0x00, 0x00, 0x00, 0x00, 0x3F, 0xC0, 0x00, 0x00, 0x00, 0x00, 0xFF, 0x00, 0x00, 0x00, 0x00,
    0x03, 0xF8, 0x00, 0x00, 0x00, 0x00, 0x0F, 0x80, 0x00, 0x00, 0x00, 0x00, 0x3C, 0x00, 0x00, 0x00,
    0x00, 0x00, 0x50, 0x00, 0x00, 0x00, 0x00, 0x00, 0x00, 0x00, 0x00, 0x00, 0x15, 0x55, 0x55, 0x55,
    0x55, 0x50, 0x2F, 0xFF, 0xFF, 0xFF, 0xFF, 0xF0, 0x02, 0xFF, 0xEA, 0xAA, 0xAF, 0xF0, 0x00, 0xFF,
    0x80, 0x00, 0x02, 0xF0, 0x00, 0xFF, 0x00, 0x00, 0x00, 0xF0, 0x00, 0xFF, 0x00, 0x00, 0x00, 0x70,
    0x00, 0xFF, 0x00, 0x00, 0x00, 0x30, 0x00, 0xFF, 0x00, 0x00, 0x00, 0x20, 0x00, 0xFF, 0x00, 0x00,
    0x00, 0x00, 0x00, 0xFF, 0x00, 0x00, 0x00, 0x00, 0x00, 0xFF, 0x00, 0x00, 0x00, 0x00, 0x00, 0xFF,
    0x00, 0x00, 0x00, 0x00, 0x00, 0xFF, 0x00, 0x00, 0x00, 0x00, 0x00, 0xFF, 0x00, 0x00, 0x00, 0x00,
    0x00, 0xFF, 0x00, 0x00, 0x00, 0x00, 0x00, 0xFF, 0x00, 0x00, 0x00, 0x00, 0x00, 0xFF, 0x00, 0x00,
    0x00, 0x00, 0x00, 0xFF, 0x00, 0x00, 0x00, 0x00, 0x00, 0xFF, 0x00, 0x00, 0x00, 0x00, 0x00, 0xFF,
    0x00, 0x00, 0x00, 0x00, 0x00, 0xFF, 0x00, 0x00, 0x00, 0x00, 0x00, 0xFF, 0x00, 0x00, 0x00, 0x00,
    0x00, 0xFF, 0x00, 0x00, 0x00, 0x00, 0x00, 0xFF, 0x00, 0x00, 0x00, 0x00, 0x00, 0xFF, 0x40, 0x00,
    0x00, 0x00, 0x00, 0xFF, 0x80, 0x00, 0x00, 0x00, 0x0B, 0xFF, 0xE0, 0x00, 0x00, 0x00, 0xBF, 0xFF,
    0xFF, 0x80, 0x00, 0x00, 0x00, 0x00, 0x0A, 0xFF, 0xA0, 0x03, 0x00, 0x00, 0x01, 0xFF, 0xFF, 0xFF,
    0xAF, 0x40, 0x00, 0x0F, 0xFE, 0x00, 0x1F, 0xFF, 0x80, 0x00, 0x3F, 0xE0, 0x00, 0x00, 0xFF, 0x80,
    0x00, 0xFF, 0x80, 0x00, 0x00, 0x3F, 0x80, 0x03, 0xFE, 0x00, 0x00, 0x00, 0x0F, 0x80, 0x0B, 0xFC,
    0x00, 0x00, 0x00, 0x0B, 0x80, 0x0F, 0xF8, 0x00, 0x00, 0x00, 0x03, 0x80, 0x2F, 0xF0, 0x00, 0x00,
    0x00, 0x03, 0x80, 0x3F, 0xF0, 0x00, 0x00, 0x00, 0x00, 0x00, 0x3F, 0xE0, 0x00, 0x00, 0x00, 0x00,
    0x00, 0xBF, 0xD0, 0x00, 0x00, 0x00, 0x00, 0x00, 0xBF, 0xE5, 0x55, 0x55, 0x00, 0x00, 0x00, 0xBF,
    0xFF, 0xFF, 0xFF, 0xC0, 0x00, 0x00, 0xBF, 0xFA, 0xAA, 0xAA, 0x80, 0x00, 0x00, 0xBF, 0xC0, 0x00,
    0x00, 0x00, 0x00, 0x00, 0xBF, 0xC0, 0x00, 0x00, 0x00, 0x00, 0x00, 0xBF, 0xE0, 0x00, 0x00, 0x00,
    0x00, 0x00, 0x3F, 0xE0, 0x00, 0x00, 0x00, 0x00, 0x00, 0x3F, 0xF0, 0x00, 0x00, 0x00, 0x00, 0x00,
    0x2F, 0xF4, 0x00, 0x00, 0x00, 0x00, 0x00, 0x0F, 0xFC, 0x00, 0x00, 0x00, 0x00, 0x00, 0x0B, 0xFE,
    0x00, 0x00, 0x00, 0x00, 0x80, 0x03, 0xFF, 0x00, 0x00, 0x00, 0x03, 0xC0, 0x00, 0xFF, 0xC0, 0x00,
    0x00, 0x1F, 0x00, 0x00, 0x3F, 0xF8, 0x00, 0x00, 0xFC, 0x00, 0x00, 0x0B, 0xFF, 0xEA, 0xAF, 0xD0,
    0x00, 0x00, 0x00, 0xBF, 0xFF, 0xFE, 0x00, 0x00, 0x00, 0x00, 0x00, 0x69, 0x00, 0x00, 0x00, 0x00,
    0x0B, 0xFE, 0x00, 0xE0, 0x00, 0xBF, 0xFF, 0xFB, 0xE0, 0x02, 0xFE, 0x00, 0xBF, 0xE0, 0x03, 0xF0,
    0x00, 0x0F, 0xF0, 0x0F, 0xF0, 0x00, 0x03, 0xF0, 0x0F, 0xE0, 0x00, 0x02, 0xF0, 0x0F, 0xE0, 0x00,
    0x00, 0xF0, 0x0F, 0xF0, 0x00, 0x00, 0xB0, 0x0F, 0xFC, 0x00, 0x00, 0x30, 0x0B, 0xFF, 0x00, 0x00,
    0x00, 0x03, 0xFF, 0xE0, 0x00, 0x00, 0x02, 0xFF, 0xFC, 0x00, 0x00, 0x00, 0xBF, 0xFF, 0x80, 0x00,
    0x00, 0x0F, 0xFF, 0xF4, 0x00, 0x00, 0x02, 0xFF, 0xFE, 0x00, 0x00, 0x00, 0x3F, 0xFF, 0xC0, 0x00,
    0x00, 0x0B, 0xFF, 0xF0, 0x00, 0x00, 0x00, 0xFF, 0xF8, 0x00, 0x00, 0x00, 0x3F, 0xFC, 0x20, 0x00,
    0x00, 0x0F, 0xFC, 0x30, 0x00, 0x00, 0x0B, 0xFC, 0x38, 0x00, 0x00, 0x03, 0xFC, 0x3C, 0x00, 0x00,
    0x03, 0xFC, 0x3F, 0x00, 0x00, 0x03, 0xFC, 0x2F, 0xC0, 0x00, 0x0F, 0xF0, 0x2F, 0xF0, 0x00, 0x2F,
    0xE0, 0x1F, 0xFE, 0x42, 0xFF, 0x80, 0x0E, 0x2F, 0xFF, 0xFC, 0x00, 0x08, 0x00, 0x1A, 0x00, 0x00,
    0x15, 0x55, 0x55, 0x40, 0x2F, 0xFF, 0xFF, 0x80, 0x00, 0xFF, 0xF0, 0x00, 0x00, 0xBF, 0xC0, 0x00,
    0x00, 0x3F, 0xC0, 0x00, 0x00, 0x3F, 0xC0, 0x00, 0x00, 0x3F, 0xC0, 0x00, 0x00, 0x3F, 0xC0, 0x00,
    0x00, 0x3F, 0xC0, 0x00, 0x00, 0x3F, 0xC0, 0x00, 0x00, 0x3F, 0xC0, 0x00, 0x00, 0x3F, 0xC0, 0x00,
    0x00, 0x3F, 0xC0, 0x00, 0x00, 0x3F, 0xC0, 0x00, 0x00, 0x3F, 0xC0, 0x00, 0x00, 0x3F, 0xC0, 0x00,
    0x00, 0x3F, 0xC0, 0x00, 0x00, 0x3F, 0xC0, 0x00, 0x00, 0x3F, 0xC0, 0x00, 0x00, 0x3F, 0xC0, 0x00,
    0x00, 0x3F, 0xC0, 0x00, 0x00, 0x3F, 0xC0, 0x00, 0x00, 0x3F, 0xC0, 0x00, 0x00, 0x3F, 0xC0, 0x00,
    0x00, 0x3F, 0xC0, 0x00, 0x00, 0xBF, 0xD0, 0x00, 0x02, 0xFF, 0xF8, 0x00, 0x3F, 0xFF, 0xFF, 0xC0,
    0x0A, 0x00, 0x1A, 0x00, 0x3F, 0xC0, 0x3F, 0x80, 0x3F, 0xC0, 0x3F, 0xC0, 0x3F, 0x80, 0x3F, 0x80,
    0x00, 0x00, 0x00, 0x00, 0x00, 0x00, 0x00, 0x00, 0x15, 0x55, 0x55, 0x40, 0x2F, 0xFF, 0xFF, 0x80,
    0x00, 0xFF, 0xF0, 0x00, 0x00, 0xBF, 0xC0, 0x00, 0x00, 0x3F, 0xC0, 0x00, 0x00, 0x3F, 0xC0, 0x00,
    0x00, 0x3F, 0xC0, 0x00, 0x00, 0x3F, 0xC0, 0x00, 0x00, 0x3F, 0xC0, 0x00, 0x00, 0x3F, 0xC0, 0x00,
    0x00, 0x3F, 0xC0, 0x00, 0x00, 0x3F, 0xC0, 0x00, 0x00, 0x3F, 0xC0, 0x00, 0x00, 0x3F, 0xC0, 0x00,
    0x00, 0x3F, 0xC0, 0x00, 0x00, 0x3F, 0xC0, 0x00, 0x00, 0x3F, 0xC0, 0x00, 0x00, 0x3F, 0xC0, 0x00,
    0x00, 0x3F, 0xC0, 0x00, 0x00, 0x3F, 0xC0, 0x00, 0x00, 0x3F, 0xC0, 0x00, 0x00, 0x3F, 0xC0, 0x00,
    0x00, 0x3F, 0xC0, 0x00, 0x00, 0x3F, 0xC0, 0x00, 0x00, 0x3F, 0xC0, 0x00, 0x00, 0xBF, 0xD0, 0x00,
    0x02, 0xFF, 0xF8, 0x00, 0x3F, 0xFF, 0xFF, 0xC0, 0x00, 0x55, 0x55, 0x54, 0x02, 0xBF, 0xFF, 0xF8,
    0x00, 0x0B, 0xFF, 0x00, 0x00, 0x03, 0xFE, 0x00, 0x00, 0x03, 0xFE, 0x00, 0x00, 0x03, 0xFE, 0x00,
    0x00, 0x03, 0xFE, 0x00, 0x00, 0x03, 0xFE, 0x00, 0x00, 0x03, 0xFE, 0x00, 0x00, 0x03, 0xFE, 0x00,
    0x00, 0x03, 0xFE, 0x00, 0x00, 0x03, 0xFE, 0x00, 0x00, 0x03, 0xFE, 0x00, 0x00, 0x03, 0xFE, 0x00,
    0x00, 0x03, 0xFE, 0x00, 0x00, 0x03, 0xFE, 0x00, 0x00, 0x03, 0xFE, 0x00, 0x00, 0x03, 0xFE, 0x00,
    0x00, 0x03, 0xFE, 0x00, 0x00, 0x03, 0xFE, 0x00, 0x00, 0x03, 0xFD, 0x00, 0x00, 0x03, 0xFC, 0x00,
    0x00, 0x03, 0xFC, 0x00, 0x29, 0x03, 0xFC, 0x00, 0xBF, 0x03, 0xF8, 0x00, 0xBF, 0x83, 0xF0, 0x00,
    0x7F, 0xDF, 0xC0, 0x00, 0x2F, 0xFF, 0x00, 0x00, 0x01, 0xA0, 0x00, 0x00, 0x00, 0x55, 0x55, 0x55,
    0x55, 0x55, 0x50, 0x00, 0x00, 0x00, 0x00, 0xAF, 0xFF, 0xFF, 0xFF, 0xFF, 0xE0, 0x00, 0x00, 0x00,
    0x00, 0x03, 0xFE, 0x40, 0x7F, 0xFE, 0x00, 0x00, 0x00, 0x00, 0x00, 0x02, 0xF8, 0x00, 0x0F, 0xFC,
    0x00, 0x00, 0x00, 0x00, 0x00, 0x00, 0xF0, 0x00, 0x0B, 0xF8, 0x00, 0x00, 0x00, 0x00, 0x00, 0x00,
    0xF0, 0x00, 0x0B, 0xF8, 0x00, 0x00, 0x00, 0x00, 0x00, 0x00, 0xF0, 0x00, 0x0B, 0xF8, 0x00, 0x00,
    0x00, 0x00, 0x00, 0x00, 0xF0, 0x00, 0x0B, 0xF8, 0x00, 0x00, 0x00, 0x00, 0x00, 0x00, 0xF0, 0x00,
    0x0B, 0xF8, 0x00, 0x00, 0x00, 0x00, 0x00, 0x00, 0xF0, 0x00, 0x0B, 0xF8, 0x00, 0x00, 0x00, 0x00,
    0x00, 0x00, 0xF0, 0x00, 0x0B, 0xF8, 0x00, 0x00, 0x00, 0x00, 0x00, 0x00, 0xF0, 0x00, 0x0B, 0xF8,
    0x00, 0x00, 0x00, 0x00, 0x00, 0x00, 0xF0, 0x00, 0x0B, 0xFD, 0x54, 0x00, 0x00, 0x00, 0x00, 0x00,
    0xF0, 0x00, 0x0B, 0xFF, 0xFF, 0xFF, 0x80, 0x00, 0x00, 0x00, 0xF0, 0x00, 0x0B, 0xFC, 0x2B, 0xFF,
    0xF4, 0x00, 0x00, 0x00, 0xF0, 0x00, 0x0B, 0xF8, 0x00, 0x2F, 0xFE, 0x00, 0x00, 0x00, 0xF0, 0x00,
    0x0B, 0xF8, 0x00, 0x03, 0xFF, 0x00, 0x00, 0x00, 0xF0, 0x00, 0x0B, 0xF8, 0x00, 0x00, 0xFF, 0x80,
    0x00, 0x00, 0xF0, 0x00, 0x0B, 0xF8, 0x00, 0x00, 0xFF, 0xC0, 0x00, 0x00, 0xE0, 0x00, 0x0B, 0xF8,
    0x00, 0x00, 0xBF, 0xC0, 0x00, 0x00, 0xE0, 0x00, 0x0B, 0xF8, 0x00, 0x00, 0xBF, 0xC0, 0x00, 0x00,
    0xE0, 0x00, 0x0B, 0xF8, 0x00, 0x00, 0xBF, 0xC0, 0x00, 0x02, 0xC0, 0x00, 0x0B, 0xF8, 0x00, 0x00,
    0xFF, 0xC0, 0x3F, 0x02, 0xC0, 0x00, 0x0B, 0xF8, 0x00, 0x02, 0xFF, 0x40, 0xBF, 0xC3, 0xC0, 0x00,
    0x0B, 0xF8, 0x00, 0x03, 0xFF, 0x00, 0xBF, 0xC3, 0x80, 0x00, 0x0F, 0xFC, 0x00, 0x2F, 0xFC, 0x00,
    0x3F, 0xFF, 0x00, 0x00, 0x7F, 0xFF, 0xFF, 0xFF, 0xE0, 0x00, 0x2F, 0xFD, 0x00, 0x0B, 0xFF, 0xFF,
    0xFF, 0xFA, 0x00, 0x00, 0x01, 0x90, 0x00, 0x00, 0x00, 0x00, 0x00, 0x00, 0x00, 0x00, 0x15, 0x55,
    0x55, 0x00, 0x55, 0x55, 0x54, 0x00, 0x00, 0x00, 0x2F, 0xFF, 0xFE, 0x00, 0xBF, 0xFF, 0xF8, 0x00,
    0x00, 0x00, 0x01, 0xFF, 0xE0, 0x00, 0x0B, 0xFF, 0x00, 0x00, 0x00, 0x00, 0x00, 0xFF, 0xC0, 0x00,
    0x03, 0xFE, 0x00, 0x00, 0x00, 0x00, 0x00, 0xBF, 0x80, 0x00, 0x03, 0xFE, 0x00, 0x00, 0x00, 0x00,
    0x00, 0xBF, 0x80, 0x00, 0x03, 0xFE, 0x00, 0x00, 0x00, 0x00, 0x00, 0xBF, 0x80, 0x00, 0x03, 0xFE,
    0x00, 0x00, 0x00, 0x00, 0x00, 0xBF, 0x80, 0x00, 0x03, 0xFE, 0x00, 0x00, 0x00, 0x00, 0x00, 0xBF,
    0x80, 0x00, 0x03, 0xFE, 0x00, 0x00, 0x00, 0x00, 0x00, 0xBF, 0x80, 0x00, 0x03, 0xFE, 0x00, 0x00,
    0x00, 0x00, 0x00, 0xBF, 0x80, 0x00, 0x03, 0xFE, 0x00, 0x00, 0x00, 0x00, 0x00, 0xBF, 0x80, 0x00,
    0x03, 0xFE, 0x00, 0x00, 0x00, 0x00, 0x00, 0xBF, 0x80, 0x00, 0x03, 0xFE, 0x00, 0x00, 0x00, 0x00,
    0x00, 0xBF, 0xFF, 0xFF, 0xFF, 0xFF, 0xFF, 0xE8, 0x00, 0x00, 0x00, 0xBF, 0xFF, 0xFF, 0xFF, 0xFF,
    0xFF, 0xFF, 0xE0, 0x00, 0x00, 0xBF, 0x80, 0x00, 0x03, 0xFE, 0x00, 0x2F, 0xFC, 0x00, 0x00, 0xBF,
    0x80, 0x00, 0x03, 0xFE, 0x00, 0x03, 0xFE, 0x00, 0x00, 0xBF, 0x80, 0x00, 0x03, 0xFE, 0x00, 0x02,
    0xFF, 0x00, 0x00, 0xBF, 0x80, 0x00, 0x03, 0xFE, 0x00, 0x00, 0xFF, 0x80, 0x00, 0xBF, 0x80, 0x00,
    0x03, 0xFE, 0x00, 0x00, 0xFF, 0xC0, 0x00, 0xBF, 0x80, 0x00, 0x03, 0xFE, 0x00, 0x00, 0xFF, 0xC0,
    0x00, 0xBF, 0x80, 0x00, 0x03, 0xFE, 0x00, 0x00, 0xFF, 0xC0, 0x00, 0xBF, 0x80, 0x00, 0x03, 0xFE,
    0x00, 0x00, 0xFF, 0x80, 0x00, 0xBF, 0x80, 0x00, 0x03, 0xFE, 0x00, 0x02, 0xFF, 0x00, 0x00, 0xBF,
    0x80, 0x00, 0x03, 0xFE, 0x00, 0x03, 0xFE, 0x00, 0x00, 0xFF, 0xC0, 0x00, 0x03, 0xFE, 0x00, 0x2F,
    0xFC, 0x00, 0x03, 0xFF, 0xF0, 0x00, 0x1F, 0xFF, 0xEB, 0xFF, 0xE0, 0x00, 0x3F, 0xFF, 0xFF, 0x01,
    0xFF, 0xFF, 0xFF, 0xF9, 0x00, 0x00, 0x15, 0x55, 0x55, 0x55, 0x55, 0x55, 0x00, 0x00, 0x00, 0x3F,
    0xFF, 0xFF, 0xFF, 0xFF, 0xFF, 0xC0, 0x00, 0x00, 0x3F, 0x90, 0x1F, 0xFD, 0x01, 0xBF, 0xC0, 0x00,
    0x00, 0x3C, 0x00, 0x0B, 0xF8, 0x00, 0x0B, 0xC0, 0x00, 0x00, 0x34, 0x00, 0x0B, 0xF8, 0x00, 0x03,
    0xC0, 0x00, 0x00, 0x70, 0x00, 0x0B, 0xF8, 0x00, 0x00, 0xC0, 0x00, 0x00, 0xA0, 0x00, 0x0B, 0xF8,
    0x00, 0x00, 0xC0, 0x00, 0x00, 0x00, 0x00, 0x0B, 0xF8, 0x00, 0x00, 0x80, 0x00, 0x00, 0x00, 0x00,
    0x0B, 0xF8, 0x00, 0x00, 0x00, 0x00, 0x00, 0x00, 0x00, 0x0B, 0xF8, 0x00, 0x00, 0x00, 0x00, 0x00,
    0x00, 0x00, 0x0B, 0xF8, 0x00, 0x00, 0x00, 0x00, 0x00, 0x00, 0x00, 0x0B, 0xF8, 0x00, 0x00, 0x00,
    0x00, 0x00, 0x00, 0x00, 0x0B, 0xF8, 0x0A, 0xFF, 0xE4, 0x00, 0x00, 0x00, 0x00, 0x0B, 0xFE, 0xFF,
    0xFF, 0xFF, 0x00, 0x00, 0x00, 0x00, 0x0B, 0xFF, 0x80, 0x01, 0xFF, 0xC0, 0x00, 0x00, 0x00, 0x0B,
    0xF8, 0x00, 0x00, 0x3F, 0xF0, 0x00, 0x00, 0x00, 0x0B, 0xF8, 0x00, 0x00, 0x2F, 0xF0, 0x00, 0x00,
    0x00, 0x0B, 0xF8, 0x00, 0x00, 0x0F, 0xF0, 0x00, 0x00, 0x00, 0x0B, 0xF8, 0x00, 0x00, 0x0F, 0xF0,
    0x00, 0x00, 0x00, 0x0B, 0xF8, 0x00, 0x00, 0x0F, 0xF0, 0x00, 0x00, 0x00, 0x0B, 0xF8, 0x00, 0x00,
    0x0F, 0xF0, 0x00, 0x00, 0x00, 0x0B, 0xF8, 0x00, 0x00, 0x0F, 0xF0, 0x00, 0x00, 0x00, 0x0B, 0xF8,
    0x00, 0x00, 0x0F, 0xF0, 0x00, 0x00, 0x00, 0x0B, 0xF8, 0x00, 0x00, 0x0F, 0xF0, 0x00, 0x00, 0x00,
    0x0B, 0xF8, 0x00, 0x00, 0x0F, 0xF4, 0x00, 0x00, 0x00, 0x0F, 0xFC, 0x00, 0x00, 0x2F, 0xF8, 0x00,
    0x00, 0x00, 0x3F, 0xFF, 0x00, 0x00, 0x7F, 0xFE, 0x00, 0x00, 0x03, 0xFF, 0xFF, 0xF0, 0x03, 0xFF,
    0xFF, 0xF0, 0x00, 0x00, 0x00, 0x00, 0x01, 0x00, 0x00, 0x00, 0x00, 0x00, 0x00, 0x00, 0x0F, 0xC0,
    0x00, 0x00, 0x00, 0x00, 0x00, 0x00, 0x3F, 0xC0, 0x00, 0x00, 0x00, 0x00, 0x00, 0x00, 0xFF, 0x00,
    0x00, 0x00, 0x00, 0x00, 0x00, 0x03, 0xF8, 0x00, 0x00, 0x00, 0x00, 0x00, 0x00, 0x0F, 0xC0, 0x00,
    0x00, 0x00, 0x00, 0x00, 0x00, 0x3D, 0x00, 0x00, 0x00, 0x00, 0x00, 0x00, 0x00, 0x10, 0x00, 0x00,
    0x00, 0x00, 0x00, 0x00, 0x00, 0x00, 0x00, 0x00, 0x00, 0x00, 0x15, 0x55, 0x55, 0x40, 0x05, 0x55,
    0x55, 0x00, 0x2F, 0xFF, 0xFF, 0x90, 0x2B, 0xFF, 0xFE, 0x00, 0x00, 0xFF, 0xF0, 0x00, 0x00, 0xFF,
    0x80, 0x00, 0x00, 0x3F, 0xE0, 0x00, 0x00, 0xFC, 0x00, 0x00, 0x00, 0x3F, 0xE0, 0x00, 0x03, 0xF0,
    0x00, 0x00, 0x00, 0x3F, 0xE0, 0x00, 0x0F, 0xC0, 0x00, 0x00, 0x00, 0x3F, 0xE0, 0x00, 0x3F, 0x00,
    0x00, 0x00, 0x00, 0x3F, 0xE0, 0x00, 0xFC, 0x00, 0x00, 0x00, 0x00, 0x3F, 0xE0, 0x03, 0xF0, 0x00,
    0x00, 0x00, 0x00, 0x3F, 0xE0, 0x0F, 0xC0, 0x00, 0x00, 0x00, 0x00, 0x3F, 0xE0, 0x3F, 0x00, 0x00,
    0x00, 0x00, 0x00, 0x3F, 0xE0, 0xFC, 0x00, 0x00, 0x00, 0x00, 0x00, 0x3F, 0xE3, 0xF0, 0x00, 0x00,
    0x00, 0x00, 0x00, 0x3F, 0xEF, 0xFC, 0x00, 0x00, 0x00, 0x00, 0x00, 0x3F, 0xFF, 0xFF, 0x00, 0x00,
    0x00, 0x00, 0x00, 0x3F, 0xEB, 0xFF, 0xC0, 0x00, 0x00, 0x00, 0x00, 0x3F, 0xE2, 0xFF, 0xF0, 0x00,
    0x00, 0x00, 0x00, 0x3F, 0xE0, 0xBF, 0xFC, 0x00, 0x00, 0x00, 0x00, 0x3F, 0xE0, 0x2F, 0xFF, 0x00,
    0x00, 0x00, 0x00, 0x3F, 0xE0, 0x0B, 0xFF, 0xC0, 0x00, 0x00, 0x00, 0x3F, 0xE0, 0x02, 0xFF, 0xF0,
    0x00, 0x00, 0x00, 0x3F, 0xE0, 0x00, 0xBF, 0xFC, 0x00, 0x00, 0x00, 0x3F, 0xE0, 0x00, 0x2F, 0xFF,
    0x00, 0x00, 0x00, 0x3F, 0xE0, 0x00, 0x0B, 0xFF, 0xC0, 0x00, 0x00, 0x3F, 0xE0, 0x00, 0x02, 0xFF,
    0xF0, 0x00, 0x00, 0xBF, 0xF0, 0x00, 0x00, 0xBF, 0xFC, 0x00, 0x02, 0xFF, 0xF8, 0x00, 0x00, 0xBF,
    0xFF, 0x80, 0x3F, 0xFF, 0xFF, 0xE0, 0x2F, 0xFF, 0xFF, 0xF0, 0x00, 0x00, 0x00, 0x00, 0x00, 0x00,
    0x00, 0x00, 0x00, 0x00, 0x07, 0xF0, 0x00, 0x00, 0x00, 0x00, 0x00, 0x00, 0x03, 0xFC, 0x00, 0x00,
    0x00, 0x00, 0x00, 0x00, 0x02, 0xFF, 0x00, 0x00, 0x00, 0x00, 0x00, 0x00, 0x00, 0x3F, 0xC0, 0x00,
    0x00, 0x00, 0x00, 0x00, 0x00, 0x0B, 0xF0, 0x00, 0x00, 0x00, 0x00, 0x00, 0x00, 0x00, 0xFC, 0x00,
    0x00, 0x00, 0x00, 0x00, 0x00, 0x00, 0x1A, 0x00, 0x00, 0x00, 0x00, 0x00, 0x00, 0x00, 0x00, 0x00,
    0x00, 0x00, 0x00, 0x00, 0x00, 0x00, 0x00, 0x00, 0x00, 0x00, 0x00, 0x00, 0x00, 0x00, 0x00, 0x00,
    0x00, 0x00, 0x15, 0x55, 0x55, 0x00, 0x01, 0x55, 0x55, 0x40, 0x2F, 0xFF, 0xFE, 0x00, 0x0B, 0xFF,
    0xFF, 0x90, 0x01, 0xFF, 0xE0, 0x00, 0x00, 0x3F, 0xF8, 0x00, 0x00, 0xFF, 0xC0, 0x00, 0x00, 0x2F,
    0xF0, 0x00, 0x00, 0xBF, 0x80, 0x00, 0x00, 0x3F, 0xF0, 0x00, 0x00, 0xBF, 0x80, 0x00, 0x00, 0xBF,
    0xF0, 0x00, 0x00, 0xBF, 0x80, 0x00, 0x01, 0xFF, 0xF0, 0x00, 0x00, 0xBF, 0x80, 0x00, 0x03, 0xFF,
    0xF0, 0x00, 0x00, 0xBF, 0x80, 0x00, 0x0F, 0x8F, 0xF0, 0x00, 0x00, 0xBF, 0x80, 0x00, 0x3F, 0x0F,
    0xF0, 0x00, 0x00, 0xBF, 0x80, 0x00, 0xBC, 0x0F, 0xF0, 0x00, 0x00, 0xBF, 0x80, 0x01, 0xF0, 0x0F,
    0xF0, 0x00, 0x00, 0xBF, 0x80, 0x03, 0xE0, 0x0F, 0xF0, 0x00, 0x00, 0xBF, 0x80, 0x0F, 0x80, 0x0F,
    0xF0, 0x00, 0x00, 0xBF, 0x80, 0x2F, 0x00, 0x0F, 0xF0, 0x00, 0x00, 0xBF, 0x80, 0xBC, 0x00, 0x0F,
    0xF0, 0x00, 0x00, 0xBF, 0x80, 0xF0, 0x00, 0x0F, 0xF0, 0x00, 0x00, 0xBF, 0x83, 0xE0, 0x00, 0x0F,
    0xF0, 0x00, 0x00, 0xBF, 0x8F, 0x80, 0x00, 0x0F, 0xF0, 0x00, 0x00, 0xBF, 0xAF, 0x00, 0x00, 0x0F,
    0xF0, 0x00, 0x00, 0xBF, 0xFC, 0x00, 0x00, 0x0F, 0xF0, 0x00, 0x00, 0xBF, 0xF0, 0x00, 0x00, 0x0F,
    0xF0, 0x00, 0x00, 0xBF, 0xE0, 0x00, 0x00, 0x0F, 0xF0, 0x00, 0x00, 0xBF, 0xC0, 0x00, 0x00, 0x0F,
    0xF0, 0x00, 0x00, 0xBF, 0x80, 0x00, 0x00, 0x0F, 0xF0, 0x00, 0x00, 0xFF, 0xC0, 0x00, 0x00, 0x2F,
    0xF0, 0x00, 0x03, 0xFF, 0xF0, 0x00, 0x00, 0xBF, 0xFE, 0x00, 0x3F, 0xFF, 0xFF, 0x00, 0x0F, 0xFF,
    0xFF, 0xE0, 0x00, 0x00, 0x00, 0x00, 0x00, 0x00, 0x00, 0x00, 0x00, 0x00, 0x00, 0xF0, 0x0B, 0x80,
    0x00, 0x00, 0x00, 0x00, 0x00, 0xF0, 0x0B, 0xC0, 0x00, 0x00, 0x00, 0x00, 0x02, 0xC0, 0x00, 0xC0,
    0x00, 0x00, 0x00, 0x00, 0x00, 0xE0, 0x02, 0xC0, 0x00, 0x00, 0x00, 0x00, 0x00, 0xFF, 0xFF, 0x80,
    0x00, 0x00, 0x00, 0x00, 0x00, 0x2F, 0xFE, 0x00, 0x00, 0x00, 0x00, 0x00, 0x00, 0x00, 0x40, 0x00,
    0x00, 0x00, 0x00, 0x00, 0x00, 0x00, 0x00, 0x00, 0x00, 0x00, 0x15, 0x55, 0x55, 0x40, 0x00, 0x05,
    0x55, 0x50, 0x3F, 0xFF, 0xFF, 0x80, 0x00, 0x2F, 0xFF, 0xE0, 0x02, 0xFF, 0xF0, 0x00, 0x00, 0x00,
    0xFE, 0x00, 0x00, 0xBF, 0xF0, 0x00, 0x00, 0x00, 0xF8, 0x00, 0x00, 0x2F, 0xFC, 0x00, 0x00, 0x02,
    0xF0, 0x00, 0x00, 0x0F, 0xFE, 0x00, 0x00, 0x03, 0xC0, 0x00, 0x00, 0x03, 0xFF, 0x00, 0x00, 0x0B,
    0x80, 0x00, 0x00, 0x02, 0xFF, 0xC0, 0x00, 0x0F, 0x00, 0x00, 0x00, 0x00, 0xFF, 0xE0, 0x00, 0x2E,
    0x00, 0x00, 0x00, 0x00, 0x3F, 0xF0, 0x00, 0x3C, 0x00, 0x00, 0x00, 0x00, 0x2F, 0xFC, 0x00, 0xB8,
    0x00, 0x00, 0x00, 0x00, 0x0F, 0xFE, 0x00, 0xF0, 0x00, 0x00, 0x00, 0x00, 0x03, 0xFF, 0x02, 0xE0,
    0x00, 0x00, 0x00, 0x00, 0x02, 0xFF, 0xC3, 0xC0, 0x00, 0x00, 0x00, 0x00, 0x00, 0xFF, 0xEB, 0x80,
    0x00, 0x00, 0x00, 0x00, 0x00, 0x3F, 0xFF, 0x00, 0x00, 0x00, 0x00, 0x00, 0x00, 0x2F, 0xFE, 0x00,
    0x00, 0x00, 0x00, 0x00, 0x00, 0x0F, 0xFC, 0x00, 0x00, 0x00, 0x00, 0x00, 0x00, 0x03, 0xF4, 0x00,
    0x00, 0x00, 0x00, 0x00, 0x00, 0x02, 0xF0, 0x00, 0x00, 0x00, 0x00, 0x00, 0x00, 0x03, 0xC0, 0x00,
    0x00, 0x00, 0x00, 0x00, 0x00, 0x03, 0xC0, 0x00, 0x00, 0x00, 0x00, 0x00, 0x00, 0x0F, 0x00, 0x00,
    0x00, 0x00, 0x00, 0x0A, 0x80, 0x1F, 0x00, 0x00, 0x00, 0x00, 0x00, 0x1F, 0xE0, 0x3C, 0x00, 0x00,
    0x00, 0x00, 0x00, 0x2F, 0xF8, 0xB8, 0x00, 0x00, 0x00, 0x00, 0x00, 0x1F, 0xFF, 0xF0, 0x00, 0x00,
    0x00, 0x00, 0x00, 0x0B, 0xFF, 0x80, 0x00, 0x00, 0x00, 0x00, 0x00, 0x00, 0x60, 0x00, 0x00, 0x00,
    0x00, 0x00, 0x15, 0x55, 0x55, 0x00, 0x05, 0x55, 0x55, 0x00, 0x2F, 0xFF, 0xFE, 0x00, 0x1B, 0xFF,
    0xFF, 0x80, 0x01, 0xFF, 0xE0, 0x00, 0x00, 0xBF, 0xF0, 0x00, 0x00, 0xFF, 0xC0, 0x00, 0x00, 0x3F,
    0xE0, 0x00, 0x00, 0xBF, 0x80, 0x00, 0x00, 0x3F, 0xC0, 0x00, 0x00, 0xBF, 0x80, 0x00, 0x00, 0x3F,
    0xC0, 0x00, 0x00, 0xBF, 0x80, 0x00, 0x00, 0x3F, 0xC0, 0x00, 0x00, 0xBF, 0x80, 0x00, 0x00, 0x3F,
    0xC0, 0x00, 0x00, 0xBF, 0x80, 0x00, 0x00, 0x3F, 0xC0, 0x00, 0x00, 0xBF, 0x80, 0x00, 0x00, 0x3F,
    0xC0, 0x00, 0x00, 0xBF, 0x80, 0x00, 0x00, 0x3F, 0xC0, 0x00, 0x00, 0xBF, 0x80, 0x00, 0x00, 0x3F,
    0xC0, 0x00, 0x00, 0xBF, 0x80, 0x00, 0x00, 0x3F, 0xC0, 0x00, 0x00, 0xBF, 0x80, 0x00, 0x00, 0x3F,
    0xC0, 0x00, 0x00, 0xBF, 0x80, 0x00, 0x00, 0x3F, 0xC0, 0x00, 0x00, 0xBF, 0x80, 0x00, 0x00, 0x3F,
    0xC0, 0x00, 0x00, 0xBF, 0x80, 0x00, 0x00, 0x3F, 0xC0, 0x00, 0x00, 0xBF, 0x80, 0x00, 0x00, 0x3F,
    0xC0, 0x00, 0x00, 0xBF, 0x80, 0x00, 0x00, 0x3F, 0xC0, 0x00, 0x00, 0xBF, 0x80, 0x00, 0x00, 0x3F,
    0xC0, 0x00, 0x00, 0xBF, 0x80, 0x00, 0x00, 0x3F, 0xC0, 0x00, 0x00, 0xBF, 0x80, 0x00, 0x00, 0x3F,
    0xC0, 0x00, 0x00, 0xBF, 0x80, 0x00, 0x00, 0x3F, 0xC0, 0x00, 0x00, 0xBF, 0x80, 0x00, 0x00, 0x3F,
    0xC0, 0x00, 0x00, 0xBF, 0xC0, 0x00, 0x00, 0x3F, 0xC0, 0x00, 0x00, 0xFF, 0xE0, 0x00, 0x00, 0xFF,
    0xE0, 0x00, 0x03, 0xFF, 0xFF, 0xFF, 0xFF, 0xFF, 0xF8, 0x00, 0x3F, 0xFF, 0xFF, 0xFF, 0xFF, 0xFF,
    0xFF, 0xC0, 0x00, 0x00, 0x00, 0x3F, 0xC0, 0x00, 0x00, 0x00, 0x00, 0x00, 0x00, 0x3F, 0xC0, 0x00,
    0x00, 0x00, 0x00, 0x00, 0x00, 0x3F, 0xC0, 0x00, 0x00, 0x00, 0x00, 0x00, 0x00, 0x3F, 0xC0, 0x00,
    0x00, 0x00, 0x00, 0x00, 0x00, 0x3F, 0xC0, 0x00, 0x00, 0x00, 0x00, 0x00, 0x00, 0x15, 0x00, 0x00,
    0x00, 0x00, 0x00, 0x00, 0x00, 0x0C, 0x00, 0x00, 0x00, 0x00, 0x00, 0x00, 0x00, 0x2F, 0x00, 0x00,
    0x00, 0x00, 0x00, 0x00, 0x00, 0x3F, 0x00, 0x00, 0x00, 0x00, 0x00, 0x00, 0x00, 0x3F, 0x80, 0x00,
    0x00, 0x00, 0x00, 0x00, 0x00, 0xBF, 0xC0, 0x00, 0x00, 0x00, 0x00, 0x00, 0x00, 0xFF, 0xE0, 0x00,
    0x00, 0x00, 0x00, 0x00, 0x02, 0xFF, 0xF0, 0x00, 0x00, 0x00, 0x00, 0x00, 0x03, 0xCF, 0xF4, 0x00,
    0x00, 0x00, 0x00, 0x00, 0x07, 0x8B, 0xFC, 0x00, 0x00, 0x00, 0x00, 0x00, 0x0F, 0x03, 0xFC, 0x00,
    0x00, 0x00, 0x00, 0x00, 0x0F, 0x02, 0xFE, 0x00, 0x00, 0x00, 0x00, 0x00, 0x2D, 0x00, 0xFF, 0x00,
    0x00, 0x00, 0x00, 0x00, 0x3C, 0x00, 0xFF, 0x80, 0x00, 0x00, 0x00, 0x00, 0xB8, 0x00, 0x7F, 0xC0,
    0x00, 0x00, 0x00, 0x00, 0xF0, 0x00, 0x3F, 0xE0, 0x00, 0x00, 0x00, 0x01, 0xE0, 0x00, 0x2F, 0xF0,
    0x00, 0x00, 0x00, 0x03, 0xC0, 0x00, 0x0F, 0xF0, 0x00, 0x00, 0x00, 0x03, 0xFF, 0xFF, 0xFF, 0xFC,
    0x00, 0x00, 0x00, 0x0B, 0xFF, 0xFF, 0xFF, 0xFC, 0x00, 0x00, 0x00, 0x0F, 0x00, 0x00, 0x03, 0xFE,
    0x00, 0x00, 0x00, 0x2E, 0x00, 0x00, 0x02, 0xFF, 0x00, 0x00, 0x00, 0x3C, 0x00, 0x00, 0x00, 0xFF,
    0x80, 0x00, 0x00, 0x7C, 0x00, 0x00, 0x00, 0xFF, 0xC0, 0x00, 0x00, 0xF8, 0x00, 0x00, 0x00, 0x3F,
    0xD0, 0x00, 0x01, 0xF0, 0x00, 0x00, 0x00, 0x3F, 0xF0, 0x00, 0x03, 0xF0, 0x00, 0x00, 0x00, 0x3F,
    0xF8, 0x00, 0x0F, 0xF8, 0x00, 0x00, 0x00, 0xBF, 0xFE, 0x00, 0xBF, 0xFF, 0xC0, 0x00, 0x0B, 0xFF,
    0xFF, 0xC0, 0x15, 0x55, 0x55, 0x55, 0x55, 0x50, 0x00, 0x2F, 0xFF, 0xFF, 0xFF, 0xFF, 0xF8, 0x00,
    0x00, 0xFF, 0xFA, 0xAA, 0xAF, 0xF8, 0x00, 0x00, 0xBF, 0xC0, 0x00, 0x00, 0xF8, 0x00, 0x00, 0xBF,
    0xC0, 0x00, 0x00, 0xB8, 0x00, 0x00, 0xBF, 0xC0, 0x00, 0x00, 0x38, 0x00, 0x00, 0xBF, 0xC0, 0x00,
    0x00, 0x28, 0x00, 0x00, 0xBF, 0xC0, 0x00, 0x00, 0x04, 0x00, 0x00, 0xBF, 0xC0, 0x00, 0x00, 0x00,
    0x00, 0x00, 0xBF, 0xC0, 0x00, 0x00, 0x00, 0x00, 0x00, 0xBF, 0xC0, 0x00, 0x00, 0x00, 0x00, 0x00,
    0xBF, 0xC0, 0x00, 0x00, 0x00, 0x00, 0x00, 0xBF, 0xD5, 0x50, 0x00, 0x00, 0x00, 0x00, 0xBF, 0xFF,
    0xFF, 0xFA, 0x00, 0x00, 0x00, 0xBF, 0xEA, 0xAF, 0xFF, 0xE0, 0x00, 0x00, 0xBF, 0xC0, 0x00, 0x3F,
    0xFC, 0x00, 0x00, 0xBF, 0xC0, 0x00, 0x0B, 0xFE, 0x00, 0x00, 0xBF, 0xC0, 0x00, 0x03, 0xFF, 0x00,
    0x00, 0xBF, 0xC0, 0x00, 0x02, 0xFF, 0x00, 0x00, 0xBF, 0xC0, 0x00, 0x00, 0xFF, 0x80, 0x00, 0xBF,
    0xC0, 0x00, 0x00, 0xFF, 0x80, 0x00, 0xBF, 0xC0, 0x00, 0x00, 0xFF, 0x00, 0x00, 0xBF, 0xC0, 0x00,
    0x02, 0xFF, 0x00, 0x00, 0xBF, 0xC0, 0x00, 0x03, 0xFE, 0x00, 0x00, 0xBF, 0xC0, 0x00, 0x0F, 0xFC,
    0x00, 0x00, 0xFF, 0xC0, 0x00, 0xBF, 0xF0, 0x00, 0x02, 0xFF, 0xFF, 0xFF, 0xFF, 0x80, 0x00, 0x3F,
    0xFF, 0xFF, 0xFF, 0xE8, 0x00, 0x00, 0x15, 0x55, 0x55, 0x00, 0x00, 0x00, 0x00, 0x2F, 0xFF, 0xFF,
    0xFF, 0xF8, 0x00, 0x00, 0x00, 0xFF, 0xF8, 0x6B, 0xFF, 0x80, 0x00, 0x00, 0xBF, 0xC0, 0x00, 0xBF,
    0xE0, 0x00, 0x00, 0x3F, 0xC0, 0x00, 0x1F, 0xF4, 0x00, 0x00, 0x3F, 0xC0, 0x00, 0x0B, 0xFC, 0x00,
    0x00, 0x3F, 0xC0, 0x00, 0x07, 0xFC, 0x00, 0x00, 0x3F, 0xC0, 0x00, 0x03, 0xFC, 0x00, 0x00, 0x3F,
    0xC0, 0x00, 0x03, 0xFC, 0x00, 0x00, 0x3F, 0xC0, 0x00, 0x0B, 0xFC, 0x00, 0x00, 0x3F, 0xC0, 0x00,
    0x0F, 0xF8, 0x00, 0x00, 0x3F, 0xC0, 0x00, 0x3F, 0xE0, 0x00, 0x00, 0x3F, 0xC0, 0x0A, 0xFF, 0x80,
    0x00, 0x00, 0x3F, 0xFF, 0xFF, 0xFC, 0x00, 0x00, 0x00, 0x3F, 0xEA, 0xAF, 0xFF, 0x80, 0x00, 0x00,
    0x3F, 0xC0, 0x00, 0xBF, 0xF0, 0x00, 0x00, 0x3F, 0xC0, 0x00, 0x0F, 0xFC, 0x00, 0x00, 0x3F, 0xC0,
    0x00, 0x03, 0xFF, 0x00, 0x00, 0x3F, 0xC0, 0x00, 0x02, 0xFF, 0x00, 0x00, 0x3F, 0xC0, 0x00, 0x02,
    0xFF, 0x40, 0x00, 0x3F, 0xC0, 0x00, 0x01, 0xFF, 0x80, 0x00, 0x3F, 0xC0, 0x00, 0x02, 0xFF, 0x40,
    0x00, 0x3F, 0xC0, 0x00, 0x02, 0xFF, 0x00, 0x00, 0x3F, 0xC0, 0x00, 0x03, 0xFF, 0x00, 0x00, 0x3F,
    0xC0, 0x00, 0x0F, 0xFC, 0x00, 0x00, 0xBF, 0xE0, 0x00, 0xBF, 0xF0, 0x00, 0x02, 0xFF, 0xFF, 0xFF,
    0xFF, 0x80, 0x00, 0x3F, 0xFF, 0xFF, 0xFF, 0xA0, 0x00, 0x00, 0x15, 0x55, 0x55, 0x55, 0x55, 0x50,
    0x2F, 0xFF, 0xFF, 0xFF, 0xFF, 0xF0, 0x02, 0xFF, 0xEA, 0xAA, 0xAF, 0xF0, 0x00, 0xFF, 0x80, 0x00,
    0x02, 0xF0, 0x00, 0xFF, 0x00, 0x00, 0x00, 0xF0, 0x00, 0xFF, 0x00, 0x00, 0x00, 0x70, 0x00, 0xFF,
    0x00, 0x00, 0x00, 0x30, 0x00, 0xFF, 0x00, 0x00, 0x00, 0x20, 0x00, 0xFF, 0x00, 0x00, 0x00, 0x00,
    0x00, 0xFF, 0x00, 0x00, 0x00, 0x00, 0x00, 0xFF, 0x00, 0x00, 0x00, 0x00, 0x00, 0xFF, 0x00, 0x00,
    0x00, 0x00, 0x00, 0xFF, 0x00, 0x00, 0x00, 0x00, 0x00, 0xFF, 0x00, 0x00, 0x00, 0x00, 0x00, 0xFF,
    0x00, 0x00, 0x00, 0x00, 0x00, 0xFF, 0x00, 0x00, 0x00, 0x00, 0x00, 0xFF, 0x00, 0x00, 0x00, 0x00,
    0x00, 0xFF, 0x00, 0x00, 0x00, 0x00, 0x00, 0xFF, 0x00, 0x00, 0x00, 0x00, 0x00, 0xFF, 0x00, 0x00,
    0x00, 0x00, 0x00, 0xFF, 0x00, 0x00, 0x00, 0x00, 0x00, 0xFF, 0x00, 0x00, 0x00, 0x00, 0x00, 0xFF,
    0x00, 0x00, 0x00, 0x00, 0x00, 0xFF, 0x00, 0x00, 0x00, 0x00, 0x00, 0xFF, 0x40, 0x00, 0x00, 0x00,
    0x00, 0xFF, 0x80, 0x00, 0x00, 0x00, 0x0B, 0xFF, 0xE0, 0x00, 0x00, 0x00, 0xBF, 0xFF, 0xFF, 0x80,
    0x00, 0x00, 0x01, 0x55, 0x55, 0x55, 0x55, 0x55, 0x50, 0x02, 0xFF, 0xFF, 0xFF, 0xFF, 0xFF, 0xE0,
    0x00, 0x0F, 0xFE, 0x01, 0xBF, 0xFE, 0x00, 0x00, 0x0B, 0xE0, 0x00, 0x0F, 0xFC, 0x00, 0x00, 0x07,
    0xC0, 0x00, 0x0B, 0xFC, 0x00, 0x00, 0x03, 0xC0, 0x00, 0x0B, 0xFC, 0x00, 0x00, 0x03, 0x80, 0x00,
    0x0B, 0xFC, 0x00, 0x00, 0x03, 0x80, 0x00, 0x0B, 0xFC, 0x00, 0x00, 0x03, 0x80, 0x00, 0x0B, 0xFC,
    0x00, 0x00, 0x03, 0x80, 0x00, 0x0B, 0xFC, 0x00, 0x00, 0x03, 0x80, 0x00, 0x0B, 0xFC, 0x00, 0x00,
    0x07, 0x80, 0x00, 0x0B, 0xFC, 0x00, 0x00, 0x0B, 0x80, 0x00, 0x0B, 0xFC, 0x00, 0x00, 0x0B, 0x40,
    0x00, 0x0B, 0xFC, 0x00, 0x00, 0x0B, 0x00, 0x00, 0x0B, 0xFC, 0x00, 0x00, 0x0B, 0x00, 0x00, 0x0B,
    0xFC, 0x00, 0x00, 0x0B, 0x00, 0x00, 0x0B, 0xFC, 0x00, 0x00, 0x0F, 0x00, 0x00, 0x0B, 0xFC, 0x00,
    0x00, 0x0F, 0x00, 0x00, 0x0B, 0xFC, 0x00, 0x00, 0x0F, 0x00, 0x00, 0x0B, 0xFC, 0x00, 0x00, 0x0F,
    0x00, 0x00, 0x0B, 0xFC, 0x00, 0x00, 0x0F, 0x00, 0x00, 0x0B, 0xFC, 0x00, 0x00, 0x2E, 0x00, 0x00,
    0x0B, 0xFC, 0x00, 0x00, 0x3C, 0x00, 0x00, 0x0B, 0xFC, 0x00, 0x00, 0x7C, 0x00, 0x00, 0x0F, 0xFC,
    0x00, 0x00, 0xF4, 0x00, 0x00, 0x1F, 0xFE, 0x00, 0x07, 0xFE, 0xAA, 0xAB, 0xFF, 0xFF, 0x80, 0x3F,
    0xFF, 0xFF, 0xFF, 0xFF, 0xFF, 0xFC, 0x3F, 0xC0, 0x00, 0x00, 0x00, 0x0B, 0xFC, 0x3F, 0x00, 0x00,
    0x00, 0x00, 0x00, 0xFC, 0x3E, 0x00, 0x00, 0x00, 0x00, 0x00, 0xBC, 0x3C, 0x00, 0x00, 0x00, 0x00,
    0x00, 0x3C, 0x38, 0x00, 0x00, 0x00, 0x00, 0x00, 0x3C, 0x30, 0x00, 0x00, 0x00, 0x00, 0x00, 0x2C,
    0x30, 0x00, 0x00, 0x00, 0x00, 0x00, 0x0C, 0x00, 0x00, 0x00, 0x00, 0x00, 0x00, 0x04, 0x15, 0x55,
    0x55, 0x55, 0x55, 0x50, 0x00, 0x2F, 0xFF, 0xFF, 0xFF, 0xFF, 0xF0, 0x00, 0x02, 0xFF, 0xEA, 0xAA,
    0xAF, 0xF0, 0x00, 0x00, 0xFF, 0x80, 0x00, 0x02, 0xF0, 0x00, 0x00, 0xFF, 0x00, 0x00, 0x00, 0xB0,
    0x00, 0x00, 0xFF, 0x00, 0x00, 0x00, 0x30, 0x00, 0x00, 0xFF, 0x00, 0x00, 0x00, 0x20, 0x00, 0x00,
    0xFF, 0x00, 0x00, 0x00, 0x00, 0x00, 0x00, 0xFF, 0x00, 0x00, 0x00, 0x00, 0x00, 0x00, 0xFF, 0x00,
    0x00, 0x03, 0x00, 0x00, 0x00, 0xFF, 0x00, 0x00, 0x03, 0x00, 0x00, 0x00, 0xFF, 0x00, 0x00, 0x0F,
    0x00, 0x00, 0x00, 0xFF, 0x80, 0x01, 0xBF, 0x00, 0x00, 0x00, 0xFF, 0xFF, 0xFF, 0xFF, 0x00, 0x00,
    0x00, 0xFF, 0xAA, 0xAA, 0xFF, 0x00, 0x00, 0x00, 0xFF, 0x00, 0x00, 0x1F, 0x00, 0x00, 0x00, 0xFF,
    0x00, 0x00, 0x0B, 0x00, 0x00, 0x00, 0xFF, 0x00, 0x00, 0x03, 0x00, 0x00, 0x00, 0xFF, 0x00, 0x00,
    0x02, 0x00, 0x00, 0x00, 0xFF, 0x00, 0x00, 0x00, 0x00, 0x00, 0x00, 0xFF, 0x00, 0x00, 0x00, 0x00,
    0x00, 0x00, 0xFF, 0x00, 0x00, 0x00, 0x03, 0x80, 0x00, 0xFF, 0x00, 0x00, 0x00, 0x0B, 0x00, 0x00,
    0xFF, 0x00, 0x00, 0x00, 0x1F, 0x00, 0x00, 0xFF, 0x40, 0x00, 0x00, 0x3E, 0x00, 0x00, 0xFF, 0x80,
    0x00, 0x02, 0xFD, 0x00, 0x0B, 0xFF, 0xFF, 0xFF, 0xFF, 0xFC, 0x00, 0xBF, 0xFF, 0xFF, 0xFF, 0xFF,
    0xFC, 0x00, 0x15, 0x55, 0x50, 0x05, 0x55, 0x55, 0x40, 0x05, 0x55, 0x50, 0x2F, 0xFF, 0xE0, 0x0B,
    0xFF, 0xFF, 0x80, 0x2F, 0xFF, 0xF8, 0x02, 0xFE, 0x00, 0x00, 0x3F, 0xF8, 0x00, 0x00, 0xFF, 0x00,
    0x00, 0x3F, 0x00, 0x00, 0x2F, 0xF0, 0x00, 0x02, 0xF8, 0x00, 0x00, 0x0F, 0x80, 0x00, 0x2F, 0xF0,
    0x00, 0x03, 0xE0, 0x00, 0x00, 0x03, 0xE0, 0x00, 0x2F, 0xF0, 0x00, 0x0F, 0x80, 0x00, 0x00, 0x00,
    0xF8, 0x00, 0x2F, 0xF0, 0x00, 0x3E, 0x00, 0x00, 0x00, 0x00, 0x3E, 0x00, 0x2F, 0xF0, 0x00, 0xF8,
    0x00, 0x00, 0x00, 0x00, 0x0F, 0x80, 0x2F, 0xF0, 0x03, 0xE0, 0x00, 0x00, 0x00, 0x00, 0x03, 0xE0,
    0x2F, 0xF0, 0x0F, 0x80, 0x00, 0x00, 0x00, 0x00, 0x00, 0xF8, 0x2F, 0xF0, 0x3E, 0x00, 0x00, 0x00,
    0x00, 0x00, 0x00, 0x3E, 0x2F, 0xF0, 0xF8, 0x00, 0x00, 0x00, 0x00, 0x00, 0x00, 0x2F, 0xAF, 0xF3,
    0xF0, 0x00, 0x00, 0x00, 0x00, 0x00, 0x00, 0x3F, 0xFF, 0xFF, 0xF8, 0x00, 0x00, 0x00, 0x00, 0x00,
    0x00, 0xFF, 0xFF, 0xFF, 0xFC, 0x00, 0x00, 0x00, 0x00, 0x00, 0x02, 0xFF, 0xEF, 0xFB, 0xFF, 0x00,
    0x00, 0x00, 0x00, 0x00, 0x0B, 0xFF, 0x2F, 0xF2, 0xFF, 0xC0, 0x00, 0x00, 0x00, 0x00, 0x0F, 0xFC,
    0x2F, 0xF0, 0xFF, 0xF0, 0x00, 0x00, 0x00, 0x00, 0x3F, 0xF4, 0x2F, 0xF0, 0x3F, 0xF8, 0x00, 0x00,
    0x00, 0x00, 0xFF, 0xE0, 0x2F, 0xF0, 0x0F, 0xFD, 0x00, 0x00, 0x00, 0x03, 0xFF, 0x80, 0x2F, 0xF0,
    0x03, 0xFF, 0x00, 0x00, 0x00, 0x0B, 0xFF, 0x00, 0x2F, 0xF0, 0x02, 0xFF, 0xC0, 0x00, 0x00, 0x2F,
    0xFC, 0x00, 0x2F, 0xF0, 0x00, 0xBF, 0xF0, 0x00, 0x00, 0x3F, 0xF0, 0x00, 0x2F, 0xF0, 0x00, 0x3F,
    0xF8, 0x00, 0x00, 0xFF, 0xE0, 0x00, 0x2F, 0xF0, 0x00, 0x0F, 0xFE, 0x00, 0x03, 0xFF, 0xC0, 0x00,
    0x2F, 0xF0, 0x00, 0x07, 0xFF, 0x40, 0x0F, 0xFF, 0xC0, 0x00, 0xBF, 0xFD, 0x00, 0x0B, 0xFF, 0xE0,
    0xFF, 0xFF, 0xFC, 0x0F, 0xFF, 0xFF, 0xE0, 0xBF, 0xFF, 0xFC, 0x0A, 0x00, 0x2B, 0xFE, 0x40, 0x00,
    0x0B, 0x1B, 0xFE, 0xFF, 0xF8, 0x00, 0x0B, 0xFF, 0x00, 0x0B, 0xFF, 0x00, 0x0F, 0xF8, 0x00, 0x00,
    0xFF, 0x80, 0x0F, 0xE0, 0x00, 0x00, 0x3F, 0xC0, 0x0F, 0xC0, 0x00, 0x00, 0x3F, 0xE0, 0x0F, 0x00,
    0x00, 0x00, 0x2F, 0xE0, 0x0E, 0x00, 0x00, 0x00, 0x2F, 0xF0, 0x0C, 0x00, 0x00, 0x00, 0x3F, 0xE0,
    0x04, 0x00, 0x00, 0x00, 0x3F, 0xC0, 0x00, 0x00, 0x00, 0x00, 0xBF, 0x80, 0x00, 0x00, 0x00, 0x02,
    0xFE, 0x00, 0x00, 0x00, 0x00, 0x6F, 0xF0, 0x00, 0x00, 0x00, 0xBF, 0xFF, 0x40, 0x00, 0x00, 0x00,
    0x2B, 0xFF, 0xF8, 0x00, 0x00, 0x00, 0x00, 0x03, 0xFF, 0x80, 0x00, 0x00, 0x00, 0x00, 0xBF, 0xE0,
    0x00, 0x00, 0x00, 0x00, 0x2F, 0xF0, 0x00, 0x00, 0x00, 0x00, 0x0F, 0xF8, 0x00, 0x00, 0x00, 0x00,
    0x0F, 0xF8, 0x00, 0x00, 0x00, 0x00, 0x0F, 0xFC, 0x00, 0x00, 0x00, 0x00, 0x0F, 0xFC, 0xB8, 0x00,
    0x00, 0x00, 0x0F, 0xF8, 0x3E, 0x00, 0x00, 0x00, 0x3F, 0xF0, 0x0F, 0xC0, 0x00, 0x00, 0xBF, 0xE0,
    0x03, 0xF8, 0x00, 0x0B, 0xFF, 0x80, 0x00, 0xBF, 0xFA, 0xFF, 0xFE, 0x00, 0x00, 0x0B, 0xFF, 0xFF,
    0xE0, 0x00, 0x00, 0x00, 0x02, 0xA0, 0x00, 0x00, 0x15, 0x55, 0x55, 0x00, 0x01, 0x55, 0x55, 0x40,
    0x2F, 0xFF, 0xFE, 0x00, 0x0B, 0xFF, 0xFF, 0x90, 0x01, 0xFF, 0xE0, 0x00, 0x00, 0x3F, 0xF8, 0x00,
    0x00, 0xFF, 0xC0, 0x00, 0x00, 0x2F, 0xF0, 0x00, 0x00, 0xBF, 0x80, 0x00, 0x00, 0x3F, 0xF0, 0x00,
    0x00, 0xBF, 0x80, 0x00, 0x00, 0xBF, 0xF0, 0x00, 0x00, 0xBF, 0x80, 0x00, 0x01, 0xFF, 0xF0, 0x00,
    0x00, 0xBF, 0x80, 0x00, 0x03, 0xFF, 0xF0, 0x00, 0x00, 0xBF, 0x80, 0x00, 0x0F, 0x8F, 0xF0, 0x00,
    0x00, 0xBF, 0x80, 0x00, 0x3F, 0x0F, 0xF0, 0x00, 0x00, 0xBF, 0x80, 0x00, 0xBC, 0x0F, 0xF0, 0x00,
    0x00, 0xBF, 0x80, 0x01, 0xF0, 0x0F, 0xF0, 0x00, 0x00, 0xBF, 0x80, 0x03, 0xE0, 0x0F, 0xF0, 0x00,
    0x00, 0xBF, 0x80, 0x0F, 0x80, 0x0F, 0xF0, 0x00, 0x00, 0xBF, 0x80, 0x2F, 0x00, 0x0F, 0xF0, 0x00,
    0x00, 0xBF, 0x80, 0xBC, 0x00, 0x0F, 0xF0, 0x00, 0x00, 0xBF, 0x80, 0xF0, 0x00, 0x0F, 0xF0, 0x00,
    0x00, 0xBF, 0x83, 0xE0, 0x00, 0x0F, 0xF0, 0x00, 0x00, 0xBF, 0x8F, 0x80, 0x00, 0x0F, 0xF0, 0x00,
    0x00, 0xBF, 0xAF, 0x00, 0x00, 0x0F, 0xF0, 0x00, 0x00, 0xBF, 0xFC, 0x00, 0x00, 0x0F, 0xF0, 0x00,
    0x00, 0xBF, 0xF0, 0x00, 0x00, 0x0F, 0xF0, 0x00, 0x00, 0xBF, 0xE0, 0x00, 0x00, 0x0F, 0xF0, 0x00,
    0x00, 0xBF, 0xC0, 0x00, 0x00, 0x0F, 0xF0, 0x00, 0x00, 0xBF, 0x80, 0x00, 0x00, 0x0F, 0xF0, 0x00,
    0x00, 0xFF, 0xC0, 0x00, 0x00, 0x2F, 0xF0, 0x00, 0x03, 0xFF, 0xF0, 0x00, 0x00, 0xBF, 0xFE, 0x00,
    0x3F, 0xFF, 0xFF, 0x00, 0x0F, 0xFF, 0xFF, 0xE0, 0x00, 0x00, 0x02, 0x40, 0x08, 0x00, 0x00, 0x00,
    0x00, 0x00, 0x0F, 0xC0, 0x2F, 0x00, 0x00, 0x00, 0x00, 0x00, 0x0F, 0x80, 0x0F, 0x80, 0x00, 0x00,
    0x00, 0x00, 0x0C, 0x00, 0x03, 0x80, 0x00, 0x00, 0x00, 0x00, 0x0F, 0x40, 0x0B, 0x40, 0x00, 0x00,
    0x00, 0x00, 0x0B, 0xFF, 0xFF, 0x00, 0x00, 0x00, 0x00, 0x00, 0x02, 0xFF, 0xF8, 0x00, 0x00, 0x00,
    0x00, 0x00, 0x00, 0x0A, 0x40, 0x00, 0x00, 0x00, 0x00, 0x00, 0x00, 0x00, 0x00, 0x00, 0x00, 0x00,
    0x15, 0x55, 0x55, 0x00, 0x01, 0x55, 0x55, 0x40, 0x2F, 0xFF, 0xFE, 0x00, 0x0B, 0xFF, 0xFF, 0x90,
    0x01, 0xFF, 0xE0, 0x00, 0x00, 0x3F, 0xF8, 0x00, 0x00, 0xFF, 0xC0, 0x00, 0x00, 0x2F, 0xF0, 0x00,
    0x00, 0xBF, 0x80, 0x00, 0x00, 0x3F, 0xF0, 0x00, 0x00, 0xBF, 0x80, 0x00, 0x00, 0xBF, 0xF0, 0x00,
    0x00, 0xBF, 0x80, 0x00, 0x01, 0xFF, 0xF0, 0x00, 0x00, 0xBF, 0x80, 0x00, 0x03, 0xFF, 0xF0, 0x00,
    0x00, 0xBF, 0x80, 0x00, 0x0F, 0x8F, 0xF0, 0x00, 0x00, 0xBF, 0x80, 0x00, 0x3F, 0x0F, 0xF0, 0x00,
    0x00, 0xBF, 0x80, 0x00, 0xBC, 0x0F, 0xF0, 0x00, 0x00, 0xBF, 0x80, 0x01, 0xF0, 0x0F, 0xF0, 0x00,
    0x00, 0xBF, 0x80, 0x03, 0xE0, 0x0F, 0xF0, 0x00, 0x00, 0xBF, 0x80, 0x0F, 0x80, 0x0F, 0xF0, 0x00,
    0x00, 0xBF, 0x80, 0x2F, 0x00, 0x0F, 0xF0, 0x00, 0x00, 0xBF, 0x80, 0xBC, 0x00, 0x0F, 0xF0, 0x00,
    0x00, 0xBF, 0x80, 0xF0, 0x00, 0x0F, 0xF0, 0x00, 0x00, 0xBF, 0x83, 0xE0, 0x00, 0x0F, 0xF0, 0x00,
    0x00, 0xBF, 0x8F, 0x80, 0x00, 0x0F, 0xF0, 0x00, 0x00, 0xBF, 0xAF, 0x00, 0x00, 0x0F, 0xF0, 0x00,
    0x00, 0xBF, 0xFC, 0x00, 0x00, 0x0F, 0xF0, 0x00, 0x00, 0xBF, 0xF0, 0x00, 0x00, 0x0F, 0xF0, 0x00,
    0x00, 0xBF, 0xE0, 0x00, 0x00, 0x0F, 0xF0, 0x00, 0x00, 0xBF, 0xC0, 0x00, 0x00, 0x0F, 0xF0, 0x00,
    0x00, 0xBF, 0x80, 0x00, 0x00, 0x0F, 0xF0, 0x00, 0x00, 0xFF, 0xC0, 0x00, 0x00, 0x2F, 0xF0, 0x00,
    0x03, 0xFF, 0xF0, 0x00, 0x00, 0xBF, 0xFE, 0x00, 0x3F, 0xFF, 0xFF, 0x00, 0x0F, 0xFF, 0xFF, 0xE0,
    0x15, 0x55, 0x55, 0x00, 0x15, 0x55, 0x54, 0x00, 0x2F, 0xFF, 0xFE, 0x00, 0x2F, 0xFF, 0xF8, 0x00,
    0x01, 0xFF, 0xE0, 0x00, 0x03, 0xFF, 0x00, 0x00, 0x00, 0xBF, 0xC0, 0x00, 0x03, 0xF8, 0x00, 0x00,
    0x00, 0xBF, 0xC0, 0x00, 0x0B, 0xC0, 0x00, 0x00, 0x00, 0xBF, 0xC0, 0x00, 0x2F, 0x00, 0x00, 0x00,
    0x00, 0xBF, 0xC0, 0x00, 0xBC, 0x00, 0x00, 0x00, 0x00, 0xBF, 0xC0, 0x02, 0xF0, 0x00, 0x00, 0x00,
    0x00, 0xBF, 0xC0, 0x0B, 0xC0, 0x00, 0x00, 0x00, 0x00, 0xBF, 0xC0, 0x2F, 0x00, 0x00, 0x00, 0x00,
    0x00, 0xBF, 0xC0, 0xBC, 0x00, 0x00, 0x00, 0x00, 0x00, 0xBF, 0xC2, 0xF0, 0x00, 0x00, 0x00, 0x00,
    0x00, 0xBF, 0xCB, 0xE0, 0x00, 0x00, 0x00, 0x00, 0x00, 0xBF, 0xEF, 0xF0, 0x00, 0x00, 0x00, 0x00,
    0x00, 0xBF, 0xFF, 0xFC, 0x00, 0x00, 0x00, 0x00, 0x00, 0xBF, 0xCB, 0xFF, 0x00, 0x00, 0x00, 0x00,
    0x00, 0xBF, 0xC3, 0xFF, 0xC0, 0x00, 0x00, 0x00, 0x00, 0xBF, 0xC0, 0xFF, 0xF0, 0x00, 0x00, 0x00,
    0x00, 0xBF, 0xC0, 0x3F, 0xFC, 0x00, 0x00, 0x00, 0x00, 0xBF, 0xC0, 0x0F, 0xFF, 0x00, 0x00, 0x00,
    0x00, 0xBF, 0xC0, 0x03, 0xFF, 0x80, 0x00, 0x00, 0x00, 0xBF, 0xC0, 0x00, 0xFF, 0xE0, 0x00, 0x00,
    0x00, 0xBF, 0xC0, 0x00, 0x3F, 0xF8, 0x00, 0x00, 0x00, 0xBF, 0xC0, 0x00, 0x0F, 0xFE, 0x00, 0x00,
    0x00, 0xBF, 0xC0, 0x00, 0x03, 0xFF, 0x80, 0x00, 0x00, 0xFF, 0xC0, 0x00, 0x00, 0xFF, 0xE0, 0x00,
    0x03, 0xFF, 0xF4, 0x00, 0x02, 0xFF, 0xFC, 0x00, 0x3F, 0xFF, 0xFF, 0x80, 0x3F, 0xFF, 0xFF, 0xC0,
    0x00, 0x55, 0x55, 0x55, 0x55, 0x55, 0x50, 0x00, 0xAF, 0xFF, 0xFF, 0xFF, 0xFF, 0xF8, 0x00, 0x03,
    0xFE, 0x40, 0x2F, 0xFF, 0x00, 0x00, 0x02, 0xF8, 0x00, 0x0B, 0xFE, 0x00, 0x00, 0x00, 0xF0, 0x00,
    0x03, 0xFC, 0x00, 0x00, 0x00, 0xF0, 0x00, 0x03, 0xFC, 0x00, 0x00, 0x00, 0xF0, 0x00, 0x03, 0xFC,
    0x00, 0x00, 0x00, 0xF0, 0x00, 0x03, 0xFC, 0x00, 0x00, 0x00, 0xF0, 0x00, 0x03, 0xFC, 0x00, 0x00,
    0x00, 0xF0, 0x00, 0x03, 0xFC, 0x00, 0x00, 0x00, 0xF0, 0x00, 0x03, 0xFC, 0x00, 0x00, 0x00, 0xF0,
    0x00, 0x03, 0xFC, 0x00, 0x00, 0x00, 0xF0, 0x00, 0x03, 0xFC, 0x00, 0x00, 0x00, 0xF0, 0x00, 0x03,
    0xFC, 0x00, 0x00, 0x00, 0xF0, 0x00, 0x03, 0xFC, 0x00, 0x00, 0x00, 0xF0, 0x00, 0x03, 0xFC, 0x00,
    0x00, 0x00, 0xF0, 0x00, 0x03, 0xFC, 0x00, 0x00, 0x00, 0xF0, 0x00, 0x03, 0xFC, 0x00, 0x00, 0x00,
    0xF0, 0x00, 0x03, 0xFC, 0x00, 0x00, 0x00, 0xE0, 0x00, 0x03, 0xFC, 0x00, 0x00, 0x00, 0xE0, 0x00,
    0x03, 0xFC, 0x00, 0x00, 0x00, 0xE0, 0x00, 0x03, 0xFC, 0x00, 0x00, 0x02, 0xC0, 0x00, 0x03, 0xFC,
    0x00, 0x3F, 0x02, 0xC0, 0x00, 0x03, 0xFC, 0x00, 0xBF, 0xC3, 0xC0, 0x00, 0x03, 0xFC, 0x00, 0xBF,
    0xC3, 0x80, 0x00, 0x07, 0xFE, 0x00, 0x3F, 0xFF, 0x00, 0x00, 0x2F, 0xFF, 0x80, 0x2F, 0xFD, 0x00,
    0x03, 0xFF, 0xFF, 0xFC, 0x01, 0x90, 0x00, 0x00, 0x00, 0x00, 0x00, 0x15, 0x55, 0x40, 0x00, 0x00,
    0x00, 0x00, 0x55, 0x54, 0x2F, 0xFF, 0xE0, 0x00, 0x00, 0x00, 0x03, 0xFF, 0xFA, 0x00, 0xFF, 0xF0,
    0x00, 0x00, 0x00, 0x07, 0xFF, 0xC0, 0x00, 0xBF, 0xF4, 0x00, 0x00, 0x00, 0x0F, 0xFF, 0x00, 0x00,
    0x3F, 0xFC, 0x00, 0x00, 0x00, 0x0F, 0xFF, 0x00, 0x00, 0x3F, 0xFC, 0x00, 0x00, 0x00, 0x2F, 0xFF,
    0x00, 0x00, 0x3F, 0xFF, 0x00, 0x00, 0x00, 0x3D, 0xFF, 0x00, 0x00, 0x3A, 0xFF, 0x00, 0x00, 0x00,
    0xB8, 0xFF, 0x00, 0x00, 0x38, 0xFF, 0x80, 0x00, 0x00, 0xF0, 0xFF, 0x00, 0x00, 0x38, 0xBF, 0xC0,
    0x00, 0x02, 0xF0, 0xFF, 0x00, 0x00, 0x38, 0x3F, 0xE0, 0x00, 0x03, 0xD0, 0xFF, 0x00, 0x00, 0x38,
    0x3F, 0xF0, 0x00, 0x03, 0xC0, 0xFF, 0x00, 0x00, 0x38, 0x0F, 0xF8, 0x00, 0x0F, 0x80, 0xFF, 0x00,
    0x00, 0x38, 0x0F, 0xFC, 0x00, 0x0F, 0x00, 0xFF, 0x00, 0x00, 0x38, 0x07, 0xFE, 0x00, 0x2E, 0x00,
    0xFF, 0x00, 0x00, 0x38, 0x03, 0xFF, 0x00, 0x3C, 0x00, 0xFF, 0x00, 0x00, 0x38, 0x02, 0xFF, 0x00,
    0xB8, 0x00, 0xFF, 0x00, 0x00, 0x38, 0x00, 0xFF, 0xC0, 0xF0, 0x00, 0xFF, 0x00, 0x00, 0x38, 0x00,
    0xBF, 0xC1, 0xF0, 0x00, 0xFF, 0x00, 0x00, 0x38, 0x00, 0x3F, 0xE3, 0xC0, 0x00, 0xFF, 0x00, 0x00,
    0x38, 0x00, 0x2F, 0xFB, 0xC0, 0x00, 0xFF, 0x00, 0x00, 0x38, 0x00, 0x0F, 0xFF, 0x40, 0x00, 0xFF,
    0x00, 0x00, 0x38, 0x00, 0x0B, 0xFF, 0x00, 0x00, 0xFF, 0x00, 0x00, 0x38, 0x00, 0x03, 0xFE, 0x00,
    0x00, 0xFF, 0x00, 0x00, 0x38, 0x00, 0x03, 0xFC, 0x00, 0x00, 0xFF, 0x00, 0x00, 0xBC, 0x00, 0x00,
    0xF8, 0x00, 0x02, 0xFF, 0x80, 0x02, 0xFF, 0x40, 0x00, 0xF0, 0x00, 0x0B, 0xFF, 0xE0, 0x3F, 0xFF,
    0xF8, 0x00, 0xA0, 0x00, 0xFF, 0xFF, 0xFF, 0x15, 0x55, 0x55, 0x00, 0x05, 0x55, 0x55, 0x00, 0x2F,
    0xFF, 0xFE, 0x00, 0x1B, 0xFF, 0xFF, 0x80, 0x01, 0xFF, 0xE0, 0x00, 0x00, 0xBF, 0xF0, 0x00, 0x00,
    0xFF, 0xC0, 0x00, 0x00, 0x3F, 0xE0, 0x00, 0x00, 0xBF, 0x80, 0x00, 0x00, 0x3F, 0xC0, 0x00, 0x00,
    0xBF, 0x80, 0x00, 0x00, 0x3F, 0xC0, 0x00, 0x00, 0xBF, 0x80, 0x00, 0x00, 0x3F, 0xC0, 0x00, 0x00,
    0xBF, 0x80, 0x00, 0x00, 0x3F, 0xC0, 0x00, 0x00, 0xBF, 0x80, 0x00, 0x00, 0x3F, 0xC0, 0x00, 0x00,
    0xBF, 0x80, 0x00, 0x00, 0x3F, 0xC0, 0x00, 0x00, 0xBF, 0x80, 0x00, 0x00, 0x3F, 0xC0, 0x00, 0x00,
    0xBF, 0x80, 0x00, 0x00, 0x3F, 0xC0, 0x00, 0x00, 0xBF, 0x80, 0x00, 0x00, 0x3F, 0xC0, 0x00, 0x00,
    0xBF, 0xFF, 0xFF, 0xFF, 0xFF, 0xC0, 0x00, 0x00, 0xBF, 0xFF, 0xFF, 0xFF, 0xFF, 0xC0, 0x00, 0x00,
    0xBF, 0x80, 0x00, 0x00, 0x3F, 0xC0, 0x00, 0x00, 0xBF, 0x80, 0x00, 0x00, 0x3F, 0xC0, 0x00, 0x00,
    0xBF, 0x80, 0x00, 0x00, 0x3F, 0xC0, 0x00, 0x00, 0xBF, 0x80, 0x00, 0x00, 0x3F, 0xC0, 0x00, 0x00,
    0xBF, 0x80, 0x00, 0x00, 0x3F, 0xC0, 0x00, 0x00, 0xBF, 0x80, 0x00, 0x00, 0x3F, 0xC0, 0x00, 0x00,
    0xBF, 0x80, 0x00, 0x00, 0x3F, 0xC0, 0x00, 0x00, 0xBF, 0x80, 0x00, 0x00, 0x3F, 0xC0, 0x00, 0x00,
    0xBF, 0x80, 0x00, 0x00, 0x3F, 0xC0, 0x00, 0x00, 0xBF, 0x80, 0x00, 0x00, 0x3F, 0xC0, 0x00, 0x00,
    0xFF, 0xC0, 0x00, 0x00, 0x3F, 0xE0, 0x00, 0x03, 0xFF, 0xF0, 0x00, 0x02, 0xFF, 0xF8, 0x00, 0x3F,
    0xFF, 0xFF, 0x00, 0x2F, 0xFF, 0xFF, 0xC0, 0x00, 0x00, 0x0A, 0xFF, 0xA0, 0x00, 0x00, 0x00, 0x02,
    0xFF, 0xFF, 0xFF, 0x00, 0x00, 0x00, 0x0F, 0xF8, 0x00, 0x2F, 0xE0, 0x00, 0x00, 0x7F, 0x80, 0x00,
    0x03, 0xFC, 0x00, 0x01, 0xFF, 0x00, 0x00, 0x00, 0xFF, 0x00, 0x03, 0xFC, 0x00, 0x00, 0x00, 0xBF,
    0x80, 0x0F, 0xF8, 0x00, 0x00, 0x00, 0x3F, 0xC0, 0x0F, 0xF0, 0x00, 0x00, 0x00, 0x3F, 0xF0, 0x2F,
    0xF0, 0x00, 0x00, 0x00, 0x2F, 0xF0, 0x3F, 0xE0, 0x00, 0x00, 0x00, 0x0F, 0xF8, 0x3F, 0xD0, 0x00,
    0x00, 0x00, 0x0F, 0xFC, 0xBF, 0xC0, 0x00, 0x00, 0x00, 0x0F, 0xFC, 0xBF, 0xC0, 0x00, 0x00, 0x00,
    0x0B, 0xFC, 0xBF, 0xC0, 0x00, 0x00, 0x00, 0x0B, 0xFC, 0xBF, 0xC0, 0x00, 0x00, 0x00, 0x0B, 0xFC,
    0xBF, 0xC0, 0x00, 0x00, 0x00, 0x0B, 0xFC, 0xBF, 0xC0, 0x00, 0x00, 0x00, 0x0B, 0xFC, 0x7F, 0xC0,
    0x00, 0x00, 0x00, 0x0F, 0xFC, 0x3F, 0xE0, 0x00, 0x00, 0x00, 0x0F, 0xF8, 0x3F, 0xE0, 0x00, 0x00,
    0x00, 0x0F, 0xF8, 0x2F, 0xF0, 0x00, 0x00, 0x00, 0x2F, 0xF0, 0x0F, 0xF4, 0x00, 0x00, 0x00, 0x3F,
    0xE0, 0x0B, 0xFC, 0x00, 0x00, 0x00, 0xBF, 0xC0, 0x02, 0xFE, 0x00, 0x00, 0x00, 0xFF, 0x40, 0x00,
    0xFF, 0x00, 0x00, 0x03, 0xFE, 0x00, 0x00, 0x3F, 0xC0, 0x00, 0x0F, 0xF8, 0x00, 0x00, 0x0B, 0xFD,
    0x02, 0xFF, 0xC0, 0x00, 0x00, 0x00, 0xBF, 0xFF, 0xFE, 0x00, 0x00, 0x00, 0x00, 0x00, 0x69, 0x00,
    0x00, 0x00, 0x15, 0x55, 0x55, 0x55, 0x55, 0x55, 0x55, 0x00, 0x2F, 0xFF, 0xFF, 0xFF, 0xFF, 0xFF,
    0xFF, 0x80, 0x01, 0xFF, 0xFA, 0xAA, 0xAB, 0xFF, 0xF0, 0x00, 0x00, 0xFF, 0xC0, 0x00, 0x00, 0xBF,
    0xE0, 0x00, 0x00, 0xBF, 0xC0, 0x00, 0x00, 0x3F, 0xC0, 0x00, 0x00, 0xBF, 0x80, 0x00, 0x00, 0x3F,
    0xC0, 0x00, 0x00, 0xBF, 0x80, 0x00, 0x00, 0x3F, 0xC0, 0x00, 0x00, 0xBF, 0x80, 0x00, 0x00, 0x3F,
    0xC0, 0x00, 0x00, 0xBF, 0x80, 0x00, 0x00, 0x3F, 0xC0, 0x00, 0x00, 0xBF, 0x80, 0x00, 0x00, 0x3F,
    0xC0, 0x00, 0x00, 0xBF, 0x80, 0x00, 0x00, 0x3F, 0xC0, 0x00, 0x00, 0xBF, 0x80, 0x00, 0x00, 0x3F,
    0xC0, 0x00, 0x00, 0xBF, 0x80, 0x00, 0x00, 0x3F, 0xC0, 0x00, 0x00, 0xBF, 0x80, 0x00, 0x00, 0x3F,
    0xC0, 0x00, 0x00, 0xBF, 0x80, 0x00, 0x00, 0x3F, 0xC0, 0x00, 0x00, 0xBF, 0x80, 0x00, 0x00, 0x3F,
    0xC0, 0x00, 0x00, 0xBF, 0x80, 0x00, 0x00, 0x3F, 0xC0, 0x00, 0x00, 0xBF, 0x80, 0x00, 0x00, 0x3F,
    0xC0, 0x00, 0x00, 0xBF, 0x80, 0x00, 0x00, 0x3F, 0xC0, 0x00, 0x00, 0xBF, 0x80, 0x00, 0x00, 0x3F,
    0xC0, 0x00, 0x00, 0xBF, 0x80, 0x00, 0x00, 0x3F, 0xC0, 0x00, 0x00, 0xBF, 0x80, 0x00, 0x00, 0x3F,
    0xC0, 0x00, 0x00, 0xBF, 0x80, 0x00, 0x00, 0x3F, 0xC0, 0x00, 0x00, 0xBF, 0x80, 0x00, 0x00, 0x3F,
    0xC0, 0x00, 0x00, 0xBF, 0x80, 0x00, 0x00, 0x3F, 0xC0, 0x00, 0x00, 0xFF, 0xC0, 0x00, 0x00, 0x3F,
    0xE0, 0x00, 0x03, 0xFF, 0xF0, 0x00, 0x02, 0xFF, 0xF8, 0x00, 0x3F, 0xFF, 0xFF, 0x00, 0x2F, 0xFF,
    0xFF, 0xC0, 0x15, 0x55, 0x55, 0x00, 0x00, 0x00, 0x2F, 0xFF, 0xFF, 0xFF, 0x80, 0x00, 0x02, 0xFF,
    0xC1, 0xBF, 0xFC, 0x00, 0x00, 0xFF, 0x00, 0x02, 0xFF, 0x80, 0x00, 0xFF, 0x00, 0x00, 0xBF, 0xC0,
    0x00, 0xFF, 0x00, 0x00, 0x3F, 0xF0, 0x00, 0xFF, 0x00, 0x00, 0x2F, 0xF0, 0x00, 0xFF, 0x00, 0x00,
    0x1F, 0xF0, 0x00, 0xFF, 0x00, 0x00, 0x0F, 0xF0, 0x00, 0xFF, 0x00, 0x00, 0x2F, 0xF0, 0x00, 0xFF,
    0x00, 0x00, 0x2F, 0xF0, 0x00, 0xFF, 0x00, 0x00, 0x3F, 0xE0, 0x00, 0xFF, 0x00, 0x00, 0xFF, 0xC0,
    0x00, 0xFF, 0x00, 0x0B, 0xFF, 0x00, 0x00, 0xFF, 0xEA, 0xFF, 0xF8, 0x00, 0x00, 0xFF, 0xFF, 0xFE,
    0x80, 0x00, 0x00, 0xFF, 0x00, 0x00, 0x00, 0x00, 0x00, 0xFF, 0x00, 0x00, 0x00, 0x00, 0x00, 0xFF,
    0x00, 0x00, 0x00, 0x00, 0x00, 0xFF, 0x00, 0x00, 0x00, 0x00, 0x00, 0xFF, 0x00, 0x00, 0x00, 0x00,
    0x00, 0xFF, 0x00, 0x00, 0x00, 0x00, 0x00, 0xFF, 0x00, 0x00, 0x00, 0x00, 0x00, 0xFF, 0x00, 0x00,
    0x00, 0x00, 0x00, 0xFF, 0x00, 0x00, 0x00, 0x00, 0x00, 0xFF, 0x80, 0x00, 0x00, 0x00, 0x0B, 0xFF,
    0xE0, 0x00, 0x00, 0x00, 0xBF, 0xFF, 0xFF, 0x00, 0x00, 0x00, 0x00, 0x00, 0x0A, 0xFF, 0xA0, 0x03,
    0x00, 0x00, 0x01, 0xFF, 0xFF, 0xFF, 0xAF, 0x40, 0x00, 0x0F, 0xFE, 0x00, 0x1F, 0xFF, 0x80, 0x00,
    0x3F, 0xE0, 0x00, 0x00, 0xFF, 0x80, 0x00, 0xFF, 0x80, 0x00, 0x00, 0x3F, 0x80, 0x03, 0xFE, 0x00,
    0x00, 0x00, 0x0F, 0x80, 0x0B, 0xFC, 0x00, 0x00, 0x00, 0x0B, 0x80, 0x0F, 0xF8, 0x00, 0x00, 0x00,
    0x03, 0x80, 0x2F, 0xF0, 0x00, 0x00, 0x00, 0x03, 0x80, 0x3F, 0xF0, 0x00, 0x00, 0x00, 0x00, 0x00,
    0x3F, 0xE0, 0x00, 0x00, 0x00, 0x00, 0x00, 0xBF, 0xD0, 0x00, 0x00, 0x00, 0x00, 0x00, 0xBF, 0xC0,
    0x00, 0x00, 0x00, 0x00, 0x00, 0xBF, 0xC0, 0x00, 0x00, 0x00, 0x00, 0x00, 0xBF, 0xC0, 0x00, 0x00,
    0x00, 0x00, 0x00, 0xBF, 0xC0, 0x00, 0x00, 0x00, 0x00, 0x00, 0xBF, 0xC0, 0x00, 0x00, 0x00, 0x00,
    0x00, 0xBF, 0xE0, 0x00, 0x00, 0x00, 0x00, 0x00, 0x3F, 0xE0, 0x00, 0x00, 0x00, 0x00, 0x00, 0x3F,
    0xF0, 0x00, 0x00, 0x00, 0x00, 0x00, 0x2F, 0xF0, 0x00, 0x00, 0x00, 0x00, 0x00, 0x0F, 0xFC, 0x00,
    0x00, 0x00, 0x00, 0x00, 0x0B, 0xFE, 0x00, 0x00, 0x00, 0x00, 0x80, 0x03, 0xFF, 0x00, 0x00, 0x00,
    0x03, 0xC0, 0x00, 0xFF, 0xC0, 0x00, 0x00, 0x1F, 0x00, 0x00, 0x3F, 0xF8, 0x00, 0x00, 0xFC, 0x00,
    0x00, 0x0B, 0xFF, 0xEA, 0xAF, 0xD0, 0x00, 0x00, 0x00, 0xBF, 0xFF, 0xFE, 0x00, 0x00, 0x00, 0x00,
    0x00, 0x69, 0x00, 0x00, 0x00, 0x15, 0x55, 0x55, 0x55, 0x55, 0x55, 0x00, 0x3F, 0xFF, 0xFF, 0xFF,
    0xFF, 0xFF, 0x00, 0x3F, 0xFA, 0xAF, 0xFE, 0xAA, 0xFF, 0x00, 0x3F, 0x00, 0x0B, 0xF8, 0x00, 0x2F,
    0x00, 0x3C, 0x00, 0x0B, 0xF8, 0x00, 0x0B, 0x00, 0x34, 0x00, 0x0B, 0xF8, 0x00, 0x03, 0x00, 0x30,
    0x00, 0x0B, 0xF8, 0x00, 0x03, 0x40, 0x20, 0x00, 0x0B, 0xF8, 0x00, 0x02, 0x00, 0x00, 0x00, 0x0B,
    0xF8, 0x00, 0x00, 0x00, 0x00, 0x00, 0x0B, 0xF8, 0x00, 0x00, 0x00, 0x00, 0x00, 0x0B, 0xF8, 0x00,
    0x00, 0x00, 0x00, 0x00, 0x0B, 0xF8, 0x00, 0x00, 0x00, 0x00, 0x00, 0x0B, 0xF8, 0x00, 0x00, 0x00,
    0x00, 0x00, 0x0B, 0xF8, 0x00, 0x00, 0x00, 0x00, 0x00, 0x0B, 0xF8, 0x00, 0x00, 0x00, 0x00, 0x00,
    0x0B, 0xF8, 0x00, 0x00, 0x00, 0x00, 0x00, 0x0B, 0xF8, 0x00, 0x00, 0x00, 0x00, 0x00, 0x0B, 0xF8,
    0x00, 0x00, 0x00, 0x00, 0x00, 0x0B, 0xF8, 0x00, 0x00, 0x00, 0x00, 0x00, 0x0B, 0xF8, 0x00, 0x00,
    0x00, 0x00, 0x00, 0x0B, 0xF8, 0x00, 0x00, 0x00, 0x00, 0x00, 0x0B, 0xF8, 0x00, 0x00, 0x00, 0x00,
    0x00, 0x0B, 0xF8, 0x00, 0x00, 0x00, 0x00, 0x00, 0x0B, 0xF8, 0x00, 0x00, 0x00, 0x00, 0x00, 0x0B,
    0xF8, 0x00, 0x00, 0x00, 0x00, 0x00, 0x0F, 0xFC, 0x00, 0x00, 0x00, 0x00, 0x00, 0x3F, 0xFF, 0x00,
    0x00, 0x00, 0x00, 0x03, 0xFF, 0xFF, 0xF0, 0x00, 0x00, 0x15, 0x55, 0x55, 0x40, 0x00, 0x05, 0x55,
    0x50, 0x3F, 0xFF, 0xFF, 0x80, 0x00, 0x2F, 0xFF, 0xE0, 0x02, 0xFF, 0xF0, 0x00, 0x00, 0x00, 0xFE,
    0x00, 0x00, 0xBF, 0xF0, 0x00, 0x00, 0x00, 0xF8, 0x00, 0x00, 0x2F, 0xFC, 0x00, 0x00, 0x02, 0xF0,
    0x00, 0x00, 0x0F, 0xFE, 0x00, 0x00, 0x03, 0xC0, 0x00, 0x00, 0x03, 0xFF, 0x00, 0x00, 0x0B, 0x80,
    0x00, 0x00, 0x02, 0xFF, 0xC0, 0x00, 0x0F, 0x00, 0x00, 0x00, 0x00, 0xFF, 0xE0, 0x00, 0x2E, 0x00,
    0x00, 0x00, 0x00, 0x3F, 0xF0, 0x00, 0x3C, 0x00, 0x00, 0x00, 0x00, 0x2F, 0xFC, 0x00, 0xB8, 0x00,
    0x00, 0x00, 0x00, 0x0F, 0xFE, 0x00, 0xF0, 0x00, 0x00, 0x00, 0x00, 0x03, 0xFF, 0x02, 0xE0, 0x00,
    0x00, 0x00, 0x00, 0x02, 0xFF, 0xC3, 0xC0, 0x00, 0x00, 0x00, 0x00, 0x00, 0xFF, 0xEB, 0x80, 0x00,
    0x00, 0x00, 0x00, 0x00, 0x3F, 0xFF, 0x00, 0x00, 0x00, 0x00, 0x00, 0x00, 0x2F, 0xFE, 0x00, 0x00,
    0x00, 0x00, 0x00, 0x00, 0x0F, 0xFC, 0x00, 0x00, 0x00, 0x00, 0x00, 0x00, 0x03, 0xF4, 0x00, 0x00,
    0x00, 0x00, 0x00, 0x00, 0x02, 0xF0, 0x00, 0x00, 0x00, 0x00, 0x00, 0x00, 0x03, 0xC0, 0x00, 0x00,
    0x00, 0x00, 0x00, 0x00, 0x03, 0xC0, 0x00, 0x00, 0x00, 0x00, 0x00, 0x00, 0x0F, 0x00, 0x00, 0x00,
    0x00, 0x00, 0x0A, 0x80, 0x1F, 0x00, 0x00, 0x00, 0x00, 0x00, 0x1F, 0xE0, 0x3C, 0x00, 0x00, 0x00,
    0x00, 0x00, 0x2F, 0xF8, 0xB8, 0x00, 0x00, 0x00, 0x00, 0x00, 0x1F, 0xFF, 0xF0, 0x00, 0x00, 0x00,
    0x00, 0x00, 0x0B, 0xFF, 0x80, 0x00, 0x00, 0x00, 0x00, 0x00, 0x00, 0x60, 0x00, 0x00, 0x00, 0x00,
    0x00, 0x00, 0x00, 0x15, 0x55, 0x55, 0x00, 0x00, 0x00, 0x00, 0x00, 0x2F, 0xFF, 0xFE, 0x00, 0x00,
    0x00, 0x00, 0x00, 0x02, 0xFF, 0xC0, 0x00, 0x00, 0x00, 0x00, 0x00, 0x00, 0xFF, 0x80, 0x00, 0x00,
    0x00, 0x00, 0x00, 0x00, 0xFF, 0x80, 0x00, 0x00, 0x00, 0x00, 0x00, 0x0A, 0xFF, 0xE8, 0x00, 0x00,
    0x00, 0x00, 0x0B, 0xFF, 0xFF, 0xFF, 0xF8, 0x00, 0x00, 0x00, 0xFF, 0x80, 0xFF, 0x80, 0xFF, 0x80,
    0x00, 0x07, 0xFC, 0x00, 0xFF, 0x80, 0x2F, 0xF0, 0x00, 0x1F, 0xF4, 0x00, 0xFF, 0x80, 0x0B, 0xFC,
    0x00, 0x3F, 0xE0, 0x00, 0xFF, 0x80, 0x03, 0xFE, 0x00, 0xBF, 0xC0, 0x00, 0xFF, 0x80, 0x02, 0xFF,
    0x00, 0xBF, 0xC0, 0x00, 0xFF, 0x80, 0x01, 0xFF, 0x00, 0xFF, 0xC0, 0x00, 0xFF, 0x80, 0x00, 0xFF,
    0x80, 0xFF, 0xC0, 0x00, 0xFF, 0x80, 0x00, 0xFF, 0x80, 0xBF, 0xC0, 0x00, 0xFF, 0x80, 0x00, 0xFF,
    0x80, 0xBF, 0xC0, 0x00, 0xFF, 0x80, 0x02, 0xFF, 0x00, 0x3F, 0xE0, 0x00, 0xFF, 0x80, 0x03, 0xFF,
    0x00, 0x2F, 0xF0, 0x00, 0xFF, 0x80, 0x03, 0xFD, 0x00, 0x0F, 0xF8, 0x00, 0xFF, 0x80, 0x0F, 0xF8,
    0x00, 0x02, 0xFE, 0x00, 0xFF, 0x80, 0x3F, 0xE0, 0x00, 0x00, 0x7F, 0xE4, 0xFF, 0x8B, 0xFE, 0x00,
    0x00, 0x00, 0x02, 0xFF, 0xFF, 0xFF, 0xA0, 0x00, 0x00, 0x00, 0x00, 0x00, 0xFF, 0x80, 0x00, 0x00,
    0x00, 0x00, 0x00, 0x00, 0xFF, 0x80, 0x00, 0x00, 0x00, 0x00, 0x00, 0x00, 0xFF, 0xC0, 0x00, 0x00,
    0x00, 0x00, 0x00, 0x07, 0xFF, 0xE0, 0x00, 0x00, 0x00, 0x00, 0x00, 0xBF, 0xFF, 0xFF, 0x00, 0x00,
    0x00, 0x15, 0x55, 0x55, 0x40, 0x01, 0x55, 0x55, 0x00, 0x2F, 0xFF, 0xFE, 0x80, 0x02, 0xFF, 0xFF,
    0x80, 0x01, 0xFF, 0xF8, 0x00, 0x00, 0x2F, 0xE0, 0x00, 0x00, 0x3F, 0xF8, 0x00, 0x00, 0x2F, 0x80,
    0x00, 0x00, 0x0F, 0xFC, 0x00, 0x00, 0x3E, 0x00, 0x00, 0x00, 0x0B, 0xFE, 0x00, 0x00, 0xF8, 0x00,
    0x00, 0x00, 0x03, 0xFF, 0x00, 0x03, 0xE0, 0x00, 0x00, 0x00, 0x00, 0xFF, 0xC0, 0x0B, 0xC0, 0x00,
    0x00, 0x00, 0x00, 0x7F, 0xE0, 0x2F, 0x00, 0x00, 0x00, 0x00, 0x00, 0x2F, 0xF0, 0x3C, 0x00, 0x00,
    0x00, 0x00, 0x00, 0x0F, 0xFC, 0xF8, 0x00, 0x00, 0x00, 0x00, 0x00, 0x03, 0xFF, 0xE0, 0x00, 0x00,
    0x00, 0x00, 0x00, 0x02, 0xFF, 0xC0, 0x00, 0x00, 0x00, 0x00, 0x00, 0x00, 0xFF, 0xC0, 0x00, 0x00,
    0x00, 0x00, 0x00, 0x00, 0xBF, 0xF0, 0x00, 0x00, 0x00, 0x00, 0x00, 0x00, 0xFF, 0xF8, 0x00, 0x00,
    0x00, 0x00, 0x00, 0x03, 0xFF, 0xFC, 0x00, 0x00, 0x00, 0x00, 0x00, 0x0B, 0xC3, 0xFF, 0x00, 0x00,
    0x00, 0x00, 0x00, 0x2F, 0x02, 0xFF, 0x80, 0x00, 0x00, 0x00, 0x00, 0x7C, 0x00, 0xFF, 0xD0, 0x00,
    0x00, 0x00, 0x00, 0xF8, 0x00, 0x3F, 0xF0, 0x00, 0x00, 0x00, 0x03, 0xE0, 0x00, 0x2F, 0xFC, 0x00,
    0x00, 0x00, 0x0F, 0xC0, 0x00, 0x0F, 0xFE, 0x00, 0x00, 0x00, 0x2F, 0x00, 0x00, 0x03, 0xFF, 0x00,
    0x00, 0x00, 0xBE, 0x00, 0x00, 0x02, 0xFF, 0xC0, 0x00, 0x02, 0xFC, 0x00, 0x00, 0x00, 0xFF, 0xF0,
    0x00, 0x0B, 0xFF, 0x00, 0x00, 0x02, 0xFF, 0xFC, 0x00, 0xBF, 0xFF, 0xF0, 0x00, 0x3F, 0xFF, 0xFF,
    0xC0, 0x15, 0x55, 0x55, 0x00, 0x05, 0x55, 0x55, 0x00, 0x2F, 0xFF, 0xFE, 0x00, 0x1B, 0xFF, 0xFF,
    0x80, 0x01, 0xFF, 0xE0, 0x00, 0x00, 0xBF, 0xF0, 0x00, 0x00, 0xFF, 0xC0, 0x00, 0x00, 0x3F, 0xE0,
    0x00, 0x00, 0xBF, 0x80, 0x00, 0x00, 0x3F, 0xC0, 0x00, 0x00, 0xBF, 0x80, 0x00, 0x00, 0x3F, 0xC0,
    0x00, 0x00, 0xBF, 0x80, 0x00, 0x00, 0x3F, 0xC0, 0x00, 0x00, 0xBF, 0x80, 0x00, 0x00, 0x3F, 0xC0,
    0x00, 0x00, 0xBF, 0x80, 0x00, 0x00, 0x3F, 0xC0, 0x00, 0x00, 0xBF, 0x80, 0x00, 0x00, 0x3F, 0xC0,
    0x00, 0x00, 0xBF, 0x80, 0x00, 0x00, 0x3F, 0xC0, 0x00, 0x00, 0xBF, 0x80, 0x00, 0x00, 0x3F, 0xC0,
    0x00, 0x00, 0xBF, 0x80, 0x00, 0x00, 0x3F, 0xC0, 0x00, 0x00, 0xBF, 0x80, 0x00, 0x00, 0x3F, 0xC0,
    0x00, 0x00, 0xBF, 0x80, 0x00, 0x00, 0x3F, 0xC0, 0x00, 0x00, 0xBF, 0x80, 0x00, 0x00, 0x3F, 0xC0,
    0x00, 0x00, 0xBF, 0x80, 0x00, 0x00, 0x3F, 0xC0, 0x00, 0x00, 0xBF, 0x80, 0x00, 0x00, 0x3F, 0xC0,
    0x00, 0x00, 0xBF, 0x80, 0x00, 0x00, 0x3F, 0xC0, 0x00, 0x00, 0xBF, 0x80, 0x00, 0x00, 0x3F, 0xC0,
    0x00, 0x00, 0xBF, 0x80, 0x00, 0x00, 0x3F, 0xC0, 0x00, 0x00, 0xBF, 0x80, 0x00, 0x00, 0x3F, 0xC0,
    0x00, 0x00, 0xBF, 0x80, 0x00, 0x00, 0x3F, 0xC0, 0x00, 0x00, 0xBF, 0x80, 0x00, 0x00, 0x3F, 0xD0,
    0x00, 0x00, 0xBF, 0xC0, 0x00, 0x00, 0x3F, 0xE0, 0x00, 0x00, 0xFF, 0xE0, 0x00, 0x00, 0xFF, 0xF0,
    0x00, 0x03, 0xFF, 0xFF, 0xFF, 0xFF, 0xFF, 0xFE, 0x80, 0x3F, 0xFF, 0xFF, 0xFF, 0xFF, 0xFF, 0xFF,
    0xE0, 0x00, 0x00, 0x00, 0x00, 0x00, 0x00, 0x2F, 0xE0, 0x00, 0x00, 0x00, 0x00, 0x00, 0x00, 0x0B,
    0xE0, 0x00, 0x00, 0x00, 0x00, 0x00, 0x00, 0x03, 0xE0, 0x00, 0x00, 0x00, 0x00, 0x00, 0x00, 0x02,
    0xE0, 0x00, 0x00, 0x00, 0x00, 0x00, 0x00, 0x00, 0xE0, 0x00, 0x00, 0x00, 0x00, 0x00, 0x00, 0x00,
    0xE0, 0x00, 0x00, 0x00, 0x00, 0x00, 0x00, 0x00, 0xA0, 0x00, 0x00, 0x00, 0x00, 0x00, 0x00, 0x00,
    0x00, 0x15, 0x55, 0x55, 0x00, 0x55, 0x55, 0x54, 0x2F, 0xFF, 0xFE, 0x00, 0xBF, 0xFF, 0xF8, 0x02,
    0xFF, 0xC0, 0x00, 0x03, 0xFF, 0x80, 0x00, 0xFF, 0x80, 0x00, 0x02, 0xFF, 0x00, 0x00, 0xFF, 0x80,
    0x00, 0x01, 0xFF, 0x00, 0x00, 0xFF, 0x80, 0x00, 0x01, 0xFF, 0x00, 0x00, 0xFF, 0x80, 0x00, 0x01,
    0xFF, 0x00, 0x00, 0xFF, 0x80, 0x00, 0x01, 0xFF, 0x00, 0x00, 0xFF, 0x80, 0x00, 0x01, 0xFF, 0x00,
    0x00, 0xFF, 0x80, 0x00, 0x01, 0xFF, 0x00, 0x00, 0xFF, 0x80, 0x00, 0x01, 0xFF, 0x00, 0x00, 0xFF,
    0x80, 0x00, 0x01, 0xFF, 0x00, 0x00, 0xBF, 0xC0, 0x00, 0x01, 0xFF, 0x00, 0x00, 0x3F, 0xE0, 0x00,
    0x02, 0xFF, 0x00, 0x00, 0x2F, 0xFD, 0x00, 0xAF, 0xFF, 0x00, 0x00, 0x0B, 0xFF, 0xFF, 0xE6, 0xFF,
    0x00, 0x00, 0x00, 0x2A, 0xA4, 0x01, 0xFF, 0x00, 0x00, 0x00, 0x00, 0x00, 0x01, 0xFF, 0x00, 0x00,
    0x00, 0x00, 0x00, 0x01, 0xFF, 0x00, 0x00, 0x00, 0x00, 0x00, 0x01, 0xFF, 0x00, 0x00, 0x00, 0x00,
    0x00, 0x01, 0xFF, 0x00, 0x00, 0x00, 0x00, 0x00, 0x01, 0xFF, 0x00, 0x00, 0x00, 0x00, 0x00, 0x01,
    0xFF, 0x00, 0x00, 0x00, 0x00, 0x00, 0x01, 0xFF, 0x00, 0x00, 0x00, 0x00, 0x00, 0x02, 0xFF, 0x00,
    0x00, 0x00, 0x00, 0x00, 0x02, 0xFF, 0x00, 0x00, 0x00, 0x00, 0x00, 0x0B, 0xFF, 0xE0, 0x00, 0x00,
    0x00, 0x00, 0xFF, 0xFF, 0xFE, 0x15, 0x55, 0x54, 0x05, 0x55, 0x55, 0x05, 0x55, 0x55, 0x00, 0x2F,
    0xFF, 0xFE, 0x0B, 0xFF, 0xFE, 0x0B, 0xFF, 0xFF, 0x80, 0x01, 0xFF, 0xC0, 0x00, 0xFF, 0xE0, 0x00,
    0xBF, 0xF0, 0x00, 0x00, 0xFF, 0xC0, 0x00, 0xBF, 0xC0, 0x00, 0x3F, 0xD0, 0x00, 0x00, 0xBF, 0x80,
    0x00, 0x3F, 0xC0, 0x00, 0x3F, 0xC0, 0x00, 0x00, 0xBF, 0x80, 0x00, 0x3F, 0xC0, 0x00, 0x3F, 0xC0,
    0x00, 0x00, 0xBF, 0x80, 0x00, 0x3F, 0xC0, 0x00, 0x3F, 0xC0, 0x00, 0x00, 0xBF, 0x80, 0x00, 0x3F,
    0xC0, 0x00, 0x3F, 0xC0, 0x00, 0x00, 0xBF, 0x80, 0x00, 0x3F, 0xC0, 0x00, 0x3F, 0xC0, 0x00, 0x00,
    0xBF, 0x80, 0x00, 0x3F, 0xC0, 0x00, 0x3F, 0xC0, 0x00, 0x00, 0xBF, 0x80, 0x00, 0x3F, 0xC0, 0x00,
    0x3F, 0xC0, 0x00, 0x00, 0xBF, 0x80, 0x00, 0x3F, 0xC0, 0x00, 0x3F, 0xC0, 0x00, 0x00, 0xBF, 0x80,
    0x00, 0x3F, 0xC0, 0x00, 0x3F, 0xC0, 0x00, 0x00, 0xBF, 0x80, 0x00, 0x3F, 0xC0, 0x00, 0x3F, 0xC0,
    0x00, 0x00, 0xBF, 0x80, 0x00, 0x3F, 0xC0, 0x00, 0x3F, 0xC0, 0x00, 0x00, 0xBF, 0x80, 0x00, 0x3F,
    0xC0, 0x00, 0x3F, 0xC0, 0x00, 0x00, 0xBF, 0x80, 0x00, 0x3F, 0xC0, 0x00, 0x3F, 0xC0, 0x00, 0x00,
    0xBF, 0x80, 0x00, 0x3F, 0xC0, 0x00, 0x3F, 0xC0, 0x00, 0x00, 0xBF, 0x80, 0x00, 0x3F, 0xC0, 0x00,
    0x3F, 0xC0, 0x00, 0x00, 0xBF, 0x80, 0x00, 0x3F, 0xC0, 0x00, 0x3F, 0xC0, 0x00, 0x00, 0xBF, 0x80,
    0x00, 0x3F, 0xC0, 0x00, 0x3F, 0xC0, 0x00, 0x00, 0xBF, 0x80, 0x00, 0x3F, 0xC0, 0x00, 0x3F, 0xC0,
    0x00, 0x00, 0xBF, 0x80, 0x00, 0x3F, 0xC0, 0x00, 0x3F, 0xC0, 0x00, 0x00, 0xBF, 0x80, 0x00, 0x7F,
    0xC0, 0x00, 0x3F, 0xC0, 0x00, 0x00, 0xBF, 0xC0, 0x00, 0xBF, 0xC0, 0x00, 0x3F, 0xC0, 0x00, 0x00,
    0xFF, 0xE0, 0x01, 0xFF, 0xF0, 0x00, 0xFF, 0xE0, 0x00, 0x03, 0xFF, 0xFF, 0xAF, 0xFF, 0xFF, 0xAF,
    0xFF, 0xF8, 0x00, 0x3F, 0xFF, 0xFF, 0xFF, 0xFF, 0xFF, 0xFF, 0xFF, 0xFF, 0xC0, 0x15, 0x55, 0x54,
    0x05, 0x55, 0x55, 0x05, 0x55, 0x55, 0x00, 0x2F, 0xFF, 0xFE, 0x0B, 0xFF, 0xFE, 0x0B, 0xFF, 0xFF,
    0x80, 0x01, 0xFF, 0xC0, 0x00, 0xFF, 0xE0, 0x00, 0xBF, 0xF0, 0x00, 0x00, 0xFF, 0xC0, 0x00, 0xBF,
    0xC0, 0x00, 0x3F, 0xD0, 0x00, 0x00, 0xBF, 0x80, 0x00, 0x3F, 0xC0, 0x00, 0x3F, 0xC0, 0x00, 0x00,
    0xBF, 0x80, 0x00, 0x3F, 0xC0, 0x00, 0x3F, 0xC0, 0x00, 0x00, 0xBF, 0x80, 0x00, 0x3F, 0xC0, 0x00,
    0x3F, 0xC0, 0x00, 0x00, 0xBF, 0x80, 0x00, 0x3F, 0xC0, 0x00, 0x3F, 0xC0, 0x00, 0x00, 0xBF, 0x80,
    0x00, 0x3F, 0xC0, 0x00, 0x3F, 0xC0, 0x00, 0x00, 0xBF, 0x80, 0x00, 0x3F, 0xC0, 0x00, 0x3F, 0xC0,
    0x00, 0x00, 0xBF, 0x80, 0x00, 0x3F, 0xC0, 0x00, 0x3F, 0xC0, 0x00, 0x00, 0xBF, 0x80, 0x00, 0x3F,
    0xC0, 0x00, 0x3F, 0xC0, 0x00, 0x00, 0xBF, 0x80, 0x00, 0x3F, 0xC0, 0x00, 0x3F, 0xC0, 0x00, 0x00,
    0xBF, 0x80, 0x00, 0x3F, 0xC0, 0x00, 0x3F, 0xC0, 0x00, 0x00, 0xBF, 0x80, 0x00, 0x3F, 0xC0, 0x00,
    0x3F, 0xC0, 0x00, 0x00, 0xBF, 0x80, 0x00, 0x3F, 0xC0, 0x00, 0x3F, 0xC0, 0x00, 0x00, 0xBF, 0x80,
    0x00, 0x3F, 0xC0, 0x00, 0x3F, 0xC0, 0x00, 0x00, 0xBF, 0x80, 0x00, 0x3F, 0xC0, 0x00, 0x3F, 0xC0,
    0x00, 0x00, 0xBF, 0x80, 0x00, 0x3F, 0xC0, 0x00, 0x3F, 0xC0, 0x00, 0x00, 0xBF, 0x80, 0x00, 0x3F,
    0xC0, 0x00, 0x3F, 0xC0, 0x00, 0x00, 0xBF, 0x80, 0x00, 0x3F, 0xC0, 0x00, 0x3F, 0xC0, 0x00, 0x00,
    0xBF, 0x80, 0x00, 0x3F, 0xC0, 0x00, 0x3F, 0xC0, 0x00, 0x00, 0xBF, 0x80, 0x00, 0x3F, 0xC0, 0x00,
    0x3F, 0xC0, 0x00, 0x00, 0xBF, 0x80, 0x00, 0x7F, 0xC0, 0x00, 0x3F, 0xD0, 0x00, 0x00, 0xBF, 0xC0,
    0x00, 0xBF, 0xC0, 0x00, 0x3F, 0xE0, 0x00, 0x00, 0xFF, 0xE0, 0x01, 0xFF, 0xF0, 0x00, 0xFF, 0xF0,
    0x00, 0x03, 0xFF, 0xFF, 0xAF, 0xFF, 0xFF, 0xAF, 0xFF, 0xFE, 0x80, 0x3F, 0xFF, 0xFF, 0xFF, 0xFF,
    0xFF, 0xFF, 0xFF, 0xFF, 0xE0, 0x00, 0x00, 0x00, 0x00, 0x00, 0x00, 0x00, 0x00, 0x2F, 0xE0, 0x00,
    0x00, 0x00, 0x00, 0x00, 0x00, 0x00, 0x00, 0x0B, 0xE0, 0x00, 0x00, 0x00, 0x00, 0x00, 0x00, 0x00,
    0x00, 0x03, 0xE0, 0x00, 0x00, 0x00, 0x00, 0x00, 0x00, 0x00, 0x00, 0x02, 0xE0, 0x00, 0x00, 0x00,
    0x00, 0x00, 0x00, 0x00, 0x00, 0x00, 0xE0, 0x00, 0x00, 0x00, 0x00, 0x00, 0x00, 0x00, 0x00, 0x00,
    0xE0, 0x00, 0x00, 0x00, 0x00, 0x00, 0x00, 0x00, 0x00, 0x00, 0xA0, 0x00, 0x00, 0x00, 0x00, 0x00,
    0x00, 0x00, 0x00, 0x00, 0x00, 0x15, 0x55, 0x55, 0x55, 0x40, 0x00, 0x00, 0x00, 0x7F, 0xFF, 0xFF,
    0xFF, 0xA0, 0x00, 0x00, 0x00, 0x7F, 0xFA, 0xAF, 0xFC, 0x00, 0x00, 0x00, 0x00, 0xBE, 0x00, 0x0F,
    0xF0, 0x00, 0x00, 0x00, 0x00, 0xB8, 0x00, 0x0F, 0xF0, 0x00, 0x00, 0x00, 0x00, 0xB0, 0x00, 0x0F,
    0xF0, 0x00, 0x00, 0x00, 0x00, 0xB0, 0x00, 0x0F, 0xF0, 0x00, 0x00, 0x00, 0x00, 0x60, 0x00, 0x0F,
    0xF0, 0x00, 0x00, 0x00, 0x00, 0x00, 0x00, 0x0F, 0xF0, 0x00, 0x00, 0x00, 0x00, 0x00, 0x00, 0x0F,
    0xF0, 0x00, 0x00, 0x00, 0x00, 0x00, 0x00, 0x0F, 0xF0, 0x00, 0x00, 0x00, 0x00, 0x00, 0x00, 0x0F,
    0xF0, 0x00, 0x00, 0x00, 0x00, 0x00, 0x00, 0x0F, 0xF9, 0x54, 0x00, 0x00, 0x00, 0x00, 0x00, 0x0F,
    0xFF, 0xFF, 0xFF, 0x80, 0x00, 0x00, 0x00, 0x0F, 0xF0, 0x1A, 0xFF, 0xF8, 0x00, 0x00, 0x00, 0x0F,
    0xF0, 0x00, 0x0B, 0xFF, 0x00, 0x00, 0x00, 0x0F, 0xF0, 0x00, 0x02, 0xFF, 0x80, 0x00, 0x00, 0x0F,
    0xF0, 0x00, 0x00, 0xFF, 0xC0, 0x00, 0x00, 0x0F, 0xF0, 0x00, 0x00, 0x7F, 0xE0, 0x00, 0x00, 0x0F,
    0xF0, 0x00, 0x00, 0x3F, 0xE0, 0x00, 0x00, 0x0F, 0xF0, 0x00, 0x00, 0x3F, 0xE0, 0x00, 0x00, 0x0F,
    0xF0, 0x00, 0x00, 0x3F, 0xE0, 0x00, 0x00, 0x0F, 0xF0, 0x00, 0x00, 0xBF, 0xC0, 0x00, 0x00, 0x0F,
    0xF0, 0x00, 0x00, 0xFF, 0xC0, 0x00, 0x00, 0x0F, 0xF0, 0x00, 0x03, 0xFF, 0x00, 0x00, 0x00, 0x2F,
    0xF8, 0x00, 0x2F, 0xFC, 0x00, 0x00, 0x00, 0xBF, 0xFF, 0xFF, 0xFF, 0xF0, 0x00, 0x00, 0x0F, 0xFF,
    0xFF, 0xFF, 0xFA, 0x00, 0x00, 0x15, 0x55, 0x55, 0x00, 0x00, 0x00, 0x05, 0x55, 0x55, 0x40, 0x2F,
    0xFF, 0xFE, 0x00, 0x00, 0x00, 0x0B, 0xFF, 0xFF, 0x80, 0x01, 0xFF, 0xE0, 0x00, 0x00, 0x00, 0x00,
    0xBF, 0xF0, 0x00, 0x00, 0xFF, 0xC0, 0x00, 0x00, 0x00, 0x00, 0x3F, 0xE0, 0x00, 0x00, 0xBF, 0x80,
    0x00, 0x00, 0x00, 0x00, 0x3F, 0xE0, 0x00, 0x00, 0xBF, 0x80, 0x00, 0x00, 0x00, 0x00, 0x3F, 0xE0,
    0x00, 0x00, 0xBF, 0x80, 0x00, 0x00, 0x00, 0x00, 0x3F, 0xE0, 0x00, 0x00, 0xBF, 0x80, 0x00, 0x00,
    0x00, 0x00, 0x3F, 0xE0, 0x00, 0x00, 0xBF, 0x80, 0x00, 0x00, 0x00, 0x00, 0x3F, 0xE0, 0x00, 0x00,
    0xBF, 0x80, 0x00, 0x00, 0x00, 0x00, 0x3F, 0xE0, 0x00, 0x00, 0xBF, 0x80, 0x00, 0x00, 0x00, 0x00,
    0x3F, 0xE0, 0x00, 0x00, 0xBF, 0x80, 0x00, 0x00, 0x00, 0x00, 0x3F, 0xE0, 0x00, 0x00, 0xBF, 0xD5,
    0x40, 0x00, 0x00, 0x00, 0x3F, 0xE0, 0x00, 0x00, 0xBF, 0xFF, 0xFF, 0xFA, 0x00, 0x00, 0x3F, 0xE0,
    0x00, 0x00, 0xBF, 0xC0, 0x6B, 0xFF, 0xE0, 0x00, 0x3F, 0xE0, 0x00, 0x00, 0xBF, 0x80, 0x00, 0x3F,
    0xF8, 0x00, 0x3F, 0xE0, 0x00, 0x00, 0xBF, 0x80, 0x00, 0x0F, 0xFD, 0x00, 0x3F, 0xE0, 0x00, 0x00,
    0xBF, 0x80, 0x00, 0x03, 0xFF, 0x00, 0x3F, 0xE0, 0x00, 0x00, 0xBF, 0x80, 0x00, 0x02, 0xFF, 0x00,
    0x3F, 0xE0, 0x00, 0x00, 0xBF, 0x80, 0x00, 0x02, 0xFF, 0x00, 0x3F, 0xE0, 0x00, 0x00, 0xBF, 0x80,
    0x00, 0x02, 0xFF, 0x00, 0x3F, 0xE0, 0x00, 0x00, 0xBF, 0x80, 0x00, 0x02, 0xFF, 0x00, 0x3F, 0xE0,
    0x00, 0x00, 0xBF, 0x80, 0x00, 0x03, 0xFF, 0x00, 0x3F, 0xE0, 0x00, 0x00, 0xBF, 0x80, 0x00, 0x03,
    0xFE, 0x00, 0x3F, 0xE0, 0x00, 0x00, 0xBF, 0x80, 0x00, 0x0F, 0xFC, 0x00, 0x3F, 0xE0, 0x00, 0x00,
    0xFF, 0xC0, 0x00, 0xBF, 0xF0, 0x00, 0x3F, 0xF0, 0x00, 0x03, 0xFF, 0xFF, 0xFF, 0xFF, 0x80, 0x01,
    0xFF, 0xF8, 0x00, 0x3F, 0xFF, 0xFF, 0xFF, 0xE4, 0x00, 0x2F, 0xFF, 0xFF, 0xC0, 0x15, 0x55, 0x55,
    0x00, 0x00, 0x00, 0x00, 0x2F, 0xFF, 0xFE, 0x00, 0x00, 0x00, 0x00, 0x01, 0xFF, 0xE0, 0x00, 0x00,
    0x00, 0x00, 0x00, 0xFF, 0xC0, 0x00, 0x00, 0x00, 0x00, 0x00, 0xBF, 0x80, 0x00, 0x00, 0x00, 0x00,
    0x00, 0xBF, 0x80, 0x00, 0x00, 0x00, 0x00, 0x00, 0xBF, 0x80, 0x00, 0x00, 0x00, 0x00, 0x00, 0xBF,
    0x80, 0x00, 0x00, 0x00, 0x00, 0x00, 0xBF, 0x80, 0x00, 0x00, 0x00, 0x00, 0x00, 0xBF, 0x80, 0x00,
    0x00, 0x00, 0x00, 0x00, 0xBF, 0x80, 0x00, 0x00, 0x00, 0x00, 0x00, 0xBF, 0x80, 0x00, 0x00, 0x00,
    0x00, 0x00, 0xBF, 0xD5, 0x40, 0x00, 0x00, 0x00, 0x00, 0xBF, 0xFF, 0xFF, 0xFA, 0x00, 0x00, 0x00,
    0xBF, 0xC0, 0x6B, 0xFF, 0xE0, 0x00, 0x00, 0xBF, 0x80, 0x00, 0x3F, 0xF8, 0x00, 0x00, 0xBF, 0x80,
    0x00, 0x0F, 0xFD, 0x00, 0x00, 0xBF, 0x80, 0x00, 0x03, 0xFF, 0x00, 0x00, 0xBF, 0x80, 0x00, 0x02,
    0xFF, 0x00, 0x00, 0xBF, 0x80, 0x00, 0x02, 0xFF, 0x00, 0x00, 0xBF, 0x80, 0x00, 0x02, 0xFF, 0x00,
    0x00, 0xBF, 0x80, 0x00, 0x02, 0xFF, 0x00, 0x00, 0xBF, 0x80, 0x00, 0x03, 0xFF, 0x00, 0x00, 0xBF,
    0x80, 0x00, 0x03, 0xFE, 0x00, 0x00, 0xBF, 0x80, 0x00, 0x0F, 0xFC, 0x00, 0x00, 0xFF, 0xC0, 0x00,
    0xBF, 0xF0, 0x00, 0x03, 0xFF, 0xFF, 0xFF, 0xFF, 0x80, 0x00, 0x3F, 0xFF, 0xFF, 0xFF, 0xE4, 0x00,
    0x00, 0x30, 0x02, 0xBF, 0xE8, 0x00, 0x00, 0x00, 0x3E, 0xBF, 0xFF, 0xFF, 0xE0, 0x00, 0x00, 0x3F,
    0xFE, 0x00, 0x1F, 0xFD, 0x00, 0x00, 0x3F, 0xE0, 0x00, 0x00, 0xFF, 0x80, 0x00, 0x3F, 0x80, 0x00,
    0x00, 0x3F, 0xE0, 0x00, 0x3E, 0x00, 0x00, 0x00, 0x0F, 0xF0, 0x00, 0x3C, 0x00, 0x00, 0x00, 0x0B,
    0xFC, 0x00, 0x38, 0x00, 0x00, 0x00, 0x03, 0xFE, 0x00, 0x30, 0x00, 0x00, 0x00, 0x02, 0xFF, 0x00,
    0x20, 0x00, 0x00, 0x00, 0x02, 0xFF, 0x00, 0x00, 0x00, 0x00, 0x00, 0x00, 0xFF, 0x80, 0x00, 0x00,
    0x00, 0x00, 0x00, 0xFF, 0xC0, 0x00, 0x00, 0x15, 0x55, 0x55, 0xFF, 0xC0, 0x00, 0x00, 0xBF, 0xFF,
    0xFF, 0xFF, 0xC0, 0x00, 0x00, 0x2A, 0xAA, 0xAA, 0xFF, 0xC0, 0x00, 0x00, 0x00, 0x00, 0x00, 0xFF,
    0xC0, 0x00, 0x00, 0x00, 0x00, 0x00, 0xFF, 0xC0, 0x00, 0x00, 0x00, 0x00, 0x00, 0xFF, 0xC0, 0x00,
    0x00, 0x00, 0x00, 0x01, 0xFF, 0x80, 0x00, 0x00, 0x00, 0x00, 0x02, 0xFF, 0x00, 0x00, 0x00, 0x00,
    0x00, 0x03, 0xFF, 0x00, 0x00, 0x00, 0x00, 0x00, 0x0B, 0xFE, 0x00, 0x00, 0x00, 0x00, 0x00, 0x0F,
    0xFC, 0x00, 0xB4, 0x00, 0x00, 0x00, 0x3F, 0xF0, 0x00, 0x2E, 0x00, 0x00, 0x00, 0xFF, 0xC0, 0x00,
    0x0B, 0xE0, 0x00, 0x0B, 0xFF, 0x00, 0x00, 0x00, 0xFF, 0xAA, 0xFF, 0xF8, 0x00, 0x00, 0x00, 0x0B,
    0xFF, 0xFF, 0x80, 0x00, 0x00, 0x00, 0x00, 0x0A, 0x40, 0x00, 0x00, 0x00, 0x15, 0x55, 0x55, 0x00,
    0x00, 0x2F, 0xFE, 0x40, 0x00, 0x00, 0x2F, 0xFF, 0xFE, 0x00, 0x03, 0xFF, 0xBF, 0xF8, 0x00, 0x00,
    0x01, 0xFF, 0xE0, 0x00, 0x2F, 0xE0, 0x00, 0xFF, 0x00, 0x00, 0x00, 0xFF, 0xC0, 0x00, 0xBF, 0x80,
    0x00, 0x3F, 0xC0, 0x00, 0x00, 0xBF, 0x80, 0x02, 0xFE, 0x00, 0x00, 0x0F, 0xF0, 0x00, 0x00, 0xBF,
    0x80, 0x03, 0xFC, 0x00, 0x00, 0x07, 0xFC, 0x00, 0x00, 0xBF, 0x80, 0x0B, 0xF8, 0x00, 0x00, 0x03,
    0xFC, 0x00, 0x00, 0xBF, 0x80, 0x0F, 0xF0, 0x00, 0x00, 0x02, 0xFF, 0x00, 0x00, 0xBF, 0x80, 0x0F,
    0xF0, 0x00, 0x00, 0x00, 0xFF, 0x00, 0x00, 0xBF, 0x80, 0x2F, 0xE0, 0x00, 0x00, 0x00, 0xFF, 0x80,
    0x00, 0xBF, 0x80, 0x3F, 0xE0, 0x00, 0x00, 0x00, 0xFF, 0x80, 0x00, 0xBF, 0x80, 0x3F, 0xE0, 0x00,
    0x00, 0x00, 0xFF, 0xC0, 0x00, 0xBF, 0x80, 0x3F, 0xC0, 0x00, 0x00, 0x00, 0xBF, 0xC0, 0x00, 0xBF,
    0xFF, 0xFF, 0xC0, 0x00, 0x00, 0x00, 0xBF, 0xC0, 0x00, 0xBF, 0xFF, 0xFF, 0xC0, 0x00, 0x00, 0x00,
    0xBF, 0xC0, 0x00, 0xBF, 0x80, 0x3F, 0xC0, 0x00, 0x00, 0x00, 0xBF, 0xC0, 0x00, 0xBF, 0x80, 0x3F,
    0xD0, 0x00, 0x00, 0x00, 0xBF, 0xC0, 0x00, 0xBF, 0x80, 0x3F, 0xE0, 0x00, 0x00, 0x00, 0xFF, 0xC0,
    0x00, 0xBF, 0x80, 0x3F, 0xE0, 0x00, 0x00, 0x00, 0xFF, 0x80, 0x00, 0xBF, 0x80, 0x2F, 0xF0, 0x00,
    0x00, 0x00, 0xFF, 0x40, 0x00, 0xBF, 0x80, 0x0F, 0xF0, 0x00, 0x00, 0x01, 0xFF, 0x00, 0x00, 0xBF,
    0x80, 0x0F, 0xF0, 0x00, 0x00, 0x02, 0xFE, 0x00, 0x00, 0xBF, 0x80, 0x0B, 0xF8, 0x00, 0x00, 0x03,
    0xFC, 0x00, 0x00, 0xBF, 0x80, 0x03, 0xFC, 0x00, 0x00, 0x0B, 0xF8, 0x00, 0x00, 0xBF, 0x80, 0x00,
    0xFF, 0x00, 0x00, 0x0F, 0xF0, 0x00, 0x00, 0xFF, 0xC0, 0x00, 0x7F, 0xC0, 0x00, 0x7F, 0xC0, 0x00,
    0x03, 0xFF, 0xF0, 0x00, 0x0F, 0xF8, 0x07, 0xFE, 0x00, 0x00, 0x3F, 0xFF, 0xFF, 0x00, 0x02, 0xFF,
    0xFF, 0xE0, 0x00, 0x00, 0x00, 0x00, 0x00, 0x00, 0x00, 0x01, 0xA0, 0x00, 0x00, 0x00, 0x00, 0x00,
    0x00, 0x15, 0x55, 0x55, 0x54, 0x00, 0x00, 0xBF, 0xFF, 0xFF, 0xFF, 0xE8, 0x00, 0x07, 0xFF, 0xE4,
    0x2F, 0xFF, 0x00, 0x00, 0x2F, 0xFC, 0x00, 0x0B, 0xFC, 0x00, 0x00, 0x3F, 0xF0, 0x00, 0x03, 0xFC,
    0x00, 0x00, 0xBF, 0xC0, 0x00, 0x03, 0xFC, 0x00, 0x00, 0xBF, 0xC0, 0x00, 0x03, 0xFC, 0x00, 0x00,
    0xFF, 0xC0, 0x00, 0x03, 0xFC, 0x00, 0x00, 0xFF, 0xC0, 0x00, 0x03, 0xFC, 0x00, 0x00, 0xBF, 0xC0,
    0x00, 0x03, 0xFC, 0x00, 0x00, 0x7F, 0xE0, 0x00, 0x03, 0xFC, 0x00, 0x00, 0x3F, 0xF0, 0x00, 0x03,
    0xFC, 0x00, 0x00, 0x0F, 0xFE, 0x00, 0x03, 0xFC, 0x00, 0x00, 0x02, 0xFF, 0xFA, 0x5B, 0xFC, 0x00,
    0x00, 0x00, 0x1B, 0xFF, 0xFF, 0xFC, 0x00, 0x00, 0x00, 0x03, 0xFF, 0x8B, 0xFC, 0x00, 0x00, 0x00,
    0x0B, 0xFF, 0x03, 0xFC, 0x00, 0x00, 0x00, 0x2F, 0xFC, 0x03, 0xFC, 0x00, 0x00, 0x00, 0x3F, 0xF0,
    0x03, 0xFC, 0x00, 0x00, 0x00, 0xFF, 0xD0, 0x03, 0xFC, 0x00, 0x00, 0x03, 0xFF, 0x80, 0x03, 0xFC,
    0x00, 0x00, 0x0F, 0xFF, 0x00, 0x03, 0xFC, 0x00, 0x00, 0x2F, 0xFC, 0x00, 0x03, 0xFC, 0x00, 0x00,
    0x7F, 0xF0, 0x00, 0x07, 0xFC, 0x00, 0x00, 0xFF, 0xE0, 0x00, 0x0B, 0xFC, 0x00, 0x03, 0xFF, 0x80,
    0x00, 0x0F, 0xFE, 0x00, 0x1F, 0xFF, 0x00, 0x00, 0x2F, 0xFF, 0x80, 0xBF, 0xFC, 0x00, 0x0B, 0xFF,
    0xFF, 0xFC, 0x00, 0x00, 0x00, 0x00, 0x00, 0x00, 0x2F, 0xF9, 0x00, 0x00, 0x03, 0xE0, 0x3F, 0x80,
    0x00, 0x0F, 0xC0, 0x0F, 0xE0, 0x00, 0x2F, 0xC0, 0x0B, 0xF0, 0x00, 0x3F, 0xC0, 0x0B, 0xF0, 0x00,
    0x2F, 0x80, 0x0B, 0xF0, 0x00, 0x00, 0x00, 0x0B, 0xF0, 0x00, 0x00, 0x00, 0x7F, 0xF0, 0x00, 0x00,
    0x0B, 0xEB, 0xF0, 0x00, 0x00, 0xBD, 0x0B, 0xF0, 0x00, 0x03, 0xE0, 0x0B, 0xF0, 0x00, 0x0F, 0xC0,
    0x0B, 0xF0, 0x00, 0x3F, 0x40, 0x0B, 0xF0, 0x00, 0x3F, 0x00, 0x0B, 0xF0, 0x00, 0xBF, 0x40, 0x0B,
    0xF0, 0x00, 0xBF, 0xC0, 0x0F, 0xF0, 0x00, 0x3F, 0xE4, 0xBB, 0xF8, 0xC0, 0x2F, 0xFF, 0xC3, 0xFF,
    0xC0, 0x0B, 0xFE, 0x02, 0xFE, 0x00, 0x00, 0x00, 0x00, 0x00, 0x00, 0x00, 0x00, 0x00, 0x00, 0x20,
    0x00, 0x00, 0x00, 0x00, 0xA0, 0x00, 0x01, 0xBF, 0xFF, 0xD0, 0x00, 0x1F, 0xFF, 0xFF, 0xC0, 0x00,
    0xBF, 0xFF, 0xFE, 0x00, 0x01, 0xFE, 0x40, 0x00, 0x00, 0x03, 0xE0, 0x00, 0x00, 0x00, 0x0B, 0x80,
    0x00, 0x00, 0x00, 0x0F, 0x00, 0x00, 0x00, 0x00, 0x2C, 0x02, 0xBA, 0x00, 0x00, 0x3C, 0x3F, 0xAF,
    0xF4, 0x00, 0x39, 0xF4, 0x02, 0xFE, 0x00, 0x3B, 0xE0, 0x00, 0xBF, 0x80, 0x7F, 0xC0, 0x00, 0x3F,
    0xC0, 0xBF, 0x80, 0x00, 0x2F, 0xF0, 0xBF, 0x40, 0x00, 0x0F, 0xF0, 0xBF, 0x00, 0x00, 0x0F, 0xF0,
    0xBF, 0x00, 0x00, 0x0F, 0xF0, 0xBF, 0x40, 0x00, 0x0B, 0xF0, 0xBF, 0x80, 0x00, 0x0B, 0xF0, 0x3F,
    0x80, 0x00, 0x0B, 0xF0, 0x3F, 0xC0, 0x00, 0x0B, 0xF0, 0x2F, 0xC0, 0x00, 0x0F, 0xE0, 0x0F, 0xE0,
    0x00, 0x0F, 0xC0, 0x0B, 0xF0, 0x00, 0x2F, 0x80, 0x03, 0xFC, 0x00, 0x7E, 0x00, 0x00, 0xBF, 0x82,
    0xF8, 0x00, 0x00, 0x0B, 0xFF, 0x80, 0x00, 0x00, 0x00, 0x00, 0x00, 0x00, 0x6A, 0xAA, 0xAA, 0x80,
    0x00, 0x0B, 0xFF, 0xFF, 0xFC, 0x00, 0x03, 0xF8, 0x02, 0xFF, 0x00, 0x03, 0xF8, 0x00, 0xBF, 0x00,
    0x03, 0xF8, 0x00, 0x3F, 0x80, 0x03, 0xF8, 0x00, 0x3F, 0x80, 0x03, 0xF8, 0x00, 0xBF, 0x00, 0x03,
    0xF8, 0x00, 0xFE, 0x00, 0x03, 0xFD, 0xAF, 0xF0, 0x00, 0x03, 0xFF, 0xFF, 0xE4, 0x00, 0x03, 0xF8,
    0x02, 0xFF, 0x00, 0x03, 0xF8, 0x00, 0xBF, 0xC0, 0x03, 0xF8, 0x00, 0x3F, 0xC0, 0x03, 0xF8, 0x00,
    0x2F, 0xE0, 0x03, 0xF8, 0x00, 0x2F, 0xE0, 0x03, 0xF8, 0x00, 0x3F, 0xC0, 0x03, 0xF8, 0x00, 0xBF,
    0x80, 0x0B, 0xFE, 0x6B, 0xFE, 0x00, 0xBF, 0xFF, 0xFF, 0xA0, 0x00, 0x6A, 0xAA, 0xAA, 0xAA, 0x0B,
    0xFF, 0xFF, 0xFF, 0x03, 0xF8, 0x00, 0x3F, 0x03, 0xF8, 0x00, 0x0F, 0x03, 0xF8, 0x00, 0x0B, 0x03,
    0xF8, 0x00, 0x03, 0x03, 0xF8, 0x00, 0x00, 0x03, 0xF8, 0x00, 0x00, 0x03, 0xF8, 0x00, 0x00, 0x03,
    0xF8, 0x00, 0x00, 0x03, 0xF8, 0x00, 0x00, 0x03, 0xF8, 0x00, 0x00, 0x03, 0xF8, 0x00, 0x00, 0x03,
    0xF8, 0x00, 0x00, 0x03, 0xF8, 0x00, 0x00, 0x03, 0xF8, 0x00, 0x00, 0x03, 0xF8, 0x00, 0x00, 0x0B,
    0xFC, 0x00, 0x00, 0xBF, 0xFF, 0xF0, 0x00, 0x2A, 0xAA, 0xAA, 0xAA, 0xA0, 0x03, 0xFE, 0xAF, 0xFF,
    0x00, 0x00, 0xF0, 0x02, 0xFD, 0x00, 0x00, 0xF0, 0x01, 0xFC, 0x00, 0x00, 0xF0, 0x00, 0xFC, 0x00,
    0x00, 0xF0, 0x00, 0xFC, 0x00, 0x00, 0xF0, 0x00, 0xFC, 0x00, 0x00, 0xF0, 0x00, 0xFC, 0x00, 0x00,
    0xF0, 0x00, 0xFC, 0x00, 0x00, 0xF0, 0x00, 0xFC, 0x00, 0x00, 0xE0, 0x00, 0xFC, 0x00, 0x00, 0xE0,
    0x00, 0xFC, 0x00, 0x01, 0xE0, 0x00, 0xFC, 0x00, 0x02, 0xD0, 0x00, 0xFC, 0x00, 0x02, 0xC0, 0x00,
    0xFC, 0x00, 0x03, 0xC0, 0x01, 0xFC, 0x00, 0x07, 0x80, 0x02, 0xFC, 0x00, 0x0F, 0x80, 0x0B, 0xFE,
    0x00, 0xFF, 0xFF, 0xFF, 0xFF, 0xE0, 0xFE, 0x00, 0x00, 0x0F, 0xE0, 0xFC, 0x00, 0x00, 0x03, 0xE0,
    0xF0, 0x00, 0x00, 0x02, 0xE0, 0xF0, 0x00, 0x00, 0x00, 0xE0, 0xE0, 0x00, 0x00, 0x00, 0xE0, 0xD0,
    0x00, 0x00, 0x00, 0xA0, 0x00, 0x00, 0x00, 0x00, 0x00, 0x00, 0x00, 0x00, 0x00, 0x00, 0x00, 0x0B,
    0xFE, 0x00, 0x00, 0x00, 0xBF, 0xBF, 0xF0, 0x00, 0x02, 0xF0, 0x07, 0xFC, 0x00, 0x07, 0xC0, 0x02,
    0xFE, 0x00, 0x0F, 0x80, 0x00, 0xFF, 0x00, 0x1F, 0x00, 0x00, 0xFF, 0x00, 0x2F, 0xFF, 0xFF, 0xFF,
    0x80, 0x3F, 0xAA, 0xAA, 0xAA, 0x00, 0x3F, 0x00, 0x00, 0x00, 0x00, 0x3F, 0x00, 0x00, 0x00, 0x00,
    0x3F, 0x00, 0x00, 0x00, 0x00, 0x3F, 0x80, 0x00, 0x00, 0x00, 0x3F, 0xC0, 0x00, 0x00, 0xC0, 0x2F,
    0xE0, 0x00, 0x02, 0xC0, 0x0F, 0xF0, 0x00, 0x0B, 0x00, 0x0F, 0xFE, 0x00, 0x2E, 0x00, 0x03, 0xFF,
    0xEB, 0xFC, 0x00, 0x00, 0xFF, 0xFF, 0xF0, 0x00, 0x00, 0x2F, 0xFF, 0x40, 0x00, 0x00, 0x00, 0x00,
    0x00, 0x00, 0x0A, 0xAA, 0x80, 0xAA, 0xAA, 0x82, 0xAA, 0xA8, 0x03, 0xFD, 0x00, 0x2F, 0xFC, 0x00,
    0x3F, 0xE0, 0x00, 0xBE, 0x00, 0x0B, 0xF0, 0x00, 0x3F, 0x00, 0x00, 0x2F, 0x00, 0x0B, 0xF0, 0x00,
    0xFC, 0x00, 0x00, 0x07, 0xC0, 0x0B, 0xF0, 0x02, 0xF0, 0x00, 0x00, 0x00, 0xF0, 0x0B, 0xF0, 0x0B,
    0x80, 0x00, 0x00, 0x00, 0x3C, 0x0B, 0xF0, 0x3E, 0x00, 0x00, 0x00, 0x00, 0x0F, 0x0B, 0xF0, 0xF8,
    0x00, 0x00, 0x00, 0x00, 0x03, 0xEB, 0xF3, 0xE0, 0x00, 0x00, 0x00, 0x00, 0x0B, 0xFF, 0xFF, 0xF0,
    0x00, 0x00, 0x00, 0x00, 0x2F, 0xFF, 0xFB, 0xFC, 0x00, 0x00, 0x00, 0x00, 0xBF, 0xCB, 0xF2, 0xFF,
    0x00, 0x00, 0x00, 0x02, 0xFF, 0x0B, 0xF0, 0xBF, 0xC0, 0x00, 0x00, 0x07, 0xFC, 0x0B, 0xF0, 0x3F,
    0xF0, 0x00, 0x00, 0x0F, 0xF4, 0x0B, 0xF0, 0x0F, 0xF8, 0x00, 0x00, 0x3F, 0xE0, 0x0B, 0xF0, 0x03,
    0xFE, 0x00, 0x00, 0xFF, 0x80, 0x0B, 0xF0, 0x00, 0xFF, 0x80, 0x0B, 0xFF, 0x00, 0x0F, 0xF8, 0x00,
    0xBF, 0xE0, 0x3F, 0xFF, 0xC0, 0xFF, 0xFF, 0x83, 0xFF, 0xFE, 0x00, 0x00, 0x00, 0x00, 0x0C, 0xAF,
    0xFE, 0x00, 0x0F, 0xE0, 0x3F, 0xC0, 0x1F, 0x80, 0x0F, 0xF0, 0x2E, 0x00, 0x0B, 0xF4, 0x2C, 0x00,
    0x0B, 0xF8, 0x28, 0x00, 0x0B, 0xF4, 0x00, 0x00, 0x0F, 0xF0, 0x00, 0x00, 0x3F, 0xC0, 0x00, 0x0B,
    0xFE, 0x00, 0x00, 0x2F, 0xFE, 0x00, 0x00, 0x00, 0x3F, 0xE0, 0x00, 0x00, 0x0B, 0xF8, 0x00, 0x00,
    0x03, 0xFC, 0x00, 0x00, 0x03, 0xFC, 0x00, 0x00, 0x03, 0xFC, 0x30, 0x00, 0x03, 0xFC, 0x2E, 0x00,
    0x0F, 0xF8, 0x07, 0xEA, 0xBF, 0xE0, 0x00, 0xBF, 0xFF, 0x40, 0x00, 0x00, 0x00, 0x00, 0x6A, 0xAA,
    0x80, 0xAA, 0xAA, 0x80, 0x0B, 0xFE, 0x00, 0x2F, 0xFC, 0x00, 0x03, 0xFC, 0x00, 0x0B, 0xF0, 0x00,
    0x03, 0xF8, 0x00, 0x0F, 0xF0, 0x00, 0x03, 0xF8, 0x00, 0x2F, 0xF0, 0x00, 0x03, 0xF8, 0x00, 0x7F,
    0xF0, 0x00, 0x03, 0xF8, 0x00, 0xEB, 0xF0, 0x00, 0x03, 0xF8, 0x03, 0xCB, 0xF0, 0x00, 0x03, 0xF8,
    0x0B, 0x0B, 0xF0, 0x00, 0x03, 0xF8, 0x0E, 0x0B, 0xF0, 0x00, 0x03, 0xF8, 0x3C, 0x0B, 0xF0, 0x00,
    0x03, 0xF8, 0xB0, 0x0B, 0xF0, 0x00, 0x03, 0xF9, 0xE0, 0x0B, 0xF0, 0x00, 0x03, 0xFF, 0x80, 0x0B,
    0xF0, 0x00, 0x03, 0xFF, 0x00, 0x0B, 0xF0, 0x00, 0x03, 0xFC, 0x00, 0x0B, 0xF0, 0x00, 0x03, 0xFC,
    0x00, 0x0B, 0xF0, 0x00, 0x0B, 0xFC, 0x00, 0x0F, 0xF8, 0x00, 0xBF, 0xFF, 0xC0, 0xFF, 0xFF, 0x80,
    0x00, 0x00, 0x00, 0x00, 0x00, 0x00, 0x00, 0x0B, 0x80, 0x3C, 0x00, 0x00, 0x00, 0x0F, 0x80, 0x3C,
    0x00, 0x00, 0x00, 0x0C, 0x00, 0x0D, 0x00, 0x00, 0x00, 0x0E, 0x00, 0x2C, 0x00, 0x00, 0x00, 0x0B,
    0xFF, 0xFC, 0x00, 0x00, 0x00, 0x02, 0xFF, 0xE0, 0x00, 0x00, 0x00, 0x00, 0x00, 0x00, 0x00, 0x00,
    0x00, 0x00, 0x00, 0x00, 0x00, 0x00, 0x6A, 0xAA, 0x80, 0xAA, 0xAA, 0x80, 0x0B, 0xFE, 0x00, 0x2F,
    0xFC, 0x00, 0x03, 0xFC, 0x00, 0x0B, 0xF0, 0x00, 0x03, 0xF8, 0x00, 0x0F, 0xF0, 0x00, 0x03, 0xF8,
    0x00, 0x2F, 0xF0, 0x00, 0x03, 0xF8, 0x00, 0x7F, 0xF0, 0x00, 0x03, 0xF8, 0x00, 0xEB, 0xF0, 0x00,
    0x03, 0xF8, 0x03, 0xCB, 0xF0, 0x00, 0x03, 0xF8, 0x0B, 0x0B, 0xF0, 0x00, 0x03, 0xF8, 0x0E, 0x0B,
    0xF0, 0x00, 0x03, 0xF8, 0x3C, 0x0B, 0xF0, 0x00, 0x03, 0xF8, 0xB0, 0x0B, 0xF0, 0x00, 0x03, 0xF9,
    0xE0, 0x0B, 0xF0, 0x00, 0x03, 0xFF, 0x80, 0x0B, 0xF0, 0x00, 0x03, 0xFF, 0x00, 0x0B, 0xF0, 0x00,
    0x03, 0xFC, 0x00, 0x0B, 0xF0, 0x00, 0x03, 0xFC, 0x00, 0x0B, 0xF0, 0x00, 0x0B, 0xFC, 0x00, 0x0F,
    0xF8, 0x00, 0xBF, 0xFF, 0xC0, 0xFF, 0xFF, 0x80, 0x6A, 0xAA, 0x80, 0xAA, 0xA9, 0x00, 0x0B, 0xFE,
    0x00, 0x2F, 0xE0, 0x00, 0x03, 0xF8, 0x00, 0x2F, 0x00, 0x00, 0x03, 0xF8, 0x00, 0x7C, 0x00, 0x00,
    0x03, 0xF8, 0x00, 0xF0, 0x00, 0x00, 0x03, 0xF8, 0x03, 0xC0, 0x00, 0x00, 0x03, 0xF8, 0x0F, 0x00,
    0x00, 0x00, 0x03, 0xF8, 0x3C, 0x00, 0x00, 0x00, 0x03, 0xF8, 0xF0, 0x00, 0x00, 0x00, 0x03, 0xFF,
    0xFC, 0x00, 0x00, 0x00, 0x03, 0xFF, 0xFF, 0x00, 0x00, 0x00, 0x03, 0xF8, 0xFF, 0xC0, 0x00, 0x00,
    0x03, 0xF8, 0x3F, 0xF0, 0x00, 0x00, 0x03, 0xF8, 0x0F, 0xFC, 0x00, 0x00, 0x03, 0xF8, 0x03, 0xFE,
    0x00, 0x00, 0x03, 0xF8, 0x01, 0xFF, 0x80, 0x00, 0x03, 0xF8, 0x00, 0xBF, 0xE0, 0x00, 0x0B, 0xFC,
    0x00, 0x3F, 0xF8, 0x00, 0xBF, 0xFF, 0xC1, 0xFF, 0xFF, 0x80, 0x02, 0xAA, 0xAA, 0xAA, 0xAA, 0x00,
    0x00, 0x3F, 0xFF, 0xFF, 0xF0, 0x00, 0x00, 0x0F, 0xC0, 0x2F, 0xE0, 0x00, 0x00, 0x0B, 0x00, 0x0F,
    0xC0, 0x00, 0x00, 0x0B, 0x00, 0x0F, 0xC0, 0x00, 0x00, 0x0B, 0x00, 0x0F, 0xC0, 0x00, 0x00, 0x0B,
    0x00, 0x0F, 0xC0, 0x00, 0x00, 0x0B, 0x00, 0x0F, 0xC0, 0x00, 0x00, 0x0B, 0x00, 0x0F, 0xC0, 0x00,
    0x00, 0x0B, 0x00, 0x0F, 0xC0, 0x00, 0x00, 0x0B, 0x00, 0x0F, 0xC0, 0x00, 0x00, 0x0F, 0x00, 0x0F,
    0xC0, 0x00, 0x00, 0x0F, 0x00, 0x0F, 0xC0, 0x00, 0x00, 0x0E, 0x00, 0x0F, 0xC0, 0x00, 0x00, 0x0E,
    0x00, 0x0F, 0xC0, 0x00, 0xBE, 0x0C, 0x00, 0x0F, 0xC0, 0x00, 0xBF, 0x2C, 0x00, 0x1F, 0xD0, 0x00,
    0xBF, 0xF8, 0x00, 0x3F, 0xF0, 0x00, 0x3F, 0xF0, 0x03, 0xFF, 0xFF, 0x00, 0x00, 0x00, 0x00, 0x00,
    0x00, 0x00, 0x6A, 0xA0, 0x00, 0x00, 0x0A, 0xAA, 0x00, 0x0B, 0xFC, 0x00, 0x00, 0x0F, 0xF8, 0x00,
    0x03, 0xFC, 0x00, 0x00, 0x2F, 0xF0, 0x00, 0x03, 0xFF, 0x00, 0x00, 0x3F, 0xF0, 0x00, 0x03, 0xFF,
    0x00, 0x00, 0xBF, 0xF0, 0x00, 0x03, 0xFF, 0x80, 0x00, 0xEF, 0xF0, 0x00, 0x03, 0xBF, 0xC0, 0x00,
    0xCF, 0xF0, 0x00, 0x03, 0x8F, 0xE0, 0x03, 0xCF, 0xF0, 0x00, 0x03, 0x8F, 0xF0, 0x03, 0x4F, 0xF0,
    0x00, 0x03, 0x87, 0xF8, 0x0B, 0x0F, 0xF0, 0x00, 0x03, 0x83, 0xFC, 0x0E, 0x0F, 0xF0, 0x00, 0x03,
    0x81, 0xFE, 0x2C, 0x0F, 0xF0, 0x00, 0x03, 0x80, 0xFF, 0x38, 0x0F, 0xF0, 0x00, 0x03, 0x80, 0xBF,
    0xF0, 0x0F, 0xF0, 0x00, 0x03, 0x80, 0x3F, 0xE0, 0x0F, 0xF0, 0x00, 0x03, 0x80, 0x2F, 0xC0, 0x0F,
    0xF0, 0x00, 0x03, 0x80, 0x0F, 0xC0, 0x0F, 0xF0, 0x00, 0x0B, 0xC0, 0x0B, 0x40, 0x0F, 0xF0, 0x00,
    0xBF, 0xFC, 0x03, 0x01, 0xFF, 0xFF, 0x80, 0x6A, 0xAA, 0x81, 0xAA, 0xAA, 0x00, 0x0B, 0xFE, 0x00,
    0x3F, 0xF4, 0x00, 0x03, 0xF8, 0x00, 0x0F, 0xE0, 0x00, 0x03, 0xF8, 0x00, 0x0F, 0xE0, 0x00, 0x03,
    0xF8, 0x00, 0x0F, 0xE0, 0x00, 0x03, 0xF8, 0x00, 0x0F, 0xE0, 0x00, 0x03, 0xF8, 0x00, 0x0F, 0xE0,
    0x00, 0x03, 0xF8, 0x00, 0x0F, 0xE0, 0x00, 0x03, 0xFD, 0x55, 0x6F, 0xE0, 0x00, 0x03, 0xFF, 0xFF,
    0xFF, 0xE0, 0x00, 0x03, 0xF8, 0x00, 0x0F, 0xE0, 0x00, 0x03, 0xF8, 0x00, 0x0F, 0xE0, 0x00, 0x03,
    0xF8, 0x00, 0x0F, 0xE0, 0x00, 0x03, 0xF8, 0x00, 0x0F, 0xE0, 0x00, 0x03, 0xF8, 0x00, 0x0F, 0xE0,
    0x00, 0x03, 0xF8, 0x00, 0x0F, 0xE0, 0x00, 0x03, 0xF8, 0x00, 0x0F, 0xE0, 0x00, 0x0B, 0xFC, 0x00,
    0x2F, 0xF0, 0x00, 0xBF, 0xFF, 0xC2, 0xFF, 0xFF, 0x00, 0x00, 0x00, 0x00, 0x00, 0x00, 0x00, 0x0B,
    0xFF, 0x80, 0x00, 0x00, 0xFE, 0xAF, 0xF8, 0x00, 0x03, 0xF0, 0x02, 0xFF, 0x00, 0x0F, 0xC0, 0x00,
    0xBF, 0x80, 0x2F, 0x80, 0x00, 0x3F, 0xC0, 0x3F, 0x40, 0x00, 0x2F, 0xF0, 0xBF, 0x00, 0x00, 0x0F,
    0xF0, 0xBF, 0x00, 0x00, 0x0F, 0xF0, 0xFF, 0x00, 0x00, 0x0F, 0xF0, 0xFF, 0x00, 0x00, 0x0B, 0xF0,
    0xFF, 0x00, 0x00, 0x0B, 0xF0, 0xBF, 0x80, 0x00, 0x0B, 0xF0, 0xBF, 0x80, 0x00, 0x0B, 0xF0, 0x3F,
    0xC0, 0x00, 0x0F, 0xE0, 0x3F, 0xD0, 0x00, 0x0F, 0xC0, 0x0F, 0xF0, 0x00, 0x2F, 0x80, 0x0B, 0xF8,
    0x00, 0x3E, 0x00, 0x01, 0xFF, 0x02, 0xF8, 0x00, 0x00, 0x2F, 0xFF, 0x80, 0x00, 0x00, 0x00, 0x00,
    0x00, 0x00, 0x6A, 0xAA, 0xAA, 0xAA, 0xAA, 0x00, 0x0B, 0xFF, 0xEB, 0xFF, 0xF4, 0x00, 0x03, 0xFC,
    0x00, 0x2F, 0xE0, 0x00, 0x03, 0xFC, 0x00, 0x0F, 0xE0, 0x00, 0x03, 0xF8, 0x00, 0x0F, 0xE0, 0x00,
    0x03, 0xF8, 0x00, 0x0F, 0xE0, 0x00, 0x03, 0xF8, 0x00, 0x0F, 0xE0, 0x00, 0x03, 0xF8, 0x00, 0x0F,
    0xE0, 0x00, 0x03, 0xF8, 0x00, 0x0F, 0xE0, 0x00, 0x03, 0xF8, 0x00, 0x0F, 0xE0, 0x00, 0x03, 0xF8,
    0x00, 0x0F, 0xE0, 0x00, 0x03, 0xF8, 0x00, 0x0F, 0xE0, 0x00, 0x03, 0xF8, 0x00, 0x0F, 0xE0, 0x00,
    0x03, 0xF8, 0x00, 0x0F, 0xE0, 0x00, 0x03, 0xF8, 0x00, 0x0F, 0xE0, 0x00, 0x03, 0xF8, 0x00, 0x0F,
    0xE0, 0x00, 0x03, 0xF8, 0x00, 0x0F, 0xE0, 0x00, 0x0B, 0xFC, 0x00, 0x2F, 0xF0, 0x00, 0xBF, 0xFF,
    0xC2, 0xFF, 0xFF, 0x00, 0x00, 0x00, 0x00, 0x00, 0x00, 0x00, 0x00, 0x2A, 0x07, 0xFE, 0x00, 0x00,
    0x0B, 0xFE, 0x3F, 0xFF, 0xE0, 0x00, 0x2B, 0xFF, 0xFA, 0xBF, 0xF8, 0x00, 0x00, 0xFF, 0xC0, 0x0B,
    0xFC, 0x00, 0x00, 0xFF, 0x00, 0x03, 0xFE, 0x00, 0x00, 0xFE, 0x00, 0x00, 0xFF, 0x00, 0x00, 0xFE,
    0x00, 0x00, 0xFF, 0x00, 0x00, 0xFE, 0x00, 0x00, 0xBF, 0x00, 0x00, 0xFE, 0x00, 0x00, 0xBF, 0x00,
    0x00, 0xFE, 0x00, 0x00, 0xBF, 0x00, 0x00, 0xFE, 0x00, 0x00, 0x7F, 0x00, 0x00, 0xFE, 0x00, 0x00,
    0xBF, 0x00, 0x00, 0xFE, 0x00, 0x00, 0xBF, 0x00, 0x00, 0xFE, 0x00, 0x00, 0xFE, 0x00, 0x00, 0xFE,
    0x00, 0x00, 0xFC, 0x00, 0x00, 0xFF, 0x00, 0x02, 0xF4, 0x00, 0x00, 0xFF, 0x80, 0x07, 0xE0, 0x00,
    0x00, 0xFF, 0xF4, 0x2F, 0x80, 0x00, 0x00, 0xFE, 0x3F, 0xFC, 0x00, 0x00, 0x00, 0xFE, 0x00, 0x00,
    0x00, 0x00, 0x00, 0xFE, 0x00, 0x00, 0x00, 0x00, 0x00, 0xFE, 0x00, 0x00, 0x00, 0x00, 0x00, 0xFE,
    0x00, 0x00, 0x00, 0x00, 0x00, 0xFE, 0x00, 0x00, 0x00, 0x00, 0x00, 0xFE, 0x00, 0x00, 0x00, 0x00,
    0x00, 0xFF, 0x00, 0x00, 0x00, 0x00, 0x03, 0xFF, 0x80, 0x00, 0x00, 0x00, 0x3F, 0xFF, 0xFC, 0x00,
    0x00, 0x00, 0x00, 0x00, 0x00, 0x00, 0x00, 0x00, 0x06, 0xFF, 0x80, 0x00, 0x00, 0x3F, 0x9B, 0xFC,
    0x00, 0x00, 0xF8, 0x00, 0xFF, 0x00, 0x03, 0xE0, 0x00, 0xBF, 0x00, 0x0F, 0xC0, 0x00, 0x7F, 0x00,
    0x0F, 0xC0, 0x00, 0x2E, 0x00, 0x2F, 0x80, 0x00, 0x00, 0x00, 0x3F, 0x40, 0x00, 0x00, 0x00, 0x3F,
    0x00, 0x00, 0x00, 0x00, 0x3F, 0x80, 0x00, 0x00, 0x00, 0x3F, 0x80, 0x00, 0x00, 0x00, 0x3F, 0xC0,
    0x00, 0x00, 0x00, 0x3F, 0xC0, 0x00, 0x00, 0x80, 0x2F, 0xF0, 0x00, 0x02, 0x80, 0x0F, 0xF8, 0x00,
    0x0B, 0x00, 0x0B, 0xFE, 0x00, 0x2D, 0x00, 0x03, 0xFF, 0xFB, 0xF8, 0x00, 0x00, 0xFF, 0xFF, 0xE0,
    0x00, 0x00, 0x2F, 0xFF, 0x40, 0x00, 0x00, 0x00, 0x00, 0x00, 0x00, 0x2A, 0xAA, 0xAA, 0xAA, 0xA0,
    0x3F, 0xFF, 0xFF, 0xFF, 0xF0, 0x3F, 0x02, 0xFC, 0x03, 0xF0, 0x7C, 0x01, 0xFC, 0x00, 0xF0, 0xB0,
    0x01, 0xFC, 0x00, 0x70, 0xB0, 0x01, 0xFC, 0x00, 0x30, 0xA0, 0x01, 0xFC, 0x00, 0x30, 0x00, 0x01,
    0xFC, 0x00, 0x00, 0x00, 0x01, 0xFC, 0x00, 0x00, 0x00, 0x01, 0xFC, 0x00, 0x00, 0x00, 0x01, 0xFC,
    0x00, 0x00, 0x00, 0x01, 0xFC, 0x00, 0x00, 0x00, 0x01, 0xFC, 0x00, 0x00, 0x00, 0x01, 0xFC, 0x00,
    0x00, 0x00, 0x01, 0xFC, 0x00, 0x00, 0x00, 0x01, 0xFC, 0x00, 0x00, 0x00, 0x02, 0xFC, 0x00, 0x00,
    0x00, 0x03, 0xFF, 0x00, 0x00, 0x00, 0x3F, 0xFF, 0xF0, 0x00, 0x2A, 0xAA, 0x80, 0x0A, 0xA8, 0x2F,
    0xFE, 0x00, 0x02, 0xFC, 0x0B, 0xFC, 0x00, 0x00, 0xF0, 0x03, 0xFC, 0x00, 0x02, 0xE0, 0x02, 0xFE,
    0x00, 0x03, 0xC0, 0x00, 0xFF, 0x00, 0x03, 0x80, 0x00, 0xBF, 0x80, 0x0B, 0x00, 0x00, 0x3F, 0xC0,
    0x0F, 0x00, 0x00, 0x2F, 0xC0, 0x0E, 0x00, 0x00, 0x0F, 0xF0, 0x2C, 0x00, 0x00, 0x0B, 0xF0, 0x3C,
    0x00, 0x00, 0x03, 0xF8, 0x74, 0x00, 0x00, 0x02, 0xFC, 0xB0, 0x00, 0x00, 0x00, 0xFF, 0xE0, 0x00,
    0x00, 0x00, 0xFF, 0xC0, 0x00, 0x00, 0x00, 0x3F, 0xC0, 0x00, 0x00, 0x00, 0x3F, 0x80, 0x00, 0x00,
    0x00, 0x1F, 0x00, 0x00, 0x00, 0x00, 0x0E, 0x00, 0x00, 0x00, 0x00, 0x2C, 0x00, 0x00, 0x00, 0x00,
    0x3C, 0x00, 0x00, 0x00, 0x00, 0xB8, 0x00, 0x00, 0x00, 0x00, 0xF0, 0x00, 0x00, 0x05, 0x02, 0xE0,
    0x00, 0x00, 0x2F, 0xFF, 0xC0, 0x00, 0x00, 0x3F, 0xFF, 0x00, 0x00, 0x00, 0x2F, 0xFD, 0x00, 0x00,
    0x00, 0x0A, 0xE0, 0x00, 0x00, 0x00, 0x00, 0x00, 0x00, 0x00, 0x00, 0x00, 0x00, 0x00, 0x00, 0x00,
    0x1A, 0x00, 0x00, 0x00, 0x00, 0x00, 0x0B, 0xFE, 0x00, 0x00, 0x00, 0x00, 0x00, 0x1B, 0xFE, 0x00,
    0x00, 0x00, 0x00, 0x00, 0x00, 0xFE, 0x00, 0x00, 0x00, 0x00, 0x00, 0x00, 0xFE, 0x00, 0x00, 0x00,
    0x00, 0x00, 0x00, 0xFE, 0x00, 0x00, 0x00, 0x00, 0x00, 0x00, 0xFE, 0x00, 0x00, 0x00, 0x00, 0x00,
    0x00, 0xFE, 0x00, 0x00, 0x00, 0x00, 0x00, 0x00, 0xFE, 0x00, 0x00, 0x00, 0x00, 0xBF, 0xE0, 0xFE,
    0x0B, 0xFD, 0x00, 0x03, 0xFF, 0xFC, 0xFE, 0xBF, 0xFF, 0x80, 0x0F, 0xFC, 0x0F, 0xFF, 0xE0, 0xBF,
    0xE0, 0x2F, 0xF0, 0x02, 0xFF, 0x80, 0x0F, 0xF4, 0x3F, 0xC0, 0x00, 0xFF, 0x00, 0x07, 0xFC, 0x7F,
    0xC0, 0x00, 0xFE, 0x00, 0x03, 0xFC, 0xBF, 0x80, 0x00, 0xFE, 0x00, 0x02, 0xFD, 0xFF, 0x00, 0x00,
    0xFE, 0x00, 0x02, 0xFE, 0xFF, 0x00, 0x00, 0xFE, 0x00, 0x00, 0xFE, 0xFF, 0x00, 0x00, 0xFE, 0x00,
    0x00, 0xFE, 0xFF, 0x00, 0x00, 0xFE, 0x00, 0x00, 0xFE, 0xBF, 0x00, 0x00, 0xFE, 0x00, 0x00, 0xFE,
    0xBF, 0x00, 0x00, 0xFE, 0x00, 0x02, 0xFC, 0x3F, 0x80, 0x00, 0xFE, 0x00, 0x02, 0xFC, 0x3F, 0xC0,
    0x00, 0xFF, 0x00, 0x03, 0xF8, 0x0F, 0xC0, 0x01, 0xFF, 0x00, 0x03, 0xF0, 0x0B, 0xF0, 0x03, 0xFF,
    0x80, 0x0F, 0xC0, 0x02, 0xFE, 0x6F, 0xFF, 0xF9, 0xBF, 0x80, 0x00, 0xBF, 0xF8, 0xFE, 0x2F, 0xFC,
    0x00, 0x00, 0x00, 0x00, 0xFE, 0x00, 0x00, 0x00, 0x00, 0x00, 0x00, 0xFE, 0x00, 0x00, 0x00, 0x00,
    0x00, 0x00, 0xFE, 0x00, 0x00, 0x00, 0x00, 0x00, 0x00, 0xFE, 0x00, 0x00, 0x00, 0x00, 0x00, 0x00,
    0xFE, 0x00, 0x00, 0x00, 0x00, 0x00, 0x00, 0xFE, 0x00, 0x00, 0x00, 0x00, 0x00, 0x00, 0xFF, 0x00,
    0x00, 0x00, 0x00, 0x00, 0x02, 0xFF, 0x00, 0x00, 0x00, 0x00, 0x00, 0x2F, 0xFF, 0xF0, 0x00, 0x00,
    0x2A, 0xAA, 0x82, 0xAA, 0xA0, 0x0B, 0xFF, 0x40, 0xBF, 0x80, 0x00, 0xFF, 0x00, 0x3C, 0x00, 0x00,
    0xBF, 0x80, 0xF0, 0x00, 0x00, 0x3F, 0xC2, 0xE0, 0x00, 0x00, 0x0F, 0xE3, 0xC0, 0x00, 0x00, 0x0B,
    0xFF, 0x00, 0x00, 0x00, 0x03, 0xFE, 0x00, 0x00, 0x00, 0x01, 0xFE, 0x00, 0x00, 0x00, 0x00, 0xFF,
    0x00, 0x00, 0x00, 0x02, 0xFF, 0xC0, 0x00, 0x00, 0x03, 0x9F, 0xE0, 0x00, 0x00, 0x0F, 0x0B, 0xF0,
    0x00, 0x00, 0x2E, 0x03, 0xFC, 0x00, 0x00, 0x3C, 0x01, 0xFE, 0x00, 0x00, 0xF0, 0x00, 0xBF, 0x00,
    0x02, 0xE0, 0x00, 0x3F, 0xC0, 0x0B, 0xC0, 0x00, 0x3F, 0xF0, 0x3F, 0xF8, 0x02, 0xFF, 0xFE, 0x6A,
    0xAA, 0x81, 0xAA, 0xAA, 0x00, 0x0B, 0xFE, 0x00, 0x3F, 0xF4, 0x00, 0x03, 0xF8, 0x00, 0x0F, 0xE0,
    0x00, 0x03, 0xF8, 0x00, 0x0F, 0xE0, 0x00, 0x03, 0xF8, 0x00, 0x0F, 0xE0, 0x00, 0x03, 0xF8, 0x00,
    0x0F, 0xE0, 0x00, 0x03, 0xF8, 0x00, 0x0F, 0xE0, 0x00, 0x03, 0xF8, 0x00, 0x0F, 0xE0, 0x00, 0x03,
    0xF8, 0x00, 0x0F, 0xE0, 0x00, 0x03, 0xF8, 0x00, 0x0F, 0xE0, 0x00, 0x03, 0xF8, 0x00, 0x0F, 0xE0,
    0x00, 0x03, 0xF8, 0x00, 0x0F, 0xE0, 0x00, 0x03, 0xF8, 0x00, 0x0F, 0xE0, 0x00, 0x03, 0xF8, 0x00,
    0x0F, 0xE0, 0x00, 0x03, 0xF8, 0x00, 0x0F, 0xE0, 0x00, 0x03, 0xF8, 0x00, 0x0F, 0xE0, 0x00, 0x03,
    0xFC, 0x00, 0x2F, 0xE0, 0x00, 0x0B, 0xFF, 0xAA, 0xBF, 0xF0, 0x00, 0xBF, 0xFF, 0xFF, 0xFF, 0xFF,
    0x00, 0x00, 0x00, 0x00, 0x00, 0x3F, 0x00, 0x00, 0x00, 0x00, 0x00, 0x0F, 0x00, 0x00, 0x00, 0x00,
    0x00, 0x0F, 0x00, 0x00, 0x00, 0x00, 0x00, 0x0B, 0x00, 0x00, 0x00, 0x00, 0x00, 0x03, 0x00, 0x00,
    0x00, 0x00, 0x00, 0x03, 0x00, 0x00, 0x00, 0x00, 0x00, 0x00, 0x00, 0x6A, 0xAA, 0x81, 0xAA, 0xAA,
    0x00, 0x0B, 0xFE, 0x00, 0x3F, 0xF4, 0x00, 0x03, 0xFC, 0x00, 0x0F, 0xE0, 0x00, 0x03, 0xF8, 0x00,
    0x0F, 0xE0, 0x00, 0x03, 0xF8, 0x00, 0x0F, 0xE0, 0x00, 0x03, 0xF8, 0x00, 0x0F, 0xE0, 0x00, 0x03,
    0xF8, 0x00, 0x0F, 0xE0, 0x00, 0x03, 0xF8, 0x00, 0x0F, 0xE0, 0x00, 0x03, 0xFC, 0x00, 0x0F, 0xE0,
    0x00, 0x00, 0xFE, 0x00, 0x2F, 0xE0, 0x00, 0x00, 0x3F, 0xFF, 0xFF, 0xE0, 0x00, 0x00, 0x00, 0x90,
    0x0F, 0xE0, 0x00, 0x00, 0x00, 0x00, 0x0F, 0xE0, 0x00, 0x00, 0x00, 0x00, 0x0F, 0xE0, 0x00, 0x00,
    0x00, 0x00, 0x0F, 0xE0, 0x00, 0x00, 0x00, 0x00, 0x0F, 0xE0, 0x00, 0x00, 0x00, 0x00, 0x0F, 0xE0,
    0x00, 0x00, 0x00, 0x00, 0x2F, 0xF0, 0x00, 0x00, 0x00, 0x03, 0xFF, 0xFF, 0x00, 0x6A, 0xAA, 0x82,
    0xAA, 0xAA, 0x0A, 0xAA, 0xA0, 0x0B, 0xFE, 0x00, 0x7F, 0xF0, 0x02, 0xFF, 0x80, 0x03, 0xF8, 0x00,
    0x2F, 0xD0, 0x00, 0xFF, 0x00, 0x03, 0xF8, 0x00, 0x0F, 0xC0, 0x00, 0xBF, 0x00, 0x03, 0xF8, 0x00,
    0x0F, 0xC0, 0x00, 0xBF, 0x00, 0x03, 0xF8, 0x00, 0x0F, 0xC0, 0x00, 0xBF, 0x00, 0x03, 0xF8, 0x00,
    0x0F, 0xC0, 0x00, 0xBF, 0x00, 0x03, 0xF8, 0x00, 0x0F, 0xC0, 0x00, 0xBF, 0x00, 0x03, 0xF8, 0x00,
    0x0F, 0xC0, 0x00, 0xBF, 0x00, 0x03, 0xF8, 0x00, 0x0F, 0xC0, 0x00, 0xBF, 0x00, 0x03, 0xF8, 0x00,
    0x0F, 0xC0, 0x00, 0xBF, 0x00, 0x03, 0xF8, 0x00, 0x0F, 0xC0, 0x00, 0xBF, 0x00, 0x03, 0xF8, 0x00,
    0x0F, 0xC0, 0x00, 0xBF, 0x00, 0x03, 0xF8, 0x00, 0x0F, 0xC0, 0x00, 0xBF, 0x00, 0x03, 0xF8, 0x00,
    0x0F, 0xC0, 0x00, 0xBF, 0x00, 0x03, 0xF8, 0x00, 0x1F, 0xC0, 0x00, 0xBF, 0x00, 0x03, 0xFC, 0x00,
    0x2F, 0xE0, 0x00, 0xFF, 0x00, 0x0B, 0xFF, 0xAA, 0xBF, 0xFA, 0xAB, 0xFF, 0x40, 0xBF, 0xFF, 0xFF,
    0xFF, 0xFF, 0xFF, 0xFF, 0xF8, 0x6A, 0xAA, 0x82, 0xAA, 0xAA, 0x0A, 0xAA, 0xA0, 0x0B, 0xFE, 0x00,
    0x7F, 0xF0, 0x02, 0xFF, 0x80, 0x03, 0xF8, 0x00, 0x2F, 0xD0, 0x00, 0xFF, 0x00, 0x03, 0xF8, 0x00,
    0x0F, 0xC0, 0x00, 0xBF, 0x00, 0x03, 0xF8, 0x00, 0x0F, 0xC0, 0x00, 0xBF, 0x00, 0x03, 0xF8, 0x00,
    0x0F, 0xC0, 0x00, 0xBF, 0x00, 0x03, 0xF8, 0x00, 0x0F, 0xC0, 0x00, 0xBF, 0x00, 0x03, 0xF8, 0x00,
    0x0F, 0xC0, 0x00, 0xBF, 0x00, 0x03, 0xF8, 0x00, 0x0F, 0xC0, 0x00, 0xBF, 0x00, 0x03, 0xF8, 0x00,
    0x0F, 0xC0, 0x00, 0xBF, 0x00, 0x03, 0xF8, 0x00, 0x0F, 0xC0, 0x00, 0xBF, 0x00, 0x03, 0xF8, 0x00,
    0x0F, 0xC0, 0x00, 0xBF, 0x00, 0x03, 0xF8, 0x00, 0x0F, 0xC0, 0x00, 0xBF, 0x00, 0x03, 0xF8, 0x00,
    0x0F, 0xC0, 0x00, 0xBF, 0x00, 0x03, 0xF8, 0x00, 0x0F, 0xC0, 0x00, 0xBF, 0x00, 0x03, 0xF8, 0x00,
    0x1F, 0xC0, 0x00, 0xBF, 0x00, 0x03, 0xFC, 0x00, 0x2F, 0xE0, 0x00, 0xFF, 0x00, 0x0B, 0xFF, 0xAA,
    0xBF, 0xFA, 0xAB, 0xFF, 0x80, 0xBF, 0xFF, 0xFF, 0xFF, 0xFF, 0xFF, 0xFF, 0xF8, 0x00, 0x00, 0x00,
    0x00, 0x00, 0x00, 0x02, 0xF8, 0x00, 0x00, 0x00, 0x00, 0x00, 0x00, 0x00, 0xF8, 0x00, 0x00, 0x00,
    0x00, 0x00, 0x00, 0x00, 0xB8, 0x00, 0x00, 0x00, 0x00, 0x00, 0x00, 0x00, 0x38, 0x00, 0x00, 0x00,
    0x00, 0x00, 0x00, 0x00, 0x38, 0x00, 0x00, 0x00, 0x00, 0x00, 0x00, 0x00, 0x28, 0x00, 0x00, 0x00,
    0x00, 0x00, 0x00, 0x00, 0x00, 0x2A, 0xAA, 0xAA, 0x80, 0x00, 0x00, 0xBF, 0xFF, 0xFE, 0x00, 0x00,
    0x00, 0xB8, 0x03, 0xFC, 0x00, 0x00, 0x00, 0xB0, 0x02, 0xFC, 0x00, 0x00, 0x00, 0xD0, 0x02, 0xFC,
    0x00, 0x00, 0x00, 0x80, 0x02, 0xFC, 0x00, 0x00, 0x00, 0x00, 0x02, 0xFC, 0x00, 0x00, 0x00, 0x00,
    0x02, 0xFC, 0x00, 0x00, 0x00, 0x00, 0x02, 0xFC, 0x00, 0x00, 0x00, 0x00, 0x02, 0xFF, 0xFF, 0xFD,
    0x00, 0x00, 0x02, 0xFC, 0x02, 0xFF, 0xC0, 0x00, 0x02, 0xFC, 0x00, 0x3F, 0xE0, 0x00, 0x02, 0xFC,
    0x00, 0x0F, 0xF0, 0x00, 0x02, 0xFC, 0x00, 0x0F, 0xF0, 0x00, 0x02, 0xFC, 0x00, 0x0F, 0xF0, 0x00,
    0x02, 0xFC, 0x00, 0x0F, 0xF0, 0x00, 0x03, 0xFC, 0x00, 0x3F, 0xC0, 0x00, 0x03, 0xFE, 0x6B, 0xFF,
    0x00, 0x00, 0x3F, 0xFF, 0xFF, 0xE4, 0x00, 0x6A, 0xAA, 0x80, 0x00, 0x02, 0xAA, 0xA8, 0x0B, 0xFE,
    0x00, 0x00, 0x00, 0xBF, 0xE0, 0x03, 0xFC, 0x00, 0x00, 0x00, 0x3F, 0xC0, 0x03, 0xF8, 0x00, 0x00,
    0x00, 0x2F, 0xC0, 0x03, 0xF8, 0x00, 0x00, 0x00, 0x2F, 0xC0, 0x03, 0xF8, 0x00, 0x00, 0x00, 0x2F,
    0xC0, 0x03, 0xF8, 0x00, 0x00, 0x00, 0x2F, 0xC0, 0x03, 0xF8, 0x00, 0x00, 0x00, 0x2F, 0xC0, 0x03,
    0xFC, 0x00, 0x00, 0x00, 0x2F, 0xC0, 0x03, 0xFF, 0xFF, 0xF8, 0x00, 0x2F, 0xC0, 0x03, 0xF8, 0x02,
    0xFF, 0x80, 0x2F, 0xC0, 0x03, 0xF8, 0x00, 0x3F, 0xC0, 0x2F, 0xC0, 0x03, 0xF8, 0x00, 0x1F, 0xE0,
    0x2F, 0xC0, 0x03, 0xF8, 0x00, 0x0F, 0xF0, 0x2F, 0xC0, 0x03, 0xF8, 0x00, 0x0F, 0xE0, 0x2F, 0xC0,
    0x03, 0xF8, 0x00, 0x2F, 0xE0, 0x2F, 0xC0, 0x03, 0xF8, 0x00, 0xBF, 0xC0, 0x2F, 0xC0, 0x0B, 0xFE,
    0xAB, 0xFF, 0x00, 0x3F, 0xE0, 0xBF, 0xFF, 0xFF, 0xE0, 0x03, 0xFF, 0xFD, 0x2A, 0xAA, 0x90, 0x00,
    0x00, 0x0B, 0xFE, 0x00, 0x00, 0x00, 0x03, 0xFC, 0x00, 0x00, 0x00, 0x02, 0xFC, 0x00, 0x00, 0x00,
    0x02, 0xFC, 0x00, 0x00, 0x00, 0x02, 0xFC, 0x00, 0x00, 0x00, 0x02, 0xFC, 0x00, 0x00, 0x00, 0x02,
    0xFC, 0x00, 0x00, 0x00, 0x02, 0xFC, 0x00, 0x00, 0x00, 0x02, 0xFF, 0xFF, 0xF8, 0x00, 0x02, 0xFC,
    0x02, 0xFF, 0x80, 0x02, 0xFC, 0x00, 0x2F, 0xE0, 0x02, 0xFC, 0x00, 0x0F, 0xF0, 0x02, 0xFC, 0x00,
    0x0F, 0xF0, 0x02, 0xFC, 0x00, 0x0F, 0xF0, 0x02, 0xFC, 0x00, 0x0F, 0xF0, 0x02, 0xFC, 0x00, 0x3F,
    0xC0, 0x03, 0xFE, 0xAB, 0xFF, 0x40, 0x3F, 0xFF, 0xFF, 0xE4, 0x00, 0x00, 0x00, 0x00, 0x00, 0x00,
    0x0C, 0x2F, 0xF8, 0x00, 0x00, 0x2F, 0xE4, 0xBF, 0x80, 0x00, 0x2F, 0x00, 0x07, 0xE0, 0x00, 0x3C,
    0x00, 0x02, 0xF4, 0x00, 0x38, 0x00, 0x00, 0xFC, 0x00, 0x30, 0x00, 0x00, 0xBE, 0x00, 0x00, 0x00,
    0x00, 0x7F, 0x00, 0x00, 0x00, 0x00, 0x3F, 0x00, 0x00, 0x3F, 0xFF, 0xFF, 0x00, 0x00, 0x3F, 0xFF,
    0xFF, 0x00, 0x00, 0x00, 0x00, 0x3F, 0x00, 0x00, 0x00, 0x00, 0xBF, 0x00, 0x00, 0x00, 0x00, 0xFF,
    0x00, 0xB0, 0x00, 0x01, 0xFE, 0x00, 0x38, 0x00, 0x03, 0xFC, 0x00, 0x0F, 0x00, 0x0F, 0xFC, 0x00,
    0x0B, 0xFA, 0xFF, 0xF0, 0x00, 0x02, 0xFF, 0xFF, 0xC0, 0x00, 0x00, 0x3F, 0xFE, 0x00, 0x00, 0x00,
    0x00, 0x00, 0x00, 0x00, 0x00, 0x00, 0x00, 0x00, 0x00, 0x00, 0x00, 0x00, 0x6A, 0xAA, 0x80, 0x00,
    0x6F, 0xFA, 0x00, 0x00, 0x0B, 0xFE, 0x00, 0x03, 0xFA, 0xBF, 0xE0, 0x00, 0x03, 0xFC, 0x00, 0x0F,
    0x80, 0x0B, 0xF8, 0x00, 0x03, 0xF8, 0x00, 0x3F, 0x00, 0x02, 0xFE, 0x00, 0x03, 0xF8, 0x00, 0xFE,
    0x00, 0x00, 0xFF, 0x00, 0x03, 0xF8, 0x00, 0xFC, 0x00, 0x00, 0xBF, 0x80, 0x03, 0xF8, 0x02, 0xFC,
    0x00, 0x00, 0x7F, 0xC0, 0x03, 0xF8, 0x03, 0xFC, 0x00, 0x00, 0x3F, 0xC0, 0x03, 0xFD, 0x57, 0xFC,
    0x00, 0x00, 0x3F, 0xC0, 0x03, 0xFF, 0xFF, 0xFC, 0x00, 0x00, 0x3F, 0xC0, 0x03, 0xF8, 0x03, 0xFC,
    0x00, 0x00, 0x3F, 0xC0, 0x03, 0xF8, 0x03, 0xFC, 0x00, 0x00, 0x3F, 0xC0, 0x03, 0xF8, 0x02, 0xFE,
    0x00, 0x00, 0x3F, 0x80, 0x03, 0xF8, 0x00, 0xFF, 0x00, 0x00, 0x3F, 0x40, 0x03, 0xF8, 0x00, 0xFF,
    0x00, 0x00, 0x3F, 0x00, 0x03, 0xF8, 0x00, 0x3F, 0xC0, 0x00, 0xBC, 0x00, 0x03, 0xF8, 0x00, 0x2F,
    0xE0, 0x01, 0xF8, 0x00, 0x0B, 0xFC, 0x00, 0x0B, 0xF8, 0x0B, 0xE0, 0x00, 0xBF, 0xFF, 0xC0, 0x00,
    0xBF, 0xFE, 0x00, 0x00, 0x00, 0x00, 0x00, 0x00, 0x00, 0x00, 0x00, 0x00, 0x00, 0x06, 0xAA, 0xAA,
    0xA0, 0x00, 0xFF, 0xFF, 0xFF, 0x80, 0x03, 0xFD, 0x00, 0xFF, 0x00, 0x0F, 0xF0, 0x00, 0xBF, 0x00,
    0x0F, 0xF0, 0x00, 0xBF, 0x00, 0x0F, 0xF0, 0x00, 0xBF, 0x00, 0x0F, 0xF0, 0x00, 0xBF, 0x00, 0x0B,
    0xFC, 0x00, 0xBF, 0x00, 0x02, 0xFF, 0x80, 0xFF, 0x00, 0x00, 0x2F, 0xFF, 0xFF, 0x00, 0x00, 0x03,
    0xFC, 0xFF, 0x00, 0x00, 0x0F, 0xF4, 0xBF, 0x00, 0x00, 0x2F, 0xE0, 0xBF, 0x00, 0x00, 0x7F, 0xC0,
    0xBF, 0x00, 0x00, 0xFF, 0x00, 0xBF, 0x00, 0x03, 0xFC, 0x00, 0xBF, 0x00, 0x0B, 0xF8, 0x00, 0xFF,
    0x00, 0x2F, 0xF0, 0x00, 0xFF, 0x40, 0xFF, 0xC0, 0x0F, 0xFF, 0xF8, 0x00, 0x28, 0x00, 0x00, 0x00,
    0x00, 0xBF, 0x00, 0x00, 0x00, 0x00, 0x3F, 0xC0, 0x00, 0x00, 0x00, 0x1F, 0xF0, 0x00, 0x00, 0x00,
    0x02, 0xFC, 0x00, 0x00, 0x00, 0x00, 0x3F, 0x00, 0x00, 0x00, 0x00, 0x0B, 0xC0, 0x00, 0x00, 0x00,
    0x00, 0x90, 0x00, 0x00, 0x00, 0x00, 0x00, 0x00, 0x00, 0x0B, 0xFE, 0x00, 0x00, 0x00, 0xBF, 0xBF,
    0xF0, 0x00, 0x02, 0xF0, 0x07, 0xFC, 0x00, 0x07, 0xC0, 0x02, 0xFE, 0x00, 0x0F, 0x80, 0x00, 0xFF,
    0x00, 0x1F, 0x00, 0x00, 0xFF, 0x00, 0x2F, 0xFF, 0xFF, 0xFF, 0x80, 0x3F, 0xAA, 0xAA, 0xAA, 0x00,
    0x3F, 0x00, 0x00, 0x00, 0x00, 0x3F, 0x00, 0x00, 0x00, 0x00, 0x3F, 0x00, 0x00, 0x00, 0x00, 0x3F,
    0x80, 0x00, 0x00, 0x00, 0x3F, 0xC0, 0x00, 0x00, 0xC0, 0x2F, 0xE0, 0x00, 0x02, 0xC0, 0x0F, 0xF0,
    0x00, 0x0B, 0x00, 0x0F, 0xFE, 0x00, 0x2E, 0x00, 0x03, 0xFF, 0xEB, 0xFC, 0x00, 0x00, 0xFF, 0xFF,
    0xF0, 0x00, 0x00, 0x2F, 0xFF, 0x40, 0x00, 0x00, 0x00, 0x00, 0x00, 0x00, 0x00, 0xA0, 0x00, 0xA0,
    0x00, 0x02, 0xFC, 0x03, 0xFC, 0x00, 0x03, 0xFC, 0x03, 0xFC, 0x00, 0x02, 0xFC, 0x02, 0xF8, 0x00,
    0x00, 0x00, 0x00, 0x00, 0x00, 0x00, 0x00, 0x00, 0x00, 0x00, 0x00, 0x0B, 0xFE, 0x00, 0x00, 0x00,
    0xBF, 0xBF, 0xF0, 0x00, 0x02, 0xF0, 0x07, 0xFC, 0x00, 0x07, 0xC0, 0x02, 0xFE, 0x00, 0x0F, 0x80,
    0x00, 0xFF, 0x00, 0x1F, 0x00, 0x00, 0xFF, 0x00, 0x2F, 0xFF, 0xFF, 0xFF, 0x80, 0x3F, 0xAA, 0xAA,
    0xAA, 0x00, 0x3F, 0x00, 0x00, 0x00, 0x00, 0x3F, 0x00, 0x00, 0x00, 0x00, 0x3F, 0x00, 0x00, 0x00,
    0x00, 0x3F, 0x80, 0x00, 0x00, 0x00, 0x3F, 0xC0, 0x00, 0x00, 0xC0, 0x2F, 0xE0, 0x00, 0x02, 0xC0,
    0x0F, 0xF0, 0x00, 0x0B, 0x00, 0x0F, 0xFE, 0x00, 0x2E, 0x00, 0x03, 0xFF, 0xEB, 0xFC, 0x00, 0x00,
    0xFF, 0xFF, 0xF0, 0x00, 0x00, 0x2F, 0xFF, 0x40, 0x00, 0x00, 0x00, 0x00, 0x00, 0x00, 0x00, 0x00,
    0x00, 0x00, 0x00, 0x00, 0xB8, 0x00, 0x00, 0x00, 0x2F, 0xF8, 0x00, 0x00, 0x00, 0x6F, 0xF8, 0x00,
    0x00, 0x00, 0x03, 0xF8, 0x00, 0x00, 0x00, 0x03, 0xF8, 0x00, 0x00, 0x00, 0x03, 0xF8, 0x00, 0x00,
    0x00, 0x03, 0xF8, 0x00, 0x00, 0x00, 0x03, 0xF8, 0x00, 0x00, 0x00, 0x6B, 0xFA, 0xAA, 0xA8, 0x00,
    0xFF, 0xFF, 0xFF, 0xFE, 0x00, 0x1B, 0xF9, 0x55, 0x54, 0x00, 0x03, 0xF8, 0x00, 0x00, 0x00, 0x03,
    0xF8, 0x0A, 0xE4, 0x00, 0x03, 0xF8, 0xBF, 0xFF, 0x00, 0x03, 0xFB, 0xFF, 0xFF, 0xC0, 0x03, 0xFF,
    0x80, 0x3F, 0xF0, 0x03, 0xFC, 0x00, 0x0F, 0xF0, 0x03, 0xF8, 0x00, 0x0B, 0xF8, 0x03, 0xF8, 0x00,
    0x03, 0xF8, 0x03, 0xF8, 0x00, 0x03, 0xFC, 0x03, 0xF8, 0x00, 0x03, 0xFC, 0x03, 0xF8, 0x00, 0x03,
    0xF8, 0x03, 0xF8, 0x00, 0x03, 0xF8, 0x03, 0xF8, 0x00, 0x03, 0xF4, 0x03, 0xF8, 0x00, 0x03, 0xF0,
    0x03, 0xF8, 0x00, 0x0B, 0xE0, 0x0F, 0xFC, 0x00, 0x0F, 0xC0, 0xBF, 0xFF, 0xC0, 0x0F, 0xC0, 0x00,
    0x00, 0x00, 0x3F, 0x00, 0x00, 0x00, 0x00, 0x7E, 0x00, 0x00, 0x00, 0x00, 0xF8, 0x00, 0x00, 0x00,
    0x03, 0xF0, 0x00, 0x00, 0x00, 0x0F, 0xC0, 0x00, 0x00, 0x00, 0x3E, 0x00, 0x00, 0x00, 0x02, 0xF0,
    0x00, 0x00, 0x00, 0x2F, 0x80, 0x00, 0x00, 0x00, 0x38, 0x00, 0x00, 0x00, 0x00, 0x00, 0x00, 0x00,
    0x00, 0x00, 0x00, 0x02, 0x00, 0x00, 0x00, 0x1F, 0xC0, 0x00, 0x00, 0x7F, 0xC0, 0x00, 0x01, 0xFE,
    0x00, 0x00, 0x07, 0xF4, 0x00, 0x00, 0x0F, 0x80, 0x00, 0x00, 0x3C, 0x00, 0x00, 0x00, 0x00, 0x00,
    0x00, 0x00, 0x00, 0x00, 0x00, 0x00, 0x00, 0x00, 0x00, 0x6A, 0xAA, 0xAA, 0xAA, 0x0B, 0xFF, 0xFF,
    0xFF, 0x03, 0xF8, 0x00, 0x3F, 0x03, 0xF8, 0x00, 0x0F, 0x03, 0xF8, 0x00, 0x0B, 0x03, 0xF8, 0x00,
    0x03, 0x03, 0xF8, 0x00, 0x00, 0x03, 0xF8, 0x00, 0x00, 0x03, 0xF8, 0x00, 0x00, 0x03, 0xF8, 0x00,
    0x00, 0x03, 0xF8, 0x00, 0x00, 0x03, 0xF8, 0x00, 0x00, 0x03, 0xF8, 0x00, 0x00, 0x03, 0xF8, 0x00,
    0x00, 0x03, 0xF8, 0x00, 0x00, 0x03, 0xF8, 0x00, 0x00, 0x03, 0xF8, 0x00, 0x00, 0x0B, 0xFC, 0x00,
    0x00, 0xBF, 0xFF, 0xF0, 0x00, 0x00, 0x00, 0x00, 0x00, 0x00, 0x00, 0x0B, 0xFE, 0x4D, 0x00, 0x00,
    0x3F, 0x86, 0xFE, 0x00, 0x01, 0xF8, 0x00, 0x3F, 0x00, 0x03, 0xF0, 0x00, 0x0F, 0x00, 0x0F, 0xC0,
    0x00, 0x07, 0x00, 0x0F, 0xC0, 0x00, 0x03, 0x00, 0x2F, 0x80, 0x00, 0x00, 0x00, 0x3F, 0x80, 0x00,
    0x00, 0x00, 0x3F, 0xFF, 0xFF, 0x40, 0x00, 0x3F, 0xFF, 0xFF, 0x00, 0x00, 0x3F, 0x80, 0x00, 0x00,
    0x00, 0x3F, 0xC0, 0x00, 0x00, 0x00, 0x2F, 0xC0, 0x00, 0x00, 0x00, 0x2F, 0xE0, 0x00, 0x00, 0xC0,
    0x0F, 0xF8, 0x00, 0x03, 0x80, 0x0B, 0xFE, 0x00, 0x2F, 0x00, 0x03, 0xFF, 0xFF, 0xFC, 0x00, 0x00,
    0xFF, 0xFF, 0xF0, 0x00, 0x00, 0x2F, 0xFF, 0x80, 0x00, 0x00, 0x00, 0x00, 0x00, 0x00, 0x00, 0x00,
    0x00, 0x00, 0x00, 0xBF, 0xAA, 0x00, 0x0B, 0xD0, 0xBF, 0x00, 0x0F, 0x00, 0x2F, 0x00, 0x2F, 0x00,
    0x0F, 0x00, 0x3F, 0x00, 0x07, 0x00, 0x3F, 0x80, 0x03, 0x00, 0x3F, 0xE0, 0x00, 0x00, 0x1F, 0xFD,
    0x00, 0x00, 0x0B, 0xFF, 0xC0, 0x00, 0x02, 0xFF, 0xF8, 0x00, 0x00, 0x3F, 0xFE, 0x00, 0x00, 0x07,
    0xFF, 0x80, 0x20, 0x00, 0xBF, 0xC0, 0x30, 0x00, 0x2F, 0xC0, 0x38, 0x00, 0x0F, 0xC0, 0x3C, 0x00,
    0x0F, 0xC0, 0x3E, 0x00, 0x0F, 0x80, 0x3F, 0x80, 0x3F, 0x00, 0x3A, 0xFF, 0xF8, 0x00, 0x00, 0x00,
    0x00, 0x00, 0x00, 0x00, 0x00, 0x00, 0xFC, 0x00, 0x02, 0xFE, 0x00, 0x02, 0xFE, 0x00, 0x00, 0xFC,
    0x00, 0x00, 0x00, 0x00, 0x00, 0x00, 0x00, 0x00, 0x00, 0x00, 0x00, 0x00, 0x00, 0x00, 0x00, 0x00,
    0x00, 0x1A, 0x00, 0x06, 0xFE, 0x00, 0x3B, 0xFE, 0x00, 0x00, 0xFE, 0x00, 0x00, 0xFE, 0x00, 0x00,
    0xFE, 0x00, 0x00, 0xFE, 0x00, 0x00, 0xFE, 0x00, 0x00, 0xFE, 0x00, 0x00, 0xFE, 0x00, 0x00, 0xFE,
    0x00, 0x00, 0xFE, 0x00, 0x00, 0xFE, 0x00, 0x00, 0xFE, 0x00, 0x00, 0xFE, 0x00, 0x00, 0xFE, 0x00,
    0x00, 0xFF, 0x00, 0x03, 0xFF, 0x80, 0x3F, 0xFF, 0xF8, 0x0A, 0x00, 0x2E, 0x00, 0x3F, 0x80, 0x3F,
    0x80, 0x3F, 0xC0, 0xBF, 0x80, 0x3F, 0x80, 0x3F, 0x00, 0x00, 0x00, 0x00, 0x00, 0x00, 0x00, 0x00,
    0x00, 0x00, 0x06, 0x80, 0x00, 0x01, 0xBF, 0x80, 0x00, 0x0E, 0xFF, 0x80, 0x00, 0x00, 0x3F, 0x80,
    0x00, 0x00, 0x3F, 0x80, 0x00, 0x00, 0x3F, 0x80, 0x00, 0x00, 0x3F, 0x80, 0x00, 0x00, 0x3F, 0x80,
    0x00, 0x00, 0x3F, 0x80, 0x00, 0x00, 0x3F, 0x80, 0x00, 0x00, 0x3F, 0x80, 0x00, 0x00, 0x3F, 0x80,
    0x00, 0x00, 0x3F, 0x80, 0x00, 0x00, 0x3F, 0x80, 0x00, 0x00, 0x3F, 0x80, 0x00, 0x00, 0x3F, 0x80,
    0x00, 0x00, 0x3F, 0xC0, 0x00, 0x00, 0xFF, 0xE0, 0x00, 0x0F, 0xFF, 0xFE, 0x00, 0x00, 0x00, 0x00,
    0x00, 0x00, 0xFC, 0x00, 0x02, 0xFE, 0x00, 0x02, 0xFE, 0x00, 0x00, 0xFC, 0x00, 0x00, 0x00, 0x00,
    0x00, 0x00, 0x00, 0x00, 0x00, 0x00, 0x00, 0x00, 0x00, 0x00, 0x00, 0x00, 0x00, 0x1A, 0x00, 0x06,
    0xFE, 0x00, 0x3F, 0xFE, 0x00, 0x01, 0xFE, 0x00, 0x00, 0xFE, 0x00, 0x00, 0xFE, 0x00, 0x00, 0xFE,
    0x00, 0x00, 0xFE, 0x00, 0x00, 0xFE, 0x00, 0x00, 0xFE, 0x00, 0x00, 0xFE, 0x00, 0x00, 0xFE, 0x00,
    0x00, 0xFE, 0x00, 0x00, 0xFE, 0x00, 0x00, 0xFE, 0x00, 0x00, 0xFE, 0x00, 0x00, 0xFE, 0x00, 0x00,
    0xFE, 0x00, 0x00, 0xFE, 0x00, 0x00, 0xFE, 0x00, 0x00, 0xFE, 0x00, 0x00, 0xFC, 0x00, 0x00, 0xFC,
    0x00, 0x00, 0xFC, 0x3F, 0x00, 0xF4, 0x3F, 0xC2, 0xF0, 0x3F, 0xFF, 0x80, 0x0A, 0xE8, 0x00, 0x02,
    0xAA, 0xAA, 0xAA, 0xAA, 0x00, 0x00, 0x00, 0x00, 0x7F, 0xFF, 0xFF, 0xF0, 0x00, 0x00, 0x00, 0x00,
    0x0F, 0xC0, 0x2F, 0xE0, 0x00, 0x00, 0x00, 0x00, 0x0B, 0x00, 0x0F, 0xC0, 0x00, 0x00, 0x00, 0x00,
    0x0B, 0x00, 0x0F, 0xC0, 0x00, 0x00, 0x00, 0x00, 0x0B, 0x00, 0x0F, 0xC0, 0x00, 0x00, 0x00, 0x00,
    0x0B, 0x00, 0x0F, 0xC0, 0x00, 0x00, 0x00, 0x00, 0x0B, 0x00, 0x0F, 0xC0, 0x00, 0x00, 0x00, 0x00,
    0x0B, 0x00, 0x0F, 0xE5, 0x50, 0x00, 0x00, 0x00, 0x0B, 0x00, 0x0F, 0xFF, 0xFF, 0xE0, 0x00, 0x00,
    0x0B, 0x00, 0x0F, 0xC0, 0x0B, 0xFC, 0x00, 0x00, 0x0F, 0x00, 0x0F, 0xC0, 0x00, 0xFF, 0x00, 0x00,
    0x0F, 0x00, 0x0F, 0xC0, 0x00, 0xBF, 0x00, 0x00, 0x0E, 0x00, 0x0F, 0xC0, 0x00, 0xBF, 0x80, 0x00,
    0x0E, 0x00, 0x0F, 0xC0, 0x00, 0xBF, 0x40, 0xBE, 0x0C, 0x00, 0x0F, 0xC0, 0x00, 0xFF, 0x00, 0xBF,
    0x2C, 0x00, 0x1F, 0xC0, 0x02, 0xFE, 0x00, 0xBF, 0xF8, 0x00, 0x3F, 0xFA, 0xAF, 0xF8, 0x00, 0x3F,
    0xF0, 0x03, 0xFF, 0xFF, 0xFE, 0x80, 0x00, 0x00, 0x00, 0x00, 0x00, 0x00, 0x00, 0x00, 0x00, 0x6A,
    0xAA, 0x80, 0xAA, 0xAA, 0x00, 0x00, 0x00, 0x0B, 0xFE, 0x00, 0x2F, 0xF8, 0x00, 0x00, 0x00, 0x03,
    0xFC, 0x00, 0x0F, 0xF0, 0x00, 0x00, 0x00, 0x03, 0xF8, 0x00, 0x0F, 0xE0, 0x00, 0x00, 0x00, 0x03,
    0xF8, 0x00, 0x0F, 0xE0, 0x00, 0x00, 0x00, 0x03, 0xF8, 0x00, 0x0F, 0xE0, 0x00, 0x00, 0x00, 0x03,
    0xF8, 0x00, 0x0F, 0xE0, 0x00, 0x00, 0x00, 0x03, 0xF8, 0x00, 0x0F, 0xE0, 0x00, 0x00, 0x00, 0x03,
    0xFD, 0x55, 0x5F, 0xF5, 0x40, 0x00, 0x00, 0x03, 0xFF, 0xFF, 0xFF, 0xFF, 0xFF, 0xE0, 0x00, 0x03,
    0xF8, 0x00, 0x0F, 0xE0, 0x0B, 0xFC, 0x00, 0x03, 0xF8, 0x00, 0x0F, 0xE0, 0x00, 0xFF, 0x00, 0x03,
    0xF8, 0x00, 0x0F, 0xE0, 0x00, 0xBF, 0x00, 0x03, 0xF8, 0x00, 0x0F, 0xE0, 0x00, 0xBF, 0x40, 0x03,
    0xF8, 0x00, 0x0F, 0xE0, 0x00, 0xBF, 0x00, 0x03, 0xF8, 0x00, 0x0F, 0xE0, 0x00, 0xFF, 0x00, 0x03,
    0xF8, 0x00, 0x0F, 0xE0, 0x03, 0xFE, 0x00, 0x0B, 0xFC, 0x00, 0x1F, 0xF9, 0xAF, 0xF8, 0x00, 0xBF,
    0xFF, 0xC0, 0xFF, 0xFF, 0xFE, 0x80, 0x00, 0x00, 0x00, 0x00, 0x00, 0x00, 0x00, 0x00, 0xB8, 0x00,
    0x00, 0x00, 0x00, 0x2F, 0xF8, 0x00, 0x00, 0x00, 0x00, 0x6F, 0xF8, 0x00, 0x00, 0x00, 0x00, 0x03,
    0xF8, 0x00, 0x00, 0x00, 0x00, 0x03, 0xF8, 0x00, 0x00, 0x00, 0x00, 0x03, 0xF8, 0x00, 0x00, 0x00,
    0x00, 0x03, 0xF8, 0x00, 0x00, 0x00, 0x00, 0x03, 0xF8, 0x00, 0x00, 0x00, 0x00, 0x6B, 0xFA, 0xAA,
    0xA8, 0x00, 0x00, 0xFF, 0xFF, 0xFF, 0xFE, 0x00, 0x00, 0x1B, 0xF9, 0x55, 0x54, 0x00, 0x00, 0x03,
    0xF8, 0x00, 0x00, 0x00, 0x00, 0x03, 0xF8, 0x06, 0xA8, 0x00, 0x00, 0x03, 0xF8, 0x7F, 0xFF, 0x00,
    0x00, 0x03, 0xFA, 0xFB, 0xFF, 0xC0, 0x00, 0x03, 0xFF, 0x00, 0x3F, 0xC0, 0x00, 0x03, 0xFC, 0x00,
    0x2F, 0xD0, 0x00, 0x03, 0xF8, 0x00, 0x0F, 0xE0, 0x00, 0x03, 0xF8, 0x00, 0x0F, 0xE0, 0x00, 0x03,
    0xF8, 0x00, 0x0F, 0xE0, 0x00, 0x03, 0xF8, 0x00, 0x0F, 0xE0, 0x00, 0x03, 0xF8, 0x00, 0x0F, 0xE0,
    0x00, 0x03, 0xF8, 0x00, 0x0F, 0xE0, 0x00, 0x03, 0xF8, 0x00, 0x0F, 0xE0, 0x00, 0x03, 0xF8, 0x00,
    0x0F, 0xE0, 0x00, 0x03, 0xF8, 0x00, 0x0F, 0xE0, 0x00, 0x0F, 0xFC, 0x00, 0x2F, 0xF0, 0x00, 0xBF,
    0xFF, 0xC2, 0xFF, 0xFF, 0x00, 0x00, 0x00, 0x00, 0x18, 0x00, 0x00, 0x00, 0x00, 0x00, 0xFD, 0x00,
    0x00, 0x00, 0x00, 0x03, 0xFC, 0x00, 0x00, 0x00, 0x00, 0x0F, 0xF4, 0x00, 0x00, 0x00, 0x00, 0x3F,
    0x80, 0x00, 0x00, 0x00, 0x00, 0xFC, 0x00, 0x00, 0x00, 0x00, 0x03, 0xE0, 0x00, 0x00, 0x00, 0x00,
    0x00, 0x00, 0x00, 0x00, 0x00, 0x00, 0x00, 0x00, 0x00, 0x00, 0x00, 0x00, 0x00, 0x00, 0x00, 0x00,
    0x00, 0x6A, 0xAA, 0x80, 0xAA, 0xA9, 0x00, 0x0B, 0xFE, 0x00, 0x2F, 0xE0, 0x00, 0x03, 0xF8, 0x00,
    0x2F, 0x00, 0x00, 0x03, 0xF8, 0x00, 0x7C, 0x00, 0x00, 0x03, 0xF8, 0x00, 0xF0, 0x00, 0x00, 0x03,
    0xF8, 0x03, 0xC0, 0x00, 0x00, 0x03, 0xF8, 0x0F, 0x00, 0x00, 0x00, 0x03, 0xF8, 0x3C, 0x00, 0x00,
    0x00, 0x03, 0xF8, 0xF0, 0x00, 0x00, 0x00, 0x03, 0xFF, 0xFC, 0x00, 0x00, 0x00, 0x03, 0xFF, 0xFF,
    0x00, 0x00, 0x00, 0x03, 0xF8, 0xFF, 0xC0, 0x00, 0x00, 0x03, 0xF8, 0x3F, 0xF0, 0x00, 0x00, 0x03,
    0xF8, 0x0F, 0xFC, 0x00, 0x00, 0x03, 0xF8, 0x03, 0xFE, 0x00, 0x00, 0x03, 0xF8, 0x01, 0xFF, 0x80,
    0x00, 0x03, 0xF8, 0x00, 0xBF, 0xE0, 0x00, 0x0B, 0xFC, 0x00, 0x3F, 0xF8, 0x00, 0xBF, 0xFF, 0xC1,
    0xFF, 0xFF, 0x80, 0x00, 0x0A, 0x40, 0x00, 0x00, 0x00, 0x00, 0x0F, 0xE0, 0x00, 0x00, 0x00, 0x00,
    0x0F, 0xF8, 0x00, 0x00, 0x00, 0x00, 0x02, 0xFE, 0x00, 0x00, 0x00, 0x00, 0x00, 0x3F, 0x80, 0x00,
    0x00, 0x00, 0x00, 0x0B, 0xE0, 0x00, 0x00, 0x00, 0x00, 0x00, 0xF8, 0x00, 0x00, 0x00, 0x00, 0x00,
    0x18, 0x00, 0x00, 0x00, 0x00, 0x00, 0x00, 0x00, 0x00, 0x6A, 0xAA, 0x80, 0xAA, 0xAA, 0x80, 0x0B,
    0xFE, 0x00, 0x2F, 0xFC, 0x00, 0x03, 0xFC, 0x00, 0x0B, 0xF0, 0x00, 0x03, 0xF8, 0x00, 0x0F, 0xF0,
    0x00, 0x03, 0xF8, 0x00, 0x2F, 0xF0, 0x00, 0x03, 0xF8, 0x00, 0x7F, 0xF0, 0x00, 0x03, 0xF8, 0x00,
    0xEB, 0xF0, 0x00, 0x03, 0xF8, 0x03, 0xCB, 0xF0, 0x00, 0x03, 0xF8, 0x0B, 0x0B, 0xF0, 0x00, 0x03,
    0xF8, 0x0E, 0x0B, 0xF0, 0x00, 0x03, 0xF8, 0x3C, 0x0B, 0xF0, 0x00, 0x03, 0xF8, 0xB0, 0x0B, 0xF0,
    0x00, 0x03, 0xF9, 0xE0, 0x0B, 0xF0, 0x00, 0x03, 0xFF, 0x80, 0x0B, 0xF0, 0x00, 0x03, 0xFF, 0x00,
    0x0B, 0xF0, 0x00, 0x03, 0xFC, 0x00, 0x0B, 0xF0, 0x00, 0x03, 0xFC, 0x00, 0x0B, 0xF0, 0x00, 0x0B,
    0xFC, 0x00, 0x0F, 0xF8, 0x00, 0xBF, 0xFF, 0xC0, 0xFF, 0xFF, 0x80, 0x00, 0x00, 0x00, 0x00, 0x00,
    0x00, 0x0F, 0x00, 0xB8, 0x00, 0x00, 0x0F, 0x00, 0xBC, 0x00, 0x00, 0x2C, 0x00, 0x0C, 0x00, 0x00,
    0x0E, 0x00, 0x2C, 0x00, 0x00, 0x0F, 0xFF, 0xF8, 0x00, 0x00, 0x02, 0xFF, 0xD0, 0x00, 0x00, 0x00,
    0x00, 0x00, 0x00, 0x00, 0x00, 0x00, 0x00, 0x00, 0x2A, 0xAA, 0x80, 0x0A, 0xA8, 0x2F, 0xFE, 0x00,
    0x02, 0xFC, 0x0B, 0xFC, 0x00, 0x00, 0xF0, 0x03, 0xFC, 0x00, 0x02, 0xE0, 0x02, 0xFE, 0x00, 0x03,
    0xC0, 0x00, 0xFF, 0x00, 0x03, 0x80, 0x00, 0xBF, 0x80, 0x0B, 0x00, 0x00, 0x3F, 0xC0, 0x0F, 0x00,
    0x00, 0x2F, 0xC0, 0x0E, 0x00, 0x00, 0x0F, 0xF0, 0x2C, 0x00, 0x00, 0x0B, 0xF0, 0x3C, 0x00, 0x00,
    0x03, 0xF8, 0x74, 0x00, 0x00, 0x02, 0xFC, 0xB0, 0x00, 0x00, 0x00, 0xFF, 0xE0, 0x00, 0x00, 0x00,
    0xFF, 0xC0, 0x00, 0x00, 0x00, 0x3F, 0xC0, 0x00, 0x00, 0x00, 0x3F, 0x80, 0x00, 0x00, 0x00, 0x1F,
    0x00, 0x00, 0x00, 0x00, 0x0E, 0x00, 0x00, 0x00, 0x00, 0x2C, 0x00, 0x00, 0x00, 0x00, 0x3C, 0x00,
    0x00, 0x00, 0x00, 0xB8, 0x00, 0x00, 0x00, 0x00, 0xF0, 0x00, 0x00, 0x05, 0x02, 0xE0, 0x00, 0x00,
    0x2F, 0xFF, 0xC0, 0x00, 0x00, 0x3F, 0xFF, 0x00, 0x00, 0x00, 0x2F, 0xFD, 0x00, 0x00, 0x00, 0x0A,
    0xE0, 0x00, 0x00, 0x00, 0x6A, 0xAA, 0x82, 0xAA, 0xAA, 0x00, 0x0B, 0xFE, 0x00, 0x3F, 0xF4, 0x00,
    0x03, 0xFC, 0x00, 0x0F, 0xE0, 0x00, 0x03, 0xF8, 0x00, 0x0F, 0xE0, 0x00, 0x03, 0xF8, 0x00, 0x0F,
    0xE0, 0x00, 0x03, 0xF8, 0x00, 0x0F, 0xE0, 0x00, 0x03, 0xF8, 0x00, 0x0F, 0xE0, 0x00, 0x03, 0xF8,
    0x00, 0x0F, 0xE0, 0x00, 0x03, 0xF8, 0x00, 0x0F, 0xE0, 0x00, 0x03, 0xF8, 0x00, 0x0F, 0xE0, 0x00,
    0x03, 0xF8, 0x00, 0x0F, 0xE0, 0x00, 0x03, 0xF8, 0x00, 0x0F, 0xE0, 0x00, 0x03, 0xF8, 0x00, 0x0F,
    0xE0, 0x00, 0x03, 0xF8, 0x00, 0x0F, 0xE0, 0x00, 0x03, 0xF8, 0x00, 0x0F, 0xE0, 0x00, 0x03, 0xF8,
    0x00, 0x0F, 0xE0, 0x00, 0x03, 0xFC, 0x00, 0x0F, 0xE0, 0x00, 0x0B, 0xFE, 0xAA, 0xBF, 0xF0, 0x00,
    0xBF, 0xFF, 0xFF, 0xFF, 0xFF, 0x00, 0x00, 0x00, 0xBF, 0x00, 0x00, 0x00, 0x00, 0x00, 0xBF, 0x00,
    0x00, 0x00, 0x00, 0x00, 0xBF, 0x00, 0x00, 0x00, 0x00, 0x00, 0xBF, 0x00, 0x00, 0x00, 0x00, 0x00,
    0x3F, 0x00, 0x00, 0x00, 0x00, 0x00, 0x2A, 0x80, 0x00, 0x00, 0x00, 0x00, 0x00, 0xBF, 0x80, 0x00,
    0x00, 0x00, 0x00, 0x00, 0xFF, 0x40, 0x00, 0x00, 0x00, 0x00, 0x00, 0xFF, 0x00, 0x00, 0x00, 0x00,
    0x00, 0x00, 0xFF, 0x00, 0x00, 0x00, 0x00, 0x2F, 0xFF, 0xFF, 0xFF, 0xFF, 0xE0, 0x00, 0x3F, 0xFF,
    0xFF, 0xFF, 0xFF, 0xE0, 0x00, 0x3F, 0xFF, 0xFF, 0xFF, 0xFF, 0xC0, 0x00, 0x2A, 0xAB, 0xFE, 0xAA,
    0xAA, 0x80, 0x00, 0x00, 0x03, 0xFC, 0x00, 0x00, 0x00, 0x00, 0x00, 0x0B, 0xF8, 0x00, 0x00, 0x00,
    0x00, 0x00, 0x0B, 0xF8, 0x00, 0x00, 0x00, 0x00, 0x00, 0x0F, 0xFA, 0xAA, 0xAA, 0x00, 0x00, 0x00,
    0x0F, 0xFF, 0xFF, 0xFF, 0xFC, 0x00, 0x00, 0x0F, 0xFF, 0xFF, 0xFF, 0xFF, 0x80, 0x00, 0x2F, 0xFF,
    0xFF, 0xFF, 0xFF, 0xE0, 0x00, 0x3F, 0xE0, 0x00, 0x01, 0xFF, 0xF0, 0x00, 0x3F, 0xC0, 0x00, 0x00,
    0x2F, 0xF8, 0x00, 0x3F, 0xC0, 0x00, 0x00, 0x0F, 0xF8, 0x00, 0x7F, 0x80, 0x00, 0x00, 0x0B, 0xFC,
    0x00, 0xBF, 0x80, 0x00, 0x00, 0x0B, 0xFC, 0x00, 0xFF, 0x00, 0x00, 0x00, 0x0B, 0xF8, 0x00, 0xFF,
    0x00, 0x00, 0x00, 0x0F, 0xF4, 0x00, 0xFF, 0x00, 0x00, 0x00, 0x2F, 0xF0, 0x02, 0xFE, 0x00, 0x00,
    0x00, 0xBF, 0xE0, 0x02, 0xFE, 0x00, 0x00, 0x02, 0xFF, 0xC0, 0x03, 0xFF, 0xAA, 0xAA, 0xFF, 0xFF,
    0x00, 0x03, 0xFF, 0xFF, 0xFF, 0xFF, 0xFC, 0x00, 0x03, 0xFF, 0xFF, 0xFF, 0xFF, 0xE0, 0x00, 0x0B,
    0xFF, 0xFF, 0xFF, 0xF8, 0x00, 0x00, 0x00, 0x00, 0x2A, 0x00, 0x00, 0x00, 0x00, 0x00, 0xBF, 0x00,
    0x00, 0x00, 0x00, 0x00, 0xFF, 0x00, 0x00, 0x00, 0x00, 0x00, 0xFF, 0x00, 0x00, 0x00, 0x00, 0x00,
    0xFE, 0x00, 0x00, 0x00, 0x00, 0x02, 0xFD, 0x00, 0x00, 0x00, 0x00, 0x02, 0xFC, 0x00, 0x00, 0x00,
    0x00, 0x03, 0xFC, 0x00, 0x00, 0x00, 0x2A, 0xAB, 0xFE, 0xAA, 0x80, 0x00, 0xBF, 0xFF, 0xFF, 0xFF,
    0xC0, 0x00, 0xBF, 0xFF, 0xFF, 0xFF, 0xC0, 0x00, 0xAA, 0xAF, 0xFA, 0xAA, 0x80, 0x00, 0x00, 0x0F,
    0xF0, 0x00, 0x00, 0x00, 0x00, 0x0F, 0xE0, 0x00, 0x00, 0x00, 0x00, 0x1F, 0xE0, 0x00, 0x00, 0x00,
    0x00, 0x2F, 0xC0, 0x00, 0x00, 0x00, 0x00, 0x3F, 0xD0, 0x00, 0x00, 0x00, 0x00, 0x3F, 0xFF, 0xFF,
    0xE0, 0x00, 0x00, 0x3F, 0xFF, 0xFF, 0xFC, 0x00, 0x00, 0xBF, 0xFF, 0xFF, 0xFF, 0x00, 0x00, 0xBF,
    0x00, 0x02, 0xFF, 0x80, 0x00, 0xFF, 0x00, 0x00, 0xBF, 0x80, 0x00, 0xFF, 0x00, 0x00, 0x3F, 0x80,
    0x00, 0xFE, 0x00, 0x00, 0x3F, 0x80, 0x02, 0xFD, 0x00, 0x00, 0xBF, 0x80, 0x02, 0xFC, 0x00, 0x00,
    0xFF, 0x00, 0x03, 0xFC, 0x00, 0x0B, 0xFF, 0x00, 0x03, 0xFF, 0xFF, 0xFF, 0xFC, 0x00, 0x07, 0xFF,
    0xFF, 0xFF, 0xF0, 0x00, 0x0B, 0xFF, 0xFF, 0xFE, 0x00, 0x00, 0x00, 0x00, 0x00, 0x00, 0x40, 0x00,
    0x00, 0x00, 0x00, 0x00, 0x02, 0xFF, 0xFF, 0xE0, 0x00, 0x00, 0x00, 0x00, 0x3F, 0xFF, 0xFF, 0xFE,
    0x00, 0x00, 0x00, 0x02, 0xFF, 0xFF, 0xFF, 0xFF, 0xC0, 0x00, 0x00, 0x0F, 0xFF, 0xE0, 0x0B, 0xFF,
    0xE0, 0x00, 0x00, 0x3F, 0xFC, 0x00, 0x00, 0x3F, 0xF8, 0x00, 0x00, 0xBF, 0xE0, 0x00, 0x00, 0x0F,
    0xFC, 0x00, 0x02, 0xFF, 0x80, 0x00, 0x00, 0x03, 0xFE, 0x00, 0x03, 0xFE, 0x00, 0x00, 0x00, 0x02,
    0xFF, 0x00, 0x0B, 0xFC, 0x00, 0x00, 0x00, 0x00, 0xFF, 0x00, 0x0F, 0xF8, 0x00, 0x00, 0x00, 0x00,
    0xFF, 0x00, 0x1F, 0xF0, 0x00, 0x00, 0x00, 0x00, 0xFF, 0x00, 0x2F, 0xE0, 0x00, 0x00, 0x00, 0x00,
    0xFF, 0x00, 0x3F, 0xE0, 0x00, 0x00, 0x00, 0x00, 0xFF, 0x00, 0x3F, 0xFF, 0xFF, 0xFF, 0xFF, 0xFF,
    0xFF, 0x00, 0x3F, 0xFF, 0xFF, 0xFF, 0xFF, 0xFF, 0xFF, 0x00, 0xBF, 0xFF, 0xFF, 0xFF, 0xFF, 0xFF,
    0xFF, 0x00, 0xBF, 0xEA, 0xAA, 0xAA, 0xAA, 0xAA, 0xFF, 0x00, 0xBF, 0x80, 0x00, 0x00, 0x00, 0x02,
    0xFE, 0x00, 0xBF, 0x80, 0x00, 0x00, 0x00, 0x03, 0xFD, 0x00, 0xBF, 0x80, 0x00, 0x00, 0x00, 0x07,
    0xFC, 0x00, 0xBF, 0x80, 0x00, 0x00, 0x00, 0x0F, 0xF8, 0x00, 0x3F, 0xC0, 0x00, 0x00, 0x00, 0x1F,
    0xF0, 0x00, 0x3F, 0xC0, 0x00, 0x00, 0x00, 0x3F, 0xE0, 0x00, 0x2F, 0xF0, 0x00, 0x00, 0x00, 0xFF,
    0xC0, 0x00, 0x0F, 0xF8, 0x00, 0x00, 0x03, 0xFF, 0x80, 0x00, 0x0F, 0xFE, 0x00, 0x00, 0x0F, 0xFE,
    0x00, 0x00, 0x03, 0xFF, 0xE0, 0x01, 0xFF, 0xFC, 0x00, 0x00, 0x00, 0xFF, 0xFF, 0xFF, 0xFF, 0xE0,
    0x00, 0x00, 0x00, 0x3F, 0xFF, 0xFF, 0xFF, 0x00, 0x00, 0x00, 0x00, 0x07, 0xFF, 0xFF, 0xF4, 0x00,
    0x00, 0x00, 0x00, 0x00, 0x1A, 0xA9, 0x00, 0x00, 0x00, 0x00, 0x00, 0x00, 0x00, 0x00, 0x00, 0x00,
    0x00, 0x00, 0xBF, 0xFF, 0x80, 0x00, 0x00, 0x0B, 0xFF, 0xFF, 0xF0, 0x00, 0x00, 0x3F, 0xFF, 0xFF,
    0xFC, 0x00, 0x00, 0xFF, 0xE0, 0x03, 0xFE, 0x00, 0x02, 0xFF, 0x00, 0x00, 0xFF, 0x00, 0x03, 0xFC,
    0x00, 0x00, 0x3F, 0x80, 0x0F, 0xF4, 0x00, 0x00, 0x3F, 0x80, 0x0F, 0xF0, 0x00, 0x00, 0x2F, 0xC0,
    0x2F, 0xD0, 0x00, 0x00, 0x2F, 0xC0, 0x3F, 0xD0, 0x00, 0x00, 0x3F, 0xC0, 0x3F, 0xFF, 0xFF, 0xFF,
    0xFF, 0xC0, 0x3F, 0xFF, 0xFF, 0xFF, 0xFF, 0x80, 0x3F, 0xFF, 0xFF, 0xFF, 0xFF, 0x40, 0x3F, 0x00,
    0x00, 0x00, 0xBF, 0x00, 0x3F, 0x40, 0x00, 0x00, 0xFF, 0x00, 0x3F, 0x80, 0x00, 0x02, 0xFD, 0x00,
    0x3F, 0xC0, 0x00, 0x03, 0xFC, 0x00, 0x2F, 0xE0, 0x00, 0x0F, 0xF4, 0x00, 0x0F, 0xF8, 0x00, 0xBF,
    0xE0, 0x00, 0x0B, 0xFF, 0xAB, 0xFF, 0xC0, 0x00, 0x03, 0xFF, 0xFF, 0xFE, 0x00, 0x00, 0x00, 0xBF,
    0xFF, 0xF0, 0x00, 0x00, 0x00, 0x02, 0xA9, 0x00, 0x00, 0x00, 0x00, 0x00, 0x00, 0x00, 0x00, 0x00,
    0x10, 0x00, 0x2A, 0x80, 0x00, 0x00, 0x00, 0x0B, 0xFF, 0xC0, 0x3F, 0xC0, 0x00, 0x00, 0x00, 0x2F,
    0xFF, 0x80, 0x2F, 0xE0, 0x00, 0x00, 0x00, 0x3F, 0xFF, 0x00, 0x2F, 0xE0, 0x00, 0x00, 0x00, 0xFF,
    0xEB, 0x00, 0x0F, 0xE0, 0x00, 0x00, 0x01, 0xFF, 0x00, 0x00, 0x0F, 0xF0, 0x00, 0x00, 0x03, 0xFE,
    0x00, 0x00, 0x0F, 0xF0, 0x00, 0x00, 0x07, 0xFC, 0x00, 0x00, 0x0F, 0xF0, 0x00, 0x00, 0x0F, 0xF8,
    0x00, 0x00, 0x0B, 0xF4, 0x00, 0x00, 0x1F, 0xF0, 0x00, 0x00, 0x0B, 0xF8, 0x00, 0x00, 0x3F, 0xE0,
    0x00, 0x00, 0x07, 0xF8, 0x00, 0x00, 0x7F, 0xC0, 0x00, 0x00, 0x03, 0xFC, 0x00, 0x00, 0xFF, 0x80,
    0x00, 0x00, 0x03, 0xFC, 0x00, 0x00, 0xFF, 0x00, 0x00, 0x00, 0x03, 0xFC, 0x00, 0x03, 0xFD, 0x00,
    0x00, 0x00, 0x02, 0xFC, 0x00, 0x03, 0xFC, 0x00, 0x00, 0x00, 0x02, 0xFE, 0x00, 0x0F, 0xF0, 0x00,
    0x00, 0x00, 0x01, 0xFE, 0x00, 0x0F, 0xF0, 0x00, 0x00, 0x00, 0x00, 0xFF, 0x00, 0x3F, 0xC0, 0x00,
    0x00, 0x00, 0x00, 0xFF, 0x00, 0x3F, 0xC0, 0x00, 0x00, 0x00, 0x00, 0xFF, 0x00, 0xFF, 0x00, 0x00,
    0x00, 0x00, 0x00, 0xBF, 0x00, 0xFF, 0x00, 0x00, 0x00, 0x00, 0x00, 0xBF, 0x83, 0xFC, 0x00, 0x00,
    0x00, 0x00, 0x00, 0x7F, 0x83, 0xF8, 0x00, 0x00, 0x00, 0x00, 0x00, 0x3F, 0x8F, 0xF0, 0x00, 0x00,
    0x00, 0x00, 0x00, 0x3F, 0xCF, 0xE0, 0x00, 0x00, 0x00, 0x00, 0x00, 0x3F, 0xFF, 0xC0, 0x00, 0x00,
    0x00, 0x00, 0x00, 0x2F, 0xFF, 0x80, 0x00, 0x00, 0x00, 0x00, 0x00, 0x2F, 0xFF, 0x00, 0x00, 0x00,
    0x00, 0x00, 0x00, 0x1F, 0xFE, 0x00, 0x00, 0x00, 0x00, 0x00, 0x00, 0x0F, 0xFC, 0x00, 0x00, 0x00,
    0x00, 0x00, 0x00, 0x00, 0x00, 0x00, 0x00, 0x00, 0xAA, 0x00, 0x00, 0x02, 0xFF, 0xC0, 0xFF, 0x00,
    0x00, 0x0B, 0xFF, 0xC0, 0xBF, 0x00, 0x00, 0x1F, 0xFF, 0xC0, 0xBF, 0x00, 0x00, 0x3F, 0xE0, 0x00,
    0x3F, 0x80, 0x00, 0xBF, 0xC0, 0x00, 0x3F, 0x80, 0x00, 0xFF, 0x00, 0x00, 0x3F, 0x80, 0x01, 0xFF,
    0x00, 0x00, 0x3F, 0xC0, 0x03, 0xFC, 0x00, 0x00, 0x2F, 0xC0, 0x03, 0xF8, 0x00, 0x00, 0x2F, 0xC0,
    0x0F, 0xF0, 0x00, 0x00, 0x2F, 0xC0, 0x0F, 0xE0, 0x00, 0x00, 0x0F, 0xC0, 0x2F, 0xC0, 0x00, 0x00,
    0x0F, 0xE0, 0x3F, 0x80, 0x00, 0x00, 0x0F, 0xE0, 0xBF, 0x00, 0x00, 0x00, 0x0F, 0xE0, 0xFE, 0x00,
    0x00, 0x00, 0x0B, 0xF2, 0xFC, 0x00, 0x00, 0x00, 0x0B, 0xF3, 0xF8, 0x00, 0x00, 0x00, 0x07, 0xFB,
    0xF0, 0x00, 0x00, 0x00, 0x03, 0xFF, 0xE0, 0x00, 0x00, 0x00, 0x03, 0xFF, 0xC0, 0x00, 0x00, 0x00,
    0x03, 0xFF, 0x80, 0x00, 0x00, 0x00, 0x03, 0xFF, 0x00, 0x00, 0x00, 0x00, 0x00, 0x00, 0x00, 0x03,
    0xF0, 0x00, 0x3F, 0x00, 0x00, 0x00, 0x00, 0x03, 0xF0, 0x00, 0xBF, 0x00, 0x00, 0x00, 0x00, 0x0B,
    0xF0, 0x00, 0xFE, 0x00, 0x00, 0x00, 0x00, 0x03, 0xF0, 0x02, 0xFC, 0x00, 0x00, 0x00, 0x00, 0x03,
    0xFE, 0x6F, 0xF0, 0x00, 0x00, 0x00, 0x00, 0x01, 0xFF, 0xFF, 0xC0, 0x00, 0x00, 0x00, 0x00, 0x00,
    0x2B, 0xE8, 0x00, 0x00, 0x00, 0x00, 0x00, 0x00, 0x00, 0x00, 0x00, 0x00, 0x00, 0x00, 0x00, 0x00,
    0x00, 0x00, 0x00, 0x00, 0x00, 0x00, 0xFF, 0x40, 0x00, 0x00, 0x0B, 0xFC, 0x00, 0x00, 0xFF, 0x00,
    0x00, 0x00, 0x2F, 0xF8, 0x00, 0x02, 0xFF, 0x00, 0x00, 0x00, 0x7F, 0xF8, 0x00, 0x02, 0xFE, 0x00,
    0x00, 0x00, 0xFF, 0xF0, 0x00, 0x03, 0xFE, 0x00, 0x00, 0x03, 0xFF, 0xF0, 0x00, 0x03, 0xFC, 0x00,
    0x00, 0x0F, 0xFF, 0xE0, 0x00, 0x0B, 0xFC, 0x00, 0x00, 0x3F, 0xFF, 0xE0, 0x00, 0x0B, 0xF8, 0x00,
    0x00, 0xBF, 0xBF, 0xC0, 0x00, 0x0F, 0xF8, 0x00, 0x02, 0xFE, 0xBF, 0xC0, 0x00, 0x0F, 0xF0, 0x00,
    0x07, 0xF8, 0xBF, 0x80, 0x00, 0x2F, 0xF0, 0x00, 0x0F, 0xF0, 0xFF, 0x80, 0x00, 0x2F, 0xE0, 0x00,
    0x3F, 0xC0, 0xFF, 0x00, 0x00, 0x3F, 0xE0, 0x00, 0xFF, 0x02, 0xFF, 0x00, 0x00, 0x3F, 0xC0, 0x03,
    0xFC, 0x02, 0xFE, 0x00, 0x00, 0xBF, 0xC0, 0x0B, 0xF4, 0x03, 0xFE, 0x00, 0x00, 0xBF, 0x80, 0x2F,
    0xE0, 0x03, 0xFC, 0x00, 0x00, 0xFF, 0x80, 0x7F, 0x80, 0x0B, 0xFC, 0x00, 0x00, 0xFF, 0x00, 0xFF,
    0x00, 0x0B, 0xF8, 0x00, 0x02, 0xFF, 0x03, 0xFC, 0x00, 0x0F, 0xF8, 0x00, 0x02, 0xFE, 0x0F, 0xF0,
    0x00, 0x0F, 0xF0, 0x00, 0x03, 0xFE, 0x3F, 0xC0, 0x00, 0x2F, 0xF0, 0x00, 0x03, 0xFC, 0xBF, 0x40,
    0x00, 0x2F, 0xE0, 0x00, 0x0B, 0xFE, 0xFE, 0x00, 0x00, 0x3F, 0xE0, 0x00, 0x0B, 0xFF, 0xF8, 0x00,
    0x00, 0x3F, 0xC0, 0x00, 0x0F, 0xFF, 0xF0, 0x00, 0x00, 0xBF, 0xC0, 0x00, 0x0F, 0xFF, 0xC0, 0x00,
    0x00, 0xBF, 0x80, 0x00, 0x2F, 0xFF, 0x00, 0x00, 0x00, 0xFF, 0x95, 0x00, 0x2F, 0xFC, 0x00, 0x00,
    0x00, 0xFF, 0xFF, 0x00, 0x3F, 0xF4, 0x00, 0x00, 0x02, 0xFF, 0xFC, 0x00, 0x3F, 0xE0, 0x00, 0x00,
    0x02, 0xFF, 0xF8, 0x00, 0x00, 0x00, 0x00, 0x00, 0x00, 0x2F, 0xF0, 0x00, 0x00, 0x00, 0x00, 0x00,
    0x00, 0x3F, 0xC0, 0x00, 0x00, 0x00, 0x00, 0x00, 0x00, 0xFF, 0x80, 0x00, 0x00, 0x00, 0x00, 0x00,
    0x02, 0xFF, 0x00, 0x00, 0x00, 0x00, 0x00, 0x00, 0x03, 0xFC, 0x00, 0x00, 0x00, 0x00, 0x00, 0x00,
    0x0F, 0xF4, 0x00, 0x00, 0x00, 0x00, 0x00, 0x00, 0x00, 0x00, 0x00, 0x00, 0x00, 0x03, 0xF0, 0x00,
    0x3F, 0x00, 0x00, 0x00, 0x07, 0xF0, 0x00, 0xBF, 0x00, 0x00, 0x00, 0x07, 0xF0, 0x00, 0xFC, 0x00,
    0x00, 0x00, 0x03, 0xF8, 0x07, 0xF8, 0x00, 0x00, 0x00, 0x02, 0xFF, 0xFF, 0xE0, 0x00, 0x00, 0x00,
    0x00, 0xBF, 0xFE, 0x00, 0x00, 0x00, 0x00, 0x00, 0x00, 0x00, 0x00, 0x00, 0x00, 0x00, 0x00, 0x00,
    0x00, 0x00, 0x00, 0x00, 0x00, 0x00, 0x00, 0x00, 0x00, 0x00, 0x00, 0x00, 0x00, 0x00, 0x00, 0x00,
    0x00, 0x00, 0x0F, 0xF0, 0x00, 0x00, 0xFF, 0x00, 0x00, 0x0F, 0xF0, 0x00, 0x03, 0xFF, 0x00, 0x00,
    0x0F, 0xE0, 0x00, 0x0F, 0xFE, 0x00, 0x00, 0x2F, 0xC0, 0x00, 0x3F, 0xFD, 0x00, 0x00, 0x3F, 0xC0,
    0x00, 0xFF, 0xFC, 0x00, 0x00, 0x3F, 0xC0, 0x02, 0xFF, 0xFC, 0x00, 0x00, 0x3F, 0x80, 0x0B, 0xFB,
    0xF8, 0x00, 0x00, 0xBF, 0x00, 0x1F, 0xEB, 0xF4, 0x00, 0x00, 0xFF, 0x00, 0x3F, 0x8F, 0xF0, 0x00,
    0x00, 0xFF, 0x00, 0xFF, 0x0F, 0xF0, 0x00, 0x00, 0xFE, 0x03, 0xFC, 0x0F, 0xE0, 0x00, 0x02, 0xFC,
    0x0F, 0xF0, 0x2F, 0xD0, 0x00, 0x03, 0xFC, 0x2F, 0xC0, 0x3F, 0xC0, 0x00, 0x03, 0xFC, 0xBF, 0x00,
    0x3F, 0xC0, 0x00, 0x03, 0xFA, 0xFE, 0x00, 0x3F, 0x80, 0x00, 0x0B, 0xFF, 0xF8, 0x00, 0xBF, 0x40,
    0x00, 0x0F, 0xFF, 0xE0, 0x00, 0xFF, 0x00, 0x00, 0x0F, 0xFF, 0xC0, 0x00, 0xFF, 0x00, 0x00, 0x0F,
    0xFF, 0x00, 0x00, 0xFF, 0x54, 0x00, 0x2F, 0xFC, 0x00, 0x02, 0xFF, 0xFC, 0x00, 0x3F, 0xF0, 0x00,
    0x03, 0xFF, 0xF0, 0x00, 0x3F, 0xD0, 0x00, 0x03, 0xFF, 0xE0, 0x00, 0x00, 0x00, 0x00, 0x00, 0x3F,
    0xC0, 0x00, 0x00, 0x00, 0x00, 0x00, 0xFF, 0x00, 0x00, 0x00, 0x00, 0x00, 0x02, 0xFD, 0x00, 0x00,
    0x00, 0x00, 0x00, 0x07, 0xF8, 0x00, 0x00, 0x00, 0x00, 0x00, 0x0F, 0xF0, 0x00, 0x00, 0x00, 0x00,
    0x00, 0x2F, 0xC0, 0x00, 0x00, 0x00, 0x02, 0xFF, 0x00, 0x00, 0x00, 0x00, 0x03, 0xFE, 0x00, 0x00,
    0x00, 0x00, 0x03, 0xFC, 0x00, 0x00, 0x00, 0x02, 0xAB, 0xFE, 0xAA, 0xA0, 0x00, 0x03, 0xFF, 0xFF,
    0xFF, 0xF0, 0x00, 0x0B, 0xFF, 0xFF, 0xFF, 0xE0, 0x00, 0x02, 0xAF, 0xFA, 0xAA, 0x80, 0x00, 0x00,
    0x0F, 0xF0, 0x00, 0x00, 0x00, 0x00, 0x2F, 0xF0, 0x00, 0x00, 0x00, 0x00, 0x3F, 0xE0, 0x00, 0x00,
    0x00, 0x00, 0x3F, 0xC0, 0x00, 0x00, 0x00, 0x00, 0x3F, 0xC0, 0x00, 0x00, 0x00, 0x00, 0xBF, 0xC0,
    0x00, 0x00, 0x00, 0x00, 0xFF, 0xFF, 0xFF, 0x80, 0x00, 0x00, 0xFF, 0xFF, 0xFF, 0xFC, 0x00, 0x00,
    0xFF, 0xFF, 0xFF, 0xFF, 0x00, 0x02, 0xFF, 0x00, 0x2F, 0xFF, 0x80, 0x03, 0xFE, 0x00, 0x02, 0xFF,
    0x80, 0x03, 0xFC, 0x00, 0x00, 0xFF, 0xC0, 0x03, 0xFC, 0x00, 0x00, 0xBF, 0xC0, 0x0B, 0xFC, 0x00,
    0x00, 0xBF, 0x80, 0x0F, 0xF8, 0x00, 0x00, 0xFF, 0x40, 0x0F, 0xF0, 0x00, 0x02, 0xFF, 0x00, 0x0F,
    0xF0, 0x00, 0x03, 0xFE, 0x00, 0x2F, 0xF0, 0x00, 0x0F, 0xFC, 0x00, 0x3F, 0xE0, 0x00, 0x7F, 0xF0,
    0x00, 0x3F, 0xE0, 0x6B, 0xFF, 0xC0, 0x00, 0x3F, 0xFF, 0xFF, 0xFF, 0x00, 0x00, 0xBF, 0xFF, 0xFF,
    0xF8, 0x00, 0x00, 0xFF, 0xFF, 0xE9, 0x00, 0x00, 0x00, 0x00, 0x0B, 0xF8, 0x00, 0x00, 0x00, 0x0F,
    0xF0, 0x00, 0x00, 0x00, 0x0F, 0xF0, 0x00, 0x00, 0x00, 0x0F, 0xF0, 0x00, 0x00, 0x0F, 0xFF, 0xFF,
    0xFF, 0x80, 0x2F, 0xFF, 0xFF, 0xFF, 0x00, 0x2F, 0xFF, 0xFF, 0xFF, 0x00, 0x00, 0x3F, 0xC0, 0x00,
    0x00, 0x00, 0xBF, 0x80, 0x00, 0x00, 0x00, 0xFF, 0x00, 0x00, 0x00, 0x00, 0xFF, 0x00, 0x00, 0x00,
    0x00, 0xFF, 0x00, 0x00, 0x00, 0x02, 0xFE, 0x00, 0x00, 0x00, 0x03, 0xFF, 0xFF, 0xE4, 0x00, 0x03,
    0xFF, 0xFF, 0xFE, 0x00, 0x03, 0xFF, 0xFF, 0xFF, 0x80, 0x0B, 0xF8, 0x02, 0xFF, 0xC0, 0x0F, 0xF0,
    0x00, 0xFF, 0xC0, 0x0F, 0xF0, 0x00, 0xBF, 0xC0, 0x0F, 0xF0, 0x00, 0xFF, 0x80, 0x2F, 0xE0, 0x00,
    0xFF, 0x40, 0x3F, 0xC0, 0x03, 0xFF, 0x00, 0x3F, 0xC0, 0xBF, 0xFC, 0x00, 0x3F, 0xFF, 0xFF, 0xF0,
    0x00, 0xBF, 0xFF, 0xFF, 0x80, 0x00, 0xFF, 0xFF, 0xA0, 0x00, 0x00, 0x00, 0x00, 0xFF, 0xFF, 0xFE,
    0x80, 0x00, 0x00, 0x00, 0xFF, 0xFF, 0xFF, 0xFC, 0x00, 0x00, 0x02, 0xFF, 0xFF, 0xFF, 0xFF, 0x00,
    0x00, 0x02, 0xFF, 0xAA, 0xBF, 0xFF, 0x80, 0x00, 0x03, 0xFE, 0x00, 0x03, 0xFF, 0xC0, 0x00, 0x03,
    0xFC, 0x00, 0x00, 0xFF, 0xC0, 0x00, 0x0B, 0xFC, 0x00, 0x00, 0xFF, 0x80, 0x00, 0x0B, 0xF8, 0x00,
    0x00, 0xFF, 0x80, 0x00, 0x0F, 0xF8, 0x00, 0x00, 0xFF, 0x00, 0x00, 0x0F, 0xF0, 0x00, 0x02, 0xFF,
    0x00, 0x00, 0x2F, 0xF0, 0x00, 0x03, 0xFE, 0x00, 0x00, 0x2F, 0xE0, 0xF8, 0x0F, 0xFC, 0x00, 0x00,
    0x3F, 0xE0, 0xFC, 0x2F, 0xF4, 0x00, 0x00, 0x3F, 0xC0, 0xFE, 0xFF, 0xE0, 0x00, 0x00, 0xBF, 0xC0,
    0xBF, 0xFF, 0x80, 0x00, 0x00, 0xBF, 0xFF, 0xFF, 0xFD, 0x00, 0x00, 0x00, 0xFF, 0xFF, 0xFF, 0xE0,
    0x00, 0x00, 0x00, 0xFF, 0xFF, 0xFF, 0x00, 0x00, 0x00, 0x02, 0xFF, 0x00, 0x2F, 0x80, 0x00, 0x00,
    0x02, 0xFE, 0x00, 0x0F, 0x80, 0x00, 0x00, 0x03, 0xFE, 0x00, 0x0F, 0xC0, 0x00, 0x00, 0x03, 0xFC,
    0x00, 0x01, 0x40, 0x00, 0x00, 0x0B, 0xFC, 0x00, 0x00, 0x00, 0x00, 0x00, 0x0B, 0xF8, 0x00, 0x00,
    0x00, 0x00, 0x00, 0x0F, 0xF8, 0x00, 0x00, 0x00, 0x00, 0x00, 0x0F, 0xF0, 0x00, 0x00, 0x00, 0x00,
    0x00, 0x2F, 0xF0, 0x00, 0x00, 0x00, 0x00, 0x00, 0x2F, 0xE0, 0x00, 0x00, 0x00, 0x00, 0x00, 0x3F,
    0xE0, 0x00, 0x00, 0x00, 0x00, 0x00, 0x3F, 0xC0, 0x00, 0x00, 0x00, 0x00, 0x00, 0x00, 0x00, 0x00,
    0x00, 0x02, 0x40, 0x00, 0x00, 0x00, 0xFF, 0x02, 0xFF, 0xFE, 0x00, 0x00, 0x00, 0xFF, 0x0F, 0xFF,
    0xFF, 0x80, 0x00, 0x00, 0xFF, 0x3F, 0xFF, 0xFF, 0xC0, 0x00, 0x02, 0xFF, 0xFE, 0x42, 0xFF, 0xE0,
    0x00, 0x03, 0xFF, 0xE0, 0x00, 0x3F, 0xF0, 0x00, 0x03, 0xFF, 0x40, 0x00, 0x2F, 0xF0, 0x00, 0x03,
    0xFC, 0x00, 0x00, 0x2F, 0xF0, 0x00, 0x0B, 0xF8, 0x00, 0x00, 0x2F, 0xF0, 0x00, 0x0F, 0xF0, 0x00,
    0x00, 0x2F, 0xF0, 0x00, 0x0F, 0xF0, 0x00, 0x00, 0x2F, 0xE0, 0x00, 0x0F, 0xF0, 0x00, 0x00, 0x3F,
    0xE0, 0x00, 0x2F, 0xE0, 0x00, 0x00, 0x3F, 0xC0, 0x00, 0x3F, 0xC0, 0x00, 0x00, 0xBF, 0xC0, 0x00,
    0x3F, 0xC0, 0x00, 0x00, 0xFF, 0x80, 0x00, 0x3F, 0xC0, 0x00, 0x01, 0xFF, 0x00, 0x00, 0xBF, 0x80,
    0x7E, 0x03, 0xFE, 0x00, 0x00, 0xFF, 0x80, 0x3F, 0x0B, 0xFC, 0x00, 0x00, 0xFF, 0xC0, 0x3F, 0x2F,
    0xF0, 0x00, 0x00, 0xFF, 0xF8, 0x2F, 0xFF, 0xE0, 0x00, 0x02, 0xFF, 0xFF, 0xFF, 0xFF, 0x80, 0x00,
    0x03, 0xFD, 0xFF, 0xFF, 0xFC, 0x00, 0x00, 0x03, 0xFC, 0x2F, 0xFF, 0xE0, 0x00, 0x00, 0x03, 0xFC,
    0x00, 0x5F, 0xC0, 0x00, 0x00, 0x0B, 0xF8, 0x00, 0x07, 0xE0, 0x00, 0x00, 0x0F, 0xF0, 0x00, 0x03,
    0xF0, 0x00, 0x00, 0x0F, 0xF0, 0x00, 0x03, 0xF0, 0x00, 0x00, 0x0F, 0xF0, 0x00, 0x00, 0x00, 0x00,
    0x00, 0x2F, 0xE0, 0x00, 0x00, 0x00, 0x00, 0x00, 0x3F, 0xC0, 0x00, 0x00, 0x00, 0x00, 0x00, 0x3F,
    0xC0, 0x00, 0x00, 0x00, 0x00, 0x00, 0x00, 0x00, 0x00, 0x00, 0x00, 0x20, 0x00, 0x00, 0x00, 0x00,
    0x00, 0x30, 0x00, 0x00, 0x00, 0x00, 0x00, 0xB0, 0x00, 0x00, 0x00, 0x00, 0x00, 0xF0, 0x00, 0x00,
    0x00, 0x00, 0x03, 0xF0, 0x15, 0x55, 0x55, 0x55, 0xAF, 0xF0, 0x2F, 0xFF, 0xFF, 0xFF, 0xFF, 0xF0,
    0x02, 0xFF, 0xEA, 0xAA, 0xAA, 0x80, 0x00, 0xFF, 0x80, 0x00, 0x00, 0x00, 0x00, 0xFF, 0x00, 0x00,
    0x00, 0x00, 0x00, 0xFF, 0x00, 0x00, 0x00, 0x00, 0x00, 0xFF, 0x00, 0x00, 0x00, 0x00, 0x00, 0xFF,
    0x00, 0x00, 0x00, 0x00, 0x00, 0xFF, 0x00, 0x00, 0x00, 0x00, 0x00, 0xFF, 0x00, 0x00, 0x00, 0x00,
    0x00, 0xFF, 0x00, 0x00, 0x00, 0x00, 0x00, 0xFF, 0x00, 0x00, 0x00, 0x00, 0x00, 0xFF, 0x00, 0x00,
    0x00, 0x00, 0x00, 0xFF, 0x00, 0x00, 0x00, 0x00, 0x00, 0xFF, 0x00, 0x00, 0x00, 0x00, 0x00, 0xFF,
    0x00, 0x00, 0x00, 0x00, 0x00, 0xFF, 0x00, 0x00, 0x00, 0x00, 0x00, 0xFF, 0x00, 0x00, 0x00, 0x00,
    0x00, 0xFF, 0x00, 0x00, 0x00, 0x00, 0x00, 0xFF, 0x00, 0x00, 0x00, 0x00, 0x00, 0xFF, 0x00, 0x00,
    0x00, 0x00, 0x00, 0xFF, 0x00, 0x00, 0x00, 0x00, 0x00, 0xFF, 0x00, 0x00, 0x00, 0x00, 0x00, 0xFF,
    0x00, 0x00, 0x00, 0x00, 0x00, 0xFF, 0x40, 0x00, 0x00, 0x00, 0x00, 0xFF, 0x80, 0x00, 0x00, 0x00,
    0x0B, 0xFF, 0xE0, 0x00, 0x00, 0x00, 0xBF, 0xFF, 0xFF, 0x80, 0x00, 0x00, 0x00, 0x00, 0x00, 0x00,
    0x00, 0x00, 0x00, 0x03, 0x00, 0x00, 0x00, 0x03, 0x00, 0x00, 0x00, 0x0F, 0x00, 0x00, 0x00, 0x2F,
    0x6A, 0xAA, 0xAB, 0xFF, 0x0B, 0xFF, 0xFF, 0xFE, 0x03, 0xF8, 0x00, 0x00, 0x03, 0xF8, 0x00, 0x00,
    0x03, 0xF8, 0x00, 0x00, 0x03, 0xF8, 0x00, 0x00, 0x03, 0xF8, 0x00, 0x00, 0x03, 0xF8, 0x00, 0x00,
    0x03, 0xF8, 0x00, 0x00, 0x03, 0xF8, 0x00, 0x00, 0x03, 0xF8, 0x00, 0x00, 0x03, 0xF8, 0x00, 0x00,
    0x03, 0xF8, 0x00, 0x00, 0x03, 0xF8, 0x00, 0x00, 0x03, 0xF8, 0x00, 0x00, 0x03, 0xF8, 0x00, 0x00,
    0x03, 0xF8, 0x00, 0x00, 0x0B, 0xFC, 0x00, 0x00, 0xBF, 0xFF, 0xF0, 0x00, 0x15, 0x55, 0x55, 0x55,
    0x55, 0x50, 0x2F, 0xFF, 0xFF, 0xFF, 0xFF, 0xF0, 0x02, 0xFF, 0xEA, 0xAA, 0xAF, 0xF0, 0x00, 0xFF,
    0x80, 0x00, 0x02, 0xF0, 0x00, 0xFF, 0x00, 0x00, 0x00, 0xF0, 0x00, 0xFF, 0x00, 0x00, 0x00, 0x70,
    0x00, 0xFF, 0x00, 0x00, 0x00, 0x30, 0x00, 0xFF, 0x00, 0x00, 0x00, 0x20, 0x00, 0xFF, 0x00, 0x00,
    0x00, 0x00, 0x00, 0xFF, 0x00, 0x00, 0x00, 0x00, 0x00, 0xFF, 0x00, 0x00, 0x00, 0x00, 0x00, 0xFF,
    0x00, 0x00, 0x00, 0x00, 0x00, 0xFF, 0x00, 0x00, 0x00, 0x00, 0x3F, 0xFF, 0xFE, 0x00, 0x00, 0x00,
    0xBF, 0xFF, 0xFE, 0x00, 0x00, 0x00, 0xBF, 0xFF, 0xFE, 0x00, 0x00, 0x00, 0x00, 0xFF, 0x40, 0x00,
    0x00, 0x00, 0x00, 0xFF, 0x00, 0x00, 0x00, 0x00, 0x00, 0xFF, 0x00, 0x00, 0x00, 0x00, 0x00, 0xFF,
    0x00, 0x00, 0x00, 0x00, 0x00, 0xFF, 0x00, 0x00, 0x00, 0x00, 0x00, 0xFF, 0x00, 0x00, 0x00, 0x00,
    0x00, 0xFF, 0x00, 0x00, 0x00, 0x00, 0x00, 0xFF, 0x00, 0x00, 0x00, 0x00, 0x00, 0xFF, 0x40, 0x00,
    0x00, 0x00, 0x00, 0xFF, 0x80, 0x00, 0x00, 0x00, 0x0B, 0xFF, 0xE0, 0x00, 0x00, 0x00, 0xBF, 0xFF,
    0xFF, 0x80, 0x00, 0x00, 0x6A, 0xAA, 0xAA, 0xAA, 0x0B, 0xFF, 0xFF, 0xFF, 0x03, 0xF8, 0x00, 0x3F,
    0x03, 0xF8, 0x00, 0x0F, 0x03, 0xF8, 0x00, 0x0B, 0x03, 0xF8, 0x00, 0x03, 0x03, 0xF8, 0x00, 0x00,
    0x03, 0xF8, 0x00, 0x00, 0x03, 0xF8, 0x00, 0x00, 0x03, 0xF8, 0x00, 0x00, 0x2F, 0xFE, 0x80, 0x00,
    0xBF, 0xFF, 0xC0, 0x00, 0xBF, 0xFF, 0xC0, 0x00, 0x03, 0xF8, 0x00, 0x00, 0x03, 0xF8, 0x00, 0x00,
    0x03, 0xF8, 0x00, 0x00, 0x03, 0xF8, 0x00, 0x00, 0x0B, 0xFC, 0x00, 0x00, 0xBF, 0xFF, 0xF0, 0x00,
    0x00, 0x00, 0xFF, 0xFF, 0xFF, 0xFF, 0xE0, 0x00, 0x00, 0xFF, 0xFF, 0xFF, 0xFF, 0xC0, 0x00, 0x02,
    0xFF, 0xFF, 0xFF, 0xFF, 0xC0, 0x00, 0x02, 0xFF, 0xAA, 0xAA, 0xAA, 0x40, 0x00, 0x03, 0xFE, 0x00,
    0x00, 0x00, 0x00, 0x00, 0x03, 0xFC, 0x00, 0x00, 0x00, 0x00, 0x00, 0x0B, 0xFC, 0x00, 0x00, 0x00,
    0x00, 0x00, 0x0B, 0xF8, 0x00, 0x00, 0x00, 0x00, 0x00, 0x0F, 0xF8, 0x00, 0x00, 0x00, 0x00, 0x00,
    0x0F, 0xF0, 0x00, 0x00, 0x00, 0x00, 0x00, 0x2F, 0xF0, 0x00, 0x00, 0x00, 0x00, 0x00, 0x2F, 0xE0,
    0x02, 0x90, 0x00, 0x00, 0x00, 0x3F, 0xE2, 0xFF, 0xFF, 0x80, 0x00, 0x00, 0x3F, 0xFF, 0xFF, 0xFF,
    0xE0, 0x00, 0x00, 0xBF, 0xFF, 0xFF, 0xFF, 0xF8, 0x00, 0x00, 0xBF, 0xFF, 0x80, 0xBF, 0xFC, 0x00,
    0x00, 0xFF, 0xF4, 0x00, 0x0F, 0xFC, 0x00, 0x00, 0xFF, 0x80, 0x00, 0x0B, 0xFE, 0x00, 0x02, 0xFF,
    0x00, 0x00, 0x03, 0xFE, 0x00, 0x02, 0xFE, 0x00, 0x00, 0x03, 0xFE, 0x00, 0x03, 0xFE, 0x00, 0x00,
    0x03, 0xFE, 0x00, 0x03, 0xFC, 0x00, 0x00, 0x07, 0xFC, 0x00, 0x0B, 0xFC, 0x00, 0x00, 0x0B, 0xFC,
    0x00, 0x0B, 0xF8, 0x00, 0x00, 0x0F, 0xFC, 0x00, 0x0F, 0xF8, 0x00, 0x00, 0x0F, 0xF8, 0x00, 0x0F,
    0xF0, 0x00, 0x00, 0x2F, 0xF0, 0x00, 0x2F, 0xF0, 0x00, 0x00, 0x3F, 0xE0, 0x00, 0x2F, 0xE0, 0x00,
    0x00, 0x7F, 0xC0, 0x00, 0x3F, 0xE0, 0x00, 0x00, 0xFF, 0x80, 0x00, 0x3F, 0xC0, 0x00, 0x03, 0xFF,
    0x00, 0x00, 0x00, 0x00, 0x00, 0x0B, 0xFC, 0x00, 0x00, 0x00, 0x00, 0x00, 0x3F, 0xF0, 0x00, 0x00,
    0x00, 0x00, 0xAA, 0xFF, 0xC0, 0x00, 0x00, 0x00, 0x02, 0xFF, 0xFF, 0x00, 0x00, 0x00, 0x00, 0x03,
    0xFF, 0xF4, 0x00, 0x00, 0x00, 0x00, 0x02, 0xFA, 0x00, 0x00, 0x00, 0x00, 0x00, 0x00, 0x00, 0x00,
    0x00, 0x00, 0x00, 0x0F, 0xFF, 0xFF, 0xFF, 0xC0, 0x00, 0x0F, 0xFF, 0xFF, 0xFF, 0xC0, 0x00, 0x0F,
    0xFF, 0xFF, 0xFF, 0xC0, 0x00, 0x2F, 0xE0, 0x00, 0x00, 0x00, 0x00, 0x3F, 0xC0, 0x00, 0x00, 0x00,
    0x00, 0x3F, 0xC0, 0x00, 0x00, 0x00, 0x00, 0x3F, 0xC0, 0x00, 0x00, 0x00, 0x00, 0xBF, 0x80, 0x00,
    0x00, 0x00, 0x00, 0xFF, 0x00, 0x00, 0x00, 0x00, 0x00, 0xFF, 0xAF, 0xFF, 0x80, 0x00, 0x00, 0xFF,
    0xFF, 0xFF, 0xE0, 0x00, 0x02, 0xFF, 0xFF, 0xFF, 0xF0, 0x00, 0x03, 0xFF, 0xE0, 0x3F, 0xF8, 0x00,
    0x03, 0xFD, 0x00, 0x0F, 0xFC, 0x00, 0x03, 0xFC, 0x00, 0x0F, 0xFC, 0x00, 0x0B, 0xF8, 0x00, 0x0B,
    0xFC, 0x00, 0x0F, 0xF0, 0x00, 0x0B, 0xF8, 0x00, 0x0F, 0xF0, 0x00, 0x0F, 0xF8, 0x00, 0x0F, 0xF0,
    0x00, 0x0F, 0xF0, 0x00, 0x2F, 0xE0, 0x00, 0x2F, 0xF0, 0x00, 0x3F, 0xC0, 0x00, 0x3F, 0xE0, 0x00,
    0x3F, 0xC0, 0x00, 0xBF, 0xC0, 0x00, 0x00, 0x00, 0x00, 0xFF, 0x80, 0x00, 0x00, 0x00, 0x07, 0xFF,
    0x00, 0x00, 0x00, 0x00, 0x6F, 0xFC, 0x00, 0x00, 0x00, 0x07, 0xFF, 0xE0, 0x00, 0x00, 0x00, 0x0B,
    0xFF, 0x40, 0x00, 0x00, 0x00, 0x0F, 0xE0, 0x00, 0x00, 0x00, 0x15, 0x55, 0x50, 0x05, 0x55, 0x55,
    0x40, 0x05, 0x55, 0x50, 0x2F, 0xFF, 0xE0, 0x0B, 0xFF, 0xFF, 0x80, 0x2F, 0xFF, 0xF8, 0x02, 0xFE,
    0x00, 0x00, 0x3F, 0xF8, 0x00, 0x00, 0xFF, 0x00, 0x00, 0x3F, 0x00, 0x00, 0x2F, 0xF0, 0x00, 0x02,
    0xF8, 0x00, 0x00, 0x0F, 0x80, 0x00, 0x2F, 0xF0, 0x00, 0x03, 0xE0, 0x00, 0x00, 0x03, 0xE0, 0x00,
    0x2F, 0xF0, 0x00, 0x0F, 0x80, 0x00, 0x00, 0x00, 0xF8, 0x00, 0x2F, 0xF0, 0x00, 0x3E, 0x00, 0x00,
    0x00, 0x00, 0x3E, 0x00, 0x2F, 0xF0, 0x00, 0xF8, 0x00, 0x00, 0x00, 0x00, 0x0F, 0x80, 0x2F, 0xF0,
    0x03, 0xE0, 0x00, 0x00, 0x00, 0x00, 0x03, 0xE0, 0x2F, 0xF0, 0x0F, 0x80, 0x00, 0x00, 0x00, 0x00,
    0x00, 0xF8, 0x2F, 0xF0, 0x3E, 0x00, 0x00, 0x00, 0x00, 0x00, 0x00, 0x3E, 0x2F, 0xF0, 0xF8, 0x00,
    0x00, 0x00, 0x00, 0x00, 0x00, 0x2F, 0xAF, 0xF3, 0xF0, 0x00, 0x00, 0x00, 0x00, 0x00, 0x00, 0x3F,
    0xFF, 0xFF, 0xF8, 0x00, 0x00, 0x00, 0x00, 0x00, 0x00, 0xFF, 0xFF, 0xFF, 0xFC, 0x00, 0x00, 0x00,
    0x00, 0x00, 0x02, 0xFF, 0xEF, 0xFB, 0xFF, 0x00, 0x00, 0x00, 0x00, 0x00, 0x0B, 0xFF, 0x2F, 0xF2,
    0xFF, 0xC0, 0x00, 0x00, 0x00, 0x00, 0x0F, 0xFC, 0x2F, 0xF0, 0xFF, 0xF0, 0x00, 0x00, 0x00, 0x00,
    0x3F, 0xF4, 0x2F, 0xF0, 0x3F, 0xF8, 0x00, 0x00, 0x00, 0x00, 0xFF, 0xE0, 0x2F, 0xF0, 0x0F, 0xFD,
    0x00, 0x00, 0x00, 0x03, 0xFF, 0x80, 0x2F, 0xF0, 0x03, 0xFF, 0x00, 0x00, 0x00, 0x0B, 0xFF, 0x00,
    0x2F, 0xF0, 0x02, 0xFF, 0xC0, 0x00, 0x00, 0x2F, 0xFC, 0x00, 0x2F, 0xF0, 0x00, 0xBF, 0xF0, 0x00,
    0x00, 0x3F, 0xF0, 0x00, 0x2F, 0xF0, 0x00, 0x3F, 0xF8, 0x00, 0x00, 0xFF, 0xE0, 0x00, 0x2F, 0xF0,
    0x00, 0x0F, 0xFE, 0x00, 0x03, 0xFF, 0xC0, 0x00, 0x2F, 0xF0, 0x00, 0x07, 0xFF, 0x40, 0x0F, 0xFF,
    0xC0, 0x00, 0xBF, 0xFD, 0x00, 0x0B, 0xFF, 0xE8, 0xFF, 0xFF, 0xFC, 0x0F, 0xFF, 0xFF, 0xE0, 0xBF,
    0xFF, 0xFE, 0x00, 0x00, 0x00, 0x00, 0x00, 0x00, 0x00, 0x00, 0x02, 0xFE, 0x00, 0x00, 0x00, 0x00,
    0x00, 0x00, 0x00, 0x00, 0x00, 0xBE, 0x00, 0x00, 0x00, 0x00, 0x00, 0x00, 0x00, 0x00, 0x00, 0x3E,
    0x00, 0x00, 0x00, 0x00, 0x00, 0x00, 0x00, 0x00, 0x00, 0x2E, 0x00, 0x00, 0x00, 0x00, 0x00, 0x00,
    0x00, 0x00, 0x00, 0x0E, 0x00, 0x00, 0x00, 0x00, 0x00, 0x00, 0x00, 0x00, 0x00, 0x0E, 0x00, 0x00,
    0x00, 0x00, 0x00, 0x00, 0x00, 0x00, 0x00, 0x0A, 0x00, 0x00, 0x00, 0x00, 0x00, 0x00, 0x00, 0x00,
    0x00, 0x00, 0x0A, 0xAA, 0x80, 0xAA, 0xAA, 0x82, 0xAA, 0xA8, 0x03, 0xFD, 0x00, 0x2F, 0xFC, 0x00,
    0x3F, 0xE0, 0x00, 0xBE, 0x00, 0x0B, 0xF0, 0x00, 0x3F, 0x00, 0x00, 0x2F, 0x00, 0x0B, 0xF0, 0x00,
    0xFC, 0x00, 0x00, 0x07, 0xC0, 0x0B, 0xF0, 0x02, 0xF0, 0x00, 0x00, 0x00, 0xF0, 0x0B, 0xF0, 0x0B,
    0x80, 0x00, 0x00, 0x00, 0x3C, 0x0B, 0xF0, 0x3E, 0x00, 0x00, 0x00, 0x00, 0x0F, 0x0B, 0xF0, 0xF8,
    0x00, 0x00, 0x00, 0x00, 0x03, 0xEB, 0xF3, 0xE0, 0x00, 0x00, 0x00, 0x00, 0x0B, 0xFF, 0xFF, 0xF0,
    0x00, 0x00, 0x00, 0x00, 0x2F, 0xFF, 0xFB, 0xFC, 0x00, 0x00, 0x00, 0x00, 0xBF, 0xCB, 0xF2, 0xFF,
    0x00, 0x00, 0x00, 0x02, 0xFF, 0x0B, 0xF0, 0xBF, 0xC0, 0x00, 0x00, 0x07, 0xFC, 0x0B, 0xF0, 0x3F,
    0xF0, 0x00, 0x00, 0x0F, 0xF4, 0x0B, 0xF0, 0x0F, 0xF8, 0x00, 0x00, 0x3F, 0xE0, 0x0B, 0xF0, 0x03,
    0xFE, 0x00, 0x00, 0xFF, 0x80, 0x0B, 0xF0, 0x00, 0xFF, 0x80, 0x0B, 0xFF, 0x00, 0x0F, 0xF8, 0x00,
    0xBF, 0xE0, 0x3F, 0xFF, 0xC0, 0xFF, 0xFF, 0x83, 0xFF, 0xFE, 0x00, 0x00, 0x00, 0x00, 0x00, 0x00,
    0x00, 0xBE, 0x00, 0x00, 0x00, 0x00, 0x00, 0x00, 0x00, 0x3E, 0x00, 0x00, 0x00, 0x00, 0x00, 0x00,
    0x00, 0x2E, 0x00, 0x00, 0x00, 0x00, 0x00, 0x00, 0x00, 0x0E, 0x00, 0x00, 0x00, 0x00, 0x00, 0x00,
    0x00, 0x0E, 0x00, 0x00, 0x00, 0x00, 0x00, 0x00, 0x00, 0x0A, 0x00, 0x00, 0x00, 0x00, 0x00, 0x00,
    0x00, 0x00, 0x0A, 0x00, 0x2B, 0xFE, 0x40, 0x00, 0x0B, 0x1B, 0xFE, 0xFF, 0xF8, 0x00, 0x0B, 0xFF,
    0x00, 0x0B, 0xFF, 0x00, 0x0F, 0xF8, 0x00, 0x00, 0xFF, 0x80, 0x0F, 0xE0, 0x00, 0x00, 0x3F, 0xC0,
    0x0F, 0xC0, 0x00, 0x00, 0x3F, 0xE0, 0x0F, 0x00, 0x00, 0x00, 0x2F, 0xE0, 0x0E, 0x00, 0x00, 0x00,
    0x2F, 0xF0, 0x0C, 0x00, 0x00, 0x00, 0x3F, 0xE0, 0x04, 0x00, 0x00, 0x00, 0x3F, 0xC0, 0x00, 0x00,
    0x00, 0x00, 0xBF, 0x80, 0x00, 0x00, 0x00, 0x02, 0xFE, 0x00, 0x00, 0x00, 0x00, 0x6F, 0xF0, 0x00,
    0x00, 0x00, 0xBF, 0xFF, 0x40, 0x00, 0x00, 0x00, 0x2B, 0xFF, 0xF8, 0x00, 0x00, 0x00, 0x00, 0x03,
    0xFF, 0x80, 0x00, 0x00, 0x00, 0x00, 0xBF, 0xE0, 0x00, 0x00, 0x00, 0x00, 0x2F, 0xF0, 0x00, 0x00,
    0x00, 0x00, 0x0F, 0xF8, 0x00, 0x00, 0x00, 0x00, 0x0F, 0xF8, 0x00, 0x00, 0x00, 0x00, 0x0F, 0xFC,
    0x00, 0x00, 0x00, 0x00, 0x0F, 0xFC, 0xB8, 0x00, 0x00, 0x00, 0x0F, 0xF8, 0x3E, 0x00, 0x00, 0x00,
    0x3F, 0xF0, 0x0F, 0xC0, 0x00, 0x00, 0xBF, 0xE0, 0x03, 0xF8, 0x00, 0x0B, 0xFF, 0x80, 0x00, 0xBF,
    0xFA, 0xFF, 0xFE, 0x00, 0x00, 0x0B, 0xFF, 0xFF, 0xE0, 0x00, 0x00, 0x00, 0x02, 0xBD, 0x00, 0x00,
    0x00, 0x00, 0x00, 0x3E, 0x00, 0x00, 0x00, 0x00, 0x00, 0x2F, 0x00, 0x00, 0x00, 0x00, 0x00, 0x2F,
    0x00, 0x00, 0x00, 0x00, 0x00, 0x3F, 0x00, 0x00, 0x00, 0x00, 0xA0, 0xFF, 0x00, 0x00, 0x00, 0x00,
    0xBF, 0xFF, 0x00, 0x00, 0x00, 0x00, 0x7F, 0xFC, 0x00, 0x00, 0x00, 0x00, 0x01, 0x40, 0x00, 0x00,
    0x00, 0x00, 0x00, 0x00, 0x0C, 0xAF, 0xFE, 0x00, 0x0F, 0xE0, 0x3F, 0xC0, 0x1F, 0x80, 0x0F, 0xF0,
    0x2E, 0x00, 0x0B, 0xF4, 0x2C, 0x00, 0x0B, 0xF8, 0x28, 0x00, 0x0B, 0xF4, 0x00, 0x00, 0x0F, 0xF0,
    0x00, 0x00, 0x3F, 0xC0, 0x00, 0x0B, 0xFE, 0x00, 0x00, 0x2F, 0xFE, 0x00, 0x00, 0x00, 0x3F, 0xE0,
    0x00, 0x00, 0x0B, 0xF8, 0x00, 0x00, 0x03, 0xFC, 0x00, 0x00, 0x03, 0xFC, 0x00, 0x00, 0x03, 0xFC,
    0x30, 0x00, 0x03, 0xFC, 0x2E, 0x00, 0x0F, 0xF8, 0x07, 0xEA, 0xBF, 0xE0, 0x00, 0xBF, 0xFF, 0x40,
    0x00, 0x00, 0xF0, 0x00, 0x00, 0x00, 0xF8, 0x00, 0x00, 0x00, 0xBC, 0x00, 0x00, 0x00, 0xBC, 0x00,
    0x00, 0x00, 0xFC, 0x00, 0x02, 0x83, 0xFC, 0x00, 0x02, 0xFF, 0xFC, 0x00, 0x01, 0xFF, 0xF0, 0x00,
    0x00, 0x05, 0x00, 0x00, 0x15, 0x55, 0x55, 0x00, 0x15, 0x55, 0x54, 0x00, 0x2F, 0xFF, 0xFE, 0x00,
    0x2F, 0xFF, 0xF8, 0x00, 0x01, 0xFF, 0xE0, 0x00, 0x03, 0xFF, 0x00, 0x00, 0x00, 0xBF, 0xC0, 0x00,
    0x03, 0xF8, 0x00, 0x00, 0x00, 0xBF, 0xC0, 0x00, 0x0B, 0xC0, 0x00, 0x00, 0x00, 0xBF, 0xC0, 0x00,
    0x2F, 0x00, 0x00, 0x00, 0x00, 0xBF, 0xC0, 0x00, 0xBC, 0x00, 0x00, 0x00, 0x00, 0xBF, 0xC0, 0x02,
    0xF0, 0x00, 0x00, 0x00, 0x00, 0xBF, 0xC0, 0x0B, 0xC0, 0x00, 0x00, 0x00, 0x00, 0xBF, 0xC0, 0x2F,
    0x00, 0x00, 0x00, 0x00, 0x00, 0xBF, 0xC0, 0xBC, 0x00, 0x00, 0x00, 0x00, 0x00, 0xBF, 0xC2, 0xF0,
    0x00, 0x00, 0x00, 0x00, 0x00, 0xBF, 0xCB, 0xE0, 0x00, 0x00, 0x00, 0x00, 0x00, 0xBF, 0xEF, 0xF0,
    0x00, 0x00, 0x00, 0x00, 0x00, 0xBF, 0xFF, 0xFC, 0x00, 0x00, 0x00, 0x00, 0x00, 0xBF, 0xCB, 0xFF,
    0x00, 0x00, 0x00, 0x00, 0x00, 0xBF, 0xC3, 0xFF, 0xC0, 0x00, 0x00, 0x00, 0x00, 0xBF, 0xC0, 0xFF,
    0xF0, 0x00, 0x00, 0x00, 0x00, 0xBF, 0xC0, 0x3F, 0xFC, 0x00, 0x00, 0x00, 0x00, 0xBF, 0xC0, 0x0F,
    0xFF, 0x00, 0x00, 0x00, 0x00, 0xBF, 0xC0, 0x03, 0xFF, 0x80, 0x00, 0x00, 0x00, 0xBF, 0xC0, 0x00,
    0xFF, 0xE0, 0x00, 0x00, 0x00, 0xBF, 0xC0, 0x00, 0x3F, 0xF8, 0x00, 0x00, 0x00, 0xBF, 0xC0, 0x00,
    0x0F, 0xFE, 0x00, 0x00, 0x00, 0xBF, 0xC0, 0x00, 0x03, 0xFF, 0x80, 0x00, 0x00, 0xFF, 0xC0, 0x00,
    0x00, 0xFF, 0xE0, 0x00, 0x03, 0xFF, 0xF4, 0x00, 0x02, 0xFF, 0xFE, 0x40, 0x3F, 0xFF, 0xFF, 0x80,
    0x3F, 0xFF, 0xFF, 0xC0, 0x00, 0x00, 0x00, 0x00, 0x00, 0x00, 0x7F, 0xC0, 0x00, 0x00, 0x00, 0x00,
    0x00, 0x00, 0x0F, 0xC0, 0x00, 0x00, 0x00, 0x00, 0x00, 0x00, 0x0B, 0xC0, 0x00, 0x00, 0x00, 0x00,
    0x00, 0x00, 0x03, 0xC0, 0x00, 0x00, 0x00, 0x00, 0x00, 0x00, 0x02, 0xC0, 0x00, 0x00, 0x00, 0x00,
    0x00, 0x00, 0x01, 0xC0, 0x00, 0x00, 0x00, 0x00, 0x00, 0x00, 0x00, 0xC0, 0x00, 0x00, 0x00, 0x00,
    0x00, 0x00, 0x00, 0x40, 0x6A, 0xAA, 0x80, 0xAA, 0xA9, 0x00, 0x0B, 0xFE, 0x00, 0x2F, 0xE0, 0x00,
    0x03, 0xF8, 0x00, 0x2F, 0x00, 0x00, 0x03, 0xF8, 0x00, 0x7C, 0x00, 0x00, 0x03, 0xF8, 0x00, 0xF0,
    0x00, 0x00, 0x03, 0xF8, 0x03, 0xC0, 0x00, 0x00, 0x03, 0xF8, 0x0F, 0x00, 0x00, 0x00, 0x03, 0xF8,
    0x3C, 0x00, 0x00, 0x00, 0x03, 0xF8, 0xF0, 0x00, 0x00, 0x00, 0x03, 0xFF, 0xFC, 0x00, 0x00, 0x00,
    0x03, 0xFF, 0xFF, 0x00, 0x00, 0x00, 0x03, 0xF8, 0xFF, 0xC0, 0x00, 0x00, 0x03, 0xF8, 0x3F, 0xF0,
    0x00, 0x00, 0x03, 0xF8, 0x0F, 0xFC, 0x00, 0x00, 0x03, 0xF8, 0x03, 0xFE, 0x00, 0x00, 0x03, 0xF8,
    0x01, 0xFF, 0x80, 0x00, 0x03, 0xF8, 0x00, 0xBF, 0xE0, 0x00, 0x0B, 0xFC, 0x00, 0x3F, 0xF8, 0x00,
    0xBF, 0xFF, 0xC1, 0xFF, 0xFF, 0x80, 0x00, 0x00, 0x00, 0x00, 0x3F, 0x80, 0x00, 0x00, 0x00, 0x00,
    0x0F, 0x80, 0x00, 0x00, 0x00, 0x00, 0x0F, 0x80, 0x00, 0x00, 0x00, 0x00, 0x07, 0x80, 0x00, 0x00,
    0x00, 0x00, 0x03, 0x80, 0x00, 0x00, 0x00, 0x00, 0x03, 0x80, 0x00, 0x00, 0x00, 0x00, 0x00, 0x00,
    0x15, 0x55, 0x55, 0x00, 0x15, 0x55, 0x54, 0x00, 0x2F, 0xFF, 0xFE, 0x00, 0x2F, 0xFF, 0xF8, 0x00,
    0x01, 0xFF, 0xE0, 0x00, 0x03, 0xFF, 0x00, 0x00, 0x00, 0xBF, 0xC0, 0x00, 0x03, 0xF8, 0x00, 0x00,
    0x00, 0xBF, 0xC0, 0x00, 0x0B, 0xC0, 0x00, 0x00, 0x00, 0xBF, 0xC3, 0xE0, 0x2F, 0x00, 0x00, 0x00,
    0x00, 0xBF, 0xC3, 0xE0, 0xBC, 0x00, 0x00, 0x00, 0x00, 0xBF, 0xC3, 0xE2, 0xF0, 0x00, 0x00, 0x00,
    0x00, 0xBF, 0xC3, 0xEB, 0xC0, 0x00, 0x00, 0x00, 0x00, 0xBF, 0xC3, 0xFF, 0x00, 0x00, 0x00, 0x00,
    0x00, 0xBF, 0xC3, 0xFC, 0x00, 0x00, 0x00, 0x00, 0x00, 0xBF, 0xC3, 0xF0, 0x00, 0x00, 0x00, 0x00,
    0x00, 0xBF, 0xCB, 0xE0, 0x00, 0x00, 0x00, 0x00, 0x00, 0xBF, 0xEF, 0xF0, 0x00, 0x00, 0x00, 0x00,
    0x00, 0xBF, 0xFF, 0xFC, 0x00, 0x00, 0x00, 0x00, 0x00, 0xBF, 0xCF, 0xFF, 0x00, 0x00, 0x00, 0x00,
    0x00, 0xBF, 0xC3, 0xFF, 0xC0, 0x00, 0x00, 0x00, 0x00, 0xBF, 0xC3, 0xFF, 0xF0, 0x00, 0x00, 0x00,
    0x00, 0xBF, 0xC3, 0xFF, 0xFC, 0x00, 0x00, 0x00, 0x00, 0xBF, 0xC3, 0xEF, 0xFF, 0x00, 0x00, 0x00,
    0x00, 0xBF, 0xC3, 0xE3, 0xFF, 0x80, 0x00, 0x00, 0x00, 0xBF, 0xC3, 0xE0, 0xFF, 0xE0, 0x00, 0x00,
    0x00, 0xBF, 0xC3, 0xE0, 0x3F, 0xF8, 0x00, 0x00, 0x00, 0xBF, 0xC0, 0x00, 0x0F, 0xFE, 0x00, 0x00,
    0x00, 0xBF, 0xC0, 0x00, 0x03, 0xFF, 0x80, 0x00, 0x00, 0xFF, 0xC0, 0x00, 0x00, 0xFF, 0xE0, 0x00,
    0x03, 0xFF, 0xF4, 0x00, 0x02, 0xFF, 0xFC, 0x00, 0x3F, 0xFF, 0xFF, 0x80, 0x3F, 0xFF, 0xFF, 0xC0,
    0x6A, 0xAA, 0x80, 0x0A, 0xAA, 0x90, 0x0B, 0xFE, 0x00, 0x02, 0xFE, 0x00, 0x03, 0xF8, 0x54, 0x02,
    0xF0, 0x00, 0x03, 0xF8, 0xFC, 0x07, 0xC0, 0x00, 0x03, 0xF8, 0xFC, 0x0F, 0x00, 0x00, 0x03, 0xF8,
    0xFC, 0x3C, 0x00, 0x00, 0x03, 0xF8, 0xFC, 0xF0, 0x00, 0x00, 0x03, 0xF8, 0xFF, 0xC0, 0x00, 0x00,
    0x03, 0xF8, 0xFF, 0x00, 0x00, 0x00, 0x03, 0xFE, 0xFF, 0xC0, 0x00, 0x00, 0x03, 0xFE, 0xFF, 0xF0,
    0x00, 0x00, 0x03, 0xF8, 0xFF, 0xFC, 0x00, 0x00, 0x03, 0xF8, 0xFF, 0xFF, 0x00, 0x00, 0x03, 0xF8,
    0xFC, 0xFF, 0xC0, 0x00, 0x03, 0xF8, 0xFC, 0x3F, 0xE0, 0x00, 0x03, 0xF8, 0xFC, 0x0F, 0xF8, 0x00,
    0x03, 0xF8, 0xFC, 0x0B, 0xFE, 0x00, 0x0B, 0xFC, 0x00, 0x03, 0xFF, 0x80, 0xBF, 0xFF, 0xC0, 0x1F,
    0xFF, 0xF8, 0x00, 0x01, 0xFF, 0x00, 0x00, 0x00, 0x6E, 0x00, 0x02, 0xFE, 0x00, 0x00, 0x03, 0xFE,
    0x00, 0x03, 0xFE, 0x00, 0x00, 0x1F, 0xFC, 0x02, 0xAB, 0xFE, 0xAA, 0x00, 0x3F, 0xE8, 0x03, 0xFF,
    0xFF, 0xFF, 0x00, 0xFF, 0x00, 0x0B, 0xFF, 0xFF, 0xFE, 0x03, 0xFC, 0x00, 0x02, 0xAF, 0xFA, 0xA8,
    0x0F, 0xF0, 0x00, 0x00, 0x0F, 0xF0, 0x00, 0x2F, 0xD0, 0x00, 0x00, 0x2F, 0xF0, 0x00, 0xBF, 0x80,
    0x00, 0x00, 0x2F, 0xE0, 0x01, 0xFE, 0x00, 0x00, 0x00, 0x3F, 0xE0, 0x03, 0xFC, 0x00, 0x00, 0x00,
    0x3F, 0xC0, 0x1F, 0xF0, 0x00, 0x00, 0x00, 0xBF, 0xC1, 0xFF, 0xC0, 0x00, 0x00, 0x00, 0xBF, 0xFF,
    0xFE, 0x00, 0x00, 0x00, 0x00, 0xFF, 0xFF, 0xF8, 0x00, 0x00, 0x00, 0x00, 0xFF, 0xFF, 0xFF, 0x80,
    0x00, 0x00, 0x02, 0xFF, 0x02, 0xFF, 0xE0, 0x00, 0x00, 0x02, 0xFE, 0x00, 0xBF, 0xF0, 0x00, 0x00,
    0x03, 0xFE, 0x00, 0x2F, 0xF4, 0x00, 0x00, 0x03, 0xFC, 0x00, 0x0F, 0xFC, 0x00, 0x00, 0x0B, 0xFC,
    0x00, 0x0B, 0xFC, 0x00, 0x00, 0x0B, 0xF8, 0x00, 0x07, 0xFC, 0x00, 0x00, 0x0F, 0xF8, 0x00, 0x03,
    0xFE, 0x00, 0x00, 0x0F, 0xF0, 0x00, 0x02, 0xFF, 0x00, 0x00, 0x2F, 0xF0, 0x00, 0x02, 0xFF, 0x00,
    0x00, 0x2F, 0xE0, 0x00, 0x00, 0xFF, 0x40, 0x00, 0x3F, 0xE0, 0x00, 0x00, 0xFF, 0x80, 0x00, 0x3F,
    0xC0, 0x00, 0x00, 0xBF, 0xC0, 0x00, 0xBF, 0xC0, 0x00, 0x00, 0x7F, 0xC0, 0x00, 0xBF, 0x80, 0x00,
    0x00, 0x3F, 0xE0, 0x00, 0x00, 0x00, 0xFF, 0x00, 0x00, 0x00, 0x00, 0x00, 0xFF, 0x00, 0x00, 0x00,
    0x00, 0x00, 0xFF, 0x00, 0x00, 0x00, 0x00, 0x02, 0xFE, 0x00, 0x00, 0x00, 0x00, 0x03, 0xFC, 0x00,
    0x00, 0x00, 0x00, 0x03, 0xFC, 0x00, 0x00, 0x00, 0x03, 0xFF, 0xFF, 0xFF, 0xE0, 0x00, 0x03, 0xFF,
    0xFF, 0xFF, 0xE0, 0x00, 0x0B, 0xFF, 0xFF, 0xFF, 0xC0, 0x00, 0x00, 0x0F, 0xF0, 0x00, 0x00, 0x00,
    0x00, 0x0F, 0xF0, 0x00, 0x02, 0xBC, 0x00, 0x2F, 0xE0, 0x00, 0x0F, 0xF8, 0x00, 0x3F, 0xC0, 0x00,
    0x3F, 0xF8, 0x00, 0x3F, 0xC0, 0x00, 0xFF, 0x80, 0x00, 0x3F, 0xC0, 0x03, 0xFC, 0x00, 0x00, 0xBF,
    0x80, 0x0B, 0xF0, 0x00, 0x00, 0xFF, 0x00, 0x2F, 0xE0, 0x00, 0x00, 0xFF, 0x00, 0x7F, 0x80, 0x00,
    0x00, 0xFF, 0x01, 0xFF, 0x00, 0x00, 0x02, 0xFF, 0xAF, 0xFC, 0x00, 0x00, 0x03, 0xFF, 0xFF, 0xD0,
    0x00, 0x00, 0x03, 0xFF, 0xFF, 0xD0, 0x00, 0x00, 0x03, 0xFE, 0xBF, 0xF0, 0x00, 0x00, 0x0B, 0xF8,
    0x0F, 0xFC, 0x00, 0x00, 0x0F, 0xF0, 0x0B, 0xFC, 0x00, 0x00, 0x0F, 0xF0, 0x03, 0xFF, 0x00, 0x00,
    0x0F, 0xF0, 0x02, 0xFF, 0x00, 0x00, 0x2F, 0xE0, 0x00, 0xFF, 0x80, 0x00, 0x3F, 0xC0, 0x00, 0xBF,
    0xC0, 0x00, 0x3F, 0xC0, 0x00, 0x3F, 0xE0, 0x00, 0x3F, 0xC0, 0x00, 0x2F, 0xF0, 0x00, 0xBF, 0x80,
    0x00, 0x0F, 0xF0, 0x00, 0x00, 0x00, 0x00, 0x00, 0x00, 0x00, 0x00, 0x00, 0x00, 0x3F, 0xFF, 0xFF,
    0xFE, 0x00, 0x00, 0x00, 0x0F, 0xFC, 0x3F, 0xFF, 0xFF, 0xFD, 0x00, 0x00, 0x00, 0x7F, 0xE0, 0xBF,
    0xFF, 0xFF, 0xFC, 0x00, 0x00, 0x02, 0xFF, 0x80, 0x00, 0x00, 0x0B, 0xFC, 0x00, 0x00, 0x0B, 0xFC,
    0x00, 0x00, 0x00, 0x07, 0xF8, 0x00, 0x00, 0x3F, 0xF0, 0x00, 0x00, 0x00, 0x0B, 0xF8, 0x00, 0x00,
    0xFF, 0x80, 0x00, 0x00, 0x00, 0x0F, 0xF0, 0x00, 0x0B, 0xFE, 0x00, 0x00, 0x00, 0x00, 0x0F, 0xF0,
    0x00, 0x2F, 0xF4, 0x00, 0x00, 0x00, 0x00, 0x0F, 0xF0, 0x00, 0xFF, 0xC0, 0x00, 0x00, 0x00, 0x00,
    0x2F, 0xE0, 0x03, 0xFF, 0x00, 0x00, 0x00, 0x00, 0x00, 0x2F, 0xE0, 0x0F, 0xF8, 0x00, 0x00, 0x00,
    0x00, 0x00, 0x3F, 0xC0, 0xBF, 0xE0, 0x00, 0x00, 0x00, 0x00, 0x00, 0x3F, 0xD2, 0xFF, 0x40, 0x00,
    0x00, 0x00, 0x00, 0x00, 0x3F, 0xFF, 0xFC, 0x00, 0x00, 0x00, 0x00, 0x00, 0x00, 0xBF, 0xFF, 0xF8,
    0x00, 0x00, 0x00, 0x00, 0x00, 0x00, 0xBF, 0xFF, 0xFC, 0x00, 0x00, 0x00, 0x00, 0x00, 0x00, 0xFF,
    0x03, 0xFF, 0x00, 0x00, 0x00, 0x00, 0x00, 0x00, 0xFF, 0x02, 0xFF, 0xC0, 0x00, 0x00, 0x00, 0x00,
    0x01, 0xFE, 0x00, 0xBF, 0xE0, 0x00, 0x00, 0x00, 0x00, 0x02, 0xFE, 0x00, 0x3F, 0xF0, 0x00, 0x00,
    0x00, 0x00, 0x03, 0xFC, 0x00, 0x0F, 0xFC, 0x00, 0x00, 0x00, 0x00, 0x03, 0xFC, 0x00, 0x0B, 0xFE,
    0x00, 0x00, 0x00, 0x00, 0x03, 0xFC, 0x00, 0x03, 0xFF, 0x80, 0x00, 0x00, 0x00, 0x0B, 0xF8, 0x00,
    0x00, 0xFF, 0xC0, 0x00, 0x00, 0x00, 0x0B, 0xF8, 0x00, 0x00, 0x7F, 0xF0, 0x00, 0x00, 0x00, 0x0F,
    0xF0, 0x00, 0x00, 0x2F, 0xF8, 0x00, 0x00, 0x00, 0x0F, 0xF0, 0x00, 0x00, 0x0F, 0xFC, 0x00, 0x00,
    0x00, 0x0F, 0xF0, 0x00, 0x00, 0x03, 0xFF, 0x00, 0x00, 0x00, 0x2F, 0xE0, 0x00, 0x00, 0x02, 0xFF,
    0xC0, 0x00, 0x00, 0x2F, 0xD0, 0x00, 0x00, 0x00, 0xFF, 0xE0, 0x00, 0x1A, 0xAA, 0xAA, 0x40, 0x00,
    0x0A, 0xA0, 0x2F, 0xFF, 0xFF, 0x00, 0x00, 0xBF, 0xC0, 0x3F, 0xFF, 0xFF, 0x00, 0x02, 0xFF, 0x00,
    0x00, 0x00, 0xFF, 0x00, 0x0B, 0xF8, 0x00, 0x00, 0x00, 0xFE, 0x00, 0x2F, 0xE0, 0x00, 0x00, 0x00,
    0xFE, 0x00, 0xFF, 0x80, 0x00, 0x00, 0x01, 0xFC, 0x03, 0xFE, 0x00, 0x00, 0x00, 0x02, 0xFC, 0x0F,
    0xF0, 0x00, 0x00, 0x00, 0x03, 0xFC, 0x3F, 0xC0, 0x00, 0x00, 0x00, 0x03, 0xFF, 0xFF, 0x00, 0x00,
    0x00, 0x00, 0x03, 0xFF, 0xFE, 0x00, 0x00, 0x00, 0x00, 0x0B, 0xFF, 0xFF, 0x00, 0x00, 0x00, 0x00,
    0x0B, 0xF0, 0xFF, 0xC0, 0x00, 0x00, 0x00, 0x0F, 0xF0, 0x3F, 0xE0, 0x00, 0x00, 0x00, 0x0F, 0xE0,
    0x2F, 0xF0, 0x00, 0x00, 0x00, 0x0F, 0xD0, 0x0F, 0xFC, 0x00, 0x00, 0x00, 0x2F, 0xC0, 0x03, 0xFE,
    0x00, 0x00, 0x00, 0x2F, 0xC0, 0x00, 0xFF, 0x00, 0x00, 0x00, 0x3F, 0x80, 0x00, 0xBF, 0xC0, 0x00,
    0x00, 0x3F, 0x80, 0x00, 0x3F, 0xE0, 0x00, 0x00, 0x7F, 0x00, 0x00, 0x0F, 0xF0, 0x00, 0x00, 0xBF,
    0x00, 0x00, 0x0B, 0xFC, 0x00, 0x15, 0x55, 0x55, 0x00, 0x05, 0x55, 0x55, 0x00, 0x2F, 0xFF, 0xFE,
    0x00, 0x1B, 0xFF, 0xFF, 0x80, 0x01, 0xFF, 0xE0, 0x00, 0x00, 0xBF, 0xF0, 0x00, 0x00, 0xFF, 0xC0,
    0x00, 0x00, 0x3F, 0xE0, 0x00, 0x00, 0xBF, 0x80, 0x00, 0x00, 0x3F, 0xC0, 0x00, 0x00, 0xBF, 0x80,
    0x00, 0x00, 0x3F, 0xC0, 0x00, 0x00, 0xBF, 0x80, 0x00, 0x00, 0x3F, 0xC0, 0x00, 0x00, 0xBF, 0x80,
    0x00, 0x00, 0x3F, 0xC0, 0x00, 0x00, 0xBF, 0x80, 0x00, 0x00, 0x3F, 0xC0, 0x00, 0x00, 0xBF, 0x80,
    0x00, 0x00, 0x3F, 0xC0, 0x00, 0x00, 0xBF, 0x80, 0x00, 0x00, 0x3F, 0xC0, 0x00, 0x00, 0xBF, 0x80,
    0x00, 0x00, 0x3F, 0xC0, 0x00, 0x00, 0xBF, 0x80, 0x00, 0x00, 0x3F, 0xC0, 0x00, 0x00, 0xBF, 0xFF,
    0xFF, 0xFF, 0xFF, 0xC0, 0x00, 0x00, 0xBF, 0xFF, 0xFF, 0xFF, 0xFF, 0xC0, 0x00, 0x00, 0xBF, 0x80,
    0x00, 0x00, 0x3F, 0xC0, 0x00, 0x00, 0xBF, 0x80, 0x00, 0x00, 0x3F, 0xC0, 0x00, 0x00, 0xBF, 0x80,
    0x00, 0x00, 0x3F, 0xC0, 0x00, 0x00, 0xBF, 0x80, 0x00, 0x00, 0x3F, 0xC0, 0x00, 0x00, 0xBF, 0x80,
    0x00, 0x00, 0x3F, 0xC0, 0x00, 0x00, 0xBF, 0x80, 0x00, 0x00, 0x3F, 0xC0, 0x00, 0x00, 0xBF, 0x80,
    0x00, 0x00, 0x3F, 0xC0, 0x00, 0x00, 0xBF, 0x80, 0x00, 0x00, 0x3F, 0xC0, 0x00, 0x00, 0xBF, 0x80,
    0x00, 0x00, 0x3F, 0xC0, 0x00, 0x00, 0xBF, 0x80, 0x00, 0x00, 0x3F, 0xC0, 0x00, 0x00, 0xFF, 0xC0,
    0x00, 0x00, 0x3F, 0xE0, 0x00, 0x03, 0xFF, 0xF0, 0x00, 0x02, 0xFF, 0xFE, 0x40, 0x3F, 0xFF, 0xFF,
    0x00, 0x2F, 0xFF, 0xFF, 0xC0, 0x00, 0x00, 0x00, 0x00, 0x00, 0x00, 0xBF, 0xC0, 0x00, 0x00, 0x00,
    0x00, 0x00, 0x00, 0x0F, 0xC0, 0x00, 0x00, 0x00, 0x00, 0x00, 0x00, 0x0B, 0xC0, 0x00, 0x00, 0x00,
    0x00, 0x00, 0x00, 0x03, 0xC0, 0x00, 0x00, 0x00, 0x00, 0x00, 0x00, 0x03, 0xC0, 0x00, 0x00, 0x00,
    0x00, 0x00, 0x00, 0x02, 0xC0, 0x00, 0x00, 0x00, 0x00, 0x00, 0x00, 0x00, 0xC0, 0x00, 0x00, 0x00,
    0x00, 0x00, 0x00, 0x00, 0x00, 0x6A, 0xAA, 0x81, 0xAA, 0xAA, 0x00, 0x0B, 0xFE, 0x00, 0x3F, 0xF4,
    0x00, 0x03, 0xF8, 0x00, 0x0F, 0xE0, 0x00, 0x03, 0xF8, 0x00, 0x0F, 0xE0, 0x00, 0x03, 0xF8, 0x00,
    0x0F, 0xE0, 0x00, 0x03, 0xF8, 0x00, 0x0F, 0xE0, 0x00, 0x03, 0xF8, 0x00, 0x0F, 0xE0, 0x00, 0x03,
    0xF8, 0x00, 0x0F, 0xE0, 0x00, 0x03, 0xFD, 0x55, 0x6F, 0xE0, 0x00, 0x03, 0xFF, 0xFF, 0xFF, 0xE0,
    0x00, 0x03, 0xF8, 0x00, 0x0F, 0xE0, 0x00, 0x03, 0xF8, 0x00, 0x0F, 0xE0, 0x00, 0x03, 0xF8, 0x00,
    0x0F, 0xE0, 0x00, 0x03, 0xF8, 0x00, 0x0F, 0xE0, 0x00, 0x03, 0xF8, 0x00, 0x0F, 0xE0, 0x00, 0x03,
    0xF8, 0x00, 0x0F, 0xE0, 0x00, 0x03, 0xF8, 0x00, 0x0F, 0xE0, 0x00, 0x0B, 0xFC, 0x00, 0x2F, 0xF0,
    0x00, 0xBF, 0xFF, 0xC2, 0xFF, 0xFF, 0x00, 0x00, 0x00, 0x00, 0x00, 0x3F, 0x00, 0x00, 0x00, 0x00,
    0x00, 0x2F, 0x00, 0x00, 0x00, 0x00, 0x00, 0x0F, 0x00, 0x00, 0x00, 0x00, 0x00, 0x0F, 0x00, 0x00,
    0x00, 0x00, 0x00, 0x0B, 0x00, 0x00, 0x00, 0x00, 0x00, 0x03, 0x00, 0x00, 0x00, 0x00, 0x00, 0x00,
    0x00, 0x00, 0x00, 0x00, 0x00, 0x00, 0x00, 0x00, 0x00, 0x00, 0x00, 0x00, 0x00, 0x0B, 0xF8, 0x00,
    0x00, 0x00, 0x0F, 0xFB, 0xFF, 0xFF, 0x00, 0x00, 0x0B, 0xF8, 0x00, 0x00, 0x00, 0x0F, 0xFF, 0xFF,
    0xFF, 0x00, 0x00, 0x0F, 0xF0, 0x00, 0x00, 0x00, 0x0F, 0xEF, 0xFF, 0xFF, 0x00, 0x00, 0x0F, 0xF0,
    0x00, 0x00, 0x00, 0x2F, 0xE0, 0x00, 0x00, 0x00, 0x00, 0x0F, 0xF0, 0x00, 0x00, 0x00, 0x3F, 0xC0,
    0x00, 0x00, 0x00, 0x00, 0x2F, 0xE0, 0x00, 0x00, 0x00, 0x3F, 0xC0, 0x00, 0x00, 0x00, 0x00, 0x2F,
    0xE0, 0x00, 0x00, 0x00, 0x3F, 0xC0, 0x00, 0x00, 0x00, 0x00, 0x3F, 0xC0, 0x00, 0x00, 0x00, 0x7F,
    0x80, 0x00, 0x00, 0x00, 0x00, 0x3F, 0xC0, 0x00, 0x00, 0x00, 0xBF, 0x80, 0x00, 0x00, 0x00, 0x00,
    0x3F, 0xC0, 0x00, 0x00, 0x00, 0xFF, 0x00, 0x00, 0x00, 0x00, 0x00, 0xBF, 0x80, 0x00, 0x00, 0x00,
    0xFF, 0x00, 0x00, 0x00, 0x00, 0x00, 0xFF, 0x40, 0x00, 0x00, 0x00, 0xFF, 0x00, 0x00, 0x00, 0x00,
    0x00, 0xFF, 0x80, 0x00, 0x00, 0x02, 0xFE, 0x00, 0x00, 0x00, 0x00, 0x00, 0xFF, 0xFF, 0xFF, 0xFF,
    0xFF, 0xFD, 0x00, 0x00, 0x00, 0x00, 0x01, 0xFF, 0xFF, 0xFF, 0xFF, 0xFF, 0xFC, 0x00, 0x00, 0x00,
    0x00, 0x02, 0xFF, 0xFF, 0xFF, 0xFF, 0xFF, 0xFC, 0x00, 0x00, 0x00, 0x00, 0x03, 0xFD, 0x00, 0x00,
    0x00, 0x0B, 0xFC, 0x00, 0x00, 0x00, 0x00, 0x03, 0xFC, 0x00, 0x00, 0x00, 0x0B, 0xF8, 0x00, 0x00,
    0x00, 0x00, 0x03, 0xFC, 0x00, 0x00, 0x00, 0x0F, 0xF0, 0x00, 0x00, 0x00, 0x00, 0x0B, 0xF8, 0x00,
    0x00, 0x00, 0x0F, 0xF0, 0x00, 0x00, 0x00, 0x00, 0x0B, 0xF8, 0x00, 0x00, 0x00, 0x0F, 0xF0, 0x00,
    0x00, 0x00, 0x00, 0x0F, 0xF0, 0x00, 0x00, 0x00, 0x1F, 0xE0, 0x00, 0x00, 0x00, 0x00, 0x0F, 0xF0,
    0x00, 0x00, 0x00, 0x2F, 0xE0, 0x00, 0x00, 0x00, 0x00, 0x0F, 0xF0, 0x00, 0x00, 0x00, 0x3F, 0xC0,
    0x00, 0x00, 0x00, 0x00, 0x2F, 0xE0, 0x00, 0x00, 0x00, 0x3F, 0xC0, 0x00, 0x00, 0x00, 0x00, 0x2F,
    0xD0, 0x00, 0x00, 0x00, 0x3F, 0xC0, 0x00, 0x00, 0x00, 0x00, 0x3F, 0xC0, 0x00, 0x00, 0x00, 0xBF,
    0x80, 0x00, 0x00, 0x00, 0x00, 0x3F, 0xC0, 0x00, 0x00, 0x00, 0xBF, 0x80, 0x00, 0x00, 0x00, 0x00,
    0x7F, 0xC0, 0x00, 0x00, 0x00, 0xFF, 0x00, 0x00, 0x00, 0x00, 0x00, 0xBF, 0x80, 0x00, 0x00, 0x00,
    0xFF, 0x00, 0x00, 0x00, 0x00, 0x00, 0x00, 0x2A, 0x80, 0x00, 0x02, 0xAA, 0xAA, 0xA0, 0x00, 0x3F,
    0xC0, 0x00, 0x03, 0xFF, 0xFF, 0xF0, 0x00, 0x3F, 0x80, 0x00, 0x03, 0xFF, 0xFF, 0xF0, 0x00, 0x3F,
    0x40, 0x00, 0x0B, 0xF8, 0x00, 0x00, 0x00, 0xBF, 0x00, 0x00, 0x0B, 0xF0, 0x00, 0x00, 0x00, 0xBF,
    0x00, 0x00, 0x0F, 0xF0, 0x00, 0x00, 0x00, 0xFF, 0x00, 0x00, 0x0F, 0xE0, 0x00, 0x00, 0x00, 0xFE,
    0x00, 0x00, 0x0F, 0xE0, 0x00, 0x00, 0x01, 0xFC, 0x00, 0x00, 0x2F, 0xC0, 0x00, 0x00, 0x02, 0xFF,
    0xFF, 0xFF, 0xFF, 0xC0, 0x00, 0x00, 0x03, 0xFF, 0xFF, 0xFF, 0xFF, 0xC0, 0x00, 0x00, 0x03, 0xFF,
    0xFF, 0xFF, 0xFF, 0x80, 0x00, 0x00, 0x03, 0xF8, 0x00, 0x00, 0xBF, 0x40, 0x00, 0x00, 0x0B, 0xF0,
    0x00, 0x00, 0xBF, 0x00, 0x00, 0x00, 0x0B, 0xF0, 0x00, 0x00, 0xFF, 0x00, 0x00, 0x00, 0x0F, 0xF0,
    0x00, 0x00, 0xFE, 0x00, 0x00, 0x00, 0x0F, 0xE0, 0x00, 0x00, 0xFE, 0x00, 0x00, 0x00, 0x0F, 0xE0,
    0x00, 0x01, 0xFC, 0x00, 0x00, 0x00, 0x2F, 0xC0, 0x00, 0x02, 0xFC, 0x00, 0x00, 0x00, 0x2F, 0xC0,
    0x00, 0x03, 0xFC, 0x00, 0x00, 0x00, 0x3F, 0xC0, 0x00, 0x03, 0xF8, 0x00, 0x00, 0x00, 0x3F, 0x80,
    0x00, 0x03, 0xF8, 0x00, 0x00, 0x00, 0x00, 0x00, 0xFF, 0xFF, 0xFF, 0xFF, 0xFF, 0x80, 0x00, 0x00,
    0x00, 0x00, 0xFF, 0xFF, 0xFF, 0xFF, 0xFF, 0x80, 0x00, 0x00, 0x00, 0x02, 0xFF, 0xFF, 0xFF, 0xFF,
    0xFF, 0x00, 0x00, 0x00, 0x00, 0x02, 0xFF, 0xAA, 0xAA, 0xAA, 0xFF, 0x00, 0x00, 0x00, 0x00, 0x03,
    0xFE, 0x00, 0x00, 0x02, 0xFF, 0x00, 0x00, 0x00, 0x00, 0x03, 0xFC, 0x00, 0x00, 0x03, 0xFE, 0x00,
    0x00, 0x00, 0x00, 0x0B, 0xFC, 0x00, 0x00, 0x03, 0xFC, 0x00, 0x00, 0x00, 0x00, 0x0B, 0xF8, 0x00,
    0x00, 0x07, 0xFC, 0x00, 0x00, 0x00, 0x00, 0x0F, 0xF8, 0x00, 0x00, 0x0B, 0xFC, 0x00, 0x00, 0x00,
    0x00, 0x0F, 0xF0, 0x00, 0x00, 0x0F, 0xF8, 0x00, 0x00, 0x00, 0x00, 0x2F, 0xF0, 0x00, 0x00, 0x0F,
    0xF0, 0x00, 0x00, 0x00, 0x00, 0x2F, 0xE0, 0x00, 0x00, 0x1F, 0xF0, 0x01, 0xA0, 0x00, 0x00, 0x3F,
    0xE0, 0x00, 0x00, 0x2F, 0xF1, 0xFF, 0xFF, 0x80, 0x00, 0x3F, 0xC0, 0x00, 0x00, 0x3F, 0xFF, 0xFF,
    0xFF, 0xF0, 0x00, 0xBF, 0xC0, 0x00, 0x00, 0x3F, 0xFF, 0xFF, 0xFF, 0xFC, 0x00, 0xBF, 0x80, 0x00,
    0x00, 0x7F, 0xFF, 0x90, 0x3F, 0xFC, 0x00, 0xFF, 0x80, 0x00, 0x00, 0xBF, 0xF8, 0x00, 0x0B, 0xFE,
    0x00, 0xFF, 0x00, 0x00, 0x00, 0xFF, 0xC0, 0x00, 0x03, 0xFF, 0x02, 0xFF, 0x00, 0x00, 0x00, 0xFF,
    0x00, 0x00, 0x03, 0xFF, 0x02, 0xFE, 0x00, 0x00, 0x01, 0xFF, 0x00, 0x00, 0x03, 0xFF, 0x03, 0xFE,
    0x00, 0x00, 0x02, 0xFF, 0x00, 0x00, 0x03, 0xFF, 0x03, 0xFC, 0x00, 0x00, 0x03, 0xFE, 0x00, 0x00,
    0x03, 0xFE, 0x0B, 0xFC, 0x00, 0x00, 0x03, 0xFC, 0x00, 0x00, 0x03, 0xFD, 0x0B, 0xF8, 0x00, 0x00,
    0x07, 0xFC, 0x00, 0x00, 0x0B, 0xFC, 0x0F, 0xF8, 0x00, 0x00, 0x0B, 0xFC, 0x00, 0x00, 0x0F, 0xFC,
    0x0F, 0xF0, 0x00, 0x00, 0x0F, 0xF8, 0x00, 0x00, 0x0F, 0xF8, 0x2F, 0xF0, 0x00, 0x00, 0x0F, 0xF0,
    0x00, 0x00, 0x2F, 0xF0, 0x2F, 0xE0, 0x00, 0x00, 0x1F, 0xF0, 0x00, 0x00, 0x3F, 0xE0, 0x3F, 0xE0,
    0x00, 0x00, 0x2F, 0xF0, 0x00, 0x00, 0xFF, 0xC0, 0x3F, 0xC0, 0x00, 0x00, 0x3F, 0xE0, 0x00, 0x02,
    0xFF, 0x00, 0x00, 0x00, 0x00, 0x00, 0x00, 0x00, 0x00, 0x03, 0xFE, 0x00, 0x00, 0x00, 0x00, 0x00,
    0x00, 0x00, 0x00, 0x2F, 0xF8, 0x00, 0x00, 0x00, 0x00, 0x00, 0x00, 0x00, 0xAA, 0xFF, 0xE0, 0x00,
    0x00, 0x00, 0x00, 0x00, 0x00, 0x00, 0xFF, 0xFF, 0x00, 0x00, 0x00, 0x00, 0x00, 0x00, 0x00, 0x02,
    0xFF, 0xF8, 0x00, 0x00, 0x00, 0x00, 0x00, 0x00, 0x00, 0x01, 0xFA, 0x00, 0x00, 0x00, 0x00, 0x00,
    0x00, 0x00, 0x00, 0x00, 0x00, 0x00, 0x00, 0x00, 0x0F, 0xFF, 0xFF, 0xFF, 0xFF, 0x00, 0x00, 0x00,
    0x00, 0x0F, 0xFF, 0xFF, 0xFF, 0xFF, 0x00, 0x00, 0x00, 0x00, 0x0F, 0xFF, 0xFF, 0xFF, 0xFE, 0x00,
    0x00, 0x00, 0x00, 0x2F, 0xE0, 0x00, 0x03, 0xFD, 0x00, 0x00, 0x00, 0x00, 0x3F, 0xC0, 0x00, 0x03,
    0xFC, 0x00, 0x00, 0x00, 0x00, 0x3F, 0xC0, 0x00, 0x03, 0xFC, 0x00, 0x00, 0x00, 0x00, 0x3F, 0xC0,
    0x00, 0x0B, 0xF8, 0x00, 0x00, 0x00, 0x00, 0xBF, 0x80, 0x00, 0x0B, 0xF4, 0x00, 0x00, 0x00, 0x00,
    0xFF, 0x00, 0x00, 0x0F, 0xFA, 0xFF, 0xF4, 0x00, 0x00, 0xFF, 0x00, 0x00, 0x0F, 0xFF, 0xFF, 0xFE,
    0x00, 0x00, 0xFF, 0x00, 0x00, 0x2F, 0xFF, 0xFF, 0xFF, 0x00, 0x02, 0xFE, 0x00, 0x00, 0x2F, 0xFE,
    0x03, 0xFF, 0x80, 0x03, 0xFC, 0x00, 0x00, 0x3F, 0xE0, 0x00, 0xFF, 0xC0, 0x03, 0xFC, 0x00, 0x00,
    0x3F, 0xC0, 0x00, 0xBF, 0xC0, 0x03, 0xFC, 0x00, 0x00, 0xBF, 0x80, 0x00, 0xBF, 0xC0, 0x0B, 0xF8,
    0x00, 0x00, 0xBF, 0x40, 0x00, 0xBF, 0x80, 0x0F, 0xF0, 0x00, 0x00, 0xFF, 0x00, 0x00, 0xFF, 0x80,
    0x0F, 0xF0, 0x00, 0x00, 0xFF, 0x00, 0x00, 0xFF, 0x40, 0x0F, 0xF0, 0x00, 0x02, 0xFE, 0x00, 0x01,
    0xFF, 0x00, 0x2F, 0xE0, 0x00, 0x02, 0xFD, 0x00, 0x03, 0xFF, 0x00, 0x3F, 0xC0, 0x00, 0x03, 0xFC,
    0x00, 0x03, 0xFC, 0x00, 0x3F, 0xC0, 0x00, 0x03, 0xFC, 0x00, 0x0F, 0xFC, 0x00, 0x00, 0x00, 0x00,
    0x00, 0x00, 0x00, 0x2F, 0xF0, 0x00, 0x00, 0x00, 0x00, 0x00, 0x00, 0x00, 0xBF, 0xE0, 0x00, 0x00,
    0x00, 0x00, 0x00, 0x00, 0x0B, 0xFF, 0x80, 0x00, 0x00, 0x00, 0x00, 0x00, 0x00, 0xBF, 0xFE, 0x00,
    0x00, 0x00, 0x00, 0x00, 0x00, 0x00, 0xFF, 0xF0, 0x00, 0x00, 0x00, 0x00, 0x00, 0x00, 0x00, 0xFA,
    0x00, 0x00, 0x00, 0x00, 0x00, 0x00, 0x00, 0x6A, 0x90, 0x00, 0x00, 0x00, 0x00, 0x00, 0xBF, 0xFF,
    0xFF, 0x00, 0x00, 0x00, 0x00, 0x0B, 0xFF, 0xFF, 0xFF, 0x00, 0x00, 0x00, 0x00, 0x3F, 0xFF, 0xFB,
    0xFE, 0x00, 0x00, 0x00, 0x01, 0xFF, 0xF4, 0x00, 0x08, 0x00, 0x00, 0x00, 0x0B, 0xFF, 0x00, 0x00,
    0x00, 0x00, 0x00, 0x00, 0x1F, 0xF8, 0x00, 0x00, 0x00, 0x00, 0x00, 0x00, 0x3F, 0xF0, 0x00, 0x02,
    0xFF, 0xF8, 0x00, 0x00, 0xFF, 0xC0, 0x00, 0x0F, 0xFF, 0xFE, 0x00, 0x02, 0xFF, 0x00, 0x00, 0x7F,
    0xFF, 0xFF, 0x00, 0x03, 0xFE, 0x00, 0x00, 0xFF, 0x81, 0xFF, 0x80, 0x0B, 0xFC, 0x00, 0x03, 0xFC,
    0x00, 0xBF, 0xC0, 0x0F, 0xF8, 0x00, 0x0B, 0xF8, 0x00, 0xBF, 0xC0, 0x1F, 0xF0, 0x00, 0x0F, 0xF0,
    0x00, 0xBF, 0xC0, 0x2F, 0xF0, 0x00, 0x2F, 0xC0, 0x00, 0xBF, 0xC0, 0x3F, 0xE0, 0x00, 0x3F, 0xC0,
    0x00, 0xBF, 0x80, 0x3F, 0xC0, 0x00, 0x3F, 0x80, 0x00, 0xFF, 0x80, 0x7F, 0xC0, 0x00, 0xBF, 0x40,
    0x00, 0xFF, 0x00, 0xBF, 0xC0, 0x00, 0xBF, 0x00, 0x02, 0xFF, 0x00, 0xBF, 0xC0, 0x00, 0xFF, 0x00,
    0x03, 0xFD, 0x00, 0xFF, 0xC0, 0x00, 0xFF, 0x00, 0x0B, 0xFC, 0x00, 0xFF, 0xC0, 0x00, 0xFF, 0x00,
    0x0F, 0xF0, 0x00, 0xFF, 0xC0, 0x00, 0xFF, 0x00, 0x2F, 0xE0, 0x00, 0xBF, 0xC0, 0x00, 0xBF, 0x00,
    0x7F, 0xC0, 0x00, 0x7F, 0xE0, 0x00, 0xBF, 0x00, 0xFF, 0x00, 0x00, 0x3F, 0xF0, 0x00, 0x3F, 0x83,
    0xFC, 0x00, 0x00, 0x2F, 0xF8, 0x00, 0x3F, 0xEF, 0xF4, 0x00, 0x00, 0x0F, 0xFF, 0x00, 0x2F, 0xFF,
    0xC0, 0x00, 0x00, 0x03, 0xFF, 0xFE, 0xFF, 0xFF, 0x00, 0x00, 0x00, 0x01, 0xFF, 0xFF, 0xFF, 0xFC,
    0x00, 0x00, 0x00, 0x00, 0x2F, 0xFF, 0xFF, 0xFF, 0x00, 0x00, 0x00, 0x00, 0x00, 0xAA, 0xA2, 0xFF,
    0xE0, 0x00, 0x00, 0x00, 0x00, 0x00, 0x00, 0xBF, 0xFF, 0x80, 0x00, 0x00, 0x00, 0x00, 0x00, 0x2F,
    0xFF, 0xE0, 0x00, 0x00, 0x00, 0x00, 0x00, 0x03, 0xFF, 0xC0, 0x00, 0x00, 0x00, 0x00, 0x00, 0x00,
    0x1A, 0xC0, 0x00, 0x00, 0x00, 0x00, 0x1A, 0x00, 0x00, 0x00, 0x00, 0x2F, 0xFF, 0xF4, 0x00, 0x00,
    0x02, 0xFF, 0xFF, 0xF0, 0x00, 0x00, 0x0F, 0xFF, 0xEB, 0xF0, 0x00, 0x00, 0x3F, 0xF4, 0x00, 0x00,
    0x00, 0x00, 0xFF, 0xC0, 0x00, 0x68, 0x00, 0x03, 0xFF, 0x00, 0x0F, 0xFF, 0xC0, 0x0B, 0xFC, 0x00,
    0x3F, 0xFF, 0xF0, 0x0F, 0xF8, 0x00, 0xFF, 0xBF, 0xF0, 0x1F, 0xF0, 0x03, 0xFC, 0x0F, 0xF0, 0x2F,
    0xE0, 0x07, 0xF8, 0x0F, 0xF0, 0x3F, 0xD0, 0x0F, 0xF0, 0x0F, 0xF0, 0x3F, 0xC0, 0x0F, 0xE0, 0x0F,
    0xE0, 0x7F, 0xC0, 0x0F, 0xC0, 0x2F, 0xD0, 0xBF, 0xC0, 0x2F, 0xC0, 0x3F, 0xC0, 0xBF, 0x80, 0x2F,
    0xC0, 0x3F, 0x80, 0xBF, 0xC0, 0x2F, 0xC0, 0xFF, 0x00, 0xBF, 0xC0, 0x2F, 0xC2, 0xFC, 0x00, 0x3F,
    0xE0, 0x0F, 0xCB, 0xF0, 0x00, 0x3F, 0xF8, 0x0F, 0xFF, 0xE0, 0x00, 0x0F, 0xFF, 0xEF, 0xFF, 0x00,
    0x00, 0x0B, 0xFF, 0xFF, 0xFC, 0x00, 0x00, 0x00, 0xFF, 0xFF, 0xFC, 0x00, 0x00, 0x00, 0x01, 0x42,
    0xFF, 0x80, 0x00, 0x00, 0x00, 0x00, 0xBF, 0xF0, 0x00, 0x00, 0x00, 0x00, 0x2F, 0xFF, 0x40, 0x00,
    0x00, 0x00, 0x0B, 0xFF, 0x00, 0x00, 0x00, 0x00, 0x00, 0x6F, 0x00, 0x00, 0x00, 0x00, 0x00, 0x00,
    0x00, 0x00, 0x00, 0x00, 0x01, 0xAA, 0x00, 0x00, 0x00, 0x00, 0x00, 0x00, 0xBF, 0xFF, 0xF8, 0x00,
    0x00, 0x00, 0x00, 0x0F, 0xFF, 0xFF, 0xFF, 0x80, 0x00, 0x00, 0x00, 0xBF, 0xFF, 0xFF, 0xFF, 0xE0,
    0x00, 0x00, 0x02, 0xFF, 0xE0, 0x00, 0xBF, 0xF0, 0x00, 0x00, 0x0B, 0xFE, 0x00, 0x00, 0x1F, 0xFC,
    0x00, 0x00, 0x2F, 0xF8, 0x00, 0x00, 0x0B, 0xFC, 0x00, 0x00, 0x3F, 0xE0, 0x00, 0x00, 0x03, 0xFE,
    0x00, 0x00, 0xFF, 0x80, 0x00, 0x00, 0x02, 0xFF, 0x00, 0x02, 0xFF, 0x00, 0x00, 0x00, 0x00, 0xFF,
    0x00, 0x03, 0xFC, 0x00, 0x00, 0x00, 0x00, 0x00, 0x00, 0x0B, 0xFC, 0x00, 0x00, 0x00, 0x00, 0x00,
    0x00, 0x0F, 0xF4, 0x00, 0x00, 0x00, 0x00, 0x00, 0x00, 0x0F, 0xF0, 0x00, 0x00, 0x00, 0x00, 0x00,
    0x00, 0x2F, 0xE0, 0x00, 0x00, 0x00, 0x00, 0x00, 0x00, 0x3F, 0xD0, 0x00, 0x00, 0x00, 0x00, 0x00,
    0x00, 0x3F, 0xC0, 0x00, 0x00, 0x00, 0x00, 0x00, 0x00, 0x3F, 0xC0, 0x00, 0x00, 0x00, 0x00, 0x00,
    0x00, 0x3F, 0xC0, 0x00, 0x00, 0x00, 0x00, 0x00, 0x00, 0x7F, 0xC0, 0x00, 0x00, 0x00, 0x00, 0x00,
    0x00, 0xBF, 0xC0, 0x00, 0x00, 0x00, 0x0F, 0xF4, 0x00, 0x7F, 0xC0, 0x00, 0x00, 0x00, 0x2F, 0xF0,
    0x00, 0x3F, 0xC0, 0x00, 0x00, 0x00, 0x3F, 0xE0, 0x00, 0x3F, 0xC0, 0x00, 0x00, 0x00, 0xBF, 0xC0,
    0x00, 0x3F, 0xE0, 0x00, 0x00, 0x02, 0xFF, 0x00, 0x00, 0x2F, 0xF0, 0x00, 0x00, 0x03, 0xFE, 0x00,
    0x00, 0x0F, 0xFC, 0x00, 0x00, 0x2F, 0xF8, 0x00, 0x00, 0x0B, 0xFF, 0x00, 0x00, 0xFF, 0xE0, 0x00,
    0x00, 0x03, 0xFF, 0xFA, 0xAF, 0xFF, 0x80, 0x00, 0x00, 0x00, 0xFF, 0xFF, 0xFF, 0xFC, 0x00, 0x00,
    0x00, 0x00, 0x2F, 0xFF, 0xFF, 0xD0, 0x00, 0x00, 0x00, 0x00, 0x01, 0xBF, 0xE8, 0x00, 0x00, 0x00,
    0x00, 0x00, 0x00, 0x0B, 0xF0, 0x00, 0x00, 0x00, 0x00, 0x00, 0x00, 0x03, 0xF4, 0x00, 0x00, 0x00,
    0x00, 0x00, 0x00, 0x02, 0xFC, 0x00, 0x00, 0x00, 0x00, 0x00, 0x00, 0x03, 0xFC, 0x00, 0x00, 0x00,
    0x00, 0x00, 0x02, 0x0F, 0xF8, 0x00, 0x00, 0x00, 0x00, 0x00, 0x03, 0xFF, 0xF0, 0x00, 0x00, 0x00,
    0x00, 0x00, 0x03, 0xFF, 0xD0, 0x00, 0x00, 0x00, 0x00, 0x00, 0x02, 0xBE, 0x00, 0x00, 0x00, 0x00,
    0x00, 0x00, 0x00, 0x00, 0x00, 0x00, 0x00, 0x00, 0x00, 0x2F, 0xFF, 0xF0, 0x00, 0x00, 0x02, 0xFF,
    0xFF, 0xFE, 0x00, 0x00, 0x0B, 0xFF, 0xAF, 0xFF, 0x00, 0x00, 0x3F, 0xF4, 0x00, 0xFF, 0xC0, 0x00,
    0xBF, 0xC0, 0x00, 0x3F, 0xC0, 0x00, 0xFF, 0x00, 0x00, 0x3F, 0xC0, 0x03, 0xFD, 0x00, 0x00, 0x2F,
    0xC0, 0x07, 0xFC, 0x00, 0x00, 0x1A, 0x80, 0x0F, 0xF0, 0x00, 0x00, 0x00, 0x00, 0x0F, 0xF0, 0x00,
    0x00, 0x00, 0x00, 0x1F, 0xE0, 0x00, 0x00, 0x00, 0x00, 0x2F, 0xD0, 0x00, 0x00, 0x00, 0x00, 0x2F,
    0xC0, 0x00, 0x00, 0x00, 0x00, 0x3F, 0xC0, 0x00, 0x00, 0x00, 0x00, 0x3F, 0xC0, 0x00, 0x00, 0xA8,
    0x00, 0x3F, 0xC0, 0x00, 0x02, 0xFC, 0x00, 0x3F, 0xC0, 0x00, 0x03, 0xFC, 0x00, 0x2F, 0xE0, 0x00,
    0x0F, 0xF0, 0x00, 0x1F, 0xF0, 0x00, 0x3F, 0xE0, 0x00, 0x0F, 0xFE, 0x02, 0xFF, 0xC0, 0x00, 0x07,
    0xFF, 0xFF, 0xFE, 0x00, 0x00, 0x01, 0xFF, 0xFF, 0xF0, 0x00, 0x00, 0x00, 0x2F, 0xFE, 0x00, 0x00,
    0x00, 0x00, 0x02, 0xFC, 0x00, 0x00, 0x00, 0x00, 0x00, 0xFE, 0x00, 0x00, 0x00, 0x00, 0x00, 0xBF,
    0x00, 0x00, 0x00, 0x00, 0x00, 0xFF, 0x00, 0x00, 0x00, 0x00, 0x83, 0xFE, 0x00, 0x00, 0x00, 0x00,
    0xFF, 0xFC, 0x00, 0x00, 0x00, 0x00, 0xFF, 0xF4, 0x00, 0x00, 0x00, 0x00, 0xAF, 0x80, 0x00, 0x00,
    0x00, 0x00, 0x00, 0x00, 0x00, 0x00, 0x00, 0x00, 0x3F, 0xFF, 0xFF, 0xFF, 0xFF, 0xFF, 0xC0, 0x3F,
    0xFF, 0xFF, 0xFF, 0xFF, 0xFF, 0xC0, 0xBF, 0xFF, 0xFF, 0xFF, 0xFF, 0xFF, 0x80, 0x00, 0x00, 0x0F,
    0xF8, 0x00, 0x00, 0x00, 0x00, 0x00, 0x0F, 0xF0, 0x00, 0x00, 0x00, 0x00, 0x00, 0x0F, 0xF0, 0x00,
    0x00, 0x00, 0x00, 0x00, 0x0F, 0xF0, 0x00, 0x00, 0x00, 0x00, 0x00, 0x2F, 0xE0, 0x00, 0x00, 0x00,
    0x00, 0x00, 0x2F, 0xE0, 0x00, 0x00, 0x00, 0x00, 0x00, 0x3F, 0xC0, 0x00, 0x00, 0x00, 0x00, 0x00,
    0x3F, 0xC0, 0x00, 0x00, 0x00, 0x00, 0x00, 0x3F, 0xC0, 0x00, 0x00, 0x00, 0x00, 0x00, 0xBF, 0x80,
    0x00, 0x00, 0x00, 0x00, 0x00, 0xFF, 0x40, 0x00, 0x00, 0x00, 0x00, 0x00, 0xFF, 0x00, 0x00, 0x00,
    0x00, 0x00, 0x00, 0xFF, 0x00, 0x00, 0x00, 0x00, 0x00, 0x01, 0xFE, 0x00, 0x00, 0x00, 0x00, 0x00,
    0x02, 0xFE, 0x00, 0x00, 0x00, 0x00, 0x00, 0x03, 0xFC, 0x00, 0x00, 0x00, 0x00, 0x00, 0x03, 0xFC,
    0x00, 0x00, 0x00, 0x00, 0x00, 0x03, 0xFC, 0x00, 0x00, 0x00, 0x00, 0x00, 0x0B, 0xF8, 0x00, 0x00,
    0x00, 0x00, 0x00, 0x0B, 0xF8, 0x00, 0x00, 0x00, 0x00, 0x00, 0x0F, 0xF0, 0x00, 0x00, 0x00, 0x00,
    0x00, 0x0F, 0xF0, 0x00, 0x00, 0x00, 0x00, 0x00, 0x0F, 0xF0, 0x00, 0x00, 0x00, 0x00, 0x00, 0x2F,
    0xFA, 0x00, 0x00, 0x00, 0x00, 0x00, 0x2F, 0xFF, 0x00, 0x00, 0x00, 0x00, 0x00, 0x3F, 0xFE, 0x00,
    0x00, 0x00, 0x00, 0x00, 0x3F, 0xFD, 0x00, 0x00, 0x00, 0x00, 0x00, 0x03, 0xFC, 0x00, 0x00, 0x00,
    0x00, 0x00, 0x03, 0xFC, 0x00, 0x00, 0x00, 0x00, 0x00, 0x07, 0xFC, 0x00, 0x00, 0x00, 0x00, 0x00,
    0x0B, 0xF8, 0x00, 0x00, 0x00, 0x00, 0x00, 0x0F, 0xF0, 0x00, 0x00, 0x00, 0x00, 0x00, 0x0F, 0xF0,
    0x00, 0x00, 0x00, 0x00, 0x00, 0x0F, 0xF0, 0x00, 0x00, 0x00, 0x00, 0x2A, 0xAA, 0xAA, 0xAA, 0xAA,
    0xBF, 0xFF, 0xFF, 0xFF, 0xFE, 0xFF, 0xFF, 0xFF, 0xFF, 0xFE, 0x00, 0x02, 0xFE, 0x00, 0x00, 0x00,
    0x02, 0xFC, 0x00, 0x00, 0x00, 0x02, 0xFC, 0x00, 0x00, 0x00, 0x03, 0xFC, 0x00, 0x00, 0x00, 0x03,
    0xF8, 0x00, 0x00, 0x00, 0x03, 0xF4, 0x00, 0x00, 0x00, 0x0B, 0xF0, 0x00, 0x00, 0x00, 0x0F, 0xF0,
    0x00, 0x00, 0x00, 0x0F, 0xE0, 0x00, 0x00, 0x00, 0x0F, 0xE0, 0x00, 0x00, 0x00, 0x1F, 0xC0, 0x00,
    0x00, 0x00, 0x2F, 0xC0, 0x00, 0x00, 0x00, 0x3F, 0xC0, 0x00, 0x00, 0x00, 0x3F, 0x80, 0x00, 0x00,
    0x00, 0x3F, 0x80, 0x00, 0x00, 0x00, 0xBF, 0x00, 0x00, 0x00, 0x00, 0xBF, 0xF0, 0x00, 0x00, 0x00,
    0xFF, 0xE0, 0x00, 0x00, 0x00, 0xFF, 0xE0, 0x00, 0x00, 0x00, 0x2F, 0xC0, 0x00, 0x00, 0x00, 0x2F,
    0xC0, 0x00, 0x00, 0x00, 0x3F, 0xC0, 0x00, 0x00, 0x00, 0x3F, 0x80, 0x00, 0x00, 0x00, 0x3F, 0x40,
    0x00, 0x00, 0x00, 0x2A, 0x00, 0x00, 0x00, 0x00, 0x00, 0x00, 0x00, 0x00, 0x00, 0x00, 0x00, 0x2F,
    0xFF, 0xFE, 0x00, 0x00, 0xBF, 0xFF, 0x80, 0x03, 0xFF, 0xE0, 0x00, 0x00, 0x0B, 0xF8, 0x00, 0x00,
    0xFF, 0xF0, 0x00, 0x00, 0x0B, 0xD0, 0x00, 0x00, 0x3F, 0xF0, 0x00, 0x00, 0x0F, 0x80, 0x00, 0x00,
    0x0F, 0xFC, 0x00, 0x00, 0x3F, 0x00, 0x00, 0x00, 0x0B, 0xFE, 0x00, 0x00, 0x7C, 0x00, 0x00, 0x00,
    0x03, 0xFF, 0x00, 0x00, 0xF8, 0x00, 0x00, 0x00, 0x00, 0xFF, 0xC0, 0x02, 0xF0, 0x00, 0x00, 0x00,
    0x00, 0xBF, 0xE0, 0x03, 0xC0, 0x00, 0x00, 0x00, 0x00, 0x3F, 0xF0, 0x0F, 0x80, 0x00, 0x00, 0x00,
    0x00, 0x0F, 0xFC, 0x2F, 0x00, 0x00, 0x00, 0x00, 0x00, 0x0B, 0xFE, 0x3C, 0x00, 0x00, 0x00, 0x00,
    0x00, 0x03, 0xFF, 0xF8, 0x00, 0x00, 0x00, 0x00, 0x00, 0x00, 0xFF, 0xF0, 0x00, 0x00, 0x00, 0x00,
    0x00, 0x00, 0xBF, 0xC0, 0x00, 0x00, 0x00, 0x00, 0x00, 0x00, 0x3F, 0xC0, 0x00, 0x00, 0x00, 0x00,
    0x00, 0x00, 0x3F, 0xC0, 0x00, 0x00, 0x00, 0x00, 0x00, 0x00, 0x3F, 0xC0, 0x00, 0x00, 0x00, 0x00,
    0x00, 0x00, 0x3F, 0xC0, 0x00, 0x00, 0x00, 0x00, 0x00, 0x00, 0x3F, 0xC0, 0x00, 0x00, 0x00, 0x00,
    0x00, 0x00, 0x3F, 0xC0, 0x00, 0x00, 0x00, 0x00, 0x00, 0x00, 0x3F, 0xC0, 0x00, 0x00, 0x00, 0x00,
    0x00, 0x00, 0x3F, 0xC0, 0x00, 0x00, 0x00, 0x00, 0x00, 0x00, 0x3F, 0xC0, 0x00, 0x00, 0x00, 0x00,
    0x00, 0x00, 0xBF, 0xE0, 0x00, 0x00, 0x00, 0x00, 0x00, 0x02, 0xFF, 0xF8, 0x00, 0x00, 0x00, 0x00,
    0x00, 0x3F, 0xFF, 0xFF, 0xD0, 0x00, 0x00, 0x2A, 0xAA, 0xAA, 0x00, 0x00, 0xAA, 0xAA, 0x40, 0x2F,
    0xFF, 0xFA, 0x00, 0x00, 0xAF, 0xFF, 0x80, 0x02, 0xFF, 0xE0, 0x00, 0x00, 0x0B, 0xF4, 0x00, 0x00,
    0xFF, 0xF0, 0x00, 0x00, 0x0B, 0xC0, 0x00, 0x00, 0x3F, 0xF0, 0x00, 0x00, 0x0F, 0x80, 0x00, 0x00,
    0x0F, 0xFC, 0x00, 0x00, 0x2E, 0x00, 0x00, 0x00, 0x0B, 0xFC, 0x00, 0x00, 0x3C, 0x00, 0x00, 0x00,
    0x03, 0xFF, 0x00, 0x00, 0xB8, 0x00, 0x00, 0x00, 0x00, 0xFF, 0x00, 0x00, 0xF0, 0x00, 0x00, 0x00,
    0x00, 0xFF, 0xC0, 0x02, 0xE0, 0x00, 0x00, 0x00, 0x00, 0x3F, 0xC0, 0x03, 0xC0, 0x00, 0x00, 0x00,
    0x00, 0x3F, 0xF0, 0x0B, 0x80, 0x00, 0x00, 0x00, 0x00, 0x0F, 0xF0, 0x0F, 0x00, 0x00, 0x00, 0x00,
    0x00, 0x0F, 0xFC, 0x1E, 0x00, 0x00, 0x00, 0x00, 0x00, 0x07, 0xFC, 0x3C, 0x00, 0x00, 0x00, 0x00,
    0x00, 0x03, 0xFF, 0x78, 0x00, 0x00, 0x00, 0x00, 0x00, 0x01, 0xFF, 0xF0, 0x00, 0x00, 0x00, 0x00,
    0x00, 0x00, 0xFF, 0xE0, 0x00, 0x00, 0x00, 0x00, 0x00, 0x00, 0x7F, 0xC0, 0x00, 0x00, 0x00, 0x00,
    0x00, 0x00, 0x3F, 0xC0, 0x00, 0x00, 0x00, 0x00, 0x00, 0x00, 0x3F, 0xC0, 0x00, 0x00, 0x00, 0x00,
    0x00, 0x00, 0x3F, 0xC0, 0x00, 0x00, 0x00, 0x00, 0x00, 0x00, 0x3F, 0xC0, 0x00, 0x00, 0x00, 0x00,
    0x00, 0x00, 0x3F, 0xC0, 0x00, 0x00, 0x00, 0x00, 0x00, 0x00, 0x3F, 0xC0, 0x00, 0x00, 0x00, 0x00,
    0x00, 0x00, 0xBF, 0xE0, 0x00, 0x00, 0x00, 0x00, 0x00, 0x02, 0xFF, 0xF8, 0x00, 0x00, 0x00, 0x00,
    0x00, 0x3F, 0xFF, 0xFF, 0xC0, 0x00, 0x00, 0x00, 0x00, 0x00, 0x00, 0x00, 0x00, 0xBF, 0xFE, 0x80,
    0x0B, 0xFF, 0x80, 0x0F, 0xF8, 0x00, 0x00, 0xFC, 0x00, 0x0B, 0xFC, 0x00, 0x00, 0xF0, 0x00, 0x03,
    0xFC, 0x00, 0x02, 0xE0, 0x00, 0x00, 0xFE, 0x00, 0x03, 0xC0, 0x00, 0x00, 0xFF, 0x00, 0x07, 0x80,
    0x00, 0x00, 0x3F, 0x80, 0x0F, 0x00, 0x00, 0x00, 0x3F, 0xC0, 0x0E, 0x00, 0x00, 0x00, 0x0F, 0xE0,
    0x3C, 0x00, 0x00, 0x00, 0x0F, 0xF0, 0x38, 0x00, 0x00, 0x00, 0x03, 0xF8, 0xB0, 0x00, 0x00, 0x00,
    0x03, 0xFC, 0xE0, 0x00, 0x00, 0x00, 0x00, 0xFF, 0xC0, 0x00, 0x00, 0x00, 0x00, 0xFF, 0x80, 0x00,
    0x00, 0x00, 0x00, 0x3F, 0x00, 0x00, 0x00, 0x00, 0x00, 0x3F, 0x00, 0x00, 0x00, 0x02, 0xFF, 0xFF,
    0xFF, 0xE0, 0x00, 0x01, 0xAA, 0xBF, 0xAA, 0x80, 0x00, 0x00, 0x00, 0x3F, 0x00, 0x00, 0x00, 0x00,
    0x00, 0x3F, 0x00, 0x00, 0x00, 0x00, 0x00, 0x3F, 0x00, 0x00, 0x00, 0x00, 0x00, 0x3F, 0x00, 0x00,
    0x00, 0x00, 0x00, 0x3F, 0x00, 0x00, 0x00, 0x00, 0x00, 0x3F, 0x00, 0x00, 0x00, 0x00, 0x00, 0x3F,
    0x40, 0x00, 0x00, 0x00, 0x00, 0xFF, 0xC0, 0x00, 0x00, 0x00, 0x0F, 0xFF, 0xFC, 0x00, 0x00, 0x2A,
    0xAA, 0x00, 0x0A, 0xAA, 0x00, 0xBF, 0xFE, 0x40, 0x0B, 0xFF, 0x80, 0x0F, 0xF8, 0x00, 0x00, 0xFC,
    0x00, 0x07, 0xFC, 0x00, 0x00, 0xF0, 0x00, 0x03, 0xFC, 0x00, 0x02, 0xE0, 0x00, 0x00, 0xFE, 0x00,
    0x03, 0xC0, 0x00, 0x00, 0xFF, 0x00, 0x0B, 0x80, 0x00, 0x00, 0x3F, 0x80, 0x0F, 0x00, 0x00, 0x00,
    0x3F, 0xC0, 0x0E, 0x00, 0x00, 0x00, 0x0F, 0xE0, 0x3C, 0x00, 0x00, 0x00, 0x0B, 0xF0, 0x38, 0x00,
    0x00, 0x00, 0x03, 0xF8, 0xF0, 0x00, 0x00, 0x00, 0x02, 0xFC, 0xE0, 0x00, 0x00, 0x00, 0x00, 0xFF,
    0xC0, 0x00, 0x00, 0x00, 0x00, 0xBF, 0x80, 0x00, 0x00, 0x00, 0x00, 0x3F, 0x00, 0x00, 0x00, 0x00,
    0x00, 0x3F, 0x00, 0x00, 0x00, 0x03, 0xFF, 0xFF, 0xFF, 0xE0, 0x00, 0x00, 0xAA, 0xBF, 0xAA, 0x80,
    0x00, 0x00, 0x00, 0x3F, 0x00, 0x00, 0x00, 0x00, 0x00, 0x3F, 0x00, 0x00, 0x00, 0x00, 0x00, 0x3F,
    0x00, 0x00, 0x00, 0x00, 0x00, 0x3F, 0x00, 0x00, 0x00, 0x00, 0x00, 0x3F, 0x00, 0x00, 0x00, 0x00,
    0x00, 0x3F, 0x00, 0x00, 0x00, 0x00, 0x00, 0x3F, 0x40, 0x00, 0x00, 0x00, 0x01, 0xFF, 0xC0, 0x00,
    0x00, 0x00, 0x0F, 0xFF, 0xFC, 0x00, 0x00, 0x15, 0x55, 0x55, 0x40, 0x01, 0x55, 0x55, 0x00, 0x2F,
    0xFF, 0xFE, 0x80, 0x02, 0xFF, 0xFF, 0x80, 0x01, 0xFF, 0xF8, 0x00, 0x00, 0x2F, 0xE0, 0x00, 0x00,
    0x3F, 0xF8, 0x00, 0x00, 0x2F, 0x80, 0x00, 0x00, 0x0F, 0xFC, 0x00, 0x00, 0x3E, 0x00, 0x00, 0x00,
    0x0B, 0xFE, 0x00, 0x00, 0xF8, 0x00, 0x00, 0x00, 0x03, 0xFF, 0x00, 0x03, 0xE0, 0x00, 0x00, 0x00,
    0x00, 0xFF, 0xC0, 0x0B, 0xC0, 0x00, 0x00, 0x00, 0x00, 0x7F, 0xE0, 0x2F, 0x00, 0x00, 0x00, 0x00,
    0x00, 0x2F, 0xF0, 0x3C, 0x00, 0x00, 0x00, 0x00, 0x00, 0x0F, 0xFC, 0xF8, 0x00, 0x00, 0x00, 0x00,
    0x00, 0x03, 0xFF, 0xE0, 0x00, 0x00, 0x00, 0x00, 0x00, 0x02, 0xFF, 0xC0, 0x00, 0x00, 0x00, 0x00,
    0x00, 0x00, 0xFF, 0xC0, 0x00, 0x00, 0x00, 0x00, 0x00, 0x00, 0xBF, 0xF0, 0x00, 0x00, 0x00, 0x00,
    0x00, 0x00, 0xFF, 0xF8, 0x00, 0x00, 0x00, 0x00, 0x00, 0x03, 0xFF, 0xFC, 0x00, 0x00, 0x00, 0x00,
    0x00, 0x0B, 0xC3, 0xFF, 0x00, 0x00, 0x00, 0x00, 0x00, 0x2F, 0x02, 0xFF, 0x80, 0x00, 0x00, 0x00,
    0x00, 0x7C, 0x00, 0xFF, 0xD0, 0x00, 0x00, 0x00, 0x00, 0xF8, 0x00, 0x3F, 0xF0, 0x00, 0x00, 0x00,
    0x03, 0xE0, 0x00, 0x2F, 0xFC, 0x00, 0x00, 0x00, 0x0F, 0xC0, 0x00, 0x0F, 0xFE, 0x00, 0x00, 0x00,
    0x2F, 0x00, 0x00, 0x03, 0xFF, 0x00, 0x00, 0x00, 0xBE, 0x00, 0x00, 0x02, 0xFF, 0xC0, 0x00, 0x02,
    0xFC, 0x00, 0x00, 0x00, 0xFF, 0xF0, 0x00, 0x0B, 0xFF, 0x00, 0x00, 0x02, 0xFF, 0xFE, 0x40, 0xBF,
    0xFF, 0xF0, 0x00, 0x3F, 0xFF, 0xFF, 0xC0, 0x00, 0x00, 0x00, 0x00, 0x00, 0x00, 0x7F, 0xC0, 0x00,
    0x00, 0x00, 0x00, 0x00, 0x00, 0x0F, 0xC0, 0x00, 0x00, 0x00, 0x00, 0x00, 0x00, 0x0B, 0xC0, 0x00,
    0x00, 0x00, 0x00, 0x00, 0x00, 0x03, 0xC0, 0x00, 0x00, 0x00, 0x00, 0x00, 0x00, 0x02, 0xC0, 0x00,
    0x00, 0x00, 0x00, 0x00, 0x00, 0x01, 0xC0, 0x00, 0x00, 0x00, 0x00, 0x00, 0x00, 0x00, 0xC0, 0x00,
    0x00, 0x00, 0x00, 0x00, 0x00, 0x00, 0x40, 0x2A, 0xAA, 0x82, 0xAA, 0xA0, 0x0B, 0xFF, 0x40, 0xBF,
    0x80, 0x00, 0xFF, 0x00, 0x3C, 0x00, 0x00, 0xBF, 0x80, 0xF0, 0x00, 0x00, 0x3F, 0xC2, 0xE0, 0x00,
    0x00, 0x0F, 0xE3, 0xC0, 0x00, 0x00, 0x0B, 0xFF, 0x00, 0x00, 0x00, 0x03, 0xFE, 0x00, 0x00, 0x00,
    0x01, 0xFE, 0x00, 0x00, 0x00, 0x00, 0xFF, 0x00, 0x00, 0x00, 0x02, 0xFF, 0xC0, 0x00, 0x00, 0x03,
    0x9F, 0xE0, 0x00, 0x00, 0x0F, 0x0B, 0xF0, 0x00, 0x00, 0x2E, 0x03, 0xFC, 0x00, 0x00, 0x3C, 0x01,
    0xFE, 0x00, 0x00, 0xF0, 0x00, 0xBF, 0x00, 0x02, 0xE0, 0x00, 0x3F, 0xC0, 0x0B, 0xC0, 0x00, 0x3F,
    0xF0, 0x3F, 0xF8, 0x02, 0xFF, 0xFE, 0x00, 0x00, 0x00, 0x00, 0xBE, 0x00, 0x00, 0x00, 0x00, 0x3E,
    0x00, 0x00, 0x00, 0x00, 0x2E, 0x00, 0x00, 0x00, 0x00, 0x0E, 0x00, 0x00, 0x00, 0x00, 0x0E, 0x00,
    0x00, 0x00, 0x00, 0x0A, 0x00, 0x00, 0x00, 0x00, 0x00, 0x00, 0x00, 0x00, 0x00, 0x00, 0x00, 0x00,
    0x00, 0x00, 0xBF, 0xFF, 0xFF, 0xFF, 0xFF, 0xFF, 0x80, 0x0F, 0xF0, 0xBF, 0xFF, 0xFF, 0xFF, 0xFF,
    0xFF, 0x40, 0x0F, 0xF0, 0xFF, 0xFF, 0xFF, 0xFF, 0xFF, 0xFF, 0x00, 0x0F, 0xE0, 0x00, 0x00, 0x0F,
    0xF0, 0x00, 0x00, 0x00, 0x2F, 0xE0, 0x00, 0x00, 0x0F, 0xF0, 0x00, 0x00, 0x00, 0x3F, 0xC0, 0x00,
    0x00, 0x2F, 0xE0, 0x00, 0x00, 0x00, 0x3F, 0xC0, 0x00, 0x00, 0x2F, 0xE0, 0x00, 0x00, 0x00, 0x3F,
    0xC0, 0x00, 0x00, 0x3F, 0xC0, 0x00, 0x00, 0x00, 0x7F, 0x80, 0x00, 0x00, 0x3F, 0xC0, 0x00, 0x00,
    0x00, 0xBF, 0x80, 0x00, 0x00, 0x3F, 0xC0, 0x00, 0x00, 0x00, 0xFF, 0x00, 0x00, 0x00, 0xBF, 0x80,
    0x00, 0x00, 0x00, 0xFF, 0x00, 0x00, 0x00, 0xFF, 0x40, 0x00, 0x00, 0x00, 0xFF, 0x00, 0x00, 0x00,
    0xFF, 0x00, 0x00, 0x00, 0x02, 0xFE, 0x00, 0x00, 0x00, 0xFF, 0x00, 0x00, 0x00, 0x02, 0xFD, 0x00,
    0x00, 0x01, 0xFE, 0x00, 0x00, 0x00, 0x03, 0xFC, 0x00, 0x00, 0x02, 0xFE, 0x00, 0x00, 0x00, 0x03,
    0xFC, 0x00, 0x00, 0x03, 0xFC, 0x00, 0x00, 0x00, 0x03, 0xFC, 0x00, 0x00, 0x03, 0xFC, 0x00, 0x00,
    0x00, 0x0B, 0xF8, 0x00, 0x00, 0x03, 0xFC, 0x00, 0x00, 0x00, 0x0B, 0xF0, 0x00, 0x00, 0x0B, 0xF8,
    0x00, 0x00, 0x00, 0x0F, 0xF0, 0x00, 0x00, 0x0B, 0xF8, 0x00, 0x00, 0x00, 0x0F, 0xF0, 0x00, 0x00,
    0x0F, 0xF0, 0x00, 0x00, 0x00, 0x1F, 0xE0, 0x00, 0x00, 0x0F, 0xF0, 0x00, 0x00, 0x00, 0x2F, 0xE0,
    0x00, 0x00, 0x0F, 0xF0, 0x00, 0x00, 0x00, 0x3F, 0xC0, 0x00, 0x00, 0x2F, 0xE0, 0x00, 0x00, 0x00,
    0x3F, 0xC0, 0x00, 0x00, 0x2F, 0xD0, 0x00, 0x00, 0x00, 0x3F, 0xC0, 0x00, 0x00, 0x3F, 0xEA, 0xAA,
    0xAA, 0xAA, 0xBF, 0xE8, 0x00, 0x00, 0x3F, 0xFF, 0xFF, 0xFF, 0xFF, 0xFF, 0xFC, 0x00, 0x00, 0x7F,
    0xFF, 0xFF, 0xFF, 0xFF, 0xFF, 0xF8, 0x00, 0x00, 0xBF, 0xFF, 0xFF, 0xFF, 0xFF, 0xFF, 0xF8, 0x00,
    0x00, 0x00, 0x00, 0x00, 0x00, 0x00, 0x0F, 0xF0, 0x00, 0x00, 0x00, 0x00, 0x00, 0x00, 0x00, 0x0F,
    0xF0, 0x00, 0x00, 0x00, 0x00, 0x00, 0x00, 0x00, 0x0F, 0xF0, 0x00, 0x00, 0x00, 0x00, 0x00, 0x00,
    0x00, 0x2F, 0xE0, 0x00, 0x00, 0x00, 0x00, 0x00, 0x00, 0x00, 0x3F, 0xD0, 0x00, 0x00, 0x00, 0x00,
    0x00, 0x00, 0x00, 0x3F, 0xC0, 0x00, 0x00, 0x00, 0x00, 0x00, 0x00, 0x00, 0x3F, 0xC0, 0x00, 0x1A,
    0xAA, 0xAA, 0xAA, 0xA8, 0x02, 0xA8, 0x2F, 0xFF, 0xFF, 0xFF, 0xF8, 0x03, 0xF8, 0x3F, 0xFF, 0xFF,
    0xFF, 0xF4, 0x03, 0xF8, 0x00, 0x00, 0xBF, 0x80, 0x00, 0x0B, 0xF0, 0x00, 0x00, 0xBF, 0x00, 0x00,
    0x0B, 0xF0, 0x00, 0x00, 0xBF, 0x00, 0x00, 0x0F, 0xF0, 0x00, 0x00, 0xFF, 0x00, 0x00, 0x0F, 0xE0,
    0x00, 0x00, 0xFE, 0x00, 0x00, 0x0F, 0xE0, 0x00, 0x01, 0xFC, 0x00, 0x00, 0x2F, 0xC0, 0x00, 0x02,
    0xFC, 0x00, 0x00, 0x2F, 0xC0, 0x00, 0x03, 0xFC, 0x00, 0x00, 0x3F, 0xC0, 0x00, 0x03, 0xF8, 0x00,
    0x00, 0x3F, 0x80, 0x00, 0x03, 0xF8, 0x00, 0x00, 0x3F, 0x40, 0x00, 0x0B, 0xF0, 0x00, 0x00, 0xBF,
    0x00, 0x00, 0x0B, 0xF0, 0x00, 0x00, 0xFF, 0x00, 0x00, 0x0F, 0xF0, 0x00, 0x00, 0xFE, 0x00, 0x00,
    0x0F, 0xE0, 0x00, 0x00, 0xFE, 0x00, 0x00, 0x0F, 0xD0, 0x00, 0x01, 0xFC, 0x00, 0x00, 0x2F, 0xC0,
    0x00, 0x02, 0xFC, 0x00, 0x00, 0x2F, 0xFF, 0xFF, 0xFF, 0xFF, 0x80, 0x00, 0x3F, 0xFF, 0xFF, 0xFF,
    0xFF, 0x80, 0x00, 0x3F, 0xFF, 0xFF, 0xFF, 0xFF, 0x00, 0x00, 0x00, 0x00, 0x00, 0x00, 0xBF, 0x00,
    0x00, 0x00, 0x00, 0x00, 0x00, 0xFF, 0x00, 0x00, 0x00, 0x00, 0x00, 0x00, 0xFE, 0x00, 0x00, 0x00,
    0x00, 0x00, 0x00, 0xFE, 0x00, 0x00, 0x00, 0x00, 0x00, 0x02, 0xFC, 0x00, 0x00, 0x00, 0x00, 0x00,
    0x00, 0xA8, 0x00, 0x15, 0x55, 0x55, 0x00, 0x55, 0x55, 0x54, 0x2F, 0xFF, 0xFE, 0x00, 0xBF, 0xFF,
    0xF8, 0x02, 0xFF, 0xC0, 0x00, 0x03, 0xFF, 0x80, 0x00, 0xFF, 0x80, 0x00, 0x02, 0xFF, 0x00, 0x00,
    0xFF, 0x80, 0x00, 0x01, 0xFF, 0x00, 0x00, 0xFF, 0x80, 0x00, 0x01, 0xFF, 0x00, 0x00, 0xFF, 0x80,
    0x00, 0x01, 0xFF, 0x00, 0x00, 0xFF, 0x80, 0x00, 0x01, 0xFF, 0x00, 0x00, 0xFF, 0x80, 0x00, 0x01,
    0xFF, 0x00, 0x00, 0xFF, 0x80, 0x00, 0x01, 0xFF, 0x00, 0x00, 0xFF, 0x80, 0x00, 0x01, 0xFF, 0x00,
    0x00, 0xFF, 0x80, 0x00, 0x01, 0xFF, 0x00, 0x00, 0xBF, 0xC0, 0x00, 0x01, 0xFF, 0x00, 0x00, 0x3F,
    0xE0, 0x00, 0x02, 0xFF, 0x00, 0x00, 0x2F, 0xFD, 0x00, 0xAF, 0xFF, 0x00, 0x00, 0x0B, 0xFF, 0xFF,
    0xE6, 0xFF, 0x00, 0x00, 0x00, 0x2A, 0xA4, 0x01, 0xFF, 0x00, 0x00, 0x00, 0x00, 0x00, 0x01, 0xFF,
    0x00, 0x00, 0x00, 0x00, 0x00, 0x01, 0xFF, 0x00, 0x00, 0x00, 0x00, 0x00, 0x01, 0xFF, 0x00, 0x00,
    0x00, 0x00, 0x00, 0x01, 0xFF, 0x00, 0x00, 0x00, 0x00, 0x00, 0x01, 0xFF, 0x00, 0x00, 0x00, 0x00,
    0x00, 0x01, 0xFF, 0x00, 0x00, 0x00, 0x00, 0x00, 0x01, 0xFF, 0x00, 0x00, 0x00, 0x00, 0x00, 0x02,
    0xFF, 0x00, 0x00, 0x00, 0x00, 0x00, 0x02, 0xFF, 0x00, 0x00, 0x00, 0x00, 0x00, 0x0B, 0xFF, 0xE8,
    0x00, 0x00, 0x00, 0x00, 0xFF, 0xFF, 0xFE, 0x00, 0x00, 0x00, 0x00, 0x00, 0x02, 0xFE, 0x00, 0x00,
    0x00, 0x00, 0x00, 0x00, 0xBE, 0x00, 0x00, 0x00, 0x00, 0x00, 0x00, 0x3E, 0x00, 0x00, 0x00, 0x00,
    0x00, 0x00, 0x2E, 0x00, 0x00, 0x00, 0x00, 0x00, 0x00, 0x0E, 0x00, 0x00, 0x00, 0x00, 0x00, 0x00,
    0x0E, 0x00, 0x00, 0x00, 0x00, 0x00, 0x00, 0x0A, 0x00, 0x00, 0x00, 0x00, 0x00, 0x00, 0x00, 0x6A,
    0xAA, 0x81, 0xAA, 0xAA, 0x00, 0x0B, 0xFE, 0x00, 0x3F, 0xF4, 0x00, 0x03, 0xFC, 0x00, 0x0F, 0xE0,
    0x00, 0x03, 0xF8, 0x00, 0x0F, 0xE0, 0x00, 0x03, 0xF8, 0x00, 0x0F, 0xE0, 0x00, 0x03, 0xF8, 0x00,
    0x0F, 0xE0, 0x00, 0x03, 0xF8, 0x00, 0x0F, 0xE0, 0x00, 0x03, 0xF8, 0x00, 0x0F, 0xE0, 0x00, 0x03,
    0xFC, 0x00, 0x0F, 0xE0, 0x00, 0x00, 0xFE, 0x00, 0x2F, 0xE0, 0x00, 0x00, 0x3F, 0xFF, 0xFF, 0xE0,
    0x00, 0x00, 0x00, 0x90, 0x0F, 0xE0, 0x00, 0x00, 0x00, 0x00, 0x0F, 0xE0, 0x00, 0x00, 0x00, 0x00,
    0x0F, 0xE0, 0x00, 0x00, 0x00, 0x00, 0x0F, 0xE0, 0x00, 0x00, 0x00, 0x00, 0x0F, 0xE0, 0x00, 0x00,
    0x00, 0x00, 0x0F, 0xE0, 0x00, 0x00, 0x00, 0x00, 0x2F, 0xF0, 0x00, 0x00, 0x00, 0x03, 0xFF, 0xFF,
    0x00, 0x00, 0x00, 0x00, 0x00, 0x3F, 0x00, 0x00, 0x00, 0x00, 0x00, 0x2F, 0x00, 0x00, 0x00, 0x00,
    0x00, 0x0F, 0x00, 0x00, 0x00, 0x00, 0x00, 0x0F, 0x00, 0x00, 0x00, 0x00, 0x00, 0x0B, 0x00, 0x00,
    0x00, 0x00, 0x00, 0x03, 0x00, 0x00, 0x00, 0x00, 0x00, 0x00, 0x00, 0x15, 0x55, 0x55, 0x00, 0x55,
    0x55, 0x54, 0x2F, 0xFF, 0xFE, 0x00, 0xBF, 0xFF, 0xF8, 0x02, 0xFF, 0xC0, 0x00, 0x03, 0xFF, 0x80,
    0x00, 0xFF, 0x80, 0x00, 0x02, 0xFF, 0x00, 0x00, 0xFF, 0x80, 0x00, 0x01, 0xFF, 0x00, 0x00, 0xFF,
    0x80, 0x00, 0x01, 0xFF, 0x00, 0x00, 0xFF, 0x80, 0x00, 0x01, 0xFF, 0x00, 0x00, 0xFF, 0x80, 0x28,
    0x01, 0xFF, 0x00, 0x00, 0xFF, 0x80, 0xFC, 0x01, 0xFF, 0x00, 0x00, 0xFF, 0x80, 0xFC, 0x01, 0xFF,
    0x00, 0x00, 0xFF, 0x80, 0xFC, 0x01, 0xFF, 0x00, 0x00, 0xFF, 0x80, 0xFC, 0x01, 0xFF, 0x00, 0x00,
    0xBF, 0xC0, 0xFC, 0x01, 0xFF, 0x00, 0x00, 0x3F, 0xE0, 0xFC, 0x02, 0xFF, 0x00, 0x00, 0x2F, 0xFD,
    0xFE, 0xAF, 0xFF, 0x00, 0x00, 0x0B, 0xFF, 0xFF, 0xE6, 0xFF, 0x00, 0x00, 0x00, 0x2A, 0xFC, 0x01,
    0xFF, 0x00, 0x00, 0x00, 0x00, 0xFC, 0x01, 0xFF, 0x00, 0x00, 0x00, 0x00, 0xFC, 0x01, 0xFF, 0x00,
    0x00, 0x00, 0x00, 0xFC, 0x01, 0xFF, 0x00, 0x00, 0x00, 0x00, 0xFC, 0x01, 0xFF, 0x00, 0x00, 0x00,
    0x00, 0xBC, 0x01, 0xFF, 0x00, 0x00, 0x00, 0x00, 0x00, 0x01, 0xFF, 0x00, 0x00, 0x00, 0x00, 0x00,
    0x01, 0xFF, 0x00, 0x00, 0x00, 0x00, 0x00, 0x02, 0xFF, 0x00, 0x00, 0x00, 0x00, 0x00, 0x02, 0xFF,
    0x00, 0x00, 0x00, 0x00, 0x00, 0x0B, 0xFF, 0xE0, 0x00, 0x00, 0x00, 0x00, 0xFF, 0xFF, 0xFE, 0x6A,
    0xAA, 0x81, 0xAA, 0xAA, 0x00, 0x0B, 0xFE, 0x00, 0x3F, 0xF4, 0x00, 0x03, 0xFC, 0x00, 0x0F, 0xE0,
    0x00, 0x03, 0xF8, 0x00, 0x0F, 0xE0, 0x00, 0x03, 0xF8, 0x54, 0x0F, 0xE0, 0x00, 0x03, 0xF8, 0xFC,
    0x0F, 0xE0, 0x00, 0x03, 0xF8, 0xFC, 0x0F, 0xE0, 0x00, 0x03, 0xF8, 0xFC, 0x0F, 0xE0, 0x00, 0x03,
    0xFC, 0xFC, 0x0F, 0xE0, 0x00, 0x00, 0xFF, 0xFC, 0x2F, 0xE0, 0x00, 0x00, 0x3F, 0xFF, 0xEF, 0xE0,
    0x00, 0x00, 0x01, 0xFC, 0x0F, 0xE0, 0x00, 0x00, 0x00, 0xFC, 0x0F, 0xE0, 0x00, 0x00, 0x00, 0xFC,
    0x0F, 0xE0, 0x00, 0x00, 0x00, 0xFC, 0x0F, 0xE0, 0x00, 0x00, 0x00, 0xFC, 0x0F, 0xE0, 0x00, 0x00,
    0x00, 0x00, 0x0F, 0xE0, 0x00, 0x00, 0x00, 0x00, 0x2F, 0xF0, 0x00, 0x00, 0x00, 0x03, 0xFF, 0xFF,
    0x00, 0x15, 0x55, 0x55, 0x00, 0x00, 0x00, 0x00, 0x2F, 0xFF, 0xFE, 0x00, 0x00, 0x00, 0x00, 0x02,
    0xFF, 0xC0, 0x00, 0x00, 0x00, 0x00, 0x00, 0xFF, 0x80, 0x00, 0x00, 0x00, 0x00, 0x00, 0xFF, 0x80,
    0x00, 0x00, 0x00, 0x00, 0x00, 0xFF, 0x80, 0x00, 0x00, 0x00, 0x00, 0x00, 0xFF, 0x80, 0x00, 0x00,
    0x00, 0x00, 0x00, 0xFF, 0x80, 0x00, 0x00, 0x00, 0x00, 0x00, 0xFF, 0x80, 0x00, 0x00, 0x00, 0x00,
    0x00, 0xFF, 0x80, 0x00, 0x00, 0x00, 0x00, 0x00, 0xFF, 0x80, 0x00, 0x00, 0x00, 0x00, 0x00, 0xFF,
    0x80, 0x00, 0x00, 0x00, 0x00, 0x00, 0xFF, 0x81, 0xBF, 0xFF, 0x80, 0x00, 0x00, 0xFF, 0xFF, 0xFB,
    0xFF, 0xF0, 0x00, 0x00, 0xFF, 0xE0, 0x00, 0x0F, 0xFC, 0x00, 0x00, 0xFF, 0x80, 0x00, 0x03, 0xFE,
    0x00, 0x00, 0xFF, 0x80, 0x00, 0x02, 0xFF, 0x00, 0x00, 0xFF, 0x80, 0x00, 0x02, 0xFF, 0x00, 0x00,
    0xFF, 0x80, 0x00, 0x01, 0xFF, 0x00, 0x00, 0xFF, 0x80, 0x00, 0x01, 0xFF, 0x00, 0x00, 0xFF, 0x80,
    0x00, 0x01, 0xFF, 0x00, 0x00, 0xFF, 0x80, 0x00, 0x01, 0xFF, 0x00, 0x00, 0xFF, 0x80, 0x00, 0x01,
    0xFF, 0x00, 0x00, 0xFF, 0x80, 0x00, 0x01, 0xFF, 0x00, 0x00, 0xFF, 0x80, 0x00, 0x02, 0xFF, 0x00,
    0x00, 0xFF, 0xC0, 0x00, 0x02, 0xFF, 0x00, 0x07, 0xFF, 0xE0, 0x00, 0x0B, 0xFF, 0xE0, 0xBF, 0xFF,
    0xFF, 0x00, 0xFF, 0xFF, 0xFE, 0x6A, 0xAA, 0x80, 0x00, 0x00, 0x00, 0x0B, 0xFE, 0x00, 0x00, 0x00,
    0x00, 0x03, 0xFC, 0x00, 0x00, 0x00, 0x00, 0x03, 0xF8, 0x00, 0x00, 0x00, 0x00, 0x03, 0xF8, 0x00,
    0x00, 0x00, 0x00, 0x03, 0xF8, 0x00, 0x00, 0x00, 0x00, 0x03, 0xF8, 0x00, 0x00, 0x00, 0x00, 0x03,
    0xF8, 0x00, 0x00, 0x00, 0x00, 0x03, 0xFE, 0xFF, 0xF8, 0x00, 0x00, 0x03, 0xFE, 0x00, 0xBF, 0x80,
    0x00, 0x03, 0xF8, 0x00, 0x2F, 0xC0, 0x00, 0x03, 0xF8, 0x00, 0x0F, 0xD0, 0x00, 0x03, 0xF8, 0x00,
    0x0F, 0xE0, 0x00, 0x03, 0xF8, 0x00, 0x0F, 0xE0, 0x00, 0x03, 0xF8, 0x00, 0x0F, 0xE0, 0x00, 0x03,
    0xF8, 0x00, 0x0F, 0xE0, 0x00, 0x03, 0xF8, 0x00, 0x0F, 0xE0, 0x00, 0x0B, 0xFC, 0x00, 0x2F, 0xF0,
    0x00, 0xBF, 0xFF, 0xC2, 0xFF, 0xFF, 0x00, 0x00, 0x00, 0x00, 0x00, 0x00, 0x00, 0x00, 0x00, 0x00,
    0x00, 0x00, 0x00, 0x00, 0x00, 0x2B, 0xFE, 0x80, 0x00, 0x00, 0x00, 0x00, 0x00, 0x07, 0xFF, 0xFF,
    0xFC, 0x00, 0x00, 0x00, 0x00, 0x00, 0x3F, 0xFF, 0xFF, 0xFF, 0x80, 0x00, 0x00, 0x00, 0x02, 0xFF,
    0xF8, 0x1B, 0xFF, 0xE0, 0x00, 0x00, 0x00, 0x0B, 0xFF, 0x80, 0x00, 0xBF, 0xF0, 0x00, 0x00, 0x00,
    0x2F, 0xFC, 0x00, 0x00, 0x2F, 0xFC, 0x00, 0x00, 0x00, 0xBF, 0xF0, 0x00, 0x00, 0x0B, 0xFC, 0x00,
    0x00, 0x00, 0xFF, 0xC0, 0x00, 0x00, 0x03, 0xFD, 0x00, 0x00, 0x03, 0xFF, 0x00, 0x00, 0x00, 0x03,
    0xFE, 0x00, 0x00, 0x0B, 0xFC, 0x00, 0x00, 0x00, 0x02, 0xFE, 0x3F, 0x80, 0x0F, 0xF8, 0x00, 0x00,
    0x00, 0x02, 0xFE, 0x3F, 0x80, 0x2F, 0xF0, 0x00, 0x00, 0x00, 0x02, 0xFE, 0x3F, 0x80, 0x3F, 0xE0,
    0x00, 0x00, 0x00, 0x02, 0xFD, 0x3F, 0xC0, 0x3F, 0xC0, 0x00, 0x00, 0x00, 0x02, 0xFC, 0x3F, 0xFF,
    0xFF, 0xFF, 0xFF, 0xFF, 0xFF, 0xFF, 0xFC, 0x2F, 0xFF, 0xFF, 0xFF, 0xFF, 0xFF, 0xFF, 0xFF, 0xFC,
    0x02, 0xFF, 0xFF, 0xFF, 0xFF, 0xFF, 0xFF, 0xFF, 0xF8, 0x00, 0x00, 0xFF, 0x00, 0x00, 0x00, 0x00,
    0x00, 0x00, 0x00, 0x00, 0xFF, 0x00, 0x00, 0x00, 0x00, 0x00, 0x00, 0x00, 0x00, 0xFF, 0x00, 0x00,
    0x00, 0x00, 0x00, 0x00, 0x00, 0x00, 0xFF, 0x00, 0x00, 0x00, 0x00, 0x0A, 0x80, 0x00, 0x00, 0xFF,
    0x00, 0x00, 0x00, 0x00, 0x3F, 0xC0, 0x00, 0x00, 0xFF, 0x80, 0x00, 0x00, 0x00, 0xBF, 0x80, 0x00,
    0x00, 0xFF, 0xC0, 0x00, 0x00, 0x02, 0xFF, 0x00, 0x00, 0x00, 0xBF, 0xE0, 0x00, 0x00, 0x0B, 0xFC,
    0x00, 0x00, 0x00, 0x3F, 0xF0, 0x00, 0x00, 0x3F, 0xF4, 0x00, 0x00, 0x00, 0x2F, 0xFD, 0x00, 0x02,
    0xFF, 0xD0, 0x00, 0x00, 0x00, 0x0F, 0xFF, 0xEA, 0xBF, 0xFF, 0x00, 0x00, 0x00, 0x00, 0x02, 0xFF,
    0xFF, 0xFF, 0xF8, 0x00, 0x00, 0x00, 0x00, 0x00, 0x7F, 0xFF, 0xFF, 0x80, 0x00, 0x00, 0x00, 0x00,
    0x00, 0x02, 0xAA, 0xA0, 0x00, 0x00, 0x00, 0x00, 0x00, 0x00, 0x00, 0x00, 0x00, 0x00, 0x00, 0x00,
    0x00, 0x02, 0xFF, 0xF8, 0x00, 0x00, 0x00, 0x00, 0x2F, 0xFF, 0xFF, 0x00, 0x00, 0x00, 0x00, 0xFF,
    0xFF, 0xFF, 0xD0, 0x00, 0x00, 0x03, 0xFF, 0x80, 0xBF, 0xF0, 0x00, 0x00, 0x0F, 0xF8, 0x00, 0x0F,
    0xF4, 0x2F, 0x40, 0x3F, 0xE0, 0x00, 0x0B, 0xF8, 0x3F, 0x40, 0xBF, 0x80, 0x00, 0x03, 0xF8, 0x3F,
    0x00, 0xFF, 0x00, 0x00, 0x03, 0xFC, 0x3F, 0x02, 0xFE, 0x00, 0x00, 0x03, 0xFC, 0x3F, 0xEB, 0xFF,
    0xAA, 0xAA, 0xAB, 0xF8, 0x3F, 0xFF, 0xFF, 0xFF, 0xFF, 0xFF, 0xF8, 0x0F, 0xFF, 0xFF, 0xFF, 0xFF,
    0xFF, 0xF0, 0x00, 0x1F, 0xF9, 0x55, 0x55, 0x55, 0x50, 0x00, 0x0B, 0xF0, 0x00, 0x00, 0x00, 0x00,
    0x00, 0x0F, 0xF0, 0x00, 0x00, 0x00, 0x00, 0x00, 0x0F, 0xF0, 0x00, 0x00, 0x3F, 0xC0, 0x00, 0x0B,
    0xF8, 0x00, 0x00, 0xBF, 0x80, 0x00, 0x0B, 0xFC, 0x00, 0x01, 0xFF, 0x00, 0x00, 0x03, 0xFE, 0x00,
    0x0B, 0xFC, 0x00, 0x00, 0x02, 0xFF, 0xEA, 0xFF, 0xF0, 0x00, 0x00, 0x00, 0xFF, 0xFF, 0xFF, 0xC0,
    0x00, 0x00, 0x00, 0x2F, 0xFF, 0xFE, 0x00, 0x00, 0x00, 0x00, 0x01, 0xAA, 0x80, 0x00, 0x00, 0x00,
    0x00, 0x00, 0x00, 0x00, 0x00, 0x00, 0x00, 0x00, 0x00, 0x00, 0x00, 0x00, 0x00, 0x2B, 0xFE, 0x80,
    0x00, 0x00, 0x00, 0x00, 0x00, 0x07, 0xFF, 0xFF, 0xFC, 0x00, 0x00, 0x00, 0x00, 0x00, 0x3F, 0xFF,
    0xFF, 0xFF, 0x80, 0x00, 0x00, 0x00, 0x02, 0xFF, 0xF8, 0x1B, 0xFF, 0xE0, 0x00, 0x00, 0x00, 0x0B,
    0xFF, 0x80, 0x00, 0xBF, 0xF0, 0x00, 0x00, 0x00, 0x2F, 0xFC, 0x00, 0x00, 0x2F, 0xFC, 0x00, 0x00,
    0x00, 0xBF, 0xF0, 0x00, 0x00, 0x0B, 0xFC, 0x00, 0x00, 0x00, 0xFF, 0xC0, 0x00, 0x00, 0x03, 0xFD,
    0x00, 0x00, 0x03, 0xFF, 0x00, 0x00, 0x00, 0x03, 0xFE, 0x00, 0x00, 0x0B, 0xFC, 0x00, 0x00, 0x00,
    0x02, 0xFE, 0x3F, 0x80, 0x0F, 0xF8, 0x00, 0x00, 0x00, 0x02, 0xFE, 0x3F, 0x80, 0x2F, 0xF0, 0x00,
    0x00, 0x00, 0x02, 0xFE, 0x3F, 0x80, 0x3F, 0xE0, 0x00, 0x00, 0x00, 0x02, 0xFD, 0x3F, 0xC0, 0x3F,
    0xC0, 0x00, 0x00, 0x00, 0x02, 0xFC, 0x3F, 0xFF, 0xFF, 0xFF, 0xFF, 0xFF, 0xFF, 0xFF, 0xFC, 0x2F,
    0xFF, 0xFF, 0xFF, 0xFF, 0xFF, 0xFF, 0xFF, 0xFC, 0x02, 0xFF, 0xFF, 0xFF, 0xFF, 0xFF, 0xFF, 0xFF,
    0xF8, 0x00, 0x00, 0xFF, 0x00, 0x00, 0x00, 0x00, 0x00, 0x00, 0x00, 0x00, 0xFF, 0x00, 0x00, 0x00,
    0x00, 0x00, 0x00, 0x00, 0x00, 0xFF, 0x00, 0x00, 0x00, 0x00, 0x00, 0x00, 0x00, 0x00, 0xFF, 0x00,
    0x00, 0x00, 0x00, 0x0A, 0x80, 0x00, 0x00, 0xFF, 0x00, 0x00, 0x00, 0x00, 0x3F, 0xC0, 0x00, 0x00,
    0xFF, 0x80, 0x00, 0x00, 0x00, 0xBF, 0x80, 0x00, 0x00, 0xFF, 0xC0, 0x00, 0x00, 0x02, 0xFF, 0x00,
    0x00, 0x00, 0xBF, 0xE0, 0x00, 0x00, 0x0B, 0xFC, 0x00, 0x00, 0x00, 0x3F, 0xF0, 0x00, 0x00, 0x3F,
    0xF4, 0x00, 0x00, 0x00, 0x2F, 0xFD, 0x00, 0x02, 0xFF, 0xD0, 0x00, 0x00, 0x00, 0x0F, 0xFF, 0xEA,
    0xBF, 0xFF, 0x00, 0x00, 0x00, 0x00, 0x02, 0xFF, 0xFF, 0xFF, 0xF8, 0x00, 0x00, 0x00, 0x00, 0x00,
    0x7F, 0xFF, 0xFF, 0x80, 0x00, 0x00, 0x00, 0x00, 0x00, 0x02, 0xFF, 0xA0, 0x00, 0x00, 0x00, 0x00,
    0x00, 0x00, 0x03, 0xF8, 0x00, 0x00, 0x00, 0x00, 0x00, 0x00, 0x00, 0x0F, 0xE0, 0x00, 0x00, 0x00,
    0x00, 0x00, 0x00, 0x00, 0x3F, 0xC0, 0x00, 0x00, 0x00, 0x00, 0x00, 0x00, 0x00, 0x3F, 0x80, 0x00,
    0x00, 0x00, 0x00, 0x00, 0x00, 0x00, 0x7F, 0xC2, 0x00, 0x00, 0x00, 0x00, 0x00, 0x00, 0x00, 0x7F,
    0xFE, 0x00, 0x00, 0x00, 0x00, 0x00, 0x00, 0x00, 0x3F, 0xFE, 0x00, 0x00, 0x00, 0x00, 0x00, 0x00,
    0x00, 0x0B, 0xE8, 0x00, 0x00, 0x00, 0x00, 0x00, 0x00, 0x00, 0x00, 0x00, 0x00, 0x00, 0x00, 0x00,
    0x00, 0x02, 0xFF, 0xF8, 0x00, 0x00, 0x00, 0x00, 0x2F, 0xFF, 0xFF, 0x00, 0x00, 0x00, 0x00, 0xFF,
    0xFF, 0xFF, 0xD0, 0x00, 0x00, 0x03, 0xFF, 0x80, 0xBF, 0xF0, 0x00, 0x00, 0x0F, 0xF8, 0x00, 0x0F,
    0xF4, 0x2F, 0x40, 0x3F, 0xE0, 0x00, 0x0B, 0xF8, 0x3F, 0x40, 0xBF, 0x80, 0x00, 0x03, 0xF8, 0x3F,
    0x00, 0xFF, 0x00, 0x00, 0x03, 0xFC, 0x3F, 0x02, 0xFE, 0x00, 0x00, 0x03, 0xFC, 0x3F, 0xEB, 0xFF,
    0xAA, 0xAA, 0xAB, 0xF8, 0x3F, 0xFF, 0xFF, 0xFF, 0xFF, 0xFF, 0xF8, 0x0F, 0xFF, 0xFF, 0xFF, 0xFF,
    0xFF, 0xF0, 0x00, 0x1F, 0xF9, 0x55, 0x55, 0x55, 0x50, 0x00, 0x0B, 0xF0, 0x00, 0x00, 0x00, 0x00,
    0x00, 0x0F, 0xF0, 0x00, 0x00, 0x00, 0x00, 0x00, 0x0F, 0xF0, 0x00, 0x00, 0x3F, 0xC0, 0x00, 0x0B,
    0xF8, 0x00, 0x00, 0xBF, 0x80, 0x00, 0x0B, 0xFC, 0x00, 0x01, 0xFF, 0x00, 0x00, 0x03, 0xFE, 0x00,
    0x0B, 0xFC, 0x00, 0x00, 0x02, 0xFF, 0xEA, 0xFF, 0xF0, 0x00, 0x00, 0x00, 0xFF, 0xFF, 0xFF, 0xC0,
    0x00, 0x00, 0x00, 0x2F, 0xFF, 0xFE, 0x00, 0x00, 0x00, 0x00, 0x02, 0xFF, 0x80, 0x00, 0x00, 0x00,
    0x00, 0x03, 0xF8, 0x00, 0x00, 0x00, 0x00, 0x00, 0x0F, 0xC0, 0x00, 0x00, 0x00, 0x00, 0x00, 0x3F,
    0x80, 0x00, 0x00, 0x00, 0x00, 0x00, 0x7F, 0x00, 0x00, 0x00, 0x00, 0x00, 0x00, 0xBF, 0xC0, 0x00,
    0x00, 0x00, 0x00, 0x00, 0xBF, 0xFE, 0x00, 0x00, 0x00, 0x00, 0x00, 0x3F, 0xFC, 0x00, 0x00, 0x00,
    0x00, 0x00, 0x0B, 0xA4, 0x00, 0x00, 0x00, 0x00, 0x00, 0x00, 0x00, 0x2F, 0xFF, 0xFE, 0x80, 0x00,
    0xFF, 0xE0, 0x00, 0x00, 0xBF, 0xC0, 0x00, 0x00, 0xBF, 0xC0, 0x00, 0x00, 0xBF, 0xC0, 0x00, 0x00,
    0xBF, 0xC0, 0x00, 0x00, 0xBF, 0xC0, 0x00, 0x00, 0xBF, 0xC0, 0x00, 0x00, 0xBF, 0xC0, 0x00, 0x00,
    0xBF, 0xC0, 0x00, 0x00, 0xBF, 0xC0, 0x00, 0x00, 0xBF, 0xC0, 0x00, 0x00, 0xBF, 0xC0, 0x00, 0x00,
    0xBF, 0xC0, 0x00, 0x00, 0xBF, 0xC0, 0x00, 0x00, 0xBF, 0xC0, 0x00, 0x00, 0xBF, 0xC0, 0x00, 0x00,
    0xBF, 0xC0, 0x00, 0x00, 0xBF, 0xC0, 0x00, 0x00, 0xBF, 0xC0, 0x00, 0x00, 0xBF, 0xC0, 0x00, 0x00,
    0xBF, 0xC0, 0x00, 0x00, 0xBF, 0xC0, 0x00, 0x00, 0xBF, 0xC0, 0x00, 0x00, 0xBF, 0xC0, 0x00, 0x02,
    0xFF, 0xF4, 0x00, 0x7F, 0xFF, 0xFF, 0xC0, 0x00, 0x00, 0x00, 0x08, 0x00, 0x00, 0x80, 0x00, 0x00,
    0x00, 0x00, 0x00, 0x00, 0x0E, 0x00, 0x00, 0xD0, 0x00, 0x00, 0x00, 0x00, 0x00, 0x00, 0x0F, 0x00,
    0x02, 0xC0, 0x00, 0x00, 0x00, 0x00, 0x00, 0x00, 0x0B, 0xC0, 0x0B, 0xC0, 0x00, 0x00, 0x00, 0x00,
    0x00, 0x00, 0x03, 0xFE, 0xFF, 0x80, 0x00, 0x00, 0x00, 0x00, 0x00, 0x00, 0x01, 0xFF, 0xFE, 0x00,
    0x00, 0x00, 0x00, 0x00, 0x00, 0x00, 0x00, 0x2F, 0xE0, 0x00, 0x00, 0x00, 0x00, 0x00, 0x00, 0x00,
    0x00, 0x00, 0x00, 0x00, 0x00, 0x00, 0x00, 0x00, 0x00, 0x00, 0x00, 0x00, 0x00, 0x00, 0x00, 0x00,
    0x00, 0x15, 0x55, 0x50, 0x05, 0x55, 0x55, 0x40, 0x05, 0x55, 0x50, 0x2F, 0xFF, 0xE0, 0x0B, 0xFF,
    0xFF, 0x80, 0x2F, 0xFF, 0xF8, 0x02, 0xFE, 0x00, 0x00, 0x3F, 0xF8, 0x00, 0x00, 0xFF, 0x00, 0x00,
    0x3F, 0x00, 0x00, 0x2F, 0xF0, 0x00, 0x02, 0xF8, 0x00, 0x00, 0x0F, 0x80, 0x00, 0x2F, 0xF0, 0x00,
    0x03, 0xE0, 0x00, 0x00, 0x03, 0xE0, 0x00, 0x2F, 0xF0, 0x00, 0x0F, 0x80, 0x00, 0x00, 0x00, 0xF8,
    0x00, 0x2F, 0xF0, 0x00, 0x3E, 0x00, 0x00, 0x00, 0x00, 0x3E, 0x00, 0x2F, 0xF0, 0x00, 0xF8, 0x00,
    0x00, 0x00, 0x00, 0x0F, 0x80, 0x2F, 0xF0, 0x03, 0xE0, 0x00, 0x00, 0x00, 0x00, 0x03, 0xE0, 0x2F,
    0xF0, 0x0F, 0x80, 0x00, 0x00, 0x00, 0x00, 0x00, 0xF8, 0x2F, 0xF0, 0x3E, 0x00, 0x00, 0x00, 0x00,
    0x00, 0x00, 0x3E, 0x2F, 0xF0, 0xF8, 0x00, 0x00, 0x00, 0x00, 0x00, 0x00, 0x2F, 0xAF, 0xF3, 0xF0,
    0x00, 0x00, 0x00, 0x00, 0x00, 0x00, 0x3F, 0xFF, 0xFF, 0xF8, 0x00, 0x00, 0x00, 0x00, 0x00, 0x00,
    0xFF, 0xFF, 0xFF, 0xFC, 0x00, 0x00, 0x00, 0x00, 0x00, 0x02, 0xFF, 0xEF, 0xFB, 0xFF, 0x00, 0x00,
    0x00, 0x00, 0x00, 0x0B, 0xFF, 0x2F, 0xF2, 0xFF, 0xC0, 0x00, 0x00, 0x00, 0x00, 0x0F, 0xFC, 0x2F,
    0xF0, 0xFF, 0xF0, 0x00, 0x00, 0x00, 0x00, 0x3F, 0xF4, 0x2F, 0xF0, 0x3F, 0xF8, 0x00, 0x00, 0x00,
    0x00, 0xFF, 0xE0, 0x2F, 0xF0, 0x0F, 0xFD, 0x00, 0x00, 0x00, 0x03, 0xFF, 0x80, 0x2F, 0xF0, 0x03,
    0xFF, 0x00, 0x00, 0x00, 0x0B, 0xFF, 0x00, 0x2F, 0xF0, 0x02, 0xFF, 0xC0, 0x00, 0x00, 0x2F, 0xFC,
    0x00, 0x2F, 0xF0, 0x00, 0xBF, 0xF0, 0x00, 0x00, 0x3F, 0xF0, 0x00, 0x2F, 0xF0, 0x00, 0x3F, 0xF8,
    0x00, 0x00, 0xFF, 0xE0, 0x00, 0x2F, 0xF0, 0x00, 0x0F, 0xFE, 0x00, 0x03, 0xFF, 0xC0, 0x00, 0x2F,
    0xF0, 0x00, 0x07, 0xFF, 0x40, 0x0F, 0xFF, 0xC0, 0x00, 0xBF, 0xFD, 0x00, 0x0B, 0xFF, 0xE0, 0xFF,
    0xFF, 0xFC, 0x0F, 0xFF, 0xFF, 0xE0, 0xBF, 0xFF, 0xFC, 0x00, 0x00, 0x00, 0x00, 0x00, 0x00, 0x00,
    0x00, 0x00, 0x00, 0x0B, 0x00, 0x00, 0xB0, 0x00, 0x00, 0x00, 0x00, 0x0B, 0x00, 0x00, 0xF0, 0x00,
    0x00, 0x00, 0x00, 0x03, 0xC0, 0x02, 0xE0, 0x00, 0x00, 0x00, 0x00, 0x03, 0xF8, 0x0B, 0xC0, 0x00,
    0x00, 0x00, 0x00, 0x00, 0xFF, 0xFF, 0x80, 0x00, 0x00, 0x00, 0x00, 0x00, 0x7F, 0xFE, 0x00, 0x00,
    0x00, 0x00, 0x00, 0x00, 0x06, 0x90, 0x00, 0x00, 0x00, 0x00, 0x00, 0x00, 0x00, 0x00, 0x00, 0x00,
    0x00, 0x00, 0x00, 0x00, 0x00, 0x00, 0x00, 0x00, 0x00, 0x0A, 0xAA, 0x80, 0xAA, 0xAA, 0x82, 0xAA,
    0xA8, 0x03, 0xFD, 0x00, 0x2F, 0xFC, 0x00, 0x3F, 0xE0, 0x00, 0xBE, 0x00, 0x0B, 0xF0, 0x00, 0x3F,
    0x00, 0x00, 0x2F, 0x00, 0x0B, 0xF0, 0x00, 0xFC, 0x00, 0x00, 0x07, 0xC0, 0x0B, 0xF0, 0x02, 0xF0,
    0x00, 0x00, 0x00, 0xF0, 0x0B, 0xF0, 0x0B, 0x80, 0x00, 0x00, 0x00, 0x3C, 0x0B, 0xF0, 0x3E, 0x00,
    0x00, 0x00, 0x00, 0x0F, 0x0B, 0xF0, 0xF8, 0x00, 0x00, 0x00, 0x00, 0x03, 0xEB, 0xF3, 0xE0, 0x00,
    0x00, 0x00, 0x00, 0x0B, 0xFF, 0xFF, 0xF0, 0x00, 0x00, 0x00, 0x00, 0x2F, 0xFF, 0xFB, 0xFC, 0x00,
    0x00, 0x00, 0x00, 0xBF, 0xCB, 0xF2, 0xFF, 0x00, 0x00, 0x00, 0x02, 0xFF, 0x0B, 0xF0, 0xBF, 0xC0,
    0x00, 0x00, 0x07, 0xFC, 0x0B, 0xF0, 0x3F, 0xF0, 0x00, 0x00, 0x0F, 0xF4, 0x0B, 0xF0, 0x0F, 0xF8,
    0x00, 0x00, 0x3F, 0xE0, 0x0B, 0xF0, 0x03, 0xFE, 0x00, 0x00, 0xFF, 0x80, 0x0B, 0xF0, 0x00, 0xFF,
    0x80, 0x0B, 0xFF, 0x00, 0x0F, 0xF8, 0x00, 0xBF, 0xE0, 0x3F, 0xFF, 0xC0, 0xFF, 0xFF, 0x83, 0xFF,
    0xFE, 0x00, 0x00, 0xFF, 0x40, 0x00, 0x00, 0x2B, 0x00, 0x00, 0x00, 0xFF, 0x00, 0x00, 0x02, 0xFF,
    0x00, 0x00, 0x02, 0xFF, 0x00, 0x00, 0x0F, 0xFF, 0x00, 0x00, 0x02, 0xFE, 0x00, 0x00, 0x3F, 0xF8,
    0x00, 0x00, 0x03, 0xFE, 0x00, 0x00, 0xBF, 0x80, 0x00, 0x00, 0x03, 0xFC, 0x00, 0x02, 0xFE, 0x00,
    0x00, 0x00, 0x0B, 0xFC, 0x00, 0x0B, 0xF8, 0x00, 0x00, 0x00, 0x0B, 0xF8, 0x00, 0x0F, 0xF0, 0x00,
    0x00, 0x00, 0x0F, 0xF8, 0x00, 0x3F, 0xC0, 0x00, 0x00, 0x00, 0x0F, 0xF0, 0x00, 0xFF, 0x00, 0x00,
    0x00, 0x00, 0x2F, 0xF0, 0x03, 0xFE, 0x00, 0x00, 0x00, 0x00, 0x2F, 0xE0, 0x0F, 0xF8, 0x00, 0x00,
    0x00, 0x00, 0x3F, 0xE0, 0xBF, 0xE0, 0x00, 0x00, 0x00, 0x00, 0x3F, 0xFF, 0xFF, 0x80, 0x00, 0x00,
    0x00, 0x00, 0xBF, 0xFF, 0xFF, 0xF8, 0x00, 0x00, 0x00, 0x00, 0xBF, 0xFF, 0xFF, 0xFF, 0x00, 0x00,
    0x00, 0x00, 0xFF, 0x80, 0x2F, 0xFF, 0xC0, 0x00, 0x00, 0x00, 0xFF, 0x00, 0x00, 0xFF, 0xF0, 0x00,
    0x00, 0x02, 0xFF, 0x00, 0x00, 0x3F, 0xF0, 0x00, 0x00, 0x02, 0xFE, 0x00, 0x00, 0x1F, 0xF8, 0x00,
    0x00, 0x03, 0xFE, 0x00, 0x00, 0x0F, 0xFC, 0x00, 0x00, 0x03, 0xFC, 0x00, 0x00, 0x0F, 0xFC, 0x00,
    0x00, 0x0B, 0xFC, 0x00, 0x00, 0x0F, 0xFC, 0x00, 0x00, 0x0B, 0xF8, 0x00, 0x00, 0x0F, 0xF8, 0x00,
    0x00, 0x0F, 0xF8, 0x00, 0x00, 0x0F, 0xF8, 0x00, 0x00, 0x0F, 0xF0, 0x00, 0x00, 0x2F, 0xF0, 0x00,
    0x00, 0x2F, 0xF0, 0x00, 0x00, 0x3F, 0xF0, 0x00, 0x00, 0x2F, 0xE0, 0x00, 0x00, 0x3F, 0xE0, 0x00,
    0x00, 0x3F, 0xE0, 0x00, 0x00, 0xBF, 0xC0, 0x00, 0x00, 0x3F, 0xC0, 0x00, 0x01, 0xFF, 0x00, 0x00,
    0x00, 0x00, 0x00, 0x00, 0x03, 0xFE, 0x00, 0x00, 0x00, 0x00, 0x00, 0x00, 0x1F, 0xFC, 0x00, 0x00,
    0x00, 0x00, 0x00, 0x2A, 0xFF, 0xF0, 0x00, 0x00, 0x00, 0x00, 0x00, 0x3F, 0xFF, 0x80, 0x00, 0x00,
    0x00, 0x00, 0x00, 0xBF, 0xFC, 0x00, 0x00, 0x00, 0x00, 0x00, 0x00, 0xBE, 0x80, 0x00, 0x00, 0x00,
    0x00, 0x00, 0x00, 0x00, 0x00, 0x00, 0x00, 0x00, 0x0F, 0xF0, 0x00, 0x01, 0xB8, 0x00, 0x0F, 0xF0,
    0x00, 0x0F, 0xF8, 0x00, 0x0F, 0xF0, 0x00, 0x3F, 0xF0, 0x00, 0x2F, 0xE0, 0x00, 0xFF, 0x80, 0x00,
    0x3F, 0xC0, 0x02, 0xFC, 0x00, 0x00, 0x3F, 0xC0, 0x0B, 0xF4, 0x00, 0x00, 0x3F, 0xC0, 0x1F, 0xE0,
    0x00, 0x00, 0xBF, 0x80, 0x3F, 0xC0, 0x00, 0x00, 0xFF, 0x00, 0xFF, 0x00, 0x00, 0x00, 0xFF, 0xAF,
    0xFC, 0x00, 0x00, 0x00, 0xFF, 0xFF, 0xF0, 0x00, 0x00, 0x02, 0xFF, 0xFF, 0xFE, 0x00, 0x00, 0x03,
    0xFE, 0xAF, 0xFF, 0xC0, 0x00, 0x03, 0xFC, 0x00, 0xBF, 0xE0, 0x00, 0x03, 0xFC, 0x00, 0x1F, 0xF0,
    0x00, 0x0B, 0xF8, 0x00, 0x0F, 0xF8, 0x00, 0x0F, 0xF0, 0x00, 0x0B, 0xF8, 0x00, 0x0F, 0xF0, 0x00,
    0x0B, 0xF8, 0x00, 0x0F, 0xF0, 0x00, 0x0B, 0xF0, 0x00, 0x2F, 0xE0, 0x00, 0x0F, 0xF0, 0x00, 0x3F,
    0xC0, 0x00, 0x2F, 0xF0, 0x00, 0x3F, 0xC0, 0x00, 0x3F, 0xD0, 0x00, 0x00, 0x00, 0x00, 0xBF, 0xC0,
    0x00, 0x00, 0x00, 0x02, 0xFF, 0x00, 0x00, 0x00, 0x00, 0x1F, 0xFC, 0x00, 0x00, 0x00, 0x02, 0xFF,
    0xF0, 0x00, 0x00, 0x00, 0x03, 0xFF, 0x80, 0x00, 0x00, 0x00, 0x03, 0xE8, 0x00, 0x00, 0x00, 0x00,
    0x00, 0x00, 0x03, 0xFF, 0xFF, 0xFF, 0xFF, 0x00, 0x00, 0x00, 0x00, 0x03, 0xFF, 0xFF, 0xFF, 0xFF,
    0x00, 0x00, 0x00, 0x00, 0x0B, 0xFF, 0xFF, 0xFF, 0xFF, 0x00, 0x00, 0x00, 0x00, 0x0F, 0xF9, 0x55,
    0x57, 0xFE, 0x00, 0x00, 0x00, 0x00, 0x0F, 0xF0, 0x00, 0x03, 0xFD, 0x00, 0x00, 0x00, 0x00, 0x1F,
    0xE0, 0x00, 0x03, 0xFC, 0x00, 0x00, 0x00, 0x00, 0x2F, 0xC0, 0x00, 0x0B, 0xFC, 0x00, 0x00, 0x00,
    0x00, 0x3F, 0xC0, 0x00, 0x0F, 0xF8, 0x00, 0x00, 0x00, 0x00, 0x3F, 0x80, 0x00, 0x0F, 0xF4, 0x00,
    0x00, 0x00, 0x00, 0xBF, 0x80, 0x00, 0x0F, 0xF0, 0x00, 0x00, 0x00, 0x00, 0xBF, 0x00, 0x00, 0x2F,
    0xF0, 0x00, 0x00, 0x00, 0x00, 0xFF, 0x00, 0x00, 0x3F, 0xE0, 0x00, 0x00, 0x00, 0x00, 0xFE, 0x00,
    0x00, 0x3F, 0xD0, 0x00, 0x00, 0x00, 0x02, 0xFC, 0x00, 0x00, 0x3F, 0xC0, 0x00, 0x00, 0x00, 0x03,
    0xFC, 0x00, 0x00, 0xBF, 0xC0, 0x00, 0x00, 0x00, 0x03, 0xFC, 0x00, 0x00, 0xFF, 0x80, 0x00, 0x00,
    0x00, 0x0B, 0xF8, 0x00, 0x00, 0xFF, 0x40, 0x00, 0x00, 0x00, 0x0F, 0xF0, 0x00, 0x00, 0xFF, 0x00,
    0x00, 0x00, 0x00, 0x0F, 0xF0, 0x00, 0x02, 0xFF, 0x00, 0x00, 0x00, 0x00, 0x2F, 0xD0, 0x00, 0x03,
    0xFE, 0x00, 0x00, 0x00, 0x00, 0x3F, 0xC0, 0x00, 0x03, 0xFD, 0x00, 0x00, 0x00, 0x00, 0x7F, 0x80,
    0x00, 0x03, 0xFC, 0x00, 0x00, 0x00, 0x00, 0xFF, 0x00, 0x00, 0x0B, 0xFC, 0x00, 0x00, 0x00, 0x02,
    0xFE, 0x00, 0x00, 0x0F, 0xF8, 0x00, 0x00, 0x00, 0x0B, 0xFC, 0x00, 0x00, 0x0F, 0xF4, 0x00, 0x00,
    0x00, 0x2F, 0xF0, 0x00, 0x00, 0x0F, 0xF0, 0x00, 0x00, 0x0B, 0xFF, 0xC0, 0x00, 0x00, 0x2F, 0xF5,
    0x40, 0x00, 0x3F, 0xFF, 0x00, 0x00, 0x00, 0x3F, 0xFF, 0xC0, 0x00, 0x3F, 0xF4, 0x00, 0x00, 0x00,
    0x3F, 0xFF, 0x80, 0x00, 0x3A, 0x00, 0x00, 0x00, 0x00, 0x3F, 0xFF, 0x00, 0x00, 0x00, 0x00, 0x00,
    0x00, 0x00, 0x03, 0xFC, 0x00, 0x00, 0x00, 0x00, 0x00, 0x00, 0x00, 0x0F, 0xF8, 0x00, 0x00, 0x00,
    0x00, 0x00, 0x00, 0x00, 0x2F, 0xF0, 0x00, 0x00, 0x00, 0x00, 0x00, 0x00, 0x00, 0x3F, 0xC0, 0x00,
    0x00, 0x00, 0x00, 0x00, 0x00, 0x00, 0xFF, 0x80, 0x00, 0x00, 0x00, 0x00, 0x00, 0x00, 0x02, 0xFE,
    0x00, 0x00, 0x00, 0x00, 0x00, 0x00, 0x00, 0x00, 0x00, 0x00, 0x00, 0x00, 0x02, 0xFF, 0xFF, 0xFF,
    0xE0, 0x00, 0x00, 0x03, 0xFF, 0xFF, 0xFF, 0xC0, 0x00, 0x00, 0x03, 0xFF, 0xFF, 0xFF, 0xC0, 0x00,
    0x00, 0x0B, 0xF8, 0x00, 0xBF, 0xC0, 0x00, 0x00, 0x0F, 0xF0, 0x00, 0xBF, 0x80, 0x00, 0x00, 0x0F,
    0xF0, 0x00, 0xFF, 0x00, 0x00, 0x00, 0x1F, 0xE0, 0x00, 0xFF, 0x00, 0x00, 0x00, 0x2F, 0xC0, 0x00,
    0xFF, 0x00, 0x00, 0x00, 0x3F, 0xC0, 0x02, 0xFE, 0x00, 0x00, 0x00, 0x3F, 0x80, 0x03, 0xFC, 0x00,
    0x00, 0x00, 0xBF, 0x00, 0x03, 0xFC, 0x00, 0x00, 0x00, 0xFF, 0x00, 0x03, 0xFC, 0x00, 0x00, 0x00,
    0xFE, 0x00, 0x0B, 0xF8, 0x00, 0x00, 0x02, 0xFC, 0x00, 0x0F, 0xF0, 0x00, 0x00, 0x03, 0xF8, 0x00,
    0x0F, 0xF0, 0x00, 0x00, 0x0B, 0xF0, 0x00, 0x0F, 0xF0, 0x00, 0x00, 0x0F, 0xE0, 0x00, 0x2F, 0xE0,
    0x00, 0x00, 0x3F, 0xC0, 0x00, 0x3F, 0xC0, 0x00, 0x06, 0xFF, 0x00, 0x00, 0x3F, 0xE5, 0x00, 0x3F,
    0xFC, 0x00, 0x00, 0x3F, 0xFF, 0x00, 0x3F, 0xE0, 0x00, 0x00, 0xBF, 0xFC, 0x00, 0x3E, 0x00, 0x00,
    0x00, 0xFF, 0xF8, 0x00, 0x00, 0x00, 0x00, 0x00, 0x0F, 0xF0, 0x00, 0x00, 0x00, 0x00, 0x00, 0x3F,
    0xC0, 0x00, 0x00, 0x00, 0x00, 0x00, 0xBF, 0x80, 0x00, 0x00, 0x00, 0x00, 0x00, 0xFF, 0x00, 0x00,
    0x00, 0x00, 0x00, 0x03, 0xFC, 0x00, 0x00, 0x00, 0x00, 0x00, 0x0B, 0xF8, 0x00, 0x00, 0x00, 0x00,
    0x00, 0x00, 0x00, 0x00, 0x00, 0x00, 0x00, 0x0B, 0xF8, 0x00, 0x00, 0x00, 0x0F, 0xF0, 0x00, 0x0B,
    0xF8, 0x00, 0x00, 0x00, 0x0F, 0xF0, 0x00, 0x0F, 0xF0, 0x00, 0x00, 0x00, 0x0F, 0xE0, 0x00, 0x0F,
    0xF0, 0x00, 0x00, 0x00, 0x2F, 0xE0, 0x00, 0x0F, 0xF0, 0x00, 0x00, 0x00, 0x3F, 0xC0, 0x00, 0x2F,
    0xE0, 0x00, 0x00, 0x00, 0x3F, 0xC0, 0x00, 0x2F, 0xE0, 0x00, 0x00, 0x00, 0x3F, 0xC0, 0x00, 0x3F,
    0xC0, 0x00, 0x00, 0x00, 0x7F, 0x80, 0x00, 0x3F, 0xC0, 0x00, 0x00, 0x00, 0xBF, 0x80, 0x00, 0x3F,
    0xC0, 0x00, 0x00, 0x00, 0xFF, 0x00, 0x00, 0xBF, 0x80, 0x00, 0x00, 0x00, 0xFF, 0x00, 0x00, 0xFF,
    0x40, 0x00, 0x00, 0x00, 0xFF, 0x00, 0x00, 0xFF, 0x80, 0x00, 0x00, 0x02, 0xFE, 0x00, 0x00, 0xFF,
    0xFF, 0xFF, 0xFF, 0xFF, 0xFD, 0x00, 0x01, 0xFF, 0xFF, 0xFF, 0xFF, 0xFF, 0xFC, 0x00, 0x02, 0xFF,
    0xFF, 0xFF, 0xFF, 0xFF, 0xFC, 0x00, 0x03, 0xFD, 0x00, 0x00, 0x00, 0x0B, 0xFC, 0x00, 0x03, 0xFC,
    0x00, 0x00, 0x00, 0x0B, 0xF8, 0x00, 0x03, 0xFC, 0x00, 0x00, 0x00, 0x0F, 0xF0, 0x00, 0x0B, 0xF8,
    0x00, 0x00, 0x00, 0x0F, 0xF0, 0x00, 0x0B, 0xF8, 0x00, 0x00, 0x00, 0x0F, 0xF0, 0x00, 0x0F, 0xF0,
    0x00, 0x00, 0x00, 0x1F, 0xE0, 0x00, 0x0F, 0xF0, 0x00, 0x00, 0x00, 0x2F, 0xE0, 0x00, 0x0F, 0xF0,
    0x00, 0x00, 0x00, 0x3F, 0xC0, 0x00, 0x2F, 0xE0, 0x00, 0x00, 0x00, 0x3F, 0xC0, 0x00, 0x2F, 0xD0,
    0x00, 0x00, 0x00, 0x3F, 0xC0, 0x00, 0x3F, 0xC0, 0x00, 0x00, 0x00, 0xBF, 0x80, 0x00, 0x3F, 0xC0,
    0x00, 0x00, 0x00, 0xBF, 0x40, 0x00, 0x7F, 0xC0, 0x00, 0x00, 0x00, 0xFF, 0x00, 0x00, 0xBF, 0x80,
    0x00, 0x00, 0x00, 0xFF, 0x00, 0x00, 0x00, 0x00, 0x00, 0x00, 0x00, 0xFF, 0x00, 0x00, 0x00, 0x00,
    0x00, 0x00, 0x02, 0xFE, 0x00, 0x00, 0x00, 0x00, 0x00, 0x00, 0x02, 0xFC, 0x00, 0x00, 0x00, 0x00,
    0x00, 0x00, 0x03, 0xFC, 0x00, 0x00, 0x00, 0x00, 0x00, 0x00, 0x03, 0xFC, 0x00, 0x00, 0x00, 0x00,
    0x00, 0x00, 0x0B, 0xF8, 0x00, 0x00, 0x00, 0x00, 0x00, 0x03, 0xFF, 0xF0, 0x00, 0x00, 0x00, 0x00,
    0x00, 0x03, 0xFF, 0xC0, 0x00, 0x00, 0x00, 0x00, 0x00, 0x03, 0xF8, 0x00, 0x00, 0x00, 0x00, 0x00,
    0x00, 0x00, 0x00, 0x00, 0x00, 0x00, 0x00, 0x2A, 0x80, 0x00, 0x02, 0xA8, 0x00, 0x3F, 0xC0, 0x00,
    0x03, 0xF8, 0x00, 0x3F, 0x80, 0x00, 0x03, 0xF8, 0x00, 0x3F, 0x40, 0x00, 0x0B, 0xF0, 0x00, 0xBF,
    0x00, 0x00, 0x0B, 0xF0, 0x00, 0xBF, 0x00, 0x00, 0x0F, 0xF0, 0x00, 0xFF, 0x00, 0x00, 0x0F, 0xE0,
    0x00, 0xFE, 0x00, 0x00, 0x0F, 0xD0, 0x01, 0xFC, 0x00, 0x00, 0x2F, 0xC0, 0x02, 0xFF, 0xFF, 0xFF,
    0xFF, 0xC0, 0x03, 0xFF, 0xFF, 0xFF, 0xFF, 0xC0, 0x03, 0xFF, 0xFF, 0xFF, 0xFF, 0x80, 0x03, 0xF8,
    0x00, 0x00, 0xBF, 0x40, 0x0B, 0xF0, 0x00, 0x00, 0xBF, 0x00, 0x0B, 0xF0, 0x00, 0x00, 0xFF, 0x00,
    0x0F, 0xF0, 0x00, 0x00, 0xFE, 0x00, 0x0F, 0xE0, 0x00, 0x00, 0xFE, 0x00, 0x0F, 0xE0, 0x00, 0x01,
    0xFC, 0x00, 0x2F, 0xC0, 0x00, 0x02, 0xFC, 0x00, 0x2F, 0xC0, 0x00, 0x03, 0xFC, 0x00, 0x3F, 0xC0,
    0x00, 0x03, 0xF8, 0x00, 0x3F, 0x80, 0x00, 0x03, 0xF8, 0x00, 0x00, 0x00, 0x00, 0x0B, 0xF0, 0x00,
    0x00, 0x00, 0x00, 0x0B, 0xF0, 0x00, 0x00, 0x00, 0x00, 0x0F, 0xF0, 0x00, 0x00, 0x00, 0x00, 0x0F,
    0xE0, 0x00, 0x00, 0x00, 0x00, 0x2F, 0xD0, 0x00, 0x00, 0x00, 0x00, 0x3F, 0xC0, 0x00, 0x00, 0x00,
    0x0F, 0xFF, 0x80, 0x00, 0x00, 0x00, 0x2F, 0xFE, 0x00, 0x00, 0x00, 0x00, 0x3F, 0xE0, 0x00, 0x00,
    0x00, 0x00, 0x00, 0x00, 0x00, 0x00, 0x00, 0x00, 0xFF, 0x40, 0x00, 0x00, 0x0B, 0xF8, 0x00, 0x00,
    0xFF, 0x00, 0x00, 0x00, 0x0F, 0xF8, 0x00, 0x02, 0xFF, 0x00, 0x00, 0x00, 0x0F, 0xF0, 0x00, 0x02,
    0xFE, 0x00, 0x00, 0x00, 0x1F, 0xF0, 0x00, 0x03, 0xFE, 0x00, 0x00, 0x00, 0x2F, 0xF0, 0x00, 0x03,
    0xFC, 0x00, 0x00, 0x00, 0x3F, 0xE0, 0x00, 0x0B, 0xFC, 0x00, 0x00, 0x00, 0x3F, 0xC0, 0x00, 0x0B,
    0xF8, 0x00, 0x00, 0x00, 0x7F, 0xC0, 0x00, 0x0F, 0xF8, 0x00, 0x00, 0x00, 0xBF, 0xC0, 0x00, 0x0F,
    0xF0, 0x00, 0x00, 0x00, 0xFF, 0x80, 0x00, 0x2F, 0xF0, 0x00, 0x00, 0x00, 0xFF, 0x00, 0x00, 0x2F,
    0xE0, 0x00, 0x00, 0x01, 0xFF, 0x00, 0x00, 0x3F, 0xE0, 0x00, 0x00, 0x03, 0xFF, 0x00, 0x00, 0x3F,
    0xFF, 0xFF, 0xFF, 0xFF, 0xFE, 0x00, 0x00, 0xBF, 0xFF, 0xFF, 0xFF, 0xFF, 0xFC, 0x00, 0x00, 0xBF,
    0xFF, 0xFF, 0xFF, 0xFF, 0xFC, 0x00, 0x00, 0xFF, 0x80, 0x00, 0x00, 0x0B, 0xFC, 0x00, 0x00, 0xFF,
    0x00, 0x00, 0x00, 0x0F, 0xF8, 0x00, 0x02, 0xFF, 0x00, 0x00, 0x00, 0x0F, 0xF0, 0x00, 0x02, 0xFE,
    0x00, 0x00, 0x00, 0x1F, 0xF0, 0x00, 0x03, 0xFE, 0x00, 0x00, 0x00, 0x2F, 0xF0, 0x00, 0x03, 0xFC,
    0x00, 0x00, 0x00, 0x3F, 0xE0, 0x00, 0x0B, 0xFC, 0x00, 0x00, 0x00, 0x3F, 0xC0, 0x00, 0x0B, 0xF8,
    0x00, 0x00, 0x00, 0x7F, 0xC0, 0x00, 0x0F, 0xF8, 0x00, 0x00, 0x00, 0xBF, 0xC0, 0x00, 0x0F, 0xF0,
    0x00, 0x00, 0x00, 0xFF, 0x80, 0x00, 0x2F, 0xF0, 0x00, 0x00, 0x00, 0xFF, 0x95, 0x00, 0x2F, 0xE0,
    0x00, 0x00, 0x01, 0xFF, 0xFE, 0x00, 0x3F, 0xE0, 0x00, 0x00, 0x02, 0xFF, 0xFC, 0x00, 0x3F, 0xC0,
    0x00, 0x00, 0x03, 0xFF, 0xF0, 0x00, 0x00, 0x00, 0x00, 0x00, 0x00, 0x2F, 0xE0, 0x00, 0x00, 0x00,
    0x00, 0x00, 0x00, 0xBF, 0xC0, 0x00, 0x00, 0x00, 0x00, 0x00, 0x00, 0xFF, 0x00, 0x00, 0x00, 0x00,
    0x00, 0x00, 0x03, 0xFE, 0x00, 0x00, 0x00, 0x00, 0x00, 0x00, 0x0B, 0xFC, 0x00, 0x00, 0x00, 0x00,
    0x00, 0x00, 0x0F, 0xF0, 0x00, 0x00, 0x00, 0x00, 0x00, 0x00, 0x00, 0x00, 0x00, 0x00, 0x0F, 0xF0,
    0x00, 0x00, 0xFF, 0x00, 0x00, 0x0F, 0xF0, 0x00, 0x00, 0xFF, 0x00, 0x00, 0x0F, 0xF0, 0x00, 0x02,
    0xFE, 0x00, 0x00, 0x2F, 0xE0, 0x00, 0x02, 0xFD, 0x00, 0x00, 0x3F, 0xC0, 0x00, 0x03, 0xFC, 0x00,
    0x00, 0x3F, 0xC0, 0x00, 0x03, 0xFC, 0x00, 0x00, 0x3F, 0xC0, 0x00, 0x0B, 0xF8, 0x00, 0x00, 0xBF,
    0x80, 0x00, 0x0B, 0xF4, 0x00, 0x00, 0xFF, 0x80, 0x00, 0x0F, 0xF0, 0x00, 0x00, 0xFF, 0xFF, 0xFF,
    0xFF, 0xF0, 0x00, 0x00, 0xFF, 0xFF, 0xFF, 0xFF, 0xE0, 0x00, 0x02, 0xFF, 0xFF, 0xFF, 0xFF, 0xD0,
    0x00, 0x03, 0xFC, 0x00, 0x00, 0x3F, 0xC0, 0x00, 0x03, 0xFC, 0x00, 0x00, 0x3F, 0xC0, 0x00, 0x03,
    0xFC, 0x00, 0x00, 0xBF, 0x80, 0x00, 0x0B, 0xF8, 0x00, 0x00, 0xBF, 0x40, 0x00, 0x0F, 0xF0, 0x00,
    0x00, 0xFF, 0x00, 0x00, 0x0F, 0xF0, 0x00, 0x00, 0xFF, 0x00, 0x00, 0x0F, 0xF0, 0x00, 0x02, 0xFF,
    0x54, 0x00, 0x2F, 0xE0, 0x00, 0x02, 0xFF, 0xF8, 0x00, 0x3F, 0xC0, 0x00, 0x03, 0xFF, 0xF0, 0x00,
    0x3F, 0xC0, 0x00, 0x03, 0xFF, 0xC0, 0x00, 0x00, 0x00, 0x00, 0x00, 0xBF, 0x80, 0x00, 0x00, 0x00,
    0x00, 0x00, 0xFF, 0x00, 0x00, 0x00, 0x00, 0x00, 0x03, 0xFC, 0x00, 0x00, 0x00, 0x00, 0x00, 0x0B,
    0xF8, 0x00, 0x00, 0x00, 0x00, 0x00, 0x0F, 0xF0, 0x00, 0x00, 0x00, 0x00, 0x00, 0x3F, 0xC0, 0x00,
    0x00, 0x00, 0xFF, 0x00, 0x00, 0x00, 0xFF, 0x40, 0x01, 0xFF, 0x00, 0x00, 0x00, 0xFF, 0x00, 0x02,
    0xFF, 0x00, 0x00, 0x02, 0xFF, 0x00, 0x03, 0xFE, 0x00, 0x00, 0x02, 0xFE, 0x00, 0x03, 0xFC, 0x00,
    0x00, 0x03, 0xFE, 0x00, 0x07, 0xFC, 0x00, 0x00, 0x03, 0xFC, 0x00, 0x0B, 0xFC, 0x00, 0x00, 0x0B,
    0xFC, 0x00, 0x0F, 0xF8, 0x00, 0x00, 0x0B, 0xF8, 0x00, 0x0F, 0xF0, 0x00, 0x00, 0x0F, 0xF8, 0x00,
    0x1F, 0xF0, 0x00, 0x00, 0x0F, 0xF0, 0x00, 0x2F, 0xF0, 0x00, 0x00, 0x2F, 0xF0, 0x00, 0x3F, 0xE0,
    0x00, 0x00, 0x2F, 0xE0, 0x00, 0x3F, 0xE0, 0x00, 0x00, 0x3F, 0xE0, 0x00, 0x3F, 0xE0, 0x00, 0x00,
    0x3F, 0xC0, 0x00, 0x3F, 0xE0, 0x00, 0x00, 0xBF, 0xC0, 0x00, 0x3F, 0xF8, 0x00, 0x1B, 0xFF, 0x80,
    0x00, 0x2F, 0xFF, 0xFF, 0xFF, 0xFF, 0x80, 0x00, 0x0F, 0xFF, 0xFF, 0xFF, 0xFF, 0x00, 0x00, 0x03,
    0xFF, 0xFF, 0xFA, 0xFF, 0x00, 0x00, 0x00, 0x2B, 0xEA, 0x02, 0xFE, 0x00, 0x00, 0x00, 0x00, 0x00,
    0x03, 0xFE, 0x00, 0x00, 0x00, 0x00, 0x00, 0x03, 0xFC, 0x00, 0x00, 0x00, 0x00, 0x00, 0x0B, 0xFC,
    0x00, 0x00, 0x00, 0x00, 0x00, 0x0B, 0xF8, 0x00, 0x00, 0x00, 0x00, 0x00, 0x0F, 0xF8, 0x00, 0x00,
    0x00, 0x00, 0x00, 0x0F, 0xF0, 0x00, 0x00, 0x00, 0x00, 0x0A, 0xBF, 0xF0, 0x00, 0x00, 0x00, 0x00,
    0x2F, 0xFF, 0xE0, 0x00, 0x00, 0x00, 0x00, 0x3F, 0xFF, 0xE0, 0x00, 0x00, 0x00, 0x00, 0x3F, 0xFF,
    0xC0, 0x00, 0x00, 0x00, 0x00, 0xBF, 0x80, 0x00, 0x00, 0x00, 0x00, 0x00, 0xBF, 0x80, 0x00, 0x00,
    0x00, 0x00, 0x00, 0xFF, 0x00, 0x00, 0x00, 0x00, 0x00, 0x00, 0xFF, 0x00, 0x00, 0x00, 0x00, 0x00,
    0x02, 0xFE, 0x00, 0x00, 0x00, 0x00, 0x00, 0x02, 0xFE, 0x00, 0x00, 0x00, 0x00, 0x00, 0x00, 0x00,
    0x00, 0x00, 0x03, 0xFC, 0x00, 0x03, 0xFC, 0x07, 0xF8, 0x00, 0x0B, 0xF8, 0x0B, 0xF8, 0x00, 0x0B,
    0xF8, 0x0F, 0xF0, 0x00, 0x0F, 0xF0, 0x0F, 0xF0, 0x00, 0x0F, 0xF0, 0x1F, 0xE0, 0x00, 0x2F, 0xE0,
    0x2F, 0xE0, 0x00, 0x2F, 0xE0, 0x3F, 0xC0, 0x00, 0x3F, 0xC0, 0x3F, 0xC0, 0x00, 0x3F, 0xC0, 0x3F,
    0xC0, 0x00, 0xBF, 0x80, 0x3F, 0xE0, 0x00, 0xFF, 0x80, 0x2F, 0xFE, 0xBF, 0xFF, 0x00, 0x1F, 0xFF,
    0xFF, 0xFF, 0x00, 0x0B, 0xFF, 0xFF, 0xFE, 0x00, 0x00, 0x04, 0x02, 0xFE, 0x00, 0x00, 0x00, 0x03,
    0xFC, 0x00, 0x00, 0x00, 0x03, 0xFC, 0x00, 0x00, 0x00, 0x0B, 0xF8, 0x00, 0x00, 0x0A, 0xAF, 0xF8,
    0x00, 0x00, 0x0F, 0xFF, 0xF0, 0x00, 0x00, 0x0F, 0xFF, 0xF0, 0x00, 0x00, 0x1F, 0xFF, 0xE0, 0x00,
    0x00, 0x2F, 0xE0, 0x00, 0x00, 0x00, 0x3F, 0xC0, 0x00, 0x00, 0x00, 0x3F, 0xC0, 0x00, 0x00, 0x00,
    0x7F, 0xC0, 0x00, 0x00, 0x00, 0xBF, 0x80, 0x00, 0x00, 0x00, 0x00, 0xFF, 0xF0, 0x00, 0x00, 0x00,
    0x0B, 0xFF, 0x00, 0x00, 0x00, 0xFF, 0xF0, 0x00, 0x00, 0x00, 0x0F, 0xFE, 0x00, 0x00, 0x02, 0xFF,
    0xF0, 0x00, 0x00, 0x00, 0x3F, 0xFE, 0x00, 0x00, 0x02, 0xFF, 0xF8, 0x00, 0x00, 0x00, 0xBF, 0xFC,
    0x00, 0x00, 0x03, 0xFF, 0xF8, 0x00, 0x00, 0x00, 0xFF, 0xFC, 0x00, 0x00, 0x03, 0xFF, 0xF8, 0x00,
    0x00, 0x02, 0xFF, 0xF8, 0x00, 0x00, 0x0B, 0xFF, 0xFC, 0x00, 0x00, 0x03, 0xFF, 0xF8, 0x00, 0x00,
    0x0B, 0xFB, 0xFC, 0x00, 0x00, 0x0F, 0xEF, 0xF0, 0x00, 0x00, 0x0F, 0xF3, 0xFC, 0x00, 0x00, 0x2F,
    0xCF, 0xF0, 0x00, 0x00, 0x0F, 0xE3, 0xFC, 0x00, 0x00, 0x3F, 0x6F, 0xE0, 0x00, 0x00, 0x2F, 0xD3,
    0xFC, 0x00, 0x00, 0xFF, 0x2F, 0xE0, 0x00, 0x00, 0x2F, 0xC3, 0xFC, 0x00, 0x01, 0xFC, 0x3F, 0xC0,
    0x00, 0x00, 0x3F, 0xC3, 0xFE, 0x00, 0x03, 0xF8, 0x3F, 0xC0, 0x00, 0x00, 0x3F, 0x82, 0xFE, 0x00,
    0x0B, 0xF0, 0xBF, 0x80, 0x00, 0x00, 0xBF, 0x42, 0xFE, 0x00, 0x0F, 0xC0, 0xBF, 0x80, 0x00, 0x00,
    0xBF, 0x02, 0xFF, 0x00, 0x3F, 0x80, 0xFF, 0x00, 0x00, 0x00, 0xFF, 0x01, 0xFF, 0x00, 0xBF, 0x00,
    0xFF, 0x00, 0x00, 0x00, 0xFE, 0x00, 0xFF, 0x00, 0xFE, 0x02, 0xFE, 0x00, 0x00, 0x02, 0xFD, 0x00,
    0xFF, 0x02, 0xFC, 0x02, 0xFE, 0x00, 0x00, 0x02, 0xFC, 0x00, 0xFF, 0x07, 0xF0, 0x03, 0xFC, 0x00,
    0x00, 0x03, 0xFC, 0x00, 0xFF, 0x0F, 0xE0, 0x03, 0xFC, 0x00, 0x00, 0x03, 0xF8, 0x00, 0xFF, 0x6F,
    0xC0, 0x0B, 0xF8, 0x00, 0x00, 0x0B, 0xF4, 0x00, 0xFF, 0xFF, 0x00, 0x0B, 0xF8, 0x00, 0x00, 0x0B,
    0xF0, 0x00, 0xBF, 0xFE, 0x00, 0x0F, 0xF0, 0x00, 0x00, 0x0F, 0xF0, 0x00, 0xBF, 0xFC, 0x00, 0x0F,
    0xF0, 0x00, 0x00, 0x0F, 0xE0, 0x00, 0xBF, 0xF8, 0x00, 0x2F, 0xE0, 0x00, 0x00, 0x2F, 0xD0, 0x00,
    0x3F, 0xF0, 0x00, 0x2F, 0xE5, 0x40, 0x00, 0x2F, 0xC0, 0x00, 0x3F, 0xC0, 0x00, 0x3F, 0xFF, 0xC0,
    0x00, 0x3F, 0xC0, 0x00, 0x00, 0x00, 0x00, 0x3F, 0xFF, 0x00, 0x00, 0x3F, 0x80, 0x00, 0x00, 0x00,
    0x00, 0x7F, 0xFE, 0x00, 0x00, 0x00, 0x00, 0x00, 0x00, 0x00, 0x00, 0x0B, 0xFC, 0x00, 0x00, 0x00,
    0x00, 0x00, 0x00, 0x00, 0x00, 0x0F, 0xF0, 0x00, 0x00, 0x00, 0x00, 0x00, 0x00, 0x00, 0x00, 0x3F,
    0xE0, 0x00, 0x00, 0x00, 0x00, 0x00, 0x00, 0x00, 0x00, 0xBF, 0xC0, 0x00, 0x00, 0x00, 0x00, 0x00,
    0x00, 0x00, 0x00, 0xFF, 0x00, 0x00, 0x00, 0x00, 0x00, 0x00, 0x00, 0x00, 0x03, 0xFD, 0x00, 0x00,
    0x00, 0x00, 0x00, 0x00, 0x00, 0x00, 0x00, 0x00, 0x00, 0x00, 0x0F, 0xFC, 0x00, 0x00, 0x02, 0xFF,
    0x00, 0x00, 0x0F, 0xFC, 0x00, 0x00, 0x07, 0xFF, 0x00, 0x00, 0x0F, 0xFC, 0x00, 0x00, 0x0F, 0xFF,
    0x00, 0x00, 0x2F, 0xFC, 0x00, 0x00, 0x2F, 0xFE, 0x00, 0x00, 0x3F, 0xFD, 0x00, 0x00, 0x3F, 0xFC,
    0x00, 0x00, 0x3F, 0xFE, 0x00, 0x00, 0xFF, 0xFC, 0x00, 0x00, 0x3F, 0xFE, 0x00, 0x02, 0xFF, 0xFC,
    0x00, 0x00, 0xBF, 0xFF, 0x00, 0x03, 0xEB, 0xF8, 0x00, 0x00, 0xFE, 0xFF, 0x00, 0x0F, 0xCF, 0xF0,
    0x00, 0x00, 0xFC, 0xFF, 0x00, 0x1F, 0x8F, 0xF0, 0x00, 0x00, 0xFC, 0xBF, 0x00, 0x3F, 0x2F, 0xF0,
    0x00, 0x02, 0xF8, 0xBF, 0x00, 0xBC, 0x2F, 0xE0, 0x00, 0x03, 0xF8, 0xBF, 0x80, 0xF8, 0x3F, 0xC0,
    0x00, 0x03, 0xF0, 0x3F, 0x83, 0xF0, 0x3F, 0xC0, 0x00, 0x03, 0xF0, 0x3F, 0x8B, 0xC0, 0xBF, 0xC0,
    0x00, 0x0B, 0xE0, 0x3F, 0xCF, 0x80, 0xBF, 0x80, 0x00, 0x0F, 0xE0, 0x3F, 0xFF, 0x00, 0xFF, 0x00,
    0x00, 0x0F, 0xC0, 0x3F, 0xFE, 0x00, 0xFF, 0x00, 0x00, 0x0F, 0xC0, 0x2F, 0xFC, 0x02, 0xFF, 0x54,
    0x00, 0x2F, 0x80, 0x2F, 0xF0, 0x02, 0xFF, 0xF8, 0x00, 0x3F, 0x80, 0x0A, 0x80, 0x03, 0xFF, 0xF0,
    0x00, 0x3F, 0x00, 0x00, 0x00, 0x03, 0xFF, 0xC0, 0x00, 0x00, 0x00, 0x00, 0x00, 0x00, 0xBF, 0x80,
    0x00, 0x00, 0x00, 0x00, 0x00, 0x00, 0xFF, 0x00, 0x00, 0x00, 0x00, 0x00, 0x00, 0x03, 0xFC, 0x00,
    0x00, 0x00, 0x00, 0x00, 0x00, 0x0B, 0xF8, 0x00, 0x00, 0x00, 0x00, 0x00, 0x00, 0x0F, 0xF0, 0x00,
    0x00, 0x00, 0x00, 0x00, 0x00, 0x3F, 0xC0, 0x00, 0x00, 0x00, 0x2A, 0x80, 0x00, 0x3F, 0xC0, 0x00,
    0x3F, 0x80, 0x00, 0xBF, 0x80, 0x00, 0xBF, 0x00, 0x00, 0xFF, 0x00, 0x00, 0xFF, 0x00, 0x00, 0xFE,
    0x00, 0x02, 0xFD, 0x00, 0x02, 0xFC, 0x00, 0x03, 0xFC, 0x00, 0x03, 0xF8, 0x00, 0x03, 0xF8, 0x00,
    0x0B, 0xF0, 0x00, 0x0F, 0xF0, 0x00, 0x0F, 0xF0, 0x00, 0x0F, 0xE0, 0x00, 0x1F, 0xE0, 0x00, 0x2F,
    0xC0, 0x00, 0x3F, 0xC0, 0x00, 0x3F, 0xC0, 0x00, 0x3F, 0x80, 0x00, 0x00, 0x00, 0x20, 0x00, 0x02,
    0x80, 0x00, 0x00, 0x00, 0x00, 0x3C, 0x00, 0x03, 0x80, 0x00, 0x00, 0x00, 0x00, 0x2C, 0x00, 0x0B,
    0x40, 0x00, 0x00, 0x00, 0x00, 0x1F, 0x40, 0x2F, 0x00, 0x00, 0x00, 0x00, 0x00, 0x0F, 0xFF, 0xFE,
    0x00, 0x00, 0x00, 0x00, 0x00, 0x03, 0xFF, 0xFC, 0x00, 0x00, 0x00, 0x00, 0x00, 0x00, 0xBF, 0x90,
    0x00, 0x00, 0x00, 0x00, 0x00, 0x00, 0x00, 0x00, 0x00, 0x00, 0x00, 0x00, 0x00, 0x00, 0x00, 0x00,
    0x00, 0x00, 0x00, 0x00, 0x00, 0x00, 0x0C, 0x00, 0x00, 0x00, 0x00, 0x00, 0x00, 0x00, 0x2F, 0x00,
    0x00, 0x00, 0x00, 0x00, 0x00, 0x00, 0x3F, 0x00, 0x00, 0x00, 0x00, 0x00, 0x00, 0x00, 0x3F, 0x80,
    0x00, 0x00, 0x00, 0x00, 0x00, 0x00, 0xBF, 0xC0, 0x00, 0x00, 0x00, 0x00, 0x00, 0x00, 0xFF, 0xE0,
    0x00, 0x00, 0x00, 0x00, 0x00, 0x02, 0xFF, 0xF0, 0x00, 0x00, 0x00, 0x00, 0x00, 0x03, 0xCF, 0xF4,
    0x00, 0x00, 0x00, 0x00, 0x00, 0x07, 0x8B, 0xFC, 0x00, 0x00, 0x00, 0x00, 0x00, 0x0F, 0x03, 0xFC,
    0x00, 0x00, 0x00, 0x00, 0x00, 0x0F, 0x02, 0xFE, 0x00, 0x00, 0x00, 0x00, 0x00, 0x2D, 0x00, 0xFF,
    0x00, 0x00, 0x00, 0x00, 0x00, 0x3C, 0x00, 0xFF, 0x80, 0x00, 0x00, 0x00, 0x00, 0xB8, 0x00, 0x7F,
    0xC0, 0x00, 0x00, 0x00, 0x00, 0xF0, 0x00, 0x3F, 0xE0, 0x00, 0x00, 0x00, 0x01, 0xE0, 0x00, 0x2F,
    0xF0, 0x00, 0x00, 0x00, 0x03, 0xC0, 0x00, 0x0F, 0xF0, 0x00, 0x00, 0x00, 0x03, 0xFF, 0xFF, 0xFF,
    0xFC, 0x00, 0x00, 0x00, 0x0B, 0xFF, 0xFF, 0xFF, 0xFC, 0x00, 0x00, 0x00, 0x0F, 0x00, 0x00, 0x03,
    0xFE, 0x00, 0x00, 0x00, 0x2E, 0x00, 0x00, 0x02, 0xFF, 0x00, 0x00, 0x00, 0x3C, 0x00, 0x00, 0x00,
    0xFF, 0x80, 0x00, 0x00, 0x7C, 0x00, 0x00, 0x00, 0xFF, 0xC0, 0x00, 0x00, 0xF8, 0x00, 0x00, 0x00,
    0x3F, 0xD0, 0x00, 0x01, 0xF0, 0x00, 0x00, 0x00, 0x3F, 0xF0, 0x00, 0x03, 0xF0, 0x00, 0x00, 0x00,
    0x3F, 0xF8, 0x00, 0x0F, 0xF8, 0x00, 0x00, 0x00, 0xBF, 0xFE, 0x00, 0xBF, 0xFF, 0xC0, 0x00, 0x0B,
    0xFF, 0xFF, 0xC0, 0x03, 0x00, 0x00, 0x34, 0x00, 0x03, 0x80, 0x00, 0x30, 0x00, 0x03, 0xC0, 0x00,
    0xF0, 0x00, 0x02, 0xF8, 0x03, 0xF0, 0x00, 0x00, 0xFF, 0xFF, 0xC0, 0x00, 0x00, 0x3F, 0xFF, 0x40,
    0x00, 0x00, 0x0A, 0xA8, 0x00, 0x00, 0x00, 0x00, 0x00, 0x00, 0x00, 0x00, 0x00, 0x00, 0x00, 0x00,
    0x00, 0x2F, 0xF9, 0x00, 0x00, 0x03, 0xE0, 0x3F, 0x80, 0x00, 0x0F, 0xC0, 0x0F, 0xE0, 0x00, 0x2F,
    0xC0, 0x0B, 0xF0, 0x00, 0x3F, 0xC0, 0x0B, 0xF0, 0x00, 0x2F, 0x80, 0x0B, 0xF0, 0x00, 0x00, 0x00,
    0x0B, 0xF0, 0x00, 0x00, 0x00, 0x7F, 0xF0, 0x00, 0x00, 0x0B, 0xEB, 0xF0, 0x00, 0x00, 0xBD, 0x0B,
    0xF0, 0x00, 0x03, 0xE0, 0x0B, 0xF0, 0x00, 0x0F, 0xC0, 0x0B, 0xF0, 0x00, 0x3F, 0x40, 0x0B, 0xF0,
    0x00, 0x3F, 0x00, 0x0B, 0xF0, 0x00, 0xBF, 0x40, 0x0B, 0xF0, 0x00, 0xBF, 0xC0, 0x0F, 0xF0, 0x00,
    0x3F, 0xE4, 0xBB, 0xF8, 0xC0, 0x2F, 0xFF, 0xC3, 0xFF, 0xC0, 0x0B, 0xFE, 0x02, 0xFE, 0x00, 0x00,
    0x00, 0x00, 0x00, 0x00, 0x00, 0x00, 0x04, 0x00, 0x04, 0x00, 0x00, 0x00, 0x00, 0x00, 0x3F, 0x40,
    0x3F, 0x80, 0x00, 0x00, 0x00, 0x00, 0xBF, 0x80, 0x3F, 0xC0, 0x00, 0x00, 0x00, 0x00, 0x3F, 0x80,
    0x3F, 0x80, 0x00, 0x00, 0x00, 0x00, 0x2E, 0x00, 0x1E, 0x00, 0x00, 0x00, 0x00, 0x00, 0x00, 0x00,
    0x00, 0x00, 0x00, 0x00, 0x00, 0x00, 0x00, 0x00, 0x00, 0x00, 0x00, 0x00, 0x00, 0x00, 0x00, 0x0C,
    0x00, 0x00, 0x00, 0x00, 0x00, 0x00, 0x00, 0x2F, 0x00, 0x00, 0x00, 0x00, 0x00, 0x00, 0x00, 0x3F,
    0x00, 0x00, 0x00, 0x00, 0x00, 0x00, 0x00, 0x3F, 0x80, 0x00, 0x00, 0x00, 0x00, 0x00, 0x00, 0xBF,
    0xC0, 0x00, 0x00, 0x00, 0x00, 0x00, 0x00, 0xFF, 0xE0, 0x00, 0x00, 0x00, 0x00, 0x00, 0x02, 0xFF,
    0xF0, 0x00, 0x00, 0x00, 0x00, 0x00, 0x03, 0xCF, 0xF4, 0x00, 0x00, 0x00, 0x00, 0x00, 0x07, 0x8B,
    0xFC, 0x00, 0x00, 0x00, 0x00, 0x00, 0x0F, 0x03, 0xFC, 0x00, 0x00, 0x00, 0x00, 0x00, 0x0F, 0x02,
    0xFE, 0x00, 0x00, 0x00, 0x00, 0x00, 0x2D, 0x00, 0xFF, 0x00, 0x00, 0x00, 0x00, 0x00, 0x3C, 0x00,
    0xFF, 0x80, 0x00, 0x00, 0x00, 0x00, 0xB8, 0x00, 0x7F, 0xC0, 0x00, 0x00, 0x00, 0x00, 0xF0, 0x00,
    0x3F, 0xE0, 0x00, 0x00, 0x00, 0x01, 0xE0, 0x00, 0x2F, 0xF0, 0x00, 0x00, 0x00, 0x03, 0xC0, 0x00,
    0x0F, 0xF0, 0x00, 0x00, 0x00, 0x03, 0xFF, 0xFF, 0xFF, 0xFC, 0x00, 0x00, 0x00, 0x0B, 0xFF, 0xFF,
    0xFF, 0xFC, 0x00, 0x00, 0x00, 0x0F, 0x00, 0x00, 0x03, 0xFE, 0x00, 0x00, 0x00, 0x2E, 0x00, 0x00,
    0x02, 0xFF, 0x00, 0x00, 0x00, 0x3C, 0x00, 0x00, 0x00, 0xFF, 0x80, 0x00, 0x00, 0x7C, 0x00, 0x00,
    0x00, 0xFF, 0xC0, 0x00, 0x00, 0xF8, 0x00, 0x00, 0x00, 0x3F, 0xD0, 0x00, 0x01, 0xF0, 0x00, 0x00,
    0x00, 0x3F, 0xF0, 0x00, 0x03, 0xF0, 0x00, 0x00, 0x00, 0x3F, 0xF8, 0x00, 0x0F, 0xF8, 0x00, 0x00,
    0x00, 0xBF, 0xFE, 0x00, 0xBF, 0xFF, 0xC0, 0x00, 0x0B, 0xFF, 0xFF, 0xC0, 0x02, 0x80, 0x02, 0x80,
    0x00, 0x0F, 0xE0, 0x0F, 0xF0, 0x00, 0x0F, 0xF0, 0x0F, 0xF0, 0x00, 0x0F, 0xF0, 0x0F, 0xF0, 0x00,
    0x02, 0x80, 0x02, 0x80, 0x00, 0x00, 0x00, 0x00, 0x00, 0x00, 0x00, 0x00, 0x00, 0x00, 0x00, 0x00,
    0x00, 0x00, 0x00, 0x00, 0x00, 0x2F, 0xF9, 0x00, 0x00, 0x03, 0xE0, 0x3F, 0x80, 0x00, 0x0F, 0xC0,
    0x0F, 0xE0, 0x00, 0x2F, 0xC0, 0x0B, 0xF0, 0x00, 0x3F, 0xC0, 0x0B, 0xF0, 0x00, 0x2F, 0x80, 0x0B,
    0xF0, 0x00, 0x00, 0x00, 0x0B, 0xF0, 0x00, 0x00, 0x00, 0x7F, 0xF0, 0x00, 0x00, 0x0B, 0xEB, 0xF0,
    0x00, 0x00, 0xBD, 0x0B, 0xF0, 0x00, 0x03, 0xE0, 0x0B, 0xF0, 0x00, 0x0F, 0xC0, 0x0B, 0xF0, 0x00,
    0x3F, 0x40, 0x0B, 0xF0, 0x00, 0x3F, 0x00, 0x0B, 0xF0, 0x00, 0xBF, 0x40, 0x0B, 0xF0, 0x00, 0xBF,
    0xC0, 0x0F, 0xF0, 0x00, 0x3F, 0xE4, 0xBB, 0xF8, 0xC0, 0x2F, 0xFF, 0xC3, 0xFF, 0xC0, 0x0B, 0xFE,
    0x02, 0xFE, 0x00, 0x00, 0x00, 0x00, 0x00, 0x00, 0x00, 0x00, 0x00, 0x00, 0x00, 0x00, 0x00, 0x00,
    0x00, 0x00, 0x00, 0x02, 0xFF, 0xFF, 0xFF, 0xFF, 0xFF, 0xF0, 0x00, 0x00, 0x00, 0x0F, 0xFF, 0xD0,
    0x00, 0x6F, 0xF0, 0x00, 0x00, 0x00, 0x0F, 0xFF, 0x80, 0x00, 0x02, 0xF0, 0x00, 0x00, 0x00, 0x2E,
    0xBF, 0x80, 0x00, 0x00, 0xF0, 0x00, 0x00, 0x00, 0x3C, 0xBF, 0x80, 0x00, 0x00, 0xB0, 0x00, 0x00,
    0x00, 0xB8, 0xBF, 0x80, 0x00, 0x00, 0x20, 0x00, 0x00, 0x00, 0xF0, 0xBF, 0x80, 0x00, 0x00, 0x00,
    0x00, 0x00, 0x02, 0xE0, 0xBF, 0x80, 0x00, 0x00, 0x00, 0x00, 0x00, 0x03, 0xC0, 0xBF, 0x80, 0x00,
    0x0A, 0x00, 0x00, 0x00, 0x0B, 0x80, 0xBF, 0x80, 0x00, 0x0E, 0x00, 0x00, 0x00, 0x0F, 0x00, 0xBF,
    0x80, 0x00, 0x2E, 0x00, 0x00, 0x00, 0x2E, 0x00, 0xBF, 0x80, 0x01, 0xBE, 0x00, 0x00, 0x00, 0x3C,
    0x00, 0xBF, 0xFF, 0xFF, 0xFE, 0x00, 0x00, 0x00, 0xB8, 0x00, 0xBF, 0xEA, 0xAA, 0xFE, 0x00, 0x00,
    0x00, 0xFA, 0xAA, 0xFF, 0x80, 0x00, 0x2E, 0x00, 0x00, 0x02, 0xFF, 0xFF, 0xFF, 0x80, 0x00, 0x0E,
    0x00, 0x00, 0x03, 0xD0, 0x00, 0xBF, 0x80, 0x00, 0x0E, 0x00, 0x00, 0x0B, 0xC0, 0x00, 0xBF, 0x80,
    0x00, 0x00, 0x00, 0x00, 0x0F, 0x00, 0x00, 0xBF, 0x80, 0x00, 0x00, 0x00, 0x00, 0x2F, 0x00, 0x00,
    0xBF, 0x80, 0x00, 0x00, 0x00, 0x00, 0x3C, 0x00, 0x00, 0xBF, 0x80, 0x00, 0x00, 0x0E, 0x00, 0xBC,
    0x00, 0x00, 0xBF, 0x80, 0x00, 0x00, 0x0C, 0x00, 0xF0, 0x00, 0x00, 0xBF, 0x80, 0x00, 0x00, 0x3C,
    0x02, 0xF0, 0x00, 0x00, 0xBF, 0x80, 0x00, 0x00, 0xFC, 0x03, 0xE0, 0x00, 0x00, 0xFF, 0xC0, 0x00,
    0x0B, 0xF8, 0x2F, 0xF4, 0x00, 0x02, 0xFF, 0xFF, 0xFF, 0xFF, 0xF0, 0xFF, 0xFF, 0x40, 0x3F, 0xFF,
    0xFF, 0xFF, 0xFF, 0xF0, 0x00, 0x00, 0x00, 0x00, 0x00, 0x00, 0x00, 0x00, 0xBF, 0xFE, 0x0B, 0xFF,
    0xC0, 0x00, 0x07, 0xE0, 0x3F, 0xFE, 0x0B, 0xF0, 0x00, 0x0F, 0xC0, 0x0F, 0xF8, 0x02, 0xFC, 0x00,
    0x2F, 0xC0, 0x0F, 0xF0, 0x00, 0xFE, 0x00, 0x2F, 0xC0, 0x0F, 0xF0, 0x00, 0xFF, 0x00, 0x0F, 0x80,
    0x0F, 0xE0, 0x00, 0xFF, 0x00, 0x00, 0x00, 0x0F, 0xFF, 0xFF, 0xFF, 0x00, 0x00, 0x00, 0x2F, 0xF0,
    0x00, 0x00, 0x00, 0x00, 0x0B, 0xEF, 0xE0, 0x00, 0x00, 0x00, 0x00, 0xBE, 0x0F, 0xE0, 0x00, 0x00,
    0x00, 0x03, 0xF0, 0x0F, 0xF0, 0x00, 0x00, 0x00, 0x0F, 0xC0, 0x0B, 0xF0, 0x00, 0x00, 0x00, 0x3F,
    0x80, 0x0B, 0xF0, 0x00, 0x00, 0x80, 0x3F, 0x00, 0x0B, 0xF4, 0x00, 0x02, 0x80, 0xBF, 0x00, 0x03,
    0xFC, 0x00, 0x0B, 0x00, 0x7F, 0xC0, 0x0B, 0xFF, 0x00, 0x2E, 0x00, 0x3F, 0xE0, 0x3E, 0xFF, 0xFF,
    0xF8, 0x00, 0x2F, 0xFF, 0xF0, 0xBF, 0xFF, 0xE0, 0x00, 0x07, 0xFF, 0x40, 0x0F, 0xFF, 0x00, 0x00,
    0x00, 0x00, 0x00, 0x00, 0x00, 0x00, 0x00, 0x00, 0x02, 0x00, 0x00, 0x20, 0x00, 0x00, 0x00, 0x03,
    0x00, 0x00, 0x70, 0x00, 0x00, 0x00, 0x03, 0xC0, 0x00, 0xF0, 0x00, 0x00, 0x00, 0x03, 0xE0, 0x03,
    0xE0, 0x00, 0x00, 0x00, 0x01, 0xFE, 0xAF, 0xC0, 0x00, 0x00, 0x00, 0x00, 0xBF, 0xFF, 0x80, 0x00,
    0x00, 0x00, 0x00, 0x1F, 0xF8, 0x00, 0x00, 0x00, 0x00, 0x00, 0x00, 0x00, 0x00, 0x00, 0x00, 0x00,
    0x00, 0x00, 0x00, 0x00, 0x00, 0x00, 0x15, 0x55, 0x55, 0x55, 0x55, 0x50, 0x00, 0x2F, 0xFF, 0xFF,
    0xFF, 0xFF, 0xF0, 0x00, 0x02, 0xFF, 0xEA, 0xAA, 0xAF, 0xF0, 0x00, 0x00, 0xFF, 0x80, 0x00, 0x02,
    0xF0, 0x00, 0x00, 0xFF, 0x00, 0x00, 0x00, 0xB0, 0x00, 0x00, 0xFF, 0x00, 0x00, 0x00, 0x30, 0x00,
    0x00, 0xFF, 0x00, 0x00, 0x00, 0x20, 0x00, 0x00, 0xFF, 0x00, 0x00, 0x00, 0x00, 0x00, 0x00, 0xFF,
    0x00, 0x00, 0x00, 0x00, 0x00, 0x00, 0xFF, 0x00, 0x00, 0x03, 0x00, 0x00, 0x00, 0xFF, 0x00, 0x00,
    0x03, 0x00, 0x00, 0x00, 0xFF, 0x00, 0x00, 0x0F, 0x00, 0x00, 0x00, 0xFF, 0x80, 0x01, 0xBF, 0x00,
    0x00, 0x00, 0xFF, 0xFF, 0xFF, 0xFF, 0x00, 0x00, 0x00, 0xFF, 0xAA, 0xAA, 0xFF, 0x00, 0x00, 0x00,
    0xFF, 0x00, 0x00, 0x1F, 0x00, 0x00, 0x00, 0xFF, 0x00, 0x00, 0x0B, 0x00, 0x00, 0x00, 0xFF, 0x00,
    0x00, 0x03, 0x00, 0x00, 0x00, 0xFF, 0x00, 0x00, 0x02, 0x00, 0x00, 0x00, 0xFF, 0x00, 0x00, 0x00,
    0x00, 0x00, 0x00, 0xFF, 0x00, 0x00, 0x00, 0x00, 0x00, 0x00, 0xFF, 0x00, 0x00, 0x00, 0x03, 0x80,
    0x00, 0xFF, 0x00, 0x00, 0x00, 0x0B, 0x00, 0x00, 0xFF, 0x00, 0x00, 0x00, 0x1F, 0x00, 0x00, 0xFF,
    0x40, 0x00, 0x00, 0x3E, 0x00, 0x00, 0xFF, 0x80, 0x00, 0x02, 0xFD, 0x00, 0x0B, 0xFF, 0xFF, 0xFF,
    0xFF, 0xFC, 0x00, 0xBF, 0xFF, 0xFF, 0xFF, 0xFF, 0xFC, 0x00, 0x00, 0x00, 0x00, 0x00, 0x00, 0x02,
    0xC0, 0x00, 0x2C, 0x00, 0x02, 0xC0, 0x00, 0x38, 0x00, 0x02, 0xE0, 0x00, 0xB8, 0x00, 0x00, 0xFC,
    0x02, 0xF0, 0x00, 0x00, 0xBF, 0xFF, 0xE0, 0x00, 0x00, 0x2F, 0xFF, 0x80, 0x00, 0x00, 0x02, 0xA8,
    0x00, 0x00, 0x00, 0x00, 0x00, 0x00, 0x00, 0x00, 0x00, 0x00, 0x00, 0x00, 0x00, 0x0B, 0xFE, 0x00,
    0x00, 0x00, 0xBF, 0xBF, 0xF0, 0x00, 0x02, 0xF0, 0x07, 0xFC, 0x00, 0x07, 0xC0, 0x02, 0xFE, 0x00,
    0x0F, 0x80, 0x00, 0xFF, 0x00, 0x1F, 0x00, 0x00, 0xFF, 0x00, 0x2F, 0xFF, 0xFF, 0xFF, 0x80, 0x3F,
    0xAA, 0xAA, 0xAA, 0x00, 0x3F, 0x00, 0x00, 0x00, 0x00, 0x3F, 0x00, 0x00, 0x00, 0x00, 0x3F, 0x00,
    0x00, 0x00, 0x00, 0x3F, 0x80, 0x00, 0x00, 0x00, 0x3F, 0xC0, 0x00, 0x00, 0xC0, 0x2F, 0xE0, 0x00,
    0x02, 0xC0, 0x0F, 0xF0, 0x00, 0x0B, 0x00, 0x0F, 0xFE, 0x00, 0x2E, 0x00, 0x03, 0xFF, 0xEB, 0xFC,
    0x00, 0x00, 0xFF, 0xFF, 0xF0, 0x00, 0x00, 0x2F, 0xFF, 0x40, 0x00, 0x00, 0x00, 0x00, 0x00, 0x00,
    0x00, 0x00, 0x00, 0x00, 0x00, 0x00, 0x00, 0x00, 0x00, 0x2F, 0xFE, 0x80, 0x00, 0x00, 0x00, 0x03,
    0xFF, 0xFF, 0xF8, 0x00, 0x00, 0x00, 0x2F, 0xFF, 0xFF, 0xFF, 0x00, 0x00, 0x00, 0xBF, 0xFF, 0xFF,
    0xFF, 0xC0, 0x00, 0x02, 0xFF, 0xAA, 0xBF, 0xFF, 0xF0, 0x00, 0x0B, 0xF0, 0x00, 0x0B, 0xFF, 0xF4,
    0x00, 0x0F, 0xC0, 0x00, 0x00, 0xFF, 0xFC, 0x00, 0x2E, 0x00, 0x00, 0x00, 0x3F, 0xFD, 0x00, 0x3C,
    0x00, 0x00, 0x00, 0x1F, 0xFF, 0x00, 0xB0, 0x00, 0x00, 0x00, 0x0B, 0xFF, 0x00, 0x90, 0x00, 0x00,
    0x00, 0x03, 0xFF, 0x00, 0x00, 0x00, 0x00, 0x00, 0x03, 0xFF, 0x80, 0x00, 0x00, 0x00, 0x00, 0x02,
    0xFF, 0x80, 0x00, 0x00, 0x00, 0x00, 0x01, 0xFF, 0x80, 0x00, 0x00, 0x00, 0x00, 0x00, 0xFF, 0x80,
    0x00, 0x00, 0x00, 0x00, 0x00, 0xFF, 0x80, 0x00, 0x00, 0x00, 0x00, 0x00, 0xFF, 0x80, 0x1A, 0xAA,
    0xAA, 0xAA, 0xAA, 0xFF, 0x00, 0x2F, 0xFF, 0xFF, 0xFF, 0xFF, 0xFF, 0x00, 0x2F, 0xFE, 0xAA, 0xAA,
    0xAA, 0xFF, 0x00, 0x1F, 0xFC, 0x00, 0x00, 0x00, 0xFC, 0x00, 0x0F, 0xFC, 0x00, 0x00, 0x02, 0xFC,
    0x00, 0x0F, 0xFC, 0x00, 0x00, 0x03, 0xF4, 0x00, 0x03, 0xFE, 0x00, 0x00, 0x0B, 0xE0, 0x00, 0x02,
    0xFF, 0x80, 0x00, 0x0F, 0xC0, 0x00, 0x00, 0xFF, 0xF4, 0x00, 0xBF, 0x00, 0x00, 0x00, 0x2F, 0xFF,
    0xEF, 0xF8, 0x00, 0x00, 0x00, 0x03, 0xFF, 0xFF, 0xC0, 0x00, 0x00, 0x00, 0x00, 0x1A, 0xA4, 0x00,
    0x00, 0x00, 0x00, 0x00, 0x00, 0x00, 0x00, 0x00, 0x0B, 0xFE, 0x40, 0x00, 0x00, 0xBF, 0xFF, 0xF0,
    0x00, 0x02, 0xFF, 0xFF, 0xFC, 0x00, 0x07, 0xE0, 0x1F, 0xFE, 0x00, 0x0F, 0x00, 0x02, 0xFF, 0x00,
    0x2C, 0x00, 0x00, 0xBF, 0x80, 0x30, 0x00, 0x00, 0x3F, 0xC0, 0x00, 0x00, 0x00, 0x2F, 0xC0, 0x00,
    0x00, 0x00, 0x0F, 0xC0, 0x00, 0x00, 0x00, 0x0F, 0xC0, 0x00, 0x00, 0x00, 0x0F, 0xC0, 0x00, 0x00,
    0x00, 0x0F, 0xC0, 0x2F, 0xFF, 0xFF, 0xFF, 0xC0, 0x0F, 0xF0, 0x00, 0x0F, 0x80, 0x0F, 0xF0, 0x00,
    0x0F, 0x00, 0x0F, 0xF8, 0x00, 0x2E, 0x00, 0x03, 0xFC, 0x00, 0x7C, 0x00, 0x00, 0xFF, 0x82, 0xF0,
    0x00, 0x00, 0x2F, 0xFF, 0x80, 0x00, 0x00, 0x00, 0x40, 0x00, 0x00, 0x00, 0x02, 0xD0, 0x02, 0xE0,
    0x00, 0x00, 0x00, 0x0B, 0xF0, 0x0B, 0xF4, 0x00, 0x00, 0x00, 0x0F, 0xF0, 0x0B, 0xF8, 0x00, 0x00,
    0x00, 0x0B, 0xF0, 0x03, 0xF0, 0x00, 0x00, 0x00, 0x00, 0x40, 0x00, 0x40, 0x00, 0x00, 0x00, 0x00,
    0x00, 0x00, 0x00, 0x00, 0x00, 0x00, 0x00, 0x00, 0x00, 0x00, 0x00, 0x00, 0x00, 0x00, 0x00, 0x00,
    0x00, 0x00, 0x00, 0x00, 0x00, 0x00, 0x00, 0x00, 0x00, 0x00, 0x00, 0x00, 0x2F, 0xFE, 0x80, 0x00,
    0x00, 0x00, 0x03, 0xFF, 0xFF, 0xF8, 0x00, 0x00, 0x00, 0x2F, 0xFF, 0xFF, 0xFF, 0x00, 0x00, 0x00,
    0xBF, 0xFF, 0xFF, 0xFF, 0xC0, 0x00, 0x02, 0xFF, 0xAA, 0xBF, 0xFF, 0xF0, 0x00, 0x0B, 0xF0, 0x00,
    0x0B, 0xFF, 0xF4, 0x00, 0x0F, 0xC0, 0x00, 0x00, 0xFF, 0xFC, 0x00, 0x2E, 0x00, 0x00, 0x00, 0x3F,
    0xFD, 0x00, 0x3C, 0x00, 0x00, 0x00, 0x1F, 0xFF, 0x00, 0xB0, 0x00, 0x00, 0x00, 0x0B, 0xFF, 0x00,
    0x90, 0x00, 0x00, 0x00, 0x03, 0xFF, 0x00, 0x00, 0x00, 0x00, 0x00, 0x03, 0xFF, 0x80, 0x00, 0x00,
    0x00, 0x00, 0x02, 0xFF, 0x80, 0x00, 0x00, 0x00, 0x00, 0x01, 0xFF, 0x80, 0x00, 0x00, 0x00, 0x00,
    0x00, 0xFF, 0x80, 0x00, 0x00, 0x00, 0x00, 0x00, 0xFF, 0x80, 0x00, 0x00, 0x00, 0x00, 0x00, 0xFF,
    0x80, 0x1A, 0xAA, 0xAA, 0xAA, 0xAA, 0xFF, 0x00, 0x2F, 0xFF, 0xFF, 0xFF, 0xFF, 0xFF, 0x00, 0x2F,
    0xFE, 0xAA, 0xAA, 0xAA, 0xFF, 0x00, 0x1F, 0xFC, 0x00, 0x00, 0x00, 0xFC, 0x00, 0x0F, 0xFC, 0x00,
    0x00, 0x02, 0xFC, 0x00, 0x0F, 0xFC, 0x00, 0x00, 0x03, 0xF4, 0x00, 0x03, 0xFE, 0x00, 0x00, 0x0B,
    0xE0, 0x00, 0x02, 0xFF, 0x80, 0x00, 0x0F, 0xC0, 0x00, 0x00, 0xFF, 0xF4, 0x00, 0xBF, 0x00, 0x00,
    0x00, 0x2F, 0xFF, 0xEF, 0xF8, 0x00, 0x00, 0x00, 0x03, 0xFF, 0xFF, 0xC0, 0x00, 0x00, 0x00, 0x00,
    0x1A, 0xA4, 0x00, 0x00, 0x00, 0x00, 0xA0, 0x00, 0xA0, 0x00, 0x03, 0xFC, 0x03, 0xFC, 0x00, 0x03,
    0xFC, 0x03, 0xFC, 0x00, 0x03, 0xF8, 0x02, 0xFC, 0x00, 0x00, 0x50, 0x00, 0x10, 0x00, 0x00, 0x00,
    0x00, 0x00, 0x00, 0x00, 0x00, 0x00, 0x00, 0x00, 0x00, 0x00, 0x00, 0x00, 0x00, 0x00, 0x00, 0x00,
    0x00, 0x00, 0x00, 0x0B, 0xFE, 0x40, 0x00, 0x00, 0xBF, 0xFF, 0xF0, 0x00, 0x02, 0xFF, 0xFF, 0xFC,
    0x00, 0x07, 0xE0, 0x1F, 0xFE, 0x00, 0x0F, 0x00, 0x02, 0xFF, 0x00, 0x2C, 0x00, 0x00, 0xBF, 0x80,
    0x30, 0x00, 0x00, 0x3F, 0xC0, 0x00, 0x00, 0x00, 0x2F, 0xC0, 0x00, 0x00, 0x00, 0x0F, 0xC0, 0x00,
    0x00, 0x00, 0x0F, 0xC0, 0x00, 0x00, 0x00, 0x0F, 0xC0, 0x00, 0x00, 0x00, 0x0F, 0xC0, 0x2F, 0xFF,
    0xFF, 0xFF, 0xC0, 0x0F, 0xF0, 0x00, 0x0F, 0x80, 0x0F, 0xF0, 0x00, 0x0F, 0x00, 0x0F, 0xF8, 0x00,
    0x2E, 0x00, 0x03, 0xFC, 0x00, 0x7C, 0x00, 0x00, 0xFF, 0x82, 0xF0, 0x00, 0x00, 0x2F, 0xFF, 0x80,
    0x00, 0x00, 0x00, 0x40, 0x00, 0x00, 0x00, 0x00, 0x00, 0x00, 0x00, 0x00, 0x00, 0x00, 0x00, 0x00,
    0x00, 0x00, 0x00, 0x0F, 0xC0, 0x0F, 0xC0, 0x00, 0x00, 0x00, 0x00, 0x00, 0x00, 0x2F, 0xE0, 0x0F,
    0xE0, 0x00, 0x00, 0x00, 0x00, 0x00, 0x00, 0x2F, 0xE0, 0x0F, 0xE0, 0x00, 0x00, 0x00, 0x00, 0x00,
    0x00, 0x0F, 0xC0, 0x0B, 0xC0, 0x00, 0x00, 0x00, 0x00, 0x00, 0x00, 0x00, 0x00, 0x00, 0x00, 0x00,
    0x00, 0x00, 0x00, 0x00, 0x00, 0x00, 0x00, 0x00, 0x00, 0x00, 0x00, 0x00, 0x15, 0x55, 0x50, 0x05,
    0x55, 0x55, 0x40, 0x05, 0x55, 0x50, 0x2F, 0xFF, 0xE0, 0x0B, 0xFF, 0xFF, 0x80, 0x2F, 0xFF, 0xF8,
    0x02, 0xFE, 0x00, 0x00, 0x3F, 0xF8, 0x00, 0x00, 0xFF, 0x00, 0x00, 0x3F, 0x00, 0x00, 0x2F, 0xF0,
    0x00, 0x02, 0xF8, 0x00, 0x00, 0x0F, 0x80, 0x00, 0x2F, 0xF0, 0x00, 0x03, 0xE0, 0x00, 0x00, 0x03,
    0xE0, 0x00, 0x2F, 0xF0, 0x00, 0x0F, 0x80, 0x00, 0x00, 0x00, 0xF8, 0x00, 0x2F, 0xF0, 0x00, 0x3E,
    0x00, 0x00, 0x00, 0x00, 0x3E, 0x00, 0x2F, 0xF0, 0x00, 0xF8, 0x00, 0x00, 0x00, 0x00, 0x0F, 0x80,
    0x2F, 0xF0, 0x03, 0xE0, 0x00, 0x00, 0x00, 0x00, 0x03, 0xE0, 0x2F, 0xF0, 0x0F, 0x80, 0x00, 0x00,
    0x00, 0x00, 0x00, 0xF8, 0x2F, 0xF0, 0x3E, 0x00, 0x00, 0x00, 0x00, 0x00, 0x00, 0x3E, 0x2F, 0xF0,
    0xF8, 0x00, 0x00, 0x00, 0x00, 0x00, 0x00, 0x2F, 0xAF, 0xF3, 0xF0, 0x00, 0x00, 0x00, 0x00, 0x00,
    0x00, 0x3F, 0xFF, 0xFF, 0xF8, 0x00, 0x00, 0x00, 0x00, 0x00, 0x00, 0xFF, 0xFF, 0xFF, 0xFC, 0x00,
    0x00, 0x00, 0x00, 0x00, 0x02, 0xFF, 0xEF, 0xFB, 0xFF, 0x00, 0x00, 0x00, 0x00, 0x00, 0x0B, 0xFF,
    0x2F, 0xF2, 0xFF, 0xC0, 0x00, 0x00, 0x00, 0x00, 0x0F, 0xFC, 0x2F, 0xF0, 0xFF, 0xF0, 0x00, 0x00,
    0x00, 0x00, 0x3F, 0xF4, 0x2F, 0xF0, 0x3F, 0xF8, 0x00, 0x00, 0x00, 0x00, 0xFF, 0xE0, 0x2F, 0xF0,
    0x0F, 0xFD, 0x00, 0x00, 0x00, 0x03, 0xFF, 0x80, 0x2F, 0xF0, 0x03, 0xFF, 0x00, 0x00, 0x00, 0x0B,
    0xFF, 0x00, 0x2F, 0xF0, 0x02, 0xFF, 0xC0, 0x00, 0x00, 0x2F, 0xFC, 0x00, 0x2F, 0xF0, 0x00, 0xBF,
    0xF0, 0x00, 0x00, 0x3F, 0xF0, 0x00, 0x2F, 0xF0, 0x00, 0x3F, 0xF8, 0x00, 0x00, 0xFF, 0xE0, 0x00,
    0x2F, 0xF0, 0x00, 0x0F, 0xFE, 0x00, 0x03, 0xFF, 0xC0, 0x00, 0x2F, 0xF0, 0x00, 0x07, 0xFF, 0x40,
    0x0F, 0xFF, 0xC0, 0x00, 0xBF, 0xFD, 0x00, 0x0B, 0xFF, 0xE0, 0xFF, 0xFF, 0xFC, 0x0F, 0xFF, 0xFF,
    0xE0, 0xBF, 0xFF, 0xFC, 0x00, 0x00, 0x00, 0x00, 0x00, 0x40, 0x00, 0x00, 0x00, 0x00, 0x0B, 0xF0,
    0x0B, 0xF0, 0x00, 0x00, 0x00, 0x00, 0x0F, 0xF0, 0x0F, 0xF0, 0x00, 0x00, 0x00, 0x00, 0x0F, 0xF0,
    0x0B, 0xF0, 0x00, 0x00, 0x00, 0x00, 0x02, 0xC0, 0x02, 0xE0, 0x00, 0x00, 0x00, 0x00, 0x00, 0x00,
    0x00, 0x00, 0x00, 0x00, 0x00, 0x00, 0x00, 0x00, 0x00, 0x00, 0x00, 0x00, 0x00, 0x00, 0x00, 0x00,
    0x00, 0x00, 0x00, 0x00, 0x00, 0x00, 0x00, 0x00, 0x00, 0x00, 0x00, 0x00, 0x0A, 0xAA, 0x80, 0xAA,
    0xAA, 0x82, 0xAA, 0xA8, 0x03, 0xFD, 0x00, 0x2F, 0xFC, 0x00, 0x3F, 0xE0, 0x00, 0xBE, 0x00, 0x0B,
    0xF0, 0x00, 0x3F, 0x00, 0x00, 0x2F, 0x00, 0x0B, 0xF0, 0x00, 0xFC, 0x00, 0x00, 0x07, 0xC0, 0x0B,
    0xF0, 0x02, 0xF0, 0x00, 0x00, 0x00, 0xF0, 0x0B, 0xF0, 0x0B, 0x80, 0x00, 0x00, 0x00, 0x3C, 0x0B,
    0xF0, 0x3E, 0x00, 0x00, 0x00, 0x00, 0x0F, 0x0B, 0xF0, 0xF8, 0x00, 0x00, 0x00, 0x00, 0x03, 0xEB,
    0xF3, 0xE0, 0x00, 0x00, 0x00, 0x00, 0x0B, 0xFF, 0xFF, 0xF0, 0x00, 0x00, 0x00, 0x00, 0x2F, 0xFF,
    0xFB, 0xFC, 0x00, 0x00, 0x00, 0x00, 0xBF, 0xCB, 0xF2, 0xFF, 0x00, 0x00, 0x00, 0x02, 0xFF, 0x0B,
    0xF0, 0xBF, 0xC0, 0x00, 0x00, 0x07, 0xFC, 0x0B, 0xF0, 0x3F, 0xF0, 0x00, 0x00, 0x0F, 0xF4, 0x0B,
    0xF0, 0x0F, 0xF8, 0x00, 0x00, 0x3F, 0xE0, 0x0B, 0xF0, 0x03, 0xFE, 0x00, 0x00, 0xFF, 0x80, 0x0B,
    0xF0, 0x00, 0xFF, 0x80, 0x0B, 0xFF, 0x00, 0x0F, 0xF8, 0x00, 0xBF, 0xE0, 0x3F, 0xFF, 0xC0, 0xFF,
    0xFF, 0x83, 0xFF, 0xFE, 0x00, 0x00, 0x00, 0x00, 0x00, 0x00, 0x00, 0x0F, 0xC0, 0x0F, 0xC0, 0x00,
    0x00, 0x2F, 0xE0, 0x2F, 0xE0, 0x00, 0x00, 0x2F, 0xD0, 0x1F, 0xE0, 0x00, 0x00, 0x0B, 0x80, 0x0B,
    0x80, 0x00, 0x00, 0x00, 0x00, 0x00, 0x00, 0x00, 0x00, 0x00, 0x00, 0x00, 0x00, 0x00, 0x0A, 0x00,
    0x2B, 0xFE, 0x40, 0x00, 0x0B, 0x1B, 0xFE, 0xFF, 0xF8, 0x00, 0x0B, 0xFF, 0x00, 0x0B, 0xFF, 0x00,
    0x0F, 0xF8, 0x00, 0x00, 0xFF, 0x80, 0x0F, 0xE0, 0x00, 0x00, 0x3F, 0xC0, 0x0F, 0xC0, 0x00, 0x00,
    0x3F, 0xE0, 0x0F, 0x00, 0x00, 0x00, 0x2F, 0xE0, 0x0E, 0x00, 0x00, 0x00, 0x2F, 0xF0, 0x0C, 0x00,
    0x00, 0x00, 0x3F, 0xE0, 0x04, 0x00, 0x00, 0x00, 0x3F, 0xC0, 0x00, 0x00, 0x00, 0x00, 0xBF, 0x80,
    0x00, 0x00, 0x00, 0x02, 0xFE, 0x00, 0x00, 0x00, 0x00, 0x6F, 0xF0, 0x00, 0x00, 0x00, 0xBF, 0xFF,
    0x40, 0x00, 0x00, 0x00, 0x2B, 0xFF, 0xF8, 0x00, 0x00, 0x00, 0x00, 0x03, 0xFF, 0x80, 0x00, 0x00,
    0x00, 0x00, 0xBF, 0xE0, 0x00, 0x00, 0x00, 0x00, 0x2F, 0xF0, 0x00, 0x00, 0x00, 0x00, 0x0F, 0xF8,
    0x00, 0x00, 0x00, 0x00, 0x0F, 0xF8, 0x00, 0x00, 0x00, 0x00, 0x0F, 0xFC, 0x00, 0x00, 0x00, 0x00,
    0x0F, 0xFC, 0xB8, 0x00, 0x00, 0x00, 0x0F, 0xF8, 0x3E, 0x00, 0x00, 0x00, 0x3F, 0xF0, 0x0F, 0xC0,
    0x00, 0x00, 0xBF, 0xE0, 0x03, 0xF8, 0x00, 0x0B, 0xFF, 0x80, 0x00, 0xBF, 0xFA, 0xFF, 0xFE, 0x00,
    0x00, 0x0B, 0xFF, 0xFF, 0xE0, 0x00, 0x00, 0x00, 0x02, 0xA0, 0x00, 0x00, 0x02, 0x80, 0x02, 0x80,
    0x0F, 0xF0, 0x0F, 0xF0, 0x0F, 0xF0, 0x0F, 0xF0, 0x0F, 0xE0, 0x0F, 0xF0, 0x01, 0x00, 0x01, 0x40,
    0x00, 0x00, 0x00, 0x00, 0x00, 0x00, 0x00, 0x00, 0x00, 0x00, 0x00, 0x00, 0x00, 0x00, 0x00, 0x00,
    0x0C, 0xAF, 0xFE, 0x00, 0x0F, 0xE0, 0x3F, 0xC0, 0x1F, 0x80, 0x0F, 0xF0, 0x2E, 0x00, 0x0B, 0xF4,
    0x2C, 0x00, 0x0B, 0xF8, 0x28, 0x00, 0x0B, 0xF4, 0x00, 0x00, 0x0F, 0xF0, 0x00, 0x00, 0x3F, 0xC0,
    0x00, 0x0B, 0xFE, 0x00, 0x00, 0x2F, 0xFE, 0x00, 0x00, 0x00, 0x3F, 0xE0, 0x00, 0x00, 0x0B, 0xF8,
    0x00, 0x00, 0x03, 0xFC, 0x00, 0x00, 0x03, 0xFC, 0x00, 0x00, 0x03, 0xFC, 0x30, 0x00, 0x03, 0xFC,
    0x2E, 0x00, 0x0F, 0xF8, 0x07, 0xEA, 0xBF, 0xE0, 0x00, 0xBF, 0xFF, 0x40, 0x00, 0x00, 0x00, 0x00,
    0x00, 0x2A, 0xAA, 0xAA, 0xAA, 0xAA, 0x80, 0x00, 0x3F, 0xFF, 0xFF, 0xFF, 0xFF, 0xC0, 0x00, 0x7F,
    0xFF, 0xFF, 0xFF, 0xFF, 0x80, 0x00, 0xBF, 0xFF, 0xFF, 0xFF, 0xFF, 0x80, 0x00, 0x00, 0x00, 0x00,
    0x0B, 0xFE, 0x00, 0x00, 0x00, 0x00, 0x00, 0x3F, 0xF0, 0x00, 0x00, 0x00, 0x00, 0x01, 0xFF, 0x80,
    0x00, 0x00, 0x00, 0x00, 0x0B, 0xFE, 0x00, 0x00, 0x00, 0x00, 0x00, 0x3F, 0xF0, 0x00, 0x00, 0x00,
    0x00, 0x02, 0xFF, 0x80, 0x00, 0x00, 0x00, 0x00, 0x0F, 0xFF, 0xE0, 0x00, 0x00, 0x00, 0x00, 0x3F,
    0xFF, 0xFC, 0x00, 0x00, 0x00, 0x02, 0xFF, 0xFF, 0xFF, 0x00, 0x00, 0x00, 0x00, 0x00, 0x02, 0xFF,
    0x80, 0x00, 0x00, 0x00, 0x00, 0x00, 0xBF, 0xC0, 0x00, 0x00, 0x00, 0x00, 0x00, 0x3F, 0xD0, 0x00,
    0x00, 0x00, 0x00, 0x00, 0x2F, 0xE0, 0x00, 0x00, 0x00, 0x00, 0x00, 0x2F, 0xE0, 0x00, 0x00, 0x00,
    0x00, 0x00, 0x2F, 0xE0, 0x00, 0x00, 0x00, 0x00, 0x00, 0x2F, 0xE0, 0x00, 0x00, 0x00, 0x00, 0x00,
    0x2F, 0xD0, 0x00, 0x00, 0x00, 0x00, 0x00, 0x3F, 0xC0, 0x00, 0xBF, 0x00, 0x00, 0x00, 0x3F, 0xC0,
    0x00, 0xBF, 0x00, 0x00, 0x00, 0x7F, 0x80, 0x00, 0xBF, 0x80, 0x00, 0x00, 0xFF, 0x00, 0x00, 0x3F,
    0xE0, 0x00, 0x03, 0xFE, 0x00, 0x00, 0x3F, 0xFE, 0x00, 0xBF, 0xFC, 0x00, 0x00, 0x0F, 0xFF, 0xFF,
    0xFF, 0xE0, 0x00, 0x00, 0x03, 0xFF, 0xFF, 0xFF, 0x40, 0x00, 0x00, 0x00, 0x2F, 0xFF, 0xE0, 0x00,
    0x00, 0x00, 0x00, 0x00, 0x00, 0x00, 0x00, 0x00, 0x00, 0x00, 0x1A, 0xAA, 0xAA, 0xAA, 0xA8, 0x00,
    0x3F, 0xFF, 0xFF, 0xFF, 0xFC, 0x00, 0x3F, 0xFF, 0xFF, 0xFF, 0xFC, 0x00, 0x3F, 0xFF, 0xFF, 0xFF,
    0xFC, 0x00, 0x00, 0x00, 0x00, 0x3F, 0xF0, 0x00, 0x00, 0x00, 0x02, 0xFF, 0x80, 0x00, 0x00, 0x00,
    0x0F, 0xFC, 0x00, 0x00, 0x00, 0x00, 0x7F, 0xE0, 0x00, 0x00, 0x00, 0x02, 0xFF, 0x80, 0x00, 0x00,
    0x00, 0x0F, 0xFC, 0x00, 0x00, 0x00, 0x00, 0xBF, 0xFE, 0x00, 0x00, 0x00, 0x02, 0xFF, 0xFF, 0xE0,
    0x00, 0x00, 0x0F, 0xFF, 0xFF, 0xF4, 0x00, 0x00, 0x00, 0x00, 0x2F, 0xFC, 0x00, 0x00, 0x00, 0x00,
    0x03, 0xFE, 0x00, 0x00, 0x00, 0x00, 0x02, 0xFE, 0x00, 0x00, 0x00, 0x00, 0x00, 0xFF, 0x00, 0x00,
    0x00, 0x00, 0x00, 0xFF, 0x00, 0x00, 0x00, 0x00, 0x00, 0xFF, 0x00, 0x00, 0x00, 0x00, 0x00, 0xFF,
    0x00, 0x00, 0x00, 0x00, 0x00, 0xFE, 0x00, 0x00, 0x00, 0x00, 0x02, 0xFE, 0x00, 0x7F, 0x00, 0x00,
    0x02, 0xFD, 0x00, 0x7F, 0x40, 0x00, 0x03, 0xFC, 0x00, 0x3F, 0x80, 0x00, 0x0B, 0xF8, 0x00, 0x3F,
    0xC0, 0x00, 0x2F, 0xF0, 0x00, 0x3F, 0xE0, 0x00, 0xFF, 0xE0, 0x00, 0x2F, 0xFE, 0xBF, 0xFF, 0x80,
    0x00, 0x0F, 0xFF, 0xFF, 0xFC, 0x00, 0x00, 0x03, 0xFF, 0xFF, 0xD0, 0x00, 0x00, 0x00, 0x2A, 0xA0,
    0x00, 0x00, 0x00, 0x00, 0x00, 0x2A, 0xAA, 0xAA, 0x90, 0x00, 0x00, 0x00, 0x00, 0x3F, 0xFF, 0xFF,
    0xE0, 0x00, 0x00, 0x00, 0x00, 0x2A, 0xAA, 0xAA, 0xA0, 0x00, 0x00, 0x00, 0x00, 0x00, 0x00, 0x00,
    0x00, 0x00, 0x00, 0x15, 0x55, 0x55, 0x00, 0x01, 0x55, 0x55, 0x40, 0x2F, 0xFF, 0xFE, 0x00, 0x0B,
    0xFF, 0xFF, 0x90, 0x01, 0xFF, 0xE0, 0x00, 0x00, 0x3F, 0xF8, 0x00, 0x00, 0xFF, 0xC0, 0x00, 0x00,
    0x2F, 0xF0, 0x00, 0x00, 0xBF, 0x80, 0x00, 0x00, 0x3F, 0xF0, 0x00, 0x00, 0xBF, 0x80, 0x00, 0x00,
    0xBF, 0xF0, 0x00, 0x00, 0xBF, 0x80, 0x00, 0x01, 0xFF, 0xF0, 0x00, 0x00, 0xBF, 0x80, 0x00, 0x03,
    0xFF, 0xF0, 0x00, 0x00, 0xBF, 0x80, 0x00, 0x0F, 0x8F, 0xF0, 0x00, 0x00, 0xBF, 0x80, 0x00, 0x3F,
    0x0F, 0xF0, 0x00, 0x00, 0xBF, 0x80, 0x00, 0xBC, 0x0F, 0xF0, 0x00, 0x00, 0xBF, 0x80, 0x01, 0xF0,
    0x0F, 0xF0, 0x00, 0x00, 0xBF, 0x80, 0x03, 0xE0, 0x0F, 0xF0, 0x00, 0x00, 0xBF, 0x80, 0x0F, 0x80,
    0x0F, 0xF0, 0x00, 0x00, 0xBF, 0x80, 0x2F, 0x00, 0x0F, 0xF0, 0x00, 0x00, 0xBF, 0x80, 0xBC, 0x00,
    0x0F, 0xF0, 0x00, 0x00, 0xBF, 0x80, 0xF0, 0x00, 0x0F, 0xF0, 0x00, 0x00, 0xBF, 0x83, 0xE0, 0x00,
    0x0F, 0xF0, 0x00, 0x00, 0xBF, 0x8F, 0x80, 0x00, 0x0F, 0xF0, 0x00, 0x00, 0xBF, 0xAF, 0x00, 0x00,
    0x0F, 0xF0, 0x00, 0x00, 0xBF, 0xFC, 0x00, 0x00, 0x0F, 0xF0, 0x00, 0x00, 0xBF, 0xF0, 0x00, 0x00,
    0x0F, 0xF0, 0x00, 0x00, 0xBF, 0xE0, 0x00, 0x00, 0x0F, 0xF0, 0x00, 0x00, 0xBF, 0xC0, 0x00, 0x00,
    0x0F, 0xF0, 0x00, 0x00, 0xBF, 0x80, 0x00, 0x00, 0x0F, 0xF0, 0x00, 0x00, 0xFF, 0xC0, 0x00, 0x00,
    0x2F, 0xF0, 0x00, 0x03, 0xFF, 0xF0, 0x00, 0x00, 0xBF, 0xFE, 0x00, 0x3F, 0xFF, 0xFF, 0x00, 0x0F,
    0xFF, 0xFF, 0xE0, 0x00, 0x00, 0x00, 0x00, 0x00, 0x00, 0x00, 0xFF, 0xFF, 0xFF, 0xC0, 0x00, 0x00,
    0xFF, 0xFF, 0xFF, 0xC0, 0x00, 0x00, 0x00, 0x00, 0x00, 0x00, 0x00, 0x00, 0x00, 0x00, 0x00, 0x00,
    0x00, 0x00, 0x00, 0x00, 0x00, 0x00, 0x00, 0x00, 0x00, 0x00, 0x00, 0x00, 0x00, 0x6A, 0xAA, 0x80,
    0xAA, 0xAA, 0x80, 0x0B, 0xFE, 0x00, 0x2F, 0xFC, 0x00, 0x03, 0xFC, 0x00, 0x0B, 0xF0, 0x00, 0x03,
    0xF8, 0x00, 0x0F, 0xF0, 0x00, 0x03, 0xF8, 0x00, 0x2F, 0xF0, 0x00, 0x03, 0xF8, 0x00, 0x7F, 0xF0,
    0x00, 0x03, 0xF8, 0x00, 0xEB, 0xF0, 0x00, 0x03, 0xF8, 0x03, 0xCB, 0xF0, 0x00, 0x03, 0xF8, 0x0B,
    0x0B, 0xF0, 0x00, 0x03, 0xF8, 0x0E, 0x0B, 0xF0, 0x00, 0x03, 0xF8, 0x3C, 0x0B, 0xF0, 0x00, 0x03,
    0xF8, 0xB0, 0x0B, 0xF0, 0x00, 0x03, 0xF9, 0xE0, 0x0B, 0xF0, 0x00, 0x03, 0xFF, 0x80, 0x0B, 0xF0,
    0x00, 0x03, 0xFF, 0x00, 0x0B, 0xF0, 0x00, 0x03, 0xFC, 0x00, 0x0B, 0xF0, 0x00, 0x03, 0xFC, 0x00,
    0x0B, 0xF0, 0x00, 0x0B, 0xFC, 0x00, 0x0F, 0xF8, 0x00, 0xBF, 0xFF, 0xC0, 0xFF, 0xFF, 0x80, 0x00,
    0x00, 0x00, 0x00, 0x00, 0x00, 0x00, 0x00, 0x00, 0x00, 0x2F, 0xC0, 0x0F, 0xC0, 0x00, 0x00, 0x00,
    0x00, 0x3F, 0xC0, 0x2F, 0xE0, 0x00, 0x00, 0x00, 0x00, 0x2F, 0xC0, 0x2F, 0xC0, 0x00, 0x00, 0x00,
    0x00, 0x0B, 0x80, 0x0B, 0x80, 0x00, 0x00, 0x00, 0x00, 0x00, 0x00, 0x00, 0x00, 0x00, 0x00, 0x00,
    0x00, 0x00, 0x00, 0x00, 0x00, 0x00, 0x00, 0x15, 0x55, 0x55, 0x00, 0x01, 0x55, 0x55, 0x40, 0x2F,
    0xFF, 0xFE, 0x00, 0x0B, 0xFF, 0xFF, 0x90, 0x01, 0xFF, 0xE0, 0x00, 0x00, 0x3F, 0xF8, 0x00, 0x00,
    0xFF, 0xC0, 0x00, 0x00, 0x2F, 0xF0, 0x00, 0x00, 0xBF, 0x80, 0x00, 0x00, 0x3F, 0xF0, 0x00, 0x00,
    0xBF, 0x80, 0x00, 0x00, 0xBF, 0xF0, 0x00, 0x00, 0xBF, 0x80, 0x00, 0x01, 0xFF, 0xF0, 0x00, 0x00,
    0xBF, 0x80, 0x00, 0x03, 0xFF, 0xF0, 0x00, 0x00, 0xBF, 0x80, 0x00, 0x0F, 0x8F, 0xF0, 0x00, 0x00,
    0xBF, 0x80, 0x00, 0x3F, 0x0F, 0xF0, 0x00, 0x00, 0xBF, 0x80, 0x00, 0xBC, 0x0F, 0xF0, 0x00, 0x00,
    0xBF, 0x80, 0x01, 0xF0, 0x0F, 0xF0, 0x00, 0x00, 0xBF, 0x80, 0x03, 0xE0, 0x0F, 0xF0, 0x00, 0x00,
    0xBF, 0x80, 0x0F, 0x80, 0x0F, 0xF0, 0x00, 0x00, 0xBF, 0x80, 0x2F, 0x00, 0x0F, 0xF0, 0x00, 0x00,
    0xBF, 0x80, 0xBC, 0x00, 0x0F, 0xF0, 0x00, 0x00, 0xBF, 0x80, 0xF0, 0x00, 0x0F, 0xF0, 0x00, 0x00,
    0xBF, 0x83, 0xE0, 0x00, 0x0F, 0xF0, 0x00, 0x00, 0xBF, 0x8F, 0x80, 0x00, 0x0F, 0xF0, 0x00, 0x00,
    0xBF, 0xAF, 0x00, 0x00, 0x0F, 0xF0, 0x00, 0x00, 0xBF, 0xFC, 0x00, 0x00, 0x0F, 0xF0, 0x00, 0x00,
    0xBF, 0xF0, 0x00, 0x00, 0x0F, 0xF0, 0x00, 0x00, 0xBF, 0xE0, 0x00, 0x00, 0x0F, 0xF0, 0x00, 0x00,
    0xBF, 0xC0, 0x00, 0x00, 0x0F, 0xF0, 0x00, 0x00, 0xBF, 0x80, 0x00, 0x00, 0x0F, 0xF0, 0x00, 0x00,
    0xFF, 0xC0, 0x00, 0x00, 0x2F, 0xF0, 0x00, 0x03, 0xFF, 0xF0, 0x00, 0x00, 0xBF, 0xFE, 0x00, 0x3F,
    0xFF, 0xFF, 0x00, 0x0F, 0xFF, 0xFF, 0xE0, 0x00, 0x04, 0x00, 0x04, 0x00, 0x00, 0x00, 0x3F, 0x00,
    0x3F, 0x00, 0x00, 0x00, 0xBF, 0x80, 0xBF, 0x80, 0x00, 0x00, 0xBF, 0x40, 0x3F, 0x80, 0x00, 0x00,
    0x2E, 0x00, 0x2E, 0x00, 0x00, 0x00, 0x00, 0x00, 0x00, 0x00, 0x00, 0x00, 0x00, 0x00, 0x00, 0x00,
    0x00, 0x00, 0x00, 0x00, 0x00, 0x00, 0x00, 0x00, 0x00, 0x00, 0x00, 0x00, 0x00, 0x6A, 0xAA, 0x80,
    0xAA, 0xAA, 0x80, 0x0B, 0xFE, 0x00, 0x2F, 0xFC, 0x00, 0x03, 0xFC, 0x00, 0x0B, 0xF0, 0x00, 0x03,
    0xF8, 0x00, 0x0F, 0xF0, 0x00, 0x03, 0xF8, 0x00, 0x2F, 0xF0, 0x00, 0x03, 0xF8, 0x00, 0x7F, 0xF0,
    0x00, 0x03, 0xF8, 0x00, 0xEB, 0xF0, 0x00, 0x03, 0xF8, 0x03, 0xCB, 0xF0, 0x00, 0x03, 0xF8, 0x0B,
    0x0B, 0xF0, 0x00, 0x03, 0xF8, 0x0E, 0x0B, 0xF0, 0x00, 0x03, 0xF8, 0x3C, 0x0B, 0xF0, 0x00, 0x03,
    0xF8, 0xB0, 0x0B, 0xF0, 0x00, 0x03, 0xF9, 0xE0, 0x0B, 0xF0, 0x00, 0x03, 0xFF, 0x80, 0x0B, 0xF0,
    0x00, 0x03, 0xFF, 0x00, 0x0B, 0xF0, 0x00, 0x03, 0xFC, 0x00, 0x0B, 0xF0, 0x00, 0x03, 0xFC, 0x00,
    0x0B, 0xF0, 0x00, 0x0B, 0xFC, 0x00, 0x0F, 0xF8, 0x00, 0xBF, 0xFF, 0xC0, 0xFF, 0xFF, 0x80, 0x00,
    0x00, 0x64, 0x00, 0x28, 0x00, 0x00, 0x00, 0x01, 0xFD, 0x00, 0xFE, 0x00, 0x00, 0x00, 0x02, 0xFE,
    0x01, 0xFE, 0x00, 0x00, 0x00, 0x00, 0xFC, 0x00, 0xFE, 0x00, 0x00, 0x00, 0x00, 0x20, 0x00, 0x24,
    0x00, 0x00, 0x00, 0x00, 0x00, 0x00, 0x00, 0x00, 0x00, 0x00, 0x00, 0x00, 0x00, 0x00, 0x00, 0x00,
    0x00, 0x00, 0x0A, 0xFF, 0xA0, 0x00, 0x00, 0x00, 0x02, 0xFF, 0xFF, 0xFF, 0x00, 0x00, 0x00, 0x0F,
    0xF8, 0x00, 0x2F, 0xE0, 0x00, 0x00, 0x7F, 0x80, 0x00, 0x03, 0xFC, 0x00, 0x01, 0xFF, 0x00, 0x00,
    0x00, 0xFF, 0x00, 0x03, 0xFC, 0x00, 0x00, 0x00, 0xBF, 0x80, 0x0F, 0xF8, 0x00, 0x00, 0x00, 0x3F,
    0xC0, 0x0F, 0xF0, 0x00, 0x00, 0x00, 0x3F, 0xF0, 0x2F, 0xF0, 0x00, 0x00, 0x00, 0x2F, 0xF0, 0x3F,
    0xE0, 0x00, 0x00, 0x00, 0x0F, 0xF8, 0x3F, 0xD0, 0x00, 0x00, 0x00, 0x0F, 0xFC, 0xBF, 0xC0, 0x00,
    0x00, 0x00, 0x0F, 0xFC, 0xBF, 0xC0, 0x00, 0x00, 0x00, 0x0B, 0xFC, 0xBF, 0xC0, 0x00, 0x00, 0x00,
    0x0B, 0xFC, 0xBF, 0xC0, 0x00, 0x00, 0x00, 0x0B, 0xFC, 0xBF, 0xC0, 0x00, 0x00, 0x00, 0x0B, 0xFC,
    0xBF, 0xC0, 0x00, 0x00, 0x00, 0x0B, 0xFC, 0x7F, 0xC0, 0x00, 0x00, 0x00, 0x0F, 0xFC, 0x3F, 0xE0,
    0x00, 0x00, 0x00, 0x0F, 0xF8, 0x3F, 0xE0, 0x00, 0x00, 0x00, 0x0F, 0xF8, 0x2F, 0xF0, 0x00, 0x00,
    0x00, 0x2F, 0xF0, 0x0F, 0xF4, 0x00, 0x00, 0x00, 0x3F, 0xE0, 0x0B, 0xFC, 0x00, 0x00, 0x00, 0xBF,
    0xC0, 0x02, 0xFE, 0x00, 0x00, 0x00, 0xFF, 0x40, 0x00, 0xFF, 0x00, 0x00, 0x03, 0xFE, 0x00, 0x00,
    0x3F, 0xC0, 0x00, 0x0F, 0xF8, 0x00, 0x00, 0x0B, 0xFD, 0x02, 0xFF, 0xC0, 0x00, 0x00, 0x00, 0xBF,
    0xFF, 0xFE, 0x00, 0x00, 0x00, 0x00, 0x00, 0x69, 0x00, 0x00, 0x00, 0x00, 0xA0, 0x00, 0xB8, 0x00,
    0x03, 0xFC, 0x02, 0xFC, 0x00, 0x03, 0xFC, 0x03, 0xFD, 0x00, 0x02, 0xFC, 0x02, 0xFC, 0x00, 0x00,
    0x10, 0x00, 0x10, 0x00, 0x00, 0x00, 0x00, 0x00, 0x00, 0x00, 0x00, 0x00, 0x00, 0x00, 0x00, 0x00,
    0x00, 0x00, 0x00, 0x00, 0x00, 0x00, 0x00, 0x00, 0x00, 0x0B, 0xFF, 0x80, 0x00, 0x00, 0xFE, 0xAF,
    0xF8, 0x00, 0x03, 0xF0, 0x02, 0xFF, 0x00, 0x0F, 0xC0, 0x00, 0xBF, 0x80, 0x2F, 0x80, 0x00, 0x3F,
    0xC0, 0x3F, 0x40, 0x00, 0x2F, 0xF0, 0xBF, 0x00, 0x00, 0x0F, 0xF0, 0xBF, 0x00, 0x00, 0x0F, 0xF0,
    0xFF, 0x00, 0x00, 0x0F, 0xF0, 0xFF, 0x00, 0x00, 0x0B, 0xF0, 0xFF, 0x00, 0x00, 0x0B, 0xF0, 0xBF,
    0x80, 0x00, 0x0B, 0xF0, 0xBF, 0x80, 0x00, 0x0B, 0xF0, 0x3F, 0xC0, 0x00, 0x0F, 0xE0, 0x3F, 0xD0,
    0x00, 0x0F, 0xC0, 0x0F, 0xF0, 0x00, 0x2F, 0x80, 0x0B, 0xF8, 0x00, 0x3E, 0x00, 0x01, 0xFF, 0x02,
    0xF8, 0x00, 0x00, 0x2F, 0xFF, 0x80, 0x00, 0x00, 0x00, 0x00, 0x00, 0x00, 0x00, 0x00, 0x0A, 0xFF,
    0xA0, 0x00, 0x00, 0x00, 0x02, 0xFF, 0xFF, 0xFF, 0x00, 0x00, 0x00, 0x0F, 0xF8, 0x00, 0x2F, 0xE0,
    0x00, 0x00, 0x7F, 0x80, 0x00, 0x03, 0xFC, 0x00, 0x01, 0xFF, 0x00, 0x00, 0x00, 0xFF, 0x00, 0x03,
    0xFC, 0x00, 0x00, 0x00, 0xBF, 0x80, 0x0F, 0xF8, 0x00, 0x00, 0x00, 0x3F, 0xC0, 0x0F, 0xF0, 0x00,
    0x00, 0x00, 0x2F, 0xF0, 0x2F, 0xF0, 0x00, 0x00, 0x00, 0x1F, 0xF0, 0x3F, 0xE0, 0x00, 0x00, 0x00,
    0x0F, 0xF8, 0x3F, 0xE0, 0x00, 0x00, 0x00, 0x0F, 0xFC, 0xBF, 0xC0, 0x00, 0x00, 0x00, 0x0F, 0xFC,
    0xBF, 0xE0, 0x00, 0x00, 0x00, 0x0F, 0xFC, 0xBF, 0xFF, 0xFF, 0xFF, 0xFF, 0xFF, 0xFC, 0xBF, 0xFF,
    0xFF, 0xFF, 0xFF, 0xFF, 0xFC, 0xBF, 0xEA, 0xAA, 0xAA, 0xAA, 0xAF, 0xFC, 0xBF, 0xC0, 0x00, 0x00,
    0x00, 0x0B, 0xFC, 0x7F, 0xD0, 0x00, 0x00, 0x00, 0x0F, 0xFC, 0x3F, 0xE0, 0x00, 0x00, 0x00, 0x0F,
    0xF8, 0x3F, 0xE0, 0x00, 0x00, 0x00, 0x0F, 0xF8, 0x2F, 0xF0, 0x00, 0x00, 0x00, 0x2F, 0xF0, 0x0F,
    0xF8, 0x00, 0x00, 0x00, 0x3F, 0xE0, 0x0B, 0xFC, 0x00, 0x00, 0x00, 0xBF, 0xC0, 0x02, 0xFE, 0x00,
    0x00, 0x00, 0xFF, 0x40, 0x00, 0xFF, 0x00, 0x00, 0x03, 0xFE, 0x00, 0x00, 0x3F, 0xC0, 0x00, 0x0F,
    0xF8, 0x00, 0x00, 0x0B, 0xFD, 0x02, 0xFF, 0xC0, 0x00, 0x00, 0x00, 0xBF, 0xFF, 0xFE, 0x00, 0x00,
    0x00, 0x00, 0x00, 0x69, 0x00, 0x00, 0x00, 0x00, 0x00, 0x00, 0x00, 0x00, 0x00, 0x0B, 0xFF, 0x80,
    0x00, 0x00, 0xFE, 0xAF, 0xF8, 0x00, 0x03, 0xF0, 0x02, 0xFF, 0x00, 0x0F, 0xC0, 0x00, 0xBF, 0x80,
    0x2F, 0x80, 0x00, 0x3F, 0xC0, 0x3F, 0x40, 0x00, 0x2F, 0xF0, 0xBF, 0x00, 0x00, 0x0F, 0xF0, 0xBF,
    0x00, 0x00, 0x0F, 0xF0, 0xFF, 0xFF, 0xFF, 0xFF, 0xF0, 0xFF, 0xFF, 0xFF, 0xFF, 0xF0, 0xFF, 0xFF,
    0xFF, 0xFF, 0xF0, 0xBF, 0x80, 0x00, 0x0B, 0xF0, 0xBF, 0x80, 0x00, 0x0B, 0xF0, 0x3F, 0xC0, 0x00,
    0x0F, 0xE0, 0x3F, 0xD0, 0x00, 0x0F, 0xC0, 0x0F, 0xF0, 0x00, 0x2F, 0x80, 0x0B, 0xF8, 0x00, 0x3E,
    0x00, 0x01, 0xFF, 0x02, 0xF8, 0x00, 0x00, 0x2F, 0xFF, 0x80, 0x00, 0x00, 0x00, 0x00, 0x00, 0x00,
    0x00, 0x00, 0x28, 0x00, 0x28, 0x00, 0x00, 0x00, 0x00, 0xFE, 0x00, 0xFF, 0x00, 0x00, 0x00, 0x00,
    0xFF, 0x00, 0xFF, 0x00, 0x00, 0x00, 0x00, 0xFE, 0x00, 0xFE, 0x00, 0x00, 0x00, 0x00, 0x20, 0x00,
    0x24, 0x00, 0x00, 0x00, 0x00, 0x00, 0x00, 0x00, 0x00, 0x00, 0x00, 0x00, 0x00, 0x00, 0x00, 0x00,
    0x00, 0x00, 0x00, 0x00, 0x00, 0x00, 0x00, 0x00, 0x00, 0x00, 0x00, 0x00, 0x00, 0x00, 0x00, 0x00,
    0x00, 0x0A, 0xFF, 0xA0, 0x00, 0x00, 0x00, 0x02, 0xFF, 0xFF, 0xFF, 0x00, 0x00, 0x00, 0x0F, 0xF8,
    0x00, 0x2F, 0xE0, 0x00, 0x00, 0x7F, 0x80, 0x00, 0x03, 0xFC, 0x00, 0x01, 0xFF, 0x00, 0x00, 0x00,
    0xFF, 0x00, 0x03, 0xFC, 0x00, 0x00, 0x00, 0xBF, 0x80, 0x0F, 0xF8, 0x00, 0x00, 0x00, 0x3F, 0xC0,
    0x0F, 0xF0, 0x00, 0x00, 0x00, 0x2F, 0xF0, 0x2F, 0xF0, 0x00, 0x00, 0x00, 0x1F, 0xF0, 0x3F, 0xE0,
    0x00, 0x00, 0x00, 0x0F, 0xF8, 0x3F, 0xE0, 0x00, 0x00, 0x00, 0x0F, 0xFC, 0xBF, 0xC0, 0x00, 0x00,
    0x00, 0x0F, 0xFC, 0xBF, 0xE0, 0x00, 0x00, 0x00, 0x0F, 0xFC, 0xBF, 0xFF, 0xFF, 0xFF, 0xFF, 0xFF,
    0xFC, 0xBF, 0xFF, 0xFF, 0xFF, 0xFF, 0xFF, 0xFC, 0xBF, 0xEA, 0xAA, 0xAA, 0xAA, 0xAF, 0xFC, 0xBF,
    0xC0, 0x00, 0x00, 0x00, 0x0B, 0xFC, 0x7F, 0xD0, 0x00, 0x00, 0x00, 0x0F, 0xFC, 0x3F, 0xE0, 0x00,
    0x00, 0x00, 0x0F, 0xF8, 0x3F, 0xE0, 0x00, 0x00, 0x00, 0x0F, 0xF8, 0x2F, 0xF0, 0x00, 0x00, 0x00,
    0x2F, 0xF0, 0x0F, 0xF8, 0x00, 0x00, 0x00, 0x3F, 0xE0, 0x0B, 0xFC, 0x00, 0x00, 0x00, 0xBF, 0xC0,
    0x02, 0xFE, 0x00, 0x00, 0x00, 0xFF, 0x40, 0x00, 0xFF, 0x00, 0x00, 0x03, 0xFE, 0x00, 0x00, 0x3F,
    0xC0, 0x00, 0x0F, 0xF8, 0x00, 0x00, 0x0B, 0xFD, 0x02, 0xFF, 0xC0, 0x00, 0x00, 0x00, 0xBF, 0xFF,
    0xFE, 0x00, 0x00, 0x00, 0x00, 0x00, 0x69, 0x00, 0x00, 0x00, 0x00, 0xA0, 0x00, 0xB8, 0x00, 0x03,
    0xFC, 0x02, 0xFC, 0x00, 0x03, 0xFC, 0x03, 0xFD, 0x00, 0x02, 0xFC, 0x02, 0xFC, 0x00, 0x00, 0x10,
    0x00, 0x10, 0x00, 0x00, 0x00, 0x00, 0x00, 0x00, 0x00, 0x00, 0x00, 0x00, 0x00, 0x00, 0x00, 0x00,
    0x00, 0x00, 0x00, 0x00, 0x00, 0x00, 0x00, 0x00, 0x0B, 0xFF, 0x80, 0x00, 0x00, 0xFE, 0xAF, 0xF8,
    0x00, 0x03, 0xF0, 0x02, 0xFF, 0x00, 0x0F, 0xC0, 0x00, 0xBF, 0x80, 0x2F, 0x80, 0x00, 0x3F, 0xC0,
    0x3F, 0x40, 0x00, 0x2F, 0xF0, 0xBF, 0x00, 0x00, 0x0F, 0xF0, 0xBF, 0x00, 0x00, 0x0F, 0xF0, 0xFF,
    0xFF, 0xFF, 0xFF, 0xF0, 0xFF, 0xFF, 0xFF, 0xFF, 0xF0, 0xFF, 0xFF, 0xFF, 0xFF, 0xF0, 0xBF, 0x80,
    0x00, 0x0B, 0xF0, 0xBF, 0x80, 0x00, 0x0B, 0xF0, 0x3F, 0xC0, 0x00, 0x0F, 0xE0, 0x3F, 0xD0, 0x00,
    0x0F, 0xC0, 0x0F, 0xF0, 0x00, 0x2F, 0x80, 0x0B, 0xF8, 0x00, 0x3E, 0x00, 0x01, 0xFF, 0x02, 0xF8,
    0x00, 0x00, 0x2F, 0xFF, 0x80, 0x00, 0x00, 0x00, 0x00, 0x00, 0x00, 0x00, 0x00, 0x00, 0x00, 0x40,
    0x00, 0x00, 0x00, 0x0F, 0xF0, 0x0B, 0xF0, 0x00, 0x00, 0x00, 0x0F, 0xF0, 0x0F, 0xF0, 0x00, 0x00,
    0x00, 0x0F, 0xF0, 0x0F, 0xF0, 0x00, 0x00, 0x00, 0x02, 0x80, 0x02, 0xC0, 0x00, 0x00, 0x00, 0x00,
    0x00, 0x00, 0x00, 0x00, 0x00, 0x00, 0x00, 0x00, 0x00, 0x00, 0x00, 0x00, 0x30, 0x02, 0xBF, 0xE8,
    0x00, 0x00, 0x00, 0x3E, 0xBF, 0xFF, 0xFF, 0xE0, 0x00, 0x00, 0x3F, 0xFE, 0x00, 0x1F, 0xFD, 0x00,
    0x00, 0x3F, 0xE0, 0x00, 0x00, 0xFF, 0x80, 0x00, 0x3F, 0x80, 0x00, 0x00, 0x3F, 0xE0, 0x00, 0x3E,
    0x00, 0x00, 0x00, 0x0F, 0xF0, 0x00, 0x3C, 0x00, 0x00, 0x00, 0x0B, 0xFC, 0x00, 0x38, 0x00, 0x00,
    0x00, 0x03, 0xFE, 0x00, 0x30, 0x00, 0x00, 0x00, 0x02, 0xFF, 0x00, 0x20, 0x00, 0x00, 0x00, 0x02,
    0xFF, 0x00, 0x00, 0x00, 0x00, 0x00, 0x00, 0xFF, 0x80, 0x00, 0x00, 0x00, 0x00, 0x00, 0xFF, 0xC0,
    0x00, 0x00, 0x15, 0x55, 0x55, 0xFF, 0xC0, 0x00, 0x00, 0xBF, 0xFF, 0xFF, 0xFF, 0xC0, 0x00, 0x00,
    0x2A, 0xAA, 0xAA, 0xFF, 0xC0, 0x00, 0x00, 0x00, 0x00, 0x00, 0xFF, 0xC0, 0x00, 0x00, 0x00, 0x00,
    0x00, 0xFF, 0xC0, 0x00, 0x00, 0x00, 0x00, 0x00, 0xFF, 0xC0, 0x00, 0x00, 0x00, 0x00, 0x01, 0xFF,
    0x80, 0x00, 0x00, 0x00, 0x00, 0x02, 0xFF, 0x00, 0x00, 0x00, 0x00, 0x00, 0x03, 0xFF, 0x00, 0x00,
    0x00, 0x00, 0x00, 0x0B, 0xFE, 0x00, 0x00, 0x00, 0x00, 0x00, 0x0F, 0xFC, 0x00, 0xB4, 0x00, 0x00,
    0x00, 0x3F, 0xF0, 0x00, 0x2E, 0x00, 0x00, 0x00, 0xFF, 0xC0, 0x00, 0x0B, 0xE0, 0x00, 0x0B, 0xFF,
    0x00, 0x00, 0x00, 0xFF, 0xAA, 0xFF, 0xF8, 0x00, 0x00, 0x00, 0x0B, 0xFF, 0xFF, 0x80, 0x00, 0x00,
    0x00, 0x00, 0x0A, 0x40, 0x00, 0x00, 0x00, 0x02, 0x80, 0x02, 0xE0, 0x00, 0x0F, 0xF0, 0x0B, 0xF0,
    0x00, 0x0F, 0xF0, 0x0F, 0xF4, 0x00, 0x0B, 0xF0, 0x0B, 0xF0, 0x00, 0x00, 0x40, 0x00, 0x40, 0x00,
    0x00, 0x00, 0x00, 0x00, 0x00, 0x00, 0x00, 0x00, 0x00, 0x00, 0x00, 0x00, 0x00, 0x00, 0x00, 0x00,
    0x00, 0x00, 0x00, 0x00, 0x0C, 0x2F, 0xF8, 0x00, 0x00, 0x2F, 0xE4, 0xBF, 0x80, 0x00, 0x2F, 0x00,
    0x07, 0xE0, 0x00, 0x3C, 0x00, 0x02, 0xF4, 0x00, 0x38, 0x00, 0x00, 0xFC, 0x00, 0x30, 0x00, 0x00,
    0xBE, 0x00, 0x00, 0x00, 0x00, 0x7F, 0x00, 0x00, 0x00, 0x00, 0x3F, 0x00, 0x00, 0x3F, 0xFF, 0xFF,
    0x00, 0x00, 0x3F, 0xFF, 0xFF, 0x00, 0x00, 0x00, 0x00, 0x3F, 0x00, 0x00, 0x00, 0x00, 0xBF, 0x00,
    0x00, 0x00, 0x00, 0xFF, 0x00, 0xB0, 0x00, 0x01, 0xFE, 0x00, 0x38, 0x00, 0x03, 0xFC, 0x00, 0x0F,
    0x00, 0x0F, 0xFC, 0x00, 0x0B, 0xFA, 0xFF, 0xF0, 0x00, 0x02, 0xFF, 0xFF, 0xC0, 0x00, 0x00, 0x3F,
    0xFE, 0x00, 0x00, 0x00, 0x00, 0x00, 0x00, 0x00, 0x00, 0x00, 0x2A, 0xAA, 0xAA, 0xA0, 0x00, 0x00,
    0x00, 0x00, 0x3F, 0xFF, 0xFF, 0xF0, 0x00, 0x00, 0x00, 0x00, 0x2A, 0xAA, 0xAA, 0xA0, 0x00, 0x00,
    0x00, 0x00, 0x00, 0x00, 0x00, 0x00, 0x00, 0x00, 0x15, 0x55, 0x55, 0x40, 0x00, 0x05, 0x55, 0x50,
    0x3F, 0xFF, 0xFF, 0x80, 0x00, 0x2F, 0xFF, 0xE0, 0x02, 0xFF, 0xF0, 0x00, 0x00, 0x00, 0xFE, 0x00,
    0x00, 0xBF, 0xF0, 0x00, 0x00, 0x00, 0xF8, 0x00, 0x00, 0x2F, 0xFC, 0x00, 0x00, 0x02, 0xF0, 0x00,
    0x00, 0x0F, 0xFE, 0x00, 0x00, 0x03, 0xC0, 0x00, 0x00, 0x03, 0xFF, 0x00, 0x00, 0x0B, 0x80, 0x00,
    0x00, 0x02, 0xFF, 0xC0, 0x00, 0x0F, 0x00, 0x00, 0x00, 0x00, 0xFF, 0xE0, 0x00, 0x2E, 0x00, 0x00,
    0x00, 0x00, 0x3F, 0xF0, 0x00, 0x3C, 0x00, 0x00, 0x00, 0x00, 0x2F, 0xFC, 0x00, 0xB8, 0x00, 0x00,
    0x00, 0x00, 0x0F, 0xFE, 0x00, 0xF0, 0x00, 0x00, 0x00, 0x00, 0x03, 0xFF, 0x02, 0xE0, 0x00, 0x00,
    0x00, 0x00, 0x02, 0xFF, 0xC3, 0xC0, 0x00, 0x00, 0x00, 0x00, 0x00, 0xFF, 0xEB, 0x80, 0x00, 0x00,
    0x00, 0x00, 0x00, 0x3F, 0xFF, 0x00, 0x00, 0x00, 0x00, 0x00, 0x00, 0x2F, 0xFE, 0x00, 0x00, 0x00,
    0x00, 0x00, 0x00, 0x0F, 0xFC, 0x00, 0x00, 0x00, 0x00, 0x00, 0x00, 0x03, 0xF4, 0x00, 0x00, 0x00,
    0x00, 0x00, 0x00, 0x02, 0xF0, 0x00, 0x00, 0x00, 0x00, 0x00, 0x00, 0x03, 0xC0, 0x00, 0x00, 0x00,
    0x00, 0x00, 0x00, 0x03, 0xC0, 0x00, 0x00, 0x00, 0x00, 0x00, 0x00, 0x0F, 0x00, 0x00, 0x00, 0x00,
    0x00, 0x0A, 0x80, 0x1F, 0x00, 0x00, 0x00, 0x00, 0x00, 0x1F, 0xE0, 0x3C, 0x00, 0x00, 0x00, 0x00,
    0x00, 0x2F, 0xF8, 0xB8, 0x00, 0x00, 0x00, 0x00, 0x00, 0x1F, 0xFF, 0xF0, 0x00, 0x00, 0x00, 0x00,
    0x00, 0x0B, 0xFF, 0x80, 0x00, 0x00, 0x00, 0x00, 0x00, 0x00, 0x60, 0x00, 0x00, 0x00, 0x00, 0x00,
    0x01, 0xFF, 0xFF, 0xFF, 0x80, 0x02, 0xFF, 0xFF, 0xFF, 0x80, 0x00, 0xAA, 0xAA, 0xAA, 0x00, 0x00,
    0x00, 0x00, 0x00, 0x00, 0x2A, 0xAA, 0x80, 0x0A, 0xA8, 0x2F, 0xFE, 0x00, 0x02, 0xFC, 0x0B, 0xFC,
    0x00, 0x00, 0xF0, 0x03, 0xFC, 0x00, 0x02, 0xE0, 0x02, 0xFE, 0x00, 0x03, 0xC0, 0x00, 0xFF, 0x00,
    0x03, 0x80, 0x00, 0xBF, 0x80, 0x0B, 0x00, 0x00, 0x3F, 0xC0, 0x0F, 0x00, 0x00, 0x2F, 0xC0, 0x0E,
    0x00, 0x00, 0x0F, 0xF0, 0x2C, 0x00, 0x00, 0x0B, 0xF0, 0x3C, 0x00, 0x00, 0x03, 0xF8, 0x74, 0x00,
    0x00, 0x02, 0xFC, 0xB0, 0x00, 0x00, 0x00, 0xFF, 0xE0, 0x00, 0x00, 0x00, 0xFF, 0xC0, 0x00, 0x00,
    0x00, 0x3F, 0xC0, 0x00, 0x00, 0x00, 0x3F, 0x80, 0x00, 0x00, 0x00, 0x1F, 0x00, 0x00, 0x00, 0x00,
    0x0E, 0x00, 0x00, 0x00, 0x00, 0x2C, 0x00, 0x00, 0x00, 0x00, 0x3C, 0x00, 0x00, 0x00, 0x00, 0xB8,
    0x00, 0x00, 0x00, 0x00, 0xF0, 0x00, 0x00, 0x05, 0x02, 0xE0, 0x00, 0x00, 0x2F, 0xFF, 0xC0, 0x00,
    0x00, 0x3F, 0xFF, 0x00, 0x00, 0x00, 0x2F, 0xFD, 0x00, 0x00, 0x00, 0x0A, 0xE0, 0x00, 0x00, 0x00,
    0x00, 0x00, 0x01, 0x80, 0x00, 0x80, 0x00, 0x00, 0x00, 0x00, 0x0B, 0xF0, 0x0B, 0xF0, 0x00, 0x00,
    0x00, 0x00, 0x0F, 0xF0, 0x0B, 0xF8, 0x00, 0x00, 0x00, 0x00, 0x0B, 0xF0, 0x0B, 0xF0, 0x00, 0x00,
    0x00, 0x00, 0x02, 0x80, 0x02, 0x90, 0x00, 0x00, 0x00, 0x00, 0x00, 0x00, 0x00, 0x00, 0x00, 0x00,
    0x00, 0x00, 0x00, 0x00, 0x00, 0x00, 0x00, 0x00, 0x15, 0x55, 0x55, 0x40, 0x00, 0x05, 0x55, 0x50,
    0x3F, 0xFF, 0xFF, 0x80, 0x00, 0x2F, 0xFF, 0xE0, 0x02, 0xFF, 0xF0, 0x00, 0x00, 0x00, 0xFE, 0x00,
    0x00, 0xBF, 0xF0, 0x00, 0x00, 0x00, 0xF8, 0x00, 0x00, 0x2F, 0xFC, 0x00, 0x00, 0x02, 0xF0, 0x00,
    0x00, 0x0F, 0xFE, 0x00, 0x00, 0x03, 0xC0, 0x00, 0x00, 0x03, 0xFF, 0x00, 0x00, 0x0B, 0x80, 0x00,
    0x00, 0x02, 0xFF, 0xC0, 0x00, 0x0F, 0x00, 0x00, 0x00, 0x00, 0xFF, 0xE0, 0x00, 0x2E, 0x00, 0x00,
    0x00, 0x00, 0x3F, 0xF0, 0x00, 0x3C, 0x00, 0x00, 0x00, 0x00, 0x2F, 0xFC, 0x00, 0xB8, 0x00, 0x00,
    0x00, 0x00, 0x0F, 0xFE, 0x00, 0xF0, 0x00, 0x00, 0x00, 0x00, 0x03, 0xFF, 0x02, 0xE0, 0x00, 0x00,
    0x00, 0x00, 0x02, 0xFF, 0xC3, 0xC0, 0x00, 0x00, 0x00, 0x00, 0x00, 0xFF, 0xEB, 0x80, 0x00, 0x00,
    0x00, 0x00, 0x00, 0x3F, 0xFF, 0x00, 0x00, 0x00, 0x00, 0x00, 0x00, 0x2F, 0xFE, 0x00, 0x00, 0x00,
    0x00, 0x00, 0x00, 0x0F, 0xFC, 0x00, 0x00, 0x00, 0x00, 0x00, 0x00, 0x03, 0xF4, 0x00, 0x00, 0x00,
    0x00, 0x00, 0x00, 0x02, 0xF0, 0x00, 0x00, 0x00, 0x00, 0x00, 0x00, 0x03, 0xC0, 0x00, 0x00, 0x00,
    0x00, 0x00, 0x00, 0x03, 0xC0, 0x00, 0x00, 0x00, 0x00, 0x00, 0x00, 0x0F, 0x00, 0x00, 0x00, 0x00,
    0x00, 0x0A, 0x80, 0x1F, 0x00, 0x00, 0x00, 0x00, 0x00, 0x1F, 0xE0, 0x3C, 0x00, 0x00, 0x00, 0x00,
    0x00, 0x2F, 0xF8, 0xB8, 0x00, 0x00, 0x00, 0x00, 0x00, 0x1F, 0xFF, 0xF0, 0x00, 0x00, 0x00, 0x00,
    0x00, 0x0B, 0xFF, 0x80, 0x00, 0x00, 0x00, 0x00, 0x00, 0x00, 0x60, 0x00, 0x00, 0x00, 0x00, 0x00,
    0x00, 0x0A, 0x00, 0x0A, 0x00, 0x00, 0x3F, 0xC0, 0x3F, 0xC0, 0x00, 0x3F, 0xC0, 0x3F, 0xC0, 0x00,
    0x3F, 0xC0, 0x3F, 0xC0, 0x00, 0x0A, 0x00, 0x0A, 0x00, 0x00, 0x00, 0x00, 0x00, 0x00, 0x00, 0x00,
    0x00, 0x00, 0x00, 0x00, 0x00, 0x00, 0x00, 0x00, 0x00, 0x00, 0x00, 0x00, 0x00, 0x2A, 0xAA, 0x80,
    0x0A, 0xA8, 0x2F, 0xFE, 0x00, 0x02, 0xFC, 0x0B, 0xFC, 0x00, 0x00, 0xF0, 0x03, 0xFC, 0x00, 0x02,
    0xE0, 0x02, 0xFE, 0x00, 0x03, 0xC0, 0x00, 0xFF, 0x00, 0x03, 0x80, 0x00, 0xBF, 0x80, 0x0B, 0x00,
    0x00, 0x3F, 0xC0, 0x0F, 0x00, 0x00, 0x2F, 0xC0, 0x0E, 0x00, 0x00, 0x0F, 0xF0, 0x2C, 0x00, 0x00,
    0x0B, 0xF0, 0x3C, 0x00, 0x00, 0x03, 0xF8, 0x74, 0x00, 0x00, 0x02, 0xFC, 0xB0, 0x00, 0x00, 0x00,
    0xFF, 0xE0, 0x00, 0x00, 0x00, 0xFF, 0xC0, 0x00, 0x00, 0x00, 0x3F, 0xC0, 0x00, 0x00, 0x00, 0x3F,
    0x80, 0x00, 0x00, 0x00, 0x1F, 0x00, 0x00, 0x00, 0x00, 0x0E, 0x00, 0x00, 0x00, 0x00, 0x2C, 0x00,
    0x00, 0x00, 0x00, 0x3C, 0x00, 0x00, 0x00, 0x00, 0xB8, 0x00, 0x00, 0x00, 0x00, 0xF0, 0x00, 0x00,
    0x05, 0x02, 0xE0, 0x00, 0x00, 0x2F, 0xFF, 0xC0, 0x00, 0x00, 0x3F, 0xFF, 0x00, 0x00, 0x00, 0x2F,
    0xFD, 0x00, 0x00, 0x00, 0x0A, 0xE0, 0x00, 0x00, 0x00, 0x00, 0x00, 0x00, 0x0E, 0x00, 0xB0, 0x00,
    0x00, 0x00, 0x00, 0x00, 0x3F, 0x03, 0xF8, 0x00, 0x00, 0x00, 0x00, 0x00, 0xFF, 0x0F, 0xF8, 0x00,
    0x00, 0x00, 0x00, 0x03, 0xFC, 0x3F, 0xD0, 0x00, 0x00, 0x00, 0x00, 0x0B, 0xF0, 0xFE, 0x00, 0x00,
    0x00, 0x00, 0x00, 0x2F, 0x83, 0xF0, 0x00, 0x00, 0x00, 0x00, 0x00, 0x3C, 0x0F, 0x80, 0x00, 0x00,
    0x00, 0x00, 0x00, 0xA0, 0x00, 0x00, 0x00, 0x00, 0x00, 0x00, 0x00, 0x00, 0x00, 0x00, 0x00, 0x00,
    0x00, 0x15, 0x55, 0x55, 0x40, 0x00, 0x05, 0x55, 0x50, 0x3F, 0xFF, 0xFF, 0x80, 0x00, 0x2F, 0xFF,
    0xE0, 0x02, 0xFF, 0xF0, 0x00, 0x00, 0x00, 0xFE, 0x00, 0x00, 0xBF, 0xF0, 0x00, 0x00, 0x00, 0xF8,
    0x00, 0x00, 0x2F, 0xFC, 0x00, 0x00, 0x02, 0xF0, 0x00, 0x00, 0x0F, 0xFE, 0x00, 0x00, 0x03, 0xC0,
    0x00, 0x00, 0x03, 0xFF, 0x00, 0x00, 0x0B, 0x80, 0x00, 0x00, 0x02, 0xFF, 0xC0, 0x00, 0x0F, 0x00,
    0x00, 0x00, 0x00, 0xFF, 0xE0, 0x00, 0x2E, 0x00, 0x00, 0x00, 0x00, 0x3F, 0xF0, 0x00, 0x3C, 0x00,
    0x00, 0x00, 0x00, 0x2F, 0xFC, 0x00, 0xB8, 0x00, 0x00, 0x00, 0x00, 0x0F, 0xFE, 0x00, 0xF0, 0x00,
    0x00, 0x00, 0x00, 0x03, 0xFF, 0x02, 0xE0, 0x00, 0x00, 0x00, 0x00, 0x02, 0xFF, 0xC3, 0xC0, 0x00,
    0x00, 0x00, 0x00, 0x00, 0xFF, 0xEB, 0x80, 0x00, 0x00, 0x00, 0x00, 0x00, 0x3F, 0xFF, 0x00, 0x00,
    0x00, 0x00, 0x00, 0x00, 0x2F, 0xFE, 0x00, 0x00, 0x00, 0x00, 0x00, 0x00, 0x0F, 0xFC, 0x00, 0x00,
    0x00, 0x00, 0x00, 0x00, 0x03, 0xF4, 0x00, 0x00, 0x00, 0x00, 0x00, 0x00, 0x02, 0xF0, 0x00, 0x00,
    0x00, 0x00, 0x00, 0x00, 0x03, 0xC0, 0x00, 0x00, 0x00, 0x00, 0x00, 0x00, 0x03, 0xC0, 0x00, 0x00,
    0x00, 0x00, 0x00, 0x00, 0x0F, 0x00, 0x00, 0x00, 0x00, 0x00, 0x0A, 0x80, 0x1F, 0x00, 0x00, 0x00,
    0x00, 0x00, 0x1F, 0xE0, 0x3C, 0x00, 0x00, 0x00, 0x00, 0x00, 0x2F, 0xF8, 0xB8, 0x00, 0x00, 0x00,
    0x00, 0x00, 0x1F, 0xFF, 0xF0, 0x00, 0x00, 0x00, 0x00, 0x00, 0x0B, 0xFF, 0x80, 0x00, 0x00, 0x00,
    0x00, 0x00, 0x00, 0x60, 0x00, 0x00, 0x00, 0x00, 0x00, 0x00, 0x00, 0x00, 0x00, 0x00, 0x00, 0x00,
    0xB8, 0x07, 0xC0, 0x00, 0x02, 0xFC, 0x2F, 0xE0, 0x00, 0x0B, 0xF8, 0xBF, 0xC0, 0x00, 0x0F, 0xE2,
    0xFE, 0x00, 0x00, 0x3F, 0x07, 0xF0, 0x00, 0x00, 0xFC, 0x1F, 0x80, 0x00, 0x02, 0xE0, 0x7C, 0x00,
    0x00, 0x02, 0x40, 0x00, 0x00, 0x00, 0x00, 0x00, 0x00, 0x00, 0x00, 0x2A, 0xAA, 0x80, 0x0A, 0xA8,
    0x2F, 0xFE, 0x00, 0x02, 0xFC, 0x0B, 0xFC, 0x00, 0x00, 0xF0, 0x03, 0xFC, 0x00, 0x02, 0xE0, 0x02,
    0xFE, 0x00, 0x03, 0xC0, 0x00, 0xFF, 0x00, 0x03, 0x80, 0x00, 0xBF, 0x80, 0x0B, 0x00, 0x00, 0x3F,
    0xC0, 0x0F, 0x00, 0x00, 0x2F, 0xC0, 0x0E, 0x00, 0x00, 0x0F, 0xF0, 0x2C, 0x00, 0x00, 0x0B, 0xF0,
    0x3C, 0x00, 0x00, 0x03, 0xF8, 0x74, 0x00, 0x00, 0x02, 0xFC, 0xB0, 0x00, 0x00, 0x00, 0xFF, 0xE0,
    0x00, 0x00, 0x00, 0xFF, 0xC0, 0x00, 0x00, 0x00, 0x3F, 0xC0, 0x00, 0x00, 0x00, 0x3F, 0x80, 0x00,
    0x00, 0x00, 0x1F, 0x00, 0x00, 0x00, 0x00, 0x0E, 0x00, 0x00, 0x00, 0x00, 0x2C, 0x00, 0x00, 0x00,
    0x00, 0x3C, 0x00, 0x00, 0x00, 0x00, 0xB8, 0x00, 0x00, 0x00, 0x00, 0xF0, 0x00, 0x00, 0x05, 0x02,
    0xE0, 0x00, 0x00, 0x2F, 0xFF, 0xC0, 0x00, 0x00, 0x3F, 0xFF, 0x00, 0x00, 0x00, 0x2F, 0xFD, 0x00,
    0x00, 0x00, 0x0A, 0xE0, 0x00, 0x00, 0x00, 0x00, 0x00, 0x28, 0x00, 0x28, 0x00, 0x00, 0x00, 0x00,
    0xFF, 0x00, 0xBF, 0x00, 0x00, 0x00, 0x00, 0xFF, 0x00, 0xFF, 0x00, 0x00, 0x00, 0x00, 0xFF, 0x00,
    0xBF, 0x00, 0x00, 0x00, 0x00, 0x28, 0x00, 0x28, 0x00, 0x00, 0x00, 0x00, 0x00, 0x00, 0x00, 0x00,
    0x00, 0x00, 0x00, 0x00, 0x00, 0x00, 0x00, 0x00, 0x15, 0x55, 0x55, 0x00, 0x55, 0x55, 0x54, 0x2F,
    0xFF, 0xFE, 0x00, 0xBF, 0xFF, 0xF8, 0x02, 0xFF, 0xC0, 0x00, 0x03, 0xFF, 0x80, 0x00, 0xFF, 0x80,
    0x00, 0x02, 0xFF, 0x00, 0x00, 0xFF, 0x80, 0x00, 0x01, 0xFF, 0x00, 0x00, 0xFF, 0x80, 0x00, 0x01,
    0xFF, 0x00, 0x00, 0xFF, 0x80, 0x00, 0x01, 0xFF, 0x00, 0x00, 0xFF, 0x80, 0x00, 0x01, 0xFF, 0x00,
    0x00, 0xFF, 0x80, 0x00, 0x01, 0xFF, 0x00, 0x00, 0xFF, 0x80, 0x00, 0x01, 0xFF, 0x00, 0x00, 0xFF,
    0x80, 0x00, 0x01, 0xFF, 0x00, 0x00, 0xFF, 0x80, 0x00, 0x01, 0xFF, 0x00, 0x00, 0xBF, 0xC0, 0x00,
    0x01, 0xFF, 0x00, 0x00, 0x3F, 0xE0, 0x00, 0x02, 0xFF, 0x00, 0x00, 0x2F, 0xFD, 0x00, 0xAF, 0xFF,
    0x00, 0x00, 0x0B, 0xFF, 0xFF, 0xE6, 0xFF, 0x00, 0x00, 0x00, 0x2A, 0xA4, 0x01, 0xFF, 0x00, 0x00,
    0x00, 0x00, 0x00, 0x01, 0xFF, 0x00, 0x00, 0x00, 0x00, 0x00, 0x01, 0xFF, 0x00, 0x00, 0x00, 0x00,
    0x00, 0x01, 0xFF, 0x00, 0x00, 0x00, 0x00, 0x00, 0x01, 0xFF, 0x00, 0x00, 0x00, 0x00, 0x00, 0x01,
    0xFF, 0x00, 0x00, 0x00, 0x00, 0x00, 0x01, 0xFF, 0x00, 0x00, 0x00, 0x00, 0x00, 0x01, 0xFF, 0x00,
    0x00, 0x00, 0x00, 0x00, 0x02, 0xFF, 0x00, 0x00, 0x00, 0x00, 0x00, 0x02, 0xFF, 0x00, 0x00, 0x00,
    0x00, 0x00, 0x0B, 0xFF, 0xE0, 0x00, 0x00, 0x00, 0x00, 0xFF, 0xFF, 0xFE, 0x00, 0x00, 0x00, 0x00,
    0x00, 0x00, 0x00, 0xBF, 0x00, 0x7F, 0x00, 0x00, 0x00, 0xFF, 0x00, 0xBF, 0x40, 0x00, 0x00, 0xFF,
    0x00, 0xBF, 0x00, 0x00, 0x00, 0x2D, 0x00, 0x2E, 0x00, 0x00, 0x00, 0x00, 0x00, 0x00, 0x00, 0x00,
    0x00, 0x00, 0x00, 0x00, 0x00, 0x00, 0x00, 0x00, 0x00, 0x00, 0x00, 0x00, 0x00, 0x00, 0x00, 0x00,
    0x00, 0x00, 0x6A, 0xAA, 0x81, 0xAA, 0xAA, 0x00, 0x0B, 0xFE, 0x00, 0x3F, 0xF4, 0x00, 0x03, 0xFC,
    0x00, 0x0F, 0xE0, 0x00, 0x03, 0xF8, 0x00, 0x0F, 0xE0, 0x00, 0x03, 0xF8, 0x00, 0x0F, 0xE0, 0x00,
    0x03, 0xF8, 0x00, 0x0F, 0xE0, 0x00, 0x03, 0xF8, 0x00, 0x0F, 0xE0, 0x00, 0x03, 0xF8, 0x00, 0x0F,
    0xE0, 0x00, 0x03, 0xFC, 0x00, 0x0F, 0xE0, 0x00, 0x00, 0xFE, 0x00, 0x2F, 0xE0, 0x00, 0x00, 0x3F,
    0xFF, 0xFF, 0xE0, 0x00, 0x00, 0x00, 0x90, 0x0F, 0xE0, 0x00, 0x00, 0x00, 0x00, 0x0F, 0xE0, 0x00,
    0x00, 0x00, 0x00, 0x0F, 0xE0, 0x00, 0x00, 0x00, 0x00, 0x0F, 0xE0, 0x00, 0x00, 0x00, 0x00, 0x0F,
    0xE0, 0x00, 0x00, 0x00, 0x00, 0x0F, 0xE0, 0x00, 0x00, 0x00, 0x00, 0x2F, 0xF0, 0x00, 0x00, 0x00,
    0x03, 0xFF, 0xFF, 0x00, 0x00, 0x00, 0x00, 0x00, 0x00, 0x00, 0x00, 0x00, 0x03, 0xFF, 0xFF, 0xFF,
    0xFF, 0xFE, 0x00, 0x03, 0xFF, 0xFF, 0xFF, 0xFF, 0xFC, 0x00, 0x0B, 0xFF, 0xFF, 0xFF, 0xFF, 0xFC,
    0x00, 0x0B, 0xF8, 0x00, 0x00, 0x00, 0x00, 0x00, 0x0F, 0xF0, 0x00, 0x00, 0x00, 0x00, 0x00, 0x0F,
    0xF0, 0x00, 0x00, 0x00, 0x00, 0x00, 0x1F, 0xE0, 0x00, 0x00, 0x00, 0x00, 0x00, 0x2F, 0xE0, 0x00,
    0x00, 0x00, 0x00, 0x00, 0x3F, 0xC0, 0x00, 0x00, 0x00, 0x00, 0x00, 0x3F, 0xC0, 0x00, 0x00, 0x00,
    0x00, 0x00, 0x3F, 0xC0, 0x00, 0x00, 0x00, 0x00, 0x00, 0xBF, 0x80, 0x00, 0x00, 0x00, 0x00, 0x00,
    0xBF, 0x80, 0x00, 0x00, 0x00, 0x00, 0x00, 0xFF, 0x00, 0x00, 0x00, 0x00, 0x00, 0x00, 0xFF, 0x00,
    0x00, 0x00, 0x00, 0x00, 0x00, 0xFF, 0x00, 0x00, 0x00, 0x00, 0x00, 0x02, 0xFE, 0x00, 0x00, 0x00,
    0x00, 0x00, 0x02, 0xFD, 0x00, 0x00, 0x00, 0x00, 0x00, 0x03, 0xFC, 0x00, 0x00, 0x00, 0x00, 0x00,
    0x03, 0xFC, 0x00, 0x00, 0x00, 0x00, 0x00, 0x07, 0xFC, 0x00, 0x00, 0x00, 0x00, 0x00, 0x0B, 0xF8,
    0x00, 0x00, 0x00, 0x00, 0x00, 0x0F, 0xF0, 0x00, 0x00, 0x00, 0x00, 0x00, 0x0F, 0xF0, 0x00, 0x00,
    0x00, 0x00, 0x00, 0x0F, 0xF0, 0x00, 0x00, 0x00, 0x00, 0x00, 0x1F, 0xE0, 0x00, 0x00, 0x00, 0x00,
    0x00, 0x2F, 0xE8, 0x00, 0x00, 0x00, 0x00, 0x00, 0x3F, 0xFE, 0x00, 0x00, 0x00, 0x00, 0x00, 0x3F,
    0xFE, 0x00, 0x00, 0x00, 0x00, 0x00, 0x3F, 0xFC, 0x00, 0x00, 0x00, 0x00, 0x00, 0x03, 0xFC, 0x00,
    0x00, 0x00, 0x00, 0x00, 0x03, 0xFC, 0x00, 0x00, 0x00, 0x00, 0x00, 0x0B, 0xF8, 0x00, 0x00, 0x00,
    0x00, 0x00, 0x0B, 0xF4, 0x00, 0x00, 0x00, 0x00, 0x00, 0x0F, 0xF0, 0x00, 0x00, 0x00, 0x00, 0x00,
    0x0F, 0xF0, 0x00, 0x00, 0x00, 0x00, 0x00, 0x0F, 0xE0, 0x00, 0x00, 0x00, 0x00, 0x00, 0x00, 0x2A,
    0xAA, 0xAA, 0xA8, 0x00, 0x3F, 0xFF, 0xFF, 0xFC, 0x00, 0x3F, 0xFF, 0xFF, 0xFC, 0x00, 0x3F, 0x80,
    0x00, 0x00, 0x00, 0xBF, 0x00, 0x00, 0x00, 0x00, 0xBF, 0x00, 0x00, 0x00, 0x00, 0xFF, 0x00, 0x00,
    0x00, 0x00, 0xFE, 0x00, 0x00, 0x00, 0x01, 0xFC, 0x00, 0x00, 0x00, 0x02, 0xFC, 0x00, 0x00, 0x00,
    0x03, 0xFC, 0x00, 0x00, 0x00, 0x03, 0xF8, 0x00, 0x00, 0x00, 0x03, 0xF8, 0x00, 0x00, 0x00, 0x0B,
    0xF0, 0x00, 0x00, 0x00, 0x0B, 0xF0, 0x00, 0x00, 0x00, 0x0F, 0xF0, 0x00, 0x00, 0x00, 0x0F, 0xE0,
    0x00, 0x00, 0x00, 0x0F, 0xD0, 0x00, 0x00, 0x00, 0x2F, 0xC0, 0x00, 0x00, 0x00, 0x2F, 0xF8, 0x00,
    0x00, 0x00, 0x3F, 0xF8, 0x00, 0x00, 0x00, 0x3F, 0xF4, 0x00, 0x00, 0x00, 0x0B, 0xF0, 0x00, 0x00,
    0x00, 0x0B, 0xF0, 0x00, 0x00, 0x00, 0x0F, 0xF0, 0x00, 0x00, 0x00, 0x0F, 0xE0, 0x00, 0x00, 0x00,
    0x1F, 0xC0, 0x00, 0x00, 0x00, 0x0A, 0x80, 0x00, 0x00, 0x00, 0x00, 0x00, 0x00, 0x0A, 0x00, 0x0A,
    0x00, 0x00, 0x00, 0x00, 0x00, 0x00, 0x00, 0x3F, 0xC0, 0x3F, 0xC0, 0x00, 0x00, 0x00, 0x00, 0x00,
    0x00, 0x3F, 0xC0, 0x3F, 0xC0, 0x00, 0x00, 0x00, 0x00, 0x00, 0x00, 0x3F, 0x80, 0x3F, 0xC0, 0x00,
    0x00, 0x00, 0x00, 0x00, 0x00, 0x09, 0x00, 0x0A, 0x00, 0x00, 0x00, 0x00, 0x00, 0x00, 0x00, 0x00,
    0x00, 0x00, 0x00, 0x00, 0x00, 0x00, 0x00, 0x00, 0x00, 0x00, 0x00, 0x00, 0x00, 0x00, 0x00, 0x00,
    0x15, 0x55, 0x55, 0x00, 0x00, 0x00, 0x05, 0x55, 0x55, 0x00, 0xAF, 0xFF, 0xFE, 0x00, 0x00, 0x00,
    0x2F, 0xFF, 0xFE, 0x40, 0x03, 0xFF, 0xC0, 0x00, 0x00, 0x00, 0x00, 0xFF, 0xE0, 0x00, 0x00, 0xFF,
    0x40, 0x00, 0x00, 0x00, 0x00, 0xBF, 0xC0, 0x00, 0x00, 0xFF, 0x00, 0x00, 0x00, 0x00, 0x00, 0x3F,
    0xC0, 0x00, 0x00, 0xFF, 0x00, 0x00, 0x00, 0x00, 0x00, 0x3F, 0xC0, 0x00, 0x00, 0xFF, 0x00, 0x00,
    0x00, 0x00, 0x00, 0x3F, 0xC0, 0x00, 0x00, 0xFF, 0x00, 0x00, 0x00, 0x00, 0x00, 0x3F, 0xC0, 0x00,
    0x00, 0xFF, 0x00, 0x00, 0x00, 0x00, 0x00, 0x3F, 0xC0, 0x00, 0x00, 0xFF, 0x00, 0x00, 0x00, 0x00,
    0x00, 0x3F, 0xC0, 0x00, 0x00, 0xFF, 0x00, 0x00, 0x00, 0x00, 0x00, 0x3F, 0xC0, 0x00, 0x00, 0xFF,
    0x00, 0x00, 0x00, 0x00, 0x00, 0x3F, 0xC0, 0x00, 0x00, 0xFF, 0x95, 0x40, 0x00, 0x00, 0x00, 0x3F,
    0xC0, 0x00, 0x00, 0xFF, 0xFF, 0xFF, 0xF8, 0x00, 0x00, 0x3F, 0xC0, 0x00, 0x00, 0xFF, 0x81, 0xAF,
    0xFF, 0x80, 0x00, 0x3F, 0xC0, 0x00, 0x00, 0xFF, 0x00, 0x00, 0xBF, 0xF0, 0x00, 0x3F, 0xC0, 0x00,
    0x00, 0xFF, 0x00, 0x00, 0x0F, 0xFC, 0x00, 0x3F, 0xC0, 0x00, 0x00, 0xFF, 0x00, 0x00, 0x0B, 0xFD,
    0x00, 0x3F, 0xC0, 0x00, 0x00, 0xFF, 0x00, 0x00, 0x03, 0xFE, 0x00, 0x3F, 0xC0, 0x00, 0x00, 0xFF,
    0x00, 0x00, 0x03, 0xFF, 0x00, 0x3F, 0xC0, 0x00, 0x00, 0xFF, 0x00, 0x00, 0x03, 0xFF, 0x00, 0x3F,
    0xC0, 0x00, 0x00, 0xFF, 0x00, 0x00, 0x03, 0xFE, 0x00, 0x3F, 0xC0, 0x00, 0x00, 0xFF, 0x00, 0x00,
    0x03, 0xFE, 0x00, 0x3F, 0xC0, 0x00, 0x00, 0xFF, 0x00, 0x00, 0x0B, 0xFC, 0x00, 0x3F, 0xC0, 0x00,
    0x00, 0xFF, 0x00, 0x00, 0x2F, 0xF8, 0x00, 0x3F, 0xC0, 0x00, 0x02, 0xFF, 0x80, 0x01, 0xFF, 0xE0,
    0x00, 0xBF, 0xC0, 0x00, 0x0B, 0xFF, 0xFF, 0xFF, 0xFF, 0x00, 0x02, 0xFF, 0xF8, 0x00, 0xBF, 0xFF,
    0xFF, 0xFF, 0xA0, 0x00, 0x3F, 0xFF, 0xFF, 0x80, 0x00, 0x00, 0x00, 0x00, 0x00, 0x00, 0x00, 0x00,
    0x00, 0xFE, 0x00, 0xFE, 0x00, 0x00, 0x00, 0x00, 0xFF, 0x00, 0xFF, 0x00, 0x00, 0x00, 0x00, 0xFF,
    0x00, 0xFF, 0x00, 0x00, 0x00, 0x00, 0x78, 0x00, 0x3C, 0x00, 0x00, 0x00, 0x00, 0x00, 0x00, 0x00,
    0x00, 0x00, 0x00, 0x00, 0x00, 0x00, 0x00, 0x00, 0x00, 0x00, 0x00, 0x00, 0x00, 0x00, 0x00, 0x00,
    0x00, 0x00, 0x00, 0x00, 0x00, 0x00, 0x00, 0x6A, 0xAA, 0x80, 0x00, 0x02, 0xAA, 0xA8, 0x0B, 0xFE,
    0x00, 0x00, 0x00, 0xBF, 0xE0, 0x03, 0xFC, 0x00, 0x00, 0x00, 0x3F, 0xC0, 0x03, 0xF8, 0x00, 0x00,
    0x00, 0x2F, 0xC0, 0x03, 0xF8, 0x00, 0x00, 0x00, 0x2F, 0xC0, 0x03, 0xF8, 0x00, 0x00, 0x00, 0x2F,
    0xC0, 0x03, 0xF8, 0x00, 0x00, 0x00, 0x2F, 0xC0, 0x03, 0xF8, 0x00, 0x00, 0x00, 0x2F, 0xC0, 0x03,
    0xFC, 0x00, 0x00, 0x00, 0x2F, 0xC0, 0x03, 0xFF, 0xFF, 0xF8, 0x00, 0x2F, 0xC0, 0x03, 0xF8, 0x02,
    0xFF, 0x80, 0x2F, 0xC0, 0x03, 0xF8, 0x00, 0x3F, 0xC0, 0x2F, 0xC0, 0x03, 0xF8, 0x00, 0x1F, 0xE0,
    0x2F, 0xC0, 0x03, 0xF8, 0x00, 0x0F, 0xF0, 0x2F, 0xC0, 0x03, 0xF8, 0x00, 0x0F, 0xE0, 0x2F, 0xC0,
    0x03, 0xF8, 0x00, 0x2F, 0xE0, 0x2F, 0xC0, 0x03, 0xF8, 0x00, 0xBF, 0xC0, 0x2F, 0xC0, 0x0B, 0xFE,
    0xAB, 0xFF, 0x00, 0x3F, 0xE0, 0xBF, 0xFF, 0xFF, 0xE0, 0x03, 0xFF, 0xFD, 0x00, 0x00, 0x00, 0x00,
    0x00, 0x00, 0x00, 0x00, 0x00, 0x00, 0x00, 0xFF, 0xFF, 0xFF, 0xFF, 0xFE, 0x00, 0x00, 0x00, 0x0F,
    0xFC, 0x00, 0x1B, 0xFD, 0x00, 0x00, 0x00, 0x0B, 0xF8, 0x00, 0x00, 0xFC, 0x00, 0x00, 0x00, 0x0F,
    0xF8, 0x00, 0x00, 0x3C, 0x00, 0x00, 0x00, 0x0F, 0xF0, 0x00, 0x00, 0x38, 0x00, 0x00, 0x00, 0x2F,
    0xF0, 0x00, 0x00, 0x28, 0x00, 0x00, 0x00, 0x2F, 0xE0, 0x00, 0x00, 0x20, 0x00, 0x00, 0x00, 0x3F,
    0xE0, 0x00, 0x00, 0x00, 0x00, 0x00, 0x00, 0x3F, 0xC0, 0x00, 0x00, 0x00, 0x00, 0x00, 0x00, 0xBF,
    0xC0, 0x00, 0x00, 0x00, 0x00, 0x00, 0x00, 0xBF, 0x80, 0x00, 0x00, 0x00, 0x00, 0x00, 0x00, 0xFF,
    0x80, 0x00, 0x00, 0x00, 0x00, 0x00, 0x00, 0xFF, 0x00, 0x00, 0x00, 0x00, 0x00, 0x00, 0x02, 0xFF,
    0x00, 0x00, 0x00, 0x00, 0x00, 0x00, 0xBF, 0xFF, 0xFF, 0xFF, 0x40, 0x00, 0x00, 0x00, 0x03, 0xFE,
    0x00, 0x00, 0x00, 0x00, 0x00, 0x00, 0x03, 0xFC, 0x00, 0x00, 0x00, 0x00, 0x00, 0x00, 0x0B, 0xFC,
    0x00, 0x00, 0x00, 0x00, 0x00, 0x00, 0x0B, 0xF8, 0x00, 0x00, 0x00, 0x00, 0x00, 0x00, 0x0F, 0xF8,
    0x00, 0x00, 0x00, 0x00, 0x00, 0x00, 0x0F, 0xF0, 0x00, 0x00, 0x00, 0x00, 0x00, 0x00, 0x2F, 0xF0,
    0x00, 0x00, 0x00, 0x00, 0x00, 0x00, 0x2F, 0xE0, 0x00, 0x00, 0x00, 0x00, 0x00, 0x00, 0x3F, 0xE0,
    0x00, 0x00, 0x00, 0x00, 0x00, 0x00, 0x3F, 0xC0, 0x00, 0x00, 0x00, 0x00, 0x00, 0x00, 0xBF, 0xC0,
    0x00, 0x00, 0x00, 0x00, 0x00, 0x00, 0xFF, 0x80, 0x00, 0x00, 0x00, 0x00, 0x00, 0x00, 0xFF, 0x00,
    0x00, 0x00, 0x00, 0x00, 0x00, 0x02, 0xFE, 0x00, 0x00, 0x00, 0x00, 0x00, 0x00, 0x03, 0xFC, 0x00,
    0x00, 0x00, 0x00, 0x00, 0x00, 0x0B, 0xF0, 0x00, 0x00, 0x00, 0x00, 0x00, 0x00, 0x1F, 0xC0, 0x00,
    0x00, 0x00, 0x00, 0x00, 0x00, 0x3F, 0x00, 0x00, 0x00, 0x00, 0x00, 0x00, 0x00, 0xFC, 0x00, 0x00,
    0x00, 0x00, 0x00, 0x00, 0x07, 0xE0, 0x00, 0x00, 0x00, 0x00, 0x00, 0x00, 0x2E, 0x00, 0x00, 0x00,
    0x00, 0x00, 0x00, 0x00, 0xA0, 0x00, 0x00, 0x00, 0x00, 0x00, 0x00, 0x00, 0x00, 0x00, 0x00, 0x00,
    0x00, 0x00, 0x00, 0x00, 0x00, 0x00, 0x2A, 0xAA, 0xAA, 0xAA, 0x00, 0x00, 0x2F, 0xFE, 0xAB, 0xFE,
    0x00, 0x00, 0x07, 0xF8, 0x00, 0xBD, 0x00, 0x00, 0x0B, 0xF8, 0x00, 0x3C, 0x00, 0x00, 0x0F, 0xF0,
    0x00, 0x2C, 0x00, 0x00, 0x0F, 0xF0, 0x00, 0x28, 0x00, 0x00, 0x0F, 0xE0, 0x00, 0x00, 0x00, 0x00,
    0x2F, 0xE0, 0x00, 0x00, 0x00, 0x00, 0x3F, 0xC0, 0x00, 0x00, 0x00, 0x00, 0x3F, 0xC0, 0x00, 0x00,
    0x00, 0x0F, 0xFF, 0xFF, 0xF8, 0x00, 0x00, 0x00, 0xBF, 0x80, 0x00, 0x00, 0x00, 0x00, 0xFF, 0x00,
    0x00, 0x00, 0x00, 0x00, 0xFF, 0x00, 0x00, 0x00, 0x00, 0x00, 0xFE, 0x00, 0x00, 0x00, 0x00, 0x02,
    0xFE, 0x00, 0x00, 0x00, 0x00, 0x03, 0xFC, 0x00, 0x00, 0x00, 0x00, 0x03, 0xFC, 0x00, 0x00, 0x00,
    0x00, 0x03, 0xF8, 0x00, 0x00, 0x00, 0x00, 0x0B, 0xF0, 0x00, 0x00, 0x00, 0x00, 0x0F, 0xF0, 0x00,
    0x00, 0x00, 0x00, 0x0F, 0xE0, 0x00, 0x00, 0x00, 0x00, 0x3F, 0xC0, 0x00, 0x00, 0x00, 0x00, 0x3F,
    0x00, 0x00, 0x00, 0x00, 0x00, 0xFD, 0x00, 0x00, 0x00, 0x00, 0x02, 0xF4, 0x00, 0x00, 0x00, 0x00,
    0x0B, 0xC0, 0x00, 0x00, 0x00, 0x00, 0x2E, 0x00, 0x00, 0x00, 0x00, 0x00, 0xB0, 0x00, 0x00, 0x00,
    0x00, 0x00, 0x00, 0x00, 0x00, 0x00, 0x00, 0x00, 0x00, 0x00, 0x00, 0x00, 0x00, 0x00, 0x00, 0x00,
    0x00, 0x00, 0x00, 0xFF, 0xFF, 0xF8, 0x00, 0x0B, 0xFF, 0xF4, 0x00, 0x00, 0x2F, 0xFF, 0x40, 0x00,
    0x00, 0xFF, 0x40, 0x00, 0x00, 0x0B, 0xFF, 0x00, 0x00, 0x00, 0xF8, 0x00, 0x00, 0x00, 0x03, 0xFF,
    0x00, 0x00, 0x02, 0xE0, 0x00, 0x00, 0x00, 0x02, 0xFF, 0x80, 0x00, 0x07, 0x80, 0x00, 0x00, 0x00,
    0x00, 0xFF, 0xC0, 0x00, 0x0E, 0x00, 0x00, 0x00, 0x00, 0x00, 0xBF, 0xE0, 0x00, 0x38, 0x00, 0x00,
    0x00, 0x00, 0x00, 0x3F, 0xF0, 0x00, 0xF0, 0x00, 0x00, 0x00, 0x00, 0x00, 0x1F, 0xF8, 0x03, 0xC0,
    0x00, 0x00, 0x00, 0x00, 0x00, 0x0F, 0xFC, 0x0F, 0x00, 0x00, 0x00, 0x00, 0x00, 0x00, 0x03, 0xFF,
    0x2C, 0x00, 0x00, 0x00, 0x00, 0x00, 0x00, 0x03, 0xFF, 0xF0, 0x00, 0x00, 0x00, 0x00, 0x00, 0x00,
    0x00, 0xFF, 0xC0, 0x00, 0x00, 0x00, 0x00, 0x00, 0x00, 0x00, 0xFF, 0xD0, 0x00, 0x00, 0x00, 0x00,
    0x00, 0x00, 0x00, 0xFF, 0xF0, 0x00, 0x00, 0x00, 0x00, 0x00, 0x00, 0x03, 0x2F, 0xF8, 0x00, 0x00,
    0x00, 0x00, 0x00, 0x00, 0x0E, 0x0F, 0xFC, 0x00, 0x00, 0x00, 0x00, 0x00, 0x00, 0x38, 0x0B, 0xFE,
    0x00, 0x00, 0x00, 0x00, 0x00, 0x00, 0xE0, 0x03, 0xFF, 0x00, 0x00, 0x00, 0x00, 0x00, 0x03, 0xC0,
    0x02, 0xFF, 0x80, 0x00, 0x00, 0x00, 0x00, 0x0F, 0x00, 0x00, 0xFF, 0xC0, 0x00, 0x00, 0x00, 0x00,
    0x3C, 0x00, 0x00, 0xBF, 0xE0, 0x00, 0x00, 0x00, 0x00, 0xF0, 0x00, 0x00, 0x3F, 0xF0, 0x00, 0x00,
    0x00, 0x02, 0xC0, 0x00, 0x00, 0x2F, 0xF0, 0x00, 0x00, 0x00, 0x0B, 0x80, 0x00, 0x00, 0x0F, 0xF8,
    0x00, 0x00, 0x00, 0x2E, 0x00, 0x00, 0x00, 0x0F, 0xF0, 0x00, 0x00, 0x00, 0xBC, 0x00, 0x00, 0x00,
    0x0F, 0xF0, 0x00, 0x00, 0x0B, 0xFE, 0x00, 0x00, 0x00, 0x0F, 0xF0, 0x00, 0x00, 0x3F, 0xFF, 0xC0,
    0x00, 0x00, 0x2F, 0xE0, 0x00, 0x00, 0x00, 0x00, 0x00, 0x00, 0x00, 0x3F, 0xC0, 0x00, 0x00, 0x00,
    0x00, 0x00, 0x00, 0x00, 0xFF, 0x00, 0x00, 0x00, 0x00, 0x00, 0x00, 0x00, 0x02, 0xFC, 0x00, 0x00,
    0x00, 0x00, 0x00, 0x00, 0x00, 0x0B, 0xE0, 0x00, 0x00, 0x00, 0x00, 0x00, 0x00, 0x00, 0x3F, 0x00,
    0x00, 0x00, 0x00, 0x00, 0x00, 0x00, 0x02, 0xF0, 0x00, 0x00, 0x00, 0x00, 0x00, 0x00, 0x00, 0x02,
    0x00, 0x00, 0x00, 0x00, 0x00, 0x00, 0x0A, 0xAA, 0xA8, 0x06, 0xAA, 0x80, 0x00, 0x0F, 0xFF, 0xE0,
    0x02, 0xFF, 0x80, 0x00, 0x02, 0xFF, 0x00, 0x00, 0xF8, 0x00, 0x00, 0x00, 0xFF, 0x80, 0x02, 0xC0,
    0x00, 0x00, 0x00, 0xBF, 0xC0, 0x0B, 0x00, 0x00, 0x00, 0x00, 0x3F, 0xE0, 0x2C, 0x00, 0x00, 0x00,
    0x00, 0x0F, 0xF0, 0xB0, 0x00, 0x00, 0x00, 0x00, 0x0B, 0xFE, 0xC0, 0x00, 0x00, 0x00, 0x00, 0x03,
    0xFF, 0x00, 0x00, 0x00, 0x00, 0x00, 0x02, 0xFF, 0x00, 0x00, 0x00, 0x00, 0x00, 0x03, 0xFF, 0x80,
    0x00, 0x00, 0x00, 0x00, 0x0F, 0xBF, 0xC0, 0x00, 0x00, 0x00, 0x00, 0x3C, 0x3F, 0xE0, 0x00, 0x00,
    0x00, 0x00, 0xF0, 0x0F, 0xF0, 0x00, 0x00, 0x00, 0x03, 0xC0, 0x0B, 0xFC, 0x00, 0x00, 0x00, 0x0F,
    0x00, 0x03, 0xFC, 0x00, 0x00, 0x00, 0x3C, 0x00, 0x02, 0xFE, 0x00, 0x00, 0x00, 0xF4, 0x00, 0x00,
    0xFF, 0x00, 0x00, 0x0B, 0xF8, 0x00, 0x00, 0xFF, 0x00, 0x00, 0x3F, 0xFF, 0x00, 0x00, 0xFE, 0x00,
    0x00, 0x00, 0x00, 0x00, 0x02, 0xFC, 0x00, 0x00, 0x00, 0x00, 0x00, 0x03, 0xFC, 0x00, 0x00, 0x00,
    0x00, 0x00, 0x07, 0xF0, 0x00, 0x00, 0x00, 0x00, 0x00, 0x0F, 0xC0, 0x00, 0x00, 0x00, 0x00, 0x00,
    0x3E, 0x00, 0x00, 0x00, 0x00, 0x00, 0x02, 0xF0, 0x00, 0x00, 0x00, 0x00, 0x00, 0x0A, 0x00, 0x00,
    0x00, 0x00, 0x00, 0x00, 0x00, 0x00, 0x00, 0x00, 0x00, 0x00, 0x00, 0x00, 0x00, 0x00, 0x00, 0x00,
    0x00, 0x00, 0x00, 0x00, 0xFF, 0xC0, 0x00, 0x00, 0x02, 0xFF, 0x80, 0x00, 0x00, 0x7F, 0xE0, 0x00,
    0x00, 0x03, 0xFF, 0x00, 0x00, 0x00, 0x3F, 0xF0, 0x00, 0x00, 0x0F, 0xFC, 0x00, 0x00, 0x00, 0x2F,
    0xF8, 0x00, 0x00, 0x3F, 0xF0, 0x00, 0x00, 0x00, 0x0F, 0xFC, 0x00, 0x00, 0xFF, 0xC0, 0x00, 0x00,
    0x00, 0x0B, 0xFE, 0x00, 0x03, 0xFF, 0x00, 0x00, 0x00, 0x00, 0x03, 0xFF, 0x00, 0x0F, 0xFC, 0x00,
    0x00, 0x00, 0x00, 0x02, 0xFF, 0x40, 0x2F, 0xF0, 0x00, 0x00, 0x00, 0x00, 0x00, 0xFF, 0xC0, 0xBF,
    0xD0, 0x00, 0x00, 0x00, 0x00, 0x00, 0xBF, 0xC2, 0xFF, 0x80, 0x00, 0x00, 0x00, 0x00, 0x00, 0x3F,
    0xF7, 0xFE, 0x00, 0x00, 0x00, 0x00, 0x00, 0x00, 0x2F, 0xFF, 0xF8, 0x00, 0x00, 0x00, 0x00, 0x02,
    0xAA, 0xAF, 0xFF, 0xFA, 0xAA, 0x80, 0x00, 0x00, 0x0B, 0xFF, 0xFF, 0xFF, 0xFF, 0xFF, 0x80, 0x00,
    0x00, 0x0B, 0xFF, 0xFF, 0xFF, 0xFF, 0xFF, 0x80, 0x00, 0x00, 0x0F, 0xFF, 0xFF, 0xFF, 0xFF, 0xFF,
    0x00, 0x00, 0x00, 0x00, 0x00, 0xBF, 0xFF, 0xD0, 0x00, 0x00, 0x00, 0x00, 0x00, 0x00, 0xFF, 0xFF,
    0xC0, 0x00, 0x00, 0x00, 0x00, 0x00, 0x03, 0xFF, 0x3F, 0xF0, 0x00, 0x00, 0x00, 0x00, 0x00, 0x0F,
    0xFC, 0x2F, 0xF0, 0x00, 0x00, 0x00, 0x00, 0x00, 0x3F, 0xF4, 0x0F, 0xF8, 0x00, 0x00, 0x00, 0x00,
    0x00, 0xBF, 0xE0, 0x0B, 0xFC, 0x00, 0x00, 0x00, 0x00, 0x02, 0xFF, 0x80, 0x03, 0xFE, 0x00, 0x00,
    0x00, 0x00, 0x0B, 0xFE, 0x00, 0x03, 0xFF, 0x00, 0x00, 0x00, 0x00, 0x1F, 0xF8, 0x00, 0x00, 0xFF,
    0x80, 0x00, 0x00, 0x00, 0x3F, 0xF0, 0x00, 0x00, 0xFF, 0xC0, 0x00, 0x00, 0x00, 0xFF, 0xC0, 0x00,
    0x00, 0xBF, 0xE0, 0x00, 0x00, 0x03, 0xFF, 0x00, 0x00, 0x00, 0x3F, 0xF0, 0x00, 0x00, 0x0F, 0xFC,
    0x00, 0x00, 0x00, 0x2F, 0xF8, 0x00, 0x00, 0x3F, 0xF0, 0x00, 0x00, 0x00, 0x0F, 0xFC, 0x00, 0x00,
    0x00, 0x0A, 0xA0, 0x00, 0x00, 0xAA, 0x00, 0x00, 0x0F, 0xF4, 0x00, 0x03, 0xFC, 0x00, 0x00, 0x07,
    0xFC, 0x00, 0x0F, 0xF4, 0x00, 0x00, 0x03, 0xFD, 0x00, 0x3F, 0xE0, 0x00, 0x00, 0x02, 0xFF, 0x00,
    0xBF, 0x80, 0x00, 0x00, 0x00, 0xFF, 0x02, 0xFE, 0x00, 0x00, 0x00, 0x00, 0xBF, 0xCB, 0xF8, 0x00,
    0x00, 0x00, 0x00, 0x3F, 0xEF, 0xF0, 0x00, 0x00, 0x00, 0x00, 0x2F, 0xFF, 0xC0, 0x00, 0x00, 0x00,
    0x2F, 0xFF, 0xFF, 0xFF, 0x40, 0x00, 0x00, 0x3F, 0xFF, 0xFF, 0xFF, 0x00, 0x00, 0x00, 0x3F, 0xFF,
    0xFF, 0xFF, 0x00, 0x00, 0x00, 0x3F, 0xFF, 0xFF, 0xFE, 0x00, 0x00, 0x00, 0x00, 0xFF, 0xFF, 0x00,
    0x00, 0x00, 0x00, 0x03, 0xFE, 0xFF, 0x40, 0x00, 0x00, 0x00, 0x0B, 0xF8, 0x7F, 0xC0, 0x00, 0x00,
    0x00, 0x2F, 0xE0, 0x3F, 0xD0, 0x00, 0x00, 0x00, 0xBF, 0xC0, 0x1F, 0xF0, 0x00, 0x00, 0x02, 0xFF,
    0x00, 0x0F, 0xF0, 0x00, 0x00, 0x03, 0xFC, 0x00, 0x0B, 0xFC, 0x00, 0x00, 0x0F, 0xF0, 0x00, 0x03,
    0xFC, 0x00, 0x00, 0x3F, 0xC0, 0x00, 0x02, 0xFE, 0x00, 0x00, 0x00, 0x00, 0x00, 0x00, 0x00, 0xBF,
    0xFF, 0xFF, 0xFF, 0xC0, 0xBF, 0xFF, 0xFF, 0xFF, 0xC0, 0xBF, 0xFF, 0xFF, 0xFF, 0xC0, 0x15, 0x55,
    0x55, 0x55, 0x40, 0x00, 0x00, 0x00, 0x00, 0x00, 0x00, 0x00, 0x00, 0xBF, 0xFF, 0xFF, 0xFF, 0xFF,
    0xFF, 0xFF, 0xF0, 0xBF, 0xFF, 0xFF, 0xFF, 0xFF, 0xFF, 0xFF, 0xF0, 0xBF, 0xFF, 0xFF, 0xFF, 0xFF,
    0xFF, 0xFF, 0xF0, 0x15, 0x55, 0x55, 0x55, 0x55, 0x55, 0x55, 0x50, 0x00, 0x28, 0x00, 0xBC, 0x00,
    0xF8, 0x03, 0xF0, 0x0B, 0xC0, 0x0F, 0xC0, 0x2F, 0xF0, 0x3F, 0xF0, 0x3F, 0xF0, 0x3F, 0xF0, 0x0A,
    0x80, 0x00, 0x00, 0x03, 0xF8, 0x0F, 0xFC, 0x0F, 0xFE, 0x0F, 0xFC, 0x03, 0xFC, 0x02, 0xF0, 0x03,
    0xE0, 0x0F, 0xC0, 0x1F, 0x80, 0x3F, 0x00, 0x00, 0x00, 0x00, 0x00, 0x03, 0xF8, 0x0B, 0xFC, 0x0F,
    0xFE, 0x0F, 0xFD, 0x03, 0xFC, 0x02, 0xF4, 0x03, 0xF0, 0x0B, 0xC0, 0x0F, 0x80, 0x3F, 0x00, 0x14,
    0x00, 0x00, 0x28, 0x02, 0xA0, 0x00, 0xBC, 0x03, 0xE0, 0x00, 0xF8, 0x0F, 0xC0, 0x03, 0xF0, 0x2F,
    0x00, 0x0B, 0xC0, 0x3E, 0x00, 0x0F, 0xC0, 0xBD, 0x00, 0x2F, 0xF0, 0xFF, 0x00, 0x3F, 0xF2, 0xFF,
    0x80, 0x3F, 0xF2, 0xFF, 0x80, 0x3F, 0xF0, 0xFF, 0x00, 0x0A, 0x80, 0x29, 0x00, 0x00, 0x00, 0x00,
    0x00, 0x03, 0xF0, 0x2F, 0x80, 0x0F, 0xFC, 0x7F, 0xE0, 0x0F, 0xFC, 0xBF, 0xF0, 0x0F, 0xFC, 0xBF,
    0xE0, 0x07, 0xFC, 0x3F, 0xC0, 0x02, 0xF0, 0x0F, 0x80, 0x03, 0xE0, 0x3F, 0x00, 0x0F, 0xC0, 0x7D,
    0x00, 0x2F, 0x40, 0xFC, 0x00, 0x3F, 0x02, 0xF0, 0x00, 0x00, 0x00, 0x00, 0x00, 0x00, 0x00, 0x00,
    0x00, 0x02, 0xF8, 0x2F, 0xC0, 0x0B, 0xFC, 0x3F, 0xE0, 0x0F, 0xFE, 0x7F, 0xF0, 0x0F, 0xFE, 0x3F,
    0xF0, 0x03, 0xFC, 0x3F, 0xD0, 0x02, 0xF4, 0x0F, 0xC0, 0x03, 0xF0, 0x2F, 0x00, 0x0B, 0xC0, 0x3E,
    0x00, 0x0F, 0x80, 0xFC, 0x00, 0x3F, 0x01, 0xF4, 0x00, 0x00, 0x00, 0x00, 0x00, 0x00, 0x00, 0x02,
    0xA0, 0x00, 0x00, 0x00, 0x00, 0x0B, 0xF0, 0x00, 0x00, 0x00, 0x00, 0x0F, 0xE0, 0x00, 0x00, 0x00,
    0x00, 0x0F, 0xE0, 0x00, 0x00, 0x00, 0x00, 0x0F, 0xC0, 0x00, 0x00, 0x00, 0x00, 0x2F, 0xC0, 0x00,
    0x00, 0x00, 0x00, 0x2F, 0xC0, 0x00, 0x00, 0x1A, 0xAA, 0xBF, 0xEA, 0xAA, 0x00, 0x3F, 0xFF, 0xFF,
    0xFF, 0xFF, 0x00, 0x3F, 0xFF, 0xFF, 0xFF, 0xFF, 0x00, 0x3F, 0xFF, 0xFF, 0xFF, 0xFE, 0x00, 0x00,
    0x00, 0xBF, 0x00, 0x00, 0x00, 0x00, 0x00, 0xFE, 0x00, 0x00, 0x00, 0x00, 0x00, 0xFD, 0x00, 0x00,
    0x00, 0x00, 0x01, 0xFC, 0x00, 0x00, 0x00, 0x00, 0x02, 0xFC, 0x00, 0x00, 0x00, 0x00, 0x03, 0xF8,
    0x00, 0x00, 0x00, 0x00, 0x03, 0xF8, 0x00, 0x00, 0x00, 0x00, 0x03, 0xF0, 0x00, 0x00, 0x00, 0x00,
    0x0B, 0xF0, 0x00, 0x00, 0x00, 0x00, 0x0B, 0xF0, 0x00, 0x00, 0x00, 0x00, 0x0F, 0xE0, 0x00, 0x00,
    0x00, 0x00, 0x0F, 0xE0, 0x00, 0x00, 0x00, 0x00, 0x0F, 0xC0, 0x00, 0x00, 0x00, 0x00, 0x2F, 0xC0,
    0x00, 0x00, 0x00, 0x00, 0x2F, 0xC0, 0x00, 0x00, 0x00, 0x00, 0x3F, 0x80, 0x00, 0x00, 0x00, 0x00,
    0x3F, 0x80, 0x00, 0x00, 0x00, 0x00, 0x00, 0x00, 0x2A, 0x00, 0x00, 0x00, 0x00, 0x00, 0xBF, 0x00,
    0x00, 0x00, 0x00, 0x00, 0xFE, 0x00, 0x00, 0x00, 0x00, 0x00, 0xFE, 0x00, 0x00, 0x00, 0x00, 0x00,
    0xFC, 0x00, 0x00, 0x00, 0x00, 0x02, 0xFC, 0x00, 0x00, 0x00, 0x00, 0x02, 0xFC, 0x00, 0x00, 0x01,
    0xAA, 0xAB, 0xFE, 0xAA, 0xA0, 0x03, 0xFF, 0xFF, 0xFF, 0xFF, 0xF0, 0x03, 0xFF, 0xFF, 0xFF, 0xFF,
    0xF0, 0x03, 0xFF, 0xFF, 0xFF, 0xFF, 0xE0, 0x00, 0x00, 0x0B, 0xF0, 0x00, 0x00, 0x00, 0x00, 0x0F,
    0xE0, 0x00, 0x00, 0x00, 0x00, 0x0F, 0xC0, 0x00, 0x00, 0x00, 0x00, 0x1F, 0xC0, 0x00, 0x00, 0x00,
    0x00, 0x2F, 0xC0, 0x00, 0x00, 0x00, 0x00, 0x3F, 0x80, 0x00, 0x00, 0x2A, 0xAA, 0xBF, 0xEA, 0xAA,
    0x00, 0x3F, 0xFF, 0xFF, 0xFF, 0xFF, 0x00, 0x3F, 0xFF, 0xFF, 0xFF, 0xFF, 0x00, 0x3F, 0xFF, 0xFF,
    0xFF, 0xFE, 0x00, 0x00, 0x00, 0xFE, 0x00, 0x00, 0x00, 0x00, 0x00, 0xFE, 0x00, 0x00, 0x00, 0x00,
    0x00, 0xFC, 0x00, 0x00, 0x00, 0x00, 0x02, 0xFC, 0x00, 0x00, 0x00, 0x00, 0x02, 0xFC, 0x00, 0x00,
    0x00, 0x00, 0x03, 0xF8, 0x00, 0x00, 0x00, 0x00, 0x03, 0xF8, 0x00, 0x00, 0x00, 0x00, 0x01, 0x40,
    0x00, 0x00, 0xBF, 0xFD, 0x00, 0x03, 0xFF, 0xFF, 0x80, 0x0F, 0xFF, 0xFF, 0xE0, 0x1F, 0xFF, 0xFF,
    0xF0, 0x3F, 0xFF, 0xFF, 0xF8, 0x3F, 0xFF, 0xFF, 0xF8, 0x3F, 0xFF, 0xFF, 0xF8, 0x3F, 0xFF, 0xFF,
    0xF8, 0x3F, 0xFF, 0xFF, 0xF4, 0x0F, 0xFF, 0xFF, 0xF0, 0x0B, 0xFF, 0xFF, 0xD0, 0x03, 0xFF, 0xFF,
    0x80, 0x00, 0xBF, 0xFC, 0x00, 0x00, 0x00, 0x00, 0x00, 0x00, 0x00, 0x00, 0x00, 0x00, 0x00, 0x00,
    0x2F, 0x80, 0x07, 0xE0, 0x00, 0xBC, 0x00, 0xBF, 0xC0, 0x0F, 0xF8, 0x02, 0xFF, 0x00, 0xFF, 0xE0,
    0x1F, 0xFC, 0x03, 0xFF, 0x40, 0xFF, 0xD0, 0x0F, 0xFC, 0x03, 0xFF, 0x00, 0x3F, 0xC0, 0x0F, 0xF0,
    0x00, 0xFE, 0x00, 0x04, 0x00, 0x00, 0x40, 0x00, 0x10, 0x00, 0x00, 0x00, 0x00, 0x00, 0x00, 0x00,
    0x00, 0x00, 0x00, 0x00, 0x00, 0x00, 0x00, 0x00, 0x2F, 0xF8, 0x00, 0x00, 0x00, 0x0A, 0x80, 0x00,
    0x00, 0x00, 0x00, 0x00, 0x02, 0xFF, 0xFF, 0x80, 0x00, 0x00, 0x3F, 0xC0, 0x00, 0x00, 0x00, 0x00,
    0x00, 0x0B, 0xFF, 0xFF, 0xE0, 0x00, 0x00, 0xFF, 0x00, 0x00, 0x00, 0x00, 0x00, 0x00, 0x2F, 0xF8,
    0x2F, 0xF4, 0x00, 0x02, 0xFD, 0x00, 0x00, 0x00, 0x00, 0x00, 0x00, 0x3F, 0xC0, 0x03, 0xFC, 0x00,
    0x03, 0xF8, 0x00, 0x00, 0x00, 0x00, 0x00, 0x00, 0x3F, 0x00, 0x00, 0xFC, 0x00, 0x0F, 0xF0, 0x00,
    0x00, 0x00, 0x00, 0x00, 0x00, 0xBF, 0x00, 0x00, 0xFD, 0x00, 0x2F, 0xC0, 0x00, 0x00, 0x00, 0x00,
    0x00, 0x00, 0xBE, 0x00, 0x00, 0xFE, 0x00, 0x3F, 0x80, 0x00, 0x00, 0x00, 0x00, 0x00, 0x00, 0xBF,
    0x00, 0x00, 0xFD, 0x00, 0xFF, 0x00, 0x00, 0x00, 0x00, 0x00, 0x00, 0x00, 0x3F, 0x00, 0x01, 0xFC,
    0x02, 0xFC, 0x00, 0x00, 0x00, 0x00, 0x00, 0x00, 0x00, 0x3F, 0xC0, 0x03, 0xFC, 0x07, 0xF8, 0x00,
    0x00, 0x00, 0x00, 0x00, 0x00, 0x00, 0x1F, 0xF9, 0x6F, 0xF0, 0x0F, 0xF0, 0x00, 0x00, 0x00, 0x00,
    0x00, 0x00, 0x00, 0x0B, 0xFF, 0xFF, 0xE0, 0x3F, 0xC0, 0x00, 0x00, 0x00, 0x00, 0x00, 0x00, 0x00,
    0x02, 0xFF, 0xFF, 0x80, 0xBF, 0x40, 0x0A, 0xA0, 0x00, 0x00, 0x06, 0xA0, 0x00, 0x00, 0x2F, 0xF8,
    0x00, 0xFE, 0x00, 0xFF, 0xFF, 0x00, 0x00, 0xBF, 0xFF, 0x80, 0x00, 0x00, 0x00, 0x03, 0xFC, 0x03,
    0xFF, 0xFF, 0xC0, 0x03, 0xFF, 0xFF, 0xE0, 0x00, 0x00, 0x00, 0x0B, 0xF0, 0x0F, 0xFE, 0xBF, 0xF0,
    0x0B, 0xFF, 0xBF, 0xF8, 0x00, 0x00, 0x00, 0x0F, 0xE0, 0x3F, 0xE0, 0x0B, 0xF8, 0x0F, 0xF0, 0x03,
    0xFC, 0x00, 0x00, 0x00, 0x3F, 0xC0, 0x3F, 0x80, 0x02, 0xFC, 0x2F, 0xC0, 0x00, 0xFE, 0x00, 0x00,
    0x00, 0xBF, 0x00, 0x7F, 0x00, 0x00, 0xFC, 0x3F, 0x40, 0x00, 0xBF, 0x00, 0x00, 0x01, 0xFE, 0x00,
    0xBF, 0x00, 0x00, 0xFE, 0x3F, 0x00, 0x00, 0x7F, 0x00, 0x00, 0x03, 0xFC, 0x00, 0xBF, 0x00, 0x00,
    0xFE, 0x3F, 0x00, 0x00, 0x7F, 0x00, 0x00, 0x0F, 0xF0, 0x00, 0x3F, 0x00, 0x00, 0xFC, 0x3F, 0x80,
    0x00, 0xBE, 0x00, 0x00, 0x2F, 0xD0, 0x00, 0x3F, 0x80, 0x02, 0xFC, 0x2F, 0xC0, 0x00, 0xFE, 0x00,
    0x00, 0x3F, 0x80, 0x00, 0x2F, 0xE0, 0x0B, 0xF8, 0x0F, 0xF0, 0x0B, 0xFC, 0x00, 0x00, 0xFF, 0x00,
    0x00, 0x0F, 0xFF, 0xFF, 0xF0, 0x0B, 0xFF, 0xFF, 0xF4, 0x00, 0x02, 0xFC, 0x00, 0x00, 0x03, 0xFF,
    0xFF, 0xC0, 0x02, 0xFF, 0xFF, 0xE0, 0x00, 0x03, 0xF8, 0x00, 0x00, 0x00, 0xBF, 0xFE, 0x00, 0x00,
    0x3F, 0xFF, 0x00, 0x00, 0x00, 0x00, 0x00, 0x00, 0x00, 0x00, 0x00, 0x00, 0x00, 0x00, 0x40, 0x00,
    0x00, 0x00, 0x00, 0x00, 0x00, 0x02, 0xFF, 0x00, 0x00, 0x0B, 0xFC, 0x00, 0x00, 0x1F, 0xF0, 0x00,
    0x00, 0x3F, 0xE0, 0x00, 0x00, 0xFF, 0x80, 0x00, 0x03, 0xFF, 0x00, 0x00, 0x0B, 0xFC, 0x00, 0x00,
    0x2F, 0xF0, 0x00, 0x00, 0x3F, 0xC0, 0x00, 0x00, 0x3F, 0xC0, 0x00, 0x00, 0x1F, 0xE0, 0x00, 0x00,
    0x0F, 0xF0, 0x00, 0x00, 0x07, 0xF8, 0x00, 0x00, 0x03, 0xFC, 0x00, 0x00, 0x01, 0xFE, 0x00, 0x00,
    0x00, 0xFF, 0x00, 0x00, 0x00, 0x7F, 0x80, 0x00, 0x00, 0x00, 0x00, 0x00, 0x00, 0x00, 0x00, 0x00,
    0xFF, 0x00, 0x00, 0xBF, 0x40, 0x00, 0x3F, 0xC0, 0x00, 0x2F, 0xC0, 0x00, 0x0F, 0xF0, 0x00, 0x0B,
    0xF0, 0x00, 0x03, 0xFC, 0x00, 0x02, 0xFC, 0x00, 0x02, 0xFE, 0x00, 0x0B, 0xFC, 0x00, 0x0F, 0xF0,
    0x00, 0x3F, 0xE0, 0x00, 0xFF, 0x80, 0x03, 0xFF, 0x00, 0x0B, 0xFC, 0x00, 0x1F, 0xF0, 0x00, 0x3F,
    0xD0, 0x00, 0x00, 0x00, 0x00, 0x00, 0x00, 0x00, 0x00, 0x00, 0xAA, 0x00, 0x00, 0x00, 0x00, 0x02,
    0xFC, 0x00, 0x00, 0x00, 0x00, 0x03, 0xF8, 0x00, 0x00, 0x00, 0x00, 0x0F, 0xF0, 0x00, 0x00, 0x00,
    0x00, 0x2F, 0xC0, 0x00, 0x00, 0x00, 0x00, 0xBF, 0x80, 0x00, 0x00, 0x00, 0x00, 0xFF, 0x00, 0x00,
    0x00, 0x00, 0x03, 0xFC, 0x00, 0x00, 0x00, 0x00, 0x0B, 0xF4, 0x00, 0x00, 0x00, 0x00, 0x0F, 0xE0,
    0x00, 0x00, 0x00, 0x00, 0x3F, 0xC0, 0x00, 0x00, 0x00, 0x00, 0xBF, 0x00, 0x00, 0x00, 0x00, 0x00,
    0xFE, 0x00, 0x00, 0x00, 0x00, 0x03, 0xFC, 0x00, 0x00, 0x00, 0x00, 0x0B, 0xF0, 0x00, 0x00, 0x00,
    0x00, 0x2F, 0xE0, 0x00, 0x00, 0x00, 0x00, 0x3F, 0xC0, 0x00, 0x00, 0x00, 0x00, 0xFF, 0x00, 0x00,
    0x00, 0x00, 0x02, 0xFD, 0x00, 0x00, 0x00, 0x00, 0x03, 0xF8, 0x00, 0x00, 0x00, 0x00, 0x0F, 0xF0,
    0x00, 0x00, 0x00, 0x00, 0x2F, 0xC0, 0x00, 0x00, 0x00, 0x00, 0x3F, 0x80, 0x00, 0x00, 0x00, 0x00,
    0xFF, 0x00, 0x00, 0x00, 0x00, 0x02, 0xFC, 0x00, 0x00, 0x00, 0x00, 0x0B, 0xF8, 0x00, 0x00, 0x00,
    0x00, 0x0F, 0xF0, 0x00, 0x00, 0x00, 0x00, 0x3F, 0xC0, 0x00, 0x00, 0x00, 0x00, 0x00, 0x00, 0x00,
    0x00, 0x00, 0x00, 0x2F, 0xD0, 0x00, 0x00, 0xBF, 0xC0, 0x00, 0x02, 0xFF, 0xC0, 0x00, 0x0B, 0xFF,
    0xC0, 0x00, 0x2F, 0xEF, 0x80, 0x00, 0xBF, 0x2F, 0x00, 0x02, 0xFC, 0x3F, 0x00, 0x0B, 0xF0, 0x3F,
    0x00, 0x2F, 0xC0, 0x7E, 0x00, 0x7F, 0xEA, 0xFF, 0xA0, 0xBF, 0xFF, 0xFF, 0xF0, 0xFF, 0xFF, 0xFF,
    0xE0, 0x00, 0x00, 0xFC, 0x00, 0x00, 0x02, 0xF8, 0x00, 0x00, 0x02, 0xF8, 0x00, 0x00, 0x00, 0xA0,
    0x00, 0x00, 0x00, 0x00, 0x00, 0x00, 0x00, 0x00, 0x00, 0x00, 0x00, 0x00, 0x02, 0xFF, 0xF8, 0x00,
    0x00, 0x00, 0x00, 0x00, 0x3F, 0xFF, 0xFF, 0xC0, 0x00, 0x00, 0x00, 0x02, 0xFF, 0xFF, 0xFF, 0xF0,
    0x00, 0x00, 0x00, 0x0F, 0xFF, 0xA6, 0xBF, 0xFC, 0x00, 0x00, 0x00, 0x3F, 0xF8, 0x00, 0x0B, 0xFE,
    0x00, 0x00, 0x00, 0xBF, 0xC0, 0x00, 0x02, 0xFF, 0x00, 0x00, 0x00, 0xFF, 0x00, 0x00, 0x00, 0xFE,
    0x00, 0x00, 0x03, 0xFE, 0x00, 0x00, 0x00, 0x00, 0x00, 0x00, 0x07, 0xFC, 0x00, 0x00, 0x00, 0x00,
    0x00, 0x00, 0x0F, 0xF0, 0x00, 0x00, 0x00, 0x00, 0x00, 0x02, 0xBF, 0xFE, 0xAA, 0xA8, 0x00, 0x00,
    0x00, 0x0F, 0xFF, 0xFF, 0xFF, 0xF8, 0x00, 0x00, 0x00, 0x0A, 0xBF, 0xEA, 0xAA, 0xA0, 0x00, 0x00,
    0x00, 0x00, 0x3F, 0xC0, 0x00, 0x00, 0x00, 0x00, 0x00, 0x00, 0x3F, 0x80, 0x00, 0x00, 0x00, 0x00,
    0x00, 0x00, 0x7F, 0x80, 0x00, 0x00, 0x00, 0x00, 0x00, 0x3F, 0xFF, 0xFF, 0xFC, 0x00, 0x00, 0x00,
    0x00, 0xBF, 0xFF, 0xFF, 0xF0, 0x00, 0x00, 0x00, 0x00, 0x00, 0x3F, 0xC0, 0x00, 0x00, 0x00, 0x00,
    0x00, 0x00, 0x3F, 0xC0, 0x00, 0x00, 0x00, 0x00, 0x00, 0x00, 0x3F, 0xC0, 0x00, 0x00, 0x00, 0x00,
    0x00, 0x00, 0x2F, 0xF0, 0x00, 0x00, 0x0F, 0x80, 0x00, 0x00, 0x0F, 0xF4, 0x00, 0x00, 0x2F, 0xF0,
    0x00, 0x00, 0x0F, 0xFC, 0x00, 0x00, 0xBF, 0xC0, 0x00, 0x00, 0x03, 0xFF, 0x80, 0x0B, 0xFF, 0x00,
    0x00, 0x00, 0x02, 0xFF, 0xFF, 0xFF, 0xFC, 0x00, 0x00, 0x00, 0x00, 0x7F, 0xFF, 0xFF, 0xE0, 0x00,
    0x00, 0x00, 0x00, 0x0B, 0xFF, 0xFE, 0x00, 0x00, 0x00, 0x00, 0x00, 0x00, 0x05, 0x00, 0x00, 0x00,
    0x00, 0x00, 0x00, 0x00, 0x00, 0x00, 0x00, 0x00, 0x3F, 0xF9, 0x00, 0x00, 0x00, 0x00, 0x3F, 0xFF,
    0xE0, 0x00, 0x00, 0x00, 0x3F, 0xFF, 0xFE, 0x00, 0x00, 0x00, 0x2A, 0xBF, 0xFF, 0x80, 0x00, 0x00,
    0x00, 0x00, 0xFF, 0xE0, 0x00, 0x00, 0x00, 0x00, 0x2F, 0xF0, 0x00, 0x00, 0x00, 0x00, 0x0B, 0xFC,
    0x00, 0x00, 0x00, 0xBF, 0xA2, 0xFC, 0x00, 0x00, 0x1F, 0xFF, 0xFF, 0xFE, 0x00, 0x00, 0xBF, 0xFF,
    0xFF, 0xFF, 0x00, 0x02, 0xFF, 0xE5, 0xBF, 0xFF, 0x00, 0x07, 0xFE, 0x00, 0x0F, 0xFF, 0x00, 0x0F,
    0xF8, 0x00, 0x03, 0xFF, 0x80, 0x0F, 0xF0, 0x00, 0x00, 0xFF, 0x80, 0x2F, 0xD0, 0x00, 0x00, 0xFF,
    0x80, 0x3F, 0xC0, 0x00, 0x00, 0x7F, 0x80, 0x3F, 0xC0, 0x00, 0x00, 0x3F, 0x80, 0x3F, 0xC0, 0x00,
    0x00, 0x3F, 0x80, 0x3F, 0xC0, 0x00, 0x00, 0x3F, 0x80, 0x3F, 0xC0, 0x00, 0x00, 0x3F, 0x80, 0x2F,
    0xC0, 0x00, 0x00, 0xBF, 0x00, 0x2F, 0xE0, 0x00, 0x00, 0xFF, 0x00, 0x0F, 0xF0, 0x00, 0x02, 0xFE,
    0x00, 0x0B, 0xFC, 0x00, 0x03, 0xFC, 0x00, 0x03, 0xFF, 0x40, 0x2F, 0xF8, 0x00, 0x00, 0xFF, 0xFF,
    0xFF, 0xF0, 0x00, 0x00, 0x3F, 0xFF, 0xFF, 0xC0, 0x00, 0x00, 0x0B, 0xFF, 0xFE, 0x00, 0x00, 0x00,
    0x00, 0x05, 0x00, 0x00, 0x00, 0x6A, 0xAA, 0xAA, 0xAA, 0xAA, 0x00, 0xBF, 0xFF, 0xFF, 0xFF, 0xFF,
    0x00, 0xBF, 0xFF, 0xFF, 0xFF, 0xFF, 0x00, 0xBF, 0xFF, 0xFF, 0xFF, 0xFF, 0x00, 0xBF, 0x00, 0x00,
    0x00, 0x3F, 0x00, 0xBF, 0x00, 0x00, 0x00, 0x3F, 0x00, 0xBF, 0x00, 0x00, 0x00, 0x3F, 0x00, 0xBF,
    0x00, 0x00, 0x00, 0x3F, 0x00, 0xBF, 0x00, 0x00, 0x00, 0x3F, 0x00, 0xBF, 0x00, 0x00, 0x00, 0x3F,
    0x00, 0xBF, 0x00, 0x00, 0x00, 0x3F, 0x00, 0xBF, 0x00, 0x00, 0x00, 0x3F, 0x00, 0xBF, 0x00, 0x00,
    0x00, 0x3F, 0x00, 0xBF, 0x00, 0x00, 0x00, 0x3F, 0x00, 0xBF, 0x00, 0x00, 0x00, 0x3F, 0x00, 0xBF,
    0x00, 0x00, 0x00, 0x3F, 0x00, 0xBF, 0x00, 0x00, 0x00, 0x3F, 0x00, 0xBF, 0x00, 0x00, 0x00, 0x3F,
    0x00, 0xBF, 0x00, 0x00, 0x00, 0x3F, 0x00, 0xBF, 0x00, 0x00, 0x00, 0x3F, 0x00, 0xBF, 0x00, 0x00,
    0x00, 0x3F, 0x00, 0xBF, 0x00, 0x00, 0x00, 0x3F, 0x00, 0xBF, 0x00, 0x00, 0x00, 0x3F, 0x00, 0xBF,
    0x00, 0x00, 0x00, 0x3F, 0x00, 0xBF, 0x00, 0x00, 0x00, 0x3F, 0x00, 0xBF, 0x00, 0x00, 0x00, 0x3F,
    0x00, 0xBF, 0x00, 0x00, 0x00, 0x3F, 0x00, 0xBF, 0x00, 0x00, 0x00, 0x3F, 0x00, 0xBF, 0x00, 0x00,
    0x00, 0x3F, 0x00, 0xBF, 0x00, 0x00, 0x00, 0x3F, 0x00, 0xBF, 0x00, 0x00, 0x00, 0x3F, 0x00, 0xBF,
    0x00, 0x00, 0x00, 0x3F, 0x00, 0xBF, 0x00, 0x00, 0x00, 0x3F, 0x00, 0xBF, 0x00, 0x00, 0x00, 0x3F,
    0x00, 0x2A, 0x00, 0x00, 0x00, 0x2A, 0x00, 0x2A, 0xAA, 0xAA, 0xAA, 0xAA, 0x80, 0x3F, 0xFF, 0xFF,
    0xFF, 0xFF, 0xC0, 0x3F, 0xFF, 0xFF, 0xFF, 0xFF, 0xC0, 0x3F, 0xFF, 0xFF, 0xFF, 0xFF, 0xC0, 0x2F,
    0xF0, 0x00, 0x00, 0x00, 0x00, 0x0F, 0xF8, 0x00, 0x00, 0x00, 0x00, 0x03, 0xFC, 0x00, 0x00, 0x00,
    0x00, 0x01, 0xFF, 0x00, 0x00, 0x00, 0x00, 0x00, 0xBF, 0xC0, 0x00, 0x00, 0x00, 0x00, 0x3F, 0xE0,
    0x00, 0x00, 0x00, 0x00, 0x0F, 0xF0, 0x00, 0x00, 0x00, 0x00, 0x0B, 0xFC, 0x00, 0x00, 0x00, 0x00,
    0x02, 0xFF, 0x00, 0x00, 0x00, 0x00, 0x00, 0xFF, 0x80, 0x00, 0x00, 0x00, 0x00, 0x3F, 0xC0, 0x00,
    0x00, 0x00, 0x00, 0x2F, 0xF0, 0x00, 0x00, 0x00, 0x00, 0x0B, 0xF8, 0x00, 0x00, 0x00, 0x00, 0x03,
    0xFC, 0x00, 0x00, 0x00, 0x00, 0x0F, 0xF8, 0x00, 0x00, 0x00, 0x00, 0x2F, 0xF0, 0x00, 0x00, 0x00,
    0x00, 0x3F, 0xC0, 0x00, 0x00, 0x00, 0x00, 0xFF, 0x40, 0x00, 0x00, 0x00, 0x03, 0xFE, 0x00, 0x00,
    0x00, 0x00, 0x0B, 0xFC, 0x00, 0x00, 0x00, 0x00, 0x0F, 0xF0, 0x00, 0x00, 0x00, 0x00, 0x3F, 0xE0,
    0x00, 0x00, 0x00, 0x00, 0xBF, 0x80, 0x00, 0x00, 0x00, 0x02, 0xFF, 0x00, 0x00, 0x00, 0x00, 0x03,
    0xFC, 0x00, 0x00, 0x00, 0x00, 0x0F, 0xF8, 0x00, 0x00, 0x00, 0x00, 0x2F, 0xF0, 0x00, 0x00, 0x00,
    0x00, 0x3F, 0xFF, 0xFF, 0xFF, 0xFF, 0xC0, 0x3F, 0xFF, 0xFF, 0xFF, 0xFF, 0xC0, 0x3F, 0xFF, 0xFF,
    0xFF, 0xFF, 0xC0, 0x2A, 0xAA, 0xAA, 0xAA, 0xAA, 0x80, 0x00, 0x00, 0x00, 0x00, 0x00, 0x00, 0x3F,
    0xFF, 0xFF, 0xFF, 0xFF, 0xC0, 0x3F, 0xFF, 0xFF, 0xFF, 0xFF, 0xC0, 0x3F, 0xFF, 0xFF, 0xFF, 0xFF,
    0xC0, 0x00, 0x00, 0x00, 0x00, 0x00, 0x00, 0x00, 0x00, 0x00, 0x00, 0x00, 0xAA, 0x00, 0x00, 0x00,
    0x00, 0x02, 0xFC, 0x00, 0x00, 0x00, 0x00, 0x03, 0xF8, 0x00, 0x00, 0x00, 0x00, 0x0F, 0xF0, 0x00,
    0x00, 0x00, 0x00, 0x2F, 0xC0, 0x00, 0x00, 0x00, 0x00, 0xBF, 0x80, 0x00, 0x00, 0x00, 0x00, 0xFF,
    0x00, 0x00, 0x00, 0x00, 0x03, 0xFC, 0x00, 0x00, 0x00, 0x00, 0x0B, 0xF4, 0x00, 0x00, 0x00, 0x00,
    0x0F, 0xE0, 0x00, 0x00, 0x00, 0x00, 0x3F, 0xC0, 0x00, 0x00, 0x00, 0x00, 0xBF, 0x00, 0x00, 0x00,
    0x00, 0x00, 0xFE, 0x00, 0x00, 0x00, 0x00, 0x03, 0xFC, 0x00, 0x00, 0x00, 0x00, 0x0B, 0xF0, 0x00,
    0x00, 0x00, 0x00, 0x2F, 0xE0, 0x00, 0x00, 0x00, 0x00, 0x3F, 0xC0, 0x00, 0x00, 0x00, 0x00, 0xFF,
    0x00, 0x00, 0x00, 0x00, 0x02, 0xFD, 0x00, 0x00, 0x00, 0x00, 0x03, 0xF8, 0x00, 0x00, 0x00, 0x00,
    0x0F, 0xF0, 0x00, 0x00, 0x00, 0x00, 0x2F, 0xC0, 0x00, 0x00, 0x00, 0x00, 0x3F, 0x80, 0x00, 0x00,
    0x00, 0x00, 0xFF, 0x00, 0x00, 0x00, 0x00, 0x02, 0xFC, 0x00, 0x00, 0x00, 0x00, 0x0B, 0xF8, 0x00,
    0x00, 0x00, 0x00, 0x0F, 0xF0, 0x00, 0x00, 0x00, 0x00, 0x3F, 0xC0, 0x00, 0x00, 0x00, 0x00, 0x00,
    0x00, 0x2F, 0xE0, 0x3F, 0xF0, 0x3F, 0xF0, 0x3F, 0xF0, 0x0F, 0xC0, 0x00, 0x00, 0x00, 0x00, 0x00,
    0x00, 0x6A, 0x00, 0x00, 0x00, 0x00, 0x00, 0xFF, 0x00, 0x00, 0x00, 0x00, 0x00, 0xFF, 0x00, 0x00,
    0x00, 0x00, 0x00, 0xFE, 0x00, 0x00, 0x00, 0x00, 0x00, 0xFE, 0x00, 0x00, 0x00, 0x00, 0x02, 0xFC,
    0x00, 0x00, 0x00, 0x00, 0x02, 0xFC, 0x00, 0x00, 0x00, 0x00, 0x03, 0xFC, 0x00, 0x00, 0x00, 0x00,
    0x03, 0xF8, 0x00, 0x00, 0x00, 0x00, 0x03, 0xF8, 0x00, 0x00, 0x00, 0x00, 0x03, 0xF4, 0x00, 0x00,
    0x00, 0x00, 0x0B, 0xF0, 0x00, 0x00, 0x00, 0x00, 0x0B, 0xF0, 0x00, 0x00, 0x00, 0x00, 0x0F, 0xF0,
    0x00, 0x00, 0x00, 0x00, 0x0F, 0xE0, 0x00, 0x00, 0x00, 0x00, 0x0F, 0xE0, 0x00, 0x00, 0x00, 0x00,
    0x1F, 0xC0, 0x00, 0x00, 0x00, 0x00, 0x2F, 0xC0, 0x00, 0x2A, 0xA8, 0x00, 0x2F, 0xC0, 0x00, 0xBF,
    0xFE, 0x00, 0x3F, 0x80, 0x00, 0xBF, 0xFF, 0x00, 0x3F, 0x80, 0x00, 0xBF, 0xFF, 0x80, 0x3F, 0x40,
    0x00, 0x00, 0x3F, 0xC0, 0xBF, 0x00, 0x00, 0x00, 0x2F, 0xC0, 0xBF, 0x00, 0x00, 0x00, 0x0F, 0xE0,
    0xFF, 0x00, 0x00, 0x00, 0x0F, 0xF0, 0xFE, 0x00, 0x00, 0x00, 0x07, 0xF8, 0xFE, 0x00, 0x00, 0x00,
    0x03, 0xFC, 0xFC, 0x00, 0x00, 0x00, 0x02, 0xFF, 0xFC, 0x00, 0x00, 0x00, 0x00, 0xFF, 0xFC, 0x00,
    0x00, 0x00, 0x00, 0xFF, 0xF8, 0x00, 0x00, 0x00, 0x00, 0x7F, 0xF8, 0x00, 0x00, 0x00, 0x00, 0x3F,
    0xF4, 0x00, 0x00, 0x00, 0x00, 0x2F, 0xF0, 0x00, 0x00, 0x00, 0x00, 0x0A, 0xA0, 0x00, 0x00, 0x00,
    0x2F, 0xE4, 0x00, 0x02, 0xBE, 0x40, 0x00, 0x02, 0xFF, 0xFF, 0x00, 0x2F, 0xFF, 0xF0, 0x00, 0x0F,
    0xFF, 0xFF, 0xC0, 0xFF, 0xFF, 0xFC, 0x00, 0x2F, 0xFA, 0xBF, 0xFB, 0xFF, 0xAB, 0xFF, 0x00, 0x3F,
    0xC0, 0x07, 0xFF, 0xF8, 0x00, 0xFF, 0x00, 0x3F, 0x80, 0x00, 0xFF, 0xE0, 0x00, 0x3F, 0x40, 0x3F,
    0x80, 0x00, 0xBF, 0xC0, 0x00, 0x3F, 0x80, 0x3F, 0xC0, 0x02, 0xFF, 0xF0, 0x00, 0x7F, 0x00, 0x3F,
    0xE0, 0x0B, 0xFF, 0xFC, 0x00, 0xFF, 0x00, 0x0F, 0xFE, 0xBF, 0xF2, 0xFF, 0xEF, 0xFE, 0x00, 0x0B,
    0xFF, 0xFF, 0xC0, 0xBF, 0xFF, 0xFC, 0x00, 0x02, 0xFF, 0xFE, 0x00, 0x0F, 0xFF, 0xF0, 0x00, 0x00,
    0x1A, 0x90, 0x00, 0x00, 0xAA, 0x00, 0x00, 0x00, 0x00, 0x00, 0x00, 0x00, 0x00, 0x2F, 0xF0, 0x00,
    0x00, 0xFF, 0xFC, 0x00, 0x02, 0xFB, 0xFC, 0x00, 0x03, 0xF3, 0xFC, 0x00, 0x0B, 0xF0, 0xA0, 0x00,
    0x0B, 0xF0, 0x00, 0x00, 0x0B, 0xE0, 0x00, 0x00, 0x0F, 0xE0, 0x00, 0x00, 0x0F, 0xE0, 0x00, 0x00,
    0x0F, 0xE0, 0x00, 0x00, 0x0F, 0xE0, 0x00, 0x00, 0x0F, 0xE0, 0x00, 0x00, 0x0F, 0xF0, 0x00, 0x00,
    0x0F, 0xF0, 0x00, 0x00, 0x0F, 0xF0, 0x00, 0x00, 0x0F, 0xF0, 0x00, 0x00, 0x0F, 0xF0, 0x00, 0x00,
    0x0F, 0xF0, 0x00, 0x00, 0x0F, 0xF0, 0x00, 0x00, 0x0F, 0xF0, 0x00, 0x00, 0x0F, 0xF0, 0x00, 0x00,
    0x0F, 0xF0, 0x00, 0x00, 0x0F, 0xF0, 0x00, 0x00, 0x0F, 0xF0, 0x00, 0x00, 0x0F, 0xF0, 0x00, 0x00,
    0x0F, 0xF0, 0x00, 0x00, 0x0F, 0xF0, 0x00, 0x00, 0x0F, 0xE0, 0x00, 0x00, 0x0F, 0xE0, 0x00, 0x00,
    0x0F, 0xE0, 0x00, 0x0A, 0x0F, 0xC0, 0x00, 0x3F, 0x8F, 0xC0, 0x00, 0x3F, 0xEF, 0x80, 0x00, 0x3F,
    0xFF, 0x00, 0x00, 0x0F, 0xF8, 0x00, 0x00, 0x00, 0x00, 0x00, 0x00, 0x00, 0x00, 0x00, 0x00, 0x00,
    0x02, 0xFF, 0xE0, 0x00, 0xA8, 0x0F, 0xFF, 0xFE, 0x00, 0xFF, 0x3F, 0xFF, 0xFF, 0xFF, 0xFC, 0xBF,
    0x80, 0xBF, 0xFF, 0xF8, 0x2F, 0x00, 0x0B, 0xFF, 0xE0, 0x00, 0x00, 0x00, 0x00, 0x00, 0x00, 0x00,
    0x00, 0x00, 0x00, 0x00, 0x14, 0x00, 0x00, 0x00, 0x0B, 0xFF, 0xF4, 0x00, 0xBE, 0x2F, 0xFF, 0xFF,
    0x82, 0xFE, 0x3F, 0xFF, 0xFF, 0xFF, 0xFC, 0xBF, 0x00, 0x2F, 0xFF, 0xF0, 0x0A, 0x00, 0x02, 0xFF,
    0x80, 0x00, 0x00, 0x00, 0x00, 0xAA, 0x00, 0x00, 0x00, 0x00, 0x02, 0xFF, 0x00, 0x00, 0x00, 0x00,
    0x03, 0xFC, 0x00, 0x00, 0x00, 0x00, 0x0F, 0xF4, 0x00, 0x00, 0x00, 0x00, 0x2F, 0xF0, 0x00, 0x3F,
    0xFF, 0xFF, 0xFF, 0xFF, 0xE0, 0x3F, 0xFF, 0xFF, 0xFF, 0xFF, 0xE0, 0x3F, 0xFF, 0xFF, 0xFF, 0xFF,
    0xE0, 0x00, 0x00, 0x0F, 0xFC, 0x00, 0x00, 0x00, 0x00, 0x0F, 0xF0, 0x00, 0x00, 0x00, 0x00, 0x3F,
    0xE0, 0x00, 0x00, 0x00, 0x00, 0xBF, 0xC0, 0x00, 0x00, 0x2A, 0xAA, 0xFF, 0xAA, 0xAA, 0x80, 0x3F,
    0xFF, 0xFF, 0xFF, 0xFF, 0xE0, 0x3F, 0xFF, 0xFF, 0xFF, 0xFF, 0xE0, 0x3F, 0xFF, 0xFF, 0xFF, 0xFF,
    0xE0, 0x00, 0x3F, 0xC0, 0x00, 0x00, 0x00, 0x00, 0xFF, 0x80, 0x00, 0x00, 0x00, 0x02, 0xFF, 0x00,
    0x00, 0x00, 0x00, 0x03, 0xFC, 0x00, 0x00, 0x00, 0x00, 0x0F, 0xF8, 0x00, 0x00, 0x00, 0x00, 0x00,
    0x00, 0x00, 0x00, 0x0B, 0x00, 0x00, 0x00, 0x00, 0x01, 0xBF, 0x00, 0x00, 0x00, 0x00, 0x2F, 0xFF,
    0x00, 0x00, 0x00, 0x0B, 0xFF, 0xFF, 0x00, 0x00, 0x02, 0xFF, 0xFF, 0xE8, 0x00, 0x00, 0xBF, 0xFF,
    0xF8, 0x00, 0x00, 0x1F, 0xFF, 0xFE, 0x00, 0x00, 0x00, 0xBF, 0xFF, 0x80, 0x00, 0x00, 0x00, 0xBF,
    0xF0, 0x00, 0x00, 0x00, 0x00, 0xBF, 0xFF, 0x80, 0x00, 0x00, 0x00, 0x0B, 0xFF, 0xFE, 0x00, 0x00,
    0x00, 0x00, 0x7F, 0xFF, 0xF9, 0x00, 0x00, 0x00, 0x02, 0xFF, 0xFF, 0xF8, 0x00, 0x00, 0x00, 0x0B,
    0xFF, 0xFF, 0x00, 0x00, 0x00, 0x00, 0x2F, 0xFF, 0x00, 0x00, 0x00, 0x00, 0x00, 0xBF, 0x00, 0x00,
    0x00, 0x00, 0x00, 0x02, 0x00, 0x2A, 0xAA, 0xAA, 0xAA, 0xAA, 0x00, 0xBF, 0xFF, 0xFF, 0xFF, 0xFF,
    0x00, 0xBF, 0xFF, 0xFF, 0xFF, 0xFF, 0x00, 0xBF, 0xFF, 0xFF, 0xFF, 0xFF, 0x00, 0x38, 0x00, 0x00,
    0x00, 0x00, 0x00, 0x3F, 0x90, 0x00, 0x00, 0x00, 0x00, 0x3F, 0xFE, 0x00, 0x00, 0x00, 0x00, 0x3F,
    0xFF, 0xF8, 0x00, 0x00, 0x00, 0x0B, 0xFF, 0xFF, 0xE0, 0x00, 0x00, 0x00, 0x0B, 0xFF, 0xFF, 0x80,
    0x00, 0x00, 0x00, 0x2F, 0xFF, 0xFD, 0x00, 0x00, 0x00, 0x00, 0xBF, 0xFF, 0x80, 0x00, 0x00, 0x00,
    0x03, 0xFF, 0x80, 0x00, 0x00, 0x00, 0xBF, 0xFF, 0x80, 0x00, 0x00, 0x2F, 0xFF, 0xF8, 0x00, 0x00,
    0x1B, 0xFF, 0xFF, 0x40, 0x00, 0x0B, 0xFF, 0xFF, 0xE0, 0x00, 0x00, 0x3F, 0xFF, 0xF8, 0x00, 0x00,
    0x00, 0x3F, 0xFE, 0x00, 0x00, 0x00, 0x00, 0x3F, 0x80, 0x00, 0x00, 0x00, 0x00, 0x20, 0x00, 0x00,
    0x00, 0x00, 0x00, 0x2A, 0xAA, 0xAA, 0xAA, 0xAA, 0x00, 0x3F, 0xFF, 0xFF, 0xFF, 0xFF, 0x80, 0x3F,
    0xFF, 0xFF, 0xFF, 0xFF, 0x80, 0x3F, 0xFF, 0xFF, 0xFF, 0xFF, 0x80, 0x00, 0x00, 0x00, 0x00, 0x00,
    0x00, 0x00, 0x00, 0x00, 0x00, 0x00, 0x00, 0x00, 0x00, 0x00, 0x00, 0x00, 0x2C, 0x00, 0x00, 0x00,
    0x00, 0x00, 0x00, 0x00, 0x00, 0x00, 0x00, 0xBF, 0x00, 0x00, 0x00, 0x00, 0x00, 0x00, 0x00, 0x00,
    0x00, 0x03, 0xFF, 0x80, 0x00, 0x00, 0x00, 0x00, 0x00, 0x00, 0x00, 0x00, 0x0F, 0xFF, 0xC0, 0x00,
    0x00, 0x00, 0x00, 0x00, 0x00, 0x00, 0x00, 0xBF, 0xFF, 0xF0, 0x00, 0x00, 0x00, 0x00, 0x00, 0x00,
    0x00, 0x02, 0xFF, 0xFF, 0xFC, 0x00, 0x00, 0x00, 0x00, 0x00, 0x00, 0x00, 0x0F, 0xFF, 0xFF, 0xFE,
    0x00, 0x00, 0x00, 0x00, 0x00, 0x00, 0x00, 0x3F, 0xFF, 0xFF, 0xFF, 0x00, 0x00, 0x00, 0x00, 0x00,
    0x00, 0x02, 0xFE, 0x40, 0x02, 0xFF, 0xC0, 0x00, 0x00, 0x00, 0x00, 0x00, 0x0B, 0xC0, 0x00, 0x00,
    0x0F, 0xF0, 0x00, 0x00, 0x00, 0x00, 0x00, 0x3F, 0x80, 0x00, 0x00, 0x03, 0xF8, 0x00, 0x00, 0x00,
    0x00, 0x00, 0xFF, 0x00, 0x19, 0x00, 0x00, 0xFC, 0x00, 0x00, 0x00, 0x00, 0x0B, 0xFF, 0x2F, 0xFF,
    0xE0, 0x00, 0xFF, 0x00, 0x00, 0x00, 0x00, 0x2F, 0xFF, 0xFF, 0xFF, 0xF0, 0x00, 0xFF, 0xC0, 0x00,
    0x00, 0x00, 0xFF, 0xFF, 0xFF, 0xFF, 0xF0, 0x00, 0xFF, 0xE0, 0x00, 0x00, 0x03, 0xFF, 0xFF, 0xFF,
    0xFF, 0xF0, 0x02, 0xFF, 0xF0, 0x00, 0x00, 0x2F, 0xFF, 0xFF, 0xFF, 0xFF, 0xD0, 0x03, 0xFF, 0xFC,
    0x00, 0x00, 0xBF, 0xFF, 0xFF, 0xFF, 0xFF, 0x80, 0x0F, 0xFF, 0xFF, 0x00, 0x03, 0xFF, 0xFF, 0xFF,
    0xFF, 0xFF, 0x00, 0x3F, 0xFF, 0xFF, 0x80, 0x0F, 0xFF, 0xFF, 0xFF, 0xFF, 0xFC, 0x01, 0xFF, 0xFF,
    0xFF, 0xC0, 0x3F, 0xFF, 0xFF, 0xFF, 0xFF, 0xF0, 0x0B, 0xFF, 0xFF, 0xFF, 0xF0, 0x2F, 0xFF, 0xFF,
    0xFF, 0xFF, 0x80, 0x3F, 0xFF, 0xFF, 0xFF, 0x80, 0x0F, 0xFF, 0xFF, 0xFF, 0xFE, 0x00, 0xFF, 0xFF,
    0xFF, 0xFE, 0x00, 0x03, 0xFF, 0xFF, 0xFF, 0xFC, 0x02, 0xFF, 0xFF, 0xFF, 0xF0, 0x00, 0x00, 0xFF,
    0xFF, 0xFF, 0xF0, 0x03, 0xFF, 0xFF, 0xFF, 0xC0, 0x00, 0x00, 0xBF, 0xFF, 0xFF, 0xE0, 0x03, 0xFF,
    0xFF, 0xFE, 0x00, 0x00, 0x00, 0x3F, 0xFF, 0xFF, 0xC0, 0x0B, 0xFF, 0xFF, 0xF8, 0x00, 0x00, 0x00,
    0x0F, 0xFF, 0xFF, 0xC0, 0x0F, 0xFF, 0xFF, 0xC0, 0x00, 0x00, 0x00, 0x03, 0xFF, 0xFF, 0xFF, 0xFF,
    0xFF, 0xFF, 0x00, 0x00, 0x00, 0x00, 0x02, 0xFF, 0xFF, 0xFF, 0xFF, 0xFF, 0xF8, 0x00, 0x00, 0x00,
    0x00, 0x00, 0xFF, 0xFF, 0xFF, 0xFF, 0xFF, 0xE0, 0x00, 0x00, 0x00, 0x00, 0x00, 0x3F, 0xFF, 0x55,
    0x7F, 0xFF, 0x00, 0x00, 0x00, 0x00, 0x00, 0x00, 0x0F, 0xFE, 0x00, 0x3F, 0xFC, 0x00, 0x00, 0x00,
    0x00, 0x00, 0x00, 0x0B, 0xFE, 0x00, 0x3F, 0xE0, 0x00, 0x00, 0x00, 0x00, 0x00, 0x00, 0x03, 0xFC,
    0x00, 0xBF, 0x80, 0x00, 0x00, 0x00, 0x00, 0x00, 0x00, 0x00, 0xFC, 0x00, 0xFC, 0x00, 0x00, 0x00,
    0x00, 0x00, 0x00, 0x00, 0x00, 0x3F, 0xFF, 0xF0, 0x00, 0x00, 0x00, 0x00, 0x00, 0x00, 0x00, 0x00,
    0x2F, 0xFF, 0x80, 0x00, 0x00, 0x00, 0x00, 0x00, 0x00, 0x00, 0x00, 0x0F, 0xFE, 0x00, 0x00, 0x00,
    0x00, 0x00, 0x00, 0x00, 0x00, 0x00, 0x03, 0xF0, 0x00, 0x00, 0x00, 0x00, 0x00, 0x00, 0x00, 0x00,
    0x00, 0x00, 0xC0, 0x00, 0x00, 0x00, 0x00, 0x00, 0x00, 0x00, 0x00, 0x00, 0x00, 0x00, 0x00, 0x00,
    0x00, 0x00, 0x00, 0x00,
};

static const EpdGlyph atkinson_hyperlegible_18_italicGlyphs[] = {
    { 0, 0, 11, 0, 30, 0, 0 }, // U+000D
    { 0, 0, 14, 0, 30, 0, 0 }, // U+0020
    { 12, 29, 12, 0, 28, 87, 0 }, // !
    { 12, 10, 14, 3, 28, 30, 87 }, // "
    { 28, 28, 26, 1, 28, 196, 117 }, // #
    { 24, 36, 25, 1, 32, 216, 313 }, // $
    { 36, 30, 41, 3, 29, 270, 529 }, // %
    { 28, 30, 28, 0, 29, 210, 799 }, // &
    { 8, 10, 8, 3, 28, 20, 1009 }, // '
    { 16, 35, 12, 1, 28, 140, 1029 }, // (
    { 16, 35, 12, -3, 28, 140, 1169 }, // )
    { 16, 13, 18, 4, 28, 52, 1309 }, // *
    { 24, 21, 25, 1, 21, 126, 1361 }, // +
    { 8, 12, 9, -2, 6, 24, 1487 }, // ,
    { 16, 5, 15, 1, 13, 20, 1511 }, // -
    { 8, 7, 9, -1, 6, 14, 1531 }, // .
    { 24, 28, 15, -3, 28, 168, 1545 }, // /
    { 24, 30, 27, 2, 29, 180, 1713 }, // 0
    { 16, 28, 17, 3, 28, 112, 1893 }, // 1
    { 24, 29, 23, -1, 29, 174, 2005 }, // 2
    { 24, 30, 24, 1, 29, 180, 2179 }, // 3
    { 28, 28, 26, 0, 28, 196, 2359 }, // 4
    { 24, 29, 24, 0, 28, 174, 2555 }, // 5
    { 24, 30, 25, 2, 29, 180, 2729 }, // 6
    { 24, 28, 22, 1, 28, 168, 2909 }, // 7
    { 24, 30, 25, 1, 29, 180, 3077 }, // 8
    { 24, 29, 25, 3, 29, 174, 3257 }, // 9
    { 12, 22, 9, -1, 21, 66, 3431 }, // :
    { 12, 27, 9, -2, 21, 81, 3497 }, // ;
    { 24, 21, 25, 1, 21, 126, 3578 }, // <
    { 24, 13, 27, 2, 17, 78, 3704 }, // =
    { 20, 21, 25, 3, 21, 105, 3782 }, // >
    { 20, 30, 22, 3, 29, 150, 3887 }, // ?
    { 32, 30, 32, 2, 29, 240, 4037 }, // @
    { 28, 28, 26, -3, 28, 196, 4277 }, // A
    { 28, 28, 26, 0, 28, 196, 4473 }, // B
    { 28, 30, 27, 2, 29, 210, 4669 }, // C
    { 28, 28, 28, 0, 28, 196, 4879 }, // D
    { 28, 28, 23, 0, 28, 196, 5075 }, // E
    { 28, 28, 22, 0, 28, 196, 5271 }, // F
    { 28, 30, 29, 2, 29, 210, 5467 }, // G
    { 32, 28, 28, 0, 28, 224, 5677 }, // H
    { 20, 28, 17, 0, 28, 140, 5901 }, // I
    { 24, 29, 21, -1, 28, 174, 6041 }, // J
    { 28, 28, 26, 0, 28, 196, 6215 }, // K
    { 24, 28, 22, 0, 28, 168, 6411 }, // L
    { 36, 28, 34, 0, 28, 252, 6579 }, // M
    { 32, 28, 28, 0, 28, 224, 6831 }, // N
    { 28, 30, 30, 2, 29, 210, 7055 }, // O
    { 28, 28, 24, 0, 28, 196, 7265 }, // P
    { 28, 32, 31, 2, 29, 224, 7461 }, // Q
    { 28, 28, 25, 0, 28, 196, 7685 }, // R
    { 24, 30, 25, 1, 29, 180, 7881 }, // S
    { 24, 28, 23, 2, 28, 168, 8061 }, // T
    { 28, 29, 28, 2, 28, 203, 8229 }, // U
    { 28, 28, 24, 3, 28, 196, 8432 }, // V
    { 36, 28, 35, 3, 28, 252, 8628 }, // W
    { 32, 28, 26, -3, 28, 224, 8880 }, // X
    { 28, 28, 25, 3, 28, 196, 9104 }, // Y
    { 28, 28, 25, -1, 28, 196, 9300 }, // Z
    { 16, 35, 13, -1, 28, 140, 9496 }, // [
    { 16, 28, 21, 3, 28, 112, 9636 }, // <backslash>
    { 20, 35, 13, -3, 28, 175, 9748 }, // ]
    { 20, 16, 23, 1, 28, 80, 9923 }, // ^
    { 20, 5, 17, -2, 1, 25, 10003 }, // _
    { 8, 7, 11, 5, 30, 14, 10028 }, // `
    { 20, 22, 21, 0, 21, 110, 10042 }, // a
    { 24, 29, 23, 0, 28, 174, 10152 }, // b
    { 20, 22, 20, 0, 21, 110, 10326 }, // c
    { 24, 29, 23, 0, 28, 174, 10436 }, // d
    { 24, 22, 22, 0, 21, 132, 10610 }, // e
    { 16, 30, 13, 1, 30, 120, 10742 }, // f
    { 24, 30, 23, -1, 22, 180, 10862 }, // g
    { 24, 28, 22, 0, 28, 168, 11042 }, // h
    { 12, 30, 11, 1, 30, 90, 11210 }, // i
    { 20, 37, 11, -7, 30, 185, 11300 }, // j
    { 24, 28, 20, 0, 28, 168, 11485 }, // k
    { 12, 28, 11, 0, 28, 84, 11653 }, // l
    { 36, 21, 35, 0, 21, 189, 11737 }, // m
    { 24, 21, 23, 0, 21, 126, 11926 }, // n
    { 24, 22, 22, 0, 21, 132, 12052 }, // o
    { 24, 28, 23, -2, 21, 168, 12184 }, // p
    { 24, 29, 23, 1, 21, 174, 12352 }, // q
    { 16, 21, 14, 0, 21, 84, 12526 }, // r
    { 20, 22, 20, 0, 21, 110, 12610 }, // s
    { 16, 26, 13, 1, 26, 104, 12720 }, // t
    { 24, 22, 22, 1, 21, 132, 12824 }, // u
    { 20, 21, 18, 1, 21, 105, 12956 }, // v
    { 28, 21, 27, 1, 21, 147, 13061 }, // w
    { 24, 21, 19, -3, 21, 126, 13208 }, // x
    { 24, 28, 18, -3, 21, 168, 13334 }, // y
    { 24, 21, 19, -1, 21, 126, 13502 }, // z
    { 16, 35, 13, 0, 28, 140, 13628 }, // {
    { 8, 35, 12, 3, 28, 70, 13768 }, // |
    { 16, 35, 13, -3, 28, 140, 13838 }, // }
    { 24, 6, 22, 0, 14, 36, 13978 }, // ~
    { 0, 0, 14, 0, 30, 0, 14014 }, // U+00A0
    { 12, 29, 12, -1, 22, 87, 14014 }, // U+00A1
    { 20, 28, 20, 0, 24, 140, 14101 }, // U+00A2
    { 28, 30, 24, 0, 29, 210, 14241 }, // U+00A3
    { 20, 21, 27, 4, 24, 105, 14451 }, // U+00A4
    { 28, 28, 25, 1, 28, 196, 14556 }, // U+00A5
    { 8, 35, 12, 3, 28, 70, 14752 }, // U+00A6
    { 28, 37, 22, -2, 29, 259, 14822 }, // U+00A7
    { 16, 5, 18, 5, 29, 20, 15081 }, // U+00A8
    { 32, 30, 33, 2, 29, 240, 15101 }, // U+00A9
    { 16, 13, 15, 2, 29, 52, 15341 }, // U+00AA
    { 24, 19, 23, 1, 20, 114, 15393 }, // U+00AB
    { 24, 14, 27, 2, 17, 84, 15507 }, // U+00AC
    { 0, 0, 1, 0, 30, 0, 15591 }, // U+00AD
    { 32, 30, 33, 2, 29, 240, 15591 }, // U+00AE
    { 16, 4, 16, 4, 28, 16, 15831 }, // U+00AF
    { 12, 13, 15, 3, 29, 39, 15847 }, // U+00B0
    { 24, 21, 27, 2, 21, 126, 15886 }, // U+00B1
    { 16, 17, 16, 2, 33, 68, 16012 }, // U+00B2
    { 16, 17, 16, 3, 33, 68, 16080 }, // U+00B3
    { 12, 7, 11, 4, 30, 21, 16148 }, // U+00B4
    { 24, 28, 23, -2, 21, 168, 16169 }, // U+00B5
    { 24, 35, 21, 2, 28, 210, 16337 }, // U+00B6
    { 8, 7, 10, 2, 14, 14, 16547 }, // U+00B7
    { 12, 10, 12, -2, 2, 30, 16561 }, // U+00B8
    { 8, 17, 11, 4, 33, 34, 16591 }, // U+00B9
    { 16, 13, 16, 3, 29, 52, 16625 }, // U+00BA
    { 24, 19, 23, 0, 20, 114, 16677 }, // U+00BB
    { 28, 28, 34, 4, 28, 196, 16791 }, // U+00BC
    { 28, 28, 33, 3, 28, 196, 16987 }, // U+00BD
    { 32, 29, 37, 3, 29, 232, 17183 }, // U+00BE
    { 20, 30, 22, -1, 22, 150, 17415 }, // U+00BF
    { 28, 36, 26, -3, 36, 252, 17565 }, // U+00C0
    { 28, 37, 26, -3, 37, 259, 17817 }, // U+00C1
    { 28, 36, 26, -3, 36, 252, 18076 }, // U+00C2
    { 28, 36, 26, -3, 36, 252, 18328 }, // U+00C3
    { 28, 36, 26, -3, 36, 252, 18580 }, // U+00C4
    { 28, 35, 26, -3, 35, 245, 18832 }, // U+00C5
    { 48, 28, 40, -3, 28, 336, 19077 }, // U+00C6
    { 28, 37, 27, 2, 29, 259, 19413 }, // U+00C7
    { 28, 36, 23, 0, 36, 252, 19672 }, // U+00C8
    { 28, 36, 23, 0, 36, 252, 19924 }, // U+00C9
    { 28, 36, 23, 0, 36, 252, 20176 }, // U+00CA
    { 28, 36, 23, 0, 36, 252, 20428 }, // U+00CB
    { 20, 36, 17, 0, 36, 180, 20680 }, // U+00CC
    { 20, 36, 17, 0, 36, 180, 20860 }, // U+00CD
    { 20, 36, 17, 0, 36, 180, 21040 }, // U+00CE
    { 20, 36, 17, 0, 36, 180, 21220 }, // U+00CF
    { 28, 28, 29, 0, 28, 196, 21400 }, // U+00D0
    { 32, 36, 28, 0, 36, 288, 21596 }, // U+00D1
    { 28, 37, 30, 2, 36, 259, 21884 }, // U+00D2
    { 28, 37, 30, 2, 36, 259, 22143 }, // U+00D3
    { 28, 37, 30, 2, 36, 259, 22402 }, // U+00D4
    { 28, 37, 30, 2, 36, 259, 22661 }, // U+00D5
    { 28, 37, 30, 2, 36, 259, 22920 }, // U+00D6
    { 20, 19, 24, 3, 20, 95, 23179 }, // U+00D7
    { 32, 30, 30, 0, 29, 240, 23274 }, // U+00D8
    { 28, 37, 28, 2, 36, 259, 23514 }, // U+00D9
    { 28, 37, 28, 2, 36, 259, 23773 }, // U+00DA
    { 28, 37, 28, 2, 36, 259, 24032 }, // U+00DB
    { 28, 37, 28, 2, 36, 259, 24291 }, // U+00DC
    { 28, 36, 25, 3, 36, 252, 24550 }, // U+00DD
    { 24, 29, 24, 0, 28, 174, 24802 }, // U+00DE
    { 24, 30, 25, 0, 29, 180, 24976 }, // U+00DF
    { 20, 31, 21, 0, 30, 155, 25156 }, // U+00E0
    { 20, 31, 21, 0, 30, 155, 25311 }, // U+00E1
    { 24, 30, 21, 0, 29, 180, 25466 }, // U+00E2
    { 24, 30, 21, 0, 29, 180, 25646 }, // U+00E3
    { 24, 30, 21, 0, 29, 180, 25826 }, // U+00E4
    { 20, 33, 21, 0, 32, 165, 26006 }, // U+00E5
    { 36, 22, 36, 0, 21, 198, 26171 }, // U+00E6
    { 20, 29, 20, 0, 21, 145, 26369 }, // U+00E7
    { 24, 31, 22, 0, 30, 186, 26514 }, // U+00E8
    { 24, 31, 22, 0, 30, 186, 26700 }, // U+00E9
    { 24, 30, 22, 0, 29, 180, 26886 }, // U+00EA
    { 24, 30, 22, 0, 29, 180, 27066 }, // U+00EB
    { 12, 30, 10, 1, 30, 90, 27246 }, // U+00EC
    { 12, 30, 12, 1, 30, 90, 27336 }, // U+00ED
    { 16, 29, 10, 0, 29, 116, 27426 }, // U+00EE
    { 16, 29, 16, 4, 29, 116, 27542 }, // U+00EF
    { 24, 30, 23, 0, 29, 180, 27658 }, // U+00F0
    { 24, 29, 23, 0, 29, 174, 27838 }, // U+00F1
    { 24, 31, 22, 0, 30, 186, 28012 }, // U+00F2
    { 24, 31, 22, 0, 30, 186, 28198 }, // U+00F3
    { 24, 30, 22, 0, 29, 180, 28384 }, // U+00F4
    { 24, 30, 22, 0, 29, 180, 28564 }, // U+00F5
    { 24, 30, 22, 0, 29, 180, 28744 }, // U+00F6
    { 24, 21, 25, 1, 21, 126, 28924 }, // U+00F7
    { 24, 23, 22, -1, 22, 138, 29050 }, // U+00F8
    { 24, 31, 22, 1, 30, 186, 29188 }, // U+00F9
    { 24, 31, 22, 1, 30, 186, 29374 }, // U+00FA
    { 24, 30, 22, 1, 29, 180, 29560 }, // U+00FB
    { 24, 30, 22, 1, 29, 180, 29740 }, // U+00FC
    { 24, 37, 18, -3, 30, 222, 29920 }, // U+00FD
    { 24, 35, 23, -2, 28, 210, 30142 }, // U+00FE
    { 24, 36, 18, -3, 29, 216, 30352 }, // U+00FF
    { 28, 35, 26, -3, 35, 245, 30568 }, // U+0100
    { 20, 29, 21, 0, 28, 145, 30813 }, // U+0101
    { 28, 36, 26, -3, 36, 252, 30958 }, // U+0102
    { 24, 30, 21, 0, 29, 180, 31210 }, // U+0103
    { 28, 36, 26, -3, 28, 252, 31390 }, // U+0104
    { 20, 29, 21, 0, 21, 145, 31642 }, // U+0105
    { 28, 37, 27, 2, 36, 259, 31787 }, // U+0106
    { 20, 31, 20, 0, 30, 155, 32046 }, // U+0107
    { 28, 37, 27, 2, 36, 259, 32201 }, // U+010A
    { 20, 30, 20, 0, 29, 150, 32460 }, // U+010B
    { 28, 37, 27, 2, 36, 259, 32610 }, // U+010C
    { 24, 30, 20, 0, 29, 180, 32869 }, // U+010D
    { 28, 36, 28, 0, 36, 252, 33049 }, // U+010E
    { 32, 30, 24, 0, 29, 240, 33301 }, // U+010F
    { 28, 28, 30, 1, 28, 196, 33541 }, // U+0110
    { 28, 29, 25, 0, 28, 203, 33737 }, // U+0111
    { 28, 35, 23, 0, 35, 245, 33940 }, // U+0112
    { 24, 29, 22, 0, 28, 174, 34185 }, // U+0113
    { 28, 36, 23, 0, 36, 252, 34359 }, // U+0116
    { 24, 30, 22, 0, 29, 180, 34611 }, // U+0117
    { 28, 36, 23, 0, 28, 252, 34791 }, // U+0118
    { 24, 29, 22, 0, 21, 174, 35043 }, // U+0119
    { 28, 36, 23, 0, 36, 252, 35217 }, // U+011A
    { 24, 30, 22, 0, 29, 180, 35469 }, // U+011B
    { 28, 37, 29, 2, 36, 259, 35649 }, // U+011E
    { 24, 37, 23, -1, 29, 222, 35908 }, // U+011F
    { 28, 37, 29, 2, 36, 259, 36130 }, // U+0120
    { 24, 37, 23, -1, 29, 222, 36389 }, // U+0121
    { 28, 39, 29, 2, 29, 273, 36611 }, // U+0122
    { 24, 40, 23, -1, 32, 240, 36884 }, // U+0123
    { 32, 28, 29, 0, 28, 224, 37124 }, // U+0126
    { 24, 28, 24, 1, 28, 168, 37348 }, // U+0127
    { 20, 35, 17, 0, 35, 175, 37516 }, // U+012A
    { 16, 28, 11, 2, 28, 112, 37691 }, // U+012B
    { 20, 36, 17, 0, 28, 180, 37803 }, // U+012E
    { 16, 37, 10, -3, 29, 148, 37983 }, // U+012F
    { 12, 21, 10, 1, 21, 63, 38131 }, // U+0131
    { 28, 38, 26, 0, 28, 266, 38194 }, // U+0136
    { 24, 38, 20, 0, 28, 228, 38460 }, // U+0137
    { 24, 38, 22, 0, 28, 228, 38688 }, // U+013B
    { 12, 38, 11, -2, 28, 114, 38916 }, // U+013C
    { 24, 29, 22, 0, 29, 174, 39030 }, // U+013D
    { 16, 28, 11, 0, 28, 112, 39204 }, // U+013E
    { 24, 28, 23, 0, 28, 168, 39316 }, // U+0141
    { 16, 28, 11, 0, 28, 112, 39484 }, // U+0142
    { 32, 36, 28, 0, 36, 288, 39596 }, // U+0143
    { 24, 30, 23, 0, 30, 180, 39884 }, // U+0144
    { 32, 38, 28, 0, 28, 304, 40064 }, // U+0145
    { 24, 31, 23, 0, 21, 186, 40368 }, // U+0146
    { 32, 36, 28, 0, 36, 288, 40554 }, // U+0147
    { 24, 29, 23, 0, 29, 174, 40842 }, // U+0148
    { 28, 38, 30, 2, 37, 266, 41016 }, // U+0150
    { 24, 31, 22, 0, 30, 186, 41282 }, // U+0151
    { 44, 30, 44, 2, 29, 330, 41468 }, // U+0152
    { 40, 22, 37, 0, 21, 220, 41798 }, // U+0153
    { 28, 36, 25, 0, 36, 252, 42018 }, // U+0154
    { 16, 30, 14, 0, 30, 120, 42270 }, // U+0155
    { 28, 36, 25, 0, 36, 252, 42390 }, // U+0158
    { 20, 29, 14, 0, 29, 145, 42642 }, // U+0159
    { 24, 37, 25, 1, 36, 222, 42787 }, // U+015A
    { 20, 31, 20, 0, 30, 155, 43009 }, // U+015B
    { 24, 37, 25, 1, 29, 222, 43164 }, // U+015E
    { 20, 29, 20, 0, 21, 145, 43386 }, // U+015F
    { 24, 37, 25, 1, 36, 222, 43531 }, // U+0160
    { 20, 30, 20, 0, 29, 150, 43753 }, // U+0161
    { 24, 38, 23, 2, 28, 228, 43903 }, // U+0162
    { 16, 36, 13, -2, 26, 144, 44131 }, // U+0163
    { 24, 36, 23, 2, 36, 216, 44275 }, // U+0164
    { 20, 31, 13, 1, 31, 155, 44491 }, // U+0165
    { 28, 36, 28, 2, 35, 252, 44646 }, // U+016A
    { 24, 29, 22, 1, 28, 174, 44898 }, // U+016B
    { 28, 38, 28, 2, 37, 266, 45072 }, // U+016E
    { 24, 33, 22, 1, 32, 198, 45338 }, // U+016F
    { 28, 38, 28, 2, 37, 266, 45536 }, // U+0170
    { 24, 31, 22, 1, 30, 186, 45802 }, // U+0171
    { 28, 36, 28, 2, 28, 252, 45988 }, // U+0172
    { 24, 29, 22, 1, 21, 174, 46240 }, // U+0173
    { 28, 36, 25, 3, 36, 252, 46414 }, // U+0178
    { 28, 36, 25, -1, 36, 252, 46666 }, // U+0179
    { 24, 30, 19, -1, 30, 180, 46918 }, // U+017A
    { 28, 36, 25, -1, 36, 252, 47098 }, // U+017B
    { 24, 29, 19, -1, 29, 174, 47350 }, // U+017C
    { 28, 36, 25, -1, 36, 252, 47524 }, // U+017D
    { 24, 29, 19, -1, 29, 174, 47776 }, // U+017E
    { 8, 7, 1, 4, 30, 14, 47950 }, // U+0300
    { 8, 7, 1, 4, 30, 14, 47964 }, // U+0301
    { 16, 6, 1, 3, 29, 24, 47978 }, // U+0302
    { 16, 6, 1, 3, 29, 24, 48002 }, // U+0303
    { 16, 4, 1, 4, 28, 16, 48026 }, // U+0304
    { 16, 6, 1, 4, 29, 24, 48042 }, // U+0306
    { 8, 6, 1, 4, 29, 12, 48066 }, // U+0307
    { 16, 5, 1, 3, 29, 20, 48078 }, // U+0308
    { 12, 10, 1, 4, 32, 30, 48098 }, // U+030A
    { 16, 7, 1, 2, 30, 28, 48128 }, // U+030B
    { 16, 6, 1, 4, 29, 24, 48156 }, // U+030C
    { 8, 9, 1, -3, -1, 18, 48180 }, // U+0326
    { 12, 10, 1, -3, 2, 30, 48198 }, // U+0327
    { 8, 9, 1, -2, 1, 18, 48228 }, // U+0328
    { 28, 37, 25, 0, 37, 259, 48246 }, // U+0400
    { 28, 35, 27, 0, 35, 245, 48505 }, // U+0401
    { 32, 29, 32, 0, 28, 232, 48750 }, // U+0402
    { 24, 37, 23, 0, 37, 222, 48982 }, // U+0403
    { 28, 29, 27, 1, 28, 203, 49204 }, // U+0404
    { 20, 29, 23, 1, 28, 145, 49407 }, // U+0405
    { 16, 28, 14, 0, 28, 112, 49552 }, // U+0406
    { 16, 34, 14, 0, 34, 136, 49664 }, // U+0407
    { 16, 29, 16, 0, 28, 116, 49800 }, // U+0408
    { 40, 29, 38, 0, 28, 290, 49916 }, // U+0409
    { 40, 28, 38, 0, 28, 280, 50206 }, // U+040A
    { 36, 28, 34, 0, 28, 252, 50486 }, // U+040B
    { 32, 37, 30, 0, 37, 296, 50738 }, // U+040C
    { 32, 39, 30, 0, 39, 312, 51034 }, // U+040D
    { 32, 38, 31, 0, 37, 304, 51346 }, // U+040E
    { 32, 34, 30, 0, 28, 272, 51650 }, // U+040F
    { 32, 28, 30, 0, 28, 224, 51922 }, // U+0410
    { 28, 28, 27, 0, 28, 196, 52146 }, // U+0411
    { 28, 28, 27, 0, 28, 196, 52342 }, // U+0412
    { 24, 28, 23, 0, 28, 168, 52538 }, // U+0413
    { 28, 36, 28, 0, 28, 252, 52706 }, // U+0414
    { 28, 28, 25, 0, 28, 196, 52958 }, // U+0415
    { 40, 28, 39, 0, 28, 280, 53154 }, // U+0416
    { 24, 29, 25, 1, 28, 174, 53434 }, // U+0417
    { 32, 28, 30, 0, 28, 224, 53608 }, // U+0418
    { 32, 37, 30, 0, 37, 296, 53832 }, // U+0419
    { 32, 28, 30, 0, 28, 224, 54128 }, // U+041A
    { 28, 29, 28, 0, 28, 203, 54352 }, // U+041B
    { 36, 28, 36, 0, 28, 252, 54555 }, // U+041C
    { 32, 28, 30, 0, 28, 224, 54807 }, // U+041D
    { 28, 29, 30, 1, 28, 203, 55031 }, // U+041E
    { 32, 28, 30, 0, 28, 224, 55234 }, // U+041F
    { 24, 28, 23, 0, 28, 168, 55458 }, // U+0420
    { 28, 29, 27, 1, 28, 203, 55626 }, // U+0421
    { 28, 28, 25, 0, 28, 196, 55829 }, // U+0422
    { 32, 29, 31, 0, 28, 232, 56025 }, // U+0423
    { 32, 28, 31, 1, 28, 224, 56257 }, // U+0424
    { 32, 28, 30, 0, 28, 224, 56481 }, // U+0425
    { 32, 36, 30, 0, 28, 288, 56705 }, // U+0426
    { 28, 28, 28, 0, 28, 196, 56993 }, // U+0427
    { 40, 28, 38, 0, 28, 280, 57189 }, // U+0428
    { 40, 36, 38, 0, 28, 360, 57469 }, // U+0429
    { 32, 28, 30, 0, 28, 224, 57829 }, // U+042A
    { 40, 28, 38, 0, 28, 280, 58053 }, // U+042B
    { 28, 28, 25, 0, 28, 196, 58333 }, // U+042C
    { 28, 29, 27, 1, 28, 203, 58529 }, // U+042D
    { 40, 29, 38, 0, 28, 290, 58732 }, // U+042E
    { 28, 28, 28, 0, 28, 196, 59022 }, // U+042F
    { 20, 21, 18, 1, 20, 105, 59218 }, // U+0430
    { 20, 29, 21, 1, 28, 145, 59323 }, // U+0431
    { 20, 19, 19, 0, 19, 95, 59468 }, // U+0432
    { 16, 19, 16, 0, 19, 76, 59563 }, // U+0433
    { 20, 26, 18, 0, 19, 130, 59639 }, // U+0434
    { 20, 21, 18, 0, 20, 105, 59769 }, // U+0435
    { 32, 19, 30, -1, 19, 152, 59874 }, // U+0436
    { 16, 21, 16, 0, 20, 84, 60026 }, // U+0437
    { 24, 19, 21, 0, 19, 114, 60110 }, // U+0438
    { 24, 28, 21, 0, 28, 168, 60224 }, // U+0439
    { 24, 19, 21, 0, 19, 114, 60392 }, // U+043A
    { 24, 20, 21, 0, 19, 120, 60506 }, // U+043B
    { 28, 19, 25, 0, 19, 133, 60626 }, // U+043C
    { 24, 19, 21, 0, 19, 114, 60759 }, // U+043D
    { 20, 21, 21, 1, 20, 105, 60873 }, // U+043E
    { 24, 19, 21, 0, 19, 114, 60978 }, // U+043F
    { 24, 29, 21, -1, 20, 174, 61092 }, // U+0440
    { 20, 21, 18, 0, 20, 105, 61266 }, // U+0441
    { 20, 19, 19, 0, 19, 95, 61371 }, // U+0442
    { 20, 28, 21, 0, 19, 140, 61466 }, // U+0443
    { 28, 38, 30, 1, 29, 266, 61606 }, // U+0444
    { 20, 19, 21, 0, 19, 95, 61872 }, // U+0445
    { 24, 26, 21, 0, 19, 156, 61967 }, // U+0446
    { 24, 19, 21, 0, 19, 114, 62123 }, // U+0447
    { 32, 19, 31, 0, 19, 152, 62237 }, // U+0448
    { 32, 26, 31, 0, 19, 208, 62389 }, // U+0449
    { 24, 19, 23, 0, 19, 114, 62597 }, // U+044A
    { 28, 19, 28, 0, 19, 133, 62711 }, // U+044B
    { 20, 19, 19, 0, 19, 95, 62844 }, // U+044C
    { 20, 21, 18, 1, 20, 105, 62939 }, // U+044D
    { 32, 21, 30, 0, 20, 168, 63044 }, // U+044E
    { 20, 19, 19, 0, 19, 95, 63212 }, // U+044F
    { 20, 29, 18, 0, 28, 145, 63307 }, // U+0450
    { 20, 26, 18, 0, 25, 130, 63452 }, // U+0451
    { 20, 39, 21, 0, 29, 195, 63582 }, // U+0452
    { 16, 29, 16, 0, 29, 116, 63777 }, // U+0453
    { 20, 21, 19, 0, 20, 105, 63893 }, // U+0454
    { 16, 21, 16, 1, 20, 84, 63998 }, // U+0455
    { 12, 29, 11, 0, 29, 87, 64082 }, // U+0456
    { 16, 25, 11, -1, 25, 100, 64169 }, // U+0457
    { 12, 38, 11, -3, 29, 114, 64269 }, // U+0458
    { 32, 20, 29, 0, 19, 160, 64383 }, // U+0459
    { 32, 19, 29, 0, 19, 152, 64543 }, // U+045A
    { 24, 29, 21, 0, 29, 174, 64695 }, // U+045B
    { 24, 29, 21, 0, 29, 174, 64869 }, // U+045C
    { 24, 28, 21, 0, 28, 168, 65043 }, // U+045D
    { 20, 37, 21, 0, 28, 185, 65211 }, // U+045E
    { 24, 24, 21, 0, 19, 144, 65396 }, // U+045F
    { 28, 30, 27, -1, 30, 210, 65540 }, // U+0462
    { 24, 30, 25, 2, 30, 180, 65750 }, // U+0463
    { 32, 32, 32, 2, 31, 256, 65930 }, // U+0472
    { 24, 24, 23, 0, 23, 144, 66186 }, // U+0473
    { 32, 31, 27, 2, 31, 248, 66330 }, // U+0474
    { 24, 23, 21, 2, 23, 138, 66578 }, // U+0475
    { 32, 45, 31, 3, 39, 360, 66716 }, // U+048A
    { 28, 39, 26, 3, 33, 273, 67076 }, // U+048B
    { 24, 30, 24, 4, 30, 180, 67349 }, // U+048C
    { 20, 26, 21, 4, 26, 130, 67529 }, // U+048D
    { 28, 30, 23, 3, 30, 210, 67659 }, // U+048E
    { 28, 31, 26, 1, 23, 217, 67869 }, // U+048F
    { 24, 33, 23, 0, 33, 198, 68086 }, // U+0490
    { 16, 24, 16, 0, 24, 96, 68284 }, // U+0491
    { 24, 28, 23, 0, 28, 168, 68380 }, // U+0492
    { 16, 19, 16, 0, 19, 76, 68548 }, // U+0493
    { 28, 36, 26, 3, 30, 252, 68624 }, // U+0494
    { 24, 29, 22, 3, 23, 174, 68876 }, // U+0495
    { 40, 36, 39, 0, 28, 360, 69050 }, // U+0496
    { 32, 26, 30, -1, 19, 208, 69410 }, // U+0497
    { 24, 37, 25, 1, 28, 222, 69618 }, // U+0498
    { 16, 29, 16, 0, 20, 116, 69840 }, // U+0499
    { 32, 36, 30, 0, 28, 288, 69956 }, // U+049A
    { 24, 26, 21, 0, 19, 156, 70244 }, // U+049B
    { 32, 28, 30, 0, 28, 224, 70400 }, // U+049C
    { 24, 19, 23, 0, 19, 114, 70624 }, // U+049D
    { 28, 30, 27, 4, 30, 210, 70738 }, // U+049E
    { 24, 32, 24, 4, 32, 192, 70948 }, // U+049F
    { 36, 31, 36, 6, 31, 279, 71140 }, // U+04A0
    { 28, 22, 27, 4, 22, 154, 71419 }, // U+04A1
    { 32, 36, 30, 0, 28, 288, 71573 }, // U+04A2
    { 24, 26, 21, 0, 19, 156, 71861 }, // U+04A3
    { 44, 31, 38, 3, 31, 341, 72017 }, // U+04A4
    { 32, 22, 29, 2, 22, 176, 72358 }, // U+04A5
    { 40, 36, 42, 3, 30, 360, 72534 }, // U+04A6
    { 36, 29, 36, 3, 23, 261, 72894 }, // U+04A7
    { 32, 36, 32, 5, 31, 288, 73155 }, // U+04A8
    { 24, 29, 25, 4, 23, 174, 73443 }, // U+04A9
    { 32, 40, 30, 4, 31, 320, 73617 }, // U+04AA
    { 24, 32, 21, 2, 23, 192, 73937 }, // U+04AB
    { 28, 38, 25, 6, 31, 266, 74129 }, // U+04AC
    { 20, 28, 21, 5, 22, 140, 74395 }, // U+04AD
    { 32, 28, 30, 0, 28, 224, 74535 }, // U+04AE
    { 32, 28, 30, 0, 19, 224, 74759 }, // U+04AF
    { 24, 28, 21, 0, 28, 168, 74983 }, // U+04B0
    { 24, 28, 21, 0, 19, 168, 75151 }, // U+04B1
    { 32, 36, 30, 0, 28, 288, 75319 }, // U+04B2
    { 20, 26, 21, 0, 19, 130, 75607 }, // U+04B3
    { 36, 38, 38, 7, 31, 342, 75737 }, // U+04B4
    { 28, 28, 29, 4, 22, 196, 76079 }, // U+04B5
    { 28, 36, 28, 0, 28, 252, 76275 }, // U+04B6
    { 24, 26, 21, 0, 19, 156, 76527 }, // U+04B7
    { 28, 28, 28, 0, 28, 196, 76683 }, // U+04B8
    { 24, 19, 21, 0, 19, 114, 76879 }, // U+04B9
    { 28, 28, 28, 0, 28, 196, 76993 }, // U+04BA
    { 24, 19, 21, 0, 19, 114, 77189 }, // U+04BB
    { 36, 32, 37, 4, 31, 288, 77303 }, // U+04BC
    { 28, 24, 29, 3, 23, 168, 77591 }, // U+04BD
    { 36, 40, 37, 4, 31, 360, 77759 }, // U+04BE
    { 28, 32, 29, 3, 23, 224, 78119 }, // U+04BF
    { 16, 28, 14, 0, 28, 112, 78343 }, // U+04C0
    { 40, 37, 39, 0, 37, 370, 78455 }, // U+04C1
    { 32, 29, 30, -1, 29, 232, 78825 }, // U+04C2
    { 32, 36, 26, 3, 30, 288, 79057 }, // U+04C3
    { 24, 29, 22, 3, 23, 174, 79345 }, // U+04C4
    { 36, 36, 30, 0, 30, 324, 79519 }, // U+04C5
    { 28, 29, 25, 0, 23, 203, 79843 }, // U+04C6
    { 32, 41, 30, 3, 31, 328, 80046 }, // U+04C7
    { 24, 32, 23, 2, 22, 192, 80374 }, // U+04C8
    { 32, 36, 31, 3, 30, 288, 80566 }, // U+04C9
    { 28, 29, 26, 3, 23, 203, 80854 }, // U+04CA
    { 28, 36, 26, 5, 30, 252, 81057 }, // U+04CB
    { 20, 28, 21, 4, 23, 140, 81309 }, // U+04CC
    { 40, 36, 36, 3, 30, 360, 81449 }, // U+04CD
    { 32, 29, 30, 3, 23, 232, 81809 }, // U+04CE
    { 12, 22, 11, 3, 22, 66, 82041 }, // U+04CF
    { 32, 37, 30, 0, 37, 296, 82107 }, // U+04D0
    { 20, 29, 18, 1, 28, 145, 82403 }, // U+04D1
    { 32, 35, 30, 0, 35, 280, 82548 }, // U+04D2
    { 20, 28, 18, 1, 27, 140, 82828 }, // U+04D3
    { 36, 28, 36, 0, 28, 252, 82968 }, // U+04D4
    { 28, 21, 27, 1, 20, 147, 83220 }, // U+04D5
    { 28, 37, 25, 0, 37, 259, 83367 }, // U+04D6
    { 20, 30, 18, 0, 29, 150, 83626 }, // U+04D7
    { 28, 30, 27, 1, 29, 210, 83776 }, // U+04D8
    { 20, 21, 18, 0, 20, 105, 83986 }, // U+04D9
    { 28, 38, 27, 1, 37, 266, 84091 }, // U+04DA
    { 20, 29, 18, 0, 28, 145, 84357 }, // U+04DB
    { 40, 35, 39, 0, 35, 350, 84502 }, // U+04DC
    { 32, 28, 30, -1, 28, 224, 84852 }, // U+04DD
    { 24, 36, 25, 1, 35, 216, 85076 }, // U+04DE
    { 16, 29, 16, 0, 28, 116, 85292 }, // U+04DF
    { 28, 31, 23, 2, 30, 217, 85408 }, // U+04E0
    { 24, 31, 21, 0, 22, 186, 85625 }, // U+04E1
    { 32, 32, 30, 0, 32, 256, 85811 }, // U+04E2
    { 24, 26, 21, 0, 26, 156, 86067 }, // U+04E3
    { 32, 35, 30, 0, 35, 280, 86223 }, // U+04E4
    { 24, 28, 21, 0, 28, 168, 86503 }, // U+04E5
    { 28, 36, 30, 1, 35, 252, 86671 }, // U+04E6
    { 20, 29, 21, 1, 28, 145, 86923 }, // U+04E7
    { 28, 29, 30, 1, 28, 203, 87068 }, // U+04E8
    { 20, 21, 21, 1, 20, 105, 87271 }, // U+04E9
    { 28, 38, 30, 1, 37, 266, 87376 }, // U+04EA
    { 20, 29, 21, 1, 28, 145, 87642 }, // U+04EB
    { 28, 36, 27, 1, 35, 252, 87787 }, // U+04EC
    { 20, 29, 18, 1, 28, 145, 88039 }, // U+04ED
    { 32, 33, 31, 0, 32, 264, 88184 }, // U+04EE
    { 20, 32, 21, 0, 23, 160, 88448 }, // U+04EF
    { 32, 36, 31, 0, 35, 288, 88608 }, // U+04F0
    { 20, 37, 21, 0, 28, 185, 88896 }, // U+04F1
    { 32, 38, 31, 0, 37, 304, 89081 }, // U+04F2
    { 20, 38, 21, 0, 29, 190, 89385 }, // U+04F3
    { 28, 35, 28, 0, 35, 245, 89575 }, // U+04F4
    { 24, 28, 21, 0, 28, 168, 89820 }, // U+04F5
    { 28, 38, 25, 3, 31, 266, 89988 }, // U+04F6
    { 20, 28, 18, 2, 22, 140, 90254 }, // U+04F7
    { 40, 35, 38, 0, 35, 350, 90394 }, // U+04F8
    { 28, 28, 28, 0, 28, 196, 90744 }, // U+04F9
    { 32, 39, 21, -4, 30, 312, 90940 }, // U+04FA
    { 24, 30, 17, -3, 20, 180, 91252 }, // U+04FB
    { 36, 37, 26, -1, 30, 333, 91432 }, // U+04FC
    { 28, 28, 19, -1, 20, 196, 91765 }, // U+04FD
    { 36, 31, 28, 0, 31, 279, 91961 }, // U+04FE
    { 28, 22, 21, 0, 22, 154, 92240 }, // U+04FF
    { 0, 0, 21, 0, 30, 0, 92394 }, // U+2000
    { 0, 0, 41, 0, 30, 0, 92394 }, // U+2001
    { 0, 0, 21, 0, 30, 0, 92394 }, // U+2002
    { 0, 0, 41, 0, 30, 0, 92394 }, // U+2003
    { 0, 0, 14, 0, 30, 0, 92394 }, // U+2004
    { 0, 0, 10, 0, 30, 0, 92394 }, // U+2005
    { 0, 0, 7, 0, 30, 0, 92394 }, // U+2006
    { 0, 0, 27, 0, 30, 0, 92394 }, // U+2007
    { 0, 0, 9, 0, 30, 0, 92394 }, // U+2008
    { 0, 0, 8, 0, 30, 0, 92394 }, // U+2009
    { 0, 0, 3, 0, 30, 0, 92394 }, // U+200A
    { 0, 0, 1, 0, 30, 0, 92394 }, // U+200B
    { 0, 0, 1, 0, 30, 0, 92394 }, // U+200C
    { 0, 0, 1, 0, 30, 0, 92394 }, // U+200D
    { 0, 0, 1, 0, 30, 0, 92394 }, // U+200E
    { 0, 0, 1, 0, 30, 0, 92394 }, // U+200F
    { 20, 5, 20, 1, 13, 25, 92394 }, // U+2013
    { 32, 5, 33, 1, 13, 40, 92419 }, // U+2014
    { 8, 11, 10, 3, 28, 22, 92459 }, // U+2018
    { 8, 12, 10, 3, 29, 24, 92481 }, // U+2019
    { 8, 12, 10, -2, 6, 24, 92505 }, // U+201A
    { 16, 11, 16, 3, 28, 44, 92529 }, // U+201C
    { 16, 12, 16, 3, 29, 48, 92573 }, // U+201D
    { 16, 12, 16, -2, 6, 48, 92621 }, // U+201E
    { 24, 28, 22, 2, 28, 168, 92669 }, // U+2020
    { 24, 28, 22, 0, 28, 168, 92837 }, // U+2021
    { 16, 15, 18, 1, 18, 60, 93005 }, // U+2022
    { 28, 7, 29, 0, 6, 49, 93065 }, // U+2026
    { 0, 0, 11, 0, 30, 0, 93114 }, // U+2028
    { 0, 0, 11, 0, 30, 0, 93114 }, // U+2029
    { 0, 0, 6, 0, 30, 0, 93114 }, // U+202F
    { 52, 30, 58, 3, 29, 390, 93114 }, // U+2030
    { 16, 19, 15, 1, 20, 76, 93504 }, // U+2039
    { 12, 19, 14, 0, 20, 57, 93580 }, // U+203A
    { 24, 28, 18, -3, 28, 168, 93637 }, // U+2044
    { 0, 0, 1, 0, 30, 0, 93805 }, // U+2060
    { 16, 17, 16, 3, 33, 68, 93805 }, // U+2074
    { 32, 30, 29, 0, 29, 240, 93873 }, // U+20AC
    { 24, 30, 24, 1, 29, 180, 94113 }, // U+2202
    { 24, 35, 31, 5, 28, 210, 94293 }, // U+220F
    { 24, 35, 31, 4, 28, 210, 94503 }, // U+2211
    { 24, 5, 25, 1, 13, 30, 94713 }, // U+2212
    { 24, 28, 18, -3, 28, 168, 94743 }, // U+2215
    { 8, 7, 10, 1, 14, 14, 94911 }, // U+2219
    { 24, 35, 21, 1, 28, 210, 94925 }, // U+221A
    { 32, 13, 32, 1, 17, 104, 95135 }, // U+221E
    { 16, 37, 13, -2, 29, 148, 95239 }, // U+222B
    { 20, 14, 25, 2, 18, 70, 95387 }, // U+2248
    { 24, 21, 27, 2, 21, 126, 95457 }, // U+2260
    { 24, 21, 27, 2, 21, 126, 95583 }, // U+2264
    { 24, 21, 28, 3, 21, 126, 95709 }, // U+2265
    { 44, 43, 41, 3, 37, 473, 95835 }, // U+FFFD
};

static const EpdUnicodeInterval atkinson_hyperlegible_18_italicIntervals[] = {
    { 0xD, 0xD, 0 },
    { 0x20, 0x7E, 1 },
    { 0xA0, 0x107, 96 },
    { 0x10A, 0x113, 200 },
    { 0x116, 0x11B, 210 },
    { 0x11E, 0x123, 216 },
    { 0x126, 0x127, 222 },
    { 0x12A, 0x12B, 224 },
    { 0x12E, 0x12F, 226 },
    { 0x131, 0x131, 228 },
    { 0x136, 0x137, 229 },
    { 0x13B, 0x13E, 231 },
    { 0x141, 0x148, 235 },
    { 0x150, 0x155, 243 },
    { 0x158, 0x15B, 249 },
    { 0x15E, 0x165, 253 },
    { 0x16A, 0x16B, 261 },
    { 0x16E, 0x173, 263 },
    { 0x178, 0x17E, 269 },
    { 0x300, 0x304, 276 },
    { 0x306, 0x308, 281 },
    { 0x30A, 0x30C, 284 },
    { 0x326, 0x328, 287 },
    { 0x400, 0x45F, 290 },
    { 0x462, 0x463, 386 },
    { 0x472, 0x475, 388 },
    { 0x48A, 0x4FF, 392 },
    { 0x2000, 0x200F, 510 },
    { 0x2013, 0x2014, 526 },
    { 0x2018, 0x201A, 528 },
    { 0x201C, 0x201E, 531 },
    { 0x2020, 0x2022, 534 },
    { 0x2026, 0x2026, 537 },
    { 0x2028, 0x2029, 538 },
    { 0x202F, 0x2030, 540 },
    { 0x2039, 0x203A, 542 },
    { 0x2044, 0x2044, 544 },
    { 0x2060, 0x2060, 545 },
    { 0x2074, 0x2074, 546 },
    { 0x20AC, 0x20AC, 547 },
    { 0x2202, 0x2202, 548 },
    { 0x220F, 0x220F, 549 },
    { 0x2211, 0x2212, 550 },
    { 0x2215, 0x2215, 552 },
    { 0x2219, 0x221A, 553 },
    { 0x221E, 0x221E, 555 },
    { 0x222B, 0x222B, 556 },
    { 0x2248, 0x2248, 557 },
    { 0x2260, 0x2260, 558 },
    { 0x2264, 0x2265, 559 },
    { 0xFFFD, 0xFFFD, 561 },
};

static const EpdFontData atkinson_hyperlegible_18_italic = {
    atkinson_hyperlegible_18_italicBitmaps,
    sizeof(atkinson_hyperlegible_18_italicBitmaps),
    atkinson_hyperlegible_18_italicGlyphs,
    atkinson_hyperlegible_18_italicIntervals,
    76,
    47,
    36,
    -11,
    true,
};
