/**
 * generated from the actual data/js/inx_font_pack.js browser output
 * name: atkinson_hyperlegible_16_regular
 * size: 16
 * mode: 2-bit
 * source: atkinson_hyperlegible Regular; fontconvert.py row set
 * glyphs: 562 (web UI raster rows; compact reader profile)
 */
#pragma once
#include "EpdFontData.h"

static const uint8_t atkinson_hyperlegible_16_regularBitmaps[71120] = {
    0x00, 0x00, 0x2F, 0x80, 0x2F, 0x80, 0x2F, 0x80, 0x2F, 0x80, 0x2F, 0x80, 0x2F, 0x80, 0x2F, 0x80,
    0x2F, 0x80, 0x2F, 0x80, 0x2F, 0x80, 0x0F, 0x80, 0x0F, 0x40, 0x0F, 0x00, 0x0F, 0x00, 0x0F, 0x00,
    0x0F, 0x00, 0x0F, 0x00, 0x00, 0x00, 0x00, 0x00, 0x05, 0x00, 0x3F, 0xC0, 0x3F, 0xD0, 0x3F, 0xD0,
    0x3F, 0xC0, 0x00, 0x00, 0x00, 0x00, 0x00, 0xBC, 0x2F, 0x80, 0xBC, 0x2F, 0x40, 0xBC, 0x1F, 0x00,
    0x7C, 0x0F, 0x00, 0x3C, 0x0F, 0x00, 0x3C, 0x0F, 0x00, 0x3C, 0x0F, 0x00, 0x3C, 0x0F, 0x00, 0x00,
    0x00, 0x00, 0x00, 0x00, 0x00, 0x00, 0x03, 0xF0, 0x0B, 0xE0, 0x00, 0x00, 0x03, 0xF0, 0x0B, 0xE0,
    0x00, 0x00, 0x03, 0xF0, 0x0F, 0xC0, 0x00, 0x00, 0x03, 0xF0, 0x0F, 0xC0, 0x00, 0x00, 0x0B, 0xE0,
    0x0F, 0xC0, 0x00, 0x00, 0x0B, 0xE0, 0x0F, 0xC0, 0x00, 0x0F, 0xFF, 0xFF, 0xFF, 0xFF, 0xC0, 0x0F,
    0xFF, 0xFF, 0xFF, 0xFF, 0xC0, 0x2F, 0xFF, 0xFF, 0xFF, 0xFF, 0xC0, 0x00, 0x0F, 0xC0, 0x3F, 0x40,
    0x00, 0x00, 0x0F, 0xC0, 0x3F, 0x00, 0x00, 0x00, 0x1F, 0x80, 0x3F, 0x00, 0x00, 0x00, 0x2F, 0x80,
    0x3F, 0x00, 0x00, 0x00, 0x2F, 0x80, 0x3F, 0x00, 0x00, 0x00, 0x3F, 0x80, 0xBF, 0x00, 0x00, 0xBF,
    0xFF, 0xFF, 0xFF, 0xFF, 0x00, 0xBF, 0xFF, 0xFF, 0xFF, 0xFF, 0x00, 0xAA, 0xFF, 0xAA, 0xFF, 0xAA,
    0x00, 0x00, 0x7E, 0x00, 0xFC, 0x00, 0x00, 0x00, 0xBE, 0x00, 0xFC, 0x00, 0x00, 0x00, 0xBE, 0x00,
    0xFC, 0x00, 0x00, 0x00, 0xFC, 0x02, 0xF8, 0x00, 0x00, 0x00, 0xFC, 0x02, 0xF8, 0x00, 0x00, 0x00,
    0xFC, 0x02, 0xF4, 0x00, 0x00, 0x00, 0x00, 0xB8, 0x00, 0x00, 0x00, 0x00, 0xB8, 0x00, 0x00, 0x00,
    0x02, 0xFE, 0x00, 0x00, 0x00, 0xBF, 0xFF, 0xF8, 0x00, 0x07, 0xFF, 0xFF, 0xFF, 0x00, 0x0F, 0xFE,
    0xBA, 0xFF, 0xC0, 0x3F, 0xE0, 0xB8, 0x2F, 0xE0, 0x3F, 0x80, 0xB8, 0x0A, 0x40, 0x3F, 0x00, 0xB8,
    0x00, 0x00, 0x3F, 0x40, 0xB8, 0x00, 0x00, 0x3F, 0xC0, 0xB8, 0x00, 0x00, 0x3F, 0xF0, 0xB8, 0x00,
    0x00, 0x0F, 0xFF, 0xF8, 0x00, 0x00, 0x07, 0xFF, 0xFF, 0x80, 0x00, 0x00, 0xBF, 0xFF, 0xFD, 0x00,
    0x00, 0x06, 0xFF, 0xFF, 0xC0, 0x00, 0x00, 0xBA, 0xFF, 0xF0, 0x00, 0x00, 0xB8, 0x2F, 0xF8, 0x00,
    0x00, 0xB8, 0x03, 0xFC, 0x00, 0x00, 0xB8, 0x03, 0xFC, 0x00, 0x00, 0xB8, 0x02, 0xFC, 0x3F, 0x00,
    0xB8, 0x03, 0xFC, 0x3F, 0xC0, 0xB8, 0x0B, 0xF8, 0x2F, 0xF4, 0xB8, 0x2F, 0xF0, 0x0F, 0xFF, 0xFF,
    0xFF, 0xD0, 0x02, 0xFF, 0xFF, 0xFF, 0x00, 0x00, 0x2F, 0xFF, 0xF8, 0x00, 0x00, 0x00, 0xB8, 0x00,
    0x00, 0x00, 0x00, 0xB8, 0x00, 0x00, 0x00, 0x00, 0xB8, 0x00, 0x00, 0x00, 0x00, 0x00, 0x00, 0x00,
    0x00, 0x2A, 0x80, 0x00, 0x00, 0x00, 0x00, 0x00, 0x03, 0xFF, 0xF8, 0x00, 0x00, 0x0F, 0xD0, 0x00,
    0x0F, 0xFF, 0xFF, 0x00, 0x00, 0x3F, 0x80, 0x00, 0x3F, 0xE0, 0xBF, 0x80, 0x00, 0xBF, 0x00, 0x00,
    0x3F, 0x00, 0x0F, 0xC0, 0x00, 0xFC, 0x00, 0x00, 0xBE, 0x00, 0x0B, 0xC0, 0x03, 0xF8, 0x00, 0x00,
    0xBC, 0x00, 0x07, 0xE0, 0x0B, 0xF0, 0x00, 0x00, 0xBC, 0x00, 0x0B, 0xE0, 0x0F, 0xC0, 0x00, 0x00,
    0xBE, 0x00, 0x0F, 0xC0, 0x3F, 0x80, 0x00, 0x00, 0x3F, 0x00, 0x2F, 0xC0, 0xBF, 0x00, 0x00, 0x00,
    0x2F, 0xEA, 0xFF, 0x81, 0xFC, 0x00, 0x00, 0x00, 0x0F, 0xFF, 0xFE, 0x03, 0xF4, 0x00, 0x00, 0x00,
    0x02, 0xFF, 0xF8, 0x0F, 0xE0, 0x0B, 0xF8, 0x00, 0x00, 0x0A, 0x00, 0x2F, 0xC0, 0xBF, 0xFF, 0x80,
    0x00, 0x00, 0x00, 0x3F, 0x02, 0xFF, 0xFF, 0xE0, 0x00, 0x00, 0x00, 0xFE, 0x03, 0xF8, 0x0B, 0xF0,
    0x00, 0x00, 0x02, 0xFC, 0x0F, 0xE0, 0x02, 0xF8, 0x00, 0x00, 0x03, 0xF0, 0x0F, 0xC0, 0x00, 0xFC,
    0x00, 0x00, 0x0F, 0xE0, 0x0F, 0xC0, 0x00, 0xFC, 0x00, 0x00, 0x2F, 0xC0, 0x0F, 0xC0, 0x00, 0xFC,
    0x00, 0x00, 0x7F, 0x00, 0x0F, 0xC0, 0x00, 0xFC, 0x00, 0x00, 0xFD, 0x00, 0x0B, 0xF0, 0x03, 0xF8,
    0x00, 0x03, 0xF8, 0x00, 0x03, 0xFE, 0xAF, 0xF0, 0x00, 0x0B, 0xF0, 0x00, 0x00, 0xFF, 0xFF, 0xC0,
    0x00, 0x0F, 0xC0, 0x00, 0x00, 0x2F, 0xFE, 0x00, 0x00, 0x00, 0x00, 0x00, 0x00, 0x00, 0x00, 0x00,
    0x00, 0x00, 0xAA, 0x80, 0x00, 0x00, 0x00, 0x00, 0x0F, 0xFF, 0xF8, 0x00, 0x00, 0x00, 0x00, 0x3F,
    0xFF, 0xFF, 0x00, 0x00, 0x00, 0x00, 0xFF, 0x80, 0xBF, 0x40, 0x00, 0x00, 0x00, 0xFE, 0x00, 0x2F,
    0x80, 0x00, 0x00, 0x00, 0xFC, 0x00, 0x2F, 0x80, 0x00, 0x00, 0x00, 0xFE, 0x00, 0x2F, 0x80, 0x00,
    0x00, 0x00, 0xFF, 0x00, 0x3F, 0x80, 0x00, 0x00, 0x00, 0x7F, 0x80, 0xFF, 0x00, 0x00, 0x00, 0x00,
    0x3F, 0xEB, 0xFC, 0x00, 0x00, 0x00, 0x00, 0x0F, 0xFF, 0xF0, 0x00, 0x00, 0x00, 0x00, 0x3F, 0xFF,
    0x80, 0x00, 0x00, 0x00, 0x02, 0xFF, 0xFF, 0x80, 0x2F, 0xC0, 0x00, 0x0F, 0xFC, 0x3F, 0xE0, 0x2F,
    0xC0, 0x00, 0x2F, 0xE0, 0x0F, 0xF4, 0x3F, 0x80, 0x00, 0x3F, 0x80, 0x03, 0xFC, 0x3F, 0x00, 0x00,
    0xBF, 0x00, 0x01, 0xFF, 0xBF, 0x00, 0x00, 0xBF, 0x00, 0x00, 0xBF, 0xFE, 0x00, 0x00, 0xBF, 0x00,
    0x00, 0x2F, 0xFC, 0x00, 0x00, 0xBF, 0x00, 0x00, 0x0B, 0xFC, 0x00, 0x00, 0x3F, 0x80, 0x00, 0x0F,
    0xFF, 0x00, 0x00, 0x3F, 0xE0, 0x00, 0xBF, 0xFF, 0xC0, 0x00, 0x0F, 0xFE, 0xAF, 0xFF, 0x2F, 0xF0,
    0x00, 0x03, 0xFF, 0xFF, 0xF8, 0x0B, 0xFC, 0x00, 0x00, 0xBF, 0xFF, 0x80, 0x03, 0xFF, 0x00, 0x00,
    0x00, 0x00, 0x00, 0x00, 0x00, 0x00, 0x00, 0xBC, 0xBC, 0xBC, 0x7C, 0x3C, 0x3C, 0x3C, 0x3C, 0x00,
    0x00, 0x00, 0x00, 0xFC, 0x00, 0x00, 0xF8, 0x00, 0x03, 0xF0, 0x00, 0x03, 0xE0, 0x00, 0x0B, 0xC0,
    0x00, 0x0F, 0xC0, 0x00, 0x0F, 0x80, 0x00, 0x2F, 0x00, 0x00, 0x2F, 0x00, 0x00, 0x3F, 0x00, 0x00,
    0x3F, 0x00, 0x00, 0x3E, 0x00, 0x00, 0x3E, 0x00, 0x00, 0x3E, 0x00, 0x00, 0x3E, 0x00, 0x00, 0x3E,
    0x00, 0x00, 0x3E, 0x00, 0x00, 0x3F, 0x00, 0x00, 0x3F, 0x00, 0x00, 0x2F, 0x00, 0x00, 0x1F, 0x80,
    0x00, 0x0F, 0x80, 0x00, 0x0F, 0xC0, 0x00, 0x0B, 0xD0, 0x00, 0x03, 0xF0, 0x00, 0x02, 0xF0, 0x00,
    0x00, 0xFC, 0x00, 0x00, 0xBD, 0x00, 0x00, 0x3F, 0x00, 0x00, 0x1A, 0x40, 0x00, 0x00, 0x00, 0x1F,
    0x80, 0x00, 0x0F, 0xC0, 0x00, 0x03, 0xE0, 0x00, 0x03, 0xF0, 0x00, 0x01, 0xF8, 0x00, 0x00, 0xFC,
    0x00, 0x00, 0xBC, 0x00, 0x00, 0xBC, 0x00, 0x00, 0x3E, 0x00, 0x00, 0x3E, 0x00, 0x00, 0x3F, 0x00,
    0x00, 0x3F, 0x00, 0x00, 0x3F, 0x00, 0x00, 0x2F, 0x00, 0x00, 0x3F, 0x00, 0x00, 0x3F, 0x00, 0x00,
    0x3F, 0x00, 0x00, 0x3F, 0x00, 0x00, 0x3E, 0x00, 0x00, 0x7E, 0x00, 0x00, 0xBC, 0x00, 0x00, 0xFC,
    0x00, 0x00, 0xF8, 0x00, 0x02, 0xF0, 0x00, 0x03, 0xF0, 0x00, 0x07, 0xE0, 0x00, 0x0F, 0xC0, 0x00,
    0x2F, 0x80, 0x00, 0x3F, 0x00, 0x00, 0xA8, 0x00, 0x00, 0x00, 0x00, 0x00, 0x00, 0x3C, 0x00, 0x00,
    0x3C, 0x00, 0x20, 0x3C, 0x14, 0x7F, 0xFE, 0xFC, 0x7F, 0xFF, 0xF8, 0x02, 0xFF, 0x00, 0x03, 0xFF,
    0x00, 0x0B, 0xEF, 0xC0, 0x0F, 0x83, 0xE0, 0x03, 0x02, 0x80, 0x00, 0x00, 0x00, 0x00, 0x00, 0x00,
    0x00, 0xBC, 0x00, 0x00, 0x00, 0x00, 0xBC, 0x00, 0x00, 0x00, 0x00, 0xBC, 0x00, 0x00, 0x00, 0x00,
    0xBC, 0x00, 0x00, 0x00, 0x00, 0xBC, 0x00, 0x00, 0x00, 0x00, 0xBC, 0x00, 0x00, 0x00, 0x00, 0xBC,
    0x00, 0x00, 0x2A, 0xAA, 0xFE, 0xAA, 0xA8, 0x3F, 0xFF, 0xFF, 0xFF, 0xFC, 0x3F, 0xFF, 0xFF, 0xFF,
    0xFC, 0x2A, 0xAA, 0xFE, 0xAA, 0xA4, 0x00, 0x00, 0xBC, 0x00, 0x00, 0x00, 0x00, 0xBC, 0x00, 0x00,
    0x00, 0x00, 0xBC, 0x00, 0x00, 0x00, 0x00, 0xBC, 0x00, 0x00, 0x00, 0x00, 0xBC, 0x00, 0x00, 0x00,
    0x00, 0xBC, 0x00, 0x00, 0x00, 0x00, 0xBC, 0x00, 0x00, 0x04, 0x00, 0x3F, 0x80, 0xBF, 0xC0, 0xBF,
    0xC0, 0x3F, 0x80, 0x0F, 0x00, 0x0F, 0x00, 0x2E, 0x00, 0x3C, 0x00, 0x28, 0x00, 0xAA, 0xAA, 0xA8,
    0xBF, 0xFF, 0xFC, 0xBF, 0xFF, 0xFC, 0x2A, 0xAA, 0xA4, 0x04, 0x00, 0x3F, 0x80, 0xBF, 0xC0, 0xBF,
    0xC0, 0x3F, 0x80, 0x00, 0x00, 0x00, 0x00, 0x00, 0x00, 0x00, 0x00, 0x2F, 0xC0, 0x00, 0x00, 0x3F,
    0x80, 0x00, 0x00, 0x3F, 0x00, 0x00, 0x00, 0xBE, 0x00, 0x00, 0x00, 0xFC, 0x00, 0x00, 0x02, 0xFC,
    0x00, 0x00, 0x03, 0xF8, 0x00, 0x00, 0x03, 0xF0, 0x00, 0x00, 0x0B, 0xF0, 0x00, 0x00, 0x0F, 0xD0,
    0x00, 0x00, 0x1F, 0xC0, 0x00, 0x00, 0x3F, 0x80, 0x00, 0x00, 0x3F, 0x00, 0x00, 0x00, 0xBF, 0x00,
    0x00, 0x00, 0xFE, 0x00, 0x00, 0x00, 0xFC, 0x00, 0x00, 0x02, 0xF8, 0x00, 0x00, 0x03, 0xF0, 0x00,
    0x00, 0x0B, 0xF0, 0x00, 0x00, 0x0F, 0xE0, 0x00, 0x00, 0x0F, 0xC0, 0x00, 0x00, 0x2F, 0x80, 0x00,
    0x00, 0x3F, 0x00, 0x00, 0x00, 0x7F, 0x00, 0x00, 0x00, 0x00, 0x02, 0xAA, 0x00, 0x00, 0x00, 0x3F,
    0xFF, 0xF8, 0x00, 0x02, 0xFF, 0xFF, 0xFF, 0x00, 0x0B, 0xFE, 0x02, 0xFF, 0xC0, 0x0F, 0xF0, 0x00,
    0x2F, 0xE0, 0x2F, 0xF8, 0x00, 0x0F, 0xF0, 0x3F, 0xFD, 0x00, 0x03, 0xF0, 0x3F, 0xFF, 0x00, 0x03,
    0xF8, 0xBF, 0x3F, 0xC0, 0x02, 0xFC, 0xBF, 0x2F, 0xE0, 0x02, 0xFC, 0xFE, 0x0F, 0xF0, 0x00, 0xFC,
    0xFE, 0x03, 0xFC, 0x00, 0xFC, 0xFE, 0x01, 0xFE, 0x00, 0xFC, 0xFE, 0x00, 0xBF, 0x00, 0xFC, 0xFE,
    0x00, 0x3F, 0xC0, 0xFC, 0xFE, 0x00, 0x0F, 0xE0, 0xFC, 0xBF, 0x00, 0x0B, 0xF6, 0xFC, 0xBF, 0x00,
    0x03, 0xFF, 0xFC, 0x3F, 0x40, 0x00, 0xFF, 0xF8, 0x3F, 0xC0, 0x00, 0xBF, 0xF0, 0x2F, 0xE0, 0x00,
    0x3F, 0xF0, 0x0F, 0xF8, 0x00, 0x3F, 0xC0, 0x03, 0xFF, 0xAB, 0xFF, 0x80, 0x00, 0xFF, 0xFF, 0xFE,
    0x00, 0x00, 0x2F, 0xFF, 0xE0, 0x00, 0x00, 0x00, 0x00, 0x00, 0x00, 0x00, 0x00, 0x00, 0x00, 0x02,
    0xF0, 0x00, 0x03, 0xF0, 0x00, 0x2F, 0xF0, 0xBF, 0xFF, 0xF0, 0xBF, 0xFF, 0xF0, 0xBF, 0xFF, 0xF0,
    0x00, 0x03, 0xF0, 0x00, 0x03, 0xF0, 0x00, 0x03, 0xF0, 0x00, 0x03, 0xF0, 0x00, 0x03, 0xF0, 0x00,
    0x03, 0xF0, 0x00, 0x03, 0xF0, 0x00, 0x03, 0xF0, 0x00, 0x03, 0xF0, 0x00, 0x03, 0xF0, 0x00, 0x03,
    0xF0, 0x00, 0x03, 0xF0, 0x00, 0x03, 0xF0, 0x00, 0x03, 0xF0, 0x00, 0x03, 0xF0, 0x00, 0x03, 0xF0,
    0x00, 0x03, 0xF0, 0x00, 0x03, 0xF0, 0x00, 0x02, 0xAA, 0x00, 0x00, 0x00, 0xBF, 0xFF, 0xF0, 0x00,
    0x03, 0xFF, 0xFF, 0xFD, 0x00, 0x0F, 0xF8, 0x02, 0xFF, 0x00, 0x0F, 0xE0, 0x00, 0x7F, 0x80, 0x3F,
    0xC0, 0x00, 0x2F, 0xC0, 0x0B, 0x80, 0x00, 0x2F, 0xC0, 0x00, 0x00, 0x00, 0x2F, 0xC0, 0x00, 0x00,
    0x00, 0x2F, 0xC0, 0x00, 0x00, 0x00, 0x3F, 0x80, 0x00, 0x00, 0x00, 0xBF, 0x00, 0x00, 0x00, 0x00,
    0xFE, 0x00, 0x00, 0x00, 0x03, 0xFC, 0x00, 0x00, 0x00, 0x0B, 0xF0, 0x00, 0x00, 0x00, 0x2F, 0xD0,
    0x00, 0x00, 0x00, 0xFF, 0x80, 0x00, 0x00, 0x03, 0xFE, 0x00, 0x00, 0x00, 0x0F, 0xF0, 0x00, 0x00,
    0x00, 0x3F, 0xC0, 0x00, 0x00, 0x02, 0xFF, 0x00, 0x00, 0x00, 0x0B, 0xF8, 0x00, 0x00, 0x00, 0x3F,
    0xD0, 0x00, 0x00, 0x00, 0xFF, 0xFF, 0xFF, 0xFF, 0xE0, 0xFF, 0xFF, 0xFF, 0xFF, 0xE0, 0xFF, 0xFF,
    0xFF, 0xFF, 0xE0, 0x00, 0x06, 0xAA, 0x00, 0x00, 0x00, 0xBF, 0xFF, 0xF0, 0x00, 0x03, 0xFF, 0xFF,
    0xFE, 0x00, 0x0F, 0xF8, 0x02, 0xFF, 0x00, 0x2F, 0xC0, 0x00, 0x7F, 0x80, 0x3F, 0x80, 0x00, 0x2F,
    0xC0, 0x0B, 0x00, 0x00, 0x2F, 0xC0, 0x00, 0x00, 0x00, 0x2F, 0xC0, 0x00, 0x00, 0x00, 0x3F, 0x80,
    0x00, 0x00, 0x00, 0xBF, 0x00, 0x00, 0x00, 0x2B, 0xFD, 0x00, 0x00, 0x03, 0xFF, 0xF0, 0x00, 0x00,
    0x03, 0xFF, 0xF0, 0x00, 0x00, 0x02, 0xBF, 0xFF, 0x00, 0x00, 0x00, 0x01, 0xFF, 0x80, 0x00, 0x00,
    0x00, 0x3F, 0xC0, 0x00, 0x00, 0x00, 0x0F, 0xD0, 0x00, 0x00, 0x00, 0x0F, 0xE0, 0x00, 0x00, 0x00,
    0x0F, 0xE0, 0x7F, 0x00, 0x00, 0x0F, 0xD0, 0x3F, 0x80, 0x00, 0x2F, 0xC0, 0x2F, 0xE0, 0x00, 0xBF,
    0x80, 0x0F, 0xFE, 0x6B, 0xFF, 0x00, 0x03, 0xFF, 0xFF, 0xFC, 0x00, 0x00, 0xBF, 0xFF, 0xD0, 0x00,
    0x00, 0x00, 0x00, 0x00, 0x00, 0x00, 0x00, 0x00, 0x00, 0x00, 0x00, 0x00, 0x02, 0xFE, 0x00, 0x00,
    0x00, 0x03, 0xFE, 0x00, 0x00, 0x00, 0x0F, 0xFE, 0x00, 0x00, 0x00, 0x3F, 0xFE, 0x00, 0x00, 0x00,
    0xBF, 0xFE, 0x00, 0x00, 0x00, 0xFC, 0xBE, 0x00, 0x00, 0x03, 0xF8, 0xBE, 0x00, 0x00, 0x0F, 0xE0,
    0xBE, 0x00, 0x00, 0x2F, 0xC0, 0xBE, 0x00, 0x00, 0xBF, 0x00, 0xBE, 0x00, 0x00, 0xFD, 0x00, 0xBE,
    0x00, 0x03, 0xF8, 0x00, 0xBE, 0x00, 0x0F, 0xF0, 0x00, 0xBE, 0x00, 0x2F, 0xC0, 0x00, 0xBE, 0x00,
    0x7F, 0x00, 0x00, 0xFE, 0x00, 0xBF, 0xFF, 0xFF, 0xFF, 0xFF, 0xBF, 0xFF, 0xFF, 0xFF, 0xFF, 0xBF,
    0xFF, 0xFF, 0xFF, 0xFF, 0x00, 0x00, 0x00, 0xFE, 0x00, 0x00, 0x00, 0x00, 0xBE, 0x00, 0x00, 0x00,
    0x00, 0xBE, 0x00, 0x00, 0x00, 0x00, 0xBE, 0x00, 0x00, 0x00, 0x00, 0xBE, 0x00, 0x00, 0x00, 0x00,
    0xBE, 0x00, 0x00, 0x00, 0x00, 0x00, 0x00, 0x03, 0xFF, 0xFF, 0xFF, 0xC0, 0x03, 0xFF, 0xFF, 0xFF,
    0xC0, 0x03, 0xFF, 0xFF, 0xFF, 0xC0, 0x0B, 0xE0, 0x00, 0x00, 0x00, 0x0B, 0xD0, 0x00, 0x00, 0x00,
    0x0B, 0xC0, 0x00, 0x00, 0x00, 0x0F, 0xC0, 0x00, 0x00, 0x00, 0x0F, 0xC0, 0x14, 0x00, 0x00, 0x0F,
    0xCF, 0xFF, 0xE0, 0x00, 0x0F, 0xFF, 0xFF, 0xFC, 0x00, 0x0F, 0xFE, 0x9B, 0xFF, 0x00, 0x2F, 0xF0,
    0x00, 0xBF, 0xC0, 0x06, 0xC0, 0x00, 0x2F, 0xC0, 0x00, 0x00, 0x00, 0x0F, 0xE0, 0x00, 0x00, 0x00,
    0x0B, 0xE0, 0x00, 0x00, 0x00, 0x0B, 0xF0, 0x00, 0x00, 0x00, 0x0B, 0xF0, 0x02, 0x00, 0x00, 0x0B,
    0xE0, 0x3F, 0x40, 0x00, 0x0F, 0xE0, 0x3F, 0xC0, 0x00, 0x2F, 0xC0, 0x0F, 0xE0, 0x00, 0xBF, 0x80,
    0x0B, 0xFE, 0x9B, 0xFF, 0x00, 0x02, 0xFF, 0xFF, 0xFC, 0x00, 0x00, 0x2F, 0xFF, 0xD0, 0x00, 0x00,
    0x00, 0x00, 0x00, 0x00, 0x00, 0x02, 0xAA, 0x00, 0x00, 0x00, 0x3F, 0xFF, 0xF0, 0x00, 0x00, 0xFF,
    0xFF, 0xFC, 0x00, 0x03, 0xFC, 0x02, 0xFF, 0x00, 0x0F, 0xF0, 0x00, 0x7E, 0x00, 0x1F, 0xC0, 0x00,
    0x00, 0x00, 0x3F, 0x80, 0x00, 0x00, 0x00, 0x3F, 0x00, 0x00, 0x00, 0x00, 0x7F, 0x00, 0x00, 0x00,
    0x00, 0xBE, 0x0B, 0xFF, 0x80, 0x00, 0xBE, 0xBF, 0xFF, 0xF8, 0x00, 0xFF, 0xFF, 0xAF, 0xFE, 0x00,
    0xFF, 0xF0, 0x01, 0xFF, 0x00, 0xFF, 0xC0, 0x00, 0x3F, 0xC0, 0xFF, 0x40, 0x00, 0x2F, 0xC0, 0xFF,
    0x00, 0x00, 0x0F, 0xC0, 0xFF, 0x00, 0x00, 0x0F, 0xD0, 0xBF, 0x00, 0x00, 0x0F, 0xD0, 0x7F, 0x00,
    0x00, 0x0F, 0xC0, 0x3F, 0x00, 0x00, 0x2F, 0xC0, 0x3F, 0xC0, 0x00, 0x3F, 0x80, 0x0F, 0xE0, 0x00,
    0xFF, 0x00, 0x0B, 0xFE, 0xAB, 0xFE, 0x00, 0x02, 0xFF, 0xFF, 0xF8, 0x00, 0x00, 0x7F, 0xFF, 0x80,
    0x00, 0x00, 0x00, 0x00, 0x00, 0x00, 0x00, 0x00, 0x00, 0x00, 0x00, 0xBF, 0xFF, 0xFF, 0xFF, 0xC0,
    0xBF, 0xFF, 0xFF, 0xFF, 0xC0, 0x7F, 0xFF, 0xFF, 0xFF, 0xC0, 0x00, 0x00, 0x00, 0x2F, 0xC0, 0x00,
    0x00, 0x00, 0x3F, 0x40, 0x00, 0x00, 0x00, 0xBF, 0x00, 0x00, 0x00, 0x00, 0xFE, 0x00, 0x00, 0x00,
    0x02, 0xFC, 0x00, 0x00, 0x00, 0x03, 0xF8, 0x00, 0x00, 0x00, 0x0B, 0xF0, 0x00, 0x00, 0x00, 0x0F,
    0xE0, 0x00, 0x00, 0x00, 0x2F, 0xC0, 0x00, 0x00, 0x00, 0x3F, 0x80, 0x00, 0x00, 0x00, 0xBF, 0x00,
    0x00, 0x00, 0x00, 0xFE, 0x00, 0x00, 0x00, 0x02, 0xFC, 0x00, 0x00, 0x00, 0x03, 0xFC, 0x00, 0x00,
    0x00, 0x0B, 0xF0, 0x00, 0x00, 0x00, 0x0F, 0xF0, 0x00, 0x00, 0x00, 0x2F, 0xC0, 0x00, 0x00, 0x00,
    0x3F, 0xC0, 0x00, 0x00, 0x00, 0xBF, 0x40, 0x00, 0x00, 0x00, 0xFF, 0x00, 0x00, 0x00, 0x02, 0xFE,
    0x00, 0x00, 0x00, 0x00, 0x02, 0xA8, 0x00, 0x00, 0x00, 0x2F, 0xFF, 0xC0, 0x00, 0x00, 0xFF, 0xFF,
    0xF0, 0x00, 0x02, 0xFE, 0x0B, 0xFC, 0x00, 0x03, 0xF0, 0x00, 0xFC, 0x00, 0x07, 0xE0, 0x00, 0xBE,
    0x00, 0x0B, 0xD0, 0x00, 0x3E, 0x00, 0x0B, 0xD0, 0x00, 0x3E, 0x00, 0x03, 0xE0, 0x00, 0xBE, 0x00,
    0x03, 0xF8, 0x01, 0xFC, 0x00, 0x01, 0xFE, 0xAB, 0xF8, 0x00, 0x00, 0xFF, 0xFF, 0xF0, 0x00, 0x03,
    0xFF, 0xFF, 0xFC, 0x00, 0x0F, 0xFE, 0xAB, 0xFF, 0x40, 0x3F, 0xE0, 0x00, 0xBF, 0xC0, 0xBF, 0x80,
    0x00, 0x1F, 0xE0, 0xBF, 0x00, 0x00, 0x0B, 0xF0, 0xFE, 0x00, 0x00, 0x0B, 0xF0, 0xFE, 0x00, 0x00,
    0x0B, 0xF0, 0xBF, 0x00, 0x00, 0x0B, 0xF0, 0xBF, 0x80, 0x00, 0x0F, 0xE0, 0x3F, 0xE0, 0x00, 0x7F,
    0xC0, 0x0F, 0xFE, 0xAB, 0xFF, 0x80, 0x03, 0xFF, 0xFF, 0xFE, 0x00, 0x00, 0xBF, 0xFF, 0xE0, 0x00,
    0x00, 0x00, 0x00, 0x00, 0x00, 0x00, 0x06, 0xA8, 0x00, 0x00, 0x00, 0xBF, 0xFF, 0xC0, 0x00, 0x03,
    0xFF, 0xFF, 0xF8, 0x00, 0x0F, 0xFF, 0xAF, 0xFE, 0x00, 0x2F, 0xE0, 0x00, 0xFF, 0x00, 0x3F, 0x80,
    0x00, 0x3F, 0x80, 0xBF, 0x00, 0x00, 0x2F, 0xC0, 0xBE, 0x00, 0x00, 0x0F, 0xC0, 0xFD, 0x00, 0x00,
    0x0F, 0xD0, 0xFD, 0x00, 0x00, 0x0F, 0xD0, 0xBE, 0x00, 0x00, 0x0F, 0xC0, 0xBF, 0x00, 0x00, 0x2F,
    0xC0, 0x3F, 0x80, 0x00, 0x3F, 0xC0, 0x2F, 0xF0, 0x01, 0xFF, 0x00, 0x0F, 0xFF, 0xAF, 0xFF, 0x00,
    0x03, 0xFF, 0xFF, 0xFC, 0x00, 0x00, 0xBF, 0xFF, 0xF8, 0x00, 0x00, 0x06, 0xAF, 0xF0, 0x00, 0x00,
    0x00, 0x0F, 0xE0, 0x00, 0x00, 0x00, 0x3F, 0xC0, 0x00, 0x00, 0x00, 0xBF, 0x00, 0x00, 0x00, 0x00,
    0xFE, 0x00, 0x00, 0x00, 0x03, 0xFC, 0x00, 0x00, 0x00, 0x0B, 0xF8, 0x00, 0x00, 0x00, 0x0F, 0xF0,
    0x00, 0x00, 0x00, 0x00, 0x3F, 0x80, 0xBF, 0xC0, 0xBF, 0xC0, 0x3F, 0x80, 0x04, 0x00, 0x00, 0x00,
    0x00, 0x00, 0x00, 0x00, 0x00, 0x00, 0x00, 0x00, 0x00, 0x00, 0x00, 0x00, 0x00, 0x00, 0x04, 0x00,
    0x3F, 0x80, 0xBF, 0xC0, 0xBF, 0xC0, 0x3F, 0x80, 0x00, 0x00, 0x00, 0x00, 0x3F, 0x80, 0xBF, 0xC0,
    0xBF, 0xC0, 0x3F, 0x80, 0x04, 0x00, 0x00, 0x00, 0x00, 0x00, 0x00, 0x00, 0x00, 0x00, 0x00, 0x00,
    0x00, 0x00, 0x00, 0x00, 0x00, 0x00, 0x04, 0x00, 0x3F, 0x80, 0xBF, 0xC0, 0xBF, 0xC0, 0x3F, 0x80,
    0x0F, 0x00, 0x0F, 0x00, 0x2E, 0x00, 0x3C, 0x00, 0x28, 0x00, 0x00, 0x00, 0x00, 0x00, 0x00, 0x00,
    0x00, 0x00, 0x00, 0xA0, 0x00, 0x00, 0x00, 0x0F, 0xE0, 0x00, 0x00, 0x02, 0xFF, 0xE0, 0x00, 0x00,
    0x2F, 0xFF, 0xC0, 0x00, 0x02, 0xFF, 0xF8, 0x00, 0x00, 0x3F, 0xFF, 0x80, 0x00, 0x07, 0xFF, 0xF0,
    0x00, 0x00, 0x7F, 0xFE, 0x00, 0x00, 0x00, 0xBF, 0xE0, 0x00, 0x00, 0x00, 0xBF, 0xE0, 0x00, 0x00,
    0x00, 0x3F, 0xFF, 0x40, 0x00, 0x00, 0x02, 0xFF, 0xF8, 0x00, 0x00, 0x00, 0x2F, 0xFF, 0x80, 0x00,
    0x00, 0x02, 0xFF, 0xFD, 0x00, 0x00, 0x00, 0x1F, 0xFF, 0xC0, 0x00, 0x00, 0x00, 0xFF, 0xE0, 0x00,
    0x00, 0x00, 0x0B, 0xE0, 0x00, 0x00, 0x00, 0x00, 0xA0, 0x00, 0x00, 0x00, 0x00, 0x00, 0x3F, 0xFF,
    0xFF, 0xFF, 0xFC, 0x3F, 0xFF, 0xFF, 0xFF, 0xFC, 0x3F, 0xFF, 0xFF, 0xFF, 0xFC, 0x00, 0x00, 0x00,
    0x00, 0x00, 0x00, 0x00, 0x00, 0x00, 0x00, 0x00, 0x00, 0x00, 0x00, 0x00, 0x2A, 0xAA, 0xAA, 0xAA,
    0xA4, 0x3F, 0xFF, 0xFF, 0xFF, 0xFC, 0x3F, 0xFF, 0xFF, 0xFF, 0xFC, 0x2A, 0xAA, 0xAA, 0xAA, 0xA8,
    0x00, 0x00, 0x00, 0x00, 0x00, 0xA0, 0x00, 0x00, 0x00, 0x00, 0xBF, 0x00, 0x00, 0x00, 0x00, 0xBF,
    0xF4, 0x00, 0x00, 0x00, 0x3F, 0xFF, 0x80, 0x00, 0x00, 0x02, 0xFF, 0xF8, 0x00, 0x00, 0x00, 0x2F,
    0xFF, 0x80, 0x00, 0x00, 0x01, 0xFF, 0xFC, 0x00, 0x00, 0x00, 0x0B, 0xFF, 0xC0, 0x00, 0x00, 0x00,
    0xBF, 0xE0, 0x00, 0x00, 0x00, 0xBF, 0xE0, 0x00, 0x00, 0x1F, 0xFF, 0xC0, 0x00, 0x02, 0xFF, 0xF8,
    0x00, 0x00, 0x2F, 0xFF, 0x80, 0x00, 0x07, 0xFF, 0xF8, 0x00, 0x00, 0x7F, 0xFF, 0x00, 0x00, 0x00,
    0xBF, 0xE0, 0x00, 0x00, 0x00, 0xBE, 0x00, 0x00, 0x00, 0x00, 0xA0, 0x00, 0x00, 0x00, 0x00, 0x00,
    0x0A, 0xA8, 0x00, 0x00, 0x01, 0xFF, 0xFF, 0xC0, 0x00, 0x0B, 0xFF, 0xFF, 0xF8, 0x00, 0x2F, 0xF0,
    0x0B, 0xFC, 0x00, 0x3F, 0x80, 0x00, 0xFE, 0x00, 0xBF, 0x00, 0x00, 0xBF, 0x00, 0x1A, 0x00, 0x00,
    0x7F, 0x00, 0x00, 0x00, 0x00, 0xBF, 0x00, 0x00, 0x00, 0x00, 0xFE, 0x00, 0x00, 0x00, 0x03, 0xFC,
    0x00, 0x00, 0x00, 0x0F, 0xF4, 0x00, 0x00, 0x00, 0xBF, 0xE0, 0x00, 0x00, 0x02, 0xFF, 0x40, 0x00,
    0x00, 0x0B, 0xFC, 0x00, 0x00, 0x00, 0x0F, 0xE0, 0x00, 0x00, 0x00, 0x2F, 0xC0, 0x00, 0x00, 0x00,
    0x2F, 0xC0, 0x00, 0x00, 0x00, 0x2F, 0x80, 0x00, 0x00, 0x00, 0x00, 0x00, 0x00, 0x00, 0x00, 0x00,
    0x00, 0x00, 0x00, 0x00, 0x00, 0x00, 0x00, 0x00, 0x00, 0x3F, 0xC0, 0x00, 0x00, 0x00, 0x3F, 0xE0,
    0x00, 0x00, 0x00, 0x3F, 0xE0, 0x00, 0x00, 0x00, 0x2F, 0xC0, 0x00, 0x00, 0x00, 0x00, 0x00, 0x00,
    0x00, 0x00, 0x00, 0x06, 0xAA, 0x00, 0x00, 0x00, 0x00, 0x00, 0xFF, 0xFF, 0xF8, 0x00, 0x00, 0x00,
    0x0F, 0xFF, 0xEF, 0xFF, 0x40, 0x00, 0x00, 0x3F, 0xE0, 0x00, 0x2F, 0xE0, 0x00, 0x00, 0xFE, 0x00,
    0x00, 0x03, 0xF8, 0x00, 0x03, 0xF4, 0x00, 0x00, 0x00, 0xFE, 0x00, 0x0B, 0xE0, 0x02, 0xFF, 0x90,
    0x3F, 0x00, 0x0F, 0x80, 0x2F, 0xFF, 0xF0, 0x0F, 0x80, 0x2F, 0x00, 0xFF, 0xFF, 0xF0, 0x0B, 0xC0,
    0x3E, 0x02, 0xFE, 0x03, 0xF0, 0x07, 0xC0, 0x3D, 0x03, 0xF8, 0x03, 0xF0, 0x03, 0xC0, 0x3C, 0x03,
    0xF0, 0x03, 0xF0, 0x03, 0xC0, 0x3C, 0x03, 0xF0, 0x03, 0xF0, 0x03, 0xC0, 0x3C, 0x03, 0xF0, 0x03,
    0xF0, 0x03, 0xC0, 0x3C, 0x03, 0xF0, 0x03, 0xF0, 0x0B, 0xC0, 0x3E, 0x03, 0xF8, 0x0F, 0xF4, 0x0F,
    0xC0, 0x2F, 0x02, 0xFE, 0xBF, 0xFE, 0xBF, 0x00, 0x1F, 0x00, 0xFF, 0xFF, 0xFF, 0xFE, 0x00, 0x0F,
    0xC0, 0x3F, 0xF8, 0x3F, 0xF8, 0x00, 0x07, 0xE0, 0x00, 0x00, 0x00, 0x00, 0x00, 0x02, 0xF8, 0x00,
    0x00, 0x00, 0x00, 0x00, 0x00, 0xFF, 0x00, 0x00, 0x00, 0x00, 0x00, 0x00, 0x2F, 0xF8, 0x00, 0xB0,
    0x00, 0x00, 0x00, 0x07, 0xFF, 0xFF, 0xF0, 0x00, 0x00, 0x00, 0x00, 0x6F, 0xFF, 0xE0, 0x00, 0x00,
    0x00, 0x00, 0x00, 0x00, 0x00, 0x00, 0x00, 0x00, 0x00, 0x00, 0x00, 0x00, 0x00, 0x00, 0x00, 0x3F,
    0xE0, 0x00, 0x00, 0x00, 0x00, 0x7F, 0xF0, 0x00, 0x00, 0x00, 0x00, 0xFF, 0xF0, 0x00, 0x00, 0x00,
    0x00, 0xFF, 0xF8, 0x00, 0x00, 0x00, 0x02, 0xFE, 0xFC, 0x00, 0x00, 0x00, 0x03, 0xF8, 0xFE, 0x00,
    0x00, 0x00, 0x03, 0xF0, 0xBF, 0x00, 0x00, 0x00, 0x0B, 0xF0, 0x3F, 0x00, 0x00, 0x00, 0x0F, 0xE0,
    0x3F, 0x80, 0x00, 0x00, 0x1F, 0xC0, 0x2F, 0xC0, 0x00, 0x00, 0x3F, 0xC0, 0x0F, 0xC0, 0x00, 0x00,
    0x3F, 0x80, 0x0F, 0xE0, 0x00, 0x00, 0xBF, 0x00, 0x0B, 0xF0, 0x00, 0x00, 0xFE, 0x00, 0x03, 0xF8,
    0x00, 0x00, 0xFD, 0x00, 0x03, 0xFC, 0x00, 0x02, 0xFE, 0x55, 0x57, 0xFC, 0x00, 0x03, 0xFF, 0xFF,
    0xFF, 0xFE, 0x00, 0x07, 0xFF, 0xFF, 0xFF, 0xFF, 0x00, 0x0F, 0xFA, 0xAA, 0xAA, 0xFF, 0x00, 0x0F,
    0xE0, 0x00, 0x00, 0x3F, 0x80, 0x2F, 0xC0, 0x00, 0x00, 0x2F, 0xC0, 0x3F, 0xC0, 0x00, 0x00, 0x1F,
    0xD0, 0x3F, 0x80, 0x00, 0x00, 0x0F, 0xF0, 0xBF, 0x00, 0x00, 0x00, 0x0B, 0xF0, 0x00, 0x00, 0x00,
    0x00, 0x00, 0x3F, 0xFF, 0xFF, 0xF8, 0x00, 0x3F, 0xFF, 0xFF, 0xFF, 0x00, 0x3F, 0xEA, 0xAB, 0xFF,
    0xC0, 0x3F, 0x00, 0x00, 0x3F, 0xE0, 0x3F, 0x00, 0x00, 0x0F, 0xF0, 0x3F, 0x00, 0x00, 0x0F, 0xF0,
    0x3F, 0x00, 0x00, 0x0B, 0xF0, 0x3F, 0x00, 0x00, 0x0F, 0xE0, 0x3F, 0x00, 0x00, 0x1F, 0xD0, 0x3F,
    0x00, 0x00, 0xBF, 0xC0, 0x3F, 0xFF, 0xFF, 0xFF, 0x00, 0x3F, 0xFF, 0xFF, 0xFF, 0x00, 0x3F, 0xFF,
    0xFF, 0xFF, 0xC0, 0x3F, 0x00, 0x00, 0x2F, 0xF0, 0x3F, 0x00, 0x00, 0x0B, 0xF8, 0x3F, 0x00, 0x00,
    0x03, 0xFC, 0x3F, 0x00, 0x00, 0x02, 0xFC, 0x3F, 0x00, 0x00, 0x03, 0xFC, 0x3F, 0x00, 0x00, 0x03,
    0xFC, 0x3F, 0x00, 0x00, 0x0B, 0xF8, 0x3F, 0x00, 0x00, 0x2F, 0xF0, 0x3F, 0xFF, 0xFF, 0xFF, 0xC0,
    0x3F, 0xFF, 0xFF, 0xFF, 0x00, 0x3F, 0xFF, 0xFF, 0xE0, 0x00, 0x00, 0x00, 0x1A, 0xA4, 0x00, 0x00,
    0x00, 0x07, 0xFF, 0xFF, 0x80, 0x00, 0x00, 0x3F, 0xFF, 0xFF, 0xF8, 0x00, 0x00, 0xFF, 0xF8, 0x6F,
    0xFE, 0x00, 0x03, 0xFF, 0x00, 0x00, 0xFF, 0x40, 0x0B, 0xFC, 0x00, 0x00, 0x3F, 0xC0, 0x0F, 0xF0,
    0x00, 0x00, 0x0E, 0x00, 0x1F, 0xE0, 0x00, 0x00, 0x00, 0x00, 0x2F, 0xC0, 0x00, 0x00, 0x00, 0x00,
    0x3F, 0xC0, 0x00, 0x00, 0x00, 0x00, 0x3F, 0x80, 0x00, 0x00, 0x00, 0x00, 0x3F, 0x80, 0x00, 0x00,
    0x00, 0x00, 0x3F, 0x40, 0x00, 0x00, 0x00, 0x00, 0x3F, 0x40, 0x00, 0x00, 0x00, 0x00, 0x3F, 0x80,
    0x00, 0x00, 0x00, 0x00, 0x3F, 0x80, 0x00, 0x00, 0x00, 0x00, 0x3F, 0xC0, 0x00, 0x00, 0x00, 0x00,
    0x2F, 0xC0, 0x00, 0x00, 0x00, 0x00, 0x0F, 0xE0, 0x00, 0x00, 0x00, 0x00, 0x0F, 0xF0, 0x00, 0x00,
    0x1F, 0x80, 0x03, 0xFC, 0x00, 0x00, 0x3F, 0xC0, 0x02, 0xFF, 0x80, 0x02, 0xFF, 0x00, 0x00, 0xBF,
    0xFE, 0xBF, 0xFE, 0x00, 0x00, 0x2F, 0xFF, 0xFF, 0xF0, 0x00, 0x00, 0x02, 0xFF, 0xFF, 0x40, 0x00,
    0x00, 0x00, 0x00, 0x00, 0x00, 0x00, 0x00, 0x00, 0x00, 0x00, 0x00, 0x00, 0x3F, 0xFF, 0xFF, 0x90,
    0x00, 0x00, 0x3F, 0xFF, 0xFF, 0xFE, 0x00, 0x00, 0x3F, 0xEB, 0xFF, 0xFF, 0xC0, 0x00, 0x3F, 0x00,
    0x00, 0xBF, 0xF0, 0x00, 0x3F, 0x00, 0x00, 0x0F, 0xF8, 0x00, 0x3F, 0x00, 0x00, 0x03, 0xFC, 0x00,
    0x3F, 0x00, 0x00, 0x00, 0xFE, 0x00, 0x3F, 0x00, 0x00, 0x00, 0xFF, 0x00, 0x3F, 0x00, 0x00, 0x00,
    0xBF, 0x00, 0x3F, 0x00, 0x00, 0x00, 0x3F, 0x00, 0x3F, 0x00, 0x00, 0x00, 0x3F, 0x40, 0x3F, 0x00,
    0x00, 0x00, 0x3F, 0x80, 0x3F, 0x00, 0x00, 0x00, 0x3F, 0x80, 0x3F, 0x00, 0x00, 0x00, 0x3F, 0x40,
    0x3F, 0x00, 0x00, 0x00, 0x3F, 0x00, 0x3F, 0x00, 0x00, 0x00, 0xBF, 0x00, 0x3F, 0x00, 0x00, 0x00,
    0xFF, 0x00, 0x3F, 0x00, 0x00, 0x02, 0xFE, 0x00, 0x3F, 0x00, 0x00, 0x03, 0xFC, 0x00, 0x3F, 0x00,
    0x00, 0x2F, 0xF8, 0x00, 0x3F, 0x00, 0x06, 0xFF, 0xE0, 0x00, 0x3F, 0xFF, 0xFF, 0xFF, 0x80, 0x00,
    0x3F, 0xFF, 0xFF, 0xF8, 0x00, 0x00, 0x3F, 0xFF, 0xFA, 0x40, 0x00, 0x00, 0x00, 0x00, 0x00, 0x00,
    0x00, 0x3F, 0xFF, 0xFF, 0xFF, 0xC0, 0x3F, 0xFF, 0xFF, 0xFF, 0xC0, 0x3F, 0xFF, 0xFF, 0xFF, 0xC0,
    0x3F, 0x00, 0x00, 0x00, 0x00, 0x3F, 0x00, 0x00, 0x00, 0x00, 0x3F, 0x00, 0x00, 0x00, 0x00, 0x3F,
    0x00, 0x00, 0x00, 0x00, 0x3F, 0x00, 0x00, 0x00, 0x00, 0x3F, 0x00, 0x00, 0x00, 0x00, 0x3F, 0x00,
    0x00, 0x00, 0x00, 0x3F, 0xFF, 0xFF, 0xE0, 0x00, 0x3F, 0xFF, 0xFF, 0xE0, 0x00, 0x3F, 0xFF, 0xFF,
    0xE0, 0x00, 0x3F, 0x00, 0x00, 0x00, 0x00, 0x3F, 0x00, 0x00, 0x00, 0x00, 0x3F, 0x00, 0x00, 0x00,
    0x00, 0x3F, 0x00, 0x00, 0x00, 0x00, 0x3F, 0x00, 0x00, 0x00, 0x00, 0x3F, 0x00, 0x00, 0x00, 0x00,
    0x3F, 0x00, 0x00, 0x00, 0x00, 0x3F, 0x00, 0x00, 0x00, 0x00, 0x3F, 0xFF, 0xFF, 0xFF, 0xC0, 0x3F,
    0xFF, 0xFF, 0xFF, 0xC0, 0x3F, 0xFF, 0xFF, 0xFF, 0xC0, 0x00, 0x00, 0x00, 0x00, 0x00, 0x3F, 0xFF,
    0xFF, 0xFF, 0x80, 0x3F, 0xFF, 0xFF, 0xFF, 0x80, 0x3F, 0xFF, 0xFF, 0xFF, 0x00, 0x3F, 0x00, 0x00,
    0x00, 0x00, 0x3F, 0x00, 0x00, 0x00, 0x00, 0x3F, 0x00, 0x00, 0x00, 0x00, 0x3F, 0x00, 0x00, 0x00,
    0x00, 0x3F, 0x00, 0x00, 0x00, 0x00, 0x3F, 0x00, 0x00, 0x00, 0x00, 0x3F, 0x00, 0x00, 0x00, 0x00,
    0x3F, 0xFF, 0xFF, 0xFF, 0x80, 0x3F, 0xFF, 0xFF, 0xFF, 0x80, 0x3F, 0xFF, 0xFF, 0xFF, 0x80, 0x3F,
    0x00, 0x00, 0x00, 0x00, 0x3F, 0x00, 0x00, 0x00, 0x00, 0x3F, 0x00, 0x00, 0x00, 0x00, 0x3F, 0x00,
    0x00, 0x00, 0x00, 0x3F, 0x00, 0x00, 0x00, 0x00, 0x3F, 0x00, 0x00, 0x00, 0x00, 0x3F, 0x00, 0x00,
    0x00, 0x00, 0x3F, 0x00, 0x00, 0x00, 0x00, 0x3F, 0x00, 0x00, 0x00, 0x00, 0x3F, 0x00, 0x00, 0x00,
    0x00, 0x3F, 0x00, 0x00, 0x00, 0x00, 0x00, 0x00, 0x1A, 0xA4, 0x00, 0x00, 0x00, 0x07, 0xFF, 0xFF,
    0x80, 0x00, 0x00, 0x3F, 0xFF, 0xFF, 0xF8, 0x00, 0x00, 0xFF, 0xF8, 0x6F, 0xFE, 0x00, 0x03, 0xFF,
    0x00, 0x00, 0xFF, 0x80, 0x0B, 0xFC, 0x00, 0x00, 0x3F, 0xC0, 0x0F, 0xF0, 0x00, 0x00, 0x0E, 0x00,
    0x1F, 0xE0, 0x00, 0x00, 0x00, 0x00, 0x2F, 0xC0, 0x00, 0x00, 0x00, 0x00, 0x3F, 0xC0, 0x00, 0x00,
    0x00, 0x00, 0x3F, 0x80, 0x00, 0x00, 0x00, 0x00, 0x3F, 0x80, 0x00, 0x00, 0x00, 0x00, 0x3F, 0x40,
    0x00, 0xAA, 0xAA, 0xA0, 0x3F, 0x40, 0x00, 0xFF, 0xFF, 0xF0, 0x3F, 0x80, 0x00, 0xFF, 0xFF, 0xF0,
    0x3F, 0x80, 0x00, 0xAA, 0xAB, 0xF0, 0x3F, 0xC0, 0x00, 0x00, 0x03, 0xF0, 0x2F, 0xC0, 0x00, 0x00,
    0x03, 0xF0, 0x0F, 0xE0, 0x00, 0x00, 0x0B, 0xF0, 0x0F, 0xF0, 0x00, 0x00, 0x0F, 0xF0, 0x03, 0xFC,
    0x00, 0x00, 0x3F, 0xF0, 0x02, 0xFF, 0x80, 0x01, 0xFF, 0xF0, 0x00, 0xBF, 0xFE, 0xBF, 0xFF, 0xF0,
    0x00, 0x2F, 0xFF, 0xFF, 0xF0, 0xF0, 0x00, 0x02, 0xFF, 0xFF, 0x40, 0xF0, 0x00, 0x00, 0x00, 0x00,
    0x00, 0x00, 0x00, 0x00, 0x00, 0x00, 0x00, 0x00, 0x3F, 0x00, 0x00, 0x00, 0x3F, 0x00, 0x3F, 0x00,
    0x00, 0x00, 0x3F, 0x00, 0x3F, 0x00, 0x00, 0x00, 0x3F, 0x00, 0x3F, 0x00, 0x00, 0x00, 0x3F, 0x00,
    0x3F, 0x00, 0x00, 0x00, 0x3F, 0x00, 0x3F, 0x00, 0x00, 0x00, 0x3F, 0x00, 0x3F, 0x00, 0x00, 0x00,
    0x3F, 0x00, 0x3F, 0x00, 0x00, 0x00, 0x3F, 0x00, 0x3F, 0x00, 0x00, 0x00, 0x3F, 0x00, 0x3F, 0x00,
    0x00, 0x00, 0x7F, 0x00, 0x3F, 0xFF, 0xFF, 0xFF, 0xFF, 0x00, 0x3F, 0xFF, 0xFF, 0xFF, 0xFF, 0x00,
    0x3F, 0xFF, 0xFF, 0xFF, 0xFF, 0x00, 0x3F, 0x00, 0x00, 0x00, 0x7F, 0x00, 0x3F, 0x00, 0x00, 0x00,
    0x3F, 0x00, 0x3F, 0x00, 0x00, 0x00, 0x3F, 0x00, 0x3F, 0x00, 0x00, 0x00, 0x3F, 0x00, 0x3F, 0x00,
    0x00, 0x00, 0x3F, 0x00, 0x3F, 0x00, 0x00, 0x00, 0x3F, 0x00, 0x3F, 0x00, 0x00, 0x00, 0x3F, 0x00,
    0x3F, 0x00, 0x00, 0x00, 0x3F, 0x00, 0x3F, 0x00, 0x00, 0x00, 0x3F, 0x00, 0x3F, 0x00, 0x00, 0x00,
    0x3F, 0x00, 0x3F, 0x00, 0x00, 0x00, 0x3F, 0x00, 0x00, 0x00, 0x00, 0xBF, 0xFF, 0xF8, 0xBF, 0xFF,
    0xF8, 0x6A, 0xFE, 0xA0, 0x00, 0xFC, 0x00, 0x00, 0xFC, 0x00, 0x00, 0xFC, 0x00, 0x00, 0xFC, 0x00,
    0x00, 0xFC, 0x00, 0x00, 0xFC, 0x00, 0x00, 0xFC, 0x00, 0x00, 0xFC, 0x00, 0x00, 0xFC, 0x00, 0x00,
    0xFC, 0x00, 0x00, 0xFC, 0x00, 0x00, 0xFC, 0x00, 0x00, 0xFC, 0x00, 0x00, 0xFC, 0x00, 0x00, 0xFC,
    0x00, 0x00, 0xFC, 0x00, 0x00, 0xFC, 0x00, 0x00, 0xFC, 0x00, 0xBF, 0xFF, 0xF8, 0xBF, 0xFF, 0xF8,
    0xBF, 0xFF, 0xF8, 0x00, 0x00, 0x00, 0x00, 0x00, 0x00, 0x00, 0xFE, 0x00, 0x00, 0x00, 0xFE, 0x00,
    0x00, 0x00, 0xFE, 0x00, 0x00, 0x00, 0xFE, 0x00, 0x00, 0x00, 0xFE, 0x00, 0x00, 0x00, 0xFE, 0x00,
    0x00, 0x00, 0xFE, 0x00, 0x00, 0x00, 0xFE, 0x00, 0x00, 0x00, 0xFE, 0x00, 0x00, 0x00, 0xFE, 0x00,
    0x00, 0x00, 0xFE, 0x00, 0x00, 0x00, 0xFE, 0x00, 0x00, 0x00, 0xFE, 0x00, 0x00, 0x00, 0xFE, 0x00,
    0x00, 0x00, 0xFE, 0x00, 0x00, 0x00, 0xFE, 0x0A, 0x00, 0x00, 0xFE, 0xBF, 0x00, 0x00, 0xFE, 0x7F,
    0x00, 0x00, 0xFE, 0x3F, 0x80, 0x02, 0xFC, 0x3F, 0xE0, 0x0B, 0xFC, 0x0F, 0xFE, 0xBF, 0xF0, 0x07,
    0xFF, 0xFF, 0xE0, 0x00, 0xBF, 0xFF, 0x00, 0x00, 0x00, 0x00, 0x00, 0x00, 0x00, 0x00, 0x00, 0x00,
    0x00, 0x3F, 0x00, 0x00, 0x0F, 0xF8, 0x00, 0x3F, 0x00, 0x00, 0x2F, 0xF0, 0x00, 0x3F, 0x00, 0x00,
    0xBF, 0xC0, 0x00, 0x3F, 0x00, 0x02, 0xFF, 0x00, 0x00, 0x3F, 0x00, 0x0B, 0xFC, 0x00, 0x00, 0x3F,
    0x00, 0x0F, 0xF0, 0x00, 0x00, 0x3F, 0x00, 0x3F, 0xC0, 0x00, 0x00, 0x3F, 0x00, 0xFF, 0x00, 0x00,
    0x00, 0x3F, 0x03, 0xFD, 0x00, 0x00, 0x00, 0x3F, 0x0F, 0xF8, 0x00, 0x00, 0x00, 0x3F, 0x3F, 0xF8,
    0x00, 0x00, 0x00, 0x3F, 0xFF, 0xFD, 0x00, 0x00, 0x00, 0x3F, 0xFF, 0xFF, 0x00, 0x00, 0x00, 0x3F,
    0xFC, 0xBF, 0xC0, 0x00, 0x00, 0x3F, 0xF0, 0x3F, 0xE0, 0x00, 0x00, 0x3F, 0xC0, 0x0F, 0xF0, 0x00,
    0x00, 0x3F, 0x00, 0x0B, 0xFC, 0x00, 0x00, 0x3F, 0x00, 0x02, 0xFE, 0x00, 0x00, 0x3F, 0x00, 0x00,
    0xFF, 0x80, 0x00, 0x3F, 0x00, 0x00, 0x3F, 0xC0, 0x00, 0x3F, 0x00, 0x00, 0x2F, 0xF0, 0x00, 0x3F,
    0x00, 0x00, 0x0F, 0xF8, 0x00, 0x3F, 0x00, 0x00, 0x03, 0xFD, 0x00, 0x3F, 0x00, 0x00, 0x00, 0xFF,
    0x00, 0x00, 0x00, 0x00, 0x00, 0x00, 0x3F, 0x00, 0x00, 0x00, 0x00, 0x3F, 0x00, 0x00, 0x00, 0x00,
    0x3F, 0x00, 0x00, 0x00, 0x00, 0x3F, 0x00, 0x00, 0x00, 0x00, 0x3F, 0x00, 0x00, 0x00, 0x00, 0x3F,
    0x00, 0x00, 0x00, 0x00, 0x3F, 0x00, 0x00, 0x00, 0x00, 0x3F, 0x00, 0x00, 0x00, 0x00, 0x3F, 0x00,
    0x00, 0x00, 0x00, 0x3F, 0x00, 0x00, 0x00, 0x00, 0x3F, 0x00, 0x00, 0x00, 0x00, 0x3F, 0x00, 0x00,
    0x00, 0x00, 0x3F, 0x00, 0x00, 0x00, 0x00, 0x3F, 0x00, 0x00, 0x00, 0x00, 0x3F, 0x00, 0x00, 0x00,
    0x00, 0x3F, 0x00, 0x00, 0x00, 0x00, 0x3F, 0x00, 0x00, 0x00, 0x00, 0x3F, 0x00, 0x00, 0x00, 0x00,
    0x3F, 0x00, 0x00, 0x00, 0x00, 0x3F, 0x00, 0x00, 0x00, 0x00, 0x3F, 0x00, 0x00, 0x00, 0x00, 0x3F,
    0xFF, 0xFF, 0xFF, 0xC0, 0x3F, 0xFF, 0xFF, 0xFF, 0xC0, 0x3F, 0xFF, 0xFF, 0xFF, 0xC0, 0x00, 0x00,
    0x00, 0x00, 0x00, 0x00, 0x00, 0x3F, 0xF8, 0x00, 0x00, 0x03, 0xFF, 0xC0, 0x3F, 0xFC, 0x00, 0x00,
    0x0B, 0xFF, 0xC0, 0x3F, 0xFC, 0x00, 0x00, 0x0F, 0xFF, 0xC0, 0x3F, 0xFE, 0x00, 0x00, 0x0F, 0xFF,
    0xC0, 0x3F, 0xFF, 0x00, 0x00, 0x2F, 0xFF, 0xC0, 0x3F, 0xBF, 0x00, 0x00, 0x3F, 0xEF, 0xC0, 0x3F,
    0x3F, 0x80, 0x00, 0x3F, 0xAF, 0xC0, 0x3F, 0x2F, 0xC0, 0x00, 0xBF, 0x2F, 0xC0, 0x3F, 0x0F, 0xC0,
    0x00, 0xFF, 0x2F, 0xC0, 0x3F, 0x0F, 0xE0, 0x00, 0xFE, 0x2F, 0xC0, 0x3F, 0x0B, 0xF0, 0x02, 0xFC,
    0x2F, 0xC0, 0x3F, 0x03, 0xF0, 0x03, 0xFC, 0x2F, 0xC0, 0x3F, 0x03, 0xF8, 0x03, 0xF4, 0x2F, 0xC0,
    0x3F, 0x02, 0xFC, 0x07, 0xF0, 0x2F, 0xC0, 0x3F, 0x00, 0xFC, 0x0B, 0xE0, 0x2F, 0xC0, 0x3F, 0x00,
    0xFE, 0x0F, 0xD0, 0x2F, 0xC0, 0x3F, 0x00, 0xBF, 0x1F, 0xC0, 0x2F, 0xC0, 0x3F, 0x00, 0x3F, 0x2F,
    0x80, 0x2F, 0xC0, 0x3F, 0x00, 0x3F, 0xBF, 0x40, 0x2F, 0xC0, 0x3F, 0x00, 0x2F, 0xFF, 0x00, 0x2F,
    0xC0, 0x3F, 0x00, 0x0F, 0xFE, 0x00, 0x2F, 0xC0, 0x3F, 0x00, 0x0F, 0xFD, 0x00, 0x2F, 0xC0, 0x3F,
    0x00, 0x0B, 0xFC, 0x00, 0x2F, 0xC0, 0x3F, 0x00, 0x03, 0xF8, 0x00, 0x2F, 0xC0, 0x00, 0x00, 0x00,
    0x00, 0x00, 0x00, 0x3F, 0xF0, 0x00, 0x00, 0x7F, 0x00, 0x3F, 0xFC, 0x00, 0x00, 0x7F, 0x00, 0x3F,
    0xFC, 0x00, 0x00, 0x7F, 0x00, 0x3F, 0xFF, 0x00, 0x00, 0x7F, 0x00, 0x3F, 0xBF, 0x40, 0x00, 0x7F,
    0x00, 0x3F, 0x3F, 0xC0, 0x00, 0x7F, 0x00, 0x3F, 0x0F, 0xE0, 0x00, 0x7F, 0x00, 0x3F, 0x0F, 0xF0,
    0x00, 0x7F, 0x00, 0x3F, 0x03, 0xF8, 0x00, 0x7F, 0x00, 0x3F, 0x02, 0xFC, 0x00, 0x7F, 0x00, 0x3F,
    0x00, 0xFE, 0x00, 0x7F, 0x00, 0x3F, 0x00, 0xBF, 0x00, 0x7F, 0x00, 0x3F, 0x00, 0x3F, 0x80, 0x7F,
    0x00, 0x3F, 0x00, 0x2F, 0xC0, 0x7F, 0x00, 0x3F, 0x00, 0x0F, 0xF0, 0x7F, 0x00, 0x3F, 0x00, 0x0B,
    0xF0, 0x7F, 0x00, 0x3F, 0x00, 0x03, 0xFC, 0x7F, 0x00, 0x3F, 0x00, 0x02, 0xFC, 0x7F, 0x00, 0x3F,
    0x00, 0x00, 0xFF, 0xBF, 0x00, 0x3F, 0x00, 0x00, 0x7F, 0xFF, 0x00, 0x3F, 0x00, 0x00, 0x3F, 0xFF,
    0x00, 0x3F, 0x00, 0x00, 0x0F, 0xFF, 0x00, 0x3F, 0x00, 0x00, 0x0F, 0xFF, 0x00, 0x3F, 0x00, 0x00,
    0x03, 0xFF, 0x00, 0x00, 0x00, 0x2A, 0xA8, 0x00, 0x00, 0x00, 0x07, 0xFF, 0xFF, 0xE0, 0x00, 0x00,
    0x2F, 0xFF, 0xFF, 0xFC, 0x00, 0x00, 0xFF, 0xF9, 0x6F, 0xFF, 0x00, 0x02, 0xFF, 0x00, 0x00, 0xFF,
    0xC0, 0x07, 0xFC, 0x00, 0x00, 0x2F, 0xE0, 0x0F, 0xF0, 0x00, 0x00, 0x0F, 0xF0, 0x0F, 0xE0, 0x00,
    0x00, 0x03, 0xF8, 0x2F, 0xC0, 0x00, 0x00, 0x03, 0xFC, 0x3F, 0xC0, 0x00, 0x00, 0x02, 0xFC, 0x3F,
    0x80, 0x00, 0x00, 0x01, 0xFC, 0x3F, 0x80, 0x00, 0x00, 0x00, 0xFC, 0x3F, 0x40, 0x00, 0x00, 0x00,
    0xFE, 0x3F, 0x40, 0x00, 0x00, 0x00, 0xFD, 0x3F, 0x80, 0x00, 0x00, 0x00, 0xFC, 0x3F, 0x80, 0x00,
    0x00, 0x02, 0xFC, 0x3F, 0xC0, 0x00, 0x00, 0x02, 0xFC, 0x2F, 0xC0, 0x00, 0x00, 0x03, 0xF8, 0x0F,
    0xE0, 0x00, 0x00, 0x0B, 0xF4, 0x0F, 0xF4, 0x00, 0x00, 0x0F, 0xF0, 0x03, 0xFD, 0x00, 0x00, 0x3F,
    0xC0, 0x02, 0xFF, 0x80, 0x02, 0xFF, 0x80, 0x00, 0xBF, 0xFE, 0xBF, 0xFE, 0x00, 0x00, 0x1F, 0xFF,
    0xFF, 0xF8, 0x00, 0x00, 0x02, 0xFF, 0xFF, 0x80, 0x00, 0x00, 0x00, 0x00, 0x00, 0x00, 0x00, 0x00,
    0x00, 0x00, 0x00, 0x00, 0x3F, 0xFF, 0xFF, 0xE0, 0x00, 0x3F, 0xFF, 0xFF, 0xFF, 0x00, 0x3F, 0xEA,
    0xBF, 0xFF, 0xC0, 0x3F, 0x00, 0x00, 0x3F, 0xE0, 0x3F, 0x00, 0x00, 0x0F, 0xF0, 0x3F, 0x00, 0x00,
    0x0B, 0xF0, 0x3F, 0x00, 0x00, 0x03, 0xF0, 0x3F, 0x00, 0x00, 0x03, 0xF0, 0x3F, 0x00, 0x00, 0x0B,
    0xF0, 0x3F, 0x00, 0x00, 0x0F, 0xF0, 0x3F, 0x00, 0x00, 0x3F, 0xE0, 0x3F, 0xEA, 0xBF, 0xFF, 0xC0,
    0x3F, 0xFF, 0xFF, 0xFF, 0x00, 0x3F, 0xFF, 0xFF, 0xF4, 0x00, 0x3F, 0x80, 0x00, 0x00, 0x00, 0x3F,
    0x00, 0x00, 0x00, 0x00, 0x3F, 0x00, 0x00, 0x00, 0x00, 0x3F, 0x00, 0x00, 0x00, 0x00, 0x3F, 0x00,
    0x00, 0x00, 0x00, 0x3F, 0x00, 0x00, 0x00, 0x00, 0x3F, 0x00, 0x00, 0x00, 0x00, 0x3F, 0x00, 0x00,
    0x00, 0x00, 0x3F, 0x00, 0x00, 0x00, 0x00, 0x3F, 0x00, 0x00, 0x00, 0x00, 0x00, 0x00, 0x2A, 0xA8,
    0x00, 0x00, 0x00, 0x00, 0x07, 0xFF, 0xFF, 0xE0, 0x00, 0x00, 0x00, 0x2F, 0xFF, 0xFF, 0xFC, 0x00,
    0x00, 0x00, 0xFF, 0xF9, 0x6F, 0xFF, 0x00, 0x00, 0x02, 0xFF, 0x00, 0x00, 0xFF, 0xC0, 0x00, 0x07,
    0xFC, 0x00, 0x00, 0x2F, 0xE0, 0x00, 0x0F, 0xF0, 0x00, 0x00, 0x0F, 0xF0, 0x00, 0x0F, 0xE0, 0x00,
    0x00, 0x03, 0xF8, 0x00, 0x2F, 0xC0, 0x00, 0x00, 0x03, 0xFC, 0x00, 0x3F, 0xC0, 0x00, 0x00, 0x02,
    0xFC, 0x00, 0x3F, 0x80, 0x00, 0x00, 0x01, 0xFC, 0x00, 0x3F, 0x80, 0x00, 0x00, 0x00, 0xFC, 0x00,
    0x3F, 0x40, 0x00, 0xB0, 0x00, 0xFE, 0x00, 0x3F, 0x40, 0x02, 0xFC, 0x00, 0xFE, 0x00, 0x3F, 0x80,
    0x03, 0xFF, 0x00, 0xFD, 0x00, 0x3F, 0x80, 0x00, 0xFF, 0xC2, 0xFC, 0x00, 0x3F, 0xC0, 0x00, 0x3F,
    0xF2, 0xFC, 0x00, 0x2F, 0xC0, 0x00, 0x0F, 0xFF, 0xF8, 0x00, 0x0F, 0xE0, 0x00, 0x03, 0xFF, 0xF0,
    0x00, 0x0F, 0xF4, 0x00, 0x00, 0xFF, 0xF0, 0x00, 0x03, 0xFD, 0x00, 0x00, 0x3F, 0xF8, 0x00, 0x02,
    0xFF, 0x80, 0x02, 0xFF, 0xFE, 0x00, 0x00, 0xBF, 0xFE, 0xBF, 0xFF, 0xFF, 0x80, 0x00, 0x1F, 0xFF,
    0xFF, 0xF8, 0xBF, 0xF0, 0x00, 0x02, 0xFF, 0xFF, 0x80, 0x2F, 0xF0, 0x00, 0x00, 0x00, 0x00, 0x00,
    0x07, 0xC0, 0x00, 0x00, 0x00, 0x00, 0x00, 0x00, 0x00, 0x00, 0x00, 0x00, 0x00, 0x00, 0x3F, 0xFF,
    0xFF, 0xF8, 0x00, 0x3F, 0xFF, 0xFF, 0xFF, 0x00, 0x3F, 0xEA, 0xBF, 0xFF, 0xC0, 0x3F, 0x00, 0x00,
    0x3F, 0xF0, 0x3F, 0x00, 0x00, 0x0F, 0xF0, 0x3F, 0x00, 0x00, 0x03, 0xF0, 0x3F, 0x00, 0x00, 0x03,
    0xF8, 0x3F, 0x00, 0x00, 0x03, 0xF4, 0x3F, 0x00, 0x00, 0x0B, 0xF0, 0x3F, 0x00, 0x00, 0x0F, 0xF0,
    0x3F, 0x40, 0x02, 0xBF, 0xE0, 0x3F, 0xFF, 0xFF, 0xFF, 0xC0, 0x3F, 0xFF, 0xFF, 0xFE, 0x00, 0x3F,
    0xFF, 0xFF, 0x80, 0x00, 0x3F, 0x00, 0xFF, 0x80, 0x00, 0x3F, 0x00, 0x3F, 0xC0, 0x00, 0x3F, 0x00,
    0x2F, 0xF0, 0x00, 0x3F, 0x00, 0x0B, 0xFC, 0x00, 0x3F, 0x00, 0x03, 0xFE, 0x00, 0x3F, 0x00, 0x00,
    0xFF, 0x00, 0x3F, 0x00, 0x00, 0xBF, 0xC0, 0x3F, 0x00, 0x00, 0x3F, 0xE0, 0x3F, 0x00, 0x00, 0x0F,
    0xF4, 0x3F, 0x00, 0x00, 0x07, 0xFC, 0x00, 0x02, 0xAA, 0x00, 0x00, 0x00, 0xBF, 0xFF, 0xF8, 0x00,
    0x03, 0xFF, 0xFF, 0xFF, 0x00, 0x0F, 0xFE, 0x4A, 0xFF, 0xC0, 0x3F, 0xE0, 0x00, 0x2F, 0xE0, 0x3F,
    0x80, 0x00, 0x0A, 0x40, 0x7F, 0x00, 0x00, 0x00, 0x00, 0x3F, 0x00, 0x00, 0x00, 0x00, 0x3F, 0xC0,
    0x00, 0x00, 0x00, 0x3F, 0xF0, 0x00, 0x00, 0x00, 0x0F, 0xFF, 0x80, 0x00, 0x00, 0x07, 0xFF, 0xFF,
    0x80, 0x00, 0x00, 0xBF, 0xFF, 0xFE, 0x00, 0x00, 0x02, 0xFF, 0xFF, 0xC0, 0x00, 0x00, 0x02, 0xFF,
    0xF0, 0x00, 0x00, 0x00, 0x2F, 0xF8, 0x00, 0x00, 0x00, 0x03, 0xFC, 0x00, 0x00, 0x00, 0x03, 0xFC,
    0x00, 0x00, 0x00, 0x02, 0xFC, 0x7F, 0x00, 0x00, 0x03, 0xFC, 0x3F, 0xC0, 0x00, 0x0B, 0xF8, 0x3F,
    0xF4, 0x00, 0x2F, 0xF0, 0x0F, 0xFF, 0xEB, 0xFF, 0xD0, 0x02, 0xFF, 0xFF, 0xFF, 0x00, 0x00, 0x2F,
    0xFF, 0xF8, 0x00, 0x00, 0x00, 0x00, 0x00, 0x00, 0x00, 0x00, 0x00, 0x00, 0x00, 0xBF, 0xFF, 0xFF,
    0xFF, 0xFF, 0xBF, 0xFF, 0xFF, 0xFF, 0xFF, 0xBF, 0xFF, 0xFF, 0xFF, 0xFE, 0x00, 0x00, 0xBF, 0x00,
    0x00, 0x00, 0x00, 0xBF, 0x00, 0x00, 0x00, 0x00, 0xBF, 0x00, 0x00, 0x00, 0x00, 0xBF, 0x00, 0x00,
    0x00, 0x00, 0xBF, 0x00, 0x00, 0x00, 0x00, 0xBF, 0x00, 0x00, 0x00, 0x00, 0xBF, 0x00, 0x00, 0x00,
    0x00, 0xBF, 0x00, 0x00, 0x00, 0x00, 0xBF, 0x00, 0x00, 0x00, 0x00, 0xBF, 0x00, 0x00, 0x00, 0x00,
    0xBF, 0x00, 0x00, 0x00, 0x00, 0xBF, 0x00, 0x00, 0x00, 0x00, 0xBF, 0x00, 0x00, 0x00, 0x00, 0xBF,
    0x00, 0x00, 0x00, 0x00, 0xBF, 0x00, 0x00, 0x00, 0x00, 0xBF, 0x00, 0x00, 0x00, 0x00, 0xBF, 0x00,
    0x00, 0x00, 0x00, 0xBF, 0x00, 0x00, 0x00, 0x00, 0xBF, 0x00, 0x00, 0x00, 0x00, 0xBF, 0x00, 0x00,
    0x00, 0x00, 0xBF, 0x00, 0x00, 0x00, 0x00, 0x00, 0x00, 0x00, 0x00, 0x3F, 0x00, 0x00, 0x00, 0x3F,
    0x00, 0x3F, 0x00, 0x00, 0x00, 0x3F, 0x00, 0x3F, 0x00, 0x00, 0x00, 0x3F, 0x00, 0x3F, 0x00, 0x00,
    0x00, 0x3F, 0x00, 0x3F, 0x00, 0x00, 0x00, 0x3F, 0x00, 0x3F, 0x00, 0x00, 0x00, 0x3F, 0x00, 0x3F,
    0x00, 0x00, 0x00, 0x3F, 0x00, 0x3F, 0x00, 0x00, 0x00, 0x3F, 0x00, 0x3F, 0x00, 0x00, 0x00, 0x3F,
    0x00, 0x3F, 0x00, 0x00, 0x00, 0x3F, 0x00, 0x3F, 0x00, 0x00, 0x00, 0x3F, 0x00, 0x3F, 0x00, 0x00,
    0x00, 0x3F, 0x00, 0x3F, 0x00, 0x00, 0x00, 0x3F, 0x00, 0x3F, 0x00, 0x00, 0x00, 0x3F, 0x00, 0x3F,
    0x00, 0x00, 0x00, 0x7F, 0x00, 0x3F, 0x00, 0x00, 0x00, 0xBF, 0x00, 0x3F, 0x80, 0x00, 0x00, 0xBF,
    0x00, 0x3F, 0x80, 0x00, 0x00, 0xFF, 0x00, 0x3F, 0xC0, 0x00, 0x00, 0xFE, 0x00, 0x1F, 0xF0, 0x00,
    0x03, 0xFC, 0x00, 0x0F, 0xFC, 0x00, 0x0F, 0xFC, 0x00, 0x03, 0xFF, 0xFB, 0xFF, 0xF0, 0x00, 0x00,
    0xFF, 0xFF, 0xFF, 0xC0, 0x00, 0x00, 0x2F, 0xFF, 0xFE, 0x00, 0x00, 0x00, 0x00, 0x00, 0x00, 0x00,
    0x00, 0x00, 0x00, 0x00, 0x00, 0x00, 0x00, 0xBF, 0x40, 0x00, 0x00, 0x3F, 0x80, 0x3F, 0x80, 0x00,
    0x00, 0xBF, 0x40, 0x3F, 0xC0, 0x00, 0x00, 0xFF, 0x00, 0x2F, 0xD0, 0x00, 0x00, 0xFE, 0x00, 0x0F,
    0xE0, 0x00, 0x02, 0xFC, 0x00, 0x0F, 0xF0, 0x00, 0x03, 0xFC, 0x00, 0x0B, 0xF4, 0x00, 0x03, 0xF8,
    0x00, 0x03, 0xF8, 0x00, 0x0B, 0xF0, 0x00, 0x03, 0xFC, 0x00, 0x0F, 0xF0, 0x00, 0x02, 0xFC, 0x00,
    0x0F, 0xE0, 0x00, 0x00, 0xFE, 0x00, 0x2F, 0xC0, 0x00, 0x00, 0xFF, 0x00, 0x3F, 0xC0, 0x00, 0x00,
    0x7F, 0x00, 0x3F, 0x80, 0x00, 0x00, 0x3F, 0x80, 0xBF, 0x00, 0x00, 0x00, 0x2F, 0xC0, 0xFF, 0x00,
    0x00, 0x00, 0x1F, 0xC0, 0xFE, 0x00, 0x00, 0x00, 0x0F, 0xE2, 0xFC, 0x00, 0x00, 0x00, 0x0B, 0xF3,
    0xFC, 0x00, 0x00, 0x00, 0x03, 0xF7, 0xF8, 0x00, 0x00, 0x00, 0x03, 0xFF, 0xF0, 0x00, 0x00, 0x00,
    0x02, 0xFF, 0xF0, 0x00, 0x00, 0x00, 0x00, 0xFF, 0xE0, 0x00, 0x00, 0x00, 0x00, 0xFF, 0xC0, 0x00,
    0x00, 0x00, 0x00, 0xBF, 0xC0, 0x00, 0x00, 0x00, 0x00, 0x00, 0x00, 0x00, 0x00, 0x00, 0x00, 0xBF,
    0x00, 0x00, 0x3F, 0xD0, 0x00, 0x0F, 0xF0, 0x3F, 0x80, 0x00, 0x3F, 0xE0, 0x00, 0x0F, 0xE0, 0x3F,
    0xC0, 0x00, 0xBF, 0xF0, 0x00, 0x2F, 0xC0, 0x3F, 0xC0, 0x00, 0xFF, 0xF0, 0x00, 0x3F, 0xC0, 0x2F,
    0xC0, 0x00, 0xFF, 0xF0, 0x00, 0x3F, 0xC0, 0x0F, 0xE0, 0x00, 0xFE, 0xF8, 0x00, 0x3F, 0x80, 0x0F,
    0xF0, 0x02, 0xF9, 0xF8, 0x00, 0xBF, 0x00, 0x0F, 0xF0, 0x02, 0xF4, 0xFC, 0x00, 0xBF, 0x00, 0x0B,
    0xF0, 0x03, 0xF0, 0xFC, 0x00, 0xFF, 0x00, 0x03, 0xF8, 0x03, 0xF0, 0xBC, 0x00, 0xFE, 0x00, 0x03,
    0xF8, 0x03, 0xE0, 0xBE, 0x02, 0xFC, 0x00, 0x03, 0xFC, 0x0B, 0xE0, 0x3F, 0x02, 0xFC, 0x00, 0x02,
    0xFC, 0x0F, 0xC0, 0x3F, 0x03, 0xFC, 0x00, 0x00, 0xFD, 0x0F, 0xC0, 0x3F, 0x03, 0xF8, 0x00, 0x00,
    0xFE, 0x0F, 0xC0, 0x2F, 0x87, 0xF0, 0x00, 0x00, 0xFF, 0x2F, 0x80, 0x0F, 0x8B, 0xF0, 0x00, 0x00,
    0xBF, 0x2F, 0x00, 0x0F, 0xCF, 0xF0, 0x00, 0x00, 0x3F, 0x3F, 0x00, 0x0F, 0xCF, 0xE0, 0x00, 0x00,
    0x3F, 0xFF, 0x00, 0x0B, 0xFF, 0xC0, 0x00, 0x00, 0x3F, 0xFE, 0x00, 0x07, 0xFF, 0xC0, 0x00, 0x00,
    0x2F, 0xFD, 0x00, 0x03, 0xFF, 0xC0, 0x00, 0x00, 0x0F, 0xFC, 0x00, 0x03, 0xFF, 0x80, 0x00, 0x00,
    0x0F, 0xFC, 0x00, 0x02, 0xFF, 0x00, 0x00, 0x00, 0x0F, 0xF8, 0x00, 0x02, 0xFF, 0x00, 0x00, 0x00,
    0x00, 0x00, 0x00, 0x00, 0x00, 0x3F, 0xE0, 0x00, 0x00, 0x3F, 0xC0, 0x0F, 0xF0, 0x00, 0x00, 0xFF,
    0x80, 0x07, 0xFC, 0x00, 0x02, 0xFF, 0x00, 0x02, 0xFE, 0x00, 0x03, 0xFC, 0x00, 0x00, 0xFF, 0x40,
    0x0F, 0xF4, 0x00, 0x00, 0x3F, 0xC0, 0x2F, 0xE0, 0x00, 0x00, 0x2F, 0xF0, 0xBF, 0xC0, 0x00, 0x00,
    0x0F, 0xF8, 0xFF, 0x00, 0x00, 0x00, 0x03, 0xFF, 0xFE, 0x00, 0x00, 0x00, 0x01, 0xFF, 0xFC, 0x00,
    0x00, 0x00, 0x00, 0xBF, 0xF0, 0x00, 0x00, 0x00, 0x00, 0x3F, 0xE0, 0x00, 0x00, 0x00, 0x00, 0xBF,
    0xF0, 0x00, 0x00, 0x00, 0x02, 0xFF, 0xFC, 0x00, 0x00, 0x00, 0x03, 0xFF, 0xFE, 0x00, 0x00, 0x00,
    0x0F, 0xF8, 0xFF, 0x00, 0x00, 0x00, 0x2F, 0xF0, 0x7F, 0xC0, 0x00, 0x00, 0x3F, 0xC0, 0x2F, 0xE0,
    0x00, 0x00, 0xFF, 0x40, 0x0F, 0xF4, 0x00, 0x02, 0xFE, 0x00, 0x03, 0xFC, 0x00, 0x07, 0xFC, 0x00,
    0x02, 0xFF, 0x00, 0x0F, 0xF0, 0x00, 0x00, 0xFF, 0x80, 0x3F, 0xE0, 0x00, 0x00, 0x3F, 0xC0, 0xBF,
    0xC0, 0x00, 0x00, 0x1F, 0xF0, 0x00, 0x00, 0x00, 0x00, 0x00, 0x00, 0x7F, 0x80, 0x00, 0x00, 0x3F,
    0xC0, 0x3F, 0xC0, 0x00, 0x00, 0xFF, 0x00, 0x0F, 0xF0, 0x00, 0x00, 0xFE, 0x00, 0x0B, 0xF0, 0x00,
    0x03, 0xFC, 0x00, 0x03, 0xFC, 0x00, 0x0B, 0xF8, 0x00, 0x02, 0xFE, 0x00, 0x0F, 0xF0, 0x00, 0x00,
    0xFF, 0x00, 0x2F, 0xC0, 0x00, 0x00, 0x3F, 0x80, 0x3F, 0x80, 0x00, 0x00, 0x2F, 0xC0, 0xFF, 0x00,
    0x00, 0x00, 0x0F, 0xF0, 0xFE, 0x00, 0x00, 0x00, 0x0B, 0xF7, 0xFC, 0x00, 0x00, 0x00, 0x03, 0xFF,
    0xF0, 0x00, 0x00, 0x00, 0x00, 0xFF, 0xF0, 0x00, 0x00, 0x00, 0x00, 0xBF, 0xC0, 0x00, 0x00, 0x00,
    0x00, 0x3F, 0x80, 0x00, 0x00, 0x00, 0x00, 0x3F, 0x80, 0x00, 0x00, 0x00, 0x00, 0x3F, 0x80, 0x00,
    0x00, 0x00, 0x00, 0x3F, 0x80, 0x00, 0x00, 0x00, 0x00, 0x3F, 0x80, 0x00, 0x00, 0x00, 0x00, 0x3F,
    0x80, 0x00, 0x00, 0x00, 0x00, 0x3F, 0x80, 0x00, 0x00, 0x00, 0x00, 0x3F, 0x80, 0x00, 0x00, 0x00,
    0x00, 0x3F, 0x80, 0x00, 0x00, 0x00, 0x00, 0x3F, 0x80, 0x00, 0x00, 0x00, 0x00, 0x00, 0x00, 0x00,
    0x3F, 0xFF, 0xFF, 0xFF, 0xFC, 0x3F, 0xFF, 0xFF, 0xFF, 0xFC, 0x3F, 0xFF, 0xFF, 0xFF, 0xFC, 0x00,
    0x00, 0x00, 0x0F, 0xF0, 0x00, 0x00, 0x00, 0x3F, 0xE0, 0x00, 0x00, 0x00, 0xBF, 0x80, 0x00, 0x00,
    0x00, 0xFF, 0x00, 0x00, 0x00, 0x03, 0xFC, 0x00, 0x00, 0x00, 0x0F, 0xF4, 0x00, 0x00, 0x00, 0x2F,
    0xE0, 0x00, 0x00, 0x00, 0xBF, 0xC0, 0x00, 0x00, 0x00, 0xFF, 0x00, 0x00, 0x00, 0x03, 0xFC, 0x00,
    0x00, 0x00, 0x0F, 0xF8, 0x00, 0x00, 0x00, 0x2F, 0xF0, 0x00, 0x00, 0x00, 0x7F, 0xC0, 0x00, 0x00,
    0x00, 0xFF, 0x00, 0x00, 0x00, 0x03, 0xFE, 0x00, 0x00, 0x00, 0x0B, 0xF8, 0x00, 0x00, 0x00, 0x2F,
    0xF0, 0x00, 0x00, 0x00, 0x3F, 0xC0, 0x00, 0x00, 0x00, 0xBF, 0xFF, 0xFF, 0xFF, 0xFC, 0xBF, 0xFF,
    0xFF, 0xFF, 0xFC, 0xBF, 0xFF, 0xFF, 0xFF, 0xFC, 0x00, 0x00, 0x00, 0x3F, 0xFF, 0x00, 0x3F, 0xFF,
    0x00, 0x3F, 0xAA, 0x00, 0x3E, 0x00, 0x00, 0x3E, 0x00, 0x00, 0x3E, 0x00, 0x00, 0x3E, 0x00, 0x00,
    0x3E, 0x00, 0x00, 0x3E, 0x00, 0x00, 0x3E, 0x00, 0x00, 0x3E, 0x00, 0x00, 0x3E, 0x00, 0x00, 0x3E,
    0x00, 0x00, 0x3E, 0x00, 0x00, 0x3E, 0x00, 0x00, 0x3E, 0x00, 0x00, 0x3E, 0x00, 0x00, 0x3E, 0x00,
    0x00, 0x3E, 0x00, 0x00, 0x3E, 0x00, 0x00, 0x3E, 0x00, 0x00, 0x3E, 0x00, 0x00, 0x3E, 0x00, 0x00,
    0x3E, 0x00, 0x00, 0x3E, 0x00, 0x00, 0x3E, 0x00, 0x00, 0x3F, 0x00, 0x00, 0x3F, 0xFF, 0x00, 0x3F,
    0xFF, 0x00, 0x2A, 0xAA, 0x00, 0x00, 0x00, 0x00, 0x00, 0x3F, 0x00, 0x00, 0x00, 0x3F, 0x80, 0x00,
    0x00, 0x2F, 0xC0, 0x00, 0x00, 0x0F, 0xC0, 0x00, 0x00, 0x0F, 0xE0, 0x00, 0x00, 0x07, 0xF0, 0x00,
    0x00, 0x03, 0xF4, 0x00, 0x00, 0x02, 0xFC, 0x00, 0x00, 0x00, 0xFC, 0x00, 0x00, 0x00, 0xFE, 0x00,
    0x00, 0x00, 0x7F, 0x00, 0x00, 0x00, 0x3F, 0x00, 0x00, 0x00, 0x2F, 0x80, 0x00, 0x00, 0x0F, 0xC0,
    0x00, 0x00, 0x0F, 0xE0, 0x00, 0x00, 0x0B, 0xF0, 0x00, 0x00, 0x03, 0xF0, 0x00, 0x00, 0x02, 0xF8,
    0x00, 0x00, 0x00, 0xFC, 0x00, 0x00, 0x00, 0xFE, 0x00, 0x00, 0x00, 0xBF, 0x00, 0x00, 0x00, 0x3F,
    0x00, 0x00, 0x00, 0x3F, 0x80, 0x00, 0x00, 0x1F, 0xC0, 0x00, 0x00, 0xFF, 0xFE, 0xFF, 0xFE, 0xAA,
    0xBE, 0x00, 0x7E, 0x00, 0x7E, 0x00, 0x7E, 0x00, 0x7E, 0x00, 0x7E, 0x00, 0x7E, 0x00, 0x7E, 0x00,
    0x7E, 0x00, 0x7E, 0x00, 0x7E, 0x00, 0x7E, 0x00, 0x7E, 0x00, 0x7E, 0x00, 0x7E, 0x00, 0x7E, 0x00,
    0x7E, 0x00, 0x7E, 0x00, 0x7E, 0x00, 0x7E, 0x00, 0x7E, 0x00, 0x7E, 0x00, 0x7E, 0x00, 0x7E, 0x00,
    0xBE, 0xFF, 0xFE, 0xFF, 0xFE, 0xAA, 0xAA, 0x00, 0x00, 0x00, 0x00, 0x00, 0x00, 0x03, 0xFC, 0x00,
    0x00, 0x00, 0x0B, 0xFC, 0x00, 0x00, 0x00, 0x0F, 0xFF, 0x00, 0x00, 0x00, 0x2F, 0xFF, 0x40, 0x00,
    0x00, 0x3F, 0xAF, 0xC0, 0x00, 0x00, 0xBF, 0x0F, 0xD0, 0x00, 0x00, 0xFE, 0x0B, 0xF0, 0x00, 0x02,
    0xFC, 0x03, 0xF8, 0x00, 0x03, 0xF4, 0x02, 0xFC, 0x00, 0x0B, 0xF0, 0x00, 0xFE, 0x00, 0x0F, 0xD0,
    0x00, 0xBF, 0x00, 0x2F, 0xC0, 0x00, 0x3F, 0x80, 0x2A, 0x00, 0x00, 0x1A, 0x80, 0x00, 0x00, 0x00,
    0x00, 0xBF, 0xFF, 0xFF, 0xF0, 0xBF, 0xFF, 0xFF, 0xF0, 0xBF, 0xFF, 0xFF, 0xF0, 0x18, 0x00, 0x3F,
    0x00, 0x3F, 0xC0, 0x0F, 0xE0, 0x03, 0xF0, 0x00, 0x50, 0x00, 0x00, 0x00, 0x00, 0x00, 0x00, 0xBF,
    0xFF, 0x80, 0x00, 0x03, 0xFF, 0xFF, 0xF0, 0x00, 0x0F, 0xF8, 0x1F, 0xF8, 0x00, 0x0F, 0xC0, 0x02,
    0xFC, 0x00, 0x0A, 0x80, 0x00, 0xFC, 0x00, 0x00, 0x00, 0x00, 0xFE, 0x00, 0x00, 0x00, 0x00, 0xFE,
    0x00, 0x00, 0x02, 0xBF, 0xFE, 0x00, 0x00, 0xBF, 0xFF, 0xFE, 0x00, 0x0F, 0xFF, 0xFA, 0xBE, 0x00,
    0x3F, 0xF8, 0x00, 0xBE, 0x00, 0x7F, 0x80, 0x00, 0xBE, 0x00, 0xBF, 0x00, 0x00, 0xFE, 0x00, 0xBF,
    0x00, 0x00, 0xFE, 0x00, 0xBF, 0x00, 0x03, 0xFE, 0x00, 0x3F, 0xE0, 0x6F, 0xFF, 0x00, 0x2F, 0xFF,
    0xFF, 0x3F, 0x00, 0x03, 0xFF, 0xF8, 0x3F, 0x00, 0x00, 0x00, 0x00, 0x00, 0x00, 0x00, 0x00, 0x00,
    0x00, 0x00, 0xBE, 0x00, 0x00, 0x00, 0x00, 0xBE, 0x00, 0x00, 0x00, 0x00, 0xBE, 0x00, 0x00, 0x00,
    0x00, 0xBE, 0x00, 0x00, 0x00, 0x00, 0xBE, 0x00, 0x00, 0x00, 0x00, 0xBE, 0x00, 0x00, 0x00, 0x00,
    0xBE, 0x1F, 0xFF, 0x80, 0x00, 0xBE, 0xBF, 0xFF, 0xF0, 0x00, 0xBF, 0xFE, 0xAF, 0xFC, 0x00, 0xBF,
    0xE0, 0x02, 0xFF, 0x00, 0xBF, 0xC0, 0x00, 0xBF, 0x00, 0xBF, 0x00, 0x00, 0x3F, 0x80, 0xBF, 0x00,
    0x00, 0x3F, 0xC0, 0xBE, 0x00, 0x00, 0x2F, 0xC0, 0xBE, 0x00, 0x00, 0x2F, 0xC0, 0xBE, 0x00, 0x00,
    0x2F, 0xC0, 0xBE, 0x00, 0x00, 0x2F, 0xC0, 0xBF, 0x00, 0x00, 0x3F, 0xC0, 0xBF, 0x00, 0x00, 0x3F,
    0x80, 0xBF, 0xC0, 0x00, 0xBF, 0x00, 0xBF, 0xE0, 0x02, 0xFF, 0x00, 0xBF, 0xFE, 0xAF, 0xFC, 0x00,
    0xBC, 0xBF, 0xFF, 0xF0, 0x00, 0xBC, 0x0F, 0xFF, 0x80, 0x00, 0x00, 0x00, 0x00, 0x00, 0x00, 0x00,
    0x00, 0x00, 0x00, 0x00, 0x2F, 0xFF, 0x80, 0x02, 0xFF, 0xFF, 0xF0, 0x0B, 0xFE, 0xAF, 0xFC, 0x0F,
    0xF0, 0x01, 0xFE, 0x3F, 0xC0, 0x00, 0x60, 0x3F, 0x40, 0x00, 0x00, 0xBF, 0x00, 0x00, 0x00, 0xBF,
    0x00, 0x00, 0x00, 0xBF, 0x00, 0x00, 0x00, 0xBF, 0x00, 0x00, 0x00, 0xBF, 0x00, 0x00, 0x00, 0xBF,
    0x00, 0x00, 0x00, 0x3F, 0x80, 0x00, 0x00, 0x3F, 0xC0, 0x00, 0x20, 0x0F, 0xF0, 0x00, 0xFE, 0x0B,
    0xFE, 0xAF, 0xFC, 0x02, 0xFF, 0xFF, 0xF0, 0x00, 0x3F, 0xFF, 0x80, 0x00, 0x00, 0x00, 0x00, 0x00,
    0x00, 0x00, 0x00, 0x00, 0x00, 0x00, 0x00, 0x0F, 0xC0, 0x00, 0x00, 0x00, 0x0F, 0xC0, 0x00, 0x00,
    0x00, 0x0F, 0xC0, 0x00, 0x00, 0x00, 0x0F, 0xC0, 0x00, 0x00, 0x00, 0x0F, 0xC0, 0x00, 0x00, 0x00,
    0x0F, 0xC0, 0x00, 0xBF, 0xFE, 0x0F, 0xC0, 0x02, 0xFF, 0xFF, 0xDF, 0xC0, 0x0B, 0xFE, 0xAB, 0xFF,
    0xC0, 0x1F, 0xF0, 0x00, 0xFF, 0xC0, 0x3F, 0xC0, 0x00, 0x7F, 0xC0, 0x3F, 0x80, 0x00, 0x3F, 0xC0,
    0xBF, 0x00, 0x00, 0x2F, 0xC0, 0xBF, 0x00, 0x00, 0x1F, 0xC0, 0xBF, 0x00, 0x00, 0x0F, 0xC0, 0xBF,
    0x00, 0x00, 0x0F, 0xC0, 0xBF, 0x00, 0x00, 0x1F, 0xC0, 0xBF, 0x00, 0x00, 0x2F, 0xC0, 0x3F, 0x80,
    0x00, 0x3F, 0xC0, 0x3F, 0xC0, 0x00, 0x7F, 0xC0, 0x1F, 0xF0, 0x00, 0xFF, 0xC0, 0x0B, 0xFE, 0xAB,
    0xFF, 0xC0, 0x02, 0xFF, 0xFF, 0xCF, 0xC0, 0x00, 0x7F, 0xFE, 0x0B, 0xE0, 0x00, 0x00, 0x00, 0x00,
    0x00, 0x00, 0x00, 0x00, 0x00, 0x00, 0x00, 0x2F, 0xFF, 0x80, 0x00, 0x02, 0xFF, 0xFF, 0xF4, 0x00,
    0x0B, 0xFE, 0xAB, 0xFC, 0x00, 0x0F, 0xE0, 0x00, 0xFF, 0x00, 0x3F, 0x80, 0x00, 0x3F, 0x80, 0x3F,
    0x00, 0x00, 0x1F, 0xC0, 0xBF, 0x00, 0x00, 0x0F, 0xC0, 0xBF, 0xAA, 0xAA, 0xAF, 0xD0, 0xBF, 0xFF,
    0xFF, 0xFF, 0xE0, 0xBF, 0xFF, 0xFF, 0xFF, 0xC0, 0xBF, 0x00, 0x00, 0x00, 0x00, 0xBF, 0x00, 0x00,
    0x00, 0x00, 0x3F, 0x40, 0x00, 0x00, 0x00, 0x3F, 0xC0, 0x00, 0x00, 0x00, 0x0F, 0xF0, 0x00, 0xBE,
    0x00, 0x0B, 0xFF, 0xAB, 0xFE, 0x00, 0x02, 0xFF, 0xFF, 0xF8, 0x00, 0x00, 0x2F, 0xFF, 0xC0, 0x00,
    0x00, 0x00, 0x00, 0x00, 0x00, 0x00, 0x0A, 0xA0, 0x00, 0xBF, 0xF4, 0x00, 0xFF, 0xF4, 0x01, 0xFC,
    0x00, 0x02, 0xF8, 0x00, 0x02, 0xF8, 0x00, 0x02, 0xF8, 0x00, 0x02, 0xF8, 0x00, 0xBF, 0xFF, 0xF0,
    0xBF, 0xFF, 0xF4, 0x2A, 0xFE, 0xA0, 0x02, 0xF8, 0x00, 0x02, 0xF8, 0x00, 0x02, 0xF8, 0x00, 0x02,
    0xF8, 0x00, 0x02, 0xF8, 0x00, 0x02, 0xF8, 0x00, 0x02, 0xF8, 0x00, 0x02, 0xF8, 0x00, 0x02, 0xF8,
    0x00, 0x02, 0xF8, 0x00, 0x02, 0xF8, 0x00, 0x02, 0xF8, 0x00, 0x02, 0xF8, 0x00, 0x02, 0xF8, 0x00,
    0x02, 0xF8, 0x00, 0x00, 0x00, 0x00, 0x00, 0x00, 0x00, 0xBF, 0xFE, 0x0F, 0x80, 0x03, 0xFF, 0xFF,
    0x8F, 0x80, 0x0F, 0xFE, 0xAF, 0xFF, 0x80, 0x2F, 0xE0, 0x01, 0xFF, 0x80, 0x3F, 0xC0, 0x00, 0xBF,
    0x80, 0x3F, 0x40, 0x00, 0x3F, 0x80, 0xBF, 0x00, 0x00, 0x2F, 0x80, 0xBF, 0x00, 0x00, 0x2F, 0x80,
    0xBF, 0x00, 0x00, 0x1F, 0x80, 0xBF, 0x00, 0x00, 0x2F, 0x80, 0xBF, 0x00, 0x00, 0x2F, 0x80, 0x7F,
    0x00, 0x00, 0x3F, 0x80, 0x3F, 0xC0, 0x00, 0x3F, 0x80, 0x2F, 0xE0, 0x00, 0xFF, 0x80, 0x0F, 0xF8,
    0x0B, 0xFF, 0x80, 0x03, 0xFF, 0xFF, 0xEF, 0x80, 0x00, 0xFF, 0xFF, 0x2F, 0x80, 0x00, 0x0A, 0xA0,
    0x2F, 0x80, 0x00, 0x00, 0x00, 0x2F, 0x80, 0x00, 0x00, 0x00, 0x3F, 0x40, 0x0B, 0xE0, 0x00, 0xBF,
    0x00, 0x0F, 0xF8, 0x02, 0xFE, 0x00, 0x03, 0xFF, 0xFF, 0xFC, 0x00, 0x00, 0xFF, 0xFF, 0xF0, 0x00,
    0x00, 0x0A, 0xFA, 0x00, 0x00, 0x00, 0x00, 0x00, 0x00, 0xBE, 0x00, 0x00, 0x00, 0xBE, 0x00, 0x00,
    0x00, 0xBE, 0x00, 0x00, 0x00, 0xBE, 0x00, 0x00, 0x00, 0xBE, 0x00, 0x00, 0x00, 0xBE, 0x00, 0x00,
    0x00, 0xBE, 0x2F, 0xFF, 0x80, 0xBE, 0xBF, 0xFF, 0xF0, 0xBF, 0xFE, 0xAF, 0xF4, 0xBF, 0xE0, 0x03,
    0xFC, 0xBF, 0x80, 0x00, 0xFC, 0xBF, 0x00, 0x00, 0xFC, 0xBF, 0x00, 0x00, 0xFC, 0xBE, 0x00, 0x00,
    0xFC, 0xBE, 0x00, 0x00, 0xFC, 0xBE, 0x00, 0x00, 0xFC, 0xBE, 0x00, 0x00, 0xFC, 0xBE, 0x00, 0x00,
    0xFC, 0xBE, 0x00, 0x00, 0xFC, 0xBE, 0x00, 0x00, 0xFC, 0xBE, 0x00, 0x00, 0xFC, 0xBE, 0x00, 0x00,
    0xFC, 0xBE, 0x00, 0x00, 0xFC, 0xBE, 0x00, 0x00, 0xFC, 0x00, 0x00, 0x02, 0xF0, 0x0B, 0xFC, 0x0B,
    0xFC, 0x07, 0xF8, 0x01, 0xA0, 0x00, 0x00, 0x00, 0x00, 0x00, 0x00, 0xBF, 0xF0, 0xBF, 0xF0, 0x2B,
    0xF0, 0x03, 0xF0, 0x03, 0xF0, 0x03, 0xF0, 0x03, 0xF0, 0x03, 0xF0, 0x03, 0xF0, 0x03, 0xF0, 0x03,
    0xF0, 0x03, 0xF0, 0x03, 0xF0, 0x03, 0xF0, 0x03, 0xF0, 0x03, 0xF0, 0x03, 0xF0, 0x03, 0xF0, 0x00,
    0x00, 0x00, 0x00, 0x0B, 0xC0, 0x00, 0x2F, 0xF0, 0x00, 0x2F, 0xF0, 0x00, 0x0F, 0xF0, 0x00, 0x02,
    0x80, 0x00, 0x00, 0x00, 0x00, 0x00, 0x00, 0x00, 0x00, 0x00, 0x00, 0x0F, 0xC0, 0x00, 0x0F, 0xC0,
    0x00, 0x0F, 0xC0, 0x00, 0x0F, 0xC0, 0x00, 0x0F, 0xC0, 0x00, 0x0F, 0xC0, 0x00, 0x0F, 0xC0, 0x00,
    0x0F, 0xC0, 0x00, 0x0F, 0xC0, 0x00, 0x0F, 0xC0, 0x00, 0x0F, 0xC0, 0x00, 0x0F, 0xC0, 0x00, 0x0F,
    0xC0, 0x00, 0x0F, 0xC0, 0x00, 0x0F, 0xC0, 0x00, 0x0F, 0xC0, 0x00, 0x0F, 0xC0, 0x00, 0x0F, 0xC0,
    0x00, 0x0F, 0xC0, 0x00, 0x0F, 0xC0, 0x00, 0x3F, 0xC0, 0x3F, 0xFF, 0x80, 0x3F, 0xFE, 0x00, 0x2A,
    0xA0, 0x00, 0x00, 0x00, 0x00, 0x00, 0xBE, 0x00, 0x00, 0x00, 0xBE, 0x00, 0x00, 0x00, 0xBE, 0x00,
    0x00, 0x00, 0xBE, 0x00, 0x00, 0x00, 0xBE, 0x00, 0x00, 0x00, 0xBE, 0x00, 0x00, 0x00, 0xBE, 0x00,
    0x0F, 0xF0, 0xBE, 0x00, 0x3F, 0xC0, 0xBE, 0x00, 0xBF, 0x00, 0xBE, 0x02, 0xFD, 0x00, 0xBE, 0x0B,
    0xF8, 0x00, 0xBE, 0x1F, 0xE0, 0x00, 0xBE, 0x3F, 0x80, 0x00, 0xBF, 0xFF, 0x00, 0x00, 0xBF, 0xFF,
    0x80, 0x00, 0xBF, 0xFF, 0xD0, 0x00, 0xBF, 0xCF, 0xF0, 0x00, 0xBF, 0x03, 0xFC, 0x00, 0xBE, 0x02,
    0xFE, 0x00, 0xBE, 0x00, 0xBF, 0x00, 0xBE, 0x00, 0x3F, 0xC0, 0xBE, 0x00, 0x0F, 0xE0, 0xBE, 0x00,
    0x0B, 0xF8, 0xBE, 0x00, 0x03, 0xFC, 0x00, 0x00, 0xBE, 0x00, 0xBE, 0x00, 0xBE, 0x00, 0xBE, 0x00,
    0xBE, 0x00, 0xBE, 0x00, 0xBE, 0x00, 0xBE, 0x00, 0xBE, 0x00, 0xBE, 0x00, 0xBE, 0x00, 0xBE, 0x00,
    0xBE, 0x00, 0xBE, 0x00, 0xBE, 0x00, 0xBE, 0x00, 0xBE, 0x00, 0xBE, 0x00, 0xBE, 0x00, 0xBE, 0x00,
    0xBF, 0x00, 0x7F, 0xF0, 0x3F, 0xF0, 0x0B, 0xF0, 0x00, 0x00, 0x00, 0x00, 0x00, 0x00, 0x00, 0xBC,
    0x2F, 0xFF, 0x40, 0xBF, 0xFE, 0x00, 0xBC, 0xBF, 0xFF, 0xD3, 0xFF, 0xFF, 0x80, 0xBF, 0xFA, 0xAF,
    0xFF, 0xFA, 0xBF, 0xC0, 0xBF, 0xC0, 0x0B, 0xFF, 0x80, 0x0F, 0xE0, 0xBF, 0x80, 0x03, 0xFE, 0x00,
    0x0F, 0xE0, 0xBF, 0x00, 0x02, 0xFC, 0x00, 0x0B, 0xF0, 0xBF, 0x00, 0x02, 0xFC, 0x00, 0x07, 0xF0,
    0xBE, 0x00, 0x01, 0xFC, 0x00, 0x03, 0xF0, 0xBE, 0x00, 0x01, 0xFC, 0x00, 0x03, 0xF0, 0xBE, 0x00,
    0x01, 0xFC, 0x00, 0x03, 0xF0, 0xBE, 0x00, 0x01, 0xFC, 0x00, 0x03, 0xF0, 0xBE, 0x00, 0x01, 0xFC,
    0x00, 0x03, 0xF0, 0xBE, 0x00, 0x01, 0xFC, 0x00, 0x03, 0xF0, 0xBE, 0x00, 0x01, 0xFC, 0x00, 0x03,
    0xF0, 0xBE, 0x00, 0x01, 0xFC, 0x00, 0x03, 0xF0, 0xBE, 0x00, 0x01, 0xFC, 0x00, 0x03, 0xF0, 0xBE,
    0x00, 0x01, 0xFC, 0x00, 0x03, 0xF0, 0xBE, 0x00, 0x01, 0xFC, 0x00, 0x03, 0xF0, 0x00, 0x00, 0x00,
    0x00, 0xBC, 0x2F, 0xFF, 0x80, 0xBC, 0xBF, 0xFF, 0xF0, 0xBF, 0xFE, 0xAF, 0xF4, 0xBF, 0xE0, 0x03,
    0xFC, 0xBF, 0x80, 0x00, 0xFC, 0xBF, 0x00, 0x00, 0xFC, 0xBF, 0x00, 0x00, 0xFC, 0xBE, 0x00, 0x00,
    0xFC, 0xBE, 0x00, 0x00, 0xFC, 0xBE, 0x00, 0x00, 0xFC, 0xBE, 0x00, 0x00, 0xFC, 0xBE, 0x00, 0x00,
    0xFC, 0xBE, 0x00, 0x00, 0xFC, 0xBE, 0x00, 0x00, 0xFC, 0xBE, 0x00, 0x00, 0xFC, 0xBE, 0x00, 0x00,
    0xFC, 0xBE, 0x00, 0x00, 0xFC, 0xBE, 0x00, 0x00, 0xFC, 0x00, 0x00, 0x00, 0x00, 0x00, 0x00, 0x2F,
    0xFF, 0x80, 0x00, 0x02, 0xFF, 0xFF, 0xF8, 0x00, 0x0B, 0xFF, 0xAF, 0xFE, 0x00, 0x0F, 0xF0, 0x00,
    0xFF, 0x00, 0x3F, 0xC0, 0x00, 0x3F, 0x80, 0x3F, 0x80, 0x00, 0x2F, 0xC0, 0xBF, 0x00, 0x00, 0x0F,
    0xC0, 0xBF, 0x00, 0x00, 0x0F, 0xE0, 0xBE, 0x00, 0x00, 0x0F, 0xE0, 0xBE, 0x00, 0x00, 0x0F, 0xE0,
    0xBF, 0x00, 0x00, 0x0F, 0xE0, 0xBF, 0x00, 0x00, 0x0F, 0xC0, 0x3F, 0x80, 0x00, 0x2F, 0xC0, 0x3F,
    0xC0, 0x00, 0x3F, 0x80, 0x0F, 0xF0, 0x00, 0xFF, 0x00, 0x0B, 0xFF, 0xAF, 0xFE, 0x00, 0x02, 0xFF,
    0xFF, 0xF8, 0x00, 0x00, 0x2F, 0xFF, 0x80, 0x00, 0x00, 0x00, 0x00, 0x00, 0x00, 0x00, 0x00, 0x00,
    0x00, 0x00, 0xBC, 0x1F, 0xFF, 0x80, 0x00, 0xBC, 0xBF, 0xFF, 0xF0, 0x00, 0xBF, 0xFE, 0xAF, 0xFC,
    0x00, 0xBF, 0xE0, 0x02, 0xFF, 0x00, 0xBF, 0xC0, 0x00, 0xBF, 0x00, 0xBF, 0x00, 0x00, 0x3F, 0x80,
    0xBF, 0x00, 0x00, 0x3F, 0xC0, 0xBE, 0x00, 0x00, 0x2F, 0xC0, 0xBE, 0x00, 0x00, 0x2F, 0xC0, 0xBE,
    0x00, 0x00, 0x2F, 0xC0, 0xBE, 0x00, 0x00, 0x2F, 0xC0, 0xBF, 0x00, 0x00, 0x3F, 0xC0, 0xBF, 0x00,
    0x00, 0x3F, 0x80, 0xBF, 0xC0, 0x00, 0xBF, 0x00, 0xBF, 0xE0, 0x02, 0xFF, 0x00, 0xBF, 0xFE, 0xAF,
    0xFC, 0x00, 0xBE, 0xBF, 0xFF, 0xF0, 0x00, 0xBE, 0x0F, 0xFF, 0x80, 0x00, 0xBE, 0x00, 0x00, 0x00,
    0x00, 0xBE, 0x00, 0x00, 0x00, 0x00, 0xBE, 0x00, 0x00, 0x00, 0x00, 0xBE, 0x00, 0x00, 0x00, 0x00,
    0xBE, 0x00, 0x00, 0x00, 0x00, 0x6A, 0x00, 0x00, 0x00, 0x00, 0x00, 0x00, 0x00, 0x00, 0x00, 0x00,
    0x00, 0xBF, 0xFE, 0x0B, 0xC0, 0x00, 0x02, 0xFF, 0xFF, 0xCF, 0xC0, 0x00, 0x0B, 0xFE, 0xAB, 0xFF,
    0xC0, 0x00, 0x1F, 0xF0, 0x00, 0xFF, 0xC0, 0x00, 0x3F, 0xC0, 0x00, 0x7F, 0xC0, 0x00, 0x3F, 0x80,
    0x00, 0x3F, 0xC0, 0x00, 0xBF, 0x00, 0x00, 0x2F, 0xC0, 0x00, 0xBF, 0x00, 0x00, 0x1F, 0xC0, 0x00,
    0xBF, 0x00, 0x00, 0x0F, 0xC0, 0x00, 0xBF, 0x00, 0x00, 0x0F, 0xC0, 0x00, 0xBF, 0x00, 0x00, 0x1F,
    0xC0, 0x00, 0xBF, 0x00, 0x00, 0x2F, 0xC0, 0x00, 0x3F, 0x80, 0x00, 0x3F, 0xC0, 0x00, 0x3F, 0xC0,
    0x00, 0x7F, 0xC0, 0x00, 0x1F, 0xF0, 0x00, 0xFF, 0xC0, 0x00, 0x0B, 0xFE, 0xAB, 0xFF, 0xC0, 0x00,
    0x02, 0xFF, 0xFF, 0xCF, 0xC0, 0x00, 0x00, 0xBF, 0xFE, 0x0F, 0xC0, 0x00, 0x00, 0x00, 0x00, 0x0F,
    0xC0, 0x00, 0x00, 0x00, 0x00, 0x0F, 0xC0, 0x00, 0x00, 0x00, 0x00, 0x0F, 0xE0, 0x00, 0x00, 0x00,
    0x00, 0x0F, 0xFF, 0xE0, 0x00, 0x00, 0x00, 0x03, 0xFF, 0xE0, 0x00, 0x00, 0x00, 0x00, 0xFF, 0xE0,
    0x00, 0x00, 0x00, 0x00, 0x00, 0x00, 0x00, 0x00, 0x00, 0xBC, 0x0B, 0xF0, 0xBC, 0x3F, 0xF0, 0xBE,
    0xFF, 0xF0, 0xBF, 0xF8, 0x00, 0xBF, 0xD0, 0x00, 0xBF, 0x80, 0x00, 0xBF, 0x00, 0x00, 0xBF, 0x00,
    0x00, 0xBF, 0x00, 0x00, 0xBE, 0x00, 0x00, 0xBE, 0x00, 0x00, 0xBE, 0x00, 0x00, 0xBE, 0x00, 0x00,
    0xBE, 0x00, 0x00, 0xBE, 0x00, 0x00, 0xBE, 0x00, 0x00, 0xBE, 0x00, 0x00, 0xBE, 0x00, 0x00, 0x00,
    0x00, 0x40, 0x00, 0x00, 0xBF, 0xFF, 0x80, 0x03, 0xFF, 0xFF, 0xF0, 0x0F, 0xF9, 0x2F, 0xF8, 0x2F,
    0xC0, 0x02, 0xF8, 0x2F, 0x80, 0x00, 0x00, 0x2F, 0xC0, 0x00, 0x00, 0x0F, 0xF4, 0x00, 0x00, 0x0F,
    0xFF, 0xE8, 0x00, 0x02, 0xFF, 0xFF, 0xE0, 0x00, 0x1B, 0xFF, 0xF8, 0x00, 0x00, 0x0B, 0xFE, 0x00,
    0x00, 0x00, 0xFF, 0x00, 0x00, 0x00, 0x7F, 0x2F, 0x80, 0x00, 0x7F, 0x2F, 0xD0, 0x00, 0xFE, 0x0F,
    0xFE, 0xAB, 0xFC, 0x03, 0xFF, 0xFF, 0xF0, 0x00, 0xBF, 0xFF, 0x80, 0x00, 0x00, 0x00, 0x00, 0x00,
    0xA8, 0x00, 0x00, 0xFC, 0x00, 0x00, 0xFC, 0x00, 0x00, 0xFC, 0x00, 0x01, 0xFC, 0x00, 0x3F, 0xFF,
    0xF0, 0x3F, 0xFF, 0xF0, 0x2A, 0xFE, 0xA0, 0x00, 0xFC, 0x00, 0x00, 0xFC, 0x00, 0x00, 0xFC, 0x00,
    0x00, 0xFC, 0x00, 0x00, 0xFC, 0x00, 0x00, 0xFC, 0x00, 0x00, 0xFC, 0x00, 0x00, 0xFC, 0x00, 0x00,
    0xFC, 0x00, 0x00, 0xFC, 0x00, 0x00, 0xFC, 0x00, 0x00, 0xFC, 0x00, 0x00, 0xFF, 0xF0, 0x00, 0xFF,
    0xF0, 0x00, 0x2F, 0xF0, 0x00, 0x00, 0x00, 0x00, 0xBE, 0x00, 0x00, 0xFC, 0xBE, 0x00, 0x00, 0xFC,
    0xBE, 0x00, 0x00, 0xFC, 0xBE, 0x00, 0x00, 0xFC, 0xBE, 0x00, 0x00, 0xFC, 0xBE, 0x00, 0x00, 0xFC,
    0xBE, 0x00, 0x00, 0xFC, 0xBE, 0x00, 0x00, 0xFC, 0xBE, 0x00, 0x00, 0xFC, 0xBE, 0x00, 0x00, 0xFC,
    0xBE, 0x00, 0x02, 0xFC, 0xBE, 0x00, 0x02, 0xFC, 0xBE, 0x00, 0x03, 0xFC, 0xBF, 0x00, 0x03, 0xFC,
    0x3F, 0x80, 0x0F, 0xFC, 0x3F, 0xFA, 0xBF, 0xFC, 0x0F, 0xFF, 0xFC, 0xFC, 0x03, 0xFF, 0xE0, 0xBC,
    0x00, 0x00, 0x00, 0x00, 0x00, 0x00, 0x00, 0x00, 0x00, 0x3F, 0x80, 0x00, 0x2F, 0xC0, 0x2F, 0xC0,
    0x00, 0x3F, 0x80, 0x0F, 0xC0, 0x00, 0x3F, 0x00, 0x0F, 0xE0, 0x00, 0xBF, 0x00, 0x0B, 0xF0, 0x00,
    0xFD, 0x00, 0x03, 0xF0, 0x01, 0xFC, 0x00, 0x03, 0xF8, 0x02, 0xF8, 0x00, 0x02, 0xFC, 0x03, 0xF0,
    0x00, 0x00, 0xFC, 0x07, 0xF0, 0x00, 0x00, 0xBE, 0x0B, 0xE0, 0x00, 0x00, 0x7F, 0x0F, 0xC0, 0x00,
    0x00, 0x3F, 0x1F, 0xC0, 0x00, 0x00, 0x2F, 0xAF, 0x80, 0x00, 0x00, 0x0F, 0xFF, 0x00, 0x00, 0x00,
    0x0F, 0xFF, 0x00, 0x00, 0x00, 0x0B, 0xFE, 0x00, 0x00, 0x00, 0x03, 0xFC, 0x00, 0x00, 0x00, 0x03,
    0xFC, 0x00, 0x00, 0x00, 0x00, 0x00, 0x00, 0x00, 0x00, 0x00, 0x3F, 0x80, 0x03, 0xF8, 0x00, 0x3F,
    0x80, 0x2F, 0x80, 0x03, 0xFC, 0x00, 0x3F, 0x00, 0x1F, 0xC0, 0x0B, 0xFC, 0x00, 0xBF, 0x00, 0x0F,
    0xC0, 0x0F, 0xFD, 0x00, 0xBE, 0x00, 0x0F, 0xE0, 0x0F, 0xFE, 0x00, 0xFD, 0x00, 0x0B, 0xF0, 0x1F,
    0x3F, 0x00, 0xFC, 0x00, 0x03, 0xF0, 0x2F, 0x2F, 0x02, 0xFC, 0x00, 0x03, 0xF0, 0x3F, 0x0F, 0x83,
    0xF8, 0x00, 0x02, 0xF8, 0x3E, 0x0F, 0x83, 0xF0, 0x00, 0x01, 0xFC, 0xBC, 0x0B, 0xC3, 0xF0, 0x00,
    0x00, 0xFC, 0xBC, 0x0B, 0xCB, 0xE0, 0x00, 0x00, 0xFD, 0xF8, 0x03, 0xEF, 0xD0, 0x00, 0x00, 0xBF,
    0xF8, 0x03, 0xFF, 0xC0, 0x00, 0x00, 0x3F, 0xF0, 0x02, 0xFF, 0xC0, 0x00, 0x00, 0x3F, 0xF0, 0x01,
    0xFF, 0x80, 0x00, 0x00, 0x2F, 0xE0, 0x00, 0xFF, 0x00, 0x00, 0x00, 0x0F, 0xD0, 0x00, 0xFF, 0x00,
    0x00, 0x00, 0x0F, 0xC0, 0x00, 0xBE, 0x00, 0x00, 0x00, 0x00, 0x00, 0x00, 0x00, 0x2F, 0xD0, 0x00,
    0x3F, 0xC0, 0x0F, 0xF0, 0x00, 0xBF, 0x40, 0x03, 0xFC, 0x00, 0xFE, 0x00, 0x00, 0xFE, 0x03, 0xFC,
    0x00, 0x00, 0xBF, 0x0B, 0xF0, 0x00, 0x00, 0x3F, 0xEF, 0xE0, 0x00, 0x00, 0x0F, 0xFF, 0xC0, 0x00,
    0x00, 0x0B, 0xFF, 0x00, 0x00, 0x00, 0x03, 0xFE, 0x00, 0x00, 0x00, 0x03, 0xFF, 0x00, 0x00, 0x00,
    0x0F, 0xFF, 0x80, 0x00, 0x00, 0x2F, 0xFF, 0xC0, 0x00, 0x00, 0x7F, 0x8F, 0xF0, 0x00, 0x00, 0xFF,
    0x03, 0xF8, 0x00, 0x03, 0xFC, 0x02, 0xFD, 0x00, 0x0B, 0xF4, 0x00, 0xFF, 0x00, 0x0F, 0xE0, 0x00,
    0x3F, 0xC0, 0x3F, 0xC0, 0x00, 0x1F, 0xE0, 0x00, 0x00, 0x00, 0x00, 0x00, 0x3F, 0x80, 0x00, 0x3F,
    0x40, 0x2F, 0xC0, 0x00, 0xBF, 0x00, 0x0F, 0xC0, 0x00, 0xFE, 0x00, 0x0F, 0xE0, 0x00, 0xFD, 0x00,
    0x0B, 0xF0, 0x01, 0xFC, 0x00, 0x03, 0xF0, 0x02, 0xF8, 0x00, 0x03, 0xF8, 0x03, 0xF4, 0x00, 0x02,
    0xFC, 0x07, 0xF0, 0x00, 0x00, 0xFC, 0x0B, 0xE0, 0x00, 0x00, 0xBE, 0x0F, 0xC0, 0x00, 0x00, 0x3F,
    0x0F, 0xC0, 0x00, 0x00, 0x3F, 0x2F, 0x80, 0x00, 0x00, 0x2F, 0xBF, 0x00, 0x00, 0x00, 0x0F, 0xFF,
    0x00, 0x00, 0x00, 0x0F, 0xFE, 0x00, 0x00, 0x00, 0x0B, 0xFC, 0x00, 0x00, 0x00, 0x03, 0xFC, 0x00,
    0x00, 0x00, 0x03, 0xF8, 0x00, 0x00, 0x00, 0x03, 0xF0, 0x00, 0x00, 0x00, 0x03, 0xF0, 0x00, 0x00,
    0x00, 0x1F, 0xE0, 0x00, 0x00, 0x0B, 0xFF, 0xC0, 0x00, 0x00, 0x0B, 0xFF, 0x00, 0x00, 0x00, 0x0A,
    0xA8, 0x00, 0x00, 0x00, 0x00, 0x00, 0x00, 0x00, 0x3F, 0xFF, 0xFF, 0xF0, 0x3F, 0xFF, 0xFF, 0xF0,
    0x2A, 0xAA, 0xAF, 0xF0, 0x00, 0x00, 0x0F, 0xE0, 0x00, 0x00, 0x3F, 0xC0, 0x00, 0x00, 0xFF, 0x00,
    0x00, 0x02, 0xFC, 0x00, 0x00, 0x0B, 0xF0, 0x00, 0x00, 0x0F, 0xE0, 0x00, 0x00, 0x3F, 0x80, 0x00,
    0x00, 0xFF, 0x00, 0x00, 0x02, 0xFC, 0x00, 0x00, 0x0B, 0xF0, 0x00, 0x00, 0x1F, 0xD0, 0x00, 0x00,
    0x3F, 0x80, 0x00, 0x00, 0xBF, 0xFF, 0xFF, 0xF8, 0xBF, 0xFF, 0xFF, 0xF8, 0xBF, 0xFF, 0xFF, 0xF8,
    0x00, 0x00, 0x00, 0x00, 0xFF, 0xC0, 0x03, 0xFF, 0xC0, 0x03, 0xFE, 0x80, 0x03, 0xF0, 0x00, 0x03,
    0xF0, 0x00, 0x03, 0xF0, 0x00, 0x03, 0xF0, 0x00, 0x03, 0xF0, 0x00, 0x03, 0xF0, 0x00, 0x03, 0xF0,
    0x00, 0x03, 0xF0, 0x00, 0x03, 0xF0, 0x00, 0x0B, 0xE0, 0x00, 0xBF, 0xC0, 0x00, 0xBF, 0x00, 0x00,
    0xBF, 0x80, 0x00, 0x0F, 0xE0, 0x00, 0x0B, 0xF0, 0x00, 0x03, 0xF0, 0x00, 0x03, 0xF0, 0x00, 0x03,
    0xF0, 0x00, 0x03, 0xF0, 0x00, 0x03, 0xF0, 0x00, 0x03, 0xF0, 0x00, 0x03, 0xF0, 0x00, 0x03, 0xF0,
    0x00, 0x03, 0xF8, 0x00, 0x03, 0xFF, 0xC0, 0x01, 0xFF, 0xC0, 0x00, 0x2A, 0x80, 0x00, 0x3E, 0x3E,
    0x3E, 0x3E, 0x3E, 0x3E, 0x3E, 0x3E, 0x3E, 0x3E, 0x3E, 0x3E, 0x3E, 0x3E, 0x3E, 0x3E, 0x3E, 0x3E,
    0x3E, 0x3E, 0x3E, 0x3E, 0x3E, 0x3E, 0x3E, 0x3E, 0x3E, 0x3E, 0x3E, 0x2A, 0x00, 0x00, 0x00, 0xFF,
    0xE0, 0x00, 0xFF, 0xF0, 0x00, 0x6B, 0xF8, 0x00, 0x02, 0xF8, 0x00, 0x02, 0xF8, 0x00, 0x02, 0xF8,
    0x00, 0x02, 0xF8, 0x00, 0x02, 0xF8, 0x00, 0x02, 0xF8, 0x00, 0x02, 0xF8, 0x00, 0x02, 0xF8, 0x00,
    0x01, 0xFC, 0x00, 0x00, 0xFC, 0x00, 0x00, 0xBF, 0x80, 0x00, 0x2F, 0xC0, 0x00, 0x3F, 0xC0, 0x00,
    0xFE, 0x00, 0x00, 0xFC, 0x00, 0x02, 0xF8, 0x00, 0x02, 0xF8, 0x00, 0x02, 0xF8, 0x00, 0x02, 0xF8,
    0x00, 0x02, 0xF8, 0x00, 0x02, 0xF8, 0x00, 0x02, 0xF8, 0x00, 0x02, 0xF8, 0x00, 0x03, 0xF8, 0x00,
    0xFF, 0xF4, 0x00, 0xFF, 0xF0, 0x00, 0xAA, 0x40, 0x00, 0x02, 0xBE, 0x00, 0x02, 0x00, 0x0F, 0xFF,
    0xF8, 0x0F, 0xE0, 0x3F, 0xFF, 0xFF, 0xFF, 0xC0, 0xBF, 0x02, 0xFF, 0xFF, 0x00, 0x08, 0x00, 0x0B,
    0xF8, 0x00, 0x0F, 0x80, 0x3F, 0xC0, 0x3F, 0xD0, 0x3F, 0xC0, 0x0F, 0x40, 0x00, 0x00, 0x00, 0x00,
    0x0A, 0x00, 0x0F, 0x00, 0x0F, 0x00, 0x0F, 0x00, 0x0F, 0x00, 0x0F, 0x40, 0x0F, 0x80, 0x1F, 0x80,
    0x2F, 0x80, 0x2F, 0x80, 0x2F, 0x80, 0x2F, 0x80, 0x2F, 0x80, 0x2F, 0x80, 0x2F, 0x80, 0x2F, 0x80,
    0x2F, 0x80, 0x2A, 0x80, 0x00, 0x02, 0xC0, 0x00, 0x00, 0x02, 0xD0, 0x00, 0x00, 0x02, 0xE0, 0x00,
    0x00, 0x2F, 0xFF, 0x80, 0x02, 0xFF, 0xFF, 0xF0, 0x0B, 0xFF, 0xEF, 0xFC, 0x0F, 0xF2, 0xD0, 0xFE,
    0x3F, 0xC2, 0xD0, 0x20, 0x3F, 0x82, 0xD0, 0x00, 0xBF, 0x02, 0xD0, 0x00, 0xBF, 0x02, 0xD0, 0x00,
    0xBF, 0x02, 0xD0, 0x00, 0xBF, 0x02, 0xD0, 0x00, 0xBF, 0x02, 0xD0, 0x00, 0xBF, 0x02, 0xD0, 0x00,
    0x3F, 0x82, 0xD0, 0x00, 0x3F, 0xC2, 0xD0, 0x20, 0x0F, 0xF2, 0xD0, 0xFE, 0x0B, 0xFF, 0xFF, 0xFC,
    0x02, 0xFF, 0xFF, 0xF0, 0x00, 0x3F, 0xFF, 0x80, 0x00, 0x02, 0xE0, 0x00, 0x00, 0x02, 0xD0, 0x00,
    0x00, 0x02, 0xD0, 0x00, 0x00, 0x00, 0x00, 0x00, 0x00, 0x02, 0xAA, 0x40, 0x00, 0x00, 0x3F, 0xFF,
    0xF8, 0x00, 0x02, 0xFF, 0xFF, 0xFF, 0x00, 0x03, 0xFE, 0x00, 0xBF, 0xC0, 0x0F, 0xF0, 0x00, 0x2F,
    0xD0, 0x0F, 0xE0, 0x00, 0x0F, 0xD0, 0x0F, 0xD0, 0x00, 0x00, 0x00, 0x0F, 0xE0, 0x00, 0x00, 0x00,
    0x0F, 0xE0, 0x00, 0x00, 0x00, 0x07, 0xF0, 0x00, 0x00, 0x00, 0x03, 0xF8, 0x00, 0x00, 0x00, 0x2B,
    0xFE, 0xAA, 0xA0, 0x00, 0xBF, 0xFF, 0xFF, 0xF4, 0x00, 0x2A, 0xFF, 0xAA, 0xA0, 0x00, 0x00, 0x3F,
    0x00, 0x00, 0x00, 0x00, 0x3F, 0x80, 0x00, 0x00, 0x00, 0x3F, 0x80, 0x00, 0x00, 0x00, 0x3F, 0x00,
    0x00, 0x00, 0x00, 0x3F, 0x00, 0x00, 0x00, 0x00, 0xBE, 0x00, 0x00, 0x00, 0x01, 0xF8, 0x00, 0x00,
    0x00, 0x0B, 0xFF, 0xA0, 0x00, 0x00, 0x2F, 0xFF, 0xFF, 0xAF, 0xE0, 0x3F, 0xFF, 0xFF, 0xFF, 0xF0,
    0x3E, 0x00, 0x2F, 0xFF, 0xE0, 0x00, 0x00, 0x00, 0x00, 0x00, 0x00, 0x00, 0x00, 0x00, 0x00, 0x2C,
    0x01, 0xA9, 0x00, 0xE0, 0x3F, 0x2F, 0xFF, 0xE3, 0xE0, 0x0F, 0xFF, 0xFF, 0xFF, 0x80, 0x03, 0xFF,
    0x4B, 0xFF, 0x00, 0x0B, 0xF0, 0x00, 0xBF, 0x80, 0x0F, 0xD0, 0x00, 0x2F, 0xC0, 0x0F, 0xC0, 0x00,
    0x0F, 0xC0, 0x2F, 0x80, 0x00, 0x0B, 0xC0, 0x2F, 0x80, 0x00, 0x0B, 0xC0, 0x1F, 0x80, 0x00, 0x0B,
    0xC0, 0x0F, 0xC0, 0x00, 0x0F, 0xC0, 0x0F, 0xE0, 0x00, 0x3F, 0x80, 0x03, 0xF8, 0x00, 0xFF, 0x00,
    0x03, 0xFF, 0xEF, 0xFF, 0x00, 0x0F, 0xFF, 0xFF, 0xFF, 0xC0, 0x3E, 0x0B, 0xFF, 0x83, 0xF0, 0x08,
    0x00, 0x00, 0x00, 0xC0, 0x00, 0x00, 0x00, 0x00, 0x00, 0x00, 0x7F, 0x80, 0x00, 0x00, 0x3F, 0xC0,
    0x3F, 0xC0, 0x00, 0x00, 0xFF, 0x00, 0x0F, 0xF0, 0x00, 0x00, 0xFE, 0x00, 0x0B, 0xF0, 0x00, 0x03,
    0xFC, 0x00, 0x03, 0xFC, 0x00, 0x0B, 0xF8, 0x00, 0x02, 0xFE, 0x00, 0x0F, 0xF0, 0x00, 0x00, 0xFF,
    0x00, 0x2F, 0xC0, 0x00, 0x00, 0x3F, 0x80, 0x3F, 0x80, 0x00, 0x00, 0x2F, 0xC0, 0xFF, 0x00, 0x00,
    0x00, 0x0F, 0xF0, 0xFE, 0x00, 0x00, 0x00, 0x0B, 0xF7, 0xFC, 0x00, 0x00, 0x00, 0x03, 0xFF, 0xF0,
    0x00, 0x00, 0x00, 0x00, 0xFF, 0xE0, 0x00, 0x00, 0x00, 0x00, 0xFF, 0xC0, 0x00, 0x00, 0x02, 0xFF,
    0xFF, 0xFF, 0xF0, 0x00, 0x01, 0xFF, 0xFF, 0xFF, 0xF0, 0x00, 0x00, 0x00, 0x3F, 0x80, 0x00, 0x00,
    0x00, 0x00, 0x3F, 0x80, 0x00, 0x00, 0x00, 0x00, 0x3F, 0x80, 0x00, 0x00, 0x02, 0xFF, 0xFF, 0xFF,
    0xF0, 0x00, 0x01, 0xFF, 0xFF, 0xFF, 0xF0, 0x00, 0x00, 0x00, 0x3F, 0x80, 0x00, 0x00, 0x00, 0x00,
    0x3F, 0x80, 0x00, 0x00, 0x00, 0x00, 0x3F, 0x80, 0x00, 0x00, 0x00, 0x3E, 0x3E, 0x3E, 0x3E, 0x3E,
    0x3E, 0x3E, 0x3E, 0x3E, 0x3E, 0x3E, 0x00, 0x00, 0x00, 0x00, 0x00, 0x00, 0x00, 0x2A, 0x3E, 0x3E,
    0x3E, 0x3E, 0x3E, 0x3E, 0x3E, 0x3E, 0x3E, 0x3E, 0x2A, 0x00, 0x02, 0xAA, 0x00, 0x00, 0x00, 0x7F,
    0xFF, 0xE0, 0x00, 0x02, 0xFF, 0xFF, 0xFC, 0x00, 0x03, 0xFC, 0x02, 0xFE, 0x00, 0x03, 0xF0, 0x00,
    0xB9, 0x00, 0x03, 0xF0, 0x00, 0x00, 0x00, 0x03, 0xF8, 0x00, 0x00, 0x00, 0x02, 0xFF, 0x00, 0x00,
    0x00, 0x00, 0xFF, 0xE0, 0x00, 0x00, 0x00, 0x3F, 0xFE, 0x00, 0x00, 0x02, 0xFF, 0xFF, 0xE0, 0x00,
    0x0F, 0xF8, 0x7F, 0xFC, 0x00, 0x2F, 0xC0, 0x0B, 0xFF, 0x40, 0x3F, 0x80, 0x00, 0xBF, 0xC0, 0x3F,
    0x00, 0x00, 0x0F, 0xF0, 0x3F, 0x80, 0x00, 0x0B, 0xF0, 0x2F, 0xE0, 0x00, 0x03, 0xF0, 0x0F, 0xFC,
    0x00, 0x03, 0xF0, 0x03, 0xFF, 0x80, 0x0F, 0xE0, 0x00, 0xFF, 0xF8, 0xBF, 0xC0, 0x00, 0x1F, 0xFF,
    0xFF, 0x00, 0x00, 0x01, 0xFF, 0xF8, 0x00, 0x00, 0x00, 0x1F, 0xFC, 0x00, 0x00, 0x00, 0x02, 0xFE,
    0x00, 0x00, 0x00, 0x00, 0xBF, 0x00, 0x00, 0x00, 0x00, 0x3F, 0x00, 0x0B, 0xF0, 0x00, 0x3F, 0x00,
    0x03, 0xF8, 0x00, 0xBF, 0x00, 0x02, 0xFF, 0xAB, 0xFE, 0x00, 0x00, 0xBF, 0xFF, 0xF8, 0x00, 0x00,
    0x0B, 0xFF, 0x80, 0x00, 0x00, 0x00, 0x00, 0x00, 0x00, 0x00, 0x00, 0x00, 0x00, 0x3F, 0x80, 0x3F,
    0x00, 0x3F, 0xC0, 0xBF, 0x80, 0x3F, 0x80, 0x3F, 0x00, 0x0A, 0x00, 0x29, 0x00, 0x00, 0x00, 0x06,
    0xAA, 0x00, 0x00, 0x00, 0x00, 0x00, 0xFF, 0xFF, 0xF8, 0x00, 0x00, 0x00, 0x0B, 0xFF, 0xEF, 0xFF,
    0x80, 0x00, 0x00, 0x3F, 0xE0, 0x00, 0x2F, 0xE0, 0x00, 0x00, 0xFE, 0x00, 0x00, 0x03, 0xF8, 0x00,
    0x03, 0xF8, 0x00, 0x00, 0x00, 0xBE, 0x00, 0x0B, 0xE0, 0x0F, 0xFF, 0x80, 0x3F, 0x00, 0x0F, 0xC0,
    0x3F, 0xFF, 0xF0, 0x0F, 0x80, 0x1F, 0x00, 0xFE, 0x02, 0xF8, 0x0B, 0xC0, 0x2F, 0x02, 0xFC, 0x00,
    0x80, 0x03, 0xE0, 0x3E, 0x02, 0xF0, 0x00, 0x00, 0x03, 0xE0, 0x3C, 0x03, 0xF0, 0x00, 0x00, 0x02,
    0xF0, 0x3C, 0x03, 0xF0, 0x00, 0x00, 0x02, 0xF0, 0x3C, 0x03, 0xF0, 0x00, 0x00, 0x02, 0xF0, 0x3D,
    0x02, 0xF0, 0x00, 0x00, 0x02, 0xE0, 0x3E, 0x02, 0xF8, 0x00, 0x00, 0x03, 0xE0, 0x2F, 0x00, 0xFE,
    0x02, 0xF8, 0x03, 0xC0, 0x0F, 0x80, 0xBF, 0xFF, 0xF0, 0x0B, 0xC0, 0x0F, 0xC0, 0x1F, 0xFF, 0xC0,
    0x0F, 0x80, 0x03, 0xF0, 0x00, 0xA4, 0x00, 0x3F, 0x00, 0x02, 0xFC, 0x00, 0x00, 0x00, 0xFC, 0x00,
    0x00, 0xBF, 0x40, 0x00, 0x0B, 0xF8, 0x00, 0x00, 0x2F, 0xF8, 0x00, 0xBF, 0xD0, 0x00, 0x00, 0x03,
    0xFF, 0xFF, 0xFF, 0x00, 0x00, 0x00, 0x00, 0x6F, 0xFF, 0xE0, 0x00, 0x00, 0x00, 0x00, 0x00, 0x00,
    0x00, 0x00, 0x00, 0x00, 0x00, 0x00, 0x02, 0xFF, 0x80, 0x0F, 0xFF, 0xE0, 0x0F, 0x03, 0xF0, 0x00,
    0x02, 0xF0, 0x00, 0xBF, 0xF0, 0x0F, 0xFF, 0xF0, 0x3F, 0x82, 0xF0, 0x3E, 0x03, 0xF0, 0x3F, 0xAF,
    0xF0, 0x2F, 0xFE, 0xF4, 0x02, 0xA0, 0x20, 0x00, 0x0F, 0xE0, 0x2F, 0xC0, 0x00, 0x3F, 0xC0, 0x3F,
    0x80, 0x00, 0xBF, 0x40, 0xFF, 0x00, 0x00, 0xFE, 0x02, 0xFC, 0x00, 0x03, 0xFC, 0x07, 0xF8, 0x00,
    0x0B, 0xF0, 0x0F, 0xE0, 0x00, 0x0F, 0xE0, 0x3F, 0xC0, 0x00, 0x3F, 0xC0, 0xBF, 0x40, 0x00, 0x3F,
    0xC0, 0x3F, 0x80, 0x00, 0x0F, 0xF0, 0x2F, 0xC0, 0x00, 0x07, 0xF8, 0x0F, 0xF0, 0x00, 0x02, 0xFC,
    0x03, 0xF8, 0x00, 0x00, 0xFF, 0x02, 0xFD, 0x00, 0x00, 0x3F, 0x80, 0xFF, 0x00, 0x00, 0x2F, 0xC0,
    0x3F, 0xC0, 0x00, 0x0A, 0x90, 0x0A, 0x80, 0x2A, 0xAA, 0xAA, 0xAA, 0xA8, 0x3F, 0xFF, 0xFF, 0xFF,
    0xFC, 0x3F, 0xFF, 0xFF, 0xFF, 0xFC, 0x2A, 0xAA, 0xAA, 0xAA, 0xFC, 0x00, 0x00, 0x00, 0x00, 0xFC,
    0x00, 0x00, 0x00, 0x00, 0xFC, 0x00, 0x00, 0x00, 0x00, 0xFC, 0x00, 0x00, 0x00, 0x00, 0xFC, 0x00,
    0x00, 0x00, 0x00, 0xFC, 0x00, 0x00, 0x00, 0x00, 0xFC, 0x00, 0x00, 0x00, 0x00, 0xFC, 0x00, 0x00,
    0x00, 0x00, 0xA8, 0x00, 0x00, 0x06, 0xAA, 0x00, 0x00, 0x00, 0x00, 0x00, 0xFF, 0xFF, 0xF8, 0x00,
    0x00, 0x00, 0x0B, 0xFF, 0xAF, 0xFF, 0x80, 0x00, 0x00, 0x3F, 0xE0, 0x00, 0x2F, 0xE0, 0x00, 0x00,
    0xFE, 0x00, 0x00, 0x03, 0xF8, 0x00, 0x03, 0xF8, 0x00, 0x00, 0x00, 0xBE, 0x00, 0x0B, 0xE0, 0xBF,
    0xFF, 0xC0, 0x3F, 0x00, 0x0F, 0xC0, 0xBF, 0xFF, 0xF0, 0x0F, 0x80, 0x1F, 0x00, 0xBD, 0x03, 0xF8,
    0x0B, 0xC0, 0x2F, 0x00, 0xBC, 0x00, 0xFC, 0x03, 0xE0, 0x3E, 0x00, 0xBC, 0x00, 0xFC, 0x03, 0xE0,
    0x3C, 0x00, 0xBE, 0x07, 0xF8, 0x02, 0xF0, 0x3C, 0x00, 0xBF, 0xFF, 0xF0, 0x02, 0xF0, 0x3C, 0x00,
    0xBF, 0xFF, 0x80, 0x02, 0xF0, 0x3D, 0x00, 0xBD, 0x3F, 0x40, 0x02, 0xE0, 0x3E, 0x00, 0xBC, 0x0F,
    0xC0, 0x03, 0xE0, 0x2F, 0x00, 0xBC, 0x0B, 0xF0, 0x03, 0xC0, 0x0F, 0x80, 0xBC, 0x03, 0xF8, 0x0B,
    0xC0, 0x0F, 0xC0, 0xBC, 0x00, 0xFC, 0x0F, 0x80, 0x03, 0xF0, 0x00, 0x00, 0x00, 0x3F, 0x00, 0x02,
    0xFC, 0x00, 0x00, 0x00, 0xFC, 0x00, 0x00, 0xBF, 0x00, 0x00, 0x0B, 0xF8, 0x00, 0x00, 0x2F, 0xF8,
    0x00, 0xBF, 0xD0, 0x00, 0x00, 0x03, 0xFF, 0xFF, 0xFF, 0x00, 0x00, 0x00, 0x00, 0x6F, 0xFF, 0xE0,
    0x00, 0x00, 0x00, 0x00, 0x00, 0x00, 0x00, 0x00, 0x00, 0x00, 0x00, 0x00, 0x3F, 0xFF, 0xFC, 0x3F,
    0xFF, 0xFC, 0x00, 0x00, 0x00, 0x00, 0xA8, 0x00, 0x0F, 0xFF, 0x80, 0x3F, 0xFF, 0xE0, 0x3E, 0x03,
    0xF0, 0xBC, 0x00, 0xF0, 0xBC, 0x00, 0xF0, 0xBC, 0x02, 0xF0, 0x3F, 0x4B, 0xF0, 0x2F, 0xFF, 0xC0,
    0x03, 0xFF, 0x00, 0x00, 0x00, 0x00, 0x00, 0x00, 0x00, 0x00, 0x00, 0x00, 0x00, 0xFC, 0x00, 0x00,
    0x00, 0x00, 0xFC, 0x00, 0x00, 0x00, 0x00, 0xFC, 0x00, 0x00, 0x00, 0x00, 0xFC, 0x00, 0x00, 0x00,
    0x00, 0xFC, 0x00, 0x00, 0x3F, 0xFF, 0xFF, 0xFF, 0xF0, 0x3F, 0xFF, 0xFF, 0xFF, 0xF0, 0x3F, 0xFF,
    0xFF, 0xFF, 0xF0, 0x00, 0x00, 0xFC, 0x00, 0x00, 0x00, 0x00, 0xFC, 0x00, 0x00, 0x00, 0x00, 0xFC,
    0x00, 0x00, 0x00, 0x00, 0xFC, 0x00, 0x00, 0x00, 0x00, 0xFC, 0x00, 0x00, 0x00, 0x00, 0xA8, 0x00,
    0x00, 0x00, 0x00, 0x00, 0x00, 0x00, 0x3F, 0xFF, 0xFF, 0xFF, 0xF0, 0x3F, 0xFF, 0xFF, 0xFF, 0xF0,
    0x3F, 0xFF, 0xFF, 0xFF, 0xF0, 0x00, 0x28, 0x00, 0x03, 0xFF, 0xD0, 0x0F, 0xEB, 0xF0, 0x2F, 0x00,
    0xF8, 0x02, 0x00, 0xF8, 0x00, 0x01, 0xF4, 0x00, 0x03, 0xF0, 0x00, 0x0F, 0xD0, 0x00, 0x3F, 0x80,
    0x00, 0xFE, 0x00, 0x03, 0xF4, 0x00, 0x0F, 0xC0, 0x00, 0x3F, 0xFF, 0xFC, 0x3F, 0xFF, 0xFC, 0x2A,
    0xAA, 0xA8, 0x00, 0x28, 0x00, 0x0B, 0xFF, 0xD0, 0x2F, 0xEB, 0xF0, 0x3F, 0x00, 0xF8, 0x00, 0x00,
    0xF8, 0x00, 0x02, 0xF0, 0x00, 0xBF, 0xE0, 0x00, 0xBF, 0xE0, 0x00, 0x1B, 0xF4, 0x00, 0x00, 0xFC,
    0x00, 0x00, 0xFC, 0x3F, 0x00, 0xFC, 0x2F, 0xEB, 0xF4, 0x0B, 0xFF, 0xE0, 0x00, 0xAA, 0x00, 0x00,
    0x60, 0x00, 0xF8, 0x03, 0xF8, 0x0F, 0xE0, 0x2F, 0x80, 0x14, 0x00, 0x00, 0x00, 0x00, 0x00, 0x00,
    0xBE, 0x00, 0x00, 0xFC, 0x00, 0xBE, 0x00, 0x00, 0xFC, 0x00, 0xBE, 0x00, 0x00, 0xFC, 0x00, 0xBE,
    0x00, 0x00, 0xFC, 0x00, 0xBE, 0x00, 0x00, 0xFC, 0x00, 0xBE, 0x00, 0x00, 0xFC, 0x00, 0xBE, 0x00,
    0x00, 0xFC, 0x00, 0xBE, 0x00, 0x00, 0xFC, 0x00, 0xBE, 0x00, 0x00, 0xFC, 0x00, 0xBE, 0x00, 0x00,
    0xFC, 0x00, 0xBE, 0x00, 0x00, 0xFC, 0x00, 0xBE, 0x00, 0x02, 0xFC, 0x00, 0xBF, 0x00, 0x02, 0xFC,
    0x00, 0xBF, 0x00, 0x03, 0xFC, 0x00, 0xBF, 0x80, 0x0F, 0xFC, 0x00, 0xBF, 0xFA, 0xBF, 0xFF, 0xE0,
    0xBF, 0xFF, 0xFC, 0xBF, 0xE0, 0xBE, 0xFF, 0xE0, 0x2F, 0xD0, 0xBD, 0x00, 0x00, 0x00, 0x00, 0xBE,
    0x00, 0x00, 0x00, 0x00, 0xBE, 0x00, 0x00, 0x00, 0x00, 0xBE, 0x00, 0x00, 0x00, 0x00, 0xBE, 0x00,
    0x00, 0x00, 0x00, 0xBE, 0x00, 0x00, 0x00, 0x00, 0x00, 0x00, 0x00, 0x00, 0x00, 0x00, 0xBF, 0xFF,
    0xFF, 0x80, 0x0B, 0xFF, 0xFF, 0xFF, 0x80, 0x0F, 0xFF, 0xC0, 0xFC, 0x00, 0x3F, 0xFF, 0x80, 0xFC,
    0x00, 0x7F, 0xFF, 0x80, 0xFC, 0x00, 0xBF, 0xFF, 0x80, 0xFC, 0x00, 0xBF, 0xFF, 0x80, 0xFC, 0x00,
    0xBF, 0xFF, 0x80, 0xFC, 0x00, 0xBF, 0xFF, 0x80, 0xFC, 0x00, 0x3F, 0xFF, 0x80, 0xFC, 0x00, 0x2F,
    0xFF, 0x80, 0xFC, 0x00, 0x0B, 0xFF, 0x80, 0xFC, 0x00, 0x02, 0xFF, 0x80, 0xFC, 0x00, 0x00, 0x2F,
    0x80, 0xFC, 0x00, 0x00, 0x0F, 0x80, 0xFC, 0x00, 0x00, 0x0F, 0x80, 0xFC, 0x00, 0x00, 0x0F, 0x80,
    0xFC, 0x00, 0x00, 0x0F, 0x80, 0xFC, 0x00, 0x00, 0x0F, 0x80, 0xFC, 0x00, 0x00, 0x0F, 0x80, 0xFC,
    0x00, 0x00, 0x0F, 0x80, 0xFC, 0x00, 0x00, 0x0F, 0x80, 0xFC, 0x00, 0x00, 0x0F, 0x80, 0xFC, 0x00,
    0x00, 0x0F, 0x80, 0xFC, 0x00, 0x00, 0x0F, 0x80, 0xFC, 0x00, 0x00, 0x0F, 0x80, 0xFC, 0x00, 0x00,
    0x0F, 0x80, 0xFC, 0x00, 0x00, 0x0F, 0x80, 0xFC, 0x00, 0x00, 0x0F, 0x80, 0xFC, 0x00, 0x00, 0x0A,
    0x80, 0xA8, 0x00, 0x01, 0x00, 0x2F, 0xC0, 0x3F, 0xE0, 0x3F, 0xE0, 0x2F, 0xC0, 0x00, 0x00, 0x00,
    0x00, 0x03, 0x80, 0x0B, 0x80, 0x0F, 0xE0, 0x0F, 0xFC, 0x00, 0x3C, 0x20, 0xBC, 0x3F, 0xF8, 0x01,
    0x00, 0x00, 0x00, 0x01, 0xF4, 0x2F, 0xF4, 0x3F, 0xF4, 0x02, 0xF4, 0x00, 0xF4, 0x00, 0xF4, 0x00,
    0xF4, 0x00, 0xF4, 0x00, 0xF4, 0x00, 0xF4, 0x00, 0xF4, 0x00, 0xF4, 0x00, 0xF4, 0x00, 0xA0, 0x00,
    0x00, 0x00, 0x02, 0xFF, 0x80, 0x0F, 0xFF, 0xF0, 0x2F, 0x82, 0xF8, 0x3F, 0x00, 0xFC, 0x3E, 0x00,
    0xBC, 0x3E, 0x00, 0xBC, 0x3F, 0x00, 0xFC, 0x2F, 0x00, 0xF8, 0x0F, 0xEB, 0xF0, 0x03, 0xFF, 0xC0,
    0x00, 0x69, 0x00, 0x3F, 0x80, 0x7F, 0x00, 0x00, 0x1F, 0xE0, 0x3F, 0xC0, 0x00, 0x0B, 0xF0, 0x0F,
    0xE0, 0x00, 0x03, 0xFC, 0x0B, 0xF8, 0x00, 0x00, 0xFE, 0x02, 0xFC, 0x00, 0x00, 0xBF, 0x00, 0xFF,
    0x00, 0x00, 0x3F, 0xC0, 0x3F, 0x80, 0x00, 0x0F, 0xE0, 0x2F, 0xC0, 0x00, 0x1F, 0xE0, 0x3F, 0xC0,
    0x00, 0x3F, 0xC0, 0xBF, 0x00, 0x00, 0xFF, 0x00, 0xFE, 0x00, 0x02, 0xFD, 0x03, 0xFC, 0x00, 0x03,
    0xF8, 0x0B, 0xF0, 0x00, 0x0F, 0xF0, 0x1F, 0xE0, 0x00, 0x2F, 0xC0, 0x3F, 0xC0, 0x00, 0x2A, 0x40,
    0x2A, 0x00, 0x00, 0x00, 0x00, 0x00, 0x00, 0x00, 0x00, 0x00, 0x01, 0xF8, 0x00, 0x00, 0x02, 0xFC,
    0x00, 0x2F, 0xF8, 0x00, 0x00, 0x07, 0xF0, 0x00, 0x3F, 0xF8, 0x00, 0x00, 0x0F, 0xE0, 0x00, 0x16,
    0xF8, 0x00, 0x00, 0x3F, 0x80, 0x00, 0x00, 0xF8, 0x00, 0x00, 0xBF, 0x00, 0x00, 0x00, 0xF8, 0x00,
    0x00, 0xFC, 0x00, 0x00, 0x00, 0xF8, 0x00, 0x03, 0xF8, 0x00, 0x00, 0x00, 0xF8, 0x00, 0x0B, 0xF0,
    0x00, 0x00, 0x00, 0xF8, 0x00, 0x0F, 0xC0, 0x00, 0x00, 0x00, 0xF8, 0x00, 0x3F, 0x80, 0x00, 0x00,
    0x00, 0xF8, 0x00, 0xBF, 0x00, 0x0F, 0x80, 0x00, 0xF8, 0x01, 0xFC, 0x00, 0x3F, 0x80, 0x00, 0xF8,
    0x03, 0xF8, 0x00, 0xFF, 0x80, 0x00, 0xA0, 0x0F, 0xE0, 0x02, 0xFF, 0x80, 0x00, 0x00, 0x2F, 0xC0,
    0x07, 0xEF, 0x80, 0x00, 0x00, 0x3F, 0x00, 0x0F, 0x8F, 0x80, 0x00, 0x00, 0xFE, 0x00, 0x3F, 0x0F,
    0x80, 0x00, 0x02, 0xFC, 0x00, 0xBC, 0x0F, 0x80, 0x00, 0x03, 0xF0, 0x02, 0xF9, 0x6F, 0x90, 0x00,
    0x0F, 0xE0, 0x02, 0xFF, 0xFF, 0xFC, 0x00, 0x2F, 0xC0, 0x02, 0xFF, 0xFF, 0xFC, 0x00, 0x7F, 0x00,
    0x00, 0x00, 0x0F, 0x80, 0x00, 0xFE, 0x00, 0x00, 0x00, 0x0F, 0x80, 0x02, 0xFC, 0x00, 0x00, 0x00,
    0x0F, 0x80, 0x00, 0x00, 0x00, 0x00, 0x00, 0x00, 0x00, 0x01, 0xF4, 0x00, 0x00, 0x02, 0xFC, 0x00,
    0x2F, 0xF4, 0x00, 0x00, 0x07, 0xF0, 0x00, 0x3F, 0xF4, 0x00, 0x00, 0x0F, 0xE0, 0x00, 0x16, 0xF4,
    0x00, 0x00, 0x3F, 0x80, 0x00, 0x00, 0xF4, 0x00, 0x00, 0xBF, 0x00, 0x00, 0x00, 0xF4, 0x00, 0x00,
    0xFC, 0x00, 0x00, 0x00, 0xF4, 0x00, 0x03, 0xF8, 0x00, 0x00, 0x00, 0xF4, 0x00, 0x0B, 0xF0, 0x00,
    0x00, 0x00, 0xF4, 0x00, 0x0F, 0xC0, 0x00, 0x00, 0x00, 0xF4, 0x00, 0x3F, 0x80, 0x00, 0x00, 0x00,
    0xF4, 0x00, 0xBF, 0x02, 0xFE, 0x00, 0x00, 0xF4, 0x01, 0xFC, 0x0F, 0xFF, 0xC0, 0x00, 0xF4, 0x03,
    0xF4, 0x3F, 0x03, 0xF0, 0x00, 0xA0, 0x0F, 0xE0, 0x2D, 0x02, 0xF0, 0x00, 0x00, 0x2F, 0xC0, 0x00,
    0x02, 0xF0, 0x00, 0x00, 0x3F, 0x00, 0x00, 0x03, 0xF0, 0x00, 0x00, 0xFE, 0x00, 0x00, 0x0F, 0xC0,
    0x00, 0x02, 0xFC, 0x00, 0x00, 0x2F, 0x80, 0x00, 0x03, 0xF0, 0x00, 0x00, 0xFE, 0x00, 0x00, 0x0F,
    0xE0, 0x00, 0x03, 0xF8, 0x00, 0x00, 0x2F, 0xC0, 0x00, 0x0F, 0xC0, 0x00, 0x00, 0x7F, 0x00, 0x00,
    0x3F, 0x80, 0x00, 0x00, 0xFD, 0x00, 0x00, 0xBF, 0xFF, 0xF4, 0x02, 0xF8, 0x00, 0x00, 0xBF, 0xFF,
    0xF4, 0x00, 0xAA, 0x00, 0x00, 0x00, 0x00, 0x00, 0x00, 0x0B, 0xFF, 0xE0, 0x00, 0x00, 0x3F, 0x40,
    0x00, 0x2F, 0x8B, 0xF0, 0x00, 0x00, 0xFE, 0x00, 0x00, 0x2F, 0x00, 0xF8, 0x00, 0x02, 0xFC, 0x00,
    0x00, 0x00, 0x00, 0xF8, 0x00, 0x03, 0xF0, 0x00, 0x00, 0x00, 0x02, 0xF0, 0x00, 0x0F, 0xE0, 0x00,
    0x00, 0x00, 0xBF, 0xE0, 0x00, 0x2F, 0xC0, 0x00, 0x00, 0x00, 0xBF, 0xE0, 0x00, 0x3F, 0x00, 0x00,
    0x00, 0x00, 0x03, 0xF8, 0x00, 0xFE, 0x00, 0x00, 0x00, 0x00, 0x00, 0xFC, 0x02, 0xFC, 0x00, 0x00,
    0x00, 0x04, 0x00, 0xFC, 0x0B, 0xF0, 0x00, 0x00, 0x00, 0x3F, 0x00, 0xFC, 0x0F, 0xC0, 0x02, 0xF0,
    0x00, 0x2F, 0xEB, 0xF0, 0x3F, 0x80, 0x0B, 0xF0, 0x00, 0x0B, 0xFF, 0xC0, 0xBF, 0x00, 0x0F, 0xF0,
    0x00, 0x00, 0x14, 0x00, 0xFC, 0x00, 0x3F, 0xF0, 0x00, 0x00, 0x00, 0x03, 0xF8, 0x00, 0xFE, 0xF0,
    0x00, 0x00, 0x00, 0x0B, 0xF0, 0x02, 0xF2, 0xF0, 0x00, 0x00, 0x00, 0x0F, 0xC0, 0x0B, 0xD2, 0xF0,
    0x00, 0x00, 0x00, 0x3F, 0x80, 0x0F, 0x82, 0xF0, 0x00, 0x00, 0x00, 0xFE, 0x00, 0x3F, 0x96, 0xF9,
    0x00, 0x00, 0x02, 0xFC, 0x00, 0x3F, 0xFF, 0xFF, 0x80, 0x00, 0x03, 0xF0, 0x00, 0x3F, 0xFF, 0xFF,
    0x40, 0x00, 0x0F, 0xE0, 0x00, 0x00, 0x02, 0xF0, 0x00, 0x00, 0x2F, 0xC0, 0x00, 0x00, 0x02, 0xF0,
    0x00, 0x00, 0x3F, 0x00, 0x00, 0x00, 0x02, 0xF0, 0x00, 0x00, 0x00, 0xB8, 0x00, 0x00, 0x00, 0x02,
    0xFE, 0x00, 0x00, 0x00, 0x03, 0xFF, 0x00, 0x00, 0x00, 0x02, 0xFE, 0x00, 0x00, 0x00, 0x00, 0xB8,
    0x00, 0x00, 0x00, 0x00, 0x00, 0x00, 0x00, 0x00, 0x00, 0x00, 0x00, 0x00, 0x00, 0x00, 0xA8, 0x00,
    0x00, 0x00, 0x00, 0xFC, 0x00, 0x00, 0x00, 0x00, 0xFC, 0x00, 0x00, 0x00, 0x02, 0xFC, 0x00, 0x00,
    0x00, 0x0B, 0xF8, 0x00, 0x00, 0x00, 0x3F, 0xF0, 0x00, 0x00, 0x00, 0xFF, 0x80, 0x00, 0x00, 0x03,
    0xFD, 0x00, 0x00, 0x00, 0x0F, 0xF0, 0x00, 0x00, 0x00, 0x2F, 0xC0, 0x00, 0x00, 0x00, 0x3F, 0x40,
    0x00, 0x00, 0x00, 0x3F, 0x00, 0x00, 0x00, 0x00, 0x3F, 0x00, 0x00, 0x3F, 0x00, 0x3F, 0x80, 0x00,
    0xBF, 0x00, 0x3F, 0xD0, 0x02, 0xFE, 0x00, 0x0F, 0xFE, 0xAF, 0xFC, 0x00, 0x03, 0xFF, 0xFF, 0xE0,
    0x00, 0x00, 0xBF, 0xFE, 0x00, 0x00, 0x00, 0x00, 0x00, 0x00, 0x00, 0x00, 0x00, 0x00, 0x00, 0x00,
    0x00, 0x00, 0x03, 0xE0, 0x00, 0x00, 0x00, 0x00, 0x03, 0xF8, 0x00, 0x00, 0x00, 0x00, 0x01, 0xFE,
    0x00, 0x00, 0x00, 0x00, 0x00, 0x2F, 0x80, 0x00, 0x00, 0x00, 0x00, 0x00, 0x00, 0x00, 0x00, 0x00,
    0x00, 0x00, 0x00, 0x00, 0x00, 0x00, 0x00, 0x00, 0x00, 0x00, 0x00, 0x00, 0x00, 0x3F, 0xE0, 0x00,
    0x00, 0x00, 0x00, 0x7F, 0xF0, 0x00, 0x00, 0x00, 0x00, 0xFF, 0xF0, 0x00, 0x00, 0x00, 0x00, 0xFF,
    0xF8, 0x00, 0x00, 0x00, 0x02, 0xFE, 0xFC, 0x00, 0x00, 0x00, 0x03, 0xF8, 0xFE, 0x00, 0x00, 0x00,
    0x03, 0xF0, 0xBF, 0x00, 0x00, 0x00, 0x0B, 0xF0, 0x3F, 0x00, 0x00, 0x00, 0x0F, 0xE0, 0x3F, 0x80,
    0x00, 0x00, 0x1F, 0xC0, 0x2F, 0xC0, 0x00, 0x00, 0x3F, 0xC0, 0x0F, 0xC0, 0x00, 0x00, 0x3F, 0x80,
    0x0F, 0xE0, 0x00, 0x00, 0xBF, 0x00, 0x0B, 0xF0, 0x00, 0x00, 0xFE, 0x00, 0x03, 0xF8, 0x00, 0x00,
    0xFD, 0x00, 0x03, 0xFC, 0x00, 0x02, 0xFE, 0x55, 0x57, 0xFC, 0x00, 0x03, 0xFF, 0xFF, 0xFF, 0xFE,
    0x00, 0x07, 0xFF, 0xFF, 0xFF, 0xFF, 0x00, 0x0F, 0xFA, 0xAA, 0xAA, 0xFF, 0x00, 0x0F, 0xE0, 0x00,
    0x00, 0x3F, 0x80, 0x2F, 0xC0, 0x00, 0x00, 0x2F, 0xC0, 0x3F, 0xC0, 0x00, 0x00, 0x1F, 0xD0, 0x3F,
    0x80, 0x00, 0x00, 0x0F, 0xF0, 0xBF, 0x00, 0x00, 0x00, 0x0B, 0xF0, 0x00, 0x00, 0x00, 0x00, 0x00,
    0x00, 0x00, 0x00, 0x00, 0xBC, 0x00, 0x00, 0x00, 0x00, 0x02, 0xFC, 0x00, 0x00, 0x00, 0x00, 0x0B,
    0xF8, 0x00, 0x00, 0x00, 0x00, 0x2F, 0xC0, 0x00, 0x00, 0x00, 0x00, 0x00, 0x00, 0x00, 0x00, 0x00,
    0x00, 0x00, 0x00, 0x00, 0x00, 0x00, 0x00, 0x00, 0x00, 0x00, 0x00, 0x00, 0x00, 0x3F, 0xE0, 0x00,
    0x00, 0x00, 0x00, 0x7F, 0xF0, 0x00, 0x00, 0x00, 0x00, 0xFF, 0xF0, 0x00, 0x00, 0x00, 0x00, 0xFF,
    0xF8, 0x00, 0x00, 0x00, 0x02, 0xFE, 0xFC, 0x00, 0x00, 0x00, 0x03, 0xF8, 0xFE, 0x00, 0x00, 0x00,
    0x03, 0xF0, 0xBF, 0x00, 0x00, 0x00, 0x0B, 0xF0, 0x3F, 0x00, 0x00, 0x00, 0x0F, 0xE0, 0x3F, 0x80,
    0x00, 0x00, 0x1F, 0xC0, 0x2F, 0xC0, 0x00, 0x00, 0x3F, 0xC0, 0x0F, 0xC0, 0x00, 0x00, 0x3F, 0x80,
    0x0F, 0xE0, 0x00, 0x00, 0xBF, 0x00, 0x0B, 0xF0, 0x00, 0x00, 0xFE, 0x00, 0x03, 0xF8, 0x00, 0x00,
    0xFD, 0x00, 0x03, 0xFC, 0x00, 0x02, 0xFE, 0x55, 0x57, 0xFC, 0x00, 0x03, 0xFF, 0xFF, 0xFF, 0xFE,
    0x00, 0x07, 0xFF, 0xFF, 0xFF, 0xFF, 0x00, 0x0F, 0xFA, 0xAA, 0xAA, 0xFF, 0x00, 0x0F, 0xE0, 0x00,
    0x00, 0x3F, 0x80, 0x2F, 0xC0, 0x00, 0x00, 0x2F, 0xC0, 0x3F, 0xC0, 0x00, 0x00, 0x1F, 0xD0, 0x3F,
    0x80, 0x00, 0x00, 0x0F, 0xF0, 0xBF, 0x00, 0x00, 0x00, 0x0B, 0xF0, 0x00, 0x00, 0x01, 0x00, 0x00,
    0x00, 0x00, 0x00, 0x3F, 0xE0, 0x00, 0x00, 0x00, 0x00, 0xFF, 0xF8, 0x00, 0x00, 0x00, 0x03, 0xF8,
    0xFE, 0x00, 0x00, 0x00, 0x0F, 0xE0, 0x3F, 0x80, 0x00, 0x00, 0x00, 0x00, 0x00, 0x00, 0x00, 0x00,
    0x00, 0x00, 0x00, 0x00, 0x00, 0x00, 0x00, 0x00, 0x00, 0x00, 0x00, 0x00, 0x00, 0x3F, 0xE0, 0x00,
    0x00, 0x00, 0x00, 0x7F, 0xF0, 0x00, 0x00, 0x00, 0x00, 0xFF, 0xF0, 0x00, 0x00, 0x00, 0x00, 0xFF,
    0xF8, 0x00, 0x00, 0x00, 0x02, 0xFE, 0xFC, 0x00, 0x00, 0x00, 0x03, 0xF8, 0xFE, 0x00, 0x00, 0x00,
    0x03, 0xF0, 0xBF, 0x00, 0x00, 0x00, 0x0B, 0xF0, 0x3F, 0x00, 0x00, 0x00, 0x0F, 0xE0, 0x3F, 0x80,
    0x00, 0x00, 0x1F, 0xC0, 0x2F, 0xC0, 0x00, 0x00, 0x3F, 0xC0, 0x0F, 0xC0, 0x00, 0x00, 0x3F, 0x80,
    0x0F, 0xE0, 0x00, 0x00, 0xBF, 0x00, 0x0B, 0xF0, 0x00, 0x00, 0xFE, 0x00, 0x03, 0xF8, 0x00, 0x00,
    0xFD, 0x00, 0x03, 0xFC, 0x00, 0x02, 0xFE, 0x55, 0x57, 0xFC, 0x00, 0x03, 0xFF, 0xFF, 0xFF, 0xFE,
    0x00, 0x07, 0xFF, 0xFF, 0xFF, 0xFF, 0x00, 0x0F, 0xFA, 0xAA, 0xAA, 0xFF, 0x00, 0x0F, 0xE0, 0x00,
    0x00, 0x3F, 0x80, 0x2F, 0xC0, 0x00, 0x00, 0x2F, 0xC0, 0x3F, 0xC0, 0x00, 0x00, 0x1F, 0xD0, 0x3F,
    0x80, 0x00, 0x00, 0x0F, 0xF0, 0xBF, 0x00, 0x00, 0x00, 0x0B, 0xF0, 0x00, 0x02, 0xF8, 0x02, 0xC0,
    0x00, 0x00, 0x0F, 0xFF, 0xEF, 0xC0, 0x00, 0x00, 0x1F, 0xEF, 0xFF, 0xC0, 0x00, 0x00, 0x2F, 0x02,
    0xFE, 0x00, 0x00, 0x00, 0x00, 0x00, 0x00, 0x00, 0x00, 0x00, 0x00, 0x00, 0x00, 0x00, 0x00, 0x00,
    0x00, 0x00, 0x00, 0x00, 0x00, 0x00, 0x00, 0x3F, 0xE0, 0x00, 0x00, 0x00, 0x00, 0x7F, 0xF0, 0x00,
    0x00, 0x00, 0x00, 0xFF, 0xF0, 0x00, 0x00, 0x00, 0x00, 0xFF, 0xF8, 0x00, 0x00, 0x00, 0x02, 0xFE,
    0xFC, 0x00, 0x00, 0x00, 0x03, 0xF8, 0xFE, 0x00, 0x00, 0x00, 0x03, 0xF0, 0xBF, 0x00, 0x00, 0x00,
    0x0B, 0xF0, 0x3F, 0x00, 0x00, 0x00, 0x0F, 0xE0, 0x3F, 0x80, 0x00, 0x00, 0x1F, 0xC0, 0x2F, 0xC0,
    0x00, 0x00, 0x3F, 0xC0, 0x0F, 0xC0, 0x00, 0x00, 0x3F, 0x80, 0x0F, 0xE0, 0x00, 0x00, 0xBF, 0x00,
    0x0B, 0xF0, 0x00, 0x00, 0xFE, 0x00, 0x03, 0xF8, 0x00, 0x00, 0xFD, 0x00, 0x03, 0xFC, 0x00, 0x02,
    0xFE, 0x55, 0x57, 0xFC, 0x00, 0x03, 0xFF, 0xFF, 0xFF, 0xFE, 0x00, 0x07, 0xFF, 0xFF, 0xFF, 0xFF,
    0x00, 0x0F, 0xFA, 0xAA, 0xAA, 0xFF, 0x00, 0x0F, 0xE0, 0x00, 0x00, 0x3F, 0x80, 0x2F, 0xC0, 0x00,
    0x00, 0x2F, 0xC0, 0x3F, 0xC0, 0x00, 0x00, 0x1F, 0xD0, 0x3F, 0x80, 0x00, 0x00, 0x0F, 0xF0, 0xBF,
    0x00, 0x00, 0x00, 0x0B, 0xF0, 0x00, 0x0A, 0x80, 0x0A, 0x00, 0x00, 0x00, 0x1F, 0xC0, 0x3F, 0xC0,
    0x00, 0x00, 0x2F, 0xE0, 0x3F, 0xC0, 0x00, 0x00, 0x0F, 0xC0, 0x2F, 0x80, 0x00, 0x00, 0x00, 0x00,
    0x00, 0x00, 0x00, 0x00, 0x00, 0x00, 0x00, 0x00, 0x00, 0x00, 0x00, 0x00, 0x00, 0x00, 0x00, 0x00,
    0x00, 0x3F, 0xE0, 0x00, 0x00, 0x00, 0x00, 0x7F, 0xF0, 0x00, 0x00, 0x00, 0x00, 0xFF, 0xF0, 0x00,
    0x00, 0x00, 0x00, 0xFF, 0xF8, 0x00, 0x00, 0x00, 0x02, 0xFE, 0xFC, 0x00, 0x00, 0x00, 0x03, 0xF8,
    0xFE, 0x00, 0x00, 0x00, 0x03, 0xF0, 0xBF, 0x00, 0x00, 0x00, 0x0B, 0xF0, 0x3F, 0x00, 0x00, 0x00,
    0x0F, 0xE0, 0x3F, 0x80, 0x00, 0x00, 0x1F, 0xC0, 0x2F, 0xC0, 0x00, 0x00, 0x3F, 0xC0, 0x0F, 0xC0,
    0x00, 0x00, 0x3F, 0x80, 0x0F, 0xE0, 0x00, 0x00, 0xBF, 0x00, 0x0B, 0xF0, 0x00, 0x00, 0xFE, 0x00,
    0x03, 0xF8, 0x00, 0x00, 0xFD, 0x00, 0x03, 0xFC, 0x00, 0x02, 0xFE, 0x55, 0x57, 0xFC, 0x00, 0x03,
    0xFF, 0xFF, 0xFF, 0xFE, 0x00, 0x07, 0xFF, 0xFF, 0xFF, 0xFF, 0x00, 0x0F, 0xFA, 0xAA, 0xAA, 0xFF,
    0x00, 0x0F, 0xE0, 0x00, 0x00, 0x3F, 0x80, 0x2F, 0xC0, 0x00, 0x00, 0x2F, 0xC0, 0x3F, 0xC0, 0x00,
    0x00, 0x1F, 0xD0, 0x3F, 0x80, 0x00, 0x00, 0x0F, 0xF0, 0xBF, 0x00, 0x00, 0x00, 0x0B, 0xF0, 0x00,
    0x00, 0x01, 0x00, 0x00, 0x00, 0x00, 0x00, 0x3F, 0xE0, 0x00, 0x00, 0x00, 0x00, 0xFF, 0xF8, 0x00,
    0x00, 0x00, 0x02, 0xF0, 0xBC, 0x00, 0x00, 0x00, 0x02, 0xE0, 0x3C, 0x00, 0x00, 0x00, 0x02, 0xF0,
    0x3C, 0x00, 0x00, 0x00, 0x00, 0xFE, 0xFC, 0x00, 0x00, 0x00, 0x00, 0xBF, 0xF0, 0x00, 0x00, 0x00,
    0x00, 0x7F, 0xF0, 0x00, 0x00, 0x00, 0x00, 0xFF, 0xF0, 0x00, 0x00, 0x00, 0x00, 0xFF, 0xF8, 0x00,
    0x00, 0x00, 0x02, 0xFE, 0xFC, 0x00, 0x00, 0x00, 0x03, 0xF8, 0xFE, 0x00, 0x00, 0x00, 0x03, 0xF0,
    0xBF, 0x00, 0x00, 0x00, 0x0B, 0xF0, 0x3F, 0x00, 0x00, 0x00, 0x0F, 0xE0, 0x3F, 0x80, 0x00, 0x00,
    0x1F, 0xC0, 0x2F, 0xC0, 0x00, 0x00, 0x3F, 0xC0, 0x0F, 0xC0, 0x00, 0x00, 0x3F, 0x80, 0x0F, 0xE0,
    0x00, 0x00, 0xBF, 0x00, 0x0B, 0xF0, 0x00, 0x00, 0xFE, 0x00, 0x03, 0xF8, 0x00, 0x00, 0xFD, 0x00,
    0x03, 0xFC, 0x00, 0x02, 0xFE, 0x55, 0x57, 0xFC, 0x00, 0x03, 0xFF, 0xFF, 0xFF, 0xFE, 0x00, 0x07,
    0xFF, 0xFF, 0xFF, 0xFF, 0x00, 0x0F, 0xFA, 0xAA, 0xAA, 0xFF, 0x00, 0x0F, 0xE0, 0x00, 0x00, 0x3F,
    0x80, 0x2F, 0xC0, 0x00, 0x00, 0x2F, 0xC0, 0x3F, 0xC0, 0x00, 0x00, 0x1F, 0xD0, 0x3F, 0x80, 0x00,
    0x00, 0x0F, 0xF0, 0xBF, 0x00, 0x00, 0x00, 0x0B, 0xF0, 0x00, 0x00, 0x00, 0x00, 0x00, 0x00, 0x00,
    0x00, 0x00, 0x00, 0x00, 0x00, 0x00, 0x3F, 0xFF, 0xFF, 0xFF, 0xF8, 0x00, 0x00, 0x00, 0x00, 0xBF,
    0xFF, 0xFF, 0xFF, 0xF8, 0x00, 0x00, 0x00, 0x00, 0xFF, 0xFF, 0xFF, 0xFF, 0xF8, 0x00, 0x00, 0x00,
    0x03, 0xFF, 0xE0, 0x00, 0x00, 0x00, 0x00, 0x00, 0x00, 0x0B, 0xFF, 0xE0, 0x00, 0x00, 0x00, 0x00,
    0x00, 0x00, 0x2F, 0xEF, 0xE0, 0x00, 0x00, 0x00, 0x00, 0x00, 0x00, 0x3F, 0x8F, 0xE0, 0x00, 0x00,
    0x00, 0x00, 0x00, 0x00, 0xFF, 0x0F, 0xE0, 0x00, 0x00, 0x00, 0x00, 0x00, 0x02, 0xFC, 0x0F, 0xE0,
    0x00, 0x00, 0x00, 0x00, 0x00, 0x07, 0xF8, 0x0F, 0xE0, 0x00, 0x00, 0x00, 0x00, 0x00, 0x0F, 0xF0,
    0x0F, 0xFF, 0xFF, 0xFC, 0x00, 0x00, 0x00, 0x3F, 0xC0, 0x0F, 0xFF, 0xFF, 0xFC, 0x00, 0x00, 0x00,
    0xBF, 0x80, 0x0F, 0xFF, 0xFF, 0xFC, 0x00, 0x00, 0x00, 0xFF, 0x00, 0x0F, 0xE0, 0x00, 0x00, 0x00,
    0x00, 0x03, 0xFC, 0x00, 0x0F, 0xE0, 0x00, 0x00, 0x00, 0x00, 0x0B, 0xF8, 0x00, 0x0F, 0xE0, 0x00,
    0x00, 0x00, 0x00, 0x2F, 0xFF, 0xFF, 0xFF, 0xE0, 0x00, 0x00, 0x00, 0x00, 0x3F, 0xFF, 0xFF, 0xFF,
    0xE0, 0x00, 0x00, 0x00, 0x00, 0xFF, 0xAA, 0xAA, 0xAF, 0xE0, 0x00, 0x00, 0x00, 0x02, 0xFE, 0x00,
    0x00, 0x0F, 0xE0, 0x00, 0x00, 0x00, 0x07, 0xFC, 0x00, 0x00, 0x0F, 0xE0, 0x00, 0x00, 0x00, 0x0F,
    0xF0, 0x00, 0x00, 0x0F, 0xFF, 0xFF, 0xFF, 0xF8, 0x3F, 0xD0, 0x00, 0x00, 0x0F, 0xFF, 0xFF, 0xFF,
    0xF8, 0xBF, 0x80, 0x00, 0x00, 0x0F, 0xFF, 0xFF, 0xFF, 0xF8, 0x00, 0x00, 0x1A, 0xA4, 0x00, 0x00,
    0x00, 0x07, 0xFF, 0xFF, 0x80, 0x00, 0x00, 0x3F, 0xFF, 0xFF, 0xF8, 0x00, 0x00, 0xFF, 0xF8, 0x6F,
    0xFE, 0x00, 0x03, 0xFF, 0x00, 0x00, 0xFF, 0x40, 0x0B, 0xFC, 0x00, 0x00, 0x3F, 0xC0, 0x0F, 0xF0,
    0x00, 0x00, 0x0E, 0x00, 0x1F, 0xE0, 0x00, 0x00, 0x00, 0x00, 0x2F, 0xC0, 0x00, 0x00, 0x00, 0x00,
    0x3F, 0xC0, 0x00, 0x00, 0x00, 0x00, 0x3F, 0x80, 0x00, 0x00, 0x00, 0x00, 0x3F, 0x80, 0x00, 0x00,
    0x00, 0x00, 0x3F, 0x40, 0x00, 0x00, 0x00, 0x00, 0x3F, 0x40, 0x00, 0x00, 0x00, 0x00, 0x3F, 0x80,
    0x00, 0x00, 0x00, 0x00, 0x3F, 0x80, 0x00, 0x00, 0x00, 0x00, 0x3F, 0xC0, 0x00, 0x00, 0x00, 0x00,
    0x2F, 0xC0, 0x00, 0x00, 0x00, 0x00, 0x0F, 0xE0, 0x00, 0x00, 0x00, 0x00, 0x0F, 0xF0, 0x00, 0x00,
    0x1F, 0x80, 0x03, 0xFC, 0x00, 0x00, 0x3F, 0xC0, 0x02, 0xFF, 0x80, 0x02, 0xFF, 0x00, 0x00, 0xBF,
    0xFE, 0xBF, 0xFE, 0x00, 0x00, 0x2F, 0xFF, 0xFF, 0xF0, 0x00, 0x00, 0x02, 0xFF, 0xFF, 0x40, 0x00,
    0x00, 0x00, 0x0F, 0x40, 0x00, 0x00, 0x00, 0x00, 0x2F, 0xA0, 0x00, 0x00, 0x00, 0x00, 0x2F, 0xFC,
    0x00, 0x00, 0x00, 0x00, 0x00, 0xBC, 0x00, 0x00, 0x00, 0x00, 0x20, 0xFC, 0x00, 0x00, 0x00, 0x00,
    0xBF, 0xF0, 0x00, 0x00, 0x00, 0x00, 0x01, 0x00, 0x00, 0x00, 0x00, 0x00, 0x00, 0x00, 0x00, 0x00,
    0x3E, 0x00, 0x00, 0x00, 0x00, 0xBF, 0x80, 0x00, 0x00, 0x00, 0x2F, 0xE0, 0x00, 0x00, 0x00, 0x03,
    0xF4, 0x00, 0x00, 0x00, 0x00, 0x00, 0x00, 0x00, 0x00, 0x00, 0x00, 0x00, 0x00, 0x00, 0x00, 0x00,
    0x00, 0x00, 0x3F, 0xFF, 0xFF, 0xFF, 0xC0, 0x3F, 0xFF, 0xFF, 0xFF, 0xC0, 0x3F, 0xFF, 0xFF, 0xFF,
    0xC0, 0x3F, 0x00, 0x00, 0x00, 0x00, 0x3F, 0x00, 0x00, 0x00, 0x00, 0x3F, 0x00, 0x00, 0x00, 0x00,
    0x3F, 0x00, 0x00, 0x00, 0x00, 0x3F, 0x00, 0x00, 0x00, 0x00, 0x3F, 0x00, 0x00, 0x00, 0x00, 0x3F,
    0x00, 0x00, 0x00, 0x00, 0x3F, 0xFF, 0xFF, 0xE0, 0x00, 0x3F, 0xFF, 0xFF, 0xE0, 0x00, 0x3F, 0xFF,
    0xFF, 0xE0, 0x00, 0x3F, 0x00, 0x00, 0x00, 0x00, 0x3F, 0x00, 0x00, 0x00, 0x00, 0x3F, 0x00, 0x00,
    0x00, 0x00, 0x3F, 0x00, 0x00, 0x00, 0x00, 0x3F, 0x00, 0x00, 0x00, 0x00, 0x3F, 0x00, 0x00, 0x00,
    0x00, 0x3F, 0x00, 0x00, 0x00, 0x00, 0x3F, 0x00, 0x00, 0x00, 0x00, 0x3F, 0xFF, 0xFF, 0xFF, 0xC0,
    0x3F, 0xFF, 0xFF, 0xFF, 0xC0, 0x3F, 0xFF, 0xFF, 0xFF, 0xC0, 0x00, 0x00, 0x00, 0x00, 0x00, 0x00,
    0x00, 0x0F, 0xC0, 0x00, 0x00, 0x00, 0x3F, 0xC0, 0x00, 0x00, 0x00, 0xFF, 0x00, 0x00, 0x00, 0x03,
    0xF8, 0x00, 0x00, 0x00, 0x00, 0x00, 0x00, 0x00, 0x00, 0x00, 0x00, 0x00, 0x00, 0x00, 0x00, 0x00,
    0x00, 0x00, 0x3F, 0xFF, 0xFF, 0xFF, 0xC0, 0x3F, 0xFF, 0xFF, 0xFF, 0xC0, 0x3F, 0xFF, 0xFF, 0xFF,
    0xC0, 0x3F, 0x00, 0x00, 0x00, 0x00, 0x3F, 0x00, 0x00, 0x00, 0x00, 0x3F, 0x00, 0x00, 0x00, 0x00,
    0x3F, 0x00, 0x00, 0x00, 0x00, 0x3F, 0x00, 0x00, 0x00, 0x00, 0x3F, 0x00, 0x00, 0x00, 0x00, 0x3F,
    0x00, 0x00, 0x00, 0x00, 0x3F, 0xFF, 0xFF, 0xE0, 0x00, 0x3F, 0xFF, 0xFF, 0xE0, 0x00, 0x3F, 0xFF,
    0xFF, 0xE0, 0x00, 0x3F, 0x00, 0x00, 0x00, 0x00, 0x3F, 0x00, 0x00, 0x00, 0x00, 0x3F, 0x00, 0x00,
    0x00, 0x00, 0x3F, 0x00, 0x00, 0x00, 0x00, 0x3F, 0x00, 0x00, 0x00, 0x00, 0x3F, 0x00, 0x00, 0x00,
    0x00, 0x3F, 0x00, 0x00, 0x00, 0x00, 0x3F, 0x00, 0x00, 0x00, 0x00, 0x3F, 0xFF, 0xFF, 0xFF, 0xC0,
    0x3F, 0xFF, 0xFF, 0xFF, 0xC0, 0x3F, 0xFF, 0xFF, 0xFF, 0xC0, 0x00, 0x00, 0x50, 0x00, 0x00, 0x00,
    0x03, 0xFC, 0x00, 0x00, 0x00, 0x1F, 0xFF, 0x00, 0x00, 0x00, 0xBF, 0x2F, 0xC0, 0x00, 0x02, 0xFC,
    0x07, 0xF4, 0x00, 0x00, 0x00, 0x00, 0x00, 0x00, 0x00, 0x00, 0x00, 0x00, 0x00, 0x00, 0x00, 0x00,
    0x00, 0x00, 0x3F, 0xFF, 0xFF, 0xFF, 0xC0, 0x3F, 0xFF, 0xFF, 0xFF, 0xC0, 0x3F, 0xFF, 0xFF, 0xFF,
    0xC0, 0x3F, 0x00, 0x00, 0x00, 0x00, 0x3F, 0x00, 0x00, 0x00, 0x00, 0x3F, 0x00, 0x00, 0x00, 0x00,
    0x3F, 0x00, 0x00, 0x00, 0x00, 0x3F, 0x00, 0x00, 0x00, 0x00, 0x3F, 0x00, 0x00, 0x00, 0x00, 0x3F,
    0x00, 0x00, 0x00, 0x00, 0x3F, 0xFF, 0xFF, 0xE0, 0x00, 0x3F, 0xFF, 0xFF, 0xE0, 0x00, 0x3F, 0xFF,
    0xFF, 0xE0, 0x00, 0x3F, 0x00, 0x00, 0x00, 0x00, 0x3F, 0x00, 0x00, 0x00, 0x00, 0x3F, 0x00, 0x00,
    0x00, 0x00, 0x3F, 0x00, 0x00, 0x00, 0x00, 0x3F, 0x00, 0x00, 0x00, 0x00, 0x3F, 0x00, 0x00, 0x00,
    0x00, 0x3F, 0x00, 0x00, 0x00, 0x00, 0x3F, 0x00, 0x00, 0x00, 0x00, 0x3F, 0xFF, 0xFF, 0xFF, 0xC0,
    0x3F, 0xFF, 0xFF, 0xFF, 0xC0, 0x3F, 0xFF, 0xFF, 0xFF, 0xC0, 0x00, 0xA0, 0x00, 0xA0, 0x00, 0x02,
    0xFC, 0x03, 0xF8, 0x00, 0x03, 0xFC, 0x03, 0xF8, 0x00, 0x02, 0xF8, 0x03, 0xF0, 0x00, 0x00, 0x00,
    0x00, 0x00, 0x00, 0x00, 0x00, 0x00, 0x00, 0x00, 0x00, 0x00, 0x00, 0x00, 0x00, 0x3F, 0xFF, 0xFF,
    0xFF, 0xC0, 0x3F, 0xFF, 0xFF, 0xFF, 0xC0, 0x3F, 0xFF, 0xFF, 0xFF, 0xC0, 0x3F, 0x00, 0x00, 0x00,
    0x00, 0x3F, 0x00, 0x00, 0x00, 0x00, 0x3F, 0x00, 0x00, 0x00, 0x00, 0x3F, 0x00, 0x00, 0x00, 0x00,
    0x3F, 0x00, 0x00, 0x00, 0x00, 0x3F, 0x00, 0x00, 0x00, 0x00, 0x3F, 0x00, 0x00, 0x00, 0x00, 0x3F,
    0xFF, 0xFF, 0xE0, 0x00, 0x3F, 0xFF, 0xFF, 0xE0, 0x00, 0x3F, 0xFF, 0xFF, 0xE0, 0x00, 0x3F, 0x00,
    0x00, 0x00, 0x00, 0x3F, 0x00, 0x00, 0x00, 0x00, 0x3F, 0x00, 0x00, 0x00, 0x00, 0x3F, 0x00, 0x00,
    0x00, 0x00, 0x3F, 0x00, 0x00, 0x00, 0x00, 0x3F, 0x00, 0x00, 0x00, 0x00, 0x3F, 0x00, 0x00, 0x00,
    0x00, 0x3F, 0x00, 0x00, 0x00, 0x00, 0x3F, 0xFF, 0xFF, 0xFF, 0xC0, 0x3F, 0xFF, 0xFF, 0xFF, 0xC0,
    0x3F, 0xFF, 0xFF, 0xFF, 0xC0, 0x00, 0x00, 0x00, 0x3F, 0x00, 0x00, 0x3F, 0xC0, 0x00, 0x0F, 0xF0,
    0x00, 0x02, 0xFC, 0x00, 0x00, 0x00, 0x00, 0x00, 0x00, 0x00, 0x00, 0x00, 0x00, 0xBF, 0xFF, 0xF8,
    0xBF, 0xFF, 0xF8, 0x6A, 0xFE, 0xA0, 0x00, 0xFC, 0x00, 0x00, 0xFC, 0x00, 0x00, 0xFC, 0x00, 0x00,
    0xFC, 0x00, 0x00, 0xFC, 0x00, 0x00, 0xFC, 0x00, 0x00, 0xFC, 0x00, 0x00, 0xFC, 0x00, 0x00, 0xFC,
    0x00, 0x00, 0xFC, 0x00, 0x00, 0xFC, 0x00, 0x00, 0xFC, 0x00, 0x00, 0xFC, 0x00, 0x00, 0xFC, 0x00,
    0x00, 0xFC, 0x00, 0x00, 0xFC, 0x00, 0x00, 0xFC, 0x00, 0x00, 0xFC, 0x00, 0xBF, 0xFF, 0xF8, 0xBF,
    0xFF, 0xF8, 0xBF, 0xFF, 0xF8, 0x00, 0x00, 0x00, 0x00, 0x03, 0xE0, 0x00, 0x0F, 0xE0, 0x00, 0x3F,
    0x80, 0x00, 0xFD, 0x00, 0x00, 0x00, 0x00, 0x00, 0x00, 0x00, 0x00, 0x00, 0x00, 0xBF, 0xFF, 0xF8,
    0xBF, 0xFF, 0xF8, 0x6A, 0xFE, 0xA0, 0x00, 0xFC, 0x00, 0x00, 0xFC, 0x00, 0x00, 0xFC, 0x00, 0x00,
    0xFC, 0x00, 0x00, 0xFC, 0x00, 0x00, 0xFC, 0x00, 0x00, 0xFC, 0x00, 0x00, 0xFC, 0x00, 0x00, 0xFC,
    0x00, 0x00, 0xFC, 0x00, 0x00, 0xFC, 0x00, 0x00, 0xFC, 0x00, 0x00, 0xFC, 0x00, 0x00, 0xFC, 0x00,
    0x00, 0xFC, 0x00, 0x00, 0xFC, 0x00, 0x00, 0xFC, 0x00, 0x00, 0xFC, 0x00, 0xBF, 0xFF, 0xF8, 0xBF,
    0xFF, 0xF8, 0xBF, 0xFF, 0xF8, 0x00, 0x08, 0x00, 0x00, 0x00, 0xBF, 0x80, 0x00, 0x03, 0xFF, 0xE0,
    0x00, 0x0F, 0xF3, 0xFC, 0x00, 0x3F, 0x80, 0xFF, 0x00, 0x00, 0x00, 0x00, 0x00, 0x00, 0x00, 0x00,
    0x00, 0x00, 0x00, 0x00, 0x00, 0x2F, 0xFF, 0xFE, 0x00, 0x2F, 0xFF, 0xFE, 0x00, 0x1A, 0xBF, 0xA8,
    0x00, 0x00, 0x3F, 0x00, 0x00, 0x00, 0x3F, 0x00, 0x00, 0x00, 0x3F, 0x00, 0x00, 0x00, 0x3F, 0x00,
    0x00, 0x00, 0x3F, 0x00, 0x00, 0x00, 0x3F, 0x00, 0x00, 0x00, 0x3F, 0x00, 0x00, 0x00, 0x3F, 0x00,
    0x00, 0x00, 0x3F, 0x00, 0x00, 0x00, 0x3F, 0x00, 0x00, 0x00, 0x3F, 0x00, 0x00, 0x00, 0x3F, 0x00,
    0x00, 0x00, 0x3F, 0x00, 0x00, 0x00, 0x3F, 0x00, 0x00, 0x00, 0x3F, 0x00, 0x00, 0x00, 0x3F, 0x00,
    0x00, 0x00, 0x3F, 0x00, 0x00, 0x00, 0x3F, 0x00, 0x00, 0x2F, 0xFF, 0xFE, 0x00, 0x2F, 0xFF, 0xFE,
    0x00, 0x2F, 0xFF, 0xFE, 0x00, 0x1A, 0x00, 0x28, 0x00, 0x3F, 0x80, 0xBF, 0x00, 0x3F, 0x80, 0xBF,
    0x00, 0x3F, 0x00, 0x3F, 0x00, 0x00, 0x00, 0x00, 0x00, 0x00, 0x00, 0x00, 0x00, 0x00, 0x00, 0x00,
    0x00, 0x2F, 0xFF, 0xFE, 0x00, 0x2F, 0xFF, 0xFE, 0x00, 0x1A, 0xBF, 0xA8, 0x00, 0x00, 0x3F, 0x00,
    0x00, 0x00, 0x3F, 0x00, 0x00, 0x00, 0x3F, 0x00, 0x00, 0x00, 0x3F, 0x00, 0x00, 0x00, 0x3F, 0x00,
    0x00, 0x00, 0x3F, 0x00, 0x00, 0x00, 0x3F, 0x00, 0x00, 0x00, 0x3F, 0x00, 0x00, 0x00, 0x3F, 0x00,
    0x00, 0x00, 0x3F, 0x00, 0x00, 0x00, 0x3F, 0x00, 0x00, 0x00, 0x3F, 0x00, 0x00, 0x00, 0x3F, 0x00,
    0x00, 0x00, 0x3F, 0x00, 0x00, 0x00, 0x3F, 0x00, 0x00, 0x00, 0x3F, 0x00, 0x00, 0x00, 0x3F, 0x00,
    0x00, 0x00, 0x3F, 0x00, 0x00, 0x2F, 0xFF, 0xFE, 0x00, 0x2F, 0xFF, 0xFE, 0x00, 0x2F, 0xFF, 0xFE,
    0x00, 0x00, 0x00, 0x00, 0x00, 0x00, 0x00, 0x00, 0xFF, 0xFF, 0xFF, 0x80, 0x00, 0x00, 0xFF, 0xFF,
    0xFF, 0xFC, 0x00, 0x00, 0xFF, 0xAB, 0xFF, 0xFF, 0x80, 0x00, 0xFE, 0x00, 0x01, 0xFF, 0xE0, 0x00,
    0xFE, 0x00, 0x00, 0x2F, 0xF0, 0x00, 0xFE, 0x00, 0x00, 0x0B, 0xF8, 0x00, 0xFE, 0x00, 0x00, 0x03,
    0xFC, 0x00, 0xFE, 0x00, 0x00, 0x01, 0xFD, 0x00, 0xFE, 0x00, 0x00, 0x00, 0xFE, 0x00, 0xFE, 0x00,
    0x00, 0x00, 0xFE, 0x3F, 0xFF, 0xFF, 0x80, 0x00, 0xFF, 0x3F, 0xFF, 0xFF, 0x80, 0x00, 0xBF, 0x3F,
    0xFF, 0xFF, 0x80, 0x00, 0xFF, 0x00, 0xFE, 0x00, 0x00, 0x00, 0xFF, 0x00, 0xFE, 0x00, 0x00, 0x00,
    0xFE, 0x00, 0xFE, 0x00, 0x00, 0x00, 0xFE, 0x00, 0xFE, 0x00, 0x00, 0x02, 0xFC, 0x00, 0xFE, 0x00,
    0x00, 0x03, 0xFC, 0x00, 0xFE, 0x00, 0x00, 0x0F, 0xF8, 0x00, 0xFE, 0x00, 0x00, 0x3F, 0xF0, 0x00,
    0xFE, 0x00, 0x0B, 0xFF, 0xC0, 0x00, 0xFF, 0xFF, 0xFF, 0xFF, 0x00, 0x00, 0xFF, 0xFF, 0xFF, 0xF4,
    0x00, 0x00, 0xFF, 0xFF, 0xFA, 0x00, 0x00, 0x00, 0x02, 0xF8, 0x03, 0x80, 0x00, 0x00, 0x0F, 0xFF,
    0xAF, 0xC0, 0x00, 0x00, 0x2F, 0xAF, 0xFF, 0x80, 0x00, 0x00, 0x3E, 0x02, 0xFD, 0x00, 0x00, 0x00,
    0x00, 0x00, 0x00, 0x00, 0x00, 0x00, 0x00, 0x00, 0x00, 0x00, 0x00, 0x00, 0x00, 0x00, 0x00, 0x00,
    0x00, 0x3F, 0xF0, 0x00, 0x00, 0x7F, 0x00, 0x3F, 0xFC, 0x00, 0x00, 0x7F, 0x00, 0x3F, 0xFC, 0x00,
    0x00, 0x7F, 0x00, 0x3F, 0xFF, 0x00, 0x00, 0x7F, 0x00, 0x3F, 0xBF, 0x40, 0x00, 0x7F, 0x00, 0x3F,
    0x3F, 0xC0, 0x00, 0x7F, 0x00, 0x3F, 0x0F, 0xE0, 0x00, 0x7F, 0x00, 0x3F, 0x0F, 0xF0, 0x00, 0x7F,
    0x00, 0x3F, 0x03, 0xF8, 0x00, 0x7F, 0x00, 0x3F, 0x02, 0xFC, 0x00, 0x7F, 0x00, 0x3F, 0x00, 0xFE,
    0x00, 0x7F, 0x00, 0x3F, 0x00, 0xBF, 0x00, 0x7F, 0x00, 0x3F, 0x00, 0x3F, 0x80, 0x7F, 0x00, 0x3F,
    0x00, 0x2F, 0xC0, 0x7F, 0x00, 0x3F, 0x00, 0x0F, 0xF0, 0x7F, 0x00, 0x3F, 0x00, 0x0B, 0xF0, 0x7F,
    0x00, 0x3F, 0x00, 0x03, 0xFC, 0x7F, 0x00, 0x3F, 0x00, 0x02, 0xFC, 0x7F, 0x00, 0x3F, 0x00, 0x00,
    0xFF, 0xBF, 0x00, 0x3F, 0x00, 0x00, 0x7F, 0xFF, 0x00, 0x3F, 0x00, 0x00, 0x3F, 0xFF, 0x00, 0x3F,
    0x00, 0x00, 0x0F, 0xFF, 0x00, 0x3F, 0x00, 0x00, 0x0F, 0xFF, 0x00, 0x3F, 0x00, 0x00, 0x03, 0xFF,
    0x00, 0x00, 0x00, 0x00, 0x00, 0x00, 0x00, 0x00, 0x00, 0xF8, 0x00, 0x00, 0x00, 0x00, 0x00, 0xFE,
    0x00, 0x00, 0x00, 0x00, 0x00, 0xBF, 0x80, 0x00, 0x00, 0x00, 0x00, 0x0F, 0xE0, 0x00, 0x00, 0x00,
    0x00, 0x00, 0x00, 0x00, 0x00, 0x00, 0x00, 0x00, 0x00, 0x00, 0x00, 0x00, 0x00, 0x2A, 0xA8, 0x00,
    0x00, 0x00, 0x07, 0xFF, 0xFF, 0xE0, 0x00, 0x00, 0x2F, 0xFF, 0xFF, 0xFC, 0x00, 0x00, 0xFF, 0xF9,
    0x6F, 0xFF, 0x00, 0x02, 0xFF, 0x00, 0x00, 0xFF, 0xC0, 0x07, 0xFC, 0x00, 0x00, 0x2F, 0xE0, 0x0F,
    0xF0, 0x00, 0x00, 0x0F, 0xF0, 0x0F, 0xE0, 0x00, 0x00, 0x03, 0xF8, 0x2F, 0xC0, 0x00, 0x00, 0x03,
    0xFC, 0x3F, 0xC0, 0x00, 0x00, 0x02, 0xFC, 0x3F, 0x80, 0x00, 0x00, 0x01, 0xFC, 0x3F, 0x80, 0x00,
    0x00, 0x00, 0xFC, 0x3F, 0x40, 0x00, 0x00, 0x00, 0xFE, 0x3F, 0x40, 0x00, 0x00, 0x00, 0xFD, 0x3F,
    0x80, 0x00, 0x00, 0x00, 0xFC, 0x3F, 0x80, 0x00, 0x00, 0x02, 0xFC, 0x3F, 0xC0, 0x00, 0x00, 0x02,
    0xFC, 0x2F, 0xC0, 0x00, 0x00, 0x03, 0xF8, 0x0F, 0xE0, 0x00, 0x00, 0x0B, 0xF4, 0x0F, 0xF4, 0x00,
    0x00, 0x0F, 0xF0, 0x03, 0xFD, 0x00, 0x00, 0x3F, 0xC0, 0x02, 0xFF, 0x80, 0x02, 0xFF, 0x80, 0x00,
    0xBF, 0xFE, 0xBF, 0xFE, 0x00, 0x00, 0x1F, 0xFF, 0xFF, 0xF8, 0x00, 0x00, 0x02, 0xFF, 0xFF, 0x80,
    0x00, 0x00, 0x00, 0x00, 0x00, 0x00, 0x00, 0x00, 0x00, 0x00, 0x00, 0x00, 0x00, 0x00, 0x00, 0x00,
    0x2F, 0x00, 0x00, 0x00, 0x00, 0x00, 0xBF, 0x00, 0x00, 0x00, 0x00, 0x02, 0xFE, 0x00, 0x00, 0x00,
    0x00, 0x0B, 0xF0, 0x00, 0x00, 0x00, 0x00, 0x00, 0x00, 0x00, 0x00, 0x00, 0x00, 0x00, 0x00, 0x00,
    0x00, 0x00, 0x00, 0x2A, 0xA8, 0x00, 0x00, 0x00, 0x07, 0xFF, 0xFF, 0xE0, 0x00, 0x00, 0x2F, 0xFF,
    0xFF, 0xFC, 0x00, 0x00, 0xFF, 0xF9, 0x6F, 0xFF, 0x00, 0x02, 0xFF, 0x00, 0x00, 0xFF, 0xC0, 0x07,
    0xFC, 0x00, 0x00, 0x2F, 0xE0, 0x0F, 0xF0, 0x00, 0x00, 0x0F, 0xF0, 0x0F, 0xE0, 0x00, 0x00, 0x03,
    0xF8, 0x2F, 0xC0, 0x00, 0x00, 0x03, 0xFC, 0x3F, 0xC0, 0x00, 0x00, 0x02, 0xFC, 0x3F, 0x80, 0x00,
    0x00, 0x01, 0xFC, 0x3F, 0x80, 0x00, 0x00, 0x00, 0xFC, 0x3F, 0x40, 0x00, 0x00, 0x00, 0xFE, 0x3F,
    0x40, 0x00, 0x00, 0x00, 0xFD, 0x3F, 0x80, 0x00, 0x00, 0x00, 0xFC, 0x3F, 0x80, 0x00, 0x00, 0x02,
    0xFC, 0x3F, 0xC0, 0x00, 0x00, 0x02, 0xFC, 0x2F, 0xC0, 0x00, 0x00, 0x03, 0xF8, 0x0F, 0xE0, 0x00,
    0x00, 0x0B, 0xF4, 0x0F, 0xF4, 0x00, 0x00, 0x0F, 0xF0, 0x03, 0xFD, 0x00, 0x00, 0x3F, 0xC0, 0x02,
    0xFF, 0x80, 0x02, 0xFF, 0x80, 0x00, 0xBF, 0xFE, 0xBF, 0xFE, 0x00, 0x00, 0x1F, 0xFF, 0xFF, 0xF8,
    0x00, 0x00, 0x02, 0xFF, 0xFF, 0x80, 0x00, 0x00, 0x00, 0x00, 0x00, 0x00, 0x00, 0x00, 0x00, 0x00,
    0x40, 0x00, 0x00, 0x00, 0x00, 0x0F, 0xF0, 0x00, 0x00, 0x00, 0x00, 0x3F, 0xFD, 0x00, 0x00, 0x00,
    0x00, 0xFE, 0x3F, 0x80, 0x00, 0x00, 0x07, 0xF4, 0x0F, 0xE0, 0x00, 0x00, 0x00, 0x00, 0x00, 0x00,
    0x00, 0x00, 0x00, 0x00, 0x00, 0x00, 0x00, 0x00, 0x00, 0x2A, 0xA8, 0x00, 0x00, 0x00, 0x07, 0xFF,
    0xFF, 0xE0, 0x00, 0x00, 0x2F, 0xFF, 0xFF, 0xFC, 0x00, 0x00, 0xFF, 0xF9, 0x6F, 0xFF, 0x00, 0x02,
    0xFF, 0x00, 0x00, 0xFF, 0xC0, 0x07, 0xFC, 0x00, 0x00, 0x2F, 0xE0, 0x0F, 0xF0, 0x00, 0x00, 0x0F,
    0xF0, 0x0F, 0xE0, 0x00, 0x00, 0x03, 0xF8, 0x2F, 0xC0, 0x00, 0x00, 0x03, 0xFC, 0x3F, 0xC0, 0x00,
    0x00, 0x02, 0xFC, 0x3F, 0x80, 0x00, 0x00, 0x01, 0xFC, 0x3F, 0x80, 0x00, 0x00, 0x00, 0xFC, 0x3F,
    0x40, 0x00, 0x00, 0x00, 0xFE, 0x3F, 0x40, 0x00, 0x00, 0x00, 0xFD, 0x3F, 0x80, 0x00, 0x00, 0x00,
    0xFC, 0x3F, 0x80, 0x00, 0x00, 0x02, 0xFC, 0x3F, 0xC0, 0x00, 0x00, 0x02, 0xFC, 0x2F, 0xC0, 0x00,
    0x00, 0x03, 0xF8, 0x0F, 0xE0, 0x00, 0x00, 0x0B, 0xF4, 0x0F, 0xF4, 0x00, 0x00, 0x0F, 0xF0, 0x03,
    0xFD, 0x00, 0x00, 0x3F, 0xC0, 0x02, 0xFF, 0x80, 0x02, 0xFF, 0x80, 0x00, 0xBF, 0xFE, 0xBF, 0xFE,
    0x00, 0x00, 0x1F, 0xFF, 0xFF, 0xF8, 0x00, 0x00, 0x02, 0xFF, 0xFF, 0x80, 0x00, 0x00, 0x00, 0x00,
    0x00, 0x00, 0x00, 0x00, 0x00, 0xBE, 0x00, 0xE0, 0x00, 0x00, 0x03, 0xFF, 0xEB, 0xF0, 0x00, 0x00,
    0x0B, 0xEB, 0xFF, 0xE0, 0x00, 0x00, 0x0F, 0xC0, 0xBF, 0x80, 0x00, 0x00, 0x00, 0x00, 0x00, 0x00,
    0x00, 0x00, 0x00, 0x00, 0x00, 0x00, 0x00, 0x00, 0x00, 0x2A, 0xA8, 0x00, 0x00, 0x00, 0x07, 0xFF,
    0xFF, 0xE0, 0x00, 0x00, 0x2F, 0xFF, 0xFF, 0xFC, 0x00, 0x00, 0xFF, 0xF9, 0x6F, 0xFF, 0x00, 0x02,
    0xFF, 0x00, 0x00, 0xFF, 0xC0, 0x07, 0xFC, 0x00, 0x00, 0x2F, 0xE0, 0x0F, 0xF0, 0x00, 0x00, 0x0F,
    0xF0, 0x0F, 0xE0, 0x00, 0x00, 0x03, 0xF8, 0x2F, 0xC0, 0x00, 0x00, 0x03, 0xFC, 0x3F, 0xC0, 0x00,
    0x00, 0x02, 0xFC, 0x3F, 0x80, 0x00, 0x00, 0x01, 0xFC, 0x3F, 0x80, 0x00, 0x00, 0x00, 0xFC, 0x3F,
    0x40, 0x00, 0x00, 0x00, 0xFE, 0x3F, 0x40, 0x00, 0x00, 0x00, 0xFD, 0x3F, 0x80, 0x00, 0x00, 0x00,
    0xFC, 0x3F, 0x80, 0x00, 0x00, 0x02, 0xFC, 0x3F, 0xC0, 0x00, 0x00, 0x02, 0xFC, 0x2F, 0xC0, 0x00,
    0x00, 0x03, 0xF8, 0x0F, 0xE0, 0x00, 0x00, 0x0B, 0xF4, 0x0F, 0xF4, 0x00, 0x00, 0x0F, 0xF0, 0x03,
    0xFD, 0x00, 0x00, 0x3F, 0xC0, 0x02, 0xFF, 0x80, 0x02, 0xFF, 0x80, 0x00, 0xBF, 0xFE, 0xBF, 0xFE,
    0x00, 0x00, 0x1F, 0xFF, 0xFF, 0xF8, 0x00, 0x00, 0x02, 0xFF, 0xFF, 0x80, 0x00, 0x00, 0x00, 0x00,
    0x00, 0x00, 0x00, 0x00, 0x02, 0x80, 0x02, 0x80, 0x00, 0x00, 0x0B, 0xF0, 0x0F, 0xF0, 0x00, 0x00,
    0x0B, 0xF0, 0x0F, 0xF0, 0x00, 0x00, 0x03, 0xF0, 0x0B, 0xE0, 0x00, 0x00, 0x00, 0x00, 0x00, 0x00,
    0x00, 0x00, 0x00, 0x00, 0x00, 0x00, 0x00, 0x00, 0x00, 0x2A, 0xA8, 0x00, 0x00, 0x00, 0x07, 0xFF,
    0xFF, 0xE0, 0x00, 0x00, 0x2F, 0xFF, 0xFF, 0xFC, 0x00, 0x00, 0xFF, 0xF9, 0x6F, 0xFF, 0x00, 0x02,
    0xFF, 0x00, 0x00, 0xFF, 0xC0, 0x07, 0xFC, 0x00, 0x00, 0x2F, 0xE0, 0x0F, 0xF0, 0x00, 0x00, 0x0F,
    0xF0, 0x0F, 0xE0, 0x00, 0x00, 0x03, 0xF8, 0x2F, 0xC0, 0x00, 0x00, 0x03, 0xFC, 0x3F, 0xC0, 0x00,
    0x00, 0x02, 0xFC, 0x3F, 0x80, 0x00, 0x00, 0x01, 0xFC, 0x3F, 0x80, 0x00, 0x00, 0x00, 0xFC, 0x3F,
    0x40, 0x00, 0x00, 0x00, 0xFE, 0x3F, 0x40, 0x00, 0x00, 0x00, 0xFD, 0x3F, 0x80, 0x00, 0x00, 0x00,
    0xFC, 0x3F, 0x80, 0x00, 0x00, 0x02, 0xFC, 0x3F, 0xC0, 0x00, 0x00, 0x02, 0xFC, 0x2F, 0xC0, 0x00,
    0x00, 0x03, 0xF8, 0x0F, 0xE0, 0x00, 0x00, 0x0B, 0xF4, 0x0F, 0xF4, 0x00, 0x00, 0x0F, 0xF0, 0x03,
    0xFD, 0x00, 0x00, 0x3F, 0xC0, 0x02, 0xFF, 0x80, 0x02, 0xFF, 0x80, 0x00, 0xBF, 0xFE, 0xBF, 0xFE,
    0x00, 0x00, 0x1F, 0xFF, 0xFF, 0xF8, 0x00, 0x00, 0x02, 0xFF, 0xFF, 0x80, 0x00, 0x00, 0x00, 0x00,
    0x00, 0x00, 0x00, 0x0A, 0x00, 0x00, 0x28, 0x00, 0x2F, 0x80, 0x00, 0xBE, 0x00, 0x3F, 0xE0, 0x02,
    0xFF, 0x00, 0x0F, 0xF8, 0x0B, 0xFC, 0x00, 0x03, 0xFE, 0x2F, 0xF0, 0x00, 0x00, 0xFF, 0xBF, 0xC0,
    0x00, 0x00, 0x3F, 0xFF, 0x00, 0x00, 0x00, 0x0F, 0xFC, 0x00, 0x00, 0x00, 0x1F, 0xFE, 0x00, 0x00,
    0x00, 0x7F, 0xFF, 0x80, 0x00, 0x01, 0xFF, 0x7F, 0xE0, 0x00, 0x0B, 0xFC, 0x0F, 0xF8, 0x00, 0x2F,
    0xF0, 0x03, 0xFE, 0x00, 0x3F, 0xC0, 0x00, 0xFF, 0x00, 0x0F, 0x00, 0x00, 0x3C, 0x00, 0x00, 0x00,
    0x00, 0x00, 0x00, 0x00, 0x00, 0x2A, 0xA8, 0x00, 0x00, 0x00, 0x07, 0xFF, 0xFF, 0xE0, 0xB4, 0x00,
    0x2F, 0xFF, 0xFF, 0xFE, 0xF0, 0x00, 0xFF, 0xFA, 0x6F, 0xFF, 0xC0, 0x02, 0xFF, 0x40, 0x00, 0xFF,
    0xC0, 0x07, 0xFC, 0x00, 0x00, 0x3F, 0xE0, 0x0F, 0xF0, 0x00, 0x00, 0xFF, 0xF0, 0x0F, 0xE0, 0x00,
    0x03, 0xFB, 0xF8, 0x2F, 0xC0, 0x00, 0x0B, 0xC3, 0xFC, 0x3F, 0xC0, 0x00, 0x2F, 0x02, 0xFC, 0x3F,
    0x80, 0x00, 0x7C, 0x01, 0xFC, 0x3F, 0x80, 0x00, 0xF8, 0x00, 0xFC, 0x3F, 0x40, 0x03, 0xE0, 0x00,
    0xFE, 0x3F, 0x40, 0x0F, 0xC0, 0x00, 0xFD, 0x3F, 0x80, 0x3F, 0x00, 0x00, 0xFC, 0x3F, 0x80, 0xBC,
    0x00, 0x02, 0xFC, 0x3F, 0xC2, 0xF0, 0x00, 0x02, 0xFC, 0x2F, 0xC7, 0xD0, 0x00, 0x03, 0xF8, 0x0F,
    0xFF, 0x80, 0x00, 0x0B, 0xF4, 0x0F, 0xFE, 0x00, 0x00, 0x0F, 0xF0, 0x03, 0xFD, 0x00, 0x00, 0x3F,
    0xC0, 0x03, 0xFF, 0x80, 0x02, 0xFF, 0x80, 0x0B, 0xFF, 0xFE, 0xBF, 0xFE, 0x00, 0x2F, 0x1F, 0xFF,
    0xFF, 0xF8, 0x00, 0x0D, 0x02, 0xFF, 0xFF, 0x80, 0x00, 0x00, 0x00, 0x00, 0x00, 0x00, 0x00, 0x00,
    0x00, 0x00, 0x00, 0x00, 0x00, 0x00, 0x0F, 0xC0, 0x00, 0x00, 0x00, 0x00, 0x0F, 0xF0, 0x00, 0x00,
    0x00, 0x00, 0x03, 0xFC, 0x00, 0x00, 0x00, 0x00, 0x00, 0xBF, 0x00, 0x00, 0x00, 0x00, 0x00, 0x00,
    0x00, 0x00, 0x00, 0x00, 0x00, 0x00, 0x00, 0x00, 0x00, 0x00, 0x00, 0x00, 0x00, 0x00, 0x00, 0x3F,
    0x00, 0x00, 0x00, 0x3F, 0x00, 0x3F, 0x00, 0x00, 0x00, 0x3F, 0x00, 0x3F, 0x00, 0x00, 0x00, 0x3F,
    0x00, 0x3F, 0x00, 0x00, 0x00, 0x3F, 0x00, 0x3F, 0x00, 0x00, 0x00, 0x3F, 0x00, 0x3F, 0x00, 0x00,
    0x00, 0x3F, 0x00, 0x3F, 0x00, 0x00, 0x00, 0x3F, 0x00, 0x3F, 0x00, 0x00, 0x00, 0x3F, 0x00, 0x3F,
    0x00, 0x00, 0x00, 0x3F, 0x00, 0x3F, 0x00, 0x00, 0x00, 0x3F, 0x00, 0x3F, 0x00, 0x00, 0x00, 0x3F,
    0x00, 0x3F, 0x00, 0x00, 0x00, 0x3F, 0x00, 0x3F, 0x00, 0x00, 0x00, 0x3F, 0x00, 0x3F, 0x00, 0x00,
    0x00, 0x3F, 0x00, 0x3F, 0x00, 0x00, 0x00, 0x7F, 0x00, 0x3F, 0x00, 0x00, 0x00, 0xBF, 0x00, 0x3F,
    0x80, 0x00, 0x00, 0xBF, 0x00, 0x3F, 0x80, 0x00, 0x00, 0xFF, 0x00, 0x3F, 0xC0, 0x00, 0x00, 0xFE,
    0x00, 0x1F, 0xF0, 0x00, 0x03, 0xFC, 0x00, 0x0F, 0xFC, 0x00, 0x0F, 0xFC, 0x00, 0x03, 0xFF, 0xFB,
    0xFF, 0xF0, 0x00, 0x00, 0xFF, 0xFF, 0xFF, 0xC0, 0x00, 0x00, 0x2F, 0xFF, 0xFE, 0x00, 0x00, 0x00,
    0x00, 0x00, 0x00, 0x00, 0x00, 0x00, 0x00, 0x00, 0x00, 0x00, 0x00, 0x00, 0x00, 0x01, 0xF8, 0x00,
    0x00, 0x00, 0x00, 0x07, 0xF8, 0x00, 0x00, 0x00, 0x00, 0x0F, 0xE0, 0x00, 0x00, 0x00, 0x00, 0x3F,
    0x00, 0x00, 0x00, 0x00, 0x00, 0x00, 0x00, 0x00, 0x00, 0x00, 0x00, 0x00, 0x00, 0x00, 0x00, 0x00,
    0x00, 0x00, 0x00, 0x00, 0x00, 0x3F, 0x00, 0x00, 0x00, 0x3F, 0x00, 0x3F, 0x00, 0x00, 0x00, 0x3F,
    0x00, 0x3F, 0x00, 0x00, 0x00, 0x3F, 0x00, 0x3F, 0x00, 0x00, 0x00, 0x3F, 0x00, 0x3F, 0x00, 0x00,
    0x00, 0x3F, 0x00, 0x3F, 0x00, 0x00, 0x00, 0x3F, 0x00, 0x3F, 0x00, 0x00, 0x00, 0x3F, 0x00, 0x3F,
    0x00, 0x00, 0x00, 0x3F, 0x00, 0x3F, 0x00, 0x00, 0x00, 0x3F, 0x00, 0x3F, 0x00, 0x00, 0x00, 0x3F,
    0x00, 0x3F, 0x00, 0x00, 0x00, 0x3F, 0x00, 0x3F, 0x00, 0x00, 0x00, 0x3F, 0x00, 0x3F, 0x00, 0x00,
    0x00, 0x3F, 0x00, 0x3F, 0x00, 0x00, 0x00, 0x3F, 0x00, 0x3F, 0x00, 0x00, 0x00, 0x7F, 0x00, 0x3F,
    0x00, 0x00, 0x00, 0xBF, 0x00, 0x3F, 0x80, 0x00, 0x00, 0xBF, 0x00, 0x3F, 0x80, 0x00, 0x00, 0xFF,
    0x00, 0x3F, 0xC0, 0x00, 0x00, 0xFE, 0x00, 0x1F, 0xF0, 0x00, 0x03, 0xFC, 0x00, 0x0F, 0xFC, 0x00,
    0x0F, 0xFC, 0x00, 0x03, 0xFF, 0xFB, 0xFF, 0xF0, 0x00, 0x00, 0xFF, 0xFF, 0xFF, 0xC0, 0x00, 0x00,
    0x2F, 0xFF, 0xFE, 0x00, 0x00, 0x00, 0x00, 0x00, 0x00, 0x00, 0x00, 0x00, 0x00, 0x08, 0x00, 0x00,
    0x00, 0x00, 0x00, 0xBF, 0x80, 0x00, 0x00, 0x00, 0x03, 0xFF, 0xE0, 0x00, 0x00, 0x00, 0x0F, 0xE3,
    0xFC, 0x00, 0x00, 0x00, 0x3F, 0x80, 0xFF, 0x00, 0x00, 0x00, 0x00, 0x00, 0x00, 0x00, 0x00, 0x00,
    0x00, 0x00, 0x00, 0x00, 0x00, 0x00, 0x00, 0x00, 0x00, 0x00, 0x00, 0x3F, 0x00, 0x00, 0x00, 0x3F,
    0x00, 0x3F, 0x00, 0x00, 0x00, 0x3F, 0x00, 0x3F, 0x00, 0x00, 0x00, 0x3F, 0x00, 0x3F, 0x00, 0x00,
    0x00, 0x3F, 0x00, 0x3F, 0x00, 0x00, 0x00, 0x3F, 0x00, 0x3F, 0x00, 0x00, 0x00, 0x3F, 0x00, 0x3F,
    0x00, 0x00, 0x00, 0x3F, 0x00, 0x3F, 0x00, 0x00, 0x00, 0x3F, 0x00, 0x3F, 0x00, 0x00, 0x00, 0x3F,
    0x00, 0x3F, 0x00, 0x00, 0x00, 0x3F, 0x00, 0x3F, 0x00, 0x00, 0x00, 0x3F, 0x00, 0x3F, 0x00, 0x00,
    0x00, 0x3F, 0x00, 0x3F, 0x00, 0x00, 0x00, 0x3F, 0x00, 0x3F, 0x00, 0x00, 0x00, 0x3F, 0x00, 0x3F,
    0x00, 0x00, 0x00, 0x7F, 0x00, 0x3F, 0x00, 0x00, 0x00, 0xBF, 0x00, 0x3F, 0x80, 0x00, 0x00, 0xBF,
    0x00, 0x3F, 0x80, 0x00, 0x00, 0xFF, 0x00, 0x3F, 0xC0, 0x00, 0x00, 0xFE, 0x00, 0x1F, 0xF0, 0x00,
    0x03, 0xFC, 0x00, 0x0F, 0xFC, 0x00, 0x0F, 0xFC, 0x00, 0x03, 0xFF, 0xFB, 0xFF, 0xF0, 0x00, 0x00,
    0xFF, 0xFF, 0xFF, 0xC0, 0x00, 0x00, 0x2F, 0xFF, 0xFE, 0x00, 0x00, 0x00, 0x00, 0x00, 0x00, 0x00,
    0x00, 0x00, 0x1A, 0x00, 0x28, 0x00, 0x00, 0x00, 0x3F, 0x80, 0xBF, 0x00, 0x00, 0x00, 0x7F, 0x80,
    0xBF, 0x00, 0x00, 0x00, 0x3F, 0x00, 0x7F, 0x00, 0x00, 0x00, 0x00, 0x00, 0x00, 0x00, 0x00, 0x00,
    0x00, 0x00, 0x00, 0x00, 0x00, 0x00, 0x00, 0x00, 0x00, 0x00, 0x00, 0x3F, 0x00, 0x00, 0x00, 0x3F,
    0x00, 0x3F, 0x00, 0x00, 0x00, 0x3F, 0x00, 0x3F, 0x00, 0x00, 0x00, 0x3F, 0x00, 0x3F, 0x00, 0x00,
    0x00, 0x3F, 0x00, 0x3F, 0x00, 0x00, 0x00, 0x3F, 0x00, 0x3F, 0x00, 0x00, 0x00, 0x3F, 0x00, 0x3F,
    0x00, 0x00, 0x00, 0x3F, 0x00, 0x3F, 0x00, 0x00, 0x00, 0x3F, 0x00, 0x3F, 0x00, 0x00, 0x00, 0x3F,
    0x00, 0x3F, 0x00, 0x00, 0x00, 0x3F, 0x00, 0x3F, 0x00, 0x00, 0x00, 0x3F, 0x00, 0x3F, 0x00, 0x00,
    0x00, 0x3F, 0x00, 0x3F, 0x00, 0x00, 0x00, 0x3F, 0x00, 0x3F, 0x00, 0x00, 0x00, 0x3F, 0x00, 0x3F,
    0x00, 0x00, 0x00, 0x7F, 0x00, 0x3F, 0x00, 0x00, 0x00, 0xBF, 0x00, 0x3F, 0x80, 0x00, 0x00, 0xBF,
    0x00, 0x3F, 0x80, 0x00, 0x00, 0xFF, 0x00, 0x3F, 0xC0, 0x00, 0x00, 0xFE, 0x00, 0x1F, 0xF0, 0x00,
    0x03, 0xFC, 0x00, 0x0F, 0xFC, 0x00, 0x0F, 0xFC, 0x00, 0x03, 0xFF, 0xFB, 0xFF, 0xF0, 0x00, 0x00,
    0xFF, 0xFF, 0xFF, 0xC0, 0x00, 0x00, 0x2F, 0xFF, 0xFE, 0x00, 0x00, 0x00, 0x00, 0x00, 0x00, 0x00,
    0x00, 0x00, 0x00, 0x00, 0x00, 0x00, 0x00, 0x00, 0x00, 0x00, 0xF8, 0x00, 0x00, 0x00, 0x00, 0x03,
    0xFC, 0x00, 0x00, 0x00, 0x00, 0x0F, 0xF0, 0x00, 0x00, 0x00, 0x00, 0x3F, 0x80, 0x00, 0x00, 0x00,
    0x00, 0x00, 0x00, 0x00, 0x00, 0x00, 0x00, 0x00, 0x00, 0x00, 0x00, 0x00, 0x00, 0x00, 0x00, 0x00,
    0x00, 0x7F, 0x80, 0x00, 0x00, 0x3F, 0xC0, 0x3F, 0xC0, 0x00, 0x00, 0xFF, 0x00, 0x0F, 0xF0, 0x00,
    0x00, 0xFE, 0x00, 0x0B, 0xF0, 0x00, 0x03, 0xFC, 0x00, 0x03, 0xFC, 0x00, 0x0B, 0xF8, 0x00, 0x02,
    0xFE, 0x00, 0x0F, 0xF0, 0x00, 0x00, 0xFF, 0x00, 0x2F, 0xC0, 0x00, 0x00, 0x3F, 0x80, 0x3F, 0x80,
    0x00, 0x00, 0x2F, 0xC0, 0xFF, 0x00, 0x00, 0x00, 0x0F, 0xF0, 0xFE, 0x00, 0x00, 0x00, 0x0B, 0xF7,
    0xFC, 0x00, 0x00, 0x00, 0x03, 0xFF, 0xF0, 0x00, 0x00, 0x00, 0x00, 0xFF, 0xF0, 0x00, 0x00, 0x00,
    0x00, 0xBF, 0xC0, 0x00, 0x00, 0x00, 0x00, 0x3F, 0x80, 0x00, 0x00, 0x00, 0x00, 0x3F, 0x80, 0x00,
    0x00, 0x00, 0x00, 0x3F, 0x80, 0x00, 0x00, 0x00, 0x00, 0x3F, 0x80, 0x00, 0x00, 0x00, 0x00, 0x3F,
    0x80, 0x00, 0x00, 0x00, 0x00, 0x3F, 0x80, 0x00, 0x00, 0x00, 0x00, 0x3F, 0x80, 0x00, 0x00, 0x00,
    0x00, 0x3F, 0x80, 0x00, 0x00, 0x00, 0x00, 0x3F, 0x80, 0x00, 0x00, 0x00, 0x00, 0x3F, 0x80, 0x00,
    0x00, 0x00, 0x00, 0x00, 0x00, 0x00, 0x3F, 0x00, 0x00, 0x00, 0x00, 0x3F, 0x00, 0x00, 0x00, 0x00,
    0x3F, 0x00, 0x00, 0x00, 0x00, 0x3F, 0x00, 0x00, 0x00, 0x00, 0x3F, 0x00, 0x00, 0x00, 0x00, 0x3F,
    0xFF, 0xFF, 0xE0, 0x00, 0x3F, 0xFF, 0xFF, 0xFE, 0x00, 0x3F, 0xFF, 0xFF, 0xFF, 0x80, 0x3F, 0x00,
    0x00, 0xBF, 0xC0, 0x3F, 0x00, 0x00, 0x2F, 0xC0, 0x3F, 0x00, 0x00, 0x0F, 0xC0, 0x3F, 0x00, 0x00,
    0x0F, 0xE0, 0x3F, 0x00, 0x00, 0x0F, 0xC0, 0x3F, 0x00, 0x00, 0x3F, 0xC0, 0x3F, 0x00, 0x00, 0xFF,
    0xC0, 0x3F, 0xFF, 0xFF, 0xFF, 0x00, 0x3F, 0xFF, 0xFF, 0xFD, 0x00, 0x3F, 0xFF, 0xFF, 0x90, 0x00,
    0x3F, 0x00, 0x00, 0x00, 0x00, 0x3F, 0x00, 0x00, 0x00, 0x00, 0x3F, 0x00, 0x00, 0x00, 0x00, 0x3F,
    0x00, 0x00, 0x00, 0x00, 0x3F, 0x00, 0x00, 0x00, 0x00, 0x3F, 0x00, 0x00, 0x00, 0x00, 0x00, 0x0A,
    0xAA, 0x00, 0x00, 0x00, 0xFF, 0xFF, 0xF0, 0x00, 0x0B, 0xFF, 0xFF, 0xFD, 0x00, 0x0F, 0xF8, 0x02,
    0xFF, 0x00, 0x2F, 0xC0, 0x00, 0x3F, 0x80, 0x3F, 0x40, 0x00, 0x2F, 0x80, 0x3F, 0x00, 0x00, 0x2F,
    0xC0, 0x3F, 0x00, 0x00, 0x2F, 0x80, 0x3F, 0x00, 0x00, 0x3F, 0x00, 0x3F, 0x00, 0x02, 0xFF, 0x00,
    0x3F, 0x00, 0xFF, 0xF8, 0x00, 0x3F, 0x00, 0xFF, 0xF0, 0x00, 0x3F, 0x00, 0xFF, 0xFE, 0x00, 0x3F,
    0x00, 0x02, 0xFF, 0xC0, 0x3F, 0x00, 0x00, 0x2F, 0xE0, 0x3F, 0x00, 0x00, 0x0F, 0xF0, 0x3F, 0x00,
    0x00, 0x07, 0xF0, 0x3F, 0x00, 0x00, 0x03, 0xF0, 0x3F, 0x00, 0x00, 0x03, 0xF0, 0x3F, 0x00, 0x00,
    0x0B, 0xF0, 0x3F, 0x00, 0x00, 0x0F, 0xF0, 0x3F, 0x00, 0x00, 0x3F, 0xC0, 0x3F, 0x00, 0xAB, 0xFF,
    0x80, 0x3F, 0x00, 0xFF, 0xFE, 0x00, 0x3F, 0x00, 0xBF, 0xE0, 0x00, 0x00, 0x00, 0x00, 0x00, 0x00,
    0x00, 0x28, 0x00, 0x00, 0x00, 0x00, 0x7E, 0x00, 0x00, 0x00, 0x00, 0x3F, 0x80, 0x00, 0x00, 0x00,
    0x1F, 0xC0, 0x00, 0x00, 0x00, 0x03, 0xF0, 0x00, 0x00, 0x00, 0x00, 0x50, 0x00, 0x00, 0x00, 0x00,
    0x00, 0x00, 0x00, 0x00, 0x00, 0x00, 0x00, 0x00, 0x00, 0xBF, 0xFF, 0x80, 0x00, 0x03, 0xFF, 0xFF,
    0xF0, 0x00, 0x0F, 0xF8, 0x1F, 0xF8, 0x00, 0x0F, 0xC0, 0x02, 0xFC, 0x00, 0x0A, 0x80, 0x00, 0xFC,
    0x00, 0x00, 0x00, 0x00, 0xFE, 0x00, 0x00, 0x00, 0x00, 0xFE, 0x00, 0x00, 0x02, 0xBF, 0xFE, 0x00,
    0x00, 0xBF, 0xFF, 0xFE, 0x00, 0x0F, 0xFF, 0xFA, 0xBE, 0x00, 0x3F, 0xF8, 0x00, 0xBE, 0x00, 0x7F,
    0x80, 0x00, 0xBE, 0x00, 0xBF, 0x00, 0x00, 0xFE, 0x00, 0xBF, 0x00, 0x00, 0xFE, 0x00, 0xBF, 0x00,
    0x03, 0xFE, 0x00, 0x3F, 0xE0, 0x6F, 0xFF, 0x00, 0x2F, 0xFF, 0xFF, 0x3F, 0x00, 0x03, 0xFF, 0xF8,
    0x3F, 0x00, 0x00, 0x00, 0x00, 0x00, 0x00, 0x00, 0x00, 0x0A, 0x00, 0x00, 0x00, 0x00, 0x2F, 0x80,
    0x00, 0x00, 0x00, 0x3F, 0x80, 0x00, 0x00, 0x00, 0xFE, 0x00, 0x00, 0x00, 0x03, 0xF8, 0x00, 0x00,
    0x00, 0x01, 0x40, 0x00, 0x00, 0x00, 0x00, 0x00, 0x00, 0x00, 0x00, 0x00, 0x00, 0x00, 0x00, 0x00,
    0xBF, 0xFF, 0x80, 0x00, 0x03, 0xFF, 0xFF, 0xF0, 0x00, 0x0F, 0xF8, 0x1F, 0xF8, 0x00, 0x0F, 0xC0,
    0x02, 0xFC, 0x00, 0x0A, 0x80, 0x00, 0xFC, 0x00, 0x00, 0x00, 0x00, 0xFE, 0x00, 0x00, 0x00, 0x00,
    0xFE, 0x00, 0x00, 0x02, 0xBF, 0xFE, 0x00, 0x00, 0xBF, 0xFF, 0xFE, 0x00, 0x0F, 0xFF, 0xFA, 0xBE,
    0x00, 0x3F, 0xF8, 0x00, 0xBE, 0x00, 0x7F, 0x80, 0x00, 0xBE, 0x00, 0xBF, 0x00, 0x00, 0xFE, 0x00,
    0xBF, 0x00, 0x00, 0xFE, 0x00, 0xBF, 0x00, 0x03, 0xFE, 0x00, 0x3F, 0xE0, 0x6F, 0xFF, 0x00, 0x2F,
    0xFF, 0xFF, 0x3F, 0x00, 0x03, 0xFF, 0xF8, 0x3F, 0x00, 0x00, 0x00, 0x00, 0x00, 0x00, 0x00, 0x00,
    0x00, 0x00, 0x00, 0x00, 0x0B, 0xF4, 0x00, 0x00, 0x00, 0x2F, 0xFE, 0x00, 0x00, 0x00, 0xBF, 0x7F,
    0x80, 0x00, 0x03, 0xFC, 0x0F, 0xE0, 0x00, 0x00, 0x00, 0x00, 0x00, 0x00, 0x00, 0x00, 0x00, 0x00,
    0x00, 0x00, 0x00, 0x00, 0x00, 0x00, 0x00, 0xBF, 0xFF, 0x80, 0x00, 0x03, 0xFF, 0xFF, 0xF0, 0x00,
    0x0F, 0xF8, 0x1F, 0xF8, 0x00, 0x0F, 0xC0, 0x02, 0xFC, 0x00, 0x0A, 0x80, 0x00, 0xFC, 0x00, 0x00,
    0x00, 0x00, 0xFE, 0x00, 0x00, 0x00, 0x00, 0xFE, 0x00, 0x00, 0x02, 0xBF, 0xFE, 0x00, 0x00, 0xBF,
    0xFF, 0xFE, 0x00, 0x0F, 0xFF, 0xFA, 0xBE, 0x00, 0x3F, 0xF8, 0x00, 0xBE, 0x00, 0x7F, 0x80, 0x00,
    0xBE, 0x00, 0xBF, 0x00, 0x00, 0xFE, 0x00, 0xBF, 0x00, 0x00, 0xFE, 0x00, 0xBF, 0x00, 0x03, 0xFE,
    0x00, 0x3F, 0xE0, 0x6F, 0xFF, 0x00, 0x2F, 0xFF, 0xFF, 0x3F, 0x00, 0x03, 0xFF, 0xF8, 0x3F, 0x00,
    0x00, 0x00, 0x00, 0x00, 0x00, 0x00, 0x2A, 0x00, 0x60, 0x00, 0x02, 0xFF, 0xE2, 0xF4, 0x00, 0x03,
    0xFF, 0xFF, 0xF0, 0x00, 0x07, 0xC0, 0xBF, 0xC0, 0x00, 0x00, 0x00, 0x00, 0x00, 0x00, 0x00, 0x00,
    0x00, 0x00, 0x00, 0x00, 0x00, 0x00, 0x00, 0x00, 0x00, 0xBF, 0xFF, 0x80, 0x00, 0x03, 0xFF, 0xFF,
    0xF0, 0x00, 0x0F, 0xF8, 0x1F, 0xF8, 0x00, 0x0F, 0xC0, 0x02, 0xFC, 0x00, 0x0A, 0x80, 0x00, 0xFC,
    0x00, 0x00, 0x00, 0x00, 0xFE, 0x00, 0x00, 0x00, 0x00, 0xFE, 0x00, 0x00, 0x02, 0xBF, 0xFE, 0x00,
    0x00, 0xBF, 0xFF, 0xFE, 0x00, 0x0F, 0xFF, 0xFA, 0xBE, 0x00, 0x3F, 0xF8, 0x00, 0xBE, 0x00, 0x7F,
    0x80, 0x00, 0xBE, 0x00, 0xBF, 0x00, 0x00, 0xFE, 0x00, 0xBF, 0x00, 0x00, 0xFE, 0x00, 0xBF, 0x00,
    0x03, 0xFE, 0x00, 0x3F, 0xE0, 0x6F, 0xFF, 0x00, 0x2F, 0xFF, 0xFF, 0x3F, 0x00, 0x03, 0xFF, 0xF8,
    0x3F, 0x00, 0x00, 0x00, 0x00, 0x00, 0x00, 0x00, 0x00, 0x00, 0x00, 0x00, 0x03, 0xF0, 0x07, 0xF0,
    0x00, 0x03, 0xF8, 0x0B, 0xF0, 0x00, 0x03, 0xF8, 0x0B, 0xF0, 0x00, 0x00, 0xA0, 0x02, 0x80, 0x00,
    0x00, 0x00, 0x00, 0x00, 0x00, 0x00, 0x00, 0x00, 0x00, 0x00, 0x00, 0x00, 0x00, 0x00, 0x00, 0x00,
    0xBF, 0xFF, 0x80, 0x00, 0x03, 0xFF, 0xFF, 0xF0, 0x00, 0x0F, 0xF8, 0x1F, 0xF8, 0x00, 0x0F, 0xC0,
    0x02, 0xFC, 0x00, 0x0A, 0x80, 0x00, 0xFC, 0x00, 0x00, 0x00, 0x00, 0xFE, 0x00, 0x00, 0x00, 0x00,
    0xFE, 0x00, 0x00, 0x02, 0xBF, 0xFE, 0x00, 0x00, 0xBF, 0xFF, 0xFE, 0x00, 0x0F, 0xFF, 0xFA, 0xBE,
    0x00, 0x3F, 0xF8, 0x00, 0xBE, 0x00, 0x7F, 0x80, 0x00, 0xBE, 0x00, 0xBF, 0x00, 0x00, 0xFE, 0x00,
    0xBF, 0x00, 0x00, 0xFE, 0x00, 0xBF, 0x00, 0x03, 0xFE, 0x00, 0x3F, 0xE0, 0x6F, 0xFF, 0x00, 0x2F,
    0xFF, 0xFF, 0x3F, 0x00, 0x03, 0xFF, 0xF8, 0x3F, 0x00, 0x00, 0x00, 0x00, 0x00, 0x00, 0x00, 0x00,
    0x00, 0x00, 0x00, 0x00, 0x0B, 0xF8, 0x00, 0x00, 0x00, 0x2F, 0xFE, 0x00, 0x00, 0x00, 0x3E, 0x2F,
    0x00, 0x00, 0x00, 0xBC, 0x0F, 0x80, 0x00, 0x00, 0xBC, 0x0F, 0x40, 0x00, 0x00, 0x3F, 0xBF, 0x00,
    0x00, 0x00, 0x1F, 0xFE, 0x00, 0x00, 0x00, 0x02, 0xE0, 0x00, 0x00, 0x00, 0x00, 0x00, 0x00, 0x00,
    0x00, 0x00, 0x00, 0x00, 0x00, 0x00, 0xBF, 0xFF, 0x80, 0x00, 0x03, 0xFF, 0xFF, 0xF0, 0x00, 0x0F,
    0xF8, 0x1F, 0xF8, 0x00, 0x0F, 0xC0, 0x02, 0xFC, 0x00, 0x0A, 0x80, 0x00, 0xFC, 0x00, 0x00, 0x00,
    0x00, 0xFE, 0x00, 0x00, 0x00, 0x00, 0xFE, 0x00, 0x00, 0x02, 0xBF, 0xFE, 0x00, 0x00, 0xBF, 0xFF,
    0xFE, 0x00, 0x0F, 0xFF, 0xFA, 0xBE, 0x00, 0x3F, 0xF8, 0x00, 0xBE, 0x00, 0x7F, 0x80, 0x00, 0xBE,
    0x00, 0xBF, 0x00, 0x00, 0xFE, 0x00, 0xBF, 0x00, 0x00, 0xFE, 0x00, 0xBF, 0x00, 0x03, 0xFE, 0x00,
    0x3F, 0xE0, 0x6F, 0xFF, 0x00, 0x2F, 0xFF, 0xFF, 0x3F, 0x00, 0x03, 0xFF, 0xF8, 0x3F, 0x00, 0x00,
    0x00, 0x00, 0x00, 0x00, 0x00, 0x00, 0x00, 0x00, 0x00, 0x00, 0x00, 0x00, 0x00, 0x7F, 0xFF, 0x80,
    0x2F, 0xFF, 0x80, 0x00, 0x03, 0xFF, 0xFF, 0xF2, 0xFF, 0xFF, 0xF8, 0x00, 0x0B, 0xF8, 0x1B, 0xFF,
    0xFE, 0xAB, 0xFD, 0x00, 0x0F, 0xD0, 0x02, 0xFF, 0xE0, 0x00, 0xFF, 0x00, 0x0B, 0x80, 0x00, 0xFF,
    0xC0, 0x00, 0x3F, 0x80, 0x00, 0x00, 0x00, 0xFF, 0x00, 0x00, 0x0F, 0xC0, 0x00, 0x00, 0x00, 0xBF,
    0x00, 0x00, 0x0F, 0xC0, 0x00, 0x01, 0xAA, 0xFF, 0xAA, 0xAA, 0xAF, 0xE0, 0x00, 0xBF, 0xFF, 0xFF,
    0xFF, 0xFF, 0xFF, 0xE0, 0x0B, 0xFF, 0xFF, 0xFF, 0xFF, 0xFF, 0xFF, 0xD0, 0x3F, 0xF8, 0x00, 0xBF,
    0x00, 0x00, 0x00, 0x00, 0x7F, 0x80, 0x00, 0xBF, 0x00, 0x00, 0x00, 0x00, 0xBF, 0x00, 0x00, 0xFF,
    0x80, 0x00, 0x00, 0x00, 0xBF, 0x00, 0x00, 0xFF, 0xC0, 0x00, 0x00, 0x00, 0xBF, 0x00, 0x03, 0xFF,
    0xF0, 0x00, 0xBE, 0x00, 0x3F, 0xE0, 0x6F, 0xEB, 0xFF, 0xAB, 0xFF, 0x00, 0x2F, 0xFF, 0xFF, 0x82,
    0xFF, 0xFF, 0xF8, 0x00, 0x03, 0xFF, 0xF8, 0x00, 0x2F, 0xFF, 0xD0, 0x00, 0x00, 0x00, 0x00, 0x00,
    0x00, 0x00, 0x00, 0x00, 0x00, 0x00, 0x00, 0x00, 0x00, 0x2F, 0xFF, 0x80, 0x02, 0xFF, 0xFF, 0xF0,
    0x0B, 0xFE, 0xAF, 0xFC, 0x0F, 0xF0, 0x01, 0xFE, 0x3F, 0xC0, 0x00, 0x60, 0x3F, 0x40, 0x00, 0x00,
    0xBF, 0x00, 0x00, 0x00, 0xBF, 0x00, 0x00, 0x00, 0xBF, 0x00, 0x00, 0x00, 0xBF, 0x00, 0x00, 0x00,
    0xBF, 0x00, 0x00, 0x00, 0xBF, 0x00, 0x00, 0x00, 0x3F, 0x80, 0x00, 0x00, 0x3F, 0xC0, 0x00, 0x20,
    0x0F, 0xF0, 0x00, 0xFE, 0x0B, 0xFE, 0xAF, 0xFC, 0x02, 0xFF, 0xFF, 0xF0, 0x00, 0x3F, 0xFF, 0x80,
    0x00, 0x03, 0xE0, 0x00, 0x00, 0x03, 0xE8, 0x00, 0x00, 0x0B, 0xFF, 0x00, 0x00, 0x00, 0x0F, 0x00,
    0x00, 0x08, 0x2F, 0x00, 0x00, 0x2F, 0xFD, 0x00, 0x00, 0x00, 0x40, 0x00, 0x00, 0x09, 0x00, 0x00,
    0x00, 0x00, 0x3F, 0x00, 0x00, 0x00, 0x00, 0x2F, 0xC0, 0x00, 0x00, 0x00, 0x0B, 0xF0, 0x00, 0x00,
    0x00, 0x02, 0xF8, 0x00, 0x00, 0x00, 0x00, 0x14, 0x00, 0x00, 0x00, 0x00, 0x00, 0x00, 0x00, 0x00,
    0x00, 0x00, 0x00, 0x00, 0x00, 0x2F, 0xFF, 0x80, 0x00, 0x02, 0xFF, 0xFF, 0xF4, 0x00, 0x0B, 0xFE,
    0xAB, 0xFC, 0x00, 0x0F, 0xE0, 0x00, 0xFF, 0x00, 0x3F, 0x80, 0x00, 0x3F, 0x80, 0x3F, 0x00, 0x00,
    0x1F, 0xC0, 0xBF, 0x00, 0x00, 0x0F, 0xC0, 0xBF, 0xAA, 0xAA, 0xAF, 0xD0, 0xBF, 0xFF, 0xFF, 0xFF,
    0xE0, 0xBF, 0xFF, 0xFF, 0xFF, 0xC0, 0xBF, 0x00, 0x00, 0x00, 0x00, 0xBF, 0x00, 0x00, 0x00, 0x00,
    0x3F, 0x40, 0x00, 0x00, 0x00, 0x3F, 0xC0, 0x00, 0x00, 0x00, 0x0F, 0xF0, 0x00, 0xBE, 0x00, 0x0B,
    0xFF, 0xAB, 0xFE, 0x00, 0x02, 0xFF, 0xFF, 0xF8, 0x00, 0x00, 0x2F, 0xFF, 0xC0, 0x00, 0x00, 0x00,
    0x00, 0x00, 0x00, 0x00, 0x00, 0x02, 0x80, 0x00, 0x00, 0x00, 0x0F, 0xC0, 0x00, 0x00, 0x00, 0x2F,
    0xC0, 0x00, 0x00, 0x00, 0x7F, 0x00, 0x00, 0x00, 0x00, 0xFC, 0x00, 0x00, 0x00, 0x00, 0x50, 0x00,
    0x00, 0x00, 0x00, 0x00, 0x00, 0x00, 0x00, 0x00, 0x00, 0x00, 0x00, 0x00, 0x2F, 0xFF, 0x80, 0x00,
    0x02, 0xFF, 0xFF, 0xF4, 0x00, 0x0B, 0xFE, 0xAB, 0xFC, 0x00, 0x0F, 0xE0, 0x00, 0xFF, 0x00, 0x3F,
    0x80, 0x00, 0x3F, 0x80, 0x3F, 0x00, 0x00, 0x1F, 0xC0, 0xBF, 0x00, 0x00, 0x0F, 0xC0, 0xBF, 0xAA,
    0xAA, 0xAF, 0xD0, 0xBF, 0xFF, 0xFF, 0xFF, 0xE0, 0xBF, 0xFF, 0xFF, 0xFF, 0xC0, 0xBF, 0x00, 0x00,
    0x00, 0x00, 0xBF, 0x00, 0x00, 0x00, 0x00, 0x3F, 0x40, 0x00, 0x00, 0x00, 0x3F, 0xC0, 0x00, 0x00,
    0x00, 0x0F, 0xF0, 0x00, 0xBE, 0x00, 0x0B, 0xFF, 0xAB, 0xFE, 0x00, 0x02, 0xFF, 0xFF, 0xF8, 0x00,
    0x00, 0x2F, 0xFF, 0xC0, 0x00, 0x00, 0x00, 0x00, 0x00, 0x00, 0x00, 0x00, 0x00, 0x00, 0x00, 0x00,
    0x03, 0xFC, 0x00, 0x00, 0x00, 0x0F, 0xFF, 0x00, 0x00, 0x00, 0x3F, 0xAF, 0xC0, 0x00, 0x00, 0xFE,
    0x07, 0xF4, 0x00, 0x00, 0x00, 0x00, 0x00, 0x00, 0x00, 0x00, 0x00, 0x00, 0x00, 0x00, 0x00, 0x00,
    0x00, 0x00, 0x00, 0x2F, 0xFF, 0x80, 0x00, 0x02, 0xFF, 0xFF, 0xF4, 0x00, 0x0B, 0xFE, 0xAB, 0xFC,
    0x00, 0x0F, 0xE0, 0x00, 0xFF, 0x00, 0x3F, 0x80, 0x00, 0x3F, 0x80, 0x3F, 0x00, 0x00, 0x1F, 0xC0,
    0xBF, 0x00, 0x00, 0x0F, 0xC0, 0xBF, 0xAA, 0xAA, 0xAF, 0xD0, 0xBF, 0xFF, 0xFF, 0xFF, 0xE0, 0xBF,
    0xFF, 0xFF, 0xFF, 0xC0, 0xBF, 0x00, 0x00, 0x00, 0x00, 0xBF, 0x00, 0x00, 0x00, 0x00, 0x3F, 0x40,
    0x00, 0x00, 0x00, 0x3F, 0xC0, 0x00, 0x00, 0x00, 0x0F, 0xF0, 0x00, 0xBE, 0x00, 0x0B, 0xFF, 0xAB,
    0xFE, 0x00, 0x02, 0xFF, 0xFF, 0xF8, 0x00, 0x00, 0x2F, 0xFF, 0xC0, 0x00, 0x00, 0x00, 0x00, 0x00,
    0x00, 0x00, 0x00, 0x00, 0x00, 0x00, 0x00, 0xFC, 0x02, 0xF8, 0x00, 0x02, 0xFC, 0x03, 0xFC, 0x00,
    0x02, 0xFC, 0x03, 0xF8, 0x00, 0x00, 0xA0, 0x00, 0xA0, 0x00, 0x00, 0x00, 0x00, 0x00, 0x00, 0x00,
    0x00, 0x00, 0x00, 0x00, 0x00, 0x00, 0x00, 0x00, 0x00, 0x00, 0x2F, 0xFF, 0x80, 0x00, 0x02, 0xFF,
    0xFF, 0xF4, 0x00, 0x0B, 0xFE, 0xAB, 0xFC, 0x00, 0x0F, 0xE0, 0x00, 0xFF, 0x00, 0x3F, 0x80, 0x00,
    0x3F, 0x80, 0x3F, 0x00, 0x00, 0x1F, 0xC0, 0xBF, 0x00, 0x00, 0x0F, 0xC0, 0xBF, 0xAA, 0xAA, 0xAF,
    0xD0, 0xBF, 0xFF, 0xFF, 0xFF, 0xE0, 0xBF, 0xFF, 0xFF, 0xFF, 0xC0, 0xBF, 0x00, 0x00, 0x00, 0x00,
    0xBF, 0x00, 0x00, 0x00, 0x00, 0x3F, 0x40, 0x00, 0x00, 0x00, 0x3F, 0xC0, 0x00, 0x00, 0x00, 0x0F,
    0xF0, 0x00, 0xBE, 0x00, 0x0B, 0xFF, 0xAB, 0xFE, 0x00, 0x02, 0xFF, 0xFF, 0xF8, 0x00, 0x00, 0x2F,
    0xFF, 0xC0, 0x00, 0x00, 0x00, 0x00, 0x00, 0x00, 0x18, 0x00, 0x3F, 0x00, 0x3F, 0xC0, 0x0F, 0xE0,
    0x03, 0xF0, 0x00, 0x50, 0x00, 0x00, 0x00, 0x00, 0x2F, 0xFC, 0x2F, 0xFC, 0x0A, 0xFC, 0x00, 0xFC,
    0x00, 0xFC, 0x00, 0xFC, 0x00, 0xFC, 0x00, 0xFC, 0x00, 0xFC, 0x00, 0xFC, 0x00, 0xFC, 0x00, 0xFC,
    0x00, 0xFC, 0x00, 0xFC, 0x00, 0xFC, 0x00, 0xFC, 0x00, 0xFC, 0x00, 0xFC, 0x00, 0x08, 0x00, 0x00,
    0x3F, 0x00, 0x00, 0xFF, 0x00, 0x02, 0xFC, 0x00, 0x0B, 0xE0, 0x00, 0x01, 0x00, 0x00, 0x00, 0x00,
    0x00, 0x00, 0x00, 0x00, 0xBF, 0xF0, 0x00, 0xBF, 0xF0, 0x00, 0x2B, 0xF0, 0x00, 0x03, 0xF0, 0x00,
    0x03, 0xF0, 0x00, 0x03, 0xF0, 0x00, 0x03, 0xF0, 0x00, 0x03, 0xF0, 0x00, 0x03, 0xF0, 0x00, 0x03,
    0xF0, 0x00, 0x03, 0xF0, 0x00, 0x03, 0xF0, 0x00, 0x03, 0xF0, 0x00, 0x03, 0xF0, 0x00, 0x03, 0xF0,
    0x00, 0x03, 0xF0, 0x00, 0x03, 0xF0, 0x00, 0x03, 0xF0, 0x00, 0x00, 0x00, 0x00, 0x00, 0x00, 0x3F,
    0x80, 0x00, 0x00, 0xFF, 0xF0, 0x00, 0x07, 0xFB, 0xFC, 0x00, 0x2F, 0xC0, 0xBF, 0x00, 0x00, 0x00,
    0x00, 0x00, 0x00, 0x00, 0x00, 0x00, 0x00, 0x00, 0x00, 0x00, 0x02, 0xFF, 0xC0, 0x00, 0x02, 0xFF,
    0xC0, 0x00, 0x00, 0xAF, 0xC0, 0x00, 0x00, 0x0F, 0xC0, 0x00, 0x00, 0x0F, 0xC0, 0x00, 0x00, 0x0F,
    0xC0, 0x00, 0x00, 0x0F, 0xC0, 0x00, 0x00, 0x0F, 0xC0, 0x00, 0x00, 0x0F, 0xC0, 0x00, 0x00, 0x0F,
    0xC0, 0x00, 0x00, 0x0F, 0xC0, 0x00, 0x00, 0x0F, 0xC0, 0x00, 0x00, 0x0F, 0xC0, 0x00, 0x00, 0x0F,
    0xC0, 0x00, 0x00, 0x0F, 0xC0, 0x00, 0x00, 0x0F, 0xC0, 0x00, 0x00, 0x0F, 0xC0, 0x00, 0x00, 0x0F,
    0xC0, 0x00, 0x00, 0x00, 0x00, 0x00, 0x2F, 0x80, 0x3F, 0x00, 0x3F, 0xC0, 0x3F, 0x80, 0x3F, 0xC0,
    0x3F, 0x80, 0x0A, 0x00, 0x0A, 0x00, 0x00, 0x00, 0x00, 0x00, 0x00, 0x00, 0x00, 0x00, 0x00, 0x00,
    0x00, 0x00, 0x02, 0xFF, 0xC0, 0x00, 0x02, 0xFF, 0xC0, 0x00, 0x00, 0xAF, 0xC0, 0x00, 0x00, 0x0F,
    0xC0, 0x00, 0x00, 0x0F, 0xC0, 0x00, 0x00, 0x0F, 0xC0, 0x00, 0x00, 0x0F, 0xC0, 0x00, 0x00, 0x0F,
    0xC0, 0x00, 0x00, 0x0F, 0xC0, 0x00, 0x00, 0x0F, 0xC0, 0x00, 0x00, 0x0F, 0xC0, 0x00, 0x00, 0x0F,
    0xC0, 0x00, 0x00, 0x0F, 0xC0, 0x00, 0x00, 0x0F, 0xC0, 0x00, 0x00, 0x0F, 0xC0, 0x00, 0x00, 0x0F,
    0xC0, 0x00, 0x00, 0x0F, 0xC0, 0x00, 0x00, 0x0F, 0xC0, 0x00, 0x00, 0x2A, 0x40, 0x00, 0x00, 0x00,
    0x3F, 0xFE, 0x7C, 0x00, 0x00, 0x3F, 0xFF, 0xF8, 0x00, 0x00, 0x02, 0xBF, 0xF8, 0x00, 0x00, 0x00,
    0x1F, 0xFC, 0x00, 0x00, 0x00, 0x3E, 0xFF, 0x00, 0x00, 0x00, 0xF8, 0x3F, 0x00, 0x00, 0x00, 0x20,
    0x2F, 0x80, 0x00, 0x00, 0x00, 0x0F, 0xC0, 0x00, 0x7F, 0xFE, 0x0F, 0xC0, 0x03, 0xFF, 0xFF, 0xCF,
    0xD0, 0x0F, 0xFF, 0xAF, 0xFF, 0xE0, 0x2F, 0xF0, 0x01, 0xFF, 0xE0, 0x3F, 0xC0, 0x00, 0x3F, 0xE0,
    0x7F, 0x00, 0x00, 0x2F, 0xE0, 0xBF, 0x00, 0x00, 0x0F, 0xE0, 0xBF, 0x00, 0x00, 0x0F, 0xE0, 0xBF,
    0x00, 0x00, 0x0F, 0xD0, 0xBF, 0x00, 0x00, 0x0F, 0xC0, 0x3F, 0x00, 0x00, 0x2F, 0xC0, 0x3F, 0xC0,
    0x00, 0x3F, 0x80, 0x2F, 0xE0, 0x00, 0xFF, 0x00, 0x0B, 0xFE, 0xAB, 0xFD, 0x00, 0x02, 0xFF, 0xFF,
    0xF8, 0x00, 0x00, 0x3F, 0xFF, 0x80, 0x00, 0x00, 0x00, 0x00, 0x00, 0x00, 0x00, 0x2A, 0x00, 0xA0,
    0x02, 0xFF, 0xE2, 0xF0, 0x03, 0xFF, 0xFF, 0xF0, 0x0B, 0xC0, 0xBF, 0xC0, 0x00, 0x00, 0x00, 0x00,
    0x00, 0x00, 0x00, 0x00, 0x00, 0x00, 0x00, 0x00, 0xBC, 0x2F, 0xFF, 0x80, 0xBC, 0xBF, 0xFF, 0xF0,
    0xBF, 0xFE, 0xAF, 0xF4, 0xBF, 0xE0, 0x03, 0xFC, 0xBF, 0x80, 0x00, 0xFC, 0xBF, 0x00, 0x00, 0xFC,
    0xBF, 0x00, 0x00, 0xFC, 0xBE, 0x00, 0x00, 0xFC, 0xBE, 0x00, 0x00, 0xFC, 0xBE, 0x00, 0x00, 0xFC,
    0xBE, 0x00, 0x00, 0xFC, 0xBE, 0x00, 0x00, 0xFC, 0xBE, 0x00, 0x00, 0xFC, 0xBE, 0x00, 0x00, 0xFC,
    0xBE, 0x00, 0x00, 0xFC, 0xBE, 0x00, 0x00, 0xFC, 0xBE, 0x00, 0x00, 0xFC, 0xBE, 0x00, 0x00, 0xFC,
    0x00, 0x08, 0x00, 0x00, 0x00, 0x00, 0x3F, 0x00, 0x00, 0x00, 0x00, 0x3F, 0xC0, 0x00, 0x00, 0x00,
    0x0F, 0xE0, 0x00, 0x00, 0x00, 0x02, 0xF8, 0x00, 0x00, 0x00, 0x00, 0x10, 0x00, 0x00, 0x00, 0x00,
    0x00, 0x00, 0x00, 0x00, 0x00, 0x00, 0x00, 0x00, 0x00, 0x2F, 0xFF, 0x80, 0x00, 0x02, 0xFF, 0xFF,
    0xF8, 0x00, 0x0B, 0xFF, 0xAF, 0xFE, 0x00, 0x0F, 0xF0, 0x00, 0xFF, 0x00, 0x3F, 0xC0, 0x00, 0x3F,
    0x80, 0x3F, 0x80, 0x00, 0x2F, 0xC0, 0xBF, 0x00, 0x00, 0x0F, 0xC0, 0xBF, 0x00, 0x00, 0x0F, 0xE0,
    0xBE, 0x00, 0x00, 0x0F, 0xE0, 0xBE, 0x00, 0x00, 0x0F, 0xE0, 0xBF, 0x00, 0x00, 0x0F, 0xE0, 0xBF,
    0x00, 0x00, 0x0F, 0xC0, 0x3F, 0x80, 0x00, 0x2F, 0xC0, 0x3F, 0xC0, 0x00, 0x3F, 0x80, 0x0F, 0xF0,
    0x00, 0xFF, 0x00, 0x0B, 0xFF, 0xAF, 0xFE, 0x00, 0x02, 0xFF, 0xFF, 0xF8, 0x00, 0x00, 0x2F, 0xFF,
    0x80, 0x00, 0x00, 0x00, 0x00, 0x00, 0x00, 0x00, 0x00, 0x02, 0x40, 0x00, 0x00, 0x00, 0x0F, 0xC0,
    0x00, 0x00, 0x00, 0x3F, 0xC0, 0x00, 0x00, 0x00, 0xBF, 0x00, 0x00, 0x00, 0x00, 0xFC, 0x00, 0x00,
    0x00, 0x00, 0x50, 0x00, 0x00, 0x00, 0x00, 0x00, 0x00, 0x00, 0x00, 0x00, 0x00, 0x00, 0x00, 0x00,
    0x2F, 0xFF, 0x80, 0x00, 0x02, 0xFF, 0xFF, 0xF8, 0x00, 0x0B, 0xFF, 0xAF, 0xFE, 0x00, 0x0F, 0xF0,
    0x00, 0xFF, 0x00, 0x3F, 0xC0, 0x00, 0x3F, 0x80, 0x3F, 0x80, 0x00, 0x2F, 0xC0, 0xBF, 0x00, 0x00,
    0x0F, 0xC0, 0xBF, 0x00, 0x00, 0x0F, 0xE0, 0xBE, 0x00, 0x00, 0x0F, 0xE0, 0xBE, 0x00, 0x00, 0x0F,
    0xE0, 0xBF, 0x00, 0x00, 0x0F, 0xE0, 0xBF, 0x00, 0x00, 0x0F, 0xC0, 0x3F, 0x80, 0x00, 0x2F, 0xC0,
    0x3F, 0xC0, 0x00, 0x3F, 0x80, 0x0F, 0xF0, 0x00, 0xFF, 0x00, 0x0B, 0xFF, 0xAF, 0xFE, 0x00, 0x02,
    0xFF, 0xFF, 0xF8, 0x00, 0x00, 0x2F, 0xFF, 0x80, 0x00, 0x00, 0x00, 0x00, 0x00, 0x00, 0x00, 0x00,
    0x00, 0x00, 0x00, 0x00, 0x03, 0xFC, 0x00, 0x00, 0x00, 0x0F, 0xFF, 0x00, 0x00, 0x00, 0x3F, 0xAF,
    0xC0, 0x00, 0x01, 0xFD, 0x0B, 0xF0, 0x00, 0x00, 0x00, 0x00, 0x00, 0x00, 0x00, 0x00, 0x00, 0x00,
    0x00, 0x00, 0x00, 0x00, 0x00, 0x00, 0x00, 0x2F, 0xFF, 0x80, 0x00, 0x02, 0xFF, 0xFF, 0xF8, 0x00,
    0x0B, 0xFF, 0xAF, 0xFE, 0x00, 0x0F, 0xF0, 0x00, 0xFF, 0x00, 0x3F, 0xC0, 0x00, 0x3F, 0x80, 0x3F,
    0x80, 0x00, 0x2F, 0xC0, 0xBF, 0x00, 0x00, 0x0F, 0xC0, 0xBF, 0x00, 0x00, 0x0F, 0xE0, 0xBE, 0x00,
    0x00, 0x0F, 0xE0, 0xBE, 0x00, 0x00, 0x0F, 0xE0, 0xBF, 0x00, 0x00, 0x0F, 0xE0, 0xBF, 0x00, 0x00,
    0x0F, 0xC0, 0x3F, 0x80, 0x00, 0x2F, 0xC0, 0x3F, 0xC0, 0x00, 0x3F, 0x80, 0x0F, 0xF0, 0x00, 0xFF,
    0x00, 0x0B, 0xFF, 0xAF, 0xFE, 0x00, 0x02, 0xFF, 0xFF, 0xF8, 0x00, 0x00, 0x2F, 0xFF, 0x80, 0x00,
    0x00, 0x00, 0x00, 0x00, 0x00, 0x00, 0x2A, 0x40, 0x20, 0x00, 0x00, 0xFF, 0xF8, 0xFC, 0x00, 0x02,
    0xFF, 0xFF, 0xF8, 0x00, 0x03, 0xE0, 0x3F, 0xE0, 0x00, 0x00, 0x00, 0x00, 0x00, 0x00, 0x00, 0x00,
    0x00, 0x00, 0x00, 0x00, 0x00, 0x00, 0x00, 0x00, 0x00, 0x2F, 0xFF, 0x80, 0x00, 0x02, 0xFF, 0xFF,
    0xF8, 0x00, 0x0B, 0xFF, 0xAF, 0xFE, 0x00, 0x0F, 0xF0, 0x00, 0xFF, 0x00, 0x3F, 0xC0, 0x00, 0x3F,
    0x80, 0x3F, 0x80, 0x00, 0x2F, 0xC0, 0xBF, 0x00, 0x00, 0x0F, 0xC0, 0xBF, 0x00, 0x00, 0x0F, 0xE0,
    0xBE, 0x00, 0x00, 0x0F, 0xE0, 0xBE, 0x00, 0x00, 0x0F, 0xE0, 0xBF, 0x00, 0x00, 0x0F, 0xE0, 0xBF,
    0x00, 0x00, 0x0F, 0xC0, 0x3F, 0x80, 0x00, 0x2F, 0xC0, 0x3F, 0xC0, 0x00, 0x3F, 0x80, 0x0F, 0xF0,
    0x00, 0xFF, 0x00, 0x0B, 0xFF, 0xAF, 0xFE, 0x00, 0x02, 0xFF, 0xFF, 0xF8, 0x00, 0x00, 0x2F, 0xFF,
    0x80, 0x00, 0x00, 0x00, 0x00, 0x00, 0x00, 0x00, 0x00, 0x00, 0x00, 0x00, 0x02, 0xFC, 0x03, 0xF4,
    0x00, 0x03, 0xFC, 0x03, 0xF8, 0x00, 0x02, 0xFC, 0x03, 0xF8, 0x00, 0x00, 0xA0, 0x00, 0xA0, 0x00,
    0x00, 0x00, 0x00, 0x00, 0x00, 0x00, 0x00, 0x00, 0x00, 0x00, 0x00, 0x00, 0x00, 0x00, 0x00, 0x00,
    0x2F, 0xFF, 0x80, 0x00, 0x02, 0xFF, 0xFF, 0xF8, 0x00, 0x0B, 0xFF, 0xAF, 0xFE, 0x00, 0x0F, 0xF0,
    0x00, 0xFF, 0x00, 0x3F, 0xC0, 0x00, 0x3F, 0x80, 0x3F, 0x80, 0x00, 0x2F, 0xC0, 0xBF, 0x00, 0x00,
    0x0F, 0xC0, 0xBF, 0x00, 0x00, 0x0F, 0xE0, 0xBE, 0x00, 0x00, 0x0F, 0xE0, 0xBE, 0x00, 0x00, 0x0F,
    0xE0, 0xBF, 0x00, 0x00, 0x0F, 0xE0, 0xBF, 0x00, 0x00, 0x0F, 0xC0, 0x3F, 0x80, 0x00, 0x2F, 0xC0,
    0x3F, 0xC0, 0x00, 0x3F, 0x80, 0x0F, 0xF0, 0x00, 0xFF, 0x00, 0x0B, 0xFF, 0xAF, 0xFE, 0x00, 0x02,
    0xFF, 0xFF, 0xF8, 0x00, 0x00, 0x2F, 0xFF, 0x80, 0x00, 0x00, 0x00, 0x00, 0x00, 0x00, 0x00, 0x00,
    0x28, 0x00, 0x00, 0x00, 0x00, 0xFF, 0x00, 0x00, 0x00, 0x02, 0xFF, 0x00, 0x00, 0x00, 0x02, 0xFF,
    0x00, 0x00, 0x00, 0x00, 0xFE, 0x00, 0x00, 0x00, 0x00, 0x00, 0x00, 0x00, 0x00, 0x00, 0x00, 0x00,
    0x00, 0x2A, 0xAA, 0xAA, 0xAA, 0xA8, 0x3F, 0xFF, 0xFF, 0xFF, 0xFC, 0x3F, 0xFF, 0xFF, 0xFF, 0xFC,
    0x2A, 0xAA, 0xAA, 0xAA, 0xA4, 0x00, 0x00, 0x00, 0x00, 0x00, 0x00, 0x00, 0x00, 0x00, 0x00, 0x00,
    0x00, 0xFE, 0x00, 0x00, 0x00, 0x02, 0xFF, 0x00, 0x00, 0x00, 0x02, 0xFF, 0x00, 0x00, 0x00, 0x00,
    0xFE, 0x00, 0x00, 0x00, 0x00, 0x00, 0x00, 0x00, 0x00, 0x00, 0x00, 0x00, 0x00, 0x00, 0x2F, 0xFF,
    0x8B, 0x80, 0x02, 0xFF, 0xFF, 0xFF, 0x40, 0x0B, 0xFF, 0xAF, 0xFE, 0x00, 0x0F, 0xF0, 0x02, 0xFF,
    0x00, 0x3F, 0xC0, 0x03, 0xFF, 0x80, 0x3F, 0x80, 0x0F, 0xEF, 0xC0, 0xBF, 0x00, 0x2F, 0x0F, 0xC0,
    0xBF, 0x00, 0xBC, 0x0F, 0xE0, 0xBE, 0x00, 0xF4, 0x0F, 0xE0, 0xBE, 0x03, 0xE0, 0x0F, 0xE0, 0xBF,
    0x0F, 0x80, 0x0F, 0xE0, 0xBF, 0x3F, 0x00, 0x0F, 0xC0, 0x3F, 0xFC, 0x00, 0x2F, 0xC0, 0x2F, 0xF0,
    0x00, 0x3F, 0x80, 0x0F, 0xF0, 0x00, 0xFF, 0x00, 0x0F, 0xFF, 0xAF, 0xFE, 0x00, 0x3F, 0xFF, 0xFF,
    0xF8, 0x00, 0x38, 0x2F, 0xFF, 0x80, 0x00, 0x00, 0x00, 0x00, 0x00, 0x00, 0x00, 0xA0, 0x00, 0x00,
    0x00, 0xFC, 0x00, 0x00, 0x00, 0xFE, 0x00, 0x00, 0x00, 0x3F, 0x00, 0x00, 0x00, 0x0F, 0xC0, 0x00,
    0x00, 0x01, 0x40, 0x00, 0x00, 0x00, 0x00, 0x00, 0x00, 0x00, 0x00, 0x00, 0xBE, 0x00, 0x00, 0xFC,
    0xBE, 0x00, 0x00, 0xFC, 0xBE, 0x00, 0x00, 0xFC, 0xBE, 0x00, 0x00, 0xFC, 0xBE, 0x00, 0x00, 0xFC,
    0xBE, 0x00, 0x00, 0xFC, 0xBE, 0x00, 0x00, 0xFC, 0xBE, 0x00, 0x00, 0xFC, 0xBE, 0x00, 0x00, 0xFC,
    0xBE, 0x00, 0x00, 0xFC, 0xBE, 0x00, 0x02, 0xFC, 0xBE, 0x00, 0x02, 0xFC, 0xBE, 0x00, 0x03, 0xFC,
    0xBF, 0x00, 0x03, 0xFC, 0x3F, 0x80, 0x0F, 0xFC, 0x3F, 0xFA, 0xBF, 0xFC, 0x0F, 0xFF, 0xFC, 0xFC,
    0x03, 0xFF, 0xE0, 0xBC, 0x00, 0x00, 0x00, 0x00, 0x00, 0x00, 0x18, 0x00, 0x00, 0x00, 0x3E, 0x00,
    0x00, 0x00, 0xFE, 0x00, 0x00, 0x03, 0xF8, 0x00, 0x00, 0x0B, 0xE0, 0x00, 0x00, 0x05, 0x00, 0x00,
    0x00, 0x00, 0x00, 0x00, 0x00, 0x00, 0x00, 0x00, 0xBE, 0x00, 0x00, 0xFC, 0xBE, 0x00, 0x00, 0xFC,
    0xBE, 0x00, 0x00, 0xFC, 0xBE, 0x00, 0x00, 0xFC, 0xBE, 0x00, 0x00, 0xFC, 0xBE, 0x00, 0x00, 0xFC,
    0xBE, 0x00, 0x00, 0xFC, 0xBE, 0x00, 0x00, 0xFC, 0xBE, 0x00, 0x00, 0xFC, 0xBE, 0x00, 0x00, 0xFC,
    0xBE, 0x00, 0x02, 0xFC, 0xBE, 0x00, 0x02, 0xFC, 0xBE, 0x00, 0x03, 0xFC, 0xBF, 0x00, 0x03, 0xFC,
    0x3F, 0x80, 0x0F, 0xFC, 0x3F, 0xFA, 0xBF, 0xFC, 0x0F, 0xFF, 0xFC, 0xFC, 0x03, 0xFF, 0xE0, 0xBC,
    0x00, 0x00, 0x00, 0x00, 0x00, 0x00, 0x00, 0x00, 0x00, 0x1F, 0xE0, 0x00, 0x00, 0xBF, 0xF8, 0x00,
    0x02, 0xFD, 0xFF, 0x00, 0x0B, 0xF0, 0x3F, 0xC0, 0x00, 0x00, 0x00, 0x00, 0x00, 0x00, 0x00, 0x00,
    0x00, 0x00, 0x00, 0x00, 0xBE, 0x00, 0x00, 0xFC, 0xBE, 0x00, 0x00, 0xFC, 0xBE, 0x00, 0x00, 0xFC,
    0xBE, 0x00, 0x00, 0xFC, 0xBE, 0x00, 0x00, 0xFC, 0xBE, 0x00, 0x00, 0xFC, 0xBE, 0x00, 0x00, 0xFC,
    0xBE, 0x00, 0x00, 0xFC, 0xBE, 0x00, 0x00, 0xFC, 0xBE, 0x00, 0x00, 0xFC, 0xBE, 0x00, 0x02, 0xFC,
    0xBE, 0x00, 0x02, 0xFC, 0xBE, 0x00, 0x03, 0xFC, 0xBF, 0x00, 0x03, 0xFC, 0x3F, 0x80, 0x0F, 0xFC,
    0x3F, 0xFA, 0xBF, 0xFC, 0x0F, 0xFF, 0xFC, 0xFC, 0x03, 0xFF, 0xE0, 0xBC, 0x00, 0x00, 0x00, 0x00,
    0x00, 0x00, 0x00, 0x00, 0x0F, 0xE0, 0x0F, 0xC0, 0x0F, 0xF0, 0x2F, 0xD0, 0x0F, 0xE0, 0x1F, 0xC0,
    0x02, 0x80, 0x0A, 0x40, 0x00, 0x00, 0x00, 0x00, 0x00, 0x00, 0x00, 0x00, 0x00, 0x00, 0x00, 0x00,
    0xBE, 0x00, 0x00, 0xFC, 0xBE, 0x00, 0x00, 0xFC, 0xBE, 0x00, 0x00, 0xFC, 0xBE, 0x00, 0x00, 0xFC,
    0xBE, 0x00, 0x00, 0xFC, 0xBE, 0x00, 0x00, 0xFC, 0xBE, 0x00, 0x00, 0xFC, 0xBE, 0x00, 0x00, 0xFC,
    0xBE, 0x00, 0x00, 0xFC, 0xBE, 0x00, 0x00, 0xFC, 0xBE, 0x00, 0x02, 0xFC, 0xBE, 0x00, 0x02, 0xFC,
    0xBE, 0x00, 0x03, 0xFC, 0xBF, 0x00, 0x03, 0xFC, 0x3F, 0x80, 0x0F, 0xFC, 0x3F, 0xFA, 0xBF, 0xFC,
    0x0F, 0xFF, 0xFC, 0xFC, 0x03, 0xFF, 0xE0, 0xBC, 0x00, 0x00, 0x00, 0x00, 0x00, 0x00, 0x02, 0x40,
    0x00, 0x00, 0x00, 0x0F, 0xC0, 0x00, 0x00, 0x00, 0x3F, 0xC0, 0x00, 0x00, 0x00, 0xBF, 0x00, 0x00,
    0x00, 0x00, 0xFC, 0x00, 0x00, 0x00, 0x00, 0x50, 0x00, 0x00, 0x00, 0x00, 0x00, 0x00, 0x00, 0x00,
    0x00, 0x00, 0x00, 0x00, 0x3F, 0x80, 0x00, 0x3F, 0x40, 0x2F, 0xC0, 0x00, 0xBF, 0x00, 0x0F, 0xC0,
    0x00, 0xFE, 0x00, 0x0F, 0xE0, 0x00, 0xFD, 0x00, 0x0B, 0xF0, 0x01, 0xFC, 0x00, 0x03, 0xF0, 0x02,
    0xF8, 0x00, 0x03, 0xF8, 0x03, 0xF4, 0x00, 0x02, 0xFC, 0x07, 0xF0, 0x00, 0x00, 0xFC, 0x0B, 0xE0,
    0x00, 0x00, 0xBE, 0x0F, 0xC0, 0x00, 0x00, 0x3F, 0x0F, 0xC0, 0x00, 0x00, 0x3F, 0x2F, 0x80, 0x00,
    0x00, 0x2F, 0xBF, 0x00, 0x00, 0x00, 0x0F, 0xFF, 0x00, 0x00, 0x00, 0x0F, 0xFE, 0x00, 0x00, 0x00,
    0x0B, 0xFC, 0x00, 0x00, 0x00, 0x03, 0xFC, 0x00, 0x00, 0x00, 0x03, 0xF8, 0x00, 0x00, 0x00, 0x03,
    0xF0, 0x00, 0x00, 0x00, 0x03, 0xF0, 0x00, 0x00, 0x00, 0x1F, 0xE0, 0x00, 0x00, 0x0B, 0xFF, 0xC0,
    0x00, 0x00, 0x0B, 0xFF, 0x00, 0x00, 0x00, 0x0A, 0xA8, 0x00, 0x00, 0x00, 0x00, 0x00, 0x00, 0x00,
    0x00, 0xBE, 0x00, 0x00, 0x00, 0x00, 0xBE, 0x00, 0x00, 0x00, 0x00, 0xBE, 0x00, 0x00, 0x00, 0x00,
    0xBE, 0x00, 0x00, 0x00, 0x00, 0xBE, 0x00, 0x00, 0x00, 0x00, 0xBE, 0x00, 0x10, 0x00, 0x00, 0xBE,
    0x1F, 0xFF, 0x80, 0x00, 0xBE, 0xBF, 0xFF, 0xF0, 0x00, 0xBF, 0xFE, 0x6F, 0xFC, 0x00, 0xBF, 0xE0,
    0x02, 0xFF, 0x00, 0xBF, 0xC0, 0x00, 0xBF, 0x00, 0xBF, 0x00, 0x00, 0x3F, 0x80, 0xBF, 0x00, 0x00,
    0x3F, 0xC0, 0xBE, 0x00, 0x00, 0x2F, 0xC0, 0xBE, 0x00, 0x00, 0x2F, 0xC0, 0xBE, 0x00, 0x00, 0x2F,
    0xC0, 0xBE, 0x00, 0x00, 0x2F, 0xC0, 0xBF, 0x00, 0x00, 0x3F, 0xC0, 0xBF, 0x00, 0x00, 0x3F, 0x80,
    0xBF, 0xC0, 0x00, 0xBF, 0x00, 0xBF, 0xE0, 0x02, 0xFF, 0x00, 0xBF, 0xFE, 0xAF, 0xFC, 0x00, 0xBE,
    0xBF, 0xFF, 0xF0, 0x00, 0xBE, 0x0F, 0xFF, 0x80, 0x00, 0xBE, 0x00, 0x00, 0x00, 0x00, 0xBE, 0x00,
    0x00, 0x00, 0x00, 0xBE, 0x00, 0x00, 0x00, 0x00, 0xBE, 0x00, 0x00, 0x00, 0x00, 0xBE, 0x00, 0x00,
    0x00, 0x00, 0x6A, 0x00, 0x00, 0x00, 0x00, 0x00, 0x00, 0x00, 0x00, 0x00, 0x02, 0xFC, 0x03, 0xF0,
    0x00, 0x03, 0xFC, 0x03, 0xF8, 0x00, 0x02, 0xFC, 0x03, 0xF8, 0x00, 0x00, 0xA0, 0x00, 0xA0, 0x00,
    0x00, 0x00, 0x00, 0x00, 0x00, 0x00, 0x00, 0x00, 0x00, 0x00, 0x00, 0x00, 0x00, 0x00, 0x00, 0x3F,
    0x80, 0x00, 0x3F, 0x40, 0x2F, 0xC0, 0x00, 0xBF, 0x00, 0x0F, 0xC0, 0x00, 0xFE, 0x00, 0x0F, 0xE0,
    0x00, 0xFD, 0x00, 0x0B, 0xF0, 0x01, 0xFC, 0x00, 0x03, 0xF0, 0x02, 0xF8, 0x00, 0x03, 0xF8, 0x03,
    0xF4, 0x00, 0x02, 0xFC, 0x07, 0xF0, 0x00, 0x00, 0xFC, 0x0B, 0xE0, 0x00, 0x00, 0xBE, 0x0F, 0xC0,
    0x00, 0x00, 0x3F, 0x0F, 0xC0, 0x00, 0x00, 0x3F, 0x2F, 0x80, 0x00, 0x00, 0x2F, 0xBF, 0x00, 0x00,
    0x00, 0x0F, 0xFF, 0x00, 0x00, 0x00, 0x0F, 0xFE, 0x00, 0x00, 0x00, 0x0B, 0xFC, 0x00, 0x00, 0x00,
    0x03, 0xFC, 0x00, 0x00, 0x00, 0x03, 0xF8, 0x00, 0x00, 0x00, 0x03, 0xF0, 0x00, 0x00, 0x00, 0x03,
    0xF0, 0x00, 0x00, 0x00, 0x1F, 0xE0, 0x00, 0x00, 0x0B, 0xFF, 0xC0, 0x00, 0x00, 0x0B, 0xFF, 0x00,
    0x00, 0x00, 0x0A, 0xA8, 0x00, 0x00, 0x00, 0x00, 0x00, 0x00, 0x00, 0x00, 0x00, 0x00, 0x0F, 0xFF,
    0xFF, 0x00, 0x00, 0x00, 0x0F, 0xFF, 0xFF, 0x00, 0x00, 0x00, 0x06, 0xAA, 0xAA, 0x00, 0x00, 0x00,
    0x00, 0x00, 0x00, 0x00, 0x00, 0x00, 0x00, 0x00, 0x00, 0x00, 0x00, 0x00, 0x00, 0x00, 0x00, 0x00,
    0x00, 0x00, 0x00, 0x3F, 0xE0, 0x00, 0x00, 0x00, 0x00, 0x7F, 0xF0, 0x00, 0x00, 0x00, 0x00, 0xFF,
    0xF0, 0x00, 0x00, 0x00, 0x00, 0xFF, 0xF8, 0x00, 0x00, 0x00, 0x02, 0xFE, 0xFC, 0x00, 0x00, 0x00,
    0x03, 0xF8, 0xFE, 0x00, 0x00, 0x00, 0x03, 0xF0, 0xBF, 0x00, 0x00, 0x00, 0x0B, 0xF0, 0x3F, 0x00,
    0x00, 0x00, 0x0F, 0xE0, 0x3F, 0x80, 0x00, 0x00, 0x1F, 0xC0, 0x2F, 0xC0, 0x00, 0x00, 0x3F, 0xC0,
    0x0F, 0xC0, 0x00, 0x00, 0x3F, 0x80, 0x0F, 0xE0, 0x00, 0x00, 0xBF, 0x00, 0x0B, 0xF0, 0x00, 0x00,
    0xFE, 0x00, 0x03, 0xF8, 0x00, 0x00, 0xFD, 0x00, 0x03, 0xFC, 0x00, 0x02, 0xFE, 0x55, 0x57, 0xFC,
    0x00, 0x03, 0xFF, 0xFF, 0xFF, 0xFE, 0x00, 0x07, 0xFF, 0xFF, 0xFF, 0xFF, 0x00, 0x0F, 0xFA, 0xAA,
    0xAA, 0xFF, 0x00, 0x0F, 0xE0, 0x00, 0x00, 0x3F, 0x80, 0x2F, 0xC0, 0x00, 0x00, 0x2F, 0xC0, 0x3F,
    0xC0, 0x00, 0x00, 0x1F, 0xD0, 0x3F, 0x80, 0x00, 0x00, 0x0F, 0xF0, 0xBF, 0x00, 0x00, 0x00, 0x0B,
    0xF0, 0x00, 0x00, 0x00, 0x00, 0x00, 0x02, 0xFF, 0xFF, 0xE0, 0x00, 0x02, 0xFF, 0xFF, 0xE0, 0x00,
    0x00, 0x00, 0x00, 0x00, 0x00, 0x00, 0x00, 0x00, 0x00, 0x00, 0x00, 0x00, 0x00, 0x00, 0x00, 0x00,
    0x00, 0x00, 0x00, 0x00, 0x00, 0xBF, 0xFF, 0x80, 0x00, 0x03, 0xFF, 0xFF, 0xF0, 0x00, 0x0F, 0xF8,
    0x1F, 0xF8, 0x00, 0x0F, 0xC0, 0x02, 0xFC, 0x00, 0x0A, 0x80, 0x00, 0xFC, 0x00, 0x00, 0x00, 0x00,
    0xFE, 0x00, 0x00, 0x00, 0x00, 0xFE, 0x00, 0x00, 0x02, 0xBF, 0xFE, 0x00, 0x00, 0xBF, 0xFF, 0xFE,
    0x00, 0x0F, 0xFF, 0xFA, 0xBE, 0x00, 0x3F, 0xF8, 0x00, 0xBE, 0x00, 0x7F, 0x80, 0x00, 0xBE, 0x00,
    0xBF, 0x00, 0x00, 0xFE, 0x00, 0xBF, 0x00, 0x00, 0xFE, 0x00, 0xBF, 0x00, 0x03, 0xFE, 0x00, 0x3F,
    0xE0, 0x6F, 0xFF, 0x00, 0x2F, 0xFF, 0xFF, 0x3F, 0x00, 0x03, 0xFF, 0xF8, 0x3F, 0x00, 0x00, 0x00,
    0x00, 0x00, 0x00, 0x00, 0x00, 0x00, 0x00, 0x00, 0x00, 0x00, 0x0F, 0xC0, 0x2F, 0x80, 0x00, 0x00,
    0x0B, 0xF9, 0xBF, 0x00, 0x00, 0x00, 0x02, 0xFF, 0xFC, 0x00, 0x00, 0x00, 0x00, 0xBF, 0xF0, 0x00,
    0x00, 0x00, 0x00, 0x00, 0x00, 0x00, 0x00, 0x00, 0x00, 0x00, 0x00, 0x00, 0x00, 0x00, 0x00, 0x00,
    0x00, 0x00, 0x00, 0x00, 0x00, 0x3F, 0xE0, 0x00, 0x00, 0x00, 0x00, 0x7F, 0xF0, 0x00, 0x00, 0x00,
    0x00, 0xFF, 0xF0, 0x00, 0x00, 0x00, 0x00, 0xFF, 0xF8, 0x00, 0x00, 0x00, 0x02, 0xFE, 0xFC, 0x00,
    0x00, 0x00, 0x03, 0xF8, 0xFE, 0x00, 0x00, 0x00, 0x03, 0xF0, 0xBF, 0x00, 0x00, 0x00, 0x0B, 0xF0,
    0x3F, 0x00, 0x00, 0x00, 0x0F, 0xE0, 0x3F, 0x80, 0x00, 0x00, 0x1F, 0xC0, 0x2F, 0xC0, 0x00, 0x00,
    0x3F, 0xC0, 0x0F, 0xC0, 0x00, 0x00, 0x3F, 0x80, 0x0F, 0xE0, 0x00, 0x00, 0xBF, 0x00, 0x0B, 0xF0,
    0x00, 0x00, 0xFE, 0x00, 0x03, 0xF8, 0x00, 0x00, 0xFD, 0x00, 0x03, 0xFC, 0x00, 0x02, 0xFE, 0x55,
    0x57, 0xFC, 0x00, 0x03, 0xFF, 0xFF, 0xFF, 0xFE, 0x00, 0x07, 0xFF, 0xFF, 0xFF, 0xFF, 0x00, 0x0F,
    0xFA, 0xAA, 0xAA, 0xFF, 0x00, 0x0F, 0xE0, 0x00, 0x00, 0x3F, 0x80, 0x2F, 0xC0, 0x00, 0x00, 0x2F,
    0xC0, 0x3F, 0xC0, 0x00, 0x00, 0x1F, 0xD0, 0x3F, 0x80, 0x00, 0x00, 0x0F, 0xF0, 0xBF, 0x00, 0x00,
    0x00, 0x0B, 0xF0, 0x00, 0x00, 0x00, 0x00, 0x00, 0x03, 0xF0, 0x03, 0xE0, 0x00, 0x01, 0xFD, 0x1F,
    0xC0, 0x00, 0x00, 0xBF, 0xFF, 0x80, 0x00, 0x00, 0x2F, 0xFE, 0x00, 0x00, 0x00, 0x00, 0x40, 0x00,
    0x00, 0x00, 0x00, 0x00, 0x00, 0x00, 0x00, 0x00, 0x00, 0x00, 0x00, 0x00, 0xBF, 0xFF, 0x80, 0x00,
    0x03, 0xFF, 0xFF, 0xF0, 0x00, 0x0F, 0xF8, 0x1F, 0xF8, 0x00, 0x0F, 0xC0, 0x02, 0xFC, 0x00, 0x0A,
    0x80, 0x00, 0xFC, 0x00, 0x00, 0x00, 0x00, 0xFE, 0x00, 0x00, 0x00, 0x00, 0xFE, 0x00, 0x00, 0x02,
    0xBF, 0xFE, 0x00, 0x00, 0xBF, 0xFF, 0xFE, 0x00, 0x0F, 0xFF, 0xFA, 0xBE, 0x00, 0x3F, 0xF8, 0x00,
    0xBE, 0x00, 0x7F, 0x80, 0x00, 0xBE, 0x00, 0xBF, 0x00, 0x00, 0xFE, 0x00, 0xBF, 0x00, 0x00, 0xFE,
    0x00, 0xBF, 0x00, 0x03, 0xFE, 0x00, 0x3F, 0xE0, 0x6F, 0xFF, 0x00, 0x2F, 0xFF, 0xFF, 0x3F, 0x00,
    0x03, 0xFF, 0xF8, 0x3F, 0x00, 0x00, 0x00, 0x00, 0x00, 0x00, 0x00, 0x00, 0x00, 0x00, 0x00, 0x00,
    0x00, 0x00, 0x3F, 0xE0, 0x00, 0x00, 0x00, 0x00, 0x7F, 0xF0, 0x00, 0x00, 0x00, 0x00, 0xFF, 0xF0,
    0x00, 0x00, 0x00, 0x00, 0xFF, 0xF8, 0x00, 0x00, 0x00, 0x02, 0xFE, 0xFC, 0x00, 0x00, 0x00, 0x03,
    0xF8, 0xFE, 0x00, 0x00, 0x00, 0x03, 0xF0, 0xBF, 0x00, 0x00, 0x00, 0x0B, 0xF0, 0x3F, 0x00, 0x00,
    0x00, 0x0F, 0xE0, 0x3F, 0x80, 0x00, 0x00, 0x1F, 0xC0, 0x2F, 0xC0, 0x00, 0x00, 0x3F, 0xC0, 0x0F,
    0xC0, 0x00, 0x00, 0x3F, 0x80, 0x0F, 0xE0, 0x00, 0x00, 0xBF, 0x00, 0x0B, 0xF0, 0x00, 0x00, 0xFE,
    0x00, 0x03, 0xF8, 0x00, 0x00, 0xFD, 0x00, 0x03, 0xFC, 0x00, 0x02, 0xFE, 0x55, 0x57, 0xFC, 0x00,
    0x03, 0xFF, 0xFF, 0xFF, 0xFE, 0x00, 0x07, 0xFF, 0xFF, 0xFF, 0xFF, 0x00, 0x0F, 0xFA, 0xAA, 0xAA,
    0xFF, 0x00, 0x0F, 0xE0, 0x00, 0x00, 0x3F, 0x80, 0x2F, 0xC0, 0x00, 0x00, 0x2F, 0xC0, 0x3F, 0xC0,
    0x00, 0x00, 0x1F, 0xD0, 0x3F, 0x80, 0x00, 0x00, 0x0F, 0xF0, 0xBF, 0x00, 0x00, 0x00, 0x0F, 0xF0,
    0x00, 0x00, 0x00, 0x00, 0x2F, 0x80, 0x00, 0x00, 0x00, 0x00, 0x3E, 0x00, 0x00, 0x00, 0x00, 0x00,
    0xBC, 0x00, 0x00, 0x00, 0x00, 0x00, 0xBE, 0x00, 0x00, 0x00, 0x00, 0x00, 0x3F, 0xF0, 0x00, 0x00,
    0x00, 0x00, 0x1F, 0xF0, 0x00, 0x00, 0x00, 0x00, 0x00, 0x00, 0x00, 0x00, 0x00, 0x00, 0x00, 0x00,
    0xBF, 0xFF, 0x80, 0x00, 0x03, 0xFF, 0xFF, 0xF0, 0x00, 0x0F, 0xF8, 0x1F, 0xF8, 0x00, 0x0F, 0xC0,
    0x02, 0xFC, 0x00, 0x0A, 0x80, 0x00, 0xFC, 0x00, 0x00, 0x00, 0x00, 0xFE, 0x00, 0x00, 0x00, 0x00,
    0xFE, 0x00, 0x00, 0x02, 0xBF, 0xFE, 0x00, 0x00, 0xBF, 0xFF, 0xFE, 0x00, 0x0F, 0xFF, 0xFA, 0xBE,
    0x00, 0x3F, 0xF8, 0x00, 0xBE, 0x00, 0x7F, 0x80, 0x00, 0xBE, 0x00, 0xBF, 0x00, 0x00, 0xFE, 0x00,
    0xBF, 0x00, 0x00, 0xFE, 0x00, 0xBF, 0x00, 0x03, 0xFE, 0x00, 0x3F, 0xE0, 0x6F, 0xFF, 0x00, 0x2F,
    0xFF, 0xFF, 0x3F, 0x00, 0x03, 0xFF, 0xF8, 0x3F, 0x00, 0x00, 0x00, 0x00, 0xF8, 0x00, 0x00, 0x00,
    0x03, 0xE0, 0x00, 0x00, 0x00, 0x0B, 0xC0, 0x00, 0x00, 0x00, 0x0B, 0xE0, 0x00, 0x00, 0x00, 0x03,
    0xFF, 0x00, 0x00, 0x00, 0x02, 0xFF, 0x00, 0x00, 0x00, 0x00, 0x00, 0x00, 0x00, 0x00, 0x00, 0x00,
    0x00, 0x00, 0x00, 0x00, 0x00, 0x3E, 0x00, 0x00, 0x00, 0x00, 0x00, 0xFF, 0x00, 0x00, 0x00, 0x00,
    0x03, 0xFC, 0x00, 0x00, 0x00, 0x00, 0x0F, 0xE0, 0x00, 0x00, 0x00, 0x00, 0x00, 0x00, 0x00, 0x00,
    0x00, 0x00, 0x00, 0x00, 0x00, 0x00, 0x00, 0x00, 0x1A, 0xA4, 0x00, 0x00, 0x00, 0x07, 0xFF, 0xFF,
    0x80, 0x00, 0x00, 0x3F, 0xFF, 0xFF, 0xF8, 0x00, 0x00, 0xFF, 0xF8, 0x6F, 0xFE, 0x00, 0x03, 0xFF,
    0x00, 0x00, 0xFF, 0x40, 0x0B, 0xFC, 0x00, 0x00, 0x3F, 0xC0, 0x0F, 0xF0, 0x00, 0x00, 0x0E, 0x00,
    0x1F, 0xE0, 0x00, 0x00, 0x00, 0x00, 0x2F, 0xC0, 0x00, 0x00, 0x00, 0x00, 0x3F, 0xC0, 0x00, 0x00,
    0x00, 0x00, 0x3F, 0x80, 0x00, 0x00, 0x00, 0x00, 0x3F, 0x80, 0x00, 0x00, 0x00, 0x00, 0x3F, 0x40,
    0x00, 0x00, 0x00, 0x00, 0x3F, 0x40, 0x00, 0x00, 0x00, 0x00, 0x3F, 0x80, 0x00, 0x00, 0x00, 0x00,
    0x3F, 0x80, 0x00, 0x00, 0x00, 0x00, 0x3F, 0xC0, 0x00, 0x00, 0x00, 0x00, 0x2F, 0xC0, 0x00, 0x00,
    0x00, 0x00, 0x0F, 0xE0, 0x00, 0x00, 0x00, 0x00, 0x0F, 0xF0, 0x00, 0x00, 0x1F, 0x80, 0x03, 0xFC,
    0x00, 0x00, 0x3F, 0xC0, 0x02, 0xFF, 0x80, 0x02, 0xFF, 0x00, 0x00, 0xBF, 0xFE, 0xBF, 0xFE, 0x00,
    0x00, 0x2F, 0xFF, 0xFF, 0xF0, 0x00, 0x00, 0x02, 0xFF, 0xFF, 0x40, 0x00, 0x00, 0x00, 0x00, 0x00,
    0x00, 0x00, 0x00, 0x00, 0x02, 0x00, 0x00, 0x00, 0x0F, 0xC0, 0x00, 0x00, 0x3F, 0xC0, 0x00, 0x00,
    0xBF, 0x00, 0x00, 0x01, 0xFC, 0x00, 0x00, 0x00, 0x40, 0x00, 0x00, 0x00, 0x00, 0x00, 0x00, 0x00,
    0x00, 0x00, 0x00, 0x2F, 0xFF, 0x80, 0x02, 0xFF, 0xFF, 0xF0, 0x0B, 0xFE, 0xAF, 0xFC, 0x0F, 0xF0,
    0x01, 0xFE, 0x3F, 0xC0, 0x00, 0x60, 0x3F, 0x40, 0x00, 0x00, 0xBF, 0x00, 0x00, 0x00, 0xBF, 0x00,
    0x00, 0x00, 0xBF, 0x00, 0x00, 0x00, 0xBF, 0x00, 0x00, 0x00, 0xBF, 0x00, 0x00, 0x00, 0xBF, 0x00,
    0x00, 0x00, 0x3F, 0x80, 0x00, 0x00, 0x3F, 0xC0, 0x00, 0x20, 0x0F, 0xF0, 0x00, 0xFE, 0x0B, 0xFE,
    0xAF, 0xFC, 0x02, 0xFF, 0xFF, 0xF0, 0x00, 0x3F, 0xFF, 0x80, 0x00, 0x00, 0x00, 0x00, 0x00, 0x00,
    0x02, 0x40, 0x00, 0x00, 0x00, 0x00, 0x0F, 0xE0, 0x00, 0x00, 0x00, 0x00, 0x0F, 0xE0, 0x00, 0x00,
    0x00, 0x00, 0x0F, 0xE0, 0x00, 0x00, 0x00, 0x00, 0x02, 0x00, 0x00, 0x00, 0x00, 0x00, 0x00, 0x00,
    0x00, 0x00, 0x00, 0x00, 0x00, 0x00, 0x00, 0x00, 0x00, 0x00, 0x1A, 0xA4, 0x00, 0x00, 0x00, 0x07,
    0xFF, 0xFF, 0x80, 0x00, 0x00, 0x3F, 0xFF, 0xFF, 0xF8, 0x00, 0x00, 0xFF, 0xF8, 0x6F, 0xFE, 0x00,
    0x03, 0xFF, 0x00, 0x00, 0xFF, 0x40, 0x0B, 0xFC, 0x00, 0x00, 0x3F, 0xC0, 0x0F, 0xF0, 0x00, 0x00,
    0x0E, 0x00, 0x1F, 0xE0, 0x00, 0x00, 0x00, 0x00, 0x2F, 0xC0, 0x00, 0x00, 0x00, 0x00, 0x3F, 0xC0,
    0x00, 0x00, 0x00, 0x00, 0x3F, 0x80, 0x00, 0x00, 0x00, 0x00, 0x3F, 0x80, 0x00, 0x00, 0x00, 0x00,
    0x3F, 0x40, 0x00, 0x00, 0x00, 0x00, 0x3F, 0x40, 0x00, 0x00, 0x00, 0x00, 0x3F, 0x80, 0x00, 0x00,
    0x00, 0x00, 0x3F, 0x80, 0x00, 0x00, 0x00, 0x00, 0x3F, 0xC0, 0x00, 0x00, 0x00, 0x00, 0x2F, 0xC0,
    0x00, 0x00, 0x00, 0x00, 0x0F, 0xE0, 0x00, 0x00, 0x00, 0x00, 0x0F, 0xF0, 0x00, 0x00, 0x1F, 0x80,
    0x03, 0xFC, 0x00, 0x00, 0x3F, 0xC0, 0x02, 0xFF, 0x80, 0x02, 0xFF, 0x00, 0x00, 0xBF, 0xFE, 0xBF,
    0xFE, 0x00, 0x00, 0x2F, 0xFF, 0xFF, 0xF0, 0x00, 0x00, 0x02, 0xFF, 0xFF, 0x40, 0x00, 0x00, 0x00,
    0x00, 0x00, 0x00, 0x00, 0x00, 0x00, 0x00, 0x00, 0x00, 0x03, 0xF8, 0x00, 0x00, 0x03, 0xFC, 0x00,
    0x00, 0x03, 0xF8, 0x00, 0x00, 0x00, 0xA0, 0x00, 0x00, 0x00, 0x00, 0x00, 0x00, 0x00, 0x00, 0x00,
    0x00, 0x00, 0x00, 0x00, 0x00, 0x2F, 0xFF, 0x80, 0x02, 0xFF, 0xFF, 0xF0, 0x0B, 0xFE, 0xAF, 0xFC,
    0x0F, 0xF0, 0x01, 0xFE, 0x3F, 0xC0, 0x00, 0x60, 0x3F, 0x40, 0x00, 0x00, 0xBF, 0x00, 0x00, 0x00,
    0xBF, 0x00, 0x00, 0x00, 0xBF, 0x00, 0x00, 0x00, 0xBF, 0x00, 0x00, 0x00, 0xBF, 0x00, 0x00, 0x00,
    0xBF, 0x00, 0x00, 0x00, 0x3F, 0x80, 0x00, 0x00, 0x3F, 0xC0, 0x00, 0x20, 0x0F, 0xF0, 0x00, 0xFE,
    0x0B, 0xFE, 0xAF, 0xFC, 0x02, 0xFF, 0xFF, 0xF0, 0x00, 0x3F, 0xFF, 0x80, 0x00, 0x00, 0x00, 0x00,
    0x00, 0x00, 0x00, 0x00, 0x00, 0x00, 0x00, 0x0B, 0xF0, 0x3F, 0xC0, 0x00, 0x00, 0x02, 0xFE, 0xFF,
    0x00, 0x00, 0x00, 0x00, 0x7F, 0xF8, 0x00, 0x00, 0x00, 0x00, 0x0F, 0xE0, 0x00, 0x00, 0x00, 0x00,
    0x00, 0x00, 0x00, 0x00, 0x00, 0x00, 0x00, 0x00, 0x00, 0x00, 0x00, 0x00, 0x1A, 0xA4, 0x00, 0x00,
    0x00, 0x07, 0xFF, 0xFF, 0x80, 0x00, 0x00, 0x3F, 0xFF, 0xFF, 0xF8, 0x00, 0x00, 0xFF, 0xF8, 0x6F,
    0xFE, 0x00, 0x03, 0xFF, 0x00, 0x00, 0xFF, 0x40, 0x0B, 0xFC, 0x00, 0x00, 0x3F, 0xC0, 0x0F, 0xF0,
    0x00, 0x00, 0x0E, 0x00, 0x1F, 0xE0, 0x00, 0x00, 0x00, 0x00, 0x2F, 0xC0, 0x00, 0x00, 0x00, 0x00,
    0x3F, 0xC0, 0x00, 0x00, 0x00, 0x00, 0x3F, 0x80, 0x00, 0x00, 0x00, 0x00, 0x3F, 0x80, 0x00, 0x00,
    0x00, 0x00, 0x3F, 0x40, 0x00, 0x00, 0x00, 0x00, 0x3F, 0x40, 0x00, 0x00, 0x00, 0x00, 0x3F, 0x80,
    0x00, 0x00, 0x00, 0x00, 0x3F, 0x80, 0x00, 0x00, 0x00, 0x00, 0x3F, 0xC0, 0x00, 0x00, 0x00, 0x00,
    0x2F, 0xC0, 0x00, 0x00, 0x00, 0x00, 0x0F, 0xE0, 0x00, 0x00, 0x00, 0x00, 0x0F, 0xF0, 0x00, 0x00,
    0x1F, 0x80, 0x03, 0xFC, 0x00, 0x00, 0x3F, 0xC0, 0x02, 0xFF, 0x80, 0x02, 0xFF, 0x00, 0x00, 0xBF,
    0xFE, 0xBF, 0xFE, 0x00, 0x00, 0x2F, 0xFF, 0xFF, 0xF0, 0x00, 0x00, 0x02, 0xFF, 0xFF, 0x40, 0x00,
    0x00, 0x00, 0x00, 0x00, 0x00, 0x00, 0x00, 0x00, 0x00, 0x00, 0x02, 0xFC, 0x07, 0xF4, 0x00, 0xBF,
    0x2F, 0xC0, 0x00, 0x2F, 0xFF, 0x00, 0x00, 0x03, 0xFC, 0x00, 0x00, 0x00, 0x40, 0x00, 0x00, 0x00,
    0x00, 0x00, 0x00, 0x00, 0x00, 0x00, 0x00, 0x2F, 0xFF, 0x80, 0x02, 0xFF, 0xFF, 0xF0, 0x0B, 0xFE,
    0xAF, 0xFC, 0x0F, 0xF0, 0x01, 0xFE, 0x3F, 0xC0, 0x00, 0x60, 0x3F, 0x40, 0x00, 0x00, 0xBF, 0x00,
    0x00, 0x00, 0xBF, 0x00, 0x00, 0x00, 0xBF, 0x00, 0x00, 0x00, 0xBF, 0x00, 0x00, 0x00, 0xBF, 0x00,
    0x00, 0x00, 0xBF, 0x00, 0x00, 0x00, 0x3F, 0x80, 0x00, 0x00, 0x3F, 0xC0, 0x00, 0x20, 0x0F, 0xF0,
    0x00, 0xFE, 0x0B, 0xFE, 0xAF, 0xFC, 0x02, 0xFF, 0xFF, 0xF0, 0x00, 0x3F, 0xFF, 0x80, 0x00, 0x00,
    0x00, 0x00, 0x00, 0x00, 0x00, 0x00, 0x00, 0x00, 0x00, 0xBF, 0x02, 0xFC, 0x00, 0x00, 0x00, 0x2F,
    0xEF, 0xF0, 0x00, 0x00, 0x00, 0x03, 0xFF, 0xC0, 0x00, 0x00, 0x00, 0x00, 0xFE, 0x00, 0x00, 0x00,
    0x00, 0x00, 0x00, 0x00, 0x00, 0x00, 0x00, 0x00, 0x00, 0x00, 0x00, 0x00, 0x00, 0x00, 0x00, 0x00,
    0x00, 0x00, 0x3F, 0xFF, 0xFF, 0x90, 0x00, 0x00, 0x3F, 0xFF, 0xFF, 0xFE, 0x00, 0x00, 0x3F, 0xEB,
    0xFF, 0xFF, 0xC0, 0x00, 0x3F, 0x00, 0x00, 0xBF, 0xF0, 0x00, 0x3F, 0x00, 0x00, 0x0F, 0xF8, 0x00,
    0x3F, 0x00, 0x00, 0x03, 0xFC, 0x00, 0x3F, 0x00, 0x00, 0x00, 0xFE, 0x00, 0x3F, 0x00, 0x00, 0x00,
    0xFF, 0x00, 0x3F, 0x00, 0x00, 0x00, 0xBF, 0x00, 0x3F, 0x00, 0x00, 0x00, 0x3F, 0x00, 0x3F, 0x00,
    0x00, 0x00, 0x3F, 0x40, 0x3F, 0x00, 0x00, 0x00, 0x3F, 0x80, 0x3F, 0x00, 0x00, 0x00, 0x3F, 0x80,
    0x3F, 0x00, 0x00, 0x00, 0x3F, 0x40, 0x3F, 0x00, 0x00, 0x00, 0x3F, 0x00, 0x3F, 0x00, 0x00, 0x00,
    0xBF, 0x00, 0x3F, 0x00, 0x00, 0x00, 0xFF, 0x00, 0x3F, 0x00, 0x00, 0x02, 0xFE, 0x00, 0x3F, 0x00,
    0x00, 0x03, 0xFC, 0x00, 0x3F, 0x00, 0x00, 0x2F, 0xF8, 0x00, 0x3F, 0x00, 0x06, 0xFF, 0xE0, 0x00,
    0x3F, 0xFF, 0xFF, 0xFF, 0x80, 0x00, 0x3F, 0xFF, 0xFF, 0xF8, 0x00, 0x00, 0x3F, 0xFF, 0xFA, 0x40,
    0x00, 0x00, 0x00, 0x00, 0x00, 0x00, 0x00, 0x80, 0x00, 0x00, 0x00, 0x0F, 0xC2, 0xF0, 0x00, 0x00,
    0x00, 0x0F, 0xC3, 0xF0, 0x00, 0x00, 0x00, 0x0F, 0xC3, 0xE0, 0x00, 0x00, 0x00, 0x0F, 0xC3, 0xC0,
    0x00, 0x00, 0x00, 0x0F, 0xC7, 0xC0, 0x00, 0x00, 0x00, 0x0F, 0xCB, 0x80, 0x00, 0xBF, 0xFE, 0x0F,
    0xC0, 0x00, 0x02, 0xFF, 0xFF, 0xDF, 0xC0, 0x00, 0x0B, 0xFE, 0xAB, 0xFF, 0xC0, 0x00, 0x1F, 0xF0,
    0x00, 0xFF, 0xC0, 0x00, 0x3F, 0xC0, 0x00, 0x7F, 0xC0, 0x00, 0x3F, 0x80, 0x00, 0x3F, 0xC0, 0x00,
    0xBF, 0x00, 0x00, 0x2F, 0xC0, 0x00, 0xBF, 0x00, 0x00, 0x1F, 0xC0, 0x00, 0xBF, 0x00, 0x00, 0x0F,
    0xC0, 0x00, 0xBF, 0x00, 0x00, 0x0F, 0xC0, 0x00, 0xBF, 0x00, 0x00, 0x1F, 0xC0, 0x00, 0xBF, 0x00,
    0x00, 0x2F, 0xC0, 0x00, 0x3F, 0x80, 0x00, 0x3F, 0xC0, 0x00, 0x3F, 0xC0, 0x00, 0x7F, 0xC0, 0x00,
    0x1F, 0xF0, 0x00, 0xFF, 0xC0, 0x00, 0x0B, 0xFE, 0xAB, 0xFF, 0xC0, 0x00, 0x02, 0xFF, 0xFF, 0xCF,
    0xC0, 0x00, 0x00, 0x7F, 0xFE, 0x0B, 0xE0, 0x00, 0x00, 0x00, 0x00, 0x00, 0x00, 0x00, 0x00, 0x00,
    0x00, 0x00, 0x00, 0x00, 0x00, 0xFF, 0xFF, 0xFF, 0x80, 0x00, 0x00, 0xFF, 0xFF, 0xFF, 0xFC, 0x00,
    0x00, 0xFF, 0xAB, 0xFF, 0xFF, 0x80, 0x00, 0xFE, 0x00, 0x01, 0xFF, 0xE0, 0x00, 0xFE, 0x00, 0x00,
    0x2F, 0xF0, 0x00, 0xFE, 0x00, 0x00, 0x0B, 0xF8, 0x00, 0xFE, 0x00, 0x00, 0x03, 0xFC, 0x00, 0xFE,
    0x00, 0x00, 0x01, 0xFD, 0x00, 0xFE, 0x00, 0x00, 0x00, 0xFE, 0x00, 0xFE, 0x00, 0x00, 0x00, 0xFE,
    0x3F, 0xFF, 0xFF, 0x80, 0x00, 0xFF, 0x3F, 0xFF, 0xFF, 0x80, 0x00, 0xBF, 0x3F, 0xFF, 0xFF, 0x80,
    0x00, 0xFF, 0x00, 0xFE, 0x00, 0x00, 0x00, 0xFF, 0x00, 0xFE, 0x00, 0x00, 0x00, 0xFE, 0x00, 0xFE,
    0x00, 0x00, 0x00, 0xFE, 0x00, 0xFE, 0x00, 0x00, 0x02, 0xFC, 0x00, 0xFE, 0x00, 0x00, 0x03, 0xFC,
    0x00, 0xFE, 0x00, 0x00, 0x0F, 0xF8, 0x00, 0xFE, 0x00, 0x00, 0x3F, 0xF0, 0x00, 0xFE, 0x00, 0x0B,
    0xFF, 0xC0, 0x00, 0xFF, 0xFF, 0xFF, 0xFF, 0x00, 0x00, 0xFF, 0xFF, 0xFF, 0xF4, 0x00, 0x00, 0xFF,
    0xFF, 0xFA, 0x00, 0x00, 0x00, 0x00, 0x00, 0x00, 0x00, 0x00, 0x00, 0x00, 0x0F, 0xC0, 0x00, 0x00,
    0x00, 0x2F, 0xD0, 0x00, 0x00, 0xFF, 0xFF, 0xFF, 0x00, 0x00, 0xFF, 0xFF, 0xFF, 0x00, 0x00, 0x00,
    0x1F, 0xC0, 0x00, 0x00, 0x00, 0x0F, 0xC0, 0x00, 0xBF, 0xFE, 0x0F, 0xC0, 0x02, 0xFF, 0xFF, 0xDF,
    0xC0, 0x0B, 0xFE, 0xAB, 0xFF, 0xC0, 0x1F, 0xF0, 0x00, 0xFF, 0xC0, 0x3F, 0xC0, 0x00, 0x7F, 0xC0,
    0x3F, 0x80, 0x00, 0x3F, 0xC0, 0xBF, 0x00, 0x00, 0x2F, 0xC0, 0xBF, 0x00, 0x00, 0x1F, 0xC0, 0xBF,
    0x00, 0x00, 0x0F, 0xC0, 0xBF, 0x00, 0x00, 0x0F, 0xC0, 0xBF, 0x00, 0x00, 0x1F, 0xC0, 0xBF, 0x00,
    0x00, 0x2F, 0xC0, 0x3F, 0x80, 0x00, 0x3F, 0xC0, 0x3F, 0xC0, 0x00, 0x7F, 0xC0, 0x1F, 0xF0, 0x00,
    0xFF, 0xC0, 0x0B, 0xFE, 0xAB, 0xFF, 0xC0, 0x02, 0xFF, 0xFF, 0xCF, 0xC0, 0x00, 0x7F, 0xFE, 0x0B,
    0xE0, 0x00, 0x00, 0x00, 0x00, 0x00, 0x00, 0x00, 0x00, 0x00, 0x00, 0x00, 0xFF, 0xFF, 0xF0, 0x00,
    0x00, 0xFF, 0xFF, 0xF0, 0x00, 0x00, 0xAA, 0xAA, 0xA0, 0x00, 0x00, 0x00, 0x00, 0x00, 0x00, 0x00,
    0x00, 0x00, 0x00, 0x00, 0x00, 0x00, 0x00, 0x00, 0x00, 0x3F, 0xFF, 0xFF, 0xFF, 0xC0, 0x3F, 0xFF,
    0xFF, 0xFF, 0xC0, 0x3F, 0xFF, 0xFF, 0xFF, 0xC0, 0x3F, 0x00, 0x00, 0x00, 0x00, 0x3F, 0x00, 0x00,
    0x00, 0x00, 0x3F, 0x00, 0x00, 0x00, 0x00, 0x3F, 0x00, 0x00, 0x00, 0x00, 0x3F, 0x00, 0x00, 0x00,
    0x00, 0x3F, 0x00, 0x00, 0x00, 0x00, 0x3F, 0x00, 0x00, 0x00, 0x00, 0x3F, 0xFF, 0xFF, 0xE0, 0x00,
    0x3F, 0xFF, 0xFF, 0xE0, 0x00, 0x3F, 0xFF, 0xFF, 0xE0, 0x00, 0x3F, 0x00, 0x00, 0x00, 0x00, 0x3F,
    0x00, 0x00, 0x00, 0x00, 0x3F, 0x00, 0x00, 0x00, 0x00, 0x3F, 0x00, 0x00, 0x00, 0x00, 0x3F, 0x00,
    0x00, 0x00, 0x00, 0x3F, 0x00, 0x00, 0x00, 0x00, 0x3F, 0x00, 0x00, 0x00, 0x00, 0x3F, 0x00, 0x00,
    0x00, 0x00, 0x3F, 0xFF, 0xFF, 0xFF, 0xC0, 0x3F, 0xFF, 0xFF, 0xFF, 0xC0, 0x3F, 0xFF, 0xFF, 0xFF,
    0xC0, 0x00, 0x00, 0x00, 0x00, 0x00, 0x00, 0xFF, 0xFF, 0xF0, 0x00, 0x00, 0xFF, 0xFF, 0xF0, 0x00,
    0x00, 0x00, 0x00, 0x00, 0x00, 0x00, 0x00, 0x00, 0x00, 0x00, 0x00, 0x00, 0x00, 0x00, 0x00, 0x00,
    0x00, 0x00, 0x00, 0x00, 0x00, 0x2F, 0xFF, 0x80, 0x00, 0x02, 0xFF, 0xFF, 0xF4, 0x00, 0x0B, 0xFE,
    0xAB, 0xFC, 0x00, 0x0F, 0xE0, 0x00, 0xFF, 0x00, 0x3F, 0x80, 0x00, 0x3F, 0x80, 0x3F, 0x00, 0x00,
    0x1F, 0xC0, 0xBF, 0x00, 0x00, 0x0F, 0xC0, 0xBF, 0xAA, 0xAA, 0xAF, 0xD0, 0xBF, 0xFF, 0xFF, 0xFF,
    0xE0, 0xBF, 0xFF, 0xFF, 0xFF, 0xC0, 0xBF, 0x00, 0x00, 0x00, 0x00, 0xBF, 0x00, 0x00, 0x00, 0x00,
    0x3F, 0x40, 0x00, 0x00, 0x00, 0x3F, 0xC0, 0x00, 0x00, 0x00, 0x0F, 0xF0, 0x00, 0xBE, 0x00, 0x0B,
    0xFF, 0xAB, 0xFE, 0x00, 0x02, 0xFF, 0xFF, 0xF8, 0x00, 0x00, 0x2F, 0xFF, 0xC0, 0x00, 0x00, 0x00,
    0x00, 0x00, 0x00, 0x00, 0x00, 0xA0, 0x00, 0x00, 0x00, 0x03, 0xF8, 0x00, 0x00, 0x00, 0x03, 0xFC,
    0x00, 0x00, 0x00, 0x03, 0xF8, 0x00, 0x00, 0x00, 0x00, 0x50, 0x00, 0x00, 0x00, 0x00, 0x00, 0x00,
    0x00, 0x00, 0x00, 0x00, 0x00, 0x00, 0x00, 0x00, 0x00, 0x00, 0x00, 0x3F, 0xFF, 0xFF, 0xFF, 0xC0,
    0x3F, 0xFF, 0xFF, 0xFF, 0xC0, 0x3F, 0xFF, 0xFF, 0xFF, 0xC0, 0x3F, 0x00, 0x00, 0x00, 0x00, 0x3F,
    0x00, 0x00, 0x00, 0x00, 0x3F, 0x00, 0x00, 0x00, 0x00, 0x3F, 0x00, 0x00, 0x00, 0x00, 0x3F, 0x00,
    0x00, 0x00, 0x00, 0x3F, 0x00, 0x00, 0x00, 0x00, 0x3F, 0x00, 0x00, 0x00, 0x00, 0x3F, 0xFF, 0xFF,
    0xE0, 0x00, 0x3F, 0xFF, 0xFF, 0xE0, 0x00, 0x3F, 0xFF, 0xFF, 0xE0, 0x00, 0x3F, 0x00, 0x00, 0x00,
    0x00, 0x3F, 0x00, 0x00, 0x00, 0x00, 0x3F, 0x00, 0x00, 0x00, 0x00, 0x3F, 0x00, 0x00, 0x00, 0x00,
    0x3F, 0x00, 0x00, 0x00, 0x00, 0x3F, 0x00, 0x00, 0x00, 0x00, 0x3F, 0x00, 0x00, 0x00, 0x00, 0x3F,
    0x00, 0x00, 0x00, 0x00, 0x3F, 0xFF, 0xFF, 0xFF, 0xC0, 0x3F, 0xFF, 0xFF, 0xFF, 0xC0, 0x3F, 0xFF,
    0xFF, 0xFF, 0xC0, 0x00, 0x00, 0x00, 0x00, 0x00, 0x00, 0x02, 0xFC, 0x00, 0x00, 0x00, 0x03, 0xFC,
    0x00, 0x00, 0x00, 0x02, 0xFC, 0x00, 0x00, 0x00, 0x00, 0xA0, 0x00, 0x00, 0x00, 0x00, 0x00, 0x00,
    0x00, 0x00, 0x00, 0x00, 0x00, 0x00, 0x00, 0x00, 0x00, 0x00, 0x00, 0x00, 0x2F, 0xFF, 0x80, 0x00,
    0x02, 0xFF, 0xFF, 0xF4, 0x00, 0x0B, 0xFE, 0xAB, 0xFC, 0x00, 0x0F, 0xE0, 0x00, 0xFF, 0x00, 0x3F,
    0x80, 0x00, 0x3F, 0x80, 0x3F, 0x00, 0x00, 0x1F, 0xC0, 0xBF, 0x00, 0x00, 0x0F, 0xC0, 0xBF, 0xAA,
    0xAA, 0xAF, 0xD0, 0xBF, 0xFF, 0xFF, 0xFF, 0xE0, 0xBF, 0xFF, 0xFF, 0xFF, 0xC0, 0xBF, 0x00, 0x00,
    0x00, 0x00, 0xBF, 0x00, 0x00, 0x00, 0x00, 0x3F, 0x40, 0x00, 0x00, 0x00, 0x3F, 0xC0, 0x00, 0x00,
    0x00, 0x0F, 0xF0, 0x00, 0xBE, 0x00, 0x0B, 0xFF, 0xAB, 0xFE, 0x00, 0x02, 0xFF, 0xFF, 0xF8, 0x00,
    0x00, 0x2F, 0xFF, 0xC0, 0x00, 0x00, 0x00, 0x00, 0x00, 0x00, 0x00, 0x00, 0x00, 0x00, 0x00, 0x3F,
    0xFF, 0xFF, 0xFF, 0xC0, 0x3F, 0xFF, 0xFF, 0xFF, 0xC0, 0x3F, 0xFF, 0xFF, 0xFF, 0xC0, 0x3F, 0x00,
    0x00, 0x00, 0x00, 0x3F, 0x00, 0x00, 0x00, 0x00, 0x3F, 0x00, 0x00, 0x00, 0x00, 0x3F, 0x00, 0x00,
    0x00, 0x00, 0x3F, 0x00, 0x00, 0x00, 0x00, 0x3F, 0x00, 0x00, 0x00, 0x00, 0x3F, 0x00, 0x00, 0x00,
    0x00, 0x3F, 0xFF, 0xFF, 0xE0, 0x00, 0x3F, 0xFF, 0xFF, 0xE0, 0x00, 0x3F, 0xFF, 0xFF, 0xE0, 0x00,
    0x3F, 0x00, 0x00, 0x00, 0x00, 0x3F, 0x00, 0x00, 0x00, 0x00, 0x3F, 0x00, 0x00, 0x00, 0x00, 0x3F,
    0x00, 0x00, 0x00, 0x00, 0x3F, 0x00, 0x00, 0x00, 0x00, 0x3F, 0x00, 0x00, 0x00, 0x00, 0x3F, 0x00,
    0x00, 0x00, 0x00, 0x3F, 0x00, 0x00, 0x00, 0x00, 0x3F, 0xFF, 0xFF, 0xFF, 0xC0, 0x3F, 0xFF, 0xFF,
    0xFF, 0xC0, 0x3F, 0xFF, 0xFF, 0xFF, 0xC0, 0x00, 0x00, 0x02, 0xFC, 0x00, 0x00, 0x00, 0x03, 0xE0,
    0x00, 0x00, 0x00, 0x0B, 0xC0, 0x00, 0x00, 0x00, 0x0B, 0xE0, 0x00, 0x00, 0x00, 0x03, 0xFF, 0x00,
    0x00, 0x00, 0x00, 0xFF, 0x00, 0x00, 0x00, 0x00, 0x00, 0x00, 0x00, 0x00, 0x00, 0x00, 0x00, 0x00,
    0x2F, 0xFF, 0x80, 0x00, 0x02, 0xFF, 0xFF, 0xF4, 0x00, 0x0B, 0xFE, 0xAB, 0xFC, 0x00, 0x0F, 0xE0,
    0x00, 0xFF, 0x00, 0x3F, 0x80, 0x00, 0x3F, 0x80, 0x3F, 0x00, 0x00, 0x1F, 0xC0, 0xBF, 0x00, 0x00,
    0x0F, 0xC0, 0xBF, 0xAA, 0xAA, 0xAF, 0xD0, 0xBF, 0xFF, 0xFF, 0xFF, 0xE0, 0xBF, 0xFF, 0xFF, 0xFF,
    0xC0, 0xBF, 0x00, 0x00, 0x00, 0x00, 0xBF, 0x00, 0x00, 0x00, 0x00, 0x3F, 0x40, 0x00, 0x00, 0x00,
    0x3F, 0xC0, 0x00, 0x00, 0x00, 0x0F, 0xF0, 0x00, 0xBE, 0x00, 0x0B, 0xFF, 0xAB, 0xFE, 0x00, 0x02,
    0xFF, 0xFF, 0xF8, 0x00, 0x00, 0x2F, 0xFF, 0xC0, 0x00, 0x00, 0x00, 0xBF, 0x00, 0x00, 0x00, 0x00,
    0xBC, 0x00, 0x00, 0x00, 0x00, 0xFC, 0x00, 0x00, 0x00, 0x00, 0xFE, 0x00, 0x00, 0x00, 0x00, 0xBF,
    0xF0, 0x00, 0x00, 0x00, 0x2F, 0xF0, 0x00, 0x00, 0x00, 0x00, 0x00, 0x00, 0x00, 0x00, 0x00, 0x00,
    0x00, 0x01, 0xFE, 0x0B, 0xF0, 0x00, 0x00, 0x3F, 0xAF, 0xC0, 0x00, 0x00, 0x0F, 0xFF, 0x00, 0x00,
    0x00, 0x03, 0xFC, 0x00, 0x00, 0x00, 0x00, 0x00, 0x00, 0x00, 0x00, 0x00, 0x00, 0x00, 0x00, 0x00,
    0x00, 0x00, 0x00, 0x00, 0x3F, 0xFF, 0xFF, 0xFF, 0xC0, 0x3F, 0xFF, 0xFF, 0xFF, 0xC0, 0x3F, 0xFF,
    0xFF, 0xFF, 0xC0, 0x3F, 0x00, 0x00, 0x00, 0x00, 0x3F, 0x00, 0x00, 0x00, 0x00, 0x3F, 0x00, 0x00,
    0x00, 0x00, 0x3F, 0x00, 0x00, 0x00, 0x00, 0x3F, 0x00, 0x00, 0x00, 0x00, 0x3F, 0x00, 0x00, 0x00,
    0x00, 0x3F, 0x00, 0x00, 0x00, 0x00, 0x3F, 0xFF, 0xFF, 0xE0, 0x00, 0x3F, 0xFF, 0xFF, 0xE0, 0x00,
    0x3F, 0xFF, 0xFF, 0xE0, 0x00, 0x3F, 0x00, 0x00, 0x00, 0x00, 0x3F, 0x00, 0x00, 0x00, 0x00, 0x3F,
    0x00, 0x00, 0x00, 0x00, 0x3F, 0x00, 0x00, 0x00, 0x00, 0x3F, 0x00, 0x00, 0x00, 0x00, 0x3F, 0x00,
    0x00, 0x00, 0x00, 0x3F, 0x00, 0x00, 0x00, 0x00, 0x3F, 0x00, 0x00, 0x00, 0x00, 0x3F, 0xFF, 0xFF,
    0xFF, 0xC0, 0x3F, 0xFF, 0xFF, 0xFF, 0xC0, 0x3F, 0xFF, 0xFF, 0xFF, 0xC0, 0x00, 0x00, 0x00, 0x00,
    0x00, 0x01, 0xFD, 0x03, 0xF8, 0x00, 0x00, 0x3F, 0x8F, 0xE0, 0x00, 0x00, 0x0F, 0xFF, 0x40, 0x00,
    0x00, 0x03, 0xFC, 0x00, 0x00, 0x00, 0x00, 0x10, 0x00, 0x00, 0x00, 0x00, 0x00, 0x00, 0x00, 0x00,
    0x00, 0x00, 0x00, 0x00, 0x00, 0x2F, 0xFF, 0x80, 0x00, 0x02, 0xFF, 0xFF, 0xF4, 0x00, 0x0B, 0xFE,
    0xAB, 0xFC, 0x00, 0x0F, 0xE0, 0x00, 0xFF, 0x00, 0x3F, 0x80, 0x00, 0x3F, 0x80, 0x3F, 0x00, 0x00,
    0x1F, 0xC0, 0xBF, 0x00, 0x00, 0x0F, 0xC0, 0xBF, 0xAA, 0xAA, 0xAF, 0xD0, 0xBF, 0xFF, 0xFF, 0xFF,
    0xE0, 0xBF, 0xFF, 0xFF, 0xFF, 0xC0, 0xBF, 0x00, 0x00, 0x00, 0x00, 0xBF, 0x00, 0x00, 0x00, 0x00,
    0x3F, 0x40, 0x00, 0x00, 0x00, 0x3F, 0xC0, 0x00, 0x00, 0x00, 0x0F, 0xF0, 0x00, 0xBE, 0x00, 0x0B,
    0xFF, 0xAB, 0xFE, 0x00, 0x02, 0xFF, 0xFF, 0xF8, 0x00, 0x00, 0x2F, 0xFF, 0xC0, 0x00, 0x00, 0x00,
    0x00, 0x00, 0x00, 0x00, 0x00, 0x00, 0x00, 0x00, 0x00, 0x00, 0x03, 0xE0, 0x0F, 0xC0, 0x00, 0x00,
    0x03, 0xFD, 0xBF, 0x80, 0x00, 0x00, 0x00, 0xFF, 0xFF, 0x00, 0x00, 0x00, 0x00, 0x2F, 0xF8, 0x00,
    0x00, 0x00, 0x00, 0x00, 0x00, 0x00, 0x00, 0x00, 0x00, 0x00, 0x00, 0x00, 0x00, 0x00, 0x00, 0x1A,
    0xA4, 0x00, 0x00, 0x00, 0x07, 0xFF, 0xFF, 0x80, 0x00, 0x00, 0x3F, 0xFF, 0xFF, 0xF8, 0x00, 0x00,
    0xFF, 0xF8, 0x6F, 0xFE, 0x00, 0x03, 0xFF, 0x00, 0x00, 0xFF, 0x80, 0x0B, 0xFC, 0x00, 0x00, 0x3F,
    0xC0, 0x0F, 0xF0, 0x00, 0x00, 0x0E, 0x00, 0x1F, 0xE0, 0x00, 0x00, 0x00, 0x00, 0x2F, 0xC0, 0x00,
    0x00, 0x00, 0x00, 0x3F, 0xC0, 0x00, 0x00, 0x00, 0x00, 0x3F, 0x80, 0x00, 0x00, 0x00, 0x00, 0x3F,
    0x80, 0x00, 0x00, 0x00, 0x00, 0x3F, 0x40, 0x00, 0xAA, 0xAA, 0xA0, 0x3F, 0x40, 0x00, 0xFF, 0xFF,
    0xF0, 0x3F, 0x80, 0x00, 0xFF, 0xFF, 0xF0, 0x3F, 0x80, 0x00, 0xAA, 0xAB, 0xF0, 0x3F, 0xC0, 0x00,
    0x00, 0x03, 0xF0, 0x2F, 0xC0, 0x00, 0x00, 0x03, 0xF0, 0x0F, 0xE0, 0x00, 0x00, 0x0B, 0xF0, 0x0F,
    0xF0, 0x00, 0x00, 0x0F, 0xF0, 0x03, 0xFC, 0x00, 0x00, 0x3F, 0xF0, 0x02, 0xFF, 0x80, 0x01, 0xFF,
    0xF0, 0x00, 0xBF, 0xFE, 0xBF, 0xFF, 0xF0, 0x00, 0x2F, 0xFF, 0xFF, 0xF0, 0xF0, 0x00, 0x02, 0xFF,
    0xFF, 0x40, 0xF0, 0x00, 0x00, 0x00, 0x00, 0x00, 0x00, 0x00, 0x00, 0x00, 0x00, 0x00, 0x02, 0xF0,
    0x03, 0xF0, 0x00, 0x00, 0xFE, 0x0F, 0xE0, 0x00, 0x00, 0xBF, 0xFF, 0xC0, 0x00, 0x00, 0x2F, 0xFE,
    0x00, 0x00, 0x00, 0x00, 0x40, 0x00, 0x00, 0x00, 0x00, 0x00, 0x00, 0x00, 0x00, 0x00, 0x00, 0x00,
    0x00, 0x00, 0xBF, 0xFE, 0x0F, 0x80, 0x03, 0xFF, 0xFF, 0x8F, 0x80, 0x0F, 0xFE, 0xAF, 0xFF, 0x80,
    0x2F, 0xE0, 0x01, 0xFF, 0x80, 0x3F, 0xC0, 0x00, 0xBF, 0x80, 0x3F, 0x40, 0x00, 0x3F, 0x80, 0xBF,
    0x00, 0x00, 0x2F, 0x80, 0xBF, 0x00, 0x00, 0x2F, 0x80, 0xBF, 0x00, 0x00, 0x1F, 0x80, 0xBF, 0x00,
    0x00, 0x2F, 0x80, 0xBF, 0x00, 0x00, 0x2F, 0x80, 0x7F, 0x00, 0x00, 0x3F, 0x80, 0x3F, 0xC0, 0x00,
    0x3F, 0x80, 0x2F, 0xE0, 0x00, 0xFF, 0x80, 0x0F, 0xF8, 0x0B, 0xFF, 0x80, 0x03, 0xFF, 0xFF, 0xEF,
    0x80, 0x00, 0xFF, 0xFF, 0x2F, 0x80, 0x00, 0x0A, 0xA0, 0x2F, 0x80, 0x00, 0x00, 0x00, 0x2F, 0x80,
    0x00, 0x00, 0x00, 0x3F, 0x40, 0x0B, 0xE0, 0x00, 0xBF, 0x00, 0x0F, 0xF8, 0x02, 0xFE, 0x00, 0x03,
    0xFF, 0xFF, 0xFC, 0x00, 0x00, 0xFF, 0xFF, 0xF0, 0x00, 0x00, 0x0A, 0xFA, 0x00, 0x00, 0x00, 0x00,
    0x02, 0x80, 0x00, 0x00, 0x00, 0x00, 0x0F, 0xE0, 0x00, 0x00, 0x00, 0x00, 0x0F, 0xF0, 0x00, 0x00,
    0x00, 0x00, 0x0F, 0xE0, 0x00, 0x00, 0x00, 0x00, 0x01, 0x40, 0x00, 0x00, 0x00, 0x00, 0x00, 0x00,
    0x00, 0x00, 0x00, 0x00, 0x00, 0x00, 0x00, 0x00, 0x00, 0x00, 0x1A, 0xA4, 0x00, 0x00, 0x00, 0x07,
    0xFF, 0xFF, 0x80, 0x00, 0x00, 0x3F, 0xFF, 0xFF, 0xF8, 0x00, 0x00, 0xFF, 0xF8, 0x6F, 0xFE, 0x00,
    0x03, 0xFF, 0x00, 0x00, 0xFF, 0x80, 0x0B, 0xFC, 0x00, 0x00, 0x3F, 0xC0, 0x0F, 0xF0, 0x00, 0x00,
    0x0E, 0x00, 0x1F, 0xE0, 0x00, 0x00, 0x00, 0x00, 0x2F, 0xC0, 0x00, 0x00, 0x00, 0x00, 0x3F, 0xC0,
    0x00, 0x00, 0x00, 0x00, 0x3F, 0x80, 0x00, 0x00, 0x00, 0x00, 0x3F, 0x80, 0x00, 0x00, 0x00, 0x00,
    0x3F, 0x40, 0x00, 0xAA, 0xAA, 0xA0, 0x3F, 0x40, 0x00, 0xFF, 0xFF, 0xF0, 0x3F, 0x80, 0x00, 0xFF,
    0xFF, 0xF0, 0x3F, 0x80, 0x00, 0xAA, 0xAB, 0xF0, 0x3F, 0xC0, 0x00, 0x00, 0x03, 0xF0, 0x2F, 0xC0,
    0x00, 0x00, 0x03, 0xF0, 0x0F, 0xE0, 0x00, 0x00, 0x0B, 0xF0, 0x0F, 0xF0, 0x00, 0x00, 0x0F, 0xF0,
    0x03, 0xFC, 0x00, 0x00, 0x3F, 0xF0, 0x02, 0xFF, 0x80, 0x01, 0xFF, 0xF0, 0x00, 0xBF, 0xFE, 0xBF,
    0xFF, 0xF0, 0x00, 0x2F, 0xFF, 0xFF, 0xF0, 0xF0, 0x00, 0x02, 0xFF, 0xFF, 0x40, 0xF0, 0x00, 0x00,
    0x00, 0x00, 0x00, 0x00, 0x00, 0x00, 0x00, 0x00, 0x00, 0x00, 0x03, 0xF0, 0x00, 0x00, 0x00, 0x03,
    0xF8, 0x00, 0x00, 0x00, 0x03, 0xF8, 0x00, 0x00, 0x00, 0x00, 0xA0, 0x00, 0x00, 0x00, 0x00, 0x00,
    0x00, 0x00, 0x00, 0x00, 0x00, 0x00, 0x00, 0x00, 0x00, 0x00, 0x00, 0x00, 0x00, 0xBF, 0xFE, 0x0F,
    0x80, 0x03, 0xFF, 0xFF, 0x8F, 0x80, 0x0F, 0xFE, 0xAF, 0xFF, 0x80, 0x2F, 0xE0, 0x01, 0xFF, 0x80,
    0x3F, 0xC0, 0x00, 0xBF, 0x80, 0x3F, 0x40, 0x00, 0x3F, 0x80, 0xBF, 0x00, 0x00, 0x2F, 0x80, 0xBF,
    0x00, 0x00, 0x2F, 0x80, 0xBF, 0x00, 0x00, 0x1F, 0x80, 0xBF, 0x00, 0x00, 0x2F, 0x80, 0xBF, 0x00,
    0x00, 0x2F, 0x80, 0x7F, 0x00, 0x00, 0x3F, 0x80, 0x3F, 0xC0, 0x00, 0x3F, 0x80, 0x2F, 0xE0, 0x00,
    0xFF, 0x80, 0x0F, 0xF8, 0x0B, 0xFF, 0x80, 0x03, 0xFF, 0xFF, 0xEF, 0x80, 0x00, 0xFF, 0xFF, 0x2F,
    0x80, 0x00, 0x0A, 0xA0, 0x2F, 0x80, 0x00, 0x00, 0x00, 0x2F, 0x80, 0x00, 0x00, 0x00, 0x3F, 0x40,
    0x0B, 0xE0, 0x00, 0xBF, 0x00, 0x0F, 0xF8, 0x02, 0xFE, 0x00, 0x03, 0xFF, 0xFF, 0xFC, 0x00, 0x00,
    0xFF, 0xFF, 0xF0, 0x00, 0x00, 0x0A, 0xFA, 0x00, 0x00, 0x00, 0x00, 0x1A, 0xA4, 0x00, 0x00, 0x00,
    0x07, 0xFF, 0xFF, 0x80, 0x00, 0x00, 0x3F, 0xFF, 0xFF, 0xF8, 0x00, 0x00, 0xFF, 0xF8, 0x6F, 0xFE,
    0x00, 0x03, 0xFF, 0x00, 0x00, 0xFF, 0x80, 0x0B, 0xFC, 0x00, 0x00, 0x3F, 0xC0, 0x0F, 0xF0, 0x00,
    0x00, 0x0E, 0x00, 0x1F, 0xE0, 0x00, 0x00, 0x00, 0x00, 0x2F, 0xC0, 0x00, 0x00, 0x00, 0x00, 0x3F,
    0xC0, 0x00, 0x00, 0x00, 0x00, 0x3F, 0x80, 0x00, 0x00, 0x00, 0x00, 0x3F, 0x80, 0x00, 0x00, 0x00,
    0x00, 0x3F, 0x40, 0x00, 0xAA, 0xAA, 0xA0, 0x3F, 0x40, 0x00, 0xFF, 0xFF, 0xF0, 0x3F, 0x80, 0x00,
    0xFF, 0xFF, 0xF0, 0x3F, 0x80, 0x00, 0xAA, 0xAB, 0xF0, 0x3F, 0xC0, 0x00, 0x00, 0x03, 0xF0, 0x2F,
    0xC0, 0x00, 0x00, 0x03, 0xF0, 0x0F, 0xE0, 0x00, 0x00, 0x0B, 0xF0, 0x0F, 0xF0, 0x00, 0x00, 0x0F,
    0xF0, 0x03, 0xFC, 0x00, 0x00, 0x3F, 0xF0, 0x02, 0xFF, 0x80, 0x01, 0xFF, 0xF0, 0x00, 0xBF, 0xFE,
    0xBF, 0xFF, 0xF0, 0x00, 0x2F, 0xFF, 0xFF, 0xF0, 0xF0, 0x00, 0x02, 0xFF, 0xFF, 0x40, 0xF0, 0x00,
    0x00, 0x00, 0x00, 0x00, 0x00, 0x00, 0x00, 0x00, 0x00, 0x00, 0x00, 0x00, 0x00, 0x0B, 0xC0, 0x00,
    0x00, 0x00, 0x00, 0x03, 0xF0, 0x00, 0x00, 0x00, 0x00, 0x01, 0xF0, 0x00, 0x00, 0x00, 0x00, 0x00,
    0xF0, 0x00, 0x00, 0x00, 0x00, 0x02, 0xF0, 0x00, 0x00, 0x00, 0x00, 0x2F, 0xE0, 0x00, 0x00, 0x00,
    0x00, 0x2E, 0x00, 0x00, 0x00, 0x00, 0x00, 0x00, 0x00, 0x00, 0x00, 0x00, 0x0F, 0xC0, 0x00, 0x00,
    0x00, 0xBF, 0x80, 0x00, 0x00, 0x00, 0xF8, 0x00, 0x00, 0x00, 0x00, 0xF0, 0x00, 0x00, 0x00, 0x00,
    0xF8, 0x00, 0x00, 0x00, 0x00, 0xFC, 0x00, 0x00, 0x00, 0x00, 0x3D, 0x00, 0x00, 0x00, 0x00, 0x00,
    0x00, 0x00, 0x00, 0x00, 0x00, 0x00, 0x00, 0x00, 0x00, 0x00, 0x00, 0x00, 0x00, 0xBF, 0xFE, 0x0F,
    0x80, 0x03, 0xFF, 0xFF, 0x8F, 0x80, 0x0F, 0xFE, 0xAF, 0xFF, 0x80, 0x2F, 0xE0, 0x01, 0xFF, 0x80,
    0x3F, 0xC0, 0x00, 0xBF, 0x80, 0x3F, 0x40, 0x00, 0x3F, 0x80, 0xBF, 0x00, 0x00, 0x2F, 0x80, 0xBF,
    0x00, 0x00, 0x2F, 0x80, 0xBF, 0x00, 0x00, 0x1F, 0x80, 0xBF, 0x00, 0x00, 0x2F, 0x80, 0xBF, 0x00,
    0x00, 0x2F, 0x80, 0x7F, 0x00, 0x00, 0x3F, 0x80, 0x3F, 0xC0, 0x00, 0x3F, 0x80, 0x2F, 0xE0, 0x00,
    0xFF, 0x80, 0x0F, 0xF8, 0x0B, 0xFF, 0x80, 0x03, 0xFF, 0xFF, 0xEF, 0x80, 0x00, 0xFF, 0xFF, 0x2F,
    0x80, 0x00, 0x0A, 0xA0, 0x2F, 0x80, 0x00, 0x00, 0x00, 0x2F, 0x80, 0x00, 0x00, 0x00, 0x3F, 0x40,
    0x0B, 0xE0, 0x00, 0xBF, 0x00, 0x0F, 0xF8, 0x02, 0xFE, 0x00, 0x03, 0xFF, 0xFF, 0xFC, 0x00, 0x00,
    0xFF, 0xFF, 0xF0, 0x00, 0x00, 0x0A, 0xFA, 0x00, 0x00, 0x00, 0x00, 0x00, 0x00, 0x00, 0x00, 0x00,
    0x03, 0xF8, 0x00, 0x00, 0x03, 0xF8, 0x00, 0x03, 0xF8, 0x00, 0x00, 0x03, 0xF8, 0x00, 0x03, 0xF8,
    0x00, 0x00, 0x03, 0xF8, 0x00, 0xBF, 0xFF, 0xFF, 0xFF, 0xFF, 0xFF, 0xC0, 0xBF, 0xFF, 0xFF, 0xFF,
    0xFF, 0xFF, 0xC0, 0xBF, 0xFF, 0xFF, 0xFF, 0xFF, 0xFF, 0xC0, 0x03, 0xF8, 0x00, 0x00, 0x03, 0xF8,
    0x00, 0x03, 0xF8, 0x00, 0x00, 0x03, 0xF8, 0x00, 0x03, 0xF8, 0x00, 0x00, 0x03, 0xF8, 0x00, 0x03,
    0xF8, 0x00, 0x00, 0x03, 0xF8, 0x00, 0x03, 0xFF, 0xFF, 0xFF, 0xFF, 0xF8, 0x00, 0x03, 0xFF, 0xFF,
    0xFF, 0xFF, 0xF8, 0x00, 0x03, 0xFF, 0xFF, 0xFF, 0xFF, 0xF8, 0x00, 0x03, 0xF8, 0x00, 0x00, 0x03,
    0xF8, 0x00, 0x03, 0xF8, 0x00, 0x00, 0x03, 0xF8, 0x00, 0x03, 0xF8, 0x00, 0x00, 0x03, 0xF8, 0x00,
    0x03, 0xF8, 0x00, 0x00, 0x03, 0xF8, 0x00, 0x03, 0xF8, 0x00, 0x00, 0x03, 0xF8, 0x00, 0x03, 0xF8,
    0x00, 0x00, 0x03, 0xF8, 0x00, 0x03, 0xF8, 0x00, 0x00, 0x03, 0xF8, 0x00, 0x03, 0xF8, 0x00, 0x00,
    0x03, 0xF8, 0x00, 0x03, 0xF8, 0x00, 0x00, 0x03, 0xF8, 0x00, 0x03, 0xF8, 0x00, 0x00, 0x03, 0xF8,
    0x00, 0x03, 0xF8, 0x00, 0x00, 0x03, 0xF8, 0x00, 0x00, 0x00, 0x00, 0x00, 0x00, 0x00, 0xFC, 0x00,
    0x00, 0x00, 0x02, 0xFC, 0x00, 0x00, 0x00, 0x3F, 0xFF, 0xFF, 0x80, 0x00, 0x3F, 0xFF, 0xFF, 0x80,
    0x00, 0x02, 0xFC, 0x00, 0x00, 0x00, 0x00, 0xFC, 0x00, 0x00, 0x00, 0x00, 0xFC, 0x3F, 0xFF, 0x00,
    0x00, 0xFD, 0xFF, 0xFF, 0xC0, 0x00, 0xFF, 0xFA, 0xBF, 0xE0, 0x00, 0xFF, 0x80, 0x0B, 0xF0, 0x00,
    0xFF, 0x00, 0x03, 0xF0, 0x00, 0xFC, 0x00, 0x03, 0xF8, 0x00, 0xFC, 0x00, 0x02, 0xF8, 0x00, 0xFC,
    0x00, 0x02, 0xF8, 0x00, 0xFC, 0x00, 0x02, 0xF8, 0x00, 0xFC, 0x00, 0x02, 0xF8, 0x00, 0xFC, 0x00,
    0x02, 0xF8, 0x00, 0xFC, 0x00, 0x02, 0xF8, 0x00, 0xFC, 0x00, 0x02, 0xF8, 0x00, 0xFC, 0x00, 0x02,
    0xF8, 0x00, 0xFC, 0x00, 0x02, 0xF8, 0x00, 0xFC, 0x00, 0x02, 0xF8, 0x00, 0xFC, 0x00, 0x02, 0xF8,
    0x00, 0xFC, 0x00, 0x02, 0xF8, 0x00, 0x00, 0x00, 0xBF, 0xFF, 0xF8, 0xBF, 0xFF, 0xF8, 0x2A, 0xAA,
    0xA0, 0x00, 0x00, 0x00, 0x00, 0x00, 0x00, 0x00, 0x00, 0x00, 0xBF, 0xFF, 0xF8, 0xBF, 0xFF, 0xF8,
    0x6A, 0xFE, 0xA0, 0x00, 0xFC, 0x00, 0x00, 0xFC, 0x00, 0x00, 0xFC, 0x00, 0x00, 0xFC, 0x00, 0x00,
    0xFC, 0x00, 0x00, 0xFC, 0x00, 0x00, 0xFC, 0x00, 0x00, 0xFC, 0x00, 0x00, 0xFC, 0x00, 0x00, 0xFC,
    0x00, 0x00, 0xFC, 0x00, 0x00, 0xFC, 0x00, 0x00, 0xFC, 0x00, 0x00, 0xFC, 0x00, 0x00, 0xFC, 0x00,
    0x00, 0xFC, 0x00, 0x00, 0xFC, 0x00, 0x00, 0xFC, 0x00, 0xBF, 0xFF, 0xF8, 0xBF, 0xFF, 0xF8, 0xBF,
    0xFF, 0xF8, 0x00, 0x00, 0x00, 0x3F, 0xFF, 0xFC, 0x3F, 0xFF, 0xFC, 0x00, 0x00, 0x00, 0x00, 0x00,
    0x00, 0x00, 0x00, 0x00, 0x00, 0x00, 0x00, 0x0B, 0xFF, 0x00, 0x0B, 0xFF, 0x00, 0x02, 0xBF, 0x00,
    0x00, 0x3F, 0x00, 0x00, 0x3F, 0x00, 0x00, 0x3F, 0x00, 0x00, 0x3F, 0x00, 0x00, 0x3F, 0x00, 0x00,
    0x3F, 0x00, 0x00, 0x3F, 0x00, 0x00, 0x3F, 0x00, 0x00, 0x3F, 0x00, 0x00, 0x3F, 0x00, 0x00, 0x3F,
    0x00, 0x00, 0x3F, 0x00, 0x00, 0x3F, 0x00, 0x00, 0x3F, 0x00, 0x00, 0x3F, 0x00, 0x00, 0x00, 0x00,
    0xBF, 0xFF, 0xF8, 0xBF, 0xFF, 0xF8, 0x6A, 0xFE, 0xA0, 0x00, 0xFC, 0x00, 0x00, 0xFC, 0x00, 0x00,
    0xFC, 0x00, 0x00, 0xFC, 0x00, 0x00, 0xFC, 0x00, 0x00, 0xFC, 0x00, 0x00, 0xFC, 0x00, 0x00, 0xFC,
    0x00, 0x00, 0xFC, 0x00, 0x00, 0xFC, 0x00, 0x00, 0xFC, 0x00, 0x00, 0xFC, 0x00, 0x00, 0xFC, 0x00,
    0x00, 0xFC, 0x00, 0x00, 0xFC, 0x00, 0x00, 0xFC, 0x00, 0x00, 0xFC, 0x00, 0x00, 0xFC, 0x00, 0xBF,
    0xFF, 0xF8, 0xBF, 0xFF, 0xF8, 0xBF, 0xFF, 0xF8, 0x03, 0xF8, 0x00, 0x0B, 0xC0, 0x00, 0x0F, 0xC0,
    0x00, 0x0F, 0xE0, 0x00, 0x0B, 0xFF, 0x00, 0x02, 0xFF, 0x00, 0x00, 0x00, 0x00, 0x00, 0x00, 0x02,
    0xF0, 0x0B, 0xFC, 0x0B, 0xFC, 0x07, 0xF8, 0x01, 0xA0, 0x00, 0x00, 0x00, 0x00, 0x00, 0x00, 0xBF,
    0xF0, 0xBF, 0xF0, 0x2B, 0xF0, 0x03, 0xF0, 0x03, 0xF0, 0x03, 0xF0, 0x03, 0xF0, 0x03, 0xF0, 0x03,
    0xF0, 0x03, 0xF0, 0x03, 0xF0, 0x03, 0xF0, 0x03, 0xF0, 0x03, 0xF0, 0x03, 0xF0, 0x03, 0xF0, 0x03,
    0xF0, 0x03, 0xF0, 0x2F, 0x80, 0x7D, 0x00, 0xFC, 0x00, 0xFE, 0x00, 0xBF, 0xF0, 0x2F, 0xF0, 0x00,
    0x00, 0x00, 0x00, 0xBF, 0xF0, 0xBF, 0xF0, 0x2B, 0xF0, 0x03, 0xF0, 0x03, 0xF0, 0x03, 0xF0, 0x03,
    0xF0, 0x03, 0xF0, 0x03, 0xF0, 0x03, 0xF0, 0x03, 0xF0, 0x03, 0xF0, 0x03, 0xF0, 0x03, 0xF0, 0x03,
    0xF0, 0x03, 0xF0, 0x03, 0xF0, 0x03, 0xF0, 0x00, 0x00, 0x00, 0x00, 0x00, 0x00, 0x3F, 0x00, 0x00,
    0x0F, 0xF8, 0x00, 0x3F, 0x00, 0x00, 0x2F, 0xF0, 0x00, 0x3F, 0x00, 0x00, 0xBF, 0xC0, 0x00, 0x3F,
    0x00, 0x02, 0xFF, 0x00, 0x00, 0x3F, 0x00, 0x0B, 0xFC, 0x00, 0x00, 0x3F, 0x00, 0x0F, 0xF0, 0x00,
    0x00, 0x3F, 0x00, 0x3F, 0xC0, 0x00, 0x00, 0x3F, 0x00, 0xFF, 0x00, 0x00, 0x00, 0x3F, 0x03, 0xFD,
    0x00, 0x00, 0x00, 0x3F, 0x0F, 0xF8, 0x00, 0x00, 0x00, 0x3F, 0x3F, 0xF8, 0x00, 0x00, 0x00, 0x3F,
    0xFF, 0xFD, 0x00, 0x00, 0x00, 0x3F, 0xFF, 0xFF, 0x00, 0x00, 0x00, 0x3F, 0xFC, 0xBF, 0xC0, 0x00,
    0x00, 0x3F, 0xF0, 0x3F, 0xE0, 0x00, 0x00, 0x3F, 0xC0, 0x0F, 0xF0, 0x00, 0x00, 0x3F, 0x00, 0x0B,
    0xFC, 0x00, 0x00, 0x3F, 0x00, 0x02, 0xFE, 0x00, 0x00, 0x3F, 0x00, 0x00, 0xFF, 0x80, 0x00, 0x3F,
    0x00, 0x00, 0x3F, 0xC0, 0x00, 0x3F, 0x00, 0x00, 0x2F, 0xF0, 0x00, 0x3F, 0x00, 0x00, 0x0F, 0xF8,
    0x00, 0x3F, 0x00, 0x00, 0x03, 0xFD, 0x00, 0x3F, 0x00, 0x00, 0x00, 0xFF, 0x00, 0x00, 0x00, 0x00,
    0x00, 0x00, 0x00, 0x00, 0x00, 0x00, 0x00, 0x00, 0x00, 0x00, 0x00, 0xBC, 0x00, 0x00, 0x00, 0x00,
    0x00, 0xBE, 0x00, 0x00, 0x00, 0x00, 0x00, 0x3F, 0x00, 0x00, 0x00, 0x00, 0x00, 0x2F, 0x00, 0x00,
    0x00, 0x00, 0x00, 0x3E, 0x00, 0x00, 0x00, 0x00, 0x0A, 0xFC, 0x00, 0x00, 0x00, 0x00, 0x03, 0xE0,
    0x00, 0x00, 0x00, 0x00, 0x00, 0x00, 0x00, 0xBE, 0x00, 0x00, 0x00, 0xBE, 0x00, 0x00, 0x00, 0xBE,
    0x00, 0x00, 0x00, 0xBE, 0x00, 0x00, 0x00, 0xBE, 0x00, 0x00, 0x00, 0xBE, 0x00, 0x00, 0x00, 0xBE,
    0x00, 0x0F, 0xF0, 0xBE, 0x00, 0x3F, 0xC0, 0xBE, 0x00, 0xBF, 0x00, 0xBE, 0x02, 0xFD, 0x00, 0xBE,
    0x0B, 0xF8, 0x00, 0xBE, 0x1F, 0xE0, 0x00, 0xBE, 0x3F, 0x80, 0x00, 0xBF, 0xFF, 0x00, 0x00, 0xBF,
    0xFF, 0x80, 0x00, 0xBF, 0xFF, 0xD0, 0x00, 0xBF, 0xCF, 0xF0, 0x00, 0xBF, 0x03, 0xFC, 0x00, 0xBE,
    0x02, 0xFE, 0x00, 0xBE, 0x00, 0xBF, 0x00, 0xBE, 0x00, 0x3F, 0xC0, 0xBE, 0x00, 0x0F, 0xE0, 0xBE,
    0x00, 0x0B, 0xF8, 0xBE, 0x00, 0x03, 0xFC, 0x00, 0x00, 0x00, 0x00, 0x00, 0x00, 0x00, 0x00, 0x00,
    0x0F, 0x80, 0x00, 0x00, 0x0B, 0xC0, 0x00, 0x00, 0x03, 0xE0, 0x00, 0x00, 0x03, 0xE0, 0x00, 0x00,
    0x0B, 0xC0, 0x00, 0x00, 0xBF, 0x80, 0x00, 0x00, 0x79, 0x00, 0x00, 0x00, 0x00, 0x00, 0x00, 0x00,
    0x3F, 0x00, 0x00, 0x00, 0x00, 0x3F, 0x00, 0x00, 0x00, 0x00, 0x3F, 0x00, 0x00, 0x00, 0x00, 0x3F,
    0x00, 0x00, 0x00, 0x00, 0x3F, 0x00, 0x00, 0x00, 0x00, 0x3F, 0x00, 0x00, 0x00, 0x00, 0x3F, 0x00,
    0x00, 0x00, 0x00, 0x3F, 0x00, 0x00, 0x00, 0x00, 0x3F, 0x00, 0x00, 0x00, 0x00, 0x3F, 0x00, 0x00,
    0x00, 0x00, 0x3F, 0x00, 0x00, 0x00, 0x00, 0x3F, 0x00, 0x00, 0x00, 0x00, 0x3F, 0x00, 0x00, 0x00,
    0x00, 0x3F, 0x00, 0x00, 0x00, 0x00, 0x3F, 0x00, 0x00, 0x00, 0x00, 0x3F, 0x00, 0x00, 0x00, 0x00,
    0x3F, 0x00, 0x00, 0x00, 0x00, 0x3F, 0x00, 0x00, 0x00, 0x00, 0x3F, 0x00, 0x00, 0x00, 0x00, 0x3F,
    0x00, 0x00, 0x00, 0x00, 0x3F, 0x00, 0x00, 0x00, 0x00, 0x3F, 0xFF, 0xFF, 0xFF, 0xC0, 0x3F, 0xFF,
    0xFF, 0xFF, 0xC0, 0x3F, 0xFF, 0xFF, 0xFF, 0xC0, 0x00, 0x00, 0x00, 0x00, 0x00, 0x00, 0x00, 0x00,
    0x00, 0x00, 0x00, 0x00, 0xF8, 0x00, 0x00, 0x00, 0x00, 0xBC, 0x00, 0x00, 0x00, 0x00, 0x3E, 0x00,
    0x00, 0x00, 0x00, 0x3E, 0x00, 0x00, 0x00, 0x00, 0xBC, 0x00, 0x00, 0x00, 0x0B, 0xF8, 0x00, 0x00,
    0x00, 0x0B, 0x90, 0x00, 0x00, 0x00, 0x00, 0x2F, 0x80, 0x2F, 0x80, 0x2F, 0x80, 0x2F, 0x80, 0x2F,
    0x80, 0x2F, 0x80, 0x2F, 0x80, 0x2F, 0x80, 0x2F, 0x80, 0x2F, 0x80, 0x2F, 0x80, 0x2F, 0x80, 0x2F,
    0x80, 0x2F, 0x80, 0x2F, 0x80, 0x2F, 0x80, 0x2F, 0x80, 0x2F, 0x80, 0x2F, 0x80, 0x2F, 0x80, 0x2F,
    0xC0, 0x1F, 0xFC, 0x0F, 0xFC, 0x02, 0xFC, 0x00, 0x00, 0x00, 0x00, 0x02, 0xE0, 0x02, 0xF8, 0x00,
    0xFC, 0x00, 0xFC, 0x00, 0xF8, 0x2F, 0xF0, 0x0F, 0x80, 0x00, 0x00, 0x02, 0x00, 0x00, 0x3F, 0x00,
    0x0F, 0x80, 0x00, 0x3F, 0x00, 0x0F, 0x80, 0x00, 0x3F, 0x00, 0x2F, 0x00, 0x00, 0x3F, 0x00, 0x2F,
    0x00, 0x00, 0x3F, 0x00, 0x2E, 0x00, 0x00, 0x3F, 0x00, 0x3C, 0x00, 0x00, 0x3F, 0x00, 0x00, 0x00,
    0x00, 0x3F, 0x00, 0x00, 0x00, 0x00, 0x3F, 0x00, 0x00, 0x00, 0x00, 0x3F, 0x00, 0x00, 0x00, 0x00,
    0x3F, 0x00, 0x00, 0x00, 0x00, 0x3F, 0x00, 0x00, 0x00, 0x00, 0x3F, 0x00, 0x00, 0x00, 0x00, 0x3F,
    0x00, 0x00, 0x00, 0x00, 0x3F, 0x00, 0x00, 0x00, 0x00, 0x3F, 0x00, 0x00, 0x00, 0x00, 0x3F, 0x00,
    0x00, 0x00, 0x00, 0x3F, 0x00, 0x00, 0x00, 0x00, 0x3F, 0x00, 0x00, 0x00, 0x00, 0x3F, 0x00, 0x00,
    0x00, 0x00, 0x3F, 0x00, 0x00, 0x00, 0x00, 0x3F, 0xFF, 0xFF, 0xFF, 0xC0, 0x3F, 0xFF, 0xFF, 0xFF,
    0xC0, 0x3F, 0xFF, 0xFF, 0xFF, 0xC0, 0x00, 0x02, 0x00, 0xBE, 0x0F, 0x80, 0xBE, 0x0F, 0x80, 0xBE,
    0x2F, 0x00, 0xBE, 0x2F, 0x00, 0xBE, 0x3E, 0x00, 0xBE, 0x3C, 0x00, 0xBE, 0x00, 0x00, 0xBE, 0x00,
    0x00, 0xBE, 0x00, 0x00, 0xBE, 0x00, 0x00, 0xBE, 0x00, 0x00, 0xBE, 0x00, 0x00, 0xBE, 0x00, 0x00,
    0xBE, 0x00, 0x00, 0xBE, 0x00, 0x00, 0xBE, 0x00, 0x00, 0xBE, 0x00, 0x00, 0xBE, 0x00, 0x00, 0xBE,
    0x00, 0x00, 0xBE, 0x00, 0x00, 0xBF, 0x00, 0x00, 0x7F, 0xF0, 0x00, 0x3F, 0xF0, 0x00, 0x0B, 0xF0,
    0x00, 0x00, 0x00, 0x00, 0x00, 0x00, 0x00, 0x00, 0xFE, 0x00, 0x00, 0x00, 0x00, 0x00, 0xFE, 0x00,
    0x00, 0x00, 0x00, 0x00, 0xFE, 0x00, 0x00, 0x00, 0x00, 0x00, 0xFE, 0x00, 0x00, 0x00, 0x00, 0x00,
    0xFE, 0x00, 0x00, 0x00, 0x00, 0x00, 0xFE, 0x00, 0x00, 0x00, 0x00, 0x00, 0xFE, 0x00, 0xB0, 0x00,
    0x00, 0x00, 0xFE, 0x0B, 0xF0, 0x00, 0x00, 0x00, 0xFE, 0x3F, 0xE0, 0x00, 0x00, 0x00, 0xFF, 0xFF,
    0x00, 0x00, 0x00, 0x00, 0xFF, 0xF4, 0x00, 0x00, 0x00, 0x00, 0xFF, 0x80, 0x00, 0x00, 0x00, 0x0B,
    0xFE, 0x00, 0x00, 0x00, 0x00, 0x3F, 0xFE, 0x00, 0x00, 0x00, 0x00, 0x3E, 0xFE, 0x00, 0x00, 0x00,
    0x00, 0x30, 0xFE, 0x00, 0x00, 0x00, 0x00, 0x00, 0xFE, 0x00, 0x00, 0x00, 0x00, 0x00, 0xFE, 0x00,
    0x00, 0x00, 0x00, 0x00, 0xFE, 0x00, 0x00, 0x00, 0x00, 0x00, 0xFE, 0x00, 0x00, 0x00, 0x00, 0x00,
    0xFE, 0x00, 0x00, 0x00, 0x00, 0x00, 0xFF, 0xFF, 0xFF, 0xFF, 0x00, 0x00, 0xFF, 0xFF, 0xFF, 0xFF,
    0x00, 0x00, 0xFF, 0xFF, 0xFF, 0xFF, 0x00, 0x00, 0x00, 0x00, 0x0B, 0xE0, 0x00, 0x0B, 0xE0, 0x00,
    0x0B, 0xE0, 0x00, 0x0B, 0xE0, 0x00, 0x0B, 0xE0, 0x00, 0x0B, 0xE0, 0x00, 0x0B, 0xE0, 0x00, 0x0B,
    0xE0, 0x00, 0x0B, 0xE2, 0x00, 0x0B, 0xFF, 0x00, 0x0B, 0xFF, 0x00, 0x0F, 0xFC, 0x00, 0x3F, 0xE0,
    0x00, 0xBF, 0xE0, 0x00, 0xAF, 0xE0, 0x00, 0x0B, 0xE0, 0x00, 0x0B, 0xE0, 0x00, 0x0B, 0xE0, 0x00,
    0x0B, 0xE0, 0x00, 0x0B, 0xE0, 0x00, 0x0B, 0xF0, 0x00, 0x0B, 0xFF, 0x00, 0x03, 0xFF, 0x00, 0x00,
    0xBF, 0x00, 0x00, 0x00, 0x00, 0x00, 0x00, 0x00, 0x00, 0x00, 0x00, 0xBC, 0x00, 0x00, 0x00, 0x00,
    0x02, 0xFC, 0x00, 0x00, 0x00, 0x00, 0x0B, 0xF4, 0x00, 0x00, 0x00, 0x00, 0x2F, 0x80, 0x00, 0x00,
    0x00, 0x00, 0x00, 0x00, 0x00, 0x00, 0x00, 0x00, 0x00, 0x00, 0x00, 0x00, 0x00, 0x00, 0x00, 0x00,
    0x00, 0x00, 0x3F, 0xF0, 0x00, 0x00, 0x7F, 0x00, 0x3F, 0xFC, 0x00, 0x00, 0x7F, 0x00, 0x3F, 0xFC,
    0x00, 0x00, 0x7F, 0x00, 0x3F, 0xFF, 0x00, 0x00, 0x7F, 0x00, 0x3F, 0xBF, 0x40, 0x00, 0x7F, 0x00,
    0x3F, 0x3F, 0xC0, 0x00, 0x7F, 0x00, 0x3F, 0x0F, 0xE0, 0x00, 0x7F, 0x00, 0x3F, 0x0F, 0xF0, 0x00,
    0x7F, 0x00, 0x3F, 0x03, 0xF8, 0x00, 0x7F, 0x00, 0x3F, 0x02, 0xFC, 0x00, 0x7F, 0x00, 0x3F, 0x00,
    0xFE, 0x00, 0x7F, 0x00, 0x3F, 0x00, 0xBF, 0x00, 0x7F, 0x00, 0x3F, 0x00, 0x3F, 0x80, 0x7F, 0x00,
    0x3F, 0x00, 0x2F, 0xC0, 0x7F, 0x00, 0x3F, 0x00, 0x0F, 0xF0, 0x7F, 0x00, 0x3F, 0x00, 0x0B, 0xF0,
    0x7F, 0x00, 0x3F, 0x00, 0x03, 0xFC, 0x7F, 0x00, 0x3F, 0x00, 0x02, 0xFC, 0x7F, 0x00, 0x3F, 0x00,
    0x00, 0xFF, 0xBF, 0x00, 0x3F, 0x00, 0x00, 0x7F, 0xFF, 0x00, 0x3F, 0x00, 0x00, 0x3F, 0xFF, 0x00,
    0x3F, 0x00, 0x00, 0x0F, 0xFF, 0x00, 0x3F, 0x00, 0x00, 0x0F, 0xFF, 0x00, 0x3F, 0x00, 0x00, 0x03,
    0xFF, 0x00, 0x00, 0x00, 0x0A, 0x00, 0x00, 0x00, 0x2F, 0x80, 0x00, 0x00, 0x7F, 0x40, 0x00, 0x00,
    0xFE, 0x00, 0x00, 0x03, 0xF4, 0x00, 0x00, 0x01, 0x40, 0x00, 0x00, 0x00, 0x00, 0x00, 0x00, 0x00,
    0x00, 0x00, 0xBC, 0x2F, 0xFF, 0x80, 0xBC, 0xBF, 0xFF, 0xF0, 0xBF, 0xFE, 0xAF, 0xF4, 0xBF, 0xE0,
    0x03, 0xFC, 0xBF, 0x80, 0x00, 0xFC, 0xBF, 0x00, 0x00, 0xFC, 0xBF, 0x00, 0x00, 0xFC, 0xBE, 0x00,
    0x00, 0xFC, 0xBE, 0x00, 0x00, 0xFC, 0xBE, 0x00, 0x00, 0xFC, 0xBE, 0x00, 0x00, 0xFC, 0xBE, 0x00,
    0x00, 0xFC, 0xBE, 0x00, 0x00, 0xFC, 0xBE, 0x00, 0x00, 0xFC, 0xBE, 0x00, 0x00, 0xFC, 0xBE, 0x00,
    0x00, 0xFC, 0xBE, 0x00, 0x00, 0xFC, 0xBE, 0x00, 0x00, 0xFC, 0x00, 0x00, 0x00, 0x00, 0x00, 0x00,
    0x3F, 0xF0, 0x00, 0x00, 0x7F, 0x00, 0x3F, 0xFC, 0x00, 0x00, 0x7F, 0x00, 0x3F, 0xFC, 0x00, 0x00,
    0x7F, 0x00, 0x3F, 0xFF, 0x00, 0x00, 0x7F, 0x00, 0x3F, 0xBF, 0x40, 0x00, 0x7F, 0x00, 0x3F, 0x3F,
    0xC0, 0x00, 0x7F, 0x00, 0x3F, 0x0F, 0xE0, 0x00, 0x7F, 0x00, 0x3F, 0x0F, 0xF0, 0x00, 0x7F, 0x00,
    0x3F, 0x03, 0xF8, 0x00, 0x7F, 0x00, 0x3F, 0x02, 0xFC, 0x00, 0x7F, 0x00, 0x3F, 0x00, 0xFE, 0x00,
    0x7F, 0x00, 0x3F, 0x00, 0xBF, 0x00, 0x7F, 0x00, 0x3F, 0x00, 0x3F, 0x80, 0x7F, 0x00, 0x3F, 0x00,
    0x2F, 0xC0, 0x7F, 0x00, 0x3F, 0x00, 0x0F, 0xF0, 0x7F, 0x00, 0x3F, 0x00, 0x0B, 0xF0, 0x7F, 0x00,
    0x3F, 0x00, 0x03, 0xFC, 0x7F, 0x00, 0x3F, 0x00, 0x02, 0xFC, 0x7F, 0x00, 0x3F, 0x00, 0x00, 0xFF,
    0xBF, 0x00, 0x3F, 0x00, 0x00, 0x7F, 0xFF, 0x00, 0x3F, 0x00, 0x00, 0x3F, 0xFF, 0x00, 0x3F, 0x00,
    0x00, 0x0F, 0xFF, 0x00, 0x3F, 0x00, 0x00, 0x0F, 0xFF, 0x00, 0x3F, 0x00, 0x00, 0x03, 0xFF, 0x00,
    0x00, 0x00, 0x00, 0x00, 0x00, 0x00, 0x00, 0x00, 0x00, 0x00, 0x00, 0x00, 0x00, 0x00, 0xF8, 0x00,
    0x00, 0x00, 0x00, 0x00, 0xBE, 0x00, 0x00, 0x00, 0x00, 0x00, 0x3E, 0x00, 0x00, 0x00, 0x00, 0x00,
    0x3E, 0x00, 0x00, 0x00, 0x00, 0x00, 0x3E, 0x00, 0x00, 0x00, 0x00, 0x0B, 0xFC, 0x00, 0x00, 0x00,
    0x00, 0x03, 0xE0, 0x00, 0x00, 0x00, 0x00, 0x00, 0x00, 0x00, 0xBC, 0x2F, 0xFF, 0x80, 0xBC, 0xBF,
    0xFF, 0xF0, 0xBF, 0xFE, 0xAF, 0xF4, 0xBF, 0xE0, 0x03, 0xFC, 0xBF, 0x80, 0x00, 0xFC, 0xBF, 0x00,
    0x00, 0xFC, 0xBF, 0x00, 0x00, 0xFC, 0xBE, 0x00, 0x00, 0xFC, 0xBE, 0x00, 0x00, 0xFC, 0xBE, 0x00,
    0x00, 0xFC, 0xBE, 0x00, 0x00, 0xFC, 0xBE, 0x00, 0x00, 0xFC, 0xBE, 0x00, 0x00, 0xFC, 0xBE, 0x00,
    0x00, 0xFC, 0xBE, 0x00, 0x00, 0xFC, 0xBE, 0x00, 0x00, 0xFC, 0xBE, 0x00, 0x00, 0xFC, 0xBE, 0x00,
    0x00, 0xFC, 0x00, 0x00, 0x00, 0x00, 0x00, 0x00, 0x00, 0x00, 0x00, 0x0B, 0xC0, 0x00, 0x00, 0x0B,
    0xE0, 0x00, 0x00, 0x03, 0xF0, 0x00, 0x00, 0x03, 0xF0, 0x00, 0x00, 0x03, 0xE0, 0x00, 0x00, 0xAF,
    0xC0, 0x00, 0x00, 0x3E, 0x00, 0x00, 0x00, 0x00, 0x00, 0x00, 0x00, 0x00, 0x00, 0x0F, 0xE0, 0xBF,
    0x00, 0x00, 0x00, 0x03, 0xFA, 0xFC, 0x00, 0x00, 0x00, 0x00, 0xFF, 0xF0, 0x00, 0x00, 0x00, 0x00,
    0x3F, 0xC0, 0x00, 0x00, 0x00, 0x00, 0x00, 0x00, 0x00, 0x00, 0x00, 0x00, 0x00, 0x00, 0x00, 0x00,
    0x00, 0x00, 0x00, 0x00, 0x00, 0x00, 0x3F, 0xF0, 0x00, 0x00, 0x7F, 0x00, 0x3F, 0xFC, 0x00, 0x00,
    0x7F, 0x00, 0x3F, 0xFC, 0x00, 0x00, 0x7F, 0x00, 0x3F, 0xFF, 0x00, 0x00, 0x7F, 0x00, 0x3F, 0xBF,
    0x40, 0x00, 0x7F, 0x00, 0x3F, 0x3F, 0xC0, 0x00, 0x7F, 0x00, 0x3F, 0x0F, 0xE0, 0x00, 0x7F, 0x00,
    0x3F, 0x0F, 0xF0, 0x00, 0x7F, 0x00, 0x3F, 0x03, 0xF8, 0x00, 0x7F, 0x00, 0x3F, 0x02, 0xFC, 0x00,
    0x7F, 0x00, 0x3F, 0x00, 0xFE, 0x00, 0x7F, 0x00, 0x3F, 0x00, 0xBF, 0x00, 0x7F, 0x00, 0x3F, 0x00,
    0x3F, 0x80, 0x7F, 0x00, 0x3F, 0x00, 0x2F, 0xC0, 0x7F, 0x00, 0x3F, 0x00, 0x0F, 0xF0, 0x7F, 0x00,
    0x3F, 0x00, 0x0B, 0xF0, 0x7F, 0x00, 0x3F, 0x00, 0x03, 0xFC, 0x7F, 0x00, 0x3F, 0x00, 0x02, 0xFC,
    0x7F, 0x00, 0x3F, 0x00, 0x00, 0xFF, 0xBF, 0x00, 0x3F, 0x00, 0x00, 0x7F, 0xFF, 0x00, 0x3F, 0x00,
    0x00, 0x3F, 0xFF, 0x00, 0x3F, 0x00, 0x00, 0x0F, 0xFF, 0x00, 0x3F, 0x00, 0x00, 0x0F, 0xFF, 0x00,
    0x3F, 0x00, 0x00, 0x03, 0xFF, 0x00, 0x00, 0x00, 0x00, 0x00, 0x03, 0xF8, 0x0F, 0xF0, 0x00, 0xFE,
    0x3F, 0x80, 0x00, 0x3F, 0xFE, 0x00, 0x00, 0x0F, 0xF8, 0x00, 0x00, 0x00, 0x40, 0x00, 0x00, 0x00,
    0x00, 0x00, 0x00, 0x00, 0x00, 0x00, 0xBC, 0x2F, 0xFF, 0x80, 0xBC, 0xBF, 0xFF, 0xF0, 0xBF, 0xFE,
    0xAF, 0xF4, 0xBF, 0xE0, 0x03, 0xFC, 0xBF, 0x80, 0x00, 0xFC, 0xBF, 0x00, 0x00, 0xFC, 0xBF, 0x00,
    0x00, 0xFC, 0xBE, 0x00, 0x00, 0xFC, 0xBE, 0x00, 0x00, 0xFC, 0xBE, 0x00, 0x00, 0xFC, 0xBE, 0x00,
    0x00, 0xFC, 0xBE, 0x00, 0x00, 0xFC, 0xBE, 0x00, 0x00, 0xFC, 0xBE, 0x00, 0x00, 0xFC, 0xBE, 0x00,
    0x00, 0xFC, 0xBE, 0x00, 0x00, 0xFC, 0xBE, 0x00, 0x00, 0xFC, 0xBE, 0x00, 0x00, 0xFC, 0x00, 0x00,
    0x02, 0xD0, 0x38, 0x00, 0x00, 0x00, 0x07, 0xF0, 0xFC, 0x00, 0x00, 0x00, 0x0F, 0xE3, 0xFC, 0x00,
    0x00, 0x00, 0x3F, 0x8B, 0xE0, 0x00, 0x00, 0x00, 0xBD, 0x2F, 0x80, 0x00, 0x00, 0x00, 0x00, 0x00,
    0x00, 0x00, 0x00, 0x00, 0x00, 0x00, 0x00, 0x00, 0x00, 0x00, 0x2A, 0xA8, 0x00, 0x00, 0x00, 0x07,
    0xFF, 0xFF, 0xE0, 0x00, 0x00, 0x2F, 0xFF, 0xFF, 0xFC, 0x00, 0x00, 0xFF, 0xF9, 0x6F, 0xFF, 0x00,
    0x02, 0xFF, 0x00, 0x00, 0xFF, 0xC0, 0x07, 0xFC, 0x00, 0x00, 0x2F, 0xE0, 0x0F, 0xF0, 0x00, 0x00,
    0x0F, 0xF0, 0x0F, 0xE0, 0x00, 0x00, 0x03, 0xF8, 0x2F, 0xC0, 0x00, 0x00, 0x03, 0xFC, 0x3F, 0xC0,
    0x00, 0x00, 0x02, 0xFC, 0x3F, 0x80, 0x00, 0x00, 0x01, 0xFC, 0x3F, 0x80, 0x00, 0x00, 0x00, 0xFC,
    0x3F, 0x40, 0x00, 0x00, 0x00, 0xFE, 0x3F, 0x40, 0x00, 0x00, 0x00, 0xFD, 0x3F, 0x80, 0x00, 0x00,
    0x00, 0xFC, 0x3F, 0x80, 0x00, 0x00, 0x02, 0xFC, 0x3F, 0xC0, 0x00, 0x00, 0x02, 0xFC, 0x2F, 0xC0,
    0x00, 0x00, 0x03, 0xF8, 0x0F, 0xE0, 0x00, 0x00, 0x0B, 0xF4, 0x0F, 0xF4, 0x00, 0x00, 0x0F, 0xF0,
    0x03, 0xFD, 0x00, 0x00, 0x3F, 0xC0, 0x02, 0xFF, 0x80, 0x02, 0xFF, 0x80, 0x00, 0xBF, 0xFE, 0xBF,
    0xFE, 0x00, 0x00, 0x1F, 0xFF, 0xFF, 0xF8, 0x00, 0x00, 0x02, 0xFF, 0xFF, 0x80, 0x00, 0x00, 0x00,
    0x00, 0x00, 0x00, 0x00, 0x00, 0x00, 0xA0, 0x08, 0x00, 0x00, 0x01, 0xF8, 0x3F, 0x00, 0x00, 0x03,
    0xF8, 0xFF, 0x00, 0x00, 0x0F, 0xE2, 0xFC, 0x00, 0x00, 0x2F, 0x8B, 0xE0, 0x00, 0x00, 0x00, 0x00,
    0x00, 0x00, 0x00, 0x00, 0x00, 0x00, 0x00, 0x00, 0x00, 0x00, 0x00, 0x00, 0x00, 0x2F, 0xFF, 0x80,
    0x00, 0x02, 0xFF, 0xFF, 0xF8, 0x00, 0x0B, 0xFF, 0xAF, 0xFE, 0x00, 0x0F, 0xF0, 0x00, 0xFF, 0x00,
    0x3F, 0xC0, 0x00, 0x3F, 0x80, 0x3F, 0x80, 0x00, 0x2F, 0xC0, 0xBF, 0x00, 0x00, 0x0F, 0xC0, 0xBF,
    0x00, 0x00, 0x0F, 0xE0, 0xBE, 0x00, 0x00, 0x0F, 0xE0, 0xBE, 0x00, 0x00, 0x0F, 0xE0, 0xBF, 0x00,
    0x00, 0x0F, 0xE0, 0xBF, 0x00, 0x00, 0x0F, 0xC0, 0x3F, 0x80, 0x00, 0x2F, 0xC0, 0x3F, 0xC0, 0x00,
    0x3F, 0x80, 0x0F, 0xF0, 0x00, 0xFF, 0x00, 0x0B, 0xFF, 0xAF, 0xFE, 0x00, 0x02, 0xFF, 0xFF, 0xF8,
    0x00, 0x00, 0x2F, 0xFF, 0x80, 0x00, 0x00, 0x00, 0x00, 0x00, 0x00, 0x00, 0x00, 0x1A, 0xA8, 0x00,
    0x00, 0x00, 0x00, 0x00, 0x00, 0x03, 0xFF, 0xFF, 0xE0, 0xFF, 0xFF, 0xFF, 0xFE, 0x00, 0x2F, 0xFF,
    0xFF, 0xFD, 0xFF, 0xFF, 0xFF, 0xFE, 0x00, 0xFF, 0xF8, 0x2F, 0xFF, 0xFF, 0xFF, 0xFF, 0xFE, 0x03,
    0xFF, 0x00, 0x00, 0xFF, 0xF8, 0x00, 0x00, 0x00, 0x07, 0xFC, 0x00, 0x00, 0x2F, 0xF8, 0x00, 0x00,
    0x00, 0x0F, 0xF0, 0x00, 0x00, 0x0F, 0xF8, 0x00, 0x00, 0x00, 0x0F, 0xE0, 0x00, 0x00, 0x03, 0xF8,
    0x00, 0x00, 0x00, 0x2F, 0xC0, 0x00, 0x00, 0x03, 0xF8, 0x00, 0x00, 0x00, 0x3F, 0xC0, 0x00, 0x00,
    0x02, 0xF8, 0x00, 0x00, 0x00, 0x3F, 0x80, 0x00, 0x00, 0x01, 0xF8, 0x00, 0x00, 0x00, 0x3F, 0x80,
    0x00, 0x00, 0x00, 0xFF, 0xFF, 0xFF, 0x00, 0x3F, 0x40, 0x00, 0x00, 0x00, 0xFF, 0xFF, 0xFF, 0x00,
    0x3F, 0x40, 0x00, 0x00, 0x00, 0xFF, 0xFF, 0xFF, 0x00, 0x3F, 0x80, 0x00, 0x00, 0x00, 0xF8, 0x00,
    0x00, 0x00, 0x3F, 0x80, 0x00, 0x00, 0x02, 0xF8, 0x00, 0x00, 0x00, 0x3F, 0xC0, 0x00, 0x00, 0x02,
    0xF8, 0x00, 0x00, 0x00, 0x2F, 0xC0, 0x00, 0x00, 0x03, 0xF8, 0x00, 0x00, 0x00, 0x0F, 0xF0, 0x00,
    0x00, 0x0B, 0xF8, 0x00, 0x00, 0x00, 0x0F, 0xF8, 0x00, 0x00, 0x0F, 0xF8, 0x00, 0x00, 0x00, 0x03,
    0xFE, 0x00, 0x00, 0x3F, 0xF8, 0x00, 0x00, 0x00, 0x02, 0xFF, 0x80, 0x02, 0xFF, 0xF8, 0x00, 0x00,
    0x00, 0x00, 0xBF, 0xFF, 0xFF, 0xFF, 0xFF, 0xFF, 0xFF, 0xFE, 0x00, 0x1F, 0xFF, 0xFF, 0xF8, 0xFF,
    0xFF, 0xFF, 0xFE, 0x00, 0x02, 0xFF, 0xFF, 0x80, 0xFF, 0xFF, 0xFF, 0xFE, 0x00, 0x00, 0x00, 0x00,
    0x00, 0x00, 0x00, 0x00, 0x00, 0x00, 0x00, 0x40, 0x00, 0x00, 0x05, 0x00, 0x00, 0x00, 0x3F, 0xFF,
    0x80, 0x02, 0xFF, 0xF8, 0x00, 0x02, 0xFF, 0xFF, 0xF8, 0x2F, 0xFF, 0xFF, 0x40, 0x0B, 0xFE, 0xAF,
    0xFE, 0xBF, 0xE5, 0xBF, 0xC0, 0x0F, 0xF0, 0x00, 0xFF, 0xFE, 0x00, 0x0F, 0xF0, 0x3F, 0xC0, 0x00,
    0x3F, 0xF8, 0x00, 0x03, 0xF8, 0x3F, 0x40, 0x00, 0x2F, 0xF0, 0x00, 0x01, 0xFC, 0xBF, 0x00, 0x00,
    0x0F, 0xF0, 0x00, 0x00, 0xFC, 0xBF, 0x00, 0x00, 0x0F, 0xFA, 0xAA, 0xAB, 0xFC, 0xBE, 0x00, 0x00,
    0x0F, 0xFF, 0xFF, 0xFF, 0xFD, 0xBE, 0x00, 0x00, 0x0F, 0xFF, 0xFF, 0xFF, 0xFC, 0xBF, 0x00, 0x00,
    0x0F, 0xF0, 0x00, 0x00, 0x00, 0xBF, 0x00, 0x00, 0x0F, 0xF0, 0x00, 0x00, 0x00, 0x3F, 0x80, 0x00,
    0x2F, 0xF0, 0x00, 0x00, 0x00, 0x3F, 0xC0, 0x00, 0x3F, 0xFC, 0x00, 0x00, 0x00, 0x0F, 0xF0, 0x00,
    0xFF, 0xFF, 0x00, 0x0B, 0xE0, 0x0B, 0xFF, 0xAF, 0xFD, 0xBF, 0xFA, 0xBF, 0xE0, 0x02, 0xFF, 0xFF,
    0xF8, 0x2F, 0xFF, 0xFF, 0x80, 0x00, 0x2F, 0xFF, 0x80, 0x02, 0xFF, 0xF8, 0x00, 0x00, 0x00, 0x00,
    0x00, 0x00, 0x00, 0x00, 0x00, 0x00, 0x00, 0x00, 0x00, 0x00, 0x00, 0x00, 0x0F, 0xC0, 0x00, 0x00,
    0x00, 0x3F, 0xC0, 0x00, 0x00, 0x00, 0xFF, 0x00, 0x00, 0x00, 0x03, 0xF8, 0x00, 0x00, 0x00, 0x00,
    0x00, 0x00, 0x00, 0x00, 0x00, 0x00, 0x00, 0x00, 0x00, 0x00, 0x00, 0x00, 0x00, 0x3F, 0xFF, 0xFF,
    0xF8, 0x00, 0x3F, 0xFF, 0xFF, 0xFF, 0x00, 0x3F, 0xEA, 0xBF, 0xFF, 0xC0, 0x3F, 0x00, 0x00, 0x3F,
    0xF0, 0x3F, 0x00, 0x00, 0x0F, 0xF0, 0x3F, 0x00, 0x00, 0x03, 0xF0, 0x3F, 0x00, 0x00, 0x03, 0xF8,
    0x3F, 0x00, 0x00, 0x03, 0xF4, 0x3F, 0x00, 0x00, 0x0B, 0xF0, 0x3F, 0x00, 0x00, 0x0F, 0xF0, 0x3F,
    0x40, 0x02, 0xBF, 0xE0, 0x3F, 0xFF, 0xFF, 0xFF, 0xC0, 0x3F, 0xFF, 0xFF, 0xFE, 0x00, 0x3F, 0xFF,
    0xFF, 0x80, 0x00, 0x3F, 0x00, 0xFF, 0x80, 0x00, 0x3F, 0x00, 0x3F, 0xC0, 0x00, 0x3F, 0x00, 0x2F,
    0xF0, 0x00, 0x3F, 0x00, 0x0B, 0xFC, 0x00, 0x3F, 0x00, 0x03, 0xFE, 0x00, 0x3F, 0x00, 0x00, 0xFF,
    0x00, 0x3F, 0x00, 0x00, 0xBF, 0xC0, 0x3F, 0x00, 0x00, 0x3F, 0xE0, 0x3F, 0x00, 0x00, 0x0F, 0xF4,
    0x3F, 0x00, 0x00, 0x07, 0xFC, 0x00, 0x02, 0x80, 0x00, 0x0F, 0xC0, 0x00, 0x2F, 0xC0, 0x00, 0x3F,
    0x00, 0x00, 0xFC, 0x00, 0x00, 0x50, 0x00, 0x00, 0x00, 0x00, 0x00, 0x00, 0x00, 0xBC, 0x0B, 0xF0,
    0xBC, 0x3F, 0xF0, 0xBE, 0xFF, 0xF0, 0xBF, 0xF8, 0x00, 0xBF, 0xD0, 0x00, 0xBF, 0x80, 0x00, 0xBF,
    0x00, 0x00, 0xBF, 0x00, 0x00, 0xBF, 0x00, 0x00, 0xBE, 0x00, 0x00, 0xBE, 0x00, 0x00, 0xBE, 0x00,
    0x00, 0xBE, 0x00, 0x00, 0xBE, 0x00, 0x00, 0xBE, 0x00, 0x00, 0xBE, 0x00, 0x00, 0xBE, 0x00, 0x00,
    0xBE, 0x00, 0x00, 0x00, 0x00, 0x00, 0x00, 0x00, 0x02, 0xFD, 0x0B, 0xF0, 0x00, 0x00, 0x3F, 0xAF,
    0xC0, 0x00, 0x00, 0x0F, 0xFF, 0x00, 0x00, 0x00, 0x03, 0xFC, 0x00, 0x00, 0x00, 0x00, 0x00, 0x00,
    0x00, 0x00, 0x00, 0x00, 0x00, 0x00, 0x00, 0x00, 0x00, 0x00, 0x00, 0x3F, 0xFF, 0xFF, 0xF8, 0x00,
    0x3F, 0xFF, 0xFF, 0xFF, 0x00, 0x3F, 0xEA, 0xBF, 0xFF, 0xC0, 0x3F, 0x00, 0x00, 0x3F, 0xF0, 0x3F,
    0x00, 0x00, 0x0F, 0xF0, 0x3F, 0x00, 0x00, 0x03, 0xF0, 0x3F, 0x00, 0x00, 0x03, 0xF8, 0x3F, 0x00,
    0x00, 0x03, 0xF4, 0x3F, 0x00, 0x00, 0x0B, 0xF0, 0x3F, 0x00, 0x00, 0x0F, 0xF0, 0x3F, 0x40, 0x02,
    0xBF, 0xE0, 0x3F, 0xFF, 0xFF, 0xFF, 0xC0, 0x3F, 0xFF, 0xFF, 0xFE, 0x00, 0x3F, 0xFF, 0xFF, 0x80,
    0x00, 0x3F, 0x00, 0xFF, 0x80, 0x00, 0x3F, 0x00, 0x3F, 0xC0, 0x00, 0x3F, 0x00, 0x2F, 0xF0, 0x00,
    0x3F, 0x00, 0x0B, 0xFC, 0x00, 0x3F, 0x00, 0x03, 0xFE, 0x00, 0x3F, 0x00, 0x00, 0xFF, 0x00, 0x3F,
    0x00, 0x00, 0xBF, 0xC0, 0x3F, 0x00, 0x00, 0x3F, 0xE0, 0x3F, 0x00, 0x00, 0x0F, 0xF4, 0x3F, 0x00,
    0x00, 0x07, 0xFC, 0x00, 0x00, 0x00, 0x00, 0x7F, 0x80, 0xFE, 0x00, 0x0F, 0xE3, 0xF8, 0x00, 0x03,
    0xFF, 0xE0, 0x00, 0x00, 0xFF, 0x00, 0x00, 0x00, 0x04, 0x00, 0x00, 0x00, 0x00, 0x00, 0x00, 0x00,
    0x00, 0x00, 0x00, 0x2F, 0x02, 0xFC, 0x00, 0x2F, 0x0F, 0xFC, 0x00, 0x2F, 0xBF, 0xFC, 0x00, 0x2F,
    0xFE, 0x00, 0x00, 0x2F, 0xF4, 0x00, 0x00, 0x2F, 0xE0, 0x00, 0x00, 0x2F, 0xC0, 0x00, 0x00, 0x2F,
    0xC0, 0x00, 0x00, 0x2F, 0xC0, 0x00, 0x00, 0x2F, 0x80, 0x00, 0x00, 0x2F, 0x80, 0x00, 0x00, 0x2F,
    0x80, 0x00, 0x00, 0x2F, 0x80, 0x00, 0x00, 0x2F, 0x80, 0x00, 0x00, 0x2F, 0x80, 0x00, 0x00, 0x2F,
    0x80, 0x00, 0x00, 0x2F, 0x80, 0x00, 0x00, 0x2F, 0x80, 0x00, 0x00, 0x00, 0x00, 0x00, 0x00, 0x00,
    0x00, 0x00, 0x03, 0xE0, 0x00, 0x00, 0x00, 0x0F, 0xF0, 0x00, 0x00, 0x00, 0x3F, 0xC0, 0x00, 0x00,
    0x00, 0xFE, 0x00, 0x00, 0x00, 0x00, 0x00, 0x00, 0x00, 0x00, 0x00, 0x00, 0x00, 0x00, 0x00, 0x02,
    0xAA, 0x00, 0x00, 0x00, 0xBF, 0xFF, 0xF8, 0x00, 0x03, 0xFF, 0xFF, 0xFF, 0x00, 0x0F, 0xFE, 0x4A,
    0xFF, 0xC0, 0x3F, 0xE0, 0x00, 0x2F, 0xE0, 0x3F, 0x80, 0x00, 0x0A, 0x40, 0x7F, 0x00, 0x00, 0x00,
    0x00, 0x3F, 0x00, 0x00, 0x00, 0x00, 0x3F, 0xC0, 0x00, 0x00, 0x00, 0x3F, 0xF0, 0x00, 0x00, 0x00,
    0x0F, 0xFF, 0x80, 0x00, 0x00, 0x07, 0xFF, 0xFF, 0x80, 0x00, 0x00, 0xBF, 0xFF, 0xFE, 0x00, 0x00,
    0x02, 0xFF, 0xFF, 0xC0, 0x00, 0x00, 0x02, 0xFF, 0xF0, 0x00, 0x00, 0x00, 0x2F, 0xF8, 0x00, 0x00,
    0x00, 0x03, 0xFC, 0x00, 0x00, 0x00, 0x03, 0xFC, 0x00, 0x00, 0x00, 0x02, 0xFC, 0x7F, 0x00, 0x00,
    0x03, 0xFC, 0x3F, 0xC0, 0x00, 0x0B, 0xF8, 0x3F, 0xF4, 0x00, 0x2F, 0xF0, 0x0F, 0xFF, 0xEB, 0xFF,
    0xD0, 0x02, 0xFF, 0xFF, 0xFF, 0x00, 0x00, 0x2F, 0xFF, 0xF8, 0x00, 0x00, 0x00, 0x00, 0x00, 0x00,
    0x00, 0x00, 0x02, 0x00, 0x00, 0x00, 0x0F, 0xC0, 0x00, 0x00, 0x3F, 0x80, 0x00, 0x00, 0xFE, 0x00,
    0x00, 0x02, 0xF8, 0x00, 0x00, 0x01, 0x40, 0x00, 0x00, 0x00, 0x00, 0x00, 0x00, 0x00, 0x40, 0x00,
    0x00, 0xBF, 0xFF, 0x80, 0x03, 0xFF, 0xFF, 0xF0, 0x0F, 0xF9, 0x2F, 0xF8, 0x2F, 0xC0, 0x02, 0xF8,
    0x2F, 0x80, 0x00, 0x00, 0x2F, 0xC0, 0x00, 0x00, 0x0F, 0xF4, 0x00, 0x00, 0x0F, 0xFF, 0xE8, 0x00,
    0x02, 0xFF, 0xFF, 0xE0, 0x00, 0x1B, 0xFF, 0xF8, 0x00, 0x00, 0x0B, 0xFE, 0x00, 0x00, 0x00, 0xFF,
    0x00, 0x00, 0x00, 0x7F, 0x2F, 0x80, 0x00, 0x7F, 0x2F, 0xD0, 0x00, 0xFE, 0x0F, 0xFE, 0xAB, 0xFC,
    0x03, 0xFF, 0xFF, 0xF0, 0x00, 0xBF, 0xFF, 0x80, 0x00, 0x00, 0x00, 0x00, 0x00, 0x02, 0xAA, 0x00,
    0x00, 0x00, 0xBF, 0xFF, 0xF8, 0x00, 0x03, 0xFF, 0xFF, 0xFF, 0x00, 0x0F, 0xFE, 0x4A, 0xFF, 0xC0,
    0x3F, 0xE0, 0x00, 0x2F, 0xE0, 0x3F, 0x80, 0x00, 0x0A, 0x40, 0x7F, 0x00, 0x00, 0x00, 0x00, 0x3F,
    0x00, 0x00, 0x00, 0x00, 0x3F, 0xC0, 0x00, 0x00, 0x00, 0x3F, 0xF0, 0x00, 0x00, 0x00, 0x0F, 0xFF,
    0x80, 0x00, 0x00, 0x07, 0xFF, 0xFF, 0x80, 0x00, 0x00, 0xBF, 0xFF, 0xFE, 0x00, 0x00, 0x02, 0xFF,
    0xFF, 0xC0, 0x00, 0x00, 0x02, 0xFF, 0xF0, 0x00, 0x00, 0x00, 0x2F, 0xF8, 0x00, 0x00, 0x00, 0x03,
    0xFC, 0x00, 0x00, 0x00, 0x03, 0xFC, 0x00, 0x00, 0x00, 0x02, 0xFC, 0x7F, 0x00, 0x00, 0x03, 0xFC,
    0x3F, 0xC0, 0x00, 0x0B, 0xF8, 0x3F, 0xF4, 0x00, 0x2F, 0xF0, 0x0F, 0xFF, 0xEB, 0xFF, 0xD0, 0x02,
    0xFF, 0xFF, 0xFF, 0x00, 0x00, 0x2F, 0xFF, 0xF8, 0x00, 0x00, 0x00, 0xF8, 0x00, 0x00, 0x00, 0x00,
    0xFE, 0x00, 0x00, 0x00, 0x02, 0xFF, 0xC0, 0x00, 0x00, 0x00, 0x03, 0xC0, 0x00, 0x00, 0x02, 0x0B,
    0xC0, 0x00, 0x00, 0x0B, 0xFF, 0x40, 0x00, 0x00, 0x00, 0x10, 0x00, 0x00, 0x00, 0x00, 0x40, 0x00,
    0x00, 0xBF, 0xFF, 0x80, 0x03, 0xFF, 0xFF, 0xF0, 0x0F, 0xF9, 0x2F, 0xF8, 0x2F, 0xC0, 0x02, 0xF8,
    0x2F, 0x80, 0x00, 0x00, 0x2F, 0xC0, 0x00, 0x00, 0x0F, 0xF4, 0x00, 0x00, 0x0F, 0xFF, 0xE8, 0x00,
    0x02, 0xFF, 0xFF, 0xE0, 0x00, 0x1B, 0xFF, 0xF8, 0x00, 0x00, 0x0B, 0xFE, 0x00, 0x00, 0x00, 0xFF,
    0x00, 0x00, 0x00, 0x7F, 0x2F, 0x80, 0x00, 0x7F, 0x2F, 0xD0, 0x00, 0xFE, 0x0F, 0xFE, 0xAB, 0xFC,
    0x03, 0xFF, 0xFF, 0xF0, 0x00, 0xBF, 0xFF, 0x80, 0x00, 0x03, 0xC0, 0x00, 0x00, 0x0B, 0xE8, 0x00,
    0x00, 0x0F, 0xFE, 0x00, 0x00, 0x00, 0x3F, 0x00, 0x00, 0x28, 0x7E, 0x00, 0x00, 0x3F, 0xFC, 0x00,
    0x00, 0x01, 0x40, 0x00, 0x00, 0x00, 0x00, 0x00, 0x00, 0x00, 0xBF, 0x03, 0xFC, 0x00, 0x00, 0x2F,
    0xEF, 0xF0, 0x00, 0x00, 0x07, 0xFF, 0xC0, 0x00, 0x00, 0x00, 0xFE, 0x00, 0x00, 0x00, 0x00, 0x00,
    0x00, 0x00, 0x00, 0x00, 0x00, 0x00, 0x00, 0x00, 0x02, 0xAA, 0x00, 0x00, 0x00, 0xBF, 0xFF, 0xF8,
    0x00, 0x03, 0xFF, 0xFF, 0xFF, 0x00, 0x0F, 0xFE, 0x4A, 0xFF, 0xC0, 0x3F, 0xE0, 0x00, 0x2F, 0xE0,
    0x3F, 0x80, 0x00, 0x0A, 0x40, 0x7F, 0x00, 0x00, 0x00, 0x00, 0x3F, 0x00, 0x00, 0x00, 0x00, 0x3F,
    0xC0, 0x00, 0x00, 0x00, 0x3F, 0xF0, 0x00, 0x00, 0x00, 0x0F, 0xFF, 0x80, 0x00, 0x00, 0x07, 0xFF,
    0xFF, 0x80, 0x00, 0x00, 0xBF, 0xFF, 0xFE, 0x00, 0x00, 0x02, 0xFF, 0xFF, 0xC0, 0x00, 0x00, 0x02,
    0xFF, 0xF0, 0x00, 0x00, 0x00, 0x2F, 0xF8, 0x00, 0x00, 0x00, 0x03, 0xFC, 0x00, 0x00, 0x00, 0x03,
    0xFC, 0x00, 0x00, 0x00, 0x02, 0xFC, 0x7F, 0x00, 0x00, 0x03, 0xFC, 0x3F, 0xC0, 0x00, 0x0B, 0xF8,
    0x3F, 0xF4, 0x00, 0x2F, 0xF0, 0x0F, 0xFF, 0xEB, 0xFF, 0xD0, 0x02, 0xFF, 0xFF, 0xFF, 0x00, 0x00,
    0x2F, 0xFF, 0xF8, 0x00, 0x00, 0x00, 0x00, 0x00, 0x00, 0x00, 0x00, 0x00, 0x00, 0x03, 0xFC, 0x0B,
    0xF0, 0x00, 0xFF, 0x2F, 0xC0, 0x00, 0x2F, 0xFF, 0x00, 0x00, 0x0B, 0xF8, 0x00, 0x00, 0x00, 0x40,
    0x00, 0x00, 0x00, 0x00, 0x00, 0x00, 0x00, 0x40, 0x00, 0x00, 0xBF, 0xFF, 0x80, 0x03, 0xFF, 0xFF,
    0xF0, 0x0F, 0xF9, 0x2F, 0xF8, 0x2F, 0xC0, 0x02, 0xF8, 0x2F, 0x80, 0x00, 0x00, 0x2F, 0xC0, 0x00,
    0x00, 0x0F, 0xF4, 0x00, 0x00, 0x0F, 0xFF, 0xE8, 0x00, 0x02, 0xFF, 0xFF, 0xE0, 0x00, 0x1B, 0xFF,
    0xF8, 0x00, 0x00, 0x0B, 0xFE, 0x00, 0x00, 0x00, 0xFF, 0x00, 0x00, 0x00, 0x7F, 0x2F, 0x80, 0x00,
    0x7F, 0x2F, 0xD0, 0x00, 0xFE, 0x0F, 0xFE, 0xAB, 0xFC, 0x03, 0xFF, 0xFF, 0xF0, 0x00, 0xBF, 0xFF,
    0x80, 0x00, 0x00, 0x00, 0x00, 0x00, 0x00, 0x00, 0x00, 0x00, 0xBF, 0xFF, 0xFF, 0xFF, 0xFF, 0xBF,
    0xFF, 0xFF, 0xFF, 0xFF, 0xBF, 0xFF, 0xFF, 0xFF, 0xFE, 0x00, 0x00, 0xBF, 0x00, 0x00, 0x00, 0x00,
    0xBF, 0x00, 0x00, 0x00, 0x00, 0xBF, 0x00, 0x00, 0x00, 0x00, 0xBF, 0x00, 0x00, 0x00, 0x00, 0xBF,
    0x00, 0x00, 0x00, 0x00, 0xBF, 0x00, 0x00, 0x00, 0x00, 0xBF, 0x00, 0x00, 0x00, 0x00, 0xBF, 0x00,
    0x00, 0x00, 0x00, 0xBF, 0x00, 0x00, 0x00, 0x00, 0xBF, 0x00, 0x00, 0x00, 0x00, 0xBF, 0x00, 0x00,
    0x00, 0x00, 0xBF, 0x00, 0x00, 0x00, 0x00, 0xBF, 0x00, 0x00, 0x00, 0x00, 0xBF, 0x00, 0x00, 0x00,
    0x00, 0xBF, 0x00, 0x00, 0x00, 0x00, 0xBF, 0x00, 0x00, 0x00, 0x00, 0xBF, 0x00, 0x00, 0x00, 0x00,
    0xBF, 0x00, 0x00, 0x00, 0x00, 0xBF, 0x00, 0x00, 0x00, 0x00, 0xBF, 0x00, 0x00, 0x00, 0x00, 0xBF,
    0x00, 0x00, 0x00, 0x00, 0x00, 0x00, 0x00, 0x00, 0x00, 0x00, 0x00, 0x00, 0x00, 0x00, 0x3E, 0x00,
    0x00, 0x00, 0x00, 0x2F, 0x00, 0x00, 0x00, 0x00, 0x0F, 0x80, 0x00, 0x00, 0x00, 0x0F, 0x80, 0x00,
    0x00, 0x00, 0x2F, 0x00, 0x00, 0x00, 0x02, 0xFE, 0x00, 0x00, 0x00, 0x01, 0xE4, 0x00, 0x00, 0x00,
    0xA8, 0x00, 0x00, 0xFC, 0x00, 0x00, 0xFC, 0x00, 0x00, 0xFC, 0x00, 0x01, 0xFC, 0x00, 0x3F, 0xFF,
    0xF0, 0x3F, 0xFF, 0xF0, 0x2A, 0xFE, 0xA0, 0x00, 0xFC, 0x00, 0x00, 0xFC, 0x00, 0x00, 0xFC, 0x00,
    0x00, 0xFC, 0x00, 0x00, 0xFC, 0x00, 0x00, 0xFC, 0x00, 0x00, 0xFC, 0x00, 0x00, 0xFC, 0x00, 0x00,
    0xFC, 0x00, 0x00, 0xFC, 0x00, 0x00, 0xFC, 0x00, 0x00, 0xFC, 0x00, 0x00, 0xFF, 0xF0, 0x00, 0xFF,
    0xF0, 0x00, 0x2F, 0xF0, 0x00, 0x00, 0x00, 0x00, 0x00, 0x00, 0x00, 0x2F, 0x00, 0x00, 0x0F, 0xC0,
    0x00, 0x0B, 0xC0, 0x00, 0x0B, 0xC0, 0x00, 0x0F, 0xC0, 0x00, 0xBF, 0x00, 0x00, 0xB8, 0x00, 0x00,
    0x00, 0x00, 0x00, 0x00, 0x00, 0x3F, 0x82, 0xFC, 0x00, 0x00, 0x0F, 0xEB, 0xF0, 0x00, 0x00, 0x03,
    0xFF, 0xC0, 0x00, 0x00, 0x00, 0xFF, 0x00, 0x00, 0x00, 0x00, 0x00, 0x00, 0x00, 0x00, 0x00, 0x00,
    0x00, 0x00, 0x00, 0x00, 0x00, 0x00, 0x00, 0xBF, 0xFF, 0xFF, 0xFF, 0xFF, 0xBF, 0xFF, 0xFF, 0xFF,
    0xFF, 0xBF, 0xFF, 0xFF, 0xFF, 0xFE, 0x00, 0x00, 0xBF, 0x00, 0x00, 0x00, 0x00, 0xBF, 0x00, 0x00,
    0x00, 0x00, 0xBF, 0x00, 0x00, 0x00, 0x00, 0xBF, 0x00, 0x00, 0x00, 0x00, 0xBF, 0x00, 0x00, 0x00,
    0x00, 0xBF, 0x00, 0x00, 0x00, 0x00, 0xBF, 0x00, 0x00, 0x00, 0x00, 0xBF, 0x00, 0x00, 0x00, 0x00,
    0xBF, 0x00, 0x00, 0x00, 0x00, 0xBF, 0x00, 0x00, 0x00, 0x00, 0xBF, 0x00, 0x00, 0x00, 0x00, 0xBF,
    0x00, 0x00, 0x00, 0x00, 0xBF, 0x00, 0x00, 0x00, 0x00, 0xBF, 0x00, 0x00, 0x00, 0x00, 0xBF, 0x00,
    0x00, 0x00, 0x00, 0xBF, 0x00, 0x00, 0x00, 0x00, 0xBF, 0x00, 0x00, 0x00, 0x00, 0xBF, 0x00, 0x00,
    0x00, 0x00, 0xBF, 0x00, 0x00, 0x00, 0x00, 0xBF, 0x00, 0x00, 0x00, 0x00, 0xBF, 0x00, 0x00, 0x00,
    0x00, 0x09, 0x00, 0x00, 0x00, 0x2F, 0x00, 0x00, 0x00, 0x2F, 0x00, 0x00, 0x00, 0x3F, 0x00, 0x00,
    0xA8, 0x3E, 0x00, 0x00, 0xFC, 0x3C, 0x00, 0x00, 0xFC, 0x38, 0x00, 0x00, 0xFC, 0x00, 0x00, 0x01,
    0xFC, 0x00, 0x00, 0x3F, 0xFF, 0xF0, 0x00, 0x3F, 0xFF, 0xF0, 0x00, 0x2A, 0xFE, 0xA0, 0x00, 0x00,
    0xFC, 0x00, 0x00, 0x00, 0xFC, 0x00, 0x00, 0x00, 0xFC, 0x00, 0x00, 0x00, 0xFC, 0x00, 0x00, 0x00,
    0xFC, 0x00, 0x00, 0x00, 0xFC, 0x00, 0x00, 0x00, 0xFC, 0x00, 0x00, 0x00, 0xFC, 0x00, 0x00, 0x00,
    0xFC, 0x00, 0x00, 0x00, 0xFC, 0x00, 0x00, 0x00, 0xFC, 0x00, 0x00, 0x00, 0xFC, 0x00, 0x00, 0x00,
    0xFF, 0xF0, 0x00, 0x00, 0xFF, 0xF0, 0x00, 0x00, 0x2F, 0xF0, 0x00, 0x00, 0x00, 0x00, 0x00, 0x00,
    0x00, 0x00, 0x2F, 0xFF, 0xFE, 0x00, 0x00, 0x00, 0x2F, 0xFF, 0xFE, 0x00, 0x00, 0x00, 0x0A, 0xAA,
    0xA8, 0x00, 0x00, 0x00, 0x00, 0x00, 0x00, 0x00, 0x00, 0x00, 0x00, 0x00, 0x00, 0x00, 0x00, 0x00,
    0x00, 0x00, 0x00, 0x00, 0x00, 0x3F, 0x00, 0x00, 0x00, 0x3F, 0x00, 0x3F, 0x00, 0x00, 0x00, 0x3F,
    0x00, 0x3F, 0x00, 0x00, 0x00, 0x3F, 0x00, 0x3F, 0x00, 0x00, 0x00, 0x3F, 0x00, 0x3F, 0x00, 0x00,
    0x00, 0x3F, 0x00, 0x3F, 0x00, 0x00, 0x00, 0x3F, 0x00, 0x3F, 0x00, 0x00, 0x00, 0x3F, 0x00, 0x3F,
    0x00, 0x00, 0x00, 0x3F, 0x00, 0x3F, 0x00, 0x00, 0x00, 0x3F, 0x00, 0x3F, 0x00, 0x00, 0x00, 0x3F,
    0x00, 0x3F, 0x00, 0x00, 0x00, 0x3F, 0x00, 0x3F, 0x00, 0x00, 0x00, 0x3F, 0x00, 0x3F, 0x00, 0x00,
    0x00, 0x3F, 0x00, 0x3F, 0x00, 0x00, 0x00, 0x3F, 0x00, 0x3F, 0x00, 0x00, 0x00, 0x7F, 0x00, 0x3F,
    0x00, 0x00, 0x00, 0xBF, 0x00, 0x3F, 0x80, 0x00, 0x00, 0xBF, 0x00, 0x3F, 0x80, 0x00, 0x00, 0xFF,
    0x00, 0x3F, 0xC0, 0x00, 0x00, 0xFE, 0x00, 0x1F, 0xF0, 0x00, 0x03, 0xFC, 0x00, 0x0F, 0xFC, 0x00,
    0x0F, 0xFC, 0x00, 0x03, 0xFF, 0xFB, 0xFF, 0xF0, 0x00, 0x00, 0xFF, 0xFF, 0xFF, 0xC0, 0x00, 0x00,
    0x2F, 0xFF, 0xFE, 0x00, 0x00, 0x00, 0x00, 0x00, 0x00, 0x00, 0x00, 0x00, 0x00, 0x00, 0x00, 0x0B,
    0xFF, 0xFF, 0x80, 0x0B, 0xFF, 0xFF, 0x80, 0x00, 0x00, 0x00, 0x00, 0x00, 0x00, 0x00, 0x00, 0x00,
    0x00, 0x00, 0x00, 0x00, 0x00, 0x00, 0x00, 0xBE, 0x00, 0x00, 0xFC, 0xBE, 0x00, 0x00, 0xFC, 0xBE,
    0x00, 0x00, 0xFC, 0xBE, 0x00, 0x00, 0xFC, 0xBE, 0x00, 0x00, 0xFC, 0xBE, 0x00, 0x00, 0xFC, 0xBE,
    0x00, 0x00, 0xFC, 0xBE, 0x00, 0x00, 0xFC, 0xBE, 0x00, 0x00, 0xFC, 0xBE, 0x00, 0x00, 0xFC, 0xBE,
    0x00, 0x02, 0xFC, 0xBE, 0x00, 0x02, 0xFC, 0xBE, 0x00, 0x03, 0xFC, 0xBF, 0x00, 0x03, 0xFC, 0x3F,
    0x80, 0x0F, 0xFC, 0x3F, 0xFA, 0xBF, 0xFC, 0x0F, 0xFF, 0xFC, 0xFC, 0x03, 0xFF, 0xE0, 0xBC, 0x00,
    0x00, 0x00, 0x00, 0x00, 0x00, 0x00, 0x00, 0x00, 0x00, 0x00, 0x00, 0xBF, 0x80, 0x00, 0x00, 0x00,
    0x03, 0xFF, 0xE0, 0x00, 0x00, 0x00, 0x03, 0xD2, 0xF0, 0x00, 0x00, 0x00, 0x0B, 0x80, 0xF4, 0x00,
    0x00, 0x00, 0x0B, 0xC0, 0xF0, 0x00, 0x00, 0x00, 0x03, 0xFB, 0xF0, 0x00, 0x00, 0x00, 0x01, 0xFF,
    0xD0, 0x00, 0x00, 0x00, 0x00, 0x2E, 0x00, 0x00, 0x00, 0x3F, 0x00, 0x00, 0x00, 0x3F, 0x00, 0x3F,
    0x00, 0x00, 0x00, 0x3F, 0x00, 0x3F, 0x00, 0x00, 0x00, 0x3F, 0x00, 0x3F, 0x00, 0x00, 0x00, 0x3F,
    0x00, 0x3F, 0x00, 0x00, 0x00, 0x3F, 0x00, 0x3F, 0x00, 0x00, 0x00, 0x3F, 0x00, 0x3F, 0x00, 0x00,
    0x00, 0x3F, 0x00, 0x3F, 0x00, 0x00, 0x00, 0x3F, 0x00, 0x3F, 0x00, 0x00, 0x00, 0x3F, 0x00, 0x3F,
    0x00, 0x00, 0x00, 0x3F, 0x00, 0x3F, 0x00, 0x00, 0x00, 0x3F, 0x00, 0x3F, 0x00, 0x00, 0x00, 0x3F,
    0x00, 0x3F, 0x00, 0x00, 0x00, 0x3F, 0x00, 0x3F, 0x00, 0x00, 0x00, 0x3F, 0x00, 0x3F, 0x00, 0x00,
    0x00, 0x7F, 0x00, 0x3F, 0x00, 0x00, 0x00, 0xBF, 0x00, 0x3F, 0x80, 0x00, 0x00, 0xBF, 0x00, 0x3F,
    0x80, 0x00, 0x00, 0xFF, 0x00, 0x3F, 0xC0, 0x00, 0x00, 0xFE, 0x00, 0x1F, 0xF0, 0x00, 0x03, 0xFC,
    0x00, 0x0F, 0xFC, 0x00, 0x0F, 0xFC, 0x00, 0x03, 0xFF, 0xFB, 0xFF, 0xF0, 0x00, 0x00, 0xFF, 0xFF,
    0xFF, 0xC0, 0x00, 0x00, 0x2F, 0xFF, 0xFE, 0x00, 0x00, 0x00, 0x00, 0x00, 0x00, 0x00, 0x00, 0x00,
    0x00, 0x00, 0x00, 0x00, 0x2F, 0xF0, 0x00, 0x00, 0xBF, 0xFC, 0x00, 0x00, 0xF8, 0x7D, 0x00, 0x00,
    0xF0, 0x2E, 0x00, 0x00, 0xF0, 0x3E, 0x00, 0x00, 0xFE, 0xFC, 0x00, 0x00, 0x3F, 0xF8, 0x00, 0x00,
    0x0B, 0x80, 0x00, 0x00, 0x00, 0x00, 0x00, 0x00, 0x00, 0x00, 0x00, 0xBE, 0x00, 0x00, 0xFC, 0xBE,
    0x00, 0x00, 0xFC, 0xBE, 0x00, 0x00, 0xFC, 0xBE, 0x00, 0x00, 0xFC, 0xBE, 0x00, 0x00, 0xFC, 0xBE,
    0x00, 0x00, 0xFC, 0xBE, 0x00, 0x00, 0xFC, 0xBE, 0x00, 0x00, 0xFC, 0xBE, 0x00, 0x00, 0xFC, 0xBE,
    0x00, 0x00, 0xFC, 0xBE, 0x00, 0x02, 0xFC, 0xBE, 0x00, 0x02, 0xFC, 0xBE, 0x00, 0x03, 0xFC, 0xBF,
    0x00, 0x03, 0xFC, 0x3F, 0x80, 0x0F, 0xFC, 0x3F, 0xFA, 0xBF, 0xFC, 0x0F, 0xFF, 0xFC, 0xFC, 0x03,
    0xFF, 0xE0, 0xBC, 0x00, 0x00, 0x00, 0x00, 0x00, 0x00, 0x0E, 0x03, 0xC0, 0x00, 0x00, 0x00, 0x3F,
    0x0F, 0xE0, 0x00, 0x00, 0x00, 0xFF, 0x2F, 0xC0, 0x00, 0x00, 0x02, 0xFC, 0x7F, 0x00, 0x00, 0x00,
    0x07, 0xE0, 0xFC, 0x00, 0x00, 0x00, 0x00, 0x00, 0x00, 0x00, 0x00, 0x00, 0x00, 0x00, 0x00, 0x00,
    0x00, 0x00, 0x00, 0x00, 0x00, 0x00, 0x00, 0x3F, 0x00, 0x00, 0x00, 0x3F, 0x00, 0x3F, 0x00, 0x00,
    0x00, 0x3F, 0x00, 0x3F, 0x00, 0x00, 0x00, 0x3F, 0x00, 0x3F, 0x00, 0x00, 0x00, 0x3F, 0x00, 0x3F,
    0x00, 0x00, 0x00, 0x3F, 0x00, 0x3F, 0x00, 0x00, 0x00, 0x3F, 0x00, 0x3F, 0x00, 0x00, 0x00, 0x3F,
    0x00, 0x3F, 0x00, 0x00, 0x00, 0x3F, 0x00, 0x3F, 0x00, 0x00, 0x00, 0x3F, 0x00, 0x3F, 0x00, 0x00,
    0x00, 0x3F, 0x00, 0x3F, 0x00, 0x00, 0x00, 0x3F, 0x00, 0x3F, 0x00, 0x00, 0x00, 0x3F, 0x00, 0x3F,
    0x00, 0x00, 0x00, 0x3F, 0x00, 0x3F, 0x00, 0x00, 0x00, 0x3F, 0x00, 0x3F, 0x00, 0x00, 0x00, 0x7F,
    0x00, 0x3F, 0x00, 0x00, 0x00, 0xBF, 0x00, 0x3F, 0x80, 0x00, 0x00, 0xBF, 0x00, 0x3F, 0x80, 0x00,
    0x00, 0xFF, 0x00, 0x3F, 0xC0, 0x00, 0x00, 0xFE, 0x00, 0x1F, 0xF0, 0x00, 0x03, 0xFC, 0x00, 0x0F,
    0xFC, 0x00, 0x0F, 0xFC, 0x00, 0x03, 0xFF, 0xFB, 0xFF, 0xF0, 0x00, 0x00, 0xFF, 0xFF, 0xFF, 0xC0,
    0x00, 0x00, 0x2F, 0xFF, 0xFE, 0x00, 0x00, 0x00, 0x00, 0x00, 0x00, 0x00, 0x00, 0x00, 0x02, 0x80,
    0xA0, 0x00, 0x0B, 0xC2, 0xF8, 0x00, 0x2F, 0xC3, 0xF8, 0x00, 0x3F, 0x0F, 0xE0, 0x00, 0xFC, 0x3F,
    0x40, 0x00, 0x00, 0x00, 0x00, 0x00, 0x00, 0x00, 0x00, 0x00, 0x00, 0x00, 0x00, 0xBE, 0x00, 0x00,
    0xFC, 0xBE, 0x00, 0x00, 0xFC, 0xBE, 0x00, 0x00, 0xFC, 0xBE, 0x00, 0x00, 0xFC, 0xBE, 0x00, 0x00,
    0xFC, 0xBE, 0x00, 0x00, 0xFC, 0xBE, 0x00, 0x00, 0xFC, 0xBE, 0x00, 0x00, 0xFC, 0xBE, 0x00, 0x00,
    0xFC, 0xBE, 0x00, 0x00, 0xFC, 0xBE, 0x00, 0x02, 0xFC, 0xBE, 0x00, 0x02, 0xFC, 0xBE, 0x00, 0x03,
    0xFC, 0xBF, 0x00, 0x03, 0xFC, 0x3F, 0x80, 0x0F, 0xFC, 0x3F, 0xFA, 0xBF, 0xFC, 0x0F, 0xFF, 0xFC,
    0xFC, 0x03, 0xFF, 0xE0, 0xBC, 0x00, 0x00, 0x00, 0x00, 0x00, 0x00, 0x00, 0x00, 0x00, 0x00, 0x3F,
    0x00, 0x00, 0x00, 0x3F, 0x00, 0x3F, 0x00, 0x00, 0x00, 0x3F, 0x00, 0x3F, 0x00, 0x00, 0x00, 0x3F,
    0x00, 0x3F, 0x00, 0x00, 0x00, 0x3F, 0x00, 0x3F, 0x00, 0x00, 0x00, 0x3F, 0x00, 0x3F, 0x00, 0x00,
    0x00, 0x3F, 0x00, 0x3F, 0x00, 0x00, 0x00, 0x3F, 0x00, 0x3F, 0x00, 0x00, 0x00, 0x3F, 0x00, 0x3F,
    0x00, 0x00, 0x00, 0x3F, 0x00, 0x3F, 0x00, 0x00, 0x00, 0x3F, 0x00, 0x3F, 0x00, 0x00, 0x00, 0x3F,
    0x00, 0x3F, 0x00, 0x00, 0x00, 0x3F, 0x00, 0x3F, 0x00, 0x00, 0x00, 0x3F, 0x00, 0x3F, 0x00, 0x00,
    0x00, 0x3F, 0x00, 0x3F, 0x00, 0x00, 0x00, 0x7F, 0x00, 0x3F, 0x00, 0x00, 0x00, 0xBF, 0x00, 0x3F,
    0x80, 0x00, 0x00, 0xBF, 0x00, 0x3F, 0x80, 0x00, 0x00, 0xFF, 0x00, 0x3F, 0xC0, 0x00, 0x00, 0xFE,
    0x00, 0x1F, 0xF0, 0x00, 0x03, 0xFC, 0x00, 0x0F, 0xFC, 0x00, 0x0F, 0xFC, 0x00, 0x03, 0xFF, 0xFB,
    0xFF, 0xF0, 0x00, 0x00, 0xFF, 0xFF, 0xFF, 0xC0, 0x00, 0x00, 0x2F, 0xFF, 0xFE, 0x00, 0x00, 0x00,
    0x00, 0xBF, 0x80, 0x00, 0x00, 0x00, 0x00, 0xFC, 0x00, 0x00, 0x00, 0x00, 0x00, 0xF4, 0x00, 0x00,
    0x00, 0x00, 0x00, 0xFC, 0x00, 0x00, 0x00, 0x00, 0x00, 0xFF, 0xE0, 0x00, 0x00, 0x00, 0x00, 0x3F,
    0xD0, 0x00, 0x00, 0x00, 0x00, 0x00, 0x00, 0x00, 0x00, 0x00, 0x00, 0x00, 0x00, 0xBE, 0x00, 0x00,
    0xFC, 0xBE, 0x00, 0x00, 0xFC, 0xBE, 0x00, 0x00, 0xFC, 0xBE, 0x00, 0x00, 0xFC, 0xBE, 0x00, 0x00,
    0xFC, 0xBE, 0x00, 0x00, 0xFC, 0xBE, 0x00, 0x00, 0xFC, 0xBE, 0x00, 0x00, 0xFC, 0xBE, 0x00, 0x00,
    0xFC, 0xBE, 0x00, 0x00, 0xFC, 0xBE, 0x00, 0x02, 0xFC, 0xBE, 0x00, 0x02, 0xFC, 0xBF, 0x00, 0x03,
    0xFC, 0xBF, 0x00, 0x03, 0xFC, 0x3F, 0x80, 0x0F, 0xFC, 0x3F, 0xFA, 0xBF, 0xFC, 0x0F, 0xFF, 0xFC,
    0xFC, 0x03, 0xFF, 0xE0, 0xFC, 0x00, 0x00, 0x0B, 0xE0, 0x00, 0x00, 0x2F, 0x00, 0x00, 0x00, 0x3F,
    0x00, 0x00, 0x00, 0x3F, 0x40, 0x00, 0x00, 0x2F, 0xFC, 0x00, 0x00, 0x0B, 0xFC, 0x00, 0x00, 0x00,
    0x00, 0x00, 0x0A, 0x00, 0x2A, 0x00, 0x00, 0x00, 0x3F, 0xC0, 0x3F, 0x40, 0x00, 0x00, 0x3F, 0xC0,
    0xBF, 0x80, 0x00, 0x00, 0x2F, 0x80, 0x3F, 0x00, 0x00, 0x00, 0x00, 0x00, 0x00, 0x00, 0x00, 0x00,
    0x00, 0x00, 0x00, 0x00, 0x00, 0x00, 0x00, 0x00, 0x00, 0x00, 0x00, 0x7F, 0x80, 0x00, 0x00, 0x3F,
    0xC0, 0x3F, 0xC0, 0x00, 0x00, 0xFF, 0x00, 0x0F, 0xF0, 0x00, 0x00, 0xFE, 0x00, 0x0B, 0xF0, 0x00,
    0x03, 0xFC, 0x00, 0x03, 0xFC, 0x00, 0x0B, 0xF8, 0x00, 0x02, 0xFE, 0x00, 0x0F, 0xF0, 0x00, 0x00,
    0xFF, 0x00, 0x2F, 0xC0, 0x00, 0x00, 0x3F, 0x80, 0x3F, 0x80, 0x00, 0x00, 0x2F, 0xC0, 0xFF, 0x00,
    0x00, 0x00, 0x0F, 0xF0, 0xFE, 0x00, 0x00, 0x00, 0x0B, 0xF7, 0xFC, 0x00, 0x00, 0x00, 0x03, 0xFF,
    0xF0, 0x00, 0x00, 0x00, 0x00, 0xFF, 0xF0, 0x00, 0x00, 0x00, 0x00, 0xBF, 0xC0, 0x00, 0x00, 0x00,
    0x00, 0x3F, 0x80, 0x00, 0x00, 0x00, 0x00, 0x3F, 0x80, 0x00, 0x00, 0x00, 0x00, 0x3F, 0x80, 0x00,
    0x00, 0x00, 0x00, 0x3F, 0x80, 0x00, 0x00, 0x00, 0x00, 0x3F, 0x80, 0x00, 0x00, 0x00, 0x00, 0x3F,
    0x80, 0x00, 0x00, 0x00, 0x00, 0x3F, 0x80, 0x00, 0x00, 0x00, 0x00, 0x3F, 0x80, 0x00, 0x00, 0x00,
    0x00, 0x3F, 0x80, 0x00, 0x00, 0x00, 0x00, 0x3F, 0x80, 0x00, 0x00, 0x00, 0x00, 0x00, 0x00, 0x00,
    0x00, 0x00, 0x03, 0xF0, 0x00, 0x00, 0x00, 0x0F, 0xF0, 0x00, 0x00, 0x00, 0x3F, 0xC0, 0x00, 0x00,
    0x00, 0xFE, 0x00, 0x00, 0x00, 0x00, 0x00, 0x00, 0x00, 0x00, 0x00, 0x00, 0x00, 0x00, 0x00, 0x00,
    0x00, 0x00, 0x00, 0x3F, 0xFF, 0xFF, 0xFF, 0xFC, 0x3F, 0xFF, 0xFF, 0xFF, 0xFC, 0x3F, 0xFF, 0xFF,
    0xFF, 0xFC, 0x00, 0x00, 0x00, 0x0F, 0xF0, 0x00, 0x00, 0x00, 0x3F, 0xE0, 0x00, 0x00, 0x00, 0xBF,
    0x80, 0x00, 0x00, 0x00, 0xFF, 0x00, 0x00, 0x00, 0x03, 0xFC, 0x00, 0x00, 0x00, 0x0F, 0xF4, 0x00,
    0x00, 0x00, 0x2F, 0xE0, 0x00, 0x00, 0x00, 0xBF, 0xC0, 0x00, 0x00, 0x00, 0xFF, 0x00, 0x00, 0x00,
    0x03, 0xFC, 0x00, 0x00, 0x00, 0x0F, 0xF8, 0x00, 0x00, 0x00, 0x2F, 0xF0, 0x00, 0x00, 0x00, 0x7F,
    0xC0, 0x00, 0x00, 0x00, 0xFF, 0x00, 0x00, 0x00, 0x03, 0xFE, 0x00, 0x00, 0x00, 0x0B, 0xF8, 0x00,
    0x00, 0x00, 0x2F, 0xF0, 0x00, 0x00, 0x00, 0x3F, 0xC0, 0x00, 0x00, 0x00, 0xBF, 0xFF, 0xFF, 0xFF,
    0xFC, 0xBF, 0xFF, 0xFF, 0xFF, 0xFC, 0xBF, 0xFF, 0xFF, 0xFF, 0xFC, 0x00, 0x00, 0x28, 0x00, 0x00,
    0x00, 0xBE, 0x00, 0x00, 0x00, 0xFE, 0x00, 0x00, 0x03, 0xF8, 0x00, 0x00, 0x0B, 0xE0, 0x00, 0x00,
    0x05, 0x00, 0x00, 0x00, 0x00, 0x00, 0x00, 0x00, 0x00, 0x00, 0x00, 0x3F, 0xFF, 0xFF, 0xF0, 0x3F,
    0xFF, 0xFF, 0xF0, 0x2A, 0xAA, 0xAF, 0xF0, 0x00, 0x00, 0x0F, 0xE0, 0x00, 0x00, 0x3F, 0xC0, 0x00,
    0x00, 0xFF, 0x00, 0x00, 0x02, 0xFC, 0x00, 0x00, 0x0B, 0xF0, 0x00, 0x00, 0x0F, 0xE0, 0x00, 0x00,
    0x3F, 0x80, 0x00, 0x00, 0xFF, 0x00, 0x00, 0x02, 0xFC, 0x00, 0x00, 0x0B, 0xF0, 0x00, 0x00, 0x1F,
    0xD0, 0x00, 0x00, 0x3F, 0x80, 0x00, 0x00, 0xBF, 0xFF, 0xFF, 0xF8, 0xBF, 0xFF, 0xFF, 0xF8, 0xBF,
    0xFF, 0xFF, 0xF8, 0x00, 0x00, 0x28, 0x00, 0x00, 0x00, 0x00, 0xFE, 0x00, 0x00, 0x00, 0x00, 0xFF,
    0x00, 0x00, 0x00, 0x00, 0xFE, 0x00, 0x00, 0x00, 0x00, 0x14, 0x00, 0x00, 0x00, 0x00, 0x00, 0x00,
    0x00, 0x00, 0x00, 0x00, 0x00, 0x00, 0x00, 0x00, 0x00, 0x00, 0x00, 0x3F, 0xFF, 0xFF, 0xFF, 0xFC,
    0x3F, 0xFF, 0xFF, 0xFF, 0xFC, 0x3F, 0xFF, 0xFF, 0xFF, 0xFC, 0x00, 0x00, 0x00, 0x0F, 0xF0, 0x00,
    0x00, 0x00, 0x3F, 0xE0, 0x00, 0x00, 0x00, 0xBF, 0x80, 0x00, 0x00, 0x00, 0xFF, 0x00, 0x00, 0x00,
    0x03, 0xFC, 0x00, 0x00, 0x00, 0x0F, 0xF4, 0x00, 0x00, 0x00, 0x2F, 0xE0, 0x00, 0x00, 0x00, 0xBF,
    0xC0, 0x00, 0x00, 0x00, 0xFF, 0x00, 0x00, 0x00, 0x03, 0xFC, 0x00, 0x00, 0x00, 0x0F, 0xF8, 0x00,
    0x00, 0x00, 0x2F, 0xF0, 0x00, 0x00, 0x00, 0x7F, 0xC0, 0x00, 0x00, 0x00, 0xFF, 0x00, 0x00, 0x00,
    0x03, 0xFE, 0x00, 0x00, 0x00, 0x0B, 0xF8, 0x00, 0x00, 0x00, 0x2F, 0xF0, 0x00, 0x00, 0x00, 0x3F,
    0xC0, 0x00, 0x00, 0x00, 0xBF, 0xFF, 0xFF, 0xFF, 0xFC, 0xBF, 0xFF, 0xFF, 0xFF, 0xFC, 0xBF, 0xFF,
    0xFF, 0xFF, 0xFC, 0x00, 0x00, 0x00, 0x00, 0x00, 0x0F, 0xC0, 0x00, 0x00, 0x2F, 0xE0, 0x00, 0x00,
    0x0F, 0xD0, 0x00, 0x00, 0x06, 0x80, 0x00, 0x00, 0x00, 0x00, 0x00, 0x00, 0x00, 0x00, 0x00, 0x00,
    0x00, 0x00, 0x00, 0x3F, 0xFF, 0xFF, 0xF0, 0x3F, 0xFF, 0xFF, 0xF0, 0x2A, 0xAA, 0xAF, 0xF0, 0x00,
    0x00, 0x0F, 0xE0, 0x00, 0x00, 0x3F, 0xC0, 0x00, 0x00, 0xFF, 0x00, 0x00, 0x02, 0xFC, 0x00, 0x00,
    0x0B, 0xF0, 0x00, 0x00, 0x0F, 0xE0, 0x00, 0x00, 0x3F, 0x80, 0x00, 0x00, 0xFF, 0x00, 0x00, 0x02,
    0xFC, 0x00, 0x00, 0x0B, 0xF0, 0x00, 0x00, 0x1F, 0xD0, 0x00, 0x00, 0x3F, 0x80, 0x00, 0x00, 0xBF,
    0xFF, 0xFF, 0xF8, 0xBF, 0xFF, 0xFF, 0xF8, 0xBF, 0xFF, 0xFF, 0xF8, 0x00, 0x00, 0x00, 0x00, 0x00,
    0x00, 0x7F, 0x82, 0xFC, 0x00, 0x00, 0x0F, 0xEB, 0xF0, 0x00, 0x00, 0x03, 0xFF, 0xC0, 0x00, 0x00,
    0x00, 0xFF, 0x00, 0x00, 0x00, 0x00, 0x00, 0x00, 0x00, 0x00, 0x00, 0x00, 0x00, 0x00, 0x00, 0x00,
    0x00, 0x00, 0x00, 0x3F, 0xFF, 0xFF, 0xFF, 0xFC, 0x3F, 0xFF, 0xFF, 0xFF, 0xFC, 0x3F, 0xFF, 0xFF,
    0xFF, 0xFC, 0x00, 0x00, 0x00, 0x0F, 0xF0, 0x00, 0x00, 0x00, 0x3F, 0xE0, 0x00, 0x00, 0x00, 0xBF,
    0x80, 0x00, 0x00, 0x00, 0xFF, 0x00, 0x00, 0x00, 0x03, 0xFC, 0x00, 0x00, 0x00, 0x0F, 0xF4, 0x00,
    0x00, 0x00, 0x2F, 0xE0, 0x00, 0x00, 0x00, 0xBF, 0xC0, 0x00, 0x00, 0x00, 0xFF, 0x00, 0x00, 0x00,
    0x03, 0xFC, 0x00, 0x00, 0x00, 0x0F, 0xF8, 0x00, 0x00, 0x00, 0x2F, 0xF0, 0x00, 0x00, 0x00, 0x7F,
    0xC0, 0x00, 0x00, 0x00, 0xFF, 0x00, 0x00, 0x00, 0x03, 0xFE, 0x00, 0x00, 0x00, 0x0B, 0xF8, 0x00,
    0x00, 0x00, 0x2F, 0xF0, 0x00, 0x00, 0x00, 0x3F, 0xC0, 0x00, 0x00, 0x00, 0xBF, 0xFF, 0xFF, 0xFF,
    0xFC, 0xBF, 0xFF, 0xFF, 0xFF, 0xFC, 0xBF, 0xFF, 0xFF, 0xFF, 0xFC, 0x00, 0x00, 0x00, 0x00, 0x0F,
    0xF0, 0x2F, 0xC0, 0x03, 0xFC, 0xFF, 0x00, 0x00, 0xFF, 0xFC, 0x00, 0x00, 0x2F, 0xE0, 0x00, 0x00,
    0x01, 0x00, 0x00, 0x00, 0x00, 0x00, 0x00, 0x00, 0x00, 0x00, 0x00, 0x3F, 0xFF, 0xFF, 0xF0, 0x3F,
    0xFF, 0xFF, 0xF0, 0x2A, 0xAA, 0xAF, 0xF0, 0x00, 0x00, 0x0F, 0xE0, 0x00, 0x00, 0x3F, 0xC0, 0x00,
    0x00, 0xFF, 0x00, 0x00, 0x02, 0xFC, 0x00, 0x00, 0x0B, 0xF0, 0x00, 0x00, 0x0F, 0xE0, 0x00, 0x00,
    0x3F, 0x80, 0x00, 0x00, 0xFF, 0x00, 0x00, 0x02, 0xFC, 0x00, 0x00, 0x0B, 0xF0, 0x00, 0x00, 0x1F,
    0xD0, 0x00, 0x00, 0x3F, 0x80, 0x00, 0x00, 0xBF, 0xFF, 0xFF, 0xF8, 0xBF, 0xFF, 0xFF, 0xF8, 0xBF,
    0xFF, 0xFF, 0xF8, 0x08, 0x00, 0x3F, 0x00, 0x3F, 0xC0, 0x0F, 0xE0, 0x03, 0xF4, 0x00, 0x10, 0x00,
    0x20, 0x00, 0xFC, 0x03, 0xF8, 0x0F, 0xF0, 0x2F, 0x80, 0x14, 0x00, 0x00, 0x00, 0x00, 0x00, 0x00,
    0x3F, 0x80, 0x00, 0x00, 0xFF, 0xF0, 0x00, 0x07, 0xFB, 0xFC, 0x00, 0x2F, 0xC0, 0xBF, 0x00, 0x00,
    0x00, 0x00, 0x00, 0x02, 0xA4, 0x02, 0x00, 0x0F, 0xFF, 0x8F, 0xC0, 0x2F, 0xFF, 0xFF, 0x80, 0x3E,
    0x03, 0xFE, 0x00, 0x00, 0x00, 0x00, 0x00, 0x00, 0x00, 0x00, 0x3F, 0xFF, 0xFC, 0x3F, 0xFF, 0xFC,
    0x00, 0x00, 0x00, 0x00, 0x00, 0x00, 0x3F, 0x00, 0xBE, 0x2F, 0xC2, 0xFC, 0x0F, 0xFF, 0xF8, 0x02,
    0xFF, 0xD0, 0x00, 0x04, 0x00, 0x00, 0x00, 0x2F, 0x80, 0x3F, 0xC0, 0x3F, 0xC0, 0x0A, 0x00, 0x00,
    0x00, 0x00, 0x00, 0x2F, 0x80, 0x3F, 0x00, 0x3F, 0xC0, 0x7F, 0x80, 0x3F, 0xC0, 0x3F, 0x40, 0x0A,
    0x00, 0x1A, 0x00, 0x00, 0x00, 0x00, 0x03, 0xFC, 0x00, 0x0F, 0xFF, 0x00, 0x3F, 0x0F, 0x80, 0x3C,
    0x07, 0xC0, 0x3D, 0x0B, 0xC0, 0x2F, 0xAF, 0x80, 0x0F, 0xFF, 0x00, 0x02, 0xA8, 0x00, 0x00, 0x20,
    0x0A, 0x00, 0x00, 0xFC, 0x3F, 0x00, 0x03, 0xF8, 0xBF, 0x00, 0x0F, 0xE2, 0xFC, 0x00, 0x2F, 0x83,
    0xF0, 0x00, 0x00, 0x00, 0x00, 0x00, 0x00, 0x00, 0x00, 0x00, 0x2F, 0xC0, 0xBF, 0x00, 0x0B, 0xF2,
    0xFC, 0x00, 0x02, 0xFF, 0xF0, 0x00, 0x00, 0x7F, 0xC0, 0x00, 0x00, 0x04, 0x00, 0x00, 0x00, 0x00,
    0x02, 0xF0, 0x02, 0xF8, 0x00, 0xFC, 0x00, 0xFC, 0x00, 0xF8, 0x2F, 0xF0, 0x0F, 0x80, 0x00, 0x00,
    0x02, 0xC0, 0x03, 0xC0, 0x0F, 0xE8, 0x0F, 0xFE, 0x00, 0x3E, 0x24, 0x7E, 0x3F, 0xFC, 0x01, 0x40,
    0x00, 0x00, 0x0B, 0xE0, 0x2F, 0x00, 0x3E, 0x00, 0x3F, 0x40, 0x2F, 0xF8, 0x0B, 0xF8, 0x00, 0x00,
    0x00, 0x00, 0x00, 0x00, 0x00, 0x00, 0x00, 0x03, 0xE0, 0x00, 0x00, 0x00, 0x00, 0x03, 0xFC, 0x00,
    0x00, 0x00, 0x00, 0x00, 0xFF, 0x00, 0x00, 0x00, 0x00, 0x00, 0x2F, 0xC0, 0x00, 0x00, 0x00, 0x00,
    0x03, 0xF0, 0x00, 0x00, 0x00, 0x00, 0x00, 0xBC, 0x00, 0x00, 0x00, 0x00, 0x00, 0x00, 0x00, 0x00,
    0x00, 0x00, 0x00, 0x00, 0x00, 0x00, 0xBF, 0xFF, 0xFF, 0xFF, 0xFE, 0x00, 0x03, 0xFF, 0xAA, 0xAB,
    0xFE, 0x00, 0x02, 0xFE, 0x00, 0x00, 0x3E, 0x00, 0x02, 0xFC, 0x00, 0x00, 0x0E, 0x00, 0x02, 0xFC,
    0x00, 0x00, 0x0A, 0x00, 0x02, 0xFC, 0x00, 0x00, 0x00, 0x00, 0x02, 0xFC, 0x00, 0x00, 0x00, 0x00,
    0x02, 0xFC, 0x00, 0x00, 0x20, 0x00, 0x02, 0xFC, 0x00, 0x00, 0xA0, 0x00, 0x02, 0xFC, 0x00, 0x00,
    0xE0, 0x00, 0x02, 0xFE, 0xAA, 0xAF, 0xE0, 0x00, 0x02, 0xFF, 0xFF, 0xFF, 0xE0, 0x00, 0x02, 0xFE,
    0x00, 0x0B, 0xE0, 0x00, 0x02, 0xFC, 0x00, 0x00, 0xE0, 0x00, 0x02, 0xFC, 0x00, 0x00, 0xA0, 0x00,
    0x02, 0xFC, 0x00, 0x00, 0x20, 0x00, 0x02, 0xFC, 0x00, 0x00, 0x00, 0x00, 0x02, 0xFC, 0x00, 0x00,
    0x00, 0x00, 0x02, 0xFC, 0x00, 0x00, 0x00, 0xD0, 0x02, 0xFC, 0x00, 0x00, 0x02, 0xC0, 0x02, 0xFC,
    0x00, 0x00, 0x0B, 0xC0, 0x02, 0xFE, 0x00, 0x00, 0x2F, 0x80, 0x0B, 0xFF, 0xAA, 0xAF, 0xFF, 0x00,
    0xBF, 0xFF, 0xFF, 0xFF, 0xFF, 0x00, 0x00, 0x00, 0x80, 0x01, 0x80, 0x00, 0x00, 0x03, 0xF0, 0x0B,
    0xF0, 0x00, 0x00, 0x0B, 0xF8, 0x0F, 0xF0, 0x00, 0x00, 0x03, 0xF0, 0x0B, 0xF0, 0x00, 0x00, 0x00,
    0x80, 0x02, 0x80, 0x00, 0x00, 0x00, 0x00, 0x00, 0x00, 0x00, 0x00, 0x00, 0x00, 0x00, 0x00, 0x00,
    0xBF, 0xFF, 0xFF, 0xFF, 0xFF, 0xC0, 0x02, 0xFF, 0xEA, 0xAA, 0xAF, 0xD0, 0x00, 0xFF, 0x00, 0x00,
    0x02, 0xE0, 0x00, 0xFF, 0x00, 0x00, 0x00, 0xE0, 0x00, 0xFF, 0x00, 0x00, 0x00, 0xA0, 0x00, 0xFF,
    0x00, 0x00, 0x00, 0x00, 0x00, 0xFF, 0x00, 0x00, 0x00, 0x00, 0x00, 0xFF, 0x00, 0x00, 0x08, 0x00,
    0x00, 0xFF, 0x00, 0x00, 0x0D, 0x00, 0x00, 0xFF, 0x00, 0x00, 0x0D, 0x00, 0x00, 0xFF, 0xAA, 0xAA,
    0xFD, 0x00, 0x00, 0xFF, 0xFF, 0xFF, 0xFD, 0x00, 0x00, 0xFF, 0x00, 0x00, 0x3D, 0x00, 0x00, 0xFF,
    0x00, 0x00, 0x0D, 0x00, 0x00, 0xFF, 0x00, 0x00, 0x09, 0x00, 0x00, 0xFF, 0x00, 0x00, 0x00, 0x00,
    0x00, 0xFF, 0x00, 0x00, 0x00, 0x00, 0x00, 0xFF, 0x00, 0x00, 0x00, 0x00, 0x00, 0xFF, 0x00, 0x00,
    0x00, 0x0A, 0x00, 0xFF, 0x00, 0x00, 0x00, 0x0C, 0x00, 0xFF, 0x00, 0x00, 0x00, 0x3C, 0x00, 0xFF,
    0x40, 0x00, 0x00, 0xF8, 0x03, 0xFF, 0xFA, 0xAA, 0xBF, 0xF0, 0xBF, 0xFF, 0xFF, 0xFF, 0xFF, 0xF0,
    0x00, 0x00, 0x00, 0x00, 0x00, 0x00, 0x00, 0x3F, 0xFF, 0xFF, 0xFF, 0xFF, 0xF0, 0x00, 0x7F, 0x91,
    0xBF, 0xE5, 0xAF, 0xF0, 0x00, 0xB8, 0x00, 0x3F, 0xC0, 0x00, 0xF0, 0x00, 0xB0, 0x00, 0x3F, 0xC0,
    0x00, 0xB0, 0x00, 0xA0, 0x00, 0x3F, 0xC0, 0x00, 0x30, 0x00, 0x90, 0x00, 0x3F, 0xC0, 0x00, 0x30,
    0x00, 0x00, 0x00, 0x3F, 0xC0, 0x00, 0x00, 0x00, 0x00, 0x00, 0x3F, 0xC0, 0x00, 0x00, 0x00, 0x00,
    0x00, 0x3F, 0xC0, 0x00, 0x00, 0x00, 0x00, 0x00, 0x3F, 0xC0, 0x1A, 0x40, 0x00, 0x00, 0x00, 0x3F,
    0xCB, 0xFF, 0xFD, 0x00, 0x00, 0x00, 0x3F, 0xF9, 0x00, 0xBF, 0x80, 0x00, 0x00, 0x3F, 0xC0, 0x00,
    0x2F, 0xE0, 0x00, 0x00, 0x3F, 0xC0, 0x00, 0x0F, 0xF0, 0x00, 0x00, 0x3F, 0xC0, 0x00, 0x0B, 0xF8,
    0x00, 0x00, 0x3F, 0xC0, 0x00, 0x03, 0xFC, 0x00, 0x00, 0x3F, 0xC0, 0x00, 0x03, 0xFC, 0x00, 0x00,
    0x3F, 0xC0, 0x00, 0x03, 0xFC, 0x00, 0x00, 0x3F, 0xC0, 0x00, 0x03, 0xFC, 0x00, 0x00, 0x3F, 0xC0,
    0x2E, 0x03, 0xF8, 0x00, 0x00, 0x3F, 0xC0, 0x3F, 0x07, 0xF8, 0x00, 0x00, 0x3F, 0xC0, 0x3F, 0x0B,
    0xF0, 0x00, 0x00, 0xFF, 0xE0, 0x3F, 0x0F, 0xC0, 0x00, 0x0F, 0xFF, 0xFF, 0x0F, 0xFF, 0x00, 0x00,
    0x00, 0x00, 0x00, 0x00, 0x50, 0x00, 0x00, 0x00, 0x00, 0x00, 0x00, 0x00, 0x00, 0x00, 0xBC, 0x00,
    0x00, 0x00, 0x02, 0xFC, 0x00, 0x00, 0x00, 0x0B, 0xF0, 0x00, 0x00, 0x00, 0x2F, 0x80, 0x00, 0x00,
    0x00, 0xBC, 0x00, 0x00, 0x00, 0x02, 0xE0, 0x00, 0x00, 0x00, 0x00, 0x00, 0x00, 0x00, 0x00, 0x00,
    0x00, 0x00, 0x00, 0xBF, 0xFF, 0xFF, 0xFF, 0xFE, 0x03, 0xFF, 0xAA, 0xAA, 0xFE, 0x02, 0xFE, 0x00,
    0x00, 0x3E, 0x02, 0xFC, 0x00, 0x00, 0x0E, 0x02, 0xFC, 0x00, 0x00, 0x0E, 0x02, 0xFC, 0x00, 0x00,
    0x0A, 0x02, 0xFC, 0x00, 0x00, 0x00, 0x02, 0xFC, 0x00, 0x00, 0x00, 0x02, 0xFC, 0x00, 0x00, 0x00,
    0x02, 0xFC, 0x00, 0x00, 0x00, 0x02, 0xFC, 0x00, 0x00, 0x00, 0x02, 0xFC, 0x00, 0x00, 0x00, 0x02,
    0xFC, 0x00, 0x00, 0x00, 0x02, 0xFC, 0x00, 0x00, 0x00, 0x02, 0xFC, 0x00, 0x00, 0x00, 0x02, 0xFC,
    0x00, 0x00, 0x00, 0x02, 0xFC, 0x00, 0x00, 0x00, 0x02, 0xFC, 0x00, 0x00, 0x00, 0x02, 0xFC, 0x00,
    0x00, 0x00, 0x02, 0xFC, 0x00, 0x00, 0x00, 0x02, 0xFC, 0x00, 0x00, 0x00, 0x02, 0xFE, 0x00, 0x00,
    0x00, 0x0B, 0xFF, 0x80, 0x00, 0x00, 0xBF, 0xFF, 0xFC, 0x00, 0x00, 0x00, 0x00, 0x06, 0xA4, 0x00,
    0x80, 0x00, 0x02, 0xFF, 0xFF, 0xE2, 0xC0, 0x00, 0x2F, 0xF8, 0x02, 0xFF, 0xC0, 0x00, 0xFF, 0x40,
    0x00, 0x2F, 0xD0, 0x03, 0xFC, 0x00, 0x00, 0x0B, 0xE0, 0x0B, 0xF4, 0x00, 0x00, 0x03, 0xE0, 0x0F,
    0xF0, 0x00, 0x00, 0x01, 0xE0, 0x3F, 0xD0, 0x00, 0x00, 0x00, 0xE0, 0x3F, 0xC0, 0x00, 0x00, 0x00,
    0x90, 0xBF, 0xC0, 0x00, 0x00, 0x00, 0x00, 0xBF, 0x80, 0x00, 0x00, 0x00, 0x00, 0xFF, 0xEA, 0xAA,
    0xA0, 0x00, 0x00, 0xFF, 0xFF, 0xFF, 0xF8, 0x00, 0x00, 0xFF, 0x80, 0x00, 0x00, 0x00, 0x00, 0xFF,
    0x80, 0x00, 0x00, 0x00, 0x00, 0xBF, 0x80, 0x00, 0x00, 0x00, 0x00, 0xBF, 0xC0, 0x00, 0x00, 0x00,
    0x00, 0x3F, 0xC0, 0x00, 0x00, 0x00, 0x00, 0x3F, 0xE0, 0x00, 0x00, 0x00, 0x00, 0x0F, 0xF0, 0x00,
    0x00, 0x00, 0x00, 0x0F, 0xF8, 0x00, 0x00, 0x00, 0x70, 0x03, 0xFE, 0x00, 0x00, 0x02, 0xE0, 0x00,
    0xFF, 0xC0, 0x00, 0x0F, 0x40, 0x00, 0x2F, 0xFE, 0x5A, 0xFC, 0x00, 0x00, 0x02, 0xFF, 0xFF, 0x80,
    0x00, 0x00, 0x00, 0x01, 0x80, 0x00, 0x00, 0x00, 0x0A, 0x90, 0x08, 0x00, 0x00, 0xFF, 0xFF, 0xAC,
    0x00, 0x03, 0xF8, 0x0B, 0xFD, 0x00, 0x0F, 0xE0, 0x00, 0xFE, 0x00, 0x0F, 0xC0, 0x00, 0x3E, 0x00,
    0x2F, 0xC0, 0x00, 0x0E, 0x00, 0x2F, 0xC0, 0x00, 0x0F, 0x00, 0x2F, 0xE0, 0x00, 0x07, 0x00, 0x0F,
    0xF8, 0x00, 0x00, 0x00, 0x0F, 0xFF, 0x00, 0x00, 0x00, 0x03, 0xFF, 0xE0, 0x00, 0x00, 0x00, 0xFF,
    0xFD, 0x00, 0x00, 0x00, 0x2F, 0xFF, 0x80, 0x00, 0x00, 0x03, 0xFF, 0xF0, 0x00, 0x00, 0x00, 0xBF,
    0xFC, 0x00, 0x00, 0x00, 0x0F, 0xFF, 0x00, 0x00, 0x00, 0x02, 0xFF, 0x40, 0x00, 0x00, 0x00, 0xFF,
    0x80, 0xB0, 0x00, 0x00, 0x3F, 0x80, 0x30, 0x00, 0x00, 0x3F, 0x80, 0x3C, 0x00, 0x00, 0x3F, 0x80,
    0x3E, 0x00, 0x00, 0xBF, 0x00, 0x3F, 0xC0, 0x00, 0xFE, 0x00, 0x3F, 0xF8, 0x0B, 0xF8, 0x00, 0x2D,
    0xBF, 0xFF, 0xC0, 0x00, 0x00, 0x00, 0x60, 0x00, 0x00, 0x00, 0x00, 0x00, 0x3F, 0xFF, 0xFD, 0x02,
    0xFF, 0x80, 0x00, 0xFF, 0x00, 0x00, 0xFF, 0x00, 0x00, 0xFF, 0x00, 0x00, 0xFF, 0x00, 0x00, 0xFF,
    0x00, 0x00, 0xFF, 0x00, 0x00, 0xFF, 0x00, 0x00, 0xFF, 0x00, 0x00, 0xFF, 0x00, 0x00, 0xFF, 0x00,
    0x00, 0xFF, 0x00, 0x00, 0xFF, 0x00, 0x00, 0xFF, 0x00, 0x00, 0xFF, 0x00, 0x00, 0xFF, 0x00, 0x00,
    0xFF, 0x00, 0x00, 0xFF, 0x00, 0x00, 0xFF, 0x00, 0x00, 0xFF, 0x00, 0x00, 0xFF, 0x00, 0x03, 0xFF,
    0xC0, 0xBF, 0xFF, 0xFE, 0x19, 0x00, 0x60, 0x3F, 0x00, 0xFC, 0x3F, 0x01, 0xFC, 0x2E, 0x00, 0xF8,
    0x00, 0x00, 0x00, 0x00, 0x00, 0x00, 0x3F, 0xFF, 0xFD, 0x02, 0xFF, 0x80, 0x00, 0xFF, 0x00, 0x00,
    0xFF, 0x00, 0x00, 0xFF, 0x00, 0x00, 0xFF, 0x00, 0x00, 0xFF, 0x00, 0x00, 0xFF, 0x00, 0x00, 0xFF,
    0x00, 0x00, 0xFF, 0x00, 0x00, 0xFF, 0x00, 0x00, 0xFF, 0x00, 0x00, 0xFF, 0x00, 0x00, 0xFF, 0x00,
    0x00, 0xFF, 0x00, 0x00, 0xFF, 0x00, 0x00, 0xFF, 0x00, 0x00, 0xFF, 0x00, 0x00, 0xFF, 0x00, 0x00,
    0xFF, 0x00, 0x00, 0xFF, 0x00, 0x00, 0xFF, 0x00, 0x03, 0xFF, 0xC0, 0xBF, 0xFF, 0xFE, 0x00, 0x00,
    0x00, 0x00, 0x03, 0xFF, 0xFF, 0xE0, 0x00, 0x2F, 0xFC, 0x00, 0x00, 0x0F, 0xF0, 0x00, 0x00, 0x0B,
    0xF0, 0x00, 0x00, 0x0B, 0xF0, 0x00, 0x00, 0x0B, 0xF0, 0x00, 0x00, 0x0B, 0xF0, 0x00, 0x00, 0x0B,
    0xF0, 0x00, 0x00, 0x0B, 0xF0, 0x00, 0x00, 0x0B, 0xF0, 0x00, 0x00, 0x0B, 0xF0, 0x00, 0x00, 0x0B,
    0xF0, 0x00, 0x00, 0x0B, 0xF0, 0x00, 0x00, 0x0B, 0xF0, 0x00, 0x00, 0x0B, 0xF0, 0x00, 0x00, 0x0B,
    0xF0, 0x00, 0x00, 0x0B, 0xF0, 0x00, 0x00, 0x0B, 0xF0, 0x00, 0x00, 0x0B, 0xF0, 0x00, 0x00, 0x0F,
    0xF0, 0x00, 0x3D, 0x0F, 0xD0, 0x00, 0xBF, 0x0F, 0xC0, 0x00, 0xBF, 0x6F, 0x40, 0x00, 0x3F, 0xFC,
    0x00, 0x00, 0x01, 0x40, 0x00, 0x00, 0x00, 0x00, 0x00, 0x00, 0x00, 0x00, 0x00, 0x00, 0x00, 0x02,
    0xFF, 0xFF, 0xFF, 0xFF, 0xFC, 0x00, 0x00, 0x00, 0x00, 0x0F, 0xFA, 0x1B, 0xFF, 0x80, 0x00, 0x00,
    0x00, 0x00, 0x07, 0xE0, 0x00, 0xFF, 0x00, 0x00, 0x00, 0x00, 0x00, 0x03, 0xC0, 0x00, 0xFF, 0x00,
    0x00, 0x00, 0x00, 0x00, 0x03, 0xC0, 0x00, 0xFF, 0x00, 0x00, 0x00, 0x00, 0x00, 0x03, 0xC0, 0x00,
    0xFF, 0x00, 0x00, 0x00, 0x00, 0x00, 0x03, 0xC0, 0x00, 0xFF, 0x00, 0x00, 0x00, 0x00, 0x00, 0x03,
    0xC0, 0x00, 0xFF, 0x00, 0x00, 0x00, 0x00, 0x00, 0x03, 0xC0, 0x00, 0xFF, 0x00, 0x00, 0x00, 0x00,
    0x00, 0x03, 0xC0, 0x00, 0xFF, 0x00, 0x00, 0x00, 0x00, 0x00, 0x03, 0xC0, 0x00, 0xFF, 0xAA, 0x90,
    0x00, 0x00, 0x00, 0x03, 0x80, 0x00, 0xFF, 0xFF, 0xFF, 0x80, 0x00, 0x00, 0x03, 0x80, 0x00, 0xFF,
    0x00, 0xBF, 0xF8, 0x00, 0x00, 0x03, 0x80, 0x00, 0xFF, 0x00, 0x03, 0xFE, 0x00, 0x00, 0x03, 0x80,
    0x00, 0xFF, 0x00, 0x00, 0xFF, 0x00, 0x00, 0x03, 0x80, 0x00, 0xFF, 0x00, 0x00, 0xFF, 0x80, 0x00,
    0x03, 0x80, 0x00, 0xFF, 0x00, 0x00, 0xBF, 0x80, 0x00, 0x03, 0x80, 0x00, 0xFF, 0x00, 0x00, 0xBF,
    0x80, 0x00, 0x03, 0x00, 0x00, 0xFF, 0x00, 0x00, 0xBF, 0x80, 0x18, 0x0B, 0x00, 0x00, 0xFF, 0x00,
    0x00, 0xFF, 0x00, 0x7F, 0x0B, 0x00, 0x00, 0xFF, 0x00, 0x02, 0xFF, 0x00, 0xBF, 0x0E, 0x00, 0x00,
    0xFF, 0x00, 0x0B, 0xFC, 0x00, 0xBF, 0xFC, 0x00, 0x03, 0xFF, 0xEA, 0xFF, 0xE0, 0x00, 0x3F, 0xF8,
    0x00, 0xBF, 0xFF, 0xFF, 0xFA, 0x00, 0x00, 0x01, 0x40, 0x00, 0x00, 0x00, 0x00, 0x00, 0x00, 0x00,
    0x00, 0x00, 0x00, 0x00, 0x00, 0x00, 0x00, 0x00, 0x00, 0x3F, 0xFF, 0xF8, 0x0F, 0xFF, 0xFF, 0x00,
    0x00, 0x00, 0x03, 0xFF, 0x80, 0x00, 0xFF, 0xE0, 0x00, 0x00, 0x00, 0x00, 0xFF, 0x00, 0x00, 0x3F,
    0xC0, 0x00, 0x00, 0x00, 0x00, 0xFE, 0x00, 0x00, 0x3F, 0x80, 0x00, 0x00, 0x00, 0x00, 0xFE, 0x00,
    0x00, 0x3F, 0x80, 0x00, 0x00, 0x00, 0x00, 0xFE, 0x00, 0x00, 0x3F, 0x80, 0x00, 0x00, 0x00, 0x00,
    0xFE, 0x00, 0x00, 0x3F, 0x80, 0x00, 0x00, 0x00, 0x00, 0xFE, 0x00, 0x00, 0x3F, 0x80, 0x00, 0x00,
    0x00, 0x00, 0xFE, 0x00, 0x00, 0x3F, 0x80, 0x00, 0x00, 0x00, 0x00, 0xFE, 0x00, 0x00, 0x3F, 0x80,
    0x00, 0x00, 0x00, 0x00, 0xFE, 0x00, 0x00, 0x3F, 0x80, 0x00, 0x00, 0x00, 0x00, 0xFF, 0xFF, 0xFF,
    0xFF, 0xFF, 0xFE, 0x00, 0x00, 0x00, 0xFF, 0xAA, 0xAA, 0xBF, 0xEA, 0xBF, 0xF0, 0x00, 0x00, 0xFE,
    0x00, 0x00, 0x3F, 0x80, 0x0B, 0xFC, 0x00, 0x00, 0xFE, 0x00, 0x00, 0x3F, 0x80, 0x02, 0xFF, 0x00,
    0x00, 0xFE, 0x00, 0x00, 0x3F, 0x80, 0x00, 0xFF, 0x00, 0x00, 0xFE, 0x00, 0x00, 0x3F, 0x80, 0x00,
    0xFF, 0x00, 0x00, 0xFE, 0x00, 0x00, 0x3F, 0x80, 0x00, 0xFF, 0x00, 0x00, 0xFE, 0x00, 0x00, 0x3F,
    0x80, 0x00, 0xFF, 0x00, 0x00, 0xFE, 0x00, 0x00, 0x3F, 0x80, 0x00, 0xFF, 0x00, 0x00, 0xFE, 0x00,
    0x00, 0x3F, 0x80, 0x03, 0xFE, 0x00, 0x00, 0xFF, 0x00, 0x00, 0x3F, 0xC0, 0x0B, 0xFC, 0x00, 0x03,
    0xFF, 0x80, 0x00, 0xFF, 0xEA, 0xFF, 0xE0, 0x00, 0x3F, 0xFF, 0xFC, 0x0F, 0xFF, 0xFF, 0xFE, 0x00,
    0x00, 0x00, 0x00, 0x00, 0x00, 0x00, 0x00, 0x00, 0x00, 0x3F, 0xFF, 0xFF, 0xFF, 0xFF, 0xF0, 0x00,
    0x00, 0x7F, 0x91, 0xBF, 0xE5, 0xAF, 0xF0, 0x00, 0x00, 0xB8, 0x00, 0x3F, 0xC0, 0x00, 0xF0, 0x00,
    0x00, 0xB0, 0x00, 0x3F, 0xC0, 0x00, 0xB0, 0x00, 0x00, 0xA0, 0x00, 0x3F, 0xC0, 0x00, 0x30, 0x00,
    0x00, 0x90, 0x00, 0x3F, 0xC0, 0x00, 0x30, 0x00, 0x00, 0x00, 0x00, 0x3F, 0xC0, 0x00, 0x00, 0x00,
    0x00, 0x00, 0x00, 0x3F, 0xC0, 0x00, 0x00, 0x00, 0x00, 0x00, 0x00, 0x3F, 0xC0, 0x00, 0x00, 0x00,
    0x00, 0x00, 0x00, 0x3F, 0xC0, 0x00, 0x00, 0x00, 0x00, 0x00, 0x00, 0x3F, 0xC2, 0xBF, 0xFE, 0x00,
    0x00, 0x00, 0x00, 0x3F, 0xFF, 0xAA, 0xFF, 0xC0, 0x00, 0x00, 0x00, 0x3F, 0xE0, 0x00, 0x2F, 0xF0,
    0x00, 0x00, 0x00, 0x3F, 0xC0, 0x00, 0x0F, 0xF0, 0x00, 0x00, 0x00, 0x3F, 0xC0, 0x00, 0x0B, 0xF8,
    0x00, 0x00, 0x00, 0x3F, 0xC0, 0x00, 0x03, 0xF8, 0x00, 0x00, 0x00, 0x3F, 0xC0, 0x00, 0x03, 0xF8,
    0x00, 0x00, 0x00, 0x3F, 0xC0, 0x00, 0x03, 0xF8, 0x00, 0x00, 0x00, 0x3F, 0xC0, 0x00, 0x03, 0xF8,
    0x00, 0x00, 0x00, 0x3F, 0xC0, 0x00, 0x03, 0xF8, 0x00, 0x00, 0x00, 0x3F, 0xC0, 0x00, 0x07, 0xF8,
    0x00, 0x00, 0x00, 0x3F, 0xC0, 0x00, 0x0B, 0xFC, 0x00, 0x00, 0x00, 0xFF, 0xE0, 0x00, 0x0F, 0xFE,
    0x00, 0x00, 0x0F, 0xFF, 0xFF, 0x00, 0xFF, 0xFF, 0xF0, 0x00, 0x00, 0x00, 0x00, 0x00, 0x00, 0x00,
    0x00, 0x00, 0x00, 0x00, 0xF4, 0x00, 0x00, 0x00, 0x00, 0x00, 0x03, 0xF8, 0x00, 0x00, 0x00, 0x00,
    0x00, 0x0F, 0xE0, 0x00, 0x00, 0x00, 0x00, 0x00, 0x3F, 0x00, 0x00, 0x00, 0x00, 0x00, 0x00, 0xF8,
    0x00, 0x00, 0x00, 0x00, 0x00, 0x03, 0xC0, 0x00, 0x00, 0x00, 0x00, 0x00, 0x00, 0x00, 0x00, 0x00,
    0x00, 0x00, 0x00, 0x00, 0x00, 0x00, 0x00, 0x00, 0x3F, 0xFF, 0xFF, 0x02, 0xFF, 0xFF, 0x80, 0x02,
    0xFF, 0xC0, 0x00, 0x2F, 0xE0, 0x00, 0x00, 0xFF, 0x80, 0x00, 0x3F, 0x40, 0x00, 0x00, 0xBF, 0x00,
    0x00, 0xBC, 0x00, 0x00, 0x00, 0xBF, 0x00, 0x02, 0xF0, 0x00, 0x00, 0x00, 0xBF, 0x00, 0x0B, 0xC0,
    0x00, 0x00, 0x00, 0xBF, 0x00, 0x2F, 0x00, 0x00, 0x00, 0x00, 0xBF, 0x00, 0xBC, 0x00, 0x00, 0x00,
    0x00, 0xBF, 0x02, 0xF0, 0x00, 0x00, 0x00, 0x00, 0xBF, 0x0B, 0xC0, 0x00, 0x00, 0x00, 0x00, 0xBF,
    0x2F, 0x80, 0x00, 0x00, 0x00, 0x00, 0xBF, 0xFF, 0xD0, 0x00, 0x00, 0x00, 0x00, 0xBF, 0xBF, 0xF4,
    0x00, 0x00, 0x00, 0x00, 0xBF, 0x0F, 0xFE, 0x00, 0x00, 0x00, 0x00, 0xBF, 0x03, 0xFF, 0x80, 0x00,
    0x00, 0x00, 0xBF, 0x00, 0xFF, 0xE0, 0x00, 0x00, 0x00, 0xBF, 0x00, 0x3F, 0xF8, 0x00, 0x00, 0x00,
    0xBF, 0x00, 0x0F, 0xFE, 0x00, 0x00, 0x00, 0xBF, 0x00, 0x03, 0xFF, 0x80, 0x00, 0x00, 0xBF, 0x00,
    0x00, 0xFF, 0xE0, 0x00, 0x00, 0xBF, 0x00, 0x00, 0x3F, 0xF8, 0x00, 0x00, 0xFF, 0x80, 0x00, 0x0F,
    0xFE, 0x00, 0x02, 0xFF, 0xD0, 0x00, 0x0F, 0xFF, 0x80, 0x3F, 0xFF, 0xFF, 0x02, 0xFF, 0xFF, 0xF0,
    0x00, 0x00, 0x0E, 0x00, 0x00, 0x00, 0x00, 0x00, 0x00, 0x2F, 0x80, 0x00, 0x00, 0x00, 0x00, 0x00,
    0x0F, 0xE0, 0x00, 0x00, 0x00, 0x00, 0x00, 0x03, 0xF8, 0x00, 0x00, 0x00, 0x00, 0x00, 0x00, 0xBE,
    0x00, 0x00, 0x00, 0x00, 0x00, 0x00, 0x0B, 0x80, 0x00, 0x00, 0x00, 0x00, 0x00, 0x00, 0x80, 0x00,
    0x00, 0x00, 0x00, 0x00, 0x00, 0x00, 0x00, 0x00, 0x00, 0x00, 0x00, 0x00, 0x00, 0x00, 0x00, 0x00,
    0x00, 0x00, 0x00, 0x00, 0x00, 0x00, 0x3F, 0xFF, 0xF8, 0x00, 0xFF, 0xFF, 0xF0, 0x03, 0xFF, 0x80,
    0x00, 0x0B, 0xFE, 0x00, 0x00, 0xFF, 0x00, 0x00, 0x03, 0xFC, 0x00, 0x00, 0xFE, 0x00, 0x00, 0x0B,
    0xFC, 0x00, 0x00, 0xFE, 0x00, 0x00, 0x0F, 0xFC, 0x00, 0x00, 0xFE, 0x00, 0x00, 0x3F, 0xFC, 0x00,
    0x00, 0xFE, 0x00, 0x00, 0xFB, 0xFC, 0x00, 0x00, 0xFE, 0x00, 0x02, 0xE3, 0xFC, 0x00, 0x00, 0xFE,
    0x00, 0x0B, 0xC3, 0xFC, 0x00, 0x00, 0xFE, 0x00, 0x0F, 0x03, 0xFC, 0x00, 0x00, 0xFE, 0x00, 0x3C,
    0x03, 0xFC, 0x00, 0x00, 0xFE, 0x00, 0xF8, 0x03, 0xFC, 0x00, 0x00, 0xFE, 0x02, 0xE0, 0x03, 0xFC,
    0x00, 0x00, 0xFE, 0x0B, 0xC0, 0x03, 0xFC, 0x00, 0x00, 0xFE, 0x0F, 0x00, 0x03, 0xFC, 0x00, 0x00,
    0xFE, 0x3C, 0x00, 0x03, 0xFC, 0x00, 0x00, 0xFE, 0xF8, 0x00, 0x03, 0xFC, 0x00, 0x00, 0xFF, 0xE0,
    0x00, 0x03, 0xFC, 0x00, 0x00, 0xFF, 0xC0, 0x00, 0x03, 0xFC, 0x00, 0x00, 0xFF, 0x00, 0x00, 0x03,
    0xFC, 0x00, 0x00, 0xFE, 0x00, 0x00, 0x03, 0xFC, 0x00, 0x00, 0xFF, 0x00, 0x00, 0x03, 0xFC, 0x00,
    0x03, 0xFF, 0x80, 0x00, 0x0F, 0xFE, 0x00, 0x3F, 0xFF, 0xFC, 0x00, 0xFF, 0xFF, 0xF0, 0x00, 0x00,
    0x02, 0x00, 0xA0, 0x00, 0x00, 0x00, 0x00, 0x0B, 0x80, 0xF8, 0x00, 0x00, 0x00, 0x00, 0x0E, 0x00,
    0x28, 0x00, 0x00, 0x00, 0x00, 0x0B, 0x00, 0x78, 0x00, 0x00, 0x00, 0x00, 0x03, 0xFF, 0xF0, 0x00,
    0x00, 0x00, 0x00, 0x00, 0xBF, 0x80, 0x00, 0x00, 0x00, 0x00, 0x00, 0x00, 0x00, 0x00, 0x00, 0x00,
    0x00, 0x00, 0x00, 0x00, 0x00, 0x00, 0xBF, 0xFF, 0xFE, 0x00, 0x07, 0xFF, 0xF8, 0x07, 0xFF, 0xC0,
    0x00, 0x00, 0x3F, 0x80, 0x00, 0xFF, 0xC0, 0x00, 0x00, 0x3D, 0x00, 0x00, 0x3F, 0xE0, 0x00, 0x00,
    0xB8, 0x00, 0x00, 0x2F, 0xF0, 0x00, 0x00, 0xF0, 0x00, 0x00, 0x0F, 0xFC, 0x00, 0x02, 0xE0, 0x00,
    0x00, 0x03, 0xFE, 0x00, 0x03, 0xC0, 0x00, 0x00, 0x02, 0xFF, 0x00, 0x0B, 0x80, 0x00, 0x00, 0x00,
    0xFF, 0xC0, 0x0F, 0x00, 0x00, 0x00, 0x00, 0x3F, 0xE0, 0x2D, 0x00, 0x00, 0x00, 0x00, 0x2F, 0xF0,
    0x3C, 0x00, 0x00, 0x00, 0x00, 0x0F, 0xFC, 0xB0, 0x00, 0x00, 0x00, 0x00, 0x03, 0xFE, 0xF0, 0x00,
    0x00, 0x00, 0x00, 0x02, 0xFF, 0xC0, 0x00, 0x00, 0x00, 0x00, 0x00, 0xFF, 0xC0, 0x00, 0x00, 0x00,
    0x00, 0x00, 0x3F, 0x00, 0x00, 0x00, 0x00, 0x00, 0x00, 0x2E, 0x00, 0x00, 0x00, 0x00, 0x00, 0x00,
    0x2C, 0x00, 0x00, 0x00, 0x00, 0x00, 0x00, 0x38, 0x00, 0x00, 0x00, 0x00, 0x00, 0x00, 0xF0, 0x00,
    0x00, 0x00, 0x00, 0x3F, 0x00, 0xE0, 0x00, 0x00, 0x00, 0x00, 0x3F, 0xC3, 0xC0, 0x00, 0x00, 0x00,
    0x00, 0x3F, 0xFF, 0x00, 0x00, 0x00, 0x00, 0x00, 0x2F, 0xFC, 0x00, 0x00, 0x00, 0x00, 0x00, 0x00,
    0x40, 0x00, 0x00, 0x00, 0x00, 0x00, 0x00, 0x00, 0x00, 0x00, 0x00, 0x00, 0x3F, 0xFF, 0xF8, 0x02,
    0xFF, 0xFF, 0xC0, 0x03, 0xFF, 0x80, 0x00, 0x2F, 0xFC, 0x00, 0x00, 0xFF, 0x00, 0x00, 0x0B, 0xF0,
    0x00, 0x00, 0xFE, 0x00, 0x00, 0x0B, 0xF0, 0x00, 0x00, 0xFE, 0x00, 0x00, 0x0B, 0xF0, 0x00, 0x00,
    0xFE, 0x00, 0x00, 0x0B, 0xF0, 0x00, 0x00, 0xFE, 0x00, 0x00, 0x0B, 0xF0, 0x00, 0x00, 0xFE, 0x00,
    0x00, 0x0B, 0xF0, 0x00, 0x00, 0xFE, 0x00, 0x00, 0x0B, 0xF0, 0x00, 0x00, 0xFE, 0x00, 0x00, 0x0B,
    0xF0, 0x00, 0x00, 0xFE, 0x00, 0x00, 0x0B, 0xF0, 0x00, 0x00, 0xFE, 0x00, 0x00, 0x0B, 0xF0, 0x00,
    0x00, 0xFE, 0x00, 0x00, 0x0B, 0xF0, 0x00, 0x00, 0xFE, 0x00, 0x00, 0x0B, 0xF0, 0x00, 0x00, 0xFE,
    0x00, 0x00, 0x0B, 0xF0, 0x00, 0x00, 0xFE, 0x00, 0x00, 0x0B, 0xF0, 0x00, 0x00, 0xFE, 0x00, 0x00,
    0x0B, 0xF0, 0x00, 0x00, 0xFE, 0x00, 0x00, 0x0B, 0xF0, 0x00, 0x00, 0xFE, 0x00, 0x00, 0x0B, 0xF0,
    0x00, 0x00, 0xFE, 0x00, 0x00, 0x0B, 0xF0, 0x00, 0x00, 0xFE, 0x00, 0x00, 0x0B, 0xF0, 0x00, 0x00,
    0xFF, 0x00, 0x00, 0x0F, 0xF4, 0x00, 0x03, 0xFF, 0xFA, 0xAA, 0xFF, 0xFC, 0x00, 0x3F, 0xFF, 0xFF,
    0xFF, 0xFF, 0xFF, 0xD0, 0x00, 0x00, 0x02, 0xF8, 0x00, 0x00, 0x00, 0x00, 0x00, 0x02, 0xF8, 0x00,
    0x00, 0x00, 0x00, 0x00, 0x02, 0xF8, 0x00, 0x00, 0x00, 0x00, 0x00, 0x02, 0xF8, 0x00, 0x00, 0x00,
    0x00, 0x00, 0x02, 0xA8, 0x00, 0x00, 0x00, 0x00, 0x00, 0x00, 0x40, 0x00, 0x00, 0x00, 0x00, 0x00,
    0x00, 0xF0, 0x00, 0x00, 0x00, 0x00, 0x00, 0x02, 0xF0, 0x00, 0x00, 0x00, 0x00, 0x00, 0x03, 0xF8,
    0x00, 0x00, 0x00, 0x00, 0x00, 0x03, 0xFC, 0x00, 0x00, 0x00, 0x00, 0x00, 0x0B, 0xFE, 0x00, 0x00,
    0x00, 0x00, 0x00, 0x0F, 0xFF, 0x00, 0x00, 0x00, 0x00, 0x00, 0x2C, 0xBF, 0x40, 0x00, 0x00, 0x00,
    0x00, 0x3C, 0x3F, 0xC0, 0x00, 0x00, 0x00, 0x00, 0x78, 0x2F, 0xC0, 0x00, 0x00, 0x00, 0x00, 0xF0,
    0x0F, 0xE0, 0x00, 0x00, 0x00, 0x00, 0xE0, 0x0F, 0xF0, 0x00, 0x00, 0x00, 0x02, 0xC0, 0x03, 0xF8,
    0x00, 0x00, 0x00, 0x03, 0xC0, 0x03, 0xFC, 0x00, 0x00, 0x00, 0x0B, 0x40, 0x02, 0xFE, 0x00, 0x00,
    0x00, 0x0F, 0xAA, 0xAA, 0xFF, 0x00, 0x00, 0x00, 0x1F, 0xFF, 0xFF, 0xFF, 0x00, 0x00, 0x00, 0x3C,
    0x00, 0x00, 0xBF, 0xC0, 0x00, 0x00, 0x38, 0x00, 0x00, 0x3F, 0xC0, 0x00, 0x00, 0xB0, 0x00, 0x00,
    0x2F, 0xE0, 0x00, 0x00, 0xF0, 0x00, 0x00, 0x0F, 0xF0, 0x00, 0x02, 0xE0, 0x00, 0x00, 0x0B, 0xF8,
    0x00, 0x03, 0xD0, 0x00, 0x00, 0x07, 0xFC, 0x00, 0x0F, 0xE0, 0x00, 0x00, 0x0B, 0xFF, 0x00, 0xBF,
    0xFE, 0x00, 0x00, 0xFF, 0xFF, 0xE0, 0x00, 0x00, 0x00, 0x00, 0x00, 0x00, 0x3F, 0xFF, 0xFF, 0xFF,
    0xFE, 0x00, 0x02, 0xFF, 0xEA, 0xAA, 0xFE, 0x00, 0x00, 0xFF, 0x00, 0x00, 0x2F, 0x00, 0x00, 0xFF,
    0x00, 0x00, 0x0F, 0x00, 0x00, 0xFF, 0x00, 0x00, 0x0B, 0x00, 0x00, 0xFF, 0x00, 0x00, 0x03, 0x00,
    0x00, 0xFF, 0x00, 0x00, 0x00, 0x00, 0x00, 0xFF, 0x00, 0x00, 0x00, 0x00, 0x00, 0xFF, 0x00, 0x00,
    0x00, 0x00, 0x00, 0xFF, 0x00, 0x00, 0x00, 0x00, 0x00, 0xFF, 0xAA, 0xA0, 0x00, 0x00, 0x00, 0xFF,
    0xFF, 0xFF, 0xE0, 0x00, 0x00, 0xFF, 0x00, 0x6F, 0xFE, 0x00, 0x00, 0xFF, 0x00, 0x02, 0xFF, 0x80,
    0x00, 0xFF, 0x00, 0x00, 0xBF, 0xC0, 0x00, 0xFF, 0x00, 0x00, 0x3F, 0xD0, 0x00, 0xFF, 0x00, 0x00,
    0x3F, 0xE0, 0x00, 0xFF, 0x00, 0x00, 0x2F, 0xE0, 0x00, 0xFF, 0x00, 0x00, 0x3F, 0xD0, 0x00, 0xFF,
    0x00, 0x00, 0x3F, 0xC0, 0x00, 0xFF, 0x00, 0x00, 0xBF, 0x80, 0x00, 0xFF, 0x00, 0x03, 0xFF, 0x00,
    0x03, 0xFF, 0xEA, 0xBF, 0xF8, 0x00, 0x3F, 0xFF, 0xFF, 0xFA, 0x40, 0x00, 0x00, 0x00, 0x00, 0x00,
    0x00, 0x00, 0x3F, 0xFF, 0xFF, 0xFA, 0x00, 0x00, 0x02, 0xFF, 0xEA, 0xBF, 0xE0, 0x00, 0x00, 0xFF,
    0x00, 0x0B, 0xFC, 0x00, 0x00, 0xFF, 0x00, 0x02, 0xFF, 0x00, 0x00, 0xFF, 0x00, 0x00, 0xFF, 0x00,
    0x00, 0xFF, 0x00, 0x00, 0xBF, 0x00, 0x00, 0xFF, 0x00, 0x00, 0xBF, 0x00, 0x00, 0xFF, 0x00, 0x00,
    0xFF, 0x00, 0x00, 0xFF, 0x00, 0x00, 0xFF, 0x00, 0x00, 0xFF, 0x00, 0x03, 0xFC, 0x00, 0x00, 0xFF,
    0xAA, 0xBF, 0xE0, 0x00, 0x00, 0xFF, 0xFF, 0xFF, 0x80, 0x00, 0x00, 0xFF, 0x00, 0xAF, 0xF8, 0x00,
    0x00, 0xFF, 0x00, 0x02, 0xFF, 0x00, 0x00, 0xFF, 0x00, 0x00, 0xBF, 0xC0, 0x00, 0xFF, 0x00, 0x00,
    0x3F, 0xC0, 0x00, 0xFF, 0x00, 0x00, 0x3F, 0xE0, 0x00, 0xFF, 0x00, 0x00, 0x3F, 0xE0, 0x00, 0xFF,
    0x00, 0x00, 0x3F, 0xD0, 0x00, 0xFF, 0x00, 0x00, 0x3F, 0xC0, 0x00, 0xFF, 0x00, 0x00, 0xFF, 0x80,
    0x00, 0xFF, 0x00, 0x03, 0xFF, 0x00, 0x03, 0xFF, 0xEA, 0xFF, 0xF8, 0x00, 0x3F, 0xFF, 0xFF, 0xFA,
    0x00, 0x00, 0x00, 0x00, 0x00, 0x00, 0x00, 0xBF, 0xFF, 0xFF, 0xFF, 0xFE, 0x03, 0xFF, 0xAA, 0xAA,
    0xFE, 0x02, 0xFE, 0x00, 0x00, 0x3E, 0x02, 0xFC, 0x00, 0x00, 0x0E, 0x02, 0xFC, 0x00, 0x00, 0x0E,
    0x02, 0xFC, 0x00, 0x00, 0x0A, 0x02, 0xFC, 0x00, 0x00, 0x00, 0x02, 0xFC, 0x00, 0x00, 0x00, 0x02,
    0xFC, 0x00, 0x00, 0x00, 0x02, 0xFC, 0x00, 0x00, 0x00, 0x02, 0xFC, 0x00, 0x00, 0x00, 0x02, 0xFC,
    0x00, 0x00, 0x00, 0x02, 0xFC, 0x00, 0x00, 0x00, 0x02, 0xFC, 0x00, 0x00, 0x00, 0x02, 0xFC, 0x00,
    0x00, 0x00, 0x02, 0xFC, 0x00, 0x00, 0x00, 0x02, 0xFC, 0x00, 0x00, 0x00, 0x02, 0xFC, 0x00, 0x00,
    0x00, 0x02, 0xFC, 0x00, 0x00, 0x00, 0x02, 0xFC, 0x00, 0x00, 0x00, 0x02, 0xFC, 0x00, 0x00, 0x00,
    0x02, 0xFE, 0x00, 0x00, 0x00, 0x0B, 0xFF, 0x80, 0x00, 0x00, 0xBF, 0xFF, 0xFC, 0x00, 0x00, 0x00,
    0x00, 0x00, 0x00, 0x00, 0x00, 0x0B, 0xFF, 0xFF, 0xFF, 0xFF, 0xFC, 0x00, 0x3F, 0xFA, 0xAB, 0xFF,
    0xC0, 0x00, 0x1F, 0x40, 0x00, 0xFF, 0x00, 0x00, 0x0F, 0x00, 0x00, 0xFF, 0x00, 0x00, 0x0E, 0x00,
    0x00, 0xFF, 0x00, 0x00, 0x0E, 0x00, 0x00, 0xFF, 0x00, 0x00, 0x0E, 0x00, 0x00, 0xFF, 0x00, 0x00,
    0x0E, 0x00, 0x00, 0xFF, 0x00, 0x00, 0x0E, 0x00, 0x00, 0xFF, 0x00, 0x00, 0x0E, 0x00, 0x00, 0xFF,
    0x00, 0x00, 0x0D, 0x00, 0x00, 0xFF, 0x00, 0x00, 0x0D, 0x00, 0x00, 0xFF, 0x00, 0x00, 0x1C, 0x00,
    0x00, 0xFF, 0x00, 0x00, 0x2C, 0x00, 0x00, 0xFF, 0x00, 0x00, 0x2C, 0x00, 0x00, 0xFF, 0x00, 0x00,
    0x2C, 0x00, 0x00, 0xFF, 0x00, 0x00, 0x2C, 0x00, 0x00, 0xFF, 0x00, 0x00, 0x3C, 0x00, 0x00, 0xFF,
    0x00, 0x00, 0x3C, 0x00, 0x00, 0xFF, 0x00, 0x00, 0x38, 0x00, 0x00, 0xFF, 0x00, 0x00, 0xF0, 0x00,
    0x00, 0xFF, 0x00, 0x01, 0xF0, 0x00, 0x00, 0xFF, 0x80, 0x0B, 0xEA, 0xAA, 0xAB, 0xFF, 0xD0, 0x3F,
    0xFF, 0xFF, 0xFF, 0xFF, 0xFF, 0x3F, 0x80, 0x00, 0x00, 0x00, 0xFF, 0x3E, 0x00, 0x00, 0x00, 0x00,
    0x3F, 0x3C, 0x00, 0x00, 0x00, 0x00, 0x2F, 0x38, 0x00, 0x00, 0x00, 0x00, 0x0F, 0x30, 0x00, 0x00,
    0x00, 0x00, 0x0B, 0x30, 0x00, 0x00, 0x00, 0x00, 0x07, 0x00, 0x00, 0x00, 0x00, 0x00, 0x01, 0x00,
    0x00, 0x00, 0x00, 0x00, 0x00, 0xBF, 0xFF, 0xFF, 0xFF, 0xFE, 0x00, 0x03, 0xFF, 0xAA, 0xAB, 0xFE,
    0x00, 0x02, 0xFE, 0x00, 0x00, 0x3E, 0x00, 0x02, 0xFC, 0x00, 0x00, 0x0E, 0x00, 0x02, 0xFC, 0x00,
    0x00, 0x0A, 0x00, 0x02, 0xFC, 0x00, 0x00, 0x00, 0x00, 0x02, 0xFC, 0x00, 0x00, 0x00, 0x00, 0x02,
    0xFC, 0x00, 0x00, 0x20, 0x00, 0x02, 0xFC, 0x00, 0x00, 0xA0, 0x00, 0x02, 0xFC, 0x00, 0x00, 0xE0,
    0x00, 0x02, 0xFE, 0xAA, 0xAF, 0xE0, 0x00, 0x02, 0xFF, 0xFF, 0xFF, 0xE0, 0x00, 0x02, 0xFE, 0x00,
    0x0B, 0xE0, 0x00, 0x02, 0xFC, 0x00, 0x00, 0xE0, 0x00, 0x02, 0xFC, 0x00, 0x00, 0xA0, 0x00, 0x02,
    0xFC, 0x00, 0x00, 0x20, 0x00, 0x02, 0xFC, 0x00, 0x00, 0x00, 0x00, 0x02, 0xFC, 0x00, 0x00, 0x00,
    0x00, 0x02, 0xFC, 0x00, 0x00, 0x00, 0xD0, 0x02, 0xFC, 0x00, 0x00, 0x02, 0xC0, 0x02, 0xFC, 0x00,
    0x00, 0x0B, 0xC0, 0x02, 0xFE, 0x00, 0x00, 0x2F, 0x80, 0x0B, 0xFF, 0xAA, 0xAF, 0xFF, 0x00, 0xBF,
    0xFF, 0xFF, 0xFF, 0xFF, 0x00, 0x00, 0x00, 0x00, 0x00, 0x00, 0x00, 0x00, 0x00, 0x00, 0x7F, 0xFF,
    0xC0, 0xBF, 0xFF, 0xF0, 0x0F, 0xFF, 0xF0, 0x07, 0xFC, 0x00, 0x07, 0xFF, 0x00, 0x00, 0xFE, 0x00,
    0x00, 0xBC, 0x00, 0x02, 0xFC, 0x00, 0x01, 0xF8, 0x00, 0x00, 0x2F, 0x00, 0x02, 0xFC, 0x00, 0x03,
    0xC0, 0x00, 0x00, 0x0B, 0x80, 0x02, 0xFC, 0x00, 0x0F, 0x00, 0x00, 0x00, 0x02, 0xE0, 0x02, 0xFC,
    0x00, 0x3C, 0x00, 0x00, 0x00, 0x00, 0xB8, 0x02, 0xFC, 0x00, 0xF0, 0x00, 0x00, 0x00, 0x00, 0x2E,
    0x02, 0xFC, 0x03, 0xC0, 0x00, 0x00, 0x00, 0x00, 0x0B, 0x82, 0xFC, 0x0F, 0x00, 0x00, 0x00, 0x00,
    0x00, 0x02, 0xE2, 0xFC, 0x3C, 0x00, 0x00, 0x00, 0x00, 0x00, 0x00, 0xFA, 0xFD, 0xFC, 0x00, 0x00,
    0x00, 0x00, 0x00, 0x03, 0xFF, 0xFF, 0xFE, 0x00, 0x00, 0x00, 0x00, 0x00, 0x0B, 0xFF, 0xFF, 0xFF,
    0x00, 0x00, 0x00, 0x00, 0x00, 0x2F, 0xFA, 0xFC, 0xFF, 0xC0, 0x00, 0x00, 0x00, 0x00, 0x3F, 0xE2,
    0xFC, 0x3F, 0xF0, 0x00, 0x00, 0x00, 0x00, 0xFF, 0xC2, 0xFC, 0x0F, 0xFC, 0x00, 0x00, 0x00, 0x03,
    0xFF, 0x02, 0xFC, 0x03, 0xFE, 0x00, 0x00, 0x00, 0x0F, 0xFC, 0x02, 0xFC, 0x02, 0xFF, 0x40, 0x00,
    0x00, 0x2F, 0xF0, 0x02, 0xFC, 0x00, 0xBF, 0xC0, 0x00, 0x00, 0xBF, 0xE0, 0x02, 0xFC, 0x00, 0x3F,
    0xF0, 0x00, 0x00, 0xFF, 0x80, 0x02, 0xFC, 0x00, 0x0F, 0xFC, 0x00, 0x03, 0xFF, 0x00, 0x03, 0xFD,
    0x00, 0x03, 0xFE, 0x00, 0x0F, 0xFE, 0x00, 0x0B, 0xFF, 0x00, 0x03, 0xFF, 0x80, 0xFF, 0xFF, 0xF0,
    0xFF, 0xFF, 0xF4, 0x3F, 0xFF, 0xF8, 0x08, 0x00, 0x1A, 0x40, 0x00, 0x00, 0x0C, 0x2F, 0xFF, 0xFE,
    0x00, 0x00, 0x0F, 0xFD, 0x00, 0xBF, 0xC0, 0x00, 0x0F, 0xE0, 0x00, 0x0F, 0xF0, 0x00, 0x0F, 0x80,
    0x00, 0x0B, 0xF8, 0x00, 0x1F, 0x00, 0x00, 0x03, 0xFC, 0x00, 0x2C, 0x00, 0x00, 0x03, 0xFC, 0x00,
    0x2C, 0x00, 0x00, 0x03, 0xFC, 0x00, 0x10, 0x00, 0x00, 0x03, 0xF8, 0x00, 0x00, 0x00, 0x00, 0x0B,
    0xF0, 0x00, 0x00, 0x00, 0x00, 0x2F, 0xC0, 0x00, 0x00, 0x00, 0x0A, 0xFE, 0x00, 0x00, 0x00, 0x02,
    0xFF, 0xF8, 0x00, 0x00, 0x00, 0x00, 0x0A, 0xFF, 0xC0, 0x00, 0x00, 0x00, 0x00, 0x0F, 0xF8, 0x00,
    0x00, 0x00, 0x00, 0x03, 0xFC, 0x00, 0x00, 0x00, 0x00, 0x02, 0xFE, 0x00, 0x00, 0x00, 0x00, 0x00,
    0xFF, 0x00, 0x00, 0x00, 0x00, 0x00, 0xFF, 0x00, 0x00, 0x00, 0x00, 0x01, 0xFF, 0x00, 0xF8, 0x00,
    0x00, 0x03, 0xFE, 0x00, 0x3E, 0x00, 0x00, 0x0B, 0xFC, 0x00, 0x0F, 0xE0, 0x00, 0x2F, 0xF8, 0x00,
    0x02, 0xFE, 0xAB, 0xFF, 0xC0, 0x00, 0x00, 0x2F, 0xFF, 0xFE, 0x00, 0x00, 0x00, 0x00, 0x09, 0x00,
    0x00, 0x00, 0x00, 0x00, 0x00, 0x00, 0x00, 0x00, 0x00, 0x3F, 0xFF, 0xF8, 0x00, 0xFF, 0xFF, 0xF0,
    0x03, 0xFF, 0x80, 0x00, 0x0B, 0xFE, 0x00, 0x00, 0xFF, 0x00, 0x00, 0x03, 0xFC, 0x00, 0x00, 0xFE,
    0x00, 0x00, 0x0B, 0xFC, 0x00, 0x00, 0xFE, 0x00, 0x00, 0x0F, 0xFC, 0x00, 0x00, 0xFE, 0x00, 0x00,
    0x3F, 0xFC, 0x00, 0x00, 0xFE, 0x00, 0x00, 0xFB, 0xFC, 0x00, 0x00, 0xFE, 0x00, 0x02, 0xE3, 0xFC,
    0x00, 0x00, 0xFE, 0x00, 0x0B, 0xC3, 0xFC, 0x00, 0x00, 0xFE, 0x00, 0x0F, 0x03, 0xFC, 0x00, 0x00,
    0xFE, 0x00, 0x3C, 0x03, 0xFC, 0x00, 0x00, 0xFE, 0x00, 0xF8, 0x03, 0xFC, 0x00, 0x00, 0xFE, 0x02,
    0xE0, 0x03, 0xFC, 0x00, 0x00, 0xFE, 0x0B, 0xC0, 0x03, 0xFC, 0x00, 0x00, 0xFE, 0x0F, 0x00, 0x03,
    0xFC, 0x00, 0x00, 0xFE, 0x3C, 0x00, 0x03, 0xFC, 0x00, 0x00, 0xFE, 0xF8, 0x00, 0x03, 0xFC, 0x00,
    0x00, 0xFF, 0xE0, 0x00, 0x03, 0xFC, 0x00, 0x00, 0xFF, 0xC0, 0x00, 0x03, 0xFC, 0x00, 0x00, 0xFF,
    0x00, 0x00, 0x03, 0xFC, 0x00, 0x00, 0xFE, 0x00, 0x00, 0x03, 0xFC, 0x00, 0x00, 0xFF, 0x00, 0x00,
    0x03, 0xFC, 0x00, 0x03, 0xFF, 0x80, 0x00, 0x0F, 0xFE, 0x00, 0x3F, 0xFF, 0xFC, 0x00, 0xFF, 0xFF,
    0xF0, 0x00, 0x00, 0x00, 0x00, 0x00, 0x00, 0x00, 0x00, 0x00, 0x3C, 0x02, 0xE0, 0x00, 0x00, 0x00,
    0x00, 0x3C, 0x02, 0xF0, 0x00, 0x00, 0x00, 0x00, 0x30, 0x00, 0x30, 0x00, 0x00, 0x00, 0x00, 0x38,
    0x01, 0xF0, 0x00, 0x00, 0x00, 0x00, 0x2F, 0xFF, 0xC0, 0x00, 0x00, 0x00, 0x00, 0x07, 0xFF, 0x00,
    0x00, 0x00, 0x00, 0x00, 0x00, 0x00, 0x00, 0x00, 0x00, 0x00, 0x00, 0x00, 0x00, 0x00, 0x00, 0x00,
    0x3F, 0xFF, 0xF8, 0x00, 0xFF, 0xFF, 0xF0, 0x03, 0xFF, 0x80, 0x00, 0x0B, 0xFE, 0x00, 0x00, 0xFF,
    0x00, 0x00, 0x03, 0xFC, 0x00, 0x00, 0xFE, 0x00, 0x00, 0x0B, 0xFC, 0x00, 0x00, 0xFE, 0x00, 0x00,
    0x0F, 0xFC, 0x00, 0x00, 0xFE, 0x00, 0x00, 0x3F, 0xFC, 0x00, 0x00, 0xFE, 0x00, 0x00, 0xFB, 0xFC,
    0x00, 0x00, 0xFE, 0x00, 0x02, 0xE3, 0xFC, 0x00, 0x00, 0xFE, 0x00, 0x0B, 0xC3, 0xFC, 0x00, 0x00,
    0xFE, 0x00, 0x0F, 0x03, 0xFC, 0x00, 0x00, 0xFE, 0x00, 0x3C, 0x03, 0xFC, 0x00, 0x00, 0xFE, 0x00,
    0xF8, 0x03, 0xFC, 0x00, 0x00, 0xFE, 0x02, 0xE0, 0x03, 0xFC, 0x00, 0x00, 0xFE, 0x0B, 0xC0, 0x03,
    0xFC, 0x00, 0x00, 0xFE, 0x0F, 0x00, 0x03, 0xFC, 0x00, 0x00, 0xFE, 0x3C, 0x00, 0x03, 0xFC, 0x00,
    0x00, 0xFE, 0xF8, 0x00, 0x03, 0xFC, 0x00, 0x00, 0xFF, 0xE0, 0x00, 0x03, 0xFC, 0x00, 0x00, 0xFF,
    0xC0, 0x00, 0x03, 0xFC, 0x00, 0x00, 0xFF, 0x00, 0x00, 0x03, 0xFC, 0x00, 0x00, 0xFE, 0x00, 0x00,
    0x03, 0xFC, 0x00, 0x00, 0xFF, 0x00, 0x00, 0x03, 0xFC, 0x00, 0x03, 0xFF, 0x80, 0x00, 0x0F, 0xFE,
    0x00, 0x3F, 0xFF, 0xFC, 0x00, 0xFF, 0xFF, 0xF0, 0x00, 0x00, 0x00, 0x00, 0x00, 0x00, 0x00, 0x3F,
    0xFF, 0xFC, 0x03, 0xFF, 0xFF, 0x00, 0x03, 0xFF, 0x80, 0x00, 0x3F, 0xD0, 0x00, 0x00, 0xFF, 0x00,
    0x00, 0x7E, 0x00, 0x00, 0x00, 0xFE, 0x00, 0x00, 0xF8, 0x00, 0x00, 0x00, 0xFE, 0x00, 0x03, 0xE0,
    0x00, 0x00, 0x00, 0xFE, 0x00, 0x0F, 0x80, 0x00, 0x00, 0x00, 0xFE, 0x00, 0x3E, 0x00, 0x00, 0x00,
    0x00, 0xFE, 0x00, 0xF8, 0x00, 0x00, 0x00, 0x00, 0xFE, 0x03, 0xE0, 0x00, 0x00, 0x00, 0x00, 0xFE,
    0x0F, 0x80, 0x00, 0x00, 0x00, 0x00, 0xFE, 0x3F, 0x00, 0x00, 0x00, 0x00, 0x00, 0xFF, 0xFF, 0x80,
    0x00, 0x00, 0x00, 0x00, 0xFF, 0xBF, 0xE0, 0x00, 0x00, 0x00, 0x00, 0xFE, 0x2F, 0xF8, 0x00, 0x00,
    0x00, 0x00, 0xFE, 0x0B, 0xFE, 0x00, 0x00, 0x00, 0x00, 0xFE, 0x02, 0xFF, 0x80, 0x00, 0x00, 0x00,
    0xFE, 0x00, 0xBF, 0xD0, 0x00, 0x00, 0x00, 0xFE, 0x00, 0x2F, 0xF0, 0x00, 0x00, 0x00, 0xFE, 0x00,
    0x0B, 0xFC, 0x00, 0x00, 0x00, 0xFE, 0x00, 0x02, 0xFF, 0x00, 0x00, 0x00, 0xFE, 0x00, 0x00, 0xFF,
    0xC0, 0x00, 0x00, 0xFF, 0x00, 0x00, 0x3F, 0xF0, 0x00, 0x03, 0xFF, 0x80, 0x00, 0x2F, 0xFE, 0x00,
    0x3F, 0xFF, 0xFC, 0x03, 0xFF, 0xFF, 0xD0, 0x00, 0x00, 0x00, 0x00, 0x00, 0x00, 0x02, 0xFF, 0xFF,
    0xFF, 0xFF, 0xFE, 0x00, 0x0F, 0xFA, 0x1B, 0xFF, 0xC0, 0x00, 0x07, 0xE0, 0x00, 0xFF, 0x80, 0x00,
    0x03, 0xC0, 0x00, 0xBF, 0x80, 0x00, 0x03, 0xC0, 0x00, 0x3F, 0x80, 0x00, 0x03, 0xC0, 0x00, 0x3F,
    0x80, 0x00, 0x03, 0xC0, 0x00, 0x3F, 0x80, 0x00, 0x03, 0xC0, 0x00, 0x3F, 0x80, 0x00, 0x03, 0xC0,
    0x00, 0x3F, 0x80, 0x00, 0x03, 0xC0, 0x00, 0x3F, 0x80, 0x00, 0x03, 0xC0, 0x00, 0x3F, 0x80, 0x00,
    0x03, 0x80, 0x00, 0x3F, 0x80, 0x00, 0x03, 0x80, 0x00, 0x3F, 0x80, 0x00, 0x03, 0x80, 0x00, 0x3F,
    0x80, 0x00, 0x03, 0x80, 0x00, 0x3F, 0x80, 0x00, 0x03, 0x80, 0x00, 0x3F, 0x80, 0x00, 0x03, 0x80,
    0x00, 0x3F, 0x80, 0x00, 0x03, 0x80, 0x00, 0x3F, 0x80, 0x00, 0x03, 0x00, 0x00, 0x3F, 0x80, 0x18,
    0x0B, 0x00, 0x00, 0x3F, 0x80, 0x7F, 0x0B, 0x00, 0x00, 0x3F, 0x80, 0xBF, 0x0E, 0x00, 0x00, 0xBF,
    0x80, 0xBF, 0xFC, 0x00, 0x02, 0xFF, 0xE0, 0x3F, 0xF8, 0x00, 0x3F, 0xFF, 0xFE, 0x01, 0x40, 0x00,
    0x00, 0x00, 0x00, 0x00, 0x00, 0x00, 0x00, 0x00, 0x00, 0x00, 0x00, 0x3F, 0xFF, 0x00, 0x00, 0x00,
    0x00, 0xFF, 0xFC, 0x02, 0xFF, 0x80, 0x00, 0x00, 0x02, 0xFF, 0xC0, 0x00, 0xFF, 0xC0, 0x00, 0x00,
    0x03, 0xFF, 0x40, 0x00, 0xFF, 0xE0, 0x00, 0x00, 0x0B, 0xFF, 0x00, 0x00, 0xFF, 0xF0, 0x00, 0x00,
    0x0F, 0xFF, 0x00, 0x00, 0xFF, 0xF8, 0x00, 0x00, 0x1E, 0xBF, 0x00, 0x00, 0xF3, 0xFC, 0x00, 0x00,
    0x3C, 0xBF, 0x00, 0x00, 0xF3, 0xFE, 0x00, 0x00, 0x3C, 0xBF, 0x00, 0x00, 0xF1, 0xFF, 0x00, 0x00,
    0xB0, 0xBF, 0x00, 0x00, 0xF0, 0xFF, 0x40, 0x00, 0xF0, 0xBF, 0x00, 0x00, 0xF0, 0xBF, 0xC0, 0x02,
    0xE0, 0xBF, 0x00, 0x00, 0xF0, 0x3F, 0xC0, 0x03, 0xC0, 0xBF, 0x00, 0x00, 0xF0, 0x2F, 0xE0, 0x0B,
    0x80, 0xBF, 0x00, 0x00, 0xF0, 0x0F, 0xF0, 0x0F, 0x00, 0xBF, 0x00, 0x00, 0xF0, 0x0B, 0xF8, 0x0E,
    0x00, 0xBF, 0x00, 0x00, 0xF0, 0x03, 0xFC, 0x3C, 0x00, 0xBF, 0x00, 0x00, 0xF0, 0x02, 0xFE, 0x38,
    0x00, 0xBF, 0x00, 0x00, 0xF0, 0x00, 0xFF, 0xB0, 0x00, 0xBF, 0x00, 0x00, 0xF0, 0x00, 0xFF, 0xF0,
    0x00, 0xBF, 0x00, 0x00, 0xF0, 0x00, 0x3F, 0xD0, 0x00, 0xBF, 0x00, 0x00, 0xF0, 0x00, 0x3F, 0xC0,
    0x00, 0xBF, 0x00, 0x00, 0xF0, 0x00, 0x1F, 0x80, 0x00, 0xBF, 0x80, 0x03, 0xFC, 0x00, 0x0F, 0x00,
    0x02, 0xFF, 0xC0, 0x7F, 0xFF, 0xC0, 0x0A, 0x00, 0x2F, 0xFF, 0xFE, 0x00, 0x00, 0x00, 0x00, 0x00,
    0x00, 0x00, 0x3F, 0xFF, 0xF8, 0x02, 0xFF, 0xFF, 0xC0, 0x03, 0xFF, 0x80, 0x00, 0x2F, 0xFC, 0x00,
    0x00, 0xFF, 0x00, 0x00, 0x0B, 0xF0, 0x00, 0x00, 0xFE, 0x00, 0x00, 0x0B, 0xF0, 0x00, 0x00, 0xFE,
    0x00, 0x00, 0x0B, 0xF0, 0x00, 0x00, 0xFE, 0x00, 0x00, 0x0B, 0xF0, 0x00, 0x00, 0xFE, 0x00, 0x00,
    0x0B, 0xF0, 0x00, 0x00, 0xFE, 0x00, 0x00, 0x0B, 0xF0, 0x00, 0x00, 0xFE, 0x00, 0x00, 0x0B, 0xF0,
    0x00, 0x00, 0xFE, 0x00, 0x00, 0x0B, 0xF0, 0x00, 0x00, 0xFE, 0x00, 0x00, 0x0B, 0xF0, 0x00, 0x00,
    0xFF, 0xFF, 0xFF, 0xFF, 0xF0, 0x00, 0x00, 0xFF, 0xAA, 0xAA, 0xAF, 0xF0, 0x00, 0x00, 0xFE, 0x00,
    0x00, 0x0B, 0xF0, 0x00, 0x00, 0xFE, 0x00, 0x00, 0x0B, 0xF0, 0x00, 0x00, 0xFE, 0x00, 0x00, 0x0B,
    0xF0, 0x00, 0x00, 0xFE, 0x00, 0x00, 0x0B, 0xF0, 0x00, 0x00, 0xFE, 0x00, 0x00, 0x0B, 0xF0, 0x00,
    0x00, 0xFE, 0x00, 0x00, 0x0B, 0xF0, 0x00, 0x00, 0xFE, 0x00, 0x00, 0x0B, 0xF0, 0x00, 0x00, 0xFE,
    0x00, 0x00, 0x0B, 0xF0, 0x00, 0x00, 0xFF, 0x00, 0x00, 0x0F, 0xF4, 0x00, 0x03, 0xFF, 0x80, 0x00,
    0x2F, 0xFC, 0x00, 0x3F, 0xFF, 0xFC, 0x03, 0xFF, 0xFF, 0xD0, 0x00, 0x00, 0x0A, 0xA0, 0x00, 0x00,
    0x00, 0x03, 0xFF, 0xFF, 0xC0, 0x00, 0x00, 0x3F, 0xD0, 0x03, 0xF8, 0x00, 0x00, 0xFE, 0x00, 0x00,
    0xBF, 0x00, 0x03, 0xF8, 0x00, 0x00, 0x2F, 0xC0, 0x0F, 0xF0, 0x00, 0x00, 0x0F, 0xE0, 0x1F, 0xE0,
    0x00, 0x00, 0x0B, 0xF0, 0x3F, 0xC0, 0x00, 0x00, 0x03, 0xFC, 0x3F, 0xC0, 0x00, 0x00, 0x03, 0xFC,
    0xBF, 0x80, 0x00, 0x00, 0x02, 0xFE, 0xBF, 0x80, 0x00, 0x00, 0x02, 0xFE, 0xFF, 0x80, 0x00, 0x00,
    0x02, 0xFF, 0xFF, 0x40, 0x00, 0x00, 0x02, 0xFF, 0xFF, 0x80, 0x00, 0x00, 0x02, 0xFF, 0xFF, 0x80,
    0x00, 0x00, 0x02, 0xFE, 0xBF, 0x80, 0x00, 0x00, 0x02, 0xFE, 0xBF, 0x80, 0x00, 0x00, 0x02, 0xFD,
    0x3F, 0xC0, 0x00, 0x00, 0x03, 0xFC, 0x3F, 0xC0, 0x00, 0x00, 0x03, 0xFC, 0x0F, 0xE0, 0x00, 0x00,
    0x0F, 0xF0, 0x0B, 0xF0, 0x00, 0x00, 0x0F, 0xE0, 0x03, 0xFC, 0x00, 0x00, 0x3F, 0xC0, 0x00, 0xFE,
    0x00, 0x00, 0xFF, 0x00, 0x00, 0x2F, 0xE0, 0x0B, 0xF8, 0x00, 0x00, 0x02, 0xFF, 0xFF, 0x80, 0x00,
    0x00, 0x00, 0x01, 0x40, 0x00, 0x00, 0x00, 0x00, 0x00, 0x00, 0x00, 0x00, 0x00, 0x3F, 0xFF, 0xFF,
    0xFF, 0xFF, 0xFF, 0xC0, 0x03, 0xFF, 0xEA, 0xAA, 0xBF, 0xFC, 0x00, 0x00, 0xFF, 0x00, 0x00, 0x0F,
    0xF0, 0x00, 0x00, 0xFE, 0x00, 0x00, 0x0B, 0xF0, 0x00, 0x00, 0xFE, 0x00, 0x00, 0x0B, 0xF0, 0x00,
    0x00, 0xFE, 0x00, 0x00, 0x0B, 0xF0, 0x00, 0x00, 0xFE, 0x00, 0x00, 0x0B, 0xF0, 0x00, 0x00, 0xFE,
    0x00, 0x00, 0x0B, 0xF0, 0x00, 0x00, 0xFE, 0x00, 0x00, 0x0B, 0xF0, 0x00, 0x00, 0xFE, 0x00, 0x00,
    0x0B, 0xF0, 0x00, 0x00, 0xFE, 0x00, 0x00, 0x0B, 0xF0, 0x00, 0x00, 0xFE, 0x00, 0x00, 0x0B, 0xF0,
    0x00, 0x00, 0xFE, 0x00, 0x00, 0x0B, 0xF0, 0x00, 0x00, 0xFE, 0x00, 0x00, 0x0B, 0xF0, 0x00, 0x00,
    0xFE, 0x00, 0x00, 0x0B, 0xF0, 0x00, 0x00, 0xFE, 0x00, 0x00, 0x0B, 0xF0, 0x00, 0x00, 0xFE, 0x00,
    0x00, 0x0B, 0xF0, 0x00, 0x00, 0xFE, 0x00, 0x00, 0x0B, 0xF0, 0x00, 0x00, 0xFE, 0x00, 0x00, 0x0B,
    0xF0, 0x00, 0x00, 0xFE, 0x00, 0x00, 0x0B, 0xF0, 0x00, 0x00, 0xFE, 0x00, 0x00, 0x0B, 0xF0, 0x00,
    0x00, 0xFF, 0x00, 0x00, 0x0F, 0xF4, 0x00, 0x03, 0xFF, 0x80, 0x00, 0x2F, 0xFC, 0x00, 0x3F, 0xFF,
    0xFC, 0x03, 0xFF, 0xFF, 0xD0, 0x00, 0x00, 0x00, 0x00, 0x00, 0x7F, 0xFF, 0xFF, 0xE4, 0x00, 0x03,
    0xFF, 0xAB, 0xFF, 0x80, 0x02, 0xFC, 0x00, 0x2F, 0xF0, 0x02, 0xFC, 0x00, 0x0B, 0xFC, 0x02, 0xFC,
    0x00, 0x03, 0xFC, 0x02, 0xFC, 0x00, 0x02, 0xFE, 0x02, 0xFC, 0x00, 0x02, 0xFE, 0x02, 0xFC, 0x00,
    0x02, 0xFE, 0x02, 0xFC, 0x00, 0x03, 0xFC, 0x02, 0xFC, 0x00, 0x03, 0xFC, 0x02, 0xFC, 0x00, 0x0F,
    0xF0, 0x02, 0xFD, 0x00, 0xBF, 0xD0, 0x02, 0xFF, 0xFF, 0xFE, 0x00, 0x02, 0xFE, 0xA9, 0x00, 0x00,
    0x02, 0xFC, 0x00, 0x00, 0x00, 0x02, 0xFC, 0x00, 0x00, 0x00, 0x02, 0xFC, 0x00, 0x00, 0x00, 0x02,
    0xFC, 0x00, 0x00, 0x00, 0x02, 0xFC, 0x00, 0x00, 0x00, 0x02, 0xFC, 0x00, 0x00, 0x00, 0x02, 0xFC,
    0x00, 0x00, 0x00, 0x02, 0xFE, 0x00, 0x00, 0x00, 0x0B, 0xFF, 0x40, 0x00, 0x00, 0xBF, 0xFF, 0xF8,
    0x00, 0x00, 0x00, 0x00, 0x06, 0xA4, 0x00, 0x80, 0x00, 0x02, 0xFF, 0xFF, 0xE2, 0xC0, 0x00, 0x2F,
    0xF4, 0x02, 0xFF, 0xC0, 0x00, 0xFF, 0x40, 0x00, 0x2F, 0xD0, 0x03, 0xFC, 0x00, 0x00, 0x0B, 0xE0,
    0x0B, 0xF4, 0x00, 0x00, 0x03, 0xE0, 0x0F, 0xF0, 0x00, 0x00, 0x01, 0xE0, 0x3F, 0xC0, 0x00, 0x00,
    0x00, 0xE0, 0x3F, 0xC0, 0x00, 0x00, 0x00, 0x90, 0xBF, 0xC0, 0x00, 0x00, 0x00, 0x00, 0xBF, 0x80,
    0x00, 0x00, 0x00, 0x00, 0xFF, 0x80, 0x00, 0x00, 0x00, 0x00, 0xFF, 0x80, 0x00, 0x00, 0x00, 0x00,
    0xFF, 0x80, 0x00, 0x00, 0x00, 0x00, 0xFF, 0x80, 0x00, 0x00, 0x00, 0x00, 0xBF, 0x80, 0x00, 0x00,
    0x00, 0x00, 0xBF, 0xC0, 0x00, 0x00, 0x00, 0x00, 0x3F, 0xC0, 0x00, 0x00, 0x00, 0x00, 0x3F, 0xE0,
    0x00, 0x00, 0x00, 0x00, 0x0F, 0xF0, 0x00, 0x00, 0x00, 0x00, 0x0F, 0xF8, 0x00, 0x00, 0x00, 0x70,
    0x03, 0xFE, 0x00, 0x00, 0x02, 0xE0, 0x00, 0xFF, 0xC0, 0x00, 0x0F, 0x40, 0x00, 0x2F, 0xFE, 0x5A,
    0xFC, 0x00, 0x00, 0x02, 0xFF, 0xFF, 0x80, 0x00, 0x00, 0x00, 0x01, 0x80, 0x00, 0x00, 0x00, 0x00,
    0x00, 0x00, 0x00, 0x00, 0x3F, 0xFF, 0xFF, 0xFF, 0xFF, 0xC0, 0x3F, 0xFA, 0xBF, 0xEA, 0xBF, 0xC0,
    0x3E, 0x00, 0x3F, 0xC0, 0x03, 0xC0, 0x38, 0x00, 0x3F, 0xC0, 0x01, 0xD0, 0x70, 0x00, 0x3F, 0xC0,
    0x00, 0xE0, 0x70, 0x00, 0x3F, 0xC0, 0x00, 0xA0, 0x00, 0x00, 0x3F, 0xC0, 0x00, 0x00, 0x00, 0x00,
    0x3F, 0xC0, 0x00, 0x00, 0x00, 0x00, 0x3F, 0xC0, 0x00, 0x00, 0x00, 0x00, 0x3F, 0xC0, 0x00, 0x00,
    0x00, 0x00, 0x3F, 0xC0, 0x00, 0x00, 0x00, 0x00, 0x3F, 0xC0, 0x00, 0x00, 0x00, 0x00, 0x3F, 0xC0,
    0x00, 0x00, 0x00, 0x00, 0x3F, 0xC0, 0x00, 0x00, 0x00, 0x00, 0x3F, 0xC0, 0x00, 0x00, 0x00, 0x00,
    0x3F, 0xC0, 0x00, 0x00, 0x00, 0x00, 0x3F, 0xC0, 0x00, 0x00, 0x00, 0x00, 0x3F, 0xC0, 0x00, 0x00,
    0x00, 0x00, 0x3F, 0xC0, 0x00, 0x00, 0x00, 0x00, 0x3F, 0xC0, 0x00, 0x00, 0x00, 0x00, 0x3F, 0xC0,
    0x00, 0x00, 0x00, 0x00, 0x3F, 0xC0, 0x00, 0x00, 0x00, 0x00, 0xFF, 0xE0, 0x00, 0x00, 0x00, 0x0F,
    0xFF, 0xFF, 0x00, 0x00, 0x00, 0x00, 0x00, 0x00, 0x00, 0x00, 0x00, 0xBF, 0xFF, 0xFE, 0x00, 0x07,
    0xFF, 0xF8, 0x07, 0xFF, 0xC0, 0x00, 0x00, 0x3F, 0x80, 0x00, 0xFF, 0xC0, 0x00, 0x00, 0x3D, 0x00,
    0x00, 0x3F, 0xE0, 0x00, 0x00, 0xB8, 0x00, 0x00, 0x2F, 0xF0, 0x00, 0x00, 0xF0, 0x00, 0x00, 0x0F,
    0xFC, 0x00, 0x02, 0xE0, 0x00, 0x00, 0x03, 0xFE, 0x00, 0x03, 0xC0, 0x00, 0x00, 0x02, 0xFF, 0x00,
    0x0B, 0x80, 0x00, 0x00, 0x00, 0xFF, 0xC0, 0x0F, 0x00, 0x00, 0x00, 0x00, 0x3F, 0xE0, 0x2D, 0x00,
    0x00, 0x00, 0x00, 0x2F, 0xF0, 0x3C, 0x00, 0x00, 0x00, 0x00, 0x0F, 0xFC, 0xB0, 0x00, 0x00, 0x00,
    0x00, 0x03, 0xFE, 0xF0, 0x00, 0x00, 0x00, 0x00, 0x02, 0xFF, 0xC0, 0x00, 0x00, 0x00, 0x00, 0x00,
    0xFF, 0xC0, 0x00, 0x00, 0x00, 0x00, 0x00, 0x3F, 0x00, 0x00, 0x00, 0x00, 0x00, 0x00, 0x2E, 0x00,
    0x00, 0x00, 0x00, 0x00, 0x00, 0x2C, 0x00, 0x00, 0x00, 0x00, 0x00, 0x00, 0x38, 0x00, 0x00, 0x00,
    0x00, 0x00, 0x00, 0xF0, 0x00, 0x00, 0x00, 0x00, 0x3F, 0x00, 0xE0, 0x00, 0x00, 0x00, 0x00, 0x3F,
    0xC3, 0xC0, 0x00, 0x00, 0x00, 0x00, 0x3F, 0xFF, 0x00, 0x00, 0x00, 0x00, 0x00, 0x2F, 0xFC, 0x00,
    0x00, 0x00, 0x00, 0x00, 0x00, 0x40, 0x00, 0x00, 0x00, 0x00, 0x00, 0x00, 0x00, 0x00, 0x00, 0x00,
    0x00, 0x00, 0x00, 0xBF, 0xFF, 0xF8, 0x00, 0x00, 0x00, 0x00, 0x03, 0xFF, 0x00, 0x00, 0x00, 0x00,
    0x00, 0x02, 0xFE, 0x00, 0x00, 0x00, 0x00, 0x00, 0x02, 0xFD, 0x00, 0x00, 0x00, 0x00, 0x00, 0xAF,
    0xFF, 0xE8, 0x00, 0x00, 0x00, 0x2F, 0xEA, 0xFE, 0xAF, 0xE0, 0x00, 0x02, 0xFE, 0x02, 0xFD, 0x02,
    0xFD, 0x00, 0x0B, 0xF8, 0x02, 0xFD, 0x00, 0xBF, 0x40, 0x0F, 0xF0, 0x02, 0xFD, 0x00, 0x3F, 0xC0,
    0x2F, 0xE0, 0x02, 0xFD, 0x00, 0x2F, 0xE0, 0x3F, 0xC0, 0x02, 0xFD, 0x00, 0x1F, 0xF0, 0x3F, 0xC0,
    0x02, 0xFD, 0x00, 0x0F, 0xF0, 0x3F, 0xC0, 0x02, 0xFD, 0x00, 0x0F, 0xF0, 0x3F, 0xC0, 0x02, 0xFD,
    0x00, 0x1F, 0xF0, 0x2F, 0xE0, 0x02, 0xFD, 0x00, 0x2F, 0xE0, 0x0F, 0xF0, 0x02, 0xFD, 0x00, 0x3F,
    0xC0, 0x03, 0xFC, 0x02, 0xFD, 0x00, 0xFF, 0x00, 0x00, 0xFF, 0x02, 0xFD, 0x03, 0xFC, 0x00, 0x00,
    0x2F, 0xFA, 0xFE, 0xBF, 0xE0, 0x00, 0x00, 0x00, 0xAB, 0xFF, 0xA4, 0x00, 0x00, 0x00, 0x00, 0x02,
    0xFD, 0x00, 0x00, 0x00, 0x00, 0x00, 0x02, 0xFE, 0x00, 0x00, 0x00, 0x00, 0x00, 0x0B, 0xFF, 0x40,
    0x00, 0x00, 0x00, 0x00, 0xBF, 0xFF, 0xF8, 0x00, 0x00, 0x00, 0x00, 0x00, 0x00, 0x00, 0x00, 0x00,
    0x3F, 0xFF, 0xFE, 0x00, 0xBF, 0xFF, 0xC0, 0x03, 0xFF, 0xC0, 0x00, 0x03, 0xFC, 0x00, 0x00, 0xFF,
    0xC0, 0x00, 0x03, 0xE0, 0x00, 0x00, 0x3F, 0xF0, 0x00, 0x0F, 0x80, 0x00, 0x00, 0x0F, 0xF4, 0x00,
    0x2E, 0x00, 0x00, 0x00, 0x07, 0xFC, 0x00, 0xBC, 0x00, 0x00, 0x00, 0x02, 0xFE, 0x00, 0xF0, 0x00,
    0x00, 0x00, 0x00, 0xFF, 0x83, 0xC0, 0x00, 0x00, 0x00, 0x00, 0x3F, 0xCF, 0x00, 0x00, 0x00, 0x00,
    0x00, 0x2F, 0xFE, 0x00, 0x00, 0x00, 0x00, 0x00, 0x0F, 0xFC, 0x00, 0x00, 0x00, 0x00, 0x00, 0x03,
    0xFC, 0x00, 0x00, 0x00, 0x00, 0x00, 0x03, 0xFF, 0x00, 0x00, 0x00, 0x00, 0x00, 0x0F, 0xFF, 0x80,
    0x00, 0x00, 0x00, 0x00, 0x3E, 0x3F, 0xD0, 0x00, 0x00, 0x00, 0x00, 0xBC, 0x2F, 0xF0, 0x00, 0x00,
    0x00, 0x02, 0xF0, 0x0F, 0xFC, 0x00, 0x00, 0x00, 0x03, 0xC0, 0x03, 0xFE, 0x00, 0x00, 0x00, 0x0F,
    0x40, 0x02, 0xFF, 0x00, 0x00, 0x00, 0x3E, 0x00, 0x00, 0xFF, 0xC0, 0x00, 0x00, 0xBC, 0x00, 0x00,
    0x3F, 0xE0, 0x00, 0x02, 0xF0, 0x00, 0x00, 0x3F, 0xF8, 0x00, 0x0F, 0xF8, 0x00, 0x00, 0x3F, 0xFE,
    0x00, 0xBF, 0xFF, 0xC0, 0x03, 0xFF, 0xFF, 0xE0, 0x00, 0x00, 0x00, 0x00, 0x00, 0x00, 0x00, 0x3F,
    0xFF, 0xF8, 0x02, 0xFF, 0xFF, 0xC0, 0x03, 0xFF, 0x80, 0x00, 0x2F, 0xFC, 0x00, 0x00, 0xFF, 0x00,
    0x00, 0x0B, 0xF0, 0x00, 0x00, 0xFE, 0x00, 0x00, 0x0B, 0xF0, 0x00, 0x00, 0xFE, 0x00, 0x00, 0x0B,
    0xF0, 0x00, 0x00, 0xFE, 0x00, 0x00, 0x0B, 0xF0, 0x00, 0x00, 0xFE, 0x00, 0x00, 0x0B, 0xF0, 0x00,
    0x00, 0xFE, 0x00, 0x00, 0x0B, 0xF0, 0x00, 0x00, 0xFE, 0x00, 0x00, 0x0B, 0xF0, 0x00, 0x00, 0xFE,
    0x00, 0x00, 0x0B, 0xF0, 0x00, 0x00, 0xFE, 0x00, 0x00, 0x0B, 0xF0, 0x00, 0x00, 0xFE, 0x00, 0x00,
    0x0B, 0xF0, 0x00, 0x00, 0xFE, 0x00, 0x00, 0x0B, 0xF0, 0x00, 0x00, 0xFE, 0x00, 0x00, 0x0B, 0xF0,
    0x00, 0x00, 0xFE, 0x00, 0x00, 0x0B, 0xF0, 0x00, 0x00, 0xFE, 0x00, 0x00, 0x0B, 0xF0, 0x00, 0x00,
    0xFE, 0x00, 0x00, 0x0B, 0xF0, 0x00, 0x00, 0xFE, 0x00, 0x00, 0x0B, 0xF0, 0x00, 0x00, 0xFE, 0x00,
    0x00, 0x0B, 0xF0, 0x00, 0x00, 0xFE, 0x00, 0x00, 0x0B, 0xF0, 0x00, 0x00, 0xFE, 0x00, 0x00, 0x0B,
    0xF4, 0x00, 0x00, 0xFF, 0x00, 0x00, 0x0F, 0xF8, 0x00, 0x03, 0xFF, 0xFA, 0xAA, 0xFF, 0xFE, 0x40,
    0x3F, 0xFF, 0xFF, 0xFF, 0xFF, 0xFF, 0xF0, 0x00, 0x00, 0x00, 0x00, 0x00, 0x0B, 0xF0, 0x00, 0x00,
    0x00, 0x00, 0x00, 0x03, 0xF0, 0x00, 0x00, 0x00, 0x00, 0x00, 0x00, 0xF0, 0x00, 0x00, 0x00, 0x00,
    0x00, 0x00, 0xF0, 0x00, 0x00, 0x00, 0x00, 0x00, 0x00, 0xB0, 0x00, 0x00, 0x00, 0x00, 0x00, 0x00,
    0x30, 0x00, 0x00, 0x00, 0x00, 0x00, 0x00, 0x20, 0x00, 0x00, 0x00, 0x00, 0x00, 0x00, 0x00, 0xBF,
    0xFF, 0xF8, 0x0F, 0xFF, 0xFF, 0x00, 0x03, 0xFF, 0x00, 0x00, 0xBF, 0xF0, 0x00, 0x02, 0xFE, 0x00,
    0x00, 0x3F, 0xC0, 0x00, 0x01, 0xFE, 0x00, 0x00, 0x3F, 0xC0, 0x00, 0x01, 0xFE, 0x00, 0x00, 0x3F,
    0xC0, 0x00, 0x01, 0xFE, 0x00, 0x00, 0x3F, 0xC0, 0x00, 0x01, 0xFE, 0x00, 0x00, 0x3F, 0xC0, 0x00,
    0x01, 0xFE, 0x00, 0x00, 0x3F, 0xC0, 0x00, 0x01, 0xFE, 0x00, 0x00, 0x3F, 0xC0, 0x00, 0x00, 0xFE,
    0x00, 0x00, 0x3F, 0xC0, 0x00, 0x00, 0xFF, 0x00, 0x00, 0x3F, 0xC0, 0x00, 0x00, 0xFF, 0x80, 0x00,
    0x7F, 0xC0, 0x00, 0x00, 0x3F, 0xFA, 0xAF, 0xFF, 0xC0, 0x00, 0x00, 0x0B, 0xFF, 0xE4, 0x3F, 0xC0,
    0x00, 0x00, 0x00, 0x00, 0x00, 0x3F, 0xC0, 0x00, 0x00, 0x00, 0x00, 0x00, 0x3F, 0xC0, 0x00, 0x00,
    0x00, 0x00, 0x00, 0x3F, 0xC0, 0x00, 0x00, 0x00, 0x00, 0x00, 0x3F, 0xC0, 0x00, 0x00, 0x00, 0x00,
    0x00, 0x3F, 0xC0, 0x00, 0x00, 0x00, 0x00, 0x00, 0x3F, 0xC0, 0x00, 0x00, 0x00, 0x00, 0x00, 0x3F,
    0xC0, 0x00, 0x00, 0x00, 0x00, 0x00, 0x3F, 0xC0, 0x00, 0x00, 0x00, 0x00, 0x00, 0xBF, 0xF0, 0x00,
    0x00, 0x00, 0x00, 0x0F, 0xFF, 0xFF, 0x00, 0x00, 0x00, 0x00, 0x00, 0x00, 0x00, 0x00, 0x00, 0x00,
    0x3F, 0xFF, 0xF0, 0xFF, 0xFF, 0xC3, 0xFF, 0xFF, 0x00, 0x03, 0xFF, 0x00, 0x0F, 0xFC, 0x00, 0x3F,
    0xF0, 0x00, 0x00, 0xFE, 0x00, 0x0B, 0xF8, 0x00, 0x2F, 0xD0, 0x00, 0x00, 0xFE, 0x00, 0x07, 0xF8,
    0x00, 0x2F, 0xC0, 0x00, 0x00, 0xFE, 0x00, 0x07, 0xF8, 0x00, 0x2F, 0xC0, 0x00, 0x00, 0xFE, 0x00,
    0x07, 0xF8, 0x00, 0x2F, 0xC0, 0x00, 0x00, 0xFE, 0x00, 0x07, 0xF8, 0x00, 0x2F, 0xC0, 0x00, 0x00,
    0xFE, 0x00, 0x07, 0xF8, 0x00, 0x2F, 0xC0, 0x00, 0x00, 0xFE, 0x00, 0x07, 0xF8, 0x00, 0x2F, 0xC0,
    0x00, 0x00, 0xFE, 0x00, 0x07, 0xF8, 0x00, 0x2F, 0xC0, 0x00, 0x00, 0xFE, 0x00, 0x07, 0xF8, 0x00,
    0x2F, 0xC0, 0x00, 0x00, 0xFE, 0x00, 0x07, 0xF8, 0x00, 0x2F, 0xC0, 0x00, 0x00, 0xFE, 0x00, 0x07,
    0xF8, 0x00, 0x2F, 0xC0, 0x00, 0x00, 0xFE, 0x00, 0x07, 0xF8, 0x00, 0x2F, 0xC0, 0x00, 0x00, 0xFE,
    0x00, 0x07, 0xF8, 0x00, 0x2F, 0xC0, 0x00, 0x00, 0xFE, 0x00, 0x07, 0xF8, 0x00, 0x2F, 0xC0, 0x00,
    0x00, 0xFE, 0x00, 0x07, 0xF8, 0x00, 0x2F, 0xC0, 0x00, 0x00, 0xFE, 0x00, 0x07, 0xF8, 0x00, 0x2F,
    0xC0, 0x00, 0x00, 0xFE, 0x00, 0x07, 0xF8, 0x00, 0x2F, 0xC0, 0x00, 0x00, 0xFE, 0x00, 0x07, 0xF8,
    0x00, 0x2F, 0xC0, 0x00, 0x00, 0xFF, 0x00, 0x0B, 0xF8, 0x00, 0x2F, 0xC0, 0x00, 0x00, 0xFF, 0x00,
    0x0F, 0xFC, 0x00, 0x3F, 0xD0, 0x00, 0x03, 0xFF, 0xEA, 0xBF, 0xFF, 0xAA, 0xFF, 0xF0, 0x00, 0x3F,
    0xFF, 0xFF, 0xFF, 0xFF, 0xFF, 0xFF, 0xFF, 0x40, 0x00, 0x00, 0x00, 0x00, 0x00, 0x00, 0x00, 0x00,
    0x00, 0x3F, 0xFF, 0xF0, 0xFF, 0xFF, 0xC3, 0xFF, 0xFF, 0x00, 0x03, 0xFF, 0x00, 0x0F, 0xFC, 0x00,
    0x3F, 0xF0, 0x00, 0x00, 0xFE, 0x00, 0x0B, 0xF8, 0x00, 0x2F, 0xD0, 0x00, 0x00, 0xFE, 0x00, 0x07,
    0xF8, 0x00, 0x2F, 0xC0, 0x00, 0x00, 0xFE, 0x00, 0x07, 0xF8, 0x00, 0x2F, 0xC0, 0x00, 0x00, 0xFE,
    0x00, 0x07, 0xF8, 0x00, 0x2F, 0xC0, 0x00, 0x00, 0xFE, 0x00, 0x07, 0xF8, 0x00, 0x2F, 0xC0, 0x00,
    0x00, 0xFE, 0x00, 0x07, 0xF8, 0x00, 0x2F, 0xC0, 0x00, 0x00, 0xFE, 0x00, 0x07, 0xF8, 0x00, 0x2F,
    0xC0, 0x00, 0x00, 0xFE, 0x00, 0x07, 0xF8, 0x00, 0x2F, 0xC0, 0x00, 0x00, 0xFE, 0x00, 0x07, 0xF8,
    0x00, 0x2F, 0xC0, 0x00, 0x00, 0xFE, 0x00, 0x07, 0xF8, 0x00, 0x2F, 0xC0, 0x00, 0x00, 0xFE, 0x00,
    0x07, 0xF8, 0x00, 0x2F, 0xC0, 0x00, 0x00, 0xFE, 0x00, 0x07, 0xF8, 0x00, 0x2F, 0xC0, 0x00, 0x00,
    0xFE, 0x00, 0x07, 0xF8, 0x00, 0x2F, 0xC0, 0x00, 0x00, 0xFE, 0x00, 0x07, 0xF8, 0x00, 0x2F, 0xC0,
    0x00, 0x00, 0xFE, 0x00, 0x07, 0xF8, 0x00, 0x2F, 0xC0, 0x00, 0x00, 0xFE, 0x00, 0x07, 0xF8, 0x00,
    0x2F, 0xC0, 0x00, 0x00, 0xFE, 0x00, 0x07, 0xF8, 0x00, 0x2F, 0xC0, 0x00, 0x00, 0xFE, 0x00, 0x07,
    0xF8, 0x00, 0x2F, 0xC0, 0x00, 0x00, 0xFF, 0x00, 0x0B, 0xF8, 0x00, 0x2F, 0xD0, 0x00, 0x00, 0xFF,
    0x00, 0x0F, 0xFC, 0x00, 0x3F, 0xE0, 0x00, 0x03, 0xFF, 0xEA, 0xBF, 0xFF, 0xAA, 0xFF, 0xF9, 0x00,
    0x3F, 0xFF, 0xFF, 0xFF, 0xFF, 0xFF, 0xFF, 0xFF, 0xC0, 0x00, 0x00, 0x00, 0x00, 0x00, 0x00, 0x00,
    0x2F, 0xC0, 0x00, 0x00, 0x00, 0x00, 0x00, 0x00, 0x00, 0x0F, 0xC0, 0x00, 0x00, 0x00, 0x00, 0x00,
    0x00, 0x00, 0x03, 0xC0, 0x00, 0x00, 0x00, 0x00, 0x00, 0x00, 0x00, 0x03, 0xC0, 0x00, 0x00, 0x00,
    0x00, 0x00, 0x00, 0x00, 0x02, 0xC0, 0x00, 0x00, 0x00, 0x00, 0x00, 0x00, 0x00, 0x00, 0xC0, 0x00,
    0x00, 0x00, 0x00, 0x00, 0x00, 0x00, 0x00, 0x80, 0x00, 0x00, 0x00, 0x00, 0x00, 0x00, 0x00, 0xBF,
    0xFF, 0xFF, 0xFE, 0x00, 0x00, 0x00, 0xBF, 0xFA, 0xFF, 0xC0, 0x00, 0x00, 0x00, 0xBC, 0x00, 0xBF,
    0x80, 0x00, 0x00, 0x00, 0xB0, 0x00, 0xBF, 0x00, 0x00, 0x00, 0x00, 0xB0, 0x00, 0xBF, 0x00, 0x00,
    0x00, 0x00, 0xA0, 0x00, 0xBF, 0x00, 0x00, 0x00, 0x00, 0x00, 0x00, 0xBF, 0x00, 0x00, 0x00, 0x00,
    0x00, 0x00, 0xBF, 0x00, 0x00, 0x00, 0x00, 0x00, 0x00, 0xBF, 0x00, 0x00, 0x00, 0x00, 0x00, 0x00,
    0xBF, 0x00, 0x00, 0x00, 0x00, 0x00, 0x00, 0xBF, 0xAA, 0xA4, 0x00, 0x00, 0x00, 0x00, 0xBF, 0xFF,
    0xFF, 0xF4, 0x00, 0x00, 0x00, 0xBF, 0x00, 0x0B, 0xFF, 0x00, 0x00, 0x00, 0xBF, 0x00, 0x00, 0xBF,
    0xC0, 0x00, 0x00, 0xBF, 0x00, 0x00, 0x3F, 0xE0, 0x00, 0x00, 0xBF, 0x00, 0x00, 0x2F, 0xF0, 0x00,
    0x00, 0xBF, 0x00, 0x00, 0x0F, 0xF0, 0x00, 0x00, 0xBF, 0x00, 0x00, 0x0F, 0xF0, 0x00, 0x00, 0xBF,
    0x00, 0x00, 0x0F, 0xF0, 0x00, 0x00, 0xBF, 0x00, 0x00, 0x2F, 0xE0, 0x00, 0x00, 0xBF, 0x00, 0x00,
    0x3F, 0xC0, 0x00, 0x00, 0xBF, 0x80, 0x02, 0xFF, 0x40, 0x00, 0x02, 0xFF, 0xFA, 0xBF, 0xFC, 0x00,
    0x00, 0x2F, 0xFF, 0xFF, 0xFE, 0x80, 0x00, 0x00, 0x00, 0x00, 0x00, 0x00, 0x00, 0x00, 0x00, 0x00,
    0x3F, 0xFF, 0xFC, 0x00, 0x00, 0x0B, 0xFF, 0xFF, 0x80, 0x03, 0xFF, 0x80, 0x00, 0x00, 0x00, 0x3F,
    0xF0, 0x00, 0x00, 0xFF, 0x00, 0x00, 0x00, 0x00, 0x2F, 0xE0, 0x00, 0x00, 0xFE, 0x00, 0x00, 0x00,
    0x00, 0x2F, 0xE0, 0x00, 0x00, 0xFE, 0x00, 0x00, 0x00, 0x00, 0x2F, 0xE0, 0x00, 0x00, 0xFE, 0x00,
    0x00, 0x00, 0x00, 0x2F, 0xE0, 0x00, 0x00, 0xFE, 0x00, 0x00, 0x00, 0x00, 0x2F, 0xE0, 0x00, 0x00,
    0xFE, 0x00, 0x00, 0x00, 0x00, 0x2F, 0xE0, 0x00, 0x00, 0xFE, 0x00, 0x00, 0x00, 0x00, 0x2F, 0xE0,
    0x00, 0x00, 0xFE, 0x00, 0x00, 0x00, 0x00, 0x2F, 0xE0, 0x00, 0x00, 0xFF, 0xAA, 0xA0, 0x00, 0x00,
    0x2F, 0xE0, 0x00, 0x00, 0xFF, 0xFF, 0xFF, 0xE0, 0x00, 0x2F, 0xE0, 0x00, 0x00, 0xFE, 0x00, 0x2F,
    0xFD, 0x00, 0x2F, 0xE0, 0x00, 0x00, 0xFE, 0x00, 0x02, 0xFF, 0x00, 0x2F, 0xE0, 0x00, 0x00, 0xFE,
    0x00, 0x00, 0xBF, 0xC0, 0x2F, 0xE0, 0x00, 0x00, 0xFE, 0x00, 0x00, 0x3F, 0xC0, 0x2F, 0xE0, 0x00,
    0x00, 0xFE, 0x00, 0x00, 0x3F, 0xC0, 0x2F, 0xE0, 0x00, 0x00, 0xFE, 0x00, 0x00, 0x3F, 0xC0, 0x2F,
    0xE0, 0x00, 0x00, 0xFE, 0x00, 0x00, 0x3F, 0xC0, 0x2F, 0xE0, 0x00, 0x00, 0xFE, 0x00, 0x00, 0x3F,
    0xC0, 0x2F, 0xE0, 0x00, 0x00, 0xFE, 0x00, 0x00, 0xFF, 0x80, 0x2F, 0xE0, 0x00, 0x00, 0xFF, 0x00,
    0x03, 0xFE, 0x00, 0x2F, 0xE0, 0x00, 0x03, 0xFF, 0xEA, 0xBF, 0xF8, 0x00, 0xBF, 0xF8, 0x00, 0x3F,
    0xFF, 0xFF, 0xFA, 0x00, 0x0B, 0xFF, 0xFF, 0x80, 0x00, 0x00, 0x00, 0x00, 0x00, 0x00, 0x3F, 0xFF,
    0xFC, 0x00, 0x00, 0x00, 0x03, 0xFF, 0x80, 0x00, 0x00, 0x00, 0x00, 0xFF, 0x00, 0x00, 0x00, 0x00,
    0x00, 0xFE, 0x00, 0x00, 0x00, 0x00, 0x00, 0xFE, 0x00, 0x00, 0x00, 0x00, 0x00, 0xFE, 0x00, 0x00,
    0x00, 0x00, 0x00, 0xFE, 0x00, 0x00, 0x00, 0x00, 0x00, 0xFE, 0x00, 0x00, 0x00, 0x00, 0x00, 0xFE,
    0x00, 0x00, 0x00, 0x00, 0x00, 0xFE, 0x00, 0x00, 0x00, 0x00, 0x00, 0xFF, 0xAA, 0xA0, 0x00, 0x00,
    0x00, 0xFF, 0xFF, 0xFF, 0xE0, 0x00, 0x00, 0xFE, 0x00, 0x2F, 0xFD, 0x00, 0x00, 0xFE, 0x00, 0x02,
    0xFF, 0x00, 0x00, 0xFE, 0x00, 0x00, 0xBF, 0xC0, 0x00, 0xFE, 0x00, 0x00, 0x3F, 0xC0, 0x00, 0xFE,
    0x00, 0x00, 0x3F, 0xC0, 0x00, 0xFE, 0x00, 0x00, 0x3F, 0xC0, 0x00, 0xFE, 0x00, 0x00, 0x3F, 0xC0,
    0x00, 0xFE, 0x00, 0x00, 0x3F, 0xC0, 0x00, 0xFE, 0x00, 0x00, 0xFF, 0x80, 0x00, 0xFF, 0x00, 0x03,
    0xFE, 0x00, 0x03, 0xFF, 0xEA, 0xBF, 0xF8, 0x00, 0x3F, 0xFF, 0xFF, 0xFA, 0x00, 0x00, 0x08, 0x00,
    0x6A, 0x40, 0x00, 0x00, 0x0E, 0x2F, 0xFF, 0xFE, 0x00, 0x00, 0x0F, 0xFE, 0x00, 0xBF, 0xE0, 0x00,
    0x1F, 0xE0, 0x00, 0x03, 0xFC, 0x00, 0x1F, 0x80, 0x00, 0x00, 0xFF, 0x00, 0x2F, 0x00, 0x00, 0x00,
    0x7F, 0x80, 0x2D, 0x00, 0x00, 0x00, 0x3F, 0xC0, 0x2C, 0x00, 0x00, 0x00, 0x0F, 0xF0, 0x18, 0x00,
    0x00, 0x00, 0x0F, 0xF0, 0x00, 0x00, 0x00, 0x00, 0x0F, 0xF8, 0x00, 0x00, 0x00, 0x00, 0x0B, 0xF8,
    0x00, 0x00, 0x2A, 0xAA, 0xAF, 0xFC, 0x00, 0x00, 0xBF, 0xFF, 0xFF, 0xFC, 0x00, 0x00, 0x00, 0x00,
    0x0B, 0xFC, 0x00, 0x00, 0x00, 0x00, 0x0B, 0xFC, 0x00, 0x00, 0x00, 0x00, 0x0B, 0xF8, 0x00, 0x00,
    0x00, 0x00, 0x0F, 0xF8, 0x00, 0x00, 0x00, 0x00, 0x0F, 0xF0, 0x00, 0x00, 0x00, 0x00, 0x2F, 0xF0,
    0x00, 0x00, 0x00, 0x00, 0x3F, 0xD0, 0x34, 0x00, 0x00, 0x00, 0xBF, 0xC0, 0x2E, 0x00, 0x00, 0x02,
    0xFF, 0x00, 0x03, 0xC0, 0x00, 0x0B, 0xFC, 0x00, 0x00, 0xBE, 0x96, 0xFF, 0xE0, 0x00, 0x00, 0x0B,
    0xFF, 0xFE, 0x00, 0x00, 0x00, 0x00, 0x09, 0x00, 0x00, 0x00, 0x00, 0x00, 0x00, 0x00, 0x01, 0xA9,
    0x00, 0x00, 0x00, 0x3F, 0xFF, 0xF8, 0x00, 0x3F, 0xFF, 0xF8, 0x00, 0x00, 0x03, 0xFF, 0x80, 0x02,
    0xFE, 0x00, 0xBF, 0x00, 0x00, 0x00, 0xFF, 0x00, 0x0B, 0xF0, 0x00, 0x1F, 0xC0, 0x00, 0x00, 0xFE,
    0x00, 0x2F, 0xC0, 0x00, 0x0B, 0xF0, 0x00, 0x00, 0xFE, 0x00, 0x3F, 0x80, 0x00, 0x03, 0xF8, 0x00,
    0x00, 0xFE, 0x00, 0xBF, 0x00, 0x00, 0x02, 0xFC, 0x00, 0x00, 0xFE, 0x00, 0xFF, 0x00, 0x00, 0x00,
    0xFE, 0x00, 0x00, 0xFE, 0x00, 0xFE, 0x00, 0x00, 0x00, 0xFF, 0x00, 0x00, 0xFE, 0x02, 0xFE, 0x00,
    0x00, 0x00, 0xFF, 0x00, 0x00, 0xFE, 0x02, 0xFC, 0x00, 0x00, 0x00, 0xBF, 0x40, 0x00, 0xFE, 0x03,
    0xFC, 0x00, 0x00, 0x00, 0xBF, 0x80, 0x00, 0xFF, 0xFF, 0xFC, 0x00, 0x00, 0x00, 0xBF, 0x80, 0x00,
    0xFF, 0xAB, 0xFC, 0x00, 0x00, 0x00, 0xBF, 0x80, 0x00, 0xFE, 0x03, 0xFC, 0x00, 0x00, 0x00, 0xBF,
    0x80, 0x00, 0xFE, 0x02, 0xFC, 0x00, 0x00, 0x00, 0xBF, 0x40, 0x00, 0xFE, 0x02, 0xFE, 0x00, 0x00,
    0x00, 0xFF, 0x00, 0x00, 0xFE, 0x00, 0xFE, 0x00, 0x00, 0x00, 0xFF, 0x00, 0x00, 0xFE, 0x00, 0xFF,
    0x00, 0x00, 0x00, 0xFE, 0x00, 0x00, 0xFE, 0x00, 0xBF, 0x00, 0x00, 0x02, 0xFC, 0x00, 0x00, 0xFE,
    0x00, 0x3F, 0x80, 0x00, 0x03, 0xF8, 0x00, 0x00, 0xFE, 0x00, 0x2F, 0xC0, 0x00, 0x0B, 0xF0, 0x00,
    0x00, 0xFF, 0x00, 0x0B, 0xF0, 0x00, 0x2F, 0xC0, 0x00, 0x03, 0xFF, 0x80, 0x02, 0xFE, 0x00, 0xFF,
    0x00, 0x00, 0x3F, 0xFF, 0xFC, 0x00, 0x2F, 0xFF, 0xF4, 0x00, 0x00, 0x00, 0x00, 0x00, 0x00, 0x00,
    0x24, 0x00, 0x00, 0x00, 0x00, 0x00, 0x00, 0x00, 0x00, 0x00, 0x00, 0x00, 0x00, 0xBF, 0xFF, 0xFF,
    0xFF, 0x00, 0x00, 0x0F, 0xFE, 0x96, 0xFF, 0xC0, 0x00, 0x00, 0x3F, 0xE0, 0x00, 0xBF, 0x80, 0x00,
    0x00, 0xFF, 0x80, 0x00, 0xBF, 0x00, 0x00, 0x00, 0xFF, 0x00, 0x00, 0xBF, 0x00, 0x00, 0x01, 0xFF,
    0x00, 0x00, 0xBF, 0x00, 0x00, 0x01, 0xFF, 0x00, 0x00, 0xBF, 0x00, 0x00, 0x00, 0xFF, 0x00, 0x00,
    0xBF, 0x00, 0x00, 0x00, 0xFF, 0x00, 0x00, 0xBF, 0x00, 0x00, 0x00, 0xBF, 0xC0, 0x00, 0xBF, 0x00,
    0x00, 0x00, 0x2F, 0xF8, 0x00, 0xBF, 0x00, 0x00, 0x00, 0x03, 0xFF, 0xFA, 0xFF, 0x00, 0x00, 0x00,
    0x00, 0x1F, 0xFF, 0xFF, 0x00, 0x00, 0x00, 0x00, 0x2F, 0xF0, 0xBF, 0x00, 0x00, 0x00, 0x00, 0xBF,
    0xD0, 0xBF, 0x00, 0x00, 0x00, 0x00, 0xFF, 0x80, 0xBF, 0x00, 0x00, 0x00, 0x03, 0xFF, 0x00, 0xBF,
    0x00, 0x00, 0x00, 0x0F, 0xFC, 0x00, 0xBF, 0x00, 0x00, 0x00, 0x2F, 0xF0, 0x00, 0xBF, 0x00, 0x00,
    0x00, 0xBF, 0xE0, 0x00, 0xBF, 0x00, 0x00, 0x01, 0xFF, 0x80, 0x00, 0xBF, 0x00, 0x00, 0x03, 0xFF,
    0x00, 0x00, 0xFF, 0x80, 0x00, 0x0F, 0xFC, 0x00, 0x02, 0xFF, 0xE0, 0x00, 0xBF, 0xF0, 0x00, 0x3F,
    0xFF, 0xFF, 0x00, 0x00, 0x2A, 0x90, 0x00, 0x0B, 0xE2, 0xFC, 0x00, 0x2F, 0x00, 0xBE, 0x00, 0x3F,
    0x00, 0x3F, 0x00, 0x3F, 0x00, 0x3F, 0x00, 0x2E, 0x00, 0x3F, 0x00, 0x00, 0x00, 0xBF, 0x00, 0x00,
    0x0B, 0xBF, 0x00, 0x00, 0xF8, 0x3F, 0x00, 0x0B, 0xC0, 0x3F, 0x00, 0x2F, 0x00, 0x3F, 0x00, 0x3E,
    0x00, 0x3F, 0x00, 0xBE, 0x00, 0x3F, 0x00, 0xBF, 0x00, 0x3F, 0x00, 0xBF, 0x82, 0xFF, 0x88, 0x3F,
    0xFF, 0x2F, 0xFC, 0x0F, 0xF8, 0x0F, 0xE0, 0x00, 0x00, 0x00, 0x00, 0x00, 0x00, 0x00, 0x00, 0x00,
    0x00, 0x00, 0x00, 0x0A, 0x00, 0x00, 0x02, 0xAA, 0xBC, 0x00, 0x00, 0x3F, 0xFF, 0xF8, 0x00, 0x01,
    0xFF, 0xFF, 0xE0, 0x00, 0x03, 0xF4, 0x00, 0x00, 0x00, 0x0F, 0x80, 0x00, 0x00, 0x00, 0x0E, 0x00,
    0x00, 0x00, 0x00, 0x3C, 0x02, 0xA0, 0x00, 0x00, 0x38, 0xBF, 0xFF, 0x40, 0x00, 0x33, 0xE0, 0x0F,
    0xE0, 0x00, 0xBB, 0x80, 0x03, 0xF8, 0x00, 0xBF, 0x00, 0x02, 0xFC, 0x00, 0xBF, 0x00, 0x00, 0xFE,
    0x00, 0xFE, 0x00, 0x00, 0xFF, 0x00, 0xFE, 0x00, 0x00, 0xBF, 0x00, 0xBE, 0x00, 0x00, 0xBF, 0x00,
    0xBF, 0x00, 0x00, 0xBF, 0x00, 0xBF, 0x00, 0x00, 0xBF, 0x00, 0x3F, 0x00, 0x00, 0xBE, 0x00, 0x3F,
    0x80, 0x00, 0xFC, 0x00, 0x0F, 0xC0, 0x00, 0xF8, 0x00, 0x0B, 0xF0, 0x03, 0xF0, 0x00, 0x02, 0xFD,
    0x0F, 0xC0, 0x00, 0x00, 0x2F, 0xF9, 0x00, 0x00, 0x00, 0x00, 0x00, 0x00, 0x00, 0x00, 0x00, 0x00,
    0x00, 0x2F, 0xFF, 0xFF, 0x80, 0x0B, 0xF0, 0x0F, 0xF0, 0x03, 0xF0, 0x03, 0xF0, 0x03, 0xF0, 0x03,
    0xF8, 0x03, 0xF0, 0x03, 0xF4, 0x03, 0xF0, 0x03, 0xF0, 0x03, 0xF0, 0x2F, 0xC0, 0x03, 0xFF, 0xFF,
    0x00, 0x03, 0xF0, 0x2F, 0xF0, 0x03, 0xF0, 0x03, 0xFC, 0x03, 0xF0, 0x00, 0xFC, 0x03, 0xF0, 0x00,
    0xFC, 0x03, 0xF0, 0x00, 0xFC, 0x07, 0xF0, 0x03, 0xFC, 0x0B, 0xF0, 0x6F, 0xF0, 0xBF, 0xFF, 0xFE,
    0x00, 0x00, 0x00, 0x00, 0x00, 0x2F, 0xFF, 0xFF, 0xF0, 0x0B, 0xF0, 0x02, 0xF0, 0x03, 0xF0, 0x00,
    0xB0, 0x03, 0xF0, 0x00, 0x30, 0x03, 0xF0, 0x00, 0x30, 0x03, 0xF0, 0x00, 0x00, 0x03, 0xF0, 0x00,
    0x00, 0x03, 0xF0, 0x00, 0x00, 0x03, 0xF0, 0x00, 0x00, 0x03, 0xF0, 0x00, 0x00, 0x03, 0xF0, 0x00,
    0x00, 0x03, 0xF0, 0x00, 0x00, 0x03, 0xF0, 0x00, 0x00, 0x07, 0xF0, 0x00, 0x00, 0x0B, 0xF0, 0x00,
    0x00, 0xBF, 0xFF, 0x80, 0x00, 0x00, 0x00, 0x00, 0x00, 0x0B, 0xFE, 0xBF, 0xF8, 0x02, 0xE0, 0x0F,
    0xE0, 0x02, 0xC0, 0x0F, 0xD0, 0x02, 0xC0, 0x0F, 0xC0, 0x02, 0xC0, 0x0F, 0xC0, 0x02, 0xC0, 0x0F,
    0xC0, 0x02, 0xC0, 0x0F, 0xC0, 0x02, 0xC0, 0x0F, 0xC0, 0x02, 0xC0, 0x0F, 0xC0, 0x03, 0xC0, 0x0F,
    0xC0, 0x03, 0xC0, 0x0F, 0xC0, 0x03, 0x80, 0x0F, 0xC0, 0x03, 0x80, 0x0F, 0xC0, 0x0B, 0x00, 0x0F,
    0xD0, 0x0F, 0x00, 0x2F, 0xE0, 0xFF, 0xFF, 0xFF, 0xFC, 0xFC, 0x00, 0x00, 0xBE, 0xF4, 0x00, 0x00,
    0x3E, 0xF0, 0x00, 0x00, 0x1E, 0xE0, 0x00, 0x00, 0x0E, 0xC0, 0x00, 0x00, 0x0E, 0x00, 0x00, 0x00,
    0x00, 0x00, 0x0A, 0xA0, 0x00, 0x00, 0xFF, 0xFF, 0x00, 0x03, 0xC0, 0x2F, 0xC0, 0x0F, 0x00, 0x0F,
    0xE0, 0x1F, 0x00, 0x0B, 0xF0, 0x3F, 0x00, 0x0B, 0xF0, 0x3F, 0xFF, 0xFF, 0xF8, 0x3E, 0x00, 0x00,
    0x00, 0x3E, 0x00, 0x00, 0x00, 0x3F, 0x00, 0x00, 0x00, 0x3F, 0x00, 0x00, 0x00, 0x3F, 0x80, 0x00,
    0x0C, 0x2F, 0xC0, 0x00, 0x28, 0x0F, 0xF0, 0x00, 0xB0, 0x0B, 0xFE, 0x5B, 0xD0, 0x03, 0xFF, 0xFF,
    0x40, 0x00, 0xBF, 0xF8, 0x00, 0x00, 0x00, 0x00, 0x00, 0x00, 0x00, 0x00, 0x00, 0x00, 0x00, 0x00,
    0x0B, 0xF8, 0x02, 0xFF, 0xD0, 0x0F, 0xF8, 0x00, 0xF8, 0x00, 0x7F, 0x00, 0x0F, 0x80, 0x00, 0x3E,
    0x00, 0x3F, 0x00, 0x2E, 0x00, 0x00, 0x0F, 0x40, 0x3F, 0x00, 0xB8, 0x00, 0x00, 0x02, 0xE0, 0x3F,
    0x02, 0xE0, 0x00, 0x00, 0x00, 0xB8, 0x3F, 0x0F, 0x40, 0x00, 0x00, 0x00, 0x2E, 0x3F, 0x3C, 0x00,
    0x00, 0x00, 0x00, 0x2F, 0xFF, 0xFE, 0x00, 0x00, 0x00, 0x00, 0xBF, 0xBF, 0xBF, 0x40, 0x00, 0x00,
    0x02, 0xFE, 0x3F, 0x2F, 0xC0, 0x00, 0x00, 0x0B, 0xF8, 0x3F, 0x0F, 0xF0, 0x00, 0x00, 0x2F, 0xE0,
    0x3F, 0x03, 0xFC, 0x00, 0x00, 0x3F, 0xC0, 0x3F, 0x00, 0xFF, 0x00, 0x00, 0xFF, 0x00, 0x3F, 0x00,
    0x3F, 0xC0, 0x0B, 0xFC, 0x00, 0xBF, 0x00, 0x2F, 0xF0, 0x3F, 0xFF, 0x0B, 0xFF, 0xF0, 0xBF, 0xFE,
    0x00, 0x6A, 0xA0, 0x00, 0x2F, 0xE6, 0xFE, 0x00, 0x2F, 0x00, 0x3F, 0x00, 0x2C, 0x00, 0x3F, 0x80,
    0x28, 0x00, 0x2F, 0x80, 0x20, 0x00, 0x3F, 0x80, 0x00, 0x00, 0xBF, 0x00, 0x00, 0x0B, 0xF8, 0x00,
    0x00, 0x3F, 0xF4, 0x00, 0x00, 0x01, 0xFF, 0x00, 0x00, 0x00, 0x3F, 0xC0, 0x00, 0x00, 0x1F, 0xC0,
    0x00, 0x00, 0x0F, 0xE0, 0x10, 0x00, 0x2F, 0xC0, 0x38, 0x00, 0x3F, 0xC0, 0x0F, 0x96, 0xFF, 0x00,
    0x02, 0xFF, 0xF8, 0x00, 0x00, 0x00, 0x00, 0x00, 0x00, 0x00, 0x00, 0x00, 0x00, 0x2F, 0xF9, 0x02,
    0xFF, 0x90, 0x0B, 0xF0, 0x00, 0xBF, 0x00, 0x03, 0xF0, 0x00, 0xFF, 0x00, 0x03, 0xF0, 0x02, 0xFF,
    0x00, 0x03, 0xF0, 0x03, 0xFF, 0x00, 0x03, 0xF0, 0x0E, 0x3F, 0x00, 0x03, 0xF0, 0x2C, 0x3F, 0x00,
    0x03, 0xF0, 0x30, 0x3F, 0x00, 0x03, 0xF0, 0xE0, 0x3F, 0x00, 0x03, 0xF3, 0xC0, 0x3F, 0x00, 0x03,
    0xFB, 0x00, 0x3F, 0x00, 0x03, 0xFE, 0x00, 0x3F, 0x00, 0x03, 0xF8, 0x00, 0x3F, 0x00, 0x07, 0xF0,
    0x00, 0x7F, 0x00, 0x0B, 0xF0, 0x00, 0xBF, 0x00, 0xBF, 0xFF, 0x0B, 0xFF, 0xF0, 0x00, 0x08, 0x02,
    0x80, 0x00, 0x00, 0x3E, 0x03, 0xE0, 0x00, 0x00, 0x30, 0x00, 0xA0, 0x00, 0x00, 0x2D, 0x02, 0xC0,
    0x00, 0x00, 0x0F, 0xFF, 0x80, 0x00, 0x00, 0x02, 0xF9, 0x00, 0x00, 0x00, 0x00, 0x00, 0x00, 0x00,
    0x00, 0x00, 0x00, 0x00, 0x00, 0x2F, 0xF9, 0x02, 0xFF, 0x90, 0x0B, 0xF0, 0x00, 0xBF, 0x00, 0x03,
    0xF0, 0x00, 0xFF, 0x00, 0x03, 0xF0, 0x02, 0xFF, 0x00, 0x03, 0xF0, 0x03, 0xFF, 0x00, 0x03, 0xF0,
    0x0E, 0x3F, 0x00, 0x03, 0xF0, 0x2C, 0x3F, 0x00, 0x03, 0xF0, 0x30, 0x3F, 0x00, 0x03, 0xF0, 0xE0,
    0x3F, 0x00, 0x03, 0xF3, 0xC0, 0x3F, 0x00, 0x03, 0xFB, 0x00, 0x3F, 0x00, 0x03, 0xFE, 0x00, 0x3F,
    0x00, 0x03, 0xF8, 0x00, 0x3F, 0x00, 0x07, 0xF0, 0x00, 0x7F, 0x00, 0x0B, 0xF0, 0x00, 0xBF, 0x00,
    0xBF, 0xFF, 0x0B, 0xFF, 0xF0, 0x00, 0x00, 0x00, 0x00, 0x00, 0x2F, 0xF8, 0x02, 0xFE, 0x40, 0x0B,
    0xF0, 0x00, 0xF4, 0x00, 0x03, 0xF0, 0x03, 0xC0, 0x00, 0x03, 0xF0, 0x0F, 0x00, 0x00, 0x03, 0xF0,
    0x3C, 0x00, 0x00, 0x03, 0xF0, 0xF0, 0x00, 0x00, 0x03, 0xF3, 0xC0, 0x00, 0x00, 0x03, 0xFF, 0xE0,
    0x00, 0x00, 0x03, 0xFF, 0xF8, 0x00, 0x00, 0x03, 0xF3, 0xFE, 0x00, 0x00, 0x03, 0xF0, 0xFF, 0x40,
    0x00, 0x03, 0xF0, 0x3F, 0xC0, 0x00, 0x03, 0xF0, 0x0F, 0xF0, 0x00, 0x07, 0xF0, 0x03, 0xFC, 0x00,
    0x0B, 0xF0, 0x02, 0xFF, 0x00, 0xBF, 0xFF, 0x0B, 0xFF, 0xF0, 0x00, 0x00, 0x00, 0x00, 0x00, 0x01,
    0xBF, 0xFF, 0xFF, 0x80, 0x00, 0x2E, 0x02, 0xFC, 0x00, 0x00, 0x2C, 0x00, 0xFC, 0x00, 0x00, 0x2C,
    0x00, 0xFC, 0x00, 0x00, 0x2C, 0x00, 0xFC, 0x00, 0x00, 0x2C, 0x00, 0xFC, 0x00, 0x00, 0x2C, 0x00,
    0xFC, 0x00, 0x00, 0x2C, 0x00, 0xFC, 0x00, 0x00, 0x2C, 0x00, 0xFC, 0x00, 0x00, 0x2C, 0x00, 0xFC,
    0x00, 0x00, 0x2C, 0x00, 0xFC, 0x00, 0x00, 0x28, 0x00, 0xFC, 0x00, 0x38, 0x38, 0x00, 0xFC, 0x00,
    0xBD, 0x30, 0x00, 0xFC, 0x00, 0xBF, 0xF0, 0x00, 0xFE, 0x00, 0x3F, 0xC0, 0x1F, 0xFF, 0xE0, 0x00,
    0x00, 0x00, 0x00, 0x00, 0x00, 0x00, 0x00, 0x00, 0x00, 0x00, 0x2F, 0xF0, 0x00, 0x01, 0xFF, 0x80,
    0x0B, 0xF4, 0x00, 0x03, 0xFC, 0x00, 0x03, 0xFC, 0x00, 0x03, 0xFC, 0x00, 0x03, 0xFD, 0x00, 0x0B,
    0xFC, 0x00, 0x03, 0xFF, 0x00, 0x0E, 0xFC, 0x00, 0x03, 0x7F, 0x00, 0x2C, 0xFC, 0x00, 0x03, 0x3F,
    0xC0, 0x38, 0xFC, 0x00, 0x03, 0x0F, 0xC0, 0x30, 0xFC, 0x00, 0x03, 0x0F, 0xF0, 0xA0, 0xFC, 0x00,
    0x03, 0x03, 0xF0, 0xC0, 0xFC, 0x00, 0x03, 0x03, 0xFE, 0x80, 0xFC, 0x00, 0x03, 0x00, 0xFF, 0x00,
    0xFC, 0x00, 0x03, 0x00, 0xFF, 0x00, 0xFC, 0x00, 0x07, 0x00, 0x7D, 0x00, 0xFC, 0x00, 0x0B, 0x80,
    0x3C, 0x00, 0xFE, 0x00, 0xBF, 0xF4, 0x28, 0x0F, 0xFF, 0xE0, 0x00, 0x00, 0x00, 0x00, 0x00, 0x2F,
    0xF9, 0x06, 0xFF, 0x80, 0x0B, 0xF0, 0x00, 0xFE, 0x00, 0x03, 0xF0, 0x00, 0xFC, 0x00, 0x03, 0xF0,
    0x00, 0xFC, 0x00, 0x03, 0xF0, 0x00, 0xFC, 0x00, 0x03, 0xF0, 0x00, 0xFC, 0x00, 0x03, 0xF0, 0x00,
    0xFC, 0x00, 0x03, 0xFF, 0xFF, 0xFC, 0x00, 0x03, 0xF0, 0x00, 0xFC, 0x00, 0x03, 0xF0, 0x00, 0xFC,
    0x00, 0x03, 0xF0, 0x00, 0xFC, 0x00, 0x03, 0xF0, 0x00, 0xFC, 0x00, 0x03, 0xF0, 0x00, 0xFC, 0x00,
    0x07, 0xF0, 0x00, 0xFD, 0x00, 0x0B, 0xF0, 0x00, 0xFE, 0x00, 0xBF, 0xFF, 0x0F, 0xFF, 0xE0, 0x00,
    0x06, 0xA9, 0x00, 0x00, 0x00, 0xBE, 0xAF, 0xE0, 0x00, 0x02, 0xF0, 0x03, 0xF8, 0x00, 0x0B, 0xC0,
    0x00, 0xFE, 0x00, 0x0F, 0xC0, 0x00, 0xBF, 0x00, 0x2F, 0x80, 0x00, 0x3F, 0x80, 0x3F, 0x80, 0x00,
    0x3F, 0xC0, 0x3F, 0x80, 0x00, 0x2F, 0xC0, 0x3F, 0x80, 0x00, 0x2F, 0xC0, 0x3F, 0x80, 0x00, 0x2F,
    0xC0, 0x3F, 0xC0, 0x00, 0x2F, 0xC0, 0x2F, 0xC0, 0x00, 0x2F, 0x80, 0x0F, 0xD0, 0x00, 0x3F, 0x00,
    0x0F, 0xF0, 0x00, 0x3E, 0x00, 0x03, 0xF8, 0x00, 0xBC, 0x00, 0x00, 0xFE, 0x02, 0xF0, 0x00, 0x00,
    0x2F, 0xFF, 0x80, 0x00, 0x00, 0x00, 0x00, 0x00, 0x00, 0x00, 0x00, 0x00, 0x00, 0x00, 0x2F, 0xFF,
    0xFF, 0xFF, 0x80, 0x0B, 0xF8, 0x02, 0xFE, 0x00, 0x03, 0xF0, 0x00, 0xFC, 0x00, 0x03, 0xF0, 0x00,
    0xFC, 0x00, 0x03, 0xF0, 0x00, 0xFC, 0x00, 0x03, 0xF0, 0x00, 0xFC, 0x00, 0x03, 0xF0, 0x00, 0xFC,
    0x00, 0x03, 0xF0, 0x00, 0xFC, 0x00, 0x03, 0xF0, 0x00, 0xFC, 0x00, 0x03, 0xF0, 0x00, 0xFC, 0x00,
    0x03, 0xF0, 0x00, 0xFC, 0x00, 0x03, 0xF0, 0x00, 0xFC, 0x00, 0x03, 0xF0, 0x00, 0xFC, 0x00, 0x07,
    0xF0, 0x00, 0xFD, 0x00, 0x0B, 0xF0, 0x00, 0xFE, 0x00, 0xBF, 0xFF, 0x0F, 0xFF, 0xE0, 0x00, 0x18,
    0x0A, 0xA0, 0x00, 0x0B, 0xFC, 0xBF, 0xFE, 0x00, 0x2B, 0xFF, 0xEA, 0xFF, 0x80, 0x02, 0xFE, 0x00,
    0x3F, 0xC0, 0x01, 0xFC, 0x00, 0x2F, 0xE0, 0x01, 0xFC, 0x00, 0x0F, 0xE0, 0x01, 0xFC, 0x00, 0x0B,
    0xF0, 0x01, 0xFC, 0x00, 0x0B, 0xF0, 0x01, 0xFC, 0x00, 0x03, 0xF0, 0x01, 0xFC, 0x00, 0x03, 0xF0,
    0x01, 0xFC, 0x00, 0x07, 0xE0, 0x01, 0xFC, 0x00, 0x0B, 0xE0, 0x01, 0xFC, 0x00, 0x0F, 0xC0, 0x01,
    0xFC, 0x00, 0x0F, 0x80, 0x01, 0xFE, 0x00, 0x3F, 0x00, 0x01, 0xFF, 0x80, 0xFC, 0x00, 0x01, 0xFD,
    0xFF, 0xE0, 0x00, 0x01, 0xFC, 0x00, 0x00, 0x00, 0x01, 0xFC, 0x00, 0x00, 0x00, 0x01, 0xFC, 0x00,
    0x00, 0x00, 0x01, 0xFC, 0x00, 0x00, 0x00, 0x01, 0xFC, 0x00, 0x00, 0x00, 0x02, 0xFC, 0x00, 0x00,
    0x00, 0x03, 0xFE, 0x00, 0x00, 0x00, 0x2A, 0xAA, 0xA0, 0x00, 0x00, 0x00, 0x06, 0xA8, 0x00, 0x00,
    0xBE, 0xAF, 0xC0, 0x03, 0xE0, 0x0B, 0xF0, 0x0B, 0xC0, 0x03, 0xF0, 0x0F, 0x80, 0x03, 0xF0, 0x2F,
    0x00, 0x00, 0x80, 0x3F, 0x00, 0x00, 0x00, 0x3F, 0x00, 0x00, 0x00, 0x3F, 0x00, 0x00, 0x00, 0x3F,
    0x00, 0x00, 0x00, 0x3F, 0x00, 0x00, 0x00, 0x3F, 0xC0, 0x00, 0x08, 0x2F, 0xC0, 0x00, 0x34, 0x0F,
    0xF0, 0x00, 0xF0, 0x0B, 0xFF, 0xAB, 0xC0, 0x03, 0xFF, 0xFF, 0x00, 0x00, 0xBF, 0xF8, 0x00, 0x00,
    0x00, 0x00, 0x00, 0x00, 0x00, 0x00, 0x00, 0x00, 0x7F, 0xFF, 0xFF, 0xFF, 0x00, 0xBE, 0x07, 0xF0,
    0x3F, 0x00, 0xB8, 0x03, 0xF0, 0x0F, 0x00, 0xB0, 0x03, 0xF0, 0x03, 0x00, 0xA0, 0x03, 0xF0, 0x03,
    0x00, 0x00, 0x03, 0xF0, 0x00, 0x00, 0x00, 0x03, 0xF0, 0x00, 0x00, 0x00, 0x03, 0xF0, 0x00, 0x00,
    0x00, 0x03, 0xF0, 0x00, 0x00, 0x00, 0x03, 0xF0, 0x00, 0x00, 0x00, 0x03, 0xF0, 0x00, 0x00, 0x00,
    0x03, 0xF0, 0x00, 0x00, 0x00, 0x03, 0xF0, 0x00, 0x00, 0x00, 0x03, 0xF0, 0x00, 0x00, 0x00, 0x0B,
    0xF0, 0x00, 0x00, 0x00, 0xFF, 0xFF, 0x40, 0x00, 0x00, 0x00, 0x00, 0x00, 0x00, 0x3F, 0xF8, 0x00,
    0x2F, 0x80, 0x0F, 0xF0, 0x00, 0x0F, 0x00, 0x03, 0xF0, 0x00, 0x2C, 0x00, 0x03, 0xFC, 0x00, 0x3C,
    0x00, 0x00, 0xFC, 0x00, 0x38, 0x00, 0x00, 0xFE, 0x00, 0xB0, 0x00, 0x00, 0x7F, 0x00, 0xF0, 0x00,
    0x00, 0x3F, 0x80, 0xD0, 0x00, 0x00, 0x2F, 0xC2, 0xC0, 0x00, 0x00, 0x0F, 0xE3, 0x80, 0x00, 0x00,
    0x0B, 0xF7, 0x00, 0x00, 0x00, 0x03, 0xFF, 0x00, 0x00, 0x00, 0x02, 0xFE, 0x00, 0x00, 0x00, 0x00,
    0xFC, 0x00, 0x00, 0x00, 0x00, 0xB8, 0x00, 0x00, 0x00, 0x00, 0xB0, 0x00, 0x00, 0x00, 0x00, 0xF0,
    0x00, 0x00, 0x00, 0x00, 0xE0, 0x00, 0x00, 0x00, 0x03, 0xC0, 0x00, 0x00, 0x00, 0x03, 0x80, 0x00,
    0x00, 0x2F, 0xAF, 0x00, 0x00, 0x00, 0x3F, 0xFE, 0x00, 0x00, 0x00, 0x3F, 0xF8, 0x00, 0x00, 0x00,
    0x0A, 0x80, 0x00, 0x00, 0x00, 0x00, 0x00, 0x00, 0x04, 0x00, 0x00, 0x00, 0x00, 0x00, 0x0A, 0xF8,
    0x00, 0x00, 0x00, 0x00, 0x00, 0x2F, 0xF8, 0x00, 0x00, 0x00, 0x00, 0x00, 0x03, 0xF8, 0x00, 0x00,
    0x00, 0x00, 0x00, 0x02, 0xF8, 0x00, 0x00, 0x00, 0x00, 0x00, 0x02, 0xF8, 0x00, 0x00, 0x00, 0x00,
    0x00, 0x02, 0xF8, 0x00, 0x00, 0x00, 0x00, 0x00, 0x02, 0xF8, 0x00, 0x00, 0x00, 0x00, 0x2A, 0x82,
    0xF8, 0x2A, 0x80, 0x00, 0x01, 0xFF, 0xFA, 0xFA, 0xFF, 0xF8, 0x00, 0x03, 0xFD, 0x1F, 0xFF, 0x83,
    0xFE, 0x00, 0x0F, 0xF0, 0x03, 0xFC, 0x00, 0xFF, 0x00, 0x0F, 0xD0, 0x02, 0xFC, 0x00, 0x3F, 0x80,
    0x2F, 0xC0, 0x02, 0xF8, 0x00, 0x3F, 0xC0, 0x3F, 0xC0, 0x02, 0xF8, 0x00, 0x2F, 0xC0, 0x3F, 0x80,
    0x02, 0xF8, 0x00, 0x1F, 0xC0, 0x3F, 0x80, 0x02, 0xF8, 0x00, 0x0F, 0xC0, 0x3F, 0x80, 0x02, 0xF8,
    0x00, 0x0F, 0xC0, 0x3F, 0x80, 0x02, 0xF8, 0x00, 0x0F, 0xC0, 0x2F, 0x80, 0x02, 0xF8, 0x00, 0x2F,
    0x80, 0x0F, 0xC0, 0x02, 0xF8, 0x00, 0x2F, 0x40, 0x0F, 0xC0, 0x03, 0xFC, 0x00, 0x3F, 0x00, 0x03,
    0xF0, 0x03, 0xFD, 0x00, 0xBD, 0x00, 0x02, 0xFC, 0x2F, 0xFF, 0x82, 0xF8, 0x00, 0x00, 0x3F, 0xF6,
    0xF8, 0xFF, 0xD0, 0x00, 0x00, 0x00, 0x02, 0xF8, 0x00, 0x00, 0x00, 0x00, 0x00, 0x02, 0xF8, 0x00,
    0x00, 0x00, 0x00, 0x00, 0x02, 0xF8, 0x00, 0x00, 0x00, 0x00, 0x00, 0x02, 0xF8, 0x00, 0x00, 0x00,
    0x00, 0x00, 0x02, 0xF8, 0x00, 0x00, 0x00, 0x00, 0x00, 0x02, 0xF8, 0x00, 0x00, 0x00, 0x00, 0x00,
    0x03, 0xFC, 0x00, 0x00, 0x00, 0x00, 0x00, 0x2A, 0xAA, 0x80, 0x00, 0x00, 0x00, 0x00, 0x00, 0x00,
    0x00, 0x2F, 0xFE, 0x0B, 0xF8, 0x00, 0x03, 0xFC, 0x03, 0xC0, 0x00, 0x00, 0xFE, 0x07, 0x80, 0x00,
    0x00, 0xBF, 0x0E, 0x00, 0x00, 0x00, 0x3F, 0xFC, 0x00, 0x00, 0x00, 0x0F, 0xF0, 0x00, 0x00, 0x00,
    0x0B, 0xF0, 0x00, 0x00, 0x00, 0x03, 0xFC, 0x00, 0x00, 0x00, 0x0B, 0xFD, 0x00, 0x00, 0x00, 0x0E,
    0xBF, 0x00, 0x00, 0x00, 0x3C, 0x3F, 0x80, 0x00, 0x00, 0xB4, 0x0F, 0xD0, 0x00, 0x00, 0xE0, 0x0B,
    0xF0, 0x00, 0x03, 0xC0, 0x03, 0xF8, 0x00, 0x0F, 0x80, 0x02, 0xFE, 0x00, 0x7F, 0xF0, 0x0F, 0xFF,
    0xC0, 0x00, 0x00, 0x00, 0x00, 0x00, 0x2F, 0xF9, 0x06, 0xFF, 0x80, 0x0B, 0xF0, 0x00, 0xFE, 0x00,
    0x03, 0xF0, 0x00, 0xFC, 0x00, 0x03, 0xF0, 0x00, 0xFC, 0x00, 0x03, 0xF0, 0x00, 0xFC, 0x00, 0x03,
    0xF0, 0x00, 0xFC, 0x00, 0x03, 0xF0, 0x00, 0xFC, 0x00, 0x03, 0xF0, 0x00, 0xFC, 0x00, 0x03, 0xF0,
    0x00, 0xFC, 0x00, 0x03, 0xF0, 0x00, 0xFC, 0x00, 0x03, 0xF0, 0x00, 0xFC, 0x00, 0x03, 0xF0, 0x00,
    0xFC, 0x00, 0x03, 0xF0, 0x00, 0xFC, 0x00, 0x07, 0xF0, 0x00, 0xFD, 0x00, 0x0B, 0xFC, 0x03, 0xFF,
    0x00, 0xBF, 0xFF, 0xFF, 0xFF, 0xF0, 0x00, 0x00, 0x00, 0x03, 0xF0, 0x00, 0x00, 0x00, 0x02, 0xF0,
    0x00, 0x00, 0x00, 0x00, 0xF0, 0x00, 0x00, 0x00, 0x00, 0xB0, 0x00, 0x00, 0x00, 0x00, 0x70, 0x00,
    0x00, 0x00, 0x00, 0x00, 0x00, 0x00, 0x00, 0x00, 0x00, 0x2F, 0xF9, 0x06, 0xFF, 0x80, 0x0B, 0xF0,
    0x00, 0xFE, 0x00, 0x03, 0xF0, 0x00, 0xFC, 0x00, 0x03, 0xF0, 0x00, 0xFC, 0x00, 0x03, 0xF0, 0x00,
    0xFC, 0x00, 0x03, 0xF0, 0x00, 0xFC, 0x00, 0x03, 0xF0, 0x00, 0xFC, 0x00, 0x03, 0xF8, 0x00, 0xFC,
    0x00, 0x00, 0xBF, 0xFF, 0xFC, 0x00, 0x00, 0x00, 0x00, 0xFC, 0x00, 0x00, 0x00, 0x00, 0xFC, 0x00,
    0x00, 0x00, 0x00, 0xFC, 0x00, 0x00, 0x00, 0x00, 0xFC, 0x00, 0x00, 0x00, 0x00, 0xFC, 0x00, 0x00,
    0x00, 0x00, 0xFE, 0x00, 0x00, 0x00, 0x0F, 0xFF, 0xE0, 0x00, 0x00, 0x00, 0x00, 0x00, 0x00, 0x00,
    0x2F, 0xF9, 0x07, 0xFF, 0x80, 0xBF, 0xE0, 0x0B, 0xF0, 0x00, 0xFC, 0x00, 0x3F, 0x80, 0x03, 0xF0,
    0x00, 0xFC, 0x00, 0x2F, 0x80, 0x03, 0xF0, 0x00, 0xFC, 0x00, 0x2F, 0x80, 0x03, 0xF0, 0x00, 0xFC,
    0x00, 0x2F, 0x80, 0x03, 0xF0, 0x00, 0xFC, 0x00, 0x2F, 0x80, 0x03, 0xF0, 0x00, 0xFC, 0x00, 0x2F,
    0x80, 0x03, 0xF0, 0x00, 0xFC, 0x00, 0x2F, 0x80, 0x03, 0xF0, 0x00, 0xFC, 0x00, 0x2F, 0x80, 0x03,
    0xF0, 0x00, 0xFC, 0x00, 0x2F, 0x80, 0x03, 0xF0, 0x00, 0xFC, 0x00, 0x2F, 0x80, 0x03, 0xF0, 0x00,
    0xFC, 0x00, 0x2F, 0x80, 0x03, 0xF0, 0x00, 0xFC, 0x00, 0x2F, 0x80, 0x07, 0xF0, 0x00, 0xFC, 0x00,
    0x3F, 0x80, 0x0B, 0xF8, 0x06, 0xFF, 0x40, 0xBF, 0xC0, 0xBF, 0xFF, 0xFF, 0xFF, 0xFF, 0xFF, 0xF8,
    0x00, 0x00, 0x00, 0x00, 0x00, 0x00, 0x00, 0x2F, 0xF9, 0x07, 0xFF, 0x80, 0xBF, 0xE0, 0x0B, 0xF0,
    0x00, 0xFC, 0x00, 0x3F, 0x80, 0x03, 0xF0, 0x00, 0xFC, 0x00, 0x2F, 0x80, 0x03, 0xF0, 0x00, 0xFC,
    0x00, 0x2F, 0x80, 0x03, 0xF0, 0x00, 0xFC, 0x00, 0x2F, 0x80, 0x03, 0xF0, 0x00, 0xFC, 0x00, 0x2F,
    0x80, 0x03, 0xF0, 0x00, 0xFC, 0x00, 0x2F, 0x80, 0x03, 0xF0, 0x00, 0xFC, 0x00, 0x2F, 0x80, 0x03,
    0xF0, 0x00, 0xFC, 0x00, 0x2F, 0x80, 0x03, 0xF0, 0x00, 0xFC, 0x00, 0x2F, 0x80, 0x03, 0xF0, 0x00,
    0xFC, 0x00, 0x2F, 0x80, 0x03, 0xF0, 0x00, 0xFC, 0x00, 0x2F, 0x80, 0x03, 0xF0, 0x00, 0xFC, 0x00,
    0x2F, 0x80, 0x07, 0xF0, 0x00, 0xFC, 0x00, 0x3F, 0x80, 0x0B, 0xF8, 0x06, 0xFF, 0x40, 0xBF, 0xC0,
    0xBF, 0xFF, 0xFF, 0xFF, 0xFF, 0xFF, 0xFC, 0x00, 0x00, 0x00, 0x00, 0x00, 0x00, 0xFC, 0x00, 0x00,
    0x00, 0x00, 0x00, 0x00, 0x3C, 0x00, 0x00, 0x00, 0x00, 0x00, 0x00, 0x3C, 0x00, 0x00, 0x00, 0x00,
    0x00, 0x00, 0x2C, 0x00, 0x00, 0x00, 0x00, 0x00, 0x00, 0x0C, 0x00, 0x00, 0x00, 0x00, 0x00, 0x00,
    0x00, 0x00, 0x00, 0x00, 0x00, 0x00, 0xBF, 0xFF, 0xF9, 0x00, 0x00, 0xB8, 0x0F, 0xE0, 0x00, 0x00,
    0xE0, 0x0B, 0xE0, 0x00, 0x00, 0xC0, 0x0B, 0xE0, 0x00, 0x00, 0x00, 0x0B, 0xE0, 0x00, 0x00, 0x00,
    0x0B, 0xE0, 0x00, 0x00, 0x00, 0x0B, 0xE0, 0x00, 0x00, 0x00, 0x0B, 0xFF, 0xFF, 0x80, 0x00, 0x0B,
    0xE0, 0x2F, 0xF0, 0x00, 0x0B, 0xE0, 0x03, 0xFC, 0x00, 0x0B, 0xE0, 0x00, 0xFC, 0x00, 0x0B, 0xE0,
    0x00, 0xFC, 0x00, 0x0B, 0xE0, 0x00, 0xFC, 0x00, 0x0B, 0xE0, 0x03, 0xFC, 0x00, 0x0F, 0xF0, 0x6F,
    0xF0, 0x00, 0xFF, 0xFF, 0xFE, 0x40, 0x00, 0x00, 0x00, 0x00, 0x00, 0x00, 0x00, 0x2F, 0xF9, 0x00,
    0x00, 0x2F, 0xFD, 0x00, 0x0B, 0xF0, 0x00, 0x00, 0x07, 0xF0, 0x00, 0x03, 0xF0, 0x00, 0x00, 0x03,
    0xF0, 0x00, 0x03, 0xF0, 0x00, 0x00, 0x03, 0xF0, 0x00, 0x03, 0xF0, 0x00, 0x00, 0x03, 0xF0, 0x00,
    0x03, 0xF0, 0x00, 0x00, 0x03, 0xF0, 0x00, 0x03, 0xF0, 0x00, 0x00, 0x03, 0xF0, 0x00, 0x03, 0xFF,
    0xFF, 0x80, 0x03, 0xF0, 0x00, 0x03, 0xF0, 0x1F, 0xF8, 0x03, 0xF0, 0x00, 0x03, 0xF0, 0x02, 0xFC,
    0x03, 0xF0, 0x00, 0x03, 0xF0, 0x00, 0xFE, 0x03, 0xF0, 0x00, 0x03, 0xF0, 0x00, 0xFE, 0x03, 0xF0,
    0x00, 0x03, 0xF0, 0x00, 0xFE, 0x03, 0xF0, 0x00, 0x07, 0xF0, 0x02, 0xFC, 0x03, 0xF0, 0x00, 0x0B,
    0xF4, 0x6F, 0xF4, 0x0B, 0xF0, 0x00, 0xBF, 0xFF, 0xFE, 0x80, 0xBF, 0xFF, 0x00, 0x00, 0x00, 0x00,
    0x00, 0x1F, 0xFD, 0x00, 0x00, 0x03, 0xF0, 0x00, 0x00, 0x03, 0xF0, 0x00, 0x00, 0x03, 0xF0, 0x00,
    0x00, 0x03, 0xF0, 0x00, 0x00, 0x03, 0xF0, 0x00, 0x00, 0x03, 0xF0, 0x00, 0x00, 0x03, 0xFF, 0xFF,
    0x80, 0x03, 0xF0, 0x0B, 0xF8, 0x03, 0xF0, 0x00, 0xFD, 0x03, 0xF0, 0x00, 0xBF, 0x03, 0xF0, 0x00,
    0xBF, 0x03, 0xF0, 0x00, 0xFF, 0x03, 0xF0, 0x02, 0xFD, 0x07, 0xF8, 0x2F, 0xF8, 0x3F, 0xFF, 0xFF,
    0x80, 0x10, 0x2A, 0x80, 0x00, 0x2F, 0xEA, 0xF8, 0x00, 0x3E, 0x00, 0x3F, 0x00, 0x38, 0x00, 0x0F,
    0x80, 0x30, 0x00, 0x0B, 0xC0, 0x00, 0x00, 0x03, 0xE0, 0x00, 0x00, 0x03, 0xF0, 0x00, 0xAA, 0xAB,
    0xF0, 0x00, 0xBF, 0xFF, 0xF0, 0x00, 0x00, 0x03, 0xF0, 0x00, 0x00, 0x03, 0xF0, 0x80, 0x00, 0x0B,
    0xF0, 0xB0, 0x00, 0x0F, 0xE0, 0x3C, 0x00, 0x3F, 0xC0, 0x0F, 0x82, 0xFF, 0x80, 0x03, 0xFF, 0xFE,
    0x00, 0x00, 0xBF, 0xF8, 0x00, 0x00, 0x00, 0x00, 0x00, 0x00, 0x00, 0x00, 0x02, 0xAA, 0x00, 0x00,
    0x2F, 0xF9, 0x00, 0x2F, 0xAF, 0xF0, 0x00, 0x0B, 0xF0, 0x00, 0xF8, 0x01, 0xFE, 0x00, 0x03, 0xF0,
    0x03, 0xF0, 0x00, 0xBF, 0x00, 0x03, 0xF0, 0x07, 0xE0, 0x00, 0x3F, 0xC0, 0x03, 0xF0, 0x0F, 0xC0,
    0x00, 0x2F, 0xC0, 0x03, 0xF0, 0x0F, 0xC0, 0x00, 0x0F, 0xE0, 0x03, 0xF0, 0x1F, 0xC0, 0x00, 0x0F,
    0xE0, 0x03, 0xFF, 0xFF, 0xC0, 0x00, 0x0F, 0xE0, 0x03, 0xF0, 0x2F, 0xC0, 0x00, 0x0F, 0xE0, 0x03,
    0xF0, 0x0F, 0xE0, 0x00, 0x0F, 0xE0, 0x03, 0xF0, 0x0F, 0xF0, 0x00, 0x0F, 0xC0, 0x03, 0xF0, 0x0B,
    0xF0, 0x00, 0x0F, 0xC0, 0x03, 0xF0, 0x03, 0xF8, 0x00, 0x2F, 0x00, 0x07, 0xF0, 0x02, 0xFC, 0x00,
    0x3E, 0x00, 0x0B, 0xF0, 0x00, 0xBF, 0x40, 0xF8, 0x00, 0xBF, 0xFF, 0x00, 0x0B, 0xFF, 0xC0, 0x00,
    0x00, 0x00, 0x00, 0x00, 0x00, 0x00, 0x00, 0x00, 0x00, 0x00, 0x00, 0x00, 0x01, 0xFF, 0xFF, 0xFD,
    0x00, 0x0B, 0xF8, 0x03, 0xF0, 0x00, 0x0F, 0xE0, 0x03, 0xF0, 0x00, 0x0F, 0xC0, 0x03, 0xF0, 0x00,
    0x0F, 0xC0, 0x03, 0xF0, 0x00, 0x0F, 0xE0, 0x03, 0xF0, 0x00, 0x07, 0xF8, 0x03, 0xF0, 0x00, 0x00,
    0xBF, 0xFF, 0xF0, 0x00, 0x00, 0x0F, 0xFB, 0xF0, 0x00, 0x00, 0x2F, 0xC3, 0xF0, 0x00, 0x00, 0xBF,
    0x03, 0xF0, 0x00, 0x00, 0xFE, 0x03, 0xF0, 0x00, 0x03, 0xFC, 0x03, 0xF0, 0x00, 0x0B, 0xF0, 0x03,
    0xF0, 0x00, 0x2F, 0xC0, 0x0B, 0xF0, 0x00, 0xFF, 0x80, 0x3F, 0xFF, 0x00, 0x00, 0x00, 0x00, 0x00,
    0x00, 0xFC, 0x00, 0x00, 0x00, 0xFF, 0x00, 0x00, 0x00, 0x3F, 0xC0, 0x00, 0x00, 0x0B, 0xF0, 0x00,
    0x00, 0x00, 0xBC, 0x00, 0x00, 0x00, 0x1F, 0x00, 0x00, 0x00, 0x00, 0x00, 0x00, 0x0A, 0xA0, 0x00,
    0x00, 0xFF, 0xFF, 0x00, 0x03, 0xC0, 0x2F, 0xC0, 0x0F, 0x00, 0x0F, 0xE0, 0x1F, 0x00, 0x0B, 0xF0,
    0x3F, 0x00, 0x0B, 0xF0, 0x3F, 0xFF, 0xFF, 0xF8, 0x3E, 0x00, 0x00, 0x00, 0x3E, 0x00, 0x00, 0x00,
    0x3F, 0x00, 0x00, 0x00, 0x3F, 0x00, 0x00, 0x00, 0x3F, 0x80, 0x00, 0x0C, 0x2F, 0xC0, 0x00, 0x28,
    0x0F, 0xF0, 0x00, 0xB0, 0x0B, 0xFE, 0x5B, 0xD0, 0x03, 0xFF, 0xFF, 0x40, 0x00, 0xBF, 0xF8, 0x00,
    0x00, 0x00, 0x00, 0x00, 0x01, 0xA0, 0x0A, 0x40, 0x03, 0xF0, 0x0F, 0xC0, 0x03, 0xF0, 0x0F, 0xC0,
    0x02, 0xE0, 0x0B, 0x80, 0x00, 0x00, 0x00, 0x00, 0x00, 0x0A, 0xA0, 0x00, 0x00, 0xFF, 0xFF, 0x00,
    0x03, 0xC0, 0x2F, 0xC0, 0x0F, 0x00, 0x0F, 0xE0, 0x1F, 0x00, 0x0B, 0xF0, 0x3F, 0x00, 0x0B, 0xF0,
    0x3F, 0xFF, 0xFF, 0xF8, 0x3E, 0x00, 0x00, 0x00, 0x3E, 0x00, 0x00, 0x00, 0x3F, 0x00, 0x00, 0x00,
    0x3F, 0x00, 0x00, 0x00, 0x3F, 0x80, 0x00, 0x0C, 0x2F, 0xC0, 0x00, 0x28, 0x0F, 0xF0, 0x00, 0xB0,
    0x0B, 0xFE, 0x5B, 0xD0, 0x03, 0xFF, 0xFF, 0x40, 0x00, 0xBF, 0xF8, 0x00, 0x00, 0x00, 0x00, 0x00,
    0x00, 0xA0, 0x00, 0x00, 0x00, 0x2F, 0xE0, 0x00, 0x00, 0x00, 0xAF, 0xE0, 0x00, 0x00, 0x00, 0x0B,
    0xE0, 0x00, 0x00, 0x00, 0x0B, 0xE0, 0x00, 0x00, 0x00, 0x0B, 0xE0, 0x00, 0x00, 0x00, 0x0B, 0xE0,
    0x00, 0x00, 0x00, 0x0B, 0xF0, 0x00, 0x00, 0x00, 0xFF, 0xFF, 0xFF, 0xE0, 0x00, 0xAF, 0xFA, 0xAA,
    0x80, 0x00, 0x0B, 0xE0, 0x00, 0x00, 0x00, 0x0B, 0xE0, 0xBF, 0x80, 0x00, 0x0B, 0xE3, 0xFF, 0xF8,
    0x00, 0x0B, 0xFF, 0xAB, 0xFC, 0x00, 0x0B, 0xF8, 0x00, 0xFF, 0x00, 0x0B, 0xF0, 0x00, 0xBF, 0x00,
    0x0B, 0xE0, 0x00, 0x3F, 0x00, 0x0B, 0xE0, 0x00, 0x3F, 0x80, 0x0B, 0xE0, 0x00, 0x2F, 0x80, 0x0B,
    0xE0, 0x00, 0x2F, 0x00, 0x0B, 0xE0, 0x00, 0x3F, 0x00, 0x0B, 0xE0, 0x00, 0x3F, 0x00, 0x0B, 0xF0,
    0x00, 0x3E, 0x00, 0x0F, 0xF0, 0x00, 0xBC, 0x00, 0xBF, 0xFF, 0x00, 0xFC, 0x00, 0x00, 0x00, 0x02,
    0xF0, 0x00, 0x00, 0x00, 0x03, 0xE0, 0x00, 0x00, 0x00, 0x0F, 0x80, 0x00, 0x00, 0x00, 0x3E, 0x00,
    0x00, 0x00, 0x00, 0xF8, 0x00, 0x00, 0x00, 0x07, 0xC0, 0x00, 0x00, 0x00, 0x3E, 0x00, 0x00, 0x00,
    0x00, 0xA0, 0x00, 0x00, 0x00, 0x00, 0x00, 0x00, 0x00, 0x00, 0x00, 0x3C, 0x00, 0x00, 0x00, 0xFC,
    0x00, 0x00, 0x03, 0xF8, 0x00, 0x00, 0x0F, 0xC0, 0x00, 0x00, 0x3E, 0x00, 0x00, 0x00, 0xE0, 0x00,
    0x00, 0x00, 0x00, 0x00, 0x00, 0x00, 0x00, 0x00, 0x00, 0x00, 0x00, 0x00, 0x00, 0x2F, 0xFF, 0xFF,
    0xF0, 0x0B, 0xF0, 0x02, 0xF0, 0x03, 0xF0, 0x00, 0xB0, 0x03, 0xF0, 0x00, 0x30, 0x03, 0xF0, 0x00,
    0x30, 0x03, 0xF0, 0x00, 0x00, 0x03, 0xF0, 0x00, 0x00, 0x03, 0xF0, 0x00, 0x00, 0x03, 0xF0, 0x00,
    0x00, 0x03, 0xF0, 0x00, 0x00, 0x03, 0xF0, 0x00, 0x00, 0x03, 0xF0, 0x00, 0x00, 0x03, 0xF0, 0x00,
    0x00, 0x07, 0xF0, 0x00, 0x00, 0x0B, 0xF0, 0x00, 0x00, 0xBF, 0xFF, 0x80, 0x00, 0x00, 0x0A, 0xA0,
    0x50, 0x00, 0xBE, 0xAF, 0xE0, 0x03, 0xF0, 0x02, 0xF0, 0x0B, 0xC0, 0x00, 0xB0, 0x0F, 0x80, 0x00,
    0x30, 0x2F, 0x00, 0x00, 0x00, 0x3F, 0x00, 0x00, 0x00, 0x3F, 0xAA, 0xA8, 0x00, 0x3F, 0xFF, 0xFC,
    0x00, 0x3F, 0x00, 0x00, 0x00, 0x3F, 0x00, 0x00, 0x00, 0x3F, 0x80, 0x00, 0x04, 0x2F, 0xC0, 0x00,
    0x1C, 0x0F, 0xF0, 0x00, 0xB0, 0x0B, 0xFF, 0xAB, 0xE0, 0x02, 0xFF, 0xFF, 0x80, 0x00, 0x7F, 0xFC,
    0x00, 0x00, 0x00, 0x00, 0x00, 0x00, 0xA9, 0x00, 0x0B, 0x8B, 0xF8, 0x2E, 0x00, 0xF8, 0x3C, 0x00,
    0x38, 0x3E, 0x00, 0x28, 0x3F, 0x40, 0x00, 0x3F, 0xE0, 0x00, 0x0F, 0xFD, 0x00, 0x03, 0xFF, 0xC0,
    0x00, 0xBF, 0xF0, 0x00, 0x0F, 0xFC, 0x20, 0x02, 0xFE, 0x30, 0x00, 0xBE, 0x30, 0x00, 0x3E, 0x3C,
    0x00, 0x3C, 0x3E, 0x00, 0xF8, 0x3B, 0xFF, 0xC0, 0x00, 0x00, 0x00, 0x00, 0xA0, 0x00, 0x03, 0xF8,
    0x00, 0x03, 0xF8, 0x00, 0x02, 0xF0, 0x00, 0x00, 0x00, 0x00, 0x00, 0x00, 0x00, 0x00, 0x00, 0x00,
    0x00, 0x00, 0x00, 0x00, 0x18, 0x00, 0x06, 0xF8, 0x00, 0x2B, 0xF8, 0x00, 0x03, 0xF8, 0x00, 0x02,
    0xF8, 0x00, 0x02, 0xF8, 0x00, 0x02, 0xF8, 0x00, 0x02, 0xF8, 0x00, 0x02, 0xF8, 0x00, 0x02, 0xF8,
    0x00, 0x02, 0xF8, 0x00, 0x02, 0xF8, 0x00, 0x02, 0xF8, 0x00, 0x02, 0xF8, 0x00, 0x02, 0xFC, 0x00,
    0x03, 0xFC, 0x00, 0x3F, 0xFF, 0xC0, 0x2E, 0x00, 0xB8, 0x3F, 0x00, 0xFC, 0x3F, 0x00, 0xFC, 0x2E,
    0x00, 0xB8, 0x00, 0x00, 0x00, 0x00, 0x06, 0x00, 0x01, 0xBE, 0x00, 0x0A, 0xFE, 0x00, 0x00, 0xFE,
    0x00, 0x00, 0xBE, 0x00, 0x00, 0xBE, 0x00, 0x00, 0xBE, 0x00, 0x00, 0xBE, 0x00, 0x00, 0xBE, 0x00,
    0x00, 0xBE, 0x00, 0x00, 0xBE, 0x00, 0x00, 0xBE, 0x00, 0x00, 0xBE, 0x00, 0x00, 0xBE, 0x00, 0x00,
    0xBF, 0x00, 0x00, 0xFF, 0x00, 0x0F, 0xFF, 0xF0, 0x00, 0x00, 0xA0, 0x00, 0x03, 0xF8, 0x00, 0x03,
    0xF8, 0x00, 0x02, 0xF0, 0x00, 0x00, 0x00, 0x00, 0x00, 0x00, 0x00, 0x00, 0x00, 0x00, 0x00, 0x00,
    0x00, 0x00, 0x20, 0x00, 0x0B, 0xF8, 0x00, 0x3F, 0xF8, 0x00, 0x03, 0xF8, 0x00, 0x02, 0xF8, 0x00,
    0x02, 0xF8, 0x00, 0x02, 0xF8, 0x00, 0x02, 0xF8, 0x00, 0x02, 0xF8, 0x00, 0x02, 0xF8, 0x00, 0x02,
    0xF8, 0x00, 0x02, 0xF8, 0x00, 0x02, 0xF8, 0x00, 0x02, 0xF8, 0x00, 0x02, 0xF8, 0x00, 0x02, 0xF8,
    0x00, 0x02, 0xF8, 0x00, 0x02, 0xF8, 0x00, 0x02, 0xF4, 0x00, 0x02, 0xF0, 0x00, 0x02, 0xF0, 0x2E,
    0x03, 0xE0, 0x3F, 0x83, 0xC0, 0x2F, 0xFF, 0x00, 0x06, 0xA8, 0x00, 0x00, 0x00, 0x00, 0x00, 0x00,
    0x00, 0x00, 0x02, 0xFF, 0xFF, 0xFF, 0x80, 0x00, 0x00, 0x00, 0x3E, 0x01, 0xFC, 0x00, 0x00, 0x00,
    0x00, 0x2C, 0x00, 0xFC, 0x00, 0x00, 0x00, 0x00, 0x2C, 0x00, 0xFC, 0x00, 0x00, 0x00, 0x00, 0x2C,
    0x00, 0xFC, 0x00, 0x00, 0x00, 0x00, 0x2C, 0x00, 0xFC, 0x00, 0x00, 0x00, 0x00, 0x2C, 0x00, 0xFC,
    0x00, 0x00, 0x00, 0x00, 0x2C, 0x00, 0xFF, 0xFF, 0xF8, 0x00, 0x00, 0x2C, 0x00, 0xFC, 0x02, 0xFF,
    0x00, 0x00, 0x2C, 0x00, 0xFC, 0x00, 0x3F, 0x80, 0x00, 0x2C, 0x00, 0xFC, 0x00, 0x2F, 0xC0, 0x00,
    0x28, 0x00, 0xFC, 0x00, 0x2F, 0xC0, 0x38, 0x38, 0x00, 0xFC, 0x00, 0x2F, 0xC0, 0xBD, 0x30, 0x00,
    0xFC, 0x00, 0x7F, 0x80, 0xBF, 0xF0, 0x00, 0xFE, 0x0B, 0xFE, 0x00, 0x3F, 0xC0, 0x0F, 0xFF, 0xFF,
    0xE0, 0x00, 0x00, 0x00, 0x00, 0x00, 0x00, 0x00, 0x00, 0x00, 0x00, 0x00, 0x00, 0x00, 0x00, 0x00,
    0x2F, 0xF9, 0x02, 0xFF, 0x80, 0x00, 0x00, 0x0B, 0xF0, 0x00, 0xBE, 0x00, 0x00, 0x00, 0x03, 0xF0,
    0x00, 0xBE, 0x00, 0x00, 0x00, 0x03, 0xF0, 0x00, 0xBE, 0x00, 0x00, 0x00, 0x03, 0xF0, 0x00, 0xBE,
    0x00, 0x00, 0x00, 0x03, 0xF0, 0x00, 0xBE, 0x00, 0x00, 0x00, 0x03, 0xF0, 0x00, 0xBE, 0x00, 0x00,
    0x00, 0x03, 0xFF, 0xFF, 0xFF, 0xFF, 0xF8, 0x00, 0x03, 0xF0, 0x00, 0xBE, 0x02, 0xFF, 0x00, 0x03,
    0xF0, 0x00, 0xBE, 0x00, 0x3F, 0x80, 0x03, 0xF0, 0x00, 0xBE, 0x00, 0x2F, 0xC0, 0x03, 0xF0, 0x00,
    0xBE, 0x00, 0x2F, 0xC0, 0x03, 0xF0, 0x00, 0xBE, 0x00, 0x3F, 0xC0, 0x03, 0xF0, 0x00, 0xBE, 0x00,
    0xBF, 0x80, 0x0B, 0xF0, 0x00, 0xFF, 0x0B, 0xFE, 0x00, 0xBF, 0xFF, 0x0B, 0xFF, 0xFF, 0xE0, 0x00,
    0x00, 0xA0, 0x00, 0x00, 0x00, 0x2F, 0xE0, 0x00, 0x00, 0x00, 0xAF, 0xE0, 0x00, 0x00, 0x00, 0x0B,
    0xE0, 0x00, 0x00, 0x00, 0x0B, 0xE0, 0x00, 0x00, 0x00, 0x0B, 0xE0, 0x00, 0x00, 0x00, 0x0B, 0xE0,
    0x00, 0x00, 0x00, 0x0B, 0xF0, 0x00, 0x00, 0x00, 0xFF, 0xFF, 0xFF, 0xE0, 0x00, 0xAF, 0xFA, 0xAA,
    0x80, 0x00, 0x0B, 0xE0, 0x00, 0x00, 0x00, 0x0B, 0xE0, 0x2F, 0x80, 0x00, 0x0B, 0xE2, 0xFF, 0xF4,
    0x00, 0x0B, 0xFF, 0x4B, 0xFC, 0x00, 0x0B, 0xF8, 0x00, 0xFC, 0x00, 0x0B, 0xF0, 0x00, 0xFC, 0x00,
    0x0B, 0xE0, 0x00, 0xFD, 0x00, 0x0B, 0xE0, 0x00, 0xFE, 0x00, 0x0B, 0xE0, 0x00, 0xFE, 0x00, 0x0B,
    0xE0, 0x00, 0xFE, 0x00, 0x0B, 0xE0, 0x00, 0xFE, 0x00, 0x0B, 0xE0, 0x00, 0xFE, 0x00, 0x0B, 0xF0,
    0x00, 0xFE, 0x00, 0x0F, 0xF0, 0x00, 0xFF, 0x00, 0xBF, 0xFF, 0x0F, 0xFF, 0xE0, 0x00, 0x00, 0x00,
    0x00, 0x00, 0x00, 0x00, 0x03, 0xD0, 0x00, 0x00, 0x00, 0x0F, 0xE0, 0x00, 0x00, 0x00, 0x3F, 0x80,
    0x00, 0x00, 0x00, 0xFC, 0x00, 0x00, 0x00, 0x03, 0xE0, 0x00, 0x00, 0x00, 0x0F, 0x00, 0x00, 0x00,
    0x00, 0x00, 0x00, 0x00, 0x00, 0x00, 0x00, 0x00, 0x00, 0x00, 0x00, 0x00, 0x00, 0x00, 0x00, 0x2F,
    0xF8, 0x02, 0xFE, 0x40, 0x0B, 0xF0, 0x00, 0xF4, 0x00, 0x03, 0xF0, 0x03, 0xC0, 0x00, 0x03, 0xF0,
    0x0F, 0x00, 0x00, 0x03, 0xF0, 0x3C, 0x00, 0x00, 0x03, 0xF0, 0xF0, 0x00, 0x00, 0x03, 0xF3, 0xC0,
    0x00, 0x00, 0x03, 0xFF, 0xE0, 0x00, 0x00, 0x03, 0xFF, 0xF8, 0x00, 0x00, 0x03, 0xF3, 0xFE, 0x00,
    0x00, 0x03, 0xF0, 0xFF, 0x40, 0x00, 0x03, 0xF0, 0x3F, 0xC0, 0x00, 0x03, 0xF0, 0x0F, 0xF0, 0x00,
    0x07, 0xF0, 0x03, 0xFC, 0x00, 0x0B, 0xF0, 0x02, 0xFF, 0x00, 0xBF, 0xFF, 0x0B, 0xFF, 0xF0, 0x00,
    0x04, 0x00, 0x00, 0x00, 0x00, 0x3F, 0x00, 0x00, 0x00, 0x00, 0x2F, 0xC0, 0x00, 0x00, 0x00, 0x0B,
    0xF0, 0x00, 0x00, 0x00, 0x00, 0xFC, 0x00, 0x00, 0x00, 0x00, 0x2F, 0x00, 0x00, 0x00, 0x00, 0x03,
    0xC0, 0x00, 0x00, 0x00, 0x00, 0x00, 0x00, 0x00, 0x00, 0x00, 0x00, 0x00, 0x2F, 0xF9, 0x02, 0xFF,
    0x90, 0x0B, 0xF0, 0x00, 0xBF, 0x00, 0x03, 0xF0, 0x00, 0xFF, 0x00, 0x03, 0xF0, 0x02, 0xFF, 0x00,
    0x03, 0xF0, 0x03, 0xFF, 0x00, 0x03, 0xF0, 0x0E, 0x3F, 0x00, 0x03, 0xF0, 0x2C, 0x3F, 0x00, 0x03,
    0xF0, 0x30, 0x3F, 0x00, 0x03, 0xF0, 0xE0, 0x3F, 0x00, 0x03, 0xF3, 0xC0, 0x3F, 0x00, 0x03, 0xFB,
    0x00, 0x3F, 0x00, 0x03, 0xFE, 0x00, 0x3F, 0x00, 0x03, 0xF8, 0x00, 0x3F, 0x00, 0x07, 0xF0, 0x00,
    0x7F, 0x00, 0x0B, 0xF0, 0x00, 0xBF, 0x00, 0xBF, 0xFF, 0x0B, 0xFF, 0xF0, 0x00, 0x28, 0x02, 0x80,
    0x00, 0x00, 0x3C, 0x03, 0xC0, 0x00, 0x00, 0x30, 0x00, 0xC0, 0x00, 0x00, 0x39, 0x02, 0xC0, 0x00,
    0x00, 0x1F, 0xFF, 0x80, 0x00, 0x00, 0x02, 0xF8, 0x00, 0x00, 0x00, 0x00, 0x00, 0x00, 0x00, 0x00,
    0x00, 0x00, 0x00, 0x00, 0x3F, 0xF8, 0x00, 0x2F, 0x80, 0x0F, 0xF0, 0x00, 0x0F, 0x00, 0x03, 0xF0,
    0x00, 0x2C, 0x00, 0x03, 0xFC, 0x00, 0x3C, 0x00, 0x00, 0xFC, 0x00, 0x38, 0x00, 0x00, 0xFE, 0x00,
    0xB0, 0x00, 0x00, 0x7F, 0x00, 0xF0, 0x00, 0x00, 0x3F, 0x80, 0xD0, 0x00, 0x00, 0x2F, 0xC2, 0xC0,
    0x00, 0x00, 0x0F, 0xE3, 0x80, 0x00, 0x00, 0x0B, 0xF7, 0x00, 0x00, 0x00, 0x03, 0xFF, 0x00, 0x00,
    0x00, 0x02, 0xFE, 0x00, 0x00, 0x00, 0x00, 0xFC, 0x00, 0x00, 0x00, 0x00, 0xB8, 0x00, 0x00, 0x00,
    0x00, 0xB0, 0x00, 0x00, 0x00, 0x00, 0xF0, 0x00, 0x00, 0x00, 0x00, 0xE0, 0x00, 0x00, 0x00, 0x03,
    0xC0, 0x00, 0x00, 0x00, 0x03, 0x80, 0x00, 0x00, 0x2F, 0xAF, 0x00, 0x00, 0x00, 0x3F, 0xFE, 0x00,
    0x00, 0x00, 0x3F, 0xF8, 0x00, 0x00, 0x00, 0x0A, 0x80, 0x00, 0x00, 0x00, 0x00, 0x00, 0x00, 0x00,
    0x00, 0x2F, 0xF9, 0x06, 0xFF, 0x80, 0x0B, 0xF0, 0x00, 0xFE, 0x00, 0x03, 0xF0, 0x00, 0xFC, 0x00,
    0x03, 0xF0, 0x00, 0xFC, 0x00, 0x03, 0xF0, 0x00, 0xFC, 0x00, 0x03, 0xF0, 0x00, 0xFC, 0x00, 0x03,
    0xF0, 0x00, 0xFC, 0x00, 0x03, 0xF0, 0x00, 0xFC, 0x00, 0x03, 0xF0, 0x00, 0xFC, 0x00, 0x03, 0xF0,
    0x00, 0xFC, 0x00, 0x03, 0xF0, 0x00, 0xFC, 0x00, 0x03, 0xF0, 0x00, 0xFC, 0x00, 0x03, 0xF0, 0x00,
    0xFC, 0x00, 0x07, 0xF0, 0x00, 0xFD, 0x00, 0x0B, 0xF8, 0x02, 0xFE, 0x00, 0xBF, 0xFF, 0xFF, 0xFF,
    0xE0, 0x00, 0x02, 0xF8, 0x00, 0x00, 0x00, 0x02, 0xF8, 0x00, 0x00, 0x00, 0x02, 0xF8, 0x00, 0x00,
    0x00, 0x02, 0xF8, 0x00, 0x00, 0x00, 0x00, 0x00, 0x00, 0x00, 0x00, 0x00, 0x00, 0x00, 0x00, 0x00,
    0x00, 0x00, 0x00, 0xFE, 0x00, 0x00, 0x00, 0x00, 0x00, 0x00, 0xFE, 0x00, 0x00, 0x00, 0x00, 0x00,
    0x00, 0xFE, 0x00, 0x00, 0x00, 0x00, 0x00, 0x00, 0xFE, 0x00, 0x00, 0x00, 0x00, 0xBF, 0xFF, 0xFF,
    0xFF, 0xFF, 0xE0, 0x00, 0xBF, 0xFF, 0xFF, 0xFF, 0xFF, 0xE0, 0x00, 0xBF, 0xFF, 0xFF, 0xFF, 0xFF,
    0xE0, 0x00, 0x00, 0x00, 0xFE, 0x00, 0x00, 0x00, 0x00, 0x00, 0x00, 0xFE, 0x00, 0x00, 0x00, 0x00,
    0x00, 0x00, 0xFE, 0x00, 0x00, 0x00, 0x00, 0x00, 0x00, 0xFF, 0xAA, 0xA8, 0x00, 0x00, 0x00, 0x00,
    0xFF, 0xFF, 0xFF, 0xFE, 0x00, 0x00, 0x00, 0xFF, 0xFF, 0xFF, 0xFF, 0xC0, 0x00, 0x00, 0xFF, 0xFF,
    0xFF, 0xFF, 0xF0, 0x00, 0x00, 0xFE, 0x00, 0x00, 0x2F, 0xFC, 0x00, 0x00, 0xFE, 0x00, 0x00, 0x03,
    0xFC, 0x00, 0x00, 0xFE, 0x00, 0x00, 0x02, 0xFE, 0x00, 0x00, 0xFE, 0x00, 0x00, 0x00, 0xFE, 0x00,
    0x00, 0xFE, 0x00, 0x00, 0x00, 0xFE, 0x00, 0x00, 0xFE, 0x00, 0x00, 0x01, 0xFE, 0x00, 0x00, 0xFE,
    0x00, 0x00, 0x03, 0xFC, 0x00, 0x00, 0xFE, 0x00, 0x00, 0x0B, 0xFC, 0x00, 0x00, 0xFF, 0x00, 0x00,
    0xBF, 0xF8, 0x00, 0x00, 0xFF, 0xFF, 0xFF, 0xFF, 0xF0, 0x00, 0x00, 0xFF, 0xFF, 0xFF, 0xFF, 0x80,
    0x00, 0x00, 0xFF, 0xFF, 0xFF, 0xE8, 0x00, 0x00, 0x00, 0x00, 0x00, 0x00, 0x00, 0x00, 0x0B, 0xE0,
    0x00, 0x00, 0x00, 0x00, 0x0B, 0xE0, 0x00, 0x00, 0x00, 0x00, 0x0B, 0xE0, 0x00, 0x00, 0x00, 0x00,
    0x0B, 0xE0, 0x00, 0x00, 0x00, 0x00, 0x0B, 0xE0, 0x00, 0x00, 0x00, 0x00, 0x0B, 0xE0, 0x00, 0x00,
    0x00, 0x00, 0x0B, 0xE0, 0x00, 0x00, 0x00, 0xBF, 0xFF, 0xFF, 0xFE, 0x00, 0x00, 0xBF, 0xFF, 0xFF,
    0xFE, 0x00, 0x00, 0xBF, 0xFF, 0xFF, 0xFE, 0x00, 0x00, 0x00, 0x0B, 0xE0, 0x00, 0x00, 0x00, 0x00,
    0x0B, 0xE0, 0x00, 0x00, 0x00, 0x00, 0x0B, 0xE0, 0x00, 0x00, 0x00, 0x00, 0x0B, 0xE0, 0x00, 0x00,
    0x00, 0x00, 0x0B, 0xFF, 0xFF, 0xE0, 0x00, 0x00, 0x0B, 0xFF, 0xFF, 0xFE, 0x00, 0x00, 0x0B, 0xFF,
    0xFF, 0xFF, 0x40, 0x00, 0x0B, 0xE0, 0x00, 0x3F, 0xC0, 0x00, 0x0B, 0xE0, 0x00, 0x1F, 0xC0, 0x00,
    0x0B, 0xE0, 0x00, 0x0F, 0xE0, 0x00, 0x0B, 0xE0, 0x00, 0x0F, 0xE0, 0x00, 0x0B, 0xE0, 0x00, 0x1F,
    0xC0, 0x00, 0x0B, 0xE0, 0x00, 0x7F, 0xC0, 0x00, 0x0B, 0xFF, 0xFF, 0xFF, 0x40, 0x00, 0x0B, 0xFF,
    0xFF, 0xFE, 0x00, 0x00, 0x0B, 0xFF, 0xFF, 0xE0, 0x00, 0x00, 0x00, 0x0A, 0xAA, 0x00, 0x00, 0x00,
    0x00, 0x02, 0xFF, 0xFF, 0xF8, 0x00, 0x00, 0x00, 0x2F, 0xFF, 0xFF, 0xFF, 0x80, 0x00, 0x00, 0xBF,
    0xFE, 0xAB, 0xFF, 0xE0, 0x00, 0x02, 0xFF, 0x80, 0x00, 0x2F, 0xF8, 0x00, 0x0B, 0xFC, 0x00, 0x00,
    0x03, 0xFE, 0x00, 0x0F, 0xF0, 0x00, 0x00, 0x00, 0xFF, 0x00, 0x2F, 0xE0, 0x00, 0x00, 0x00, 0xBF,
    0x80, 0x3F, 0xC0, 0x00, 0x00, 0x00, 0x3F, 0xC0, 0x3F, 0x80, 0x00, 0x00, 0x00, 0x2F, 0xC0, 0x3F,
    0x00, 0x00, 0x00, 0x00, 0x0F, 0xC0, 0xBF, 0x00, 0x00, 0x00, 0x00, 0x0F, 0xE0, 0xBF, 0xFF, 0xFF,
    0xFF, 0xFF, 0xFF, 0xE0, 0xBF, 0xFF, 0xFF, 0xFF, 0xFF, 0xFF, 0xE0, 0xBF, 0xFF, 0xFF, 0xFF, 0xFF,
    0xFF, 0xE0, 0xBF, 0x00, 0x00, 0x00, 0x00, 0x0F, 0xE0, 0x7F, 0x00, 0x00, 0x00, 0x00, 0x0F, 0xE0,
    0x3F, 0x00, 0x00, 0x00, 0x00, 0x0F, 0xC0, 0x3F, 0x80, 0x00, 0x00, 0x00, 0x2F, 0xC0, 0x2F, 0xC0,
    0x00, 0x00, 0x00, 0x3F, 0x80, 0x0F, 0xE0, 0x00, 0x00, 0x00, 0xBF, 0x00, 0x0B, 0xF0, 0x00, 0x00,
    0x00, 0xFE, 0x00, 0x03, 0xFC, 0x00, 0x00, 0x03, 0xFC, 0x00, 0x01, 0xFF, 0x80, 0x00, 0x2F, 0xF4,
    0x00, 0x00, 0x3F, 0xFE, 0xAB, 0xFF, 0xD0, 0x00, 0x00, 0x0F, 0xFF, 0xFF, 0xFF, 0x00, 0x00, 0x00,
    0x02, 0xFF, 0xFF, 0xF8, 0x00, 0x00, 0x00, 0x00, 0x06, 0xA9, 0x00, 0x00, 0x00, 0x00, 0x02, 0xA8,
    0x00, 0x00, 0x00, 0xBF, 0xFF, 0xE0, 0x00, 0x03, 0xFF, 0xFF, 0xFC, 0x00, 0x0F, 0xFE, 0x5B, 0xFF,
    0x00, 0x2F, 0xF0, 0x00, 0xFF, 0x80, 0x3F, 0xC0, 0x00, 0x3F, 0xC0, 0x3F, 0x80, 0x00, 0x1F, 0xC0,
    0xBF, 0x00, 0x00, 0x0F, 0xE0, 0xBF, 0x00, 0x00, 0x0F, 0xE0, 0xFF, 0xFF, 0xFF, 0xFF, 0xF0, 0xFF,
    0xFF, 0xFF, 0xFF, 0xF0, 0xBF, 0xFF, 0xFF, 0xFF, 0xF0, 0xBF, 0x00, 0x00, 0x0F, 0xE0, 0xBF, 0x00,
    0x00, 0x0F, 0xE0, 0x3F, 0x80, 0x00, 0x2F, 0xC0, 0x3F, 0xC0, 0x00, 0x3F, 0xC0, 0x1F, 0xF0, 0x00,
    0xFF, 0x80, 0x0B, 0xFE, 0xAB, 0xFF, 0x00, 0x03, 0xFF, 0xFF, 0xFC, 0x00, 0x00, 0x7F, 0xFF, 0xD0,
    0x00, 0x00, 0x01, 0xA4, 0x00, 0x00, 0x00, 0x00, 0x00, 0x00, 0x00, 0x2A, 0x80, 0x3F, 0xC0, 0x00,
    0x00, 0x01, 0xFF, 0xC0, 0x3F, 0xE0, 0x00, 0x00, 0x03, 0xFF, 0xC0, 0x2F, 0xF0, 0x00, 0x00, 0x0F,
    0xFE, 0x80, 0x0F, 0xF0, 0x00, 0x00, 0x0F, 0xF0, 0x00, 0x0F, 0xF8, 0x00, 0x00, 0x2F, 0xC0, 0x00,
    0x0B, 0xFC, 0x00, 0x00, 0x3F, 0xC0, 0x00, 0x03, 0xFC, 0x00, 0x00, 0x3F, 0x40, 0x00, 0x03, 0xFD,
    0x00, 0x00, 0xBF, 0x00, 0x00, 0x02, 0xFE, 0x00, 0x00, 0xFE, 0x00, 0x00, 0x00, 0xFF, 0x00, 0x00,
    0xFD, 0x00, 0x00, 0x00, 0xFF, 0x00, 0x02, 0xFC, 0x00, 0x00, 0x00, 0x7F, 0x80, 0x03, 0xF8, 0x00,
    0x00, 0x00, 0x3F, 0xC0, 0x03, 0xF0, 0x00, 0x00, 0x00, 0x2F, 0xC0, 0x0B, 0xF0, 0x00, 0x00, 0x00,
    0x1F, 0xE0, 0x0F, 0xE0, 0x00, 0x00, 0x00, 0x0F, 0xF0, 0x0F, 0xC0, 0x00, 0x00, 0x00, 0x0B, 0xF0,
    0x2F, 0xC0, 0x00, 0x00, 0x00, 0x03, 0xF4, 0x3F, 0x80, 0x00, 0x00, 0x00, 0x03, 0xF8, 0x3F, 0x00,
    0x00, 0x00, 0x00, 0x02, 0xFC, 0xBF, 0x00, 0x00, 0x00, 0x00, 0x00, 0xFD, 0xFE, 0x00, 0x00, 0x00,
    0x00, 0x00, 0xFF, 0xFC, 0x00, 0x00, 0x00, 0x00, 0x00, 0xBF, 0xFC, 0x00, 0x00, 0x00, 0x00, 0x00,
    0x3F, 0xF8, 0x00, 0x00, 0x00, 0x00, 0x00, 0x3F, 0xF0, 0x00, 0x00, 0x00, 0x00, 0x00, 0x2F, 0xF0,
    0x00, 0x00, 0x00, 0x00, 0x00, 0x00, 0x00, 0xA8, 0x3F, 0x80, 0x00, 0x03, 0xFF, 0x2F, 0xC0, 0x00,
    0x0F, 0xFF, 0x0F, 0xC0, 0x00, 0x1F, 0xE0, 0x0F, 0xE0, 0x00, 0x3F, 0x80, 0x0B, 0xF0, 0x00, 0x3F,
    0x00, 0x03, 0xF0, 0x00, 0x7F, 0x00, 0x03, 0xF8, 0x00, 0xBD, 0x00, 0x02, 0xFC, 0x00, 0xFC, 0x00,
    0x00, 0xFC, 0x01, 0xF8, 0x00, 0x00, 0xFE, 0x02, 0xF0, 0x00, 0x00, 0x7F, 0x03, 0xF0, 0x00, 0x00,
    0x3F, 0x03, 0xE0, 0x00, 0x00, 0x2F, 0x8B, 0xC0, 0x00, 0x00, 0x1F, 0xCF, 0xC0, 0x00, 0x00, 0x0F,
    0xEF, 0x80, 0x00, 0x00, 0x0B, 0xFF, 0x00, 0x00, 0x00, 0x03, 0xFF, 0x00, 0x00, 0x00, 0x03, 0xFE,
    0x00, 0x00, 0x00, 0x02, 0xFC, 0x00, 0x00, 0x00, 0x00, 0x00, 0x00, 0x00, 0x00, 0x00, 0xBC, 0x00,
    0x3F, 0x00, 0x00, 0x00, 0xBC, 0x00, 0x3F, 0x00, 0x00, 0x00, 0xBE, 0x00, 0x7E, 0x00, 0x00, 0x00,
    0x3F, 0x82, 0xFC, 0x00, 0x00, 0x00, 0x0F, 0xFF, 0xF0, 0x00, 0x00, 0x00, 0x00, 0xAA, 0x40, 0x00,
    0x00, 0x00, 0x00, 0x00, 0x00, 0x00, 0x00, 0x00, 0x00, 0x00, 0x00, 0x00, 0x00, 0xBF, 0x00, 0x00,
    0x00, 0xFF, 0x40, 0xBF, 0x00, 0x00, 0x02, 0xFF, 0x40, 0xBF, 0x00, 0x00, 0x03, 0xFF, 0x40, 0xBF,
    0x00, 0x00, 0x0F, 0xFF, 0x40, 0xBF, 0x00, 0x00, 0x1F, 0xFF, 0x40, 0xBF, 0x00, 0x00, 0x3F, 0xFF,
    0x40, 0xBF, 0x00, 0x00, 0xBF, 0xBF, 0x40, 0xBF, 0x00, 0x00, 0xFC, 0xBF, 0x40, 0xBF, 0x00, 0x03,
    0xF8, 0xBF, 0x40, 0xBF, 0x00, 0x07, 0xF0, 0xBF, 0x40, 0xBF, 0x00, 0x0F, 0xE0, 0xBF, 0x40, 0xBF,
    0x00, 0x2F, 0xC0, 0xBF, 0x40, 0xBF, 0x00, 0x3F, 0x00, 0xBF, 0x40, 0xBF, 0x00, 0xFE, 0x00, 0xBF,
    0x40, 0xBF, 0x02, 0xFC, 0x00, 0xBF, 0x40, 0xBF, 0x03, 0xF8, 0x00, 0xBF, 0x40, 0xBF, 0x0B, 0xF0,
    0x00, 0xBF, 0x40, 0xBF, 0x0F, 0xC0, 0x00, 0xBF, 0x40, 0xBF, 0x3F, 0x80, 0x00, 0xBF, 0x40, 0xBF,
    0xBF, 0x00, 0x00, 0xBF, 0x40, 0xBF, 0xFE, 0x00, 0x00, 0xBF, 0x40, 0xBF, 0xFC, 0x00, 0x00, 0xBF,
    0x40, 0xBF, 0xF0, 0x00, 0x00, 0xBF, 0x80, 0xBF, 0xE0, 0x00, 0x00, 0xBF, 0xFE, 0xBF, 0xC0, 0x00,
    0x00, 0xBF, 0xFC, 0xBF, 0x40, 0x00, 0x00, 0xBF, 0xFC, 0x00, 0x00, 0x00, 0x00, 0x07, 0xF4, 0x00,
    0x00, 0x00, 0x00, 0x0F, 0xF0, 0x00, 0x00, 0x00, 0x00, 0x0F, 0xE0, 0x00, 0x00, 0x00, 0x00, 0x2F,
    0xC0, 0x00, 0x00, 0x00, 0x00, 0x3F, 0x80, 0x00, 0x00, 0x00, 0x00, 0x00, 0x00, 0x02, 0x80, 0x02,
    0xA0, 0x00, 0x0F, 0xC0, 0x03, 0xF0, 0x00, 0x0B, 0xC0, 0x03, 0xE0, 0x00, 0x03, 0xF0, 0x0B, 0xE0,
    0x00, 0x02, 0xFE, 0xBF, 0xC0, 0x00, 0x00, 0xBF, 0xFE, 0x00, 0x00, 0x00, 0x00, 0x00, 0x00, 0x00,
    0x00, 0x00, 0x00, 0x00, 0x00, 0x00, 0x00, 0x00, 0x00, 0x00, 0x00, 0x00, 0x00, 0x00, 0x00, 0xBF,
    0x00, 0x00, 0xFF, 0x00, 0xBF, 0x00, 0x02, 0xFF, 0x00, 0xBF, 0x00, 0x03, 0xFF, 0x00, 0xBF, 0x00,
    0x0F, 0xFF, 0x00, 0xBF, 0x00, 0x2F, 0xFF, 0x00, 0xBF, 0x00, 0x3F, 0xBF, 0x00, 0xBF, 0x00, 0xBE,
    0x3F, 0x00, 0xBF, 0x00, 0xFC, 0x3F, 0x00, 0xBF, 0x03, 0xF8, 0x3F, 0x00, 0xBF, 0x0B, 0xF0, 0x3F,
    0x00, 0xBF, 0x0F, 0xC0, 0x3F, 0x00, 0xBF, 0x3F, 0x80, 0x3F, 0x00, 0xBF, 0x7F, 0x00, 0x3F, 0x00,
    0xBF, 0xFD, 0x00, 0x3F, 0x00, 0xBF, 0xFC, 0x00, 0x3F, 0x00, 0xBF, 0xF0, 0x00, 0x3F, 0x00, 0xBF,
    0xE0, 0x00, 0x3F, 0xFC, 0xBF, 0xC0, 0x00, 0x3F, 0xFC, 0xBF, 0x00, 0x00, 0x3F, 0xF4, 0x00, 0x00,
    0x00, 0x0B, 0xF0, 0x00, 0x00, 0x00, 0x0F, 0xE0, 0x00, 0x00, 0x00, 0x2F, 0xC0, 0x00, 0x00, 0x00,
    0x3F, 0x80, 0x00, 0x00, 0x00, 0x3F, 0x00, 0x00, 0x00, 0x00, 0x00, 0x00, 0x00, 0x00, 0x00, 0x00,
    0x00, 0x01, 0xFE, 0x00, 0x00, 0x00, 0x01, 0xFE, 0x00, 0x00, 0x00, 0x02, 0xFE, 0x00, 0x00, 0x00,
    0xBF, 0xFF, 0xFF, 0xE0, 0x00, 0xBF, 0xFF, 0xFF, 0xE0, 0x00, 0x02, 0xFE, 0x00, 0x00, 0x00, 0x01,
    0xFE, 0x00, 0x00, 0x00, 0x01, 0xFE, 0x00, 0x00, 0x00, 0x01, 0xFE, 0x00, 0x00, 0x00, 0x01, 0xFE,
    0x00, 0x00, 0x00, 0x01, 0xFE, 0x00, 0x00, 0x00, 0x01, 0xFF, 0xFF, 0xF8, 0x00, 0x01, 0xFF, 0xFF,
    0xFF, 0xC0, 0x01, 0xFF, 0xFF, 0xFF, 0xF0, 0x01, 0xFE, 0x00, 0x2F, 0xFC, 0x01, 0xFE, 0x00, 0x03,
    0xFC, 0x01, 0xFE, 0x00, 0x02, 0xFE, 0x01, 0xFE, 0x00, 0x00, 0xFE, 0x01, 0xFE, 0x00, 0x00, 0xFE,
    0x01, 0xFE, 0x00, 0x02, 0xFE, 0x01, 0xFE, 0x00, 0x03, 0xFC, 0x01, 0xFE, 0x00, 0x0B, 0xFC, 0x01,
    0xFE, 0x00, 0xBF, 0xF0, 0x01, 0xFF, 0xFF, 0xFF, 0xE0, 0x01, 0xFF, 0xFF, 0xFF, 0x00, 0x01, 0xFF,
    0xFF, 0xA0, 0x00, 0x00, 0xFC, 0x00, 0x00, 0x00, 0x01, 0xFC, 0x00, 0x00, 0x00, 0x01, 0xFC, 0x00,
    0x00, 0x00, 0x02, 0xFE, 0x00, 0x00, 0x00, 0xBF, 0xFF, 0xFF, 0xC0, 0x00, 0xBF, 0xFF, 0xFF, 0xC0,
    0x00, 0x02, 0xFE, 0x00, 0x00, 0x00, 0x01, 0xFC, 0x00, 0x00, 0x00, 0x01, 0xFC, 0x00, 0x00, 0x00,
    0x01, 0xFC, 0x00, 0x00, 0x00, 0x01, 0xFC, 0x00, 0x00, 0x00, 0x01, 0xFE, 0xA9, 0x00, 0x00, 0x01,
    0xFF, 0xFF, 0xF8, 0x00, 0x01, 0xFF, 0xFF, 0xFE, 0x00, 0x01, 0xFD, 0x07, 0xFF, 0x00, 0x01, 0xFC,
    0x00, 0xBF, 0x80, 0x01, 0xFC, 0x00, 0x3F, 0xC0, 0x01, 0xFC, 0x00, 0x3F, 0xC0, 0x01, 0xFC, 0x00,
    0xBF, 0x80, 0x01, 0xFC, 0x02, 0xFF, 0x00, 0x01, 0xFF, 0xFF, 0xFE, 0x00, 0x01, 0xFF, 0xFF, 0xF8,
    0x00, 0x01, 0xFF, 0xFE, 0x80, 0x00, 0x00, 0x00, 0x00, 0x00, 0x00, 0xBF, 0xFF, 0xFF, 0x80, 0x00,
    0xBF, 0xFF, 0xFF, 0xF8, 0x00, 0xBF, 0xAA, 0xFF, 0xFC, 0x00, 0xBF, 0x00, 0x0B, 0xFF, 0x00, 0xBF,
    0x00, 0x02, 0xFF, 0x00, 0xBF, 0x00, 0x00, 0xFF, 0x00, 0xBF, 0x00, 0x00, 0xFF, 0x00, 0xBF, 0x00,
    0x00, 0xFF, 0x00, 0xBF, 0x00, 0x00, 0xFF, 0x00, 0xBF, 0x0F, 0x40, 0xFF, 0x00, 0xBF, 0x0F, 0xC3,
    0xFE, 0x00, 0xBF, 0x03, 0xEF, 0xFC, 0x00, 0xBF, 0x9B, 0xFF, 0xF0, 0x00, 0xBF, 0xFF, 0xFF, 0xC0,
    0x00, 0xBF, 0xFF, 0xFE, 0x00, 0x00, 0xBF, 0xA9, 0xBE, 0x00, 0x00, 0xBF, 0x00, 0x3F, 0x00, 0x00,
    0xBF, 0x00, 0x0F, 0x80, 0x00, 0xBF, 0x00, 0x06, 0x00, 0x00, 0xBF, 0x00, 0x00, 0x00, 0x00, 0xBF,
    0x00, 0x00, 0x00, 0x00, 0xBF, 0x00, 0x00, 0x00, 0x00, 0xBF, 0x00, 0x00, 0x00, 0x00, 0xBF, 0x00,
    0x00, 0x00, 0x00, 0xBF, 0x00, 0x00, 0x00, 0x00, 0xBF, 0x00, 0x00, 0x00, 0x00, 0x00, 0x00, 0xAA,
    0x80, 0x00, 0xBF, 0x0B, 0xFF, 0xF8, 0x00, 0xBF, 0x3F, 0xFF, 0xFE, 0x00, 0xBF, 0xFF, 0xAB, 0xFF,
    0x00, 0xBF, 0xF8, 0x00, 0xBF, 0xC0, 0xBF, 0xC0, 0x00, 0x3F, 0xC0, 0xBF, 0x00, 0x00, 0x2F, 0xE0,
    0xBF, 0x00, 0x00, 0x0F, 0xE0, 0xBF, 0x00, 0x00, 0x0F, 0xE0, 0xBF, 0x00, 0x00, 0x0F, 0xF0, 0xBF,
    0x00, 0x00, 0x0F, 0xE0, 0xBF, 0x00, 0x00, 0x0F, 0xE0, 0xBF, 0x00, 0x00, 0x0F, 0xE0, 0xBF, 0x00,
    0x00, 0x2F, 0xD0, 0xBF, 0x01, 0xF0, 0x3F, 0xC0, 0xBF, 0x80, 0xFC, 0x7F, 0x80, 0xBF, 0xE0, 0x7E,
    0xFF, 0x00, 0xBF, 0xFE, 0xBF, 0xFE, 0x00, 0xBF, 0xBF, 0xFF, 0xF8, 0x00, 0xBF, 0x0F, 0xFF, 0xC0,
    0x00, 0xBF, 0x00, 0x0B, 0xC0, 0x00, 0xBF, 0x00, 0x03, 0xF0, 0x00, 0xBF, 0x00, 0x01, 0xF0, 0x00,
    0xBF, 0x00, 0x00, 0xA0, 0x00, 0xBF, 0x00, 0x00, 0x00, 0x00, 0xBF, 0x00, 0x00, 0x00, 0x00, 0xBF,
    0x00, 0x00, 0x00, 0x00, 0x00, 0x00, 0x00, 0x00, 0x06, 0x00, 0x00, 0x00, 0x00, 0x0A, 0x00, 0x00,
    0x00, 0x00, 0x0E, 0x00, 0x00, 0x00, 0x00, 0x3D, 0x00, 0x00, 0x00, 0x01, 0xFC, 0xBF, 0xFF, 0xFF,
    0xFF, 0xFC, 0x03, 0xFF, 0xAA, 0xAA, 0xA8, 0x02, 0xFE, 0x00, 0x00, 0x00, 0x02, 0xFC, 0x00, 0x00,
    0x00, 0x02, 0xFC, 0x00, 0x00, 0x00, 0x02, 0xFC, 0x00, 0x00, 0x00, 0x02, 0xFC, 0x00, 0x00, 0x00,
    0x02, 0xFC, 0x00, 0x00, 0x00, 0x02, 0xFC, 0x00, 0x00, 0x00, 0x02, 0xFC, 0x00, 0x00, 0x00, 0x02,
    0xFC, 0x00, 0x00, 0x00, 0x02, 0xFC, 0x00, 0x00, 0x00, 0x02, 0xFC, 0x00, 0x00, 0x00, 0x02, 0xFC,
    0x00, 0x00, 0x00, 0x02, 0xFC, 0x00, 0x00, 0x00, 0x02, 0xFC, 0x00, 0x00, 0x00, 0x02, 0xFC, 0x00,
    0x00, 0x00, 0x02, 0xFC, 0x00, 0x00, 0x00, 0x02, 0xFC, 0x00, 0x00, 0x00, 0x02, 0xFC, 0x00, 0x00,
    0x00, 0x02, 0xFC, 0x00, 0x00, 0x00, 0x02, 0xFE, 0x00, 0x00, 0x00, 0x0B, 0xFF, 0x80, 0x00, 0x00,
    0xBF, 0xFF, 0xFC, 0x00, 0x00, 0x00, 0x00, 0x00, 0x00, 0x00, 0x00, 0x00, 0x30, 0x00, 0x00, 0x00,
    0x30, 0x00, 0x00, 0x00, 0xF0, 0x00, 0x00, 0x6B, 0xF0, 0x2F, 0xFF, 0xFF, 0xF0, 0x0B, 0xF0, 0x00,
    0x00, 0x03, 0xF0, 0x00, 0x00, 0x03, 0xF0, 0x00, 0x00, 0x03, 0xF0, 0x00, 0x00, 0x03, 0xF0, 0x00,
    0x00, 0x03, 0xF0, 0x00, 0x00, 0x03, 0xF0, 0x00, 0x00, 0x03, 0xF0, 0x00, 0x00, 0x03, 0xF0, 0x00,
    0x00, 0x03, 0xF0, 0x00, 0x00, 0x03, 0xF0, 0x00, 0x00, 0x03, 0xF0, 0x00, 0x00, 0x07, 0xF0, 0x00,
    0x00, 0x0B, 0xF0, 0x00, 0x00, 0xBF, 0xFF, 0x80, 0x00, 0x00, 0x00, 0x00, 0x00, 0x00, 0xBF, 0xFF,
    0xFF, 0xFF, 0xFE, 0x03, 0xFF, 0xAA, 0xAA, 0xFE, 0x02, 0xFE, 0x00, 0x00, 0x3E, 0x02, 0xFC, 0x00,
    0x00, 0x0E, 0x02, 0xFC, 0x00, 0x00, 0x0E, 0x02, 0xFC, 0x00, 0x00, 0x0A, 0x02, 0xFC, 0x00, 0x00,
    0x00, 0x02, 0xFC, 0x00, 0x00, 0x00, 0x02, 0xFC, 0x00, 0x00, 0x00, 0x02, 0xFC, 0x00, 0x00, 0x00,
    0x02, 0xFD, 0x00, 0x00, 0x00, 0xBF, 0xFF, 0xF0, 0x00, 0x00, 0xBF, 0xFF, 0xF0, 0x00, 0x00, 0x2A,
    0xFE, 0xA0, 0x00, 0x00, 0x02, 0xFC, 0x00, 0x00, 0x00, 0x02, 0xFC, 0x00, 0x00, 0x00, 0x02, 0xFC,
    0x00, 0x00, 0x00, 0x02, 0xFC, 0x00, 0x00, 0x00, 0x02, 0xFC, 0x00, 0x00, 0x00, 0x02, 0xFC, 0x00,
    0x00, 0x00, 0x02, 0xFC, 0x00, 0x00, 0x00, 0x02, 0xFE, 0x00, 0x00, 0x00, 0x0B, 0xFF, 0x80, 0x00,
    0x00, 0xBF, 0xFF, 0xFC, 0x00, 0x00, 0x00, 0x00, 0x00, 0x00, 0x2F, 0xFF, 0xFF, 0xF0, 0x0B, 0xF0,
    0x02, 0xF0, 0x03, 0xF0, 0x00, 0xB0, 0x03, 0xF0, 0x00, 0x30, 0x03, 0xF0, 0x00, 0x30, 0x03, 0xF0,
    0x00, 0x00, 0x03, 0xF0, 0x00, 0x00, 0x03, 0xF0, 0x00, 0x00, 0x6F, 0xFA, 0x00, 0x00, 0xBF, 0xFF,
    0x00, 0x00, 0x6F, 0xFA, 0x00, 0x00, 0x03, 0xF0, 0x00, 0x00, 0x03, 0xF0, 0x00, 0x00, 0x07, 0xF0,
    0x00, 0x00, 0x0B, 0xF0, 0x00, 0x00, 0xBF, 0xFF, 0x80, 0x00, 0x00, 0x00, 0x00, 0x00, 0x00, 0xBF,
    0xFF, 0xFF, 0xFE, 0x00, 0xBF, 0xFF, 0xFF, 0xFE, 0x00, 0xBF, 0xAA, 0xAA, 0xA9, 0x00, 0xBF, 0x00,
    0x00, 0x00, 0x00, 0xBF, 0x00, 0x00, 0x00, 0x00, 0xBF, 0x00, 0x00, 0x00, 0x00, 0xBF, 0x00, 0x00,
    0x00, 0x00, 0xBF, 0x00, 0x00, 0x00, 0x00, 0xBF, 0x00, 0x00, 0x00, 0x00, 0xBF, 0x00, 0x00, 0x00,
    0x00, 0xBF, 0x0B, 0xFF, 0xE0, 0x00, 0xBF, 0xFF, 0xFF, 0xFC, 0x00, 0xBF, 0xFF, 0xFF, 0xFF, 0x00,
    0xBF, 0xF8, 0x02, 0xFF, 0xC0, 0xBF, 0xC0, 0x00, 0x3F, 0xD0, 0xBF, 0x00, 0x00, 0x2F, 0xF0, 0xBF,
    0x00, 0x00, 0x0F, 0xF0, 0xBF, 0x00, 0x00, 0x0F, 0xF0, 0xBF, 0x00, 0x00, 0x0F, 0xF0, 0xBF, 0x00,
    0x00, 0x0F, 0xF0, 0xBF, 0x00, 0x00, 0x0F, 0xF0, 0xBF, 0x00, 0x00, 0x0F, 0xF0, 0xBF, 0x00, 0x00,
    0x0F, 0xF0, 0xBF, 0x00, 0x00, 0x0F, 0xF0, 0xBF, 0x00, 0x00, 0x2F, 0xE0, 0xBF, 0x00, 0x00, 0x3F,
    0xC0, 0x00, 0x00, 0x00, 0xBF, 0x80, 0x00, 0x00, 0x02, 0xFF, 0x00, 0x00, 0x03, 0xFF, 0xFC, 0x00,
    0x00, 0x03, 0xFF, 0xE0, 0x00, 0x00, 0x03, 0xFE, 0x00, 0x00, 0x00, 0x00, 0x00, 0x00, 0x00, 0x00,
    0x00, 0x00, 0x00, 0xBF, 0xFF, 0xFF, 0xE0, 0xBF, 0xFF, 0xFF, 0xE0, 0xBF, 0xAA, 0xAA, 0x90, 0xBF,
    0x00, 0x00, 0x00, 0xBF, 0x00, 0x00, 0x00, 0xBF, 0x00, 0x00, 0x00, 0xBF, 0x00, 0x00, 0x00, 0xBF,
    0x0A, 0xA4, 0x00, 0xBF, 0xFF, 0xFF, 0x00, 0xBF, 0xFF, 0xFF, 0xC0, 0xBF, 0xF8, 0xBF, 0xF0, 0xBF,
    0x40, 0x0F, 0xF0, 0xBF, 0x00, 0x0B, 0xF8, 0xBF, 0x00, 0x03, 0xFC, 0xBF, 0x00, 0x03, 0xFC, 0xBF,
    0x00, 0x03, 0xFC, 0xBF, 0x00, 0x03, 0xFC, 0xBF, 0x00, 0x03, 0xFC, 0xBF, 0x00, 0x0B, 0xF8, 0x00,
    0x00, 0x0F, 0xF0, 0x00, 0x00, 0x3F, 0xE0, 0x00, 0x0A, 0xFF, 0xC0, 0x00, 0x0F, 0xFF, 0x00, 0x00,
    0x0F, 0xF8, 0x00, 0x00, 0x00, 0x00, 0x00, 0x00, 0x00, 0x00, 0x00, 0x00, 0x00, 0x00, 0x00, 0x00,
    0x7F, 0xFF, 0xC0, 0xBF, 0xFF, 0xF0, 0x0F, 0xFF, 0xF0, 0x07, 0xFC, 0x00, 0x07, 0xFF, 0x00, 0x00,
    0xFE, 0x00, 0x00, 0xBC, 0x00, 0x02, 0xFC, 0x00, 0x01, 0xF8, 0x00, 0x00, 0x2F, 0x00, 0x02, 0xFC,
    0x00, 0x03, 0xC0, 0x00, 0x00, 0x0B, 0x80, 0x02, 0xFC, 0x00, 0x0F, 0x00, 0x00, 0x00, 0x02, 0xE0,
    0x02, 0xFC, 0x00, 0x3C, 0x00, 0x00, 0x00, 0x00, 0xB8, 0x02, 0xFC, 0x00, 0xF0, 0x00, 0x00, 0x00,
    0x00, 0x2E, 0x02, 0xFC, 0x03, 0xC0, 0x00, 0x00, 0x00, 0x00, 0x0B, 0x82, 0xFC, 0x0F, 0x00, 0x00,
    0x00, 0x00, 0x00, 0x02, 0xE2, 0xFC, 0x3C, 0x00, 0x00, 0x00, 0x00, 0x00, 0x00, 0xFA, 0xFD, 0xFC,
    0x00, 0x00, 0x00, 0x00, 0x00, 0x03, 0xFF, 0xFF, 0xFE, 0x00, 0x00, 0x00, 0x00, 0x00, 0x0B, 0xFF,
    0xFF, 0xFF, 0x00, 0x00, 0x00, 0x00, 0x00, 0x2F, 0xFA, 0xFC, 0xFF, 0xC0, 0x00, 0x00, 0x00, 0x00,
    0x3F, 0xE2, 0xFC, 0x3F, 0xF0, 0x00, 0x00, 0x00, 0x00, 0xFF, 0xC2, 0xFC, 0x0F, 0xFC, 0x00, 0x00,
    0x00, 0x03, 0xFF, 0x02, 0xFC, 0x03, 0xFE, 0x00, 0x00, 0x00, 0x0F, 0xFC, 0x02, 0xFC, 0x02, 0xFF,
    0x40, 0x00, 0x00, 0x2F, 0xF0, 0x02, 0xFC, 0x00, 0xBF, 0xC0, 0x00, 0x00, 0xBF, 0xE0, 0x02, 0xFC,
    0x00, 0x3F, 0xF0, 0x00, 0x00, 0xFF, 0x80, 0x02, 0xFC, 0x00, 0x0F, 0xFC, 0x00, 0x03, 0xFF, 0x00,
    0x03, 0xFD, 0x00, 0x03, 0xFE, 0x00, 0x0F, 0xFE, 0x00, 0x0B, 0xFF, 0x00, 0x03, 0xFF, 0x80, 0xFF,
    0xFF, 0xF0, 0xFF, 0xFF, 0xF4, 0x3F, 0xFF, 0xF8, 0x00, 0x00, 0x00, 0x00, 0x00, 0x00, 0x00, 0x03,
    0xF8, 0x00, 0x00, 0x00, 0x00, 0x00, 0x00, 0x00, 0x00, 0xF8, 0x00, 0x00, 0x00, 0x00, 0x00, 0x00,
    0x00, 0x00, 0xB8, 0x00, 0x00, 0x00, 0x00, 0x00, 0x00, 0x00, 0x00, 0x38, 0x00, 0x00, 0x00, 0x00,
    0x00, 0x00, 0x00, 0x00, 0x28, 0x00, 0x00, 0x00, 0x00, 0x00, 0x00, 0x00, 0x00, 0x28, 0x00, 0x00,
    0x00, 0x00, 0x00, 0x00, 0x00, 0x00, 0x00, 0x00, 0x00, 0x00, 0x00, 0x00, 0x00, 0x00, 0x00, 0x0B,
    0xF8, 0x02, 0xFF, 0xD0, 0x0F, 0xF8, 0x00, 0x00, 0xF8, 0x00, 0x7F, 0x00, 0x0F, 0x80, 0x00, 0x00,
    0x3E, 0x00, 0x3F, 0x00, 0x2E, 0x00, 0x00, 0x00, 0x0F, 0x40, 0x3F, 0x00, 0xB8, 0x00, 0x00, 0x00,
    0x02, 0xE0, 0x3F, 0x02, 0xE0, 0x00, 0x00, 0x00, 0x00, 0xB8, 0x3F, 0x0F, 0x40, 0x00, 0x00, 0x00,
    0x00, 0x2E, 0x3F, 0x3C, 0x00, 0x00, 0x00, 0x00, 0x00, 0x2F, 0xFF, 0xFE, 0x00, 0x00, 0x00, 0x00,
    0x00, 0xBF, 0xBF, 0xBF, 0x40, 0x00, 0x00, 0x00, 0x02, 0xFE, 0x3F, 0x2F, 0xC0, 0x00, 0x00, 0x00,
    0x0B, 0xF8, 0x3F, 0x0F, 0xF0, 0x00, 0x00, 0x00, 0x2F, 0xE0, 0x3F, 0x03, 0xFC, 0x00, 0x00, 0x00,
    0x3F, 0xC0, 0x3F, 0x00, 0xFF, 0x00, 0x00, 0x00, 0xFF, 0x00, 0x3F, 0x00, 0x3F, 0xC0, 0x00, 0x0B,
    0xFC, 0x00, 0xBF, 0x00, 0x2F, 0xF0, 0x00, 0x3F, 0xFF, 0x0B, 0xFF, 0xF0, 0xBF, 0xFF, 0x00, 0x00,
    0x00, 0x00, 0x00, 0x00, 0x00, 0x3F, 0x00, 0x00, 0x00, 0x00, 0x00, 0x00, 0x00, 0x0F, 0x00, 0x00,
    0x00, 0x00, 0x00, 0x00, 0x00, 0x0F, 0x00, 0x00, 0x00, 0x00, 0x00, 0x00, 0x00, 0x0B, 0x00, 0x00,
    0x00, 0x00, 0x00, 0x00, 0x00, 0x03, 0x00, 0x00, 0x00, 0x00, 0x00, 0x00, 0x00, 0x00, 0x00, 0x08,
    0x00, 0x1A, 0x40, 0x00, 0x00, 0x0C, 0x2F, 0xFF, 0xFE, 0x00, 0x00, 0x0F, 0xFD, 0x00, 0xBF, 0xC0,
    0x00, 0x0F, 0xE0, 0x00, 0x0F, 0xF0, 0x00, 0x0F, 0x80, 0x00, 0x0B, 0xF8, 0x00, 0x1F, 0x00, 0x00,
    0x03, 0xFC, 0x00, 0x2C, 0x00, 0x00, 0x03, 0xFC, 0x00, 0x2C, 0x00, 0x00, 0x03, 0xFC, 0x00, 0x10,
    0x00, 0x00, 0x03, 0xF8, 0x00, 0x00, 0x00, 0x00, 0x0B, 0xF0, 0x00, 0x00, 0x00, 0x00, 0x2F, 0xC0,
    0x00, 0x00, 0x00, 0x0A, 0xFE, 0x00, 0x00, 0x00, 0x02, 0xFF, 0xF8, 0x00, 0x00, 0x00, 0x00, 0x0A,
    0xFF, 0xC0, 0x00, 0x00, 0x00, 0x00, 0x0F, 0xF8, 0x00, 0x00, 0x00, 0x00, 0x03, 0xFC, 0x00, 0x00,
    0x00, 0x00, 0x02, 0xFE, 0x00, 0x00, 0x00, 0x00, 0x00, 0xFF, 0x00, 0x00, 0x00, 0x00, 0x00, 0xFF,
    0x00, 0x00, 0x00, 0x00, 0x01, 0xFF, 0x00, 0xF8, 0x00, 0x00, 0x03, 0xFE, 0x00, 0x3E, 0x00, 0x00,
    0x0B, 0xFC, 0x00, 0x0F, 0xE0, 0x00, 0x2F, 0xF8, 0x00, 0x02, 0xFE, 0xAB, 0xFF, 0xC0, 0x00, 0x00,
    0x2F, 0xFF, 0xFE, 0x00, 0x00, 0x00, 0x00, 0x0B, 0xD0, 0x00, 0x00, 0x00, 0x00, 0x02, 0xE0, 0x00,
    0x00, 0x00, 0x00, 0x02, 0xF0, 0x00, 0x00, 0x00, 0x00, 0x02, 0xF0, 0x00, 0x00, 0x00, 0x02, 0x03,
    0xF0, 0x00, 0x00, 0x00, 0x03, 0xFF, 0xF0, 0x00, 0x00, 0x00, 0x02, 0xFF, 0xC0, 0x00, 0x00, 0x00,
    0x00, 0x04, 0x00, 0x00, 0x00, 0x00, 0x6A, 0xA0, 0x00, 0x2F, 0xE6, 0xFE, 0x00, 0x2F, 0x00, 0x3F,
    0x00, 0x2C, 0x00, 0x3F, 0x80, 0x28, 0x00, 0x2F, 0x80, 0x20, 0x00, 0x3F, 0x80, 0x00, 0x00, 0xBF,
    0x00, 0x00, 0x0B, 0xF8, 0x00, 0x00, 0x3F, 0xF4, 0x00, 0x00, 0x01, 0xFF, 0x00, 0x00, 0x00, 0x3F,
    0xC0, 0x00, 0x00, 0x1F, 0xC0, 0x00, 0x00, 0x0F, 0xE0, 0x10, 0x00, 0x2F, 0xC0, 0x38, 0x00, 0x3F,
    0xC0, 0x0F, 0x96, 0xFF, 0x00, 0x02, 0xFF, 0xF8, 0x00, 0x00, 0x03, 0xC0, 0x00, 0x00, 0x03, 0xD0,
    0x00, 0x00, 0x03, 0xE0, 0x00, 0x00, 0x03, 0xF0, 0x00, 0x02, 0x0B, 0xF0, 0x00, 0x03, 0xFF, 0xE0,
    0x00, 0x03, 0xFF, 0x80, 0x00, 0x00, 0x04, 0x00, 0x00, 0x00, 0x00, 0x00, 0x00, 0x00, 0x00, 0x00,
    0x3F, 0xFF, 0xFC, 0x03, 0xFF, 0xFF, 0x00, 0x03, 0xFF, 0x80, 0x00, 0x3F, 0xD0, 0x00, 0x00, 0xFF,
    0x00, 0x00, 0x7E, 0x00, 0x00, 0x00, 0xFE, 0x00, 0x00, 0xF8, 0x00, 0x00, 0x00, 0xFE, 0x00, 0x03,
    0xE0, 0x00, 0x00, 0x00, 0xFE, 0x00, 0x0F, 0x80, 0x00, 0x00, 0x00, 0xFE, 0x00, 0x3E, 0x00, 0x00,
    0x00, 0x00, 0xFE, 0x00, 0xF8, 0x00, 0x00, 0x00, 0x00, 0xFE, 0x03, 0xE0, 0x00, 0x00, 0x00, 0x00,
    0xFE, 0x0F, 0x80, 0x00, 0x00, 0x00, 0x00, 0xFE, 0x3F, 0x00, 0x00, 0x00, 0x00, 0x00, 0xFF, 0xFF,
    0x80, 0x00, 0x00, 0x00, 0x00, 0xFF, 0xBF, 0xE0, 0x00, 0x00, 0x00, 0x00, 0xFE, 0x2F, 0xF8, 0x00,
    0x00, 0x00, 0x00, 0xFE, 0x0B, 0xFE, 0x00, 0x00, 0x00, 0x00, 0xFE, 0x02, 0xFF, 0x80, 0x00, 0x00,
    0x00, 0xFE, 0x00, 0xBF, 0xD0, 0x00, 0x00, 0x00, 0xFE, 0x00, 0x2F, 0xF0, 0x00, 0x00, 0x00, 0xFE,
    0x00, 0x0B, 0xFC, 0x00, 0x00, 0x00, 0xFE, 0x00, 0x02, 0xFF, 0x00, 0x00, 0x00, 0xFE, 0x00, 0x00,
    0xFF, 0xC0, 0x00, 0x00, 0xFF, 0x00, 0x00, 0x3F, 0xF0, 0x00, 0x03, 0xFF, 0x80, 0x00, 0x2F, 0xFE,
    0x00, 0x3F, 0xFF, 0xFC, 0x03, 0xFF, 0xFF, 0xE0, 0x00, 0x00, 0x00, 0x00, 0x00, 0x0F, 0xE0, 0x00,
    0x00, 0x00, 0x00, 0x00, 0x03, 0xE0, 0x00, 0x00, 0x00, 0x00, 0x00, 0x02, 0xE0, 0x00, 0x00, 0x00,
    0x00, 0x00, 0x00, 0xE0, 0x00, 0x00, 0x00, 0x00, 0x00, 0x00, 0xE0, 0x00, 0x00, 0x00, 0x00, 0x00,
    0x00, 0xA0, 0x00, 0x00, 0x00, 0x00, 0x00, 0x00, 0x00, 0x00, 0x00, 0x00, 0x00, 0x00, 0x2F, 0xF8,
    0x02, 0xFE, 0x40, 0x0B, 0xF0, 0x00, 0xF4, 0x00, 0x03, 0xF0, 0x03, 0xC0, 0x00, 0x03, 0xF0, 0x0F,
    0x00, 0x00, 0x03, 0xF0, 0x3C, 0x00, 0x00, 0x03, 0xF0, 0xF0, 0x00, 0x00, 0x03, 0xF3, 0xC0, 0x00,
    0x00, 0x03, 0xFF, 0xE0, 0x00, 0x00, 0x03, 0xFF, 0xF8, 0x00, 0x00, 0x03, 0xF3, 0xFE, 0x00, 0x00,
    0x03, 0xF0, 0xFF, 0x40, 0x00, 0x03, 0xF0, 0x3F, 0xC0, 0x00, 0x03, 0xF0, 0x0F, 0xF0, 0x00, 0x07,
    0xF0, 0x03, 0xFC, 0x00, 0x0B, 0xF0, 0x02, 0xFF, 0x00, 0xBF, 0xFF, 0x0B, 0xFF, 0xF0, 0x00, 0x00,
    0x00, 0x03, 0xF0, 0x00, 0x00, 0x00, 0x00, 0xF0, 0x00, 0x00, 0x00, 0x00, 0xF0, 0x00, 0x00, 0x00,
    0x00, 0xB0, 0x00, 0x00, 0x00, 0x00, 0x30, 0x00, 0x00, 0x00, 0x00, 0x00, 0x00, 0x00, 0x00, 0x00,
    0x00, 0x00, 0x00, 0x3F, 0xFF, 0xFC, 0x03, 0xFF, 0xFF, 0x00, 0x03, 0xFF, 0x80, 0x00, 0x3F, 0xD0,
    0x00, 0x00, 0xFF, 0x00, 0x00, 0x7E, 0x00, 0x00, 0x00, 0xFE, 0x09, 0x00, 0xF8, 0x00, 0x00, 0x00,
    0xFE, 0x2F, 0x03, 0xE0, 0x00, 0x00, 0x00, 0xFE, 0x2F, 0x0F, 0x80, 0x00, 0x00, 0x00, 0xFE, 0x2F,
    0x3E, 0x00, 0x00, 0x00, 0x00, 0xFE, 0x2F, 0xF8, 0x00, 0x00, 0x00, 0x00, 0xFE, 0x2F, 0xE0, 0x00,
    0x00, 0x00, 0x00, 0xFE, 0x2F, 0x80, 0x00, 0x00, 0x00, 0x00, 0xFE, 0x3F, 0x00, 0x00, 0x00, 0x00,
    0x00, 0xFF, 0xFF, 0x80, 0x00, 0x00, 0x00, 0x00, 0xFF, 0xBF, 0xE0, 0x00, 0x00, 0x00, 0x00, 0xFE,
    0x2F, 0xF8, 0x00, 0x00, 0x00, 0x00, 0xFE, 0x2F, 0xFE, 0x00, 0x00, 0x00, 0x00, 0xFE, 0x2F, 0xFF,
    0x80, 0x00, 0x00, 0x00, 0xFE, 0x2F, 0xBF, 0xD0, 0x00, 0x00, 0x00, 0xFE, 0x2F, 0x2F, 0xF0, 0x00,
    0x00, 0x00, 0xFE, 0x2F, 0x0B, 0xFC, 0x00, 0x00, 0x00, 0xFE, 0x0A, 0x02, 0xFF, 0x00, 0x00, 0x00,
    0xFE, 0x00, 0x00, 0xFF, 0xC0, 0x00, 0x00, 0xFF, 0x00, 0x00, 0x3F, 0xF0, 0x00, 0x03, 0xFF, 0x80,
    0x00, 0x2F, 0xFE, 0x00, 0x3F, 0xFF, 0xFC, 0x03, 0xFF, 0xFF, 0xD0, 0x00, 0x00, 0x00, 0x00, 0x00,
    0x2F, 0xF8, 0x00, 0x2F, 0xE0, 0x0B, 0xF2, 0x80, 0x2F, 0x00, 0x03, 0xF3, 0xE0, 0x3C, 0x00, 0x03,
    0xF3, 0xE0, 0xF0, 0x00, 0x03, 0xF3, 0xE3, 0xC0, 0x00, 0x03, 0xF3, 0xFF, 0x00, 0x00, 0x03, 0xF3,
    0xFC, 0x00, 0x00, 0x03, 0xFB, 0xFC, 0x00, 0x00, 0x03, 0xFB, 0xFF, 0x00, 0x00, 0x03, 0xF3, 0xFF,
    0xC0, 0x00, 0x03, 0xF3, 0xFF, 0xF0, 0x00, 0x03, 0xF3, 0xE3, 0xFC, 0x00, 0x03, 0xF3, 0xE1, 0xFF,
    0x00, 0x07, 0xF3, 0xE0, 0xBF, 0xC0, 0x0B, 0xF0, 0x00, 0x2F, 0xF0, 0xBF, 0xFF, 0x00, 0xFF, 0xFE,
    0x00, 0x00, 0x00, 0x00, 0x00, 0x00, 0x00, 0xFE, 0x00, 0x00, 0x0F, 0xE0, 0x00, 0xFE, 0x00, 0x00,
    0x3F, 0xE0, 0x02, 0xFE, 0x00, 0x00, 0xFF, 0xC0, 0xBF, 0xFF, 0xFF, 0x02, 0xFC, 0x00, 0xBF, 0xFF,
    0xFF, 0x03, 0xF8, 0x00, 0x02, 0xFE, 0x00, 0x0F, 0xF0, 0x00, 0x00, 0xFE, 0x00, 0x1F, 0xC0, 0x00,
    0x00, 0xFE, 0x00, 0x3F, 0x80, 0x00, 0x00, 0xFE, 0x00, 0xBF, 0x00, 0x00, 0x00, 0xFE, 0x00, 0xFE,
    0x00, 0x00, 0x00, 0xFE, 0x0B, 0xF8, 0x00, 0x00, 0x00, 0xFF, 0xFF, 0xE0, 0x00, 0x00, 0x00, 0xFF,
    0xFF, 0xE0, 0x00, 0x00, 0x00, 0xFF, 0xFF, 0xFC, 0x00, 0x00, 0x00, 0xFE, 0x03, 0xFF, 0x00, 0x00,
    0x00, 0xFE, 0x00, 0xBF, 0xC0, 0x00, 0x00, 0xFE, 0x00, 0x3F, 0xE0, 0x00, 0x00, 0xFE, 0x00, 0x0F,
    0xF0, 0x00, 0x00, 0xFE, 0x00, 0x0B, 0xF8, 0x00, 0x00, 0xFE, 0x00, 0x03, 0xFC, 0x00, 0x00, 0xFE,
    0x00, 0x01, 0xFE, 0x00, 0x00, 0xFE, 0x00, 0x00, 0xFF, 0x00, 0x00, 0xFE, 0x00, 0x00, 0x3F, 0xC0,
    0x00, 0xFE, 0x00, 0x00, 0x3F, 0xC0, 0x00, 0xFE, 0x00, 0x00, 0x0F, 0xF0, 0x00, 0xFE, 0x00, 0x00,
    0x0F, 0xF0, 0x00, 0x00, 0x00, 0x00, 0x00, 0x00, 0xFE, 0x00, 0x00, 0x00, 0x00, 0xFE, 0x00, 0x00,
    0x00, 0x00, 0xFE, 0x00, 0x00, 0x00, 0x00, 0xFE, 0x00, 0x00, 0x00, 0x00, 0xFE, 0x00, 0x00, 0x00,
    0x3F, 0xFF, 0xFF, 0xD0, 0x00, 0xBF, 0xFF, 0xFF, 0xE0, 0x00, 0x3F, 0xFF, 0xFF, 0xD0, 0x00, 0x00,
    0xFE, 0x00, 0x00, 0x00, 0x00, 0xFE, 0x00, 0x02, 0xFC, 0x00, 0xFE, 0x00, 0x0B, 0xFC, 0x00, 0xFE,
    0x00, 0x0F, 0xE8, 0x00, 0xFE, 0x00, 0x3F, 0x80, 0x00, 0xFE, 0x00, 0xBF, 0x00, 0x00, 0xFE, 0x00,
    0xFD, 0x00, 0x00, 0xFE, 0x02, 0xFC, 0x00, 0x00, 0xFE, 0x0B, 0xF0, 0x00, 0x00, 0xFF, 0xFF, 0xD0,
    0x00, 0x00, 0xFF, 0xFF, 0x80, 0x00, 0x00, 0xFF, 0xFF, 0xF0, 0x00, 0x00, 0xFE, 0x0B, 0xF8, 0x00,
    0x00, 0xFE, 0x03, 0xFE, 0x00, 0x00, 0xFE, 0x00, 0xFF, 0x00, 0x00, 0xFE, 0x00, 0x3F, 0xC0, 0x00,
    0xFE, 0x00, 0x2F, 0xE0, 0x00, 0xFE, 0x00, 0x0F, 0xF0, 0x00, 0xFE, 0x00, 0x03, 0xFC, 0x00, 0xFE,
    0x00, 0x02, 0xFE, 0x2A, 0xAA, 0xAA, 0x80, 0x00, 0x00, 0x02, 0xA0, 0x3F, 0xFF, 0xFF, 0xE0, 0x00,
    0x00, 0x2F, 0xF0, 0x7F, 0xFF, 0xFF, 0xE0, 0x00, 0x00, 0xBF, 0xC0, 0x2A, 0xAA, 0xAF, 0xE0, 0x00,
    0x02, 0xFF, 0x00, 0x00, 0x00, 0x0F, 0xE0, 0x00, 0x0B, 0xFC, 0x00, 0x00, 0x00, 0x0F, 0xE0, 0x00,
    0x2F, 0xF0, 0x00, 0x00, 0x00, 0x0F, 0xE0, 0x00, 0xBF, 0xC0, 0x00, 0x00, 0x00, 0x0F, 0xE0, 0x02,
    0xFF, 0x00, 0x00, 0x00, 0x00, 0x0F, 0xE0, 0x0B, 0xFC, 0x00, 0x00, 0x00, 0x00, 0x0F, 0xE0, 0x2F,
    0xF0, 0x00, 0x00, 0x00, 0x00, 0x0F, 0xE0, 0x7F, 0xC0, 0x00, 0x00, 0x00, 0x00, 0x0F, 0xE2, 0xFF,
    0x00, 0x00, 0x00, 0x00, 0x00, 0x0F, 0xFF, 0xFC, 0x00, 0x00, 0x00, 0x00, 0x00, 0x0F, 0xFF, 0xFC,
    0x00, 0x00, 0x00, 0x00, 0x00, 0x0F, 0xFB, 0xFF, 0x00, 0x00, 0x00, 0x00, 0x00, 0x0F, 0xE0, 0xFF,
    0xC0, 0x00, 0x00, 0x00, 0x00, 0x0F, 0xE0, 0x3F, 0xE0, 0x00, 0x00, 0x00, 0x00, 0x0F, 0xE0, 0x0F,
    0xF8, 0x00, 0x00, 0x00, 0x00, 0x0F, 0xE0, 0x03, 0xFE, 0x00, 0x00, 0x00, 0x00, 0x0F, 0xE0, 0x00,
    0xFF, 0x80, 0x00, 0x00, 0x00, 0x0F, 0xE0, 0x00, 0x3F, 0xE0, 0x00, 0x00, 0x00, 0x0F, 0xE0, 0x00,
    0x0F, 0xF8, 0x00, 0x00, 0x00, 0x0F, 0xE0, 0x00, 0x07, 0xFD, 0x00, 0x00, 0x00, 0x0F, 0xE0, 0x00,
    0x02, 0xFF, 0x00, 0x00, 0x00, 0x0F, 0xE0, 0x00, 0x00, 0xBF, 0xC0, 0x00, 0x00, 0x0F, 0xE0, 0x00,
    0x00, 0x2F, 0xF0, 0x00, 0x00, 0x0F, 0xE0, 0x00, 0x00, 0x0B, 0xFC, 0x00, 0x00, 0x00, 0x00, 0x00,
    0x00, 0x3F, 0xFF, 0xF8, 0x00, 0x0F, 0xF0, 0x3F, 0xFF, 0xF8, 0x00, 0x2F, 0xC0, 0x2A, 0xAB, 0xF8,
    0x00, 0xBF, 0x00, 0x00, 0x02, 0xF8, 0x02, 0xFD, 0x00, 0x00, 0x02, 0xF8, 0x07, 0xF8, 0x00, 0x00,
    0x02, 0xF8, 0x0F, 0xE0, 0x00, 0x00, 0x02, 0xF8, 0x3F, 0x80, 0x00, 0x00, 0x02, 0xF8, 0xFF, 0x00,
    0x00, 0x00, 0x02, 0xFF, 0xFC, 0x00, 0x00, 0x00, 0x02, 0xFF, 0xFE, 0x00, 0x00, 0x00, 0x02, 0xFA,
    0xBF, 0x80, 0x00, 0x00, 0x02, 0xF8, 0x3F, 0xC0, 0x00, 0x00, 0x02, 0xF8, 0x0F, 0xF0, 0x00, 0x00,
    0x02, 0xF8, 0x03, 0xFC, 0x00, 0x00, 0x02, 0xF8, 0x00, 0xFF, 0x00, 0x00, 0x02, 0xF8, 0x00, 0x3F,
    0xC0, 0x00, 0x02, 0xF8, 0x00, 0x0F, 0xF0, 0x00, 0x02, 0xF8, 0x00, 0x07, 0xF8, 0x00, 0x02, 0xF8,
    0x00, 0x02, 0xFE, 0x00, 0x00, 0x00, 0x00, 0x00, 0x00, 0x00, 0x3F, 0xFF, 0xF8, 0x02, 0xFF, 0xFF,
    0xC0, 0x03, 0xFF, 0x80, 0x00, 0x2F, 0xFC, 0x00, 0x00, 0xFF, 0x00, 0x00, 0x0B, 0xF0, 0x00, 0x00,
    0xFE, 0x00, 0x00, 0x0B, 0xF0, 0x00, 0x00, 0xFE, 0x00, 0x00, 0x0B, 0xF0, 0x00, 0x00, 0xFE, 0x00,
    0x00, 0x0B, 0xF0, 0x00, 0x00, 0xFE, 0x00, 0x00, 0x0B, 0xF0, 0x00, 0x00, 0xFE, 0x00, 0x00, 0x0B,
    0xF0, 0x00, 0x00, 0xFE, 0x00, 0x00, 0x0B, 0xF0, 0x00, 0x00, 0xFE, 0x00, 0x00, 0x0B, 0xF0, 0x00,
    0x00, 0xFE, 0x00, 0x00, 0x0B, 0xF0, 0x00, 0x00, 0xFF, 0xFF, 0xFF, 0xFF, 0xF0, 0x00, 0x00, 0xFF,
    0xAA, 0xAA, 0xAF, 0xF0, 0x00, 0x00, 0xFE, 0x00, 0x00, 0x0B, 0xF0, 0x00, 0x00, 0xFE, 0x00, 0x00,
    0x0B, 0xF0, 0x00, 0x00, 0xFE, 0x00, 0x00, 0x0B, 0xF0, 0x00, 0x00, 0xFE, 0x00, 0x00, 0x0B, 0xF0,
    0x00, 0x00, 0xFE, 0x00, 0x00, 0x0B, 0xF0, 0x00, 0x00, 0xFE, 0x00, 0x00, 0x0B, 0xF0, 0x00, 0x00,
    0xFE, 0x00, 0x00, 0x0B, 0xF0, 0x00, 0x00, 0xFE, 0x00, 0x00, 0x0B, 0xF0, 0x00, 0x00, 0xFF, 0x00,
    0x00, 0x0F, 0xF4, 0x00, 0x03, 0xFF, 0x80, 0x00, 0x2F, 0xFE, 0x00, 0x3F, 0xFF, 0xFC, 0x03, 0xFF,
    0xFF, 0xC0, 0x00, 0x00, 0x00, 0x00, 0x00, 0x2F, 0xC0, 0x00, 0x00, 0x00, 0x00, 0x00, 0x03, 0xC0,
    0x00, 0x00, 0x00, 0x00, 0x00, 0x03, 0xC0, 0x00, 0x00, 0x00, 0x00, 0x00, 0x01, 0xC0, 0x00, 0x00,
    0x00, 0x00, 0x00, 0x00, 0xC0, 0x00, 0x00, 0x00, 0x00, 0x00, 0x00, 0xC0, 0x00, 0x00, 0x00, 0x00,
    0x00, 0x00, 0x00, 0x00, 0x00, 0x00, 0x00, 0x00, 0x2F, 0xF9, 0x06, 0xFF, 0x80, 0x0B, 0xF0, 0x00,
    0xFE, 0x00, 0x03, 0xF0, 0x00, 0xFC, 0x00, 0x03, 0xF0, 0x00, 0xFC, 0x00, 0x03, 0xF0, 0x00, 0xFC,
    0x00, 0x03, 0xF0, 0x00, 0xFC, 0x00, 0x03, 0xF0, 0x00, 0xFC, 0x00, 0x03, 0xFF, 0xFF, 0xFC, 0x00,
    0x03, 0xF0, 0x00, 0xFC, 0x00, 0x03, 0xF0, 0x00, 0xFC, 0x00, 0x03, 0xF0, 0x00, 0xFC, 0x00, 0x03,
    0xF0, 0x00, 0xFC, 0x00, 0x03, 0xF0, 0x00, 0xFC, 0x00, 0x07, 0xF0, 0x00, 0xFD, 0x00, 0x0B, 0xF0,
    0x00, 0xFE, 0x00, 0xBF, 0xFF, 0x0F, 0xFF, 0xE0, 0x00, 0x00, 0x00, 0x03, 0xE0, 0x00, 0x00, 0x00,
    0x02, 0xE0, 0x00, 0x00, 0x00, 0x00, 0xE0, 0x00, 0x00, 0x00, 0x00, 0xE0, 0x00, 0x00, 0x00, 0x00,
    0xA0, 0x00, 0x00, 0x00, 0x00, 0x00, 0x2A, 0x00, 0x00, 0x00, 0x0A, 0x80, 0x00, 0x00, 0x3F, 0x80,
    0x00, 0x00, 0x0F, 0xEF, 0xFF, 0xF8, 0x3F, 0x80, 0x00, 0x00, 0x0F, 0xEF, 0xFF, 0xF8, 0x3F, 0x80,
    0x00, 0x00, 0x0F, 0xE0, 0x00, 0x00, 0x3F, 0x80, 0x00, 0x00, 0x0F, 0xE0, 0x00, 0x00, 0x3F, 0x80,
    0x00, 0x00, 0x0F, 0xE0, 0x00, 0x00, 0x3F, 0x80, 0x00, 0x00, 0x0F, 0xE0, 0x00, 0x00, 0x3F, 0x80,
    0x00, 0x00, 0x0F, 0xE0, 0x00, 0x00, 0x3F, 0x80, 0x00, 0x00, 0x0F, 0xE0, 0x00, 0x00, 0x3F, 0x80,
    0x00, 0x00, 0x0F, 0xE0, 0x00, 0x00, 0x3F, 0x80, 0x00, 0x00, 0x0F, 0xE0, 0x00, 0x00, 0x3F, 0x80,
    0x00, 0x00, 0x0F, 0xE0, 0x00, 0x00, 0x3F, 0xFF, 0xFF, 0xFF, 0xFF, 0xE0, 0x00, 0x00, 0x3F, 0xFF,
    0xFF, 0xFF, 0xFF, 0xE0, 0x00, 0x00, 0x3F, 0xFF, 0xFF, 0xFF, 0xFF, 0xE0, 0x00, 0x00, 0x3F, 0x80,
    0x00, 0x00, 0x0F, 0xE0, 0x00, 0x00, 0x3F, 0x80, 0x00, 0x00, 0x0F, 0xE0, 0x00, 0x00, 0x3F, 0x80,
    0x00, 0x00, 0x0F, 0xE0, 0x00, 0x00, 0x3F, 0x80, 0x00, 0x00, 0x0F, 0xE0, 0x00, 0x00, 0x3F, 0x80,
    0x00, 0x00, 0x0F, 0xE0, 0x00, 0x00, 0x3F, 0x80, 0x00, 0x00, 0x0F, 0xE0, 0x00, 0x00, 0x3F, 0x80,
    0x00, 0x00, 0x0F, 0xE0, 0x00, 0x00, 0x3F, 0x80, 0x00, 0x00, 0x0F, 0xE0, 0x00, 0x00, 0x3F, 0x80,
    0x00, 0x00, 0x0F, 0xE0, 0x00, 0x00, 0x3F, 0x80, 0x00, 0x00, 0x0F, 0xE0, 0x00, 0x00, 0x3F, 0x80,
    0x00, 0x00, 0x0F, 0xE0, 0x00, 0x00, 0x3F, 0x80, 0x00, 0x00, 0x0F, 0xE0, 0x00, 0x00, 0x00, 0x00,
    0x00, 0x00, 0x00, 0x00, 0xBE, 0x00, 0x00, 0x3F, 0xFF, 0xF4, 0xBE, 0x00, 0x00, 0x3F, 0xFF, 0xF4,
    0xBE, 0x00, 0x00, 0x3F, 0xAA, 0xA0, 0xBE, 0x00, 0x00, 0x3F, 0x00, 0x00, 0xBE, 0x00, 0x00, 0x3F,
    0x00, 0x00, 0xBE, 0x00, 0x00, 0x3F, 0x00, 0x00, 0xBE, 0x00, 0x00, 0x3F, 0x00, 0x00, 0xBF, 0x00,
    0x00, 0xBF, 0x00, 0x00, 0xBF, 0xFF, 0xFF, 0xFF, 0x00, 0x00, 0xBF, 0xFF, 0xFF, 0xFF, 0x00, 0x00,
    0xBF, 0x00, 0x00, 0xBF, 0x00, 0x00, 0xBE, 0x00, 0x00, 0x3F, 0x00, 0x00, 0xBE, 0x00, 0x00, 0x3F,
    0x00, 0x00, 0xBE, 0x00, 0x00, 0x3F, 0x00, 0x00, 0xBE, 0x00, 0x00, 0x3F, 0x00, 0x00, 0xBE, 0x00,
    0x00, 0x3F, 0x00, 0x00, 0xBE, 0x00, 0x00, 0x3F, 0x00, 0x00, 0xBE, 0x00, 0x00, 0x3F, 0x00, 0x00,
    0xBE, 0x00, 0x00, 0x3F, 0x00, 0x00, 0x00, 0x00, 0x00, 0x00, 0x00, 0x00, 0x00, 0x00, 0x00, 0xBF,
    0xFF, 0xFF, 0xFF, 0xF8, 0x00, 0x00, 0x00, 0x00, 0xBF, 0xFF, 0xFF, 0xFF, 0xF8, 0x00, 0x00, 0x00,
    0x00, 0xBF, 0xAA, 0xAA, 0xAF, 0xF8, 0x00, 0x00, 0x00, 0x00, 0xBF, 0x00, 0x00, 0x07, 0xF8, 0x00,
    0x00, 0x00, 0x00, 0xBF, 0x00, 0x00, 0x07, 0xF8, 0x00, 0x00, 0x00, 0x00, 0xBF, 0x00, 0x00, 0x07,
    0xF8, 0x00, 0x00, 0x00, 0x00, 0xBF, 0x00, 0x00, 0x07, 0xF8, 0x00, 0x00, 0x00, 0x00, 0xBF, 0x00,
    0x00, 0x07, 0xF8, 0x00, 0x00, 0x00, 0x00, 0xBF, 0x00, 0x00, 0x07, 0xF8, 0x00, 0x00, 0x00, 0x00,
    0xBF, 0x00, 0x00, 0x07, 0xF8, 0x00, 0x00, 0x00, 0x00, 0xBF, 0x00, 0x00, 0x07, 0xF8, 0xBF, 0xFE,
    0x00, 0x00, 0xBF, 0x00, 0x00, 0x07, 0xFF, 0xFF, 0xFF, 0xE0, 0x00, 0xBF, 0x00, 0x00, 0x07, 0xFF,
    0xFF, 0xFF, 0xF8, 0x00, 0xBF, 0x00, 0x00, 0x07, 0xFF, 0xD0, 0x0F, 0xFC, 0x00, 0xBF, 0x00, 0x00,
    0x07, 0xFE, 0x00, 0x03, 0xFE, 0x00, 0xBF, 0x00, 0x00, 0x07, 0xF8, 0x00, 0x00, 0xFF, 0x00, 0xBF,
    0x00, 0x00, 0x07, 0xF8, 0x00, 0x00, 0xFF, 0x00, 0xBF, 0x00, 0x00, 0x07, 0xF8, 0x00, 0x00, 0xBF,
    0x80, 0xBF, 0x00, 0x00, 0x07, 0xF8, 0x00, 0x00, 0xBF, 0x80, 0xBF, 0x00, 0x00, 0x07, 0xF8, 0x00,
    0x00, 0xBF, 0x80, 0xBF, 0x00, 0x00, 0x07, 0xF8, 0x00, 0x00, 0xBF, 0x80, 0xBF, 0x00, 0x00, 0x07,
    0xF8, 0x00, 0x00, 0xBF, 0x80, 0xBF, 0x00, 0x00, 0x07, 0xF8, 0x00, 0x00, 0xBF, 0x40, 0xBF, 0x00,
    0x00, 0x07, 0xF8, 0x00, 0x00, 0xFF, 0x00, 0xBF, 0x00, 0x00, 0x07, 0xF8, 0x00, 0x00, 0xFF, 0x00,
    0xBF, 0x00, 0x00, 0x07, 0xF8, 0x00, 0x02, 0xFD, 0x00, 0x00, 0x00, 0x00, 0x00, 0x00, 0x00, 0x07,
    0xFC, 0x00, 0x00, 0x00, 0x00, 0x00, 0x00, 0x00, 0x2F, 0xF0, 0x00, 0x00, 0x00, 0x00, 0x00, 0x00,
    0x2F, 0xFF, 0xC0, 0x00, 0x00, 0x00, 0x00, 0x00, 0x00, 0x2F, 0xFF, 0x00, 0x00, 0x00, 0x00, 0x00,
    0x00, 0x00, 0x2F, 0xF8, 0x00, 0x00, 0x00, 0x00, 0x00, 0x00, 0x00, 0x00, 0x00, 0x00, 0x00, 0x00,
    0x00, 0x00, 0x00, 0x00, 0x00, 0x00, 0xBF, 0xFF, 0xFF, 0xFF, 0x00, 0x00, 0x00, 0xBF, 0xFF, 0xFF,
    0xFF, 0x00, 0x00, 0x00, 0xBF, 0xAA, 0xAA, 0xFF, 0x00, 0x00, 0x00, 0xBF, 0x00, 0x00, 0xBF, 0x00,
    0x00, 0x00, 0xBF, 0x00, 0x00, 0xBF, 0x00, 0x00, 0x00, 0xBF, 0x00, 0x00, 0xBF, 0x00, 0x00, 0x00,
    0xBF, 0x00, 0x00, 0xBF, 0x02, 0xA0, 0x00, 0xBF, 0x00, 0x00, 0xBF, 0xFF, 0xFF, 0x00, 0xBF, 0x00,
    0x00, 0xBF, 0xFF, 0xFF, 0xC0, 0xBF, 0x00, 0x00, 0xBF, 0xFA, 0xBF, 0xF0, 0xBF, 0x00, 0x00, 0xBF,
    0x80, 0x0F, 0xF0, 0xBF, 0x00, 0x00, 0xBF, 0x00, 0x0B, 0xF8, 0xBF, 0x00, 0x00, 0xBF, 0x00, 0x03,
    0xFC, 0xBF, 0x00, 0x00, 0xBF, 0x00, 0x03, 0xFC, 0xBF, 0x00, 0x00, 0xBF, 0x00, 0x03, 0xFC, 0xBF,
    0x00, 0x00, 0xBF, 0x00, 0x03, 0xFC, 0xBF, 0x00, 0x00, 0xBF, 0x00, 0x03, 0xFC, 0xBF, 0x00, 0x00,
    0xBF, 0x00, 0x03, 0xFC, 0xBF, 0x00, 0x00, 0xBF, 0x00, 0x0B, 0xF8, 0x00, 0x00, 0x00, 0x00, 0x00,
    0x0F, 0xF0, 0x00, 0x00, 0x00, 0x00, 0x00, 0x2F, 0xE0, 0x00, 0x00, 0x00, 0x00, 0x06, 0xFF, 0xC0,
    0x00, 0x00, 0x00, 0x00, 0x0B, 0xFF, 0x00, 0x00, 0x00, 0x00, 0x00, 0x0B, 0xF8, 0x00, 0x00, 0x00,
    0x00, 0x00, 0x00, 0x00, 0x00, 0x00, 0x00, 0x1B, 0xFE, 0x80, 0x00, 0x00, 0x00, 0x02, 0xFF, 0xFF,
    0xF0, 0x00, 0x00, 0x00, 0x1F, 0xFF, 0xFF, 0xF0, 0x00, 0x00, 0x00, 0xBF, 0xF8, 0x00, 0xA0, 0x00,
    0x00, 0x00, 0xFF, 0x80, 0x00, 0x00, 0x00, 0x00, 0x03, 0xFE, 0x00, 0x00, 0x04, 0x00, 0x00, 0x0B,
    0xFC, 0x00, 0x02, 0xFF, 0xE0, 0x00, 0x0F, 0xF0, 0x00, 0x0F, 0xFF, 0xFC, 0x00, 0x1F, 0xF0, 0x00,
    0x3F, 0xEB, 0xFE, 0x00, 0x2F, 0xE0, 0x00, 0xBF, 0x00, 0xFF, 0x00, 0x3F, 0xC0, 0x00, 0xFE, 0x00,
    0x3F, 0x80, 0x3F, 0xC0, 0x00, 0xFC, 0x00, 0x3F, 0xC0, 0x3F, 0xC0, 0x02, 0xFC, 0x00, 0x3F, 0xC0,
    0x3F, 0xC0, 0x02, 0xFC, 0x00, 0x2F, 0xC0, 0x3F, 0xC0, 0x02, 0xFC, 0x00, 0x2F, 0xC0, 0x3F, 0xC0,
    0x02, 0xFC, 0x00, 0x2F, 0xC0, 0x3F, 0xC0, 0x02, 0xFC, 0x00, 0x3F, 0xC0, 0x3F, 0xC0, 0x00, 0xFC,
    0x00, 0x3F, 0xC0, 0x2F, 0xE0, 0x00, 0xFD, 0x00, 0x3F, 0x80, 0x0F, 0xF0, 0x00, 0xFE, 0x00, 0xBF,
    0x00, 0x0F, 0xF4, 0x00, 0x7F, 0x00, 0xFE, 0x00, 0x0B, 0xFC, 0x00, 0x3F, 0x83, 0xFC, 0x00, 0x03,
    0xFF, 0x00, 0x2F, 0xCB, 0xF8, 0x00, 0x00, 0xFF, 0xC0, 0x0F, 0xFF, 0xE0, 0x00, 0x00, 0x3F, 0xFE,
    0x6F, 0xFF, 0x80, 0x00, 0x00, 0x0F, 0xFF, 0xFF, 0xFF, 0x00, 0x00, 0x00, 0x00, 0xFF, 0xFF, 0xFF,
    0x80, 0x00, 0x00, 0x00, 0x02, 0xA8, 0x2F, 0xF8, 0x00, 0x00, 0x00, 0x00, 0x00, 0x0B, 0xFF, 0xF0,
    0x00, 0x00, 0x00, 0x00, 0x00, 0xFF, 0xF0, 0x00, 0x00, 0x00, 0x00, 0x00, 0x0B, 0xF0, 0x00, 0x00,
    0x00, 0x00, 0x00, 0x00, 0x00, 0x00, 0x02, 0xAA, 0x90, 0x00, 0x00, 0x00, 0x2F, 0xFF, 0xF0, 0x00,
    0x00, 0x00, 0xFF, 0xFF, 0xF0, 0x00, 0x00, 0x03, 0xFF, 0x00, 0x20, 0x00, 0x00, 0x0F, 0xF8, 0x00,
    0x04, 0x00, 0x00, 0x0F, 0xF0, 0x02, 0xFF, 0xE0, 0x00, 0x2F, 0xC0, 0x0F, 0xFF, 0xF4, 0x00, 0x3F,
    0xC0, 0x1F, 0xEB, 0xFC, 0x00, 0x3F, 0xC0, 0x3F, 0x82, 0xFC, 0x00, 0x3F, 0xC0, 0x3F, 0x00, 0xFC,
    0x00, 0x3F, 0x80, 0x3F, 0x00, 0xFC, 0x00, 0x3F, 0xC0, 0x3F, 0x00, 0xFC, 0x00, 0x3F, 0xC0, 0x3F,
    0x00, 0xFC, 0x00, 0x3F, 0xC0, 0x3F, 0x42, 0xFC, 0x00, 0x2F, 0xE0, 0x2F, 0x83, 0xF8, 0x00, 0x0F,
    0xF0, 0x0F, 0xC7, 0xF0, 0x00, 0x0B, 0xFC, 0x0F, 0xEF, 0xC0, 0x00, 0x03, 0xFF, 0xAB, 0xFF, 0x80,
    0x00, 0x00, 0xBF, 0xFF, 0xFE, 0x00, 0x00, 0x00, 0x0F, 0xFF, 0xFF, 0x00, 0x00, 0x00, 0x00, 0x00,
    0x3F, 0xC0, 0x00, 0x00, 0x00, 0x00, 0x0F, 0xFE, 0x00, 0x00, 0x00, 0x00, 0x02, 0xFF, 0xC0, 0x00,
    0x00, 0x00, 0x00, 0x2F, 0xC0, 0x00, 0x00, 0x00, 0x00, 0x00, 0x40, 0x00, 0x00, 0x2B, 0xFA, 0x00,
    0x00, 0x00, 0x07, 0xFF, 0xFF, 0xF0, 0x00, 0x00, 0x2F, 0xFF, 0xFF, 0xFE, 0x00, 0x00, 0xBF, 0xF4,
    0x0B, 0xFF, 0x80, 0x02, 0xFF, 0x00, 0x00, 0xBF, 0xD0, 0x03, 0xFC, 0x00, 0x00, 0x2F, 0xF0, 0x0F,
    0xF0, 0x00, 0x00, 0x0B, 0xF8, 0x0F, 0xF0, 0x00, 0x00, 0x03, 0xFC, 0x2F, 0xC0, 0x00, 0x00, 0x02,
    0xFC, 0x3F, 0xC0, 0x00, 0x00, 0x00, 0x00, 0x3F, 0x80, 0x00, 0x00, 0x00, 0x00, 0x3F, 0x80, 0x00,
    0x00, 0x00, 0x00, 0x3F, 0x80, 0x00, 0x00, 0x00, 0x00, 0x3F, 0x40, 0x00, 0x00, 0x00, 0x00, 0x3F,
    0x40, 0x00, 0x00, 0x00, 0x00, 0x3F, 0x80, 0x00, 0x00, 0x00, 0x00, 0x3F, 0x80, 0x00, 0x00, 0x00,
    0x00, 0x3F, 0x80, 0x00, 0x00, 0x00, 0xFE, 0x3F, 0xC0, 0x00, 0x00, 0x00, 0xFE, 0x2F, 0xD0, 0x00,
    0x00, 0x02, 0xFC, 0x0F, 0xF0, 0x00, 0x00, 0x03, 0xFC, 0x0B, 0xF8, 0x00, 0x00, 0x0B, 0xF8, 0x03,
    0xFC, 0x00, 0x00, 0x0F, 0xF0, 0x01, 0xFF, 0x80, 0x00, 0xBF, 0xC0, 0x00, 0xBF, 0xF9, 0x0B, 0xFF,
    0x80, 0x00, 0x2F, 0xFF, 0xFF, 0xFD, 0x00, 0x00, 0x02, 0xFF, 0xFF, 0xE0, 0x00, 0x00, 0x00, 0x1B,
    0xF8, 0x00, 0x00, 0x00, 0x00, 0x00, 0xFC, 0x00, 0x00, 0x00, 0x00, 0x00, 0x3F, 0x00, 0x00, 0x00,
    0x00, 0x00, 0x3F, 0x00, 0x00, 0x00, 0x00, 0x00, 0x3F, 0x80, 0x00, 0x00, 0x00, 0x0F, 0xFF, 0x00,
    0x00, 0x00, 0x00, 0x0F, 0xFF, 0x00, 0x00, 0x00, 0x00, 0x02, 0xA8, 0x00, 0x00, 0x00, 0x02, 0xAA,
    0x00, 0x00, 0x00, 0x2F, 0xFF, 0xF8, 0x00, 0x00, 0xFF, 0xFF, 0xFE, 0x00, 0x03, 0xFE, 0x00, 0xFF,
    0x80, 0x0B, 0xF8, 0x00, 0x3F, 0xC0, 0x0F, 0xF0, 0x00, 0x0F, 0xC0, 0x2F, 0xD0, 0x00, 0x0F, 0xE0,
    0x2F, 0xC0, 0x00, 0x01, 0x40, 0x3F, 0xC0, 0x00, 0x00, 0x00, 0x3F, 0x80, 0x00, 0x00, 0x00, 0x3F,
    0x80, 0x00, 0x00, 0x00, 0x3F, 0x80, 0x00, 0x00, 0x00, 0x2F, 0x80, 0x00, 0x00, 0x00, 0x2F, 0xC0,
    0x00, 0x0A, 0x90, 0x1F, 0xC0, 0x00, 0x0F, 0xD0, 0x0F, 0xE0, 0x00, 0x0F, 0xC0, 0x0B, 0xF0, 0x00,
    0x3F, 0xC0, 0x03, 0xFE, 0x00, 0xFF, 0x00, 0x01, 0xFF, 0xFF, 0xFE, 0x00, 0x00, 0x3F, 0xFF, 0xF0,
    0x00, 0x00, 0x02, 0xFE, 0x00, 0x00, 0x00, 0x00, 0x7E, 0x00, 0x00, 0x00, 0x00, 0x2F, 0x80, 0x00,
    0x00, 0x00, 0x0F, 0xC0, 0x00, 0x00, 0x00, 0x2F, 0xC0, 0x00, 0x00, 0x07, 0xFF, 0xC0, 0x00, 0x00,
    0x07, 0xFF, 0x40, 0x00, 0x00, 0x02, 0xA8, 0x00, 0x00, 0x2A, 0xAA, 0xAA, 0xAA, 0xAA, 0x80, 0x3F,
    0xFF, 0xFF, 0xFF, 0xFF, 0xF0, 0x3F, 0xFF, 0xFF, 0xFF, 0xFF, 0xF0, 0x2A, 0xAA, 0xBF, 0xEA, 0xAA,
    0x90, 0x00, 0x00, 0x2F, 0xC0, 0x00, 0x00, 0x00, 0x00, 0x2F, 0xC0, 0x00, 0x00, 0x00, 0x00, 0x2F,
    0xC0, 0x00, 0x00, 0x00, 0x00, 0x2F, 0xC0, 0x00, 0x00, 0x00, 0x00, 0x2F, 0xC0, 0x00, 0x00, 0x00,
    0x00, 0x2F, 0xC0, 0x00, 0x00, 0x00, 0x00, 0x2F, 0xC0, 0x00, 0x00, 0x00, 0x00, 0x2F, 0xC0, 0x00,
    0x00, 0x00, 0x00, 0x2F, 0xC0, 0x00, 0x00, 0x00, 0x00, 0x2F, 0xC0, 0x00, 0x00, 0x00, 0x00, 0x2F,
    0xC0, 0x00, 0x00, 0x00, 0x00, 0x2F, 0xC0, 0x00, 0x00, 0x00, 0x00, 0x2F, 0xC0, 0x00, 0x00, 0x00,
    0x00, 0x2F, 0xC0, 0x00, 0x00, 0x00, 0x00, 0x2F, 0xC0, 0x00, 0x00, 0x00, 0x00, 0x2F, 0xC0, 0x00,
    0x00, 0x00, 0x00, 0x2F, 0xC0, 0x00, 0x00, 0x00, 0x00, 0x2F, 0xC0, 0x00, 0x00, 0x00, 0x00, 0x2F,
    0xC0, 0x00, 0x00, 0x00, 0x00, 0x2F, 0xC0, 0x00, 0x00, 0x00, 0x00, 0x2F, 0xFC, 0x00, 0x00, 0x00,
    0x00, 0x2F, 0xFC, 0x00, 0x00, 0x00, 0x00, 0x2F, 0xFC, 0x00, 0x00, 0x00, 0x00, 0x02, 0xFC, 0x00,
    0x00, 0x00, 0x00, 0x02, 0xFC, 0x00, 0x00, 0x00, 0x00, 0x02, 0xFC, 0x00, 0x00, 0x00, 0x00, 0x02,
    0xFC, 0x00, 0x00, 0x00, 0x00, 0x02, 0xFC, 0x00, 0x00, 0x00, 0x00, 0x01, 0xFC, 0x00, 0x00, 0x00,
    0x00, 0x00, 0x00, 0x00, 0x00, 0x00, 0x00, 0x00, 0x00, 0x00, 0x3F, 0xFF, 0xFF, 0xFF, 0xF0, 0x3F,
    0xFF, 0xFF, 0xFF, 0xF0, 0x2A, 0xAA, 0xFE, 0xAA, 0xA0, 0x00, 0x00, 0xFC, 0x00, 0x00, 0x00, 0x00,
    0xFC, 0x00, 0x00, 0x00, 0x00, 0xFC, 0x00, 0x00, 0x00, 0x00, 0xFC, 0x00, 0x00, 0x00, 0x00, 0xFC,
    0x00, 0x00, 0x00, 0x00, 0xFC, 0x00, 0x00, 0x00, 0x00, 0xFC, 0x00, 0x00, 0x00, 0x00, 0xFC, 0x00,
    0x00, 0x00, 0x00, 0xFC, 0x00, 0x00, 0x00, 0x00, 0xFC, 0x00, 0x00, 0x00, 0x00, 0xFC, 0x00, 0x00,
    0x00, 0x00, 0xFC, 0x00, 0x00, 0x00, 0x00, 0xFC, 0x00, 0x00, 0x00, 0x00, 0xFE, 0x00, 0x00, 0x00,
    0x00, 0xFF, 0x80, 0x00, 0x00, 0x00, 0xFF, 0x80, 0x00, 0x00, 0x00, 0x2F, 0x80, 0x00, 0x00, 0x00,
    0x2F, 0x80, 0x00, 0x00, 0x00, 0x2F, 0x80, 0x00, 0x00, 0x00, 0x2F, 0x80, 0x00, 0x00, 0x00, 0x2A,
    0x80, 0x00, 0x00, 0x00, 0x00, 0x00, 0x00, 0x00, 0x00, 0x3F, 0xFF, 0xFC, 0x00, 0x2F, 0xFF, 0xC0,
    0x0B, 0xFF, 0x80, 0x00, 0x02, 0xFE, 0x00, 0x01, 0xFF, 0x80, 0x00, 0x01, 0xF0, 0x00, 0x00, 0xBF,
    0xC0, 0x00, 0x03, 0xE0, 0x00, 0x00, 0x3F, 0xF0, 0x00, 0x0B, 0x80, 0x00, 0x00, 0x0F, 0xF8, 0x00,
    0x0F, 0x00, 0x00, 0x00, 0x0B, 0xFC, 0x00, 0x3D, 0x00, 0x00, 0x00, 0x03, 0xFF, 0x00, 0xB8, 0x00,
    0x00, 0x00, 0x00, 0xFF, 0x80, 0xF0, 0x00, 0x00, 0x00, 0x00, 0x7F, 0xC2, 0xD0, 0x00, 0x00, 0x00,
    0x00, 0x2F, 0xF7, 0x80, 0x00, 0x00, 0x00, 0x00, 0x0F, 0xFF, 0x00, 0x00, 0x00, 0x00, 0x00, 0x07,
    0xFE, 0x00, 0x00, 0x00, 0x00, 0x00, 0x03, 0xFC, 0x00, 0x00, 0x00, 0x00, 0x00, 0x02, 0xFC, 0x00,
    0x00, 0x00, 0x00, 0x00, 0x02, 0xFC, 0x00, 0x00, 0x00, 0x00, 0x00, 0x02, 0xFC, 0x00, 0x00, 0x00,
    0x00, 0x00, 0x02, 0xFC, 0x00, 0x00, 0x00, 0x00, 0x00, 0x02, 0xFC, 0x00, 0x00, 0x00, 0x00, 0x00,
    0x03, 0xFC, 0x00, 0x00, 0x00, 0x00, 0x00, 0x03, 0xFC, 0x00, 0x00, 0x00, 0x00, 0x00, 0x03, 0xFC,
    0x00, 0x00, 0x00, 0x00, 0x00, 0x0B, 0xFF, 0x00, 0x00, 0x00, 0x00, 0x00, 0xFF, 0xFF, 0xFC, 0x00,
    0x00, 0x00, 0x00, 0x00, 0x00, 0x00, 0x00, 0x00, 0x3F, 0xFF, 0xE8, 0x00, 0x2B, 0xFF, 0xC0, 0x03,
    0xFF, 0x80, 0x00, 0x00, 0xFC, 0x00, 0x00, 0xFF, 0x80, 0x00, 0x02, 0xF0, 0x00, 0x00, 0xBF, 0xC0,
    0x00, 0x03, 0xC0, 0x00, 0x00, 0x2F, 0xE0, 0x00, 0x07, 0x80, 0x00, 0x00, 0x0F, 0xF0, 0x00, 0x0F,
    0x00, 0x00, 0x00, 0x07, 0xF8, 0x00, 0x1E, 0x00, 0x00, 0x00, 0x03, 0xFC, 0x00, 0x3C, 0x00, 0x00,
    0x00, 0x01, 0xFE, 0x00, 0x38, 0x00, 0x00, 0x00, 0x00, 0xFF, 0x00, 0xF0, 0x00, 0x00, 0x00, 0x00,
    0xBF, 0x80, 0xE0, 0x00, 0x00, 0x00, 0x00, 0x3F, 0xC2, 0xC0, 0x00, 0x00, 0x00, 0x00, 0x2F, 0xE3,
    0x80, 0x00, 0x00, 0x00, 0x00, 0x0F, 0xFF, 0x00, 0x00, 0x00, 0x00, 0x00, 0x0B, 0xFE, 0x00, 0x00,
    0x00, 0x00, 0x00, 0x03, 0xFC, 0x00, 0x00, 0x00, 0x00, 0x00, 0x02, 0xFC, 0x00, 0x00, 0x00, 0x00,
    0x00, 0x02, 0xFC, 0x00, 0x00, 0x00, 0x00, 0x00, 0x02, 0xFC, 0x00, 0x00, 0x00, 0x00, 0x00, 0x03,
    0xFC, 0x00, 0x00, 0x00, 0x00, 0x00, 0x03, 0xFC, 0x00, 0x00, 0x00, 0x00, 0x00, 0x03, 0xFC, 0x00,
    0x00, 0x00, 0x00, 0x00, 0x0B, 0xFF, 0x40, 0x00, 0x00, 0x00, 0x00, 0xFF, 0xFF, 0xF8, 0x00, 0x00,
    0x00, 0x00, 0x00, 0x00, 0x00, 0xFF, 0xFE, 0x00, 0xBF, 0xF0, 0x2F, 0xF0, 0x00, 0x0F, 0x80, 0x0B,
    0xF0, 0x00, 0x0F, 0x00, 0x03, 0xF4, 0x00, 0x2C, 0x00, 0x02, 0xFC, 0x00, 0x3C, 0x00, 0x00, 0xFC,
    0x00, 0x70, 0x00, 0x00, 0xBF, 0x00, 0xF0, 0x00, 0x00, 0x3F, 0x00, 0xC0, 0x00, 0x00, 0x2F, 0xC3,
    0xC0, 0x00, 0x00, 0x0F, 0xC3, 0x40, 0x00, 0x00, 0x0B, 0xFB, 0x00, 0x00, 0x00, 0x03, 0xFE, 0x00,
    0x00, 0x00, 0x02, 0xFC, 0x00, 0x00, 0x00, 0x00, 0xF8, 0x00, 0x00, 0x02, 0xAA, 0xFE, 0xA8, 0x00,
    0x02, 0xAA, 0xFE, 0xA8, 0x00, 0x00, 0x00, 0xF8, 0x00, 0x00, 0x00, 0x00, 0xF8, 0x00, 0x00, 0x00,
    0x00, 0xF8, 0x00, 0x00, 0x00, 0x00, 0xF8, 0x00, 0x00, 0x00, 0x00, 0xF8, 0x00, 0x00, 0x00, 0x00,
    0xFC, 0x00, 0x00, 0x00, 0x03, 0xFD, 0x00, 0x00, 0x00, 0x3F, 0xFF, 0xD0, 0x00, 0x00, 0x00, 0x00,
    0x00, 0x00, 0xBF, 0xFE, 0x00, 0xBF, 0xF0, 0x1F, 0xF0, 0x00, 0x0F, 0x80, 0x0B, 0xF0, 0x00, 0x0F,
    0x00, 0x03, 0xF8, 0x00, 0x2C, 0x00, 0x02, 0xFC, 0x00, 0x38, 0x00, 0x00, 0xFD, 0x00, 0xB0, 0x00,
    0x00, 0xBF, 0x00, 0xE0, 0x00, 0x00, 0x3F, 0x41, 0xC0, 0x00, 0x00, 0x2F, 0xC3, 0xC0, 0x00, 0x00,
    0x0F, 0xC3, 0x00, 0x00, 0x00, 0x0B, 0xFF, 0x00, 0x00, 0x00, 0x03, 0xFD, 0x00, 0x00, 0x00, 0x02,
    0xFC, 0x00, 0x00, 0x00, 0x00, 0xF8, 0x00, 0x00, 0x02, 0xAB, 0xFE, 0xA9, 0x00, 0x02, 0xAA, 0xFE,
    0xA8, 0x00, 0x00, 0x00, 0xF8, 0x00, 0x00, 0x00, 0x00, 0xF8, 0x00, 0x00, 0x00, 0x00, 0xF8, 0x00,
    0x00, 0x00, 0x00, 0xF8, 0x00, 0x00, 0x00, 0x00, 0xF8, 0x00, 0x00, 0x00, 0x00, 0xFC, 0x00, 0x00,
    0x00, 0x03, 0xFE, 0x00, 0x00, 0x00, 0x2F, 0xFF, 0xC0, 0x00, 0x00, 0x00, 0x00, 0x00, 0x00, 0x00,
    0x00, 0x3F, 0xFF, 0xFE, 0x00, 0xBF, 0xFF, 0xC0, 0x03, 0xFF, 0xC0, 0x00, 0x03, 0xFC, 0x00, 0x00,
    0xFF, 0xC0, 0x00, 0x03, 0xE0, 0x00, 0x00, 0x3F, 0xF0, 0x00, 0x0F, 0x80, 0x00, 0x00, 0x0F, 0xF4,
    0x00, 0x2E, 0x00, 0x00, 0x00, 0x07, 0xFC, 0x00, 0xBC, 0x00, 0x00, 0x00, 0x02, 0xFE, 0x00, 0xF0,
    0x00, 0x00, 0x00, 0x00, 0xFF, 0x83, 0xC0, 0x00, 0x00, 0x00, 0x00, 0x3F, 0xCF, 0x00, 0x00, 0x00,
    0x00, 0x00, 0x2F, 0xFE, 0x00, 0x00, 0x00, 0x00, 0x00, 0x0F, 0xFC, 0x00, 0x00, 0x00, 0x00, 0x00,
    0x03, 0xFC, 0x00, 0x00, 0x00, 0x00, 0x00, 0x03, 0xFF, 0x00, 0x00, 0x00, 0x00, 0x00, 0x0F, 0xFF,
    0x80, 0x00, 0x00, 0x00, 0x00, 0x3E, 0x3F, 0xD0, 0x00, 0x00, 0x00, 0x00, 0xBC, 0x2F, 0xF0, 0x00,
    0x00, 0x00, 0x02, 0xF0, 0x0F, 0xFC, 0x00, 0x00, 0x00, 0x03, 0xC0, 0x03, 0xFE, 0x00, 0x00, 0x00,
    0x0F, 0x40, 0x02, 0xFF, 0x00, 0x00, 0x00, 0x3E, 0x00, 0x00, 0xFF, 0xC0, 0x00, 0x00, 0xBC, 0x00,
    0x00, 0x3F, 0xE0, 0x00, 0x02, 0xF0, 0x00, 0x00, 0x3F, 0xF8, 0x00, 0x0F, 0xF8, 0x00, 0x00, 0x3F,
    0xFE, 0x00, 0xBF, 0xFF, 0xC0, 0x03, 0xFF, 0xFF, 0xE0, 0x00, 0x00, 0x00, 0x00, 0x00, 0x0F, 0xE0,
    0x00, 0x00, 0x00, 0x00, 0x00, 0x03, 0xE0, 0x00, 0x00, 0x00, 0x00, 0x00, 0x02, 0xE0, 0x00, 0x00,
    0x00, 0x00, 0x00, 0x00, 0xE0, 0x00, 0x00, 0x00, 0x00, 0x00, 0x00, 0xE0, 0x00, 0x00, 0x00, 0x00,
    0x00, 0x00, 0xA0, 0x00, 0x00, 0x00, 0x00, 0x00, 0x00, 0x00, 0x00, 0x00, 0x00, 0x00, 0x00, 0x2F,
    0xFE, 0x0B, 0xF8, 0x00, 0x03, 0xFC, 0x03, 0xC0, 0x00, 0x00, 0xFE, 0x07, 0x80, 0x00, 0x00, 0xBF,
    0x0E, 0x00, 0x00, 0x00, 0x3F, 0xFC, 0x00, 0x00, 0x00, 0x0F, 0xF0, 0x00, 0x00, 0x00, 0x0B, 0xF0,
    0x00, 0x00, 0x00, 0x03, 0xFC, 0x00, 0x00, 0x00, 0x0B, 0xFD, 0x00, 0x00, 0x00, 0x0E, 0xBF, 0x00,
    0x00, 0x00, 0x3C, 0x3F, 0x80, 0x00, 0x00, 0xB4, 0x0F, 0xD0, 0x00, 0x00, 0xE0, 0x0B, 0xF0, 0x00,
    0x03, 0xC0, 0x03, 0xFC, 0x00, 0x0F, 0x80, 0x02, 0xFE, 0x00, 0x7F, 0xF0, 0x0F, 0xFF, 0xC0, 0x00,
    0x00, 0x00, 0x0B, 0xC0, 0x00, 0x00, 0x00, 0x03, 0xC0, 0x00, 0x00, 0x00, 0x02, 0xC0, 0x00, 0x00,
    0x00, 0x00, 0xC0, 0x00, 0x00, 0x00, 0x00, 0xC0, 0x00, 0x00, 0x00, 0x00, 0x00, 0x6A, 0xAA, 0xAA,
    0xAA, 0xAA, 0x80, 0x0A, 0x80, 0xFF, 0xFF, 0xFF, 0xFF, 0xFF, 0xC0, 0x0F, 0xE0, 0xFF, 0xFF, 0xFF,
    0xFF, 0xFF, 0xC0, 0x0F, 0xE0, 0x6A, 0xAA, 0xBF, 0xEA, 0xAA, 0x80, 0x0F, 0xE0, 0x00, 0x00, 0x3F,
    0x80, 0x00, 0x00, 0x0F, 0xE0, 0x00, 0x00, 0x3F, 0x80, 0x00, 0x00, 0x0F, 0xE0, 0x00, 0x00, 0x3F,
    0x80, 0x00, 0x00, 0x0F, 0xE0, 0x00, 0x00, 0x3F, 0x80, 0x00, 0x00, 0x0F, 0xE0, 0x00, 0x00, 0x3F,
    0x80, 0x00, 0x00, 0x0F, 0xE0, 0x00, 0x00, 0x3F, 0x80, 0x00, 0x00, 0x0F, 0xE0, 0x00, 0x00, 0x3F,
    0x80, 0x00, 0x00, 0x0F, 0xE0, 0x00, 0x00, 0x3F, 0x80, 0x00, 0x00, 0x0F, 0xE0, 0x00, 0x00, 0x3F,
    0x80, 0x00, 0x00, 0x0F, 0xE0, 0x00, 0x00, 0x3F, 0x80, 0x00, 0x00, 0x0F, 0xE0, 0x00, 0x00, 0x3F,
    0x80, 0x00, 0x00, 0x0F, 0xE0, 0x00, 0x00, 0x3F, 0x80, 0x00, 0x00, 0x0F, 0xE0, 0x00, 0x00, 0x3F,
    0x80, 0x00, 0x00, 0x0F, 0xE0, 0x00, 0x00, 0x3F, 0x80, 0x00, 0x00, 0x0F, 0xE0, 0x00, 0x00, 0x3F,
    0x80, 0x00, 0x00, 0x0F, 0xE0, 0x00, 0x00, 0x3F, 0x80, 0x00, 0x00, 0x0F, 0xE0, 0x00, 0x00, 0x3F,
    0x80, 0x00, 0x00, 0x0F, 0xE0, 0x00, 0x00, 0x3F, 0x80, 0x00, 0x00, 0x0F, 0xE0, 0x00, 0x00, 0x3F,
    0x80, 0x00, 0x00, 0x0F, 0xE0, 0x00, 0x00, 0x3F, 0x80, 0x00, 0x00, 0x0F, 0xE0, 0x00, 0x00, 0x3F,
    0xFF, 0xFF, 0xFF, 0xFF, 0xFF, 0x00, 0x00, 0x3F, 0xFF, 0xFF, 0xFF, 0xFF, 0xFF, 0x00, 0x00, 0x3F,
    0xFF, 0xFF, 0xFF, 0xFF, 0xFF, 0x00, 0x00, 0x00, 0x00, 0x00, 0x00, 0x00, 0xFF, 0x00, 0x00, 0x00,
    0x00, 0x00, 0x00, 0x00, 0xFF, 0x00, 0x00, 0x00, 0x00, 0x00, 0x00, 0x00, 0xFF, 0x00, 0x00, 0x00,
    0x00, 0x00, 0x00, 0x00, 0xFF, 0x00, 0x00, 0x00, 0x00, 0x00, 0x00, 0x00, 0xFF, 0x00, 0x00, 0x00,
    0x00, 0x00, 0x00, 0x00, 0xFF, 0x00, 0x00, 0x00, 0x00, 0x00, 0x00, 0x00, 0x00, 0x00, 0x00, 0x00,
    0x00, 0x00, 0x00, 0x00, 0x3F, 0xFF, 0xFF, 0xFF, 0x00, 0xFC, 0x00, 0x3F, 0xFF, 0xFF, 0xFF, 0x00,
    0xFC, 0x00, 0x2A, 0xAA, 0xFE, 0xAA, 0x00, 0xFC, 0x00, 0x00, 0x00, 0xFC, 0x00, 0x00, 0xFC, 0x00,
    0x00, 0x00, 0xFC, 0x00, 0x00, 0xFC, 0x00, 0x00, 0x00, 0xFC, 0x00, 0x00, 0xFC, 0x00, 0x00, 0x00,
    0xFC, 0x00, 0x00, 0xFC, 0x00, 0x00, 0x00, 0xFC, 0x00, 0x00, 0xFC, 0x00, 0x00, 0x00, 0xFC, 0x00,
    0x00, 0xFC, 0x00, 0x00, 0x00, 0xFC, 0x00, 0x00, 0xFC, 0x00, 0x00, 0x00, 0xFC, 0x00, 0x00, 0xFC,
    0x00, 0x00, 0x00, 0xFC, 0x00, 0x00, 0xFC, 0x00, 0x00, 0x00, 0xFC, 0x00, 0x00, 0xFC, 0x00, 0x00,
    0x00, 0xFC, 0x00, 0x00, 0xFC, 0x00, 0x00, 0x00, 0xFC, 0x00, 0x00, 0xFC, 0x00, 0x00, 0x00, 0xFC,
    0x00, 0x00, 0xFC, 0x00, 0x00, 0x00, 0xFE, 0xAA, 0xAA, 0xFE, 0x40, 0x00, 0x00, 0xFF, 0xFF, 0xFF,
    0xFF, 0xC0, 0x00, 0x00, 0xFF, 0xFF, 0xFF, 0xFF, 0xC0, 0x00, 0x00, 0x00, 0x00, 0x00, 0x2F, 0xC0,
    0x00, 0x00, 0x00, 0x00, 0x00, 0x2F, 0xC0, 0x00, 0x00, 0x00, 0x00, 0x00, 0x2F, 0xC0, 0x00, 0x00,
    0x00, 0x00, 0x00, 0x2F, 0xC0, 0x00, 0x00, 0x00, 0x00, 0x00, 0x0A, 0x80, 0x00, 0x00, 0x00, 0x00,
    0x00, 0x00, 0x00, 0xBF, 0xFF, 0xF8, 0x0F, 0xFF, 0xFF, 0x00, 0x03, 0xFF, 0x00, 0x00, 0xBF, 0xF0,
    0x00, 0x02, 0xFE, 0x00, 0x00, 0x3F, 0xC0, 0x00, 0x01, 0xFE, 0x00, 0x00, 0x3F, 0xC0, 0x00, 0x01,
    0xFE, 0x00, 0x00, 0x3F, 0xC0, 0x00, 0x01, 0xFE, 0x00, 0x00, 0x3F, 0xC0, 0x00, 0x01, 0xFE, 0x00,
    0x00, 0x3F, 0xC0, 0x00, 0x01, 0xFE, 0x00, 0x00, 0x3F, 0xC0, 0x00, 0x01, 0xFE, 0x00, 0x00, 0x3F,
    0xC0, 0x00, 0x00, 0xFE, 0x00, 0x00, 0x3F, 0xC0, 0x00, 0x00, 0xFF, 0x00, 0x00, 0x3F, 0xC0, 0x00,
    0x00, 0xFF, 0x80, 0x00, 0x7F, 0xC0, 0x00, 0x00, 0x3F, 0xFA, 0xAF, 0xFF, 0xC0, 0x00, 0x00, 0x0B,
    0xFF, 0xE4, 0x3F, 0xC0, 0x00, 0x00, 0x00, 0x00, 0x00, 0x3F, 0xC0, 0x00, 0x00, 0x00, 0x00, 0x00,
    0x3F, 0xC0, 0x00, 0x00, 0x00, 0x00, 0x00, 0x3F, 0xC0, 0x00, 0x00, 0x00, 0x00, 0x00, 0x3F, 0xC0,
    0x00, 0x00, 0x00, 0x00, 0x00, 0x3F, 0xC0, 0x00, 0x00, 0x00, 0x00, 0x00, 0x3F, 0xC0, 0x00, 0x00,
    0x00, 0x00, 0x00, 0x3F, 0xC0, 0x00, 0x00, 0x00, 0x00, 0x00, 0x3F, 0xC0, 0x00, 0x00, 0x00, 0x00,
    0x00, 0xBF, 0xF8, 0x00, 0x00, 0x00, 0x00, 0x0F, 0xFF, 0xFF, 0x00, 0x00, 0x00, 0x00, 0x00, 0x00,
    0xBF, 0x00, 0x00, 0x00, 0x00, 0x00, 0x00, 0x2F, 0x00, 0x00, 0x00, 0x00, 0x00, 0x00, 0x0F, 0x00,
    0x00, 0x00, 0x00, 0x00, 0x00, 0x0B, 0x00, 0x00, 0x00, 0x00, 0x00, 0x00, 0x03, 0x00, 0x00, 0x00,
    0x00, 0x00, 0x00, 0x03, 0x00, 0x00, 0x00, 0x00, 0x00, 0x00, 0x01, 0x00, 0x00, 0x00, 0x00, 0x00,
    0x00, 0x2F, 0xF9, 0x06, 0xFF, 0x80, 0x0B, 0xF0, 0x00, 0xFE, 0x00, 0x03, 0xF0, 0x00, 0xFC, 0x00,
    0x03, 0xF0, 0x00, 0xFC, 0x00, 0x03, 0xF0, 0x00, 0xFC, 0x00, 0x03, 0xF0, 0x00, 0xFC, 0x00, 0x03,
    0xF0, 0x00, 0xFC, 0x00, 0x03, 0xF8, 0x00, 0xFC, 0x00, 0x00, 0xBF, 0xFF, 0xFC, 0x00, 0x00, 0x00,
    0x00, 0xFC, 0x00, 0x00, 0x00, 0x00, 0xFC, 0x00, 0x00, 0x00, 0x00, 0xFC, 0x00, 0x00, 0x00, 0x00,
    0xFC, 0x00, 0x00, 0x00, 0x00, 0xFC, 0x00, 0x00, 0x00, 0x00, 0xFE, 0x00, 0x00, 0x00, 0x0F, 0xFF,
    0xE0, 0x00, 0x00, 0x00, 0x03, 0xE0, 0x00, 0x00, 0x00, 0x02, 0xE0, 0x00, 0x00, 0x00, 0x00, 0xE0,
    0x00, 0x00, 0x00, 0x00, 0xE0, 0x00, 0x00, 0x00, 0x00, 0xA0, 0x00, 0x00, 0x00, 0x00, 0x00, 0x00,
    0x00, 0x00, 0x00, 0x00, 0x00, 0x00, 0xBF, 0xFF, 0xF8, 0x0F, 0xFF, 0xFF, 0x00, 0x03, 0xFF, 0x00,
    0x00, 0xBF, 0xF0, 0x00, 0x02, 0xFE, 0x00, 0x00, 0x3F, 0xC0, 0x00, 0x01, 0xFE, 0x00, 0x00, 0x3F,
    0xC0, 0x00, 0x01, 0xFE, 0x00, 0x00, 0x3F, 0xC0, 0x00, 0x01, 0xFE, 0x00, 0x00, 0x3F, 0xC0, 0x00,
    0x01, 0xFE, 0x03, 0xC0, 0x3F, 0xC0, 0x00, 0x01, 0xFE, 0x03, 0xC0, 0x3F, 0xC0, 0x00, 0x01, 0xFE,
    0x03, 0xC0, 0x3F, 0xC0, 0x00, 0x00, 0xFE, 0x03, 0xC0, 0x3F, 0xC0, 0x00, 0x00, 0xFF, 0x03, 0xC0,
    0x3F, 0xC0, 0x00, 0x00, 0xFF, 0x83, 0xC0, 0x7F, 0xC0, 0x00, 0x00, 0x3F, 0xFF, 0xFF, 0xFF, 0xC0,
    0x00, 0x00, 0x0B, 0xFF, 0xF8, 0x3F, 0xC0, 0x00, 0x00, 0x00, 0x07, 0xC0, 0x3F, 0xC0, 0x00, 0x00,
    0x00, 0x03, 0xC0, 0x3F, 0xC0, 0x00, 0x00, 0x00, 0x03, 0xC0, 0x3F, 0xC0, 0x00, 0x00, 0x00, 0x03,
    0xC0, 0x3F, 0xC0, 0x00, 0x00, 0x00, 0x02, 0x80, 0x3F, 0xC0, 0x00, 0x00, 0x00, 0x00, 0x00, 0x3F,
    0xC0, 0x00, 0x00, 0x00, 0x00, 0x00, 0x3F, 0xC0, 0x00, 0x00, 0x00, 0x00, 0x00, 0x3F, 0xC0, 0x00,
    0x00, 0x00, 0x00, 0x00, 0xBF, 0xF0, 0x00, 0x00, 0x00, 0x00, 0x0F, 0xFF, 0xFF, 0x00, 0x00, 0x00,
    0x00, 0x00, 0x00, 0x2F, 0xF9, 0x06, 0xFF, 0x80, 0x0B, 0xF0, 0x00, 0xFE, 0x00, 0x03, 0xF0, 0x00,
    0xFC, 0x00, 0x03, 0xF2, 0x90, 0xFC, 0x00, 0x03, 0xF3, 0xE0, 0xFC, 0x00, 0x03, 0xF3, 0xE0, 0xFC,
    0x00, 0x03, 0xF3, 0xE0, 0xFC, 0x00, 0x03, 0xFB, 0xE0, 0xFC, 0x00, 0x00, 0xBF, 0xFE, 0xFC, 0x00,
    0x00, 0x03, 0xE0, 0xFC, 0x00, 0x00, 0x03, 0xE0, 0xFC, 0x00, 0x00, 0x03, 0xE0, 0xFC, 0x00, 0x00,
    0x03, 0xE0, 0xFC, 0x00, 0x00, 0x00, 0x00, 0xFC, 0x00, 0x00, 0x00, 0x00, 0xFE, 0x00, 0x00, 0x00,
    0x0F, 0xFF, 0xE0, 0x00, 0x00, 0x00, 0x00, 0x00, 0x00, 0x00, 0xBF, 0xFF, 0xF8, 0x00, 0x00, 0x00,
    0x00, 0x03, 0xFF, 0x00, 0x00, 0x00, 0x00, 0x00, 0x02, 0xFE, 0x00, 0x00, 0x00, 0x00, 0x00, 0x01,
    0xFE, 0x00, 0x00, 0x00, 0x00, 0x00, 0x01, 0xFE, 0x00, 0x00, 0x00, 0x00, 0x00, 0x01, 0xFE, 0x00,
    0x00, 0x00, 0x00, 0x00, 0x01, 0xFE, 0x00, 0x00, 0x00, 0x00, 0x00, 0x01, 0xFE, 0x00, 0x00, 0x00,
    0x00, 0x00, 0x01, 0xFE, 0x00, 0x00, 0x00, 0x00, 0x00, 0x01, 0xFE, 0x00, 0x00, 0x00, 0x00, 0x00,
    0x01, 0xFE, 0x0B, 0xFF, 0xF8, 0x00, 0x00, 0x01, 0xFF, 0xFA, 0xAB, 0xFF, 0x00, 0x00, 0x01, 0xFE,
    0x00, 0x00, 0xFF, 0x80, 0x00, 0x01, 0xFE, 0x00, 0x00, 0x3F, 0xC0, 0x00, 0x01, 0xFE, 0x00, 0x00,
    0x3F, 0xC0, 0x00, 0x01, 0xFE, 0x00, 0x00, 0x3F, 0xC0, 0x00, 0x01, 0xFE, 0x00, 0x00, 0x3F, 0xC0,
    0x00, 0x01, 0xFE, 0x00, 0x00, 0x3F, 0xC0, 0x00, 0x01, 0xFE, 0x00, 0x00, 0x3F, 0xC0, 0x00, 0x01,
    0xFE, 0x00, 0x00, 0x3F, 0xC0, 0x00, 0x01, 0xFE, 0x00, 0x00, 0x3F, 0xC0, 0x00, 0x02, 0xFE, 0x00,
    0x00, 0x3F, 0xC0, 0x00, 0x07, 0xFF, 0x80, 0x00, 0xBF, 0xF0, 0x00, 0xBF, 0xFF, 0xF8, 0x0F, 0xFF,
    0xFF, 0x00, 0x00, 0x00, 0x00, 0x00, 0x00, 0x2F, 0xF9, 0x00, 0x00, 0x00, 0x0B, 0xF0, 0x00, 0x00,
    0x00, 0x03, 0xF0, 0x00, 0x00, 0x00, 0x03, 0xF0, 0x00, 0x00, 0x00, 0x03, 0xF0, 0x00, 0x00, 0x00,
    0x03, 0xF0, 0x00, 0x00, 0x00, 0x03, 0xF2, 0xAE, 0x80, 0x00, 0x03, 0xFE, 0x5B, 0xF8, 0x00, 0x03,
    0xF0, 0x00, 0xFC, 0x00, 0x03, 0xF0, 0x00, 0xFC, 0x00, 0x03, 0xF0, 0x00, 0xFC, 0x00, 0x03, 0xF0,
    0x00, 0xFC, 0x00, 0x03, 0xF0, 0x00, 0xFC, 0x00, 0x03, 0xF0, 0x00, 0xFC, 0x00, 0x0B, 0xF0, 0x00,
    0xFE, 0x00, 0xBF, 0xFF, 0x0F, 0xFF, 0xE0, 0x00, 0x00, 0x00, 0x00, 0x00, 0x00, 0x00, 0x00, 0x00,
    0x00, 0x00, 0x02, 0xFF, 0xFF, 0x80, 0x00, 0x00, 0x00, 0x00, 0x1F, 0xFF, 0xFF, 0xF8, 0x00, 0x00,
    0x00, 0x00, 0xBF, 0xFA, 0xAF, 0xFF, 0x00, 0x00, 0x00, 0x02, 0xFF, 0xC0, 0x02, 0xFF, 0xC0, 0x00,
    0x00, 0x03, 0xFE, 0x00, 0x00, 0x3F, 0xE0, 0x00, 0x00, 0x0F, 0xF8, 0x00, 0x00, 0x0F, 0xF0, 0x00,
    0x00, 0x2F, 0xF0, 0x00, 0x00, 0x03, 0xF8, 0x00, 0x00, 0x3F, 0xD0, 0x00, 0x00, 0x03, 0xFC, 0x3F,
    0x00, 0x3F, 0xC0, 0x00, 0x00, 0x02, 0xFC, 0x3F, 0x00, 0xBF, 0x80, 0x00, 0x00, 0x01, 0xFC, 0x3F,
    0x00, 0xBF, 0x00, 0x00, 0x00, 0x00, 0xFD, 0x3F, 0x80, 0xFF, 0x00, 0x00, 0x00, 0x00, 0xFE, 0x2F,
    0xFF, 0xFF, 0xFF, 0xFF, 0xFF, 0xFF, 0xFE, 0x0B, 0xFF, 0xFF, 0xFF, 0xFF, 0xFF, 0xFF, 0xFE, 0x00,
    0x1A, 0xFF, 0xAA, 0xAA, 0xAA, 0xAA, 0xA8, 0x00, 0x00, 0xBF, 0x00, 0x00, 0x00, 0x00, 0x00, 0x00,
    0x00, 0xBF, 0x00, 0x00, 0x00, 0x00, 0x00, 0x00, 0x00, 0xBF, 0x40, 0x00, 0x00, 0x00, 0x00, 0x00,
    0x00, 0x3F, 0xC0, 0x00, 0x00, 0x02, 0xFC, 0x00, 0x00, 0x3F, 0xC0, 0x00, 0x00, 0x03, 0xF8, 0x00,
    0x00, 0x1F, 0xF0, 0x00, 0x00, 0x0B, 0xF0, 0x00, 0x00, 0x0F, 0xF8, 0x00, 0x00, 0x2F, 0xE0, 0x00,
    0x00, 0x03, 0xFE, 0x00, 0x00, 0xFF, 0xC0, 0x00, 0x00, 0x00, 0xFF, 0xE0, 0x1B, 0xFF, 0x00, 0x00,
    0x00, 0x00, 0x3F, 0xFF, 0xFF, 0xFC, 0x00, 0x00, 0x00, 0x00, 0x0B, 0xFF, 0xFF, 0xE0, 0x00, 0x00,
    0x00, 0x00, 0x00, 0x2A, 0xA4, 0x00, 0x00, 0x00, 0x00, 0x00, 0x06, 0x00, 0x00, 0x00, 0x00, 0x02,
    0xFF, 0xFE, 0x00, 0x00, 0x00, 0x0F, 0xFF, 0xFF, 0xC0, 0x00, 0x00, 0x3F, 0xFA, 0xBF, 0xF0, 0x00,
    0x00, 0xFF, 0x80, 0x0B, 0xF8, 0x3E, 0x02, 0xFD, 0x00, 0x02, 0xFC, 0x7E, 0x03, 0xFC, 0x00, 0x00,
    0xFC, 0x3F, 0x03, 0xF4, 0x00, 0x00, 0xFE, 0x3F, 0x0B, 0xF4, 0x00, 0x00, 0xFE, 0x3F, 0xFF, 0xFF,
    0xFF, 0xFF, 0xFE, 0x0F, 0xFF, 0xFF, 0xFF, 0xFF, 0xFF, 0x00, 0xAF, 0xFA, 0xAA, 0xAA, 0xAA, 0x00,
    0x07, 0xF0, 0x00, 0x00, 0x00, 0x00, 0x03, 0xF0, 0x00, 0x00, 0x00, 0x00, 0x03, 0xF8, 0x00, 0x00,
    0xFE, 0x00, 0x02, 0xFC, 0x00, 0x02, 0xFC, 0x00, 0x00, 0xFF, 0x00, 0x0B, 0xF8, 0x00, 0x00, 0xBF,
    0xE0, 0xBF, 0xF0, 0x00, 0x00, 0x2F, 0xFF, 0xFF, 0xC0, 0x00, 0x00, 0x07, 0xFF, 0xFE, 0x00, 0x00,
    0x00, 0x00, 0x2A, 0x80, 0x00, 0x00, 0x00, 0x00, 0x00, 0x00, 0x00, 0x00, 0x00, 0x00, 0x00, 0x00,
    0x02, 0xFF, 0xFF, 0x80, 0x00, 0x00, 0x00, 0x00, 0x1F, 0xFF, 0xFF, 0xF8, 0x00, 0x00, 0x00, 0x00,
    0xBF, 0xFA, 0xAF, 0xFF, 0x00, 0x00, 0x00, 0x02, 0xFF, 0xC0, 0x02, 0xFF, 0xC0, 0x00, 0x00, 0x03,
    0xFE, 0x00, 0x00, 0x3F, 0xE0, 0x00, 0x00, 0x0F, 0xF8, 0x00, 0x00, 0x0F, 0xF0, 0x00, 0x00, 0x2F,
    0xF0, 0x00, 0x00, 0x03, 0xF8, 0x00, 0x00, 0x3F, 0xD0, 0x00, 0x00, 0x03, 0xFC, 0x3F, 0x00, 0x3F,
    0xC0, 0x00, 0x00, 0x02, 0xFC, 0x3F, 0x00, 0xBF, 0x80, 0x00, 0x00, 0x01, 0xFC, 0x3F, 0x00, 0xBF,
    0x00, 0x00, 0x00, 0x00, 0xFD, 0x3F, 0x80, 0xFF, 0x00, 0x00, 0x00, 0x00, 0xFE, 0x2F, 0xFF, 0xFF,
    0xFF, 0xFF, 0xFF, 0xFF, 0xFE, 0x0B, 0xFF, 0xFF, 0xFF, 0xFF, 0xFF, 0xFF, 0xFE, 0x00, 0x1A, 0xFF,
    0xAA, 0xAA, 0xAA, 0xAA, 0xA8, 0x00, 0x00, 0xBF, 0x00, 0x00, 0x00, 0x00, 0x00, 0x00, 0x00, 0xBF,
    0x00, 0x00, 0x00, 0x00, 0x00, 0x00, 0x00, 0xBF, 0x40, 0x00, 0x00, 0x00, 0x00, 0x00, 0x00, 0x3F,
    0xC0, 0x00, 0x00, 0x02, 0xFC, 0x00, 0x00, 0x3F, 0xC0, 0x00, 0x00, 0x03, 0xF8, 0x00, 0x00, 0x1F,
    0xF0, 0x00, 0x00, 0x0B, 0xF0, 0x00, 0x00, 0x0F, 0xF8, 0x00, 0x00, 0x2F, 0xE0, 0x00, 0x00, 0x03,
    0xFE, 0x00, 0x00, 0xFF, 0xC0, 0x00, 0x00, 0x00, 0xFF, 0xE0, 0x1B, 0xFF, 0x00, 0x00, 0x00, 0x00,
    0x3F, 0xFF, 0xFF, 0xFC, 0x00, 0x00, 0x00, 0x00, 0x0B, 0xFF, 0xFF, 0xE0, 0x00, 0x00, 0x00, 0x00,
    0x00, 0x2F, 0xE4, 0x00, 0x00, 0x00, 0x00, 0x00, 0x00, 0x3F, 0x00, 0x00, 0x00, 0x00, 0x00, 0x00,
    0x00, 0xFC, 0x00, 0x00, 0x00, 0x00, 0x00, 0x00, 0x00, 0xFC, 0x00, 0x00, 0x00, 0x00, 0x00, 0x00,
    0x01, 0xFC, 0x00, 0x00, 0x00, 0x00, 0x00, 0x00, 0x00, 0xFF, 0xF0, 0x00, 0x00, 0x00, 0x00, 0x00,
    0x00, 0xBF, 0xF0, 0x00, 0x00, 0x00, 0x00, 0x00, 0x00, 0x2A, 0x90, 0x00, 0x00, 0x00, 0x00, 0x00,
    0x06, 0x00, 0x00, 0x00, 0x00, 0x02, 0xFF, 0xFE, 0x00, 0x00, 0x00, 0x0F, 0xFF, 0xFF, 0xC0, 0x00,
    0x00, 0x3F, 0xFA, 0xBF, 0xF0, 0x00, 0x00, 0xFF, 0x80, 0x0B, 0xF8, 0x3E, 0x02, 0xFD, 0x00, 0x02,
    0xFC, 0x7E, 0x03, 0xFC, 0x00, 0x00, 0xFC, 0x3F, 0x03, 0xF4, 0x00, 0x00, 0xFE, 0x3F, 0x0B, 0xF4,
    0x00, 0x00, 0xFE, 0x3F, 0xFF, 0xFF, 0xFF, 0xFF, 0xFE, 0x0F, 0xFF, 0xFF, 0xFF, 0xFF, 0xFF, 0x00,
    0xAF, 0xFA, 0xAA, 0xAA, 0xAA, 0x00, 0x07, 0xF0, 0x00, 0x00, 0x00, 0x00, 0x03, 0xF0, 0x00, 0x00,
    0x00, 0x00, 0x03, 0xF8, 0x00, 0x00, 0xFE, 0x00, 0x02, 0xFC, 0x00, 0x02, 0xFC, 0x00, 0x00, 0xFF,
    0x00, 0x0B, 0xF8, 0x00, 0x00, 0xBF, 0xE0, 0xBF, 0xF0, 0x00, 0x00, 0x2F, 0xFF, 0xFF, 0xC0, 0x00,
    0x00, 0x07, 0xFF, 0xFE, 0x00, 0x00, 0x00, 0x00, 0x3F, 0x80, 0x00, 0x00, 0x00, 0x00, 0xBE, 0x00,
    0x00, 0x00, 0x00, 0x02, 0xF8, 0x00, 0x00, 0x00, 0x00, 0x03, 0xF0, 0x00, 0x00, 0x00, 0x00, 0x03,
    0xF8, 0x00, 0x00, 0x00, 0x00, 0x03, 0xFF, 0xE0, 0x00, 0x00, 0x00, 0x00, 0xFF, 0xE0, 0x00, 0x00,
    0x00, 0x00, 0x2A, 0x80, 0x00, 0x00, 0x00, 0x00, 0x7F, 0xFF, 0xFC, 0x02, 0xFF, 0x80, 0x00, 0xFF,
    0x00, 0x00, 0xFF, 0x00, 0x00, 0xFF, 0x00, 0x00, 0xFF, 0x00, 0x00, 0xFF, 0x00, 0x00, 0xFF, 0x00,
    0x00, 0xFF, 0x00, 0x00, 0xFF, 0x00, 0x00, 0xFF, 0x00, 0x00, 0xFF, 0x00, 0x00, 0xFF, 0x00, 0x00,
    0xFF, 0x00, 0x00, 0xFF, 0x00, 0x00, 0xFF, 0x00, 0x00, 0xFF, 0x00, 0x00, 0xFF, 0x00, 0x00, 0xFF,
    0x00, 0x00, 0xFF, 0x00, 0x00, 0xFF, 0x00, 0x00, 0xFF, 0x00, 0x03, 0xFF, 0x80, 0xBF, 0xFF, 0xFC,
    0x00, 0x00, 0x00, 0x00, 0x00, 0x00, 0x00, 0x00, 0x00, 0x00, 0x00, 0x00, 0xE0, 0x00, 0x34, 0x00,
    0x00, 0x00, 0x00, 0x00, 0x00, 0xB0, 0x00, 0xB0, 0x00, 0x00, 0x00, 0x00, 0x00, 0x00, 0x7C, 0x01,
    0xF0, 0x00, 0x00, 0x00, 0x00, 0x00, 0x00, 0x3F, 0xFF, 0xE0, 0x00, 0x00, 0x00, 0x00, 0x00, 0x00,
    0x0F, 0xFF, 0x80, 0x00, 0x00, 0x00, 0x00, 0x00, 0x00, 0x01, 0xA8, 0x00, 0x00, 0x00, 0x00, 0x00,
    0x00, 0x00, 0x00, 0x00, 0x00, 0x00, 0x00, 0x00, 0x00, 0x00, 0x00, 0x00, 0x00, 0x00, 0x00, 0x00,
    0x00, 0x7F, 0xFF, 0xC0, 0xBF, 0xFF, 0xF0, 0x0F, 0xFF, 0xF0, 0x07, 0xFC, 0x00, 0x07, 0xFF, 0x00,
    0x00, 0xFE, 0x00, 0x00, 0xBC, 0x00, 0x02, 0xFC, 0x00, 0x01, 0xF8, 0x00, 0x00, 0x2F, 0x00, 0x02,
    0xFC, 0x00, 0x03, 0xC0, 0x00, 0x00, 0x0B, 0x80, 0x02, 0xFC, 0x00, 0x0F, 0x00, 0x00, 0x00, 0x02,
    0xE0, 0x02, 0xFC, 0x00, 0x3C, 0x00, 0x00, 0x00, 0x00, 0xB8, 0x02, 0xFC, 0x00, 0xF0, 0x00, 0x00,
    0x00, 0x00, 0x2E, 0x02, 0xFC, 0x03, 0xC0, 0x00, 0x00, 0x00, 0x00, 0x0B, 0x82, 0xFC, 0x0F, 0x00,
    0x00, 0x00, 0x00, 0x00, 0x02, 0xE2, 0xFC, 0x3C, 0x00, 0x00, 0x00, 0x00, 0x00, 0x00, 0xFA, 0xFD,
    0xFC, 0x00, 0x00, 0x00, 0x00, 0x00, 0x03, 0xFF, 0xFF, 0xFE, 0x00, 0x00, 0x00, 0x00, 0x00, 0x0B,
    0xFF, 0xFF, 0xFF, 0x00, 0x00, 0x00, 0x00, 0x00, 0x2F, 0xFA, 0xFC, 0xFF, 0xC0, 0x00, 0x00, 0x00,
    0x00, 0x3F, 0xE2, 0xFC, 0x3F, 0xF0, 0x00, 0x00, 0x00, 0x00, 0xFF, 0xC2, 0xFC, 0x0F, 0xFC, 0x00,
    0x00, 0x00, 0x03, 0xFF, 0x02, 0xFC, 0x03, 0xFE, 0x00, 0x00, 0x00, 0x0F, 0xFC, 0x02, 0xFC, 0x02,
    0xFF, 0x40, 0x00, 0x00, 0x2F, 0xF0, 0x02, 0xFC, 0x00, 0xBF, 0xC0, 0x00, 0x00, 0xBF, 0xE0, 0x02,
    0xFC, 0x00, 0x3F, 0xF0, 0x00, 0x00, 0xFF, 0x80, 0x02, 0xFC, 0x00, 0x0F, 0xFC, 0x00, 0x03, 0xFF,
    0x00, 0x03, 0xFD, 0x00, 0x03, 0xFE, 0x00, 0x0F, 0xFE, 0x00, 0x0B, 0xFF, 0x00, 0x03, 0xFF, 0x80,
    0xFF, 0xFF, 0xF0, 0xFF, 0xFF, 0xF4, 0x3F, 0xFF, 0xF8, 0x00, 0x00, 0x24, 0x00, 0x08, 0x00, 0x00,
    0x00, 0x00, 0x2C, 0x00, 0x0C, 0x00, 0x00, 0x00, 0x00, 0x2E, 0x00, 0x2C, 0x00, 0x00, 0x00, 0x00,
    0x0F, 0x81, 0xFC, 0x00, 0x00, 0x00, 0x00, 0x0B, 0xFF, 0xF0, 0x00, 0x00, 0x00, 0x00, 0x02, 0xFF,
    0x80, 0x00, 0x00, 0x00, 0x00, 0x00, 0x00, 0x00, 0x00, 0x00, 0x00, 0x00, 0x00, 0x00, 0x00, 0x00,
    0x00, 0x00, 0x00, 0x00, 0x00, 0x00, 0x00, 0x00, 0x0B, 0xF8, 0x02, 0xFF, 0xD0, 0x0F, 0xF8, 0x00,
    0xF8, 0x00, 0x7F, 0x00, 0x0F, 0x80, 0x00, 0x3E, 0x00, 0x3F, 0x00, 0x2E, 0x00, 0x00, 0x0F, 0x40,
    0x3F, 0x00, 0xB8, 0x00, 0x00, 0x02, 0xE0, 0x3F, 0x02, 0xE0, 0x00, 0x00, 0x00, 0xB8, 0x3F, 0x0F,
    0x40, 0x00, 0x00, 0x00, 0x2E, 0x3F, 0x3C, 0x00, 0x00, 0x00, 0x00, 0x2F, 0xFF, 0xFE, 0x00, 0x00,
    0x00, 0x00, 0xBF, 0xBF, 0xBF, 0x40, 0x00, 0x00, 0x02, 0xFE, 0x3F, 0x2F, 0xC0, 0x00, 0x00, 0x0B,
    0xF8, 0x3F, 0x0F, 0xF0, 0x00, 0x00, 0x2F, 0xE0, 0x3F, 0x03, 0xFC, 0x00, 0x00, 0x3F, 0xC0, 0x3F,
    0x00, 0xFF, 0x00, 0x00, 0xFF, 0x00, 0x3F, 0x00, 0x3F, 0xC0, 0x0B, 0xFC, 0x00, 0xBF, 0x00, 0x2F,
    0xF0, 0x3F, 0xFF, 0x0B, 0xFF, 0xF0, 0xBF, 0xFE, 0x00, 0x00, 0x00, 0x00, 0x00, 0xBF, 0x00, 0x00,
    0x0B, 0xF0, 0xBF, 0x00, 0x00, 0x2F, 0xF0, 0xBF, 0x00, 0x00, 0x7F, 0xE0, 0xBF, 0x00, 0x00, 0xFF,
    0x00, 0xBF, 0x00, 0x02, 0xFC, 0x00, 0xBF, 0x00, 0x03, 0xF0, 0x00, 0xBF, 0x00, 0x0F, 0xF0, 0x00,
    0xBF, 0x00, 0x1F, 0xC0, 0x00, 0xBF, 0x00, 0x3F, 0x80, 0x00, 0xBF, 0x00, 0xBF, 0x00, 0x00, 0xBF,
    0x07, 0xFC, 0x00, 0x00, 0xBF, 0xFF, 0xF8, 0x00, 0x00, 0xBF, 0xFF, 0xFF, 0x80, 0x00, 0xBF, 0xFF,
    0xFF, 0xF8, 0x00, 0xBF, 0x00, 0x1F, 0xFE, 0x00, 0xBF, 0x00, 0x02, 0xFF, 0x80, 0xBF, 0x00, 0x00,
    0x7F, 0xC0, 0xBF, 0x00, 0x00, 0x2F, 0xE0, 0xBF, 0x00, 0x00, 0x0F, 0xF0, 0xBF, 0x00, 0x00, 0x0F,
    0xF0, 0xBF, 0x00, 0x00, 0x0F, 0xF0, 0xBF, 0x00, 0x00, 0x0F, 0xF0, 0xBF, 0x00, 0x00, 0x0F, 0xF0,
    0xBF, 0x00, 0x00, 0x0F, 0xF0, 0xBF, 0x00, 0x00, 0x0F, 0xF0, 0xBF, 0x00, 0x00, 0x3F, 0xD0, 0x00,
    0x00, 0x00, 0x3F, 0xC0, 0x00, 0x00, 0x01, 0xFF, 0x00, 0x00, 0x00, 0xFF, 0xFE, 0x00, 0x00, 0x00,
    0xFF, 0xF8, 0x00, 0x00, 0x00, 0xFF, 0x80, 0x00, 0x00, 0x00, 0x00, 0x00, 0x00, 0x00, 0x00, 0x00,
    0x00, 0xBF, 0x00, 0x01, 0xFC, 0xBF, 0x00, 0x0B, 0xFC, 0xBF, 0x00, 0x0F, 0xF8, 0xBF, 0x00, 0x2F,
    0xC0, 0xBF, 0x00, 0x3F, 0x00, 0xBF, 0x00, 0xFE, 0x00, 0xBF, 0x02, 0xFC, 0x00, 0xBF, 0x0B, 0xF8,
    0x00, 0xBF, 0xFF, 0xE0, 0x00, 0xBF, 0xFF, 0xE4, 0x00, 0xBF, 0xFF, 0xFF, 0x00, 0xBF, 0x00, 0xBF,
    0xC0, 0xBF, 0x00, 0x0F, 0xF0, 0xBF, 0x00, 0x03, 0xF8, 0xBF, 0x00, 0x03, 0xFC, 0xBF, 0x00, 0x02,
    0xFC, 0xBF, 0x00, 0x02, 0xFC, 0xBF, 0x00, 0x02, 0xFC, 0xBF, 0x00, 0x03, 0xFC, 0x00, 0x00, 0x07,
    0xF8, 0x00, 0x00, 0x0F, 0xF0, 0x00, 0x02, 0xFF, 0xC0, 0x00, 0x03, 0xFF, 0x80, 0x00, 0x03, 0xF8,
    0x00, 0x00, 0x00, 0x00, 0x00, 0x00, 0x00, 0x00, 0x00, 0x00, 0x00, 0x00, 0x00, 0x03, 0xFF, 0xFF,
    0xFF, 0xF0, 0x00, 0x00, 0x03, 0xFF, 0xFF, 0xFF, 0xF0, 0x00, 0x00, 0x03, 0xFA, 0xAA, 0xAF, 0xF0,
    0x00, 0x00, 0x03, 0xF0, 0x00, 0x0F, 0xF0, 0x00, 0x00, 0x03, 0xF0, 0x00, 0x0F, 0xF0, 0x00, 0x00,
    0x07, 0xF0, 0x00, 0x0F, 0xF0, 0x00, 0x00, 0x07, 0xF0, 0x00, 0x0F, 0xF0, 0x00, 0x00, 0x07, 0xF0,
    0x00, 0x0F, 0xF0, 0x00, 0x00, 0x0B, 0xF0, 0x00, 0x0F, 0xF0, 0x00, 0x00, 0x0B, 0xF0, 0x00, 0x0F,
    0xF0, 0x00, 0x00, 0x0B, 0xF0, 0x00, 0x0F, 0xF0, 0x00, 0x00, 0x0B, 0xF0, 0x00, 0x0F, 0xF0, 0x00,
    0x00, 0x0B, 0xF0, 0x00, 0x0F, 0xF0, 0x00, 0x00, 0x0B, 0xF0, 0x00, 0x0F, 0xF0, 0x00, 0x00, 0x0B,
    0xE0, 0x00, 0x0F, 0xF0, 0x00, 0x00, 0x0F, 0xE0, 0x00, 0x0F, 0xF0, 0x00, 0x00, 0x0F, 0xE0, 0x00,
    0x0F, 0xF0, 0x00, 0x00, 0x0F, 0xD0, 0x00, 0x0F, 0xF0, 0x00, 0x00, 0x0F, 0xC0, 0x00, 0x0F, 0xF0,
    0x00, 0x00, 0x2F, 0xC0, 0x00, 0x0F, 0xF0, 0x00, 0x00, 0x3F, 0x80, 0x00, 0x0F, 0xF0, 0x00, 0x00,
    0xFF, 0x00, 0x00, 0x0F, 0xF0, 0x00, 0x0B, 0xFE, 0x00, 0x00, 0x0F, 0xF0, 0x00, 0xBF, 0xF8, 0x00,
    0x00, 0x0F, 0xFF, 0xC0, 0xBF, 0xE0, 0x00, 0x00, 0x0F, 0xFF, 0xC0, 0xB9, 0x00, 0x00, 0x00, 0x0F,
    0xFF, 0x80, 0x00, 0x00, 0x00, 0x00, 0x00, 0xFF, 0x00, 0x00, 0x00, 0x00, 0x00, 0x00, 0xFE, 0x00,
    0x00, 0x00, 0x00, 0x00, 0x02, 0xFC, 0x00, 0x00, 0x00, 0x00, 0x00, 0x03, 0xF8, 0x00, 0x00, 0x00,
    0x00, 0x00, 0x0B, 0xF0, 0x00, 0x00, 0x00, 0x00, 0x00, 0x00, 0x00, 0x00, 0x00, 0x00, 0x00, 0x00,
    0x00, 0x00, 0x00, 0x3F, 0xFF, 0xFF, 0xE0, 0x00, 0x00, 0x3F, 0xFF, 0xFF, 0xE0, 0x00, 0x00, 0x3F,
    0xEA, 0xAF, 0xE0, 0x00, 0x00, 0x3F, 0x80, 0x0F, 0xE0, 0x00, 0x00, 0x3F, 0x80, 0x0F, 0xE0, 0x00,
    0x00, 0x3F, 0x80, 0x0F, 0xE0, 0x00, 0x00, 0x3F, 0x40, 0x0F, 0xE0, 0x00, 0x00, 0x3F, 0x00, 0x0F,
    0xE0, 0x00, 0x00, 0x3F, 0x00, 0x0F, 0xE0, 0x00, 0x00, 0x3F, 0x00, 0x0F, 0xE0, 0x00, 0x00, 0x3F,
    0x00, 0x0F, 0xE0, 0x00, 0x00, 0x3F, 0x00, 0x0F, 0xE0, 0x00, 0x00, 0xBF, 0x00, 0x0F, 0xE0, 0x00,
    0x00, 0xFE, 0x00, 0x0F, 0xE0, 0x00, 0x01, 0xFC, 0x00, 0x0F, 0xE0, 0x00, 0x0B, 0xF8, 0x00, 0x0F,
    0xF0, 0x00, 0x7F, 0xF0, 0x00, 0x0F, 0xFF, 0x80, 0xBF, 0xC0, 0x00, 0x0F, 0xFF, 0x00, 0x79, 0x00,
    0x00, 0x0F, 0xFF, 0x00, 0x00, 0x00, 0x00, 0x00, 0xFC, 0x00, 0x00, 0x00, 0x00, 0x02, 0xFC, 0x00,
    0x00, 0x00, 0x00, 0x03, 0xF8, 0x00, 0x00, 0x00, 0x00, 0x0B, 0xF0, 0x00, 0x00, 0x00, 0x00, 0x0F,
    0xE0, 0x00, 0x00, 0x00, 0x00, 0x00, 0x00, 0x00, 0x2A, 0x00, 0x00, 0x00, 0x0A, 0x80, 0x3F, 0x80,
    0x00, 0x00, 0x0F, 0xE0, 0x3F, 0x80, 0x00, 0x00, 0x0F, 0xE0, 0x3F, 0x80, 0x00, 0x00, 0x0F, 0xE0,
    0x3F, 0x80, 0x00, 0x00, 0x0F, 0xE0, 0x3F, 0x80, 0x00, 0x00, 0x0F, 0xE0, 0x3F, 0x80, 0x00, 0x00,
    0x0F, 0xE0, 0x3F, 0x80, 0x00, 0x00, 0x0F, 0xE0, 0x3F, 0x80, 0x00, 0x00, 0x0F, 0xE0, 0x3F, 0x80,
    0x00, 0x00, 0x0F, 0xE0, 0x3F, 0x80, 0x00, 0x00, 0x0F, 0xE0, 0x3F, 0x80, 0x00, 0x00, 0x0F, 0xE0,
    0x3F, 0xFF, 0xFF, 0xFF, 0xFF, 0xE0, 0x3F, 0xFF, 0xFF, 0xFF, 0xFF, 0xE0, 0x3F, 0xFF, 0xFF, 0xFF,
    0xFF, 0xE0, 0x3F, 0x80, 0x00, 0x00, 0x0F, 0xE0, 0x3F, 0x80, 0x00, 0x00, 0x0F, 0xE0, 0x3F, 0x80,
    0x00, 0x00, 0x0F, 0xE0, 0x3F, 0x80, 0x00, 0x00, 0x0F, 0xE0, 0x3F, 0x80, 0x00, 0x00, 0x0F, 0xE0,
    0x3F, 0x80, 0x00, 0x00, 0x0F, 0xE0, 0x3F, 0x80, 0x00, 0x00, 0x0F, 0xE0, 0x3F, 0x80, 0x00, 0x00,
    0x0F, 0xE0, 0x3F, 0x80, 0x00, 0x00, 0x0F, 0xE0, 0x3F, 0x80, 0x00, 0x00, 0x0F, 0xE0, 0x3F, 0x80,
    0x00, 0x00, 0x0F, 0xE0, 0x3F, 0x80, 0x00, 0x00, 0x0F, 0xE0, 0x00, 0x00, 0x00, 0x00, 0x0F, 0xE0,
    0x00, 0x00, 0x00, 0x00, 0x0F, 0xE0, 0x00, 0x00, 0x00, 0x00, 0x0F, 0xE0, 0x00, 0x00, 0x00, 0x00,
    0x0F, 0xE0, 0x00, 0x00, 0x00, 0x00, 0x0F, 0xE0, 0x00, 0x00, 0x00, 0x02, 0xBF, 0xC0, 0x00, 0x00,
    0x00, 0x03, 0xFF, 0x80, 0x00, 0x00, 0x00, 0x02, 0xF8, 0x00, 0x00, 0x00, 0x00, 0x00, 0xBE, 0x00,
    0x00, 0x3F, 0xBE, 0x00, 0x00, 0x3F, 0xBE, 0x00, 0x00, 0x3F, 0xBE, 0x00, 0x00, 0x3F, 0xBE, 0x00,
    0x00, 0x3F, 0xBE, 0x00, 0x00, 0x3F, 0xBE, 0x00, 0x00, 0x3F, 0xBF, 0x00, 0x00, 0xBF, 0xBF, 0xFF,
    0xFF, 0xFF, 0xBF, 0xFF, 0xFF, 0xFF, 0xBF, 0x00, 0x00, 0xBF, 0xBE, 0x00, 0x00, 0x3F, 0xBE, 0x00,
    0x00, 0x3F, 0xBE, 0x00, 0x00, 0x3F, 0xBE, 0x00, 0x00, 0x3F, 0xBE, 0x00, 0x00, 0x3F, 0xBE, 0x00,
    0x00, 0x3F, 0xBE, 0x00, 0x00, 0x3F, 0xBE, 0x00, 0x00, 0x3F, 0x00, 0x00, 0x00, 0x3F, 0x00, 0x00,
    0x00, 0x3F, 0x00, 0x00, 0x00, 0x3F, 0x00, 0x00, 0x00, 0x7F, 0x00, 0x00, 0x00, 0xBF, 0x00, 0x00,
    0x0B, 0xFE, 0x00, 0x00, 0x2F, 0xFC, 0x00, 0x00, 0x2F, 0x80, 0x00, 0x00, 0x00, 0x00, 0x00, 0x00,
    0xBF, 0x00, 0x00, 0x00, 0xBF, 0x00, 0xBF, 0x00, 0x00, 0x00, 0xBF, 0x00, 0xBF, 0x00, 0x00, 0x00,
    0xBF, 0x00, 0xBF, 0x00, 0x00, 0x00, 0xBF, 0x00, 0xBF, 0x00, 0x00, 0x00, 0xBF, 0x00, 0xBF, 0x00,
    0x00, 0x00, 0xBF, 0x00, 0xBF, 0x00, 0x00, 0x00, 0xBF, 0x00, 0xBF, 0x00, 0x00, 0x00, 0xBF, 0x00,
    0xBF, 0x00, 0x00, 0x00, 0xBF, 0x00, 0xBF, 0x00, 0x00, 0x00, 0xBF, 0x00, 0xBF, 0x40, 0x00, 0x00,
    0xFF, 0x00, 0xBF, 0xFF, 0xFF, 0xFF, 0xFF, 0x00, 0xBF, 0xFF, 0xFF, 0xFF, 0xFF, 0x00, 0xBF, 0xAA,
    0xAA, 0xAA, 0xFF, 0x00, 0xBF, 0x00, 0x00, 0x00, 0xBF, 0x00, 0xBF, 0x00, 0x00, 0x00, 0xBF, 0x00,
    0xBF, 0x00, 0x00, 0x00, 0xBF, 0x00, 0xBF, 0x00, 0x00, 0x00, 0xBF, 0x00, 0xBF, 0x00, 0x00, 0x00,
    0xBF, 0x00, 0xBF, 0x00, 0x00, 0x00, 0xBF, 0x00, 0xBF, 0x00, 0x00, 0x00, 0xBF, 0x00, 0xBF, 0x00,
    0x00, 0x00, 0xBF, 0x00, 0xBF, 0x00, 0x00, 0x00, 0xBF, 0x00, 0xBF, 0x00, 0x00, 0x00, 0xBF, 0xFE,
    0xBF, 0x00, 0x00, 0x00, 0xBF, 0xFC, 0xBF, 0x00, 0x00, 0x00, 0xBF, 0xF8, 0x00, 0x00, 0x00, 0x00,
    0x0B, 0xF0, 0x00, 0x00, 0x00, 0x00, 0x0F, 0xF0, 0x00, 0x00, 0x00, 0x00, 0x2F, 0xC0, 0x00, 0x00,
    0x00, 0x00, 0x3F, 0xC0, 0x00, 0x00, 0x00, 0x00, 0x3F, 0x80, 0x00, 0x00, 0x00, 0x00, 0x00, 0x00,
    0x00, 0x00, 0x00, 0x00, 0x00, 0xBF, 0x00, 0x00, 0xBF, 0x00, 0xBF, 0x00, 0x00, 0xBF, 0x00, 0xBF,
    0x00, 0x00, 0xBF, 0x00, 0xBF, 0x00, 0x00, 0xBF, 0x00, 0xBF, 0x00, 0x00, 0xBF, 0x00, 0xBF, 0x00,
    0x00, 0xBF, 0x00, 0xBF, 0x00, 0x00, 0xBF, 0x00, 0xBF, 0xAA, 0xAA, 0xFF, 0x00, 0xBF, 0xFF, 0xFF,
    0xFF, 0x00, 0xBF, 0xFF, 0xFF, 0xFF, 0x00, 0xBF, 0x00, 0x00, 0xBF, 0x00, 0xBF, 0x00, 0x00, 0xBF,
    0x00, 0xBF, 0x00, 0x00, 0xBF, 0x00, 0xBF, 0x00, 0x00, 0xBF, 0x00, 0xBF, 0x00, 0x00, 0xBF, 0x00,
    0xBF, 0x00, 0x00, 0xBF, 0x00, 0xBF, 0x00, 0x00, 0xBF, 0xFC, 0xBF, 0x00, 0x00, 0xBF, 0xF8, 0xBF,
    0x00, 0x00, 0xBF, 0xF0, 0x00, 0x00, 0x00, 0x0F, 0xF0, 0x00, 0x00, 0x00, 0x0F, 0xC0, 0x00, 0x00,
    0x00, 0x2F, 0xC0, 0x00, 0x00, 0x00, 0x3F, 0x80, 0x00, 0x00, 0x00, 0xBF, 0x00, 0x00, 0x00, 0x00,
    0x00, 0x00, 0x00, 0x00, 0x00, 0x00, 0x00, 0xBF, 0x00, 0x00, 0x0B, 0xF4, 0xBF, 0x00, 0x00, 0x0B,
    0xF4, 0xBF, 0x00, 0x00, 0x0B, 0xF4, 0xBF, 0x00, 0x00, 0x0B, 0xF4, 0xBF, 0x00, 0x00, 0x0B, 0xF4,
    0xBF, 0x00, 0x00, 0x0B, 0xF4, 0xBF, 0x00, 0x00, 0x0B, 0xF4, 0xBF, 0x00, 0x00, 0x0B, 0xF4, 0xBF,
    0x00, 0x00, 0x0B, 0xF4, 0xBF, 0x00, 0x00, 0x0B, 0xF4, 0xBF, 0x40, 0x00, 0x0B, 0xF4, 0xBF, 0x80,
    0x00, 0x0B, 0xF4, 0x3F, 0xC0, 0x00, 0x0F, 0xF4, 0x3F, 0xF8, 0x02, 0xFF, 0xF4, 0x0F, 0xFF, 0xFF,
    0xFF, 0xF4, 0x03, 0xFF, 0xFF, 0xFF, 0xF4, 0x00, 0x6F, 0xFE, 0x0B, 0xF4, 0x00, 0x00, 0x00, 0x0B,
    0xF4, 0x00, 0x00, 0x00, 0x0B, 0xF4, 0x00, 0x00, 0x00, 0x0B, 0xF4, 0x00, 0x00, 0x00, 0x0B, 0xF4,
    0x00, 0x00, 0x00, 0x0B, 0xF4, 0x00, 0x00, 0x00, 0x0B, 0xF4, 0x00, 0x00, 0x03, 0xFF, 0xF4, 0x00,
    0x00, 0x03, 0xFF, 0xF4, 0x00, 0x00, 0x03, 0xFF, 0xF4, 0x00, 0x00, 0x03, 0xF8, 0x00, 0x00, 0x00,
    0x03, 0xF8, 0x00, 0x00, 0x00, 0x03, 0xF8, 0x00, 0x00, 0x00, 0x03, 0xF8, 0x00, 0x00, 0x00, 0x03,
    0xF8, 0x00, 0x00, 0x00, 0x00, 0x00, 0x00, 0x00, 0x00, 0x00, 0x00, 0xBF, 0x00, 0x03, 0xF8, 0xBF,
    0x00, 0x03, 0xF8, 0xBF, 0x00, 0x03, 0xF8, 0xBF, 0x00, 0x03, 0xF8, 0xBF, 0x00, 0x03, 0xF8, 0xBF,
    0x00, 0x03, 0xF8, 0xBF, 0x00, 0x03, 0xF8, 0x7F, 0x00, 0x03, 0xF8, 0x3F, 0x80, 0x03, 0xF8, 0x3F,
    0xFA, 0xAF, 0xF8, 0x0F, 0xFF, 0xFF, 0xF8, 0x03, 0xFF, 0xFB, 0xF8, 0x00, 0x00, 0x03, 0xF8, 0x00,
    0x00, 0x03, 0xF8, 0x00, 0x00, 0x03, 0xF8, 0x00, 0x00, 0x07, 0xF8, 0x00, 0x02, 0xFF, 0xF8, 0x00,
    0x02, 0xFF, 0xF8, 0x00, 0x02, 0xFF, 0xF8, 0x00, 0x02, 0xFC, 0x00, 0x00, 0x02, 0xFC, 0x00, 0x00,
    0x02, 0xFC, 0x00, 0x00, 0x02, 0xFC, 0x00, 0x00, 0x00, 0x00, 0x00, 0x00, 0x00, 0x00, 0x00, 0x00,
    0x00, 0x00, 0x00, 0xBF, 0xF0, 0x00, 0x00, 0x00, 0xFF, 0x80, 0x00, 0xBF, 0xF0, 0x00, 0x00, 0x02,
    0xFF, 0x80, 0x00, 0xBF, 0xF8, 0x00, 0x00, 0x03, 0xFF, 0x80, 0x00, 0xBF, 0xFC, 0x00, 0x00, 0x07,
    0xFF, 0x80, 0x00, 0xBF, 0xFC, 0x00, 0x00, 0x0F, 0xFF, 0x80, 0x00, 0xBF, 0xFE, 0x00, 0x00, 0x0F,
    0xFF, 0x80, 0x00, 0xBE, 0xFF, 0x00, 0x00, 0x2F, 0xBF, 0x80, 0x00, 0xBE, 0xBF, 0x00, 0x00, 0x3F,
    0x3F, 0x80, 0x00, 0xBE, 0x3F, 0x80, 0x00, 0x3F, 0x3F, 0x80, 0x00, 0xBE, 0x3F, 0xC0, 0x00, 0xBE,
    0x3F, 0x80, 0x00, 0xBE, 0x2F, 0xD0, 0x00, 0xFC, 0x3F, 0x80, 0x00, 0xBE, 0x0F, 0xE0, 0x00, 0xFC,
    0x3F, 0x80, 0x00, 0xBE, 0x0B, 0xF0, 0x02, 0xF8, 0x3F, 0x80, 0x00, 0xBE, 0x07, 0xF8, 0x03, 0xF0,
    0x3F, 0x80, 0x00, 0xBE, 0x03, 0xFC, 0x0B, 0xE0, 0x3F, 0x80, 0x00, 0xBE, 0x02, 0xFC, 0x0F, 0xC0,
    0x3F, 0x80, 0x00, 0xBE, 0x00, 0xFE, 0x0F, 0xC0, 0x3F, 0x80, 0x00, 0xBE, 0x00, 0xFF, 0x2F, 0x80,
    0x3F, 0x80, 0x00, 0xBE, 0x00, 0xBF, 0x3F, 0x00, 0x3F, 0x80, 0x00, 0xBE, 0x00, 0x3F, 0xFF, 0x00,
    0x3F, 0x80, 0x00, 0xBE, 0x00, 0x3F, 0xFE, 0x00, 0x3F, 0x80, 0x00, 0xBE, 0x00, 0x2F, 0xFC, 0x00,
    0x3F, 0x80, 0x00, 0xBE, 0x00, 0x0F, 0xF8, 0x00, 0x3F, 0xC0, 0x00, 0xBE, 0x00, 0x0F, 0xF4, 0x00,
    0x3F, 0xFF, 0x00, 0xBE, 0x00, 0x00, 0x00, 0x00, 0x3F, 0xFE, 0x00, 0xBE, 0x00, 0x00, 0x00, 0x00,
    0x3F, 0xFC, 0x00, 0x00, 0x00, 0x00, 0x00, 0x00, 0x03, 0xFC, 0x00, 0x00, 0x00, 0x00, 0x00, 0x00,
    0x0B, 0xF0, 0x00, 0x00, 0x00, 0x00, 0x00, 0x00, 0x0F, 0xF0, 0x00, 0x00, 0x00, 0x00, 0x00, 0x00,
    0x0F, 0xE0, 0x00, 0x00, 0x00, 0x00, 0x00, 0x00, 0x3F, 0xC0, 0x00, 0x00, 0x00, 0x00, 0x00, 0x00,
    0x00, 0x00, 0x00, 0x00, 0x00, 0x00, 0x00, 0x00, 0x00, 0xBF, 0x80, 0x00, 0x03, 0xFE, 0x00, 0xBF,
    0xC0, 0x00, 0x03, 0xFE, 0x00, 0xBF, 0xD0, 0x00, 0x0B, 0xFE, 0x00, 0xBF, 0xF0, 0x00, 0x0F, 0xFE,
    0x00, 0xBF, 0xF0, 0x00, 0x0F, 0xFE, 0x00, 0xBF, 0xF8, 0x00, 0x2F, 0xFE, 0x00, 0xBF, 0xFC, 0x00,
    0x3E, 0xFE, 0x00, 0xBE, 0xFC, 0x00, 0x7C, 0xFE, 0x00, 0xBC, 0xFE, 0x00, 0xF8, 0xFE, 0x00, 0xBC,
    0x7F, 0x00, 0xF0, 0xFE, 0x00, 0xBC, 0x3F, 0x82, 0xF0, 0xFE, 0x00, 0xBC, 0x2F, 0xC3, 0xE0, 0xFE,
    0x00, 0xBC, 0x0F, 0xC3, 0xC0, 0xFE, 0x00, 0xBC, 0x0F, 0xEB, 0xC0, 0xFE, 0x00, 0xBC, 0x0B, 0xFF,
    0x80, 0xFE, 0x00, 0xBC, 0x03, 0xFF, 0x00, 0xFE, 0x00, 0xBC, 0x02, 0xFE, 0x00, 0xFF, 0xF8, 0xBC,
    0x00, 0xA8, 0x00, 0xFF, 0xF0, 0xBC, 0x00, 0x00, 0x00, 0xFF, 0xF0, 0x00, 0x00, 0x00, 0x00, 0x0F,
    0xC0, 0x00, 0x00, 0x00, 0x00, 0x2F, 0xC0, 0x00, 0x00, 0x00, 0x00, 0x3F, 0x80, 0x00, 0x00, 0x00,
    0x00, 0xBF, 0x00, 0x00, 0x00, 0x00, 0x00, 0xFE, 0x00, 0x00, 0x00, 0x00, 0x00, 0x00, 0x00, 0x00,
    0xBE, 0xBE, 0xBE, 0xBE, 0xBE, 0xBE, 0xBE, 0xBE, 0xBE, 0xBE, 0xBE, 0xBE, 0xBE, 0xBE, 0xBE, 0xBE,
    0xBE, 0xBE, 0xBE, 0x00, 0x00, 0x00, 0x00, 0x00, 0x00, 0x00, 0x00, 0x00, 0xD0, 0x00, 0x30, 0x00,
    0x00, 0x00, 0x00, 0xF0, 0x00, 0xB0, 0x00, 0x00, 0x00, 0x00, 0xB8, 0x02, 0xE0, 0x00, 0x00, 0x00,
    0x00, 0x3F, 0xFF, 0xC0, 0x00, 0x00, 0x00, 0x00, 0x0F, 0xFF, 0x00, 0x00, 0x00, 0x00, 0x00, 0x02,
    0xA4, 0x00, 0x00, 0x00, 0x00, 0x00, 0x00, 0x00, 0x00, 0x00, 0x00, 0x00, 0x00, 0x00, 0x40, 0x00,
    0x00, 0x00, 0x00, 0x00, 0x00, 0xF0, 0x00, 0x00, 0x00, 0x00, 0x00, 0x02, 0xF0, 0x00, 0x00, 0x00,
    0x00, 0x00, 0x03, 0xF8, 0x00, 0x00, 0x00, 0x00, 0x00, 0x03, 0xFC, 0x00, 0x00, 0x00, 0x00, 0x00,
    0x0B, 0xFE, 0x00, 0x00, 0x00, 0x00, 0x00, 0x0F, 0xFF, 0x00, 0x00, 0x00, 0x00, 0x00, 0x2C, 0xBF,
    0x40, 0x00, 0x00, 0x00, 0x00, 0x3C, 0x3F, 0xC0, 0x00, 0x00, 0x00, 0x00, 0x78, 0x2F, 0xC0, 0x00,
    0x00, 0x00, 0x00, 0xF0, 0x0F, 0xE0, 0x00, 0x00, 0x00, 0x00, 0xE0, 0x0F, 0xF0, 0x00, 0x00, 0x00,
    0x02, 0xC0, 0x03, 0xF8, 0x00, 0x00, 0x00, 0x03, 0xC0, 0x03, 0xFC, 0x00, 0x00, 0x00, 0x0B, 0x40,
    0x02, 0xFE, 0x00, 0x00, 0x00, 0x0F, 0xAA, 0xAA, 0xFF, 0x00, 0x00, 0x00, 0x1F, 0xFF, 0xFF, 0xFF,
    0x00, 0x00, 0x00, 0x3C, 0x00, 0x00, 0xBF, 0xC0, 0x00, 0x00, 0x38, 0x00, 0x00, 0x3F, 0xC0, 0x00,
    0x00, 0xB0, 0x00, 0x00, 0x2F, 0xE0, 0x00, 0x00, 0xF0, 0x00, 0x00, 0x0F, 0xF0, 0x00, 0x02, 0xE0,
    0x00, 0x00, 0x0B, 0xF8, 0x00, 0x03, 0xD0, 0x00, 0x00, 0x07, 0xFC, 0x00, 0x0F, 0xE0, 0x00, 0x00,
    0x0B, 0xFF, 0x00, 0xBF, 0xFE, 0x00, 0x00, 0xFF, 0xFF, 0xE0, 0x00, 0x00, 0x00, 0x00, 0x0B, 0x00,
    0x03, 0x80, 0x07, 0x80, 0x0B, 0x00, 0x03, 0xE0, 0x2F, 0x00, 0x02, 0xFF, 0xFE, 0x00, 0x00, 0xBF,
    0xF8, 0x00, 0x00, 0x00, 0x00, 0x00, 0x00, 0x00, 0x00, 0x00, 0x00, 0x2A, 0x90, 0x00, 0x0B, 0xE2,
    0xFC, 0x00, 0x2F, 0x00, 0xBE, 0x00, 0x3F, 0x00, 0x3F, 0x00, 0x3F, 0x00, 0x3F, 0x00, 0x2E, 0x00,
    0x3F, 0x00, 0x00, 0x00, 0xBF, 0x00, 0x00, 0x0B, 0xBF, 0x00, 0x00, 0xF8, 0x3F, 0x00, 0x0B, 0xC0,
    0x3F, 0x00, 0x2F, 0x00, 0x3F, 0x00, 0x3E, 0x00, 0x3F, 0x00, 0xBE, 0x00, 0x3F, 0x00, 0xBF, 0x00,
    0x3F, 0x00, 0xBF, 0x82, 0xFF, 0x88, 0x3F, 0xFF, 0x2F, 0xFC, 0x0F, 0xF8, 0x0F, 0xE0, 0x00, 0x00,
    0x00, 0x00, 0x00, 0x00, 0x00, 0x00, 0x00, 0x00, 0x00, 0x00, 0x00, 0xFC, 0x03, 0xF0, 0x00, 0x00,
    0x00, 0x02, 0xFC, 0x07, 0xF0, 0x00, 0x00, 0x00, 0x00, 0xFC, 0x03, 0xF0, 0x00, 0x00, 0x00, 0x00,
    0x20, 0x00, 0x80, 0x00, 0x00, 0x00, 0x00, 0x00, 0x00, 0x00, 0x00, 0x00, 0x00, 0x00, 0x00, 0x40,
    0x00, 0x00, 0x00, 0x00, 0x00, 0x00, 0xF0, 0x00, 0x00, 0x00, 0x00, 0x00, 0x02, 0xF0, 0x00, 0x00,
    0x00, 0x00, 0x00, 0x03, 0xF8, 0x00, 0x00, 0x00, 0x00, 0x00, 0x03, 0xFC, 0x00, 0x00, 0x00, 0x00,
    0x00, 0x0B, 0xFE, 0x00, 0x00, 0x00, 0x00, 0x00, 0x0F, 0xFF, 0x00, 0x00, 0x00, 0x00, 0x00, 0x2C,
    0xBF, 0x40, 0x00, 0x00, 0x00, 0x00, 0x3C, 0x3F, 0xC0, 0x00, 0x00, 0x00, 0x00, 0x78, 0x2F, 0xC0,
    0x00, 0x00, 0x00, 0x00, 0xF0, 0x0F, 0xE0, 0x00, 0x00, 0x00, 0x00, 0xE0, 0x0F, 0xF0, 0x00, 0x00,
    0x00, 0x02, 0xC0, 0x03, 0xF8, 0x00, 0x00, 0x00, 0x03, 0xC0, 0x03, 0xFC, 0x00, 0x00, 0x00, 0x0B,
    0x40, 0x02, 0xFE, 0x00, 0x00, 0x00, 0x0F, 0xAA, 0xAA, 0xFF, 0x00, 0x00, 0x00, 0x1F, 0xFF, 0xFF,
    0xFF, 0x00, 0x00, 0x00, 0x3C, 0x00, 0x00, 0xBF, 0xC0, 0x00, 0x00, 0x38, 0x00, 0x00, 0x3F, 0xC0,
    0x00, 0x00, 0xB0, 0x00, 0x00, 0x2F, 0xE0, 0x00, 0x00, 0xF0, 0x00, 0x00, 0x0F, 0xF0, 0x00, 0x02,
    0xE0, 0x00, 0x00, 0x0B, 0xF8, 0x00, 0x03, 0xD0, 0x00, 0x00, 0x07, 0xFC, 0x00, 0x0F, 0xE0, 0x00,
    0x00, 0x0B, 0xFF, 0x00, 0xBF, 0xFE, 0x00, 0x00, 0xFF, 0xFF, 0xE0, 0x00, 0x00, 0x00, 0x00, 0x0F,
    0xC0, 0x3F, 0x00, 0x2F, 0xC0, 0x7F, 0x00, 0x0F, 0xC0, 0x3F, 0x00, 0x01, 0x00, 0x04, 0x00, 0x00,
    0x00, 0x00, 0x00, 0x00, 0x00, 0x00, 0x00, 0x00, 0x2A, 0x90, 0x00, 0x0B, 0xE2, 0xFC, 0x00, 0x2F,
    0x00, 0xBE, 0x00, 0x3F, 0x00, 0x3F, 0x00, 0x3F, 0x00, 0x3F, 0x00, 0x2E, 0x00, 0x3F, 0x00, 0x00,
    0x00, 0xBF, 0x00, 0x00, 0x0B, 0xBF, 0x00, 0x00, 0xF8, 0x3F, 0x00, 0x0B, 0xC0, 0x3F, 0x00, 0x2F,
    0x00, 0x3F, 0x00, 0x3E, 0x00, 0x3F, 0x00, 0xBE, 0x00, 0x3F, 0x00, 0xBF, 0x00, 0x3F, 0x00, 0xBF,
    0x82, 0xFF, 0x88, 0x3F, 0xFF, 0x2F, 0xFC, 0x0F, 0xF8, 0x0F, 0xE0, 0x00, 0x00, 0x00, 0x00, 0x00,
    0x00, 0x00, 0x00, 0x00, 0x00, 0x00, 0x00, 0x00, 0x00, 0x3F, 0xFF, 0xFF, 0xFF, 0xFF, 0xE0, 0x00,
    0x00, 0x00, 0xFF, 0xFA, 0xAA, 0xAF, 0xE0, 0x00, 0x00, 0x00, 0xFF, 0xF0, 0x00, 0x02, 0xE0, 0x00,
    0x00, 0x00, 0xFB, 0xF0, 0x00, 0x00, 0xE0, 0x00, 0x00, 0x03, 0xCB, 0xF0, 0x00, 0x00, 0xA0, 0x00,
    0x00, 0x03, 0xCB, 0xF0, 0x00, 0x00, 0x00, 0x00, 0x00, 0x0F, 0x0B, 0xF0, 0x00, 0x00, 0x00, 0x00,
    0x00, 0x0F, 0x0B, 0xF0, 0x00, 0x02, 0x00, 0x00, 0x00, 0x3C, 0x0B, 0xF0, 0x00, 0x0A, 0x00, 0x00,
    0x00, 0x38, 0x0B, 0xF0, 0x00, 0x0E, 0x00, 0x00, 0x00, 0xF0, 0x0B, 0xF9, 0x5A, 0xBE, 0x00, 0x00,
    0x00, 0xE0, 0x0B, 0xFF, 0xFF, 0xFE, 0x00, 0x00, 0x03, 0xC0, 0x0B, 0xF0, 0x00, 0x2E, 0x00, 0x00,
    0x03, 0xFF, 0xFF, 0xF0, 0x00, 0x0E, 0x00, 0x00, 0x0F, 0xAA, 0xAF, 0xF0, 0x00, 0x0A, 0x00, 0x00,
    0x0F, 0x00, 0x0B, 0xF0, 0x00, 0x02, 0x00, 0x00, 0x3C, 0x00, 0x0B, 0xF0, 0x00, 0x00, 0x00, 0x00,
    0x3C, 0x00, 0x0B, 0xF0, 0x00, 0x00, 0x00, 0x00, 0xF0, 0x00, 0x0B, 0xF0, 0x00, 0x00, 0x0C, 0x01,
    0xF0, 0x00, 0x0B, 0xF0, 0x00, 0x00, 0x2C, 0x03, 0xD0, 0x00, 0x0B, 0xF0, 0x00, 0x00, 0xB8, 0x0B,
    0xC0, 0x00, 0x0F, 0xF0, 0x00, 0x02, 0xF4, 0x1F, 0xD0, 0x00, 0x2F, 0xFE, 0xAA, 0xFF, 0xF0, 0xFF,
    0xFD, 0x03, 0xFF, 0xFF, 0xFF, 0xFF, 0xF0, 0x00, 0x00, 0x00, 0x00, 0x00, 0x00, 0x00, 0xBF, 0xE0,
    0x2F, 0xE0, 0x00, 0x0B, 0xC0, 0xFE, 0xE0, 0xFD, 0x00, 0x2F, 0x40, 0xBF, 0x80, 0x3F, 0x00, 0x3F,
    0x00, 0x3F, 0x00, 0x2F, 0x80, 0x3F, 0x00, 0x3F, 0x00, 0x1F, 0xC0, 0x0E, 0x00, 0x3F, 0xAA, 0xAF,
    0xC0, 0x00, 0x00, 0xBF, 0xFF, 0xFF, 0xC0, 0x00, 0x0B, 0xFF, 0x00, 0x00, 0x00, 0x00, 0xF8, 0x3F,
    0x00, 0x00, 0x00, 0x0B, 0xC0, 0x3F, 0x00, 0x00, 0x00, 0x3F, 0x00, 0x3F, 0x00, 0x00, 0x00, 0x7E,
    0x00, 0x3F, 0x00, 0x00, 0x20, 0xBE, 0x00, 0x3F, 0x80, 0x00, 0xC0, 0xBF, 0x00, 0x3F, 0xE0, 0x03,
    0xC0, 0xBF, 0x80, 0xBF, 0xFE, 0xAF, 0x00, 0x3F, 0xFF, 0xC3, 0xFF, 0xFC, 0x00, 0x0B, 0xFD, 0x00,
    0xBF, 0xE0, 0x00, 0x00, 0x00, 0x00, 0x00, 0x00, 0x00, 0x00, 0x00, 0x00, 0x00, 0x00, 0x00, 0x00,
    0x0C, 0x00, 0x03, 0x00, 0x00, 0x00, 0x0E, 0x00, 0x0F, 0x00, 0x00, 0x00, 0x0B, 0x80, 0x2E, 0x00,
    0x00, 0x00, 0x03, 0xFA, 0xFC, 0x00, 0x00, 0x00, 0x02, 0xFF, 0xF0, 0x00, 0x00, 0x00, 0x00, 0x2A,
    0x80, 0x00, 0x00, 0x00, 0x00, 0x00, 0x00, 0x00, 0x00, 0x00, 0x00, 0x00, 0x00, 0x00, 0x00, 0xBF,
    0xFF, 0xFF, 0xFF, 0xFE, 0x00, 0x03, 0xFF, 0xAA, 0xAB, 0xFE, 0x00, 0x02, 0xFE, 0x00, 0x00, 0x3E,
    0x00, 0x02, 0xFC, 0x00, 0x00, 0x0E, 0x00, 0x02, 0xFC, 0x00, 0x00, 0x0A, 0x00, 0x02, 0xFC, 0x00,
    0x00, 0x00, 0x00, 0x02, 0xFC, 0x00, 0x00, 0x00, 0x00, 0x02, 0xFC, 0x00, 0x00, 0x20, 0x00, 0x02,
    0xFC, 0x00, 0x00, 0xA0, 0x00, 0x02, 0xFC, 0x00, 0x00, 0xE0, 0x00, 0x02, 0xFE, 0xAA, 0xAF, 0xE0,
    0x00, 0x02, 0xFF, 0xFF, 0xFF, 0xE0, 0x00, 0x02, 0xFE, 0x00, 0x0B, 0xE0, 0x00, 0x02, 0xFC, 0x00,
    0x00, 0xE0, 0x00, 0x02, 0xFC, 0x00, 0x00, 0xA0, 0x00, 0x02, 0xFC, 0x00, 0x00, 0x20, 0x00, 0x02,
    0xFC, 0x00, 0x00, 0x00, 0x00, 0x02, 0xFC, 0x00, 0x00, 0x00, 0x00, 0x02, 0xFC, 0x00, 0x00, 0x00,
    0xD0, 0x02, 0xFC, 0x00, 0x00, 0x02, 0xC0, 0x02, 0xFC, 0x00, 0x00, 0x0B, 0xC0, 0x02, 0xFE, 0x00,
    0x00, 0x2F, 0x80, 0x0B, 0xFF, 0xAA, 0xAF, 0xFF, 0x00, 0xBF, 0xFF, 0xFF, 0xFF, 0xFF, 0x00, 0x02,
    0x00, 0x00, 0x80, 0x03, 0x40, 0x02, 0xC0, 0x03, 0xC0, 0x03, 0xC0, 0x02, 0xF4, 0x2F, 0x40, 0x00,
    0xFF, 0xFF, 0x00, 0x00, 0x2F, 0xF8, 0x00, 0x00, 0x00, 0x00, 0x00, 0x00, 0x00, 0x00, 0x00, 0x00,
    0x0A, 0xA0, 0x00, 0x00, 0xFF, 0xFF, 0x00, 0x03, 0xC0, 0x2F, 0xC0, 0x0F, 0x00, 0x0F, 0xE0, 0x1F,
    0x00, 0x0B, 0xF0, 0x3F, 0x00, 0x0B, 0xF0, 0x3F, 0xFF, 0xFF, 0xF8, 0x3E, 0x00, 0x00, 0x00, 0x3E,
    0x00, 0x00, 0x00, 0x3F, 0x00, 0x00, 0x00, 0x3F, 0x00, 0x00, 0x00, 0x3F, 0x80, 0x00, 0x0C, 0x2F,
    0xC0, 0x00, 0x28, 0x0F, 0xF0, 0x00, 0xB0, 0x0B, 0xFE, 0x5B, 0xD0, 0x03, 0xFF, 0xFF, 0x40, 0x00,
    0xBF, 0xF8, 0x00, 0x00, 0x00, 0x00, 0x00, 0x00, 0x00, 0x0A, 0xA4, 0x00, 0x00, 0x00, 0x02, 0xFF,
    0xFF, 0x80, 0x00, 0x00, 0x0F, 0xFF, 0xFF, 0xF4, 0x00, 0x00, 0x7F, 0xFF, 0xFF, 0xFD, 0x00, 0x00,
    0xFE, 0x82, 0xFF, 0xFF, 0x00, 0x03, 0xF0, 0x00, 0x0F, 0xFF, 0x80, 0x0F, 0x80, 0x00, 0x03, 0xFF,
    0xC0, 0x0E, 0x00, 0x00, 0x00, 0xFF, 0xE0, 0x3C, 0x00, 0x00, 0x00, 0x3F, 0xF0, 0x20, 0x00, 0x00,
    0x00, 0x3F, 0xF0, 0x00, 0x00, 0x00, 0x00, 0x1F, 0xF0, 0x00, 0x00, 0x00, 0x00, 0x0F, 0xF8, 0x00,
    0x00, 0x00, 0x00, 0x0F, 0xF8, 0x00, 0x00, 0x00, 0x00, 0x0B, 0xF8, 0x00, 0x00, 0x00, 0x00, 0x0B,
    0xF4, 0x00, 0x00, 0x00, 0x00, 0x0B, 0xF0, 0x0F, 0xFF, 0xFF, 0xFF, 0xFF, 0xF0, 0x0F, 0xFE, 0xAA,
    0xAA, 0xAF, 0xF0, 0x0B, 0xFC, 0x00, 0x00, 0x0F, 0xC0, 0x0B, 0xFC, 0x00, 0x00, 0x0F, 0xC0, 0x03,
    0xFE, 0x00, 0x00, 0x2F, 0x00, 0x02, 0xFF, 0x00, 0x00, 0x3E, 0x00, 0x00, 0xBF, 0xE0, 0x01, 0xF8,
    0x00, 0x00, 0x2F, 0xFE, 0xAF, 0xE0, 0x00, 0x00, 0x03, 0xFF, 0xFE, 0x00, 0x00, 0x00, 0x00, 0x1A,
    0x80, 0x00, 0x00, 0x00, 0x0A, 0xA4, 0x00, 0x00, 0xBF, 0xFF, 0x00, 0x03, 0xFF, 0xFF, 0xC0, 0x0F,
    0x80, 0x3F, 0xF0, 0x2C, 0x00, 0x0B, 0xF4, 0x30, 0x00, 0x03, 0xFC, 0x20, 0x00, 0x01, 0xFC, 0x00,
    0x00, 0x00, 0xFC, 0x00, 0x00, 0x00, 0xFC, 0x00, 0x00, 0x00, 0xBC, 0x05, 0x55, 0x55, 0xFC, 0x2F,
    0xFF, 0xFF, 0xFC, 0x2F, 0xC0, 0x00, 0xF8, 0x0F, 0xE0, 0x00, 0xF0, 0x0B, 0xF0, 0x02, 0xC0, 0x03,
    0xFD, 0x0B, 0x80, 0x00, 0xBF, 0xFC, 0x00, 0x00, 0x00, 0x00, 0x00, 0x00, 0x00, 0x00, 0x00, 0x00,
    0x00, 0x00, 0x07, 0xE0, 0x0F, 0xC0, 0x00, 0x00, 0x0B, 0xF0, 0x2F, 0xC0, 0x00, 0x00, 0x0B, 0xF0,
    0x0F, 0xC0, 0x00, 0x00, 0x00, 0x00, 0x01, 0x00, 0x00, 0x00, 0x00, 0x00, 0x00, 0x00, 0x00, 0x00,
    0x00, 0x00, 0x00, 0x00, 0x00, 0x00, 0x00, 0x00, 0x00, 0x00, 0x00, 0x00, 0x00, 0x0A, 0xA4, 0x00,
    0x00, 0x00, 0x02, 0xFF, 0xFF, 0x80, 0x00, 0x00, 0x0F, 0xFF, 0xFF, 0xF4, 0x00, 0x00, 0x7F, 0xFF,
    0xFF, 0xFD, 0x00, 0x00, 0xFE, 0x82, 0xFF, 0xFF, 0x00, 0x03, 0xF0, 0x00, 0x0F, 0xFF, 0x80, 0x0F,
    0x80, 0x00, 0x03, 0xFF, 0xC0, 0x0E, 0x00, 0x00, 0x00, 0xFF, 0xE0, 0x3C, 0x00, 0x00, 0x00, 0x3F,
    0xF0, 0x20, 0x00, 0x00, 0x00, 0x3F, 0xF0, 0x00, 0x00, 0x00, 0x00, 0x1F, 0xF0, 0x00, 0x00, 0x00,
    0x00, 0x0F, 0xF8, 0x00, 0x00, 0x00, 0x00, 0x0F, 0xF8, 0x00, 0x00, 0x00, 0x00, 0x0B, 0xF8, 0x00,
    0x00, 0x00, 0x00, 0x0B, 0xF4, 0x00, 0x00, 0x00, 0x00, 0x0B, 0xF0, 0x0F, 0xFF, 0xFF, 0xFF, 0xFF,
    0xF0, 0x0F, 0xFE, 0xAA, 0xAA, 0xAF, 0xF0, 0x0B, 0xFC, 0x00, 0x00, 0x0F, 0xC0, 0x0B, 0xFC, 0x00,
    0x00, 0x0F, 0xC0, 0x03, 0xFE, 0x00, 0x00, 0x2F, 0x00, 0x02, 0xFF, 0x00, 0x00, 0x3E, 0x00, 0x00,
    0xBF, 0xE0, 0x01, 0xF8, 0x00, 0x00, 0x2F, 0xFE, 0xAF, 0xE0, 0x00, 0x00, 0x03, 0xFF, 0xFE, 0x00,
    0x00, 0x00, 0x00, 0x1A, 0x80, 0x00, 0x00, 0x00, 0x40, 0x02, 0x00, 0x03, 0xF0, 0x0F, 0xC0, 0x0B,
    0xF0, 0x0F, 0xC0, 0x03, 0xF0, 0x0F, 0xC0, 0x00, 0x00, 0x00, 0x00, 0x00, 0x00, 0x00, 0x00, 0x00,
    0x00, 0x00, 0x00, 0x00, 0x00, 0x00, 0x00, 0x00, 0x0A, 0xA4, 0x00, 0x00, 0xBF, 0xFF, 0x00, 0x03,
    0xFF, 0xFF, 0xC0, 0x0F, 0x80, 0x3F, 0xF0, 0x2C, 0x00, 0x0B, 0xF4, 0x30, 0x00, 0x03, 0xFC, 0x20,
    0x00, 0x01, 0xFC, 0x00, 0x00, 0x00, 0xFC, 0x00, 0x00, 0x00, 0xFC, 0x00, 0x00, 0x00, 0xBC, 0x05,
    0x55, 0x55, 0xFC, 0x2F, 0xFF, 0xFF, 0xFC, 0x2F, 0xC0, 0x00, 0xF8, 0x0F, 0xE0, 0x00, 0xF0, 0x0B,
    0xF0, 0x02, 0xC0, 0x03, 0xFD, 0x0B, 0x80, 0x00, 0xBF, 0xFC, 0x00, 0x00, 0x00, 0x00, 0x00, 0x00,
    0x00, 0x00, 0x00, 0x00, 0x00, 0x00, 0x00, 0x00, 0x00, 0x00, 0x00, 0xBC, 0x02, 0xF0, 0x00, 0x00,
    0x00, 0x00, 0x00, 0x00, 0xFE, 0x03, 0xF8, 0x00, 0x00, 0x00, 0x00, 0x00, 0x00, 0xFD, 0x03, 0xF8,
    0x00, 0x00, 0x00, 0x00, 0x00, 0x00, 0x28, 0x00, 0xA0, 0x00, 0x00, 0x00, 0x00, 0x00, 0x00, 0x00,
    0x00, 0x00, 0x00, 0x00, 0x00, 0x00, 0x00, 0x00, 0x00, 0x00, 0x00, 0x00, 0x00, 0x00, 0x7F, 0xFF,
    0xC0, 0xBF, 0xFF, 0xF0, 0x0F, 0xFF, 0xF0, 0x07, 0xFC, 0x00, 0x07, 0xFF, 0x00, 0x00, 0xFE, 0x00,
    0x00, 0xBC, 0x00, 0x02, 0xFC, 0x00, 0x01, 0xF8, 0x00, 0x00, 0x2F, 0x00, 0x02, 0xFC, 0x00, 0x03,
    0xC0, 0x00, 0x00, 0x0B, 0x80, 0x02, 0xFC, 0x00, 0x0F, 0x00, 0x00, 0x00, 0x02, 0xE0, 0x02, 0xFC,
    0x00, 0x3C, 0x00, 0x00, 0x00, 0x00, 0xB8, 0x02, 0xFC, 0x00, 0xF0, 0x00, 0x00, 0x00, 0x00, 0x2E,
    0x02, 0xFC, 0x03, 0xC0, 0x00, 0x00, 0x00, 0x00, 0x0B, 0x82, 0xFC, 0x0F, 0x00, 0x00, 0x00, 0x00,
    0x00, 0x02, 0xE2, 0xFC, 0x3C, 0x00, 0x00, 0x00, 0x00, 0x00, 0x00, 0xFA, 0xFD, 0xFC, 0x00, 0x00,
    0x00, 0x00, 0x00, 0x03, 0xFF, 0xFF, 0xFE, 0x00, 0x00, 0x00, 0x00, 0x00, 0x0B, 0xFF, 0xFF, 0xFF,
    0x00, 0x00, 0x00, 0x00, 0x00, 0x2F, 0xFA, 0xFC, 0xFF, 0xC0, 0x00, 0x00, 0x00, 0x00, 0x3F, 0xE2,
    0xFC, 0x3F, 0xF0, 0x00, 0x00, 0x00, 0x00, 0xFF, 0xC2, 0xFC, 0x0F, 0xFC, 0x00, 0x00, 0x00, 0x03,
    0xFF, 0x02, 0xFC, 0x03, 0xFE, 0x00, 0x00, 0x00, 0x0F, 0xFC, 0x02, 0xFC, 0x02, 0xFF, 0x40, 0x00,
    0x00, 0x2F, 0xF0, 0x02, 0xFC, 0x00, 0xBF, 0xC0, 0x00, 0x00, 0xBF, 0xE0, 0x02, 0xFC, 0x00, 0x3F,
    0xF0, 0x00, 0x00, 0xFF, 0x80, 0x02, 0xFC, 0x00, 0x0F, 0xFC, 0x00, 0x03, 0xFF, 0x00, 0x03, 0xFD,
    0x00, 0x03, 0xFE, 0x00, 0x0F, 0xFE, 0x00, 0x0B, 0xFF, 0x00, 0x03, 0xFF, 0x80, 0xFF, 0xFF, 0xF0,
    0xFF, 0xFF, 0xF4, 0x3F, 0xFF, 0xF8, 0x00, 0x00, 0x00, 0x00, 0x00, 0x00, 0x00, 0x00, 0x00, 0x2F,
    0x00, 0x7C, 0x00, 0x00, 0x00, 0x00, 0x3F, 0x80, 0xFE, 0x00, 0x00, 0x00, 0x00, 0x3F, 0x80, 0xFE,
    0x00, 0x00, 0x00, 0x00, 0x0A, 0x00, 0x28, 0x00, 0x00, 0x00, 0x00, 0x00, 0x00, 0x00, 0x00, 0x00,
    0x00, 0x00, 0x00, 0x00, 0x00, 0x00, 0x00, 0x00, 0x00, 0x00, 0x00, 0x00, 0x00, 0x00, 0x00, 0x00,
    0x00, 0x00, 0x00, 0x00, 0x00, 0x0B, 0xF8, 0x02, 0xFF, 0xD0, 0x0F, 0xF8, 0x00, 0xF8, 0x00, 0x7F,
    0x00, 0x0F, 0x80, 0x00, 0x3E, 0x00, 0x3F, 0x00, 0x2E, 0x00, 0x00, 0x0F, 0x40, 0x3F, 0x00, 0xB8,
    0x00, 0x00, 0x02, 0xE0, 0x3F, 0x02, 0xE0, 0x00, 0x00, 0x00, 0xB8, 0x3F, 0x0F, 0x40, 0x00, 0x00,
    0x00, 0x2E, 0x3F, 0x3C, 0x00, 0x00, 0x00, 0x00, 0x2F, 0xFF, 0xFE, 0x00, 0x00, 0x00, 0x00, 0xBF,
    0xBF, 0xBF, 0x40, 0x00, 0x00, 0x02, 0xFE, 0x3F, 0x2F, 0xC0, 0x00, 0x00, 0x0B, 0xF8, 0x3F, 0x0F,
    0xF0, 0x00, 0x00, 0x2F, 0xE0, 0x3F, 0x03, 0xFC, 0x00, 0x00, 0x3F, 0xC0, 0x3F, 0x00, 0xFF, 0x00,
    0x00, 0xFF, 0x00, 0x3F, 0x00, 0x3F, 0xC0, 0x0B, 0xFC, 0x00, 0xBF, 0x00, 0x2F, 0xF0, 0x3F, 0xFF,
    0x0B, 0xFF, 0xF0, 0xBF, 0xFE, 0x00, 0x00, 0x00, 0x00, 0x00, 0x00, 0x00, 0x3F, 0x00, 0xFC, 0x00,
    0x00, 0x00, 0x7F, 0x00, 0xFD, 0x00, 0x00, 0x00, 0x3F, 0x00, 0xFC, 0x00, 0x00, 0x00, 0x08, 0x00,
    0x20, 0x00, 0x00, 0x00, 0x00, 0x00, 0x00, 0x00, 0x00, 0x08, 0x00, 0x1A, 0x40, 0x00, 0x00, 0x0C,
    0x2F, 0xFF, 0xFE, 0x00, 0x00, 0x0F, 0xFD, 0x00, 0xBF, 0xC0, 0x00, 0x0F, 0xE0, 0x00, 0x0F, 0xF0,
    0x00, 0x0F, 0x80, 0x00, 0x0B, 0xF8, 0x00, 0x1F, 0x00, 0x00, 0x03, 0xFC, 0x00, 0x2C, 0x00, 0x00,
    0x03, 0xFC, 0x00, 0x2C, 0x00, 0x00, 0x03, 0xFC, 0x00, 0x10, 0x00, 0x00, 0x03, 0xF8, 0x00, 0x00,
    0x00, 0x00, 0x0B, 0xF0, 0x00, 0x00, 0x00, 0x00, 0x2F, 0xC0, 0x00, 0x00, 0x00, 0x0A, 0xFE, 0x00,
    0x00, 0x00, 0x02, 0xFF, 0xF8, 0x00, 0x00, 0x00, 0x00, 0x0A, 0xFF, 0xC0, 0x00, 0x00, 0x00, 0x00,
    0x0F, 0xF8, 0x00, 0x00, 0x00, 0x00, 0x03, 0xFC, 0x00, 0x00, 0x00, 0x00, 0x02, 0xFE, 0x00, 0x00,
    0x00, 0x00, 0x00, 0xFF, 0x00, 0x00, 0x00, 0x00, 0x00, 0xFF, 0x00, 0x00, 0x00, 0x00, 0x01, 0xFF,
    0x00, 0xF8, 0x00, 0x00, 0x03, 0xFE, 0x00, 0x3E, 0x00, 0x00, 0x0B, 0xFC, 0x00, 0x0F, 0xE0, 0x00,
    0x2F, 0xF8, 0x00, 0x02, 0xFE, 0xAB, 0xFF, 0xC0, 0x00, 0x00, 0x2F, 0xFF, 0xFE, 0x00, 0x00, 0x00,
    0x00, 0x09, 0x00, 0x00, 0x00, 0x01, 0x00, 0x04, 0x00, 0x0F, 0xC0, 0x3F, 0x00, 0x1F, 0xC0, 0x3F,
    0x40, 0x0F, 0xC0, 0x3F, 0x00, 0x00, 0x00, 0x00, 0x00, 0x00, 0x00, 0x00, 0x00, 0x00, 0x00, 0x00,
    0x00, 0x00, 0x00, 0x00, 0x00, 0x00, 0x6A, 0xA0, 0x00, 0x2F, 0xE6, 0xFE, 0x00, 0x2F, 0x00, 0x3F,
    0x00, 0x2C, 0x00, 0x3F, 0x80, 0x28, 0x00, 0x2F, 0x80, 0x20, 0x00, 0x3F, 0x80, 0x00, 0x00, 0xBF,
    0x00, 0x00, 0x0B, 0xF8, 0x00, 0x00, 0x3F, 0xF4, 0x00, 0x00, 0x01, 0xFF, 0x00, 0x00, 0x00, 0x3F,
    0xC0, 0x00, 0x00, 0x1F, 0xC0, 0x00, 0x00, 0x0F, 0xE0, 0x10, 0x00, 0x2F, 0xC0, 0x38, 0x00, 0x3F,
    0xC0, 0x0F, 0x96, 0xFF, 0x00, 0x02, 0xFF, 0xF8, 0x00, 0x00, 0x00, 0x00, 0x00, 0x00, 0x00, 0x00,
    0x00, 0x00, 0x3F, 0xFF, 0xFF, 0xFF, 0xF0, 0x3F, 0xFF, 0xFF, 0xFF, 0xF0, 0x3F, 0xFF, 0xFF, 0xFF,
    0xF0, 0x00, 0x00, 0x00, 0x3F, 0xE0, 0x00, 0x00, 0x00, 0xFF, 0x80, 0x00, 0x00, 0x03, 0xFE, 0x00,
    0x00, 0x00, 0x0F, 0xF0, 0x00, 0x00, 0x00, 0x7F, 0xC0, 0x00, 0x00, 0x02, 0xFF, 0x80, 0x00, 0x00,
    0x0B, 0xFF, 0xFC, 0x00, 0x00, 0x3F, 0xFF, 0xFF, 0x00, 0x00, 0x00, 0x00, 0xBF, 0xC0, 0x00, 0x00,
    0x00, 0x2F, 0xE0, 0x00, 0x00, 0x00, 0x0F, 0xF0, 0x00, 0x00, 0x00, 0x07, 0xF4, 0x00, 0x00, 0x00,
    0x03, 0xF8, 0x00, 0x00, 0x00, 0x03, 0xFC, 0x00, 0x00, 0x00, 0x03, 0xFC, 0x00, 0x00, 0x00, 0x02,
    0xFC, 0x7F, 0x00, 0x00, 0x02, 0xFC, 0x3F, 0x80, 0x00, 0x03, 0xF8, 0x2F, 0xD0, 0x00, 0x0B, 0xF8,
    0x0F, 0xF8, 0x00, 0x2F, 0xF0, 0x07, 0xFF, 0xFF, 0xFF, 0xC0, 0x00, 0xFF, 0xFF, 0xFF, 0x00, 0x00,
    0x0B, 0xFF, 0xE0, 0x00, 0x00, 0x00, 0x00, 0x00, 0x00, 0x00, 0x00, 0x00, 0x00, 0x00, 0x3F, 0xFF,
    0xFF, 0xFF, 0x80, 0x3F, 0xFF, 0xFF, 0xFF, 0x80, 0x3F, 0xFF, 0xFF, 0xFF, 0x80, 0x00, 0x00, 0x02,
    0xFF, 0x00, 0x00, 0x00, 0x0B, 0xFC, 0x00, 0x00, 0x00, 0x2F, 0xF0, 0x00, 0x00, 0x00, 0xFF, 0x80,
    0x00, 0x00, 0x03, 0xFE, 0x00, 0x00, 0x00, 0x0F, 0xFC, 0x00, 0x00, 0x00, 0x3F, 0xFF, 0xC0, 0x00,
    0x02, 0xFF, 0xFF, 0xF0, 0x00, 0x02, 0xA8, 0x0B, 0xFC, 0x00, 0x00, 0x00, 0x00, 0xFF, 0x00, 0x00,
    0x00, 0x00, 0xBF, 0x00, 0x00, 0x00, 0x00, 0x3F, 0x80, 0x00, 0x00, 0x00, 0x3F, 0xC0, 0x00, 0x00,
    0x00, 0x2F, 0xC0, 0x00, 0x00, 0x00, 0x2F, 0xC0, 0x00, 0x00, 0x00, 0x1F, 0xC0, 0x3F, 0x00, 0x00,
    0x1F, 0xC0, 0x3F, 0x00, 0x00, 0x2F, 0xC0, 0x3F, 0x80, 0x00, 0x3F, 0xC0, 0x2F, 0xD0, 0x00, 0xFF,
    0x80, 0x0F, 0xF9, 0x6B, 0xFF, 0x00, 0x03, 0xFF, 0xFF, 0xFC, 0x00, 0x00, 0xFF, 0xFF, 0xC0, 0x00,
    0x00, 0x06, 0xA0, 0x00, 0x00, 0x00, 0x00, 0xFF, 0xFF, 0xFC, 0x00, 0x00, 0x00, 0x00, 0xFF, 0xFF,
    0xFC, 0x00, 0x00, 0x00, 0x00, 0x00, 0x00, 0x00, 0x00, 0x00, 0x00, 0x00, 0x00, 0x00, 0x00, 0x00,
    0x00, 0x3F, 0xFF, 0xF8, 0x00, 0xFF, 0xFF, 0xF0, 0x03, 0xFF, 0x80, 0x00, 0x0B, 0xFE, 0x00, 0x00,
    0xFF, 0x00, 0x00, 0x03, 0xFC, 0x00, 0x00, 0xFE, 0x00, 0x00, 0x0B, 0xFC, 0x00, 0x00, 0xFE, 0x00,
    0x00, 0x0F, 0xFC, 0x00, 0x00, 0xFE, 0x00, 0x00, 0x3F, 0xFC, 0x00, 0x00, 0xFE, 0x00, 0x00, 0xFB,
    0xFC, 0x00, 0x00, 0xFE, 0x00, 0x02, 0xE3, 0xFC, 0x00, 0x00, 0xFE, 0x00, 0x0B, 0xC3, 0xFC, 0x00,
    0x00, 0xFE, 0x00, 0x0F, 0x03, 0xFC, 0x00, 0x00, 0xFE, 0x00, 0x3C, 0x03, 0xFC, 0x00, 0x00, 0xFE,
    0x00, 0xF8, 0x03, 0xFC, 0x00, 0x00, 0xFE, 0x02, 0xE0, 0x03, 0xFC, 0x00, 0x00, 0xFE, 0x0B, 0xC0,
    0x03, 0xFC, 0x00, 0x00, 0xFE, 0x0F, 0x00, 0x03, 0xFC, 0x00, 0x00, 0xFE, 0x3C, 0x00, 0x03, 0xFC,
    0x00, 0x00, 0xFE, 0xF8, 0x00, 0x03, 0xFC, 0x00, 0x00, 0xFF, 0xE0, 0x00, 0x03, 0xFC, 0x00, 0x00,
    0xFF, 0xC0, 0x00, 0x03, 0xFC, 0x00, 0x00, 0xFF, 0x00, 0x00, 0x03, 0xFC, 0x00, 0x00, 0xFE, 0x00,
    0x00, 0x03, 0xFC, 0x00, 0x00, 0xFF, 0x00, 0x00, 0x03, 0xFC, 0x00, 0x03, 0xFF, 0x80, 0x00, 0x0F,
    0xFE, 0x00, 0x3F, 0xFF, 0xFC, 0x00, 0xFF, 0xFF, 0xF0, 0x00, 0x00, 0x00, 0x00, 0x00, 0x02, 0xFF,
    0xFF, 0xFC, 0x00, 0x01, 0xFF, 0xFF, 0xFC, 0x00, 0x00, 0x00, 0x00, 0x00, 0x00, 0x00, 0x00, 0x00,
    0x00, 0x00, 0x00, 0x00, 0x00, 0x00, 0x00, 0x00, 0x00, 0x00, 0x00, 0x00, 0x2F, 0xF9, 0x02, 0xFF,
    0x90, 0x0B, 0xF0, 0x00, 0xBF, 0x00, 0x03, 0xF0, 0x00, 0xFF, 0x00, 0x03, 0xF0, 0x02, 0xFF, 0x00,
    0x03, 0xF0, 0x03, 0xFF, 0x00, 0x03, 0xF0, 0x0E, 0x3F, 0x00, 0x03, 0xF0, 0x2C, 0x3F, 0x00, 0x03,
    0xF0, 0x30, 0x3F, 0x00, 0x03, 0xF0, 0xE0, 0x3F, 0x00, 0x03, 0xF3, 0xC0, 0x3F, 0x00, 0x03, 0xFB,
    0x00, 0x3F, 0x00, 0x03, 0xFE, 0x00, 0x3F, 0x00, 0x03, 0xF8, 0x00, 0x3F, 0x00, 0x07, 0xF0, 0x00,
    0x7F, 0x00, 0x0B, 0xF0, 0x00, 0xBF, 0x00, 0xBF, 0xFF, 0x0B, 0xFF, 0xF0, 0x00, 0x00, 0x00, 0x00,
    0x00, 0x00, 0x00, 0x00, 0x00, 0xBC, 0x02, 0xF8, 0x00, 0x00, 0x00, 0x00, 0xFE, 0x03, 0xFC, 0x00,
    0x00, 0x00, 0x00, 0xFE, 0x02, 0xF8, 0x00, 0x00, 0x00, 0x00, 0x24, 0x00, 0xA0, 0x00, 0x00, 0x00,
    0x00, 0x00, 0x00, 0x00, 0x00, 0x00, 0x00, 0x00, 0x00, 0x00, 0x00, 0x00, 0x00, 0x3F, 0xFF, 0xF8,
    0x00, 0xFF, 0xFF, 0xF0, 0x03, 0xFF, 0x80, 0x00, 0x0B, 0xFE, 0x00, 0x00, 0xFF, 0x00, 0x00, 0x03,
    0xFC, 0x00, 0x00, 0xFE, 0x00, 0x00, 0x0B, 0xFC, 0x00, 0x00, 0xFE, 0x00, 0x00, 0x0F, 0xFC, 0x00,
    0x00, 0xFE, 0x00, 0x00, 0x3F, 0xFC, 0x00, 0x00, 0xFE, 0x00, 0x00, 0xFB, 0xFC, 0x00, 0x00, 0xFE,
    0x00, 0x02, 0xE3, 0xFC, 0x00, 0x00, 0xFE, 0x00, 0x0B, 0xC3, 0xFC, 0x00, 0x00, 0xFE, 0x00, 0x0F,
    0x03, 0xFC, 0x00, 0x00, 0xFE, 0x00, 0x3C, 0x03, 0xFC, 0x00, 0x00, 0xFE, 0x00, 0xF8, 0x03, 0xFC,
    0x00, 0x00, 0xFE, 0x02, 0xE0, 0x03, 0xFC, 0x00, 0x00, 0xFE, 0x0B, 0xC0, 0x03, 0xFC, 0x00, 0x00,
    0xFE, 0x0F, 0x00, 0x03, 0xFC, 0x00, 0x00, 0xFE, 0x3C, 0x00, 0x03, 0xFC, 0x00, 0x00, 0xFE, 0xF8,
    0x00, 0x03, 0xFC, 0x00, 0x00, 0xFF, 0xE0, 0x00, 0x03, 0xFC, 0x00, 0x00, 0xFF, 0xC0, 0x00, 0x03,
    0xFC, 0x00, 0x00, 0xFF, 0x00, 0x00, 0x03, 0xFC, 0x00, 0x00, 0xFE, 0x00, 0x00, 0x03, 0xFC, 0x00,
    0x00, 0xFF, 0x00, 0x00, 0x03, 0xFC, 0x00, 0x03, 0xFF, 0x80, 0x00, 0x0F, 0xFE, 0x00, 0x3F, 0xFF,
    0xFC, 0x00, 0xFF, 0xFF, 0xF0, 0x00, 0x00, 0x00, 0x00, 0x00, 0x00, 0xBC, 0x02, 0xF0, 0x00, 0x00,
    0xFE, 0x03, 0xF8, 0x00, 0x00, 0xFD, 0x03, 0xF8, 0x00, 0x00, 0x28, 0x00, 0xA0, 0x00, 0x00, 0x00,
    0x00, 0x00, 0x00, 0x00, 0x00, 0x00, 0x00, 0x00, 0x00, 0x00, 0x00, 0x00, 0x00, 0x00, 0x00, 0x00,
    0x00, 0x00, 0x2F, 0xF9, 0x02, 0xFF, 0x90, 0x0B, 0xF0, 0x00, 0xBF, 0x00, 0x03, 0xF0, 0x00, 0xFF,
    0x00, 0x03, 0xF0, 0x02, 0xFF, 0x00, 0x03, 0xF0, 0x03, 0xFF, 0x00, 0x03, 0xF0, 0x0E, 0x3F, 0x00,
    0x03, 0xF0, 0x2C, 0x3F, 0x00, 0x03, 0xF0, 0x30, 0x3F, 0x00, 0x03, 0xF0, 0xE0, 0x3F, 0x00, 0x03,
    0xF3, 0xC0, 0x3F, 0x00, 0x03, 0xFB, 0x00, 0x3F, 0x00, 0x03, 0xFE, 0x00, 0x3F, 0x00, 0x03, 0xF8,
    0x00, 0x3F, 0x00, 0x07, 0xF0, 0x00, 0x7F, 0x00, 0x0B, 0xF0, 0x00, 0xBF, 0x00, 0xBF, 0xFF, 0x0B,
    0xFF, 0xF0, 0x00, 0x00, 0x40, 0x01, 0x00, 0x00, 0x00, 0x07, 0xF0, 0x0F, 0xC0, 0x00, 0x00, 0x0B,
    0xF0, 0x2F, 0xC0, 0x00, 0x00, 0x03, 0xF0, 0x0F, 0xC0, 0x00, 0x00, 0x00, 0x00, 0x00, 0x00, 0x00,
    0x00, 0x00, 0x00, 0x00, 0x00, 0x00, 0x00, 0x00, 0x0A, 0xA0, 0x00, 0x00, 0x00, 0x03, 0xFF, 0xFF,
    0xC0, 0x00, 0x00, 0x3F, 0xD0, 0x03, 0xF8, 0x00, 0x00, 0xFE, 0x00, 0x00, 0xBF, 0x00, 0x03, 0xF8,
    0x00, 0x00, 0x2F, 0xC0, 0x0F, 0xF0, 0x00, 0x00, 0x0F, 0xE0, 0x1F, 0xE0, 0x00, 0x00, 0x0B, 0xF0,
    0x3F, 0xC0, 0x00, 0x00, 0x03, 0xFC, 0x3F, 0xC0, 0x00, 0x00, 0x03, 0xFC, 0xBF, 0x80, 0x00, 0x00,
    0x02, 0xFE, 0xBF, 0x80, 0x00, 0x00, 0x02, 0xFE, 0xFF, 0x80, 0x00, 0x00, 0x02, 0xFF, 0xFF, 0x40,
    0x00, 0x00, 0x02, 0xFF, 0xFF, 0x80, 0x00, 0x00, 0x02, 0xFF, 0xFF, 0x80, 0x00, 0x00, 0x02, 0xFE,
    0xBF, 0x80, 0x00, 0x00, 0x02, 0xFE, 0xBF, 0x80, 0x00, 0x00, 0x02, 0xFD, 0x3F, 0xC0, 0x00, 0x00,
    0x03, 0xFC, 0x3F, 0xC0, 0x00, 0x00, 0x03, 0xFC, 0x0F, 0xE0, 0x00, 0x00, 0x0F, 0xF0, 0x0B, 0xF0,
    0x00, 0x00, 0x0F, 0xE0, 0x03, 0xFC, 0x00, 0x00, 0x3F, 0xC0, 0x00, 0xFE, 0x00, 0x00, 0xFF, 0x00,
    0x00, 0x2F, 0xE0, 0x0B, 0xF8, 0x00, 0x00, 0x02, 0xFF, 0xFF, 0x80, 0x00, 0x00, 0x00, 0x01, 0x40,
    0x00, 0x00, 0x00, 0x10, 0x00, 0x40, 0x00, 0x00, 0xFC, 0x03, 0xF0, 0x00, 0x01, 0xFC, 0x03, 0xF4,
    0x00, 0x00, 0xFC, 0x03, 0xF0, 0x00, 0x00, 0x00, 0x00, 0x00, 0x00, 0x00, 0x00, 0x00, 0x00, 0x00,
    0x00, 0x00, 0x00, 0x00, 0x00, 0x00, 0x00, 0x00, 0x00, 0x00, 0x00, 0x06, 0xA9, 0x00, 0x00, 0x00,
    0xBE, 0xAF, 0xE0, 0x00, 0x02, 0xF0, 0x03, 0xF8, 0x00, 0x0B, 0xC0, 0x00, 0xFE, 0x00, 0x0F, 0xC0,
    0x00, 0xBF, 0x00, 0x2F, 0x80, 0x00, 0x3F, 0x80, 0x3F, 0x80, 0x00, 0x3F, 0xC0, 0x3F, 0x80, 0x00,
    0x2F, 0xC0, 0x3F, 0x80, 0x00, 0x2F, 0xC0, 0x3F, 0x80, 0x00, 0x2F, 0xC0, 0x3F, 0xC0, 0x00, 0x2F,
    0xC0, 0x2F, 0xC0, 0x00, 0x2F, 0x80, 0x0F, 0xD0, 0x00, 0x3F, 0x00, 0x0F, 0xF0, 0x00, 0x3E, 0x00,
    0x03, 0xF8, 0x00, 0xBC, 0x00, 0x00, 0xFE, 0x02, 0xF0, 0x00, 0x00, 0x2F, 0xFF, 0x80, 0x00, 0x00,
    0x00, 0x00, 0x00, 0x00, 0x00, 0x00, 0x0A, 0xA0, 0x00, 0x00, 0x00, 0x03, 0xFF, 0xFF, 0xC0, 0x00,
    0x00, 0x3F, 0xD0, 0x03, 0xF8, 0x00, 0x00, 0xFE, 0x00, 0x00, 0xBF, 0x00, 0x03, 0xF8, 0x00, 0x00,
    0x2F, 0xC0, 0x0F, 0xF0, 0x00, 0x00, 0x0F, 0xE0, 0x1F, 0xE0, 0x00, 0x00, 0x0B, 0xF0, 0x3F, 0xC0,
    0x00, 0x00, 0x03, 0xFC, 0x3F, 0xC0, 0x00, 0x00, 0x03, 0xFC, 0xBF, 0x80, 0x00, 0x00, 0x03, 0xFE,
    0xBF, 0x80, 0x00, 0x00, 0x02, 0xFE, 0xFF, 0xAA, 0xAA, 0xAA, 0xAA, 0xFF, 0xFF, 0xFF, 0xFF, 0xFF,
    0xFF, 0xFF, 0xFF, 0xFF, 0xFF, 0xFF, 0xFF, 0xFF, 0xFF, 0x80, 0x00, 0x00, 0x02, 0xFE, 0xBF, 0x80,
    0x00, 0x00, 0x02, 0xFE, 0xBF, 0x80, 0x00, 0x00, 0x03, 0xFD, 0x3F, 0xC0, 0x00, 0x00, 0x03, 0xFC,
    0x3F, 0xC0, 0x00, 0x00, 0x07, 0xFC, 0x0F, 0xE0, 0x00, 0x00, 0x0F, 0xF0, 0x0B, 0xF0, 0x00, 0x00,
    0x0F, 0xE0, 0x03, 0xFC, 0x00, 0x00, 0x3F, 0xC0, 0x00, 0xFE, 0x00, 0x00, 0xFF, 0x00, 0x00, 0x2F,
    0xE0, 0x0B, 0xF8, 0x00, 0x00, 0x02, 0xFF, 0xFF, 0x80, 0x00, 0x00, 0x00, 0x01, 0x40, 0x00, 0x00,
    0x00, 0x06, 0xA9, 0x00, 0x00, 0x00, 0xBE, 0xAF, 0xE0, 0x00, 0x02, 0xF0, 0x03, 0xF8, 0x00, 0x0B,
    0xC0, 0x00, 0xFE, 0x00, 0x0F, 0xC0, 0x00, 0xBF, 0x00, 0x2F, 0x80, 0x00, 0x3F, 0x80, 0x3F, 0x80,
    0x00, 0x3F, 0xC0, 0x3F, 0xEA, 0xAA, 0xBF, 0xC0, 0x3F, 0xFF, 0xFF, 0xFF, 0xC0, 0x3F, 0xFF, 0xFF,
    0xFF, 0xC0, 0x3F, 0xC0, 0x00, 0x2F, 0xC0, 0x2F, 0xC0, 0x00, 0x2F, 0x80, 0x0F, 0xD0, 0x00, 0x3F,
    0x00, 0x0F, 0xF0, 0x00, 0x3E, 0x00, 0x03, 0xF8, 0x00, 0xBC, 0x00, 0x00, 0xFE, 0x02, 0xF0, 0x00,
    0x00, 0x2F, 0xFF, 0x80, 0x00, 0x00, 0x00, 0x00, 0x00, 0x00, 0x00, 0x00, 0x00, 0x00, 0x00, 0x00,
    0x00, 0x03, 0xF0, 0x0F, 0xC0, 0x00, 0x00, 0x07, 0xF0, 0x0F, 0xD0, 0x00, 0x00, 0x03, 0xF0, 0x0F,
    0xC0, 0x00, 0x00, 0x00, 0x80, 0x02, 0x00, 0x00, 0x00, 0x00, 0x00, 0x00, 0x00, 0x00, 0x00, 0x00,
    0x00, 0x00, 0x00, 0x00, 0x00, 0x00, 0x00, 0x00, 0x00, 0x00, 0x00, 0x00, 0x0A, 0xA0, 0x00, 0x00,
    0x00, 0x03, 0xFF, 0xFF, 0xC0, 0x00, 0x00, 0x3F, 0xD0, 0x03, 0xF8, 0x00, 0x00, 0xFE, 0x00, 0x00,
    0xBF, 0x00, 0x03, 0xF8, 0x00, 0x00, 0x2F, 0xC0, 0x0F, 0xF0, 0x00, 0x00, 0x0F, 0xE0, 0x1F, 0xE0,
    0x00, 0x00, 0x0B, 0xF0, 0x3F, 0xC0, 0x00, 0x00, 0x03, 0xFC, 0x3F, 0xC0, 0x00, 0x00, 0x03, 0xFC,
    0xBF, 0x80, 0x00, 0x00, 0x03, 0xFE, 0xBF, 0x80, 0x00, 0x00, 0x02, 0xFE, 0xFF, 0xAA, 0xAA, 0xAA,
    0xAA, 0xFF, 0xFF, 0xFF, 0xFF, 0xFF, 0xFF, 0xFF, 0xFF, 0xFF, 0xFF, 0xFF, 0xFF, 0xFF, 0xFF, 0x80,
    0x00, 0x00, 0x02, 0xFE, 0xBF, 0x80, 0x00, 0x00, 0x02, 0xFE, 0xBF, 0x80, 0x00, 0x00, 0x03, 0xFD,
    0x3F, 0xC0, 0x00, 0x00, 0x03, 0xFC, 0x3F, 0xC0, 0x00, 0x00, 0x07, 0xFC, 0x0F, 0xE0, 0x00, 0x00,
    0x0F, 0xF0, 0x0B, 0xF0, 0x00, 0x00, 0x0F, 0xE0, 0x03, 0xFC, 0x00, 0x00, 0x3F, 0xC0, 0x00, 0xFE,
    0x00, 0x00, 0xFF, 0x00, 0x00, 0x2F, 0xE0, 0x0B, 0xF8, 0x00, 0x00, 0x02, 0xFF, 0xFF, 0x80, 0x00,
    0x00, 0x00, 0x01, 0x40, 0x00, 0x00, 0x00, 0x10, 0x00, 0x40, 0x00, 0x00, 0xFC, 0x03, 0xF0, 0x00,
    0x01, 0xFC, 0x03, 0xF4, 0x00, 0x00, 0xFC, 0x03, 0xF0, 0x00, 0x00, 0x00, 0x00, 0x00, 0x00, 0x00,
    0x00, 0x00, 0x00, 0x00, 0x00, 0x00, 0x00, 0x00, 0x00, 0x00, 0x00, 0x00, 0x00, 0x00, 0x00, 0x06,
    0xA9, 0x00, 0x00, 0x00, 0xBE, 0xAF, 0xE0, 0x00, 0x02, 0xF0, 0x03, 0xF8, 0x00, 0x0B, 0xC0, 0x00,
    0xFE, 0x00, 0x0F, 0xC0, 0x00, 0xBF, 0x00, 0x2F, 0x80, 0x00, 0x3F, 0x80, 0x3F, 0x80, 0x00, 0x3F,
    0xC0, 0x3F, 0xEA, 0xAA, 0xBF, 0xC0, 0x3F, 0xFF, 0xFF, 0xFF, 0xC0, 0x3F, 0xFF, 0xFF, 0xFF, 0xC0,
    0x3F, 0xC0, 0x00, 0x2F, 0xC0, 0x2F, 0xC0, 0x00, 0x2F, 0x80, 0x0F, 0xD0, 0x00, 0x3F, 0x00, 0x0F,
    0xF0, 0x00, 0x3E, 0x00, 0x03, 0xF8, 0x00, 0xBC, 0x00, 0x00, 0xFE, 0x02, 0xF0, 0x00, 0x00, 0x2F,
    0xFF, 0x80, 0x00, 0x00, 0x00, 0x00, 0x00, 0x00, 0x00, 0x00, 0x00, 0x00, 0x00, 0x00, 0x00, 0x0B,
    0xD0, 0x2F, 0x80, 0x00, 0x00, 0x0F, 0xE0, 0x3F, 0xC0, 0x00, 0x00, 0x0B, 0xE0, 0x2F, 0x80, 0x00,
    0x00, 0x02, 0x40, 0x06, 0x00, 0x00, 0x00, 0x00, 0x00, 0x00, 0x00, 0x00, 0x08, 0x00, 0x6A, 0x40,
    0x00, 0x00, 0x0E, 0x2F, 0xFF, 0xFE, 0x00, 0x00, 0x0F, 0xFE, 0x00, 0xBF, 0xE0, 0x00, 0x1F, 0xE0,
    0x00, 0x03, 0xFC, 0x00, 0x1F, 0x80, 0x00, 0x00, 0xFF, 0x00, 0x2F, 0x00, 0x00, 0x00, 0x7F, 0x80,
    0x2D, 0x00, 0x00, 0x00, 0x3F, 0xC0, 0x2C, 0x00, 0x00, 0x00, 0x0F, 0xF0, 0x18, 0x00, 0x00, 0x00,
    0x0F, 0xF0, 0x00, 0x00, 0x00, 0x00, 0x0F, 0xF8, 0x00, 0x00, 0x00, 0x00, 0x0B, 0xF8, 0x00, 0x00,
    0x2A, 0xAA, 0xAF, 0xFC, 0x00, 0x00, 0xBF, 0xFF, 0xFF, 0xFC, 0x00, 0x00, 0x00, 0x00, 0x0B, 0xFC,
    0x00, 0x00, 0x00, 0x00, 0x0B, 0xFC, 0x00, 0x00, 0x00, 0x00, 0x0B, 0xF8, 0x00, 0x00, 0x00, 0x00,
    0x0F, 0xF8, 0x00, 0x00, 0x00, 0x00, 0x0F, 0xF0, 0x00, 0x00, 0x00, 0x00, 0x2F, 0xF0, 0x00, 0x00,
    0x00, 0x00, 0x3F, 0xD0, 0x34, 0x00, 0x00, 0x00, 0xBF, 0xC0, 0x2E, 0x00, 0x00, 0x02, 0xFF, 0x00,
    0x03, 0xC0, 0x00, 0x0B, 0xFC, 0x00, 0x00, 0xBE, 0x96, 0xFF, 0xE0, 0x00, 0x00, 0x0B, 0xFF, 0xFE,
    0x00, 0x00, 0x00, 0x00, 0x09, 0x00, 0x00, 0x00, 0x02, 0x00, 0x04, 0x00, 0x0F, 0xC0, 0x3F, 0x00,
    0x0F, 0xC0, 0x3F, 0x80, 0x0F, 0xC0, 0x3F, 0x00, 0x00, 0x00, 0x00, 0x00, 0x00, 0x00, 0x00, 0x00,
    0x00, 0x00, 0x00, 0x00, 0x00, 0x00, 0x00, 0x00, 0x10, 0x2A, 0x80, 0x00, 0x2F, 0xEA, 0xF8, 0x00,
    0x3E, 0x00, 0x3F, 0x00, 0x38, 0x00, 0x0F, 0x80, 0x30, 0x00, 0x0B, 0xC0, 0x00, 0x00, 0x03, 0xE0,
    0x00, 0x00, 0x03, 0xF0, 0x00, 0xAA, 0xAB, 0xF0, 0x00, 0xBF, 0xFF, 0xF0, 0x00, 0x00, 0x03, 0xF0,
    0x00, 0x00, 0x03, 0xF0, 0x80, 0x00, 0x0B, 0xF0, 0xB0, 0x00, 0x0F, 0xE0, 0x3C, 0x00, 0x3F, 0xC0,
    0x0F, 0x82, 0xFF, 0x80, 0x03, 0xFF, 0xFE, 0x00, 0x00, 0xBF, 0xF8, 0x00, 0x00, 0x00, 0x00, 0x00,
    0x00, 0x00, 0xFF, 0xFF, 0xFC, 0x00, 0x00, 0x00, 0x00, 0xFF, 0xFF, 0xFC, 0x00, 0x00, 0x00, 0x00,
    0x00, 0x00, 0x00, 0x00, 0x00, 0x00, 0x00, 0x00, 0x00, 0x00, 0x00, 0x00, 0xBF, 0xFF, 0xFE, 0x00,
    0x07, 0xFF, 0xF8, 0x07, 0xFF, 0xC0, 0x00, 0x00, 0x3F, 0x80, 0x00, 0xFF, 0xC0, 0x00, 0x00, 0x3D,
    0x00, 0x00, 0x3F, 0xE0, 0x00, 0x00, 0xB8, 0x00, 0x00, 0x2F, 0xF0, 0x00, 0x00, 0xF0, 0x00, 0x00,
    0x0F, 0xFC, 0x00, 0x02, 0xE0, 0x00, 0x00, 0x03, 0xFE, 0x00, 0x03, 0xC0, 0x00, 0x00, 0x02, 0xFF,
    0x00, 0x0B, 0x80, 0x00, 0x00, 0x00, 0xFF, 0xC0, 0x0F, 0x00, 0x00, 0x00, 0x00, 0x3F, 0xE0, 0x2D,
    0x00, 0x00, 0x00, 0x00, 0x2F, 0xF0, 0x3C, 0x00, 0x00, 0x00, 0x00, 0x0F, 0xFC, 0xB0, 0x00, 0x00,
    0x00, 0x00, 0x03, 0xFE, 0xF0, 0x00, 0x00, 0x00, 0x00, 0x02, 0xFF, 0xC0, 0x00, 0x00, 0x00, 0x00,
    0x00, 0xFF, 0xC0, 0x00, 0x00, 0x00, 0x00, 0x00, 0x3F, 0x00, 0x00, 0x00, 0x00, 0x00, 0x00, 0x2E,
    0x00, 0x00, 0x00, 0x00, 0x00, 0x00, 0x2C, 0x00, 0x00, 0x00, 0x00, 0x00, 0x00, 0x38, 0x00, 0x00,
    0x00, 0x00, 0x00, 0x00, 0xF0, 0x00, 0x00, 0x00, 0x00, 0x3F, 0x00, 0xE0, 0x00, 0x00, 0x00, 0x00,
    0x3F, 0xC3, 0xC0, 0x00, 0x00, 0x00, 0x00, 0x3F, 0xFF, 0x00, 0x00, 0x00, 0x00, 0x00, 0x2F, 0xFC,
    0x00, 0x00, 0x00, 0x00, 0x00, 0x00, 0x40, 0x00, 0x00, 0x00, 0x00, 0x00, 0x00, 0x00, 0x00, 0x00,
    0x03, 0xFF, 0xFF, 0xF8, 0x00, 0x03, 0xFF, 0xFF, 0xF8, 0x00, 0x00, 0x00, 0x00, 0x00, 0x00, 0x00,
    0x00, 0x00, 0x00, 0x00, 0x3F, 0xF8, 0x00, 0x2F, 0x80, 0x0F, 0xF0, 0x00, 0x0F, 0x00, 0x03, 0xF0,
    0x00, 0x2C, 0x00, 0x03, 0xFC, 0x00, 0x3C, 0x00, 0x00, 0xFC, 0x00, 0x38, 0x00, 0x00, 0xFE, 0x00,
    0xB0, 0x00, 0x00, 0x7F, 0x00, 0xF0, 0x00, 0x00, 0x3F, 0x80, 0xD0, 0x00, 0x00, 0x2F, 0xC2, 0xC0,
    0x00, 0x00, 0x0F, 0xE3, 0x80, 0x00, 0x00, 0x0B, 0xF7, 0x00, 0x00, 0x00, 0x03, 0xFF, 0x00, 0x00,
    0x00, 0x02, 0xFE, 0x00, 0x00, 0x00, 0x00, 0xFC, 0x00, 0x00, 0x00, 0x00, 0xB8, 0x00, 0x00, 0x00,
    0x00, 0xB0, 0x00, 0x00, 0x00, 0x00, 0xF0, 0x00, 0x00, 0x00, 0x00, 0xE0, 0x00, 0x00, 0x00, 0x03,
    0xC0, 0x00, 0x00, 0x00, 0x03, 0x80, 0x00, 0x00, 0x2F, 0xAF, 0x00, 0x00, 0x00, 0x3F, 0xFE, 0x00,
    0x00, 0x00, 0x3F, 0xF8, 0x00, 0x00, 0x00, 0x0A, 0x80, 0x00, 0x00, 0x00, 0x00, 0x00, 0x00, 0x00,
    0x00, 0x00, 0x00, 0x00, 0x00, 0x3F, 0x00, 0xBE, 0x00, 0x00, 0x00, 0x00, 0x3F, 0x80, 0xFE, 0x00,
    0x00, 0x00, 0x00, 0x3F, 0x00, 0xBE, 0x00, 0x00, 0x00, 0x00, 0x04, 0x00, 0x10, 0x00, 0x00, 0x00,
    0x00, 0x00, 0x00, 0x00, 0x00, 0x00, 0x00, 0x00, 0x00, 0x00, 0x00, 0x00, 0x00, 0xBF, 0xFF, 0xFE,
    0x00, 0x07, 0xFF, 0xF8, 0x07, 0xFF, 0xC0, 0x00, 0x00, 0x3F, 0x80, 0x00, 0xFF, 0xC0, 0x00, 0x00,
    0x3D, 0x00, 0x00, 0x3F, 0xE0, 0x00, 0x00, 0xB8, 0x00, 0x00, 0x2F, 0xF0, 0x00, 0x00, 0xF0, 0x00,
    0x00, 0x0F, 0xFC, 0x00, 0x02, 0xE0, 0x00, 0x00, 0x03, 0xFE, 0x00, 0x03, 0xC0, 0x00, 0x00, 0x02,
    0xFF, 0x00, 0x0B, 0x80, 0x00, 0x00, 0x00, 0xFF, 0xC0, 0x0F, 0x00, 0x00, 0x00, 0x00, 0x3F, 0xE0,
    0x2D, 0x00, 0x00, 0x00, 0x00, 0x2F, 0xF0, 0x3C, 0x00, 0x00, 0x00, 0x00, 0x0F, 0xFC, 0xB0, 0x00,
    0x00, 0x00, 0x00, 0x03, 0xFE, 0xF0, 0x00, 0x00, 0x00, 0x00, 0x02, 0xFF, 0xC0, 0x00, 0x00, 0x00,
    0x00, 0x00, 0xFF, 0xC0, 0x00, 0x00, 0x00, 0x00, 0x00, 0x3F, 0x00, 0x00, 0x00, 0x00, 0x00, 0x00,
    0x2E, 0x00, 0x00, 0x00, 0x00, 0x00, 0x00, 0x2C, 0x00, 0x00, 0x00, 0x00, 0x00, 0x00, 0x38, 0x00,
    0x00, 0x00, 0x00, 0x00, 0x00, 0xF0, 0x00, 0x00, 0x00, 0x00, 0x3F, 0x00, 0xE0, 0x00, 0x00, 0x00,
    0x00, 0x3F, 0xC3, 0xC0, 0x00, 0x00, 0x00, 0x00, 0x3F, 0xFF, 0x00, 0x00, 0x00, 0x00, 0x00, 0x2F,
    0xFC, 0x00, 0x00, 0x00, 0x00, 0x00, 0x00, 0x40, 0x00, 0x00, 0x00, 0x00, 0x00, 0x00, 0x00, 0x00,
    0x00, 0x00, 0xBE, 0x00, 0xFC, 0x00, 0x00, 0xBF, 0x02, 0xFC, 0x00, 0x00, 0xBE, 0x01, 0xFC, 0x00,
    0x00, 0x14, 0x00, 0x20, 0x00, 0x00, 0x00, 0x00, 0x00, 0x00, 0x00, 0x00, 0x00, 0x00, 0x00, 0x00,
    0x00, 0x00, 0x00, 0x00, 0x00, 0x00, 0x00, 0x00, 0x00, 0x3F, 0xF8, 0x00, 0x2F, 0x80, 0x0F, 0xF0,
    0x00, 0x0F, 0x00, 0x03, 0xF0, 0x00, 0x2C, 0x00, 0x03, 0xFC, 0x00, 0x3C, 0x00, 0x00, 0xFC, 0x00,
    0x38, 0x00, 0x00, 0xFE, 0x00, 0xB0, 0x00, 0x00, 0x7F, 0x00, 0xF0, 0x00, 0x00, 0x3F, 0x80, 0xD0,
    0x00, 0x00, 0x2F, 0xC2, 0xC0, 0x00, 0x00, 0x0F, 0xE3, 0x80, 0x00, 0x00, 0x0B, 0xF7, 0x00, 0x00,
    0x00, 0x03, 0xFF, 0x00, 0x00, 0x00, 0x02, 0xFE, 0x00, 0x00, 0x00, 0x00, 0xFC, 0x00, 0x00, 0x00,
    0x00, 0xB8, 0x00, 0x00, 0x00, 0x00, 0xB0, 0x00, 0x00, 0x00, 0x00, 0xF0, 0x00, 0x00, 0x00, 0x00,
    0xE0, 0x00, 0x00, 0x00, 0x03, 0xC0, 0x00, 0x00, 0x00, 0x03, 0x80, 0x00, 0x00, 0x2F, 0xAF, 0x00,
    0x00, 0x00, 0x3F, 0xFE, 0x00, 0x00, 0x00, 0x3F, 0xF8, 0x00, 0x00, 0x00, 0x0A, 0x80, 0x00, 0x00,
    0x00, 0x00, 0x00, 0x00, 0x00, 0x00, 0x00, 0x00, 0x00, 0x00, 0x02, 0xF0, 0x3F, 0x00, 0x00, 0x00,
    0x00, 0x03, 0xF0, 0xFF, 0x00, 0x00, 0x00, 0x00, 0x0F, 0xD3, 0xFC, 0x00, 0x00, 0x00, 0x00, 0x3F,
    0x0F, 0xD0, 0x00, 0x00, 0x00, 0x00, 0xFC, 0x3E, 0x00, 0x00, 0x00, 0x00, 0x02, 0xE0, 0xF0, 0x00,
    0x00, 0x00, 0x00, 0x00, 0x00, 0x00, 0x00, 0x00, 0x00, 0x00, 0x00, 0x00, 0x00, 0x00, 0x00, 0x00,
    0xBF, 0xFF, 0xFE, 0x00, 0x07, 0xFF, 0xF8, 0x07, 0xFF, 0xC0, 0x00, 0x00, 0x3F, 0x80, 0x00, 0xFF,
    0xC0, 0x00, 0x00, 0x3D, 0x00, 0x00, 0x3F, 0xE0, 0x00, 0x00, 0xB8, 0x00, 0x00, 0x2F, 0xF0, 0x00,
    0x00, 0xF0, 0x00, 0x00, 0x0F, 0xFC, 0x00, 0x02, 0xE0, 0x00, 0x00, 0x03, 0xFE, 0x00, 0x03, 0xC0,
    0x00, 0x00, 0x02, 0xFF, 0x00, 0x0B, 0x80, 0x00, 0x00, 0x00, 0xFF, 0xC0, 0x0F, 0x00, 0x00, 0x00,
    0x00, 0x3F, 0xE0, 0x2D, 0x00, 0x00, 0x00, 0x00, 0x2F, 0xF0, 0x3C, 0x00, 0x00, 0x00, 0x00, 0x0F,
    0xFC, 0xB0, 0x00, 0x00, 0x00, 0x00, 0x03, 0xFE, 0xF0, 0x00, 0x00, 0x00, 0x00, 0x02, 0xFF, 0xC0,
    0x00, 0x00, 0x00, 0x00, 0x00, 0xFF, 0xC0, 0x00, 0x00, 0x00, 0x00, 0x00, 0x3F, 0x00, 0x00, 0x00,
    0x00, 0x00, 0x00, 0x2E, 0x00, 0x00, 0x00, 0x00, 0x00, 0x00, 0x2C, 0x00, 0x00, 0x00, 0x00, 0x00,
    0x00, 0x38, 0x00, 0x00, 0x00, 0x00, 0x00, 0x00, 0xF0, 0x00, 0x00, 0x00, 0x00, 0x3F, 0x00, 0xE0,
    0x00, 0x00, 0x00, 0x00, 0x3F, 0xC3, 0xC0, 0x00, 0x00, 0x00, 0x00, 0x3F, 0xFF, 0x00, 0x00, 0x00,
    0x00, 0x00, 0x2F, 0xFC, 0x00, 0x00, 0x00, 0x00, 0x00, 0x00, 0x40, 0x00, 0x00, 0x00, 0x00, 0x00,
    0x01, 0x80, 0x28, 0x00, 0x00, 0x07, 0xE0, 0xFC, 0x00, 0x00, 0x0F, 0xD3, 0xFC, 0x00, 0x00, 0x3F,
    0x4F, 0xE0, 0x00, 0x00, 0xFC, 0x3F, 0x00, 0x00, 0x02, 0xF0, 0xF8, 0x00, 0x00, 0x0B, 0x82, 0x80,
    0x00, 0x00, 0x00, 0x00, 0x00, 0x00, 0x00, 0x00, 0x00, 0x00, 0x00, 0x00, 0x3F, 0xF8, 0x00, 0x2F,
    0x80, 0x0F, 0xF0, 0x00, 0x0F, 0x00, 0x03, 0xF0, 0x00, 0x2C, 0x00, 0x03, 0xFC, 0x00, 0x3C, 0x00,
    0x00, 0xFC, 0x00, 0x38, 0x00, 0x00, 0xFE, 0x00, 0xB0, 0x00, 0x00, 0x7F, 0x00, 0xF0, 0x00, 0x00,
    0x3F, 0x80, 0xD0, 0x00, 0x00, 0x2F, 0xC2, 0xC0, 0x00, 0x00, 0x0F, 0xE3, 0x80, 0x00, 0x00, 0x0B,
    0xF7, 0x00, 0x00, 0x00, 0x03, 0xFF, 0x00, 0x00, 0x00, 0x02, 0xFE, 0x00, 0x00, 0x00, 0x00, 0xFC,
    0x00, 0x00, 0x00, 0x00, 0xB8, 0x00, 0x00, 0x00, 0x00, 0xB0, 0x00, 0x00, 0x00, 0x00, 0xF0, 0x00,
    0x00, 0x00, 0x00, 0xE0, 0x00, 0x00, 0x00, 0x03, 0xC0, 0x00, 0x00, 0x00, 0x03, 0x80, 0x00, 0x00,
    0x2F, 0xAF, 0x00, 0x00, 0x00, 0x3F, 0xFE, 0x00, 0x00, 0x00, 0x3F, 0xF8, 0x00, 0x00, 0x00, 0x0A,
    0x80, 0x00, 0x00, 0x00, 0x00, 0x00, 0x40, 0x00, 0x00, 0x00, 0x00, 0x00, 0x03, 0xF8, 0x0B, 0xE0,
    0x00, 0x00, 0x00, 0x03, 0xF8, 0x0F, 0xF0, 0x00, 0x00, 0x00, 0x02, 0xF4, 0x0B, 0xE0, 0x00, 0x00,
    0x00, 0x00, 0x00, 0x00, 0x00, 0x00, 0x00, 0x00, 0x00, 0x00, 0x00, 0x00, 0x00, 0x00, 0x00, 0x00,
    0x00, 0x00, 0x00, 0x00, 0x00, 0xBF, 0xFF, 0xF8, 0x0F, 0xFF, 0xFF, 0x00, 0x03, 0xFF, 0x00, 0x00,
    0xBF, 0xF0, 0x00, 0x02, 0xFE, 0x00, 0x00, 0x3F, 0xC0, 0x00, 0x01, 0xFE, 0x00, 0x00, 0x3F, 0xC0,
    0x00, 0x01, 0xFE, 0x00, 0x00, 0x3F, 0xC0, 0x00, 0x01, 0xFE, 0x00, 0x00, 0x3F, 0xC0, 0x00, 0x01,
    0xFE, 0x00, 0x00, 0x3F, 0xC0, 0x00, 0x01, 0xFE, 0x00, 0x00, 0x3F, 0xC0, 0x00, 0x01, 0xFE, 0x00,
    0x00, 0x3F, 0xC0, 0x00, 0x00, 0xFE, 0x00, 0x00, 0x3F, 0xC0, 0x00, 0x00, 0xFF, 0x00, 0x00, 0x3F,
    0xC0, 0x00, 0x00, 0xFF, 0x80, 0x00, 0x7F, 0xC0, 0x00, 0x00, 0x3F, 0xFA, 0xAF, 0xFF, 0xC0, 0x00,
    0x00, 0x0B, 0xFF, 0xE4, 0x3F, 0xC0, 0x00, 0x00, 0x00, 0x00, 0x00, 0x3F, 0xC0, 0x00, 0x00, 0x00,
    0x00, 0x00, 0x3F, 0xC0, 0x00, 0x00, 0x00, 0x00, 0x00, 0x3F, 0xC0, 0x00, 0x00, 0x00, 0x00, 0x00,
    0x3F, 0xC0, 0x00, 0x00, 0x00, 0x00, 0x00, 0x3F, 0xC0, 0x00, 0x00, 0x00, 0x00, 0x00, 0x3F, 0xC0,
    0x00, 0x00, 0x00, 0x00, 0x00, 0x3F, 0xC0, 0x00, 0x00, 0x00, 0x00, 0x00, 0x3F, 0xC0, 0x00, 0x00,
    0x00, 0x00, 0x00, 0xBF, 0xF0, 0x00, 0x00, 0x00, 0x00, 0x0F, 0xFF, 0xFF, 0x00, 0x00, 0x00, 0x00,
    0x00, 0x00, 0x00, 0xFC, 0x03, 0xF0, 0x00, 0x01, 0xFC, 0x03, 0xF4, 0x00, 0x00, 0xFC, 0x03, 0xF0,
    0x00, 0x00, 0x60, 0x00, 0x90, 0x00, 0x00, 0x00, 0x00, 0x00, 0x00, 0x00, 0x00, 0x00, 0x00, 0x00,
    0x00, 0x00, 0x00, 0x00, 0x00, 0x00, 0x00, 0x00, 0x00, 0x00, 0x2F, 0xF9, 0x06, 0xFF, 0x80, 0x0B,
    0xF0, 0x00, 0xFE, 0x00, 0x03, 0xF0, 0x00, 0xFC, 0x00, 0x03, 0xF0, 0x00, 0xFC, 0x00, 0x03, 0xF0,
    0x00, 0xFC, 0x00, 0x03, 0xF0, 0x00, 0xFC, 0x00, 0x03, 0xF0, 0x00, 0xFC, 0x00, 0x03, 0xF8, 0x00,
    0xFC, 0x00, 0x00, 0xBF, 0xFF, 0xFC, 0x00, 0x00, 0x00, 0x00, 0xFC, 0x00, 0x00, 0x00, 0x00, 0xFC,
    0x00, 0x00, 0x00, 0x00, 0xFC, 0x00, 0x00, 0x00, 0x00, 0xFC, 0x00, 0x00, 0x00, 0x00, 0xFC, 0x00,
    0x00, 0x00, 0x00, 0xFE, 0x00, 0x00, 0x00, 0x0F, 0xFF, 0xE0, 0x2A, 0xAA, 0xAA, 0xAA, 0xA0, 0xFF,
    0xFF, 0xFF, 0xFF, 0xF0, 0xFF, 0xFF, 0xFF, 0xFF, 0xF0, 0xFF, 0xAA, 0xAA, 0xAA, 0xA0, 0xFF, 0x00,
    0x00, 0x00, 0x00, 0xFF, 0x00, 0x00, 0x00, 0x00, 0xFF, 0x00, 0x00, 0x00, 0x00, 0xFF, 0x00, 0x00,
    0x00, 0x00, 0xFF, 0x00, 0x00, 0x00, 0x00, 0xFF, 0x00, 0x00, 0x00, 0x00, 0xFF, 0x00, 0x00, 0x00,
    0x00, 0xFF, 0x00, 0x00, 0x00, 0x00, 0xFF, 0x00, 0x00, 0x00, 0x00, 0xFF, 0x00, 0x00, 0x00, 0x00,
    0xFF, 0x00, 0x00, 0x00, 0x00, 0xFF, 0x00, 0x00, 0x00, 0x00, 0xFF, 0x00, 0x00, 0x00, 0x00, 0xFF,
    0x00, 0x00, 0x00, 0x00, 0xFF, 0x00, 0x00, 0x00, 0x00, 0xFF, 0x00, 0x00, 0x00, 0x00, 0xFF, 0x00,
    0x00, 0x00, 0x00, 0xFF, 0x00, 0x00, 0x00, 0x00, 0xFF, 0x00, 0x00, 0x00, 0x00, 0xFF, 0x00, 0x00,
    0x00, 0x00, 0xFF, 0xF0, 0x00, 0x00, 0x00, 0xFF, 0xF0, 0x00, 0x00, 0x00, 0xFF, 0xF0, 0x00, 0x00,
    0x00, 0x0B, 0xF0, 0x00, 0x00, 0x00, 0x0B, 0xF0, 0x00, 0x00, 0x00, 0x0B, 0xF0, 0x00, 0x00, 0x00,
    0x0B, 0xF0, 0x00, 0x00, 0x00, 0x0B, 0xF0, 0x00, 0x00, 0x00, 0x0B, 0xF0, 0x00, 0x00, 0x00, 0x00,
    0x00, 0x00, 0x00, 0x00, 0x00, 0x00, 0x00, 0x00, 0xBF, 0xFF, 0xFF, 0xC0, 0xBF, 0xFF, 0xFF, 0xC0,
    0xBF, 0xAA, 0xAA, 0x40, 0xBE, 0x00, 0x00, 0x00, 0xBE, 0x00, 0x00, 0x00, 0xBE, 0x00, 0x00, 0x00,
    0xBE, 0x00, 0x00, 0x00, 0xBE, 0x00, 0x00, 0x00, 0xBE, 0x00, 0x00, 0x00, 0xBE, 0x00, 0x00, 0x00,
    0xBE, 0x00, 0x00, 0x00, 0xBE, 0x00, 0x00, 0x00, 0xBE, 0x00, 0x00, 0x00, 0xBE, 0x00, 0x00, 0x00,
    0xBE, 0x00, 0x00, 0x00, 0xBE, 0x00, 0x00, 0x00, 0xBF, 0x80, 0x00, 0x00, 0xBF, 0xC0, 0x00, 0x00,
    0xBF, 0xC0, 0x00, 0x00, 0x0F, 0xC0, 0x00, 0x00, 0x0F, 0xC0, 0x00, 0x00, 0x0F, 0xC0, 0x00, 0x00,
    0x0F, 0xC0, 0x00, 0x00, 0x0A, 0x80, 0x00, 0x00, 0x00, 0x00, 0x00, 0x60, 0x01, 0x80, 0x00, 0x00,
    0x00, 0x00, 0x00, 0x02, 0xF8, 0x0B, 0xF0, 0x00, 0x00, 0x00, 0x00, 0x00, 0x03, 0xFC, 0x0B, 0xF0,
    0x00, 0x00, 0x00, 0x00, 0x00, 0x02, 0xF8, 0x03, 0xE0, 0x00, 0x00, 0x00, 0x00, 0x00, 0x00, 0x00,
    0x00, 0x00, 0x00, 0x00, 0x00, 0x00, 0x00, 0x00, 0x00, 0x00, 0x00, 0x00, 0x00, 0x00, 0x00, 0x00,
    0x00, 0x00, 0x00, 0x00, 0x00, 0x00, 0x00, 0xBF, 0xFF, 0xF8, 0x00, 0x00, 0x0F, 0xFF, 0xFF, 0x00,
    0x07, 0xFF, 0x00, 0x00, 0x00, 0x00, 0xBF, 0xE0, 0x00, 0x02, 0xFD, 0x00, 0x00, 0x00, 0x00, 0x3F,
    0xC0, 0x00, 0x02, 0xFC, 0x00, 0x00, 0x00, 0x00, 0x3F, 0xC0, 0x00, 0x02, 0xFC, 0x00, 0x00, 0x00,
    0x00, 0x3F, 0xC0, 0x00, 0x02, 0xFC, 0x00, 0x00, 0x00, 0x00, 0x3F, 0xC0, 0x00, 0x02, 0xFC, 0x00,
    0x00, 0x00, 0x00, 0x3F, 0xC0, 0x00, 0x02, 0xFC, 0x00, 0x00, 0x00, 0x00, 0x3F, 0xC0, 0x00, 0x02,
    0xFC, 0x00, 0x00, 0x00, 0x00, 0x3F, 0xC0, 0x00, 0x02, 0xFC, 0x00, 0x00, 0x00, 0x00, 0x3F, 0xC0,
    0x00, 0x02, 0xFE, 0xAA, 0x90, 0x00, 0x00, 0x3F, 0xC0, 0x00, 0x02, 0xFF, 0xFF, 0xFF, 0xD0, 0x00,
    0x3F, 0xC0, 0x00, 0x02, 0xFC, 0x00, 0x2F, 0xFC, 0x00, 0x3F, 0xC0, 0x00, 0x02, 0xFC, 0x00, 0x03,
    0xFF, 0x00, 0x3F, 0xC0, 0x00, 0x02, 0xFC, 0x00, 0x00, 0xFF, 0x80, 0x3F, 0xC0, 0x00, 0x02, 0xFC,
    0x00, 0x00, 0xBF, 0xC0, 0x3F, 0xC0, 0x00, 0x02, 0xFC, 0x00, 0x00, 0x3F, 0xC0, 0x3F, 0xC0, 0x00,
    0x02, 0xFC, 0x00, 0x00, 0x3F, 0xC0, 0x3F, 0xC0, 0x00, 0x02, 0xFC, 0x00, 0x00, 0x7F, 0xC0, 0x3F,
    0xC0, 0x00, 0x02, 0xFC, 0x00, 0x00, 0xBF, 0x80, 0x3F, 0xC0, 0x00, 0x02, 0xFC, 0x00, 0x00, 0xFF,
    0x00, 0x3F, 0xC0, 0x00, 0x03, 0xFE, 0x00, 0x0B, 0xFC, 0x00, 0x3F, 0xC0, 0x00, 0x0B, 0xFF, 0xAA,
    0xFF, 0xE0, 0x00, 0xBF, 0xF0, 0x00, 0xBF, 0xFF, 0xFF, 0xFA, 0x00, 0x0F, 0xFF, 0xFF, 0x00, 0x00,
    0x00, 0x00, 0x00, 0x00, 0x00, 0x00, 0x00, 0x02, 0xF0, 0x0B, 0xC0, 0x00, 0x00, 0x00, 0x03, 0xF8,
    0x0F, 0xE0, 0x00, 0x00, 0x00, 0x03, 0xF0, 0x0F, 0xE0, 0x00, 0x00, 0x00, 0x00, 0xA0, 0x02, 0x80,
    0x00, 0x00, 0x00, 0x00, 0x00, 0x00, 0x00, 0x00, 0x00, 0x00, 0x00, 0x00, 0x00, 0x00, 0x00, 0x00,
    0x00, 0x00, 0x00, 0x00, 0x00, 0x00, 0x00, 0x00, 0x00, 0x00, 0x00, 0x00, 0x00, 0x00, 0x2F, 0xF9,
    0x00, 0x00, 0x2F, 0xFD, 0x00, 0x0B, 0xF0, 0x00, 0x00, 0x07, 0xF0, 0x00, 0x03, 0xF0, 0x00, 0x00,
    0x03, 0xF0, 0x00, 0x03, 0xF0, 0x00, 0x00, 0x03, 0xF0, 0x00, 0x03, 0xF0, 0x00, 0x00, 0x03, 0xF0,
    0x00, 0x03, 0xF0, 0x00, 0x00, 0x03, 0xF0, 0x00, 0x03, 0xF0, 0x00, 0x00, 0x03, 0xF0, 0x00, 0x03,
    0xFF, 0xFF, 0x80, 0x03, 0xF0, 0x00, 0x03, 0xF0, 0x1F, 0xF8, 0x03, 0xF0, 0x00, 0x03, 0xF0, 0x02,
    0xFC, 0x03, 0xF0, 0x00, 0x03, 0xF0, 0x00, 0xFE, 0x03, 0xF0, 0x00, 0x03, 0xF0, 0x00, 0xFE, 0x03,
    0xF0, 0x00, 0x03, 0xF0, 0x00, 0xFE, 0x03, 0xF0, 0x00, 0x07, 0xF0, 0x02, 0xFC, 0x03, 0xF0, 0x00,
    0x0B, 0xF4, 0x6F, 0xF4, 0x0B, 0xF0, 0x00, 0xBF, 0xFF, 0xFE, 0x80, 0xBF, 0xFF, 0x00, 0x02, 0xAA,
    0xAA, 0xAA, 0xAA, 0x00, 0x02, 0xFF, 0xEA, 0xAF, 0xFF, 0x00, 0x00, 0x3F, 0xC0, 0x00, 0x3F, 0x00,
    0x00, 0x2F, 0xC0, 0x00, 0x0F, 0x00, 0x00, 0x2F, 0xC0, 0x00, 0x03, 0x00, 0x00, 0x2F, 0xC0, 0x00,
    0x03, 0x00, 0x00, 0x2F, 0xC0, 0x00, 0x01, 0x00, 0x00, 0x2F, 0xC0, 0x00, 0x00, 0x00, 0x00, 0x2F,
    0xC0, 0x00, 0x00, 0x00, 0x00, 0x2F, 0xC0, 0x00, 0x00, 0x00, 0x00, 0x2F, 0xC0, 0x00, 0x00, 0x00,
    0x00, 0x2F, 0xC0, 0x00, 0x00, 0x00, 0x01, 0x7F, 0xE5, 0x55, 0x00, 0x00, 0x03, 0xFF, 0xFF, 0xFF,
    0x80, 0x00, 0x00, 0x2F, 0xC0, 0x00, 0x00, 0x00, 0x00, 0x2F, 0xC0, 0x00, 0x00, 0x00, 0x00, 0x2F,
    0xC0, 0x00, 0x00, 0x00, 0x00, 0x2F, 0xC0, 0x00, 0x00, 0x00, 0x00, 0x2F, 0xC0, 0x00, 0x00, 0x00,
    0x00, 0x2F, 0xC0, 0x00, 0x00, 0x00, 0x00, 0x2F, 0xC0, 0x00, 0x00, 0x00, 0x00, 0x2F, 0xC0, 0x00,
    0x00, 0x00, 0x00, 0x2F, 0xC0, 0x00, 0x00, 0x00, 0x00, 0x3F, 0xC0, 0x00, 0x00, 0x00, 0x00, 0x3F,
    0xC0, 0x00, 0x00, 0x00, 0x00, 0x3F, 0x80, 0x00, 0x00, 0x00, 0x00, 0x3F, 0x00, 0x00, 0x00, 0x00,
    0x00, 0xBE, 0x00, 0x00, 0x00, 0x00, 0x00, 0xFC, 0x00, 0x00, 0x00, 0x00, 0x03, 0xF0, 0x00, 0x00,
    0x00, 0x00, 0x0B, 0xC0, 0x00, 0x00, 0x00, 0x00, 0x3E, 0x00, 0x00, 0x00, 0x00, 0x00, 0xA0, 0x00,
    0x00, 0x00, 0x00, 0x00, 0x00, 0x00, 0x00, 0x00, 0x00, 0x00, 0x00, 0x00, 0x00, 0x00, 0x0B, 0xFF,
    0xBF, 0xFC, 0x00, 0xFE, 0x00, 0xBC, 0x00, 0xFE, 0x00, 0x2C, 0x00, 0xFE, 0x00, 0x0C, 0x00, 0xFE,
    0x00, 0x0C, 0x00, 0xFE, 0x00, 0x00, 0x00, 0xFE, 0x00, 0x00, 0x00, 0xFE, 0x00, 0x00, 0x0F, 0xFF,
    0xFF, 0x80, 0x00, 0xFE, 0x00, 0x00, 0x00, 0xFE, 0x00, 0x00, 0x00, 0xFE, 0x00, 0x00, 0x00, 0xFE,
    0x00, 0x00, 0x00, 0xFE, 0x00, 0x00, 0x00, 0xFE, 0x00, 0x00, 0x00, 0xFE, 0x00, 0x00, 0x00, 0xFD,
    0x00, 0x00, 0x00, 0xFC, 0x00, 0x00, 0x00, 0xFC, 0x00, 0x00, 0x02, 0xF8, 0x00, 0x00, 0x03, 0xF0,
    0x00, 0x00, 0x03, 0xE0, 0x00, 0x00, 0x0F, 0x80, 0x00, 0x00, 0x2E, 0x00, 0x00, 0x00, 0x70, 0x00,
    0x00, 0x00, 0x00, 0x00, 0x00, 0x00, 0x2A, 0xAA, 0xA0, 0x00, 0x2A, 0xAA, 0x00, 0x2F, 0xFF, 0xE0,
    0x00, 0x1F, 0xFE, 0x00, 0x03, 0xFF, 0x00, 0x00, 0x03, 0xE0, 0x00, 0x00, 0xFF, 0x80, 0x00, 0x03,
    0x80, 0x00, 0x00, 0x3F, 0xD0, 0x00, 0x0F, 0x00, 0x00, 0x00, 0x1F, 0xF0, 0x00, 0x2C, 0x00, 0x00,
    0x00, 0x0B, 0xFC, 0x00, 0x38, 0x00, 0x00, 0x00, 0x03, 0xFE, 0x00, 0xF0, 0x00, 0x00, 0x00, 0x00,
    0xFF, 0x81, 0xC0, 0x00, 0x00, 0x00, 0x00, 0x3F, 0xC3, 0x80, 0x00, 0x00, 0x00, 0x00, 0x2F, 0xFF,
    0x00, 0x00, 0x00, 0x00, 0x00, 0x0B, 0xFC, 0x00, 0x00, 0x00, 0x00, 0x00, 0x03, 0xFE, 0x00, 0x00,
    0x00, 0x00, 0x00, 0x07, 0xFF, 0x80, 0x00, 0x00, 0x00, 0x00, 0x0D, 0x3F, 0xC0, 0x00, 0x00, 0x00,
    0x00, 0x38, 0x2F, 0xF0, 0x00, 0x00, 0x00, 0x00, 0xB0, 0x0F, 0xFC, 0x00, 0x00, 0x00, 0x00, 0xE0,
    0x03, 0xFE, 0x00, 0x00, 0x00, 0x03, 0xC0, 0x00, 0xFF, 0x80, 0x00, 0x00, 0x0B, 0x00, 0x00, 0xBF,
    0xC0, 0x00, 0x00, 0x0E, 0x00, 0x00, 0x2F, 0xF0, 0x00, 0x00, 0x3C, 0x00, 0x00, 0x0F, 0xF0, 0x00,
    0x00, 0xB0, 0x00, 0x00, 0x0B, 0xF8, 0x00, 0x02, 0xF0, 0x00, 0x00, 0x03, 0xF8, 0x00, 0x0B, 0xF4,
    0x00, 0x00, 0x03, 0xF8, 0x00, 0x3F, 0xFF, 0x00, 0x00, 0x03, 0xF8, 0x00, 0x00, 0x00, 0x00, 0x00,
    0x07, 0xF0, 0x00, 0x00, 0x00, 0x00, 0x00, 0x0F, 0xE0, 0x00, 0x00, 0x00, 0x00, 0x00, 0x2F, 0x80,
    0x00, 0x00, 0x00, 0x00, 0x00, 0xBE, 0x00, 0x00, 0x00, 0x00, 0x00, 0x02, 0xF0, 0x00, 0x00, 0x00,
    0x00, 0x00, 0x03, 0x00, 0x00, 0x00, 0x00, 0x00, 0x00, 0x00, 0x00, 0x3F, 0xFF, 0x80, 0xBF, 0xF0,
    0x0B, 0xFC, 0x00, 0x0F, 0x40, 0x02, 0xFE, 0x00, 0x2D, 0x00, 0x00, 0xBF, 0x40, 0x38, 0x00, 0x00,
    0x3F, 0xC0, 0xF0, 0x00, 0x00, 0x0F, 0xF2, 0xC0, 0x00, 0x00, 0x03, 0xFF, 0x00, 0x00, 0x00, 0x00,
    0xFF, 0x00, 0x00, 0x00, 0x00, 0xFF, 0x80, 0x00, 0x00, 0x03, 0xEF, 0xE0, 0x00, 0x00, 0x0B, 0x0F,
    0xF0, 0x00, 0x00, 0x0D, 0x03, 0xFC, 0x00, 0x00, 0x38, 0x00, 0xFF, 0x00, 0x00, 0xF0, 0x00, 0x3F,
    0x80, 0x02, 0xD0, 0x00, 0x2F, 0xC0, 0x0B, 0xE0, 0x00, 0x0F, 0xC0, 0x3F, 0xFC, 0x00, 0x0F, 0xD0,
    0x00, 0x00, 0x00, 0x0F, 0xC0, 0x00, 0x00, 0x00, 0x0F, 0xC0, 0x00, 0x00, 0x00, 0x2F, 0x00, 0x00,
    0x00, 0x00, 0x3E, 0x00, 0x00, 0x00, 0x00, 0xF0, 0x00, 0x00, 0x00, 0x03, 0x80, 0x00, 0x00, 0x00,
    0x00, 0x00, 0x00, 0x0A, 0xA0, 0x00, 0x00, 0x02, 0xA8, 0x0F, 0xF4, 0x00, 0x00, 0x0B, 0xFC, 0x07,
    0xFC, 0x00, 0x00, 0x0F, 0xF0, 0x02, 0xFE, 0x00, 0x00, 0x3F, 0xE0, 0x00, 0xFF, 0x40, 0x00, 0xBF,
    0xC0, 0x00, 0x3F, 0xC0, 0x00, 0xFF, 0x00, 0x00, 0x2F, 0xF0, 0x03, 0xFE, 0x00, 0x00, 0x0F, 0xF8,
    0x0B, 0xF8, 0x00, 0x00, 0x03, 0xFC, 0x0F, 0xF0, 0x00, 0x00, 0x02, 0xFF, 0x3F, 0xC0, 0x00, 0x00,
    0x00, 0xFF, 0xFF, 0x80, 0x00, 0x01, 0x55, 0xBF, 0xFF, 0x95, 0x50, 0x03, 0xFF, 0xFF, 0xFF, 0xFF,
    0xF0, 0x03, 0xFF, 0xFF, 0xFF, 0xFF, 0xF0, 0x03, 0xFF, 0xFF, 0xFF, 0xFF, 0xF0, 0x00, 0x00, 0xBF,
    0xFF, 0x00, 0x00, 0x00, 0x00, 0xFF, 0xFF, 0xC0, 0x00, 0x00, 0x03, 0xFE, 0x3F, 0xE0, 0x00, 0x00,
    0x0B, 0xFC, 0x0F, 0xF0, 0x00, 0x00, 0x0F, 0xF0, 0x0B, 0xFC, 0x00, 0x00, 0x3F, 0xE0, 0x03, 0xFE,
    0x00, 0x00, 0xBF, 0xC0, 0x00, 0xFF, 0x00, 0x00, 0xFF, 0x00, 0x00, 0xBF, 0xC0, 0x03, 0xFE, 0x00,
    0x00, 0x3F, 0xE0, 0x0B, 0xFC, 0x00, 0x00, 0x0F, 0xF0, 0x1F, 0xF0, 0x00, 0x00, 0x0B, 0xFC, 0x3F,
    0xE0, 0x00, 0x00, 0x03, 0xFE, 0x00, 0x00, 0x00, 0x00, 0x00, 0x3F, 0xC0, 0x00, 0x2F, 0xC0, 0x0F,
    0xF0, 0x00, 0xBF, 0x00, 0x07, 0xF8, 0x00, 0xFE, 0x00, 0x02, 0xFC, 0x03, 0xFC, 0x00, 0x00, 0xFF,
    0x0B, 0xF0, 0x00, 0x00, 0x3F, 0x8F, 0xE0, 0x00, 0x00, 0x2F, 0xFF, 0xC0, 0x00, 0x02, 0xAF, 0xFF,
    0xA8, 0x00, 0x0B, 0xFF, 0xFF, 0xFE, 0x00, 0x0B, 0xFF, 0xFF, 0xFE, 0x00, 0x0B, 0xFF, 0xFF, 0xFE,
    0x00, 0x00, 0x2F, 0xFF, 0x80, 0x00, 0x00, 0x3F, 0xAF, 0xC0, 0x00, 0x00, 0xFF, 0x0F, 0xF0, 0x00,
    0x02, 0xFC, 0x03, 0xF8, 0x00, 0x03, 0xF8, 0x02, 0xFC, 0x00, 0x0F, 0xF0, 0x00, 0xFF, 0x00, 0x2F,
    0xC0, 0x00, 0x3F, 0x80, 0x3F, 0x80, 0x00, 0x2F, 0xC0, 0x2A, 0xAA, 0xAA, 0xA8, 0xBF, 0xFF, 0xFF,
    0xFC, 0xBF, 0xFF, 0xFF, 0xFC, 0x2A, 0xAA, 0xAA, 0xA4, 0x2A, 0xAA, 0xAA, 0xAA, 0xAA, 0xAA, 0xA0,
    0xBF, 0xFF, 0xFF, 0xFF, 0xFF, 0xFF, 0xF4, 0xBF, 0xFF, 0xFF, 0xFF, 0xFF, 0xFF, 0xF4, 0x2A, 0xAA,
    0xAA, 0xAA, 0xAA, 0xAA, 0xA0, 0x00, 0x00, 0x03, 0xC0, 0x0B, 0xC0, 0x0F, 0x40, 0x0F, 0x00, 0x2F,
    0x80, 0x3F, 0xD0, 0x3F, 0xE0, 0x3F, 0xD0, 0x0B, 0x80, 0x0A, 0x00, 0x3F, 0xC0, 0x3F, 0xE0, 0x3F,
    0xE0, 0x1F, 0xC0, 0x0B, 0xC0, 0x0F, 0x40, 0x0F, 0x00, 0x2E, 0x00, 0x28, 0x00, 0x01, 0x00, 0x2F,
    0xC0, 0x3F, 0xE0, 0x3F, 0xE0, 0x2F, 0xC0, 0x0B, 0xC0, 0x0F, 0x80, 0x0F, 0x00, 0x2E, 0x00, 0x28,
    0x00, 0x00, 0x00, 0x00, 0x03, 0xC0, 0x3C, 0x0B, 0xC0, 0xB8, 0x0F, 0x40, 0xF0, 0x0F, 0x01, 0xF0,
    0x2F, 0x83, 0xF8, 0x3F, 0xD3, 0xFC, 0x3F, 0xE3, 0xFE, 0x3F, 0xD3, 0xFC, 0x0F, 0x80, 0xF8, 0x0A,
    0x00, 0xA0, 0x3F, 0xC3, 0xFC, 0x3F, 0xE3, 0xFE, 0x3F, 0xE3, 0xFC, 0x1F, 0xC2, 0xFC, 0x0B, 0xC0,
    0xB8, 0x0F, 0x40, 0xF0, 0x0F, 0x01, 0xF0, 0x2E, 0x03, 0xE0, 0x28, 0x02, 0x80, 0x01, 0x00, 0x10,
    0x2F, 0xC3, 0xFC, 0x3F, 0xE3, 0xFE, 0x3F, 0xE3, 0xFD, 0x2F, 0xC3, 0xFC, 0x0B, 0xC0, 0xB8, 0x0F,
    0x80, 0xF4, 0x0F, 0x00, 0xF0, 0x2E, 0x02, 0xE0, 0x28, 0x02, 0x80, 0x00, 0x00, 0x00, 0x00, 0x00,
    0x00, 0x03, 0xF0, 0x00, 0x00, 0x00, 0x03, 0xF0, 0x00, 0x00, 0x00, 0x03, 0xF0, 0x00, 0x00, 0x00,
    0x03, 0xF0, 0x00, 0x00, 0x00, 0x03, 0xF0, 0x00, 0x00, 0x00, 0x03, 0xF0, 0x00, 0x00, 0xBF, 0xFF,
    0xFF, 0xFF, 0xC0, 0xBF, 0xFF, 0xFF, 0xFF, 0xC0, 0xBF, 0xFF, 0xFF, 0xFF, 0xC0, 0x00, 0x03, 0xF0,
    0x00, 0x00, 0x00, 0x03, 0xF0, 0x00, 0x00, 0x00, 0x03, 0xF0, 0x00, 0x00, 0x00, 0x03, 0xF0, 0x00,
    0x00, 0x00, 0x03, 0xF0, 0x00, 0x00, 0x00, 0x03, 0xF0, 0x00, 0x00, 0x00, 0x03, 0xF0, 0x00, 0x00,
    0x00, 0x03, 0xF0, 0x00, 0x00, 0x00, 0x03, 0xF0, 0x00, 0x00, 0x00, 0x03, 0xF0, 0x00, 0x00, 0x00,
    0x03, 0xF0, 0x00, 0x00, 0x00, 0x03, 0xF0, 0x00, 0x00, 0x00, 0x03, 0xF0, 0x00, 0x00, 0x00, 0x03,
    0xF0, 0x00, 0x00, 0x00, 0x03, 0xF0, 0x00, 0x00, 0x00, 0x00, 0x00, 0x00, 0x00, 0x00, 0x03, 0xF0,
    0x00, 0x00, 0x00, 0x03, 0xF0, 0x00, 0x00, 0x00, 0x03, 0xF0, 0x00, 0x00, 0x00, 0x03, 0xF0, 0x00,
    0x00, 0x00, 0x03, 0xF0, 0x00, 0x00, 0x00, 0x03, 0xF0, 0x00, 0x00, 0xBF, 0xFF, 0xFF, 0xFF, 0xC0,
    0xBF, 0xFF, 0xFF, 0xFF, 0xC0, 0xBF, 0xFF, 0xFF, 0xFF, 0xC0, 0x00, 0x03, 0xF0, 0x00, 0x00, 0x00,
    0x03, 0xF0, 0x00, 0x00, 0x00, 0x03, 0xF0, 0x00, 0x00, 0x00, 0x03, 0xF0, 0x00, 0x00, 0x00, 0x03,
    0xF0, 0x00, 0x00, 0x00, 0x03, 0xF8, 0x00, 0x00, 0xBF, 0xFF, 0xFF, 0xFF, 0xC0, 0xBF, 0xFF, 0xFF,
    0xFF, 0xC0, 0xAA, 0xAB, 0xFE, 0xAA, 0x80, 0x00, 0x03, 0xF0, 0x00, 0x00, 0x00, 0x03, 0xF0, 0x00,
    0x00, 0x00, 0x03, 0xF0, 0x00, 0x00, 0x00, 0x03, 0xF0, 0x00, 0x00, 0x00, 0x03, 0xF0, 0x00, 0x00,
    0x00, 0x03, 0xF0, 0x00, 0x00, 0x00, 0x00, 0x00, 0x00, 0x00, 0xFF, 0xF0, 0x00, 0x0B, 0xFF, 0xFC,
    0x00, 0x0F, 0xFF, 0xFF, 0x00, 0x3F, 0xFF, 0xFF, 0x80, 0x3F, 0xFF, 0xFF, 0xC0, 0x3F, 0xFF, 0xFF,
    0xC0, 0x3F, 0xFF, 0xFF, 0xC0, 0x3F, 0xFF, 0xFF, 0x80, 0x2F, 0xFF, 0xFF, 0x00, 0x0F, 0xFF, 0xFE,
    0x00, 0x02, 0xFF, 0xF8, 0x00, 0x00, 0x2A, 0x80, 0x00, 0x01, 0x00, 0x02, 0x00, 0x00, 0x00, 0x2F,
    0xC0, 0x1F, 0xE0, 0x0F, 0xE0, 0x3F, 0xE0, 0x3F, 0xF0, 0x2F, 0xF0, 0x3F, 0xE0, 0x3F, 0xF0, 0x2F,
    0xF0, 0x2F, 0xC0, 0x0F, 0xD0, 0x0F, 0xE0, 0x00, 0x00, 0x00, 0x00, 0x00, 0x00, 0x00, 0x2A, 0x80,
    0x00, 0x00, 0x00, 0x00, 0x00, 0x00, 0x00, 0x00, 0x00, 0x03, 0xFF, 0xF8, 0x00, 0x00, 0x0F, 0xD0,
    0x00, 0x00, 0x00, 0x00, 0x00, 0x0F, 0xFF, 0xFF, 0x00, 0x00, 0x3F, 0x80, 0x00, 0x00, 0x00, 0x00,
    0x00, 0x3F, 0xE0, 0xBF, 0x80, 0x00, 0xBF, 0x00, 0x00, 0x00, 0x00, 0x00, 0x00, 0x3F, 0x00, 0x1F,
    0xC0, 0x00, 0xFC, 0x00, 0x00, 0x00, 0x00, 0x00, 0x00, 0xBE, 0x00, 0x0B, 0xC0, 0x03, 0xF8, 0x00,
    0x00, 0x00, 0x00, 0x00, 0x00, 0xBC, 0x00, 0x07, 0xE0, 0x0B, 0xF0, 0x00, 0x00, 0x00, 0x00, 0x00,
    0x00, 0xBC, 0x00, 0x0B, 0xE0, 0x0F, 0xC0, 0x00, 0x00, 0x00, 0x00, 0x00, 0x00, 0xBE, 0x00, 0x0F,
    0xC0, 0x3F, 0x80, 0x00, 0x00, 0x00, 0x00, 0x00, 0x00, 0x3F, 0x00, 0x2F, 0xC0, 0xBF, 0x00, 0x00,
    0x00, 0x00, 0x00, 0x00, 0x00, 0x2F, 0xEA, 0xFF, 0x81, 0xFC, 0x00, 0x00, 0x00, 0x00, 0x00, 0x00,
    0x00, 0x0F, 0xFF, 0xFE, 0x03, 0xF4, 0x00, 0x00, 0x00, 0x00, 0x00, 0x00, 0x00, 0x02, 0xFF, 0xF8,
    0x0F, 0xE0, 0x0A, 0xE8, 0x00, 0x00, 0x6F, 0x80, 0x00, 0x00, 0x1A, 0x00, 0x2F, 0xC0, 0xBF, 0xFF,
    0x80, 0x03, 0xFF, 0xFC, 0x00, 0x00, 0x00, 0x00, 0x3F, 0x02, 0xFF, 0xFF, 0xE0, 0x0F, 0xFF, 0xFF,
    0x00, 0x00, 0x00, 0x00, 0xFE, 0x03, 0xF8, 0x0B, 0xF0, 0x3F, 0xC0, 0x7F, 0x80, 0x00, 0x00, 0x02,
    0xFC, 0x0F, 0xE0, 0x02, 0xF8, 0x3F, 0x00, 0x0F, 0xC0, 0x00, 0x00, 0x03, 0xF0, 0x0F, 0xC0, 0x00,
    0xFC, 0xBD, 0x00, 0x0B, 0xD0, 0x00, 0x00, 0x0F, 0xE0, 0x0F, 0xC0, 0x00, 0xFC, 0xBC, 0x00, 0x07,
    0xE0, 0x00, 0x00, 0x2F, 0xC0, 0x0F, 0xC0, 0x00, 0xFC, 0xBC, 0x00, 0x0B, 0xE0, 0x00, 0x00, 0x7F,
    0x00, 0x0F, 0xC0, 0x00, 0xFC, 0xBE, 0x00, 0x0F, 0xC0, 0x00, 0x00, 0xFD, 0x00, 0x0B, 0xF0, 0x03,
    0xF8, 0x3F, 0x80, 0x2F, 0xC0, 0x00, 0x03, 0xF8, 0x00, 0x03, 0xFE, 0xAF, 0xF0, 0x2F, 0xFA, 0xFF,
    0x40, 0x00, 0x0B, 0xF0, 0x00, 0x00, 0xFF, 0xFF, 0xC0, 0x0B, 0xFF, 0xFE, 0x00, 0x00, 0x0F, 0xC0,
    0x00, 0x00, 0x2F, 0xFE, 0x00, 0x02, 0xFF, 0xF0, 0x00, 0x00, 0x00, 0x00, 0x00, 0x00, 0x00, 0x00,
    0x00, 0x00, 0x00, 0x00, 0x00, 0x00, 0x0F, 0xE0, 0x00, 0x3F, 0xC0, 0x00, 0xBF, 0x40, 0x00, 0xFE,
    0x00, 0x03, 0xFC, 0x00, 0x0B, 0xF0, 0x00, 0x0F, 0xE0, 0x00, 0x3F, 0xC0, 0x00, 0x3F, 0xC0, 0x00,
    0x0F, 0xF0, 0x00, 0x07, 0xF8, 0x00, 0x02, 0xFC, 0x00, 0x00, 0xFF, 0x00, 0x00, 0x3F, 0x80, 0x00,
    0x2F, 0xC0, 0x00, 0x0A, 0x90, 0x3F, 0x80, 0x00, 0x1F, 0xE0, 0x00, 0x0B, 0xF0, 0x00, 0x03, 0xFC,
    0x00, 0x00, 0xFE, 0x00, 0x00, 0xBF, 0x00, 0x00, 0x3F, 0xC0, 0x00, 0x0F, 0xE0, 0x00, 0x0F, 0xE0,
    0x00, 0x3F, 0xC0, 0x00, 0xFF, 0x00, 0x02, 0xFD, 0x00, 0x03, 0xF8, 0x00, 0x0F, 0xF0, 0x00, 0x2F,
    0xC0, 0x00, 0x2A, 0x40, 0x00, 0x00, 0x00, 0x00, 0x00, 0x00, 0x00, 0x00, 0x00, 0x00, 0x00, 0x3F,
    0x00, 0x00, 0x00, 0x00, 0x00, 0xFE, 0x00, 0x00, 0x00, 0x00, 0x02, 0xFC, 0x00, 0x00, 0x00, 0x00,
    0x07, 0xF0, 0x00, 0x00, 0x00, 0x00, 0x0F, 0xE0, 0x00, 0x00, 0x00, 0x00, 0x3F, 0x80, 0x00, 0x00,
    0x00, 0x00, 0xBF, 0x00, 0x00, 0x00, 0x00, 0x00, 0xFC, 0x00, 0x00, 0x00, 0x00, 0x03, 0xF8, 0x00,
    0x00, 0x00, 0x00, 0x0B, 0xF0, 0x00, 0x00, 0x00, 0x00, 0x0F, 0xC0, 0x00, 0x00, 0x00, 0x00, 0x3F,
    0x80, 0x00, 0x00, 0x00, 0x00, 0xBF, 0x00, 0x00, 0x00, 0x00, 0x01, 0xFC, 0x00, 0x00, 0x00, 0x00,
    0x03, 0xF4, 0x00, 0x00, 0x00, 0x00, 0x0F, 0xE0, 0x00, 0x00, 0x00, 0x00, 0x2F, 0xC0, 0x00, 0x00,
    0x00, 0x00, 0x3F, 0x00, 0x00, 0x00, 0x00, 0x00, 0xFE, 0x00, 0x00, 0x00, 0x00, 0x02, 0xFC, 0x00,
    0x00, 0x00, 0x00, 0x03, 0xF0, 0x00, 0x00, 0x00, 0x00, 0x0F, 0xE0, 0x00, 0x00, 0x00, 0x00, 0x2F,
    0xC0, 0x00, 0x00, 0x00, 0x00, 0x3F, 0x00, 0x00, 0x00, 0x00, 0x00, 0x00, 0x00, 0x00, 0x00, 0x00,
    0x0B, 0xE0, 0x00, 0x00, 0x1F, 0xE0, 0x00, 0x00, 0x3F, 0xE0, 0x00, 0x00, 0xFF, 0xE0, 0x00, 0x02,
    0xF3, 0xE0, 0x00, 0x0B, 0xC3, 0xE0, 0x00, 0x0F, 0x83, 0xE0, 0x00, 0x3F, 0x03, 0xE0, 0x00, 0xBF,
    0xFF, 0xFF, 0x00, 0xBF, 0xFF, 0xFF, 0x00, 0x00, 0x03, 0xF0, 0x00, 0x00, 0x03, 0xE0, 0x00, 0x00,
    0x03, 0xE0, 0x00, 0x00, 0x01, 0x80, 0x00, 0x00, 0x00, 0x02, 0xAA, 0x40, 0x00, 0x00, 0x00, 0x3F,
    0xFF, 0xF8, 0x00, 0x00, 0x02, 0xFF, 0xFF, 0xFF, 0x00, 0x00, 0x0B, 0xFF, 0x96, 0xFF, 0xC0, 0x00,
    0x0F, 0xF4, 0x00, 0x2F, 0xE0, 0x00, 0x3F, 0xC0, 0x00, 0x0B, 0xF0, 0x00, 0x7F, 0x80, 0x00, 0x03,
    0x80, 0x00, 0xFF, 0x00, 0x00, 0x00, 0x00, 0x00, 0xFE, 0x00, 0x00, 0x00, 0x00, 0x2A, 0xFF, 0xAA,
    0xAA, 0x00, 0x00, 0x3F, 0xFF, 0xFF, 0xFE, 0x00, 0x00, 0x02, 0xFC, 0x00, 0x00, 0x00, 0x00, 0x02,
    0xFC, 0x00, 0x00, 0x00, 0x00, 0x02, 0xFC, 0x00, 0x00, 0x00, 0x00, 0x2B, 0xFE, 0xAA, 0x80, 0x00,
    0x00, 0x3F, 0xFF, 0xFF, 0xC0, 0x00, 0x00, 0x02, 0xFE, 0x00, 0x00, 0x00, 0x00, 0x00, 0xFE, 0x00,
    0x00, 0x00, 0x00, 0x00, 0xBF, 0x00, 0x00, 0x00, 0x00, 0x00, 0x3F, 0x80, 0x00, 0x03, 0xE0, 0x00,
    0x3F, 0xE0, 0x00, 0x0B, 0xF0, 0x00, 0x0F, 0xF8, 0x00, 0x3F, 0xE0, 0x00, 0x03, 0xFF, 0xEB, 0xFF,
    0xC0, 0x00, 0x00, 0xFF, 0xFF, 0xFE, 0x00, 0x00, 0x00, 0x2F, 0xFF, 0xE0, 0x00, 0x00, 0x00, 0x00,
    0x00, 0x00, 0x00, 0x00, 0xAA, 0x40, 0x00, 0x00, 0x00, 0xFF, 0xFE, 0x00, 0x00, 0x00, 0xFF, 0xFF,
    0xE0, 0x00, 0x00, 0x6A, 0xBF, 0xF8, 0x00, 0x00, 0x00, 0x07, 0xFE, 0x00, 0x00, 0x00, 0x00, 0xFF,
    0x00, 0x00, 0x00, 0x00, 0x3F, 0x80, 0x00, 0x2F, 0xFF, 0xEF, 0xC0, 0x00, 0xFF, 0xFF, 0xFF, 0xD0,
    0x03, 0xFF, 0xAB, 0xFF, 0xE0, 0x0F, 0xF8, 0x00, 0xBF, 0xF0, 0x0F, 0xE0, 0x00, 0x2F, 0xF0, 0x2F,
    0xC0, 0x00, 0x0F, 0xF0, 0x3F, 0x80, 0x00, 0x0B, 0xF0, 0x3F, 0x00, 0x00, 0x0B, 0xF0, 0x3F, 0x00,
    0x00, 0x03, 0xF0, 0x3F, 0x00, 0x00, 0x03, 0xF0, 0x3F, 0x00, 0x00, 0x0B, 0xF0, 0x3F, 0x80, 0x00,
    0x0B, 0xF0, 0x2F, 0xC0, 0x00, 0x0F, 0xE0, 0x0F, 0xE0, 0x00, 0x2F, 0xC0, 0x0F, 0xF8, 0x00, 0xBF,
    0x80, 0x03, 0xFF, 0xAB, 0xFF, 0x00, 0x00, 0xFF, 0xFF, 0xFC, 0x00, 0x00, 0x2F, 0xFF, 0xE0, 0x00,
    0x00, 0x00, 0x00, 0x00, 0x00, 0x00, 0x00, 0x00, 0x00, 0x00, 0x3F, 0xFF, 0xFF, 0xFF, 0xF0, 0x3F,
    0xFF, 0xFF, 0xFF, 0xF0, 0x3F, 0xFF, 0xFF, 0xFF, 0xF0, 0x3F, 0x00, 0x00, 0x03, 0xF0, 0x3F, 0x00,
    0x00, 0x03, 0xF0, 0x3F, 0x00, 0x00, 0x03, 0xF0, 0x3F, 0x00, 0x00, 0x03, 0xF0, 0x3F, 0x00, 0x00,
    0x03, 0xF0, 0x3F, 0x00, 0x00, 0x03, 0xF0, 0x3F, 0x00, 0x00, 0x03, 0xF0, 0x3F, 0x00, 0x00, 0x03,
    0xF0, 0x3F, 0x00, 0x00, 0x03, 0xF0, 0x3F, 0x00, 0x00, 0x03, 0xF0, 0x3F, 0x00, 0x00, 0x03, 0xF0,
    0x3F, 0x00, 0x00, 0x03, 0xF0, 0x3F, 0x00, 0x00, 0x03, 0xF0, 0x3F, 0x00, 0x00, 0x03, 0xF0, 0x3F,
    0x00, 0x00, 0x03, 0xF0, 0x3F, 0x00, 0x00, 0x03, 0xF0, 0x3F, 0x00, 0x00, 0x03, 0xF0, 0x3F, 0x00,
    0x00, 0x03, 0xF0, 0x3F, 0x00, 0x00, 0x03, 0xF0, 0x3F, 0x00, 0x00, 0x03, 0xF0, 0x3F, 0x00, 0x00,
    0x03, 0xF0, 0x3F, 0x00, 0x00, 0x03, 0xF0, 0x3F, 0x00, 0x00, 0x03, 0xF0, 0x3F, 0x00, 0x00, 0x03,
    0xF0, 0x3F, 0x00, 0x00, 0x03, 0xF0, 0x3F, 0x00, 0x00, 0x03, 0xF0, 0x2A, 0x00, 0x00, 0x02, 0xA0,
    0x00, 0x00, 0x00, 0x00, 0x00, 0x3F, 0xFF, 0xFF, 0xFF, 0xF0, 0x3F, 0xFF, 0xFF, 0xFF, 0xF0, 0x3F,
    0xFF, 0xFF, 0xFF, 0xF0, 0x2F, 0xC0, 0x00, 0x00, 0x00, 0x0F, 0xF0, 0x00, 0x00, 0x00, 0x03, 0xFC,
    0x00, 0x00, 0x00, 0x02, 0xFE, 0x00, 0x00, 0x00, 0x00, 0xBF, 0x00, 0x00, 0x00, 0x00, 0x3F, 0xC0,
    0x00, 0x00, 0x00, 0x0F, 0xE0, 0x00, 0x00, 0x00, 0x0B, 0xF8, 0x00, 0x00, 0x00, 0x03, 0xFC, 0x00,
    0x00, 0x00, 0x00, 0xFF, 0x00, 0x00, 0x00, 0x00, 0x3F, 0x80, 0x00, 0x00, 0x00, 0x2F, 0xC0, 0x00,
    0x00, 0x00, 0x3F, 0xC0, 0x00, 0x00, 0x00, 0xBF, 0x00, 0x00, 0x00, 0x02, 0xFE, 0x00, 0x00, 0x00,
    0x03, 0xF8, 0x00, 0x00, 0x00, 0x0F, 0xF0, 0x00, 0x00, 0x00, 0x2F, 0xC0, 0x00, 0x00, 0x00, 0x7F,
    0x80, 0x00, 0x00, 0x00, 0xFF, 0x00, 0x00, 0x00, 0x03, 0xFC, 0x00, 0x00, 0x00, 0x0B, 0xF0, 0x00,
    0x00, 0x00, 0x0F, 0xE0, 0x00, 0x00, 0x00, 0x3F, 0xD0, 0x00, 0x00, 0x00, 0x3F, 0xFF, 0xFF, 0xFF,
    0xF0, 0x3F, 0xFF, 0xFF, 0xFF, 0xF0, 0x2A, 0xAA, 0xAA, 0xAA, 0xA0, 0x2A, 0xAA, 0xAA, 0xAA, 0xA8,
    0x3F, 0xFF, 0xFF, 0xFF, 0xFC, 0x3F, 0xFF, 0xFF, 0xFF, 0xFC, 0x15, 0x55, 0x55, 0x55, 0x50, 0x00,
    0x00, 0x00, 0x00, 0x00, 0x00, 0x00, 0x00, 0x00, 0x00, 0x3F, 0x80, 0x00, 0x00, 0x00, 0x00, 0xFF,
    0x00, 0x00, 0x00, 0x00, 0x02, 0xFC, 0x00, 0x00, 0x00, 0x00, 0x07, 0xF8, 0x00, 0x00, 0x00, 0x00,
    0x0F, 0xF0, 0x00, 0x00, 0x00, 0x00, 0x3F, 0xC0, 0x00, 0x00, 0x00, 0x00, 0xBF, 0x80, 0x00, 0x00,
    0x00, 0x00, 0xFE, 0x00, 0x00, 0x00, 0x00, 0x03, 0xFC, 0x00, 0x00, 0x00, 0x00, 0x0B, 0xF0, 0x00,
    0x00, 0x00, 0x00, 0x0F, 0xE0, 0x00, 0x00, 0x00, 0x00, 0x3F, 0xC0, 0x00, 0x00, 0x00, 0x00, 0xBF,
    0x00, 0x00, 0x00, 0x00, 0x01, 0xFE, 0x00, 0x00, 0x00, 0x00, 0x03, 0xFC, 0x00, 0x00, 0x00, 0x00,
    0x0F, 0xF0, 0x00, 0x00, 0x00, 0x00, 0x2F, 0xE0, 0x00, 0x00, 0x00, 0x00, 0x3F, 0x80, 0x00, 0x00,
    0x00, 0x00, 0xFF, 0x00, 0x00, 0x00, 0x00, 0x02, 0xFC, 0x00, 0x00, 0x00, 0x00, 0x03, 0xF8, 0x00,
    0x00, 0x00, 0x00, 0x0F, 0xF0, 0x00, 0x00, 0x00, 0x00, 0x2F, 0xC0, 0x00, 0x00, 0x00, 0x00, 0x3F,
    0x80, 0x00, 0x00, 0x00, 0x00, 0x0A, 0x40, 0x3F, 0xC0, 0x3F, 0xE0, 0x3F, 0xE0, 0x0F, 0x80, 0x00,
    0x00, 0x00, 0x00, 0x00, 0x00, 0x00, 0x00, 0x00, 0x00, 0x03, 0xF0, 0x00, 0x00, 0x00, 0x0B, 0xF0,
    0x00, 0x00, 0x00, 0x0B, 0xE0, 0x00, 0x00, 0x00, 0x0F, 0xE0, 0x00, 0x00, 0x00, 0x0F, 0xC0, 0x00,
    0x00, 0x00, 0x0F, 0xC0, 0x00, 0x00, 0x00, 0x1F, 0xC0, 0x00, 0x00, 0x00, 0x2F, 0x80, 0x00, 0x00,
    0x00, 0x2F, 0x80, 0x00, 0x00, 0x00, 0x3F, 0x40, 0x00, 0x00, 0x00, 0x3F, 0x00, 0x00, 0x00, 0x00,
    0x3F, 0x00, 0x00, 0x00, 0x00, 0xBF, 0x00, 0x00, 0x00, 0x00, 0xBE, 0x00, 0x00, 0x00, 0x00, 0xFE,
    0x00, 0x00, 0x00, 0x00, 0xFC, 0x00, 0x3F, 0xFC, 0x00, 0xFC, 0x00, 0x3F, 0xFE, 0x00, 0xFC, 0x00,
    0x2A, 0xFF, 0x02, 0xF8, 0x00, 0x00, 0x3F, 0x02, 0xF8, 0x00, 0x00, 0x2F, 0x83, 0xF4, 0x00, 0x00,
    0x0F, 0xC3, 0xF0, 0x00, 0x00, 0x0F, 0xE3, 0xF0, 0x00, 0x00, 0x0B, 0xF7, 0xF0, 0x00, 0x00, 0x03,
    0xFF, 0xE0, 0x00, 0x00, 0x02, 0xFF, 0xE0, 0x00, 0x00, 0x00, 0xFF, 0xC0, 0x00, 0x00, 0x00, 0xFF,
    0xC0, 0x00, 0x00, 0x00, 0xBF, 0xC0, 0x00, 0x00, 0x00, 0x2A, 0x80, 0x00, 0x00, 0xAF, 0x80, 0x00,
    0x6F, 0x90, 0x00, 0x03, 0xFF, 0xFC, 0x03, 0xFF, 0xFC, 0x00, 0x0F, 0xFF, 0xFF, 0x0F, 0xFF, 0xFF,
    0x00, 0x2F, 0xD0, 0xBF, 0xFF, 0xD0, 0xBF, 0x80, 0x3F, 0x00, 0x0F, 0xFF, 0x00, 0x2F, 0xC0, 0x3F,
    0x00, 0x03, 0xFC, 0x00, 0x0F, 0xC0, 0x3F, 0x00, 0x0F, 0xFE, 0x00, 0x0F, 0xC0, 0x3F, 0xC0, 0x3F,
    0xFF, 0x80, 0x3F, 0x80, 0x2F, 0xFF, 0xFF, 0x1F, 0xFF, 0xFF, 0x00, 0x0B, 0xFF, 0xFC, 0x03, 0xFF,
    0xFE, 0x00, 0x00, 0xFF, 0xE0, 0x00, 0xBF, 0xF0, 0x00, 0x00, 0x00, 0x00, 0x00, 0x00, 0x00, 0x00,
    0x00, 0x00, 0x2A, 0x00, 0x00, 0x02, 0xFF, 0xD0, 0x00, 0x03, 0xEF, 0xE0, 0x00, 0x0F, 0xCF, 0xD0,
    0x00, 0x0F, 0xC1, 0x00, 0x00, 0x0F, 0xC0, 0x00, 0x00, 0x0F, 0xC0, 0x00, 0x00, 0x1F, 0xC0, 0x00,
    0x00, 0x2F, 0xC0, 0x00, 0x00, 0x2F, 0xC0, 0x00, 0x00, 0x1F, 0xC0, 0x00, 0x00, 0x1F, 0xC0, 0x00,
    0x00, 0x1F, 0xC0, 0x00, 0x00, 0x1F, 0xC0, 0x00, 0x00, 0x1F, 0xC0, 0x00, 0x00, 0x0F, 0xC0, 0x00,
    0x00, 0x0F, 0xC0, 0x00, 0x00, 0x0F, 0xC0, 0x00, 0x00, 0x0F, 0xC0, 0x00, 0x00, 0x0F, 0xC0, 0x00,
    0x00, 0x0F, 0xC0, 0x00, 0x00, 0x0F, 0xC0, 0x00, 0x00, 0x0F, 0xC0, 0x00, 0x00, 0x0F, 0xC0, 0x00,
    0x00, 0x0F, 0xC0, 0x00, 0x00, 0x0F, 0xC0, 0x00, 0x00, 0x0F, 0x80, 0x00, 0x2F, 0x1F, 0x40, 0x00,
    0x3F, 0xAF, 0x00, 0x00, 0x3F, 0xFE, 0x00, 0x00, 0x2F, 0xF8, 0x00, 0x00, 0x00, 0x00, 0x00, 0x00,
    0x00, 0x00, 0x00, 0x00, 0x00, 0x02, 0xFF, 0x80, 0x03, 0x80, 0x0F, 0xFF, 0xFE, 0x0B, 0xF0, 0x2F,
    0xFF, 0xFF, 0xFF, 0xE0, 0x3F, 0x00, 0xBF, 0xFF, 0x80, 0x02, 0x00, 0x02, 0xA8, 0x00, 0x00, 0x00,
    0x00, 0x00, 0x00, 0x00, 0x00, 0x00, 0x00, 0x00, 0x03, 0xFF, 0xE0, 0x03, 0xE0, 0x0F, 0xFF, 0xFE,
    0xAF, 0xF0, 0x3F, 0xEB, 0xFF, 0xFF, 0xC0, 0x2F, 0x00, 0x2F, 0xFF, 0x00, 0x00, 0x00, 0x00, 0x50,
    0x00, 0x00, 0x00, 0x00, 0x00, 0x00, 0x00, 0x00, 0x00, 0x0F, 0xE0, 0x00, 0x00, 0x00, 0x3F, 0xC0,
    0x00, 0x00, 0x00, 0xBF, 0x00, 0x00, 0x00, 0x01, 0xFE, 0x00, 0x3F, 0xFF, 0xFF, 0xFF, 0xFC, 0x3F,
    0xFF, 0xFF, 0xFF, 0xFC, 0x3F, 0xFF, 0xFF, 0xFF, 0xFC, 0x00, 0x00, 0x3F, 0xC0, 0x00, 0x00, 0x00,
    0xFF, 0x00, 0x00, 0x00, 0x02, 0xFD, 0x00, 0x00, 0x2A, 0xAB, 0xFE, 0xAA, 0xA4, 0x3F, 0xFF, 0xFF,
    0xFF, 0xFC, 0x3F, 0xFF, 0xFF, 0xFF, 0xFC, 0x2A, 0xFF, 0xAA, 0xAA, 0xA8, 0x00, 0xFF, 0x00, 0x00,
    0x00, 0x02, 0xFC, 0x00, 0x00, 0x00, 0x0B, 0xF8, 0x00, 0x00, 0x00, 0x0F, 0xF0, 0x00, 0x00, 0x00,
    0x00, 0x00, 0x00, 0x00, 0x00, 0x00, 0x00, 0x00, 0x02, 0xF0, 0x00, 0x00, 0x00, 0xBF, 0xF0, 0x00,
    0x00, 0x2F, 0xFF, 0xF0, 0x00, 0x07, 0xFF, 0xFF, 0x80, 0x00, 0xBF, 0xFF, 0x90, 0x00, 0x2F, 0xFF,
    0xE0, 0x00, 0x00, 0x3F, 0xF8, 0x00, 0x00, 0x00, 0x3F, 0xF8, 0x00, 0x00, 0x00, 0x2F, 0xFF, 0xE4,
    0x00, 0x00, 0x00, 0xBF, 0xFF, 0xE0, 0x00, 0x00, 0x02, 0xFF, 0xFF, 0x80, 0x00, 0x00, 0x1F, 0xFF,
    0xF0, 0x00, 0x00, 0x00, 0xBF, 0xF0, 0x00, 0x00, 0x00, 0x02, 0xF0, 0x00, 0x00, 0x00, 0x00, 0x00,
    0x3F, 0xFF, 0xFF, 0xFF, 0xF0, 0x3F, 0xFF, 0xFF, 0xFF, 0xF0, 0x3F, 0xFF, 0xFF, 0xFF, 0xF0, 0x00,
    0x00, 0x00, 0x00, 0x00, 0x3E, 0x00, 0x00, 0x00, 0x00, 0x3F, 0xF8, 0x00, 0x00, 0x00, 0x3F, 0xFF,
    0xD0, 0x00, 0x00, 0x0B, 0xFF, 0xFE, 0x00, 0x00, 0x00, 0x2F, 0xFF, 0xF8, 0x00, 0x00, 0x00, 0x6F,
    0xFF, 0xE0, 0x00, 0x00, 0x00, 0xBF, 0xF0, 0x00, 0x00, 0x00, 0xBF, 0xF0, 0x00, 0x00, 0x6F, 0xFF,
    0xE0, 0x00, 0x2F, 0xFF, 0xF8, 0x00, 0x0B, 0xFF, 0xFE, 0x00, 0x00, 0x3F, 0xFF, 0x80, 0x00, 0x00,
    0x3F, 0xF4, 0x00, 0x00, 0x00, 0x3E, 0x00, 0x00, 0x00, 0x00, 0x00, 0x00, 0x00, 0x00, 0x00, 0x3F,
    0xFF, 0xFF, 0xFF, 0xF0, 0x3F, 0xFF, 0xFF, 0xFF, 0xF0, 0x3F, 0xFF, 0xFF, 0xFF, 0xF0, 0x00, 0x00,
    0x00, 0x00, 0x00, 0x00, 0x00, 0x00, 0x00, 0x00, 0x00, 0x00, 0x00, 0x00, 0x1F, 0x00, 0x00, 0x00,
    0x00, 0x00, 0x00, 0x00, 0x00, 0x00, 0x7F, 0xC0, 0x00, 0x00, 0x00, 0x00, 0x00, 0x00, 0x00, 0x01,
    0xFF, 0xF0, 0x00, 0x00, 0x00, 0x00, 0x00, 0x00, 0x00, 0x07, 0xFF, 0xFC, 0x00, 0x00, 0x00, 0x00,
    0x00, 0x00, 0x00, 0x1F, 0xFF, 0xFF, 0x00, 0x00, 0x00, 0x00, 0x00, 0x00, 0x00, 0x7F, 0xFF, 0xFF,
    0xC0, 0x00, 0x00, 0x00, 0x00, 0x00, 0x01, 0xFF, 0xAA, 0xBF, 0xF0, 0x00, 0x00, 0x00, 0x00, 0x00,
    0x07, 0x80, 0x00, 0x01, 0xFC, 0x00, 0x00, 0x00, 0x00, 0x00, 0x1F, 0x80, 0x00, 0x00, 0x2F, 0x00,
    0x00, 0x00, 0x00, 0x00, 0x7F, 0x80, 0x28, 0x00, 0x0F, 0xC0, 0x00, 0x00, 0x00, 0x01, 0xFF, 0xAF,
    0xFF, 0xC0, 0x07, 0xF0, 0x00, 0x00, 0x00, 0x07, 0xFF, 0xFF, 0xFF, 0xE0, 0x03, 0xFC, 0x00, 0x00,
    0x00, 0x1F, 0xFF, 0xFF, 0xFF, 0xF0, 0x03, 0xFF, 0x00, 0x00, 0x00, 0x7F, 0xFF, 0xFF, 0xFF, 0xE0,
    0x0B, 0xFF, 0xC0, 0x00, 0x01, 0xFF, 0xFF, 0xFF, 0xFF, 0xD0, 0x0F, 0xFF, 0xF0, 0x00, 0x03, 0xFF,
    0xFF, 0xFF, 0xFF, 0xC0, 0x3F, 0xFF, 0xFC, 0x00, 0x0F, 0xFF, 0xFF, 0xFF, 0xFF, 0x00, 0xBF, 0xFF,
    0xFF, 0x00, 0x3F, 0xFF, 0xFF, 0xFF, 0xFC, 0x02, 0xFF, 0xFF, 0xFF, 0xC0, 0x0F, 0xFF, 0xFF, 0xFF,
    0xF8, 0x0B, 0xFF, 0xFF, 0xFF, 0x00, 0x03, 0xFF, 0xFF, 0xFF, 0xE0, 0x0F, 0xFF, 0xFF, 0xFC, 0x00,
    0x00, 0xFF, 0xFF, 0xFF, 0xC0, 0x2F, 0xFF, 0xFF, 0xF0, 0x00, 0x00, 0x3F, 0xFF, 0xFF, 0xC0, 0x2F,
    0xFF, 0xFF, 0xC0, 0x00, 0x00, 0x0F, 0xFF, 0xFF, 0xC0, 0x2F, 0xFF, 0xFF, 0x00, 0x00, 0x00, 0x03,
    0xFF, 0xFF, 0x80, 0x2F, 0xFF, 0xFC, 0x00, 0x00, 0x00, 0x00, 0xFF, 0xFF, 0xFF, 0xFF, 0xFF, 0xF0,
    0x00, 0x00, 0x00, 0x00, 0x3F, 0xFF, 0xFF, 0xFF, 0xFF, 0xC0, 0x00, 0x00, 0x00, 0x00, 0x0F, 0xFF,
    0xFF, 0xFF, 0xFF, 0x00, 0x00, 0x00, 0x00, 0x00, 0x03, 0xFF, 0x80, 0x2F, 0xFC, 0x00, 0x00, 0x00,
    0x00, 0x00, 0x00, 0xFF, 0x80, 0x2F, 0xF0, 0x00, 0x00, 0x00, 0x00, 0x00, 0x00, 0x3F, 0x80, 0x2F,
    0xC0, 0x00, 0x00, 0x00, 0x00, 0x00, 0x00, 0x0F, 0xC0, 0x3F, 0x00, 0x00, 0x00, 0x00, 0x00, 0x00,
    0x00, 0x03, 0xFF, 0xFC, 0x00, 0x00, 0x00, 0x00, 0x00, 0x00, 0x00, 0x00, 0xFF, 0xF0, 0x00, 0x00,
    0x00, 0x00, 0x00, 0x00, 0x00, 0x00, 0x3F, 0xC0, 0x00, 0x00, 0x00, 0x00, 0x00, 0x00, 0x00, 0x00,
    0x0F, 0x00, 0x00, 0x00, 0x00, 0x00, 0x00, 0x00, 0x00, 0x00, 0x00, 0x00, 0x00, 0x00, 0x00, 0x00,
};

static const EpdGlyph atkinson_hyperlegible_16_regularGlyphs[] = {
    { 0, 0, 10, 0, 26, 0, 0 },
    { 0, 0, 13, 0, 26, 0, 0 },
    { 8, 26, 10, 2, 25, 52, 0 },
    { 12, 9, 11, 1, 25, 27, 52 },
    { 24, 25, 24, 1, 25, 150, 79 },
    { 20, 31, 21, 1, 27, 155, 229 },
    { 32, 26, 33, 1, 25, 208, 384 },
    { 28, 26, 25, 1, 25, 182, 592 },
    { 4, 9, 6, 1, 25, 9, 774 },
    { 12, 31, 11, 1, 25, 93, 783 },
    { 12, 31, 11, 1, 25, 93, 876 },
    { 12, 11, 16, 2, 25, 33, 969 },
    { 20, 19, 22, 1, 19, 95, 1002 },
    { 8, 10, 7, 1, 5, 20, 1097 },
    { 12, 4, 13, 1, 11, 12, 1117 },
    { 8, 6, 7, 1, 5, 12, 1129 },
    { 16, 25, 14, 0, 25, 100, 1141 },
    { 20, 26, 23, 2, 25, 130, 1241 },
    { 12, 25, 14, 1, 25, 75, 1371 },
    { 20, 25, 20, 1, 25, 125, 1446 },
    { 20, 26, 21, 1, 25, 130, 1571 },
    { 20, 25, 22, 1, 25, 125, 1701 },
    { 20, 26, 21, 1, 25, 130, 1826 },
    { 20, 26, 22, 2, 25, 130, 1956 },
    { 20, 25, 18, 0, 25, 125, 2086 },
    { 20, 26, 22, 2, 25, 130, 2211 },
    { 20, 25, 22, 2, 25, 125, 2341 },
    { 8, 20, 7, 1, 19, 40, 2466 },
    { 8, 24, 7, 1, 19, 48, 2506 },
    { 20, 19, 20, 1, 19, 95, 2554 },
    { 20, 11, 22, 1, 15, 55, 2649 },
    { 20, 19, 20, 1, 19, 95, 2704 },
    { 20, 26, 19, 1, 25, 130, 2799 },
    { 28, 26, 28, 1, 25, 182, 2929 },
    { 24, 25, 23, 0, 25, 150, 3111 },
    { 20, 25, 22, 2, 25, 125, 3261 },
    { 24, 26, 24, 1, 25, 156, 3386 },
    { 24, 25, 24, 2, 25, 150, 3542 },
    { 20, 25, 20, 2, 25, 125, 3692 },
    { 20, 25, 20, 2, 25, 125, 3817 },
    { 24, 26, 26, 1, 25, 156, 3942 },
    { 24, 25, 25, 2, 25, 150, 4098 },
    { 12, 25, 15, 2, 25, 75, 4248 },
    { 16, 26, 18, 0, 25, 104, 4323 },
    { 24, 25, 23, 2, 25, 150, 4427 },
    { 20, 25, 19, 2, 25, 125, 4577 },
    { 28, 25, 30, 2, 25, 175, 4702 },
    { 24, 25, 25, 2, 25, 150, 4877 },
    { 24, 26, 26, 1, 25, 156, 5027 },
    { 20, 25, 22, 2, 25, 125, 5183 },
    { 28, 27, 27, 1, 25, 189, 5308 },
    { 20, 25, 22, 2, 25, 125, 5497 },
    { 20, 26, 21, 1, 25, 130, 5622 },
    { 20, 25, 20, 0, 25, 125, 5752 },
    { 24, 26, 25, 2, 25, 156, 5877 },
    { 24, 25, 21, 0, 25, 150, 6033 },
    { 32, 25, 30, 0, 25, 200, 6183 },
    { 24, 25, 22, 0, 25, 150, 6383 },
    { 24, 25, 21, 0, 25, 150, 6533 },
    { 20, 25, 22, 1, 25, 125, 6683 },
    { 12, 31, 11, 2, 25, 93, 6808 },
    { 16, 25, 14, 0, 25, 100, 6901 },
    { 8, 31, 11, 1, 25, 62, 7001 },
    { 20, 14, 20, 1, 25, 70, 7063 },
    { 16, 4, 14, 0, 1, 16, 7133 },
    { 8, 6, 10, 1, 26, 12, 7149 },
    { 20, 20, 19, 1, 19, 100, 7161 },
    { 20, 26, 20, 2, 25, 130, 7261 },
    { 16, 20, 18, 1, 19, 80, 7391 },
    { 20, 26, 20, 1, 25, 130, 7471 },
    { 20, 20, 19, 1, 19, 100, 7601 },
    { 12, 26, 11, 0, 26, 78, 7701 },
    { 20, 26, 20, 1, 19, 130, 7779 },
    { 16, 25, 20, 2, 25, 100, 7909 },
    { 8, 27, 10, 1, 27, 54, 8009 },
    { 12, 33, 9, -3, 27, 99, 8063 },
    { 16, 25, 18, 2, 25, 100, 8162 },
    { 8, 25, 9, 2, 25, 50, 8262 },
    { 28, 19, 30, 2, 19, 133, 8312 },
    { 16, 19, 20, 2, 19, 76, 8445 },
    { 20, 20, 20, 1, 19, 100, 8521 },
    { 20, 25, 20, 2, 19, 125, 8621 },
    { 24, 26, 21, 1, 19, 156, 8746 },
    { 12, 19, 12, 2, 19, 57, 8902 },
    { 16, 20, 17, 0, 19, 80, 8959 },
    { 12, 23, 12, 0, 23, 69, 9039 },
    { 16, 20, 19, 2, 19, 80, 9108 },
    { 20, 19, 16, -1, 19, 95, 9188 },
    { 28, 19, 24, -1, 19, 133, 9283 },
    { 20, 19, 17, -1, 19, 95, 9416 },
    { 20, 25, 15, -1, 19, 125, 9511 },
    { 16, 19, 17, 1, 19, 76, 9636 },
    { 12, 31, 11, 1, 25, 93, 9712 },
    { 4, 31, 8, 2, 25, 31, 9805 },
    { 12, 31, 11, 1, 25, 93, 9836 },
    { 20, 5, 20, 1, 12, 25, 9929 },
    { 0, 0, 13, 0, 26, 0, 9954 },
    { 8, 25, 10, 2, 19, 50, 9954 },
    { 16, 25, 18, 1, 21, 100, 10004 },
    { 20, 26, 21, 2, 25, 130, 10104 },
    { 20, 18, 21, 1, 21, 90, 10234 },
    { 24, 25, 21, 0, 25, 150, 10324 },
    { 4, 31, 8, 2, 25, 31, 10474 },
    { 20, 32, 19, 0, 25, 160, 10505 },
    { 16, 5, 15, 1, 26, 20, 10665 },
    { 28, 26, 29, 1, 25, 182, 10685 },
    { 12, 12, 13, 1, 26, 36, 10867 },
    { 20, 16, 20, 1, 17, 80, 10903 },
    { 20, 12, 22, 1, 15, 60, 10983 },
    { 0, 0, 1, 0, 26, 0, 11043 },
    { 28, 26, 29, 1, 25, 182, 11043 },
    { 12, 4, 14, 1, 25, 12, 11225 },
    { 12, 11, 13, 1, 25, 33, 11237 },
    { 20, 19, 21, 1, 19, 95, 11270 },
    { 12, 15, 14, 1, 29, 45, 11365 },
    { 12, 15, 14, 1, 29, 45, 11410 },
    { 8, 6, 10, 1, 26, 12, 11455 },
    { 20, 25, 20, 2, 19, 125, 11467 },
    { 20, 31, 18, 1, 25, 155, 11592 },
    { 8, 6, 8, 1, 12, 12, 11747 },
    { 8, 9, 10, 2, 2, 18, 11759 },
    { 8, 15, 9, 1, 29, 30, 11777 },
    { 12, 12, 14, 1, 26, 36, 11807 },
    { 20, 16, 20, 1, 17, 80, 11843 },
    { 28, 25, 30, 1, 25, 175, 11923 },
    { 28, 25, 29, 1, 25, 175, 12098 },
    { 32, 25, 31, 1, 25, 200, 12273 },
    { 20, 26, 19, 1, 19, 130, 12473 },
    { 24, 32, 23, 0, 32, 192, 12603 },
    { 24, 32, 23, 0, 32, 192, 12795 },
    { 24, 32, 23, 0, 32, 192, 12987 },
    { 24, 31, 23, 0, 31, 186, 13179 },
    { 24, 31, 23, 0, 31, 186, 13365 },
    { 24, 31, 23, 0, 31, 186, 13551 },
    { 36, 25, 36, 0, 25, 225, 13737 },
    { 24, 32, 24, 1, 25, 192, 13962 },
    { 20, 32, 20, 2, 32, 160, 14154 },
    { 20, 32, 20, 2, 32, 160, 14314 },
    { 20, 32, 20, 2, 32, 160, 14474 },
    { 20, 31, 20, 2, 31, 155, 14634 },
    { 12, 32, 15, 2, 32, 96, 14789 },
    { 12, 32, 15, 2, 32, 96, 14885 },
    { 16, 32, 15, 1, 32, 128, 14981 },
    { 16, 31, 15, 1, 31, 124, 15109 },
    { 24, 25, 26, 0, 25, 150, 15233 },
    { 24, 31, 25, 2, 31, 186, 15383 },
    { 24, 33, 26, 1, 32, 198, 15569 },
    { 24, 33, 26, 1, 32, 198, 15767 },
    { 24, 33, 26, 1, 32, 198, 15965 },
    { 24, 32, 26, 1, 31, 192, 16163 },
    { 24, 32, 26, 1, 31, 192, 16355 },
    { 20, 16, 19, 1, 17, 80, 16547 },
    { 24, 26, 26, 1, 25, 156, 16627 },
    { 24, 33, 25, 2, 32, 198, 16783 },
    { 24, 33, 25, 2, 32, 198, 16981 },
    { 24, 33, 25, 2, 32, 198, 17179 },
    { 24, 32, 25, 2, 31, 192, 17377 },
    { 24, 32, 21, 0, 32, 192, 17569 },
    { 20, 25, 21, 2, 25, 125, 17761 },
    { 20, 26, 21, 2, 25, 130, 17886 },
    { 20, 27, 19, 1, 26, 135, 18016 },
    { 20, 27, 19, 1, 26, 135, 18151 },
    { 20, 27, 19, 1, 26, 135, 18286 },
    { 20, 26, 19, 1, 25, 130, 18421 },
    { 20, 27, 19, 1, 26, 135, 18551 },
    { 20, 30, 19, 1, 29, 150, 18686 },
    { 32, 20, 31, 1, 19, 160, 18836 },
    { 16, 26, 18, 1, 19, 104, 18996 },
    { 20, 27, 19, 1, 26, 135, 19100 },
    { 20, 27, 19, 1, 26, 135, 19235 },
    { 20, 27, 19, 1, 26, 135, 19370 },
    { 20, 27, 19, 1, 26, 135, 19505 },
    { 8, 26, 10, 0, 26, 52, 19640 },
    { 12, 26, 10, 1, 26, 78, 19692 },
    { 16, 26, 10, -2, 26, 104, 19770 },
    { 16, 26, 10, -2, 26, 104, 19874 },
    { 20, 26, 20, 1, 25, 130, 19978 },
    { 16, 25, 20, 2, 25, 100, 20108 },
    { 20, 27, 20, 1, 26, 135, 20208 },
    { 20, 27, 20, 1, 26, 135, 20343 },
    { 20, 27, 20, 1, 26, 135, 20478 },
    { 20, 26, 20, 1, 25, 130, 20613 },
    { 20, 27, 20, 1, 26, 135, 20743 },
    { 20, 18, 22, 1, 18, 90, 20878 },
    { 20, 20, 20, 1, 19, 100, 20968 },
    { 16, 27, 19, 2, 26, 108, 21068 },
    { 16, 27, 19, 2, 26, 108, 21176 },
    { 16, 27, 19, 2, 26, 108, 21284 },
    { 16, 27, 19, 2, 26, 108, 21392 },
    { 20, 32, 15, -1, 26, 160, 21500 },
    { 20, 31, 20, 2, 25, 155, 21660 },
    { 20, 32, 15, -1, 26, 160, 21815 },
    { 24, 31, 23, 0, 31, 186, 21975 },
    { 20, 26, 19, 1, 25, 130, 22161 },
    { 24, 32, 23, 0, 32, 192, 22291 },
    { 20, 27, 19, 1, 26, 135, 22483 },
    { 24, 32, 23, 0, 25, 192, 22618 },
    { 20, 26, 19, 1, 19, 130, 22810 },
    { 24, 33, 24, 1, 32, 198, 22940 },
    { 16, 27, 18, 1, 26, 108, 23138 },
    { 24, 33, 24, 1, 32, 198, 23246 },
    { 16, 27, 18, 1, 26, 108, 23444 },
    { 24, 33, 24, 1, 32, 198, 23552 },
    { 16, 27, 18, 1, 26, 108, 23750 },
    { 24, 32, 24, 2, 32, 192, 23858 },
    { 24, 26, 21, 1, 25, 156, 24050 },
    { 24, 25, 26, 0, 25, 150, 24206 },
    { 20, 26, 22, 1, 25, 130, 24356 },
    { 20, 31, 20, 2, 31, 155, 24486 },
    { 20, 26, 19, 1, 25, 130, 24641 },
    { 20, 32, 20, 2, 32, 160, 24771 },
    { 20, 27, 19, 1, 26, 135, 24931 },
    { 20, 32, 20, 2, 25, 160, 25066 },
    { 20, 26, 19, 1, 19, 130, 25226 },
    { 20, 32, 20, 2, 32, 160, 25356 },
    { 20, 27, 19, 1, 26, 135, 25516 },
    { 24, 33, 26, 1, 32, 198, 25651 },
    { 20, 33, 20, 1, 26, 165, 25849 },
    { 24, 33, 26, 1, 32, 198, 26014 },
    { 20, 33, 20, 1, 26, 165, 26212 },
    { 24, 34, 26, 1, 25, 204, 26377 },
    { 20, 36, 20, 1, 29, 180, 26581 },
    { 28, 25, 26, 0, 25, 175, 26761 },
    { 20, 25, 21, 0, 25, 125, 26936 },
    { 12, 31, 15, 2, 31, 93, 27061 },
    { 12, 25, 10, -1, 25, 75, 27154 },
    { 12, 32, 15, 2, 25, 96, 27229 },
    { 8, 34, 10, 1, 27, 68, 27325 },
    { 8, 19, 10, 1, 19, 38, 27393 },
    { 24, 34, 23, 2, 25, 204, 27431 },
    { 16, 34, 18, 2, 25, 136, 27635 },
    { 20, 34, 19, 2, 25, 170, 27771 },
    { 8, 34, 9, 1, 25, 68, 27941 },
    { 20, 25, 19, 2, 25, 125, 28009 },
    { 12, 25, 9, 2, 25, 75, 28134 },
    { 24, 25, 21, 0, 25, 150, 28209 },
    { 12, 25, 9, 0, 25, 75, 28359 },
    { 24, 32, 25, 2, 32, 192, 28434 },
    { 16, 26, 20, 2, 26, 104, 28626 },
    { 24, 34, 25, 2, 25, 204, 28730 },
    { 16, 28, 20, 2, 19, 112, 28934 },
    { 24, 32, 25, 2, 32, 192, 29046 },
    { 16, 26, 20, 2, 26, 104, 29238 },
    { 24, 33, 26, 1, 32, 198, 29342 },
    { 20, 27, 20, 1, 26, 135, 29540 },
    { 36, 26, 38, 1, 25, 234, 29675 },
    { 32, 20, 33, 1, 19, 160, 29909 },
    { 20, 32, 22, 2, 32, 160, 30069 },
    { 12, 26, 12, 2, 26, 78, 30229 },
    { 20, 32, 22, 2, 32, 160, 30307 },
    { 16, 26, 12, 1, 26, 104, 30467 },
    { 20, 33, 21, 1, 32, 165, 30571 },
    { 16, 27, 17, 0, 26, 108, 30736 },
    { 20, 32, 21, 1, 25, 160, 30844 },
    { 16, 26, 17, 0, 19, 104, 31004 },
    { 20, 33, 21, 1, 32, 165, 31108 },
    { 16, 27, 17, 0, 26, 108, 31273 },
    { 20, 34, 20, 0, 25, 170, 31381 },
    { 12, 32, 12, 0, 23, 96, 31551 },
    { 20, 32, 20, 0, 32, 160, 31647 },
    { 16, 27, 12, 0, 27, 108, 31807 },
    { 24, 32, 25, 2, 31, 192, 31915 },
    { 16, 26, 19, 2, 25, 104, 32107 },
    { 24, 34, 25, 2, 33, 204, 32211 },
    { 16, 30, 19, 2, 29, 120, 32415 },
    { 24, 33, 25, 2, 32, 198, 32535 },
    { 16, 27, 19, 2, 26, 108, 32733 },
    { 24, 32, 25, 2, 25, 192, 32841 },
    { 16, 26, 19, 2, 19, 104, 33033 },
    { 24, 31, 21, 0, 31, 186, 33137 },
    { 20, 32, 22, 1, 32, 160, 33323 },
    { 16, 26, 17, 1, 26, 104, 33483 },
    { 20, 32, 22, 1, 32, 160, 33587 },
    { 16, 26, 17, 1, 26, 104, 33747 },
    { 20, 32, 22, 1, 32, 160, 33851 },
    { 16, 26, 17, 1, 26, 104, 34011 },
    { 8, 6, 1, -1, 26, 12, 34115 },
    { 8, 6, 1, -1, 26, 12, 34127 },
    { 16, 6, 1, -1, 26, 24, 34139 },
    { 16, 5, 1, -1, 25, 20, 34163 },
    { 12, 4, 1, -1, 25, 12, 34183 },
    { 12, 6, 1, -1, 26, 18, 34195 },
    { 8, 5, 1, -1, 26, 10, 34213 },
    { 16, 5, 1, -1, 26, 20, 34223 },
    { 12, 9, 1, -1, 29, 27, 34243 },
    { 16, 6, 1, -1, 26, 24, 34270 },
    { 16, 6, 1, -1, 26, 24, 34294 },
    { 8, 8, 1, -1, -1, 16, 34318 },
    { 8, 9, 1, -1, 2, 18, 34334 },
    { 8, 8, 1, -1, 1, 16, 34352 },
    { 24, 33, 22, 0, 33, 198, 34368 },
    { 24, 31, 24, 0, 31, 186, 34566 },
    { 28, 26, 28, 0, 25, 182, 34752 },
    { 20, 33, 20, 0, 33, 165, 34934 },
    { 24, 26, 24, 1, 25, 156, 35099 },
    { 20, 26, 20, 1, 25, 130, 35255 },
    { 12, 25, 12, 0, 25, 75, 35385 },
    { 12, 30, 12, 0, 30, 90, 35460 },
    { 16, 26, 14, 0, 25, 104, 35550 },
    { 36, 26, 33, 0, 25, 234, 35654 },
    { 36, 25, 33, 0, 25, 225, 35888 },
    { 32, 25, 30, 0, 25, 200, 36113 },
    { 28, 33, 27, 0, 33, 231, 36313 },
    { 28, 34, 27, 0, 34, 238, 36544 },
    { 28, 33, 27, 0, 32, 231, 36782 },
    { 28, 30, 26, 0, 25, 210, 37013 },
    { 28, 25, 26, 0, 25, 175, 37223 },
    { 24, 25, 24, 0, 25, 150, 37398 },
    { 24, 25, 24, 0, 25, 150, 37548 },
    { 20, 25, 20, 0, 25, 125, 37698 },
    { 24, 32, 24, 0, 25, 192, 37823 },
    { 24, 25, 22, 0, 25, 150, 38015 },
    { 36, 25, 35, 0, 25, 225, 38165 },
    { 24, 26, 22, 1, 25, 156, 38390 },
    { 28, 25, 27, 0, 25, 175, 38546 },
    { 28, 33, 27, 0, 33, 231, 38721 },
    { 28, 25, 26, 0, 25, 175, 38952 },
    { 24, 26, 24, 0, 25, 156, 39127 },
    { 32, 25, 32, 0, 25, 200, 39283 },
    { 28, 25, 26, 0, 25, 175, 39483 },
    { 24, 26, 26, 1, 25, 156, 39658 },
    { 28, 25, 26, 0, 25, 175, 39814 },
    { 20, 25, 20, 0, 25, 125, 39989 },
    { 24, 26, 24, 1, 25, 156, 40114 },
    { 24, 25, 22, 0, 25, 150, 40270 },
    { 28, 26, 27, 0, 25, 182, 40420 },
    { 28, 25, 27, 0, 25, 175, 40602 },
    { 28, 25, 26, 0, 25, 175, 40777 },
    { 28, 32, 26, 0, 25, 224, 40952 },
    { 28, 25, 25, 0, 25, 175, 41176 },
    { 36, 25, 33, 0, 25, 225, 41351 },
    { 36, 32, 33, 0, 25, 288, 41576 },
    { 28, 25, 27, 0, 25, 175, 41864 },
    { 36, 25, 33, 0, 25, 225, 42039 },
    { 24, 25, 22, 0, 25, 150, 42264 },
    { 24, 26, 24, 0, 25, 156, 42414 },
    { 36, 26, 34, 0, 25, 234, 42570 },
    { 28, 25, 25, 0, 25, 175, 42804 },
    { 16, 18, 16, 1, 17, 72, 42979 },
    { 20, 26, 18, 1, 25, 130, 43051 },
    { 16, 17, 16, 0, 17, 68, 43181 },
    { 16, 17, 14, 0, 17, 68, 43249 },
    { 16, 23, 16, 0, 17, 92, 43317 },
    { 16, 18, 16, 0, 17, 72, 43409 },
    { 28, 17, 27, -1, 17, 119, 43481 },
    { 16, 18, 14, 0, 17, 72, 43600 },
    { 20, 17, 19, 0, 17, 85, 43672 },
    { 20, 24, 19, 0, 24, 120, 43757 },
    { 20, 17, 18, 0, 17, 85, 43877 },
    { 20, 18, 18, 0, 17, 90, 43962 },
    { 24, 17, 22, 0, 17, 102, 44052 },
    { 20, 17, 18, 0, 17, 85, 44154 },
    { 20, 18, 18, 0, 17, 90, 44239 },
    { 20, 17, 18, 0, 17, 85, 44329 },
    { 20, 25, 18, -1, 17, 125, 44414 },
    { 16, 18, 16, 0, 17, 72, 44539 },
    { 20, 17, 17, 0, 17, 85, 44611 },
    { 20, 25, 18, 0, 17, 125, 44696 },
    { 28, 33, 26, 0, 25, 231, 44821 },
    { 20, 17, 18, 0, 17, 85, 45052 },
    { 20, 23, 18, 0, 17, 115, 45137 },
    { 20, 17, 18, 0, 17, 85, 45252 },
    { 28, 17, 27, 0, 17, 119, 45337 },
    { 28, 23, 27, 0, 17, 161, 45456 },
    { 20, 17, 20, 0, 17, 85, 45617 },
    { 28, 17, 24, 0, 17, 119, 45702 },
    { 16, 17, 17, 0, 17, 68, 45821 },
    { 16, 18, 16, 1, 17, 72, 45889 },
    { 28, 18, 27, 0, 17, 126, 45961 },
    { 20, 17, 17, 0, 17, 85, 46087 },
    { 16, 26, 16, 0, 25, 104, 46172 },
    { 16, 23, 16, 0, 22, 92, 46276 },
    { 20, 33, 18, 0, 25, 165, 46368 },
    { 16, 26, 14, 0, 26, 104, 46533 },
    { 16, 18, 16, 0, 17, 72, 46637 },
    { 12, 18, 14, 1, 17, 54, 46709 },
    { 12, 25, 10, 0, 25, 75, 46763 },
    { 12, 22, 10, -1, 22, 66, 46838 },
    { 12, 33, 10, -3, 25, 99, 46904 },
    { 28, 18, 26, 0, 17, 126, 47003 },
    { 28, 17, 26, 0, 17, 119, 47129 },
    { 20, 25, 18, 0, 25, 125, 47248 },
    { 20, 26, 18, 0, 26, 130, 47373 },
    { 20, 25, 19, 0, 25, 125, 47503 },
    { 20, 32, 18, 0, 24, 160, 47628 },
    { 20, 22, 18, 0, 17, 110, 47788 },
    { 28, 27, 29, 0, 27, 189, 47898 },
    { 24, 27, 22, 0, 27, 162, 48087 },
    { 28, 28, 28, 1, 27, 196, 48249 },
    { 20, 21, 20, 1, 20, 105, 48445 },
    { 28, 27, 24, 0, 27, 189, 48550 },
    { 20, 20, 18, -1, 20, 100, 48739 },
    { 24, 41, 28, 3, 35, 246, 48839 },
    { 20, 35, 23, 3, 29, 175, 49085 },
    { 20, 27, 21, 0, 27, 135, 49260 },
    { 20, 23, 18, 0, 23, 115, 49395 },
    { 20, 27, 20, 3, 27, 135, 49510 },
    { 20, 27, 23, 3, 20, 135, 49645 },
    { 20, 29, 20, 0, 29, 145, 49780 },
    { 16, 21, 14, 0, 21, 84, 49925 },
    { 20, 25, 20, 0, 25, 125, 50009 },
    { 16, 17, 14, 0, 17, 68, 50134 },
    { 20, 33, 23, 3, 27, 165, 50202 },
    { 16, 26, 20, 3, 20, 104, 50367 },
    { 36, 32, 35, 0, 25, 288, 50471 },
    { 32, 23, 27, -1, 17, 184, 50759 },
    { 24, 33, 22, 1, 25, 198, 50943 },
    { 16, 25, 14, 0, 17, 100, 51141 },
    { 28, 32, 26, 0, 25, 224, 51241 },
    { 20, 23, 18, 0, 17, 115, 51465 },
    { 28, 25, 26, 0, 25, 175, 51580 },
    { 20, 17, 20, 0, 17, 85, 51755 },
    { 24, 27, 24, 0, 27, 162, 51840 },
    { 20, 29, 21, 0, 29, 145, 52002 },
    { 32, 27, 31, 0, 27, 216, 52147 },
    { 24, 20, 24, 0, 20, 120, 52363 },
    { 28, 32, 26, 0, 25, 224, 52483 },
    { 20, 23, 18, 0, 17, 115, 52707 },
    { 32, 27, 33, 2, 27, 216, 52822 },
    { 24, 20, 25, 2, 20, 120, 53038 },
    { 36, 33, 37, 3, 27, 297, 53158 },
    { 28, 26, 32, 3, 20, 182, 53455 },
    { 28, 32, 28, 1, 27, 224, 53637 },
    { 24, 25, 22, 1, 20, 150, 53861 },
    { 24, 35, 26, 1, 27, 210, 54011 },
    { 20, 28, 18, 0, 20, 140, 54221 },
    { 24, 34, 22, 0, 27, 204, 54361 },
    { 20, 25, 18, 0, 20, 125, 54565 },
    { 28, 25, 26, 0, 25, 175, 54690 },
    { 28, 25, 26, 0, 17, 175, 54865 },
    { 20, 25, 18, 0, 25, 125, 55040 },
    { 20, 25, 18, 0, 17, 125, 55165 },
    { 28, 32, 26, 0, 25, 224, 55290 },
    { 20, 23, 18, 0, 17, 115, 55514 },
    { 32, 34, 34, 1, 27, 272, 55629 },
    { 28, 25, 26, 0, 20, 175, 55901 },
    { 28, 32, 25, 0, 25, 224, 56076 },
    { 20, 23, 18, 0, 17, 115, 56300 },
    { 28, 25, 25, 0, 25, 175, 56415 },
    { 20, 17, 18, 0, 17, 85, 56590 },
    { 28, 25, 25, 0, 25, 175, 56675 },
    { 20, 17, 18, 0, 17, 85, 56850 },
    { 32, 28, 33, 0, 27, 224, 56935 },
    { 24, 21, 25, 0, 20, 126, 57159 },
    { 32, 35, 33, 0, 27, 280, 57285 },
    { 24, 28, 25, 0, 20, 168, 57565 },
    { 12, 25, 12, 0, 25, 75, 57733 },
    { 36, 33, 35, 0, 33, 297, 57808 },
    { 28, 25, 27, -1, 25, 175, 58105 },
    { 20, 33, 23, 3, 27, 165, 58280 },
    { 16, 26, 20, 3, 20, 104, 58445 },
    { 28, 33, 26, 0, 27, 231, 58549 },
    { 24, 26, 22, 0, 20, 156, 58780 },
    { 24, 35, 26, 2, 27, 210, 58936 },
    { 16, 28, 20, 2, 20, 112, 59146 },
    { 24, 33, 27, 3, 27, 198, 59258 },
    { 20, 26, 23, 3, 20, 130, 59456 },
    { 20, 33, 23, 1, 27, 165, 59586 },
    { 16, 25, 19, 1, 20, 100, 59751 },
    { 32, 33, 32, 3, 27, 264, 59851 },
    { 24, 26, 27, 3, 20, 156, 60115 },
    { 4, 20, 10, 3, 20, 20, 60271 },
    { 28, 33, 26, 0, 33, 231, 60291 },
    { 16, 26, 16, 1, 25, 104, 60522 },
    { 28, 31, 26, 0, 31, 217, 60626 },
    { 16, 25, 16, 1, 24, 100, 60843 },
    { 32, 25, 32, 0, 25, 200, 60943 },
    { 24, 19, 24, 1, 18, 114, 61143 },
    { 24, 33, 22, 0, 33, 198, 61257 },
    { 16, 26, 16, 0, 25, 104, 61455 },
    { 24, 26, 24, 0, 25, 156, 61559 },
    { 16, 18, 16, 0, 17, 72, 61715 },
    { 24, 34, 24, 0, 33, 204, 61787 },
    { 16, 26, 16, 0, 25, 104, 61991 },
    { 36, 31, 35, 0, 31, 279, 62095 },
    { 28, 25, 27, -1, 25, 175, 62374 },
    { 24, 32, 22, 1, 31, 192, 62549 },
    { 16, 26, 14, 0, 25, 104, 62741 },
    { 20, 28, 20, 0, 27, 140, 62845 },
    { 20, 28, 18, 0, 20, 140, 62985 },
    { 28, 28, 27, 0, 28, 196, 63125 },
    { 20, 23, 19, 0, 23, 115, 63321 },
    { 28, 31, 27, 0, 31, 217, 63436 },
    { 20, 25, 19, 0, 25, 125, 63653 },
    { 24, 32, 26, 1, 31, 192, 63778 },
    { 20, 26, 18, 0, 25, 130, 63970 },
    { 24, 26, 26, 1, 25, 156, 64100 },
    { 20, 18, 18, 0, 17, 90, 64256 },
    { 24, 34, 26, 1, 33, 204, 64346 },
    { 20, 26, 18, 0, 25, 130, 64550 },
    { 24, 32, 24, 0, 31, 192, 64680 },
    { 16, 26, 16, 1, 25, 104, 64872 },
    { 28, 29, 27, 0, 28, 203, 64976 },
    { 20, 29, 18, 0, 21, 145, 65179 },
    { 28, 32, 27, 0, 31, 224, 65324 },
    { 20, 33, 18, 0, 25, 165, 65548 },
    { 28, 34, 27, 0, 33, 238, 65713 },
    { 20, 33, 18, 0, 25, 165, 65951 },
    { 28, 31, 25, 0, 31, 217, 66116 },
    { 20, 25, 18, 0, 25, 125, 66333 },
    { 20, 34, 22, 3, 27, 170, 66458 },
    { 16, 25, 16, 2, 20, 100, 66628 },
    { 36, 31, 33, 0, 31, 279, 66728 },
    { 28, 25, 24, 0, 25, 175, 67007 },
    { 24, 34, 19, -2, 26, 204, 67182 },
    { 16, 27, 15, -1, 18, 108, 67386 },
    { 28, 32, 23, -1, 26, 224, 67494 },
    { 20, 25, 17, -1, 18, 125, 67718 },
    { 24, 27, 24, 0, 27, 162, 67843 },
    { 20, 20, 18, 0, 20, 100, 68005 },
    { 0, 0, 18, 0, 26, 0, 68105 },
    { 0, 0, 36, 0, 26, 0, 68105 },
    { 0, 0, 18, 0, 26, 0, 68105 },
    { 0, 0, 36, 0, 26, 0, 68105 },
    { 0, 0, 12, 0, 26, 0, 68105 },
    { 0, 0, 9, 0, 26, 0, 68105 },
    { 0, 0, 6, 0, 26, 0, 68105 },
    { 0, 0, 23, 0, 26, 0, 68105 },
    { 0, 0, 7, 0, 26, 0, 68105 },
    { 0, 0, 7, 0, 26, 0, 68105 },
    { 0, 0, 2, 0, 26, 0, 68105 },
    { 0, 0, 1, 0, 26, 0, 68105 },
    { 0, 0, 1, 0, 26, 0, 68105 },
    { 0, 0, 1, 0, 26, 0, 68105 },
    { 0, 0, 1, 0, 26, 0, 68105 },
    { 0, 0, 1, 0, 26, 0, 68105 },
    { 16, 4, 17, 1, 11, 16, 68105 },
    { 28, 4, 29, 1, 11, 28, 68121 },
    { 8, 10, 8, 1, 25, 20, 68149 },
    { 8, 10, 8, 1, 25, 20, 68169 },
    { 8, 10, 8, 1, 5, 20, 68189 },
    { 12, 10, 14, 1, 25, 30, 68209 },
    { 12, 10, 14, 1, 25, 30, 68239 },
    { 12, 10, 14, 1, 5, 30, 68269 },
    { 20, 25, 19, 1, 25, 125, 68299 },
    { 20, 25, 19, 1, 25, 125, 68424 },
    { 16, 13, 16, 1, 16, 52, 68549 },
    { 24, 6, 25, 1, 5, 36, 68601 },
    { 0, 0, 10, 0, 26, 0, 68637 },
    { 0, 0, 10, 0, 26, 0, 68637 },
    { 0, 0, 5, 0, 26, 0, 68637 },
    { 48, 26, 48, 1, 25, 312, 68637 },
    { 12, 16, 13, 1, 17, 48, 68949 },
    { 12, 16, 13, 1, 17, 48, 68997 },
    { 24, 25, 21, 0, 25, 150, 69045 },
    { 0, 0, 1, 0, 26, 0, 69195 },
    { 16, 15, 15, 1, 29, 60, 69195 },
    { 24, 26, 24, 0, 25, 156, 69255 },
    { 20, 26, 21, 1, 25, 130, 69411 },
    { 20, 31, 21, 1, 25, 155, 69541 },
    { 20, 31, 21, 1, 25, 155, 69696 },
    { 20, 4, 22, 1, 11, 20, 69851 },
    { 24, 25, 22, 0, 25, 150, 69871 },
    { 8, 6, 8, 1, 12, 12, 70021 },
    { 20, 31, 21, 1, 25, 155, 70033 },
    { 28, 12, 28, 1, 15, 84, 70188 },
    { 16, 32, 16, 1, 25, 128, 70272 },
    { 20, 13, 21, 1, 16, 65, 70400 },
    { 20, 19, 22, 1, 19, 95, 70465 },
    { 20, 19, 21, 1, 19, 95, 70560 },
    { 20, 19, 21, 1, 19, 95, 70655 },
    { 40, 37, 36, -1, 32, 370, 70750 },
};

static const EpdUnicodeInterval atkinson_hyperlegible_16_regularIntervals[] = {
    { 0xD, 0xD, 0 },
    { 0x20, 0x7E, 1 },
    { 0xA0, 0x107, 96 },
    { 0x10A, 0x113, 200 },
    { 0x116, 0x11B, 210 },
    { 0x11E, 0x123, 216 },
    { 0x126, 0x127, 222 },
    { 0x12A, 0x12B, 224 },
    { 0x12E, 0x12F, 226 },
    { 0x131, 0x131, 228 },
    { 0x136, 0x137, 229 },
    { 0x13B, 0x13E, 231 },
    { 0x141, 0x148, 235 },
    { 0x150, 0x155, 243 },
    { 0x158, 0x15B, 249 },
    { 0x15E, 0x165, 253 },
    { 0x16A, 0x16B, 261 },
    { 0x16E, 0x173, 263 },
    { 0x178, 0x17E, 269 },
    { 0x300, 0x304, 276 },
    { 0x306, 0x308, 281 },
    { 0x30A, 0x30C, 284 },
    { 0x326, 0x328, 287 },
    { 0x400, 0x45F, 290 },
    { 0x462, 0x463, 386 },
    { 0x472, 0x475, 388 },
    { 0x48A, 0x4FF, 392 },
    { 0x2000, 0x200F, 510 },
    { 0x2013, 0x2014, 526 },
    { 0x2018, 0x201A, 528 },
    { 0x201C, 0x201E, 531 },
    { 0x2020, 0x2022, 534 },
    { 0x2026, 0x2026, 537 },
    { 0x2028, 0x2029, 538 },
    { 0x202F, 0x2030, 540 },
    { 0x2039, 0x203A, 542 },
    { 0x2044, 0x2044, 544 },
    { 0x2060, 0x2060, 545 },
    { 0x2074, 0x2074, 546 },
    { 0x20AC, 0x20AC, 547 },
    { 0x2202, 0x2202, 548 },
    { 0x220F, 0x220F, 549 },
    { 0x2211, 0x2212, 550 },
    { 0x2215, 0x2215, 552 },
    { 0x2219, 0x221A, 553 },
    { 0x221E, 0x221E, 555 },
    { 0x222B, 0x222B, 556 },
    { 0x2248, 0x2248, 557 },
    { 0x2260, 0x2260, 558 },
    { 0x2264, 0x2265, 559 },
    { 0xFFFD, 0xFFFD, 561 },
};

static const EpdFontData atkinson_hyperlegible_16_regular = {
    atkinson_hyperlegible_16_regularBitmaps,
    sizeof(atkinson_hyperlegible_16_regularBitmaps),
    atkinson_hyperlegible_16_regularGlyphs,
    atkinson_hyperlegible_16_regularIntervals,
    76,
    41,
    32,
    -10,
    true,
};
