/**
 * generated from the actual data/js/inx_font_pack.js browser output
 * name: chareink_12_regular
 * size: 12
 * mode: 2-bit
 * source: chareink Regular; fontconvert.py row set
 * glyphs: 561 (web UI raster rows; compact reader profile)
 */
#pragma once
#include "EpdFontData.h"

static const uint8_t chareink_12_regularBitmaps[44979] = {
    0x2E, 0x00, 0x3F, 0x00, 0x3F, 0x00, 0x3F, 0x00, 0x3F, 0x00, 0x3F, 0x00, 0x3F, 0x00, 0x2F, 0x00,
    0x2F, 0x00, 0x2E, 0x00, 0x2E, 0x00, 0x1E, 0x00, 0x0E, 0x00, 0x0C, 0x00, 0x00, 0x00, 0x00, 0x00,
    0x3F, 0x00, 0x3F, 0x00, 0x3F, 0x00, 0x00, 0x00, 0x20, 0x20, 0xF8, 0xBC, 0xF8, 0xBC, 0xB0, 0x38,
    0xB0, 0x38, 0x70, 0x34, 0x30, 0x30, 0x30, 0x30, 0x10, 0x10, 0x00, 0x00, 0x00, 0x00, 0x00, 0x00,
    0x00, 0xB0, 0x0E, 0x00, 0x00, 0x00, 0xF0, 0x2C, 0x00, 0x00, 0x00, 0xE0, 0x3C, 0x00, 0x00, 0x02,
    0xC0, 0x38, 0x00, 0x00, 0x03, 0xC0, 0xB0, 0x00, 0x00, 0x03, 0x80, 0xF0, 0x00, 0x0F, 0xFF, 0xFF,
    0xFF, 0xE0, 0x0A, 0xAF, 0xAB, 0xEA, 0x80, 0x00, 0x0E, 0x03, 0xC0, 0x00, 0x00, 0x2C, 0x03, 0x80,
    0x00, 0x00, 0x3C, 0x0B, 0x00, 0x00, 0x2A, 0xFE, 0xAF, 0xEA, 0x00, 0x3F, 0xFF, 0xFF, 0xFF, 0x00,
    0x00, 0xF0, 0x2C, 0x00, 0x00, 0x00, 0xE0, 0x3C, 0x00, 0x00, 0x02, 0xC0, 0x38, 0x00, 0x00, 0x03,
    0xC0, 0xB0, 0x00, 0x00, 0x03, 0x80, 0xF0, 0x00, 0x00, 0x0B, 0x00, 0xE0, 0x00, 0x00, 0x02, 0x00,
    0x40, 0x00, 0x00, 0x00, 0x00, 0x00, 0x00, 0x00, 0x0D, 0x00, 0x00, 0x00, 0x0E, 0x00, 0x00, 0x01,
    0xFF, 0xFF, 0x00, 0x0B, 0xEE, 0x2F, 0x00, 0x2F, 0x0D, 0x0F, 0x00, 0x3E, 0x0D, 0x0F, 0x00, 0x3E,
    0x0D, 0x0A, 0x00, 0x3F, 0x0D, 0x00, 0x00, 0x3F, 0xDD, 0x00, 0x00, 0x0F, 0xFE, 0x00, 0x00, 0x03,
    0xFF, 0xF0, 0x00, 0x00, 0x2F, 0xFE, 0x00, 0x00, 0x0E, 0xBF, 0x00, 0x00, 0x0C, 0x2F, 0x80, 0x20,
    0x0C, 0x0F, 0x80, 0xB0, 0x0C, 0x0F, 0x80, 0xB0, 0x0C, 0x0F, 0x00, 0xB8, 0x0C, 0x3E, 0x00, 0xBF,
    0xAF, 0xF8, 0x00, 0x1B, 0xFF, 0x80, 0x00, 0x00, 0x0C, 0x00, 0x00, 0x00, 0x0C, 0x00, 0x00, 0x00,
    0x08, 0x00, 0x00, 0x02, 0xA8, 0x00, 0x00, 0x00, 0x00, 0x0F, 0xAF, 0x00, 0x00, 0xF0, 0x00, 0x2E,
    0x0B, 0x80, 0x03, 0xC0, 0x00, 0x3C, 0x03, 0xC0, 0x07, 0x80, 0x00, 0x3C, 0x03, 0xC0, 0x0F, 0x00,
    0x00, 0x3C, 0x03, 0xC0, 0x2C, 0x00, 0x00, 0x3C, 0x03, 0xC0, 0x38, 0x00, 0x00, 0x3C, 0x03, 0xC0,
    0xF0, 0x00, 0x00, 0x3C, 0x03, 0xC2, 0xE0, 0xFF, 0x80, 0x2E, 0x0B, 0x83, 0xC3, 0xD3, 0xD0, 0x0F,
    0xAF, 0x0F, 0x0B, 0x80, 0xF0, 0x02, 0xA8, 0x2E, 0x0F, 0x40, 0xF0, 0x00, 0x00, 0x3C, 0x0F, 0x00,
    0xF0, 0x00, 0x00, 0xB0, 0x0F, 0x00, 0xF4, 0x00, 0x00, 0xE0, 0x0F, 0x00, 0xF4, 0x00, 0x03, 0xC0,
    0x0F, 0x00, 0xF0, 0x00, 0x0B, 0x40, 0x0B, 0x80, 0xF0, 0x00, 0x0F, 0x00, 0x03, 0xC2, 0xE0, 0x00,
    0x3C, 0x00, 0x00, 0xFF, 0x80, 0x00, 0x00, 0x00, 0x00, 0x00, 0x00, 0x00, 0x1A, 0x90, 0x00, 0x00,
    0x00, 0xFF, 0xFC, 0x00, 0x00, 0x03, 0xE0, 0x3F, 0x00, 0x00, 0x0B, 0xC0, 0x2F, 0x00, 0x00, 0x0B,
    0xC0, 0x0F, 0x00, 0x00, 0x0B, 0xC0, 0x2F, 0x00, 0x00, 0x07, 0xF0, 0x3F, 0x00, 0x00, 0x03, 0xF8,
    0xBC, 0x00, 0x00, 0x00, 0xFF, 0xE0, 0x00, 0x00, 0x02, 0xFF, 0xC0, 0xBF, 0xF0, 0x0B, 0xDF, 0xE0,
    0x2F, 0x80, 0x2F, 0x43, 0xF8, 0x0F, 0x00, 0x3F, 0x00, 0xFE, 0x0C, 0x00, 0x3F, 0x00, 0x3F, 0xBC,
    0x00, 0x3F, 0x00, 0x0F, 0xF0, 0x00, 0x3F, 0x80, 0x03, 0xF0, 0x00, 0x0F, 0xE0, 0x0B, 0xFC, 0x00,
    0x0B, 0xFE, 0xFE, 0xBF, 0xA0, 0x01, 0xFF, 0xE0, 0x2F, 0xF4, 0x00, 0x00, 0x00, 0x00, 0x00, 0x20,
    0xF8, 0xF8, 0xB0, 0xB0, 0x70, 0x30, 0x30, 0x10, 0x00, 0x02, 0x00, 0x00, 0x3F, 0x00, 0x02, 0xF8,
    0x00, 0x03, 0xC0, 0x00, 0x0F, 0x80, 0x00, 0x1F, 0x00, 0x00, 0x2F, 0x00, 0x00, 0x3E, 0x00, 0x00,
    0x3E, 0x00, 0x00, 0x3C, 0x00, 0x00, 0x7C, 0x00, 0x00, 0xBC, 0x00, 0x00, 0xBC, 0x00, 0x00, 0xBC,
    0x00, 0x00, 0x3C, 0x00, 0x00, 0x3D, 0x00, 0x00, 0x3E, 0x00, 0x00, 0x3F, 0x00, 0x00, 0x2F, 0x00,
    0x00, 0x0F, 0x80, 0x00, 0x07, 0xC0, 0x00, 0x02, 0xF0, 0x00, 0x00, 0xBF, 0x00, 0x00, 0x06, 0x00,
    0x20, 0x00, 0x00, 0x3F, 0x40, 0x00, 0x07, 0xE0, 0x00, 0x00, 0xF8, 0x00, 0x00, 0xBC, 0x00, 0x00,
    0x3E, 0x00, 0x00, 0x2F, 0x00, 0x00, 0x2F, 0x00, 0x00, 0x0F, 0x00, 0x00, 0x0F, 0x80, 0x00, 0x0F,
    0x80, 0x00, 0x0F, 0x80, 0x00, 0x0F, 0x80, 0x00, 0x0F, 0x80, 0x00, 0x0F, 0x80, 0x00, 0x0F, 0x40,
    0x00, 0x1F, 0x00, 0x00, 0x2F, 0x00, 0x00, 0x3E, 0x00, 0x00, 0x7C, 0x00, 0x00, 0xF8, 0x00, 0x03,
    0xF0, 0x00, 0x3F, 0x80, 0x00, 0x28, 0x00, 0x00, 0x00, 0x00, 0x00, 0x00, 0x38, 0x00, 0x00, 0x7C,
    0x00, 0x00, 0x38, 0x00, 0x7E, 0x30, 0xFC, 0x3F, 0xEB, 0xF4, 0x00, 0x68, 0x00, 0x00, 0xEE, 0x00,
    0x03, 0xCB, 0xC0, 0x0B, 0x83, 0xC0, 0x0A, 0x00, 0x80, 0x00, 0x00, 0x80, 0x00, 0x00, 0x00, 0x02,
    0xE0, 0x00, 0x00, 0x00, 0x02, 0xE0, 0x00, 0x00, 0x00, 0x02, 0xE0, 0x00, 0x00, 0x00, 0x02, 0xE0,
    0x00, 0x00, 0x00, 0x02, 0xE0, 0x00, 0x00, 0x00, 0x02, 0xE0, 0x00, 0x00, 0x00, 0x02, 0xE0, 0x00,
    0x00, 0xBF, 0xFF, 0xFF, 0xFF, 0x80, 0xAA, 0xAB, 0xFA, 0xAA, 0x80, 0x00, 0x02, 0xE0, 0x00, 0x00,
    0x00, 0x02, 0xE0, 0x00, 0x00, 0x00, 0x02, 0xE0, 0x00, 0x00, 0x00, 0x02, 0xE0, 0x00, 0x00, 0x00,
    0x02, 0xE0, 0x00, 0x00, 0x00, 0x02, 0xE0, 0x00, 0x00, 0x00, 0x01, 0xD0, 0x00, 0x00, 0x02, 0x00,
    0x0F, 0xC0, 0x1F, 0xE0, 0x0B, 0xE0, 0x00, 0xE0, 0x02, 0xC0, 0x07, 0x80, 0x3E, 0x00, 0x10, 0x00,
    0xAA, 0xA4, 0xFF, 0xF8, 0x6A, 0xA0, 0x08, 0x00, 0x3F, 0x00, 0x7F, 0x00, 0x3F, 0x00, 0x00, 0x00,
    0x00, 0x00, 0x00, 0x00, 0x00, 0x00, 0x00, 0xF0, 0x00, 0x00, 0x02, 0xD0, 0x00, 0x00, 0x03, 0xC0,
    0x00, 0x00, 0x0F, 0x00, 0x00, 0x00, 0x0E, 0x00, 0x00, 0x00, 0x3C, 0x00, 0x00, 0x00, 0x78, 0x00,
    0x00, 0x00, 0xF0, 0x00, 0x00, 0x02, 0xE0, 0x00, 0x00, 0x03, 0xC0, 0x00, 0x00, 0x0B, 0x40, 0x00,
    0x00, 0x0F, 0x00, 0x00, 0x00, 0x3C, 0x00, 0x00, 0x00, 0x38, 0x00, 0x00, 0x00, 0xF0, 0x00, 0x00,
    0x02, 0xE0, 0x00, 0x00, 0x03, 0xC0, 0x00, 0x00, 0x0B, 0x80, 0x00, 0x00, 0x0F, 0x00, 0x00, 0x00,
    0x2C, 0x00, 0x00, 0x00, 0x24, 0x00, 0x00, 0x00, 0x00, 0x1B, 0xA0, 0x00, 0x00, 0xFF, 0xFC, 0x00,
    0x03, 0xF0, 0x2F, 0x00, 0x0B, 0xC0, 0x0F, 0xC0, 0x0F, 0x80, 0x0B, 0xC0, 0x2F, 0x80, 0x03, 0xE0,
    0x2F, 0x00, 0x03, 0xF0, 0x3F, 0x00, 0x03, 0xF0, 0x3F, 0x00, 0x03, 0xF0, 0x3F, 0x00, 0x03, 0xF0,
    0x3F, 0x00, 0x03, 0xF0, 0x3F, 0x00, 0x03, 0xF0, 0x2F, 0x00, 0x03, 0xF0, 0x2F, 0x40, 0x03, 0xF0,
    0x0F, 0x80, 0x07, 0xE0, 0x0F, 0xC0, 0x0B, 0xC0, 0x0B, 0xD0, 0x0F, 0x80, 0x02, 0xF8, 0x7F, 0x00,
    0x00, 0xBF, 0xF8, 0x00, 0x00, 0x00, 0x00, 0x00, 0x00, 0x1B, 0x00, 0x0B, 0xFF, 0x00, 0x3F, 0xFF,
    0x00, 0x00, 0x3F, 0x00, 0x00, 0x3F, 0x00, 0x00, 0x3F, 0x00, 0x00, 0x3F, 0x00, 0x00, 0x3F, 0x00,
    0x00, 0x3F, 0x00, 0x00, 0x3F, 0x00, 0x00, 0x3F, 0x00, 0x00, 0x3F, 0x00, 0x00, 0x3F, 0x00, 0x00,
    0x3F, 0x00, 0x00, 0x3F, 0x00, 0x00, 0x3F, 0x00, 0x00, 0x3F, 0x00, 0x0A, 0xBF, 0xA8, 0x0F, 0xFF,
    0xFC, 0x00, 0xAE, 0x80, 0x00, 0x0B, 0xFF, 0xF8, 0x00, 0x3F, 0x00, 0xFE, 0x00, 0x3E, 0x00, 0x3F,
    0x00, 0x7E, 0x00, 0x2F, 0x80, 0x3E, 0x00, 0x2F, 0x80, 0x00, 0x00, 0x2F, 0x80, 0x00, 0x00, 0x2F,
    0x00, 0x00, 0x00, 0x3F, 0x00, 0x00, 0x00, 0xFC, 0x00, 0x00, 0x02, 0xF4, 0x00, 0x00, 0x0B, 0xD0,
    0x00, 0x00, 0x2F, 0x40, 0x00, 0x00, 0xBC, 0x00, 0x00, 0x03, 0xF0, 0x02, 0xC0, 0x0F, 0x80, 0x03,
    0xC0, 0x3F, 0xAA, 0xAB, 0xC0, 0xFF, 0xFF, 0xFF, 0xC0, 0xFF, 0xFF, 0xFF, 0xC0, 0x00, 0xAE, 0x80,
    0x00, 0x0B, 0xFF, 0xF8, 0x00, 0x3F, 0x00, 0xFE, 0x00, 0x3E, 0x00, 0x3F, 0x00, 0x3E, 0x00, 0x2F,
    0x00, 0x28, 0x00, 0x2F, 0x00, 0x00, 0x00, 0x3F, 0x00, 0x00, 0x00, 0xBD, 0x00, 0x00, 0x1B, 0xF0,
    0x00, 0x00, 0xBF, 0xE0, 0x00, 0x00, 0x1A, 0xFE, 0x00, 0x00, 0x00, 0x3F, 0x80, 0x00, 0x00, 0x0F,
    0xC0, 0x00, 0x00, 0x0F, 0xC0, 0x10, 0x00, 0x0F, 0xC0, 0xBC, 0x00, 0x2F, 0x80, 0xBE, 0x00, 0x3F,
    0x00, 0x3F, 0x82, 0xFC, 0x00, 0x0B, 0xFF, 0xE0, 0x00, 0x00, 0x00, 0x00, 0x00, 0x00, 0x00, 0x1E,
    0x00, 0x00, 0x00, 0x3F, 0x00, 0x00, 0x00, 0xFF, 0x00, 0x00, 0x02, 0xFF, 0x00, 0x00, 0x0B, 0xFF,
    0x00, 0x00, 0x0F, 0x3F, 0x00, 0x00, 0x3C, 0x3F, 0x00, 0x00, 0xF8, 0x3F, 0x00, 0x02, 0xF0, 0x3F,
    0x00, 0x0B, 0xC0, 0x3F, 0x00, 0x0F, 0x00, 0x3F, 0x00, 0x3F, 0xAA, 0xBF, 0xA0, 0x3F, 0xFF, 0xFF,
    0xF0, 0x2A, 0xAA, 0xBF, 0xA0, 0x00, 0x00, 0x3F, 0x00, 0x00, 0x00, 0x3F, 0x00, 0x00, 0x00, 0x3F,
    0x00, 0x00, 0x00, 0x3F, 0x00, 0x00, 0x00, 0x3F, 0x00, 0x00, 0x00, 0x00, 0x00, 0x00, 0x00, 0x00,
    0x00, 0x3F, 0xFF, 0xFF, 0x00, 0x3F, 0xFF, 0xFF, 0x00, 0x3D, 0x00, 0x00, 0x00, 0x3C, 0x00, 0x00,
    0x00, 0x3C, 0x00, 0x00, 0x00, 0x3C, 0x00, 0x00, 0x00, 0x3D, 0x2A, 0x40, 0x00, 0x3F, 0xFF, 0xF8,
    0x00, 0x3E, 0x46, 0xFF, 0x00, 0x00, 0x00, 0x3F, 0x80, 0x00, 0x00, 0x1F, 0xC0, 0x00, 0x00, 0x0F,
    0xC0, 0x00, 0x00, 0x0F, 0xC0, 0x14, 0x00, 0x0F, 0xC0, 0xFC, 0x00, 0x2F, 0x80, 0xFE, 0x00, 0x3F,
    0x00, 0x3F, 0x82, 0xFC, 0x00, 0x0F, 0xFF, 0xE0, 0x00, 0x00, 0x00, 0x00, 0x00, 0x00, 0x00, 0x6A,
    0x00, 0x00, 0x0B, 0xFF, 0x00, 0x00, 0x3F, 0x80, 0x00, 0x01, 0xFC, 0x00, 0x00, 0x03, 0xF0, 0x00,
    0x00, 0x0F, 0xC0, 0x00, 0x00, 0x0F, 0x80, 0x00, 0x00, 0x2F, 0x9B, 0xF8, 0x00, 0x2F, 0xFF, 0xFF,
    0x80, 0x3F, 0xE0, 0x2F, 0xD0, 0x3F, 0x00, 0x0B, 0xF0, 0x3F, 0x00, 0x03, 0xF0, 0x3F, 0x00, 0x03,
    0xF0, 0x3F, 0x00, 0x03, 0xF0, 0x2F, 0x00, 0x03, 0xF0, 0x0F, 0x80, 0x03, 0xE0, 0x0F, 0xC0, 0x0F,
    0xC0, 0x03, 0xF8, 0x7F, 0x00, 0x00, 0xBF, 0xF8, 0x00, 0x00, 0x00, 0x00, 0x00, 0x00, 0x00, 0x00,
    0x00, 0xBF, 0xFF, 0xFF, 0xE0, 0xBF, 0xFF, 0xFF, 0xE0, 0xB8, 0x00, 0x0B, 0xC0, 0xB0, 0x00, 0x0F,
    0x80, 0x20, 0x00, 0x2F, 0x00, 0x00, 0x00, 0x3D, 0x00, 0x00, 0x00, 0xFC, 0x00, 0x00, 0x00, 0xF0,
    0x00, 0x00, 0x03, 0xF0, 0x00, 0x00, 0x0B, 0xC0, 0x00, 0x00, 0x0F, 0x80, 0x00, 0x00, 0x2F, 0x00,
    0x00, 0x00, 0x3E, 0x00, 0x00, 0x00, 0xBC, 0x00, 0x00, 0x00, 0xF8, 0x00, 0x00, 0x02, 0xF0, 0x00,
    0x00, 0x03, 0xD0, 0x00, 0x00, 0x0F, 0xC0, 0x00, 0x00, 0x00, 0x00, 0x00, 0x00, 0x00, 0x2B, 0xA0,
    0x00, 0x02, 0xFF, 0xFE, 0x00, 0x0B, 0xF0, 0x2F, 0x80, 0x0F, 0xC0, 0x0B, 0xC0, 0x0F, 0x80, 0x03,
    0xD0, 0x0F, 0xC0, 0x03, 0xD0, 0x0F, 0xC0, 0x0B, 0xC0, 0x0B, 0xF8, 0x0F, 0x80, 0x03, 0xFF, 0xBE,
    0x00, 0x00, 0xFF, 0xFC, 0x00, 0x03, 0xE7, 0xFF, 0x80, 0x0F, 0x80, 0x3F, 0xE0, 0x3F, 0x00, 0x0B,
    0xF0, 0x3E, 0x00, 0x03, 0xF0, 0x3F, 0x00, 0x03, 0xF0, 0x3F, 0x00, 0x03, 0xF0, 0x0F, 0x80, 0x0B,
    0xE0, 0x0B, 0xF8, 0x7F, 0x80, 0x00, 0xFF, 0xFD, 0x00, 0x00, 0x00, 0x00, 0x00, 0x00, 0x2B, 0xA0,
    0x00, 0x01, 0xFF, 0xFE, 0x00, 0x0B, 0xE0, 0x2F, 0x80, 0x0F, 0x80, 0x0B, 0xC0, 0x2F, 0x00, 0x03,
    0xE0, 0x3F, 0x00, 0x03, 0xF0, 0x3F, 0x00, 0x03, 0xF0, 0x3F, 0x00, 0x03, 0xF0, 0x3F, 0x00, 0x03,
    0xF0, 0x2F, 0xC0, 0x03, 0xF0, 0x0F, 0xF9, 0xBF, 0xF0, 0x03, 0xFF, 0xFB, 0xF0, 0x00, 0x2A, 0x03,
    0xE0, 0x00, 0x00, 0x0B, 0xC0, 0x00, 0x00, 0x0F, 0x80, 0x00, 0x00, 0x3F, 0x00, 0x00, 0x01, 0xFC,
    0x00, 0x00, 0xAF, 0xF0, 0x00, 0x03, 0xFE, 0x00, 0x00, 0x00, 0x00, 0x00, 0x00, 0x08, 0x00, 0x3F,
    0x00, 0x7F, 0x00, 0x3F, 0x00, 0x00, 0x00, 0x00, 0x00, 0x00, 0x00, 0x00, 0x00, 0x00, 0x00, 0x00,
    0x00, 0x08, 0x00, 0x3F, 0x00, 0x7F, 0x00, 0x3F, 0x00, 0x00, 0x00, 0x02, 0x00, 0x0F, 0xC0, 0x1F,
    0xC0, 0x0F, 0xC0, 0x00, 0x00, 0x00, 0x00, 0x00, 0x00, 0x00, 0x00, 0x00, 0x00, 0x00, 0x00, 0x02,
    0x00, 0x0F, 0xC0, 0x1F, 0xE0, 0x0B, 0xE0, 0x00, 0xE0, 0x02, 0xC0, 0x07, 0x80, 0x3E, 0x00, 0x10,
    0x00, 0x00, 0x00, 0x00, 0x00, 0x00, 0x00, 0x00, 0x00, 0x0B, 0x80, 0x00, 0x00, 0x02, 0xFF, 0x40,
    0x00, 0x00, 0x2F, 0xE0, 0x00, 0x00, 0x0B, 0xFD, 0x00, 0x00, 0x01, 0xFF, 0x80, 0x00, 0x00, 0x2F,
    0xE0, 0x00, 0x00, 0x00, 0xBD, 0x00, 0x00, 0x00, 0x00, 0xBF, 0x80, 0x00, 0x00, 0x00, 0x0B, 0xFD,
    0x00, 0x00, 0x00, 0x00, 0x2F, 0xE0, 0x00, 0x00, 0x00, 0x02, 0xFF, 0x80, 0x00, 0x00, 0x00, 0x0B,
    0xFD, 0x00, 0x00, 0x00, 0x00, 0x2F, 0x80, 0x00, 0x00, 0x00, 0x02, 0x80, 0x6A, 0xAA, 0xAA, 0xAA,
    0x40, 0xBF, 0xFF, 0xFF, 0xFF, 0x80, 0x00, 0x00, 0x00, 0x00, 0x00, 0x00, 0x00, 0x00, 0x00, 0x00,
    0x00, 0x00, 0x00, 0x00, 0x00, 0xAA, 0xAA, 0xAA, 0xAA, 0x80, 0xBF, 0xFF, 0xFF, 0xFF, 0x80, 0x00,
    0x00, 0x00, 0x00, 0x00, 0x00, 0x00, 0x00, 0x00, 0x00, 0xB8, 0x00, 0x00, 0x00, 0x00, 0x7F, 0xE0,
    0x00, 0x00, 0x00, 0x02, 0xFE, 0x00, 0x00, 0x00, 0x00, 0x1F, 0xF8, 0x00, 0x00, 0x00, 0x00, 0xBF,
    0xD0, 0x00, 0x00, 0x00, 0x02, 0xFE, 0x00, 0x00, 0x00, 0x00, 0x1F, 0x80, 0x00, 0x00, 0x00, 0xBF,
    0x80, 0x00, 0x00, 0x1F, 0xF8, 0x00, 0x00, 0x02, 0xFE, 0x00, 0x00, 0x00, 0xBF, 0xE0, 0x00, 0x00,
    0x1F, 0xF8, 0x00, 0x00, 0x00, 0xBE, 0x00, 0x00, 0x00, 0x00, 0xA0, 0x00, 0x00, 0x00, 0x00, 0x0A,
    0xE8, 0x00, 0x3F, 0xFF, 0x80, 0xBE, 0x0F, 0xE0, 0xBC, 0x03, 0xF0, 0x00, 0x02, 0xF0, 0x00, 0x02,
    0xF0, 0x00, 0x03, 0xF0, 0x00, 0x03, 0xF0, 0x00, 0x0F, 0xC0, 0x00, 0xBF, 0x00, 0x02, 0xF8, 0x00,
    0x02, 0xC0, 0x00, 0x02, 0xC0, 0x00, 0x02, 0xC0, 0x00, 0x00, 0x00, 0x00, 0x00, 0x00, 0x00, 0x03,
    0xF0, 0x00, 0x03, 0xF0, 0x00, 0x03, 0xF0, 0x00, 0x00, 0x00, 0x00, 0x00, 0x00, 0x1A, 0xFE, 0x40,
    0x00, 0x00, 0x02, 0xFE, 0xAB, 0xF8, 0x00, 0x00, 0x1F, 0x80, 0x00, 0x2F, 0x00, 0x00, 0xBC, 0x00,
    0x00, 0x03, 0xC0, 0x02, 0xF0, 0x00, 0x00, 0x01, 0xE0, 0x03, 0xC0, 0x00, 0xA0, 0x40, 0xF0, 0x0F,
    0x80, 0x1F, 0xFF, 0xE0, 0xB0, 0x0F, 0x00, 0xBC, 0x0B, 0xD0, 0x30, 0x2E, 0x00, 0xF0, 0x07, 0xC0,
    0x30, 0x3C, 0x03, 0xE0, 0x0B, 0xC0, 0x30, 0x3C, 0x03, 0xC0, 0x0F, 0x80, 0x30, 0x3C, 0x0B, 0xC0,
    0x0F, 0x80, 0xB0, 0x3C, 0x0B, 0xC0, 0x0F, 0x00, 0xF0, 0x3C, 0x0B, 0xC0, 0x1F, 0x01, 0xC0, 0x3C,
    0x0B, 0xD0, 0x3F, 0x03, 0x80, 0x2E, 0x03, 0xFA, 0xFF, 0xAF, 0x00, 0x1F, 0x02, 0xFF, 0x0F, 0xF8,
    0x00, 0x0F, 0x80, 0x00, 0x01, 0x00, 0x00, 0x03, 0xD0, 0x00, 0x00, 0x00, 0x00, 0x02, 0xF8, 0x00,
    0x00, 0x00, 0x00, 0x00, 0xBE, 0x00, 0x00, 0x2F, 0x00, 0x00, 0x0F, 0xFA, 0xAB, 0xF0, 0x00, 0x00,
    0x00, 0xBF, 0xFE, 0x00, 0x00, 0x00, 0x00, 0x00, 0x00, 0x00, 0x00, 0x00, 0x00, 0x3C, 0x00, 0x00,
    0x00, 0x00, 0xBE, 0x00, 0x00, 0x00, 0x00, 0xFF, 0x00, 0x00, 0x00, 0x00, 0xFF, 0x00, 0x00, 0x00,
    0x02, 0xFF, 0x80, 0x00, 0x00, 0x03, 0xCF, 0xC0, 0x00, 0x00, 0x07, 0x8B, 0xE0, 0x00, 0x00, 0x0F,
    0x03, 0xF0, 0x00, 0x00, 0x0F, 0x03, 0xF0, 0x00, 0x00, 0x2E, 0x02, 0xF8, 0x00, 0x00, 0x3D, 0x01,
    0xFC, 0x00, 0x00, 0x3F, 0xFF, 0xFC, 0x00, 0x00, 0xB8, 0x00, 0xBE, 0x00, 0x00, 0xF0, 0x00, 0x3F,
    0x00, 0x01, 0xE0, 0x00, 0x2F, 0x80, 0x02, 0xC0, 0x00, 0x0F, 0xC0, 0x03, 0xC0, 0x00, 0x0F, 0xC0,
    0x2F, 0xE0, 0x00, 0x2F, 0xF8, 0x3F, 0xF8, 0x00, 0xBF, 0xFC, 0x00, 0x00, 0x00, 0x00, 0x3F, 0xFF,
    0xFF, 0x40, 0x07, 0xE0, 0x2F, 0xD0, 0x03, 0xE0, 0x0B, 0xF0, 0x03, 0xE0, 0x03, 0xF0, 0x03, 0xE0,
    0x03, 0xF0, 0x03, 0xE0, 0x03, 0xF0, 0x03, 0xE0, 0x0B, 0xE0, 0x03, 0xE0, 0x7F, 0x00, 0x03, 0xFF,
    0xFF, 0x80, 0x03, 0xF0, 0x2F, 0xF0, 0x03, 0xE0, 0x02, 0xFC, 0x03, 0xE0, 0x00, 0xFC, 0x03, 0xE0,
    0x00, 0xFC, 0x03, 0xE0, 0x00, 0xFC, 0x03, 0xE0, 0x00, 0xFC, 0x03, 0xE0, 0x03, 0xF8, 0x2B, 0xFA,
    0xBF, 0xE0, 0x3F, 0xFF, 0xFA, 0x00, 0x00, 0x01, 0xAE, 0x90, 0x00, 0x00, 0x2F, 0xFF, 0xFF, 0x00,
    0x00, 0xFF, 0x00, 0x3F, 0x00, 0x03, 0xF8, 0x00, 0x0F, 0x00, 0x0B, 0xE0, 0x00, 0x0F, 0x00, 0x0F,
    0xC0, 0x00, 0x0A, 0x00, 0x2F, 0xC0, 0x00, 0x00, 0x00, 0x3F, 0x80, 0x00, 0x00, 0x00, 0x3F, 0x00,
    0x00, 0x00, 0x00, 0x3F, 0x00, 0x00, 0x00, 0x00, 0x3F, 0x00, 0x00, 0x00, 0x00, 0x3F, 0x40, 0x00,
    0x00, 0x00, 0x2F, 0x80, 0x00, 0x00, 0x00, 0x0F, 0xC0, 0x00, 0x00, 0x00, 0x0F, 0xD0, 0x00, 0x0F,
    0x00, 0x03, 0xF0, 0x00, 0x0F, 0x00, 0x02, 0xFC, 0x00, 0x1F, 0x00, 0x00, 0xBF, 0xE1, 0xBF, 0x00,
    0x00, 0x0B, 0xFF, 0xFE, 0x00, 0x00, 0x00, 0x00, 0x00, 0x00, 0x00, 0x00, 0x00, 0x00, 0x00, 0x3F,
    0xFF, 0xFF, 0x80, 0x00, 0x07, 0xE0, 0x0B, 0xF8, 0x00, 0x03, 0xE0, 0x00, 0xFE, 0x00, 0x03, 0xE0,
    0x00, 0x3F, 0x80, 0x03, 0xE0, 0x00, 0x0F, 0xC0, 0x03, 0xE0, 0x00, 0x0F, 0xD0, 0x03, 0xE0, 0x00,
    0x0B, 0xE0, 0x03, 0xE0, 0x00, 0x0B, 0xE0, 0x03, 0xE0, 0x00, 0x0B, 0xF0, 0x03, 0xE0, 0x00, 0x0B,
    0xF0, 0x03, 0xE0, 0x00, 0x0B, 0xE0, 0x03, 0xE0, 0x00, 0x0B, 0xE0, 0x03, 0xE0, 0x00, 0x0F, 0xC0,
    0x03, 0xE0, 0x00, 0x2F, 0xC0, 0x03, 0xE0, 0x00, 0x3F, 0x00, 0x03, 0xE0, 0x02, 0xFC, 0x00, 0x2B,
    0xFA, 0xBF, 0xF0, 0x00, 0x3F, 0xFF, 0xFE, 0x00, 0x00, 0x00, 0x00, 0x00, 0x00, 0x3F, 0xFF, 0xFF,
    0xF0, 0x07, 0xE0, 0x00, 0xF0, 0x03, 0xE0, 0x00, 0xF0, 0x03, 0xE0, 0x00, 0xB0, 0x03, 0xE0, 0x00,
    0x00, 0x03, 0xE0, 0x0A, 0x00, 0x03, 0xE0, 0x0F, 0x00, 0x03, 0xF0, 0x1F, 0x00, 0x03, 0xFF, 0xFF,
    0x00, 0x03, 0xF0, 0x0F, 0x00, 0x03, 0xE0, 0x0F, 0x00, 0x03, 0xE0, 0x06, 0x00, 0x03, 0xE0, 0x00,
    0x00, 0x03, 0xE0, 0x00, 0x28, 0x03, 0xE0, 0x00, 0x3C, 0x03, 0xE0, 0x00, 0x3C, 0x2B, 0xFA, 0xAA,
    0xBC, 0x3F, 0xFF, 0xFF, 0xFC, 0x00, 0x00, 0x00, 0x00, 0xBF, 0xFF, 0xFF, 0xF0, 0x07, 0xE0, 0x02,
    0xF0, 0x03, 0xE0, 0x00, 0xF0, 0x03, 0xE0, 0x00, 0xF0, 0x03, 0xE0, 0x00, 0x00, 0x03, 0xE0, 0x00,
    0x00, 0x03, 0xE0, 0x0B, 0x00, 0x03, 0xE0, 0x0F, 0x00, 0x03, 0xFF, 0xFF, 0x00, 0x03, 0xFA, 0xAF,
    0x00, 0x03, 0xE0, 0x0F, 0x00, 0x03, 0xE0, 0x0B, 0x00, 0x03, 0xE0, 0x00, 0x00, 0x03, 0xE0, 0x00,
    0x00, 0x03, 0xE0, 0x00, 0x00, 0x03, 0xE0, 0x00, 0x00, 0x2B, 0xFA, 0x00, 0x00, 0x3F, 0xFF, 0x00,
    0x00, 0x00, 0x00, 0xAA, 0xA0, 0x00, 0x00, 0x2F, 0xFF, 0xFF, 0x00, 0x00, 0xFF, 0x00, 0x2F, 0x00,
    0x03, 0xF8, 0x00, 0x0F, 0x00, 0x0B, 0xE0, 0x00, 0x0F, 0x00, 0x0F, 0xC0, 0x00, 0x0A, 0x00, 0x2F,
    0x80, 0x00, 0x00, 0x00, 0x3F, 0x80, 0x00, 0x00, 0x00, 0x3F, 0x00, 0x00, 0x00, 0x00, 0x3F, 0x00,
    0x00, 0x00, 0x00, 0x3F, 0x00, 0x03, 0xFF, 0xF0, 0x3F, 0x40, 0x01, 0xBF, 0x90, 0x2F, 0x80, 0x00,
    0x2F, 0x00, 0x0F, 0xC0, 0x00, 0x2F, 0x00, 0x0F, 0xD0, 0x00, 0x2F, 0x00, 0x03, 0xF0, 0x00, 0x2F,
    0x00, 0x02, 0xFC, 0x00, 0x2F, 0x00, 0x00, 0xBF, 0xE5, 0xBF, 0x00, 0x00, 0x0B, 0xFF, 0xFE, 0x00,
    0x00, 0x00, 0x00, 0x00, 0x00, 0x00, 0x00, 0x00, 0x00, 0x00, 0x3F, 0xFF, 0x00, 0xBF, 0xFC, 0x07,
    0xF0, 0x00, 0x0B, 0xE0, 0x03, 0xE0, 0x00, 0x0B, 0xC0, 0x03, 0xE0, 0x00, 0x0B, 0xC0, 0x03, 0xE0,
    0x00, 0x0B, 0xC0, 0x03, 0xE0, 0x00, 0x0B, 0xC0, 0x03, 0xE0, 0x00, 0x0B, 0xC0, 0x03, 0xFA, 0xAA,
    0xAF, 0xC0, 0x03, 0xFF, 0xFF, 0xFF, 0xC0, 0x03, 0xE0, 0x00, 0x0B, 0xC0, 0x03, 0xE0, 0x00, 0x0B,
    0xC0, 0x03, 0xE0, 0x00, 0x0B, 0xC0, 0x03, 0xE0, 0x00, 0x0B, 0xC0, 0x03, 0xE0, 0x00, 0x0B, 0xC0,
    0x03, 0xE0, 0x00, 0x0B, 0xC0, 0x03, 0xE0, 0x00, 0x0B, 0xC0, 0x2B, 0xF8, 0x00, 0x2F, 0xF8, 0x3F,
    0xFF, 0x00, 0xBF, 0xFC, 0x00, 0x00, 0x00, 0x3F, 0xFF, 0x00, 0x03, 0xF0, 0x00, 0x03, 0xF0, 0x00,
    0x03, 0xF0, 0x00, 0x03, 0xF0, 0x00, 0x03, 0xF0, 0x00, 0x03, 0xF0, 0x00, 0x03, 0xF0, 0x00, 0x03,
    0xF0, 0x00, 0x03, 0xF0, 0x00, 0x03, 0xF0, 0x00, 0x03, 0xF0, 0x00, 0x03, 0xF0, 0x00, 0x03, 0xF0,
    0x00, 0x03, 0xF0, 0x00, 0x03, 0xF0, 0x00, 0x2B, 0xFA, 0x00, 0x3F, 0xFF, 0x00, 0x00, 0x00, 0x00,
    0x00, 0x00, 0x3F, 0xFF, 0x80, 0x00, 0x02, 0xF8, 0x00, 0x00, 0x02, 0xF0, 0x00, 0x00, 0x02, 0xF0,
    0x00, 0x00, 0x02, 0xF0, 0x00, 0x00, 0x02, 0xF0, 0x00, 0x00, 0x02, 0xF0, 0x00, 0x00, 0x02, 0xF0,
    0x00, 0x00, 0x02, 0xF0, 0x00, 0x00, 0x02, 0xF0, 0x00, 0x00, 0x02, 0xF0, 0x00, 0x00, 0x02, 0xF0,
    0x00, 0x00, 0x02, 0xF0, 0x00, 0xB8, 0x03, 0xF0, 0x00, 0xB8, 0x03, 0xF0, 0x00, 0xBC, 0x0B, 0xE0,
    0x00, 0xBE, 0x2F, 0xC0, 0x00, 0x3F, 0xFE, 0x00, 0x00, 0x00, 0x00, 0x00, 0x00, 0x00, 0x00, 0x00,
    0x00, 0x00, 0x3F, 0xFF, 0x03, 0xFF, 0x80, 0x07, 0xF0, 0x00, 0xF8, 0x00, 0x03, 0xE0, 0x02, 0xE0,
    0x00, 0x03, 0xE0, 0x07, 0xC0, 0x00, 0x03, 0xE0, 0x0F, 0x00, 0x00, 0x03, 0xE0, 0x3C, 0x00, 0x00,
    0x03, 0xE0, 0xF4, 0x00, 0x00, 0x03, 0xE2, 0xE0, 0x00, 0x00, 0x03, 0xFB, 0xF0, 0x00, 0x00, 0x03,
    0xFF, 0xF8, 0x00, 0x00, 0x03, 0xE0, 0xFC, 0x00, 0x00, 0x03, 0xE0, 0xBF, 0x00, 0x00, 0x03, 0xE0,
    0x3F, 0x80, 0x00, 0x03, 0xE0, 0x0F, 0xC0, 0x00, 0x03, 0xE0, 0x07, 0xF0, 0x00, 0x03, 0xE0, 0x02,
    0xF8, 0x00, 0x2B, 0xF8, 0x00, 0xFE, 0x80, 0x3F, 0xFF, 0x00, 0xBF, 0xC0, 0x00, 0x00, 0x00, 0x00,
    0x3F, 0xFE, 0x00, 0x00, 0x07, 0xF0, 0x00, 0x00, 0x03, 0xE0, 0x00, 0x00, 0x03, 0xE0, 0x00, 0x00,
    0x03, 0xE0, 0x00, 0x00, 0x03, 0xE0, 0x00, 0x00, 0x03, 0xE0, 0x00, 0x00, 0x03, 0xE0, 0x00, 0x00,
    0x03, 0xE0, 0x00, 0x00, 0x03, 0xE0, 0x00, 0x00, 0x03, 0xE0, 0x00, 0x00, 0x03, 0xE0, 0x00, 0x00,
    0x03, 0xE0, 0x00, 0x00, 0x03, 0xE0, 0x00, 0xF0, 0x03, 0xE0, 0x00, 0xF0, 0x03, 0xE0, 0x00, 0xF0,
    0x2B, 0xFA, 0xAB, 0xF0, 0x3F, 0xFF, 0xFF, 0xF0, 0x00, 0x00, 0x00, 0x00, 0x00, 0x00, 0x3F, 0xFC,
    0x00, 0x00, 0xBF, 0xFC, 0x07, 0xFC, 0x00, 0x00, 0xFF, 0xC0, 0x03, 0xFE, 0x00, 0x00, 0xFF, 0xC0,
    0x03, 0xBF, 0x00, 0x02, 0xDF, 0xC0, 0x03, 0xAF, 0x80, 0x03, 0xCF, 0xC0, 0x03, 0x8F, 0xC0, 0x03,
    0x8F, 0xC0, 0x03, 0x8F, 0xC0, 0x0B, 0x0F, 0xC0, 0x03, 0x87, 0xE0, 0x0F, 0x0F, 0xC0, 0x03, 0x83,
    0xF0, 0x2D, 0x0F, 0xC0, 0x03, 0x82, 0xF0, 0x3C, 0x0F, 0xC0, 0x03, 0x80, 0xF8, 0x38, 0x0F, 0xC0,
    0x03, 0x80, 0xFC, 0xB0, 0x0F, 0xC0, 0x03, 0x80, 0xBE, 0xF0, 0x0F, 0xC0, 0x03, 0x80, 0x3F, 0xE0,
    0x0F, 0xC0, 0x03, 0x80, 0x3F, 0xC0, 0x0F, 0xC0, 0x03, 0x80, 0x2F, 0xC0, 0x0F, 0xC0, 0x2B, 0xE0,
    0x0F, 0x80, 0xAF, 0xE4, 0x3F, 0xF8, 0x0F, 0x00, 0xFF, 0xFC, 0x00, 0x00, 0x00, 0x00, 0x00, 0xBF,
    0xF0, 0x00, 0x3F, 0xFC, 0x07, 0xFC, 0x00, 0x03, 0xC0, 0x03, 0xFE, 0x00, 0x03, 0x80, 0x03, 0xFF,
    0x00, 0x03, 0x80, 0x03, 0xAF, 0xC0, 0x03, 0x80, 0x03, 0x8F, 0xE0, 0x03, 0x80, 0x03, 0x83, 0xF0,
    0x03, 0x80, 0x03, 0x82, 0xFC, 0x03, 0x80, 0x03, 0x80, 0xFE, 0x03, 0x80, 0x03, 0x80, 0x3F, 0x03,
    0x80, 0x03, 0x80, 0x2F, 0xC3, 0x80, 0x03, 0x80, 0x0F, 0xE3, 0x80, 0x03, 0x80, 0x03, 0xF3, 0x80,
    0x03, 0x80, 0x02, 0xFF, 0x80, 0x03, 0x80, 0x00, 0xFF, 0x80, 0x03, 0x80, 0x00, 0x3F, 0x80, 0x2B,
    0xE0, 0x00, 0x2F, 0x80, 0x3F, 0xF8, 0x00, 0x0F, 0x80, 0x00, 0x02, 0xAA, 0x40, 0x00, 0x00, 0x2F,
    0xFF, 0xF8, 0x00, 0x00, 0xFE, 0x00, 0xFF, 0x00, 0x03, 0xF0, 0x00, 0x2F, 0x80, 0x0B, 0xE0, 0x00,
    0x0F, 0xD0, 0x0F, 0xC0, 0x00, 0x07, 0xF0, 0x2F, 0x80, 0x00, 0x03, 0xF0, 0x3F, 0x80, 0x00, 0x03,
    0xF8, 0x3F, 0x00, 0x00, 0x02, 0xF8, 0x3F, 0x00, 0x00, 0x02, 0xF8, 0x3F, 0x00, 0x00, 0x02, 0xF8,
    0x3F, 0x40, 0x00, 0x02, 0xF8, 0x2F, 0x80, 0x00, 0x03, 0xF4, 0x1F, 0xC0, 0x00, 0x03, 0xF0, 0x0F,
    0xC0, 0x00, 0x0B, 0xE0, 0x07, 0xF0, 0x00, 0x0F, 0xC0, 0x02, 0xF8, 0x00, 0x3F, 0x40, 0x00, 0xBF,
    0x86, 0xFD, 0x00, 0x00, 0x0B, 0xFF, 0xE0, 0x00, 0x00, 0x00, 0x00, 0x00, 0x00, 0x00, 0x00, 0x00,
    0x00, 0xBF, 0xFF, 0xFF, 0x00, 0x07, 0xE0, 0x2F, 0xE0, 0x03, 0xE0, 0x03, 0xF0, 0x03, 0xE0, 0x02,
    0xF8, 0x03, 0xE0, 0x02, 0xF8, 0x03, 0xE0, 0x01, 0xF8, 0x03, 0xE0, 0x02, 0xF8, 0x03, 0xE0, 0x03,
    0xF0, 0x03, 0xE0, 0x0B, 0xE0, 0x03, 0xF5, 0xBF, 0xC0, 0x03, 0xFF, 0xF8, 0x00, 0x03, 0xE0, 0x00,
    0x00, 0x03, 0xE0, 0x00, 0x00, 0x03, 0xE0, 0x00, 0x00, 0x03, 0xE0, 0x00, 0x00, 0x03, 0xE0, 0x00,
    0x00, 0x2B, 0xFA, 0x00, 0x00, 0x3F, 0xFF, 0x00, 0x00, 0x00, 0x02, 0xAA, 0x80, 0x00, 0x00, 0x2F,
    0xFF, 0xF8, 0x00, 0x00, 0xFE, 0x00, 0xBF, 0x00, 0x03, 0xF4, 0x00, 0x2F, 0xC0, 0x0B, 0xE0, 0x00,
    0x0B, 0xE0, 0x0F, 0xC0, 0x00, 0x03, 0xF0, 0x2F, 0xC0, 0x00, 0x03, 0xF8, 0x3F, 0x80, 0x00, 0x02,
    0xF8, 0x3F, 0x40, 0x00, 0x02, 0xFC, 0x3F, 0x00, 0x00, 0x01, 0xFC, 0x3F, 0x00, 0x00, 0x02, 0xFC,
    0x3F, 0x80, 0x00, 0x02, 0xFC, 0x2F, 0x80, 0x00, 0x02, 0xF8, 0x1F, 0xC0, 0x00, 0x03, 0xF0, 0x0F,
    0xC0, 0x00, 0x07, 0xF0, 0x0B, 0xF0, 0x00, 0x0F, 0xD0, 0x02, 0xFC, 0x00, 0x3F, 0x80, 0x00, 0xBF,
    0x96, 0xFE, 0x00, 0x00, 0x0F, 0xFF, 0xE0, 0x00, 0x00, 0x00, 0xBE, 0x00, 0x00, 0x00, 0x00, 0x3F,
    0x00, 0x00, 0x00, 0x00, 0x3F, 0x80, 0x00, 0x00, 0x00, 0x1F, 0xFE, 0xF0, 0x00, 0x00, 0x02, 0xBE,
    0x90, 0x00, 0x00, 0x00, 0x00, 0x00, 0x3F, 0xFF, 0xFF, 0x40, 0x00, 0x07, 0xE0, 0x2F, 0xE0, 0x00,
    0x03, 0xE0, 0x03, 0xF0, 0x00, 0x03, 0xE0, 0x02, 0xF8, 0x00, 0x03, 0xE0, 0x02, 0xF8, 0x00, 0x03,
    0xE0, 0x02, 0xF8, 0x00, 0x03, 0xE0, 0x03, 0xF0, 0x00, 0x03, 0xE0, 0x0B, 0xD0, 0x00, 0x03, 0xFA,
    0xFE, 0x00, 0x00, 0x03, 0xFF, 0xFE, 0x00, 0x00, 0x03, 0xE0, 0x3F, 0x80, 0x00, 0x03, 0xE0, 0x0F,
    0xC0, 0x00, 0x03, 0xE0, 0x03, 0xE0, 0x00, 0x03, 0xE0, 0x03, 0xF0, 0x00, 0x03, 0xE0, 0x02, 0xF0,
    0x00, 0x03, 0xE0, 0x00, 0xFC, 0x00, 0x2B, 0xF8, 0x00, 0xFF, 0x80, 0x3F, 0xFE, 0x00, 0x3F, 0xE0,
    0x00, 0x00, 0x00, 0x00, 0x00, 0x00, 0x2B, 0xA4, 0x00, 0x02, 0xFF, 0xFF, 0x40, 0x0F, 0xE0, 0x0F,
    0x80, 0x0F, 0x80, 0x0B, 0x80, 0x2F, 0x00, 0x0B, 0x80, 0x2F, 0x00, 0x02, 0x00, 0x2F, 0xC0, 0x00,
    0x00, 0x0F, 0xF0, 0x00, 0x00, 0x0B, 0xFF, 0x00, 0x00, 0x02, 0xFF, 0xF4, 0x00, 0x00, 0x2F, 0xFE,
    0x00, 0x00, 0x02, 0xFF, 0x80, 0x00, 0x00, 0x3F, 0xC0, 0x28, 0x00, 0x0F, 0xC0, 0x3C, 0x00, 0x0F,
    0xC0, 0x3C, 0x00, 0x0F, 0xC0, 0x3C, 0x00, 0x2F, 0x00, 0x3F, 0xA6, 0xFE, 0x00, 0x2F, 0xFF, 0xF0,
    0x00, 0x00, 0x00, 0x00, 0x00, 0x00, 0x00, 0x00, 0x00, 0xBF, 0xFF, 0xFF, 0xFF, 0xB8, 0x0B, 0xE0,
    0x2F, 0xB0, 0x03, 0xE0, 0x0F, 0xB0, 0x03, 0xE0, 0x0F, 0x00, 0x03, 0xE0, 0x00, 0x00, 0x03, 0xE0,
    0x00, 0x00, 0x03, 0xE0, 0x00, 0x00, 0x03, 0xE0, 0x00, 0x00, 0x03, 0xE0, 0x00, 0x00, 0x03, 0xE0,
    0x00, 0x00, 0x03, 0xE0, 0x00, 0x00, 0x03, 0xE0, 0x00, 0x00, 0x03, 0xE0, 0x00, 0x00, 0x03, 0xE0,
    0x00, 0x00, 0x03, 0xE0, 0x00, 0x00, 0x03, 0xE0, 0x00, 0x00, 0x2F, 0xF8, 0x00, 0x00, 0xBF, 0xFF,
    0x00, 0x00, 0x00, 0x00, 0x00, 0x00, 0x3F, 0xFF, 0x00, 0xBF, 0xF8, 0x0B, 0xF0, 0x00, 0x0B, 0x80,
    0x03, 0xE0, 0x00, 0x03, 0x80, 0x03, 0xE0, 0x00, 0x03, 0x80, 0x03, 0xE0, 0x00, 0x03, 0x80, 0x03,
    0xE0, 0x00, 0x03, 0x80, 0x03, 0xE0, 0x00, 0x03, 0x80, 0x03, 0xE0, 0x00, 0x03, 0x80, 0x03, 0xE0,
    0x00, 0x03, 0x80, 0x03, 0xE0, 0x00, 0x03, 0x80, 0x03, 0xE0, 0x00, 0x03, 0x80, 0x03, 0xE0, 0x00,
    0x07, 0x80, 0x03, 0xF0, 0x00, 0x0B, 0x40, 0x03, 0xF0, 0x00, 0x0B, 0x00, 0x03, 0xF4, 0x00, 0x0F,
    0x00, 0x02, 0xFC, 0x00, 0x3E, 0x00, 0x00, 0xFF, 0xEB, 0xFC, 0x00, 0x00, 0x2F, 0xFF, 0xE0, 0x00,
    0x00, 0x00, 0x00, 0x00, 0x00, 0x00, 0x00, 0x00, 0x00, 0x00, 0xFF, 0xFC, 0x00, 0xBF, 0xF0, 0x0F,
    0xC0, 0x00, 0x0F, 0x00, 0x0F, 0xD0, 0x00, 0x0F, 0x00, 0x07, 0xE0, 0x00, 0x2E, 0x00, 0x03, 0xF0,
    0x00, 0x3C, 0x00, 0x02, 0xF8, 0x00, 0x38, 0x00, 0x00, 0xFC, 0x00, 0xB4, 0x00, 0x00, 0xFC, 0x00,
    0xF0, 0x00, 0x00, 0xBE, 0x00, 0xE0, 0x00, 0x00, 0x3F, 0x02, 0xC0, 0x00, 0x00, 0x3F, 0x03, 0xC0,
    0x00, 0x00, 0x2F, 0x83, 0x80, 0x00, 0x00, 0x0F, 0xCB, 0x00, 0x00, 0x00, 0x0F, 0xDF, 0x00, 0x00,
    0x00, 0x0B, 0xFE, 0x00, 0x00, 0x00, 0x03, 0xFC, 0x00, 0x00, 0x00, 0x02, 0xFC, 0x00, 0x00, 0x00,
    0x01, 0xF8, 0x00, 0x00, 0x00, 0x00, 0x00, 0x00, 0x00, 0x00, 0x00, 0x00, 0x00, 0x00, 0x00, 0x00,
    0xFF, 0xF8, 0x00, 0xF8, 0x02, 0xFF, 0xC0, 0x1F, 0xC0, 0x02, 0xF8, 0x00, 0x3D, 0x00, 0x0F, 0xC0,
    0x03, 0xFC, 0x00, 0x3C, 0x00, 0x0B, 0xC0, 0x03, 0xFC, 0x00, 0x3C, 0x00, 0x0B, 0xE0, 0x0B, 0xBE,
    0x00, 0x78, 0x00, 0x03, 0xE0, 0x0F, 0x3F, 0x00, 0xB0, 0x00, 0x03, 0xF0, 0x0F, 0x2F, 0x00, 0xF0,
    0x00, 0x02, 0xF0, 0x2E, 0x0F, 0x80, 0xF0, 0x00, 0x01, 0xF8, 0x2C, 0x0F, 0xC0, 0xE0, 0x00, 0x00,
    0xFC, 0x3C, 0x0B, 0xC2, 0xC0, 0x00, 0x00, 0xFC, 0x38, 0x03, 0xE3, 0xC0, 0x00, 0x00, 0xBC, 0xB0,
    0x03, 0xE3, 0xC0, 0x00, 0x00, 0x7E, 0xF0, 0x02, 0xF3, 0x80, 0x00, 0x00, 0x3F, 0xE0, 0x02, 0xFF,
    0x00, 0x00, 0x00, 0x3F, 0xD0, 0x00, 0xFF, 0x00, 0x00, 0x00, 0x2F, 0xC0, 0x00, 0xFF, 0x00, 0x00,
    0x00, 0x0F, 0xC0, 0x00, 0xBE, 0x00, 0x00, 0x00, 0x0F, 0x80, 0x00, 0x3D, 0x00, 0x00, 0x00, 0x00,
    0x00, 0x00, 0x00, 0x00, 0x00, 0x00, 0x00, 0x00, 0x00, 0x00, 0xBF, 0xFE, 0x03, 0xFF, 0x80, 0x0B,
    0xF0, 0x00, 0xBC, 0x00, 0x03, 0xF8, 0x00, 0xF0, 0x00, 0x00, 0xFC, 0x03, 0xC0, 0x00, 0x00, 0xBF,
    0x0B, 0x80, 0x00, 0x00, 0x3F, 0x4F, 0x00, 0x00, 0x00, 0x1F, 0xFC, 0x00, 0x00, 0x00, 0x0B, 0xF8,
    0x00, 0x00, 0x00, 0x03, 0xF0, 0x00, 0x00, 0x00, 0x03, 0xFC, 0x00, 0x00, 0x00, 0x0F, 0xFE, 0x00,
    0x00, 0x00, 0x2E, 0x3F, 0x00, 0x00, 0x00, 0xBC, 0x2F, 0xC0, 0x00, 0x00, 0xF0, 0x0F, 0xE0, 0x00,
    0x03, 0xC0, 0x03, 0xF0, 0x00, 0x0B, 0x80, 0x02, 0xFC, 0x00, 0x6F, 0xA0, 0x0A, 0xFE, 0x80, 0xFF,
    0xF0, 0x0F, 0xFF, 0xC0, 0x00, 0x00, 0x00, 0x00, 0x00, 0xFF, 0xF8, 0x03, 0xFF, 0x80, 0x0F, 0xC0,
    0x00, 0x3C, 0x00, 0x0B, 0xE0, 0x00, 0xB8, 0x00, 0x03, 0xF0, 0x00, 0xF0, 0x00, 0x02, 0xF8, 0x03,
    0xC0, 0x00, 0x00, 0xFC, 0x0B, 0x80, 0x00, 0x00, 0x7F, 0x0F, 0x00, 0x00, 0x00, 0x3F, 0x2E, 0x00,
    0x00, 0x00, 0x0F, 0xFC, 0x00, 0x00, 0x00, 0x0B, 0xF0, 0x00, 0x00, 0x00, 0x03, 0xF0, 0x00, 0x00,
    0x00, 0x03, 0xF0, 0x00, 0x00, 0x00, 0x03, 0xF0, 0x00, 0x00, 0x00, 0x03, 0xF0, 0x00, 0x00, 0x00,
    0x03, 0xF0, 0x00, 0x00, 0x00, 0x03, 0xF0, 0x00, 0x00, 0x00, 0x2B, 0xFA, 0x00, 0x00, 0x00, 0x3F,
    0xFF, 0x00, 0x00, 0x00, 0x00, 0x00, 0x00, 0x2F, 0xFF, 0xFF, 0xF8, 0x2F, 0x00, 0x0B, 0xF0, 0x2E,
    0x00, 0x0F, 0xE0, 0x2D, 0x00, 0x2F, 0xC0, 0x00, 0x00, 0x3F, 0x00, 0x00, 0x00, 0xFE, 0x00, 0x00,
    0x02, 0xFC, 0x00, 0x00, 0x03, 0xF0, 0x00, 0x00, 0x0F, 0xE0, 0x00, 0x00, 0x2F, 0xC0, 0x00, 0x00,
    0x3F, 0x00, 0x00, 0x00, 0xFE, 0x00, 0x00, 0x01, 0xFC, 0x00, 0x00, 0x03, 0xF4, 0x00, 0x38, 0x0B,
    0xE0, 0x00, 0xB8, 0x0F, 0xC0, 0x00, 0xB8, 0x3F, 0xEA, 0xAA, 0xF8, 0x3F, 0xFF, 0xFF, 0xF8, 0x00,
    0x00, 0x7F, 0xFC, 0x7C, 0x00, 0x7C, 0x00, 0x7C, 0x00, 0x7C, 0x00, 0x7C, 0x00, 0x7C, 0x00, 0x7C,
    0x00, 0x7C, 0x00, 0x7C, 0x00, 0x7C, 0x00, 0x7C, 0x00, 0x7C, 0x00, 0x7C, 0x00, 0x7C, 0x00, 0x7C,
    0x00, 0x7C, 0x00, 0x7C, 0x00, 0x7C, 0x00, 0x7C, 0x00, 0x7C, 0x00, 0x7F, 0xFC, 0x2A, 0xA8, 0x00,
    0x00, 0x00, 0x00, 0x2C, 0x00, 0x00, 0x00, 0x0F, 0x00, 0x00, 0x00, 0x0B, 0x40, 0x00, 0x00, 0x03,
    0xC0, 0x00, 0x00, 0x02, 0xE0, 0x00, 0x00, 0x00, 0xF0, 0x00, 0x00, 0x00, 0x78, 0x00, 0x00, 0x00,
    0x3C, 0x00, 0x00, 0x00, 0x0F, 0x00, 0x00, 0x00, 0x0B, 0x00, 0x00, 0x00, 0x03, 0xC0, 0x00, 0x00,
    0x02, 0xD0, 0x00, 0x00, 0x00, 0xF0, 0x00, 0x00, 0x00, 0xB8, 0x00, 0x00, 0x00, 0x3C, 0x00, 0x00,
    0x00, 0x1E, 0x00, 0x00, 0x00, 0x0F, 0x00, 0x00, 0x00, 0x03, 0xC0, 0x00, 0x00, 0x02, 0xC0, 0x00,
    0x00, 0x00, 0xF0, 0x00, 0x00, 0x00, 0x20, 0x00, 0x00, 0xFF, 0xFC, 0x00, 0xBC, 0x00, 0xBC, 0x00,
    0xBC, 0x00, 0xBC, 0x00, 0xBC, 0x00, 0xBC, 0x00, 0xBC, 0x00, 0xBC, 0x00, 0xBC, 0x00, 0xBC, 0x00,
    0xBC, 0x00, 0xBC, 0x00, 0xBC, 0x00, 0xBC, 0x00, 0xBC, 0x00, 0xBC, 0x00, 0xBC, 0x00, 0xBC, 0x00,
    0xBC, 0x00, 0xBC, 0xFF, 0xFC, 0xAA, 0xA8, 0x00, 0xA8, 0x00, 0x02, 0xFD, 0x00, 0x03, 0xFF, 0x00,
    0x0F, 0x4B, 0xC0, 0x3C, 0x02, 0xE0, 0x00, 0x00, 0x00, 0x3F, 0xFF, 0xF0, 0x3F, 0xFF, 0xF0, 0x00,
    0x00, 0x00, 0x00, 0x00, 0x3E, 0x00, 0x3F, 0x80, 0x1F, 0xC0, 0x02, 0xF0, 0x00, 0x3C, 0x00, 0x00,
    0x00, 0x1A, 0x80, 0x00, 0x03, 0xFF, 0xF8, 0x00, 0x0F, 0x80, 0xFC, 0x00, 0x2F, 0x80, 0x3C, 0x00,
    0x0A, 0x00, 0x3E, 0x00, 0x00, 0x00, 0xBE, 0x00, 0x00, 0x2F, 0xFE, 0x00, 0x07, 0xF8, 0x3E, 0x00,
    0x2F, 0x80, 0x3E, 0x00, 0x3F, 0x00, 0x3E, 0x00, 0x3E, 0x00, 0x3E, 0x00, 0x3F, 0x00, 0xBE, 0x00,
    0x2F, 0xEB, 0xFF, 0x00, 0x0B, 0xFC, 0x3F, 0xC0, 0x00, 0x00, 0x00, 0x00, 0x00, 0x00, 0x00, 0x00,
    0x2F, 0xC0, 0x00, 0x00, 0xBF, 0xC0, 0x00, 0x00, 0x0B, 0xC0, 0x00, 0x00, 0x0B, 0xC0, 0x00, 0x00,
    0x0B, 0xC0, 0x00, 0x00, 0x0B, 0xC0, 0x00, 0x00, 0x0B, 0xC1, 0xA0, 0x00, 0x0B, 0xFF, 0xFF, 0x00,
    0x0B, 0xE0, 0xBF, 0xC0, 0x0B, 0xC0, 0x0F, 0xE0, 0x0B, 0xC0, 0x03, 0xF0, 0x0B, 0xC0, 0x03, 0xF0,
    0x0B, 0xC0, 0x03, 0xF0, 0x0B, 0xC0, 0x03, 0xF0, 0x0B, 0xC0, 0x03, 0xF0, 0x0B, 0xC0, 0x03, 0xE0,
    0x0B, 0xC0, 0x0B, 0xC0, 0x0B, 0xC0, 0x2F, 0x80, 0x0B, 0xEA, 0xFE, 0x00, 0x0B, 0xFF, 0xA0, 0x00,
    0x00, 0x0A, 0x80, 0x00, 0xFF, 0xFC, 0x0B, 0xE0, 0xBE, 0x0F, 0x80, 0xBE, 0x2F, 0x00, 0x3C, 0x3F,
    0x00, 0x00, 0x3F, 0x00, 0x00, 0x3F, 0x00, 0x00, 0x3F, 0x00, 0x00, 0x3F, 0x00, 0x00, 0x2F, 0x80,
    0x00, 0x0F, 0xE0, 0x02, 0x03, 0xFE, 0xBE, 0x00, 0xBF, 0xF8, 0x00, 0x00, 0x00, 0x00, 0x00, 0x00,
    0x00, 0x00, 0x00, 0x2F, 0xC0, 0x00, 0x00, 0xFF, 0xC0, 0x00, 0x00, 0x0F, 0xC0, 0x00, 0x00, 0x0F,
    0xC0, 0x00, 0x00, 0x0F, 0xC0, 0x00, 0x00, 0x0F, 0xC0, 0x00, 0x0A, 0x9F, 0xC0, 0x00, 0xFF, 0xFF,
    0xC0, 0x03, 0xF0, 0x0F, 0xC0, 0x0F, 0xC0, 0x0F, 0xC0, 0x2F, 0x00, 0x0F, 0xC0, 0x3F, 0x00, 0x0F,
    0xC0, 0x3F, 0x00, 0x0F, 0xC0, 0x3E, 0x00, 0x0F, 0xC0, 0x3F, 0x00, 0x0F, 0xC0, 0x3F, 0x00, 0x0F,
    0xC0, 0x2F, 0x80, 0x0F, 0xC0, 0x0F, 0xE0, 0x0F, 0xC0, 0x0B, 0xFF, 0xFF, 0xD0, 0x02, 0xFF, 0x8F,
    0xF8, 0x00, 0x00, 0x00, 0x00, 0x00, 0x0A, 0x40, 0x00, 0x01, 0xFF, 0xF8, 0x00, 0x0B, 0xE0, 0xBD,
    0x00, 0x0F, 0x80, 0x3F, 0x00, 0x2F, 0x00, 0x2F, 0x00, 0x3F, 0xAA, 0xAF, 0x00, 0x3F, 0xFF, 0xFF,
    0x00, 0x3E, 0x00, 0x00, 0x00, 0x3F, 0x00, 0x00, 0x00, 0x3F, 0x00, 0x00, 0x00, 0x2F, 0x80, 0x00,
    0x00, 0x0F, 0xE0, 0x03, 0x40, 0x03, 0xFE, 0xBF, 0x00, 0x00, 0xBF, 0xF8, 0x00, 0x00, 0x00, 0x00,
    0x00, 0x00, 0x00, 0x00, 0x00, 0x0F, 0xF0, 0x00, 0xBB, 0xF8, 0x00, 0xF0, 0xB0, 0x03, 0xE0, 0x00,
    0x03, 0xC0, 0x00, 0x03, 0xC0, 0x00, 0x0B, 0xC0, 0x00, 0x3F, 0xFF, 0x80, 0x2B, 0xEA, 0x00, 0x07,
    0xC0, 0x00, 0x07, 0xC0, 0x00, 0x07, 0xC0, 0x00, 0x07, 0xC0, 0x00, 0x07, 0xC0, 0x00, 0x07, 0xC0,
    0x00, 0x07, 0xC0, 0x00, 0x07, 0xC0, 0x00, 0x07, 0xC0, 0x00, 0x0B, 0xE0, 0x00, 0x3F, 0xFD, 0x00,
    0x00, 0x1A, 0x00, 0x00, 0x02, 0xFF, 0xFE, 0xA0, 0x0B, 0xC0, 0xFF, 0xA0, 0x0F, 0x80, 0x3E, 0x00,
    0x2F, 0x00, 0x3F, 0x00, 0x2F, 0x00, 0x3F, 0x00, 0x0F, 0x80, 0x3E, 0x00, 0x0F, 0xC0, 0xFC, 0x00,
    0x02, 0xFF, 0xE0, 0x00, 0x00, 0xB8, 0x00, 0x00, 0x00, 0xE0, 0x00, 0x00, 0x02, 0xFE, 0x90, 0x00,
    0x02, 0xFF, 0xFE, 0x00, 0x0B, 0xC6, 0xFF, 0x80, 0x2F, 0x00, 0x0F, 0xC0, 0x3E, 0x00, 0x0B, 0xC0,
    0x3E, 0x00, 0x0B, 0x80, 0x3F, 0x00, 0x0F, 0x00, 0x0F, 0xE1, 0xBC, 0x00, 0x02, 0xFF, 0xD0, 0x00,
    0x00, 0x00, 0x00, 0x00, 0x00, 0x00, 0x00, 0x00, 0x2F, 0xC0, 0x00, 0x00, 0xBF, 0xC0, 0x00, 0x00,
    0x0B, 0xC0, 0x00, 0x00, 0x0B, 0xC0, 0x00, 0x00, 0x0B, 0xC0, 0x00, 0x00, 0x0B, 0xC0, 0x00, 0x00,
    0x0B, 0xC0, 0x64, 0x00, 0x0B, 0xCF, 0xFF, 0x00, 0x0B, 0xFE, 0xBF, 0xC0, 0x0B, 0xC0, 0x0F, 0xC0,
    0x0B, 0xC0, 0x0B, 0xC0, 0x0B, 0xC0, 0x0B, 0xC0, 0x0B, 0xC0, 0x0B, 0xC0, 0x0B, 0xC0, 0x0B, 0xC0,
    0x0B, 0xC0, 0x0B, 0xC0, 0x0B, 0xC0, 0x0B, 0xC0, 0x0B, 0xC0, 0x0B, 0xC0, 0x0B, 0xC0, 0x0B, 0xC0,
    0x0F, 0xE0, 0x0F, 0xE0, 0xBF, 0xF8, 0x3F, 0xFC, 0x00, 0x00, 0x03, 0xE0, 0x0B, 0xF0, 0x03, 0xE0,
    0x00, 0x00, 0x00, 0x00, 0x01, 0x80, 0x3F, 0xD0, 0x2B, 0xD0, 0x03, 0xD0, 0x03, 0xD0, 0x03, 0xD0,
    0x03, 0xD0, 0x03, 0xD0, 0x03, 0xD0, 0x03, 0xD0, 0x03, 0xD0, 0x03, 0xD0, 0x0B, 0xE0, 0x3F, 0xFC,
    0x00, 0x00, 0x00, 0x00, 0x1F, 0x80, 0x00, 0x2F, 0xC0, 0x00, 0x0F, 0x80, 0x00, 0x00, 0x00, 0x00,
    0x00, 0x00, 0x00, 0x02, 0x00, 0x00, 0xBF, 0x80, 0x00, 0xAF, 0x80, 0x00, 0x0F, 0x80, 0x00, 0x0F,
    0x80, 0x00, 0x0F, 0x80, 0x00, 0x0F, 0x80, 0x00, 0x0F, 0x80, 0x00, 0x0F, 0x80, 0x00, 0x0F, 0x80,
    0x00, 0x0F, 0x80, 0x00, 0x0F, 0x80, 0x00, 0x0F, 0x80, 0x00, 0x0F, 0x80, 0x00, 0x0F, 0x40, 0x00,
    0x0F, 0x00, 0x00, 0x0F, 0x00, 0x3C, 0x2E, 0x00, 0x3F, 0xBC, 0x00, 0x3F, 0xE0, 0x00, 0x00, 0x00,
    0x00, 0x00, 0x00, 0x00, 0x00, 0x2F, 0xC0, 0x00, 0x00, 0xBF, 0xC0, 0x00, 0x00, 0x0B, 0xC0, 0x00,
    0x00, 0x0B, 0xC0, 0x00, 0x00, 0x0B, 0xC0, 0x00, 0x00, 0x0B, 0xC0, 0x00, 0x00, 0x0B, 0xC0, 0x00,
    0x00, 0x0B, 0xC0, 0xFF, 0xE0, 0x0B, 0xC0, 0x3E, 0x00, 0x0B, 0xC0, 0xB8, 0x00, 0x0B, 0xC2, 0xE0,
    0x00, 0x0B, 0xCB, 0x80, 0x00, 0x0B, 0xEF, 0x80, 0x00, 0x0B, 0xFF, 0xC0, 0x00, 0x0B, 0xC3, 0xF0,
    0x00, 0x0B, 0xC2, 0xF8, 0x00, 0x0B, 0xC0, 0xFD, 0x00, 0x0B, 0xC0, 0x3F, 0x00, 0x0F, 0xE0, 0x2F,
    0xD0, 0xBF, 0xF8, 0x0F, 0xF0, 0x00, 0x00, 0x0B, 0xC0, 0x7F, 0xC0, 0x03, 0xC0, 0x03, 0xC0, 0x03,
    0xC0, 0x03, 0xC0, 0x03, 0xC0, 0x03, 0xC0, 0x03, 0xC0, 0x03, 0xC0, 0x03, 0xC0, 0x03, 0xC0, 0x03,
    0xC0, 0x03, 0xC0, 0x03, 0xC0, 0x03, 0xC0, 0x03, 0xC0, 0x03, 0xC0, 0x0B, 0xE0, 0x3F, 0xFC, 0x00,
    0x00, 0xA4, 0x00, 0xA0, 0x00, 0x2F, 0xDF, 0xFE, 0x2F, 0xFE, 0x00, 0xBF, 0xFE, 0xBF, 0xFA, 0xFF,
    0x00, 0x0B, 0xC0, 0x1F, 0xC0, 0x2F, 0x40, 0x0B, 0xC0, 0x0F, 0xC0, 0x0F, 0x80, 0x0B, 0xC0, 0x0F,
    0xC0, 0x0F, 0x80, 0x0B, 0xC0, 0x0F, 0xC0, 0x0F, 0x80, 0x0B, 0xC0, 0x0F, 0xC0, 0x0F, 0x80, 0x0B,
    0xC0, 0x0F, 0xC0, 0x0F, 0x80, 0x0B, 0xC0, 0x0F, 0xC0, 0x0F, 0x80, 0x0B, 0xC0, 0x0F, 0xC0, 0x0F,
    0x80, 0x0B, 0xC0, 0x0F, 0xC0, 0x0F, 0x80, 0x0F, 0xE0, 0x1F, 0xD0, 0x2F, 0xC0, 0xBF, 0xF8, 0xBF,
    0xF8, 0xFF, 0xF8, 0x00, 0x00, 0xA4, 0x00, 0x2F, 0xCB, 0xFF, 0x00, 0xBF, 0xFE, 0xBF, 0x80, 0x0B,
    0xC0, 0x0F, 0xC0, 0x0B, 0xC0, 0x0B, 0xC0, 0x0B, 0xC0, 0x0B, 0xC0, 0x0B, 0xC0, 0x0B, 0xC0, 0x0B,
    0xC0, 0x0B, 0xC0, 0x0B, 0xC0, 0x0B, 0xC0, 0x0B, 0xC0, 0x0B, 0xC0, 0x0B, 0xC0, 0x0B, 0xC0, 0x0B,
    0xC0, 0x0B, 0xC0, 0x0F, 0xE0, 0x0F, 0xE0, 0xBF, 0xF8, 0x3F, 0xFC, 0x00, 0x0A, 0x80, 0x00, 0x01,
    0xFF, 0xFC, 0x00, 0x0B, 0xE0, 0x3F, 0x00, 0x0F, 0xC0, 0x0F, 0xC0, 0x2F, 0x00, 0x0B, 0xC0, 0x3F,
    0x00, 0x07, 0xE0, 0x3F, 0x00, 0x03, 0xF0, 0x3F, 0x00, 0x03, 0xF0, 0x3F, 0x00, 0x03, 0xE0, 0x3F,
    0x00, 0x0B, 0xE0, 0x2F, 0x80, 0x0B, 0xC0, 0x0F, 0xC0, 0x0F, 0x80, 0x03, 0xF0, 0xBF, 0x00, 0x00,
    0xBF, 0xF8, 0x00, 0x00, 0x00, 0x00, 0x00, 0x00, 0x00, 0xA0, 0x00, 0x2F, 0xDF, 0xFF, 0x00, 0xBF,
    0xFA, 0xBF, 0xC0, 0x0B, 0xC0, 0x0F, 0xE0, 0x0B, 0xC0, 0x03, 0xF0, 0x0B, 0xC0, 0x03, 0xF0, 0x0B,
    0xC0, 0x02, 0xF0, 0x0B, 0xC0, 0x02, 0xF0, 0x0B, 0xC0, 0x02, 0xF0, 0x0B, 0xC0, 0x03, 0xF0, 0x0B,
    0xC0, 0x03, 0xE0, 0x0B, 0xC0, 0x0F, 0xC0, 0x0B, 0xE0, 0xBF, 0x00, 0x0B, 0xFF, 0xF8, 0x00, 0x0B,
    0xC0, 0x00, 0x00, 0x0B, 0xC0, 0x00, 0x00, 0x0B, 0xC0, 0x00, 0x00, 0x0B, 0xC0, 0x00, 0x00, 0x2F,
    0xE8, 0x00, 0x00, 0x7F, 0xFC, 0x00, 0x00, 0x00, 0x06, 0xA8, 0x00, 0x00, 0xBF, 0xFF, 0x80, 0x03,
    0xF0, 0x0F, 0x80, 0x0F, 0xC0, 0x0F, 0x80, 0x2F, 0x00, 0x0F, 0x80, 0x3F, 0x00, 0x0F, 0x80, 0x3F,
    0x00, 0x0F, 0x80, 0x3F, 0x00, 0x0F, 0x80, 0x3F, 0x00, 0x0F, 0x80, 0x3F, 0x00, 0x0F, 0x80, 0x2F,
    0x80, 0x0F, 0x80, 0x0F, 0xC0, 0x0F, 0x80, 0x0B, 0xFA, 0xBF, 0x80, 0x02, 0xFF, 0xEF, 0x80, 0x00,
    0x00, 0x0F, 0x80, 0x00, 0x00, 0x0F, 0x80, 0x00, 0x00, 0x0F, 0x80, 0x00, 0x00, 0x0F, 0x80, 0x00,
    0x00, 0xAF, 0xE0, 0x00, 0x00, 0xFF, 0xF4, 0x00, 0x00, 0xA0, 0x2F, 0xCB, 0xF0, 0x7F, 0xEF, 0xF0,
    0x0B, 0xF8, 0x20, 0x0B, 0xD0, 0x00, 0x0B, 0xC0, 0x00, 0x0B, 0xC0, 0x00, 0x0B, 0xC0, 0x00, 0x0B,
    0xC0, 0x00, 0x0B, 0xC0, 0x00, 0x0B, 0xC0, 0x00, 0x0B, 0xC0, 0x00, 0x0F, 0xE0, 0x00, 0x7F, 0xFE,
    0x00, 0x00, 0x69, 0x00, 0x0B, 0xFF, 0xE0, 0x2F, 0x02, 0xE0, 0x3E, 0x00, 0xE0, 0x3F, 0x00, 0x40,
    0x3F, 0xC0, 0x00, 0x0F, 0xFC, 0x00, 0x02, 0xFF, 0x80, 0x00, 0x2F, 0xE0, 0x00, 0x07, 0xF0, 0x38,
    0x03, 0xF0, 0x38, 0x03, 0xE0, 0x3E, 0x0B, 0xC0, 0x3F, 0xFE, 0x00, 0x00, 0x00, 0x00, 0x00, 0x80,
    0x00, 0x03, 0xC0, 0x00, 0x03, 0xC0, 0x00, 0x0F, 0xC0, 0x00, 0x3F, 0xFF, 0xC0, 0x0B, 0xC0, 0x00,
    0x0B, 0xC0, 0x00, 0x0B, 0xC0, 0x00, 0x0B, 0xC0, 0x00, 0x0B, 0xC0, 0x00, 0x0B, 0xC0, 0x00, 0x0B,
    0xC0, 0x00, 0x0B, 0xC0, 0x00, 0x0B, 0xC0, 0x00, 0x0B, 0xE0, 0x00, 0x0B, 0xFA, 0x80, 0x03, 0xFF,
    0x80, 0x00, 0x00, 0x00, 0x02, 0x80, 0x02, 0x80, 0x3F, 0xC0, 0x3F, 0xC0, 0x2F, 0xC0, 0x2F, 0xC0,
    0x0B, 0xC0, 0x0B, 0xC0, 0x0B, 0xC0, 0x0B, 0xC0, 0x0B, 0xC0, 0x0B, 0xC0, 0x0B, 0xC0, 0x0B, 0xC0,
    0x0B, 0xC0, 0x0B, 0xC0, 0x0B, 0xC0, 0x0B, 0xC0, 0x0B, 0xC0, 0x0B, 0xC0, 0x0B, 0xC0, 0x0B, 0xC0,
    0x0B, 0xE0, 0x0F, 0xC0, 0x03, 0xFF, 0xFF, 0xE0, 0x00, 0xFF, 0x8B, 0xFC, 0x00, 0x00, 0x00, 0x00,
    0x00, 0x00, 0x00, 0x00, 0xFF, 0xF0, 0x3F, 0xF0, 0x0F, 0xC0, 0x07, 0x80, 0x0F, 0xC0, 0x0B, 0x00,
    0x0B, 0xC0, 0x0E, 0x00, 0x03, 0xE0, 0x1C, 0x00, 0x02, 0xF0, 0x3C, 0x00, 0x00, 0xF4, 0x38, 0x00,
    0x00, 0xFC, 0xB0, 0x00, 0x00, 0xBC, 0xE0, 0x00, 0x00, 0x3F, 0xC0, 0x00, 0x00, 0x3F, 0xC0, 0x00,
    0x00, 0x2F, 0x80, 0x00, 0x00, 0x0F, 0x00, 0x00, 0x00, 0x00, 0x00, 0x00, 0x00, 0x00, 0xFF, 0xF0,
    0x0F, 0x80, 0xFF, 0xC0, 0x0F, 0x80, 0x2F, 0xC0, 0x2E, 0x00, 0x0F, 0xC0, 0x3F, 0xC0, 0x2C, 0x00,
    0x0B, 0xC0, 0x3F, 0xD0, 0x3C, 0x00, 0x03, 0xD0, 0xB3, 0xE0, 0x38, 0x00, 0x03, 0xE0, 0xF2, 0xF0,
    0xB0, 0x00, 0x03, 0xF0, 0xE0, 0xF0, 0xF0, 0x00, 0x02, 0xF2, 0xC0, 0xF8, 0xE0, 0x00, 0x00, 0xFB,
    0xC0, 0xBE, 0xC0, 0x00, 0x00, 0xFF, 0x80, 0x3F, 0xC0, 0x00, 0x00, 0xBF, 0x00, 0x3F, 0x80, 0x00,
    0x00, 0x3E, 0x00, 0x2F, 0x00, 0x00, 0x00, 0x3D, 0x00, 0x0F, 0x00, 0x00, 0x00, 0x00, 0x00, 0x00,
    0xBF, 0xF8, 0xFF, 0xC0, 0x0F, 0xE0, 0x2E, 0x00, 0x03, 0xF0, 0x38, 0x00, 0x02, 0xF8, 0xF0, 0x00,
    0x00, 0xFF, 0xC0, 0x00, 0x00, 0x3F, 0x80, 0x00, 0x00, 0x2F, 0x80, 0x00, 0x00, 0x3F, 0xD0, 0x00,
    0x00, 0xF7, 0xF0, 0x00, 0x02, 0xD2, 0xFC, 0x00, 0x0B, 0x80, 0xFE, 0x00, 0x2F, 0x80, 0xBF, 0x80,
    0xFF, 0xE1, 0xFF, 0xE0, 0x00, 0x00, 0x00, 0x00, 0xFF, 0xF0, 0x3F, 0xF0, 0x0F, 0xC0, 0x07, 0x80,
    0x0F, 0xC0, 0x0B, 0x00, 0x07, 0xD0, 0x0F, 0x00, 0x03, 0xF0, 0x2C, 0x00, 0x02, 0xF0, 0x3C, 0x00,
    0x00, 0xF8, 0x38, 0x00, 0x00, 0xFC, 0xB0, 0x00, 0x00, 0xBE, 0xE0, 0x00, 0x00, 0x3F, 0xC0, 0x00,
    0x00, 0x2F, 0xC0, 0x00, 0x00, 0x0F, 0x80, 0x00, 0x00, 0x0F, 0x00, 0x00, 0x00, 0x0E, 0x00, 0x00,
    0x00, 0x2C, 0x00, 0x00, 0x00, 0x3C, 0x00, 0x00, 0x3D, 0xB0, 0x00, 0x00, 0x7F, 0xE0, 0x00, 0x00,
    0x3F, 0x80, 0x00, 0x00, 0x00, 0x00, 0x00, 0x00, 0x00, 0x00, 0x00, 0x3F, 0xFF, 0xFC, 0x3C, 0x02,
    0xFC, 0x3C, 0x03, 0xF0, 0x28, 0x0F, 0xE0, 0x00, 0x2F, 0xC0, 0x00, 0x3F, 0x00, 0x00, 0xFE, 0x00,
    0x02, 0xFC, 0x00, 0x03, 0xF0, 0x00, 0x0F, 0xD0, 0x0E, 0x2F, 0x80, 0x0E, 0x3F, 0xAA, 0xBE, 0x3F,
    0xFF, 0xFE, 0x00, 0x00, 0x00, 0x00, 0x0B, 0xF4, 0x00, 0x3F, 0x40, 0x00, 0x3C, 0x00, 0x00, 0xBC,
    0x00, 0x00, 0xBC, 0x00, 0x00, 0xBC, 0x00, 0x00, 0xBC, 0x00, 0x00, 0xBC, 0x00, 0x00, 0xF8, 0x00,
    0x02, 0xF0, 0x00, 0x2F, 0x80, 0x00, 0x2F, 0x80, 0x00, 0x02, 0xF0, 0x00, 0x00, 0xF8, 0x00, 0x00,
    0xBC, 0x00, 0x00, 0xBC, 0x00, 0x00, 0xBC, 0x00, 0x00, 0xBC, 0x00, 0x00, 0xBC, 0x00, 0x00, 0x3C,
    0x00, 0x00, 0x3F, 0x40, 0x00, 0x0B, 0xF4, 0x00, 0x00, 0x00, 0x28, 0x38, 0x38, 0x38, 0x38, 0x38,
    0x38, 0x38, 0x38, 0x38, 0x38, 0x38, 0x38, 0x38, 0x38, 0x38, 0x38, 0x38, 0x38, 0x38, 0x38, 0x38,
    0x38, 0x38, 0x38, 0x38, 0x38, 0x38, 0x38, 0x00, 0x00, 0x00, 0x3F, 0xC0, 0x00, 0x03, 0xF0, 0x00,
    0x00, 0xF8, 0x00, 0x00, 0xF8, 0x00, 0x00, 0xF8, 0x00, 0x00, 0xF8, 0x00, 0x00, 0xFC, 0x00, 0x00,
    0xBC, 0x00, 0x00, 0xBC, 0x00, 0x00, 0x3E, 0x00, 0x00, 0x0B, 0xE8, 0x00, 0x0B, 0xE8, 0x00, 0x3E,
    0x00, 0x00, 0xBC, 0x00, 0x00, 0xBC, 0x00, 0x00, 0xFC, 0x00, 0x00, 0xF8, 0x00, 0x00, 0xF8, 0x00,
    0x00, 0xF8, 0x00, 0x00, 0xF8, 0x00, 0x03, 0xF0, 0x00, 0x3F, 0xC0, 0x00, 0x00, 0x00, 0x00, 0x00,
    0x00, 0x00, 0x00, 0x00, 0x02, 0xFE, 0x40, 0x00, 0x30, 0x3F, 0xFF, 0xFA, 0x07, 0xF0, 0xB8, 0x00,
    0xBF, 0xFF, 0x80, 0x80, 0x00, 0x00, 0xA4, 0x00, 0x08, 0x00, 0x3F, 0x00, 0x3F, 0x00, 0x2E, 0x00,
    0x00, 0x00, 0x00, 0x00, 0x0C, 0x00, 0x0E, 0x00, 0x1E, 0x00, 0x2E, 0x00, 0x2E, 0x00, 0x2F, 0x00,
    0x3F, 0x00, 0x3F, 0x00, 0x3F, 0x00, 0x3F, 0x00, 0x3F, 0x00, 0x3F, 0x00, 0x3F, 0x00, 0x08, 0x00,
    0x00, 0x02, 0x00, 0x00, 0x00, 0x03, 0x00, 0x00, 0x00, 0x03, 0x00, 0x00, 0x00, 0x2B, 0xF9, 0x00,
    0x01, 0xFF, 0xFF, 0x00, 0x0B, 0xE3, 0x0B, 0x00, 0x0F, 0x83, 0x0B, 0x00, 0x2F, 0x03, 0x03, 0x00,
    0x3F, 0x03, 0x00, 0x00, 0x3F, 0x03, 0x00, 0x00, 0x3F, 0x03, 0x00, 0x00, 0x3F, 0x03, 0x00, 0x00,
    0x2F, 0x03, 0x03, 0x00, 0x0F, 0x83, 0x0B, 0x00, 0x0B, 0xE3, 0x0B, 0x00, 0x02, 0xFF, 0xEF, 0x00,
    0x00, 0x2F, 0xFE, 0x00, 0x00, 0x03, 0x00, 0x00, 0x00, 0x03, 0x00, 0x00, 0x00, 0x02, 0x00, 0x00,
    0x00, 0x00, 0x00, 0x00, 0x00, 0x0B, 0xFE, 0x00, 0x00, 0x3F, 0xAF, 0x80, 0x00, 0xFC, 0x0B, 0xC0,
    0x02, 0xF0, 0x0B, 0xC0, 0x03, 0xF0, 0x01, 0x00, 0x03, 0xE0, 0x00, 0x00, 0x03, 0xE0, 0x00, 0x00,
    0x03, 0xE0, 0x00, 0x00, 0x03, 0xE0, 0x00, 0x00, 0x1B, 0xFA, 0xA0, 0x00, 0x3F, 0xFF, 0xF8, 0x00,
    0x03, 0xE0, 0x00, 0x00, 0x03, 0xE0, 0x00, 0x00, 0x03, 0xE0, 0x00, 0x00, 0x03, 0xD0, 0x00, 0x00,
    0x07, 0xC0, 0x00, 0x00, 0x0F, 0x40, 0x00, 0x00, 0x2F, 0xAA, 0xAA, 0x80, 0xFF, 0xFF, 0xFF, 0xC0,
    0xFF, 0xFF, 0xFF, 0xC0, 0x00, 0x00, 0x00, 0x00, 0x2C, 0x00, 0x00, 0x0D, 0x2F, 0x00, 0x80, 0x3C,
    0x0B, 0xEF, 0xFE, 0xF0, 0x02, 0xFD, 0x2F, 0xC0, 0x02, 0xE0, 0x03, 0xD0, 0x03, 0xC0, 0x00, 0xF0,
    0x03, 0x40, 0x00, 0xB0, 0x07, 0x00, 0x00, 0xB0, 0x03, 0x80, 0x00, 0xF0, 0x03, 0xC0, 0x01, 0xE0,
    0x02, 0xF0, 0x03, 0xC0, 0x03, 0xFF, 0xBF, 0xF0, 0x0F, 0x0F, 0xF8, 0xBC, 0x3C, 0x00, 0x00, 0x2E,
    0x00, 0x00, 0x00, 0x08, 0x00, 0x00, 0x00, 0x00, 0xFF, 0xF4, 0x0B, 0xFF, 0x0F, 0xC0, 0x00, 0xF4,
    0x0B, 0xD0, 0x00, 0xE0, 0x03, 0xF0, 0x03, 0xC0, 0x02, 0xF8, 0x0B, 0x80, 0x00, 0xFC, 0x0F, 0x00,
    0x2A, 0xFE, 0x2F, 0xA8, 0x2A, 0xBF, 0x3E, 0xA8, 0x00, 0x2F, 0xF0, 0x00, 0x00, 0x0F, 0xF0, 0x00,
    0x3F, 0xFF, 0xFF, 0xFC, 0x2A, 0xAB, 0xEA, 0xA8, 0x00, 0x07, 0xC0, 0x00, 0x00, 0x07, 0xC0, 0x00,
    0x00, 0x07, 0xC0, 0x00, 0x00, 0x07, 0xC0, 0x00, 0x00, 0x2F, 0xF8, 0x00, 0x00, 0xBF, 0xFE, 0x00,
    0x00, 0x38, 0x38, 0x38, 0x38, 0x38, 0x38, 0x38, 0x38, 0x38, 0x38, 0x34, 0x00, 0x00, 0x00, 0x20,
    0x38, 0x38, 0x38, 0x38, 0x38, 0x38, 0x38, 0x38, 0x38, 0x38, 0x00, 0x00, 0x00, 0x00, 0x02, 0xFF,
    0xE0, 0x0F, 0x82, 0xF0, 0x2E, 0x00, 0xB0, 0x3E, 0x00, 0x70, 0x3F, 0x00, 0x00, 0x2F, 0xE0, 0x00,
    0x0B, 0xFD, 0x00, 0x03, 0xFF, 0xC0, 0x0F, 0x4F, 0xF0, 0x3C, 0x02, 0xF8, 0x7C, 0x00, 0xBC, 0xBC,
    0x00, 0x7C, 0x7C, 0x00, 0xB8, 0x3F, 0x40, 0xF0, 0x0F, 0xFB, 0xC0, 0x03, 0xFF, 0x00, 0x00, 0xBF,
    0xD0, 0x00, 0x0B, 0xF0, 0x00, 0x01, 0xF8, 0x3C, 0x00, 0xF8, 0x3C, 0x00, 0xF0, 0x3E, 0x47, 0xE0,
    0x2F, 0xFF, 0x80, 0x00, 0x00, 0x00, 0x00, 0x00, 0x00, 0x2E, 0x03, 0xC0, 0x3F, 0x0B, 0xE0, 0x3E,
    0x03, 0xC0, 0x00, 0x00, 0x00, 0x00, 0x00, 0x00, 0x00, 0x00, 0x00, 0x00, 0x01, 0xBF, 0xF8, 0x00,
    0x00, 0x00, 0x1F, 0x90, 0x2F, 0x80, 0x00, 0x00, 0xB8, 0x00, 0x00, 0xF0, 0x00, 0x02, 0xD0, 0x00,
    0x00, 0x2C, 0x00, 0x07, 0x40, 0x2F, 0xF8, 0x0F, 0x00, 0x0E, 0x03, 0xFE, 0xBE, 0x03, 0x80, 0x2C,
    0x0F, 0xD0, 0x0E, 0x02, 0xC0, 0x28, 0x0F, 0x80, 0x0E, 0x00, 0xC0, 0x34, 0x2F, 0x00, 0x00, 0x00,
    0xE0, 0x30, 0x3F, 0x00, 0x00, 0x00, 0xA0, 0x30, 0x3E, 0x00, 0x00, 0x00, 0xA0, 0x30, 0x3F, 0x00,
    0x00, 0x00, 0xA0, 0x38, 0x2F, 0x00, 0x00, 0x00, 0xE0, 0x2C, 0x0F, 0x80, 0x0E, 0x00, 0xC0, 0x0C,
    0x0B, 0xE0, 0x0E, 0x02, 0xC0, 0x0F, 0x02, 0xFE, 0xBE, 0x03, 0x80, 0x03, 0x80, 0x2B, 0xE8, 0x0F,
    0x00, 0x01, 0xE0, 0x00, 0x00, 0x3C, 0x00, 0x00, 0x7C, 0x00, 0x02, 0xF0, 0x00, 0x00, 0x0B, 0xEA,
    0xAF, 0x80, 0x00, 0x00, 0x00, 0xAF, 0xE4, 0x00, 0x00, 0x02, 0xA0, 0x00, 0x2E, 0x7C, 0x00, 0x3C,
    0x0E, 0x00, 0x00, 0x2E, 0x00, 0x0B, 0xAE, 0x00, 0x3C, 0x0E, 0x00, 0x38, 0x0E, 0x00, 0x3E, 0xBF,
    0x00, 0x0A, 0x8A, 0x80, 0x00, 0x00, 0x00, 0x2A, 0xAA, 0x80, 0x00, 0x00, 0x00, 0x00, 0xB0, 0x2C,
    0x00, 0xE0, 0x38, 0x03, 0xC0, 0xF0, 0x0F, 0x83, 0xE0, 0x2F, 0x0B, 0xC0, 0x3E, 0x0F, 0x80, 0x3C,
    0x0F, 0x00, 0x3F, 0x0F, 0xC0, 0x0F, 0x03, 0xC0, 0x0B, 0xC2, 0xF0, 0x03, 0xC0, 0xF0, 0x00, 0xF0,
    0x3C, 0x00, 0x30, 0x0C, 0x2A, 0xAA, 0xAA, 0xA9, 0x3F, 0xFF, 0xFF, 0xFE, 0x00, 0x00, 0x00, 0x0E,
    0x00, 0x00, 0x00, 0x0E, 0x00, 0x00, 0x00, 0x0E, 0x00, 0x00, 0x00, 0x0E, 0x00, 0x00, 0x00, 0x0E,
    0x00, 0x00, 0x00, 0x00, 0x00, 0x00, 0x00, 0x01, 0xBF, 0xF8, 0x00, 0x00, 0x00, 0x1F, 0x90, 0x2F,
    0x80, 0x00, 0x00, 0xB8, 0x00, 0x00, 0xF0, 0x00, 0x02, 0xD0, 0x00, 0x00, 0x2C, 0x00, 0x07, 0x4F,
    0xFF, 0xE0, 0x0F, 0x00, 0x0E, 0x03, 0xD0, 0xBC, 0x03, 0x80, 0x2C, 0x03, 0xC0, 0x3E, 0x02, 0xC0,
    0x28, 0x03, 0xC0, 0x2E, 0x00, 0xC0, 0x34, 0x03, 0xC0, 0x3D, 0x00, 0xE0, 0x30, 0x03, 0xD0, 0xF8,
    0x00, 0xA0, 0x30, 0x03, 0xFF, 0xE0, 0x00, 0xA0, 0x30, 0x03, 0xC0, 0xF8, 0x00, 0xA0, 0x38, 0x03,
    0xC0, 0x3C, 0x00, 0xE0, 0x2C, 0x03, 0xC0, 0x3C, 0x00, 0xC0, 0x0C, 0x03, 0xC0, 0x2F, 0x02, 0xC0,
    0x0F, 0x0F, 0xF8, 0x0F, 0xF3, 0x80, 0x03, 0x80, 0x00, 0x00, 0x0F, 0x00, 0x02, 0xE0, 0x00, 0x00,
    0x3C, 0x00, 0x00, 0x7C, 0x00, 0x02, 0xF0, 0x00, 0x00, 0x0B, 0xEA, 0xAF, 0x80, 0x00, 0x00, 0x00,
    0xAF, 0xE4, 0x00, 0x00, 0x3F, 0xFF, 0xF0, 0x3F, 0xFF, 0xF0, 0x00, 0x00, 0x00, 0x0A, 0x80, 0x3E,
    0xE0, 0xB0, 0x30, 0xA0, 0x30, 0xB0, 0x70, 0x3F, 0xE0, 0x01, 0x00, 0x00, 0x00, 0x80, 0x00, 0x00,
    0x00, 0x02, 0xE0, 0x00, 0x00, 0x00, 0x02, 0xE0, 0x00, 0x00, 0x00, 0x02, 0xE0, 0x00, 0x00, 0x00,
    0x02, 0xE0, 0x00, 0x00, 0x6A, 0xAA, 0xEA, 0xAA, 0x40, 0xBF, 0xFF, 0xFF, 0xFF, 0x80, 0x00, 0x02,
    0xE0, 0x00, 0x00, 0x00, 0x02, 0xE0, 0x00, 0x00, 0x00, 0x02, 0xE0, 0x00, 0x00, 0x00, 0x02, 0xE0,
    0x00, 0x00, 0x00, 0x02, 0xE0, 0x00, 0x00, 0x00, 0x00, 0x00, 0x00, 0x00, 0x00, 0x00, 0x00, 0x00,
    0x00, 0x00, 0x00, 0x00, 0x00, 0x00, 0xBF, 0xFF, 0xFF, 0xFF, 0x80, 0xBF, 0xFF, 0xFF, 0xFF, 0x80,
    0x01, 0xA4, 0x00, 0x2E, 0xAF, 0x00, 0x3C, 0x0B, 0x80, 0x2C, 0x03, 0xC0, 0x00, 0x03, 0x80, 0x00,
    0x0F, 0x00, 0x00, 0x2E, 0x00, 0x00, 0xB4, 0x00, 0x03, 0xC0, 0x00, 0x0E, 0x00, 0xC0, 0x3F, 0xFF,
    0xC0, 0x2A, 0xAA, 0x80, 0x01, 0xA4, 0x00, 0x1E, 0xAF, 0x00, 0x3C, 0x0B, 0x80, 0x18, 0x07, 0x80,
    0x00, 0x0F, 0x00, 0x00, 0xBC, 0x00, 0x00, 0xAF, 0x00, 0x00, 0x03, 0xC0, 0x00, 0x03, 0xC0, 0x38,
    0x03, 0xC0, 0x3E, 0x2F, 0x00, 0x0A, 0xE8, 0x00, 0x00, 0x00, 0x00, 0xF0, 0x03, 0xF8, 0x0F, 0xE0,
    0x2F, 0x40, 0xB8, 0x00, 0x00, 0x00, 0x00, 0x00, 0x00, 0x00, 0x2F, 0x00, 0x3E, 0x00, 0x2F, 0x00,
    0x3E, 0x00, 0x2F, 0x00, 0x3E, 0x00, 0x2F, 0x00, 0x3E, 0x00, 0x2F, 0x00, 0x3E, 0x00, 0x2F, 0x00,
    0x3E, 0x00, 0x2F, 0x00, 0x3E, 0x00, 0x2F, 0x00, 0x3E, 0x00, 0x2F, 0x00, 0x3E, 0x00, 0x2F, 0x00,
    0x7E, 0x00, 0x2F, 0x80, 0xFE, 0x30, 0x2F, 0xFF, 0x3F, 0xA0, 0x2F, 0xFC, 0x2F, 0xC0, 0x38, 0x00,
    0x00, 0x00, 0x38, 0x00, 0x00, 0x00, 0x3C, 0x00, 0x00, 0x00, 0xBC, 0x00, 0x00, 0x00, 0xBC, 0x00,
    0x00, 0x00, 0x38, 0x00, 0x00, 0x00, 0x00, 0x00, 0x00, 0x00, 0x02, 0xFF, 0xFF, 0x40, 0x1F, 0xFE,
    0x2C, 0x00, 0x3F, 0xFE, 0x2C, 0x00, 0x3F, 0xFE, 0x2C, 0x00, 0x3F, 0xFE, 0x2C, 0x00, 0x3F, 0xFE,
    0x2C, 0x00, 0x3F, 0xFE, 0x2C, 0x00, 0x3F, 0xFE, 0x2C, 0x00, 0x0F, 0xFE, 0x2C, 0x00, 0x03, 0xFE,
    0x2C, 0x00, 0x00, 0x00, 0x2C, 0x00, 0x00, 0x00, 0x2C, 0x00, 0x00, 0x00, 0x2C, 0x00, 0x00, 0x00,
    0x2C, 0x00, 0x00, 0x00, 0x2C, 0x00, 0x00, 0x00, 0x2C, 0x00, 0x00, 0x00, 0x2C, 0x00, 0x00, 0x00,
    0x2C, 0x00, 0x00, 0x00, 0x2C, 0x00, 0x00, 0x00, 0x2C, 0x00, 0x00, 0x00, 0x00, 0x00, 0x00, 0x00,
    0x2E, 0x00, 0x3F, 0x00, 0x3F, 0x00, 0x00, 0x00, 0x0A, 0x00, 0x0A, 0x00, 0x0B, 0x80, 0x0B, 0xF0,
    0x00, 0xF0, 0x12, 0xF0, 0x3F, 0xC0, 0x00, 0x00, 0x02, 0x80, 0xBF, 0xC0, 0x03, 0xC0, 0x03, 0xC0,
    0x03, 0xC0, 0x03, 0xC0, 0x03, 0xC0, 0x03, 0xC0, 0x03, 0xC0, 0x03, 0xC0, 0x0B, 0xC0, 0x2A, 0xA8,
    0x00, 0xA0, 0x00, 0x0F, 0xAF, 0x00, 0x3C, 0x0B, 0x80, 0x3C, 0x03, 0xC0, 0x78, 0x03, 0xC0, 0x38,
    0x03, 0xC0, 0x3C, 0x03, 0x80, 0x1F, 0x0F, 0x00, 0x02, 0xA8, 0x00, 0x00, 0x00, 0x00, 0x2A, 0xAA,
    0x80, 0x00, 0x00, 0x00, 0x38, 0x0E, 0x00, 0x3C, 0x0F, 0x00, 0x0F, 0x03, 0xC0, 0x0B, 0x82, 0xF0,
    0x03, 0xE0, 0xF8, 0x02, 0xF0, 0xBC, 0x01, 0xF0, 0x7C, 0x03, 0xF0, 0xFC, 0x07, 0xC0, 0xF0, 0x0F,
    0x83, 0xE0, 0x1F, 0x07, 0xC0, 0x3C, 0x0F, 0x00, 0x70, 0x1C, 0x00, 0x00, 0x00, 0x00, 0x00, 0x00,
    0x00, 0x2F, 0xC0, 0x00, 0x02, 0xE0, 0x00, 0xAB, 0xC0, 0x00, 0x03, 0xC0, 0x00, 0x03, 0xC0, 0x00,
    0x0F, 0x00, 0x00, 0x03, 0xC0, 0x00, 0x2E, 0x00, 0x00, 0x03, 0xC0, 0x00, 0x3C, 0x00, 0x00, 0x03,
    0xC0, 0x00, 0xB0, 0x00, 0x00, 0x03, 0xC0, 0x01, 0xE0, 0x00, 0x00, 0x03, 0xC0, 0x03, 0xC0, 0x00,
    0x00, 0x03, 0xC0, 0x0B, 0x40, 0x2E, 0x00, 0x03, 0xC0, 0x0F, 0x00, 0xBE, 0x00, 0x3F, 0xFC, 0x3C,
    0x00, 0xEE, 0x00, 0x00, 0x00, 0xB8, 0x03, 0x8E, 0x00, 0x00, 0x00, 0xF0, 0x0E, 0x0E, 0x00, 0x00,
    0x03, 0xC0, 0x3C, 0x0E, 0x00, 0x00, 0x0B, 0x80, 0xFA, 0xAE, 0x80, 0x00, 0x0F, 0x00, 0xFF, 0xFF,
    0xD0, 0x00, 0x2C, 0x00, 0x00, 0x0E, 0x00, 0x00, 0x38, 0x00, 0x00, 0x0E, 0x00, 0x00, 0xF0, 0x00,
    0x00, 0x0E, 0x00, 0x00, 0x00, 0x00, 0x00, 0x08, 0x00, 0x00, 0x00, 0x00, 0x00, 0x00, 0x00, 0x2F,
    0xC0, 0x00, 0x02, 0xC0, 0x00, 0xAB, 0xC0, 0x00, 0x07, 0x80, 0x00, 0x03, 0xC0, 0x00, 0x0F, 0x00,
    0x00, 0x03, 0xC0, 0x00, 0x2D, 0x00, 0x00, 0x03, 0xC0, 0x00, 0x38, 0x00, 0x00, 0x03, 0xC0, 0x00,
    0xF0, 0x00, 0x00, 0x03, 0xC0, 0x02, 0xE0, 0x00, 0x00, 0x03, 0xC0, 0x03, 0xC0, 0x00, 0x00, 0x03,
    0xC0, 0x0F, 0x0B, 0xFF, 0x00, 0x03, 0xC0, 0x2E, 0x2E, 0x0B, 0xC0, 0x3F, 0xFC, 0x3C, 0x2E, 0x03,
    0xC0, 0x00, 0x00, 0xB0, 0x00, 0x03, 0xC0, 0x00, 0x01, 0xE0, 0x00, 0x07, 0x80, 0x00, 0x03, 0xC0,
    0x00, 0x0F, 0x00, 0x00, 0x0B, 0x40, 0x00, 0x3C, 0x00, 0x00, 0x0E, 0x00, 0x00, 0xF0, 0x00, 0x00,
    0x3C, 0x00, 0x0B, 0x80, 0xA0, 0x00, 0xB8, 0x00, 0x2F, 0xAA, 0xE0, 0x00, 0xF0, 0x00, 0x3F, 0xFF,
    0xE0, 0x00, 0x00, 0x00, 0x00, 0x00, 0x00, 0x0B, 0xFE, 0x00, 0x00, 0x3C, 0x00, 0x2C, 0x0B, 0x80,
    0x00, 0xF0, 0x00, 0x2C, 0x03, 0x80, 0x02, 0xE0, 0x00, 0x00, 0x0B, 0x80, 0x03, 0xC0, 0x00, 0x00,
    0x2E, 0x00, 0x0F, 0x00, 0x00, 0x00, 0xFE, 0x00, 0x2E, 0x00, 0x00, 0x00, 0x0B, 0xC0, 0x3C, 0x00,
    0x00, 0x00, 0x03, 0xC0, 0xB0, 0x00, 0x00, 0x28, 0x03, 0xC0, 0xE0, 0x03, 0x80, 0x3C, 0x0B, 0x83,
    0xC0, 0x0F, 0x80, 0x0F, 0xFD, 0x0B, 0x40, 0x3B, 0x80, 0x00, 0x00, 0x0F, 0x00, 0xF3, 0x80, 0x00,
    0x00, 0x3C, 0x03, 0xC3, 0x80, 0x00, 0x00, 0xB8, 0x0B, 0x03, 0x80, 0x00, 0x00, 0xF0, 0x2E, 0xAB,
    0xE0, 0x00, 0x03, 0xC0, 0x2F, 0xFF, 0xF8, 0x00, 0x0B, 0x80, 0x00, 0x03, 0x80, 0x00, 0x0F, 0x00,
    0x00, 0x03, 0x80, 0x00, 0x2C, 0x00, 0x00, 0x03, 0x80, 0x00, 0x00, 0x00, 0x00, 0x02, 0x00, 0x00,
    0x09, 0x00, 0x00, 0x3F, 0x00, 0x00, 0x3F, 0x40, 0x00, 0x1E, 0x00, 0x00, 0x00, 0x00, 0x00, 0x08,
    0x00, 0x00, 0x0E, 0x00, 0x00, 0x0E, 0x00, 0x00, 0x0E, 0x00, 0x00, 0xBE, 0x00, 0x03, 0xF0, 0x00,
    0x0F, 0xC0, 0x00, 0x3F, 0x00, 0x00, 0x3F, 0x00, 0x00, 0x3E, 0x00, 0x00, 0x3F, 0x00, 0xA0, 0x3F,
    0x00, 0xFC, 0x0F, 0xE2, 0xF8, 0x03, 0xFF, 0xF0, 0x00, 0x19, 0x00, 0x00, 0x00, 0x00, 0x00, 0x00,
    0x00, 0x0F, 0xC0, 0x00, 0x00, 0x00, 0x0F, 0xF0, 0x00, 0x00, 0x00, 0x02, 0xF8, 0x00, 0x00, 0x00,
    0x00, 0x3E, 0x00, 0x00, 0x00, 0x00, 0x0B, 0x00, 0x00, 0x00, 0x00, 0x00, 0x00, 0x00, 0x00, 0x00,
    0x3C, 0x00, 0x00, 0x00, 0x00, 0xBE, 0x00, 0x00, 0x00, 0x00, 0xFF, 0x00, 0x00, 0x00, 0x00, 0xFF,
    0x00, 0x00, 0x00, 0x02, 0xFF, 0x80, 0x00, 0x00, 0x03, 0xCF, 0xC0, 0x00, 0x00, 0x07, 0x8B, 0xE0,
    0x00, 0x00, 0x0F, 0x03, 0xF0, 0x00, 0x00, 0x0F, 0x03, 0xF0, 0x00, 0x00, 0x2E, 0x02, 0xF8, 0x00,
    0x00, 0x3D, 0x01, 0xFC, 0x00, 0x00, 0x3F, 0xFF, 0xFC, 0x00, 0x00, 0xB8, 0x00, 0xBE, 0x00, 0x00,
    0xF0, 0x00, 0x3F, 0x00, 0x01, 0xE0, 0x00, 0x2F, 0x80, 0x02, 0xC0, 0x00, 0x0F, 0xC0, 0x03, 0xC0,
    0x00, 0x0F, 0xC0, 0x2F, 0xE0, 0x00, 0x2F, 0xF8, 0x3F, 0xF8, 0x00, 0xBF, 0xFC, 0x00, 0x00, 0x00,
    0x00, 0x00, 0x00, 0x00, 0x03, 0xF0, 0x00, 0x00, 0x00, 0x0F, 0xF0, 0x00, 0x00, 0x00, 0x2F, 0x80,
    0x00, 0x00, 0x00, 0xBD, 0x00, 0x00, 0x00, 0x00, 0xE0, 0x00, 0x00, 0x00, 0x00, 0x00, 0x00, 0x00,
    0x00, 0x00, 0x3C, 0x00, 0x00, 0x00, 0x00, 0xBE, 0x00, 0x00, 0x00, 0x00, 0xFF, 0x00, 0x00, 0x00,
    0x00, 0xFF, 0x00, 0x00, 0x00, 0x02, 0xFF, 0x80, 0x00, 0x00, 0x03, 0xCF, 0xC0, 0x00, 0x00, 0x07,
    0x8B, 0xE0, 0x00, 0x00, 0x0F, 0x03, 0xF0, 0x00, 0x00, 0x0F, 0x03, 0xF0, 0x00, 0x00, 0x2E, 0x02,
    0xF8, 0x00, 0x00, 0x3D, 0x01, 0xFC, 0x00, 0x00, 0x3F, 0xFF, 0xFC, 0x00, 0x00, 0xB8, 0x00, 0xBE,
    0x00, 0x00, 0xF0, 0x00, 0x3F, 0x00, 0x01, 0xE0, 0x00, 0x2F, 0x80, 0x02, 0xC0, 0x00, 0x0F, 0xC0,
    0x03, 0xC0, 0x00, 0x0F, 0xC0, 0x2F, 0xE0, 0x00, 0x2F, 0xF8, 0x3F, 0xF8, 0x00, 0xBF, 0xFC, 0x00,
    0x00, 0x00, 0x00, 0x00, 0x00, 0x00, 0xBE, 0x00, 0x00, 0x00, 0x00, 0xFF, 0x00, 0x00, 0x00, 0x03,
    0xEB, 0xC0, 0x00, 0x00, 0x0B, 0x82, 0xE0, 0x00, 0x00, 0x0E, 0x00, 0xB0, 0x00, 0x00, 0x00, 0x00,
    0x00, 0x00, 0x00, 0x00, 0x3C, 0x00, 0x00, 0x00, 0x00, 0xBE, 0x00, 0x00, 0x00, 0x00, 0xFF, 0x00,
    0x00, 0x00, 0x00, 0xFF, 0x00, 0x00, 0x00, 0x02, 0xFF, 0x80, 0x00, 0x00, 0x03, 0xCF, 0xC0, 0x00,
    0x00, 0x07, 0x8B, 0xE0, 0x00, 0x00, 0x0F, 0x03, 0xF0, 0x00, 0x00, 0x0F, 0x03, 0xF0, 0x00, 0x00,
    0x2E, 0x02, 0xF8, 0x00, 0x00, 0x3D, 0x01, 0xFC, 0x00, 0x00, 0x3F, 0xFF, 0xFC, 0x00, 0x00, 0xB8,
    0x00, 0xBE, 0x00, 0x00, 0xF0, 0x00, 0x3F, 0x00, 0x01, 0xE0, 0x00, 0x2F, 0x80, 0x02, 0xC0, 0x00,
    0x0F, 0xC0, 0x03, 0xC0, 0x00, 0x0F, 0xC0, 0x2F, 0xE0, 0x00, 0x2F, 0xF8, 0x3F, 0xF8, 0x00, 0xBF,
    0xFC, 0x00, 0x00, 0x00, 0x00, 0x00, 0x00, 0x0B, 0xF8, 0x38, 0x00, 0x00, 0x0E, 0xFF, 0xF0, 0x00,
    0x00, 0x28, 0x0B, 0x80, 0x00, 0x00, 0x00, 0x00, 0x00, 0x00, 0x00, 0x00, 0x00, 0x00, 0x00, 0x00,
    0x00, 0x3C, 0x00, 0x00, 0x00, 0x00, 0xBE, 0x00, 0x00, 0x00, 0x00, 0xFF, 0x00, 0x00, 0x00, 0x00,
    0xFF, 0x00, 0x00, 0x00, 0x02, 0xFF, 0x80, 0x00, 0x00, 0x03, 0xCF, 0xC0, 0x00, 0x00, 0x07, 0x8B,
    0xE0, 0x00, 0x00, 0x0F, 0x03, 0xF0, 0x00, 0x00, 0x0F, 0x03, 0xF0, 0x00, 0x00, 0x2E, 0x02, 0xF8,
    0x00, 0x00, 0x3D, 0x01, 0xFC, 0x00, 0x00, 0x3F, 0xFF, 0xFC, 0x00, 0x00, 0xB8, 0x00, 0xBE, 0x00,
    0x00, 0xF0, 0x00, 0x3F, 0x00, 0x01, 0xE0, 0x00, 0x2F, 0x80, 0x02, 0xC0, 0x00, 0x0F, 0xC0, 0x03,
    0xC0, 0x00, 0x0F, 0xC0, 0x2F, 0xE0, 0x00, 0x2F, 0xF8, 0x3F, 0xF8, 0x00, 0xBF, 0xFC, 0x00, 0x00,
    0x00, 0x00, 0x00, 0x00, 0x0F, 0x82, 0xF0, 0x00, 0x00, 0x0F, 0x82, 0xF0, 0x00, 0x00, 0x0B, 0x00,
    0xE0, 0x00, 0x00, 0x00, 0x00, 0x00, 0x00, 0x00, 0x00, 0x00, 0x00, 0x00, 0x00, 0x00, 0x3C, 0x00,
    0x00, 0x00, 0x00, 0xBE, 0x00, 0x00, 0x00, 0x00, 0xFF, 0x00, 0x00, 0x00, 0x00, 0xFF, 0x00, 0x00,
    0x00, 0x02, 0xFF, 0x80, 0x00, 0x00, 0x03, 0xCF, 0xC0, 0x00, 0x00, 0x07, 0x8B, 0xE0, 0x00, 0x00,
    0x0F, 0x03, 0xF0, 0x00, 0x00, 0x0F, 0x03, 0xF0, 0x00, 0x00, 0x2E, 0x02, 0xF8, 0x00, 0x00, 0x3D,
    0x01, 0xFC, 0x00, 0x00, 0x3F, 0xFF, 0xFC, 0x00, 0x00, 0xB8, 0x00, 0xBE, 0x00, 0x00, 0xF0, 0x00,
    0x3F, 0x00, 0x01, 0xE0, 0x00, 0x2F, 0x80, 0x02, 0xC0, 0x00, 0x0F, 0xC0, 0x03, 0xC0, 0x00, 0x0F,
    0xC0, 0x2F, 0xE0, 0x00, 0x2F, 0xF8, 0x3F, 0xF8, 0x00, 0xBF, 0xFC, 0x00, 0x00, 0xAE, 0x00, 0x00,
    0x00, 0x02, 0xFF, 0x80, 0x00, 0x00, 0x03, 0x82, 0xC0, 0x00, 0x00, 0x03, 0x00, 0xC0, 0x00, 0x00,
    0x03, 0x82, 0xC0, 0x00, 0x00, 0x02, 0xFF, 0x80, 0x00, 0x00, 0x00, 0x6A, 0x00, 0x00, 0x00, 0x00,
    0x00, 0x00, 0x00, 0x00, 0x00, 0x3C, 0x00, 0x00, 0x00, 0x00, 0xBE, 0x00, 0x00, 0x00, 0x00, 0xFF,
    0x00, 0x00, 0x00, 0x00, 0xFF, 0x00, 0x00, 0x00, 0x02, 0xFF, 0x80, 0x00, 0x00, 0x03, 0xCF, 0xC0,
    0x00, 0x00, 0x07, 0x8B, 0xE0, 0x00, 0x00, 0x0F, 0x03, 0xF0, 0x00, 0x00, 0x0F, 0x03, 0xF0, 0x00,
    0x00, 0x2E, 0x02, 0xF8, 0x00, 0x00, 0x3D, 0x01, 0xFC, 0x00, 0x00, 0x3F, 0xFF, 0xFC, 0x00, 0x00,
    0xB8, 0x00, 0xBE, 0x00, 0x00, 0xF0, 0x00, 0x3F, 0x00, 0x01, 0xE0, 0x00, 0x2F, 0x80, 0x02, 0xC0,
    0x00, 0x0F, 0xC0, 0x03, 0xC0, 0x00, 0x0F, 0xC0, 0x2F, 0xE0, 0x00, 0x2F, 0xF8, 0x3F, 0xF8, 0x00,
    0xBF, 0xFC, 0x00, 0x00, 0x00, 0x00, 0x00, 0x00, 0x00, 0x00, 0x00, 0x0F, 0xFF, 0xFF, 0xFF, 0x80,
    0x00, 0x00, 0x02, 0xFF, 0xC0, 0x0F, 0x80, 0x00, 0x00, 0x03, 0xCF, 0xC0, 0x0B, 0x80, 0x00, 0x00,
    0x0B, 0x8F, 0xC0, 0x03, 0x40, 0x00, 0x00, 0x0F, 0x0F, 0xC0, 0x00, 0x00, 0x00, 0x00, 0x3C, 0x0F,
    0xC0, 0x20, 0x00, 0x00, 0x00, 0xB8, 0x0F, 0xC0, 0x70, 0x00, 0x00, 0x00, 0xF0, 0x0F, 0xC0, 0xB0,
    0x00, 0x00, 0x02, 0xE0, 0x0F, 0xFF, 0xF0, 0x00, 0x00, 0x03, 0xC0, 0x1F, 0xC0, 0xB0, 0x00, 0x00,
    0x0F, 0xFF, 0xFF, 0xC0, 0x70, 0x00, 0x00, 0x2E, 0x00, 0x0F, 0xC0, 0x20, 0x00, 0x00, 0x3C, 0x00,
    0x0F, 0xC0, 0x00, 0x00, 0x00, 0xF4, 0x00, 0x0F, 0xC0, 0x00, 0x80, 0x01, 0xF0, 0x00, 0x0F, 0xC0,
    0x02, 0xD0, 0x03, 0xC0, 0x00, 0x0F, 0xC0, 0x02, 0xD0, 0x2B, 0xE0, 0x00, 0xAF, 0xEA, 0xAB, 0xD0,
    0x3F, 0xF8, 0x00, 0xFF, 0xFF, 0xFF, 0xD0, 0x00, 0x01, 0xAE, 0x90, 0x00, 0x00, 0x2F, 0xFF, 0xFF,
    0x00, 0x00, 0xFF, 0x00, 0x3F, 0x00, 0x03, 0xF8, 0x00, 0x0F, 0x00, 0x0B, 0xE0, 0x00, 0x0F, 0x00,
    0x0F, 0xC0, 0x00, 0x0A, 0x00, 0x2F, 0xC0, 0x00, 0x00, 0x00, 0x3F, 0x80, 0x00, 0x00, 0x00, 0x3F,
    0x00, 0x00, 0x00, 0x00, 0x3F, 0x00, 0x00, 0x00, 0x00, 0x3F, 0x00, 0x00, 0x00, 0x00, 0x3F, 0x40,
    0x00, 0x00, 0x00, 0x2F, 0x80, 0x00, 0x00, 0x00, 0x0F, 0xC0, 0x00, 0x00, 0x00, 0x0F, 0xD0, 0x00,
    0x0F, 0x00, 0x03, 0xF0, 0x00, 0x0F, 0x00, 0x02, 0xFC, 0x00, 0x1F, 0x00, 0x00, 0xBF, 0xE1, 0xBF,
    0x00, 0x00, 0x0B, 0xFF, 0xFE, 0x00, 0x00, 0x00, 0x38, 0x00, 0x00, 0x00, 0x00, 0x3E, 0x00, 0x00,
    0x00, 0x00, 0x3F, 0x80, 0x00, 0x00, 0x00, 0x03, 0xC0, 0x00, 0x00, 0x00, 0x0B, 0x80, 0x00, 0x00,
    0x01, 0xFE, 0x00, 0x00, 0x00, 0x00, 0x00, 0x00, 0x00, 0x00, 0x00, 0x00, 0x00, 0x00, 0xFC, 0x00,
    0x00, 0x00, 0xFE, 0x00, 0x00, 0x00, 0x3F, 0x80, 0x00, 0x00, 0x0B, 0xD0, 0x00, 0x00, 0x00, 0xB0,
    0x00, 0x00, 0x00, 0x00, 0x00, 0x00, 0x00, 0x00, 0x00, 0x3F, 0xFF, 0xFF, 0xF0, 0x07, 0xE0, 0x00,
    0xF0, 0x03, 0xE0, 0x00, 0xF0, 0x03, 0xE0, 0x00, 0xB0, 0x03, 0xE0, 0x00, 0x00, 0x03, 0xE0, 0x0A,
    0x00, 0x03, 0xE0, 0x0F, 0x00, 0x03, 0xF0, 0x1F, 0x00, 0x03, 0xFF, 0xFF, 0x00, 0x03, 0xF0, 0x0F,
    0x00, 0x03, 0xE0, 0x0F, 0x00, 0x03, 0xE0, 0x06, 0x00, 0x03, 0xE0, 0x00, 0x00, 0x03, 0xE0, 0x00,
    0x28, 0x03, 0xE0, 0x00, 0x3C, 0x03, 0xE0, 0x00, 0x3C, 0x2B, 0xFA, 0xAA, 0xBC, 0x3F, 0xFF, 0xFF,
    0xFC, 0x00, 0x00, 0x00, 0x00, 0x00, 0x00, 0x3E, 0x00, 0x00, 0x00, 0xFE, 0x00, 0x00, 0x03, 0xF8,
    0x00, 0x00, 0x0B, 0xC0, 0x00, 0x00, 0x0E, 0x00, 0x00, 0x00, 0x00, 0x00, 0x00, 0x00, 0x00, 0x00,
    0x00, 0x3F, 0xFF, 0xFF, 0xF0, 0x07, 0xE0, 0x00, 0xF0, 0x03, 0xE0, 0x00, 0xF0, 0x03, 0xE0, 0x00,
    0xB0, 0x03, 0xE0, 0x00, 0x00, 0x03, 0xE0, 0x0A, 0x00, 0x03, 0xE0, 0x0F, 0x00, 0x03, 0xF0, 0x1F,
    0x00, 0x03, 0xFF, 0xFF, 0x00, 0x03, 0xF0, 0x0F, 0x00, 0x03, 0xE0, 0x0F, 0x00, 0x03, 0xE0, 0x06,
    0x00, 0x03, 0xE0, 0x00, 0x00, 0x03, 0xE0, 0x00, 0x28, 0x03, 0xE0, 0x00, 0x3C, 0x03, 0xE0, 0x00,
    0x3C, 0x2B, 0xFA, 0xAA, 0xBC, 0x3F, 0xFF, 0xFF, 0xFC, 0x00, 0x00, 0x00, 0x00, 0x00, 0x0B, 0xC0,
    0x00, 0x00, 0x0F, 0xF0, 0x00, 0x00, 0x3E, 0xFC, 0x00, 0x00, 0xF8, 0x3E, 0x00, 0x01, 0xE0, 0x0B,
    0x00, 0x00, 0x00, 0x00, 0x00, 0x00, 0x00, 0x00, 0x00, 0x3F, 0xFF, 0xFF, 0xF0, 0x07, 0xE0, 0x00,
    0xF0, 0x03, 0xE0, 0x00, 0xF0, 0x03, 0xE0, 0x00, 0xB0, 0x03, 0xE0, 0x00, 0x00, 0x03, 0xE0, 0x0A,
    0x00, 0x03, 0xE0, 0x0F, 0x00, 0x03, 0xF0, 0x1F, 0x00, 0x03, 0xFF, 0xFF, 0x00, 0x03, 0xF0, 0x0F,
    0x00, 0x03, 0xE0, 0x0F, 0x00, 0x03, 0xE0, 0x06, 0x00, 0x03, 0xE0, 0x00, 0x00, 0x03, 0xE0, 0x00,
    0x28, 0x03, 0xE0, 0x00, 0x3C, 0x03, 0xE0, 0x00, 0x3C, 0x2B, 0xFA, 0xAA, 0xBC, 0x3F, 0xFF, 0xFF,
    0xFC, 0x00, 0x00, 0x00, 0x00, 0x00, 0xF4, 0x2F, 0x00, 0x02, 0xF8, 0x3F, 0x00, 0x00, 0xB0, 0x0E,
    0x00, 0x00, 0x00, 0x00, 0x00, 0x00, 0x00, 0x00, 0x00, 0x00, 0x00, 0x00, 0x00, 0x3F, 0xFF, 0xFF,
    0xF0, 0x07, 0xE0, 0x00, 0xF0, 0x03, 0xE0, 0x00, 0xF0, 0x03, 0xE0, 0x00, 0xB0, 0x03, 0xE0, 0x00,
    0x00, 0x03, 0xE0, 0x0A, 0x00, 0x03, 0xE0, 0x0F, 0x00, 0x03, 0xF0, 0x1F, 0x00, 0x03, 0xFF, 0xFF,
    0x00, 0x03, 0xF0, 0x0F, 0x00, 0x03, 0xE0, 0x0F, 0x00, 0x03, 0xE0, 0x06, 0x00, 0x03, 0xE0, 0x00,
    0x00, 0x03, 0xE0, 0x00, 0x28, 0x03, 0xE0, 0x00, 0x3C, 0x03, 0xE0, 0x00, 0x3C, 0x2B, 0xFA, 0xAA,
    0xBC, 0x3F, 0xFF, 0xFF, 0xFC, 0x00, 0x00, 0x00, 0x7D, 0x00, 0x00, 0x7F, 0x00, 0x00, 0x2F, 0xC0,
    0x00, 0x02, 0xF0, 0x00, 0x00, 0x38, 0x00, 0x00, 0x00, 0x00, 0x00, 0x00, 0x00, 0x3F, 0xFF, 0x00,
    0x03, 0xF0, 0x00, 0x03, 0xF0, 0x00, 0x03, 0xF0, 0x00, 0x03, 0xF0, 0x00, 0x03, 0xF0, 0x00, 0x03,
    0xF0, 0x00, 0x03, 0xF0, 0x00, 0x03, 0xF0, 0x00, 0x03, 0xF0, 0x00, 0x03, 0xF0, 0x00, 0x03, 0xF0,
    0x00, 0x03, 0xF0, 0x00, 0x03, 0xF0, 0x00, 0x03, 0xF0, 0x00, 0x03, 0xF0, 0x00, 0x2B, 0xFA, 0x00,
    0x3F, 0xFF, 0x00, 0x00, 0x00, 0x00, 0x00, 0x2F, 0x00, 0x00, 0x3F, 0x00, 0x00, 0xFD, 0x00, 0x03,
    0xE0, 0x00, 0x0B, 0x00, 0x00, 0x00, 0x00, 0x00, 0x00, 0x00, 0x00, 0x3F, 0xFF, 0x00, 0x03, 0xF0,
    0x00, 0x03, 0xF0, 0x00, 0x03, 0xF0, 0x00, 0x03, 0xF0, 0x00, 0x03, 0xF0, 0x00, 0x03, 0xF0, 0x00,
    0x03, 0xF0, 0x00, 0x03, 0xF0, 0x00, 0x03, 0xF0, 0x00, 0x03, 0xF0, 0x00, 0x03, 0xF0, 0x00, 0x03,
    0xF0, 0x00, 0x03, 0xF0, 0x00, 0x03, 0xF0, 0x00, 0x03, 0xF0, 0x00, 0x2B, 0xFA, 0x00, 0x3F, 0xFF,
    0x00, 0x00, 0x00, 0x00, 0x00, 0xFC, 0x00, 0x02, 0xFE, 0x00, 0x0B, 0xEF, 0x40, 0x0F, 0x03, 0xC0,
    0x2C, 0x00, 0xE0, 0x00, 0x00, 0x00, 0x00, 0x00, 0x00, 0x0F, 0xFF, 0xC0, 0x00, 0xFC, 0x00, 0x00,
    0xFC, 0x00, 0x00, 0xFC, 0x00, 0x00, 0xFC, 0x00, 0x00, 0xFC, 0x00, 0x00, 0xFC, 0x00, 0x00, 0xFC,
    0x00, 0x00, 0xFC, 0x00, 0x00, 0xFC, 0x00, 0x00, 0xFC, 0x00, 0x00, 0xFC, 0x00, 0x00, 0xFC, 0x00,
    0x00, 0xFC, 0x00, 0x00, 0xFC, 0x00, 0x00, 0xFC, 0x00, 0x0A, 0xFE, 0x80, 0x0F, 0xFF, 0xC0, 0x00,
    0x00, 0x00, 0xBC, 0x0F, 0x80, 0xFC, 0x0F, 0x80, 0x38, 0x0B, 0x00, 0x00, 0x00, 0x00, 0x00, 0x00,
    0x00, 0x00, 0x00, 0x00, 0x3F, 0xFF, 0x00, 0x03, 0xF0, 0x00, 0x03, 0xF0, 0x00, 0x03, 0xF0, 0x00,
    0x03, 0xF0, 0x00, 0x03, 0xF0, 0x00, 0x03, 0xF0, 0x00, 0x03, 0xF0, 0x00, 0x03, 0xF0, 0x00, 0x03,
    0xF0, 0x00, 0x03, 0xF0, 0x00, 0x03, 0xF0, 0x00, 0x03, 0xF0, 0x00, 0x03, 0xF0, 0x00, 0x03, 0xF0,
    0x00, 0x03, 0xF0, 0x00, 0x2B, 0xFA, 0x00, 0x3F, 0xFF, 0x00, 0x00, 0x00, 0x00, 0x00, 0x00, 0x3F,
    0xFF, 0xFF, 0x80, 0x00, 0x07, 0xE0, 0x0B, 0xF8, 0x00, 0x03, 0xE0, 0x00, 0xFE, 0x00, 0x03, 0xE0,
    0x00, 0x3F, 0x80, 0x03, 0xE0, 0x00, 0x0F, 0xC0, 0x03, 0xE0, 0x00, 0x0F, 0xD0, 0x03, 0xE0, 0x00,
    0x0B, 0xE0, 0x2B, 0xFA, 0x90, 0x0B, 0xE0, 0xBF, 0xFF, 0xF0, 0x0B, 0xF0, 0x07, 0xF0, 0x00, 0x0B,
    0xF0, 0x03, 0xE0, 0x00, 0x0B, 0xE0, 0x03, 0xE0, 0x00, 0x0B, 0xE0, 0x03, 0xE0, 0x00, 0x0F, 0xC0,
    0x03, 0xE0, 0x00, 0x2F, 0xC0, 0x03, 0xE0, 0x00, 0x3F, 0x00, 0x03, 0xE0, 0x02, 0xFC, 0x00, 0x2B,
    0xFA, 0xBF, 0xF0, 0x00, 0x3F, 0xFF, 0xFE, 0x00, 0x00, 0x00, 0x00, 0x00, 0x00, 0x00, 0x00, 0x0F,
    0xF4, 0x30, 0x00, 0x00, 0x2E, 0xFF, 0xE0, 0x00, 0x00, 0x30, 0x0B, 0x80, 0x00, 0x00, 0x00, 0x00,
    0x00, 0x00, 0x00, 0x00, 0x00, 0x00, 0x00, 0x00, 0x00, 0x00, 0x00, 0x00, 0xBF, 0xF0, 0x00, 0x3F,
    0xFC, 0x07, 0xFC, 0x00, 0x03, 0xC0, 0x03, 0xFE, 0x00, 0x03, 0x80, 0x03, 0xFF, 0x00, 0x03, 0x80,
    0x03, 0xAF, 0xC0, 0x03, 0x80, 0x03, 0x8F, 0xE0, 0x03, 0x80, 0x03, 0x83, 0xF0, 0x03, 0x80, 0x03,
    0x82, 0xFC, 0x03, 0x80, 0x03, 0x80, 0xFE, 0x03, 0x80, 0x03, 0x80, 0x3F, 0x03, 0x80, 0x03, 0x80,
    0x2F, 0xC3, 0x80, 0x03, 0x80, 0x0F, 0xE3, 0x80, 0x03, 0x80, 0x03, 0xF3, 0x80, 0x03, 0x80, 0x02,
    0xFF, 0x80, 0x03, 0x80, 0x00, 0xFF, 0x80, 0x03, 0x80, 0x00, 0x3F, 0x80, 0x2B, 0xE0, 0x00, 0x2F,
    0x80, 0x3F, 0xF8, 0x00, 0x0F, 0x80, 0x00, 0x00, 0x00, 0x00, 0x00, 0x00, 0x0F, 0xC0, 0x00, 0x00,
    0x00, 0x0F, 0xE0, 0x00, 0x00, 0x00, 0x03, 0xF8, 0x00, 0x00, 0x00, 0x00, 0xBD, 0x00, 0x00, 0x00,
    0x00, 0x0B, 0x00, 0x00, 0x00, 0x00, 0x00, 0x00, 0x00, 0x00, 0x02, 0xAA, 0x40, 0x00, 0x00, 0x2F,
    0xFF, 0xF8, 0x00, 0x00, 0xFE, 0x00, 0xFF, 0x00, 0x03, 0xF0, 0x00, 0x2F, 0x80, 0x0B, 0xE0, 0x00,
    0x0F, 0xD0, 0x0F, 0xC0, 0x00, 0x07, 0xF0, 0x2F, 0x80, 0x00, 0x03, 0xF0, 0x3F, 0x80, 0x00, 0x03,
    0xF8, 0x3F, 0x00, 0x00, 0x02, 0xF8, 0x3F, 0x00, 0x00, 0x02, 0xF8, 0x3F, 0x00, 0x00, 0x02, 0xF8,
    0x3F, 0x40, 0x00, 0x02, 0xF8, 0x2F, 0x80, 0x00, 0x03, 0xF4, 0x1F, 0xC0, 0x00, 0x03, 0xF0, 0x0F,
    0xC0, 0x00, 0x0B, 0xE0, 0x07, 0xF0, 0x00, 0x0F, 0xC0, 0x02, 0xF8, 0x00, 0x3F, 0x40, 0x00, 0xBF,
    0x86, 0xFD, 0x00, 0x00, 0x0B, 0xFF, 0xE0, 0x00, 0x00, 0x00, 0x00, 0x00, 0x00, 0x00, 0x00, 0x00,
    0x00, 0x00, 0x00, 0x00, 0x03, 0xE0, 0x00, 0x00, 0x00, 0x0F, 0xE0, 0x00, 0x00, 0x00, 0x3F, 0x80,
    0x00, 0x00, 0x00, 0xBC, 0x00, 0x00, 0x00, 0x00, 0xE0, 0x00, 0x00, 0x00, 0x00, 0x00, 0x00, 0x00,
    0x00, 0x02, 0xAA, 0x40, 0x00, 0x00, 0x2F, 0xFF, 0xF8, 0x00, 0x00, 0xFE, 0x00, 0xFF, 0x00, 0x03,
    0xF0, 0x00, 0x2F, 0x80, 0x0B, 0xE0, 0x00, 0x0F, 0xD0, 0x0F, 0xC0, 0x00, 0x07, 0xF0, 0x2F, 0x80,
    0x00, 0x03, 0xF0, 0x3F, 0x80, 0x00, 0x03, 0xF8, 0x3F, 0x00, 0x00, 0x02, 0xF8, 0x3F, 0x00, 0x00,
    0x02, 0xF8, 0x3F, 0x00, 0x00, 0x02, 0xF8, 0x3F, 0x40, 0x00, 0x02, 0xF8, 0x2F, 0x80, 0x00, 0x03,
    0xF4, 0x1F, 0xC0, 0x00, 0x03, 0xF0, 0x0F, 0xC0, 0x00, 0x0B, 0xE0, 0x07, 0xF0, 0x00, 0x0F, 0xC0,
    0x02, 0xF8, 0x00, 0x3F, 0x40, 0x00, 0xBF, 0x86, 0xFD, 0x00, 0x00, 0x0B, 0xFF, 0xE0, 0x00, 0x00,
    0x00, 0x00, 0x00, 0x00, 0x00, 0x00, 0x00, 0x00, 0x00, 0x00, 0x00, 0xBC, 0x00, 0x00, 0x00, 0x00,
    0xFF, 0x00, 0x00, 0x00, 0x03, 0xEF, 0xC0, 0x00, 0x00, 0x0F, 0x83, 0xE0, 0x00, 0x00, 0x1E, 0x00,
    0xB0, 0x00, 0x00, 0x00, 0x00, 0x00, 0x00, 0x00, 0x02, 0xAA, 0x40, 0x00, 0x00, 0x2F, 0xFF, 0xF8,
    0x00, 0x00, 0xFE, 0x00, 0xFF, 0x00, 0x03, 0xF0, 0x00, 0x2F, 0x80, 0x0B, 0xE0, 0x00, 0x0F, 0xD0,
    0x0F, 0xC0, 0x00, 0x07, 0xF0, 0x2F, 0x80, 0x00, 0x03, 0xF0, 0x3F, 0x80, 0x00, 0x03, 0xF8, 0x3F,
    0x00, 0x00, 0x02, 0xF8, 0x3F, 0x00, 0x00, 0x02, 0xF8, 0x3F, 0x00, 0x00, 0x02, 0xF8, 0x3F, 0x40,
    0x00, 0x02, 0xF8, 0x2F, 0x80, 0x00, 0x03, 0xF4, 0x1F, 0xC0, 0x00, 0x03, 0xF0, 0x0F, 0xC0, 0x00,
    0x0B, 0xE0, 0x07, 0xF0, 0x00, 0x0F, 0xC0, 0x02, 0xF8, 0x00, 0x3F, 0x40, 0x00, 0xBF, 0x86, 0xFD,
    0x00, 0x00, 0x0B, 0xFF, 0xE0, 0x00, 0x00, 0x00, 0x00, 0x00, 0x00, 0x00, 0x00, 0x00, 0x00, 0x00,
    0x00, 0x0B, 0xF8, 0x34, 0x00, 0x00, 0x1E, 0xFF, 0xF0, 0x00, 0x00, 0x28, 0x0B, 0x80, 0x00, 0x00,
    0x00, 0x00, 0x00, 0x00, 0x00, 0x00, 0x00, 0x00, 0x00, 0x00, 0x02, 0xAA, 0x40, 0x00, 0x00, 0x2F,
    0xFF, 0xF8, 0x00, 0x00, 0xFE, 0x00, 0xFF, 0x00, 0x03, 0xF0, 0x00, 0x2F, 0x80, 0x0B, 0xE0, 0x00,
    0x0F, 0xD0, 0x0F, 0xC0, 0x00, 0x07, 0xF0, 0x2F, 0x80, 0x00, 0x03, 0xF0, 0x3F, 0x80, 0x00, 0x03,
    0xF8, 0x3F, 0x00, 0x00, 0x02, 0xF8, 0x3F, 0x00, 0x00, 0x02, 0xF8, 0x3F, 0x00, 0x00, 0x02, 0xF8,
    0x3F, 0x40, 0x00, 0x02, 0xF8, 0x2F, 0x80, 0x00, 0x03, 0xF4, 0x1F, 0xC0, 0x00, 0x03, 0xF0, 0x0F,
    0xC0, 0x00, 0x0B, 0xE0, 0x07, 0xF0, 0x00, 0x0F, 0xC0, 0x02, 0xF8, 0x00, 0x3F, 0x40, 0x00, 0xBF,
    0x86, 0xFD, 0x00, 0x00, 0x0B, 0xFF, 0xE0, 0x00, 0x00, 0x00, 0x00, 0x00, 0x00, 0x00, 0x00, 0x00,
    0x00, 0x00, 0x00, 0x0F, 0x42, 0xF0, 0x00, 0x00, 0x2F, 0x83, 0xF0, 0x00, 0x00, 0x0B, 0x00, 0xE0,
    0x00, 0x00, 0x00, 0x00, 0x00, 0x00, 0x00, 0x00, 0x00, 0x00, 0x00, 0x00, 0x02, 0xAA, 0x40, 0x00,
    0x00, 0x2F, 0xFF, 0xF8, 0x00, 0x00, 0xFE, 0x00, 0xFF, 0x00, 0x03, 0xF0, 0x00, 0x2F, 0x80, 0x0B,
    0xE0, 0x00, 0x0F, 0xD0, 0x0F, 0xC0, 0x00, 0x07, 0xF0, 0x2F, 0x80, 0x00, 0x03, 0xF0, 0x3F, 0x80,
    0x00, 0x03, 0xF8, 0x3F, 0x00, 0x00, 0x02, 0xF8, 0x3F, 0x00, 0x00, 0x02, 0xF8, 0x3F, 0x00, 0x00,
    0x02, 0xF8, 0x3F, 0x40, 0x00, 0x02, 0xF8, 0x2F, 0x80, 0x00, 0x03, 0xF4, 0x1F, 0xC0, 0x00, 0x03,
    0xF0, 0x0F, 0xC0, 0x00, 0x0B, 0xE0, 0x07, 0xF0, 0x00, 0x0F, 0xC0, 0x02, 0xF8, 0x00, 0x3F, 0x40,
    0x00, 0xBF, 0x86, 0xFD, 0x00, 0x00, 0x0B, 0xFF, 0xE0, 0x00, 0x00, 0x00, 0x00, 0x00, 0x00, 0x10,
    0x00, 0x00, 0x10, 0xB8, 0x00, 0x00, 0xB8, 0x3E, 0x00, 0x02, 0xF0, 0x0F, 0x80, 0x0B, 0xC0, 0x03,
    0xE0, 0x2F, 0x00, 0x00, 0xF8, 0xBC, 0x00, 0x00, 0x3E, 0xF0, 0x00, 0x00, 0x0F, 0xC0, 0x00, 0x00,
    0x2F, 0xE0, 0x00, 0x00, 0xBC, 0xF8, 0x00, 0x02, 0xF0, 0x3E, 0x00, 0x0B, 0xC0, 0x0F, 0x80, 0x2F,
    0x00, 0x03, 0xE0, 0xBC, 0x00, 0x00, 0xF8, 0xB0, 0x00, 0x00, 0x38, 0x00, 0x00, 0x00, 0x00, 0x00,
    0x00, 0x00, 0x00, 0x00, 0x00, 0x00, 0x00, 0x03, 0x80, 0x00, 0x02, 0xAA, 0x4F, 0x00, 0x00, 0x2F,
    0xFF, 0xFE, 0x00, 0x00, 0xFE, 0x00, 0xFF, 0x00, 0x03, 0xF0, 0x00, 0xBF, 0xC0, 0x0B, 0xE0, 0x00,
    0xFF, 0xD0, 0x0F, 0xC0, 0x03, 0xC3, 0xF0, 0x2F, 0x80, 0x07, 0x83, 0xF0, 0x3F, 0x80, 0x0F, 0x03,
    0xF8, 0x3F, 0x00, 0x2E, 0x02, 0xF8, 0x3F, 0x00, 0x3C, 0x02, 0xF8, 0x3F, 0x00, 0xB0, 0x02, 0xF8,
    0x3F, 0x80, 0xE0, 0x02, 0xF8, 0x2F, 0x83, 0xC0, 0x03, 0xF4, 0x1F, 0xCB, 0x80, 0x03, 0xF0, 0x0F,
    0xEF, 0x00, 0x0B, 0xE0, 0x0B, 0xFC, 0x00, 0x0F, 0xC0, 0x02, 0xFC, 0x00, 0x3F, 0x40, 0x00, 0xFF,
    0x96, 0xFD, 0x00, 0x02, 0xEB, 0xFF, 0xE0, 0x00, 0x03, 0xC0, 0x00, 0x00, 0x00, 0x03, 0x00, 0x00,
    0x00, 0x00, 0x00, 0x00, 0x00, 0x00, 0x00, 0x00, 0x00, 0x00, 0x00, 0x00, 0x00, 0x0F, 0xC0, 0x00,
    0x00, 0x00, 0x0F, 0xE0, 0x00, 0x00, 0x00, 0x03, 0xF8, 0x00, 0x00, 0x00, 0x00, 0xBD, 0x00, 0x00,
    0x00, 0x00, 0x0B, 0x00, 0x00, 0x00, 0x00, 0x00, 0x00, 0x00, 0x00, 0x00, 0x00, 0x00, 0x00, 0x3F,
    0xFF, 0x00, 0xBF, 0xF8, 0x0B, 0xF0, 0x00, 0x0B, 0x80, 0x03, 0xE0, 0x00, 0x03, 0x80, 0x03, 0xE0,
    0x00, 0x03, 0x80, 0x03, 0xE0, 0x00, 0x03, 0x80, 0x03, 0xE0, 0x00, 0x03, 0x80, 0x03, 0xE0, 0x00,
    0x03, 0x80, 0x03, 0xE0, 0x00, 0x03, 0x80, 0x03, 0xE0, 0x00, 0x03, 0x80, 0x03, 0xE0, 0x00, 0x03,
    0x80, 0x03, 0xE0, 0x00, 0x03, 0x80, 0x03, 0xE0, 0x00, 0x07, 0x80, 0x03, 0xF0, 0x00, 0x0B, 0x40,
    0x03, 0xF0, 0x00, 0x0B, 0x00, 0x03, 0xF4, 0x00, 0x0F, 0x00, 0x02, 0xFC, 0x00, 0x3E, 0x00, 0x00,
    0xFF, 0xEB, 0xFC, 0x00, 0x00, 0x2F, 0xFF, 0xE0, 0x00, 0x00, 0x00, 0x00, 0x00, 0x00, 0x00, 0x00,
    0x00, 0x00, 0x00, 0x00, 0x00, 0x03, 0xE0, 0x00, 0x00, 0x00, 0x0F, 0xE0, 0x00, 0x00, 0x00, 0x3F,
    0x80, 0x00, 0x00, 0x00, 0xBC, 0x00, 0x00, 0x00, 0x00, 0xE0, 0x00, 0x00, 0x00, 0x00, 0x00, 0x00,
    0x00, 0x00, 0x00, 0x00, 0x00, 0x00, 0x3F, 0xFF, 0x00, 0xBF, 0xF8, 0x0B, 0xF0, 0x00, 0x0B, 0x80,
    0x03, 0xE0, 0x00, 0x03, 0x80, 0x03, 0xE0, 0x00, 0x03, 0x80, 0x03, 0xE0, 0x00, 0x03, 0x80, 0x03,
    0xE0, 0x00, 0x03, 0x80, 0x03, 0xE0, 0x00, 0x03, 0x80, 0x03, 0xE0, 0x00, 0x03, 0x80, 0x03, 0xE0,
    0x00, 0x03, 0x80, 0x03, 0xE0, 0x00, 0x03, 0x80, 0x03, 0xE0, 0x00, 0x03, 0x80, 0x03, 0xE0, 0x00,
    0x07, 0x80, 0x03, 0xF0, 0x00, 0x0B, 0x40, 0x03, 0xF0, 0x00, 0x0B, 0x00, 0x03, 0xF4, 0x00, 0x0F,
    0x00, 0x02, 0xFC, 0x00, 0x3E, 0x00, 0x00, 0xFF, 0xEB, 0xFC, 0x00, 0x00, 0x2F, 0xFF, 0xE0, 0x00,
    0x00, 0x00, 0x00, 0x00, 0x00, 0x00, 0x00, 0x00, 0x00, 0x00, 0x00, 0x00, 0xBC, 0x00, 0x00, 0x00,
    0x00, 0xFF, 0x00, 0x00, 0x00, 0x03, 0xEF, 0xC0, 0x00, 0x00, 0x0F, 0x82, 0xE0, 0x00, 0x00, 0x0E,
    0x00, 0xB0, 0x00, 0x00, 0x00, 0x00, 0x00, 0x00, 0x00, 0x00, 0x00, 0x00, 0x00, 0x3F, 0xFF, 0x00,
    0xBF, 0xF8, 0x0B, 0xF0, 0x00, 0x0B, 0x80, 0x03, 0xE0, 0x00, 0x03, 0x80, 0x03, 0xE0, 0x00, 0x03,
    0x80, 0x03, 0xE0, 0x00, 0x03, 0x80, 0x03, 0xE0, 0x00, 0x03, 0x80, 0x03, 0xE0, 0x00, 0x03, 0x80,
    0x03, 0xE0, 0x00, 0x03, 0x80, 0x03, 0xE0, 0x00, 0x03, 0x80, 0x03, 0xE0, 0x00, 0x03, 0x80, 0x03,
    0xE0, 0x00, 0x03, 0x80, 0x03, 0xE0, 0x00, 0x07, 0x80, 0x03, 0xF0, 0x00, 0x0B, 0x40, 0x03, 0xF0,
    0x00, 0x0B, 0x00, 0x03, 0xF4, 0x00, 0x0F, 0x00, 0x02, 0xFC, 0x00, 0x3E, 0x00, 0x00, 0xFF, 0xEB,
    0xFC, 0x00, 0x00, 0x2F, 0xFF, 0xE0, 0x00, 0x00, 0x00, 0x00, 0x00, 0x00, 0x00, 0x00, 0x00, 0x00,
    0x00, 0x00, 0x0F, 0x82, 0xF0, 0x00, 0x00, 0x1F, 0x83, 0xF0, 0x00, 0x00, 0x0B, 0x00, 0xE0, 0x00,
    0x00, 0x00, 0x00, 0x00, 0x00, 0x00, 0x00, 0x00, 0x00, 0x00, 0x00, 0x00, 0x00, 0x00, 0x00, 0x3F,
    0xFF, 0x00, 0xBF, 0xF8, 0x0B, 0xF0, 0x00, 0x0B, 0x80, 0x03, 0xE0, 0x00, 0x03, 0x80, 0x03, 0xE0,
    0x00, 0x03, 0x80, 0x03, 0xE0, 0x00, 0x03, 0x80, 0x03, 0xE0, 0x00, 0x03, 0x80, 0x03, 0xE0, 0x00,
    0x03, 0x80, 0x03, 0xE0, 0x00, 0x03, 0x80, 0x03, 0xE0, 0x00, 0x03, 0x80, 0x03, 0xE0, 0x00, 0x03,
    0x80, 0x03, 0xE0, 0x00, 0x03, 0x80, 0x03, 0xE0, 0x00, 0x07, 0x80, 0x03, 0xF0, 0x00, 0x0B, 0x40,
    0x03, 0xF0, 0x00, 0x0B, 0x00, 0x03, 0xF4, 0x00, 0x0F, 0x00, 0x02, 0xFC, 0x00, 0x3E, 0x00, 0x00,
    0xFF, 0xEB, 0xFC, 0x00, 0x00, 0x2F, 0xFF, 0xE0, 0x00, 0x00, 0x00, 0x00, 0x00, 0x00, 0x00, 0x00,
    0x00, 0x00, 0x00, 0x00, 0x00, 0x2F, 0x00, 0x00, 0x00, 0x00, 0x3F, 0x00, 0x00, 0x00, 0x00, 0xFD,
    0x00, 0x00, 0x00, 0x03, 0xE0, 0x00, 0x00, 0x00, 0x0B, 0x00, 0x00, 0x00, 0x00, 0x00, 0x00, 0x00,
    0x00, 0x00, 0x00, 0x00, 0x00, 0x00, 0xFF, 0xF8, 0x03, 0xFF, 0x80, 0x0F, 0xC0, 0x00, 0x3C, 0x00,
    0x0B, 0xE0, 0x00, 0xB8, 0x00, 0x03, 0xF0, 0x00, 0xF0, 0x00, 0x02, 0xF8, 0x03, 0xC0, 0x00, 0x00,
    0xFC, 0x0B, 0x80, 0x00, 0x00, 0x7F, 0x0F, 0x00, 0x00, 0x00, 0x3F, 0x2E, 0x00, 0x00, 0x00, 0x0F,
    0xFC, 0x00, 0x00, 0x00, 0x0B, 0xF0, 0x00, 0x00, 0x00, 0x03, 0xF0, 0x00, 0x00, 0x00, 0x03, 0xF0,
    0x00, 0x00, 0x00, 0x03, 0xF0, 0x00, 0x00, 0x00, 0x03, 0xF0, 0x00, 0x00, 0x00, 0x03, 0xF0, 0x00,
    0x00, 0x00, 0x03, 0xF0, 0x00, 0x00, 0x00, 0x2B, 0xFA, 0x00, 0x00, 0x00, 0x3F, 0xFF, 0x00, 0x00,
    0x00, 0x00, 0x00, 0x00, 0x3F, 0xFF, 0x00, 0x00, 0x0B, 0xF0, 0x00, 0x00, 0x03, 0xE0, 0x00, 0x00,
    0x03, 0xFF, 0xF8, 0x00, 0x03, 0xFA, 0xBF, 0xC0, 0x03, 0xE0, 0x0B, 0xF0, 0x03, 0xE0, 0x03, 0xF4,
    0x03, 0xE0, 0x03, 0xF8, 0x03, 0xE0, 0x02, 0xF8, 0x03, 0xE0, 0x03, 0xF8, 0x03, 0xE0, 0x03, 0xF0,
    0x03, 0xE0, 0x0B, 0xF0, 0x03, 0xF0, 0x7F, 0xC0, 0x03, 0xFF, 0xFE, 0x00, 0x03, 0xF0, 0x00, 0x00,
    0x03, 0xE0, 0x00, 0x00, 0x2B, 0xF9, 0x00, 0x00, 0x3F, 0xFF, 0x00, 0x00, 0x00, 0x00, 0x00, 0x00,
    0x00, 0x00, 0x0B, 0xFE, 0x00, 0x00, 0x00, 0x3E, 0xAF, 0xC0, 0x00, 0x00, 0xF8, 0x03, 0xE0, 0x00,
    0x03, 0xF0, 0x03, 0xF0, 0x00, 0x03, 0xE0, 0x02, 0xF0, 0x00, 0x07, 0xC0, 0x02, 0xF0, 0x00, 0x0B,
    0xC0, 0x0B, 0xF0, 0x00, 0x0B, 0xC0, 0x3E, 0x00, 0x00, 0x0B, 0xC0, 0xF8, 0x00, 0x00, 0x0B, 0xC0,
    0xF8, 0x00, 0x00, 0x0B, 0xC0, 0xFC, 0x00, 0x00, 0x0B, 0xC0, 0xFF, 0x80, 0x00, 0x0B, 0xC0, 0x3F,
    0xF0, 0x00, 0x0B, 0xC0, 0x0B, 0xFC, 0x00, 0x0B, 0xC0, 0x00, 0xFF, 0x00, 0x0B, 0xC0, 0x00, 0x2F,
    0x00, 0x0B, 0xC0, 0xF0, 0x2F, 0x00, 0x0B, 0xC0, 0xF0, 0x2F, 0x00, 0x1F, 0xE0, 0xF8, 0xBC, 0x00,
    0xBF, 0xFC, 0xBF, 0xF0, 0x00, 0x00, 0x00, 0x00, 0x00, 0x00, 0x00, 0x00, 0x00, 0x00, 0x03, 0xD0,
    0x00, 0x00, 0x03, 0xF0, 0x00, 0x00, 0x02, 0xFC, 0x00, 0x00, 0x00, 0x3F, 0x00, 0x00, 0x00, 0x0B,
    0xC0, 0x00, 0x00, 0x00, 0x00, 0x00, 0x00, 0x1A, 0x80, 0x00, 0x03, 0xFF, 0xF8, 0x00, 0x0F, 0x80,
    0xFC, 0x00, 0x2F, 0x80, 0x3C, 0x00, 0x0A, 0x00, 0x3E, 0x00, 0x00, 0x00, 0xBE, 0x00, 0x00, 0x2F,
    0xFE, 0x00, 0x07, 0xF8, 0x3E, 0x00, 0x2F, 0x80, 0x3E, 0x00, 0x3F, 0x00, 0x3E, 0x00, 0x3E, 0x00,
    0x3E, 0x00, 0x3F, 0x00, 0xBE, 0x00, 0x2F, 0xEB, 0xFF, 0x00, 0x0B, 0xFC, 0x3F, 0xC0, 0x00, 0x00,
    0x00, 0x00, 0x00, 0x00, 0x00, 0x00, 0x00, 0x00, 0xF8, 0x00, 0x00, 0x03, 0xF8, 0x00, 0x00, 0x0B,
    0xF0, 0x00, 0x00, 0x2F, 0x80, 0x00, 0x00, 0x78, 0x00, 0x00, 0x00, 0x00, 0x00, 0x00, 0x00, 0x1A,
    0x80, 0x00, 0x03, 0xFF, 0xF8, 0x00, 0x0F, 0x80, 0xFC, 0x00, 0x2F, 0x80, 0x3C, 0x00, 0x0A, 0x00,
    0x3E, 0x00, 0x00, 0x00, 0xBE, 0x00, 0x00, 0x2F, 0xFE, 0x00, 0x07, 0xF8, 0x3E, 0x00, 0x2F, 0x80,
    0x3E, 0x00, 0x3F, 0x00, 0x3E, 0x00, 0x3E, 0x00, 0x3E, 0x00, 0x3F, 0x00, 0xBE, 0x00, 0x2F, 0xEB,
    0xFF, 0x00, 0x0B, 0xFC, 0x3F, 0xC0, 0x00, 0x00, 0x00, 0x00, 0x00, 0x2A, 0x00, 0x00, 0x00, 0x3F,
    0x80, 0x00, 0x00, 0xFF, 0xE0, 0x00, 0x03, 0xE0, 0xF0, 0x00, 0x0B, 0x80, 0x3C, 0x00, 0x00, 0x00,
    0x00, 0x00, 0x00, 0x1A, 0x80, 0x00, 0x03, 0xFF, 0xF8, 0x00, 0x0F, 0x80, 0xFC, 0x00, 0x2F, 0x80,
    0x3C, 0x00, 0x0A, 0x00, 0x3E, 0x00, 0x00, 0x00, 0xBE, 0x00, 0x00, 0x2F, 0xFE, 0x00, 0x07, 0xF8,
    0x3E, 0x00, 0x2F, 0x80, 0x3E, 0x00, 0x3F, 0x00, 0x3E, 0x00, 0x3E, 0x00, 0x3E, 0x00, 0x3F, 0x00,
    0xBE, 0x00, 0x2F, 0xEB, 0xFF, 0x00, 0x0B, 0xFC, 0x3F, 0xC0, 0x00, 0x00, 0x00, 0x00, 0x00, 0x00,
    0x00, 0x00, 0x02, 0xF8, 0x0D, 0x00, 0x07, 0xFF, 0xFC, 0x00, 0x0E, 0x0B, 0xF0, 0x00, 0x00, 0x00,
    0x00, 0x00, 0x00, 0x00, 0x00, 0x00, 0x00, 0x1A, 0x80, 0x00, 0x03, 0xFF, 0xF8, 0x00, 0x0F, 0x80,
    0xFC, 0x00, 0x2F, 0x80, 0x3C, 0x00, 0x0A, 0x00, 0x3E, 0x00, 0x00, 0x00, 0xBE, 0x00, 0x00, 0x2F,
    0xFE, 0x00, 0x07, 0xF8, 0x3E, 0x00, 0x2F, 0x80, 0x3E, 0x00, 0x3F, 0x00, 0x3E, 0x00, 0x3E, 0x00,
    0x3E, 0x00, 0x3F, 0x00, 0xBE, 0x00, 0x2F, 0xEB, 0xFF, 0x00, 0x0B, 0xFC, 0x3F, 0xC0, 0x00, 0x00,
    0x00, 0x00, 0x00, 0x00, 0x00, 0x00, 0x03, 0xC0, 0xB8, 0x00, 0x0B, 0xE0, 0xFC, 0x00, 0x03, 0xC0,
    0xBC, 0x00, 0x00, 0x00, 0x00, 0x00, 0x00, 0x00, 0x00, 0x00, 0x00, 0x1A, 0x80, 0x00, 0x03, 0xFF,
    0xF8, 0x00, 0x0F, 0x80, 0xFC, 0x00, 0x2F, 0x80, 0x3C, 0x00, 0x0A, 0x00, 0x3E, 0x00, 0x00, 0x00,
    0xBE, 0x00, 0x00, 0x2F, 0xFE, 0x00, 0x07, 0xF8, 0x3E, 0x00, 0x2F, 0x80, 0x3E, 0x00, 0x3F, 0x00,
    0x3E, 0x00, 0x3E, 0x00, 0x3E, 0x00, 0x3F, 0x00, 0xBE, 0x00, 0x2F, 0xEB, 0xFF, 0x00, 0x0B, 0xFC,
    0x3F, 0xC0, 0x00, 0x00, 0x00, 0x00, 0x00, 0x0A, 0x00, 0x00, 0x00, 0xBF, 0xC0, 0x00, 0x00, 0xE0,
    0xF0, 0x00, 0x02, 0xC0, 0xB0, 0x00, 0x02, 0xC0, 0xB0, 0x00, 0x00, 0xFA, 0xE0, 0x00, 0x00, 0x3F,
    0x80, 0x00, 0x00, 0x00, 0x00, 0x00, 0x00, 0x1A, 0x80, 0x00, 0x03, 0xFF, 0xF8, 0x00, 0x0F, 0x80,
    0xFC, 0x00, 0x2F, 0x80, 0x3C, 0x00, 0x0A, 0x00, 0x3E, 0x00, 0x00, 0x00, 0xBE, 0x00, 0x00, 0x2F,
    0xFE, 0x00, 0x07, 0xF8, 0x3E, 0x00, 0x2F, 0x80, 0x3E, 0x00, 0x3F, 0x00, 0x3E, 0x00, 0x3E, 0x00,
    0x3E, 0x00, 0x3F, 0x00, 0xBE, 0x00, 0x2F, 0xEB, 0xFF, 0x00, 0x0B, 0xFC, 0x3F, 0xC0, 0x00, 0x00,
    0x00, 0x00, 0x00, 0x1A, 0x40, 0x29, 0x00, 0x03, 0xFF, 0xF7, 0xFF, 0xC0, 0x0F, 0x80, 0xFF, 0x03,
    0xF0, 0x2F, 0x80, 0xBE, 0x02, 0xF0, 0x0A, 0x00, 0xBC, 0x00, 0xF8, 0x00, 0x00, 0xFE, 0x02, 0xF8,
    0x00, 0x2F, 0xFF, 0xFF, 0xF8, 0x0B, 0xF4, 0xBC, 0x00, 0x00, 0x2F, 0x80, 0xBC, 0x00, 0x00, 0x3F,
    0x00, 0xBC, 0x00, 0x00, 0x3E, 0x00, 0xBC, 0x00, 0x00, 0x3F, 0x00, 0xFF, 0x80, 0x28, 0x2F, 0xEF,
    0xEF, 0xFF, 0xF8, 0x0F, 0xFD, 0x03, 0xFF, 0xC0, 0x00, 0x00, 0x00, 0x00, 0x00, 0x00, 0x0A, 0x80,
    0x00, 0xFF, 0xFC, 0x0B, 0xE0, 0xBE, 0x0F, 0x80, 0xBE, 0x2F, 0x00, 0x3C, 0x3F, 0x00, 0x00, 0x3F,
    0x00, 0x00, 0x3F, 0x00, 0x00, 0x3F, 0x00, 0x00, 0x3F, 0x00, 0x00, 0x2F, 0x80, 0x00, 0x0F, 0xE0,
    0x02, 0x03, 0xFE, 0xBE, 0x00, 0xBF, 0xF8, 0x00, 0x0E, 0x00, 0x00, 0x0B, 0x80, 0x00, 0x0B, 0xF0,
    0x00, 0x00, 0xF0, 0x00, 0x12, 0xF0, 0x00, 0x3F, 0x80, 0x00, 0x00, 0x00, 0x00, 0x00, 0x00, 0x00,
    0x02, 0xE0, 0x00, 0x00, 0x03, 0xF8, 0x00, 0x00, 0x00, 0xFE, 0x00, 0x00, 0x00, 0x2F, 0x00, 0x00,
    0x00, 0x03, 0xC0, 0x00, 0x00, 0x00, 0x00, 0x00, 0x00, 0x0A, 0x40, 0x00, 0x01, 0xFF, 0xF8, 0x00,
    0x0B, 0xE0, 0xBD, 0x00, 0x0F, 0x80, 0x3F, 0x00, 0x2F, 0x00, 0x2F, 0x00, 0x3F, 0xAA, 0xAF, 0x00,
    0x3F, 0xFF, 0xFF, 0x00, 0x3E, 0x00, 0x00, 0x00, 0x3F, 0x00, 0x00, 0x00, 0x3F, 0x00, 0x00, 0x00,
    0x2F, 0x80, 0x00, 0x00, 0x0F, 0xE0, 0x03, 0x40, 0x03, 0xFE, 0xBF, 0x00, 0x00, 0xBF, 0xF8, 0x00,
    0x00, 0x00, 0x00, 0x00, 0x00, 0x00, 0x00, 0x00, 0x00, 0x00, 0xBC, 0x00, 0x00, 0x02, 0xFC, 0x00,
    0x00, 0x07, 0xF0, 0x00, 0x00, 0x0F, 0x80, 0x00, 0x00, 0x3C, 0x00, 0x00, 0x00, 0x00, 0x00, 0x00,
    0x00, 0x0A, 0x40, 0x00, 0x01, 0xFF, 0xF8, 0x00, 0x0B, 0xE0, 0xBD, 0x00, 0x0F, 0x80, 0x3F, 0x00,
    0x2F, 0x00, 0x2F, 0x00, 0x3F, 0xAA, 0xAF, 0x00, 0x3F, 0xFF, 0xFF, 0x00, 0x3E, 0x00, 0x00, 0x00,
    0x3F, 0x00, 0x00, 0x00, 0x3F, 0x00, 0x00, 0x00, 0x2F, 0x80, 0x00, 0x00, 0x0F, 0xE0, 0x03, 0x40,
    0x03, 0xFE, 0xBF, 0x00, 0x00, 0xBF, 0xF8, 0x00, 0x00, 0x00, 0x00, 0x00, 0x00, 0x0A, 0x00, 0x00,
    0x00, 0x3F, 0xC0, 0x00, 0x00, 0xBF, 0xF0, 0x00, 0x02, 0xF0, 0xF8, 0x00, 0x03, 0xC0, 0x3C, 0x00,
    0x00, 0x00, 0x00, 0x00, 0x00, 0x0A, 0x40, 0x00, 0x01, 0xFF, 0xF8, 0x00, 0x0B, 0xE0, 0xBD, 0x00,
    0x0F, 0x80, 0x3F, 0x00, 0x2F, 0x00, 0x2F, 0x00, 0x3F, 0xAA, 0xAF, 0x00, 0x3F, 0xFF, 0xFF, 0x00,
    0x3E, 0x00, 0x00, 0x00, 0x3F, 0x00, 0x00, 0x00, 0x3F, 0x00, 0x00, 0x00, 0x2F, 0x80, 0x00, 0x00,
    0x0F, 0xE0, 0x03, 0x40, 0x03, 0xFE, 0xBF, 0x00, 0x00, 0xBF, 0xF8, 0x00, 0x00, 0x00, 0x00, 0x00,
    0x00, 0x00, 0x00, 0x00, 0x03, 0xD0, 0x3C, 0x00, 0x03, 0xF0, 0xBC, 0x00, 0x03, 0xE0, 0x7C, 0x00,
    0x00, 0x00, 0x00, 0x00, 0x00, 0x00, 0x00, 0x00, 0x00, 0x0A, 0x40, 0x00, 0x01, 0xFF, 0xF8, 0x00,
    0x0B, 0xE0, 0xBD, 0x00, 0x0F, 0x80, 0x3F, 0x00, 0x2F, 0x00, 0x2F, 0x00, 0x3F, 0xAA, 0xAF, 0x00,
    0x3F, 0xFF, 0xFF, 0x00, 0x3E, 0x00, 0x00, 0x00, 0x3F, 0x00, 0x00, 0x00, 0x3F, 0x00, 0x00, 0x00,
    0x2F, 0x80, 0x00, 0x00, 0x0F, 0xE0, 0x03, 0x40, 0x03, 0xFE, 0xBF, 0x00, 0x00, 0xBF, 0xF8, 0x00,
    0x00, 0x00, 0x00, 0x00, 0x00, 0x00, 0xB8, 0x00, 0xFE, 0x00, 0x3F, 0x80, 0x0B, 0xD0, 0x00, 0xF0,
    0x00, 0x00, 0x01, 0x80, 0x3F, 0xD0, 0x2B, 0xD0, 0x03, 0xD0, 0x03, 0xD0, 0x03, 0xD0, 0x03, 0xD0,
    0x03, 0xD0, 0x03, 0xD0, 0x03, 0xD0, 0x03, 0xD0, 0x03, 0xD0, 0x0B, 0xE0, 0x3F, 0xFC, 0x00, 0x00,
    0x00, 0x00, 0x2F, 0x00, 0x00, 0xBF, 0x00, 0x00, 0xFD, 0x00, 0x03, 0xE0, 0x00, 0x0F, 0x00, 0x00,
    0x00, 0x00, 0x00, 0x01, 0x80, 0x00, 0x3F, 0xD0, 0x00, 0x2B, 0xD0, 0x00, 0x03, 0xD0, 0x00, 0x03,
    0xD0, 0x00, 0x03, 0xD0, 0x00, 0x03, 0xD0, 0x00, 0x03, 0xD0, 0x00, 0x03, 0xD0, 0x00, 0x03, 0xD0,
    0x00, 0x03, 0xD0, 0x00, 0x03, 0xD0, 0x00, 0x0B, 0xE0, 0x00, 0x3F, 0xFC, 0x00, 0x00, 0xA0, 0x00,
    0x03, 0xFC, 0x00, 0x0B, 0xFF, 0x00, 0x1F, 0x0F, 0x80, 0x3C, 0x03, 0xC0, 0x00, 0x00, 0x00, 0x00,
    0x60, 0x00, 0x0F, 0xF4, 0x00, 0x0A, 0xF4, 0x00, 0x00, 0xF4, 0x00, 0x00, 0xF4, 0x00, 0x00, 0xF4,
    0x00, 0x00, 0xF4, 0x00, 0x00, 0xF4, 0x00, 0x00, 0xF4, 0x00, 0x00, 0xF4, 0x00, 0x00, 0xF4, 0x00,
    0x00, 0xF4, 0x00, 0x02, 0xF8, 0x00, 0x0F, 0xFF, 0x00, 0x00, 0x00, 0x00, 0x3E, 0x03, 0xC0, 0x3F,
    0x0B, 0xD0, 0x3E, 0x03, 0xC0, 0x00, 0x00, 0x00, 0x00, 0x00, 0x00, 0x00, 0x60, 0x00, 0x0F, 0xF4,
    0x00, 0x0A, 0xF4, 0x00, 0x00, 0xF4, 0x00, 0x00, 0xF4, 0x00, 0x00, 0xF4, 0x00, 0x00, 0xF4, 0x00,
    0x00, 0xF4, 0x00, 0x00, 0xF4, 0x00, 0x00, 0xF4, 0x00, 0x00, 0xF4, 0x00, 0x00, 0xF4, 0x00, 0x02,
    0xF8, 0x00, 0x0F, 0xFF, 0x00, 0x00, 0x00, 0x00, 0x00, 0x00, 0xBC, 0x0A, 0x00, 0x03, 0xFF, 0xBE,
    0x00, 0x00, 0x2F, 0xF0, 0x00, 0x00, 0x2F, 0xE0, 0x00, 0x01, 0xFA, 0xF8, 0x00, 0x02, 0x80, 0xFC,
    0x00, 0x00, 0x0A, 0xBF, 0x00, 0x00, 0xFF, 0xFF, 0x40, 0x0B, 0xE0, 0x0F, 0xC0, 0x0F, 0xC0, 0x0B,
    0xC0, 0x2F, 0x00, 0x03, 0xE0, 0x3F, 0x00, 0x03, 0xE0, 0x3F, 0x00, 0x03, 0xE0, 0x3F, 0x00, 0x03,
    0xE0, 0x3F, 0x00, 0x03, 0xE0, 0x3F, 0x00, 0x07, 0xC0, 0x2F, 0x40, 0x0B, 0xC0, 0x0F, 0xC0, 0x0F,
    0x40, 0x03, 0xF0, 0xBE, 0x00, 0x00, 0xBF, 0xF4, 0x00, 0x00, 0x00, 0x00, 0x00, 0x00, 0x00, 0x00,
    0x00, 0x00, 0xBE, 0x03, 0x00, 0x02, 0xFF, 0xFF, 0x00, 0x03, 0x82, 0xFC, 0x00, 0x00, 0x00, 0x00,
    0x00, 0x00, 0x00, 0x00, 0x00, 0x00, 0x00, 0xA4, 0x00, 0x2F, 0xCB, 0xFF, 0x00, 0xBF, 0xFE, 0xBF,
    0x80, 0x0B, 0xC0, 0x0F, 0xC0, 0x0B, 0xC0, 0x0B, 0xC0, 0x0B, 0xC0, 0x0B, 0xC0, 0x0B, 0xC0, 0x0B,
    0xC0, 0x0B, 0xC0, 0x0B, 0xC0, 0x0B, 0xC0, 0x0B, 0xC0, 0x0B, 0xC0, 0x0B, 0xC0, 0x0B, 0xC0, 0x0B,
    0xC0, 0x0B, 0xC0, 0x0B, 0xC0, 0x0F, 0xE0, 0x0F, 0xE0, 0xBF, 0xF8, 0x3F, 0xFC, 0x00, 0x00, 0x00,
    0x00, 0x00, 0xF0, 0x00, 0x00, 0x02, 0xFC, 0x00, 0x00, 0x00, 0xFF, 0x00, 0x00, 0x00, 0x1F, 0x80,
    0x00, 0x00, 0x02, 0xE0, 0x00, 0x00, 0x00, 0x00, 0x00, 0x00, 0x0A, 0x80, 0x00, 0x01, 0xFF, 0xFC,
    0x00, 0x0B, 0xE0, 0x3F, 0x00, 0x0F, 0xC0, 0x0F, 0xC0, 0x2F, 0x00, 0x0B, 0xC0, 0x3F, 0x00, 0x07,
    0xE0, 0x3F, 0x00, 0x03, 0xF0, 0x3F, 0x00, 0x03, 0xF0, 0x3F, 0x00, 0x03, 0xE0, 0x3F, 0x00, 0x0B,
    0xE0, 0x2F, 0x80, 0x0B, 0xC0, 0x0F, 0xC0, 0x0F, 0x80, 0x03, 0xF0, 0xBF, 0x00, 0x00, 0xBF, 0xF8,
    0x00, 0x00, 0x00, 0x00, 0x00, 0x00, 0x00, 0x00, 0x00, 0x00, 0x00, 0x3C, 0x00, 0x00, 0x00, 0xFC,
    0x00, 0x00, 0x03, 0xF8, 0x00, 0x00, 0x0F, 0xC0, 0x00, 0x00, 0x3E, 0x00, 0x00, 0x00, 0x00, 0x00,
    0x00, 0x00, 0x0A, 0x80, 0x00, 0x01, 0xFF, 0xFC, 0x00, 0x0B, 0xE0, 0x3F, 0x00, 0x0F, 0xC0, 0x0F,
    0xC0, 0x2F, 0x00, 0x0B, 0xC0, 0x3F, 0x00, 0x07, 0xE0, 0x3F, 0x00, 0x03, 0xF0, 0x3F, 0x00, 0x03,
    0xF0, 0x3F, 0x00, 0x03, 0xE0, 0x3F, 0x00, 0x0B, 0xE0, 0x2F, 0x80, 0x0B, 0xC0, 0x0F, 0xC0, 0x0F,
    0x80, 0x03, 0xF0, 0xBF, 0x00, 0x00, 0xBF, 0xF8, 0x00, 0x00, 0x00, 0x00, 0x00, 0x00, 0x0A, 0x80,
    0x00, 0x00, 0x2F, 0xC0, 0x00, 0x00, 0x7F, 0xF0, 0x00, 0x00, 0xF0, 0xBC, 0x00, 0x03, 0xC0, 0x2E,
    0x00, 0x00, 0x00, 0x00, 0x00, 0x00, 0x0A, 0x80, 0x00, 0x01, 0xFF, 0xFC, 0x00, 0x0B, 0xE0, 0x3F,
    0x00, 0x0F, 0xC0, 0x0F, 0xC0, 0x2F, 0x00, 0x0B, 0xC0, 0x3F, 0x00, 0x07, 0xE0, 0x3F, 0x00, 0x03,
    0xF0, 0x3F, 0x00, 0x03, 0xF0, 0x3F, 0x00, 0x03, 0xE0, 0x3F, 0x00, 0x0B, 0xE0, 0x2F, 0x80, 0x0B,
    0xC0, 0x0F, 0xC0, 0x0F, 0x80, 0x03, 0xF0, 0xBF, 0x00, 0x00, 0xBF, 0xF8, 0x00, 0x00, 0x00, 0x00,
    0x00, 0x00, 0x00, 0x00, 0x00, 0x00, 0xBE, 0x07, 0x00, 0x03, 0xFF, 0xFE, 0x00, 0x03, 0x03, 0xF8,
    0x00, 0x00, 0x00, 0x00, 0x00, 0x00, 0x00, 0x00, 0x00, 0x00, 0x0A, 0x80, 0x00, 0x01, 0xFF, 0xFC,
    0x00, 0x0B, 0xE0, 0x3F, 0x00, 0x0F, 0xC0, 0x0F, 0xC0, 0x2F, 0x00, 0x0B, 0xC0, 0x3F, 0x00, 0x07,
    0xE0, 0x3F, 0x00, 0x03, 0xF0, 0x3F, 0x00, 0x03, 0xF0, 0x3F, 0x00, 0x03, 0xE0, 0x3F, 0x00, 0x0B,
    0xE0, 0x2F, 0x80, 0x0B, 0xC0, 0x0F, 0xC0, 0x0F, 0x80, 0x03, 0xF0, 0xBF, 0x00, 0x00, 0xBF, 0xF8,
    0x00, 0x00, 0x00, 0x00, 0x00, 0x00, 0x00, 0x00, 0x00, 0x02, 0xE0, 0x3C, 0x00, 0x03, 0xF0, 0x7E,
    0x00, 0x02, 0xF0, 0x3D, 0x00, 0x00, 0x00, 0x00, 0x00, 0x00, 0x00, 0x00, 0x00, 0x00, 0x0A, 0x80,
    0x00, 0x01, 0xFF, 0xFC, 0x00, 0x0B, 0xE0, 0x3F, 0x00, 0x0F, 0xC0, 0x0F, 0xC0, 0x2F, 0x00, 0x0B,
    0xC0, 0x3F, 0x00, 0x07, 0xE0, 0x3F, 0x00, 0x03, 0xF0, 0x3F, 0x00, 0x03, 0xF0, 0x3F, 0x00, 0x03,
    0xE0, 0x3F, 0x00, 0x0B, 0xE0, 0x2F, 0x80, 0x0B, 0xC0, 0x0F, 0xC0, 0x0F, 0x80, 0x03, 0xF0, 0xBF,
    0x00, 0x00, 0xBF, 0xF8, 0x00, 0x00, 0x00, 0x00, 0x00, 0x00, 0x00, 0x00, 0x00, 0x00, 0x00, 0x03,
    0xF0, 0x00, 0x00, 0x00, 0x03, 0xF0, 0x00, 0x00, 0x00, 0x03, 0xF0, 0x00, 0x00, 0x00, 0x00, 0x00,
    0x00, 0x00, 0x00, 0x00, 0x00, 0x00, 0x00, 0xBF, 0xFF, 0xFF, 0xFF, 0x80, 0xAA, 0xAA, 0xAA, 0xAA,
    0x80, 0x00, 0x00, 0x00, 0x00, 0x00, 0x00, 0x00, 0x80, 0x00, 0x00, 0x00, 0x03, 0xF0, 0x00, 0x00,
    0x00, 0x03, 0xF0, 0x00, 0x00, 0x00, 0x02, 0xA0, 0x00, 0x00, 0x00, 0x00, 0x00, 0x00, 0x00, 0x00,
    0x03, 0x00, 0x00, 0x0A, 0x8F, 0x00, 0x01, 0xFF, 0xFE, 0x00, 0x0B, 0xE0, 0x3F, 0x00, 0x0F, 0xC0,
    0xBF, 0xC0, 0x2F, 0x00, 0xEB, 0xC0, 0x3F, 0x02, 0xC3, 0xE0, 0x3F, 0x03, 0x43, 0xF0, 0x3F, 0x0F,
    0x03, 0xF0, 0x3F, 0x0C, 0x03, 0xE0, 0x3F, 0x38, 0x0B, 0xE0, 0x2F, 0xF0, 0x0B, 0xC0, 0x0F, 0xE0,
    0x0F, 0x80, 0x03, 0xF0, 0xBF, 0x00, 0x03, 0xFF, 0xF8, 0x00, 0x0F, 0x00, 0x00, 0x00, 0x0C, 0x00,
    0x00, 0x00, 0x00, 0x00, 0x00, 0x00, 0x00, 0x00, 0x00, 0x00, 0x00, 0xF0, 0x00, 0x00, 0x00, 0xFC,
    0x00, 0x00, 0x00, 0xBF, 0x00, 0x00, 0x00, 0x0F, 0xC0, 0x00, 0x00, 0x02, 0xF0, 0x00, 0x00, 0x00,
    0x00, 0x00, 0x02, 0x80, 0x02, 0x80, 0x3F, 0xC0, 0x3F, 0xC0, 0x2F, 0xC0, 0x2F, 0xC0, 0x0B, 0xC0,
    0x0B, 0xC0, 0x0B, 0xC0, 0x0B, 0xC0, 0x0B, 0xC0, 0x0B, 0xC0, 0x0B, 0xC0, 0x0B, 0xC0, 0x0B, 0xC0,
    0x0B, 0xC0, 0x0B, 0xC0, 0x0B, 0xC0, 0x0B, 0xC0, 0x0B, 0xC0, 0x0B, 0xC0, 0x0B, 0xC0, 0x0B, 0xE0,
    0x0F, 0xC0, 0x03, 0xFF, 0xFF, 0xE0, 0x00, 0xFF, 0x8B, 0xFC, 0x00, 0x00, 0x00, 0x00, 0x00, 0x00,
    0x00, 0x00, 0x00, 0x00, 0x3D, 0x00, 0x00, 0x00, 0xFE, 0x00, 0x00, 0x03, 0xFC, 0x00, 0x00, 0x0B,
    0xD0, 0x00, 0x00, 0x2E, 0x00, 0x00, 0x00, 0x00, 0x00, 0x00, 0x02, 0x80, 0x02, 0x80, 0x3F, 0xC0,
    0x3F, 0xC0, 0x2F, 0xC0, 0x2F, 0xC0, 0x0B, 0xC0, 0x0B, 0xC0, 0x0B, 0xC0, 0x0B, 0xC0, 0x0B, 0xC0,
    0x0B, 0xC0, 0x0B, 0xC0, 0x0B, 0xC0, 0x0B, 0xC0, 0x0B, 0xC0, 0x0B, 0xC0, 0x0B, 0xC0, 0x0B, 0xC0,
    0x0B, 0xC0, 0x0B, 0xC0, 0x0B, 0xC0, 0x0B, 0xE0, 0x0F, 0xC0, 0x03, 0xFF, 0xFF, 0xE0, 0x00, 0xFF,
    0x8B, 0xFC, 0x00, 0x00, 0x00, 0x00, 0x00, 0x0A, 0x80, 0x00, 0x00, 0x0F, 0xE0, 0x00, 0x00, 0x3F,
    0xF4, 0x00, 0x00, 0xF8, 0x3C, 0x00, 0x02, 0xE0, 0x0F, 0x00, 0x00, 0x00, 0x00, 0x00, 0x02, 0x80,
    0x02, 0x80, 0x3F, 0xC0, 0x3F, 0xC0, 0x2F, 0xC0, 0x2F, 0xC0, 0x0B, 0xC0, 0x0B, 0xC0, 0x0B, 0xC0,
    0x0B, 0xC0, 0x0B, 0xC0, 0x0B, 0xC0, 0x0B, 0xC0, 0x0B, 0xC0, 0x0B, 0xC0, 0x0B, 0xC0, 0x0B, 0xC0,
    0x0B, 0xC0, 0x0B, 0xC0, 0x0B, 0xC0, 0x0B, 0xC0, 0x0B, 0xC0, 0x0B, 0xE0, 0x0F, 0xC0, 0x03, 0xFF,
    0xFF, 0xE0, 0x00, 0xFF, 0x8B, 0xFC, 0x00, 0x00, 0x00, 0x00, 0x00, 0x00, 0x00, 0x00, 0x00, 0xF0,
    0x2E, 0x00, 0x02, 0xF0, 0x3F, 0x00, 0x01, 0xF0, 0x3E, 0x00, 0x00, 0x00, 0x00, 0x00, 0x00, 0x00,
    0x00, 0x00, 0x02, 0x80, 0x02, 0x80, 0x3F, 0xC0, 0x3F, 0xC0, 0x2F, 0xC0, 0x2F, 0xC0, 0x0B, 0xC0,
    0x0B, 0xC0, 0x0B, 0xC0, 0x0B, 0xC0, 0x0B, 0xC0, 0x0B, 0xC0, 0x0B, 0xC0, 0x0B, 0xC0, 0x0B, 0xC0,
    0x0B, 0xC0, 0x0B, 0xC0, 0x0B, 0xC0, 0x0B, 0xC0, 0x0B, 0xC0, 0x0B, 0xC0, 0x0B, 0xC0, 0x0B, 0xE0,
    0x0F, 0xC0, 0x03, 0xFF, 0xFF, 0xE0, 0x00, 0xFF, 0x8B, 0xFC, 0x00, 0x00, 0x00, 0x00, 0x00, 0x00,
    0x00, 0x00, 0x00, 0x00, 0x3C, 0x00, 0x00, 0x00, 0xFC, 0x00, 0x00, 0x03, 0xF8, 0x00, 0x00, 0x0F,
    0xC0, 0x00, 0x00, 0x2E, 0x00, 0x00, 0x00, 0x00, 0x00, 0x00, 0x00, 0x00, 0x00, 0x00, 0xFF, 0xF0,
    0x3F, 0xF0, 0x0F, 0xC0, 0x07, 0x80, 0x0F, 0xC0, 0x0B, 0x00, 0x07, 0xD0, 0x0F, 0x00, 0x03, 0xF0,
    0x2C, 0x00, 0x02, 0xF0, 0x3C, 0x00, 0x00, 0xF8, 0x38, 0x00, 0x00, 0xFC, 0xB0, 0x00, 0x00, 0xBE,
    0xE0, 0x00, 0x00, 0x3F, 0xC0, 0x00, 0x00, 0x2F, 0xC0, 0x00, 0x00, 0x0F, 0x80, 0x00, 0x00, 0x0F,
    0x00, 0x00, 0x00, 0x0E, 0x00, 0x00, 0x00, 0x2C, 0x00, 0x00, 0x00, 0x3C, 0x00, 0x00, 0x3D, 0xB0,
    0x00, 0x00, 0x7F, 0xE0, 0x00, 0x00, 0x3F, 0x80, 0x00, 0x00, 0x00, 0x00, 0x00, 0x00, 0x00, 0x00,
    0x00, 0x00, 0x1B, 0xC0, 0x00, 0x00, 0xBF, 0xC0, 0x00, 0x00, 0x0B, 0xC0, 0x00, 0x00, 0x0B, 0xC0,
    0x00, 0x00, 0x0B, 0xC0, 0x00, 0x00, 0x0B, 0xC0, 0x00, 0x00, 0x0B, 0xC0, 0xA0, 0x00, 0x0B, 0xEF,
    0xFF, 0x00, 0x0B, 0xFA, 0xBF, 0xC0, 0x0B, 0xC0, 0x0F, 0xE0, 0x0B, 0xC0, 0x03, 0xF0, 0x0B, 0xC0,
    0x03, 0xF0, 0x0B, 0xC0, 0x02, 0xF0, 0x0B, 0xC0, 0x02, 0xF0, 0x0B, 0xC0, 0x02, 0xF0, 0x0B, 0xC0,
    0x03, 0xF0, 0x0B, 0xC0, 0x03, 0xE0, 0x0B, 0xC0, 0x0F, 0xC0, 0x0B, 0xE0, 0xBF, 0x00, 0x0B, 0xFF,
    0xF8, 0x00, 0x0B, 0xC0, 0x00, 0x00, 0x0B, 0xC0, 0x00, 0x00, 0x0B, 0xC0, 0x00, 0x00, 0x0B, 0xC0,
    0x00, 0x00, 0x2F, 0xE8, 0x00, 0x00, 0x7F, 0xFC, 0x00, 0x00, 0x00, 0x00, 0x00, 0x00, 0x02, 0xE0,
    0x3C, 0x00, 0x03, 0xF0, 0x3E, 0x00, 0x02, 0xF0, 0x3E, 0x00, 0x00, 0x00, 0x00, 0x00, 0x00, 0x00,
    0x00, 0x00, 0x00, 0x00, 0x00, 0x00, 0xFF, 0xF0, 0x3F, 0xF0, 0x0F, 0xC0, 0x07, 0x80, 0x0F, 0xC0,
    0x0B, 0x00, 0x07, 0xD0, 0x0F, 0x00, 0x03, 0xF0, 0x2C, 0x00, 0x02, 0xF0, 0x3C, 0x00, 0x00, 0xF8,
    0x38, 0x00, 0x00, 0xFC, 0xB0, 0x00, 0x00, 0xBE, 0xE0, 0x00, 0x00, 0x3F, 0xC0, 0x00, 0x00, 0x2F,
    0xC0, 0x00, 0x00, 0x0F, 0x80, 0x00, 0x00, 0x0F, 0x00, 0x00, 0x00, 0x0E, 0x00, 0x00, 0x00, 0x2C,
    0x00, 0x00, 0x00, 0x3C, 0x00, 0x00, 0x3D, 0xB0, 0x00, 0x00, 0x7F, 0xE0, 0x00, 0x00, 0x3F, 0x80,
    0x00, 0x00, 0x00, 0x00, 0x00, 0x00, 0x00, 0x00, 0x00, 0x00, 0x00, 0x00, 0x2F, 0xFF, 0xF8, 0x00,
    0x00, 0x2F, 0xFF, 0xF8, 0x00, 0x00, 0x00, 0x00, 0x00, 0x00, 0x00, 0x00, 0x00, 0x00, 0x00, 0x00,
    0x00, 0x3C, 0x00, 0x00, 0x00, 0x00, 0xBE, 0x00, 0x00, 0x00, 0x00, 0xFF, 0x00, 0x00, 0x00, 0x00,
    0xFF, 0x00, 0x00, 0x00, 0x02, 0xFF, 0x80, 0x00, 0x00, 0x03, 0xCF, 0xC0, 0x00, 0x00, 0x07, 0x8B,
    0xE0, 0x00, 0x00, 0x0F, 0x03, 0xF0, 0x00, 0x00, 0x0F, 0x03, 0xF0, 0x00, 0x00, 0x2E, 0x02, 0xF8,
    0x00, 0x00, 0x3D, 0x01, 0xFC, 0x00, 0x00, 0x3F, 0xFF, 0xFC, 0x00, 0x00, 0xB8, 0x00, 0xBE, 0x00,
    0x00, 0xF0, 0x00, 0x3F, 0x00, 0x01, 0xE0, 0x00, 0x2F, 0x80, 0x02, 0xC0, 0x00, 0x0F, 0xC0, 0x03,
    0xC0, 0x00, 0x0F, 0xC0, 0x2F, 0xE0, 0x00, 0x2F, 0xF8, 0x3F, 0xF8, 0x00, 0xBF, 0xFC, 0x0B, 0xFF,
    0xFC, 0x00, 0x0F, 0xFF, 0xFC, 0x00, 0x00, 0x00, 0x00, 0x00, 0x00, 0x00, 0x00, 0x00, 0x00, 0x1A,
    0x80, 0x00, 0x03, 0xFF, 0xF8, 0x00, 0x0F, 0x80, 0xFC, 0x00, 0x2F, 0x80, 0x3C, 0x00, 0x0A, 0x00,
    0x3E, 0x00, 0x00, 0x00, 0xBE, 0x00, 0x00, 0x2F, 0xFE, 0x00, 0x07, 0xF8, 0x3E, 0x00, 0x2F, 0x80,
    0x3E, 0x00, 0x3F, 0x00, 0x3E, 0x00, 0x3E, 0x00, 0x3E, 0x00, 0x3F, 0x00, 0xBE, 0x00, 0x2F, 0xEB,
    0xFF, 0x00, 0x0B, 0xFC, 0x3F, 0xC0, 0x00, 0x00, 0x00, 0x00, 0x00, 0x04, 0x00, 0x10, 0x00, 0x00,
    0x0E, 0x00, 0xB0, 0x00, 0x00, 0x0B, 0x82, 0xE0, 0x00, 0x00, 0x03, 0xFF, 0xC0, 0x00, 0x00, 0x00,
    0xAA, 0x00, 0x00, 0x00, 0x00, 0x00, 0x00, 0x00, 0x00, 0x00, 0x3C, 0x00, 0x00, 0x00, 0x00, 0xBE,
    0x00, 0x00, 0x00, 0x00, 0xFF, 0x00, 0x00, 0x00, 0x00, 0xFF, 0x00, 0x00, 0x00, 0x02, 0xFF, 0x80,
    0x00, 0x00, 0x03, 0xCF, 0xC0, 0x00, 0x00, 0x07, 0x8B, 0xE0, 0x00, 0x00, 0x0F, 0x03, 0xF0, 0x00,
    0x00, 0x0F, 0x03, 0xF0, 0x00, 0x00, 0x2E, 0x02, 0xF8, 0x00, 0x00, 0x3D, 0x01, 0xFC, 0x00, 0x00,
    0x3F, 0xFF, 0xFC, 0x00, 0x00, 0xB8, 0x00, 0xBE, 0x00, 0x00, 0xF0, 0x00, 0x3F, 0x00, 0x01, 0xE0,
    0x00, 0x2F, 0x80, 0x02, 0xC0, 0x00, 0x0F, 0xC0, 0x03, 0xC0, 0x00, 0x0F, 0xC0, 0x2F, 0xE0, 0x00,
    0x2F, 0xF8, 0x3F, 0xF8, 0x00, 0xBF, 0xFC, 0x00, 0x00, 0x00, 0x00, 0x03, 0x00, 0x2C, 0x00, 0x03,
    0xC0, 0xB8, 0x00, 0x02, 0xFF, 0xF0, 0x00, 0x00, 0xBF, 0x80, 0x00, 0x00, 0x00, 0x00, 0x00, 0x00,
    0x1A, 0x80, 0x00, 0x03, 0xFF, 0xF8, 0x00, 0x0F, 0x80, 0xFC, 0x00, 0x2F, 0x80, 0x3C, 0x00, 0x0A,
    0x00, 0x3E, 0x00, 0x00, 0x00, 0xBE, 0x00, 0x00, 0x2F, 0xFE, 0x00, 0x07, 0xF8, 0x3E, 0x00, 0x2F,
    0x80, 0x3E, 0x00, 0x3F, 0x00, 0x3E, 0x00, 0x3E, 0x00, 0x3E, 0x00, 0x3F, 0x00, 0xBE, 0x00, 0x2F,
    0xEB, 0xFF, 0x00, 0x0B, 0xFC, 0x3F, 0xC0, 0x00, 0x00, 0x00, 0x00, 0x00, 0x00, 0x3C, 0x00, 0x00,
    0x00, 0x00, 0xBE, 0x00, 0x00, 0x00, 0x00, 0xFF, 0x00, 0x00, 0x00, 0x00, 0xFF, 0x00, 0x00, 0x00,
    0x02, 0xFF, 0x80, 0x00, 0x00, 0x03, 0xCF, 0xC0, 0x00, 0x00, 0x07, 0x8B, 0xE0, 0x00, 0x00, 0x0F,
    0x03, 0xF0, 0x00, 0x00, 0x0F, 0x03, 0xF0, 0x00, 0x00, 0x2E, 0x02, 0xF8, 0x00, 0x00, 0x3D, 0x01,
    0xFC, 0x00, 0x00, 0x3F, 0xFF, 0xFC, 0x00, 0x00, 0xB8, 0x00, 0xBE, 0x00, 0x00, 0xF0, 0x00, 0x3F,
    0x00, 0x01, 0xE0, 0x00, 0x2F, 0x80, 0x02, 0xC0, 0x00, 0x0F, 0xC0, 0x03, 0xC0, 0x00, 0x0F, 0xC0,
    0x2F, 0xE0, 0x00, 0x2F, 0xF8, 0x3F, 0xF8, 0x00, 0xBF, 0xFC, 0x00, 0x00, 0x00, 0x0F, 0x00, 0x00,
    0x00, 0x00, 0x2C, 0x00, 0x00, 0x00, 0x00, 0x2C, 0x00, 0x00, 0x00, 0x00, 0x2F, 0xB0, 0x00, 0x00,
    0x00, 0x0F, 0xE0, 0x00, 0x00, 0x00, 0x00, 0x00, 0x00, 0x1A, 0x80, 0x00, 0x03, 0xFF, 0xF8, 0x00,
    0x0F, 0x80, 0xFC, 0x00, 0x2F, 0x80, 0x3C, 0x00, 0x0A, 0x00, 0x3E, 0x00, 0x00, 0x00, 0xBE, 0x00,
    0x00, 0x2F, 0xFE, 0x00, 0x07, 0xF8, 0x3E, 0x00, 0x2F, 0x80, 0x3E, 0x00, 0x3F, 0x00, 0x3E, 0x00,
    0x3E, 0x00, 0x3E, 0x00, 0x3F, 0x00, 0xBE, 0x00, 0x2F, 0xEB, 0xFF, 0x00, 0x0B, 0xFC, 0x3F, 0xC0,
    0x00, 0x00, 0xB0, 0x00, 0x00, 0x00, 0xE0, 0x00, 0x00, 0x02, 0xC0, 0x00, 0x00, 0x02, 0xFB, 0x00,
    0x00, 0x00, 0xFF, 0x00, 0x00, 0x00, 0x00, 0x00, 0x00, 0x00, 0x00, 0x00, 0x00, 0x00, 0x00, 0x03,
    0xE0, 0x00, 0x00, 0x00, 0x0F, 0xE0, 0x00, 0x00, 0x00, 0x3F, 0x80, 0x00, 0x00, 0x00, 0xBC, 0x00,
    0x00, 0x00, 0x00, 0xE0, 0x00, 0x00, 0x00, 0x00, 0x00, 0x00, 0x00, 0x00, 0x01, 0xAE, 0x90, 0x00,
    0x00, 0x2F, 0xFF, 0xFF, 0x00, 0x00, 0xFF, 0x00, 0x3F, 0x00, 0x03, 0xF8, 0x00, 0x0F, 0x00, 0x0B,
    0xE0, 0x00, 0x0F, 0x00, 0x0F, 0xC0, 0x00, 0x0A, 0x00, 0x2F, 0xC0, 0x00, 0x00, 0x00, 0x3F, 0x80,
    0x00, 0x00, 0x00, 0x3F, 0x00, 0x00, 0x00, 0x00, 0x3F, 0x00, 0x00, 0x00, 0x00, 0x3F, 0x00, 0x00,
    0x00, 0x00, 0x3F, 0x40, 0x00, 0x00, 0x00, 0x2F, 0x80, 0x00, 0x00, 0x00, 0x0F, 0xC0, 0x00, 0x00,
    0x00, 0x0F, 0xD0, 0x00, 0x0F, 0x00, 0x03, 0xF0, 0x00, 0x0F, 0x00, 0x02, 0xFC, 0x00, 0x1F, 0x00,
    0x00, 0xBF, 0xE1, 0xBF, 0x00, 0x00, 0x0B, 0xFF, 0xFE, 0x00, 0x00, 0x00, 0x00, 0x00, 0x00, 0x00,
    0x00, 0x00, 0x00, 0x00, 0x7C, 0x00, 0x00, 0xFC, 0x00, 0x03, 0xF8, 0x00, 0x0F, 0xC0, 0x00, 0x3E,
    0x00, 0x00, 0x00, 0x00, 0x00, 0x0A, 0x80, 0x00, 0xFF, 0xFC, 0x0B, 0xE0, 0xBE, 0x0F, 0x80, 0xBE,
    0x2F, 0x00, 0x3C, 0x3F, 0x00, 0x00, 0x3F, 0x00, 0x00, 0x3F, 0x00, 0x00, 0x3F, 0x00, 0x00, 0x3F,
    0x00, 0x00, 0x2F, 0x80, 0x00, 0x0F, 0xE0, 0x02, 0x03, 0xFE, 0xBE, 0x00, 0xBF, 0xF8, 0x00, 0x00,
    0x00, 0x00, 0x00, 0x00, 0x00, 0x00, 0x00, 0x00, 0xBC, 0x00, 0x00, 0x00, 0x00, 0xBE, 0x00, 0x00,
    0x00, 0x00, 0x38, 0x00, 0x00, 0x00, 0x00, 0x00, 0x00, 0x00, 0x00, 0x00, 0x00, 0x00, 0x00, 0x00,
    0x01, 0xAE, 0x90, 0x00, 0x00, 0x2F, 0xFF, 0xFF, 0x00, 0x00, 0xFF, 0x00, 0x3F, 0x00, 0x03, 0xF8,
    0x00, 0x0F, 0x00, 0x0B, 0xE0, 0x00, 0x0F, 0x00, 0x0F, 0xC0, 0x00, 0x0A, 0x00, 0x2F, 0xC0, 0x00,
    0x00, 0x00, 0x3F, 0x80, 0x00, 0x00, 0x00, 0x3F, 0x00, 0x00, 0x00, 0x00, 0x3F, 0x00, 0x00, 0x00,
    0x00, 0x3F, 0x00, 0x00, 0x00, 0x00, 0x3F, 0x40, 0x00, 0x00, 0x00, 0x2F, 0x80, 0x00, 0x00, 0x00,
    0x0F, 0xC0, 0x00, 0x00, 0x00, 0x0F, 0xD0, 0x00, 0x0F, 0x00, 0x03, 0xF0, 0x00, 0x0F, 0x00, 0x02,
    0xFC, 0x00, 0x1F, 0x00, 0x00, 0xBF, 0xE1, 0xBF, 0x00, 0x00, 0x0B, 0xFF, 0xFE, 0x00, 0x00, 0x00,
    0x00, 0x00, 0x00, 0x00, 0x00, 0x00, 0x00, 0x0F, 0x80, 0x00, 0x0F, 0xC0, 0x00, 0x0F, 0x80, 0x00,
    0x00, 0x00, 0x00, 0x00, 0x00, 0x00, 0x0A, 0x80, 0x00, 0xFF, 0xFC, 0x0B, 0xE0, 0xBE, 0x0F, 0x80,
    0xBE, 0x2F, 0x00, 0x3C, 0x3F, 0x00, 0x00, 0x3F, 0x00, 0x00, 0x3F, 0x00, 0x00, 0x3F, 0x00, 0x00,
    0x3F, 0x00, 0x00, 0x2F, 0x80, 0x00, 0x0F, 0xE0, 0x02, 0x03, 0xFE, 0xBE, 0x00, 0xBF, 0xF8, 0x00,
    0x00, 0x00, 0x00, 0x00, 0x00, 0x00, 0x00, 0x00, 0x1E, 0x00, 0xF0, 0x00, 0x00, 0x0B, 0x83, 0xE0,
    0x00, 0x00, 0x03, 0xFF, 0x80, 0x00, 0x00, 0x00, 0xFF, 0x00, 0x00, 0x00, 0x00, 0x7C, 0x00, 0x00,
    0x00, 0x00, 0x00, 0x00, 0x00, 0x00, 0x01, 0xAE, 0x90, 0x00, 0x00, 0x2F, 0xFF, 0xFF, 0x00, 0x00,
    0xFF, 0x00, 0x3F, 0x00, 0x03, 0xF8, 0x00, 0x0F, 0x00, 0x0B, 0xE0, 0x00, 0x0F, 0x00, 0x0F, 0xC0,
    0x00, 0x0A, 0x00, 0x2F, 0xC0, 0x00, 0x00, 0x00, 0x3F, 0x80, 0x00, 0x00, 0x00, 0x3F, 0x00, 0x00,
    0x00, 0x00, 0x3F, 0x00, 0x00, 0x00, 0x00, 0x3F, 0x00, 0x00, 0x00, 0x00, 0x3F, 0x40, 0x00, 0x00,
    0x00, 0x2F, 0x80, 0x00, 0x00, 0x00, 0x0F, 0xC0, 0x00, 0x00, 0x00, 0x0F, 0xD0, 0x00, 0x0F, 0x00,
    0x03, 0xF0, 0x00, 0x0F, 0x00, 0x02, 0xFC, 0x00, 0x1F, 0x00, 0x00, 0xBF, 0xE1, 0xBF, 0x00, 0x00,
    0x0B, 0xFF, 0xFE, 0x00, 0x00, 0x00, 0x00, 0x00, 0x00, 0x02, 0x80, 0x09, 0x02, 0xF0, 0x3C, 0x00,
    0xFE, 0xF0, 0x00, 0x3F, 0xE0, 0x00, 0x0F, 0xC0, 0x00, 0x00, 0x00, 0x00, 0x0A, 0x80, 0x00, 0xFF,
    0xFC, 0x0B, 0xE0, 0xBE, 0x0F, 0x80, 0xBE, 0x2F, 0x00, 0x3C, 0x3F, 0x00, 0x00, 0x3F, 0x00, 0x00,
    0x3F, 0x00, 0x00, 0x3F, 0x00, 0x00, 0x3F, 0x00, 0x00, 0x2F, 0x80, 0x00, 0x0F, 0xE0, 0x02, 0x03,
    0xFE, 0xBE, 0x00, 0xBF, 0xF8, 0x00, 0x00, 0x00, 0x00, 0x00, 0x00, 0x00, 0x00, 0x00, 0x3C, 0x02,
    0xD0, 0x00, 0x00, 0x2F, 0x0B, 0x80, 0x00, 0x00, 0x0B, 0xFF, 0x00, 0x00, 0x00, 0x03, 0xFC, 0x00,
    0x00, 0x00, 0x00, 0xF4, 0x00, 0x00, 0x00, 0x00, 0x00, 0x00, 0x00, 0x00, 0x00, 0x00, 0x00, 0x00,
    0x3F, 0xFF, 0xFF, 0x80, 0x00, 0x07, 0xE0, 0x0B, 0xF8, 0x00, 0x03, 0xE0, 0x00, 0xFE, 0x00, 0x03,
    0xE0, 0x00, 0x3F, 0x80, 0x03, 0xE0, 0x00, 0x0F, 0xC0, 0x03, 0xE0, 0x00, 0x0F, 0xD0, 0x03, 0xE0,
    0x00, 0x0B, 0xE0, 0x03, 0xE0, 0x00, 0x0B, 0xE0, 0x03, 0xE0, 0x00, 0x0B, 0xF0, 0x03, 0xE0, 0x00,
    0x0B, 0xF0, 0x03, 0xE0, 0x00, 0x0B, 0xE0, 0x03, 0xE0, 0x00, 0x0B, 0xE0, 0x03, 0xE0, 0x00, 0x0F,
    0xC0, 0x03, 0xE0, 0x00, 0x2F, 0xC0, 0x03, 0xE0, 0x00, 0x3F, 0x00, 0x03, 0xE0, 0x02, 0xFC, 0x00,
    0x2B, 0xFA, 0xBF, 0xF0, 0x00, 0x3F, 0xFF, 0xFE, 0x00, 0x00, 0x00, 0x00, 0x00, 0x00, 0x00, 0x00,
    0x00, 0x2F, 0xCF, 0x80, 0x00, 0x00, 0xFF, 0xCF, 0x80, 0x00, 0x00, 0x0F, 0xCF, 0x00, 0x00, 0x00,
    0x0F, 0xCF, 0x00, 0x00, 0x00, 0x0F, 0xCF, 0x00, 0x00, 0x00, 0x0F, 0xCD, 0x00, 0x00, 0x0A, 0x9F,
    0xC0, 0x00, 0x00, 0xFF, 0xFF, 0xC0, 0x00, 0x03, 0xF0, 0x0F, 0xC0, 0x00, 0x0F, 0xC0, 0x0F, 0xC0,
    0x00, 0x2F, 0x00, 0x0F, 0xC0, 0x00, 0x3F, 0x00, 0x0F, 0xC0, 0x00, 0x3F, 0x00, 0x0F, 0xC0, 0x00,
    0x3E, 0x00, 0x0F, 0xC0, 0x00, 0x3F, 0x00, 0x0F, 0xC0, 0x00, 0x3F, 0x00, 0x0F, 0xC0, 0x00, 0x2F,
    0x80, 0x0F, 0xC0, 0x00, 0x0F, 0xE0, 0x0F, 0xC0, 0x00, 0x0B, 0xFF, 0xFF, 0xD0, 0x00, 0x02, 0xFF,
    0x8F, 0xF8, 0x00, 0x00, 0x00, 0x00, 0x00, 0x00, 0x00, 0x00, 0x00, 0x00, 0x00, 0x3F, 0xFF, 0xFF,
    0x80, 0x00, 0x07, 0xE0, 0x0B, 0xF8, 0x00, 0x03, 0xE0, 0x00, 0xFE, 0x00, 0x03, 0xE0, 0x00, 0x3F,
    0x80, 0x03, 0xE0, 0x00, 0x0F, 0xC0, 0x03, 0xE0, 0x00, 0x0F, 0xD0, 0x03, 0xE0, 0x00, 0x0B, 0xE0,
    0x2B, 0xFA, 0x90, 0x0B, 0xE0, 0xBF, 0xFF, 0xF0, 0x0B, 0xF0, 0x07, 0xF0, 0x00, 0x0B, 0xF0, 0x03,
    0xE0, 0x00, 0x0B, 0xE0, 0x03, 0xE0, 0x00, 0x0B, 0xE0, 0x03, 0xE0, 0x00, 0x0F, 0xC0, 0x03, 0xE0,
    0x00, 0x2F, 0xC0, 0x03, 0xE0, 0x00, 0x3F, 0x00, 0x03, 0xE0, 0x02, 0xFC, 0x00, 0x2B, 0xFA, 0xBF,
    0xF0, 0x00, 0x3F, 0xFF, 0xFE, 0x00, 0x00, 0x00, 0x00, 0x00, 0x00, 0x00, 0x00, 0x2F, 0xC0, 0x00,
    0x00, 0xFF, 0xC0, 0x00, 0x00, 0x0F, 0xC0, 0x00, 0x00, 0x0F, 0xC0, 0x00, 0x0B, 0xFF, 0xFC, 0x00,
    0x00, 0x0F, 0xC0, 0x00, 0x0A, 0x9F, 0xC0, 0x00, 0xFF, 0xFF, 0xC0, 0x03, 0xF0, 0x0F, 0xC0, 0x0F,
    0xC0, 0x0F, 0xC0, 0x2F, 0x00, 0x0F, 0xC0, 0x3F, 0x00, 0x0F, 0xC0, 0x3F, 0x00, 0x0F, 0xC0, 0x3E,
    0x00, 0x0F, 0xC0, 0x3F, 0x00, 0x0F, 0xC0, 0x3F, 0x00, 0x0F, 0xC0, 0x2F, 0x80, 0x0F, 0xC0, 0x0F,
    0xE0, 0x0F, 0xC0, 0x0B, 0xFF, 0xFF, 0xD0, 0x02, 0xFF, 0x8F, 0xF8, 0x00, 0x00, 0x00, 0x00, 0x00,
    0x00, 0x00, 0x00, 0x02, 0xFF, 0xFF, 0x80, 0x02, 0xFF, 0xFF, 0x40, 0x00, 0x00, 0x00, 0x00, 0x00,
    0x00, 0x00, 0x00, 0x00, 0x00, 0x00, 0x00, 0x3F, 0xFF, 0xFF, 0xF0, 0x07, 0xE0, 0x00, 0xF0, 0x03,
    0xE0, 0x00, 0xF0, 0x03, 0xE0, 0x00, 0xB0, 0x03, 0xE0, 0x00, 0x00, 0x03, 0xE0, 0x0A, 0x00, 0x03,
    0xE0, 0x0F, 0x00, 0x03, 0xF0, 0x1F, 0x00, 0x03, 0xFF, 0xFF, 0x00, 0x03, 0xF0, 0x0F, 0x00, 0x03,
    0xE0, 0x0F, 0x00, 0x03, 0xE0, 0x06, 0x00, 0x03, 0xE0, 0x00, 0x00, 0x03, 0xE0, 0x00, 0x28, 0x03,
    0xE0, 0x00, 0x3C, 0x03, 0xE0, 0x00, 0x3C, 0x2B, 0xFA, 0xAA, 0xBC, 0x3F, 0xFF, 0xFF, 0xFC, 0x07,
    0xFF, 0xFE, 0x00, 0x0B, 0xFF, 0xFE, 0x00, 0x00, 0x00, 0x00, 0x00, 0x00, 0x00, 0x00, 0x00, 0x00,
    0x0A, 0x40, 0x00, 0x01, 0xFF, 0xF8, 0x00, 0x0B, 0xE0, 0xBD, 0x00, 0x0F, 0x80, 0x3F, 0x00, 0x2F,
    0x00, 0x2F, 0x00, 0x3F, 0xAA, 0xAF, 0x00, 0x3F, 0xFF, 0xFF, 0x00, 0x3E, 0x00, 0x00, 0x00, 0x3F,
    0x00, 0x00, 0x00, 0x3F, 0x00, 0x00, 0x00, 0x2F, 0x80, 0x00, 0x00, 0x0F, 0xE0, 0x03, 0x40, 0x03,
    0xFE, 0xBF, 0x00, 0x00, 0xBF, 0xF8, 0x00, 0x00, 0x00, 0x00, 0x00, 0x00, 0x00, 0x00, 0x00, 0x00,
    0x0B, 0xC0, 0x00, 0x00, 0x0B, 0xD0, 0x00, 0x00, 0x03, 0x80, 0x00, 0x00, 0x00, 0x00, 0x00, 0x00,
    0x00, 0x00, 0x00, 0x00, 0x00, 0x00, 0x00, 0x3F, 0xFF, 0xFF, 0xF0, 0x07, 0xE0, 0x00, 0xF0, 0x03,
    0xE0, 0x00, 0xF0, 0x03, 0xE0, 0x00, 0xB0, 0x03, 0xE0, 0x00, 0x00, 0x03, 0xE0, 0x0A, 0x00, 0x03,
    0xE0, 0x0F, 0x00, 0x03, 0xF0, 0x1F, 0x00, 0x03, 0xFF, 0xFF, 0x00, 0x03, 0xF0, 0x0F, 0x00, 0x03,
    0xE0, 0x0F, 0x00, 0x03, 0xE0, 0x06, 0x00, 0x03, 0xE0, 0x00, 0x00, 0x03, 0xE0, 0x00, 0x28, 0x03,
    0xE0, 0x00, 0x3C, 0x03, 0xE0, 0x00, 0x3C, 0x2B, 0xFA, 0xAA, 0xBC, 0x3F, 0xFF, 0xFF, 0xFC, 0x00,
    0x00, 0x00, 0x00, 0x00, 0x0F, 0x00, 0x00, 0x00, 0x2F, 0x80, 0x00, 0x00, 0x0F, 0x00, 0x00, 0x00,
    0x00, 0x00, 0x00, 0x00, 0x00, 0x00, 0x00, 0x00, 0x0A, 0x40, 0x00, 0x01, 0xFF, 0xF8, 0x00, 0x0B,
    0xE0, 0xBD, 0x00, 0x0F, 0x80, 0x3F, 0x00, 0x2F, 0x00, 0x2F, 0x00, 0x3F, 0xAA, 0xAF, 0x00, 0x3F,
    0xFF, 0xFF, 0x00, 0x3E, 0x00, 0x00, 0x00, 0x3F, 0x00, 0x00, 0x00, 0x3F, 0x00, 0x00, 0x00, 0x2F,
    0x80, 0x00, 0x00, 0x0F, 0xE0, 0x03, 0x40, 0x03, 0xFE, 0xBF, 0x00, 0x00, 0xBF, 0xF8, 0x00, 0x00,
    0x00, 0x00, 0x00, 0x00, 0x00, 0x00, 0x00, 0x3F, 0xFF, 0xFF, 0xF0, 0x07, 0xE0, 0x00, 0xF0, 0x03,
    0xE0, 0x00, 0xF0, 0x03, 0xE0, 0x00, 0xB0, 0x03, 0xE0, 0x00, 0x00, 0x03, 0xE0, 0x0A, 0x00, 0x03,
    0xE0, 0x0F, 0x00, 0x03, 0xF0, 0x1F, 0x00, 0x03, 0xFF, 0xFF, 0x00, 0x03, 0xF0, 0x0F, 0x00, 0x03,
    0xE0, 0x0F, 0x00, 0x03, 0xE0, 0x06, 0x00, 0x03, 0xE0, 0x00, 0x00, 0x03, 0xE0, 0x00, 0x28, 0x03,
    0xE0, 0x00, 0x3C, 0x03, 0xE0, 0x00, 0x3C, 0x2B, 0xFA, 0xAA, 0xBC, 0x3F, 0xFF, 0xFF, 0xFC, 0x00,
    0x00, 0x2C, 0x00, 0x00, 0x00, 0x38, 0x00, 0x00, 0x00, 0xB0, 0x00, 0x00, 0x00, 0xBE, 0xC0, 0x00,
    0x00, 0x3F, 0xC0, 0x00, 0x00, 0x00, 0x00, 0x00, 0x0A, 0x40, 0x00, 0x01, 0xFF, 0xF8, 0x00, 0x0B,
    0xE0, 0xBD, 0x00, 0x0F, 0x80, 0x3F, 0x00, 0x2F, 0x00, 0x2F, 0x00, 0x3F, 0xAA, 0xAF, 0x00, 0x3F,
    0xFF, 0xFF, 0x00, 0x3E, 0x00, 0x00, 0x00, 0x3F, 0x00, 0x00, 0x00, 0x3F, 0x00, 0x00, 0x00, 0x2F,
    0x80, 0x00, 0x00, 0x0F, 0xE0, 0x03, 0x40, 0x03, 0xFE, 0xBF, 0x00, 0x00, 0xBF, 0xF8, 0x00, 0x00,
    0x03, 0xC0, 0x00, 0x00, 0x03, 0x40, 0x00, 0x00, 0x0B, 0x00, 0x00, 0x00, 0x0B, 0xEC, 0x00, 0x00,
    0x03, 0xF8, 0x00, 0x00, 0x00, 0x00, 0x00, 0x00, 0x00, 0x00, 0x00, 0x01, 0xE0, 0x0F, 0x00, 0x00,
    0xB8, 0x3E, 0x00, 0x00, 0x3F, 0xF8, 0x00, 0x00, 0x0F, 0xF0, 0x00, 0x00, 0x0B, 0xC0, 0x00, 0x00,
    0x00, 0x00, 0x00, 0x00, 0x00, 0x00, 0x00, 0x3F, 0xFF, 0xFF, 0xF0, 0x07, 0xE0, 0x00, 0xF0, 0x03,
    0xE0, 0x00, 0xF0, 0x03, 0xE0, 0x00, 0xB0, 0x03, 0xE0, 0x00, 0x00, 0x03, 0xE0, 0x0A, 0x00, 0x03,
    0xE0, 0x0F, 0x00, 0x03, 0xF0, 0x1F, 0x00, 0x03, 0xFF, 0xFF, 0x00, 0x03, 0xF0, 0x0F, 0x00, 0x03,
    0xE0, 0x0F, 0x00, 0x03, 0xE0, 0x06, 0x00, 0x03, 0xE0, 0x00, 0x00, 0x03, 0xE0, 0x00, 0x28, 0x03,
    0xE0, 0x00, 0x3C, 0x03, 0xE0, 0x00, 0x3C, 0x2B, 0xFA, 0xAA, 0xBC, 0x3F, 0xFF, 0xFF, 0xFC, 0x02,
    0x80, 0x18, 0x00, 0x02, 0xE0, 0xBC, 0x00, 0x00, 0xFA, 0xF0, 0x00, 0x00, 0x3F, 0xC0, 0x00, 0x00,
    0x2F, 0x80, 0x00, 0x00, 0x00, 0x00, 0x00, 0x00, 0x0A, 0x40, 0x00, 0x01, 0xFF, 0xF8, 0x00, 0x0B,
    0xE0, 0xBD, 0x00, 0x0F, 0x80, 0x3F, 0x00, 0x2F, 0x00, 0x2F, 0x00, 0x3F, 0xAA, 0xAF, 0x00, 0x3F,
    0xFF, 0xFF, 0x00, 0x3E, 0x00, 0x00, 0x00, 0x3F, 0x00, 0x00, 0x00, 0x3F, 0x00, 0x00, 0x00, 0x2F,
    0x80, 0x00, 0x00, 0x0F, 0xE0, 0x03, 0x40, 0x03, 0xFE, 0xBF, 0x00, 0x00, 0xBF, 0xF8, 0x00, 0x00,
    0x00, 0x00, 0x00, 0x00, 0x04, 0x00, 0x10, 0x00, 0x00, 0x0E, 0x00, 0xB0, 0x00, 0x00, 0x0B, 0x82,
    0xF0, 0x00, 0x00, 0x03, 0xFF, 0xC0, 0x00, 0x00, 0x00, 0xAA, 0x00, 0x00, 0x00, 0x00, 0x00, 0x00,
    0x00, 0x00, 0x00, 0xAA, 0xA0, 0x00, 0x00, 0x2F, 0xFF, 0xFF, 0x00, 0x00, 0xFF, 0x00, 0x2F, 0x00,
    0x03, 0xF8, 0x00, 0x0F, 0x00, 0x0B, 0xE0, 0x00, 0x0F, 0x00, 0x0F, 0xC0, 0x00, 0x0A, 0x00, 0x2F,
    0x80, 0x00, 0x00, 0x00, 0x3F, 0x80, 0x00, 0x00, 0x00, 0x3F, 0x00, 0x00, 0x00, 0x00, 0x3F, 0x00,
    0x00, 0x00, 0x00, 0x3F, 0x00, 0x03, 0xFF, 0xF0, 0x3F, 0x40, 0x01, 0xBF, 0x90, 0x2F, 0x80, 0x00,
    0x2F, 0x00, 0x0F, 0xC0, 0x00, 0x2F, 0x00, 0x0F, 0xD0, 0x00, 0x2F, 0x00, 0x03, 0xF0, 0x00, 0x2F,
    0x00, 0x02, 0xFC, 0x00, 0x2F, 0x00, 0x00, 0xBF, 0xE5, 0xBF, 0x00, 0x00, 0x0B, 0xFF, 0xFE, 0x00,
    0x00, 0x00, 0x00, 0x00, 0x00, 0x00, 0x00, 0x00, 0x00, 0x07, 0x00, 0x28, 0x00, 0x03, 0xC0, 0xB8,
    0x00, 0x02, 0xFF, 0xF0, 0x00, 0x00, 0xBF, 0x80, 0x00, 0x00, 0x00, 0x00, 0x00, 0x00, 0x1A, 0x00,
    0x00, 0x02, 0xFF, 0xFE, 0xA0, 0x0B, 0xC0, 0xFF, 0xA0, 0x0F, 0x80, 0x3E, 0x00, 0x2F, 0x00, 0x3F,
    0x00, 0x2F, 0x00, 0x3F, 0x00, 0x0F, 0x80, 0x3E, 0x00, 0x0F, 0xC0, 0xFC, 0x00, 0x02, 0xFF, 0xE0,
    0x00, 0x00, 0xB8, 0x00, 0x00, 0x00, 0xE0, 0x00, 0x00, 0x02, 0xFE, 0x90, 0x00, 0x02, 0xFF, 0xFE,
    0x00, 0x0B, 0xC6, 0xFF, 0x80, 0x2F, 0x00, 0x0F, 0xC0, 0x3E, 0x00, 0x0B, 0xC0, 0x3E, 0x00, 0x0B,
    0x80, 0x3F, 0x00, 0x0F, 0x00, 0x0F, 0xE1, 0xBC, 0x00, 0x02, 0xFF, 0xD0, 0x00, 0x00, 0x00, 0x00,
    0x00, 0x00, 0x00, 0x00, 0x00, 0x00, 0x00, 0x00, 0x3E, 0x00, 0x00, 0x00, 0x00, 0xBE, 0x00, 0x00,
    0x00, 0x00, 0x2C, 0x00, 0x00, 0x00, 0x00, 0x00, 0x00, 0x00, 0x00, 0x00, 0x00, 0x00, 0x00, 0x00,
    0x00, 0xAA, 0xA0, 0x00, 0x00, 0x2F, 0xFF, 0xFF, 0x00, 0x00, 0xFF, 0x00, 0x2F, 0x00, 0x03, 0xF8,
    0x00, 0x0F, 0x00, 0x0B, 0xE0, 0x00, 0x0F, 0x00, 0x0F, 0xC0, 0x00, 0x0A, 0x00, 0x2F, 0x80, 0x00,
    0x00, 0x00, 0x3F, 0x80, 0x00, 0x00, 0x00, 0x3F, 0x00, 0x00, 0x00, 0x00, 0x3F, 0x00, 0x00, 0x00,
    0x00, 0x3F, 0x00, 0x03, 0xFF, 0xF0, 0x3F, 0x40, 0x01, 0xBF, 0x90, 0x2F, 0x80, 0x00, 0x2F, 0x00,
    0x0F, 0xC0, 0x00, 0x2F, 0x00, 0x0F, 0xD0, 0x00, 0x2F, 0x00, 0x03, 0xF0, 0x00, 0x2F, 0x00, 0x02,
    0xFC, 0x00, 0x2F, 0x00, 0x00, 0xBF, 0xE5, 0xBF, 0x00, 0x00, 0x0B, 0xFF, 0xFE, 0x00, 0x00, 0x00,
    0x00, 0x00, 0x00, 0x00, 0x00, 0x00, 0x00, 0x00, 0x2F, 0x00, 0x00, 0x00, 0x3F, 0x00, 0x00, 0x00,
    0x2F, 0x00, 0x00, 0x00, 0x00, 0x00, 0x00, 0x00, 0x00, 0x00, 0x00, 0x00, 0x1A, 0x00, 0x00, 0x02,
    0xFF, 0xFE, 0xA0, 0x0B, 0xC0, 0xFF, 0xA0, 0x0F, 0x80, 0x3E, 0x00, 0x2F, 0x00, 0x3F, 0x00, 0x2F,
    0x00, 0x3F, 0x00, 0x0F, 0x80, 0x3E, 0x00, 0x0F, 0xC0, 0xFC, 0x00, 0x02, 0xFF, 0xE0, 0x00, 0x00,
    0xB8, 0x00, 0x00, 0x00, 0xE0, 0x00, 0x00, 0x02, 0xFE, 0x90, 0x00, 0x02, 0xFF, 0xFE, 0x00, 0x0B,
    0xC6, 0xFF, 0x80, 0x2F, 0x00, 0x0F, 0xC0, 0x3E, 0x00, 0x0B, 0xC0, 0x3E, 0x00, 0x0B, 0x80, 0x3F,
    0x00, 0x0F, 0x00, 0x0F, 0xE1, 0xBC, 0x00, 0x02, 0xFF, 0xD0, 0x00, 0x00, 0x00, 0x00, 0x00, 0x00,
    0x00, 0xAA, 0xA0, 0x00, 0x00, 0x2F, 0xFF, 0xFF, 0x00, 0x00, 0xFF, 0x00, 0x2F, 0x00, 0x03, 0xF8,
    0x00, 0x0F, 0x00, 0x0B, 0xE0, 0x00, 0x0F, 0x00, 0x0F, 0xC0, 0x00, 0x0A, 0x00, 0x2F, 0x80, 0x00,
    0x00, 0x00, 0x3F, 0x80, 0x00, 0x00, 0x00, 0x3F, 0x00, 0x00, 0x00, 0x00, 0x3F, 0x00, 0x00, 0x00,
    0x00, 0x3F, 0x00, 0x03, 0xFF, 0xF0, 0x3F, 0x40, 0x01, 0xBF, 0x90, 0x2F, 0x80, 0x00, 0x2F, 0x00,
    0x0F, 0xC0, 0x00, 0x2F, 0x00, 0x0F, 0xD0, 0x00, 0x2F, 0x00, 0x03, 0xF0, 0x00, 0x2F, 0x00, 0x02,
    0xFC, 0x00, 0x2F, 0x00, 0x00, 0xBF, 0xE5, 0xBF, 0x00, 0x00, 0x0B, 0xFF, 0xFE, 0x00, 0x00, 0x00,
    0x00, 0x00, 0x00, 0x00, 0x00, 0x28, 0x00, 0x00, 0x00, 0x00, 0xBE, 0x00, 0x00, 0x00, 0x00, 0xBF,
    0x00, 0x00, 0x00, 0x00, 0x0E, 0x00, 0x00, 0x00, 0x00, 0x1C, 0x00, 0x00, 0x00, 0x00, 0xB0, 0x00,
    0x00, 0x00, 0x00, 0x00, 0x00, 0x00, 0x00, 0x02, 0x00, 0x00, 0x00, 0x0E, 0x00, 0x00, 0x00, 0x38,
    0x00, 0x00, 0x00, 0x38, 0x00, 0x00, 0x00, 0x3F, 0x40, 0x00, 0x00, 0x2F, 0x00, 0x00, 0x00, 0x00,
    0x00, 0x00, 0x00, 0x1A, 0x00, 0x00, 0x02, 0xFF, 0xFE, 0xA0, 0x0B, 0xC0, 0xFF, 0xA0, 0x0F, 0x80,
    0x3E, 0x00, 0x2F, 0x00, 0x3F, 0x00, 0x2F, 0x00, 0x3F, 0x00, 0x0F, 0x80, 0x3E, 0x00, 0x0F, 0xC0,
    0xFC, 0x00, 0x02, 0xFF, 0xE0, 0x00, 0x00, 0xB8, 0x00, 0x00, 0x00, 0xE0, 0x00, 0x00, 0x02, 0xFE,
    0x90, 0x00, 0x02, 0xFF, 0xFE, 0x00, 0x0B, 0xC6, 0xFF, 0x80, 0x2F, 0x00, 0x0F, 0xC0, 0x3E, 0x00,
    0x0B, 0xC0, 0x3E, 0x00, 0x0B, 0x80, 0x3F, 0x00, 0x0F, 0x00, 0x0F, 0xE1, 0xBC, 0x00, 0x02, 0xFF,
    0xD0, 0x00, 0x00, 0x00, 0x00, 0x00, 0x00, 0x00, 0x00, 0x00, 0x00, 0x3F, 0xFF, 0x00, 0xBF, 0xFC,
    0x07, 0xF0, 0x00, 0x0B, 0xE0, 0x03, 0xE0, 0x00, 0x0B, 0xC0, 0x2B, 0xFA, 0xAA, 0xAF, 0xE8, 0x3F,
    0xFF, 0xFF, 0xFF, 0xFC, 0x03, 0xE0, 0x00, 0x0B, 0xD0, 0x03, 0xE0, 0x00, 0x0B, 0xC0, 0x03, 0xFA,
    0xAA, 0xAF, 0xC0, 0x03, 0xFF, 0xFF, 0xFF, 0xC0, 0x03, 0xE0, 0x00, 0x0B, 0xC0, 0x03, 0xE0, 0x00,
    0x0B, 0xC0, 0x03, 0xE0, 0x00, 0x0B, 0xC0, 0x03, 0xE0, 0x00, 0x0B, 0xC0, 0x03, 0xE0, 0x00, 0x0B,
    0xC0, 0x03, 0xE0, 0x00, 0x0B, 0xC0, 0x03, 0xE0, 0x00, 0x0B, 0xC0, 0x2B, 0xF8, 0x00, 0x2F, 0xF8,
    0x3F, 0xFF, 0x00, 0xBF, 0xFC, 0x00, 0x00, 0x00, 0x00, 0x00, 0x0B, 0xF0, 0x00, 0x00, 0x00, 0x2F,
    0xF0, 0x00, 0x00, 0x00, 0x02, 0xF0, 0x00, 0x00, 0x00, 0x02, 0xF0, 0x00, 0x00, 0x00, 0x3F, 0xFF,
    0xC0, 0x00, 0x00, 0x2B, 0xFE, 0x80, 0x00, 0x00, 0x02, 0xF0, 0x19, 0x00, 0x00, 0x02, 0xF3, 0xFF,
    0xC0, 0x00, 0x02, 0xFF, 0xAF, 0xF0, 0x00, 0x02, 0xF0, 0x03, 0xF0, 0x00, 0x02, 0xF0, 0x02, 0xF0,
    0x00, 0x02, 0xF0, 0x02, 0xF0, 0x00, 0x02, 0xF0, 0x02, 0xF0, 0x00, 0x02, 0xF0, 0x02, 0xF0, 0x00,
    0x02, 0xF0, 0x02, 0xF0, 0x00, 0x02, 0xF0, 0x02, 0xF0, 0x00, 0x02, 0xF0, 0x02, 0xF0, 0x00, 0x02,
    0xF0, 0x02, 0xF0, 0x00, 0x03, 0xF8, 0x03, 0xF8, 0x00, 0x2F, 0xFE, 0x0F, 0xFF, 0x00, 0x00, 0x00,
    0x00, 0x3F, 0xFE, 0x00, 0x2F, 0xFE, 0x00, 0x00, 0x00, 0x00, 0x00, 0x00, 0x00, 0x00, 0x00, 0x00,
    0x3F, 0xFF, 0x00, 0x03, 0xF0, 0x00, 0x03, 0xF0, 0x00, 0x03, 0xF0, 0x00, 0x03, 0xF0, 0x00, 0x03,
    0xF0, 0x00, 0x03, 0xF0, 0x00, 0x03, 0xF0, 0x00, 0x03, 0xF0, 0x00, 0x03, 0xF0, 0x00, 0x03, 0xF0,
    0x00, 0x03, 0xF0, 0x00, 0x03, 0xF0, 0x00, 0x03, 0xF0, 0x00, 0x03, 0xF0, 0x00, 0x03, 0xF0, 0x00,
    0x2B, 0xFA, 0x00, 0x3F, 0xFF, 0x00, 0x3F, 0xFC, 0x3F, 0xFC, 0x00, 0x00, 0x00, 0x00, 0x01, 0x80,
    0x3F, 0xD0, 0x2B, 0xD0, 0x03, 0xD0, 0x03, 0xD0, 0x03, 0xD0, 0x03, 0xD0, 0x03, 0xD0, 0x03, 0xD0,
    0x03, 0xD0, 0x03, 0xD0, 0x03, 0xD0, 0x0B, 0xE0, 0x3F, 0xFC, 0x00, 0x00, 0x00, 0x3F, 0xFF, 0x00,
    0x03, 0xF0, 0x00, 0x03, 0xF0, 0x00, 0x03, 0xF0, 0x00, 0x03, 0xF0, 0x00, 0x03, 0xF0, 0x00, 0x03,
    0xF0, 0x00, 0x03, 0xF0, 0x00, 0x03, 0xF0, 0x00, 0x03, 0xF0, 0x00, 0x03, 0xF0, 0x00, 0x03, 0xF0,
    0x00, 0x03, 0xF0, 0x00, 0x03, 0xF0, 0x00, 0x03, 0xF0, 0x00, 0x03, 0xF0, 0x00, 0x2B, 0xFA, 0x00,
    0x3F, 0xFF, 0x00, 0x03, 0xC0, 0x00, 0x0B, 0x00, 0x00, 0x0F, 0x00, 0x00, 0x0F, 0xAC, 0x00, 0x03,
    0xF8, 0x00, 0x00, 0x00, 0x00, 0x00, 0x00, 0x03, 0xE0, 0x0B, 0xF0, 0x03, 0xE0, 0x00, 0x00, 0x00,
    0x00, 0x01, 0x80, 0x3F, 0xD0, 0x2B, 0xD0, 0x03, 0xD0, 0x03, 0xD0, 0x03, 0xD0, 0x03, 0xD0, 0x03,
    0xD0, 0x03, 0xD0, 0x03, 0xD0, 0x03, 0xD0, 0x03, 0xD0, 0x0B, 0xE0, 0x3F, 0xFC, 0x03, 0x40, 0x0E,
    0x00, 0x0E, 0x00, 0x0F, 0xA4, 0x0B, 0xF4, 0x00, 0x00, 0x01, 0x80, 0x3F, 0xD0, 0x2B, 0xD0, 0x03,
    0xD0, 0x03, 0xD0, 0x03, 0xD0, 0x03, 0xD0, 0x03, 0xD0, 0x03, 0xD0, 0x03, 0xD0, 0x03, 0xD0, 0x03,
    0xD0, 0x0B, 0xE0, 0x3F, 0xFC, 0x00, 0x00, 0x00, 0x00, 0x00, 0x3F, 0xFF, 0x03, 0xFF, 0x80, 0x07,
    0xF0, 0x00, 0xF8, 0x00, 0x03, 0xE0, 0x02, 0xE0, 0x00, 0x03, 0xE0, 0x07, 0xC0, 0x00, 0x03, 0xE0,
    0x0F, 0x00, 0x00, 0x03, 0xE0, 0x3C, 0x00, 0x00, 0x03, 0xE0, 0xF4, 0x00, 0x00, 0x03, 0xE2, 0xE0,
    0x00, 0x00, 0x03, 0xFB, 0xF0, 0x00, 0x00, 0x03, 0xFF, 0xF8, 0x00, 0x00, 0x03, 0xE0, 0xFC, 0x00,
    0x00, 0x03, 0xE0, 0xBF, 0x00, 0x00, 0x03, 0xE0, 0x3F, 0x80, 0x00, 0x03, 0xE0, 0x0F, 0xC0, 0x00,
    0x03, 0xE0, 0x07, 0xF0, 0x00, 0x03, 0xE0, 0x02, 0xF8, 0x00, 0x2B, 0xF8, 0x00, 0xFE, 0x80, 0x3F,
    0xFF, 0x00, 0xBF, 0xC0, 0x00, 0x00, 0x00, 0x00, 0x00, 0x00, 0x00, 0xA0, 0x00, 0x00, 0x00, 0x02,
    0xF8, 0x00, 0x00, 0x00, 0x02, 0xFC, 0x00, 0x00, 0x00, 0x00, 0x38, 0x00, 0x00, 0x00, 0x00, 0xB0,
    0x00, 0x00, 0x00, 0x02, 0xC0, 0x00, 0x00, 0x00, 0x00, 0x00, 0x00, 0x00, 0x00, 0x00, 0x00, 0x00,
    0x2F, 0xC0, 0x00, 0x00, 0xBF, 0xC0, 0x00, 0x00, 0x0B, 0xC0, 0x00, 0x00, 0x0B, 0xC0, 0x00, 0x00,
    0x0B, 0xC0, 0x00, 0x00, 0x0B, 0xC0, 0x00, 0x00, 0x0B, 0xC0, 0x00, 0x00, 0x0B, 0xC0, 0xFF, 0xE0,
    0x0B, 0xC0, 0x3E, 0x00, 0x0B, 0xC0, 0xB8, 0x00, 0x0B, 0xC2, 0xE0, 0x00, 0x0B, 0xCB, 0x80, 0x00,
    0x0B, 0xEF, 0x80, 0x00, 0x0B, 0xFF, 0xC0, 0x00, 0x0B, 0xC3, 0xF0, 0x00, 0x0B, 0xC2, 0xF8, 0x00,
    0x0B, 0xC0, 0xFD, 0x00, 0x0B, 0xC0, 0x3F, 0x00, 0x0F, 0xE0, 0x2F, 0xD0, 0xBF, 0xF8, 0x0F, 0xF0,
    0x00, 0x00, 0x00, 0x00, 0x00, 0x0A, 0x00, 0x00, 0x00, 0x2F, 0xC0, 0x00, 0x00, 0x0F, 0xC0, 0x00,
    0x00, 0x02, 0xC0, 0x00, 0x00, 0x03, 0x80, 0x00, 0x00, 0x2E, 0x00, 0x00, 0x00, 0x00, 0x00, 0x00,
    0x00, 0x00, 0x00, 0x00, 0x3F, 0xFE, 0x00, 0x00, 0x07, 0xF0, 0x00, 0x00, 0x03, 0xE0, 0x00, 0x00,
    0x03, 0xE0, 0x00, 0x00, 0x03, 0xE0, 0x00, 0x00, 0x03, 0xE0, 0x00, 0x00, 0x03, 0xE0, 0x00, 0x00,
    0x03, 0xE0, 0x00, 0x00, 0x03, 0xE0, 0x00, 0x00, 0x03, 0xE0, 0x00, 0x00, 0x03, 0xE0, 0x00, 0x00,
    0x03, 0xE0, 0x00, 0x00, 0x03, 0xE0, 0x00, 0x00, 0x03, 0xE0, 0x00, 0xF0, 0x03, 0xE0, 0x00, 0xF0,
    0x03, 0xE0, 0x00, 0xF0, 0x2B, 0xFA, 0xAB, 0xF0, 0x3F, 0xFF, 0xFF, 0xF0, 0x00, 0x00, 0x00, 0x00,
    0x00, 0x0A, 0x00, 0x00, 0x00, 0x2F, 0xC0, 0x00, 0x00, 0x0F, 0xC0, 0x00, 0x00, 0x02, 0xC0, 0x00,
    0x00, 0x03, 0x80, 0x00, 0x00, 0x1E, 0x00, 0x00, 0x00, 0x00, 0x00, 0x00, 0x00, 0x00, 0x0B, 0xC0,
    0x7F, 0xC0, 0x03, 0xC0, 0x03, 0xC0, 0x03, 0xC0, 0x03, 0xC0, 0x03, 0xC0, 0x03, 0xC0, 0x03, 0xC0,
    0x03, 0xC0, 0x03, 0xC0, 0x03, 0xC0, 0x03, 0xC0, 0x03, 0xC0, 0x03, 0xC0, 0x03, 0xC0, 0x03, 0xC0,
    0x03, 0xC0, 0x0B, 0xE0, 0x3F, 0xFC, 0x00, 0x00, 0x02, 0x80, 0x0B, 0xE0, 0x0B, 0xE0, 0x00, 0xE0,
    0x02, 0xC0, 0x0B, 0x00, 0x00, 0x00, 0x00, 0x00, 0x00, 0x00, 0x00, 0x00, 0x2F, 0x00, 0x00, 0x00,
    0x2F, 0x00, 0x3F, 0xFE, 0x2E, 0x00, 0x07, 0xF0, 0x2C, 0x00, 0x03, 0xE0, 0x2C, 0x00, 0x03, 0xE0,
    0x28, 0x00, 0x03, 0xE0, 0x00, 0x00, 0x03, 0xE0, 0x00, 0x00, 0x03, 0xE0, 0x00, 0x00, 0x03, 0xE0,
    0x00, 0x00, 0x03, 0xE0, 0x00, 0x00, 0x03, 0xE0, 0x00, 0x00, 0x03, 0xE0, 0x00, 0x00, 0x03, 0xE0,
    0x00, 0x00, 0x03, 0xE0, 0x00, 0x00, 0x03, 0xE0, 0x00, 0xF0, 0x03, 0xE0, 0x00, 0xF0, 0x03, 0xE0,
    0x00, 0xF0, 0x2B, 0xFA, 0xAB, 0xF0, 0x3F, 0xFF, 0xFF, 0xF0, 0x00, 0x00, 0x00, 0x0B, 0xC3, 0xC0,
    0x7F, 0xC7, 0xC0, 0x03, 0xCB, 0xC0, 0x03, 0xCB, 0x80, 0x03, 0xCB, 0x00, 0x03, 0xCB, 0x00, 0x03,
    0xC0, 0x00, 0x03, 0xC0, 0x00, 0x03, 0xC0, 0x00, 0x03, 0xC0, 0x00, 0x03, 0xC0, 0x00, 0x03, 0xC0,
    0x00, 0x03, 0xC0, 0x00, 0x03, 0xC0, 0x00, 0x03, 0xC0, 0x00, 0x03, 0xC0, 0x00, 0x03, 0xC0, 0x00,
    0x03, 0xC0, 0x00, 0x0B, 0xE0, 0x00, 0x3F, 0xFC, 0x00, 0x00, 0x00, 0x00, 0x00, 0x7F, 0xFF, 0x00,
    0x00, 0x07, 0xF0, 0x00, 0x00, 0x03, 0xE0, 0x00, 0x00, 0x03, 0xE0, 0x00, 0x00, 0x03, 0xE0, 0x00,
    0x00, 0x03, 0xE2, 0x80, 0x00, 0x03, 0xFF, 0x80, 0x00, 0x03, 0xFC, 0x00, 0x00, 0x0B, 0xF0, 0x00,
    0x00, 0x2F, 0xE0, 0x00, 0x00, 0xBB, 0xE0, 0x00, 0x00, 0x03, 0xE0, 0x00, 0x00, 0x03, 0xE0, 0x00,
    0x00, 0x03, 0xE0, 0x00, 0xF0, 0x03, 0xE0, 0x00, 0xF0, 0x03, 0xE0, 0x00, 0xF0, 0x2B, 0xFA, 0xAB,
    0xF0, 0x7F, 0xFF, 0xFF, 0xF0, 0x00, 0x00, 0x00, 0x06, 0xF0, 0x00, 0x1F, 0xF0, 0x00, 0x00, 0xF0,
    0x00, 0x00, 0xF0, 0x00, 0x00, 0xF0, 0x00, 0x00, 0xF0, 0x00, 0x00, 0xF0, 0x00, 0x00, 0xF6, 0xC0,
    0x00, 0xFF, 0x80, 0x00, 0xFC, 0x00, 0x03, 0xF0, 0x00, 0x2F, 0xF0, 0x00, 0x3A, 0xF0, 0x00, 0x00,
    0xF0, 0x00, 0x00, 0xF0, 0x00, 0x00, 0xF0, 0x00, 0x00, 0xF0, 0x00, 0x00, 0xF0, 0x00, 0x02, 0xF8,
    0x00, 0x1F, 0xFF, 0x00, 0x00, 0x00, 0x00, 0x00, 0x00, 0x00, 0x00, 0x03, 0xE0, 0x00, 0x00, 0x00,
    0x0F, 0xE0, 0x00, 0x00, 0x00, 0x3F, 0x80, 0x00, 0x00, 0x00, 0xFC, 0x00, 0x00, 0x00, 0x02, 0xE0,
    0x00, 0x00, 0x00, 0x00, 0x00, 0x00, 0x00, 0x00, 0x00, 0x00, 0x00, 0x00, 0xBF, 0xF0, 0x00, 0x3F,
    0xFC, 0x07, 0xFC, 0x00, 0x03, 0xC0, 0x03, 0xFE, 0x00, 0x03, 0x80, 0x03, 0xFF, 0x00, 0x03, 0x80,
    0x03, 0xAF, 0xC0, 0x03, 0x80, 0x03, 0x8F, 0xE0, 0x03, 0x80, 0x03, 0x83, 0xF0, 0x03, 0x80, 0x03,
    0x82, 0xFC, 0x03, 0x80, 0x03, 0x80, 0xFE, 0x03, 0x80, 0x03, 0x80, 0x3F, 0x03, 0x80, 0x03, 0x80,
    0x2F, 0xC3, 0x80, 0x03, 0x80, 0x0F, 0xE3, 0x80, 0x03, 0x80, 0x03, 0xF3, 0x80, 0x03, 0x80, 0x02,
    0xFF, 0x80, 0x03, 0x80, 0x00, 0xFF, 0x80, 0x03, 0x80, 0x00, 0x3F, 0x80, 0x2B, 0xE0, 0x00, 0x2F,
    0x80, 0x3F, 0xF8, 0x00, 0x0F, 0x80, 0x00, 0x00, 0x00, 0x00, 0x00, 0x00, 0x3D, 0x00, 0x00, 0x00,
    0xFE, 0x00, 0x00, 0x03, 0xFC, 0x00, 0x00, 0x0B, 0xD0, 0x00, 0x00, 0x2E, 0x00, 0x00, 0x00, 0x00,
    0x00, 0x00, 0x00, 0x00, 0xA4, 0x00, 0x2F, 0xCB, 0xFF, 0x00, 0xBF, 0xFE, 0xBF, 0x80, 0x0B, 0xC0,
    0x0F, 0xC0, 0x0B, 0xC0, 0x0B, 0xC0, 0x0B, 0xC0, 0x0B, 0xC0, 0x0B, 0xC0, 0x0B, 0xC0, 0x0B, 0xC0,
    0x0B, 0xC0, 0x0B, 0xC0, 0x0B, 0xC0, 0x0B, 0xC0, 0x0B, 0xC0, 0x0B, 0xC0, 0x0B, 0xC0, 0x0B, 0xC0,
    0x0B, 0xC0, 0x0F, 0xE0, 0x0F, 0xE0, 0xBF, 0xF8, 0x3F, 0xFC, 0x00, 0x00, 0x00, 0x00, 0x00, 0xBF,
    0xF0, 0x00, 0x3F, 0xFC, 0x07, 0xFC, 0x00, 0x03, 0xC0, 0x03, 0xFE, 0x00, 0x03, 0x80, 0x03, 0xFF,
    0x00, 0x03, 0x80, 0x03, 0xAF, 0xC0, 0x03, 0x80, 0x03, 0x8F, 0xE0, 0x03, 0x80, 0x03, 0x83, 0xF0,
    0x03, 0x80, 0x03, 0x82, 0xFC, 0x03, 0x80, 0x03, 0x80, 0xFE, 0x03, 0x80, 0x03, 0x80, 0x3F, 0x03,
    0x80, 0x03, 0x80, 0x2F, 0xC3, 0x80, 0x03, 0x80, 0x0F, 0xE3, 0x80, 0x03, 0x80, 0x03, 0xF3, 0x80,
    0x03, 0x80, 0x02, 0xFF, 0x80, 0x03, 0x80, 0x00, 0xFF, 0x80, 0x03, 0x80, 0x00, 0x3F, 0x80, 0x2B,
    0xE0, 0x00, 0x2F, 0x80, 0x3F, 0xF8, 0x00, 0x0F, 0x80, 0x00, 0x00, 0x00, 0x00, 0x00, 0x00, 0x00,
    0x20, 0x00, 0x00, 0x00, 0x00, 0xFC, 0x00, 0x00, 0x00, 0x00, 0xFD, 0x00, 0x00, 0x00, 0x00, 0x0C,
    0x00, 0x00, 0x00, 0x00, 0x2C, 0x00, 0x00, 0x00, 0x00, 0xE0, 0x00, 0x00, 0x00, 0x00, 0x00, 0x00,
    0x00, 0x00, 0x00, 0xA4, 0x00, 0x2F, 0xCB, 0xFF, 0x00, 0xBF, 0xFE, 0xBF, 0x80, 0x0B, 0xC0, 0x0F,
    0xC0, 0x0B, 0xC0, 0x0B, 0xC0, 0x0B, 0xC0, 0x0B, 0xC0, 0x0B, 0xC0, 0x0B, 0xC0, 0x0B, 0xC0, 0x0B,
    0xC0, 0x0B, 0xC0, 0x0B, 0xC0, 0x0B, 0xC0, 0x0B, 0xC0, 0x0B, 0xC0, 0x0B, 0xC0, 0x0B, 0xC0, 0x0B,
    0xC0, 0x0F, 0xE0, 0x0F, 0xE0, 0xBF, 0xF8, 0x3F, 0xFC, 0x00, 0x00, 0x00, 0x00, 0x00, 0x02, 0x00,
    0x00, 0x00, 0x0F, 0xC0, 0x00, 0x00, 0x0F, 0xD0, 0x00, 0x00, 0x00, 0xC0, 0x00, 0x00, 0x03, 0xC0,
    0x00, 0x00, 0x0E, 0x00, 0x00, 0x00, 0x00, 0x00, 0x00, 0x00, 0x00, 0x00, 0x00, 0x00, 0x00, 0x2E,
    0x00, 0xF0, 0x00, 0x00, 0x0F, 0x83, 0xC0, 0x00, 0x00, 0x03, 0xEF, 0x80, 0x00, 0x00, 0x01, 0xFE,
    0x00, 0x00, 0x00, 0x00, 0xBC, 0x00, 0x00, 0x00, 0x00, 0x00, 0x00, 0x00, 0x00, 0x00, 0x00, 0x00,
    0x00, 0xBF, 0xF0, 0x00, 0x3F, 0xFC, 0x07, 0xFC, 0x00, 0x03, 0xC0, 0x03, 0xFE, 0x00, 0x03, 0x80,
    0x03, 0xFF, 0x00, 0x03, 0x80, 0x03, 0xAF, 0xC0, 0x03, 0x80, 0x03, 0x8F, 0xE0, 0x03, 0x80, 0x03,
    0x83, 0xF0, 0x03, 0x80, 0x03, 0x82, 0xFC, 0x03, 0x80, 0x03, 0x80, 0xFE, 0x03, 0x80, 0x03, 0x80,
    0x3F, 0x03, 0x80, 0x03, 0x80, 0x2F, 0xC3, 0x80, 0x03, 0x80, 0x0F, 0xE3, 0x80, 0x03, 0x80, 0x03,
    0xF3, 0x80, 0x03, 0x80, 0x02, 0xFF, 0x80, 0x03, 0x80, 0x00, 0xFF, 0x80, 0x03, 0x80, 0x00, 0x3F,
    0x80, 0x2B, 0xE0, 0x00, 0x2F, 0x80, 0x3F, 0xF8, 0x00, 0x0F, 0x80, 0x02, 0x80, 0x0A, 0x00, 0x00,
    0xF0, 0x3D, 0x00, 0x00, 0x7D, 0xF8, 0x00, 0x00, 0x2F, 0xF0, 0x00, 0x00, 0x0F, 0xC0, 0x00, 0x00,
    0x00, 0x00, 0x00, 0x00, 0x00, 0xA4, 0x00, 0x2F, 0xCB, 0xFF, 0x00, 0xBF, 0xFE, 0xBF, 0x80, 0x0B,
    0xC0, 0x0F, 0xC0, 0x0B, 0xC0, 0x0B, 0xC0, 0x0B, 0xC0, 0x0B, 0xC0, 0x0B, 0xC0, 0x0B, 0xC0, 0x0B,
    0xC0, 0x0B, 0xC0, 0x0B, 0xC0, 0x0B, 0xC0, 0x0B, 0xC0, 0x0B, 0xC0, 0x0B, 0xC0, 0x0B, 0xC0, 0x0B,
    0xC0, 0x0B, 0xC0, 0x0F, 0xE0, 0x0F, 0xE0, 0xBF, 0xF8, 0x3F, 0xFC, 0x00, 0x00, 0x00, 0x00, 0x00,
    0x00, 0x00, 0xBC, 0x0F, 0x80, 0x00, 0x00, 0xFC, 0x3F, 0x80, 0x00, 0x03, 0xF4, 0xFE, 0x00, 0x00,
    0x0F, 0x82, 0xF0, 0x00, 0x00, 0x2C, 0x07, 0x80, 0x00, 0x00, 0x00, 0x00, 0x00, 0x00, 0x00, 0x02,
    0xAA, 0x40, 0x00, 0x00, 0x2F, 0xFF, 0xF8, 0x00, 0x00, 0xFE, 0x00, 0xFF, 0x00, 0x03, 0xF0, 0x00,
    0x2F, 0x80, 0x0B, 0xE0, 0x00, 0x0F, 0xD0, 0x0F, 0xC0, 0x00, 0x07, 0xF0, 0x2F, 0x80, 0x00, 0x03,
    0xF0, 0x3F, 0x80, 0x00, 0x03, 0xF8, 0x3F, 0x00, 0x00, 0x02, 0xF8, 0x3F, 0x00, 0x00, 0x02, 0xF8,
    0x3F, 0x00, 0x00, 0x02, 0xF8, 0x3F, 0x40, 0x00, 0x02, 0xF8, 0x2F, 0x80, 0x00, 0x03, 0xF4, 0x1F,
    0xC0, 0x00, 0x03, 0xF0, 0x0F, 0xC0, 0x00, 0x0B, 0xE0, 0x07, 0xF0, 0x00, 0x0F, 0xC0, 0x02, 0xF8,
    0x00, 0x3F, 0x40, 0x00, 0xBF, 0x86, 0xFD, 0x00, 0x00, 0x0B, 0xFF, 0xE0, 0x00, 0x00, 0x00, 0x00,
    0x00, 0x00, 0x00, 0x00, 0x00, 0x00, 0x00, 0x0B, 0x81, 0xF0, 0x00, 0x2F, 0xC3, 0xF0, 0x00, 0xBF,
    0x0F, 0xE0, 0x00, 0xF8, 0x3F, 0x00, 0x03, 0xC0, 0xF8, 0x00, 0x00, 0x00, 0x00, 0x00, 0x00, 0x0A,
    0x80, 0x00, 0x01, 0xFF, 0xFC, 0x00, 0x0B, 0xE0, 0x3F, 0x00, 0x0F, 0xC0, 0x0F, 0xC0, 0x2F, 0x00,
    0x0B, 0xC0, 0x3F, 0x00, 0x07, 0xE0, 0x3F, 0x00, 0x03, 0xF0, 0x3F, 0x00, 0x03, 0xF0, 0x3F, 0x00,
    0x03, 0xE0, 0x3F, 0x00, 0x0B, 0xE0, 0x2F, 0x80, 0x0B, 0xC0, 0x0F, 0xC0, 0x0F, 0x80, 0x03, 0xF0,
    0xBF, 0x00, 0x00, 0xBF, 0xF8, 0x00, 0x00, 0x00, 0x00, 0x00, 0x00, 0x0A, 0xA9, 0x00, 0x00, 0x00,
    0x00, 0x00, 0xBF, 0xFF, 0xEF, 0xFF, 0xFF, 0xC0, 0x02, 0xF8, 0x03, 0xFF, 0xC0, 0x03, 0xC0, 0x07,
    0xE0, 0x00, 0xFF, 0xC0, 0x02, 0xC0, 0x0F, 0xC0, 0x00, 0x3F, 0xC0, 0x02, 0xC0, 0x0F, 0xC0, 0x00,
    0x3F, 0xC0, 0x00, 0x00, 0x2F, 0x80, 0x00, 0x2F, 0xC0, 0x08, 0x00, 0x3F, 0x40, 0x00, 0x2F, 0xC0,
    0x2C, 0x00, 0x3F, 0x00, 0x00, 0x2F, 0xC0, 0x3C, 0x00, 0x3F, 0x00, 0x00, 0x2F, 0xFF, 0xFC, 0x00,
    0x3F, 0x00, 0x00, 0x2F, 0xC0, 0x3C, 0x00, 0x3F, 0x00, 0x00, 0x2F, 0xC0, 0x2C, 0x00, 0x3F, 0x80,
    0x00, 0x2F, 0xC0, 0x08, 0x00, 0x2F, 0x80, 0x00, 0x3F, 0xC0, 0x00, 0x00, 0x0F, 0xC0, 0x00, 0x3F,
    0xC0, 0x00, 0x60, 0x0B, 0xC0, 0x00, 0xBF, 0xC0, 0x00, 0xB0, 0x03, 0xF0, 0x00, 0xFF, 0xC0, 0x00,
    0xF0, 0x00, 0xFE, 0x1B, 0xFF, 0xEA, 0xAA, 0xF0, 0x00, 0x2F, 0xFF, 0x8F, 0xFF, 0xFF, 0xF0, 0x00,
    0x00, 0x00, 0x00, 0x00, 0x00, 0x00, 0x00, 0x1A, 0x40, 0x02, 0x90, 0x00, 0x02, 0xFF, 0xF8, 0x2F,
    0xFE, 0x00, 0x0B, 0xE0, 0x7E, 0xFC, 0x2F, 0x40, 0x0F, 0x80, 0x2F, 0xF0, 0x0F, 0xC0, 0x2F, 0x00,
    0x0F, 0xE0, 0x0B, 0xC0, 0x3F, 0x00, 0x0F, 0xEA, 0xAF, 0xC0, 0x3F, 0x00, 0x0B, 0xFF, 0xFF, 0xC0,
    0x3F, 0x00, 0x0B, 0xC0, 0x00, 0x00, 0x3F, 0x00, 0x0B, 0xD0, 0x00, 0x00, 0x3F, 0x00, 0x0F, 0xE0,
    0x00, 0x00, 0x2F, 0x40, 0x0F, 0xF0, 0x00, 0x00, 0x0F, 0xC0, 0x2F, 0xFC, 0x00, 0xC0, 0x03, 0xF0,
    0xBC, 0xBF, 0xFF, 0xC0, 0x00, 0xBF, 0xE0, 0x0F, 0xFE, 0x00, 0x00, 0x00, 0x00, 0x00, 0x00, 0x00,
    0x00, 0x00, 0x00, 0x00, 0x00, 0x00, 0x00, 0x3F, 0x00, 0x00, 0x00, 0x00, 0xFF, 0x00, 0x00, 0x00,
    0x02, 0xF8, 0x00, 0x00, 0x00, 0x0B, 0xC0, 0x00, 0x00, 0x00, 0x0E, 0x00, 0x00, 0x00, 0x00, 0x00,
    0x00, 0x00, 0x00, 0x00, 0x00, 0x00, 0x00, 0x00, 0x3F, 0xFF, 0xFF, 0x40, 0x00, 0x07, 0xE0, 0x2F,
    0xE0, 0x00, 0x03, 0xE0, 0x03, 0xF0, 0x00, 0x03, 0xE0, 0x02, 0xF8, 0x00, 0x03, 0xE0, 0x02, 0xF8,
    0x00, 0x03, 0xE0, 0x02, 0xF8, 0x00, 0x03, 0xE0, 0x03, 0xF0, 0x00, 0x03, 0xE0, 0x0B, 0xD0, 0x00,
    0x03, 0xFA, 0xFE, 0x00, 0x00, 0x03, 0xFF, 0xFE, 0x00, 0x00, 0x03, 0xE0, 0x3F, 0x80, 0x00, 0x03,
    0xE0, 0x0F, 0xC0, 0x00, 0x03, 0xE0, 0x03, 0xE0, 0x00, 0x03, 0xE0, 0x03, 0xF0, 0x00, 0x03, 0xE0,
    0x02, 0xF0, 0x00, 0x03, 0xE0, 0x00, 0xFC, 0x00, 0x2B, 0xF8, 0x00, 0xFF, 0x80, 0x3F, 0xFE, 0x00,
    0x3F, 0xE0, 0x00, 0x00, 0x00, 0x00, 0x00, 0x00, 0x00, 0x00, 0x00, 0x02, 0xE0, 0x00, 0x0B, 0xE0,
    0x00, 0x2F, 0xC0, 0x00, 0xBE, 0x00, 0x00, 0xF0, 0x00, 0x00, 0x00, 0x00, 0x00, 0x00, 0xA0, 0x2F,
    0xCB, 0xF0, 0x7F, 0xEF, 0xF0, 0x0B, 0xF8, 0x20, 0x0B, 0xD0, 0x00, 0x0B, 0xC0, 0x00, 0x0B, 0xC0,
    0x00, 0x0B, 0xC0, 0x00, 0x0B, 0xC0, 0x00, 0x0B, 0xC0, 0x00, 0x0B, 0xC0, 0x00, 0x0B, 0xC0, 0x00,
    0x0F, 0xE0, 0x00, 0x7F, 0xFE, 0x00, 0x00, 0x00, 0x00, 0x00, 0x00, 0x00, 0xE0, 0x0F, 0x00, 0x00,
    0x00, 0xBC, 0x3E, 0x00, 0x00, 0x00, 0x3F, 0xFC, 0x00, 0x00, 0x00, 0x0F, 0xF0, 0x00, 0x00, 0x00,
    0x07, 0xC0, 0x00, 0x00, 0x00, 0x00, 0x00, 0x00, 0x00, 0x00, 0x00, 0x00, 0x00, 0x00, 0x3F, 0xFF,
    0xFF, 0x40, 0x00, 0x07, 0xE0, 0x2F, 0xE0, 0x00, 0x03, 0xE0, 0x03, 0xF0, 0x00, 0x03, 0xE0, 0x02,
    0xF8, 0x00, 0x03, 0xE0, 0x02, 0xF8, 0x00, 0x03, 0xE0, 0x02, 0xF8, 0x00, 0x03, 0xE0, 0x03, 0xF0,
    0x00, 0x03, 0xE0, 0x0B, 0xD0, 0x00, 0x03, 0xFA, 0xFE, 0x00, 0x00, 0x03, 0xFF, 0xFE, 0x00, 0x00,
    0x03, 0xE0, 0x3F, 0x80, 0x00, 0x03, 0xE0, 0x0F, 0xC0, 0x00, 0x03, 0xE0, 0x03, 0xE0, 0x00, 0x03,
    0xE0, 0x03, 0xF0, 0x00, 0x03, 0xE0, 0x02, 0xF0, 0x00, 0x03, 0xE0, 0x00, 0xFC, 0x00, 0x2B, 0xF8,
    0x00, 0xFF, 0x80, 0x3F, 0xFE, 0x00, 0x3F, 0xE0, 0x00, 0x00, 0x00, 0x00, 0x00, 0x08, 0x00, 0xA0,
    0x0F, 0x42, 0xE0, 0x03, 0xEB, 0xC0, 0x02, 0xFF, 0x00, 0x00, 0xBD, 0x00, 0x00, 0x00, 0x00, 0x00,
    0x00, 0xA0, 0x2F, 0xCB, 0xF0, 0x7F, 0xEF, 0xF0, 0x0B, 0xF8, 0x20, 0x0B, 0xD0, 0x00, 0x0B, 0xC0,
    0x00, 0x0B, 0xC0, 0x00, 0x0B, 0xC0, 0x00, 0x0B, 0xC0, 0x00, 0x0B, 0xC0, 0x00, 0x0B, 0xC0, 0x00,
    0x0B, 0xC0, 0x00, 0x0F, 0xE0, 0x00, 0x7F, 0xFE, 0x00, 0x00, 0x00, 0x00, 0x00, 0x00, 0x00, 0xBC,
    0x00, 0x00, 0x01, 0xFC, 0x00, 0x00, 0x03, 0xF4, 0x00, 0x00, 0x0F, 0x80, 0x00, 0x00, 0x2C, 0x00,
    0x00, 0x00, 0x00, 0x00, 0x00, 0x00, 0x2B, 0xA4, 0x00, 0x02, 0xFF, 0xFF, 0x40, 0x0F, 0xE0, 0x0F,
    0x80, 0x0F, 0x80, 0x0B, 0x80, 0x2F, 0x00, 0x0B, 0x80, 0x2F, 0x00, 0x02, 0x00, 0x2F, 0xC0, 0x00,
    0x00, 0x0F, 0xF0, 0x00, 0x00, 0x0B, 0xFF, 0x00, 0x00, 0x02, 0xFF, 0xF4, 0x00, 0x00, 0x2F, 0xFE,
    0x00, 0x00, 0x02, 0xFF, 0x80, 0x00, 0x00, 0x3F, 0xC0, 0x28, 0x00, 0x0F, 0xC0, 0x3C, 0x00, 0x0F,
    0xC0, 0x3C, 0x00, 0x0F, 0xC0, 0x3C, 0x00, 0x2F, 0x00, 0x3F, 0xA6, 0xFE, 0x00, 0x2F, 0xFF, 0xF0,
    0x00, 0x00, 0x00, 0x00, 0x00, 0x00, 0x00, 0x00, 0x00, 0x03, 0xC0, 0x00, 0x0F, 0xE0, 0x00, 0x3F,
    0xC0, 0x00, 0xBD, 0x00, 0x02, 0xE0, 0x00, 0x00, 0x00, 0x00, 0x00, 0x69, 0x00, 0x0B, 0xFF, 0xE0,
    0x2F, 0x02, 0xE0, 0x3E, 0x00, 0xE0, 0x3F, 0x00, 0x40, 0x3F, 0xC0, 0x00, 0x0F, 0xFC, 0x00, 0x02,
    0xFF, 0x80, 0x00, 0x2F, 0xE0, 0x00, 0x07, 0xF0, 0x38, 0x03, 0xF0, 0x38, 0x03, 0xE0, 0x3E, 0x0B,
    0xC0, 0x3F, 0xFE, 0x00, 0x00, 0x00, 0x00, 0x00, 0x2B, 0xA4, 0x00, 0x02, 0xFF, 0xFF, 0x40, 0x0F,
    0xE0, 0x0F, 0x80, 0x0F, 0x80, 0x0B, 0x80, 0x2F, 0x00, 0x0B, 0x80, 0x2F, 0x00, 0x02, 0x00, 0x2F,
    0xC0, 0x00, 0x00, 0x0F, 0xF0, 0x00, 0x00, 0x0B, 0xFF, 0x00, 0x00, 0x02, 0xFF, 0xF4, 0x00, 0x00,
    0x2F, 0xFE, 0x00, 0x00, 0x02, 0xFF, 0x80, 0x00, 0x00, 0x3F, 0xC0, 0x28, 0x00, 0x0F, 0xC0, 0x3C,
    0x00, 0x0F, 0xC0, 0x3C, 0x00, 0x0F, 0xC0, 0x3C, 0x00, 0x2F, 0x00, 0x3F, 0xA6, 0xFE, 0x00, 0x2F,
    0xFF, 0xF0, 0x00, 0x00, 0x2D, 0x00, 0x00, 0x00, 0x0E, 0x80, 0x00, 0x00, 0x0F, 0xE0, 0x00, 0x00,
    0x02, 0xE0, 0x00, 0x00, 0x07, 0xE0, 0x00, 0x00, 0xBF, 0x80, 0x00, 0x00, 0x00, 0x00, 0x00, 0x00,
    0x69, 0x00, 0x0B, 0xFF, 0xE0, 0x2F, 0x02, 0xE0, 0x3E, 0x00, 0xE0, 0x3F, 0x00, 0x40, 0x3F, 0xC0,
    0x00, 0x0F, 0xFC, 0x00, 0x02, 0xFF, 0x80, 0x00, 0x2F, 0xE0, 0x00, 0x07, 0xF0, 0x38, 0x03, 0xF0,
    0x38, 0x03, 0xE0, 0x3E, 0x0B, 0xC0, 0x3F, 0xFE, 0x00, 0x00, 0xE0, 0x00, 0x00, 0xB8, 0x00, 0x00,
    0xBF, 0x00, 0x00, 0x0F, 0x00, 0x01, 0x2F, 0x00, 0x03, 0xFC, 0x00, 0x00, 0x00, 0x00, 0x00, 0x00,
    0x00, 0x00, 0x03, 0xC0, 0x1E, 0x00, 0x00, 0xF0, 0x7C, 0x00, 0x00, 0x7E, 0xF0, 0x00, 0x00, 0x2F,
    0xE0, 0x00, 0x00, 0x0B, 0x80, 0x00, 0x00, 0x00, 0x00, 0x00, 0x00, 0x2B, 0xA4, 0x00, 0x02, 0xFF,
    0xFF, 0x40, 0x0F, 0xE0, 0x0F, 0x80, 0x0F, 0x80, 0x0B, 0x80, 0x2F, 0x00, 0x0B, 0x80, 0x2F, 0x00,
    0x02, 0x00, 0x2F, 0xC0, 0x00, 0x00, 0x0F, 0xF0, 0x00, 0x00, 0x0B, 0xFF, 0x00, 0x00, 0x02, 0xFF,
    0xF4, 0x00, 0x00, 0x2F, 0xFE, 0x00, 0x00, 0x02, 0xFF, 0x80, 0x00, 0x00, 0x3F, 0xC0, 0x28, 0x00,
    0x0F, 0xC0, 0x3C, 0x00, 0x0F, 0xC0, 0x3C, 0x00, 0x0F, 0xC0, 0x3C, 0x00, 0x2F, 0x00, 0x3F, 0xA6,
    0xFE, 0x00, 0x2F, 0xFF, 0xF0, 0x00, 0x00, 0x00, 0x00, 0x00, 0x28, 0x00, 0xA0, 0x0F, 0x03, 0xD0,
    0x07, 0xDF, 0x80, 0x02, 0xFF, 0x00, 0x00, 0xFC, 0x00, 0x00, 0x00, 0x00, 0x00, 0x69, 0x00, 0x0B,
    0xFF, 0xE0, 0x2F, 0x02, 0xE0, 0x3E, 0x00, 0xE0, 0x3F, 0x00, 0x40, 0x3F, 0xC0, 0x00, 0x0F, 0xFC,
    0x00, 0x02, 0xFF, 0x80, 0x00, 0x2F, 0xE0, 0x00, 0x07, 0xF0, 0x38, 0x03, 0xF0, 0x38, 0x03, 0xE0,
    0x3E, 0x0B, 0xC0, 0x3F, 0xFE, 0x00, 0x00, 0x00, 0x00, 0x00, 0x00, 0x00, 0x00, 0xBF, 0xFF, 0xFF,
    0xFF, 0xB8, 0x0B, 0xE0, 0x2F, 0xB0, 0x03, 0xE0, 0x0F, 0xB0, 0x03, 0xE0, 0x0F, 0x00, 0x03, 0xE0,
    0x00, 0x00, 0x03, 0xE0, 0x00, 0x00, 0x03, 0xE0, 0x00, 0x00, 0x03, 0xE0, 0x00, 0x00, 0x03, 0xE0,
    0x00, 0x00, 0x03, 0xE0, 0x00, 0x00, 0x03, 0xE0, 0x00, 0x00, 0x03, 0xE0, 0x00, 0x00, 0x03, 0xE0,
    0x00, 0x00, 0x03, 0xE0, 0x00, 0x00, 0x03, 0xE0, 0x00, 0x00, 0x03, 0xE0, 0x00, 0x00, 0x2F, 0xF8,
    0x00, 0x00, 0xBF, 0xFF, 0x00, 0x00, 0x02, 0x80, 0x00, 0x00, 0x02, 0xE0, 0x00, 0x00, 0x02, 0xFC,
    0x00, 0x00, 0x00, 0x3C, 0x00, 0x00, 0x04, 0xBC, 0x00, 0x00, 0x0F, 0xF0, 0x00, 0x00, 0x00, 0x00,
    0x00, 0x00, 0x80, 0x00, 0x03, 0xC0, 0x00, 0x03, 0xC0, 0x00, 0x0F, 0xC0, 0x00, 0x3F, 0xFF, 0xC0,
    0x0B, 0xC0, 0x00, 0x0B, 0xC0, 0x00, 0x0B, 0xC0, 0x00, 0x0B, 0xC0, 0x00, 0x0B, 0xC0, 0x00, 0x0B,
    0xC0, 0x00, 0x0B, 0xC0, 0x00, 0x0B, 0xC0, 0x00, 0x0B, 0xC0, 0x00, 0x0B, 0xE0, 0x00, 0x0B, 0xFA,
    0x80, 0x03, 0xFF, 0x80, 0x00, 0xE0, 0x00, 0x00, 0xB8, 0x00, 0x00, 0xBF, 0x00, 0x00, 0x0F, 0x00,
    0x01, 0x2F, 0x00, 0x03, 0xF8, 0x00, 0x00, 0x00, 0x00, 0x00, 0x00, 0x00, 0x00, 0x00, 0xF0, 0x0B,
    0x00, 0x00, 0xBC, 0x2E, 0x00, 0x00, 0x2F, 0xFC, 0x00, 0x00, 0x0F, 0xF0, 0x00, 0x00, 0x03, 0xD0,
    0x00, 0x00, 0x00, 0x00, 0x00, 0x00, 0x00, 0x00, 0x00, 0xBF, 0xFF, 0xFF, 0xFF, 0xB8, 0x0B, 0xE0,
    0x2F, 0xB0, 0x03, 0xE0, 0x0F, 0xB0, 0x03, 0xE0, 0x0F, 0x00, 0x03, 0xE0, 0x00, 0x00, 0x03, 0xE0,
    0x00, 0x00, 0x03, 0xE0, 0x00, 0x00, 0x03, 0xE0, 0x00, 0x00, 0x03, 0xE0, 0x00, 0x00, 0x03, 0xE0,
    0x00, 0x00, 0x03, 0xE0, 0x00, 0x00, 0x03, 0xE0, 0x00, 0x00, 0x03, 0xE0, 0x00, 0x00, 0x03, 0xE0,
    0x00, 0x00, 0x03, 0xE0, 0x00, 0x00, 0x03, 0xE0, 0x00, 0x00, 0x2F, 0xF8, 0x00, 0x00, 0xBF, 0xFF,
    0x00, 0x00, 0x00, 0x00, 0x00, 0x0B, 0xC0, 0x00, 0x0B, 0x80, 0x00, 0x0F, 0x80, 0x00, 0x8F, 0x00,
    0x03, 0xCF, 0x00, 0x03, 0xCE, 0x00, 0x0F, 0xC0, 0x00, 0x3F, 0xFF, 0xC0, 0x0B, 0xC0, 0x00, 0x0B,
    0xC0, 0x00, 0x0B, 0xC0, 0x00, 0x0B, 0xC0, 0x00, 0x0B, 0xC0, 0x00, 0x0B, 0xC0, 0x00, 0x0B, 0xC0,
    0x00, 0x0B, 0xC0, 0x00, 0x0B, 0xC0, 0x00, 0x0B, 0xE0, 0x00, 0x0B, 0xFA, 0x80, 0x03, 0xFF, 0x80,
    0x00, 0x00, 0x00, 0x00, 0x00, 0x00, 0x00, 0x00, 0x00, 0x2F, 0xFF, 0xF8, 0x00, 0x00, 0x2F, 0xFF,
    0xF4, 0x00, 0x00, 0x00, 0x00, 0x00, 0x00, 0x00, 0x00, 0x00, 0x00, 0x00, 0x00, 0x00, 0x00, 0x00,
    0x00, 0x3F, 0xFF, 0x00, 0xBF, 0xF8, 0x0B, 0xF0, 0x00, 0x0B, 0x80, 0x03, 0xE0, 0x00, 0x03, 0x80,
    0x03, 0xE0, 0x00, 0x03, 0x80, 0x03, 0xE0, 0x00, 0x03, 0x80, 0x03, 0xE0, 0x00, 0x03, 0x80, 0x03,
    0xE0, 0x00, 0x03, 0x80, 0x03, 0xE0, 0x00, 0x03, 0x80, 0x03, 0xE0, 0x00, 0x03, 0x80, 0x03, 0xE0,
    0x00, 0x03, 0x80, 0x03, 0xE0, 0x00, 0x03, 0x80, 0x03, 0xE0, 0x00, 0x07, 0x80, 0x03, 0xF0, 0x00,
    0x0B, 0x40, 0x03, 0xF0, 0x00, 0x0B, 0x00, 0x03, 0xF4, 0x00, 0x0F, 0x00, 0x02, 0xFC, 0x00, 0x3E,
    0x00, 0x00, 0xFF, 0xEB, 0xFC, 0x00, 0x00, 0x2F, 0xFF, 0xE0, 0x00, 0x00, 0x00, 0x00, 0x00, 0x00,
    0x02, 0xFF, 0xFF, 0x00, 0x03, 0xFF, 0xFF, 0x00, 0x00, 0x00, 0x00, 0x00, 0x00, 0x00, 0x00, 0x00,
    0x02, 0x80, 0x02, 0x80, 0x3F, 0xC0, 0x3F, 0xC0, 0x2F, 0xC0, 0x2F, 0xC0, 0x0B, 0xC0, 0x0B, 0xC0,
    0x0B, 0xC0, 0x0B, 0xC0, 0x0B, 0xC0, 0x0B, 0xC0, 0x0B, 0xC0, 0x0B, 0xC0, 0x0B, 0xC0, 0x0B, 0xC0,
    0x0B, 0xC0, 0x0B, 0xC0, 0x0B, 0xC0, 0x0B, 0xC0, 0x0B, 0xC0, 0x0B, 0xC0, 0x0B, 0xE0, 0x0F, 0xC0,
    0x03, 0xFF, 0xFF, 0xE0, 0x00, 0xFF, 0x8B, 0xFC, 0x00, 0x00, 0x00, 0x00, 0x00, 0x00, 0xB9, 0x00,
    0x00, 0x00, 0x02, 0xFF, 0x80, 0x00, 0x00, 0x03, 0x82, 0xC0, 0x00, 0x00, 0x07, 0x01, 0xC0, 0x00,
    0x00, 0x03, 0x82, 0xC0, 0x00, 0x00, 0x02, 0xFF, 0x80, 0x00, 0x00, 0x00, 0xA9, 0x00, 0x00, 0x00,
    0x00, 0x00, 0x00, 0x00, 0x00, 0x00, 0x00, 0x00, 0x00, 0x3F, 0xFF, 0x00, 0xBF, 0xF8, 0x0B, 0xF0,
    0x00, 0x0B, 0x80, 0x03, 0xE0, 0x00, 0x03, 0x80, 0x03, 0xE0, 0x00, 0x03, 0x80, 0x03, 0xE0, 0x00,
    0x03, 0x80, 0x03, 0xE0, 0x00, 0x03, 0x80, 0x03, 0xE0, 0x00, 0x03, 0x80, 0x03, 0xE0, 0x00, 0x03,
    0x80, 0x03, 0xE0, 0x00, 0x03, 0x80, 0x03, 0xE0, 0x00, 0x03, 0x80, 0x03, 0xE0, 0x00, 0x03, 0x80,
    0x03, 0xE0, 0x00, 0x07, 0x80, 0x03, 0xF0, 0x00, 0x0B, 0x40, 0x03, 0xF0, 0x00, 0x0B, 0x00, 0x03,
    0xF4, 0x00, 0x0F, 0x00, 0x02, 0xFC, 0x00, 0x3E, 0x00, 0x00, 0xFF, 0xEB, 0xFC, 0x00, 0x00, 0x2F,
    0xFF, 0xE0, 0x00, 0x00, 0x00, 0x00, 0x00, 0x00, 0x00, 0x02, 0x40, 0x00, 0x00, 0x2F, 0xF0, 0x00,
    0x00, 0x78, 0x38, 0x00, 0x00, 0xB0, 0x2C, 0x00, 0x00, 0xB0, 0x3C, 0x00, 0x00, 0x3E, 0xB8, 0x00,
    0x00, 0x0F, 0xE0, 0x00, 0x00, 0x00, 0x00, 0x00, 0x02, 0x80, 0x02, 0x80, 0x3F, 0xC0, 0x3F, 0xC0,
    0x2F, 0xC0, 0x2F, 0xC0, 0x0B, 0xC0, 0x0B, 0xC0, 0x0B, 0xC0, 0x0B, 0xC0, 0x0B, 0xC0, 0x0B, 0xC0,
    0x0B, 0xC0, 0x0B, 0xC0, 0x0B, 0xC0, 0x0B, 0xC0, 0x0B, 0xC0, 0x0B, 0xC0, 0x0B, 0xC0, 0x0B, 0xC0,
    0x0B, 0xC0, 0x0B, 0xC0, 0x0B, 0xE0, 0x0F, 0xC0, 0x03, 0xFF, 0xFF, 0xE0, 0x00, 0xFF, 0x8B, 0xFC,
    0x00, 0x00, 0x00, 0x00, 0x00, 0x00, 0x00, 0x00, 0x00, 0x00, 0x00, 0x7D, 0x0F, 0x80, 0x00, 0x00,
    0xFD, 0x3F, 0x80, 0x00, 0x03, 0xF4, 0xFE, 0x00, 0x00, 0x0F, 0x82, 0xF0, 0x00, 0x00, 0x2C, 0x07,
    0x80, 0x00, 0x00, 0x00, 0x00, 0x00, 0x00, 0x00, 0x00, 0x00, 0x00, 0x00, 0x3F, 0xFF, 0x00, 0xBF,
    0xF8, 0x0B, 0xF0, 0x00, 0x0B, 0x80, 0x03, 0xE0, 0x00, 0x03, 0x80, 0x03, 0xE0, 0x00, 0x03, 0x80,
    0x03, 0xE0, 0x00, 0x03, 0x80, 0x03, 0xE0, 0x00, 0x03, 0x80, 0x03, 0xE0, 0x00, 0x03, 0x80, 0x03,
    0xE0, 0x00, 0x03, 0x80, 0x03, 0xE0, 0x00, 0x03, 0x80, 0x03, 0xE0, 0x00, 0x03, 0x80, 0x03, 0xE0,
    0x00, 0x03, 0x80, 0x03, 0xE0, 0x00, 0x07, 0x80, 0x03, 0xF0, 0x00, 0x0B, 0x40, 0x03, 0xF0, 0x00,
    0x0B, 0x00, 0x03, 0xF4, 0x00, 0x0F, 0x00, 0x02, 0xFC, 0x00, 0x3E, 0x00, 0x00, 0xFF, 0xEB, 0xFC,
    0x00, 0x00, 0x2F, 0xFF, 0xE0, 0x00, 0x00, 0x00, 0x00, 0x00, 0x00, 0x00, 0x00, 0x00, 0x00, 0x00,
    0x07, 0xC0, 0xF0, 0x00, 0x0F, 0xC3, 0xF8, 0x00, 0x3F, 0x8F, 0xE0, 0x00, 0xFC, 0x2F, 0x40, 0x03,
    0xE0, 0xB8, 0x00, 0x00, 0x00, 0x00, 0x00, 0x02, 0x80, 0x02, 0x80, 0x3F, 0xC0, 0x3F, 0xC0, 0x2F,
    0xC0, 0x2F, 0xC0, 0x0B, 0xC0, 0x0B, 0xC0, 0x0B, 0xC0, 0x0B, 0xC0, 0x0B, 0xC0, 0x0B, 0xC0, 0x0B,
    0xC0, 0x0B, 0xC0, 0x0B, 0xC0, 0x0B, 0xC0, 0x0B, 0xC0, 0x0B, 0xC0, 0x0B, 0xC0, 0x0B, 0xC0, 0x0B,
    0xC0, 0x0B, 0xC0, 0x0B, 0xE0, 0x0F, 0xC0, 0x03, 0xFF, 0xFF, 0xE0, 0x00, 0xFF, 0x8B, 0xFC, 0x00,
    0x00, 0x00, 0x00, 0x00, 0x00, 0x00, 0x00, 0x00, 0x3F, 0xFF, 0x00, 0xBF, 0xF8, 0x0B, 0xF0, 0x00,
    0x0B, 0x80, 0x03, 0xE0, 0x00, 0x03, 0x80, 0x03, 0xE0, 0x00, 0x03, 0x80, 0x03, 0xE0, 0x00, 0x03,
    0x80, 0x03, 0xE0, 0x00, 0x03, 0x80, 0x03, 0xE0, 0x00, 0x03, 0x80, 0x03, 0xE0, 0x00, 0x03, 0x80,
    0x03, 0xE0, 0x00, 0x03, 0x80, 0x03, 0xE0, 0x00, 0x03, 0x80, 0x03, 0xE0, 0x00, 0x03, 0x80, 0x03,
    0xE0, 0x00, 0x07, 0x80, 0x03, 0xF0, 0x00, 0x0B, 0x40, 0x03, 0xF0, 0x00, 0x0B, 0x00, 0x03, 0xF4,
    0x00, 0x0F, 0x00, 0x02, 0xFC, 0x00, 0x3E, 0x00, 0x00, 0xFF, 0xEB, 0xFC, 0x00, 0x00, 0x2F, 0xFF,
    0xE0, 0x00, 0x00, 0x00, 0x7C, 0x00, 0x00, 0x00, 0x00, 0xB0, 0x00, 0x00, 0x00, 0x00, 0xF0, 0x00,
    0x00, 0x00, 0x00, 0xFA, 0xC0, 0x00, 0x00, 0x00, 0x3F, 0x80, 0x00, 0x00, 0x00, 0x00, 0x00, 0x00,
    0x02, 0x80, 0x02, 0x80, 0x3F, 0xC0, 0x3F, 0xC0, 0x2F, 0xC0, 0x2F, 0xC0, 0x0B, 0xC0, 0x0B, 0xC0,
    0x0B, 0xC0, 0x0B, 0xC0, 0x0B, 0xC0, 0x0B, 0xC0, 0x0B, 0xC0, 0x0B, 0xC0, 0x0B, 0xC0, 0x0B, 0xC0,
    0x0B, 0xC0, 0x0B, 0xC0, 0x0B, 0xC0, 0x0B, 0xC0, 0x0B, 0xC0, 0x0B, 0xC0, 0x0B, 0xF0, 0x0F, 0xC0,
    0x03, 0xFF, 0xFF, 0xE0, 0x00, 0xFF, 0x8B, 0xFC, 0x00, 0x00, 0x1D, 0x00, 0x00, 0x00, 0x38, 0x00,
    0x00, 0x00, 0x38, 0x00, 0x00, 0x00, 0x3E, 0x90, 0x00, 0x00, 0x2F, 0xD0, 0x00, 0x00, 0x00, 0x00,
    0x00, 0x00, 0x00, 0x00, 0x00, 0x00, 0xBC, 0x0F, 0x80, 0x00, 0x00, 0xFC, 0x0F, 0x80, 0x00, 0x00,
    0x38, 0x0B, 0x00, 0x00, 0x00, 0x00, 0x00, 0x00, 0x00, 0x00, 0x00, 0x00, 0x00, 0x00, 0x00, 0x00,
    0x00, 0x00, 0x00, 0xFF, 0xF8, 0x03, 0xFF, 0x80, 0x0F, 0xC0, 0x00, 0x3C, 0x00, 0x0B, 0xE0, 0x00,
    0xB8, 0x00, 0x03, 0xF0, 0x00, 0xF0, 0x00, 0x02, 0xF8, 0x03, 0xC0, 0x00, 0x00, 0xFC, 0x0B, 0x80,
    0x00, 0x00, 0x7F, 0x0F, 0x00, 0x00, 0x00, 0x3F, 0x2E, 0x00, 0x00, 0x00, 0x0F, 0xFC, 0x00, 0x00,
    0x00, 0x0B, 0xF0, 0x00, 0x00, 0x00, 0x03, 0xF0, 0x00, 0x00, 0x00, 0x03, 0xF0, 0x00, 0x00, 0x00,
    0x03, 0xF0, 0x00, 0x00, 0x00, 0x03, 0xF0, 0x00, 0x00, 0x00, 0x03, 0xF0, 0x00, 0x00, 0x00, 0x03,
    0xF0, 0x00, 0x00, 0x00, 0x2B, 0xFA, 0x00, 0x00, 0x00, 0x3F, 0xFF, 0x00, 0x00, 0x00, 0x00, 0x00,
    0x00, 0x00, 0x00, 0x3F, 0x00, 0x00, 0x00, 0xBF, 0x00, 0x00, 0x02, 0xFC, 0x00, 0x00, 0x0B, 0xD0,
    0x00, 0x00, 0x0E, 0x00, 0x00, 0x00, 0x00, 0x00, 0x00, 0x00, 0x00, 0x00, 0x00, 0x2F, 0xFF, 0xFF,
    0xF8, 0x2F, 0x00, 0x0B, 0xF0, 0x2E, 0x00, 0x0F, 0xE0, 0x2D, 0x00, 0x2F, 0xC0, 0x00, 0x00, 0x3F,
    0x00, 0x00, 0x00, 0xFE, 0x00, 0x00, 0x02, 0xFC, 0x00, 0x00, 0x03, 0xF0, 0x00, 0x00, 0x0F, 0xE0,
    0x00, 0x00, 0x2F, 0xC0, 0x00, 0x00, 0x3F, 0x00, 0x00, 0x00, 0xFE, 0x00, 0x00, 0x01, 0xFC, 0x00,
    0x00, 0x03, 0xF4, 0x00, 0x38, 0x0B, 0xE0, 0x00, 0xB8, 0x0F, 0xC0, 0x00, 0xB8, 0x3F, 0xEA, 0xAA,
    0xF8, 0x3F, 0xFF, 0xFF, 0xF8, 0x00, 0x00, 0x00, 0x00, 0x00, 0xF0, 0x00, 0x03, 0xF0, 0x00, 0x0F,
    0xE0, 0x00, 0x3F, 0x00, 0x00, 0xF8, 0x00, 0x00, 0x00, 0x00, 0x00, 0x00, 0x00, 0x3F, 0xFF, 0xFC,
    0x3C, 0x02, 0xFC, 0x3C, 0x03, 0xF0, 0x28, 0x0F, 0xE0, 0x00, 0x2F, 0xC0, 0x00, 0x3F, 0x00, 0x00,
    0xFE, 0x00, 0x02, 0xFC, 0x00, 0x03, 0xF0, 0x00, 0x0F, 0xD0, 0x0E, 0x2F, 0x80, 0x0E, 0x3F, 0xAA,
    0xBE, 0x3F, 0xFF, 0xFE, 0x00, 0x00, 0x00, 0x00, 0x00, 0x03, 0xE0, 0x00, 0x00, 0x0B, 0xE0, 0x00,
    0x00, 0x03, 0xC0, 0x00, 0x00, 0x00, 0x00, 0x00, 0x00, 0x00, 0x00, 0x00, 0x00, 0x00, 0x00, 0x00,
    0x2F, 0xFF, 0xFF, 0xF8, 0x2F, 0x00, 0x0B, 0xF0, 0x2E, 0x00, 0x0F, 0xE0, 0x2D, 0x00, 0x2F, 0xC0,
    0x00, 0x00, 0x3F, 0x00, 0x00, 0x00, 0xFE, 0x00, 0x00, 0x02, 0xFC, 0x00, 0x00, 0x03, 0xF0, 0x00,
    0x00, 0x0F, 0xE0, 0x00, 0x00, 0x2F, 0xC0, 0x00, 0x00, 0x3F, 0x00, 0x00, 0x00, 0xFE, 0x00, 0x00,
    0x01, 0xFC, 0x00, 0x00, 0x03, 0xF4, 0x00, 0x38, 0x0B, 0xE0, 0x00, 0xB8, 0x0F, 0xC0, 0x00, 0xB8,
    0x3F, 0xEA, 0xAA, 0xF8, 0x3F, 0xFF, 0xFF, 0xF8, 0x00, 0x00, 0x00, 0x00, 0x3E, 0x00, 0x00, 0x3F,
    0x00, 0x00, 0x3E, 0x00, 0x00, 0x00, 0x00, 0x00, 0x00, 0x00, 0x00, 0x00, 0x00, 0x3F, 0xFF, 0xFC,
    0x3C, 0x02, 0xFC, 0x3C, 0x03, 0xF0, 0x28, 0x0F, 0xE0, 0x00, 0x2F, 0xC0, 0x00, 0x3F, 0x00, 0x00,
    0xFE, 0x00, 0x02, 0xFC, 0x00, 0x03, 0xF0, 0x00, 0x0F, 0xD0, 0x0E, 0x2F, 0x80, 0x0E, 0x3F, 0xAA,
    0xBE, 0x3F, 0xFF, 0xFE, 0x00, 0x00, 0x00, 0x00, 0x00, 0xF0, 0x0B, 0x00, 0x00, 0xBC, 0x3E, 0x00,
    0x00, 0x3F, 0xFC, 0x00, 0x00, 0x0F, 0xF0, 0x00, 0x00, 0x03, 0xC0, 0x00, 0x00, 0x00, 0x00, 0x00,
    0x00, 0x00, 0x00, 0x00, 0x2F, 0xFF, 0xFF, 0xF8, 0x2F, 0x00, 0x0B, 0xF0, 0x2E, 0x00, 0x0F, 0xE0,
    0x2D, 0x00, 0x2F, 0xC0, 0x00, 0x00, 0x3F, 0x00, 0x00, 0x00, 0xFE, 0x00, 0x00, 0x02, 0xFC, 0x00,
    0x00, 0x03, 0xF0, 0x00, 0x00, 0x0F, 0xE0, 0x00, 0x00, 0x2F, 0xC0, 0x00, 0x00, 0x3F, 0x00, 0x00,
    0x00, 0xFE, 0x00, 0x00, 0x01, 0xFC, 0x00, 0x00, 0x03, 0xF4, 0x00, 0x38, 0x0B, 0xE0, 0x00, 0xB8,
    0x0F, 0xC0, 0x00, 0xB8, 0x3F, 0xEA, 0xAA, 0xF8, 0x3F, 0xFF, 0xFF, 0xF8, 0x0A, 0x00, 0x28, 0x07,
    0xC0, 0xF0, 0x02, 0xF7, 0xD0, 0x00, 0xFF, 0x80, 0x00, 0x3F, 0x00, 0x00, 0x00, 0x00, 0x00, 0x00,
    0x00, 0x3F, 0xFF, 0xFC, 0x3C, 0x02, 0xFC, 0x3C, 0x03, 0xF0, 0x28, 0x0F, 0xE0, 0x00, 0x2F, 0xC0,
    0x00, 0x3F, 0x00, 0x00, 0xFE, 0x00, 0x02, 0xFC, 0x00, 0x03, 0xF0, 0x00, 0x0F, 0xD0, 0x0E, 0x2F,
    0x80, 0x0E, 0x3F, 0xAA, 0xBE, 0x3F, 0xFF, 0xFE, 0x00, 0x00, 0x3C, 0x00, 0x3F, 0x00, 0x2F, 0xC0,
    0x03, 0xF0, 0x00, 0xBC, 0x00, 0x00, 0x00, 0x00, 0x00, 0xF4, 0x03, 0xF8, 0x0F, 0xF0, 0x2F, 0x80,
    0xB8, 0x00, 0x00, 0x00, 0x02, 0xA0, 0x00, 0x03, 0xF8, 0x00, 0x0F, 0xFD, 0x00, 0x3E, 0x0F, 0x00,
    0xB8, 0x03, 0xC0, 0x00, 0x00, 0x00, 0x00, 0x00, 0x00, 0x0B, 0xE0, 0x30, 0x2F, 0xFF, 0xF0, 0x38,
    0x2F, 0xC0, 0x00, 0x00, 0x00, 0xBF, 0xFF, 0xC0, 0xFF, 0xFF, 0xC0, 0x00, 0x00, 0x00, 0x00, 0x00,
    0x00, 0x70, 0x02, 0x80, 0x3C, 0x0B, 0x80, 0x2F, 0xFF, 0x00, 0x0B, 0xF8, 0x00, 0x00, 0x00, 0x00,
    0x00, 0xBC, 0xFC, 0xBC, 0x00, 0x00, 0x00, 0x00, 0x3C, 0x0B, 0x80, 0xBD, 0x0F, 0xC0, 0x3C, 0x0F,
    0x80, 0x00, 0x00, 0x00, 0x02, 0x80, 0x2F, 0xF0, 0x78, 0x38, 0xB0, 0x2C, 0xB0, 0x3C, 0x3E, 0xB8,
    0x0F, 0xE0, 0x00, 0x00, 0x00, 0x00, 0x00, 0x00, 0x00, 0x7C, 0x0F, 0x00, 0x00, 0xFC, 0x3F, 0x80,
    0x03, 0xF8, 0xFE, 0x00, 0x0F, 0xC2, 0xF4, 0x00, 0x3E, 0x0B, 0x80, 0x00, 0x00, 0x00, 0x00, 0x00,
    0xA0, 0x02, 0x80, 0x3C, 0x0F, 0x80, 0x1F, 0x7E, 0x00, 0x0B, 0xFC, 0x00, 0x03, 0xF0, 0x00, 0x00,
    0x00, 0x00, 0x08, 0x00, 0x3F, 0x00, 0x3F, 0x40, 0x03, 0x00, 0x0F, 0x00, 0x38, 0x00, 0x00, 0x00,
    0x0C, 0x00, 0x0C, 0x00, 0x0F, 0x80, 0x0F, 0xE0, 0x00, 0xF0, 0x02, 0xE0, 0x3F, 0x80, 0x00, 0x00,
    0x00, 0x00, 0x3C, 0x00, 0xB0, 0x00, 0xF0, 0x00, 0xFE, 0xC0, 0x3F, 0x80, 0x00, 0x00, 0x00, 0x00,
    0x00, 0x00, 0x00, 0xFC, 0x00, 0x00, 0x00, 0xFE, 0x00, 0x00, 0x00, 0x3F, 0x80, 0x00, 0x00, 0x0B,
    0xD0, 0x00, 0x00, 0x00, 0xB0, 0x00, 0x00, 0x00, 0x00, 0x00, 0x00, 0x00, 0x00, 0x00, 0x3F, 0xFF,
    0xFF, 0xF0, 0x07, 0xE0, 0x00, 0xF0, 0x03, 0xE0, 0x00, 0xF0, 0x03, 0xE0, 0x00, 0xB0, 0x03, 0xE0,
    0x00, 0x00, 0x03, 0xE0, 0x0A, 0x00, 0x03, 0xE0, 0x0F, 0x00, 0x03, 0xF0, 0x1F, 0x00, 0x03, 0xFF,
    0xFF, 0x00, 0x03, 0xE0, 0x0F, 0x00, 0x03, 0xE0, 0x0F, 0x00, 0x03, 0xE0, 0x06, 0x00, 0x03, 0xE0,
    0x00, 0x00, 0x03, 0xE0, 0x00, 0x28, 0x03, 0xE0, 0x00, 0x3C, 0x03, 0xE0, 0x00, 0x3C, 0x2B, 0xFA,
    0xAA, 0xBC, 0x3F, 0xFF, 0xFF, 0xFC, 0x00, 0x00, 0x00, 0x00, 0x00, 0xF4, 0x2F, 0x00, 0x02, 0xF8,
    0x3F, 0x00, 0x00, 0xB0, 0x0E, 0x00, 0x00, 0x00, 0x00, 0x00, 0x00, 0x00, 0x00, 0x00, 0x00, 0x00,
    0x00, 0x00, 0x3F, 0xFF, 0xFF, 0xF0, 0x07, 0xE0, 0x00, 0xF0, 0x03, 0xE0, 0x00, 0xF0, 0x03, 0xE0,
    0x00, 0xB0, 0x03, 0xE0, 0x00, 0x00, 0x03, 0xE0, 0x0A, 0x00, 0x03, 0xE0, 0x0F, 0x00, 0x03, 0xF0,
    0x1F, 0x00, 0x03, 0xFF, 0xFF, 0x00, 0x03, 0xE0, 0x0F, 0x00, 0x03, 0xE0, 0x0F, 0x00, 0x03, 0xE0,
    0x06, 0x00, 0x03, 0xE0, 0x00, 0x00, 0x03, 0xE0, 0x00, 0x28, 0x03, 0xE0, 0x00, 0x3C, 0x03, 0xE0,
    0x00, 0x3C, 0x2B, 0xFA, 0xAA, 0xBC, 0x3F, 0xFF, 0xFF, 0xFC, 0x00, 0x00, 0x00, 0x00, 0x00, 0xBF,
    0xFF, 0xFF, 0xC0, 0x00, 0xB8, 0x3F, 0x03, 0xC0, 0x00, 0xB0, 0x3F, 0x03, 0xC0, 0x00, 0xB0, 0x3F,
    0x02, 0xC0, 0x00, 0x00, 0x3F, 0x00, 0x00, 0x00, 0x00, 0x3F, 0x00, 0x40, 0x00, 0x00, 0x3F, 0x2F,
    0xFE, 0x00, 0x00, 0x3F, 0xFF, 0xFF, 0xC0, 0x00, 0x3F, 0xE0, 0x2F, 0xE0, 0x00, 0x3F, 0x00, 0x03,
    0xF0, 0x00, 0x3F, 0x00, 0x02, 0xF0, 0x00, 0x3F, 0x00, 0x02, 0xF8, 0x00, 0x3F, 0x00, 0x02, 0xF8,
    0x00, 0x3F, 0x00, 0x02, 0xF0, 0x00, 0x3F, 0x00, 0x02, 0xF0, 0x00, 0x3F, 0x00, 0x03, 0xF0, 0x00,
    0xBF, 0xA0, 0x2F, 0xC0, 0x02, 0xFF, 0xF0, 0xBE, 0x00, 0x00, 0x00, 0x00, 0x00, 0x00, 0x00, 0x00,
    0x00, 0x00, 0x00, 0x00, 0xBC, 0x00, 0x00, 0x02, 0xFC, 0x00, 0x00, 0x0B, 0xF0, 0x00, 0x00, 0x0F,
    0x80, 0x00, 0x00, 0x38, 0x00, 0x00, 0x00, 0x00, 0x00, 0x00, 0x00, 0x00, 0x00, 0x00, 0x3F, 0xFF,
    0xFF, 0xE0, 0x07, 0xF0, 0x02, 0xE0, 0x03, 0xE0, 0x00, 0xE0, 0x03, 0xE0, 0x00, 0xE0, 0x03, 0xE0,
    0x00, 0xA0, 0x03, 0xE0, 0x00, 0x00, 0x03, 0xE0, 0x00, 0x00, 0x03, 0xE0, 0x00, 0x00, 0x03, 0xE0,
    0x00, 0x00, 0x03, 0xE0, 0x00, 0x00, 0x03, 0xE0, 0x00, 0x00, 0x03, 0xE0, 0x00, 0x00, 0x03, 0xE0,
    0x00, 0x00, 0x03, 0xE0, 0x00, 0x00, 0x03, 0xE0, 0x00, 0x00, 0x03, 0xE0, 0x00, 0x00, 0x2B, 0xF8,
    0x00, 0x00, 0x3F, 0xFE, 0x00, 0x00, 0x00, 0x01, 0xAE, 0xA0, 0x00, 0x2F, 0xFF, 0xFF, 0x00, 0xFE,
    0x00, 0x2F, 0x03, 0xF0, 0x00, 0x0F, 0x0B, 0xD0, 0x00, 0x0F, 0x0F, 0xC0, 0x00, 0x05, 0x2F, 0x40,
    0x00, 0x00, 0x3F, 0x00, 0x00, 0x00, 0x3F, 0x00, 0x00, 0x00, 0x3F, 0xFF, 0xFE, 0x00, 0x3F, 0x40,
    0x00, 0x00, 0x3F, 0x00, 0x00, 0x00, 0x2F, 0x00, 0x00, 0x00, 0x0F, 0x80, 0x00, 0x00, 0x0F, 0xC0,
    0x00, 0x0F, 0x03, 0xF0, 0x00, 0x0F, 0x02, 0xFC, 0x00, 0x0F, 0x00, 0xBF, 0x90, 0xBF, 0x00, 0x0B,
    0xFF, 0xFE, 0x00, 0x00, 0x00, 0x00, 0x00, 0x2B, 0xA8, 0x00, 0x02, 0xFF, 0xFF, 0x80, 0x0B, 0xE0,
    0x0F, 0x80, 0x0F, 0x80, 0x0B, 0x80, 0x2F, 0x40, 0x07, 0x80, 0x2F, 0x40, 0x02, 0x00, 0x2F, 0xC0,
    0x00, 0x00, 0x0F, 0xF0, 0x00, 0x00, 0x0B, 0xFF, 0x40, 0x00, 0x02, 0xFF, 0xF4, 0x00, 0x00, 0x2F,
    0xFE, 0x00, 0x00, 0x02, 0xFF, 0x80, 0x00, 0x00, 0x3F, 0xC0, 0x28, 0x00, 0x0F, 0xC0, 0x3C, 0x00,
    0x0F, 0xC0, 0x3C, 0x00, 0x0F, 0xC0, 0x3D, 0x00, 0x2F, 0x40, 0x3F, 0xA6, 0xFE, 0x00, 0x2F, 0xFF,
    0xF0, 0x00, 0x00, 0x00, 0x00, 0x00, 0x00, 0x00, 0x00, 0x3F, 0xFF, 0x00, 0x03, 0xF0, 0x00, 0x03,
    0xF0, 0x00, 0x03, 0xF0, 0x00, 0x03, 0xF0, 0x00, 0x03, 0xF0, 0x00, 0x03, 0xF0, 0x00, 0x03, 0xF0,
    0x00, 0x03, 0xF0, 0x00, 0x03, 0xF0, 0x00, 0x03, 0xF0, 0x00, 0x03, 0xF0, 0x00, 0x03, 0xF0, 0x00,
    0x03, 0xF0, 0x00, 0x03, 0xF0, 0x00, 0x03, 0xF0, 0x00, 0x2B, 0xFA, 0x00, 0x3F, 0xFF, 0x00, 0x00,
    0x00, 0x00, 0xBC, 0x0F, 0x80, 0xFC, 0x0F, 0x80, 0x38, 0x0B, 0x00, 0x00, 0x00, 0x00, 0x00, 0x00,
    0x00, 0x00, 0x00, 0x00, 0x3F, 0xFF, 0x00, 0x03, 0xF0, 0x00, 0x03, 0xF0, 0x00, 0x03, 0xF0, 0x00,
    0x03, 0xF0, 0x00, 0x03, 0xF0, 0x00, 0x03, 0xF0, 0x00, 0x03, 0xF0, 0x00, 0x03, 0xF0, 0x00, 0x03,
    0xF0, 0x00, 0x03, 0xF0, 0x00, 0x03, 0xF0, 0x00, 0x03, 0xF0, 0x00, 0x03, 0xF0, 0x00, 0x03, 0xF0,
    0x00, 0x03, 0xF0, 0x00, 0x2B, 0xFA, 0x00, 0x3F, 0xFF, 0x00, 0x00, 0x00, 0x00, 0x00, 0x00, 0x3F,
    0xFF, 0x80, 0x00, 0x02, 0xF8, 0x00, 0x00, 0x02, 0xF0, 0x00, 0x00, 0x02, 0xF0, 0x00, 0x00, 0x02,
    0xF0, 0x00, 0x00, 0x02, 0xF0, 0x00, 0x00, 0x02, 0xF0, 0x00, 0x00, 0x02, 0xF0, 0x00, 0x00, 0x02,
    0xF0, 0x00, 0x00, 0x02, 0xF0, 0x00, 0x00, 0x02, 0xF0, 0x00, 0x00, 0x02, 0xF0, 0x00, 0x00, 0x02,
    0xF0, 0x00, 0xB8, 0x03, 0xF0, 0x00, 0xB8, 0x03, 0xF0, 0x00, 0xBC, 0x0B, 0xE0, 0x00, 0xBE, 0x2F,
    0xC0, 0x00, 0x3F, 0xFE, 0x00, 0x00, 0x00, 0x00, 0x00, 0x00, 0x00, 0x00, 0x00, 0x00, 0x00, 0x00,
    0x00, 0x00, 0xBF, 0xFF, 0xFF, 0xF0, 0x00, 0x00, 0x00, 0x0B, 0x80, 0x3F, 0x00, 0x00, 0x00, 0x00,
    0x03, 0x80, 0x3F, 0x00, 0x00, 0x00, 0x00, 0x07, 0x40, 0x3F, 0x00, 0x00, 0x00, 0x00, 0x07, 0x40,
    0x3F, 0x00, 0x00, 0x00, 0x00, 0x0B, 0x00, 0x3F, 0x00, 0x00, 0x00, 0x00, 0x0B, 0x00, 0x3F, 0xA9,
    0x00, 0x00, 0x00, 0x0B, 0x00, 0x3F, 0xFF, 0xF0, 0x00, 0x00, 0x0B, 0x00, 0x3F, 0x02, 0xFC, 0x00,
    0x00, 0x0B, 0x00, 0x3F, 0x00, 0xBF, 0x00, 0x00, 0x0F, 0x00, 0x3F, 0x00, 0x3F, 0x00, 0x00, 0x0F,
    0x00, 0x3F, 0x00, 0x3F, 0x80, 0x00, 0x0E, 0x00, 0x3F, 0x00, 0x2F, 0x80, 0x00, 0x2E, 0x00, 0x3F,
    0x00, 0x3F, 0x80, 0x00, 0x3C, 0x00, 0x3F, 0x00, 0x3F, 0x00, 0xB8, 0xB8, 0x00, 0x3F, 0x00, 0xFF,
    0x00, 0xFF, 0xF0, 0x02, 0xBF, 0xAB, 0xFC, 0x00, 0xBF, 0xC0, 0x03, 0xFF, 0xFF, 0x80, 0x00, 0x00,
    0x00, 0x00, 0x00, 0x00, 0x00, 0x00, 0x00, 0x00, 0x00, 0x00, 0x00, 0x00, 0x00, 0x3F, 0xFF, 0x0B,
    0xFF, 0xE0, 0x00, 0x00, 0x07, 0xF0, 0x00, 0xBE, 0x00, 0x00, 0x00, 0x03, 0xE0, 0x00, 0xBC, 0x00,
    0x00, 0x00, 0x03, 0xE0, 0x00, 0xBC, 0x00, 0x00, 0x00, 0x03, 0xE0, 0x00, 0xBC, 0x00, 0x00, 0x00,
    0x03, 0xE0, 0x00, 0xBC, 0x00, 0x00, 0x00, 0x03, 0xE0, 0x00, 0xBE, 0x00, 0x00, 0x00, 0x03, 0xFA,
    0xAA, 0xFF, 0xFF, 0xC0, 0x00, 0x03, 0xFF, 0xFF, 0xFE, 0x07, 0xF8, 0x00, 0x03, 0xE0, 0x00, 0xBC,
    0x00, 0xFD, 0x00, 0x03, 0xE0, 0x00, 0xBC, 0x00, 0x7F, 0x00, 0x03, 0xE0, 0x00, 0xBC, 0x00, 0x3F,
    0x00, 0x03, 0xE0, 0x00, 0xBC, 0x00, 0x3F, 0x00, 0x03, 0xE0, 0x00, 0xBC, 0x00, 0x3F, 0x00, 0x03,
    0xE0, 0x00, 0xBC, 0x00, 0xBF, 0x00, 0x03, 0xE0, 0x00, 0xBC, 0x01, 0xFC, 0x00, 0x2B, 0xF8, 0x02,
    0xFE, 0xAF, 0xF4, 0x00, 0x3F, 0xFF, 0x0B, 0xFF, 0xFE, 0x80, 0x00, 0x00, 0x00, 0x00, 0x00, 0x00,
    0xFF, 0xFF, 0xFF, 0xE0, 0x00, 0xF8, 0x2F, 0x82, 0xE0, 0x00, 0xF0, 0x2F, 0x40, 0xE0, 0x00, 0xF0,
    0x2F, 0x40, 0xE0, 0x00, 0x00, 0x2F, 0x40, 0x00, 0x00, 0x00, 0x2F, 0x40, 0x00, 0x00, 0x00, 0x2F,
    0x42, 0xA4, 0x00, 0x00, 0x2F, 0xBF, 0xFF, 0x00, 0x00, 0x2F, 0xFE, 0xFF, 0x80, 0x00, 0x2F, 0xC0,
    0x1F, 0xC0, 0x00, 0x2F, 0x40, 0x0F, 0xC0, 0x00, 0x2F, 0x40, 0x0F, 0xC0, 0x00, 0x2F, 0x40, 0x0F,
    0xC0, 0x00, 0x2F, 0x40, 0x0F, 0xC0, 0x00, 0x2F, 0x40, 0x0F, 0xC0, 0x00, 0x2F, 0x40, 0x0F, 0xC0,
    0x00, 0xBF, 0xE0, 0x6F, 0xE8, 0x02, 0xFF, 0xF0, 0xFF, 0xFC, 0x00, 0x00, 0x00, 0x00, 0x00, 0x00,
    0x00, 0x0F, 0xC0, 0x00, 0x00, 0x00, 0x3F, 0xC0, 0x00, 0x00, 0x00, 0xBE, 0x00, 0x00, 0x00, 0x02,
    0xF4, 0x00, 0x00, 0x00, 0x03, 0x80, 0x00, 0x00, 0x00, 0x00, 0x00, 0x00, 0x00, 0x00, 0x00, 0x00,
    0x2A, 0x00, 0x3F, 0xFF, 0x00, 0xFF, 0xC0, 0x07, 0xF0, 0x03, 0xFF, 0xC0, 0x03, 0xE0, 0x03, 0x82,
    0x00, 0x03, 0xE0, 0x0B, 0x00, 0x00, 0x03, 0xE0, 0x0F, 0x00, 0x00, 0x03, 0xE0, 0x0E, 0x00, 0x00,
    0x03, 0xE0, 0x3C, 0x00, 0x00, 0x03, 0xE0, 0xB8, 0x00, 0x00, 0x03, 0xFF, 0xF0, 0x00, 0x00, 0x03,
    0xFF, 0xE0, 0x00, 0x00, 0x03, 0xE1, 0xFC, 0x00, 0x00, 0x03, 0xE0, 0x7E, 0x00, 0x00, 0x03, 0xE0,
    0x2F, 0x80, 0x00, 0x03, 0xE0, 0x0F, 0xC0, 0x00, 0x03, 0xE0, 0x03, 0xF0, 0x00, 0x03, 0xE0, 0x02,
    0xF8, 0x00, 0x2B, 0xF8, 0x00, 0xFE, 0x80, 0x3F, 0xFF, 0x00, 0x7F, 0xC0, 0x00, 0x00, 0x00, 0x00,
    0x00, 0x00, 0x0F, 0x80, 0x00, 0x00, 0x00, 0x0F, 0xE0, 0x00, 0x00, 0x00, 0x03, 0xF0, 0x00, 0x00,
    0x00, 0x00, 0xBC, 0x00, 0x00, 0x00, 0x00, 0x0A, 0x00, 0x00, 0x00, 0x00, 0x00, 0x00, 0x00, 0x00,
    0x00, 0x00, 0x00, 0x00, 0x3F, 0xFF, 0x02, 0xFF, 0xF8, 0x07, 0xF0, 0x00, 0x2F, 0x80, 0x03, 0xE0,
    0x00, 0x2F, 0x80, 0x03, 0xE0, 0x00, 0x7F, 0x80, 0x03, 0xE0, 0x00, 0xFF, 0x80, 0x03, 0xE0, 0x03,
    0xFF, 0x80, 0x03, 0xE0, 0x0F, 0xAF, 0x80, 0x03, 0xE0, 0x2E, 0x2F, 0x80, 0x03, 0xE0, 0xBC, 0x2F,
    0x80, 0x03, 0xE0, 0xF0, 0x2F, 0x80, 0x03, 0xE3, 0xC0, 0x2F, 0x80, 0x03, 0xFF, 0x40, 0x2F, 0x80,
    0x03, 0xFE, 0x00, 0x2F, 0x80, 0x03, 0xF8, 0x00, 0x2F, 0x80, 0x03, 0xF0, 0x00, 0x2F, 0x80, 0x03,
    0xE0, 0x00, 0x2F, 0x80, 0x2B, 0xF9, 0x00, 0xBF, 0xE0, 0x3F, 0xFF, 0x02, 0xFF, 0xF8, 0x00, 0x00,
    0x80, 0x20, 0x00, 0x00, 0x03, 0xF0, 0xFC, 0x00, 0x00, 0x03, 0xC0, 0x3C, 0x00, 0x00, 0x00, 0xE0,
    0xB0, 0x00, 0x00, 0x00, 0x2F, 0x80, 0x00, 0x00, 0x00, 0x00, 0x00, 0x00, 0x00, 0x00, 0x00, 0x00,
    0x00, 0x3F, 0xFF, 0xC0, 0x3F, 0xFE, 0x02, 0xFC, 0x00, 0x03, 0xE0, 0x00, 0xFC, 0x00, 0x03, 0xC0,
    0x00, 0xBF, 0x00, 0x0B, 0x80, 0x00, 0x3F, 0x00, 0x0F, 0x00, 0x00, 0x2F, 0xC0, 0x2E, 0x00, 0x00,
    0x0F, 0xD0, 0x3C, 0x00, 0x00, 0x0B, 0xF0, 0xB8, 0x00, 0x00, 0x03, 0xF8, 0xF0, 0x00, 0x00, 0x02,
    0xFE, 0xE0, 0x00, 0x00, 0x00, 0xFF, 0xC0, 0x00, 0x00, 0x00, 0x7F, 0x80, 0x00, 0x00, 0x00, 0x3F,
    0x00, 0x00, 0x00, 0x00, 0x2F, 0x00, 0x00, 0x00, 0x00, 0x3C, 0x00, 0x00, 0x00, 0xBD, 0xB8, 0x00,
    0x00, 0x00, 0xFF, 0xF0, 0x00, 0x00, 0x00, 0xFF, 0xC0, 0x00, 0x00, 0x00, 0x00, 0x00, 0x00, 0x00,
    0x00, 0x00, 0x00, 0x00, 0x00, 0x3F, 0xFF, 0x00, 0xFF, 0xFC, 0x0B, 0xF0, 0x00, 0x0F, 0xC0, 0x03,
    0xE0, 0x00, 0x0F, 0xC0, 0x03, 0xE0, 0x00, 0x0F, 0xC0, 0x03, 0xE0, 0x00, 0x0F, 0xC0, 0x03, 0xE0,
    0x00, 0x0F, 0xC0, 0x03, 0xE0, 0x00, 0x0F, 0xC0, 0x03, 0xE0, 0x00, 0x0F, 0xC0, 0x03, 0xE0, 0x00,
    0x0F, 0xC0, 0x03, 0xE0, 0x00, 0x0F, 0xC0, 0x03, 0xE0, 0x00, 0x0F, 0xC0, 0x03, 0xE0, 0x00, 0x0F,
    0xC0, 0x03, 0xE0, 0x00, 0x0F, 0xC0, 0x03, 0xE0, 0x00, 0x0F, 0xC0, 0x03, 0xE0, 0x00, 0x0F, 0xC0,
    0x03, 0xE0, 0x00, 0x0F, 0xC0, 0x2B, 0xFA, 0xAA, 0xAF, 0xE0, 0x3F, 0xFF, 0xFF, 0xFF, 0xFC, 0x00,
    0x02, 0xFF, 0x00, 0x00, 0x00, 0x00, 0xFE, 0x00, 0x00, 0x00, 0x00, 0xBC, 0x00, 0x00, 0x00, 0x00,
    0xBC, 0x00, 0x00, 0x00, 0x00, 0x7C, 0x00, 0x00, 0x00, 0x00, 0x28, 0x00, 0x00, 0x00, 0x00, 0x3C,
    0x00, 0x00, 0x00, 0x00, 0xBE, 0x00, 0x00, 0x00, 0x00, 0xFF, 0x00, 0x00, 0x00, 0x00, 0xFF, 0x00,
    0x00, 0x00, 0x02, 0xFF, 0x80, 0x00, 0x00, 0x03, 0xCF, 0xC0, 0x00, 0x00, 0x07, 0x8B, 0xE0, 0x00,
    0x00, 0x0F, 0x03, 0xF0, 0x00, 0x00, 0x0F, 0x03, 0xF0, 0x00, 0x00, 0x2E, 0x02, 0xF8, 0x00, 0x00,
    0x3D, 0x01, 0xFC, 0x00, 0x00, 0x3F, 0xFF, 0xFC, 0x00, 0x00, 0xB8, 0x00, 0xBE, 0x00, 0x00, 0xF0,
    0x00, 0x3F, 0x00, 0x01, 0xE0, 0x00, 0x2F, 0x80, 0x02, 0xC0, 0x00, 0x0F, 0xC0, 0x03, 0xC0, 0x00,
    0x0F, 0xC0, 0x2F, 0xE0, 0x00, 0x2F, 0xF8, 0x3F, 0xF8, 0x00, 0xBF, 0xFC, 0x00, 0x00, 0x00, 0x00,
    0x3F, 0xFF, 0xFF, 0xC0, 0x07, 0xF0, 0x03, 0xC0, 0x03, 0xE0, 0x03, 0xC0, 0x03, 0xE0, 0x02, 0xC0,
    0x03, 0xE0, 0x00, 0x00, 0x03, 0xE0, 0x00, 0x00, 0x03, 0xFA, 0x80, 0x00, 0x03, 0xFF, 0xFE, 0x00,
    0x03, 0xE0, 0x1F, 0xC0, 0x03, 0xE0, 0x03, 0xF0, 0x03, 0xE0, 0x02, 0xF4, 0x03, 0xE0, 0x01, 0xF8,
    0x03, 0xE0, 0x00, 0xF8, 0x03, 0xE0, 0x01, 0xF8, 0x03, 0xE0, 0x02, 0xF4, 0x03, 0xE0, 0x0B, 0xF0,
    0x2B, 0xFA, 0xBF, 0xC0, 0x7F, 0xFF, 0xF8, 0x00, 0x00, 0x00, 0x00, 0x00, 0x3F, 0xFF, 0xFF, 0x40,
    0x07, 0xE0, 0x2F, 0xD0, 0x03, 0xE0, 0x0B, 0xF0, 0x03, 0xE0, 0x03, 0xF0, 0x03, 0xE0, 0x03, 0xF0,
    0x03, 0xE0, 0x03, 0xF0, 0x03, 0xE0, 0x0B, 0xE0, 0x03, 0xE0, 0x7F, 0x00, 0x03, 0xFF, 0xFF, 0x80,
    0x03, 0xF0, 0x2F, 0xF0, 0x03, 0xE0, 0x02, 0xFC, 0x03, 0xE0, 0x00, 0xFC, 0x03, 0xE0, 0x00, 0xFC,
    0x03, 0xE0, 0x00, 0xFC, 0x03, 0xE0, 0x00, 0xFC, 0x03, 0xE0, 0x03, 0xF8, 0x2B, 0xFA, 0xBF, 0xE0,
    0x3F, 0xFF, 0xFA, 0x00, 0x00, 0x00, 0x00, 0x00, 0x3F, 0xFF, 0xFF, 0xE0, 0x07, 0xF0, 0x02, 0xE0,
    0x03, 0xE0, 0x00, 0xE0, 0x03, 0xE0, 0x00, 0xE0, 0x03, 0xE0, 0x00, 0xA0, 0x03, 0xE0, 0x00, 0x00,
    0x03, 0xE0, 0x00, 0x00, 0x03, 0xE0, 0x00, 0x00, 0x03, 0xE0, 0x00, 0x00, 0x03, 0xE0, 0x00, 0x00,
    0x03, 0xE0, 0x00, 0x00, 0x03, 0xE0, 0x00, 0x00, 0x03, 0xE0, 0x00, 0x00, 0x03, 0xE0, 0x00, 0x00,
    0x03, 0xE0, 0x00, 0x00, 0x03, 0xE0, 0x00, 0x00, 0x2B, 0xF8, 0x00, 0x00, 0x3F, 0xFE, 0x00, 0x00,
    0x00, 0x00, 0x00, 0x00, 0x00, 0x00, 0x3F, 0xFF, 0xFF, 0xFE, 0x00, 0x02, 0xE0, 0x0B, 0xE0, 0x00,
    0x02, 0xC0, 0x0B, 0xD0, 0x00, 0x02, 0xC0, 0x0B, 0xD0, 0x00, 0x02, 0xC0, 0x0B, 0xD0, 0x00, 0x02,
    0xC0, 0x0B, 0xD0, 0x00, 0x03, 0xC0, 0x0B, 0xD0, 0x00, 0x03, 0xC0, 0x0B, 0xD0, 0x00, 0x03, 0xC0,
    0x0B, 0xD0, 0x00, 0x03, 0x80, 0x0B, 0xD0, 0x00, 0x0B, 0x40, 0x0B, 0xD0, 0x00, 0x0F, 0x00, 0x0B,
    0xD0, 0x00, 0x0F, 0x00, 0x0B, 0xD0, 0x00, 0x1E, 0x00, 0x0B, 0xD0, 0x00, 0x3C, 0x00, 0x0B, 0xD0,
    0x00, 0xB8, 0x00, 0x0B, 0xD0, 0x03, 0xFA, 0xAA, 0xAF, 0xE0, 0x2F, 0xFF, 0xFF, 0xFF, 0xF4, 0x3F,
    0xD0, 0x00, 0x02, 0xFE, 0x3F, 0x00, 0x00, 0x00, 0xBE, 0x3E, 0x00, 0x00, 0x00, 0x3E, 0x3C, 0x00,
    0x00, 0x00, 0x0E, 0x38, 0x00, 0x00, 0x00, 0x0E, 0x20, 0x00, 0x00, 0x00, 0x08, 0x00, 0x00, 0x00,
    0x00, 0x3F, 0xFF, 0xFF, 0xF0, 0x07, 0xE0, 0x00, 0xF0, 0x03, 0xE0, 0x00, 0xF0, 0x03, 0xE0, 0x00,
    0xB0, 0x03, 0xE0, 0x00, 0x00, 0x03, 0xE0, 0x0A, 0x00, 0x03, 0xE0, 0x0F, 0x00, 0x03, 0xF0, 0x1F,
    0x00, 0x03, 0xFF, 0xFF, 0x00, 0x03, 0xE0, 0x0F, 0x00, 0x03, 0xE0, 0x0F, 0x00, 0x03, 0xE0, 0x06,
    0x00, 0x03, 0xE0, 0x00, 0x00, 0x03, 0xE0, 0x00, 0x28, 0x03, 0xE0, 0x00, 0x3C, 0x03, 0xE0, 0x00,
    0x3C, 0x2B, 0xFA, 0xAA, 0xBC, 0x3F, 0xFF, 0xFF, 0xFC, 0x2E, 0x00, 0x00, 0x00, 0x00, 0xB8, 0xBF,
    0xE0, 0xBF, 0xFE, 0x0B, 0xFE, 0xBF, 0xF0, 0x0B, 0xE0, 0x0F, 0xFE, 0x20, 0x38, 0x0B, 0xE0, 0x2C,
    0x08, 0x00, 0x2C, 0x0B, 0xE0, 0x3C, 0x00, 0x00, 0x2C, 0x0B, 0xE0, 0x38, 0x00, 0x00, 0x0E, 0x0B,
    0xE0, 0xB0, 0x00, 0x00, 0x0F, 0x0B, 0xE0, 0xF0, 0x00, 0x00, 0x03, 0xCB, 0xE2, 0xC0, 0x00, 0x00,
    0x02, 0xFF, 0xFF, 0x80, 0x00, 0x00, 0x02, 0xFF, 0xFF, 0x80, 0x00, 0x00, 0x0F, 0xDB, 0xE3, 0xF0,
    0x00, 0x00, 0x3F, 0x8B, 0xE2, 0xFC, 0x00, 0x00, 0x7F, 0x0B, 0xE0, 0xFE, 0x00, 0x00, 0xFC, 0x0B,
    0xE0, 0x3F, 0x00, 0x02, 0xF8, 0x0B, 0xE0, 0x2F, 0x80, 0x03, 0xF0, 0x0B, 0xE0, 0x0F, 0xD0, 0x6F,
    0xC0, 0x2F, 0xF8, 0x03, 0xF9, 0xFF, 0xC0, 0xBF, 0xFE, 0x03, 0xFF, 0x00, 0xAA, 0x90, 0x00, 0x2F,
    0xFF, 0xFD, 0x00, 0x3F, 0x40, 0x3F, 0x00, 0x3E, 0x00, 0x0F, 0xC0, 0x3C, 0x00, 0x0F, 0xC0, 0x2C,
    0x00, 0x0F, 0xC0, 0x00, 0x00, 0x0F, 0x80, 0x00, 0x00, 0x3F, 0x00, 0x00, 0x06, 0xF8, 0x00, 0x00,
    0x2F, 0xF4, 0x00, 0x00, 0x01, 0xBF, 0x00, 0x00, 0x00, 0x0F, 0xC0, 0x00, 0x00, 0x03, 0xE0, 0x00,
    0x00, 0x03, 0xE0, 0x3C, 0x00, 0x03, 0xE0, 0x3C, 0x00, 0x0B, 0xE0, 0x3C, 0x00, 0x0F, 0xC0, 0x3F,
    0x80, 0xBF, 0x80, 0x2F, 0xFF, 0xF8, 0x00, 0x00, 0x00, 0x00, 0x00, 0x00, 0x00, 0x00, 0x00, 0x00,
    0x3F, 0xFF, 0x02, 0xFF, 0xF8, 0x07, 0xF0, 0x00, 0x2F, 0x80, 0x03, 0xE0, 0x00, 0x2F, 0x80, 0x03,
    0xE0, 0x00, 0x7F, 0x80, 0x03, 0xE0, 0x00, 0xFF, 0x80, 0x03, 0xE0, 0x03, 0xFF, 0x80, 0x03, 0xE0,
    0x0F, 0xAF, 0x80, 0x03, 0xE0, 0x2E, 0x2F, 0x80, 0x03, 0xE0, 0xBC, 0x2F, 0x80, 0x03, 0xE0, 0xF0,
    0x2F, 0x80, 0x03, 0xE3, 0xC0, 0x2F, 0x80, 0x03, 0xFF, 0x40, 0x2F, 0x80, 0x03, 0xFE, 0x00, 0x2F,
    0x80, 0x03, 0xF8, 0x00, 0x2F, 0x80, 0x03, 0xF0, 0x00, 0x2F, 0x80, 0x03, 0xE0, 0x00, 0x2F, 0x80,
    0x2B, 0xF9, 0x00, 0xBF, 0xE0, 0x3F, 0xFF, 0x02, 0xFF, 0xF8, 0x00, 0x06, 0x01, 0x80, 0x00, 0x00,
    0x0F, 0x83, 0xD0, 0x00, 0x00, 0x0E, 0x02, 0xD0, 0x00, 0x00, 0x0B, 0x87, 0xC0, 0x00, 0x00, 0x00,
    0xB9, 0x00, 0x00, 0x00, 0x00, 0x00, 0x00, 0x00, 0x00, 0x00, 0x00, 0x00, 0x00, 0x3F, 0xFF, 0x02,
    0xFF, 0xF8, 0x07, 0xF0, 0x00, 0x2F, 0x80, 0x03, 0xE0, 0x00, 0x2F, 0x80, 0x03, 0xE0, 0x00, 0x7F,
    0x80, 0x03, 0xE0, 0x00, 0xFF, 0x80, 0x03, 0xE0, 0x03, 0xFF, 0x80, 0x03, 0xE0, 0x0F, 0xAF, 0x80,
    0x03, 0xE0, 0x2E, 0x2F, 0x80, 0x03, 0xE0, 0xBC, 0x2F, 0x80, 0x03, 0xE0, 0xF0, 0x2F, 0x80, 0x03,
    0xE3, 0xC0, 0x2F, 0x80, 0x03, 0xFF, 0x40, 0x2F, 0x80, 0x03, 0xFE, 0x00, 0x2F, 0x80, 0x03, 0xF8,
    0x00, 0x2F, 0x80, 0x03, 0xF0, 0x00, 0x2F, 0x80, 0x03, 0xE0, 0x00, 0x2F, 0x80, 0x2B, 0xF9, 0x00,
    0xBF, 0xE0, 0x3F, 0xFF, 0x02, 0xFF, 0xF8, 0x00, 0x00, 0x00, 0x2A, 0x00, 0x3F, 0xFF, 0x00, 0xFF,
    0xC0, 0x07, 0xF0, 0x03, 0xFF, 0xC0, 0x03, 0xE0, 0x03, 0x82, 0x00, 0x03, 0xE0, 0x0B, 0x00, 0x00,
    0x03, 0xE0, 0x0F, 0x00, 0x00, 0x03, 0xE0, 0x0E, 0x00, 0x00, 0x03, 0xE0, 0x3C, 0x00, 0x00, 0x03,
    0xE0, 0xB8, 0x00, 0x00, 0x03, 0xFF, 0xF0, 0x00, 0x00, 0x03, 0xFF, 0xE0, 0x00, 0x00, 0x03, 0xE1,
    0xFC, 0x00, 0x00, 0x03, 0xE0, 0x7E, 0x00, 0x00, 0x03, 0xE0, 0x2F, 0x80, 0x00, 0x03, 0xE0, 0x0F,
    0xC0, 0x00, 0x03, 0xE0, 0x03, 0xF0, 0x00, 0x03, 0xE0, 0x02, 0xF8, 0x00, 0x2B, 0xF8, 0x00, 0xFE,
    0x80, 0x3F, 0xFF, 0x00, 0x7F, 0xC0, 0x00, 0x00, 0x00, 0x00, 0x00, 0x00, 0xBF, 0xFF, 0xFF, 0xF8,
    0x00, 0x0B, 0x80, 0x2F, 0x80, 0x00, 0x03, 0x80, 0x0F, 0x80, 0x00, 0x07, 0x40, 0x0F, 0x80, 0x00,
    0x07, 0x40, 0x0F, 0x80, 0x00, 0x0B, 0x00, 0x0F, 0x80, 0x00, 0x0B, 0x00, 0x0F, 0x80, 0x00, 0x0B,
    0x00, 0x0F, 0x80, 0x00, 0x0B, 0x00, 0x0F, 0x80, 0x00, 0x0B, 0x00, 0x0F, 0x80, 0x00, 0x0F, 0x00,
    0x0F, 0x80, 0x00, 0x0F, 0x00, 0x0F, 0x80, 0x00, 0x0E, 0x00, 0x0F, 0x80, 0x00, 0x2E, 0x00, 0x0F,
    0x80, 0x00, 0x3C, 0x00, 0x0F, 0x80, 0xB8, 0xB8, 0x00, 0x1F, 0x80, 0xFF, 0xF0, 0x00, 0xBF, 0xE0,
    0xBF, 0xC0, 0x02, 0xFF, 0xF8, 0x00, 0x00, 0x00, 0x00, 0x00, 0x00, 0x00, 0x00, 0x00, 0x00, 0x00,
    0x3F, 0xFC, 0x00, 0x00, 0xBF, 0xFC, 0x07, 0xFC, 0x00, 0x00, 0xFF, 0xC0, 0x03, 0xFE, 0x00, 0x00,
    0xFF, 0x80, 0x03, 0xBF, 0x00, 0x02, 0xDF, 0x80, 0x03, 0xAF, 0x80, 0x03, 0xCF, 0x80, 0x03, 0x8F,
    0xC0, 0x03, 0x8F, 0x80, 0x03, 0x8F, 0xC0, 0x0B, 0x0F, 0x80, 0x03, 0x87, 0xE0, 0x0F, 0x0F, 0x80,
    0x03, 0x83, 0xF0, 0x2D, 0x0F, 0x80, 0x03, 0x82, 0xF0, 0x3C, 0x0F, 0x80, 0x03, 0x80, 0xF8, 0x38,
    0x0F, 0x80, 0x03, 0x80, 0xFC, 0xB0, 0x0F, 0x80, 0x03, 0x80, 0xBE, 0xF0, 0x0F, 0x80, 0x03, 0x80,
    0x3F, 0xE0, 0x0F, 0x80, 0x03, 0x80, 0x3F, 0xC0, 0x0F, 0x80, 0x03, 0x80, 0x2F, 0xC0, 0x0F, 0x80,
    0x2B, 0xE0, 0x0F, 0x80, 0xAF, 0xE0, 0x3F, 0xF8, 0x0F, 0x00, 0xFF, 0xFC, 0x00, 0x00, 0x00, 0x00,
    0x00, 0x3F, 0xFF, 0x00, 0xBF, 0xFC, 0x07, 0xF0, 0x00, 0x0B, 0xE0, 0x03, 0xE0, 0x00, 0x0B, 0xC0,
    0x03, 0xE0, 0x00, 0x0B, 0xC0, 0x03, 0xE0, 0x00, 0x0B, 0xC0, 0x03, 0xE0, 0x00, 0x0B, 0xC0, 0x03,
    0xE0, 0x00, 0x0B, 0xC0, 0x03, 0xFA, 0xAA, 0xAF, 0xC0, 0x03, 0xFF, 0xFF, 0xFF, 0xC0, 0x03, 0xE0,
    0x00, 0x0B, 0xC0, 0x03, 0xE0, 0x00, 0x0B, 0xC0, 0x03, 0xE0, 0x00, 0x0B, 0xC0, 0x03, 0xE0, 0x00,
    0x0B, 0xC0, 0x03, 0xE0, 0x00, 0x0B, 0xC0, 0x03, 0xE0, 0x00, 0x0B, 0xC0, 0x03, 0xE0, 0x00, 0x0B,
    0xC0, 0x2B, 0xF8, 0x00, 0x2F, 0xF8, 0x3F, 0xFF, 0x00, 0xBF, 0xFC, 0x00, 0x02, 0xAA, 0x40, 0x00,
    0x00, 0x2F, 0xFF, 0xF8, 0x00, 0x00, 0xFE, 0x00, 0xFF, 0x00, 0x03, 0xF0, 0x00, 0x2F, 0x80, 0x0B,
    0xE0, 0x00, 0x0F, 0xD0, 0x0F, 0xC0, 0x00, 0x07, 0xF0, 0x2F, 0x80, 0x00, 0x03, 0xF0, 0x3F, 0x80,
    0x00, 0x03, 0xF8, 0x3F, 0x00, 0x00, 0x02, 0xF8, 0x3F, 0x00, 0x00, 0x02, 0xF8, 0x3F, 0x00, 0x00,
    0x02, 0xF8, 0x3F, 0x40, 0x00, 0x02, 0xF8, 0x2F, 0x80, 0x00, 0x03, 0xF4, 0x1F, 0xC0, 0x00, 0x03,
    0xF0, 0x0F, 0xC0, 0x00, 0x0B, 0xE0, 0x07, 0xF0, 0x00, 0x0F, 0xC0, 0x02, 0xF8, 0x00, 0x3F, 0x40,
    0x00, 0xBF, 0x86, 0xFD, 0x00, 0x00, 0x0B, 0xFF, 0xE0, 0x00, 0x00, 0x00, 0x00, 0x00, 0x00, 0x00,
    0x00, 0x00, 0x00, 0x00, 0x3F, 0xFF, 0xFF, 0xFF, 0xFC, 0x0B, 0xF0, 0x00, 0x1F, 0xC0, 0x03, 0xE0,
    0x00, 0x0F, 0xC0, 0x03, 0xE0, 0x00, 0x0F, 0xC0, 0x03, 0xE0, 0x00, 0x0F, 0xC0, 0x03, 0xE0, 0x00,
    0x0F, 0xC0, 0x03, 0xE0, 0x00, 0x0F, 0xC0, 0x03, 0xE0, 0x00, 0x0F, 0xC0, 0x03, 0xE0, 0x00, 0x0F,
    0xC0, 0x03, 0xE0, 0x00, 0x0F, 0xC0, 0x03, 0xE0, 0x00, 0x0F, 0xC0, 0x03, 0xE0, 0x00, 0x0F, 0xC0,
    0x03, 0xE0, 0x00, 0x0F, 0xC0, 0x03, 0xE0, 0x00, 0x0F, 0xC0, 0x03, 0xE0, 0x00, 0x0F, 0xC0, 0x03,
    0xE0, 0x00, 0x0F, 0xC0, 0x2B, 0xF8, 0x00, 0xAF, 0xE0, 0x3F, 0xFF, 0x00, 0xFF, 0xFC, 0x00, 0x00,
    0x00, 0x00, 0xBF, 0xFF, 0xFF, 0x00, 0x07, 0xE0, 0x2F, 0xE0, 0x03, 0xE0, 0x03, 0xF0, 0x03, 0xE0,
    0x02, 0xF8, 0x03, 0xE0, 0x02, 0xF8, 0x03, 0xE0, 0x01, 0xF8, 0x03, 0xE0, 0x02, 0xF8, 0x03, 0xE0,
    0x03, 0xF0, 0x03, 0xE0, 0x0B, 0xE0, 0x03, 0xF6, 0xBF, 0xC0, 0x03, 0xFF, 0xF8, 0x00, 0x03, 0xE0,
    0x00, 0x00, 0x03, 0xE0, 0x00, 0x00, 0x03, 0xE0, 0x00, 0x00, 0x03, 0xE0, 0x00, 0x00, 0x03, 0xE0,
    0x00, 0x00, 0x2B, 0xFA, 0x00, 0x00, 0x3F, 0xFF, 0x00, 0x00, 0x00, 0x01, 0xAE, 0x90, 0x00, 0x00,
    0x2F, 0xFF, 0xFF, 0x00, 0x00, 0xFF, 0x00, 0x3F, 0x00, 0x03, 0xF8, 0x00, 0x0F, 0x00, 0x0B, 0xE0,
    0x00, 0x0F, 0x00, 0x0F, 0xC0, 0x00, 0x0A, 0x00, 0x2F, 0xC0, 0x00, 0x00, 0x00, 0x3F, 0x80, 0x00,
    0x00, 0x00, 0x3F, 0x00, 0x00, 0x00, 0x00, 0x3F, 0x00, 0x00, 0x00, 0x00, 0x3F, 0x00, 0x00, 0x00,
    0x00, 0x3F, 0x40, 0x00, 0x00, 0x00, 0x2F, 0x80, 0x00, 0x00, 0x00, 0x0F, 0xC0, 0x00, 0x00, 0x00,
    0x0F, 0xD0, 0x00, 0x0F, 0x00, 0x03, 0xF0, 0x00, 0x0F, 0x00, 0x02, 0xFC, 0x00, 0x1F, 0x00, 0x00,
    0xBF, 0xE1, 0xBF, 0x00, 0x00, 0x0B, 0xFF, 0xFE, 0x00, 0x00, 0x00, 0x00, 0x00, 0x00, 0x00, 0x00,
    0x00, 0x00, 0xBF, 0xFF, 0xFF, 0xFF, 0xB8, 0x0B, 0xE0, 0x2F, 0xB0, 0x03, 0xE0, 0x0F, 0xB0, 0x03,
    0xE0, 0x0F, 0x00, 0x03, 0xE0, 0x00, 0x00, 0x03, 0xE0, 0x00, 0x00, 0x03, 0xE0, 0x00, 0x00, 0x03,
    0xE0, 0x00, 0x00, 0x03, 0xE0, 0x00, 0x00, 0x03, 0xE0, 0x00, 0x00, 0x03, 0xE0, 0x00, 0x00, 0x03,
    0xE0, 0x00, 0x00, 0x03, 0xE0, 0x00, 0x00, 0x03, 0xE0, 0x00, 0x00, 0x03, 0xE0, 0x00, 0x00, 0x03,
    0xE0, 0x00, 0x00, 0x2F, 0xF8, 0x00, 0x00, 0xBF, 0xFF, 0x00, 0x00, 0x00, 0x00, 0x00, 0x00, 0x3F,
    0xFF, 0xC0, 0x3F, 0xFE, 0x02, 0xFC, 0x00, 0x03, 0xE0, 0x00, 0xFC, 0x00, 0x03, 0xC0, 0x00, 0xBF,
    0x00, 0x0B, 0x80, 0x00, 0x3F, 0x00, 0x0F, 0x00, 0x00, 0x2F, 0xC0, 0x2E, 0x00, 0x00, 0x0F, 0xD0,
    0x3C, 0x00, 0x00, 0x0B, 0xF0, 0xB8, 0x00, 0x00, 0x03, 0xF8, 0xF0, 0x00, 0x00, 0x02, 0xFE, 0xE0,
    0x00, 0x00, 0x00, 0xFF, 0xC0, 0x00, 0x00, 0x00, 0x7F, 0x80, 0x00, 0x00, 0x00, 0x3F, 0x00, 0x00,
    0x00, 0x00, 0x2F, 0x00, 0x00, 0x00, 0x00, 0x3C, 0x00, 0x00, 0x00, 0xBD, 0xB8, 0x00, 0x00, 0x00,
    0xFF, 0xF0, 0x00, 0x00, 0x00, 0xFF, 0xC0, 0x00, 0x00, 0x00, 0x00, 0x00, 0x00, 0x00, 0x00, 0x00,
    0x00, 0x00, 0x00, 0x00, 0x00, 0x02, 0xFF, 0xF8, 0x00, 0x00, 0x00, 0x00, 0x2F, 0x80, 0x00, 0x00,
    0x00, 0x2F, 0xAF, 0xAF, 0x80, 0x00, 0x02, 0xFA, 0xBF, 0xEA, 0xF8, 0x00, 0x0B, 0xE0, 0x1F, 0x80,
    0xBE, 0x00, 0x0F, 0xC0, 0x1F, 0x80, 0x3F, 0x00, 0x2F, 0x80, 0x1F, 0x80, 0x2F, 0xC0, 0x3F, 0x00,
    0x1F, 0x80, 0x0F, 0xC0, 0x3F, 0x00, 0x1F, 0x80, 0x0F, 0xC0, 0x3F, 0x00, 0x1F, 0x80, 0x0F, 0xC0,
    0x3F, 0x00, 0x1F, 0x80, 0x0F, 0xC0, 0x2F, 0x80, 0x1F, 0x80, 0x2F, 0x80, 0x0F, 0xC0, 0x1F, 0x80,
    0x3F, 0x00, 0x03, 0xF0, 0x2F, 0x80, 0xBC, 0x00, 0x00, 0xBF, 0xFF, 0xFF, 0xE0, 0x00, 0x00, 0x01,
    0x2F, 0x85, 0x00, 0x00, 0x00, 0x00, 0xBF, 0xE0, 0x00, 0x00, 0x00, 0x02, 0xFF, 0xF8, 0x00, 0x00,
    0x00, 0x00, 0x00, 0x00, 0x00, 0xBF, 0xFE, 0x03, 0xFF, 0x80, 0x0B, 0xF0, 0x00, 0xBC, 0x00, 0x03,
    0xF8, 0x00, 0xF0, 0x00, 0x00, 0xFC, 0x03, 0xC0, 0x00, 0x00, 0xBF, 0x0B, 0x80, 0x00, 0x00, 0x3F,
    0x4F, 0x00, 0x00, 0x00, 0x1F, 0xFC, 0x00, 0x00, 0x00, 0x0B, 0xF8, 0x00, 0x00, 0x00, 0x03, 0xF0,
    0x00, 0x00, 0x00, 0x03, 0xFC, 0x00, 0x00, 0x00, 0x0F, 0xFE, 0x00, 0x00, 0x00, 0x2E, 0x3F, 0x00,
    0x00, 0x00, 0xBC, 0x2F, 0xC0, 0x00, 0x00, 0xF0, 0x0F, 0xE0, 0x00, 0x03, 0xC0, 0x03, 0xF0, 0x00,
    0x0B, 0x80, 0x02, 0xFC, 0x00, 0x6F, 0xA0, 0x0A, 0xFE, 0x80, 0xFF, 0xF0, 0x0F, 0xFF, 0xC0, 0x00,
    0x00, 0x00, 0x00, 0x00, 0x3F, 0xFF, 0x00, 0xFF, 0xFC, 0x0B, 0xF0, 0x00, 0x0F, 0xC0, 0x03, 0xE0,
    0x00, 0x0F, 0xC0, 0x03, 0xE0, 0x00, 0x0F, 0xC0, 0x03, 0xE0, 0x00, 0x0F, 0xC0, 0x03, 0xE0, 0x00,
    0x0F, 0xC0, 0x03, 0xE0, 0x00, 0x0F, 0xC0, 0x03, 0xE0, 0x00, 0x0F, 0xC0, 0x03, 0xE0, 0x00, 0x0F,
    0xC0, 0x03, 0xE0, 0x00, 0x0F, 0xC0, 0x03, 0xE0, 0x00, 0x0F, 0xC0, 0x03, 0xE0, 0x00, 0x0F, 0xC0,
    0x03, 0xE0, 0x00, 0x0F, 0xC0, 0x03, 0xE0, 0x00, 0x0F, 0xC0, 0x03, 0xE0, 0x00, 0x0F, 0xC0, 0x03,
    0xE0, 0x00, 0x0F, 0xC0, 0x2B, 0xFA, 0xAA, 0xAF, 0xE0, 0x3F, 0xFF, 0xFF, 0xFF, 0xFC, 0x00, 0x00,
    0x00, 0x0B, 0xFC, 0x00, 0x00, 0x00, 0x00, 0xFC, 0x00, 0x00, 0x00, 0x00, 0x7C, 0x00, 0x00, 0x00,
    0x00, 0x3C, 0x00, 0x00, 0x00, 0x00, 0x3C, 0x00, 0x00, 0x00, 0x00, 0x04, 0x00, 0x00, 0x00, 0x00,
    0x00, 0x3F, 0xFE, 0x0F, 0xFF, 0xC0, 0x07, 0xF0, 0x00, 0xFC, 0x00, 0x03, 0xE0, 0x00, 0xFC, 0x00,
    0x03, 0xE0, 0x00, 0xFC, 0x00, 0x03, 0xE0, 0x00, 0xFC, 0x00, 0x03, 0xE0, 0x00, 0xFC, 0x00, 0x03,
    0xE0, 0x00, 0xFC, 0x00, 0x03, 0xF0, 0x00, 0xFC, 0x00, 0x03, 0xF8, 0x1F, 0xFC, 0x00, 0x02, 0xFF,
    0xFF, 0xFC, 0x00, 0x00, 0xBF, 0xE0, 0xFC, 0x00, 0x00, 0x00, 0x00, 0xFC, 0x00, 0x00, 0x00, 0x00,
    0xFC, 0x00, 0x00, 0x00, 0x00, 0xFC, 0x00, 0x00, 0x00, 0x00, 0xFC, 0x00, 0x00, 0x00, 0x00, 0xFC,
    0x00, 0x00, 0x00, 0x02, 0xFE, 0x80, 0x00, 0x00, 0x0F, 0xFF, 0xC0, 0x00, 0x00, 0x00, 0x00, 0x00,
    0x00, 0x00, 0x3F, 0xFF, 0x2F, 0xFF, 0x8B, 0xFF, 0xD0, 0x0B, 0xF0, 0x02, 0xF8, 0x00, 0xBE, 0x00,
    0x03, 0xE0, 0x00, 0xF8, 0x00, 0xBD, 0x00, 0x03, 0xE0, 0x00, 0xF8, 0x00, 0xBD, 0x00, 0x03, 0xE0,
    0x00, 0xF8, 0x00, 0xBD, 0x00, 0x03, 0xE0, 0x00, 0xF8, 0x00, 0xBD, 0x00, 0x03, 0xE0, 0x00, 0xF8,
    0x00, 0xBD, 0x00, 0x03, 0xE0, 0x00, 0xF8, 0x00, 0xBD, 0x00, 0x03, 0xE0, 0x00, 0xF8, 0x00, 0xBD,
    0x00, 0x03, 0xE0, 0x00, 0xF8, 0x00, 0xBD, 0x00, 0x03, 0xE0, 0x00, 0xF8, 0x00, 0xBD, 0x00, 0x03,
    0xE0, 0x00, 0xF8, 0x00, 0xBD, 0x00, 0x03, 0xE0, 0x00, 0xF8, 0x00, 0xBD, 0x00, 0x03, 0xE0, 0x00,
    0xF8, 0x00, 0xBD, 0x00, 0x03, 0xE0, 0x00, 0xF8, 0x00, 0xBD, 0x00, 0x03, 0xE0, 0x01, 0xF8, 0x00,
    0xBD, 0x00, 0x2B, 0xFA, 0xAB, 0xFE, 0xAA, 0xFF, 0x80, 0x3F, 0xFF, 0xFF, 0xFF, 0xFF, 0xFF, 0xD0,
    0x00, 0x00, 0x00, 0x00, 0x00, 0x00, 0x00, 0x3F, 0xFF, 0x2F, 0xFF, 0x8B, 0xFF, 0xD0, 0x0B, 0xF0,
    0x02, 0xF8, 0x00, 0xBE, 0x00, 0x03, 0xE0, 0x00, 0xF8, 0x00, 0xBD, 0x00, 0x03, 0xE0, 0x00, 0xF8,
    0x00, 0xBD, 0x00, 0x03, 0xE0, 0x00, 0xF8, 0x00, 0xBD, 0x00, 0x03, 0xE0, 0x00, 0xF8, 0x00, 0xBD,
    0x00, 0x03, 0xE0, 0x00, 0xF8, 0x00, 0xBD, 0x00, 0x03, 0xE0, 0x00, 0xF8, 0x00, 0xBD, 0x00, 0x03,
    0xE0, 0x00, 0xF8, 0x00, 0xBD, 0x00, 0x03, 0xE0, 0x00, 0xF8, 0x00, 0xBD, 0x00, 0x03, 0xE0, 0x00,
    0xF8, 0x00, 0xBD, 0x00, 0x03, 0xE0, 0x00, 0xF8, 0x00, 0xBD, 0x00, 0x03, 0xE0, 0x00, 0xF8, 0x00,
    0xBD, 0x00, 0x03, 0xE0, 0x00, 0xF8, 0x00, 0xBD, 0x00, 0x03, 0xE0, 0x00, 0xF8, 0x00, 0xBD, 0x00,
    0x03, 0xE0, 0x01, 0xF8, 0x00, 0xBD, 0x00, 0x2B, 0xFA, 0xAB, 0xFE, 0xAA, 0xFF, 0x80, 0x3F, 0xFF,
    0xFF, 0xFF, 0xFF, 0xFF, 0xD0, 0x00, 0x00, 0x00, 0x00, 0x00, 0x2F, 0xD0, 0x00, 0x00, 0x00, 0x00,
    0x00, 0x0B, 0xD0, 0x00, 0x00, 0x00, 0x00, 0x00, 0x03, 0xD0, 0x00, 0x00, 0x00, 0x00, 0x00, 0x02,
    0xD0, 0x00, 0x00, 0x00, 0x00, 0x00, 0x00, 0xD0, 0x00, 0x00, 0x00, 0x00, 0x00, 0x00, 0x80, 0x00,
    0x00, 0x00, 0x00, 0x00, 0x3F, 0xFF, 0xFE, 0x00, 0x00, 0x3C, 0x0B, 0xE0, 0x00, 0x00, 0x3C, 0x0B,
    0xC0, 0x00, 0x00, 0x3C, 0x0B, 0xC0, 0x00, 0x00, 0x00, 0x0B, 0xC0, 0x00, 0x00, 0x00, 0x0B, 0xC0,
    0x00, 0x00, 0x00, 0x0B, 0xEA, 0x80, 0x00, 0x00, 0x0B, 0xFF, 0xFE, 0x00, 0x00, 0x0B, 0xD0, 0x2F,
    0x80, 0x00, 0x0B, 0xC0, 0x0F, 0xE0, 0x00, 0x0B, 0xC0, 0x03, 0xF0, 0x00, 0x0B, 0xC0, 0x03, 0xF0,
    0x00, 0x0B, 0xC0, 0x03, 0xF0, 0x00, 0x0B, 0xC0, 0x03, 0xF0, 0x00, 0x0B, 0xC0, 0x0B, 0xF0, 0x00,
    0x0B, 0xC0, 0x0F, 0xD0, 0x00, 0x2F, 0xEA, 0xBF, 0x80, 0x00, 0xBF, 0xFF, 0xE8, 0x00, 0x00, 0x00,
    0x00, 0x00, 0x00, 0x00, 0x3F, 0xFF, 0x00, 0x03, 0xFF, 0xF0, 0x07, 0xF0, 0x00, 0x00, 0x3F, 0x00,
    0x03, 0xE0, 0x00, 0x00, 0x3F, 0x00, 0x03, 0xE0, 0x00, 0x00, 0x3F, 0x00, 0x03, 0xE0, 0x00, 0x00,
    0x3F, 0x00, 0x03, 0xE0, 0x00, 0x00, 0x3F, 0x00, 0x03, 0xFA, 0x90, 0x00, 0x3F, 0x00, 0x03, 0xFF,
    0xFE, 0x00, 0x3F, 0x00, 0x03, 0xE0, 0x2F, 0xC0, 0x3F, 0x00, 0x03, 0xE0, 0x0B, 0xF0, 0x3F, 0x00,
    0x03, 0xE0, 0x03, 0xF0, 0x3F, 0x00, 0x03, 0xE0, 0x03, 0xF0, 0x3F, 0x00, 0x03, 0xE0, 0x03, 0xF8,
    0x3F, 0x00, 0x03, 0xE0, 0x03, 0xF0, 0x3F, 0x00, 0x03, 0xE0, 0x03, 0xF0, 0x3F, 0x00, 0x03, 0xE0,
    0x0B, 0xF0, 0x3F, 0x00, 0x2B, 0xFA, 0xBF, 0xC2, 0xBF, 0xA0, 0x7F, 0xFF, 0xF8, 0x03, 0xFF, 0xF0,
    0x00, 0x00, 0x00, 0x00, 0x3F, 0xFF, 0x00, 0x00, 0x07, 0xF0, 0x00, 0x00, 0x03, 0xE0, 0x00, 0x00,
    0x03, 0xE0, 0x00, 0x00, 0x03, 0xE0, 0x00, 0x00, 0x03, 0xE0, 0x00, 0x00, 0x03, 0xFA, 0x90, 0x00,
    0x03, 0xFF, 0xFF, 0x00, 0x03, 0xE0, 0x1F, 0xC0, 0x03, 0xE0, 0x03, 0xF0, 0x03, 0xE0, 0x03, 0xF8,
    0x03, 0xE0, 0x02, 0xF8, 0x03, 0xE0, 0x02, 0xF8, 0x03, 0xE0, 0x02, 0xF8, 0x03, 0xE0, 0x03, 0xF4,
    0x03, 0xE0, 0x0B, 0xF0, 0x2B, 0xFA, 0xBF, 0xC0, 0x7F, 0xFF, 0xF9, 0x00, 0x02, 0xAE, 0x80, 0x00,
    0x3F, 0xFF, 0xFE, 0x00, 0x3E, 0x00, 0x2F, 0x80, 0x3C, 0x00, 0x07, 0xF0, 0x3C, 0x00, 0x02, 0xF8,
    0x20, 0x00, 0x00, 0xFC, 0x00, 0x00, 0x00, 0xBC, 0x00, 0x00, 0x00, 0x3E, 0x00, 0x00, 0x00, 0x3E,
    0x00, 0x2F, 0xFF, 0xFF, 0x00, 0x00, 0x00, 0xBF, 0x00, 0x00, 0x00, 0x3E, 0x00, 0x00, 0x00, 0xBE,
    0x00, 0x00, 0x00, 0xFC, 0x38, 0x00, 0x00, 0xF8, 0x3C, 0x00, 0x03, 0xF0, 0x3C, 0x00, 0x0F, 0xD0,
    0x3F, 0x41, 0xBF, 0x00, 0x2F, 0xFF, 0xF8, 0x00, 0x00, 0x00, 0x00, 0x00, 0x00, 0x00, 0x00, 0x02,
    0xAA, 0x00, 0x00, 0xBF, 0xFF, 0x00, 0x3F, 0xFF, 0xE0, 0x00, 0x07, 0xF0, 0x01, 0xFC, 0x02, 0xFC,
    0x00, 0x03, 0xE0, 0x03, 0xF0, 0x00, 0x7E, 0x00, 0x03, 0xE0, 0x0F, 0xC0, 0x00, 0x3F, 0x00, 0x03,
    0xE0, 0x0F, 0xC0, 0x00, 0x1F, 0x80, 0x03, 0xE0, 0x2F, 0x80, 0x00, 0x0F, 0xC0, 0x03, 0xE0, 0x2F,
    0x80, 0x00, 0x0F, 0xC0, 0x03, 0xE0, 0x3F, 0x40, 0x00, 0x0F, 0xC0, 0x03, 0xFF, 0xFF, 0x00, 0x00,
    0x0F, 0xC0, 0x03, 0xFA, 0xBF, 0x40, 0x00, 0x0F, 0xC0, 0x03, 0xE0, 0x2F, 0x80, 0x00, 0x0F, 0xC0,
    0x03, 0xE0, 0x2F, 0x80, 0x00, 0x0F, 0xC0, 0x03, 0xE0, 0x0F, 0x80, 0x00, 0x0F, 0xC0, 0x03, 0xE0,
    0x0F, 0xC0, 0x00, 0x2F, 0x80, 0x03, 0xE0, 0x0B, 0xE0, 0x00, 0x3F, 0x00, 0x03, 0xE0, 0x03, 0xF0,
    0x00, 0xBD, 0x00, 0x2B, 0xF9, 0x00, 0xFE, 0x4B, 0xF8, 0x00, 0x7F, 0xFF, 0x00, 0x2F, 0xFF, 0x80,
    0x00, 0x00, 0x00, 0x00, 0x00, 0x00, 0x00, 0x00, 0x00, 0x00, 0x00, 0x00, 0x00, 0x00, 0x0B, 0xFF,
    0xFF, 0xE0, 0x00, 0x3F, 0x80, 0x3F, 0x00, 0x00, 0xFE, 0x00, 0x3E, 0x00, 0x00, 0xFC, 0x00, 0x3E,
    0x00, 0x00, 0xFC, 0x00, 0x3E, 0x00, 0x00, 0xFC, 0x00, 0x3E, 0x00, 0x00, 0xFC, 0x00, 0x3E, 0x00,
    0x00, 0x3F, 0x00, 0x3E, 0x00, 0x00, 0x0B, 0xFE, 0xFE, 0x00, 0x00, 0x03, 0xFF, 0xFE, 0x00, 0x00,
    0x0F, 0xC0, 0x3E, 0x00, 0x00, 0x3F, 0x00, 0x3E, 0x00, 0x00, 0x3F, 0x00, 0x3E, 0x00, 0x00, 0xBD,
    0x00, 0x3E, 0x00, 0x00, 0xFC, 0x00, 0x3E, 0x00, 0x00, 0xFC, 0x00, 0x3E, 0x00, 0x1B, 0xF0, 0x02,
    0xBF, 0x80, 0x3F, 0xD0, 0x03, 0xFF, 0xE0, 0x00, 0x00, 0x00, 0x00, 0x00, 0x00, 0x1A, 0x80, 0x00,
    0x03, 0xFF, 0xF8, 0x00, 0x0F, 0x80, 0xFC, 0x00, 0x2F, 0x80, 0x3C, 0x00, 0x0A, 0x00, 0x3E, 0x00,
    0x00, 0x00, 0xBE, 0x00, 0x00, 0x2F, 0xFE, 0x00, 0x07, 0xF8, 0x3E, 0x00, 0x2F, 0x80, 0x3E, 0x00,
    0x3F, 0x00, 0x3E, 0x00, 0x3E, 0x00, 0x3E, 0x00, 0x3F, 0x00, 0xBE, 0x00, 0x2F, 0xEB, 0xFF, 0x00,
    0x0B, 0xFC, 0x3F, 0xC0, 0x00, 0x00, 0x00, 0x00, 0x00, 0x00, 0x00, 0x00, 0x00, 0x00, 0x6A, 0xC0,
    0x00, 0xBF, 0xFF, 0x40, 0x03, 0xFF, 0xFD, 0x00, 0x0B, 0xE0, 0x00, 0x00, 0x0F, 0x00, 0x00, 0x00,
    0x2C, 0x0A, 0x80, 0x00, 0x38, 0xFF, 0xF8, 0x00, 0x3F, 0xD0, 0x3F, 0x00, 0x3F, 0x80, 0x0F, 0x80,
    0x3F, 0x00, 0x0B, 0xC0, 0x3E, 0x00, 0x03, 0xD0, 0x3E, 0x00, 0x03, 0xE0, 0x3E, 0x00, 0x03, 0xE0,
    0x3E, 0x00, 0x03, 0xE0, 0x3F, 0x00, 0x07, 0xC0, 0x2F, 0x00, 0x0B, 0xC0, 0x0F, 0x80, 0x0F, 0x40,
    0x03, 0xE0, 0x7E, 0x00, 0x00, 0xBF, 0xF4, 0x00, 0x00, 0x00, 0x00, 0x00, 0x00, 0x00, 0x00, 0x00,
    0x3F, 0xFF, 0xF8, 0x00, 0x0B, 0xC0, 0xFD, 0x00, 0x0B, 0xC0, 0x3E, 0x00, 0x0B, 0xC0, 0x3E, 0x00,
    0x0B, 0xC0, 0xBD, 0x00, 0x0B, 0xEB, 0xF4, 0x00, 0x0B, 0xFF, 0xFD, 0x00, 0x0B, 0xC0, 0x3F, 0x40,
    0x0B, 0xC0, 0x0F, 0x80, 0x0B, 0xC0, 0x0F, 0x80, 0x0B, 0xC0, 0x2F, 0x40, 0x0F, 0xEA, 0xFE, 0x00,
    0x3F, 0xFF, 0xE0, 0x00, 0x00, 0x00, 0x00, 0xBF, 0xFF, 0xFD, 0x0F, 0xC0, 0x2D, 0x0B, 0xC0, 0x0D,
    0x0B, 0xC0, 0x0C, 0x0B, 0xC0, 0x00, 0x0B, 0xC0, 0x00, 0x0B, 0xC0, 0x00, 0x0B, 0xC0, 0x00, 0x0B,
    0xC0, 0x00, 0x0B, 0xC0, 0x00, 0x0B, 0xC0, 0x00, 0x0F, 0xE0, 0x00, 0x7F, 0xF8, 0x00, 0x00, 0x00,
    0x00, 0x00, 0x00, 0xBF, 0xFF, 0xFE, 0x00, 0x0E, 0x02, 0xF0, 0x00, 0x0C, 0x02, 0xF0, 0x00, 0x0C,
    0x02, 0xF0, 0x00, 0x0C, 0x02, 0xF0, 0x00, 0x2C, 0x02, 0xF0, 0x00, 0x2C, 0x02, 0xF0, 0x00, 0x3C,
    0x02, 0xF0, 0x00, 0x38, 0x02, 0xF0, 0x00, 0x70, 0x02, 0xF0, 0x00, 0xF0, 0x02, 0xF0, 0x03, 0xFA,
    0xAB, 0xF0, 0x2F, 0xFF, 0xFF, 0xF8, 0x3F, 0x40, 0x00, 0xBF, 0x3C, 0x00, 0x00, 0x1F, 0x3C, 0x00,
    0x00, 0x0F, 0x38, 0x00, 0x00, 0x0B, 0x00, 0x00, 0x00, 0x00, 0x00, 0x0A, 0x80, 0x00, 0x01, 0xFF,
    0xF8, 0x00, 0x0B, 0xE0, 0xBE, 0x00, 0x0F, 0x80, 0x3F, 0x00, 0x2F, 0x00, 0x2F, 0x00, 0x3F, 0xAA,
    0xAF, 0x00, 0x3F, 0xFF, 0xFF, 0x40, 0x3E, 0x00, 0x00, 0x00, 0x3F, 0x00, 0x00, 0x00, 0x3F, 0x00,
    0x00, 0x00, 0x2F, 0x80, 0x00, 0x00, 0x0F, 0xD0, 0x03, 0x40, 0x03, 0xFE, 0xBF, 0x00, 0x00, 0xBF,
    0xF8, 0x00, 0x00, 0x00, 0x00, 0x00, 0x18, 0x00, 0x00, 0x01, 0x80, 0xBF, 0x8B, 0xFF, 0x0F, 0xF4,
    0xBF, 0xC0, 0xFC, 0x1F, 0xF8, 0x20, 0xE0, 0xFC, 0x38, 0x20, 0x00, 0xB0, 0xFC, 0x34, 0x00, 0x00,
    0x38, 0xFC, 0xF0, 0x00, 0x00, 0x2E, 0xFE, 0xC0, 0x00, 0x00, 0x2F, 0xFF, 0xE0, 0x00, 0x00, 0xBE,
    0xFE, 0xF4, 0x00, 0x00, 0xF8, 0xFC, 0xFC, 0x00, 0x03, 0xF0, 0xFC, 0x3E, 0x00, 0x0B, 0xC0, 0xFC,
    0x2F, 0x40, 0x2F, 0x81, 0xFD, 0x0F, 0xD0, 0xFF, 0x0B, 0xFF, 0x07, 0xF8, 0x01, 0xA9, 0x00, 0x3F,
    0xFF, 0xD0, 0x3C, 0x03, 0xF0, 0x38, 0x00, 0xF8, 0x20, 0x00, 0xF8, 0x00, 0x02, 0xF0, 0x00, 0x6F,
    0xC0, 0x00, 0xBF, 0xE0, 0x00, 0x02, 0xF8, 0x00, 0x00, 0xBC, 0x20, 0x00, 0xBC, 0x38, 0x00, 0xFC,
    0x3E, 0x03, 0xF0, 0x2F, 0xFF, 0xC0, 0x00, 0x00, 0x00, 0x00, 0x00, 0x00, 0x00, 0x3F, 0xF8, 0x2F,
    0xFE, 0x0B, 0xC0, 0x03, 0xF0, 0x0B, 0xC0, 0x0B, 0xF0, 0x0B, 0xC0, 0x0F, 0xF0, 0x0B, 0xC0, 0x3A,
    0xF0, 0x0B, 0xC0, 0xE2, 0xF0, 0x0B, 0xC3, 0x82, 0xF0, 0x0B, 0xCF, 0x02, 0xF0, 0x0B, 0xFC, 0x02,
    0xF0, 0x0B, 0xF0, 0x02, 0xF0, 0x0B, 0xC0, 0x02, 0xF0, 0x0F, 0xE0, 0x03, 0xF4, 0x3F, 0xF8, 0x2F,
    0xFE, 0x00, 0x00, 0x00, 0x00, 0x00, 0xBC, 0x2F, 0x00, 0x00, 0xB8, 0x0F, 0x00, 0x00, 0x38, 0x0E,
    0x00, 0x00, 0x0B, 0xF4, 0x00, 0x00, 0x00, 0x00, 0x00, 0x00, 0x00, 0x00, 0x00, 0x3F, 0xF8, 0x2F,
    0xFE, 0x0B, 0xC0, 0x03, 0xF0, 0x0B, 0xC0, 0x0B, 0xF0, 0x0B, 0xC0, 0x0F, 0xF0, 0x0B, 0xC0, 0x3A,
    0xF0, 0x0B, 0xC0, 0xE2, 0xF0, 0x0B, 0xC3, 0x82, 0xF0, 0x0B, 0xCF, 0x02, 0xF0, 0x0B, 0xFC, 0x02,
    0xF0, 0x0B, 0xF0, 0x02, 0xF0, 0x0B, 0xC0, 0x02, 0xF0, 0x0F, 0xE0, 0x03, 0xF4, 0x3F, 0xF8, 0x2F,
    0xFE, 0x00, 0x00, 0x02, 0x80, 0x3F, 0xF8, 0x2F, 0xE0, 0x0B, 0xC0, 0x3F, 0xF0, 0x0B, 0xC0, 0xB0,
    0x80, 0x0B, 0xC0, 0xE0, 0x00, 0x0B, 0xC2, 0xC0, 0x00, 0x0B, 0xEB, 0x80, 0x00, 0x0B, 0xFF, 0x80,
    0x00, 0x0B, 0xCB, 0xE0, 0x00, 0x0B, 0xC2, 0xF0, 0x00, 0x0B, 0xC0, 0xFC, 0x00, 0x0B, 0xC0, 0x3F,
    0x00, 0x0F, 0xE0, 0x2F, 0x80, 0x3F, 0xF8, 0x0F, 0xF0, 0x00, 0x00, 0x00, 0x00, 0x02, 0xFF, 0xFF,
    0xFC, 0x00, 0x3C, 0x07, 0xE0, 0x00, 0x38, 0x03, 0xE0, 0x00, 0x38, 0x03, 0xE0, 0x00, 0x38, 0x03,
    0xE0, 0x00, 0x38, 0x03, 0xE0, 0x00, 0x38, 0x03, 0xE0, 0x00, 0x38, 0x03, 0xE0, 0x00, 0x30, 0x03,
    0xE0, 0x00, 0xB0, 0x03, 0xE0, 0x74, 0xF0, 0x03, 0xE0, 0xFF, 0xC0, 0x0B, 0xF0, 0xFF, 0x40, 0x3F,
    0xFC, 0x00, 0x00, 0x00, 0x00, 0x00, 0x00, 0x00, 0x00, 0x00, 0x3F, 0xE0, 0x00, 0x3F, 0xF8, 0x0B,
    0xF0, 0x00, 0x3F, 0xC0, 0x0B, 0xF8, 0x00, 0xFF, 0xC0, 0x0B, 0xBC, 0x00, 0xEF, 0xC0, 0x0B, 0x3C,
    0x02, 0xCF, 0xC0, 0x0B, 0x3E, 0x03, 0x8F, 0xC0, 0x0B, 0x1F, 0x03, 0x0F, 0xC0, 0x0B, 0x0F, 0x8B,
    0x0F, 0xC0, 0x0B, 0x0B, 0xCE, 0x0F, 0xC0, 0x0B, 0x03, 0xFC, 0x0F, 0xC0, 0x0B, 0x02, 0xF8, 0x0F,
    0xC0, 0x0F, 0x40, 0xF0, 0x0F, 0xD0, 0x3F, 0xE0, 0xF0, 0x7F, 0xF8, 0x00, 0x00, 0x00, 0x00, 0x3F,
    0xF8, 0x2F, 0xFE, 0x0B, 0xC0, 0x03, 0xF0, 0x0B, 0xC0, 0x03, 0xE0, 0x0B, 0xC0, 0x03, 0xE0, 0x0B,
    0xC0, 0x03, 0xE0, 0x0B, 0xEA, 0xAB, 0xE0, 0x0B, 0xEA, 0xAB, 0xE0, 0x0B, 0xC0, 0x03, 0xE0, 0x0B,
    0xC0, 0x03, 0xE0, 0x0B, 0xC0, 0x03, 0xE0, 0x0B, 0xC0, 0x03, 0xE0, 0x0F, 0xE0, 0x07, 0xF0, 0x3F,
    0xF8, 0x2F, 0xFE, 0x00, 0x0A, 0x80, 0x00, 0x01, 0xFF, 0xFC, 0x00, 0x0B, 0xE0, 0x3F, 0x00, 0x0F,
    0xC0, 0x0F, 0xC0, 0x2F, 0x00, 0x0B, 0xC0, 0x3F, 0x00, 0x07, 0xE0, 0x3F, 0x00, 0x03, 0xF0, 0x3F,
    0x00, 0x03, 0xF0, 0x3F, 0x00, 0x03, 0xE0, 0x3F, 0x00, 0x0B, 0xE0, 0x2F, 0x80, 0x0B, 0xC0, 0x0F,
    0xC0, 0x0F, 0x80, 0x03, 0xF0, 0xBF, 0x00, 0x00, 0xBF, 0xF8, 0x00, 0x00, 0x00, 0x00, 0x00, 0x00,
    0x00, 0x00, 0x00, 0x3F, 0xFF, 0xFF, 0xF8, 0x0B, 0xC0, 0x0F, 0xC0, 0x0B, 0xC0, 0x0F, 0xC0, 0x0B,
    0xC0, 0x0F, 0xC0, 0x0B, 0xC0, 0x0F, 0xC0, 0x0B, 0xC0, 0x0F, 0xC0, 0x0B, 0xC0, 0x0F, 0xC0, 0x0B,
    0xC0, 0x0F, 0xC0, 0x0B, 0xC0, 0x0F, 0xC0, 0x0B, 0xC0, 0x0F, 0xC0, 0x0B, 0xC0, 0x0F, 0xC0, 0x0F,
    0xE0, 0x0F, 0xD0, 0x3F, 0xF8, 0xBF, 0xF8, 0x00, 0x00, 0xA0, 0x00, 0x2F, 0xEF, 0xFF, 0x00, 0xBF,
    0xFA, 0xBF, 0xC0, 0x0B, 0xC0, 0x0F, 0xE0, 0x0B, 0xC0, 0x03, 0xF0, 0x0B, 0xC0, 0x03, 0xF0, 0x0B,
    0xC0, 0x02, 0xF0, 0x0B, 0xC0, 0x02, 0xF0, 0x0B, 0xC0, 0x02, 0xF0, 0x0B, 0xC0, 0x03, 0xF0, 0x0B,
    0xC0, 0x0B, 0xE0, 0x0B, 0xC0, 0x0F, 0xC0, 0x0B, 0xEA, 0xBF, 0x00, 0x0B, 0xFF, 0xE4, 0x00, 0x0B,
    0xC0, 0x00, 0x00, 0x0B, 0xC0, 0x00, 0x00, 0x0B, 0xC0, 0x00, 0x00, 0x0B, 0xC0, 0x00, 0x00, 0x2F,
    0xE8, 0x00, 0x00, 0x7F, 0xFC, 0x00, 0x00, 0x00, 0x0A, 0x80, 0x00, 0xFF, 0xFC, 0x07, 0xE0, 0x3E,
    0x0F, 0xC0, 0x3E, 0x2F, 0x00, 0x3C, 0x3F, 0x00, 0x00, 0x3F, 0x00, 0x00, 0x3F, 0x00, 0x00, 0x3F,
    0x00, 0x00, 0x3F, 0x00, 0x00, 0x2F, 0xC0, 0x00, 0x0F, 0xE0, 0x02, 0x03, 0xFE, 0xBF, 0x00, 0xBF,
    0xF8, 0x00, 0x00, 0x00, 0x00, 0x00, 0x00, 0x00, 0x3F, 0xFF, 0xFF, 0x80, 0x38, 0x3F, 0x07, 0x80,
    0x30, 0x2F, 0x03, 0x80, 0x20, 0x2F, 0x01, 0x00, 0x00, 0x2F, 0x00, 0x00, 0x00, 0x2F, 0x00, 0x00,
    0x00, 0x2F, 0x00, 0x00, 0x00, 0x2F, 0x00, 0x00, 0x00, 0x2F, 0x00, 0x00, 0x00, 0x2F, 0x00, 0x00,
    0x00, 0x2F, 0x00, 0x00, 0x00, 0x3F, 0x40, 0x00, 0x02, 0xFF, 0xF0, 0x00, 0x00, 0x00, 0x00, 0x00,
    0xFF, 0xF0, 0x3F, 0xF0, 0x0F, 0xC0, 0x07, 0x80, 0x0F, 0xC0, 0x0B, 0x00, 0x07, 0xD0, 0x0F, 0x00,
    0x03, 0xF0, 0x2C, 0x00, 0x02, 0xF0, 0x3C, 0x00, 0x00, 0xF8, 0x38, 0x00, 0x00, 0xFC, 0xB0, 0x00,
    0x00, 0xBE, 0xE0, 0x00, 0x00, 0x3F, 0xC0, 0x00, 0x00, 0x2F, 0xC0, 0x00, 0x00, 0x0F, 0x80, 0x00,
    0x00, 0x0F, 0x00, 0x00, 0x00, 0x0E, 0x00, 0x00, 0x00, 0x2C, 0x00, 0x00, 0x00, 0x3C, 0x00, 0x00,
    0x3F, 0xF0, 0x00, 0x00, 0x3F, 0xE0, 0x00, 0x00, 0x2E, 0x00, 0x00, 0x00, 0x00, 0x00, 0x6C, 0x00,
    0x00, 0x00, 0x0B, 0xFC, 0x00, 0x00, 0x00, 0x00, 0xBC, 0x00, 0x00, 0x00, 0x00, 0xBC, 0x00, 0x00,
    0x00, 0x00, 0xBC, 0x00, 0x00, 0x00, 0x2A, 0xBE, 0xA4, 0x00, 0x02, 0xFF, 0xFF, 0xFF, 0x00, 0x0B,
    0xE0, 0xBC, 0x0F, 0xC0, 0x0F, 0x80, 0xBC, 0x03, 0xF0, 0x2F, 0x00, 0xBC, 0x02, 0xF0, 0x3F, 0x00,
    0xBC, 0x00, 0xF8, 0x3E, 0x00, 0xBC, 0x00, 0xF8, 0x3E, 0x00, 0xBC, 0x00, 0xF8, 0x3F, 0x00, 0xBC,
    0x00, 0xF8, 0x3F, 0x00, 0xBC, 0x01, 0xF8, 0x2F, 0x00, 0xBC, 0x03, 0xF0, 0x0F, 0xC0, 0xBC, 0x03,
    0xE0, 0x07, 0xF0, 0xFE, 0x1F, 0xC0, 0x00, 0xFF, 0xFF, 0xFE, 0x00, 0x00, 0x00, 0xBC, 0x00, 0x00,
    0x00, 0x00, 0xBC, 0x00, 0x00, 0x00, 0x00, 0xBC, 0x00, 0x00, 0x00, 0x00, 0xBC, 0x00, 0x00, 0x00,
    0x02, 0xFE, 0x40, 0x00, 0x00, 0x0B, 0xFF, 0xC0, 0x00, 0x00, 0x00, 0x00, 0x00, 0xBF, 0xF8, 0xFF,
    0xC0, 0x0F, 0xE0, 0x2E, 0x00, 0x03, 0xF0, 0x38, 0x00, 0x02, 0xF8, 0xF0, 0x00, 0x00, 0xFF, 0xC0,
    0x00, 0x00, 0x3F, 0x80, 0x00, 0x00, 0x2F, 0x80, 0x00, 0x00, 0x3F, 0xD0, 0x00, 0x00, 0xF7, 0xF0,
    0x00, 0x02, 0xD2, 0xFC, 0x00, 0x0B, 0x80, 0xFE, 0x00, 0x2F, 0x80, 0xBF, 0x80, 0xFF, 0xE1, 0xFF,
    0xE0, 0x00, 0x00, 0x00, 0x00, 0x3F, 0xF8, 0xBF, 0xF8, 0x0B, 0xC0, 0x0F, 0xC0, 0x0B, 0xC0, 0x0F,
    0xC0, 0x0B, 0xC0, 0x0F, 0xC0, 0x0B, 0xC0, 0x0F, 0xC0, 0x0B, 0xC0, 0x0F, 0xC0, 0x0B, 0xC0, 0x0F,
    0xC0, 0x0B, 0xC0, 0x0F, 0xC0, 0x0B, 0xC0, 0x0F, 0xC0, 0x0B, 0xC0, 0x0F, 0xC0, 0x0B, 0xC0, 0x0F,
    0xC0, 0x0F, 0xEA, 0xAF, 0xD0, 0x3F, 0xFF, 0xFF, 0xF8, 0x00, 0x00, 0x02, 0xF8, 0x00, 0x00, 0x00,
    0xB8, 0x00, 0x00, 0x00, 0x38, 0x00, 0x00, 0x00, 0x38, 0x00, 0x00, 0x00, 0x00, 0x00, 0x00, 0x00,
    0x00, 0x3F, 0xF8, 0xFF, 0xE0, 0x0B, 0xC0, 0x3F, 0x00, 0x0B, 0xC0, 0x3F, 0x00, 0x0B, 0xC0, 0x3F,
    0x00, 0x0B, 0xC0, 0x3F, 0x00, 0x0B, 0xC0, 0x3F, 0x00, 0x07, 0xFA, 0xFF, 0x00, 0x02, 0xFF, 0xBF,
    0x00, 0x00, 0x00, 0x3F, 0x00, 0x00, 0x00, 0x3F, 0x00, 0x00, 0x00, 0x3F, 0x00, 0x00, 0x00, 0x7F,
    0x40, 0x00, 0x00, 0xFF, 0xE0, 0x00, 0x00, 0x00, 0x00, 0x00, 0x00, 0x3F, 0xF8, 0xFF, 0xF3, 0xFF,
    0xC0, 0x0F, 0xC0, 0x2F, 0x00, 0x7E, 0x00, 0x0B, 0xC0, 0x2F, 0x00, 0x3D, 0x00, 0x0B, 0xC0, 0x2F,
    0x00, 0x3D, 0x00, 0x0B, 0xC0, 0x2F, 0x00, 0x3D, 0x00, 0x0B, 0xC0, 0x2F, 0x00, 0x3D, 0x00, 0x0B,
    0xC0, 0x2F, 0x00, 0x3D, 0x00, 0x0B, 0xC0, 0x2F, 0x00, 0x3D, 0x00, 0x0B, 0xC0, 0x2F, 0x00, 0x3D,
    0x00, 0x0B, 0xC0, 0x2F, 0x00, 0x3D, 0x00, 0x0B, 0xC0, 0x2F, 0x00, 0x3D, 0x00, 0x0F, 0xEA, 0xBF,
    0xAA, 0xBE, 0x00, 0x3F, 0xFF, 0xFF, 0xFF, 0xFF, 0xC0, 0x00, 0x00, 0x00, 0x00, 0x00, 0x00, 0x3F,
    0xF8, 0xFF, 0xF3, 0xFF, 0xC0, 0x0F, 0xC0, 0x2F, 0x00, 0x7E, 0x00, 0x0B, 0xC0, 0x2F, 0x00, 0x3D,
    0x00, 0x0B, 0xC0, 0x2F, 0x00, 0x3D, 0x00, 0x0B, 0xC0, 0x2F, 0x00, 0x3D, 0x00, 0x0B, 0xC0, 0x2F,
    0x00, 0x3D, 0x00, 0x0B, 0xC0, 0x2F, 0x00, 0x3D, 0x00, 0x0B, 0xC0, 0x2F, 0x00, 0x3D, 0x00, 0x0B,
    0xC0, 0x2F, 0x00, 0x3D, 0x00, 0x0B, 0xC0, 0x2F, 0x00, 0x3D, 0x00, 0x0B, 0xC0, 0x2F, 0x00, 0x3D,
    0x00, 0x0F, 0xEA, 0xBF, 0xAA, 0xBE, 0x00, 0x3F, 0xFF, 0xFF, 0xFF, 0xFF, 0xC0, 0x00, 0x00, 0x00,
    0x00, 0x0B, 0xC0, 0x00, 0x00, 0x00, 0x00, 0x03, 0xC0, 0x00, 0x00, 0x00, 0x00, 0x02, 0xC0, 0x00,
    0x00, 0x00, 0x00, 0x02, 0xC0, 0x00, 0x00, 0x00, 0x00, 0x00, 0x00, 0x00, 0x00, 0x00, 0x00, 0xFF,
    0xFF, 0xC0, 0x00, 0xF0, 0xBC, 0x00, 0x00, 0xE0, 0xBC, 0x00, 0x00, 0x00, 0xBC, 0x00, 0x00, 0x00,
    0xBE, 0x00, 0x00, 0x00, 0xBF, 0xFF, 0x40, 0x00, 0xBC, 0x0B, 0xE0, 0x00, 0xBC, 0x03, 0xF0, 0x00,
    0xBC, 0x02, 0xF0, 0x00, 0xBC, 0x02, 0xF0, 0x00, 0xBC, 0x03, 0xF0, 0x00, 0xBE, 0xAF, 0xE0, 0x03,
    0xFF, 0xFE, 0x00, 0x00, 0x00, 0x00, 0x00, 0x00, 0x3F, 0xFC, 0x00, 0xFF, 0xF0, 0x0B, 0xC0, 0x00,
    0x2F, 0x00, 0x0B, 0xC0, 0x00, 0x2F, 0x00, 0x0B, 0xC0, 0x00, 0x2F, 0x00, 0x0B, 0xD0, 0x00, 0x2F,
    0x00, 0x0B, 0xFF, 0xF0, 0x2F, 0x00, 0x0B, 0xC0, 0xFC, 0x2F, 0x00, 0x0B, 0xC0, 0x3F, 0x2F, 0x00,
    0x0B, 0xC0, 0x3F, 0x2F, 0x00, 0x0B, 0xC0, 0x3F, 0x2F, 0x00, 0x0B, 0xC0, 0x3F, 0x2F, 0x00, 0x0F,
    0xEA, 0xFD, 0x2F, 0x80, 0x7F, 0xFF, 0xE0, 0xFF, 0xF0, 0x00, 0x00, 0x00, 0x00, 0x3F, 0xFC, 0x00,
    0x00, 0x0B, 0xC0, 0x00, 0x00, 0x0B, 0xC0, 0x00, 0x00, 0x0B, 0xC0, 0x00, 0x00, 0x0B, 0xD0, 0x00,
    0x00, 0x0B, 0xFF, 0xF0, 0x00, 0x0B, 0xC0, 0xFC, 0x00, 0x0B, 0xC0, 0x3F, 0x00, 0x0B, 0xC0, 0x3F,
    0x00, 0x0B, 0xC0, 0x3F, 0x00, 0x0B, 0xC0, 0x3F, 0x00, 0x0F, 0xEA, 0xFC, 0x00, 0x7F, 0xFF, 0xE0,
    0x00, 0x02, 0xA4, 0x00, 0x3F, 0xFF, 0x80, 0x38, 0x03, 0xF0, 0x30, 0x00, 0xF8, 0x10, 0x00, 0xBC,
    0x00, 0x00, 0xBD, 0x00, 0xAA, 0xBE, 0x00, 0xFF, 0xFE, 0x00, 0x00, 0x7E, 0x00, 0x00, 0xBC, 0x30,
    0x00, 0xFC, 0x38, 0x01, 0xF0, 0x3C, 0x0B, 0xE0, 0x3F, 0xFE, 0x00, 0x00, 0x00, 0x00, 0x00, 0x00,
    0x00, 0xA8, 0x00, 0xBF, 0xF8, 0x0F, 0xFF, 0x80, 0x0F, 0xC0, 0x3E, 0x03, 0xF0, 0x0B, 0xC0, 0xBC,
    0x00, 0xF0, 0x0B, 0xC0, 0xF8, 0x00, 0xF8, 0x0B, 0xC0, 0xF8, 0x00, 0xFC, 0x0B, 0xC2, 0xF4, 0x00,
    0xFC, 0x0B, 0xFF, 0xF0, 0x00, 0xBC, 0x0B, 0xC2, 0xF8, 0x00, 0xFC, 0x0B, 0xC0, 0xF8, 0x00, 0xFC,
    0x0B, 0xC0, 0xF8, 0x00, 0xF8, 0x0B, 0xC0, 0xBC, 0x02, 0xF0, 0x0F, 0xE0, 0x3F, 0x07, 0xE0, 0xBF,
    0xF8, 0x0B, 0xFF, 0x00, 0x00, 0x00, 0x00, 0x00, 0x00, 0x00, 0x00, 0x00, 0x00, 0x00, 0x7F, 0xFF,
    0xF8, 0x02, 0xFD, 0x0F, 0xC0, 0x03, 0xF0, 0x0B, 0xC0, 0x03, 0xF0, 0x0B, 0xC0, 0x02, 0xF0, 0x0B,
    0xC0, 0x00, 0xFD, 0x0F, 0xC0, 0x00, 0x2F, 0xFF, 0xC0, 0x00, 0xBF, 0x4F, 0xC0, 0x00, 0xFC, 0x0B,
    0xC0, 0x01, 0xF0, 0x0B, 0xC0, 0x02, 0xF0, 0x0B, 0xC0, 0x0B, 0xE0, 0x0F, 0xD0, 0x3F, 0x80, 0x7F,
    0xF4, 0x00, 0x00, 0x00, 0x00, 0x00, 0x00, 0x00, 0x00, 0x02, 0xE0, 0x00, 0x00, 0x03, 0xF8, 0x00,
    0x00, 0x00, 0xFE, 0x00, 0x00, 0x00, 0x2F, 0x00, 0x00, 0x00, 0x03, 0xC0, 0x00, 0x00, 0x00, 0x00,
    0x00, 0x00, 0x0A, 0x80, 0x00, 0x01, 0xFF, 0xF8, 0x00, 0x0B, 0xE0, 0xBE, 0x00, 0x0F, 0x80, 0x3F,
    0x00, 0x2F, 0x00, 0x2F, 0x00, 0x3F, 0xAA, 0xAF, 0x00, 0x3F, 0xFF, 0xFF, 0x40, 0x3E, 0x00, 0x00,
    0x00, 0x3F, 0x00, 0x00, 0x00, 0x3F, 0x00, 0x00, 0x00, 0x2F, 0x80, 0x00, 0x00, 0x0F, 0xD0, 0x03,
    0x40, 0x03, 0xFE, 0xBF, 0x00, 0x00, 0xBF, 0xF8, 0x00, 0x00, 0x00, 0x00, 0x00, 0x00, 0x00, 0x00,
    0x00, 0x03, 0xD0, 0x3C, 0x00, 0x03, 0xF0, 0xBC, 0x00, 0x03, 0xE0, 0x7C, 0x00, 0x00, 0x00, 0x00,
    0x00, 0x00, 0x00, 0x00, 0x00, 0x00, 0x0A, 0x80, 0x00, 0x01, 0xFF, 0xF8, 0x00, 0x0B, 0xE0, 0xBE,
    0x00, 0x0F, 0x80, 0x3F, 0x00, 0x2F, 0x00, 0x2F, 0x00, 0x3F, 0xAA, 0xAF, 0x00, 0x3F, 0xFF, 0xFF,
    0x40, 0x3E, 0x00, 0x00, 0x00, 0x3F, 0x00, 0x00, 0x00, 0x3F, 0x00, 0x00, 0x00, 0x2F, 0x80, 0x00,
    0x00, 0x0F, 0xD0, 0x03, 0x40, 0x03, 0xFE, 0xBF, 0x00, 0x00, 0xBF, 0xF8, 0x00, 0x00, 0x00, 0x00,
    0x00, 0x00, 0x00, 0x00, 0x00, 0x2F, 0xC0, 0x00, 0x00, 0xBF, 0xC0, 0x00, 0x00, 0x0B, 0xC0, 0x00,
    0x00, 0x0F, 0xD0, 0x00, 0x00, 0xBF, 0xFF, 0xF0, 0x00, 0x0B, 0xC0, 0x00, 0x00, 0x0B, 0xC0, 0xA4,
    0x00, 0x0B, 0xDF, 0xFF, 0x40, 0x0B, 0xFE, 0xBF, 0xC0, 0x0B, 0xC0, 0x07, 0xF0, 0x0B, 0xC0, 0x02,
    0xF0, 0x0B, 0xC0, 0x00, 0xF8, 0x0B, 0xC0, 0x00, 0xF8, 0x0B, 0xC0, 0x00, 0xF8, 0x0B, 0xC0, 0x00,
    0xF8, 0x0B, 0xC0, 0x00, 0xF8, 0x0B, 0xC0, 0x01, 0xF4, 0x0B, 0xC0, 0x02, 0xF0, 0x1F, 0xE0, 0x03,
    0xF0, 0xBF, 0xFC, 0x0B, 0xD0, 0x00, 0x00, 0x0F, 0xC0, 0x00, 0x00, 0x3F, 0x00, 0x00, 0x00, 0xFC,
    0x00, 0x00, 0x0F, 0xE0, 0x00, 0x00, 0x08, 0x00, 0x00, 0x00, 0x00, 0x00, 0x00, 0x02, 0xE0, 0x00,
    0x0B, 0xF0, 0x00, 0x2F, 0xC0, 0x00, 0x3E, 0x00, 0x00, 0xF0, 0x00, 0x00, 0x00, 0x00, 0x00, 0x00,
    0x00, 0xBF, 0xFF, 0xFD, 0x0F, 0xC0, 0x2D, 0x0B, 0xC0, 0x0D, 0x0B, 0xC0, 0x0C, 0x0B, 0xC0, 0x00,
    0x0B, 0xC0, 0x00, 0x0B, 0xC0, 0x00, 0x0B, 0xC0, 0x00, 0x0B, 0xC0, 0x00, 0x0B, 0xC0, 0x00, 0x0B,
    0xC0, 0x00, 0x0F, 0xE0, 0x00, 0x7F, 0xF8, 0x00, 0x00, 0x0A, 0x90, 0x01, 0xFF, 0xFE, 0x0B, 0xD0,
    0x1E, 0x0F, 0x00, 0x0E, 0x2F, 0x00, 0x00, 0x3E, 0x00, 0x00, 0x3E, 0xAA, 0x00, 0x3F, 0xFF, 0x00,
    0x3E, 0x00, 0x00, 0x3E, 0x00, 0x00, 0x2F, 0x00, 0x0D, 0x0F, 0x80, 0x0E, 0x03, 0xF0, 0x2E, 0x00,
    0xBF, 0xFC, 0x00, 0x00, 0x00, 0x00, 0x6A, 0x00, 0x0B, 0xFF, 0xE0, 0x0F, 0x41, 0xE0, 0x2F, 0x00,
    0xE0, 0x3F, 0x00, 0x40, 0x2F, 0xD0, 0x00, 0x0F, 0xFC, 0x00, 0x02, 0xFF, 0x80, 0x00, 0x2F, 0xE0,
    0x00, 0x03, 0xF0, 0x38, 0x02, 0xF0, 0x38, 0x02, 0xF0, 0x3E, 0x0B, 0xC0, 0x2F, 0xFE, 0x00, 0x00,
    0x00, 0x00, 0x00, 0x00, 0x03, 0xE0, 0x0B, 0xF0, 0x03, 0xE0, 0x00, 0x00, 0x00, 0x00, 0x01, 0x80,
    0x3F, 0xD0, 0x2B, 0xD0, 0x03, 0xD0, 0x03, 0xD0, 0x03, 0xD0, 0x03, 0xD0, 0x03, 0xD0, 0x03, 0xD0,
    0x03, 0xD0, 0x03, 0xD0, 0x03, 0xD0, 0x0B, 0xE0, 0x3F, 0xFC, 0x00, 0x00, 0x00, 0x3E, 0x03, 0xC0,
    0x3F, 0x0B, 0xD0, 0x3E, 0x03, 0xC0, 0x00, 0x00, 0x00, 0x00, 0x00, 0x00, 0x00, 0x60, 0x00, 0x0F,
    0xF4, 0x00, 0x0A, 0xF4, 0x00, 0x00, 0xF4, 0x00, 0x00, 0xF4, 0x00, 0x00, 0xF4, 0x00, 0x00, 0xF4,
    0x00, 0x00, 0xF4, 0x00, 0x00, 0xF4, 0x00, 0x00, 0xF4, 0x00, 0x00, 0xF4, 0x00, 0x00, 0xF4, 0x00,
    0x02, 0xF8, 0x00, 0x0F, 0xFF, 0x00, 0x00, 0x00, 0x00, 0x00, 0x1F, 0x80, 0x00, 0x2F, 0xC0, 0x00,
    0x0F, 0x80, 0x00, 0x00, 0x00, 0x00, 0x00, 0x00, 0x00, 0x02, 0x00, 0x00, 0xBF, 0x80, 0x00, 0xAF,
    0x80, 0x00, 0x0F, 0x80, 0x00, 0x0F, 0x80, 0x00, 0x0F, 0x80, 0x00, 0x0F, 0x80, 0x00, 0x0F, 0x80,
    0x00, 0x0F, 0x80, 0x00, 0x0F, 0x80, 0x00, 0x0F, 0x80, 0x00, 0x0F, 0x80, 0x00, 0x0F, 0x80, 0x00,
    0x0F, 0x80, 0x00, 0x0F, 0x40, 0x00, 0x0F, 0x00, 0x00, 0x0F, 0x00, 0x3C, 0x2E, 0x00, 0x3F, 0xBC,
    0x00, 0x3F, 0xE0, 0x00, 0x00, 0x00, 0x00, 0x00, 0x00, 0x00, 0x00, 0x00, 0x02, 0xFF, 0xFF, 0xF8,
    0x00, 0x00, 0x3C, 0x0F, 0x80, 0x00, 0x00, 0x38, 0x0F, 0x80, 0x00, 0x00, 0x38, 0x0F, 0x80, 0x00,
    0x00, 0x38, 0x0F, 0xC0, 0x00, 0x00, 0x38, 0x0F, 0xFF, 0xE0, 0x00, 0x38, 0x0F, 0x80, 0xFC, 0x00,
    0x38, 0x0F, 0x80, 0x7E, 0x00, 0x30, 0x0F, 0x80, 0x3E, 0x00, 0xB0, 0x0F, 0x80, 0x3E, 0x74, 0xF0,
    0x0F, 0x80, 0xBE, 0xFF, 0xC0, 0x2F, 0xDA, 0xFC, 0xFF, 0x40, 0xBF, 0xFF, 0xA0, 0x00, 0x00, 0x00,
    0x00, 0x00, 0x00, 0x00, 0x00, 0x00, 0x00, 0x00, 0x3F, 0xF8, 0x3F, 0xFC, 0x00, 0x00, 0x0B, 0xC0,
    0x0B, 0xC0, 0x00, 0x00, 0x0B, 0xC0, 0x0B, 0xC0, 0x00, 0x00, 0x0B, 0xC0, 0x0B, 0xC0, 0x00, 0x00,
    0x0B, 0xC0, 0x0B, 0xC0, 0x00, 0x00, 0x0B, 0xFF, 0xFF, 0xFF, 0xE0, 0x00, 0x0B, 0xEA, 0xAF, 0xC0,
    0xFC, 0x00, 0x0B, 0xC0, 0x0B, 0xC0, 0x3F, 0x00, 0x0B, 0xC0, 0x0B, 0xC0, 0x3F, 0x00, 0x0B, 0xC0,
    0x0B, 0xC0, 0x3F, 0x00, 0x0B, 0xC0, 0x0B, 0xC0, 0x3F, 0x00, 0x0F, 0xE0, 0x0F, 0xE6, 0xFC, 0x00,
    0x3F, 0xF8, 0x3F, 0xFF, 0xE0, 0x00, 0x00, 0x00, 0x00, 0x00, 0x00, 0x0B, 0xF0, 0x00, 0x00, 0x00,
    0x2F, 0xF0, 0x00, 0x00, 0x00, 0x02, 0xF0, 0x00, 0x00, 0x00, 0x02, 0xF0, 0x00, 0x00, 0x00, 0x3F,
    0xFF, 0xC0, 0x00, 0x00, 0x2B, 0xFE, 0x80, 0x00, 0x00, 0x02, 0xF0, 0x19, 0x00, 0x00, 0x02, 0xF3,
    0xFF, 0xC0, 0x00, 0x02, 0xFF, 0xAF, 0xF0, 0x00, 0x02, 0xF0, 0x03, 0xF0, 0x00, 0x02, 0xF0, 0x02,
    0xF0, 0x00, 0x02, 0xF0, 0x02, 0xF0, 0x00, 0x02, 0xF0, 0x02, 0xF0, 0x00, 0x02, 0xF0, 0x02, 0xF0,
    0x00, 0x02, 0xF0, 0x02, 0xF0, 0x00, 0x02, 0xF0, 0x02, 0xF0, 0x00, 0x02, 0xF0, 0x02, 0xF0, 0x00,
    0x02, 0xF0, 0x02, 0xF0, 0x00, 0x03, 0xF8, 0x03, 0xF8, 0x00, 0x2F, 0xFE, 0x0F, 0xFF, 0x00, 0x00,
    0x00, 0x00, 0x00, 0x00, 0x00, 0x3C, 0x00, 0x00, 0x00, 0xFC, 0x00, 0x00, 0x03, 0xF8, 0x00, 0x00,
    0x0F, 0xC0, 0x00, 0x00, 0x2E, 0x00, 0x00, 0x00, 0x00, 0x00, 0x00, 0x00, 0x00, 0x02, 0x80, 0x3F,
    0xF8, 0x2F, 0xE0, 0x0B, 0xC0, 0x3F, 0xF0, 0x0B, 0xC0, 0xB0, 0x80, 0x0B, 0xC0, 0xE0, 0x00, 0x0B,
    0xC2, 0xC0, 0x00, 0x0B, 0xEB, 0x80, 0x00, 0x0B, 0xFF, 0x80, 0x00, 0x0B, 0xCB, 0xE0, 0x00, 0x0B,
    0xC2, 0xF0, 0x00, 0x0B, 0xC0, 0xFC, 0x00, 0x0B, 0xC0, 0x3F, 0x00, 0x0F, 0xE0, 0x2F, 0x80, 0x3F,
    0xF8, 0x0F, 0xF0, 0x00, 0x00, 0x00, 0x00, 0x00, 0xB8, 0x00, 0x00, 0x00, 0xFE, 0x00, 0x00, 0x00,
    0x3F, 0x80, 0x00, 0x00, 0x0B, 0xE0, 0x00, 0x00, 0x00, 0xF0, 0x00, 0x00, 0x00, 0x00, 0x00, 0x00,
    0x00, 0x00, 0x00, 0x3F, 0xF8, 0x2F, 0xFE, 0x0B, 0xC0, 0x03, 0xF0, 0x0B, 0xC0, 0x0B, 0xF0, 0x0B,
    0xC0, 0x0F, 0xF0, 0x0B, 0xC0, 0x3A, 0xF0, 0x0B, 0xC0, 0xE2, 0xF0, 0x0B, 0xC3, 0x82, 0xF0, 0x0B,
    0xCF, 0x02, 0xF0, 0x0B, 0xFC, 0x02, 0xF0, 0x0B, 0xF0, 0x02, 0xF0, 0x0B, 0xC0, 0x02, 0xF0, 0x0F,
    0xE0, 0x03, 0xF4, 0x3F, 0xF8, 0x2F, 0xFE, 0x00, 0x00, 0x00, 0x00, 0x00, 0xF0, 0x7C, 0x00, 0x02,
    0xE0, 0x3C, 0x00, 0x00, 0xE0, 0x3C, 0x00, 0x00, 0x2F, 0xE0, 0x00, 0x00, 0x00, 0x00, 0x00, 0x00,
    0x00, 0x00, 0x00, 0xFF, 0xF0, 0x3F, 0xF0, 0x0F, 0xC0, 0x07, 0x80, 0x0F, 0xC0, 0x0B, 0x00, 0x07,
    0xD0, 0x0F, 0x00, 0x03, 0xF0, 0x2C, 0x00, 0x02, 0xF0, 0x3C, 0x00, 0x00, 0xF8, 0x38, 0x00, 0x00,
    0xFC, 0xB0, 0x00, 0x00, 0xBE, 0xE0, 0x00, 0x00, 0x3F, 0xC0, 0x00, 0x00, 0x2F, 0xC0, 0x00, 0x00,
    0x0F, 0x80, 0x00, 0x00, 0x0F, 0x00, 0x00, 0x00, 0x0E, 0x00, 0x00, 0x00, 0x2C, 0x00, 0x00, 0x00,
    0x3C, 0x00, 0x00, 0x3F, 0xF0, 0x00, 0x00, 0x3F, 0xE0, 0x00, 0x00, 0x2E, 0x00, 0x00, 0x00, 0x00,
    0x00, 0x00, 0x00, 0x3F, 0xF8, 0xBF, 0xF8, 0x0B, 0xC0, 0x0F, 0xC0, 0x0B, 0xC0, 0x0F, 0xC0, 0x0B,
    0xC0, 0x0F, 0xC0, 0x0B, 0xC0, 0x0F, 0xC0, 0x0B, 0xC0, 0x0F, 0xC0, 0x0B, 0xC0, 0x0F, 0xC0, 0x0B,
    0xC0, 0x0F, 0xC0, 0x0B, 0xC0, 0x0F, 0xC0, 0x0B, 0xC0, 0x0F, 0xC0, 0x0B, 0xC0, 0x0F, 0xC0, 0x0F,
    0xEA, 0xAF, 0xD0, 0x3F, 0xFF, 0xFF, 0xF8, 0x00, 0x0F, 0xE0, 0x00, 0x00, 0x0B, 0xC0, 0x00, 0x00,
    0x07, 0x80, 0x00, 0x00, 0x03, 0x80, 0x00, 0x00, 0x00, 0x00, 0x00, 0x01, 0xFF, 0xF8, 0x00, 0x00,
    0x00, 0xBF, 0xE4, 0x00, 0x00, 0x00, 0x2F, 0x00, 0x00, 0x00, 0xAA, 0xBF, 0xEA, 0x80, 0x00, 0xBE,
    0xBF, 0xEB, 0xE0, 0x00, 0xB0, 0x2F, 0x02, 0xE0, 0x00, 0xB0, 0x2F, 0x00, 0xE0, 0x00, 0x00, 0x2F,
    0x80, 0x00, 0x00, 0x00, 0x2F, 0xFF, 0xF4, 0x00, 0x00, 0x2F, 0x81, 0xFF, 0x00, 0x00, 0x2F, 0x00,
    0x2F, 0x80, 0x00, 0x2F, 0x00, 0x0F, 0xC0, 0x00, 0x2F, 0x00, 0x0F, 0xC0, 0x00, 0x2F, 0x00, 0x0F,
    0xC0, 0x00, 0x2F, 0x00, 0x0F, 0xC0, 0x00, 0x2F, 0x00, 0x0F, 0xC0, 0x00, 0x2F, 0x00, 0x3F, 0x80,
    0x00, 0xBF, 0xAA, 0xFE, 0x00, 0x02, 0xFF, 0xFF, 0xA0, 0x00, 0x0A, 0xAA, 0x00, 0x00, 0x0B, 0xFE,
    0x00, 0x00, 0x02, 0xF0, 0x00, 0x00, 0xBF, 0xFF, 0xC0, 0x00, 0xB2, 0xF0, 0xC0, 0x00, 0xA2, 0xF0,
    0x80, 0x00, 0x02, 0xFF, 0xA0, 0x00, 0x02, 0xFA, 0xBF, 0x00, 0x02, 0xF0, 0x0F, 0xC0, 0x02, 0xF0,
    0x0B, 0xC0, 0x02, 0xF0, 0x0B, 0xC0, 0x02, 0xF0, 0x0F, 0xC0, 0x03, 0xF9, 0xBF, 0x40, 0x0F, 0xFF,
    0xF8, 0x00, 0x00, 0x02, 0xBA, 0x00, 0x00, 0x00, 0x2F, 0xFF, 0xF8, 0x00, 0x00, 0xFE, 0x00, 0xBE,
    0x00, 0x03, 0xF0, 0x00, 0x2F, 0x80, 0x0B, 0xC0, 0x00, 0x0B, 0xC0, 0x0F, 0xC0, 0x00, 0x03, 0xE0,
    0x2F, 0x80, 0x00, 0x03, 0xF0, 0x3F, 0x00, 0x00, 0x02, 0xF0, 0x3F, 0xBF, 0xE0, 0x03, 0xF8, 0x3F,
    0xFF, 0xFE, 0x2F, 0xF8, 0x3F, 0xC0, 0xBF, 0xFF, 0xF8, 0x3F, 0x00, 0x06, 0xF6, 0xF8, 0x2F, 0x00,
    0x00, 0x02, 0xF0, 0x1F, 0x80, 0x00, 0x03, 0xF0, 0x0F, 0xC0, 0x00, 0x0B, 0xE0, 0x0B, 0xE0, 0x00,
    0x0F, 0xC0, 0x02, 0xF8, 0x00, 0x3F, 0x00, 0x00, 0xBF, 0x82, 0xFC, 0x00, 0x00, 0x0F, 0xFF, 0xE0,
    0x00, 0x00, 0x00, 0x00, 0x00, 0x00, 0x00, 0x0A, 0x80, 0x00, 0x02, 0xFF, 0xF8, 0x00, 0x0B, 0xD0,
    0x3F, 0x00, 0x0F, 0x80, 0x0F, 0x80, 0x2F, 0x00, 0x0B, 0xC0, 0x3F, 0x00, 0x0B, 0xC0, 0x3F, 0xFD,
    0x0B, 0xE0, 0x3F, 0xAF, 0xFF, 0xE0, 0x3F, 0x02, 0xFB, 0xE0, 0x3F, 0x00, 0x0B, 0xC0, 0x2F, 0x00,
    0x0F, 0xC0, 0x0F, 0x80, 0x0F, 0x40, 0x03, 0xE0, 0xBE, 0x00, 0x00, 0xBF, 0xF4, 0x00, 0x00, 0x00,
    0x00, 0x00, 0x00, 0x00, 0x00, 0x00, 0x00, 0x00, 0x00, 0x00, 0x00, 0x00, 0xBF, 0x00, 0xFF, 0xFC,
    0x00, 0x03, 0xEF, 0x80, 0x0F, 0xC0, 0x00, 0x07, 0x4B, 0x80, 0x0F, 0xD0, 0x00, 0x0F, 0x00, 0x00,
    0x07, 0xE0, 0x00, 0x0E, 0x00, 0x00, 0x03, 0xF0, 0x00, 0x2C, 0x00, 0x00, 0x02, 0xF8, 0x00, 0x3C,
    0x00, 0x00, 0x00, 0xFC, 0x00, 0x38, 0x00, 0x00, 0x00, 0xFC, 0x00, 0xB0, 0x00, 0x00, 0x00, 0xBE,
    0x00, 0xF0, 0x00, 0x00, 0x00, 0x3F, 0x00, 0xE0, 0x00, 0x00, 0x00, 0x3F, 0x02, 0xC0, 0x00, 0x00,
    0x00, 0x2F, 0x83, 0xC0, 0x00, 0x00, 0x00, 0x0F, 0xC3, 0x80, 0x00, 0x00, 0x00, 0x0B, 0xCB, 0x00,
    0x00, 0x00, 0x00, 0x07, 0xEF, 0x00, 0x00, 0x00, 0x00, 0x03, 0xFE, 0x00, 0x00, 0x00, 0x00, 0x02,
    0xFC, 0x00, 0x00, 0x00, 0x00, 0x00, 0xFC, 0x00, 0x00, 0x00, 0x00, 0x00, 0x00, 0x00, 0x00, 0x00,
    0x00, 0x00, 0x00, 0xA8, 0x00, 0xFF, 0xF0, 0x03, 0xFF, 0x00, 0x0F, 0xC0, 0x0F, 0x2F, 0x00, 0x0F,
    0xC0, 0x1D, 0x08, 0x00, 0x0B, 0xC0, 0x3C, 0x00, 0x00, 0x03, 0xE0, 0x38, 0x00, 0x00, 0x02, 0xF0,
    0x70, 0x00, 0x00, 0x00, 0xF8, 0xB0, 0x00, 0x00, 0x00, 0xFC, 0xE0, 0x00, 0x00, 0x00, 0xBE, 0xD0,
    0x00, 0x00, 0x00, 0x3F, 0xC0, 0x00, 0x00, 0x00, 0x3F, 0x80, 0x00, 0x00, 0x00, 0x2F, 0x40, 0x00,
    0x00, 0x00, 0x0F, 0x00, 0x00, 0x00, 0x00, 0x06, 0x02, 0x80, 0x00, 0x00, 0x0F, 0x83, 0xD0, 0x00,
    0x00, 0x0E, 0x02, 0xD0, 0x00, 0x00, 0x0B, 0x87, 0x80, 0x00, 0x00, 0x00, 0xB9, 0x00, 0x00, 0x00,
    0x00, 0x00, 0x00, 0x00, 0x00, 0x00, 0x00, 0x00, 0x00, 0x3F, 0xFF, 0x02, 0xFF, 0xF8, 0x07, 0xF0,
    0x00, 0x2F, 0x80, 0x03, 0xE0, 0x00, 0x2F, 0x80, 0x03, 0xE0, 0x00, 0x7F, 0x80, 0x03, 0xE0, 0x00,
    0xFF, 0x80, 0x03, 0xE0, 0x03, 0xFF, 0x80, 0x03, 0xE0, 0x0F, 0xAF, 0x80, 0x03, 0xE0, 0x2E, 0x2F,
    0x80, 0x03, 0xE0, 0xBC, 0x2F, 0x80, 0x03, 0xE0, 0xF0, 0x2F, 0x80, 0x03, 0xE3, 0xC0, 0x2F, 0x80,
    0x03, 0xFF, 0x40, 0x2F, 0x80, 0x03, 0xFE, 0x00, 0x2F, 0x80, 0x03, 0xF8, 0x00, 0x2F, 0x80, 0x03,
    0xF0, 0x00, 0x2F, 0x80, 0x03, 0xE0, 0x00, 0x2F, 0x80, 0x2B, 0xF9, 0x00, 0xBF, 0xE0, 0x3F, 0xFF,
    0x02, 0xFF, 0xF8, 0x00, 0x00, 0x00, 0x00, 0xF0, 0x00, 0x00, 0x00, 0x02, 0xE0, 0x00, 0x00, 0x00,
    0x03, 0xC0, 0x00, 0x00, 0x00, 0x0B, 0x40, 0x00, 0x00, 0x00, 0x09, 0x00, 0x00, 0x00, 0x00, 0x00,
    0x00, 0xBC, 0x2F, 0x00, 0x00, 0xB8, 0x0F, 0x00, 0x00, 0x38, 0x0E, 0x00, 0x00, 0x0B, 0xF4, 0x00,
    0x00, 0x00, 0x00, 0x00, 0x00, 0x00, 0x00, 0x00, 0x3F, 0xF8, 0x2F, 0xFE, 0x0B, 0xC0, 0x03, 0xF0,
    0x0B, 0xC0, 0x0B, 0xF0, 0x0B, 0xC0, 0x0F, 0xF0, 0x0B, 0xC0, 0x3A, 0xF0, 0x0B, 0xC0, 0xE2, 0xF0,
    0x0B, 0xC3, 0x82, 0xF0, 0x0B, 0xCF, 0x02, 0xF0, 0x0B, 0xFC, 0x02, 0xF0, 0x0B, 0xF0, 0x02, 0xF0,
    0x0B, 0xC0, 0x02, 0xF0, 0x0F, 0xE0, 0x03, 0xF8, 0x3F, 0xF8, 0x2F, 0xFE, 0x00, 0x00, 0x00, 0x2C,
    0x00, 0x00, 0x00, 0x38, 0x00, 0x00, 0x00, 0xF0, 0x00, 0x00, 0x00, 0xE0, 0x00, 0x00, 0x00, 0x00,
    0x00, 0x00, 0x00, 0x00, 0x03, 0xE0, 0x00, 0x00, 0x0B, 0xF0, 0x00, 0x00, 0xFF, 0xFF, 0x00, 0x00,
    0x07, 0xF0, 0x00, 0x00, 0x03, 0xE0, 0x00, 0x00, 0x03, 0xE0, 0x00, 0x00, 0x03, 0xE0, 0x00, 0x00,
    0x03, 0xE0, 0x00, 0x00, 0x03, 0xFA, 0x90, 0x00, 0x03, 0xFF, 0xFF, 0x00, 0x03, 0xE0, 0x1F, 0xC0,
    0x03, 0xE0, 0x03, 0xF0, 0x03, 0xE0, 0x03, 0xF8, 0x03, 0xE0, 0x02, 0xF8, 0x03, 0xE0, 0x02, 0xF8,
    0x03, 0xE0, 0x02, 0xF8, 0x03, 0xE0, 0x03, 0xF4, 0x03, 0xE0, 0x0B, 0xF0, 0x2B, 0xFA, 0xBF, 0xC0,
    0x7F, 0xFF, 0xF9, 0x00, 0x01, 0x40, 0x00, 0x00, 0x0B, 0xC0, 0x00, 0x00, 0x0F, 0xD0, 0x00, 0x00,
    0xFF, 0xFC, 0x00, 0x00, 0x0F, 0xC0, 0x00, 0x00, 0x0B, 0xC0, 0x00, 0x00, 0x0B, 0xC0, 0x00, 0x00,
    0x0B, 0xD0, 0x00, 0x00, 0x0B, 0xFF, 0xF0, 0x00, 0x0B, 0xC0, 0xFC, 0x00, 0x0B, 0xC0, 0x3F, 0x00,
    0x0B, 0xC0, 0x3F, 0x00, 0x0B, 0xC0, 0x3F, 0x00, 0x0B, 0xC0, 0x3F, 0x00, 0x0F, 0xEA, 0xFC, 0x00,
    0x7F, 0xFF, 0xE0, 0x00, 0x00, 0x00, 0x00, 0x00, 0xBF, 0xFF, 0xFF, 0x00, 0x07, 0xE0, 0x2F, 0xE0,
    0x03, 0xE0, 0x03, 0xF0, 0x03, 0xE0, 0x02, 0xF8, 0x03, 0xE0, 0x02, 0xF8, 0x03, 0xE0, 0x01, 0xF8,
    0x03, 0xE0, 0x02, 0xF8, 0x03, 0xE0, 0xE3, 0xF0, 0x03, 0xE0, 0xBF, 0xE0, 0x03, 0xF5, 0xBF, 0xC0,
    0x03, 0xFF, 0xFF, 0x00, 0x03, 0xE0, 0x07, 0x80, 0x03, 0xE0, 0x02, 0x40, 0x03, 0xE0, 0x00, 0x00,
    0x03, 0xE0, 0x00, 0x00, 0x03, 0xE0, 0x00, 0x00, 0x2B, 0xFA, 0x00, 0x00, 0x3F, 0xFF, 0x00, 0x00,
    0x00, 0x00, 0xA0, 0x00, 0x2F, 0xEF, 0xFF, 0x00, 0xBF, 0xFA, 0xBF, 0xC0, 0x0B, 0xC0, 0x0F, 0xE0,
    0x0B, 0xC0, 0x03, 0xF0, 0x0B, 0xC0, 0x03, 0xF0, 0x0B, 0xC0, 0x02, 0xF0, 0x0B, 0xC0, 0x02, 0xF0,
    0x0B, 0xC0, 0x02, 0xF0, 0x0B, 0xC0, 0x03, 0xF0, 0x0B, 0xC2, 0x83, 0xE0, 0x0B, 0xC3, 0xDF, 0xC0,
    0x0B, 0xE1, 0xFF, 0x00, 0x0B, 0xFF, 0xFC, 0x00, 0x0B, 0xC0, 0x2C, 0x00, 0x0B, 0xC0, 0x0E, 0x00,
    0x0B, 0xC0, 0x00, 0x00, 0x0B, 0xC0, 0x00, 0x00, 0x2F, 0xE8, 0x00, 0x00, 0x7F, 0xFC, 0x00, 0x00,
    0x00, 0x00, 0x03, 0x40, 0x00, 0x00, 0x03, 0x80, 0x00, 0x00, 0x0B, 0x80, 0x00, 0x00, 0x0F, 0x80,
    0x3F, 0xFF, 0xFF, 0x80, 0x07, 0xF0, 0x00, 0x00, 0x03, 0xE0, 0x00, 0x00, 0x03, 0xE0, 0x00, 0x00,
    0x03, 0xE0, 0x00, 0x00, 0x03, 0xE0, 0x00, 0x00, 0x03, 0xE0, 0x00, 0x00, 0x03, 0xE0, 0x00, 0x00,
    0x03, 0xE0, 0x00, 0x00, 0x03, 0xE0, 0x00, 0x00, 0x03, 0xE0, 0x00, 0x00, 0x03, 0xE0, 0x00, 0x00,
    0x03, 0xE0, 0x00, 0x00, 0x03, 0xE0, 0x00, 0x00, 0x03, 0xE0, 0x00, 0x00, 0x03, 0xE0, 0x00, 0x00,
    0x2B, 0xF8, 0x00, 0x00, 0x3F, 0xFE, 0x00, 0x00, 0x00, 0x00, 0x30, 0x00, 0x00, 0x30, 0x00, 0x00,
    0xB0, 0xBF, 0xFF, 0xF0, 0x0F, 0xC0, 0x00, 0x0B, 0xC0, 0x00, 0x0B, 0xC0, 0x00, 0x0B, 0xC0, 0x00,
    0x0B, 0xC0, 0x00, 0x0B, 0xC0, 0x00, 0x0B, 0xC0, 0x00, 0x0B, 0xC0, 0x00, 0x0B, 0xC0, 0x00, 0x0B,
    0xC0, 0x00, 0x0F, 0xE0, 0x00, 0x7F, 0xF8, 0x00, 0x00, 0x00, 0x00, 0x00, 0x3F, 0xFF, 0xFF, 0xE0,
    0x07, 0xF0, 0x02, 0xE0, 0x03, 0xE0, 0x00, 0xE0, 0x03, 0xE0, 0x00, 0xE0, 0x03, 0xE0, 0x00, 0xA0,
    0x03, 0xE0, 0x00, 0x00, 0x03, 0xE0, 0x00, 0x00, 0x1B, 0xF5, 0x40, 0x00, 0xBF, 0xFF, 0xF0, 0x00,
    0x03, 0xE0, 0x00, 0x00, 0x03, 0xE0, 0x00, 0x00, 0x03, 0xE0, 0x00, 0x00, 0x03, 0xE0, 0x00, 0x00,
    0x03, 0xE0, 0x00, 0x00, 0x03, 0xE0, 0x00, 0x00, 0x03, 0xE0, 0x00, 0x00, 0x2B, 0xF8, 0x00, 0x00,
    0x3F, 0xFE, 0x00, 0x00, 0x00, 0x00, 0x00, 0xBF, 0xFF, 0xFD, 0x0F, 0xC0, 0x2D, 0x0B, 0xC0, 0x0D,
    0x0B, 0xC0, 0x0C, 0x0B, 0xC0, 0x00, 0x2F, 0xEA, 0x00, 0xBF, 0xFF, 0x00, 0x0B, 0xC0, 0x00, 0x0B,
    0xC0, 0x00, 0x0B, 0xC0, 0x00, 0x0B, 0xC0, 0x00, 0x0F, 0xE0, 0x00, 0x7F, 0xF8, 0x00, 0x00, 0x00,
    0x00, 0x00, 0x3F, 0xFF, 0xFF, 0xC0, 0x07, 0xF0, 0x03, 0xC0, 0x03, 0xE0, 0x03, 0xC0, 0x03, 0xE0,
    0x02, 0xC0, 0x03, 0xE0, 0x00, 0x00, 0x03, 0xE0, 0x00, 0x00, 0x03, 0xFA, 0x90, 0x00, 0x03, 0xFF,
    0xFF, 0x00, 0x03, 0xE0, 0x1F, 0xC0, 0x03, 0xE0, 0x03, 0xF0, 0x03, 0xE0, 0x02, 0xF8, 0x03, 0xE0,
    0x00, 0xFC, 0x03, 0xE0, 0x00, 0xFC, 0x03, 0xE0, 0x00, 0xFC, 0x03, 0xE0, 0x00, 0xBD, 0x03, 0xE0,
    0x00, 0xBC, 0x2B, 0xF8, 0x00, 0xFC, 0x7F, 0xFE, 0x00, 0xFC, 0x00, 0x00, 0x00, 0xF8, 0x00, 0x00,
    0x03, 0xF0, 0x00, 0x00, 0x0B, 0xE0, 0x00, 0x00, 0xBF, 0x80, 0x00, 0xFF, 0xF8, 0x00, 0x00, 0x00,
    0x00, 0x00, 0x00, 0x00, 0x00, 0x00, 0xBF, 0xFF, 0xFC, 0x00, 0x0F, 0xC0, 0x3C, 0x00, 0x0F, 0x80,
    0x2C, 0x00, 0x0F, 0x80, 0x00, 0x00, 0x0F, 0xC0, 0x00, 0x00, 0x0F, 0xFF, 0xE0, 0x00, 0x0F, 0xC2,
    0xFC, 0x00, 0x0F, 0x80, 0xBE, 0x00, 0x0F, 0x80, 0x3F, 0x00, 0x0F, 0x80, 0x3F, 0x00, 0x0F, 0x80,
    0x2F, 0x00, 0x2F, 0xC0, 0x2F, 0x00, 0xBF, 0xF0, 0x2F, 0x00, 0x00, 0x00, 0x3F, 0x00, 0x00, 0x00,
    0x3E, 0x00, 0x00, 0x00, 0xFC, 0x00, 0x00, 0x03, 0xF0, 0x00, 0x03, 0xFF, 0xC0, 0x00, 0x00, 0x00,
    0x00, 0x00, 0x2E, 0x00, 0x00, 0x00, 0x00, 0xB8, 0xBF, 0xE0, 0xBF, 0xFE, 0x0B, 0xFE, 0xBF, 0xF0,
    0x0B, 0xE0, 0x0F, 0xFE, 0x20, 0x38, 0x0B, 0xE0, 0x2C, 0x08, 0x00, 0x2C, 0x0B, 0xE0, 0x3C, 0x00,
    0x00, 0x2C, 0x0B, 0xE0, 0x38, 0x00, 0x00, 0x0E, 0x0B, 0xE0, 0xB0, 0x00, 0x00, 0x0F, 0x0B, 0xE0,
    0xF0, 0x00, 0x00, 0x03, 0xCB, 0xE2, 0xC0, 0x00, 0x00, 0x02, 0xFF, 0xFF, 0x80, 0x00, 0x00, 0x02,
    0xFF, 0xFF, 0x80, 0x00, 0x00, 0x0F, 0xDB, 0xE3, 0xF0, 0x00, 0x00, 0x3F, 0x8B, 0xE2, 0xFC, 0x00,
    0x00, 0x7F, 0x0B, 0xE0, 0xFE, 0x00, 0x00, 0xFC, 0x0B, 0xE0, 0x3F, 0x00, 0x02, 0xF8, 0x0B, 0xE0,
    0x2F, 0x80, 0x03, 0xF0, 0x0B, 0xE0, 0x0F, 0xD0, 0x6F, 0xC0, 0x2F, 0xF8, 0x03, 0xF9, 0xFF, 0xC0,
    0xBF, 0xFE, 0x03, 0xFF, 0x00, 0x00, 0x00, 0x00, 0x00, 0x3F, 0x00, 0x00, 0x00, 0x00, 0x00, 0x1F,
    0x00, 0x00, 0x00, 0x00, 0x00, 0x0F, 0x00, 0x00, 0x00, 0x00, 0x00, 0x0F, 0x00, 0x00, 0x00, 0x00,
    0x00, 0x0B, 0x00, 0x00, 0x00, 0x00, 0x00, 0x01, 0x18, 0x00, 0x00, 0x01, 0x80, 0xBF, 0x8B, 0xFF,
    0x0F, 0xF4, 0xBF, 0xC0, 0xFC, 0x1F, 0xF8, 0x20, 0xE0, 0xFC, 0x38, 0x20, 0x00, 0xB0, 0xFC, 0x34,
    0x00, 0x00, 0x38, 0xFC, 0xF0, 0x00, 0x00, 0x2E, 0xFE, 0xC0, 0x00, 0x00, 0x2F, 0xFF, 0xE0, 0x00,
    0x00, 0xBE, 0xFE, 0xF4, 0x00, 0x00, 0xF8, 0xFC, 0xFC, 0x00, 0x03, 0xF0, 0xFC, 0x3E, 0x00, 0x0B,
    0xC0, 0xFC, 0x2F, 0x40, 0x2F, 0x81, 0xFD, 0x0F, 0xD0, 0xFF, 0x0B, 0xFF, 0x07, 0xF8, 0x00, 0x00,
    0x00, 0x00, 0xF8, 0x00, 0x00, 0x00, 0x00, 0x38, 0x00, 0x00, 0x00, 0x00, 0x38, 0x00, 0x00, 0x00,
    0x00, 0x38, 0x00, 0x00, 0x00, 0x00, 0x00, 0x00, 0xAA, 0x90, 0x00, 0x2F, 0xFF, 0xFD, 0x00, 0x3F,
    0x40, 0x3F, 0x00, 0x3E, 0x00, 0x0F, 0xC0, 0x3C, 0x00, 0x0F, 0xC0, 0x2C, 0x00, 0x0F, 0xC0, 0x00,
    0x00, 0x0F, 0x80, 0x00, 0x00, 0x3F, 0x00, 0x00, 0x06, 0xF8, 0x00, 0x00, 0x2F, 0xF4, 0x00, 0x00,
    0x01, 0xBF, 0x00, 0x00, 0x00, 0x0F, 0xC0, 0x00, 0x00, 0x03, 0xE0, 0x00, 0x00, 0x03, 0xE0, 0x3C,
    0x00, 0x03, 0xE0, 0x3C, 0x00, 0x0B, 0xE0, 0x3C, 0x00, 0x0F, 0xC0, 0x3F, 0x80, 0xBF, 0x80, 0x2F,
    0xFF, 0xF8, 0x00, 0x00, 0x0B, 0x80, 0x00, 0x00, 0x03, 0xC0, 0x00, 0x00, 0x02, 0xC0, 0x00, 0x00,
    0xAB, 0xC0, 0x00, 0x00, 0xBF, 0x80, 0x00, 0x00, 0x00, 0x00, 0x00, 0x01, 0xA9, 0x00, 0x3F, 0xFF,
    0xD0, 0x3C, 0x03, 0xF0, 0x38, 0x00, 0xF8, 0x20, 0x00, 0xF8, 0x00, 0x02, 0xF0, 0x00, 0x6F, 0xC0,
    0x00, 0xBF, 0xE0, 0x00, 0x02, 0xF8, 0x00, 0x00, 0xBC, 0x20, 0x00, 0xBC, 0x38, 0x00, 0xFC, 0x3E,
    0x03, 0xF0, 0x2F, 0xFF, 0xC0, 0x00, 0x3C, 0x00, 0x00, 0x0E, 0x00, 0x00, 0x0F, 0x00, 0x03, 0xBF,
    0x00, 0x02, 0xFC, 0x00, 0x00, 0x00, 0x00, 0x00, 0x00, 0x00, 0x2A, 0x00, 0x3F, 0xFF, 0x00, 0xFF,
    0xC0, 0x07, 0xF0, 0x03, 0xFF, 0xC0, 0x03, 0xE0, 0x03, 0x82, 0x00, 0x03, 0xE0, 0x0B, 0x00, 0x00,
    0x03, 0xE0, 0x0F, 0x00, 0x00, 0x03, 0xE0, 0x0E, 0x00, 0x00, 0x03, 0xE0, 0x3C, 0x00, 0x00, 0x03,
    0xE0, 0xB8, 0x00, 0x00, 0x03, 0xFF, 0xF0, 0x00, 0x00, 0x03, 0xFF, 0xE0, 0x00, 0x00, 0x03, 0xE1,
    0xFC, 0x00, 0x00, 0x03, 0xE0, 0x7E, 0x00, 0x00, 0x03, 0xE0, 0x2F, 0x80, 0x00, 0x03, 0xE0, 0x0F,
    0xC0, 0x00, 0x03, 0xE0, 0x03, 0xF0, 0x00, 0x03, 0xE0, 0x02, 0xF8, 0x00, 0x2B, 0xF8, 0x00, 0xFE,
    0x80, 0x3F, 0xFF, 0x00, 0xBF, 0xC0, 0x00, 0x00, 0x00, 0x0F, 0xC0, 0x00, 0x00, 0x00, 0x03, 0xC0,
    0x00, 0x00, 0x00, 0x03, 0xC0, 0x00, 0x00, 0x00, 0x02, 0xC0, 0x00, 0x00, 0x00, 0x02, 0xC0, 0x00,
    0x00, 0x00, 0x00, 0x80, 0x00, 0x00, 0x02, 0x80, 0x3F, 0xF8, 0x2F, 0xE0, 0x0B, 0xC0, 0x3F, 0xF0,
    0x0B, 0xC0, 0xB0, 0x80, 0x0B, 0xC0, 0xE0, 0x00, 0x0B, 0xC2, 0xC0, 0x00, 0x0B, 0xEB, 0x80, 0x00,
    0x0B, 0xFF, 0x80, 0x00, 0x0B, 0xCB, 0xE0, 0x00, 0x0B, 0xC2, 0xF0, 0x00, 0x0B, 0xC0, 0xFC, 0x00,
    0x0B, 0xC0, 0x3F, 0x00, 0x0F, 0xE0, 0x2F, 0x80, 0x3F, 0xF8, 0x0F, 0xF0, 0x00, 0x00, 0x02, 0xF0,
    0x00, 0x00, 0x00, 0xF0, 0x00, 0x00, 0x00, 0xB0, 0x00, 0x00, 0x00, 0x70, 0x00, 0x00, 0x00, 0x00,
    0x00, 0x00, 0x00, 0x1A, 0x80, 0x3F, 0xFF, 0x00, 0xBF, 0xE0, 0x07, 0xF0, 0x00, 0xFF, 0xD0, 0x03,
    0xE0, 0x83, 0xC1, 0x80, 0x03, 0xE2, 0xC3, 0x80, 0x00, 0x03, 0xE2, 0xCB, 0x00, 0x00, 0x03, 0xE2,
    0xCF, 0x00, 0x00, 0x03, 0xE2, 0xEE, 0x00, 0x00, 0x03, 0xE2, 0xFC, 0x00, 0x00, 0x03, 0xFF, 0xF0,
    0x00, 0x00, 0x03, 0xFF, 0xF8, 0x00, 0x00, 0x03, 0xE2, 0xFE, 0x00, 0x00, 0x03, 0xE2, 0xFF, 0x00,
    0x00, 0x03, 0xE2, 0xEF, 0xC0, 0x00, 0x03, 0xE2, 0xCB, 0xE0, 0x00, 0x03, 0xE2, 0xC3, 0xF0, 0x00,
    0x03, 0xE0, 0x80, 0xFC, 0x00, 0x2B, 0xF8, 0x00, 0xBF, 0x80, 0x3F, 0xFF, 0x00, 0x3F, 0xE0, 0x00,
    0x00, 0x02, 0x80, 0x3F, 0xF8, 0x0F, 0xF0, 0x0B, 0xC0, 0x3F, 0xF0, 0x0B, 0xCA, 0x30, 0xA0, 0x0B,
    0xCB, 0xB0, 0x00, 0x0B, 0xCB, 0xE0, 0x00, 0x0B, 0xCF, 0xC0, 0x00, 0x0B, 0xFF, 0xC0, 0x00, 0x0B,
    0xCF, 0xF0, 0x00, 0x0B, 0xCB, 0xF8, 0x00, 0x0B, 0xCB, 0xBC, 0x00, 0x0B, 0xCA, 0x3F, 0x00, 0x0F,
    0xE0, 0x0F, 0xC0, 0x3F, 0xF8, 0x0B, 0xF8, 0x00, 0x00, 0x00, 0x2A, 0x00, 0x3F, 0xFF, 0x00, 0xFF,
    0xC0, 0x07, 0xF0, 0x03, 0xFF, 0xC0, 0x03, 0xE0, 0x03, 0x82, 0x00, 0x2B, 0xFA, 0x0B, 0x00, 0x00,
    0x3F, 0xFF, 0x0F, 0x00, 0x00, 0x03, 0xF0, 0x0E, 0x00, 0x00, 0x03, 0xE0, 0x3C, 0x00, 0x00, 0x03,
    0xE0, 0xB8, 0x00, 0x00, 0x03, 0xFF, 0xF0, 0x00, 0x00, 0x03, 0xFF, 0xE0, 0x00, 0x00, 0x03, 0xE1,
    0xFC, 0x00, 0x00, 0x03, 0xE0, 0x7E, 0x00, 0x00, 0x03, 0xE0, 0x2F, 0x80, 0x00, 0x03, 0xE0, 0x0F,
    0xC0, 0x00, 0x03, 0xE0, 0x03, 0xF0, 0x00, 0x03, 0xE0, 0x02, 0xF8, 0x00, 0x2B, 0xF8, 0x00, 0xFE,
    0x80, 0x3F, 0xFF, 0x00, 0x7F, 0xC0, 0x00, 0x00, 0x00, 0x00, 0x0B, 0xF0, 0x00, 0x00, 0x2F, 0xF0,
    0x00, 0x00, 0x02, 0xF0, 0x00, 0x00, 0x02, 0xF0, 0x00, 0x00, 0x3F, 0xFF, 0xC0, 0x00, 0x2B, 0xFE,
    0x80, 0x00, 0x02, 0xF0, 0x00, 0xA0, 0x02, 0xF0, 0x0B, 0xF8, 0x02, 0xF0, 0x0F, 0xFC, 0x02, 0xF0,
    0x2C, 0x20, 0x02, 0xF0, 0x38, 0x00, 0x02, 0xF0, 0xB0, 0x00, 0x02, 0xFA, 0xE0, 0x00, 0x02, 0xFF,
    0xE0, 0x00, 0x02, 0xF2, 0xF8, 0x00, 0x02, 0xF0, 0xBC, 0x00, 0x02, 0xF0, 0x3F, 0x00, 0x02, 0xF0,
    0x0F, 0xC0, 0x03, 0xF8, 0x0B, 0xE0, 0x0F, 0xFE, 0x03, 0xFC, 0x01, 0xA9, 0x00, 0x00, 0xB8, 0x00,
    0xBF, 0xFF, 0xF8, 0x03, 0xFF, 0x00, 0xB8, 0x2F, 0x80, 0x0F, 0xFE, 0x00, 0xB0, 0x1F, 0x80, 0x1E,
    0x08, 0x00, 0xB0, 0x1F, 0x80, 0x3C, 0x00, 0x00, 0x00, 0x1F, 0x80, 0x38, 0x00, 0x00, 0x00, 0x1F,
    0x80, 0xB0, 0x00, 0x00, 0x00, 0x1F, 0x80, 0xF0, 0x00, 0x00, 0x00, 0x1F, 0x83, 0xC0, 0x00, 0x00,
    0x00, 0x1F, 0xFF, 0x80, 0x00, 0x00, 0x00, 0x1F, 0xFF, 0x80, 0x00, 0x00, 0x00, 0x1F, 0x8B, 0xF0,
    0x00, 0x00, 0x00, 0x1F, 0x82, 0xF8, 0x00, 0x00, 0x00, 0x1F, 0x80, 0xFC, 0x00, 0x00, 0x00, 0x1F,
    0x80, 0x3F, 0x00, 0x00, 0x00, 0x1F, 0x80, 0x2F, 0x80, 0x00, 0x00, 0x1F, 0x80, 0x0F, 0xC0, 0x00,
    0x00, 0xBF, 0xE0, 0x03, 0xFA, 0x00, 0x02, 0xFF, 0xF8, 0x02, 0xFF, 0x00, 0x02, 0xA8, 0x00, 0x28,
    0x00, 0x3F, 0xFF, 0xC0, 0xFF, 0x00, 0x38, 0xBD, 0x03, 0xFF, 0x00, 0x30, 0xBC, 0x03, 0x0A, 0x00,
    0x20, 0xBC, 0x0F, 0x00, 0x00, 0x00, 0xBC, 0x2D, 0x00, 0x00, 0x00, 0xBE, 0xBC, 0x00, 0x00, 0x00,
    0xBF, 0xFC, 0x00, 0x00, 0x00, 0xBE, 0x7F, 0x00, 0x00, 0x00, 0xBC, 0x2F, 0x80, 0x00, 0x00, 0xBC,
    0x0B, 0xC0, 0x00, 0x00, 0xBC, 0x03, 0xF0, 0x00, 0x00, 0xBE, 0x00, 0xFC, 0x00, 0x03, 0xFF, 0xC0,
    0xBF, 0x40, 0x00, 0x00, 0x00, 0x00, 0x00, 0x3F, 0xFF, 0x00, 0xBF, 0xFC, 0x07, 0xF0, 0x00, 0x0B,
    0xE0, 0x03, 0xE0, 0x00, 0x0B, 0xC0, 0x03, 0xE0, 0x00, 0x0B, 0xC0, 0x03, 0xE0, 0x00, 0x0B, 0xC0,
    0x03, 0xE0, 0x00, 0x0B, 0xC0, 0x03, 0xE0, 0x00, 0x0B, 0xC0, 0x03, 0xFA, 0xAA, 0xAF, 0xC0, 0x03,
    0xFF, 0xFF, 0xFF, 0xC0, 0x03, 0xE0, 0x00, 0x0B, 0xC0, 0x03, 0xE0, 0x00, 0x0B, 0xC0, 0x03, 0xE0,
    0x00, 0x0B, 0xC0, 0x03, 0xE0, 0x00, 0x0B, 0xC0, 0x03, 0xE0, 0x00, 0x0B, 0xC0, 0x03, 0xE0, 0x00,
    0x0B, 0xC0, 0x03, 0xE0, 0x00, 0x0B, 0xC0, 0x2B, 0xF8, 0x00, 0x2F, 0xF8, 0x3F, 0xFF, 0x00, 0xBF,
    0xFC, 0x00, 0x00, 0x00, 0x02, 0xFC, 0x00, 0x00, 0x00, 0x00, 0xBC, 0x00, 0x00, 0x00, 0x00, 0x3C,
    0x00, 0x00, 0x00, 0x00, 0x2C, 0x00, 0x00, 0x00, 0x00, 0x1C, 0x00, 0x00, 0x00, 0x00, 0x08, 0x00,
    0x00, 0x00, 0x00, 0x3F, 0xF8, 0x2F, 0xFE, 0x0B, 0xC0, 0x03, 0xF0, 0x0B, 0xC0, 0x03, 0xE0, 0x0B,
    0xC0, 0x03, 0xE0, 0x0B, 0xC0, 0x03, 0xE0, 0x0B, 0xEA, 0xAB, 0xE0, 0x0B, 0xEA, 0xAB, 0xE0, 0x0B,
    0xC0, 0x03, 0xE0, 0x0B, 0xC0, 0x03, 0xE0, 0x0B, 0xC0, 0x03, 0xE0, 0x0B, 0xC0, 0x03, 0xE0, 0x0F,
    0xE0, 0x07, 0xF0, 0x3F, 0xF8, 0x2F, 0xFE, 0x00, 0x00, 0x00, 0xBE, 0x00, 0x00, 0x00, 0x2E, 0x00,
    0x00, 0x00, 0x0E, 0x00, 0x00, 0x00, 0x0E, 0x00, 0x00, 0x00, 0x00, 0x00, 0x00, 0x00, 0x00, 0xA9,
    0x00, 0x3F, 0xFF, 0x00, 0xBF, 0xFF, 0xF8, 0x07, 0xF0, 0x00, 0x0B, 0xE0, 0xF8, 0x03, 0xE0, 0x00,
    0x0B, 0xC0, 0xB8, 0x03, 0xE0, 0x00, 0x0B, 0xC0, 0xB8, 0x03, 0xE0, 0x00, 0x0B, 0xC0, 0x00, 0x03,
    0xE0, 0x00, 0x0B, 0xC0, 0x00, 0x03, 0xE0, 0x00, 0x0B, 0xC0, 0x00, 0x03, 0xFA, 0xAA, 0xAF, 0xC0,
    0x00, 0x03, 0xFF, 0xFF, 0xFF, 0xC0, 0x00, 0x03, 0xE0, 0x00, 0x0B, 0xC0, 0x00, 0x03, 0xE0, 0x00,
    0x0B, 0xC0, 0x00, 0x03, 0xE0, 0x00, 0x0B, 0xC0, 0x00, 0x03, 0xE0, 0x00, 0x0B, 0xC0, 0x00, 0x03,
    0xE0, 0x00, 0x0B, 0xC0, 0x00, 0x03, 0xE0, 0x00, 0x0B, 0xC0, 0x00, 0x03, 0xE0, 0x00, 0x0B, 0xC0,
    0x00, 0x2B, 0xF8, 0x00, 0x2F, 0xF8, 0x00, 0x3F, 0xFF, 0x00, 0xBF, 0xFC, 0x00, 0x00, 0x00, 0x00,
    0xA8, 0x00, 0x3F, 0xF8, 0x2F, 0xFF, 0xF0, 0x0B, 0xC0, 0x03, 0xF0, 0xF0, 0x0B, 0xC0, 0x03, 0xE0,
    0xB0, 0x0B, 0xC0, 0x03, 0xE0, 0x10, 0x0B, 0xC0, 0x03, 0xE0, 0x00, 0x0B, 0xEA, 0xAB, 0xE0, 0x00,
    0x0B, 0xEA, 0xAB, 0xE0, 0x00, 0x0B, 0xC0, 0x03, 0xE0, 0x00, 0x0B, 0xC0, 0x03, 0xE0, 0x00, 0x0B,
    0xC0, 0x03, 0xE0, 0x00, 0x0B, 0xC0, 0x03, 0xE0, 0x00, 0x0F, 0xE0, 0x07, 0xF0, 0x00, 0x3F, 0xF8,
    0x2F, 0xFE, 0x00, 0x00, 0x00, 0x00, 0x00, 0x00, 0x00, 0x00, 0x3F, 0xFF, 0xFF, 0xFF, 0xE0, 0x00,
    0x00, 0x0B, 0xF0, 0x00, 0xBF, 0x00, 0x00, 0x00, 0x03, 0xE0, 0x00, 0x3E, 0x00, 0x00, 0x00, 0x03,
    0xE0, 0x00, 0x3E, 0x00, 0x00, 0x00, 0x03, 0xE0, 0x00, 0x3E, 0x00, 0x00, 0x00, 0x03, 0xE0, 0x00,
    0x3E, 0x00, 0x00, 0x00, 0x03, 0xE0, 0x00, 0x3F, 0xA9, 0x00, 0x00, 0x03, 0xE0, 0x00, 0x3F, 0xFF,
    0xF0, 0x00, 0x03, 0xE0, 0x00, 0x3E, 0x01, 0xFC, 0x00, 0x03, 0xE0, 0x00, 0x3E, 0x00, 0x3F, 0x00,
    0x03, 0xE0, 0x00, 0x3E, 0x00, 0x2F, 0x80, 0x03, 0xE0, 0x00, 0x3E, 0x00, 0x0F, 0xC0, 0x03, 0xE0,
    0x00, 0x3E, 0x00, 0x0F, 0xC0, 0x03, 0xE0, 0x00, 0x3E, 0x00, 0x0F, 0xC0, 0x03, 0xE0, 0x00, 0x3E,
    0x00, 0x0B, 0xD0, 0x03, 0xE0, 0x00, 0x3E, 0x00, 0x0B, 0xC0, 0x2B, 0xF8, 0x02, 0xBF, 0x80, 0x0F,
    0xC0, 0x3F, 0xFF, 0x07, 0xFF, 0xE0, 0x0F, 0xC0, 0x00, 0x00, 0x00, 0x00, 0x00, 0x0F, 0x80, 0x00,
    0x00, 0x00, 0x00, 0x00, 0x3F, 0x00, 0x00, 0x00, 0x00, 0x00, 0x00, 0xFE, 0x00, 0x00, 0x00, 0x00,
    0x00, 0x0B, 0xF8, 0x00, 0x00, 0x00, 0x00, 0x0F, 0xFF, 0x80, 0x00, 0x00, 0x00, 0x00, 0x00, 0x00,
    0x00, 0x00, 0x00, 0x00, 0x00, 0x00, 0x00, 0x3F, 0xFF, 0xFF, 0xF0, 0x00, 0x0B, 0xC0, 0x2F, 0x80,
    0x00, 0x0B, 0xC0, 0x0F, 0x40, 0x00, 0x0B, 0xC0, 0x0F, 0x40, 0x00, 0x0B, 0xC0, 0x0F, 0x80, 0x00,
    0x0B, 0xC0, 0x0F, 0xFF, 0xC0, 0x0B, 0xC0, 0x0F, 0x83, 0xF4, 0x0B, 0xC0, 0x0F, 0x40, 0xFC, 0x0B,
    0xC0, 0x0F, 0x40, 0xBE, 0x0B, 0xC0, 0x0F, 0x40, 0x3E, 0x0B, 0xC0, 0x0F, 0x40, 0x3F, 0x0F, 0xE0,
    0x2F, 0x80, 0x3F, 0x3F, 0xF8, 0xBF, 0xF0, 0x3E, 0x00, 0x00, 0x00, 0x00, 0x3E, 0x00, 0x00, 0x00,
    0x00, 0xBC, 0x00, 0x00, 0x00, 0x00, 0xF8, 0x00, 0x00, 0x00, 0x0B, 0xF0, 0x00, 0x00, 0x07, 0xFF,
    0x80, 0x00, 0x00, 0x00, 0x00, 0x00, 0x00, 0x01, 0xA4, 0x00, 0x00, 0x00, 0x00, 0x2F, 0xE0, 0x00,
    0x00, 0x00, 0x00, 0xFE, 0x00, 0xFF, 0xC0, 0x00, 0x03, 0xF8, 0x03, 0xF3, 0xF0, 0x00, 0x0B, 0xF0,
    0x0F, 0xC0, 0xFC, 0x00, 0x0F, 0xC0, 0x1F, 0x80, 0xBE, 0x00, 0x2F, 0xC0, 0x3F, 0x00, 0x3F, 0x00,
    0x3F, 0x80, 0x3F, 0x00, 0x3F, 0x00, 0x3F, 0x00, 0x3F, 0x00, 0x3F, 0x00, 0x3F, 0x00, 0x3F, 0x00,
    0x3F, 0x00, 0x3F, 0x00, 0x3F, 0x00, 0x3F, 0x00, 0x3F, 0x40, 0x3F, 0x00, 0x3F, 0x00, 0x2F, 0x80,
    0x3F, 0x80, 0xBF, 0x00, 0x0F, 0xC0, 0x2F, 0xC0, 0xFE, 0x00, 0x0F, 0xE0, 0x1F, 0xD0, 0xFC, 0x00,
    0x03, 0xF0, 0x0F, 0xF3, 0xF8, 0x00, 0x01, 0xFC, 0x03, 0xFF, 0xE0, 0x80, 0x00, 0x3F, 0xA2, 0xFF,
    0xDB, 0xC0, 0x00, 0x0B, 0xFF, 0xFF, 0xFF, 0x00, 0x00, 0x00, 0x00, 0x00, 0x00, 0x00, 0x00, 0x08,
    0x00, 0x00, 0x00, 0xFE, 0x09, 0x00, 0x0B, 0xE0, 0xBF, 0xC0, 0x0F, 0x82, 0xF2, 0xF0, 0x3F, 0x03,
    0xE0, 0xF8, 0x3F, 0x0B, 0xD0, 0xFC, 0x7E, 0x0B, 0xC0, 0xFC, 0xBE, 0x0F, 0xC0, 0xFC, 0x7E, 0x0B,
    0xD0, 0xFC, 0x3F, 0x0B, 0xE0, 0xFC, 0x2F, 0x43, 0xF2, 0xF8, 0x0F, 0xC2, 0xFF, 0xF0, 0x03, 0xF4,
    0xFF, 0xDB, 0x00, 0xBF, 0xFF, 0xFC, 0x00, 0x00, 0x00, 0x00, 0x00, 0x01, 0xAE, 0x90, 0x00, 0x00,
    0x2F, 0xFF, 0xFF, 0x00, 0x00, 0xFF, 0x00, 0x3F, 0x00, 0x03, 0xF8, 0x00, 0x0F, 0x00, 0x0B, 0xE0,
    0x00, 0x0F, 0x00, 0x0F, 0xC0, 0x00, 0x0A, 0x00, 0x2F, 0xC0, 0x00, 0x00, 0x00, 0x3F, 0x80, 0x00,
    0x00, 0x00, 0x3F, 0x00, 0x00, 0x00, 0x00, 0x3F, 0x00, 0x00, 0x00, 0x00, 0x3F, 0x00, 0x00, 0x00,
    0x00, 0x3F, 0x40, 0x00, 0x00, 0x00, 0x2F, 0x80, 0x00, 0x00, 0x00, 0x0F, 0xC0, 0x00, 0x00, 0x00,
    0x0F, 0xD0, 0x00, 0x0F, 0x00, 0x03, 0xF0, 0x00, 0x0F, 0x00, 0x02, 0xFC, 0x00, 0x1F, 0x00, 0x00,
    0xBF, 0xE1, 0xBF, 0x00, 0x00, 0x0B, 0xFF, 0xFE, 0x00, 0x00, 0x00, 0x3C, 0x00, 0x00, 0x00, 0x00,
    0x0E, 0x00, 0x00, 0x00, 0x00, 0x0F, 0x00, 0x00, 0x00, 0x03, 0xAF, 0x00, 0x00, 0x00, 0x02, 0xFC,
    0x00, 0x00, 0x00, 0x00, 0x00, 0x00, 0x00, 0x00, 0x0A, 0x80, 0x00, 0xFF, 0xFC, 0x0B, 0xE0, 0xBE,
    0x0F, 0x80, 0x7E, 0x2F, 0x00, 0x3C, 0x3F, 0x00, 0x00, 0x3F, 0x00, 0x00, 0x3F, 0x00, 0x00, 0x3F,
    0x00, 0x00, 0x3F, 0x00, 0x00, 0x2F, 0x80, 0x00, 0x0F, 0xE0, 0x02, 0x03, 0xFE, 0xBE, 0x00, 0xBF,
    0xF8, 0x00, 0x0B, 0x40, 0x00, 0x03, 0xC0, 0x00, 0x03, 0xC0, 0x00, 0xAB, 0xC0, 0x00, 0xBF, 0x80,
    0x00, 0x00, 0x00, 0x00, 0x00, 0x00, 0x00, 0xBF, 0xFF, 0xFF, 0xFF, 0xB8, 0x0B, 0xE0, 0x2F, 0xB0,
    0x03, 0xE0, 0x0F, 0xB0, 0x03, 0xE0, 0x0F, 0x00, 0x03, 0xE0, 0x00, 0x00, 0x03, 0xE0, 0x00, 0x00,
    0x03, 0xE0, 0x00, 0x00, 0x03, 0xE0, 0x00, 0x00, 0x03, 0xE0, 0x00, 0x00, 0x03, 0xE0, 0x00, 0x00,
    0x03, 0xE0, 0x00, 0x00, 0x03, 0xE0, 0x00, 0x00, 0x03, 0xE0, 0x00, 0x00, 0x03, 0xE0, 0x00, 0x00,
    0x03, 0xE0, 0x00, 0x00, 0x03, 0xE0, 0x00, 0x00, 0x2F, 0xFA, 0x00, 0x00, 0xBF, 0xFF, 0x00, 0x00,
    0x01, 0xFF, 0x00, 0x00, 0x00, 0x3F, 0x00, 0x00, 0x00, 0x2F, 0x00, 0x00, 0x00, 0x0F, 0x00, 0x00,
    0x00, 0x0F, 0x00, 0x00, 0x00, 0x01, 0x00, 0x00, 0x00, 0x00, 0x00, 0x3F, 0xFF, 0xFF, 0x80, 0x38,
    0x3F, 0x07, 0x80, 0x30, 0x2F, 0x03, 0x80, 0x20, 0x2F, 0x01, 0x00, 0x00, 0x2F, 0x00, 0x00, 0x00,
    0x2F, 0x00, 0x00, 0x00, 0x2F, 0x00, 0x00, 0x00, 0x2F, 0x00, 0x00, 0x00, 0x2F, 0x00, 0x00, 0x00,
    0x2F, 0x00, 0x00, 0x00, 0x2F, 0x00, 0x00, 0x00, 0x3F, 0xA0, 0x00, 0x02, 0xFF, 0xF0, 0x00, 0x00,
    0x03, 0xF0, 0x00, 0x00, 0x00, 0xF0, 0x00, 0x00, 0x00, 0xF0, 0x00, 0x00, 0x00, 0xF0, 0x00, 0x00,
    0x00, 0x00, 0x00, 0x00, 0x00, 0x00, 0x00, 0x00, 0xFF, 0xF8, 0x03, 0xFF, 0x80, 0x0F, 0xC0, 0x00,
    0x3C, 0x00, 0x0B, 0xE0, 0x00, 0xB8, 0x00, 0x03, 0xF0, 0x00, 0xF0, 0x00, 0x02, 0xF8, 0x03, 0xC0,
    0x00, 0x00, 0xFC, 0x0B, 0x80, 0x00, 0x00, 0x7F, 0x0F, 0x00, 0x00, 0x00, 0x3F, 0x2E, 0x00, 0x00,
    0x00, 0x0F, 0xFC, 0x00, 0x00, 0x00, 0x0B, 0xF0, 0x00, 0x00, 0x00, 0x03, 0xF0, 0x00, 0x00, 0x00,
    0x03, 0xF0, 0x00, 0x00, 0x00, 0x03, 0xF0, 0x00, 0x00, 0x00, 0x03, 0xF0, 0x00, 0x00, 0x00, 0x03,
    0xF0, 0x00, 0x00, 0x00, 0x03, 0xF0, 0x00, 0x00, 0x00, 0x2B, 0xFA, 0x00, 0x00, 0x00, 0x3F, 0xFF,
    0x00, 0x00, 0x00, 0x00, 0x00, 0x00, 0xFF, 0xF8, 0x2F, 0xFC, 0x0F, 0xC0, 0x03, 0xE0, 0x0F, 0xC0,
    0x03, 0xC0, 0x07, 0xE0, 0x0B, 0x80, 0x03, 0xF0, 0x0F, 0x00, 0x02, 0xF0, 0x0F, 0x00, 0x00, 0xF8,
    0x3D, 0x00, 0x00, 0xFC, 0x3C, 0x00, 0x00, 0xBE, 0xB8, 0x00, 0x00, 0x3F, 0xF0, 0x00, 0x00, 0x3F,
    0xE0, 0x00, 0x00, 0x1F, 0xC0, 0x00, 0x00, 0x0F, 0xC0, 0x00, 0x00, 0x0F, 0xC0, 0x00, 0x00, 0x0F,
    0xC0, 0x00, 0x00, 0x0F, 0xC0, 0x00, 0x00, 0x0F, 0xC0, 0x00, 0x00, 0xAF, 0xE8, 0x00, 0x00, 0xFF,
    0xFC, 0x00, 0x00, 0x00, 0x00, 0x00, 0x00, 0xFF, 0xF8, 0x03, 0xFF, 0x80, 0x0F, 0xC0, 0x00, 0x3C,
    0x00, 0x0B, 0xE0, 0x00, 0xB8, 0x00, 0x03, 0xF0, 0x00, 0xF0, 0x00, 0x02, 0xF8, 0x03, 0xC0, 0x00,
    0x00, 0xFC, 0x0B, 0x80, 0x00, 0x00, 0x7F, 0x0F, 0x00, 0x00, 0x00, 0x3F, 0x2E, 0x00, 0x00, 0x00,
    0x0F, 0xFC, 0x00, 0x00, 0x0A, 0xAF, 0xFE, 0xA8, 0x00, 0x0F, 0xFF, 0xFF, 0xF8, 0x00, 0x00, 0x03,
    0xF0, 0x00, 0x00, 0x00, 0x03, 0xF0, 0x00, 0x00, 0x00, 0x03, 0xF0, 0x00, 0x00, 0x00, 0x03, 0xF0,
    0x00, 0x00, 0x00, 0x03, 0xF0, 0x00, 0x00, 0x00, 0x2B, 0xFA, 0x00, 0x00, 0x00, 0x3F, 0xFF, 0x00,
    0x00, 0x00, 0x00, 0x00, 0x00, 0xFF, 0xF8, 0x2F, 0xFC, 0x0F, 0xC0, 0x03, 0xE0, 0x0F, 0xC0, 0x03,
    0xC0, 0x07, 0xE0, 0x0B, 0x80, 0x03, 0xF0, 0x0F, 0x00, 0x02, 0xF4, 0x1E, 0x00, 0x00, 0xFC, 0x3C,
    0x00, 0x00, 0xFC, 0x3C, 0x00, 0x00, 0x7E, 0xB8, 0x00, 0x00, 0x3F, 0xF0, 0x00, 0x00, 0x2F, 0xE0,
    0x00, 0x0A, 0xAF, 0xEA, 0x80, 0x0F, 0xFF, 0xFF, 0xE0, 0x00, 0x0B, 0x80, 0x00, 0x00, 0x0B, 0x80,
    0x00, 0x00, 0x0B, 0x80, 0x00, 0x00, 0x0B, 0x80, 0x00, 0x00, 0xAF, 0xE8, 0x00, 0x00, 0xFF, 0xFC,
    0x00, 0x00, 0x00, 0x00, 0x00, 0x00, 0xBF, 0xFE, 0x03, 0xFF, 0x80, 0x0B, 0xF0, 0x00, 0xBC, 0x00,
    0x03, 0xF8, 0x00, 0xF0, 0x00, 0x00, 0xFC, 0x03, 0xC0, 0x00, 0x00, 0xBF, 0x0B, 0x80, 0x00, 0x00,
    0x3F, 0x4F, 0x00, 0x00, 0x00, 0x1F, 0xFC, 0x00, 0x00, 0x00, 0x0B, 0xF8, 0x00, 0x00, 0x00, 0x03,
    0xF0, 0x00, 0x00, 0x00, 0x03, 0xFC, 0x00, 0x00, 0x00, 0x0F, 0xFE, 0x00, 0x00, 0x00, 0x2E, 0x3F,
    0x00, 0x00, 0x00, 0xBC, 0x2F, 0xC0, 0x00, 0x00, 0xF0, 0x0F, 0xE0, 0x00, 0x03, 0xC0, 0x03, 0xF0,
    0x00, 0x0B, 0x80, 0x02, 0xFC, 0x00, 0x6F, 0xA0, 0x0A, 0xFE, 0x80, 0xFF, 0xF0, 0x0F, 0xFF, 0xC0,
    0x00, 0x00, 0x00, 0x2F, 0xC0, 0x00, 0x00, 0x00, 0x0B, 0xC0, 0x00, 0x00, 0x00, 0x03, 0xC0, 0x00,
    0x00, 0x00, 0x03, 0xC0, 0x00, 0x00, 0x00, 0x02, 0xC0, 0x00, 0x00, 0x00, 0x00, 0x80, 0x00, 0x00,
    0x00, 0x00, 0xBF, 0xF8, 0xFF, 0xC0, 0x0F, 0xE0, 0x2E, 0x00, 0x03, 0xF0, 0x38, 0x00, 0x02, 0xF8,
    0xF0, 0x00, 0x00, 0xFF, 0xC0, 0x00, 0x00, 0x3F, 0x80, 0x00, 0x00, 0x2F, 0x80, 0x00, 0x00, 0x3F,
    0xD0, 0x00, 0x00, 0xF7, 0xF0, 0x00, 0x02, 0xD2, 0xFC, 0x00, 0x0B, 0x80, 0xFE, 0x00, 0x2F, 0x80,
    0xBF, 0x80, 0xFF, 0xE1, 0xFF, 0xE0, 0x00, 0x00, 0x0B, 0xE0, 0x00, 0x00, 0x02, 0xE0, 0x00, 0x00,
    0x00, 0xE0, 0x00, 0x00, 0x00, 0xE0, 0x00, 0x00, 0x00, 0x00, 0x02, 0xAA, 0xA4, 0x00, 0x00, 0x00,
    0xBF, 0xFF, 0xFF, 0xCB, 0xFF, 0xD0, 0xB8, 0x3F, 0x43, 0xC0, 0xBE, 0x00, 0xB0, 0x2F, 0x03, 0xC0,
    0xBD, 0x00, 0xB0, 0x2F, 0x02, 0xC0, 0xBD, 0x00, 0x00, 0x2F, 0x00, 0x00, 0xBD, 0x00, 0x00, 0x2F,
    0x00, 0x00, 0xBD, 0x00, 0x00, 0x2F, 0x00, 0x00, 0xBD, 0x00, 0x00, 0x2F, 0x00, 0x00, 0xBD, 0x00,
    0x00, 0x2F, 0x00, 0x00, 0xBD, 0x00, 0x00, 0x2F, 0x00, 0x00, 0xBD, 0x00, 0x00, 0x2F, 0x00, 0x00,
    0xBD, 0x00, 0x00, 0x2F, 0x00, 0x00, 0xBD, 0x00, 0x00, 0x2F, 0x00, 0x00, 0xBD, 0x00, 0x00, 0x2F,
    0x00, 0x00, 0xBD, 0x00, 0x00, 0x2F, 0x00, 0x00, 0xBD, 0x00, 0x00, 0x2F, 0x00, 0x00, 0xBD, 0x00,
    0x02, 0xBF, 0xEA, 0xAA, 0xFF, 0x80, 0x03, 0xFF, 0xFF, 0xFF, 0xFF, 0xD0, 0x00, 0x00, 0x00, 0x00,
    0x2F, 0xD0, 0x00, 0x00, 0x00, 0x00, 0x0B, 0xD0, 0x00, 0x00, 0x00, 0x00, 0x03, 0xD0, 0x00, 0x00,
    0x00, 0x00, 0x02, 0xD0, 0x00, 0x00, 0x00, 0x00, 0x00, 0xD0, 0x00, 0x00, 0x00, 0x00, 0x00, 0x80,
    0x06, 0xAA, 0x40, 0x00, 0x00, 0x3F, 0xFF, 0xFB, 0xFF, 0x80, 0x38, 0xFC, 0xB0, 0xBC, 0x00, 0x30,
    0xFC, 0x30, 0xBC, 0x00, 0x20, 0xFC, 0x20, 0xBC, 0x00, 0x00, 0xFC, 0x00, 0xBC, 0x00, 0x00, 0xFC,
    0x00, 0xBC, 0x00, 0x00, 0xFC, 0x00, 0xBC, 0x00, 0x00, 0xFC, 0x00, 0xBC, 0x00, 0x00, 0xFC, 0x00,
    0xBC, 0x00, 0x00, 0xFC, 0x00, 0xBC, 0x00, 0x00, 0xFC, 0x00, 0xBC, 0x00, 0x01, 0xFE, 0xAA, 0xFE,
    0x00, 0x0B, 0xFF, 0xFF, 0xFF, 0x80, 0x00, 0x00, 0x00, 0x1F, 0x80, 0x00, 0x00, 0x00, 0x07, 0x80,
    0x00, 0x00, 0x00, 0x03, 0x80, 0x00, 0x00, 0x00, 0x03, 0x80, 0x00, 0x00, 0x00, 0x00, 0x00, 0x00,
    0x00, 0x00, 0x00, 0x00, 0x3F, 0xFE, 0x0F, 0xFF, 0xC0, 0x07, 0xF0, 0x00, 0xFC, 0x00, 0x03, 0xE0,
    0x00, 0xFC, 0x00, 0x03, 0xE0, 0x00, 0xFC, 0x00, 0x03, 0xE0, 0x00, 0xFC, 0x00, 0x03, 0xE0, 0x00,
    0xFC, 0x00, 0x03, 0xE0, 0x00, 0xFC, 0x00, 0x03, 0xF0, 0x00, 0xFC, 0x00, 0x03, 0xF8, 0x1F, 0xFC,
    0x00, 0x02, 0xFF, 0xFF, 0xFC, 0x00, 0x00, 0xBF, 0xE0, 0xFC, 0x00, 0x00, 0x00, 0x00, 0xFC, 0x00,
    0x00, 0x00, 0x00, 0xFC, 0x00, 0x00, 0x00, 0x00, 0xFC, 0x00, 0x00, 0x00, 0x00, 0xFC, 0x00, 0x00,
    0x00, 0x00, 0xFC, 0x00, 0x00, 0x00, 0x02, 0xFE, 0x80, 0x00, 0x00, 0x0F, 0xFF, 0xC0, 0x00, 0x00,
    0x00, 0x2F, 0xC0, 0x00, 0x00, 0x00, 0x0B, 0xC0, 0x00, 0x00, 0x00, 0x03, 0xC0, 0x00, 0x00, 0x00,
    0x03, 0xC0, 0x00, 0x00, 0x00, 0x02, 0xC0, 0x00, 0x00, 0x00, 0x00, 0x80, 0x00, 0x00, 0x00, 0x00,
    0x3F, 0xF8, 0xFF, 0xE0, 0x0B, 0xC0, 0x3F, 0x00, 0x0B, 0xC0, 0x3F, 0x00, 0x0B, 0xC0, 0x3F, 0x00,
    0x0B, 0xC0, 0x3F, 0x00, 0x0B, 0xC0, 0x3F, 0x00, 0x07, 0xFA, 0xFF, 0x00, 0x02, 0xFF, 0xBF, 0x00,
    0x00, 0x00, 0x3F, 0x00, 0x00, 0x00, 0x3F, 0x00, 0x00, 0x00, 0x3F, 0x00, 0x00, 0x00, 0x7F, 0x40,
    0x00, 0x00, 0xFF, 0xE0, 0x00, 0x00, 0x07, 0xE0, 0x00, 0x00, 0x01, 0xE0, 0x00, 0x00, 0x00, 0xE0,
    0x00, 0x00, 0x00, 0xE0, 0x00, 0x00, 0x00, 0x00, 0x00, 0x00, 0x00, 0x00, 0x00, 0x3F, 0xFE, 0x0F,
    0xFF, 0xC0, 0x07, 0xF0, 0x00, 0xFC, 0x00, 0x03, 0xE0, 0x00, 0xFC, 0x00, 0x03, 0xE0, 0xA0, 0xFC,
    0x00, 0x03, 0xE0, 0xF0, 0xFC, 0x00, 0x03, 0xE0, 0xF0, 0xFC, 0x00, 0x03, 0xE0, 0xF0, 0xFC, 0x00,
    0x03, 0xF0, 0xF0, 0xFC, 0x00, 0x03, 0xF8, 0xFF, 0xFC, 0x00, 0x02, 0xFF, 0xFF, 0xFC, 0x00, 0x00,
    0xBF, 0xF0, 0xFC, 0x00, 0x00, 0x00, 0xF0, 0xFC, 0x00, 0x00, 0x00, 0xF0, 0xFC, 0x00, 0x00, 0x00,
    0xF0, 0xFC, 0x00, 0x00, 0x00, 0xF0, 0xFC, 0x00, 0x00, 0x00, 0x00, 0xFC, 0x00, 0x00, 0x00, 0x02,
    0xFE, 0x80, 0x00, 0x00, 0x0F, 0xFF, 0xC0, 0x00, 0x00, 0x00, 0x00, 0x3F, 0xF8, 0xBF, 0xF0, 0x0B,
    0xC0, 0x0F, 0x80, 0x0B, 0xC0, 0x0F, 0x80, 0x0B, 0xC3, 0x0F, 0x80, 0x0B, 0xC3, 0x4F, 0x80, 0x0B,
    0xC3, 0x4F, 0x80, 0x03, 0xFF, 0xFF, 0x80, 0x01, 0xFF, 0xDF, 0x80, 0x00, 0x0B, 0x4F, 0x80, 0x00,
    0x03, 0x4F, 0x80, 0x00, 0x03, 0x0F, 0x80, 0x00, 0x00, 0x2F, 0xC0, 0x00, 0x00, 0xBF, 0xF0, 0x00,
    0x00, 0x00, 0x00, 0x00, 0x3F, 0xFE, 0x00, 0x00, 0x00, 0x07, 0xF0, 0x00, 0x00, 0x00, 0x03, 0xE0,
    0x00, 0x00, 0x00, 0x03, 0xE0, 0x00, 0x00, 0x00, 0x03, 0xE0, 0x28, 0x00, 0x00, 0x03, 0xEB, 0xFF,
    0xC0, 0x00, 0x03, 0xFF, 0xFF, 0xF0, 0x00, 0x03, 0xF8, 0x03, 0xF0, 0x00, 0x03, 0xE0, 0x02, 0xF8,
    0x00, 0x03, 0xE0, 0x02, 0xF8, 0x00, 0x03, 0xE0, 0x02, 0xF8, 0x00, 0x03, 0xE0, 0x02, 0xF8, 0x00,
    0x03, 0xE0, 0x02, 0xF8, 0x00, 0x03, 0xE0, 0x02, 0xF8, 0x00, 0x03, 0xE0, 0x02, 0xF8, 0x00, 0x03,
    0xE0, 0x02, 0xF8, 0x00, 0x2B, 0xF8, 0x0B, 0xFE, 0x00, 0x3F, 0xFE, 0x0F, 0xFF, 0x80, 0x00, 0x00,
    0x00, 0x00, 0x2F, 0xC0, 0x00, 0x00, 0xBF, 0xC0, 0x00, 0x00, 0x0B, 0xC0, 0x00, 0x00, 0x0B, 0xC0,
    0x00, 0x00, 0x0B, 0xC0, 0x00, 0x00, 0x0B, 0xC0, 0x00, 0x00, 0x0B, 0xC0, 0x64, 0x00, 0x0B, 0xCF,
    0xFF, 0x00, 0x0B, 0xFE, 0xBF, 0xC0, 0x0B, 0xC0, 0x0F, 0xC0, 0x0B, 0xC0, 0x0B, 0xC0, 0x0B, 0xC0,
    0x0B, 0xC0, 0x0B, 0xC0, 0x0B, 0xC0, 0x0B, 0xC0, 0x0B, 0xC0, 0x0B, 0xC0, 0x0B, 0xC0, 0x0B, 0xC0,
    0x0B, 0xC0, 0x0B, 0xC0, 0x0B, 0xC0, 0x0B, 0xC0, 0x0B, 0xC0, 0x0F, 0xE0, 0x0F, 0xE0, 0xBF, 0xF8,
    0x3F, 0xFC, 0x00, 0x00, 0x01, 0xAA, 0x80, 0x00, 0x00, 0x00, 0x2F, 0xFF, 0xF8, 0x00, 0x00, 0x00,
    0xBF, 0x00, 0xFF, 0x00, 0x2F, 0x02, 0xFC, 0x00, 0x3F, 0x80, 0x3F, 0x03, 0xF0, 0x00, 0x1F, 0xC0,
    0xBD, 0x0B, 0xE0, 0x00, 0x0F, 0xC0, 0x7C, 0x0F, 0xC0, 0x00, 0x0F, 0xC0, 0x3C, 0x1F, 0xC0, 0x00,
    0x0F, 0xD0, 0x1F, 0xFF, 0xFF, 0xFF, 0xFF, 0xE0, 0x00, 0xAF, 0xEA, 0xAA, 0xAA, 0x80, 0x00, 0x1F,
    0xC0, 0x00, 0x00, 0x00, 0x00, 0x0F, 0xC0, 0x00, 0x00, 0x00, 0x00, 0x0F, 0xC0, 0x00, 0x00, 0x00,
    0x00, 0x0F, 0xE0, 0x00, 0x00, 0x00, 0x00, 0x0B, 0xF0, 0x00, 0x00, 0x00, 0x00, 0x03, 0xFC, 0x00,
    0x00, 0xC0, 0x00, 0x00, 0xFF, 0x80, 0x0B, 0xC0, 0x00, 0x00, 0x7F, 0xFF, 0xFF, 0x40, 0x00, 0x00,
    0x0B, 0xFF, 0xF8, 0x00, 0x00, 0x00, 0x00, 0x00, 0x00, 0x00, 0x00, 0x00, 0x0A, 0x40, 0x00, 0x0A,
    0x00, 0xFF, 0xF8, 0x00, 0x3F, 0x03, 0xE0, 0xBE, 0x00, 0x3F, 0x0F, 0x80, 0x2F, 0x00, 0x3C, 0x2F,
    0x00, 0x2F, 0x00, 0x2F, 0xBF, 0xAA, 0xAF, 0x80, 0x0A, 0xFF, 0xFF, 0xFF, 0x80, 0x00, 0x3F, 0x00,
    0x00, 0x00, 0x00, 0x3F, 0x00, 0x00, 0x00, 0x00, 0x3F, 0x00, 0x00, 0x00, 0x00, 0x2F, 0x80, 0x00,
    0x00, 0x00, 0x0F, 0xE0, 0x03, 0x80, 0x00, 0x03, 0xFE, 0xBF, 0x00, 0x00, 0x00, 0xBF, 0xF8, 0x00,
    0x00, 0x00, 0x00, 0x00, 0x00, 0x00, 0x00, 0x01, 0xAA, 0x80, 0x00, 0x00, 0x00, 0x2F, 0xFF, 0xF8,
    0x00, 0x00, 0x00, 0xBF, 0x00, 0xFF, 0x00, 0x2F, 0x02, 0xFC, 0x00, 0x3F, 0x80, 0x3F, 0x03, 0xF0,
    0x00, 0x1F, 0xC0, 0xBD, 0x0B, 0xE0, 0x00, 0x0F, 0xC0, 0x7C, 0x0F, 0xC0, 0x00, 0x0F, 0xC0, 0x3C,
    0x1F, 0xC0, 0x00, 0x0F, 0xD0, 0x1F, 0xFF, 0xFF, 0xFF, 0xFF, 0xE0, 0x00, 0xAF, 0xEA, 0xAA, 0xAA,
    0x80, 0x00, 0x1F, 0xC0, 0x00, 0x00, 0x00, 0x00, 0x0F, 0xC0, 0x00, 0x00, 0x00, 0x00, 0x0F, 0xC0,
    0x00, 0x00, 0x00, 0x00, 0x0F, 0xE0, 0x00, 0x00, 0x00, 0x00, 0x0B, 0xF0, 0x00, 0x00, 0x00, 0x00,
    0x03, 0xFC, 0x00, 0x00, 0xC0, 0x00, 0x00, 0xFF, 0x80, 0x0B, 0xC0, 0x00, 0x00, 0x7F, 0xFF, 0xFF,
    0x40, 0x00, 0x00, 0x0B, 0xFF, 0xF8, 0x00, 0x00, 0x00, 0x00, 0xFF, 0x00, 0x00, 0x00, 0x00, 0x00,
    0x3E, 0x00, 0x00, 0x00, 0x00, 0x00, 0x3C, 0x00, 0x00, 0x00, 0x00, 0x00, 0x3C, 0x00, 0x00, 0x00,
    0x00, 0x00, 0x3C, 0x00, 0x00, 0x00, 0x00, 0x00, 0x28, 0x00, 0x00, 0x00, 0x00, 0x0A, 0x40, 0x00,
    0x0A, 0x00, 0xFF, 0xF8, 0x00, 0x3F, 0x03, 0xE0, 0xBE, 0x00, 0x3F, 0x0F, 0x80, 0x2F, 0x00, 0x3C,
    0x2F, 0x00, 0x2F, 0x00, 0x2F, 0xBF, 0xAA, 0xAF, 0x80, 0x0A, 0xFF, 0xFF, 0xFF, 0x80, 0x00, 0x3F,
    0x00, 0x00, 0x00, 0x00, 0x3F, 0x00, 0x00, 0x00, 0x00, 0x3F, 0x00, 0x00, 0x00, 0x00, 0x2F, 0x80,
    0x00, 0x00, 0x00, 0x0F, 0xE0, 0x03, 0x80, 0x00, 0x03, 0xFE, 0xBF, 0x00, 0x00, 0x00, 0xFF, 0xF8,
    0x00, 0x00, 0x00, 0x0F, 0x80, 0x00, 0x00, 0x00, 0x0F, 0x00, 0x00, 0x00, 0x00, 0x0F, 0x00, 0x00,
    0x00, 0x00, 0x0F, 0x00, 0x00, 0x00, 0x00, 0x00, 0x00, 0x00, 0x00, 0x00, 0x00, 0x3F, 0xFF, 0x00,
    0x03, 0xF0, 0x00, 0x03, 0xF0, 0x00, 0x03, 0xF0, 0x00, 0x03, 0xF0, 0x00, 0x03, 0xF0, 0x00, 0x03,
    0xF0, 0x00, 0x03, 0xF0, 0x00, 0x03, 0xF0, 0x00, 0x03, 0xF0, 0x00, 0x03, 0xF0, 0x00, 0x03, 0xF0,
    0x00, 0x03, 0xF0, 0x00, 0x03, 0xF0, 0x00, 0x03, 0xF0, 0x00, 0x03, 0xF0, 0x00, 0x2B, 0xFA, 0x00,
    0x3F, 0xFF, 0x00, 0x00, 0x00, 0x20, 0x08, 0x00, 0x00, 0x00, 0x00, 0xFC, 0x3F, 0x00, 0x00, 0x00,
    0x00, 0xF0, 0x0F, 0x00, 0x00, 0x00, 0x00, 0x38, 0x2C, 0x00, 0x00, 0x00, 0x00, 0x0B, 0xE0, 0x00,
    0x00, 0x00, 0x00, 0x00, 0x00, 0x00, 0x00, 0x2E, 0x00, 0x00, 0x00, 0x00, 0xB8, 0xBF, 0xE0, 0xBF,
    0xFE, 0x0B, 0xFE, 0xBF, 0xF0, 0x0B, 0xE0, 0x0F, 0xFE, 0x20, 0x38, 0x0B, 0xE0, 0x2C, 0x08, 0x00,
    0x2C, 0x0B, 0xE0, 0x3C, 0x00, 0x00, 0x2C, 0x0B, 0xE0, 0x38, 0x00, 0x00, 0x0E, 0x0B, 0xE0, 0xB0,
    0x00, 0x00, 0x0F, 0x0B, 0xE0, 0xF0, 0x00, 0x00, 0x03, 0xCB, 0xE2, 0xC0, 0x00, 0x00, 0x02, 0xFF,
    0xFF, 0x80, 0x00, 0x00, 0x02, 0xFF, 0xFF, 0x80, 0x00, 0x00, 0x0F, 0xDB, 0xE3, 0xF0, 0x00, 0x00,
    0x3F, 0x8B, 0xE2, 0xFC, 0x00, 0x00, 0x7F, 0x0B, 0xE0, 0xFE, 0x00, 0x00, 0xFC, 0x0B, 0xE0, 0x3F,
    0x00, 0x02, 0xF8, 0x0B, 0xE0, 0x2F, 0x80, 0x03, 0xF0, 0x0B, 0xE0, 0x0F, 0xD0, 0x6F, 0xC0, 0x2F,
    0xF8, 0x03, 0xF9, 0xFF, 0xC0, 0xBF, 0xFE, 0x03, 0xFF, 0x00, 0x00, 0x00, 0x00, 0x00, 0x00, 0x0F,
    0x07, 0xC0, 0x00, 0x00, 0x1E, 0x03, 0xC0, 0x00, 0x00, 0x0E, 0x03, 0xC0, 0x00, 0x00, 0x02, 0xFE,
    0x00, 0x00, 0x00, 0x00, 0x00, 0x00, 0x00, 0x18, 0x00, 0x00, 0x01, 0x80, 0xBF, 0x8B, 0xFF, 0x0F,
    0xF4, 0xBF, 0xC0, 0xFC, 0x1F, 0xF8, 0x20, 0xE0, 0xFC, 0x38, 0x20, 0x00, 0xB0, 0xFC, 0x34, 0x00,
    0x00, 0x38, 0xFC, 0xF0, 0x00, 0x00, 0x2E, 0xFE, 0xC0, 0x00, 0x00, 0x2F, 0xFF, 0xE0, 0x00, 0x00,
    0xBE, 0xFE, 0xF4, 0x00, 0x00, 0xF8, 0xFC, 0xFC, 0x00, 0x03, 0xF0, 0xFC, 0x3E, 0x00, 0x0B, 0xC0,
    0xFC, 0x2F, 0x40, 0x2F, 0x81, 0xFD, 0x0F, 0xD0, 0xFF, 0x0B, 0xFF, 0x07, 0xF8, 0x00, 0x00, 0x00,
    0x2A, 0x00, 0x3F, 0xFF, 0x00, 0xFF, 0xC0, 0x07, 0xF0, 0x03, 0xFF, 0xC0, 0x03, 0xE0, 0x03, 0x82,
    0x00, 0x03, 0xE0, 0x0B, 0x00, 0x00, 0x03, 0xE0, 0x0F, 0x00, 0x00, 0x03, 0xE0, 0x0E, 0x00, 0x00,
    0x03, 0xE0, 0x3C, 0x00, 0x00, 0x03, 0xE0, 0xB8, 0x00, 0x00, 0x03, 0xFF, 0xF0, 0x00, 0x00, 0x03,
    0xFF, 0xD0, 0x00, 0x00, 0x03, 0xFB, 0xF8, 0x00, 0x00, 0x03, 0xE0, 0xFF, 0x00, 0x00, 0x03, 0xE0,
    0x2F, 0xE0, 0x00, 0x03, 0xE0, 0x07, 0xF8, 0x00, 0x03, 0xE0, 0x00, 0xFC, 0x00, 0x03, 0xE0, 0x00,
    0xBF, 0x00, 0x2B, 0xF8, 0x00, 0x3F, 0x00, 0x3F, 0xFF, 0x00, 0x2F, 0x40, 0x00, 0x00, 0x00, 0x2F,
    0x40, 0x00, 0x00, 0x00, 0x2F, 0x00, 0x00, 0x00, 0x00, 0x3F, 0x00, 0x00, 0x00, 0x00, 0xFC, 0x00,
    0x00, 0x00, 0xBF, 0xE0, 0x00, 0x00, 0x00, 0x00, 0x00, 0x00, 0x00, 0x00, 0x02, 0x80, 0x3F, 0xF8,
    0x2F, 0xE0, 0x0B, 0xC0, 0x3F, 0xF0, 0x0B, 0xC0, 0xB0, 0x80, 0x0B, 0xC0, 0xE0, 0x00, 0x0B, 0xC2,
    0xC0, 0x00, 0x0B, 0xEB, 0x80, 0x00, 0x0B, 0xFF, 0x00, 0x00, 0x0B, 0xEF, 0xD0, 0x00, 0x0B, 0xC3,
    0xF8, 0x00, 0x0B, 0xC0, 0xBF, 0x00, 0x0B, 0xC0, 0x2F, 0xC0, 0x0F, 0xE0, 0x0F, 0xC0, 0x3F, 0xF8,
    0x03, 0xE0, 0x00, 0x00, 0x03, 0xE0, 0x00, 0x00, 0x03, 0xE0, 0x00, 0x00, 0x03, 0xE0, 0x00, 0x00,
    0x0F, 0xC0, 0x00, 0x07, 0xFF, 0x00, 0x00, 0x00, 0x00, 0x00, 0x00, 0x00, 0x00, 0x00, 0x00, 0x00,
    0xBF, 0xFF, 0xFF, 0xF8, 0x00, 0x0B, 0x80, 0x2F, 0x80, 0x00, 0x03, 0x80, 0x0F, 0x80, 0x00, 0x07,
    0x40, 0x0F, 0x80, 0x00, 0x07, 0x40, 0x0F, 0x80, 0x00, 0x0B, 0x00, 0x0F, 0x80, 0x00, 0x0B, 0x00,
    0x0F, 0x80, 0x00, 0x0B, 0x00, 0x0F, 0x80, 0x00, 0x0B, 0x00, 0x0F, 0x80, 0x00, 0x0B, 0x00, 0x0F,
    0x80, 0x00, 0x0F, 0x00, 0x0F, 0x80, 0x00, 0x0F, 0x00, 0x0F, 0x80, 0x00, 0x0E, 0x00, 0x0F, 0x80,
    0x00, 0x2E, 0x00, 0x0F, 0x80, 0x00, 0x3C, 0x00, 0x0F, 0x80, 0xB8, 0xB8, 0x00, 0x1F, 0x80, 0xFF,
    0xF0, 0x00, 0xBF, 0xE8, 0xBF, 0xC0, 0x02, 0xFF, 0xFC, 0x00, 0x00, 0x00, 0x00, 0xB4, 0x00, 0x00,
    0x00, 0x00, 0xF0, 0x00, 0x00, 0x00, 0x03, 0xC0, 0x00, 0x00, 0x00, 0x07, 0x80, 0x00, 0x00, 0x00,
    0x02, 0x00, 0x00, 0x00, 0x00, 0x00, 0x02, 0xFF, 0xFF, 0xFC, 0x00, 0x3C, 0x07, 0xE0, 0x00, 0x38,
    0x03, 0xE0, 0x00, 0x38, 0x03, 0xE0, 0x00, 0x38, 0x03, 0xE0, 0x00, 0x38, 0x03, 0xE0, 0x00, 0x38,
    0x03, 0xE0, 0x00, 0x38, 0x03, 0xE0, 0x00, 0x30, 0x03, 0xE0, 0x00, 0xB0, 0x03, 0xE0, 0x74, 0xF0,
    0x03, 0xE0, 0xFF, 0xC0, 0x0B, 0xF0, 0xFF, 0x40, 0x3F, 0xFE, 0x00, 0x00, 0x00, 0x3C, 0x00, 0x00,
    0x00, 0xB8, 0x00, 0x00, 0x00, 0xF0, 0x00, 0x00, 0x02, 0xC0, 0x00, 0x00, 0x00, 0x00, 0x00, 0x00,
    0x00, 0x00, 0x00, 0x3F, 0xFF, 0x00, 0xBF, 0xFC, 0x07, 0xF0, 0x00, 0x0B, 0xE0, 0x03, 0xE0, 0x00,
    0x0B, 0xC0, 0x03, 0xE0, 0x00, 0x0B, 0xC0, 0x03, 0xE0, 0x00, 0x0B, 0xC0, 0x03, 0xE0, 0x00, 0x0B,
    0xC0, 0x03, 0xE0, 0x00, 0x0B, 0xC0, 0x03, 0xFA, 0xAA, 0xAF, 0xC0, 0x03, 0xFF, 0xFF, 0xFF, 0xC0,
    0x03, 0xE0, 0x00, 0x0B, 0xC0, 0x03, 0xE0, 0x00, 0x0B, 0xC0, 0x03, 0xE0, 0x00, 0x0B, 0xC0, 0x03,
    0xE0, 0x00, 0x0B, 0xC0, 0x03, 0xE0, 0x00, 0x0B, 0xC0, 0x03, 0xE0, 0x00, 0x0B, 0xC0, 0x03, 0xE0,
    0x00, 0x0B, 0xC0, 0x2B, 0xF8, 0x00, 0x0B, 0xC0, 0x3F, 0xFF, 0x00, 0x0B, 0xC0, 0x00, 0x00, 0x00,
    0x0F, 0xC0, 0x00, 0x00, 0x00, 0x0F, 0x80, 0x00, 0x00, 0x00, 0x2F, 0x00, 0x00, 0x00, 0x00, 0xBE,
    0x00, 0x00, 0x00, 0x3F, 0xF4, 0x00, 0x00, 0x00, 0x00, 0x00, 0x00, 0x00, 0x00, 0x00, 0x00, 0x3F,
    0xF8, 0x2F, 0xFE, 0x0B, 0xC0, 0x03, 0xF0, 0x0B, 0xC0, 0x03, 0xE0, 0x0B, 0xC0, 0x03, 0xE0, 0x0B,
    0xC0, 0x03, 0xE0, 0x0B, 0xEA, 0xAB, 0xE0, 0x0B, 0xEA, 0xAB, 0xE0, 0x0B, 0xC0, 0x03, 0xE0, 0x0B,
    0xC0, 0x03, 0xE0, 0x0B, 0xC0, 0x03, 0xE0, 0x0B, 0xC0, 0x03, 0xE0, 0x0F, 0xE0, 0x03, 0xE0, 0x3F,
    0xF8, 0x03, 0xE0, 0x00, 0x00, 0x03, 0xE0, 0x00, 0x00, 0x0B, 0xC0, 0x00, 0x00, 0x0F, 0xC0, 0x00,
    0x00, 0x3F, 0x00, 0x00, 0x0B, 0xFC, 0x00, 0x00, 0x00, 0x00, 0x00, 0x00, 0x00, 0x00, 0x00, 0x00,
    0x3F, 0xFF, 0x00, 0xBF, 0xFC, 0x07, 0xF0, 0x00, 0x0B, 0xE0, 0x03, 0xE0, 0x00, 0x0B, 0xC0, 0x03,
    0xE0, 0x00, 0x0B, 0xC0, 0x03, 0xE0, 0x00, 0x0B, 0xC0, 0x03, 0xE0, 0x00, 0x0B, 0xC0, 0x03, 0xE0,
    0x00, 0x0B, 0xC0, 0x03, 0xFA, 0xAA, 0xAF, 0xC0, 0x03, 0xFF, 0xFF, 0xFF, 0xC0, 0x03, 0xE0, 0x00,
    0x0B, 0xC0, 0x03, 0xE0, 0x00, 0x0B, 0xC0, 0x03, 0xE0, 0x00, 0x0B, 0xC0, 0x03, 0xE0, 0x00, 0x0B,
    0xC0, 0x03, 0xE0, 0x00, 0x0B, 0xC0, 0x03, 0xE0, 0x00, 0x0B, 0xC0, 0x03, 0xE0, 0x00, 0x0B, 0xC0,
    0x2B, 0xF8, 0x00, 0x2F, 0xF8, 0x3F, 0xFF, 0x00, 0xBF, 0xFE, 0x00, 0x00, 0x00, 0x00, 0x3C, 0x00,
    0x00, 0x00, 0x00, 0xB4, 0x00, 0x00, 0x00, 0x00, 0xF0, 0x00, 0x00, 0x00, 0x03, 0xC0, 0x00, 0x00,
    0x00, 0x02, 0x00, 0x00, 0x00, 0x00, 0x00, 0x3F, 0xF8, 0x2F, 0xFE, 0x0B, 0xC0, 0x03, 0xF0, 0x0B,
    0xC0, 0x03, 0xE0, 0x0B, 0xC0, 0x03, 0xE0, 0x0B, 0xC0, 0x03, 0xE0, 0x0B, 0xEA, 0xAB, 0xE0, 0x0B,
    0xEA, 0xAB, 0xE0, 0x0B, 0xC0, 0x03, 0xE0, 0x0B, 0xC0, 0x03, 0xE0, 0x0B, 0xC0, 0x03, 0xE0, 0x0B,
    0xC0, 0x03, 0xE0, 0x0F, 0xE0, 0x07, 0xF8, 0x3F, 0xF8, 0x2F, 0xFE, 0x00, 0x00, 0x00, 0x3C, 0x00,
    0x00, 0x00, 0x38, 0x00, 0x00, 0x00, 0xF0, 0x00, 0x00, 0x01, 0xE0, 0x00, 0x00, 0x00, 0x00, 0x00,
    0x00, 0x00, 0x00, 0x00, 0x3F, 0xFE, 0x0F, 0xFF, 0xC0, 0x07, 0xF0, 0x00, 0xFC, 0x00, 0x03, 0xE0,
    0x00, 0xFC, 0x00, 0x03, 0xE0, 0x00, 0xFC, 0x00, 0x03, 0xE0, 0x00, 0xFC, 0x00, 0x03, 0xE0, 0x00,
    0xFC, 0x00, 0x03, 0xE0, 0x00, 0xFC, 0x00, 0x03, 0xF0, 0x00, 0xFC, 0x00, 0x03, 0xF8, 0x1F, 0xFC,
    0x00, 0x02, 0xFF, 0xFF, 0xFC, 0x00, 0x00, 0xBF, 0xE0, 0xFC, 0x00, 0x00, 0x00, 0x00, 0xFC, 0x00,
    0x00, 0x00, 0x00, 0xFC, 0x00, 0x00, 0x00, 0x00, 0xFC, 0x00, 0x00, 0x00, 0x00, 0xFC, 0x00, 0x00,
    0x00, 0x00, 0xFC, 0x00, 0x00, 0x00, 0x02, 0xFE, 0x80, 0x00, 0x00, 0x0F, 0xFF, 0xC0, 0x00, 0x00,
    0x0F, 0xF8, 0x00, 0x00, 0x00, 0x0F, 0xC0, 0x00, 0x00, 0x00, 0x0F, 0x80, 0x00, 0x00, 0x00, 0x0F,
    0x00, 0x00, 0x00, 0x00, 0x0F, 0x00, 0x00, 0x00, 0x00, 0x04, 0x00, 0x00, 0x00, 0x00, 0x00, 0x00,
    0x3F, 0xF8, 0xFF, 0xE0, 0x0B, 0xC0, 0x3F, 0x00, 0x0B, 0xC0, 0x3F, 0x00, 0x0B, 0xC0, 0x3F, 0x00,
    0x0B, 0xC0, 0x3F, 0x00, 0x0B, 0xC0, 0x3F, 0x00, 0x07, 0xFA, 0xFF, 0x00, 0x02, 0xFF, 0xBF, 0x00,
    0x00, 0x00, 0x3F, 0x00, 0x00, 0x00, 0x3F, 0x00, 0x00, 0x00, 0x3F, 0x00, 0x00, 0x00, 0x7F, 0x40,
    0x00, 0x01, 0xFF, 0xE0, 0x00, 0x00, 0xFC, 0x00, 0x00, 0x00, 0xF0, 0x00, 0x00, 0x00, 0xD0, 0x00,
    0x00, 0x00, 0xC0, 0x00, 0x00, 0x00, 0x00, 0x00, 0x00, 0x00, 0x00, 0x00, 0x00, 0x00, 0x3F, 0xFC,
    0x00, 0x00, 0xBF, 0xFC, 0x07, 0xFC, 0x00, 0x00, 0xFF, 0xC0, 0x03, 0xFE, 0x00, 0x00, 0xFF, 0x80,
    0x03, 0xBF, 0x00, 0x02, 0xDF, 0x80, 0x03, 0xAF, 0x80, 0x03, 0xCF, 0x80, 0x03, 0x8F, 0xC0, 0x03,
    0x8F, 0x80, 0x03, 0x8F, 0xC0, 0x0B, 0x0F, 0x80, 0x03, 0x87, 0xE0, 0x0F, 0x0F, 0x80, 0x03, 0x83,
    0xF0, 0x2D, 0x0F, 0x80, 0x03, 0x82, 0xF0, 0x3C, 0x0F, 0x80, 0x03, 0x80, 0xF8, 0x38, 0x0F, 0x80,
    0x03, 0x80, 0xFC, 0xB0, 0x0F, 0x80, 0x03, 0x80, 0xBE, 0xF0, 0x0F, 0x80, 0x03, 0x80, 0x3F, 0xE0,
    0x0F, 0x80, 0x03, 0x80, 0x3F, 0xC0, 0x0F, 0x80, 0x03, 0x80, 0x2F, 0xC0, 0x0F, 0x80, 0x2B, 0xE0,
    0x0F, 0x80, 0xAF, 0xE8, 0x3F, 0xF8, 0x0F, 0x00, 0xFF, 0xFC, 0x00, 0x00, 0x00, 0x00, 0x00, 0xB8,
    0x00, 0x00, 0x00, 0x00, 0x00, 0xF0, 0x00, 0x00, 0x00, 0x00, 0x02, 0xC0, 0x00, 0x00, 0x00, 0x00,
    0x03, 0x80, 0x00, 0x00, 0x00, 0x00, 0x02, 0x00, 0x00, 0x00, 0x00, 0x00, 0x00, 0x3F, 0xE0, 0x00,
    0x3F, 0xF8, 0x0B, 0xF0, 0x00, 0x3F, 0xC0, 0x0B, 0xF8, 0x00, 0xFF, 0xC0, 0x0B, 0xBC, 0x00, 0xEF,
    0xC0, 0x0B, 0x3C, 0x02, 0xCF, 0xC0, 0x0B, 0x3E, 0x03, 0x8F, 0xC0, 0x0B, 0x1F, 0x03, 0x0F, 0xC0,
    0x0B, 0x0F, 0x8B, 0x0F, 0xC0, 0x0B, 0x0B, 0xCE, 0x0F, 0xC0, 0x0B, 0x03, 0xFC, 0x0F, 0xC0, 0x0B,
    0x02, 0xF8, 0x0F, 0xC0, 0x0F, 0x40, 0xF0, 0x0F, 0xE0, 0x3F, 0xE0, 0xF0, 0x7F, 0xF8, 0x00, 0x00,
    0x00, 0x00, 0xB0, 0x00, 0x00, 0x00, 0x00, 0xE0, 0x00, 0x00, 0x00, 0x03, 0xC0, 0x00, 0x00, 0x00,
    0x03, 0x80, 0x00, 0x00, 0x00, 0x00, 0x00, 0x2A, 0xA8, 0x3F, 0xFC, 0x03, 0xD0, 0x03, 0xC0, 0x03,
    0xC0, 0x03, 0xC0, 0x03, 0xC0, 0x03, 0xC0, 0x03, 0xC0, 0x03, 0xC0, 0x03, 0xC0, 0x03, 0xC0, 0x03,
    0xC0, 0x03, 0xC0, 0x03, 0xC0, 0x03, 0xC0, 0x03, 0xC0, 0x03, 0xC0, 0x0B, 0xE0, 0x3F, 0xFC, 0x00,
    0x02, 0x00, 0x80, 0x00, 0x00, 0x0F, 0xC3, 0xF0, 0x00, 0x00, 0x0F, 0x00, 0xF0, 0x00, 0x00, 0x03,
    0x82, 0xC0, 0x00, 0x00, 0x00, 0xBE, 0x00, 0x00, 0x00, 0x00, 0x00, 0x00, 0x00, 0x00, 0x00, 0x3C,
    0x00, 0x00, 0x00, 0x00, 0xBE, 0x00, 0x00, 0x00, 0x00, 0xFF, 0x00, 0x00, 0x00, 0x00, 0xFF, 0x00,
    0x00, 0x00, 0x02, 0xFF, 0x80, 0x00, 0x00, 0x03, 0xCF, 0xC0, 0x00, 0x00, 0x07, 0x8B, 0xE0, 0x00,
    0x00, 0x0F, 0x03, 0xF0, 0x00, 0x00, 0x0F, 0x03, 0xF0, 0x00, 0x00, 0x2E, 0x02, 0xF8, 0x00, 0x00,
    0x3D, 0x01, 0xFC, 0x00, 0x00, 0x3F, 0xFF, 0xFC, 0x00, 0x00, 0xB8, 0x00, 0xBE, 0x00, 0x00, 0xF0,
    0x00, 0x3F, 0x00, 0x01, 0xE0, 0x00, 0x2F, 0x80, 0x02, 0xC0, 0x00, 0x0F, 0xC0, 0x03, 0xC0, 0x00,
    0x0F, 0xC0, 0x2F, 0xE0, 0x00, 0x2F, 0xF8, 0x3F, 0xF8, 0x00, 0xBF, 0xFC, 0x00, 0x00, 0x00, 0x00,
    0x03, 0xE0, 0xF8, 0x00, 0x03, 0xC0, 0xB8, 0x00, 0x02, 0xC0, 0xB0, 0x00, 0x00, 0xBF, 0x80, 0x00,
    0x00, 0x00, 0x00, 0x00, 0x00, 0x1A, 0x80, 0x00, 0x03, 0xFF, 0xF8, 0x00, 0x0F, 0x80, 0xFC, 0x00,
    0x2F, 0x80, 0x3C, 0x00, 0x0A, 0x00, 0x3E, 0x00, 0x00, 0x00, 0xBE, 0x00, 0x00, 0x2F, 0xFE, 0x00,
    0x07, 0xF8, 0x3E, 0x00, 0x2F, 0x80, 0x3E, 0x00, 0x3F, 0x00, 0x3E, 0x00, 0x3E, 0x00, 0x3E, 0x00,
    0x3F, 0x00, 0xBE, 0x00, 0x2F, 0xEB, 0xFF, 0x00, 0x0B, 0xFC, 0x3F, 0xC0, 0x00, 0x00, 0x00, 0x00,
    0x00, 0x00, 0x00, 0x00, 0x00, 0x00, 0x0F, 0x82, 0xF0, 0x00, 0x00, 0x0F, 0x82, 0xF0, 0x00, 0x00,
    0x0B, 0x00, 0xE0, 0x00, 0x00, 0x00, 0x00, 0x00, 0x00, 0x00, 0x00, 0x00, 0x00, 0x00, 0x00, 0x00,
    0x3C, 0x00, 0x00, 0x00, 0x00, 0xBE, 0x00, 0x00, 0x00, 0x00, 0xFF, 0x00, 0x00, 0x00, 0x00, 0xFF,
    0x00, 0x00, 0x00, 0x02, 0xFF, 0x80, 0x00, 0x00, 0x03, 0xCF, 0xC0, 0x00, 0x00, 0x07, 0x8B, 0xE0,
    0x00, 0x00, 0x0F, 0x03, 0xF0, 0x00, 0x00, 0x0F, 0x03, 0xF0, 0x00, 0x00, 0x2E, 0x02, 0xF8, 0x00,
    0x00, 0x3D, 0x01, 0xFC, 0x00, 0x00, 0x3F, 0xFF, 0xFC, 0x00, 0x00, 0xB8, 0x00, 0xBE, 0x00, 0x00,
    0xF0, 0x00, 0x3F, 0x00, 0x01, 0xE0, 0x00, 0x2F, 0x80, 0x02, 0xC0, 0x00, 0x0F, 0xC0, 0x03, 0xC0,
    0x00, 0x0F, 0xC0, 0x2F, 0xE0, 0x00, 0x2F, 0xF8, 0x3F, 0xF8, 0x00, 0xBF, 0xFC, 0x00, 0x00, 0x00,
    0x00, 0x03, 0xC0, 0xB8, 0x00, 0x0B, 0xE0, 0xFC, 0x00, 0x03, 0xC0, 0xBC, 0x00, 0x00, 0x00, 0x00,
    0x00, 0x00, 0x00, 0x00, 0x00, 0x00, 0x1A, 0x80, 0x00, 0x03, 0xFF, 0xF8, 0x00, 0x0F, 0x80, 0xFC,
    0x00, 0x2F, 0x80, 0x3C, 0x00, 0x0A, 0x00, 0x3E, 0x00, 0x00, 0x00, 0xBE, 0x00, 0x00, 0x2F, 0xFE,
    0x00, 0x07, 0xF8, 0x3E, 0x00, 0x2F, 0x80, 0x3E, 0x00, 0x3F, 0x00, 0x3E, 0x00, 0x3E, 0x00, 0x3E,
    0x00, 0x3F, 0x00, 0xBE, 0x00, 0x2F, 0xEB, 0xFF, 0x00, 0x0B, 0xFC, 0x3F, 0xC0, 0x00, 0x00, 0x00,
    0x00, 0x00, 0x00, 0x00, 0x00, 0x00, 0x00, 0x00, 0x00, 0x00, 0x0F, 0xFF, 0xFF, 0xFF, 0x80, 0x00,
    0x00, 0x02, 0xFF, 0xC0, 0x0F, 0x80, 0x00, 0x00, 0x03, 0xCF, 0xC0, 0x0B, 0x80, 0x00, 0x00, 0x0B,
    0x8F, 0xC0, 0x03, 0x40, 0x00, 0x00, 0x0F, 0x0F, 0xC0, 0x00, 0x00, 0x00, 0x00, 0x3C, 0x0F, 0xC0,
    0x20, 0x00, 0x00, 0x00, 0xB8, 0x0F, 0xC0, 0x70, 0x00, 0x00, 0x00, 0xF0, 0x0F, 0xC0, 0xB0, 0x00,
    0x00, 0x02, 0xE0, 0x0F, 0xFF, 0xF0, 0x00, 0x00, 0x03, 0xC0, 0x1F, 0xC0, 0xB0, 0x00, 0x00, 0x0F,
    0xFF, 0xFF, 0xC0, 0x70, 0x00, 0x00, 0x2E, 0x00, 0x0F, 0xC0, 0x20, 0x00, 0x00, 0x3C, 0x00, 0x0F,
    0xC0, 0x00, 0x00, 0x00, 0xF4, 0x00, 0x0F, 0xC0, 0x00, 0x80, 0x01, 0xF0, 0x00, 0x0F, 0xC0, 0x02,
    0xD0, 0x03, 0xC0, 0x00, 0x0F, 0xC0, 0x02, 0xD0, 0x2B, 0xE0, 0x00, 0xAF, 0xEA, 0xAB, 0xD0, 0x3F,
    0xF8, 0x00, 0xFF, 0xFF, 0xFF, 0xD0, 0x00, 0x1A, 0x40, 0x29, 0x00, 0x03, 0xFF, 0xF7, 0xFF, 0xC0,
    0x0F, 0x80, 0xFF, 0x03, 0xF0, 0x2F, 0x80, 0xBE, 0x02, 0xF0, 0x0A, 0x00, 0xBC, 0x00, 0xF8, 0x00,
    0x00, 0xFE, 0x02, 0xF8, 0x00, 0x2F, 0xFF, 0xFF, 0xF8, 0x0B, 0xF4, 0xBC, 0x00, 0x00, 0x2F, 0x80,
    0xBC, 0x00, 0x00, 0x3F, 0x00, 0xBC, 0x00, 0x00, 0x3E, 0x00, 0xBC, 0x00, 0x00, 0x3F, 0x00, 0xFF,
    0x80, 0x28, 0x2F, 0xEF, 0xEF, 0xFF, 0xF8, 0x0F, 0xFD, 0x03, 0xFF, 0xC0, 0x00, 0x00, 0x00, 0x00,
    0x00, 0x00, 0x20, 0x08, 0x00, 0x00, 0xFC, 0x3E, 0x00, 0x00, 0xF0, 0x0E, 0x00, 0x00, 0x78, 0x2C,
    0x00, 0x00, 0x0B, 0xA0, 0x00, 0x00, 0x00, 0x00, 0x00, 0x00, 0x00, 0x00, 0x00, 0x3F, 0xFF, 0xFF,
    0xF0, 0x07, 0xE0, 0x00, 0xF0, 0x03, 0xE0, 0x00, 0xF0, 0x03, 0xE0, 0x00, 0xB0, 0x03, 0xE0, 0x00,
    0x00, 0x03, 0xE0, 0x0A, 0x00, 0x03, 0xE0, 0x0F, 0x00, 0x03, 0xF0, 0x1F, 0x00, 0x03, 0xFF, 0xFF,
    0x00, 0x03, 0xE0, 0x0F, 0x00, 0x03, 0xE0, 0x0F, 0x00, 0x03, 0xE0, 0x06, 0x00, 0x03, 0xE0, 0x00,
    0x00, 0x03, 0xE0, 0x00, 0x28, 0x03, 0xE0, 0x00, 0x3C, 0x03, 0xE0, 0x00, 0x3C, 0x2B, 0xFA, 0xAA,
    0xBC, 0x3F, 0xFF, 0xFF, 0xFC, 0x00, 0x00, 0x00, 0x00, 0x02, 0xF0, 0xFC, 0x00, 0x03, 0xE0, 0x3C,
    0x00, 0x01, 0xE0, 0x78, 0x00, 0x00, 0x3F, 0xC0, 0x00, 0x00, 0x00, 0x00, 0x00, 0x00, 0x0A, 0x80,
    0x00, 0x01, 0xFF, 0xF8, 0x00, 0x0B, 0xE0, 0xBE, 0x00, 0x0F, 0x80, 0x3F, 0x00, 0x2F, 0x00, 0x2F,
    0x00, 0x3F, 0xAA, 0xAF, 0x00, 0x3F, 0xFF, 0xFF, 0x40, 0x3E, 0x00, 0x00, 0x00, 0x3F, 0x00, 0x00,
    0x00, 0x3F, 0x00, 0x00, 0x00, 0x2F, 0x80, 0x00, 0x00, 0x0F, 0xD0, 0x03, 0x40, 0x03, 0xFE, 0xBF,
    0x00, 0x00, 0xBF, 0xF8, 0x00, 0x00, 0x00, 0x00, 0x00, 0x00, 0x2A, 0xA4, 0x00, 0x00, 0x03, 0xFF,
    0xFF, 0x80, 0x00, 0x0F, 0xE0, 0x0F, 0xF0, 0x00, 0x1E, 0x00, 0x02, 0xFC, 0x00, 0x04, 0x00, 0x00,
    0xFE, 0x00, 0x00, 0x00, 0x00, 0x3F, 0x00, 0x00, 0x00, 0x00, 0x3F, 0x80, 0x00, 0x00, 0x00, 0x2F,
    0x80, 0x00, 0x00, 0x00, 0x2F, 0xC0, 0x00, 0x00, 0x00, 0x2F, 0xC0, 0x3F, 0xFF, 0xFF, 0xFF, 0xC0,
    0x3F, 0xAA, 0xAA, 0xBF, 0x80, 0x3F, 0x00, 0x00, 0x2F, 0x80, 0x3F, 0x40, 0x00, 0x3F, 0x00, 0x2F,
    0x80, 0x00, 0x3F, 0x00, 0x0F, 0xC0, 0x00, 0xFE, 0x00, 0x0B, 0xF0, 0x02, 0xFC, 0x00, 0x02, 0xFE,
    0x5F, 0xF0, 0x00, 0x00, 0x3F, 0xFF, 0x80, 0x00, 0x00, 0x00, 0x00, 0x00, 0x00, 0x00, 0x69, 0x00,
    0x00, 0x0B, 0xFF, 0xE0, 0x00, 0x3E, 0x0B, 0xFC, 0x00, 0x20, 0x00, 0xFE, 0x00, 0x00, 0x00, 0x3F,
    0x00, 0x00, 0x00, 0x3F, 0x00, 0x00, 0x00, 0x2F, 0x00, 0x00, 0x00, 0x2F, 0x40, 0x3F, 0xFF, 0xFF,
    0x00, 0x3F, 0x00, 0x2F, 0x00, 0x3F, 0x00, 0x3F, 0x00, 0x2F, 0x00, 0xBC, 0x00, 0x0F, 0xD2, 0xF8,
    0x00, 0x02, 0xFF, 0xC0, 0x00, 0x00, 0x00, 0x00, 0x00, 0x00, 0x00, 0x00, 0x00, 0x00, 0x00, 0x3E,
    0x0B, 0xC0, 0x00, 0x00, 0x7E, 0x0F, 0xC0, 0x00, 0x00, 0x2C, 0x03, 0x80, 0x00, 0x00, 0x00, 0x00,
    0x00, 0x00, 0x00, 0x00, 0x00, 0x00, 0x00, 0x00, 0x2A, 0xA4, 0x00, 0x00, 0x03, 0xFF, 0xFF, 0x80,
    0x00, 0x0F, 0xE0, 0x0F, 0xF0, 0x00, 0x1E, 0x00, 0x02, 0xFC, 0x00, 0x04, 0x00, 0x00, 0xFE, 0x00,
    0x00, 0x00, 0x00, 0x3F, 0x00, 0x00, 0x00, 0x00, 0x3F, 0x80, 0x00, 0x00, 0x00, 0x2F, 0x80, 0x00,
    0x00, 0x00, 0x2F, 0xC0, 0x00, 0x00, 0x00, 0x2F, 0xC0, 0x3F, 0xFF, 0xFF, 0xFF, 0xC0, 0x3F, 0xAA,
    0xAA, 0xBF, 0x80, 0x3F, 0x00, 0x00, 0x2F, 0x80, 0x3F, 0x40, 0x00, 0x3F, 0x00, 0x2F, 0x80, 0x00,
    0x3F, 0x00, 0x0F, 0xC0, 0x00, 0xFE, 0x00, 0x0B, 0xF0, 0x02, 0xFC, 0x00, 0x02, 0xFE, 0x5F, 0xF0,
    0x00, 0x00, 0x3F, 0xFF, 0x80, 0x00, 0x00, 0x00, 0x00, 0x00, 0x00, 0x00, 0x00, 0x00, 0x00, 0x0B,
    0x80, 0xF0, 0x00, 0x0F, 0xC1, 0xF8, 0x00, 0x0B, 0xC0, 0xF4, 0x00, 0x00, 0x00, 0x00, 0x00, 0x00,
    0x00, 0x00, 0x00, 0x00, 0x69, 0x00, 0x00, 0x0B, 0xFF, 0xE0, 0x00, 0x3E, 0x0B, 0xFC, 0x00, 0x20,
    0x00, 0xFE, 0x00, 0x00, 0x00, 0x3F, 0x00, 0x00, 0x00, 0x3F, 0x00, 0x00, 0x00, 0x2F, 0x00, 0x00,
    0x00, 0x2F, 0x40, 0x3F, 0xFF, 0xFF, 0x00, 0x3F, 0x00, 0x2F, 0x00, 0x3F, 0x00, 0x3F, 0x00, 0x2F,
    0x00, 0xBC, 0x00, 0x0F, 0xD2, 0xF8, 0x00, 0x02, 0xFF, 0xC0, 0x00, 0x00, 0x00, 0x00, 0x00, 0x00,
    0x00, 0x00, 0x00, 0x00, 0x00, 0x00, 0x00, 0xF8, 0x2F, 0x00, 0x00, 0x00, 0x00, 0xF8, 0x2F, 0x00,
    0x00, 0x00, 0x00, 0xB0, 0x0E, 0x00, 0x00, 0x00, 0x00, 0x00, 0x00, 0x00, 0x00, 0x00, 0x00, 0x00,
    0x00, 0x00, 0x00, 0x2E, 0x00, 0x00, 0x00, 0x00, 0xB8, 0xBF, 0xE0, 0xBF, 0xFE, 0x0B, 0xFE, 0xBF,
    0xF0, 0x0B, 0xE0, 0x0F, 0xFE, 0x20, 0x38, 0x0B, 0xE0, 0x2C, 0x08, 0x00, 0x2C, 0x0B, 0xE0, 0x3C,
    0x00, 0x00, 0x2C, 0x0B, 0xE0, 0x38, 0x00, 0x00, 0x0E, 0x0B, 0xE0, 0xB0, 0x00, 0x00, 0x0F, 0x0B,
    0xE0, 0xF0, 0x00, 0x00, 0x03, 0xCB, 0xE2, 0xC0, 0x00, 0x00, 0x02, 0xFF, 0xFF, 0x80, 0x00, 0x00,
    0x02, 0xFF, 0xFF, 0x80, 0x00, 0x00, 0x0F, 0xDB, 0xE3, 0xF0, 0x00, 0x00, 0x3F, 0x8B, 0xE2, 0xFC,
    0x00, 0x00, 0x7F, 0x0B, 0xE0, 0xFE, 0x00, 0x00, 0xFC, 0x0B, 0xE0, 0x3F, 0x00, 0x02, 0xF8, 0x0B,
    0xE0, 0x2F, 0x80, 0x03, 0xF0, 0x0B, 0xE0, 0x0F, 0xD0, 0x6F, 0xC0, 0x2F, 0xF8, 0x03, 0xF9, 0xFF,
    0xC0, 0xBF, 0xFE, 0x03, 0xFF, 0x00, 0x00, 0x00, 0x00, 0x00, 0x00, 0x2F, 0x03, 0xD0, 0x00, 0x00,
    0x3F, 0x03, 0xE0, 0x00, 0x00, 0x2F, 0x03, 0xE0, 0x00, 0x00, 0x00, 0x00, 0x00, 0x00, 0x00, 0x00,
    0x00, 0x00, 0x00, 0x18, 0x00, 0x00, 0x01, 0x80, 0xBF, 0x8B, 0xFF, 0x0F, 0xF4, 0xBF, 0xC0, 0xFC,
    0x1F, 0xF8, 0x20, 0xE0, 0xFC, 0x38, 0x20, 0x00, 0xB0, 0xFC, 0x34, 0x00, 0x00, 0x38, 0xFC, 0xF0,
    0x00, 0x00, 0x2E, 0xFE, 0xC0, 0x00, 0x00, 0x2F, 0xFF, 0xE0, 0x00, 0x00, 0xBE, 0xFE, 0xF4, 0x00,
    0x00, 0xF8, 0xFC, 0xFC, 0x00, 0x03, 0xF0, 0xFC, 0x3E, 0x00, 0x0B, 0xC0, 0xFC, 0x2F, 0x40, 0x2F,
    0x81, 0xFD, 0x0F, 0xD0, 0xFF, 0x0B, 0xFF, 0x07, 0xF8, 0x00, 0x00, 0x00, 0x00, 0x03, 0xD0, 0xBC,
    0x00, 0x0B, 0xE0, 0xFC, 0x00, 0x02, 0xC0, 0x38, 0x00, 0x00, 0x00, 0x00, 0x00, 0x00, 0x00, 0x00,
    0x00, 0x00, 0xAA, 0x90, 0x00, 0x2F, 0xFF, 0xFD, 0x00, 0x3F, 0x40, 0x3F, 0x00, 0x3E, 0x00, 0x0F,
    0xC0, 0x3C, 0x00, 0x0F, 0xC0, 0x2C, 0x00, 0x0F, 0xC0, 0x00, 0x00, 0x0F, 0x80, 0x00, 0x00, 0x3F,
    0x00, 0x00, 0x06, 0xF8, 0x00, 0x00, 0x2F, 0xF4, 0x00, 0x00, 0x01, 0xBF, 0x00, 0x00, 0x00, 0x0F,
    0xC0, 0x00, 0x00, 0x03, 0xE0, 0x00, 0x00, 0x03, 0xE0, 0x3C, 0x00, 0x03, 0xE0, 0x3C, 0x00, 0x0B,
    0xE0, 0x3C, 0x00, 0x0F, 0xC0, 0x3F, 0x80, 0xBF, 0x80, 0x2F, 0xFF, 0xF8, 0x00, 0x00, 0x00, 0x00,
    0x00, 0x00, 0x00, 0x00, 0x0F, 0x02, 0xE0, 0x2F, 0x83, 0xF0, 0x0F, 0x02, 0xF0, 0x00, 0x00, 0x00,
    0x00, 0x00, 0x00, 0x01, 0xA9, 0x00, 0x3F, 0xFF, 0xD0, 0x3C, 0x03, 0xF0, 0x38, 0x00, 0xF8, 0x20,
    0x00, 0xF8, 0x00, 0x02, 0xF0, 0x00, 0x6F, 0xC0, 0x00, 0xBF, 0xE0, 0x00, 0x02, 0xF8, 0x00, 0x00,
    0xBC, 0x20, 0x00, 0xBC, 0x38, 0x00, 0xFC, 0x3E, 0x03, 0xF0, 0x2F, 0xFF, 0xC0, 0x00, 0x00, 0x00,
    0x00, 0x00, 0x00, 0x00, 0x0F, 0xFF, 0xFF, 0xF0, 0x0F, 0xFF, 0xFF, 0xF0, 0x0F, 0x55, 0x5B, 0xC0,
    0x0E, 0x00, 0x0F, 0x00, 0x0E, 0x00, 0x3C, 0x00, 0x08, 0x00, 0xF0, 0x00, 0x00, 0x03, 0xD0, 0x00,
    0x00, 0x0F, 0xFE, 0x00, 0x00, 0x0A, 0xBF, 0xC0, 0x00, 0x00, 0x0B, 0xF0, 0x00, 0x00, 0x03, 0xF4,
    0x00, 0x00, 0x02, 0xF8, 0x28, 0x00, 0x02, 0xF8, 0x3E, 0x00, 0x02, 0xF8, 0xBF, 0x00, 0x03, 0xF4,
    0x3F, 0x00, 0x0F, 0xF0, 0x2F, 0xE5, 0xBF, 0xC0, 0x07, 0xFF, 0xFE, 0x00, 0x00, 0x00, 0x00, 0x00,
    0x00, 0x00, 0x00, 0x00, 0x2F, 0xFF, 0xFF, 0x80, 0x2F, 0xFF, 0xFF, 0x80, 0x2E, 0x00, 0x2F, 0x00,
    0x2C, 0x00, 0x3C, 0x00, 0x1C, 0x00, 0xF0, 0x00, 0x00, 0x03, 0xC0, 0x00, 0x00, 0x0F, 0x00, 0x00,
    0x00, 0x3F, 0x80, 0x00, 0x00, 0x3B, 0xF8, 0x00, 0x00, 0x00, 0xBF, 0x00, 0x00, 0x00, 0x2F, 0x80,
    0x00, 0x00, 0x0F, 0xC0, 0x00, 0x00, 0x0F, 0xC0, 0x00, 0x00, 0x0F, 0xC0, 0x28, 0x00, 0x0F, 0xC0,
    0x7E, 0x00, 0x2F, 0x80, 0x7F, 0x00, 0x3F, 0x00, 0x3F, 0xD2, 0xFC, 0x00, 0x07, 0xFF, 0xD0, 0x00,
    0x00, 0x00, 0x00, 0x00, 0x00, 0x00, 0x00, 0x00, 0x00, 0x00, 0x3F, 0xFF, 0xF0, 0x00, 0x00, 0x3F,
    0xFF, 0xF0, 0x00, 0x00, 0x00, 0x00, 0x00, 0x00, 0x00, 0x00, 0x00, 0x00, 0x00, 0x00, 0x00, 0x00,
    0x00, 0x00, 0x3F, 0xFF, 0x02, 0xFF, 0xF8, 0x07, 0xF0, 0x00, 0x2F, 0x80, 0x03, 0xE0, 0x00, 0x2F,
    0x80, 0x03, 0xE0, 0x00, 0x7F, 0x80, 0x03, 0xE0, 0x00, 0xFF, 0x80, 0x03, 0xE0, 0x03, 0xFF, 0x80,
    0x03, 0xE0, 0x0F, 0xAF, 0x80, 0x03, 0xE0, 0x2E, 0x2F, 0x80, 0x03, 0xE0, 0xBC, 0x2F, 0x80, 0x03,
    0xE0, 0xF0, 0x2F, 0x80, 0x03, 0xE3, 0xC0, 0x2F, 0x80, 0x03, 0xFF, 0x40, 0x2F, 0x80, 0x03, 0xFE,
    0x00, 0x2F, 0x80, 0x03, 0xF8, 0x00, 0x2F, 0x80, 0x03, 0xF0, 0x00, 0x2F, 0x80, 0x03, 0xE0, 0x00,
    0x2F, 0x80, 0x2B, 0xF9, 0x00, 0xBF, 0xE0, 0x3F, 0xFF, 0x02, 0xFF, 0xF8, 0x00, 0xFF, 0xFF, 0x80,
    0x02, 0xFF, 0xFF, 0x80, 0x00, 0x00, 0x00, 0x00, 0x00, 0x00, 0x00, 0x00, 0x00, 0x00, 0x00, 0x00,
    0x3F, 0xF8, 0x2F, 0xFE, 0x0B, 0xC0, 0x03, 0xF0, 0x0B, 0xC0, 0x0B, 0xF0, 0x0B, 0xC0, 0x0F, 0xF0,
    0x0B, 0xC0, 0x3A, 0xF0, 0x0B, 0xC0, 0xE2, 0xF0, 0x0B, 0xC3, 0x82, 0xF0, 0x0B, 0xCF, 0x02, 0xF0,
    0x0B, 0xFC, 0x02, 0xF0, 0x0B, 0xF0, 0x02, 0xF0, 0x0B, 0xC0, 0x02, 0xF0, 0x0F, 0xE0, 0x03, 0xF4,
    0x3F, 0xF8, 0x2F, 0xFE, 0x00, 0x00, 0x00, 0x00, 0x00, 0x00, 0x2F, 0x03, 0xF0, 0x00, 0x00, 0x2F,
    0x03, 0xF0, 0x00, 0x00, 0x0E, 0x02, 0xD0, 0x00, 0x00, 0x00, 0x00, 0x00, 0x00, 0x00, 0x00, 0x00,
    0x00, 0x00, 0x00, 0x00, 0x00, 0x00, 0x00, 0x3F, 0xFF, 0x02, 0xFF, 0xF8, 0x07, 0xF0, 0x00, 0x2F,
    0x80, 0x03, 0xE0, 0x00, 0x2F, 0x80, 0x03, 0xE0, 0x00, 0x7F, 0x80, 0x03, 0xE0, 0x00, 0xFF, 0x80,
    0x03, 0xE0, 0x03, 0xFF, 0x80, 0x03, 0xE0, 0x0F, 0xAF, 0x80, 0x03, 0xE0, 0x2E, 0x2F, 0x80, 0x03,
    0xE0, 0xBC, 0x2F, 0x80, 0x03, 0xE0, 0xF0, 0x2F, 0x80, 0x03, 0xE3, 0xC0, 0x2F, 0x80, 0x03, 0xFF,
    0x40, 0x2F, 0x80, 0x03, 0xFE, 0x00, 0x2F, 0x80, 0x03, 0xF8, 0x00, 0x2F, 0x80, 0x03, 0xF0, 0x00,
    0x2F, 0x80, 0x03, 0xE0, 0x00, 0x2F, 0x80, 0x2B, 0xF9, 0x00, 0xBF, 0xE0, 0x3F, 0xFF, 0x02, 0xFF,
    0xF8, 0x00, 0x00, 0x00, 0x00, 0x00, 0xF8, 0x0F, 0x00, 0x00, 0xFC, 0x2F, 0x80, 0x00, 0xF8, 0x0F,
    0x00, 0x00, 0x00, 0x00, 0x00, 0x00, 0x00, 0x00, 0x00, 0x00, 0x00, 0x00, 0x00, 0x3F, 0xF8, 0x2F,
    0xFE, 0x0B, 0xC0, 0x03, 0xF0, 0x0B, 0xC0, 0x0B, 0xF0, 0x0B, 0xC0, 0x0F, 0xF0, 0x0B, 0xC0, 0x3A,
    0xF0, 0x0B, 0xC0, 0xE2, 0xF0, 0x0B, 0xC3, 0x82, 0xF0, 0x0B, 0xCF, 0x02, 0xF0, 0x0B, 0xFC, 0x02,
    0xF0, 0x0B, 0xF0, 0x02, 0xF0, 0x0B, 0xC0, 0x02, 0xF0, 0x0F, 0xE0, 0x03, 0xF4, 0x3F, 0xF8, 0x2F,
    0xFE, 0x00, 0x00, 0x00, 0x00, 0x00, 0x00, 0x0F, 0x42, 0xF0, 0x00, 0x00, 0x2F, 0x83, 0xF0, 0x00,
    0x00, 0x0B, 0x00, 0xE0, 0x00, 0x00, 0x00, 0x00, 0x00, 0x00, 0x00, 0x00, 0x00, 0x00, 0x00, 0x00,
    0x02, 0xAA, 0x40, 0x00, 0x00, 0x2F, 0xFF, 0xF8, 0x00, 0x00, 0xFE, 0x00, 0xFF, 0x00, 0x03, 0xF0,
    0x00, 0x2F, 0x80, 0x0B, 0xE0, 0x00, 0x0F, 0xD0, 0x0F, 0xC0, 0x00, 0x07, 0xF0, 0x2F, 0x80, 0x00,
    0x03, 0xF0, 0x3F, 0x80, 0x00, 0x03, 0xF8, 0x3F, 0x00, 0x00, 0x02, 0xF8, 0x3F, 0x00, 0x00, 0x02,
    0xF8, 0x3F, 0x00, 0x00, 0x02, 0xF8, 0x3F, 0x40, 0x00, 0x02, 0xF8, 0x2F, 0x80, 0x00, 0x03, 0xF4,
    0x1F, 0xC0, 0x00, 0x03, 0xF0, 0x0F, 0xC0, 0x00, 0x0B, 0xE0, 0x07, 0xF0, 0x00, 0x0F, 0xC0, 0x02,
    0xF8, 0x00, 0x3F, 0x40, 0x00, 0xBF, 0x86, 0xFD, 0x00, 0x00, 0x0B, 0xFF, 0xE0, 0x00, 0x00, 0x00,
    0x00, 0x00, 0x00, 0x00, 0x00, 0x00, 0x00, 0x02, 0xE0, 0x3C, 0x00, 0x03, 0xF0, 0x7E, 0x00, 0x02,
    0xF0, 0x3D, 0x00, 0x00, 0x00, 0x00, 0x00, 0x00, 0x00, 0x00, 0x00, 0x00, 0x0A, 0x80, 0x00, 0x01,
    0xFF, 0xFC, 0x00, 0x0B, 0xE0, 0x3F, 0x00, 0x0F, 0xC0, 0x0F, 0xC0, 0x2F, 0x00, 0x0B, 0xC0, 0x3F,
    0x00, 0x07, 0xE0, 0x3F, 0x00, 0x03, 0xF0, 0x3F, 0x00, 0x03, 0xF0, 0x3F, 0x00, 0x03, 0xE0, 0x3F,
    0x00, 0x0B, 0xE0, 0x2F, 0x80, 0x0B, 0xC0, 0x0F, 0xC0, 0x0F, 0x80, 0x03, 0xF0, 0xBF, 0x00, 0x00,
    0xBF, 0xF8, 0x00, 0x00, 0x00, 0x00, 0x00, 0x00, 0x02, 0xAA, 0x40, 0x00, 0x00, 0x2F, 0xFF, 0xF8,
    0x00, 0x00, 0xFE, 0x00, 0xFF, 0x00, 0x03, 0xF4, 0x00, 0x2F, 0x80, 0x0B, 0xE0, 0x00, 0x0F, 0xD0,
    0x0F, 0xC0, 0x00, 0x03, 0xF0, 0x2F, 0x80, 0x00, 0x03, 0xF0, 0x3F, 0x80, 0x00, 0x02, 0xF8, 0x3F,
    0x40, 0x00, 0x02, 0xF8, 0x3F, 0xFF, 0xFF, 0xFF, 0xF8, 0x3F, 0xAA, 0xAA, 0xAB, 0xF8, 0x3F, 0x40,
    0x00, 0x02, 0xF8, 0x2F, 0x80, 0x00, 0x03, 0xF4, 0x1F, 0xC0, 0x00, 0x03, 0xF0, 0x0F, 0xC0, 0x00,
    0x0B, 0xE0, 0x07, 0xF0, 0x00, 0x0F, 0xC0, 0x02, 0xF8, 0x00, 0x3F, 0x40, 0x00, 0xBF, 0x86, 0xFD,
    0x00, 0x00, 0x0B, 0xFF, 0xE0, 0x00, 0x00, 0x00, 0x00, 0x00, 0x00, 0x00, 0x0A, 0x80, 0x00, 0x01,
    0xFF, 0xFC, 0x00, 0x0B, 0xE0, 0x3F, 0x00, 0x0F, 0xC0, 0x0F, 0xC0, 0x2F, 0x00, 0x0B, 0xC0, 0x3F,
    0x00, 0x07, 0xE0, 0x3F, 0xAA, 0xAB, 0xF0, 0x3F, 0xFF, 0xFF, 0xF0, 0x3F, 0x00, 0x03, 0xE0, 0x3F,
    0x00, 0x0B, 0xE0, 0x2F, 0x80, 0x0B, 0xC0, 0x0F, 0xC0, 0x0F, 0x80, 0x03, 0xF0, 0xBF, 0x00, 0x00,
    0xBF, 0xF8, 0x00, 0x00, 0x00, 0x00, 0x00, 0x00, 0x00, 0x00, 0x00, 0x00, 0x00, 0x0F, 0x42, 0xF0,
    0x00, 0x00, 0x2F, 0x83, 0xF0, 0x00, 0x00, 0x0B, 0x00, 0xE0, 0x00, 0x00, 0x00, 0x00, 0x00, 0x00,
    0x00, 0x00, 0x00, 0x00, 0x00, 0x00, 0x02, 0xAA, 0x40, 0x00, 0x00, 0x2F, 0xFF, 0xF8, 0x00, 0x00,
    0xFE, 0x00, 0xFF, 0x00, 0x03, 0xF4, 0x00, 0x2F, 0x80, 0x0B, 0xE0, 0x00, 0x0F, 0xD0, 0x0F, 0xC0,
    0x00, 0x03, 0xF0, 0x2F, 0x80, 0x00, 0x03, 0xF0, 0x3F, 0x80, 0x00, 0x02, 0xF8, 0x3F, 0x40, 0x00,
    0x02, 0xF8, 0x3F, 0xFF, 0xFF, 0xFF, 0xF8, 0x3F, 0xAA, 0xAA, 0xAB, 0xF8, 0x3F, 0x40, 0x00, 0x02,
    0xF8, 0x2F, 0x80, 0x00, 0x03, 0xF4, 0x1F, 0xC0, 0x00, 0x03, 0xF0, 0x0F, 0xC0, 0x00, 0x0B, 0xE0,
    0x07, 0xF0, 0x00, 0x0F, 0xC0, 0x02, 0xF8, 0x00, 0x3F, 0x40, 0x00, 0xBF, 0x86, 0xFD, 0x00, 0x00,
    0x0B, 0xFF, 0xE0, 0x00, 0x00, 0x00, 0x00, 0x00, 0x00, 0x00, 0x00, 0x00, 0x00, 0x02, 0xE0, 0x3C,
    0x00, 0x03, 0xF0, 0x7E, 0x00, 0x02, 0xF0, 0x3D, 0x00, 0x00, 0x00, 0x00, 0x00, 0x00, 0x00, 0x00,
    0x00, 0x00, 0x0A, 0x80, 0x00, 0x01, 0xFF, 0xFC, 0x00, 0x0B, 0xE0, 0x3F, 0x00, 0x0F, 0xC0, 0x0F,
    0xC0, 0x2F, 0x00, 0x0B, 0xC0, 0x3F, 0x00, 0x07, 0xE0, 0x3F, 0xAA, 0xAB, 0xF0, 0x3F, 0xFF, 0xFF,
    0xF0, 0x3F, 0x00, 0x03, 0xE0, 0x3F, 0x00, 0x0B, 0xE0, 0x2F, 0x80, 0x0B, 0xC0, 0x0F, 0xC0, 0x0F,
    0x80, 0x03, 0xF0, 0xBF, 0x00, 0x00, 0xBF, 0xF8, 0x00, 0x00, 0x00, 0x00, 0x00, 0x00, 0x00, 0x00,
    0x00, 0x00, 0xF8, 0x2F, 0x00, 0x01, 0xF8, 0x3F, 0x00, 0x00, 0xB0, 0x0E, 0x00, 0x00, 0x00, 0x00,
    0x00, 0x00, 0x00, 0x00, 0x00, 0x02, 0xAE, 0x80, 0x00, 0x3F, 0xFF, 0xFE, 0x00, 0x3E, 0x00, 0x2F,
    0x80, 0x3C, 0x00, 0x07, 0xF0, 0x3C, 0x00, 0x02, 0xF8, 0x20, 0x00, 0x00, 0xFC, 0x00, 0x00, 0x00,
    0xBC, 0x00, 0x00, 0x00, 0x3E, 0x00, 0x00, 0x00, 0x3E, 0x00, 0x2F, 0xFF, 0xFF, 0x00, 0x00, 0x00,
    0xBF, 0x00, 0x00, 0x00, 0x3E, 0x00, 0x00, 0x00, 0xBE, 0x00, 0x00, 0x00, 0xFC, 0x38, 0x00, 0x00,
    0xF8, 0x3C, 0x00, 0x03, 0xF0, 0x3C, 0x00, 0x0F, 0xD0, 0x3F, 0x41, 0xBF, 0x00, 0x2F, 0xFF, 0xF8,
    0x00, 0x00, 0x00, 0x00, 0x00, 0x00, 0x00, 0x00, 0x0F, 0x02, 0xE0, 0x2F, 0x83, 0xF0, 0x0F, 0x02,
    0xF0, 0x00, 0x00, 0x00, 0x00, 0x00, 0x00, 0x02, 0xA4, 0x00, 0x3F, 0xFF, 0x80, 0x38, 0x03, 0xF0,
    0x30, 0x00, 0xF8, 0x10, 0x00, 0xBC, 0x00, 0x00, 0xBD, 0x00, 0xAA, 0xBE, 0x00, 0xFF, 0xFE, 0x00,
    0x00, 0x7E, 0x00, 0x00, 0xBC, 0x30, 0x00, 0xFC, 0x38, 0x01, 0xF0, 0x3C, 0x0B, 0xE0, 0x3F, 0xFE,
    0x00, 0x00, 0x00, 0x00, 0x00, 0x00, 0x00, 0x00, 0x00, 0x00, 0x0B, 0xFF, 0xFE, 0x00, 0x00, 0x0B,
    0xFF, 0xFE, 0x00, 0x00, 0x00, 0x00, 0x00, 0x00, 0x00, 0x00, 0x00, 0x00, 0x00, 0x00, 0x00, 0x00,
    0x00, 0x00, 0x3F, 0xFF, 0xC0, 0x3F, 0xFE, 0x02, 0xFC, 0x00, 0x03, 0xE0, 0x00, 0xFC, 0x00, 0x03,
    0xC0, 0x00, 0xBF, 0x00, 0x0B, 0x80, 0x00, 0x3F, 0x00, 0x0F, 0x00, 0x00, 0x2F, 0xC0, 0x2E, 0x00,
    0x00, 0x0F, 0xD0, 0x3C, 0x00, 0x00, 0x0B, 0xF0, 0xB8, 0x00, 0x00, 0x03, 0xF8, 0xF0, 0x00, 0x00,
    0x02, 0xFE, 0xE0, 0x00, 0x00, 0x00, 0xFF, 0xC0, 0x00, 0x00, 0x00, 0x7F, 0x80, 0x00, 0x00, 0x00,
    0x3F, 0x00, 0x00, 0x00, 0x00, 0x2F, 0x00, 0x00, 0x00, 0x00, 0x3C, 0x00, 0x00, 0x00, 0xBD, 0xB8,
    0x00, 0x00, 0x00, 0xFF, 0xF0, 0x00, 0x00, 0x00, 0xFF, 0xC0, 0x00, 0x00, 0x00, 0x00, 0x00, 0x00,
    0x00, 0x03, 0xFF, 0xFF, 0x00, 0x03, 0xFF, 0xFF, 0x00, 0x00, 0x00, 0x00, 0x00, 0x00, 0x00, 0x00,
    0x00, 0x00, 0x00, 0x00, 0x00, 0xFF, 0xF0, 0x3F, 0xF0, 0x0F, 0xC0, 0x07, 0x80, 0x0F, 0xC0, 0x0B,
    0x00, 0x07, 0xD0, 0x0F, 0x00, 0x03, 0xF0, 0x2C, 0x00, 0x02, 0xF0, 0x3C, 0x00, 0x00, 0xF8, 0x38,
    0x00, 0x00, 0xFC, 0xB0, 0x00, 0x00, 0xBE, 0xE0, 0x00, 0x00, 0x3F, 0xC0, 0x00, 0x00, 0x2F, 0xC0,
    0x00, 0x00, 0x0F, 0x80, 0x00, 0x00, 0x0F, 0x00, 0x00, 0x00, 0x0E, 0x00, 0x00, 0x00, 0x2C, 0x00,
    0x00, 0x00, 0x3C, 0x00, 0x00, 0x3F, 0xF0, 0x00, 0x00, 0x3F, 0xE0, 0x00, 0x00, 0x2E, 0x00, 0x00,
    0x00, 0x00, 0x00, 0x00, 0x00, 0x00, 0x00, 0x03, 0xE0, 0xBC, 0x00, 0x00, 0x03, 0xE0, 0xBC, 0x00,
    0x00, 0x02, 0xC0, 0x38, 0x00, 0x00, 0x00, 0x00, 0x00, 0x00, 0x00, 0x00, 0x00, 0x00, 0x00, 0x00,
    0x00, 0x00, 0x00, 0x00, 0x3F, 0xFF, 0xC0, 0x3F, 0xFE, 0x02, 0xFC, 0x00, 0x03, 0xE0, 0x00, 0xFC,
    0x00, 0x03, 0xC0, 0x00, 0xBF, 0x00, 0x0B, 0x80, 0x00, 0x3F, 0x00, 0x0F, 0x00, 0x00, 0x2F, 0xC0,
    0x2E, 0x00, 0x00, 0x0F, 0xD0, 0x3C, 0x00, 0x00, 0x0B, 0xF0, 0xB8, 0x00, 0x00, 0x03, 0xF8, 0xF0,
    0x00, 0x00, 0x02, 0xFE, 0xE0, 0x00, 0x00, 0x00, 0xFF, 0xC0, 0x00, 0x00, 0x00, 0x7F, 0x80, 0x00,
    0x00, 0x00, 0x3F, 0x00, 0x00, 0x00, 0x00, 0x2F, 0x00, 0x00, 0x00, 0x00, 0x3C, 0x00, 0x00, 0x00,
    0xBD, 0xB8, 0x00, 0x00, 0x00, 0xFF, 0xF0, 0x00, 0x00, 0x00, 0xFF, 0xC0, 0x00, 0x00, 0x00, 0x00,
    0x00, 0x00, 0x00, 0x00, 0x00, 0x00, 0x00, 0x02, 0xE0, 0x3C, 0x00, 0x03, 0xF0, 0x3E, 0x00, 0x02,
    0xF0, 0x3E, 0x00, 0x00, 0x00, 0x00, 0x00, 0x00, 0x00, 0x00, 0x00, 0x00, 0x00, 0x00, 0x00, 0xFF,
    0xF0, 0x3F, 0xF0, 0x0F, 0xC0, 0x07, 0x80, 0x0F, 0xC0, 0x0B, 0x00, 0x07, 0xD0, 0x0F, 0x00, 0x03,
    0xF0, 0x2C, 0x00, 0x02, 0xF0, 0x3C, 0x00, 0x00, 0xF8, 0x38, 0x00, 0x00, 0xFC, 0xB0, 0x00, 0x00,
    0xBE, 0xE0, 0x00, 0x00, 0x3F, 0xC0, 0x00, 0x00, 0x2F, 0xC0, 0x00, 0x00, 0x0F, 0x80, 0x00, 0x00,
    0x0F, 0x00, 0x00, 0x00, 0x0E, 0x00, 0x00, 0x00, 0x2C, 0x00, 0x00, 0x00, 0x3C, 0x00, 0x00, 0x3F,
    0xF0, 0x00, 0x00, 0x3F, 0xE0, 0x00, 0x00, 0x2E, 0x00, 0x00, 0x00, 0x00, 0x00, 0x00, 0x00, 0x00,
    0x00, 0x00, 0x0F, 0x83, 0xF0, 0x00, 0x00, 0x3F, 0x8F, 0xF0, 0x00, 0x00, 0xFE, 0x2F, 0x80, 0x00,
    0x03, 0xF0, 0xBC, 0x00, 0x00, 0x0B, 0x80, 0xE0, 0x00, 0x00, 0x00, 0x00, 0x00, 0x00, 0x00, 0x00,
    0x00, 0x00, 0x00, 0x3F, 0xFF, 0xC0, 0x3F, 0xFE, 0x02, 0xFC, 0x00, 0x03, 0xE0, 0x00, 0xFC, 0x00,
    0x03, 0xC0, 0x00, 0xBF, 0x00, 0x0B, 0x80, 0x00, 0x3F, 0x00, 0x0F, 0x00, 0x00, 0x2F, 0xC0, 0x2E,
    0x00, 0x00, 0x0F, 0xD0, 0x3C, 0x00, 0x00, 0x0B, 0xF0, 0xB8, 0x00, 0x00, 0x03, 0xF8, 0xF0, 0x00,
    0x00, 0x02, 0xFE, 0xE0, 0x00, 0x00, 0x00, 0xFF, 0xC0, 0x00, 0x00, 0x00, 0x7F, 0x80, 0x00, 0x00,
    0x00, 0x3F, 0x00, 0x00, 0x00, 0x00, 0x2F, 0x00, 0x00, 0x00, 0x00, 0x3C, 0x00, 0x00, 0x00, 0xBD,
    0xB8, 0x00, 0x00, 0x00, 0xFF, 0xF0, 0x00, 0x00, 0x00, 0xFF, 0xC0, 0x00, 0x00, 0x00, 0x00, 0x00,
    0x00, 0x00, 0x00, 0x00, 0x00, 0x00, 0x00, 0x0B, 0xC0, 0xF0, 0x00, 0x2F, 0xC3, 0xF0, 0x00, 0x7F,
    0x0F, 0xE0, 0x00, 0xF8, 0x3F, 0x00, 0x03, 0xC0, 0xF8, 0x00, 0x00, 0x00, 0x00, 0x00, 0x00, 0x00,
    0x00, 0x00, 0xFF, 0xF0, 0x3F, 0xF0, 0x0F, 0xC0, 0x07, 0x80, 0x0F, 0xC0, 0x0B, 0x00, 0x07, 0xD0,
    0x0F, 0x00, 0x03, 0xF0, 0x2C, 0x00, 0x02, 0xF0, 0x3C, 0x00, 0x00, 0xF8, 0x38, 0x00, 0x00, 0xFC,
    0xB0, 0x00, 0x00, 0xBE, 0xE0, 0x00, 0x00, 0x3F, 0xC0, 0x00, 0x00, 0x2F, 0xC0, 0x00, 0x00, 0x0F,
    0x80, 0x00, 0x00, 0x0F, 0x00, 0x00, 0x00, 0x0E, 0x00, 0x00, 0x00, 0x2C, 0x00, 0x00, 0x00, 0x3C,
    0x00, 0x00, 0x3F, 0xF0, 0x00, 0x00, 0x3F, 0xE0, 0x00, 0x00, 0x2E, 0x00, 0x00, 0x00, 0x00, 0x00,
    0x00, 0x00, 0x00, 0x00, 0x3D, 0x0B, 0xC0, 0x00, 0x00, 0xBE, 0x0F, 0xC0, 0x00, 0x00, 0x2C, 0x03,
    0x80, 0x00, 0x00, 0x00, 0x00, 0x00, 0x00, 0x00, 0x00, 0x00, 0x00, 0x00, 0x00, 0x00, 0x00, 0x00,
    0x00, 0x3F, 0xFE, 0x0F, 0xFF, 0xC0, 0x07, 0xF0, 0x00, 0xFC, 0x00, 0x03, 0xE0, 0x00, 0xFC, 0x00,
    0x03, 0xE0, 0x00, 0xFC, 0x00, 0x03, 0xE0, 0x00, 0xFC, 0x00, 0x03, 0xE0, 0x00, 0xFC, 0x00, 0x03,
    0xE0, 0x00, 0xFC, 0x00, 0x03, 0xF0, 0x00, 0xFC, 0x00, 0x03, 0xF8, 0x1F, 0xFC, 0x00, 0x02, 0xFF,
    0xFF, 0xFC, 0x00, 0x00, 0xBF, 0xE0, 0xFC, 0x00, 0x00, 0x00, 0x00, 0xFC, 0x00, 0x00, 0x00, 0x00,
    0xFC, 0x00, 0x00, 0x00, 0x00, 0xFC, 0x00, 0x00, 0x00, 0x00, 0xFC, 0x00, 0x00, 0x00, 0x00, 0xFC,
    0x00, 0x00, 0x00, 0x02, 0xFE, 0x80, 0x00, 0x00, 0x0F, 0xFF, 0xC0, 0x00, 0x00, 0x00, 0x00, 0x03,
    0xE0, 0x3C, 0x00, 0x03, 0xF0, 0xBE, 0x00, 0x03, 0xE0, 0x3C, 0x00, 0x00, 0x00, 0x00, 0x00, 0x00,
    0x00, 0x00, 0x00, 0x00, 0x00, 0x00, 0x00, 0x3F, 0xF8, 0xFF, 0xE0, 0x0B, 0xC0, 0x3F, 0x00, 0x0B,
    0xC0, 0x3F, 0x00, 0x0B, 0xC0, 0x3F, 0x00, 0x0B, 0xC0, 0x3F, 0x00, 0x0B, 0xC0, 0x3F, 0x00, 0x07,
    0xFA, 0xFF, 0x00, 0x02, 0xFF, 0xBF, 0x00, 0x00, 0x00, 0x3F, 0x00, 0x00, 0x00, 0x3F, 0x00, 0x00,
    0x00, 0x3F, 0x00, 0x00, 0x00, 0x7F, 0x40, 0x00, 0x00, 0xFF, 0xE0, 0x00, 0x00, 0x00, 0x00, 0x3F,
    0xFF, 0xFF, 0xE0, 0x07, 0xF0, 0x02, 0xE0, 0x03, 0xE0, 0x00, 0xE0, 0x03, 0xE0, 0x00, 0xE0, 0x03,
    0xE0, 0x00, 0xA0, 0x03, 0xE0, 0x00, 0x00, 0x03, 0xE0, 0x00, 0x00, 0x03, 0xE0, 0x00, 0x00, 0x03,
    0xE0, 0x00, 0x00, 0x03, 0xE0, 0x00, 0x00, 0x03, 0xE0, 0x00, 0x00, 0x03, 0xE0, 0x00, 0x00, 0x03,
    0xE0, 0x00, 0x00, 0x03, 0xE0, 0x00, 0x00, 0x03, 0xE0, 0x00, 0x00, 0x03, 0xE0, 0x00, 0x00, 0x2B,
    0xF8, 0x00, 0x00, 0x3F, 0xFE, 0x00, 0x00, 0x00, 0xFE, 0x00, 0x00, 0x00, 0x3E, 0x00, 0x00, 0x00,
    0x1E, 0x00, 0x00, 0x00, 0x0E, 0x00, 0x00, 0x00, 0x0E, 0x00, 0x00, 0x00, 0x08, 0x00, 0x00, 0x00,
    0x00, 0x00, 0xBF, 0xFF, 0xFD, 0x0F, 0xC0, 0x2D, 0x0B, 0xC0, 0x0D, 0x0B, 0xC0, 0x0C, 0x0B, 0xC0,
    0x00, 0x0B, 0xC0, 0x00, 0x0B, 0xC0, 0x00, 0x0B, 0xC0, 0x00, 0x0B, 0xC0, 0x00, 0x0B, 0xC0, 0x00,
    0x0B, 0xC0, 0x00, 0x0F, 0xE0, 0x00, 0x7F, 0xF8, 0x00, 0x01, 0xF8, 0x00, 0x00, 0xB8, 0x00, 0x00,
    0x38, 0x00, 0x00, 0x38, 0x00, 0x00, 0x00, 0x00, 0x00, 0x00, 0x00, 0x00, 0x00, 0x00, 0x00, 0x03,
    0xF0, 0x3D, 0x00, 0x00, 0x00, 0x03, 0xF0, 0xBE, 0x00, 0x00, 0x00, 0x02, 0xE0, 0x2C, 0x00, 0x00,
    0x00, 0x00, 0x00, 0x00, 0x00, 0x00, 0x00, 0x00, 0x00, 0x00, 0x00, 0x00, 0x00, 0x00, 0x00, 0x00,
    0x00, 0x00, 0x3F, 0xFF, 0x00, 0x03, 0xFF, 0xF0, 0x07, 0xF0, 0x00, 0x00, 0x3F, 0x00, 0x03, 0xE0,
    0x00, 0x00, 0x3F, 0x00, 0x03, 0xE0, 0x00, 0x00, 0x3F, 0x00, 0x03, 0xE0, 0x00, 0x00, 0x3F, 0x00,
    0x03, 0xE0, 0x00, 0x00, 0x3F, 0x00, 0x03, 0xFA, 0x90, 0x00, 0x3F, 0x00, 0x03, 0xFF, 0xFE, 0x00,
    0x3F, 0x00, 0x03, 0xE0, 0x2F, 0xC0, 0x3F, 0x00, 0x03, 0xE0, 0x0B, 0xF0, 0x3F, 0x00, 0x03, 0xE0,
    0x03, 0xF0, 0x3F, 0x00, 0x03, 0xE0, 0x03, 0xF0, 0x3F, 0x00, 0x03, 0xE0, 0x03, 0xF8, 0x3F, 0x00,
    0x03, 0xE0, 0x03, 0xF0, 0x3F, 0x00, 0x03, 0xE0, 0x03, 0xF0, 0x3F, 0x00, 0x03, 0xE0, 0x0B, 0xF0,
    0x3F, 0x00, 0x2B, 0xFA, 0xBF, 0xC2, 0xBF, 0xA0, 0x7F, 0xFF, 0xF8, 0x03, 0xFF, 0xF0, 0x00, 0x00,
    0x00, 0x00, 0x00, 0x00, 0x2E, 0x03, 0xC0, 0x00, 0x00, 0x3F, 0x0B, 0xE0, 0x00, 0x00, 0x3E, 0x03,
    0xC0, 0x00, 0x00, 0x00, 0x00, 0x00, 0x00, 0x00, 0x00, 0x00, 0x00, 0x00, 0x00, 0x00, 0x00, 0x00,
    0x00, 0x3F, 0xFC, 0x00, 0xFF, 0xF0, 0x0B, 0xC0, 0x00, 0x2F, 0x00, 0x0B, 0xC0, 0x00, 0x2F, 0x00,
    0x0B, 0xC0, 0x00, 0x2F, 0x00, 0x0B, 0xD0, 0x00, 0x2F, 0x00, 0x0B, 0xFF, 0xF0, 0x2F, 0x00, 0x0B,
    0xC0, 0xFC, 0x2F, 0x00, 0x0B, 0xC0, 0x3F, 0x2F, 0x00, 0x0B, 0xC0, 0x3F, 0x2F, 0x00, 0x0B, 0xC0,
    0x3F, 0x2F, 0x00, 0x0B, 0xC0, 0x3F, 0x2F, 0x00, 0x0F, 0xEA, 0xFD, 0x2F, 0x80, 0x7F, 0xFF, 0xE0,
    0xFF, 0xF0, 0x00, 0x00, 0x00, 0x00, 0x3F, 0xFF, 0xFF, 0xE0, 0x07, 0xF0, 0x02, 0xE0, 0x03, 0xE0,
    0x00, 0xE0, 0x03, 0xE0, 0x00, 0xE0, 0x03, 0xE0, 0x00, 0xA0, 0x03, 0xE0, 0x00, 0x00, 0x03, 0xE0,
    0x00, 0x00, 0x1B, 0xF5, 0x40, 0x00, 0xBF, 0xFF, 0xF0, 0x00, 0x03, 0xE0, 0x00, 0x00, 0x03, 0xE0,
    0x00, 0x00, 0x03, 0xE0, 0x00, 0x00, 0x03, 0xE0, 0x00, 0x00, 0x03, 0xE0, 0x00, 0x00, 0x03, 0xE0,
    0x00, 0x00, 0x03, 0xE0, 0x00, 0x00, 0x2B, 0xF8, 0x00, 0x00, 0x3F, 0xFF, 0x00, 0x00, 0x00, 0x0E,
    0x00, 0x00, 0x00, 0x0E, 0x00, 0x00, 0x00, 0x0E, 0x00, 0x00, 0x2E, 0x0E, 0x00, 0x00, 0x2F, 0xFC,
    0x00, 0x00, 0x0B, 0xF8, 0x00, 0x00, 0x00, 0x00, 0x00, 0x00, 0x00, 0x00, 0x00, 0xBF, 0xFF, 0xFD,
    0x0F, 0xC0, 0x2D, 0x0B, 0xC0, 0x0D, 0x0B, 0xC0, 0x0C, 0x0B, 0xC0, 0x00, 0x2F, 0xEA, 0x00, 0xBF,
    0xFF, 0x00, 0x0B, 0xC0, 0x00, 0x0B, 0xC0, 0x00, 0x0B, 0xC0, 0x00, 0x0B, 0xC0, 0x00, 0x0F, 0xE0,
    0x00, 0x7F, 0xF8, 0x00, 0x00, 0x38, 0x00, 0x00, 0x38, 0x00, 0x00, 0x38, 0x00, 0xB8, 0x38, 0x00,
    0xBF, 0xF0, 0x00, 0x3F, 0xE0, 0x00, 0x00, 0x00, 0x00, 0x00, 0x00, 0x00, 0x00, 0x00, 0xBF, 0xFE,
    0x03, 0xFF, 0x80, 0x0B, 0xF0, 0x00, 0xBC, 0x00, 0x03, 0xF8, 0x00, 0xF0, 0x00, 0x00, 0xFC, 0x03,
    0xC0, 0x00, 0x00, 0xBF, 0x0B, 0x80, 0x00, 0x00, 0x3F, 0x4F, 0x00, 0x00, 0x00, 0x1F, 0xFC, 0x00,
    0x00, 0x00, 0x0B, 0xF8, 0x00, 0x00, 0x00, 0x03, 0xF0, 0x00, 0x00, 0x00, 0x03, 0xFC, 0x00, 0x00,
    0x00, 0x0F, 0xFE, 0x00, 0x00, 0x00, 0x2E, 0x3F, 0x00, 0x00, 0x00, 0xBC, 0x2F, 0xC0, 0x00, 0x00,
    0xF0, 0x0F, 0xE0, 0x00, 0x03, 0xC0, 0x03, 0xF0, 0x00, 0x0B, 0x80, 0x02, 0xFC, 0x00, 0x6F, 0xA0,
    0x00, 0xFC, 0x00, 0xFF, 0xF0, 0x00, 0xBF, 0x00, 0x00, 0x00, 0x00, 0x3F, 0x00, 0x00, 0x00, 0x00,
    0x2F, 0x00, 0x00, 0x00, 0x00, 0x2F, 0x00, 0x00, 0x00, 0x00, 0x3F, 0x00, 0x00, 0x00, 0x2F, 0xF8,
    0x00, 0x00, 0x00, 0x00, 0x00, 0x00, 0x00, 0x00, 0x00, 0x00, 0xBF, 0xF8, 0xFF, 0xC0, 0x0F, 0xE0,
    0x2E, 0x00, 0x03, 0xF0, 0x38, 0x00, 0x02, 0xF8, 0xF0, 0x00, 0x00, 0xFF, 0xC0, 0x00, 0x00, 0x3F,
    0x80, 0x00, 0x00, 0x2F, 0x80, 0x00, 0x00, 0x3F, 0xD0, 0x00, 0x00, 0xF3, 0xF0, 0x00, 0x02, 0xD0,
    0xFC, 0x00, 0x0B, 0x80, 0xBE, 0x00, 0x2F, 0x80, 0x3F, 0x00, 0xFF, 0xE0, 0x0F, 0x80, 0x00, 0x00,
    0x0B, 0xC0, 0x00, 0x00, 0x03, 0xD0, 0x00, 0x00, 0x03, 0xC0, 0x00, 0x00, 0x0B, 0xC0, 0x00, 0x03,
    0xFF, 0x00, 0x00, 0x00, 0x00, 0x00, 0x00, 0x00, 0x00, 0x00, 0x00, 0xBF, 0xFE, 0x03, 0xFF, 0x80,
    0x0B, 0xF0, 0x00, 0xBC, 0x00, 0x03, 0xF8, 0x00, 0xF0, 0x00, 0x00, 0xFC, 0x03, 0xC0, 0x00, 0x00,
    0xBF, 0x0B, 0x80, 0x00, 0x00, 0x3F, 0x4F, 0x00, 0x00, 0x00, 0x1F, 0xFC, 0x00, 0x00, 0x00, 0x0F,
    0xF8, 0x00, 0x00, 0x03, 0xFF, 0xFF, 0xF0, 0x00, 0x00, 0x0B, 0xFC, 0x00, 0x00, 0x00, 0x0F, 0xFE,
    0x00, 0x00, 0x00, 0x2E, 0x3F, 0x00, 0x00, 0x00, 0xBC, 0x2F, 0xC0, 0x00, 0x00, 0xF0, 0x0F, 0xE0,
    0x00, 0x03, 0xC0, 0x03, 0xF0, 0x00, 0x0B, 0x80, 0x02, 0xFC, 0x00, 0x6F, 0xA0, 0x0A, 0xFE, 0x80,
    0xFF, 0xF0, 0x0F, 0xFF, 0xC0, 0x00, 0x00, 0x00, 0x00, 0xBF, 0xF8, 0xFF, 0xC0, 0x0F, 0xE0, 0x2E,
    0x00, 0x03, 0xF0, 0x38, 0x00, 0x02, 0xF8, 0xF0, 0x00, 0x00, 0xFF, 0xC0, 0x00, 0x06, 0xFF, 0xE8,
    0x00, 0x0B, 0xFF, 0xFC, 0x00, 0x00, 0x3F, 0xD0, 0x00, 0x00, 0xF7, 0xF0, 0x00, 0x02, 0xD2, 0xFC,
    0x00, 0x0B, 0x80, 0xFE, 0x00, 0x2F, 0x80, 0xBF, 0x80, 0xFF, 0xE1, 0xFF, 0xE0, 0x2A, 0xAA, 0xAA,
    0xA4, 0x3F, 0xFF, 0xFF, 0xF8, 0x00, 0x00, 0x00, 0x00, 0x2A, 0xAA, 0xAA, 0xAA, 0xAA, 0xAA, 0xAA,
    0x00, 0x3F, 0xFF, 0xFF, 0xFF, 0xFF, 0xFF, 0xFF, 0x00, 0x00, 0x00, 0x00, 0x00, 0x00, 0x00, 0x00,
    0x00, 0x00, 0x00, 0x03, 0x80, 0x0F, 0x00, 0x2C, 0x00, 0x3C, 0x00, 0x3E, 0x80, 0x3F, 0xC0, 0x2F,
    0xC0, 0x00, 0x00, 0x00, 0x00, 0x3F, 0x00, 0x3F, 0x80, 0x2B, 0x80, 0x03, 0x80, 0x0B, 0x00, 0x0E,
    0x00, 0x38, 0x00, 0x00, 0x00, 0x00, 0x00, 0x3F, 0x00, 0x3F, 0x80, 0x2B, 0x80, 0x03, 0x80, 0x0B,
    0x00, 0x0E, 0x00, 0x3C, 0x00, 0x10, 0x00, 0x00, 0x00, 0x00, 0x03, 0x80, 0xB0, 0x0F, 0x00, 0xE0,
    0x2C, 0x03, 0xC0, 0x3C, 0x03, 0x80, 0x3E, 0x8B, 0xE0, 0x3F, 0xC3, 0xF8, 0x2F, 0xC3, 0xF0, 0x00,
    0x00, 0x00, 0x00, 0x00, 0x00, 0x3F, 0x0B, 0xF0, 0x3F, 0x8B, 0xF0, 0x2B, 0x82, 0xF0, 0x03, 0x80,
    0xB0, 0x0B, 0x00, 0xE0, 0x0E, 0x02, 0xC0, 0x38, 0x0B, 0x00, 0x00, 0x00, 0x00, 0x00, 0x00, 0x00,
    0x3F, 0x0B, 0xE0, 0x3F, 0x8B, 0xF0, 0x2B, 0x82, 0xF0, 0x03, 0x80, 0xB0, 0x0B, 0x00, 0xF0, 0x0E,
    0x02, 0xC0, 0x38, 0x0B, 0x00, 0x10, 0x00, 0x00, 0x00, 0x00, 0x00, 0x00, 0x00, 0x0E, 0x00, 0x00,
    0x00, 0x2F, 0x00, 0x00, 0x00, 0x0F, 0x00, 0x00, 0x00, 0x0E, 0x00, 0x00, 0x08, 0x0C, 0x00, 0x00,
    0x3F, 0xE6, 0xFF, 0x80, 0x2F, 0x88, 0xBF, 0x40, 0x00, 0x0C, 0x00, 0x00, 0x00, 0x0E, 0x00, 0x00,
    0x00, 0x1F, 0x00, 0x00, 0x00, 0x2F, 0x00, 0x00, 0x00, 0x2F, 0x00, 0x00, 0x00, 0x2F, 0x00, 0x00,
    0x00, 0x2F, 0x00, 0x00, 0x00, 0x0F, 0x00, 0x00, 0x00, 0x0E, 0x00, 0x00, 0x00, 0x0E, 0x00, 0x00,
    0x00, 0x0E, 0x00, 0x00, 0x00, 0x0D, 0x00, 0x00, 0x00, 0x0C, 0x00, 0x00, 0x00, 0x08, 0x00, 0x00,
    0x00, 0x08, 0x00, 0x00, 0x00, 0x00, 0x00, 0x00, 0x00, 0x00, 0x00, 0x00, 0x00, 0x0E, 0x00, 0x00,
    0x00, 0x2F, 0x00, 0x00, 0x00, 0x0F, 0x00, 0x00, 0x00, 0x0E, 0x00, 0x00, 0x08, 0x0C, 0x00, 0x00,
    0x3F, 0xE6, 0xFF, 0x80, 0x2F, 0x88, 0xBF, 0x40, 0x00, 0x0D, 0x00, 0x00, 0x00, 0x0E, 0x00, 0x00,
    0x00, 0x2F, 0x00, 0x00, 0x00, 0x3F, 0x00, 0x00, 0x00, 0x3F, 0x00, 0x00, 0x00, 0x2F, 0x00, 0x00,
    0x00, 0x0E, 0x00, 0x00, 0x00, 0x0C, 0x00, 0x00, 0x3F, 0xE9, 0xBF, 0x80, 0x3F, 0xE9, 0xBF, 0x80,
    0x00, 0x0C, 0x00, 0x00, 0x00, 0x0E, 0x00, 0x00, 0x00, 0x1F, 0x00, 0x00, 0x00, 0x2F, 0x00, 0x00,
    0x00, 0x0E, 0x00, 0x00, 0x00, 0x00, 0x00, 0x00, 0x02, 0x80, 0x0F, 0xF0, 0x3F, 0xFC, 0x3F, 0xFC,
    0x3F, 0xFC, 0x2F, 0xF8, 0x0B, 0xE0, 0x08, 0x00, 0x02, 0x00, 0x00, 0x80, 0x3F, 0x00, 0x0F, 0xC0,
    0x03, 0xF0, 0x3F, 0x00, 0x0F, 0xC0, 0x03, 0xF0, 0x3F, 0x00, 0x0F, 0xC0, 0x03, 0xF0, 0x00, 0x00,
    0x00, 0x00, 0x00, 0x00, 0x02, 0xA8, 0x00, 0x00, 0x00, 0x00, 0x00, 0x00, 0x0F, 0xAF, 0x00, 0x03,
    0xC0, 0x00, 0x00, 0x00, 0x2E, 0x0B, 0x80, 0x0F, 0x00, 0x00, 0x00, 0x00, 0x3C, 0x03, 0xC0, 0x2E,
    0x00, 0x00, 0x00, 0x00, 0x3C, 0x03, 0xC0, 0x3C, 0x00, 0x00, 0x00, 0x00, 0x3C, 0x03, 0xC0, 0xB0,
    0x00, 0x00, 0x00, 0x00, 0x3C, 0x03, 0xC0, 0xE0, 0x00, 0x00, 0x00, 0x00, 0x3C, 0x03, 0xC3, 0xC0,
    0x00, 0x00, 0x00, 0x00, 0x3C, 0x03, 0xCB, 0x4F, 0xF0, 0x02, 0xFE, 0x00, 0x2E, 0x0B, 0x8F, 0x3C,
    0x3C, 0x0B, 0x8B, 0xC0, 0x0F, 0xAF, 0x3C, 0xB8, 0x1F, 0x0F, 0x03, 0xC0, 0x02, 0xA8, 0xB8, 0xF0,
    0x0F, 0x0F, 0x02, 0xE0, 0x00, 0x00, 0xF0, 0xF0, 0x0F, 0x2E, 0x02, 0xF0, 0x00, 0x03, 0xC0, 0xF0,
    0x0F, 0x2E, 0x02, 0xF0, 0x00, 0x07, 0x80, 0xF0, 0x0F, 0x2E, 0x02, 0xF0, 0x00, 0x0F, 0x00, 0xF0,
    0x0F, 0x1F, 0x02, 0xE0, 0x00, 0x2C, 0x00, 0xB8, 0x0F, 0x0F, 0x03, 0xD0, 0x00, 0x38, 0x00, 0x3C,
    0x3E, 0x0B, 0x83, 0xC0, 0x00, 0xF0, 0x00, 0x1F, 0xF8, 0x03, 0xFF, 0x00, 0x00, 0x00, 0x00, 0x00,
    0x00, 0x00, 0x00, 0x00, 0x00, 0x00, 0x00, 0xF0, 0x02, 0xE0, 0x03, 0xC0, 0x0F, 0x80, 0x3F, 0x00,
    0xBD, 0x00, 0xBC, 0x00, 0x3E, 0x00, 0x2F, 0x00, 0x0F, 0x80, 0x03, 0xC0, 0x00, 0xE0, 0x00, 0xB0,
    0x00, 0x00, 0x74, 0x00, 0x3C, 0x00, 0x1F, 0x00, 0x0F, 0x80, 0x03, 0xD0, 0x03, 0xF0, 0x02, 0xF0,
    0x03, 0xF0, 0x0B, 0xC0, 0x0F, 0x40, 0x2E, 0x00, 0x3C, 0x00, 0xB0, 0x00, 0x00, 0x00, 0x00, 0x00,
    0x00, 0x00, 0x00, 0xB8, 0x00, 0x00, 0x00, 0xF0, 0x00, 0x00, 0x02, 0xC0, 0x00, 0x00, 0x07, 0x80,
    0x00, 0x00, 0x0F, 0x00, 0x00, 0x00, 0x2C, 0x00, 0x00, 0x00, 0x38, 0x00, 0x00, 0x00, 0xF0, 0x00,
    0x00, 0x02, 0xE0, 0x00, 0x00, 0x03, 0xC0, 0x00, 0x00, 0x0F, 0x00, 0x00, 0x00, 0x2E, 0x00, 0x00,
    0x00, 0x3C, 0x00, 0x00, 0x00, 0xB0, 0x00, 0x00, 0x01, 0xE0, 0x00, 0x00, 0x03, 0xC0, 0x00, 0x00,
    0x0B, 0x00, 0x00, 0x00, 0x0E, 0x00, 0x00, 0x00, 0x3C, 0x00, 0x00, 0x00, 0x00, 0x0A, 0x00, 0x00,
    0x2F, 0x00, 0x00, 0xBF, 0x00, 0x00, 0xEF, 0x00, 0x03, 0x8F, 0x00, 0x0E, 0x0F, 0x00, 0x3C, 0x0F,
    0x00, 0x7F, 0xFF, 0xC0, 0x15, 0x6F, 0x40, 0x00, 0x0F, 0x00, 0x00, 0x0F, 0x00, 0x00, 0x0E, 0x00,
    0x00, 0x00, 0xAE, 0x80, 0x00, 0x0B, 0xFF, 0xFC, 0x00, 0x3F, 0x80, 0x7C, 0x00, 0xBC, 0x00, 0x2C,
    0x01, 0xF8, 0x00, 0x2C, 0x03, 0xF0, 0x00, 0x08, 0x03, 0xE0, 0x00, 0x00, 0x0B, 0xE0, 0x00, 0x00,
    0xBF, 0xFF, 0xFE, 0x00, 0x0B, 0xE0, 0x00, 0x00, 0x2F, 0xFA, 0xA8, 0x00, 0x2F, 0xFA, 0xA8, 0x00,
    0x03, 0xE0, 0x00, 0x00, 0x03, 0xF0, 0x00, 0x00, 0x02, 0xF0, 0x00, 0x1C, 0x00, 0xFC, 0x00, 0x2C,
    0x00, 0x7E, 0x00, 0x3C, 0x00, 0x2F, 0xE1, 0xBC, 0x00, 0x03, 0xFF, 0xF8, 0x00, 0x00, 0x00, 0x00,
    0x00, 0x00, 0x00, 0x00, 0x03, 0xFF, 0xD0, 0x00, 0x03, 0xE0, 0xF8, 0x00, 0x00, 0x00, 0x2E, 0x00,
    0x00, 0x00, 0x0F, 0x00, 0x00, 0x00, 0x0B, 0x80, 0x00, 0x00, 0x03, 0x80, 0x00, 0x00, 0x03, 0xC0,
    0x00, 0x2A, 0x03, 0xC0, 0x02, 0xFF, 0xEB, 0xC0, 0x0F, 0xE0, 0x2F, 0xC0, 0x2F, 0x80, 0x0F, 0xC0,
    0x3F, 0x00, 0x0F, 0x80, 0x3E, 0x00, 0x0F, 0x80, 0x3D, 0x00, 0x0F, 0x00, 0x3C, 0x00, 0x2F, 0x00,
    0x3C, 0x00, 0x3E, 0x00, 0x3E, 0x00, 0xBC, 0x00, 0x0F, 0x00, 0xF0, 0x00, 0x03, 0xEB, 0xC0, 0x00,
    0x00, 0x28, 0x00, 0x00, 0xBF, 0xFF, 0xFF, 0xFF, 0xFE, 0x0B, 0xFC, 0x00, 0x2F, 0xE0, 0x03, 0xF0,
    0x00, 0x0F, 0xC0, 0x03, 0xF0, 0x00, 0x0F, 0xC0, 0x03, 0xF0, 0x00, 0x0F, 0xC0, 0x03, 0xF0, 0x00,
    0x0F, 0xC0, 0x03, 0xF0, 0x00, 0x0F, 0xC0, 0x03, 0xF0, 0x00, 0x0F, 0xC0, 0x03, 0xF0, 0x00, 0x0F,
    0xC0, 0x03, 0xF0, 0x00, 0x0F, 0xC0, 0x03, 0xF0, 0x00, 0x0F, 0xC0, 0x03, 0xF0, 0x00, 0x0F, 0xC0,
    0x03, 0xF0, 0x00, 0x0F, 0xC0, 0x03, 0xF0, 0x00, 0x0F, 0xC0, 0x03, 0xF0, 0x00, 0x0F, 0xC0, 0x03,
    0xF0, 0x00, 0x0F, 0xC0, 0x03, 0xF0, 0x00, 0x0F, 0xC0, 0x03, 0xF4, 0x00, 0x0F, 0xE0, 0xBF, 0xFF,
    0x82, 0xFF, 0xFE, 0x00, 0x00, 0x00, 0x00, 0x2F, 0xFF, 0xFF, 0xF0, 0x0F, 0xE0, 0x00, 0xF0, 0x0B,
    0xF0, 0x00, 0xF0, 0x03, 0xFC, 0x00, 0xB0, 0x00, 0xFE, 0x00, 0x00, 0x00, 0x7F, 0x00, 0x00, 0x00,
    0x2F, 0xC0, 0x00, 0x00, 0x0F, 0xE0, 0x00, 0x00, 0x0B, 0xF0, 0x00, 0x00, 0x0F, 0xD0, 0x00, 0x00,
    0x3F, 0x80, 0x00, 0x00, 0xBF, 0x00, 0x00, 0x00, 0xFC, 0x00, 0x00, 0x03, 0xF8, 0x00, 0x3C, 0x0B,
    0xF0, 0x00, 0x3C, 0x0F, 0xC0, 0x00, 0x3C, 0x3F, 0xEA, 0xAA, 0xFC, 0x3F, 0xFF, 0xFF, 0xFC, 0x00,
    0x00, 0x00, 0x00, 0x00, 0xBF, 0xFF, 0xFF, 0xFF, 0x80, 0xAA, 0xAA, 0xAA, 0xAA, 0x80, 0x00, 0x00,
    0x00, 0x00, 0x00, 0x00, 0x00, 0xF0, 0x00, 0x00, 0x02, 0xD0, 0x00, 0x00, 0x03, 0xC0, 0x00, 0x00,
    0x0F, 0x00, 0x00, 0x00, 0x0E, 0x00, 0x00, 0x00, 0x3C, 0x00, 0x00, 0x00, 0x78, 0x00, 0x00, 0x00,
    0xF0, 0x00, 0x00, 0x02, 0xE0, 0x00, 0x00, 0x03, 0xC0, 0x00, 0x00, 0x0B, 0x40, 0x00, 0x00, 0x0F,
    0x00, 0x00, 0x00, 0x3C, 0x00, 0x00, 0x00, 0x38, 0x00, 0x00, 0x00, 0xF0, 0x00, 0x00, 0x02, 0xE0,
    0x00, 0x00, 0x03, 0xC0, 0x00, 0x00, 0x0B, 0x80, 0x00, 0x00, 0x0F, 0x00, 0x00, 0x00, 0x2C, 0x00,
    0x00, 0x00, 0x24, 0x00, 0x00, 0x00, 0x00, 0x00, 0x2E, 0x00, 0x3F, 0x00, 0x3F, 0x00, 0x00, 0x00,
    0x00, 0x00, 0x00, 0x00, 0x00, 0x00, 0x00, 0x3E, 0x00, 0x00, 0x00, 0x30, 0x00, 0x00, 0x00, 0xB0,
    0x00, 0x00, 0x00, 0xA0, 0x00, 0x00, 0x00, 0xC0, 0x00, 0x00, 0x00, 0xC0, 0x0F, 0x00, 0x02, 0x80,
    0x7F, 0x80, 0x03, 0x80, 0x03, 0xC0, 0x03, 0x00, 0x01, 0xF0, 0x03, 0x00, 0x00, 0xF0, 0x0A, 0x00,
    0x00, 0x7C, 0x0D, 0x00, 0x00, 0x3C, 0x0C, 0x00, 0x00, 0x1F, 0x2C, 0x00, 0x00, 0x0F, 0x28, 0x00,
    0x00, 0x07, 0xF0, 0x00, 0x00, 0x03, 0xF0, 0x00, 0x00, 0x00, 0xF0, 0x00, 0x00, 0x00, 0xE0, 0x00,
    0x00, 0x00, 0x00, 0x00, 0x00, 0x0B, 0xF8, 0x00, 0xBF, 0x80, 0x3E, 0xBF, 0x03, 0xFA, 0xF0, 0x38,
    0x03, 0xEF, 0x00, 0xB0, 0xB0, 0x00, 0xFC, 0x00, 0x38, 0xB0, 0x02, 0xFD, 0x00, 0x38, 0x3C, 0x0B,
    0x8B, 0x80, 0xF0, 0x0F, 0xFE, 0x02, 0xFF, 0xC0, 0x02, 0xA0, 0x00, 0x2A, 0x00, 0x00, 0x00, 0x00,
    0x00, 0x02, 0xFE, 0x00, 0x03, 0xFF, 0x00, 0x0B, 0x08, 0x00, 0x0F, 0x00, 0x00, 0x0F, 0x00, 0x00,
    0x0F, 0x00, 0x00, 0x1F, 0x00, 0x00, 0x2E, 0x00, 0x00, 0x2E, 0x00, 0x00, 0x2E, 0x00, 0x00, 0x2E,
    0x00, 0x00, 0x2E, 0x00, 0x00, 0x2E, 0x00, 0x00, 0x2E, 0x00, 0x00, 0x3E, 0x00, 0x00, 0x3E, 0x00,
    0x00, 0x3D, 0x00, 0x00, 0x3C, 0x00, 0x00, 0x3C, 0x00, 0x00, 0x3C, 0x00, 0x00, 0x3C, 0x00, 0x00,
    0x3C, 0x00, 0x28, 0x38, 0x00, 0x3F, 0xF0, 0x00, 0x3F, 0xC0, 0x00, 0x00, 0x00, 0x00, 0x00, 0x00,
    0x00, 0x00, 0x00, 0x2F, 0xFF, 0x80, 0x03, 0x80, 0xBE, 0xAF, 0xFE, 0xBF, 0x80, 0xA0, 0x00, 0x6F,
    0xF8, 0x00, 0x00, 0x00, 0x00, 0x00, 0x00, 0x06, 0xA8, 0x00, 0x00, 0x80, 0x3F, 0xFF, 0xE4, 0x0B,
    0x80, 0xB8, 0x02, 0xFF, 0xFF, 0x00, 0x80, 0x00, 0x0A, 0xA0, 0x00, 0x00, 0x00, 0x00, 0x00, 0x00,
    0x00, 0x00, 0x00, 0x10, 0x00, 0x00, 0x00, 0x00, 0xB8, 0x00, 0x00, 0x00, 0x02, 0xF0, 0x00, 0x6A,
    0xAA, 0xAB, 0xFA, 0x40, 0xBF, 0xFF, 0xFF, 0xFF, 0x80, 0x00, 0x00, 0xFC, 0x00, 0x00, 0x00, 0x02,
    0xF0, 0x00, 0x00, 0x00, 0x0B, 0xC0, 0x00, 0x00, 0xAA, 0xBF, 0xEA, 0xAA, 0x80, 0xBF, 0xFF, 0xFF,
    0xFF, 0x80, 0x02, 0xF0, 0x00, 0x00, 0x00, 0x0B, 0xC0, 0x00, 0x00, 0x00, 0x07, 0x00, 0x00, 0x00,
    0x00, 0x00, 0x00, 0x00, 0x00, 0x00, 0x00, 0x00, 0x00, 0x00, 0x00, 0x00, 0x00, 0x00, 0x1B, 0x80,
    0x00, 0x00, 0x0B, 0xFF, 0x40, 0x00, 0x02, 0xFF, 0xE0, 0x00, 0x00, 0xBF, 0xE0, 0x00, 0x00, 0x2F,
    0xF8, 0x00, 0x00, 0x00, 0xBE, 0x00, 0x00, 0x00, 0x00, 0xBF, 0x90, 0x00, 0x00, 0x00, 0x02, 0xFF,
    0x80, 0x00, 0x00, 0x00, 0x0B, 0xFE, 0x00, 0x00, 0x00, 0x00, 0x2F, 0xF9, 0x00, 0x00, 0x00, 0x00,
    0xBF, 0x80, 0x00, 0x00, 0x00, 0x02, 0x80, 0x00, 0x00, 0x00, 0x00, 0x00, 0xAA, 0xAA, 0xAA, 0xAA,
    0x80, 0xBF, 0xFF, 0xFF, 0xFF, 0x80, 0x00, 0x00, 0x00, 0x00, 0x00, 0xB9, 0x00, 0x00, 0x00, 0x00,
    0x7F, 0xF8, 0x00, 0x00, 0x00, 0x02, 0xFF, 0xE0, 0x00, 0x00, 0x00, 0x02, 0xFF, 0x80, 0x00, 0x00,
    0x00, 0x0B, 0xFE, 0x00, 0x00, 0x00, 0x00, 0x2F, 0x80, 0x00, 0x00, 0x01, 0xBF, 0x80, 0x00, 0x00,
    0xBF, 0xE0, 0x00, 0x00, 0x2F, 0xF8, 0x00, 0x00, 0x1B, 0xFE, 0x00, 0x00, 0x00, 0xBF, 0x80, 0x00,
    0x00, 0x00, 0xA0, 0x00, 0x00, 0x00, 0x00, 0x00, 0x00, 0x00, 0x00, 0x00, 0xAA, 0xAA, 0xAA, 0xAA,
    0x80, 0xBF, 0xFF, 0xFF, 0xFF, 0x80, 0x00, 0x00, 0x00, 0x00, 0x00, 0x00, 0x00, 0x00, 0x00, 0x00,
    0xA0, 0x00, 0x00, 0x00, 0x00, 0x00, 0x02, 0xF8, 0x00, 0x00, 0x00, 0x00, 0x00, 0x0B, 0xFE, 0x00,
    0x00, 0x00, 0x00, 0x00, 0x2F, 0xFF, 0x80, 0x00, 0x00, 0x00, 0x00, 0xBF, 0xAF, 0xE0, 0x00, 0x00,
    0x00, 0x02, 0xFA, 0xE0, 0xF8, 0x00, 0x00, 0x00, 0x0B, 0xCF, 0xFC, 0x3E, 0x00, 0x00, 0x00, 0x2F,
    0x8F, 0xFE, 0x0F, 0x80, 0x00, 0x00, 0xBF, 0x8B, 0xFE, 0x0F, 0xE0, 0x00, 0x02, 0xFF, 0x87, 0xFE,
    0x0F, 0xF8, 0x00, 0x0B, 0xFF, 0xFF, 0xFE, 0x2F, 0xFE, 0x00, 0x2F, 0xFF, 0xFF, 0xFC, 0x3F, 0xFF,
    0x80, 0xBF, 0xFF, 0xFF, 0xF8, 0xBF, 0xFF, 0xE0, 0xBF, 0xFF, 0xFF, 0xF2, 0xFF, 0xFF, 0xE0, 0x2F,
    0xFF, 0xFF, 0xE7, 0xFF, 0xFF, 0x80, 0x0B, 0xFF, 0xFF, 0xDF, 0xFF, 0xFE, 0x00, 0x02, 0xFF, 0xFF,
    0xEF, 0xFF, 0xF8, 0x00, 0x00, 0xBF, 0xFF, 0xFF, 0xFF, 0xE0, 0x00, 0x00, 0x2F, 0xFF, 0xFF, 0xFF,
    0x80, 0x00, 0x00, 0x0B, 0xFF, 0xFF, 0xFE, 0x00, 0x00, 0x00, 0x02, 0xFF, 0xAF, 0xF8, 0x00, 0x00,
    0x00, 0x00, 0xBE, 0x0F, 0xE0, 0x00, 0x00, 0x00, 0x00, 0x2F, 0x0F, 0x80, 0x00, 0x00, 0x00, 0x00,
    0x0B, 0xFE, 0x00, 0x00, 0x00, 0x00, 0x00, 0x02, 0xF8, 0x00, 0x00, 0x00, 0x00, 0x00, 0x00, 0xA0,
    0x00, 0x00, 0x00,
};

static const EpdGlyph chareink_12_regularGlyphs[] = {
    { 0, 0, 9, 0, 19, 0, 0 },
    { 8, 20, 9, 2, 19, 40, 0 },
    { 8, 9, 9, 1, 20, 18, 40 },
    { 20, 21, 20, 1, 20, 105, 58 },
    { 16, 24, 15, 1, 21, 96, 163 },
    { 24, 20, 23, 0, 19, 120, 259 },
    { 20, 20, 19, 0, 19, 100, 379 },
    { 4, 9, 5, 1, 20, 9, 479 },
    { 12, 24, 10, 1, 20, 72, 488 },
    { 12, 24, 10, 0, 20, 72, 560 },
    { 12, 11, 14, 1, 20, 33, 632 },
    { 20, 17, 27, 5, 17, 85, 665 },
    { 8, 9, 8, 0, 4, 18, 750 },
    { 8, 3, 9, 1, 8, 6, 768 },
    { 8, 5, 8, 1, 4, 10, 774 },
    { 16, 22, 13, -1, 19, 88, 784 },
    { 16, 20, 15, 0, 19, 80, 872 },
    { 12, 19, 15, 1, 19, 57, 952 },
    { 16, 19, 15, 1, 19, 76, 1009 },
    { 16, 20, 15, 1, 19, 80, 1085 },
    { 16, 20, 15, 0, 19, 80, 1165 },
    { 16, 20, 15, 1, 19, 80, 1245 },
    { 16, 20, 15, 0, 19, 80, 1325 },
    { 16, 20, 15, 1, 19, 80, 1405 },
    { 16, 20, 15, 0, 19, 80, 1485 },
    { 16, 20, 15, 0, 19, 80, 1565 },
    { 8, 15, 8, 1, 14, 30, 1645 },
    { 8, 19, 8, 0, 14, 38, 1675 },
    { 20, 15, 27, 5, 16, 75, 1713 },
    { 20, 8, 27, 5, 12, 40, 1788 },
    { 20, 15, 27, 5, 16, 75, 1828 },
    { 12, 20, 13, 1, 19, 60, 1903 },
    { 24, 24, 25, 1, 19, 144, 1963 },
    { 20, 19, 18, -1, 19, 95, 2107 },
    { 16, 19, 16, 0, 19, 76, 2202 },
    { 20, 20, 17, 0, 19, 100, 2278 },
    { 20, 19, 19, 0, 19, 95, 2378 },
    { 16, 19, 16, 0, 19, 76, 2473 },
    { 16, 19, 15, 0, 19, 76, 2549 },
    { 20, 20, 19, 0, 19, 100, 2625 },
    { 20, 19, 20, 0, 19, 95, 2725 },
    { 12, 19, 9, 0, 19, 57, 2820 },
    { 16, 20, 13, 0, 19, 80, 2877 },
    { 20, 19, 17, 0, 19, 95, 2957 },
    { 16, 19, 14, 0, 19, 76, 3052 },
    { 24, 19, 24, 0, 19, 114, 3128 },
    { 20, 19, 19, 0, 19, 95, 3242 },
    { 20, 20, 20, 0, 19, 100, 3337 },
    { 16, 19, 16, 0, 19, 76, 3437 },
    { 20, 24, 20, 0, 19, 120, 3513 },
    { 20, 20, 18, 0, 19, 100, 3633 },
    { 16, 20, 14, 0, 19, 80, 3733 },
    { 16, 19, 16, 0, 19, 76, 3813 },
    { 20, 20, 19, 0, 19, 100, 3889 },
    { 20, 20, 18, 0, 19, 100, 3989 },
    { 28, 20, 25, 0, 19, 140, 4089 },
    { 20, 19, 17, 0, 19, 95, 4229 },
    { 20, 19, 17, 0, 19, 95, 4324 },
    { 16, 19, 16, 0, 19, 76, 4419 },
    { 8, 24, 11, 3, 20, 48, 4495 },
    { 16, 22, 13, -1, 19, 88, 4543 },
    { 8, 24, 11, 1, 20, 48, 4631 },
    { 12, 6, 9, -1, 20, 18, 4679 },
    { 12, 3, 9, -1, -2, 9, 4697 },
    { 8, 7, 9, -1, 21, 14, 4706 },
    { 16, 15, 14, 0, 14, 60, 4720 },
    { 16, 21, 15, 0, 21, 84, 4780 },
    { 12, 15, 13, 0, 14, 45, 4864 },
    { 16, 22, 15, 0, 21, 88, 4909 },
    { 16, 15, 13, 0, 14, 60, 4997 },
    { 12, 21, 9, 0, 21, 63, 5057 },
    { 16, 21, 14, 0, 14, 84, 5120 },
    { 16, 21, 16, 0, 21, 84, 5204 },
    { 8, 20, 8, 0, 20, 40, 5288 },
    { 12, 27, 8, -3, 20, 81, 5328 },
    { 16, 21, 14, 0, 21, 84, 5409 },
    { 8, 21, 8, 0, 21, 42, 5493 },
    { 24, 14, 23, 0, 14, 84, 5535 },
    { 16, 14, 15, 0, 14, 56, 5619 },
    { 16, 15, 15, 0, 14, 60, 5675 },
    { 16, 20, 15, 0, 14, 80, 5735 },
    { 16, 20, 15, 0, 14, 80, 5815 },
    { 12, 14, 11, 0, 14, 42, 5895 },
    { 12, 15, 11, 0, 14, 45, 5937 },
    { 12, 18, 9, 0, 17, 54, 5982 },
    { 16, 15, 15, 0, 14, 60, 6036 },
    { 16, 14, 14, 0, 14, 56, 6096 },
    { 24, 14, 21, 0, 14, 84, 6152 },
    { 16, 14, 14, 0, 14, 56, 6236 },
    { 16, 21, 14, 0, 14, 84, 6292 },
    { 12, 14, 12, 0, 14, 42, 6376 },
    { 12, 24, 13, 1, 20, 72, 6418 },
    { 4, 29, 10, 3, 22, 29, 6490 },
    { 12, 24, 13, 1, 20, 72, 6519 },
    { 20, 5, 22, 2, 11, 25, 6591 },
    { 0, 0, 9, 0, 19, 0, 6616 },
    { 8, 20, 9, 2, 14, 40, 6616 },
    { 16, 20, 15, 1, 17, 80, 6656 },
    { 16, 21, 15, 1, 21, 84, 6736 },
    { 16, 16, 16, 0, 20, 64, 6820 },
    { 16, 19, 16, 0, 19, 76, 6884 },
    { 4, 27, 9, 3, 21, 27, 6960 },
    { 12, 25, 14, 1, 21, 75, 6987 },
    { 12, 5, 9, -1, 20, 15, 7062 },
    { 24, 22, 23, 0, 21, 132, 7077 },
    { 12, 11, 9, 0, 19, 33, 7209 },
    { 12, 14, 12, 0, 14, 42, 7242 },
    { 16, 7, 17, 0, 12, 28, 7284 },
    { 0, 0, 1, 0, 19, 0, 7312 },
    { 24, 22, 23, 0, 21, 132, 7312 },
    { 12, 3, 9, -1, 18, 9, 7444 },
    { 8, 7, 9, 1, 20, 14, 7453 },
    { 20, 17, 27, 5, 17, 85, 7467 },
    { 12, 12, 10, 0, 22, 36, 7552 },
    { 12, 12, 10, 0, 22, 36, 7588 },
    { 8, 7, 9, 3, 21, 14, 7624 },
    { 16, 20, 15, 1, 14, 80, 7638 },
    { 16, 22, 13, 0, 19, 88, 7718 },
    { 8, 5, 5, 0, 12, 10, 7806 },
    { 8, 8, 6, 0, 1, 16, 7816 },
    { 8, 12, 10, 1, 22, 24, 7832 },
    { 12, 11, 10, 0, 19, 33, 7856 },
    { 12, 14, 12, 0, 14, 42, 7889 },
    { 24, 21, 24, 1, 20, 126, 7931 },
    { 24, 20, 24, 1, 20, 120, 8057 },
    { 24, 21, 24, 0, 20, 126, 8177 },
    { 12, 20, 13, 1, 14, 60, 8303 },
    { 20, 26, 18, -1, 26, 130, 8363 },
    { 20, 26, 18, -1, 26, 130, 8493 },
    { 20, 26, 18, -1, 26, 130, 8623 },
    { 20, 25, 18, -1, 25, 125, 8753 },
    { 20, 25, 18, -1, 25, 125, 8878 },
    { 20, 27, 18, -1, 27, 135, 9003 },
    { 28, 19, 25, -1, 19, 133, 9138 },
    { 20, 26, 17, 0, 19, 130, 9271 },
    { 16, 26, 16, 0, 26, 104, 9401 },
    { 16, 26, 16, 0, 26, 104, 9505 },
    { 16, 26, 16, 0, 26, 104, 9609 },
    { 16, 25, 16, 0, 25, 100, 9713 },
    { 12, 26, 9, 0, 26, 78, 9813 },
    { 12, 26, 9, 0, 26, 78, 9891 },
    { 12, 26, 9, -1, 26, 78, 9969 },
    { 12, 25, 9, 0, 25, 75, 10047 },
    { 20, 19, 19, 0, 19, 95, 10122 },
    { 20, 25, 19, 0, 25, 125, 10217 },
    { 20, 27, 20, 0, 26, 135, 10342 },
    { 20, 27, 20, 0, 26, 135, 10477 },
    { 20, 27, 20, 0, 26, 135, 10612 },
    { 20, 26, 20, 0, 25, 130, 10747 },
    { 20, 26, 20, 0, 25, 130, 10877 },
    { 16, 16, 27, 6, 16, 64, 11007 },
    { 20, 24, 20, 0, 21, 120, 11071 },
    { 20, 27, 19, 0, 26, 135, 11191 },
    { 20, 27, 19, 0, 26, 135, 11326 },
    { 20, 27, 19, 0, 26, 135, 11461 },
    { 20, 26, 19, 0, 25, 130, 11596 },
    { 20, 26, 17, 0, 26, 130, 11726 },
    { 16, 19, 16, 0, 19, 76, 11856 },
    { 20, 22, 17, 0, 21, 110, 11932 },
    { 16, 22, 14, 0, 21, 88, 12042 },
    { 16, 22, 14, 0, 21, 88, 12130 },
    { 16, 21, 14, 0, 20, 84, 12218 },
    { 16, 21, 14, 0, 20, 84, 12302 },
    { 16, 21, 14, 0, 20, 84, 12386 },
    { 16, 23, 14, 0, 22, 92, 12470 },
    { 20, 15, 19, 0, 14, 75, 12562 },
    { 12, 21, 13, 0, 14, 63, 12637 },
    { 16, 22, 13, 0, 21, 88, 12700 },
    { 16, 22, 13, 0, 21, 88, 12788 },
    { 16, 21, 13, 0, 20, 84, 12876 },
    { 16, 21, 13, 0, 20, 84, 12960 },
    { 8, 21, 8, 0, 21, 42, 13044 },
    { 12, 21, 8, 0, 21, 63, 13086 },
    { 12, 20, 8, -1, 20, 60, 13149 },
    { 12, 20, 8, -1, 20, 60, 13209 },
    { 16, 22, 15, 0, 21, 88, 13269 },
    { 16, 20, 15, 0, 20, 80, 13357 },
    { 16, 22, 15, 0, 21, 88, 13437 },
    { 16, 22, 15, 0, 21, 88, 13525 },
    { 16, 21, 15, 0, 20, 84, 13613 },
    { 16, 21, 15, 0, 20, 84, 13697 },
    { 16, 21, 15, 0, 20, 84, 13781 },
    { 20, 13, 27, 5, 15, 65, 13865 },
    { 16, 19, 15, 0, 16, 76, 13930 },
    { 16, 22, 15, 0, 21, 88, 14006 },
    { 16, 22, 15, 0, 21, 88, 14094 },
    { 16, 21, 15, 0, 20, 84, 14182 },
    { 16, 21, 15, 0, 20, 84, 14266 },
    { 16, 28, 14, 0, 21, 112, 14350 },
    { 16, 27, 15, 0, 21, 108, 14462 },
    { 16, 27, 14, 0, 20, 108, 14570 },
    { 20, 24, 18, -1, 24, 120, 14678 },
    { 16, 19, 14, 0, 18, 76, 14798 },
    { 20, 25, 18, -1, 25, 125, 14874 },
    { 16, 21, 14, 0, 20, 84, 14999 },
    { 20, 25, 18, -1, 19, 125, 15083 },
    { 16, 20, 14, 0, 14, 80, 15208 },
    { 20, 27, 17, 0, 26, 135, 15288 },
    { 12, 22, 13, 0, 21, 66, 15423 },
    { 20, 26, 17, 0, 25, 130, 15489 },
    { 12, 21, 13, 0, 20, 63, 15619 },
    { 20, 27, 17, 0, 26, 135, 15682 },
    { 12, 21, 13, 0, 20, 63, 15817 },
    { 20, 26, 19, 0, 26, 130, 15880 },
    { 20, 22, 17, 0, 21, 110, 16010 },
    { 20, 19, 19, 0, 19, 95, 16120 },
    { 16, 22, 15, 0, 21, 88, 16215 },
    { 16, 24, 16, 0, 24, 96, 16303 },
    { 16, 19, 13, 0, 18, 76, 16399 },
    { 16, 25, 16, 0, 25, 100, 16475 },
    { 16, 21, 13, 0, 20, 84, 16575 },
    { 16, 25, 16, 0, 19, 100, 16659 },
    { 16, 20, 13, 0, 14, 80, 16759 },
    { 16, 26, 16, 0, 26, 104, 16839 },
    { 16, 21, 13, 0, 20, 84, 16943 },
    { 20, 26, 19, 0, 25, 130, 17027 },
    { 16, 27, 14, 0, 20, 108, 17157 },
    { 20, 26, 19, 0, 25, 130, 17265 },
    { 16, 27, 14, 0, 20, 108, 17395 },
    { 20, 27, 19, 0, 19, 135, 17503 },
    { 16, 28, 14, 0, 21, 112, 17638 },
    { 20, 19, 20, 0, 19, 95, 17750 },
    { 20, 21, 16, -1, 21, 105, 17845 },
    { 12, 24, 9, 0, 24, 72, 17950 },
    { 8, 18, 8, 0, 18, 36, 18022 },
    { 12, 25, 9, 0, 19, 75, 18058 },
    { 8, 26, 8, 0, 20, 52, 18133 },
    { 8, 14, 8, 0, 14, 28, 18185 },
    { 20, 27, 17, 0, 19, 135, 18213 },
    { 16, 29, 14, 0, 21, 116, 18348 },
    { 16, 27, 14, 0, 19, 108, 18464 },
    { 8, 29, 8, 0, 21, 58, 18572 },
    { 16, 21, 14, 0, 21, 84, 18630 },
    { 12, 21, 9, 0, 21, 63, 18714 },
    { 16, 19, 14, 0, 19, 76, 18777 },
    { 12, 21, 8, -1, 21, 63, 18853 },
    { 20, 26, 19, 0, 26, 130, 18916 },
    { 16, 21, 15, 0, 21, 84, 19046 },
    { 20, 27, 19, 0, 19, 135, 19130 },
    { 16, 22, 15, 0, 14, 88, 19265 },
    { 20, 26, 19, 0, 26, 130, 19353 },
    { 16, 20, 15, 0, 20, 80, 19483 },
    { 20, 27, 20, 0, 26, 135, 19563 },
    { 16, 22, 15, 0, 21, 88, 19698 },
    { 28, 20, 27, 0, 19, 140, 19786 },
    { 24, 15, 22, 0, 14, 90, 19926 },
    { 20, 27, 18, 0, 26, 135, 20016 },
    { 12, 21, 11, 0, 21, 63, 20151 },
    { 20, 27, 18, 0, 26, 135, 20214 },
    { 12, 20, 11, 0, 20, 60, 20349 },
    { 16, 27, 14, 0, 26, 108, 20409 },
    { 12, 22, 11, 0, 21, 66, 20517 },
    { 16, 26, 14, 0, 19, 104, 20583 },
    { 12, 21, 11, 0, 14, 63, 20687 },
    { 16, 27, 14, 0, 26, 108, 20750 },
    { 12, 21, 11, 0, 20, 63, 20858 },
    { 16, 26, 16, 0, 19, 104, 20921 },
    { 12, 24, 9, 0, 17, 72, 21025 },
    { 16, 26, 16, 0, 26, 104, 21097 },
    { 12, 22, 9, 0, 21, 66, 21201 },
    { 20, 25, 19, 0, 24, 125, 21267 },
    { 16, 19, 15, 0, 18, 76, 21392 },
    { 20, 28, 19, 0, 27, 140, 21468 },
    { 16, 23, 15, 0, 22, 92, 21608 },
    { 20, 27, 19, 0, 26, 135, 21700 },
    { 16, 22, 15, 0, 21, 88, 21835 },
    { 20, 25, 19, 0, 19, 125, 21923 },
    { 16, 20, 15, 0, 14, 80, 22048 },
    { 20, 25, 17, 0, 25, 125, 22128 },
    { 16, 26, 16, 0, 26, 104, 22253 },
    { 12, 21, 12, 0, 21, 63, 22357 },
    { 16, 25, 16, 0, 25, 100, 22420 },
    { 12, 20, 12, 0, 20, 60, 22520 },
    { 16, 26, 16, 0, 26, 104, 22580 },
    { 12, 20, 12, 0, 20, 60, 22684 },
    { 8, 7, 1, -12, 21, 14, 22744 },
    { 8, 7, 1, -10, 21, 14, 22758 },
    { 12, 6, 1, -12, 20, 18, 22772 },
    { 12, 5, 1, -13, 20, 15, 22790 },
    { 12, 3, 1, -12, 18, 9, 22805 },
    { 12, 6, 1, -12, 20, 18, 22814 },
    { 4, 5, 1, -9, 20, 5, 22832 },
    { 12, 5, 1, -12, 20, 15, 22837 },
    { 8, 8, 1, -11, 22, 16, 22852 },
    { 16, 7, 1, -13, 21, 28, 22868 },
    { 12, 6, 1, -12, 20, 18, 22896 },
    { 8, 7, 1, -10, -1, 14, 22914 },
    { 8, 8, 1, -10, 1, 16, 22928 },
    { 8, 7, 1, -9, 1, 14, 22944 },
    { 16, 26, 16, 0, 26, 104, 22958 },
    { 16, 25, 16, 0, 25, 100, 23062 },
    { 20, 20, 19, 0, 19, 100, 23162 },
    { 16, 26, 14, 0, 26, 104, 23262 },
    { 16, 20, 17, 0, 19, 80, 23366 },
    { 16, 20, 14, 0, 19, 80, 23446 },
    { 12, 19, 9, 0, 19, 57, 23526 },
    { 12, 25, 9, 0, 25, 75, 23583 },
    { 16, 20, 13, 0, 19, 80, 23658 },
    { 28, 20, 26, 0, 19, 140, 23738 },
    { 28, 19, 25, 0, 19, 133, 23878 },
    { 20, 19, 20, 0, 19, 95, 24011 },
    { 20, 26, 17, 0, 26, 130, 24106 },
    { 20, 26, 19, 0, 26, 130, 24236 },
    { 20, 26, 19, -1, 25, 130, 24366 },
    { 20, 25, 20, 0, 19, 125, 24496 },
    { 20, 19, 18, -1, 19, 95, 24621 },
    { 16, 19, 16, 0, 19, 76, 24716 },
    { 16, 19, 16, 0, 19, 76, 24792 },
    { 16, 19, 14, 0, 19, 76, 24868 },
    { 20, 25, 19, -1, 19, 125, 24944 },
    { 16, 19, 16, 0, 19, 76, 25069 },
    { 24, 19, 24, 0, 19, 114, 25145 },
    { 16, 20, 15, 0, 19, 80, 25259 },
    { 20, 19, 19, 0, 19, 95, 25339 },
    { 20, 25, 19, 0, 25, 125, 25434 },
    { 20, 19, 17, 0, 19, 95, 25559 },
    { 20, 20, 19, 0, 19, 100, 25654 },
    { 24, 19, 24, 0, 19, 114, 25754 },
    { 20, 19, 20, 0, 19, 95, 25868 },
    { 20, 20, 20, 0, 19, 100, 25963 },
    { 20, 19, 20, 0, 19, 95, 26063 },
    { 16, 19, 16, 0, 19, 76, 26158 },
    { 20, 20, 17, 0, 19, 100, 26234 },
    { 16, 19, 16, 0, 19, 76, 26334 },
    { 20, 20, 19, -1, 19, 100, 26410 },
    { 24, 19, 22, 0, 19, 114, 26510 },
    { 20, 19, 17, 0, 19, 95, 26624 },
    { 20, 25, 20, 0, 19, 125, 26719 },
    { 20, 19, 18, 0, 19, 95, 26844 },
    { 28, 19, 26, 0, 19, 133, 26939 },
    { 28, 25, 26, 0, 19, 175, 27072 },
    { 20, 19, 18, -1, 19, 95, 27247 },
    { 24, 19, 23, 0, 19, 114, 27342 },
    { 16, 19, 16, 0, 19, 76, 27456 },
    { 16, 20, 17, 0, 19, 80, 27532 },
    { 28, 20, 26, 0, 19, 140, 27612 },
    { 20, 20, 17, -1, 19, 100, 27752 },
    { 16, 15, 14, 0, 14, 60, 27852 },
    { 16, 21, 14, 0, 20, 84, 27912 },
    { 16, 14, 14, 0, 14, 56, 27996 },
    { 12, 14, 12, 0, 14, 42, 28052 },
    { 16, 19, 15, -1, 14, 76, 28094 },
    { 16, 15, 13, 0, 14, 60, 28170 },
    { 20, 14, 19, 0, 14, 70, 28230 },
    { 12, 15, 12, 0, 14, 45, 28300 },
    { 16, 14, 16, 0, 14, 56, 28345 },
    { 16, 20, 16, 0, 20, 80, 28401 },
    { 16, 14, 14, 0, 14, 56, 28481 },
    { 16, 15, 16, 0, 14, 60, 28537 },
    { 20, 14, 19, 0, 14, 70, 28597 },
    { 16, 14, 16, 0, 14, 56, 28667 },
    { 16, 15, 15, 0, 14, 60, 28723 },
    { 16, 14, 15, 0, 14, 56, 28783 },
    { 16, 20, 15, 0, 14, 80, 28839 },
    { 12, 15, 13, 0, 14, 45, 28919 },
    { 16, 14, 13, 0, 14, 56, 28964 },
    { 16, 20, 14, 0, 14, 80, 29020 },
    { 20, 25, 20, 0, 19, 125, 29100 },
    { 16, 14, 14, 0, 14, 56, 29225 },
    { 16, 19, 15, 0, 14, 76, 29281 },
    { 16, 14, 14, 0, 14, 56, 29357 },
    { 24, 14, 22, 0, 14, 84, 29413 },
    { 24, 19, 22, 0, 14, 114, 29497 },
    { 16, 14, 15, 0, 14, 56, 29611 },
    { 20, 14, 19, 0, 14, 70, 29667 },
    { 16, 14, 13, 0, 14, 56, 29737 },
    { 12, 15, 12, 0, 14, 45, 29793 },
    { 20, 15, 20, 0, 14, 75, 29838 },
    { 16, 15, 14, -1, 14, 60, 29913 },
    { 16, 22, 13, 0, 21, 88, 29973 },
    { 16, 21, 13, 0, 20, 84, 30061 },
    { 16, 26, 16, 0, 21, 104, 30145 },
    { 12, 21, 12, 0, 21, 63, 30249 },
    { 12, 15, 12, 0, 14, 45, 30312 },
    { 12, 15, 11, 0, 14, 45, 30357 },
    { 8, 20, 8, 0, 20, 40, 30402 },
    { 12, 20, 8, -1, 20, 60, 30442 },
    { 12, 27, 8, -3, 20, 81, 30502 },
    { 20, 15, 21, 0, 14, 75, 30583 },
    { 24, 14, 21, 0, 14, 84, 30658 },
    { 20, 21, 16, -1, 21, 105, 30742 },
    { 16, 21, 14, 0, 21, 84, 30847 },
    { 16, 21, 16, 0, 21, 84, 30931 },
    { 16, 26, 14, 0, 20, 104, 31015 },
    { 16, 19, 15, 0, 14, 76, 31119 },
    { 20, 19, 18, 0, 19, 95, 31195 },
    { 16, 14, 14, 0, 14, 56, 31290 },
    { 20, 20, 20, 0, 19, 100, 31346 },
    { 16, 15, 14, 0, 14, 60, 31446 },
    { 24, 21, 21, 0, 20, 126, 31506 },
    { 20, 14, 16, 0, 14, 70, 31632 },
    { 20, 30, 19, 0, 25, 150, 31702 },
    { 16, 25, 16, 0, 20, 100, 31852 },
    { 16, 21, 16, 0, 21, 84, 31952 },
    { 16, 16, 13, 0, 16, 64, 32036 },
    { 16, 19, 16, 0, 19, 76, 32100 },
    { 16, 20, 15, 0, 14, 80, 32176 },
    { 16, 22, 13, 0, 22, 88, 32256 },
    { 12, 16, 11, 0, 16, 48, 32344 },
    { 16, 19, 14, 0, 19, 76, 32392 },
    { 12, 14, 12, 0, 14, 42, 32468 },
    { 16, 25, 16, 0, 19, 100, 32510 },
    { 16, 20, 14, 1, 14, 80, 32610 },
    { 24, 25, 24, 0, 19, 150, 32690 },
    { 20, 19, 19, 0, 14, 95, 32840 },
    { 16, 25, 15, 0, 19, 100, 32935 },
    { 12, 20, 12, 0, 14, 60, 33035 },
    { 20, 25, 17, 0, 19, 125, 33095 },
    { 16, 19, 14, 0, 14, 76, 33220 },
    { 20, 19, 18, 0, 19, 95, 33296 },
    { 16, 14, 15, 0, 14, 56, 33391 },
    { 20, 19, 17, 0, 19, 95, 33447 },
    { 16, 21, 14, -1, 21, 84, 33542 },
    { 24, 19, 20, 0, 19, 114, 33626 },
    { 20, 14, 17, 0, 14, 70, 33740 },
    { 20, 25, 20, 0, 19, 125, 33810 },
    { 16, 19, 16, 0, 14, 76, 33935 },
    { 24, 19, 23, 0, 19, 114, 34011 },
    { 20, 14, 19, 0, 14, 70, 34125 },
    { 28, 25, 26, 0, 19, 175, 34195 },
    { 20, 20, 21, 0, 14, 100, 34370 },
    { 24, 20, 22, 0, 19, 120, 34470 },
    { 16, 15, 16, 0, 14, 60, 34590 },
    { 20, 25, 17, 0, 19, 125, 34650 },
    { 12, 20, 13, 0, 14, 60, 34775 },
    { 16, 25, 16, 0, 19, 100, 34835 },
    { 16, 19, 13, 0, 14, 76, 34935 },
    { 20, 19, 17, 0, 19, 95, 35011 },
    { 16, 20, 15, 0, 14, 80, 35106 },
    { 20, 19, 17, 0, 19, 95, 35186 },
    { 16, 20, 15, 0, 14, 80, 35281 },
    { 20, 25, 17, 0, 19, 125, 35361 },
    { 16, 19, 14, 0, 14, 76, 35486 },
    { 24, 25, 22, 0, 19, 150, 35562 },
    { 20, 19, 17, 0, 14, 95, 35712 },
    { 20, 25, 18, 0, 19, 125, 35807 },
    { 16, 19, 14, 0, 14, 76, 35932 },
    { 20, 19, 18, 0, 19, 95, 36008 },
    { 16, 14, 15, 0, 14, 56, 36103 },
    { 20, 19, 17, 0, 19, 95, 36159 },
    { 16, 21, 16, 0, 21, 84, 36254 },
    { 24, 20, 21, -1, 19, 120, 36338 },
    { 20, 15, 16, -1, 14, 75, 36458 },
    { 24, 25, 21, -1, 19, 150, 36533 },
    { 20, 19, 16, -1, 14, 95, 36683 },
    { 12, 19, 9, 0, 19, 57, 36778 },
    { 24, 25, 24, 0, 25, 150, 36835 },
    { 20, 20, 19, 0, 20, 100, 36985 },
    { 20, 25, 17, 0, 19, 125, 37085 },
    { 16, 20, 14, 0, 14, 80, 37210 },
    { 20, 24, 19, 0, 19, 120, 37290 },
    { 16, 19, 16, 0, 14, 76, 37410 },
    { 20, 25, 20, 0, 19, 125, 37486 },
    { 16, 20, 16, 0, 14, 80, 37611 },
    { 20, 24, 20, 0, 19, 120, 37691 },
    { 16, 19, 16, 0, 14, 76, 37811 },
    { 20, 25, 18, 0, 19, 125, 37887 },
    { 16, 19, 14, 0, 14, 76, 38012 },
    { 24, 24, 24, 0, 19, 144, 38088 },
    { 20, 19, 19, 0, 14, 95, 38232 },
    { 8, 20, 8, 0, 20, 40, 38327 },
    { 20, 25, 18, -1, 25, 125, 38367 },
    { 16, 21, 14, 0, 20, 84, 38492 },
    { 20, 25, 18, -1, 25, 125, 38576 },
    { 16, 21, 14, 0, 20, 84, 38701 },
    { 28, 19, 25, -1, 19, 133, 38785 },
    { 20, 15, 19, 0, 14, 75, 38918 },
    { 16, 25, 16, 0, 25, 100, 38993 },
    { 16, 21, 13, 0, 20, 84, 39093 },
    { 20, 20, 18, 0, 19, 100, 39177 },
    { 16, 15, 13, 0, 14, 60, 39277 },
    { 20, 26, 18, 0, 25, 130, 39337 },
    { 16, 21, 13, 0, 20, 84, 39467 },
    { 24, 25, 24, 0, 25, 150, 39551 },
    { 20, 20, 19, 0, 20, 100, 39701 },
    { 16, 26, 15, 0, 25, 104, 39801 },
    { 12, 21, 12, 0, 20, 63, 39905 },
    { 16, 20, 16, 0, 19, 80, 39968 },
    { 16, 21, 14, 0, 14, 84, 40048 },
    { 20, 24, 19, 0, 24, 120, 40132 },
    { 16, 18, 16, 0, 18, 72, 40252 },
    { 20, 25, 19, 0, 25, 125, 40324 },
    { 16, 20, 16, 0, 20, 80, 40449 },
    { 20, 26, 20, 0, 25, 130, 40529 },
    { 16, 21, 15, 0, 20, 84, 40659 },
    { 20, 20, 20, 0, 19, 100, 40743 },
    { 16, 15, 15, 0, 14, 60, 40843 },
    { 20, 26, 20, 0, 25, 130, 40903 },
    { 16, 21, 15, 0, 20, 84, 41033 },
    { 16, 26, 17, 0, 25, 104, 41117 },
    { 12, 21, 12, 0, 20, 63, 41221 },
    { 20, 25, 19, -1, 24, 125, 41284 },
    { 16, 24, 14, 0, 18, 96, 41409 },
    { 20, 26, 19, -1, 25, 130, 41505 },
    { 16, 26, 14, 0, 20, 104, 41635 },
    { 20, 27, 19, -1, 26, 135, 41739 },
    { 16, 27, 14, 0, 21, 108, 41874 },
    { 20, 25, 18, 0, 25, 125, 41982 },
    { 16, 20, 14, 0, 20, 80, 42107 },
    { 16, 25, 14, 0, 19, 100, 42187 },
    { 12, 19, 12, 0, 14, 57, 42287 },
    { 24, 25, 23, 0, 25, 150, 42344 },
    { 20, 20, 19, 0, 20, 100, 42494 },
    { 16, 26, 14, 0, 19, 104, 42594 },
    { 12, 21, 12, 0, 14, 63, 42698 },
    { 20, 25, 17, 0, 19, 125, 42761 },
    { 16, 20, 14, 0, 14, 80, 42886 },
    { 20, 19, 17, 0, 19, 95, 42966 },
    { 16, 14, 14, 0, 14, 56, 43061 },
    { 0, 0, 14, 0, 19, 0, 43117 },
    { 0, 0, 27, 0, 19, 0, 43117 },
    { 0, 0, 14, 0, 19, 0, 43117 },
    { 0, 0, 27, 0, 19, 0, 43117 },
    { 0, 0, 9, 0, 19, 0, 43117 },
    { 0, 0, 6, 0, 19, 0, 43117 },
    { 0, 0, 4, 0, 19, 0, 43117 },
    { 0, 0, 15, 0, 19, 0, 43117 },
    { 0, 0, 8, 0, 19, 0, 43117 },
    { 0, 0, 5, 0, 19, 0, 43117 },
    { 0, 0, 1, 0, 19, 0, 43117 },
    { 0, 0, 1, 0, 19, 0, 43117 },
    { 0, 0, 1, 0, 19, 0, 43117 },
    { 0, 0, 1, 0, 19, 0, 43117 },
    { 0, 0, 1, 0, 19, 0, 43117 },
    { 0, 0, 1, 0, 19, 0, 43117 },
    { 16, 3, 14, -1, 8, 12, 43117 },
    { 32, 3, 27, -1, 8, 24, 43129 },
    { 8, 9, 7, 0, 20, 18, 43153 },
    { 8, 9, 7, 1, 20, 18, 43171 },
    { 8, 9, 7, 1, 4, 18, 43189 },
    { 12, 9, 12, 0, 20, 27, 43207 },
    { 12, 9, 12, 1, 20, 27, 43234 },
    { 12, 9, 12, 1, 4, 27, 43261 },
    { 16, 24, 14, 0, 20, 96, 43288 },
    { 16, 24, 14, 0, 20, 96, 43384 },
    { 8, 7, 8, 0, 13, 14, 43480 },
    { 24, 5, 27, 2, 4, 30, 43494 },
    { 0, 0, 7, 0, 19, 0, 43524 },
    { 0, 0, 7, 0, 19, 0, 43524 },
    { 0, 0, 5, 0, 19, 0, 43524 },
    { 32, 20, 31, 0, 19, 160, 43524 },
    { 8, 14, 7, 0, 14, 28, 43684 },
    { 8, 14, 7, 0, 14, 28, 43712 },
    { 16, 20, 14, -1, 20, 80, 43740 },
    { 0, 0, 1, 0, 19, 0, 43820 },
    { 12, 12, 10, 0, 22, 36, 43820 },
    { 16, 20, 15, -1, 19, 80, 43856 },
    { 16, 21, 14, 0, 20, 84, 43936 },
    { 20, 19, 20, 0, 19, 95, 44020 },
    { 16, 19, 16, 0, 19, 76, 44115 },
    { 20, 3, 27, 5, 10, 15, 44191 },
    { 16, 22, 13, -1, 19, 88, 44206 },
    { 8, 5, 5, 0, 12, 10, 44294 },
    { 16, 20, 16, 0, 20, 80, 44304 },
    { 20, 9, 27, 4, 13, 45, 44384 },
    { 12, 27, 13, 0, 21, 81, 44429 },
    { 20, 10, 27, 5, 13, 50, 44510 },
    { 20, 14, 27, 5, 15, 70, 44560 },
    { 20, 16, 27, 5, 16, 80, 44630 },
    { 20, 16, 27, 5, 16, 80, 44710 },
    { 28, 27, 26, 0, 24, 189, 44790 },
};

static const EpdUnicodeInterval chareink_12_regularIntervals[] = {
    { 0x20, 0x7E, 0 },
    { 0xA0, 0x107, 95 },
    { 0x10A, 0x113, 199 },
    { 0x116, 0x11B, 209 },
    { 0x11E, 0x123, 215 },
    { 0x126, 0x127, 221 },
    { 0x12A, 0x12B, 223 },
    { 0x12E, 0x12F, 225 },
    { 0x131, 0x131, 227 },
    { 0x136, 0x137, 228 },
    { 0x13B, 0x13E, 230 },
    { 0x141, 0x148, 234 },
    { 0x150, 0x155, 242 },
    { 0x158, 0x15B, 248 },
    { 0x15E, 0x165, 252 },
    { 0x16A, 0x16B, 260 },
    { 0x16E, 0x173, 262 },
    { 0x178, 0x17E, 268 },
    { 0x300, 0x304, 275 },
    { 0x306, 0x308, 280 },
    { 0x30A, 0x30C, 283 },
    { 0x326, 0x328, 286 },
    { 0x400, 0x45F, 289 },
    { 0x462, 0x463, 385 },
    { 0x472, 0x475, 387 },
    { 0x48A, 0x4FF, 391 },
    { 0x2000, 0x200F, 509 },
    { 0x2013, 0x2014, 525 },
    { 0x2018, 0x201A, 527 },
    { 0x201C, 0x201E, 530 },
    { 0x2020, 0x2022, 533 },
    { 0x2026, 0x2026, 536 },
    { 0x2028, 0x2029, 537 },
    { 0x202F, 0x2030, 539 },
    { 0x2039, 0x203A, 541 },
    { 0x2044, 0x2044, 543 },
    { 0x2060, 0x2060, 544 },
    { 0x2074, 0x2074, 545 },
    { 0x20AC, 0x20AC, 546 },
    { 0x2202, 0x2202, 547 },
    { 0x220F, 0x220F, 548 },
    { 0x2211, 0x2212, 549 },
    { 0x2215, 0x2215, 551 },
    { 0x2219, 0x221A, 552 },
    { 0x221E, 0x221E, 554 },
    { 0x222B, 0x222B, 555 },
    { 0x2248, 0x2248, 556 },
    { 0x2260, 0x2260, 557 },
    { 0x2264, 0x2265, 558 },
    { 0xFFFD, 0xFFFD, 560 },
};

static const EpdFontData chareink_12_regular = {
    chareink_12_regularBitmaps,
    sizeof(chareink_12_regularBitmaps),
    chareink_12_regularGlyphs,
    chareink_12_regularIntervals,
    50,
    28,
    21,
    7,
    true,
};
