/**
 * generated from the actual data/js/inx_font_pack.js browser output
 * name: chareink_16_regular
 * size: 16
 * mode: 2-bit
 * source: chareink Regular; fontconvert.py row set
 * glyphs: 561 (web UI raster rows; compact reader profile)
 */
#pragma once
#include "EpdFontData.h"

static const uint8_t chareink_16_regularBitmaps[75170] = {
    0x00, 0x00, 0x2F, 0x80, 0x3F, 0xC0, 0x3F, 0xC0, 0x3F, 0xC0, 0x3F, 0xC0, 0x3F, 0xC0, 0x3F, 0xC0,
    0x3F, 0xC0, 0x2F, 0xC0, 0x2F, 0xC0, 0x2F, 0x80, 0x2F, 0x80, 0x0F, 0x80, 0x0F, 0x80, 0x0F, 0x40,
    0x0F, 0x00, 0x0F, 0x00, 0x0F, 0x00, 0x06, 0x00, 0x00, 0x00, 0x00, 0x00, 0x2F, 0xC0, 0x3F, 0xC0,
    0x3F, 0xC0, 0x2F, 0xC0, 0x00, 0x00, 0x3C, 0x03, 0xC0, 0xBE, 0x0B, 0xE0, 0xBE, 0x0B, 0xE0, 0x3E,
    0x0B, 0xC0, 0x3C, 0x03, 0xC0, 0x3C, 0x03, 0xC0, 0x3C, 0x03, 0xC0, 0x2C, 0x03, 0x80, 0x2C, 0x03,
    0x80, 0x28, 0x02, 0x80, 0x04, 0x02, 0x00, 0x00, 0x00, 0x02, 0x00, 0x09, 0x00, 0x00, 0x00, 0x03,
    0xC0, 0x0F, 0x00, 0x00, 0x00, 0x0B, 0x80, 0x2F, 0x00, 0x00, 0x00, 0x0F, 0x00, 0x3E, 0x00, 0x00,
    0x00, 0x0F, 0x00, 0x3C, 0x00, 0x00, 0x00, 0x2E, 0x00, 0xBC, 0x00, 0x00, 0x00, 0x3C, 0x00, 0xF8,
    0x00, 0x00, 0x00, 0x7C, 0x00, 0xF0, 0x00, 0x00, 0x00, 0xB8, 0x02, 0xF0, 0x00, 0x0F, 0xFF, 0xFF,
    0xFF, 0xFF, 0xF8, 0x0F, 0xFF, 0xFF, 0xFF, 0xFF, 0xF8, 0x00, 0x02, 0xE0, 0x0B, 0x80, 0x00, 0x00,
    0x03, 0xC0, 0x0F, 0x40, 0x00, 0x00, 0x07, 0xC0, 0x0F, 0x00, 0x00, 0x00, 0x0B, 0x80, 0x2E, 0x00,
    0x00, 0x00, 0x0F, 0x80, 0x3E, 0x00, 0x00, 0xFF, 0xFF, 0xFF, 0xFF, 0xFF, 0xC0, 0xAA, 0xBF, 0xAA,
    0xFE, 0xAA, 0x80, 0x00, 0x3C, 0x00, 0xF0, 0x00, 0x00, 0x00, 0x7C, 0x00, 0xF0, 0x00, 0x00, 0x00,
    0xF8, 0x02, 0xE0, 0x00, 0x00, 0x00, 0xF0, 0x03, 0xC0, 0x00, 0x00, 0x02, 0xF0, 0x03, 0xC0, 0x00,
    0x00, 0x03, 0xD0, 0x0B, 0x80, 0x00, 0x00, 0x03, 0xC0, 0x0F, 0x00, 0x00, 0x00, 0x0B, 0x80, 0x0F,
    0x00, 0x00, 0x00, 0x02, 0x00, 0x0A, 0x00, 0x00, 0x00, 0x00, 0x00, 0x00, 0x00, 0x00, 0x00, 0x00,
    0xB0, 0x00, 0x00, 0x00, 0x00, 0xB0, 0x00, 0x00, 0x00, 0x00, 0xB8, 0x00, 0x00, 0x00, 0x1F, 0xFF,
    0xFE, 0x00, 0x00, 0xFF, 0xFA, 0xFF, 0x00, 0x03, 0xF8, 0xB0, 0x2F, 0x00, 0x0B, 0xF0, 0xB0, 0x0F,
    0x00, 0x0F, 0xC0, 0xB0, 0x0F, 0x00, 0x0F, 0xC0, 0xB0, 0x0F, 0x00, 0x1F, 0xC0, 0xB0, 0x00, 0x00,
    0x0F, 0xE0, 0xB0, 0x00, 0x00, 0x0F, 0xF8, 0xB0, 0x00, 0x00, 0x0B, 0xFF, 0xF0, 0x00, 0x00, 0x03,
    0xFF, 0xFE, 0x00, 0x00, 0x00, 0xBF, 0xFF, 0xF0, 0x00, 0x00, 0x0B, 0xFF, 0xFE, 0x00, 0x00, 0x00,
    0xBF, 0xFF, 0x00, 0x00, 0x00, 0xB0, 0xFF, 0xC0, 0x00, 0x00, 0xB0, 0x3F, 0xC0, 0x00, 0x00, 0xB0,
    0x1F, 0xC0, 0x3C, 0x00, 0xB0, 0x0F, 0xC0, 0x3C, 0x00, 0xB0, 0x0F, 0xC0, 0x3D, 0x00, 0xB0, 0x2F,
    0x80, 0x3E, 0x00, 0xB0, 0x7F, 0x00, 0x3F, 0x90, 0xFA, 0xFC, 0x00, 0x3F, 0xFF, 0xFF, 0xF0, 0x00,
    0x02, 0xAF, 0xFE, 0x00, 0x00, 0x00, 0x00, 0xB0, 0x00, 0x00, 0x00, 0x00, 0xB0, 0x00, 0x00, 0x00,
    0x00, 0xB0, 0x00, 0x00, 0x00, 0x00, 0xA0, 0x00, 0x00, 0x00, 0x00, 0x00, 0x00, 0x00, 0x00, 0x00,
    0x00, 0x02, 0xFE, 0x00, 0x00, 0x00, 0x14, 0x00, 0x00, 0x0F, 0xEF, 0xC0, 0x00, 0x00, 0xBC, 0x00,
    0x00, 0x2F, 0x02, 0xF0, 0x00, 0x00, 0xF0, 0x00, 0x00, 0x3E, 0x00, 0xF8, 0x00, 0x03, 0xE0, 0x00,
    0x00, 0xBC, 0x00, 0xFC, 0x00, 0x0B, 0xC0, 0x00, 0x00, 0xBC, 0x00, 0xFC, 0x00, 0x0F, 0x40, 0x00,
    0x00, 0xFC, 0x00, 0xBC, 0x00, 0x3E, 0x00, 0x00, 0x00, 0xFC, 0x00, 0xBC, 0x00, 0xBC, 0x00, 0x00,
    0x00, 0xFC, 0x00, 0xBC, 0x00, 0xF8, 0x00, 0x00, 0x00, 0xFC, 0x00, 0xFC, 0x02, 0xF0, 0x00, 0x00,
    0x00, 0xBC, 0x00, 0xFC, 0x03, 0xC0, 0x2A, 0x80, 0x00, 0x3E, 0x00, 0xF8, 0x0F, 0x80, 0xFF, 0xF8,
    0x00, 0x3F, 0x02, 0xF0, 0x2F, 0x03, 0xF0, 0x3E, 0x00, 0x0F, 0x8B, 0xE0, 0x3C, 0x0B, 0xC0, 0x2F,
    0x00, 0x03, 0xFF, 0x80, 0xF8, 0x0F, 0xC0, 0x2F, 0x80, 0x00, 0x00, 0x02, 0xF0, 0x0F, 0x80, 0x0F,
    0x80, 0x00, 0x00, 0x03, 0xE0, 0x0F, 0x80, 0x0F, 0xC0, 0x00, 0x00, 0x0F, 0xC0, 0x0F, 0x80, 0x0F,
    0xC0, 0x00, 0x00, 0x1F, 0x00, 0x0F, 0x80, 0x0F, 0xC0, 0x00, 0x00, 0x3E, 0x00, 0x0F, 0x80, 0x0F,
    0xC0, 0x00, 0x00, 0xBC, 0x00, 0x0F, 0xC0, 0x0F, 0x80, 0x00, 0x00, 0xF0, 0x00, 0x0F, 0xC0, 0x2F,
    0x40, 0x00, 0x03, 0xE0, 0x00, 0x07, 0xD0, 0x3F, 0x00, 0x00, 0x0B, 0xC0, 0x00, 0x03, 0xF0, 0xBD,
    0x00, 0x00, 0x0F, 0x40, 0x00, 0x00, 0xBF, 0xF8, 0x00, 0x00, 0x00, 0x00, 0x00, 0x00, 0x06, 0x00,
    0x00, 0x00, 0x0A, 0xFA, 0x00, 0x00, 0x00, 0x00, 0xBF, 0xFF, 0xE0, 0x00, 0x00, 0x02, 0xFD, 0x0B,
    0xF4, 0x00, 0x00, 0x03, 0xF0, 0x03, 0xFC, 0x00, 0x00, 0x0B, 0xE0, 0x00, 0xFC, 0x00, 0x00, 0x0F,
    0xE0, 0x00, 0xFE, 0x00, 0x00, 0x0F, 0xE0, 0x00, 0xFD, 0x00, 0x00, 0x0B, 0xF0, 0x00, 0xFC, 0x00,
    0x00, 0x0B, 0xFC, 0x03, 0xFC, 0x00, 0x00, 0x03, 0xFE, 0x0B, 0xF0, 0x00, 0x00, 0x00, 0xFF, 0xFF,
    0xC0, 0x00, 0x00, 0x00, 0x7F, 0xFC, 0x00, 0x00, 0x00, 0x01, 0xFF, 0xFC, 0x02, 0xFF, 0xFC, 0x0B,
    0xF7, 0xFE, 0x00, 0xAF, 0xE8, 0x2F, 0xC0, 0xFF, 0x80, 0x0F, 0x00, 0x3F, 0x80, 0x3F, 0xE0, 0x0F,
    0x00, 0xBF, 0x00, 0x0F, 0xF8, 0x3D, 0x00, 0xBF, 0x00, 0x03, 0xFD, 0x7C, 0x00, 0xBF, 0x00, 0x01,
    0xFF, 0xF0, 0x00, 0xBF, 0x80, 0x00, 0xBF, 0xE0, 0x00, 0x3F, 0xC0, 0x00, 0x2F, 0xF0, 0x00, 0x3F,
    0xF0, 0x00, 0x3F, 0xFC, 0x00, 0x0F, 0xFE, 0x02, 0xFE, 0xFF, 0x00, 0x03, 0xFF, 0xFF, 0xE0, 0xFF,
    0xFE, 0x00, 0xBF, 0xFE, 0x00, 0x3F, 0xFE, 0x00, 0x00, 0x00, 0x00, 0x00, 0x00, 0x3C, 0xBE, 0xBE,
    0x3E, 0x3C, 0x3C, 0x3C, 0x2C, 0x2C, 0x28, 0x04, 0x00, 0x00, 0x00, 0x00, 0x00, 0x6E, 0x00, 0x07,
    0xFC, 0x00, 0x2F, 0xC0, 0x00, 0xBF, 0x00, 0x00, 0xFC, 0x00, 0x03, 0xF0, 0x00, 0x03, 0xF0, 0x00,
    0x0F, 0xE0, 0x00, 0x0F, 0xC0, 0x00, 0x0F, 0xC0, 0x00, 0x2F, 0xC0, 0x00, 0x2F, 0xC0, 0x00, 0x3F,
    0x80, 0x00, 0x3F, 0x80, 0x00, 0x3F, 0x80, 0x00, 0x3F, 0x80, 0x00, 0x3F, 0x80, 0x00, 0x3F, 0x80,
    0x00, 0x3F, 0x80, 0x00, 0x2F, 0xC0, 0x00, 0x2F, 0xC0, 0x00, 0x0F, 0xC0, 0x00, 0x0F, 0xC0, 0x00,
    0x0F, 0xE0, 0x00, 0x03, 0xF0, 0x00, 0x03, 0xF4, 0x00, 0x00, 0xFC, 0x00, 0x00, 0xBF, 0x00, 0x00,
    0x2F, 0xD0, 0x00, 0x07, 0xFC, 0x00, 0x00, 0x6E, 0x00, 0x00, 0x00, 0x00, 0x00, 0x00, 0xF8, 0x00,
    0x00, 0xFF, 0x80, 0x00, 0x0B, 0xF0, 0x00, 0x00, 0xFC, 0x00, 0x00, 0xBF, 0x00, 0x00, 0x3F, 0x80,
    0x00, 0x0F, 0xC0, 0x00, 0x0F, 0xC0, 0x00, 0x0B, 0xE0, 0x00, 0x0B, 0xF0, 0x00, 0x07, 0xF0, 0x00,
    0x03, 0xF0, 0x00, 0x03, 0xF4, 0x00, 0x03, 0xF8, 0x00, 0x03, 0xF8, 0x00, 0x03, 0xF8, 0x00, 0x03,
    0xF8, 0x00, 0x03, 0xF8, 0x00, 0x03, 0xF4, 0x00, 0x03, 0xF0, 0x00, 0x07, 0xF0, 0x00, 0x0B, 0xF0,
    0x00, 0x0B, 0xE0, 0x00, 0x0F, 0xC0, 0x00, 0x1F, 0xC0, 0x00, 0x3F, 0x80, 0x00, 0xBF, 0x00, 0x01,
    0xFC, 0x00, 0x0B, 0xF0, 0x00, 0xFF, 0x80, 0x00, 0xF8, 0x00, 0x00, 0x00, 0x00, 0x00, 0x00, 0x00,
    0x00, 0x00, 0x00, 0x02, 0x80, 0x00, 0x00, 0x03, 0xC0, 0x00, 0x00, 0x0B, 0xE0, 0x00, 0x00, 0x03,
    0xC0, 0x00, 0x02, 0x03, 0xC0, 0x80, 0x3F, 0xC2, 0x83, 0xFC, 0x0F, 0xFA, 0xAF, 0xF0, 0x02, 0xA8,
    0x2A, 0x80, 0x00, 0x07, 0xD0, 0x00, 0x00, 0x2E, 0xB8, 0x00, 0x00, 0xBC, 0x3E, 0x00, 0x01, 0xFC,
    0x3F, 0x40, 0x01, 0xF4, 0x1F, 0x40, 0x00, 0x80, 0x02, 0x00, 0x00, 0x00, 0x0F, 0x00, 0x00, 0x00,
    0x00, 0x00, 0x0F, 0x00, 0x00, 0x00, 0x00, 0x00, 0x0F, 0x00, 0x00, 0x00, 0x00, 0x00, 0x0F, 0x00,
    0x00, 0x00, 0x00, 0x00, 0x0F, 0x00, 0x00, 0x00, 0x00, 0x00, 0x0F, 0x00, 0x00, 0x00, 0x00, 0x00,
    0x0F, 0x00, 0x00, 0x00, 0x00, 0x00, 0x0F, 0x00, 0x00, 0x00, 0x00, 0x00, 0x0F, 0x00, 0x00, 0x00,
    0x00, 0x00, 0x0F, 0x00, 0x00, 0x00, 0xFF, 0xFF, 0xFF, 0xFF, 0xFF, 0xF0, 0xFF, 0xFF, 0xFF, 0xFF,
    0xFF, 0xF0, 0x00, 0x00, 0x1F, 0x40, 0x00, 0x00, 0x00, 0x00, 0x0F, 0x00, 0x00, 0x00, 0x00, 0x00,
    0x0F, 0x00, 0x00, 0x00, 0x00, 0x00, 0x0F, 0x00, 0x00, 0x00, 0x00, 0x00, 0x0F, 0x00, 0x00, 0x00,
    0x00, 0x00, 0x0F, 0x00, 0x00, 0x00, 0x00, 0x00, 0x0F, 0x00, 0x00, 0x00, 0x00, 0x00, 0x0F, 0x00,
    0x00, 0x00, 0x00, 0x00, 0x0F, 0x00, 0x00, 0x00, 0x00, 0x00, 0x0F, 0x00, 0x00, 0x00, 0x06, 0x40,
    0x2F, 0xE0, 0x3F, 0xF0, 0x3F, 0xF4, 0x0A, 0xF8, 0x00, 0xF4, 0x00, 0xF0, 0x02, 0xF0, 0x0B, 0xC0,
    0xBF, 0x00, 0xF8, 0x00, 0x00, 0x00, 0x00, 0x00, 0x00, 0xBF, 0xFF, 0xC0, 0xBF, 0xFF, 0xC0, 0x2A,
    0xAA, 0x80, 0x0A, 0x00, 0xBF, 0x80, 0xFF, 0xC0, 0xFF, 0xC0, 0x3F, 0x80, 0x00, 0x00, 0x00, 0x00,
    0x00, 0x00, 0x10, 0x00, 0x00, 0x00, 0x00, 0xF0, 0x00, 0x00, 0x00, 0x03, 0xF0, 0x00, 0x00, 0x00,
    0x07, 0xC0, 0x00, 0x00, 0x00, 0x0F, 0x80, 0x00, 0x00, 0x00, 0x2F, 0x00, 0x00, 0x00, 0x00, 0x3E,
    0x00, 0x00, 0x00, 0x00, 0xBC, 0x00, 0x00, 0x00, 0x00, 0xF8, 0x00, 0x00, 0x00, 0x02, 0xF0, 0x00,
    0x00, 0x00, 0x03, 0xC0, 0x00, 0x00, 0x00, 0x0F, 0xC0, 0x00, 0x00, 0x00, 0x1F, 0x00, 0x00, 0x00,
    0x00, 0x3E, 0x00, 0x00, 0x00, 0x00, 0xBC, 0x00, 0x00, 0x00, 0x00, 0xF8, 0x00, 0x00, 0x00, 0x02,
    0xF0, 0x00, 0x00, 0x00, 0x03, 0xD0, 0x00, 0x00, 0x00, 0x0B, 0xC0, 0x00, 0x00, 0x00, 0x0F, 0x00,
    0x00, 0x00, 0x00, 0x3E, 0x00, 0x00, 0x00, 0x00, 0x7C, 0x00, 0x00, 0x00, 0x00, 0xF8, 0x00, 0x00,
    0x00, 0x02, 0xF0, 0x00, 0x00, 0x00, 0x03, 0xE0, 0x00, 0x00, 0x00, 0x0B, 0xC0, 0x00, 0x00, 0x00,
    0x0F, 0x40, 0x00, 0x00, 0x00, 0x3F, 0x00, 0x00, 0x00, 0x00, 0x00, 0x00, 0x00, 0x00, 0x00, 0x00,
    0x00, 0x00, 0x00, 0x00, 0x00, 0x0B, 0xFE, 0x00, 0x00, 0x00, 0xBF, 0xFF, 0xE0, 0x00, 0x02, 0xFE,
    0x07, 0xFC, 0x00, 0x03, 0xF4, 0x00, 0xFE, 0x00, 0x0F, 0xF0, 0x00, 0xBF, 0x00, 0x0F, 0xC0, 0x00,
    0x3F, 0x80, 0x2F, 0xC0, 0x00, 0x3F, 0xC0, 0x3F, 0xC0, 0x00, 0x2F, 0xC0, 0x3F, 0x80, 0x00, 0x1F,
    0xE0, 0x7F, 0x80, 0x00, 0x0F, 0xE0, 0xBF, 0x80, 0x00, 0x0F, 0xF0, 0xBF, 0x40, 0x00, 0x0F, 0xF0,
    0xBF, 0x00, 0x00, 0x0F, 0xF0, 0xBF, 0x00, 0x00, 0x0F, 0xF0, 0xBF, 0x40, 0x00, 0x0F, 0xF0, 0xBF,
    0x80, 0x00, 0x0F, 0xE0, 0x3F, 0x80, 0x00, 0x0F, 0xE0, 0x3F, 0x80, 0x00, 0x2F, 0xD0, 0x3F, 0xC0,
    0x00, 0x2F, 0xC0, 0x2F, 0xC0, 0x00, 0x3F, 0xC0, 0x0F, 0xE0, 0x00, 0x3F, 0x40, 0x0B, 0xF0, 0x00,
    0xFF, 0x00, 0x03, 0xFC, 0x02, 0xFC, 0x00, 0x00, 0xFF, 0xAF, 0xF0, 0x00, 0x00, 0x2F, 0xFF, 0xC0,
    0x00, 0x00, 0x00, 0xA0, 0x00, 0x00, 0x00, 0x00, 0x00, 0x00, 0x00, 0x06, 0xF0, 0x00, 0x02, 0xFF,
    0xF0, 0x00, 0x3F, 0xFF, 0xF0, 0x00, 0x3F, 0x9F, 0xF0, 0x00, 0x00, 0x0F, 0xF0, 0x00, 0x00, 0x0F,
    0xF0, 0x00, 0x00, 0x0F, 0xF0, 0x00, 0x00, 0x0F, 0xF0, 0x00, 0x00, 0x0F, 0xF0, 0x00, 0x00, 0x0F,
    0xF0, 0x00, 0x00, 0x0F, 0xF0, 0x00, 0x00, 0x0F, 0xF0, 0x00, 0x00, 0x0F, 0xF0, 0x00, 0x00, 0x0F,
    0xF0, 0x00, 0x00, 0x0F, 0xF0, 0x00, 0x00, 0x0F, 0xF0, 0x00, 0x00, 0x0F, 0xF0, 0x00, 0x00, 0x0F,
    0xF0, 0x00, 0x00, 0x0F, 0xF0, 0x00, 0x00, 0x0F, 0xF0, 0x00, 0x00, 0x0F, 0xF0, 0x00, 0x00, 0x0F,
    0xF0, 0x00, 0x00, 0x0F, 0xF0, 0x00, 0x0F, 0xFF, 0xFF, 0xF0, 0x0F, 0xFF, 0xFF, 0xF0, 0x00, 0x00,
    0x00, 0x00, 0x00, 0x00, 0x1B, 0xFE, 0x40, 0x00, 0x01, 0xFF, 0xFF, 0xF0, 0x00, 0x0B, 0xF8, 0x1F,
    0xFE, 0x00, 0x0F, 0xC0, 0x02, 0xFF, 0x00, 0x2F, 0xC0, 0x00, 0xBF, 0x80, 0x3F, 0xC0, 0x00, 0x3F,
    0xC0, 0x2F, 0xC0, 0x00, 0x3F, 0xC0, 0x0A, 0x80, 0x00, 0x3F, 0xC0, 0x00, 0x00, 0x00, 0x3F, 0xC0,
    0x00, 0x00, 0x00, 0x3F, 0xC0, 0x00, 0x00, 0x00, 0xBF, 0x40, 0x00, 0x00, 0x00, 0xFF, 0x00, 0x00,
    0x00, 0x02, 0xFC, 0x00, 0x00, 0x00, 0x0B, 0xF0, 0x00, 0x00, 0x00, 0x2F, 0xD0, 0x00, 0x00, 0x00,
    0xBF, 0x00, 0x00, 0x00, 0x02, 0xFC, 0x00, 0x00, 0x00, 0x0B, 0xF0, 0x00, 0x00, 0x00, 0x2F, 0xC0,
    0x00, 0x00, 0x00, 0xFE, 0x00, 0x02, 0xE0, 0x03, 0xF8, 0x00, 0x02, 0xE0, 0x1F, 0xE0, 0x00, 0x03,
    0xE0, 0x3F, 0xFF, 0xFF, 0xFF, 0xE0, 0x7F, 0xFF, 0xFF, 0xFF, 0xE0, 0x7F, 0xFF, 0xFF, 0xFF, 0xE0,
    0x00, 0x00, 0x00, 0x00, 0x00, 0x00, 0x0B, 0xFE, 0x40, 0x00, 0x01, 0xFF, 0xFF, 0xF0, 0x00, 0x0B,
    0xF8, 0x1F, 0xFD, 0x00, 0x0F, 0xC0, 0x02, 0xFF, 0x00, 0x2F, 0xC0, 0x00, 0xBF, 0x80, 0x2F, 0xC0,
    0x00, 0x3F, 0x80, 0x0F, 0xC0, 0x00, 0x3F, 0x80, 0x00, 0x00, 0x00, 0x3F, 0x80, 0x00, 0x00, 0x00,
    0xBF, 0x00, 0x00, 0x00, 0x00, 0xFE, 0x00, 0x00, 0x00, 0x0B, 0xF8, 0x00, 0x00, 0x0A, 0xFF, 0x80,
    0x00, 0x00, 0x0F, 0xFF, 0xA0, 0x00, 0x00, 0x0A, 0xAF, 0xFE, 0x00, 0x00, 0x00, 0x00, 0xFF, 0x80,
    0x00, 0x00, 0x00, 0x3F, 0xC0, 0x00, 0x00, 0x00, 0x2F, 0xE0, 0x00, 0x00, 0x00, 0x0F, 0xE0, 0x00,
    0x00, 0x00, 0x0F, 0xE0, 0x2F, 0x00, 0x00, 0x2F, 0xE0, 0x3F, 0x80, 0x00, 0x3F, 0xC0, 0x3F, 0xC0,
    0x00, 0xBF, 0x80, 0x3F, 0xC0, 0x02, 0xFF, 0x00, 0x0F, 0xFE, 0xAF, 0xF8, 0x00, 0x02, 0xFF, 0xFF,
    0x80, 0x00, 0x00, 0x06, 0x90, 0x00, 0x00, 0x00, 0x00, 0x00, 0x00, 0x00, 0x00, 0x00, 0x00, 0xFC,
    0x00, 0x00, 0x00, 0x03, 0xFC, 0x00, 0x00, 0x00, 0x0F, 0xFC, 0x00, 0x00, 0x00, 0x2F, 0xFC, 0x00,
    0x00, 0x00, 0x3F, 0xFC, 0x00, 0x00, 0x00, 0xFF, 0xFC, 0x00, 0x00, 0x03, 0xF2, 0xFC, 0x00, 0x00,
    0x0B, 0xE2, 0xFC, 0x00, 0x00, 0x2F, 0x82, 0xFC, 0x00, 0x00, 0x3F, 0x02, 0xFC, 0x00, 0x00, 0xFC,
    0x02, 0xFC, 0x00, 0x03, 0xF0, 0x02, 0xFC, 0x00, 0x0B, 0xE0, 0x02, 0xFC, 0x00, 0x1F, 0xC0, 0x02,
    0xFC, 0x00, 0x3F, 0x00, 0x02, 0xFC, 0x00, 0xBF, 0xFF, 0xFF, 0xFF, 0xF0, 0xBF, 0xFF, 0xFF, 0xFF,
    0xF0, 0xAA, 0xAA, 0xAB, 0xFE, 0xA0, 0x00, 0x00, 0x02, 0xFC, 0x00, 0x00, 0x00, 0x02, 0xFC, 0x00,
    0x00, 0x00, 0x02, 0xFC, 0x00, 0x00, 0x00, 0x02, 0xFC, 0x00, 0x00, 0x00, 0x02, 0xFC, 0x00, 0x00,
    0x00, 0x02, 0xFC, 0x00, 0x00, 0x00, 0x02, 0xFC, 0x00, 0x00, 0x00, 0x00, 0xA8, 0x00, 0x05, 0x55,
    0x55, 0x55, 0x00, 0x0F, 0xFF, 0xFF, 0xFF, 0x00, 0x0F, 0xFF, 0xFF, 0xFF, 0x00, 0x0F, 0xFF, 0xFF,
    0xFF, 0x00, 0x0F, 0x80, 0x00, 0x00, 0x00, 0x0F, 0x80, 0x00, 0x00, 0x00, 0x0F, 0x80, 0x00, 0x00,
    0x00, 0x0F, 0x80, 0x00, 0x00, 0x00, 0x0F, 0x80, 0x00, 0x00, 0x00, 0x0F, 0x80, 0x20, 0x00, 0x00,
    0x0F, 0xFF, 0xFF, 0xE0, 0x00, 0x0F, 0xFF, 0xFF, 0xFE, 0x00, 0x0F, 0x80, 0x0B, 0xFF, 0x40, 0x00,
    0x00, 0x00, 0xFF, 0xC0, 0x00, 0x00, 0x00, 0x3F, 0xC0, 0x00, 0x00, 0x00, 0x2F, 0xE0, 0x00, 0x00,
    0x00, 0x0F, 0xE0, 0x00, 0x00, 0x00, 0x0F, 0xE0, 0x00, 0x00, 0x00, 0x0F, 0xE0, 0x2F, 0x00, 0x00,
    0x2F, 0xC0, 0x3F, 0x80, 0x00, 0x3F, 0xC0, 0x7F, 0xC0, 0x00, 0xBF, 0x80, 0x3F, 0xE0, 0x02, 0xFE,
    0x00, 0x0F, 0xFE, 0xAF, 0xF8, 0x00, 0x02, 0xFF, 0xFF, 0x80, 0x00, 0x00, 0x0A, 0x80, 0x00, 0x00,
    0x00, 0x00, 0x0A, 0xFC, 0x00, 0x00, 0x01, 0xFF, 0xFC, 0x00, 0x00, 0x0F, 0xFE, 0x94, 0x00, 0x00,
    0x3F, 0xE0, 0x00, 0x00, 0x00, 0xFF, 0x00, 0x00, 0x00, 0x03, 0xFC, 0x00, 0x00, 0x00, 0x0B, 0xF0,
    0x00, 0x00, 0x00, 0x0F, 0xE0, 0x00, 0x00, 0x00, 0x2F, 0xC0, 0x00, 0x00, 0x00, 0x3F, 0xC2, 0xFF,
    0x80, 0x00, 0x3F, 0xAF, 0xFF, 0xFC, 0x00, 0x7F, 0xFF, 0xAF, 0xFF, 0x00, 0xBF, 0xE0, 0x00, 0xFF,
    0xC0, 0xBF, 0x40, 0x00, 0x3F, 0xC0, 0xBF, 0x00, 0x00, 0x2F, 0xE0, 0xBF, 0x00, 0x00, 0x0F, 0xF0,
    0xBF, 0x00, 0x00, 0x0F, 0xF0, 0x7F, 0x40, 0x00, 0x0F, 0xF0, 0x3F, 0x80, 0x00, 0x0F, 0xE0, 0x3F,
    0xC0, 0x00, 0x0F, 0xE0, 0x2F, 0xC0, 0x00, 0x2F, 0xC0, 0x0F, 0xE0, 0x00, 0x3F, 0x80, 0x0B, 0xF8,
    0x00, 0xFF, 0x00, 0x02, 0xFF, 0xAF, 0xF8, 0x00, 0x00, 0x3F, 0xFF, 0xD0, 0x00, 0x00, 0x00, 0xA0,
    0x00, 0x00, 0x15, 0x55, 0x55, 0x55, 0x40, 0xFF, 0xFF, 0xFF, 0xFF, 0xE0, 0xFF, 0xFF, 0xFF, 0xFF,
    0xE0, 0xFF, 0xFF, 0xFF, 0xFF, 0xC0, 0xF8, 0x00, 0x00, 0x3F, 0x80, 0xF4, 0x00, 0x00, 0x7F, 0x00,
    0xF0, 0x00, 0x00, 0xFE, 0x00, 0x00, 0x00, 0x02, 0xFC, 0x00, 0x00, 0x00, 0x03, 0xF4, 0x00, 0x00,
    0x00, 0x0B, 0xF0, 0x00, 0x00, 0x00, 0x0F, 0xC0, 0x00, 0x00, 0x00, 0x2F, 0xC0, 0x00, 0x00, 0x00,
    0x3F, 0x00, 0x00, 0x00, 0x00, 0xFE, 0x00, 0x00, 0x00, 0x00, 0xFC, 0x00, 0x00, 0x00, 0x03, 0xF8,
    0x00, 0x00, 0x00, 0x07, 0xF0, 0x00, 0x00, 0x00, 0x0F, 0xE0, 0x00, 0x00, 0x00, 0x2F, 0xC0, 0x00,
    0x00, 0x00, 0x3F, 0x40, 0x00, 0x00, 0x00, 0xBF, 0x00, 0x00, 0x00, 0x00, 0xFC, 0x00, 0x00, 0x00,
    0x02, 0xFC, 0x00, 0x00, 0x00, 0x03, 0xF0, 0x00, 0x00, 0x00, 0x0F, 0xF0, 0x00, 0x00, 0x00, 0x0A,
    0x80, 0x00, 0x00, 0x00, 0x00, 0x00, 0x00, 0x00, 0x00, 0x00, 0x0B, 0xFE, 0x40, 0x00, 0x00, 0xFF,
    0xFF, 0xF0, 0x00, 0x03, 0xFD, 0x03, 0xFD, 0x00, 0x0F, 0xF0, 0x00, 0xFF, 0x00, 0x0F, 0xE0, 0x00,
    0x3F, 0x80, 0x2F, 0xC0, 0x00, 0x3F, 0xC0, 0x2F, 0xC0, 0x00, 0x2F, 0xC0, 0x2F, 0xE0, 0x00, 0x2F,
    0xC0, 0x2F, 0xF0, 0x00, 0x3F, 0x80, 0x0F, 0xFD, 0x00, 0xBF, 0x00, 0x03, 0xFF, 0xC1, 0xFC, 0x00,
    0x00, 0xFF, 0xFF, 0xE0, 0x00, 0x00, 0x3F, 0xFF, 0xE0, 0x00, 0x02, 0xFA, 0xFF, 0xFD, 0x00, 0x0F,
    0xE0, 0x0B, 0xFF, 0x80, 0x3F, 0x80, 0x00, 0xFF, 0xC0, 0x3F, 0x00, 0x00, 0x3F, 0xE0, 0xBF, 0x00,
    0x00, 0x0F, 0xF0, 0xBF, 0x00, 0x00, 0x0F, 0xF0, 0xBF, 0x00, 0x00, 0x0F, 0xE0, 0x3F, 0x80, 0x00,
    0x0F, 0xE0, 0x3F, 0xC0, 0x00, 0x3F, 0xC0, 0x0F, 0xF0, 0x00, 0xFF, 0x00, 0x03, 0xFF, 0xAF, 0xFD,
    0x00, 0x00, 0xBF, 0xFF, 0xE0, 0x00, 0x00, 0x01, 0xA4, 0x00, 0x00, 0x00, 0x00, 0x00, 0x00, 0x00,
    0x00, 0x0B, 0xFE, 0x00, 0x00, 0x00, 0xBF, 0xFF, 0xF0, 0x00, 0x03, 0xFD, 0x03, 0xFC, 0x00, 0x0F,
    0xF0, 0x00, 0xFF, 0x00, 0x2F, 0xC0, 0x00, 0x3F, 0x80, 0x3F, 0x80, 0x00, 0x3F, 0xC0, 0x3F, 0x40,
    0x00, 0x2F, 0xC0, 0xBF, 0x00, 0x00, 0x0F, 0xE0, 0xBF, 0x00, 0x00, 0x0F, 0xE0, 0xBF, 0x00, 0x00,
    0x0F, 0xF0, 0xBF, 0x80, 0x00, 0x0F, 0xF0, 0x3F, 0xC0, 0x00, 0x0F, 0xF0, 0x3F, 0xE0, 0x00, 0x2F,
    0xF0, 0x0F, 0xFC, 0x02, 0xFF, 0xE0, 0x0B, 0xFF, 0xFF, 0xFF, 0xE0, 0x00, 0xFF, 0xFF, 0x2F, 0xD0,
    0x00, 0x02, 0x90, 0x2F, 0xC0, 0x00, 0x00, 0x00, 0x3F, 0x80, 0x00, 0x00, 0x00, 0xBF, 0x00, 0x00,
    0x00, 0x00, 0xFE, 0x00, 0x00, 0x00, 0x03, 0xFC, 0x00, 0x00, 0x00, 0x1F, 0xF0, 0x00, 0x00, 0x00,
    0xFF, 0xC0, 0x00, 0x02, 0xFF, 0xFE, 0x00, 0x00, 0x02, 0xFF, 0xE0, 0x00, 0x00, 0x00, 0x90, 0x00,
    0x00, 0x00, 0x00, 0x00, 0x3F, 0x00, 0xBF, 0xC0, 0xFF, 0xC0, 0xBF, 0xC0, 0x2F, 0x00, 0x00, 0x00,
    0x00, 0x00, 0x00, 0x00, 0x00, 0x00, 0x00, 0x00, 0x00, 0x00, 0x00, 0x00, 0x00, 0x00, 0x0A, 0x00,
    0xBF, 0x80, 0xFF, 0xC0, 0xFF, 0xC0, 0x3F, 0x80, 0x00, 0x00, 0x00, 0x00, 0x0F, 0xC0, 0x2F, 0xF0,
    0x3F, 0xF0, 0x2F, 0xF0, 0x0B, 0xC0, 0x00, 0x00, 0x00, 0x00, 0x00, 0x00, 0x00, 0x00, 0x00, 0x00,
    0x00, 0x00, 0x00, 0x00, 0x00, 0x00, 0x06, 0x40, 0x2F, 0xE0, 0x3F, 0xF0, 0x3F, 0xF4, 0x0A, 0xF8,
    0x00, 0xF4, 0x00, 0xF0, 0x02, 0xF0, 0x0B, 0xC0, 0xBF, 0x00, 0xF8, 0x00, 0x00, 0x00, 0x00, 0x00,
    0x00, 0x00, 0x00, 0x00, 0x00, 0x00, 0x00, 0x00, 0x02, 0xF0, 0x00, 0x00, 0x00, 0x00, 0xBF, 0xF0,
    0x00, 0x00, 0x00, 0x0B, 0xFF, 0x80, 0x00, 0x00, 0x02, 0xFF, 0xE0, 0x00, 0x00, 0x00, 0x7F, 0xF8,
    0x00, 0x00, 0x00, 0x0B, 0xFF, 0x80, 0x00, 0x00, 0x02, 0xFF, 0xE0, 0x00, 0x00, 0x00, 0x2F, 0xF8,
    0x00, 0x00, 0x00, 0x00, 0xFF, 0x80, 0x00, 0x00, 0x00, 0x00, 0xFE, 0x00, 0x00, 0x00, 0x00, 0x00,
    0x7F, 0xF8, 0x00, 0x00, 0x00, 0x00, 0x02, 0xFF, 0xE0, 0x00, 0x00, 0x00, 0x00, 0x0B, 0xFE, 0x00,
    0x00, 0x00, 0x00, 0x00, 0xBF, 0xF8, 0x00, 0x00, 0x00, 0x00, 0x02, 0xFF, 0xE0, 0x00, 0x00, 0x00,
    0x00, 0x1F, 0xFF, 0x40, 0x00, 0x00, 0x00, 0x00, 0xBF, 0xF0, 0x00, 0x00, 0x00, 0x00, 0x02, 0xF0,
    0x00, 0x00, 0x00, 0x00, 0x00, 0x10, 0x6A, 0xAA, 0xAA, 0xAA, 0xAA, 0x90, 0xFF, 0xFF, 0xFF, 0xFF,
    0xFF, 0xF0, 0xFF, 0xFF, 0xFF, 0xFF, 0xFF, 0xF0, 0x00, 0x00, 0x00, 0x00, 0x00, 0x00, 0x00, 0x00,
    0x00, 0x00, 0x00, 0x00, 0x00, 0x00, 0x00, 0x00, 0x00, 0x00, 0x00, 0x00, 0x00, 0x00, 0x00, 0x00,
    0xFF, 0xFF, 0xFF, 0xFF, 0xFF, 0xF0, 0xFF, 0xFF, 0xFF, 0xFF, 0xFF, 0xF0, 0xAA, 0xAA, 0xAA, 0xAA,
    0xAA, 0xA0, 0x00, 0x00, 0x00, 0x00, 0x00, 0x00, 0xF8, 0x00, 0x00, 0x00, 0x00, 0x00, 0xFF, 0xE0,
    0x00, 0x00, 0x00, 0x00, 0x2F, 0xFE, 0x00, 0x00, 0x00, 0x00, 0x00, 0xBF, 0xF8, 0x00, 0x00, 0x00,
    0x00, 0x02, 0xFF, 0xD0, 0x00, 0x00, 0x00, 0x00, 0x2F, 0xFE, 0x00, 0x00, 0x00, 0x00, 0x00, 0xBF,
    0xF8, 0x00, 0x00, 0x00, 0x00, 0x02, 0xFF, 0x80, 0x00, 0x00, 0x00, 0x00, 0x2F, 0xF0, 0x00, 0x00,
    0x00, 0x00, 0x0B, 0xF0, 0x00, 0x00, 0x00, 0x02, 0xFF, 0xD0, 0x00, 0x00, 0x00, 0xBF, 0xF8, 0x00,
    0x00, 0x00, 0x0B, 0xFE, 0x00, 0x00, 0x00, 0x02, 0xFF, 0xE0, 0x00, 0x00, 0x00, 0xBF, 0xF8, 0x00,
    0x00, 0x00, 0x1F, 0xFF, 0x40, 0x00, 0x00, 0x00, 0xFF, 0xE0, 0x00, 0x00, 0x00, 0x00, 0xF8, 0x00,
    0x00, 0x00, 0x00, 0x00, 0x40, 0x00, 0x00, 0x00, 0x00, 0x00, 0x00, 0x00, 0x00, 0x00, 0x02, 0xFF,
    0xE0, 0x00, 0x0F, 0xFF, 0xFE, 0x00, 0x3F, 0xC1, 0xFF, 0x80, 0x3F, 0x80, 0x3F, 0xC0, 0x3F, 0x00,
    0x0F, 0xF0, 0x0A, 0x00, 0x0F, 0xF0, 0x00, 0x00, 0x0F, 0xF0, 0x00, 0x00, 0x0F, 0xF0, 0x00, 0x00,
    0x0F, 0xF0, 0x00, 0x00, 0x1F, 0xE0, 0x00, 0x00, 0x3F, 0x80, 0x00, 0x00, 0xFF, 0x00, 0x00, 0x0B,
    0xF8, 0x00, 0x00, 0x3F, 0xC0, 0x00, 0x00, 0x3E, 0x00, 0x00, 0x00, 0x3C, 0x00, 0x00, 0x00, 0x3C,
    0x00, 0x00, 0x00, 0x3C, 0x00, 0x00, 0x00, 0x28, 0x00, 0x00, 0x00, 0x00, 0x00, 0x00, 0x00, 0x00,
    0x00, 0x00, 0x00, 0xBF, 0x00, 0x00, 0x00, 0xFF, 0x80, 0x00, 0x00, 0xFF, 0x80, 0x00, 0x00, 0xBF,
    0x00, 0x00, 0x00, 0x00, 0x00, 0x00, 0x00, 0x00, 0x00, 0x00, 0x00, 0x00, 0x00, 0x00, 0x00, 0x00,
    0x00, 0xBF, 0xFF, 0x90, 0x00, 0x00, 0x00, 0x00, 0x2F, 0xFF, 0xAB, 0xFE, 0x00, 0x00, 0x00, 0x01,
    0xFF, 0x80, 0x00, 0x2F, 0xC0, 0x00, 0x00, 0x0B, 0xF0, 0x00, 0x00, 0x02, 0xF0, 0x00, 0x00, 0x3F,
    0x80, 0x00, 0x00, 0x00, 0xBC, 0x00, 0x00, 0xBE, 0x00, 0x00, 0x00, 0x00, 0x2F, 0x00, 0x02, 0xF8,
    0x00, 0x00, 0x00, 0x00, 0x0F, 0x00, 0x03, 0xF0, 0x00, 0x0B, 0xF8, 0xBC, 0x0B, 0x80, 0x0B, 0xC0,
    0x00, 0xBF, 0xFF, 0xFC, 0x03, 0xC0, 0x0F, 0x80, 0x03, 0xF8, 0x0B, 0xF8, 0x03, 0xC0, 0x2F, 0x00,
    0x0F, 0xC0, 0x03, 0xF0, 0x03, 0xC0, 0x3F, 0x00, 0x3F, 0x80, 0x03, 0xF0, 0x03, 0xC0, 0x3E, 0x00,
    0x3F, 0x00, 0x0B, 0xF0, 0x03, 0xC0, 0x3E, 0x00, 0xBE, 0x00, 0x0B, 0xE0, 0x03, 0xC0, 0x3D, 0x00,
    0xFD, 0x00, 0x0F, 0xD0, 0x03, 0xC0, 0x7C, 0x00, 0xFC, 0x00, 0x0F, 0xC0, 0x07, 0x80, 0xBD, 0x00,
    0xFC, 0x00, 0x0F, 0xC0, 0x0F, 0x00, 0x3E, 0x00, 0xFC, 0x00, 0x1F, 0x80, 0x0F, 0x00, 0x3E, 0x00,
    0xFE, 0x00, 0x3F, 0x80, 0x3C, 0x00, 0x3F, 0x00, 0xFF, 0x00, 0xFF, 0x80, 0xF8, 0x00, 0x3F, 0x00,
    0xBF, 0xEB, 0xEF, 0xDB, 0xE0, 0x00, 0x2F, 0x80, 0x2F, 0xFE, 0x0F, 0xFF, 0x40, 0x00, 0x0F, 0xC0,
    0x0A, 0xE0, 0x0B, 0xF8, 0x00, 0x00, 0x0B, 0xF0, 0x00, 0x00, 0x00, 0x00, 0x00, 0x00, 0x03, 0xF8,
    0x00, 0x00, 0x00, 0x00, 0x00, 0x00, 0x00, 0xFE, 0x00, 0x00, 0x00, 0x00, 0x00, 0x00, 0x00, 0x3F,
    0x80, 0x00, 0x00, 0x00, 0xE0, 0x00, 0x00, 0x0F, 0xF8, 0x00, 0x00, 0x2F, 0xE0, 0x00, 0x00, 0x02,
    0xFF, 0xEA, 0xAB, 0xFC, 0x00, 0x00, 0x00, 0x00, 0x2F, 0xFF, 0xFF, 0x80, 0x00, 0x00, 0x00, 0x00,
    0x00, 0x05, 0x00, 0x00, 0x00, 0x00, 0x00, 0x00, 0x00, 0x00, 0x00, 0x00, 0x00, 0x00, 0x00, 0x0B,
    0xE0, 0x00, 0x00, 0x00, 0x00, 0x00, 0x0F, 0xF0, 0x00, 0x00, 0x00, 0x00, 0x00, 0x0F, 0xF4, 0x00,
    0x00, 0x00, 0x00, 0x00, 0x2F, 0xFC, 0x00, 0x00, 0x00, 0x00, 0x00, 0x3F, 0xFC, 0x00, 0x00, 0x00,
    0x00, 0x00, 0xBF, 0xFE, 0x00, 0x00, 0x00, 0x00, 0x00, 0xFC, 0xFF, 0x00, 0x00, 0x00, 0x00, 0x00,
    0xF4, 0xFF, 0x00, 0x00, 0x00, 0x00, 0x02, 0xF0, 0x7F, 0x80, 0x00, 0x00, 0x00, 0x03, 0xE0, 0x3F,
    0xC0, 0x00, 0x00, 0x00, 0x03, 0xC0, 0x2F, 0xD0, 0x00, 0x00, 0x00, 0x0B, 0xC0, 0x0F, 0xF0, 0x00,
    0x00, 0x00, 0x0F, 0x80, 0x0F, 0xF0, 0x00, 0x00, 0x00, 0x1F, 0x00, 0x0B, 0xF8, 0x00, 0x00, 0x00,
    0x3F, 0xFF, 0xFF, 0xFC, 0x00, 0x00, 0x00, 0x3F, 0xFF, 0xFF, 0xFC, 0x00, 0x00, 0x00, 0xBC, 0x00,
    0x02, 0xFE, 0x00, 0x00, 0x00, 0xF8, 0x00, 0x00, 0xFF, 0x00, 0x00, 0x00, 0xF0, 0x00, 0x00, 0xBF,
    0x40, 0x00, 0x02, 0xF0, 0x00, 0x00, 0x3F, 0xC0, 0x00, 0x03, 0xE0, 0x00, 0x00, 0x3F, 0xC0, 0x00,
    0x03, 0xC0, 0x00, 0x00, 0x2F, 0xE0, 0x00, 0x0B, 0xC0, 0x00, 0x00, 0x0F, 0xF0, 0x00, 0xFF, 0xFD,
    0x00, 0x02, 0xFF, 0xFF, 0x00, 0xFF, 0xFE, 0x00, 0x02, 0xFF, 0xFF, 0x00, 0x55, 0x55, 0x50, 0x00,
    0x00, 0xFF, 0xFF, 0xFF, 0xF8, 0x00, 0x2F, 0xFE, 0xAB, 0xFF, 0x80, 0x03, 0xF8, 0x00, 0xBF, 0xC0,
    0x03, 0xF8, 0x00, 0x3F, 0xE0, 0x03, 0xF8, 0x00, 0x0F, 0xF0, 0x03, 0xF8, 0x00, 0x0F, 0xF0, 0x03,
    0xF8, 0x00, 0x0F, 0xF0, 0x03, 0xF8, 0x00, 0x1F, 0xE0, 0x03, 0xF8, 0x00, 0x3F, 0xC0, 0x03, 0xF8,
    0x00, 0xFF, 0x00, 0x03, 0xFE, 0xAF, 0xF8, 0x00, 0x03, 0xFF, 0xFF, 0xFE, 0x00, 0x03, 0xFE, 0x5A,
    0xFF, 0xE0, 0x03, 0xF8, 0x00, 0x0F, 0xF8, 0x03, 0xF8, 0x00, 0x07, 0xFC, 0x03, 0xF8, 0x00, 0x03,
    0xFC, 0x03, 0xF8, 0x00, 0x02, 0xFD, 0x03, 0xF8, 0x00, 0x02, 0xFD, 0x03, 0xF8, 0x00, 0x03, 0xFC,
    0x03, 0xF8, 0x00, 0x03, 0xFC, 0x03, 0xF8, 0x00, 0x0F, 0xF8, 0x07, 0xF8, 0x00, 0xBF, 0xE0, 0xFF,
    0xFF, 0xFF, 0xFF, 0x40, 0xFF, 0xFF, 0xFF, 0xA0, 0x00, 0x00, 0x00, 0x00, 0x00, 0x00, 0x00, 0x00,
    0x00, 0x2B, 0xFE, 0x80, 0x00, 0x00, 0x0B, 0xFF, 0xFF, 0xFF, 0x00, 0x00, 0x3F, 0xFA, 0x0A, 0xFF,
    0x00, 0x00, 0xFF, 0xC0, 0x00, 0x3F, 0x00, 0x03, 0xFE, 0x00, 0x00, 0x2F, 0x00, 0x0B, 0xFC, 0x00,
    0x00, 0x1F, 0x00, 0x0F, 0xF0, 0x00, 0x00, 0x0F, 0x00, 0x2F, 0xE0, 0x00, 0x00, 0x00, 0x00, 0x3F,
    0xC0, 0x00, 0x00, 0x00, 0x00, 0x3F, 0xC0, 0x00, 0x00, 0x00, 0x00, 0xBF, 0xC0, 0x00, 0x00, 0x00,
    0x00, 0xBF, 0x80, 0x00, 0x00, 0x00, 0x00, 0xBF, 0x80, 0x00, 0x00, 0x00, 0x00, 0xBF, 0x80, 0x00,
    0x00, 0x00, 0x00, 0xBF, 0x80, 0x00, 0x00, 0x00, 0x00, 0x7F, 0xC0, 0x00, 0x00, 0x00, 0x00, 0x3F,
    0xC0, 0x00, 0x00, 0x00, 0x00, 0x3F, 0xD0, 0x00, 0x00, 0x00, 0x00, 0x1F, 0xF0, 0x00, 0x00, 0x0F,
    0x00, 0x0F, 0xF4, 0x00, 0x00, 0x0F, 0x00, 0x03, 0xFC, 0x00, 0x00, 0x2F, 0x00, 0x02, 0xFF, 0x00,
    0x00, 0x2F, 0x00, 0x00, 0xBF, 0xE0, 0x00, 0x3F, 0x00, 0x00, 0x0F, 0xFF, 0xAB, 0xFF, 0x00, 0x00,
    0x02, 0xFF, 0xFF, 0xF9, 0x00, 0x00, 0x00, 0x01, 0xA4, 0x00, 0x00, 0x55, 0x55, 0x50, 0x00, 0x00,
    0x00, 0xFF, 0xFF, 0xFF, 0xF8, 0x00, 0x00, 0x2F, 0xFE, 0xAA, 0xFF, 0xD0, 0x00, 0x03, 0xF8, 0x00,
    0x0F, 0xFC, 0x00, 0x03, 0xF8, 0x00, 0x02, 0xFF, 0x00, 0x03, 0xF8, 0x00, 0x00, 0xBF, 0xC0, 0x03,
    0xF8, 0x00, 0x00, 0x3F, 0xD0, 0x03, 0xF8, 0x00, 0x00, 0x2F, 0xF0, 0x03, 0xF8, 0x00, 0x00, 0x0F,
    0xF0, 0x03, 0xF8, 0x00, 0x00, 0x0F, 0xF8, 0x03, 0xF8, 0x00, 0x00, 0x0B, 0xF8, 0x03, 0xF8, 0x00,
    0x00, 0x0B, 0xF8, 0x03, 0xF8, 0x00, 0x00, 0x0B, 0xF8, 0x03, 0xF8, 0x00, 0x00, 0x0B, 0xF8, 0x03,
    0xF8, 0x00, 0x00, 0x0B, 0xF8, 0x03, 0xF8, 0x00, 0x00, 0x0B, 0xF8, 0x03, 0xF8, 0x00, 0x00, 0x0F,
    0xF0, 0x03, 0xF8, 0x00, 0x00, 0x0F, 0xF0, 0x03, 0xF8, 0x00, 0x00, 0x2F, 0xE0, 0x03, 0xF8, 0x00,
    0x00, 0x3F, 0xC0, 0x03, 0xF8, 0x00, 0x00, 0xFF, 0x40, 0x03, 0xF8, 0x00, 0x03, 0xFE, 0x00, 0x07,
    0xF8, 0x00, 0xBF, 0xF8, 0x00, 0xFF, 0xFF, 0xFF, 0xFF, 0x80, 0x00, 0xFF, 0xFF, 0xFF, 0xA4, 0x00,
    0x00, 0x55, 0x55, 0x55, 0x55, 0x40, 0xFF, 0xFF, 0xFF, 0xFF, 0xE0, 0x2F, 0xFE, 0xAA, 0xAB, 0xE0,
    0x03, 0xF8, 0x00, 0x03, 0xE0, 0x03, 0xF8, 0x00, 0x03, 0xE0, 0x03, 0xF8, 0x00, 0x02, 0xE0, 0x03,
    0xF8, 0x00, 0x00, 0x00, 0x03, 0xF8, 0x00, 0x00, 0x00, 0x03, 0xF8, 0x00, 0x38, 0x00, 0x03, 0xF8,
    0x00, 0x7C, 0x00, 0x03, 0xF8, 0x00, 0xBC, 0x00, 0x03, 0xFE, 0xAA, 0xFC, 0x00, 0x03, 0xFF, 0xFF,
    0xFC, 0x00, 0x03, 0xF8, 0x00, 0xFC, 0x00, 0x03, 0xF8, 0x00, 0xBC, 0x00, 0x03, 0xF8, 0x00, 0x3C,
    0x00, 0x03, 0xF8, 0x00, 0x10, 0x00, 0x03, 0xF8, 0x00, 0x00, 0x00, 0x03, 0xF8, 0x00, 0x00, 0x00,
    0x03, 0xF8, 0x00, 0x00, 0x3C, 0x03, 0xF8, 0x00, 0x00, 0xBC, 0x03, 0xF8, 0x00, 0x00, 0xBC, 0x0B,
    0xF8, 0x00, 0x00, 0xFC, 0xFF, 0xFF, 0xFF, 0xFF, 0xFC, 0xFF, 0xFF, 0xFF, 0xFF, 0xFC, 0x15, 0x55,
    0x55, 0x55, 0x50, 0x3F, 0xFF, 0xFF, 0xFF, 0xF8, 0x1B, 0xFF, 0xAA, 0xAB, 0xF8, 0x00, 0xFE, 0x00,
    0x00, 0xF8, 0x00, 0xFE, 0x00, 0x00, 0xF8, 0x00, 0xFE, 0x00, 0x00, 0xF8, 0x00, 0xFE, 0x00, 0x00,
    0xA0, 0x00, 0xFE, 0x00, 0x00, 0x00, 0x00, 0xFE, 0x00, 0x09, 0x00, 0x00, 0xFE, 0x00, 0x0F, 0x00,
    0x00, 0xFE, 0x00, 0x0F, 0x00, 0x00, 0xFE, 0x00, 0x2F, 0x00, 0x00, 0xFF, 0xFF, 0xFF, 0x00, 0x00,
    0xFF, 0xAA, 0xBF, 0x00, 0x00, 0xFE, 0x00, 0x2F, 0x00, 0x00, 0xFE, 0x00, 0x0F, 0x00, 0x00, 0xFE,
    0x00, 0x0E, 0x00, 0x00, 0xFE, 0x00, 0x00, 0x00, 0x00, 0xFE, 0x00, 0x00, 0x00, 0x00, 0xFE, 0x00,
    0x00, 0x00, 0x00, 0xFE, 0x00, 0x00, 0x00, 0x00, 0xFE, 0x00, 0x00, 0x00, 0x01, 0xFE, 0x00, 0x00,
    0x00, 0x3F, 0xFF, 0xF8, 0x00, 0x00, 0x3F, 0xFF, 0xF8, 0x00, 0x00, 0x00, 0x00, 0x00, 0x00, 0x00,
    0x00, 0x00, 0x00, 0x2B, 0xFF, 0xA0, 0x00, 0x00, 0x07, 0xFF, 0xFF, 0xFF, 0x80, 0x00, 0x3F, 0xFA,
    0x0A, 0xFF, 0x80, 0x00, 0xFF, 0x80, 0x00, 0x2F, 0x80, 0x03, 0xFE, 0x00, 0x00, 0x0F, 0x80, 0x0B,
    0xF8, 0x00, 0x00, 0x0F, 0x80, 0x0F, 0xF0, 0x00, 0x00, 0x0F, 0x80, 0x2F, 0xE0, 0x00, 0x00, 0x00,
    0x00, 0x3F, 0xC0, 0x00, 0x00, 0x00, 0x00, 0x3F, 0xC0, 0x00, 0x00, 0x00, 0x00, 0xBF, 0xC0, 0x00,
    0x00, 0x00, 0x00, 0xBF, 0x80, 0x00, 0x00, 0x00, 0x00, 0xBF, 0x80, 0x00, 0x00, 0x00, 0x00, 0xBF,
    0x80, 0x00, 0x0F, 0xFF, 0xFC, 0xBF, 0x80, 0x00, 0x0F, 0xFF, 0xFC, 0x7F, 0xC0, 0x00, 0x00, 0x7F,
    0xC0, 0x3F, 0xC0, 0x00, 0x00, 0x3F, 0x80, 0x3F, 0xD0, 0x00, 0x00, 0x3F, 0x80, 0x1F, 0xF0, 0x00,
    0x00, 0x3F, 0x80, 0x0F, 0xF4, 0x00, 0x00, 0x3F, 0x80, 0x03, 0xFC, 0x00, 0x00, 0x3F, 0x80, 0x02,
    0xFF, 0x00, 0x00, 0x3F, 0x80, 0x00, 0xBF, 0xE0, 0x00, 0x3F, 0x80, 0x00, 0x0F, 0xFF, 0xEF, 0xFF,
    0x80, 0x00, 0x02, 0xFF, 0xFF, 0xFA, 0x00, 0x00, 0x00, 0x01, 0xA4, 0x00, 0x00, 0x55, 0x55, 0x40,
    0x00, 0x55, 0x55, 0x00, 0xFF, 0xFF, 0xC0, 0x02, 0xFF, 0xFF, 0x80, 0x6F, 0xFE, 0x40, 0x00, 0xAF,
    0xFA, 0x00, 0x03, 0xF8, 0x00, 0x00, 0x0F, 0xF0, 0x00, 0x03, 0xF8, 0x00, 0x00, 0x0F, 0xF0, 0x00,
    0x03, 0xF8, 0x00, 0x00, 0x0F, 0xF0, 0x00, 0x03, 0xF8, 0x00, 0x00, 0x0F, 0xF0, 0x00, 0x03, 0xF8,
    0x00, 0x00, 0x0F, 0xF0, 0x00, 0x03, 0xF8, 0x00, 0x00, 0x0F, 0xF0, 0x00, 0x03, 0xF8, 0x00, 0x00,
    0x0F, 0xF0, 0x00, 0x03, 0xF8, 0x00, 0x00, 0x0F, 0xF0, 0x00, 0x03, 0xFF, 0xFF, 0xFF, 0xFF, 0xF0,
    0x00, 0x03, 0xFF, 0xFF, 0xFF, 0xFF, 0xF0, 0x00, 0x03, 0xF8, 0x00, 0x00, 0x0F, 0xF0, 0x00, 0x03,
    0xF8, 0x00, 0x00, 0x0F, 0xF0, 0x00, 0x03, 0xF8, 0x00, 0x00, 0x0F, 0xF0, 0x00, 0x03, 0xF8, 0x00,
    0x00, 0x0F, 0xF0, 0x00, 0x03, 0xF8, 0x00, 0x00, 0x0F, 0xF0, 0x00, 0x03, 0xF8, 0x00, 0x00, 0x0F,
    0xF0, 0x00, 0x03, 0xF8, 0x00, 0x00, 0x0F, 0xF0, 0x00, 0x03, 0xF8, 0x00, 0x00, 0x0F, 0xF0, 0x00,
    0x03, 0xF8, 0x00, 0x00, 0x0F, 0xF0, 0x00, 0x0B, 0xF8, 0x00, 0x00, 0x0F, 0xF0, 0x00, 0xFF, 0xFF,
    0xC0, 0x02, 0xFF, 0xFF, 0x80, 0xFF, 0xFF, 0xC0, 0x02, 0xFF, 0xFF, 0x80, 0x15, 0x55, 0x40, 0xFF,
    0xFF, 0xF0, 0x2B, 0xFE, 0x80, 0x03, 0xFC, 0x00, 0x03, 0xFC, 0x00, 0x03, 0xFC, 0x00, 0x03, 0xFC,
    0x00, 0x03, 0xFC, 0x00, 0x03, 0xFC, 0x00, 0x03, 0xFC, 0x00, 0x03, 0xFC, 0x00, 0x03, 0xFC, 0x00,
    0x03, 0xFC, 0x00, 0x03, 0xFC, 0x00, 0x03, 0xFC, 0x00, 0x03, 0xFC, 0x00, 0x03, 0xFC, 0x00, 0x03,
    0xFC, 0x00, 0x03, 0xFC, 0x00, 0x03, 0xFC, 0x00, 0x03, 0xFC, 0x00, 0x03, 0xFC, 0x00, 0x03, 0xFC,
    0x00, 0xFF, 0xFF, 0xE0, 0xFF, 0xFF, 0xE0, 0x00, 0x01, 0x55, 0x55, 0x00, 0x00, 0x03, 0xFF, 0xFF,
    0x80, 0x00, 0x00, 0xAF, 0xF9, 0x00, 0x00, 0x00, 0x0F, 0xF0, 0x00, 0x00, 0x00, 0x0F, 0xE0, 0x00,
    0x00, 0x00, 0x0F, 0xE0, 0x00, 0x00, 0x00, 0x0F, 0xE0, 0x00, 0x00, 0x00, 0x0F, 0xE0, 0x00, 0x00,
    0x00, 0x0F, 0xE0, 0x00, 0x00, 0x00, 0x0F, 0xE0, 0x00, 0x00, 0x00, 0x0F, 0xE0, 0x00, 0x00, 0x00,
    0x0F, 0xE0, 0x00, 0x00, 0x00, 0x0F, 0xE0, 0x00, 0x00, 0x00, 0x0F, 0xE0, 0x00, 0x00, 0x00, 0x0F,
    0xE0, 0x00, 0x00, 0x00, 0x0F, 0xE0, 0x00, 0x00, 0x00, 0x0F, 0xE0, 0x00, 0x00, 0x00, 0x0F, 0xE0,
    0x00, 0x3C, 0x00, 0x0F, 0xE0, 0x00, 0x3D, 0x00, 0x1F, 0xC0, 0x00, 0x3E, 0x00, 0x2F, 0xC0, 0x00,
    0x3E, 0x00, 0x3F, 0xC0, 0x00, 0x3F, 0x00, 0xFF, 0x00, 0x00, 0x3F, 0xEB, 0xFD, 0x00, 0x00, 0x2F,
    0xFF, 0xF0, 0x00, 0x00, 0x00, 0x68, 0x00, 0x00, 0x00, 0x55, 0x55, 0x40, 0x05, 0x55, 0x40, 0xFF,
    0xFF, 0xD0, 0x2F, 0xFF, 0xC0, 0x2F, 0xFE, 0x40, 0x0B, 0xFE, 0x40, 0x03, 0xF8, 0x00, 0x03, 0xF0,
    0x00, 0x03, 0xF8, 0x00, 0x0F, 0xC0, 0x00, 0x03, 0xF8, 0x00, 0x2F, 0x00, 0x00, 0x03, 0xF8, 0x00,
    0x7E, 0x00, 0x00, 0x03, 0xF8, 0x00, 0xF8, 0x00, 0x00, 0x03, 0xF8, 0x03, 0xF0, 0x00, 0x00, 0x03,
    0xF8, 0x0F, 0xC0, 0x00, 0x00, 0x03, 0xF8, 0x2F, 0x00, 0x00, 0x00, 0x03, 0xF8, 0xBE, 0x00, 0x00,
    0x00, 0x03, 0xFA, 0xFF, 0x00, 0x00, 0x00, 0x03, 0xFF, 0xFF, 0xC0, 0x00, 0x00, 0x03, 0xF8, 0x3F,
    0xE0, 0x00, 0x00, 0x03, 0xF8, 0x0F, 0xF0, 0x00, 0x00, 0x03, 0xF8, 0x0B, 0xFC, 0x00, 0x00, 0x03,
    0xF8, 0x03, 0xFE, 0x00, 0x00, 0x03, 0xF8, 0x00, 0xFF, 0x40, 0x00, 0x03, 0xF8, 0x00, 0xBF, 0xC0,
    0x00, 0x03, 0xF8, 0x00, 0x3F, 0xE0, 0x00, 0x03, 0xF8, 0x00, 0x0F, 0xF4, 0x00, 0x07, 0xF8, 0x00,
    0x07, 0xFC, 0x00, 0xFF, 0xFF, 0xC0, 0x02, 0xFF, 0xF0, 0xFF, 0xFF, 0xD0, 0x01, 0xFF, 0xF0, 0x15,
    0x55, 0x50, 0x00, 0x00, 0x3F, 0xFF, 0xF0, 0x00, 0x00, 0x1B, 0xFF, 0x90, 0x00, 0x00, 0x00, 0xFE,
    0x00, 0x00, 0x00, 0x00, 0xFE, 0x00, 0x00, 0x00, 0x00, 0xFE, 0x00, 0x00, 0x00, 0x00, 0xFE, 0x00,
    0x00, 0x00, 0x00, 0xFE, 0x00, 0x00, 0x00, 0x00, 0xFE, 0x00, 0x00, 0x00, 0x00, 0xFE, 0x00, 0x00,
    0x00, 0x00, 0xFE, 0x00, 0x00, 0x00, 0x00, 0xFE, 0x00, 0x00, 0x00, 0x00, 0xFE, 0x00, 0x00, 0x00,
    0x00, 0xFE, 0x00, 0x00, 0x00, 0x00, 0xFE, 0x00, 0x00, 0x00, 0x00, 0xFE, 0x00, 0x00, 0x00, 0x00,
    0xFE, 0x00, 0x00, 0x00, 0x00, 0xFE, 0x00, 0x00, 0x00, 0x00, 0xFE, 0x00, 0x00, 0xF8, 0x00, 0xFE,
    0x00, 0x00, 0xF8, 0x00, 0xFE, 0x00, 0x00, 0xF8, 0x00, 0xFE, 0x00, 0x00, 0xF8, 0x01, 0xFE, 0x00,
    0x02, 0xF8, 0x3F, 0xFF, 0xFF, 0xFF, 0xF8, 0x3F, 0xFF, 0xFF, 0xFF, 0xF8, 0x15, 0x55, 0x40, 0x00,
    0x00, 0x05, 0x55, 0x50, 0x3F, 0xFF, 0xC0, 0x00, 0x00, 0x0F, 0xFF, 0xF8, 0x0B, 0xFF, 0xE0, 0x00,
    0x00, 0x0F, 0xFF, 0x90, 0x00, 0xFF, 0xF0, 0x00, 0x00, 0x2F, 0xFF, 0x00, 0x00, 0xFB, 0xF0, 0x00,
    0x00, 0x3E, 0xFF, 0x00, 0x00, 0xF3, 0xF8, 0x00, 0x00, 0x3C, 0xFF, 0x00, 0x00, 0xF3, 0xFC, 0x00,
    0x00, 0xB8, 0xFF, 0x00, 0x00, 0xF2, 0xFD, 0x00, 0x00, 0xF0, 0xFF, 0x00, 0x00, 0xF0, 0xFF, 0x00,
    0x02, 0xF0, 0xFF, 0x00, 0x00, 0xF0, 0xBF, 0x00, 0x03, 0xE0, 0xFF, 0x00, 0x00, 0xF0, 0x7F, 0x80,
    0x03, 0xC0, 0xFF, 0x00, 0x00, 0xF0, 0x3F, 0xC0, 0x0B, 0xC0, 0xFF, 0x00, 0x00, 0xF0, 0x2F, 0xC0,
    0x0F, 0x80, 0xFF, 0x00, 0x00, 0xF0, 0x0F, 0xE0, 0x0F, 0x00, 0xFF, 0x00, 0x00, 0xF0, 0x0F, 0xF0,
    0x2E, 0x00, 0xFF, 0x00, 0x00, 0xF0, 0x0B, 0xF0, 0x3C, 0x00, 0xFF, 0x00, 0x00, 0xF0, 0x03, 0xF8,
    0xBC, 0x00, 0xFF, 0x00, 0x00, 0xF0, 0x03, 0xFC, 0xF8, 0x00, 0xFF, 0x00, 0x00, 0xF0, 0x02, 0xFE,
    0xF0, 0x00, 0xFF, 0x00, 0x00, 0xF0, 0x00, 0xFF, 0xF0, 0x00, 0xFF, 0x00, 0x00, 0xF0, 0x00, 0xBF,
    0xE0, 0x00, 0xFF, 0x00, 0x00, 0xF0, 0x00, 0x7F, 0xC0, 0x00, 0xFF, 0x00, 0x01, 0xF0, 0x00, 0x3F,
    0xC0, 0x00, 0xFF, 0x00, 0x3F, 0xFF, 0xC0, 0x2F, 0x40, 0x2F, 0xFF, 0xF4, 0x3F, 0xFF, 0xC0, 0x0F,
    0x00, 0x2F, 0xFF, 0xF8, 0x15, 0x55, 0x00, 0x00, 0x05, 0x55, 0x40, 0x3F, 0xFF, 0x00, 0x00, 0x3F,
    0xFF, 0xC0, 0x1B, 0xFF, 0xC0, 0x00, 0x06, 0xFE, 0x00, 0x00, 0xFF, 0xE0, 0x00, 0x00, 0xF0, 0x00,
    0x00, 0xFF, 0xF0, 0x00, 0x00, 0xF0, 0x00, 0x00, 0xFF, 0xFC, 0x00, 0x00, 0xF0, 0x00, 0x00, 0xF3,
    0xFE, 0x00, 0x00, 0xF0, 0x00, 0x00, 0xF0, 0xFF, 0x00, 0x00, 0xF0, 0x00, 0x00, 0xF0, 0xBF, 0xC0,
    0x00, 0xF0, 0x00, 0x00, 0xF0, 0x3F, 0xE0, 0x00, 0xF0, 0x00, 0x00, 0xF0, 0x0F, 0xF0, 0x00, 0xF0,
    0x00, 0x00, 0xF0, 0x0B, 0xFC, 0x00, 0xF0, 0x00, 0x00, 0xF0, 0x03, 0xFD, 0x00, 0xF0, 0x00, 0x00,
    0xF0, 0x01, 0xFF, 0x00, 0xF0, 0x00, 0x00, 0xF0, 0x00, 0xBF, 0x80, 0xF0, 0x00, 0x00, 0xF0, 0x00,
    0x3F, 0xD0, 0xF0, 0x00, 0x00, 0xF0, 0x00, 0x1F, 0xF0, 0xF0, 0x00, 0x00, 0xF0, 0x00, 0x0B, 0xF8,
    0xF0, 0x00, 0x00, 0xF0, 0x00, 0x03, 0xFE, 0xF0, 0x00, 0x00, 0xF0, 0x00, 0x01, 0xFF, 0xF0, 0x00,
    0x00, 0xF0, 0x00, 0x00, 0xBF, 0xF0, 0x00, 0x00, 0xF0, 0x00, 0x00, 0x3F, 0xF0, 0x00, 0x02, 0xF0,
    0x00, 0x00, 0x1F, 0xF0, 0x00, 0x3F, 0xFF, 0x80, 0x00, 0x0B, 0xF0, 0x00, 0x3F, 0xFF, 0xC0, 0x00,
    0x03, 0xF0, 0x00, 0x00, 0x00, 0x00, 0x00, 0x00, 0x00, 0x00, 0x00, 0x00, 0x6F, 0xFA, 0x00, 0x00,
    0x00, 0x00, 0x0B, 0xFF, 0xFF, 0xF0, 0x00, 0x00, 0x00, 0x3F, 0xF9, 0x2B, 0xFE, 0x00, 0x00, 0x00,
    0xFF, 0x40, 0x00, 0xFF, 0x80, 0x00, 0x03, 0xFC, 0x00, 0x00, 0x3F, 0xC0, 0x00, 0x0F, 0xF8, 0x00,
    0x00, 0x0F, 0xF0, 0x00, 0x0F, 0xF0, 0x00, 0x00, 0x0B, 0xF8, 0x00, 0x3F, 0xE0, 0x00, 0x00, 0x03,
    0xFC, 0x00, 0x3F, 0xC0, 0x00, 0x00, 0x03, 0xFC, 0x00, 0x3F, 0xC0, 0x00, 0x00, 0x02, 0xFE, 0x00,
    0xBF, 0xC0, 0x00, 0x00, 0x02, 0xFF, 0x00, 0xBF, 0x80, 0x00, 0x00, 0x02, 0xFF, 0x00, 0xBF, 0x80,
    0x00, 0x00, 0x01, 0xFF, 0x00, 0xBF, 0x80, 0x00, 0x00, 0x01, 0xFF, 0x00, 0xBF, 0x80, 0x00, 0x00,
    0x02, 0xFF, 0x00, 0x7F, 0xC0, 0x00, 0x00, 0x02, 0xFE, 0x00, 0x3F, 0xC0, 0x00, 0x00, 0x03, 0xFE,
    0x00, 0x3F, 0xC0, 0x00, 0x00, 0x03, 0xFC, 0x00, 0x2F, 0xE0, 0x00, 0x00, 0x0B, 0xFC, 0x00, 0x0F,
    0xF0, 0x00, 0x00, 0x0F, 0xF0, 0x00, 0x07, 0xFC, 0x00, 0x00, 0x2F, 0xE0, 0x00, 0x02, 0xFE, 0x00,
    0x00, 0x7F, 0xC0, 0x00, 0x00, 0xBF, 0xC0, 0x02, 0xFF, 0x00, 0x00, 0x00, 0x2F, 0xFE, 0xBF, 0xF8,
    0x00, 0x00, 0x00, 0x02, 0xFF, 0xFF, 0x80, 0x00, 0x00, 0x00, 0x00, 0x06, 0x90, 0x00, 0x00, 0x00,
    0x15, 0x55, 0x50, 0x00, 0x00, 0x3F, 0xFF, 0xFF, 0xFE, 0x00, 0x1B, 0xFF, 0xAB, 0xFF, 0xD0, 0x00,
    0xFE, 0x00, 0x2F, 0xF0, 0x00, 0xFE, 0x00, 0x0B, 0xFC, 0x00, 0xFE, 0x00, 0x03, 0xFC, 0x00, 0xFE,
    0x00, 0x02, 0xFD, 0x00, 0xFE, 0x00, 0x02, 0xFE, 0x00, 0xFE, 0x00, 0x02, 0xFE, 0x00, 0xFE, 0x00,
    0x02, 0xFC, 0x00, 0xFE, 0x00, 0x03, 0xFC, 0x00, 0xFE, 0x00, 0x03, 0xF8, 0x00, 0xFE, 0x00, 0x0F,
    0xF0, 0x00, 0xFE, 0x00, 0xBF, 0xC0, 0x00, 0xFF, 0xFF, 0xFE, 0x00, 0x00, 0xFF, 0xFF, 0xA0, 0x00,
    0x00, 0xFE, 0x00, 0x00, 0x00, 0x00, 0xFE, 0x00, 0x00, 0x00, 0x00, 0xFE, 0x00, 0x00, 0x00, 0x00,
    0xFE, 0x00, 0x00, 0x00, 0x00, 0xFE, 0x00, 0x00, 0x00, 0x00, 0xFE, 0x00, 0x00, 0x00, 0x01, 0xFE,
    0x00, 0x00, 0x00, 0x3F, 0xFF, 0xF8, 0x00, 0x00, 0x3F, 0xFF, 0xF8, 0x00, 0x00, 0x00, 0x00, 0x00,
    0x00, 0x00, 0x00, 0x00, 0x00, 0x00, 0x6F, 0xFE, 0x00, 0x00, 0x00, 0x00, 0x0B, 0xFF, 0xFF, 0xF4,
    0x00, 0x00, 0x00, 0x3F, 0xF8, 0x1B, 0xFE, 0x00, 0x00, 0x00, 0xFF, 0x80, 0x00, 0xBF, 0xC0, 0x00,
    0x03, 0xFC, 0x00, 0x00, 0x3F, 0xE0, 0x00, 0x0F, 0xF8, 0x00, 0x00, 0x0F, 0xF0, 0x00, 0x0F, 0xF0,
    0x00, 0x00, 0x0B, 0xFC, 0x00, 0x2F, 0xE0, 0x00, 0x00, 0x03, 0xFC, 0x00, 0x3F, 0xC0, 0x00, 0x00,
    0x02, 0xFE, 0x00, 0x3F, 0xC0, 0x00, 0x00, 0x02, 0xFF, 0x00, 0xBF, 0xC0, 0x00, 0x00, 0x00, 0xFF,
    0x00, 0xBF, 0xC0, 0x00, 0x00, 0x00, 0xFF, 0x00, 0xBF, 0x80, 0x00, 0x00, 0x00, 0xFF, 0x00, 0xBF,
    0xC0, 0x00, 0x00, 0x00, 0xFF, 0x00, 0xBF, 0xC0, 0x00, 0x00, 0x00, 0xFF, 0x00, 0x7F, 0xC0, 0x00,
    0x00, 0x01, 0xFF, 0x00, 0x3F, 0xC0, 0x00, 0x00, 0x02, 0xFF, 0x00, 0x3F, 0xE0, 0x00, 0x00, 0x03,
    0xFE, 0x00, 0x2F, 0xF0, 0x00, 0x00, 0x03, 0xFC, 0x00, 0x0F, 0xF0, 0x00, 0x00, 0x0B, 0xF8, 0x00,
    0x0B, 0xFC, 0x00, 0x00, 0x0F, 0xF0, 0x00, 0x03, 0xFF, 0x00, 0x00, 0x3F, 0xC0, 0x00, 0x00, 0xBF,
    0xC0, 0x02, 0xFF, 0x00, 0x00, 0x00, 0x2F, 0xFF, 0xBF, 0xFC, 0x00, 0x00, 0x00, 0x02, 0xFF, 0xFF,
    0x90, 0x00, 0x00, 0x00, 0x00, 0x0F, 0xF8, 0x00, 0x00, 0x00, 0x00, 0x00, 0x0B, 0xF8, 0x00, 0x00,
    0x00, 0x00, 0x00, 0x03, 0xFC, 0x00, 0x00, 0x00, 0x00, 0x00, 0x03, 0xFF, 0x00, 0x00, 0x00, 0x00,
    0x00, 0x00, 0xFF, 0xEA, 0xA8, 0x00, 0x00, 0x00, 0x00, 0x3F, 0xFF, 0xF8, 0x00, 0x00, 0x00, 0x00,
    0x00, 0x54, 0x00, 0x00, 0x55, 0x55, 0x50, 0x00, 0x00, 0x00, 0xFF, 0xFF, 0xFF, 0xF8, 0x00, 0x00,
    0x2F, 0xFE, 0xAF, 0xFF, 0x80, 0x00, 0x03, 0xF8, 0x00, 0xBF, 0xE0, 0x00, 0x03, 0xF8, 0x00, 0x2F,
    0xF0, 0x00, 0x03, 0xF8, 0x00, 0x0F, 0xF0, 0x00, 0x03, 0xF8, 0x00, 0x0F, 0xF4, 0x00, 0x03, 0xF8,
    0x00, 0x0B, 0xF4, 0x00, 0x03, 0xF8, 0x00, 0x0F, 0xF0, 0x00, 0x03, 0xF8, 0x00, 0x0F, 0xF0, 0x00,
    0x03, 0xF8, 0x00, 0x2F, 0xD0, 0x00, 0x03, 0xF8, 0x00, 0xFF, 0x80, 0x00, 0x03, 0xFE, 0xFF, 0xF8,
    0x00, 0x00, 0x03, 0xFF, 0xFF, 0xE0, 0x00, 0x00, 0x03, 0xF8, 0x0B, 0xFE, 0x00, 0x00, 0x03, 0xF8,
    0x00, 0xFF, 0x00, 0x00, 0x03, 0xF8, 0x00, 0x3F, 0xC0, 0x00, 0x03, 0xF8, 0x00, 0x3F, 0xC0, 0x00,
    0x03, 0xF8, 0x00, 0x1F, 0xD0, 0x00, 0x03, 0xF8, 0x00, 0x0F, 0xE0, 0x00, 0x03, 0xF8, 0x00, 0x0F,
    0xF0, 0x00, 0x03, 0xF8, 0x00, 0x0B, 0xF8, 0x00, 0x0B, 0xF8, 0x00, 0x03, 0xFE, 0x00, 0xFF, 0xFF,
    0xC0, 0x02, 0xFF, 0xF0, 0xFF, 0xFF, 0xC0, 0x00, 0xBF, 0xF8, 0x00, 0x00, 0x00, 0x00, 0x06, 0x80,
    0x00, 0x00, 0x00, 0x00, 0x00, 0x00, 0x0B, 0xFF, 0x80, 0x00, 0x00, 0xFF, 0xFF, 0xFE, 0x00, 0x0B,
    0xFE, 0x02, 0xFE, 0x00, 0x0F, 0xF0, 0x00, 0x7E, 0x00, 0x3F, 0xC0, 0x00, 0x3E, 0x00, 0x3F, 0xC0,
    0x00, 0x3E, 0x00, 0x3F, 0x80, 0x00, 0x3E, 0x00, 0x3F, 0xC0, 0x00, 0x00, 0x00, 0x3F, 0xE0, 0x00,
    0x00, 0x00, 0x3F, 0xF8, 0x00, 0x00, 0x00, 0x0F, 0xFF, 0x80, 0x00, 0x00, 0x0B, 0xFF, 0xF8, 0x00,
    0x00, 0x00, 0xFF, 0xFF, 0x80, 0x00, 0x00, 0x0F, 0xFF, 0xF0, 0x00, 0x00, 0x00, 0xFF, 0xFC, 0x00,
    0x00, 0x00, 0x1F, 0xFF, 0x00, 0x00, 0x00, 0x03, 0xFF, 0x00, 0x00, 0x00, 0x00, 0xFF, 0x40, 0xBC,
    0x00, 0x00, 0xBF, 0x40, 0xBC, 0x00, 0x00, 0xBF, 0x00, 0xBC, 0x00, 0x00, 0xBF, 0x00, 0xBC, 0x00,
    0x00, 0xFE, 0x00, 0xBF, 0x00, 0x0B, 0xFC, 0x00, 0xBF, 0xFE, 0xFF, 0xE0, 0x00, 0x2F, 0xFF, 0xFE,
    0x00, 0x00, 0x00, 0x2A, 0x40, 0x00, 0x00, 0x15, 0x55, 0x55, 0x55, 0x55, 0x40, 0xBF, 0xFF, 0xFF,
    0xFF, 0xFF, 0xC0, 0xBF, 0xAA, 0xBF, 0xEA, 0xAF, 0xC0, 0xBC, 0x00, 0x3F, 0x80, 0x0B, 0xC0, 0xBC,
    0x00, 0x3F, 0x80, 0x0B, 0xC0, 0xBC, 0x00, 0x3F, 0x80, 0x07, 0xC0, 0x28, 0x00, 0x3F, 0x80, 0x02,
    0x80, 0x00, 0x00, 0x3F, 0x80, 0x00, 0x00, 0x00, 0x00, 0x3F, 0x80, 0x00, 0x00, 0x00, 0x00, 0x3F,
    0x80, 0x00, 0x00, 0x00, 0x00, 0x3F, 0x80, 0x00, 0x00, 0x00, 0x00, 0x3F, 0x80, 0x00, 0x00, 0x00,
    0x00, 0x3F, 0x80, 0x00, 0x00, 0x00, 0x00, 0x3F, 0x80, 0x00, 0x00, 0x00, 0x00, 0x3F, 0x80, 0x00,
    0x00, 0x00, 0x00, 0x3F, 0x80, 0x00, 0x00, 0x00, 0x00, 0x3F, 0x80, 0x00, 0x00, 0x00, 0x00, 0x3F,
    0x80, 0x00, 0x00, 0x00, 0x00, 0x3F, 0x80, 0x00, 0x00, 0x00, 0x00, 0x3F, 0x80, 0x00, 0x00, 0x00,
    0x00, 0x3F, 0x80, 0x00, 0x00, 0x00, 0x00, 0x3F, 0x80, 0x00, 0x00, 0x00, 0x00, 0x3F, 0xC0, 0x00,
    0x00, 0x00, 0x0F, 0xFF, 0xFE, 0x00, 0x00, 0x00, 0x0F, 0xFF, 0xFE, 0x00, 0x00, 0x15, 0x55, 0x50,
    0x00, 0x15, 0x55, 0x00, 0x3F, 0xFF, 0xF0, 0x00, 0x3F, 0xFF, 0x80, 0x0B, 0xFF, 0x90, 0x00, 0x1B,
    0xF9, 0x00, 0x00, 0xFE, 0x00, 0x00, 0x01, 0xF0, 0x00, 0x00, 0xFE, 0x00, 0x00, 0x01, 0xF0, 0x00,
    0x00, 0xFE, 0x00, 0x00, 0x01, 0xF0, 0x00, 0x00, 0xFE, 0x00, 0x00, 0x01, 0xF0, 0x00, 0x00, 0xFE,
    0x00, 0x00, 0x01, 0xF0, 0x00, 0x00, 0xFE, 0x00, 0x00, 0x01, 0xF0, 0x00, 0x00, 0xFE, 0x00, 0x00,
    0x01, 0xF0, 0x00, 0x00, 0xFE, 0x00, 0x00, 0x01, 0xF0, 0x00, 0x00, 0xFE, 0x00, 0x00, 0x01, 0xF0,
    0x00, 0x00, 0xFE, 0x00, 0x00, 0x01, 0xF0, 0x00, 0x00, 0xFE, 0x00, 0x00, 0x01, 0xF0, 0x00, 0x00,
    0xFE, 0x00, 0x00, 0x01, 0xF0, 0x00, 0x00, 0xFE, 0x00, 0x00, 0x01, 0xF0, 0x00, 0x00, 0xFE, 0x00,
    0x00, 0x02, 0xF0, 0x00, 0x00, 0xFE, 0x00, 0x00, 0x02, 0xF0, 0x00, 0x00, 0xFF, 0x00, 0x00, 0x02,
    0xF0, 0x00, 0x00, 0xFF, 0x00, 0x00, 0x03, 0xE0, 0x00, 0x00, 0xFF, 0x80, 0x00, 0x0B, 0xD0, 0x00,
    0x00, 0x7F, 0xC0, 0x00, 0x0F, 0xC0, 0x00, 0x00, 0x3F, 0xF8, 0x00, 0xBF, 0x40, 0x00, 0x00, 0x0F,
    0xFF, 0xFF, 0xFE, 0x00, 0x00, 0x00, 0x02, 0xFF, 0xFF, 0xE0, 0x00, 0x00, 0x00, 0x00, 0x06, 0xA4,
    0x00, 0x00, 0x00, 0x15, 0x55, 0x40, 0x00, 0x15, 0x54, 0xBF, 0xFF, 0xC0, 0x00, 0xBF, 0xFE, 0x2F,
    0xFE, 0x40, 0x00, 0x2B, 0xF8, 0x03, 0xFC, 0x00, 0x00, 0x03, 0xC0, 0x03, 0xFC, 0x00, 0x00, 0x0B,
    0xC0, 0x02, 0xFE, 0x00, 0x00, 0x0F, 0x80, 0x00, 0xFF, 0x00, 0x00, 0x0F, 0x00, 0x00, 0xFF, 0x00,
    0x00, 0x2F, 0x00, 0x00, 0xBF, 0x80, 0x00, 0x3E, 0x00, 0x00, 0x3F, 0xC0, 0x00, 0x7C, 0x00, 0x00,
    0x3F, 0xC0, 0x00, 0xBC, 0x00, 0x00, 0x2F, 0xE0, 0x00, 0xF8, 0x00, 0x00, 0x0F, 0xF0, 0x01, 0xF0,
    0x00, 0x00, 0x0B, 0xF0, 0x02, 0xF0, 0x00, 0x00, 0x03, 0xF8, 0x03, 0xE0, 0x00, 0x00, 0x03, 0xFC,
    0x0B, 0xC0, 0x00, 0x00, 0x02, 0xFD, 0x0F, 0xC0, 0x00, 0x00, 0x00, 0xFF, 0x0F, 0x40, 0x00, 0x00,
    0x00, 0xFF, 0x2F, 0x00, 0x00, 0x00, 0x00, 0xBF, 0xBE, 0x00, 0x00, 0x00, 0x00, 0x3F, 0xFC, 0x00,
    0x00, 0x00, 0x00, 0x3F, 0xFC, 0x00, 0x00, 0x00, 0x00, 0x2F, 0xF8, 0x00, 0x00, 0x00, 0x00, 0x0F,
    0xF0, 0x00, 0x00, 0x00, 0x00, 0x0B, 0xF0, 0x00, 0x00, 0x00, 0x00, 0x02, 0x80, 0x00, 0x00, 0x15,
    0x55, 0x00, 0x00, 0x54, 0x00, 0x05, 0x55, 0x40, 0xBF, 0xFF, 0x80, 0x00, 0xFC, 0x00, 0x0F, 0xFF,
    0xC0, 0x2F, 0xFA, 0x00, 0x02, 0xFE, 0x00, 0x06, 0xFE, 0x80, 0x0B, 0xF0, 0x00, 0x03, 0xFF, 0x00,
    0x00, 0xBC, 0x00, 0x03, 0xF8, 0x00, 0x03, 0xFF, 0x00, 0x00, 0xF8, 0x00, 0x03, 0xFC, 0x00, 0x0B,
    0xFF, 0x00, 0x00, 0xF4, 0x00, 0x02, 0xFC, 0x00, 0x0F, 0xBF, 0x80, 0x00, 0xF0, 0x00, 0x01, 0xFC,
    0x00, 0x0F, 0x2F, 0xC0, 0x02, 0xF0, 0x00, 0x00, 0xFE, 0x00, 0x2F, 0x1F, 0xC0, 0x03, 0xE0, 0x00,
    0x00, 0xFF, 0x00, 0x3E, 0x0F, 0xE0, 0x03, 0xD0, 0x00, 0x00, 0xBF, 0x00, 0x3E, 0x0F, 0xF0, 0x03,
    0xC0, 0x00, 0x00, 0x7F, 0x40, 0x3C, 0x0B, 0xF0, 0x0B, 0xC0, 0x00, 0x00, 0x3F, 0x80, 0xBC, 0x03,
    0xF8, 0x0B, 0x80, 0x00, 0x00, 0x3F, 0xC0, 0xF8, 0x03, 0xFC, 0x0F, 0x80, 0x00, 0x00, 0x2F, 0xC0,
    0xF0, 0x02, 0xFC, 0x0F, 0x00, 0x00, 0x00, 0x0F, 0xE2, 0xF0, 0x00, 0xFC, 0x2F, 0x00, 0x00, 0x00,
    0x0F, 0xE3, 0xE0, 0x00, 0xFE, 0x2E, 0x00, 0x00, 0x00, 0x0F, 0xF3, 0xD0, 0x00, 0xBF, 0x3E, 0x00,
    0x00, 0x00, 0x0B, 0xFF, 0xC0, 0x00, 0x7F, 0xBC, 0x00, 0x00, 0x00, 0x03, 0xFF, 0xC0, 0x00, 0x3F,
    0xFC, 0x00, 0x00, 0x00, 0x03, 0xFF, 0x80, 0x00, 0x3F, 0xFC, 0x00, 0x00, 0x00, 0x03, 0xFF, 0x00,
    0x00, 0x2F, 0xF8, 0x00, 0x00, 0x00, 0x02, 0xFF, 0x00, 0x00, 0x0F, 0xF0, 0x00, 0x00, 0x00, 0x00,
    0xFE, 0x00, 0x00, 0x0F, 0xF0, 0x00, 0x00, 0x00, 0x00, 0xFC, 0x00, 0x00, 0x0B, 0xF0, 0x00, 0x00,
    0x00, 0x00, 0xA8, 0x00, 0x00, 0x02, 0x80, 0x00, 0x00, 0x15, 0x55, 0x50, 0x01, 0x55, 0x50, 0x3F,
    0xFF, 0xF0, 0x0B, 0xFF, 0xF0, 0x2B, 0xFF, 0x90, 0x02, 0xBF, 0xA0, 0x02, 0xFF, 0x00, 0x00, 0xBC,
    0x00, 0x00, 0xFF, 0x80, 0x00, 0xF8, 0x00, 0x00, 0x3F, 0xC0, 0x03, 0xF0, 0x00, 0x00, 0x2F, 0xF0,
    0x0B, 0xC0, 0x00, 0x00, 0x0F, 0xF8, 0x2F, 0x80, 0x00, 0x00, 0x03, 0xFC, 0x3E, 0x00, 0x00, 0x00,
    0x02, 0xFF, 0xFC, 0x00, 0x00, 0x00, 0x00, 0xFF, 0xF0, 0x00, 0x00, 0x00, 0x00, 0x3F, 0xE0, 0x00,
    0x00, 0x00, 0x00, 0x2F, 0xF0, 0x00, 0x00, 0x00, 0x00, 0x3F, 0xF4, 0x00, 0x00, 0x00, 0x00, 0xBF,
    0xFC, 0x00, 0x00, 0x00, 0x00, 0xFB, 0xFE, 0x00, 0x00, 0x00, 0x03, 0xF0, 0xFF, 0x00, 0x00, 0x00,
    0x0B, 0xC0, 0xBF, 0xC0, 0x00, 0x00, 0x2F, 0x80, 0x3F, 0xE0, 0x00, 0x00, 0x3E, 0x00, 0x0F, 0xF0,
    0x00, 0x00, 0xFC, 0x00, 0x0B, 0xFC, 0x00, 0x02, 0xF0, 0x00, 0x03, 0xFE, 0x00, 0x0B, 0xE0, 0x00,
    0x02, 0xFF, 0x00, 0xBF, 0xFF, 0x00, 0x3F, 0xFF, 0xF8, 0xBF, 0xFF, 0x00, 0x3F, 0xFF, 0xF8, 0x15,
    0x55, 0x40, 0x01, 0x55, 0x50, 0xBF, 0xFF, 0xC0, 0x03, 0xFF, 0xF0, 0x2F, 0xFE, 0x40, 0x01, 0xBF,
    0xA0, 0x03, 0xFC, 0x00, 0x00, 0x3F, 0x00, 0x02, 0xFE, 0x00, 0x00, 0xBC, 0x00, 0x00, 0xFF, 0x00,
    0x00, 0xF8, 0x00, 0x00, 0xBF, 0x80, 0x03, 0xF0, 0x00, 0x00, 0x3F, 0xC0, 0x07, 0xD0, 0x00, 0x00,
    0x2F, 0xE0, 0x0F, 0xC0, 0x00, 0x00, 0x0F, 0xF0, 0x2F, 0x00, 0x00, 0x00, 0x07, 0xFC, 0x3E, 0x00,
    0x00, 0x00, 0x03, 0xFC, 0xFC, 0x00, 0x00, 0x00, 0x00, 0xFF, 0xF4, 0x00, 0x00, 0x00, 0x00, 0xBF,
    0xF0, 0x00, 0x00, 0x00, 0x00, 0x3F, 0xC0, 0x00, 0x00, 0x00, 0x00, 0x2F, 0xC0, 0x00, 0x00, 0x00,
    0x00, 0x2F, 0xC0, 0x00, 0x00, 0x00, 0x00, 0x2F, 0xC0, 0x00, 0x00, 0x00, 0x00, 0x2F, 0xC0, 0x00,
    0x00, 0x00, 0x00, 0x2F, 0xC0, 0x00, 0x00, 0x00, 0x00, 0x2F, 0xC0, 0x00, 0x00, 0x00, 0x00, 0x2F,
    0xC0, 0x00, 0x00, 0x00, 0x00, 0x3F, 0xC0, 0x00, 0x00, 0x00, 0x0B, 0xFF, 0xFF, 0x00, 0x00, 0x00,
    0x0B, 0xFF, 0xFF, 0x00, 0x00, 0x05, 0x55, 0x55, 0x55, 0x50, 0x3F, 0xFF, 0xFF, 0xFF, 0xF0, 0x3F,
    0xAA, 0xAA, 0xBF, 0xF0, 0x3F, 0x00, 0x00, 0x3F, 0xE0, 0x3E, 0x00, 0x00, 0xBF, 0xC0, 0x3E, 0x00,
    0x00, 0xFF, 0x00, 0x28, 0x00, 0x03, 0xFE, 0x00, 0x00, 0x00, 0x0B, 0xFC, 0x00, 0x00, 0x00, 0x0F,
    0xF0, 0x00, 0x00, 0x00, 0x3F, 0xE0, 0x00, 0x00, 0x00, 0xBF, 0xC0, 0x00, 0x00, 0x00, 0xFF, 0x00,
    0x00, 0x00, 0x03, 0xFE, 0x00, 0x00, 0x00, 0x0B, 0xFC, 0x00, 0x00, 0x00, 0x0F, 0xF4, 0x00, 0x00,
    0x00, 0x2F, 0xE0, 0x00, 0x00, 0x00, 0x7F, 0xC0, 0x00, 0x00, 0x00, 0xFF, 0x80, 0x00, 0x00, 0x02,
    0xFF, 0x00, 0x00, 0xF0, 0x03, 0xFC, 0x00, 0x00, 0xF4, 0x0F, 0xF8, 0x00, 0x00, 0xF4, 0x2F, 0xF0,
    0x00, 0x01, 0xF4, 0x3F, 0xC0, 0x00, 0x02, 0xF4, 0xBF, 0xFF, 0xFF, 0xFF, 0xF4, 0xBF, 0xFF, 0xFF,
    0xFF, 0xF4, 0x2A, 0xAA, 0xA0, 0x3F, 0xFF, 0xE0, 0x3F, 0x00, 0x00, 0x3F, 0x00, 0x00, 0x3F, 0x00,
    0x00, 0x3F, 0x00, 0x00, 0x3F, 0x00, 0x00, 0x3F, 0x00, 0x00, 0x3F, 0x00, 0x00, 0x3F, 0x00, 0x00,
    0x3F, 0x00, 0x00, 0x3F, 0x00, 0x00, 0x3F, 0x00, 0x00, 0x3F, 0x00, 0x00, 0x3F, 0x00, 0x00, 0x3F,
    0x00, 0x00, 0x3F, 0x00, 0x00, 0x3F, 0x00, 0x00, 0x3F, 0x00, 0x00, 0x3F, 0x00, 0x00, 0x3F, 0x00,
    0x00, 0x3F, 0x00, 0x00, 0x3F, 0x00, 0x00, 0x3F, 0x00, 0x00, 0x3F, 0x00, 0x00, 0x3F, 0x00, 0x00,
    0x3F, 0x00, 0x00, 0x3F, 0x00, 0x00, 0x3F, 0x00, 0x00, 0x3F, 0xFF, 0xE0, 0x2A, 0xAA, 0xA0, 0x14,
    0x00, 0x00, 0x00, 0x00, 0x2F, 0x00, 0x00, 0x00, 0x00, 0x0F, 0x80, 0x00, 0x00, 0x00, 0x0B, 0xC0,
    0x00, 0x00, 0x00, 0x03, 0xE0, 0x00, 0x00, 0x00, 0x02, 0xF0, 0x00, 0x00, 0x00, 0x00, 0xF8, 0x00,
    0x00, 0x00, 0x00, 0x7C, 0x00, 0x00, 0x00, 0x00, 0x3F, 0x00, 0x00, 0x00, 0x00, 0x0F, 0x00, 0x00,
    0x00, 0x00, 0x0B, 0xC0, 0x00, 0x00, 0x00, 0x03, 0xE0, 0x00, 0x00, 0x00, 0x02, 0xF0, 0x00, 0x00,
    0x00, 0x00, 0xF8, 0x00, 0x00, 0x00, 0x00, 0xBC, 0x00, 0x00, 0x00, 0x00, 0x3E, 0x00, 0x00, 0x00,
    0x00, 0x0F, 0x00, 0x00, 0x00, 0x00, 0x0F, 0xC0, 0x00, 0x00, 0x00, 0x03, 0xC0, 0x00, 0x00, 0x00,
    0x02, 0xF0, 0x00, 0x00, 0x00, 0x00, 0xF8, 0x00, 0x00, 0x00, 0x00, 0xBC, 0x00, 0x00, 0x00, 0x00,
    0x3E, 0x00, 0x00, 0x00, 0x00, 0x2F, 0x00, 0x00, 0x00, 0x00, 0x0F, 0x80, 0x00, 0x00, 0x00, 0x03,
    0xC0, 0x00, 0x00, 0x00, 0x03, 0xF0, 0x00, 0x00, 0x00, 0x00, 0xF0, 0x00, 0x00, 0x00, 0x00, 0x00,
    0x2A, 0xAA, 0x80, 0xBF, 0xFF, 0xE0, 0x00, 0x0F, 0xE0, 0x00, 0x0F, 0xE0, 0x00, 0x0F, 0xE0, 0x00,
    0x0F, 0xE0, 0x00, 0x0F, 0xE0, 0x00, 0x0F, 0xE0, 0x00, 0x0F, 0xE0, 0x00, 0x0F, 0xE0, 0x00, 0x0F,
    0xE0, 0x00, 0x0F, 0xE0, 0x00, 0x0F, 0xE0, 0x00, 0x0F, 0xE0, 0x00, 0x0F, 0xE0, 0x00, 0x0F, 0xE0,
    0x00, 0x0F, 0xE0, 0x00, 0x0F, 0xE0, 0x00, 0x0F, 0xE0, 0x00, 0x0F, 0xE0, 0x00, 0x0F, 0xE0, 0x00,
    0x0F, 0xE0, 0x00, 0x0F, 0xE0, 0x00, 0x0F, 0xE0, 0x00, 0x0F, 0xE0, 0x00, 0x0F, 0xE0, 0x00, 0x0F,
    0xE0, 0x00, 0x0F, 0xE0, 0x00, 0x0F, 0xE0, 0xBF, 0xFF, 0xE0, 0x2A, 0xAA, 0x80, 0x00, 0x00, 0x00,
    0x00, 0x00, 0x3F, 0xC0, 0x00, 0x00, 0xFF, 0xE0, 0x00, 0x02, 0xFF, 0xF0, 0x00, 0x03, 0xF0, 0xFC,
    0x00, 0x0F, 0xC0, 0x3F, 0x00, 0x3F, 0x00, 0x0F, 0x80, 0x00, 0x00, 0x00, 0x00, 0x00, 0x00, 0x00,
    0x00, 0x3F, 0xFF, 0xFF, 0xC0, 0x3F, 0xFF, 0xFF, 0xC0, 0x00, 0x00, 0x00, 0x00, 0x0A, 0x00, 0x00,
    0x3F, 0xC0, 0x00, 0x3F, 0xE0, 0x00, 0x1F, 0xF8, 0x00, 0x02, 0xFD, 0x00, 0x00, 0x7F, 0x00, 0x00,
    0x0B, 0xC0, 0x00, 0x00, 0x00, 0x00, 0x00, 0x00, 0x00, 0x00, 0x00, 0x6F, 0xFE, 0x00, 0x00, 0x0B,
    0xFF, 0xFF, 0xC0, 0x00, 0x2F, 0xC0, 0x2F, 0xF0, 0x00, 0x3F, 0xC0, 0x0B, 0xF0, 0x00, 0x3F, 0xC0,
    0x03, 0xF0, 0x00, 0x0A, 0x80, 0x03, 0xF0, 0x00, 0x00, 0x00, 0x03, 0xF0, 0x00, 0x00, 0x01, 0xBF,
    0xF0, 0x00, 0x00, 0xBF, 0xEB, 0xF0, 0x00, 0x0B, 0xFD, 0x03, 0xF0, 0x00, 0x3F, 0xD0, 0x03, 0xF0,
    0x00, 0xBF, 0x40, 0x03, 0xF0, 0x00, 0xBF, 0x00, 0x03, 0xF0, 0x00, 0xFF, 0x00, 0x03, 0xF0, 0x00,
    0xBF, 0x00, 0x0B, 0xF0, 0x00, 0xBF, 0xC0, 0xBF, 0xF4, 0x00, 0x3F, 0xFF, 0xF3, 0xFE, 0x80, 0x0B,
    0xFF, 0x03, 0xFF, 0xC0, 0x00, 0x00, 0x00, 0x00, 0x00, 0x00, 0xA8, 0x00, 0x00, 0x00, 0x2F, 0xF8,
    0x00, 0x00, 0x00, 0xBF, 0xF8, 0x00, 0x00, 0x00, 0x03, 0xF8, 0x00, 0x00, 0x00, 0x03, 0xF8, 0x00,
    0x00, 0x00, 0x03, 0xF8, 0x00, 0x00, 0x00, 0x03, 0xF8, 0x00, 0x00, 0x00, 0x03, 0xF8, 0x00, 0x00,
    0x00, 0x03, 0xF8, 0x00, 0x00, 0x00, 0x03, 0xF8, 0xBF, 0xF4, 0x00, 0x03, 0xFF, 0xFF, 0xFF, 0x00,
    0x03, 0xFE, 0x86, 0xFF, 0xC0, 0x03, 0xF8, 0x00, 0x3F, 0xE0, 0x03, 0xF8, 0x00, 0x0F, 0xF0, 0x03,
    0xF8, 0x00, 0x0B, 0xF8, 0x03, 0xF8, 0x00, 0x03, 0xF8, 0x03, 0xF8, 0x00, 0x03, 0xFC, 0x03, 0xF8,
    0x00, 0x03, 0xFC, 0x03, 0xF8, 0x00, 0x03, 0xF8, 0x03, 0xF8, 0x00, 0x03, 0xF8, 0x03, 0xF8, 0x00,
    0x03, 0xF4, 0x03, 0xF8, 0x00, 0x0B, 0xF0, 0x03, 0xF8, 0x00, 0x0F, 0xE0, 0x03, 0xF8, 0x00, 0x3F,
    0xC0, 0x03, 0xF8, 0x02, 0xFF, 0x00, 0x03, 0xFF, 0xFF, 0xF8, 0x00, 0x03, 0xFF, 0xFA, 0x40, 0x00,
    0x00, 0x00, 0x00, 0x00, 0x00, 0x0B, 0xFE, 0x00, 0x00, 0xFF, 0xFF, 0xE0, 0x07, 0xF8, 0x0B, 0xF0,
    0x0F, 0xE0, 0x0B, 0xF8, 0x3F, 0xC0, 0x0B, 0xF4, 0x3F, 0x80, 0x02, 0xE0, 0xBF, 0x00, 0x00, 0x00,
    0xBF, 0x00, 0x00, 0x00, 0xFF, 0x00, 0x00, 0x00, 0xFF, 0x00, 0x00, 0x00, 0xBF, 0x00, 0x00, 0x00,
    0xBF, 0x40, 0x00, 0x00, 0x7F, 0xC0, 0x00, 0x00, 0x3F, 0xC0, 0x00, 0x00, 0x2F, 0xF0, 0x00, 0x00,
    0x0F, 0xFE, 0x00, 0xB8, 0x03, 0xFF, 0xFF, 0xF8, 0x00, 0x7F, 0xFF, 0x80, 0x00, 0x00, 0x00, 0x00,
    0x00, 0x00, 0x00, 0x2A, 0x00, 0x00, 0x00, 0x0B, 0xFF, 0x00, 0x00, 0x00, 0x0F, 0xFF, 0x00, 0x00,
    0x00, 0x00, 0x7F, 0x00, 0x00, 0x00, 0x00, 0x3F, 0x00, 0x00, 0x00, 0x00, 0x3F, 0x00, 0x00, 0x00,
    0x00, 0x3F, 0x00, 0x00, 0x00, 0x00, 0x3F, 0x00, 0x00, 0x00, 0x00, 0x3F, 0x00, 0x00, 0x0B, 0xFF,
    0xFF, 0x00, 0x00, 0xFF, 0xFF, 0xFF, 0x00, 0x03, 0xFC, 0x00, 0xBF, 0x00, 0x0F, 0xF0, 0x00, 0x3F,
    0x00, 0x2F, 0xC0, 0x00, 0x3F, 0x00, 0x3F, 0x80, 0x00, 0x3F, 0x00, 0x7F, 0x00, 0x00, 0x3F, 0x00,
    0xBF, 0x00, 0x00, 0x3F, 0x00, 0xBF, 0x00, 0x00, 0x3F, 0x00, 0xFF, 0x00, 0x00, 0x3F, 0x00, 0xFF,
    0x00, 0x00, 0x3F, 0x00, 0xBF, 0x00, 0x00, 0x3F, 0x00, 0xBF, 0x80, 0x00, 0x3F, 0x00, 0x3F, 0xC0,
    0x00, 0x3F, 0x00, 0x3F, 0xF0, 0x00, 0xBF, 0x00, 0x0F, 0xFE, 0x0B, 0xFF, 0x00, 0x0B, 0xFF, 0xFF,
    0xBF, 0xE0, 0x00, 0xFF, 0xF8, 0x3F, 0xF8, 0x00, 0x00, 0x00, 0x00, 0x00, 0x00, 0x00, 0x00, 0x00,
    0x00, 0x1B, 0xFE, 0x00, 0x00, 0xFF, 0xFF, 0xC0, 0x07, 0xF8, 0x0F, 0xF0, 0x0F, 0xC0, 0x03, 0xF8,
    0x3F, 0x80, 0x02, 0xFC, 0x3F, 0x00, 0x00, 0xFC, 0xBF, 0x40, 0x02, 0xFE, 0xBF, 0xFF, 0xFF, 0xFE,
    0xFF, 0xAA, 0xAA, 0xA8, 0xFF, 0x00, 0x00, 0x00, 0xBF, 0x00, 0x00, 0x00, 0xBF, 0x00, 0x00, 0x00,
    0xBF, 0x80, 0x00, 0x00, 0x3F, 0xC0, 0x00, 0x00, 0x2F, 0xF0, 0x00, 0x0E, 0x0F, 0xFE, 0x00, 0xBE,
    0x03, 0xFF, 0xFF, 0xF8, 0x00, 0x7F, 0xFF, 0x80, 0x00, 0x00, 0x00, 0x00, 0x00, 0x00, 0x2A, 0x80,
    0x00, 0x03, 0xFF, 0xF0, 0x00, 0x0F, 0xAF, 0xF0, 0x00, 0x3F, 0x03, 0xF0, 0x00, 0x7E, 0x00, 0x80,
    0x00, 0xFC, 0x00, 0x00, 0x00, 0xFC, 0x00, 0x00, 0x01, 0xFC, 0x00, 0x00, 0x02, 0xFC, 0x00, 0x00,
    0x02, 0xFC, 0x00, 0x00, 0x2F, 0xFF, 0xFE, 0x00, 0x2B, 0xFE, 0xA8, 0x00, 0x02, 0xFC, 0x00, 0x00,
    0x02, 0xFC, 0x00, 0x00, 0x02, 0xFC, 0x00, 0x00, 0x02, 0xFC, 0x00, 0x00, 0x02, 0xFC, 0x00, 0x00,
    0x02, 0xFC, 0x00, 0x00, 0x02, 0xFC, 0x00, 0x00, 0x02, 0xFC, 0x00, 0x00, 0x02, 0xFC, 0x00, 0x00,
    0x02, 0xFC, 0x00, 0x00, 0x02, 0xFC, 0x00, 0x00, 0x02, 0xFC, 0x00, 0x00, 0x02, 0xFC, 0x00, 0x00,
    0x2B, 0xFF, 0xA0, 0x00, 0x3F, 0xFF, 0xF0, 0x00, 0x00, 0x00, 0x00, 0x00, 0x00, 0x00, 0x2F, 0xF8,
    0x00, 0x00, 0x03, 0xFE, 0xBF, 0xFF, 0xC0, 0x0F, 0xF0, 0x0F, 0xFF, 0xC0, 0x2F, 0xC0, 0x0B, 0xF0,
    0x00, 0x3F, 0xC0, 0x03, 0xF8, 0x00, 0x3F, 0x80, 0x03, 0xF8, 0x00, 0x3F, 0x80, 0x03, 0xF8, 0x00,
    0x3F, 0xC0, 0x03, 0xF8, 0x00, 0x2F, 0xC0, 0x0B, 0xF0, 0x00, 0x0F, 0xF0, 0x0F, 0xE0, 0x00, 0x03,
    0xFF, 0xFF, 0x80, 0x00, 0x00, 0x3F, 0xF8, 0x00, 0x00, 0x00, 0xBC, 0x00, 0x00, 0x00, 0x00, 0xF8,
    0x00, 0x00, 0x00, 0x00, 0xFE, 0xA0, 0x00, 0x00, 0x00, 0xFF, 0xFF, 0xE0, 0x00, 0x02, 0xFF, 0xFF,
    0xFC, 0x00, 0x0F, 0xD0, 0x2F, 0xFF, 0x00, 0x3F, 0x00, 0x00, 0xFF, 0x00, 0xBE, 0x00, 0x00, 0x3F,
    0x40, 0xFE, 0x00, 0x00, 0x3F, 0x00, 0xFF, 0x00, 0x00, 0x3F, 0x00, 0xBF, 0x40, 0x00, 0xFC, 0x00,
    0x3F, 0xE0, 0x03, 0xF0, 0x00, 0x0F, 0xFE, 0xBF, 0xC0, 0x00, 0x02, 0xFF, 0xF8, 0x00, 0x00, 0x00,
    0x00, 0x00, 0x00, 0x00, 0x00, 0xA8, 0x00, 0x00, 0x00, 0x2F, 0xF8, 0x00, 0x00, 0x00, 0xBF, 0xF8,
    0x00, 0x00, 0x00, 0x03, 0xF8, 0x00, 0x00, 0x00, 0x03, 0xF8, 0x00, 0x00, 0x00, 0x03, 0xF8, 0x00,
    0x00, 0x00, 0x03, 0xF8, 0x00, 0x00, 0x00, 0x03, 0xF8, 0x00, 0x00, 0x00, 0x03, 0xF8, 0x00, 0x00,
    0x00, 0x03, 0xF8, 0x0B, 0xF8, 0x00, 0x03, 0xF8, 0xFF, 0xFF, 0x00, 0x03, 0xFF, 0xFF, 0xFF, 0xC0,
    0x03, 0xFE, 0x00, 0x3F, 0xC0, 0x03, 0xF8, 0x00, 0x1F, 0xD0, 0x03, 0xF8, 0x00, 0x0F, 0xE0, 0x03,
    0xF8, 0x00, 0x0F, 0xE0, 0x03, 0xF8, 0x00, 0x0F, 0xE0, 0x03, 0xF8, 0x00, 0x0F, 0xE0, 0x03, 0xF8,
    0x00, 0x0F, 0xE0, 0x03, 0xF8, 0x00, 0x0F, 0xE0, 0x03, 0xF8, 0x00, 0x0F, 0xE0, 0x03, 0xF8, 0x00,
    0x0F, 0xE0, 0x03, 0xF8, 0x00, 0x0F, 0xE0, 0x03, 0xF8, 0x00, 0x0F, 0xE0, 0x03, 0xF8, 0x00, 0x0F,
    0xE0, 0x2F, 0xFF, 0x80, 0xBF, 0xFA, 0x3F, 0xFF, 0xC0, 0xFF, 0xFF, 0x01, 0xA0, 0x00, 0x07, 0xF8,
    0x00, 0x0B, 0xFC, 0x00, 0x0B, 0xF8, 0x00, 0x02, 0xE0, 0x00, 0x00, 0x00, 0x00, 0x00, 0x00, 0x00,
    0x00, 0x00, 0x00, 0x06, 0xF0, 0x00, 0xBF, 0xF0, 0x00, 0xBF, 0xF0, 0x00, 0x03, 0xF0, 0x00, 0x03,
    0xF0, 0x00, 0x03, 0xF0, 0x00, 0x03, 0xF0, 0x00, 0x03, 0xF0, 0x00, 0x03, 0xF0, 0x00, 0x03, 0xF0,
    0x00, 0x03, 0xF0, 0x00, 0x03, 0xF0, 0x00, 0x03, 0xF0, 0x00, 0x03, 0xF0, 0x00, 0x03, 0xF0, 0x00,
    0x07, 0xF0, 0x00, 0xAF, 0xFE, 0x80, 0xFF, 0xFF, 0x80, 0x00, 0x02, 0xA0, 0x00, 0x0B, 0xF8, 0x00,
    0x0F, 0xF8, 0x00, 0x0B, 0xF8, 0x00, 0x02, 0xE0, 0x00, 0x00, 0x00, 0x00, 0x00, 0x00, 0x00, 0x00,
    0x00, 0x00, 0x02, 0xF0, 0x00, 0xBF, 0xF0, 0x00, 0xAF, 0xF0, 0x00, 0x03, 0xF0, 0x00, 0x03, 0xF0,
    0x00, 0x03, 0xF0, 0x00, 0x03, 0xF0, 0x00, 0x03, 0xF0, 0x00, 0x03, 0xF0, 0x00, 0x03, 0xF0, 0x00,
    0x03, 0xF0, 0x00, 0x03, 0xF0, 0x00, 0x03, 0xF0, 0x00, 0x03, 0xF0, 0x00, 0x03, 0xF0, 0x00, 0x03,
    0xF0, 0x00, 0x03, 0xF0, 0x00, 0x03, 0xF0, 0x00, 0x03, 0xF0, 0x00, 0x03, 0xF0, 0x00, 0x03, 0xF0,
    0x00, 0x07, 0xE0, 0x38, 0x0B, 0xC0, 0xFF, 0x0F, 0x80, 0xFF, 0xFE, 0x00, 0x3F, 0xE0, 0x00, 0x00,
    0x00, 0x00, 0x00, 0xA8, 0x00, 0x00, 0x00, 0x2F, 0xF8, 0x00, 0x00, 0x00, 0xBF, 0xF8, 0x00, 0x00,
    0x00, 0x03, 0xF8, 0x00, 0x00, 0x00, 0x03, 0xF8, 0x00, 0x00, 0x00, 0x03, 0xF8, 0x00, 0x00, 0x00,
    0x03, 0xF8, 0x00, 0x00, 0x00, 0x03, 0xF8, 0x00, 0x00, 0x00, 0x03, 0xF8, 0x00, 0x00, 0x00, 0x03,
    0xF8, 0x02, 0xAA, 0xA0, 0x03, 0xF8, 0x03, 0xFF, 0xF0, 0x03, 0xF8, 0x00, 0xBE, 0x00, 0x03, 0xF8,
    0x00, 0xF8, 0x00, 0x03, 0xF8, 0x03, 0xE0, 0x00, 0x03, 0xF8, 0x0F, 0x80, 0x00, 0x03, 0xF8, 0x3E,
    0x00, 0x00, 0x03, 0xF8, 0xFC, 0x00, 0x00, 0x03, 0xFF, 0xFF, 0x00, 0x00, 0x03, 0xFE, 0xFF, 0x80,
    0x00, 0x03, 0xF8, 0x3F, 0xC0, 0x00, 0x03, 0xF8, 0x0F, 0xF0, 0x00, 0x03, 0xF8, 0x0B, 0xF8, 0x00,
    0x03, 0xF8, 0x03, 0xFC, 0x00, 0x03, 0xF8, 0x00, 0xFF, 0x00, 0x03, 0xF8, 0x00, 0xBF, 0x80, 0x2F,
    0xFF, 0x80, 0x3F, 0xF8, 0x3F, 0xFF, 0xC0, 0x3F, 0xFC, 0x00, 0xA8, 0x00, 0x2F, 0xFC, 0x00, 0x3F,
    0xFC, 0x00, 0x02, 0xFC, 0x00, 0x01, 0xFC, 0x00, 0x01, 0xFC, 0x00, 0x01, 0xFC, 0x00, 0x01, 0xFC,
    0x00, 0x01, 0xFC, 0x00, 0x01, 0xFC, 0x00, 0x01, 0xFC, 0x00, 0x01, 0xFC, 0x00, 0x01, 0xFC, 0x00,
    0x01, 0xFC, 0x00, 0x01, 0xFC, 0x00, 0x01, 0xFC, 0x00, 0x01, 0xFC, 0x00, 0x01, 0xFC, 0x00, 0x01,
    0xFC, 0x00, 0x01, 0xFC, 0x00, 0x01, 0xFC, 0x00, 0x01, 0xFC, 0x00, 0x01, 0xFC, 0x00, 0x01, 0xFC,
    0x00, 0x02, 0xFC, 0x00, 0x2B, 0xFF, 0xA0, 0x3F, 0xFF, 0xF0, 0x00, 0x00, 0x00, 0x00, 0x00, 0x00,
    0x00, 0x00, 0x00, 0x64, 0x0B, 0xF8, 0x00, 0xBF, 0x80, 0x00, 0x2F, 0xF8, 0xFF, 0xFF, 0x0B, 0xFF,
    0xF0, 0x00, 0x3F, 0xFF, 0xFF, 0xFF, 0xFF, 0xFF, 0xFC, 0x00, 0x03, 0xFE, 0x00, 0xBF, 0xE0, 0x03,
    0xFC, 0x00, 0x03, 0xF8, 0x00, 0x3F, 0xC0, 0x02, 0xFC, 0x00, 0x03, 0xF8, 0x00, 0x2F, 0xC0, 0x00,
    0xFD, 0x00, 0x03, 0xF8, 0x00, 0x2F, 0xC0, 0x00, 0xFD, 0x00, 0x03, 0xF8, 0x00, 0x2F, 0xC0, 0x00,
    0xFD, 0x00, 0x03, 0xF8, 0x00, 0x2F, 0xC0, 0x00, 0xFD, 0x00, 0x03, 0xF8, 0x00, 0x2F, 0xC0, 0x00,
    0xFD, 0x00, 0x03, 0xF8, 0x00, 0x2F, 0xC0, 0x00, 0xFD, 0x00, 0x03, 0xF8, 0x00, 0x2F, 0xC0, 0x00,
    0xFD, 0x00, 0x03, 0xF8, 0x00, 0x2F, 0xC0, 0x00, 0xFD, 0x00, 0x03, 0xF8, 0x00, 0x2F, 0xC0, 0x00,
    0xFD, 0x00, 0x03, 0xF8, 0x00, 0x2F, 0xC0, 0x00, 0xFD, 0x00, 0x03, 0xF8, 0x00, 0x2F, 0xC0, 0x00,
    0xFE, 0x00, 0x2F, 0xFF, 0x82, 0xBF, 0xF8, 0x0B, 0xFF, 0xA0, 0x3F, 0xFF, 0xC2, 0xFF, 0xFC, 0x0F,
    0xFF, 0xF0, 0x00, 0x00, 0x00, 0x00, 0x00, 0x00, 0xA4, 0x0B, 0xF8, 0x00, 0x2F, 0xF8, 0xFF, 0xFF,
    0x00, 0x3F, 0xFF, 0xFF, 0xFF, 0xC0, 0x03, 0xFE, 0x00, 0x3F, 0xC0, 0x03, 0xF8, 0x00, 0x2F, 0xC0,
    0x03, 0xF8, 0x00, 0x0F, 0xD0, 0x03, 0xF8, 0x00, 0x0F, 0xE0, 0x03, 0xF8, 0x00, 0x0F, 0xE0, 0x03,
    0xF8, 0x00, 0x0F, 0xE0, 0x03, 0xF8, 0x00, 0x0F, 0xE0, 0x03, 0xF8, 0x00, 0x0F, 0xE0, 0x03, 0xF8,
    0x00, 0x0F, 0xE0, 0x03, 0xF8, 0x00, 0x0F, 0xE0, 0x03, 0xF8, 0x00, 0x0F, 0xE0, 0x03, 0xF8, 0x00,
    0x0F, 0xE0, 0x03, 0xF8, 0x00, 0x0F, 0xE0, 0x2F, 0xFF, 0x80, 0xBF, 0xFA, 0x3F, 0xFF, 0xC0, 0xFF,
    0xFE, 0x00, 0x00, 0x00, 0x00, 0x00, 0x00, 0x1B, 0xFE, 0x00, 0x00, 0x00, 0xFF, 0xFF, 0xF0, 0x00,
    0x07, 0xF8, 0x03, 0xFC, 0x00, 0x0F, 0xE0, 0x00, 0xFF, 0x00, 0x3F, 0xC0, 0x00, 0xBF, 0x40, 0x3F,
    0x80, 0x00, 0x3F, 0xC0, 0xBF, 0x40, 0x00, 0x3F, 0xC0, 0xBF, 0x00, 0x00, 0x2F, 0xC0, 0xFF, 0x00,
    0x00, 0x2F, 0xD0, 0xFF, 0x00, 0x00, 0x2F, 0xD0, 0xBF, 0x00, 0x00, 0x2F, 0xC0, 0xBF, 0x00, 0x00,
    0x2F, 0xC0, 0x3F, 0x80, 0x00, 0x3F, 0xC0, 0x3F, 0xC0, 0x00, 0x3F, 0x80, 0x2F, 0xE0, 0x00, 0xFF,
    0x00, 0x0F, 0xF0, 0x02, 0xFC, 0x00, 0x02, 0xFE, 0xAF, 0xF0, 0x00, 0x00, 0x3F, 0xFF, 0x80, 0x00,
    0x00, 0x00, 0x00, 0x00, 0x00, 0x00, 0x00, 0x00, 0x00, 0x00, 0x00, 0x64, 0x2F, 0xF8, 0x00, 0x2F,
    0xF9, 0xFF, 0xFF, 0x00, 0x3F, 0xFF, 0xFB, 0xFF, 0xC0, 0x03, 0xFD, 0x00, 0x7F, 0xE0, 0x03, 0xF8,
    0x00, 0x0F, 0xF0, 0x03, 0xF8, 0x00, 0x0B, 0xF8, 0x03, 0xF8, 0x00, 0x03, 0xF8, 0x03, 0xF8, 0x00,
    0x03, 0xFC, 0x03, 0xF8, 0x00, 0x03, 0xFC, 0x03, 0xF8, 0x00, 0x03, 0xFC, 0x03, 0xF8, 0x00, 0x03,
    0xFC, 0x03, 0xF8, 0x00, 0x03, 0xF8, 0x03, 0xF8, 0x00, 0x03, 0xF4, 0x03, 0xF8, 0x00, 0x0F, 0xF0,
    0x03, 0xF8, 0x00, 0x1F, 0xE0, 0x03, 0xF8, 0x00, 0xBF, 0xC0, 0x03, 0xFF, 0xAB, 0xFE, 0x00, 0x03,
    0xFF, 0xFF, 0xE0, 0x00, 0x03, 0xF8, 0x00, 0x00, 0x00, 0x03, 0xF8, 0x00, 0x00, 0x00, 0x03, 0xF8,
    0x00, 0x00, 0x00, 0x03, 0xF8, 0x00, 0x00, 0x00, 0x03, 0xF8, 0x00, 0x00, 0x00, 0x03, 0xFC, 0x00,
    0x00, 0x00, 0x3F, 0xFF, 0xE0, 0x00, 0x00, 0x3F, 0xFF, 0xE0, 0x00, 0x00, 0x00, 0x00, 0x00, 0x00,
    0x00, 0x00, 0x0A, 0xFF, 0xFA, 0x00, 0x00, 0xBF, 0xFF, 0xFF, 0x00, 0x03, 0xFC, 0x00, 0xBF, 0x00,
    0x0F, 0xF0, 0x00, 0xBF, 0x00, 0x2F, 0xC0, 0x00, 0xBF, 0x00, 0x3F, 0x80, 0x00, 0xBF, 0x00, 0xBF,
    0x00, 0x00, 0xBF, 0x00, 0xBF, 0x00, 0x00, 0xBF, 0x00, 0xFF, 0x00, 0x00, 0xBF, 0x00, 0xFF, 0x00,
    0x00, 0xBF, 0x00, 0xFF, 0x00, 0x00, 0xBF, 0x00, 0xBF, 0x00, 0x00, 0xBF, 0x00, 0xBF, 0x80, 0x00,
    0xBF, 0x00, 0x3F, 0xC0, 0x00, 0xBF, 0x00, 0x2F, 0xF0, 0x00, 0xBF, 0x00, 0x0F, 0xFC, 0x00, 0xFF,
    0x00, 0x03, 0xFF, 0xFF, 0xFF, 0x00, 0x00, 0xBF, 0xFD, 0xFF, 0x00, 0x00, 0x00, 0x00, 0xBF, 0x00,
    0x00, 0x00, 0x00, 0xBF, 0x00, 0x00, 0x00, 0x00, 0xBF, 0x00, 0x00, 0x00, 0x00, 0xBF, 0x00, 0x00,
    0x00, 0x00, 0xBF, 0x00, 0x00, 0x00, 0x00, 0xFF, 0x00, 0x00, 0x00, 0x2F, 0xFF, 0xF0, 0x00, 0x00,
    0x2F, 0xFF, 0xF0, 0x00, 0x00, 0x00, 0x00, 0x00, 0x68, 0x0F, 0xE0, 0x2F, 0xFC, 0x3F, 0xF0, 0x3F,
    0xFC, 0xFF, 0xF0, 0x02, 0xFF, 0xE6, 0xF0, 0x02, 0xFF, 0x00, 0x00, 0x02, 0xFC, 0x00, 0x00, 0x02,
    0xFC, 0x00, 0x00, 0x02, 0xFC, 0x00, 0x00, 0x02, 0xFC, 0x00, 0x00, 0x02, 0xFC, 0x00, 0x00, 0x02,
    0xFC, 0x00, 0x00, 0x02, 0xFC, 0x00, 0x00, 0x02, 0xFC, 0x00, 0x00, 0x02, 0xFC, 0x00, 0x00, 0x02,
    0xFC, 0x00, 0x00, 0x02, 0xFC, 0x00, 0x00, 0x2F, 0xFF, 0xA0, 0x00, 0x3F, 0xFF, 0xF0, 0x00, 0x00,
    0x00, 0x00, 0x00, 0x01, 0xBF, 0xF8, 0x00, 0x0F, 0xFF, 0xFE, 0x00, 0x3F, 0x80, 0x3E, 0x00, 0x3F,
    0x00, 0x2E, 0x00, 0xBF, 0x00, 0x2E, 0x00, 0xBF, 0x00, 0x00, 0x00, 0x7F, 0xD0, 0x00, 0x00, 0x3F,
    0xFC, 0x00, 0x00, 0x0F, 0xFF, 0xC0, 0x00, 0x01, 0xFF, 0xF8, 0x00, 0x00, 0x2F, 0xFE, 0x00, 0x00,
    0x02, 0xFF, 0x00, 0x60, 0x00, 0xBF, 0x00, 0xF0, 0x00, 0x3F, 0x00, 0xF8, 0x00, 0x3F, 0x00, 0xF8,
    0x00, 0xFE, 0x00, 0xFF, 0xAB, 0xF8, 0x00, 0xBF, 0xFF, 0xC0, 0x00, 0x00, 0x00, 0x00, 0x00, 0x00,
    0x38, 0x00, 0x00, 0x00, 0xB8, 0x00, 0x00, 0x00, 0xF8, 0x00, 0x00, 0x02, 0xF8, 0x00, 0x00, 0x0F,
    0xFE, 0xAA, 0x00, 0x3F, 0xFF, 0xFF, 0x00, 0x17, 0xFD, 0x54, 0x00, 0x03, 0xF8, 0x00, 0x00, 0x03,
    0xF8, 0x00, 0x00, 0x03, 0xF8, 0x00, 0x00, 0x03, 0xF8, 0x00, 0x00, 0x03, 0xF8, 0x00, 0x00, 0x03,
    0xF8, 0x00, 0x00, 0x03, 0xF8, 0x00, 0x00, 0x03, 0xF8, 0x00, 0x00, 0x03, 0xF8, 0x00, 0x00, 0x03,
    0xF8, 0x00, 0x00, 0x03, 0xFC, 0x00, 0x00, 0x03, 0xFC, 0x00, 0x00, 0x02, 0xFE, 0x00, 0x00, 0x01,
    0xFF, 0xFF, 0x00, 0x00, 0xBF, 0xFE, 0x00, 0x00, 0x00, 0x00, 0x00, 0x00, 0x00, 0x00, 0x00, 0x00,
    0x02, 0xF8, 0x00, 0x0B, 0xD0, 0x3F, 0xF8, 0x02, 0xFF, 0xD0, 0x3F, 0xF8, 0x02, 0xFF, 0xD0, 0x03,
    0xF8, 0x00, 0x0F, 0xD0, 0x03, 0xF8, 0x00, 0x0F, 0xD0, 0x03, 0xF8, 0x00, 0x0F, 0xD0, 0x03, 0xF8,
    0x00, 0x0F, 0xD0, 0x03, 0xF8, 0x00, 0x0F, 0xD0, 0x03, 0xF8, 0x00, 0x0F, 0xD0, 0x03, 0xF8, 0x00,
    0x0F, 0xD0, 0x03, 0xF8, 0x00, 0x0F, 0xD0, 0x03, 0xF8, 0x00, 0x0F, 0xD0, 0x03, 0xFC, 0x00, 0x0F,
    0xD0, 0x03, 0xFC, 0x00, 0x0F, 0xD0, 0x02, 0xFE, 0x00, 0x0F, 0xD0, 0x01, 0xFF, 0x92, 0xFF, 0xE0,
    0x00, 0xFF, 0xFF, 0xEF, 0xFA, 0x00, 0x2F, 0xFE, 0x0F, 0xFE, 0x00, 0x00, 0x00, 0x00, 0x00, 0x6A,
    0xAA, 0x00, 0x6A, 0xA8, 0xBF, 0xFF, 0x40, 0xBF, 0xFC, 0x0B, 0xF0, 0x00, 0x0B, 0xC0, 0x03, 0xF4,
    0x00, 0x0F, 0x00, 0x03, 0xFC, 0x00, 0x0F, 0x00, 0x02, 0xFC, 0x00, 0x2E, 0x00, 0x00, 0xFE, 0x00,
    0x3C, 0x00, 0x00, 0xFF, 0x00, 0xBC, 0x00, 0x00, 0xBF, 0x00, 0xF0, 0x00, 0x00, 0x3F, 0x80, 0xF0,
    0x00, 0x00, 0x2F, 0xC2, 0xE0, 0x00, 0x00, 0x0F, 0xC3, 0xC0, 0x00, 0x00, 0x0F, 0xEB, 0xC0, 0x00,
    0x00, 0x0B, 0xFF, 0x00, 0x00, 0x00, 0x03, 0xFF, 0x00, 0x00, 0x00, 0x03, 0xFE, 0x00, 0x00, 0x00,
    0x02, 0xFC, 0x00, 0x00, 0x00, 0x00, 0xFC, 0x00, 0x00, 0x6A, 0xAA, 0x00, 0x0A, 0x00, 0x0A, 0xAA,
    0xBF, 0xFF, 0x00, 0x3F, 0x80, 0x2F, 0xFF, 0x0B, 0xF0, 0x00, 0x3F, 0xC0, 0x02, 0xF0, 0x07, 0xF0,
    0x00, 0xBF, 0xC0, 0x02, 0xE0, 0x03, 0xF8, 0x00, 0xFF, 0xE0, 0x03, 0xD0, 0x03, 0xFC, 0x00, 0xFB,
    0xF0, 0x03, 0xC0, 0x02, 0xFC, 0x02, 0xE3, 0xF0, 0x0B, 0x80, 0x00, 0xFD, 0x03, 0xC3, 0xF8, 0x0F,
    0x80, 0x00, 0xFE, 0x03, 0xC2, 0xFC, 0x0F, 0x00, 0x00, 0xBF, 0x0B, 0x80, 0xFC, 0x1F, 0x00, 0x00,
    0x3F, 0x0F, 0x00, 0xFD, 0x2E, 0x00, 0x00, 0x3F, 0x8F, 0x00, 0xBE, 0x3C, 0x00, 0x00, 0x2F, 0xAE,
    0x00, 0x3F, 0x7C, 0x00, 0x00, 0x2F, 0xFC, 0x00, 0x3F, 0xF8, 0x00, 0x00, 0x0F, 0xFC, 0x00, 0x2F,
    0xF0, 0x00, 0x00, 0x0F, 0xF8, 0x00, 0x0F, 0xF0, 0x00, 0x00, 0x0B, 0xF0, 0x00, 0x0F, 0xE0, 0x00,
    0x00, 0x03, 0xF0, 0x00, 0x0B, 0xC0, 0x00, 0x2A, 0xAA, 0x02, 0xAA, 0x80, 0xBF, 0xFF, 0x83, 0xFF,
    0xE0, 0x0B, 0xFC, 0x00, 0xBE, 0x00, 0x02, 0xFE, 0x00, 0xF8, 0x00, 0x00, 0xFF, 0x02, 0xF0, 0x00,
    0x00, 0x3F, 0xCB, 0xC0, 0x00, 0x00, 0x2F, 0xFF, 0x40, 0x00, 0x00, 0x0F, 0xFE, 0x00, 0x00, 0x00,
    0x03, 0xFC, 0x00, 0x00, 0x00, 0x03, 0xFE, 0x00, 0x00, 0x00, 0x07, 0xFF, 0x00, 0x00, 0x00, 0x0F,
    0xBF, 0xC0, 0x00, 0x00, 0x3F, 0x2F, 0xE0, 0x00, 0x00, 0xBC, 0x0F, 0xF4, 0x00, 0x02, 0xF0, 0x03,
    0xFC, 0x00, 0x03, 0xE0, 0x02, 0xFF, 0x00, 0xBF, 0xF8, 0x0B, 0xFF, 0xE0, 0xBF, 0xFC, 0x0F, 0xFF,
    0xF0, 0x6A, 0xAA, 0x00, 0xAA, 0xA8, 0xBF, 0xFF, 0x40, 0xFF, 0xFC, 0x0B, 0xF0, 0x00, 0x0B, 0xC0,
    0x03, 0xF8, 0x00, 0x0F, 0x40, 0x03, 0xFC, 0x00, 0x0F, 0x00, 0x02, 0xFC, 0x00, 0x2E, 0x00, 0x00,
    0xFE, 0x00, 0x3C, 0x00, 0x00, 0xBF, 0x00, 0xBC, 0x00, 0x00, 0x3F, 0x40, 0xF0, 0x00, 0x00, 0x3F,
    0xC0, 0xF0, 0x00, 0x00, 0x2F, 0xC2, 0xE0, 0x00, 0x00, 0x0F, 0xE3, 0xC0, 0x00, 0x00, 0x0F, 0xFB,
    0x80, 0x00, 0x00, 0x03, 0xFF, 0x00, 0x00, 0x00, 0x03, 0xFF, 0x00, 0x00, 0x00, 0x02, 0xFE, 0x00,
    0x00, 0x00, 0x00, 0xFC, 0x00, 0x00, 0x00, 0x00, 0xF8, 0x00, 0x00, 0x00, 0x00, 0xF0, 0x00, 0x00,
    0x00, 0x00, 0xF0, 0x00, 0x00, 0x00, 0x03, 0xD0, 0x00, 0x00, 0x00, 0x07, 0xC0, 0x00, 0x00, 0x2E,
    0x0F, 0x40, 0x00, 0x00, 0x3F, 0xFE, 0x00, 0x00, 0x00, 0x3F, 0xFC, 0x00, 0x00, 0x00, 0x2F, 0xE0,
    0x00, 0x00, 0x00, 0x00, 0x00, 0x00, 0x00, 0x00, 0x2A, 0xAA, 0xAA, 0xA0, 0xBF, 0xFF, 0xFF, 0xF0,
    0xBD, 0x00, 0x3F, 0xE0, 0xBC, 0x00, 0x3F, 0xC0, 0xB8, 0x00, 0xFF, 0x00, 0x24, 0x02, 0xFE, 0x00,
    0x00, 0x07, 0xFC, 0x00, 0x00, 0x0F, 0xF0, 0x00, 0x00, 0x3F, 0xE0, 0x00, 0x00, 0xBF, 0xC0, 0x00,
    0x00, 0xFF, 0x00, 0x00, 0x03, 0xFE, 0x00, 0x00, 0x0B, 0xF8, 0x00, 0xA0, 0x0F, 0xF0, 0x00, 0xF8,
    0x3F, 0xC0, 0x00, 0xF8, 0xBF, 0x80, 0x00, 0xF8, 0xFF, 0xFF, 0xFF, 0xF8, 0xFF, 0xFF, 0xFF, 0xF8,
    0x00, 0x00, 0x02, 0x80, 0x00, 0x02, 0xFF, 0xC0, 0x00, 0x0B, 0xF8, 0x00, 0x00, 0x0F, 0xC0, 0x00,
    0x00, 0x2F, 0xC0, 0x00, 0x00, 0x2F, 0x80, 0x00, 0x00, 0x2F, 0x80, 0x00, 0x00, 0x2F, 0x80, 0x00,
    0x00, 0x2F, 0x80, 0x00, 0x00, 0x2F, 0x80, 0x00, 0x00, 0x3F, 0x80, 0x00, 0x00, 0x3F, 0x40, 0x00,
    0x00, 0x3F, 0x00, 0x00, 0x00, 0xFE, 0x00, 0x00, 0xAB, 0xF4, 0x00, 0x00, 0xFF, 0xC0, 0x00, 0x00,
    0x0B, 0xF8, 0x00, 0x00, 0x00, 0xBE, 0x00, 0x00, 0x00, 0x3F, 0x00, 0x00, 0x00, 0x3F, 0x40, 0x00,
    0x00, 0x3F, 0x80, 0x00, 0x00, 0x2F, 0x80, 0x00, 0x00, 0x2F, 0x80, 0x00, 0x00, 0x2F, 0x80, 0x00,
    0x00, 0x2F, 0x80, 0x00, 0x00, 0x2F, 0x80, 0x00, 0x00, 0x2F, 0xC0, 0x00, 0x00, 0x0F, 0xE0, 0x00,
    0x00, 0x0B, 0xFE, 0x00, 0x00, 0x00, 0xFF, 0xC0, 0x00, 0x00, 0x00, 0x00, 0xB8, 0xF8, 0xF8, 0xF8,
    0xF8, 0xF8, 0xF8, 0xF8, 0xF8, 0xF8, 0xF8, 0xF8, 0xF8, 0xF8, 0xF8, 0xF8, 0xF8, 0xF8, 0xF8, 0xF8,
    0xF8, 0xF8, 0xF8, 0xF8, 0xF8, 0xF8, 0xF8, 0xF8, 0xF8, 0xF8, 0xF8, 0xF8, 0xF8, 0xF8, 0xF8, 0xF8,
    0xF8, 0xF8, 0x00, 0x24, 0x00, 0x00, 0x00, 0xBF, 0xF0, 0x00, 0x00, 0x07, 0xFC, 0x00, 0x00, 0x00,
    0xBF, 0x00, 0x00, 0x00, 0x3F, 0x00, 0x00, 0x00, 0x3F, 0x00, 0x00, 0x00, 0x3F, 0x00, 0x00, 0x00,
    0x3F, 0x00, 0x00, 0x00, 0x3F, 0x00, 0x00, 0x00, 0x3F, 0x00, 0x00, 0x00, 0x3F, 0x40, 0x00, 0x00,
    0x3F, 0x80, 0x00, 0x00, 0x2F, 0xC0, 0x00, 0x00, 0x0F, 0xE0, 0x00, 0x00, 0x02, 0xFE, 0x80, 0x00,
    0x00, 0x7F, 0xE0, 0x00, 0x03, 0xF9, 0x00, 0x00, 0x0F, 0xC0, 0x00, 0x00, 0x2F, 0x80, 0x00, 0x00,
    0x3F, 0x80, 0x00, 0x00, 0x3F, 0x00, 0x00, 0x00, 0x3F, 0x00, 0x00, 0x00, 0x3F, 0x00, 0x00, 0x00,
    0x3F, 0x00, 0x00, 0x00, 0x3F, 0x00, 0x00, 0x00, 0x3F, 0x00, 0x00, 0x00, 0x3F, 0x00, 0x00, 0x00,
    0xFE, 0x00, 0x00, 0x1B, 0xFC, 0x00, 0x00, 0xBF, 0xE0, 0x00, 0x00, 0x00, 0x00, 0x00, 0x00, 0x00,
    0x00, 0x00, 0x00, 0x00, 0x00, 0x40, 0x00, 0xBF, 0xFE, 0x00, 0x00, 0x03, 0xC0, 0x0B, 0xFF, 0xFF,
    0xF8, 0x00, 0x2F, 0xC0, 0x3F, 0xE0, 0x0B, 0xFF, 0xFF, 0xFF, 0x00, 0x3D, 0x00, 0x00, 0x1F, 0xFF,
    0xF4, 0x00, 0x20, 0x00, 0x00, 0x00, 0x04, 0x00, 0x00, 0x00, 0x00, 0x1F, 0x80, 0x3F, 0xC0, 0x3F,
    0xC0, 0x3F, 0xC0, 0x0A, 0x00, 0x00, 0x00, 0x00, 0x00, 0x0F, 0x00, 0x0F, 0x00, 0x0F, 0x00, 0x0F,
    0x00, 0x0F, 0x40, 0x0F, 0x80, 0x2F, 0x80, 0x2F, 0x80, 0x2F, 0x80, 0x2F, 0xC0, 0x3F, 0xC0, 0x3F,
    0xC0, 0x3F, 0xC0, 0x3F, 0xC0, 0x3F, 0xC0, 0x3F, 0xC0, 0x3F, 0xC0, 0x3F, 0xC0, 0x00, 0x00, 0x00,
    0x00, 0x00, 0x00, 0x00, 0x00, 0xB8, 0x00, 0x00, 0x00, 0xB8, 0x00, 0x00, 0x00, 0xB8, 0x00, 0x00,
    0x00, 0xB8, 0x00, 0x00, 0x0F, 0xFF, 0xFD, 0x00, 0xFF, 0xFA, 0xFE, 0x03, 0xFC, 0xB8, 0x3E, 0x0F,
    0xF0, 0xB8, 0x2E, 0x1F, 0xC0, 0xB8, 0x2E, 0x3F, 0xC0, 0xB8, 0x0E, 0x3F, 0x80, 0xB8, 0x00, 0x3F,
    0x40, 0xB8, 0x00, 0x3F, 0x00, 0xB8, 0x00, 0x3F, 0x40, 0xB8, 0x00, 0x3F, 0x80, 0xB8, 0x00, 0x3F,
    0x80, 0xB8, 0x08, 0x2F, 0xC0, 0xB8, 0x2E, 0x0F, 0xE0, 0xB8, 0x2E, 0x0B, 0xF8, 0xB8, 0x2E, 0x02,
    0xFE, 0xB8, 0x7E, 0x00, 0xBF, 0xFF, 0xFE, 0x00, 0x06, 0xFF, 0xE8, 0x00, 0x00, 0xB8, 0x00, 0x00,
    0x00, 0xB8, 0x00, 0x00, 0x00, 0xB8, 0x00, 0x00, 0x00, 0x20, 0x00, 0x00, 0x00, 0x1A, 0xA0, 0x00,
    0x00, 0x02, 0xFF, 0xFF, 0x00, 0x00, 0x0B, 0xF8, 0x0F, 0xC0, 0x00, 0x0F, 0xE0, 0x0F, 0xE0, 0x00,
    0x3F, 0xC0, 0x0F, 0xE0, 0x00, 0x3F, 0x40, 0x0F, 0xC0, 0x00, 0x7F, 0x00, 0x00, 0x00, 0x00, 0xBF,
    0x00, 0x00, 0x00, 0x00, 0xBF, 0x00, 0x00, 0x00, 0x00, 0xBF, 0x00, 0x00, 0x00, 0x00, 0xBF, 0x00,
    0x00, 0x00, 0x00, 0xBF, 0x00, 0x00, 0x00, 0x00, 0xBF, 0x00, 0x00, 0x00, 0x0F, 0xFF, 0xFF, 0xF8,
    0x00, 0x0F, 0xFF, 0xFF, 0xF8, 0x00, 0x00, 0xBF, 0x00, 0x00, 0x00, 0x00, 0xBF, 0x00, 0x00, 0x00,
    0x00, 0xBF, 0x00, 0x00, 0x00, 0x00, 0xBE, 0x00, 0x00, 0x00, 0x00, 0xFE, 0x00, 0x00, 0x00, 0x00,
    0xFC, 0x00, 0x00, 0x00, 0x00, 0xFC, 0x00, 0x00, 0x00, 0x02, 0xF0, 0x00, 0x00, 0x00, 0x0B, 0xC0,
    0x00, 0x00, 0x00, 0x3F, 0xFF, 0xFF, 0xFF, 0xE0, 0xBF, 0xFF, 0xFF, 0xFF, 0xE0, 0xBF, 0xFF, 0xFF,
    0xFF, 0xE0, 0x00, 0x00, 0x00, 0x00, 0x00, 0x00, 0x3C, 0x00, 0x00, 0x00, 0x2E, 0x00, 0x3F, 0x00,
    0x00, 0x00, 0xBE, 0x00, 0x0F, 0xC3, 0xFF, 0xE2, 0xF8, 0x00, 0x03, 0xFF, 0xFF, 0xFF, 0xE0, 0x00,
    0x00, 0xFF, 0x00, 0xBF, 0x80, 0x00, 0x02, 0xF8, 0x00, 0x0F, 0x80, 0x00, 0x03, 0xE0, 0x00, 0x03,
    0xC0, 0x00, 0x03, 0xC0, 0x00, 0x03, 0xE0, 0x00, 0x07, 0xC0, 0x00, 0x02, 0xF0, 0x00, 0x0B, 0x80,
    0x00, 0x02, 0xF0, 0x00, 0x07, 0xC0, 0x00, 0x02, 0xE0, 0x00, 0x03, 0xC0, 0x00, 0x03, 0xE0, 0x00,
    0x03, 0xE0, 0x00, 0x07, 0xC0, 0x00, 0x00, 0xF8, 0x00, 0x0F, 0x80, 0x00, 0x02, 0xFF, 0x40, 0xBF,
    0xC0, 0x00, 0x0B, 0xFF, 0xFF, 0xFF, 0xF0, 0x00, 0x2F, 0x82, 0xFF, 0xD0, 0xFC, 0x00, 0x7E, 0x00,
    0x00, 0x00, 0x3F, 0x00, 0x38, 0x00, 0x00, 0x00, 0x0D, 0x00, 0x00, 0x00, 0x00, 0x00, 0x00, 0x00,
    0x15, 0x55, 0x00, 0x01, 0x55, 0x40, 0xBF, 0xFF, 0x80, 0x0F, 0xFF, 0xC0, 0x2F, 0xFE, 0x00, 0x02,
    0xFE, 0x80, 0x03, 0xF8, 0x00, 0x00, 0xFC, 0x00, 0x02, 0xFC, 0x00, 0x01, 0xF0, 0x00, 0x00, 0xFF,
    0x00, 0x03, 0xE0, 0x00, 0x00, 0xBF, 0x00, 0x0B, 0xC0, 0x00, 0x00, 0x3F, 0xC0, 0x0F, 0x80, 0x00,
    0x00, 0x2F, 0xC0, 0x2F, 0x00, 0x00, 0x2A, 0xAF, 0xF0, 0x3F, 0xAA, 0x00, 0x3F, 0xFF, 0xF0, 0xFF,
    0xFF, 0x40, 0x00, 0x03, 0xFD, 0xF0, 0x00, 0x00, 0x00, 0x02, 0xFF, 0xE0, 0x00, 0x00, 0x00, 0x00,
    0xFF, 0xC0, 0x00, 0x00, 0x00, 0x00, 0xBF, 0xC0, 0x00, 0x00, 0x3F, 0xFF, 0xFF, 0xFF, 0xFF, 0x40,
    0x15, 0x55, 0xBF, 0x95, 0x55, 0x00, 0x00, 0x00, 0x3F, 0x00, 0x00, 0x00, 0x00, 0x00, 0x3F, 0x00,
    0x00, 0x00, 0x00, 0x00, 0x3F, 0x00, 0x00, 0x00, 0x00, 0x00, 0x3F, 0x00, 0x00, 0x00, 0x00, 0x00,
    0x3F, 0x00, 0x00, 0x00, 0x00, 0x00, 0x3F, 0x80, 0x00, 0x00, 0x00, 0x0F, 0xFF, 0xFC, 0x00, 0x00,
    0x00, 0x0F, 0xFF, 0xFC, 0x00, 0x00, 0xA0, 0xF0, 0xF0, 0xF0, 0xF0, 0xF0, 0xF0, 0xF0, 0xF0, 0xF0,
    0xF0, 0xF0, 0xF0, 0xF0, 0xB0, 0x00, 0x00, 0x00, 0x00, 0x60, 0xF0, 0xF0, 0xF0, 0xF0, 0xF0, 0xF0,
    0xF0, 0xF0, 0xF0, 0xF0, 0xF0, 0xF0, 0xF0, 0xF0, 0x00, 0x00, 0x0A, 0xAA, 0x00, 0x01, 0xFF, 0xFF,
    0xF0, 0x03, 0xF8, 0x0B, 0xF0, 0x0F, 0xC0, 0x00, 0xF0, 0x0F, 0xC0, 0x00, 0xF0, 0x0F, 0xC0, 0x00,
    0xF0, 0x0F, 0xE0, 0x00, 0x00, 0x0F, 0xFC, 0x00, 0x00, 0x03, 0xFF, 0xC0, 0x00, 0x00, 0xFF, 0xF8,
    0x00, 0x00, 0xBF, 0xFF, 0x80, 0x03, 0xF4, 0xFF, 0xE0, 0x0F, 0xC0, 0x1F, 0xF0, 0x2F, 0x40, 0x03,
    0xF8, 0x3F, 0x00, 0x02, 0xFC, 0x3F, 0x00, 0x00, 0xFC, 0x3F, 0x00, 0x00, 0xFC, 0x2F, 0xC0, 0x02,
    0xF8, 0x0F, 0xF0, 0x03, 0xF0, 0x0B, 0xFE, 0x0F, 0xC0, 0x02, 0xFF, 0xFE, 0x00, 0x00, 0x3F, 0xFE,
    0x00, 0x00, 0x0B, 0xFF, 0xC0, 0x00, 0x00, 0xBF, 0xE0, 0x00, 0x00, 0x0F, 0xF0, 0x0A, 0x00, 0x03,
    0xF0, 0x0F, 0x00, 0x03, 0xF0, 0x0F, 0x00, 0x03, 0xF0, 0x0F, 0x80, 0x0B, 0xE0, 0x0F, 0xFA, 0xBF,
    0x80, 0x06, 0xFF, 0xFD, 0x00, 0x00, 0x00, 0x00, 0x00, 0x00, 0x00, 0x00, 0x00, 0x2F, 0x80, 0x3F,
    0x00, 0x3F, 0xC0, 0xBF, 0x40, 0x3F, 0xC0, 0xBF, 0x00, 0x0F, 0x00, 0x2E, 0x00, 0x00, 0x00, 0x02,
    0xAA, 0x80, 0x00, 0x00, 0x00, 0x00, 0x00, 0xBF, 0xFF, 0xFE, 0x00, 0x00, 0x00, 0x00, 0x0B, 0xF8,
    0x00, 0x2F, 0xE0, 0x00, 0x00, 0x00, 0x3F, 0x40, 0x00, 0x00, 0xFC, 0x00, 0x00, 0x00, 0xF8, 0x00,
    0x00, 0x00, 0x2F, 0x00, 0x00, 0x03, 0xE0, 0x00, 0x00, 0x00, 0x0B, 0xC0, 0x00, 0x0B, 0x80, 0x0B,
    0xFF, 0xFA, 0x02, 0xE0, 0x00, 0x0F, 0x00, 0x3F, 0xFA, 0xFF, 0x00, 0xF0, 0x00, 0x2D, 0x00, 0xFF,
    0x00, 0x2F, 0x00, 0x3C, 0x00, 0x3C, 0x03, 0xFC, 0x00, 0x0F, 0x00, 0x2C, 0x00, 0x38, 0x0B, 0xF0,
    0x00, 0x0F, 0x00, 0x1E, 0x00, 0xB0, 0x0F, 0xE0, 0x00, 0x00, 0x00, 0x0E, 0x00, 0xB0, 0x0F, 0xD0,
    0x00, 0x00, 0x00, 0x0F, 0x00, 0xF0, 0x0F, 0xC0, 0x00, 0x00, 0x00, 0x0F, 0x00, 0xF0, 0x0F, 0xC0,
    0x00, 0x00, 0x00, 0x0F, 0x00, 0xB0, 0x0F, 0xC0, 0x00, 0x00, 0x00, 0x0F, 0x00, 0xB0, 0x0F, 0xE0,
    0x00, 0x00, 0x00, 0x0F, 0x00, 0xB4, 0x0B, 0xF0, 0x00, 0x0A, 0x00, 0x0E, 0x00, 0x38, 0x03, 0xF8,
    0x00, 0x0F, 0x00, 0x2C, 0x00, 0x3C, 0x02, 0xFC, 0x00, 0x0F, 0x00, 0x3C, 0x00, 0x0E, 0x00, 0xBF,
    0x80, 0x3F, 0x00, 0xB8, 0x00, 0x0F, 0x00, 0x2F, 0xFF, 0xFF, 0x00, 0xF0, 0x00, 0x03, 0xC0, 0x01,
    0xAF, 0xA0, 0x03, 0xC0, 0x00, 0x00, 0xF0, 0x00, 0x00, 0x00, 0x0F, 0x80, 0x00, 0x00, 0x7E, 0x00,
    0x00, 0x00, 0x7E, 0x00, 0x00, 0x00, 0x0F, 0xD0, 0x00, 0x07, 0xF4, 0x00, 0x00, 0x00, 0x02, 0xFF,
    0xAA, 0xBF, 0x80, 0x00, 0x00, 0x00, 0x00, 0x2F, 0xFF, 0xF8, 0x00, 0x00, 0x00, 0x00, 0x00, 0x00,
    0x00, 0x00, 0x00, 0x00, 0x00, 0x00, 0xAA, 0x00, 0x0F, 0xAB, 0xE0, 0x2F, 0x02, 0xF0, 0x0A, 0x00,
    0xF0, 0x00, 0x02, 0xF0, 0x02, 0xFE, 0xF0, 0x0F, 0x80, 0xF0, 0x3E, 0x00, 0xF0, 0x3E, 0x00, 0xF0,
    0x3F, 0x07, 0xF0, 0x0F, 0xF8, 0xFE, 0x00, 0x00, 0x00, 0x00, 0x00, 0x00, 0x3F, 0xFF, 0xFE, 0x00,
    0x00, 0x00, 0x00, 0x02, 0x00, 0x28, 0x00, 0x0F, 0x00, 0xBC, 0x00, 0x3E, 0x00, 0xF0, 0x00, 0xBC,
    0x03, 0xF0, 0x01, 0xF8, 0x0B, 0xC0, 0x03, 0xF0, 0x2F, 0xC0, 0x0F, 0xE0, 0x3F, 0x00, 0x2F, 0xC0,
    0xFE, 0x00, 0x3F, 0x82, 0xFC, 0x00, 0x3F, 0x42, 0xFC, 0x00, 0x3F, 0xC0, 0xFE, 0x00, 0x0F, 0xD0,
    0xBF, 0x00, 0x07, 0xF0, 0x2F, 0x80, 0x02, 0xF4, 0x0F, 0xC0, 0x00, 0xFC, 0x03, 0xE0, 0x00, 0x3E,
    0x02, 0xF0, 0x00, 0x1F, 0x00, 0xB8, 0x00, 0x0B, 0x80, 0x3C, 0x00, 0x00, 0x00, 0x00, 0x00, 0x00,
    0xBF, 0xFF, 0xFF, 0xFF, 0xFF, 0x00, 0xBF, 0xFF, 0xFF, 0xFF, 0xFF, 0x00, 0x00, 0x00, 0x00, 0x00,
    0x1F, 0x00, 0x00, 0x00, 0x00, 0x00, 0x0F, 0x00, 0x00, 0x00, 0x00, 0x00, 0x0F, 0x00, 0x00, 0x00,
    0x00, 0x00, 0x0F, 0x00, 0x00, 0x00, 0x00, 0x00, 0x0F, 0x00, 0x00, 0x00, 0x00, 0x00, 0x0F, 0x00,
    0x00, 0x00, 0x00, 0x00, 0x00, 0x00, 0x00, 0x00, 0x02, 0xAA, 0x80, 0x00, 0x00, 0x00, 0x00, 0x00,
    0xBF, 0xFF, 0xFE, 0x00, 0x00, 0x00, 0x00, 0x0B, 0xF8, 0x00, 0x2F, 0xE0, 0x00, 0x00, 0x00, 0x3F,
    0x40, 0x00, 0x00, 0xFC, 0x00, 0x00, 0x00, 0xF8, 0x00, 0x00, 0x00, 0x2F, 0x00, 0x00, 0x03, 0xE0,
    0x00, 0x00, 0x00, 0x0B, 0xC0, 0x00, 0x0B, 0x83, 0xFF, 0xFF, 0xE0, 0x02, 0xE0, 0x00, 0x0F, 0x00,
    0xBE, 0x0B, 0xFC, 0x00, 0xF0, 0x00, 0x2D, 0x00, 0x7C, 0x00, 0xFE, 0x00, 0x3C, 0x00, 0x3C, 0x00,
    0x7C, 0x00, 0x3F, 0x00, 0x2C, 0x00, 0x38, 0x00, 0x7C, 0x00, 0x3F, 0x00, 0x1E, 0x00, 0xB0, 0x00,
    0x7C, 0x00, 0x7E, 0x00, 0x0E, 0x00, 0xB0, 0x00, 0x7C, 0x00, 0xFC, 0x00, 0x0F, 0x00, 0xF0, 0x00,
    0x7E, 0xAF, 0xE0, 0x00, 0x0F, 0x00, 0xF0, 0x00, 0x7F, 0xFF, 0xC0, 0x00, 0x0F, 0x00, 0xB0, 0x00,
    0x7C, 0x03, 0xF0, 0x00, 0x0F, 0x00, 0xB0, 0x00, 0x7C, 0x00, 0xFC, 0x00, 0x0F, 0x00, 0xB0, 0x00,
    0x7C, 0x00, 0xBC, 0x00, 0x0E, 0x00, 0x38, 0x00, 0x7C, 0x00, 0x7D, 0x00, 0x2C, 0x00, 0x3C, 0x00,
    0x7C, 0x00, 0x3F, 0x00, 0x3C, 0x00, 0x1E, 0x01, 0xFE, 0x40, 0x2F, 0xE0, 0xB8, 0x00, 0x0F, 0x03,
    0xFF, 0xC0, 0x0B, 0xFD, 0xF0, 0x00, 0x03, 0xC0, 0x00, 0x00, 0x00, 0x03, 0xC0, 0x00, 0x01, 0xF0,
    0x00, 0x00, 0x00, 0x0F, 0x80, 0x00, 0x00, 0xBE, 0x00, 0x00, 0x00, 0x7E, 0x00, 0x00, 0x00, 0x0F,
    0xD0, 0x00, 0x07, 0xF4, 0x00, 0x00, 0x00, 0x02, 0xFF, 0xAA, 0xBF, 0x80, 0x00, 0x00, 0x00, 0x00,
    0x2F, 0xFF, 0xF8, 0x00, 0x00, 0x00, 0x00, 0x00, 0x00, 0x00, 0x00, 0x00, 0x00, 0x00, 0x2A, 0xAA,
    0xAA, 0x80, 0x3F, 0xFF, 0xFF, 0xC0, 0x3F, 0xFF, 0xFF, 0xC0, 0x00, 0x00, 0x00, 0x0B, 0xFC, 0x00,
    0x2F, 0xAF, 0x00, 0x3C, 0x07, 0x80, 0x34, 0x03, 0x80, 0x38, 0x03, 0x80, 0x3C, 0x0B, 0x80, 0x0F,
    0xFF, 0x00, 0x02, 0xF8, 0x00, 0x00, 0x00, 0x0F, 0x00, 0x00, 0x00, 0x00, 0x00, 0x0F, 0x00, 0x00,
    0x00, 0x00, 0x00, 0x0F, 0x00, 0x00, 0x00, 0x00, 0x00, 0x0F, 0x00, 0x00, 0x00, 0x00, 0x00, 0x0F,
    0x00, 0x00, 0x00, 0x00, 0x00, 0x0F, 0x00, 0x00, 0x00, 0x00, 0x00, 0x2F, 0x80, 0x00, 0x00, 0xFF,
    0xFF, 0xFF, 0xFF, 0xFF, 0xF0, 0xFF, 0xFF, 0xFF, 0xFF, 0xFF, 0xF0, 0x00, 0x00, 0x0F, 0x00, 0x00,
    0x00, 0x00, 0x00, 0x0F, 0x00, 0x00, 0x00, 0x00, 0x00, 0x0F, 0x00, 0x00, 0x00, 0x00, 0x00, 0x0F,
    0x00, 0x00, 0x00, 0x00, 0x00, 0x0F, 0x00, 0x00, 0x00, 0x00, 0x00, 0x0F, 0x00, 0x00, 0x00, 0x00,
    0x00, 0x0A, 0x00, 0x00, 0x00, 0x00, 0x00, 0x00, 0x00, 0x00, 0x00, 0x00, 0x00, 0x00, 0x00, 0x00,
    0x00, 0x00, 0x00, 0x00, 0x00, 0x00, 0x00, 0x6A, 0xAA, 0xAA, 0xAA, 0xAA, 0x90, 0xFF, 0xFF, 0xFF,
    0xFF, 0xFF, 0xF0, 0xFF, 0xFF, 0xFF, 0xFF, 0xFF, 0xF0, 0x00, 0xAA, 0x80, 0x00, 0x0B, 0xEB, 0xF8,
    0x00, 0x2F, 0x00, 0xFC, 0x00, 0x2F, 0x00, 0x3E, 0x00, 0x0A, 0x00, 0x3F, 0x00, 0x00, 0x00, 0x3E,
    0x00, 0x00, 0x00, 0x7C, 0x00, 0x00, 0x00, 0xF8, 0x00, 0x00, 0x03, 0xE0, 0x00, 0x00, 0x0F, 0x80,
    0x00, 0x00, 0x3E, 0x00, 0x00, 0x01, 0xF0, 0x02, 0x00, 0x0B, 0x80, 0x0B, 0x00, 0x3F, 0xFF, 0xFF,
    0x00, 0x3F, 0xFF, 0xFF, 0x00, 0x00, 0x00, 0x00, 0x00, 0x00, 0xAA, 0x80, 0x00, 0x0B, 0xEB, 0xF8,
    0x00, 0x1F, 0x00, 0xFC, 0x00, 0x2F, 0x00, 0x3E, 0x00, 0x0A, 0x00, 0x3E, 0x00, 0x00, 0x00, 0xBC,
    0x00, 0x00, 0x02, 0xF0, 0x00, 0x00, 0x3F, 0xD0, 0x00, 0x00, 0x06, 0xFC, 0x00, 0x00, 0x00, 0x3F,
    0x00, 0x00, 0x00, 0x2F, 0x00, 0x04, 0x00, 0x2F, 0x00, 0x3E, 0x00, 0x3F, 0x00, 0x3F, 0x00, 0xFC,
    0x00, 0x0B, 0xFF, 0xE0, 0x00, 0x00, 0x14, 0x00, 0x00, 0x00, 0x0A, 0x00, 0x00, 0x3F, 0x80, 0x00,
    0xFF, 0x80, 0x03, 0xFF, 0x00, 0x0F, 0xF8, 0x00, 0x2F, 0xC0, 0x00, 0xBD, 0x00, 0x00, 0x00, 0x00,
    0x00, 0x0A, 0x90, 0x00, 0xA8, 0x00, 0x0F, 0xE0, 0x00, 0xFE, 0x00, 0x0F, 0xE0, 0x00, 0xFE, 0x00,
    0x0F, 0xE0, 0x00, 0xFE, 0x00, 0x0F, 0xE0, 0x00, 0xFE, 0x00, 0x0F, 0xE0, 0x00, 0xFE, 0x00, 0x0F,
    0xE0, 0x00, 0xFE, 0x00, 0x0F, 0xE0, 0x00, 0xFE, 0x00, 0x0F, 0xE0, 0x00, 0xFE, 0x00, 0x0F, 0xE0,
    0x00, 0xFE, 0x00, 0x0F, 0xE0, 0x00, 0xFE, 0x00, 0x0F, 0xE0, 0x00, 0xFE, 0x00, 0x0F, 0xE0, 0x00,
    0xFE, 0x00, 0x0F, 0xF0, 0x00, 0xFE, 0x00, 0x0F, 0xF0, 0x03, 0xFE, 0x0C, 0x0F, 0xFC, 0x2E, 0xFF,
    0x28, 0x0F, 0xFF, 0xF8, 0xBF, 0xF0, 0x0F, 0xFF, 0xE0, 0x3F, 0xE0, 0x0E, 0x00, 0x00, 0x00, 0x00,
    0x0F, 0x00, 0x00, 0x00, 0x00, 0x1F, 0x00, 0x00, 0x00, 0x00, 0x2F, 0x00, 0x00, 0x00, 0x00, 0x3F,
    0x00, 0x00, 0x00, 0x00, 0x3F, 0x80, 0x00, 0x00, 0x00, 0x3F, 0x40, 0x00, 0x00, 0x00, 0x0E, 0x00,
    0x00, 0x00, 0x00, 0x00, 0x00, 0x15, 0x55, 0x00, 0x00, 0xBF, 0xFF, 0xFF, 0x80, 0x03, 0xFF, 0xF0,
    0xB8, 0x00, 0x0F, 0xFF, 0xF0, 0xB0, 0x00, 0x2F, 0xFF, 0xF0, 0xB0, 0x00, 0x3F, 0xFF, 0xF0, 0xB0,
    0x00, 0x3F, 0xFF, 0xF0, 0xB0, 0x00, 0x3F, 0xFF, 0xF0, 0xB0, 0x00, 0x3F, 0xFF, 0xF0, 0xB0, 0x00,
    0x3F, 0xFF, 0xF0, 0xB0, 0x00, 0x2F, 0xFF, 0xF0, 0xB0, 0x00, 0x0F, 0xFF, 0xF0, 0xB0, 0x00, 0x0B,
    0xFF, 0xF0, 0xB0, 0x00, 0x02, 0xFF, 0xF0, 0xB0, 0x00, 0x00, 0x0A, 0xA0, 0xB0, 0x00, 0x00, 0x00,
    0x00, 0xB0, 0x00, 0x00, 0x00, 0x00, 0xB0, 0x00, 0x00, 0x00, 0x00, 0xB0, 0x00, 0x00, 0x00, 0x00,
    0xB0, 0x00, 0x00, 0x00, 0x00, 0xB0, 0x00, 0x00, 0x00, 0x00, 0xB0, 0x00, 0x00, 0x00, 0x00, 0xB0,
    0x00, 0x00, 0x00, 0x00, 0xB0, 0x00, 0x00, 0x00, 0x00, 0xB0, 0x00, 0x00, 0x00, 0x00, 0xB0, 0x00,
    0x00, 0x00, 0x00, 0xB0, 0x00, 0x00, 0x00, 0x00, 0xB0, 0x00, 0x00, 0x00, 0x00, 0x70, 0x00, 0x18,
    0x00, 0xBF, 0x00, 0xFF, 0x80, 0xBF, 0x40, 0x2E, 0x00, 0x00, 0x00, 0x0B, 0x00, 0x0B, 0x00, 0x0B,
    0x00, 0x0B, 0xF8, 0x0B, 0xFC, 0x00, 0x7C, 0x00, 0x7C, 0xAB, 0xF8, 0xBF, 0xE0, 0x00, 0x00, 0x00,
    0x68, 0x00, 0x2F, 0xFC, 0x00, 0x29, 0xFC, 0x00, 0x00, 0xBC, 0x00, 0x00, 0xBC, 0x00, 0x00, 0xBC,
    0x00, 0x00, 0xBC, 0x00, 0x00, 0xBC, 0x00, 0x00, 0xBC, 0x00, 0x00, 0xBC, 0x00, 0x00, 0xBC, 0x00,
    0x00, 0xBC, 0x00, 0x00, 0xBC, 0x00, 0x00, 0xFC, 0x00, 0x2F, 0xFF, 0xE0, 0x00, 0x00, 0x00, 0x00,
    0x2A, 0x40, 0x00, 0x03, 0xEB, 0xF0, 0x00, 0x0F, 0x80, 0xBC, 0x00, 0x2F, 0x00, 0x3E, 0x00, 0x3E,
    0x00, 0x2F, 0x00, 0x3E, 0x00, 0x2F, 0x00, 0x3E, 0x00, 0x2F, 0x00, 0x3E, 0x00, 0x2F, 0x00, 0x2F,
    0x00, 0x3E, 0x00, 0x0F, 0xC0, 0xFC, 0x00, 0x02, 0xFF, 0xE0, 0x00, 0x00, 0x04, 0x00, 0x00, 0x00,
    0x00, 0x00, 0x00, 0x3F, 0xFF, 0xFF, 0x00, 0x00, 0x00, 0x00, 0x00, 0x28, 0x00, 0x80, 0x00, 0x3D,
    0x00, 0xF0, 0x00, 0x1F, 0x00, 0xBC, 0x00, 0x0F, 0xC0, 0x3E, 0x00, 0x07, 0xE0, 0x2F, 0x00, 0x03,
    0xF4, 0x0F, 0xC0, 0x00, 0xFC, 0x0B, 0xF0, 0x00, 0xFF, 0x03, 0xF8, 0x00, 0x3F, 0x02, 0xFC, 0x00,
    0x3F, 0x02, 0xFC, 0x00, 0xBF, 0x03, 0xFC, 0x00, 0xFD, 0x0B, 0xF0, 0x02, 0xF8, 0x0F, 0xC0, 0x03,
    0xF0, 0x2F, 0x80, 0x0B, 0xC0, 0x3F, 0x00, 0x0F, 0x40, 0xBC, 0x00, 0x3E, 0x00, 0xF0, 0x00, 0x3C,
    0x02, 0xE0, 0x00, 0x00, 0x28, 0x00, 0x00, 0x00, 0x00, 0x00, 0x00, 0x1B, 0xF8, 0x00, 0x00, 0x00,
    0x3E, 0x00, 0x00, 0x3A, 0xF8, 0x00, 0x00, 0x00, 0xBC, 0x00, 0x00, 0x00, 0xB8, 0x00, 0x00, 0x00,
    0xF0, 0x00, 0x00, 0x00, 0xB8, 0x00, 0x00, 0x03, 0xE0, 0x00, 0x00, 0x00, 0xB8, 0x00, 0x00, 0x0B,
    0xC0, 0x00, 0x00, 0x00, 0xB8, 0x00, 0x00, 0x0F, 0x00, 0x00, 0x00, 0x00, 0xB8, 0x00, 0x00, 0x3E,
    0x00, 0x00, 0x00, 0x00, 0xB8, 0x00, 0x00, 0xBC, 0x00, 0x00, 0x00, 0x00, 0xB8, 0x00, 0x00, 0xF4,
    0x00, 0x00, 0x00, 0x00, 0xB8, 0x00, 0x03, 0xF0, 0x00, 0x00, 0x00, 0x00, 0xB8, 0x00, 0x0B, 0xC0,
    0x00, 0xF0, 0x00, 0x00, 0xB8, 0x00, 0x0F, 0x80, 0x03, 0xF0, 0x00, 0x00, 0xFC, 0x00, 0x2F, 0x00,
    0x0B, 0xF0, 0x00, 0x2F, 0xFF, 0xD0, 0x3C, 0x00, 0x2E, 0xF0, 0x00, 0x00, 0x00, 0x00, 0xF8, 0x00,
    0x7C, 0xF0, 0x00, 0x00, 0x00, 0x02, 0xF0, 0x00, 0xF0, 0xF0, 0x00, 0x00, 0x00, 0x03, 0xC0, 0x03,
    0xC0, 0xF0, 0x00, 0x00, 0x00, 0x0F, 0x80, 0x0F, 0x00, 0xF0, 0x00, 0x00, 0x00, 0x2F, 0x00, 0x3C,
    0x00, 0xF0, 0x00, 0x00, 0x00, 0x3E, 0x00, 0xBF, 0xFF, 0xFF, 0x80, 0x00, 0x00, 0xFC, 0x00, 0x7F,
    0xFF, 0xFF, 0xC0, 0x00, 0x02, 0xF0, 0x00, 0x00, 0x00, 0xF0, 0x00, 0x00, 0x03, 0xE0, 0x00, 0x00,
    0x00, 0xF0, 0x00, 0x00, 0x0B, 0xC0, 0x00, 0x00, 0x00, 0xF0, 0x00, 0x00, 0x0F, 0x00, 0x00, 0x00,
    0x00, 0xF0, 0x00, 0x00, 0x00, 0x00, 0x00, 0x00, 0x00, 0xA0, 0x00, 0x00, 0x24, 0x00, 0x00, 0x00,
    0x00, 0x00, 0x00, 0x2B, 0xF8, 0x00, 0x00, 0x00, 0x3C, 0x00, 0x00, 0x7A, 0xF8, 0x00, 0x00, 0x00,
    0xF8, 0x00, 0x00, 0x00, 0xF8, 0x00, 0x00, 0x02, 0xF0, 0x00, 0x00, 0x00, 0xF8, 0x00, 0x00, 0x03,
    0xC0, 0x00, 0x00, 0x00, 0xF8, 0x00, 0x00, 0x0F, 0x80, 0x00, 0x00, 0x00, 0xF8, 0x00, 0x00, 0x2F,
    0x00, 0x00, 0x00, 0x00, 0xF8, 0x00, 0x00, 0x3E, 0x00, 0x00, 0x00, 0x00, 0xF8, 0x00, 0x00, 0xFC,
    0x00, 0x00, 0x00, 0x00, 0xF8, 0x00, 0x02, 0xF0, 0x00, 0x00, 0x00, 0x00, 0xF8, 0x00, 0x03, 0xE0,
    0x00, 0x00, 0x00, 0x00, 0xF8, 0x00, 0x0B, 0xC0, 0xBF, 0xE0, 0x00, 0x00, 0xF8, 0x00, 0x0F, 0x03,
    0xEA, 0xFD, 0x00, 0x00, 0xF8, 0x00, 0x3E, 0x0B, 0xC0, 0x3F, 0x00, 0x2F, 0xFF, 0xC0, 0xBC, 0x0B,
    0xC0, 0x1F, 0x00, 0x00, 0x00, 0x00, 0xF0, 0x02, 0x40, 0x0F, 0x40, 0x00, 0x00, 0x03, 0xE0, 0x00,
    0x00, 0x2F, 0x00, 0x00, 0x00, 0x0B, 0xC0, 0x00, 0x00, 0x3F, 0x00, 0x00, 0x00, 0x0F, 0x80, 0x00,
    0x00, 0xBC, 0x00, 0x00, 0x00, 0x3F, 0x00, 0x00, 0x02, 0xF0, 0x00, 0x00, 0x00, 0x7C, 0x00, 0x00,
    0x0B, 0xC0, 0x00, 0x00, 0x00, 0xF8, 0x00, 0x00, 0x2F, 0x00, 0x00, 0x00, 0x02, 0xF0, 0x00, 0x00,
    0xF8, 0x02, 0xC0, 0x00, 0x03, 0xC0, 0x00, 0x03, 0xE0, 0x02, 0xC0, 0x00, 0x0F, 0x80, 0x00, 0x0F,
    0xFF, 0xFF, 0xC0, 0x00, 0x2F, 0x00, 0x00, 0x0F, 0xFF, 0xFF, 0xC0, 0x01, 0xAA, 0x00, 0x00, 0x00,
    0x00, 0x00, 0x00, 0x0F, 0xEF, 0xD0, 0x00, 0x00, 0x2F, 0x00, 0x00, 0x3C, 0x03, 0xF0, 0x00, 0x00,
    0x3C, 0x00, 0x00, 0x3C, 0x00, 0xF8, 0x00, 0x00, 0xF8, 0x00, 0x00, 0x28, 0x00, 0xF8, 0x00, 0x02,
    0xF0, 0x00, 0x00, 0x00, 0x00, 0xF0, 0x00, 0x03, 0xC0, 0x00, 0x00, 0x00, 0x0B, 0xC0, 0x00, 0x0F,
    0x80, 0x00, 0x00, 0x00, 0xFF, 0x00, 0x00, 0x2F, 0x00, 0x00, 0x00, 0x00, 0xAB, 0xE0, 0x00, 0x3E,
    0x00, 0x00, 0x00, 0x00, 0x00, 0xFC, 0x00, 0xFC, 0x00, 0x00, 0x00, 0x00, 0x00, 0xBC, 0x01, 0xF0,
    0x00, 0x00, 0x00, 0x00, 0x00, 0xBC, 0x03, 0xE0, 0x00, 0xB8, 0x00, 0xBC, 0x00, 0xFC, 0x0B, 0xC0,
    0x01, 0xF8, 0x00, 0xBC, 0x02, 0xF0, 0x0F, 0x00, 0x03, 0xF8, 0x00, 0x2F, 0xFF, 0xC0, 0x3E, 0x00,
    0x0F, 0xF8, 0x00, 0x00, 0xA4, 0x00, 0xBC, 0x00, 0x3C, 0xB8, 0x00, 0x00, 0x00, 0x00, 0xF0, 0x00,
    0xF0, 0xB8, 0x00, 0x00, 0x00, 0x03, 0xE0, 0x03, 0xE0, 0xB8, 0x00, 0x00, 0x00, 0x0B, 0xC0, 0x0B,
    0x80, 0xB8, 0x00, 0x00, 0x00, 0x0F, 0x80, 0x2E, 0x00, 0xB8, 0x00, 0x00, 0x00, 0x3F, 0x00, 0x3F,
    0xFF, 0xFF, 0xC0, 0x00, 0x00, 0x7C, 0x00, 0x3F, 0xFF, 0xFF, 0xC0, 0x00, 0x00, 0xF8, 0x00, 0x00,
    0x00, 0xB8, 0x00, 0x00, 0x02, 0xF0, 0x00, 0x00, 0x00, 0xB8, 0x00, 0x00, 0x03, 0xC0, 0x00, 0x00,
    0x00, 0xB8, 0x00, 0x00, 0x0F, 0x80, 0x00, 0x00, 0x00, 0xB8, 0x00, 0x00, 0x00, 0x00, 0x00, 0x00,
    0x00, 0x64, 0x00, 0x00, 0x00, 0x00, 0x00, 0x00, 0x03, 0xE0, 0x00, 0x00, 0x0F, 0xF8, 0x00, 0x00,
    0x0F, 0xF8, 0x00, 0x00, 0x0B, 0xF0, 0x00, 0x00, 0x01, 0x80, 0x00, 0x00, 0x00, 0x00, 0x00, 0x00,
    0x00, 0x00, 0x00, 0x00, 0x03, 0xE0, 0x00, 0x00, 0x03, 0xE0, 0x00, 0x00, 0x03, 0xE0, 0x00, 0x00,
    0x03, 0xE0, 0x00, 0x00, 0x0F, 0xE0, 0x00, 0x00, 0xBF, 0x80, 0x00, 0x03, 0xFC, 0x00, 0x00, 0x0F,
    0xF0, 0x00, 0x00, 0x3F, 0xC0, 0x00, 0x00, 0x3F, 0x80, 0x00, 0x00, 0xBF, 0x00, 0x00, 0x00, 0xBF,
    0x00, 0x00, 0x00, 0xBF, 0x40, 0x00, 0x00, 0x7F, 0x80, 0x0B, 0xD0, 0x3F, 0xC0, 0x0F, 0xE0, 0x1F,
    0xF4, 0x2F, 0xE0, 0x0B, 0xFF, 0xFF, 0xC0, 0x00, 0xBF, 0xFE, 0x00, 0x00, 0x00, 0x00, 0x00, 0x00,
    0x01, 0xA0, 0x00, 0x00, 0x00, 0x00, 0x00, 0x03, 0xF8, 0x00, 0x00, 0x00, 0x00, 0x00, 0x03, 0xFE,
    0x00, 0x00, 0x00, 0x00, 0x00, 0x02, 0xFF, 0x40, 0x00, 0x00, 0x00, 0x00, 0x00, 0x3F, 0xC0, 0x00,
    0x00, 0x00, 0x00, 0x00, 0x0B, 0xF0, 0x00, 0x00, 0x00, 0x00, 0x00, 0x00, 0xBC, 0x00, 0x00, 0x00,
    0x00, 0x00, 0x00, 0x00, 0x00, 0x00, 0x00, 0x00, 0x00, 0x00, 0x00, 0x00, 0x00, 0x00, 0x00, 0x00,
    0x0B, 0xE0, 0x00, 0x00, 0x00, 0x00, 0x00, 0x0F, 0xF0, 0x00, 0x00, 0x00, 0x00, 0x00, 0x0F, 0xF4,
    0x00, 0x00, 0x00, 0x00, 0x00, 0x2F, 0xFC, 0x00, 0x00, 0x00, 0x00, 0x00, 0x3F, 0xFC, 0x00, 0x00,
    0x00, 0x00, 0x00, 0xBF, 0xFE, 0x00, 0x00, 0x00, 0x00, 0x00, 0xFC, 0xFF, 0x00, 0x00, 0x00, 0x00,
    0x00, 0xF4, 0xFF, 0x00, 0x00, 0x00, 0x00, 0x02, 0xF0, 0x7F, 0x80, 0x00, 0x00, 0x00, 0x03, 0xE0,
    0x3F, 0xC0, 0x00, 0x00, 0x00, 0x03, 0xC0, 0x2F, 0xD0, 0x00, 0x00, 0x00, 0x0B, 0xC0, 0x0F, 0xF0,
    0x00, 0x00, 0x00, 0x0F, 0x80, 0x0F, 0xF0, 0x00, 0x00, 0x00, 0x1F, 0x00, 0x0B, 0xF8, 0x00, 0x00,
    0x00, 0x3F, 0xFF, 0xFF, 0xFC, 0x00, 0x00, 0x00, 0x3F, 0xFF, 0xFF, 0xFC, 0x00, 0x00, 0x00, 0xBC,
    0x00, 0x02, 0xFE, 0x00, 0x00, 0x00, 0xF8, 0x00, 0x00, 0xFF, 0x00, 0x00, 0x00, 0xF0, 0x00, 0x00,
    0xBF, 0x40, 0x00, 0x02, 0xF0, 0x00, 0x00, 0x3F, 0xC0, 0x00, 0x03, 0xE0, 0x00, 0x00, 0x3F, 0xC0,
    0x00, 0x03, 0xC0, 0x00, 0x00, 0x2F, 0xE0, 0x00, 0x0B, 0xC0, 0x00, 0x00, 0x0F, 0xF0, 0x00, 0xFF,
    0xFD, 0x00, 0x02, 0xFF, 0xFF, 0x00, 0xFF, 0xFE, 0x00, 0x02, 0xFF, 0xFF, 0x00, 0x00, 0x00, 0x00,
    0x06, 0x40, 0x00, 0x00, 0x00, 0x00, 0x00, 0x2F, 0xC0, 0x00, 0x00, 0x00, 0x00, 0x00, 0xBF, 0xC0,
    0x00, 0x00, 0x00, 0x00, 0x00, 0xFF, 0x80, 0x00, 0x00, 0x00, 0x00, 0x03, 0xFC, 0x00, 0x00, 0x00,
    0x00, 0x00, 0x0F, 0xE0, 0x00, 0x00, 0x00, 0x00, 0x00, 0x3F, 0x00, 0x00, 0x00, 0x00, 0x00, 0x00,
    0x00, 0x00, 0x00, 0x00, 0x00, 0x00, 0x00, 0x00, 0x00, 0x00, 0x00, 0x00, 0x00, 0x00, 0x0B, 0xE0,
    0x00, 0x00, 0x00, 0x00, 0x00, 0x0F, 0xF0, 0x00, 0x00, 0x00, 0x00, 0x00, 0x0F, 0xF4, 0x00, 0x00,
    0x00, 0x00, 0x00, 0x2F, 0xFC, 0x00, 0x00, 0x00, 0x00, 0x00, 0x3F, 0xFC, 0x00, 0x00, 0x00, 0x00,
    0x00, 0xBF, 0xFE, 0x00, 0x00, 0x00, 0x00, 0x00, 0xFC, 0xFF, 0x00, 0x00, 0x00, 0x00, 0x00, 0xF4,
    0xFF, 0x00, 0x00, 0x00, 0x00, 0x02, 0xF0, 0x7F, 0x80, 0x00, 0x00, 0x00, 0x03, 0xE0, 0x3F, 0xC0,
    0x00, 0x00, 0x00, 0x03, 0xC0, 0x2F, 0xD0, 0x00, 0x00, 0x00, 0x0B, 0xC0, 0x0F, 0xF0, 0x00, 0x00,
    0x00, 0x0F, 0x80, 0x0F, 0xF0, 0x00, 0x00, 0x00, 0x1F, 0x00, 0x0B, 0xF8, 0x00, 0x00, 0x00, 0x3F,
    0xFF, 0xFF, 0xFC, 0x00, 0x00, 0x00, 0x3F, 0xFF, 0xFF, 0xFC, 0x00, 0x00, 0x00, 0xBC, 0x00, 0x02,
    0xFE, 0x00, 0x00, 0x00, 0xF8, 0x00, 0x00, 0xFF, 0x00, 0x00, 0x00, 0xF0, 0x00, 0x00, 0xBF, 0x40,
    0x00, 0x02, 0xF0, 0x00, 0x00, 0x3F, 0xC0, 0x00, 0x03, 0xE0, 0x00, 0x00, 0x3F, 0xC0, 0x00, 0x03,
    0xC0, 0x00, 0x00, 0x2F, 0xE0, 0x00, 0x0B, 0xC0, 0x00, 0x00, 0x0F, 0xF0, 0x00, 0xFF, 0xFD, 0x00,
    0x02, 0xFF, 0xFF, 0x00, 0xFF, 0xFE, 0x00, 0x02, 0xFF, 0xFF, 0x00, 0x00, 0x00, 0x00, 0x00, 0x00,
    0x00, 0x00, 0x00, 0x00, 0x0F, 0xF0, 0x00, 0x00, 0x00, 0x00, 0x00, 0x2F, 0xF8, 0x00, 0x00, 0x00,
    0x00, 0x00, 0xBF, 0xFE, 0x00, 0x00, 0x00, 0x00, 0x00, 0xFC, 0x3F, 0x00, 0x00, 0x00, 0x00, 0x03,
    0xF0, 0x0F, 0xC0, 0x00, 0x00, 0x00, 0x0B, 0xC0, 0x03, 0xE0, 0x00, 0x00, 0x00, 0x00, 0x00, 0x00,
    0x00, 0x00, 0x00, 0x00, 0x00, 0x00, 0x00, 0x00, 0x00, 0x00, 0x00, 0x00, 0x0B, 0xE0, 0x00, 0x00,
    0x00, 0x00, 0x00, 0x0F, 0xF0, 0x00, 0x00, 0x00, 0x00, 0x00, 0x0F, 0xF4, 0x00, 0x00, 0x00, 0x00,
    0x00, 0x2F, 0xFC, 0x00, 0x00, 0x00, 0x00, 0x00, 0x3F, 0xFC, 0x00, 0x00, 0x00, 0x00, 0x00, 0xBF,
    0xFE, 0x00, 0x00, 0x00, 0x00, 0x00, 0xFC, 0xFF, 0x00, 0x00, 0x00, 0x00, 0x00, 0xF4, 0xFF, 0x00,
    0x00, 0x00, 0x00, 0x02, 0xF0, 0x7F, 0x80, 0x00, 0x00, 0x00, 0x03, 0xE0, 0x3F, 0xC0, 0x00, 0x00,
    0x00, 0x03, 0xC0, 0x2F, 0xD0, 0x00, 0x00, 0x00, 0x0B, 0xC0, 0x0F, 0xF0, 0x00, 0x00, 0x00, 0x0F,
    0x80, 0x0F, 0xF0, 0x00, 0x00, 0x00, 0x1F, 0x00, 0x0B, 0xF8, 0x00, 0x00, 0x00, 0x3F, 0xFF, 0xFF,
    0xFC, 0x00, 0x00, 0x00, 0x3F, 0xFF, 0xFF, 0xFC, 0x00, 0x00, 0x00, 0xBC, 0x00, 0x02, 0xFE, 0x00,
    0x00, 0x00, 0xF8, 0x00, 0x00, 0xFF, 0x00, 0x00, 0x00, 0xF0, 0x00, 0x00, 0xBF, 0x40, 0x00, 0x02,
    0xF0, 0x00, 0x00, 0x3F, 0xC0, 0x00, 0x03, 0xE0, 0x00, 0x00, 0x3F, 0xC0, 0x00, 0x03, 0xC0, 0x00,
    0x00, 0x2F, 0xE0, 0x00, 0x0B, 0xC0, 0x00, 0x00, 0x0F, 0xF0, 0x00, 0xFF, 0xFD, 0x00, 0x02, 0xFF,
    0xFF, 0x00, 0xFF, 0xFE, 0x00, 0x02, 0xFF, 0xFF, 0x00, 0x00, 0x00, 0x00, 0x00, 0x00, 0x00, 0x00,
    0x00, 0x01, 0xFF, 0x00, 0xB0, 0x00, 0x00, 0x00, 0x03, 0xFF, 0xFB, 0xE0, 0x00, 0x00, 0x00, 0x0F,
    0x07, 0xFF, 0xC0, 0x00, 0x00, 0x00, 0x0D, 0x00, 0xBE, 0x00, 0x00, 0x00, 0x00, 0x00, 0x00, 0x00,
    0x00, 0x00, 0x00, 0x00, 0x00, 0x00, 0x00, 0x00, 0x00, 0x00, 0x00, 0x00, 0x00, 0x00, 0x00, 0x00,
    0x00, 0x00, 0x00, 0x0B, 0xE0, 0x00, 0x00, 0x00, 0x00, 0x00, 0x0F, 0xF0, 0x00, 0x00, 0x00, 0x00,
    0x00, 0x0F, 0xF4, 0x00, 0x00, 0x00, 0x00, 0x00, 0x2F, 0xFC, 0x00, 0x00, 0x00, 0x00, 0x00, 0x3F,
    0xFC, 0x00, 0x00, 0x00, 0x00, 0x00, 0xBF, 0xFE, 0x00, 0x00, 0x00, 0x00, 0x00, 0xFC, 0xFF, 0x00,
    0x00, 0x00, 0x00, 0x00, 0xF4, 0xFF, 0x00, 0x00, 0x00, 0x00, 0x02, 0xF0, 0x7F, 0x80, 0x00, 0x00,
    0x00, 0x03, 0xE0, 0x3F, 0xC0, 0x00, 0x00, 0x00, 0x03, 0xC0, 0x2F, 0xD0, 0x00, 0x00, 0x00, 0x0B,
    0xC0, 0x0F, 0xF0, 0x00, 0x00, 0x00, 0x0F, 0x80, 0x0F, 0xF0, 0x00, 0x00, 0x00, 0x1F, 0x00, 0x0B,
    0xF8, 0x00, 0x00, 0x00, 0x3F, 0xFF, 0xFF, 0xFC, 0x00, 0x00, 0x00, 0x3F, 0xFF, 0xFF, 0xFC, 0x00,
    0x00, 0x00, 0xBC, 0x00, 0x02, 0xFE, 0x00, 0x00, 0x00, 0xF8, 0x00, 0x00, 0xFF, 0x00, 0x00, 0x00,
    0xF0, 0x00, 0x00, 0xBF, 0x40, 0x00, 0x02, 0xF0, 0x00, 0x00, 0x3F, 0xC0, 0x00, 0x03, 0xE0, 0x00,
    0x00, 0x3F, 0xC0, 0x00, 0x03, 0xC0, 0x00, 0x00, 0x2F, 0xE0, 0x00, 0x0B, 0xC0, 0x00, 0x00, 0x0F,
    0xF0, 0x00, 0xFF, 0xFD, 0x00, 0x02, 0xFF, 0xFF, 0x00, 0xFF, 0xFE, 0x00, 0x02, 0xFF, 0xFF, 0x00,
    0x00, 0x00, 0x00, 0x00, 0x00, 0x00, 0x00, 0x00, 0x03, 0xF0, 0x0F, 0xD0, 0x00, 0x00, 0x00, 0x0B,
    0xF0, 0x0F, 0xE0, 0x00, 0x00, 0x00, 0x0B, 0xF0, 0x0F, 0xE0, 0x00, 0x00, 0x00, 0x02, 0xD0, 0x07,
    0x80, 0x00, 0x00, 0x00, 0x00, 0x00, 0x00, 0x00, 0x00, 0x00, 0x00, 0x00, 0x00, 0x00, 0x00, 0x00,
    0x00, 0x00, 0x00, 0x00, 0x00, 0x00, 0x00, 0x00, 0x00, 0x00, 0x0B, 0xE0, 0x00, 0x00, 0x00, 0x00,
    0x00, 0x0F, 0xF0, 0x00, 0x00, 0x00, 0x00, 0x00, 0x0F, 0xF4, 0x00, 0x00, 0x00, 0x00, 0x00, 0x2F,
    0xFC, 0x00, 0x00, 0x00, 0x00, 0x00, 0x3F, 0xFC, 0x00, 0x00, 0x00, 0x00, 0x00, 0xBF, 0xFE, 0x00,
    0x00, 0x00, 0x00, 0x00, 0xFC, 0xFF, 0x00, 0x00, 0x00, 0x00, 0x00, 0xF4, 0xFF, 0x00, 0x00, 0x00,
    0x00, 0x02, 0xF0, 0x7F, 0x80, 0x00, 0x00, 0x00, 0x03, 0xE0, 0x3F, 0xC0, 0x00, 0x00, 0x00, 0x03,
    0xC0, 0x2F, 0xD0, 0x00, 0x00, 0x00, 0x0B, 0xC0, 0x0F, 0xF0, 0x00, 0x00, 0x00, 0x0F, 0x80, 0x0F,
    0xF0, 0x00, 0x00, 0x00, 0x1F, 0x00, 0x0B, 0xF8, 0x00, 0x00, 0x00, 0x3F, 0xFF, 0xFF, 0xFC, 0x00,
    0x00, 0x00, 0x3F, 0xFF, 0xFF, 0xFC, 0x00, 0x00, 0x00, 0xBC, 0x00, 0x02, 0xFE, 0x00, 0x00, 0x00,
    0xF8, 0x00, 0x00, 0xFF, 0x00, 0x00, 0x00, 0xF0, 0x00, 0x00, 0xBF, 0x40, 0x00, 0x02, 0xF0, 0x00,
    0x00, 0x3F, 0xC0, 0x00, 0x03, 0xE0, 0x00, 0x00, 0x3F, 0xC0, 0x00, 0x03, 0xC0, 0x00, 0x00, 0x2F,
    0xE0, 0x00, 0x0B, 0xC0, 0x00, 0x00, 0x0F, 0xF0, 0x00, 0xFF, 0xFD, 0x00, 0x02, 0xFF, 0xFF, 0x00,
    0xFF, 0xFE, 0x00, 0x02, 0xFF, 0xFF, 0x00, 0x00, 0x00, 0x06, 0x90, 0x00, 0x00, 0x00, 0x00, 0x00,
    0x3F, 0xFC, 0x00, 0x00, 0x00, 0x00, 0x00, 0xBD, 0x7F, 0x00, 0x00, 0x00, 0x00, 0x00, 0xF0, 0x0F,
    0x00, 0x00, 0x00, 0x00, 0x00, 0xE0, 0x0B, 0x00, 0x00, 0x00, 0x00, 0x00, 0xF0, 0x0F, 0x00, 0x00,
    0x00, 0x00, 0x00, 0xF8, 0x2F, 0x00, 0x00, 0x00, 0x00, 0x00, 0x3F, 0xFC, 0x00, 0x00, 0x00, 0x00,
    0x00, 0x0F, 0xF0, 0x00, 0x00, 0x00, 0x00, 0x00, 0x00, 0x00, 0x00, 0x00, 0x00, 0x00, 0x00, 0x00,
    0x00, 0x00, 0x00, 0x00, 0x00, 0x00, 0x0B, 0xE0, 0x00, 0x00, 0x00, 0x00, 0x00, 0x0F, 0xF0, 0x00,
    0x00, 0x00, 0x00, 0x00, 0x0F, 0xF4, 0x00, 0x00, 0x00, 0x00, 0x00, 0x2F, 0xFC, 0x00, 0x00, 0x00,
    0x00, 0x00, 0x3F, 0xFC, 0x00, 0x00, 0x00, 0x00, 0x00, 0xBF, 0xFE, 0x00, 0x00, 0x00, 0x00, 0x00,
    0xFC, 0xFF, 0x00, 0x00, 0x00, 0x00, 0x00, 0xF4, 0xFF, 0x00, 0x00, 0x00, 0x00, 0x02, 0xF0, 0x7F,
    0x80, 0x00, 0x00, 0x00, 0x03, 0xE0, 0x3F, 0xC0, 0x00, 0x00, 0x00, 0x03, 0xC0, 0x2F, 0xD0, 0x00,
    0x00, 0x00, 0x0B, 0xC0, 0x0F, 0xF0, 0x00, 0x00, 0x00, 0x0F, 0x80, 0x0F, 0xF0, 0x00, 0x00, 0x00,
    0x1F, 0x00, 0x0B, 0xF8, 0x00, 0x00, 0x00, 0x3F, 0xFF, 0xFF, 0xFC, 0x00, 0x00, 0x00, 0x3F, 0xFF,
    0xFF, 0xFC, 0x00, 0x00, 0x00, 0xBC, 0x00, 0x02, 0xFE, 0x00, 0x00, 0x00, 0xF8, 0x00, 0x00, 0xFF,
    0x00, 0x00, 0x00, 0xF0, 0x00, 0x00, 0xBF, 0x40, 0x00, 0x02, 0xF0, 0x00, 0x00, 0x3F, 0xC0, 0x00,
    0x03, 0xE0, 0x00, 0x00, 0x3F, 0xC0, 0x00, 0x03, 0xC0, 0x00, 0x00, 0x2F, 0xE0, 0x00, 0x0B, 0xC0,
    0x00, 0x00, 0x0F, 0xF0, 0x00, 0xFF, 0xFD, 0x00, 0x02, 0xFF, 0xFF, 0x00, 0xFF, 0xFE, 0x00, 0x02,
    0xFF, 0xFF, 0x00, 0x00, 0x00, 0x00, 0x55, 0x55, 0x55, 0x55, 0x54, 0x00, 0x00, 0x00, 0x00, 0xFF,
    0xFF, 0xFF, 0xFF, 0xFC, 0x00, 0x00, 0x00, 0x00, 0x2F, 0xFF, 0xEA, 0xAA, 0xFC, 0x00, 0x00, 0x00,
    0x00, 0x0F, 0xBF, 0xC0, 0x00, 0xBC, 0x00, 0x00, 0x00, 0x00, 0x2F, 0x3F, 0xC0, 0x00, 0x3C, 0x00,
    0x00, 0x00, 0x00, 0x3E, 0x3F, 0xC0, 0x00, 0x3C, 0x00, 0x00, 0x00, 0x00, 0xFC, 0x3F, 0xC0, 0x00,
    0x00, 0x00, 0x00, 0x00, 0x02, 0xF0, 0x3F, 0xC0, 0x00, 0x00, 0x00, 0x00, 0x00, 0x03, 0xE0, 0x3F,
    0xC0, 0x0B, 0x00, 0x00, 0x00, 0x00, 0x0B, 0xC0, 0x3F, 0xC0, 0x0F, 0x00, 0x00, 0x00, 0x00, 0x0F,
    0x40, 0x3F, 0xC0, 0x0F, 0x00, 0x00, 0x00, 0x00, 0x3F, 0x00, 0x3F, 0xEA, 0xBF, 0x00, 0x00, 0x00,
    0x00, 0xBC, 0x00, 0x3F, 0xFF, 0xFF, 0x00, 0x00, 0x00, 0x00, 0xF8, 0x00, 0x3F, 0xC0, 0x1F, 0x00,
    0x00, 0x00, 0x03, 0xFF, 0xFF, 0xFF, 0xC0, 0x0F, 0x00, 0x00, 0x00, 0x0B, 0xFF, 0xFF, 0xFF, 0xC0,
    0x0B, 0x00, 0x00, 0x00, 0x0F, 0xC0, 0x00, 0x3F, 0xC0, 0x01, 0x00, 0x00, 0x00, 0x2F, 0x00, 0x00,
    0x3F, 0xC0, 0x00, 0x00, 0x00, 0x00, 0x3E, 0x00, 0x00, 0x3F, 0xC0, 0x00, 0x00, 0x00, 0x00, 0xFC,
    0x00, 0x00, 0x3F, 0xC0, 0x00, 0x0F, 0x80, 0x02, 0xF0, 0x00, 0x00, 0x3F, 0xC0, 0x00, 0x0F, 0x80,
    0x03, 0xE0, 0x00, 0x00, 0x3F, 0xC0, 0x00, 0x0F, 0x80, 0x0B, 0xC0, 0x00, 0x00, 0x3F, 0xC0, 0x00,
    0x1F, 0x80, 0xFF, 0xFC, 0x00, 0x07, 0xFF, 0xFF, 0xFF, 0xFF, 0x80, 0xFF, 0xFC, 0x00, 0x0B, 0xFF,
    0xFF, 0xFF, 0xFF, 0x80, 0x00, 0x00, 0x00, 0x00, 0x00, 0x00, 0x00, 0x00, 0x2B, 0xFE, 0x80, 0x00,
    0x00, 0x0B, 0xFF, 0xFF, 0xFF, 0x00, 0x00, 0x3F, 0xFA, 0x0A, 0xFF, 0x00, 0x00, 0xFF, 0xC0, 0x00,
    0x3F, 0x00, 0x03, 0xFE, 0x00, 0x00, 0x2F, 0x00, 0x0B, 0xFC, 0x00, 0x00, 0x1F, 0x00, 0x0F, 0xF0,
    0x00, 0x00, 0x0F, 0x00, 0x2F, 0xE0, 0x00, 0x00, 0x00, 0x00, 0x3F, 0xC0, 0x00, 0x00, 0x00, 0x00,
    0x3F, 0xC0, 0x00, 0x00, 0x00, 0x00, 0xBF, 0xC0, 0x00, 0x00, 0x00, 0x00, 0xBF, 0x80, 0x00, 0x00,
    0x00, 0x00, 0xBF, 0x80, 0x00, 0x00, 0x00, 0x00, 0xBF, 0x80, 0x00, 0x00, 0x00, 0x00, 0xBF, 0x80,
    0x00, 0x00, 0x00, 0x00, 0x7F, 0xC0, 0x00, 0x00, 0x00, 0x00, 0x3F, 0xC0, 0x00, 0x00, 0x00, 0x00,
    0x3F, 0xD0, 0x00, 0x00, 0x00, 0x00, 0x1F, 0xF0, 0x00, 0x00, 0x0F, 0x00, 0x0F, 0xF4, 0x00, 0x00,
    0x0F, 0x00, 0x03, 0xFC, 0x00, 0x00, 0x2F, 0x00, 0x02, 0xFF, 0x00, 0x00, 0x2F, 0x00, 0x00, 0xBF,
    0xE0, 0x00, 0x3F, 0x00, 0x00, 0x0F, 0xFF, 0xAB, 0xFF, 0x00, 0x00, 0x02, 0xFF, 0xFF, 0xF9, 0x00,
    0x00, 0x00, 0x03, 0xE4, 0x00, 0x00, 0x00, 0x00, 0x03, 0x80, 0x00, 0x00, 0x00, 0x00, 0x03, 0xFC,
    0x00, 0x00, 0x00, 0x00, 0x03, 0xFF, 0x00, 0x00, 0x00, 0x00, 0x00, 0x2F, 0x00, 0x00, 0x00, 0x00,
    0x00, 0x2F, 0x00, 0x00, 0x00, 0x00, 0x3A, 0xFE, 0x00, 0x00, 0x00, 0x00, 0x3F, 0xF4, 0x00, 0x00,
    0x00, 0x00, 0x00, 0x00, 0x00, 0x00, 0x00, 0x28, 0x00, 0x00, 0x00, 0x00, 0xBF, 0x00, 0x00, 0x00,
    0x00, 0xBF, 0xC0, 0x00, 0x00, 0x00, 0x3F, 0xF0, 0x00, 0x00, 0x00, 0x0B, 0xF8, 0x00, 0x00, 0x00,
    0x00, 0xFE, 0x00, 0x00, 0x00, 0x00, 0x2F, 0x40, 0x00, 0x00, 0x00, 0x00, 0x00, 0x00, 0x00, 0x00,
    0x00, 0x00, 0x00, 0x55, 0x55, 0x55, 0x55, 0x40, 0xFF, 0xFF, 0xFF, 0xFF, 0xE0, 0x2F, 0xFE, 0xAA,
    0xAB, 0xE0, 0x03, 0xF8, 0x00, 0x03, 0xE0, 0x03, 0xF8, 0x00, 0x03, 0xE0, 0x03, 0xF8, 0x00, 0x02,
    0xE0, 0x03, 0xF8, 0x00, 0x00, 0x00, 0x03, 0xF8, 0x00, 0x00, 0x00, 0x03, 0xF8, 0x00, 0x38, 0x00,
    0x03, 0xF8, 0x00, 0x7C, 0x00, 0x03, 0xF8, 0x00, 0xBC, 0x00, 0x03, 0xFE, 0xAA, 0xFC, 0x00, 0x03,
    0xFF, 0xFF, 0xFC, 0x00, 0x03, 0xF8, 0x00, 0xFC, 0x00, 0x03, 0xF8, 0x00, 0xBC, 0x00, 0x03, 0xF8,
    0x00, 0x3C, 0x00, 0x03, 0xF8, 0x00, 0x10, 0x00, 0x03, 0xF8, 0x00, 0x00, 0x00, 0x03, 0xF8, 0x00,
    0x00, 0x00, 0x03, 0xF8, 0x00, 0x00, 0x3C, 0x03, 0xF8, 0x00, 0x00, 0xBC, 0x03, 0xF8, 0x00, 0x00,
    0xBC, 0x0B, 0xF8, 0x00, 0x00, 0xFC, 0xFF, 0xFF, 0xFF, 0xFF, 0xFC, 0xFF, 0xFF, 0xFF, 0xFF, 0xFC,
    0x00, 0x00, 0x00, 0xA0, 0x00, 0x00, 0x00, 0x03, 0xF8, 0x00, 0x00, 0x00, 0x0F, 0xF8, 0x00, 0x00,
    0x00, 0x3F, 0xF0, 0x00, 0x00, 0x00, 0xBF, 0x80, 0x00, 0x00, 0x02, 0xFC, 0x00, 0x00, 0x00, 0x07,
    0xE0, 0x00, 0x00, 0x00, 0x00, 0x00, 0x00, 0x00, 0x00, 0x00, 0x00, 0x00, 0x00, 0x55, 0x55, 0x55,
    0x55, 0x40, 0xFF, 0xFF, 0xFF, 0xFF, 0xE0, 0x2F, 0xFE, 0xAA, 0xAB, 0xE0, 0x03, 0xF8, 0x00, 0x03,
    0xE0, 0x03, 0xF8, 0x00, 0x03, 0xE0, 0x03, 0xF8, 0x00, 0x02, 0xE0, 0x03, 0xF8, 0x00, 0x00, 0x00,
    0x03, 0xF8, 0x00, 0x00, 0x00, 0x03, 0xF8, 0x00, 0x38, 0x00, 0x03, 0xF8, 0x00, 0x7C, 0x00, 0x03,
    0xF8, 0x00, 0xBC, 0x00, 0x03, 0xFE, 0xAA, 0xFC, 0x00, 0x03, 0xFF, 0xFF, 0xFC, 0x00, 0x03, 0xF8,
    0x00, 0xFC, 0x00, 0x03, 0xF8, 0x00, 0xBC, 0x00, 0x03, 0xF8, 0x00, 0x3C, 0x00, 0x03, 0xF8, 0x00,
    0x10, 0x00, 0x03, 0xF8, 0x00, 0x00, 0x00, 0x03, 0xF8, 0x00, 0x00, 0x00, 0x03, 0xF8, 0x00, 0x00,
    0x3C, 0x03, 0xF8, 0x00, 0x00, 0xBC, 0x03, 0xF8, 0x00, 0x00, 0xBC, 0x0B, 0xF8, 0x00, 0x00, 0xFC,
    0xFF, 0xFF, 0xFF, 0xFF, 0xFC, 0xFF, 0xFF, 0xFF, 0xFF, 0xFC, 0x00, 0x00, 0x00, 0x00, 0x00, 0x00,
    0x02, 0xFE, 0x00, 0x00, 0x00, 0x03, 0xFF, 0x00, 0x00, 0x00, 0x0F, 0xFF, 0xC0, 0x00, 0x00, 0x2F,
    0x8B, 0xE0, 0x00, 0x00, 0xBE, 0x02, 0xF8, 0x00, 0x00, 0xF8, 0x00, 0xBC, 0x00, 0x00, 0x00, 0x00,
    0x00, 0x00, 0x00, 0x00, 0x00, 0x00, 0x00, 0x55, 0x55, 0x55, 0x55, 0x40, 0xFF, 0xFF, 0xFF, 0xFF,
    0xE0, 0x2F, 0xFE, 0xAA, 0xAB, 0xE0, 0x03, 0xF8, 0x00, 0x03, 0xE0, 0x03, 0xF8, 0x00, 0x03, 0xE0,
    0x03, 0xF8, 0x00, 0x02, 0xE0, 0x03, 0xF8, 0x00, 0x00, 0x00, 0x03, 0xF8, 0x00, 0x00, 0x00, 0x03,
    0xF8, 0x00, 0x38, 0x00, 0x03, 0xF8, 0x00, 0x7C, 0x00, 0x03, 0xF8, 0x00, 0xBC, 0x00, 0x03, 0xFE,
    0xAA, 0xFC, 0x00, 0x03, 0xFF, 0xFF, 0xFC, 0x00, 0x03, 0xF8, 0x00, 0xFC, 0x00, 0x03, 0xF8, 0x00,
    0xBC, 0x00, 0x03, 0xF8, 0x00, 0x3C, 0x00, 0x03, 0xF8, 0x00, 0x10, 0x00, 0x03, 0xF8, 0x00, 0x00,
    0x00, 0x03, 0xF8, 0x00, 0x00, 0x00, 0x03, 0xF8, 0x00, 0x00, 0x3C, 0x03, 0xF8, 0x00, 0x00, 0xBC,
    0x03, 0xF8, 0x00, 0x00, 0xBC, 0x0B, 0xF8, 0x00, 0x00, 0xFC, 0xFF, 0xFF, 0xFF, 0xFF, 0xFC, 0xFF,
    0xFF, 0xFF, 0xFF, 0xFC, 0x00, 0x00, 0x00, 0x00, 0x00, 0x00, 0xFD, 0x00, 0xFC, 0x00, 0x00, 0xFF,
    0x03, 0xFC, 0x00, 0x00, 0xFE, 0x02, 0xFC, 0x00, 0x00, 0x78, 0x00, 0xB4, 0x00, 0x00, 0x00, 0x00,
    0x00, 0x00, 0x00, 0x00, 0x00, 0x00, 0x00, 0x00, 0x00, 0x00, 0x00, 0x00, 0x55, 0x55, 0x55, 0x55,
    0x40, 0xFF, 0xFF, 0xFF, 0xFF, 0xE0, 0x2F, 0xFE, 0xAA, 0xAB, 0xE0, 0x03, 0xF8, 0x00, 0x03, 0xE0,
    0x03, 0xF8, 0x00, 0x03, 0xE0, 0x03, 0xF8, 0x00, 0x02, 0xE0, 0x03, 0xF8, 0x00, 0x00, 0x00, 0x03,
    0xF8, 0x00, 0x00, 0x00, 0x03, 0xF8, 0x00, 0x38, 0x00, 0x03, 0xF8, 0x00, 0x7C, 0x00, 0x03, 0xF8,
    0x00, 0xBC, 0x00, 0x03, 0xFE, 0xAA, 0xFC, 0x00, 0x03, 0xFF, 0xFF, 0xFC, 0x00, 0x03, 0xF8, 0x00,
    0xFC, 0x00, 0x03, 0xF8, 0x00, 0xBC, 0x00, 0x03, 0xF8, 0x00, 0x3C, 0x00, 0x03, 0xF8, 0x00, 0x10,
    0x00, 0x03, 0xF8, 0x00, 0x00, 0x00, 0x03, 0xF8, 0x00, 0x00, 0x00, 0x03, 0xF8, 0x00, 0x00, 0x3C,
    0x03, 0xF8, 0x00, 0x00, 0xBC, 0x03, 0xF8, 0x00, 0x00, 0xBC, 0x0B, 0xF8, 0x00, 0x00, 0xFC, 0xFF,
    0xFF, 0xFF, 0xFF, 0xFC, 0xFF, 0xFF, 0xFF, 0xFF, 0xFC, 0x1A, 0x00, 0x00, 0x3F, 0x80, 0x00, 0x3F,
    0xE0, 0x00, 0x2F, 0xF0, 0x00, 0x03, 0xFC, 0x00, 0x00, 0xBF, 0x00, 0x00, 0x0F, 0xC0, 0x00, 0x00,
    0x00, 0x00, 0x00, 0x00, 0x05, 0x55, 0x50, 0x3F, 0xFF, 0xFC, 0x0A, 0xFF, 0xA0, 0x00, 0xFF, 0x00,
    0x00, 0xFF, 0x00, 0x00, 0xFF, 0x00, 0x00, 0xFF, 0x00, 0x00, 0xFF, 0x00, 0x00, 0xFF, 0x00, 0x00,
    0xFF, 0x00, 0x00, 0xFF, 0x00, 0x00, 0xFF, 0x00, 0x00, 0xFF, 0x00, 0x00, 0xFF, 0x00, 0x00, 0xFF,
    0x00, 0x00, 0xFF, 0x00, 0x00, 0xFF, 0x00, 0x00, 0xFF, 0x00, 0x00, 0xFF, 0x00, 0x00, 0xFF, 0x00,
    0x00, 0xFF, 0x00, 0x00, 0xFF, 0x00, 0x00, 0xFF, 0x00, 0x3F, 0xFF, 0xF8, 0x3F, 0xFF, 0xF8, 0x00,
    0x02, 0x90, 0x00, 0x0B, 0xF0, 0x00, 0x2F, 0xF0, 0x00, 0x7F, 0xE0, 0x00, 0xFF, 0x00, 0x03, 0xF8,
    0x00, 0x0F, 0x80, 0x00, 0x00, 0x00, 0x00, 0x00, 0x00, 0x00, 0x15, 0x55, 0x40, 0xFF, 0xFF, 0xF0,
    0x2B, 0xFE, 0x80, 0x03, 0xFC, 0x00, 0x03, 0xFC, 0x00, 0x03, 0xFC, 0x00, 0x03, 0xFC, 0x00, 0x03,
    0xFC, 0x00, 0x03, 0xFC, 0x00, 0x03, 0xFC, 0x00, 0x03, 0xFC, 0x00, 0x03, 0xFC, 0x00, 0x03, 0xFC,
    0x00, 0x03, 0xFC, 0x00, 0x03, 0xFC, 0x00, 0x03, 0xFC, 0x00, 0x03, 0xFC, 0x00, 0x03, 0xFC, 0x00,
    0x03, 0xFC, 0x00, 0x03, 0xFC, 0x00, 0x03, 0xFC, 0x00, 0x03, 0xFC, 0x00, 0x03, 0xFC, 0x00, 0xFF,
    0xFF, 0xE0, 0xFF, 0xFF, 0xE0, 0x00, 0x00, 0x00, 0x00, 0x00, 0x3F, 0xC0, 0x00, 0x00, 0xFF, 0xE0,
    0x00, 0x02, 0xFF, 0xF4, 0x00, 0x03, 0xF0, 0xFC, 0x00, 0x0F, 0xC0, 0x3F, 0x00, 0x2F, 0x00, 0x0F,
    0x80, 0x00, 0x00, 0x00, 0x00, 0x00, 0x00, 0x00, 0x00, 0x01, 0x55, 0x54, 0x00, 0x0F, 0xFF, 0xFF,
    0x00, 0x02, 0xBF, 0xE8, 0x00, 0x00, 0x3F, 0xC0, 0x00, 0x00, 0x3F, 0xC0, 0x00, 0x00, 0x3F, 0xC0,
    0x00, 0x00, 0x3F, 0xC0, 0x00, 0x00, 0x3F, 0xC0, 0x00, 0x00, 0x3F, 0xC0, 0x00, 0x00, 0x3F, 0xC0,
    0x00, 0x00, 0x3F, 0xC0, 0x00, 0x00, 0x3F, 0xC0, 0x00, 0x00, 0x3F, 0xC0, 0x00, 0x00, 0x3F, 0xC0,
    0x00, 0x00, 0x3F, 0xC0, 0x00, 0x00, 0x3F, 0xC0, 0x00, 0x00, 0x3F, 0xC0, 0x00, 0x00, 0x3F, 0xC0,
    0x00, 0x00, 0x3F, 0xC0, 0x00, 0x00, 0x3F, 0xC0, 0x00, 0x00, 0x3F, 0xC0, 0x00, 0x00, 0x3F, 0xC0,
    0x00, 0x00, 0x3F, 0xC0, 0x00, 0x0F, 0xFF, 0xFE, 0x00, 0x0F, 0xFF, 0xFE, 0x00, 0x00, 0x00, 0x00,
    0x7F, 0x00, 0xFC, 0xFF, 0x00, 0xFE, 0xBF, 0x00, 0xFE, 0x2D, 0x00, 0xB8, 0x00, 0x00, 0x00, 0x00,
    0x00, 0x00, 0x00, 0x00, 0x00, 0x05, 0x55, 0x50, 0x3F, 0xFF, 0xFC, 0x0A, 0xFF, 0xA0, 0x00, 0xFF,
    0x00, 0x00, 0xFF, 0x00, 0x00, 0xFF, 0x00, 0x00, 0xFF, 0x00, 0x00, 0xFF, 0x00, 0x00, 0xFF, 0x00,
    0x00, 0xFF, 0x00, 0x00, 0xFF, 0x00, 0x00, 0xFF, 0x00, 0x00, 0xFF, 0x00, 0x00, 0xFF, 0x00, 0x00,
    0xFF, 0x00, 0x00, 0xFF, 0x00, 0x00, 0xFF, 0x00, 0x00, 0xFF, 0x00, 0x00, 0xFF, 0x00, 0x00, 0xFF,
    0x00, 0x00, 0xFF, 0x00, 0x00, 0xFF, 0x00, 0x00, 0xFF, 0x00, 0x3F, 0xFF, 0xF8, 0x3F, 0xFF, 0xF8,
    0x15, 0x55, 0x54, 0x00, 0x00, 0x00, 0x3F, 0xFF, 0xFF, 0xFE, 0x00, 0x00, 0x0B, 0xFF, 0xAA, 0xBF,
    0xF4, 0x00, 0x00, 0xFE, 0x00, 0x03, 0xFF, 0x00, 0x00, 0xFE, 0x00, 0x00, 0xBF, 0xC0, 0x00, 0xFE,
    0x00, 0x00, 0x2F, 0xF0, 0x00, 0xFE, 0x00, 0x00, 0x0F, 0xF4, 0x00, 0xFE, 0x00, 0x00, 0x0B, 0xFC,
    0x00, 0xFE, 0x00, 0x00, 0x03, 0xFC, 0x00, 0xFE, 0x00, 0x00, 0x03, 0xFE, 0x00, 0xFE, 0x00, 0x00,
    0x02, 0xFE, 0xBF, 0xFF, 0xFF, 0xC0, 0x02, 0xFE, 0xBF, 0xFF, 0xFF, 0xC0, 0x02, 0xFE, 0x02, 0xFE,
    0x00, 0x00, 0x02, 0xFE, 0x00, 0xFE, 0x00, 0x00, 0x02, 0xFE, 0x00, 0xFE, 0x00, 0x00, 0x02, 0xFE,
    0x00, 0xFE, 0x00, 0x00, 0x03, 0xFC, 0x00, 0xFE, 0x00, 0x00, 0x03, 0xFC, 0x00, 0xFE, 0x00, 0x00,
    0x0B, 0xF8, 0x00, 0xFE, 0x00, 0x00, 0x0F, 0xF0, 0x00, 0xFE, 0x00, 0x00, 0x3F, 0xD0, 0x00, 0xFE,
    0x00, 0x00, 0xFF, 0x80, 0x01, 0xFE, 0x00, 0x2F, 0xFE, 0x00, 0x3F, 0xFF, 0xFF, 0xFF, 0xE0, 0x00,
    0x3F, 0xFF, 0xFF, 0xE9, 0x00, 0x00, 0x00, 0x00, 0x00, 0x00, 0x00, 0x00, 0x00, 0x00, 0x00, 0xBF,
    0xC0, 0x2C, 0x00, 0x00, 0x00, 0x02, 0xFF, 0xFE, 0xF8, 0x00, 0x00, 0x00, 0x03, 0xC2, 0xFF, 0xF0,
    0x00, 0x00, 0x00, 0x03, 0x00, 0x2F, 0x80, 0x00, 0x00, 0x00, 0x00, 0x00, 0x00, 0x00, 0x00, 0x00,
    0x00, 0x00, 0x00, 0x00, 0x00, 0x00, 0x00, 0x00, 0x00, 0x00, 0x00, 0x00, 0x00, 0x00, 0x15, 0x55,
    0x00, 0x00, 0x05, 0x55, 0x40, 0x3F, 0xFF, 0x00, 0x00, 0x3F, 0xFF, 0xC0, 0x1B, 0xFF, 0xC0, 0x00,
    0x06, 0xFE, 0x00, 0x00, 0xFF, 0xE0, 0x00, 0x00, 0xF0, 0x00, 0x00, 0xFF, 0xF0, 0x00, 0x00, 0xF0,
    0x00, 0x00, 0xFF, 0xFC, 0x00, 0x00, 0xF0, 0x00, 0x00, 0xF3, 0xFE, 0x00, 0x00, 0xF0, 0x00, 0x00,
    0xF0, 0xFF, 0x00, 0x00, 0xF0, 0x00, 0x00, 0xF0, 0xBF, 0xC0, 0x00, 0xF0, 0x00, 0x00, 0xF0, 0x3F,
    0xE0, 0x00, 0xF0, 0x00, 0x00, 0xF0, 0x0F, 0xF0, 0x00, 0xF0, 0x00, 0x00, 0xF0, 0x0B, 0xFC, 0x00,
    0xF0, 0x00, 0x00, 0xF0, 0x03, 0xFD, 0x00, 0xF0, 0x00, 0x00, 0xF0, 0x01, 0xFF, 0x00, 0xF0, 0x00,
    0x00, 0xF0, 0x00, 0xBF, 0x80, 0xF0, 0x00, 0x00, 0xF0, 0x00, 0x3F, 0xD0, 0xF0, 0x00, 0x00, 0xF0,
    0x00, 0x1F, 0xF0, 0xF0, 0x00, 0x00, 0xF0, 0x00, 0x0B, 0xF8, 0xF0, 0x00, 0x00, 0xF0, 0x00, 0x03,
    0xFE, 0xF0, 0x00, 0x00, 0xF0, 0x00, 0x01, 0xFF, 0xF0, 0x00, 0x00, 0xF0, 0x00, 0x00, 0xBF, 0xF0,
    0x00, 0x00, 0xF0, 0x00, 0x00, 0x3F, 0xF0, 0x00, 0x02, 0xF0, 0x00, 0x00, 0x1F, 0xF0, 0x00, 0x3F,
    0xFF, 0x80, 0x00, 0x0B, 0xF0, 0x00, 0x3F, 0xFF, 0xC0, 0x00, 0x03, 0xF0, 0x00, 0x00, 0x00, 0xA0,
    0x00, 0x00, 0x00, 0x00, 0x00, 0x03, 0xFC, 0x00, 0x00, 0x00, 0x00, 0x00, 0x03, 0xFE, 0x00, 0x00,
    0x00, 0x00, 0x00, 0x01, 0xFF, 0x80, 0x00, 0x00, 0x00, 0x00, 0x00, 0x2F, 0xD0, 0x00, 0x00, 0x00,
    0x00, 0x00, 0x07, 0xF0, 0x00, 0x00, 0x00, 0x00, 0x00, 0x00, 0xBC, 0x00, 0x00, 0x00, 0x00, 0x00,
    0x00, 0x00, 0x00, 0x00, 0x00, 0x00, 0x00, 0x00, 0x00, 0x00, 0x00, 0x00, 0x00, 0x00, 0x6F, 0xFA,
    0x00, 0x00, 0x00, 0x00, 0x0B, 0xFF, 0xFF, 0xF0, 0x00, 0x00, 0x00, 0x3F, 0xF9, 0x2B, 0xFE, 0x00,
    0x00, 0x00, 0xFF, 0x40, 0x00, 0xFF, 0x80, 0x00, 0x03, 0xFC, 0x00, 0x00, 0x3F, 0xC0, 0x00, 0x0F,
    0xF8, 0x00, 0x00, 0x0F, 0xF0, 0x00, 0x0F, 0xF0, 0x00, 0x00, 0x0B, 0xF8, 0x00, 0x3F, 0xE0, 0x00,
    0x00, 0x03, 0xFC, 0x00, 0x3F, 0xC0, 0x00, 0x00, 0x03, 0xFC, 0x00, 0x3F, 0xC0, 0x00, 0x00, 0x02,
    0xFE, 0x00, 0xBF, 0xC0, 0x00, 0x00, 0x02, 0xFF, 0x00, 0xBF, 0x80, 0x00, 0x00, 0x02, 0xFF, 0x00,
    0xBF, 0x80, 0x00, 0x00, 0x01, 0xFF, 0x00, 0xBF, 0x80, 0x00, 0x00, 0x01, 0xFF, 0x00, 0xBF, 0x80,
    0x00, 0x00, 0x02, 0xFF, 0x00, 0x7F, 0xC0, 0x00, 0x00, 0x02, 0xFE, 0x00, 0x3F, 0xC0, 0x00, 0x00,
    0x03, 0xFE, 0x00, 0x3F, 0xC0, 0x00, 0x00, 0x03, 0xFC, 0x00, 0x2F, 0xE0, 0x00, 0x00, 0x0B, 0xFC,
    0x00, 0x0F, 0xF0, 0x00, 0x00, 0x0F, 0xF0, 0x00, 0x07, 0xFC, 0x00, 0x00, 0x2F, 0xE0, 0x00, 0x02,
    0xFE, 0x00, 0x00, 0x7F, 0xC0, 0x00, 0x00, 0xBF, 0xC0, 0x02, 0xFF, 0x00, 0x00, 0x00, 0x2F, 0xFE,
    0xBF, 0xF8, 0x00, 0x00, 0x00, 0x02, 0xFF, 0xFF, 0x80, 0x00, 0x00, 0x00, 0x00, 0x06, 0x90, 0x00,
    0x00, 0x00, 0x00, 0x00, 0x00, 0x02, 0x80, 0x00, 0x00, 0x00, 0x00, 0x00, 0x2F, 0xC0, 0x00, 0x00,
    0x00, 0x00, 0x00, 0x3F, 0xC0, 0x00, 0x00, 0x00, 0x00, 0x00, 0xFF, 0x80, 0x00, 0x00, 0x00, 0x00,
    0x03, 0xFC, 0x00, 0x00, 0x00, 0x00, 0x00, 0x0F, 0xE0, 0x00, 0x00, 0x00, 0x00, 0x00, 0x2F, 0x00,
    0x00, 0x00, 0x00, 0x00, 0x00, 0x00, 0x00, 0x00, 0x00, 0x00, 0x00, 0x00, 0x00, 0x00, 0x00, 0x00,
    0x00, 0x00, 0x00, 0x6F, 0xFA, 0x00, 0x00, 0x00, 0x00, 0x0B, 0xFF, 0xFF, 0xF0, 0x00, 0x00, 0x00,
    0x3F, 0xF9, 0x2B, 0xFE, 0x00, 0x00, 0x00, 0xFF, 0x40, 0x00, 0xFF, 0x80, 0x00, 0x03, 0xFC, 0x00,
    0x00, 0x3F, 0xC0, 0x00, 0x0F, 0xF8, 0x00, 0x00, 0x0F, 0xF0, 0x00, 0x0F, 0xF0, 0x00, 0x00, 0x0B,
    0xF8, 0x00, 0x3F, 0xE0, 0x00, 0x00, 0x03, 0xFC, 0x00, 0x3F, 0xC0, 0x00, 0x00, 0x03, 0xFC, 0x00,
    0x3F, 0xC0, 0x00, 0x00, 0x02, 0xFE, 0x00, 0xBF, 0xC0, 0x00, 0x00, 0x02, 0xFF, 0x00, 0xBF, 0x80,
    0x00, 0x00, 0x02, 0xFF, 0x00, 0xBF, 0x80, 0x00, 0x00, 0x01, 0xFF, 0x00, 0xBF, 0x80, 0x00, 0x00,
    0x01, 0xFF, 0x00, 0xBF, 0x80, 0x00, 0x00, 0x02, 0xFF, 0x00, 0x7F, 0xC0, 0x00, 0x00, 0x02, 0xFE,
    0x00, 0x3F, 0xC0, 0x00, 0x00, 0x03, 0xFE, 0x00, 0x3F, 0xC0, 0x00, 0x00, 0x03, 0xFC, 0x00, 0x2F,
    0xE0, 0x00, 0x00, 0x0B, 0xFC, 0x00, 0x0F, 0xF0, 0x00, 0x00, 0x0F, 0xF0, 0x00, 0x07, 0xFC, 0x00,
    0x00, 0x2F, 0xE0, 0x00, 0x02, 0xFE, 0x00, 0x00, 0x7F, 0xC0, 0x00, 0x00, 0xBF, 0xC0, 0x02, 0xFF,
    0x00, 0x00, 0x00, 0x2F, 0xFE, 0xBF, 0xF8, 0x00, 0x00, 0x00, 0x02, 0xFF, 0xFF, 0x80, 0x00, 0x00,
    0x00, 0x00, 0x06, 0x90, 0x00, 0x00, 0x00, 0x00, 0x00, 0x00, 0x00, 0x00, 0x00, 0x00, 0x00, 0x00,
    0x0F, 0xF0, 0x00, 0x00, 0x00, 0x00, 0x00, 0x2F, 0xFC, 0x00, 0x00, 0x00, 0x00, 0x00, 0x3F, 0xFE,
    0x00, 0x00, 0x00, 0x00, 0x00, 0xFC, 0x3F, 0x00, 0x00, 0x00, 0x00, 0x03, 0xF0, 0x0F, 0xC0, 0x00,
    0x00, 0x00, 0x0B, 0xC0, 0x03, 0xF0, 0x00, 0x00, 0x00, 0x00, 0x00, 0x00, 0x00, 0x00, 0x00, 0x00,
    0x00, 0x00, 0x00, 0x00, 0x00, 0x00, 0x00, 0x00, 0x6F, 0xFA, 0x00, 0x00, 0x00, 0x00, 0x0B, 0xFF,
    0xFF, 0xF0, 0x00, 0x00, 0x00, 0x3F, 0xF9, 0x2B, 0xFE, 0x00, 0x00, 0x00, 0xFF, 0x40, 0x00, 0xFF,
    0x80, 0x00, 0x03, 0xFC, 0x00, 0x00, 0x3F, 0xC0, 0x00, 0x0F, 0xF8, 0x00, 0x00, 0x0F, 0xF0, 0x00,
    0x0F, 0xF0, 0x00, 0x00, 0x0B, 0xF8, 0x00, 0x3F, 0xE0, 0x00, 0x00, 0x03, 0xFC, 0x00, 0x3F, 0xC0,
    0x00, 0x00, 0x03, 0xFC, 0x00, 0x3F, 0xC0, 0x00, 0x00, 0x02, 0xFE, 0x00, 0xBF, 0xC0, 0x00, 0x00,
    0x02, 0xFF, 0x00, 0xBF, 0x80, 0x00, 0x00, 0x02, 0xFF, 0x00, 0xBF, 0x80, 0x00, 0x00, 0x01, 0xFF,
    0x00, 0xBF, 0x80, 0x00, 0x00, 0x01, 0xFF, 0x00, 0xBF, 0x80, 0x00, 0x00, 0x02, 0xFF, 0x00, 0x7F,
    0xC0, 0x00, 0x00, 0x02, 0xFE, 0x00, 0x3F, 0xC0, 0x00, 0x00, 0x03, 0xFE, 0x00, 0x3F, 0xC0, 0x00,
    0x00, 0x03, 0xFC, 0x00, 0x2F, 0xE0, 0x00, 0x00, 0x0B, 0xFC, 0x00, 0x0F, 0xF0, 0x00, 0x00, 0x0F,
    0xF0, 0x00, 0x07, 0xFC, 0x00, 0x00, 0x2F, 0xE0, 0x00, 0x02, 0xFE, 0x00, 0x00, 0x7F, 0xC0, 0x00,
    0x00, 0xBF, 0xC0, 0x02, 0xFF, 0x00, 0x00, 0x00, 0x2F, 0xFE, 0xBF, 0xF8, 0x00, 0x00, 0x00, 0x02,
    0xFF, 0xFF, 0x80, 0x00, 0x00, 0x00, 0x00, 0x06, 0x90, 0x00, 0x00, 0x00, 0x00, 0x00, 0x00, 0x00,
    0x00, 0x00, 0x00, 0x00, 0x00, 0xFF, 0x80, 0xB0, 0x00, 0x00, 0x00, 0x03, 0xFF, 0xFA, 0xF0, 0x00,
    0x00, 0x00, 0x0F, 0x43, 0xFF, 0xC0, 0x00, 0x00, 0x00, 0x0E, 0x00, 0x7E, 0x00, 0x00, 0x00, 0x00,
    0x00, 0x00, 0x00, 0x00, 0x00, 0x00, 0x00, 0x00, 0x00, 0x00, 0x00, 0x00, 0x00, 0x00, 0x00, 0x00,
    0x00, 0x00, 0x00, 0x00, 0x00, 0x00, 0x6F, 0xFA, 0x00, 0x00, 0x00, 0x00, 0x0B, 0xFF, 0xFF, 0xF0,
    0x00, 0x00, 0x00, 0x3F, 0xF9, 0x2B, 0xFE, 0x00, 0x00, 0x00, 0xFF, 0x40, 0x00, 0xFF, 0x80, 0x00,
    0x03, 0xFC, 0x00, 0x00, 0x3F, 0xC0, 0x00, 0x0F, 0xF8, 0x00, 0x00, 0x0F, 0xF0, 0x00, 0x0F, 0xF0,
    0x00, 0x00, 0x0B, 0xF8, 0x00, 0x3F, 0xE0, 0x00, 0x00, 0x03, 0xFC, 0x00, 0x3F, 0xC0, 0x00, 0x00,
    0x03, 0xFC, 0x00, 0x3F, 0xC0, 0x00, 0x00, 0x02, 0xFE, 0x00, 0xBF, 0xC0, 0x00, 0x00, 0x02, 0xFF,
    0x00, 0xBF, 0x80, 0x00, 0x00, 0x02, 0xFF, 0x00, 0xBF, 0x80, 0x00, 0x00, 0x01, 0xFF, 0x00, 0xBF,
    0x80, 0x00, 0x00, 0x01, 0xFF, 0x00, 0xBF, 0x80, 0x00, 0x00, 0x02, 0xFF, 0x00, 0x7F, 0xC0, 0x00,
    0x00, 0x02, 0xFE, 0x00, 0x3F, 0xC0, 0x00, 0x00, 0x03, 0xFE, 0x00, 0x3F, 0xC0, 0x00, 0x00, 0x03,
    0xFC, 0x00, 0x2F, 0xE0, 0x00, 0x00, 0x0B, 0xFC, 0x00, 0x0F, 0xF0, 0x00, 0x00, 0x0F, 0xF0, 0x00,
    0x07, 0xFC, 0x00, 0x00, 0x2F, 0xE0, 0x00, 0x02, 0xFE, 0x00, 0x00, 0x7F, 0xC0, 0x00, 0x00, 0xBF,
    0xC0, 0x02, 0xFF, 0x00, 0x00, 0x00, 0x2F, 0xFE, 0xBF, 0xF8, 0x00, 0x00, 0x00, 0x02, 0xFF, 0xFF,
    0x80, 0x00, 0x00, 0x00, 0x00, 0x06, 0x90, 0x00, 0x00, 0x00, 0x00, 0x00, 0x00, 0x00, 0x00, 0x00,
    0x00, 0x00, 0x03, 0xF0, 0x0B, 0xE0, 0x00, 0x00, 0x00, 0x0B, 0xF4, 0x0F, 0xF0, 0x00, 0x00, 0x00,
    0x0B, 0xF0, 0x0F, 0xF0, 0x00, 0x00, 0x00, 0x02, 0xE0, 0x03, 0x80, 0x00, 0x00, 0x00, 0x00, 0x00,
    0x00, 0x00, 0x00, 0x00, 0x00, 0x00, 0x00, 0x00, 0x00, 0x00, 0x00, 0x00, 0x00, 0x00, 0x00, 0x00,
    0x00, 0x00, 0x00, 0x00, 0x6F, 0xFA, 0x00, 0x00, 0x00, 0x00, 0x0B, 0xFF, 0xFF, 0xF0, 0x00, 0x00,
    0x00, 0x3F, 0xF9, 0x2B, 0xFE, 0x00, 0x00, 0x00, 0xFF, 0x40, 0x00, 0xFF, 0x80, 0x00, 0x03, 0xFC,
    0x00, 0x00, 0x3F, 0xC0, 0x00, 0x0F, 0xF8, 0x00, 0x00, 0x0F, 0xF0, 0x00, 0x0F, 0xF0, 0x00, 0x00,
    0x0B, 0xF8, 0x00, 0x3F, 0xE0, 0x00, 0x00, 0x03, 0xFC, 0x00, 0x3F, 0xC0, 0x00, 0x00, 0x03, 0xFC,
    0x00, 0x3F, 0xC0, 0x00, 0x00, 0x02, 0xFE, 0x00, 0xBF, 0xC0, 0x00, 0x00, 0x02, 0xFF, 0x00, 0xBF,
    0x80, 0x00, 0x00, 0x02, 0xFF, 0x00, 0xBF, 0x80, 0x00, 0x00, 0x01, 0xFF, 0x00, 0xBF, 0x80, 0x00,
    0x00, 0x01, 0xFF, 0x00, 0xBF, 0x80, 0x00, 0x00, 0x02, 0xFF, 0x00, 0x7F, 0xC0, 0x00, 0x00, 0x02,
    0xFE, 0x00, 0x3F, 0xC0, 0x00, 0x00, 0x03, 0xFE, 0x00, 0x3F, 0xC0, 0x00, 0x00, 0x03, 0xFC, 0x00,
    0x2F, 0xE0, 0x00, 0x00, 0x0B, 0xFC, 0x00, 0x0F, 0xF0, 0x00, 0x00, 0x0F, 0xF0, 0x00, 0x07, 0xFC,
    0x00, 0x00, 0x2F, 0xE0, 0x00, 0x02, 0xFE, 0x00, 0x00, 0x7F, 0xC0, 0x00, 0x00, 0xBF, 0xC0, 0x02,
    0xFF, 0x00, 0x00, 0x00, 0x2F, 0xFE, 0xBF, 0xF8, 0x00, 0x00, 0x00, 0x02, 0xFF, 0xFF, 0x80, 0x00,
    0x00, 0x00, 0x00, 0x06, 0x90, 0x00, 0x00, 0x00, 0x20, 0x00, 0x00, 0x00, 0x08, 0xBC, 0x00, 0x00,
    0x00, 0x3E, 0x3F, 0x00, 0x00, 0x00, 0xFC, 0x0F, 0xC0, 0x00, 0x03, 0xF0, 0x03, 0xF0, 0x00, 0x0F,
    0xC0, 0x00, 0xFC, 0x00, 0x3F, 0x00, 0x00, 0x3F, 0x00, 0xFC, 0x00, 0x00, 0x0F, 0xC3, 0xF0, 0x00,
    0x00, 0x03, 0xFF, 0xC0, 0x00, 0x00, 0x00, 0xFF, 0x00, 0x00, 0x00, 0x00, 0xFF, 0x00, 0x00, 0x00,
    0x03, 0xFF, 0xC0, 0x00, 0x00, 0x0F, 0xC3, 0xF0, 0x00, 0x00, 0x3F, 0x00, 0xFC, 0x00, 0x00, 0xFC,
    0x00, 0x3F, 0x00, 0x03, 0xF0, 0x00, 0x0F, 0xC0, 0x0F, 0xC0, 0x00, 0x03, 0xF0, 0x3F, 0x00, 0x00,
    0x00, 0xFC, 0xBC, 0x00, 0x00, 0x00, 0x3E, 0x20, 0x00, 0x00, 0x00, 0x08, 0x00, 0x00, 0x00, 0x00,
    0x00, 0x00, 0x00, 0x00, 0x00, 0x00, 0x00, 0x03, 0x80, 0x00, 0x00, 0x00, 0x00, 0x00, 0x0B, 0xC0,
    0x00, 0x00, 0x00, 0x6F, 0xFA, 0x0F, 0x80, 0x00, 0x00, 0x0B, 0xFF, 0xFF, 0xFF, 0x00, 0x00, 0x00,
    0x3F, 0xF9, 0x2B, 0xFE, 0x00, 0x00, 0x00, 0xFF, 0x40, 0x00, 0xFF, 0x80, 0x00, 0x03, 0xFC, 0x00,
    0x02, 0xFF, 0xD0, 0x00, 0x0F, 0xF8, 0x00, 0x03, 0xEF, 0xF0, 0x00, 0x0F, 0xF0, 0x00, 0x0B, 0xCB,
    0xF8, 0x00, 0x3F, 0xE0, 0x00, 0x0F, 0x43, 0xFC, 0x00, 0x3F, 0xC0, 0x00, 0x3F, 0x03, 0xFC, 0x00,
    0x3F, 0xC0, 0x00, 0xBC, 0x02, 0xFE, 0x00, 0xBF, 0xC0, 0x00, 0xF8, 0x02, 0xFF, 0x00, 0xBF, 0x80,
    0x02, 0xF0, 0x02, 0xFF, 0x00, 0xBF, 0x80, 0x03, 0xD0, 0x01, 0xFF, 0x00, 0xBF, 0x80, 0x0F, 0xC0,
    0x01, 0xFF, 0x00, 0xBF, 0x80, 0x1F, 0x00, 0x02, 0xFF, 0x00, 0x7F, 0xC0, 0x3E, 0x00, 0x02, 0xFE,
    0x00, 0x3F, 0xC0, 0xBC, 0x00, 0x03, 0xFE, 0x00, 0x3F, 0xC0, 0xF4, 0x00, 0x03, 0xFC, 0x00, 0x2F,
    0xE3, 0xF0, 0x00, 0x0B, 0xFC, 0x00, 0x0F, 0xFB, 0xC0, 0x00, 0x0F, 0xF0, 0x00, 0x0B, 0xFF, 0x80,
    0x00, 0x2F, 0xE0, 0x00, 0x02, 0xFF, 0x00, 0x00, 0x7F, 0xC0, 0x00, 0x00, 0xFF, 0xC0, 0x02, 0xFF,
    0x00, 0x00, 0x00, 0xFF, 0xFE, 0xBF, 0xF8, 0x00, 0x00, 0x00, 0xF6, 0xFF, 0xFF, 0x80, 0x00, 0x00,
    0x03, 0xE0, 0x02, 0x90, 0x00, 0x00, 0x00, 0x0B, 0xC0, 0x00, 0x00, 0x00, 0x00, 0x00, 0x02, 0x00,
    0x00, 0x00, 0x00, 0x00, 0x00, 0x00, 0x00, 0x28, 0x00, 0x00, 0x00, 0x00, 0x00, 0x00, 0xFF, 0x00,
    0x00, 0x00, 0x00, 0x00, 0x00, 0xFF, 0x80, 0x00, 0x00, 0x00, 0x00, 0x00, 0x3F, 0xE0, 0x00, 0x00,
    0x00, 0x00, 0x00, 0x0B, 0xF4, 0x00, 0x00, 0x00, 0x00, 0x00, 0x00, 0xFC, 0x00, 0x00, 0x00, 0x00,
    0x00, 0x00, 0x2F, 0x00, 0x00, 0x00, 0x00, 0x00, 0x00, 0x00, 0x00, 0x00, 0x00, 0x00, 0x00, 0x00,
    0x00, 0x00, 0x00, 0x00, 0x15, 0x55, 0x50, 0x00, 0x15, 0x55, 0x00, 0x3F, 0xFF, 0xF0, 0x00, 0x3F,
    0xFF, 0x80, 0x0B, 0xFF, 0x90, 0x00, 0x1B, 0xF9, 0x00, 0x00, 0xFE, 0x00, 0x00, 0x01, 0xF0, 0x00,
    0x00, 0xFE, 0x00, 0x00, 0x01, 0xF0, 0x00, 0x00, 0xFE, 0x00, 0x00, 0x01, 0xF0, 0x00, 0x00, 0xFE,
    0x00, 0x00, 0x01, 0xF0, 0x00, 0x00, 0xFE, 0x00, 0x00, 0x01, 0xF0, 0x00, 0x00, 0xFE, 0x00, 0x00,
    0x01, 0xF0, 0x00, 0x00, 0xFE, 0x00, 0x00, 0x01, 0xF0, 0x00, 0x00, 0xFE, 0x00, 0x00, 0x01, 0xF0,
    0x00, 0x00, 0xFE, 0x00, 0x00, 0x01, 0xF0, 0x00, 0x00, 0xFE, 0x00, 0x00, 0x01, 0xF0, 0x00, 0x00,
    0xFE, 0x00, 0x00, 0x01, 0xF0, 0x00, 0x00, 0xFE, 0x00, 0x00, 0x01, 0xF0, 0x00, 0x00, 0xFE, 0x00,
    0x00, 0x01, 0xF0, 0x00, 0x00, 0xFE, 0x00, 0x00, 0x02, 0xF0, 0x00, 0x00, 0xFE, 0x00, 0x00, 0x02,
    0xF0, 0x00, 0x00, 0xFF, 0x00, 0x00, 0x02, 0xF0, 0x00, 0x00, 0xFF, 0x00, 0x00, 0x03, 0xE0, 0x00,
    0x00, 0xFF, 0x80, 0x00, 0x0B, 0xD0, 0x00, 0x00, 0x7F, 0xC0, 0x00, 0x0F, 0xC0, 0x00, 0x00, 0x3F,
    0xF8, 0x00, 0xBF, 0x40, 0x00, 0x00, 0x0F, 0xFF, 0xFF, 0xFE, 0x00, 0x00, 0x00, 0x02, 0xFF, 0xFF,
    0xE0, 0x00, 0x00, 0x00, 0x00, 0x06, 0xA4, 0x00, 0x00, 0x00, 0x00, 0x00, 0x00, 0x00, 0xA0, 0x00,
    0x00, 0x00, 0x00, 0x00, 0x0B, 0xF0, 0x00, 0x00, 0x00, 0x00, 0x00, 0x0F, 0xF0, 0x00, 0x00, 0x00,
    0x00, 0x00, 0x3F, 0xE0, 0x00, 0x00, 0x00, 0x00, 0x00, 0xFF, 0x00, 0x00, 0x00, 0x00, 0x00, 0x03,
    0xF8, 0x00, 0x00, 0x00, 0x00, 0x00, 0x0B, 0xC0, 0x00, 0x00, 0x00, 0x00, 0x00, 0x00, 0x00, 0x00,
    0x00, 0x00, 0x00, 0x00, 0x00, 0x00, 0x00, 0x00, 0x00, 0x15, 0x55, 0x50, 0x00, 0x15, 0x55, 0x00,
    0x3F, 0xFF, 0xF0, 0x00, 0x3F, 0xFF, 0x80, 0x0B, 0xFF, 0x90, 0x00, 0x1B, 0xF9, 0x00, 0x00, 0xFE,
    0x00, 0x00, 0x01, 0xF0, 0x00, 0x00, 0xFE, 0x00, 0x00, 0x01, 0xF0, 0x00, 0x00, 0xFE, 0x00, 0x00,
    0x01, 0xF0, 0x00, 0x00, 0xFE, 0x00, 0x00, 0x01, 0xF0, 0x00, 0x00, 0xFE, 0x00, 0x00, 0x01, 0xF0,
    0x00, 0x00, 0xFE, 0x00, 0x00, 0x01, 0xF0, 0x00, 0x00, 0xFE, 0x00, 0x00, 0x01, 0xF0, 0x00, 0x00,
    0xFE, 0x00, 0x00, 0x01, 0xF0, 0x00, 0x00, 0xFE, 0x00, 0x00, 0x01, 0xF0, 0x00, 0x00, 0xFE, 0x00,
    0x00, 0x01, 0xF0, 0x00, 0x00, 0xFE, 0x00, 0x00, 0x01, 0xF0, 0x00, 0x00, 0xFE, 0x00, 0x00, 0x01,
    0xF0, 0x00, 0x00, 0xFE, 0x00, 0x00, 0x01, 0xF0, 0x00, 0x00, 0xFE, 0x00, 0x00, 0x02, 0xF0, 0x00,
    0x00, 0xFE, 0x00, 0x00, 0x02, 0xF0, 0x00, 0x00, 0xFF, 0x00, 0x00, 0x02, 0xF0, 0x00, 0x00, 0xFF,
    0x00, 0x00, 0x03, 0xE0, 0x00, 0x00, 0xFF, 0x80, 0x00, 0x0B, 0xD0, 0x00, 0x00, 0x7F, 0xC0, 0x00,
    0x0F, 0xC0, 0x00, 0x00, 0x3F, 0xF8, 0x00, 0xBF, 0x40, 0x00, 0x00, 0x0F, 0xFF, 0xFF, 0xFE, 0x00,
    0x00, 0x00, 0x02, 0xFF, 0xFF, 0xE0, 0x00, 0x00, 0x00, 0x00, 0x06, 0xA4, 0x00, 0x00, 0x00, 0x00,
    0x00, 0x00, 0x00, 0x00, 0x00, 0x00, 0x00, 0x00, 0x03, 0xFC, 0x00, 0x00, 0x00, 0x00, 0x00, 0x0B,
    0xFF, 0x00, 0x00, 0x00, 0x00, 0x00, 0x0F, 0xFF, 0x80, 0x00, 0x00, 0x00, 0x00, 0x3F, 0x0F, 0xD0,
    0x00, 0x00, 0x00, 0x00, 0xFC, 0x03, 0xF0, 0x00, 0x00, 0x00, 0x02, 0xF0, 0x00, 0xFC, 0x00, 0x00,
    0x00, 0x00, 0x00, 0x00, 0x00, 0x00, 0x00, 0x00, 0x00, 0x00, 0x00, 0x00, 0x00, 0x00, 0x15, 0x55,
    0x50, 0x00, 0x15, 0x55, 0x00, 0x3F, 0xFF, 0xF0, 0x00, 0x3F, 0xFF, 0x80, 0x0B, 0xFF, 0x90, 0x00,
    0x1B, 0xF9, 0x00, 0x00, 0xFE, 0x00, 0x00, 0x01, 0xF0, 0x00, 0x00, 0xFE, 0x00, 0x00, 0x01, 0xF0,
    0x00, 0x00, 0xFE, 0x00, 0x00, 0x01, 0xF0, 0x00, 0x00, 0xFE, 0x00, 0x00, 0x01, 0xF0, 0x00, 0x00,
    0xFE, 0x00, 0x00, 0x01, 0xF0, 0x00, 0x00, 0xFE, 0x00, 0x00, 0x01, 0xF0, 0x00, 0x00, 0xFE, 0x00,
    0x00, 0x01, 0xF0, 0x00, 0x00, 0xFE, 0x00, 0x00, 0x01, 0xF0, 0x00, 0x00, 0xFE, 0x00, 0x00, 0x01,
    0xF0, 0x00, 0x00, 0xFE, 0x00, 0x00, 0x01, 0xF0, 0x00, 0x00, 0xFE, 0x00, 0x00, 0x01, 0xF0, 0x00,
    0x00, 0xFE, 0x00, 0x00, 0x01, 0xF0, 0x00, 0x00, 0xFE, 0x00, 0x00, 0x01, 0xF0, 0x00, 0x00, 0xFE,
    0x00, 0x00, 0x02, 0xF0, 0x00, 0x00, 0xFE, 0x00, 0x00, 0x02, 0xF0, 0x00, 0x00, 0xFF, 0x00, 0x00,
    0x02, 0xF0, 0x00, 0x00, 0xFF, 0x00, 0x00, 0x03, 0xE0, 0x00, 0x00, 0xFF, 0x80, 0x00, 0x0B, 0xD0,
    0x00, 0x00, 0x7F, 0xC0, 0x00, 0x0F, 0xC0, 0x00, 0x00, 0x3F, 0xF8, 0x00, 0xBF, 0x40, 0x00, 0x00,
    0x0F, 0xFF, 0xFF, 0xFE, 0x00, 0x00, 0x00, 0x02, 0xFF, 0xFF, 0xE0, 0x00, 0x00, 0x00, 0x00, 0x06,
    0xA4, 0x00, 0x00, 0x00, 0x00, 0x00, 0x00, 0x00, 0x00, 0x00, 0x00, 0x00, 0x00, 0xFC, 0x02, 0xF8,
    0x00, 0x00, 0x00, 0x02, 0xFE, 0x03, 0xFC, 0x00, 0x00, 0x00, 0x01, 0xFC, 0x03, 0xFC, 0x00, 0x00,
    0x00, 0x00, 0xB8, 0x00, 0xE0, 0x00, 0x00, 0x00, 0x00, 0x00, 0x00, 0x00, 0x00, 0x00, 0x00, 0x00,
    0x00, 0x00, 0x00, 0x00, 0x00, 0x00, 0x00, 0x00, 0x00, 0x00, 0x00, 0x00, 0x15, 0x55, 0x50, 0x00,
    0x15, 0x55, 0x00, 0x3F, 0xFF, 0xF0, 0x00, 0x3F, 0xFF, 0x80, 0x0B, 0xFF, 0x90, 0x00, 0x1B, 0xF9,
    0x00, 0x00, 0xFE, 0x00, 0x00, 0x01, 0xF0, 0x00, 0x00, 0xFE, 0x00, 0x00, 0x01, 0xF0, 0x00, 0x00,
    0xFE, 0x00, 0x00, 0x01, 0xF0, 0x00, 0x00, 0xFE, 0x00, 0x00, 0x01, 0xF0, 0x00, 0x00, 0xFE, 0x00,
    0x00, 0x01, 0xF0, 0x00, 0x00, 0xFE, 0x00, 0x00, 0x01, 0xF0, 0x00, 0x00, 0xFE, 0x00, 0x00, 0x01,
    0xF0, 0x00, 0x00, 0xFE, 0x00, 0x00, 0x01, 0xF0, 0x00, 0x00, 0xFE, 0x00, 0x00, 0x01, 0xF0, 0x00,
    0x00, 0xFE, 0x00, 0x00, 0x01, 0xF0, 0x00, 0x00, 0xFE, 0x00, 0x00, 0x01, 0xF0, 0x00, 0x00, 0xFE,
    0x00, 0x00, 0x01, 0xF0, 0x00, 0x00, 0xFE, 0x00, 0x00, 0x01, 0xF0, 0x00, 0x00, 0xFE, 0x00, 0x00,
    0x02, 0xF0, 0x00, 0x00, 0xFE, 0x00, 0x00, 0x02, 0xF0, 0x00, 0x00, 0xFF, 0x00, 0x00, 0x02, 0xF0,
    0x00, 0x00, 0xFF, 0x00, 0x00, 0x03, 0xE0, 0x00, 0x00, 0xFF, 0x80, 0x00, 0x0B, 0xD0, 0x00, 0x00,
    0x7F, 0xC0, 0x00, 0x0F, 0xC0, 0x00, 0x00, 0x3F, 0xF8, 0x00, 0xBF, 0x40, 0x00, 0x00, 0x0F, 0xFF,
    0xFF, 0xFE, 0x00, 0x00, 0x00, 0x02, 0xFF, 0xFF, 0xE0, 0x00, 0x00, 0x00, 0x00, 0x06, 0xA4, 0x00,
    0x00, 0x00, 0x00, 0x00, 0x00, 0x0A, 0x00, 0x00, 0x00, 0x00, 0x00, 0x7F, 0x40, 0x00, 0x00, 0x00,
    0x00, 0xFF, 0x80, 0x00, 0x00, 0x00, 0x03, 0xFE, 0x00, 0x00, 0x00, 0x00, 0x0F, 0xF4, 0x00, 0x00,
    0x00, 0x00, 0x3F, 0x80, 0x00, 0x00, 0x00, 0x00, 0xBC, 0x00, 0x00, 0x00, 0x00, 0x00, 0x00, 0x00,
    0x00, 0x00, 0x00, 0x00, 0x00, 0x00, 0x00, 0x00, 0x15, 0x55, 0x40, 0x01, 0x55, 0x50, 0xBF, 0xFF,
    0xC0, 0x03, 0xFF, 0xF0, 0x2F, 0xFE, 0x40, 0x01, 0xBF, 0xA0, 0x03, 0xFC, 0x00, 0x00, 0x3F, 0x00,
    0x02, 0xFE, 0x00, 0x00, 0xBC, 0x00, 0x00, 0xFF, 0x00, 0x00, 0xF8, 0x00, 0x00, 0xBF, 0x80, 0x03,
    0xF0, 0x00, 0x00, 0x3F, 0xC0, 0x07, 0xD0, 0x00, 0x00, 0x2F, 0xE0, 0x0F, 0xC0, 0x00, 0x00, 0x0F,
    0xF0, 0x2F, 0x00, 0x00, 0x00, 0x07, 0xFC, 0x3E, 0x00, 0x00, 0x00, 0x03, 0xFC, 0xFC, 0x00, 0x00,
    0x00, 0x00, 0xFF, 0xF4, 0x00, 0x00, 0x00, 0x00, 0xBF, 0xF0, 0x00, 0x00, 0x00, 0x00, 0x3F, 0xC0,
    0x00, 0x00, 0x00, 0x00, 0x2F, 0xC0, 0x00, 0x00, 0x00, 0x00, 0x2F, 0xC0, 0x00, 0x00, 0x00, 0x00,
    0x2F, 0xC0, 0x00, 0x00, 0x00, 0x00, 0x2F, 0xC0, 0x00, 0x00, 0x00, 0x00, 0x2F, 0xC0, 0x00, 0x00,
    0x00, 0x00, 0x2F, 0xC0, 0x00, 0x00, 0x00, 0x00, 0x2F, 0xC0, 0x00, 0x00, 0x00, 0x00, 0x3F, 0xC0,
    0x00, 0x00, 0x00, 0x0B, 0xFF, 0xFF, 0x00, 0x00, 0x00, 0x0B, 0xFF, 0xFF, 0x00, 0x00, 0x55, 0x55,
    0x40, 0x00, 0x00, 0xFF, 0xFF, 0xE0, 0x00, 0x00, 0x2F, 0xFE, 0x40, 0x00, 0x00, 0x03, 0xF8, 0x00,
    0x00, 0x00, 0x03, 0xF8, 0x00, 0x00, 0x00, 0x03, 0xFF, 0xFE, 0x80, 0x00, 0x03, 0xFF, 0xFF, 0xFE,
    0x00, 0x03, 0xF8, 0x02, 0xFF, 0xC0, 0x03, 0xF8, 0x00, 0x3F, 0xE0, 0x03, 0xF8, 0x00, 0x2F, 0xF0,
    0x03, 0xF8, 0x00, 0x0F, 0xF0, 0x03, 0xF8, 0x00, 0x0F, 0xF4, 0x03, 0xF8, 0x00, 0x0F, 0xF8, 0x03,
    0xF8, 0x00, 0x0F, 0xF0, 0x03, 0xF8, 0x00, 0x0F, 0xF0, 0x03, 0xF8, 0x00, 0x1F, 0xF0, 0x03, 0xF8,
    0x00, 0x3F, 0xD0, 0x03, 0xF8, 0x02, 0xFF, 0x80, 0x03, 0xFF, 0xFF, 0xFD, 0x00, 0x03, 0xFF, 0xFF,
    0xA0, 0x00, 0x03, 0xF8, 0x00, 0x00, 0x00, 0x03, 0xF8, 0x00, 0x00, 0x00, 0x0B, 0xF8, 0x00, 0x00,
    0x00, 0xFF, 0xFF, 0xC0, 0x00, 0x00, 0xFF, 0xFF, 0xD0, 0x00, 0x00, 0x00, 0x00, 0x1A, 0xA8, 0x00,
    0x00, 0x00, 0x02, 0xFF, 0xFF, 0x80, 0x00, 0x00, 0x0F, 0xF4, 0x7F, 0xE0, 0x00, 0x00, 0x2F, 0x80,
    0x0B, 0xF0, 0x00, 0x00, 0x3F, 0x00, 0x03, 0xF4, 0x00, 0x00, 0xFE, 0x00, 0x03, 0xF8, 0x00, 0x00,
    0xFC, 0x00, 0x03, 0xF8, 0x00, 0x02, 0xFC, 0x00, 0x03, 0xF8, 0x00, 0x02, 0xFC, 0x00, 0x03, 0xF8,
    0x00, 0x03, 0xF8, 0x00, 0x2F, 0xF0, 0x00, 0x03, 0xF8, 0x00, 0xFD, 0x00, 0x00, 0x03, 0xF8, 0x03,
    0xF0, 0x00, 0x00, 0x03, 0xF8, 0x03, 0xF0, 0x00, 0x00, 0x03, 0xF8, 0x07, 0xF0, 0x00, 0x00, 0x03,
    0xF8, 0x07, 0xFC, 0x00, 0x00, 0x03, 0xF8, 0x03, 0xFF, 0x00, 0x00, 0x03, 0xF8, 0x01, 0xFF, 0xE0,
    0x00, 0x03, 0xF8, 0x00, 0x3F, 0xFC, 0x00, 0x03, 0xF8, 0x00, 0x0B, 0xFF, 0x40, 0x03, 0xF8, 0x00,
    0x00, 0xFF, 0xC0, 0x03, 0xF8, 0x00, 0x00, 0x2F, 0xC0, 0x03, 0xF8, 0x02, 0x80, 0x0F, 0xE0, 0x03,
    0xF8, 0x03, 0xC0, 0x0F, 0xC0, 0x03, 0xF8, 0x03, 0xC0, 0x0F, 0xC0, 0x03, 0xF8, 0x03, 0xC0, 0x2F,
    0x80, 0x2F, 0xFE, 0x83, 0xFA, 0xFF, 0x00, 0x3F, 0xFF, 0xC2, 0xFF, 0xF8, 0x00, 0x00, 0x00, 0x00,
    0x00, 0x00, 0x00, 0x01, 0x90, 0x00, 0x00, 0x00, 0x03, 0xF8, 0x00, 0x00, 0x00, 0x03, 0xFE, 0x00,
    0x00, 0x00, 0x02, 0xFF, 0x00, 0x00, 0x00, 0x00, 0x3F, 0xC0, 0x00, 0x00, 0x00, 0x0B, 0xF0, 0x00,
    0x00, 0x00, 0x00, 0xFC, 0x00, 0x00, 0x00, 0x00, 0x00, 0x00, 0x00, 0x00, 0x00, 0x00, 0x00, 0x00,
    0x00, 0x6F, 0xFE, 0x00, 0x00, 0x0B, 0xFF, 0xFF, 0xC0, 0x00, 0x2F, 0xC0, 0x2F, 0xF0, 0x00, 0x3F,
    0xC0, 0x0B, 0xF0, 0x00, 0x3F, 0xC0, 0x03, 0xF0, 0x00, 0x0A, 0x80, 0x03, 0xF0, 0x00, 0x00, 0x00,
    0x03, 0xF0, 0x00, 0x00, 0x01, 0xBF, 0xF0, 0x00, 0x00, 0xBF, 0xEB, 0xF0, 0x00, 0x0B, 0xFD, 0x03,
    0xF0, 0x00, 0x3F, 0xD0, 0x03, 0xF0, 0x00, 0xBF, 0x40, 0x03, 0xF0, 0x00, 0xBF, 0x00, 0x03, 0xF0,
    0x00, 0xFF, 0x00, 0x03, 0xF0, 0x00, 0xBF, 0x00, 0x0B, 0xF0, 0x00, 0xBF, 0xC0, 0xBF, 0xF4, 0x00,
    0x3F, 0xFF, 0xF3, 0xFE, 0x80, 0x0B, 0xFF, 0x03, 0xFF, 0xC0, 0x00, 0x00, 0x00, 0x00, 0x00, 0x00,
    0x00, 0x06, 0x40, 0x00, 0x00, 0x00, 0x2F, 0xC0, 0x00, 0x00, 0x00, 0xBF, 0xC0, 0x00, 0x00, 0x00,
    0xFF, 0x80, 0x00, 0x00, 0x03, 0xFC, 0x00, 0x00, 0x00, 0x0F, 0xE0, 0x00, 0x00, 0x00, 0x3F, 0x00,
    0x00, 0x00, 0x00, 0x00, 0x00, 0x00, 0x00, 0x00, 0x00, 0x00, 0x00, 0x00, 0x00, 0x6F, 0xFE, 0x00,
    0x00, 0x0B, 0xFF, 0xFF, 0xC0, 0x00, 0x2F, 0xC0, 0x2F, 0xF0, 0x00, 0x3F, 0xC0, 0x0B, 0xF0, 0x00,
    0x3F, 0xC0, 0x03, 0xF0, 0x00, 0x0A, 0x80, 0x03, 0xF0, 0x00, 0x00, 0x00, 0x03, 0xF0, 0x00, 0x00,
    0x01, 0xBF, 0xF0, 0x00, 0x00, 0xBF, 0xEB, 0xF0, 0x00, 0x0B, 0xFD, 0x03, 0xF0, 0x00, 0x3F, 0xD0,
    0x03, 0xF0, 0x00, 0xBF, 0x40, 0x03, 0xF0, 0x00, 0xBF, 0x00, 0x03, 0xF0, 0x00, 0xFF, 0x00, 0x03,
    0xF0, 0x00, 0xBF, 0x00, 0x0B, 0xF0, 0x00, 0xBF, 0xC0, 0xBF, 0xF4, 0x00, 0x3F, 0xFF, 0xF3, 0xFE,
    0x80, 0x0B, 0xFF, 0x03, 0xFF, 0xC0, 0x00, 0x00, 0x00, 0x00, 0x00, 0x00, 0x00, 0x00, 0x00, 0x00,
    0x00, 0x0F, 0xF0, 0x00, 0x00, 0x00, 0x2F, 0xF8, 0x00, 0x00, 0x00, 0xBF, 0xFD, 0x00, 0x00, 0x00,
    0xFC, 0x3F, 0x00, 0x00, 0x03, 0xF0, 0x0F, 0xC0, 0x00, 0x0B, 0xC0, 0x03, 0xE0, 0x00, 0x00, 0x00,
    0x00, 0x00, 0x00, 0x00, 0x00, 0x00, 0x00, 0x00, 0x00, 0x6F, 0xFE, 0x00, 0x00, 0x0B, 0xFF, 0xFF,
    0xC0, 0x00, 0x2F, 0xC0, 0x2F, 0xF0, 0x00, 0x3F, 0xC0, 0x0B, 0xF0, 0x00, 0x3F, 0xC0, 0x03, 0xF0,
    0x00, 0x0A, 0x80, 0x03, 0xF0, 0x00, 0x00, 0x00, 0x03, 0xF0, 0x00, 0x00, 0x01, 0xBF, 0xF0, 0x00,
    0x00, 0xBF, 0xEB, 0xF0, 0x00, 0x0B, 0xFD, 0x03, 0xF0, 0x00, 0x3F, 0xD0, 0x03, 0xF0, 0x00, 0xBF,
    0x40, 0x03, 0xF0, 0x00, 0xBF, 0x00, 0x03, 0xF0, 0x00, 0xFF, 0x00, 0x03, 0xF0, 0x00, 0xBF, 0x00,
    0x0B, 0xF0, 0x00, 0xBF, 0xC0, 0xBF, 0xF4, 0x00, 0x3F, 0xFF, 0xF3, 0xFE, 0x80, 0x0B, 0xFF, 0x03,
    0xFF, 0xC0, 0x00, 0x00, 0x00, 0x00, 0x00, 0x00, 0x00, 0x00, 0x00, 0x00, 0x01, 0xFF, 0x00, 0xB0,
    0x00, 0x03, 0xFF, 0xFA, 0xE0, 0x00, 0x0F, 0x0B, 0xFF, 0xC0, 0x00, 0x0D, 0x00, 0xBE, 0x00, 0x00,
    0x00, 0x00, 0x00, 0x00, 0x00, 0x00, 0x00, 0x00, 0x00, 0x00, 0x00, 0x00, 0x00, 0x00, 0x00, 0x00,
    0x6F, 0xFE, 0x00, 0x00, 0x0B, 0xFF, 0xFF, 0xC0, 0x00, 0x2F, 0xC0, 0x2F, 0xF0, 0x00, 0x3F, 0xC0,
    0x0B, 0xF0, 0x00, 0x3F, 0xC0, 0x03, 0xF0, 0x00, 0x0A, 0x80, 0x03, 0xF0, 0x00, 0x00, 0x00, 0x03,
    0xF0, 0x00, 0x00, 0x01, 0xBF, 0xF0, 0x00, 0x00, 0xBF, 0xEB, 0xF0, 0x00, 0x0B, 0xFD, 0x03, 0xF0,
    0x00, 0x3F, 0xD0, 0x03, 0xF0, 0x00, 0xBF, 0x40, 0x03, 0xF0, 0x00, 0xBF, 0x00, 0x03, 0xF0, 0x00,
    0xFF, 0x00, 0x03, 0xF0, 0x00, 0xBF, 0x00, 0x0B, 0xF0, 0x00, 0xBF, 0xC0, 0xBF, 0xF4, 0x00, 0x3F,
    0xFF, 0xF3, 0xFE, 0x80, 0x0B, 0xFF, 0x03, 0xFF, 0xC0, 0x00, 0x00, 0x00, 0x00, 0x00, 0x00, 0x00,
    0x00, 0x00, 0x00, 0x03, 0xF0, 0x0F, 0xC0, 0x00, 0x0B, 0xF0, 0x0F, 0xE0, 0x00, 0x0B, 0xF0, 0x0F,
    0xE0, 0x00, 0x02, 0xD0, 0x0B, 0x80, 0x00, 0x00, 0x00, 0x00, 0x00, 0x00, 0x00, 0x00, 0x00, 0x00,
    0x00, 0x00, 0x00, 0x00, 0x00, 0x00, 0x00, 0x6F, 0xFE, 0x00, 0x00, 0x0B, 0xFF, 0xFF, 0xC0, 0x00,
    0x2F, 0xC0, 0x2F, 0xF0, 0x00, 0x3F, 0xC0, 0x0B, 0xF0, 0x00, 0x3F, 0xC0, 0x03, 0xF0, 0x00, 0x0A,
    0x80, 0x03, 0xF0, 0x00, 0x00, 0x00, 0x03, 0xF0, 0x00, 0x00, 0x01, 0xBF, 0xF0, 0x00, 0x00, 0xBF,
    0xEB, 0xF0, 0x00, 0x0B, 0xFD, 0x03, 0xF0, 0x00, 0x3F, 0xD0, 0x03, 0xF0, 0x00, 0xBF, 0x40, 0x03,
    0xF0, 0x00, 0xBF, 0x00, 0x03, 0xF0, 0x00, 0xFF, 0x00, 0x03, 0xF0, 0x00, 0xBF, 0x00, 0x0B, 0xF0,
    0x00, 0xBF, 0xC0, 0xBF, 0xF4, 0x00, 0x3F, 0xFF, 0xF3, 0xFE, 0x80, 0x0B, 0xFF, 0x03, 0xFF, 0xC0,
    0x00, 0x00, 0x00, 0x00, 0x00, 0x00, 0x06, 0x90, 0x00, 0x00, 0x00, 0x3F, 0xFC, 0x00, 0x00, 0x00,
    0xFD, 0x7E, 0x00, 0x00, 0x00, 0xF0, 0x0F, 0x00, 0x00, 0x00, 0xE0, 0x0B, 0x00, 0x00, 0x00, 0xE0,
    0x0F, 0x00, 0x00, 0x00, 0xF8, 0x2F, 0x00, 0x00, 0x00, 0x3F, 0xFC, 0x00, 0x00, 0x00, 0x0F, 0xF0,
    0x00, 0x00, 0x00, 0x00, 0x00, 0x00, 0x00, 0x00, 0x00, 0x00, 0x00, 0x00, 0x00, 0x6F, 0xFE, 0x00,
    0x00, 0x0B, 0xFF, 0xFF, 0xC0, 0x00, 0x2F, 0xC0, 0x2F, 0xF0, 0x00, 0x3F, 0xC0, 0x0B, 0xF0, 0x00,
    0x3F, 0xC0, 0x03, 0xF0, 0x00, 0x0A, 0x80, 0x03, 0xF0, 0x00, 0x00, 0x00, 0x03, 0xF0, 0x00, 0x00,
    0x01, 0xBF, 0xF0, 0x00, 0x00, 0xBF, 0xEB, 0xF0, 0x00, 0x0B, 0xFD, 0x03, 0xF0, 0x00, 0x3F, 0xD0,
    0x03, 0xF0, 0x00, 0xBF, 0x40, 0x03, 0xF0, 0x00, 0xBF, 0x00, 0x03, 0xF0, 0x00, 0xFF, 0x00, 0x03,
    0xF0, 0x00, 0xBF, 0x00, 0x0B, 0xF0, 0x00, 0xBF, 0xC0, 0xBF, 0xF4, 0x00, 0x3F, 0xFF, 0xF3, 0xFE,
    0x80, 0x0B, 0xFF, 0x03, 0xFF, 0xC0, 0x00, 0x00, 0x00, 0x00, 0x00, 0x00, 0x00, 0x00, 0x00, 0x00,
    0x00, 0x00, 0xAF, 0xF8, 0x02, 0xFF, 0x40, 0x0B, 0xFF, 0xFF, 0xAF, 0xFF, 0xF0, 0x2F, 0xC0, 0x2F,
    0xFD, 0x07, 0xF8, 0x3F, 0xC0, 0x0F, 0xF8, 0x02, 0xFC, 0x3F, 0xC0, 0x0F, 0xF0, 0x00, 0xFE, 0x0A,
    0x80, 0x0B, 0xF0, 0x00, 0xFE, 0x00, 0x00, 0x0F, 0xF0, 0x00, 0xFE, 0x00, 0x02, 0xBF, 0xFF, 0xFF,
    0xFF, 0x00, 0xBF, 0xEF, 0xFA, 0xAA, 0xAA, 0x0B, 0xF8, 0x0B, 0xF0, 0x00, 0x00, 0x3F, 0xC0, 0x0B,
    0xF0, 0x00, 0x00, 0xBF, 0x00, 0x0B, 0xF0, 0x00, 0x00, 0xBF, 0x00, 0x0B, 0xF0, 0x00, 0x00, 0xFF,
    0x00, 0x0B, 0xF0, 0x00, 0x00, 0xBF, 0x00, 0x0F, 0xFC, 0x00, 0x0B, 0xBF, 0xC0, 0xBF, 0xFF, 0xD0,
    0xBF, 0x3F, 0xFF, 0xF0, 0xFF, 0xFF, 0xFC, 0x0F, 0xFF, 0x40, 0x0F, 0xFF, 0xE0, 0x00, 0x00, 0x00,
    0x00, 0x00, 0x00, 0x00, 0x00, 0x00, 0x00, 0x00, 0x0B, 0xFE, 0x00, 0x00, 0xFF, 0xFF, 0xE0, 0x07,
    0xF8, 0x0B, 0xF0, 0x0F, 0xE0, 0x0B, 0xF8, 0x3F, 0xC0, 0x0B, 0xF4, 0x3F, 0x80, 0x02, 0xE0, 0xBF,
    0x00, 0x00, 0x00, 0xBF, 0x00, 0x00, 0x00, 0xFF, 0x00, 0x00, 0x00, 0xFF, 0x00, 0x00, 0x00, 0xBF,
    0x00, 0x00, 0x00, 0xBF, 0x40, 0x00, 0x00, 0x7F, 0xC0, 0x00, 0x00, 0x3F, 0xC0, 0x00, 0x00, 0x2F,
    0xF0, 0x00, 0x00, 0x0F, 0xFE, 0x00, 0xB8, 0x03, 0xFF, 0xFF, 0xF8, 0x00, 0x7F, 0xFF, 0x80, 0x00,
    0x02, 0xD0, 0x00, 0x00, 0x02, 0xC0, 0x00, 0x00, 0x02, 0xFE, 0x00, 0x00, 0x02, 0xFF, 0x00, 0x00,
    0x00, 0x0F, 0x40, 0x00, 0x00, 0x0F, 0x00, 0x00, 0x2A, 0xFF, 0x00, 0x00, 0x1F, 0xF8, 0x00, 0x00,
    0x00, 0x00, 0x00, 0x00, 0xA0, 0x00, 0x00, 0x02, 0xFC, 0x00, 0x00, 0x03, 0xFF, 0x00, 0x00, 0x00,
    0xFF, 0x80, 0x00, 0x00, 0x2F, 0xE0, 0x00, 0x00, 0x03, 0xF8, 0x00, 0x00, 0x00, 0xBC, 0x00, 0x00,
    0x00, 0x00, 0x00, 0x00, 0x00, 0x00, 0x00, 0x00, 0x1B, 0xFE, 0x00, 0x00, 0xFF, 0xFF, 0xC0, 0x07,
    0xF8, 0x0F, 0xF0, 0x0F, 0xC0, 0x03, 0xF8, 0x3F, 0x80, 0x02, 0xFC, 0x3F, 0x00, 0x00, 0xFC, 0xBF,
    0x40, 0x02, 0xFE, 0xBF, 0xFF, 0xFF, 0xFE, 0xFF, 0xAA, 0xAA, 0xA8, 0xFF, 0x00, 0x00, 0x00, 0xBF,
    0x00, 0x00, 0x00, 0xBF, 0x00, 0x00, 0x00, 0xBF, 0x80, 0x00, 0x00, 0x3F, 0xC0, 0x00, 0x00, 0x2F,
    0xF0, 0x00, 0x0E, 0x0F, 0xFE, 0x00, 0xBE, 0x03, 0xFF, 0xFF, 0xF8, 0x00, 0x7F, 0xFF, 0x80, 0x00,
    0x00, 0x00, 0x00, 0x00, 0x00, 0x02, 0x80, 0x00, 0x00, 0x0F, 0xE0, 0x00, 0x00, 0x3F, 0xE0, 0x00,
    0x00, 0xFF, 0xC0, 0x00, 0x03, 0xFE, 0x00, 0x00, 0x0B, 0xF0, 0x00, 0x00, 0x2F, 0x40, 0x00, 0x00,
    0x00, 0x00, 0x00, 0x00, 0x00, 0x00, 0x00, 0x00, 0x1B, 0xFE, 0x00, 0x00, 0xFF, 0xFF, 0xC0, 0x07,
    0xF8, 0x0F, 0xF0, 0x0F, 0xC0, 0x03, 0xF8, 0x3F, 0x80, 0x02, 0xFC, 0x3F, 0x00, 0x00, 0xFC, 0xBF,
    0x40, 0x02, 0xFE, 0xBF, 0xFF, 0xFF, 0xFE, 0xFF, 0xAA, 0xAA, 0xA8, 0xFF, 0x00, 0x00, 0x00, 0xBF,
    0x00, 0x00, 0x00, 0xBF, 0x00, 0x00, 0x00, 0xBF, 0x80, 0x00, 0x00, 0x3F, 0xC0, 0x00, 0x00, 0x2F,
    0xF0, 0x00, 0x0E, 0x0F, 0xFE, 0x00, 0xBE, 0x03, 0xFF, 0xFF, 0xF8, 0x00, 0x7F, 0xFF, 0x80, 0x00,
    0x00, 0x00, 0x00, 0x00, 0x00, 0x00, 0x00, 0x00, 0x0B, 0xF0, 0x00, 0x00, 0x0F, 0xFC, 0x00, 0x00,
    0x3F, 0xFF, 0x00, 0x00, 0xFE, 0x2F, 0x80, 0x02, 0xF8, 0x0B, 0xC0, 0x03, 0xE0, 0x02, 0xF0, 0x00,
    0x00, 0x00, 0x00, 0x00, 0x00, 0x00, 0x00, 0x00, 0x1B, 0xFE, 0x00, 0x00, 0xFF, 0xFF, 0xC0, 0x07,
    0xF8, 0x0F, 0xF0, 0x0F, 0xC0, 0x03, 0xF8, 0x3F, 0x80, 0x02, 0xFC, 0x3F, 0x00, 0x00, 0xFC, 0xBF,
    0x40, 0x02, 0xFE, 0xBF, 0xFF, 0xFF, 0xFE, 0xFF, 0xAA, 0xAA, 0xA8, 0xFF, 0x00, 0x00, 0x00, 0xBF,
    0x00, 0x00, 0x00, 0xBF, 0x00, 0x00, 0x00, 0xBF, 0x80, 0x00, 0x00, 0x3F, 0xC0, 0x00, 0x00, 0x2F,
    0xF0, 0x00, 0x0E, 0x0F, 0xFE, 0x00, 0xBE, 0x03, 0xFF, 0xFF, 0xF8, 0x00, 0x7F, 0xFF, 0x80, 0x00,
    0x00, 0x00, 0x00, 0x00, 0x00, 0x00, 0x00, 0x03, 0xF0, 0x0B, 0xE0, 0x03, 0xF8, 0x0F, 0xF0, 0x03,
    0xF8, 0x0F, 0xF0, 0x02, 0xE0, 0x02, 0xC0, 0x00, 0x00, 0x00, 0x00, 0x00, 0x00, 0x00, 0x00, 0x00,
    0x00, 0x00, 0x00, 0x00, 0x1B, 0xFE, 0x00, 0x00, 0xFF, 0xFF, 0xC0, 0x07, 0xF8, 0x0F, 0xF0, 0x0F,
    0xC0, 0x03, 0xF8, 0x3F, 0x80, 0x02, 0xFC, 0x3F, 0x00, 0x00, 0xFC, 0xBF, 0x40, 0x02, 0xFE, 0xBF,
    0xFF, 0xFF, 0xFE, 0xFF, 0xAA, 0xAA, 0xA8, 0xFF, 0x00, 0x00, 0x00, 0xBF, 0x00, 0x00, 0x00, 0xBF,
    0x00, 0x00, 0x00, 0xBF, 0x80, 0x00, 0x00, 0x3F, 0xC0, 0x00, 0x00, 0x2F, 0xF0, 0x00, 0x0E, 0x0F,
    0xFE, 0x00, 0xBE, 0x03, 0xFF, 0xFF, 0xF8, 0x00, 0x7F, 0xFF, 0x80, 0x00, 0x00, 0x00, 0x00, 0x28,
    0x00, 0x00, 0xBF, 0x00, 0x00, 0xBF, 0xC0, 0x00, 0x3F, 0xF0, 0x00, 0x0B, 0xF8, 0x00, 0x00, 0xFE,
    0x00, 0x00, 0x2F, 0x00, 0x00, 0x00, 0x00, 0x00, 0x00, 0x00, 0x01, 0xBC, 0x00, 0x2F, 0xFC, 0x00,
    0x2F, 0xFC, 0x00, 0x00, 0xFC, 0x00, 0x00, 0xFC, 0x00, 0x00, 0xFC, 0x00, 0x00, 0xFC, 0x00, 0x00,
    0xFC, 0x00, 0x00, 0xFC, 0x00, 0x00, 0xFC, 0x00, 0x00, 0xFC, 0x00, 0x00, 0xFC, 0x00, 0x00, 0xFC,
    0x00, 0x00, 0xFC, 0x00, 0x00, 0xFC, 0x00, 0x01, 0xFC, 0x00, 0x2B, 0xFF, 0xA0, 0x3F, 0xFF, 0xE0,
    0x00, 0x02, 0x80, 0x00, 0x0F, 0xE0, 0x00, 0x3F, 0xE0, 0x00, 0xFF, 0xC0, 0x02, 0xFE, 0x00, 0x0B,
    0xF0, 0x00, 0x2F, 0x80, 0x00, 0x00, 0x00, 0x00, 0x00, 0x00, 0x00, 0x06, 0xF0, 0x00, 0xBF, 0xF0,
    0x00, 0xBF, 0xF0, 0x00, 0x03, 0xF0, 0x00, 0x03, 0xF0, 0x00, 0x03, 0xF0, 0x00, 0x03, 0xF0, 0x00,
    0x03, 0xF0, 0x00, 0x03, 0xF0, 0x00, 0x03, 0xF0, 0x00, 0x03, 0xF0, 0x00, 0x03, 0xF0, 0x00, 0x03,
    0xF0, 0x00, 0x03, 0xF0, 0x00, 0x03, 0xF0, 0x00, 0x07, 0xF0, 0x00, 0xAF, 0xFE, 0x80, 0xFF, 0xFF,
    0x80, 0x00, 0x00, 0x00, 0x00, 0x00, 0xBF, 0x40, 0x00, 0x00, 0xFF, 0xC0, 0x00, 0x03, 0xFF, 0xF0,
    0x00, 0x0B, 0xE2, 0xF8, 0x00, 0x2F, 0x80, 0xBD, 0x00, 0x3E, 0x00, 0x2F, 0x00, 0x00, 0x00, 0x00,
    0x00, 0x00, 0x00, 0x00, 0x00, 0x00, 0x6F, 0x00, 0x00, 0x0B, 0xFF, 0x00, 0x00, 0x0B, 0xFF, 0x00,
    0x00, 0x00, 0x3F, 0x00, 0x00, 0x00, 0x3F, 0x00, 0x00, 0x00, 0x3F, 0x00, 0x00, 0x00, 0x3F, 0x00,
    0x00, 0x00, 0x3F, 0x00, 0x00, 0x00, 0x3F, 0x00, 0x00, 0x00, 0x3F, 0x00, 0x00, 0x00, 0x3F, 0x00,
    0x00, 0x00, 0x3F, 0x00, 0x00, 0x00, 0x3F, 0x00, 0x00, 0x00, 0x3F, 0x00, 0x00, 0x00, 0x3F, 0x00,
    0x00, 0x00, 0x7F, 0x00, 0x00, 0x0A, 0xFF, 0xE8, 0x00, 0x0F, 0xFF, 0xF8, 0x00, 0x00, 0x00, 0x00,
    0x00, 0x3F, 0x00, 0x7F, 0x00, 0x3F, 0x80, 0xFF, 0x00, 0x3F, 0x80, 0xBF, 0x00, 0x2E, 0x00, 0x2D,
    0x00, 0x00, 0x00, 0x00, 0x00, 0x00, 0x00, 0x00, 0x00, 0x00, 0x00, 0x00, 0x00, 0x00, 0x6F, 0x00,
    0x00, 0x0B, 0xFF, 0x00, 0x00, 0x0B, 0xFF, 0x00, 0x00, 0x00, 0x3F, 0x00, 0x00, 0x00, 0x3F, 0x00,
    0x00, 0x00, 0x3F, 0x00, 0x00, 0x00, 0x3F, 0x00, 0x00, 0x00, 0x3F, 0x00, 0x00, 0x00, 0x3F, 0x00,
    0x00, 0x00, 0x3F, 0x00, 0x00, 0x00, 0x3F, 0x00, 0x00, 0x00, 0x3F, 0x00, 0x00, 0x00, 0x3F, 0x00,
    0x00, 0x00, 0x3F, 0x00, 0x00, 0x00, 0x3F, 0x00, 0x00, 0x00, 0x7F, 0x00, 0x00, 0x0A, 0xFF, 0xE8,
    0x00, 0x0F, 0xFF, 0xF8, 0x00, 0x00, 0x0A, 0x00, 0x00, 0x00, 0x02, 0xFF, 0xC0, 0xB8, 0x00, 0x03,
    0xFF, 0xFB, 0xF8, 0x00, 0x00, 0x0B, 0xFF, 0x80, 0x00, 0x00, 0x03, 0xFE, 0x00, 0x00, 0x00, 0x2F,
    0xFF, 0x00, 0x00, 0x00, 0xFE, 0x3F, 0xC0, 0x00, 0x02, 0xE0, 0x0F, 0xF0, 0x00, 0x00, 0x00, 0x0B,
    0xF8, 0x00, 0x00, 0x0B, 0xFF, 0xFC, 0x00, 0x00, 0xFF, 0xFF, 0xFE, 0x00, 0x03, 0xFC, 0x00, 0xFF,
    0x00, 0x0F, 0xF0, 0x00, 0x3F, 0x80, 0x3F, 0xC0, 0x00, 0x3F, 0x80, 0x3F, 0x80, 0x00, 0x2F, 0xC0,
    0xBF, 0x40, 0x00, 0x2F, 0xC0, 0xBF, 0x00, 0x00, 0x2F, 0xC0, 0xFF, 0x00, 0x00, 0x2F, 0xC0, 0xFF,
    0x00, 0x00, 0x2F, 0xC0, 0xBF, 0x00, 0x00, 0x2F, 0xC0, 0xBF, 0x00, 0x00, 0x2F, 0xC0, 0x3F, 0x80,
    0x00, 0x3F, 0x80, 0x3F, 0xC0, 0x00, 0x3F, 0x00, 0x1F, 0xD0, 0x00, 0xFE, 0x00, 0x0B, 0xF0, 0x02,
    0xFC, 0x00, 0x02, 0xFE, 0xAF, 0xF0, 0x00, 0x00, 0x3F, 0xFF, 0x80, 0x00, 0x00, 0x00, 0x00, 0x00,
    0x00, 0x00, 0x00, 0x00, 0x00, 0x00, 0x00, 0x0F, 0xF8, 0x07, 0x00, 0x00, 0x3F, 0xFF, 0xAF, 0x00,
    0x00, 0xB8, 0x7F, 0xFC, 0x00, 0x00, 0xE0, 0x07, 0xE0, 0x00, 0x00, 0x00, 0x00, 0x00, 0x00, 0x00,
    0x00, 0x00, 0x00, 0x00, 0x00, 0x00, 0x00, 0x00, 0x00, 0x00, 0xA4, 0x0B, 0xF8, 0x00, 0x2F, 0xF8,
    0xFF, 0xFF, 0x00, 0x3F, 0xFF, 0xFF, 0xFF, 0xC0, 0x03, 0xFE, 0x00, 0x3F, 0xC0, 0x03, 0xF8, 0x00,
    0x2F, 0xC0, 0x03, 0xF8, 0x00, 0x0F, 0xD0, 0x03, 0xF8, 0x00, 0x0F, 0xE0, 0x03, 0xF8, 0x00, 0x0F,
    0xE0, 0x03, 0xF8, 0x00, 0x0F, 0xE0, 0x03, 0xF8, 0x00, 0x0F, 0xE0, 0x03, 0xF8, 0x00, 0x0F, 0xE0,
    0x03, 0xF8, 0x00, 0x0F, 0xE0, 0x03, 0xF8, 0x00, 0x0F, 0xE0, 0x03, 0xF8, 0x00, 0x0F, 0xE0, 0x03,
    0xF8, 0x00, 0x0F, 0xE0, 0x03, 0xF8, 0x00, 0x0F, 0xE0, 0x2F, 0xFF, 0x80, 0xBF, 0xFA, 0x3F, 0xFF,
    0xC0, 0xFF, 0xFE, 0x00, 0xA0, 0x00, 0x00, 0x00, 0x00, 0xFD, 0x00, 0x00, 0x00, 0x01, 0xFF, 0x00,
    0x00, 0x00, 0x00, 0xBF, 0xC0, 0x00, 0x00, 0x00, 0x0F, 0xF0, 0x00, 0x00, 0x00, 0x02, 0xFC, 0x00,
    0x00, 0x00, 0x00, 0x3E, 0x00, 0x00, 0x00, 0x00, 0x00, 0x00, 0x00, 0x00, 0x00, 0x00, 0x00, 0x00,
    0x00, 0x1B, 0xFE, 0x00, 0x00, 0x00, 0xFF, 0xFF, 0xF0, 0x00, 0x07, 0xF8, 0x03, 0xFC, 0x00, 0x0F,
    0xE0, 0x00, 0xFF, 0x00, 0x3F, 0xC0, 0x00, 0xBF, 0x40, 0x3F, 0x80, 0x00, 0x3F, 0xC0, 0xBF, 0x40,
    0x00, 0x3F, 0xC0, 0xBF, 0x00, 0x00, 0x2F, 0xC0, 0xFF, 0x00, 0x00, 0x2F, 0xD0, 0xFF, 0x00, 0x00,
    0x2F, 0xD0, 0xBF, 0x00, 0x00, 0x2F, 0xC0, 0xBF, 0x00, 0x00, 0x2F, 0xC0, 0x3F, 0x80, 0x00, 0x3F,
    0xC0, 0x3F, 0xC0, 0x00, 0x3F, 0x80, 0x2F, 0xE0, 0x00, 0xFF, 0x00, 0x0F, 0xF0, 0x02, 0xFC, 0x00,
    0x02, 0xFE, 0xAF, 0xF0, 0x00, 0x00, 0x3F, 0xFF, 0x80, 0x00, 0x00, 0x00, 0x00, 0x00, 0x00, 0x00,
    0x00, 0x02, 0x80, 0x00, 0x00, 0x00, 0x0F, 0xF0, 0x00, 0x00, 0x00, 0x2F, 0xF0, 0x00, 0x00, 0x00,
    0xBF, 0xD0, 0x00, 0x00, 0x01, 0xFE, 0x00, 0x00, 0x00, 0x03, 0xF4, 0x00, 0x00, 0x00, 0x0F, 0x80,
    0x00, 0x00, 0x00, 0x00, 0x00, 0x00, 0x00, 0x00, 0x00, 0x00, 0x00, 0x00, 0x00, 0x1B, 0xFE, 0x00,
    0x00, 0x00, 0xFF, 0xFF, 0xF0, 0x00, 0x07, 0xF8, 0x03, 0xFC, 0x00, 0x0F, 0xE0, 0x00, 0xFF, 0x00,
    0x3F, 0xC0, 0x00, 0xBF, 0x40, 0x3F, 0x80, 0x00, 0x3F, 0xC0, 0xBF, 0x40, 0x00, 0x3F, 0xC0, 0xBF,
    0x00, 0x00, 0x2F, 0xC0, 0xFF, 0x00, 0x00, 0x2F, 0xD0, 0xFF, 0x00, 0x00, 0x2F, 0xD0, 0xBF, 0x00,
    0x00, 0x2F, 0xC0, 0xBF, 0x00, 0x00, 0x2F, 0xC0, 0x3F, 0x80, 0x00, 0x3F, 0xC0, 0x3F, 0xC0, 0x00,
    0x3F, 0x80, 0x2F, 0xE0, 0x00, 0xFF, 0x00, 0x0F, 0xF0, 0x02, 0xFC, 0x00, 0x02, 0xFE, 0xAF, 0xF0,
    0x00, 0x00, 0x3F, 0xFF, 0x80, 0x00, 0x00, 0x00, 0x00, 0x00, 0x00, 0x00, 0x00, 0x00, 0x00, 0x00,
    0x00, 0x03, 0xF8, 0x00, 0x00, 0x00, 0x0F, 0xFE, 0x00, 0x00, 0x00, 0x2F, 0xFF, 0x00, 0x00, 0x00,
    0x7F, 0x0F, 0xC0, 0x00, 0x00, 0xFC, 0x03, 0xE0, 0x00, 0x03, 0xF0, 0x00, 0xF8, 0x00, 0x00, 0x00,
    0x00, 0x00, 0x00, 0x00, 0x00, 0x00, 0x00, 0x00, 0x00, 0x1B, 0xFE, 0x00, 0x00, 0x00, 0xFF, 0xFF,
    0xF0, 0x00, 0x07, 0xF8, 0x03, 0xFC, 0x00, 0x0F, 0xE0, 0x00, 0xFF, 0x00, 0x3F, 0xC0, 0x00, 0xBF,
    0x40, 0x3F, 0x80, 0x00, 0x3F, 0xC0, 0xBF, 0x40, 0x00, 0x3F, 0xC0, 0xBF, 0x00, 0x00, 0x2F, 0xC0,
    0xFF, 0x00, 0x00, 0x2F, 0xD0, 0xFF, 0x00, 0x00, 0x2F, 0xD0, 0xBF, 0x00, 0x00, 0x2F, 0xC0, 0xBF,
    0x00, 0x00, 0x2F, 0xC0, 0x3F, 0x80, 0x00, 0x3F, 0xC0, 0x3F, 0xC0, 0x00, 0x3F, 0x80, 0x2F, 0xE0,
    0x00, 0xFF, 0x00, 0x0F, 0xF0, 0x02, 0xFC, 0x00, 0x02, 0xFE, 0xAF, 0xF0, 0x00, 0x00, 0x3F, 0xFF,
    0x80, 0x00, 0x00, 0x00, 0x00, 0x00, 0x00, 0x00, 0x00, 0x00, 0x00, 0x00, 0x00, 0xBF, 0xC0, 0x3C,
    0x00, 0x02, 0xFF, 0xFA, 0xF8, 0x00, 0x03, 0xC2, 0xFF, 0xF0, 0x00, 0x07, 0x00, 0x2F, 0x80, 0x00,
    0x00, 0x00, 0x00, 0x00, 0x00, 0x00, 0x00, 0x00, 0x00, 0x00, 0x00, 0x00, 0x00, 0x00, 0x00, 0x00,
    0x1B, 0xFE, 0x00, 0x00, 0x00, 0xFF, 0xFF, 0xF0, 0x00, 0x07, 0xF8, 0x03, 0xFC, 0x00, 0x0F, 0xE0,
    0x00, 0xFF, 0x00, 0x3F, 0xC0, 0x00, 0xBF, 0x40, 0x3F, 0x80, 0x00, 0x3F, 0xC0, 0xBF, 0x40, 0x00,
    0x3F, 0xC0, 0xBF, 0x00, 0x00, 0x2F, 0xC0, 0xFF, 0x00, 0x00, 0x2F, 0xD0, 0xFF, 0x00, 0x00, 0x2F,
    0xD0, 0xBF, 0x00, 0x00, 0x2F, 0xC0, 0xBF, 0x00, 0x00, 0x2F, 0xC0, 0x3F, 0x80, 0x00, 0x3F, 0xC0,
    0x3F, 0xC0, 0x00, 0x3F, 0x80, 0x2F, 0xE0, 0x00, 0xFF, 0x00, 0x0F, 0xF0, 0x02, 0xFC, 0x00, 0x02,
    0xFE, 0xAF, 0xF0, 0x00, 0x00, 0x3F, 0xFF, 0x80, 0x00, 0x00, 0x00, 0x00, 0x00, 0x00, 0x00, 0x00,
    0x00, 0x00, 0x00, 0x02, 0xF8, 0x03, 0xF0, 0x00, 0x03, 0xFC, 0x0B, 0xF8, 0x00, 0x03, 0xFC, 0x07,
    0xF4, 0x00, 0x00, 0xF0, 0x02, 0xE0, 0x00, 0x00, 0x00, 0x00, 0x00, 0x00, 0x00, 0x00, 0x00, 0x00,
    0x00, 0x00, 0x00, 0x00, 0x00, 0x00, 0x00, 0x1B, 0xFE, 0x00, 0x00, 0x00, 0xFF, 0xFF, 0xF0, 0x00,
    0x07, 0xF8, 0x03, 0xFC, 0x00, 0x0F, 0xE0, 0x00, 0xFF, 0x00, 0x3F, 0xC0, 0x00, 0xBF, 0x40, 0x3F,
    0x80, 0x00, 0x3F, 0xC0, 0xBF, 0x40, 0x00, 0x3F, 0xC0, 0xBF, 0x00, 0x00, 0x2F, 0xC0, 0xFF, 0x00,
    0x00, 0x2F, 0xD0, 0xFF, 0x00, 0x00, 0x2F, 0xD0, 0xBF, 0x00, 0x00, 0x2F, 0xC0, 0xBF, 0x00, 0x00,
    0x2F, 0xC0, 0x3F, 0x80, 0x00, 0x3F, 0xC0, 0x3F, 0xC0, 0x00, 0x3F, 0x80, 0x2F, 0xE0, 0x00, 0xFF,
    0x00, 0x0F, 0xF0, 0x02, 0xFC, 0x00, 0x02, 0xFE, 0xAF, 0xF0, 0x00, 0x00, 0x3F, 0xFF, 0x80, 0x00,
    0x00, 0x00, 0x00, 0x00, 0x00, 0x00, 0x00, 0x00, 0x00, 0x00, 0x00, 0x00, 0x00, 0x1F, 0x40, 0x00,
    0x00, 0x00, 0x00, 0x3F, 0xC0, 0x00, 0x00, 0x00, 0x00, 0x3F, 0xC0, 0x00, 0x00, 0x00, 0x00, 0x3F,
    0xC0, 0x00, 0x00, 0x00, 0x00, 0x05, 0x00, 0x00, 0x00, 0x00, 0x00, 0x00, 0x00, 0x00, 0x00, 0x00,
    0x00, 0x00, 0x00, 0x00, 0x00, 0xFF, 0xFF, 0xFF, 0xFF, 0xFF, 0xF0, 0xFF, 0xFF, 0xFF, 0xFF, 0xFF,
    0xF0, 0x00, 0x00, 0x00, 0x00, 0x00, 0x00, 0x00, 0x00, 0x00, 0x00, 0x00, 0x00, 0x00, 0x00, 0x00,
    0x00, 0x00, 0x00, 0x00, 0x00, 0x3F, 0xC0, 0x00, 0x00, 0x00, 0x00, 0x3F, 0xC0, 0x00, 0x00, 0x00,
    0x00, 0x3F, 0xC0, 0x00, 0x00, 0x00, 0x00, 0x2F, 0x80, 0x00, 0x00, 0x00, 0x00, 0x00, 0x00, 0x00,
    0x00, 0x00, 0x00, 0x00, 0x00, 0x00, 0x00, 0x00, 0x00, 0x1E, 0x00, 0x00, 0x00, 0x00, 0x3C, 0x00,
    0x00, 0x1B, 0xFE, 0xB8, 0x00, 0x00, 0xFF, 0xFF, 0xF0, 0x00, 0x07, 0xF8, 0x03, 0xFC, 0x00, 0x0F,
    0xE0, 0x03, 0xFF, 0x00, 0x3F, 0xC0, 0x0F, 0xBF, 0x40, 0x3F, 0x80, 0x1E, 0x3F, 0xC0, 0xBF, 0x40,
    0x3C, 0x3F, 0xC0, 0xBF, 0x00, 0xB8, 0x2F, 0xC0, 0xFF, 0x00, 0xF0, 0x2F, 0xD0, 0xFF, 0x02, 0xC0,
    0x2F, 0xD0, 0xBF, 0x03, 0x80, 0x2F, 0xC0, 0xBF, 0x0F, 0x00, 0x2F, 0xC0, 0x3F, 0x9E, 0x00, 0x3F,
    0xC0, 0x3F, 0xFC, 0x00, 0x3F, 0x80, 0x2F, 0xF8, 0x00, 0xFF, 0x00, 0x0B, 0xF4, 0x02, 0xFC, 0x00,
    0x03, 0xFF, 0xAF, 0xF0, 0x00, 0x03, 0xFF, 0xFF, 0x80, 0x00, 0x0F, 0x00, 0x00, 0x00, 0x00, 0x1E,
    0x00, 0x00, 0x00, 0x00, 0x0C, 0x00, 0x00, 0x00, 0x00, 0x00, 0x0A, 0x00, 0x00, 0x00, 0x00, 0x3F,
    0xC0, 0x00, 0x00, 0x00, 0x3F, 0xE0, 0x00, 0x00, 0x00, 0x0F, 0xF8, 0x00, 0x00, 0x00, 0x02, 0xFD,
    0x00, 0x00, 0x00, 0x00, 0x7F, 0x00, 0x00, 0x00, 0x00, 0x0B, 0xC0, 0x00, 0x00, 0x00, 0x00, 0x00,
    0x00, 0x00, 0x00, 0x00, 0x00, 0x00, 0x02, 0xF8, 0x00, 0x0B, 0xD0, 0x3F, 0xF8, 0x02, 0xFF, 0xD0,
    0x3F, 0xF8, 0x02, 0xFF, 0xD0, 0x03, 0xF8, 0x00, 0x0F, 0xD0, 0x03, 0xF8, 0x00, 0x0F, 0xD0, 0x03,
    0xF8, 0x00, 0x0F, 0xD0, 0x03, 0xF8, 0x00, 0x0F, 0xD0, 0x03, 0xF8, 0x00, 0x0F, 0xD0, 0x03, 0xF8,
    0x00, 0x0F, 0xD0, 0x03, 0xF8, 0x00, 0x0F, 0xD0, 0x03, 0xF8, 0x00, 0x0F, 0xD0, 0x03, 0xF8, 0x00,
    0x0F, 0xD0, 0x03, 0xFC, 0x00, 0x0F, 0xD0, 0x03, 0xFC, 0x00, 0x0F, 0xD0, 0x02, 0xFE, 0x00, 0x0F,
    0xD0, 0x01, 0xFF, 0x92, 0xFF, 0xE0, 0x00, 0xFF, 0xFF, 0xEF, 0xFA, 0x00, 0x2F, 0xFE, 0x0F, 0xFE,
    0x00, 0x00, 0x00, 0x00, 0x00, 0x00, 0x00, 0x00, 0x28, 0x00, 0x00, 0x00, 0x01, 0xFC, 0x00, 0x00,
    0x00, 0x03, 0xFD, 0x00, 0x00, 0x00, 0x0F, 0xF8, 0x00, 0x00, 0x00, 0x3F, 0xD0, 0x00, 0x00, 0x00,
    0xFE, 0x00, 0x00, 0x00, 0x02, 0xF0, 0x00, 0x00, 0x00, 0x00, 0x00, 0x00, 0x00, 0x00, 0x00, 0x00,
    0x00, 0x00, 0x02, 0xF8, 0x00, 0x0B, 0xD0, 0x3F, 0xF8, 0x02, 0xFF, 0xD0, 0x3F, 0xF8, 0x02, 0xFF,
    0xD0, 0x03, 0xF8, 0x00, 0x0F, 0xD0, 0x03, 0xF8, 0x00, 0x0F, 0xD0, 0x03, 0xF8, 0x00, 0x0F, 0xD0,
    0x03, 0xF8, 0x00, 0x0F, 0xD0, 0x03, 0xF8, 0x00, 0x0F, 0xD0, 0x03, 0xF8, 0x00, 0x0F, 0xD0, 0x03,
    0xF8, 0x00, 0x0F, 0xD0, 0x03, 0xF8, 0x00, 0x0F, 0xD0, 0x03, 0xF8, 0x00, 0x0F, 0xD0, 0x03, 0xFC,
    0x00, 0x0F, 0xD0, 0x03, 0xFC, 0x00, 0x0F, 0xD0, 0x02, 0xFE, 0x00, 0x0F, 0xD0, 0x01, 0xFF, 0x92,
    0xFF, 0xE0, 0x00, 0xFF, 0xFF, 0xEF, 0xFA, 0x00, 0x2F, 0xFE, 0x0F, 0xFE, 0x00, 0x00, 0x00, 0x00,
    0x00, 0x00, 0x00, 0x00, 0x00, 0x00, 0x00, 0x00, 0xBF, 0x00, 0x00, 0x00, 0x02, 0xFF, 0xC0, 0x00,
    0x00, 0x03, 0xFF, 0xE0, 0x00, 0x00, 0x0F, 0xC3, 0xF4, 0x00, 0x00, 0x2F, 0x00, 0xFC, 0x00, 0x00,
    0xBC, 0x00, 0x3F, 0x00, 0x00, 0x00, 0x00, 0x00, 0x00, 0x00, 0x00, 0x00, 0x00, 0x00, 0x02, 0xF8,
    0x00, 0x0B, 0xD0, 0x3F, 0xF8, 0x02, 0xFF, 0xD0, 0x3F, 0xF8, 0x02, 0xFF, 0xD0, 0x03, 0xF8, 0x00,
    0x0F, 0xD0, 0x03, 0xF8, 0x00, 0x0F, 0xD0, 0x03, 0xF8, 0x00, 0x0F, 0xD0, 0x03, 0xF8, 0x00, 0x0F,
    0xD0, 0x03, 0xF8, 0x00, 0x0F, 0xD0, 0x03, 0xF8, 0x00, 0x0F, 0xD0, 0x03, 0xF8, 0x00, 0x0F, 0xD0,
    0x03, 0xF8, 0x00, 0x0F, 0xD0, 0x03, 0xF8, 0x00, 0x0F, 0xD0, 0x03, 0xFC, 0x00, 0x0F, 0xD0, 0x03,
    0xFC, 0x00, 0x0F, 0xD0, 0x02, 0xFE, 0x00, 0x0F, 0xD0, 0x01, 0xFF, 0x92, 0xFF, 0xE0, 0x00, 0xFF,
    0xFF, 0xEF, 0xFA, 0x00, 0x2F, 0xFE, 0x0F, 0xFE, 0x00, 0x00, 0x00, 0x00, 0x00, 0x00, 0x00, 0x00,
    0x00, 0x00, 0x00, 0x3F, 0x00, 0xBE, 0x00, 0x00, 0xBF, 0x80, 0xFF, 0x00, 0x00, 0x7F, 0x40, 0xFF,
    0x00, 0x00, 0x2E, 0x00, 0x3C, 0x00, 0x00, 0x00, 0x00, 0x00, 0x00, 0x00, 0x00, 0x00, 0x00, 0x00,
    0x00, 0x00, 0x00, 0x00, 0x00, 0x02, 0xF8, 0x00, 0x0B, 0xD0, 0x3F, 0xF8, 0x02, 0xFF, 0xD0, 0x3F,
    0xF8, 0x02, 0xFF, 0xD0, 0x03, 0xF8, 0x00, 0x0F, 0xD0, 0x03, 0xF8, 0x00, 0x0F, 0xD0, 0x03, 0xF8,
    0x00, 0x0F, 0xD0, 0x03, 0xF8, 0x00, 0x0F, 0xD0, 0x03, 0xF8, 0x00, 0x0F, 0xD0, 0x03, 0xF8, 0x00,
    0x0F, 0xD0, 0x03, 0xF8, 0x00, 0x0F, 0xD0, 0x03, 0xF8, 0x00, 0x0F, 0xD0, 0x03, 0xF8, 0x00, 0x0F,
    0xD0, 0x03, 0xFC, 0x00, 0x0F, 0xD0, 0x03, 0xFC, 0x00, 0x0F, 0xD0, 0x02, 0xFE, 0x00, 0x0F, 0xD0,
    0x01, 0xFF, 0x92, 0xFF, 0xE0, 0x00, 0xFF, 0xFF, 0xEF, 0xFA, 0x00, 0x2F, 0xFE, 0x0F, 0xFE, 0x00,
    0x00, 0x00, 0x00, 0x00, 0x00, 0x00, 0x00, 0xA0, 0x00, 0x00, 0x00, 0x02, 0xFC, 0x00, 0x00, 0x00,
    0x0B, 0xFC, 0x00, 0x00, 0x00, 0x2F, 0xF8, 0x00, 0x00, 0x00, 0x3F, 0xC0, 0x00, 0x00, 0x00, 0xFE,
    0x00, 0x00, 0x00, 0x03, 0xE0, 0x00, 0x00, 0x00, 0x00, 0x00, 0x00, 0x00, 0x00, 0x00, 0x00, 0x00,
    0x00, 0x6A, 0xAA, 0x00, 0xAA, 0xA8, 0xBF, 0xFF, 0x40, 0xFF, 0xFC, 0x0B, 0xF0, 0x00, 0x0B, 0xC0,
    0x03, 0xF8, 0x00, 0x0F, 0x40, 0x03, 0xFC, 0x00, 0x0F, 0x00, 0x02, 0xFC, 0x00, 0x2E, 0x00, 0x00,
    0xFE, 0x00, 0x3C, 0x00, 0x00, 0xBF, 0x00, 0xBC, 0x00, 0x00, 0x3F, 0x40, 0xF0, 0x00, 0x00, 0x3F,
    0xC0, 0xF0, 0x00, 0x00, 0x2F, 0xC2, 0xE0, 0x00, 0x00, 0x0F, 0xE3, 0xC0, 0x00, 0x00, 0x0F, 0xFB,
    0x80, 0x00, 0x00, 0x03, 0xFF, 0x00, 0x00, 0x00, 0x03, 0xFF, 0x00, 0x00, 0x00, 0x02, 0xFE, 0x00,
    0x00, 0x00, 0x00, 0xFC, 0x00, 0x00, 0x00, 0x00, 0xF8, 0x00, 0x00, 0x00, 0x00, 0xF0, 0x00, 0x00,
    0x00, 0x00, 0xF0, 0x00, 0x00, 0x00, 0x03, 0xD0, 0x00, 0x00, 0x00, 0x07, 0xC0, 0x00, 0x00, 0x2E,
    0x0F, 0x40, 0x00, 0x00, 0x3F, 0xFE, 0x00, 0x00, 0x00, 0x3F, 0xFC, 0x00, 0x00, 0x00, 0x2F, 0xE0,
    0x00, 0x00, 0x00, 0x00, 0x00, 0x00, 0x00, 0x00, 0x00, 0xA8, 0x00, 0x00, 0x00, 0x2F, 0xF8, 0x00,
    0x00, 0x00, 0x3F, 0xF8, 0x00, 0x00, 0x00, 0x03, 0xF8, 0x00, 0x00, 0x00, 0x03, 0xF8, 0x00, 0x00,
    0x00, 0x03, 0xF8, 0x00, 0x00, 0x00, 0x03, 0xF8, 0x00, 0x00, 0x00, 0x03, 0xF8, 0x00, 0x00, 0x00,
    0x03, 0xF8, 0x00, 0x00, 0x00, 0x03, 0xF8, 0x2F, 0xF8, 0x00, 0x03, 0xFA, 0xFF, 0xFF, 0x00, 0x03,
    0xFF, 0xFB, 0xFF, 0xC0, 0x03, 0xFD, 0x00, 0x7F, 0xE0, 0x03, 0xF8, 0x00, 0x0F, 0xF0, 0x03, 0xF8,
    0x00, 0x0B, 0xF8, 0x03, 0xF8, 0x00, 0x03, 0xF8, 0x03, 0xF8, 0x00, 0x03, 0xFC, 0x03, 0xF8, 0x00,
    0x03, 0xFC, 0x03, 0xF8, 0x00, 0x03, 0xFC, 0x03, 0xF8, 0x00, 0x03, 0xFC, 0x03, 0xF8, 0x00, 0x03,
    0xF8, 0x03, 0xF8, 0x00, 0x03, 0xF4, 0x03, 0xF8, 0x00, 0x0F, 0xF0, 0x03, 0xF8, 0x00, 0x1F, 0xE0,
    0x03, 0xF8, 0x00, 0xBF, 0xC0, 0x03, 0xFF, 0xAB, 0xFE, 0x00, 0x03, 0xFF, 0xFF, 0xE0, 0x00, 0x03,
    0xF8, 0x00, 0x00, 0x00, 0x03, 0xF8, 0x00, 0x00, 0x00, 0x03, 0xF8, 0x00, 0x00, 0x00, 0x03, 0xF8,
    0x00, 0x00, 0x00, 0x03, 0xF8, 0x00, 0x00, 0x00, 0x03, 0xFC, 0x00, 0x00, 0x00, 0x3F, 0xFF, 0xE0,
    0x00, 0x00, 0x3F, 0xFF, 0xE0, 0x00, 0x00, 0x00, 0x00, 0x00, 0x00, 0x00, 0x00, 0x7E, 0x00, 0xFC,
    0x00, 0x00, 0xFF, 0x01, 0xFE, 0x00, 0x00, 0xFF, 0x00, 0xFE, 0x00, 0x00, 0x3C, 0x00, 0xB8, 0x00,
    0x00, 0x00, 0x00, 0x00, 0x00, 0x00, 0x00, 0x00, 0x00, 0x00, 0x00, 0x00, 0x00, 0x00, 0x00, 0x6A,
    0xAA, 0x00, 0xAA, 0xA8, 0xBF, 0xFF, 0x40, 0xFF, 0xFC, 0x0B, 0xF0, 0x00, 0x0B, 0xC0, 0x03, 0xF8,
    0x00, 0x0F, 0x40, 0x03, 0xFC, 0x00, 0x0F, 0x00, 0x02, 0xFC, 0x00, 0x2E, 0x00, 0x00, 0xFE, 0x00,
    0x3C, 0x00, 0x00, 0xBF, 0x00, 0xBC, 0x00, 0x00, 0x3F, 0x40, 0xF0, 0x00, 0x00, 0x3F, 0xC0, 0xF0,
    0x00, 0x00, 0x2F, 0xC2, 0xE0, 0x00, 0x00, 0x0F, 0xE3, 0xC0, 0x00, 0x00, 0x0F, 0xFB, 0x80, 0x00,
    0x00, 0x03, 0xFF, 0x00, 0x00, 0x00, 0x03, 0xFF, 0x00, 0x00, 0x00, 0x02, 0xFE, 0x00, 0x00, 0x00,
    0x00, 0xFC, 0x00, 0x00, 0x00, 0x00, 0xF8, 0x00, 0x00, 0x00, 0x00, 0xF0, 0x00, 0x00, 0x00, 0x00,
    0xF0, 0x00, 0x00, 0x00, 0x03, 0xD0, 0x00, 0x00, 0x00, 0x07, 0xC0, 0x00, 0x00, 0x2E, 0x0F, 0x40,
    0x00, 0x00, 0x3F, 0xFE, 0x00, 0x00, 0x00, 0x3F, 0xFC, 0x00, 0x00, 0x00, 0x2F, 0xE0, 0x00, 0x00,
    0x00, 0x00, 0x00, 0x00, 0x00, 0x00, 0x00, 0x0A, 0xAA, 0xAA, 0xA0, 0x00, 0x00, 0x00, 0x0F, 0xFF,
    0xFF, 0xF0, 0x00, 0x00, 0x00, 0x0F, 0xFF, 0xFF, 0xF0, 0x00, 0x00, 0x00, 0x00, 0x00, 0x00, 0x00,
    0x00, 0x00, 0x00, 0x00, 0x00, 0x00, 0x00, 0x00, 0x00, 0x00, 0x00, 0x00, 0x00, 0x00, 0x00, 0x00,
    0x00, 0x00, 0x0B, 0xE0, 0x00, 0x00, 0x00, 0x00, 0x00, 0x0F, 0xF0, 0x00, 0x00, 0x00, 0x00, 0x00,
    0x0F, 0xF4, 0x00, 0x00, 0x00, 0x00, 0x00, 0x2F, 0xFC, 0x00, 0x00, 0x00, 0x00, 0x00, 0x3F, 0xFC,
    0x00, 0x00, 0x00, 0x00, 0x00, 0xBF, 0xFE, 0x00, 0x00, 0x00, 0x00, 0x00, 0xFC, 0xFF, 0x00, 0x00,
    0x00, 0x00, 0x00, 0xF4, 0xFF, 0x00, 0x00, 0x00, 0x00, 0x02, 0xF0, 0x7F, 0x80, 0x00, 0x00, 0x00,
    0x03, 0xE0, 0x3F, 0xC0, 0x00, 0x00, 0x00, 0x03, 0xC0, 0x2F, 0xD0, 0x00, 0x00, 0x00, 0x0B, 0xC0,
    0x0F, 0xF0, 0x00, 0x00, 0x00, 0x0F, 0x80, 0x0F, 0xF0, 0x00, 0x00, 0x00, 0x1F, 0x00, 0x0B, 0xF8,
    0x00, 0x00, 0x00, 0x3F, 0xFF, 0xFF, 0xFC, 0x00, 0x00, 0x00, 0x3F, 0xFF, 0xFF, 0xFC, 0x00, 0x00,
    0x00, 0xBC, 0x00, 0x02, 0xFE, 0x00, 0x00, 0x00, 0xF8, 0x00, 0x00, 0xFF, 0x00, 0x00, 0x00, 0xF0,
    0x00, 0x00, 0xBF, 0x40, 0x00, 0x02, 0xF0, 0x00, 0x00, 0x3F, 0xC0, 0x00, 0x03, 0xE0, 0x00, 0x00,
    0x3F, 0xC0, 0x00, 0x03, 0xC0, 0x00, 0x00, 0x2F, 0xE0, 0x00, 0x0B, 0xC0, 0x00, 0x00, 0x0F, 0xF0,
    0x00, 0xFF, 0xFD, 0x00, 0x02, 0xFF, 0xFF, 0x00, 0xFF, 0xFE, 0x00, 0x02, 0xFF, 0xFF, 0x00, 0x0A,
    0xAA, 0xAA, 0xA0, 0x00, 0x0F, 0xFF, 0xFF, 0xF0, 0x00, 0x0F, 0xFF, 0xFF, 0xF0, 0x00, 0x00, 0x00,
    0x00, 0x00, 0x00, 0x00, 0x00, 0x00, 0x00, 0x00, 0x00, 0x00, 0x00, 0x00, 0x00, 0x00, 0x6F, 0xFE,
    0x00, 0x00, 0x0B, 0xFF, 0xFF, 0xC0, 0x00, 0x2F, 0xC0, 0x2F, 0xF0, 0x00, 0x3F, 0xC0, 0x0B, 0xF0,
    0x00, 0x3F, 0xC0, 0x03, 0xF0, 0x00, 0x0A, 0x80, 0x03, 0xF0, 0x00, 0x00, 0x00, 0x03, 0xF0, 0x00,
    0x00, 0x01, 0xBF, 0xF0, 0x00, 0x00, 0xBF, 0xEB, 0xF0, 0x00, 0x0B, 0xFD, 0x03, 0xF0, 0x00, 0x3F,
    0xD0, 0x03, 0xF0, 0x00, 0xBF, 0x40, 0x03, 0xF0, 0x00, 0xBF, 0x00, 0x03, 0xF0, 0x00, 0xFF, 0x00,
    0x03, 0xF0, 0x00, 0xBF, 0x00, 0x0B, 0xF0, 0x00, 0xBF, 0xC0, 0xBF, 0xF4, 0x00, 0x3F, 0xFF, 0xF3,
    0xFE, 0x80, 0x0B, 0xFF, 0x03, 0xFF, 0xC0, 0x00, 0x00, 0x00, 0x00, 0x00, 0x00, 0x02, 0x00, 0x00,
    0x80, 0x00, 0x00, 0x00, 0x03, 0x80, 0x02, 0xC0, 0x00, 0x00, 0x00, 0x03, 0xD0, 0x07, 0xC0, 0x00,
    0x00, 0x00, 0x02, 0xFE, 0xBF, 0x80, 0x00, 0x00, 0x00, 0x00, 0xFF, 0xFF, 0x00, 0x00, 0x00, 0x00,
    0x00, 0x2F, 0xF8, 0x00, 0x00, 0x00, 0x00, 0x00, 0x00, 0x00, 0x00, 0x00, 0x00, 0x00, 0x00, 0x00,
    0x00, 0x00, 0x00, 0x00, 0x00, 0x00, 0x0B, 0xE0, 0x00, 0x00, 0x00, 0x00, 0x00, 0x0F, 0xF0, 0x00,
    0x00, 0x00, 0x00, 0x00, 0x0F, 0xF4, 0x00, 0x00, 0x00, 0x00, 0x00, 0x2F, 0xFC, 0x00, 0x00, 0x00,
    0x00, 0x00, 0x3F, 0xFC, 0x00, 0x00, 0x00, 0x00, 0x00, 0xBF, 0xFE, 0x00, 0x00, 0x00, 0x00, 0x00,
    0xFC, 0xFF, 0x00, 0x00, 0x00, 0x00, 0x00, 0xF4, 0xFF, 0x00, 0x00, 0x00, 0x00, 0x02, 0xF0, 0x7F,
    0x80, 0x00, 0x00, 0x00, 0x03, 0xE0, 0x3F, 0xC0, 0x00, 0x00, 0x00, 0x03, 0xC0, 0x2F, 0xD0, 0x00,
    0x00, 0x00, 0x0B, 0xC0, 0x0F, 0xF0, 0x00, 0x00, 0x00, 0x0F, 0x80, 0x0F, 0xF0, 0x00, 0x00, 0x00,
    0x1F, 0x00, 0x0B, 0xF8, 0x00, 0x00, 0x00, 0x3F, 0xFF, 0xFF, 0xFC, 0x00, 0x00, 0x00, 0x3F, 0xFF,
    0xFF, 0xFC, 0x00, 0x00, 0x00, 0xBC, 0x00, 0x02, 0xFE, 0x00, 0x00, 0x00, 0xF8, 0x00, 0x00, 0xFF,
    0x00, 0x00, 0x00, 0xF0, 0x00, 0x00, 0xBF, 0x40, 0x00, 0x02, 0xF0, 0x00, 0x00, 0x3F, 0xC0, 0x00,
    0x03, 0xE0, 0x00, 0x00, 0x3F, 0xC0, 0x00, 0x03, 0xC0, 0x00, 0x00, 0x2F, 0xE0, 0x00, 0x0B, 0xC0,
    0x00, 0x00, 0x0F, 0xF0, 0x00, 0xFF, 0xFD, 0x00, 0x02, 0xFF, 0xFF, 0x00, 0xFF, 0xFE, 0x00, 0x02,
    0xFF, 0xFF, 0x00, 0x01, 0x00, 0x00, 0x40, 0x00, 0x07, 0x80, 0x02, 0xC0, 0x00, 0x03, 0xC0, 0x07,
    0xC0, 0x00, 0x02, 0xFE, 0xBF, 0x80, 0x00, 0x00, 0xFF, 0xFF, 0x00, 0x00, 0x00, 0x2F, 0xF8, 0x00,
    0x00, 0x00, 0x00, 0x00, 0x00, 0x00, 0x00, 0x00, 0x00, 0x00, 0x00, 0x00, 0x6F, 0xFE, 0x00, 0x00,
    0x0B, 0xFF, 0xFF, 0xC0, 0x00, 0x2F, 0xC0, 0x2F, 0xF0, 0x00, 0x3F, 0xC0, 0x0B, 0xF0, 0x00, 0x3F,
    0xC0, 0x03, 0xF0, 0x00, 0x0A, 0x80, 0x03, 0xF0, 0x00, 0x00, 0x00, 0x03, 0xF0, 0x00, 0x00, 0x01,
    0xBF, 0xF0, 0x00, 0x00, 0xBF, 0xEB, 0xF0, 0x00, 0x0B, 0xFD, 0x03, 0xF0, 0x00, 0x3F, 0xD0, 0x03,
    0xF0, 0x00, 0xBF, 0x40, 0x03, 0xF0, 0x00, 0xBF, 0x00, 0x03, 0xF0, 0x00, 0xFF, 0x00, 0x03, 0xF0,
    0x00, 0xBF, 0x00, 0x0B, 0xF0, 0x00, 0xBF, 0xC0, 0xBF, 0xF4, 0x00, 0x3F, 0xFF, 0xF3, 0xFE, 0x80,
    0x0B, 0xFF, 0x03, 0xFF, 0xC0, 0x00, 0x00, 0x00, 0x00, 0x00, 0x00, 0x00, 0x00, 0x00, 0x00, 0x00,
    0x00, 0x00, 0x00, 0x0B, 0xE0, 0x00, 0x00, 0x00, 0x00, 0x00, 0x0F, 0xF0, 0x00, 0x00, 0x00, 0x00,
    0x00, 0x0F, 0xF4, 0x00, 0x00, 0x00, 0x00, 0x00, 0x2F, 0xFC, 0x00, 0x00, 0x00, 0x00, 0x00, 0x3F,
    0xFC, 0x00, 0x00, 0x00, 0x00, 0x00, 0xBF, 0xFE, 0x00, 0x00, 0x00, 0x00, 0x00, 0xFC, 0xFF, 0x00,
    0x00, 0x00, 0x00, 0x00, 0xF4, 0xFF, 0x00, 0x00, 0x00, 0x00, 0x02, 0xF0, 0x7F, 0x80, 0x00, 0x00,
    0x00, 0x03, 0xE0, 0x3F, 0xC0, 0x00, 0x00, 0x00, 0x03, 0xC0, 0x2F, 0xD0, 0x00, 0x00, 0x00, 0x0B,
    0xC0, 0x0F, 0xF0, 0x00, 0x00, 0x00, 0x0F, 0x80, 0x0F, 0xF0, 0x00, 0x00, 0x00, 0x1F, 0x00, 0x0B,
    0xF8, 0x00, 0x00, 0x00, 0x3F, 0xFF, 0xFF, 0xFC, 0x00, 0x00, 0x00, 0x3F, 0xFF, 0xFF, 0xFC, 0x00,
    0x00, 0x00, 0xBC, 0x00, 0x02, 0xFE, 0x00, 0x00, 0x00, 0xF8, 0x00, 0x00, 0xFF, 0x00, 0x00, 0x00,
    0xF0, 0x00, 0x00, 0xBF, 0x40, 0x00, 0x02, 0xF0, 0x00, 0x00, 0x3F, 0xC0, 0x00, 0x03, 0xE0, 0x00,
    0x00, 0x3F, 0xC0, 0x00, 0x03, 0xC0, 0x00, 0x00, 0x2F, 0xE0, 0x00, 0x0B, 0xC0, 0x00, 0x00, 0x0F,
    0xF0, 0x00, 0xFF, 0xFD, 0x00, 0x02, 0xFF, 0xFF, 0x00, 0xFF, 0xFE, 0x00, 0x02, 0xFF, 0xFF, 0x00,
    0x00, 0x00, 0x00, 0x00, 0x0F, 0x00, 0x00, 0x00, 0x00, 0x00, 0x00, 0x3C, 0x00, 0x00, 0x00, 0x00,
    0x00, 0x00, 0xBC, 0x00, 0x00, 0x00, 0x00, 0x00, 0x00, 0xBC, 0x00, 0x00, 0x00, 0x00, 0x00, 0x00,
    0xBE, 0x28, 0x00, 0x00, 0x00, 0x00, 0x00, 0x3F, 0xFC, 0x00, 0x00, 0x00, 0x00, 0x00, 0x0B, 0xA0,
    0x00, 0x00, 0x00, 0x00, 0x00, 0x00, 0x00, 0x6F, 0xFE, 0x00, 0x00, 0x0B, 0xFF, 0xFF, 0xC0, 0x00,
    0x2F, 0xC0, 0x2F, 0xF0, 0x00, 0x3F, 0xC0, 0x0B, 0xF0, 0x00, 0x3F, 0xC0, 0x03, 0xF0, 0x00, 0x0A,
    0x80, 0x03, 0xF0, 0x00, 0x00, 0x00, 0x03, 0xF0, 0x00, 0x00, 0x01, 0xBF, 0xF0, 0x00, 0x00, 0xBF,
    0xEB, 0xF0, 0x00, 0x0B, 0xFD, 0x03, 0xF0, 0x00, 0x3F, 0xD0, 0x03, 0xF0, 0x00, 0xBF, 0x40, 0x03,
    0xF0, 0x00, 0xBF, 0x00, 0x03, 0xF0, 0x00, 0xFF, 0x00, 0x03, 0xF0, 0x00, 0xBF, 0x00, 0x0B, 0xF0,
    0x00, 0xBF, 0xC0, 0xBF, 0xF4, 0x00, 0x3F, 0xFF, 0xF3, 0xFE, 0x80, 0x0B, 0xFF, 0x03, 0xFF, 0xC0,
    0x00, 0x00, 0x0B, 0x80, 0x00, 0x00, 0x00, 0x0F, 0x00, 0x00, 0x00, 0x00, 0x3E, 0x00, 0x00, 0x00,
    0x00, 0x3D, 0x00, 0x00, 0x00, 0x00, 0x3F, 0x08, 0x00, 0x00, 0x00, 0x2F, 0xFE, 0x00, 0x00, 0x00,
    0x0A, 0xE0, 0x00, 0x00, 0x00, 0x00, 0x02, 0x80, 0x00, 0x00, 0x00, 0x00, 0x2F, 0xC0, 0x00, 0x00,
    0x00, 0x00, 0x3F, 0xC0, 0x00, 0x00, 0x00, 0x00, 0xFF, 0x80, 0x00, 0x00, 0x00, 0x03, 0xFC, 0x00,
    0x00, 0x00, 0x00, 0x0F, 0xE0, 0x00, 0x00, 0x00, 0x00, 0x2F, 0x00, 0x00, 0x00, 0x00, 0x00, 0x00,
    0x00, 0x00, 0x00, 0x00, 0x00, 0x00, 0x00, 0x00, 0x00, 0x00, 0x00, 0x2B, 0xFE, 0x80, 0x00, 0x00,
    0x0B, 0xFF, 0xFF, 0xFF, 0x00, 0x00, 0x3F, 0xFA, 0x0A, 0xFF, 0x00, 0x00, 0xFF, 0xC0, 0x00, 0x3F,
    0x00, 0x03, 0xFE, 0x00, 0x00, 0x2F, 0x00, 0x0B, 0xFC, 0x00, 0x00, 0x1F, 0x00, 0x0F, 0xF0, 0x00,
    0x00, 0x0F, 0x00, 0x2F, 0xE0, 0x00, 0x00, 0x00, 0x00, 0x3F, 0xC0, 0x00, 0x00, 0x00, 0x00, 0x3F,
    0xC0, 0x00, 0x00, 0x00, 0x00, 0xBF, 0xC0, 0x00, 0x00, 0x00, 0x00, 0xBF, 0x80, 0x00, 0x00, 0x00,
    0x00, 0xBF, 0x80, 0x00, 0x00, 0x00, 0x00, 0xBF, 0x80, 0x00, 0x00, 0x00, 0x00, 0xBF, 0x80, 0x00,
    0x00, 0x00, 0x00, 0x7F, 0xC0, 0x00, 0x00, 0x00, 0x00, 0x3F, 0xC0, 0x00, 0x00, 0x00, 0x00, 0x3F,
    0xD0, 0x00, 0x00, 0x00, 0x00, 0x1F, 0xF0, 0x00, 0x00, 0x0F, 0x00, 0x0F, 0xF4, 0x00, 0x00, 0x0F,
    0x00, 0x03, 0xFC, 0x00, 0x00, 0x2F, 0x00, 0x02, 0xFF, 0x00, 0x00, 0x2F, 0x00, 0x00, 0xBF, 0xE0,
    0x00, 0x3F, 0x00, 0x00, 0x0F, 0xFF, 0xAB, 0xFF, 0x00, 0x00, 0x02, 0xFF, 0xFF, 0xF9, 0x00, 0x00,
    0x00, 0x01, 0xA4, 0x00, 0x00, 0x00, 0x00, 0x02, 0x80, 0x00, 0x00, 0x0F, 0xF0, 0x00, 0x00, 0x3F,
    0xF0, 0x00, 0x00, 0xBF, 0xC0, 0x00, 0x02, 0xFE, 0x00, 0x00, 0x07, 0xF0, 0x00, 0x00, 0x0F, 0x80,
    0x00, 0x00, 0x00, 0x00, 0x00, 0x00, 0x00, 0x00, 0x00, 0x00, 0x0B, 0xFE, 0x00, 0x00, 0xFF, 0xFF,
    0xE0, 0x07, 0xF8, 0x0B, 0xF0, 0x0F, 0xE0, 0x0B, 0xF8, 0x3F, 0xC0, 0x0B, 0xF4, 0x3F, 0x80, 0x02,
    0xE0, 0xBF, 0x00, 0x00, 0x00, 0xBF, 0x00, 0x00, 0x00, 0xFF, 0x00, 0x00, 0x00, 0xFF, 0x00, 0x00,
    0x00, 0xBF, 0x00, 0x00, 0x00, 0xBF, 0x40, 0x00, 0x00, 0x7F, 0xC0, 0x00, 0x00, 0x3F, 0xC0, 0x00,
    0x00, 0x2F, 0xF0, 0x00, 0x00, 0x0F, 0xFE, 0x00, 0xB8, 0x03, 0xFF, 0xFF, 0xF8, 0x00, 0x7F, 0xFF,
    0x80, 0x00, 0x00, 0x00, 0x00, 0x00, 0x00, 0x00, 0x00, 0x00, 0x00, 0x00, 0x00, 0x0B, 0xF0, 0x00,
    0x00, 0x00, 0x00, 0x0F, 0xF0, 0x00, 0x00, 0x00, 0x00, 0x0F, 0xF0, 0x00, 0x00, 0x00, 0x00, 0x02,
    0xD0, 0x00, 0x00, 0x00, 0x00, 0x00, 0x00, 0x00, 0x00, 0x00, 0x00, 0x00, 0x00, 0x00, 0x00, 0x00,
    0x00, 0x00, 0x00, 0x00, 0x00, 0x00, 0x00, 0x2B, 0xFE, 0x80, 0x00, 0x00, 0x0B, 0xFF, 0xFF, 0xFF,
    0x00, 0x00, 0x3F, 0xFA, 0x0A, 0xFF, 0x00, 0x00, 0xFF, 0xC0, 0x00, 0x3F, 0x00, 0x03, 0xFE, 0x00,
    0x00, 0x2F, 0x00, 0x0B, 0xFC, 0x00, 0x00, 0x1F, 0x00, 0x0F, 0xF0, 0x00, 0x00, 0x0F, 0x00, 0x2F,
    0xE0, 0x00, 0x00, 0x00, 0x00, 0x3F, 0xC0, 0x00, 0x00, 0x00, 0x00, 0x3F, 0xC0, 0x00, 0x00, 0x00,
    0x00, 0xBF, 0xC0, 0x00, 0x00, 0x00, 0x00, 0xBF, 0x80, 0x00, 0x00, 0x00, 0x00, 0xBF, 0x80, 0x00,
    0x00, 0x00, 0x00, 0xBF, 0x80, 0x00, 0x00, 0x00, 0x00, 0xBF, 0x80, 0x00, 0x00, 0x00, 0x00, 0x7F,
    0xC0, 0x00, 0x00, 0x00, 0x00, 0x3F, 0xC0, 0x00, 0x00, 0x00, 0x00, 0x3F, 0xD0, 0x00, 0x00, 0x00,
    0x00, 0x1F, 0xF0, 0x00, 0x00, 0x0F, 0x00, 0x0F, 0xF4, 0x00, 0x00, 0x0F, 0x00, 0x03, 0xFC, 0x00,
    0x00, 0x2F, 0x00, 0x02, 0xFF, 0x00, 0x00, 0x2F, 0x00, 0x00, 0xBF, 0xE0, 0x00, 0x3F, 0x00, 0x00,
    0x0F, 0xFF, 0xAB, 0xFF, 0x00, 0x00, 0x02, 0xFF, 0xFF, 0xF9, 0x00, 0x00, 0x00, 0x01, 0xA4, 0x00,
    0x00, 0x00, 0x00, 0x00, 0x00, 0x00, 0x03, 0xF4, 0x00, 0x00, 0x07, 0xF8, 0x00, 0x00, 0x03, 0xF8,
    0x00, 0x00, 0x02, 0xE0, 0x00, 0x00, 0x00, 0x00, 0x00, 0x00, 0x00, 0x00, 0x00, 0x00, 0x00, 0x00,
    0x00, 0x00, 0x0B, 0xFE, 0x00, 0x00, 0xFF, 0xFF, 0xE0, 0x07, 0xF8, 0x0B, 0xF0, 0x0F, 0xE0, 0x0B,
    0xF8, 0x3F, 0xC0, 0x0B, 0xF4, 0x3F, 0x80, 0x02, 0xE0, 0xBF, 0x00, 0x00, 0x00, 0xBF, 0x00, 0x00,
    0x00, 0xFF, 0x00, 0x00, 0x00, 0xFF, 0x00, 0x00, 0x00, 0xBF, 0x00, 0x00, 0x00, 0xBF, 0x40, 0x00,
    0x00, 0x7F, 0xC0, 0x00, 0x00, 0x3F, 0xC0, 0x00, 0x00, 0x2F, 0xF0, 0x00, 0x00, 0x0F, 0xFE, 0x00,
    0xB8, 0x03, 0xFF, 0xFF, 0xF8, 0x00, 0x7F, 0xFF, 0x80, 0x00, 0x00, 0x00, 0x00, 0x00, 0x00, 0x00,
    0x00, 0x00, 0x00, 0x00, 0x07, 0xC0, 0x03, 0xF0, 0x00, 0x00, 0x02, 0xF4, 0x0F, 0xC0, 0x00, 0x00,
    0x00, 0xFD, 0x3F, 0x00, 0x00, 0x00, 0x00, 0x3F, 0xFE, 0x00, 0x00, 0x00, 0x00, 0x2F, 0xFC, 0x00,
    0x00, 0x00, 0x00, 0x0B, 0xF0, 0x00, 0x00, 0x00, 0x00, 0x00, 0x00, 0x00, 0x00, 0x00, 0x00, 0x00,
    0x00, 0x00, 0x00, 0x00, 0x00, 0x2B, 0xFE, 0x80, 0x00, 0x00, 0x0B, 0xFF, 0xFF, 0xFF, 0x00, 0x00,
    0x3F, 0xFA, 0x0A, 0xFF, 0x00, 0x00, 0xFF, 0xC0, 0x00, 0x3F, 0x00, 0x03, 0xFE, 0x00, 0x00, 0x2F,
    0x00, 0x0B, 0xFC, 0x00, 0x00, 0x1F, 0x00, 0x0F, 0xF0, 0x00, 0x00, 0x0F, 0x00, 0x2F, 0xE0, 0x00,
    0x00, 0x00, 0x00, 0x3F, 0xC0, 0x00, 0x00, 0x00, 0x00, 0x3F, 0xC0, 0x00, 0x00, 0x00, 0x00, 0xBF,
    0xC0, 0x00, 0x00, 0x00, 0x00, 0xBF, 0x80, 0x00, 0x00, 0x00, 0x00, 0xBF, 0x80, 0x00, 0x00, 0x00,
    0x00, 0xBF, 0x80, 0x00, 0x00, 0x00, 0x00, 0xBF, 0x80, 0x00, 0x00, 0x00, 0x00, 0x7F, 0xC0, 0x00,
    0x00, 0x00, 0x00, 0x3F, 0xC0, 0x00, 0x00, 0x00, 0x00, 0x3F, 0xD0, 0x00, 0x00, 0x00, 0x00, 0x1F,
    0xF0, 0x00, 0x00, 0x0F, 0x00, 0x0F, 0xF4, 0x00, 0x00, 0x0F, 0x00, 0x03, 0xFC, 0x00, 0x00, 0x2F,
    0x00, 0x02, 0xFF, 0x00, 0x00, 0x2F, 0x00, 0x00, 0xBF, 0xE0, 0x00, 0x3F, 0x00, 0x00, 0x0F, 0xFF,
    0xAB, 0xFF, 0x00, 0x00, 0x02, 0xFF, 0xFF, 0xF9, 0x00, 0x00, 0x00, 0x01, 0xA4, 0x00, 0x00, 0x00,
    0x00, 0x00, 0x00, 0x03, 0xE0, 0x01, 0xF0, 0x00, 0xFC, 0x0B, 0xE0, 0x00, 0xBF, 0x2F, 0xC0, 0x00,
    0x2F, 0xFF, 0x00, 0x00, 0x0F, 0xFC, 0x00, 0x00, 0x03, 0xF8, 0x00, 0x00, 0x00, 0x00, 0x00, 0x00,
    0x00, 0x00, 0x00, 0x00, 0x0B, 0xFE, 0x00, 0x00, 0xFF, 0xFF, 0xE0, 0x07, 0xF8, 0x0B, 0xF0, 0x0F,
    0xE0, 0x0B, 0xF8, 0x3F, 0xC0, 0x0B, 0xF4, 0x3F, 0x80, 0x02, 0xE0, 0xBF, 0x00, 0x00, 0x00, 0xBF,
    0x00, 0x00, 0x00, 0xFF, 0x00, 0x00, 0x00, 0xFF, 0x00, 0x00, 0x00, 0xBF, 0x00, 0x00, 0x00, 0xBF,
    0x40, 0x00, 0x00, 0x7F, 0xC0, 0x00, 0x00, 0x3F, 0xC0, 0x00, 0x00, 0x2F, 0xF0, 0x00, 0x00, 0x0F,
    0xFE, 0x00, 0xB8, 0x03, 0xFF, 0xFF, 0xF8, 0x00, 0x7F, 0xFF, 0x80, 0x00, 0x00, 0x00, 0x00, 0x00,
    0x00, 0x00, 0x00, 0x00, 0x00, 0x00, 0x2F, 0x00, 0x0F, 0x80, 0x00, 0x00, 0x0B, 0xC0, 0x3F, 0x00,
    0x00, 0x00, 0x03, 0xF0, 0xFC, 0x00, 0x00, 0x00, 0x00, 0xFF, 0xF8, 0x00, 0x00, 0x00, 0x00, 0xBF,
    0xF0, 0x00, 0x00, 0x00, 0x00, 0x3F, 0xC0, 0x00, 0x00, 0x00, 0x00, 0x00, 0x00, 0x00, 0x00, 0x00,
    0x00, 0x00, 0x00, 0x00, 0x00, 0x55, 0x55, 0x50, 0x00, 0x00, 0x00, 0xFF, 0xFF, 0xFF, 0xF8, 0x00,
    0x00, 0x2F, 0xFE, 0xAA, 0xFF, 0xD0, 0x00, 0x03, 0xF8, 0x00, 0x0F, 0xFC, 0x00, 0x03, 0xF8, 0x00,
    0x02, 0xFF, 0x00, 0x03, 0xF8, 0x00, 0x00, 0xBF, 0xC0, 0x03, 0xF8, 0x00, 0x00, 0x3F, 0xD0, 0x03,
    0xF8, 0x00, 0x00, 0x2F, 0xF0, 0x03, 0xF8, 0x00, 0x00, 0x0F, 0xF0, 0x03, 0xF8, 0x00, 0x00, 0x0F,
    0xF8, 0x03, 0xF8, 0x00, 0x00, 0x0B, 0xF8, 0x03, 0xF8, 0x00, 0x00, 0x0B, 0xF8, 0x03, 0xF8, 0x00,
    0x00, 0x0B, 0xF8, 0x03, 0xF8, 0x00, 0x00, 0x0B, 0xF8, 0x03, 0xF8, 0x00, 0x00, 0x0B, 0xF8, 0x03,
    0xF8, 0x00, 0x00, 0x0B, 0xF8, 0x03, 0xF8, 0x00, 0x00, 0x0F, 0xF0, 0x03, 0xF8, 0x00, 0x00, 0x0F,
    0xF0, 0x03, 0xF8, 0x00, 0x00, 0x2F, 0xE0, 0x03, 0xF8, 0x00, 0x00, 0x3F, 0xC0, 0x03, 0xF8, 0x00,
    0x00, 0xFF, 0x40, 0x03, 0xF8, 0x00, 0x03, 0xFE, 0x00, 0x07, 0xF8, 0x00, 0xBF, 0xF8, 0x00, 0xFF,
    0xFF, 0xFF, 0xFF, 0x80, 0x00, 0xFF, 0xFF, 0xFF, 0xA4, 0x00, 0x00, 0x00, 0x00, 0x00, 0x2A, 0x0A,
    0x80, 0x00, 0x00, 0x0B, 0xFF, 0x0F, 0xC0, 0x00, 0x00, 0x0F, 0xFF, 0x0F, 0xC0, 0x00, 0x00, 0x00,
    0x7F, 0x0F, 0x80, 0x00, 0x00, 0x00, 0x3F, 0x0F, 0x80, 0x00, 0x00, 0x00, 0x3F, 0x0F, 0x00, 0x00,
    0x00, 0x00, 0x3F, 0x0F, 0x00, 0x00, 0x00, 0x00, 0x3F, 0x1E, 0x00, 0x00, 0x00, 0x00, 0x3F, 0x00,
    0x00, 0x00, 0x0B, 0xFF, 0xFF, 0x00, 0x00, 0x00, 0xFF, 0xFF, 0xFF, 0x00, 0x00, 0x03, 0xFC, 0x00,
    0xBF, 0x00, 0x00, 0x0F, 0xF0, 0x00, 0x3F, 0x00, 0x00, 0x2F, 0xC0, 0x00, 0x3F, 0x00, 0x00, 0x3F,
    0x80, 0x00, 0x3F, 0x00, 0x00, 0x7F, 0x00, 0x00, 0x3F, 0x00, 0x00, 0xBF, 0x00, 0x00, 0x3F, 0x00,
    0x00, 0xBF, 0x00, 0x00, 0x3F, 0x00, 0x00, 0xFF, 0x00, 0x00, 0x3F, 0x00, 0x00, 0xFF, 0x00, 0x00,
    0x3F, 0x00, 0x00, 0xBF, 0x00, 0x00, 0x3F, 0x00, 0x00, 0xBF, 0x80, 0x00, 0x3F, 0x00, 0x00, 0x3F,
    0xC0, 0x00, 0x3F, 0x00, 0x00, 0x3F, 0xF0, 0x00, 0xBF, 0x00, 0x00, 0x0F, 0xFE, 0x0B, 0xFF, 0x00,
    0x00, 0x0B, 0xFF, 0xFF, 0xBF, 0xE0, 0x00, 0x00, 0xFF, 0xF8, 0x3F, 0xF8, 0x00, 0x00, 0x00, 0x00,
    0x00, 0x00, 0x00, 0x15, 0x55, 0x54, 0x00, 0x00, 0x00, 0x3F, 0xFF, 0xFF, 0xFE, 0x00, 0x00, 0x0B,
    0xFF, 0xAA, 0xBF, 0xF4, 0x00, 0x00, 0xFE, 0x00, 0x03, 0xFF, 0x00, 0x00, 0xFE, 0x00, 0x00, 0xBF,
    0xC0, 0x00, 0xFE, 0x00, 0x00, 0x2F, 0xF0, 0x00, 0xFE, 0x00, 0x00, 0x0F, 0xF4, 0x00, 0xFE, 0x00,
    0x00, 0x0B, 0xFC, 0x00, 0xFE, 0x00, 0x00, 0x03, 0xFC, 0x00, 0xFE, 0x00, 0x00, 0x03, 0xFE, 0x00,
    0xFE, 0x00, 0x00, 0x02, 0xFE, 0xBF, 0xFF, 0xFF, 0xC0, 0x02, 0xFE, 0xBF, 0xFF, 0xFF, 0xC0, 0x02,
    0xFE, 0x02, 0xFE, 0x00, 0x00, 0x02, 0xFE, 0x00, 0xFE, 0x00, 0x00, 0x02, 0xFE, 0x00, 0xFE, 0x00,
    0x00, 0x02, 0xFE, 0x00, 0xFE, 0x00, 0x00, 0x03, 0xFC, 0x00, 0xFE, 0x00, 0x00, 0x03, 0xFC, 0x00,
    0xFE, 0x00, 0x00, 0x0B, 0xF8, 0x00, 0xFE, 0x00, 0x00, 0x0F, 0xF0, 0x00, 0xFE, 0x00, 0x00, 0x3F,
    0xD0, 0x00, 0xFE, 0x00, 0x00, 0xFF, 0x80, 0x01, 0xFE, 0x00, 0x2F, 0xFE, 0x00, 0x3F, 0xFF, 0xFF,
    0xFF, 0xE0, 0x00, 0x3F, 0xFF, 0xFF, 0xE9, 0x00, 0x00, 0x00, 0x00, 0x00, 0x2A, 0x00, 0x00, 0x00,
    0x0B, 0xFF, 0x00, 0x00, 0x00, 0x0F, 0xFF, 0x00, 0x00, 0x00, 0x00, 0x7F, 0x00, 0x00, 0x00, 0x00,
    0x3F, 0x00, 0x00, 0x00, 0xAA, 0xBF, 0xA8, 0x00, 0x02, 0xFF, 0xFF, 0xFD, 0x00, 0x00, 0xAA, 0xBF,
    0xA8, 0x00, 0x00, 0x00, 0x3F, 0x00, 0x00, 0x0B, 0xFF, 0xFF, 0x00, 0x00, 0xFF, 0xFF, 0xFF, 0x00,
    0x03, 0xFC, 0x00, 0xBF, 0x00, 0x0F, 0xF0, 0x00, 0x3F, 0x00, 0x2F, 0xC0, 0x00, 0x3F, 0x00, 0x3F,
    0x80, 0x00, 0x3F, 0x00, 0x7F, 0x00, 0x00, 0x3F, 0x00, 0xBF, 0x00, 0x00, 0x3F, 0x00, 0xBF, 0x00,
    0x00, 0x3F, 0x00, 0xFF, 0x00, 0x00, 0x3F, 0x00, 0xFF, 0x00, 0x00, 0x3F, 0x00, 0xBF, 0x00, 0x00,
    0x3F, 0x00, 0xBF, 0x80, 0x00, 0x3F, 0x00, 0x3F, 0xC0, 0x00, 0x3F, 0x00, 0x3F, 0xF0, 0x00, 0xBF,
    0x00, 0x0F, 0xFE, 0x0B, 0xFF, 0x00, 0x0B, 0xFF, 0xFF, 0xBF, 0xE0, 0x00, 0xFF, 0xF8, 0x3F, 0xF8,
    0x00, 0x00, 0x00, 0x00, 0x00, 0x01, 0xAA, 0xAA, 0xA9, 0x00, 0x02, 0xFF, 0xFF, 0xFE, 0x00, 0x02,
    0xFF, 0xFF, 0xFE, 0x00, 0x00, 0x00, 0x00, 0x00, 0x00, 0x00, 0x00, 0x00, 0x00, 0x00, 0x00, 0x00,
    0x00, 0x00, 0x00, 0x55, 0x55, 0x55, 0x55, 0x40, 0xFF, 0xFF, 0xFF, 0xFF, 0xE0, 0x2F, 0xFE, 0xAA,
    0xAB, 0xE0, 0x03, 0xF8, 0x00, 0x03, 0xE0, 0x03, 0xF8, 0x00, 0x03, 0xE0, 0x03, 0xF8, 0x00, 0x02,
    0xE0, 0x03, 0xF8, 0x00, 0x00, 0x00, 0x03, 0xF8, 0x00, 0x00, 0x00, 0x03, 0xF8, 0x00, 0x38, 0x00,
    0x03, 0xF8, 0x00, 0x7C, 0x00, 0x03, 0xF8, 0x00, 0xBC, 0x00, 0x03, 0xFE, 0xAA, 0xFC, 0x00, 0x03,
    0xFF, 0xFF, 0xFC, 0x00, 0x03, 0xF8, 0x00, 0xFC, 0x00, 0x03, 0xF8, 0x00, 0xBC, 0x00, 0x03, 0xF8,
    0x00, 0x3C, 0x00, 0x03, 0xF8, 0x00, 0x10, 0x00, 0x03, 0xF8, 0x00, 0x00, 0x00, 0x03, 0xF8, 0x00,
    0x00, 0x00, 0x03, 0xF8, 0x00, 0x00, 0x3C, 0x03, 0xF8, 0x00, 0x00, 0xBC, 0x03, 0xF8, 0x00, 0x00,
    0xBC, 0x0B, 0xF8, 0x00, 0x00, 0xFC, 0xFF, 0xFF, 0xFF, 0xFF, 0xFC, 0xFF, 0xFF, 0xFF, 0xFF, 0xFC,
    0x06, 0xAA, 0xAA, 0xA0, 0x0B, 0xFF, 0xFF, 0xF8, 0x0B, 0xFF, 0xFF, 0xF8, 0x00, 0x00, 0x00, 0x00,
    0x00, 0x00, 0x00, 0x00, 0x00, 0x00, 0x00, 0x00, 0x00, 0x1B, 0xFE, 0x00, 0x00, 0xFF, 0xFF, 0xC0,
    0x07, 0xF8, 0x0F, 0xF0, 0x0F, 0xC0, 0x03, 0xF8, 0x3F, 0x80, 0x02, 0xFC, 0x3F, 0x00, 0x00, 0xFC,
    0xBF, 0x40, 0x02, 0xFE, 0xBF, 0xFF, 0xFF, 0xFE, 0xFF, 0xAA, 0xAA, 0xA8, 0xFF, 0x00, 0x00, 0x00,
    0xBF, 0x00, 0x00, 0x00, 0xBF, 0x00, 0x00, 0x00, 0xBF, 0x80, 0x00, 0x00, 0x3F, 0xC0, 0x00, 0x00,
    0x2F, 0xF0, 0x00, 0x0E, 0x0F, 0xFE, 0x00, 0xBE, 0x03, 0xFF, 0xFF, 0xF8, 0x00, 0x7F, 0xFF, 0x80,
    0x00, 0x00, 0x00, 0x00, 0x00, 0x00, 0x10, 0x00, 0x00, 0x00, 0x00, 0xFC, 0x00, 0x00, 0x00, 0x02,
    0xFE, 0x00, 0x00, 0x00, 0x02, 0xFE, 0x00, 0x00, 0x00, 0x00, 0xB8, 0x00, 0x00, 0x00, 0x00, 0x00,
    0x00, 0x00, 0x00, 0x00, 0x00, 0x00, 0x00, 0x00, 0x00, 0x00, 0x00, 0x00, 0x55, 0x55, 0x55, 0x55,
    0x40, 0xFF, 0xFF, 0xFF, 0xFF, 0xE0, 0x2F, 0xFE, 0xAA, 0xAB, 0xE0, 0x03, 0xF8, 0x00, 0x03, 0xE0,
    0x03, 0xF8, 0x00, 0x03, 0xE0, 0x03, 0xF8, 0x00, 0x02, 0xE0, 0x03, 0xF8, 0x00, 0x00, 0x00, 0x03,
    0xF8, 0x00, 0x00, 0x00, 0x03, 0xF8, 0x00, 0x38, 0x00, 0x03, 0xF8, 0x00, 0x7C, 0x00, 0x03, 0xF8,
    0x00, 0xBC, 0x00, 0x03, 0xFE, 0xAA, 0xFC, 0x00, 0x03, 0xFF, 0xFF, 0xFC, 0x00, 0x03, 0xF8, 0x00,
    0xFC, 0x00, 0x03, 0xF8, 0x00, 0xBC, 0x00, 0x03, 0xF8, 0x00, 0x3C, 0x00, 0x03, 0xF8, 0x00, 0x10,
    0x00, 0x03, 0xF8, 0x00, 0x00, 0x00, 0x03, 0xF8, 0x00, 0x00, 0x00, 0x03, 0xF8, 0x00, 0x00, 0x3C,
    0x03, 0xF8, 0x00, 0x00, 0xBC, 0x03, 0xF8, 0x00, 0x00, 0xBC, 0x0B, 0xF8, 0x00, 0x00, 0xFC, 0xFF,
    0xFF, 0xFF, 0xFF, 0xFC, 0xFF, 0xFF, 0xFF, 0xFF, 0xFC, 0x00, 0x00, 0x00, 0x00, 0x00, 0x03, 0xF0,
    0x00, 0x00, 0x0B, 0xF8, 0x00, 0x00, 0x0B, 0xF4, 0x00, 0x00, 0x02, 0xE0, 0x00, 0x00, 0x00, 0x00,
    0x00, 0x00, 0x00, 0x00, 0x00, 0x00, 0x00, 0x00, 0x00, 0x00, 0x1B, 0xFE, 0x00, 0x00, 0xFF, 0xFF,
    0xC0, 0x07, 0xF8, 0x0F, 0xF0, 0x0F, 0xC0, 0x03, 0xF8, 0x3F, 0x80, 0x02, 0xFC, 0x3F, 0x00, 0x00,
    0xFC, 0xBF, 0x40, 0x02, 0xFE, 0xBF, 0xFF, 0xFF, 0xFE, 0xFF, 0xAA, 0xAA, 0xA8, 0xFF, 0x00, 0x00,
    0x00, 0xBF, 0x00, 0x00, 0x00, 0xBF, 0x00, 0x00, 0x00, 0xBF, 0x80, 0x00, 0x00, 0x3F, 0xC0, 0x00,
    0x00, 0x2F, 0xF0, 0x00, 0x0E, 0x0F, 0xFE, 0x00, 0xBE, 0x03, 0xFF, 0xFF, 0xF8, 0x00, 0x7F, 0xFF,
    0x80, 0x00, 0x00, 0x00, 0x00, 0x55, 0x55, 0x55, 0x55, 0x40, 0xFF, 0xFF, 0xFF, 0xFF, 0xE0, 0x2F,
    0xFE, 0xAA, 0xAB, 0xE0, 0x03, 0xF8, 0x00, 0x03, 0xE0, 0x03, 0xF8, 0x00, 0x03, 0xE0, 0x03, 0xF8,
    0x00, 0x02, 0xE0, 0x03, 0xF8, 0x00, 0x00, 0x00, 0x03, 0xF8, 0x00, 0x00, 0x00, 0x03, 0xF8, 0x00,
    0x38, 0x00, 0x03, 0xF8, 0x00, 0x7C, 0x00, 0x03, 0xF8, 0x00, 0xBC, 0x00, 0x03, 0xFE, 0xAA, 0xFC,
    0x00, 0x03, 0xFF, 0xFF, 0xFC, 0x00, 0x03, 0xF8, 0x00, 0xFC, 0x00, 0x03, 0xF8, 0x00, 0xBC, 0x00,
    0x03, 0xF8, 0x00, 0x3C, 0x00, 0x03, 0xF8, 0x00, 0x10, 0x00, 0x03, 0xF8, 0x00, 0x00, 0x00, 0x03,
    0xF8, 0x00, 0x00, 0x00, 0x03, 0xF8, 0x00, 0x00, 0x3C, 0x03, 0xF8, 0x00, 0x00, 0xBC, 0x03, 0xF8,
    0x00, 0x00, 0xBC, 0x0B, 0xF8, 0x00, 0x00, 0xFC, 0xFF, 0xFF, 0xFF, 0xFF, 0xFC, 0xFF, 0xFF, 0xFF,
    0xFF, 0xFC, 0x00, 0x00, 0x00, 0xF0, 0x00, 0x00, 0x00, 0x03, 0xC0, 0x00, 0x00, 0x00, 0x0B, 0xC0,
    0x00, 0x00, 0x00, 0x0B, 0xC0, 0x00, 0x00, 0x00, 0x0B, 0xE2, 0x40, 0x00, 0x00, 0x07, 0xFF, 0xC0,
    0x00, 0x00, 0x00, 0xBA, 0x00, 0x00, 0x00, 0x00, 0x00, 0x00, 0x1B, 0xFE, 0x00, 0x00, 0xFF, 0xFF,
    0xC0, 0x07, 0xF8, 0x0F, 0xF0, 0x0F, 0xC0, 0x03, 0xF8, 0x3F, 0x80, 0x02, 0xFC, 0x3F, 0x00, 0x00,
    0xFC, 0xBF, 0x40, 0x02, 0xFE, 0xBF, 0xFF, 0xFF, 0xFE, 0xFF, 0xAA, 0xAA, 0xA8, 0xFF, 0x00, 0x00,
    0x00, 0xBF, 0x00, 0x00, 0x00, 0xBF, 0x00, 0x00, 0x00, 0xBF, 0x80, 0x00, 0x00, 0x3F, 0xC0, 0x00,
    0x00, 0x2F, 0xF0, 0x00, 0x0E, 0x0F, 0xFE, 0x00, 0xBE, 0x03, 0xFF, 0xFF, 0xF8, 0x00, 0x7F, 0xFF,
    0xC0, 0x00, 0x00, 0x7D, 0x00, 0x00, 0x00, 0xB8, 0x00, 0x00, 0x00, 0xF0, 0x00, 0x00, 0x02, 0xF0,
    0x00, 0x00, 0x02, 0xF8, 0xA0, 0x00, 0x00, 0xFF, 0xF0, 0x00, 0x00, 0x2E, 0x80, 0x00, 0x00, 0x00,
    0x00, 0x00, 0x00, 0xF8, 0x00, 0xBC, 0x00, 0x00, 0x7E, 0x02, 0xF0, 0x00, 0x00, 0x2F, 0x8B, 0xE0,
    0x00, 0x00, 0x0F, 0xFF, 0xC0, 0x00, 0x00, 0x03, 0xFF, 0x00, 0x00, 0x00, 0x01, 0xFD, 0x00, 0x00,
    0x00, 0x00, 0x00, 0x00, 0x00, 0x00, 0x00, 0x00, 0x00, 0x00, 0x55, 0x55, 0x55, 0x55, 0x40, 0xFF,
    0xFF, 0xFF, 0xFF, 0xE0, 0x2F, 0xFE, 0xAA, 0xAB, 0xE0, 0x03, 0xF8, 0x00, 0x03, 0xE0, 0x03, 0xF8,
    0x00, 0x03, 0xE0, 0x03, 0xF8, 0x00, 0x02, 0xE0, 0x03, 0xF8, 0x00, 0x00, 0x00, 0x03, 0xF8, 0x00,
    0x00, 0x00, 0x03, 0xF8, 0x00, 0x38, 0x00, 0x03, 0xF8, 0x00, 0x7C, 0x00, 0x03, 0xF8, 0x00, 0xBC,
    0x00, 0x03, 0xFE, 0xAA, 0xFC, 0x00, 0x03, 0xFF, 0xFF, 0xFC, 0x00, 0x03, 0xF8, 0x00, 0xFC, 0x00,
    0x03, 0xF8, 0x00, 0xBC, 0x00, 0x03, 0xF8, 0x00, 0x3C, 0x00, 0x03, 0xF8, 0x00, 0x10, 0x00, 0x03,
    0xF8, 0x00, 0x00, 0x00, 0x03, 0xF8, 0x00, 0x00, 0x00, 0x03, 0xF8, 0x00, 0x00, 0x3C, 0x03, 0xF8,
    0x00, 0x00, 0xBC, 0x03, 0xF8, 0x00, 0x00, 0xBC, 0x0B, 0xF8, 0x00, 0x00, 0xFC, 0xFF, 0xFF, 0xFF,
    0xFF, 0xFC, 0xFF, 0xFF, 0xFF, 0xFF, 0xFC, 0x00, 0x00, 0x00, 0x00, 0x03, 0xE0, 0x02, 0xF0, 0x02,
    0xF8, 0x0B, 0xC0, 0x00, 0xBE, 0x2F, 0x80, 0x00, 0x3F, 0xFF, 0x00, 0x00, 0x0F, 0xFC, 0x00, 0x00,
    0x0B, 0xF0, 0x00, 0x00, 0x00, 0x00, 0x00, 0x00, 0x00, 0x00, 0x00, 0x00, 0x1B, 0xFE, 0x00, 0x00,
    0xFF, 0xFF, 0xC0, 0x07, 0xF8, 0x0F, 0xF0, 0x0F, 0xC0, 0x03, 0xF8, 0x3F, 0x80, 0x02, 0xFC, 0x3F,
    0x00, 0x00, 0xFC, 0xBF, 0x40, 0x02, 0xFE, 0xBF, 0xFF, 0xFF, 0xFE, 0xFF, 0xAA, 0xAA, 0xA8, 0xFF,
    0x00, 0x00, 0x00, 0xBF, 0x00, 0x00, 0x00, 0xBF, 0x00, 0x00, 0x00, 0xBF, 0x80, 0x00, 0x00, 0x3F,
    0xC0, 0x00, 0x00, 0x2F, 0xF0, 0x00, 0x0E, 0x0F, 0xFE, 0x00, 0xBE, 0x03, 0xFF, 0xFF, 0xF8, 0x00,
    0x7F, 0xFF, 0x80, 0x00, 0x00, 0x00, 0x00, 0x00, 0x02, 0x00, 0x00, 0x10, 0x00, 0x00, 0x03, 0xC0,
    0x00, 0xF0, 0x00, 0x00, 0x02, 0xF0, 0x03, 0xE0, 0x00, 0x00, 0x00, 0xFE, 0xAF, 0xC0, 0x00, 0x00,
    0x00, 0xBF, 0xFF, 0x40, 0x00, 0x00, 0x00, 0x0F, 0xF8, 0x00, 0x00, 0x00, 0x00, 0x00, 0x00, 0x00,
    0x00, 0x00, 0x00, 0x00, 0x00, 0x00, 0x00, 0x00, 0x00, 0x2B, 0xFF, 0xA0, 0x00, 0x00, 0x07, 0xFF,
    0xFF, 0xFF, 0x80, 0x00, 0x3F, 0xFA, 0x0A, 0xFF, 0x80, 0x00, 0xFF, 0x80, 0x00, 0x2F, 0x80, 0x03,
    0xFE, 0x00, 0x00, 0x0F, 0x80, 0x0B, 0xF8, 0x00, 0x00, 0x0F, 0x80, 0x0F, 0xF0, 0x00, 0x00, 0x0F,
    0x80, 0x2F, 0xE0, 0x00, 0x00, 0x00, 0x00, 0x3F, 0xC0, 0x00, 0x00, 0x00, 0x00, 0x3F, 0xC0, 0x00,
    0x00, 0x00, 0x00, 0xBF, 0xC0, 0x00, 0x00, 0x00, 0x00, 0xBF, 0x80, 0x00, 0x00, 0x00, 0x00, 0xBF,
    0x80, 0x00, 0x00, 0x00, 0x00, 0xBF, 0x80, 0x00, 0x0F, 0xFF, 0xFC, 0xBF, 0x80, 0x00, 0x0F, 0xFF,
    0xFC, 0x7F, 0xC0, 0x00, 0x00, 0x7F, 0xC0, 0x3F, 0xC0, 0x00, 0x00, 0x3F, 0x80, 0x3F, 0xD0, 0x00,
    0x00, 0x3F, 0x80, 0x1F, 0xF0, 0x00, 0x00, 0x3F, 0x80, 0x0F, 0xF4, 0x00, 0x00, 0x3F, 0x80, 0x03,
    0xFC, 0x00, 0x00, 0x3F, 0x80, 0x02, 0xFF, 0x00, 0x00, 0x3F, 0x80, 0x00, 0xBF, 0xE0, 0x00, 0x3F,
    0x80, 0x00, 0x0F, 0xFF, 0xEF, 0xFF, 0x80, 0x00, 0x02, 0xFF, 0xFF, 0xFA, 0x00, 0x00, 0x00, 0x01,
    0xA4, 0x00, 0x00, 0x01, 0x00, 0x00, 0x40, 0x00, 0x0B, 0x40, 0x02, 0xC0, 0x00, 0x03, 0xC0, 0x0B,
    0xC0, 0x00, 0x03, 0xFE, 0xBF, 0x80, 0x00, 0x00, 0xFF, 0xFF, 0x00, 0x00, 0x00, 0x2F, 0xF8, 0x00,
    0x00, 0x00, 0x00, 0x00, 0x00, 0x00, 0x00, 0x00, 0x00, 0x00, 0x00, 0x00, 0x2F, 0xF8, 0x00, 0x00,
    0x03, 0xFE, 0xBF, 0xFF, 0xC0, 0x0F, 0xF0, 0x0F, 0xFF, 0xC0, 0x2F, 0xC0, 0x0B, 0xF0, 0x00, 0x3F,
    0xC0, 0x03, 0xF8, 0x00, 0x3F, 0x80, 0x03, 0xF8, 0x00, 0x3F, 0x80, 0x03, 0xF8, 0x00, 0x3F, 0xC0,
    0x03, 0xF8, 0x00, 0x2F, 0xC0, 0x0B, 0xF0, 0x00, 0x0F, 0xF0, 0x0F, 0xE0, 0x00, 0x03, 0xFF, 0xFF,
    0x80, 0x00, 0x00, 0x3F, 0xF8, 0x00, 0x00, 0x00, 0xBC, 0x00, 0x00, 0x00, 0x00, 0xF8, 0x00, 0x00,
    0x00, 0x00, 0xFE, 0xA0, 0x00, 0x00, 0x00, 0xFF, 0xFF, 0xE0, 0x00, 0x02, 0xFF, 0xFF, 0xFC, 0x00,
    0x0F, 0xD0, 0x2F, 0xFF, 0x00, 0x3F, 0x00, 0x00, 0xFF, 0x00, 0xBE, 0x00, 0x00, 0x3F, 0x40, 0xFE,
    0x00, 0x00, 0x3F, 0x00, 0xFF, 0x00, 0x00, 0x3F, 0x00, 0xBF, 0x40, 0x00, 0xFC, 0x00, 0x3F, 0xE0,
    0x03, 0xF0, 0x00, 0x0F, 0xFE, 0xBF, 0xC0, 0x00, 0x02, 0xFF, 0xF8, 0x00, 0x00, 0x00, 0x00, 0x00,
    0x00, 0x00, 0x00, 0x00, 0x00, 0x40, 0x00, 0x00, 0x00, 0x00, 0x03, 0xF0, 0x00, 0x00, 0x00, 0x00,
    0x0B, 0xF8, 0x00, 0x00, 0x00, 0x00, 0x0B, 0xF4, 0x00, 0x00, 0x00, 0x00, 0x02, 0xE0, 0x00, 0x00,
    0x00, 0x00, 0x00, 0x00, 0x00, 0x00, 0x00, 0x00, 0x00, 0x00, 0x00, 0x00, 0x00, 0x00, 0x00, 0x00,
    0x00, 0x00, 0x00, 0x00, 0x2B, 0xFF, 0xA0, 0x00, 0x00, 0x07, 0xFF, 0xFF, 0xFF, 0x80, 0x00, 0x3F,
    0xFA, 0x0A, 0xFF, 0x80, 0x00, 0xFF, 0x80, 0x00, 0x2F, 0x80, 0x03, 0xFE, 0x00, 0x00, 0x0F, 0x80,
    0x0B, 0xF8, 0x00, 0x00, 0x0F, 0x80, 0x0F, 0xF0, 0x00, 0x00, 0x0F, 0x80, 0x2F, 0xE0, 0x00, 0x00,
    0x00, 0x00, 0x3F, 0xC0, 0x00, 0x00, 0x00, 0x00, 0x3F, 0xC0, 0x00, 0x00, 0x00, 0x00, 0xBF, 0xC0,
    0x00, 0x00, 0x00, 0x00, 0xBF, 0x80, 0x00, 0x00, 0x00, 0x00, 0xBF, 0x80, 0x00, 0x00, 0x00, 0x00,
    0xBF, 0x80, 0x00, 0x0F, 0xFF, 0xFC, 0xBF, 0x80, 0x00, 0x0F, 0xFF, 0xFC, 0x7F, 0xC0, 0x00, 0x00,
    0x7F, 0xC0, 0x3F, 0xC0, 0x00, 0x00, 0x3F, 0x80, 0x3F, 0xD0, 0x00, 0x00, 0x3F, 0x80, 0x1F, 0xF0,
    0x00, 0x00, 0x3F, 0x80, 0x0F, 0xF4, 0x00, 0x00, 0x3F, 0x80, 0x03, 0xFC, 0x00, 0x00, 0x3F, 0x80,
    0x02, 0xFF, 0x00, 0x00, 0x3F, 0x80, 0x00, 0xBF, 0xE0, 0x00, 0x3F, 0x80, 0x00, 0x0F, 0xFF, 0xEF,
    0xFF, 0x80, 0x00, 0x02, 0xFF, 0xFF, 0xFA, 0x00, 0x00, 0x00, 0x01, 0xA4, 0x00, 0x00, 0x00, 0x00,
    0x00, 0x00, 0x00, 0x00, 0x0F, 0xE0, 0x00, 0x00, 0x00, 0x0F, 0xF0, 0x00, 0x00, 0x00, 0x0F, 0xF0,
    0x00, 0x00, 0x00, 0x03, 0xC0, 0x00, 0x00, 0x00, 0x00, 0x00, 0x00, 0x00, 0x00, 0x00, 0x00, 0x00,
    0x00, 0x00, 0x00, 0x00, 0x00, 0x00, 0x00, 0x2F, 0xF8, 0x00, 0x00, 0x03, 0xFE, 0xBF, 0xFF, 0xC0,
    0x0F, 0xF0, 0x0F, 0xFF, 0xC0, 0x2F, 0xC0, 0x0B, 0xF0, 0x00, 0x3F, 0xC0, 0x03, 0xF8, 0x00, 0x3F,
    0x80, 0x03, 0xF8, 0x00, 0x3F, 0x80, 0x03, 0xF8, 0x00, 0x3F, 0xC0, 0x03, 0xF8, 0x00, 0x2F, 0xC0,
    0x0B, 0xF0, 0x00, 0x0F, 0xF0, 0x0F, 0xE0, 0x00, 0x03, 0xFF, 0xFF, 0x80, 0x00, 0x00, 0x3F, 0xF8,
    0x00, 0x00, 0x00, 0xBC, 0x00, 0x00, 0x00, 0x00, 0xF8, 0x00, 0x00, 0x00, 0x00, 0xFE, 0xA0, 0x00,
    0x00, 0x00, 0xFF, 0xFF, 0xE0, 0x00, 0x02, 0xFF, 0xFF, 0xFC, 0x00, 0x0F, 0xD0, 0x2F, 0xFF, 0x00,
    0x3F, 0x00, 0x00, 0xFF, 0x00, 0xBE, 0x00, 0x00, 0x3F, 0x40, 0xFE, 0x00, 0x00, 0x3F, 0x00, 0xFF,
    0x00, 0x00, 0x3F, 0x00, 0xBF, 0x40, 0x00, 0xFC, 0x00, 0x3F, 0xE0, 0x03, 0xF0, 0x00, 0x0F, 0xFE,
    0xBF, 0xC0, 0x00, 0x02, 0xFF, 0xF8, 0x00, 0x00, 0x00, 0x00, 0x00, 0x00, 0x00, 0x00, 0x00, 0x00,
    0x00, 0x00, 0x00, 0x00, 0x00, 0x2B, 0xFF, 0xA0, 0x00, 0x00, 0x07, 0xFF, 0xFF, 0xFF, 0x80, 0x00,
    0x3F, 0xFA, 0x0A, 0xFF, 0x80, 0x00, 0xFF, 0x80, 0x00, 0x2F, 0x80, 0x03, 0xFE, 0x00, 0x00, 0x0F,
    0x80, 0x0B, 0xF8, 0x00, 0x00, 0x0F, 0x80, 0x0F, 0xF0, 0x00, 0x00, 0x0F, 0x80, 0x2F, 0xE0, 0x00,
    0x00, 0x00, 0x00, 0x3F, 0xC0, 0x00, 0x00, 0x00, 0x00, 0x3F, 0xC0, 0x00, 0x00, 0x00, 0x00, 0xBF,
    0xC0, 0x00, 0x00, 0x00, 0x00, 0xBF, 0x80, 0x00, 0x00, 0x00, 0x00, 0xBF, 0x80, 0x00, 0x00, 0x00,
    0x00, 0xBF, 0x80, 0x00, 0x0F, 0xFF, 0xFC, 0xBF, 0x80, 0x00, 0x0F, 0xFF, 0xFC, 0x7F, 0xC0, 0x00,
    0x00, 0x7F, 0xC0, 0x3F, 0xC0, 0x00, 0x00, 0x3F, 0x80, 0x3F, 0xD0, 0x00, 0x00, 0x3F, 0x80, 0x1F,
    0xF0, 0x00, 0x00, 0x3F, 0x80, 0x0F, 0xF4, 0x00, 0x00, 0x3F, 0x80, 0x03, 0xFC, 0x00, 0x00, 0x3F,
    0x80, 0x02, 0xFF, 0x00, 0x00, 0x3F, 0x80, 0x00, 0xBF, 0xE0, 0x00, 0x3F, 0x80, 0x00, 0x0F, 0xFF,
    0xEF, 0xFF, 0x80, 0x00, 0x02, 0xFF, 0xFF, 0xFA, 0x00, 0x00, 0x00, 0x01, 0xA4, 0x00, 0x00, 0x00,
    0x00, 0x00, 0x00, 0x00, 0x00, 0x00, 0x00, 0x03, 0xE0, 0x00, 0x00, 0x00, 0x00, 0x0F, 0xF8, 0x00,
    0x00, 0x00, 0x00, 0x0B, 0xF8, 0x00, 0x00, 0x00, 0x00, 0x00, 0xB8, 0x00, 0x00, 0x00, 0x00, 0x00,
    0xB8, 0x00, 0x00, 0x00, 0x00, 0x00, 0xF0, 0x00, 0x00, 0x00, 0x00, 0x0B, 0xC0, 0x00, 0x00, 0x00,
    0x00, 0x04, 0x00, 0x00, 0x00, 0x00, 0x00, 0x00, 0x00, 0x00, 0x00, 0x02, 0xF0, 0x00, 0x00, 0x00,
    0x0B, 0x80, 0x00, 0x00, 0x00, 0x0F, 0x00, 0x00, 0x00, 0x00, 0x1E, 0x00, 0x00, 0x00, 0x00, 0x1F,
    0xF0, 0x00, 0x00, 0x00, 0x0F, 0xF0, 0x00, 0x00, 0x00, 0x0B, 0xE0, 0x00, 0x00, 0x00, 0x00, 0x00,
    0x00, 0x00, 0x00, 0x00, 0x00, 0x00, 0x00, 0x00, 0x2F, 0xF8, 0x00, 0x00, 0x03, 0xFE, 0xBF, 0xFF,
    0xC0, 0x0F, 0xF0, 0x0F, 0xFF, 0xC0, 0x2F, 0xC0, 0x0B, 0xF0, 0x00, 0x3F, 0xC0, 0x03, 0xF8, 0x00,
    0x3F, 0x80, 0x03, 0xF8, 0x00, 0x3F, 0x80, 0x03, 0xF8, 0x00, 0x3F, 0xC0, 0x03, 0xF8, 0x00, 0x2F,
    0xC0, 0x0B, 0xF0, 0x00, 0x0F, 0xF0, 0x0F, 0xE0, 0x00, 0x03, 0xFF, 0xFF, 0x80, 0x00, 0x00, 0x3F,
    0xF8, 0x00, 0x00, 0x00, 0xBC, 0x00, 0x00, 0x00, 0x00, 0xF8, 0x00, 0x00, 0x00, 0x00, 0xFE, 0xA0,
    0x00, 0x00, 0x00, 0xFF, 0xFF, 0xE0, 0x00, 0x02, 0xFF, 0xFF, 0xFC, 0x00, 0x0F, 0xD0, 0x2F, 0xFF,
    0x00, 0x3F, 0x00, 0x00, 0xFF, 0x00, 0xBE, 0x00, 0x00, 0x3F, 0x40, 0xFE, 0x00, 0x00, 0x3F, 0x00,
    0xFF, 0x00, 0x00, 0x3F, 0x00, 0xBF, 0x40, 0x00, 0xFC, 0x00, 0x3F, 0xE0, 0x03, 0xF0, 0x00, 0x0F,
    0xFE, 0xBF, 0xC0, 0x00, 0x02, 0xFF, 0xF8, 0x00, 0x00, 0x00, 0x00, 0x00, 0x00, 0x00, 0x55, 0x55,
    0x40, 0x00, 0x55, 0x55, 0x00, 0xFF, 0xFF, 0xC0, 0x02, 0xFF, 0xFF, 0x80, 0x6F, 0xFE, 0x40, 0x00,
    0xAF, 0xFA, 0x00, 0x03, 0xF8, 0x00, 0x00, 0x0F, 0xF0, 0x00, 0x03, 0xF8, 0x00, 0x00, 0x0F, 0xF0,
    0x00, 0x0B, 0xF8, 0x00, 0x00, 0x0F, 0xF0, 0x00, 0xFF, 0xFF, 0xFF, 0xFF, 0xFF, 0xFF, 0x80, 0xAF,
    0xFE, 0xAA, 0xAA, 0xAF, 0xFE, 0x80, 0x03, 0xF8, 0x00, 0x00, 0x0F, 0xF0, 0x00, 0x03, 0xF8, 0x00,
    0x00, 0x0F, 0xF0, 0x00, 0x03, 0xF8, 0x00, 0x00, 0x0F, 0xF0, 0x00, 0x03, 0xFF, 0xFF, 0xFF, 0xFF,
    0xF0, 0x00, 0x03, 0xFF, 0xFF, 0xFF, 0xFF, 0xF0, 0x00, 0x03, 0xF8, 0x00, 0x00, 0x0F, 0xF0, 0x00,
    0x03, 0xF8, 0x00, 0x00, 0x0F, 0xF0, 0x00, 0x03, 0xF8, 0x00, 0x00, 0x0F, 0xF0, 0x00, 0x03, 0xF8,
    0x00, 0x00, 0x0F, 0xF0, 0x00, 0x03, 0xF8, 0x00, 0x00, 0x0F, 0xF0, 0x00, 0x03, 0xF8, 0x00, 0x00,
    0x0F, 0xF0, 0x00, 0x03, 0xF8, 0x00, 0x00, 0x0F, 0xF0, 0x00, 0x03, 0xF8, 0x00, 0x00, 0x0F, 0xF0,
    0x00, 0x03, 0xF8, 0x00, 0x00, 0x0F, 0xF0, 0x00, 0x0B, 0xF8, 0x00, 0x00, 0x0F, 0xF0, 0x00, 0xFF,
    0xFF, 0xC0, 0x02, 0xFF, 0xFF, 0x80, 0xFF, 0xFF, 0xC0, 0x02, 0xFF, 0xFF, 0x80, 0x00, 0x2A, 0x00,
    0x00, 0x00, 0x00, 0x0B, 0xFE, 0x00, 0x00, 0x00, 0x00, 0x2F, 0xFE, 0x00, 0x00, 0x00, 0x00, 0x00,
    0xFE, 0x00, 0x00, 0x00, 0x00, 0x00, 0xFE, 0x00, 0x00, 0x00, 0x00, 0x00, 0xFE, 0x00, 0x00, 0x00,
    0x00, 0x3F, 0xFF, 0xFF, 0x00, 0x00, 0x00, 0x3F, 0xFF, 0xFF, 0x00, 0x00, 0x00, 0x00, 0xFE, 0x00,
    0x00, 0x00, 0x00, 0x00, 0xFE, 0x02, 0xFE, 0x00, 0x00, 0x00, 0xFE, 0x3F, 0xFF, 0xC0, 0x00, 0x00,
    0xFF, 0xFF, 0xFF, 0xF0, 0x00, 0x00, 0xFF, 0x80, 0x0F, 0xF0, 0x00, 0x00, 0xFE, 0x00, 0x07, 0xF4,
    0x00, 0x00, 0xFE, 0x00, 0x03, 0xF8, 0x00, 0x00, 0xFE, 0x00, 0x03, 0xF8, 0x00, 0x00, 0xFE, 0x00,
    0x03, 0xF8, 0x00, 0x00, 0xFE, 0x00, 0x03, 0xF8, 0x00, 0x00, 0xFE, 0x00, 0x03, 0xF8, 0x00, 0x00,
    0xFE, 0x00, 0x03, 0xF8, 0x00, 0x00, 0xFE, 0x00, 0x03, 0xF8, 0x00, 0x00, 0xFE, 0x00, 0x03, 0xF8,
    0x00, 0x00, 0xFE, 0x00, 0x03, 0xF8, 0x00, 0x00, 0xFE, 0x00, 0x03, 0xF8, 0x00, 0x00, 0xFE, 0x00,
    0x03, 0xF8, 0x00, 0x0B, 0xFF, 0xE0, 0x2F, 0xFE, 0x80, 0x0F, 0xFF, 0xF0, 0x3F, 0xFF, 0xC0, 0x2A,
    0xAA, 0x80, 0xBF, 0xFF, 0xC0, 0x3F, 0xFF, 0xC0, 0x00, 0x00, 0x00, 0x00, 0x00, 0x00, 0x00, 0x00,
    0x00, 0x15, 0x55, 0x40, 0xFF, 0xFF, 0xF0, 0x2B, 0xFE, 0x80, 0x03, 0xFC, 0x00, 0x03, 0xFC, 0x00,
    0x03, 0xFC, 0x00, 0x03, 0xFC, 0x00, 0x03, 0xFC, 0x00, 0x03, 0xFC, 0x00, 0x03, 0xFC, 0x00, 0x03,
    0xFC, 0x00, 0x03, 0xFC, 0x00, 0x03, 0xFC, 0x00, 0x03, 0xFC, 0x00, 0x03, 0xFC, 0x00, 0x03, 0xFC,
    0x00, 0x03, 0xFC, 0x00, 0x03, 0xFC, 0x00, 0x03, 0xFC, 0x00, 0x03, 0xFC, 0x00, 0x03, 0xFC, 0x00,
    0x03, 0xFC, 0x00, 0x03, 0xFC, 0x00, 0xFF, 0xFF, 0xE0, 0xFF, 0xFF, 0xE0, 0xAA, 0xAA, 0x80, 0xFF,
    0xFF, 0xC0, 0xFF, 0xFF, 0x80, 0x00, 0x00, 0x00, 0x00, 0x00, 0x00, 0x00, 0x00, 0x00, 0x06, 0xF0,
    0x00, 0xBF, 0xF0, 0x00, 0xBF, 0xF0, 0x00, 0x03, 0xF0, 0x00, 0x03, 0xF0, 0x00, 0x03, 0xF0, 0x00,
    0x03, 0xF0, 0x00, 0x03, 0xF0, 0x00, 0x03, 0xF0, 0x00, 0x03, 0xF0, 0x00, 0x03, 0xF0, 0x00, 0x03,
    0xF0, 0x00, 0x03, 0xF0, 0x00, 0x03, 0xF0, 0x00, 0x03, 0xF0, 0x00, 0x07, 0xF0, 0x00, 0xAF, 0xFE,
    0x80, 0xFF, 0xFF, 0x80, 0x15, 0x55, 0x40, 0xFF, 0xFF, 0xF0, 0x2B, 0xFE, 0x80, 0x03, 0xFC, 0x00,
    0x03, 0xFC, 0x00, 0x03, 0xFC, 0x00, 0x03, 0xFC, 0x00, 0x03, 0xFC, 0x00, 0x03, 0xFC, 0x00, 0x03,
    0xFC, 0x00, 0x03, 0xFC, 0x00, 0x03, 0xFC, 0x00, 0x03, 0xFC, 0x00, 0x03, 0xFC, 0x00, 0x03, 0xFC,
    0x00, 0x03, 0xFC, 0x00, 0x03, 0xFC, 0x00, 0x03, 0xFC, 0x00, 0x03, 0xFC, 0x00, 0x03, 0xFC, 0x00,
    0x03, 0xFC, 0x00, 0x03, 0xFC, 0x00, 0x03, 0xFC, 0x00, 0xFF, 0xFF, 0xE0, 0xFF, 0xFF, 0xE0, 0x02,
    0xE0, 0x00, 0x0B, 0x80, 0x00, 0x0F, 0x00, 0x00, 0x0F, 0x00, 0x00, 0x0F, 0xC2, 0x00, 0x0F, 0xFF,
    0x40, 0x02, 0xB8, 0x00, 0x01, 0xA0, 0x00, 0x07, 0xF8, 0x00, 0x0B, 0xFC, 0x00, 0x0B, 0xF8, 0x00,
    0x02, 0xE0, 0x00, 0x00, 0x00, 0x00, 0x00, 0x00, 0x00, 0x00, 0x00, 0x00, 0x06, 0xF0, 0x00, 0xBF,
    0xF0, 0x00, 0xBF, 0xF0, 0x00, 0x03, 0xF0, 0x00, 0x03, 0xF0, 0x00, 0x03, 0xF0, 0x00, 0x03, 0xF0,
    0x00, 0x03, 0xF0, 0x00, 0x03, 0xF0, 0x00, 0x03, 0xF0, 0x00, 0x03, 0xF0, 0x00, 0x03, 0xF0, 0x00,
    0x03, 0xF0, 0x00, 0x03, 0xF0, 0x00, 0x03, 0xF0, 0x00, 0x07, 0xF0, 0x00, 0xAF, 0xFE, 0x80, 0xFF,
    0xFF, 0x80, 0x03, 0xC0, 0x00, 0x0F, 0x00, 0x00, 0x2E, 0x00, 0x00, 0x3E, 0x00, 0x00, 0x2F, 0x88,
    0x00, 0x1F, 0xFF, 0x00, 0x02, 0xE8, 0x00, 0x00, 0x00, 0x00, 0x06, 0xF0, 0x00, 0xBF, 0xF0, 0x00,
    0xBF, 0xF0, 0x00, 0x03, 0xF0, 0x00, 0x03, 0xF0, 0x00, 0x03, 0xF0, 0x00, 0x03, 0xF0, 0x00, 0x03,
    0xF0, 0x00, 0x03, 0xF0, 0x00, 0x03, 0xF0, 0x00, 0x03, 0xF0, 0x00, 0x03, 0xF0, 0x00, 0x03, 0xF0,
    0x00, 0x03, 0xF0, 0x00, 0x03, 0xF0, 0x00, 0x07, 0xF0, 0x00, 0xAF, 0xFE, 0x80, 0xFF, 0xFF, 0x80,
    0x55, 0x55, 0x40, 0x05, 0x55, 0x40, 0xFF, 0xFF, 0xD0, 0x2F, 0xFF, 0xC0, 0x2F, 0xFE, 0x40, 0x0B,
    0xFE, 0x40, 0x03, 0xF8, 0x00, 0x03, 0xF0, 0x00, 0x03, 0xF8, 0x00, 0x0F, 0xC0, 0x00, 0x03, 0xF8,
    0x00, 0x2F, 0x00, 0x00, 0x03, 0xF8, 0x00, 0x7E, 0x00, 0x00, 0x03, 0xF8, 0x00, 0xF8, 0x00, 0x00,
    0x03, 0xF8, 0x03, 0xF0, 0x00, 0x00, 0x03, 0xF8, 0x0F, 0xC0, 0x00, 0x00, 0x03, 0xF8, 0x2F, 0x00,
    0x00, 0x00, 0x03, 0xF8, 0xBE, 0x00, 0x00, 0x00, 0x03, 0xFA, 0xFF, 0x00, 0x00, 0x00, 0x03, 0xFF,
    0xFF, 0xC0, 0x00, 0x00, 0x03, 0xF8, 0x3F, 0xE0, 0x00, 0x00, 0x03, 0xF8, 0x0F, 0xF0, 0x00, 0x00,
    0x03, 0xF8, 0x0B, 0xFC, 0x00, 0x00, 0x03, 0xF8, 0x03, 0xFE, 0x00, 0x00, 0x03, 0xF8, 0x00, 0xFF,
    0x40, 0x00, 0x03, 0xF8, 0x00, 0xBF, 0xC0, 0x00, 0x03, 0xF8, 0x00, 0x3F, 0xE0, 0x00, 0x03, 0xF8,
    0x00, 0x0F, 0xF4, 0x00, 0x07, 0xF8, 0x00, 0x07, 0xFC, 0x00, 0xFF, 0xFF, 0xC0, 0x02, 0xFF, 0xF0,
    0xFF, 0xFF, 0xD0, 0x01, 0xFF, 0xF0, 0x00, 0x00, 0x00, 0x00, 0x00, 0x00, 0x00, 0x00, 0x00, 0x00,
    0x00, 0x00, 0x00, 0x00, 0x2F, 0x40, 0x00, 0x00, 0x00, 0x00, 0x3F, 0xC0, 0x00, 0x00, 0x00, 0x00,
    0x3F, 0xC0, 0x00, 0x00, 0x00, 0x00, 0x03, 0xC0, 0x00, 0x00, 0x00, 0x00, 0x03, 0xC0, 0x00, 0x00,
    0x00, 0x00, 0x0B, 0x80, 0x00, 0x00, 0x00, 0x00, 0x3E, 0x00, 0x00, 0x00, 0x00, 0x00, 0x10, 0x00,
    0x00, 0x00, 0x00, 0xA8, 0x00, 0x00, 0x00, 0x2F, 0xF8, 0x00, 0x00, 0x00, 0xBF, 0xF8, 0x00, 0x00,
    0x00, 0x03, 0xF8, 0x00, 0x00, 0x00, 0x03, 0xF8, 0x00, 0x00, 0x00, 0x03, 0xF8, 0x00, 0x00, 0x00,
    0x03, 0xF8, 0x00, 0x00, 0x00, 0x03, 0xF8, 0x00, 0x00, 0x00, 0x03, 0xF8, 0x00, 0x00, 0x00, 0x03,
    0xF8, 0x02, 0xAA, 0xA0, 0x03, 0xF8, 0x03, 0xFF, 0xF0, 0x03, 0xF8, 0x00, 0xBE, 0x00, 0x03, 0xF8,
    0x00, 0xF8, 0x00, 0x03, 0xF8, 0x03, 0xE0, 0x00, 0x03, 0xF8, 0x0F, 0x80, 0x00, 0x03, 0xF8, 0x3E,
    0x00, 0x00, 0x03, 0xF8, 0xFC, 0x00, 0x00, 0x03, 0xFF, 0xFF, 0x00, 0x00, 0x03, 0xFE, 0xFF, 0x80,
    0x00, 0x03, 0xF8, 0x3F, 0xC0, 0x00, 0x03, 0xF8, 0x0F, 0xF0, 0x00, 0x03, 0xF8, 0x0B, 0xF8, 0x00,
    0x03, 0xF8, 0x03, 0xFC, 0x00, 0x03, 0xF8, 0x00, 0xFF, 0x00, 0x03, 0xF8, 0x00, 0xBF, 0x80, 0x2F,
    0xFF, 0x80, 0x3F, 0xF8, 0x3F, 0xFF, 0xC0, 0x3F, 0xFC, 0x00, 0x00, 0x00, 0x00, 0x00, 0x00, 0x00,
    0x00, 0x00, 0x00, 0x00, 0x00, 0xFC, 0x00, 0x00, 0x00, 0x02, 0xFF, 0x00, 0x00, 0x00, 0x02, 0xFF,
    0x00, 0x00, 0x00, 0x00, 0x0F, 0x00, 0x00, 0x00, 0x00, 0x0F, 0x00, 0x00, 0x00, 0x00, 0x3C, 0x00,
    0x00, 0x00, 0x02, 0xF0, 0x00, 0x00, 0x00, 0x00, 0x00, 0x00, 0x00, 0x15, 0x55, 0x50, 0x00, 0x00,
    0x3F, 0xFF, 0xF0, 0x00, 0x00, 0x1B, 0xFF, 0x90, 0x00, 0x00, 0x00, 0xFE, 0x00, 0x00, 0x00, 0x00,
    0xFE, 0x00, 0x00, 0x00, 0x00, 0xFE, 0x00, 0x00, 0x00, 0x00, 0xFE, 0x00, 0x00, 0x00, 0x00, 0xFE,
    0x00, 0x00, 0x00, 0x00, 0xFE, 0x00, 0x00, 0x00, 0x00, 0xFE, 0x00, 0x00, 0x00, 0x00, 0xFE, 0x00,
    0x00, 0x00, 0x00, 0xFE, 0x00, 0x00, 0x00, 0x00, 0xFE, 0x00, 0x00, 0x00, 0x00, 0xFE, 0x00, 0x00,
    0x00, 0x00, 0xFE, 0x00, 0x00, 0x00, 0x00, 0xFE, 0x00, 0x00, 0x00, 0x00, 0xFE, 0x00, 0x00, 0x00,
    0x00, 0xFE, 0x00, 0x00, 0x00, 0x00, 0xFE, 0x00, 0x00, 0xF8, 0x00, 0xFE, 0x00, 0x00, 0xF8, 0x00,
    0xFE, 0x00, 0x00, 0xF8, 0x00, 0xFE, 0x00, 0x00, 0xF8, 0x01, 0xFE, 0x00, 0x02, 0xF8, 0x3F, 0xFF,
    0xFF, 0xFF, 0xF8, 0x3F, 0xFF, 0xFF, 0xFF, 0xF8, 0x00, 0x00, 0x00, 0x00, 0x00, 0x00, 0x00, 0x00,
    0x00, 0x00, 0x00, 0x00, 0xFC, 0x00, 0x00, 0x00, 0x02, 0xFF, 0x00, 0x00, 0x00, 0x02, 0xFF, 0x00,
    0x00, 0x00, 0x00, 0x0F, 0x00, 0x00, 0x00, 0x00, 0x0F, 0x00, 0x00, 0x00, 0x00, 0x3C, 0x00, 0x00,
    0x00, 0x02, 0xF0, 0x00, 0x00, 0x00, 0x00, 0x00, 0x00, 0x00, 0x00, 0xA8, 0x00, 0x2F, 0xFC, 0x00,
    0x3F, 0xFC, 0x00, 0x02, 0xFC, 0x00, 0x01, 0xFC, 0x00, 0x01, 0xFC, 0x00, 0x01, 0xFC, 0x00, 0x01,
    0xFC, 0x00, 0x01, 0xFC, 0x00, 0x01, 0xFC, 0x00, 0x01, 0xFC, 0x00, 0x01, 0xFC, 0x00, 0x01, 0xFC,
    0x00, 0x01, 0xFC, 0x00, 0x01, 0xFC, 0x00, 0x01, 0xFC, 0x00, 0x01, 0xFC, 0x00, 0x01, 0xFC, 0x00,
    0x01, 0xFC, 0x00, 0x01, 0xFC, 0x00, 0x01, 0xFC, 0x00, 0x01, 0xFC, 0x00, 0x01, 0xFC, 0x00, 0x01,
    0xFC, 0x00, 0x02, 0xFC, 0x00, 0x2B, 0xFF, 0xA0, 0x3F, 0xFF, 0xF0, 0x00, 0x00, 0x00, 0x00, 0x00,
    0x00, 0x02, 0xF8, 0x00, 0x03, 0xFD, 0x00, 0x03, 0xFE, 0x00, 0x00, 0x2E, 0x00, 0x00, 0x2D, 0x00,
    0x00, 0x7C, 0x00, 0x03, 0xE0, 0x00, 0x02, 0x00, 0x00, 0x00, 0x00, 0x00, 0x2A, 0x00, 0x00, 0x00,
    0x00, 0x3F, 0x00, 0x15, 0x55, 0x50, 0x3F, 0x00, 0x3F, 0xFF, 0xF0, 0xBE, 0x00, 0x1B, 0xFF, 0x90,
    0xBC, 0x00, 0x00, 0xFE, 0x00, 0xBC, 0x00, 0x00, 0xFE, 0x00, 0xB8, 0x00, 0x00, 0xFE, 0x00, 0xB4,
    0x00, 0x00, 0xFE, 0x00, 0x00, 0x00, 0x00, 0xFE, 0x00, 0x00, 0x00, 0x00, 0xFE, 0x00, 0x00, 0x00,
    0x00, 0xFE, 0x00, 0x00, 0x00, 0x00, 0xFE, 0x00, 0x00, 0x00, 0x00, 0xFE, 0x00, 0x00, 0x00, 0x00,
    0xFE, 0x00, 0x00, 0x00, 0x00, 0xFE, 0x00, 0x00, 0x00, 0x00, 0xFE, 0x00, 0x00, 0x00, 0x00, 0xFE,
    0x00, 0x00, 0x00, 0x00, 0xFE, 0x00, 0x00, 0x00, 0x00, 0xFE, 0x00, 0x00, 0x00, 0x00, 0xFE, 0x00,
    0x00, 0xF8, 0x00, 0xFE, 0x00, 0x00, 0xF8, 0x00, 0xFE, 0x00, 0x00, 0xF8, 0x00, 0xFE, 0x00, 0x00,
    0xF8, 0x01, 0xFE, 0x00, 0x02, 0xF8, 0x3F, 0xFF, 0xFF, 0xFF, 0xF8, 0x3F, 0xFF, 0xFF, 0xFF, 0xF8,
    0x00, 0xA8, 0x2A, 0x00, 0x2F, 0xFC, 0x3F, 0x00, 0x3F, 0xFC, 0x3F, 0x00, 0x02, 0xFC, 0x3E, 0x00,
    0x01, 0xFC, 0x3D, 0x00, 0x01, 0xFC, 0x3C, 0x00, 0x01, 0xFC, 0x7C, 0x00, 0x01, 0xFC, 0xB8, 0x00,
    0x01, 0xFC, 0x00, 0x00, 0x01, 0xFC, 0x00, 0x00, 0x01, 0xFC, 0x00, 0x00, 0x01, 0xFC, 0x00, 0x00,
    0x01, 0xFC, 0x00, 0x00, 0x01, 0xFC, 0x00, 0x00, 0x01, 0xFC, 0x00, 0x00, 0x01, 0xFC, 0x00, 0x00,
    0x01, 0xFC, 0x00, 0x00, 0x01, 0xFC, 0x00, 0x00, 0x01, 0xFC, 0x00, 0x00, 0x01, 0xFC, 0x00, 0x00,
    0x01, 0xFC, 0x00, 0x00, 0x01, 0xFC, 0x00, 0x00, 0x01, 0xFC, 0x00, 0x00, 0x01, 0xFC, 0x00, 0x00,
    0x02, 0xFC, 0x00, 0x00, 0x2B, 0xFF, 0xA0, 0x00, 0x3F, 0xFF, 0xF0, 0x00, 0x15, 0x55, 0x50, 0x00,
    0x00, 0x3F, 0xFF, 0xF8, 0x00, 0x00, 0x1B, 0xFF, 0x90, 0x00, 0x00, 0x00, 0xFE, 0x00, 0x00, 0x00,
    0x00, 0xFE, 0x00, 0x00, 0x00, 0x00, 0xFE, 0x00, 0x00, 0x00, 0x00, 0xFE, 0x00, 0x00, 0x00, 0x00,
    0xFE, 0x00, 0x00, 0x00, 0x00, 0xFE, 0x2E, 0x00, 0x00, 0x00, 0xFE, 0xFE, 0x00, 0x00, 0x00, 0xFF,
    0xF0, 0x00, 0x00, 0x00, 0xFF, 0x80, 0x00, 0x00, 0x02, 0xFE, 0x00, 0x00, 0x00, 0x0F, 0xFE, 0x00,
    0x00, 0x00, 0x7F, 0xFE, 0x00, 0x00, 0x00, 0x78, 0xFE, 0x00, 0x00, 0x00, 0x00, 0xFE, 0x00, 0x00,
    0x00, 0x00, 0xFE, 0x00, 0x00, 0x00, 0x00, 0xFE, 0x00, 0x00, 0xB8, 0x00, 0xFE, 0x00, 0x00, 0xF8,
    0x00, 0xFE, 0x00, 0x00, 0xF8, 0x00, 0xFE, 0x00, 0x00, 0xF8, 0x01, 0xFE, 0x00, 0x02, 0xF8, 0x3F,
    0xFF, 0xFF, 0xFF, 0xF8, 0x3F, 0xFF, 0xFF, 0xFF, 0xF8, 0x00, 0x2A, 0x00, 0x00, 0x0B, 0xFF, 0x00,
    0x00, 0x0F, 0xFF, 0x00, 0x00, 0x00, 0xBF, 0x00, 0x00, 0x00, 0x7F, 0x00, 0x00, 0x00, 0x7F, 0x00,
    0x00, 0x00, 0x7F, 0x00, 0x00, 0x00, 0x7F, 0x00, 0x00, 0x00, 0x7F, 0x00, 0x00, 0x00, 0x7F, 0x00,
    0x00, 0x00, 0x7F, 0x2F, 0x00, 0x00, 0x7F, 0xFE, 0x00, 0x00, 0x7F, 0xF0, 0x00, 0x00, 0xBF, 0x80,
    0x00, 0x02, 0xFF, 0x00, 0x00, 0x0F, 0xFF, 0x00, 0x00, 0x3F, 0xBF, 0x00, 0x00, 0x38, 0x7F, 0x00,
    0x00, 0x00, 0x7F, 0x00, 0x00, 0x00, 0x7F, 0x00, 0x00, 0x00, 0x7F, 0x00, 0x00, 0x00, 0x7F, 0x00,
    0x00, 0x00, 0x7F, 0x00, 0x00, 0x00, 0x7F, 0x00, 0x00, 0x00, 0xBF, 0x00, 0x00, 0x0A, 0xFF, 0xE8,
    0x00, 0x0F, 0xFF, 0xF8, 0x00, 0x00, 0x00, 0x00, 0x02, 0x80, 0x00, 0x00, 0x00, 0x00, 0x00, 0x0B,
    0xF0, 0x00, 0x00, 0x00, 0x00, 0x00, 0x2F, 0xF0, 0x00, 0x00, 0x00, 0x00, 0x00, 0xBF, 0xE0, 0x00,
    0x00, 0x00, 0x00, 0x00, 0xFF, 0x00, 0x00, 0x00, 0x00, 0x00, 0x03, 0xF4, 0x00, 0x00, 0x00, 0x00,
    0x00, 0x0F, 0x80, 0x00, 0x00, 0x00, 0x00, 0x00, 0x00, 0x00, 0x00, 0x00, 0x00, 0x00, 0x00, 0x00,
    0x00, 0x00, 0x00, 0x00, 0x15, 0x55, 0x00, 0x00, 0x05, 0x55, 0x40, 0x3F, 0xFF, 0x00, 0x00, 0x3F,
    0xFF, 0xC0, 0x1B, 0xFF, 0xC0, 0x00, 0x06, 0xFE, 0x00, 0x00, 0xFF, 0xE0, 0x00, 0x00, 0xF0, 0x00,
    0x00, 0xFF, 0xF0, 0x00, 0x00, 0xF0, 0x00, 0x00, 0xFF, 0xFC, 0x00, 0x00, 0xF0, 0x00, 0x00, 0xF3,
    0xFE, 0x00, 0x00, 0xF0, 0x00, 0x00, 0xF0, 0xFF, 0x00, 0x00, 0xF0, 0x00, 0x00, 0xF0, 0xBF, 0xC0,
    0x00, 0xF0, 0x00, 0x00, 0xF0, 0x3F, 0xE0, 0x00, 0xF0, 0x00, 0x00, 0xF0, 0x0F, 0xF0, 0x00, 0xF0,
    0x00, 0x00, 0xF0, 0x0B, 0xFC, 0x00, 0xF0, 0x00, 0x00, 0xF0, 0x03, 0xFD, 0x00, 0xF0, 0x00, 0x00,
    0xF0, 0x01, 0xFF, 0x00, 0xF0, 0x00, 0x00, 0xF0, 0x00, 0xBF, 0x80, 0xF0, 0x00, 0x00, 0xF0, 0x00,
    0x3F, 0xD0, 0xF0, 0x00, 0x00, 0xF0, 0x00, 0x1F, 0xF0, 0xF0, 0x00, 0x00, 0xF0, 0x00, 0x0B, 0xF8,
    0xF0, 0x00, 0x00, 0xF0, 0x00, 0x03, 0xFE, 0xF0, 0x00, 0x00, 0xF0, 0x00, 0x01, 0xFF, 0xF0, 0x00,
    0x00, 0xF0, 0x00, 0x00, 0xBF, 0xF0, 0x00, 0x00, 0xF0, 0x00, 0x00, 0x3F, 0xF0, 0x00, 0x02, 0xF0,
    0x00, 0x00, 0x1F, 0xF0, 0x00, 0x3F, 0xFF, 0x80, 0x00, 0x0B, 0xF0, 0x00, 0x3F, 0xFF, 0xC0, 0x00,
    0x03, 0xF0, 0x00, 0x00, 0x00, 0x00, 0x28, 0x00, 0x00, 0x00, 0x01, 0xFC, 0x00, 0x00, 0x00, 0x03,
    0xFD, 0x00, 0x00, 0x00, 0x0F, 0xF8, 0x00, 0x00, 0x00, 0x3F, 0xD0, 0x00, 0x00, 0x00, 0xFE, 0x00,
    0x00, 0x00, 0x02, 0xF0, 0x00, 0x00, 0x00, 0x00, 0x00, 0x00, 0x00, 0x00, 0x00, 0x00, 0x00, 0x00,
    0x00, 0xA4, 0x0B, 0xF8, 0x00, 0x2F, 0xF8, 0xFF, 0xFF, 0x00, 0x3F, 0xFF, 0xFF, 0xFF, 0xC0, 0x03,
    0xFE, 0x00, 0x3F, 0xC0, 0x03, 0xF8, 0x00, 0x2F, 0xC0, 0x03, 0xF8, 0x00, 0x0F, 0xD0, 0x03, 0xF8,
    0x00, 0x0F, 0xE0, 0x03, 0xF8, 0x00, 0x0F, 0xE0, 0x03, 0xF8, 0x00, 0x0F, 0xE0, 0x03, 0xF8, 0x00,
    0x0F, 0xE0, 0x03, 0xF8, 0x00, 0x0F, 0xE0, 0x03, 0xF8, 0x00, 0x0F, 0xE0, 0x03, 0xF8, 0x00, 0x0F,
    0xE0, 0x03, 0xF8, 0x00, 0x0F, 0xE0, 0x03, 0xF8, 0x00, 0x0F, 0xE0, 0x03, 0xF8, 0x00, 0x0F, 0xE0,
    0x2F, 0xFF, 0x80, 0xBF, 0xFA, 0x3F, 0xFF, 0xC0, 0xFF, 0xFE, 0x15, 0x55, 0x00, 0x00, 0x05, 0x55,
    0x40, 0x3F, 0xFF, 0x00, 0x00, 0x3F, 0xFF, 0xC0, 0x1B, 0xFF, 0xC0, 0x00, 0x06, 0xFE, 0x00, 0x00,
    0xFF, 0xE0, 0x00, 0x00, 0xF0, 0x00, 0x00, 0xFF, 0xF0, 0x00, 0x00, 0xF0, 0x00, 0x00, 0xFF, 0xFC,
    0x00, 0x00, 0xF0, 0x00, 0x00, 0xF3, 0xFE, 0x00, 0x00, 0xF0, 0x00, 0x00, 0xF0, 0xFF, 0x00, 0x00,
    0xF0, 0x00, 0x00, 0xF0, 0xBF, 0xC0, 0x00, 0xF0, 0x00, 0x00, 0xF0, 0x3F, 0xE0, 0x00, 0xF0, 0x00,
    0x00, 0xF0, 0x0F, 0xF0, 0x00, 0xF0, 0x00, 0x00, 0xF0, 0x0B, 0xFC, 0x00, 0xF0, 0x00, 0x00, 0xF0,
    0x03, 0xFD, 0x00, 0xF0, 0x00, 0x00, 0xF0, 0x01, 0xFF, 0x00, 0xF0, 0x00, 0x00, 0xF0, 0x00, 0xBF,
    0x80, 0xF0, 0x00, 0x00, 0xF0, 0x00, 0x3F, 0xD0, 0xF0, 0x00, 0x00, 0xF0, 0x00, 0x1F, 0xF0, 0xF0,
    0x00, 0x00, 0xF0, 0x00, 0x0B, 0xF8, 0xF0, 0x00, 0x00, 0xF0, 0x00, 0x03, 0xFE, 0xF0, 0x00, 0x00,
    0xF0, 0x00, 0x01, 0xFF, 0xF0, 0x00, 0x00, 0xF0, 0x00, 0x00, 0xBF, 0xF0, 0x00, 0x00, 0xF0, 0x00,
    0x00, 0x3F, 0xF0, 0x00, 0x02, 0xF0, 0x00, 0x00, 0x1F, 0xF0, 0x00, 0x3F, 0xFF, 0x80, 0x00, 0x0B,
    0xF0, 0x00, 0x3F, 0xFF, 0xC0, 0x00, 0x03, 0xF0, 0x00, 0x00, 0x00, 0x00, 0x00, 0x00, 0x00, 0x00,
    0x00, 0x00, 0x00, 0x00, 0x00, 0x00, 0x00, 0x00, 0x00, 0x03, 0xF0, 0x00, 0x00, 0x00, 0x00, 0x00,
    0x07, 0xFC, 0x00, 0x00, 0x00, 0x00, 0x00, 0x03, 0xFC, 0x00, 0x00, 0x00, 0x00, 0x00, 0x00, 0x3C,
    0x00, 0x00, 0x00, 0x00, 0x00, 0x00, 0x3C, 0x00, 0x00, 0x00, 0x00, 0x00, 0x00, 0xB4, 0x00, 0x00,
    0x00, 0x00, 0x00, 0x03, 0xD0, 0x00, 0x00, 0x00, 0x00, 0x00, 0x01, 0x00, 0x00, 0x00, 0x00, 0x00,
    0x00, 0x00, 0x00, 0x00, 0x00, 0xA4, 0x0B, 0xF8, 0x00, 0x2F, 0xF8, 0xFF, 0xFF, 0x00, 0x3F, 0xFF,
    0xFF, 0xFF, 0xC0, 0x03, 0xFE, 0x00, 0x3F, 0xC0, 0x03, 0xF8, 0x00, 0x2F, 0xC0, 0x03, 0xF8, 0x00,
    0x0F, 0xD0, 0x03, 0xF8, 0x00, 0x0F, 0xE0, 0x03, 0xF8, 0x00, 0x0F, 0xE0, 0x03, 0xF8, 0x00, 0x0F,
    0xE0, 0x03, 0xF8, 0x00, 0x0F, 0xE0, 0x03, 0xF8, 0x00, 0x0F, 0xE0, 0x03, 0xF8, 0x00, 0x0F, 0xE0,
    0x03, 0xF8, 0x00, 0x0F, 0xE0, 0x03, 0xF8, 0x00, 0x0F, 0xE0, 0x03, 0xF8, 0x00, 0x0F, 0xE0, 0x03,
    0xF8, 0x00, 0x0F, 0xE0, 0x2F, 0xFF, 0x80, 0xBF, 0xFA, 0x3F, 0xFF, 0xC0, 0xFF, 0xFE, 0x00, 0x00,
    0x00, 0x00, 0x00, 0x00, 0x00, 0x00, 0x00, 0x00, 0x00, 0x00, 0xBE, 0x00, 0x00, 0x00, 0x00, 0xFF,
    0x00, 0x00, 0x00, 0x00, 0xFF, 0x80, 0x00, 0x00, 0x00, 0x0B, 0x80, 0x00, 0x00, 0x00, 0x0F, 0x00,
    0x00, 0x00, 0x00, 0x2E, 0x00, 0x00, 0x00, 0x00, 0xF8, 0x00, 0x00, 0x00, 0x00, 0x80, 0x00, 0x00,
    0x00, 0x00, 0x00, 0x00, 0x00, 0x00, 0x00, 0x00, 0x02, 0xF0, 0x00, 0xF8, 0x00, 0x00, 0x00, 0x00,
    0xFC, 0x03, 0xF0, 0x00, 0x00, 0x00, 0x00, 0x3F, 0x0F, 0xC0, 0x00, 0x00, 0x00, 0x00, 0x2F, 0xFF,
    0x00, 0x00, 0x00, 0x00, 0x00, 0x0B, 0xFE, 0x00, 0x00, 0x00, 0x00, 0x00, 0x03, 0xFC, 0x00, 0x00,
    0x00, 0x00, 0x00, 0x00, 0x00, 0x00, 0x00, 0x00, 0x00, 0x00, 0x00, 0x00, 0x00, 0x00, 0x00, 0x15,
    0x55, 0x00, 0x00, 0x05, 0x55, 0x40, 0x3F, 0xFF, 0x00, 0x00, 0x3F, 0xFF, 0xC0, 0x1B, 0xFF, 0xC0,
    0x00, 0x06, 0xFE, 0x00, 0x00, 0xFF, 0xE0, 0x00, 0x00, 0xF0, 0x00, 0x00, 0xFF, 0xF0, 0x00, 0x00,
    0xF0, 0x00, 0x00, 0xFF, 0xFC, 0x00, 0x00, 0xF0, 0x00, 0x00, 0xF3, 0xFE, 0x00, 0x00, 0xF0, 0x00,
    0x00, 0xF0, 0xFF, 0x00, 0x00, 0xF0, 0x00, 0x00, 0xF0, 0xBF, 0xC0, 0x00, 0xF0, 0x00, 0x00, 0xF0,
    0x3F, 0xE0, 0x00, 0xF0, 0x00, 0x00, 0xF0, 0x0F, 0xF0, 0x00, 0xF0, 0x00, 0x00, 0xF0, 0x0B, 0xFC,
    0x00, 0xF0, 0x00, 0x00, 0xF0, 0x03, 0xFD, 0x00, 0xF0, 0x00, 0x00, 0xF0, 0x01, 0xFF, 0x00, 0xF0,
    0x00, 0x00, 0xF0, 0x00, 0xBF, 0x80, 0xF0, 0x00, 0x00, 0xF0, 0x00, 0x3F, 0xD0, 0xF0, 0x00, 0x00,
    0xF0, 0x00, 0x1F, 0xF0, 0xF0, 0x00, 0x00, 0xF0, 0x00, 0x0B, 0xF8, 0xF0, 0x00, 0x00, 0xF0, 0x00,
    0x03, 0xFE, 0xF0, 0x00, 0x00, 0xF0, 0x00, 0x01, 0xFF, 0xF0, 0x00, 0x00, 0xF0, 0x00, 0x00, 0xBF,
    0xF0, 0x00, 0x00, 0xF0, 0x00, 0x00, 0x3F, 0xF0, 0x00, 0x02, 0xF0, 0x00, 0x00, 0x1F, 0xF0, 0x00,
    0x3F, 0xFF, 0x80, 0x00, 0x0B, 0xF0, 0x00, 0x3F, 0xFF, 0xC0, 0x00, 0x03, 0xF0, 0x00, 0x00, 0x00,
    0x00, 0x00, 0x00, 0x00, 0xBC, 0x00, 0x3F, 0x00, 0x00, 0x2F, 0x00, 0xFC, 0x00, 0x00, 0x0F, 0xD3,
    0xF0, 0x00, 0x00, 0x03, 0xFF, 0xE0, 0x00, 0x00, 0x02, 0xFF, 0xC0, 0x00, 0x00, 0x00, 0xBF, 0x00,
    0x00, 0x00, 0x00, 0x00, 0x00, 0x00, 0x00, 0x00, 0x00, 0x00, 0x00, 0x00, 0xA4, 0x0B, 0xF8, 0x00,
    0x2F, 0xF8, 0xFF, 0xFF, 0x00, 0x3F, 0xFF, 0xFF, 0xFF, 0xC0, 0x03, 0xFE, 0x00, 0x3F, 0xC0, 0x03,
    0xF8, 0x00, 0x2F, 0xC0, 0x03, 0xF8, 0x00, 0x0F, 0xD0, 0x03, 0xF8, 0x00, 0x0F, 0xE0, 0x03, 0xF8,
    0x00, 0x0F, 0xE0, 0x03, 0xF8, 0x00, 0x0F, 0xE0, 0x03, 0xF8, 0x00, 0x0F, 0xE0, 0x03, 0xF8, 0x00,
    0x0F, 0xE0, 0x03, 0xF8, 0x00, 0x0F, 0xE0, 0x03, 0xF8, 0x00, 0x0F, 0xE0, 0x03, 0xF8, 0x00, 0x0F,
    0xE0, 0x03, 0xF8, 0x00, 0x0F, 0xE0, 0x03, 0xF8, 0x00, 0x0F, 0xE0, 0x2F, 0xFF, 0x80, 0xBF, 0xFA,
    0x3F, 0xFF, 0xC0, 0xFF, 0xFE, 0x00, 0x00, 0x01, 0x90, 0x06, 0x80, 0x00, 0x00, 0x00, 0x0B, 0xF0,
    0x2F, 0xC0, 0x00, 0x00, 0x00, 0x2F, 0xF0, 0xBF, 0xC0, 0x00, 0x00, 0x00, 0x3F, 0xE0, 0xFF, 0x80,
    0x00, 0x00, 0x00, 0xFF, 0x03, 0xFC, 0x00, 0x00, 0x00, 0x03, 0xF8, 0x0F, 0xE0, 0x00, 0x00, 0x00,
    0x0F, 0xC0, 0x3F, 0x00, 0x00, 0x00, 0x00, 0x00, 0x00, 0x00, 0x00, 0x00, 0x00, 0x00, 0x00, 0x00,
    0x00, 0x00, 0x00, 0x00, 0x00, 0x00, 0x6F, 0xFA, 0x00, 0x00, 0x00, 0x00, 0x0B, 0xFF, 0xFF, 0xF0,
    0x00, 0x00, 0x00, 0x3F, 0xF9, 0x2B, 0xFE, 0x00, 0x00, 0x00, 0xFF, 0x40, 0x00, 0xFF, 0x80, 0x00,
    0x03, 0xFC, 0x00, 0x00, 0x3F, 0xC0, 0x00, 0x0F, 0xF8, 0x00, 0x00, 0x0F, 0xF0, 0x00, 0x0F, 0xF0,
    0x00, 0x00, 0x0B, 0xF8, 0x00, 0x3F, 0xE0, 0x00, 0x00, 0x03, 0xFC, 0x00, 0x3F, 0xC0, 0x00, 0x00,
    0x03, 0xFC, 0x00, 0x3F, 0xC0, 0x00, 0x00, 0x02, 0xFE, 0x00, 0xBF, 0xC0, 0x00, 0x00, 0x02, 0xFF,
    0x00, 0xBF, 0x80, 0x00, 0x00, 0x02, 0xFF, 0x00, 0xBF, 0x80, 0x00, 0x00, 0x01, 0xFF, 0x00, 0xBF,
    0x80, 0x00, 0x00, 0x01, 0xFF, 0x00, 0xBF, 0x80, 0x00, 0x00, 0x02, 0xFF, 0x00, 0x7F, 0xC0, 0x00,
    0x00, 0x02, 0xFE, 0x00, 0x3F, 0xC0, 0x00, 0x00, 0x03, 0xFE, 0x00, 0x3F, 0xC0, 0x00, 0x00, 0x03,
    0xFC, 0x00, 0x2F, 0xE0, 0x00, 0x00, 0x0B, 0xFC, 0x00, 0x0F, 0xF0, 0x00, 0x00, 0x0F, 0xF0, 0x00,
    0x07, 0xFC, 0x00, 0x00, 0x2F, 0xE0, 0x00, 0x02, 0xFE, 0x00, 0x00, 0x7F, 0xC0, 0x00, 0x00, 0xBF,
    0xC0, 0x02, 0xFF, 0x00, 0x00, 0x00, 0x2F, 0xFE, 0xBF, 0xF8, 0x00, 0x00, 0x00, 0x02, 0xFF, 0xFF,
    0x80, 0x00, 0x00, 0x00, 0x00, 0x06, 0x90, 0x00, 0x00, 0x00, 0x00, 0x00, 0xA0, 0x02, 0x80, 0x00,
    0x03, 0xFC, 0x0F, 0xF0, 0x00, 0x0F, 0xFC, 0x3F, 0xF0, 0x00, 0x2F, 0xF0, 0xBF, 0xC0, 0x00, 0xBF,
    0x82, 0xFE, 0x00, 0x01, 0xFC, 0x07, 0xF0, 0x00, 0x03, 0xE0, 0x0F, 0x80, 0x00, 0x00, 0x00, 0x00,
    0x00, 0x00, 0x00, 0x00, 0x00, 0x00, 0x00, 0x00, 0x1B, 0xFE, 0x00, 0x00, 0x00, 0xFF, 0xFF, 0xF0,
    0x00, 0x07, 0xF8, 0x03, 0xFC, 0x00, 0x0F, 0xE0, 0x00, 0xFF, 0x00, 0x3F, 0xC0, 0x00, 0xBF, 0x40,
    0x3F, 0x80, 0x00, 0x3F, 0xC0, 0xBF, 0x40, 0x00, 0x3F, 0xC0, 0xBF, 0x00, 0x00, 0x2F, 0xC0, 0xFF,
    0x00, 0x00, 0x2F, 0xD0, 0xFF, 0x00, 0x00, 0x2F, 0xD0, 0xBF, 0x00, 0x00, 0x2F, 0xC0, 0xBF, 0x00,
    0x00, 0x2F, 0xC0, 0x3F, 0x80, 0x00, 0x3F, 0xC0, 0x3F, 0xC0, 0x00, 0x3F, 0x80, 0x2F, 0xE0, 0x00,
    0xFF, 0x00, 0x0F, 0xF0, 0x02, 0xFC, 0x00, 0x02, 0xFE, 0xAF, 0xF0, 0x00, 0x00, 0x3F, 0xFF, 0x80,
    0x00, 0x00, 0x00, 0x00, 0x00, 0x00, 0x00, 0x00, 0x00, 0x00, 0x00, 0x00, 0x00, 0x00, 0x00, 0x00,
    0x02, 0xBF, 0xE4, 0x05, 0x55, 0x55, 0x55, 0x00, 0x00, 0x2F, 0xFF, 0xFF, 0x8F, 0xFF, 0xFF, 0xFF,
    0x80, 0x00, 0xFF, 0xE0, 0xBF, 0xFF, 0xFA, 0xAA, 0xAF, 0x80, 0x03, 0xFD, 0x00, 0x0B, 0xFF, 0xE0,
    0x00, 0x0F, 0x80, 0x0B, 0xF8, 0x00, 0x02, 0xFF, 0xE0, 0x00, 0x0F, 0x80, 0x0F, 0xF0, 0x00, 0x00,
    0xFF, 0xE0, 0x00, 0x0B, 0x80, 0x2F, 0xE0, 0x00, 0x00, 0xBF, 0xE0, 0x00, 0x00, 0x00, 0x3F, 0xC0,
    0x00, 0x00, 0x7F, 0xE0, 0x00, 0x00, 0x00, 0x3F, 0xC0, 0x00, 0x00, 0x3F, 0xE0, 0x00, 0xE0, 0x00,
    0x7F, 0xC0, 0x00, 0x00, 0x3F, 0xE0, 0x01, 0xF0, 0x00, 0xBF, 0xC0, 0x00, 0x00, 0x3F, 0xE0, 0x02,
    0xF0, 0x00, 0xBF, 0x80, 0x00, 0x00, 0x3F, 0xFA, 0xAB, 0xF0, 0x00, 0xBF, 0x80, 0x00, 0x00, 0x3F,
    0xFF, 0xFF, 0xF0, 0x00, 0xBF, 0x80, 0x00, 0x00, 0x3F, 0xE0, 0x03, 0xF0, 0x00, 0xBF, 0x80, 0x00,
    0x00, 0x3F, 0xE0, 0x02, 0xF0, 0x00, 0xBF, 0xC0, 0x00, 0x00, 0x3F, 0xE0, 0x00, 0xF0, 0x00, 0x3F,
    0xC0, 0x00, 0x00, 0x3F, 0xE0, 0x00, 0x40, 0x00, 0x3F, 0xC0, 0x00, 0x00, 0x3F, 0xE0, 0x00, 0x00,
    0x00, 0x3F, 0xC0, 0x00, 0x00, 0xBF, 0xE0, 0x00, 0x00, 0x00, 0x1F, 0xE0, 0x00, 0x00, 0xFF, 0xE0,
    0x00, 0x00, 0xF0, 0x0F, 0xF0, 0x00, 0x00, 0xFF, 0xE0, 0x00, 0x02, 0xF0, 0x03, 0xFC, 0x00, 0x03,
    0xFF, 0xE0, 0x00, 0x02, 0xF0, 0x02, 0xFF, 0x00, 0x0F, 0xFF, 0xE0, 0x00, 0x03, 0xF0, 0x00, 0x7F,
    0xFA, 0xFF, 0xEF, 0xFF, 0xFF, 0xFF, 0xF0, 0x00, 0x0B, 0xFF, 0xFE, 0x0F, 0xFF, 0xFF, 0xFF, 0xF0,
    0x00, 0x00, 0x2A, 0x40, 0x00, 0x00, 0x00, 0x00, 0x00, 0x00, 0x00, 0x00, 0x00, 0x00, 0x00, 0x00,
    0x00, 0x2F, 0xFE, 0x00, 0x0B, 0xFE, 0x00, 0x01, 0xFF, 0xFF, 0xC0, 0x7F, 0xFF, 0xC0, 0x0B, 0xF8,
    0x0B, 0xF6, 0xFC, 0x0F, 0xF0, 0x0F, 0xE0, 0x02, 0xFF, 0xF0, 0x03, 0xF8, 0x3F, 0xC0, 0x00, 0xFF,
    0xC0, 0x02, 0xFC, 0x3F, 0x80, 0x00, 0xBF, 0xC0, 0x02, 0xFC, 0xBF, 0x00, 0x00, 0x7F, 0xC0, 0x02,
    0xFC, 0xBF, 0x00, 0x00, 0x3F, 0xFF, 0xFF, 0xFD, 0xFF, 0x00, 0x00, 0x3F, 0xEA, 0xAA, 0xA8, 0xFF,
    0x00, 0x00, 0x3F, 0x80, 0x00, 0x00, 0xBF, 0x00, 0x00, 0x3F, 0x80, 0x00, 0x00, 0xBF, 0x00, 0x00,
    0x3F, 0xC0, 0x00, 0x00, 0x3F, 0x80, 0x00, 0xBF, 0xD0, 0x00, 0x00, 0x3F, 0xC0, 0x00, 0xFF, 0xF0,
    0x00, 0x00, 0x2F, 0xD0, 0x00, 0xFF, 0xFC, 0x00, 0x0C, 0x0F, 0xF0, 0x03, 0xF3, 0xFF, 0x81, 0xBC,
    0x03, 0xFE, 0xAF, 0xC0, 0xFF, 0xFF, 0xF8, 0x00, 0x7F, 0xFE, 0x00, 0x1F, 0xFF, 0x80, 0x00, 0x00,
    0x00, 0x00, 0x00, 0x00, 0x00, 0x00, 0x00, 0x00, 0xA0, 0x00, 0x00, 0x00, 0x00, 0x03, 0xF8, 0x00,
    0x00, 0x00, 0x00, 0x0F, 0xFC, 0x00, 0x00, 0x00, 0x00, 0x2F, 0xF0, 0x00, 0x00, 0x00, 0x00, 0xBF,
    0x80, 0x00, 0x00, 0x00, 0x02, 0xFC, 0x00, 0x00, 0x00, 0x00, 0x03, 0xE0, 0x00, 0x00, 0x00, 0x00,
    0x00, 0x00, 0x00, 0x00, 0x00, 0x00, 0x00, 0x00, 0x00, 0x00, 0x00, 0x55, 0x55, 0x50, 0x00, 0x00,
    0x00, 0xFF, 0xFF, 0xFF, 0xF8, 0x00, 0x00, 0x2F, 0xFE, 0xAF, 0xFF, 0x80, 0x00, 0x03, 0xF8, 0x00,
    0xBF, 0xE0, 0x00, 0x03, 0xF8, 0x00, 0x2F, 0xF0, 0x00, 0x03, 0xF8, 0x00, 0x0F, 0xF0, 0x00, 0x03,
    0xF8, 0x00, 0x0F, 0xF4, 0x00, 0x03, 0xF8, 0x00, 0x0B, 0xF4, 0x00, 0x03, 0xF8, 0x00, 0x0F, 0xF0,
    0x00, 0x03, 0xF8, 0x00, 0x0F, 0xF0, 0x00, 0x03, 0xF8, 0x00, 0x2F, 0xD0, 0x00, 0x03, 0xF8, 0x00,
    0xFF, 0x80, 0x00, 0x03, 0xFE, 0xFF, 0xF8, 0x00, 0x00, 0x03, 0xFF, 0xFF, 0xE0, 0x00, 0x00, 0x03,
    0xF8, 0x0B, 0xFE, 0x00, 0x00, 0x03, 0xF8, 0x00, 0xFF, 0x00, 0x00, 0x03, 0xF8, 0x00, 0x3F, 0xC0,
    0x00, 0x03, 0xF8, 0x00, 0x3F, 0xC0, 0x00, 0x03, 0xF8, 0x00, 0x1F, 0xD0, 0x00, 0x03, 0xF8, 0x00,
    0x0F, 0xE0, 0x00, 0x03, 0xF8, 0x00, 0x0F, 0xF0, 0x00, 0x03, 0xF8, 0x00, 0x0B, 0xF8, 0x00, 0x0B,
    0xF8, 0x00, 0x03, 0xFE, 0x00, 0xFF, 0xFF, 0xC0, 0x02, 0xFF, 0xF0, 0xFF, 0xFF, 0xC0, 0x00, 0xBF,
    0xF8, 0x00, 0x00, 0x00, 0x00, 0x06, 0x80, 0x00, 0x00, 0x0A, 0x00, 0x00, 0x00, 0x3F, 0xC0, 0x00,
    0x00, 0xBF, 0xC0, 0x00, 0x02, 0xFF, 0x40, 0x00, 0x07, 0xF8, 0x00, 0x00, 0x0F, 0xD0, 0x00, 0x00,
    0x3E, 0x00, 0x00, 0x00, 0x00, 0x00, 0x00, 0x00, 0x00, 0x00, 0x00, 0x00, 0x68, 0x0F, 0xE0, 0x2F,
    0xFC, 0x3F, 0xF0, 0x3F, 0xFC, 0xFF, 0xF0, 0x02, 0xFF, 0xE6, 0xF0, 0x02, 0xFF, 0x00, 0x00, 0x02,
    0xFC, 0x00, 0x00, 0x02, 0xFC, 0x00, 0x00, 0x02, 0xFC, 0x00, 0x00, 0x02, 0xFC, 0x00, 0x00, 0x02,
    0xFC, 0x00, 0x00, 0x02, 0xFC, 0x00, 0x00, 0x02, 0xFC, 0x00, 0x00, 0x02, 0xFC, 0x00, 0x00, 0x02,
    0xFC, 0x00, 0x00, 0x02, 0xFC, 0x00, 0x00, 0x02, 0xFC, 0x00, 0x00, 0x2F, 0xFF, 0xA0, 0x00, 0x3F,
    0xFF, 0xF0, 0x00, 0x00, 0x00, 0x00, 0x00, 0x00, 0x00, 0x00, 0xF8, 0x00, 0xBC, 0x00, 0x00, 0x00,
    0x3E, 0x02, 0xF8, 0x00, 0x00, 0x00, 0x2F, 0xCB, 0xE0, 0x00, 0x00, 0x00, 0x0F, 0xFF, 0xC0, 0x00,
    0x00, 0x00, 0x03, 0xFF, 0x00, 0x00, 0x00, 0x00, 0x00, 0xFE, 0x00, 0x00, 0x00, 0x00, 0x00, 0x00,
    0x00, 0x00, 0x00, 0x00, 0x00, 0x00, 0x00, 0x00, 0x00, 0x55, 0x55, 0x50, 0x00, 0x00, 0x00, 0xFF,
    0xFF, 0xFF, 0xF8, 0x00, 0x00, 0x2F, 0xFE, 0xAF, 0xFF, 0x80, 0x00, 0x03, 0xF8, 0x00, 0xBF, 0xE0,
    0x00, 0x03, 0xF8, 0x00, 0x2F, 0xF0, 0x00, 0x03, 0xF8, 0x00, 0x0F, 0xF0, 0x00, 0x03, 0xF8, 0x00,
    0x0F, 0xF4, 0x00, 0x03, 0xF8, 0x00, 0x0B, 0xF4, 0x00, 0x03, 0xF8, 0x00, 0x0F, 0xF0, 0x00, 0x03,
    0xF8, 0x00, 0x0F, 0xF0, 0x00, 0x03, 0xF8, 0x00, 0x2F, 0xD0, 0x00, 0x03, 0xF8, 0x00, 0xFF, 0x80,
    0x00, 0x03, 0xFE, 0xFF, 0xF8, 0x00, 0x00, 0x03, 0xFF, 0xFF, 0xE0, 0x00, 0x00, 0x03, 0xF8, 0x0B,
    0xFE, 0x00, 0x00, 0x03, 0xF8, 0x00, 0xFF, 0x00, 0x00, 0x03, 0xF8, 0x00, 0x3F, 0xC0, 0x00, 0x03,
    0xF8, 0x00, 0x3F, 0xC0, 0x00, 0x03, 0xF8, 0x00, 0x1F, 0xD0, 0x00, 0x03, 0xF8, 0x00, 0x0F, 0xE0,
    0x00, 0x03, 0xF8, 0x00, 0x0F, 0xF0, 0x00, 0x03, 0xF8, 0x00, 0x0B, 0xF8, 0x00, 0x0B, 0xF8, 0x00,
    0x03, 0xFE, 0x00, 0xFF, 0xFF, 0xC0, 0x02, 0xFF, 0xF0, 0xFF, 0xFF, 0xC0, 0x00, 0xBF, 0xF8, 0x00,
    0x00, 0x00, 0x00, 0x06, 0x80, 0x00, 0x00, 0x00, 0x00, 0x0F, 0xC0, 0x03, 0xD0, 0x03, 0xF0, 0x0F,
    0x80, 0x00, 0xFC, 0x7F, 0x00, 0x00, 0xBF, 0xFC, 0x00, 0x00, 0x3F, 0xF8, 0x00, 0x00, 0x0F, 0xE0,
    0x00, 0x00, 0x00, 0x00, 0x00, 0x00, 0x00, 0x00, 0x00, 0x00, 0x68, 0x0F, 0xE0, 0x2F, 0xFC, 0x3F,
    0xF0, 0x3F, 0xFC, 0xFF, 0xF0, 0x02, 0xFF, 0xE6, 0xF0, 0x02, 0xFF, 0x00, 0x00, 0x02, 0xFC, 0x00,
    0x00, 0x02, 0xFC, 0x00, 0x00, 0x02, 0xFC, 0x00, 0x00, 0x02, 0xFC, 0x00, 0x00, 0x02, 0xFC, 0x00,
    0x00, 0x02, 0xFC, 0x00, 0x00, 0x02, 0xFC, 0x00, 0x00, 0x02, 0xFC, 0x00, 0x00, 0x02, 0xFC, 0x00,
    0x00, 0x02, 0xFC, 0x00, 0x00, 0x02, 0xFC, 0x00, 0x00, 0x2F, 0xFF, 0xA0, 0x00, 0x3F, 0xFF, 0xF0,
    0x00, 0x00, 0x00, 0x02, 0x80, 0x00, 0x00, 0x00, 0x0B, 0xF0, 0x00, 0x00, 0x00, 0x2F, 0xF0, 0x00,
    0x00, 0x00, 0xBF, 0xE0, 0x00, 0x00, 0x00, 0xFF, 0x00, 0x00, 0x00, 0x03, 0xF4, 0x00, 0x00, 0x00,
    0x0F, 0x80, 0x00, 0x00, 0x00, 0x00, 0x00, 0x00, 0x00, 0x00, 0x00, 0x00, 0x00, 0x00, 0x00, 0x0B,
    0xFF, 0x80, 0x00, 0x00, 0xFF, 0xFF, 0xFE, 0x00, 0x0B, 0xFE, 0x02, 0xFE, 0x00, 0x0F, 0xF0, 0x00,
    0x7E, 0x00, 0x3F, 0xC0, 0x00, 0x3E, 0x00, 0x3F, 0xC0, 0x00, 0x3E, 0x00, 0x3F, 0x80, 0x00, 0x3E,
    0x00, 0x3F, 0xC0, 0x00, 0x00, 0x00, 0x3F, 0xE0, 0x00, 0x00, 0x00, 0x3F, 0xF8, 0x00, 0x00, 0x00,
    0x0F, 0xFF, 0x80, 0x00, 0x00, 0x0B, 0xFF, 0xF8, 0x00, 0x00, 0x00, 0xFF, 0xFF, 0x80, 0x00, 0x00,
    0x0F, 0xFF, 0xF0, 0x00, 0x00, 0x00, 0xFF, 0xFC, 0x00, 0x00, 0x00, 0x1F, 0xFF, 0x00, 0x00, 0x00,
    0x03, 0xFF, 0x00, 0x00, 0x00, 0x00, 0xFF, 0x40, 0xBC, 0x00, 0x00, 0xBF, 0x40, 0xBC, 0x00, 0x00,
    0xBF, 0x00, 0xBC, 0x00, 0x00, 0xBF, 0x00, 0xBC, 0x00, 0x00, 0xFE, 0x00, 0xBF, 0x00, 0x0B, 0xFC,
    0x00, 0xBF, 0xFE, 0xFF, 0xE0, 0x00, 0x2F, 0xFF, 0xFE, 0x00, 0x00, 0x00, 0x2A, 0x40, 0x00, 0x00,
    0x00, 0x00, 0x28, 0x00, 0x00, 0x00, 0xFE, 0x00, 0x00, 0x03, 0xFE, 0x00, 0x00, 0x0F, 0xFC, 0x00,
    0x00, 0x2F, 0xE0, 0x00, 0x00, 0xBF, 0x00, 0x00, 0x01, 0xF8, 0x00, 0x00, 0x00, 0x00, 0x00, 0x00,
    0x00, 0x00, 0x00, 0x00, 0x01, 0xBF, 0xF8, 0x00, 0x0F, 0xFF, 0xFE, 0x00, 0x3F, 0x80, 0x3E, 0x00,
    0x3F, 0x00, 0x2E, 0x00, 0xBF, 0x00, 0x2E, 0x00, 0xBF, 0x00, 0x00, 0x00, 0x7F, 0xD0, 0x00, 0x00,
    0x3F, 0xFC, 0x00, 0x00, 0x0F, 0xFF, 0xC0, 0x00, 0x01, 0xFF, 0xF8, 0x00, 0x00, 0x2F, 0xFE, 0x00,
    0x00, 0x02, 0xFF, 0x00, 0x60, 0x00, 0xBF, 0x00, 0xF0, 0x00, 0x3F, 0x00, 0xF8, 0x00, 0x3F, 0x00,
    0xF8, 0x00, 0xFE, 0x00, 0xFF, 0xAB, 0xF8, 0x00, 0xBF, 0xFF, 0xC0, 0x00, 0x00, 0x00, 0x00, 0x00,
    0x00, 0x00, 0x00, 0x00, 0x00, 0x00, 0x0B, 0xFF, 0x80, 0x00, 0x00, 0xFF, 0xFF, 0xFE, 0x00, 0x0B,
    0xFE, 0x02, 0xFE, 0x00, 0x0F, 0xF0, 0x00, 0x7E, 0x00, 0x3F, 0xC0, 0x00, 0x3E, 0x00, 0x3F, 0xC0,
    0x00, 0x3E, 0x00, 0x3F, 0x80, 0x00, 0x3E, 0x00, 0x3F, 0xC0, 0x00, 0x00, 0x00, 0x3F, 0xE0, 0x00,
    0x00, 0x00, 0x3F, 0xF8, 0x00, 0x00, 0x00, 0x0F, 0xFF, 0x80, 0x00, 0x00, 0x0B, 0xFF, 0xF8, 0x00,
    0x00, 0x00, 0xFF, 0xFF, 0x80, 0x00, 0x00, 0x0F, 0xFF, 0xF0, 0x00, 0x00, 0x00, 0xFF, 0xFC, 0x00,
    0x00, 0x00, 0x1F, 0xFF, 0x00, 0x00, 0x00, 0x03, 0xFF, 0x00, 0x00, 0x00, 0x00, 0xFF, 0x40, 0xBC,
    0x00, 0x00, 0xBF, 0x40, 0xBC, 0x00, 0x00, 0xBF, 0x00, 0xBC, 0x00, 0x00, 0xBF, 0x00, 0xBC, 0x00,
    0x00, 0xFE, 0x00, 0xBF, 0x00, 0x0B, 0xFC, 0x00, 0xBF, 0xFE, 0xFF, 0xE0, 0x00, 0x2F, 0xFF, 0xFE,
    0x00, 0x00, 0x00, 0x2B, 0x80, 0x00, 0x00, 0x00, 0x03, 0x80, 0x00, 0x00, 0x00, 0x03, 0xFC, 0x00,
    0x00, 0x00, 0x03, 0xFE, 0x00, 0x00, 0x00, 0x00, 0x3F, 0x00, 0x00, 0x00, 0x00, 0x3E, 0x00, 0x00,
    0x00, 0x3A, 0xFC, 0x00, 0x00, 0x00, 0x3F, 0xE0, 0x00, 0x00, 0x00, 0x00, 0x00, 0x00, 0x00, 0x00,
    0x00, 0x00, 0x00, 0x01, 0xBF, 0xF8, 0x00, 0x0F, 0xFF, 0xFE, 0x00, 0x3F, 0x80, 0x3E, 0x00, 0x3F,
    0x00, 0x2E, 0x00, 0xBF, 0x00, 0x2E, 0x00, 0xBF, 0x00, 0x00, 0x00, 0x7F, 0xD0, 0x00, 0x00, 0x3F,
    0xFC, 0x00, 0x00, 0x0F, 0xFF, 0xC0, 0x00, 0x01, 0xFF, 0xF8, 0x00, 0x00, 0x2F, 0xFE, 0x00, 0x00,
    0x02, 0xFF, 0x00, 0x60, 0x00, 0xBF, 0x00, 0xF0, 0x00, 0x3F, 0x00, 0xF8, 0x00, 0x3F, 0x00, 0xF8,
    0x00, 0xFE, 0x00, 0xFF, 0xAB, 0xF8, 0x00, 0xBF, 0xFF, 0xC0, 0x00, 0x00, 0xB8, 0x00, 0x00, 0x00,
    0x38, 0x00, 0x00, 0x00, 0x3F, 0xC0, 0x00, 0x00, 0x3F, 0xE0, 0x00, 0x00, 0x03, 0xF0, 0x00, 0x00,
    0x03, 0xE0, 0x00, 0x03, 0xAF, 0xC0, 0x00, 0x03, 0xFE, 0x00, 0x00, 0x00, 0x00, 0x00, 0x00, 0x00,
    0x00, 0x00, 0x00, 0x00, 0x02, 0xF0, 0x00, 0xF8, 0x00, 0x00, 0xFC, 0x03, 0xE0, 0x00, 0x00, 0x3F,
    0x0F, 0xC0, 0x00, 0x00, 0x2F, 0xFF, 0x00, 0x00, 0x00, 0x0B, 0xFE, 0x00, 0x00, 0x00, 0x03, 0xFC,
    0x00, 0x00, 0x00, 0x00, 0x00, 0x00, 0x00, 0x00, 0x00, 0x00, 0x00, 0x00, 0x00, 0x0B, 0xFF, 0x80,
    0x00, 0x00, 0xFF, 0xFF, 0xFE, 0x00, 0x0B, 0xFE, 0x02, 0xFE, 0x00, 0x0F, 0xF0, 0x00, 0x7E, 0x00,
    0x3F, 0xC0, 0x00, 0x3E, 0x00, 0x3F, 0xC0, 0x00, 0x3E, 0x00, 0x3F, 0x80, 0x00, 0x3E, 0x00, 0x3F,
    0xC0, 0x00, 0x00, 0x00, 0x3F, 0xE0, 0x00, 0x00, 0x00, 0x3F, 0xF8, 0x00, 0x00, 0x00, 0x0F, 0xFF,
    0x80, 0x00, 0x00, 0x0B, 0xFF, 0xF8, 0x00, 0x00, 0x00, 0xFF, 0xFF, 0x80, 0x00, 0x00, 0x0F, 0xFF,
    0xF0, 0x00, 0x00, 0x00, 0xFF, 0xFC, 0x00, 0x00, 0x00, 0x1F, 0xFF, 0x00, 0x00, 0x00, 0x03, 0xFF,
    0x00, 0x00, 0x00, 0x00, 0xFF, 0x40, 0xBC, 0x00, 0x00, 0xBF, 0x40, 0xBC, 0x00, 0x00, 0xBF, 0x00,
    0xBC, 0x00, 0x00, 0xBF, 0x00, 0xBC, 0x00, 0x00, 0xFE, 0x00, 0xBF, 0x00, 0x0B, 0xFC, 0x00, 0xBF,
    0xFE, 0xFF, 0xE0, 0x00, 0x2F, 0xFF, 0xFE, 0x00, 0x00, 0x00, 0x2A, 0x40, 0x00, 0x00, 0x00, 0x00,
    0x00, 0x00, 0x3E, 0x00, 0x2F, 0x00, 0x1F, 0x80, 0xBD, 0x00, 0x0B, 0xE2, 0xF8, 0x00, 0x03, 0xFF,
    0xF0, 0x00, 0x00, 0xFF, 0xC0, 0x00, 0x00, 0x7F, 0x40, 0x00, 0x00, 0x00, 0x00, 0x00, 0x00, 0x00,
    0x00, 0x00, 0x01, 0xBF, 0xF8, 0x00, 0x0F, 0xFF, 0xFE, 0x00, 0x3F, 0x80, 0x3E, 0x00, 0x3F, 0x00,
    0x2E, 0x00, 0xBF, 0x00, 0x2E, 0x00, 0xBF, 0x00, 0x00, 0x00, 0x7F, 0xD0, 0x00, 0x00, 0x3F, 0xFC,
    0x00, 0x00, 0x0F, 0xFF, 0xC0, 0x00, 0x01, 0xFF, 0xF8, 0x00, 0x00, 0x2F, 0xFE, 0x00, 0x00, 0x02,
    0xFF, 0x00, 0x60, 0x00, 0xBF, 0x00, 0xF0, 0x00, 0x3F, 0x00, 0xF8, 0x00, 0x3F, 0x00, 0xF8, 0x00,
    0xFE, 0x00, 0xFF, 0xAB, 0xF8, 0x00, 0xBF, 0xFF, 0xC0, 0x00, 0x00, 0x00, 0x00, 0x00, 0x15, 0x55,
    0x55, 0x55, 0x55, 0x40, 0xBF, 0xFF, 0xFF, 0xFF, 0xFF, 0xC0, 0xBF, 0xAA, 0xBF, 0xEA, 0xAF, 0xC0,
    0xBC, 0x00, 0x3F, 0x80, 0x0B, 0xC0, 0xBC, 0x00, 0x3F, 0x80, 0x0B, 0xC0, 0xBC, 0x00, 0x3F, 0x80,
    0x07, 0xC0, 0x28, 0x00, 0x3F, 0x80, 0x02, 0x80, 0x00, 0x00, 0x3F, 0x80, 0x00, 0x00, 0x00, 0x00,
    0x3F, 0x80, 0x00, 0x00, 0x00, 0x00, 0x3F, 0x80, 0x00, 0x00, 0x00, 0x00, 0x3F, 0x80, 0x00, 0x00,
    0x00, 0x00, 0x3F, 0x80, 0x00, 0x00, 0x00, 0x00, 0x3F, 0x80, 0x00, 0x00, 0x00, 0x00, 0x3F, 0x80,
    0x00, 0x00, 0x00, 0x00, 0x3F, 0x80, 0x00, 0x00, 0x00, 0x00, 0x3F, 0x80, 0x00, 0x00, 0x00, 0x00,
    0x3F, 0x80, 0x00, 0x00, 0x00, 0x00, 0x3F, 0x80, 0x00, 0x00, 0x00, 0x00, 0x3F, 0x80, 0x00, 0x00,
    0x00, 0x00, 0x3F, 0x80, 0x00, 0x00, 0x00, 0x00, 0x3F, 0x80, 0x00, 0x00, 0x00, 0x00, 0x3F, 0x80,
    0x00, 0x00, 0x00, 0x00, 0x3F, 0xC0, 0x00, 0x00, 0x00, 0x0F, 0xFF, 0xFE, 0x00, 0x00, 0x00, 0x0F,
    0xFF, 0xFE, 0x00, 0x00, 0x00, 0x00, 0x0E, 0x00, 0x00, 0x00, 0x00, 0x00, 0x0E, 0x00, 0x00, 0x00,
    0x00, 0x00, 0x0F, 0xF0, 0x00, 0x00, 0x00, 0x00, 0x0F, 0xFC, 0x00, 0x00, 0x00, 0x00, 0x00, 0xBC,
    0x00, 0x00, 0x00, 0x00, 0x00, 0xBC, 0x00, 0x00, 0x00, 0x00, 0xEB, 0xF4, 0x00, 0x00, 0x00, 0x00,
    0xFF, 0xC0, 0x00, 0x00, 0x00, 0x00, 0x00, 0x00, 0x00, 0x00, 0x00, 0x38, 0x00, 0x00, 0x00, 0xB8,
    0x00, 0x00, 0x00, 0xF8, 0x00, 0x00, 0x02, 0xF8, 0x00, 0x00, 0x0F, 0xFE, 0xAA, 0x00, 0x3F, 0xFF,
    0xFF, 0x00, 0x17, 0xFD, 0x54, 0x00, 0x03, 0xF8, 0x00, 0x00, 0x03, 0xF8, 0x00, 0x00, 0x03, 0xF8,
    0x00, 0x00, 0x03, 0xF8, 0x00, 0x00, 0x03, 0xF8, 0x00, 0x00, 0x03, 0xF8, 0x00, 0x00, 0x03, 0xF8,
    0x00, 0x00, 0x03, 0xF8, 0x00, 0x00, 0x03, 0xF8, 0x00, 0x00, 0x03, 0xF8, 0x00, 0x00, 0x03, 0xFC,
    0x00, 0x00, 0x03, 0xFC, 0x00, 0x00, 0x02, 0xFE, 0x00, 0x00, 0x01, 0xFF, 0xFF, 0x00, 0x00, 0xBF,
    0xFE, 0x00, 0x00, 0x2E, 0x00, 0x00, 0x00, 0x0D, 0x00, 0x00, 0x00, 0x0F, 0xF0, 0x00, 0x00, 0x0F,
    0xF8, 0x00, 0x00, 0x00, 0xF8, 0x00, 0x00, 0x00, 0xF8, 0x00, 0x00, 0xEB, 0xF0, 0x00, 0x00, 0xFF,
    0x80, 0x00, 0x00, 0x00, 0x00, 0x00, 0x00, 0x00, 0x00, 0x00, 0x00, 0x00, 0x00, 0x3F, 0x00, 0x0F,
    0x40, 0x00, 0x00, 0x0F, 0xC0, 0x7E, 0x00, 0x00, 0x00, 0x03, 0xF1, 0xFC, 0x00, 0x00, 0x00, 0x02,
    0xFF, 0xF0, 0x00, 0x00, 0x00, 0x00, 0xFF, 0xD0, 0x00, 0x00, 0x00, 0x00, 0x3F, 0x80, 0x00, 0x00,
    0x00, 0x00, 0x00, 0x00, 0x00, 0x00, 0x00, 0x00, 0x00, 0x00, 0x00, 0x00, 0x15, 0x55, 0x55, 0x55,
    0x55, 0x40, 0xBF, 0xFF, 0xFF, 0xFF, 0xFF, 0xC0, 0xBF, 0xAA, 0xBF, 0xEA, 0xAF, 0xC0, 0xBC, 0x00,
    0x3F, 0x80, 0x0B, 0xC0, 0xBC, 0x00, 0x3F, 0x80, 0x0B, 0xC0, 0xBC, 0x00, 0x3F, 0x80, 0x07, 0xC0,
    0x28, 0x00, 0x3F, 0x80, 0x02, 0x80, 0x00, 0x00, 0x3F, 0x80, 0x00, 0x00, 0x00, 0x00, 0x3F, 0x80,
    0x00, 0x00, 0x00, 0x00, 0x3F, 0x80, 0x00, 0x00, 0x00, 0x00, 0x3F, 0x80, 0x00, 0x00, 0x00, 0x00,
    0x3F, 0x80, 0x00, 0x00, 0x00, 0x00, 0x3F, 0x80, 0x00, 0x00, 0x00, 0x00, 0x3F, 0x80, 0x00, 0x00,
    0x00, 0x00, 0x3F, 0x80, 0x00, 0x00, 0x00, 0x00, 0x3F, 0x80, 0x00, 0x00, 0x00, 0x00, 0x3F, 0x80,
    0x00, 0x00, 0x00, 0x00, 0x3F, 0x80, 0x00, 0x00, 0x00, 0x00, 0x3F, 0x80, 0x00, 0x00, 0x00, 0x00,
    0x3F, 0x80, 0x00, 0x00, 0x00, 0x00, 0x3F, 0x80, 0x00, 0x00, 0x00, 0x00, 0x3F, 0x80, 0x00, 0x00,
    0x00, 0x00, 0x3F, 0xC0, 0x00, 0x00, 0x00, 0x0F, 0xFF, 0xFE, 0x00, 0x00, 0x00, 0x0F, 0xFF, 0xFE,
    0x00, 0x00, 0x00, 0x00, 0x2A, 0x00, 0x00, 0x00, 0xBF, 0x00, 0x00, 0x00, 0xBE, 0x00, 0x00, 0x00,
    0xBC, 0x00, 0x00, 0x00, 0xBC, 0x00, 0x00, 0x38, 0xB8, 0x00, 0x00, 0xB8, 0xF8, 0x00, 0x00, 0xF8,
    0xF0, 0x00, 0x02, 0xF8, 0x00, 0x00, 0x0F, 0xFE, 0xAA, 0x00, 0x3F, 0xFF, 0xFF, 0x00, 0x17, 0xFD,
    0x54, 0x00, 0x03, 0xF8, 0x00, 0x00, 0x03, 0xF8, 0x00, 0x00, 0x03, 0xF8, 0x00, 0x00, 0x03, 0xF8,
    0x00, 0x00, 0x03, 0xF8, 0x00, 0x00, 0x03, 0xF8, 0x00, 0x00, 0x03, 0xF8, 0x00, 0x00, 0x03, 0xF8,
    0x00, 0x00, 0x03, 0xF8, 0x00, 0x00, 0x03, 0xF8, 0x00, 0x00, 0x03, 0xFC, 0x00, 0x00, 0x03, 0xFC,
    0x00, 0x00, 0x02, 0xFE, 0x00, 0x00, 0x01, 0xFF, 0xFF, 0x00, 0x00, 0xBF, 0xFE, 0x00, 0x00, 0x00,
    0x00, 0x00, 0x00, 0x02, 0xAA, 0xAA, 0xA8, 0x00, 0x00, 0x00, 0x03, 0xFF, 0xFF, 0xFC, 0x00, 0x00,
    0x00, 0x03, 0xFF, 0xFF, 0xFC, 0x00, 0x00, 0x00, 0x00, 0x00, 0x00, 0x00, 0x00, 0x00, 0x00, 0x00,
    0x00, 0x00, 0x00, 0x00, 0x00, 0x00, 0x00, 0x00, 0x00, 0x00, 0x00, 0x00, 0x15, 0x55, 0x50, 0x00,
    0x15, 0x55, 0x00, 0x3F, 0xFF, 0xF0, 0x00, 0x3F, 0xFF, 0x80, 0x0B, 0xFF, 0x90, 0x00, 0x1B, 0xF9,
    0x00, 0x00, 0xFE, 0x00, 0x00, 0x01, 0xF0, 0x00, 0x00, 0xFE, 0x00, 0x00, 0x01, 0xF0, 0x00, 0x00,
    0xFE, 0x00, 0x00, 0x01, 0xF0, 0x00, 0x00, 0xFE, 0x00, 0x00, 0x01, 0xF0, 0x00, 0x00, 0xFE, 0x00,
    0x00, 0x01, 0xF0, 0x00, 0x00, 0xFE, 0x00, 0x00, 0x01, 0xF0, 0x00, 0x00, 0xFE, 0x00, 0x00, 0x01,
    0xF0, 0x00, 0x00, 0xFE, 0x00, 0x00, 0x01, 0xF0, 0x00, 0x00, 0xFE, 0x00, 0x00, 0x01, 0xF0, 0x00,
    0x00, 0xFE, 0x00, 0x00, 0x01, 0xF0, 0x00, 0x00, 0xFE, 0x00, 0x00, 0x01, 0xF0, 0x00, 0x00, 0xFE,
    0x00, 0x00, 0x01, 0xF0, 0x00, 0x00, 0xFE, 0x00, 0x00, 0x01, 0xF0, 0x00, 0x00, 0xFE, 0x00, 0x00,
    0x02, 0xF0, 0x00, 0x00, 0xFE, 0x00, 0x00, 0x02, 0xF0, 0x00, 0x00, 0xFF, 0x00, 0x00, 0x02, 0xF0,
    0x00, 0x00, 0xFF, 0x00, 0x00, 0x03, 0xE0, 0x00, 0x00, 0xFF, 0x80, 0x00, 0x0B, 0xD0, 0x00, 0x00,
    0x7F, 0xC0, 0x00, 0x0F, 0xC0, 0x00, 0x00, 0x3F, 0xF8, 0x00, 0xBF, 0x40, 0x00, 0x00, 0x0F, 0xFF,
    0xFF, 0xFE, 0x00, 0x00, 0x00, 0x02, 0xFF, 0xFF, 0xE0, 0x00, 0x00, 0x00, 0x00, 0x06, 0xA4, 0x00,
    0x00, 0x00, 0x00, 0xAA, 0xAA, 0xAA, 0x00, 0x00, 0xFF, 0xFF, 0xFF, 0x00, 0x00, 0xFF, 0xFF, 0xFF,
    0x00, 0x00, 0x00, 0x00, 0x00, 0x00, 0x00, 0x00, 0x00, 0x00, 0x00, 0x00, 0x00, 0x00, 0x00, 0x00,
    0x02, 0xF8, 0x00, 0x0B, 0xD0, 0x3F, 0xF8, 0x02, 0xFF, 0xD0, 0x3F, 0xF8, 0x02, 0xFF, 0xD0, 0x03,
    0xF8, 0x00, 0x0F, 0xD0, 0x03, 0xF8, 0x00, 0x0F, 0xD0, 0x03, 0xF8, 0x00, 0x0F, 0xD0, 0x03, 0xF8,
    0x00, 0x0F, 0xD0, 0x03, 0xF8, 0x00, 0x0F, 0xD0, 0x03, 0xF8, 0x00, 0x0F, 0xD0, 0x03, 0xF8, 0x00,
    0x0F, 0xD0, 0x03, 0xF8, 0x00, 0x0F, 0xD0, 0x03, 0xF8, 0x00, 0x0F, 0xD0, 0x03, 0xFC, 0x00, 0x0F,
    0xD0, 0x03, 0xFC, 0x00, 0x0F, 0xD0, 0x02, 0xFE, 0x00, 0x0F, 0xD0, 0x01, 0xFF, 0x92, 0xFF, 0xE0,
    0x00, 0xFF, 0xFF, 0xEF, 0xFA, 0x00, 0x2F, 0xFE, 0x0F, 0xFE, 0x00, 0x00, 0x00, 0x00, 0x00, 0x00,
    0x00, 0x00, 0xA8, 0x00, 0x00, 0x00, 0x00, 0x00, 0x0B, 0xFF, 0x00, 0x00, 0x00, 0x00, 0x00, 0x2F,
    0x8F, 0xC0, 0x00, 0x00, 0x00, 0x00, 0x3C, 0x03, 0xD0, 0x00, 0x00, 0x00, 0x00, 0x3C, 0x02, 0xE0,
    0x00, 0x00, 0x00, 0x00, 0x3C, 0x02, 0xE0, 0x00, 0x00, 0x00, 0x00, 0x3E, 0x03, 0xC0, 0x00, 0x00,
    0x00, 0x00, 0x0F, 0xFF, 0x80, 0x00, 0x00, 0x00, 0x00, 0x02, 0xFD, 0x00, 0x00, 0x00, 0x00, 0x00,
    0x00, 0x00, 0x00, 0x00, 0x00, 0x00, 0x00, 0x00, 0x00, 0x00, 0x00, 0x00, 0x15, 0x55, 0x50, 0x00,
    0x15, 0x55, 0x00, 0x3F, 0xFF, 0xF0, 0x00, 0x3F, 0xFF, 0x80, 0x0B, 0xFF, 0x90, 0x00, 0x1B, 0xF9,
    0x00, 0x00, 0xFE, 0x00, 0x00, 0x01, 0xF0, 0x00, 0x00, 0xFE, 0x00, 0x00, 0x01, 0xF0, 0x00, 0x00,
    0xFE, 0x00, 0x00, 0x01, 0xF0, 0x00, 0x00, 0xFE, 0x00, 0x00, 0x01, 0xF0, 0x00, 0x00, 0xFE, 0x00,
    0x00, 0x01, 0xF0, 0x00, 0x00, 0xFE, 0x00, 0x00, 0x01, 0xF0, 0x00, 0x00, 0xFE, 0x00, 0x00, 0x01,
    0xF0, 0x00, 0x00, 0xFE, 0x00, 0x00, 0x01, 0xF0, 0x00, 0x00, 0xFE, 0x00, 0x00, 0x01, 0xF0, 0x00,
    0x00, 0xFE, 0x00, 0x00, 0x01, 0xF0, 0x00, 0x00, 0xFE, 0x00, 0x00, 0x01, 0xF0, 0x00, 0x00, 0xFE,
    0x00, 0x00, 0x01, 0xF0, 0x00, 0x00, 0xFE, 0x00, 0x00, 0x01, 0xF0, 0x00, 0x00, 0xFE, 0x00, 0x00,
    0x02, 0xF0, 0x00, 0x00, 0xFE, 0x00, 0x00, 0x02, 0xF0, 0x00, 0x00, 0xFF, 0x00, 0x00, 0x02, 0xF0,
    0x00, 0x00, 0xFF, 0x00, 0x00, 0x03, 0xE0, 0x00, 0x00, 0xFF, 0x80, 0x00, 0x0B, 0xD0, 0x00, 0x00,
    0x7F, 0xC0, 0x00, 0x0F, 0xC0, 0x00, 0x00, 0x3F, 0xF8, 0x00, 0xBF, 0x40, 0x00, 0x00, 0x0F, 0xFF,
    0xFF, 0xFE, 0x00, 0x00, 0x00, 0x02, 0xFF, 0xFF, 0xE0, 0x00, 0x00, 0x00, 0x00, 0x06, 0xA4, 0x00,
    0x00, 0x00, 0x00, 0x00, 0x2A, 0x00, 0x00, 0x00, 0x02, 0xFF, 0xC0, 0x00, 0x00, 0x0B, 0xE7, 0xF0,
    0x00, 0x00, 0x0F, 0x00, 0xF4, 0x00, 0x00, 0x0F, 0x00, 0xB8, 0x00, 0x00, 0x0F, 0x00, 0xB8, 0x00,
    0x00, 0x0F, 0x80, 0xF0, 0x00, 0x00, 0x03, 0xFF, 0xE0, 0x00, 0x00, 0x00, 0xFF, 0x80, 0x00, 0x00,
    0x00, 0x00, 0x00, 0x00, 0x00, 0x00, 0x00, 0x00, 0x00, 0x02, 0xF8, 0x00, 0x0B, 0xD0, 0x3F, 0xF8,
    0x02, 0xFF, 0xD0, 0x3F, 0xF8, 0x02, 0xFF, 0xD0, 0x03, 0xF8, 0x00, 0x0F, 0xD0, 0x03, 0xF8, 0x00,
    0x0F, 0xD0, 0x03, 0xF8, 0x00, 0x0F, 0xD0, 0x03, 0xF8, 0x00, 0x0F, 0xD0, 0x03, 0xF8, 0x00, 0x0F,
    0xD0, 0x03, 0xF8, 0x00, 0x0F, 0xD0, 0x03, 0xF8, 0x00, 0x0F, 0xD0, 0x03, 0xF8, 0x00, 0x0F, 0xD0,
    0x03, 0xF8, 0x00, 0x0F, 0xD0, 0x03, 0xFC, 0x00, 0x0F, 0xD0, 0x03, 0xFC, 0x00, 0x0F, 0xD0, 0x02,
    0xFE, 0x00, 0x0F, 0xD0, 0x01, 0xFF, 0x92, 0xFF, 0xE0, 0x00, 0xFF, 0xFF, 0xEF, 0xFA, 0x00, 0x2F,
    0xFE, 0x0F, 0xFE, 0x00, 0x00, 0x00, 0x00, 0x00, 0x00, 0x00, 0x00, 0x68, 0x01, 0xA0, 0x00, 0x00,
    0x00, 0x02, 0xFC, 0x0B, 0xF0, 0x00, 0x00, 0x00, 0x0B, 0xFC, 0x1F, 0xF0, 0x00, 0x00, 0x00, 0x0F,
    0xF8, 0x3F, 0xE0, 0x00, 0x00, 0x00, 0x3F, 0xC0, 0xFF, 0x00, 0x00, 0x00, 0x00, 0xFE, 0x03, 0xF8,
    0x00, 0x00, 0x00, 0x03, 0xF0, 0x0F, 0xC0, 0x00, 0x00, 0x00, 0x00, 0x00, 0x00, 0x00, 0x00, 0x00,
    0x00, 0x00, 0x00, 0x00, 0x00, 0x00, 0x00, 0x15, 0x55, 0x50, 0x00, 0x15, 0x55, 0x00, 0x3F, 0xFF,
    0xF0, 0x00, 0x3F, 0xFF, 0x80, 0x0B, 0xFF, 0x90, 0x00, 0x1B, 0xF9, 0x00, 0x00, 0xFE, 0x00, 0x00,
    0x01, 0xF0, 0x00, 0x00, 0xFE, 0x00, 0x00, 0x01, 0xF0, 0x00, 0x00, 0xFE, 0x00, 0x00, 0x01, 0xF0,
    0x00, 0x00, 0xFE, 0x00, 0x00, 0x01, 0xF0, 0x00, 0x00, 0xFE, 0x00, 0x00, 0x01, 0xF0, 0x00, 0x00,
    0xFE, 0x00, 0x00, 0x01, 0xF0, 0x00, 0x00, 0xFE, 0x00, 0x00, 0x01, 0xF0, 0x00, 0x00, 0xFE, 0x00,
    0x00, 0x01, 0xF0, 0x00, 0x00, 0xFE, 0x00, 0x00, 0x01, 0xF0, 0x00, 0x00, 0xFE, 0x00, 0x00, 0x01,
    0xF0, 0x00, 0x00, 0xFE, 0x00, 0x00, 0x01, 0xF0, 0x00, 0x00, 0xFE, 0x00, 0x00, 0x01, 0xF0, 0x00,
    0x00, 0xFE, 0x00, 0x00, 0x01, 0xF0, 0x00, 0x00, 0xFE, 0x00, 0x00, 0x02, 0xF0, 0x00, 0x00, 0xFE,
    0x00, 0x00, 0x02, 0xF0, 0x00, 0x00, 0xFF, 0x00, 0x00, 0x02, 0xF0, 0x00, 0x00, 0xFF, 0x00, 0x00,
    0x03, 0xE0, 0x00, 0x00, 0xFF, 0x80, 0x00, 0x0B, 0xD0, 0x00, 0x00, 0x7F, 0xC0, 0x00, 0x0F, 0xC0,
    0x00, 0x00, 0x3F, 0xF8, 0x00, 0xBF, 0x40, 0x00, 0x00, 0x0F, 0xFF, 0xFF, 0xFE, 0x00, 0x00, 0x00,
    0x02, 0xFF, 0xFF, 0xE0, 0x00, 0x00, 0x00, 0x00, 0x06, 0xA4, 0x00, 0x00, 0x00, 0x00, 0x00, 0x09,
    0x00, 0x24, 0x00, 0x00, 0xBF, 0x02, 0xFC, 0x00, 0x01, 0xFF, 0x07, 0xFC, 0x00, 0x03, 0xFE, 0x0F,
    0xF8, 0x00, 0x0F, 0xF0, 0x3F, 0xC0, 0x00, 0x3F, 0x80, 0xFE, 0x00, 0x00, 0xFC, 0x03, 0xF0, 0x00,
    0x00, 0x00, 0x00, 0x00, 0x00, 0x00, 0x00, 0x00, 0x00, 0x00, 0x02, 0xF8, 0x00, 0x0B, 0xD0, 0x3F,
    0xF8, 0x02, 0xFF, 0xD0, 0x3F, 0xF8, 0x02, 0xFF, 0xD0, 0x03, 0xF8, 0x00, 0x0F, 0xD0, 0x03, 0xF8,
    0x00, 0x0F, 0xD0, 0x03, 0xF8, 0x00, 0x0F, 0xD0, 0x03, 0xF8, 0x00, 0x0F, 0xD0, 0x03, 0xF8, 0x00,
    0x0F, 0xD0, 0x03, 0xF8, 0x00, 0x0F, 0xD0, 0x03, 0xF8, 0x00, 0x0F, 0xD0, 0x03, 0xF8, 0x00, 0x0F,
    0xD0, 0x03, 0xF8, 0x00, 0x0F, 0xD0, 0x03, 0xFC, 0x00, 0x0F, 0xD0, 0x03, 0xFC, 0x00, 0x0F, 0xD0,
    0x02, 0xFE, 0x00, 0x0F, 0xD0, 0x01, 0xFF, 0x92, 0xFF, 0xE0, 0x00, 0xFF, 0xFF, 0xEF, 0xFA, 0x00,
    0x2F, 0xFE, 0x0F, 0xFE, 0x00, 0x00, 0x00, 0x00, 0x00, 0x15, 0x55, 0x50, 0x00, 0x15, 0x55, 0x00,
    0x3F, 0xFF, 0xF0, 0x00, 0x3F, 0xFF, 0x80, 0x0B, 0xFF, 0x90, 0x00, 0x1B, 0xF9, 0x00, 0x00, 0xFE,
    0x00, 0x00, 0x01, 0xF0, 0x00, 0x00, 0xFE, 0x00, 0x00, 0x01, 0xF0, 0x00, 0x00, 0xFE, 0x00, 0x00,
    0x01, 0xF0, 0x00, 0x00, 0xFE, 0x00, 0x00, 0x01, 0xF0, 0x00, 0x00, 0xFE, 0x00, 0x00, 0x01, 0xF0,
    0x00, 0x00, 0xFE, 0x00, 0x00, 0x01, 0xF0, 0x00, 0x00, 0xFE, 0x00, 0x00, 0x01, 0xF0, 0x00, 0x00,
    0xFE, 0x00, 0x00, 0x01, 0xF0, 0x00, 0x00, 0xFE, 0x00, 0x00, 0x01, 0xF0, 0x00, 0x00, 0xFE, 0x00,
    0x00, 0x01, 0xF0, 0x00, 0x00, 0xFE, 0x00, 0x00, 0x01, 0xF0, 0x00, 0x00, 0xFE, 0x00, 0x00, 0x01,
    0xF0, 0x00, 0x00, 0xFE, 0x00, 0x00, 0x01, 0xF0, 0x00, 0x00, 0xFE, 0x00, 0x00, 0x02, 0xF0, 0x00,
    0x00, 0xFE, 0x00, 0x00, 0x02, 0xF0, 0x00, 0x00, 0xFF, 0x00, 0x00, 0x02, 0xF0, 0x00, 0x00, 0xFF,
    0x00, 0x00, 0x03, 0xE0, 0x00, 0x00, 0xFF, 0x80, 0x00, 0x0B, 0xD0, 0x00, 0x00, 0x7F, 0xC0, 0x00,
    0x0F, 0xC0, 0x00, 0x00, 0x3F, 0xF8, 0x00, 0xBF, 0x40, 0x00, 0x00, 0x0F, 0xFF, 0xFF, 0xFE, 0x00,
    0x00, 0x00, 0x02, 0xFF, 0xFF, 0xE0, 0x00, 0x00, 0x00, 0x00, 0x06, 0xF8, 0x00, 0x00, 0x00, 0x00,
    0x00, 0x01, 0xE0, 0x00, 0x00, 0x00, 0x00, 0x00, 0x03, 0xC0, 0x00, 0x00, 0x00, 0x00, 0x00, 0x03,
    0xC0, 0x00, 0x00, 0x00, 0x00, 0x00, 0x03, 0xF0, 0x80, 0x00, 0x00, 0x00, 0x00, 0x03, 0xFF, 0xE0,
    0x00, 0x00, 0x00, 0x00, 0x00, 0xAE, 0x00, 0x00, 0x00, 0x00, 0x00, 0x00, 0x00, 0x00, 0x02, 0xF8,
    0x00, 0x0B, 0xE0, 0x3F, 0xF8, 0x02, 0xFF, 0xE0, 0x3F, 0xF8, 0x02, 0xFF, 0xE0, 0x03, 0xF8, 0x00,
    0x0F, 0xE0, 0x03, 0xF8, 0x00, 0x0F, 0xE0, 0x03, 0xF8, 0x00, 0x0F, 0xE0, 0x03, 0xF8, 0x00, 0x0F,
    0xE0, 0x03, 0xF8, 0x00, 0x0F, 0xE0, 0x03, 0xF8, 0x00, 0x0F, 0xE0, 0x03, 0xF8, 0x00, 0x0F, 0xE0,
    0x03, 0xF8, 0x00, 0x0F, 0xE0, 0x03, 0xF8, 0x00, 0x0F, 0xE0, 0x03, 0xFC, 0x00, 0x0F, 0xE0, 0x02,
    0xFC, 0x00, 0x0F, 0xE0, 0x02, 0xFE, 0x00, 0x0F, 0xE0, 0x00, 0xFF, 0x92, 0xFF, 0xE0, 0x00, 0xFF,
    0xFF, 0xEF, 0xFA, 0x00, 0x2F, 0xFE, 0x0F, 0xFF, 0x00, 0x00, 0x00, 0x3C, 0x00, 0x00, 0x00, 0x00,
    0xB8, 0x00, 0x00, 0x00, 0x00, 0xF0, 0x00, 0x00, 0x00, 0x02, 0xF0, 0x00, 0x00, 0x00, 0x02, 0xF8,
    0x60, 0x00, 0x00, 0x00, 0xFF, 0xF0, 0x00, 0x00, 0x00, 0x2A, 0x80, 0x00, 0x00, 0x00, 0x00, 0x00,
    0x00, 0x00, 0x0F, 0xC0, 0x2F, 0x80, 0x00, 0x00, 0x2F, 0xE0, 0x3F, 0xC0, 0x00, 0x00, 0x0F, 0xE0,
    0x3F, 0xC0, 0x00, 0x00, 0x0B, 0x80, 0x0F, 0x00, 0x00, 0x00, 0x00, 0x00, 0x00, 0x00, 0x00, 0x00,
    0x00, 0x00, 0x00, 0x00, 0x00, 0x00, 0x00, 0x00, 0x00, 0x00, 0x00, 0x15, 0x55, 0x40, 0x01, 0x55,
    0x50, 0xBF, 0xFF, 0xC0, 0x03, 0xFF, 0xF0, 0x2F, 0xFE, 0x40, 0x01, 0xBF, 0xA0, 0x03, 0xFC, 0x00,
    0x00, 0x3F, 0x00, 0x02, 0xFE, 0x00, 0x00, 0xBC, 0x00, 0x00, 0xFF, 0x00, 0x00, 0xF8, 0x00, 0x00,
    0xBF, 0x80, 0x03, 0xF0, 0x00, 0x00, 0x3F, 0xC0, 0x07, 0xD0, 0x00, 0x00, 0x2F, 0xE0, 0x0F, 0xC0,
    0x00, 0x00, 0x0F, 0xF0, 0x2F, 0x00, 0x00, 0x00, 0x07, 0xFC, 0x3E, 0x00, 0x00, 0x00, 0x03, 0xFC,
    0xFC, 0x00, 0x00, 0x00, 0x00, 0xFF, 0xF4, 0x00, 0x00, 0x00, 0x00, 0xBF, 0xF0, 0x00, 0x00, 0x00,
    0x00, 0x3F, 0xC0, 0x00, 0x00, 0x00, 0x00, 0x2F, 0xC0, 0x00, 0x00, 0x00, 0x00, 0x2F, 0xC0, 0x00,
    0x00, 0x00, 0x00, 0x2F, 0xC0, 0x00, 0x00, 0x00, 0x00, 0x2F, 0xC0, 0x00, 0x00, 0x00, 0x00, 0x2F,
    0xC0, 0x00, 0x00, 0x00, 0x00, 0x2F, 0xC0, 0x00, 0x00, 0x00, 0x00, 0x2F, 0xC0, 0x00, 0x00, 0x00,
    0x00, 0x3F, 0xC0, 0x00, 0x00, 0x00, 0x0B, 0xFF, 0xFF, 0x00, 0x00, 0x00, 0x0B, 0xFF, 0xFF, 0x00,
    0x00, 0x00, 0x00, 0x00, 0xA0, 0x00, 0x00, 0x00, 0x03, 0xFC, 0x00, 0x00, 0x00, 0x0F, 0xFC, 0x00,
    0x00, 0x00, 0x2F, 0xF0, 0x00, 0x00, 0x00, 0xBF, 0x80, 0x00, 0x00, 0x00, 0xFC, 0x00, 0x00, 0x00,
    0x03, 0xE0, 0x00, 0x00, 0x00, 0x00, 0x00, 0x00, 0x00, 0x00, 0x00, 0x00, 0x00, 0x00, 0x05, 0x55,
    0x55, 0x55, 0x50, 0x3F, 0xFF, 0xFF, 0xFF, 0xF0, 0x3F, 0xAA, 0xAA, 0xBF, 0xF0, 0x3F, 0x00, 0x00,
    0x3F, 0xE0, 0x3E, 0x00, 0x00, 0xBF, 0xC0, 0x3E, 0x00, 0x00, 0xFF, 0x00, 0x28, 0x00, 0x03, 0xFE,
    0x00, 0x00, 0x00, 0x0B, 0xFC, 0x00, 0x00, 0x00, 0x0F, 0xF0, 0x00, 0x00, 0x00, 0x3F, 0xE0, 0x00,
    0x00, 0x00, 0xBF, 0xC0, 0x00, 0x00, 0x00, 0xFF, 0x00, 0x00, 0x00, 0x03, 0xFE, 0x00, 0x00, 0x00,
    0x0B, 0xFC, 0x00, 0x00, 0x00, 0x0F, 0xF4, 0x00, 0x00, 0x00, 0x2F, 0xE0, 0x00, 0x00, 0x00, 0x7F,
    0xC0, 0x00, 0x00, 0x00, 0xFF, 0x80, 0x00, 0x00, 0x02, 0xFF, 0x00, 0x00, 0xF0, 0x03, 0xFC, 0x00,
    0x00, 0xF4, 0x0F, 0xF8, 0x00, 0x00, 0xF4, 0x2F, 0xF0, 0x00, 0x01, 0xF4, 0x3F, 0xC0, 0x00, 0x02,
    0xF4, 0xBF, 0xFF, 0xFF, 0xFF, 0xF4, 0xBF, 0xFF, 0xFF, 0xFF, 0xF4, 0x00, 0x00, 0x0A, 0x00, 0x00,
    0x00, 0x3F, 0x80, 0x00, 0x00, 0xFF, 0x80, 0x00, 0x03, 0xFF, 0x00, 0x00, 0x0B, 0xF8, 0x00, 0x00,
    0x2F, 0xC0, 0x00, 0x00, 0x7E, 0x00, 0x00, 0x00, 0x00, 0x00, 0x00, 0x00, 0x00, 0x00, 0x00, 0x2A,
    0xAA, 0xAA, 0xA0, 0xBF, 0xFF, 0xFF, 0xF0, 0xBD, 0x00, 0x3F, 0xE0, 0xBC, 0x00, 0x3F, 0xC0, 0xB8,
    0x00, 0xFF, 0x00, 0x24, 0x02, 0xFE, 0x00, 0x00, 0x07, 0xFC, 0x00, 0x00, 0x0F, 0xF0, 0x00, 0x00,
    0x3F, 0xE0, 0x00, 0x00, 0xBF, 0xC0, 0x00, 0x00, 0xFF, 0x00, 0x00, 0x03, 0xFE, 0x00, 0x00, 0x0B,
    0xF8, 0x00, 0xA0, 0x0F, 0xF0, 0x00, 0xF8, 0x3F, 0xC0, 0x00, 0xF8, 0xBF, 0x80, 0x00, 0xF8, 0xFF,
    0xFF, 0xFF, 0xF8, 0xFF, 0xFF, 0xFF, 0xF8, 0x00, 0x00, 0x00, 0x00, 0x00, 0x00, 0x00, 0xFE, 0x00,
    0x00, 0x00, 0x00, 0xFF, 0x00, 0x00, 0x00, 0x00, 0xFE, 0x00, 0x00, 0x00, 0x00, 0xB8, 0x00, 0x00,
    0x00, 0x00, 0x00, 0x00, 0x00, 0x00, 0x00, 0x00, 0x00, 0x00, 0x00, 0x00, 0x00, 0x00, 0x00, 0x05,
    0x55, 0x55, 0x55, 0x50, 0x3F, 0xFF, 0xFF, 0xFF, 0xF0, 0x3F, 0xAA, 0xAA, 0xBF, 0xF0, 0x3F, 0x00,
    0x00, 0x3F, 0xE0, 0x3E, 0x00, 0x00, 0xBF, 0xC0, 0x3E, 0x00, 0x00, 0xFF, 0x00, 0x28, 0x00, 0x03,
    0xFE, 0x00, 0x00, 0x00, 0x0B, 0xFC, 0x00, 0x00, 0x00, 0x0F, 0xF0, 0x00, 0x00, 0x00, 0x3F, 0xE0,
    0x00, 0x00, 0x00, 0xBF, 0xC0, 0x00, 0x00, 0x00, 0xFF, 0x00, 0x00, 0x00, 0x03, 0xFE, 0x00, 0x00,
    0x00, 0x0B, 0xFC, 0x00, 0x00, 0x00, 0x0F, 0xF4, 0x00, 0x00, 0x00, 0x2F, 0xE0, 0x00, 0x00, 0x00,
    0x7F, 0xC0, 0x00, 0x00, 0x00, 0xFF, 0x80, 0x00, 0x00, 0x02, 0xFF, 0x00, 0x00, 0xF0, 0x03, 0xFC,
    0x00, 0x00, 0xF4, 0x0F, 0xF8, 0x00, 0x00, 0xF4, 0x2F, 0xF0, 0x00, 0x01, 0xF4, 0x3F, 0xC0, 0x00,
    0x02, 0xF4, 0xBF, 0xFF, 0xFF, 0xFF, 0xF4, 0xBF, 0xFF, 0xFF, 0xFF, 0xF4, 0x00, 0x00, 0x00, 0x00,
    0x00, 0x0F, 0xC0, 0x00, 0x00, 0x2F, 0xE0, 0x00, 0x00, 0x2F, 0xE0, 0x00, 0x00, 0x0B, 0x80, 0x00,
    0x00, 0x00, 0x00, 0x00, 0x00, 0x00, 0x00, 0x00, 0x00, 0x00, 0x00, 0x00, 0x2A, 0xAA, 0xAA, 0xA0,
    0xBF, 0xFF, 0xFF, 0xF0, 0xBD, 0x00, 0x3F, 0xE0, 0xBC, 0x00, 0x3F, 0xC0, 0xB8, 0x00, 0xFF, 0x00,
    0x24, 0x02, 0xFE, 0x00, 0x00, 0x07, 0xFC, 0x00, 0x00, 0x0F, 0xF0, 0x00, 0x00, 0x3F, 0xE0, 0x00,
    0x00, 0xBF, 0xC0, 0x00, 0x00, 0xFF, 0x00, 0x00, 0x03, 0xFE, 0x00, 0x00, 0x0B, 0xF8, 0x00, 0xA0,
    0x0F, 0xF0, 0x00, 0xF8, 0x3F, 0xC0, 0x00, 0xF8, 0xBF, 0x80, 0x00, 0xF8, 0xFF, 0xFF, 0xFF, 0xF8,
    0xFF, 0xFF, 0xFF, 0xF8, 0x00, 0x00, 0x00, 0x00, 0x00, 0x00, 0xFC, 0x00, 0x7C, 0x00, 0x00, 0x3F,
    0x02, 0xF8, 0x00, 0x00, 0x1F, 0xCB, 0xF0, 0x00, 0x00, 0x0B, 0xFF, 0xC0, 0x00, 0x00, 0x03, 0xFF,
    0x00, 0x00, 0x00, 0x00, 0xFE, 0x00, 0x00, 0x00, 0x00, 0x00, 0x00, 0x00, 0x00, 0x00, 0x00, 0x00,
    0x00, 0x05, 0x55, 0x55, 0x55, 0x50, 0x3F, 0xFF, 0xFF, 0xFF, 0xF0, 0x3F, 0xAA, 0xAA, 0xBF, 0xF0,
    0x3F, 0x00, 0x00, 0x3F, 0xE0, 0x3E, 0x00, 0x00, 0xBF, 0xC0, 0x3E, 0x00, 0x00, 0xFF, 0x00, 0x28,
    0x00, 0x03, 0xFE, 0x00, 0x00, 0x00, 0x0B, 0xFC, 0x00, 0x00, 0x00, 0x0F, 0xF0, 0x00, 0x00, 0x00,
    0x3F, 0xE0, 0x00, 0x00, 0x00, 0xBF, 0xC0, 0x00, 0x00, 0x00, 0xFF, 0x00, 0x00, 0x00, 0x03, 0xFE,
    0x00, 0x00, 0x00, 0x0B, 0xFC, 0x00, 0x00, 0x00, 0x0F, 0xF4, 0x00, 0x00, 0x00, 0x2F, 0xE0, 0x00,
    0x00, 0x00, 0x7F, 0xC0, 0x00, 0x00, 0x00, 0xFF, 0x80, 0x00, 0x00, 0x02, 0xFF, 0x00, 0x00, 0xF0,
    0x03, 0xFC, 0x00, 0x00, 0xF4, 0x0F, 0xF8, 0x00, 0x00, 0xF4, 0x2F, 0xF0, 0x00, 0x01, 0xF4, 0x3F,
    0xC0, 0x00, 0x02, 0xF4, 0xBF, 0xFF, 0xFF, 0xFF, 0xF4, 0xBF, 0xFF, 0xFF, 0xFF, 0xF4, 0x00, 0x00,
    0x00, 0x00, 0x0F, 0x80, 0x0B, 0xC0, 0x07, 0xE0, 0x2F, 0x40, 0x02, 0xF8, 0xBE, 0x00, 0x00, 0xFF,
    0xFC, 0x00, 0x00, 0x3F, 0xF0, 0x00, 0x00, 0x1F, 0xD0, 0x00, 0x00, 0x00, 0x00, 0x00, 0x00, 0x00,
    0x00, 0x00, 0x2A, 0xAA, 0xAA, 0xA0, 0xBF, 0xFF, 0xFF, 0xF0, 0xBD, 0x00, 0x3F, 0xE0, 0xBC, 0x00,
    0x3F, 0xC0, 0xB8, 0x00, 0xFF, 0x00, 0x24, 0x02, 0xFE, 0x00, 0x00, 0x07, 0xFC, 0x00, 0x00, 0x0F,
    0xF0, 0x00, 0x00, 0x3F, 0xE0, 0x00, 0x00, 0xBF, 0xC0, 0x00, 0x00, 0xFF, 0x00, 0x00, 0x03, 0xFE,
    0x00, 0x00, 0x0B, 0xF8, 0x00, 0xA0, 0x0F, 0xF0, 0x00, 0xF8, 0x3F, 0xC0, 0x00, 0xF8, 0xBF, 0x80,
    0x00, 0xF8, 0xFF, 0xFF, 0xFF, 0xF8, 0xFF, 0xFF, 0xFF, 0xF8, 0x0A, 0x00, 0x00, 0x3F, 0xC0, 0x00,
    0x3F, 0xE0, 0x00, 0x0F, 0xF8, 0x00, 0x02, 0xFD, 0x00, 0x00, 0x7F, 0x00, 0x00, 0x0B, 0xC0, 0x00,
    0x00, 0x00, 0x00, 0x02, 0x80, 0x00, 0x1F, 0xC0, 0x00, 0x3F, 0xD0, 0x00, 0xFF, 0x80, 0x03, 0xFD,
    0x00, 0x0F, 0xE0, 0x00, 0x2F, 0x00, 0x00, 0x00, 0x00, 0x00, 0x00, 0x00, 0x00, 0x00, 0x00, 0xBF,
    0x00, 0x00, 0x02, 0xFF, 0xC0, 0x00, 0x03, 0xFF, 0xE0, 0x00, 0x0F, 0xC3, 0xF4, 0x00, 0x2F, 0x00,
    0xFC, 0x00, 0xBC, 0x00, 0x3F, 0x00, 0x00, 0x00, 0x00, 0x00, 0x00, 0x00, 0x00, 0x00, 0x03, 0xFE,
    0x01, 0xC0, 0x0F, 0xFF, 0xEB, 0xC0, 0x2E, 0x1F, 0xFF, 0x00, 0x38, 0x01, 0xF8, 0x00, 0xAA, 0xAA,
    0xAA, 0x00, 0xFF, 0xFF, 0xFF, 0x00, 0xFF, 0xFF, 0xFF, 0x00, 0x10, 0x00, 0x04, 0x38, 0x00, 0x0E,
    0x3E, 0x00, 0x3C, 0x2F, 0xEA, 0xFC, 0x0F, 0xFF, 0xF0, 0x02, 0xFF, 0x80, 0x00, 0x00, 0x00, 0x00,
    0x00, 0xBF, 0x00, 0xFF, 0x00, 0xBF, 0x00, 0x2E, 0x00, 0x00, 0x00, 0x00, 0x00, 0x3F, 0x00, 0xBE,
    0x00, 0xBF, 0x80, 0xFF, 0x00, 0x7F, 0x40, 0xFF, 0x00, 0x2E, 0x00, 0x3C, 0x00, 0x00, 0xA8, 0x00,
    0x0B, 0xFF, 0x00, 0x2F, 0x9F, 0xC0, 0x3C, 0x03, 0xD0, 0x3C, 0x02, 0xE0, 0x3C, 0x02, 0xE0, 0x3E,
    0x03, 0xC0, 0x0F, 0xFF, 0x80, 0x03, 0xFE, 0x00, 0x00, 0x00, 0x00, 0x00, 0x02, 0x40, 0x09, 0x00,
    0x00, 0x2F, 0xC0, 0xBF, 0x00, 0x00, 0x7F, 0xC0, 0xFF, 0x00, 0x00, 0xFF, 0x83, 0xFE, 0x00, 0x03,
    0xFC, 0x0F, 0xF0, 0x00, 0x0F, 0xE0, 0x3F, 0x80, 0x00, 0x3F, 0x00, 0xFC, 0x00, 0x00, 0x00, 0x00,
    0x00, 0x00, 0x00, 0x00, 0x00, 0x00, 0x00, 0x7C, 0x00, 0x3F, 0x00, 0x2F, 0x00, 0xFC, 0x00, 0x0F,
    0xD3, 0xF0, 0x00, 0x03, 0xFF, 0xE0, 0x00, 0x02, 0xFF, 0xC0, 0x00, 0x00, 0xBF, 0x00, 0x00, 0x00,
    0x00, 0x00, 0x00, 0x00, 0x00, 0x2F, 0x80, 0x3F, 0xC0, 0x3F, 0xE0, 0x02, 0xE0, 0x02, 0xC0, 0x0B,
    0x80, 0x3E, 0x00, 0x20, 0x00, 0x00, 0x00, 0x0B, 0x00, 0x0B, 0x00, 0x0B, 0x00, 0x0B, 0xF8, 0x0B,
    0xFC, 0x00, 0x3D, 0x00, 0x3C, 0xAB, 0xFC, 0x7F, 0xE0, 0x00, 0x00, 0x00, 0x00, 0x0F, 0x00, 0x3C,
    0x00, 0xB8, 0x00, 0xF8, 0x00, 0xFE, 0x20, 0x7F, 0xFC, 0x0B, 0xA0, 0x00, 0x28, 0x00, 0x00, 0x00,
    0x00, 0xBF, 0x00, 0x00, 0x00, 0x00, 0xBF, 0xC0, 0x00, 0x00, 0x00, 0x3F, 0xF0, 0x00, 0x00, 0x00,
    0x0B, 0xF8, 0x00, 0x00, 0x00, 0x00, 0xFE, 0x00, 0x00, 0x00, 0x00, 0x2F, 0x40, 0x00, 0x00, 0x00,
    0x00, 0x00, 0x00, 0x00, 0x00, 0x00, 0x00, 0x00, 0x55, 0x55, 0x55, 0x55, 0x40, 0xFF, 0xFF, 0xFF,
    0xFF, 0xE0, 0x2F, 0xFE, 0xAA, 0xAB, 0xE0, 0x03, 0xF8, 0x00, 0x03, 0xE0, 0x03, 0xF8, 0x00, 0x03,
    0xE0, 0x03, 0xF8, 0x00, 0x02, 0xE0, 0x03, 0xF8, 0x00, 0x00, 0x00, 0x03, 0xF8, 0x00, 0x00, 0x00,
    0x03, 0xF8, 0x00, 0x38, 0x00, 0x03, 0xF8, 0x00, 0x7C, 0x00, 0x03, 0xF8, 0x00, 0xBC, 0x00, 0x03,
    0xFE, 0xAA, 0xFC, 0x00, 0x03, 0xFF, 0xFF, 0xFC, 0x00, 0x03, 0xF8, 0x00, 0xFC, 0x00, 0x03, 0xF8,
    0x00, 0xBC, 0x00, 0x03, 0xF8, 0x00, 0x3C, 0x00, 0x03, 0xF8, 0x00, 0x10, 0x00, 0x03, 0xF8, 0x00,
    0x00, 0x00, 0x03, 0xF8, 0x00, 0x00, 0x00, 0x03, 0xF8, 0x00, 0x00, 0x3C, 0x03, 0xF8, 0x00, 0x00,
    0xBC, 0x03, 0xF8, 0x00, 0x00, 0xBC, 0x0B, 0xF8, 0x00, 0x00, 0xFC, 0xFF, 0xFF, 0xFF, 0xFF, 0xFC,
    0xFF, 0xFF, 0xFF, 0xFF, 0xFC, 0x00, 0x00, 0x00, 0x00, 0x00, 0x00, 0xFD, 0x00, 0xFC, 0x00, 0x00,
    0xFF, 0x03, 0xFC, 0x00, 0x00, 0xFE, 0x02, 0xFC, 0x00, 0x00, 0x78, 0x00, 0xB4, 0x00, 0x00, 0x00,
    0x00, 0x00, 0x00, 0x00, 0x00, 0x00, 0x00, 0x00, 0x00, 0x00, 0x00, 0x00, 0x00, 0x55, 0x55, 0x55,
    0x55, 0x40, 0xFF, 0xFF, 0xFF, 0xFF, 0xE0, 0x2F, 0xFE, 0xAA, 0xAB, 0xE0, 0x03, 0xF8, 0x00, 0x03,
    0xE0, 0x03, 0xF8, 0x00, 0x03, 0xE0, 0x03, 0xF8, 0x00, 0x02, 0xE0, 0x03, 0xF8, 0x00, 0x00, 0x00,
    0x03, 0xF8, 0x00, 0x00, 0x00, 0x03, 0xF8, 0x00, 0x38, 0x00, 0x03, 0xF8, 0x00, 0x7C, 0x00, 0x03,
    0xF8, 0x00, 0xBC, 0x00, 0x03, 0xFE, 0xAA, 0xFC, 0x00, 0x03, 0xFF, 0xFF, 0xFC, 0x00, 0x03, 0xF8,
    0x00, 0xFC, 0x00, 0x03, 0xF8, 0x00, 0xBC, 0x00, 0x03, 0xF8, 0x00, 0x3C, 0x00, 0x03, 0xF8, 0x00,
    0x10, 0x00, 0x03, 0xF8, 0x00, 0x00, 0x00, 0x03, 0xF8, 0x00, 0x00, 0x00, 0x03, 0xF8, 0x00, 0x00,
    0x3C, 0x03, 0xF8, 0x00, 0x00, 0xBC, 0x03, 0xF8, 0x00, 0x00, 0xBC, 0x0B, 0xF8, 0x00, 0x00, 0xFC,
    0xFF, 0xFF, 0xFF, 0xFF, 0xFC, 0xFF, 0xFF, 0xFF, 0xFF, 0xFC, 0x15, 0x55, 0x55, 0x55, 0x40, 0x00,
    0x00, 0xBF, 0xFF, 0xFF, 0xFF, 0xD0, 0x00, 0x00, 0xBF, 0xAB, 0xFE, 0xAF, 0xD0, 0x00, 0x00, 0xBC,
    0x03, 0xFC, 0x03, 0xD0, 0x00, 0x00, 0xBC, 0x03, 0xFC, 0x03, 0xD0, 0x00, 0x00, 0xB8, 0x03, 0xFC,
    0x03, 0xD0, 0x00, 0x00, 0x20, 0x03, 0xFC, 0x01, 0x80, 0x00, 0x00, 0x00, 0x03, 0xFC, 0x00, 0x00,
    0x00, 0x00, 0x00, 0x03, 0xFC, 0x00, 0x90, 0x00, 0x00, 0x00, 0x03, 0xFC, 0x2F, 0xFF, 0x80, 0x00,
    0x00, 0x03, 0xFF, 0xFF, 0xFF, 0xE0, 0x00, 0x00, 0x03, 0xFF, 0xFA, 0xFF, 0xFC, 0x00, 0x00, 0x03,
    0xFF, 0x00, 0x0B, 0xFE, 0x00, 0x00, 0x03, 0xFC, 0x00, 0x02, 0xFF, 0x00, 0x00, 0x03, 0xFC, 0x00,
    0x00, 0xFF, 0x00, 0x00, 0x03, 0xFC, 0x00, 0x00, 0x7F, 0x80, 0x00, 0x03, 0xFC, 0x00, 0x00, 0x3F,
    0x80, 0x00, 0x03, 0xFC, 0x00, 0x00, 0x3F, 0x80, 0x00, 0x03, 0xFC, 0x00, 0x00, 0x3F, 0x80, 0x00,
    0x03, 0xFC, 0x00, 0x00, 0x7F, 0x40, 0x00, 0x03, 0xFC, 0x00, 0x00, 0xBF, 0x00, 0x00, 0x03, 0xFC,
    0x00, 0x00, 0xFF, 0x00, 0x00, 0x03, 0xFC, 0x00, 0x03, 0xFC, 0x00, 0x00, 0xBF, 0xFF, 0xC0, 0x2F,
    0xF0, 0x00, 0x00, 0xBF, 0xFF, 0xC0, 0xBF, 0x80, 0x00, 0x00, 0x00, 0x00, 0x00, 0x00, 0x00, 0x00,
    0x00, 0x00, 0x00, 0xA0, 0x00, 0x00, 0x00, 0x03, 0xF8, 0x00, 0x00, 0x00, 0x0F, 0xFC, 0x00, 0x00,
    0x00, 0x3F, 0xF0, 0x00, 0x00, 0x00, 0xBF, 0x80, 0x00, 0x00, 0x02, 0xFC, 0x00, 0x00, 0x00, 0x03,
    0xE0, 0x00, 0x00, 0x00, 0x00, 0x00, 0x00, 0x00, 0x00, 0x00, 0x00, 0x00, 0x00, 0x15, 0x55, 0x55,
    0x55, 0x50, 0x3F, 0xFF, 0xFF, 0xFF, 0xF0, 0x1B, 0xFF, 0xAA, 0xAB, 0xF0, 0x00, 0xFE, 0x00, 0x00,
    0xF0, 0x00, 0xFE, 0x00, 0x00, 0xF0, 0x00, 0xFE, 0x00, 0x00, 0xF0, 0x00, 0xFE, 0x00, 0x00, 0xF0,
    0x00, 0xFE, 0x00, 0x00, 0x10, 0x00, 0xFE, 0x00, 0x00, 0x00, 0x00, 0xFE, 0x00, 0x00, 0x00, 0x00,
    0xFE, 0x00, 0x00, 0x00, 0x00, 0xFE, 0x00, 0x00, 0x00, 0x00, 0xFE, 0x00, 0x00, 0x00, 0x00, 0xFE,
    0x00, 0x00, 0x00, 0x00, 0xFE, 0x00, 0x00, 0x00, 0x00, 0xFE, 0x00, 0x00, 0x00, 0x00, 0xFE, 0x00,
    0x00, 0x00, 0x00, 0xFE, 0x00, 0x00, 0x00, 0x00, 0xFE, 0x00, 0x00, 0x00, 0x00, 0xFE, 0x00, 0x00,
    0x00, 0x00, 0xFE, 0x00, 0x00, 0x00, 0x00, 0xFE, 0x00, 0x00, 0x00, 0x01, 0xFE, 0x00, 0x00, 0x00,
    0x3F, 0xFF, 0xF0, 0x00, 0x00, 0x3F, 0xFF, 0xF0, 0x00, 0x00, 0x00, 0x00, 0x00, 0x00, 0x00, 0x00,
    0x00, 0x00, 0x2F, 0xFE, 0x90, 0x00, 0x00, 0x0B, 0xFF, 0xFF, 0xFF, 0x00, 0x00, 0x3F, 0xF8, 0x02,
    0xFF, 0x00, 0x00, 0xFF, 0x40, 0x00, 0x3F, 0x00, 0x03, 0xFC, 0x00, 0x00, 0x2F, 0x00, 0x0B, 0xF0,
    0x00, 0x00, 0x0F, 0x00, 0x0F, 0xE0, 0x00, 0x00, 0x0F, 0x00, 0x2F, 0xC0, 0x00, 0x00, 0x00, 0x00,
    0x3F, 0xC0, 0x00, 0x00, 0x00, 0x00, 0x3F, 0x80, 0x00, 0x00, 0x00, 0x00, 0xBF, 0x40, 0x00, 0x00,
    0x00, 0x00, 0xBF, 0x95, 0x55, 0x50, 0x00, 0x00, 0xBF, 0xFF, 0xFF, 0xF0, 0x00, 0x00, 0xBF, 0xAA,
    0xAA, 0xA0, 0x00, 0x00, 0xBF, 0x40, 0x00, 0x00, 0x00, 0x00, 0x7F, 0x80, 0x00, 0x00, 0x00, 0x00,
    0x3F, 0xC0, 0x00, 0x00, 0x00, 0x00, 0x3F, 0xC0, 0x00, 0x00, 0x00, 0x00, 0x1F, 0xE0, 0x00, 0x00,
    0x0A, 0x00, 0x0F, 0xF0, 0x00, 0x00, 0x0F, 0x00, 0x03, 0xFC, 0x00, 0x00, 0x2F, 0x00, 0x02, 0xFF,
    0x00, 0x00, 0x2F, 0x00, 0x00, 0xBF, 0xE0, 0x00, 0x3F, 0x00, 0x00, 0x0F, 0xFF, 0xAB, 0xFF, 0x00,
    0x00, 0x02, 0xFF, 0xFF, 0xFA, 0x00, 0x00, 0x00, 0x01, 0xA4, 0x00, 0x00, 0x00, 0x00, 0x00, 0x00,
    0x00, 0x00, 0x0B, 0xFF, 0x90, 0x00, 0x00, 0xFF, 0xFF, 0xFE, 0x00, 0x07, 0xFE, 0x02, 0xFE, 0x00,
    0x0F, 0xF0, 0x00, 0x3E, 0x00, 0x2F, 0xC0, 0x00, 0x3E, 0x00, 0x3F, 0xC0, 0x00, 0x3E, 0x00, 0x3F,
    0xC0, 0x00, 0x2E, 0x00, 0x3F, 0xC0, 0x00, 0x00, 0x00, 0x3F, 0xE0, 0x00, 0x00, 0x00, 0x3F, 0xF8,
    0x00, 0x00, 0x00, 0x0F, 0xFF, 0x80, 0x00, 0x00, 0x03, 0xFF, 0xF8, 0x00, 0x00, 0x00, 0xFF, 0xFF,
    0xC0, 0x00, 0x00, 0x0F, 0xFF, 0xF4, 0x00, 0x00, 0x00, 0xFF, 0xFE, 0x00, 0x00, 0x00, 0x1F, 0xFF,
    0x00, 0x00, 0x00, 0x02, 0xFF, 0x00, 0x00, 0x00, 0x00, 0xFF, 0x80, 0xBC, 0x00, 0x00, 0xBF, 0x80,
    0xBC, 0x00, 0x00, 0x7F, 0x00, 0xBC, 0x00, 0x00, 0xBF, 0x00, 0xBC, 0x00, 0x00, 0xFE, 0x00, 0xBF,
    0x00, 0x0B, 0xFC, 0x00, 0xBF, 0xFE, 0xFF, 0xF0, 0x00, 0x2F, 0xFF, 0xFF, 0x40, 0x00, 0x00, 0x1A,
    0x40, 0x00, 0x00, 0x15, 0x55, 0x40, 0xFF, 0xFF, 0xF0, 0x2B, 0xFE, 0x80, 0x03, 0xFC, 0x00, 0x03,
    0xFC, 0x00, 0x03, 0xFC, 0x00, 0x03, 0xFC, 0x00, 0x03, 0xFC, 0x00, 0x03, 0xFC, 0x00, 0x03, 0xFC,
    0x00, 0x03, 0xFC, 0x00, 0x03, 0xFC, 0x00, 0x03, 0xFC, 0x00, 0x03, 0xFC, 0x00, 0x03, 0xFC, 0x00,
    0x03, 0xFC, 0x00, 0x03, 0xFC, 0x00, 0x03, 0xFC, 0x00, 0x03, 0xFC, 0x00, 0x03, 0xFC, 0x00, 0x03,
    0xFC, 0x00, 0x03, 0xFC, 0x00, 0x03, 0xFC, 0x00, 0xFF, 0xFF, 0xE0, 0xFF, 0xFF, 0xE0, 0x00, 0x00,
    0x00, 0x7F, 0x00, 0xFC, 0xFF, 0x00, 0xFE, 0xBF, 0x00, 0xFE, 0x2D, 0x00, 0xB8, 0x00, 0x00, 0x00,
    0x00, 0x00, 0x00, 0x00, 0x00, 0x00, 0x05, 0x55, 0x50, 0x3F, 0xFF, 0xFC, 0x0A, 0xFF, 0xA0, 0x00,
    0xFF, 0x00, 0x00, 0xFF, 0x00, 0x00, 0xFF, 0x00, 0x00, 0xFF, 0x00, 0x00, 0xFF, 0x00, 0x00, 0xFF,
    0x00, 0x00, 0xFF, 0x00, 0x00, 0xFF, 0x00, 0x00, 0xFF, 0x00, 0x00, 0xFF, 0x00, 0x00, 0xFF, 0x00,
    0x00, 0xFF, 0x00, 0x00, 0xFF, 0x00, 0x00, 0xFF, 0x00, 0x00, 0xFF, 0x00, 0x00, 0xFF, 0x00, 0x00,
    0xFF, 0x00, 0x00, 0xFF, 0x00, 0x00, 0xFF, 0x00, 0x00, 0xFF, 0x00, 0x3F, 0xFF, 0xF8, 0x3F, 0xFF,
    0xF8, 0x00, 0x01, 0x55, 0x55, 0x00, 0x00, 0x03, 0xFF, 0xFF, 0x80, 0x00, 0x00, 0xAF, 0xF9, 0x00,
    0x00, 0x00, 0x0F, 0xF0, 0x00, 0x00, 0x00, 0x0F, 0xE0, 0x00, 0x00, 0x00, 0x0F, 0xE0, 0x00, 0x00,
    0x00, 0x0F, 0xE0, 0x00, 0x00, 0x00, 0x0F, 0xE0, 0x00, 0x00, 0x00, 0x0F, 0xE0, 0x00, 0x00, 0x00,
    0x0F, 0xE0, 0x00, 0x00, 0x00, 0x0F, 0xE0, 0x00, 0x00, 0x00, 0x0F, 0xE0, 0x00, 0x00, 0x00, 0x0F,
    0xE0, 0x00, 0x00, 0x00, 0x0F, 0xE0, 0x00, 0x00, 0x00, 0x0F, 0xE0, 0x00, 0x00, 0x00, 0x0F, 0xE0,
    0x00, 0x00, 0x00, 0x0F, 0xE0, 0x00, 0x00, 0x00, 0x0F, 0xE0, 0x00, 0x3C, 0x00, 0x0F, 0xE0, 0x00,
    0x3D, 0x00, 0x1F, 0xC0, 0x00, 0x3E, 0x00, 0x2F, 0xC0, 0x00, 0x3E, 0x00, 0x3F, 0xC0, 0x00, 0x3F,
    0x00, 0xFF, 0x00, 0x00, 0x3F, 0xEB, 0xFD, 0x00, 0x00, 0x2F, 0xFF, 0xF0, 0x00, 0x00, 0x00, 0x68,
    0x00, 0x00, 0x00, 0x00, 0x05, 0x55, 0x55, 0x55, 0x55, 0x00, 0x00, 0x00, 0x00, 0x0F, 0xFF, 0xFF,
    0xFF, 0xFF, 0x40, 0x00, 0x00, 0x00, 0x06, 0xBE, 0xAA, 0xBF, 0xE9, 0x00, 0x00, 0x00, 0x00, 0x00,
    0x3C, 0x00, 0x2F, 0xC0, 0x00, 0x00, 0x00, 0x00, 0x00, 0x3C, 0x00, 0x2F, 0xC0, 0x00, 0x00, 0x00,
    0x00, 0x00, 0x3C, 0x00, 0x2F, 0xC0, 0x00, 0x00, 0x00, 0x00, 0x00, 0x3C, 0x00, 0x2F, 0xC0, 0x00,
    0x00, 0x00, 0x00, 0x00, 0x3C, 0x00, 0x2F, 0xC0, 0x00, 0x00, 0x00, 0x00, 0x00, 0x3C, 0x00, 0x2F,
    0xC0, 0x00, 0x00, 0x00, 0x00, 0x00, 0x3C, 0x00, 0x2F, 0xD0, 0x00, 0x00, 0x00, 0x00, 0x00, 0x7C,
    0x00, 0x2F, 0xFF, 0xFE, 0x00, 0x00, 0x00, 0x00, 0xBC, 0x00, 0x2F, 0xFA, 0xFF, 0xE0, 0x00, 0x00,
    0x00, 0xBC, 0x00, 0x2F, 0xC0, 0x0F, 0xFC, 0x00, 0x00, 0x00, 0xBC, 0x00, 0x2F, 0xC0, 0x02, 0xFE,
    0x00, 0x00, 0x00, 0xB8, 0x00, 0x2F, 0xC0, 0x00, 0xFF, 0x00, 0x00, 0x00, 0xF8, 0x00, 0x2F, 0xC0,
    0x00, 0xFF, 0x80, 0x00, 0x00, 0xF8, 0x00, 0x2F, 0xC0, 0x00, 0xBF, 0x80, 0x00, 0x00, 0xF0, 0x00,
    0x2F, 0xC0, 0x00, 0xBF, 0x80, 0x00, 0x01, 0xF0, 0x00, 0x2F, 0xC0, 0x00, 0xBF, 0x80, 0x00, 0x02,
    0xF0, 0x00, 0x2F, 0xC0, 0x00, 0xFF, 0x80, 0x00, 0x03, 0xE0, 0x00, 0x2F, 0xC0, 0x00, 0xFF, 0x00,
    0x28, 0x0F, 0xC0, 0x00, 0x2F, 0xC0, 0x03, 0xFF, 0x00, 0xFF, 0xFF, 0x80, 0x00, 0x2F, 0xC0, 0x1F,
    0xFC, 0x00, 0xFF, 0xFE, 0x00, 0x0B, 0xFF, 0xFF, 0xFF, 0xE0, 0x00, 0xBF, 0xF8, 0x00, 0x0B, 0xFF,
    0xFF, 0xF9, 0x00, 0x00, 0x09, 0x00, 0x00, 0x00, 0x00, 0x00, 0x00, 0x00, 0x00, 0x55, 0x55, 0x40,
    0x15, 0x55, 0x50, 0x00, 0x00, 0xFF, 0xFF, 0xC0, 0x3F, 0xFF, 0xF8, 0x00, 0x00, 0x6F, 0xFE, 0x40,
    0x1B, 0xFF, 0xA0, 0x00, 0x00, 0x03, 0xF8, 0x00, 0x01, 0xFE, 0x00, 0x00, 0x00, 0x03, 0xF8, 0x00,
    0x01, 0xFE, 0x00, 0x00, 0x00, 0x03, 0xF8, 0x00, 0x01, 0xFE, 0x00, 0x00, 0x00, 0x03, 0xF8, 0x00,
    0x01, 0xFE, 0x00, 0x00, 0x00, 0x03, 0xF8, 0x00, 0x01, 0xFE, 0x00, 0x00, 0x00, 0x03, 0xF8, 0x00,
    0x01, 0xFE, 0x00, 0x00, 0x00, 0x03, 0xF8, 0x00, 0x01, 0xFE, 0x00, 0x00, 0x00, 0x03, 0xF8, 0x00,
    0x02, 0xFF, 0xFF, 0xE0, 0x00, 0x03, 0xFF, 0xFF, 0xFF, 0xFF, 0xFF, 0xFF, 0x00, 0x03, 0xFF, 0xFF,
    0xFF, 0xFE, 0x00, 0xBF, 0xC0, 0x03, 0xF8, 0x00, 0x01, 0xFE, 0x00, 0x0F, 0xF0, 0x03, 0xF8, 0x00,
    0x01, 0xFE, 0x00, 0x0B, 0xF8, 0x03, 0xF8, 0x00, 0x01, 0xFE, 0x00, 0x03, 0xFC, 0x03, 0xF8, 0x00,
    0x01, 0xFE, 0x00, 0x03, 0xFC, 0x03, 0xF8, 0x00, 0x01, 0xFE, 0x00, 0x03, 0xFC, 0x03, 0xF8, 0x00,
    0x01, 0xFE, 0x00, 0x03, 0xFC, 0x03, 0xF8, 0x00, 0x01, 0xFE, 0x00, 0x07, 0xFC, 0x03, 0xF8, 0x00,
    0x01, 0xFE, 0x00, 0x0F, 0xF8, 0x03, 0xF8, 0x00, 0x01, 0xFE, 0x00, 0x2F, 0xF0, 0x0B, 0xF8, 0x00,
    0x02, 0xFE, 0x00, 0xBF, 0xD0, 0xFF, 0xFF, 0xC0, 0x3F, 0xFF, 0xFF, 0xFF, 0x00, 0xFF, 0xFF, 0xC0,
    0x3F, 0xFF, 0xFF, 0xA0, 0x00, 0x15, 0x55, 0x55, 0x55, 0x50, 0x00, 0x00, 0xBF, 0xFF, 0xFF, 0xFF,
    0xF0, 0x00, 0x00, 0xBE, 0xAB, 0xFE, 0xAB, 0xF0, 0x00, 0x00, 0xBC, 0x02, 0xFC, 0x00, 0xF0, 0x00,
    0x00, 0xB8, 0x02, 0xFC, 0x00, 0xF0, 0x00, 0x00, 0xB8, 0x02, 0xFC, 0x00, 0xF0, 0x00, 0x00, 0x20,
    0x02, 0xFC, 0x00, 0xA0, 0x00, 0x00, 0x00, 0x02, 0xFC, 0x00, 0x00, 0x00, 0x00, 0x00, 0x02, 0xFC,
    0x00, 0x00, 0x00, 0x00, 0x00, 0x02, 0xFC, 0x01, 0xA4, 0x00, 0x00, 0x00, 0x02, 0xFC, 0x2F, 0xFF,
    0x80, 0x00, 0x00, 0x02, 0xFF, 0xFF, 0xFF, 0xE0, 0x00, 0x00, 0x02, 0xFF, 0xFA, 0xBF, 0xF0, 0x00,
    0x00, 0x02, 0xFF, 0x40, 0x0F, 0xF0, 0x00, 0x00, 0x02, 0xFC, 0x00, 0x0B, 0xF8, 0x00, 0x00, 0x02,
    0xFC, 0x00, 0x03, 0xF8, 0x00, 0x00, 0x02, 0xFC, 0x00, 0x03, 0xF8, 0x00, 0x00, 0x02, 0xFC, 0x00,
    0x03, 0xF8, 0x00, 0x00, 0x02, 0xFC, 0x00, 0x03, 0xF8, 0x00, 0x00, 0x02, 0xFC, 0x00, 0x03, 0xF8,
    0x00, 0x00, 0x02, 0xFC, 0x00, 0x03, 0xF8, 0x00, 0x00, 0x02, 0xFC, 0x00, 0x03, 0xF8, 0x00, 0x00,
    0x02, 0xFC, 0x00, 0x0B, 0xF8, 0x00, 0x00, 0x3F, 0xFF, 0xE0, 0xBF, 0xFF, 0xC0, 0x00, 0x3F, 0xFF,
    0xE0, 0xFF, 0xFF, 0xC0, 0x00, 0x00, 0x00, 0x19, 0x00, 0x00, 0x00, 0x00, 0x00, 0xBF, 0x00, 0x00,
    0x00, 0x00, 0x02, 0xFF, 0x00, 0x00, 0x00, 0x00, 0x07, 0xFE, 0x00, 0x00, 0x00, 0x00, 0x0F, 0xF0,
    0x00, 0x00, 0x00, 0x00, 0x3F, 0x80, 0x00, 0x00, 0x00, 0x00, 0xF8, 0x00, 0x00, 0x00, 0x00, 0x00,
    0x00, 0x00, 0x00, 0x00, 0x00, 0x00, 0x00, 0x00, 0x00, 0x00, 0x55, 0x55, 0x40, 0x00, 0xBF, 0x80,
    0xFF, 0xFF, 0xC0, 0x03, 0xFF, 0xE0, 0x2F, 0xFE, 0x40, 0x0B, 0xFF, 0xE0, 0x03, 0xF8, 0x00, 0x0F,
    0xAF, 0xD0, 0x03, 0xF8, 0x00, 0x2E, 0x00, 0x80, 0x03, 0xF8, 0x00, 0x3C, 0x00, 0x00, 0x03, 0xF8,
    0x00, 0x3C, 0x00, 0x00, 0x03, 0xF8, 0x00, 0xB8, 0x00, 0x00, 0x03, 0xF8, 0x00, 0xF0, 0x00, 0x00,
    0x03, 0xF8, 0x02, 0xF0, 0x00, 0x00, 0x03, 0xF8, 0x03, 0xD0, 0x00, 0x00, 0x03, 0xF8, 0x2F, 0x80,
    0x00, 0x00, 0x03, 0xFF, 0xFF, 0x00, 0x00, 0x00, 0x03, 0xFF, 0xFE, 0x00, 0x00, 0x00, 0x03, 0xF9,
    0xBF, 0xC0, 0x00, 0x00, 0x03, 0xF8, 0x0F, 0xF0, 0x00, 0x00, 0x03, 0xF8, 0x07, 0xF8, 0x00, 0x00,
    0x03, 0xF8, 0x02, 0xFD, 0x00, 0x00, 0x03, 0xF8, 0x00, 0xFF, 0x00, 0x00, 0x03, 0xF8, 0x00, 0x3F,
    0xC0, 0x00, 0x03, 0xF8, 0x00, 0x2F, 0xE0, 0x00, 0x03, 0xF8, 0x00, 0x0F, 0xF0, 0x00, 0x07, 0xF8,
    0x00, 0x03, 0xFC, 0x00, 0xFF, 0xFF, 0xC0, 0x01, 0xFF, 0xF0, 0xFF, 0xFF, 0xC0, 0x00, 0xFF, 0xF0,
    0x00, 0x02, 0x90, 0x00, 0x00, 0x00, 0x00, 0x03, 0xF8, 0x00, 0x00, 0x00, 0x00, 0x03, 0xFC, 0x00,
    0x00, 0x00, 0x00, 0x02, 0xFF, 0x00, 0x00, 0x00, 0x00, 0x00, 0x3F, 0xC0, 0x00, 0x00, 0x00, 0x00,
    0x0B, 0xF0, 0x00, 0x00, 0x00, 0x00, 0x00, 0xFC, 0x00, 0x00, 0x00, 0x00, 0x00, 0x00, 0x00, 0x00,
    0x00, 0x00, 0x00, 0x00, 0x00, 0x00, 0x55, 0x55, 0x40, 0x01, 0x55, 0x54, 0xFF, 0xFF, 0xE0, 0x0B,
    0xFF, 0xFE, 0x2F, 0xFE, 0x40, 0x01, 0xBF, 0xE4, 0x03, 0xF8, 0x00, 0x00, 0x3F, 0xC0, 0x03, 0xF8,
    0x00, 0x00, 0x3F, 0xC0, 0x03, 0xF8, 0x00, 0x00, 0xFF, 0xC0, 0x03, 0xF8, 0x00, 0x03, 0xFF, 0xC0,
    0x03, 0xF8, 0x00, 0x0B, 0xFF, 0xC0, 0x03, 0xF8, 0x00, 0x2F, 0xBF, 0xC0, 0x03, 0xF8, 0x00, 0x3E,
    0x3F, 0xC0, 0x03, 0xF8, 0x00, 0xFC, 0x3F, 0xC0, 0x03, 0xF8, 0x03, 0xF0, 0x3F, 0xC0, 0x03, 0xF8,
    0x0B, 0xC0, 0x3F, 0xC0, 0x03, 0xF8, 0x2F, 0x80, 0x3F, 0xC0, 0x03, 0xF8, 0x7E, 0x00, 0x3F, 0xC0,
    0x03, 0xF8, 0xFC, 0x00, 0x3F, 0xC0, 0x03, 0xFB, 0xF0, 0x00, 0x3F, 0xC0, 0x03, 0xFF, 0xC0, 0x00,
    0x3F, 0xC0, 0x03, 0xFF, 0x40, 0x00, 0x3F, 0xC0, 0x03, 0xFE, 0x00, 0x00, 0x3F, 0xC0, 0x03, 0xF8,
    0x00, 0x00, 0x3F, 0xC0, 0x03, 0xF8, 0x00, 0x00, 0x3F, 0xC0, 0x07, 0xF8, 0x00, 0x00, 0x3F, 0xC0,
    0xFF, 0xFF, 0xC0, 0x0B, 0xFF, 0xFE, 0xFF, 0xFF, 0xD0, 0x0B, 0xFF, 0xFE, 0x00, 0x00, 0x28, 0x01,
    0xA0, 0x00, 0x00, 0x00, 0x00, 0xBF, 0x03, 0xF4, 0x00, 0x00, 0x00, 0x00, 0xFE, 0x02, 0xF8, 0x00,
    0x00, 0x00, 0x00, 0xB8, 0x00, 0xF0, 0x00, 0x00, 0x00, 0x00, 0x3E, 0x07, 0xE0, 0x00, 0x00, 0x00,
    0x00, 0x0B, 0xFF, 0x00, 0x00, 0x00, 0x00, 0x00, 0x00, 0x00, 0x00, 0x00, 0x00, 0x00, 0x00, 0x00,
    0x00, 0x00, 0x00, 0x00, 0x15, 0x55, 0x50, 0x00, 0x15, 0x55, 0x40, 0xFF, 0xFF, 0xF8, 0x00, 0xBF,
    0xFF, 0xC0, 0x2B, 0xFF, 0x90, 0x00, 0x1B, 0xFA, 0x40, 0x02, 0xFF, 0x00, 0x00, 0x03, 0xF0, 0x00,
    0x00, 0xFF, 0x80, 0x00, 0x0B, 0xD0, 0x00, 0x00, 0xBF, 0xC0, 0x00, 0x0F, 0xC0, 0x00, 0x00, 0x3F,
    0xE0, 0x00, 0x2F, 0x40, 0x00, 0x00, 0x2F, 0xF0, 0x00, 0x3F, 0x00, 0x00, 0x00, 0x0F, 0xF8, 0x00,
    0x7E, 0x00, 0x00, 0x00, 0x0B, 0xFC, 0x00, 0xFC, 0x00, 0x00, 0x00, 0x03, 0xFE, 0x01, 0xF8, 0x00,
    0x00, 0x00, 0x01, 0xFF, 0x03, 0xF0, 0x00, 0x00, 0x00, 0x00, 0xFF, 0x83, 0xE0, 0x00, 0x00, 0x00,
    0x00, 0x3F, 0xCF, 0xC0, 0x00, 0x00, 0x00, 0x00, 0x3F, 0xFF, 0x80, 0x00, 0x00, 0x00, 0x00, 0x0F,
    0xFF, 0x00, 0x00, 0x00, 0x00, 0x00, 0x0B, 0xFE, 0x00, 0x00, 0x00, 0x00, 0x00, 0x03, 0xFC, 0x00,
    0x00, 0x00, 0x00, 0x00, 0x02, 0xF8, 0x00, 0x00, 0x00, 0x00, 0x00, 0x02, 0xF0, 0x00, 0x00, 0x00,
    0x00, 0x00, 0x03, 0xE0, 0x00, 0x00, 0x00, 0x00, 0x7E, 0x0F, 0xC0, 0x00, 0x00, 0x00, 0x00, 0xFF,
    0xFF, 0x40, 0x00, 0x00, 0x00, 0x00, 0xFF, 0xFE, 0x00, 0x00, 0x00, 0x00, 0x00, 0xBF, 0xF8, 0x00,
    0x00, 0x00, 0x00, 0x00, 0x0A, 0x00, 0x00, 0x00, 0x00, 0x00, 0x55, 0x55, 0x40, 0x01, 0x55, 0x55,
    0x00, 0xFF, 0xFF, 0xD0, 0x03, 0xFF, 0xFF, 0x00, 0x2F, 0xFE, 0x40, 0x01, 0xBF, 0xF9, 0x00, 0x03,
    0xF8, 0x00, 0x00, 0x1F, 0xD0, 0x00, 0x03, 0xF8, 0x00, 0x00, 0x1F, 0xD0, 0x00, 0x03, 0xF8, 0x00,
    0x00, 0x1F, 0xD0, 0x00, 0x03, 0xF8, 0x00, 0x00, 0x1F, 0xD0, 0x00, 0x03, 0xF8, 0x00, 0x00, 0x1F,
    0xD0, 0x00, 0x03, 0xF8, 0x00, 0x00, 0x1F, 0xD0, 0x00, 0x03, 0xF8, 0x00, 0x00, 0x1F, 0xD0, 0x00,
    0x03, 0xF8, 0x00, 0x00, 0x1F, 0xD0, 0x00, 0x03, 0xF8, 0x00, 0x00, 0x1F, 0xD0, 0x00, 0x03, 0xF8,
    0x00, 0x00, 0x1F, 0xD0, 0x00, 0x03, 0xF8, 0x00, 0x00, 0x1F, 0xD0, 0x00, 0x03, 0xF8, 0x00, 0x00,
    0x1F, 0xD0, 0x00, 0x03, 0xF8, 0x00, 0x00, 0x1F, 0xD0, 0x00, 0x03, 0xF8, 0x00, 0x00, 0x1F, 0xD0,
    0x00, 0x03, 0xF8, 0x00, 0x00, 0x1F, 0xD0, 0x00, 0x03, 0xF8, 0x00, 0x00, 0x1F, 0xD0, 0x00, 0x03,
    0xF8, 0x00, 0x00, 0x1F, 0xD0, 0x00, 0x03, 0xF8, 0x00, 0x00, 0x1F, 0xD0, 0x00, 0x03, 0xF8, 0x00,
    0x00, 0x1F, 0xD0, 0x00, 0x0B, 0xF8, 0x00, 0x00, 0x2F, 0xE0, 0x00, 0xFF, 0xFF, 0xFF, 0xFF, 0xFF,
    0xFF, 0x00, 0xFF, 0xFF, 0xFF, 0xFF, 0xFF, 0xFF, 0x00, 0x00, 0x00, 0xBF, 0xFE, 0x00, 0x00, 0x00,
    0x00, 0x00, 0x1F, 0xF8, 0x00, 0x00, 0x00, 0x00, 0x00, 0x0F, 0xF0, 0x00, 0x00, 0x00, 0x00, 0x00,
    0x0B, 0xF0, 0x00, 0x00, 0x00, 0x00, 0x00, 0x0B, 0xE0, 0x00, 0x00, 0x00, 0x00, 0x00, 0x0B, 0xE0,
    0x00, 0x00, 0x00, 0x00, 0x00, 0x0B, 0xE0, 0x00, 0x00, 0x00, 0x00, 0x00, 0x00, 0x00, 0x00, 0x00,
    0x00, 0x00, 0x00, 0x00, 0x00, 0x00, 0x00, 0x00, 0x00, 0x00, 0x0B, 0xE0, 0x00, 0x00, 0x00, 0x00,
    0x00, 0x0F, 0xF0, 0x00, 0x00, 0x00, 0x00, 0x00, 0x0F, 0xF4, 0x00, 0x00, 0x00, 0x00, 0x00, 0x2F,
    0xFC, 0x00, 0x00, 0x00, 0x00, 0x00, 0x3F, 0xFC, 0x00, 0x00, 0x00, 0x00, 0x00, 0xBF, 0xFE, 0x00,
    0x00, 0x00, 0x00, 0x00, 0xFC, 0xFF, 0x00, 0x00, 0x00, 0x00, 0x00, 0xF4, 0xFF, 0x00, 0x00, 0x00,
    0x00, 0x02, 0xF0, 0x7F, 0x80, 0x00, 0x00, 0x00, 0x03, 0xE0, 0x3F, 0xC0, 0x00, 0x00, 0x00, 0x03,
    0xC0, 0x2F, 0xD0, 0x00, 0x00, 0x00, 0x0B, 0xC0, 0x0F, 0xF0, 0x00, 0x00, 0x00, 0x0F, 0x80, 0x0F,
    0xF0, 0x00, 0x00, 0x00, 0x1F, 0x00, 0x0B, 0xF8, 0x00, 0x00, 0x00, 0x3F, 0xFF, 0xFF, 0xFC, 0x00,
    0x00, 0x00, 0x3F, 0xFF, 0xFF, 0xFC, 0x00, 0x00, 0x00, 0xBC, 0x00, 0x02, 0xFE, 0x00, 0x00, 0x00,
    0xF8, 0x00, 0x00, 0xFF, 0x00, 0x00, 0x00, 0xF0, 0x00, 0x00, 0xBF, 0x40, 0x00, 0x02, 0xF0, 0x00,
    0x00, 0x3F, 0xC0, 0x00, 0x03, 0xE0, 0x00, 0x00, 0x3F, 0xC0, 0x00, 0x03, 0xC0, 0x00, 0x00, 0x2F,
    0xE0, 0x00, 0x0B, 0xC0, 0x00, 0x00, 0x0F, 0xF0, 0x00, 0xFF, 0xFD, 0x00, 0x02, 0xFF, 0xFF, 0x00,
    0xFF, 0xFE, 0x00, 0x02, 0xFF, 0xFF, 0x00, 0x15, 0x55, 0x55, 0x55, 0x40, 0x3F, 0xFF, 0xFF, 0xFF,
    0xD0, 0x0B, 0xFF, 0xAA, 0xAB, 0xD0, 0x00, 0xFE, 0x00, 0x03, 0xD0, 0x00, 0xFE, 0x00, 0x03, 0xD0,
    0x00, 0xFE, 0x00, 0x03, 0xD0, 0x00, 0xFE, 0x00, 0x00, 0x40, 0x00, 0xFE, 0x00, 0x00, 0x00, 0x00,
    0xFE, 0x00, 0x00, 0x00, 0x00, 0xFE, 0x00, 0x00, 0x00, 0x00, 0xFF, 0xFF, 0xF8, 0x00, 0x00, 0xFF,
    0xAB, 0xFF, 0x80, 0x00, 0xFE, 0x00, 0x2F, 0xE0, 0x00, 0xFE, 0x00, 0x0B, 0xF8, 0x00, 0xFE, 0x00,
    0x03, 0xFC, 0x00, 0xFE, 0x00, 0x02, 0xFC, 0x00, 0xFE, 0x00, 0x01, 0xFE, 0x00, 0xFE, 0x00, 0x00,
    0xFE, 0x00, 0xFE, 0x00, 0x01, 0xFE, 0x00, 0xFE, 0x00, 0x02, 0xFD, 0x00, 0xFE, 0x00, 0x03, 0xFC,
    0x00, 0xFE, 0x00, 0x0B, 0xF8, 0x01, 0xFE, 0x00, 0x7F, 0xF0, 0x3F, 0xFF, 0xFF, 0xFF, 0x80, 0x3F,
    0xFF, 0xFF, 0xE4, 0x00, 0x55, 0x55, 0x50, 0x00, 0x00, 0xFF, 0xFF, 0xFF, 0xF8, 0x00, 0x2F, 0xFE,
    0xAB, 0xFF, 0x80, 0x03, 0xF8, 0x00, 0xBF, 0xC0, 0x03, 0xF8, 0x00, 0x3F, 0xE0, 0x03, 0xF8, 0x00,
    0x0F, 0xF0, 0x03, 0xF8, 0x00, 0x0F, 0xF0, 0x03, 0xF8, 0x00, 0x0F, 0xF0, 0x03, 0xF8, 0x00, 0x1F,
    0xE0, 0x03, 0xF8, 0x00, 0x3F, 0xC0, 0x03, 0xF8, 0x00, 0xFF, 0x00, 0x03, 0xFE, 0xAF, 0xF8, 0x00,
    0x03, 0xFF, 0xFF, 0xFE, 0x00, 0x03, 0xFE, 0x5A, 0xFF, 0xE0, 0x03, 0xF8, 0x00, 0x0F, 0xF8, 0x03,
    0xF8, 0x00, 0x07, 0xFC, 0x03, 0xF8, 0x00, 0x03, 0xFC, 0x03, 0xF8, 0x00, 0x02, 0xFD, 0x03, 0xF8,
    0x00, 0x02, 0xFD, 0x03, 0xF8, 0x00, 0x03, 0xFC, 0x03, 0xF8, 0x00, 0x03, 0xFC, 0x03, 0xF8, 0x00,
    0x0F, 0xF8, 0x07, 0xF8, 0x00, 0xBF, 0xE0, 0xFF, 0xFF, 0xFF, 0xFF, 0x40, 0xFF, 0xFF, 0xFF, 0xA0,
    0x00, 0x15, 0x55, 0x55, 0x55, 0x50, 0x3F, 0xFF, 0xFF, 0xFF, 0xF0, 0x1B, 0xFF, 0xAA, 0xAB, 0xF0,
    0x00, 0xFE, 0x00, 0x00, 0xF0, 0x00, 0xFE, 0x00, 0x00, 0xF0, 0x00, 0xFE, 0x00, 0x00, 0xF0, 0x00,
    0xFE, 0x00, 0x00, 0xF0, 0x00, 0xFE, 0x00, 0x00, 0x10, 0x00, 0xFE, 0x00, 0x00, 0x00, 0x00, 0xFE,
    0x00, 0x00, 0x00, 0x00, 0xFE, 0x00, 0x00, 0x00, 0x00, 0xFE, 0x00, 0x00, 0x00, 0x00, 0xFE, 0x00,
    0x00, 0x00, 0x00, 0xFE, 0x00, 0x00, 0x00, 0x00, 0xFE, 0x00, 0x00, 0x00, 0x00, 0xFE, 0x00, 0x00,
    0x00, 0x00, 0xFE, 0x00, 0x00, 0x00, 0x00, 0xFE, 0x00, 0x00, 0x00, 0x00, 0xFE, 0x00, 0x00, 0x00,
    0x00, 0xFE, 0x00, 0x00, 0x00, 0x00, 0xFE, 0x00, 0x00, 0x00, 0x00, 0xFE, 0x00, 0x00, 0x00, 0x01,
    0xFE, 0x00, 0x00, 0x00, 0x3F, 0xFF, 0xF0, 0x00, 0x00, 0x3F, 0xFF, 0xF0, 0x00, 0x00, 0x00, 0x05,
    0x55, 0x55, 0x55, 0x55, 0x00, 0x00, 0x2F, 0xFF, 0xFF, 0xFF, 0xFF, 0x80, 0x00, 0x06, 0xFE, 0xAA,
    0xAF, 0xF8, 0x00, 0x00, 0x00, 0x3C, 0x00, 0x0F, 0xF0, 0x00, 0x00, 0x00, 0x3C, 0x00, 0x0F, 0xF0,
    0x00, 0x00, 0x00, 0x7C, 0x00, 0x0F, 0xF0, 0x00, 0x00, 0x00, 0xBC, 0x00, 0x0F, 0xF0, 0x00, 0x00,
    0x00, 0xBC, 0x00, 0x0F, 0xF0, 0x00, 0x00, 0x00, 0xBC, 0x00, 0x0F, 0xF0, 0x00, 0x00, 0x00, 0xB8,
    0x00, 0x0F, 0xF0, 0x00, 0x00, 0x00, 0xF8, 0x00, 0x0F, 0xF0, 0x00, 0x00, 0x00, 0xF8, 0x00, 0x0F,
    0xF0, 0x00, 0x00, 0x00, 0xF0, 0x00, 0x0F, 0xF0, 0x00, 0x00, 0x00, 0xF0, 0x00, 0x0F, 0xF0, 0x00,
    0x00, 0x02, 0xF0, 0x00, 0x0F, 0xF0, 0x00, 0x00, 0x03, 0xE0, 0x00, 0x0F, 0xF0, 0x00, 0x00, 0x03,
    0xE0, 0x00, 0x0F, 0xF0, 0x00, 0x00, 0x03, 0xC0, 0x00, 0x0F, 0xF0, 0x00, 0x00, 0x0B, 0xC0, 0x00,
    0x0F, 0xF0, 0x00, 0x00, 0x0F, 0x80, 0x00, 0x0F, 0xF0, 0x00, 0x00, 0x2F, 0x00, 0x00, 0x0F, 0xF0,
    0x00, 0x00, 0x7E, 0x00, 0x00, 0x0F, 0xF0, 0x00, 0x02, 0xFC, 0x00, 0x00, 0x0F, 0xF0, 0x00, 0x0B,
    0xFF, 0xFF, 0xFF, 0xFF, 0xF0, 0x00, 0xBF, 0xFF, 0xFF, 0xFF, 0xFF, 0xF8, 0x00, 0xFF, 0xF0, 0x00,
    0x00, 0x03, 0xFF, 0x80, 0xFF, 0x80, 0x00, 0x00, 0x00, 0xFF, 0x80, 0xFE, 0x00, 0x00, 0x00, 0x00,
    0x3F, 0x80, 0xFC, 0x00, 0x00, 0x00, 0x00, 0x0F, 0x80, 0xF8, 0x00, 0x00, 0x00, 0x00, 0x0F, 0x80,
    0xF0, 0x00, 0x00, 0x00, 0x00, 0x0B, 0x80, 0xF0, 0x00, 0x00, 0x00, 0x00, 0x07, 0x80, 0x00, 0x00,
    0x00, 0x00, 0x00, 0x00, 0x00, 0x55, 0x55, 0x55, 0x55, 0x40, 0xFF, 0xFF, 0xFF, 0xFF, 0xE0, 0x2F,
    0xFE, 0xAA, 0xAB, 0xE0, 0x03, 0xF8, 0x00, 0x03, 0xE0, 0x03, 0xF8, 0x00, 0x03, 0xE0, 0x03, 0xF8,
    0x00, 0x02, 0xE0, 0x03, 0xF8, 0x00, 0x00, 0x00, 0x03, 0xF8, 0x00, 0x00, 0x00, 0x03, 0xF8, 0x00,
    0x38, 0x00, 0x03, 0xF8, 0x00, 0x7C, 0x00, 0x03, 0xF8, 0x00, 0xBC, 0x00, 0x03, 0xFE, 0xAA, 0xFC,
    0x00, 0x03, 0xFF, 0xFF, 0xFC, 0x00, 0x03, 0xF8, 0x00, 0xFC, 0x00, 0x03, 0xF8, 0x00, 0xBC, 0x00,
    0x03, 0xF8, 0x00, 0x3C, 0x00, 0x03, 0xF8, 0x00, 0x10, 0x00, 0x03, 0xF8, 0x00, 0x00, 0x00, 0x03,
    0xF8, 0x00, 0x00, 0x00, 0x03, 0xF8, 0x00, 0x00, 0x3C, 0x03, 0xF8, 0x00, 0x00, 0xBC, 0x03, 0xF8,
    0x00, 0x00, 0xBC, 0x0B, 0xF8, 0x00, 0x00, 0xFC, 0xFF, 0xFF, 0xFF, 0xFF, 0xFC, 0xFF, 0xFF, 0xFF,
    0xFF, 0xFC, 0x00, 0x00, 0x00, 0x00, 0x00, 0x00, 0x00, 0x00, 0x1F, 0xE0, 0x00, 0x55, 0x55, 0x00,
    0x0B, 0xF8, 0x3F, 0xFC, 0x02, 0xFF, 0xFF, 0x80, 0x3F, 0xFD, 0xBF, 0xFF, 0x00, 0x6F, 0xFA, 0x00,
    0xFF, 0xFE, 0x3F, 0x8F, 0x80, 0x0F, 0xF0, 0x01, 0xF6, 0xFC, 0x08, 0x07, 0xC0, 0x0F, 0xF0, 0x03,
    0xE0, 0x10, 0x00, 0x03, 0xC0, 0x0F, 0xF0, 0x03, 0xC0, 0x00, 0x00, 0x02, 0xE0, 0x0F, 0xF0, 0x03,
    0xC0, 0x00, 0x00, 0x01, 0xE0, 0x0F, 0xF0, 0x0B, 0x80, 0x00, 0x00, 0x00, 0xF0, 0x0F, 0xF0, 0x0F,
    0x00, 0x00, 0x00, 0x00, 0xF8, 0x0F, 0xF0, 0x2F, 0x00, 0x00, 0x00, 0x00, 0x3C, 0x0F, 0xF0, 0x3D,
    0x00, 0x00, 0x00, 0x00, 0x2F, 0x0F, 0xF0, 0xFC, 0x00, 0x00, 0x00, 0x00, 0x0F, 0xFF, 0xFF, 0xF0,
    0x00, 0x00, 0x00, 0x00, 0x0B, 0xFF, 0xFF, 0xF0, 0x00, 0x00, 0x00, 0x00, 0xBF, 0xDF, 0xF7, 0xFE,
    0x00, 0x00, 0x00, 0x02, 0xFF, 0x0F, 0xF0, 0xFF, 0x80, 0x00, 0x00, 0x03, 0xFC, 0x0F, 0xF0, 0x3F,
    0xC0, 0x00, 0x00, 0x0B, 0xF8, 0x0F, 0xF0, 0x2F, 0xF0, 0x00, 0x00, 0x0F, 0xF0, 0x0F, 0xF0, 0x0F,
    0xF4, 0x00, 0x00, 0x3F, 0xC0, 0x0F, 0xF0, 0x03, 0xFC, 0x00, 0x00, 0xBF, 0x80, 0x0F, 0xF0, 0x02,
    0xFE, 0x00, 0x00, 0xFF, 0x00, 0x0F, 0xF0, 0x00, 0xFF, 0x00, 0x03, 0xFD, 0x00, 0x0F, 0xF0, 0x00,
    0x3F, 0xC0, 0xBF, 0xF8, 0x02, 0xFF, 0xFF, 0x80, 0x2F, 0xFE, 0xBF, 0xF8, 0x02, 0xFF, 0xFF, 0x80,
    0x2F, 0xFF, 0x00, 0x00, 0x00, 0x00, 0x00, 0x00, 0xAF, 0xFE, 0x00, 0x00, 0x2F, 0xFF, 0xFF, 0xE0,
    0x00, 0x3F, 0xE0, 0x1F, 0xFC, 0x00, 0x3F, 0x00, 0x02, 0xFE, 0x00, 0x3E, 0x00, 0x00, 0xFF, 0x00,
    0x3C, 0x00, 0x00, 0xBF, 0x00, 0x3C, 0x00, 0x00, 0x7F, 0x00, 0x28, 0x00, 0x00, 0xBF, 0x00, 0x00,
    0x00, 0x00, 0xFE, 0x00, 0x00, 0x00, 0x02, 0xFC, 0x00, 0x00, 0x00, 0x0B, 0xF0, 0x00, 0x00, 0x0A,
    0xFF, 0x80, 0x00, 0x00, 0x0F, 0xFF, 0x80, 0x00, 0x00, 0x0A, 0xAF, 0xF8, 0x00, 0x00, 0x00, 0x01,
    0xFF, 0x00, 0x00, 0x00, 0x00, 0x3F, 0x80, 0x00, 0x00, 0x00, 0x2F, 0xC0, 0x00, 0x00, 0x00, 0x1F,
    0xC0, 0x64, 0x00, 0x00, 0x2F, 0xC0, 0xBC, 0x00, 0x00, 0x2F, 0xC0, 0xBC, 0x00, 0x00, 0x3F, 0xC0,
    0xBC, 0x00, 0x00, 0xBF, 0x80, 0xBF, 0x00, 0x02, 0xFF, 0x00, 0xBF, 0xF9, 0xAF, 0xFC, 0x00, 0x2F,
    0xFF, 0xFF, 0xE0, 0x00, 0x00, 0x06, 0x90, 0x00, 0x00, 0x55, 0x55, 0x40, 0x01, 0x55, 0x54, 0xFF,
    0xFF, 0xE0, 0x0B, 0xFF, 0xFE, 0x2F, 0xFE, 0x40, 0x01, 0xBF, 0xE4, 0x03, 0xF8, 0x00, 0x00, 0x3F,
    0xC0, 0x03, 0xF8, 0x00, 0x00, 0x3F, 0xC0, 0x03, 0xF8, 0x00, 0x00, 0xFF, 0xC0, 0x03, 0xF8, 0x00,
    0x03, 0xFF, 0xC0, 0x03, 0xF8, 0x00, 0x0B, 0xFF, 0xC0, 0x03, 0xF8, 0x00, 0x2F, 0xBF, 0xC0, 0x03,
    0xF8, 0x00, 0x3E, 0x3F, 0xC0, 0x03, 0xF8, 0x00, 0xFC, 0x3F, 0xC0, 0x03, 0xF8, 0x03, 0xF0, 0x3F,
    0xC0, 0x03, 0xF8, 0x0B, 0xC0, 0x3F, 0xC0, 0x03, 0xF8, 0x2F, 0x80, 0x3F, 0xC0, 0x03, 0xF8, 0x7E,
    0x00, 0x3F, 0xC0, 0x03, 0xF8, 0xFC, 0x00, 0x3F, 0xC0, 0x03, 0xFB, 0xF0, 0x00, 0x3F, 0xC0, 0x03,
    0xFF, 0xC0, 0x00, 0x3F, 0xC0, 0x03, 0xFF, 0x40, 0x00, 0x3F, 0xC0, 0x03, 0xFE, 0x00, 0x00, 0x3F,
    0xC0, 0x03, 0xF8, 0x00, 0x00, 0x3F, 0xC0, 0x03, 0xF8, 0x00, 0x00, 0x3F, 0xC0, 0x07, 0xF8, 0x00,
    0x00, 0x3F, 0xC0, 0xFF, 0xFF, 0xC0, 0x0B, 0xFF, 0xFE, 0xFF, 0xFF, 0xD0, 0x0B, 0xFF, 0xFE, 0x00,
    0x02, 0xA0, 0x0A, 0x00, 0x00, 0x00, 0x03, 0xF0, 0x2F, 0xC0, 0x00, 0x00, 0x03, 0xF0, 0x0F, 0xC0,
    0x00, 0x00, 0x03, 0xC0, 0x03, 0x80, 0x00, 0x00, 0x01, 0xF8, 0x2F, 0x00, 0x00, 0x00, 0x00, 0x2F,
    0xF8, 0x00, 0x00, 0x00, 0x00, 0x00, 0x00, 0x00, 0x00, 0x00, 0x00, 0x00, 0x00, 0x00, 0x00, 0x55,
    0x55, 0x40, 0x01, 0x55, 0x54, 0xFF, 0xFF, 0xE0, 0x0B, 0xFF, 0xFE, 0x2F, 0xFE, 0x40, 0x01, 0xBF,
    0xE4, 0x03, 0xF8, 0x00, 0x00, 0x3F, 0xC0, 0x03, 0xF8, 0x00, 0x00, 0x3F, 0xC0, 0x03, 0xF8, 0x00,
    0x00, 0xFF, 0xC0, 0x03, 0xF8, 0x00, 0x03, 0xFF, 0xC0, 0x03, 0xF8, 0x00, 0x0B, 0xFF, 0xC0, 0x03,
    0xF8, 0x00, 0x2F, 0xBF, 0xC0, 0x03, 0xF8, 0x00, 0x3E, 0x3F, 0xC0, 0x03, 0xF8, 0x00, 0xFC, 0x3F,
    0xC0, 0x03, 0xF8, 0x03, 0xF0, 0x3F, 0xC0, 0x03, 0xF8, 0x0B, 0xC0, 0x3F, 0xC0, 0x03, 0xF8, 0x2F,
    0x80, 0x3F, 0xC0, 0x03, 0xF8, 0x7E, 0x00, 0x3F, 0xC0, 0x03, 0xF8, 0xFC, 0x00, 0x3F, 0xC0, 0x03,
    0xFB, 0xF0, 0x00, 0x3F, 0xC0, 0x03, 0xFF, 0xC0, 0x00, 0x3F, 0xC0, 0x03, 0xFF, 0x40, 0x00, 0x3F,
    0xC0, 0x03, 0xFE, 0x00, 0x00, 0x3F, 0xC0, 0x03, 0xF8, 0x00, 0x00, 0x3F, 0xC0, 0x03, 0xF8, 0x00,
    0x00, 0x3F, 0xC0, 0x07, 0xF8, 0x00, 0x00, 0x3F, 0xC0, 0xFF, 0xFF, 0xC0, 0x0B, 0xFF, 0xFE, 0xFF,
    0xFF, 0xD0, 0x0B, 0xFF, 0xFE, 0x00, 0x00, 0x00, 0x00, 0x00, 0x00, 0x55, 0x55, 0x40, 0x00, 0xBF,
    0x80, 0xFF, 0xFF, 0xC0, 0x03, 0xFF, 0xE0, 0x2F, 0xFE, 0x40, 0x0B, 0xFF, 0xE0, 0x03, 0xF8, 0x00,
    0x0F, 0xAF, 0xD0, 0x03, 0xF8, 0x00, 0x2E, 0x00, 0x80, 0x03, 0xF8, 0x00, 0x3C, 0x00, 0x00, 0x03,
    0xF8, 0x00, 0x3C, 0x00, 0x00, 0x03, 0xF8, 0x00, 0xB8, 0x00, 0x00, 0x03, 0xF8, 0x00, 0xF0, 0x00,
    0x00, 0x03, 0xF8, 0x02, 0xF0, 0x00, 0x00, 0x03, 0xF8, 0x03, 0xD0, 0x00, 0x00, 0x03, 0xF8, 0x2F,
    0x80, 0x00, 0x00, 0x03, 0xFF, 0xFF, 0x00, 0x00, 0x00, 0x03, 0xFF, 0xFE, 0x00, 0x00, 0x00, 0x03,
    0xF9, 0xBF, 0xC0, 0x00, 0x00, 0x03, 0xF8, 0x0F, 0xF0, 0x00, 0x00, 0x03, 0xF8, 0x07, 0xF8, 0x00,
    0x00, 0x03, 0xF8, 0x02, 0xFD, 0x00, 0x00, 0x03, 0xF8, 0x00, 0xFF, 0x00, 0x00, 0x03, 0xF8, 0x00,
    0x3F, 0xC0, 0x00, 0x03, 0xF8, 0x00, 0x2F, 0xE0, 0x00, 0x03, 0xF8, 0x00, 0x0F, 0xF0, 0x00, 0x07,
    0xF8, 0x00, 0x03, 0xFC, 0x00, 0xFF, 0xFF, 0xC0, 0x01, 0xFF, 0xF0, 0xFF, 0xFF, 0xC0, 0x00, 0xFF,
    0xF0, 0x00, 0x05, 0x55, 0x55, 0x55, 0x55, 0x00, 0x00, 0x0F, 0xFF, 0xFF, 0xFF, 0xFF, 0xC0, 0x00,
    0x01, 0xBE, 0xAA, 0xAF, 0xF9, 0x00, 0x00, 0x00, 0x3C, 0x00, 0x0F, 0xF0, 0x00, 0x00, 0x00, 0x3C,
    0x00, 0x0F, 0xF0, 0x00, 0x00, 0x00, 0x3C, 0x00, 0x0F, 0xF0, 0x00, 0x00, 0x00, 0x3C, 0x00, 0x0F,
    0xF0, 0x00, 0x00, 0x00, 0x3C, 0x00, 0x0F, 0xF0, 0x00, 0x00, 0x00, 0x3C, 0x00, 0x0F, 0xF0, 0x00,
    0x00, 0x00, 0x3C, 0x00, 0x0F, 0xF0, 0x00, 0x00, 0x00, 0x7C, 0x00, 0x0F, 0xF0, 0x00, 0x00, 0x00,
    0xBC, 0x00, 0x0F, 0xF0, 0x00, 0x00, 0x00, 0xBC, 0x00, 0x0F, 0xF0, 0x00, 0x00, 0x00, 0xBC, 0x00,
    0x0F, 0xF0, 0x00, 0x00, 0x00, 0xB8, 0x00, 0x0F, 0xF0, 0x00, 0x00, 0x00, 0xF8, 0x00, 0x0F, 0xF0,
    0x00, 0x00, 0x00, 0xF8, 0x00, 0x0F, 0xF0, 0x00, 0x00, 0x00, 0xF0, 0x00, 0x0F, 0xF0, 0x00, 0x00,
    0x01, 0xF0, 0x00, 0x0F, 0xF0, 0x00, 0x00, 0x02, 0xF0, 0x00, 0x0F, 0xF0, 0x00, 0x00, 0x03, 0xE0,
    0x00, 0x0F, 0xF0, 0x00, 0x28, 0x0F, 0xC0, 0x00, 0x0F, 0xF0, 0x00, 0xFF, 0xFF, 0x80, 0x00, 0x0F,
    0xF0, 0x00, 0xFF, 0xFE, 0x00, 0x02, 0xFF, 0xFF, 0xC0, 0xBF, 0xF8, 0x00, 0x02, 0xFF, 0xFF, 0xC0,
    0x09, 0x00, 0x00, 0x00, 0x00, 0x00, 0x00, 0x15, 0x55, 0x40, 0x00, 0x00, 0x05, 0x55, 0x50, 0x3F,
    0xFF, 0xC0, 0x00, 0x00, 0x0F, 0xFF, 0xF0, 0x0B, 0xFF, 0xE0, 0x00, 0x00, 0x0F, 0xFF, 0x90, 0x00,
    0xFF, 0xF0, 0x00, 0x00, 0x2F, 0xFE, 0x00, 0x00, 0xFB, 0xF0, 0x00, 0x00, 0x3E, 0xFE, 0x00, 0x00,
    0xF3, 0xF8, 0x00, 0x00, 0x3C, 0xFE, 0x00, 0x00, 0xF3, 0xFC, 0x00, 0x00, 0xB8, 0xFE, 0x00, 0x00,
    0xF2, 0xFD, 0x00, 0x00, 0xF0, 0xFE, 0x00, 0x00, 0xF0, 0xFF, 0x00, 0x02, 0xF0, 0xFE, 0x00, 0x00,
    0xF0, 0xBF, 0x00, 0x03, 0xE0, 0xFE, 0x00, 0x00, 0xF0, 0x7F, 0x80, 0x03, 0xC0, 0xFE, 0x00, 0x00,
    0xF0, 0x3F, 0xC0, 0x0B, 0xC0, 0xFE, 0x00, 0x00, 0xF0, 0x2F, 0xC0, 0x0F, 0x80, 0xFE, 0x00, 0x00,
    0xF0, 0x0F, 0xE0, 0x0F, 0x00, 0xFE, 0x00, 0x00, 0xF0, 0x0F, 0xF0, 0x2E, 0x00, 0xFE, 0x00, 0x00,
    0xF0, 0x0B, 0xF0, 0x3C, 0x00, 0xFE, 0x00, 0x00, 0xF0, 0x03, 0xF8, 0xBC, 0x00, 0xFE, 0x00, 0x00,
    0xF0, 0x03, 0xFC, 0xF8, 0x00, 0xFE, 0x00, 0x00, 0xF0, 0x02, 0xFE, 0xF0, 0x00, 0xFE, 0x00, 0x00,
    0xF0, 0x00, 0xFF, 0xF0, 0x00, 0xFE, 0x00, 0x00, 0xF0, 0x00, 0xBF, 0xE0, 0x00, 0xFE, 0x00, 0x00,
    0xF0, 0x00, 0x7F, 0xC0, 0x00, 0xFE, 0x00, 0x01, 0xF0, 0x00, 0x3F, 0xC0, 0x00, 0xFF, 0x00, 0x3F,
    0xFF, 0xC0, 0x2F, 0x40, 0x2F, 0xFF, 0xF0, 0x3F, 0xFF, 0xC0, 0x0F, 0x00, 0x2F, 0xFF, 0xF0, 0x55,
    0x55, 0x40, 0x00, 0x55, 0x55, 0x00, 0xFF, 0xFF, 0xC0, 0x02, 0xFF, 0xFF, 0x80, 0x6F, 0xFE, 0x40,
    0x00, 0xAF, 0xFA, 0x00, 0x03, 0xF8, 0x00, 0x00, 0x0F, 0xF0, 0x00, 0x03, 0xF8, 0x00, 0x00, 0x0F,
    0xF0, 0x00, 0x03, 0xF8, 0x00, 0x00, 0x0F, 0xF0, 0x00, 0x03, 0xF8, 0x00, 0x00, 0x0F, 0xF0, 0x00,
    0x03, 0xF8, 0x00, 0x00, 0x0F, 0xF0, 0x00, 0x03, 0xF8, 0x00, 0x00, 0x0F, 0xF0, 0x00, 0x03, 0xF8,
    0x00, 0x00, 0x0F, 0xF0, 0x00, 0x03, 0xF8, 0x00, 0x00, 0x0F, 0xF0, 0x00, 0x03, 0xFF, 0xFF, 0xFF,
    0xFF, 0xF0, 0x00, 0x03, 0xFF, 0xFF, 0xFF, 0xFF, 0xF0, 0x00, 0x03, 0xF8, 0x00, 0x00, 0x0F, 0xF0,
    0x00, 0x03, 0xF8, 0x00, 0x00, 0x0F, 0xF0, 0x00, 0x03, 0xF8, 0x00, 0x00, 0x0F, 0xF0, 0x00, 0x03,
    0xF8, 0x00, 0x00, 0x0F, 0xF0, 0x00, 0x03, 0xF8, 0x00, 0x00, 0x0F, 0xF0, 0x00, 0x03, 0xF8, 0x00,
    0x00, 0x0F, 0xF0, 0x00, 0x03, 0xF8, 0x00, 0x00, 0x0F, 0xF0, 0x00, 0x03, 0xF8, 0x00, 0x00, 0x0F,
    0xF0, 0x00, 0x03, 0xF8, 0x00, 0x00, 0x0F, 0xF0, 0x00, 0x0B, 0xF8, 0x00, 0x00, 0x0F, 0xF0, 0x00,
    0xFF, 0xFF, 0xC0, 0x02, 0xFF, 0xFF, 0x80, 0xFF, 0xFF, 0xC0, 0x02, 0xFF, 0xFF, 0x80, 0x00, 0x00,
    0x00, 0x00, 0x00, 0x00, 0x00, 0x00, 0x00, 0x6F, 0xFA, 0x00, 0x00, 0x00, 0x00, 0x0B, 0xFF, 0xFF,
    0xF0, 0x00, 0x00, 0x00, 0x3F, 0xF9, 0x2B, 0xFE, 0x00, 0x00, 0x00, 0xFF, 0x40, 0x00, 0xFF, 0x80,
    0x00, 0x03, 0xFC, 0x00, 0x00, 0x3F, 0xC0, 0x00, 0x0F, 0xF8, 0x00, 0x00, 0x0F, 0xF0, 0x00, 0x0F,
    0xF0, 0x00, 0x00, 0x0B, 0xF8, 0x00, 0x3F, 0xE0, 0x00, 0x00, 0x03, 0xFC, 0x00, 0x3F, 0xC0, 0x00,
    0x00, 0x03, 0xFC, 0x00, 0x3F, 0xC0, 0x00, 0x00, 0x02, 0xFE, 0x00, 0xBF, 0xC0, 0x00, 0x00, 0x02,
    0xFF, 0x00, 0xBF, 0x80, 0x00, 0x00, 0x02, 0xFF, 0x00, 0xBF, 0x80, 0x00, 0x00, 0x01, 0xFF, 0x00,
    0xBF, 0x80, 0x00, 0x00, 0x01, 0xFF, 0x00, 0xBF, 0x80, 0x00, 0x00, 0x02, 0xFF, 0x00, 0x7F, 0xC0,
    0x00, 0x00, 0x02, 0xFE, 0x00, 0x3F, 0xC0, 0x00, 0x00, 0x03, 0xFE, 0x00, 0x3F, 0xC0, 0x00, 0x00,
    0x03, 0xFC, 0x00, 0x2F, 0xE0, 0x00, 0x00, 0x0B, 0xFC, 0x00, 0x0F, 0xF0, 0x00, 0x00, 0x0F, 0xF0,
    0x00, 0x07, 0xFC, 0x00, 0x00, 0x2F, 0xE0, 0x00, 0x02, 0xFE, 0x00, 0x00, 0x7F, 0xC0, 0x00, 0x00,
    0xBF, 0xC0, 0x02, 0xFF, 0x00, 0x00, 0x00, 0x2F, 0xFE, 0xBF, 0xF8, 0x00, 0x00, 0x00, 0x02, 0xFF,
    0xFF, 0x80, 0x00, 0x00, 0x00, 0x00, 0x06, 0x90, 0x00, 0x00, 0x00, 0x55, 0x55, 0x55, 0x55, 0x55,
    0x55, 0x00, 0xFF, 0xFF, 0xFF, 0xFF, 0xFF, 0xFF, 0x00, 0x2F, 0xFE, 0xAA, 0xAA, 0xBF, 0xF9, 0x00,
    0x03, 0xF8, 0x00, 0x00, 0x2F, 0xD0, 0x00, 0x03, 0xF8, 0x00, 0x00, 0x1F, 0xD0, 0x00, 0x03, 0xF8,
    0x00, 0x00, 0x1F, 0xD0, 0x00, 0x03, 0xF8, 0x00, 0x00, 0x1F, 0xD0, 0x00, 0x03, 0xF8, 0x00, 0x00,
    0x1F, 0xD0, 0x00, 0x03, 0xF8, 0x00, 0x00, 0x1F, 0xD0, 0x00, 0x03, 0xF8, 0x00, 0x00, 0x1F, 0xD0,
    0x00, 0x03, 0xF8, 0x00, 0x00, 0x1F, 0xD0, 0x00, 0x03, 0xF8, 0x00, 0x00, 0x1F, 0xD0, 0x00, 0x03,
    0xF8, 0x00, 0x00, 0x1F, 0xD0, 0x00, 0x03, 0xF8, 0x00, 0x00, 0x1F, 0xD0, 0x00, 0x03, 0xF8, 0x00,
    0x00, 0x1F, 0xD0, 0x00, 0x03, 0xF8, 0x00, 0x00, 0x1F, 0xD0, 0x00, 0x03, 0xF8, 0x00, 0x00, 0x1F,
    0xD0, 0x00, 0x03, 0xF8, 0x00, 0x00, 0x1F, 0xD0, 0x00, 0x03, 0xF8, 0x00, 0x00, 0x1F, 0xD0, 0x00,
    0x03, 0xF8, 0x00, 0x00, 0x1F, 0xD0, 0x00, 0x03, 0xF8, 0x00, 0x00, 0x1F, 0xD0, 0x00, 0x03, 0xF8,
    0x00, 0x00, 0x1F, 0xD0, 0x00, 0x0B, 0xF8, 0x00, 0x00, 0x2F, 0xE0, 0x00, 0xFF, 0xFF, 0xC0, 0x03,
    0xFF, 0xFF, 0x00, 0xFF, 0xFF, 0xD0, 0x03, 0xFF, 0xFF, 0x00, 0x15, 0x55, 0x50, 0x00, 0x00, 0x3F,
    0xFF, 0xFF, 0xFE, 0x00, 0x1B, 0xFF, 0xAB, 0xFF, 0xD0, 0x00, 0xFE, 0x00, 0x2F, 0xF0, 0x00, 0xFE,
    0x00, 0x0B, 0xFC, 0x00, 0xFE, 0x00, 0x03, 0xFC, 0x00, 0xFE, 0x00, 0x02, 0xFD, 0x00, 0xFE, 0x00,
    0x02, 0xFE, 0x00, 0xFE, 0x00, 0x02, 0xFE, 0x00, 0xFE, 0x00, 0x02, 0xFC, 0x00, 0xFE, 0x00, 0x03,
    0xFC, 0x00, 0xFE, 0x00, 0x03, 0xF8, 0x00, 0xFE, 0x00, 0x0F, 0xF0, 0x00, 0xFE, 0x00, 0xBF, 0xC0,
    0x00, 0xFF, 0xFF, 0xFE, 0x00, 0x00, 0xFF, 0xFF, 0xA0, 0x00, 0x00, 0xFE, 0x00, 0x00, 0x00, 0x00,
    0xFE, 0x00, 0x00, 0x00, 0x00, 0xFE, 0x00, 0x00, 0x00, 0x00, 0xFE, 0x00, 0x00, 0x00, 0x00, 0xFE,
    0x00, 0x00, 0x00, 0x00, 0xFE, 0x00, 0x00, 0x00, 0x01, 0xFE, 0x00, 0x00, 0x00, 0x3F, 0xFF, 0xF8,
    0x00, 0x00, 0x3F, 0xFF, 0xF8, 0x00, 0x00, 0x00, 0x00, 0x00, 0x00, 0x00, 0x00, 0x00, 0x00, 0x2B,
    0xFE, 0x80, 0x00, 0x00, 0x0B, 0xFF, 0xFF, 0xFF, 0x00, 0x00, 0x3F, 0xFA, 0x0A, 0xFF, 0x00, 0x00,
    0xFF, 0xC0, 0x00, 0x3F, 0x00, 0x03, 0xFE, 0x00, 0x00, 0x2F, 0x00, 0x0B, 0xFC, 0x00, 0x00, 0x1F,
    0x00, 0x0F, 0xF0, 0x00, 0x00, 0x0F, 0x00, 0x2F, 0xE0, 0x00, 0x00, 0x00, 0x00, 0x3F, 0xC0, 0x00,
    0x00, 0x00, 0x00, 0x3F, 0xC0, 0x00, 0x00, 0x00, 0x00, 0xBF, 0xC0, 0x00, 0x00, 0x00, 0x00, 0xBF,
    0x80, 0x00, 0x00, 0x00, 0x00, 0xBF, 0x80, 0x00, 0x00, 0x00, 0x00, 0xBF, 0x80, 0x00, 0x00, 0x00,
    0x00, 0xBF, 0x80, 0x00, 0x00, 0x00, 0x00, 0x7F, 0xC0, 0x00, 0x00, 0x00, 0x00, 0x3F, 0xC0, 0x00,
    0x00, 0x00, 0x00, 0x3F, 0xD0, 0x00, 0x00, 0x00, 0x00, 0x1F, 0xF0, 0x00, 0x00, 0x0F, 0x00, 0x0F,
    0xF4, 0x00, 0x00, 0x0F, 0x00, 0x03, 0xFC, 0x00, 0x00, 0x2F, 0x00, 0x02, 0xFF, 0x00, 0x00, 0x2F,
    0x00, 0x00, 0xBF, 0xE0, 0x00, 0x3F, 0x00, 0x00, 0x0F, 0xFF, 0xAB, 0xFF, 0x00, 0x00, 0x02, 0xFF,
    0xFF, 0xF9, 0x00, 0x00, 0x00, 0x01, 0xA4, 0x00, 0x00, 0x15, 0x55, 0x55, 0x55, 0x55, 0x40, 0xBF,
    0xFF, 0xFF, 0xFF, 0xFF, 0xC0, 0xBF, 0xAA, 0xBF, 0xEA, 0xAF, 0xC0, 0xBC, 0x00, 0x3F, 0x80, 0x0B,
    0xC0, 0xBC, 0x00, 0x3F, 0x80, 0x0B, 0xC0, 0xBC, 0x00, 0x3F, 0x80, 0x07, 0xC0, 0x28, 0x00, 0x3F,
    0x80, 0x02, 0x80, 0x00, 0x00, 0x3F, 0x80, 0x00, 0x00, 0x00, 0x00, 0x3F, 0x80, 0x00, 0x00, 0x00,
    0x00, 0x3F, 0x80, 0x00, 0x00, 0x00, 0x00, 0x3F, 0x80, 0x00, 0x00, 0x00, 0x00, 0x3F, 0x80, 0x00,
    0x00, 0x00, 0x00, 0x3F, 0x80, 0x00, 0x00, 0x00, 0x00, 0x3F, 0x80, 0x00, 0x00, 0x00, 0x00, 0x3F,
    0x80, 0x00, 0x00, 0x00, 0x00, 0x3F, 0x80, 0x00, 0x00, 0x00, 0x00, 0x3F, 0x80, 0x00, 0x00, 0x00,
    0x00, 0x3F, 0x80, 0x00, 0x00, 0x00, 0x00, 0x3F, 0x80, 0x00, 0x00, 0x00, 0x00, 0x3F, 0x80, 0x00,
    0x00, 0x00, 0x00, 0x3F, 0x80, 0x00, 0x00, 0x00, 0x00, 0x3F, 0x80, 0x00, 0x00, 0x00, 0x00, 0x3F,
    0xC0, 0x00, 0x00, 0x00, 0x0F, 0xFF, 0xFE, 0x00, 0x00, 0x00, 0x0F, 0xFF, 0xFE, 0x00, 0x00, 0x15,
    0x55, 0x50, 0x00, 0x15, 0x55, 0x40, 0xFF, 0xFF, 0xF8, 0x00, 0xBF, 0xFF, 0xC0, 0x2B, 0xFF, 0x90,
    0x00, 0x1B, 0xFA, 0x40, 0x02, 0xFF, 0x00, 0x00, 0x03, 0xF0, 0x00, 0x00, 0xFF, 0x80, 0x00, 0x0B,
    0xD0, 0x00, 0x00, 0xBF, 0xC0, 0x00, 0x0F, 0xC0, 0x00, 0x00, 0x3F, 0xE0, 0x00, 0x2F, 0x40, 0x00,
    0x00, 0x2F, 0xF0, 0x00, 0x3F, 0x00, 0x00, 0x00, 0x0F, 0xF8, 0x00, 0x7E, 0x00, 0x00, 0x00, 0x0B,
    0xFC, 0x00, 0xFC, 0x00, 0x00, 0x00, 0x03, 0xFE, 0x01, 0xF8, 0x00, 0x00, 0x00, 0x01, 0xFF, 0x03,
    0xF0, 0x00, 0x00, 0x00, 0x00, 0xFF, 0x83, 0xE0, 0x00, 0x00, 0x00, 0x00, 0x3F, 0xCF, 0xC0, 0x00,
    0x00, 0x00, 0x00, 0x3F, 0xFF, 0x80, 0x00, 0x00, 0x00, 0x00, 0x0F, 0xFF, 0x00, 0x00, 0x00, 0x00,
    0x00, 0x0B, 0xFE, 0x00, 0x00, 0x00, 0x00, 0x00, 0x03, 0xFC, 0x00, 0x00, 0x00, 0x00, 0x00, 0x02,
    0xF8, 0x00, 0x00, 0x00, 0x00, 0x00, 0x02, 0xF0, 0x00, 0x00, 0x00, 0x00, 0x00, 0x03, 0xE0, 0x00,
    0x00, 0x00, 0x00, 0x7E, 0x0F, 0xC0, 0x00, 0x00, 0x00, 0x00, 0xFF, 0xFF, 0x40, 0x00, 0x00, 0x00,
    0x00, 0xFF, 0xFE, 0x00, 0x00, 0x00, 0x00, 0x00, 0xBF, 0xF8, 0x00, 0x00, 0x00, 0x00, 0x00, 0x0A,
    0x00, 0x00, 0x00, 0x00, 0x00, 0x00, 0x00, 0x15, 0x55, 0x50, 0x00, 0x00, 0x00, 0x00, 0x3F, 0xFF,
    0xF8, 0x00, 0x00, 0x00, 0x00, 0x1A, 0xFF, 0x90, 0x00, 0x00, 0x00, 0x00, 0x00, 0xFE, 0x00, 0x00,
    0x00, 0x00, 0x1B, 0xFE, 0xFF, 0xBF, 0xE0, 0x00, 0x00, 0xFF, 0xAF, 0xFF, 0xEB, 0xFE, 0x00, 0x03,
    0xFC, 0x02, 0xFF, 0x00, 0xBF, 0xC0, 0x0F, 0xF0, 0x00, 0xFE, 0x00, 0x2F, 0xE0, 0x2F, 0xE0, 0x00,
    0xFE, 0x00, 0x0F, 0xF0, 0x3F, 0xC0, 0x00, 0xFE, 0x00, 0x0B, 0xF8, 0x7F, 0xC0, 0x00, 0xFE, 0x00,
    0x07, 0xFC, 0xBF, 0x80, 0x00, 0xFE, 0x00, 0x03, 0xFC, 0xBF, 0x80, 0x00, 0xFE, 0x00, 0x03, 0xFC,
    0xBF, 0x80, 0x00, 0xFE, 0x00, 0x03, 0xFC, 0xBF, 0x80, 0x00, 0xFE, 0x00, 0x03, 0xFC, 0x3F, 0xC0,
    0x00, 0xFE, 0x00, 0x03, 0xF8, 0x3F, 0xC0, 0x00, 0xFE, 0x00, 0x0B, 0xF4, 0x1F, 0xE0, 0x00, 0xFE,
    0x00, 0x0F, 0xF0, 0x0B, 0xF0, 0x00, 0xFE, 0x00, 0x2F, 0xC0, 0x02, 0xFD, 0x03, 0xFF, 0x80, 0xBF,
    0x00, 0x00, 0x3F, 0xFF, 0xFF, 0xFF, 0xF8, 0x00, 0x00, 0x02, 0xA0, 0xFE, 0x2A, 0x40, 0x00, 0x00,
    0x00, 0x00, 0xFF, 0x00, 0x00, 0x00, 0x00, 0x00, 0x3F, 0xFF, 0xF8, 0x00, 0x00, 0x00, 0x00, 0x3F,
    0xFF, 0xF8, 0x00, 0x00, 0x15, 0x55, 0x50, 0x01, 0x55, 0x50, 0x3F, 0xFF, 0xF0, 0x0B, 0xFF, 0xF0,
    0x2B, 0xFF, 0x90, 0x02, 0xBF, 0xA0, 0x02, 0xFF, 0x00, 0x00, 0xBC, 0x00, 0x00, 0xFF, 0x80, 0x00,
    0xF8, 0x00, 0x00, 0x3F, 0xC0, 0x03, 0xF0, 0x00, 0x00, 0x2F, 0xF0, 0x0B, 0xC0, 0x00, 0x00, 0x0F,
    0xF8, 0x2F, 0x80, 0x00, 0x00, 0x03, 0xFC, 0x3E, 0x00, 0x00, 0x00, 0x02, 0xFF, 0xFC, 0x00, 0x00,
    0x00, 0x00, 0xFF, 0xF0, 0x00, 0x00, 0x00, 0x00, 0x3F, 0xE0, 0x00, 0x00, 0x00, 0x00, 0x2F, 0xF0,
    0x00, 0x00, 0x00, 0x00, 0x3F, 0xF4, 0x00, 0x00, 0x00, 0x00, 0xBF, 0xFC, 0x00, 0x00, 0x00, 0x00,
    0xFB, 0xFE, 0x00, 0x00, 0x00, 0x03, 0xF0, 0xFF, 0x00, 0x00, 0x00, 0x0B, 0xC0, 0xBF, 0xC0, 0x00,
    0x00, 0x2F, 0x80, 0x3F, 0xE0, 0x00, 0x00, 0x3E, 0x00, 0x0F, 0xF0, 0x00, 0x00, 0xFC, 0x00, 0x0B,
    0xFC, 0x00, 0x02, 0xF0, 0x00, 0x03, 0xFE, 0x00, 0x0B, 0xE0, 0x00, 0x02, 0xFF, 0x00, 0xBF, 0xFF,
    0x00, 0x3F, 0xFF, 0xF8, 0xBF, 0xFF, 0x00, 0x3F, 0xFF, 0xF8, 0x55, 0x55, 0x40, 0x01, 0x55, 0x55,
    0x00, 0xFF, 0xFF, 0xD0, 0x03, 0xFF, 0xFF, 0x00, 0x2F, 0xFE, 0x40, 0x01, 0xBF, 0xF9, 0x00, 0x03,
    0xF8, 0x00, 0x00, 0x1F, 0xD0, 0x00, 0x03, 0xF8, 0x00, 0x00, 0x1F, 0xD0, 0x00, 0x03, 0xF8, 0x00,
    0x00, 0x1F, 0xD0, 0x00, 0x03, 0xF8, 0x00, 0x00, 0x1F, 0xD0, 0x00, 0x03, 0xF8, 0x00, 0x00, 0x1F,
    0xD0, 0x00, 0x03, 0xF8, 0x00, 0x00, 0x1F, 0xD0, 0x00, 0x03, 0xF8, 0x00, 0x00, 0x1F, 0xD0, 0x00,
    0x03, 0xF8, 0x00, 0x00, 0x1F, 0xD0, 0x00, 0x03, 0xF8, 0x00, 0x00, 0x1F, 0xD0, 0x00, 0x03, 0xF8,
    0x00, 0x00, 0x1F, 0xD0, 0x00, 0x03, 0xF8, 0x00, 0x00, 0x1F, 0xD0, 0x00, 0x03, 0xF8, 0x00, 0x00,
    0x1F, 0xD0, 0x00, 0x03, 0xF8, 0x00, 0x00, 0x1F, 0xD0, 0x00, 0x03, 0xF8, 0x00, 0x00, 0x1F, 0xD0,
    0x00, 0x03, 0xF8, 0x00, 0x00, 0x1F, 0xD0, 0x00, 0x03, 0xF8, 0x00, 0x00, 0x1F, 0xD0, 0x00, 0x03,
    0xF8, 0x00, 0x00, 0x1F, 0xD0, 0x00, 0x03, 0xF8, 0x00, 0x00, 0x1F, 0xD0, 0x00, 0x03, 0xF8, 0x00,
    0x00, 0x1F, 0xD0, 0x00, 0x0B, 0xF8, 0x00, 0x00, 0x2F, 0xE0, 0x00, 0xFF, 0xFF, 0xFF, 0xFF, 0xFF,
    0xFF, 0x00, 0xFF, 0xFF, 0xFF, 0xFF, 0xFF, 0xFF, 0x00, 0x00, 0x00, 0x00, 0x00, 0x0B, 0xFF, 0x00,
    0x00, 0x00, 0x00, 0x00, 0x00, 0xFF, 0x00, 0x00, 0x00, 0x00, 0x00, 0x00, 0x3F, 0x00, 0x00, 0x00,
    0x00, 0x00, 0x00, 0x2F, 0x00, 0x00, 0x00, 0x00, 0x00, 0x00, 0x0F, 0x00, 0x00, 0x00, 0x00, 0x00,
    0x00, 0x0F, 0x00, 0x00, 0x00, 0x00, 0x00, 0x00, 0x0F, 0x00, 0x00, 0x00, 0x00, 0x00, 0x00, 0x00,
    0x00, 0x15, 0x55, 0x50, 0x05, 0x55, 0x50, 0x3F, 0xFF, 0xF0, 0x1F, 0xFF, 0xF8, 0x0B, 0xFF, 0x90,
    0x06, 0xFF, 0x90, 0x00, 0xFE, 0x00, 0x00, 0xFF, 0x00, 0x00, 0xFE, 0x00, 0x00, 0xFF, 0x00, 0x00,
    0xFE, 0x00, 0x00, 0xFF, 0x00, 0x00, 0xFE, 0x00, 0x00, 0xFF, 0x00, 0x00, 0xFE, 0x00, 0x00, 0xFF,
    0x00, 0x00, 0xFE, 0x00, 0x00, 0xFF, 0x00, 0x00, 0xFE, 0x00, 0x00, 0xFF, 0x00, 0x00, 0xFE, 0x00,
    0x00, 0xFF, 0x00, 0x00, 0xFF, 0x00, 0x02, 0xFF, 0x00, 0x00, 0xFF, 0x80, 0x7F, 0xFF, 0x00, 0x00,
    0xBF, 0xFF, 0xFF, 0xFF, 0x00, 0x00, 0x3F, 0xFF, 0xF8, 0xFF, 0x00, 0x00, 0x0B, 0xFE, 0x40, 0xFF,
    0x00, 0x00, 0x00, 0x00, 0x00, 0xFF, 0x00, 0x00, 0x00, 0x00, 0x00, 0xFF, 0x00, 0x00, 0x00, 0x00,
    0x00, 0xFF, 0x00, 0x00, 0x00, 0x00, 0x00, 0xFF, 0x00, 0x00, 0x00, 0x00, 0x00, 0xFF, 0x00, 0x00,
    0x00, 0x00, 0x00, 0xFF, 0x00, 0x00, 0x00, 0x00, 0x00, 0xFF, 0x00, 0x00, 0x00, 0x00, 0x0F, 0xFF,
    0xF8, 0x00, 0x00, 0x00, 0x1F, 0xFF, 0xF8, 0x55, 0x55, 0x40, 0x55, 0x55, 0x40, 0x55, 0x55, 0x00,
    0xFF, 0xFF, 0xD0, 0xFF, 0xFF, 0xC2, 0xFF, 0xFF, 0xC0, 0x2F, 0xFE, 0x40, 0x6F, 0xFE, 0x00, 0x6F,
    0xFA, 0x00, 0x03, 0xF8, 0x00, 0x0B, 0xF0, 0x00, 0x0B, 0xF0, 0x00, 0x03, 0xF8, 0x00, 0x0B, 0xF0,
    0x00, 0x0B, 0xF0, 0x00, 0x03, 0xF8, 0x00, 0x0B, 0xF0, 0x00, 0x0B, 0xF0, 0x00, 0x03, 0xF8, 0x00,
    0x0B, 0xF0, 0x00, 0x0B, 0xF0, 0x00, 0x03, 0xF8, 0x00, 0x0B, 0xF0, 0x00, 0x0B, 0xF0, 0x00, 0x03,
    0xF8, 0x00, 0x0B, 0xF0, 0x00, 0x0B, 0xF0, 0x00, 0x03, 0xF8, 0x00, 0x0B, 0xF0, 0x00, 0x0B, 0xF0,
    0x00, 0x03, 0xF8, 0x00, 0x0B, 0xF0, 0x00, 0x0B, 0xF0, 0x00, 0x03, 0xF8, 0x00, 0x0B, 0xF0, 0x00,
    0x0B, 0xF0, 0x00, 0x03, 0xF8, 0x00, 0x0B, 0xF0, 0x00, 0x0B, 0xF0, 0x00, 0x03, 0xF8, 0x00, 0x0B,
    0xF0, 0x00, 0x0B, 0xF0, 0x00, 0x03, 0xF8, 0x00, 0x0B, 0xF0, 0x00, 0x0B, 0xF0, 0x00, 0x03, 0xF8,
    0x00, 0x0B, 0xF0, 0x00, 0x0B, 0xF0, 0x00, 0x03, 0xF8, 0x00, 0x0B, 0xF0, 0x00, 0x0B, 0xF0, 0x00,
    0x03, 0xF8, 0x00, 0x0B, 0xF0, 0x00, 0x0B, 0xF0, 0x00, 0x03, 0xF8, 0x00, 0x0B, 0xF0, 0x00, 0x0B,
    0xF0, 0x00, 0x03, 0xF8, 0x00, 0x0B, 0xF0, 0x00, 0x0B, 0xF0, 0x00, 0x03, 0xF8, 0x00, 0x0B, 0xF0,
    0x00, 0x0B, 0xF0, 0x00, 0x03, 0xF8, 0x00, 0x0B, 0xF0, 0x00, 0x0B, 0xF0, 0x00, 0x0B, 0xF8, 0x00,
    0x0B, 0xF8, 0x00, 0x0F, 0xF0, 0x00, 0xFF, 0xFF, 0xFF, 0xFF, 0xFF, 0xFF, 0xFF, 0xFF, 0x80, 0xFF,
    0xFF, 0xFF, 0xFF, 0xFF, 0xFF, 0xFF, 0xFF, 0xC0, 0x55, 0x55, 0x40, 0x55, 0x55, 0x40, 0x55, 0x55,
    0x00, 0xFF, 0xFF, 0xD0, 0xFF, 0xFF, 0xC2, 0xFF, 0xFF, 0xC0, 0x2F, 0xFE, 0x40, 0x6F, 0xFE, 0x00,
    0x6F, 0xFA, 0x00, 0x03, 0xF8, 0x00, 0x0B, 0xF0, 0x00, 0x0B, 0xF0, 0x00, 0x03, 0xF8, 0x00, 0x0B,
    0xF0, 0x00, 0x0B, 0xF0, 0x00, 0x03, 0xF8, 0x00, 0x0B, 0xF0, 0x00, 0x0B, 0xF0, 0x00, 0x03, 0xF8,
    0x00, 0x0B, 0xF0, 0x00, 0x0B, 0xF0, 0x00, 0x03, 0xF8, 0x00, 0x0B, 0xF0, 0x00, 0x0B, 0xF0, 0x00,
    0x03, 0xF8, 0x00, 0x0B, 0xF0, 0x00, 0x0B, 0xF0, 0x00, 0x03, 0xF8, 0x00, 0x0B, 0xF0, 0x00, 0x0B,
    0xF0, 0x00, 0x03, 0xF8, 0x00, 0x0B, 0xF0, 0x00, 0x0B, 0xF0, 0x00, 0x03, 0xF8, 0x00, 0x0B, 0xF0,
    0x00, 0x0B, 0xF0, 0x00, 0x03, 0xF8, 0x00, 0x0B, 0xF0, 0x00, 0x0B, 0xF0, 0x00, 0x03, 0xF8, 0x00,
    0x0B, 0xF0, 0x00, 0x0B, 0xF0, 0x00, 0x03, 0xF8, 0x00, 0x0B, 0xF0, 0x00, 0x0B, 0xF0, 0x00, 0x03,
    0xF8, 0x00, 0x0B, 0xF0, 0x00, 0x0B, 0xF0, 0x00, 0x03, 0xF8, 0x00, 0x0B, 0xF0, 0x00, 0x0B, 0xF0,
    0x00, 0x03, 0xF8, 0x00, 0x0B, 0xF0, 0x00, 0x0B, 0xF0, 0x00, 0x03, 0xF8, 0x00, 0x0B, 0xF0, 0x00,
    0x0B, 0xF0, 0x00, 0x03, 0xF8, 0x00, 0x0B, 0xF0, 0x00, 0x0B, 0xF0, 0x00, 0x03, 0xF8, 0x00, 0x0B,
    0xF0, 0x00, 0x0B, 0xF0, 0x00, 0x03, 0xF8, 0x00, 0x0B, 0xF0, 0x00, 0x0B, 0xF0, 0x00, 0x0B, 0xF8,
    0x00, 0x0B, 0xF8, 0x00, 0x0F, 0xF0, 0x00, 0xFF, 0xFF, 0xFF, 0xFF, 0xFF, 0xFF, 0xFF, 0xFF, 0x80,
    0xFF, 0xFF, 0xFF, 0xFF, 0xFF, 0xFF, 0xFF, 0xFF, 0xC0, 0x00, 0x00, 0x00, 0x00, 0x00, 0x00, 0x02,
    0xFF, 0xC0, 0x00, 0x00, 0x00, 0x00, 0x00, 0x00, 0x00, 0x7F, 0xC0, 0x00, 0x00, 0x00, 0x00, 0x00,
    0x00, 0x00, 0x2F, 0xC0, 0x00, 0x00, 0x00, 0x00, 0x00, 0x00, 0x00, 0x0F, 0xC0, 0x00, 0x00, 0x00,
    0x00, 0x00, 0x00, 0x00, 0x0B, 0xC0, 0x00, 0x00, 0x00, 0x00, 0x00, 0x00, 0x00, 0x03, 0xC0, 0x00,
    0x00, 0x00, 0x00, 0x00, 0x00, 0x00, 0x03, 0xC0, 0x00, 0x00, 0x00, 0x00, 0x00, 0x00, 0x00, 0x00,
    0x00, 0x15, 0x55, 0x55, 0x50, 0x00, 0x00, 0xFF, 0xFF, 0xFF, 0xF0, 0x00, 0x00, 0xFE, 0xAB, 0xFE,
    0x90, 0x00, 0x00, 0xF8, 0x02, 0xFC, 0x00, 0x00, 0x00, 0xF8, 0x02, 0xFC, 0x00, 0x00, 0x00, 0xF4,
    0x02, 0xFC, 0x00, 0x00, 0x00, 0xA0, 0x02, 0xFC, 0x00, 0x00, 0x00, 0x00, 0x02, 0xFC, 0x00, 0x00,
    0x00, 0x00, 0x02, 0xFC, 0x00, 0x00, 0x00, 0x00, 0x02, 0xFC, 0x00, 0x00, 0x00, 0x00, 0x02, 0xFF,
    0xFF, 0xE4, 0x00, 0x00, 0x02, 0xFE, 0xAB, 0xFF, 0x00, 0x00, 0x02, 0xFC, 0x00, 0x7F, 0xC0, 0x00,
    0x02, 0xFC, 0x00, 0x1F, 0xF0, 0x00, 0x02, 0xFC, 0x00, 0x0F, 0xF0, 0x00, 0x02, 0xFC, 0x00, 0x0B,
    0xF8, 0x00, 0x02, 0xFC, 0x00, 0x0B, 0xF8, 0x00, 0x02, 0xFC, 0x00, 0x0B, 0xF8, 0x00, 0x02, 0xFC,
    0x00, 0x0B, 0xF8, 0x00, 0x02, 0xFC, 0x00, 0x0B, 0xF8, 0x00, 0x02, 0xFC, 0x00, 0x0F, 0xF0, 0x00,
    0x02, 0xFC, 0x00, 0x2F, 0xF0, 0x00, 0x03, 0xFC, 0x00, 0xBF, 0xC0, 0x00, 0xBF, 0xFF, 0xFF, 0xFF,
    0x00, 0x00, 0xBF, 0xFF, 0xFF, 0xA0, 0x00, 0x05, 0x55, 0x50, 0x00, 0x00, 0x55, 0x55, 0x40, 0x3F,
    0xFF, 0xF8, 0x00, 0x01, 0xFF, 0xFF, 0xC0, 0x0B, 0xFF, 0x90, 0x00, 0x00, 0xAF, 0xFE, 0x40, 0x00,
    0xFE, 0x00, 0x00, 0x00, 0x0B, 0xF0, 0x00, 0x00, 0xFE, 0x00, 0x00, 0x00, 0x0B, 0xF0, 0x00, 0x00,
    0xFE, 0x00, 0x00, 0x00, 0x0B, 0xF0, 0x00, 0x00, 0xFE, 0x00, 0x00, 0x00, 0x0B, 0xF0, 0x00, 0x00,
    0xFE, 0x00, 0x00, 0x00, 0x0B, 0xF0, 0x00, 0x00, 0xFE, 0x00, 0x00, 0x00, 0x0B, 0xF0, 0x00, 0x00,
    0xFE, 0x00, 0x00, 0x00, 0x0B, 0xF0, 0x00, 0x00, 0xFF, 0xFF, 0xF8, 0x00, 0x0B, 0xF0, 0x00, 0x00,
    0xFF, 0xAB, 0xFF, 0x80, 0x0B, 0xF0, 0x00, 0x00, 0xFE, 0x00, 0x3F, 0xE0, 0x0B, 0xF0, 0x00, 0x00,
    0xFE, 0x00, 0x0F, 0xF0, 0x0B, 0xF0, 0x00, 0x00, 0xFE, 0x00, 0x07, 0xF8, 0x0B, 0xF0, 0x00, 0x00,
    0xFE, 0x00, 0x03, 0xFC, 0x0B, 0xF0, 0x00, 0x00, 0xFE, 0x00, 0x03, 0xFC, 0x0B, 0xF0, 0x00, 0x00,
    0xFE, 0x00, 0x03, 0xFC, 0x0B, 0xF0, 0x00, 0x00, 0xFE, 0x00, 0x03, 0xFC, 0x0B, 0xF0, 0x00, 0x00,
    0xFE, 0x00, 0x03, 0xFC, 0x0B, 0xF0, 0x00, 0x00, 0xFE, 0x00, 0x07, 0xFC, 0x0B, 0xF0, 0x00, 0x00,
    0xFE, 0x00, 0x0F, 0xF8, 0x0B, 0xF0, 0x00, 0x01, 0xFE, 0x00, 0xBF, 0xF0, 0x0B, 0xF8, 0x00, 0x3F,
    0xFF, 0xFF, 0xFF, 0x80, 0xFF, 0xFF, 0xC0, 0x3F, 0xFF, 0xFF, 0xE4, 0x01, 0xFF, 0xFF, 0xC0, 0x05,
    0x55, 0x50, 0x00, 0x00, 0x3F, 0xFF, 0xF8, 0x00, 0x00, 0x0B, 0xFF, 0x90, 0x00, 0x00, 0x00, 0xFE,
    0x00, 0x00, 0x00, 0x00, 0xFE, 0x00, 0x00, 0x00, 0x00, 0xFE, 0x00, 0x00, 0x00, 0x00, 0xFE, 0x00,
    0x00, 0x00, 0x00, 0xFE, 0x00, 0x00, 0x00, 0x00, 0xFE, 0x00, 0x00, 0x00, 0x00, 0xFE, 0x00, 0x00,
    0x00, 0x00, 0xFF, 0xFF, 0xF8, 0x00, 0x00, 0xFF, 0xAB, 0xFF, 0x80, 0x00, 0xFE, 0x00, 0x2F, 0xE0,
    0x00, 0xFE, 0x00, 0x0B, 0xF8, 0x00, 0xFE, 0x00, 0x03, 0xFC, 0x00, 0xFE, 0x00, 0x03, 0xFC, 0x00,
    0xFE, 0x00, 0x02, 0xFE, 0x00, 0xFE, 0x00, 0x02, 0xFE, 0x00, 0xFE, 0x00, 0x02, 0xFE, 0x00, 0xFE,
    0x00, 0x03, 0xFD, 0x00, 0xFE, 0x00, 0x03, 0xFC, 0x00, 0xFE, 0x00, 0x0F, 0xF8, 0x01, 0xFE, 0x00,
    0xBF, 0xF0, 0x3F, 0xFF, 0xFF, 0xFF, 0x80, 0x3F, 0xFF, 0xFF, 0xE4, 0x00, 0x00, 0x00, 0x00, 0x00,
    0x00, 0x00, 0x02, 0xBF, 0xFA, 0x00, 0x00, 0x00, 0xBF, 0xFF, 0xFF, 0xE0, 0x00, 0x00, 0xBF, 0x80,
    0x1B, 0xFD, 0x00, 0x00, 0xBC, 0x00, 0x00, 0xFF, 0x80, 0x00, 0xBC, 0x00, 0x00, 0x2F, 0xD0, 0x00,
    0xB8, 0x00, 0x00, 0x0F, 0xF0, 0x00, 0xB8, 0x00, 0x00, 0x03, 0xF8, 0x00, 0x00, 0x00, 0x00, 0x02,
    0xFC, 0x00, 0x00, 0x00, 0x00, 0x00, 0xFE, 0x00, 0x00, 0x00, 0x00, 0x00, 0xFF, 0x00, 0x00, 0x00,
    0x00, 0x00, 0xFF, 0x00, 0x00, 0x01, 0x55, 0x55, 0xFF, 0x00, 0x00, 0x0F, 0xFF, 0xFF, 0xFF, 0x00,
    0x00, 0x02, 0xAA, 0xAA, 0xFF, 0x00, 0x00, 0x00, 0x00, 0x00, 0xFF, 0x00, 0x00, 0x00, 0x00, 0x00,
    0xFF, 0x00, 0x00, 0x00, 0x00, 0x00, 0xFE, 0x00, 0x00, 0x00, 0x00, 0x02, 0xFC, 0x00, 0x60, 0x00,
    0x00, 0x03, 0xFC, 0x00, 0xB8, 0x00, 0x00, 0x0B, 0xF4, 0x00, 0xBC, 0x00, 0x00, 0x0F, 0xE0, 0x00,
    0xBC, 0x00, 0x00, 0x7F, 0xC0, 0x00, 0xBE, 0x00, 0x02, 0xFF, 0x00, 0x00, 0xBF, 0xEA, 0xBF, 0xF8,
    0x00, 0x00, 0x2F, 0xFF, 0xFF, 0x80, 0x00, 0x00, 0x00, 0x0A, 0x80, 0x00, 0x00, 0x00, 0x00, 0x00,
    0x00, 0x00, 0x00, 0x00, 0x00, 0x00, 0x00, 0x15, 0x55, 0x50, 0x00, 0x02, 0xBF, 0xE8, 0x00, 0x00,
    0x3F, 0xFF, 0xF8, 0x00, 0x2F, 0xFF, 0xFF, 0x80, 0x00, 0x1B, 0xFF, 0x90, 0x00, 0xFF, 0x90, 0x6F,
    0xF0, 0x00, 0x00, 0xFE, 0x00, 0x03, 0xFC, 0x00, 0x03, 0xFC, 0x00, 0x00, 0xFE, 0x00, 0x0B, 0xF4,
    0x00, 0x01, 0xFE, 0x00, 0x00, 0xFE, 0x00, 0x0F, 0xE0, 0x00, 0x00, 0xBF, 0x00, 0x00, 0xFE, 0x00,
    0x2F, 0xC0, 0x00, 0x00, 0x7F, 0x80, 0x00, 0xFE, 0x00, 0x3F, 0xC0, 0x00, 0x00, 0x3F, 0xC0, 0x00,
    0xFE, 0x00, 0x3F, 0xC0, 0x00, 0x00, 0x3F, 0xC0, 0x00, 0xFE, 0x00, 0xBF, 0x80, 0x00, 0x00, 0x2F,
    0xE0, 0x00, 0xFE, 0x00, 0xBF, 0x80, 0x00, 0x00, 0x2F, 0xE0, 0x00, 0xFF, 0xAA, 0xFF, 0x80, 0x00,
    0x00, 0x2F, 0xE0, 0x00, 0xFF, 0xFF, 0xFF, 0x80, 0x00, 0x00, 0x2F, 0xF0, 0x00, 0xFF, 0xAA, 0xFF,
    0x80, 0x00, 0x00, 0x2F, 0xF0, 0x00, 0xFE, 0x00, 0xBF, 0x80, 0x00, 0x00, 0x2F, 0xE0, 0x00, 0xFE,
    0x00, 0xBF, 0x80, 0x00, 0x00, 0x2F, 0xE0, 0x00, 0xFE, 0x00, 0xBF, 0x80, 0x00, 0x00, 0x2F, 0xE0,
    0x00, 0xFE, 0x00, 0x3F, 0xC0, 0x00, 0x00, 0x3F, 0xC0, 0x00, 0xFE, 0x00, 0x3F, 0xC0, 0x00, 0x00,
    0x3F, 0xC0, 0x00, 0xFE, 0x00, 0x2F, 0xE0, 0x00, 0x00, 0xBF, 0x80, 0x00, 0xFE, 0x00, 0x0F, 0xF0,
    0x00, 0x00, 0xFF, 0x00, 0x00, 0xFE, 0x00, 0x03, 0xF8, 0x00, 0x02, 0xFC, 0x00, 0x01, 0xFE, 0x00,
    0x01, 0xFE, 0x00, 0x0B, 0xF4, 0x00, 0x3F, 0xFF, 0xF4, 0x00, 0x3F, 0xFA, 0xFF, 0xD0, 0x00, 0x3F,
    0xFF, 0xF8, 0x00, 0x0B, 0xFF, 0xFE, 0x00, 0x00, 0x00, 0x00, 0x00, 0x00, 0x00, 0x1A, 0x40, 0x00,
    0x00, 0x00, 0x00, 0x00, 0x05, 0x55, 0x54, 0x00, 0x00, 0xBF, 0xFF, 0xFF, 0xFC, 0x00, 0x0B, 0xFF,
    0xEA, 0xBF, 0xE4, 0x00, 0x0F, 0xF8, 0x00, 0x3F, 0x80, 0x00, 0x3F, 0xE0, 0x00, 0x3F, 0x80, 0x00,
    0x3F, 0xC0, 0x00, 0x3F, 0x80, 0x00, 0x3F, 0xC0, 0x00, 0x3F, 0x80, 0x00, 0x3F, 0xC0, 0x00, 0x3F,
    0x80, 0x00, 0x3F, 0xC0, 0x00, 0x3F, 0x80, 0x00, 0x3F, 0xC0, 0x00, 0x3F, 0x80, 0x00, 0x0F, 0xF0,
    0x00, 0x3F, 0x80, 0x00, 0x03, 0xFC, 0x00, 0x3F, 0x80, 0x00, 0x00, 0xBF, 0xFF, 0xFF, 0x80, 0x00,
    0x00, 0x2F, 0xFF, 0xFF, 0x80, 0x00, 0x00, 0xFF, 0x80, 0x7F, 0x80, 0x00, 0x03, 0xFC, 0x00, 0x3F,
    0x80, 0x00, 0x0B, 0xF8, 0x00, 0x3F, 0x80, 0x00, 0x0F, 0xF0, 0x00, 0x3F, 0x80, 0x00, 0x0F, 0xE0,
    0x00, 0x3F, 0x80, 0x00, 0x1F, 0xD0, 0x00, 0x3F, 0x80, 0x00, 0x2F, 0xC0, 0x00, 0x3F, 0x80, 0x00,
    0x3F, 0xC0, 0x00, 0x3F, 0x80, 0x00, 0xFF, 0x00, 0x00, 0xBF, 0x80, 0x3F, 0xFE, 0x00, 0x0F, 0xFF,
    0xFC, 0x3F, 0xF8, 0x00, 0x0F, 0xFF, 0xFC, 0x00, 0x00, 0x00, 0x00, 0x00, 0x00, 0x00, 0x00, 0x00,
    0x00, 0x00, 0x00, 0x6F, 0xFE, 0x00, 0x00, 0x0B, 0xFF, 0xFF, 0xC0, 0x00, 0x2F, 0xC0, 0x2F, 0xF0,
    0x00, 0x3F, 0xC0, 0x0B, 0xF0, 0x00, 0x3F, 0xC0, 0x03, 0xF0, 0x00, 0x0A, 0x80, 0x03, 0xF0, 0x00,
    0x00, 0x00, 0x03, 0xF0, 0x00, 0x00, 0x01, 0xBF, 0xF0, 0x00, 0x00, 0xBF, 0xEB, 0xF0, 0x00, 0x0B,
    0xFD, 0x03, 0xF0, 0x00, 0x3F, 0xD0, 0x03, 0xF0, 0x00, 0xBF, 0x40, 0x03, 0xF0, 0x00, 0xBF, 0x00,
    0x03, 0xF0, 0x00, 0xFF, 0x00, 0x03, 0xF0, 0x00, 0xBF, 0x00, 0x0B, 0xF0, 0x00, 0xBF, 0xC0, 0xBF,
    0xF4, 0x00, 0x3F, 0xFF, 0xF3, 0xFE, 0x80, 0x0B, 0xFF, 0x03, 0xFF, 0xC0, 0x00, 0x00, 0x00, 0x00,
    0x00, 0x00, 0x00, 0x00, 0x02, 0x00, 0x00, 0x00, 0x1A, 0xAF, 0x00, 0x00, 0x1F, 0xFF, 0xFE, 0x00,
    0x00, 0xFF, 0xFF, 0xFC, 0x00, 0x03, 0xFF, 0xFE, 0x80, 0x00, 0x0F, 0xE0, 0x00, 0x00, 0x00, 0x1F,
    0x00, 0x00, 0x00, 0x00, 0x3C, 0x00, 0x00, 0x00, 0x00, 0x38, 0x2F, 0xFE, 0x00, 0x00, 0x70, 0xFF,
    0xFF, 0xE0, 0x00, 0xBB, 0xF4, 0x03, 0xF8, 0x00, 0xBF, 0xC0, 0x00, 0xFD, 0x00, 0xBF, 0x80, 0x00,
    0xBF, 0x00, 0xFF, 0x00, 0x00, 0x3F, 0x40, 0xFF, 0x00, 0x00, 0x3F, 0xC0, 0xFF, 0x00, 0x00, 0x2F,
    0xC0, 0xFE, 0x00, 0x00, 0x2F, 0xC0, 0xFE, 0x00, 0x00, 0x2F, 0xC0, 0xBF, 0x00, 0x00, 0x2F, 0xC0,
    0xBF, 0x00, 0x00, 0x2F, 0xC0, 0x3F, 0x00, 0x00, 0x3F, 0x80, 0x3F, 0x80, 0x00, 0x3F, 0x00, 0x0F,
    0xC0, 0x00, 0xFE, 0x00, 0x0B, 0xF0, 0x02, 0xFC, 0x00, 0x02, 0xFE, 0x6F, 0xF0, 0x00, 0x00, 0x3F,
    0xFF, 0x80, 0x00, 0x00, 0x00, 0x00, 0x00, 0x00, 0x2A, 0xAA, 0xA9, 0x00, 0x00, 0x3F, 0xFF, 0xFF,
    0xF0, 0x00, 0x03, 0xF8, 0x0B, 0xFC, 0x00, 0x03, 0xF8, 0x01, 0xFE, 0x00, 0x03, 0xF8, 0x00, 0xFE,
    0x00, 0x03, 0xF8, 0x00, 0xFE, 0x00, 0x03, 0xF8, 0x01, 0xFC, 0x00, 0x03, 0xF8, 0x0B, 0xF8, 0x00,
    0x03, 0xFF, 0xFF, 0xE0, 0x00, 0x03, 0xFF, 0xFF, 0xFE, 0x00, 0x03, 0xF8, 0x00, 0xFF, 0x00, 0x03,
    0xF8, 0x00, 0x3F, 0xC0, 0x03, 0xF8, 0x00, 0x3F, 0xC0, 0x03, 0xF8, 0x00, 0x3F, 0xC0, 0x03, 0xF8,
    0x00, 0x3F, 0x80, 0x03, 0xF8, 0x00, 0xFF, 0x00, 0x2B, 0xFF, 0xFF, 0xFC, 0x00, 0x3F, 0xFF, 0xFE,
    0x80, 0x00, 0x2A, 0xAA, 0xAA, 0xA8, 0x3F, 0xFF, 0xFF, 0xFC, 0x03, 0xFC, 0x00, 0xBC, 0x03, 0xF8,
    0x00, 0x3C, 0x03, 0xF8, 0x00, 0x2C, 0x03, 0xF8, 0x00, 0x2C, 0x03, 0xF8, 0x00, 0x00, 0x03, 0xF8,
    0x00, 0x00, 0x03, 0xF8, 0x00, 0x00, 0x03, 0xF8, 0x00, 0x00, 0x03, 0xF8, 0x00, 0x00, 0x03, 0xF8,
    0x00, 0x00, 0x03, 0xF8, 0x00, 0x00, 0x03, 0xF8, 0x00, 0x00, 0x03, 0xF8, 0x00, 0x00, 0x03, 0xF8,
    0x00, 0x00, 0x2F, 0xFE, 0x80, 0x00, 0x3F, 0xFF, 0x80, 0x00, 0x00, 0xAA, 0xAA, 0xAA, 0xAA, 0x00,
    0xAF, 0xFF, 0xFF, 0xFA, 0x00, 0x0B, 0x80, 0x1F, 0xE0, 0x00, 0x0B, 0x80, 0x0F, 0xE0, 0x00, 0x0B,
    0x80, 0x0F, 0xE0, 0x00, 0x0B, 0x40, 0x0F, 0xE0, 0x00, 0x0B, 0x00, 0x0F, 0xE0, 0x00, 0x0F, 0x00,
    0x0F, 0xE0, 0x00, 0x0F, 0x00, 0x0F, 0xE0, 0x00, 0x0F, 0x00, 0x0F, 0xE0, 0x00, 0x0F, 0x00, 0x0F,
    0xE0, 0x00, 0x2E, 0x00, 0x0F, 0xE0, 0x00, 0x3C, 0x00, 0x0F, 0xE0, 0x00, 0x3C, 0x00, 0x0F, 0xE0,
    0x00, 0xF8, 0x00, 0x0F, 0xE0, 0x02, 0xF0, 0x00, 0x0F, 0xE0, 0x0B, 0xFF, 0xFF, 0xFF, 0xE0, 0xBF,
    0xFF, 0xFF, 0xFF, 0xF8, 0xFF, 0x80, 0x00, 0x03, 0xFF, 0xFC, 0x00, 0x00, 0x00, 0xBF, 0xF8, 0x00,
    0x00, 0x00, 0x3F, 0xF0, 0x00, 0x00, 0x00, 0x2F, 0xF0, 0x00, 0x00, 0x00, 0x0F, 0xA0, 0x00, 0x00,
    0x00, 0x09, 0x00, 0x00, 0x00, 0x00, 0x00, 0x1B, 0xFE, 0x00, 0x00, 0xFF, 0xFF, 0xC0, 0x07, 0xF8,
    0x0F, 0xF0, 0x0F, 0xC0, 0x03, 0xF8, 0x3F, 0x80, 0x02, 0xFC, 0x3F, 0x00, 0x00, 0xFC, 0xBF, 0x00,
    0x02, 0xFD, 0xBF, 0xFF, 0xFF, 0xFE, 0xFF, 0xAA, 0xAA, 0xA8, 0xFF, 0x00, 0x00, 0x00, 0xBF, 0x00,
    0x00, 0x00, 0xBF, 0x00, 0x00, 0x00, 0xBF, 0x80, 0x00, 0x00, 0x3F, 0xC0, 0x00, 0x00, 0x2F, 0xF0,
    0x00, 0x0E, 0x0F, 0xFD, 0x00, 0xBE, 0x03, 0xFF, 0xFF, 0xF8, 0x00, 0x7F, 0xFF, 0x80, 0x00, 0x00,
    0x00, 0x00, 0x00, 0x00, 0x00, 0x00, 0x00, 0x00, 0x00, 0x2F, 0xC0, 0x2A, 0xAA, 0x00, 0xFE, 0x00,
    0xBF, 0xF0, 0x3F, 0xFF, 0x83, 0xFF, 0x80, 0xBF, 0xFC, 0x07, 0xF8, 0x0F, 0xFF, 0x80, 0x3E, 0x2C,
    0x03, 0xF0, 0x0F, 0x2F, 0x00, 0x00, 0x0E, 0x03, 0xF0, 0x2E, 0x00, 0x00, 0x00, 0x0F, 0x03, 0xF0,
    0x3C, 0x00, 0x00, 0x00, 0x0B, 0x83, 0xF0, 0xB8, 0x00, 0x00, 0x00, 0x03, 0xE3, 0xF0, 0xF0, 0x00,
    0x00, 0x00, 0x00, 0xFF, 0xFF, 0xD0, 0x00, 0x00, 0x00, 0x03, 0xFF, 0xFF, 0xF0, 0x00, 0x00, 0x00,
    0x0F, 0xFB, 0xFB, 0xFC, 0x00, 0x00, 0x00, 0x2F, 0xC3, 0xF0, 0xFE, 0x00, 0x00, 0x00, 0x3F, 0x83,
    0xF0, 0x7F, 0x00, 0x00, 0x00, 0xFF, 0x03, 0xF0, 0x2F, 0xC0, 0x00, 0x02, 0xFC, 0x03, 0xF0, 0x0F,
    0xE0, 0x00, 0x03, 0xF8, 0x03, 0xF0, 0x0B, 0xF0, 0x00, 0xAF, 0xF0, 0x2F, 0xFE, 0x03, 0xFE, 0x80,
    0xFF, 0xE0, 0x3F, 0xFF, 0x82, 0xFF, 0xC0, 0x00, 0x00, 0x00, 0x00, 0x0A, 0xFF, 0xE0, 0x00, 0xBF,
    0xFF, 0xFE, 0x00, 0xBE, 0x00, 0xBF, 0x80, 0xB8, 0x00, 0x3F, 0xC0, 0xB8, 0x00, 0x2F, 0xC0, 0x00,
    0x00, 0x2F, 0xC0, 0x00, 0x00, 0x3F, 0x80, 0x00, 0x01, 0xFE, 0x00, 0x00, 0x3F, 0xF8, 0x00, 0x00,
    0x3F, 0xFE, 0x00, 0x00, 0x00, 0x3F, 0xC0, 0x00, 0x00, 0x0F, 0xE0, 0x00, 0x00, 0x0F, 0xE0, 0xB0,
    0x00, 0x0F, 0xF0, 0xF0, 0x00, 0x0F, 0xE0, 0xF8, 0x00, 0x3F, 0xC0, 0xFF, 0xAA, 0xFF, 0x80, 0xBF,
    0xFF, 0xF8, 0x00, 0x00, 0x00, 0x00, 0x00, 0xAA, 0xAA, 0x00, 0xAA, 0xA9, 0xFF, 0xFF, 0x00, 0xFF,
    0xFE, 0x0F, 0xF0, 0x00, 0x0F, 0xE0, 0x0F, 0xE0, 0x00, 0x2F, 0xE0, 0x0F, 0xE0, 0x00, 0x3F, 0xE0,
    0x0F, 0xE0, 0x00, 0xFF, 0xE0, 0x0F, 0xE0, 0x03, 0xCF, 0xE0, 0x0F, 0xE0, 0x0F, 0x0F, 0xE0, 0x0F,
    0xE0, 0x3C, 0x0F, 0xE0, 0x0F, 0xE0, 0xB4, 0x0F, 0xE0, 0x0F, 0xE2, 0xE0, 0x0F, 0xE0, 0x0F, 0xE7,
    0x80, 0x0F, 0xE0, 0x0F, 0xFF, 0x00, 0x0F, 0xE0, 0x0F, 0xFC, 0x00, 0x0F, 0xE0, 0x0F, 0xF0, 0x00,
    0x0F, 0xE0, 0x0F, 0xE0, 0x00, 0x0F, 0xE0, 0xBF, 0xFA, 0x00, 0xBF, 0xFA, 0xFF, 0xFF, 0x00, 0xFF,
    0xFE, 0x00, 0x2E, 0x00, 0xA0, 0x00, 0x00, 0x3F, 0x42, 0xFC, 0x00, 0x00, 0x3F, 0x00, 0xFC, 0x00,
    0x00, 0x3C, 0x00, 0x38, 0x00, 0x00, 0x0F, 0x82, 0xF0, 0x00, 0x00, 0x02, 0xFF, 0x80, 0x00, 0x00,
    0x00, 0x00, 0x00, 0x00, 0x00, 0x00, 0x00, 0x00, 0x00, 0xAA, 0xAA, 0x00, 0xAA, 0xA9, 0xFF, 0xFF,
    0x00, 0xFF, 0xFE, 0x0F, 0xF0, 0x00, 0x0F, 0xE0, 0x0F, 0xE0, 0x00, 0x2F, 0xE0, 0x0F, 0xE0, 0x00,
    0x3F, 0xE0, 0x0F, 0xE0, 0x00, 0xFF, 0xE0, 0x0F, 0xE0, 0x03, 0xCF, 0xE0, 0x0F, 0xE0, 0x0F, 0x0F,
    0xE0, 0x0F, 0xE0, 0x3C, 0x0F, 0xE0, 0x0F, 0xE0, 0xB4, 0x0F, 0xE0, 0x0F, 0xE2, 0xE0, 0x0F, 0xE0,
    0x0F, 0xE7, 0x80, 0x0F, 0xE0, 0x0F, 0xFF, 0x00, 0x0F, 0xE0, 0x0F, 0xFC, 0x00, 0x0F, 0xE0, 0x0F,
    0xF0, 0x00, 0x0F, 0xE0, 0x0F, 0xE0, 0x00, 0x0F, 0xE0, 0xBF, 0xFA, 0x00, 0xBF, 0xFA, 0xFF, 0xFF,
    0x00, 0xFF, 0xFE, 0x00, 0x00, 0x00, 0x00, 0x00, 0x2A, 0xAA, 0x80, 0x1F, 0xE0, 0x3F, 0xFF, 0xC0,
    0x7F, 0xF0, 0x03, 0xFC, 0x00, 0xFF, 0xF8, 0x03, 0xF8, 0x02, 0xE2, 0xF0, 0x03, 0xF8, 0x03, 0xC0,
    0x00, 0x03, 0xF8, 0x03, 0x80, 0x00, 0x03, 0xF8, 0x0F, 0x00, 0x00, 0x03, 0xF8, 0x3E, 0x00, 0x00,
    0x03, 0xFE, 0xFC, 0x00, 0x00, 0x03, 0xFF, 0xFE, 0x00, 0x00, 0x03, 0xFC, 0xBF, 0x80, 0x00, 0x03,
    0xF8, 0x2F, 0xC0, 0x00, 0x03, 0xF8, 0x0F, 0xF0, 0x00, 0x03, 0xF8, 0x03, 0xFC, 0x00, 0x03, 0xF8,
    0x00, 0xFE, 0x00, 0x03, 0xF8, 0x00, 0xBF, 0x00, 0x2F, 0xFE, 0x80, 0x3F, 0xE8, 0x3F, 0xFF, 0xC0,
    0x2F, 0xFC, 0x00, 0x2A, 0xAA, 0xAA, 0xAA, 0x00, 0x00, 0x3F, 0xFF, 0xFF, 0xFF, 0x00, 0x00, 0x03,
    0xC0, 0x0B, 0xF0, 0x00, 0x00, 0x03, 0xC0, 0x0B, 0xF0, 0x00, 0x00, 0x03, 0xC0, 0x0B, 0xF0, 0x00,
    0x00, 0x03, 0xC0, 0x0B, 0xF0, 0x00, 0x00, 0x03, 0xC0, 0x0B, 0xF0, 0x00, 0x00, 0x03, 0xC0, 0x0B,
    0xF0, 0x00, 0x00, 0x03, 0xC0, 0x0B, 0xF0, 0x00, 0x00, 0x03, 0x80, 0x0B, 0xF0, 0x00, 0x00, 0x0B,
    0x80, 0x0B, 0xF0, 0x00, 0x00, 0x0B, 0x80, 0x0B, 0xF0, 0x00, 0x00, 0x0F, 0x00, 0x0B, 0xF0, 0x00,
    0x00, 0x0F, 0x00, 0x0B, 0xF0, 0x00, 0x28, 0x2F, 0x00, 0x0B, 0xF0, 0x00, 0xBF, 0xBC, 0x00, 0x0B,
    0xF0, 0x00, 0xFF, 0xF8, 0x00, 0xAF, 0xFE, 0x00, 0xBF, 0xE0, 0x00, 0xFF, 0xFF, 0x00, 0x00, 0x00,
    0x00, 0x00, 0x00, 0x00, 0x2A, 0xA8, 0x00, 0x00, 0x0A, 0xAA, 0x40, 0x3F, 0xFE, 0x00, 0x00, 0x2F,
    0xFF, 0x80, 0x03, 0xFF, 0x00, 0x00, 0x3F, 0xF8, 0x00, 0x03, 0xFF, 0x00, 0x00, 0x7F, 0xF8, 0x00,
    0x03, 0xEF, 0x80, 0x00, 0xFB, 0xF8, 0x00, 0x03, 0xCF, 0xC0, 0x00, 0xF3, 0xF8, 0x00, 0x03, 0xCB,
    0xE0, 0x02, 0xE3, 0xF8, 0x00, 0x03, 0xC3, 0xF0, 0x03, 0xC3, 0xF8, 0x00, 0x03, 0xC3, 0xF0, 0x07,
    0x83, 0xF8, 0x00, 0x03, 0xC1, 0xF8, 0x0F, 0x03, 0xF8, 0x00, 0x03, 0xC0, 0xFC, 0x0F, 0x03, 0xF8,
    0x00, 0x03, 0xC0, 0xBE, 0x2E, 0x03, 0xF8, 0x00, 0x03, 0xC0, 0x3F, 0x3C, 0x03, 0xF8, 0x00, 0x03,
    0xC0, 0x3F, 0xF8, 0x03, 0xF8, 0x00, 0x03, 0xC0, 0x1F, 0xF0, 0x03, 0xF8, 0x00, 0x03, 0xC0, 0x0F,
    0xF0, 0x03, 0xF8, 0x00, 0x2F, 0xF8, 0x0B, 0xE0, 0x2F, 0xFE, 0x80, 0x3F, 0xFC, 0x03, 0xC0, 0x3F,
    0xFF, 0x80, 0x2A, 0xAA, 0x80, 0x2A, 0xAA, 0x00, 0x3F, 0xFF, 0xC0, 0xBF, 0xFF, 0x80, 0x03, 0xFC,
    0x00, 0x07, 0xF8, 0x00, 0x03, 0xF8, 0x00, 0x03, 0xF0, 0x00, 0x03, 0xF8, 0x00, 0x03, 0xF0, 0x00,
    0x03, 0xF8, 0x00, 0x03, 0xF0, 0x00, 0x03, 0xF8, 0x00, 0x03, 0xF0, 0x00, 0x03, 0xF8, 0x00, 0x03,
    0xF0, 0x00, 0x03, 0xFF, 0xFF, 0xFF, 0xF0, 0x00, 0x03, 0xFE, 0xAA, 0xAB, 0xF0, 0x00, 0x03, 0xF8,
    0x00, 0x03, 0xF0, 0x00, 0x03, 0xF8, 0x00, 0x03, 0xF0, 0x00, 0x03, 0xF8, 0x00, 0x03, 0xF0, 0x00,
    0x03, 0xF8, 0x00, 0x03, 0xF0, 0x00, 0x03, 0xF8, 0x00, 0x03, 0xF0, 0x00, 0x03, 0xF8, 0x00, 0x03,
    0xF0, 0x00, 0x2F, 0xFE, 0x80, 0x2F, 0xFE, 0x40, 0x3F, 0xFF, 0xC0, 0xBF, 0xFF, 0x80, 0x00, 0x00,
    0x00, 0x00, 0x00, 0x00, 0x1B, 0xFE, 0x00, 0x00, 0x00, 0xFF, 0xFF, 0xF0, 0x00, 0x07, 0xF8, 0x03,
    0xFC, 0x00, 0x0F, 0xE0, 0x00, 0xFF, 0x00, 0x3F, 0xC0, 0x00, 0xBF, 0x40, 0x3F, 0x80, 0x00, 0x3F,
    0xC0, 0xBF, 0x40, 0x00, 0x3F, 0xC0, 0xBF, 0x00, 0x00, 0x2F, 0xC0, 0xFF, 0x00, 0x00, 0x2F, 0xD0,
    0xFF, 0x00, 0x00, 0x2F, 0xD0, 0xBF, 0x00, 0x00, 0x2F, 0xC0, 0xBF, 0x00, 0x00, 0x2F, 0xC0, 0x3F,
    0x80, 0x00, 0x3F, 0xC0, 0x3F, 0xC0, 0x00, 0x3F, 0x80, 0x2F, 0xE0, 0x00, 0xFF, 0x00, 0x0F, 0xF0,
    0x02, 0xFC, 0x00, 0x02, 0xFE, 0xAF, 0xF0, 0x00, 0x00, 0x3F, 0xFF, 0x80, 0x00, 0x00, 0x00, 0x00,
    0x00, 0x00, 0x2A, 0xAA, 0xAA, 0xAA, 0xA8, 0x3F, 0xFF, 0xFF, 0xFF, 0xFC, 0x03, 0xFC, 0x00, 0x2F,
    0xD0, 0x03, 0xF8, 0x00, 0x0F, 0xC0, 0x03, 0xF8, 0x00, 0x0F, 0xC0, 0x03, 0xF8, 0x00, 0x0F, 0xC0,
    0x03, 0xF8, 0x00, 0x0F, 0xC0, 0x03, 0xF8, 0x00, 0x0F, 0xC0, 0x03, 0xF8, 0x00, 0x0F, 0xC0, 0x03,
    0xF8, 0x00, 0x0F, 0xC0, 0x03, 0xF8, 0x00, 0x0F, 0xC0, 0x03, 0xF8, 0x00, 0x0F, 0xC0, 0x03, 0xF8,
    0x00, 0x0F, 0xC0, 0x03, 0xF8, 0x00, 0x0F, 0xC0, 0x03, 0xF8, 0x00, 0x0F, 0xC0, 0x03, 0xF8, 0x00,
    0x0F, 0xC0, 0x2F, 0xFE, 0x81, 0xBF, 0xF8, 0x3F, 0xFF, 0xC2, 0xFF, 0xFC, 0x00, 0x00, 0x00, 0x00,
    0x00, 0x00, 0x64, 0x2F, 0xF8, 0x00, 0x2F, 0xFA, 0xFF, 0xFF, 0x00, 0x3F, 0xFF, 0xFB, 0xFF, 0xC0,
    0x03, 0xFD, 0x00, 0x3F, 0xF0, 0x03, 0xF8, 0x00, 0x0F, 0xF0, 0x03, 0xF8, 0x00, 0x0B, 0xF8, 0x03,
    0xF8, 0x00, 0x03, 0xFC, 0x03, 0xF8, 0x00, 0x03, 0xFC, 0x03, 0xF8, 0x00, 0x03, 0xFC, 0x03, 0xF8,
    0x00, 0x03, 0xFC, 0x03, 0xF8, 0x00, 0x03, 0xFC, 0x03, 0xF8, 0x00, 0x03, 0xF8, 0x03, 0xF8, 0x00,
    0x0B, 0xF0, 0x03, 0xF8, 0x00, 0x0F, 0xF0, 0x03, 0xF8, 0x00, 0x2F, 0xC0, 0x03, 0xFC, 0x00, 0xBF,
    0x80, 0x03, 0xFF, 0xFF, 0xFC, 0x00, 0x03, 0xFF, 0xFF, 0x90, 0x00, 0x03, 0xF8, 0x00, 0x00, 0x00,
    0x03, 0xF8, 0x00, 0x00, 0x00, 0x03, 0xF8, 0x00, 0x00, 0x00, 0x03, 0xF8, 0x00, 0x00, 0x00, 0x03,
    0xF8, 0x00, 0x00, 0x00, 0x03, 0xFC, 0x00, 0x00, 0x00, 0x3F, 0xFF, 0xE0, 0x00, 0x00, 0x3F, 0xFF,
    0xE0, 0x00, 0x00, 0x00, 0x00, 0x00, 0x00, 0x00, 0x0B, 0xFE, 0x00, 0x00, 0xFF, 0xEF, 0xE0, 0x03,
    0xF8, 0x0B, 0xF4, 0x0F, 0xE0, 0x0B, 0xF8, 0x2F, 0xC0, 0x0B, 0xF8, 0x3F, 0x80, 0x02, 0xE0, 0xBF,
    0x40, 0x00, 0x00, 0xBF, 0x00, 0x00, 0x00, 0xBF, 0x00, 0x00, 0x00, 0xBF, 0x00, 0x00, 0x00, 0xBF,
    0x00, 0x00, 0x00, 0xBF, 0x80, 0x00, 0x00, 0x3F, 0xC0, 0x00, 0x00, 0x3F, 0xE0, 0x00, 0x00, 0x1F,
    0xF0, 0x00, 0x04, 0x0B, 0xFE, 0x00, 0xB8, 0x02, 0xFF, 0xFF, 0xF8, 0x00, 0x7F, 0xFF, 0x80, 0x00,
    0x00, 0x00, 0x00, 0x2A, 0xAA, 0xAA, 0xAA, 0x40, 0x3F, 0xFF, 0xFF, 0xFF, 0x80, 0x3E, 0x03, 0xFC,
    0x0B, 0x80, 0x3C, 0x03, 0xF8, 0x03, 0x80, 0x3C, 0x03, 0xF8, 0x03, 0x80, 0x00, 0x03, 0xF8, 0x00,
    0x00, 0x00, 0x03, 0xF8, 0x00, 0x00, 0x00, 0x03, 0xF8, 0x00, 0x00, 0x00, 0x03, 0xF8, 0x00, 0x00,
    0x00, 0x03, 0xF8, 0x00, 0x00, 0x00, 0x03, 0xF8, 0x00, 0x00, 0x00, 0x03, 0xF8, 0x00, 0x00, 0x00,
    0x03, 0xF8, 0x00, 0x00, 0x00, 0x03, 0xF8, 0x00, 0x00, 0x00, 0x03, 0xF8, 0x00, 0x00, 0x00, 0x03,
    0xF8, 0x00, 0x00, 0x00, 0x2F, 0xFE, 0x80, 0x00, 0x00, 0x7F, 0xFF, 0xC0, 0x00, 0x6A, 0xAA, 0x00,
    0xAA, 0xA8, 0xBF, 0xFF, 0x40, 0xFF, 0xFC, 0x0B, 0xF0, 0x00, 0x0B, 0xC0, 0x03, 0xF8, 0x00, 0x0F,
    0x40, 0x03, 0xFC, 0x00, 0x0F, 0x00, 0x02, 0xFC, 0x00, 0x2E, 0x00, 0x00, 0xFE, 0x00, 0x3C, 0x00,
    0x00, 0xBF, 0x00, 0xBC, 0x00, 0x00, 0x3F, 0x40, 0xF0, 0x00, 0x00, 0x3F, 0xC0, 0xF0, 0x00, 0x00,
    0x2F, 0xC2, 0xE0, 0x00, 0x00, 0x0F, 0xE3, 0xC0, 0x00, 0x00, 0x0F, 0xFB, 0x80, 0x00, 0x00, 0x03,
    0xFF, 0x00, 0x00, 0x00, 0x03, 0xFF, 0x00, 0x00, 0x00, 0x02, 0xFE, 0x00, 0x00, 0x00, 0x00, 0xFC,
    0x00, 0x00, 0x00, 0x00, 0xF8, 0x00, 0x00, 0x00, 0x00, 0xF0, 0x00, 0x00, 0x00, 0x00, 0xF0, 0x00,
    0x00, 0x00, 0x03, 0xD0, 0x00, 0x00, 0x08, 0x0B, 0xC0, 0x00, 0x00, 0x2F, 0x9F, 0x00, 0x00, 0x00,
    0x3F, 0xFE, 0x00, 0x00, 0x00, 0x3F, 0xF8, 0x00, 0x00, 0x00, 0x0A, 0x80, 0x00, 0x00, 0x00, 0x00,
    0x00, 0x00, 0x00, 0x00, 0x00, 0x00, 0x00, 0x0B, 0xF0, 0x00, 0x00, 0x00, 0x00, 0xFF, 0xF0, 0x00,
    0x00, 0x00, 0x00, 0xFF, 0xF0, 0x00, 0x00, 0x00, 0x00, 0x0B, 0xF0, 0x00, 0x00, 0x00, 0x00, 0x0B,
    0xF0, 0x00, 0x00, 0x00, 0x00, 0x0B, 0xF0, 0x00, 0x00, 0x00, 0x00, 0x0B, 0xF0, 0x00, 0x00, 0x00,
    0x2F, 0xFF, 0xFF, 0xF8, 0x00, 0x02, 0xFF, 0xFF, 0xFF, 0xFF, 0x80, 0x0B, 0xF8, 0x0F, 0xF0, 0x2F,
    0xF0, 0x1F, 0xE0, 0x0B, 0xF0, 0x0B, 0xF8, 0x3F, 0xC0, 0x0B, 0xF0, 0x03, 0xFC, 0x3F, 0x80, 0x0B,
    0xF0, 0x02, 0xFD, 0xBF, 0x00, 0x0B, 0xF0, 0x00, 0xFE, 0xBF, 0x00, 0x0B, 0xF0, 0x00, 0xFF, 0xFF,
    0x00, 0x0B, 0xF0, 0x00, 0xFF, 0xFF, 0x00, 0x0B, 0xF0, 0x00, 0xFF, 0xBF, 0x00, 0x0B, 0xF0, 0x00,
    0xFF, 0xBF, 0x00, 0x0B, 0xF0, 0x00, 0xFE, 0x7F, 0x40, 0x0B, 0xF0, 0x00, 0xFE, 0x3F, 0xC0, 0x0B,
    0xF0, 0x02, 0xFC, 0x2F, 0xC0, 0x0B, 0xF0, 0x03, 0xF8, 0x0F, 0xF0, 0x0B, 0xF0, 0x0F, 0xF0, 0x03,
    0xFE, 0xBF, 0xFE, 0xBF, 0xC0, 0x00, 0xBF, 0xFF, 0xFF, 0xFE, 0x00, 0x00, 0x00, 0x0B, 0xF0, 0x00,
    0x00, 0x00, 0x00, 0x0B, 0xF0, 0x00, 0x00, 0x00, 0x00, 0x0B, 0xF0, 0x00, 0x00, 0x00, 0x00, 0x0B,
    0xF0, 0x00, 0x00, 0x00, 0x00, 0x0B, 0xF0, 0x00, 0x00, 0x00, 0x00, 0x0F, 0xF0, 0x00, 0x00, 0x00,
    0x00, 0xFF, 0xFF, 0x40, 0x00, 0x00, 0x00, 0xFF, 0xFF, 0x40, 0x00, 0x2A, 0xAA, 0x02, 0xAA, 0x80,
    0xBF, 0xFF, 0x83, 0xFF, 0xE0, 0x0B, 0xFC, 0x00, 0xBE, 0x00, 0x02, 0xFE, 0x00, 0xF8, 0x00, 0x00,
    0xFF, 0x02, 0xF0, 0x00, 0x00, 0x3F, 0xCB, 0xC0, 0x00, 0x00, 0x2F, 0xFF, 0x40, 0x00, 0x00, 0x0F,
    0xFE, 0x00, 0x00, 0x00, 0x03, 0xFC, 0x00, 0x00, 0x00, 0x03, 0xFE, 0x00, 0x00, 0x00, 0x07, 0xFF,
    0x00, 0x00, 0x00, 0x0F, 0xBF, 0xC0, 0x00, 0x00, 0x3F, 0x2F, 0xE0, 0x00, 0x00, 0xBC, 0x0F, 0xF4,
    0x00, 0x02, 0xF0, 0x03, 0xFC, 0x00, 0x03, 0xE0, 0x02, 0xFF, 0x00, 0xBF, 0xF8, 0x0B, 0xFF, 0xE0,
    0xBF, 0xFC, 0x0F, 0xFF, 0xF0, 0x2A, 0xAA, 0x80, 0xAA, 0xA8, 0x3F, 0xFF, 0xC2, 0xFF, 0xFC, 0x03,
    0xFC, 0x00, 0x2F, 0xD0, 0x03, 0xF8, 0x00, 0x0F, 0xC0, 0x03, 0xF8, 0x00, 0x0F, 0xC0, 0x03, 0xF8,
    0x00, 0x0F, 0xC0, 0x03, 0xF8, 0x00, 0x0F, 0xC0, 0x03, 0xF8, 0x00, 0x0F, 0xC0, 0x03, 0xF8, 0x00,
    0x0F, 0xC0, 0x03, 0xF8, 0x00, 0x0F, 0xC0, 0x03, 0xF8, 0x00, 0x0F, 0xC0, 0x03, 0xF8, 0x00, 0x0F,
    0xC0, 0x03, 0xF8, 0x00, 0x0F, 0xC0, 0x03, 0xF8, 0x00, 0x0F, 0xC0, 0x03, 0xF8, 0x00, 0x0F, 0xC0,
    0x03, 0xFC, 0x00, 0x2F, 0xC0, 0x2F, 0xFF, 0xFF, 0xFF, 0xF8, 0x3F, 0xFF, 0xFF, 0xFF, 0xFC, 0x00,
    0x00, 0x00, 0x02, 0xFC, 0x00, 0x00, 0x00, 0x00, 0xBC, 0x00, 0x00, 0x00, 0x00, 0x3C, 0x00, 0x00,
    0x00, 0x00, 0x3C, 0x00, 0x00, 0x00, 0x00, 0x3C, 0x00, 0x00, 0x00, 0x00, 0x18, 0x2A, 0xAA, 0x46,
    0xAA, 0xA0, 0x3F, 0xFF, 0x8B, 0xFF, 0xF0, 0x03, 0xFC, 0x00, 0xFF, 0x00, 0x03, 0xF8, 0x00, 0xBF,
    0x00, 0x03, 0xF8, 0x00, 0xBF, 0x00, 0x03, 0xF8, 0x00, 0xBF, 0x00, 0x03, 0xF8, 0x00, 0xBF, 0x00,
    0x03, 0xF8, 0x00, 0xBF, 0x00, 0x02, 0xFC, 0x00, 0xFF, 0x00, 0x02, 0xFF, 0xAF, 0xFF, 0x00, 0x00,
    0xBF, 0xFE, 0xFF, 0x00, 0x00, 0x06, 0x90, 0xBF, 0x00, 0x00, 0x00, 0x00, 0xBF, 0x00, 0x00, 0x00,
    0x00, 0xBF, 0x00, 0x00, 0x00, 0x00, 0xBF, 0x00, 0x00, 0x00, 0x00, 0xBF, 0x00, 0x00, 0x00, 0x0A,
    0xFF, 0xE0, 0x00, 0x00, 0x0B, 0xFF, 0xF0, 0x2A, 0xAA, 0x82, 0xAA, 0xA0, 0xAA, 0xAA, 0x3F, 0xFF,
    0xCB, 0xFF, 0xF0, 0xFF, 0xFF, 0x03, 0xF8, 0x00, 0xBF, 0x40, 0x0F, 0xF0, 0x03, 0xF8, 0x00, 0x3F,
    0x00, 0x0B, 0xF0, 0x03, 0xF8, 0x00, 0x3F, 0x00, 0x0B, 0xF0, 0x03, 0xF8, 0x00, 0x3F, 0x00, 0x0B,
    0xF0, 0x03, 0xF8, 0x00, 0x3F, 0x00, 0x0B, 0xF0, 0x03, 0xF8, 0x00, 0x3F, 0x00, 0x0B, 0xF0, 0x03,
    0xF8, 0x00, 0x3F, 0x00, 0x0B, 0xF0, 0x03, 0xF8, 0x00, 0x3F, 0x00, 0x0B, 0xF0, 0x03, 0xF8, 0x00,
    0x3F, 0x00, 0x0B, 0xF0, 0x03, 0xF8, 0x00, 0x3F, 0x00, 0x0B, 0xF0, 0x03, 0xF8, 0x00, 0x3F, 0x00,
    0x0B, 0xF0, 0x03, 0xF8, 0x00, 0x3F, 0x00, 0x0B, 0xF0, 0x03, 0xF8, 0x00, 0x3F, 0x00, 0x0B, 0xF0,
    0x03, 0xF8, 0x00, 0xBF, 0x00, 0x0F, 0xF0, 0x2F, 0xFF, 0xFF, 0xFF, 0xFF, 0xFF, 0xFE, 0x3F, 0xFF,
    0xFF, 0xFF, 0xFF, 0xFF, 0xFF, 0x2A, 0xAA, 0x82, 0xAA, 0xA0, 0xAA, 0xAA, 0x3F, 0xFF, 0xCB, 0xFF,
    0xF0, 0xFF, 0xFF, 0x03, 0xF8, 0x00, 0xBF, 0x40, 0x0F, 0xF0, 0x03, 0xF8, 0x00, 0x3F, 0x00, 0x0B,
    0xF0, 0x03, 0xF8, 0x00, 0x3F, 0x00, 0x0B, 0xF0, 0x03, 0xF8, 0x00, 0x3F, 0x00, 0x0B, 0xF0, 0x03,
    0xF8, 0x00, 0x3F, 0x00, 0x0B, 0xF0, 0x03, 0xF8, 0x00, 0x3F, 0x00, 0x0B, 0xF0, 0x03, 0xF8, 0x00,
    0x3F, 0x00, 0x0B, 0xF0, 0x03, 0xF8, 0x00, 0x3F, 0x00, 0x0B, 0xF0, 0x03, 0xF8, 0x00, 0x3F, 0x00,
    0x0B, 0xF0, 0x03, 0xF8, 0x00, 0x3F, 0x00, 0x0B, 0xF0, 0x03, 0xF8, 0x00, 0x3F, 0x00, 0x0B, 0xF0,
    0x03, 0xF8, 0x00, 0x3F, 0x00, 0x0B, 0xF0, 0x03, 0xF8, 0x00, 0x3F, 0x00, 0x0B, 0xF0, 0x03, 0xF8,
    0x00, 0xBF, 0x00, 0x0F, 0xF0, 0x2F, 0xFF, 0xFF, 0xFF, 0xFF, 0xFF, 0xFE, 0x3F, 0xFF, 0xFF, 0xFF,
    0xFF, 0xFF, 0xFF, 0x00, 0x00, 0x00, 0x00, 0x00, 0x00, 0xFF, 0x00, 0x00, 0x00, 0x00, 0x00, 0x00,
    0x3F, 0x00, 0x00, 0x00, 0x00, 0x00, 0x00, 0x2F, 0x00, 0x00, 0x00, 0x00, 0x00, 0x00, 0x0F, 0x00,
    0x00, 0x00, 0x00, 0x00, 0x00, 0x0F, 0x00, 0x00, 0x00, 0x00, 0x00, 0x00, 0x0A, 0x6A, 0xAA, 0xAA,
    0x00, 0x00, 0xBF, 0xFF, 0xFF, 0x00, 0x00, 0xB8, 0x0F, 0xE0, 0x00, 0x00, 0xB0, 0x0F, 0xE0, 0x00,
    0x00, 0xA0, 0x0F, 0xE0, 0x00, 0x00, 0x00, 0x0F, 0xE0, 0x00, 0x00, 0x00, 0x0F, 0xE0, 0x00, 0x00,
    0x00, 0x0F, 0xFF, 0xF8, 0x00, 0x00, 0x0F, 0xFA, 0xFF, 0xC0, 0x00, 0x0F, 0xE0, 0x0F, 0xF0, 0x00,
    0x0F, 0xE0, 0x03, 0xF8, 0x00, 0x0F, 0xE0, 0x03, 0xFC, 0x00, 0x0F, 0xE0, 0x03, 0xFC, 0x00, 0x0F,
    0xE0, 0x03, 0xFC, 0x00, 0x0F, 0xE0, 0x03, 0xFC, 0x00, 0x0F, 0xE0, 0x0F, 0xF0, 0x00, 0xBF, 0xFF,
    0xFF, 0xE0, 0x00, 0xFF, 0xFF, 0xFA, 0x00, 0x2A, 0xAA, 0x80, 0x00, 0xAA, 0xAA, 0x3F, 0xFF, 0xC0,
    0x00, 0xFF, 0xFF, 0x03, 0xFC, 0x00, 0x00, 0x0F, 0xE0, 0x03, 0xF8, 0x00, 0x00, 0x0F, 0xE0, 0x03,
    0xF8, 0x00, 0x00, 0x0F, 0xE0, 0x03, 0xF8, 0x00, 0x00, 0x0F, 0xE0, 0x03, 0xF8, 0x00, 0x00, 0x0F,
    0xE0, 0x03, 0xFF, 0xFE, 0x00, 0x0F, 0xE0, 0x03, 0xFE, 0xBF, 0xF0, 0x0F, 0xE0, 0x03, 0xF8, 0x03,
    0xFC, 0x0F, 0xE0, 0x03, 0xF8, 0x00, 0xFE, 0x0F, 0xE0, 0x03, 0xF8, 0x00, 0xFF, 0x0F, 0xE0, 0x03,
    0xF8, 0x00, 0xBF, 0x0F, 0xE0, 0x03, 0xF8, 0x00, 0xFF, 0x0F, 0xE0, 0x03, 0xF8, 0x00, 0xFF, 0x0F,
    0xE0, 0x03, 0xF8, 0x02, 0xFE, 0x0F, 0xE0, 0x2F, 0xFF, 0xFF, 0xF8, 0xBF, 0xFA, 0x3F, 0xFF, 0xFE,
    0x80, 0xFF, 0xFF, 0x2A, 0xAA, 0x80, 0x00, 0x00, 0x3F, 0xFF, 0xC0, 0x00, 0x00, 0x03, 0xFC, 0x00,
    0x00, 0x00, 0x03, 0xF8, 0x00, 0x00, 0x00, 0x03, 0xF8, 0x00, 0x00, 0x00, 0x03, 0xF8, 0x00, 0x00,
    0x00, 0x03, 0xF8, 0x00, 0x00, 0x00, 0x03, 0xFF, 0xFE, 0x00, 0x00, 0x03, 0xFE, 0xBF, 0xF0, 0x00,
    0x03, 0xF8, 0x03, 0xFC, 0x00, 0x03, 0xF8, 0x00, 0xFE, 0x00, 0x03, 0xF8, 0x00, 0xBF, 0x00, 0x03,
    0xF8, 0x00, 0xBF, 0x00, 0x03, 0xF8, 0x00, 0xBF, 0x00, 0x03, 0xF8, 0x00, 0xFF, 0x00, 0x03, 0xF8,
    0x02, 0xFE, 0x00, 0x2F, 0xFF, 0xFF, 0xF8, 0x00, 0x3F, 0xFF, 0xFE, 0x80, 0x00, 0x00, 0x00, 0x00,
    0x00, 0x2B, 0xFF, 0x80, 0x00, 0xFF, 0xEF, 0xF8, 0x00, 0xF8, 0x00, 0xFF, 0x00, 0xF0, 0x00, 0x2F,
    0x80, 0xF0, 0x00, 0x0F, 0xD0, 0x00, 0x00, 0x0B, 0xF0, 0x00, 0x00, 0x0B, 0xF0, 0x00, 0x00, 0x07,
    0xF0, 0x00, 0xFF, 0xFF, 0xF0, 0x00, 0xFF, 0xFF, 0xF0, 0x00, 0x00, 0x07, 0xF0, 0x00, 0x00, 0x0B,
    0xF0, 0x00, 0x00, 0x0B, 0xF0, 0xF0, 0x00, 0x0F, 0xD0, 0xF0, 0x00, 0x2F, 0xC0, 0xF8, 0x00, 0xBF,
    0x00, 0xFE, 0xAB, 0xFC, 0x00, 0xBF, 0xFF, 0xE0, 0x00, 0x00, 0x00, 0x00, 0x00, 0x00, 0x00, 0x00,
    0x00, 0x00, 0x00, 0x00, 0x2A, 0xAA, 0x80, 0x02, 0xFF, 0x80, 0x00, 0x3F, 0xFF, 0xC0, 0x3F, 0xFF,
    0xF8, 0x00, 0x03, 0xFC, 0x00, 0xFE, 0x00, 0xFE, 0x00, 0x03, 0xF8, 0x02, 0xFC, 0x00, 0x7F, 0x00,
    0x03, 0xF8, 0x03, 0xF0, 0x00, 0x3F, 0x80, 0x03, 0xF8, 0x0B, 0xF0, 0x00, 0x2F, 0xC0, 0x03, 0xF8,
    0x0B, 0xF0, 0x00, 0x2F, 0xC0, 0x03, 0xF8, 0x0F, 0xF0, 0x00, 0x1F, 0xC0, 0x03, 0xFE, 0xAF, 0xF0,
    0x00, 0x0F, 0xE0, 0x03, 0xFF, 0xFF, 0xF0, 0x00, 0x0F, 0xE0, 0x03, 0xF8, 0x0F, 0xF0, 0x00, 0x0F,
    0xD0, 0x03, 0xF8, 0x0F, 0xF0, 0x00, 0x2F, 0xC0, 0x03, 0xF8, 0x0B, 0xF0, 0x00, 0x2F, 0xC0, 0x03,
    0xF8, 0x03, 0xF0, 0x00, 0x3F, 0x80, 0x03, 0xF8, 0x03, 0xF8, 0x00, 0x3F, 0x00, 0x03, 0xF8, 0x00,
    0xFC, 0x00, 0xBE, 0x00, 0x2F, 0xFE, 0x80, 0x3F, 0xAB, 0xF8, 0x00, 0x3F, 0xFF, 0xC0, 0x0B, 0xFF,
    0xE0, 0x00, 0x00, 0x00, 0x00, 0x00, 0x00, 0x00, 0x00, 0x00, 0x00, 0x6A, 0xAA, 0xA8, 0x00, 0x1F,
    0xFF, 0xFF, 0xFC, 0x00, 0xBF, 0xE0, 0x2F, 0xC0, 0x00, 0xFF, 0x00, 0x2F, 0x80, 0x00, 0xFE, 0x00,
    0x2F, 0x80, 0x00, 0xFE, 0x00, 0x2F, 0x80, 0x00, 0xFE, 0x00, 0x2F, 0x80, 0x00, 0xBF, 0x40, 0x2F,
    0x80, 0x00, 0x0F, 0xFA, 0x7F, 0x80, 0x00, 0x03, 0xFF, 0xFF, 0x80, 0x00, 0x0F, 0xF9, 0x3F, 0x80,
    0x00, 0x3F, 0xC0, 0x2F, 0x80, 0x00, 0x3F, 0x40, 0x2F, 0x80, 0x00, 0xBF, 0x00, 0x2F, 0x80, 0x00,
    0xFE, 0x00, 0x2F, 0x80, 0x02, 0xFC, 0x00, 0x2F, 0x80, 0x2F, 0xF8, 0x02, 0xBF, 0xF8, 0x3F, 0xE0,
    0x03, 0xFF, 0xFC, 0x00, 0x00, 0x00, 0x00, 0x00, 0x00, 0xA0, 0x00, 0x00, 0x02, 0xFC, 0x00, 0x00,
    0x03, 0xFF, 0x00, 0x00, 0x00, 0xFF, 0x80, 0x00, 0x00, 0x2F, 0xE0, 0x00, 0x00, 0x03, 0xF8, 0x00,
    0x00, 0x00, 0xBC, 0x00, 0x00, 0x00, 0x00, 0x00, 0x00, 0x00, 0x00, 0x00, 0x00, 0x1B, 0xFE, 0x00,
    0x00, 0xFF, 0xFF, 0xC0, 0x07, 0xF8, 0x0F, 0xF0, 0x0F, 0xC0, 0x03, 0xF8, 0x3F, 0x80, 0x02, 0xFC,
    0x3F, 0x00, 0x00, 0xFC, 0xBF, 0x00, 0x02, 0xFD, 0xBF, 0xFF, 0xFF, 0xFE, 0xFF, 0xAA, 0xAA, 0xA8,
    0xFF, 0x00, 0x00, 0x00, 0xBF, 0x00, 0x00, 0x00, 0xBF, 0x00, 0x00, 0x00, 0xBF, 0x80, 0x00, 0x00,
    0x3F, 0xC0, 0x00, 0x00, 0x2F, 0xF0, 0x00, 0x0E, 0x0F, 0xFD, 0x00, 0xBE, 0x03, 0xFF, 0xFF, 0xF8,
    0x00, 0x7F, 0xFF, 0x80, 0x00, 0x00, 0x00, 0x00, 0x00, 0x00, 0x00, 0x00, 0x03, 0xF0, 0x0B, 0xE0,
    0x03, 0xF8, 0x0F, 0xF0, 0x03, 0xF8, 0x0F, 0xF0, 0x02, 0xE0, 0x02, 0xC0, 0x00, 0x00, 0x00, 0x00,
    0x00, 0x00, 0x00, 0x00, 0x00, 0x00, 0x00, 0x00, 0x00, 0x1B, 0xFE, 0x00, 0x00, 0xFF, 0xFF, 0xC0,
    0x07, 0xF8, 0x0F, 0xF0, 0x0F, 0xC0, 0x03, 0xF8, 0x3F, 0x80, 0x02, 0xFC, 0x3F, 0x00, 0x00, 0xFC,
    0xBF, 0x00, 0x02, 0xFD, 0xBF, 0xFF, 0xFF, 0xFE, 0xFF, 0xAA, 0xAA, 0xA8, 0xFF, 0x00, 0x00, 0x00,
    0xBF, 0x00, 0x00, 0x00, 0xBF, 0x00, 0x00, 0x00, 0xBF, 0x80, 0x00, 0x00, 0x3F, 0xC0, 0x00, 0x00,
    0x2F, 0xF0, 0x00, 0x0E, 0x0F, 0xFD, 0x00, 0xBE, 0x03, 0xFF, 0xFF, 0xF8, 0x00, 0x7F, 0xFF, 0x80,
    0x00, 0x00, 0x00, 0x00, 0x01, 0xA8, 0x00, 0x00, 0x00, 0x3F, 0xF8, 0x00, 0x00, 0x00, 0xBF, 0xF8,
    0x00, 0x00, 0x00, 0x03, 0xF8, 0x00, 0x00, 0x00, 0x03, 0xF8, 0x00, 0x00, 0x00, 0x2B, 0xFE, 0xAA,
    0x80, 0x00, 0xBF, 0xFF, 0xFF, 0xE0, 0x00, 0x03, 0xFC, 0x00, 0x00, 0x00, 0x03, 0xF8, 0x00, 0x00,
    0x00, 0x03, 0xF8, 0x0B, 0xF8, 0x00, 0x03, 0xF8, 0xFF, 0xFF, 0x80, 0x03, 0xFF, 0xFA, 0xFF, 0xE0,
    0x03, 0xFE, 0x00, 0x2F, 0xF0, 0x03, 0xF8, 0x00, 0x07, 0xF8, 0x03, 0xF8, 0x00, 0x03, 0xFC, 0x03,
    0xF8, 0x00, 0x01, 0xFC, 0x03, 0xF8, 0x00, 0x00, 0xFC, 0x03, 0xF8, 0x00, 0x00, 0xFE, 0x03, 0xF8,
    0x00, 0x00, 0xFE, 0x03, 0xF8, 0x00, 0x00, 0xFE, 0x03, 0xF8, 0x00, 0x00, 0xFD, 0x03, 0xF8, 0x00,
    0x00, 0xFC, 0x03, 0xF8, 0x00, 0x02, 0xFC, 0x03, 0xF8, 0x00, 0x03, 0xFC, 0x03, 0xFC, 0x00, 0x03,
    0xF8, 0x2F, 0xFF, 0x80, 0x0B, 0xF0, 0x3F, 0xFF, 0xC0, 0x0F, 0xF0, 0x00, 0x00, 0x00, 0x2F, 0xC0,
    0x00, 0x00, 0x00, 0x3F, 0x80, 0x00, 0x00, 0x00, 0xFE, 0x00, 0x00, 0x00, 0x0B, 0xF8, 0x00, 0x00,
    0x00, 0xFF, 0xC0, 0x00, 0x00, 0x02, 0xF8, 0x00, 0x00, 0x00, 0x00, 0x00, 0x00, 0x00, 0x00, 0x00,
    0x06, 0x40, 0x00, 0x00, 0x2F, 0xC0, 0x00, 0x00, 0xBF, 0xC0, 0x00, 0x00, 0xFF, 0x80, 0x00, 0x03,
    0xFC, 0x00, 0x00, 0x0F, 0xE0, 0x00, 0x00, 0x3F, 0x00, 0x00, 0x00, 0x00, 0x00, 0x00, 0x00, 0x00,
    0x00, 0x00, 0x2A, 0xAA, 0xAA, 0xA8, 0x3F, 0xFF, 0xFF, 0xFC, 0x03, 0xFC, 0x00, 0xBC, 0x03, 0xF8,
    0x00, 0x3C, 0x03, 0xF8, 0x00, 0x2C, 0x03, 0xF8, 0x00, 0x2C, 0x03, 0xF8, 0x00, 0x00, 0x03, 0xF8,
    0x00, 0x00, 0x03, 0xF8, 0x00, 0x00, 0x03, 0xF8, 0x00, 0x00, 0x03, 0xF8, 0x00, 0x00, 0x03, 0xF8,
    0x00, 0x00, 0x03, 0xF8, 0x00, 0x00, 0x03, 0xF8, 0x00, 0x00, 0x03, 0xF8, 0x00, 0x00, 0x03, 0xF8,
    0x00, 0x00, 0x2F, 0xFE, 0x80, 0x00, 0x3F, 0xFF, 0x80, 0x00, 0x00, 0x00, 0x00, 0x00, 0x00, 0x0B,
    0xFF, 0x80, 0x00, 0xFF, 0xEF, 0xF0, 0x0B, 0xF4, 0x00, 0xF0, 0x0F, 0xC0, 0x00, 0xB0, 0x3F, 0x40,
    0x00, 0xB0, 0x3F, 0x00, 0x00, 0x00, 0xBE, 0x00, 0x00, 0x00, 0xFE, 0x00, 0x00, 0x00, 0xFF, 0xFF,
    0xF0, 0x00, 0xFF, 0xFF, 0xF0, 0x00, 0xFE, 0x00, 0x00, 0x00, 0xBE, 0x00, 0x00, 0x00, 0x3F, 0x00,
    0x00, 0x00, 0x3F, 0x00, 0x00, 0xB0, 0x0F, 0xC0, 0x00, 0xB0, 0x0B, 0xF0, 0x00, 0xF0, 0x02, 0xFE,
    0xAB, 0xF0, 0x00, 0x2F, 0xFF, 0xE0, 0x00, 0x00, 0x00, 0x00, 0x00, 0x00, 0x00, 0x00, 0x00, 0xBF,
    0xF8, 0x00, 0x0F, 0xFF, 0xFF, 0x00, 0x2F, 0xC0, 0x3F, 0x00, 0x3F, 0x00, 0x1F, 0x00, 0x7F, 0x00,
    0x0F, 0x00, 0x7F, 0x80, 0x00, 0x00, 0x3F, 0xE0, 0x00, 0x00, 0x2F, 0xFE, 0x00, 0x00, 0x0B, 0xFF,
    0xD0, 0x00, 0x00, 0xFF, 0xFC, 0x00, 0x00, 0x1F, 0xFE, 0x00, 0x00, 0x02, 0xFF, 0x00, 0x20, 0x00,
    0xBF, 0x00, 0xB8, 0x00, 0x3F, 0x00, 0xB8, 0x00, 0x3F, 0x00, 0xBC, 0x00, 0xBE, 0x00, 0xBF, 0xEB,
    0xFC, 0x00, 0x7F, 0xFF, 0xC0, 0x00, 0x00, 0x00, 0x00, 0x00, 0x01, 0xA0, 0x00, 0x07, 0xF8, 0x00,
    0x0B, 0xFC, 0x00, 0x0B, 0xF8, 0x00, 0x02, 0xE0, 0x00, 0x00, 0x00, 0x00, 0x00, 0x00, 0x00, 0x00,
    0x00, 0x00, 0x06, 0xF0, 0x00, 0xBF, 0xF0, 0x00, 0xBF, 0xF0, 0x00, 0x03, 0xF0, 0x00, 0x03, 0xF0,
    0x00, 0x03, 0xF0, 0x00, 0x03, 0xF0, 0x00, 0x03, 0xF0, 0x00, 0x03, 0xF0, 0x00, 0x03, 0xF0, 0x00,
    0x03, 0xF0, 0x00, 0x03, 0xF0, 0x00, 0x03, 0xF0, 0x00, 0x03, 0xF0, 0x00, 0x03, 0xF0, 0x00, 0x07,
    0xF0, 0x00, 0xAF, 0xFE, 0x80, 0xFF, 0xFF, 0x80, 0x00, 0x00, 0x00, 0x00, 0x3F, 0x00, 0x7F, 0x00,
    0x3F, 0x80, 0xFF, 0x00, 0x3F, 0x80, 0xBF, 0x00, 0x2E, 0x00, 0x2D, 0x00, 0x00, 0x00, 0x00, 0x00,
    0x00, 0x00, 0x00, 0x00, 0x00, 0x00, 0x00, 0x00, 0x00, 0x6F, 0x00, 0x00, 0x0B, 0xFF, 0x00, 0x00,
    0x0B, 0xFF, 0x00, 0x00, 0x00, 0x3F, 0x00, 0x00, 0x00, 0x3F, 0x00, 0x00, 0x00, 0x3F, 0x00, 0x00,
    0x00, 0x3F, 0x00, 0x00, 0x00, 0x3F, 0x00, 0x00, 0x00, 0x3F, 0x00, 0x00, 0x00, 0x3F, 0x00, 0x00,
    0x00, 0x3F, 0x00, 0x00, 0x00, 0x3F, 0x00, 0x00, 0x00, 0x3F, 0x00, 0x00, 0x00, 0x3F, 0x00, 0x00,
    0x00, 0x3F, 0x00, 0x00, 0x00, 0x7F, 0x00, 0x00, 0x0A, 0xFF, 0xE8, 0x00, 0x0F, 0xFF, 0xF8, 0x00,
    0x00, 0x02, 0xA0, 0x00, 0x0B, 0xF8, 0x00, 0x0F, 0xF8, 0x00, 0x0B, 0xF8, 0x00, 0x02, 0xE0, 0x00,
    0x00, 0x00, 0x00, 0x00, 0x00, 0x00, 0x00, 0x00, 0x00, 0x02, 0xF0, 0x00, 0xBF, 0xF0, 0x00, 0xAF,
    0xF0, 0x00, 0x03, 0xF0, 0x00, 0x03, 0xF0, 0x00, 0x03, 0xF0, 0x00, 0x03, 0xF0, 0x00, 0x03, 0xF0,
    0x00, 0x03, 0xF0, 0x00, 0x03, 0xF0, 0x00, 0x03, 0xF0, 0x00, 0x03, 0xF0, 0x00, 0x03, 0xF0, 0x00,
    0x03, 0xF0, 0x00, 0x03, 0xF0, 0x00, 0x03, 0xF0, 0x00, 0x03, 0xF0, 0x00, 0x03, 0xF0, 0x00, 0x03,
    0xF0, 0x00, 0x03, 0xF0, 0x00, 0x03, 0xF0, 0x00, 0x07, 0xE0, 0x38, 0x0B, 0xC0, 0xFF, 0x0F, 0x80,
    0xFF, 0xFE, 0x00, 0x3F, 0xE0, 0x00, 0x00, 0x00, 0x00, 0x00, 0x2A, 0xAA, 0xAA, 0xA8, 0x00, 0x00,
    0x00, 0x3F, 0xFF, 0xFF, 0xFE, 0x00, 0x00, 0x00, 0x03, 0xC0, 0x3F, 0xC0, 0x00, 0x00, 0x00, 0x03,
    0xC0, 0x2F, 0xC0, 0x00, 0x00, 0x00, 0x03, 0xC0, 0x2F, 0xC0, 0x00, 0x00, 0x00, 0x03, 0xC0, 0x2F,
    0xC0, 0x00, 0x00, 0x00, 0x03, 0xC0, 0x2F, 0xC0, 0x00, 0x00, 0x00, 0x03, 0xC0, 0x2F, 0xFF, 0xE8,
    0x00, 0x00, 0x03, 0xC0, 0x2F, 0xFB, 0xFF, 0x80, 0x00, 0x03, 0x80, 0x2F, 0xC0, 0x2F, 0xD0, 0x00,
    0x0B, 0x80, 0x2F, 0xC0, 0x0F, 0xF0, 0x00, 0x0B, 0x80, 0x2F, 0xC0, 0x0B, 0xF0, 0x00, 0x0F, 0x00,
    0x2F, 0xC0, 0x0B, 0xF0, 0x00, 0x0F, 0x00, 0x2F, 0xC0, 0x0B, 0xF0, 0x28, 0x2F, 0x00, 0x2F, 0xC0,
    0x0F, 0xF0, 0xBF, 0xBC, 0x00, 0x2F, 0xC0, 0x2F, 0xE0, 0xFF, 0xF8, 0x02, 0xBF, 0xFF, 0xFF, 0x80,
    0xBF, 0xE0, 0x03, 0xFF, 0xFF, 0xE8, 0x00, 0x00, 0x00, 0x00, 0x00, 0x00, 0x00, 0x00, 0x2A, 0xAA,
    0x80, 0xAA, 0xAA, 0x00, 0x00, 0x3F, 0xFF, 0xC1, 0xFF, 0xFF, 0x00, 0x00, 0x03, 0xFC, 0x00, 0x0F,
    0xE0, 0x00, 0x00, 0x03, 0xF8, 0x00, 0x0F, 0xD0, 0x00, 0x00, 0x03, 0xF8, 0x00, 0x0F, 0xD0, 0x00,
    0x00, 0x03, 0xF8, 0x00, 0x0F, 0xD0, 0x00, 0x00, 0x03, 0xF8, 0x00, 0x0F, 0xD0, 0x00, 0x00, 0x03,
    0xFE, 0xAA, 0xAF, 0xFF, 0xE8, 0x00, 0x03, 0xFF, 0xFF, 0xFF, 0xFF, 0xFF, 0x80, 0x03, 0xFC, 0x00,
    0x0F, 0xD0, 0x1F, 0xF0, 0x03, 0xF8, 0x00, 0x0F, 0xD0, 0x07, 0xF8, 0x03, 0xF8, 0x00, 0x0F, 0xD0,
    0x03, 0xF8, 0x03, 0xF8, 0x00, 0x0F, 0xD0, 0x03, 0xFC, 0x03, 0xF8, 0x00, 0x0F, 0xD0, 0x03, 0xFC,
    0x03, 0xF8, 0x00, 0x0F, 0xD0, 0x03, 0xF8, 0x03, 0xF8, 0x00, 0x0F, 0xD0, 0x0F, 0xF0, 0x2F, 0xFE,
    0x80, 0xBF, 0xFF, 0xFF, 0xC0, 0x3F, 0xFF, 0xC0, 0xFF, 0xFF, 0xF9, 0x00, 0x00, 0x2A, 0x00, 0x00,
    0x00, 0x00, 0x0B, 0xFE, 0x00, 0x00, 0x00, 0x00, 0x2F, 0xFE, 0x00, 0x00, 0x00, 0x00, 0x00, 0xFE,
    0x00, 0x00, 0x00, 0x00, 0x00, 0xFE, 0x00, 0x00, 0x00, 0x00, 0x00, 0xFE, 0x00, 0x00, 0x00, 0x00,
    0x3F, 0xFF, 0xFF, 0x00, 0x00, 0x00, 0x3F, 0xFF, 0xFF, 0x00, 0x00, 0x00, 0x00, 0xFE, 0x00, 0x00,
    0x00, 0x00, 0x00, 0xFE, 0x02, 0xFE, 0x00, 0x00, 0x00, 0xFE, 0x3F, 0xFF, 0xC0, 0x00, 0x00, 0xFF,
    0xFF, 0xFF, 0xF0, 0x00, 0x00, 0xFF, 0x80, 0x0F, 0xF0, 0x00, 0x00, 0xFE, 0x00, 0x07, 0xF4, 0x00,
    0x00, 0xFE, 0x00, 0x03, 0xF8, 0x00, 0x00, 0xFE, 0x00, 0x03, 0xF8, 0x00, 0x00, 0xFE, 0x00, 0x03,
    0xF8, 0x00, 0x00, 0xFE, 0x00, 0x03, 0xF8, 0x00, 0x00, 0xFE, 0x00, 0x03, 0xF8, 0x00, 0x00, 0xFE,
    0x00, 0x03, 0xF8, 0x00, 0x00, 0xFE, 0x00, 0x03, 0xF8, 0x00, 0x00, 0xFE, 0x00, 0x03, 0xF8, 0x00,
    0x00, 0xFE, 0x00, 0x03, 0xF8, 0x00, 0x00, 0xFE, 0x00, 0x03, 0xF8, 0x00, 0x00, 0xFE, 0x00, 0x03,
    0xF8, 0x00, 0x0B, 0xFF, 0xE0, 0x2F, 0xFE, 0x80, 0x0F, 0xFF, 0xF0, 0x3F, 0xFF, 0xC0, 0x00, 0x00,
    0x00, 0x60, 0x00, 0x00, 0x00, 0x02, 0xFC, 0x00, 0x00, 0x00, 0x0B, 0xFC, 0x00, 0x00, 0x00, 0x2F,
    0xF8, 0x00, 0x00, 0x00, 0x3F, 0xC0, 0x00, 0x00, 0x00, 0xFE, 0x00, 0x00, 0x00, 0x03, 0xE0, 0x00,
    0x00, 0x00, 0x00, 0x00, 0x00, 0x00, 0x00, 0x00, 0x00, 0x00, 0x00, 0x2A, 0xAA, 0x80, 0x1F, 0xE0,
    0x3F, 0xFF, 0xC0, 0x7F, 0xF0, 0x03, 0xFC, 0x00, 0xFF, 0xF8, 0x03, 0xF8, 0x02, 0xE2, 0xF0, 0x03,
    0xF8, 0x03, 0xC0, 0x00, 0x03, 0xF8, 0x03, 0x80, 0x00, 0x03, 0xF8, 0x0F, 0x00, 0x00, 0x03, 0xF8,
    0x3E, 0x00, 0x00, 0x03, 0xFE, 0xFC, 0x00, 0x00, 0x03, 0xFF, 0xFE, 0x00, 0x00, 0x03, 0xFC, 0xBF,
    0x80, 0x00, 0x03, 0xF8, 0x2F, 0xC0, 0x00, 0x03, 0xF8, 0x0F, 0xF0, 0x00, 0x03, 0xF8, 0x03, 0xFC,
    0x00, 0x03, 0xF8, 0x00, 0xFE, 0x00, 0x03, 0xF8, 0x00, 0xBF, 0x00, 0x2F, 0xFE, 0x80, 0x3F, 0xE8,
    0x3F, 0xFF, 0xC0, 0x2F, 0xFC, 0x00, 0x28, 0x00, 0x00, 0x00, 0x00, 0x3F, 0x80, 0x00, 0x00, 0x00,
    0x3F, 0xC0, 0x00, 0x00, 0x00, 0x2F, 0xF0, 0x00, 0x00, 0x00, 0x03, 0xFC, 0x00, 0x00, 0x00, 0x00,
    0xBF, 0x00, 0x00, 0x00, 0x00, 0x0F, 0xC0, 0x00, 0x00, 0x00, 0x00, 0x00, 0x00, 0x00, 0x00, 0x00,
    0x00, 0x00, 0xAA, 0xAA, 0x00, 0xAA, 0xA9, 0xFF, 0xFF, 0x00, 0xFF, 0xFE, 0x0F, 0xF0, 0x00, 0x0F,
    0xE0, 0x0F, 0xE0, 0x00, 0x2F, 0xE0, 0x0F, 0xE0, 0x00, 0x3F, 0xE0, 0x0F, 0xE0, 0x00, 0xFF, 0xE0,
    0x0F, 0xE0, 0x03, 0xCF, 0xE0, 0x0F, 0xE0, 0x0F, 0x0F, 0xE0, 0x0F, 0xE0, 0x3C, 0x0F, 0xE0, 0x0F,
    0xE0, 0xB4, 0x0F, 0xE0, 0x0F, 0xE2, 0xE0, 0x0F, 0xE0, 0x0F, 0xE7, 0x80, 0x0F, 0xE0, 0x0F, 0xFF,
    0x00, 0x0F, 0xE0, 0x0F, 0xFC, 0x00, 0x0F, 0xE0, 0x0F, 0xF0, 0x00, 0x0F, 0xE0, 0x0F, 0xE0, 0x00,
    0x0F, 0xE0, 0xBF, 0xFA, 0x00, 0xBF, 0xFA, 0xFF, 0xFF, 0x00, 0xFF, 0xFE, 0x00, 0x2E, 0x00, 0xA0,
    0x00, 0x00, 0x3F, 0x42, 0xFC, 0x00, 0x00, 0x3F, 0x00, 0xFC, 0x00, 0x00, 0x3C, 0x00, 0x38, 0x00,
    0x00, 0x0F, 0x82, 0xF0, 0x00, 0x00, 0x02, 0xFF, 0x80, 0x00, 0x00, 0x00, 0x00, 0x00, 0x00, 0x00,
    0x00, 0x00, 0x00, 0x00, 0x6A, 0xAA, 0x00, 0xAA, 0xA8, 0xBF, 0xFF, 0x40, 0xFF, 0xFC, 0x0B, 0xF0,
    0x00, 0x0B, 0xC0, 0x03, 0xF8, 0x00, 0x0F, 0x40, 0x03, 0xFC, 0x00, 0x0F, 0x00, 0x02, 0xFC, 0x00,
    0x2E, 0x00, 0x00, 0xFE, 0x00, 0x3C, 0x00, 0x00, 0xBF, 0x00, 0xBC, 0x00, 0x00, 0x3F, 0x40, 0xF0,
    0x00, 0x00, 0x3F, 0xC0, 0xF0, 0x00, 0x00, 0x2F, 0xC2, 0xE0, 0x00, 0x00, 0x0F, 0xE3, 0xC0, 0x00,
    0x00, 0x0F, 0xFB, 0x80, 0x00, 0x00, 0x03, 0xFF, 0x00, 0x00, 0x00, 0x03, 0xFF, 0x00, 0x00, 0x00,
    0x02, 0xFE, 0x00, 0x00, 0x00, 0x00, 0xFC, 0x00, 0x00, 0x00, 0x00, 0xF8, 0x00, 0x00, 0x00, 0x00,
    0xF0, 0x00, 0x00, 0x00, 0x00, 0xF0, 0x00, 0x00, 0x00, 0x03, 0xD0, 0x00, 0x00, 0x08, 0x0B, 0xC0,
    0x00, 0x00, 0x2F, 0x9F, 0x00, 0x00, 0x00, 0x3F, 0xFE, 0x00, 0x00, 0x00, 0x3F, 0xF8, 0x00, 0x00,
    0x00, 0x0A, 0x80, 0x00, 0x00, 0x00, 0x2A, 0xAA, 0x80, 0xAA, 0xA8, 0x3F, 0xFF, 0xC2, 0xFF, 0xFC,
    0x03, 0xFC, 0x00, 0x2F, 0xD0, 0x03, 0xF8, 0x00, 0x0F, 0xC0, 0x03, 0xF8, 0x00, 0x0F, 0xC0, 0x03,
    0xF8, 0x00, 0x0F, 0xC0, 0x03, 0xF8, 0x00, 0x0F, 0xC0, 0x03, 0xF8, 0x00, 0x0F, 0xC0, 0x03, 0xF8,
    0x00, 0x0F, 0xC0, 0x03, 0xF8, 0x00, 0x0F, 0xC0, 0x03, 0xF8, 0x00, 0x0F, 0xC0, 0x03, 0xF8, 0x00,
    0x0F, 0xC0, 0x03, 0xF8, 0x00, 0x0F, 0xC0, 0x03, 0xF8, 0x00, 0x0F, 0xC0, 0x03, 0xF8, 0x00, 0x0F,
    0xC0, 0x03, 0xFC, 0x00, 0x2F, 0xC0, 0x2F, 0xFF, 0xFF, 0xFF, 0xF8, 0x3F, 0xFF, 0xFF, 0xFF, 0xFC,
    0x00, 0x02, 0xFF, 0x80, 0x00, 0x00, 0x00, 0xBF, 0x00, 0x00, 0x00, 0x00, 0x3E, 0x00, 0x00, 0x00,
    0x00, 0x3E, 0x00, 0x00, 0x00, 0x00, 0x3D, 0x00, 0x00, 0x00, 0x00, 0x28, 0x00, 0x00, 0x00, 0x00,
    0x00, 0x00, 0x00, 0x00, 0x00, 0x3F, 0xFF, 0xF0, 0x00, 0x00, 0x00, 0x3F, 0xFF, 0xF0, 0x00, 0x00,
    0x00, 0x03, 0xFC, 0x00, 0x00, 0x00, 0x00, 0x02, 0xFC, 0x00, 0x00, 0x00, 0xBF, 0xFF, 0xFF, 0xFF,
    0xF0, 0x00, 0xBF, 0xFF, 0xFF, 0xFF, 0xF0, 0x00, 0xBC, 0x02, 0xFC, 0x03, 0xF0, 0x00, 0xBC, 0x02,
    0xFC, 0x02, 0xF0, 0x00, 0xBC, 0x02, 0xFC, 0x01, 0xF0, 0x00, 0x00, 0x02, 0xFC, 0x00, 0x00, 0x00,
    0x00, 0x02, 0xFF, 0xFF, 0xA0, 0x00, 0x00, 0x02, 0xFF, 0xFF, 0xFE, 0x00, 0x00, 0x02, 0xFC, 0x00,
    0xBF, 0xC0, 0x00, 0x02, 0xFC, 0x00, 0x0F, 0xF0, 0x00, 0x02, 0xFC, 0x00, 0x0B, 0xF8, 0x00, 0x02,
    0xFC, 0x00, 0x03, 0xFC, 0x00, 0x02, 0xFC, 0x00, 0x03, 0xFC, 0x00, 0x02, 0xFC, 0x00, 0x03, 0xFC,
    0x00, 0x02, 0xFC, 0x00, 0x03, 0xFC, 0x00, 0x02, 0xFC, 0x00, 0x03, 0xFC, 0x00, 0x02, 0xFC, 0x00,
    0x0B, 0xF8, 0x00, 0x02, 0xFC, 0x00, 0x0F, 0xF0, 0x00, 0x03, 0xFC, 0x00, 0xBF, 0xE0, 0x00, 0xBF,
    0xFF, 0xFF, 0xFF, 0x40, 0x00, 0xBF, 0xFF, 0xFF, 0xA0, 0x00, 0x00, 0x00, 0x00, 0x00, 0x00, 0x0B,
    0xFF, 0xF8, 0x00, 0x00, 0x02, 0xFF, 0xE4, 0x00, 0x00, 0x00, 0x7F, 0x00, 0x00, 0x00, 0xAA, 0xFF,
    0xEA, 0x00, 0x00, 0xBE, 0xFF, 0xAF, 0x80, 0x00, 0xB4, 0x3F, 0x0B, 0x80, 0x00, 0xB0, 0x3F, 0x07,
    0x40, 0x00, 0x00, 0x3F, 0x40, 0x00, 0x00, 0x00, 0x3F, 0xFF, 0xF8, 0x00, 0x00, 0x3F, 0xAA, 0xFF,
    0x00, 0x00, 0x3F, 0x00, 0x3F, 0xC0, 0x00, 0x3F, 0x00, 0x1F, 0xD0, 0x00, 0x3F, 0x00, 0x0F, 0xE0,
    0x00, 0x3F, 0x00, 0x0F, 0xE0, 0x00, 0x3F, 0x00, 0x2F, 0xC0, 0x00, 0x7F, 0x00, 0x7F, 0xC0, 0x0A,
    0xFF, 0xFF, 0xFF, 0x00, 0x0B, 0xFF, 0xFF, 0xE0, 0x00, 0x00, 0x00, 0x00, 0x00, 0x00, 0x00, 0x00,
    0x00, 0x6F, 0xFA, 0x00, 0x00, 0x00, 0x0B, 0xFF, 0xFF, 0xE0, 0x00, 0x00, 0x3F, 0xE4, 0x0B, 0xFC,
    0x00, 0x00, 0xFF, 0x00, 0x00, 0xFF, 0x00, 0x03, 0xFC, 0x00, 0x00, 0x3F, 0xC0, 0x0F, 0xF0, 0x00,
    0x00, 0x0F, 0xF0, 0x0F, 0xE0, 0x00, 0x00, 0x0B, 0xF0, 0x2F, 0xC0, 0x00, 0x00, 0x03, 0xFC, 0x3F,
    0xC0, 0x00, 0x00, 0x03, 0xFC, 0x3F, 0x80, 0x00, 0x00, 0x02, 0xFD, 0xBF, 0x8B, 0xF8, 0x00, 0x03,
    0xFE, 0xBF, 0xFF, 0xFF, 0x80, 0x0B, 0xFE, 0xBF, 0xFF, 0xFF, 0xF8, 0x2F, 0xFE, 0xBF, 0xF0, 0x0B,
    0xFF, 0xFF, 0xFE, 0xBF, 0xC0, 0x00, 0xBF, 0xFD, 0xFE, 0xBF, 0x80, 0x00, 0x0A, 0x92, 0xFE, 0x3F,
    0x80, 0x00, 0x00, 0x02, 0xFC, 0x3F, 0xC0, 0x00, 0x00, 0x03, 0xFC, 0x2F, 0xC0, 0x00, 0x00, 0x03,
    0xF8, 0x0F, 0xF0, 0x00, 0x00, 0x0F, 0xF0, 0x0B, 0xF8, 0x00, 0x00, 0x1F, 0xE0, 0x02, 0xFC, 0x00,
    0x00, 0x3F, 0xC0, 0x00, 0xBF, 0x80, 0x02, 0xFF, 0x00, 0x00, 0x2F, 0xFE, 0xBF, 0xF8, 0x00, 0x00,
    0x02, 0xFF, 0xFF, 0x80, 0x00, 0x00, 0x00, 0x06, 0x90, 0x00, 0x00, 0x00, 0x00, 0x00, 0x00, 0x00,
    0x00, 0x2F, 0xFE, 0x00, 0x00, 0x01, 0xFF, 0xBF, 0xE0, 0x00, 0x0B, 0xF4, 0x03, 0xF8, 0x00, 0x0F,
    0xC0, 0x00, 0xFD, 0x00, 0x3F, 0x80, 0x00, 0xBF, 0x00, 0x3F, 0x00, 0x00, 0x3F, 0x40, 0xBF, 0x00,
    0x00, 0x3F, 0x80, 0xBF, 0x2A, 0x00, 0x3F, 0xC0, 0xFF, 0xFF, 0xD0, 0xBF, 0xC0, 0xFF, 0xD6, 0xFF,
    0xFF, 0xC0, 0xBF, 0x00, 0x7F, 0xEF, 0xC0, 0xBF, 0x00, 0x00, 0x2F, 0xC0, 0x3F, 0x00, 0x00, 0x3F,
    0x80, 0x3F, 0x80, 0x00, 0x3F, 0x00, 0x2F, 0xC0, 0x00, 0xFE, 0x00, 0x0F, 0xF0, 0x02, 0xFC, 0x00,
    0x02, 0xFE, 0x6F, 0xF0, 0x00, 0x00, 0x7F, 0xFF, 0x80, 0x00, 0x00, 0x00, 0x00, 0x00, 0x00, 0x00,
    0x00, 0x00, 0x00, 0x00, 0x00, 0x00, 0x15, 0x55, 0x40, 0x00, 0x00, 0x2F, 0xFC, 0xBF, 0xFF, 0xC0,
    0x00, 0x00, 0xBF, 0xFE, 0x2F, 0xFE, 0x40, 0x00, 0x00, 0xF0, 0xFE, 0x03, 0xFC, 0x00, 0x00, 0x02,
    0xE0, 0x2C, 0x03, 0xFC, 0x00, 0x00, 0x03, 0xC0, 0x00, 0x02, 0xFE, 0x00, 0x00, 0x0B, 0xC0, 0x00,
    0x00, 0xFF, 0x00, 0x00, 0x0F, 0x80, 0x00, 0x00, 0xFF, 0x00, 0x00, 0x0F, 0x00, 0x00, 0x00, 0xBF,
    0x80, 0x00, 0x2F, 0x00, 0x00, 0x00, 0x3F, 0xC0, 0x00, 0x3E, 0x00, 0x00, 0x00, 0x2F, 0xC0, 0x00,
    0x3C, 0x00, 0x00, 0x00, 0x1F, 0xE0, 0x00, 0xB8, 0x00, 0x00, 0x00, 0x0F, 0xF0, 0x00, 0xF4, 0x00,
    0x00, 0x00, 0x0B, 0xF4, 0x00, 0xF0, 0x00, 0x00, 0x00, 0x03, 0xFC, 0x02, 0xE0, 0x00, 0x00, 0x00,
    0x03, 0xFC, 0x03, 0xD0, 0x00, 0x00, 0x00, 0x02, 0xFE, 0x03, 0xC0, 0x00, 0x00, 0x00, 0x00, 0xFF,
    0x0B, 0x80, 0x00, 0x00, 0x00, 0x00, 0xFF, 0x0F, 0x00, 0x00, 0x00, 0x00, 0x00, 0xBF, 0x8F, 0x00,
    0x00, 0x00, 0x00, 0x00, 0x3F, 0xEE, 0x00, 0x00, 0x00, 0x00, 0x00, 0x2F, 0xFC, 0x00, 0x00, 0x00,
    0x00, 0x00, 0x0F, 0xFC, 0x00, 0x00, 0x00, 0x00, 0x00, 0x0F, 0xF8, 0x00, 0x00, 0x00, 0x00, 0x00,
    0x0B, 0xF0, 0x00, 0x00, 0x00, 0x00, 0x00, 0x02, 0xA0, 0x00, 0x00, 0x00, 0x00, 0x00, 0x00, 0x00,
    0x00, 0x00, 0x6A, 0xAA, 0x00, 0x02, 0xFF, 0x40, 0xBF, 0xFF, 0x40, 0x0B, 0xFF, 0xC0, 0x0B, 0xF4,
    0x00, 0x1F, 0x2F, 0xC0, 0x03, 0xF4, 0x00, 0x3C, 0x0B, 0xC0, 0x03, 0xFC, 0x00, 0x3C, 0x00, 0x00,
    0x02, 0xFC, 0x00, 0xB8, 0x00, 0x00, 0x00, 0xFE, 0x00, 0xF0, 0x00, 0x00, 0x00, 0xFF, 0x00, 0xF0,
    0x00, 0x00, 0x00, 0xBF, 0x02, 0xE0, 0x00, 0x00, 0x00, 0x3F, 0x83, 0xC0, 0x00, 0x00, 0x00, 0x2F,
    0xC3, 0xC0, 0x00, 0x00, 0x00, 0x0F, 0xCB, 0x80, 0x00, 0x00, 0x00, 0x0F, 0xEF, 0x00, 0x00, 0x00,
    0x00, 0x0B, 0xFF, 0x00, 0x00, 0x00, 0x00, 0x03, 0xFE, 0x00, 0x00, 0x00, 0x00, 0x03, 0xFC, 0x00,
    0x00, 0x00, 0x00, 0x02, 0xFC, 0x00, 0x00, 0x00, 0x00, 0x00, 0xF8, 0x00, 0x00, 0x00, 0x00, 0x02,
    0xA0, 0x0A, 0x00, 0x00, 0x00, 0x03, 0xF0, 0x2F, 0xC0, 0x00, 0x00, 0x03, 0xF0, 0x0F, 0xC0, 0x00,
    0x00, 0x03, 0xC0, 0x03, 0x80, 0x00, 0x00, 0x01, 0xF8, 0x2F, 0x00, 0x00, 0x00, 0x00, 0x2F, 0xF8,
    0x00, 0x00, 0x00, 0x00, 0x00, 0x00, 0x00, 0x00, 0x00, 0x00, 0x00, 0x00, 0x00, 0x00, 0x55, 0x55,
    0x40, 0x01, 0x55, 0x54, 0xFF, 0xFF, 0xE0, 0x0B, 0xFF, 0xFE, 0x2F, 0xFE, 0x40, 0x01, 0xBF, 0xE4,
    0x03, 0xF8, 0x00, 0x00, 0x3F, 0xC0, 0x03, 0xF8, 0x00, 0x00, 0x3F, 0xC0, 0x03, 0xF8, 0x00, 0x00,
    0xFF, 0xC0, 0x03, 0xF8, 0x00, 0x03, 0xFF, 0xC0, 0x03, 0xF8, 0x00, 0x0B, 0xFF, 0xC0, 0x03, 0xF8,
    0x00, 0x2F, 0xBF, 0xC0, 0x03, 0xF8, 0x00, 0x3E, 0x3F, 0xC0, 0x03, 0xF8, 0x00, 0xFC, 0x3F, 0xC0,
    0x03, 0xF8, 0x03, 0xF0, 0x3F, 0xC0, 0x03, 0xF8, 0x0B, 0xC0, 0x3F, 0xC0, 0x03, 0xF8, 0x2F, 0x80,
    0x3F, 0xC0, 0x03, 0xF8, 0x7E, 0x00, 0x3F, 0xC0, 0x03, 0xF8, 0xFC, 0x00, 0x3F, 0xC0, 0x03, 0xFB,
    0xF0, 0x00, 0x3F, 0xC0, 0x03, 0xFF, 0xC0, 0x00, 0x3F, 0xC0, 0x03, 0xFF, 0x40, 0x00, 0x3F, 0xC0,
    0x03, 0xFE, 0x00, 0x00, 0x3F, 0xC0, 0x03, 0xF8, 0x00, 0x00, 0x3F, 0xC0, 0x03, 0xF8, 0x00, 0x00,
    0x3F, 0xC0, 0x07, 0xF8, 0x00, 0x00, 0x3F, 0xC0, 0xFF, 0xFF, 0xC0, 0x0B, 0xFF, 0xFE, 0xFF, 0xFF,
    0xD0, 0x0B, 0xFF, 0xFF, 0x00, 0x00, 0x00, 0x00, 0x00, 0x3C, 0x00, 0x00, 0x00, 0x00, 0x00, 0xF8,
    0x00, 0x00, 0x00, 0x00, 0x02, 0xF0, 0x00, 0x00, 0x00, 0x00, 0x03, 0xE0, 0x00, 0x00, 0x00, 0x00,
    0x0B, 0xC0, 0x00, 0x00, 0x00, 0x00, 0x0F, 0x00, 0x00, 0x2E, 0x00, 0xA0, 0x00, 0x00, 0x3F, 0x42,
    0xFC, 0x00, 0x00, 0x3F, 0x00, 0xFC, 0x00, 0x00, 0x3C, 0x00, 0x38, 0x00, 0x00, 0x0F, 0x82, 0xF0,
    0x00, 0x00, 0x02, 0xFF, 0x80, 0x00, 0x00, 0x00, 0x00, 0x00, 0x00, 0x00, 0x00, 0x00, 0x00, 0x00,
    0xAA, 0xAA, 0x00, 0xAA, 0xA9, 0xFF, 0xFF, 0x00, 0xFF, 0xFE, 0x0F, 0xF0, 0x00, 0x0F, 0xE0, 0x0F,
    0xE0, 0x00, 0x2F, 0xE0, 0x0F, 0xE0, 0x00, 0x3F, 0xE0, 0x0F, 0xE0, 0x00, 0xFF, 0xE0, 0x0F, 0xE0,
    0x03, 0xCF, 0xE0, 0x0F, 0xE0, 0x0F, 0x0F, 0xE0, 0x0F, 0xE0, 0x3C, 0x0F, 0xE0, 0x0F, 0xE0, 0xB4,
    0x0F, 0xE0, 0x0F, 0xE2, 0xE0, 0x0F, 0xE0, 0x0F, 0xE7, 0x80, 0x0F, 0xE0, 0x0F, 0xFF, 0x00, 0x0F,
    0xE0, 0x0F, 0xFC, 0x00, 0x0F, 0xE0, 0x0F, 0xF0, 0x00, 0x0F, 0xE0, 0x0F, 0xE0, 0x00, 0x0F, 0xE0,
    0xBF, 0xFA, 0x00, 0xBF, 0xFE, 0xFF, 0xFF, 0x00, 0xFF, 0xFF, 0x00, 0x00, 0x00, 0x00, 0x3D, 0x00,
    0x00, 0x00, 0x00, 0xBC, 0x00, 0x00, 0x00, 0x00, 0xF0, 0x00, 0x00, 0x00, 0x02, 0xE0, 0x00, 0x00,
    0x00, 0x03, 0xC0, 0x00, 0x00, 0x00, 0x01, 0x00, 0x00, 0xA9, 0x00, 0x00, 0x00, 0x00, 0xFE, 0x00,
    0x00, 0x00, 0x16, 0xFE, 0x54, 0x00, 0x00, 0xBF, 0xFF, 0xFC, 0x00, 0x00, 0xAA, 0xFF, 0xA8, 0x00,
    0x00, 0x00, 0xFE, 0x00, 0x00, 0x00, 0x00, 0xFE, 0x00, 0x00, 0x00, 0x00, 0xFE, 0x00, 0x00, 0x00,
    0x00, 0xFE, 0x00, 0x00, 0x00, 0x00, 0xFE, 0x00, 0x00, 0x00, 0x00, 0xFE, 0x00, 0x00, 0x00, 0x00,
    0xFE, 0x00, 0x00, 0x00, 0x00, 0xFF, 0xFF, 0xF8, 0x00, 0x00, 0xFF, 0xAB, 0xFF, 0x80, 0x00, 0xFE,
    0x00, 0x2F, 0xE0, 0x00, 0xFE, 0x00, 0x0B, 0xF8, 0x00, 0xFE, 0x00, 0x03, 0xFC, 0x00, 0xFE, 0x00,
    0x03, 0xFC, 0x00, 0xFE, 0x00, 0x02, 0xFE, 0x00, 0xFE, 0x00, 0x02, 0xFE, 0x00, 0xFE, 0x00, 0x02,
    0xFE, 0x00, 0xFE, 0x00, 0x03, 0xFD, 0x00, 0xFE, 0x00, 0x03, 0xFC, 0x00, 0xFE, 0x00, 0x0F, 0xF8,
    0x01, 0xFE, 0x00, 0xBF, 0xF0, 0x3F, 0xFF, 0xFF, 0xFF, 0x80, 0x3F, 0xFF, 0xFF, 0xE4, 0x00, 0x01,
    0xA0, 0x00, 0x00, 0x00, 0x03, 0xF8, 0x00, 0x00, 0x00, 0x03, 0xF8, 0x00, 0x00, 0x00, 0xAB, 0xFE,
    0xA0, 0x00, 0x00, 0xFF, 0xFF, 0xE0, 0x00, 0x00, 0x03, 0xFC, 0x00, 0x00, 0x00, 0x03, 0xF8, 0x00,
    0x00, 0x00, 0x03, 0xF8, 0x00, 0x00, 0x00, 0x03, 0xF8, 0x00, 0x00, 0x00, 0x03, 0xF8, 0x00, 0x00,
    0x00, 0x03, 0xFF, 0xFE, 0x00, 0x00, 0x03, 0xFE, 0xBF, 0xF0, 0x00, 0x03, 0xF8, 0x03, 0xFC, 0x00,
    0x03, 0xF8, 0x00, 0xFE, 0x00, 0x03, 0xF8, 0x00, 0xBF, 0x00, 0x03, 0xF8, 0x00, 0xBF, 0x00, 0x03,
    0xF8, 0x00, 0xBF, 0x00, 0x03, 0xF8, 0x00, 0xFF, 0x00, 0x03, 0xF8, 0x02, 0xFE, 0x00, 0x2F, 0xFF,
    0xFF, 0xF8, 0x00, 0x3F, 0xFF, 0xFE, 0x80, 0x00, 0x15, 0x55, 0x50, 0x00, 0x00, 0x3F, 0xFF, 0xFF,
    0xFE, 0x00, 0x1B, 0xFF, 0xAB, 0xFF, 0xD0, 0x00, 0xFE, 0x00, 0x2F, 0xF0, 0x00, 0xFE, 0x00, 0x0B,
    0xFC, 0x00, 0xFE, 0x00, 0x03, 0xFC, 0x00, 0xFE, 0x00, 0x02, 0xFD, 0x00, 0xFE, 0x00, 0x02, 0xFE,
    0x00, 0xFE, 0x00, 0x02, 0xFE, 0x00, 0xFE, 0x00, 0x02, 0xFC, 0x00, 0xFE, 0x02, 0x83, 0xFC, 0x00,
    0xFE, 0x03, 0xC3, 0xF8, 0x00, 0xFE, 0x02, 0xFF, 0xF0, 0x00, 0xFE, 0x02, 0xFF, 0xC0, 0x00, 0xFF,
    0xFF, 0xFF, 0x00, 0x00, 0xFF, 0xFF, 0xAF, 0x00, 0x00, 0xFE, 0x00, 0x0F, 0xC0, 0x00, 0xFE, 0x00,
    0x03, 0x80, 0x00, 0xFE, 0x00, 0x00, 0x00, 0x00, 0xFE, 0x00, 0x00, 0x00, 0x00, 0xFE, 0x00, 0x00,
    0x00, 0x00, 0xFE, 0x00, 0x00, 0x00, 0x01, 0xFE, 0x00, 0x00, 0x00, 0x3F, 0xFF, 0xF8, 0x00, 0x00,
    0x3F, 0xFF, 0xF8, 0x00, 0x00, 0x00, 0x00, 0x00, 0x00, 0x00, 0x00, 0x64, 0x2F, 0xF8, 0x00, 0x2F,
    0xFA, 0xFF, 0xFF, 0x00, 0x3F, 0xFF, 0xFB, 0xFF, 0xC0, 0x03, 0xFD, 0x00, 0x7F, 0xE0, 0x03, 0xF8,
    0x00, 0x0F, 0xF0, 0x03, 0xF8, 0x00, 0x0B, 0xF8, 0x03, 0xF8, 0x00, 0x03, 0xF8, 0x03, 0xF8, 0x00,
    0x03, 0xFC, 0x03, 0xF8, 0x00, 0x03, 0xFC, 0x03, 0xF8, 0x00, 0x03, 0xFC, 0x03, 0xF8, 0x00, 0x03,
    0xFC, 0x03, 0xF8, 0x00, 0x03, 0xF8, 0x03, 0xF8, 0x00, 0x03, 0xF4, 0x03, 0xF8, 0x2C, 0x0F, 0xF0,
    0x03, 0xF8, 0x2F, 0x1F, 0xE0, 0x03, 0xF8, 0x0F, 0xFF, 0xC0, 0x03, 0xFF, 0xAF, 0xFE, 0x00, 0x03,
    0xFF, 0xFF, 0xF8, 0x00, 0x03, 0xF8, 0x00, 0xBC, 0x00, 0x03, 0xF8, 0x00, 0x3E, 0x00, 0x03, 0xF8,
    0x00, 0x08, 0x00, 0x03, 0xF8, 0x00, 0x00, 0x00, 0x03, 0xF8, 0x00, 0x00, 0x00, 0x03, 0xFC, 0x00,
    0x00, 0x00, 0x3F, 0xFF, 0xE0, 0x00, 0x00, 0x3F, 0xFF, 0xE0, 0x00, 0x00, 0x00, 0x00, 0x00, 0x00,
    0x00, 0x00, 0x00, 0x00, 0x0B, 0x80, 0x00, 0x00, 0x00, 0x0B, 0x80, 0x00, 0x00, 0x00, 0x0F, 0x80,
    0x00, 0x00, 0x00, 0x0F, 0x80, 0x15, 0x55, 0x55, 0x6F, 0x80, 0x3F, 0xFF, 0xFF, 0xFF, 0x80, 0x1B,
    0xFF, 0xAA, 0xAA, 0x00, 0x00, 0xFE, 0x00, 0x00, 0x00, 0x00, 0xFE, 0x00, 0x00, 0x00, 0x00, 0xFE,
    0x00, 0x00, 0x00, 0x00, 0xFE, 0x00, 0x00, 0x00, 0x00, 0xFE, 0x00, 0x00, 0x00, 0x00, 0xFE, 0x00,
    0x00, 0x00, 0x00, 0xFE, 0x00, 0x00, 0x00, 0x00, 0xFE, 0x00, 0x00, 0x00, 0x00, 0xFE, 0x00, 0x00,
    0x00, 0x00, 0xFE, 0x00, 0x00, 0x00, 0x00, 0xFE, 0x00, 0x00, 0x00, 0x00, 0xFE, 0x00, 0x00, 0x00,
    0x00, 0xFE, 0x00, 0x00, 0x00, 0x00, 0xFE, 0x00, 0x00, 0x00, 0x00, 0xFE, 0x00, 0x00, 0x00, 0x00,
    0xFE, 0x00, 0x00, 0x00, 0x00, 0xFE, 0x00, 0x00, 0x00, 0x00, 0xFE, 0x00, 0x00, 0x00, 0x00, 0xFE,
    0x00, 0x00, 0x00, 0x01, 0xFE, 0x00, 0x00, 0x00, 0x3F, 0xFF, 0xF0, 0x00, 0x00, 0x3F, 0xFF, 0xF0,
    0x00, 0x00, 0x00, 0x00, 0x00, 0x00, 0x00, 0x00, 0x00, 0xE0, 0x00, 0x00, 0x00, 0xE0, 0x00, 0x00,
    0x00, 0xE0, 0x2A, 0xAA, 0xAB, 0xE0, 0x3F, 0xFF, 0xFF, 0xE0, 0x03, 0xFC, 0x00, 0x00, 0x03, 0xF8,
    0x00, 0x00, 0x03, 0xF8, 0x00, 0x00, 0x03, 0xF8, 0x00, 0x00, 0x03, 0xF8, 0x00, 0x00, 0x03, 0xF8,
    0x00, 0x00, 0x03, 0xF8, 0x00, 0x00, 0x03, 0xF8, 0x00, 0x00, 0x03, 0xF8, 0x00, 0x00, 0x03, 0xF8,
    0x00, 0x00, 0x03, 0xF8, 0x00, 0x00, 0x03, 0xF8, 0x00, 0x00, 0x03, 0xF8, 0x00, 0x00, 0x03, 0xF8,
    0x00, 0x00, 0x2F, 0xFE, 0x80, 0x00, 0x3F, 0xFF, 0x80, 0x00, 0x15, 0x55, 0x55, 0x55, 0x50, 0x3F,
    0xFF, 0xFF, 0xFF, 0xF0, 0x1B, 0xFF, 0xAA, 0xAB, 0xF0, 0x00, 0xFE, 0x00, 0x00, 0xF0, 0x00, 0xFE,
    0x00, 0x00, 0xF0, 0x00, 0xFE, 0x00, 0x00, 0xF0, 0x00, 0xFE, 0x00, 0x00, 0xF0, 0x00, 0xFE, 0x00,
    0x00, 0x10, 0x00, 0xFE, 0x00, 0x00, 0x00, 0x00, 0xFE, 0x00, 0x00, 0x00, 0x00, 0xFE, 0x00, 0x00,
    0x00, 0x7F, 0xFF, 0xFF, 0xC0, 0x00, 0xBF, 0xFF, 0xFF, 0xC0, 0x00, 0x01, 0xFE, 0x00, 0x00, 0x00,
    0x00, 0xFE, 0x00, 0x00, 0x00, 0x00, 0xFE, 0x00, 0x00, 0x00, 0x00, 0xFE, 0x00, 0x00, 0x00, 0x00,
    0xFE, 0x00, 0x00, 0x00, 0x00, 0xFE, 0x00, 0x00, 0x00, 0x00, 0xFE, 0x00, 0x00, 0x00, 0x00, 0xFE,
    0x00, 0x00, 0x00, 0x00, 0xFE, 0x00, 0x00, 0x00, 0x01, 0xFE, 0x00, 0x00, 0x00, 0x3F, 0xFF, 0xF0,
    0x00, 0x00, 0x3F, 0xFF, 0xF0, 0x00, 0x00, 0x2A, 0xAA, 0xAA, 0xA8, 0x3F, 0xFF, 0xFF, 0xFC, 0x03,
    0xFC, 0x00, 0xBC, 0x03, 0xF8, 0x00, 0x3C, 0x03, 0xF8, 0x00, 0x2C, 0x03, 0xF8, 0x00, 0x2C, 0x03,
    0xF8, 0x00, 0x00, 0x03, 0xF8, 0x00, 0x00, 0xBF, 0xFF, 0xF8, 0x00, 0xBF, 0xFF, 0xF8, 0x00, 0x03,
    0xF8, 0x00, 0x00, 0x03, 0xF8, 0x00, 0x00, 0x03, 0xF8, 0x00, 0x00, 0x03, 0xF8, 0x00, 0x00, 0x03,
    0xF8, 0x00, 0x00, 0x03, 0xF8, 0x00, 0x00, 0x2F, 0xFE, 0x80, 0x00, 0x3F, 0xFF, 0x80, 0x00, 0x15,
    0x55, 0x55, 0x55, 0x40, 0x00, 0x3F, 0xFF, 0xFF, 0xFF, 0xD0, 0x00, 0x0B, 0xFF, 0xAA, 0xAB, 0xD0,
    0x00, 0x00, 0xFE, 0x00, 0x03, 0xD0, 0x00, 0x00, 0xFE, 0x00, 0x03, 0xD0, 0x00, 0x00, 0xFE, 0x00,
    0x03, 0xD0, 0x00, 0x00, 0xFE, 0x00, 0x00, 0x40, 0x00, 0x00, 0xFE, 0x00, 0x00, 0x00, 0x00, 0x00,
    0xFE, 0x00, 0x00, 0x00, 0x00, 0x00, 0xFE, 0x00, 0x00, 0x00, 0x00, 0x00, 0xFF, 0xFF, 0xF8, 0x00,
    0x00, 0x00, 0xFF, 0xAB, 0xFF, 0x80, 0x00, 0x00, 0xFE, 0x00, 0x2F, 0xF0, 0x00, 0x00, 0xFE, 0x00,
    0x0B, 0xF8, 0x00, 0x00, 0xFE, 0x00, 0x03, 0xFC, 0x00, 0x00, 0xFE, 0x00, 0x02, 0xFE, 0x00, 0x00,
    0xFE, 0x00, 0x00, 0xFF, 0x00, 0x00, 0xFE, 0x00, 0x00, 0xFF, 0x00, 0x00, 0xFE, 0x00, 0x00, 0xBF,
    0x00, 0x00, 0xFE, 0x00, 0x00, 0xBF, 0x80, 0x00, 0xFE, 0x00, 0x00, 0xBF, 0x80, 0x00, 0xFE, 0x00,
    0x00, 0xBF, 0x40, 0x01, 0xFE, 0x00, 0x00, 0xBF, 0x00, 0x3F, 0xFF, 0xF0, 0x00, 0xFF, 0x00, 0x3F,
    0xFF, 0xF0, 0x00, 0xFF, 0x00, 0x00, 0x00, 0x00, 0x00, 0xFE, 0x00, 0x00, 0x00, 0x00, 0x03, 0xFC,
    0x00, 0x00, 0x00, 0x00, 0x0B, 0xF8, 0x00, 0x00, 0x00, 0x00, 0x2F, 0xF0, 0x00, 0x00, 0x00, 0x00,
    0xFF, 0xC0, 0x00, 0x00, 0x2A, 0xAF, 0xFE, 0x00, 0x00, 0x00, 0x3F, 0xFF, 0xD0, 0x00, 0x00, 0x00,
    0x00, 0x00, 0x00, 0x00, 0x00, 0x2A, 0xAA, 0xAA, 0xA8, 0x00, 0x3F, 0xFF, 0xFF, 0xFC, 0x00, 0x03,
    0xF8, 0x00, 0xBC, 0x00, 0x03, 0xF8, 0x00, 0x3C, 0x00, 0x03, 0xF8, 0x00, 0x3C, 0x00, 0x03, 0xF8,
    0x00, 0x00, 0x00, 0x03, 0xF8, 0x00, 0x00, 0x00, 0x03, 0xFF, 0xFE, 0x00, 0x00, 0x03, 0xFE, 0xBF,
    0xE0, 0x00, 0x03, 0xF8, 0x07, 0xF8, 0x00, 0x03, 0xF8, 0x02, 0xFE, 0x00, 0x03, 0xF8, 0x00, 0xFF,
    0x00, 0x03, 0xF8, 0x00, 0xBF, 0x00, 0x03, 0xF8, 0x00, 0x3F, 0x80, 0x03, 0xF8, 0x00, 0x3F, 0x80,
    0x03, 0xF8, 0x00, 0x3F, 0x80, 0x2F, 0xFE, 0x80, 0x3F, 0x80, 0x3F, 0xFF, 0x80, 0x3F, 0x40, 0x00,
    0x00, 0x00, 0x7F, 0x00, 0x00, 0x00, 0x00, 0xBF, 0x00, 0x00, 0x00, 0x00, 0xFE, 0x00, 0x00, 0x00,
    0x03, 0xFC, 0x00, 0x00, 0x00, 0x0F, 0xF0, 0x00, 0x00, 0xAA, 0xFF, 0xC0, 0x00, 0x00, 0x7F, 0xFD,
    0x00, 0x00, 0x00, 0x00, 0x00, 0x00, 0x00, 0x00, 0x00, 0x00, 0x00, 0x00, 0x00, 0x00, 0x00, 0x1F,
    0xE0, 0x00, 0x55, 0x55, 0x00, 0x0B, 0xF8, 0x3F, 0xFC, 0x02, 0xFF, 0xFF, 0x80, 0x3F, 0xFD, 0xBF,
    0xFF, 0x00, 0x6F, 0xFA, 0x00, 0xFF, 0xFE, 0x3F, 0x8F, 0x80, 0x0F, 0xF0, 0x01, 0xF6, 0xFC, 0x08,
    0x07, 0xC0, 0x0F, 0xF0, 0x03, 0xE0, 0x10, 0x00, 0x03, 0xC0, 0x0F, 0xF0, 0x03, 0xC0, 0x00, 0x00,
    0x02, 0xE0, 0x0F, 0xF0, 0x03, 0xC0, 0x00, 0x00, 0x01, 0xE0, 0x0F, 0xF0, 0x0B, 0x80, 0x00, 0x00,
    0x00, 0xF0, 0x0F, 0xF0, 0x0F, 0x00, 0x00, 0x00, 0x00, 0xF8, 0x0F, 0xF0, 0x2F, 0x00, 0x00, 0x00,
    0x00, 0x3C, 0x0F, 0xF0, 0x3D, 0x00, 0x00, 0x00, 0x00, 0x2F, 0x0F, 0xF0, 0xFC, 0x00, 0x00, 0x00,
    0x00, 0x0F, 0xFF, 0xFF, 0xF0, 0x00, 0x00, 0x00, 0x00, 0x0B, 0xFF, 0xFF, 0xF0, 0x00, 0x00, 0x00,
    0x00, 0xBF, 0xDF, 0xF7, 0xFE, 0x00, 0x00, 0x00, 0x02, 0xFF, 0x0F, 0xF0, 0xFF, 0x80, 0x00, 0x00,
    0x03, 0xFC, 0x0F, 0xF0, 0x3F, 0xC0, 0x00, 0x00, 0x0B, 0xF8, 0x0F, 0xF0, 0x2F, 0xF0, 0x00, 0x00,
    0x0F, 0xF0, 0x0F, 0xF0, 0x0F, 0xF4, 0x00, 0x00, 0x3F, 0xC0, 0x0F, 0xF0, 0x03, 0xFC, 0x00, 0x00,
    0xBF, 0x80, 0x0F, 0xF0, 0x02, 0xFE, 0x00, 0x00, 0xFF, 0x00, 0x0F, 0xF0, 0x00, 0xFF, 0x00, 0x03,
    0xFD, 0x00, 0x0F, 0xF0, 0x00, 0x3F, 0xC0, 0xBF, 0xF8, 0x02, 0xFF, 0xFF, 0x80, 0x2F, 0xFE, 0xBF,
    0xF8, 0x02, 0xFF, 0xFF, 0x80, 0x2F, 0xFF, 0x00, 0x00, 0x00, 0x00, 0x00, 0x00, 0x02, 0xFF, 0x00,
    0x00, 0x00, 0x00, 0x00, 0x00, 0x00, 0xBF, 0x00, 0x00, 0x00, 0x00, 0x00, 0x00, 0x00, 0x3F, 0x00,
    0x00, 0x00, 0x00, 0x00, 0x00, 0x00, 0x2F, 0x00, 0x00, 0x00, 0x00, 0x00, 0x00, 0x00, 0x1F, 0x00,
    0x00, 0x00, 0x00, 0x00, 0x00, 0x00, 0x0F, 0x00, 0x00, 0x00, 0x00, 0x00, 0x00, 0x00, 0x0F, 0x00,
    0x00, 0x00, 0x00, 0x00, 0x00, 0x00, 0x00, 0x00, 0x00, 0x00, 0x00, 0x00, 0x00, 0x00, 0x2F, 0xC0,
    0x2A, 0xAA, 0x00, 0xFE, 0x00, 0xBF, 0xF0, 0x3F, 0xFF, 0x83, 0xFF, 0x80, 0xBF, 0xFC, 0x07, 0xF8,
    0x0F, 0xFF, 0x80, 0x3E, 0x2C, 0x03, 0xF0, 0x0F, 0x2F, 0x00, 0x00, 0x0E, 0x03, 0xF0, 0x2E, 0x00,
    0x00, 0x00, 0x0F, 0x03, 0xF0, 0x3C, 0x00, 0x00, 0x00, 0x0B, 0x83, 0xF0, 0xB8, 0x00, 0x00, 0x00,
    0x03, 0xE3, 0xF0, 0xF0, 0x00, 0x00, 0x00, 0x00, 0xFF, 0xFF, 0xD0, 0x00, 0x00, 0x00, 0x03, 0xFF,
    0xFF, 0xF0, 0x00, 0x00, 0x00, 0x0F, 0xFB, 0xFB, 0xFC, 0x00, 0x00, 0x00, 0x2F, 0xC3, 0xF0, 0xFE,
    0x00, 0x00, 0x00, 0x3F, 0x83, 0xF0, 0x7F, 0x00, 0x00, 0x00, 0xFF, 0x03, 0xF0, 0x2F, 0xC0, 0x00,
    0x02, 0xFC, 0x03, 0xF0, 0x0F, 0xE0, 0x00, 0x03, 0xF8, 0x03, 0xF0, 0x0B, 0xF0, 0x00, 0xAF, 0xF0,
    0x2F, 0xFE, 0x03, 0xFE, 0x80, 0xFF, 0xE0, 0x3F, 0xFF, 0x82, 0xFF, 0xC0, 0x00, 0x00, 0x00, 0x00,
    0x00, 0x2F, 0xC0, 0x00, 0x00, 0x00, 0x00, 0x00, 0x0B, 0xC0, 0x00, 0x00, 0x00, 0x00, 0x00, 0x03,
    0xC0, 0x00, 0x00, 0x00, 0x00, 0x00, 0x03, 0xC0, 0x00, 0x00, 0x00, 0x00, 0x00, 0x03, 0xC0, 0x00,
    0x00, 0x00, 0x00, 0x00, 0x02, 0x80, 0x00, 0x00, 0x00, 0x00, 0x00, 0x00, 0xAF, 0xFE, 0x00, 0x00,
    0x2F, 0xFF, 0xFF, 0xE0, 0x00, 0x3F, 0xE0, 0x1F, 0xFC, 0x00, 0x3F, 0x00, 0x02, 0xFE, 0x00, 0x3E,
    0x00, 0x00, 0xFF, 0x00, 0x3C, 0x00, 0x00, 0xBF, 0x00, 0x3C, 0x00, 0x00, 0x7F, 0x00, 0x28, 0x00,
    0x00, 0xBF, 0x00, 0x00, 0x00, 0x00, 0xFE, 0x00, 0x00, 0x00, 0x02, 0xFC, 0x00, 0x00, 0x00, 0x0B,
    0xF0, 0x00, 0x00, 0x0A, 0xFF, 0x80, 0x00, 0x00, 0x0F, 0xFF, 0x80, 0x00, 0x00, 0x0A, 0xAF, 0xF8,
    0x00, 0x00, 0x00, 0x01, 0xFF, 0x00, 0x00, 0x00, 0x00, 0x3F, 0x80, 0x00, 0x00, 0x00, 0x2F, 0xC0,
    0x00, 0x00, 0x00, 0x1F, 0xC0, 0x64, 0x00, 0x00, 0x2F, 0xC0, 0xBC, 0x00, 0x00, 0x2F, 0xC0, 0xBC,
    0x00, 0x00, 0x3F, 0xC0, 0xBC, 0x00, 0x00, 0xBF, 0x80, 0xBF, 0x00, 0x02, 0xFF, 0x00, 0xBF, 0xF9,
    0xAF, 0xFC, 0x00, 0x2F, 0xFF, 0xFF, 0xE0, 0x00, 0x00, 0x06, 0xF0, 0x00, 0x00, 0x00, 0x00, 0xB8,
    0x00, 0x00, 0x00, 0x00, 0x3C, 0x00, 0x00, 0x00, 0x00, 0x3C, 0x00, 0x00, 0x00, 0x20, 0xBC, 0x00,
    0x00, 0x00, 0x3F, 0xFC, 0x00, 0x00, 0x00, 0x0B, 0xA0, 0x00, 0x00, 0x00, 0x00, 0x00, 0x00, 0x0A,
    0xFF, 0xE0, 0x00, 0xBF, 0xFF, 0xFE, 0x00, 0xBE, 0x00, 0xBF, 0x80, 0xB8, 0x00, 0x3F, 0xC0, 0xB8,
    0x00, 0x2F, 0xC0, 0x00, 0x00, 0x2F, 0xC0, 0x00, 0x00, 0x3F, 0x80, 0x00, 0x01, 0xFE, 0x00, 0x00,
    0x3F, 0xF8, 0x00, 0x00, 0x3F, 0xFE, 0x00, 0x00, 0x00, 0x3F, 0xC0, 0x00, 0x00, 0x0F, 0xE0, 0x00,
    0x00, 0x0F, 0xE0, 0xB0, 0x00, 0x0F, 0xF0, 0xF0, 0x00, 0x0F, 0xE0, 0xF8, 0x00, 0x3F, 0xC0, 0xFF,
    0xAA, 0xFF, 0x80, 0xBF, 0xFF, 0xF8, 0x00, 0x00, 0x2F, 0x00, 0x00, 0x00, 0x0B, 0x80, 0x00, 0x00,
    0x03, 0xC0, 0x00, 0x00, 0x03, 0xD0, 0x00, 0x02, 0x4B, 0xD0, 0x00, 0x03, 0xFF, 0xC0, 0x00, 0x00,
    0xAA, 0x00, 0x00, 0x00, 0x00, 0x00, 0x00, 0x00, 0x00, 0x55, 0x55, 0x40, 0x00, 0xBF, 0x80, 0xFF,
    0xFF, 0xC0, 0x03, 0xFF, 0xE0, 0x2F, 0xFE, 0x40, 0x0B, 0xFF, 0xE0, 0x03, 0xF8, 0x00, 0x0F, 0xAF,
    0xD0, 0x03, 0xF8, 0x00, 0x2E, 0x00, 0x80, 0x03, 0xF8, 0x00, 0x3C, 0x00, 0x00, 0x03, 0xF8, 0x00,
    0x3C, 0x00, 0x00, 0x03, 0xF8, 0x00, 0xB8, 0x00, 0x00, 0x03, 0xF8, 0x00, 0xF0, 0x00, 0x00, 0x03,
    0xF8, 0x02, 0xF0, 0x00, 0x00, 0x03, 0xF8, 0x03, 0xD0, 0x00, 0x00, 0x03, 0xF8, 0x2F, 0x80, 0x00,
    0x00, 0x03, 0xFF, 0xFF, 0x00, 0x00, 0x00, 0x03, 0xFF, 0xFE, 0x00, 0x00, 0x00, 0x03, 0xF9, 0xBF,
    0xC0, 0x00, 0x00, 0x03, 0xF8, 0x0F, 0xF0, 0x00, 0x00, 0x03, 0xF8, 0x07, 0xF8, 0x00, 0x00, 0x03,
    0xF8, 0x02, 0xFD, 0x00, 0x00, 0x03, 0xF8, 0x00, 0xFF, 0x00, 0x00, 0x03, 0xF8, 0x00, 0x3F, 0xC0,
    0x00, 0x03, 0xF8, 0x00, 0x2F, 0xE0, 0x00, 0x03, 0xF8, 0x00, 0x0F, 0xF0, 0x00, 0x07, 0xF8, 0x00,
    0x03, 0xFC, 0x00, 0xFF, 0xFF, 0xC0, 0x01, 0xFF, 0xF0, 0xFF, 0xFF, 0xC0, 0x00, 0xFF, 0xF0, 0x00,
    0x00, 0x00, 0x00, 0x2F, 0xF0, 0x00, 0x00, 0x00, 0x00, 0x0B, 0xF0, 0x00, 0x00, 0x00, 0x00, 0x03,
    0xF0, 0x00, 0x00, 0x00, 0x00, 0x02, 0xF0, 0x00, 0x00, 0x00, 0x00, 0x00, 0xF0, 0x00, 0x00, 0x00,
    0x00, 0x00, 0xF0, 0x00, 0x00, 0x00, 0x00, 0x00, 0xF0, 0x00, 0x00, 0x00, 0x00, 0x00, 0x00, 0x00,
    0x00, 0x00, 0x00, 0x00, 0x2A, 0xAA, 0x80, 0x1F, 0xE0, 0x3F, 0xFF, 0xC0, 0x7F, 0xF0, 0x03, 0xFC,
    0x00, 0xFF, 0xF8, 0x03, 0xF8, 0x02, 0xE2, 0xF0, 0x03, 0xF8, 0x03, 0xC0, 0x00, 0x03, 0xF8, 0x03,
    0x80, 0x00, 0x03, 0xF8, 0x0F, 0x00, 0x00, 0x03, 0xF8, 0x3E, 0x00, 0x00, 0x03, 0xFE, 0xFC, 0x00,
    0x00, 0x03, 0xFF, 0xFE, 0x00, 0x00, 0x03, 0xFC, 0xBF, 0x80, 0x00, 0x03, 0xF8, 0x2F, 0xC0, 0x00,
    0x03, 0xF8, 0x0F, 0xF0, 0x00, 0x03, 0xF8, 0x03, 0xFC, 0x00, 0x03, 0xF8, 0x00, 0xFE, 0x00, 0x03,
    0xF8, 0x00, 0xBF, 0x00, 0x2F, 0xFE, 0x80, 0x3F, 0xE8, 0x3F, 0xFF, 0xC0, 0x2F, 0xFC, 0x00, 0x00,
    0x00, 0x02, 0xFC, 0x00, 0x00, 0x00, 0x00, 0xFC, 0x00, 0x00, 0x00, 0x00, 0xBC, 0x00, 0x00, 0x00,
    0x00, 0x3C, 0x00, 0x00, 0x00, 0x00, 0x3C, 0x00, 0x00, 0x00, 0x00, 0x28, 0x00, 0x00, 0x00, 0x00,
    0x00, 0x00, 0x55, 0x55, 0x40, 0x00, 0x2F, 0xC0, 0xFF, 0xFF, 0xC0, 0x00, 0xFF, 0xF0, 0x2F, 0xFE,
    0x40, 0x03, 0xFF, 0xF0, 0x03, 0xF8, 0x00, 0x0B, 0xCB, 0xF0, 0x03, 0xF8, 0x3C, 0x0F, 0x00, 0x80,
    0x03, 0xF8, 0x3C, 0x1F, 0x00, 0x00, 0x03, 0xF8, 0x3C, 0x2E, 0x00, 0x00, 0x03, 0xF8, 0x3C, 0x3C,
    0x00, 0x00, 0x03, 0xF8, 0x3C, 0xBC, 0x00, 0x00, 0x03, 0xF8, 0x3E, 0xF8, 0x00, 0x00, 0x03, 0xF8,
    0x3F, 0xF0, 0x00, 0x00, 0x03, 0xF8, 0x3F, 0xC0, 0x00, 0x00, 0x03, 0xFF, 0xFF, 0x80, 0x00, 0x00,
    0x03, 0xFF, 0xFF, 0x80, 0x00, 0x00, 0x03, 0xF8, 0xBF, 0xF0, 0x00, 0x00, 0x03, 0xF8, 0x3F, 0xF8,
    0x00, 0x00, 0x03, 0xF8, 0x3F, 0xFC, 0x00, 0x00, 0x03, 0xF8, 0x3E, 0xFF, 0x00, 0x00, 0x03, 0xF8,
    0x3C, 0xBF, 0x80, 0x00, 0x03, 0xF8, 0x3C, 0x3F, 0xC0, 0x00, 0x03, 0xF8, 0x3C, 0x0F, 0xF0, 0x00,
    0x03, 0xF8, 0x28, 0x03, 0xFC, 0x00, 0x07, 0xF8, 0x00, 0x02, 0xFE, 0x00, 0xFF, 0xFF, 0xC0, 0x00,
    0xFF, 0xF0, 0xFF, 0xFF, 0xC0, 0x00, 0xBF, 0xF4, 0x00, 0x00, 0x00, 0x00, 0x00, 0x2A, 0xAA, 0x80,
    0x0F, 0xE0, 0x3F, 0xFF, 0xC0, 0x3F, 0xF8, 0x03, 0xFC, 0x00, 0xBF, 0xFC, 0x03, 0xF8, 0x20, 0xF2,
    0xF8, 0x03, 0xF8, 0xB2, 0xE0, 0x00, 0x03, 0xF8, 0xBB, 0xC0, 0x00, 0x03, 0xF8, 0xBF, 0x80, 0x00,
    0x03, 0xF8, 0xBF, 0x00, 0x00, 0x03, 0xFE, 0xFC, 0x00, 0x00, 0x03, 0xFF, 0xFF, 0x00, 0x00, 0x03,
    0xFC, 0xBF, 0xC0, 0x00, 0x03, 0xF8, 0xBF, 0xE0, 0x00, 0x03, 0xF8, 0xBF, 0xF4, 0x00, 0x03, 0xF8,
    0xB2, 0xFC, 0x00, 0x03, 0xF8, 0xB0, 0xFF, 0x00, 0x03, 0xF8, 0x00, 0x3F, 0x80, 0x2F, 0xFE, 0x80,
    0x2F, 0xE8, 0x3F, 0xFF, 0xC0, 0x0F, 0xFC, 0x00, 0x00, 0x00, 0x00, 0x00, 0x00, 0x55, 0x55, 0x40,
    0x00, 0xBF, 0x80, 0xFF, 0xFF, 0xC0, 0x03, 0xFF, 0xE0, 0x2F, 0xFE, 0x40, 0x0B, 0xFF, 0xE0, 0x03,
    0xF8, 0x00, 0x0F, 0xAF, 0xD0, 0x03, 0xF8, 0x00, 0x2E, 0x00, 0x80, 0x0B, 0xF8, 0x00, 0x3C, 0x00,
    0x00, 0xFF, 0xFF, 0xF0, 0x3C, 0x00, 0x00, 0xAF, 0xFE, 0xA0, 0xB8, 0x00, 0x00, 0x03, 0xF8, 0x00,
    0xF0, 0x00, 0x00, 0x03, 0xF8, 0x02, 0xF0, 0x00, 0x00, 0x03, 0xF8, 0x03, 0xD0, 0x00, 0x00, 0x03,
    0xF8, 0x2F, 0x80, 0x00, 0x00, 0x03, 0xFF, 0xFF, 0x00, 0x00, 0x00, 0x03, 0xFF, 0xFE, 0x00, 0x00,
    0x00, 0x03, 0xF9, 0xBF, 0xC0, 0x00, 0x00, 0x03, 0xF8, 0x0F, 0xF0, 0x00, 0x00, 0x03, 0xF8, 0x07,
    0xF8, 0x00, 0x00, 0x03, 0xF8, 0x02, 0xFD, 0x00, 0x00, 0x03, 0xF8, 0x00, 0xFF, 0x00, 0x00, 0x03,
    0xF8, 0x00, 0x3F, 0xC0, 0x00, 0x03, 0xF8, 0x00, 0x2F, 0xE0, 0x00, 0x03, 0xF8, 0x00, 0x0F, 0xF0,
    0x00, 0x07, 0xF8, 0x00, 0x03, 0xFC, 0x00, 0xFF, 0xFF, 0xC0, 0x01, 0xFF, 0xF0, 0xFF, 0xFF, 0xC0,
    0x00, 0xFF, 0xF0, 0x00, 0x2A, 0x00, 0x00, 0x00, 0x0B, 0xFE, 0x00, 0x00, 0x00, 0x2F, 0xFE, 0x00,
    0x00, 0x00, 0x00, 0xFE, 0x00, 0x00, 0x00, 0x00, 0xFE, 0x00, 0x00, 0x00, 0x00, 0xFE, 0x00, 0x00,
    0x00, 0x3F, 0xFF, 0xFF, 0x00, 0x00, 0x3F, 0xFF, 0xFF, 0x00, 0x00, 0x00, 0xFE, 0x00, 0x00, 0x00,
    0x00, 0xFE, 0x00, 0x07, 0xF8, 0x00, 0xFE, 0x00, 0x1F, 0xFC, 0x00, 0xFE, 0x00, 0x3F, 0xFE, 0x00,
    0xFE, 0x00, 0xB8, 0xBC, 0x00, 0xFE, 0x00, 0xF0, 0x00, 0x00, 0xFE, 0x00, 0xE0, 0x00, 0x00, 0xFE,
    0x03, 0xC0, 0x00, 0x00, 0xFE, 0x0F, 0x80, 0x00, 0x00, 0xFF, 0xBF, 0x00, 0x00, 0x00, 0xFF, 0xFF,
    0x80, 0x00, 0x00, 0xFF, 0x2F, 0xE0, 0x00, 0x00, 0xFE, 0x0B, 0xF0, 0x00, 0x00, 0xFE, 0x03, 0xFC,
    0x00, 0x00, 0xFE, 0x00, 0xFF, 0x00, 0x00, 0xFE, 0x00, 0x3F, 0x80, 0x00, 0xFE, 0x00, 0x2F, 0xC0,
    0x0B, 0xFF, 0xA0, 0x0F, 0xFA, 0x0F, 0xFF, 0xF0, 0x0B, 0xFF, 0x00, 0x00, 0x00, 0x00, 0x00, 0x00,
    0x00, 0x15, 0x6A, 0xA5, 0x50, 0x00, 0x2F, 0xD0, 0xBF, 0xFF, 0xFF, 0xF0, 0x00, 0xFF, 0xF0, 0xBF,
    0xAB, 0xFF, 0x90, 0x03, 0xFF, 0xF4, 0xBC, 0x02, 0xFC, 0x00, 0x0B, 0xCB, 0xF0, 0xBC, 0x02, 0xFC,
    0x00, 0x0F, 0x40, 0x80, 0xBC, 0x02, 0xFC, 0x00, 0x0F, 0x00, 0x00, 0x28, 0x02, 0xFC, 0x00, 0x2E,
    0x00, 0x00, 0x00, 0x02, 0xFC, 0x00, 0x3C, 0x00, 0x00, 0x00, 0x02, 0xFC, 0x00, 0x3C, 0x00, 0x00,
    0x00, 0x02, 0xFC, 0x00, 0xF8, 0x00, 0x00, 0x00, 0x02, 0xFC, 0x02, 0xF0, 0x00, 0x00, 0x00, 0x02,
    0xFC, 0x0F, 0xD0, 0x00, 0x00, 0x00, 0x02, 0xFF, 0xFF, 0x80, 0x00, 0x00, 0x00, 0x02, 0xFF, 0xFF,
    0x80, 0x00, 0x00, 0x00, 0x02, 0xFE, 0x6F, 0xF0, 0x00, 0x00, 0x00, 0x02, 0xFC, 0x0B, 0xF8, 0x00,
    0x00, 0x00, 0x02, 0xFC, 0x02, 0xFD, 0x00, 0x00, 0x00, 0x02, 0xFC, 0x00, 0xFF, 0x00, 0x00, 0x00,
    0x02, 0xFC, 0x00, 0x3F, 0xC0, 0x00, 0x00, 0x02, 0xFC, 0x00, 0x2F, 0xE0, 0x00, 0x00, 0x02, 0xFC,
    0x00, 0x0F, 0xF0, 0x00, 0x00, 0x02, 0xFC, 0x00, 0x03, 0xFC, 0x00, 0x00, 0x02, 0xFE, 0x00, 0x02,
    0xFE, 0x00, 0x00, 0x3F, 0xFF, 0xF0, 0x00, 0xBF, 0xF8, 0x00, 0x3F, 0xFF, 0xF0, 0x00, 0xBF, 0xF8,
    0x00, 0x00, 0x00, 0x00, 0x00, 0x00, 0x2A, 0xAA, 0xAA, 0x00, 0x7F, 0x80, 0x3F, 0xFF, 0xFF, 0x02,
    0xFF, 0xC0, 0x3E, 0x0F, 0xF0, 0x03, 0xFF, 0xE0, 0x3C, 0x0F, 0xE0, 0x0B, 0x8B, 0xC0, 0x3C, 0x0F,
    0xE0, 0x0F, 0x00, 0x00, 0x00, 0x0F, 0xE0, 0x1E, 0x00, 0x00, 0x00, 0x0F, 0xE0, 0x3C, 0x00, 0x00,
    0x00, 0x0F, 0xE0, 0xF8, 0x00, 0x00, 0x00, 0x0F, 0xFB, 0xF0, 0x00, 0x00, 0x00, 0x0F, 0xFF, 0xF8,
    0x00, 0x00, 0x00, 0x0F, 0xF2, 0xFE, 0x00, 0x00, 0x00, 0x0F, 0xE0, 0xBF, 0x00, 0x00, 0x00, 0x0F,
    0xE0, 0x3F, 0xC0, 0x00, 0x00, 0x0F, 0xE0, 0x0F, 0xF0, 0x00, 0x00, 0x0F, 0xE0, 0x07, 0xF8, 0x00,
    0x00, 0x0F, 0xE0, 0x02, 0xFC, 0x00, 0x00, 0xBF, 0xFA, 0x00, 0xFF, 0xA0, 0x00, 0xFF, 0xFF, 0x00,
    0xBF, 0xF0, 0x55, 0x55, 0x40, 0x00, 0x55, 0x55, 0x00, 0xFF, 0xFF, 0xC0, 0x02, 0xFF, 0xFF, 0x80,
    0x6F, 0xFE, 0x40, 0x00, 0xAF, 0xFA, 0x00, 0x03, 0xF8, 0x00, 0x00, 0x0F, 0xF0, 0x00, 0x03, 0xF8,
    0x00, 0x00, 0x0B, 0xF0, 0x00, 0x03, 0xF8, 0x00, 0x00, 0x0B, 0xF0, 0x00, 0x03, 0xF8, 0x00, 0x00,
    0x0B, 0xF0, 0x00, 0x03, 0xF8, 0x00, 0x00, 0x0B, 0xF0, 0x00, 0x03, 0xF8, 0x00, 0x00, 0x0B, 0xF0,
    0x00, 0x03, 0xF8, 0x00, 0x00, 0x0B, 0xF0, 0x00, 0x03, 0xF8, 0x00, 0x00, 0x0B, 0xF0, 0x00, 0x03,
    0xFF, 0xFF, 0xFF, 0xFF, 0xF0, 0x00, 0x03, 0xFF, 0xFF, 0xFF, 0xFF, 0xF0, 0x00, 0x03, 0xF8, 0x00,
    0x00, 0x0F, 0xF0, 0x00, 0x03, 0xF8, 0x00, 0x00, 0x0B, 0xF0, 0x00, 0x03, 0xF8, 0x00, 0x00, 0x0B,
    0xF0, 0x00, 0x03, 0xF8, 0x00, 0x00, 0x0B, 0xF0, 0x00, 0x03, 0xF8, 0x00, 0x00, 0x0B, 0xF0, 0x00,
    0x03, 0xF8, 0x00, 0x00, 0x0B, 0xF0, 0x00, 0x03, 0xF8, 0x00, 0x00, 0x0B, 0xF0, 0x00, 0x03, 0xF8,
    0x00, 0x00, 0x0B, 0xF0, 0x00, 0x03, 0xF8, 0x00, 0x00, 0x0B, 0xF0, 0x00, 0x0B, 0xF8, 0x00, 0x00,
    0x0F, 0xF0, 0x00, 0xFF, 0xFF, 0xC0, 0x02, 0xFF, 0xFF, 0x80, 0xFF, 0xFF, 0xC0, 0x02, 0xFF, 0xFF,
    0x80, 0x00, 0x00, 0x00, 0x00, 0x02, 0xFF, 0x80, 0x00, 0x00, 0x00, 0x00, 0x00, 0x3F, 0x80, 0x00,
    0x00, 0x00, 0x00, 0x00, 0x2F, 0x80, 0x00, 0x00, 0x00, 0x00, 0x00, 0x0F, 0x80, 0x00, 0x00, 0x00,
    0x00, 0x00, 0x0B, 0x80, 0x00, 0x00, 0x00, 0x00, 0x00, 0x0B, 0x80, 0x00, 0x00, 0x00, 0x00, 0x00,
    0x07, 0x80, 0x00, 0x00, 0x00, 0x00, 0x00, 0x00, 0x00, 0x2A, 0xAA, 0x80, 0x2A, 0xAA, 0x00, 0x3F,
    0xFF, 0xC0, 0xBF, 0xFF, 0x80, 0x03, 0xFC, 0x00, 0x07, 0xF8, 0x00, 0x03, 0xF8, 0x00, 0x03, 0xF0,
    0x00, 0x03, 0xF8, 0x00, 0x03, 0xF0, 0x00, 0x03, 0xF8, 0x00, 0x03, 0xF0, 0x00, 0x03, 0xF8, 0x00,
    0x03, 0xF0, 0x00, 0x03, 0xF8, 0x00, 0x03, 0xF0, 0x00, 0x03, 0xFF, 0xFF, 0xFF, 0xF0, 0x00, 0x03,
    0xFE, 0xAA, 0xAB, 0xF0, 0x00, 0x03, 0xF8, 0x00, 0x03, 0xF0, 0x00, 0x03, 0xF8, 0x00, 0x03, 0xF0,
    0x00, 0x03, 0xF8, 0x00, 0x03, 0xF0, 0x00, 0x03, 0xF8, 0x00, 0x03, 0xF0, 0x00, 0x03, 0xF8, 0x00,
    0x03, 0xF0, 0x00, 0x03, 0xF8, 0x00, 0x03, 0xF0, 0x00, 0x2F, 0xFE, 0x80, 0x2F, 0xFE, 0x00, 0x3F,
    0xFF, 0xC0, 0xBF, 0xFF, 0x80, 0x00, 0x00, 0x00, 0x00, 0xBF, 0x80, 0x00, 0x00, 0x00, 0x00, 0x0F,
    0x80, 0x00, 0x00, 0x00, 0x00, 0x0F, 0x80, 0x00, 0x00, 0x00, 0x00, 0x0B, 0x80, 0x00, 0x00, 0x00,
    0x00, 0x0B, 0x80, 0x00, 0x00, 0x00, 0x00, 0x02, 0x00, 0x55, 0x55, 0x40, 0x00, 0x55, 0x6A, 0x95,
    0x00, 0xFF, 0xFF, 0xC0, 0x02, 0xFF, 0xFF, 0xFF, 0xC0, 0x6F, 0xFE, 0x40, 0x00, 0xAF, 0xFA, 0xAF,
    0xC0, 0x03, 0xF8, 0x00, 0x00, 0x0F, 0xF0, 0x0F, 0xC0, 0x03, 0xF8, 0x00, 0x00, 0x0F, 0xF0, 0x0B,
    0xC0, 0x03, 0xF8, 0x00, 0x00, 0x0F, 0xF0, 0x0B, 0xC0, 0x03, 0xF8, 0x00, 0x00, 0x0F, 0xF0, 0x02,
    0x80, 0x03, 0xF8, 0x00, 0x00, 0x0F, 0xF0, 0x00, 0x00, 0x03, 0xF8, 0x00, 0x00, 0x0F, 0xF0, 0x00,
    0x00, 0x03, 0xF8, 0x00, 0x00, 0x0F, 0xF0, 0x00, 0x00, 0x03, 0xF8, 0x00, 0x00, 0x0F, 0xF0, 0x00,
    0x00, 0x03, 0xFF, 0xFF, 0xFF, 0xFF, 0xF0, 0x00, 0x00, 0x03, 0xFF, 0xFF, 0xFF, 0xFF, 0xF0, 0x00,
    0x00, 0x03, 0xF8, 0x00, 0x00, 0x0F, 0xF0, 0x00, 0x00, 0x03, 0xF8, 0x00, 0x00, 0x0F, 0xF0, 0x00,
    0x00, 0x03, 0xF8, 0x00, 0x00, 0x0F, 0xF0, 0x00, 0x00, 0x03, 0xF8, 0x00, 0x00, 0x0F, 0xF0, 0x00,
    0x00, 0x03, 0xF8, 0x00, 0x00, 0x0F, 0xF0, 0x00, 0x00, 0x03, 0xF8, 0x00, 0x00, 0x0F, 0xF0, 0x00,
    0x00, 0x03, 0xF8, 0x00, 0x00, 0x0F, 0xF0, 0x00, 0x00, 0x03, 0xF8, 0x00, 0x00, 0x0F, 0xF0, 0x00,
    0x00, 0x03, 0xF8, 0x00, 0x00, 0x0F, 0xF0, 0x00, 0x00, 0x0B, 0xF8, 0x00, 0x00, 0x0F, 0xF0, 0x00,
    0x00, 0xFF, 0xFF, 0xC0, 0x02, 0xFF, 0xFF, 0x80, 0x00, 0xFF, 0xFF, 0xC0, 0x02, 0xFF, 0xFF, 0x80,
    0x00, 0x2A, 0xAA, 0x80, 0x2A, 0xAA, 0xA9, 0x3F, 0xFF, 0xC0, 0xBF, 0xFF, 0xFE, 0x03, 0xFC, 0x00,
    0x07, 0xF8, 0x2E, 0x03, 0xF8, 0x00, 0x03, 0xF0, 0x0E, 0x03, 0xF8, 0x00, 0x03, 0xF0, 0x0E, 0x03,
    0xF8, 0x00, 0x03, 0xF0, 0x00, 0x03, 0xF8, 0x00, 0x03, 0xF0, 0x00, 0x03, 0xF8, 0x00, 0x03, 0xF0,
    0x00, 0x03, 0xFF, 0xFF, 0xFF, 0xF0, 0x00, 0x03, 0xFE, 0xAA, 0xAB, 0xF0, 0x00, 0x03, 0xF8, 0x00,
    0x03, 0xF0, 0x00, 0x03, 0xF8, 0x00, 0x03, 0xF0, 0x00, 0x03, 0xF8, 0x00, 0x03, 0xF0, 0x00, 0x03,
    0xF8, 0x00, 0x03, 0xF0, 0x00, 0x03, 0xF8, 0x00, 0x03, 0xF0, 0x00, 0x03, 0xF8, 0x00, 0x03, 0xF0,
    0x00, 0x2F, 0xFE, 0x80, 0x2F, 0xFE, 0x00, 0x3F, 0xFF, 0xC0, 0xBF, 0xFF, 0x80, 0x55, 0x55, 0x55,
    0x55, 0x55, 0x50, 0x00, 0x00, 0x00, 0xFF, 0xFF, 0xFF, 0xFF, 0xFF, 0xF8, 0x00, 0x00, 0x00, 0x2F,
    0xFE, 0xAA, 0xAB, 0xFF, 0x90, 0x00, 0x00, 0x00, 0x03, 0xF8, 0x00, 0x00, 0xFF, 0x00, 0x00, 0x00,
    0x00, 0x03, 0xF8, 0x00, 0x00, 0xFF, 0x00, 0x00, 0x00, 0x00, 0x03, 0xF8, 0x00, 0x00, 0xFF, 0x00,
    0x00, 0x00, 0x00, 0x03, 0xF8, 0x00, 0x00, 0xFF, 0x00, 0x00, 0x00, 0x00, 0x03, 0xF8, 0x00, 0x00,
    0xFF, 0x00, 0x00, 0x00, 0x00, 0x03, 0xF8, 0x00, 0x00, 0xFF, 0x00, 0x00, 0x00, 0x00, 0x03, 0xF8,
    0x00, 0x00, 0xFF, 0x00, 0x00, 0x00, 0x00, 0x03, 0xF8, 0x00, 0x00, 0xFF, 0xFF, 0xF8, 0x00, 0x00,
    0x03, 0xF8, 0x00, 0x00, 0xFF, 0xAA, 0xFF, 0xC0, 0x00, 0x03, 0xF8, 0x00, 0x00, 0xFF, 0x00, 0x2F,
    0xF0, 0x00, 0x03, 0xF8, 0x00, 0x00, 0xFF, 0x00, 0x03, 0xFC, 0x00, 0x03, 0xF8, 0x00, 0x00, 0xFF,
    0x00, 0x02, 0xFE, 0x00, 0x03, 0xF8, 0x00, 0x00, 0xFF, 0x00, 0x00, 0xFF, 0x00, 0x03, 0xF8, 0x00,
    0x00, 0xFF, 0x00, 0x00, 0xFF, 0x40, 0x03, 0xF8, 0x00, 0x00, 0xFF, 0x00, 0x00, 0xBF, 0x80, 0x03,
    0xF8, 0x00, 0x00, 0xFF, 0x00, 0x00, 0x7F, 0x80, 0x03, 0xF8, 0x00, 0x00, 0xFF, 0x00, 0x00, 0x3F,
    0xC0, 0x03, 0xF8, 0x00, 0x00, 0xFF, 0x00, 0x00, 0x3F, 0xC0, 0x03, 0xF8, 0x00, 0x00, 0xFF, 0x00,
    0x00, 0x3F, 0x80, 0x0B, 0xF8, 0x00, 0x00, 0xFF, 0x00, 0x00, 0x3F, 0x80, 0xFF, 0xFF, 0xC0, 0x2F,
    0xFF, 0xF4, 0x00, 0xBF, 0x80, 0xFF, 0xFF, 0xD0, 0x3F, 0xFF, 0xF8, 0x00, 0xBF, 0x00, 0x00, 0x00,
    0x00, 0x00, 0x00, 0x00, 0x00, 0xFF, 0x00, 0x00, 0x00, 0x00, 0x00, 0x00, 0x00, 0x02, 0xFE, 0x00,
    0x00, 0x00, 0x00, 0x00, 0x00, 0x00, 0x03, 0xFC, 0x00, 0x00, 0x00, 0x00, 0x00, 0x00, 0x00, 0x0F,
    0xF0, 0x00, 0x00, 0x00, 0x00, 0x00, 0x00, 0x00, 0xBF, 0xC0, 0x00, 0x00, 0x00, 0x00, 0x00, 0x2A,
    0xAF, 0xFE, 0x00, 0x00, 0x00, 0x00, 0x00, 0x00, 0x2F, 0xFF, 0xE0, 0x00, 0x00, 0x00, 0x00, 0x00,
    0x00, 0x00, 0x00, 0x00, 0x00, 0x00, 0x2A, 0xAA, 0xAA, 0xAA, 0xA0, 0x00, 0x00, 0x3F, 0xFF, 0xFF,
    0xFF, 0xF8, 0x00, 0x00, 0x03, 0xFC, 0x00, 0xBF, 0x80, 0x00, 0x00, 0x03, 0xF8, 0x00, 0x3F, 0x80,
    0x00, 0x00, 0x03, 0xF8, 0x00, 0x3F, 0x80, 0x00, 0x00, 0x03, 0xF8, 0x00, 0x3F, 0x80, 0x00, 0x00,
    0x03, 0xF8, 0x00, 0x3F, 0x80, 0x00, 0x00, 0x03, 0xF8, 0x00, 0x3F, 0xFF, 0xE0, 0x00, 0x03, 0xF8,
    0x00, 0x3F, 0xEB, 0xFE, 0x00, 0x03, 0xF8, 0x00, 0x3F, 0x80, 0xBF, 0x80, 0x03, 0xF8, 0x00, 0x3F,
    0x80, 0x2F, 0xC0, 0x03, 0xF8, 0x00, 0x3F, 0x80, 0x0F, 0xF0, 0x03, 0xF8, 0x00, 0x3F, 0x80, 0x0B,
    0xF0, 0x03, 0xF8, 0x00, 0x3F, 0x80, 0x0B, 0xF0, 0x03, 0xF8, 0x00, 0x3F, 0x80, 0x07, 0xF4, 0x03,
    0xF8, 0x00, 0x3F, 0x80, 0x03, 0xF4, 0x2F, 0xFE, 0x82, 0xFF, 0xE4, 0x03, 0xF0, 0x3F, 0xFF, 0x83,
    0xFF, 0xF8, 0x07, 0xF0, 0x00, 0x00, 0x00, 0x00, 0x00, 0x0B, 0xF0, 0x00, 0x00, 0x00, 0x00, 0x00,
    0x0F, 0xE0, 0x00, 0x00, 0x00, 0x00, 0x00, 0x0F, 0xC0, 0x00, 0x00, 0x00, 0x00, 0x00, 0x3F, 0x80,
    0x00, 0x00, 0x00, 0x00, 0x00, 0xFF, 0x00, 0x00, 0x00, 0x00, 0x0A, 0xAF, 0xFC, 0x00, 0x00, 0x00,
    0x00, 0x0B, 0xFF, 0xC0, 0x00, 0x00, 0x00, 0x00, 0x00, 0x00, 0x00, 0x00, 0x00, 0x00, 0x00, 0x00,
    0x00, 0x00, 0x00, 0x00, 0x00, 0x2F, 0xC0, 0x00, 0x00, 0x00, 0x00, 0x03, 0xFF, 0xC0, 0x00, 0x00,
    0x00, 0x00, 0x3F, 0xF0, 0x00, 0xFF, 0x80, 0x00, 0x00, 0xFF, 0x80, 0x0B, 0xFF, 0xF8, 0x00, 0x03,
    0xFE, 0x00, 0x2F, 0xC2, 0xFE, 0x00, 0x0B, 0xF8, 0x00, 0x3F, 0x80, 0xFF, 0x00, 0x0F, 0xF0, 0x00,
    0xFF, 0x00, 0x3F, 0x80, 0x2F, 0xE0, 0x00, 0xFE, 0x00, 0x3F, 0xC0, 0x3F, 0xC0, 0x02, 0xFD, 0x00,
    0x2F, 0xD0, 0x3F, 0xC0, 0x03, 0xFC, 0x00, 0x2F, 0xE0, 0xBF, 0xC0, 0x03, 0xFC, 0x00, 0x2F, 0xE0,
    0xBF, 0x80, 0x03, 0xFC, 0x00, 0x2F, 0xF0, 0xBF, 0x80, 0x03, 0xFC, 0x00, 0x2F, 0xF0, 0xBF, 0x80,
    0x03, 0xFC, 0x00, 0x2F, 0xF0, 0xBF, 0xC0, 0x03, 0xFC, 0x00, 0x2F, 0xE0, 0x7F, 0xC0, 0x03, 0xFC,
    0x00, 0x2F, 0xE0, 0x3F, 0xC0, 0x03, 0xFE, 0x00, 0x3F, 0xD0, 0x3F, 0xE0, 0x02, 0xFF, 0x00, 0x3F,
    0xC0, 0x1F, 0xF0, 0x00, 0xFF, 0x80, 0xFF, 0x80, 0x0F, 0xF8, 0x00, 0xFF, 0xC0, 0xFF, 0x00, 0x03,
    0xFC, 0x00, 0x3F, 0xF3, 0xFE, 0x00, 0x00, 0xFF, 0x00, 0x2F, 0xFF, 0xFC, 0x00, 0x00, 0x3F, 0xE0,
    0x0F, 0xFF, 0xE0, 0x3C, 0x00, 0x0F, 0xFF, 0xAF, 0xFF, 0xFB, 0xF8, 0x00, 0x00, 0xBF, 0xFF, 0xFF,
    0xFF, 0xE0, 0x00, 0x00, 0x01, 0xA4, 0x00, 0x68, 0x00, 0x00, 0x00, 0x00, 0x00, 0x00, 0x00, 0x00,
    0x02, 0xF0, 0x00, 0x00, 0x00, 0x00, 0x3F, 0xE0, 0x2A, 0x00, 0x00, 0x02, 0xFE, 0x02, 0xFF, 0xE0,
    0x00, 0x03, 0xF8, 0x0F, 0xE3, 0xF8, 0x00, 0x0F, 0xF0, 0x2F, 0xC2, 0xFC, 0x00, 0x2F, 0xE0, 0x3F,
    0x80, 0xFE, 0x00, 0x3F, 0xC0, 0x3F, 0x80, 0xFF, 0x00, 0x3F, 0xC0, 0xBF, 0x40, 0xFF, 0x00, 0x3F,
    0xC0, 0xBF, 0x00, 0xFF, 0x00, 0x3F, 0xC0, 0xBF, 0x00, 0xFF, 0x00, 0x3F, 0xC0, 0xBF, 0x40, 0xFF,
    0x00, 0x3F, 0xC0, 0xBF, 0x80, 0xFF, 0x00, 0x2F, 0xD0, 0x3F, 0xC1, 0xFE, 0x00, 0x0F, 0xF0, 0x3F,
    0xE3, 0xFC, 0x00, 0x0B, 0xF8, 0x0F, 0xFB, 0xF8, 0x00, 0x02, 0xFE, 0x0B, 0xFF, 0xF0, 0x80, 0x00,
    0xBF, 0xEB, 0xFF, 0xEB, 0xC0, 0x00, 0x0B, 0xFF, 0xFF, 0xFF, 0x00, 0x00, 0x00, 0x00, 0x00, 0x00,
    0x00, 0x00, 0x00, 0x00, 0x00, 0x00, 0x00, 0x00, 0x00, 0x2B, 0xFE, 0x80, 0x00, 0x00, 0x0B, 0xFF,
    0xFF, 0xFF, 0x00, 0x00, 0x3F, 0xFA, 0x0A, 0xFF, 0x00, 0x00, 0xFF, 0xC0, 0x00, 0x3F, 0x00, 0x03,
    0xFE, 0x00, 0x00, 0x2F, 0x00, 0x0B, 0xFC, 0x00, 0x00, 0x1F, 0x00, 0x0F, 0xF0, 0x00, 0x00, 0x0F,
    0x00, 0x2F, 0xE0, 0x00, 0x00, 0x00, 0x00, 0x3F, 0xC0, 0x00, 0x00, 0x00, 0x00, 0x3F, 0xC0, 0x00,
    0x00, 0x00, 0x00, 0xBF, 0xC0, 0x00, 0x00, 0x00, 0x00, 0xBF, 0x80, 0x00, 0x00, 0x00, 0x00, 0xBF,
    0x80, 0x00, 0x00, 0x00, 0x00, 0xBF, 0x80, 0x00, 0x00, 0x00, 0x00, 0xBF, 0x80, 0x00, 0x00, 0x00,
    0x00, 0x7F, 0xC0, 0x00, 0x00, 0x00, 0x00, 0x3F, 0xC0, 0x00, 0x00, 0x00, 0x00, 0x3F, 0xD0, 0x00,
    0x00, 0x00, 0x00, 0x1F, 0xF0, 0x00, 0x00, 0x0F, 0x00, 0x0F, 0xF4, 0x00, 0x00, 0x0F, 0x00, 0x03,
    0xFC, 0x00, 0x00, 0x2F, 0x00, 0x02, 0xFF, 0x00, 0x00, 0x2F, 0x00, 0x00, 0xBF, 0xE0, 0x00, 0x3F,
    0x00, 0x00, 0x0F, 0xFF, 0xAB, 0xFF, 0x00, 0x00, 0x02, 0xFF, 0xFF, 0xF9, 0x00, 0x00, 0x00, 0x03,
    0xF4, 0x00, 0x00, 0x00, 0x00, 0x00, 0xF0, 0x00, 0x00, 0x00, 0x00, 0x00, 0xB8, 0x00, 0x00, 0x00,
    0x00, 0x00, 0xBC, 0x00, 0x00, 0x00, 0x00, 0x21, 0xFC, 0x00, 0x00, 0x00, 0x00, 0xFF, 0xF8, 0x00,
    0x00, 0x00, 0x00, 0x1B, 0x80, 0x00, 0x00, 0x00, 0x00, 0x00, 0x00, 0x00, 0x0B, 0xFE, 0x00, 0x00,
    0xFF, 0xFF, 0xE0, 0x07, 0xF8, 0x0B, 0xF0, 0x0F, 0xE0, 0x0B, 0xF8, 0x3F, 0xC0, 0x0B, 0xF4, 0x3F,
    0x80, 0x02, 0xE0, 0xBF, 0x00, 0x00, 0x00, 0xBF, 0x00, 0x00, 0x00, 0xFF, 0x00, 0x00, 0x00, 0xFF,
    0x00, 0x00, 0x00, 0xBF, 0x00, 0x00, 0x00, 0xBF, 0x40, 0x00, 0x00, 0x7F, 0xC0, 0x00, 0x00, 0x3F,
    0xC0, 0x00, 0x00, 0x2F, 0xF0, 0x00, 0x00, 0x0F, 0xFE, 0x00, 0xB8, 0x03, 0xFF, 0xFF, 0xF8, 0x00,
    0x7F, 0xFF, 0x80, 0x00, 0x02, 0xF0, 0x00, 0x00, 0x00, 0xB4, 0x00, 0x00, 0x00, 0x3C, 0x00, 0x00,
    0x00, 0x3C, 0x00, 0x00, 0x20, 0xFC, 0x00, 0x00, 0xBF, 0xFC, 0x00, 0x00, 0x0B, 0xA0, 0x00, 0x15,
    0x55, 0x55, 0x55, 0x55, 0x40, 0xBF, 0xFF, 0xFF, 0xFF, 0xFF, 0xC0, 0xBF, 0xAA, 0xBF, 0xEA, 0xAF,
    0xC0, 0xBC, 0x00, 0x3F, 0x80, 0x0B, 0xC0, 0xBC, 0x00, 0x3F, 0x80, 0x0B, 0xC0, 0xBC, 0x00, 0x3F,
    0x80, 0x07, 0xC0, 0x28, 0x00, 0x3F, 0x80, 0x02, 0x80, 0x00, 0x00, 0x3F, 0x80, 0x00, 0x00, 0x00,
    0x00, 0x3F, 0x80, 0x00, 0x00, 0x00, 0x00, 0x3F, 0x80, 0x00, 0x00, 0x00, 0x00, 0x3F, 0x80, 0x00,
    0x00, 0x00, 0x00, 0x3F, 0x80, 0x00, 0x00, 0x00, 0x00, 0x3F, 0x80, 0x00, 0x00, 0x00, 0x00, 0x3F,
    0x80, 0x00, 0x00, 0x00, 0x00, 0x3F, 0x80, 0x00, 0x00, 0x00, 0x00, 0x3F, 0x80, 0x00, 0x00, 0x00,
    0x00, 0x3F, 0x80, 0x00, 0x00, 0x00, 0x00, 0x3F, 0x80, 0x00, 0x00, 0x00, 0x00, 0x3F, 0x80, 0x00,
    0x00, 0x00, 0x00, 0x3F, 0x80, 0x00, 0x00, 0x00, 0x00, 0x3F, 0x80, 0x00, 0x00, 0x00, 0x00, 0x3F,
    0x80, 0x00, 0x00, 0x00, 0x00, 0x3F, 0xC0, 0x00, 0x00, 0x00, 0x0F, 0xFF, 0xFF, 0x00, 0x00, 0x00,
    0x0F, 0xFF, 0xFF, 0x00, 0x00, 0x00, 0x00, 0x0F, 0xFE, 0x00, 0x00, 0x00, 0x00, 0x02, 0xFE, 0x00,
    0x00, 0x00, 0x00, 0x00, 0xBE, 0x00, 0x00, 0x00, 0x00, 0x00, 0x3E, 0x00, 0x00, 0x00, 0x00, 0x00,
    0x2E, 0x00, 0x00, 0x00, 0x00, 0x00, 0x2E, 0x00, 0x00, 0x00, 0x00, 0x00, 0x0E, 0x00, 0x00, 0x00,
    0x00, 0x00, 0x00, 0x00, 0x00, 0x2A, 0xAA, 0xAA, 0xAA, 0x40, 0x3F, 0xFF, 0xFF, 0xFF, 0x80, 0x3E,
    0x03, 0xFC, 0x0B, 0x80, 0x3C, 0x03, 0xF8, 0x03, 0x80, 0x3C, 0x03, 0xF8, 0x03, 0x80, 0x00, 0x03,
    0xF8, 0x00, 0x00, 0x00, 0x03, 0xF8, 0x00, 0x00, 0x00, 0x03, 0xF8, 0x00, 0x00, 0x00, 0x03, 0xF8,
    0x00, 0x00, 0x00, 0x03, 0xF8, 0x00, 0x00, 0x00, 0x03, 0xF8, 0x00, 0x00, 0x00, 0x03, 0xF8, 0x00,
    0x00, 0x00, 0x03, 0xF8, 0x00, 0x00, 0x00, 0x03, 0xF8, 0x00, 0x00, 0x00, 0x03, 0xF8, 0x00, 0x00,
    0x00, 0x03, 0xF8, 0x00, 0x00, 0x00, 0x2F, 0xFE, 0xC0, 0x00, 0x00, 0x7F, 0xFF, 0xC0, 0x00, 0x00,
    0x00, 0x3F, 0xC0, 0x00, 0x00, 0x00, 0x0F, 0xC0, 0x00, 0x00, 0x00, 0x03, 0xC0, 0x00, 0x00, 0x00,
    0x03, 0xC0, 0x00, 0x00, 0x00, 0x03, 0xC0, 0x00, 0x00, 0x00, 0x02, 0x80, 0x00, 0x15, 0x55, 0x40,
    0x01, 0x55, 0x50, 0xBF, 0xFF, 0xC0, 0x03, 0xFF, 0xF0, 0x2F, 0xFE, 0x40, 0x01, 0xBF, 0xA0, 0x03,
    0xFC, 0x00, 0x00, 0x3F, 0x00, 0x02, 0xFE, 0x00, 0x00, 0xBC, 0x00, 0x00, 0xFF, 0x00, 0x00, 0xF8,
    0x00, 0x00, 0xBF, 0x80, 0x03, 0xF0, 0x00, 0x00, 0x3F, 0xC0, 0x07, 0xD0, 0x00, 0x00, 0x2F, 0xE0,
    0x0F, 0xC0, 0x00, 0x00, 0x0F, 0xF0, 0x2F, 0x00, 0x00, 0x00, 0x07, 0xFC, 0x3E, 0x00, 0x00, 0x00,
    0x03, 0xFC, 0xFC, 0x00, 0x00, 0x00, 0x00, 0xFF, 0xF4, 0x00, 0x00, 0x00, 0x00, 0xBF, 0xF0, 0x00,
    0x00, 0x00, 0x00, 0x3F, 0xC0, 0x00, 0x00, 0x00, 0x00, 0x2F, 0xC0, 0x00, 0x00, 0x00, 0x00, 0x2F,
    0xC0, 0x00, 0x00, 0x00, 0x00, 0x2F, 0xC0, 0x00, 0x00, 0x00, 0x00, 0x2F, 0xC0, 0x00, 0x00, 0x00,
    0x00, 0x2F, 0xC0, 0x00, 0x00, 0x00, 0x00, 0x2F, 0xC0, 0x00, 0x00, 0x00, 0x00, 0x2F, 0xC0, 0x00,
    0x00, 0x00, 0x00, 0x3F, 0xC0, 0x00, 0x00, 0x00, 0x0B, 0xFF, 0xFF, 0x00, 0x00, 0x00, 0x0B, 0xFF,
    0xFF, 0x00, 0x00, 0xAA, 0xAA, 0x40, 0x2A, 0xAA, 0x00, 0xFF, 0xFF, 0x80, 0x3F, 0xFF, 0x00, 0x0B,
    0xF8, 0x00, 0x03, 0xF0, 0x00, 0x03, 0xF8, 0x00, 0x03, 0xE0, 0x00, 0x03, 0xFC, 0x00, 0x0B, 0xC0,
    0x00, 0x02, 0xFE, 0x00, 0x0F, 0xC0, 0x00, 0x00, 0xFF, 0x00, 0x1F, 0x00, 0x00, 0x00, 0xBF, 0x00,
    0x3F, 0x00, 0x00, 0x00, 0x3F, 0x80, 0x3E, 0x00, 0x00, 0x00, 0x3F, 0xC0, 0xBC, 0x00, 0x00, 0x00,
    0x2F, 0xC0, 0xF8, 0x00, 0x00, 0x00, 0x0F, 0xE2, 0xF0, 0x00, 0x00, 0x00, 0x0F, 0xF3, 0xF0, 0x00,
    0x00, 0x00, 0x07, 0xFF, 0xD0, 0x00, 0x00, 0x00, 0x03, 0xFF, 0xC0, 0x00, 0x00, 0x00, 0x02, 0xFF,
    0x80, 0x00, 0x00, 0x00, 0x00, 0xFF, 0x00, 0x00, 0x00, 0x00, 0x00, 0xFF, 0x00, 0x00, 0x00, 0x00,
    0x00, 0xBF, 0x00, 0x00, 0x00, 0x00, 0x00, 0xBF, 0x00, 0x00, 0x00, 0x00, 0x00, 0xBF, 0x00, 0x00,
    0x00, 0x00, 0x00, 0xBF, 0x00, 0x00, 0x00, 0x00, 0x00, 0xBF, 0x00, 0x00, 0x00, 0x00, 0x00, 0xFF,
    0x00, 0x00, 0x00, 0x00, 0x3F, 0xFF, 0xFC, 0x00, 0x00, 0x00, 0x2F, 0xFF, 0xFC, 0x00, 0x00, 0x15,
    0x55, 0x40, 0x01, 0x55, 0x50, 0xBF, 0xFF, 0xC0, 0x03, 0xFF, 0xF0, 0x2F, 0xFE, 0x40, 0x01, 0xBF,
    0xA0, 0x03, 0xFC, 0x00, 0x00, 0x3F, 0x00, 0x02, 0xFE, 0x00, 0x00, 0xBC, 0x00, 0x00, 0xFF, 0x00,
    0x00, 0xF8, 0x00, 0x00, 0xBF, 0x80, 0x03, 0xF0, 0x00, 0x00, 0x3F, 0xC0, 0x07, 0xD0, 0x00, 0x00,
    0x2F, 0xE0, 0x0F, 0xC0, 0x00, 0x00, 0x0F, 0xF0, 0x2F, 0x00, 0x00, 0x00, 0x07, 0xFC, 0x3E, 0x00,
    0x00, 0x00, 0x03, 0xFC, 0xFC, 0x00, 0x00, 0x00, 0x00, 0xFF, 0xF4, 0x00, 0x00, 0x02, 0xAA, 0xFF,
    0xFA, 0xA9, 0x00, 0x07, 0xFF, 0xFF, 0xFF, 0xFE, 0x00, 0x02, 0xAA, 0xBF, 0xEA, 0xA8, 0x00, 0x00,
    0x00, 0x2F, 0xC0, 0x00, 0x00, 0x00, 0x00, 0x2F, 0xC0, 0x00, 0x00, 0x00, 0x00, 0x2F, 0xC0, 0x00,
    0x00, 0x00, 0x00, 0x2F, 0xC0, 0x00, 0x00, 0x00, 0x00, 0x2F, 0xC0, 0x00, 0x00, 0x00, 0x00, 0x2F,
    0xC0, 0x00, 0x00, 0x00, 0x00, 0x3F, 0xC0, 0x00, 0x00, 0x00, 0x0B, 0xFF, 0xFF, 0x00, 0x00, 0x00,
    0x0B, 0xFF, 0xFF, 0x00, 0x00, 0xAA, 0xAA, 0x40, 0x2A, 0xAA, 0x00, 0xFF, 0xFF, 0x80, 0x3F, 0xFF,
    0x00, 0x0B, 0xF8, 0x00, 0x03, 0xF0, 0x00, 0x03, 0xF8, 0x00, 0x03, 0xE0, 0x00, 0x03, 0xFC, 0x00,
    0x0B, 0xC0, 0x00, 0x01, 0xFE, 0x00, 0x0F, 0x80, 0x00, 0x00, 0xFF, 0x00, 0x2F, 0x00, 0x00, 0x00,
    0xBF, 0x00, 0x3F, 0x00, 0x00, 0x00, 0x3F, 0x80, 0x3D, 0x00, 0x00, 0x00, 0x3F, 0xC0, 0xFC, 0x00,
    0x00, 0x00, 0x2F, 0xE0, 0xF8, 0x00, 0x00, 0x00, 0x0F, 0xF2, 0xF0, 0x00, 0x00, 0x00, 0x0B, 0xF7,
    0xE0, 0x00, 0x00, 0x00, 0x03, 0xFF, 0xC0, 0x00, 0x00, 0x00, 0x03, 0xFF, 0xC0, 0x00, 0x00, 0x00,
    0x02, 0xFF, 0x00, 0x00, 0x00, 0x07, 0xFF, 0xFF, 0xFF, 0xE0, 0x00, 0x0B, 0xFF, 0xFF, 0xFF, 0xF0,
    0x00, 0x00, 0x00, 0xBE, 0x00, 0x00, 0x00, 0x00, 0x00, 0xBE, 0x00, 0x00, 0x00, 0x00, 0x00, 0xBE,
    0x00, 0x00, 0x00, 0x00, 0x00, 0xBE, 0x00, 0x00, 0x00, 0x00, 0x00, 0xBE, 0x00, 0x00, 0x00, 0x00,
    0x00, 0xFF, 0x00, 0x00, 0x00, 0x00, 0x2F, 0xFF, 0xFC, 0x00, 0x00, 0x00, 0x2F, 0xFF, 0xF8, 0x00,
    0x00, 0x15, 0x55, 0x50, 0x01, 0x55, 0x50, 0x3F, 0xFF, 0xF0, 0x0B, 0xFF, 0xF0, 0x2B, 0xFF, 0x90,
    0x02, 0xBF, 0xA0, 0x02, 0xFF, 0x00, 0x00, 0xBC, 0x00, 0x00, 0xFF, 0x80, 0x00, 0xF8, 0x00, 0x00,
    0x3F, 0xC0, 0x03, 0xF0, 0x00, 0x00, 0x2F, 0xF0, 0x0B, 0xC0, 0x00, 0x00, 0x0F, 0xF8, 0x2F, 0x80,
    0x00, 0x00, 0x03, 0xFC, 0x3E, 0x00, 0x00, 0x00, 0x02, 0xFF, 0xFC, 0x00, 0x00, 0x00, 0x00, 0xFF,
    0xF0, 0x00, 0x00, 0x00, 0x00, 0x3F, 0xE0, 0x00, 0x00, 0x00, 0x00, 0x2F, 0xF0, 0x00, 0x00, 0x00,
    0x00, 0x3F, 0xF4, 0x00, 0x00, 0x00, 0x00, 0xBF, 0xFC, 0x00, 0x00, 0x00, 0x00, 0xFB, 0xFE, 0x00,
    0x00, 0x00, 0x03, 0xF0, 0xFF, 0x00, 0x00, 0x00, 0x0B, 0xC0, 0xBF, 0xC0, 0x00, 0x00, 0x2F, 0x80,
    0x3F, 0xE0, 0x00, 0x00, 0x3E, 0x00, 0x0F, 0xF0, 0x00, 0x00, 0xFC, 0x00, 0x0B, 0xFC, 0x00, 0x02,
    0xF0, 0x00, 0x03, 0xFE, 0x00, 0x0B, 0xE0, 0x00, 0x02, 0xFF, 0x00, 0xBF, 0xFF, 0x00, 0x3F, 0xFF,
    0xF8, 0xBF, 0xFF, 0x00, 0x3F, 0xFF, 0xF8, 0x00, 0x00, 0x00, 0x00, 0x2F, 0xF8, 0x00, 0x00, 0x00,
    0x00, 0x03, 0xF8, 0x00, 0x00, 0x00, 0x00, 0x01, 0xF8, 0x00, 0x00, 0x00, 0x00, 0x00, 0xF8, 0x00,
    0x00, 0x00, 0x00, 0x00, 0xB8, 0x00, 0x00, 0x00, 0x00, 0x00, 0xB8, 0x00, 0x00, 0x00, 0x00, 0x00,
    0xB8, 0x00, 0x00, 0x00, 0x00, 0x00, 0x00, 0x2A, 0xAA, 0x02, 0xAA, 0x80, 0xBF, 0xFF, 0x83, 0xFF,
    0xE0, 0x0B, 0xFC, 0x00, 0xBE, 0x00, 0x02, 0xFE, 0x00, 0xF8, 0x00, 0x00, 0xFF, 0x02, 0xF0, 0x00,
    0x00, 0x3F, 0xCB, 0xC0, 0x00, 0x00, 0x2F, 0xFF, 0x40, 0x00, 0x00, 0x0F, 0xFE, 0x00, 0x00, 0x00,
    0x03, 0xFC, 0x00, 0x00, 0x00, 0x03, 0xFE, 0x00, 0x00, 0x00, 0x07, 0xFF, 0x00, 0x00, 0x00, 0x0F,
    0xBF, 0xC0, 0x00, 0x00, 0x3F, 0x2F, 0xE0, 0x00, 0x00, 0xBC, 0x0F, 0xF4, 0x00, 0x02, 0xF0, 0x03,
    0xFC, 0x00, 0x03, 0xE0, 0x02, 0xFF, 0x00, 0xBF, 0xF8, 0x0B, 0xFF, 0xE0, 0xBF, 0xFC, 0x0F, 0xFF,
    0xF0, 0x00, 0x00, 0x00, 0x0F, 0xF0, 0x00, 0x00, 0x00, 0x03, 0xF0, 0x00, 0x00, 0x00, 0x00, 0xF0,
    0x00, 0x00, 0x00, 0x00, 0xF0, 0x00, 0x00, 0x00, 0x00, 0xF0, 0x00, 0x00, 0x00, 0x00, 0xA0, 0x15,
    0xAA, 0xAA, 0xA5, 0x40, 0x55, 0x55, 0x00, 0xBF, 0xFF, 0xFF, 0xFF, 0xE3, 0xFF, 0xFF, 0x80, 0xBF,
    0xAB, 0xFE, 0xAF, 0xE0, 0x6F, 0xF9, 0x00, 0xBC, 0x03, 0xFC, 0x03, 0xE0, 0x0F, 0xF0, 0x00, 0xBC,
    0x03, 0xFC, 0x03, 0xE0, 0x0F, 0xF0, 0x00, 0xBC, 0x03, 0xFC, 0x03, 0xE0, 0x0F, 0xF0, 0x00, 0x28,
    0x03, 0xFC, 0x01, 0x80, 0x0F, 0xF0, 0x00, 0x00, 0x03, 0xFC, 0x00, 0x00, 0x0F, 0xF0, 0x00, 0x00,
    0x03, 0xFC, 0x00, 0x00, 0x0F, 0xF0, 0x00, 0x00, 0x03, 0xFC, 0x00, 0x00, 0x0F, 0xF0, 0x00, 0x00,
    0x03, 0xFC, 0x00, 0x00, 0x0F, 0xF0, 0x00, 0x00, 0x03, 0xFC, 0x00, 0x00, 0x0F, 0xF0, 0x00, 0x00,
    0x03, 0xFC, 0x00, 0x00, 0x0F, 0xF0, 0x00, 0x00, 0x03, 0xFC, 0x00, 0x00, 0x0F, 0xF0, 0x00, 0x00,
    0x03, 0xFC, 0x00, 0x00, 0x0F, 0xF0, 0x00, 0x00, 0x03, 0xFC, 0x00, 0x00, 0x0F, 0xF0, 0x00, 0x00,
    0x03, 0xFC, 0x00, 0x00, 0x0F, 0xF0, 0x00, 0x00, 0x03, 0xFC, 0x00, 0x00, 0x0F, 0xF0, 0x00, 0x00,
    0x03, 0xFC, 0x00, 0x00, 0x0F, 0xF0, 0x00, 0x00, 0x03, 0xFC, 0x00, 0x00, 0x0F, 0xF0, 0x00, 0x00,
    0x03, 0xFC, 0x00, 0x00, 0x0F, 0xF0, 0x00, 0x00, 0x03, 0xFC, 0x00, 0x00, 0x0F, 0xF0, 0x00, 0x00,
    0x03, 0xFC, 0x00, 0x00, 0x0F, 0xF0, 0x00, 0x00, 0xFF, 0xFF, 0xFF, 0xFF, 0xFF, 0xFF, 0x40, 0x00,
    0xFF, 0xFF, 0xFF, 0xFF, 0xFF, 0xFF, 0x80, 0x00, 0x00, 0x00, 0x00, 0x00, 0x07, 0xFF, 0x80, 0x00,
    0x00, 0x00, 0x00, 0x00, 0x00, 0xBF, 0x80, 0x00, 0x00, 0x00, 0x00, 0x00, 0x00, 0x2F, 0x80, 0x00,
    0x00, 0x00, 0x00, 0x00, 0x00, 0x0F, 0x80, 0x00, 0x00, 0x00, 0x00, 0x00, 0x00, 0x0F, 0x80, 0x00,
    0x00, 0x00, 0x00, 0x00, 0x00, 0x0B, 0x80, 0x00, 0x00, 0x00, 0x00, 0x00, 0x00, 0x0B, 0x80, 0x00,
    0x00, 0x00, 0x00, 0x00, 0x00, 0x00, 0x00, 0x2A, 0xAA, 0xAA, 0x8A, 0xAA, 0xA0, 0x3F, 0xFF, 0xFF,
    0xEF, 0xFF, 0xF0, 0x3E, 0x2F, 0xD3, 0xE0, 0xBF, 0x00, 0x3C, 0x2F, 0xC2, 0xE0, 0xBF, 0x00, 0x3C,
    0x2F, 0xC0, 0xE0, 0xBF, 0x00, 0x00, 0x2F, 0xC0, 0x00, 0xBF, 0x00, 0x00, 0x2F, 0xC0, 0x00, 0xBF,
    0x00, 0x00, 0x2F, 0xC0, 0x00, 0xBF, 0x00, 0x00, 0x2F, 0xC0, 0x00, 0xBF, 0x00, 0x00, 0x2F, 0xC0,
    0x00, 0xBF, 0x00, 0x00, 0x2F, 0xC0, 0x00, 0xBF, 0x00, 0x00, 0x2F, 0xC0, 0x00, 0xBF, 0x00, 0x00,
    0x2F, 0xC0, 0x00, 0xBF, 0x00, 0x00, 0x2F, 0xC0, 0x00, 0xBF, 0x00, 0x00, 0x2F, 0xC0, 0x00, 0xBF,
    0x00, 0x00, 0x2F, 0xC0, 0x00, 0xBF, 0x00, 0x01, 0xBF, 0xFF, 0xFF, 0xFF, 0xE0, 0x02, 0xFF, 0xFF,
    0xFF, 0xFF, 0xF0, 0x00, 0x00, 0x00, 0x00, 0x0F, 0xF0, 0x00, 0x00, 0x00, 0x00, 0x03, 0xF0, 0x00,
    0x00, 0x00, 0x00, 0x00, 0xF0, 0x00, 0x00, 0x00, 0x00, 0x00, 0xF0, 0x00, 0x00, 0x00, 0x00, 0x00,
    0xF0, 0x00, 0x00, 0x00, 0x00, 0x00, 0xA0, 0x15, 0x55, 0x50, 0x05, 0x55, 0x50, 0x3F, 0xFF, 0xF0,
    0x1F, 0xFF, 0xF8, 0x0B, 0xFF, 0x90, 0x06, 0xFF, 0x90, 0x00, 0xFE, 0x00, 0x00, 0xFF, 0x00, 0x00,
    0xFE, 0x00, 0x00, 0xFF, 0x00, 0x00, 0xFE, 0x00, 0x00, 0xFF, 0x00, 0x00, 0xFE, 0x00, 0x00, 0xFF,
    0x00, 0x00, 0xFE, 0x00, 0x00, 0xFF, 0x00, 0x00, 0xFE, 0x00, 0x00, 0xFF, 0x00, 0x00, 0xFE, 0x00,
    0x00, 0xFF, 0x00, 0x00, 0xFE, 0x00, 0x00, 0xFF, 0x00, 0x00, 0xFF, 0x00, 0x02, 0xFF, 0x00, 0x00,
    0xFF, 0x80, 0x7F, 0xFF, 0x00, 0x00, 0xBF, 0xFF, 0xFF, 0xFF, 0x00, 0x00, 0x3F, 0xFF, 0xF8, 0xFF,
    0x00, 0x00, 0x0B, 0xFE, 0x40, 0xFF, 0x00, 0x00, 0x00, 0x00, 0x00, 0xFF, 0x00, 0x00, 0x00, 0x00,
    0x00, 0xFF, 0x00, 0x00, 0x00, 0x00, 0x00, 0xFF, 0x00, 0x00, 0x00, 0x00, 0x00, 0xFF, 0x00, 0x00,
    0x00, 0x00, 0x00, 0xFF, 0x00, 0x00, 0x00, 0x00, 0x00, 0xFF, 0x00, 0x00, 0x00, 0x00, 0x00, 0xFF,
    0x00, 0x00, 0x00, 0x00, 0x0F, 0xFF, 0xF8, 0x00, 0x00, 0x00, 0x1F, 0xFF, 0xF8, 0x00, 0x00, 0x00,
    0x00, 0x2F, 0xF8, 0x00, 0x00, 0x00, 0x00, 0x03, 0xF8, 0x00, 0x00, 0x00, 0x00, 0x00, 0xF8, 0x00,
    0x00, 0x00, 0x00, 0x00, 0xF8, 0x00, 0x00, 0x00, 0x00, 0x00, 0xB8, 0x00, 0x00, 0x00, 0x00, 0x00,
    0xB8, 0x00, 0x00, 0x00, 0x00, 0x00, 0x78, 0x00, 0x00, 0x00, 0x00, 0x00, 0x00, 0x2A, 0xAA, 0x46,
    0xAA, 0xA0, 0x3F, 0xFF, 0x8B, 0xFF, 0xF0, 0x03, 0xFC, 0x00, 0xFF, 0x00, 0x03, 0xF8, 0x00, 0xBF,
    0x00, 0x03, 0xF8, 0x00, 0xBF, 0x00, 0x03, 0xF8, 0x00, 0xBF, 0x00, 0x03, 0xF8, 0x00, 0xBF, 0x00,
    0x03, 0xF8, 0x00, 0xBF, 0x00, 0x02, 0xFC, 0x00, 0xFF, 0x00, 0x02, 0xFF, 0xAF, 0xFF, 0x00, 0x00,
    0xBF, 0xFE, 0xFF, 0x00, 0x00, 0x06, 0x90, 0xBF, 0x00, 0x00, 0x00, 0x00, 0xBF, 0x00, 0x00, 0x00,
    0x00, 0xBF, 0x00, 0x00, 0x00, 0x00, 0xBF, 0x00, 0x00, 0x00, 0x00, 0xBF, 0x00, 0x00, 0x00, 0x0A,
    0xFF, 0xE0, 0x00, 0x00, 0x0B, 0xFF, 0xF0, 0x00, 0x00, 0x00, 0x0F, 0xF0, 0x00, 0x00, 0x00, 0x03,
    0xF0, 0x00, 0x00, 0x00, 0x00, 0xF0, 0x00, 0x00, 0x00, 0x00, 0xF0, 0x00, 0x00, 0x00, 0x00, 0xF0,
    0x00, 0x00, 0x00, 0x00, 0xA0, 0x15, 0x55, 0x50, 0x05, 0x55, 0x50, 0x3F, 0xFF, 0xF0, 0x1F, 0xFF,
    0xF8, 0x0B, 0xFF, 0x90, 0x06, 0xFF, 0x90, 0x00, 0xFE, 0x00, 0x00, 0xFF, 0x00, 0x00, 0xFE, 0x00,
    0x00, 0xFF, 0x00, 0x00, 0xFE, 0x00, 0x00, 0xFF, 0x00, 0x00, 0xFE, 0x03, 0xC0, 0xFF, 0x00, 0x00,
    0xFE, 0x03, 0xC0, 0xFF, 0x00, 0x00, 0xFE, 0x03, 0xC0, 0xFF, 0x00, 0x00, 0xFE, 0x03, 0xC0, 0xFF,
    0x00, 0x00, 0xFE, 0x03, 0xC0, 0xFF, 0x00, 0x00, 0xFF, 0x03, 0xC2, 0xFF, 0x00, 0x00, 0xFF, 0x87,
    0xFF, 0xFF, 0x00, 0x00, 0xBF, 0xFF, 0xFF, 0xFF, 0x00, 0x00, 0x3F, 0xFF, 0xF8, 0xFF, 0x00, 0x00,
    0x0B, 0xFF, 0xC0, 0xFF, 0x00, 0x00, 0x00, 0x03, 0xC0, 0xFF, 0x00, 0x00, 0x00, 0x03, 0xC0, 0xFF,
    0x00, 0x00, 0x00, 0x03, 0xC0, 0xFF, 0x00, 0x00, 0x00, 0x03, 0xC0, 0xFF, 0x00, 0x00, 0x00, 0x03,
    0xC0, 0xFF, 0x00, 0x00, 0x00, 0x01, 0x40, 0xFF, 0x00, 0x00, 0x00, 0x00, 0x00, 0xFF, 0x00, 0x00,
    0x00, 0x00, 0x0F, 0xFF, 0xF8, 0x00, 0x00, 0x00, 0x1F, 0xFF, 0xF8, 0x2A, 0xAA, 0x41, 0xAA, 0xA8,
    0x3F, 0xFF, 0x82, 0xFF, 0xFC, 0x03, 0xFC, 0x00, 0x2F, 0xC0, 0x03, 0xF8, 0x00, 0x2F, 0xC0, 0x03,
    0xF8, 0x00, 0x2F, 0xC0, 0x03, 0xF8, 0x3C, 0x2F, 0xC0, 0x03, 0xF8, 0x3C, 0x2F, 0xC0, 0x03, 0xF8,
    0x3C, 0x2F, 0xC0, 0x02, 0xFC, 0x3C, 0x3F, 0xC0, 0x00, 0xFF, 0xFF, 0xFF, 0xC0, 0x00, 0x7F, 0xFF,
    0xBF, 0xC0, 0x00, 0x02, 0xBC, 0x2F, 0xC0, 0x00, 0x00, 0x3C, 0x2F, 0xC0, 0x00, 0x00, 0x3C, 0x2F,
    0xC0, 0x00, 0x00, 0x3C, 0x2F, 0xC0, 0x00, 0x00, 0x00, 0x2F, 0xC0, 0x00, 0x00, 0x02, 0xBF, 0xF8,
    0x00, 0x00, 0x02, 0xFF, 0xFC, 0x15, 0x55, 0x50, 0x00, 0x00, 0x00, 0x3F, 0xFF, 0xF0, 0x00, 0x00,
    0x00, 0x0B, 0xFF, 0x90, 0x00, 0x00, 0x00, 0x00, 0xFE, 0x00, 0x00, 0x00, 0x00, 0x00, 0xFE, 0x00,
    0x00, 0x00, 0x00, 0x00, 0xFE, 0x00, 0x00, 0x00, 0x00, 0x00, 0xFE, 0x00, 0x00, 0x00, 0x00, 0x00,
    0xFE, 0x02, 0xFE, 0x40, 0x00, 0x00, 0xFE, 0x7F, 0xFF, 0xF0, 0x00, 0x00, 0xFF, 0xFF, 0xFF, 0xF8,
    0x00, 0x00, 0xFF, 0xE0, 0x1F, 0xFC, 0x00, 0x00, 0xFF, 0x00, 0x03, 0xFC, 0x00, 0x00, 0xFE, 0x00,
    0x02, 0xFC, 0x00, 0x00, 0xFE, 0x00, 0x02, 0xFC, 0x00, 0x00, 0xFE, 0x00, 0x02, 0xFC, 0x00, 0x00,
    0xFE, 0x00, 0x02, 0xFC, 0x00, 0x00, 0xFE, 0x00, 0x02, 0xFC, 0x00, 0x00, 0xFE, 0x00, 0x02, 0xFC,
    0x00, 0x00, 0xFE, 0x00, 0x02, 0xFC, 0x00, 0x00, 0xFE, 0x00, 0x02, 0xFC, 0x00, 0x00, 0xFE, 0x00,
    0x02, 0xFC, 0x00, 0x00, 0xFE, 0x00, 0x02, 0xFC, 0x00, 0x01, 0xFE, 0x00, 0x02, 0xFD, 0x00, 0x3F,
    0xFF, 0xF0, 0x3F, 0xFF, 0xF0, 0x3F, 0xFF, 0xF0, 0x3F, 0xFF, 0xF0, 0x00, 0xA8, 0x00, 0x00, 0x00,
    0x2F, 0xF8, 0x00, 0x00, 0x00, 0xBF, 0xF8, 0x00, 0x00, 0x00, 0x03, 0xF8, 0x00, 0x00, 0x00, 0x03,
    0xF8, 0x00, 0x00, 0x00, 0x03, 0xF8, 0x00, 0x00, 0x00, 0x03, 0xF8, 0x00, 0x00, 0x00, 0x03, 0xF8,
    0x00, 0x00, 0x00, 0x03, 0xF8, 0x00, 0x00, 0x00, 0x03, 0xF8, 0x0B, 0xF8, 0x00, 0x03, 0xF8, 0xFF,
    0xFF, 0x00, 0x03, 0xFF, 0xFF, 0xFF, 0xC0, 0x03, 0xFE, 0x00, 0x3F, 0xC0, 0x03, 0xF8, 0x00, 0x1F,
    0xD0, 0x03, 0xF8, 0x00, 0x0F, 0xE0, 0x03, 0xF8, 0x00, 0x0F, 0xE0, 0x03, 0xF8, 0x00, 0x0F, 0xE0,
    0x03, 0xF8, 0x00, 0x0F, 0xE0, 0x03, 0xF8, 0x00, 0x0F, 0xE0, 0x03, 0xF8, 0x00, 0x0F, 0xE0, 0x03,
    0xF8, 0x00, 0x0F, 0xE0, 0x03, 0xF8, 0x00, 0x0F, 0xE0, 0x03, 0xF8, 0x00, 0x0F, 0xE0, 0x03, 0xF8,
    0x00, 0x0F, 0xE0, 0x03, 0xF8, 0x00, 0x0F, 0xE0, 0x2F, 0xFF, 0x80, 0xBF, 0xFA, 0x3F, 0xFF, 0xC0,
    0xFF, 0xFF, 0x00, 0x00, 0x00, 0x00, 0x00, 0x00, 0x00, 0x00, 0x00, 0x00, 0x00, 0x02, 0xFF, 0xE0,
    0x00, 0x00, 0x00, 0x00, 0x00, 0x3F, 0xFF, 0xFF, 0x40, 0x00, 0x00, 0x00, 0x02, 0xFF, 0x82, 0xFF,
    0xE0, 0x00, 0x00, 0x00, 0x0B, 0xF8, 0x00, 0x2F, 0xF0, 0x00, 0x2F, 0xC0, 0x2F, 0xF0, 0x00, 0x0B,
    0xFC, 0x00, 0x3F, 0xC0, 0x3F, 0xC0, 0x00, 0x03, 0xFD, 0x00, 0xBF, 0x80, 0xBF, 0x80, 0x00, 0x02,
    0xFE, 0x00, 0xBF, 0x00, 0xFF, 0x00, 0x00, 0x00, 0xFF, 0x00, 0xBE, 0x01, 0xFF, 0x00, 0x00, 0x00,
    0xFF, 0x00, 0x3E, 0x02, 0xFE, 0x00, 0x00, 0x00, 0xFF, 0x00, 0x2F, 0xFF, 0xFF, 0xFF, 0xFF, 0xFF,
    0xFF, 0x00, 0x0B, 0xFF, 0xFF, 0xFF, 0xFF, 0xFF, 0xFF, 0x00, 0x00, 0x03, 0xFE, 0x00, 0x00, 0x00,
    0x00, 0x00, 0x00, 0x03, 0xFE, 0x00, 0x00, 0x00, 0x00, 0x00, 0x00, 0x03, 0xFE, 0x00, 0x00, 0x00,
    0x00, 0x00, 0x00, 0x02, 0xFE, 0x00, 0x00, 0x00, 0x00, 0x00, 0x00, 0x02, 0xFF, 0x00, 0x00, 0x00,
    0x00, 0x00, 0x00, 0x00, 0xFF, 0x00, 0x00, 0x00, 0x00, 0x00, 0x00, 0x00, 0xFF, 0xC0, 0x00, 0x00,
    0x00, 0x00, 0x00, 0x00, 0xBF, 0xE0, 0x00, 0x00, 0x00, 0x00, 0x00, 0x00, 0x3F, 0xF4, 0x00, 0x00,
    0x0E, 0x00, 0x00, 0x00, 0x0F, 0xFE, 0x00, 0x00, 0xBE, 0x00, 0x00, 0x00, 0x07, 0xFF, 0xE9, 0x6B,
    0xFE, 0x00, 0x00, 0x00, 0x00, 0xFF, 0xFF, 0xFF, 0xF0, 0x00, 0x00, 0x00, 0x00, 0x2F, 0xFF, 0xFE,
    0x00, 0x00, 0x00, 0x00, 0x00, 0x00, 0x1A, 0x00, 0x00, 0x00, 0x00, 0x00, 0x00, 0x00, 0x00, 0x00,
    0x00, 0x00, 0x01, 0xBF, 0xE0, 0x00, 0x02, 0x80, 0x0F, 0xFF, 0xFD, 0x00, 0x2F, 0xD0, 0x3F, 0x80,
    0xBF, 0x00, 0x3F, 0xC0, 0xFD, 0x00, 0x3F, 0xC0, 0x3F, 0x42, 0xFC, 0x00, 0x1F, 0xC0, 0x3F, 0x03,
    0xF4, 0x00, 0x0F, 0xE0, 0x2F, 0x8B, 0xF8, 0x00, 0x1F, 0xE0, 0x0F, 0xFF, 0xFF, 0xFF, 0xFF, 0xE0,
    0x00, 0x6F, 0xFA, 0xAA, 0xAA, 0x80, 0x00, 0x0B, 0xF0, 0x00, 0x00, 0x00, 0x00, 0x0B, 0xF0, 0x00,
    0x00, 0x00, 0x00, 0x0B, 0xF4, 0x00, 0x00, 0x00, 0x00, 0x03, 0xFC, 0x00, 0x00, 0x00, 0x00, 0x03,
    0xFC, 0x00, 0x00, 0x00, 0x00, 0x02, 0xFF, 0x00, 0x00, 0xA0, 0x00, 0x00, 0xBF, 0xE0, 0x0B, 0xE0,
    0x00, 0x00, 0x2F, 0xFF, 0xFF, 0x80, 0x00, 0x00, 0x03, 0xFF, 0xF8, 0x00, 0x00, 0x00, 0x00, 0x00,
    0x00, 0x00, 0x00, 0x00, 0x00, 0x00, 0x00, 0x00, 0x00, 0x00, 0x00, 0x00, 0x00, 0x02, 0xFF, 0xE0,
    0x00, 0x00, 0x00, 0x00, 0x00, 0x3F, 0xFF, 0xFF, 0x40, 0x00, 0x00, 0x00, 0x02, 0xFF, 0x82, 0xFF,
    0xE0, 0x00, 0x00, 0x00, 0x0B, 0xF8, 0x00, 0x2F, 0xF0, 0x00, 0x2F, 0xC0, 0x2F, 0xF0, 0x00, 0x0B,
    0xFC, 0x00, 0x3F, 0xC0, 0x3F, 0xC0, 0x00, 0x03, 0xFD, 0x00, 0xBF, 0x80, 0xBF, 0x80, 0x00, 0x02,
    0xFE, 0x00, 0xBF, 0x00, 0xFF, 0x00, 0x00, 0x00, 0xFF, 0x00, 0xBE, 0x01, 0xFF, 0x00, 0x00, 0x00,
    0xFF, 0x00, 0x3E, 0x02, 0xFE, 0x00, 0x00, 0x00, 0xFF, 0x00, 0x2F, 0xFF, 0xFF, 0xFF, 0xFF, 0xFF,
    0xFF, 0x00, 0x0B, 0xFF, 0xFF, 0xFF, 0xFF, 0xFF, 0xFF, 0x00, 0x00, 0x03, 0xFE, 0x00, 0x00, 0x00,
    0x00, 0x00, 0x00, 0x03, 0xFE, 0x00, 0x00, 0x00, 0x00, 0x00, 0x00, 0x03, 0xFE, 0x00, 0x00, 0x00,
    0x00, 0x00, 0x00, 0x02, 0xFE, 0x00, 0x00, 0x00, 0x00, 0x00, 0x00, 0x02, 0xFF, 0x00, 0x00, 0x00,
    0x00, 0x00, 0x00, 0x00, 0xFF, 0x00, 0x00, 0x00, 0x00, 0x00, 0x00, 0x00, 0xFF, 0xC0, 0x00, 0x00,
    0x00, 0x00, 0x00, 0x00, 0xBF, 0xE0, 0x00, 0x00, 0x00, 0x00, 0x00, 0x00, 0x3F, 0xF4, 0x00, 0x00,
    0x0E, 0x00, 0x00, 0x00, 0x0F, 0xFE, 0x00, 0x00, 0xBE, 0x00, 0x00, 0x00, 0x07, 0xFF, 0xE9, 0x6B,
    0xFE, 0x00, 0x00, 0x00, 0x00, 0xFF, 0xFF, 0xFF, 0xF0, 0x00, 0x00, 0x00, 0x00, 0x2F, 0xFF, 0xFE,
    0x00, 0x00, 0x00, 0x00, 0x00, 0x00, 0xFF, 0xC0, 0x00, 0x00, 0x00, 0x00, 0x00, 0x00, 0xBF, 0x80,
    0x00, 0x00, 0x00, 0x00, 0x00, 0x00, 0x3F, 0x00, 0x00, 0x00, 0x00, 0x00, 0x00, 0x00, 0x3F, 0x00,
    0x00, 0x00, 0x00, 0x00, 0x00, 0x00, 0x3F, 0x00, 0x00, 0x00, 0x00, 0x00, 0x00, 0x00, 0x3F, 0x00,
    0x00, 0x00, 0x00, 0x00, 0x00, 0x00, 0x3F, 0x00, 0x00, 0x00, 0x00, 0x00, 0x00, 0x00, 0x00, 0x00,
    0x00, 0x00, 0x00, 0x00, 0x00, 0x00, 0x00, 0x00, 0x00, 0x00, 0x01, 0xBF, 0xE0, 0x00, 0x02, 0x80,
    0x0F, 0xFF, 0xFD, 0x00, 0x2F, 0xD0, 0x3F, 0x80, 0xBF, 0x00, 0x3F, 0xC0, 0xFD, 0x00, 0x3F, 0xC0,
    0x3F, 0x42, 0xFC, 0x00, 0x1F, 0xC0, 0x3F, 0x03, 0xF4, 0x00, 0x0F, 0xE0, 0x2F, 0x8B, 0xF8, 0x00,
    0x1F, 0xE0, 0x0F, 0xFF, 0xFF, 0xFF, 0xFF, 0xE0, 0x00, 0x6F, 0xFA, 0xAA, 0xAA, 0x80, 0x00, 0x0B,
    0xF0, 0x00, 0x00, 0x00, 0x00, 0x0B, 0xF0, 0x00, 0x00, 0x00, 0x00, 0x0B, 0xF4, 0x00, 0x00, 0x00,
    0x00, 0x03, 0xFC, 0x00, 0x00, 0x00, 0x00, 0x03, 0xFC, 0x00, 0x00, 0x00, 0x00, 0x02, 0xFF, 0x00,
    0x00, 0xA0, 0x00, 0x00, 0xBF, 0xE0, 0x0B, 0xE0, 0x00, 0x00, 0x2F, 0xFF, 0xFF, 0x80, 0x00, 0x00,
    0x07, 0xFF, 0xF8, 0x00, 0x00, 0x00, 0x00, 0xBF, 0x40, 0x00, 0x00, 0x00, 0x00, 0x3F, 0x00, 0x00,
    0x00, 0x00, 0x00, 0x3E, 0x00, 0x00, 0x00, 0x00, 0x00, 0x3E, 0x00, 0x00, 0x00, 0x00, 0x00, 0x2E,
    0x00, 0x00, 0x00, 0x00, 0x00, 0x18, 0x00, 0x00, 0x15, 0x55, 0x40, 0xFF, 0xFF, 0xF0, 0x2B, 0xFE,
    0x80, 0x03, 0xFC, 0x00, 0x03, 0xFC, 0x00, 0x03, 0xFC, 0x00, 0x03, 0xFC, 0x00, 0x03, 0xFC, 0x00,
    0x03, 0xFC, 0x00, 0x03, 0xFC, 0x00, 0x03, 0xFC, 0x00, 0x03, 0xFC, 0x00, 0x03, 0xFC, 0x00, 0x03,
    0xFC, 0x00, 0x03, 0xFC, 0x00, 0x03, 0xFC, 0x00, 0x03, 0xFC, 0x00, 0x03, 0xFC, 0x00, 0x03, 0xFC,
    0x00, 0x03, 0xFC, 0x00, 0x03, 0xFC, 0x00, 0x03, 0xFC, 0x00, 0x03, 0xFC, 0x00, 0xFF, 0xFF, 0xE0,
    0xFF, 0xFF, 0xE0, 0x00, 0x00, 0x00, 0xA0, 0x0A, 0x40, 0x00, 0x00, 0x00, 0x00, 0x03, 0xF8, 0x2F,
    0xC0, 0x00, 0x00, 0x00, 0x00, 0x03, 0xF0, 0x0F, 0xC0, 0x00, 0x00, 0x00, 0x00, 0x03, 0xC0, 0x03,
    0xC0, 0x00, 0x00, 0x00, 0x00, 0x00, 0xF8, 0x2F, 0x00, 0x00, 0x00, 0x00, 0x00, 0x00, 0x2F, 0xF8,
    0x00, 0x00, 0x00, 0x00, 0x00, 0x00, 0x00, 0x00, 0x00, 0x00, 0x00, 0x00, 0x00, 0x00, 0x00, 0x00,
    0x00, 0x00, 0x00, 0x1F, 0xE0, 0x00, 0x55, 0x55, 0x00, 0x0B, 0xF8, 0x3F, 0xFC, 0x02, 0xFF, 0xFF,
    0x80, 0x3F, 0xFD, 0xBF, 0xFF, 0x00, 0x6F, 0xFA, 0x00, 0xFF, 0xFE, 0x3F, 0x8F, 0x80, 0x0F, 0xF0,
    0x01, 0xF6, 0xFC, 0x08, 0x07, 0xC0, 0x0F, 0xF0, 0x03, 0xE0, 0x10, 0x00, 0x03, 0xC0, 0x0F, 0xF0,
    0x03, 0xC0, 0x00, 0x00, 0x02, 0xE0, 0x0F, 0xF0, 0x03, 0xC0, 0x00, 0x00, 0x01, 0xE0, 0x0F, 0xF0,
    0x0B, 0x80, 0x00, 0x00, 0x00, 0xF0, 0x0F, 0xF0, 0x0F, 0x00, 0x00, 0x00, 0x00, 0xF8, 0x0F, 0xF0,
    0x2F, 0x00, 0x00, 0x00, 0x00, 0x3C, 0x0F, 0xF0, 0x3D, 0x00, 0x00, 0x00, 0x00, 0x2F, 0x0F, 0xF0,
    0xFC, 0x00, 0x00, 0x00, 0x00, 0x0F, 0xFF, 0xFF, 0xF0, 0x00, 0x00, 0x00, 0x00, 0x0B, 0xFF, 0xFF,
    0xF0, 0x00, 0x00, 0x00, 0x00, 0xBF, 0xDF, 0xF7, 0xFE, 0x00, 0x00, 0x00, 0x02, 0xFF, 0x0F, 0xF0,
    0xFF, 0x80, 0x00, 0x00, 0x03, 0xFC, 0x0F, 0xF0, 0x3F, 0xC0, 0x00, 0x00, 0x0B, 0xF8, 0x0F, 0xF0,
    0x2F, 0xF0, 0x00, 0x00, 0x0F, 0xF0, 0x0F, 0xF0, 0x0F, 0xF4, 0x00, 0x00, 0x3F, 0xC0, 0x0F, 0xF0,
    0x03, 0xFC, 0x00, 0x00, 0xBF, 0x80, 0x0F, 0xF0, 0x02, 0xFE, 0x00, 0x00, 0xFF, 0x00, 0x0F, 0xF0,
    0x00, 0xFF, 0x00, 0x03, 0xFD, 0x00, 0x0F, 0xF0, 0x00, 0x3F, 0xC0, 0xBF, 0xF8, 0x02, 0xFF, 0xFF,
    0x80, 0x2F, 0xFE, 0xBF, 0xF8, 0x02, 0xFF, 0xFF, 0x80, 0x2F, 0xFF, 0x00, 0x00, 0xA4, 0x02, 0x80,
    0x00, 0x00, 0x00, 0x02, 0xFC, 0x0F, 0xE0, 0x00, 0x00, 0x00, 0x02, 0xF8, 0x0B, 0xE0, 0x00, 0x00,
    0x00, 0x00, 0xE0, 0x02, 0xD0, 0x00, 0x00, 0x00, 0x00, 0xBE, 0x1B, 0x80, 0x00, 0x00, 0x00, 0x00,
    0x0F, 0xFC, 0x00, 0x00, 0x00, 0x00, 0x00, 0x00, 0x00, 0x00, 0x00, 0x00, 0x00, 0x00, 0x00, 0x00,
    0x00, 0x00, 0x00, 0x2F, 0xC0, 0x2A, 0xAA, 0x00, 0xFE, 0x00, 0xBF, 0xF0, 0x3F, 0xFF, 0x83, 0xFF,
    0x80, 0xBF, 0xFC, 0x07, 0xF8, 0x0F, 0xFF, 0x80, 0x3E, 0x2C, 0x03, 0xF0, 0x0F, 0x2F, 0x00, 0x00,
    0x0E, 0x03, 0xF0, 0x2E, 0x00, 0x00, 0x00, 0x0F, 0x03, 0xF0, 0x3C, 0x00, 0x00, 0x00, 0x0B, 0x83,
    0xF0, 0xB8, 0x00, 0x00, 0x00, 0x03, 0xE3, 0xF0, 0xF0, 0x00, 0x00, 0x00, 0x00, 0xFF, 0xFF, 0xD0,
    0x00, 0x00, 0x00, 0x03, 0xFF, 0xFF, 0xF0, 0x00, 0x00, 0x00, 0x0F, 0xFB, 0xFB, 0xFC, 0x00, 0x00,
    0x00, 0x2F, 0xC3, 0xF0, 0xFE, 0x00, 0x00, 0x00, 0x3F, 0x83, 0xF0, 0x7F, 0x00, 0x00, 0x00, 0xFF,
    0x03, 0xF0, 0x2F, 0xC0, 0x00, 0x02, 0xFC, 0x03, 0xF0, 0x0F, 0xE0, 0x00, 0x03, 0xF8, 0x03, 0xF0,
    0x0B, 0xF0, 0x00, 0xAF, 0xF0, 0x2F, 0xFE, 0x03, 0xFE, 0x80, 0xFF, 0xE0, 0x3F, 0xFF, 0x82, 0xFF,
    0xC0, 0x00, 0x00, 0x00, 0x00, 0x00, 0x00, 0x55, 0x55, 0x40, 0x00, 0xBF, 0x80, 0xFF, 0xFF, 0xC0,
    0x03, 0xFF, 0xE0, 0x2F, 0xFE, 0x40, 0x0B, 0xFF, 0xE0, 0x03, 0xF8, 0x00, 0x0F, 0xAF, 0xD0, 0x03,
    0xF8, 0x00, 0x2E, 0x00, 0x80, 0x03, 0xF8, 0x00, 0x3C, 0x00, 0x00, 0x03, 0xF8, 0x00, 0x3C, 0x00,
    0x00, 0x03, 0xF8, 0x00, 0xB8, 0x00, 0x00, 0x03, 0xF8, 0x00, 0xF0, 0x00, 0x00, 0x03, 0xF8, 0x02,
    0xF0, 0x00, 0x00, 0x03, 0xF8, 0x03, 0xD0, 0x00, 0x00, 0x03, 0xF8, 0x2F, 0x80, 0x00, 0x00, 0x03,
    0xFF, 0xFF, 0x00, 0x00, 0x00, 0x03, 0xFF, 0xFC, 0x00, 0x00, 0x00, 0x03, 0xFF, 0xFF, 0x80, 0x00,
    0x00, 0x03, 0xF8, 0xBF, 0xF0, 0x00, 0x00, 0x03, 0xF8, 0x0F, 0xFE, 0x00, 0x00, 0x03, 0xF8, 0x02,
    0xFF, 0x80, 0x00, 0x03, 0xF8, 0x00, 0x3F, 0xF0, 0x00, 0x03, 0xF8, 0x00, 0x0F, 0xF8, 0x00, 0x03,
    0xF8, 0x00, 0x03, 0xFE, 0x00, 0x03, 0xF8, 0x00, 0x02, 0xFF, 0x00, 0x07, 0xF8, 0x00, 0x00, 0xFF,
    0x80, 0xFF, 0xFF, 0xC0, 0x00, 0x3F, 0x80, 0xFF, 0xFF, 0xC0, 0x00, 0x3F, 0xC0, 0x00, 0x00, 0x00,
    0x00, 0x3F, 0xC0, 0x00, 0x00, 0x00, 0x00, 0x3F, 0x80, 0x00, 0x00, 0x00, 0x00, 0x3F, 0x40, 0x00,
    0x00, 0x00, 0x00, 0xBF, 0x00, 0x00, 0x00, 0x00, 0x02, 0xFC, 0x00, 0x00, 0x00, 0x0A, 0xAF, 0xF0,
    0x00, 0x00, 0x00, 0x0B, 0xFF, 0x80, 0x00, 0x00, 0x00, 0x00, 0x00, 0x00, 0x00, 0x00, 0x00, 0x00,
    0x00, 0x00, 0x2A, 0xAA, 0x80, 0x1F, 0xE0, 0x3F, 0xFF, 0xC0, 0x7F, 0xF0, 0x03, 0xFC, 0x00, 0xFF,
    0xF8, 0x03, 0xF8, 0x02, 0xE2, 0xF0, 0x03, 0xF8, 0x03, 0xC0, 0x00, 0x03, 0xF8, 0x03, 0x80, 0x00,
    0x03, 0xF8, 0x0F, 0x00, 0x00, 0x03, 0xF8, 0x3E, 0x00, 0x00, 0x03, 0xFE, 0xFC, 0x00, 0x00, 0x03,
    0xFF, 0xF8, 0x00, 0x00, 0x03, 0xFF, 0xFF, 0x00, 0x00, 0x03, 0xF8, 0xBF, 0xE0, 0x00, 0x03, 0xF8,
    0x0F, 0xFC, 0x00, 0x03, 0xF8, 0x02, 0xFF, 0x00, 0x03, 0xF8, 0x00, 0xBF, 0xC0, 0x03, 0xF8, 0x00,
    0x2F, 0xE0, 0x2F, 0xFE, 0x80, 0x0F, 0xF0, 0x3F, 0xFF, 0xC0, 0x0B, 0xF0, 0x00, 0x00, 0x00, 0x03,
    0xF0, 0x00, 0x00, 0x00, 0x03, 0xF0, 0x00, 0x00, 0x00, 0x03, 0xF0, 0x00, 0x00, 0x00, 0x0B, 0xF0,
    0x00, 0x00, 0x00, 0x0F, 0xC0, 0x00, 0x00, 0x2A, 0xFF, 0x80, 0x00, 0x00, 0x3F, 0xF8, 0x00, 0x00,
    0x00, 0x00, 0x00, 0x00, 0x00, 0x05, 0x55, 0x55, 0x55, 0x55, 0x00, 0x00, 0x0F, 0xFF, 0xFF, 0xFF,
    0xFF, 0xC0, 0x00, 0x06, 0xBE, 0xAA, 0xAF, 0xF9, 0x00, 0x00, 0x00, 0x3C, 0x00, 0x0F, 0xF0, 0x00,
    0x00, 0x00, 0x3C, 0x00, 0x0F, 0xF0, 0x00, 0x00, 0x00, 0x3C, 0x00, 0x0F, 0xF0, 0x00, 0x00, 0x00,
    0x3C, 0x00, 0x0F, 0xF0, 0x00, 0x00, 0x00, 0x3C, 0x00, 0x0F, 0xF0, 0x00, 0x00, 0x00, 0x3C, 0x00,
    0x0F, 0xF0, 0x00, 0x00, 0x00, 0x3C, 0x00, 0x0F, 0xF0, 0x00, 0x00, 0x00, 0x7C, 0x00, 0x0F, 0xF0,
    0x00, 0x00, 0x00, 0xBC, 0x00, 0x0F, 0xF0, 0x00, 0x00, 0x00, 0xBC, 0x00, 0x0F, 0xF0, 0x00, 0x00,
    0x00, 0xBC, 0x00, 0x0F, 0xF0, 0x00, 0x00, 0x00, 0xB8, 0x00, 0x0F, 0xF0, 0x00, 0x00, 0x00, 0xF8,
    0x00, 0x0F, 0xF0, 0x00, 0x00, 0x00, 0xF8, 0x00, 0x0F, 0xF0, 0x00, 0x00, 0x00, 0xF0, 0x00, 0x0F,
    0xF0, 0x00, 0x00, 0x01, 0xF0, 0x00, 0x0F, 0xF0, 0x00, 0x00, 0x02, 0xF0, 0x00, 0x0F, 0xF0, 0x00,
    0x00, 0x03, 0xE0, 0x00, 0x0F, 0xF0, 0x00, 0x28, 0x0F, 0xC0, 0x00, 0x0F, 0xF0, 0x00, 0xFF, 0xFF,
    0x80, 0x00, 0x0F, 0xF0, 0x00, 0xFF, 0xFE, 0x00, 0x02, 0xFF, 0xFF, 0xC0, 0xBF, 0xF8, 0x00, 0x02,
    0xFF, 0xFF, 0xC0, 0x09, 0x00, 0x00, 0x00, 0x00, 0x0F, 0x80, 0x00, 0x00, 0x00, 0x00, 0x00, 0x2F,
    0x00, 0x00, 0x00, 0x00, 0x00, 0x00, 0x3D, 0x00, 0x00, 0x00, 0x00, 0x00, 0x00, 0xFC, 0x00, 0x00,
    0x00, 0x00, 0x00, 0x00, 0xF0, 0x00, 0x00, 0x00, 0x00, 0x00, 0x03, 0xE0, 0x00, 0x00, 0x2A, 0xAA,
    0xAA, 0xAA, 0x00, 0x00, 0x3F, 0xFF, 0xFF, 0xFF, 0x00, 0x00, 0x03, 0xC0, 0x0B, 0xF0, 0x00, 0x00,
    0x03, 0xC0, 0x0B, 0xF0, 0x00, 0x00, 0x03, 0xC0, 0x0B, 0xF0, 0x00, 0x00, 0x03, 0xC0, 0x0B, 0xF0,
    0x00, 0x00, 0x03, 0xC0, 0x0B, 0xF0, 0x00, 0x00, 0x03, 0xC0, 0x0B, 0xF0, 0x00, 0x00, 0x03, 0xC0,
    0x0B, 0xF0, 0x00, 0x00, 0x03, 0x80, 0x0B, 0xF0, 0x00, 0x00, 0x0B, 0x80, 0x0B, 0xF0, 0x00, 0x00,
    0x0B, 0x80, 0x0B, 0xF0, 0x00, 0x00, 0x0F, 0x00, 0x0B, 0xF0, 0x00, 0x00, 0x0F, 0x00, 0x0B, 0xF0,
    0x00, 0x28, 0x2F, 0x00, 0x0B, 0xF0, 0x00, 0xBF, 0xBC, 0x00, 0x0B, 0xF0, 0x00, 0xFF, 0xF8, 0x00,
    0xAF, 0xFE, 0x00, 0xBF, 0xE0, 0x00, 0xFF, 0xFF, 0x80, 0x00, 0x00, 0x00, 0x00, 0x0F, 0x00, 0x00,
    0x00, 0x00, 0x00, 0x3E, 0x00, 0x00, 0x00, 0x00, 0x00, 0xBC, 0x00, 0x00, 0x00, 0x00, 0x00, 0xF4,
    0x00, 0x00, 0x00, 0x00, 0x02, 0xF0, 0x00, 0x00, 0x00, 0x00, 0x00, 0x40, 0x00, 0x55, 0x55, 0x40,
    0x00, 0x55, 0x55, 0x00, 0xFF, 0xFF, 0xC0, 0x02, 0xFF, 0xFF, 0x80, 0x6F, 0xFE, 0x40, 0x00, 0xAF,
    0xFA, 0x00, 0x03, 0xF8, 0x00, 0x00, 0x0F, 0xF0, 0x00, 0x03, 0xF8, 0x00, 0x00, 0x0F, 0xF0, 0x00,
    0x03, 0xF8, 0x00, 0x00, 0x0F, 0xF0, 0x00, 0x03, 0xF8, 0x00, 0x00, 0x0F, 0xF0, 0x00, 0x03, 0xF8,
    0x00, 0x00, 0x0F, 0xF0, 0x00, 0x03, 0xF8, 0x00, 0x00, 0x0F, 0xF0, 0x00, 0x03, 0xF8, 0x00, 0x00,
    0x0F, 0xF0, 0x00, 0x03, 0xF8, 0x00, 0x00, 0x0F, 0xF0, 0x00, 0x03, 0xFF, 0xFF, 0xFF, 0xFF, 0xF0,
    0x00, 0x03, 0xFF, 0xFF, 0xFF, 0xFF, 0xF0, 0x00, 0x03, 0xF8, 0x00, 0x00, 0x0F, 0xF0, 0x00, 0x03,
    0xF8, 0x00, 0x00, 0x0F, 0xF0, 0x00, 0x03, 0xF8, 0x00, 0x00, 0x0F, 0xF0, 0x00, 0x03, 0xF8, 0x00,
    0x00, 0x0F, 0xF0, 0x00, 0x03, 0xF8, 0x00, 0x00, 0x0F, 0xF0, 0x00, 0x03, 0xF8, 0x00, 0x00, 0x0F,
    0xF0, 0x00, 0x03, 0xF8, 0x00, 0x00, 0x0F, 0xF0, 0x00, 0x03, 0xF8, 0x00, 0x00, 0x0F, 0xF0, 0x00,
    0x03, 0xF8, 0x00, 0x00, 0x0F, 0xF0, 0x00, 0x0B, 0xF8, 0x00, 0x00, 0x0F, 0xF0, 0x00, 0xFF, 0xFF,
    0xC0, 0x00, 0x0F, 0xF0, 0x00, 0xFF, 0xFF, 0xC0, 0x00, 0x0F, 0xF0, 0x00, 0x00, 0x00, 0x00, 0x00,
    0x0F, 0xF0, 0x00, 0x00, 0x00, 0x00, 0x00, 0x0F, 0xE0, 0x00, 0x00, 0x00, 0x00, 0x00, 0x2F, 0xC0,
    0x00, 0x00, 0x00, 0x00, 0x00, 0x3F, 0x80, 0x00, 0x00, 0x00, 0x00, 0x00, 0xFF, 0x00, 0x00, 0x00,
    0x00, 0x02, 0xAB, 0xF8, 0x00, 0x00, 0x00, 0x00, 0x02, 0xFF, 0x80, 0x00, 0x00, 0x00, 0x00, 0x00,
    0x00, 0x00, 0x00, 0x00, 0x2A, 0xAA, 0x80, 0x2A, 0xAA, 0x00, 0x3F, 0xFF, 0xC0, 0xBF, 0xFF, 0x80,
    0x03, 0xFC, 0x00, 0x07, 0xF8, 0x00, 0x03, 0xF8, 0x00, 0x03, 0xF0, 0x00, 0x03, 0xF8, 0x00, 0x03,
    0xF0, 0x00, 0x03, 0xF8, 0x00, 0x03, 0xF0, 0x00, 0x03, 0xF8, 0x00, 0x03, 0xF0, 0x00, 0x03, 0xF8,
    0x00, 0x03, 0xF0, 0x00, 0x03, 0xFF, 0xFF, 0xFF, 0xF0, 0x00, 0x03, 0xFE, 0xAA, 0xAB, 0xF0, 0x00,
    0x03, 0xF8, 0x00, 0x03, 0xF0, 0x00, 0x03, 0xF8, 0x00, 0x03, 0xF0, 0x00, 0x03, 0xF8, 0x00, 0x03,
    0xF0, 0x00, 0x03, 0xF8, 0x00, 0x03, 0xF0, 0x00, 0x03, 0xF8, 0x00, 0x03, 0xF0, 0x00, 0x03, 0xF8,
    0x00, 0x03, 0xF0, 0x00, 0x2F, 0xFE, 0x80, 0x03, 0xF0, 0x00, 0x3F, 0xFF, 0xC0, 0x03, 0xF0, 0x00,
    0x00, 0x00, 0x00, 0x07, 0xF0, 0x00, 0x00, 0x00, 0x00, 0x0B, 0xF0, 0x00, 0x00, 0x00, 0x00, 0x0F,
    0xE0, 0x00, 0x00, 0x00, 0x00, 0x2F, 0xC0, 0x00, 0x00, 0x00, 0x00, 0xBF, 0x00, 0x00, 0x00, 0x00,
    0x2B, 0xFC, 0x00, 0x00, 0x00, 0x00, 0x7F, 0xE0, 0x00, 0x00, 0x00, 0x00, 0x00, 0x00, 0x00, 0x00,
    0x55, 0x55, 0x40, 0x00, 0x55, 0x55, 0x00, 0xFF, 0xFF, 0xC0, 0x02, 0xFF, 0xFF, 0x80, 0x6F, 0xFE,
    0x40, 0x00, 0xAF, 0xFA, 0x00, 0x03, 0xF8, 0x00, 0x00, 0x0F, 0xF0, 0x00, 0x03, 0xF8, 0x00, 0x00,
    0x0F, 0xF0, 0x00, 0x03, 0xF8, 0x00, 0x00, 0x0F, 0xF0, 0x00, 0x03, 0xF8, 0x00, 0x00, 0x0F, 0xF0,
    0x00, 0x03, 0xF8, 0x00, 0x00, 0x0F, 0xF0, 0x00, 0x03, 0xF8, 0x00, 0x00, 0x0F, 0xF0, 0x00, 0x03,
    0xF8, 0x00, 0x00, 0x0F, 0xF0, 0x00, 0x03, 0xF8, 0x00, 0x00, 0x0F, 0xF0, 0x00, 0x03, 0xFF, 0xFF,
    0xFF, 0xFF, 0xF0, 0x00, 0x03, 0xFF, 0xFF, 0xFF, 0xFF, 0xF0, 0x00, 0x03, 0xF8, 0x00, 0x00, 0x0F,
    0xF0, 0x00, 0x03, 0xF8, 0x00, 0x00, 0x0F, 0xF0, 0x00, 0x03, 0xF8, 0x00, 0x00, 0x0F, 0xF0, 0x00,
    0x03, 0xF8, 0x00, 0x00, 0x0F, 0xF0, 0x00, 0x03, 0xF8, 0x00, 0x00, 0x0F, 0xF0, 0x00, 0x03, 0xF8,
    0x00, 0x00, 0x0F, 0xF0, 0x00, 0x03, 0xF8, 0x00, 0x00, 0x0F, 0xF0, 0x00, 0x03, 0xF8, 0x00, 0x00,
    0x0F, 0xF0, 0x00, 0x03, 0xF8, 0x00, 0x00, 0x0F, 0xF0, 0x00, 0x0B, 0xF8, 0x00, 0x00, 0x0F, 0xF0,
    0x00, 0xFF, 0xFF, 0xC0, 0x02, 0xFF, 0xFF, 0xC0, 0xFF, 0xFF, 0xC0, 0x02, 0xFF, 0xFF, 0xC0, 0x00,
    0x00, 0x00, 0x00, 0x00, 0x0F, 0x00, 0x00, 0x00, 0x00, 0x00, 0x00, 0x3F, 0x00, 0x00, 0x00, 0x00,
    0x00, 0x00, 0x7C, 0x00, 0x00, 0x00, 0x00, 0x00, 0x00, 0xF8, 0x00, 0x00, 0x00, 0x00, 0x00, 0x02,
    0xF0, 0x00, 0x00, 0x00, 0x00, 0x00, 0x03, 0xD0, 0x00, 0x2A, 0xAA, 0x80, 0x2A, 0xAA, 0x00, 0x3F,
    0xFF, 0xC0, 0xBF, 0xFF, 0x80, 0x03, 0xFC, 0x00, 0x07, 0xF8, 0x00, 0x03, 0xF8, 0x00, 0x03, 0xF0,
    0x00, 0x03, 0xF8, 0x00, 0x03, 0xF0, 0x00, 0x03, 0xF8, 0x00, 0x03, 0xF0, 0x00, 0x03, 0xF8, 0x00,
    0x03, 0xF0, 0x00, 0x03, 0xF8, 0x00, 0x03, 0xF0, 0x00, 0x03, 0xFF, 0xFF, 0xFF, 0xF0, 0x00, 0x03,
    0xFE, 0xAA, 0xAB, 0xF0, 0x00, 0x03, 0xF8, 0x00, 0x03, 0xF0, 0x00, 0x03, 0xF8, 0x00, 0x03, 0xF0,
    0x00, 0x03, 0xF8, 0x00, 0x03, 0xF0, 0x00, 0x03, 0xF8, 0x00, 0x03, 0xF0, 0x00, 0x03, 0xF8, 0x00,
    0x03, 0xF0, 0x00, 0x03, 0xF8, 0x00, 0x03, 0xF0, 0x00, 0x2F, 0xFE, 0x80, 0x2F, 0xFF, 0x80, 0x3F,
    0xFF, 0xC0, 0xBF, 0xFF, 0x80, 0x00, 0x00, 0x00, 0x00, 0x0F, 0x00, 0x00, 0x00, 0x00, 0x00, 0x2E,
    0x00, 0x00, 0x00, 0x00, 0x00, 0x3C, 0x00, 0x00, 0x00, 0x00, 0x00, 0xF8, 0x00, 0x00, 0x00, 0x00,
    0x01, 0xF0, 0x00, 0x00, 0x00, 0x00, 0x00, 0x40, 0x00, 0x15, 0x55, 0x50, 0x05, 0x55, 0x50, 0x3F,
    0xFF, 0xF0, 0x1F, 0xFF, 0xF8, 0x0B, 0xFF, 0x90, 0x06, 0xFF, 0x90, 0x00, 0xFE, 0x00, 0x00, 0xFF,
    0x00, 0x00, 0xFE, 0x00, 0x00, 0xFF, 0x00, 0x00, 0xFE, 0x00, 0x00, 0xFF, 0x00, 0x00, 0xFE, 0x00,
    0x00, 0xFF, 0x00, 0x00, 0xFE, 0x00, 0x00, 0xFF, 0x00, 0x00, 0xFE, 0x00, 0x00, 0xFF, 0x00, 0x00,
    0xFE, 0x00, 0x00, 0xFF, 0x00, 0x00, 0xFE, 0x00, 0x00, 0xFF, 0x00, 0x00, 0xFF, 0x00, 0x02, 0xFF,
    0x00, 0x00, 0xFF, 0x80, 0x7F, 0xFF, 0x00, 0x00, 0xBF, 0xFF, 0xFF, 0xFF, 0x00, 0x00, 0x3F, 0xFF,
    0xF8, 0xFF, 0x00, 0x00, 0x0B, 0xFE, 0x40, 0xFF, 0x00, 0x00, 0x00, 0x00, 0x00, 0xFF, 0x00, 0x00,
    0x00, 0x00, 0x00, 0xFF, 0x00, 0x00, 0x00, 0x00, 0x00, 0xFF, 0x00, 0x00, 0x00, 0x00, 0x00, 0xFF,
    0x00, 0x00, 0x00, 0x00, 0x00, 0xFF, 0x00, 0x00, 0x00, 0x00, 0x00, 0xFF, 0x00, 0x00, 0x00, 0x00,
    0x00, 0xFF, 0x00, 0x00, 0x00, 0x00, 0x0F, 0xFF, 0xF8, 0x00, 0x00, 0x00, 0x2F, 0xFF, 0xF8, 0x00,
    0x00, 0x00, 0x1F, 0xFE, 0x00, 0x00, 0x00, 0x00, 0x1F, 0xF0, 0x00, 0x00, 0x00, 0x00, 0x1F, 0xC0,
    0x00, 0x00, 0x00, 0x00, 0x1F, 0x80, 0x00, 0x00, 0x00, 0x00, 0x1F, 0x00, 0x00, 0x00, 0x00, 0x00,
    0x1F, 0x00, 0x00, 0x00, 0x00, 0x00, 0x1E, 0x00, 0x00, 0x00, 0x00, 0x00, 0x00, 0x00, 0x00, 0x2A,
    0xAA, 0x46, 0xAA, 0xA0, 0x3F, 0xFF, 0x8B, 0xFF, 0xF0, 0x03, 0xFC, 0x00, 0xFF, 0x00, 0x03, 0xF8,
    0x00, 0xBF, 0x00, 0x03, 0xF8, 0x00, 0xBF, 0x00, 0x03, 0xF8, 0x00, 0xBF, 0x00, 0x03, 0xF8, 0x00,
    0xBF, 0x00, 0x03, 0xF8, 0x00, 0xBF, 0x00, 0x02, 0xFC, 0x00, 0xFF, 0x00, 0x02, 0xFF, 0xAF, 0xFF,
    0x00, 0x00, 0xBF, 0xFE, 0xFF, 0x00, 0x00, 0x06, 0x90, 0xBF, 0x00, 0x00, 0x00, 0x00, 0xBF, 0x00,
    0x00, 0x00, 0x00, 0xBF, 0x00, 0x00, 0x00, 0x00, 0xBF, 0x00, 0x00, 0x00, 0x00, 0xBF, 0x00, 0x00,
    0x00, 0x0A, 0xFF, 0xE0, 0x00, 0x00, 0x0F, 0xFF, 0xF0, 0x00, 0x00, 0x0B, 0xF8, 0x00, 0x00, 0x00,
    0x0B, 0xE0, 0x00, 0x00, 0x00, 0x0B, 0xC0, 0x00, 0x00, 0x00, 0x0B, 0x80, 0x00, 0x00, 0x00, 0x0B,
    0x00, 0x00, 0x00, 0x00, 0x06, 0x00, 0x00, 0x15, 0x55, 0x40, 0x00, 0x00, 0x05, 0x55, 0x50, 0x3F,
    0xFF, 0xC0, 0x00, 0x00, 0x0F, 0xFF, 0xF0, 0x0B, 0xFF, 0xE0, 0x00, 0x00, 0x0F, 0xFF, 0x90, 0x00,
    0xFF, 0xF0, 0x00, 0x00, 0x2F, 0xFE, 0x00, 0x00, 0xFB, 0xF0, 0x00, 0x00, 0x3E, 0xFE, 0x00, 0x00,
    0xF3, 0xF8, 0x00, 0x00, 0x3C, 0xFE, 0x00, 0x00, 0xF3, 0xFC, 0x00, 0x00, 0xB8, 0xFE, 0x00, 0x00,
    0xF2, 0xFD, 0x00, 0x00, 0xF0, 0xFE, 0x00, 0x00, 0xF0, 0xFF, 0x00, 0x02, 0xF0, 0xFE, 0x00, 0x00,
    0xF0, 0xBF, 0x00, 0x03, 0xE0, 0xFE, 0x00, 0x00, 0xF0, 0x7F, 0x80, 0x03, 0xC0, 0xFE, 0x00, 0x00,
    0xF0, 0x3F, 0xC0, 0x0B, 0xC0, 0xFE, 0x00, 0x00, 0xF0, 0x2F, 0xC0, 0x0F, 0x80, 0xFE, 0x00, 0x00,
    0xF0, 0x0F, 0xE0, 0x0F, 0x00, 0xFE, 0x00, 0x00, 0xF0, 0x0F, 0xF0, 0x2E, 0x00, 0xFE, 0x00, 0x00,
    0xF0, 0x0B, 0xF0, 0x3C, 0x00, 0xFE, 0x00, 0x00, 0xF0, 0x03, 0xF8, 0xBC, 0x00, 0xFE, 0x00, 0x00,
    0xF0, 0x03, 0xFC, 0xF8, 0x00, 0xFE, 0x00, 0x00, 0xF0, 0x02, 0xFE, 0xF0, 0x00, 0xFE, 0x00, 0x00,
    0xF0, 0x00, 0xFF, 0xF0, 0x00, 0xFE, 0x00, 0x00, 0xF0, 0x00, 0xBF, 0xE0, 0x00, 0xFE, 0x00, 0x00,
    0xF0, 0x00, 0x7F, 0xC0, 0x00, 0xFE, 0x00, 0x01, 0xF0, 0x00, 0x3F, 0xC0, 0x00, 0xFF, 0x00, 0x3F,
    0xFF, 0xC0, 0x2F, 0x40, 0x2F, 0xFF, 0xF8, 0x3F, 0xFF, 0xC0, 0x0F, 0x00, 0x2F, 0xFF, 0xF8, 0x00,
    0x00, 0x00, 0x00, 0x00, 0x00, 0x02, 0xF0, 0x00, 0x00, 0x00, 0x00, 0x00, 0x00, 0x03, 0xE0, 0x00,
    0x00, 0x00, 0x00, 0x00, 0x00, 0x0B, 0xC0, 0x00, 0x00, 0x00, 0x00, 0x00, 0x00, 0x0F, 0x00, 0x00,
    0x00, 0x00, 0x00, 0x00, 0x00, 0x3E, 0x00, 0x00, 0x00, 0x00, 0x00, 0x00, 0x00, 0xBC, 0x00, 0x2A,
    0xA8, 0x00, 0x00, 0x0A, 0xAA, 0x40, 0x3F, 0xFE, 0x00, 0x00, 0x2F, 0xFF, 0x80, 0x03, 0xFF, 0x00,
    0x00, 0x3F, 0xF8, 0x00, 0x03, 0xFF, 0x00, 0x00, 0x7F, 0xF8, 0x00, 0x03, 0xEF, 0x80, 0x00, 0xFB,
    0xF8, 0x00, 0x03, 0xCF, 0xC0, 0x00, 0xF3, 0xF8, 0x00, 0x03, 0xCB, 0xE0, 0x02, 0xE3, 0xF8, 0x00,
    0x03, 0xC3, 0xF0, 0x03, 0xC3, 0xF8, 0x00, 0x03, 0xC3, 0xF0, 0x07, 0x83, 0xF8, 0x00, 0x03, 0xC1,
    0xF8, 0x0F, 0x03, 0xF8, 0x00, 0x03, 0xC0, 0xFC, 0x0F, 0x03, 0xF8, 0x00, 0x03, 0xC0, 0xBE, 0x2E,
    0x03, 0xF8, 0x00, 0x03, 0xC0, 0x3F, 0x3C, 0x03, 0xF8, 0x00, 0x03, 0xC0, 0x3F, 0xF8, 0x03, 0xF8,
    0x00, 0x03, 0xC0, 0x1F, 0xF0, 0x03, 0xF8, 0x00, 0x03, 0xC0, 0x0F, 0xF0, 0x03, 0xF8, 0x00, 0x2F,
    0xF8, 0x0B, 0xE0, 0x2F, 0xFF, 0x80, 0x3F, 0xFC, 0x03, 0xC0, 0x3F, 0xFF, 0xC0, 0x00, 0x00, 0x00,
    0x00, 0x00, 0x0F, 0x40, 0x00, 0x00, 0x00, 0x00, 0x00, 0x2F, 0x00, 0x00, 0x00, 0x00, 0x00, 0x00,
    0x3C, 0x00, 0x00, 0x00, 0x00, 0x00, 0x00, 0xB8, 0x00, 0x00, 0x00, 0x00, 0x00, 0x00, 0xF0, 0x00,
    0x00, 0x00, 0x00, 0x00, 0x00, 0x40, 0x00, 0x3F, 0xFF, 0xF0, 0x2F, 0xFF, 0xA0, 0x02, 0xFC, 0x00,
    0x01, 0xFC, 0x00, 0x01, 0xFC, 0x00, 0x01, 0xFC, 0x00, 0x01, 0xFC, 0x00, 0x01, 0xFC, 0x00, 0x01,
    0xFC, 0x00, 0x01, 0xFC, 0x00, 0x01, 0xFC, 0x00, 0x01, 0xFC, 0x00, 0x01, 0xFC, 0x00, 0x01, 0xFC,
    0x00, 0x01, 0xFC, 0x00, 0x01, 0xFC, 0x00, 0x01, 0xFC, 0x00, 0x01, 0xFC, 0x00, 0x01, 0xFC, 0x00,
    0x01, 0xFC, 0x00, 0x01, 0xFC, 0x00, 0x01, 0xFC, 0x00, 0x01, 0xFC, 0x00, 0x02, 0xFC, 0x00, 0x2B,
    0xFF, 0xA0, 0x3F, 0xFF, 0xF0, 0x00, 0x00, 0xA0, 0x0A, 0x00, 0x00, 0x00, 0x00, 0x03, 0xF8, 0x2F,
    0xC0, 0x00, 0x00, 0x00, 0x03, 0xF0, 0x0F, 0xC0, 0x00, 0x00, 0x00, 0x03, 0xC0, 0x03, 0xC0, 0x00,
    0x00, 0x00, 0x00, 0xF8, 0x2F, 0x00, 0x00, 0x00, 0x00, 0x00, 0x2F, 0xF8, 0x00, 0x00, 0x00, 0x00,
    0x00, 0x00, 0x00, 0x00, 0x00, 0x00, 0x00, 0x00, 0x00, 0x00, 0x00, 0x00, 0x00, 0x00, 0x00, 0x0B,
    0xE0, 0x00, 0x00, 0x00, 0x00, 0x00, 0x0F, 0xF0, 0x00, 0x00, 0x00, 0x00, 0x00, 0x0F, 0xF4, 0x00,
    0x00, 0x00, 0x00, 0x00, 0x2F, 0xFC, 0x00, 0x00, 0x00, 0x00, 0x00, 0x3F, 0xFC, 0x00, 0x00, 0x00,
    0x00, 0x00, 0xBF, 0xFE, 0x00, 0x00, 0x00, 0x00, 0x00, 0xFC, 0xFF, 0x00, 0x00, 0x00, 0x00, 0x00,
    0xF4, 0xFF, 0x00, 0x00, 0x00, 0x00, 0x02, 0xF0, 0x7F, 0x80, 0x00, 0x00, 0x00, 0x03, 0xE0, 0x3F,
    0xC0, 0x00, 0x00, 0x00, 0x03, 0xC0, 0x2F, 0xD0, 0x00, 0x00, 0x00, 0x0B, 0xC0, 0x0F, 0xF0, 0x00,
    0x00, 0x00, 0x0F, 0x80, 0x0F, 0xF0, 0x00, 0x00, 0x00, 0x1F, 0x00, 0x0B, 0xF8, 0x00, 0x00, 0x00,
    0x3F, 0xFF, 0xFF, 0xFC, 0x00, 0x00, 0x00, 0x3F, 0xFF, 0xFF, 0xFC, 0x00, 0x00, 0x00, 0xBC, 0x00,
    0x02, 0xFE, 0x00, 0x00, 0x00, 0xF8, 0x00, 0x00, 0xFF, 0x00, 0x00, 0x00, 0xF0, 0x00, 0x00, 0xBF,
    0x40, 0x00, 0x02, 0xF0, 0x00, 0x00, 0x3F, 0xC0, 0x00, 0x03, 0xE0, 0x00, 0x00, 0x3F, 0xC0, 0x00,
    0x03, 0xC0, 0x00, 0x00, 0x2F, 0xE0, 0x00, 0x0B, 0xC0, 0x00, 0x00, 0x0F, 0xF0, 0x00, 0xFF, 0xFD,
    0x00, 0x02, 0xFF, 0xFF, 0x00, 0xFF, 0xFE, 0x00, 0x02, 0xFF, 0xFF, 0x00, 0x02, 0xE0, 0x0A, 0x40,
    0x00, 0x03, 0xF8, 0x2F, 0xC0, 0x00, 0x03, 0xF0, 0x0F, 0xC0, 0x00, 0x03, 0xC0, 0x03, 0xC0, 0x00,
    0x00, 0xF8, 0x2F, 0x00, 0x00, 0x00, 0x2F, 0xF8, 0x00, 0x00, 0x00, 0x00, 0x00, 0x00, 0x00, 0x00,
    0x00, 0x00, 0x00, 0x00, 0x00, 0x6F, 0xFE, 0x00, 0x00, 0x0B, 0xFF, 0xFF, 0xC0, 0x00, 0x2F, 0xC0,
    0x2F, 0xF0, 0x00, 0x3F, 0xC0, 0x0B, 0xF0, 0x00, 0x3F, 0xC0, 0x03, 0xF0, 0x00, 0x0A, 0x80, 0x03,
    0xF0, 0x00, 0x00, 0x00, 0x03, 0xF0, 0x00, 0x00, 0x01, 0xBF, 0xF0, 0x00, 0x00, 0xBF, 0xEB, 0xF0,
    0x00, 0x0B, 0xFD, 0x03, 0xF0, 0x00, 0x3F, 0xD0, 0x03, 0xF0, 0x00, 0xBF, 0x40, 0x03, 0xF0, 0x00,
    0xBF, 0x00, 0x03, 0xF0, 0x00, 0xFF, 0x00, 0x03, 0xF0, 0x00, 0xBF, 0x00, 0x0B, 0xF0, 0x00, 0xBF,
    0xC0, 0xBF, 0xF4, 0x00, 0x3F, 0xFF, 0xF3, 0xFE, 0x80, 0x0B, 0xFF, 0x03, 0xFF, 0xC0, 0x00, 0x00,
    0x00, 0x00, 0x00, 0x00, 0x00, 0x00, 0x00, 0x00, 0x00, 0x00, 0x00, 0x03, 0xF0, 0x0F, 0xD0, 0x00,
    0x00, 0x00, 0x0B, 0xF0, 0x0F, 0xE0, 0x00, 0x00, 0x00, 0x0B, 0xF0, 0x0F, 0xE0, 0x00, 0x00, 0x00,
    0x02, 0xD0, 0x07, 0x80, 0x00, 0x00, 0x00, 0x00, 0x00, 0x00, 0x00, 0x00, 0x00, 0x00, 0x00, 0x00,
    0x00, 0x00, 0x00, 0x00, 0x00, 0x00, 0x00, 0x00, 0x00, 0x00, 0x00, 0x00, 0x00, 0x0B, 0xE0, 0x00,
    0x00, 0x00, 0x00, 0x00, 0x0F, 0xF0, 0x00, 0x00, 0x00, 0x00, 0x00, 0x0F, 0xF4, 0x00, 0x00, 0x00,
    0x00, 0x00, 0x2F, 0xFC, 0x00, 0x00, 0x00, 0x00, 0x00, 0x3F, 0xFC, 0x00, 0x00, 0x00, 0x00, 0x00,
    0xBF, 0xFE, 0x00, 0x00, 0x00, 0x00, 0x00, 0xFC, 0xFF, 0x00, 0x00, 0x00, 0x00, 0x00, 0xF4, 0xFF,
    0x00, 0x00, 0x00, 0x00, 0x02, 0xF0, 0x7F, 0x80, 0x00, 0x00, 0x00, 0x03, 0xE0, 0x3F, 0xC0, 0x00,
    0x00, 0x00, 0x03, 0xC0, 0x2F, 0xD0, 0x00, 0x00, 0x00, 0x0B, 0xC0, 0x0F, 0xF0, 0x00, 0x00, 0x00,
    0x0F, 0x80, 0x0F, 0xF0, 0x00, 0x00, 0x00, 0x1F, 0x00, 0x0B, 0xF8, 0x00, 0x00, 0x00, 0x3F, 0xFF,
    0xFF, 0xFC, 0x00, 0x00, 0x00, 0x3F, 0xFF, 0xFF, 0xFC, 0x00, 0x00, 0x00, 0xBC, 0x00, 0x02, 0xFE,
    0x00, 0x00, 0x00, 0xF8, 0x00, 0x00, 0xFF, 0x00, 0x00, 0x00, 0xF0, 0x00, 0x00, 0xBF, 0x40, 0x00,
    0x02, 0xF0, 0x00, 0x00, 0x3F, 0xC0, 0x00, 0x03, 0xE0, 0x00, 0x00, 0x3F, 0xC0, 0x00, 0x03, 0xC0,
    0x00, 0x00, 0x2F, 0xE0, 0x00, 0x0B, 0xC0, 0x00, 0x00, 0x0F, 0xF0, 0x00, 0xFF, 0xFD, 0x00, 0x02,
    0xFF, 0xFF, 0x00, 0xFF, 0xFE, 0x00, 0x02, 0xFF, 0xFF, 0x00, 0x00, 0x00, 0x00, 0x00, 0x00, 0x03,
    0xF0, 0x0F, 0xC0, 0x00, 0x0B, 0xF0, 0x0F, 0xE0, 0x00, 0x0B, 0xF0, 0x0F, 0xE0, 0x00, 0x02, 0xD0,
    0x0B, 0x80, 0x00, 0x00, 0x00, 0x00, 0x00, 0x00, 0x00, 0x00, 0x00, 0x00, 0x00, 0x00, 0x00, 0x00,
    0x00, 0x00, 0x00, 0x6F, 0xFE, 0x00, 0x00, 0x0B, 0xFF, 0xFF, 0xC0, 0x00, 0x2F, 0xC0, 0x2F, 0xF0,
    0x00, 0x3F, 0xC0, 0x0B, 0xF0, 0x00, 0x3F, 0xC0, 0x03, 0xF0, 0x00, 0x0A, 0x80, 0x03, 0xF0, 0x00,
    0x00, 0x00, 0x03, 0xF0, 0x00, 0x00, 0x01, 0xBF, 0xF0, 0x00, 0x00, 0xBF, 0xEB, 0xF0, 0x00, 0x0B,
    0xFD, 0x03, 0xF0, 0x00, 0x3F, 0xD0, 0x03, 0xF0, 0x00, 0xBF, 0x40, 0x03, 0xF0, 0x00, 0xBF, 0x00,
    0x03, 0xF0, 0x00, 0xFF, 0x00, 0x03, 0xF0, 0x00, 0xBF, 0x00, 0x0B, 0xF0, 0x00, 0xBF, 0xC0, 0xBF,
    0xF4, 0x00, 0x3F, 0xFF, 0xF3, 0xFE, 0x80, 0x0B, 0xFF, 0x03, 0xFF, 0xC0, 0x00, 0x00, 0x00, 0x00,
    0x00, 0x00, 0x00, 0x00, 0x55, 0x55, 0x55, 0x55, 0x54, 0x00, 0x00, 0x00, 0x00, 0xFF, 0xFF, 0xFF,
    0xFF, 0xFC, 0x00, 0x00, 0x00, 0x00, 0x2F, 0xFF, 0xEA, 0xAA, 0xFC, 0x00, 0x00, 0x00, 0x00, 0x0F,
    0xBF, 0xC0, 0x00, 0xBC, 0x00, 0x00, 0x00, 0x00, 0x2F, 0x3F, 0xC0, 0x00, 0x3C, 0x00, 0x00, 0x00,
    0x00, 0x3E, 0x3F, 0xC0, 0x00, 0x3C, 0x00, 0x00, 0x00, 0x00, 0xFC, 0x3F, 0xC0, 0x00, 0x00, 0x00,
    0x00, 0x00, 0x02, 0xF0, 0x3F, 0xC0, 0x00, 0x00, 0x00, 0x00, 0x00, 0x03, 0xE0, 0x3F, 0xC0, 0x0B,
    0x00, 0x00, 0x00, 0x00, 0x0B, 0xC0, 0x3F, 0xC0, 0x0F, 0x00, 0x00, 0x00, 0x00, 0x0F, 0x40, 0x3F,
    0xC0, 0x0F, 0x00, 0x00, 0x00, 0x00, 0x3F, 0x00, 0x3F, 0xEA, 0xBF, 0x00, 0x00, 0x00, 0x00, 0xBC,
    0x00, 0x3F, 0xFF, 0xFF, 0x00, 0x00, 0x00, 0x00, 0xF8, 0x00, 0x3F, 0xC0, 0x1F, 0x00, 0x00, 0x00,
    0x03, 0xFF, 0xFF, 0xFF, 0xC0, 0x0F, 0x00, 0x00, 0x00, 0x0B, 0xFF, 0xFF, 0xFF, 0xC0, 0x0B, 0x00,
    0x00, 0x00, 0x0F, 0xC0, 0x00, 0x3F, 0xC0, 0x01, 0x00, 0x00, 0x00, 0x2F, 0x00, 0x00, 0x3F, 0xC0,
    0x00, 0x00, 0x00, 0x00, 0x3E, 0x00, 0x00, 0x3F, 0xC0, 0x00, 0x00, 0x00, 0x00, 0xFC, 0x00, 0x00,
    0x3F, 0xC0, 0x00, 0x0F, 0x80, 0x02, 0xF0, 0x00, 0x00, 0x3F, 0xC0, 0x00, 0x0F, 0x80, 0x03, 0xE0,
    0x00, 0x00, 0x3F, 0xC0, 0x00, 0x0F, 0x80, 0x0B, 0xC0, 0x00, 0x00, 0x3F, 0xC0, 0x00, 0x1F, 0x80,
    0xFF, 0xFC, 0x00, 0x07, 0xFF, 0xFF, 0xFF, 0xFF, 0x80, 0xFF, 0xFC, 0x00, 0x0B, 0xFF, 0xFF, 0xFF,
    0xFF, 0x80, 0x00, 0x00, 0x00, 0x00, 0x00, 0x00, 0x00, 0xAF, 0xF8, 0x02, 0xFF, 0x40, 0x0B, 0xFF,
    0xFF, 0xAF, 0xFF, 0xF0, 0x2F, 0xC0, 0x2F, 0xFD, 0x07, 0xF8, 0x3F, 0xC0, 0x0F, 0xF8, 0x02, 0xFC,
    0x3F, 0xC0, 0x0F, 0xF0, 0x00, 0xFE, 0x0A, 0x80, 0x0B, 0xF0, 0x00, 0xFE, 0x00, 0x00, 0x0F, 0xF0,
    0x00, 0xFE, 0x00, 0x02, 0xBF, 0xFF, 0xFF, 0xFF, 0x00, 0xBF, 0xEF, 0xFA, 0xAA, 0xAA, 0x0B, 0xF8,
    0x0B, 0xF0, 0x00, 0x00, 0x3F, 0xC0, 0x0B, 0xF0, 0x00, 0x00, 0xBF, 0x00, 0x0B, 0xF0, 0x00, 0x00,
    0xBF, 0x00, 0x0B, 0xF0, 0x00, 0x00, 0xFF, 0x00, 0x0B, 0xF0, 0x00, 0x00, 0xBF, 0x00, 0x0F, 0xFC,
    0x00, 0x0B, 0xBF, 0xC0, 0xBF, 0xFF, 0xD0, 0xBF, 0x3F, 0xFF, 0xF0, 0xFF, 0xFF, 0xFC, 0x0F, 0xFF,
    0x40, 0x0F, 0xFF, 0xE0, 0x00, 0x00, 0x00, 0x00, 0x00, 0x00, 0x00, 0x28, 0x00, 0xA0, 0x00, 0x00,
    0xBF, 0x03, 0xF8, 0x00, 0x00, 0xBE, 0x02, 0xF8, 0x00, 0x00, 0x78, 0x00, 0xB0, 0x00, 0x00, 0x2E,
    0x42, 0xE0, 0x00, 0x00, 0x07, 0xFF, 0x00, 0x00, 0x00, 0x00, 0x00, 0x00, 0x00, 0x00, 0x00, 0x00,
    0x00, 0x00, 0x55, 0x55, 0x55, 0x55, 0x40, 0xFF, 0xFF, 0xFF, 0xFF, 0xE0, 0x2F, 0xFE, 0xAA, 0xAB,
    0xE0, 0x03, 0xF8, 0x00, 0x03, 0xE0, 0x03, 0xF8, 0x00, 0x03, 0xE0, 0x03, 0xF8, 0x00, 0x02, 0xE0,
    0x03, 0xF8, 0x00, 0x00, 0x00, 0x03, 0xF8, 0x00, 0x00, 0x00, 0x03, 0xF8, 0x00, 0x38, 0x00, 0x03,
    0xF8, 0x00, 0x7C, 0x00, 0x03, 0xF8, 0x00, 0xBC, 0x00, 0x03, 0xFE, 0xAA, 0xFC, 0x00, 0x03, 0xFF,
    0xFF, 0xFC, 0x00, 0x03, 0xF8, 0x00, 0xFC, 0x00, 0x03, 0xF8, 0x00, 0xBC, 0x00, 0x03, 0xF8, 0x00,
    0x3C, 0x00, 0x03, 0xF8, 0x00, 0x10, 0x00, 0x03, 0xF8, 0x00, 0x00, 0x00, 0x03, 0xF8, 0x00, 0x00,
    0x00, 0x03, 0xF8, 0x00, 0x00, 0x3C, 0x03, 0xF8, 0x00, 0x00, 0xBC, 0x03, 0xF8, 0x00, 0x00, 0xBC,
    0x0B, 0xF8, 0x00, 0x00, 0xFC, 0xFF, 0xFF, 0xFF, 0xFF, 0xFC, 0xFF, 0xFF, 0xFF, 0xFF, 0xFC, 0x00,
    0xA0, 0x07, 0x80, 0x02, 0xFC, 0x0F, 0xE0, 0x02, 0xF8, 0x0B, 0xE0, 0x02, 0xE0, 0x02, 0xC0, 0x00,
    0xBA, 0x1F, 0x80, 0x00, 0x1F, 0xF8, 0x00, 0x00, 0x00, 0x00, 0x00, 0x00, 0x00, 0x00, 0x00, 0x00,
    0x1B, 0xFE, 0x00, 0x00, 0xFF, 0xFF, 0xC0, 0x07, 0xF8, 0x0F, 0xF0, 0x0F, 0xC0, 0x03, 0xF8, 0x3F,
    0x80, 0x02, 0xFC, 0x3F, 0x00, 0x00, 0xFC, 0xBF, 0x00, 0x02, 0xFD, 0xBF, 0xFF, 0xFF, 0xFE, 0xFF,
    0xAA, 0xAA, 0xA8, 0xFF, 0x00, 0x00, 0x00, 0xBF, 0x00, 0x00, 0x00, 0xBF, 0x00, 0x00, 0x00, 0xBF,
    0x80, 0x00, 0x00, 0x3F, 0xC0, 0x00, 0x00, 0x2F, 0xF0, 0x00, 0x0E, 0x0F, 0xFD, 0x00, 0xBE, 0x03,
    0xFF, 0xFF, 0xF8, 0x00, 0x7F, 0xFF, 0x80, 0x00, 0x00, 0x00, 0x00, 0x00, 0x00, 0x00, 0x00, 0x00,
    0x00, 0x00, 0x0B, 0xFF, 0x80, 0x00, 0x00, 0x02, 0xFF, 0xFF, 0xFE, 0x00, 0x00, 0x0F, 0xFE, 0xAA,
    0xFF, 0xC0, 0x00, 0x3F, 0xD0, 0x00, 0x2F, 0xF0, 0x00, 0x3E, 0x00, 0x00, 0x0B, 0xFC, 0x00, 0x30,
    0x00, 0x00, 0x02, 0xFE, 0x00, 0x00, 0x00, 0x00, 0x00, 0xFF, 0x00, 0x00, 0x00, 0x00, 0x00, 0xBF,
    0x80, 0x00, 0x00, 0x00, 0x00, 0x7F, 0xC0, 0x00, 0x00, 0x00, 0x00, 0x3F, 0xC0, 0x00, 0x00, 0x00,
    0x00, 0x3F, 0xC0, 0x00, 0x00, 0x00, 0x00, 0x3F, 0xD0, 0x00, 0x00, 0x00, 0x00, 0x3F, 0xE0, 0xBF,
    0xFF, 0xFF, 0xFF, 0xFF, 0xE0, 0xBF, 0xFF, 0xFF, 0xFF, 0xFF, 0xC0, 0xBF, 0x80, 0x00, 0x00, 0x3F,
    0xC0, 0xBF, 0x80, 0x00, 0x00, 0x3F, 0xC0, 0x3F, 0xC0, 0x00, 0x00, 0xBF, 0xC0, 0x3F, 0xC0, 0x00,
    0x00, 0xFF, 0x80, 0x3F, 0xC0, 0x00, 0x00, 0xFF, 0x00, 0x1F, 0xF0, 0x00, 0x02, 0xFE, 0x00, 0x0F,
    0xF8, 0x00, 0x0B, 0xFC, 0x00, 0x03, 0xFE, 0x00, 0x2F, 0xF0, 0x00, 0x00, 0xFF, 0xFA, 0xFF, 0xC0,
    0x00, 0x00, 0x1F, 0xFF, 0xFE, 0x00, 0x00, 0x00, 0x00, 0x1A, 0x40, 0x00, 0x00, 0x00, 0x00, 0x00,
    0x00, 0x01, 0xBF, 0xE0, 0x00, 0x2F, 0xFF, 0xFF, 0x00, 0xFF, 0x96, 0xFF, 0xC0, 0xF0, 0x00, 0x2F,
    0xF0, 0x40, 0x00, 0x0B, 0xF8, 0x00, 0x00, 0x03, 0xFC, 0x00, 0x00, 0x03, 0xFC, 0x00, 0x00, 0x02,
    0xFC, 0x00, 0x00, 0x00, 0xFE, 0x00, 0x00, 0x01, 0xFE, 0xFF, 0xFF, 0xFF, 0xFC, 0xFF, 0xAA, 0xAB,
    0xFC, 0xBF, 0x00, 0x02, 0xFC, 0xBF, 0x00, 0x03, 0xF8, 0x3F, 0x80, 0x07, 0xF0, 0x2F, 0xC0, 0x1F,
    0xC0, 0x0F, 0xFA, 0xFF, 0x00, 0x02, 0xFF, 0xF8, 0x00, 0x00, 0x00, 0x00, 0x00, 0x00, 0x00, 0x00,
    0x00, 0x00, 0x00, 0x00, 0x1F, 0xC0, 0x3F, 0x00, 0x00, 0x00, 0x3F, 0xC0, 0x3F, 0x80, 0x00, 0x00,
    0x2F, 0xC0, 0x3F, 0x80, 0x00, 0x00, 0x0B, 0x00, 0x2E, 0x00, 0x00, 0x00, 0x00, 0x00, 0x00, 0x00,
    0x00, 0x00, 0x00, 0x00, 0x00, 0x00, 0x00, 0x00, 0x00, 0x00, 0x00, 0x00, 0x00, 0x00, 0x0B, 0xFF,
    0x80, 0x00, 0x00, 0x02, 0xFF, 0xFF, 0xFE, 0x00, 0x00, 0x0F, 0xFE, 0xAA, 0xFF, 0xC0, 0x00, 0x3F,
    0xD0, 0x00, 0x2F, 0xF0, 0x00, 0x3E, 0x00, 0x00, 0x0B, 0xFC, 0x00, 0x30, 0x00, 0x00, 0x02, 0xFE,
    0x00, 0x00, 0x00, 0x00, 0x00, 0xFF, 0x00, 0x00, 0x00, 0x00, 0x00, 0xBF, 0x80, 0x00, 0x00, 0x00,
    0x00, 0x7F, 0xC0, 0x00, 0x00, 0x00, 0x00, 0x3F, 0xC0, 0x00, 0x00, 0x00, 0x00, 0x3F, 0xC0, 0x00,
    0x00, 0x00, 0x00, 0x3F, 0xD0, 0x00, 0x00, 0x00, 0x00, 0x3F, 0xE0, 0xBF, 0xFF, 0xFF, 0xFF, 0xFF,
    0xE0, 0xBF, 0xFF, 0xFF, 0xFF, 0xFF, 0xC0, 0xBF, 0x80, 0x00, 0x00, 0x3F, 0xC0, 0xBF, 0x80, 0x00,
    0x00, 0x3F, 0xC0, 0x3F, 0xC0, 0x00, 0x00, 0xBF, 0xC0, 0x3F, 0xC0, 0x00, 0x00, 0xFF, 0x80, 0x3F,
    0xC0, 0x00, 0x00, 0xFF, 0x00, 0x1F, 0xF0, 0x00, 0x02, 0xFE, 0x00, 0x0F, 0xF8, 0x00, 0x0B, 0xFC,
    0x00, 0x03, 0xFE, 0x00, 0x2F, 0xF0, 0x00, 0x00, 0xFF, 0xFA, 0xFF, 0xC0, 0x00, 0x00, 0x1F, 0xFF,
    0xFE, 0x00, 0x00, 0x00, 0x00, 0x1A, 0x40, 0x00, 0x00, 0x00, 0x00, 0x00, 0x00, 0x0F, 0xC0, 0x1F,
    0xC0, 0x0F, 0xE0, 0x3F, 0xC0, 0x0F, 0xE0, 0x2F, 0xC0, 0x0B, 0x80, 0x0B, 0x40, 0x00, 0x00, 0x00,
    0x00, 0x00, 0x00, 0x00, 0x00, 0x00, 0x00, 0x00, 0x00, 0x01, 0xBF, 0xE0, 0x00, 0x2F, 0xFF, 0xFF,
    0x00, 0xFF, 0x96, 0xFF, 0xC0, 0xF0, 0x00, 0x2F, 0xF0, 0x40, 0x00, 0x0B, 0xF8, 0x00, 0x00, 0x03,
    0xFC, 0x00, 0x00, 0x03, 0xFC, 0x00, 0x00, 0x02, 0xFC, 0x00, 0x00, 0x00, 0xFE, 0x00, 0x00, 0x01,
    0xFE, 0xFF, 0xFF, 0xFF, 0xFC, 0xFF, 0xAA, 0xAB, 0xFC, 0xBF, 0x00, 0x02, 0xFC, 0xBF, 0x00, 0x03,
    0xF8, 0x3F, 0x80, 0x07, 0xF0, 0x2F, 0xC0, 0x1F, 0xC0, 0x0F, 0xFA, 0xFF, 0x00, 0x02, 0xFF, 0xF8,
    0x00, 0x00, 0x00, 0x00, 0x00, 0x00, 0x00, 0x00, 0x00, 0x00, 0x00, 0x00, 0x00, 0x00, 0x00, 0x03,
    0xF0, 0x0F, 0xD0, 0x00, 0x00, 0x00, 0x00, 0x0B, 0xF0, 0x0F, 0xE0, 0x00, 0x00, 0x00, 0x00, 0x0B,
    0xF0, 0x0F, 0xE0, 0x00, 0x00, 0x00, 0x00, 0x02, 0xE0, 0x07, 0x80, 0x00, 0x00, 0x00, 0x00, 0x00,
    0x00, 0x00, 0x00, 0x00, 0x00, 0x00, 0x00, 0x00, 0x00, 0x00, 0x00, 0x00, 0x00, 0x00, 0x00, 0x00,
    0x00, 0x00, 0x00, 0x00, 0x00, 0x1F, 0xE0, 0x00, 0x55, 0x55, 0x00, 0x0B, 0xF8, 0x3F, 0xFC, 0x02,
    0xFF, 0xFF, 0x80, 0x3F, 0xFD, 0xBF, 0xFF, 0x00, 0x6F, 0xFA, 0x00, 0xFF, 0xFE, 0x3F, 0x8F, 0x80,
    0x0F, 0xF0, 0x01, 0xF6, 0xFC, 0x08, 0x07, 0xC0, 0x0F, 0xF0, 0x03, 0xE0, 0x10, 0x00, 0x03, 0xC0,
    0x0F, 0xF0, 0x03, 0xC0, 0x00, 0x00, 0x02, 0xE0, 0x0F, 0xF0, 0x03, 0xC0, 0x00, 0x00, 0x01, 0xE0,
    0x0F, 0xF0, 0x0B, 0x80, 0x00, 0x00, 0x00, 0xF0, 0x0F, 0xF0, 0x0F, 0x00, 0x00, 0x00, 0x00, 0xF8,
    0x0F, 0xF0, 0x2F, 0x00, 0x00, 0x00, 0x00, 0x3C, 0x0F, 0xF0, 0x3D, 0x00, 0x00, 0x00, 0x00, 0x2F,
    0x0F, 0xF0, 0xFC, 0x00, 0x00, 0x00, 0x00, 0x0F, 0xFF, 0xFF, 0xF0, 0x00, 0x00, 0x00, 0x00, 0x0B,
    0xFF, 0xFF, 0xF0, 0x00, 0x00, 0x00, 0x00, 0xBF, 0xDF, 0xF7, 0xFE, 0x00, 0x00, 0x00, 0x02, 0xFF,
    0x0F, 0xF0, 0xFF, 0x80, 0x00, 0x00, 0x03, 0xFC, 0x0F, 0xF0, 0x3F, 0xC0, 0x00, 0x00, 0x0B, 0xF8,
    0x0F, 0xF0, 0x2F, 0xF0, 0x00, 0x00, 0x0F, 0xF0, 0x0F, 0xF0, 0x0F, 0xF4, 0x00, 0x00, 0x3F, 0xC0,
    0x0F, 0xF0, 0x03, 0xFC, 0x00, 0x00, 0xBF, 0x80, 0x0F, 0xF0, 0x02, 0xFE, 0x00, 0x00, 0xFF, 0x00,
    0x0F, 0xF0, 0x00, 0xFF, 0x00, 0x03, 0xFD, 0x00, 0x0F, 0xF0, 0x00, 0x3F, 0xC0, 0xBF, 0xF8, 0x02,
    0xFF, 0xFF, 0x80, 0x2F, 0xFE, 0xBF, 0xF8, 0x02, 0xFF, 0xFF, 0x80, 0x2F, 0xFF, 0x00, 0x00, 0x00,
    0x00, 0x00, 0x00, 0x00, 0x00, 0x02, 0xF8, 0x03, 0xF0, 0x00, 0x00, 0x00, 0x03, 0xFC, 0x0B, 0xF0,
    0x00, 0x00, 0x00, 0x03, 0xF8, 0x0B, 0xF0, 0x00, 0x00, 0x00, 0x00, 0xE0, 0x02, 0xE0, 0x00, 0x00,
    0x00, 0x00, 0x00, 0x00, 0x00, 0x00, 0x00, 0x00, 0x00, 0x00, 0x00, 0x00, 0x00, 0x00, 0x00, 0x00,
    0x00, 0x00, 0x00, 0x00, 0x00, 0x2F, 0xC0, 0x2A, 0xAA, 0x00, 0xFE, 0x00, 0xBF, 0xF0, 0x3F, 0xFF,
    0x83, 0xFF, 0x80, 0xBF, 0xFC, 0x07, 0xF8, 0x0F, 0xFF, 0x80, 0x3E, 0x2C, 0x03, 0xF0, 0x0F, 0x2F,
    0x00, 0x00, 0x0E, 0x03, 0xF0, 0x2E, 0x00, 0x00, 0x00, 0x0F, 0x03, 0xF0, 0x3C, 0x00, 0x00, 0x00,
    0x0B, 0x83, 0xF0, 0xB8, 0x00, 0x00, 0x00, 0x03, 0xE3, 0xF0, 0xF0, 0x00, 0x00, 0x00, 0x00, 0xFF,
    0xFF, 0xD0, 0x00, 0x00, 0x00, 0x03, 0xFF, 0xFF, 0xF0, 0x00, 0x00, 0x00, 0x0F, 0xFB, 0xFB, 0xFC,
    0x00, 0x00, 0x00, 0x2F, 0xC3, 0xF0, 0xFE, 0x00, 0x00, 0x00, 0x3F, 0x83, 0xF0, 0x7F, 0x00, 0x00,
    0x00, 0xFF, 0x03, 0xF0, 0x2F, 0xC0, 0x00, 0x02, 0xFC, 0x03, 0xF0, 0x0F, 0xE0, 0x00, 0x03, 0xF8,
    0x03, 0xF0, 0x0B, 0xF0, 0x00, 0xAF, 0xF0, 0x2F, 0xFE, 0x03, 0xFE, 0x80, 0xFF, 0xE0, 0x3F, 0xFF,
    0x82, 0xFF, 0xC0, 0x00, 0x00, 0x00, 0x00, 0x00, 0x03, 0xF0, 0x0B, 0xE0, 0x00, 0x0B, 0xF4, 0x0F,
    0xF0, 0x00, 0x0B, 0xF0, 0x0F, 0xF0, 0x00, 0x02, 0xE0, 0x03, 0x80, 0x00, 0x00, 0x00, 0x00, 0x00,
    0x00, 0x00, 0x00, 0x00, 0x00, 0x00, 0x00, 0x00, 0x00, 0x00, 0x00, 0x00, 0xAF, 0xFE, 0x00, 0x00,
    0x2F, 0xFF, 0xFF, 0xE0, 0x00, 0x3F, 0xE0, 0x1F, 0xFC, 0x00, 0x3F, 0x00, 0x02, 0xFE, 0x00, 0x3E,
    0x00, 0x00, 0xFF, 0x00, 0x3C, 0x00, 0x00, 0xBF, 0x00, 0x3C, 0x00, 0x00, 0x7F, 0x00, 0x28, 0x00,
    0x00, 0xBF, 0x00, 0x00, 0x00, 0x00, 0xFE, 0x00, 0x00, 0x00, 0x02, 0xFC, 0x00, 0x00, 0x00, 0x0B,
    0xF0, 0x00, 0x00, 0x0A, 0xFF, 0x80, 0x00, 0x00, 0x0F, 0xFF, 0x80, 0x00, 0x00, 0x0A, 0xAF, 0xF8,
    0x00, 0x00, 0x00, 0x01, 0xFF, 0x00, 0x00, 0x00, 0x00, 0x3F, 0x80, 0x00, 0x00, 0x00, 0x2F, 0xC0,
    0x00, 0x00, 0x00, 0x1F, 0xC0, 0x64, 0x00, 0x00, 0x2F, 0xC0, 0xBC, 0x00, 0x00, 0x2F, 0xC0, 0xBC,
    0x00, 0x00, 0x3F, 0xC0, 0xBC, 0x00, 0x00, 0xBF, 0x80, 0xBF, 0x00, 0x02, 0xFF, 0x00, 0xBF, 0xF9,
    0xAF, 0xFC, 0x00, 0x2F, 0xFF, 0xFF, 0xE0, 0x00, 0x00, 0x06, 0x90, 0x00, 0x00, 0x00, 0x00, 0x00,
    0x00, 0x2F, 0x80, 0x3F, 0x00, 0x3F, 0xC0, 0xBF, 0x00, 0x3F, 0xC0, 0xBF, 0x00, 0x0F, 0x00, 0x2E,
    0x00, 0x00, 0x00, 0x00, 0x00, 0x00, 0x00, 0x00, 0x00, 0x00, 0x00, 0x00, 0x00, 0x0A, 0xFF, 0xE0,
    0x00, 0xBF, 0xFF, 0xFE, 0x00, 0xBE, 0x00, 0xBF, 0x80, 0xB8, 0x00, 0x3F, 0xC0, 0xB8, 0x00, 0x2F,
    0xC0, 0x00, 0x00, 0x2F, 0xC0, 0x00, 0x00, 0x3F, 0x80, 0x00, 0x01, 0xFE, 0x00, 0x00, 0x3F, 0xF8,
    0x00, 0x00, 0x3F, 0xFE, 0x00, 0x00, 0x00, 0x3F, 0xC0, 0x00, 0x00, 0x0F, 0xE0, 0x00, 0x00, 0x0F,
    0xE0, 0xB0, 0x00, 0x0F, 0xF0, 0xF0, 0x00, 0x0F, 0xE0, 0xF8, 0x00, 0x3F, 0xC0, 0xFF, 0xAA, 0xFF,
    0x80, 0xBF, 0xFF, 0xF8, 0x00, 0x00, 0x00, 0x00, 0x00, 0x01, 0x55, 0x55, 0x55, 0x50, 0x0B, 0xFF,
    0xFF, 0xFF, 0xF8, 0x0B, 0xFF, 0xFF, 0xFF, 0xF8, 0x0B, 0xFF, 0xFF, 0xFF, 0xF0, 0x0B, 0xD0, 0x00,
    0x0F, 0xE0, 0x0B, 0xC0, 0x00, 0x3F, 0x80, 0x0B, 0x80, 0x00, 0xFE, 0x00, 0x0B, 0x80, 0x03, 0xF8,
    0x00, 0x0A, 0x00, 0x0F, 0xE0, 0x00, 0x00, 0x00, 0x2F, 0x80, 0x00, 0x00, 0x00, 0xBF, 0xA4, 0x00,
    0x00, 0x01, 0xFF, 0xFF, 0x80, 0x00, 0x00, 0xA0, 0xBF, 0xF0, 0x00, 0x00, 0x00, 0x0F, 0xF8, 0x00,
    0x00, 0x00, 0x03, 0xFC, 0x00, 0x00, 0x00, 0x03, 0xFD, 0x00, 0x00, 0x00, 0x03, 0xFE, 0x06, 0x00,
    0x00, 0x02, 0xFE, 0x3F, 0xC0, 0x00, 0x03, 0xFE, 0x3F, 0xC0, 0x00, 0x03, 0xFC, 0x3F, 0xC0, 0x00,
    0x07, 0xFC, 0x3F, 0xC0, 0x00, 0x0F, 0xF8, 0x2F, 0xF4, 0x00, 0xBF, 0xF0, 0x0B, 0xFF, 0xEF, 0xFF,
    0x80, 0x00, 0xFF, 0xFF, 0xF8, 0x00, 0x00, 0x01, 0xA4, 0x00, 0x00, 0x0A, 0xAA, 0xAA, 0xAA, 0x40,
    0x0F, 0xFF, 0xFF, 0xFF, 0x80, 0x0F, 0xFF, 0xFF, 0xFF, 0x80, 0x0F, 0xEA, 0xAA, 0xBF, 0x00, 0x0F,
    0x80, 0x00, 0xBD, 0x00, 0x0F, 0x00, 0x02, 0xF8, 0x00, 0x0F, 0x00, 0x07, 0xE0, 0x00, 0x00, 0x00,
    0x0F, 0x80, 0x00, 0x00, 0x00, 0x3F, 0x00, 0x00, 0x00, 0x00, 0xFC, 0x00, 0x00, 0x00, 0x03, 0xF4,
    0x00, 0x00, 0x00, 0x0B, 0xFF, 0xD0, 0x00, 0x00, 0x02, 0x1F, 0xF8, 0x00, 0x00, 0x00, 0x02, 0xFF,
    0x00, 0x00, 0x00, 0x00, 0xBF, 0x80, 0x00, 0x00, 0x00, 0x3F, 0xC0, 0x00, 0x00, 0x00, 0x2F, 0xE0,
    0x00, 0x00, 0x00, 0x0F, 0xE0, 0x00, 0x00, 0x00, 0x0F, 0xE0, 0x00, 0x00, 0x00, 0x2F, 0xE0, 0x2F,
    0x00, 0x00, 0x3F, 0xC0, 0x3F, 0x80, 0x00, 0x3F, 0x80, 0x3F, 0xC0, 0x00, 0xFF, 0x00, 0x3F, 0xE0,
    0x03, 0xFC, 0x00, 0x0B, 0xFF, 0xBF, 0xF0, 0x00, 0x00, 0xBF, 0xFE, 0x00, 0x00, 0x00, 0x00, 0x00,
    0x00, 0x00, 0x00, 0x0A, 0xAA, 0xAA, 0xA0, 0x00, 0x00, 0x0F, 0xFF, 0xFF, 0xF0, 0x00, 0x00, 0x0F,
    0xFF, 0xFF, 0xF0, 0x00, 0x00, 0x00, 0x00, 0x00, 0x00, 0x00, 0x00, 0x00, 0x00, 0x00, 0x00, 0x00,
    0x00, 0x00, 0x00, 0x00, 0x00, 0x00, 0x55, 0x55, 0x40, 0x01, 0x55, 0x54, 0xFF, 0xFF, 0xE0, 0x0B,
    0xFF, 0xFE, 0x2F, 0xFE, 0x40, 0x01, 0xBF, 0xE4, 0x03, 0xF8, 0x00, 0x00, 0x3F, 0xC0, 0x03, 0xF8,
    0x00, 0x00, 0x3F, 0xC0, 0x03, 0xF8, 0x00, 0x00, 0xFF, 0xC0, 0x03, 0xF8, 0x00, 0x03, 0xFF, 0xC0,
    0x03, 0xF8, 0x00, 0x0B, 0xFF, 0xC0, 0x03, 0xF8, 0x00, 0x2F, 0xBF, 0xC0, 0x03, 0xF8, 0x00, 0x3E,
    0x3F, 0xC0, 0x03, 0xF8, 0x00, 0xFC, 0x3F, 0xC0, 0x03, 0xF8, 0x03, 0xF0, 0x3F, 0xC0, 0x03, 0xF8,
    0x0B, 0xC0, 0x3F, 0xC0, 0x03, 0xF8, 0x2F, 0x80, 0x3F, 0xC0, 0x03, 0xF8, 0x7E, 0x00, 0x3F, 0xC0,
    0x03, 0xF8, 0xFC, 0x00, 0x3F, 0xC0, 0x03, 0xFB, 0xF0, 0x00, 0x3F, 0xC0, 0x03, 0xFF, 0xC0, 0x00,
    0x3F, 0xC0, 0x03, 0xFF, 0x40, 0x00, 0x3F, 0xC0, 0x03, 0xFE, 0x00, 0x00, 0x3F, 0xC0, 0x03, 0xF8,
    0x00, 0x00, 0x3F, 0xC0, 0x03, 0xF8, 0x00, 0x00, 0x3F, 0xC0, 0x07, 0xF8, 0x00, 0x00, 0x3F, 0xC0,
    0xFF, 0xFF, 0xC0, 0x0B, 0xFF, 0xFE, 0xFF, 0xFF, 0xD0, 0x0B, 0xFF, 0xFE, 0x00, 0xAA, 0xAA, 0xAA,
    0x00, 0x00, 0xFF, 0xFF, 0xFF, 0x00, 0x00, 0xFF, 0xFF, 0xFF, 0x00, 0x00, 0x00, 0x00, 0x00, 0x00,
    0x00, 0x00, 0x00, 0x00, 0x00, 0x00, 0x00, 0x00, 0x00, 0x00, 0xAA, 0xAA, 0x00, 0xAA, 0xA9, 0xFF,
    0xFF, 0x00, 0xFF, 0xFE, 0x0F, 0xF0, 0x00, 0x0F, 0xE0, 0x0F, 0xE0, 0x00, 0x2F, 0xE0, 0x0F, 0xE0,
    0x00, 0x3F, 0xE0, 0x0F, 0xE0, 0x00, 0xFF, 0xE0, 0x0F, 0xE0, 0x03, 0xCF, 0xE0, 0x0F, 0xE0, 0x0F,
    0x0F, 0xE0, 0x0F, 0xE0, 0x3C, 0x0F, 0xE0, 0x0F, 0xE0, 0xB4, 0x0F, 0xE0, 0x0F, 0xE2, 0xE0, 0x0F,
    0xE0, 0x0F, 0xE7, 0x80, 0x0F, 0xE0, 0x0F, 0xFF, 0x00, 0x0F, 0xE0, 0x0F, 0xFC, 0x00, 0x0F, 0xE0,
    0x0F, 0xF0, 0x00, 0x0F, 0xE0, 0x0F, 0xE0, 0x00, 0x0F, 0xE0, 0xBF, 0xFA, 0x00, 0xBF, 0xFA, 0xFF,
    0xFF, 0x00, 0xFF, 0xFE, 0x00, 0x00, 0x00, 0x00, 0x00, 0x00, 0x00, 0x0B, 0xE0, 0x0F, 0xC0, 0x00,
    0x00, 0x0F, 0xF0, 0x2F, 0xE0, 0x00, 0x00, 0x0F, 0xF0, 0x0F, 0xE0, 0x00, 0x00, 0x02, 0xC0, 0x0B,
    0x80, 0x00, 0x00, 0x00, 0x00, 0x00, 0x00, 0x00, 0x00, 0x00, 0x00, 0x00, 0x00, 0x00, 0x00, 0x00,
    0x00, 0x00, 0x00, 0x00, 0x55, 0x55, 0x40, 0x01, 0x55, 0x54, 0xFF, 0xFF, 0xE0, 0x0B, 0xFF, 0xFE,
    0x2F, 0xFE, 0x40, 0x01, 0xBF, 0xE4, 0x03, 0xF8, 0x00, 0x00, 0x3F, 0xC0, 0x03, 0xF8, 0x00, 0x00,
    0x3F, 0xC0, 0x03, 0xF8, 0x00, 0x00, 0xFF, 0xC0, 0x03, 0xF8, 0x00, 0x03, 0xFF, 0xC0, 0x03, 0xF8,
    0x00, 0x0B, 0xFF, 0xC0, 0x03, 0xF8, 0x00, 0x2F, 0xBF, 0xC0, 0x03, 0xF8, 0x00, 0x3E, 0x3F, 0xC0,
    0x03, 0xF8, 0x00, 0xFC, 0x3F, 0xC0, 0x03, 0xF8, 0x03, 0xF0, 0x3F, 0xC0, 0x03, 0xF8, 0x0B, 0xC0,
    0x3F, 0xC0, 0x03, 0xF8, 0x2F, 0x80, 0x3F, 0xC0, 0x03, 0xF8, 0x7E, 0x00, 0x3F, 0xC0, 0x03, 0xF8,
    0xFC, 0x00, 0x3F, 0xC0, 0x03, 0xFB, 0xF0, 0x00, 0x3F, 0xC0, 0x03, 0xFF, 0xC0, 0x00, 0x3F, 0xC0,
    0x03, 0xFF, 0x40, 0x00, 0x3F, 0xC0, 0x03, 0xFE, 0x00, 0x00, 0x3F, 0xC0, 0x03, 0xF8, 0x00, 0x00,
    0x3F, 0xC0, 0x03, 0xF8, 0x00, 0x00, 0x3F, 0xC0, 0x07, 0xF8, 0x00, 0x00, 0x3F, 0xC0, 0xFF, 0xFF,
    0xC0, 0x0B, 0xFF, 0xFE, 0xFF, 0xFF, 0xD0, 0x0B, 0xFF, 0xFE, 0x00, 0x00, 0x00, 0x00, 0x00, 0x00,
    0x7E, 0x00, 0xFC, 0x00, 0x00, 0xFF, 0x01, 0xFE, 0x00, 0x00, 0xFF, 0x00, 0xFE, 0x00, 0x00, 0x3C,
    0x00, 0xB8, 0x00, 0x00, 0x00, 0x00, 0x00, 0x00, 0x00, 0x00, 0x00, 0x00, 0x00, 0x00, 0x00, 0x00,
    0x00, 0x00, 0xAA, 0xAA, 0x00, 0xAA, 0xA9, 0xFF, 0xFF, 0x00, 0xFF, 0xFE, 0x0F, 0xF0, 0x00, 0x0F,
    0xE0, 0x0F, 0xE0, 0x00, 0x2F, 0xE0, 0x0F, 0xE0, 0x00, 0x3F, 0xE0, 0x0F, 0xE0, 0x00, 0xFF, 0xE0,
    0x0F, 0xE0, 0x03, 0xCF, 0xE0, 0x0F, 0xE0, 0x0F, 0x0F, 0xE0, 0x0F, 0xE0, 0x3C, 0x0F, 0xE0, 0x0F,
    0xE0, 0xB4, 0x0F, 0xE0, 0x0F, 0xE2, 0xE0, 0x0F, 0xE0, 0x0F, 0xE7, 0x80, 0x0F, 0xE0, 0x0F, 0xFF,
    0x00, 0x0F, 0xE0, 0x0F, 0xFC, 0x00, 0x0F, 0xE0, 0x0F, 0xF0, 0x00, 0x0F, 0xE0, 0x0F, 0xE0, 0x00,
    0x0F, 0xE0, 0xBF, 0xFA, 0x00, 0xBF, 0xFA, 0xFF, 0xFF, 0x00, 0xFF, 0xFE, 0x00, 0x00, 0x00, 0x00,
    0x00, 0x00, 0x00, 0x00, 0x03, 0xF0, 0x0B, 0xE0, 0x00, 0x00, 0x00, 0x0B, 0xF4, 0x0F, 0xF0, 0x00,
    0x00, 0x00, 0x0B, 0xF0, 0x0F, 0xF0, 0x00, 0x00, 0x00, 0x02, 0xE0, 0x03, 0x80, 0x00, 0x00, 0x00,
    0x00, 0x00, 0x00, 0x00, 0x00, 0x00, 0x00, 0x00, 0x00, 0x00, 0x00, 0x00, 0x00, 0x00, 0x00, 0x00,
    0x00, 0x00, 0x00, 0x00, 0x00, 0x00, 0x6F, 0xFA, 0x00, 0x00, 0x00, 0x00, 0x0B, 0xFF, 0xFF, 0xF0,
    0x00, 0x00, 0x00, 0x3F, 0xF9, 0x2B, 0xFE, 0x00, 0x00, 0x00, 0xFF, 0x40, 0x00, 0xFF, 0x80, 0x00,
    0x03, 0xFC, 0x00, 0x00, 0x3F, 0xC0, 0x00, 0x0F, 0xF8, 0x00, 0x00, 0x0F, 0xF0, 0x00, 0x0F, 0xF0,
    0x00, 0x00, 0x0B, 0xF8, 0x00, 0x3F, 0xE0, 0x00, 0x00, 0x03, 0xFC, 0x00, 0x3F, 0xC0, 0x00, 0x00,
    0x03, 0xFC, 0x00, 0x3F, 0xC0, 0x00, 0x00, 0x02, 0xFE, 0x00, 0xBF, 0xC0, 0x00, 0x00, 0x02, 0xFF,
    0x00, 0xBF, 0x80, 0x00, 0x00, 0x02, 0xFF, 0x00, 0xBF, 0x80, 0x00, 0x00, 0x01, 0xFF, 0x00, 0xBF,
    0x80, 0x00, 0x00, 0x01, 0xFF, 0x00, 0xBF, 0x80, 0x00, 0x00, 0x02, 0xFF, 0x00, 0x7F, 0xC0, 0x00,
    0x00, 0x02, 0xFE, 0x00, 0x3F, 0xC0, 0x00, 0x00, 0x03, 0xFE, 0x00, 0x3F, 0xC0, 0x00, 0x00, 0x03,
    0xFC, 0x00, 0x2F, 0xE0, 0x00, 0x00, 0x0B, 0xFC, 0x00, 0x0F, 0xF0, 0x00, 0x00, 0x0F, 0xF0, 0x00,
    0x07, 0xFC, 0x00, 0x00, 0x2F, 0xE0, 0x00, 0x02, 0xFE, 0x00, 0x00, 0x7F, 0xC0, 0x00, 0x00, 0xBF,
    0xC0, 0x02, 0xFF, 0x00, 0x00, 0x00, 0x2F, 0xFE, 0xBF, 0xF8, 0x00, 0x00, 0x00, 0x02, 0xFF, 0xFF,
    0x80, 0x00, 0x00, 0x00, 0x00, 0x06, 0x90, 0x00, 0x00, 0x00, 0x00, 0x00, 0x00, 0x00, 0x00, 0x02,
    0xF8, 0x03, 0xF0, 0x00, 0x03, 0xFC, 0x0B, 0xF8, 0x00, 0x03, 0xFC, 0x07, 0xF4, 0x00, 0x00, 0xF0,
    0x02, 0xE0, 0x00, 0x00, 0x00, 0x00, 0x00, 0x00, 0x00, 0x00, 0x00, 0x00, 0x00, 0x00, 0x00, 0x00,
    0x00, 0x00, 0x00, 0x1B, 0xFE, 0x00, 0x00, 0x00, 0xFF, 0xFF, 0xF0, 0x00, 0x07, 0xF8, 0x03, 0xFC,
    0x00, 0x0F, 0xE0, 0x00, 0xFF, 0x00, 0x3F, 0xC0, 0x00, 0xBF, 0x40, 0x3F, 0x80, 0x00, 0x3F, 0xC0,
    0xBF, 0x40, 0x00, 0x3F, 0xC0, 0xBF, 0x00, 0x00, 0x2F, 0xC0, 0xFF, 0x00, 0x00, 0x2F, 0xD0, 0xFF,
    0x00, 0x00, 0x2F, 0xD0, 0xBF, 0x00, 0x00, 0x2F, 0xC0, 0xBF, 0x00, 0x00, 0x2F, 0xC0, 0x3F, 0x80,
    0x00, 0x3F, 0xC0, 0x3F, 0xC0, 0x00, 0x3F, 0x80, 0x2F, 0xE0, 0x00, 0xFF, 0x00, 0x0F, 0xF0, 0x02,
    0xFC, 0x00, 0x02, 0xFE, 0xAF, 0xF0, 0x00, 0x00, 0x3F, 0xFF, 0x80, 0x00, 0x00, 0x00, 0x00, 0x00,
    0x00, 0x00, 0x00, 0x00, 0x00, 0x00, 0x00, 0x00, 0x00, 0x00, 0x6F, 0xFA, 0x00, 0x00, 0x00, 0x00,
    0x0B, 0xFF, 0xFF, 0xF0, 0x00, 0x00, 0x00, 0x3F, 0xF9, 0x2B, 0xFE, 0x00, 0x00, 0x00, 0xFF, 0x40,
    0x00, 0xFF, 0x80, 0x00, 0x03, 0xFC, 0x00, 0x00, 0x3F, 0xC0, 0x00, 0x0F, 0xF8, 0x00, 0x00, 0x0F,
    0xF0, 0x00, 0x0F, 0xF0, 0x00, 0x00, 0x0B, 0xF8, 0x00, 0x3F, 0xE0, 0x00, 0x00, 0x03, 0xFC, 0x00,
    0x3F, 0xC0, 0x00, 0x00, 0x03, 0xFC, 0x00, 0x3F, 0xC0, 0x00, 0x00, 0x02, 0xFE, 0x00, 0xBF, 0xC0,
    0x00, 0x00, 0x02, 0xFF, 0x00, 0xBF, 0xC0, 0x00, 0x00, 0x02, 0xFF, 0x00, 0xBF, 0xFF, 0xFF, 0xFF,
    0xFF, 0xFF, 0x00, 0xBF, 0xFF, 0xFF, 0xFF, 0xFF, 0xFF, 0x00, 0xBF, 0xC0, 0x00, 0x00, 0x02, 0xFF,
    0x00, 0x7F, 0xC0, 0x00, 0x00, 0x02, 0xFE, 0x00, 0x3F, 0xC0, 0x00, 0x00, 0x03, 0xFE, 0x00, 0x3F,
    0xD0, 0x00, 0x00, 0x03, 0xFC, 0x00, 0x2F, 0xE0, 0x00, 0x00, 0x07, 0xFC, 0x00, 0x0F, 0xF0, 0x00,
    0x00, 0x0F, 0xF0, 0x00, 0x07, 0xFC, 0x00, 0x00, 0x2F, 0xE0, 0x00, 0x02, 0xFE, 0x00, 0x00, 0x7F,
    0xC0, 0x00, 0x00, 0xBF, 0xC0, 0x02, 0xFF, 0x00, 0x00, 0x00, 0x2F, 0xFE, 0xBF, 0xF8, 0x00, 0x00,
    0x00, 0x02, 0xFF, 0xFF, 0x80, 0x00, 0x00, 0x00, 0x00, 0x06, 0x90, 0x00, 0x00, 0x00, 0x00, 0x00,
    0x00, 0x00, 0x00, 0x00, 0x1B, 0xFE, 0x00, 0x00, 0x00, 0xFF, 0xFF, 0xF0, 0x00, 0x07, 0xF8, 0x03,
    0xFC, 0x00, 0x0F, 0xE0, 0x00, 0xFF, 0x00, 0x3F, 0xC0, 0x00, 0xBF, 0x40, 0x3F, 0x80, 0x00, 0x3F,
    0xC0, 0xBF, 0x40, 0x00, 0x3F, 0xC0, 0xBF, 0x00, 0x00, 0x2F, 0xC0, 0xFF, 0xFF, 0xFF, 0xFF, 0xD0,
    0xFF, 0xFF, 0xFF, 0xFF, 0xD0, 0xBF, 0x00, 0x00, 0x2F, 0xC0, 0xBF, 0x00, 0x00, 0x2F, 0xC0, 0x3F,
    0x80, 0x00, 0x3F, 0xC0, 0x3F, 0xC0, 0x00, 0x3F, 0x80, 0x2F, 0xE0, 0x00, 0xFF, 0x00, 0x0F, 0xF0,
    0x02, 0xFC, 0x00, 0x02, 0xFE, 0xAF, 0xF0, 0x00, 0x00, 0x3F, 0xFF, 0x80, 0x00, 0x00, 0x00, 0x00,
    0x00, 0x00, 0x00, 0x00, 0x00, 0x00, 0x00, 0x00, 0x00, 0x00, 0x03, 0xF0, 0x0B, 0xE0, 0x00, 0x00,
    0x00, 0x0B, 0xF4, 0x0F, 0xF0, 0x00, 0x00, 0x00, 0x0B, 0xF0, 0x0F, 0xF0, 0x00, 0x00, 0x00, 0x02,
    0xE0, 0x03, 0x80, 0x00, 0x00, 0x00, 0x00, 0x00, 0x00, 0x00, 0x00, 0x00, 0x00, 0x00, 0x00, 0x00,
    0x00, 0x00, 0x00, 0x00, 0x00, 0x00, 0x00, 0x00, 0x00, 0x00, 0x00, 0x00, 0x6F, 0xFA, 0x00, 0x00,
    0x00, 0x00, 0x0B, 0xFF, 0xFF, 0xF0, 0x00, 0x00, 0x00, 0x3F, 0xF9, 0x2B, 0xFE, 0x00, 0x00, 0x00,
    0xFF, 0x40, 0x00, 0xFF, 0x80, 0x00, 0x03, 0xFC, 0x00, 0x00, 0x3F, 0xC0, 0x00, 0x0F, 0xF8, 0x00,
    0x00, 0x0F, 0xF0, 0x00, 0x0F, 0xF0, 0x00, 0x00, 0x0B, 0xF8, 0x00, 0x3F, 0xE0, 0x00, 0x00, 0x03,
    0xFC, 0x00, 0x3F, 0xC0, 0x00, 0x00, 0x03, 0xFC, 0x00, 0x3F, 0xC0, 0x00, 0x00, 0x02, 0xFE, 0x00,
    0xBF, 0xC0, 0x00, 0x00, 0x02, 0xFF, 0x00, 0xBF, 0xC0, 0x00, 0x00, 0x02, 0xFF, 0x00, 0xBF, 0xFF,
    0xFF, 0xFF, 0xFF, 0xFF, 0x00, 0xBF, 0xFF, 0xFF, 0xFF, 0xFF, 0xFF, 0x00, 0xBF, 0xC0, 0x00, 0x00,
    0x02, 0xFF, 0x00, 0x7F, 0xC0, 0x00, 0x00, 0x02, 0xFE, 0x00, 0x3F, 0xC0, 0x00, 0x00, 0x03, 0xFE,
    0x00, 0x3F, 0xD0, 0x00, 0x00, 0x03, 0xFC, 0x00, 0x2F, 0xE0, 0x00, 0x00, 0x07, 0xFC, 0x00, 0x0F,
    0xF0, 0x00, 0x00, 0x0F, 0xF0, 0x00, 0x07, 0xFC, 0x00, 0x00, 0x2F, 0xE0, 0x00, 0x02, 0xFE, 0x00,
    0x00, 0x7F, 0xC0, 0x00, 0x00, 0xBF, 0xC0, 0x02, 0xFF, 0x00, 0x00, 0x00, 0x2F, 0xFE, 0xBF, 0xF8,
    0x00, 0x00, 0x00, 0x02, 0xFF, 0xFF, 0x80, 0x00, 0x00, 0x00, 0x00, 0x06, 0x90, 0x00, 0x00, 0x00,
    0x00, 0x00, 0x00, 0x00, 0x00, 0x02, 0xF8, 0x03, 0xF0, 0x00, 0x03, 0xFC, 0x0B, 0xF8, 0x00, 0x03,
    0xFC, 0x07, 0xF4, 0x00, 0x00, 0xF0, 0x02, 0xE0, 0x00, 0x00, 0x00, 0x00, 0x00, 0x00, 0x00, 0x00,
    0x00, 0x00, 0x00, 0x00, 0x00, 0x00, 0x00, 0x00, 0x00, 0x1B, 0xFE, 0x00, 0x00, 0x00, 0xFF, 0xFF,
    0xF0, 0x00, 0x07, 0xF8, 0x03, 0xFC, 0x00, 0x0F, 0xE0, 0x00, 0xFF, 0x00, 0x3F, 0xC0, 0x00, 0xBF,
    0x40, 0x3F, 0x80, 0x00, 0x3F, 0xC0, 0xBF, 0x40, 0x00, 0x3F, 0xC0, 0xBF, 0x00, 0x00, 0x2F, 0xC0,
    0xFF, 0xFF, 0xFF, 0xFF, 0xD0, 0xFF, 0xFF, 0xFF, 0xFF, 0xD0, 0xBF, 0x00, 0x00, 0x2F, 0xC0, 0xBF,
    0x00, 0x00, 0x2F, 0xC0, 0x3F, 0x80, 0x00, 0x3F, 0xC0, 0x3F, 0xC0, 0x00, 0x3F, 0x80, 0x2F, 0xE0,
    0x00, 0xFF, 0x00, 0x0F, 0xF0, 0x02, 0xFC, 0x00, 0x02, 0xFE, 0xAF, 0xF0, 0x00, 0x00, 0x3F, 0xFF,
    0x80, 0x00, 0x00, 0x00, 0x00, 0x00, 0x00, 0x00, 0x00, 0x00, 0x00, 0x00, 0x00, 0x00, 0xFE, 0x00,
    0xFC, 0x00, 0x00, 0x00, 0xFF, 0x02, 0xFC, 0x00, 0x00, 0x00, 0xFE, 0x02, 0xFC, 0x00, 0x00, 0x00,
    0x38, 0x00, 0xB8, 0x00, 0x00, 0x00, 0x00, 0x00, 0x00, 0x00, 0x00, 0x00, 0x00, 0x00, 0x00, 0x00,
    0x00, 0x00, 0x00, 0x00, 0x00, 0x00, 0x00, 0x02, 0xBF, 0xFA, 0x00, 0x00, 0x00, 0xBF, 0xFF, 0xFF,
    0xE0, 0x00, 0x00, 0xBF, 0x80, 0x1B, 0xFD, 0x00, 0x00, 0xBC, 0x00, 0x00, 0xFF, 0x80, 0x00, 0xBC,
    0x00, 0x00, 0x2F, 0xD0, 0x00, 0xB8, 0x00, 0x00, 0x0F, 0xF0, 0x00, 0xB8, 0x00, 0x00, 0x03, 0xF8,
    0x00, 0x00, 0x00, 0x00, 0x02, 0xFC, 0x00, 0x00, 0x00, 0x00, 0x00, 0xFE, 0x00, 0x00, 0x00, 0x00,
    0x00, 0xFF, 0x00, 0x00, 0x00, 0x00, 0x00, 0xFF, 0x00, 0x00, 0x01, 0x55, 0x55, 0xFF, 0x00, 0x00,
    0x0F, 0xFF, 0xFF, 0xFF, 0x00, 0x00, 0x02, 0xAA, 0xAA, 0xFF, 0x00, 0x00, 0x00, 0x00, 0x00, 0xFF,
    0x00, 0x00, 0x00, 0x00, 0x00, 0xFF, 0x00, 0x00, 0x00, 0x00, 0x00, 0xFE, 0x00, 0x00, 0x00, 0x00,
    0x02, 0xFC, 0x00, 0x60, 0x00, 0x00, 0x03, 0xFC, 0x00, 0xB8, 0x00, 0x00, 0x0B, 0xF4, 0x00, 0xBC,
    0x00, 0x00, 0x0F, 0xE0, 0x00, 0xBC, 0x00, 0x00, 0x7F, 0xC0, 0x00, 0xBE, 0x00, 0x02, 0xFF, 0x00,
    0x00, 0xBF, 0xEA, 0xBF, 0xF8, 0x00, 0x00, 0x2F, 0xFF, 0xFF, 0x80, 0x00, 0x00, 0x00, 0x0A, 0x80,
    0x00, 0x00, 0x00, 0x00, 0x00, 0x00, 0x00, 0x2F, 0x80, 0x3F, 0x00, 0x3F, 0xC0, 0xBF, 0x80, 0x3F,
    0xC0, 0x7F, 0x40, 0x0F, 0x00, 0x2E, 0x00, 0x00, 0x00, 0x00, 0x00, 0x00, 0x00, 0x00, 0x00, 0x00,
    0x00, 0x00, 0x00, 0x2B, 0xFF, 0x80, 0x00, 0xFF, 0xEF, 0xF8, 0x00, 0xF8, 0x00, 0xFF, 0x00, 0xF0,
    0x00, 0x2F, 0x80, 0xF0, 0x00, 0x0F, 0xD0, 0x00, 0x00, 0x0B, 0xF0, 0x00, 0x00, 0x0B, 0xF0, 0x00,
    0x00, 0x07, 0xF0, 0x00, 0xFF, 0xFF, 0xF0, 0x00, 0xFF, 0xFF, 0xF0, 0x00, 0x00, 0x07, 0xF0, 0x00,
    0x00, 0x0B, 0xF0, 0x00, 0x00, 0x0B, 0xF0, 0xF0, 0x00, 0x0F, 0xD0, 0xF0, 0x00, 0x2F, 0xC0, 0xF8,
    0x00, 0xBF, 0x00, 0xFE, 0xAB, 0xFC, 0x00, 0xBF, 0xFF, 0xE0, 0x00, 0x00, 0x00, 0x00, 0x00, 0x00,
    0x02, 0xAA, 0xAA, 0xA8, 0x00, 0x00, 0x00, 0x02, 0xFF, 0xFF, 0xFE, 0x00, 0x00, 0x00, 0x02, 0xFF,
    0xFF, 0xFD, 0x00, 0x00, 0x00, 0x00, 0x00, 0x00, 0x00, 0x00, 0x00, 0x00, 0x00, 0x00, 0x00, 0x00,
    0x00, 0x00, 0x00, 0x00, 0x00, 0x00, 0x00, 0x00, 0x00, 0x15, 0x55, 0x50, 0x00, 0x15, 0x55, 0x40,
    0xFF, 0xFF, 0xF8, 0x00, 0xBF, 0xFF, 0xC0, 0x2B, 0xFF, 0x90, 0x00, 0x1B, 0xFA, 0x40, 0x02, 0xFF,
    0x00, 0x00, 0x03, 0xF0, 0x00, 0x00, 0xFF, 0x80, 0x00, 0x0B, 0xD0, 0x00, 0x00, 0xBF, 0xC0, 0x00,
    0x0F, 0xC0, 0x00, 0x00, 0x3F, 0xE0, 0x00, 0x2F, 0x40, 0x00, 0x00, 0x2F, 0xF0, 0x00, 0x3F, 0x00,
    0x00, 0x00, 0x0F, 0xF8, 0x00, 0x7E, 0x00, 0x00, 0x00, 0x0B, 0xFC, 0x00, 0xFC, 0x00, 0x00, 0x00,
    0x03, 0xFE, 0x01, 0xF8, 0x00, 0x00, 0x00, 0x01, 0xFF, 0x03, 0xF0, 0x00, 0x00, 0x00, 0x00, 0xFF,
    0x83, 0xE0, 0x00, 0x00, 0x00, 0x00, 0x3F, 0xCF, 0xC0, 0x00, 0x00, 0x00, 0x00, 0x3F, 0xFF, 0x80,
    0x00, 0x00, 0x00, 0x00, 0x0F, 0xFF, 0x00, 0x00, 0x00, 0x00, 0x00, 0x0B, 0xFE, 0x00, 0x00, 0x00,
    0x00, 0x00, 0x03, 0xFC, 0x00, 0x00, 0x00, 0x00, 0x00, 0x02, 0xF8, 0x00, 0x00, 0x00, 0x00, 0x00,
    0x02, 0xF0, 0x00, 0x00, 0x00, 0x00, 0x00, 0x03, 0xE0, 0x00, 0x00, 0x00, 0x00, 0x7E, 0x0F, 0xC0,
    0x00, 0x00, 0x00, 0x00, 0xFF, 0xFF, 0x40, 0x00, 0x00, 0x00, 0x00, 0xFF, 0xFE, 0x00, 0x00, 0x00,
    0x00, 0x00, 0xBF, 0xF8, 0x00, 0x00, 0x00, 0x00, 0x00, 0x0A, 0x00, 0x00, 0x00, 0x00, 0x00, 0x00,
    0xAA, 0xAA, 0xAA, 0x00, 0x00, 0xFF, 0xFF, 0xFF, 0x00, 0x00, 0xFF, 0xFF, 0xFF, 0x00, 0x00, 0x00,
    0x00, 0x00, 0x00, 0x00, 0x00, 0x00, 0x00, 0x00, 0x00, 0x00, 0x00, 0x00, 0x00, 0x6A, 0xAA, 0x00,
    0xAA, 0xA8, 0xBF, 0xFF, 0x40, 0xFF, 0xFC, 0x0B, 0xF0, 0x00, 0x0B, 0xC0, 0x03, 0xF8, 0x00, 0x0F,
    0x40, 0x03, 0xFC, 0x00, 0x0F, 0x00, 0x02, 0xFC, 0x00, 0x2E, 0x00, 0x00, 0xFE, 0x00, 0x3C, 0x00,
    0x00, 0xBF, 0x00, 0xBC, 0x00, 0x00, 0x3F, 0x40, 0xF0, 0x00, 0x00, 0x3F, 0xC0, 0xF0, 0x00, 0x00,
    0x2F, 0xC2, 0xE0, 0x00, 0x00, 0x0F, 0xE3, 0xC0, 0x00, 0x00, 0x0F, 0xFB, 0x80, 0x00, 0x00, 0x03,
    0xFF, 0x00, 0x00, 0x00, 0x03, 0xFF, 0x00, 0x00, 0x00, 0x02, 0xFE, 0x00, 0x00, 0x00, 0x00, 0xFC,
    0x00, 0x00, 0x00, 0x00, 0xF8, 0x00, 0x00, 0x00, 0x00, 0xF0, 0x00, 0x00, 0x00, 0x00, 0xF0, 0x00,
    0x00, 0x00, 0x03, 0xD0, 0x00, 0x00, 0x08, 0x0B, 0xC0, 0x00, 0x00, 0x2F, 0x9F, 0x00, 0x00, 0x00,
    0x3F, 0xFE, 0x00, 0x00, 0x00, 0x3F, 0xF8, 0x00, 0x00, 0x00, 0x0A, 0x80, 0x00, 0x00, 0x00, 0x00,
    0x00, 0x00, 0x00, 0x00, 0x00, 0x00, 0x00, 0x00, 0xFC, 0x02, 0xF8, 0x00, 0x00, 0x00, 0x00, 0xFE,
    0x03, 0xFC, 0x00, 0x00, 0x00, 0x00, 0xFE, 0x03, 0xFC, 0x00, 0x00, 0x00, 0x00, 0xB8, 0x00, 0xB0,
    0x00, 0x00, 0x00, 0x00, 0x00, 0x00, 0x00, 0x00, 0x00, 0x00, 0x00, 0x00, 0x00, 0x00, 0x00, 0x00,
    0x00, 0x00, 0x00, 0x00, 0x00, 0x00, 0x00, 0x15, 0x55, 0x50, 0x00, 0x15, 0x55, 0x40, 0xFF, 0xFF,
    0xF8, 0x00, 0xBF, 0xFF, 0xC0, 0x2B, 0xFF, 0x90, 0x00, 0x1B, 0xFA, 0x40, 0x02, 0xFF, 0x00, 0x00,
    0x03, 0xF0, 0x00, 0x00, 0xFF, 0x80, 0x00, 0x0B, 0xD0, 0x00, 0x00, 0xBF, 0xC0, 0x00, 0x0F, 0xC0,
    0x00, 0x00, 0x3F, 0xE0, 0x00, 0x2F, 0x40, 0x00, 0x00, 0x2F, 0xF0, 0x00, 0x3F, 0x00, 0x00, 0x00,
    0x0F, 0xF8, 0x00, 0x7E, 0x00, 0x00, 0x00, 0x0B, 0xFC, 0x00, 0xFC, 0x00, 0x00, 0x00, 0x03, 0xFE,
    0x01, 0xF8, 0x00, 0x00, 0x00, 0x01, 0xFF, 0x03, 0xF0, 0x00, 0x00, 0x00, 0x00, 0xFF, 0x83, 0xE0,
    0x00, 0x00, 0x00, 0x00, 0x3F, 0xCF, 0xC0, 0x00, 0x00, 0x00, 0x00, 0x3F, 0xFF, 0x80, 0x00, 0x00,
    0x00, 0x00, 0x0F, 0xFF, 0x00, 0x00, 0x00, 0x00, 0x00, 0x0B, 0xFE, 0x00, 0x00, 0x00, 0x00, 0x00,
    0x03, 0xFC, 0x00, 0x00, 0x00, 0x00, 0x00, 0x02, 0xF8, 0x00, 0x00, 0x00, 0x00, 0x00, 0x02, 0xF0,
    0x00, 0x00, 0x00, 0x00, 0x00, 0x03, 0xE0, 0x00, 0x00, 0x00, 0x00, 0x7E, 0x0F, 0xC0, 0x00, 0x00,
    0x00, 0x00, 0xFF, 0xFF, 0x40, 0x00, 0x00, 0x00, 0x00, 0xFF, 0xFE, 0x00, 0x00, 0x00, 0x00, 0x00,
    0xBF, 0xF8, 0x00, 0x00, 0x00, 0x00, 0x00, 0x0A, 0x00, 0x00, 0x00, 0x00, 0x00, 0x00, 0x00, 0x00,
    0x00, 0x00, 0x00, 0x7E, 0x00, 0xFC, 0x00, 0x00, 0xFF, 0x01, 0xFE, 0x00, 0x00, 0xFF, 0x00, 0xFE,
    0x00, 0x00, 0x3C, 0x00, 0xB8, 0x00, 0x00, 0x00, 0x00, 0x00, 0x00, 0x00, 0x00, 0x00, 0x00, 0x00,
    0x00, 0x00, 0x00, 0x00, 0x00, 0x6A, 0xAA, 0x00, 0xAA, 0xA8, 0xBF, 0xFF, 0x40, 0xFF, 0xFC, 0x0B,
    0xF0, 0x00, 0x0B, 0xC0, 0x03, 0xF8, 0x00, 0x0F, 0x40, 0x03, 0xFC, 0x00, 0x0F, 0x00, 0x02, 0xFC,
    0x00, 0x2E, 0x00, 0x00, 0xFE, 0x00, 0x3C, 0x00, 0x00, 0xBF, 0x00, 0xBC, 0x00, 0x00, 0x3F, 0x40,
    0xF0, 0x00, 0x00, 0x3F, 0xC0, 0xF0, 0x00, 0x00, 0x2F, 0xC2, 0xE0, 0x00, 0x00, 0x0F, 0xE3, 0xC0,
    0x00, 0x00, 0x0F, 0xFB, 0x80, 0x00, 0x00, 0x03, 0xFF, 0x00, 0x00, 0x00, 0x03, 0xFF, 0x00, 0x00,
    0x00, 0x02, 0xFE, 0x00, 0x00, 0x00, 0x00, 0xFC, 0x00, 0x00, 0x00, 0x00, 0xF8, 0x00, 0x00, 0x00,
    0x00, 0xF0, 0x00, 0x00, 0x00, 0x00, 0xF0, 0x00, 0x00, 0x00, 0x03, 0xD0, 0x00, 0x00, 0x08, 0x0B,
    0xC0, 0x00, 0x00, 0x2F, 0x9F, 0x00, 0x00, 0x00, 0x3F, 0xFE, 0x00, 0x00, 0x00, 0x3F, 0xF8, 0x00,
    0x00, 0x00, 0x0A, 0x80, 0x00, 0x00, 0x00, 0x00, 0x00, 0x00, 0x28, 0x00, 0xA0, 0x00, 0x00, 0x00,
    0x01, 0xFC, 0x03, 0xF4, 0x00, 0x00, 0x00, 0x03, 0xFD, 0x0F, 0xF4, 0x00, 0x00, 0x00, 0x0F, 0xF8,
    0x3F, 0xE0, 0x00, 0x00, 0x00, 0x3F, 0xC0, 0xFF, 0x00, 0x00, 0x00, 0x00, 0xFE, 0x03, 0xF8, 0x00,
    0x00, 0x00, 0x02, 0xF0, 0x0B, 0xC0, 0x00, 0x00, 0x00, 0x00, 0x00, 0x00, 0x00, 0x00, 0x00, 0x00,
    0x00, 0x00, 0x00, 0x00, 0x00, 0x00, 0x15, 0x55, 0x50, 0x00, 0x15, 0x55, 0x40, 0xFF, 0xFF, 0xF8,
    0x00, 0xBF, 0xFF, 0xC0, 0x2B, 0xFF, 0x90, 0x00, 0x1B, 0xFA, 0x40, 0x02, 0xFF, 0x00, 0x00, 0x03,
    0xF0, 0x00, 0x00, 0xFF, 0x80, 0x00, 0x0B, 0xD0, 0x00, 0x00, 0xBF, 0xC0, 0x00, 0x0F, 0xC0, 0x00,
    0x00, 0x3F, 0xE0, 0x00, 0x2F, 0x40, 0x00, 0x00, 0x2F, 0xF0, 0x00, 0x3F, 0x00, 0x00, 0x00, 0x0F,
    0xF8, 0x00, 0x7E, 0x00, 0x00, 0x00, 0x0B, 0xFC, 0x00, 0xFC, 0x00, 0x00, 0x00, 0x03, 0xFE, 0x01,
    0xF8, 0x00, 0x00, 0x00, 0x01, 0xFF, 0x03, 0xF0, 0x00, 0x00, 0x00, 0x00, 0xFF, 0x83, 0xE0, 0x00,
    0x00, 0x00, 0x00, 0x3F, 0xCF, 0xC0, 0x00, 0x00, 0x00, 0x00, 0x3F, 0xFF, 0x80, 0x00, 0x00, 0x00,
    0x00, 0x0F, 0xFF, 0x00, 0x00, 0x00, 0x00, 0x00, 0x0B, 0xFE, 0x00, 0x00, 0x00, 0x00, 0x00, 0x03,
    0xFC, 0x00, 0x00, 0x00, 0x00, 0x00, 0x02, 0xF8, 0x00, 0x00, 0x00, 0x00, 0x00, 0x02, 0xF0, 0x00,
    0x00, 0x00, 0x00, 0x00, 0x03, 0xE0, 0x00, 0x00, 0x00, 0x00, 0x7E, 0x0F, 0xC0, 0x00, 0x00, 0x00,
    0x00, 0xFF, 0xFF, 0x40, 0x00, 0x00, 0x00, 0x00, 0xFF, 0xFE, 0x00, 0x00, 0x00, 0x00, 0x00, 0xBF,
    0xF8, 0x00, 0x00, 0x00, 0x00, 0x00, 0x0A, 0x00, 0x00, 0x00, 0x00, 0x00, 0x00, 0x00, 0x28, 0x00,
    0xA0, 0x00, 0x00, 0xFF, 0x03, 0xFC, 0x00, 0x02, 0xFF, 0x0B, 0xFC, 0x00, 0x0B, 0xFC, 0x2F, 0xF0,
    0x00, 0x2F, 0xE0, 0x7F, 0x80, 0x00, 0x3F, 0x00, 0xFC, 0x00, 0x00, 0xF8, 0x03, 0xE0, 0x00, 0x00,
    0x00, 0x00, 0x00, 0x00, 0x00, 0x00, 0x00, 0x00, 0x00, 0x6A, 0xAA, 0x00, 0xAA, 0xA8, 0xBF, 0xFF,
    0x40, 0xFF, 0xFC, 0x0B, 0xF0, 0x00, 0x0B, 0xC0, 0x03, 0xF8, 0x00, 0x0F, 0x40, 0x03, 0xFC, 0x00,
    0x0F, 0x00, 0x02, 0xFC, 0x00, 0x2E, 0x00, 0x00, 0xFE, 0x00, 0x3C, 0x00, 0x00, 0xBF, 0x00, 0xBC,
    0x00, 0x00, 0x3F, 0x40, 0xF0, 0x00, 0x00, 0x3F, 0xC0, 0xF0, 0x00, 0x00, 0x2F, 0xC2, 0xE0, 0x00,
    0x00, 0x0F, 0xE3, 0xC0, 0x00, 0x00, 0x0F, 0xFB, 0x80, 0x00, 0x00, 0x03, 0xFF, 0x00, 0x00, 0x00,
    0x03, 0xFF, 0x00, 0x00, 0x00, 0x02, 0xFE, 0x00, 0x00, 0x00, 0x00, 0xFC, 0x00, 0x00, 0x00, 0x00,
    0xF8, 0x00, 0x00, 0x00, 0x00, 0xF0, 0x00, 0x00, 0x00, 0x00, 0xF0, 0x00, 0x00, 0x00, 0x03, 0xD0,
    0x00, 0x00, 0x08, 0x0B, 0xC0, 0x00, 0x00, 0x2F, 0x9F, 0x00, 0x00, 0x00, 0x3F, 0xFE, 0x00, 0x00,
    0x00, 0x3F, 0xF8, 0x00, 0x00, 0x00, 0x0A, 0x80, 0x00, 0x00, 0x00, 0x00, 0x00, 0x00, 0x00, 0x00,
    0x00, 0x00, 0x0B, 0xE0, 0x0F, 0xC0, 0x00, 0x00, 0x0F, 0xF0, 0x2F, 0xE0, 0x00, 0x00, 0x0F, 0xF0,
    0x0F, 0xE0, 0x00, 0x00, 0x02, 0xC0, 0x0B, 0x80, 0x00, 0x00, 0x00, 0x00, 0x00, 0x00, 0x00, 0x00,
    0x00, 0x00, 0x00, 0x00, 0x00, 0x00, 0x00, 0x00, 0x00, 0x00, 0x00, 0x15, 0x55, 0x50, 0x05, 0x55,
    0x50, 0x3F, 0xFF, 0xF0, 0x1F, 0xFF, 0xF8, 0x0B, 0xFF, 0x90, 0x06, 0xFF, 0x90, 0x00, 0xFE, 0x00,
    0x00, 0xFF, 0x00, 0x00, 0xFE, 0x00, 0x00, 0xFF, 0x00, 0x00, 0xFE, 0x00, 0x00, 0xFF, 0x00, 0x00,
    0xFE, 0x00, 0x00, 0xFF, 0x00, 0x00, 0xFE, 0x00, 0x00, 0xFF, 0x00, 0x00, 0xFE, 0x00, 0x00, 0xFF,
    0x00, 0x00, 0xFE, 0x00, 0x00, 0xFF, 0x00, 0x00, 0xFE, 0x00, 0x00, 0xFF, 0x00, 0x00, 0xFF, 0x00,
    0x02, 0xFF, 0x00, 0x00, 0xFF, 0x80, 0x7F, 0xFF, 0x00, 0x00, 0xBF, 0xFF, 0xFF, 0xFF, 0x00, 0x00,
    0x3F, 0xFF, 0xF8, 0xFF, 0x00, 0x00, 0x0B, 0xFE, 0x40, 0xFF, 0x00, 0x00, 0x00, 0x00, 0x00, 0xFF,
    0x00, 0x00, 0x00, 0x00, 0x00, 0xFF, 0x00, 0x00, 0x00, 0x00, 0x00, 0xFF, 0x00, 0x00, 0x00, 0x00,
    0x00, 0xFF, 0x00, 0x00, 0x00, 0x00, 0x00, 0xFF, 0x00, 0x00, 0x00, 0x00, 0x00, 0xFF, 0x00, 0x00,
    0x00, 0x00, 0x00, 0xFF, 0x00, 0x00, 0x00, 0x00, 0x0F, 0xFF, 0xF8, 0x00, 0x00, 0x00, 0x1F, 0xFF,
    0xF8, 0x00, 0x00, 0x00, 0x00, 0x00, 0x00, 0xFD, 0x00, 0xFC, 0x00, 0x00, 0xFE, 0x03, 0xFC, 0x00,
    0x00, 0xFE, 0x02, 0xFC, 0x00, 0x00, 0x78, 0x00, 0xB4, 0x00, 0x00, 0x00, 0x00, 0x00, 0x00, 0x00,
    0x00, 0x00, 0x00, 0x00, 0x00, 0x00, 0x00, 0x00, 0x00, 0x2A, 0xAA, 0x46, 0xAA, 0xA0, 0x3F, 0xFF,
    0x8B, 0xFF, 0xF0, 0x03, 0xFC, 0x00, 0xFF, 0x00, 0x03, 0xF8, 0x00, 0xBF, 0x00, 0x03, 0xF8, 0x00,
    0xBF, 0x00, 0x03, 0xF8, 0x00, 0xBF, 0x00, 0x03, 0xF8, 0x00, 0xBF, 0x00, 0x03, 0xF8, 0x00, 0xBF,
    0x00, 0x02, 0xFC, 0x00, 0xFF, 0x00, 0x02, 0xFF, 0xAF, 0xFF, 0x00, 0x00, 0xBF, 0xFE, 0xFF, 0x00,
    0x00, 0x06, 0x90, 0xBF, 0x00, 0x00, 0x00, 0x00, 0xBF, 0x00, 0x00, 0x00, 0x00, 0xBF, 0x00, 0x00,
    0x00, 0x00, 0xBF, 0x00, 0x00, 0x00, 0x00, 0xBF, 0x00, 0x00, 0x00, 0x0A, 0xFF, 0xE0, 0x00, 0x00,
    0x0B, 0xFF, 0xF0, 0x15, 0x55, 0x55, 0x55, 0x50, 0x3F, 0xFF, 0xFF, 0xFF, 0xF0, 0x1B, 0xFF, 0xAA,
    0xAB, 0xF0, 0x00, 0xFE, 0x00, 0x00, 0xF0, 0x00, 0xFE, 0x00, 0x00, 0xF0, 0x00, 0xFE, 0x00, 0x00,
    0xF0, 0x00, 0xFE, 0x00, 0x00, 0xF0, 0x00, 0xFE, 0x00, 0x00, 0x10, 0x00, 0xFE, 0x00, 0x00, 0x00,
    0x00, 0xFE, 0x00, 0x00, 0x00, 0x00, 0xFE, 0x00, 0x00, 0x00, 0x00, 0xFE, 0x00, 0x00, 0x00, 0x00,
    0xFE, 0x00, 0x00, 0x00, 0x00, 0xFE, 0x00, 0x00, 0x00, 0x00, 0xFE, 0x00, 0x00, 0x00, 0x00, 0xFE,
    0x00, 0x00, 0x00, 0x00, 0xFE, 0x00, 0x00, 0x00, 0x00, 0xFE, 0x00, 0x00, 0x00, 0x00, 0xFE, 0x00,
    0x00, 0x00, 0x00, 0xFE, 0x00, 0x00, 0x00, 0x00, 0xFE, 0x00, 0x00, 0x00, 0x00, 0xFE, 0x00, 0x00,
    0x00, 0x01, 0xFE, 0x00, 0x00, 0x00, 0x3F, 0xFF, 0xF0, 0x00, 0x00, 0x3F, 0xFF, 0xF0, 0x00, 0x00,
    0x00, 0x3F, 0xF0, 0x00, 0x00, 0x00, 0x0B, 0xF0, 0x00, 0x00, 0x00, 0x03, 0xF0, 0x00, 0x00, 0x00,
    0x00, 0xF0, 0x00, 0x00, 0x00, 0x00, 0xF0, 0x00, 0x00, 0x00, 0x00, 0xF0, 0x00, 0x00, 0x00, 0x00,
    0xF0, 0x00, 0x00, 0x00, 0x00, 0x00, 0x00, 0x00, 0x2A, 0xAA, 0xAA, 0xA8, 0x3F, 0xFF, 0xFF, 0xFC,
    0x03, 0xFC, 0x00, 0xBC, 0x03, 0xF8, 0x00, 0x3C, 0x03, 0xF8, 0x00, 0x2C, 0x03, 0xF8, 0x00, 0x2C,
    0x03, 0xF8, 0x00, 0x00, 0x03, 0xF8, 0x00, 0x00, 0x03, 0xF8, 0x00, 0x00, 0x03, 0xF8, 0x00, 0x00,
    0x03, 0xF8, 0x00, 0x00, 0x03, 0xF8, 0x00, 0x00, 0x03, 0xF8, 0x00, 0x00, 0x03, 0xF8, 0x00, 0x00,
    0x03, 0xF8, 0x00, 0x00, 0x03, 0xF8, 0x00, 0x00, 0x2F, 0xFE, 0x80, 0x00, 0x3F, 0xFF, 0xC0, 0x00,
    0x00, 0xBF, 0xC0, 0x00, 0x00, 0x0F, 0xC0, 0x00, 0x00, 0x0B, 0xC0, 0x00, 0x00, 0x07, 0xC0, 0x00,
    0x00, 0x03, 0xC0, 0x00, 0x00, 0x02, 0x40, 0x00, 0x00, 0x00, 0x00, 0x00, 0x00, 0x00, 0x00, 0x00,
    0x00, 0x00, 0x0F, 0xC0, 0x3F, 0x40, 0x00, 0x00, 0x00, 0x00, 0x2F, 0xC0, 0x3F, 0xC0, 0x00, 0x00,
    0x00, 0x00, 0x2F, 0xC0, 0x3F, 0x80, 0x00, 0x00, 0x00, 0x00, 0x0B, 0x80, 0x0E, 0x00, 0x00, 0x00,
    0x00, 0x00, 0x00, 0x00, 0x00, 0x00, 0x00, 0x00, 0x00, 0x00, 0x00, 0x00, 0x00, 0x00, 0x00, 0x00,
    0x00, 0x00, 0x00, 0x00, 0x00, 0x00, 0x00, 0x00, 0x05, 0x55, 0x50, 0x00, 0x00, 0x55, 0x55, 0x40,
    0x3F, 0xFF, 0xF8, 0x00, 0x01, 0xFF, 0xFF, 0xC0, 0x0B, 0xFF, 0x90, 0x00, 0x00, 0xAF, 0xFE, 0x40,
    0x00, 0xFE, 0x00, 0x00, 0x00, 0x0B, 0xF0, 0x00, 0x00, 0xFE, 0x00, 0x00, 0x00, 0x0B, 0xF0, 0x00,
    0x00, 0xFE, 0x00, 0x00, 0x00, 0x0B, 0xF0, 0x00, 0x00, 0xFE, 0x00, 0x00, 0x00, 0x0B, 0xF0, 0x00,
    0x00, 0xFE, 0x00, 0x00, 0x00, 0x0B, 0xF0, 0x00, 0x00, 0xFE, 0x00, 0x00, 0x00, 0x0B, 0xF0, 0x00,
    0x00, 0xFE, 0x00, 0x00, 0x00, 0x0B, 0xF0, 0x00, 0x00, 0xFF, 0xFF, 0xF8, 0x00, 0x0B, 0xF0, 0x00,
    0x00, 0xFF, 0xAB, 0xFF, 0x80, 0x0B, 0xF0, 0x00, 0x00, 0xFE, 0x00, 0x3F, 0xE0, 0x0B, 0xF0, 0x00,
    0x00, 0xFE, 0x00, 0x0F, 0xF0, 0x0B, 0xF0, 0x00, 0x00, 0xFE, 0x00, 0x07, 0xF8, 0x0B, 0xF0, 0x00,
    0x00, 0xFE, 0x00, 0x03, 0xFC, 0x0B, 0xF0, 0x00, 0x00, 0xFE, 0x00, 0x03, 0xFC, 0x0B, 0xF0, 0x00,
    0x00, 0xFE, 0x00, 0x03, 0xFC, 0x0B, 0xF0, 0x00, 0x00, 0xFE, 0x00, 0x03, 0xFC, 0x0B, 0xF0, 0x00,
    0x00, 0xFE, 0x00, 0x03, 0xFC, 0x0B, 0xF0, 0x00, 0x00, 0xFE, 0x00, 0x07, 0xFC, 0x0B, 0xF0, 0x00,
    0x00, 0xFE, 0x00, 0x0F, 0xF8, 0x0B, 0xF0, 0x00, 0x01, 0xFE, 0x00, 0xBF, 0xF0, 0x0B, 0xF8, 0x00,
    0x3F, 0xFF, 0xFF, 0xFF, 0x80, 0xFF, 0xFF, 0xC0, 0x3F, 0xFF, 0xFF, 0xE4, 0x01, 0xFF, 0xFF, 0xC0,
    0x00, 0x00, 0x00, 0x00, 0x00, 0x00, 0x00, 0x03, 0xF0, 0x0B, 0xE0, 0x00, 0x00, 0x07, 0xF8, 0x0F,
    0xF0, 0x00, 0x00, 0x03, 0xF8, 0x0F, 0xF0, 0x00, 0x00, 0x02, 0xE0, 0x03, 0xC0, 0x00, 0x00, 0x00,
    0x00, 0x00, 0x00, 0x00, 0x00, 0x00, 0x00, 0x00, 0x00, 0x00, 0x00, 0x00, 0x00, 0x00, 0x00, 0x00,
    0x2A, 0xAA, 0x80, 0x00, 0xAA, 0xAA, 0x3F, 0xFF, 0xC0, 0x00, 0xFF, 0xFF, 0x03, 0xFC, 0x00, 0x00,
    0x0F, 0xE0, 0x03, 0xF8, 0x00, 0x00, 0x0F, 0xE0, 0x03, 0xF8, 0x00, 0x00, 0x0F, 0xE0, 0x03, 0xF8,
    0x00, 0x00, 0x0F, 0xE0, 0x03, 0xF8, 0x00, 0x00, 0x0F, 0xE0, 0x03, 0xFF, 0xFE, 0x00, 0x0F, 0xE0,
    0x03, 0xFE, 0xBF, 0xF0, 0x0F, 0xE0, 0x03, 0xF8, 0x03, 0xFC, 0x0F, 0xE0, 0x03, 0xF8, 0x00, 0xFE,
    0x0F, 0xE0, 0x03, 0xF8, 0x00, 0xFF, 0x0F, 0xE0, 0x03, 0xF8, 0x00, 0xBF, 0x0F, 0xE0, 0x03, 0xF8,
    0x00, 0xFF, 0x0F, 0xE0, 0x03, 0xF8, 0x00, 0xFF, 0x0F, 0xE0, 0x03, 0xF8, 0x02, 0xFE, 0x0F, 0xE0,
    0x2F, 0xFF, 0xFF, 0xF8, 0xBF, 0xFA, 0x3F, 0xFF, 0xFE, 0x80, 0xFF, 0xFF, 0x15, 0x55, 0x55, 0x55,
    0x50, 0x3F, 0xFF, 0xFF, 0xFF, 0xF0, 0x1B, 0xFF, 0xAA, 0xAB, 0xF0, 0x00, 0xFE, 0x00, 0x00, 0xF0,
    0x00, 0xFE, 0x00, 0x00, 0xF0, 0x00, 0xFE, 0x00, 0x00, 0xF0, 0x00, 0xFE, 0x00, 0x00, 0xF0, 0x00,
    0xFE, 0x00, 0x00, 0x10, 0x00, 0xFE, 0x00, 0x00, 0x00, 0x00, 0xFE, 0x00, 0x00, 0x00, 0x00, 0xFE,
    0x00, 0x00, 0x00, 0x7F, 0xFF, 0xFF, 0xC0, 0x00, 0xBF, 0xFF, 0xFF, 0xC0, 0x00, 0x01, 0xFE, 0x00,
    0x00, 0x00, 0x00, 0xFE, 0x00, 0x00, 0x00, 0x00, 0xFE, 0x00, 0x00, 0x00, 0x00, 0xFE, 0x00, 0x00,
    0x00, 0x00, 0xFE, 0x00, 0x00, 0x00, 0x00, 0xFE, 0x00, 0x00, 0x00, 0x00, 0xFE, 0x00, 0x00, 0x00,
    0x00, 0xFE, 0x00, 0x00, 0x00, 0x00, 0xFE, 0x00, 0x00, 0x00, 0x01, 0xFE, 0x00, 0x00, 0x00, 0x3F,
    0xFF, 0xF0, 0x00, 0x00, 0x3F, 0xFF, 0xF8, 0x00, 0x00, 0x00, 0x00, 0xB0, 0x00, 0x00, 0x00, 0x00,
    0xB0, 0x00, 0x00, 0x00, 0x00, 0xB0, 0x00, 0x00, 0x00, 0x00, 0xB0, 0x00, 0x00, 0x0F, 0x80, 0xF0,
    0x00, 0x00, 0x0F, 0xE0, 0xF0, 0x00, 0x00, 0x0F, 0xFF, 0xE0, 0x00, 0x00, 0x02, 0xFF, 0x80, 0x00,
    0x00, 0x00, 0x00, 0x00, 0x00, 0x00, 0x2A, 0xAA, 0xAA, 0xA8, 0x3F, 0xFF, 0xFF, 0xFC, 0x03, 0xFC,
    0x00, 0xBC, 0x03, 0xF8, 0x00, 0x3C, 0x03, 0xF8, 0x00, 0x2C, 0x03, 0xF8, 0x00, 0x2C, 0x03, 0xF8,
    0x00, 0x00, 0x03, 0xF8, 0x00, 0x00, 0xBF, 0xFF, 0xF8, 0x00, 0xBF, 0xFF, 0xF8, 0x00, 0x03, 0xF8,
    0x00, 0x00, 0x03, 0xF8, 0x00, 0x00, 0x03, 0xF8, 0x00, 0x00, 0x03, 0xF8, 0x00, 0x00, 0x03, 0xF8,
    0x00, 0x00, 0x03, 0xF8, 0x00, 0x00, 0x2F, 0xFE, 0x80, 0x00, 0x3F, 0xFF, 0xC0, 0x00, 0x00, 0x03,
    0xC0, 0x00, 0x00, 0x03, 0xC0, 0x00, 0x00, 0x03, 0xC0, 0x00, 0x00, 0x03, 0xC0, 0x00, 0x3C, 0x03,
    0x80, 0x00, 0xBF, 0x0B, 0x80, 0x00, 0xBF, 0xFF, 0x00, 0x00, 0x2F, 0xF8, 0x00, 0x00, 0x00, 0x00,
    0x00, 0x00, 0x15, 0x55, 0x50, 0x01, 0x55, 0x50, 0x3F, 0xFF, 0xF0, 0x0B, 0xFF, 0xF0, 0x2B, 0xFF,
    0x90, 0x02, 0xBF, 0xA0, 0x02, 0xFF, 0x00, 0x00, 0xBC, 0x00, 0x00, 0xFF, 0x80, 0x00, 0xF8, 0x00,
    0x00, 0x3F, 0xC0, 0x03, 0xF0, 0x00, 0x00, 0x2F, 0xF0, 0x0B, 0xC0, 0x00, 0x00, 0x0F, 0xF8, 0x2F,
    0x80, 0x00, 0x00, 0x03, 0xFC, 0x3E, 0x00, 0x00, 0x00, 0x02, 0xFF, 0xFC, 0x00, 0x00, 0x00, 0x00,
    0xFF, 0xF0, 0x00, 0x00, 0x00, 0x00, 0x3F, 0xE0, 0x00, 0x00, 0x00, 0x00, 0x2F, 0xF0, 0x00, 0x00,
    0x00, 0x00, 0x3F, 0xF4, 0x00, 0x00, 0x00, 0x00, 0xBF, 0xFC, 0x00, 0x00, 0x00, 0x00, 0xFB, 0xFE,
    0x00, 0x00, 0x00, 0x03, 0xF0, 0xFF, 0x00, 0x00, 0x00, 0x0B, 0xC0, 0xBF, 0xC0, 0x00, 0x00, 0x2F,
    0x80, 0x3F, 0xE0, 0x00, 0x00, 0x3E, 0x00, 0x0F, 0xF0, 0x00, 0x00, 0xFC, 0x00, 0x0B, 0xFC, 0x00,
    0x02, 0xF0, 0x00, 0x03, 0xFE, 0x00, 0x0B, 0xE0, 0x00, 0x00, 0xFF, 0x00, 0xBF, 0xFF, 0x00, 0x00,
    0xBF, 0x80, 0xBF, 0xFF, 0x00, 0x00, 0x3F, 0xC0, 0x00, 0x00, 0x00, 0x00, 0x2F, 0xE0, 0x00, 0x00,
    0x00, 0x00, 0x0F, 0xF0, 0x00, 0x00, 0x00, 0x00, 0x0F, 0xE0, 0x00, 0x00, 0x00, 0x00, 0x0F, 0xE0,
    0x00, 0x00, 0x00, 0x00, 0x2F, 0xC0, 0x00, 0x00, 0x00, 0x2A, 0xFF, 0x80, 0x00, 0x00, 0x00, 0x3F,
    0xFC, 0x00, 0x00, 0x00, 0x00, 0x00, 0x00, 0x00, 0x2A, 0xAA, 0x02, 0xAA, 0x80, 0xBF, 0xFF, 0x83,
    0xFF, 0xE0, 0x0B, 0xFC, 0x00, 0xBE, 0x00, 0x02, 0xFE, 0x00, 0xF8, 0x00, 0x00, 0xFF, 0x02, 0xF0,
    0x00, 0x00, 0x3F, 0xCB, 0xC0, 0x00, 0x00, 0x2F, 0xFF, 0x40, 0x00, 0x00, 0x0F, 0xFE, 0x00, 0x00,
    0x00, 0x03, 0xFC, 0x00, 0x00, 0x00, 0x03, 0xFE, 0x00, 0x00, 0x00, 0x07, 0xFF, 0x00, 0x00, 0x00,
    0x0F, 0xBF, 0xC0, 0x00, 0x00, 0x3F, 0x1F, 0xE0, 0x00, 0x00, 0xBC, 0x0B, 0xF4, 0x00, 0x02, 0xF0,
    0x03, 0xFC, 0x00, 0x03, 0xE0, 0x00, 0xFF, 0x00, 0xBF, 0xF8, 0x00, 0xBF, 0x40, 0xBF, 0xFC, 0x00,
    0x3F, 0xC0, 0x00, 0x00, 0x00, 0x0F, 0xE0, 0x00, 0x00, 0x00, 0x0B, 0xF0, 0x00, 0x00, 0x00, 0x0B,
    0xF0, 0x00, 0x00, 0x00, 0x0B, 0xF0, 0x00, 0x00, 0x00, 0x0F, 0xE0, 0x00, 0x00, 0x2A, 0xBF, 0xC0,
    0x00, 0x00, 0x2F, 0xFE, 0x00, 0x00, 0x00, 0x00, 0x00, 0x00, 0x15, 0x55, 0x50, 0x01, 0x55, 0x50,
    0x3F, 0xFF, 0xF0, 0x0B, 0xFF, 0xF0, 0x2B, 0xFF, 0x90, 0x02, 0xBF, 0xA0, 0x02, 0xFF, 0x00, 0x00,
    0xBC, 0x00, 0x00, 0xFF, 0x80, 0x00, 0xF8, 0x00, 0x00, 0x3F, 0xC0, 0x03, 0xF0, 0x00, 0x00, 0x2F,
    0xF0, 0x0B, 0xC0, 0x00, 0x00, 0x0F, 0xF8, 0x2F, 0x80, 0x00, 0x00, 0x03, 0xFC, 0x3E, 0x00, 0x00,
    0x00, 0x02, 0xFF, 0xFC, 0x00, 0x00, 0x00, 0x00, 0xFF, 0xF0, 0x00, 0x00, 0x00, 0xAA, 0xFF, 0xFA,
    0xA8, 0x00, 0x00, 0xFF, 0xFF, 0xFF, 0xFC, 0x00, 0x00, 0x00, 0x3F, 0xF8, 0x00, 0x00, 0x00, 0x00,
    0xBF, 0xFC, 0x00, 0x00, 0x00, 0x00, 0xFB, 0xFE, 0x00, 0x00, 0x00, 0x03, 0xF0, 0xFF, 0x00, 0x00,
    0x00, 0x0B, 0xC0, 0xBF, 0xC0, 0x00, 0x00, 0x2F, 0x80, 0x3F, 0xE0, 0x00, 0x00, 0x3E, 0x00, 0x0F,
    0xF0, 0x00, 0x00, 0xFC, 0x00, 0x0B, 0xFC, 0x00, 0x02, 0xF0, 0x00, 0x03, 0xFE, 0x00, 0x0B, 0xE0,
    0x00, 0x02, 0xFF, 0x00, 0xBF, 0xFF, 0x00, 0x3F, 0xFF, 0xF8, 0xBF, 0xFF, 0x00, 0x3F, 0xFF, 0xF8,
    0x2A, 0xAA, 0x02, 0xAA, 0x80, 0xBF, 0xFF, 0x83, 0xFF, 0xE0, 0x0B, 0xFC, 0x00, 0xBE, 0x00, 0x02,
    0xFE, 0x00, 0xF8, 0x00, 0x00, 0xFF, 0x02, 0xF0, 0x00, 0x00, 0x3F, 0xCB, 0xC0, 0x00, 0x00, 0x2F,
    0xFF, 0x40, 0x00, 0x00, 0x0F, 0xFE, 0x00, 0x00, 0x03, 0xFF, 0xFF, 0xFC, 0x00, 0x03, 0xFF, 0xFF,
    0xFC, 0x00, 0x00, 0x07, 0xFF, 0x00, 0x00, 0x00, 0x0F, 0xBF, 0xC0, 0x00, 0x00, 0x3F, 0x2F, 0xE0,
    0x00, 0x00, 0xBC, 0x0F, 0xF4, 0x00, 0x02, 0xF0, 0x03, 0xFC, 0x00, 0x03, 0xE0, 0x02, 0xFF, 0x00,
    0xBF, 0xF8, 0x0B, 0xFF, 0xE0, 0xBF, 0xFC, 0x0F, 0xFF, 0xF0, 0x00, 0x00, 0x00, 0x00, 0x00, 0x3F,
    0xFF, 0xFF, 0xFF, 0xFC, 0x3F, 0xFF, 0xFF, 0xFF, 0xFC, 0x2A, 0xAA, 0xAA, 0xAA, 0xA8, 0x00, 0x00,
    0x00, 0x00, 0x00, 0x00, 0x00, 0x00, 0x00, 0x00, 0x3F, 0xFF, 0xFF, 0xFF, 0xFF, 0xFF, 0xFF, 0xFF,
    0xFF, 0xC0, 0x3F, 0xFF, 0xFF, 0xFF, 0xFF, 0xFF, 0xFF, 0xFF, 0xFF, 0xC0, 0x2A, 0xAA, 0xAA, 0xAA,
    0xAA, 0xAA, 0xAA, 0xAA, 0xAA, 0x80, 0x00, 0xA0, 0x03, 0xC0, 0x0F, 0x00, 0x2E, 0x00, 0x3C, 0x00,
    0xBC, 0x00, 0xBC, 0x00, 0xBF, 0xE0, 0xBF, 0xE0, 0x3F, 0xC0, 0x01, 0x00, 0x2A, 0x00, 0xBF, 0xC0,
    0xBF, 0xD0, 0xBF, 0xE0, 0x03, 0xE0, 0x03, 0xC0, 0x03, 0xC0, 0x0F, 0x00, 0x2E, 0x00, 0xB8, 0x00,
    0x10, 0x00, 0x00, 0x00, 0x3F, 0x80, 0xBF, 0xC0, 0xBF, 0xE0, 0x2B, 0xE0, 0x03, 0xE0, 0x03, 0xC0,
    0x0B, 0x80, 0x0F, 0x00, 0x3C, 0x00, 0xB0, 0x00, 0x00, 0xA0, 0x02, 0x80, 0x03, 0xC0, 0x0B, 0x80,
    0x0F, 0x00, 0x2E, 0x00, 0x2E, 0x00, 0x3C, 0x00, 0x3C, 0x00, 0xF8, 0x00, 0xBC, 0x00, 0xF0, 0x00,
    0xBC, 0x00, 0xF8, 0x00, 0xBF, 0xE0, 0xFF, 0xC0, 0xBF, 0xE0, 0xFF, 0xC0, 0x3F, 0xC0, 0x7F, 0x80,
    0x01, 0x00, 0x04, 0x00, 0x2A, 0x00, 0x28, 0x00, 0xBF, 0xC0, 0xFF, 0x40, 0xBF, 0xD0, 0xFF, 0xC0,
    0xBF, 0xE0, 0xFF, 0xC0, 0x03, 0xE0, 0x0B, 0xC0, 0x03, 0xC0, 0x0B, 0x80, 0x03, 0xC0, 0x0F, 0x00,
    0x0F, 0x00, 0x2F, 0x00, 0x2E, 0x00, 0x3C, 0x00, 0xB8, 0x00, 0xF0, 0x00, 0x10, 0x00, 0x40, 0x00,
    0x00, 0x00, 0x00, 0x00, 0x3F, 0x80, 0xFF, 0x00, 0xBF, 0xC0, 0xFF, 0x80, 0xBF, 0xE0, 0xFF, 0xC0,
    0x2B, 0xE0, 0xAF, 0xC0, 0x03, 0xE0, 0x0B, 0xC0, 0x03, 0xC0, 0x0B, 0x80, 0x0B, 0x80, 0x0F, 0x00,
    0x0F, 0x00, 0x3E, 0x00, 0x3C, 0x00, 0xB8, 0x00, 0xB0, 0x00, 0xE0, 0x00, 0x00, 0x00, 0x00, 0x00,
    0x00, 0x00, 0x00, 0xA0, 0x00, 0x00, 0x00, 0x00, 0xF0, 0x00, 0x00, 0x00, 0x02, 0xF8, 0x00, 0x00,
    0x00, 0x02, 0xF8, 0x00, 0x00, 0x00, 0x00, 0xF0, 0x00, 0x00, 0x00, 0x00, 0xF0, 0x00, 0x00, 0x00,
    0x00, 0xA0, 0x00, 0x00, 0x0F, 0xE0, 0x50, 0xBF, 0x00, 0x3F, 0xFF, 0x0F, 0xFF, 0xC0, 0x0F, 0xE4,
    0x01, 0xBF, 0x00, 0x00, 0x00, 0xA0, 0x00, 0x00, 0x00, 0x00, 0xF0, 0x00, 0x00, 0x00, 0x00, 0xF0,
    0x00, 0x00, 0x00, 0x02, 0xF8, 0x00, 0x00, 0x00, 0x02, 0xF8, 0x00, 0x00, 0x00, 0x03, 0xFC, 0x00,
    0x00, 0x00, 0x03, 0xFC, 0x00, 0x00, 0x00, 0x02, 0xF8, 0x00, 0x00, 0x00, 0x02, 0xF8, 0x00, 0x00,
    0x00, 0x02, 0xF8, 0x00, 0x00, 0x00, 0x01, 0xF4, 0x00, 0x00, 0x00, 0x00, 0xF0, 0x00, 0x00, 0x00,
    0x00, 0xF0, 0x00, 0x00, 0x00, 0x00, 0xF0, 0x00, 0x00, 0x00, 0x00, 0xF0, 0x00, 0x00, 0x00, 0x00,
    0xF0, 0x00, 0x00, 0x00, 0x00, 0xA0, 0x00, 0x00, 0x00, 0x00, 0xA0, 0x00, 0x00, 0x00, 0x00, 0xA0,
    0x00, 0x00, 0x00, 0x00, 0xA0, 0x00, 0x00, 0x00, 0x00, 0x00, 0x00, 0x00, 0x00, 0x00, 0x00, 0x00,
    0x00, 0x00, 0x00, 0xA0, 0x00, 0x00, 0x00, 0x00, 0xF0, 0x00, 0x00, 0x00, 0x02, 0xF8, 0x00, 0x00,
    0x00, 0x02, 0xF8, 0x00, 0x00, 0x00, 0x00, 0xF0, 0x00, 0x00, 0x00, 0x00, 0xF0, 0x00, 0x00, 0x00,
    0x00, 0xA0, 0x00, 0x00, 0x0F, 0xE0, 0x50, 0xBF, 0x00, 0x3F, 0xFF, 0x0F, 0xFF, 0xC0, 0x0F, 0xE4,
    0x51, 0xBF, 0x00, 0x00, 0x00, 0xE0, 0x00, 0x00, 0x00, 0x00, 0xF0, 0x00, 0x00, 0x00, 0x01, 0xF4,
    0x00, 0x00, 0x00, 0x02, 0xF8, 0x00, 0x00, 0x00, 0x03, 0xFC, 0x00, 0x00, 0x00, 0x03, 0xFC, 0x00,
    0x00, 0x00, 0x03, 0xFC, 0x00, 0x00, 0x00, 0x02, 0xF8, 0x00, 0x00, 0x00, 0x00, 0xF0, 0x00, 0x00,
    0x00, 0x00, 0xF0, 0x00, 0x00, 0x02, 0x40, 0xA0, 0x18, 0x00, 0x2F, 0xFE, 0x0B, 0xFF, 0x80, 0x3F,
    0xFE, 0x0B, 0xFF, 0xC0, 0x0A, 0x80, 0xA0, 0x2A, 0x00, 0x00, 0x00, 0xF0, 0x00, 0x00, 0x00, 0x00,
    0xF0, 0x00, 0x00, 0x00, 0x01, 0xF4, 0x00, 0x00, 0x00, 0x02, 0xF8, 0x00, 0x00, 0x00, 0x01, 0xF8,
    0x00, 0x00, 0x00, 0x00, 0xF0, 0x00, 0x00, 0x00, 0x00, 0x00, 0x00, 0x00, 0x02, 0xA0, 0x00, 0x2F,
    0xFC, 0x00, 0x3F, 0xFF, 0x00, 0xBF, 0xFF, 0x80, 0xFF, 0xFF, 0x80, 0xBF, 0xFF, 0x80, 0x7F, 0xFF,
    0x00, 0x2F, 0xFE, 0x00, 0x06, 0xE0, 0x00, 0x0A, 0x00, 0x00, 0x0A, 0x00, 0x00, 0x0A, 0x00, 0x3F,
    0xC0, 0x00, 0x3F, 0xC0, 0x00, 0x3F, 0xC0, 0x7F, 0xE0, 0x00, 0xBF, 0xD0, 0x00, 0xBF, 0xD0, 0x7F,
    0xD0, 0x00, 0x7F, 0xD0, 0x00, 0x7F, 0xD0, 0x3F, 0xC0, 0x00, 0x3F, 0xC0, 0x00, 0x3F, 0xC0, 0x00,
    0x00, 0x00, 0x00, 0x00, 0x00, 0x00, 0x00, 0x00, 0x00, 0x00, 0x00, 0x00, 0x00, 0x00, 0x00, 0x00,
    0x00, 0x02, 0xFE, 0x00, 0x00, 0x00, 0x40, 0x00, 0x00, 0x00, 0x00, 0x0F, 0xEF, 0xC0, 0x00, 0x03,
    0xE0, 0x00, 0x00, 0x00, 0x00, 0x2F, 0x02, 0xF0, 0x00, 0x0B, 0xC0, 0x00, 0x00, 0x00, 0x00, 0x3E,
    0x00, 0xF8, 0x00, 0x0F, 0x00, 0x00, 0x00, 0x00, 0x00, 0xBC, 0x00, 0xFC, 0x00, 0x3E, 0x00, 0x00,
    0x00, 0x00, 0x00, 0xBC, 0x00, 0xFC, 0x00, 0xBC, 0x00, 0x00, 0x00, 0x00, 0x00, 0xFC, 0x00, 0xBC,
    0x00, 0xF0, 0x00, 0x00, 0x00, 0x00, 0x00, 0xFC, 0x00, 0xBC, 0x03, 0xE0, 0x00, 0x00, 0x00, 0x00,
    0x00, 0xFC, 0x00, 0xBC, 0x0B, 0xC0, 0x00, 0x00, 0x00, 0x00, 0x00, 0xFC, 0x00, 0xFC, 0x0F, 0x80,
    0x00, 0x00, 0x00, 0x00, 0x00, 0xBC, 0x00, 0xFC, 0x2F, 0x06, 0xA4, 0x00, 0x02, 0xA8, 0x00, 0x3E,
    0x00, 0xF8, 0x7C, 0x3F, 0xFF, 0x00, 0x0F, 0xFF, 0x80, 0x3F, 0x02, 0xF0, 0xF8, 0xFC, 0x0F, 0xC0,
    0x3E, 0x07, 0xE0, 0x0F, 0x8B, 0xE2, 0xF0, 0xF8, 0x0B, 0xC0, 0xBC, 0x03, 0xF0, 0x03, 0xFF, 0x83,
    0xC2, 0xF0, 0x03, 0xE0, 0xFC, 0x02, 0xF0, 0x00, 0x00, 0x0F, 0x83, 0xF0, 0x03, 0xF0, 0xF8, 0x00,
    0xF8, 0x00, 0x00, 0x2F, 0x03, 0xF0, 0x03, 0xF0, 0xF8, 0x00, 0xF8, 0x00, 0x00, 0x3D, 0x03, 0xF0,
    0x03, 0xF1, 0xF8, 0x00, 0xF8, 0x00, 0x00, 0xFC, 0x03, 0xF0, 0x03, 0xF1, 0xF8, 0x00, 0xF8, 0x00,
    0x02, 0xF0, 0x03, 0xF0, 0x03, 0xF0, 0xF8, 0x00, 0xF8, 0x00, 0x03, 0xE0, 0x03, 0xF0, 0x03, 0xF0,
    0xF8, 0x01, 0xF8, 0x00, 0x0B, 0xC0, 0x02, 0xF0, 0x03, 0xE0, 0xFC, 0x02, 0xF0, 0x00, 0x0F, 0x00,
    0x00, 0xF8, 0x0B, 0xC0, 0xBC, 0x03, 0xF0, 0x00, 0x3E, 0x00, 0x00, 0xBD, 0x1F, 0x80, 0x3F, 0x0B,
    0xC0, 0x00, 0xBC, 0x00, 0x00, 0x2F, 0xFE, 0x00, 0x0F, 0xFF, 0x00, 0x00, 0x00, 0x00, 0x00, 0x01,
    0x90, 0x00, 0x00, 0x60, 0x00, 0x00, 0x0A, 0x00, 0x00, 0x1F, 0x00, 0x00, 0x3D, 0x00, 0x00, 0xFC,
    0x00, 0x02, 0xF0, 0x00, 0x07, 0xF0, 0x00, 0x0F, 0xC0, 0x00, 0x3F, 0xC0, 0x00, 0x3F, 0x00, 0x00,
    0x7F, 0x00, 0x00, 0x3F, 0x80, 0x00, 0x1F, 0xC0, 0x00, 0x0B, 0xE0, 0x00, 0x03, 0xF0, 0x00, 0x00,
    0xF8, 0x00, 0x00, 0xBC, 0x00, 0x00, 0x2E, 0x00, 0x00, 0x0F, 0x00, 0x20, 0x00, 0x00, 0x3C, 0x00,
    0x00, 0x2F, 0x00, 0x00, 0x0F, 0x80, 0x00, 0x0B, 0xE0, 0x00, 0x03, 0xF0, 0x00, 0x02, 0xFC, 0x00,
    0x00, 0xFE, 0x00, 0x00, 0xBF, 0x00, 0x00, 0x3F, 0x00, 0x00, 0xFF, 0x00, 0x00, 0xFC, 0x00, 0x03,
    0xF8, 0x00, 0x07, 0xE0, 0x00, 0x0F, 0xC0, 0x00, 0x1F, 0x00, 0x00, 0x3E, 0x00, 0x00, 0x78, 0x00,
    0x00, 0x00, 0x00, 0x00, 0x00, 0x00, 0x00, 0x00, 0x00, 0x00, 0xBC, 0x00, 0x00, 0x00, 0x00, 0xF0,
    0x00, 0x00, 0x00, 0x03, 0xE0, 0x00, 0x00, 0x00, 0x0B, 0xC0, 0x00, 0x00, 0x00, 0x0F, 0x40, 0x00,
    0x00, 0x00, 0x3E, 0x00, 0x00, 0x00, 0x00, 0xBC, 0x00, 0x00, 0x00, 0x00, 0xF8, 0x00, 0x00, 0x00,
    0x02, 0xF0, 0x00, 0x00, 0x00, 0x07, 0xC0, 0x00, 0x00, 0x00, 0x0F, 0x80, 0x00, 0x00, 0x00, 0x2F,
    0x00, 0x00, 0x00, 0x00, 0x3C, 0x00, 0x00, 0x00, 0x00, 0xF8, 0x00, 0x00, 0x00, 0x02, 0xF0, 0x00,
    0x00, 0x00, 0x03, 0xD0, 0x00, 0x00, 0x00, 0x0F, 0x80, 0x00, 0x00, 0x00, 0x2F, 0x00, 0x00, 0x00,
    0x00, 0x3E, 0x00, 0x00, 0x00, 0x00, 0xBC, 0x00, 0x00, 0x00, 0x01, 0xF0, 0x00, 0x00, 0x00, 0x03,
    0xE0, 0x00, 0x00, 0x00, 0x0B, 0xC0, 0x00, 0x00, 0x00, 0x0F, 0x00, 0x00, 0x00, 0x00, 0x3E, 0x00,
    0x00, 0x00, 0x00, 0x00, 0x00, 0xA0, 0x00, 0x00, 0x02, 0xF0, 0x00, 0x00, 0x0B, 0xF0, 0x00, 0x00,
    0x0F, 0xF0, 0x00, 0x00, 0x3C, 0xF0, 0x00, 0x00, 0xF0, 0xF0, 0x00, 0x03, 0xC0, 0xF0, 0x00, 0x0B,
    0x80, 0xF0, 0x00, 0x2E, 0x00, 0xF0, 0x00, 0x3F, 0xFF, 0xFF, 0x00, 0x3F, 0xFF, 0xFF, 0x00, 0x00,
    0x00, 0xF0, 0x00, 0x00, 0x00, 0xF0, 0x00, 0x00, 0x00, 0xF0, 0x00, 0x00, 0x00, 0xF0, 0x00, 0x00,
    0x00, 0xA0, 0x00, 0x00, 0x00, 0x00, 0x00, 0x00, 0x00, 0x00, 0x0A, 0xFF, 0x90, 0x00, 0x00, 0xBF,
    0xFF, 0xFE, 0x00, 0x03, 0xFF, 0x82, 0xFF, 0x00, 0x0F, 0xF0, 0x00, 0x3F, 0x00, 0x2F, 0xC0, 0x00,
    0x2F, 0x00, 0x3F, 0x80, 0x00, 0x0F, 0x00, 0xFF, 0x00, 0x00, 0x0F, 0x00, 0xFE, 0x00, 0x00, 0x00,
    0x02, 0xFC, 0x00, 0x00, 0x00, 0x02, 0xFC, 0x00, 0x00, 0x00, 0xBF, 0xFF, 0xFF, 0xFC, 0x00, 0xBF,
    0xFF, 0xFF, 0xFC, 0x00, 0x03, 0xF8, 0x00, 0x00, 0x00, 0x2B, 0xFE, 0xAA, 0xA0, 0x00, 0xBF, 0xFF,
    0xFF, 0xF0, 0x00, 0x03, 0xFC, 0x00, 0x00, 0x00, 0x02, 0xFC, 0x00, 0x00, 0x00, 0x00, 0xFC, 0x00,
    0x00, 0x00, 0x00, 0xFE, 0x00, 0x00, 0x0F, 0x00, 0xBF, 0x00, 0x00, 0x0F, 0x00, 0x3F, 0xC0, 0x00,
    0x2F, 0x00, 0x0F, 0xE0, 0x00, 0x2F, 0x00, 0x0B, 0xFC, 0x00, 0x3F, 0x00, 0x01, 0xFF, 0xEB, 0xFF,
    0x00, 0x00, 0x2F, 0xFF, 0xF8, 0x00, 0x00, 0x00, 0x68, 0x00, 0x00, 0x02, 0xA0, 0x00, 0x00, 0x00,
    0xFF, 0xFF, 0x80, 0x00, 0x00, 0xFE, 0x5B, 0xF0, 0x00, 0x00, 0x10, 0x00, 0xFC, 0x00, 0x00, 0x00,
    0x00, 0x3E, 0x00, 0x00, 0x00, 0x00, 0x2F, 0x00, 0x00, 0x00, 0x00, 0x0F, 0x80, 0x00, 0x00, 0x00,
    0x0F, 0xC0, 0x00, 0x00, 0x00, 0x0B, 0xC0, 0x00, 0x00, 0x00, 0x0B, 0xC0, 0x00, 0x00, 0x00, 0x0B,
    0xD0, 0x00, 0x2F, 0xFE, 0x0F, 0xD0, 0x00, 0xFF, 0x87, 0xCF, 0xD0, 0x03, 0xFC, 0x00, 0xBF, 0xC0,
    0x0F, 0xF0, 0x00, 0x2F, 0xC0, 0x0F, 0xE0, 0x00, 0x2F, 0xC0, 0x2F, 0xC0, 0x00, 0x2F, 0xC0, 0x3F,
    0xC0, 0x00, 0x3F, 0x80, 0x3F, 0x80, 0x00, 0x3F, 0x00, 0x3F, 0x40, 0x00, 0x3F, 0x00, 0x3F, 0x00,
    0x00, 0xBE, 0x00, 0x3F, 0x40, 0x00, 0xFC, 0x00, 0x2F, 0x80, 0x02, 0xF8, 0x00, 0x0F, 0xC0, 0x03,
    0xF0, 0x00, 0x03, 0xE0, 0x0F, 0xD0, 0x00, 0x00, 0xFE, 0xBF, 0x00, 0x00, 0x00, 0x0A, 0xA0, 0x00,
    0x00, 0x00, 0x00, 0x00, 0x00, 0x00, 0x00, 0x00, 0x7F, 0xFF, 0xFF, 0xFF, 0xFF, 0xFF, 0xF0, 0x03,
    0xFF, 0xE0, 0x00, 0x6F, 0xFE, 0x00, 0x00, 0xFF, 0x00, 0x00, 0x0B, 0xFC, 0x00, 0x00, 0xFF, 0x00,
    0x00, 0x03, 0xF8, 0x00, 0x00, 0xFF, 0x00, 0x00, 0x03, 0xF8, 0x00, 0x00, 0xFF, 0x00, 0x00, 0x03,
    0xF8, 0x00, 0x00, 0xFF, 0x00, 0x00, 0x03, 0xF8, 0x00, 0x00, 0xFF, 0x00, 0x00, 0x03, 0xF8, 0x00,
    0x00, 0xFF, 0x00, 0x00, 0x03, 0xF8, 0x00, 0x00, 0xFF, 0x00, 0x00, 0x03, 0xF8, 0x00, 0x00, 0xFF,
    0x00, 0x00, 0x03, 0xF8, 0x00, 0x00, 0xFF, 0x00, 0x00, 0x03, 0xF8, 0x00, 0x00, 0xFF, 0x00, 0x00,
    0x03, 0xF8, 0x00, 0x00, 0xFF, 0x00, 0x00, 0x03, 0xF8, 0x00, 0x00, 0xFF, 0x00, 0x00, 0x03, 0xF8,
    0x00, 0x00, 0xFF, 0x00, 0x00, 0x03, 0xF8, 0x00, 0x00, 0xFF, 0x00, 0x00, 0x03, 0xF8, 0x00, 0x00,
    0xFF, 0x00, 0x00, 0x03, 0xF8, 0x00, 0x00, 0xFF, 0x00, 0x00, 0x03, 0xF8, 0x00, 0x00, 0xFF, 0x00,
    0x00, 0x03, 0xF8, 0x00, 0x00, 0xFF, 0x00, 0x00, 0x03, 0xF8, 0x00, 0x00, 0xFF, 0x00, 0x00, 0x03,
    0xF8, 0x00, 0x00, 0xFF, 0x00, 0x00, 0x03, 0xFC, 0x00, 0x02, 0xFF, 0xC0, 0x00, 0x0F, 0xFE, 0x00,
    0xBF, 0xFF, 0xFE, 0x02, 0xFF, 0xFF, 0xF0, 0x15, 0x55, 0x55, 0x55, 0x50, 0x3F, 0xFF, 0xFF, 0xFF,
    0xF0, 0x3F, 0xFA, 0xAA, 0xAB, 0xF0, 0x0F, 0xF8, 0x00, 0x03, 0xF0, 0x0B, 0xFC, 0x00, 0x02, 0xF0,
    0x03, 0xFF, 0x00, 0x02, 0xF0, 0x00, 0xFF, 0x80, 0x00, 0xA0, 0x00, 0xBF, 0xC0, 0x00, 0x00, 0x00,
    0x2F, 0xF0, 0x00, 0x00, 0x00, 0x0F, 0xF8, 0x00, 0x00, 0x00, 0x03, 0xFC, 0x00, 0x00, 0x00, 0x02,
    0xFF, 0x00, 0x00, 0x00, 0x00, 0xFF, 0x00, 0x00, 0x00, 0x03, 0xFE, 0x00, 0x00, 0x00, 0x0B, 0xFC,
    0x00, 0x00, 0x00, 0x0F, 0xF0, 0x00, 0x00, 0x00, 0x3F, 0xE0, 0x00, 0x00, 0x00, 0xBF, 0xC0, 0x00,
    0x00, 0x01, 0xFF, 0x00, 0x00, 0xB8, 0x03, 0xFD, 0x00, 0x00, 0xF8, 0x0F, 0xF8, 0x00, 0x00, 0xF8,
    0x2F, 0xF0, 0x00, 0x00, 0xF8, 0x3F, 0xC0, 0x00, 0x01, 0xF8, 0xBF, 0xFF, 0xFF, 0xFF, 0xF8, 0xBF,
    0xFF, 0xFF, 0xFF, 0xF8, 0x00, 0x00, 0x00, 0x00, 0x00, 0x00, 0xFF, 0xFF, 0xFF, 0xFF, 0xFF, 0xF0,
    0xFF, 0xFF, 0xFF, 0xFF, 0xFF, 0xF0, 0x00, 0x00, 0x00, 0x00, 0x00, 0x00, 0x00, 0x00, 0x00, 0x00,
    0x10, 0x00, 0x00, 0x00, 0x00, 0xF0, 0x00, 0x00, 0x00, 0x03, 0xF0, 0x00, 0x00, 0x00, 0x07, 0xC0,
    0x00, 0x00, 0x00, 0x0F, 0x80, 0x00, 0x00, 0x00, 0x2F, 0x00, 0x00, 0x00, 0x00, 0x3E, 0x00, 0x00,
    0x00, 0x00, 0xBC, 0x00, 0x00, 0x00, 0x00, 0xF8, 0x00, 0x00, 0x00, 0x02, 0xF0, 0x00, 0x00, 0x00,
    0x03, 0xC0, 0x00, 0x00, 0x00, 0x0F, 0xC0, 0x00, 0x00, 0x00, 0x1F, 0x00, 0x00, 0x00, 0x00, 0x3E,
    0x00, 0x00, 0x00, 0x00, 0xBC, 0x00, 0x00, 0x00, 0x00, 0xF8, 0x00, 0x00, 0x00, 0x02, 0xF0, 0x00,
    0x00, 0x00, 0x03, 0xD0, 0x00, 0x00, 0x00, 0x0B, 0xC0, 0x00, 0x00, 0x00, 0x0F, 0x00, 0x00, 0x00,
    0x00, 0x3E, 0x00, 0x00, 0x00, 0x00, 0x7C, 0x00, 0x00, 0x00, 0x00, 0xF8, 0x00, 0x00, 0x00, 0x02,
    0xF0, 0x00, 0x00, 0x00, 0x03, 0xE0, 0x00, 0x00, 0x00, 0x0B, 0xC0, 0x00, 0x00, 0x00, 0x0F, 0x40,
    0x00, 0x00, 0x00, 0x3F, 0x00, 0x00, 0x00, 0x00, 0x00, 0x00, 0x00, 0x00, 0x00, 0x18, 0x00, 0xBF,
    0x00, 0xFF, 0x80, 0xBF, 0x40, 0x2E, 0x00, 0x00, 0x00, 0x00, 0x00, 0x0A, 0x00, 0x00, 0x00, 0x00,
    0x00, 0x2F, 0x80, 0x00, 0x00, 0x00, 0x00, 0x3C, 0x00, 0x00, 0x00, 0x00, 0x00, 0x38, 0x00, 0x00,
    0x00, 0x00, 0x00, 0x30, 0x00, 0x00, 0x00, 0x00, 0x00, 0xB0, 0x00, 0x00, 0x00, 0x00, 0x00, 0xE0,
    0x00, 0x00, 0x00, 0x00, 0x00, 0xE0, 0x00, 0x00, 0x80, 0x00, 0x02, 0xC0, 0x00, 0x0B, 0xE0, 0x00,
    0x02, 0xC0, 0x00, 0x3F, 0xF0, 0x00, 0x03, 0x80, 0x00, 0x20, 0xF8, 0x00, 0x03, 0x40, 0x00, 0x00,
    0xBC, 0x00, 0x0B, 0x00, 0x00, 0x00, 0x3E, 0x00, 0x0F, 0x00, 0x00, 0x00, 0x2F, 0x00, 0x0E, 0x00,
    0x00, 0x00, 0x0F, 0x80, 0x0C, 0x00, 0x00, 0x00, 0x0B, 0xC0, 0x2C, 0x00, 0x00, 0x00, 0x03, 0xE0,
    0x3C, 0x00, 0x00, 0x00, 0x02, 0xF0, 0x38, 0x00, 0x00, 0x00, 0x00, 0xFC, 0xB0, 0x00, 0x00, 0x00,
    0x00, 0xBC, 0xB0, 0x00, 0x00, 0x00, 0x00, 0x3F, 0xE0, 0x00, 0x00, 0x00, 0x00, 0x2F, 0xD0, 0x00,
    0x00, 0x00, 0x00, 0x0F, 0xC0, 0x00, 0x00, 0x00, 0x00, 0x0B, 0xC0, 0x00, 0x00, 0x00, 0x00, 0x03,
    0x80, 0x00, 0x00, 0x00, 0x00, 0x00, 0x00, 0x00, 0x00, 0x00, 0x00, 0xFF, 0x80, 0x00, 0x2F, 0xF0,
    0x00, 0x0B, 0xFF, 0xF0, 0x01, 0xFF, 0xFE, 0x00, 0x0F, 0x80, 0xFE, 0x0B, 0xF0, 0x2F, 0x00, 0x3E,
    0x00, 0x2F, 0xBF, 0x40, 0x0B, 0xC0, 0x3C, 0x00, 0x03, 0xFC, 0x00, 0x03, 0xC0, 0x3C, 0x00, 0x03,
    0xFC, 0x00, 0x03, 0xC0, 0x3D, 0x00, 0x0F, 0xFF, 0x00, 0x07, 0xC0, 0x1F, 0x00, 0x7E, 0x0B, 0xD0,
    0x1F, 0x40, 0x0B, 0xFF, 0xF8, 0x02, 0xFF, 0xFE, 0x00, 0x02, 0xFF, 0x80, 0x00, 0x2F, 0xF8, 0x00,
    0x00, 0x00, 0x00, 0x00, 0x00, 0x00, 0x00, 0x00, 0x00, 0x00, 0x00, 0x00, 0x00, 0x02, 0xFC, 0x00,
    0x00, 0x2F, 0xFF, 0x00, 0x00, 0x3E, 0xFF, 0x00, 0x00, 0xB8, 0x3C, 0x00, 0x00, 0xF8, 0x00, 0x00,
    0x00, 0xF4, 0x00, 0x00, 0x00, 0xF4, 0x00, 0x00, 0x01, 0xF0, 0x00, 0x00, 0x02, 0xF0, 0x00, 0x00,
    0x02, 0xF0, 0x00, 0x00, 0x02, 0xF0, 0x00, 0x00, 0x02, 0xF0, 0x00, 0x00, 0x02, 0xF0, 0x00, 0x00,
    0x03, 0xF0, 0x00, 0x00, 0x03, 0xF0, 0x00, 0x00, 0x03, 0xF0, 0x00, 0x00, 0x03, 0xF0, 0x00, 0x00,
    0x03, 0xF0, 0x00, 0x00, 0x03, 0xF0, 0x00, 0x00, 0x03, 0xF0, 0x00, 0x00, 0x03, 0xF0, 0x00, 0x00,
    0x03, 0xF0, 0x00, 0x00, 0x03, 0xF0, 0x00, 0x00, 0x03, 0xF0, 0x00, 0x00, 0x03, 0xE0, 0x00, 0x00,
    0x03, 0xE0, 0x00, 0x00, 0x03, 0xE0, 0x00, 0x00, 0x03, 0xC0, 0x00, 0x00, 0x07, 0xC0, 0x00, 0x00,
    0x0B, 0xC0, 0x00, 0x0F, 0x0B, 0x80, 0x00, 0x3F, 0xEF, 0x00, 0x00, 0x3F, 0xFE, 0x00, 0x00, 0x1F,
    0xE0, 0x00, 0x00, 0x00, 0x00, 0x00, 0x00, 0x00, 0x04, 0x00, 0x00, 0x00, 0x20, 0x0B, 0xFF, 0xF8,
    0x00, 0x00, 0xF0, 0x3F, 0xFF, 0xFF, 0xE0, 0x0B, 0xF0, 0xFE, 0x00, 0x6F, 0xFF, 0xFF, 0xC0, 0xE0,
    0x00, 0x01, 0xBF, 0xFE, 0x00, 0x80, 0x00, 0x00, 0x00, 0x00, 0x00, 0x00, 0x00, 0x00, 0x00, 0x00,
    0x20, 0x0B, 0xFF, 0xE4, 0x00, 0x00, 0xF0, 0x3F, 0xFF, 0xFF, 0xA0, 0x0B, 0xF0, 0xFE, 0x00, 0xBF,
    0xFF, 0xFF, 0xC0, 0xF0, 0x00, 0x02, 0xFF, 0xFE, 0x00, 0x80, 0x00, 0x00, 0x00, 0x00, 0x00, 0x00,
    0x00, 0x00, 0x00, 0x00, 0x00, 0x00, 0x00, 0x00, 0x00, 0x3C, 0x00, 0x00, 0x00, 0x00, 0x00, 0xFC,
    0x00, 0x00, 0x00, 0x00, 0x03, 0xF0, 0x00, 0x6A, 0xAA, 0xAA, 0xAF, 0xEA, 0x90, 0xFF, 0xFF, 0xFF,
    0xFF, 0xFF, 0xF0, 0xFF, 0xFF, 0xFF, 0xFF, 0xFF, 0xF0, 0x00, 0x00, 0x03, 0xF0, 0x00, 0x00, 0x00,
    0x00, 0x0F, 0xC0, 0x00, 0x00, 0x00, 0x00, 0x3F, 0x00, 0x00, 0x00, 0x00, 0x00, 0xFC, 0x00, 0x00,
    0x00, 0xFF, 0xFF, 0xFF, 0xFF, 0xFF, 0xF0, 0xFF, 0xFF, 0xFF, 0xFF, 0xFF, 0xF0, 0xAA, 0xBF, 0xAA,
    0xAA, 0xAA, 0xA0, 0x00, 0xFC, 0x00, 0x00, 0x00, 0x00, 0x03, 0xF0, 0x00, 0x00, 0x00, 0x00, 0x03,
    0xC0, 0x00, 0x00, 0x00, 0x00, 0x00, 0x00, 0x00, 0x00, 0x00, 0x00, 0x00, 0x00, 0x00, 0x00, 0x00,
    0x00, 0x00, 0x00, 0x00, 0x00, 0x02, 0xF0, 0x00, 0x00, 0x00, 0x01, 0xBF, 0xF0, 0x00, 0x00, 0x00,
    0xBF, 0xFF, 0x80, 0x00, 0x00, 0x2F, 0xFF, 0x80, 0x00, 0x00, 0x0B, 0xFF, 0xE0, 0x00, 0x00, 0x02,
    0xFF, 0xE4, 0x00, 0x00, 0x00, 0xBF, 0xF8, 0x00, 0x00, 0x00, 0x00, 0xFE, 0x00, 0x00, 0x00, 0x00,
    0x00, 0xFF, 0xE0, 0x00, 0x00, 0x00, 0x00, 0x0B, 0xFF, 0x80, 0x00, 0x00, 0x00, 0x00, 0x2F, 0xFF,
    0x80, 0x00, 0x00, 0x00, 0x00, 0xBF, 0xFE, 0x00, 0x00, 0x00, 0x00, 0x02, 0xFF, 0xF9, 0x00, 0x00,
    0x00, 0x00, 0x0B, 0xFF, 0xF0, 0x00, 0x00, 0x00, 0x00, 0x1B, 0xF0, 0x00, 0x00, 0x00, 0x00, 0x00,
    0x20, 0x00, 0x00, 0x00, 0x00, 0x00, 0x00, 0x00, 0x00, 0x00, 0x00, 0x00, 0x00, 0xFF, 0xFF, 0xFF,
    0xFF, 0xFF, 0xF0, 0xFF, 0xFF, 0xFF, 0xFF, 0xFF, 0xF0, 0x00, 0x00, 0x00, 0x00, 0x00, 0x00, 0xF8,
    0x00, 0x00, 0x00, 0x00, 0x00, 0xFF, 0xE4, 0x00, 0x00, 0x00, 0x00, 0x2F, 0xFF, 0xE0, 0x00, 0x00,
    0x00, 0x00, 0x2F, 0xFF, 0x80, 0x00, 0x00, 0x00, 0x00, 0xBF, 0xFE, 0x00, 0x00, 0x00, 0x00, 0x01,
    0xBF, 0xF8, 0x00, 0x00, 0x00, 0x00, 0x02, 0xFF, 0xE0, 0x00, 0x00, 0x00, 0x00, 0x0B, 0xF0, 0x00,
    0x00, 0x00, 0x00, 0xBF, 0xF0, 0x00, 0x00, 0x00, 0x2F, 0xFE, 0x00, 0x00, 0x00, 0x2F, 0xFF, 0x80,
    0x00, 0x00, 0x0B, 0xFF, 0xE0, 0x00, 0x00, 0x06, 0xFF, 0xF8, 0x00, 0x00, 0x00, 0xFF, 0xFE, 0x00,
    0x00, 0x00, 0x00, 0xFE, 0x40, 0x00, 0x00, 0x00, 0x00, 0x80, 0x00, 0x00, 0x00, 0x00, 0x00, 0x00,
    0x00, 0x00, 0x00, 0x00, 0x00, 0x00, 0x00, 0x00, 0x00, 0x00, 0x00, 0xFF, 0xFF, 0xFF, 0xFF, 0xFF,
    0xF0, 0xFF, 0xFF, 0xFF, 0xFF, 0xFF, 0xF0, 0x00, 0x00, 0x00, 0x00, 0x20, 0x00, 0x00, 0x00, 0x00,
    0x00, 0x00, 0x00, 0x00, 0xF8, 0x00, 0x00, 0x00, 0x00, 0x00, 0x00, 0x00, 0x03, 0xFE, 0x00, 0x00,
    0x00, 0x00, 0x00, 0x00, 0x00, 0x0F, 0xFF, 0x80, 0x00, 0x00, 0x00, 0x00, 0x00, 0x00, 0x3F, 0xFF,
    0xE0, 0x00, 0x00, 0x00, 0x00, 0x00, 0x00, 0xFF, 0xFF, 0xF8, 0x00, 0x00, 0x00, 0x00, 0x00, 0x03,
    0xFF, 0xAB, 0xFE, 0x00, 0x00, 0x00, 0x00, 0x00, 0x0F, 0xE2, 0xA0, 0x2F, 0x80, 0x00, 0x00, 0x00,
    0x00, 0x3F, 0x8F, 0xFE, 0x0B, 0xE0, 0x00, 0x00, 0x00, 0x00, 0xFF, 0x2F, 0xFF, 0x02, 0xF8, 0x00,
    0x00, 0x00, 0x03, 0xFD, 0x2F, 0xFF, 0x80, 0xFE, 0x00, 0x00, 0x00, 0x0F, 0xFC, 0x0F, 0xFF, 0xC0,
    0xFF, 0x80, 0x00, 0x00, 0x3F, 0xFC, 0x0B, 0xFF, 0xC0, 0xFF, 0xE0, 0x00, 0x00, 0xFF, 0xFF, 0x0F,
    0xFF, 0xC0, 0xFF, 0xF8, 0x00, 0x03, 0xFF, 0xFF, 0xFF, 0xFF, 0x82, 0xFF, 0xFE, 0x00, 0x0F, 0xFF,
    0xFF, 0xFF, 0xFF, 0x03, 0xFF, 0xFF, 0x80, 0x3F, 0xFF, 0xFF, 0xFF, 0xFF, 0x0F, 0xFF, 0xFF, 0xE0,
    0xFF, 0xFF, 0xFF, 0xFF, 0xFC, 0x2F, 0xFF, 0xFF, 0xF4, 0x3F, 0xFF, 0xFF, 0xFF, 0xFC, 0xBF, 0xFF,
    0xFF, 0xF0, 0x0F, 0xFF, 0xFF, 0xFF, 0xF0, 0xFF, 0xFF, 0xFF, 0xC0, 0x03, 0xFF, 0xFF, 0xFF, 0xF3,
    0xFF, 0xFF, 0xFF, 0x00, 0x00, 0xFF, 0xFF, 0xFF, 0xEB, 0xFF, 0xFF, 0xFC, 0x00, 0x00, 0x3F, 0xFF,
    0xFF, 0xDF, 0xFF, 0xFF, 0xF0, 0x00, 0x00, 0x0F, 0xFF, 0xFF, 0xEF, 0xFF, 0xFF, 0xC0, 0x00, 0x00,
    0x03, 0xFF, 0xFF, 0xEF, 0xFF, 0xFF, 0x00, 0x00, 0x00, 0x00, 0xFF, 0xFF, 0xFF, 0xFF, 0xFC, 0x00,
    0x00, 0x00, 0x00, 0x3F, 0xFF, 0xFF, 0xFF, 0xF0, 0x00, 0x00, 0x00, 0x00, 0x0F, 0xFF, 0xAF, 0xFF,
    0xC0, 0x00, 0x00, 0x00, 0x00, 0x03, 0xFE, 0x03, 0xFF, 0x00, 0x00, 0x00, 0x00, 0x00, 0x00, 0xFD,
    0x03, 0xFC, 0x00, 0x00, 0x00, 0x00, 0x00, 0x00, 0x3F, 0x07, 0xF0, 0x00, 0x00, 0x00, 0x00, 0x00,
    0x00, 0x0F, 0xFF, 0xC0, 0x00, 0x00, 0x00, 0x00, 0x00, 0x00, 0x03, 0xFF, 0x00, 0x00, 0x00, 0x00,
    0x00, 0x00, 0x00, 0x00, 0xFC, 0x00, 0x00, 0x00, 0x00, 0x00, 0x00, 0x00, 0x00, 0x20, 0x00, 0x00,
    0x00, 0x00,
};

static const EpdGlyph chareink_16_regularGlyphs[] = {
    { 0, 0, 13, 0, 26, 0, 0 },
    { 8, 27, 12, 3, 26, 54, 0 },
    { 12, 11, 12, 1, 26, 33, 54 },
    { 24, 27, 27, 2, 26, 162, 87 },
    { 20, 32, 20, 1, 28, 160, 249 },
    { 32, 27, 31, 1, 26, 216, 409 },
    { 24, 26, 25, 1, 25, 156, 625 },
    { 4, 11, 6, 1, 26, 11, 781 },
    { 12, 33, 14, 1, 27, 99, 792 },
    { 12, 33, 14, 1, 27, 99, 891 },
    { 16, 15, 18, 1, 27, 60, 990 },
    { 24, 22, 36, 7, 22, 132, 1050 },
    { 8, 12, 10, 1, 5, 24, 1182 },
    { 12, 4, 12, 1, 11, 12, 1206 },
    { 8, 6, 10, 2, 5, 12, 1218 },
    { 20, 29, 18, -1, 25, 145, 1230 },
    { 20, 27, 20, 1, 26, 135, 1375 },
    { 16, 26, 20, 2, 26, 104, 1510 },
    { 20, 26, 20, 1, 26, 130, 1614 },
    { 20, 27, 20, 1, 26, 135, 1744 },
    { 20, 27, 20, 1, 26, 135, 1879 },
    { 20, 26, 20, 1, 25, 130, 2014 },
    { 20, 26, 20, 1, 25, 130, 2144 },
    { 20, 26, 20, 2, 25, 130, 2274 },
    { 20, 27, 20, 1, 26, 135, 2404 },
    { 20, 27, 20, 1, 26, 135, 2539 },
    { 8, 20, 10, 2, 19, 40, 2674 },
    { 8, 26, 10, 1, 19, 52, 2714 },
    { 24, 20, 36, 7, 21, 120, 2766 },
    { 24, 10, 36, 7, 16, 60, 2886 },
    { 24, 20, 36, 7, 21, 120, 2946 },
    { 16, 27, 17, 1, 26, 108, 3066 },
    { 32, 32, 34, 2, 26, 256, 3174 },
    { 28, 26, 24, 0, 26, 182, 3430 },
    { 20, 25, 22, 1, 25, 125, 3612 },
    { 24, 27, 23, 1, 26, 162, 3737 },
    { 24, 25, 25, 1, 25, 150, 3899 },
    { 20, 25, 21, 1, 25, 125, 4049 },
    { 20, 25, 19, 0, 25, 125, 4174 },
    { 24, 27, 25, 1, 26, 162, 4299 },
    { 28, 25, 27, 1, 25, 175, 4461 },
    { 12, 25, 12, 1, 25, 75, 4636 },
    { 20, 26, 17, 0, 25, 130, 4711 },
    { 24, 25, 23, 1, 25, 150, 4841 },
    { 20, 25, 19, 0, 25, 125, 4991 },
    { 32, 25, 32, 0, 25, 200, 5116 },
    { 28, 25, 26, 0, 25, 175, 5316 },
    { 28, 27, 26, 1, 26, 189, 5491 },
    { 20, 25, 21, 0, 25, 125, 5680 },
    { 28, 33, 27, 1, 26, 231, 5805 },
    { 24, 26, 23, 1, 25, 156, 6036 },
    { 20, 27, 19, 1, 26, 135, 6192 },
    { 24, 25, 22, 0, 25, 150, 6327 },
    { 28, 26, 26, 0, 25, 182, 6477 },
    { 24, 26, 24, 0, 25, 156, 6659 },
    { 36, 26, 34, 0, 25, 234, 6815 },
    { 24, 25, 23, 0, 25, 150, 7049 },
    { 24, 25, 23, 0, 25, 150, 7199 },
    { 20, 25, 21, 1, 25, 125, 7349 },
    { 12, 31, 15, 4, 26, 93, 7474 },
    { 20, 29, 18, -1, 25, 145, 7567 },
    { 12, 31, 15, 1, 26, 93, 7712 },
    { 16, 8, 12, -1, 27, 32, 7805 },
    { 16, 4, 12, -1, -2, 16, 7837 },
    { 12, 8, 13, -1, 27, 24, 7853 },
    { 20, 20, 18, 1, 19, 100, 7877 },
    { 20, 27, 20, 0, 27, 135, 7977 },
    { 16, 20, 17, 1, 19, 80, 8112 },
    { 20, 28, 20, 1, 27, 140, 8192 },
    { 16, 20, 18, 1, 19, 80, 8332 },
    { 16, 27, 12, 0, 27, 108, 8412 },
    { 20, 28, 19, 1, 19, 140, 8520 },
    { 20, 27, 21, 0, 27, 135, 8660 },
    { 12, 26, 11, 1, 26, 78, 8795 },
    { 12, 35, 11, -3, 26, 105, 8873 },
    { 20, 27, 19, 0, 27, 135, 8978 },
    { 12, 27, 11, 0, 27, 81, 9113 },
    { 32, 19, 31, 0, 19, 152, 9194 },
    { 20, 19, 20, 0, 19, 95, 9346 },
    { 20, 20, 20, 1, 19, 100, 9441 },
    { 20, 27, 20, 0, 19, 135, 9541 },
    { 20, 27, 20, 1, 19, 135, 9676 },
    { 16, 19, 14, 0, 19, 76, 9811 },
    { 16, 20, 14, 1, 19, 80, 9887 },
    { 16, 23, 12, 0, 22, 92, 9967 },
    { 20, 20, 20, 0, 19, 100, 10059 },
    { 20, 18, 19, 0, 18, 90, 10159 },
    { 28, 18, 28, 0, 18, 126, 10249 },
    { 20, 18, 18, 0, 18, 90, 10375 },
    { 20, 27, 19, 0, 18, 135, 10465 },
    { 16, 18, 17, 1, 18, 72, 10600 },
    { 16, 31, 18, 2, 26, 124, 10672 },
    { 4, 39, 13, 5, 29, 39, 10796 },
    { 16, 31, 18, 2, 26, 124, 10835 },
    { 28, 6, 30, 2, 14, 42, 10959 },
    { 0, 0, 13, 0, 26, 0, 11001 },
    { 8, 27, 12, 3, 19, 54, 11001 },
    { 16, 27, 20, 2, 23, 108, 11055 },
    { 20, 27, 20, 1, 27, 135, 11163 },
    { 24, 21, 22, 1, 26, 126, 11298 },
    { 24, 25, 21, 0, 25, 150, 11424 },
    { 4, 35, 12, 5, 27, 35, 11574 },
    { 16, 32, 18, 1, 27, 128, 11609 },
    { 16, 5, 11, -1, 26, 20, 11737 },
    { 32, 29, 30, 1, 27, 232, 11757 },
    { 12, 15, 12, 0, 25, 45, 11989 },
    { 16, 18, 16, 0, 18, 72, 12034 },
    { 24, 10, 22, 1, 16, 60, 12106 },
    { 0, 0, 1, 0, 26, 0, 12166 },
    { 32, 29, 30, 1, 27, 232, 12166 },
    { 16, 3, 12, -1, 24, 12, 12398 },
    { 12, 9, 12, 1, 27, 27, 12410 },
    { 24, 22, 36, 7, 22, 132, 12437 },
    { 16, 16, 13, 0, 29, 64, 12569 },
    { 16, 16, 13, 0, 29, 64, 12633 },
    { 12, 8, 13, 4, 27, 24, 12697 },
    { 20, 26, 20, 1, 18, 130, 12721 },
    { 20, 28, 17, 0, 25, 140, 12851 },
    { 8, 5, 7, 1, 15, 10, 12991 },
    { 8, 11, 8, 1, 2, 22, 13001 },
    { 12, 16, 13, 1, 29, 48, 13023 },
    { 16, 15, 13, 0, 25, 60, 13071 },
    { 16, 18, 16, 0, 18, 72, 13131 },
    { 32, 27, 32, 1, 26, 216, 13203 },
    { 32, 26, 32, 1, 26, 208, 13419 },
    { 32, 27, 32, 1, 26, 216, 13627 },
    { 16, 27, 17, 2, 19, 108, 13843 },
    { 28, 34, 24, 0, 34, 238, 13951 },
    { 28, 34, 24, 0, 34, 238, 14189 },
    { 28, 34, 24, 0, 34, 238, 14427 },
    { 28, 33, 24, 0, 33, 231, 14665 },
    { 28, 33, 24, 0, 33, 231, 14896 },
    { 28, 36, 24, 0, 36, 252, 15127 },
    { 36, 25, 34, 0, 25, 225, 15379 },
    { 24, 35, 23, 1, 26, 210, 15604 },
    { 20, 34, 21, 1, 34, 170, 15814 },
    { 20, 34, 21, 1, 34, 170, 15984 },
    { 20, 34, 21, 1, 34, 170, 16154 },
    { 20, 33, 21, 1, 33, 165, 16324 },
    { 12, 34, 12, 0, 34, 102, 16489 },
    { 12, 34, 12, 1, 34, 102, 16591 },
    { 16, 34, 12, -1, 34, 136, 16693 },
    { 12, 33, 12, 0, 33, 99, 16829 },
    { 24, 25, 25, 0, 25, 150, 16928 },
    { 28, 33, 26, 0, 33, 231, 17078 },
    { 28, 35, 26, 1, 34, 245, 17309 },
    { 28, 35, 26, 1, 34, 245, 17554 },
    { 28, 35, 26, 1, 34, 245, 17799 },
    { 28, 34, 26, 1, 33, 238, 18044 },
    { 28, 34, 26, 1, 33, 238, 18282 },
    { 20, 20, 36, 8, 21, 100, 18520 },
    { 28, 31, 26, 1, 28, 217, 18620 },
    { 28, 35, 26, 0, 34, 245, 18837 },
    { 28, 35, 26, 0, 34, 245, 19082 },
    { 28, 35, 26, 0, 34, 245, 19327 },
    { 28, 34, 26, 0, 33, 238, 19572 },
    { 24, 34, 23, 0, 34, 204, 19810 },
    { 20, 25, 21, 1, 25, 125, 20014 },
    { 24, 28, 23, 0, 27, 168, 20139 },
    { 20, 28, 18, 1, 27, 140, 20307 },
    { 20, 28, 18, 1, 27, 140, 20447 },
    { 20, 28, 18, 1, 27, 140, 20587 },
    { 20, 27, 18, 1, 26, 135, 20727 },
    { 20, 27, 18, 1, 26, 135, 20862 },
    { 20, 30, 18, 1, 29, 150, 20997 },
    { 24, 20, 26, 1, 19, 120, 21147 },
    { 16, 28, 17, 1, 19, 112, 21267 },
    { 16, 28, 18, 1, 27, 112, 21379 },
    { 16, 28, 18, 1, 27, 112, 21491 },
    { 16, 28, 18, 1, 27, 112, 21603 },
    { 16, 27, 18, 1, 26, 108, 21715 },
    { 12, 27, 11, 0, 27, 81, 21823 },
    { 12, 27, 11, 1, 27, 81, 21904 },
    { 16, 27, 11, -1, 27, 108, 21985 },
    { 16, 26, 11, -1, 26, 104, 22093 },
    { 20, 28, 19, 1, 27, 140, 22197 },
    { 20, 26, 20, 0, 26, 130, 22337 },
    { 20, 28, 20, 1, 27, 140, 22467 },
    { 20, 28, 20, 1, 27, 140, 22607 },
    { 20, 28, 20, 1, 27, 140, 22747 },
    { 20, 27, 20, 1, 26, 135, 22887 },
    { 20, 27, 20, 1, 26, 135, 23022 },
    { 24, 18, 36, 7, 20, 108, 23157 },
    { 20, 24, 20, 1, 21, 120, 23265 },
    { 20, 28, 20, 0, 27, 140, 23385 },
    { 20, 28, 20, 0, 27, 140, 23525 },
    { 20, 28, 20, 0, 27, 140, 23665 },
    { 20, 27, 20, 0, 26, 135, 23805 },
    { 20, 36, 19, 0, 27, 180, 23940 },
    { 20, 35, 20, 0, 27, 175, 24120 },
    { 20, 35, 19, 0, 26, 175, 24295 },
    { 28, 31, 24, 0, 31, 217, 24470 },
    { 20, 25, 18, 1, 24, 125, 24687 },
    { 28, 33, 24, 0, 33, 231, 24812 },
    { 20, 27, 18, 1, 26, 135, 25043 },
    { 28, 33, 24, 0, 26, 231, 25178 },
    { 20, 26, 18, 1, 19, 130, 25409 },
    { 24, 35, 23, 1, 34, 210, 25539 },
    { 16, 28, 17, 1, 27, 112, 25749 },
    { 24, 34, 23, 1, 33, 204, 25861 },
    { 16, 27, 17, 1, 26, 108, 26065 },
    { 24, 35, 23, 1, 34, 210, 26173 },
    { 16, 28, 17, 1, 27, 112, 26383 },
    { 24, 34, 25, 1, 34, 204, 26495 },
    { 24, 28, 22, 1, 27, 168, 26699 },
    { 24, 25, 25, 0, 25, 150, 26867 },
    { 20, 28, 20, 1, 27, 140, 27017 },
    { 20, 31, 21, 1, 31, 155, 27157 },
    { 16, 25, 18, 1, 24, 100, 27312 },
    { 20, 33, 21, 1, 33, 165, 27412 },
    { 16, 27, 18, 1, 26, 108, 27577 },
    { 20, 32, 21, 1, 25, 160, 27685 },
    { 16, 26, 18, 1, 19, 104, 27845 },
    { 20, 34, 21, 1, 34, 170, 27949 },
    { 16, 28, 18, 1, 27, 112, 28119 },
    { 24, 34, 25, 1, 33, 204, 28231 },
    { 20, 35, 19, 1, 26, 175, 28435 },
    { 24, 34, 25, 1, 33, 204, 28610 },
    { 20, 35, 19, 1, 26, 175, 28814 },
    { 24, 36, 25, 1, 26, 216, 28989 },
    { 20, 37, 19, 1, 28, 185, 29205 },
    { 28, 25, 27, 1, 25, 175, 29390 },
    { 24, 27, 21, -1, 27, 162, 29565 },
    { 12, 31, 12, 1, 31, 93, 29727 },
    { 12, 24, 11, 1, 24, 72, 29820 },
    { 12, 32, 12, 1, 25, 96, 29892 },
    { 12, 33, 11, 1, 26, 99, 29988 },
    { 12, 19, 11, 1, 19, 57, 30087 },
    { 24, 35, 23, 1, 25, 210, 30144 },
    { 20, 37, 19, 0, 27, 185, 30354 },
    { 20, 35, 19, 0, 25, 175, 30539 },
    { 12, 37, 11, 0, 27, 111, 30714 },
    { 20, 27, 19, 0, 27, 135, 30825 },
    { 16, 27, 12, 0, 27, 108, 30960 },
    { 20, 25, 19, 0, 25, 125, 31068 },
    { 16, 27, 11, -1, 27, 108, 31193 },
    { 28, 34, 26, 0, 34, 238, 31301 },
    { 20, 27, 20, 0, 27, 135, 31539 },
    { 28, 35, 26, 0, 25, 245, 31674 },
    { 20, 29, 20, 0, 19, 145, 31919 },
    { 28, 34, 26, 0, 34, 238, 32064 },
    { 20, 27, 20, 0, 27, 135, 32302 },
    { 28, 35, 26, 1, 34, 245, 32437 },
    { 20, 28, 20, 1, 27, 140, 32682 },
    { 36, 27, 36, 1, 26, 243, 32822 },
    { 28, 20, 30, 1, 19, 140, 33065 },
    { 24, 35, 23, 1, 34, 210, 33205 },
    { 16, 27, 14, 0, 27, 108, 33415 },
    { 24, 35, 23, 1, 34, 210, 33523 },
    { 16, 27, 14, 0, 27, 108, 33733 },
    { 20, 35, 19, 1, 34, 175, 33841 },
    { 16, 28, 14, 1, 27, 112, 34016 },
    { 20, 35, 19, 1, 26, 175, 34128 },
    { 16, 28, 14, 1, 19, 112, 34303 },
    { 20, 35, 19, 1, 34, 175, 34415 },
    { 16, 28, 14, 1, 27, 112, 34590 },
    { 24, 34, 22, 0, 25, 204, 34702 },
    { 16, 31, 12, 0, 22, 124, 34906 },
    { 24, 34, 22, 0, 34, 204, 35030 },
    { 16, 28, 12, 0, 27, 112, 35234 },
    { 28, 32, 26, 0, 31, 224, 35346 },
    { 20, 25, 20, 0, 24, 125, 35570 },
    { 28, 37, 26, 0, 36, 259, 35695 },
    { 20, 30, 20, 0, 29, 150, 35954 },
    { 28, 35, 26, 0, 34, 245, 36104 },
    { 20, 28, 20, 0, 27, 140, 36349 },
    { 28, 32, 26, 0, 25, 224, 36489 },
    { 20, 26, 20, 0, 19, 130, 36713 },
    { 24, 33, 23, 0, 33, 198, 36843 },
    { 20, 34, 21, 1, 34, 170, 37041 },
    { 16, 27, 17, 1, 27, 108, 37211 },
    { 20, 33, 21, 1, 33, 165, 37319 },
    { 16, 26, 17, 1, 26, 104, 37484 },
    { 20, 34, 21, 1, 34, 170, 37588 },
    { 16, 27, 17, 1, 27, 108, 37758 },
    { 12, 8, 1, -16, 27, 24, 37866 },
    { 12, 8, 1, -14, 27, 24, 37890 },
    { 16, 8, 1, -16, 27, 32, 37914 },
    { 16, 5, 1, -17, 26, 20, 37946 },
    { 16, 3, 1, -16, 24, 12, 37966 },
    { 12, 7, 1, -16, 26, 21, 37978 },
    { 8, 5, 1, -12, 26, 10, 37999 },
    { 16, 5, 1, -16, 26, 20, 38009 },
    { 12, 10, 1, -15, 29, 30, 38029 },
    { 20, 8, 1, -17, 27, 40, 38059 },
    { 16, 8, 1, -16, 27, 32, 38099 },
    { 8, 9, 1, -13, -1, 18, 38131 },
    { 8, 11, 1, -13, 2, 22, 38149 },
    { 8, 8, 1, -12, 1, 16, 38171 },
    { 20, 34, 21, 1, 34, 170, 38187 },
    { 20, 33, 21, 1, 33, 165, 38357 },
    { 28, 26, 26, 0, 25, 182, 38522 },
    { 20, 34, 19, 0, 34, 170, 38704 },
    { 24, 27, 22, 1, 26, 162, 38874 },
    { 20, 27, 19, 1, 26, 135, 39036 },
    { 12, 25, 12, 1, 25, 75, 39171 },
    { 12, 33, 12, 0, 33, 99, 39246 },
    { 20, 26, 17, 0, 25, 130, 39345 },
    { 36, 26, 34, 0, 25, 234, 39475 },
    { 32, 25, 33, 1, 25, 200, 39709 },
    { 28, 25, 26, 0, 25, 175, 39909 },
    { 24, 34, 23, 1, 34, 204, 40084 },
    { 24, 34, 26, 1, 34, 204, 40288 },
    { 28, 34, 25, 0, 33, 238, 40492 },
    { 28, 33, 26, 1, 25, 231, 40730 },
    { 28, 26, 24, 0, 26, 182, 40961 },
    { 20, 25, 21, 0, 25, 125, 41143 },
    { 20, 25, 22, 1, 25, 125, 41268 },
    { 20, 25, 19, 0, 25, 125, 41393 },
    { 28, 33, 26, 0, 25, 231, 41518 },
    { 20, 25, 21, 1, 25, 125, 41749 },
    { 32, 26, 32, 0, 26, 208, 41874 },
    { 20, 27, 20, 1, 26, 135, 42082 },
    { 24, 25, 26, 1, 25, 150, 42217 },
    { 24, 33, 26, 1, 33, 198, 42367 },
    { 24, 26, 23, 1, 26, 156, 42565 },
    { 28, 26, 26, 0, 25, 182, 42721 },
    { 32, 25, 31, 0, 25, 200, 42903 },
    { 28, 25, 27, 1, 25, 175, 43103 },
    { 28, 27, 26, 1, 26, 189, 43278 },
    { 28, 25, 26, 1, 25, 175, 43467 },
    { 20, 25, 21, 0, 25, 125, 43642 },
    { 24, 27, 23, 1, 26, 162, 43767 },
    { 24, 25, 22, 0, 25, 150, 43929 },
    { 28, 26, 25, 0, 25, 182, 44079 },
    { 28, 25, 29, 1, 25, 175, 44261 },
    { 24, 25, 23, 0, 25, 150, 44436 },
    { 28, 33, 26, 1, 25, 231, 44586 },
    { 24, 25, 24, 0, 25, 150, 44817 },
    { 36, 25, 35, 1, 25, 225, 44967 },
    { 36, 33, 35, 1, 25, 297, 45192 },
    { 24, 25, 24, 0, 25, 150, 45489 },
    { 32, 25, 30, 0, 25, 200, 45639 },
    { 20, 25, 21, 0, 25, 125, 45839 },
    { 24, 27, 22, 1, 26, 162, 45964 },
    { 36, 27, 35, 0, 26, 243, 46126 },
    { 24, 26, 23, -1, 25, 156, 46369 },
    { 20, 20, 18, 1, 19, 100, 46525 },
    { 20, 27, 19, 1, 26, 135, 46625 },
    { 20, 18, 18, 0, 18, 90, 46760 },
    { 16, 18, 16, 0, 18, 72, 46850 },
    { 20, 24, 21, 0, 18, 120, 46922 },
    { 16, 20, 18, 1, 19, 80, 47042 },
    { 28, 19, 25, 0, 19, 133, 47122 },
    { 16, 20, 16, 1, 19, 80, 47255 },
    { 20, 18, 22, 1, 18, 90, 47335 },
    { 20, 26, 22, 1, 26, 130, 47425 },
    { 20, 19, 19, 0, 19, 95, 47555 },
    { 24, 19, 21, 0, 18, 114, 47650 },
    { 28, 18, 26, 0, 18, 126, 47764 },
    { 24, 18, 21, 0, 18, 108, 47890 },
    { 20, 20, 20, 1, 19, 100, 47998 },
    { 20, 18, 20, 0, 18, 90, 48098 },
    { 20, 27, 20, 0, 19, 135, 48188 },
    { 16, 20, 17, 1, 19, 80, 48323 },
    { 20, 18, 18, 0, 18, 90, 48403 },
    { 20, 26, 19, 0, 18, 130, 48493 },
    { 24, 34, 26, 1, 26, 204, 48623 },
    { 20, 18, 18, 0, 18, 90, 48827 },
    { 20, 24, 20, 0, 18, 120, 48917 },
    { 20, 18, 19, 0, 18, 90, 49037 },
    { 28, 18, 29, 0, 18, 126, 49127 },
    { 28, 24, 29, 0, 18, 168, 49253 },
    { 20, 18, 20, 0, 18, 90, 49421 },
    { 24, 18, 25, 0, 18, 108, 49511 },
    { 20, 18, 17, 0, 18, 90, 49619 },
    { 16, 20, 17, 1, 19, 80, 49709 },
    { 28, 20, 27, 0, 19, 140, 49789 },
    { 20, 19, 18, -1, 18, 95, 49929 },
    { 16, 28, 18, 1, 27, 112, 50024 },
    { 16, 27, 18, 1, 26, 108, 50136 },
    { 20, 34, 21, 0, 27, 170, 50244 },
    { 16, 27, 16, 0, 27, 108, 50414 },
    { 16, 20, 16, 1, 19, 80, 50522 },
    { 16, 20, 15, 1, 19, 80, 50602 },
    { 12, 26, 11, 1, 26, 78, 50682 },
    { 16, 26, 11, -1, 26, 104, 50760 },
    { 12, 35, 11, -3, 26, 105, 50864 },
    { 28, 19, 27, 0, 18, 133, 50969 },
    { 28, 18, 28, 0, 18, 126, 51102 },
    { 24, 27, 21, -1, 27, 162, 51228 },
    { 20, 27, 19, 0, 27, 135, 51390 },
    { 20, 27, 22, 1, 27, 135, 51525 },
    { 20, 34, 19, 0, 26, 170, 51660 },
    { 20, 24, 20, 0, 18, 120, 51830 },
    { 24, 26, 24, 0, 26, 156, 51950 },
    { 20, 19, 19, 0, 19, 95, 52106 },
    { 24, 27, 26, 1, 26, 162, 52201 },
    { 20, 20, 19, 1, 19, 100, 52363 },
    { 28, 27, 28, 0, 26, 189, 52463 },
    { 24, 19, 22, 0, 19, 114, 52652 },
    { 24, 39, 26, 1, 33, 234, 52766 },
    { 20, 32, 22, 1, 26, 160, 53000 },
    { 20, 27, 21, 0, 27, 135, 53160 },
    { 20, 21, 17, 0, 21, 105, 53295 },
    { 20, 25, 21, 0, 25, 125, 53400 },
    { 20, 27, 20, 0, 19, 135, 53525 },
    { 20, 30, 17, 0, 30, 150, 53660 },
    { 16, 22, 14, 0, 22, 88, 53810 },
    { 20, 25, 19, 0, 25, 125, 53898 },
    { 16, 18, 16, 0, 18, 72, 54023 },
    { 24, 33, 22, 0, 25, 198, 54095 },
    { 20, 26, 19, 1, 18, 130, 54293 },
    { 32, 34, 32, 0, 26, 272, 54423 },
    { 28, 25, 25, 0, 19, 175, 54695 },
    { 20, 33, 20, 1, 26, 165, 54870 },
    { 16, 26, 16, 1, 19, 104, 55035 },
    { 24, 34, 23, 1, 26, 204, 55139 },
    { 20, 25, 19, 0, 19, 125, 55343 },
    { 24, 26, 24, 1, 26, 156, 55468 },
    { 20, 19, 19, 0, 19, 95, 55624 },
    { 24, 26, 23, 1, 26, 156, 55719 },
    { 20, 27, 19, -1, 27, 135, 55875 },
    { 28, 26, 27, 0, 26, 182, 56010 },
    { 24, 19, 22, 0, 19, 114, 56192 },
    { 28, 33, 27, 1, 25, 231, 56306 },
    { 24, 24, 21, 0, 18, 144, 56537 },
    { 32, 25, 30, 1, 25, 200, 56681 },
    { 24, 18, 25, 0, 18, 108, 56881 },
    { 36, 33, 35, 1, 25, 297, 56989 },
    { 28, 26, 28, 0, 18, 182, 57286 },
    { 28, 27, 29, 1, 26, 189, 57468 },
    { 24, 20, 22, 0, 19, 120, 57657 },
    { 24, 33, 23, 1, 26, 198, 57777 },
    { 16, 26, 17, 1, 19, 104, 57975 },
    { 24, 33, 22, 0, 25, 198, 58079 },
    { 20, 24, 18, 0, 18, 120, 58277 },
    { 24, 25, 23, 0, 25, 150, 58397 },
    { 24, 26, 20, 0, 18, 156, 58547 },
    { 24, 25, 23, 0, 25, 150, 58703 },
    { 24, 26, 20, 0, 18, 156, 58853 },
    { 24, 33, 23, 0, 25, 198, 59009 },
    { 20, 24, 18, 0, 18, 120, 59207 },
    { 32, 33, 30, 0, 25, 264, 59327 },
    { 24, 24, 23, 0, 18, 144, 59591 },
    { 24, 33, 24, 0, 25, 198, 59735 },
    { 20, 24, 19, 0, 18, 120, 59933 },
    { 24, 25, 24, 0, 25, 150, 60053 },
    { 20, 18, 20, 0, 18, 90, 60203 },
    { 24, 25, 23, 0, 25, 150, 60293 },
    { 20, 27, 21, 0, 27, 135, 60443 },
    { 32, 27, 29, -1, 26, 216, 60578 },
    { 24, 20, 22, -1, 19, 120, 60794 },
    { 32, 34, 29, -1, 26, 272, 60914 },
    { 24, 25, 22, -1, 19, 150, 61186 },
    { 12, 25, 12, 1, 25, 75, 61336 },
    { 32, 33, 32, 0, 33, 264, 61411 },
    { 28, 26, 25, 0, 26, 182, 61675 },
    { 24, 34, 23, 1, 26, 204, 61857 },
    { 20, 27, 19, 0, 19, 135, 62061 },
    { 28, 31, 26, 0, 25, 217, 62196 },
    { 24, 24, 21, 0, 18, 144, 62413 },
    { 28, 33, 27, 1, 25, 231, 62557 },
    { 24, 26, 21, 0, 18, 156, 62788 },
    { 28, 31, 27, 1, 25, 217, 62944 },
    { 24, 24, 21, 0, 18, 144, 63161 },
    { 24, 33, 24, 0, 25, 198, 63305 },
    { 20, 24, 19, 0, 18, 120, 63503 },
    { 32, 31, 31, 0, 25, 248, 63623 },
    { 28, 24, 26, 0, 18, 168, 63871 },
    { 12, 26, 11, 0, 26, 78, 64039 },
    { 28, 33, 24, 0, 33, 231, 64117 },
    { 20, 27, 18, 1, 26, 135, 64348 },
    { 28, 33, 24, 0, 33, 231, 64483 },
    { 20, 27, 18, 1, 26, 135, 64714 },
    { 36, 25, 34, 0, 25, 225, 64849 },
    { 24, 20, 26, 1, 19, 120, 65074 },
    { 20, 33, 21, 1, 33, 165, 65194 },
    { 16, 27, 18, 1, 26, 108, 65359 },
    { 24, 27, 24, 1, 26, 162, 65467 },
    { 16, 20, 18, 1, 19, 80, 65629 },
    { 24, 34, 24, 1, 33, 204, 65709 },
    { 16, 27, 18, 1, 26, 108, 65913 },
    { 32, 33, 32, 0, 33, 264, 66021 },
    { 28, 26, 25, 0, 26, 182, 66285 },
    { 20, 34, 20, 1, 33, 170, 66467 },
    { 16, 27, 16, 1, 26, 108, 66637 },
    { 20, 26, 21, 0, 25, 130, 66745 },
    { 20, 27, 19, 0, 18, 135, 66875 },
    { 24, 31, 26, 1, 31, 186, 67010 },
    { 20, 24, 22, 1, 24, 120, 67196 },
    { 24, 33, 26, 1, 33, 198, 67316 },
    { 20, 26, 22, 1, 26, 130, 67514 },
    { 28, 34, 26, 1, 33, 238, 67644 },
    { 20, 27, 20, 1, 26, 135, 67882 },
    { 28, 27, 26, 1, 26, 189, 68017 },
    { 20, 20, 20, 1, 19, 100, 68206 },
    { 28, 34, 26, 1, 33, 238, 68306 },
    { 20, 27, 20, 1, 26, 135, 68544 },
    { 24, 34, 22, 1, 33, 204, 68679 },
    { 16, 27, 17, 1, 26, 108, 68883 },
    { 28, 32, 25, 0, 31, 224, 68991 },
    { 20, 32, 19, 0, 24, 160, 69215 },
    { 28, 34, 25, 0, 33, 238, 69375 },
    { 20, 34, 19, 0, 26, 170, 69613 },
    { 28, 35, 25, 0, 34, 245, 69783 },
    { 20, 35, 19, 0, 27, 175, 70028 },
    { 24, 33, 24, 0, 33, 198, 70203 },
    { 20, 26, 19, 0, 26, 130, 70401 },
    { 20, 33, 19, 0, 25, 165, 70531 },
    { 16, 24, 16, 0, 18, 96, 70696 },
    { 32, 33, 30, 0, 33, 264, 70792 },
    { 24, 26, 25, 0, 26, 156, 71056 },
    { 20, 34, 19, 0, 25, 170, 71212 },
    { 16, 27, 16, 0, 18, 108, 71382 },
    { 24, 33, 23, 0, 25, 198, 71490 },
    { 20, 26, 18, 0, 18, 130, 71688 },
    { 24, 25, 23, 0, 25, 150, 71818 },
    { 20, 18, 18, 0, 18, 90, 71968 },
    { 0, 0, 18, 0, 26, 0, 72058 },
    { 0, 0, 36, 0, 26, 0, 72058 },
    { 0, 0, 18, 0, 26, 0, 72058 },
    { 0, 0, 36, 0, 26, 0, 72058 },
    { 0, 0, 12, 0, 26, 0, 72058 },
    { 0, 0, 9, 0, 26, 0, 72058 },
    { 0, 0, 6, 0, 26, 0, 72058 },
    { 0, 0, 20, 0, 26, 0, 72058 },
    { 0, 0, 10, 0, 26, 0, 72058 },
    { 0, 0, 7, 0, 26, 0, 72058 },
    { 0, 0, 1, 0, 26, 0, 72058 },
    { 0, 0, 1, 0, 26, 0, 72058 },
    { 0, 0, 1, 0, 26, 0, 72058 },
    { 0, 0, 1, 0, 26, 0, 72058 },
    { 0, 0, 1, 0, 26, 0, 72058 },
    { 0, 0, 1, 0, 26, 0, 72058 },
    { 20, 4, 18, -1, 11, 20, 72058 },
    { 40, 4, 36, -1, 11, 40, 72078 },
    { 8, 11, 9, 1, 26, 22, 72118 },
    { 8, 11, 9, 2, 26, 22, 72140 },
    { 8, 11, 9, 2, 5, 22, 72162 },
    { 16, 11, 16, 1, 26, 44, 72184 },
    { 16, 11, 16, 2, 26, 44, 72228 },
    { 16, 11, 16, 2, 5, 44, 72272 },
    { 20, 32, 18, 0, 27, 160, 72316 },
    { 20, 32, 18, 0, 27, 160, 72476 },
    { 12, 9, 11, 1, 17, 27, 72636 },
    { 32, 6, 36, 3, 5, 48, 72663 },
    { 0, 0, 9, 0, 26, 0, 72711 },
    { 0, 0, 9, 0, 26, 0, 72711 },
    { 0, 0, 7, 0, 26, 0, 72711 },
    { 40, 27, 41, 1, 26, 270, 72711 },
    { 12, 18, 9, 0, 18, 54, 72981 },
    { 12, 18, 9, 0, 18, 54, 73035 },
    { 20, 26, 18, -1, 26, 130, 73089 },
    { 0, 0, 1, 0, 26, 0, 73219 },
    { 16, 16, 13, 0, 29, 64, 73219 },
    { 20, 27, 20, -1, 26, 135, 73283 },
    { 20, 27, 19, 0, 26, 135, 73418 },
    { 28, 26, 27, 0, 26, 182, 73553 },
    { 20, 25, 21, 1, 25, 125, 73735 },
    { 24, 4, 36, 7, 13, 24, 73860 },
    { 20, 29, 18, -1, 25, 145, 73884 },
    { 8, 5, 7, 1, 15, 10, 74029 },
    { 24, 26, 21, 0, 26, 156, 74039 },
    { 28, 12, 36, 5, 17, 84, 74195 },
    { 16, 36, 17, 0, 28, 144, 74279 },
    { 24, 12, 36, 7, 17, 72, 74423 },
    { 24, 18, 36, 7, 20, 108, 74495 },
    { 24, 21, 36, 7, 21, 126, 74603 },
    { 24, 21, 36, 7, 21, 126, 74729 },
    { 36, 35, 35, 0, 31, 315, 74855 },
};

static const EpdUnicodeInterval chareink_16_regularIntervals[] = {
    { 0x20, 0x7E, 0 },
    { 0xA0, 0x107, 95 },
    { 0x10A, 0x113, 199 },
    { 0x116, 0x11B, 209 },
    { 0x11E, 0x123, 215 },
    { 0x126, 0x127, 221 },
    { 0x12A, 0x12B, 223 },
    { 0x12E, 0x12F, 225 },
    { 0x131, 0x131, 227 },
    { 0x136, 0x137, 228 },
    { 0x13B, 0x13E, 230 },
    { 0x141, 0x148, 234 },
    { 0x150, 0x155, 242 },
    { 0x158, 0x15B, 248 },
    { 0x15E, 0x165, 252 },
    { 0x16A, 0x16B, 260 },
    { 0x16E, 0x173, 262 },
    { 0x178, 0x17E, 268 },
    { 0x300, 0x304, 275 },
    { 0x306, 0x308, 280 },
    { 0x30A, 0x30C, 283 },
    { 0x326, 0x328, 286 },
    { 0x400, 0x45F, 289 },
    { 0x462, 0x463, 385 },
    { 0x472, 0x475, 387 },
    { 0x48A, 0x4FF, 391 },
    { 0x2000, 0x200F, 509 },
    { 0x2013, 0x2014, 525 },
    { 0x2018, 0x201A, 527 },
    { 0x201C, 0x201E, 530 },
    { 0x2020, 0x2022, 533 },
    { 0x2026, 0x2026, 536 },
    { 0x2028, 0x2029, 537 },
    { 0x202F, 0x2030, 539 },
    { 0x2039, 0x203A, 541 },
    { 0x2044, 0x2044, 543 },
    { 0x2060, 0x2060, 544 },
    { 0x2074, 0x2074, 545 },
    { 0x20AC, 0x20AC, 546 },
    { 0x2202, 0x2202, 547 },
    { 0x220F, 0x220F, 548 },
    { 0x2211, 0x2212, 549 },
    { 0x2215, 0x2215, 551 },
    { 0x2219, 0x221A, 552 },
    { 0x221E, 0x221E, 554 },
    { 0x222B, 0x222B, 555 },
    { 0x2248, 0x2248, 556 },
    { 0x2260, 0x2260, 557 },
    { 0x2264, 0x2265, 558 },
    { 0xFFFD, 0xFFFD, 560 },
};

static const EpdFontData chareink_16_regular = {
    chareink_16_regularBitmaps,
    sizeof(chareink_16_regularBitmaps),
    chareink_16_regularGlyphs,
    chareink_16_regularIntervals,
    50,
    38,
    29,
    9,
    true,
};
