/**
 * generated from the actual data/js/inx_font_pack.js browser output
 * name: chareink_18_regular
 * size: 18
 * mode: 2-bit
 * source: chareink Regular; fontconvert.py row set
 * glyphs: 561 (web UI raster rows; compact reader profile)
 */
#pragma once
#include "EpdFontData.h"

static const uint8_t chareink_18_regularBitmaps[95060] = {
    0x00, 0x00, 0x3F, 0xC0, 0xBF, 0xD0, 0xBF, 0xE0, 0xBF, 0xD0, 0xBF, 0xC0, 0x7F, 0xC0, 0x3F, 0xC0,
    0x3F, 0xC0, 0x3F, 0xC0, 0x3F, 0xC0, 0x3F, 0xC0, 0x3F, 0xC0, 0x3F, 0x80, 0x2F, 0x80, 0x2F, 0x80,
    0x2F, 0x80, 0x2F, 0x00, 0x1F, 0x00, 0x0F, 0x00, 0x0F, 0x00, 0x0A, 0x00, 0x00, 0x00, 0x00, 0x00,
    0x0A, 0x00, 0x3F, 0xC0, 0xBF, 0xE0, 0xBF, 0xE0, 0x3F, 0xC0, 0x04, 0x00, 0x08, 0x00, 0x60, 0x3F,
    0x02, 0xFC, 0x3F, 0x02, 0xFC, 0x3F, 0x02, 0xFC, 0x3F, 0x02, 0xF8, 0x3F, 0x00, 0xF8, 0x3F, 0x00,
    0xF8, 0x2E, 0x00, 0xF0, 0x2E, 0x00, 0xF0, 0x0D, 0x00, 0xB0, 0x0C, 0x00, 0xB0, 0x0C, 0x00, 0xA0,
    0x08, 0x00, 0x10, 0x00, 0x00, 0x00, 0x00, 0x00, 0x00, 0x00, 0x00, 0x00, 0x00, 0x3C, 0x00, 0x3C,
    0x00, 0x00, 0x00, 0x00, 0xBC, 0x00, 0xBC, 0x00, 0x00, 0x00, 0x00, 0xF8, 0x00, 0xFC, 0x00, 0x00,
    0x00, 0x00, 0xF0, 0x00, 0xF4, 0x00, 0x00, 0x00, 0x02, 0xF0, 0x02, 0xF0, 0x00, 0x00, 0x00, 0x03,
    0xE0, 0x03, 0xE0, 0x00, 0x00, 0x00, 0x07, 0xC0, 0x03, 0xD0, 0x00, 0x00, 0x00, 0x0B, 0xC0, 0x0B,
    0xC0, 0x00, 0x00, 0x00, 0x0F, 0x40, 0x0F, 0x80, 0x00, 0x06, 0xAA, 0xAF, 0xAA, 0xAF, 0xEA, 0xA0,
    0x0B, 0xFF, 0xFF, 0xFF, 0xFF, 0xFF, 0xF0, 0x0A, 0xAA, 0xFF, 0xAA, 0xBF, 0xAA, 0xA0, 0x00, 0x00,
    0x7C, 0x00, 0x3C, 0x00, 0x00, 0x00, 0x00, 0xBC, 0x00, 0xBC, 0x00, 0x00, 0x00, 0x00, 0xF4, 0x00,
    0xF8, 0x00, 0x00, 0x00, 0x01, 0xF0, 0x00, 0xF0, 0x00, 0x00, 0x00, 0x03, 0xE0, 0x02, 0xF0, 0x00,
    0x00, 0x2A, 0xAB, 0xFA, 0xAB, 0xFA, 0xAA, 0x00, 0xBF, 0xFF, 0xFF, 0xFF, 0xFF, 0xFF, 0x00, 0x2A,
    0xAF, 0xEA, 0xAF, 0xEA, 0xAA, 0x00, 0x00, 0x0F, 0x00, 0x0F, 0x80, 0x00, 0x00, 0x00, 0x2F, 0x00,
    0x0F, 0x00, 0x00, 0x00, 0x00, 0x3E, 0x00, 0x2F, 0x00, 0x00, 0x00, 0x00, 0x3C, 0x00, 0x3E, 0x00,
    0x00, 0x00, 0x00, 0xBC, 0x00, 0x3C, 0x00, 0x00, 0x00, 0x00, 0xF8, 0x00, 0xBC, 0x00, 0x00, 0x00,
    0x00, 0xF0, 0x00, 0xF8, 0x00, 0x00, 0x00, 0x02, 0xF0, 0x00, 0xF0, 0x00, 0x00, 0x00, 0x03, 0xE0,
    0x02, 0xF0, 0x00, 0x00, 0x00, 0x00, 0x80, 0x00, 0xA0, 0x00, 0x00, 0x00, 0x00, 0x00, 0x28, 0x00,
    0x00, 0x00, 0x00, 0x38, 0x00, 0x00, 0x00, 0x00, 0x38, 0x00, 0x00, 0x00, 0x00, 0xBE, 0xA8, 0x00,
    0x00, 0x2F, 0xFF, 0xFF, 0xE0, 0x02, 0xFF, 0xFE, 0xBF, 0xE0, 0x0B, 0xF8, 0x38, 0x0B, 0xE0, 0x0F,
    0xF0, 0x38, 0x03, 0xE0, 0x2F, 0xC0, 0x38, 0x03, 0xE0, 0x3F, 0xC0, 0x38, 0x03, 0xE0, 0x3F, 0xC0,
    0x38, 0x02, 0xE0, 0x3F, 0xC0, 0x38, 0x00, 0x00, 0x3F, 0xF0, 0x38, 0x00, 0x00, 0x2F, 0xFC, 0x38,
    0x00, 0x00, 0x0F, 0xFF, 0xF8, 0x00, 0x00, 0x07, 0xFF, 0xFE, 0x40, 0x00, 0x00, 0xFF, 0xFF, 0xF8,
    0x00, 0x00, 0x2F, 0xFF, 0xFF, 0x00, 0x00, 0x00, 0xBF, 0xFF, 0xC0, 0x00, 0x00, 0xBE, 0xFF, 0xF0,
    0x00, 0x00, 0xB8, 0x3F, 0xF4, 0x00, 0x00, 0xB8, 0x0F, 0xF8, 0x00, 0x00, 0xB8, 0x03, 0xF8, 0xB8,
    0x00, 0xB8, 0x03, 0xF8, 0xBC, 0x00, 0xB8, 0x03, 0xF8, 0xBC, 0x00, 0xB8, 0x0B, 0xF0, 0xBC, 0x00,
    0xB8, 0x0F, 0xF0, 0xBE, 0x00, 0xB8, 0x3F, 0xC0, 0xBF, 0xE9, 0xBF, 0xFF, 0x00, 0xBF, 0xFF, 0xFF,
    0xF8, 0x00, 0x06, 0xAF, 0xFF, 0x80, 0x00, 0x00, 0x00, 0xB8, 0x00, 0x00, 0x00, 0x00, 0xB8, 0x00,
    0x00, 0x00, 0x00, 0xB8, 0x00, 0x00, 0x00, 0x00, 0xB8, 0x00, 0x00, 0x00, 0x00, 0x00, 0x00, 0x00,
    0x00, 0x04, 0x00, 0x00, 0x00, 0x00, 0x00, 0x00, 0x00, 0x02, 0xFF, 0xE0, 0x00, 0x00, 0x00, 0xA8,
    0x00, 0x00, 0x0B, 0xE6, 0xFC, 0x00, 0x00, 0x03, 0xF0, 0x00, 0x00, 0x1F, 0x80, 0xBE, 0x00, 0x00,
    0x0B, 0xD0, 0x00, 0x00, 0x3F, 0x00, 0x3F, 0x00, 0x00, 0x0F, 0xC0, 0x00, 0x00, 0x3F, 0x00, 0x3F,
    0x80, 0x00, 0x2F, 0x00, 0x00, 0x00, 0xBE, 0x00, 0x2F, 0x80, 0x00, 0x3E, 0x00, 0x00, 0x00, 0xBE,
    0x00, 0x2F, 0xC0, 0x00, 0xFC, 0x00, 0x00, 0x00, 0xBE, 0x00, 0x1F, 0xC0, 0x02, 0xF0, 0x00, 0x00,
    0x00, 0xBE, 0x00, 0x1F, 0xC0, 0x03, 0xE0, 0x00, 0x00, 0x00, 0xBE, 0x00, 0x1F, 0xC0, 0x0F, 0xC0,
    0x00, 0x00, 0x00, 0xBE, 0x00, 0x2F, 0xC0, 0x2F, 0x40, 0x00, 0x00, 0x00, 0x7F, 0x00, 0x2F, 0x80,
    0x3E, 0x00, 0x6E, 0x80, 0x00, 0x3F, 0x00, 0x3F, 0x00, 0xFC, 0x03, 0xFF, 0xF4, 0x00, 0x2F, 0x40,
    0x3F, 0x01, 0xF8, 0x0F, 0xD0, 0xFC, 0x00, 0x0F, 0xC0, 0xFD, 0x03, 0xF0, 0x2F, 0x80, 0x3F, 0x00,
    0x03, 0xFF, 0xF8, 0x0B, 0xC0, 0x3F, 0x00, 0x3F, 0x00, 0x00, 0xBF, 0x80, 0x0F, 0x80, 0x3F, 0x00,
    0x2F, 0x80, 0x00, 0x00, 0x00, 0x3F, 0x00, 0xBE, 0x00, 0x2F, 0xC0, 0x00, 0x00, 0x00, 0xBC, 0x00,
    0xBE, 0x00, 0x1F, 0xC0, 0x00, 0x00, 0x00, 0xF8, 0x00, 0xBE, 0x00, 0x0F, 0xC0, 0x00, 0x00, 0x03,
    0xF0, 0x00, 0xBE, 0x00, 0x0F, 0xC0, 0x00, 0x00, 0x0B, 0xD0, 0x00, 0xBE, 0x00, 0x1F, 0xC0, 0x00,
    0x00, 0x0F, 0xC0, 0x00, 0xBE, 0x00, 0x2F, 0xC0, 0x00, 0x00, 0x2F, 0x00, 0x00, 0x3F, 0x00, 0x2F,
    0x80, 0x00, 0x00, 0x7E, 0x00, 0x00, 0x3F, 0x00, 0x3F, 0x00, 0x00, 0x00, 0xFC, 0x00, 0x00, 0x2F,
    0x80, 0x3F, 0x00, 0x00, 0x02, 0xF0, 0x00, 0x00, 0x0F, 0xE0, 0xFC, 0x00, 0x00, 0x03, 0xE0, 0x00,
    0x00, 0x02, 0xFF, 0xF0, 0x00, 0x00, 0x00, 0x00, 0x00, 0x00, 0x00, 0x2A, 0x00, 0x00, 0x00, 0x00,
    0x00, 0x00, 0x00, 0x00, 0x00, 0x00, 0x0B, 0xFF, 0xE0, 0x00, 0x00, 0x00, 0x00, 0x3F, 0xFF, 0xFE,
    0x00, 0x00, 0x00, 0x00, 0xFF, 0x00, 0xFF, 0x80, 0x00, 0x00, 0x02, 0xFC, 0x00, 0x3F, 0xC0, 0x00,
    0x00, 0x03, 0xF8, 0x00, 0x2F, 0xE0, 0x00, 0x00, 0x03, 0xF8, 0x00, 0x0F, 0xE0, 0x00, 0x00, 0x07,
    0xF8, 0x00, 0x0F, 0xE0, 0x00, 0x00, 0x03, 0xFC, 0x00, 0x1F, 0xE0, 0x00, 0x00, 0x03, 0xFE, 0x00,
    0x2F, 0xC0, 0x00, 0x00, 0x03, 0xFF, 0x00, 0x3F, 0xC0, 0x00, 0x00, 0x00, 0xFF, 0xC0, 0xFF, 0x00,
    0x00, 0x00, 0x00, 0xBF, 0xFB, 0xF8, 0x00, 0x00, 0x00, 0x00, 0x2F, 0xFF, 0xC0, 0x00, 0x00, 0x00,
    0x00, 0x3F, 0xFF, 0x00, 0x0F, 0xFF, 0xF4, 0x02, 0xFE, 0xFF, 0xC0, 0x0F, 0xFF, 0xF0, 0x0B, 0xF8,
    0x3F, 0xF0, 0x00, 0xBE, 0x00, 0x2F, 0xE0, 0x1F, 0xFC, 0x00, 0xBC, 0x00, 0x3F, 0xC0, 0x0B, 0xFF,
    0x00, 0xF8, 0x00, 0x3F, 0xC0, 0x02, 0xFF, 0x80, 0xF0, 0x00, 0x7F, 0xC0, 0x00, 0xBF, 0xE3, 0xE0,
    0x00, 0xBF, 0xC0, 0x00, 0x2F, 0xFF, 0xC0, 0x00, 0x3F, 0xC0, 0x00, 0x0F, 0xFF, 0x40, 0x00, 0x3F,
    0xE0, 0x00, 0x03, 0xFF, 0x80, 0x00, 0x3F, 0xF4, 0x00, 0x02, 0xFF, 0xC0, 0x00, 0x0F, 0xFE, 0x00,
    0x0B, 0xFF, 0xF0, 0x00, 0x0B, 0xFF, 0xEA, 0xBF, 0x8F, 0xFC, 0x00, 0x02, 0xFF, 0xFF, 0xFD, 0x03,
    0xFF, 0xFC, 0x00, 0x2F, 0xFF, 0xE0, 0x03, 0xFF, 0xFC, 0x00, 0x00, 0x50, 0x00, 0x00, 0x00, 0x00,
    0x08, 0x00, 0x3F, 0x00, 0x3F, 0x00, 0x3F, 0x00, 0x3F, 0x00, 0x3F, 0x00, 0x3F, 0x00, 0x2E, 0x00,
    0x2E, 0x00, 0x0D, 0x00, 0x0C, 0x00, 0x0C, 0x00, 0x08, 0x00, 0x00, 0x00, 0x06, 0x00, 0x00, 0x00,
    0xFF, 0x00, 0x00, 0x0B, 0xFE, 0x00, 0x00, 0x3F, 0xC0, 0x00, 0x00, 0xFF, 0x00, 0x00, 0x02, 0xFC,
    0x00, 0x00, 0x03, 0xF8, 0x00, 0x00, 0x0B, 0xF0, 0x00, 0x00, 0x0F, 0xE0, 0x00, 0x00, 0x2F, 0xC0,
    0x00, 0x00, 0x2F, 0xC0, 0x00, 0x00, 0x3F, 0xC0, 0x00, 0x00, 0x3F, 0x80, 0x00, 0x00, 0x3F, 0x80,
    0x00, 0x00, 0xBF, 0x80, 0x00, 0x00, 0xBF, 0x40, 0x00, 0x00, 0xBF, 0x00, 0x00, 0x00, 0xBF, 0x00,
    0x00, 0x00, 0xBF, 0x00, 0x00, 0x00, 0xBF, 0x40, 0x00, 0x00, 0xBF, 0x80, 0x00, 0x00, 0xBF, 0x80,
    0x00, 0x00, 0x3F, 0x80, 0x00, 0x00, 0x3F, 0x80, 0x00, 0x00, 0x3F, 0xC0, 0x00, 0x00, 0x3F, 0xC0,
    0x00, 0x00, 0x2F, 0xC0, 0x00, 0x00, 0x0F, 0xE0, 0x00, 0x00, 0x0B, 0xF0, 0x00, 0x00, 0x03, 0xF8,
    0x00, 0x00, 0x02, 0xFC, 0x00, 0x00, 0x00, 0xFF, 0x00, 0x00, 0x00, 0x3F, 0xC0, 0x00, 0x00, 0x0F,
    0xFE, 0x00, 0x00, 0x01, 0xFF, 0x00, 0x00, 0x00, 0x0A, 0x00, 0x50, 0x00, 0x00, 0x00, 0xBF, 0x80,
    0x00, 0x00, 0x2F, 0xF0, 0x00, 0x00, 0x02, 0xFD, 0x00, 0x00, 0x00, 0xBF, 0x00, 0x00, 0x00, 0x2F,
    0xC0, 0x00, 0x00, 0x0F, 0xE0, 0x00, 0x00, 0x0B, 0xF0, 0x00, 0x00, 0x03, 0xF8, 0x00, 0x00, 0x03,
    0xFC, 0x00, 0x00, 0x02, 0xFC, 0x00, 0x00, 0x02, 0xFE, 0x00, 0x00, 0x00, 0xFE, 0x00, 0x00, 0x00,
    0xFF, 0x00, 0x00, 0x00, 0xFF, 0x00, 0x00, 0x00, 0xFF, 0x00, 0x00, 0x00, 0xFF, 0x00, 0x00, 0x00,
    0xFF, 0x00, 0x00, 0x00, 0xFF, 0x00, 0x00, 0x00, 0xFF, 0x00, 0x00, 0x00, 0xFF, 0x00, 0x00, 0x00,
    0xFF, 0x00, 0x00, 0x00, 0xFF, 0x00, 0x00, 0x00, 0xFE, 0x00, 0x00, 0x02, 0xFE, 0x00, 0x00, 0x02,
    0xFC, 0x00, 0x00, 0x03, 0xFC, 0x00, 0x00, 0x03, 0xF8, 0x00, 0x00, 0x0B, 0xF0, 0x00, 0x00, 0x0F,
    0xE0, 0x00, 0x00, 0x2F, 0xC0, 0x00, 0x00, 0x7F, 0x40, 0x00, 0x02, 0xFE, 0x00, 0x00, 0x2F, 0xF4,
    0x00, 0x00, 0xBF, 0x80, 0x00, 0x00, 0xA4, 0x00, 0x00, 0x00, 0x00, 0x00, 0x00, 0x00, 0x00, 0x00,
    0x02, 0xC0, 0x00, 0x00, 0x00, 0x03, 0xF0, 0x00, 0x00, 0x00, 0x07, 0xF0, 0x00, 0x00, 0x00, 0x03,
    0xE0, 0x00, 0x00, 0x00, 0x03, 0xD0, 0x10, 0x00, 0xBF, 0x82, 0xC0, 0xFF, 0x00, 0x3F, 0xF0, 0xCB,
    0xFE, 0x00, 0x1F, 0xFE, 0x3F, 0xFC, 0x00, 0x00, 0x01, 0x00, 0x00, 0x00, 0x00, 0x0B, 0xB0, 0x00,
    0x00, 0x00, 0x3E, 0x3E, 0x00, 0x00, 0x00, 0xFC, 0x2F, 0x80, 0x00, 0x02, 0xFC, 0x0F, 0xC0, 0x00,
    0x02, 0xF8, 0x0F, 0xC0, 0x00, 0x03, 0x80, 0x02, 0xC0, 0x00, 0x00, 0x00, 0x00, 0x00, 0x00, 0x00,
    0x00, 0x02, 0xE0, 0x00, 0x00, 0x00, 0x00, 0x00, 0x03, 0xF0, 0x00, 0x00, 0x00, 0x00, 0x00, 0x03,
    0xF0, 0x00, 0x00, 0x00, 0x00, 0x00, 0x03, 0xF0, 0x00, 0x00, 0x00, 0x00, 0x00, 0x03, 0xF0, 0x00,
    0x00, 0x00, 0x00, 0x00, 0x03, 0xF0, 0x00, 0x00, 0x00, 0x00, 0x00, 0x03, 0xF0, 0x00, 0x00, 0x00,
    0x00, 0x00, 0x03, 0xF0, 0x00, 0x00, 0x00, 0x00, 0x00, 0x03, 0xF0, 0x00, 0x00, 0x00, 0x00, 0x00,
    0x03, 0xF0, 0x00, 0x00, 0x00, 0x00, 0x00, 0x03, 0xF0, 0x00, 0x00, 0x00, 0xBF, 0xFF, 0xFF, 0xFF,
    0xFF, 0xFF, 0x80, 0xFF, 0xFF, 0xFF, 0xFF, 0xFF, 0xFF, 0xC0, 0xFF, 0xFF, 0xFF, 0xFF, 0xFF, 0xFF,
    0xC0, 0x00, 0x00, 0x03, 0xF0, 0x00, 0x00, 0x00, 0x00, 0x00, 0x03, 0xF0, 0x00, 0x00, 0x00, 0x00,
    0x00, 0x03, 0xF0, 0x00, 0x00, 0x00, 0x00, 0x00, 0x03, 0xF0, 0x00, 0x00, 0x00, 0x00, 0x00, 0x03,
    0xF0, 0x00, 0x00, 0x00, 0x00, 0x00, 0x03, 0xF0, 0x00, 0x00, 0x00, 0x00, 0x00, 0x03, 0xF0, 0x00,
    0x00, 0x00, 0x00, 0x00, 0x03, 0xF0, 0x00, 0x00, 0x00, 0x00, 0x00, 0x03, 0xF0, 0x00, 0x00, 0x00,
    0x00, 0x00, 0x03, 0xF0, 0x00, 0x00, 0x00, 0x00, 0x00, 0x03, 0xF0, 0x00, 0x00, 0x00, 0x00, 0x00,
    0x0B, 0xF0, 0x0F, 0xFC, 0x2F, 0xFC, 0x1F, 0xFE, 0x0A, 0xFE, 0x00, 0x7D, 0x00, 0xBC, 0x00, 0xFC,
    0x02, 0xF0, 0x0B, 0xE0, 0xBF, 0x00, 0xA4, 0x00, 0x2A, 0xAA, 0xA0, 0x3F, 0xFF, 0xF4, 0x3F, 0xFF,
    0xF4, 0x2A, 0xAA, 0xA0, 0x00, 0x00, 0x2F, 0xC0, 0x3F, 0xF0, 0xBF, 0xF0, 0x7F, 0xF0, 0x3F, 0xD0,
    0x01, 0x00, 0x00, 0x00, 0x00, 0x00, 0x0A, 0x80, 0x00, 0x00, 0x00, 0x00, 0x0F, 0x80, 0x00, 0x00,
    0x00, 0x00, 0x3F, 0x00, 0x00, 0x00, 0x00, 0x00, 0xBE, 0x00, 0x00, 0x00, 0x00, 0x00, 0xFC, 0x00,
    0x00, 0x00, 0x00, 0x02, 0xF4, 0x00, 0x00, 0x00, 0x00, 0x03, 0xF0, 0x00, 0x00, 0x00, 0x00, 0x0B,
    0xC0, 0x00, 0x00, 0x00, 0x00, 0x0F, 0x80, 0x00, 0x00, 0x00, 0x00, 0x3F, 0x00, 0x00, 0x00, 0x00,
    0x00, 0x3E, 0x00, 0x00, 0x00, 0x00, 0x00, 0xFC, 0x00, 0x00, 0x00, 0x00, 0x02, 0xF8, 0x00, 0x00,
    0x00, 0x00, 0x03, 0xF0, 0x00, 0x00, 0x00, 0x00, 0x0B, 0xC0, 0x00, 0x00, 0x00, 0x00, 0x0F, 0xC0,
    0x00, 0x00, 0x00, 0x00, 0x2F, 0x00, 0x00, 0x00, 0x00, 0x00, 0x3E, 0x00, 0x00, 0x00, 0x00, 0x00,
    0xFC, 0x00, 0x00, 0x00, 0x00, 0x01, 0xF8, 0x00, 0x00, 0x00, 0x00, 0x03, 0xF0, 0x00, 0x00, 0x00,
    0x00, 0x0B, 0xE0, 0x00, 0x00, 0x00, 0x00, 0x0F, 0xC0, 0x00, 0x00, 0x00, 0x00, 0x2F, 0x00, 0x00,
    0x00, 0x00, 0x00, 0x3F, 0x00, 0x00, 0x00, 0x00, 0x00, 0xBC, 0x00, 0x00, 0x00, 0x00, 0x00, 0xF8,
    0x00, 0x00, 0x00, 0x00, 0x03, 0xF0, 0x00, 0x00, 0x00, 0x00, 0x07, 0xE0, 0x00, 0x00, 0x00, 0x00,
    0x0F, 0xC0, 0x00, 0x00, 0x00, 0x00, 0x2F, 0x40, 0x00, 0x00, 0x00, 0x00, 0x2A, 0x00, 0x00, 0x00,
    0x00, 0x00, 0x00, 0x00, 0x04, 0x00, 0x00, 0x00, 0x00, 0x0B, 0xFF, 0xF8, 0x00, 0x00, 0x00, 0x3F,
    0xFF, 0xFF, 0x00, 0x00, 0x00, 0xFF, 0x80, 0xBF, 0xC0, 0x00, 0x02, 0xFD, 0x00, 0x1F, 0xF0, 0x00,
    0x03, 0xFC, 0x00, 0x0B, 0xF4, 0x00, 0x0F, 0xF0, 0x00, 0x03, 0xFC, 0x00, 0x0F, 0xF0, 0x00, 0x03,
    0xFC, 0x00, 0x2F, 0xE0, 0x00, 0x02, 0xFE, 0x00, 0x3F, 0xE0, 0x00, 0x02, 0xFF, 0x00, 0x3F, 0xC0,
    0x00, 0x00, 0xFF, 0x00, 0x3F, 0xC0, 0x00, 0x00, 0xFF, 0x00, 0x3F, 0xC0, 0x00, 0x00, 0xFF, 0x40,
    0x3F, 0xC0, 0x00, 0x00, 0xFF, 0x80, 0x7F, 0xC0, 0x00, 0x00, 0xFF, 0x80, 0xBF, 0xC0, 0x00, 0x00,
    0xFF, 0x80, 0x7F, 0xC0, 0x00, 0x00, 0xFF, 0x80, 0x3F, 0xC0, 0x00, 0x00, 0xFF, 0x40, 0x3F, 0xC0,
    0x00, 0x00, 0xFF, 0x00, 0x3F, 0xC0, 0x00, 0x00, 0xFF, 0x00, 0x3F, 0xE0, 0x00, 0x01, 0xFF, 0x00,
    0x2F, 0xE0, 0x00, 0x02, 0xFE, 0x00, 0x0F, 0xF0, 0x00, 0x03, 0xFD, 0x00, 0x0F, 0xF0, 0x00, 0x03,
    0xFC, 0x00, 0x0B, 0xF8, 0x00, 0x0B, 0xF8, 0x00, 0x03, 0xFC, 0x00, 0x0F, 0xF0, 0x00, 0x00, 0xFF,
    0x00, 0x3F, 0xC0, 0x00, 0x00, 0x3F, 0xFB, 0xFF, 0x00, 0x00, 0x00, 0x0B, 0xFF, 0xF8, 0x00, 0x00,
    0x00, 0x00, 0x2A, 0x40, 0x00, 0x00, 0x00, 0x00, 0x04, 0x00, 0x00, 0x00, 0x02, 0xFE, 0x00, 0x00,
    0x02, 0xBF, 0xFE, 0x00, 0x00, 0x3F, 0xFF, 0xFE, 0x00, 0x00, 0x3F, 0xEB, 0xFE, 0x00, 0x00, 0x00,
    0x02, 0xFE, 0x00, 0x00, 0x00, 0x02, 0xFE, 0x00, 0x00, 0x00, 0x02, 0xFE, 0x00, 0x00, 0x00, 0x02,
    0xFE, 0x00, 0x00, 0x00, 0x02, 0xFE, 0x00, 0x00, 0x00, 0x02, 0xFE, 0x00, 0x00, 0x00, 0x02, 0xFE,
    0x00, 0x00, 0x00, 0x02, 0xFE, 0x00, 0x00, 0x00, 0x02, 0xFE, 0x00, 0x00, 0x00, 0x02, 0xFE, 0x00,
    0x00, 0x00, 0x02, 0xFE, 0x00, 0x00, 0x00, 0x02, 0xFE, 0x00, 0x00, 0x00, 0x02, 0xFE, 0x00, 0x00,
    0x00, 0x02, 0xFE, 0x00, 0x00, 0x00, 0x02, 0xFE, 0x00, 0x00, 0x00, 0x02, 0xFE, 0x00, 0x00, 0x00,
    0x02, 0xFE, 0x00, 0x00, 0x00, 0x02, 0xFE, 0x00, 0x00, 0x00, 0x02, 0xFE, 0x00, 0x00, 0x00, 0x02,
    0xFE, 0x00, 0x00, 0x00, 0x02, 0xFE, 0x00, 0x00, 0x00, 0x03, 0xFF, 0x00, 0x00, 0x0B, 0xFF, 0xFF,
    0xFF, 0x00, 0x0B, 0xFF, 0xFF, 0xFF, 0x00, 0x00, 0x00, 0x04, 0x00, 0x00, 0x00, 0x00, 0x0B, 0xFF,
    0xF8, 0x00, 0x00, 0x00, 0xFF, 0xFF, 0xFF, 0x80, 0x00, 0x03, 0xFD, 0x01, 0xFF, 0xF0, 0x00, 0x0F,
    0xF0, 0x00, 0x2F, 0xF8, 0x00, 0x0F, 0xF0, 0x00, 0x0F, 0xFC, 0x00, 0x2F, 0xF0, 0x00, 0x03, 0xFE,
    0x00, 0x2F, 0xF0, 0x00, 0x03, 0xFE, 0x00, 0x0F, 0xF0, 0x00, 0x03, 0xFE, 0x00, 0x00, 0x00, 0x00,
    0x03, 0xFE, 0x00, 0x00, 0x00, 0x00, 0x03, 0xFE, 0x00, 0x00, 0x00, 0x00, 0x03, 0xFC, 0x00, 0x00,
    0x00, 0x00, 0x0B, 0xFC, 0x00, 0x00, 0x00, 0x00, 0x0F, 0xF0, 0x00, 0x00, 0x00, 0x00, 0x3F, 0xE0,
    0x00, 0x00, 0x00, 0x00, 0xBF, 0x80, 0x00, 0x00, 0x00, 0x01, 0xFF, 0x00, 0x00, 0x00, 0x00, 0x07,
    0xFC, 0x00, 0x00, 0x00, 0x00, 0x1F, 0xF0, 0x00, 0x00, 0x00, 0x00, 0xBF, 0x80, 0x00, 0x00, 0x00,
    0x02, 0xFE, 0x00, 0x00, 0x00, 0x00, 0x0B, 0xF4, 0x00, 0x00, 0x00, 0x00, 0x3F, 0xC0, 0x00, 0x0F,
    0x00, 0x00, 0xFF, 0x00, 0x00, 0x0F, 0x00, 0x07, 0xF8, 0x00, 0x00, 0x2F, 0x00, 0x2F, 0xFA, 0xAA,
    0xAA, 0xBF, 0x00, 0x3F, 0xFF, 0xFF, 0xFF, 0xFF, 0x00, 0x3F, 0xFF, 0xFF, 0xFF, 0xFF, 0x00, 0x3F,
    0xFF, 0xFF, 0xFF, 0xFF, 0x00, 0x00, 0x00, 0x04, 0x00, 0x00, 0x00, 0x00, 0x0B, 0xFF, 0xF8, 0x00,
    0x00, 0x00, 0xFF, 0xFF, 0xFF, 0x80, 0x00, 0x03, 0xFE, 0x02, 0xFF, 0xE0, 0x00, 0x0F, 0xF0, 0x00,
    0x3F, 0xF4, 0x00, 0x0F, 0xF0, 0x00, 0x0F, 0xFC, 0x00, 0x2F, 0xF0, 0x00, 0x0B, 0xFC, 0x00, 0x0F,
    0xF0, 0x00, 0x03, 0xFC, 0x00, 0x02, 0xA0, 0x00, 0x03, 0xFC, 0x00, 0x00, 0x00, 0x00, 0x03, 0xFC,
    0x00, 0x00, 0x00, 0x00, 0x0F, 0xF8, 0x00, 0x00, 0x00, 0x00, 0x2F, 0xF0, 0x00, 0x00, 0x00, 0x00,
    0xBF, 0x80, 0x00, 0x00, 0x02, 0xAF, 0xFD, 0x00, 0x00, 0x00, 0x03, 0xFF, 0xF8, 0x00, 0x00, 0x00,
    0x03, 0xFF, 0xFF, 0xC0, 0x00, 0x00, 0x00, 0x00, 0xBF, 0xF4, 0x00, 0x00, 0x00, 0x00, 0x0B, 0xFC,
    0x00, 0x00, 0x00, 0x00, 0x03, 0xFF, 0x00, 0x00, 0x00, 0x00, 0x01, 0xFF, 0x00, 0x00, 0x00, 0x00,
    0x00, 0xFF, 0x00, 0x00, 0x00, 0x00, 0x00, 0xFF, 0x00, 0x0A, 0x80, 0x00, 0x01, 0xFF, 0x00, 0x3F,
    0xC0, 0x00, 0x02, 0xFF, 0x00, 0x3F, 0xE0, 0x00, 0x03, 0xFC, 0x00, 0x3F, 0xF0, 0x00, 0x0F, 0xFC,
    0x00, 0x2F, 0xF8, 0x00, 0xBF, 0xF0, 0x00, 0x0B, 0xFF, 0xEF, 0xFF, 0x80, 0x00, 0x00, 0xBF, 0xFF,
    0xF8, 0x00, 0x00, 0x00, 0x02, 0xA9, 0x00, 0x00, 0x00, 0x00, 0x00, 0x00, 0x05, 0x40, 0x00, 0x00,
    0x00, 0x00, 0x2F, 0xC0, 0x00, 0x00, 0x00, 0x00, 0xBF, 0xC0, 0x00, 0x00, 0x00, 0x00, 0xFF, 0xC0,
    0x00, 0x00, 0x00, 0x03, 0xFF, 0xC0, 0x00, 0x00, 0x00, 0x0F, 0xFF, 0xC0, 0x00, 0x00, 0x00, 0x2F,
    0xFF, 0xC0, 0x00, 0x00, 0x00, 0x7F, 0x3F, 0xC0, 0x00, 0x00, 0x00, 0xFC, 0x3F, 0xC0, 0x00, 0x00,
    0x03, 0xF8, 0x3F, 0xC0, 0x00, 0x00, 0x0F, 0xE0, 0x3F, 0xC0, 0x00, 0x00, 0x2F, 0xC0, 0x3F, 0xC0,
    0x00, 0x00, 0x3F, 0x00, 0x3F, 0xC0, 0x00, 0x00, 0xFE, 0x00, 0x3F, 0xC0, 0x00, 0x03, 0xF8, 0x00,
    0x3F, 0xC0, 0x00, 0x0B, 0xF0, 0x00, 0x3F, 0xC0, 0x00, 0x2F, 0xC0, 0x00, 0x3F, 0xC0, 0x00, 0x3F,
    0x80, 0x00, 0x3F, 0xC0, 0x00, 0xBF, 0xFF, 0xFF, 0xFF, 0xFF, 0x80, 0xBF, 0xFF, 0xFF, 0xFF, 0xFF,
    0x80, 0x3F, 0xFF, 0xFF, 0xFF, 0xFF, 0x40, 0x00, 0x00, 0x00, 0x3F, 0xC0, 0x00, 0x00, 0x00, 0x00,
    0x3F, 0xC0, 0x00, 0x00, 0x00, 0x00, 0x3F, 0xC0, 0x00, 0x00, 0x00, 0x00, 0x3F, 0xC0, 0x00, 0x00,
    0x00, 0x00, 0x3F, 0xC0, 0x00, 0x00, 0x00, 0x00, 0x3F, 0xC0, 0x00, 0x00, 0x00, 0x00, 0x3F, 0xC0,
    0x00, 0x00, 0x00, 0x00, 0x3F, 0xC0, 0x00, 0x00, 0x00, 0x00, 0x2A, 0x80, 0x00, 0x0A, 0xAA, 0xAA,
    0xAA, 0xA0, 0x00, 0x0B, 0xFF, 0xFF, 0xFF, 0xF4, 0x00, 0x0B, 0xFF, 0xFF, 0xFF, 0xF4, 0x00, 0x0B,
    0xFF, 0xFF, 0xFF, 0xF4, 0x00, 0x0B, 0xE0, 0x00, 0x00, 0x00, 0x00, 0x0B, 0xE0, 0x00, 0x00, 0x00,
    0x00, 0x0B, 0xE0, 0x00, 0x00, 0x00, 0x00, 0x0B, 0xE0, 0x00, 0x00, 0x00, 0x00, 0x0B, 0xE0, 0x00,
    0x00, 0x00, 0x00, 0x0B, 0xE0, 0x00, 0x00, 0x00, 0x00, 0x0B, 0xE0, 0x1A, 0x80, 0x00, 0x00, 0x0B,
    0xFF, 0xFF, 0xFE, 0x00, 0x00, 0x0B, 0xFF, 0xFF, 0xFF, 0xE0, 0x00, 0x0B, 0xF9, 0x06, 0xFF, 0xF8,
    0x00, 0x00, 0x00, 0x00, 0x2F, 0xFC, 0x00, 0x00, 0x00, 0x00, 0x0B, 0xFE, 0x00, 0x00, 0x00, 0x00,
    0x03, 0xFF, 0x00, 0x00, 0x00, 0x00, 0x02, 0xFF, 0x00, 0x00, 0x00, 0x00, 0x00, 0xFF, 0x00, 0x00,
    0x00, 0x00, 0x00, 0xFF, 0x00, 0x00, 0x00, 0x00, 0x00, 0xFF, 0x00, 0x0A, 0x80, 0x00, 0x00, 0xFF,
    0x00, 0x3F, 0xC0, 0x00, 0x03, 0xFE, 0x00, 0x3F, 0xE0, 0x00, 0x03, 0xFC, 0x00, 0x3F, 0xF0, 0x00,
    0x0F, 0xF8, 0x00, 0x2F, 0xF8, 0x00, 0xBF, 0xE0, 0x00, 0x0B, 0xFF, 0xEF, 0xFF, 0x80, 0x00, 0x00,
    0xFF, 0xFF, 0xF8, 0x00, 0x00, 0x00, 0x06, 0xA8, 0x00, 0x00, 0x00, 0x00, 0x00, 0x00, 0x00, 0x40,
    0x00, 0x00, 0x00, 0x06, 0xFF, 0xC0, 0x00, 0x00, 0x00, 0xBF, 0xFF, 0xC0, 0x00, 0x00, 0x03, 0xFF,
    0xE4, 0x00, 0x00, 0x00, 0x2F, 0xF8, 0x00, 0x00, 0x00, 0x00, 0xBF, 0xE0, 0x00, 0x00, 0x00, 0x00,
    0xFF, 0x40, 0x00, 0x00, 0x00, 0x03, 0xFE, 0x00, 0x00, 0x00, 0x00, 0x0B, 0xFC, 0x00, 0x00, 0x00,
    0x00, 0x0F, 0xF4, 0x00, 0x00, 0x00, 0x00, 0x1F, 0xF0, 0x00, 0x00, 0x00, 0x00, 0x2F, 0xE0, 0xBF,
    0xFE, 0x00, 0x00, 0x3F, 0xEB, 0xFF, 0xFF, 0xC0, 0x00, 0x3F, 0xFF, 0xFB, 0xFF, 0xF4, 0x00, 0x3F,
    0xFD, 0x00, 0x2F, 0xFC, 0x00, 0x3F, 0xE0, 0x00, 0x03, 0xFE, 0x00, 0x7F, 0xC0, 0x00, 0x02, 0xFF,
    0x00, 0xBF, 0xC0, 0x00, 0x00, 0xFF, 0x00, 0x7F, 0xC0, 0x00, 0x00, 0xFF, 0x40, 0x3F, 0xC0, 0x00,
    0x00, 0xFF, 0x80, 0x3F, 0xC0, 0x00, 0x00, 0xFF, 0x40, 0x3F, 0xC0, 0x00, 0x00, 0xFF, 0x00, 0x3F,
    0xE0, 0x00, 0x00, 0xFF, 0x00, 0x2F, 0xF0, 0x00, 0x02, 0xFE, 0x00, 0x0F, 0xF0, 0x00, 0x03, 0xFC,
    0x00, 0x0B, 0xFC, 0x00, 0x0B, 0xF8, 0x00, 0x03, 0xFF, 0x00, 0x2F, 0xF0, 0x00, 0x00, 0xBF, 0xFF,
    0xFF, 0x80, 0x00, 0x00, 0x1F, 0xFF, 0xFC, 0x00, 0x00, 0x00, 0x00, 0x6A, 0x00, 0x00, 0x00, 0x6A,
    0xAA, 0xAA, 0xAA, 0xAA, 0x00, 0xBF, 0xFF, 0xFF, 0xFF, 0xFF, 0x00, 0xBF, 0xFF, 0xFF, 0xFF, 0xFF,
    0x00, 0xBF, 0xFF, 0xFF, 0xFF, 0xFF, 0x00, 0xBC, 0x00, 0x00, 0x02, 0xFC, 0x00, 0xBC, 0x00, 0x00,
    0x03, 0xF8, 0x00, 0xBC, 0x00, 0x00, 0x0B, 0xF0, 0x00, 0x28, 0x00, 0x00, 0x0F, 0xE0, 0x00, 0x00,
    0x00, 0x00, 0x3F, 0xC0, 0x00, 0x00, 0x00, 0x00, 0x7F, 0x80, 0x00, 0x00, 0x00, 0x00, 0xFF, 0x00,
    0x00, 0x00, 0x00, 0x02, 0xFE, 0x00, 0x00, 0x00, 0x00, 0x03, 0xFC, 0x00, 0x00, 0x00, 0x00, 0x0B,
    0xF0, 0x00, 0x00, 0x00, 0x00, 0x0F, 0xF0, 0x00, 0x00, 0x00, 0x00, 0x2F, 0xC0, 0x00, 0x00, 0x00,
    0x00, 0x3F, 0x80, 0x00, 0x00, 0x00, 0x00, 0xBF, 0x00, 0x00, 0x00, 0x00, 0x00, 0xFE, 0x00, 0x00,
    0x00, 0x00, 0x03, 0xFC, 0x00, 0x00, 0x00, 0x00, 0x07, 0xF8, 0x00, 0x00, 0x00, 0x00, 0x0F, 0xF0,
    0x00, 0x00, 0x00, 0x00, 0x2F, 0xD0, 0x00, 0x00, 0x00, 0x00, 0x3F, 0xC0, 0x00, 0x00, 0x00, 0x00,
    0xBF, 0x00, 0x00, 0x00, 0x00, 0x00, 0xFF, 0x00, 0x00, 0x00, 0x00, 0x02, 0xFC, 0x00, 0x00, 0x00,
    0x00, 0x03, 0xFC, 0x00, 0x00, 0x00, 0x00, 0x06, 0xA8, 0x00, 0x00, 0x00, 0x00, 0x00, 0x00, 0x04,
    0x00, 0x00, 0x00, 0x00, 0x0B, 0xFF, 0xF8, 0x00, 0x00, 0x00, 0xBF, 0xFF, 0xFF, 0x80, 0x00, 0x02,
    0xFF, 0x40, 0x3F, 0xE0, 0x00, 0x07, 0xFC, 0x00, 0x0F, 0xF8, 0x00, 0x0F, 0xF4, 0x00, 0x03, 0xFC,
    0x00, 0x0F, 0xF0, 0x00, 0x03, 0xFC, 0x00, 0x0F, 0xF0, 0x00, 0x02, 0xFC, 0x00, 0x0F, 0xF0, 0x00,
    0x02, 0xFC, 0x00, 0x0F, 0xF8, 0x00, 0x03, 0xFC, 0x00, 0x0F, 0xFC, 0x00, 0x03, 0xF8, 0x00, 0x0B,
    0xFF, 0x80, 0x0B, 0xF0, 0x00, 0x02, 0xFF, 0xF8, 0x2F, 0xC0, 0x00, 0x00, 0xBF, 0xFF, 0xBF, 0x00,
    0x00, 0x00, 0x0F, 0xFF, 0xFC, 0x00, 0x00, 0x00, 0xBF, 0xFF, 0xFF, 0x80, 0x00, 0x03, 0xFC, 0x0B,
    0xFF, 0xF0, 0x00, 0x0F, 0xF0, 0x00, 0xBF, 0xFC, 0x00, 0x3F, 0xC0, 0x00, 0x0F, 0xFF, 0x00, 0x3F,
    0xC0, 0x00, 0x03, 0xFF, 0x00, 0x3F, 0x80, 0x00, 0x00, 0xFF, 0x40, 0xBF, 0x80, 0x00, 0x00, 0xFF,
    0x80, 0x3F, 0xC0, 0x00, 0x00, 0xFF, 0x00, 0x3F, 0xC0, 0x00, 0x00, 0xFF, 0x00, 0x3F, 0xE0, 0x00,
    0x02, 0xFF, 0x00, 0x0F, 0xF0, 0x00, 0x07, 0xFC, 0x00, 0x0B, 0xFE, 0x00, 0x2F, 0xF8, 0x00, 0x02,
    0xFF, 0xFF, 0xFF, 0xD0, 0x00, 0x00, 0x2F, 0xFF, 0xFE, 0x00, 0x00, 0x00, 0x00, 0x6A, 0x40, 0x00,
    0x00, 0x00, 0x00, 0x04, 0x00, 0x00, 0x00, 0x00, 0x0B, 0xFF, 0xF8, 0x00, 0x00, 0x00, 0x7F, 0xFF,
    0xFF, 0x80, 0x00, 0x02, 0xFF, 0x00, 0x7F, 0xE0, 0x00, 0x0B, 0xFC, 0x00, 0x0F, 0xF4, 0x00, 0x0F,
    0xF0, 0x00, 0x03, 0xFC, 0x00, 0x2F, 0xE0, 0x00, 0x03, 0xFE, 0x00, 0x3F, 0xC0, 0x00, 0x02, 0xFF,
    0x00, 0x3F, 0xC0, 0x00, 0x00, 0xFF, 0x00, 0x3F, 0xC0, 0x00, 0x00, 0xFF, 0x00, 0x7F, 0xC0, 0x00,
    0x00, 0xFF, 0x40, 0x7F, 0xC0, 0x00, 0x00, 0xFF, 0x80, 0x3F, 0xC0, 0x00, 0x00, 0xFF, 0x80, 0x3F,
    0xE0, 0x00, 0x00, 0xFF, 0x80, 0x2F, 0xF0, 0x00, 0x00, 0xFF, 0x80, 0x0F, 0xFC, 0x00, 0x0B, 0xFF,
    0x40, 0x0B, 0xFF, 0xEA, 0xFF, 0xFF, 0x00, 0x02, 0xFF, 0xFF, 0xFE, 0xFF, 0x00, 0x00, 0x2F, 0xFF,
    0xD2, 0xFF, 0x00, 0x00, 0x00, 0x00, 0x03, 0xFE, 0x00, 0x00, 0x00, 0x00, 0x03, 0xFC, 0x00, 0x00,
    0x00, 0x00, 0x0B, 0xF8, 0x00, 0x00, 0x00, 0x00, 0x0F, 0xF0, 0x00, 0x00, 0x00, 0x00, 0x3F, 0xE0,
    0x00, 0x00, 0x00, 0x00, 0xFF, 0x80, 0x00, 0x00, 0x00, 0x0B, 0xFE, 0x00, 0x00, 0x00, 0x00, 0xBF,
    0xF8, 0x00, 0x00, 0x00, 0xFF, 0xFF, 0xC0, 0x00, 0x00, 0x00, 0xFF, 0xF8, 0x00, 0x00, 0x00, 0x00,
    0xA8, 0x00, 0x00, 0x00, 0x00, 0x06, 0x00, 0x3F, 0xD0, 0xBF, 0xF0, 0xBF, 0xF0, 0x3F, 0xF0, 0x2F,
    0xC0, 0x00, 0x00, 0x00, 0x00, 0x00, 0x00, 0x00, 0x00, 0x00, 0x00, 0x00, 0x00, 0x00, 0x00, 0x00,
    0x00, 0x00, 0x00, 0x00, 0x00, 0x2F, 0xC0, 0x3F, 0xF0, 0xBF, 0xF0, 0x7F, 0xF0, 0x3F, 0xD0, 0x01,
    0x00, 0x01, 0x80, 0x0F, 0xF4, 0x2F, 0xFC, 0x2F, 0xFC, 0x0F, 0xFC, 0x0B, 0xF0, 0x00, 0x00, 0x00,
    0x00, 0x00, 0x00, 0x00, 0x00, 0x00, 0x00, 0x00, 0x00, 0x00, 0x00, 0x00, 0x00, 0x00, 0x00, 0x00,
    0x00, 0x0B, 0xF0, 0x0F, 0xFC, 0x2F, 0xFC, 0x1F, 0xFE, 0x0A, 0xFE, 0x00, 0x7D, 0x00, 0xBC, 0x00,
    0xFC, 0x02, 0xF0, 0x0B, 0xE0, 0xBF, 0x00, 0xA4, 0x00, 0x00, 0x00, 0x00, 0x00, 0x00, 0x00, 0x00,
    0x00, 0x00, 0x00, 0x00, 0x00, 0x07, 0xC0, 0x00, 0x00, 0x00, 0x00, 0x00, 0xBF, 0xC0, 0x00, 0x00,
    0x00, 0x00, 0x2F, 0xFF, 0x80, 0x00, 0x00, 0x00, 0x02, 0xFF, 0xE4, 0x00, 0x00, 0x00, 0x00, 0xBF,
    0xFE, 0x00, 0x00, 0x00, 0x00, 0x1F, 0xFF, 0x80, 0x00, 0x00, 0x00, 0x02, 0xFF, 0xE0, 0x00, 0x00,
    0x00, 0x00, 0xBF, 0xFE, 0x00, 0x00, 0x00, 0x00, 0x0B, 0xFF, 0x80, 0x00, 0x00, 0x00, 0x00, 0xFF,
    0xE0, 0x00, 0x00, 0x00, 0x00, 0x00, 0xFF, 0x00, 0x00, 0x00, 0x00, 0x00, 0x00, 0xFF, 0xE0, 0x00,
    0x00, 0x00, 0x00, 0x00, 0x2F, 0xFF, 0x80, 0x00, 0x00, 0x00, 0x00, 0x00, 0xBF, 0xF8, 0x00, 0x00,
    0x00, 0x00, 0x00, 0x02, 0xFF, 0xE0, 0x00, 0x00, 0x00, 0x00, 0x00, 0x2F, 0xFF, 0x80, 0x00, 0x00,
    0x00, 0x00, 0x00, 0xBF, 0xFD, 0x00, 0x00, 0x00, 0x00, 0x00, 0x07, 0xFF, 0xE0, 0x00, 0x00, 0x00,
    0x00, 0x00, 0x2F, 0xFF, 0x80, 0x00, 0x00, 0x00, 0x00, 0x00, 0xBF, 0xC0, 0x00, 0x00, 0x00, 0x00,
    0x00, 0x0B, 0xC0, 0x00, 0x00, 0x00, 0x00, 0x00, 0x00, 0x00, 0xAA, 0xAA, 0xAA, 0xAA, 0xAA, 0xAA,
    0x80, 0xFF, 0xFF, 0xFF, 0xFF, 0xFF, 0xFF, 0xC0, 0xFF, 0xFF, 0xFF, 0xFF, 0xFF, 0xFF, 0xC0, 0x00,
    0x00, 0x00, 0x00, 0x00, 0x00, 0x00, 0x00, 0x00, 0x00, 0x00, 0x00, 0x00, 0x00, 0x00, 0x00, 0x00,
    0x00, 0x00, 0x00, 0x00, 0x00, 0x00, 0x00, 0x00, 0x00, 0x00, 0x00, 0x00, 0x00, 0x00, 0x00, 0x00,
    0x00, 0x00, 0xFF, 0xFF, 0xFF, 0xFF, 0xFF, 0xFF, 0xC0, 0xFF, 0xFF, 0xFF, 0xFF, 0xFF, 0xFF, 0xC0,
    0xAA, 0xAA, 0xAA, 0xAA, 0xAA, 0xAA, 0x80, 0x00, 0x00, 0x00, 0x00, 0x00, 0x00, 0x00, 0xF4, 0x00,
    0x00, 0x00, 0x00, 0x00, 0x00, 0xFF, 0x80, 0x00, 0x00, 0x00, 0x00, 0x00, 0xBF, 0xFE, 0x00, 0x00,
    0x00, 0x00, 0x00, 0x06, 0xFF, 0xE0, 0x00, 0x00, 0x00, 0x00, 0x00, 0x2F, 0xFF, 0x80, 0x00, 0x00,
    0x00, 0x00, 0x00, 0xBF, 0xFD, 0x00, 0x00, 0x00, 0x00, 0x00, 0x02, 0xFF, 0xE0, 0x00, 0x00, 0x00,
    0x00, 0x00, 0x2F, 0xFF, 0x80, 0x00, 0x00, 0x00, 0x00, 0x00, 0xBF, 0xF8, 0x00, 0x00, 0x00, 0x00,
    0x00, 0x02, 0xFF, 0xC0, 0x00, 0x00, 0x00, 0x00, 0x00, 0x3F, 0xC0, 0x00, 0x00, 0x00, 0x00, 0x02,
    0xFF, 0xC0, 0x00, 0x00, 0x00, 0x00, 0xBF, 0xFE, 0x00, 0x00, 0x00, 0x00, 0x0B, 0xFF, 0x80, 0x00,
    0x00, 0x00, 0x02, 0xFF, 0xE0, 0x00, 0x00, 0x00, 0x00, 0xBF, 0xFE, 0x00, 0x00, 0x00, 0x00, 0x1F,
    0xFF, 0x80, 0x00, 0x00, 0x00, 0x02, 0xFF, 0xF4, 0x00, 0x00, 0x00, 0x00, 0xBF, 0xFE, 0x00, 0x00,
    0x00, 0x00, 0x00, 0xFF, 0x80, 0x00, 0x00, 0x00, 0x00, 0x00, 0xF8, 0x00, 0x00, 0x00, 0x00, 0x00,
    0x00, 0x00, 0x00, 0x00, 0x00, 0x00, 0x00, 0x00, 0x00, 0x01, 0x00, 0x00, 0x00, 0x02, 0xFF, 0xFE,
    0x00, 0x00, 0x0F, 0xFF, 0xFF, 0xE0, 0x00, 0x3F, 0xF0, 0x2F, 0xF8, 0x00, 0x3F, 0xE0, 0x0B, 0xFC,
    0x00, 0x3F, 0xC0, 0x03, 0xFF, 0x00, 0x0F, 0x80, 0x02, 0xFF, 0x00, 0x00, 0x00, 0x00, 0xFF, 0x00,
    0x00, 0x00, 0x00, 0xFF, 0x00, 0x00, 0x00, 0x00, 0xFF, 0x00, 0x00, 0x00, 0x02, 0xFF, 0x00, 0x00,
    0x00, 0x03, 0xFD, 0x00, 0x00, 0x00, 0x0B, 0xFC, 0x00, 0x00, 0x00, 0x2F, 0xF0, 0x00, 0x00, 0x00,
    0xFF, 0x80, 0x00, 0x00, 0x0F, 0xFD, 0x00, 0x00, 0x00, 0x0F, 0xE0, 0x00, 0x00, 0x00, 0x0F, 0x40,
    0x00, 0x00, 0x00, 0x0F, 0x40, 0x00, 0x00, 0x00, 0x0F, 0x40, 0x00, 0x00, 0x00, 0x0F, 0x40, 0x00,
    0x00, 0x00, 0x0A, 0x00, 0x00, 0x00, 0x00, 0x00, 0x00, 0x00, 0x00, 0x00, 0x00, 0x00, 0x00, 0x00,
    0x00, 0x0A, 0x80, 0x00, 0x00, 0x00, 0x3F, 0xE0, 0x00, 0x00, 0x00, 0x3F, 0xF0, 0x00, 0x00, 0x00,
    0x3F, 0xE0, 0x00, 0x00, 0x00, 0x3F, 0xC0, 0x00, 0x00, 0x00, 0x01, 0x00, 0x00, 0x00, 0x00, 0x00,
    0x00, 0x00, 0x1A, 0x90, 0x00, 0x00, 0x00, 0x00, 0x00, 0x00, 0x2F, 0xFF, 0xFF, 0xE0, 0x00, 0x00,
    0x00, 0x00, 0x07, 0xFF, 0xEA, 0xAB, 0xFE, 0x00, 0x00, 0x00, 0x00, 0x3F, 0xE0, 0x00, 0x00, 0x2F,
    0xC0, 0x00, 0x00, 0x02, 0xFE, 0x00, 0x00, 0x00, 0x03, 0xF0, 0x00, 0x00, 0x0B, 0xF4, 0x00, 0x00,
    0x00, 0x00, 0xFC, 0x00, 0x00, 0x2F, 0xC0, 0x00, 0x00, 0x00, 0x00, 0x3F, 0x00, 0x00, 0xBF, 0x00,
    0x00, 0x00, 0x00, 0x00, 0x0F, 0x00, 0x00, 0xFC, 0x00, 0x00, 0x01, 0x00, 0x00, 0x0F, 0x80, 0x02,
    0xF8, 0x00, 0x02, 0xFF, 0xFA, 0xF0, 0x07, 0xC0, 0x03, 0xF0, 0x00, 0x0F, 0xFA, 0xFF, 0xF0, 0x03,
    0xC0, 0x0B, 0xE0, 0x00, 0xBF, 0x80, 0x2F, 0xF0, 0x03, 0xD0, 0x0F, 0xC0, 0x00, 0xFD, 0x00, 0x0F,
    0xE0, 0x03, 0xE0, 0x0F, 0xC0, 0x03, 0xF8, 0x00, 0x0F, 0xE0, 0x02, 0xE0, 0x2F, 0x80, 0x0B, 0xF0,
    0x00, 0x2F, 0xC0, 0x02, 0xE0, 0x3F, 0x00, 0x0F, 0xE0, 0x00, 0x2F, 0xC0, 0x03, 0xC0, 0x3F, 0x00,
    0x2F, 0xD0, 0x00, 0x3F, 0xC0, 0x03, 0xC0, 0x3F, 0x00, 0x2F, 0xC0, 0x00, 0x3F, 0x80, 0x03, 0xC0,
    0x3F, 0x00, 0x3F, 0xC0, 0x00, 0x3F, 0x00, 0x0B, 0x80, 0x3F, 0x00, 0x3F, 0xC0, 0x00, 0xBF, 0x00,
    0x0F, 0x40, 0x3F, 0x00, 0x3F, 0xC0, 0x00, 0xBF, 0x00, 0x2F, 0x00, 0x3F, 0x00, 0x2F, 0xC0, 0x00,
    0xFE, 0x00, 0x3D, 0x00, 0x3F, 0x80, 0x2F, 0xF0, 0x03, 0xFE, 0x00, 0xF8, 0x00, 0x2F, 0xC0, 0x0F,
    0xFC, 0x2F, 0xFF, 0x03, 0xF0, 0x00, 0x0F, 0xC0, 0x0B, 0xFF, 0xFC, 0xBF, 0xFF, 0x80, 0x00, 0x0F,
    0xE0, 0x02, 0xFF, 0xE0, 0x3F, 0xFC, 0x00, 0x00, 0x0B, 0xF0, 0x00, 0x29, 0x00, 0x0A, 0x80, 0x00,
    0x00, 0x03, 0xFC, 0x00, 0x00, 0x00, 0x00, 0x00, 0x00, 0x00, 0x00, 0xFE, 0x00, 0x00, 0x00, 0x00,
    0x00, 0x00, 0x00, 0x00, 0xBF, 0x80, 0x00, 0x00, 0x00, 0x00, 0x00, 0x00, 0x00, 0x2F, 0xF0, 0x00,
    0x00, 0x00, 0x00, 0xD0, 0x00, 0x00, 0x0B, 0xFE, 0x00, 0x00, 0x00, 0x2F, 0xE0, 0x00, 0x00, 0x00,
    0xFF, 0xE8, 0x00, 0x0B, 0xFE, 0x00, 0x00, 0x00, 0x00, 0x1F, 0xFF, 0xFF, 0xFF, 0xE0, 0x00, 0x00,
    0x00, 0x00, 0x00, 0xBF, 0xFF, 0xF8, 0x00, 0x00, 0x00, 0x00, 0x00, 0x00, 0x00, 0x00, 0x00, 0x00,
    0x00, 0x00, 0x00, 0x00, 0x00, 0x54, 0x00, 0x00, 0x00, 0x00, 0x00, 0x00, 0xFE, 0x00, 0x00, 0x00,
    0x00, 0x00, 0x02, 0xFF, 0x00, 0x00, 0x00, 0x00, 0x00, 0x03, 0xFF, 0x40, 0x00, 0x00, 0x00, 0x00,
    0x07, 0xFF, 0xC0, 0x00, 0x00, 0x00, 0x00, 0x0F, 0xFF, 0xC0, 0x00, 0x00, 0x00, 0x00, 0x0F, 0xFF,
    0xE0, 0x00, 0x00, 0x00, 0x00, 0x2F, 0xAF, 0xF0, 0x00, 0x00, 0x00, 0x00, 0x3F, 0x0F, 0xF0, 0x00,
    0x00, 0x00, 0x00, 0x3E, 0x0F, 0xF8, 0x00, 0x00, 0x00, 0x00, 0xBC, 0x0B, 0xFC, 0x00, 0x00, 0x00,
    0x00, 0xFC, 0x03, 0xFD, 0x00, 0x00, 0x00, 0x00, 0xF8, 0x03, 0xFF, 0x00, 0x00, 0x00, 0x02, 0xF0,
    0x02, 0xFF, 0x00, 0x00, 0x00, 0x03, 0xF0, 0x00, 0xFF, 0x80, 0x00, 0x00, 0x0B, 0xE0, 0x00, 0xBF,
    0xC0, 0x00, 0x00, 0x0F, 0xE0, 0x00, 0xBF, 0xC0, 0x00, 0x00, 0x0F, 0xFF, 0xFF, 0xFF, 0xE0, 0x00,
    0x00, 0x2F, 0xFF, 0xFF, 0xFF, 0xF0, 0x00, 0x00, 0x3F, 0x00, 0x00, 0x0F, 0xF4, 0x00, 0x00, 0x3E,
    0x00, 0x00, 0x0F, 0xFC, 0x00, 0x00, 0xBC, 0x00, 0x00, 0x0B, 0xFC, 0x00, 0x00, 0xFC, 0x00, 0x00,
    0x03, 0xFE, 0x00, 0x01, 0xF8, 0x00, 0x00, 0x02, 0xFF, 0x00, 0x03, 0xF0, 0x00, 0x00, 0x00, 0xFF,
    0x00, 0x03, 0xF0, 0x00, 0x00, 0x00, 0xFF, 0x80, 0x0B, 0xF0, 0x00, 0x00, 0x00, 0xFF, 0xD0, 0xFF,
    0xFF, 0x80, 0x00, 0x1F, 0xFF, 0xFE, 0xFF, 0xFF, 0x80, 0x00, 0x1F, 0xFF, 0xFE, 0xAA, 0xAA, 0xAA,
    0xA8, 0x00, 0x00, 0xBF, 0xFF, 0xFF, 0xFF, 0xE0, 0x00, 0x0B, 0xFE, 0x46, 0xBF, 0xFC, 0x00, 0x02,
    0xFE, 0x00, 0x0B, 0xFE, 0x00, 0x02, 0xFE, 0x00, 0x03, 0xFF, 0x00, 0x02, 0xFE, 0x00, 0x00, 0xFF,
    0x80, 0x02, 0xFE, 0x00, 0x00, 0xFF, 0x80, 0x02, 0xFE, 0x00, 0x00, 0xFF, 0x80, 0x02, 0xFE, 0x00,
    0x00, 0xFF, 0x40, 0x02, 0xFE, 0x00, 0x02, 0xFF, 0x00, 0x02, 0xFE, 0x00, 0x03, 0xFE, 0x00, 0x02,
    0xFE, 0x00, 0x0F, 0xF8, 0x00, 0x02, 0xFE, 0x06, 0xFF, 0x80, 0x00, 0x02, 0xFF, 0xFF, 0xFF, 0x90,
    0x00, 0x02, 0xFF, 0xFF, 0xFF, 0xFE, 0x00, 0x02, 0xFE, 0x00, 0x03, 0xFF, 0xC0, 0x02, 0xFE, 0x00,
    0x00, 0xBF, 0xE0, 0x02, 0xFE, 0x00, 0x00, 0x3F, 0xF0, 0x02, 0xFE, 0x00, 0x00, 0x2F, 0xF0, 0x02,
    0xFE, 0x00, 0x00, 0x1F, 0xF0, 0x02, 0xFE, 0x00, 0x00, 0x2F, 0xF0, 0x02, 0xFE, 0x00, 0x00, 0x2F,
    0xF0, 0x02, 0xFE, 0x00, 0x00, 0x3F, 0xF0, 0x02, 0xFE, 0x00, 0x00, 0x7F, 0xE0, 0x02, 0xFE, 0x00,
    0x02, 0xFF, 0xC0, 0x03, 0xFE, 0x00, 0x6F, 0xFF, 0x00, 0xBF, 0xFF, 0xFF, 0xFF, 0xF8, 0x00, 0xBF,
    0xFF, 0xFF, 0xFA, 0x00, 0x00, 0x00, 0x00, 0x00, 0x05, 0x00, 0x00, 0x00, 0x00, 0x2F, 0xFF, 0xFF,
    0x80, 0x00, 0x02, 0xFF, 0xFF, 0xFF, 0xFC, 0x00, 0x0F, 0xFF, 0x80, 0x2F, 0xFC, 0x00, 0x7F, 0xF0,
    0x00, 0x02, 0xFC, 0x00, 0xFF, 0xC0, 0x00, 0x00, 0xFC, 0x03, 0xFF, 0x00, 0x00, 0x00, 0xFC, 0x0B,
    0xFC, 0x00, 0x00, 0x00, 0xBC, 0x0F, 0xF8, 0x00, 0x00, 0x00, 0x7C, 0x2F, 0xF4, 0x00, 0x00, 0x00,
    0x00, 0x3F, 0xF0, 0x00, 0x00, 0x00, 0x00, 0x3F, 0xE0, 0x00, 0x00, 0x00, 0x00, 0x3F, 0xE0, 0x00,
    0x00, 0x00, 0x00, 0x7F, 0xE0, 0x00, 0x00, 0x00, 0x00, 0xBF, 0xE0, 0x00, 0x00, 0x00, 0x00, 0xBF,
    0xE0, 0x00, 0x00, 0x00, 0x00, 0x3F, 0xE0, 0x00, 0x00, 0x00, 0x00, 0x3F, 0xE0, 0x00, 0x00, 0x00,
    0x00, 0x3F, 0xE0, 0x00, 0x00, 0x00, 0x00, 0x3F, 0xF0, 0x00, 0x00, 0x00, 0x00, 0x2F, 0xF0, 0x00,
    0x00, 0x00, 0x00, 0x0F, 0xF8, 0x00, 0x00, 0x00, 0x7C, 0x0B, 0xFC, 0x00, 0x00, 0x00, 0xBC, 0x03,
    0xFF, 0x00, 0x00, 0x00, 0xFC, 0x00, 0xFF, 0xC0, 0x00, 0x00, 0xFC, 0x00, 0xBF, 0xF0, 0x00, 0x00,
    0xFC, 0x00, 0x0F, 0xFE, 0x00, 0x07, 0xFC, 0x00, 0x02, 0xFF, 0xFF, 0xFF, 0xFC, 0x00, 0x00, 0x2F,
    0xFF, 0xFF, 0xE0, 0x00, 0x00, 0x00, 0x6A, 0x80, 0x00, 0xAA, 0xAA, 0xAA, 0xA8, 0x00, 0x00, 0x00,
    0xBF, 0xFF, 0xFF, 0xFF, 0xE0, 0x00, 0x00, 0x0B, 0xFF, 0x56, 0xAF, 0xFF, 0x00, 0x00, 0x02, 0xFE,
    0x00, 0x00, 0xFF, 0xE0, 0x00, 0x02, 0xFE, 0x00, 0x00, 0x2F, 0xF8, 0x00, 0x02, 0xFE, 0x00, 0x00,
    0x07, 0xFE, 0x00, 0x02, 0xFE, 0x00, 0x00, 0x02, 0xFF, 0x00, 0x02, 0xFE, 0x00, 0x00, 0x00, 0xFF,
    0xC0, 0x02, 0xFE, 0x00, 0x00, 0x00, 0xBF, 0xC0, 0x02, 0xFE, 0x00, 0x00, 0x00, 0x3F, 0xE0, 0x02,
    0xFE, 0x00, 0x00, 0x00, 0x3F, 0xE0, 0x02, 0xFE, 0x00, 0x00, 0x00, 0x3F, 0xF0, 0x02, 0xFE, 0x00,
    0x00, 0x00, 0x3F, 0xF0, 0x02, 0xFE, 0x00, 0x00, 0x00, 0x3F, 0xF0, 0x02, 0xFE, 0x00, 0x00, 0x00,
    0x3F, 0xF0, 0x02, 0xFE, 0x00, 0x00, 0x00, 0x3F, 0xF0, 0x02, 0xFE, 0x00, 0x00, 0x00, 0x3F, 0xF0,
    0x02, 0xFE, 0x00, 0x00, 0x00, 0x3F, 0xE0, 0x02, 0xFE, 0x00, 0x00, 0x00, 0x3F, 0xE0, 0x02, 0xFE,
    0x00, 0x00, 0x00, 0xBF, 0xC0, 0x02, 0xFE, 0x00, 0x00, 0x00, 0xFF, 0x80, 0x02, 0xFE, 0x00, 0x00,
    0x02, 0xFF, 0x00, 0x02, 0xFE, 0x00, 0x00, 0x03, 0xFE, 0x00, 0x02, 0xFE, 0x00, 0x00, 0x1F, 0xFC,
    0x00, 0x02, 0xFE, 0x00, 0x00, 0xBF, 0xF0, 0x00, 0x03, 0xFE, 0x00, 0x6F, 0xFF, 0x80, 0x00, 0xBF,
    0xFF, 0xFF, 0xFF, 0xF8, 0x00, 0x00, 0xBF, 0xFF, 0xFF, 0xFA, 0x00, 0x00, 0x00, 0xAA, 0xAA, 0xAA,
    0xAA, 0xAA, 0x00, 0xBF, 0xFF, 0xFF, 0xFF, 0xFF, 0x00, 0x0B, 0xFF, 0x55, 0x55, 0xBF, 0x00, 0x02,
    0xFE, 0x00, 0x00, 0x3F, 0x00, 0x02, 0xFE, 0x00, 0x00, 0x2F, 0x00, 0x02, 0xFE, 0x00, 0x00, 0x2F,
    0x00, 0x02, 0xFE, 0x00, 0x00, 0x0A, 0x00, 0x02, 0xFE, 0x00, 0x00, 0x00, 0x00, 0x02, 0xFE, 0x00,
    0x00, 0x00, 0x00, 0x02, 0xFE, 0x00, 0x03, 0xC0, 0x00, 0x02, 0xFE, 0x00, 0x0B, 0xC0, 0x00, 0x02,
    0xFE, 0x00, 0x0B, 0xC0, 0x00, 0x02, 0xFF, 0xAA, 0xAF, 0xC0, 0x00, 0x02, 0xFF, 0xFF, 0xFF, 0xC0,
    0x00, 0x02, 0xFF, 0xAA, 0xAF, 0xC0, 0x00, 0x02, 0xFE, 0x00, 0x0B, 0xC0, 0x00, 0x02, 0xFE, 0x00,
    0x0B, 0xC0, 0x00, 0x02, 0xFE, 0x00, 0x03, 0xC0, 0x00, 0x02, 0xFE, 0x00, 0x00, 0x00, 0x00, 0x02,
    0xFE, 0x00, 0x00, 0x00, 0x00, 0x02, 0xFE, 0x00, 0x00, 0x00, 0x00, 0x02, 0xFE, 0x00, 0x00, 0x03,
    0xE0, 0x02, 0xFE, 0x00, 0x00, 0x03, 0xE0, 0x02, 0xFE, 0x00, 0x00, 0x03, 0xE0, 0x02, 0xFE, 0x00,
    0x00, 0x03, 0xE0, 0x03, 0xFE, 0x00, 0x00, 0x0F, 0xE0, 0xBF, 0xFF, 0xFF, 0xFF, 0xFF, 0xE0, 0xBF,
    0xFF, 0xFF, 0xFF, 0xFF, 0xE0, 0x2A, 0xAA, 0xAA, 0xAA, 0xAA, 0x80, 0x3F, 0xFF, 0xFF, 0xFF, 0xFF,
    0xC0, 0x01, 0xFF, 0xEA, 0xAA, 0xAF, 0xC0, 0x00, 0xBF, 0x80, 0x00, 0x0F, 0xC0, 0x00, 0xBF, 0x80,
    0x00, 0x0F, 0xC0, 0x00, 0xBF, 0x80, 0x00, 0x0F, 0xC0, 0x00, 0xBF, 0x80, 0x00, 0x0B, 0xC0, 0x00,
    0xBF, 0x80, 0x00, 0x00, 0x00, 0x00, 0xBF, 0x80, 0x00, 0x00, 0x00, 0x00, 0xBF, 0x80, 0x00, 0xA0,
    0x00, 0x00, 0xBF, 0x80, 0x00, 0xF0, 0x00, 0x00, 0xBF, 0x80, 0x02, 0xF0, 0x00, 0x00, 0xBF, 0x80,
    0x02, 0xF0, 0x00, 0x00, 0xBF, 0xFF, 0xFF, 0xF0, 0x00, 0x00, 0xBF, 0xFF, 0xFF, 0xF0, 0x00, 0x00,
    0xBF, 0x80, 0x03, 0xF0, 0x00, 0x00, 0xBF, 0x80, 0x02, 0xF0, 0x00, 0x00, 0xBF, 0x80, 0x00, 0xF0,
    0x00, 0x00, 0xBF, 0x80, 0x00, 0xA0, 0x00, 0x00, 0xBF, 0x80, 0x00, 0x00, 0x00, 0x00, 0xBF, 0x80,
    0x00, 0x00, 0x00, 0x00, 0xBF, 0x80, 0x00, 0x00, 0x00, 0x00, 0xBF, 0x80, 0x00, 0x00, 0x00, 0x00,
    0xBF, 0x80, 0x00, 0x00, 0x00, 0x00, 0xBF, 0x80, 0x00, 0x00, 0x00, 0x00, 0xFF, 0xC0, 0x00, 0x00,
    0x00, 0x2F, 0xFF, 0xFF, 0x00, 0x00, 0x00, 0x2F, 0xFF, 0xFF, 0x00, 0x00, 0x00, 0x00, 0x00, 0x00,
    0x01, 0x00, 0x00, 0x00, 0x00, 0x00, 0x2F, 0xFF, 0xFF, 0xE0, 0x00, 0x00, 0x02, 0xFF, 0xFF, 0xFF,
    0xFE, 0x00, 0x00, 0x0F, 0xFF, 0x80, 0x1F, 0xFE, 0x00, 0x00, 0xBF, 0xF0, 0x00, 0x00, 0xFE, 0x00,
    0x00, 0xFF, 0xC0, 0x00, 0x00, 0xBE, 0x00, 0x03, 0xFF, 0x00, 0x00, 0x00, 0xBE, 0x00, 0x0B, 0xFC,
    0x00, 0x00, 0x00, 0x3E, 0x00, 0x0F, 0xF8, 0x00, 0x00, 0x00, 0x3E, 0x00, 0x2F, 0xF0, 0x00, 0x00,
    0x00, 0x00, 0x00, 0x3F, 0xF0, 0x00, 0x00, 0x00, 0x00, 0x00, 0x3F, 0xE0, 0x00, 0x00, 0x00, 0x00,
    0x00, 0x3F, 0xE0, 0x00, 0x00, 0x00, 0x00, 0x00, 0x7F, 0xE0, 0x00, 0x00, 0x00, 0x00, 0x00, 0xBF,
    0xD0, 0x00, 0x00, 0x00, 0x00, 0x00, 0xBF, 0xD0, 0x00, 0x00, 0xAA, 0xAA, 0xA0, 0x3F, 0xE0, 0x00,
    0x00, 0xFF, 0xFF, 0xF8, 0x3F, 0xE0, 0x00, 0x00, 0xAB, 0xFF, 0xA0, 0x3F, 0xE0, 0x00, 0x00, 0x02,
    0xFE, 0x00, 0x3F, 0xF0, 0x00, 0x00, 0x02, 0xFE, 0x00, 0x2F, 0xF0, 0x00, 0x00, 0x02, 0xFE, 0x00,
    0x0F, 0xF8, 0x00, 0x00, 0x02, 0xFE, 0x00, 0x0B, 0xFC, 0x00, 0x00, 0x02, 0xFE, 0x00, 0x03, 0xFF,
    0x00, 0x00, 0x02, 0xFE, 0x00, 0x00, 0xFF, 0xC0, 0x00, 0x02, 0xFE, 0x00, 0x00, 0xBF, 0xF0, 0x00,
    0x02, 0xFE, 0x00, 0x00, 0x0F, 0xFF, 0x40, 0x03, 0xFE, 0x00, 0x00, 0x02, 0xFF, 0xFF, 0xFF, 0xFE,
    0x00, 0x00, 0x00, 0x2F, 0xFF, 0xFF, 0xE0, 0x00, 0x00, 0x00, 0x00, 0x6A, 0xA0, 0x00, 0x00, 0xAA,
    0xAA, 0xA8, 0x00, 0x0A, 0xAA, 0xAA, 0x00, 0xBF, 0xFF, 0xFC, 0x00, 0x0F, 0xFF, 0xFF, 0x00, 0x0B,
    0xFF, 0x40, 0x00, 0x00, 0xBF, 0xF0, 0x00, 0x02, 0xFE, 0x00, 0x00, 0x00, 0x3F, 0xC0, 0x00, 0x02,
    0xFE, 0x00, 0x00, 0x00, 0x3F, 0xC0, 0x00, 0x02, 0xFE, 0x00, 0x00, 0x00, 0x3F, 0xC0, 0x00, 0x02,
    0xFE, 0x00, 0x00, 0x00, 0x3F, 0xC0, 0x00, 0x02, 0xFE, 0x00, 0x00, 0x00, 0x3F, 0xC0, 0x00, 0x02,
    0xFE, 0x00, 0x00, 0x00, 0x3F, 0xC0, 0x00, 0x02, 0xFE, 0x00, 0x00, 0x00, 0x3F, 0xC0, 0x00, 0x02,
    0xFE, 0x00, 0x00, 0x00, 0x3F, 0xC0, 0x00, 0x02, 0xFE, 0x00, 0x00, 0x00, 0x3F, 0xC0, 0x00, 0x02,
    0xFF, 0xAA, 0xAA, 0xAA, 0xBF, 0xC0, 0x00, 0x02, 0xFF, 0xFF, 0xFF, 0xFF, 0xFF, 0xC0, 0x00, 0x02,
    0xFF, 0xAA, 0xAA, 0xAA, 0xBF, 0xC0, 0x00, 0x02, 0xFE, 0x00, 0x00, 0x00, 0x3F, 0xC0, 0x00, 0x02,
    0xFE, 0x00, 0x00, 0x00, 0x3F, 0xC0, 0x00, 0x02, 0xFE, 0x00, 0x00, 0x00, 0x3F, 0xC0, 0x00, 0x02,
    0xFE, 0x00, 0x00, 0x00, 0x3F, 0xC0, 0x00, 0x02, 0xFE, 0x00, 0x00, 0x00, 0x3F, 0xC0, 0x00, 0x02,
    0xFE, 0x00, 0x00, 0x00, 0x3F, 0xC0, 0x00, 0x02, 0xFE, 0x00, 0x00, 0x00, 0x3F, 0xC0, 0x00, 0x02,
    0xFE, 0x00, 0x00, 0x00, 0x3F, 0xC0, 0x00, 0x02, 0xFE, 0x00, 0x00, 0x00, 0x3F, 0xC0, 0x00, 0x02,
    0xFE, 0x00, 0x00, 0x00, 0x3F, 0xC0, 0x00, 0x03, 0xFF, 0x00, 0x00, 0x00, 0xBF, 0xE0, 0x00, 0xBF,
    0xFF, 0xFC, 0x00, 0x0F, 0xFF, 0xFF, 0x00, 0xBF, 0xFF, 0xFC, 0x00, 0x0F, 0xFF, 0xFF, 0x00, 0xAA,
    0xAA, 0xA8, 0xBF, 0xFF, 0xFC, 0x07, 0xFF, 0x80, 0x02, 0xFF, 0x00, 0x02, 0xFF, 0x00, 0x02, 0xFF,
    0x00, 0x02, 0xFF, 0x00, 0x02, 0xFF, 0x00, 0x02, 0xFF, 0x00, 0x02, 0xFF, 0x00, 0x02, 0xFF, 0x00,
    0x02, 0xFF, 0x00, 0x02, 0xFF, 0x00, 0x02, 0xFF, 0x00, 0x02, 0xFF, 0x00, 0x02, 0xFF, 0x00, 0x02,
    0xFF, 0x00, 0x02, 0xFF, 0x00, 0x02, 0xFF, 0x00, 0x02, 0xFF, 0x00, 0x02, 0xFF, 0x00, 0x02, 0xFF,
    0x00, 0x02, 0xFF, 0x00, 0x02, 0xFF, 0x00, 0x02, 0xFF, 0x00, 0x02, 0xFF, 0x00, 0xBF, 0xFF, 0xFC,
    0xBF, 0xFF, 0xFC, 0x00, 0x00, 0xAA, 0xAA, 0xA8, 0x00, 0x00, 0xFF, 0xFF, 0xFC, 0x00, 0x00, 0x07,
    0xFF, 0x40, 0x00, 0x00, 0x02, 0xFE, 0x00, 0x00, 0x00, 0x02, 0xFE, 0x00, 0x00, 0x00, 0x02, 0xFE,
    0x00, 0x00, 0x00, 0x02, 0xFE, 0x00, 0x00, 0x00, 0x02, 0xFE, 0x00, 0x00, 0x00, 0x02, 0xFE, 0x00,
    0x00, 0x00, 0x02, 0xFE, 0x00, 0x00, 0x00, 0x02, 0xFE, 0x00, 0x00, 0x00, 0x02, 0xFE, 0x00, 0x00,
    0x00, 0x02, 0xFE, 0x00, 0x00, 0x00, 0x02, 0xFE, 0x00, 0x00, 0x00, 0x02, 0xFE, 0x00, 0x00, 0x00,
    0x02, 0xFE, 0x00, 0x00, 0x00, 0x02, 0xFE, 0x00, 0x00, 0x00, 0x02, 0xFE, 0x00, 0x00, 0x00, 0x02,
    0xFE, 0x00, 0x00, 0x00, 0x02, 0xFE, 0x00, 0x2A, 0x00, 0x03, 0xFE, 0x00, 0x3F, 0x00, 0x03, 0xFC,
    0x00, 0x3F, 0x00, 0x03, 0xFC, 0x00, 0x3F, 0x00, 0x0B, 0xF8, 0x00, 0x3F, 0x00, 0x0F, 0xF0, 0x00,
    0x3F, 0x80, 0x3F, 0xE0, 0x00, 0x3F, 0xFB, 0xFF, 0x80, 0x00, 0x2F, 0xFF, 0xFE, 0x00, 0x00, 0x00,
    0x6A, 0x40, 0x00, 0x00, 0xAA, 0xAA, 0xA8, 0x02, 0xAA, 0xAA, 0x00, 0xBF, 0xFF, 0xFC, 0x02, 0xFF,
    0xFF, 0x00, 0x0B, 0xFF, 0x40, 0x00, 0x2F, 0xE4, 0x00, 0x02, 0xFE, 0x00, 0x00, 0x2F, 0x80, 0x00,
    0x02, 0xFE, 0x00, 0x00, 0xBF, 0x00, 0x00, 0x02, 0xFE, 0x00, 0x00, 0xFC, 0x00, 0x00, 0x02, 0xFE,
    0x00, 0x03, 0xF0, 0x00, 0x00, 0x02, 0xFE, 0x00, 0x0F, 0xC0, 0x00, 0x00, 0x02, 0xFE, 0x00, 0x3F,
    0x80, 0x00, 0x00, 0x02, 0xFE, 0x00, 0xBE, 0x00, 0x00, 0x00, 0x02, 0xFE, 0x01, 0xFC, 0x00, 0x00,
    0x00, 0x02, 0xFE, 0x03, 0xF0, 0x00, 0x00, 0x00, 0x02, 0xFE, 0x0F, 0xD0, 0x00, 0x00, 0x00, 0x02,
    0xFE, 0x3F, 0xF0, 0x00, 0x00, 0x00, 0x02, 0xFF, 0xFF, 0xF8, 0x00, 0x00, 0x00, 0x02, 0xFF, 0xAF,
    0xFC, 0x00, 0x00, 0x00, 0x02, 0xFE, 0x03, 0xFF, 0x00, 0x00, 0x00, 0x02, 0xFE, 0x02, 0xFF, 0x80,
    0x00, 0x00, 0x02, 0xFE, 0x00, 0xFF, 0xC0, 0x00, 0x00, 0x02, 0xFE, 0x00, 0x3F, 0xF0, 0x00, 0x00,
    0x02, 0xFE, 0x00, 0x2F, 0xF8, 0x00, 0x00, 0x02, 0xFE, 0x00, 0x0B, 0xFD, 0x00, 0x00, 0x02, 0xFE,
    0x00, 0x03, 0xFF, 0x00, 0x00, 0x02, 0xFE, 0x00, 0x00, 0xFF, 0x80, 0x00, 0x02, 0xFE, 0x00, 0x00,
    0xBF, 0xD0, 0x00, 0x03, 0xFF, 0x00, 0x00, 0x3F, 0xF0, 0x00, 0xBF, 0xFF, 0xFC, 0x00, 0x0F, 0xFF,
    0xC0, 0xBF, 0xFF, 0xFC, 0x00, 0x0F, 0xFF, 0xC0, 0x2A, 0xAA, 0xAA, 0x00, 0x00, 0x00, 0x3F, 0xFF,
    0xFE, 0x00, 0x00, 0x00, 0x02, 0xFF, 0xD0, 0x00, 0x00, 0x00, 0x00, 0xBF, 0x80, 0x00, 0x00, 0x00,
    0x00, 0xBF, 0x80, 0x00, 0x00, 0x00, 0x00, 0xBF, 0x80, 0x00, 0x00, 0x00, 0x00, 0xBF, 0x80, 0x00,
    0x00, 0x00, 0x00, 0xBF, 0x80, 0x00, 0x00, 0x00, 0x00, 0xBF, 0x80, 0x00, 0x00, 0x00, 0x00, 0xBF,
    0x80, 0x00, 0x00, 0x00, 0x00, 0xBF, 0x80, 0x00, 0x00, 0x00, 0x00, 0xBF, 0x80, 0x00, 0x00, 0x00,
    0x00, 0xBF, 0x80, 0x00, 0x00, 0x00, 0x00, 0xBF, 0x80, 0x00, 0x00, 0x00, 0x00, 0xBF, 0x80, 0x00,
    0x00, 0x00, 0x00, 0xBF, 0x80, 0x00, 0x00, 0x00, 0x00, 0xBF, 0x80, 0x00, 0x00, 0x00, 0x00, 0xBF,
    0x80, 0x00, 0x00, 0x00, 0x00, 0xBF, 0x80, 0x00, 0x00, 0x00, 0x00, 0xBF, 0x80, 0x00, 0x00, 0x00,
    0x00, 0xBF, 0x80, 0x00, 0x0B, 0xC0, 0x00, 0xBF, 0x80, 0x00, 0x0B, 0xC0, 0x00, 0xBF, 0x80, 0x00,
    0x0B, 0xC0, 0x00, 0xBF, 0x80, 0x00, 0x0F, 0xC0, 0x00, 0xBF, 0x80, 0x00, 0x0F, 0xC0, 0x00, 0xFF,
    0x80, 0x00, 0x2F, 0xC0, 0x3F, 0xFF, 0xFF, 0xFF, 0xFF, 0xC0, 0x3F, 0xFF, 0xFF, 0xFF, 0xFF, 0xC0,
    0xAA, 0xAA, 0x80, 0x00, 0x00, 0x00, 0xAA, 0xAA, 0xA0, 0xFF, 0xFF, 0xE0, 0x00, 0x00, 0x00, 0xFF,
    0xFF, 0xE0, 0x07, 0xFF, 0xF0, 0x00, 0x00, 0x00, 0xFF, 0xFD, 0x00, 0x02, 0xFF, 0xF0, 0x00, 0x00,
    0x02, 0xFF, 0xF8, 0x00, 0x02, 0xFB, 0xF8, 0x00, 0x00, 0x03, 0xEB, 0xF8, 0x00, 0x02, 0xF3, 0xFC,
    0x00, 0x00, 0x07, 0xDB, 0xF8, 0x00, 0x02, 0xF3, 0xFC, 0x00, 0x00, 0x0B, 0xCB, 0xF8, 0x00, 0x02,
    0xF2, 0xFE, 0x00, 0x00, 0x0F, 0x8B, 0xF8, 0x00, 0x02, 0xF0, 0xFF, 0x00, 0x00, 0x2F, 0x0B, 0xF8,
    0x00, 0x02, 0xF0, 0xFF, 0x80, 0x00, 0x3F, 0x0B, 0xF8, 0x00, 0x02, 0xF0, 0xBF, 0xC0, 0x00, 0x3E,
    0x0B, 0xF8, 0x00, 0x02, 0xF0, 0x3F, 0xC0, 0x00, 0xBC, 0x0B, 0xF8, 0x00, 0x02, 0xF0, 0x3F, 0xE0,
    0x00, 0xFC, 0x0B, 0xF8, 0x00, 0x02, 0xF0, 0x2F, 0xF0, 0x00, 0xF4, 0x0B, 0xF8, 0x00, 0x02, 0xF0,
    0x0F, 0xF0, 0x02, 0xF0, 0x0B, 0xF8, 0x00, 0x02, 0xF0, 0x0B, 0xF8, 0x03, 0xE0, 0x0B, 0xF8, 0x00,
    0x02, 0xF0, 0x03, 0xFC, 0x0B, 0xC0, 0x0B, 0xF8, 0x00, 0x02, 0xF0, 0x03, 0xFD, 0x0F, 0xC0, 0x0B,
    0xF8, 0x00, 0x02, 0xF0, 0x02, 0xFF, 0x0F, 0x80, 0x0B, 0xF8, 0x00, 0x02, 0xF0, 0x00, 0xFF, 0x2F,
    0x00, 0x0B, 0xF8, 0x00, 0x02, 0xF0, 0x00, 0xFF, 0xBF, 0x00, 0x0B, 0xF8, 0x00, 0x02, 0xF0, 0x00,
    0xBF, 0xFE, 0x00, 0x0B, 0xF8, 0x00, 0x02, 0xF0, 0x00, 0x3F, 0xFC, 0x00, 0x0B, 0xF8, 0x00, 0x02,
    0xF0, 0x00, 0x3F, 0xF8, 0x00, 0x0B, 0xF8, 0x00, 0x02, 0xF0, 0x00, 0x2F, 0xF0, 0x00, 0x0B, 0xF8,
    0x00, 0x03, 0xF0, 0x00, 0x0F, 0xF0, 0x00, 0x0F, 0xFC, 0x00, 0xFF, 0xFF, 0xC0, 0x0B, 0xE0, 0x03,
    0xFF, 0xFF, 0xE0, 0xFF, 0xFF, 0xC0, 0x03, 0xC0, 0x03, 0xFF, 0xFF, 0xE0, 0x2A, 0xAA, 0x80, 0x00,
    0x00, 0xAA, 0xAA, 0x00, 0x3F, 0xFF, 0xD0, 0x00, 0x02, 0xFF, 0xFF, 0x80, 0x02, 0xFF, 0xF0, 0x00,
    0x00, 0x0F, 0xF0, 0x00, 0x00, 0xBF, 0xF8, 0x00, 0x00, 0x03, 0xC0, 0x00, 0x00, 0xBF, 0xFD, 0x00,
    0x00, 0x03, 0xC0, 0x00, 0x00, 0xBF, 0xFF, 0x00, 0x00, 0x03, 0xC0, 0x00, 0x00, 0xBC, 0xFF, 0x80,
    0x00, 0x03, 0xC0, 0x00, 0x00, 0xBC, 0xBF, 0xD0, 0x00, 0x03, 0xC0, 0x00, 0x00, 0xBC, 0x3F, 0xF0,
    0x00, 0x03, 0xC0, 0x00, 0x00, 0xBC, 0x0F, 0xF8, 0x00, 0x03, 0xC0, 0x00, 0x00, 0xBC, 0x0B, 0xFC,
    0x00, 0x03, 0xC0, 0x00, 0x00, 0xBC, 0x03, 0xFF, 0x00, 0x03, 0xC0, 0x00, 0x00, 0xBC, 0x00, 0xFF,
    0x80, 0x03, 0xC0, 0x00, 0x00, 0xBC, 0x00, 0xBF, 0xC0, 0x03, 0xC0, 0x00, 0x00, 0xBC, 0x00, 0x3F,
    0xF0, 0x03, 0xC0, 0x00, 0x00, 0xBC, 0x00, 0x0F, 0xF8, 0x03, 0xC0, 0x00, 0x00, 0xBC, 0x00, 0x0B,
    0xFC, 0x03, 0xC0, 0x00, 0x00, 0xBC, 0x00, 0x03, 0xFF, 0x03, 0xC0, 0x00, 0x00, 0xBC, 0x00, 0x00,
    0xFF, 0x83, 0xC0, 0x00, 0x00, 0xBC, 0x00, 0x00, 0xBF, 0xC3, 0xC0, 0x00, 0x00, 0xBC, 0x00, 0x00,
    0x3F, 0xF7, 0xC0, 0x00, 0x00, 0xBC, 0x00, 0x00, 0x0F, 0xFF, 0xC0, 0x00, 0x00, 0xBC, 0x00, 0x00,
    0x0B, 0xFF, 0xC0, 0x00, 0x00, 0xBC, 0x00, 0x00, 0x03, 0xFF, 0xC0, 0x00, 0x00, 0xBC, 0x00, 0x00,
    0x01, 0xFF, 0xC0, 0x00, 0x00, 0xFC, 0x00, 0x00, 0x00, 0xBF, 0xC0, 0x00, 0x3F, 0xFF, 0xF0, 0x00,
    0x00, 0x3F, 0xC0, 0x00, 0x3F, 0xFF, 0xF0, 0x00, 0x00, 0x1F, 0xC0, 0x00, 0x00, 0x00, 0x00, 0x00,
    0x00, 0x00, 0x00, 0x00, 0x00, 0x2F, 0xFF, 0xF8, 0x00, 0x00, 0x00, 0x03, 0xFF, 0xFF, 0xFF, 0xC0,
    0x00, 0x00, 0x2F, 0xFE, 0x00, 0xBF, 0xF4, 0x00, 0x00, 0xBF, 0xE0, 0x00, 0x0B, 0xFE, 0x00, 0x01,
    0xFF, 0x80, 0x00, 0x02, 0xFF, 0x00, 0x03, 0xFE, 0x00, 0x00, 0x00, 0xFF, 0xC0, 0x0B, 0xFC, 0x00,
    0x00, 0x00, 0x3F, 0xE0, 0x0F, 0xF8, 0x00, 0x00, 0x00, 0x3F, 0xF0, 0x2F, 0xF0, 0x00, 0x00, 0x00,
    0x0F, 0xF8, 0x3F, 0xF0, 0x00, 0x00, 0x00, 0x0F, 0xFC, 0x3F, 0xF0, 0x00, 0x00, 0x00, 0x0F, 0xFC,
    0x3F, 0xE0, 0x00, 0x00, 0x00, 0x0B, 0xFC, 0x3F, 0xE0, 0x00, 0x00, 0x00, 0x0B, 0xFC, 0xBF, 0xE0,
    0x00, 0x00, 0x00, 0x0B, 0xFD, 0xBF, 0xE0, 0x00, 0x00, 0x00, 0x0B, 0xFD, 0x7F, 0xE0, 0x00, 0x00,
    0x00, 0x0B, 0xFC, 0x3F, 0xE0, 0x00, 0x00, 0x00, 0x0B, 0xFC, 0x3F, 0xE0, 0x00, 0x00, 0x00, 0x0F,
    0xFC, 0x3F, 0xF0, 0x00, 0x00, 0x00, 0x0F, 0xFC, 0x2F, 0xF0, 0x00, 0x00, 0x00, 0x0F, 0xF8, 0x0F,
    0xF8, 0x00, 0x00, 0x00, 0x2F, 0xF0, 0x0F, 0xFC, 0x00, 0x00, 0x00, 0x3F, 0xE0, 0x03, 0xFE, 0x00,
    0x00, 0x00, 0xBF, 0xC0, 0x02, 0xFF, 0x40, 0x00, 0x02, 0xFF, 0x80, 0x00, 0xBF, 0xC0, 0x00, 0x07,
    0xFE, 0x00, 0x00, 0x2F, 0xF8, 0x00, 0x2F, 0xF8, 0x00, 0x00, 0x07, 0xFF, 0xFF, 0xFF, 0xC0, 0x00,
    0x00, 0x00, 0xBF, 0xFF, 0xFE, 0x00, 0x00, 0x00, 0x00, 0x01, 0xAA, 0x00, 0x00, 0x00, 0x2A, 0xAA,
    0xAA, 0xA8, 0x00, 0x00, 0x3F, 0xFF, 0xFF, 0xFF, 0xF4, 0x00, 0x02, 0xFF, 0xEA, 0xBF, 0xFF, 0x00,
    0x00, 0xBF, 0x80, 0x02, 0xFF, 0xC0, 0x00, 0xBF, 0x80, 0x00, 0xBF, 0xE0, 0x00, 0xBF, 0x80, 0x00,
    0x3F, 0xF0, 0x00, 0xBF, 0x80, 0x00, 0x2F, 0xF0, 0x00, 0xBF, 0x80, 0x00, 0x0F, 0xF0, 0x00, 0xBF,
    0x80, 0x00, 0x0F, 0xF0, 0x00, 0xBF, 0x80, 0x00, 0x0F, 0xF0, 0x00, 0xBF, 0x80, 0x00, 0x1F, 0xF0,
    0x00, 0xBF, 0x80, 0x00, 0x2F, 0xF0, 0x00, 0xBF, 0x80, 0x00, 0x3F, 0xD0, 0x00, 0xBF, 0x80, 0x00,
    0xFF, 0xC0, 0x00, 0xBF, 0x80, 0x03, 0xFF, 0x00, 0x00, 0xBF, 0xEA, 0xBF, 0xFC, 0x00, 0x00, 0xBF,
    0xFF, 0xFF, 0xD0, 0x00, 0x00, 0xBF, 0xEA, 0xA4, 0x00, 0x00, 0x00, 0xBF, 0x80, 0x00, 0x00, 0x00,
    0x00, 0xBF, 0x80, 0x00, 0x00, 0x00, 0x00, 0xBF, 0x80, 0x00, 0x00, 0x00, 0x00, 0xBF, 0x80, 0x00,
    0x00, 0x00, 0x00, 0xBF, 0x80, 0x00, 0x00, 0x00, 0x00, 0xBF, 0x80, 0x00, 0x00, 0x00, 0x00, 0xBF,
    0x80, 0x00, 0x00, 0x00, 0x00, 0xFF, 0xC0, 0x00, 0x00, 0x00, 0x2F, 0xFF, 0xFF, 0x00, 0x00, 0x00,
    0x2F, 0xFF, 0xFF, 0x00, 0x00, 0x00, 0x00, 0x00, 0x00, 0x04, 0x00, 0x00, 0x00, 0x00, 0x00, 0x2F,
    0xFF, 0xFE, 0x00, 0x00, 0x00, 0x03, 0xFF, 0xFF, 0xFF, 0xD0, 0x00, 0x00, 0x1F, 0xFE, 0x00, 0xBF,
    0xF8, 0x00, 0x00, 0xBF, 0xE0, 0x00, 0x0B, 0xFE, 0x00, 0x00, 0xFF, 0x80, 0x00, 0x01, 0xFF, 0x80,
    0x03, 0xFF, 0x00, 0x00, 0x00, 0xBF, 0xC0, 0x0B, 0xFC, 0x00, 0x00, 0x00, 0x3F, 0xF0, 0x0F, 0xF8,
    0x00, 0x00, 0x00, 0x2F, 0xF8, 0x2F, 0xF0, 0x00, 0x00, 0x00, 0x0F, 0xFC, 0x3F, 0xF0, 0x00, 0x00,
    0x00, 0x0F, 0xFC, 0x3F, 0xF0, 0x00, 0x00, 0x00, 0x0B, 0xFD, 0x3F, 0xE0, 0x00, 0x00, 0x00, 0x07,
    0xFE, 0x3F, 0xE0, 0x00, 0x00, 0x00, 0x03, 0xFE, 0xBF, 0xE0, 0x00, 0x00, 0x00, 0x03, 0xFF, 0xBF,
    0xE0, 0x00, 0x00, 0x00, 0x03, 0xFF, 0x3F, 0xE0, 0x00, 0x00, 0x00, 0x03, 0xFE, 0x3F, 0xE0, 0x00,
    0x00, 0x00, 0x07, 0xFE, 0x3F, 0xF0, 0x00, 0x00, 0x00, 0x0B, 0xFE, 0x3F, 0xF0, 0x00, 0x00, 0x00,
    0x0F, 0xFC, 0x2F, 0xF0, 0x00, 0x00, 0x00, 0x0F, 0xFC, 0x0F, 0xF8, 0x00, 0x00, 0x00, 0x1F, 0xF8,
    0x0F, 0xFC, 0x00, 0x00, 0x00, 0x3F, 0xF0, 0x03, 0xFE, 0x00, 0x00, 0x00, 0xBF, 0xE0, 0x02, 0xFF,
    0x80, 0x00, 0x00, 0xFF, 0xC0, 0x00, 0xBF, 0xE0, 0x00, 0x03, 0xFF, 0x00, 0x00, 0x2F, 0xFC, 0x00,
    0x2F, 0xFC, 0x00, 0x00, 0x07, 0xFF, 0xFF, 0xFF, 0xE0, 0x00, 0x00, 0x00, 0xBF, 0xFF, 0xFE, 0x00,
    0x00, 0x00, 0x00, 0x02, 0xFF, 0x80, 0x00, 0x00, 0x00, 0x00, 0x00, 0xFF, 0x80, 0x00, 0x00, 0x00,
    0x00, 0x00, 0xFF, 0xC0, 0x00, 0x00, 0x00, 0x00, 0x00, 0xBF, 0xE0, 0x00, 0x00, 0x00, 0x00, 0x00,
    0x3F, 0xFC, 0x00, 0x00, 0x00, 0x00, 0x00, 0x0F, 0xFF, 0xFF, 0xF0, 0x00, 0x00, 0x00, 0x02, 0xFF,
    0xFF, 0xF0, 0x00, 0x00, 0x00, 0x00, 0x00, 0x00, 0x00, 0xAA, 0xAA, 0xAA, 0xA4, 0x00, 0x00, 0x00,
    0xBF, 0xFF, 0xFF, 0xFF, 0xE0, 0x00, 0x00, 0x0B, 0xFE, 0xAA, 0xFF, 0xFC, 0x00, 0x00, 0x02, 0xFE,
    0x00, 0x0B, 0xFF, 0x00, 0x00, 0x02, 0xFE, 0x00, 0x02, 0xFF, 0x80, 0x00, 0x02, 0xFE, 0x00, 0x00,
    0xFF, 0xC0, 0x00, 0x02, 0xFE, 0x00, 0x00, 0xBF, 0xC0, 0x00, 0x02, 0xFE, 0x00, 0x00, 0xBF, 0xC0,
    0x00, 0x02, 0xFE, 0x00, 0x00, 0xBF, 0xC0, 0x00, 0x02, 0xFE, 0x00, 0x00, 0xBF, 0xC0, 0x00, 0x02,
    0xFE, 0x00, 0x00, 0xFF, 0x80, 0x00, 0x02, 0xFE, 0x00, 0x02, 0xFF, 0x00, 0x00, 0x02, 0xFE, 0x00,
    0x0B, 0xFC, 0x00, 0x00, 0x02, 0xFF, 0xAA, 0xFF, 0xE0, 0x00, 0x00, 0x02, 0xFF, 0xFF, 0xFE, 0x00,
    0x00, 0x00, 0x02, 0xFF, 0xAF, 0xFF, 0xC0, 0x00, 0x00, 0x02, 0xFE, 0x00, 0x7F, 0xF0, 0x00, 0x00,
    0x02, 0xFE, 0x00, 0x0F, 0xFC, 0x00, 0x00, 0x02, 0xFE, 0x00, 0x03, 0xFC, 0x00, 0x00, 0x02, 0xFE,
    0x00, 0x03, 0xFE, 0x00, 0x00, 0x02, 0xFE, 0x00, 0x01, 0xFF, 0x00, 0x00, 0x02, 0xFE, 0x00, 0x00,
    0xFF, 0x00, 0x00, 0x02, 0xFE, 0x00, 0x00, 0xFF, 0x80, 0x00, 0x02, 0xFE, 0x00, 0x00, 0xBF, 0xC0,
    0x00, 0x02, 0xFE, 0x00, 0x00, 0x3F, 0xE0, 0x00, 0x03, 0xFF, 0x00, 0x00, 0x2F, 0xF8, 0x00, 0xBF,
    0xFF, 0xF8, 0x00, 0x0F, 0xFF, 0xE0, 0xBF, 0xFF, 0xF8, 0x00, 0x03, 0xFF, 0xE0, 0x00, 0x00, 0x00,
    0x00, 0x00, 0x2A, 0x00, 0x00, 0x00, 0x04, 0x00, 0x00, 0x00, 0x0B, 0xFF, 0xFE, 0x40, 0x00, 0xFF,
    0xFF, 0xFF, 0xF0, 0x03, 0xFF, 0x40, 0x2F, 0xF0, 0x0F, 0xF8, 0x00, 0x0B, 0xF0, 0x0F, 0xF0, 0x00,
    0x03, 0xF0, 0x2F, 0xE0, 0x00, 0x03, 0xF0, 0x3F, 0xE0, 0x00, 0x03, 0xF0, 0x3F, 0xE0, 0x00, 0x01,
    0xA0, 0x3F, 0xF0, 0x00, 0x00, 0x00, 0x3F, 0xF8, 0x00, 0x00, 0x00, 0x2F, 0xFF, 0x00, 0x00, 0x00,
    0x0F, 0xFF, 0xE0, 0x00, 0x00, 0x03, 0xFF, 0xFF, 0x00, 0x00, 0x00, 0xBF, 0xFF, 0xF4, 0x00, 0x00,
    0x0F, 0xFF, 0xFF, 0x00, 0x00, 0x00, 0xFF, 0xFF, 0xC0, 0x00, 0x00, 0x0F, 0xFF, 0xF0, 0x00, 0x00,
    0x01, 0xFF, 0xF4, 0x00, 0x00, 0x00, 0x3F, 0xF8, 0x00, 0x00, 0x00, 0x0F, 0xFC, 0xBD, 0x00, 0x00,
    0x0B, 0xFC, 0xBE, 0x00, 0x00, 0x0B, 0xF8, 0xBE, 0x00, 0x00, 0x0B, 0xF8, 0xBE, 0x00, 0x00, 0x0F,
    0xF0, 0xBF, 0x00, 0x00, 0x3F, 0xE0, 0xBF, 0xE0, 0x02, 0xFF, 0x80, 0xBF, 0xFF, 0xFF, 0xFE, 0x00,
    0x2F, 0xFF, 0xFF, 0xE0, 0x00, 0x00, 0x2A, 0xA4, 0x00, 0x00, 0x2A, 0xAA, 0xAA, 0xAA, 0xAA, 0xAA,
    0x00, 0xBF, 0xFF, 0xFF, 0xFF, 0xFF, 0xFF, 0x00, 0xBF, 0xAA, 0xAF, 0xFA, 0xAA, 0xBF, 0x00, 0xBE,
    0x00, 0x0F, 0xF8, 0x00, 0x3F, 0x00, 0xBE, 0x00, 0x0F, 0xF8, 0x00, 0x3F, 0x00, 0xBC, 0x00, 0x0F,
    0xF8, 0x00, 0x3F, 0x00, 0xBC, 0x00, 0x0F, 0xF8, 0x00, 0x2F, 0x00, 0x00, 0x00, 0x0F, 0xF8, 0x00,
    0x00, 0x00, 0x00, 0x00, 0x0F, 0xF8, 0x00, 0x00, 0x00, 0x00, 0x00, 0x0F, 0xF8, 0x00, 0x00, 0x00,
    0x00, 0x00, 0x0F, 0xF8, 0x00, 0x00, 0x00, 0x00, 0x00, 0x0F, 0xF8, 0x00, 0x00, 0x00, 0x00, 0x00,
    0x0F, 0xF8, 0x00, 0x00, 0x00, 0x00, 0x00, 0x0F, 0xF8, 0x00, 0x00, 0x00, 0x00, 0x00, 0x0F, 0xF8,
    0x00, 0x00, 0x00, 0x00, 0x00, 0x0F, 0xF8, 0x00, 0x00, 0x00, 0x00, 0x00, 0x0F, 0xF8, 0x00, 0x00,
    0x00, 0x00, 0x00, 0x0F, 0xF8, 0x00, 0x00, 0x00, 0x00, 0x00, 0x0F, 0xF8, 0x00, 0x00, 0x00, 0x00,
    0x00, 0x0F, 0xF8, 0x00, 0x00, 0x00, 0x00, 0x00, 0x0F, 0xF8, 0x00, 0x00, 0x00, 0x00, 0x00, 0x0F,
    0xF8, 0x00, 0x00, 0x00, 0x00, 0x00, 0x0F, 0xF8, 0x00, 0x00, 0x00, 0x00, 0x00, 0x0F, 0xF8, 0x00,
    0x00, 0x00, 0x00, 0x00, 0x0F, 0xF8, 0x00, 0x00, 0x00, 0x00, 0x00, 0x0F, 0xFC, 0x00, 0x00, 0x00,
    0x00, 0x03, 0xFF, 0xFF, 0xF0, 0x00, 0x00, 0x00, 0x03, 0xFF, 0xFF, 0xF0, 0x00, 0x00, 0xAA, 0xAA,
    0xA8, 0x00, 0x0A, 0xAA, 0xA8, 0xFF, 0xFF, 0xFC, 0x00, 0x0F, 0xFF, 0xFC, 0x0B, 0xFF, 0x40, 0x00,
    0x00, 0x7F, 0x80, 0x03, 0xFE, 0x00, 0x00, 0x00, 0x2F, 0x00, 0x03, 0xFE, 0x00, 0x00, 0x00, 0x2F,
    0x00, 0x03, 0xFE, 0x00, 0x00, 0x00, 0x2F, 0x00, 0x03, 0xFE, 0x00, 0x00, 0x00, 0x2F, 0x00, 0x03,
    0xFE, 0x00, 0x00, 0x00, 0x2F, 0x00, 0x03, 0xFE, 0x00, 0x00, 0x00, 0x2F, 0x00, 0x03, 0xFE, 0x00,
    0x00, 0x00, 0x2F, 0x00, 0x03, 0xFE, 0x00, 0x00, 0x00, 0x2F, 0x00, 0x03, 0xFE, 0x00, 0x00, 0x00,
    0x2F, 0x00, 0x03, 0xFE, 0x00, 0x00, 0x00, 0x2F, 0x00, 0x03, 0xFE, 0x00, 0x00, 0x00, 0x2F, 0x00,
    0x03, 0xFE, 0x00, 0x00, 0x00, 0x2F, 0x00, 0x03, 0xFE, 0x00, 0x00, 0x00, 0x2F, 0x00, 0x03, 0xFE,
    0x00, 0x00, 0x00, 0x2F, 0x00, 0x03, 0xFE, 0x00, 0x00, 0x00, 0x2F, 0x00, 0x03, 0xFE, 0x00, 0x00,
    0x00, 0x2F, 0x00, 0x02, 0xFE, 0x00, 0x00, 0x00, 0x3F, 0x00, 0x02, 0xFF, 0x00, 0x00, 0x00, 0x3F,
    0x00, 0x02, 0xFF, 0x00, 0x00, 0x00, 0x3E, 0x00, 0x00, 0xFF, 0x80, 0x00, 0x00, 0xBE, 0x00, 0x00,
    0xFF, 0xC0, 0x00, 0x00, 0xFC, 0x00, 0x00, 0xBF, 0xF0, 0x00, 0x07, 0xF8, 0x00, 0x00, 0x3F, 0xFF,
    0x92, 0xBF, 0xF0, 0x00, 0x00, 0x0F, 0xFF, 0xFF, 0xFF, 0xC0, 0x00, 0x00, 0x01, 0xFF, 0xFF, 0xFD,
    0x00, 0x00, 0x00, 0x00, 0x06, 0xAA, 0x00, 0x00, 0x00, 0xAA, 0xAA, 0xA0, 0x00, 0x02, 0xAA, 0xA8,
    0xBF, 0xFF, 0xF0, 0x00, 0x03, 0xFF, 0xFC, 0x1B, 0xFF, 0x00, 0x00, 0x00, 0x3F, 0xE0, 0x03, 0xFE,
    0x00, 0x00, 0x00, 0x2F, 0x00, 0x02, 0xFF, 0x00, 0x00, 0x00, 0x3F, 0x00, 0x00, 0xFF, 0x40, 0x00,
    0x00, 0x7E, 0x00, 0x00, 0xFF, 0xC0, 0x00, 0x00, 0xBC, 0x00, 0x00, 0xBF, 0xC0, 0x00, 0x00, 0xFC,
    0x00, 0x00, 0x3F, 0xE0, 0x00, 0x01, 0xF8, 0x00, 0x00, 0x3F, 0xF0, 0x00, 0x03, 0xF0, 0x00, 0x00,
    0x1F, 0xF0, 0x00, 0x03, 0xF0, 0x00, 0x00, 0x0F, 0xF8, 0x00, 0x0B, 0xE0, 0x00, 0x00, 0x0B, 0xFC,
    0x00, 0x0F, 0xC0, 0x00, 0x00, 0x03, 0xFC, 0x00, 0x0F, 0xC0, 0x00, 0x00, 0x03, 0xFE, 0x00, 0x2F,
    0x40, 0x00, 0x00, 0x02, 0xFF, 0x00, 0x3F, 0x00, 0x00, 0x00, 0x00, 0xFF, 0x00, 0x3E, 0x00, 0x00,
    0x00, 0x00, 0xFF, 0x80, 0xBC, 0x00, 0x00, 0x00, 0x00, 0xBF, 0xC0, 0xFC, 0x00, 0x00, 0x00, 0x00,
    0x3F, 0xD0, 0xF8, 0x00, 0x00, 0x00, 0x00, 0x3F, 0xF2, 0xF0, 0x00, 0x00, 0x00, 0x00, 0x2F, 0xF3,
    0xF0, 0x00, 0x00, 0x00, 0x00, 0x0F, 0xFF, 0xE0, 0x00, 0x00, 0x00, 0x00, 0x0B, 0xFF, 0xC0, 0x00,
    0x00, 0x00, 0x00, 0x07, 0xFF, 0xC0, 0x00, 0x00, 0x00, 0x00, 0x03, 0xFF, 0x80, 0x00, 0x00, 0x00,
    0x00, 0x02, 0xFF, 0x00, 0x00, 0x00, 0x00, 0x00, 0x00, 0xFF, 0x00, 0x00, 0x00, 0x00, 0x00, 0x00,
    0xA8, 0x00, 0x00, 0x00, 0xAA, 0xAA, 0xA0, 0x00, 0x0A, 0xA0, 0x00, 0x2A, 0xAA, 0xA0, 0xBF, 0xFF,
    0xF0, 0x00, 0x0F, 0xF0, 0x00, 0x2F, 0xFF, 0xF0, 0x2B, 0xFE, 0x00, 0x00, 0x2F, 0xF0, 0x00, 0x01,
    0xFE, 0x80, 0x03, 0xFC, 0x00, 0x00, 0x3F, 0xF8, 0x00, 0x00, 0xBC, 0x00, 0x03, 0xFD, 0x00, 0x00,
    0x3F, 0xFC, 0x00, 0x00, 0xFC, 0x00, 0x02, 0xFE, 0x00, 0x00, 0xBF, 0xFC, 0x00, 0x00, 0xF8, 0x00,
    0x00, 0xFF, 0x00, 0x00, 0xBF, 0xFD, 0x00, 0x00, 0xF4, 0x00, 0x00, 0xFF, 0x00, 0x00, 0xFA, 0xFE,
    0x00, 0x02, 0xF0, 0x00, 0x00, 0xFF, 0x80, 0x00, 0xF8, 0xFF, 0x00, 0x03, 0xF0, 0x00, 0x00, 0xBF,
    0x80, 0x02, 0xF0, 0xFF, 0x00, 0x03, 0xE0, 0x00, 0x00, 0x3F, 0xC0, 0x03, 0xF0, 0xBF, 0x80, 0x03,
    0xE0, 0x00, 0x00, 0x3F, 0xC0, 0x03, 0xE0, 0x3F, 0xC0, 0x0B, 0xC0, 0x00, 0x00, 0x3F, 0xE0, 0x0B,
    0xC0, 0x3F, 0xC0, 0x0F, 0xC0, 0x00, 0x00, 0x2F, 0xF0, 0x0F, 0xC0, 0x2F, 0xE0, 0x0F, 0x80, 0x00,
    0x00, 0x0F, 0xF0, 0x0F, 0x80, 0x0F, 0xF0, 0x0F, 0x80, 0x00, 0x00, 0x0F, 0xF0, 0x2F, 0x40, 0x0F,
    0xF0, 0x2F, 0x00, 0x00, 0x00, 0x0B, 0xF8, 0x2F, 0x00, 0x0F, 0xF4, 0x2F, 0x00, 0x00, 0x00, 0x0B,
    0xFC, 0x3F, 0x00, 0x0B, 0xF8, 0x3F, 0x00, 0x00, 0x00, 0x03, 0xFC, 0x3E, 0x00, 0x03, 0xFC, 0x3E,
    0x00, 0x00, 0x00, 0x03, 0xFC, 0xBC, 0x00, 0x03, 0xFC, 0xBC, 0x00, 0x00, 0x00, 0x02, 0xFE, 0xFC,
    0x00, 0x02, 0xFE, 0xBC, 0x00, 0x00, 0x00, 0x02, 0xFF, 0xF8, 0x00, 0x00, 0xFF, 0xFC, 0x00, 0x00,
    0x00, 0x00, 0xFF, 0xF0, 0x00, 0x00, 0xFF, 0xF8, 0x00, 0x00, 0x00, 0x00, 0xFF, 0xF0, 0x00, 0x00,
    0xBF, 0xF0, 0x00, 0x00, 0x00, 0x00, 0xBF, 0xE0, 0x00, 0x00, 0x3F, 0xF0, 0x00, 0x00, 0x00, 0x00,
    0x7F, 0xE0, 0x00, 0x00, 0x3F, 0xF0, 0x00, 0x00, 0x00, 0x00, 0x3F, 0xC0, 0x00, 0x00, 0x2F, 0xE0,
    0x00, 0x00, 0x00, 0x00, 0x3F, 0xC0, 0x00, 0x00, 0x2F, 0xC0, 0x00, 0x00, 0x00, 0x00, 0x1A, 0x00,
    0x00, 0x00, 0x0A, 0x80, 0x00, 0x00, 0x2A, 0xAA, 0xA8, 0x00, 0x2A, 0xAA, 0x80, 0x3F, 0xFF, 0xFC,
    0x00, 0xBF, 0xFF, 0xC0, 0x0B, 0xFF, 0xD0, 0x00, 0x0B, 0xFE, 0x00, 0x00, 0xFF, 0xC0, 0x00, 0x03,
    0xF0, 0x00, 0x00, 0x3F, 0xE0, 0x00, 0x0F, 0xC0, 0x00, 0x00, 0x2F, 0xF0, 0x00, 0x2F, 0x80, 0x00,
    0x00, 0x0F, 0xFC, 0x00, 0x3F, 0x00, 0x00, 0x00, 0x07, 0xFE, 0x00, 0xFC, 0x00, 0x00, 0x00, 0x02,
    0xFF, 0x03, 0xF4, 0x00, 0x00, 0x00, 0x00, 0xFF, 0xCB, 0xE0, 0x00, 0x00, 0x00, 0x00, 0xBF, 0xFF,
    0xC0, 0x00, 0x00, 0x00, 0x00, 0x3F, 0xFF, 0x00, 0x00, 0x00, 0x00, 0x00, 0x0F, 0xFE, 0x00, 0x00,
    0x00, 0x00, 0x00, 0x0B, 0xFE, 0x00, 0x00, 0x00, 0x00, 0x00, 0x03, 0xFF, 0x00, 0x00, 0x00, 0x00,
    0x00, 0x0F, 0xFF, 0x80, 0x00, 0x00, 0x00, 0x00, 0x2F, 0xFF, 0xD0, 0x00, 0x00, 0x00, 0x00, 0x7F,
    0x3F, 0xF0, 0x00, 0x00, 0x00, 0x00, 0xFC, 0x1F, 0xF8, 0x00, 0x00, 0x00, 0x03, 0xF4, 0x0B, 0xFC,
    0x00, 0x00, 0x00, 0x0B, 0xE0, 0x03, 0xFF, 0x00, 0x00, 0x00, 0x0F, 0xC0, 0x02, 0xFF, 0x80, 0x00,
    0x00, 0x3F, 0x00, 0x00, 0xFF, 0xC0, 0x00, 0x00, 0xFE, 0x00, 0x00, 0x3F, 0xF0, 0x00, 0x02, 0xFC,
    0x00, 0x00, 0x2F, 0xF8, 0x00, 0x0B, 0xF8, 0x00, 0x00, 0x2F, 0xFE, 0x00, 0xBF, 0xFF, 0xC0, 0x03,
    0xFF, 0xFF, 0xE0, 0xBF, 0xFF, 0xC0, 0x03, 0xFF, 0xFF, 0xE0, 0xAA, 0xAA, 0xA0, 0x00, 0x2A, 0xAA,
    0x80, 0xBF, 0xFF, 0xF0, 0x00, 0x3F, 0xFF, 0xC0, 0x2B, 0xFF, 0x00, 0x00, 0x06, 0xFE, 0x00, 0x03,
    0xFF, 0x00, 0x00, 0x02, 0xF8, 0x00, 0x00, 0xFF, 0x80, 0x00, 0x03, 0xF0, 0x00, 0x00, 0xFF, 0xC0,
    0x00, 0x0F, 0xD0, 0x00, 0x00, 0x3F, 0xE0, 0x00, 0x1F, 0xC0, 0x00, 0x00, 0x2F, 0xF0, 0x00, 0x3F,
    0x00, 0x00, 0x00, 0x0F, 0xF8, 0x00, 0xBE, 0x00, 0x00, 0x00, 0x0B, 0xFC, 0x00, 0xFC, 0x00, 0x00,
    0x00, 0x03, 0xFE, 0x03, 0xF4, 0x00, 0x00, 0x00, 0x01, 0xFF, 0x07, 0xF0, 0x00, 0x00, 0x00, 0x00,
    0xFF, 0xCF, 0xC0, 0x00, 0x00, 0x00, 0x00, 0x3F, 0xFF, 0x80, 0x00, 0x00, 0x00, 0x00, 0x3F, 0xFF,
    0x00, 0x00, 0x00, 0x00, 0x00, 0x0F, 0xFC, 0x00, 0x00, 0x00, 0x00, 0x00, 0x0B, 0xFC, 0x00, 0x00,
    0x00, 0x00, 0x00, 0x0B, 0xFC, 0x00, 0x00, 0x00, 0x00, 0x00, 0x0B, 0xFC, 0x00, 0x00, 0x00, 0x00,
    0x00, 0x0B, 0xFC, 0x00, 0x00, 0x00, 0x00, 0x00, 0x0B, 0xFC, 0x00, 0x00, 0x00, 0x00, 0x00, 0x0B,
    0xFC, 0x00, 0x00, 0x00, 0x00, 0x00, 0x0B, 0xFC, 0x00, 0x00, 0x00, 0x00, 0x00, 0x0B, 0xFC, 0x00,
    0x00, 0x00, 0x00, 0x00, 0x0B, 0xFC, 0x00, 0x00, 0x00, 0x00, 0x00, 0x0F, 0xFC, 0x00, 0x00, 0x00,
    0x00, 0x03, 0xFF, 0xFF, 0xF0, 0x00, 0x00, 0x00, 0x03, 0xFF, 0xFF, 0xF0, 0x00, 0x00, 0x2A, 0xAA,
    0xAA, 0xAA, 0xAA, 0x80, 0x2F, 0xFF, 0xFF, 0xFF, 0xFF, 0xC0, 0x2F, 0xEA, 0xAA, 0xAB, 0xFF, 0x80,
    0x2F, 0x80, 0x00, 0x03, 0xFF, 0x00, 0x2F, 0x00, 0x00, 0x0B, 0xFE, 0x00, 0x2F, 0x00, 0x00, 0x0F,
    0xFC, 0x00, 0x2F, 0x00, 0x00, 0x3F, 0xF0, 0x00, 0x00, 0x00, 0x00, 0xBF, 0xE0, 0x00, 0x00, 0x00,
    0x00, 0xFF, 0xC0, 0x00, 0x00, 0x00, 0x03, 0xFF, 0x00, 0x00, 0x00, 0x00, 0x0B, 0xFE, 0x00, 0x00,
    0x00, 0x00, 0x0F, 0xFC, 0x00, 0x00, 0x00, 0x00, 0x3F, 0xF0, 0x00, 0x00, 0x00, 0x00, 0xBF, 0xE0,
    0x00, 0x00, 0x00, 0x00, 0xFF, 0xC0, 0x00, 0x00, 0x00, 0x03, 0xFF, 0x00, 0x00, 0x00, 0x00, 0x07,
    0xFE, 0x00, 0x00, 0x00, 0x00, 0x0F, 0xFC, 0x00, 0x00, 0x00, 0x00, 0x2F, 0xF4, 0x00, 0x00, 0x00,
    0x00, 0x3F, 0xE0, 0x00, 0x00, 0x00, 0x00, 0xFF, 0xC0, 0x00, 0x0B, 0xC0, 0x02, 0xFF, 0x40, 0x00,
    0x0B, 0xC0, 0x03, 0xFF, 0x00, 0x00, 0x0F, 0xC0, 0x0F, 0xFC, 0x00, 0x00, 0x0F, 0xC0, 0x2F, 0xF8,
    0x00, 0x00, 0x0F, 0xC0, 0x3F, 0xF0, 0x00, 0x00, 0x2F, 0xC0, 0xBF, 0xFF, 0xFF, 0xFF, 0xFF, 0xC0,
    0xBF, 0xFF, 0xFF, 0xFF, 0xFF, 0xC0, 0x00, 0x00, 0x00, 0xBF, 0xFF, 0xF8, 0xBF, 0xEA, 0xA8, 0xBF,
    0x00, 0x00, 0xBF, 0x00, 0x00, 0xBF, 0x00, 0x00, 0xBF, 0x00, 0x00, 0xBF, 0x00, 0x00, 0xBF, 0x00,
    0x00, 0xBF, 0x00, 0x00, 0xBF, 0x00, 0x00, 0xBF, 0x00, 0x00, 0xBF, 0x00, 0x00, 0xBF, 0x00, 0x00,
    0xBF, 0x00, 0x00, 0xBF, 0x00, 0x00, 0xBF, 0x00, 0x00, 0xBF, 0x00, 0x00, 0xBF, 0x00, 0x00, 0xBF,
    0x00, 0x00, 0xBF, 0x00, 0x00, 0xBF, 0x00, 0x00, 0xBF, 0x00, 0x00, 0xBF, 0x00, 0x00, 0xBF, 0x00,
    0x00, 0xBF, 0x00, 0x00, 0xBF, 0x00, 0x00, 0xBF, 0x00, 0x00, 0xBF, 0x00, 0x00, 0xBF, 0x00, 0x00,
    0xBF, 0x00, 0x00, 0xBF, 0x00, 0x00, 0xBF, 0x00, 0x00, 0xBF, 0xEA, 0xA4, 0xBF, 0xFF, 0xF8, 0x00,
    0x00, 0x00, 0x2A, 0x00, 0x00, 0x00, 0x00, 0x00, 0x2F, 0x40, 0x00, 0x00, 0x00, 0x00, 0x0F, 0xC0,
    0x00, 0x00, 0x00, 0x00, 0x07, 0xE0, 0x00, 0x00, 0x00, 0x00, 0x03, 0xF0, 0x00, 0x00, 0x00, 0x00,
    0x00, 0xF8, 0x00, 0x00, 0x00, 0x00, 0x00, 0xBC, 0x00, 0x00, 0x00, 0x00, 0x00, 0x3F, 0x00, 0x00,
    0x00, 0x00, 0x00, 0x2F, 0x00, 0x00, 0x00, 0x00, 0x00, 0x0F, 0xC0, 0x00, 0x00, 0x00, 0x00, 0x0B,
    0xD0, 0x00, 0x00, 0x00, 0x00, 0x03, 0xF0, 0x00, 0x00, 0x00, 0x00, 0x01, 0xF8, 0x00, 0x00, 0x00,
    0x00, 0x00, 0xFC, 0x00, 0x00, 0x00, 0x00, 0x00, 0x3E, 0x00, 0x00, 0x00, 0x00, 0x00, 0x2F, 0x00,
    0x00, 0x00, 0x00, 0x00, 0x0F, 0xC0, 0x00, 0x00, 0x00, 0x00, 0x0B, 0xC0, 0x00, 0x00, 0x00, 0x00,
    0x03, 0xF0, 0x00, 0x00, 0x00, 0x00, 0x02, 0xF4, 0x00, 0x00, 0x00, 0x00, 0x00, 0xFC, 0x00, 0x00,
    0x00, 0x00, 0x00, 0x7E, 0x00, 0x00, 0x00, 0x00, 0x00, 0x3F, 0x00, 0x00, 0x00, 0x00, 0x00, 0x0F,
    0x80, 0x00, 0x00, 0x00, 0x00, 0x0B, 0xC0, 0x00, 0x00, 0x00, 0x00, 0x03, 0xF0, 0x00, 0x00, 0x00,
    0x00, 0x02, 0xF0, 0x00, 0x00, 0x00, 0x00, 0x00, 0xFC, 0x00, 0x00, 0x00, 0x00, 0x00, 0xBE, 0x00,
    0x00, 0x00, 0x00, 0x00, 0x3F, 0x00, 0x00, 0x00, 0x00, 0x00, 0x1F, 0x80, 0x00, 0x00, 0x00, 0x00,
    0x0A, 0x80, 0x00, 0x00, 0x00, 0x3F, 0xFF, 0xFC, 0x2A, 0xAB, 0xFC, 0x00, 0x03, 0xFC, 0x00, 0x03,
    0xFC, 0x00, 0x03, 0xFC, 0x00, 0x03, 0xFC, 0x00, 0x03, 0xFC, 0x00, 0x03, 0xFC, 0x00, 0x03, 0xFC,
    0x00, 0x03, 0xFC, 0x00, 0x03, 0xFC, 0x00, 0x03, 0xFC, 0x00, 0x03, 0xFC, 0x00, 0x03, 0xFC, 0x00,
    0x03, 0xFC, 0x00, 0x03, 0xFC, 0x00, 0x03, 0xFC, 0x00, 0x03, 0xFC, 0x00, 0x03, 0xFC, 0x00, 0x03,
    0xFC, 0x00, 0x03, 0xFC, 0x00, 0x03, 0xFC, 0x00, 0x03, 0xFC, 0x00, 0x03, 0xFC, 0x00, 0x03, 0xFC,
    0x00, 0x03, 0xFC, 0x00, 0x03, 0xFC, 0x00, 0x03, 0xFC, 0x00, 0x03, 0xFC, 0x00, 0x03, 0xFC, 0x00,
    0x03, 0xFC, 0x00, 0x03, 0xFC, 0x2A, 0xAB, 0xFC, 0x3F, 0xFF, 0xFC, 0x00, 0x00, 0x00, 0x00, 0x0A,
    0xA0, 0x00, 0x00, 0x3F, 0xF0, 0x00, 0x00, 0xBF, 0xFC, 0x00, 0x01, 0xFE, 0xFF, 0x00, 0x03, 0xF8,
    0x3F, 0x80, 0x0F, 0xE0, 0x0F, 0xC0, 0x2F, 0x80, 0x03, 0xF0, 0x00, 0x00, 0x00, 0x00, 0x2A, 0xAA,
    0xAA, 0xA8, 0x3F, 0xFF, 0xFF, 0xFC, 0x3F, 0xFF, 0xFF, 0xFC, 0x00, 0x00, 0x00, 0x00, 0x00, 0x00,
    0x00, 0x3F, 0xC0, 0x00, 0x3F, 0xE0, 0x00, 0x3F, 0xF8, 0x00, 0x0F, 0xFE, 0x00, 0x02, 0xFF, 0x00,
    0x00, 0x2F, 0xC0, 0x00, 0x03, 0xF0, 0x00, 0x00, 0x00, 0x00, 0x00, 0x69, 0x00, 0x00, 0x00, 0xBF,
    0xFF, 0xF0, 0x00, 0x03, 0xFF, 0xAF, 0xFC, 0x00, 0x0F, 0xF0, 0x02, 0xFF, 0x00, 0x2F, 0xF0, 0x00,
    0xFF, 0x00, 0x2F, 0xF0, 0x00, 0xBF, 0x00, 0x0A, 0xA0, 0x00, 0xBF, 0x40, 0x00, 0x00, 0x00, 0xBF,
    0x80, 0x00, 0x00, 0x02, 0xFF, 0x80, 0x00, 0x02, 0xFF, 0xFF, 0x80, 0x00, 0x7F, 0xF8, 0xBF, 0x80,
    0x03, 0xFE, 0x00, 0xBF, 0x80, 0x2F, 0xF0, 0x00, 0xBF, 0x80, 0x3F, 0xC0, 0x00, 0xBF, 0x80, 0xBF,
    0x80, 0x00, 0xBF, 0x80, 0xBF, 0x80, 0x00, 0xBF, 0x80, 0xBF, 0x80, 0x00, 0xBF, 0x80, 0x7F, 0xC0,
    0x02, 0xFF, 0x80, 0x3F, 0xF8, 0x2F, 0xFF, 0x80, 0x2F, 0xFF, 0xFC, 0x3F, 0xFC, 0x07, 0xFF, 0xD0,
    0x3F, 0xFC, 0x00, 0x14, 0x00, 0x00, 0x00, 0x00, 0x08, 0x00, 0x00, 0x00, 0x00, 0x0B, 0xFE, 0x00,
    0x00, 0x00, 0x00, 0xBF, 0xFE, 0x00, 0x00, 0x00, 0x00, 0x2B, 0xFE, 0x00, 0x00, 0x00, 0x00, 0x01,
    0xFE, 0x00, 0x00, 0x00, 0x00, 0x01, 0xFE, 0x00, 0x00, 0x00, 0x00, 0x01, 0xFE, 0x00, 0x00, 0x00,
    0x00, 0x01, 0xFE, 0x00, 0x00, 0x00, 0x00, 0x01, 0xFE, 0x00, 0x00, 0x00, 0x00, 0x01, 0xFE, 0x00,
    0x00, 0x00, 0x00, 0x01, 0xFE, 0x00, 0xA0, 0x00, 0x00, 0x01, 0xFE, 0xBF, 0xFF, 0xC0, 0x00, 0x01,
    0xFF, 0xFF, 0xFF, 0xF8, 0x00, 0x01, 0xFF, 0x80, 0x2F, 0xFE, 0x00, 0x01, 0xFE, 0x00, 0x03, 0xFF,
    0x00, 0x01, 0xFE, 0x00, 0x00, 0xFF, 0x80, 0x01, 0xFE, 0x00, 0x00, 0xBF, 0xC0, 0x01, 0xFE, 0x00,
    0x00, 0x3F, 0xC0, 0x01, 0xFE, 0x00, 0x00, 0x3F, 0xC0, 0x01, 0xFE, 0x00, 0x00, 0x3F, 0xD0, 0x01,
    0xFE, 0x00, 0x00, 0x3F, 0xD0, 0x01, 0xFE, 0x00, 0x00, 0x3F, 0xC0, 0x01, 0xFE, 0x00, 0x00, 0x3F,
    0xC0, 0x01, 0xFE, 0x00, 0x00, 0x3F, 0xC0, 0x01, 0xFE, 0x00, 0x00, 0x7F, 0x80, 0x01, 0xFE, 0x00,
    0x00, 0xFF, 0x00, 0x01, 0xFE, 0x00, 0x02, 0xFE, 0x00, 0x01, 0xFE, 0x00, 0x0B, 0xFC, 0x00, 0x01,
    0xFE, 0x00, 0xBF, 0xE0, 0x00, 0x01, 0xFF, 0xFF, 0xFF, 0x40, 0x00, 0x01, 0xFF, 0xFF, 0xA0, 0x00,
    0x00, 0x00, 0x00, 0x19, 0x00, 0x00, 0x00, 0x1F, 0xFF, 0xF8, 0x00, 0x00, 0xBF, 0xEA, 0xFF, 0x00,
    0x03, 0xFE, 0x00, 0xFF, 0x80, 0x0F, 0xF8, 0x00, 0xFF, 0x80, 0x1F, 0xF0, 0x00, 0xFF, 0x80, 0x3F,
    0xD0, 0x00, 0xFF, 0x00, 0x3F, 0xC0, 0x00, 0x00, 0x00, 0x7F, 0xC0, 0x00, 0x00, 0x00, 0xBF, 0xC0,
    0x00, 0x00, 0x00, 0xBF, 0x80, 0x00, 0x00, 0x00, 0xBF, 0xC0, 0x00, 0x00, 0x00, 0xBF, 0xC0, 0x00,
    0x00, 0x00, 0xBF, 0xC0, 0x00, 0x00, 0x00, 0x3F, 0xE0, 0x00, 0x00, 0x00, 0x3F, 0xF0, 0x00, 0x00,
    0x00, 0x2F, 0xF8, 0x00, 0x00, 0x00, 0x0F, 0xFE, 0x00, 0x02, 0xC0, 0x03, 0xFF, 0xE8, 0xAF, 0xC0,
    0x00, 0xFF, 0xFF, 0xFF, 0x80, 0x00, 0x2F, 0xFF, 0xF8, 0x00, 0x00, 0x00, 0x14, 0x00, 0x00, 0x00,
    0x00, 0x00, 0x00, 0x60, 0x00, 0x00, 0x00, 0x00, 0x2F, 0xF8, 0x00, 0x00, 0x00, 0x02, 0xFF, 0xF8,
    0x00, 0x00, 0x00, 0x01, 0xAF, 0xF8, 0x00, 0x00, 0x00, 0x00, 0x0B, 0xF8, 0x00, 0x00, 0x00, 0x00,
    0x0B, 0xF8, 0x00, 0x00, 0x00, 0x00, 0x0B, 0xF8, 0x00, 0x00, 0x00, 0x00, 0x0B, 0xF8, 0x00, 0x00,
    0x00, 0x00, 0x0B, 0xF8, 0x00, 0x00, 0x00, 0x00, 0x0B, 0xF8, 0x00, 0x00, 0x00, 0x0A, 0x0B, 0xF8,
    0x00, 0x00, 0x0B, 0xFF, 0xFF, 0xF8, 0x00, 0x00, 0xBF, 0xFA, 0xFF, 0xF8, 0x00, 0x02, 0xFF, 0x00,
    0x0B, 0xF8, 0x00, 0x0B, 0xFC, 0x00, 0x0B, 0xF8, 0x00, 0x0F, 0xF0, 0x00, 0x0B, 0xF8, 0x00, 0x2F,
    0xD0, 0x00, 0x0B, 0xF8, 0x00, 0x3F, 0xC0, 0x00, 0x0B, 0xF8, 0x00, 0x3F, 0xC0, 0x00, 0x0B, 0xF8,
    0x00, 0xBF, 0x80, 0x00, 0x0B, 0xF8, 0x00, 0xBF, 0x80, 0x00, 0x0B, 0xF8, 0x00, 0xBF, 0x80, 0x00,
    0x0B, 0xF8, 0x00, 0xBF, 0xC0, 0x00, 0x0B, 0xF8, 0x00, 0xBF, 0xC0, 0x00, 0x0B, 0xF8, 0x00, 0x3F,
    0xC0, 0x00, 0x0B, 0xF8, 0x00, 0x3F, 0xF0, 0x00, 0x0B, 0xF8, 0x00, 0x2F, 0xF0, 0x00, 0x0B, 0xF8,
    0x00, 0x0F, 0xFE, 0x00, 0x2F, 0xF8, 0x00, 0x0B, 0xFF, 0xEA, 0xFF, 0xF8, 0x00, 0x02, 0xFF, 0xFF,
    0xEB, 0xFF, 0xC0, 0x00, 0xBF, 0xFE, 0x0B, 0xFF, 0xC0, 0x00, 0x00, 0x40, 0x00, 0x00, 0x00, 0x00,
    0x00, 0x29, 0x00, 0x00, 0x00, 0x1F, 0xFF, 0xF0, 0x00, 0x00, 0xFF, 0xFF, 0xFE, 0x00, 0x03, 0xFC,
    0x00, 0xFF, 0x00, 0x0F, 0xF0, 0x00, 0x3F, 0xC0, 0x1F, 0xE0, 0x00, 0x3F, 0xC0, 0x3F, 0xC0, 0x00,
    0x2F, 0xE0, 0x3F, 0xC0, 0x00, 0x2F, 0xE0, 0x7F, 0xFF, 0xFF, 0xFF, 0xE0, 0xBF, 0xFF, 0xFF, 0xFF,
    0xF0, 0xBF, 0x80, 0x00, 0x00, 0x00, 0xBF, 0x80, 0x00, 0x00, 0x00, 0xBF, 0x80, 0x00, 0x00, 0x00,
    0xBF, 0xC0, 0x00, 0x00, 0x00, 0x3F, 0xC0, 0x00, 0x00, 0x00, 0x3F, 0xE0, 0x00, 0x00, 0x00, 0x2F,
    0xF0, 0x00, 0x00, 0x20, 0x0F, 0xFD, 0x00, 0x02, 0xF0, 0x03, 0xFF, 0xE0, 0x6F, 0xF0, 0x00, 0xFF,
    0xFF, 0xFF, 0x80, 0x00, 0x2F, 0xFF, 0xF8, 0x00, 0x00, 0x00, 0x14, 0x00, 0x00, 0x00, 0x00, 0x02,
    0x00, 0x00, 0x00, 0xFF, 0xF0, 0x00, 0x0B, 0xFF, 0xFC, 0x00, 0x2F, 0x8B, 0xFC, 0x00, 0x3F, 0x01,
    0xF8, 0x00, 0xFE, 0x00, 0x00, 0x00, 0xFC, 0x00, 0x00, 0x02, 0xFC, 0x00, 0x00, 0x03, 0xFC, 0x00,
    0x00, 0x03, 0xFC, 0x00, 0x00, 0x03, 0xFC, 0x00, 0x00, 0x0B, 0xFE, 0xAA, 0x00, 0xBF, 0xFF, 0xFF,
    0x00, 0x6B, 0xFE, 0xAA, 0x00, 0x03, 0xFC, 0x00, 0x00, 0x03, 0xFC, 0x00, 0x00, 0x03, 0xFC, 0x00,
    0x00, 0x03, 0xFC, 0x00, 0x00, 0x03, 0xFC, 0x00, 0x00, 0x03, 0xFC, 0x00, 0x00, 0x03, 0xFC, 0x00,
    0x00, 0x03, 0xFC, 0x00, 0x00, 0x03, 0xFC, 0x00, 0x00, 0x03, 0xFC, 0x00, 0x00, 0x03, 0xFC, 0x00,
    0x00, 0x03, 0xFC, 0x00, 0x00, 0x03, 0xFC, 0x00, 0x00, 0x03, 0xFC, 0x00, 0x00, 0x03, 0xFC, 0x00,
    0x00, 0xFF, 0xFF, 0xF0, 0x00, 0xFF, 0xFF, 0xF0, 0x00, 0x00, 0x00, 0xA8, 0x00, 0x00, 0x00, 0x3F,
    0xFF, 0xE0, 0x00, 0x02, 0xFF, 0xAB, 0xFF, 0xFF, 0x0B, 0xF8, 0x02, 0xFF, 0xFF, 0x0F, 0xF0, 0x00,
    0xFF, 0x00, 0x2F, 0xE0, 0x00, 0xBF, 0x80, 0x2F, 0xE0, 0x00, 0x3F, 0xC0, 0x3F, 0xC0, 0x00, 0x3F,
    0xC0, 0x2F, 0xE0, 0x00, 0x3F, 0xC0, 0x2F, 0xE0, 0x00, 0xBF, 0x80, 0x0F, 0xF0, 0x00, 0xFF, 0x00,
    0x07, 0xFC, 0x03, 0xFE, 0x00, 0x01, 0xFF, 0xFF, 0xF0, 0x00, 0x00, 0x2F, 0xFF, 0x80, 0x00, 0x00,
    0x2F, 0x00, 0x00, 0x00, 0x00, 0x3E, 0x00, 0x00, 0x00, 0x00, 0xBF, 0x00, 0x00, 0x00, 0x00, 0xBF,
    0xFF, 0xA0, 0x00, 0x00, 0xBF, 0xFF, 0xFF, 0x00, 0x00, 0xFF, 0xFF, 0xFF, 0xE0, 0x0F, 0xF0, 0x06,
    0xFF, 0xF4, 0x3F, 0xC0, 0x00, 0x0F, 0xF8, 0x3F, 0x80, 0x00, 0x03, 0xFC, 0xBF, 0x00, 0x00, 0x03,
    0xF8, 0xBF, 0x00, 0x00, 0x03, 0xF8, 0xBF, 0x80, 0x00, 0x0B, 0xF0, 0x3F, 0xE0, 0x00, 0x0F, 0xC0,
    0x2F, 0xF8, 0x00, 0xBF, 0x00, 0x0F, 0xFF, 0xFF, 0xF8, 0x00, 0x01, 0xFF, 0xFF, 0x80, 0x00, 0x00,
    0x00, 0x00, 0x00, 0x00, 0x00, 0x08, 0x00, 0x00, 0x00, 0x00, 0x0B, 0xFE, 0x00, 0x00, 0x00, 0x00,
    0xBF, 0xFE, 0x00, 0x00, 0x00, 0x00, 0x2B, 0xFE, 0x00, 0x00, 0x00, 0x00, 0x01, 0xFE, 0x00, 0x00,
    0x00, 0x00, 0x01, 0xFE, 0x00, 0x00, 0x00, 0x00, 0x01, 0xFE, 0x00, 0x00, 0x00, 0x00, 0x01, 0xFE,
    0x00, 0x00, 0x00, 0x00, 0x01, 0xFE, 0x00, 0x00, 0x00, 0x00, 0x01, 0xFE, 0x00, 0x00, 0x00, 0x00,
    0x01, 0xFE, 0x00, 0x18, 0x00, 0x00, 0x01, 0xFE, 0x0B, 0xFF, 0xE0, 0x00, 0x01, 0xFE, 0xBF, 0xFF,
    0xF8, 0x00, 0x01, 0xFF, 0xFF, 0xFF, 0xFC, 0x00, 0x01, 0xFF, 0x80, 0x07, 0xFE, 0x00, 0x01, 0xFE,
    0x00, 0x02, 0xFF, 0x00, 0x01, 0xFE, 0x00, 0x00, 0xFF, 0x00, 0x01, 0xFE, 0x00, 0x00, 0xFF, 0x00,
    0x01, 0xFE, 0x00, 0x00, 0xFF, 0x00, 0x01, 0xFE, 0x00, 0x00, 0xFF, 0x00, 0x01, 0xFE, 0x00, 0x00,
    0xFF, 0x00, 0x01, 0xFE, 0x00, 0x00, 0xFF, 0x00, 0x01, 0xFE, 0x00, 0x00, 0xFF, 0x00, 0x01, 0xFE,
    0x00, 0x00, 0xFF, 0x00, 0x01, 0xFE, 0x00, 0x00, 0xFF, 0x00, 0x01, 0xFE, 0x00, 0x00, 0xFF, 0x00,
    0x01, 0xFE, 0x00, 0x00, 0xFF, 0x00, 0x01, 0xFE, 0x00, 0x00, 0xFF, 0x00, 0x02, 0xFE, 0x00, 0x00,
    0xFF, 0x00, 0x3F, 0xFF, 0xF0, 0x2F, 0xFF, 0xF8, 0x3F, 0xFF, 0xF0, 0x2F, 0xFF, 0xF8, 0x00, 0x00,
    0x00, 0x01, 0xFC, 0x00, 0x03, 0xFF, 0x00, 0x03, 0xFF, 0x00, 0x03, 0xFE, 0x00, 0x00, 0xF8, 0x00,
    0x00, 0x00, 0x00, 0x00, 0x00, 0x00, 0x00, 0x00, 0x00, 0x00, 0x28, 0x00, 0x0B, 0xFC, 0x00, 0xBF,
    0xFC, 0x00, 0x6B, 0xFC, 0x00, 0x03, 0xFC, 0x00, 0x03, 0xFC, 0x00, 0x03, 0xFC, 0x00, 0x03, 0xFC,
    0x00, 0x03, 0xFC, 0x00, 0x03, 0xFC, 0x00, 0x03, 0xFC, 0x00, 0x03, 0xFC, 0x00, 0x03, 0xFC, 0x00,
    0x03, 0xFC, 0x00, 0x03, 0xFC, 0x00, 0x03, 0xFC, 0x00, 0x03, 0xFC, 0x00, 0x03, 0xFC, 0x00, 0x03,
    0xFD, 0x00, 0xBF, 0xFF, 0xF0, 0xBF, 0xFF, 0xF0, 0x00, 0x00, 0x00, 0x00, 0x00, 0x00, 0xBF, 0x00,
    0x00, 0x00, 0xFF, 0x80, 0x00, 0x01, 0xFF, 0x80, 0x00, 0x00, 0xFF, 0x80, 0x00, 0x00, 0x3E, 0x00,
    0x00, 0x00, 0x00, 0x00, 0x00, 0x00, 0x00, 0x00, 0x00, 0x00, 0x00, 0x00, 0x00, 0x00, 0x0A, 0x00,
    0x00, 0x02, 0xFF, 0x00, 0x00, 0x2F, 0xFF, 0x00, 0x00, 0x0A, 0xFF, 0x00, 0x00, 0x00, 0xBF, 0x00,
    0x00, 0x00, 0xBF, 0x00, 0x00, 0x00, 0xBF, 0x00, 0x00, 0x00, 0xBF, 0x00, 0x00, 0x00, 0xBF, 0x00,
    0x00, 0x00, 0xBF, 0x00, 0x00, 0x00, 0xBF, 0x00, 0x00, 0x00, 0xBF, 0x00, 0x00, 0x00, 0xBF, 0x00,
    0x00, 0x00, 0xBF, 0x00, 0x00, 0x00, 0xBF, 0x00, 0x00, 0x00, 0xBF, 0x00, 0x00, 0x00, 0xBF, 0x00,
    0x00, 0x00, 0xBF, 0x00, 0x00, 0x00, 0xBF, 0x00, 0x00, 0x00, 0xBF, 0x00, 0x00, 0x00, 0xBF, 0x00,
    0x00, 0x00, 0xBF, 0x00, 0x00, 0x00, 0xBF, 0x00, 0x00, 0x00, 0xBF, 0x00, 0x00, 0x00, 0xFE, 0x00,
    0x04, 0x00, 0xFC, 0x00, 0x3F, 0x00, 0xFC, 0x00, 0x3F, 0xE3, 0xF0, 0x00, 0x3F, 0xFF, 0xC0, 0x00,
    0x2F, 0xFE, 0x00, 0x00, 0x00, 0x00, 0x00, 0x00, 0x00, 0x18, 0x00, 0x00, 0x00, 0x00, 0x0B, 0xFE,
    0x00, 0x00, 0x00, 0x00, 0xBF, 0xFE, 0x00, 0x00, 0x00, 0x00, 0x2B, 0xFE, 0x00, 0x00, 0x00, 0x00,
    0x01, 0xFE, 0x00, 0x00, 0x00, 0x00, 0x01, 0xFE, 0x00, 0x00, 0x00, 0x00, 0x01, 0xFE, 0x00, 0x00,
    0x00, 0x00, 0x01, 0xFE, 0x00, 0x00, 0x00, 0x00, 0x01, 0xFE, 0x00, 0x00, 0x00, 0x00, 0x01, 0xFE,
    0x00, 0x00, 0x00, 0x00, 0x01, 0xFE, 0x00, 0x00, 0x00, 0x00, 0x01, 0xFE, 0x00, 0xBF, 0xFF, 0x40,
    0x01, 0xFE, 0x00, 0xBF, 0xFF, 0x00, 0x01, 0xFE, 0x00, 0x0F, 0xD0, 0x00, 0x01, 0xFE, 0x00, 0x2F,
    0x80, 0x00, 0x01, 0xFE, 0x00, 0xBE, 0x00, 0x00, 0x01, 0xFE, 0x02, 0xF8, 0x00, 0x00, 0x01, 0xFE,
    0x03, 0xE0, 0x00, 0x00, 0x01, 0xFE, 0x0F, 0x80, 0x00, 0x00, 0x01, 0xFE, 0x3F, 0xC0, 0x00, 0x00,
    0x01, 0xFF, 0xFF, 0xE0, 0x00, 0x00, 0x01, 0xFF, 0xAF, 0xF0, 0x00, 0x00, 0x01, 0xFE, 0x0B, 0xFC,
    0x00, 0x00, 0x01, 0xFE, 0x03, 0xFE, 0x00, 0x00, 0x01, 0xFE, 0x01, 0xFF, 0x40, 0x00, 0x01, 0xFE,
    0x00, 0xBF, 0xC0, 0x00, 0x01, 0xFE, 0x00, 0x3F, 0xF0, 0x00, 0x01, 0xFE, 0x00, 0x1F, 0xF8, 0x00,
    0x02, 0xFE, 0x00, 0x0B, 0xFC, 0x00, 0x3F, 0xFF, 0xF0, 0x03, 0xFF, 0xE0, 0x3F, 0xFF, 0xF0, 0x03,
    0xFF, 0xE0, 0x00, 0x0A, 0x00, 0x02, 0xFF, 0x00, 0x3F, 0xFF, 0x00, 0x2A, 0xFF, 0x00, 0x00, 0xFF,
    0x00, 0x00, 0xFF, 0x00, 0x00, 0xFF, 0x00, 0x00, 0xFF, 0x00, 0x00, 0xFF, 0x00, 0x00, 0xFF, 0x00,
    0x00, 0xFF, 0x00, 0x00, 0xFF, 0x00, 0x00, 0xFF, 0x00, 0x00, 0xFF, 0x00, 0x00, 0xFF, 0x00, 0x00,
    0xFF, 0x00, 0x00, 0xFF, 0x00, 0x00, 0xFF, 0x00, 0x00, 0xFF, 0x00, 0x00, 0xFF, 0x00, 0x00, 0xFF,
    0x00, 0x00, 0xFF, 0x00, 0x00, 0xFF, 0x00, 0x00, 0xFF, 0x00, 0x00, 0xFF, 0x00, 0x00, 0xFF, 0x00,
    0x00, 0xFF, 0x00, 0x00, 0xFF, 0x00, 0x00, 0xFF, 0x00, 0x3F, 0xFF, 0xFC, 0x3F, 0xFF, 0xFC, 0x00,
    0x00, 0x00, 0x28, 0x00, 0x00, 0x24, 0x00, 0x00, 0x00, 0xBE, 0x0B, 0xFF, 0xC0, 0x0B, 0xFF, 0xC0,
    0x00, 0x2F, 0xFE, 0xBF, 0xFF, 0xF0, 0xFF, 0xFF, 0xF0, 0x00, 0x3F, 0xFF, 0xFF, 0xFF, 0xFF, 0xFE,
    0xFF, 0xF8, 0x00, 0x02, 0xFF, 0x80, 0x0B, 0xFF, 0x40, 0x0F, 0xFC, 0x00, 0x01, 0xFE, 0x00, 0x03,
    0xFD, 0x00, 0x03, 0xFC, 0x00, 0x01, 0xFE, 0x00, 0x02, 0xFD, 0x00, 0x03, 0xFC, 0x00, 0x01, 0xFE,
    0x00, 0x02, 0xFD, 0x00, 0x03, 0xFC, 0x00, 0x01, 0xFE, 0x00, 0x02, 0xFD, 0x00, 0x02, 0xFC, 0x00,
    0x01, 0xFE, 0x00, 0x02, 0xFD, 0x00, 0x02, 0xFC, 0x00, 0x01, 0xFE, 0x00, 0x02, 0xFD, 0x00, 0x02,
    0xFC, 0x00, 0x01, 0xFE, 0x00, 0x02, 0xFD, 0x00, 0x02, 0xFC, 0x00, 0x01, 0xFE, 0x00, 0x02, 0xFD,
    0x00, 0x02, 0xFC, 0x00, 0x01, 0xFE, 0x00, 0x02, 0xFD, 0x00, 0x02, 0xFC, 0x00, 0x01, 0xFE, 0x00,
    0x02, 0xFD, 0x00, 0x02, 0xFC, 0x00, 0x01, 0xFE, 0x00, 0x02, 0xFD, 0x00, 0x02, 0xFC, 0x00, 0x01,
    0xFE, 0x00, 0x02, 0xFD, 0x00, 0x02, 0xFC, 0x00, 0x01, 0xFE, 0x00, 0x02, 0xFD, 0x00, 0x02, 0xFC,
    0x00, 0x02, 0xFE, 0x00, 0x02, 0xFE, 0x00, 0x03, 0xFD, 0x00, 0x3F, 0xFF, 0xF0, 0x3F, 0xFF, 0xF0,
    0x3F, 0xFF, 0xF0, 0x3F, 0xFF, 0xF0, 0x3F, 0xFF, 0xF0, 0x3F, 0xFF, 0xF0, 0x00, 0x00, 0x00, 0x19,
    0x00, 0x00, 0x00, 0xBE, 0x0B, 0xFF, 0xE0, 0x00, 0x2F, 0xFE, 0xBF, 0xFF, 0xF8, 0x00, 0x3F, 0xFF,
    0xFF, 0xFF, 0xFC, 0x00, 0x02, 0xFF, 0x80, 0x07, 0xFE, 0x00, 0x01, 0xFE, 0x00, 0x02, 0xFE, 0x00,
    0x01, 0xFE, 0x00, 0x00, 0xFF, 0x00, 0x01, 0xFE, 0x00, 0x00, 0xFF, 0x00, 0x01, 0xFE, 0x00, 0x00,
    0xFF, 0x00, 0x01, 0xFE, 0x00, 0x00, 0xFF, 0x00, 0x01, 0xFE, 0x00, 0x00, 0xFF, 0x00, 0x01, 0xFE,
    0x00, 0x00, 0xFF, 0x00, 0x01, 0xFE, 0x00, 0x00, 0xFF, 0x00, 0x01, 0xFE, 0x00, 0x00, 0xFF, 0x00,
    0x01, 0xFE, 0x00, 0x00, 0xFF, 0x00, 0x01, 0xFE, 0x00, 0x00, 0xFF, 0x00, 0x01, 0xFE, 0x00, 0x00,
    0xFF, 0x00, 0x01, 0xFE, 0x00, 0x00, 0xFF, 0x00, 0x02, 0xFE, 0x00, 0x00, 0xFF, 0x00, 0x3F, 0xFF,
    0xF0, 0x2F, 0xFF, 0xF8, 0x3F, 0xFF, 0xF0, 0x2F, 0xFF, 0xF8, 0x00, 0x00, 0x18, 0x00, 0x00, 0x00,
    0x00, 0x1F, 0xFF, 0xF8, 0x00, 0x00, 0x00, 0xFF, 0xEB, 0xFF, 0x00, 0x00, 0x03, 0xFE, 0x00, 0x3F,
    0xD0, 0x00, 0x0B, 0xF8, 0x00, 0x0F, 0xF0, 0x00, 0x1F, 0xF0, 0x00, 0x0B, 0xF8, 0x00, 0x3F, 0xE0,
    0x00, 0x03, 0xFC, 0x00, 0x3F, 0xC0, 0x00, 0x03, 0xFE, 0x00, 0x7F, 0xC0, 0x00, 0x02, 0xFE, 0x00,
    0xBF, 0xC0, 0x00, 0x02, 0xFF, 0x00, 0xBF, 0xC0, 0x00, 0x02, 0xFF, 0x00, 0xBF, 0xC0, 0x00, 0x02,
    0xFF, 0x00, 0xBF, 0xC0, 0x00, 0x02, 0xFF, 0x00, 0x7F, 0xC0, 0x00, 0x02, 0xFE, 0x00, 0x3F, 0xC0,
    0x00, 0x03, 0xFE, 0x00, 0x3F, 0xE0, 0x00, 0x03, 0xFC, 0x00, 0x1F, 0xF0, 0x00, 0x0B, 0xF8, 0x00,
    0x0F, 0xF8, 0x00, 0x0F, 0xF0, 0x00, 0x03, 0xFE, 0x00, 0x7F, 0xC0, 0x00, 0x00, 0xFF, 0xEB, 0xFF,
    0x00, 0x00, 0x00, 0x0F, 0xFF, 0xF8, 0x00, 0x00, 0x00, 0x00, 0x14, 0x00, 0x00, 0x00, 0x00, 0x00,
    0x00, 0x64, 0x00, 0x00, 0x00, 0xBE, 0x0F, 0xFF, 0xC0, 0x00, 0x2F, 0xFE, 0xBF, 0xFF, 0xF8, 0x00,
    0x3F, 0xFF, 0xFE, 0xBF, 0xFE, 0x00, 0x02, 0xFF, 0x40, 0x0B, 0xFF, 0x00, 0x01, 0xFE, 0x00, 0x02,
    0xFF, 0x80, 0x01, 0xFE, 0x00, 0x00, 0xFF, 0xC0, 0x01, 0xFE, 0x00, 0x00, 0x3F, 0xC0, 0x01, 0xFE,
    0x00, 0x00, 0x3F, 0xD0, 0x01, 0xFE, 0x00, 0x00, 0x3F, 0xE0, 0x01, 0xFE, 0x00, 0x00, 0x2F, 0xE0,
    0x01, 0xFE, 0x00, 0x00, 0x2F, 0xE0, 0x01, 0xFE, 0x00, 0x00, 0x3F, 0xD0, 0x01, 0xFE, 0x00, 0x00,
    0x3F, 0xC0, 0x01, 0xFE, 0x00, 0x00, 0x3F, 0xC0, 0x01, 0xFE, 0x00, 0x00, 0xBF, 0x80, 0x01, 0xFE,
    0x00, 0x00, 0xFF, 0x00, 0x01, 0xFE, 0x00, 0x03, 0xFE, 0x00, 0x01, 0xFE, 0x00, 0x0F, 0xFC, 0x00,
    0x01, 0xFF, 0xFA, 0xFF, 0xE0, 0x00, 0x01, 0xFF, 0xFF, 0xFE, 0x00, 0x00, 0x01, 0xFE, 0x05, 0x00,
    0x00, 0x00, 0x01, 0xFE, 0x00, 0x00, 0x00, 0x00, 0x01, 0xFE, 0x00, 0x00, 0x00, 0x00, 0x01, 0xFE,
    0x00, 0x00, 0x00, 0x00, 0x01, 0xFE, 0x00, 0x00, 0x00, 0x00, 0x01, 0xFE, 0x00, 0x00, 0x00, 0x00,
    0x02, 0xFF, 0x00, 0x00, 0x00, 0x00, 0x3F, 0xFF, 0xFC, 0x00, 0x00, 0x00, 0x3F, 0xFF, 0xFC, 0x00,
    0x00, 0x00, 0x00, 0x00, 0x06, 0xA4, 0x00, 0x00, 0x00, 0x0B, 0xFF, 0xFF, 0xF0, 0x00, 0x00, 0x7F,
    0xFA, 0xBF, 0xF0, 0x00, 0x02, 0xFF, 0x00, 0x0F, 0xF0, 0x00, 0x0B, 0xF8, 0x00, 0x0F, 0xF0, 0x00,
    0x0F, 0xF0, 0x00, 0x0F, 0xF0, 0x00, 0x2F, 0xE0, 0x00, 0x0F, 0xF0, 0x00, 0x3F, 0xC0, 0x00, 0x0F,
    0xF0, 0x00, 0x7F, 0xC0, 0x00, 0x0F, 0xF0, 0x00, 0xBF, 0x80, 0x00, 0x0F, 0xF0, 0x00, 0xBF, 0x80,
    0x00, 0x0F, 0xF0, 0x00, 0xBF, 0x80, 0x00, 0x0F, 0xF0, 0x00, 0xBF, 0x80, 0x00, 0x0F, 0xF0, 0x00,
    0xBF, 0xC0, 0x00, 0x0F, 0xF0, 0x00, 0x3F, 0xC0, 0x00, 0x0F, 0xF0, 0x00, 0x3F, 0xE0, 0x00, 0x0F,
    0xF0, 0x00, 0x2F, 0xF0, 0x00, 0x0F, 0xF0, 0x00, 0x0F, 0xFC, 0x00, 0x0F, 0xF0, 0x00, 0x0B, 0xFF,
    0x80, 0x6F, 0xF0, 0x00, 0x02, 0xFF, 0xFF, 0xFF, 0xF0, 0x00, 0x00, 0x3F, 0xFF, 0x8F, 0xF0, 0x00,
    0x00, 0x00, 0x80, 0x0F, 0xF0, 0x00, 0x00, 0x00, 0x00, 0x0F, 0xF0, 0x00, 0x00, 0x00, 0x00, 0x0F,
    0xF0, 0x00, 0x00, 0x00, 0x00, 0x0F, 0xF0, 0x00, 0x00, 0x00, 0x00, 0x0F, 0xF0, 0x00, 0x00, 0x00,
    0x00, 0x0F, 0xF0, 0x00, 0x00, 0x00, 0x00, 0x0F, 0xF8, 0x00, 0x00, 0x00, 0x03, 0xFF, 0xFF, 0xC0,
    0x00, 0x00, 0x03, 0xFF, 0xFF, 0xC0, 0x00, 0x00, 0x00, 0x60, 0x00, 0xBF, 0x03, 0xFE, 0x2F, 0xFF,
    0x1F, 0xFE, 0x3F, 0xFF, 0x7F, 0xFE, 0x00, 0xFF, 0xF8, 0xBE, 0x00, 0xFF, 0xC0, 0x00, 0x00, 0xFF,
    0x00, 0x00, 0x00, 0xFF, 0x00, 0x00, 0x00, 0xFF, 0x00, 0x00, 0x00, 0xFF, 0x00, 0x00, 0x00, 0xFF,
    0x00, 0x00, 0x00, 0xFF, 0x00, 0x00, 0x00, 0xFF, 0x00, 0x00, 0x00, 0xFF, 0x00, 0x00, 0x00, 0xFF,
    0x00, 0x00, 0x00, 0xFF, 0x00, 0x00, 0x00, 0xFF, 0x00, 0x00, 0x00, 0xFF, 0x00, 0x00, 0x01, 0xFF,
    0x00, 0x00, 0x3F, 0xFF, 0xFC, 0x00, 0x3F, 0xFF, 0xFC, 0x00, 0x00, 0x06, 0x80, 0x00, 0x02, 0xFF,
    0xFF, 0xC0, 0x0F, 0xFE, 0xFF, 0xD0, 0x2F, 0xD0, 0x0B, 0xD0, 0x3F, 0x80, 0x03, 0xD0, 0x3F, 0x80,
    0x03, 0xD0, 0x7F, 0xC0, 0x02, 0x80, 0x3F, 0xE0, 0x00, 0x00, 0x3F, 0xFC, 0x00, 0x00, 0x0F, 0xFF,
    0xC0, 0x00, 0x03, 0xFF, 0xFC, 0x00, 0x00, 0xBF, 0xFF, 0x80, 0x00, 0x0B, 0xFF, 0xC0, 0x00, 0x00,
    0xBF, 0xE0, 0x00, 0x00, 0x2F, 0xF0, 0xB8, 0x00, 0x0F, 0xF0, 0xBC, 0x00, 0x0F, 0xF0, 0xBC, 0x00,
    0x0F, 0xE0, 0xBE, 0x00, 0x3F, 0xC0, 0xBF, 0xFA, 0xFF, 0x00, 0x3F, 0xFF, 0xF8, 0x00, 0x00, 0x14,
    0x00, 0x00, 0x00, 0x00, 0x00, 0x00, 0x00, 0x2E, 0x00, 0x00, 0x00, 0x3E, 0x00, 0x00, 0x00, 0x7E,
    0x00, 0x00, 0x00, 0xFE, 0x00, 0x00, 0x02, 0xFE, 0x00, 0x00, 0x2F, 0xFF, 0xFF, 0xD0, 0x3F, 0xFF,
    0xFF, 0xE0, 0x02, 0xFE, 0x00, 0x00, 0x00, 0xFE, 0x00, 0x00, 0x00, 0xFE, 0x00, 0x00, 0x00, 0xFE,
    0x00, 0x00, 0x00, 0xFE, 0x00, 0x00, 0x00, 0xFE, 0x00, 0x00, 0x00, 0xFE, 0x00, 0x00, 0x00, 0xFE,
    0x00, 0x00, 0x00, 0xFE, 0x00, 0x00, 0x00, 0xFE, 0x00, 0x00, 0x00, 0xFE, 0x00, 0x00, 0x00, 0xFE,
    0x00, 0x00, 0x00, 0xFE, 0x00, 0x00, 0x00, 0xFF, 0x00, 0x00, 0x00, 0xFF, 0x00, 0x00, 0x00, 0xFF,
    0xD0, 0x20, 0x00, 0xFF, 0xFF, 0xE0, 0x00, 0x3F, 0xFF, 0x80, 0x00, 0x01, 0x40, 0x00, 0x00, 0x18,
    0x00, 0x00, 0x09, 0x00, 0x0B, 0xFE, 0x00, 0x06, 0xFF, 0x00, 0x3F, 0xFE, 0x00, 0x3F, 0xFF, 0x00,
    0x2B, 0xFE, 0x00, 0x2A, 0xFF, 0x00, 0x01, 0xFE, 0x00, 0x00, 0xFF, 0x00, 0x01, 0xFE, 0x00, 0x00,
    0xFF, 0x00, 0x01, 0xFE, 0x00, 0x00, 0xFF, 0x00, 0x01, 0xFE, 0x00, 0x00, 0xFF, 0x00, 0x01, 0xFE,
    0x00, 0x00, 0xFF, 0x00, 0x01, 0xFE, 0x00, 0x00, 0xFF, 0x00, 0x01, 0xFE, 0x00, 0x00, 0xFF, 0x00,
    0x01, 0xFE, 0x00, 0x00, 0xFF, 0x00, 0x01, 0xFE, 0x00, 0x00, 0xFF, 0x00, 0x01, 0xFE, 0x00, 0x00,
    0xFF, 0x00, 0x01, 0xFE, 0x00, 0x00, 0xFF, 0x00, 0x00, 0xFF, 0x00, 0x00, 0xFF, 0x00, 0x00, 0xFF,
    0x00, 0x00, 0xFF, 0x00, 0x00, 0xFF, 0xC0, 0x02, 0xFF, 0x00, 0x00, 0xBF, 0xFA, 0xBF, 0xFF, 0x00,
    0x00, 0x3F, 0xFF, 0xF8, 0xFF, 0xF8, 0x00, 0x0F, 0xFF, 0x80, 0xFF, 0xF8, 0x00, 0x00, 0x10, 0x00,
    0x00, 0x00, 0x00, 0x00, 0x00, 0x00, 0x00, 0x00, 0xBF, 0xFF, 0xE0, 0x0F, 0xFF, 0xC0, 0xBF, 0xFF,
    0xE0, 0x0F, 0xFF, 0xC0, 0x03, 0xFC, 0x00, 0x00, 0xBC, 0x00, 0x03, 0xFC, 0x00, 0x00, 0xF8, 0x00,
    0x02, 0xFE, 0x00, 0x00, 0xF0, 0x00, 0x00, 0xFF, 0x00, 0x02, 0xF0, 0x00, 0x00, 0xFF, 0x40, 0x03,
    0xD0, 0x00, 0x00, 0x7F, 0x80, 0x0B, 0xC0, 0x00, 0x00, 0x3F, 0xC0, 0x0F, 0x80, 0x00, 0x00, 0x2F,
    0xE0, 0x0F, 0x00, 0x00, 0x00, 0x0F, 0xF0, 0x2F, 0x00, 0x00, 0x00, 0x0F, 0xF0, 0x3D, 0x00, 0x00,
    0x00, 0x0B, 0xF8, 0xBC, 0x00, 0x00, 0x00, 0x03, 0xFC, 0xF8, 0x00, 0x00, 0x00, 0x03, 0xFE, 0xF0,
    0x00, 0x00, 0x00, 0x02, 0xFF, 0xF0, 0x00, 0x00, 0x00, 0x00, 0xFF, 0xD0, 0x00, 0x00, 0x00, 0x00,
    0xBF, 0xC0, 0x00, 0x00, 0x00, 0x00, 0x3F, 0x80, 0x00, 0x00, 0x00, 0x00, 0x3F, 0x00, 0x00, 0x00,
    0x00, 0x00, 0x00, 0x00, 0x00, 0x00, 0x00, 0x00, 0xBF, 0xFF, 0xE0, 0x02, 0xF8, 0x00, 0xBF, 0xFF,
    0xBF, 0xFF, 0xD0, 0x03, 0xFC, 0x00, 0xBF, 0xFE, 0x03, 0xFC, 0x00, 0x07, 0xFC, 0x00, 0x03, 0xE0,
    0x03, 0xFC, 0x00, 0x0F, 0xFE, 0x00, 0x07, 0xC0, 0x02, 0xFE, 0x00, 0x0F, 0xFF, 0x00, 0x0B, 0xC0,
    0x01, 0xFE, 0x00, 0x2F, 0xBF, 0x00, 0x0F, 0x80, 0x00, 0xFF, 0x00, 0x3E, 0x3F, 0x80, 0x0F, 0x00,
    0x00, 0xFF, 0x00, 0x3C, 0x3F, 0xC0, 0x2F, 0x00, 0x00, 0xBF, 0x80, 0xBC, 0x2F, 0xC0, 0x3E, 0x00,
    0x00, 0x3F, 0xC0, 0xF8, 0x0F, 0xE0, 0x3C, 0x00, 0x00, 0x3F, 0xC0, 0xF0, 0x0F, 0xF0, 0xBC, 0x00,
    0x00, 0x2F, 0xC2, 0xF0, 0x0B, 0xF0, 0xB8, 0x00, 0x00, 0x0F, 0xE3, 0xE0, 0x03, 0xF4, 0xF4, 0x00,
    0x00, 0x0F, 0xF3, 0xC0, 0x03, 0xF8, 0xF0, 0x00, 0x00, 0x0F, 0xFB, 0xC0, 0x02, 0xFE, 0xF0, 0x00,
    0x00, 0x0B, 0xFF, 0x80, 0x01, 0xFF, 0xE0, 0x00, 0x00, 0x03, 0xFF, 0x00, 0x00, 0xFF, 0xC0, 0x00,
    0x00, 0x03, 0xFF, 0x00, 0x00, 0xFF, 0xC0, 0x00, 0x00, 0x02, 0xFE, 0x00, 0x00, 0xBF, 0x80, 0x00,
    0x00, 0x00, 0xFC, 0x00, 0x00, 0x3F, 0x00, 0x00, 0x00, 0x00, 0x00, 0x00, 0x00, 0x00, 0xBF, 0xFF,
    0xE0, 0xBF, 0xFF, 0x00, 0x7F, 0xFF, 0xE0, 0xBF, 0xFF, 0x00, 0x03, 0xFF, 0x00, 0x0B, 0xE0, 0x00,
    0x00, 0xFF, 0x80, 0x0F, 0x80, 0x00, 0x00, 0xBF, 0xC0, 0x3F, 0x00, 0x00, 0x00, 0x3F, 0xF0, 0xFC,
    0x00, 0x00, 0x00, 0x0F, 0xFA, 0xF4, 0x00, 0x00, 0x00, 0x0B, 0xFF, 0xE0, 0x00, 0x00, 0x00, 0x03,
    0xFF, 0xC0, 0x00, 0x00, 0x00, 0x00, 0xFF, 0x80, 0x00, 0x00, 0x00, 0x00, 0xFF, 0xD0, 0x00, 0x00,
    0x00, 0x02, 0xFF, 0xF0, 0x00, 0x00, 0x00, 0x03, 0xFF, 0xF8, 0x00, 0x00, 0x00, 0x0F, 0xC3, 0xFD,
    0x00, 0x00, 0x00, 0x3F, 0x02, 0xFF, 0x00, 0x00, 0x00, 0xBE, 0x00, 0xFF, 0xC0, 0x00, 0x00, 0xF8,
    0x00, 0x3F, 0xE0, 0x00, 0x03, 0xF0, 0x00, 0x3F, 0xF0, 0x00, 0xBF, 0xFF, 0x00, 0xFF, 0xFF, 0x80,
    0xBF, 0xFF, 0x01, 0xFF, 0xFF, 0x80, 0x00, 0x00, 0x00, 0x00, 0x00, 0x00, 0xBF, 0xFF, 0xE0, 0x0F,
    0xFF, 0xD0, 0xBF, 0xFF, 0xE0, 0x0F, 0xFF, 0xC0, 0x03, 0xFC, 0x00, 0x00, 0xBC, 0x00, 0x03, 0xFC,
    0x00, 0x00, 0xF8, 0x00, 0x02, 0xFE, 0x00, 0x00, 0xF0, 0x00, 0x00, 0xFF, 0x00, 0x02, 0xF0, 0x00,
    0x00, 0xBF, 0x80, 0x03, 0xE0, 0x00, 0x00, 0x3F, 0xC0, 0x0B, 0xC0, 0x00, 0x00, 0x3F, 0xC0, 0x0F,
    0x80, 0x00, 0x00, 0x2F, 0xE0, 0x0F, 0x00, 0x00, 0x00, 0x0F, 0xF0, 0x3F, 0x00, 0x00, 0x00, 0x0B,
    0xF8, 0x3D, 0x00, 0x00, 0x00, 0x03, 0xFC, 0xBC, 0x00, 0x00, 0x00, 0x03, 0xFC, 0xF8, 0x00, 0x00,
    0x00, 0x02, 0xFF, 0xF0, 0x00, 0x00, 0x00, 0x00, 0xFF, 0xE0, 0x00, 0x00, 0x00, 0x00, 0xFF, 0xC0,
    0x00, 0x00, 0x00, 0x00, 0x7F, 0xC0, 0x00, 0x00, 0x00, 0x00, 0x3F, 0x80, 0x00, 0x00, 0x00, 0x00,
    0x2F, 0x00, 0x00, 0x00, 0x00, 0x00, 0x3E, 0x00, 0x00, 0x00, 0x00, 0x00, 0x3C, 0x00, 0x00, 0x00,
    0x00, 0x00, 0xBC, 0x00, 0x00, 0x00, 0x00, 0x00, 0xF4, 0x00, 0x00, 0x00, 0x08, 0x02, 0xF0, 0x00,
    0x00, 0x00, 0x2F, 0x8B, 0xC0, 0x00, 0x00, 0x00, 0x3F, 0xFF, 0x80, 0x00, 0x00, 0x00, 0x3F, 0xFF,
    0x00, 0x00, 0x00, 0x00, 0x1F, 0xF8, 0x00, 0x00, 0x00, 0x00, 0x00, 0x00, 0x00, 0x00, 0x00, 0x00,
    0x00, 0x00, 0x00, 0x00, 0x00, 0x3F, 0xFF, 0xFF, 0xFF, 0x00, 0x3F, 0xFF, 0xFF, 0xFF, 0x00, 0x3E,
    0x00, 0x07, 0xFE, 0x00, 0x3C, 0x00, 0x0F, 0xFC, 0x00, 0x3C, 0x00, 0x2F, 0xF0, 0x00, 0x3C, 0x00,
    0x3F, 0xE0, 0x00, 0x00, 0x00, 0xFF, 0xC0, 0x00, 0x00, 0x02, 0xFF, 0x00, 0x00, 0x00, 0x07, 0xFE,
    0x00, 0x00, 0x00, 0x0F, 0xFC, 0x00, 0x00, 0x00, 0x3F, 0xF0, 0x00, 0x00, 0x00, 0xBF, 0xD0, 0x00,
    0x00, 0x00, 0xFF, 0x80, 0x00, 0x00, 0x03, 0xFF, 0x00, 0x02, 0x00, 0x0B, 0xFC, 0x00, 0x0F, 0x80,
    0x0F, 0xF8, 0x00, 0x0F, 0x80, 0x3F, 0xF0, 0x00, 0x0F, 0x80, 0xBF, 0xE0, 0x00, 0x2F, 0x80, 0xBF,
    0xFF, 0xFF, 0xFF, 0x80, 0xBF, 0xFF, 0xFF, 0xFF, 0x80, 0x00, 0x00, 0x00, 0x00, 0x00, 0x00, 0x0B,
    0xFC, 0x00, 0x00, 0xBF, 0xFC, 0x00, 0x02, 0xFF, 0x00, 0x00, 0x03, 0xFC, 0x00, 0x00, 0x07, 0xF0,
    0x00, 0x00, 0x0B, 0xF0, 0x00, 0x00, 0x0B, 0xF0, 0x00, 0x00, 0x0B, 0xF0, 0x00, 0x00, 0x0B, 0xF0,
    0x00, 0x00, 0x0B, 0xF0, 0x00, 0x00, 0x0B, 0xF0, 0x00, 0x00, 0x0F, 0xF0, 0x00, 0x00, 0x0F, 0xF0,
    0x00, 0x00, 0x0F, 0xE0, 0x00, 0x00, 0x2F, 0xC0, 0x00, 0x00, 0xFF, 0x00, 0x00, 0xBF, 0xE4, 0x00,
    0x00, 0xBF, 0xF8, 0x00, 0x00, 0x00, 0xBF, 0x00, 0x00, 0x00, 0x2F, 0xC0, 0x00, 0x00, 0x0F, 0xE0,
    0x00, 0x00, 0x0F, 0xF0, 0x00, 0x00, 0x0F, 0xF0, 0x00, 0x00, 0x0B, 0xF0, 0x00, 0x00, 0x0B, 0xF0,
    0x00, 0x00, 0x0B, 0xF0, 0x00, 0x00, 0x0B, 0xF0, 0x00, 0x00, 0x0B, 0xF0, 0x00, 0x00, 0x0B, 0xF0,
    0x00, 0x00, 0x07, 0xF4, 0x00, 0x00, 0x03, 0xFC, 0x00, 0x00, 0x02, 0xFF, 0x00, 0x00, 0x00, 0xBF,
    0xFC, 0x00, 0x00, 0x0A, 0xBC, 0x00, 0x00, 0x00, 0x00, 0x3E, 0x3E, 0x3E, 0x3E, 0x3E, 0x3E, 0x3E,
    0x3E, 0x3E, 0x3E, 0x3E, 0x3E, 0x3E, 0x3E, 0x3E, 0x3E, 0x3E, 0x3E, 0x3E, 0x3E, 0x3E, 0x3E, 0x3E,
    0x3E, 0x3E, 0x3E, 0x3E, 0x3E, 0x3E, 0x3E, 0x3E, 0x3E, 0x3E, 0x3E, 0x3E, 0x3E, 0x3E, 0x3E, 0x3E,
    0x3E, 0x3E, 0x3E, 0x3E, 0x28, 0x00, 0x00, 0x00, 0x00, 0x3F, 0xE0, 0x00, 0x00, 0x3F, 0xFE, 0x00,
    0x00, 0x00, 0xFF, 0x80, 0x00, 0x00, 0x3F, 0xC0, 0x00, 0x00, 0x0F, 0xD0, 0x00, 0x00, 0x0F, 0xE0,
    0x00, 0x00, 0x0F, 0xE0, 0x00, 0x00, 0x0F, 0xE0, 0x00, 0x00, 0x0F, 0xE0, 0x00, 0x00, 0x0F, 0xE0,
    0x00, 0x00, 0x0F, 0xE0, 0x00, 0x00, 0x0F, 0xF0, 0x00, 0x00, 0x0F, 0xF0, 0x00, 0x00, 0x0B, 0xF0,
    0x00, 0x00, 0x03, 0xF8, 0x00, 0x00, 0x00, 0xFF, 0x00, 0x00, 0x00, 0x1B, 0xFE, 0x00, 0x00, 0x2F,
    0xFE, 0x00, 0x00, 0xFE, 0x00, 0x00, 0x03, 0xF8, 0x00, 0x00, 0x0B, 0xF0, 0x00, 0x00, 0x0F, 0xF0,
    0x00, 0x00, 0x0F, 0xF0, 0x00, 0x00, 0x0F, 0xE0, 0x00, 0x00, 0x0F, 0xE0, 0x00, 0x00, 0x0F, 0xE0,
    0x00, 0x00, 0x0F, 0xE0, 0x00, 0x00, 0x0F, 0xE0, 0x00, 0x00, 0x0F, 0xE0, 0x00, 0x00, 0x1F, 0xD0,
    0x00, 0x00, 0x3F, 0xC0, 0x00, 0x00, 0xFF, 0x80, 0x00, 0x3F, 0xFE, 0x00, 0x00, 0x3E, 0xA0, 0x00,
    0x00, 0x00, 0x00, 0x00, 0x00, 0x00, 0x00, 0x00, 0x00, 0x00, 0x00, 0x00, 0x00, 0x2F, 0xFE, 0x00,
    0x00, 0x00, 0x0E, 0x07, 0xFF, 0xFF, 0xF8, 0x00, 0x00, 0xBE, 0x3F, 0xFA, 0xAF, 0xFF, 0xE8, 0x2F,
    0xFE, 0xBF, 0x80, 0x00, 0x6F, 0xFF, 0xFF, 0xF0, 0xB8, 0x00, 0x00, 0x01, 0xBF, 0xFE, 0x00, 0x00,
    0x00, 0x00, 0x00, 0x00, 0x00, 0x00, 0x05, 0x00, 0x3F, 0xC0, 0xBF, 0xD0, 0xBF, 0xE0, 0x3F, 0xC0,
    0x0A, 0x00, 0x00, 0x00, 0x00, 0x00, 0x0A, 0x00, 0x0F, 0x00, 0x0F, 0x00, 0x1F, 0x00, 0x2F, 0x00,
    0x2F, 0x40, 0x2F, 0x80, 0x2F, 0x80, 0x3F, 0x80, 0x3F, 0x80, 0x3F, 0xC0, 0x3F, 0xC0, 0x3F, 0xC0,
    0x3F, 0xC0, 0x3F, 0xC0, 0xBF, 0xC0, 0xBF, 0xC0, 0xBF, 0xE0, 0xBF, 0xE0, 0xBF, 0xD0, 0x3F, 0xC0,
    0x00, 0x00, 0x00, 0x00, 0x00, 0x00, 0x00, 0x00, 0x00, 0x3C, 0x00, 0x00, 0x00, 0x00, 0x3C, 0x00,
    0x00, 0x00, 0x00, 0x3C, 0x00, 0x00, 0x00, 0x00, 0x3C, 0x00, 0x00, 0x00, 0x02, 0xBF, 0xF8, 0x00,
    0x00, 0x2F, 0xFF, 0xFF, 0xC0, 0x01, 0xFF, 0xBD, 0x2F, 0xC0, 0x0B, 0xFC, 0x3C, 0x0B, 0xC0, 0x0F,
    0xF0, 0x3C, 0x0B, 0xC0, 0x3F, 0xD0, 0x3C, 0x07, 0xC0, 0x3F, 0xC0, 0x3C, 0x03, 0xC0, 0xBF, 0x80,
    0x3C, 0x00, 0x00, 0xBF, 0x00, 0x3C, 0x00, 0x00, 0xFF, 0x00, 0x3C, 0x00, 0x00, 0xFF, 0x00, 0x3C,
    0x00, 0x00, 0xFF, 0x00, 0x3C, 0x00, 0x00, 0xFF, 0x40, 0x3C, 0x00, 0x00, 0xBF, 0x80, 0x3C, 0x00,
    0x00, 0x3F, 0xC0, 0x3C, 0x03, 0xC0, 0x3F, 0xD0, 0x3C, 0x07, 0xC0, 0x0F, 0xF0, 0x3C, 0x0B, 0xC0,
    0x0B, 0xFC, 0x3C, 0x0B, 0xC0, 0x02, 0xFF, 0xBD, 0x6F, 0xC0, 0x00, 0x3F, 0xFF, 0xFF, 0xC0, 0x00,
    0x02, 0xBF, 0xFA, 0x00, 0x00, 0x00, 0x3C, 0x00, 0x00, 0x00, 0x00, 0x3C, 0x00, 0x00, 0x00, 0x00,
    0x3C, 0x00, 0x00, 0x00, 0x00, 0x3C, 0x00, 0x00, 0x00, 0x00, 0x00, 0x00, 0x00, 0x00, 0x00, 0x00,
    0x14, 0x00, 0x00, 0x00, 0x00, 0x1F, 0xFF, 0xE0, 0x00, 0x00, 0x00, 0xFF, 0xFF, 0xFC, 0x00, 0x00,
    0x03, 0xFE, 0x00, 0xFF, 0x00, 0x00, 0x0B, 0xF8, 0x00, 0xFF, 0x00, 0x00, 0x0F, 0xF0, 0x00, 0xFF,
    0x00, 0x00, 0x0F, 0xE0, 0x00, 0xFF, 0x00, 0x00, 0x2F, 0xD0, 0x00, 0x10, 0x00, 0x00, 0x3F, 0xC0,
    0x00, 0x00, 0x00, 0x00, 0x3F, 0xC0, 0x00, 0x00, 0x00, 0x00, 0x3F, 0xC0, 0x00, 0x00, 0x00, 0x00,
    0x3F, 0xC0, 0x00, 0x00, 0x00, 0x00, 0x3F, 0xC0, 0x00, 0x00, 0x00, 0x00, 0x3F, 0xC0, 0x00, 0x00,
    0x00, 0x00, 0x3F, 0xC0, 0x00, 0x00, 0x00, 0x0A, 0xBF, 0xFA, 0xAA, 0x80, 0x00, 0x0B, 0xFF, 0xFF,
    0xFF, 0x80, 0x00, 0x02, 0xBF, 0xEA, 0xAA, 0x00, 0x00, 0x00, 0x3F, 0xC0, 0x00, 0x00, 0x00, 0x00,
    0x3F, 0xC0, 0x00, 0x00, 0x00, 0x00, 0x3F, 0xC0, 0x00, 0x00, 0x00, 0x00, 0x3F, 0xC0, 0x00, 0x00,
    0x00, 0x00, 0x3F, 0x80, 0x00, 0x00, 0x00, 0x00, 0x3F, 0x40, 0x00, 0x00, 0x00, 0x00, 0xBF, 0x00,
    0x00, 0x00, 0x00, 0x00, 0xFC, 0x00, 0x00, 0x00, 0x00, 0x02, 0xF8, 0x00, 0x00, 0x00, 0x00, 0x0B,
    0xFA, 0xAA, 0xAA, 0xAA, 0x00, 0x3F, 0xFF, 0xFF, 0xFF, 0xFF, 0x00, 0x3F, 0xFF, 0xFF, 0xFF, 0xFF,
    0x00, 0x3F, 0xFF, 0xFF, 0xFF, 0xFF, 0x00, 0x28, 0x00, 0x00, 0x00, 0x00, 0x30, 0x3E, 0x00, 0x00,
    0x00, 0x00, 0xF8, 0x2F, 0x80, 0x01, 0x40, 0x03, 0xF0, 0x0B, 0xE1, 0xFF, 0xFE, 0x0F, 0xC0, 0x02,
    0xFF, 0xFF, 0xFF, 0xFF, 0x00, 0x00, 0xBF, 0xE0, 0x1F, 0xFC, 0x00, 0x00, 0xBF, 0x00, 0x02, 0xFC,
    0x00, 0x00, 0xFC, 0x00, 0x00, 0xBE, 0x00, 0x02, 0xF0, 0x00, 0x00, 0x3F, 0x00, 0x03, 0xF0, 0x00,
    0x00, 0x1F, 0x00, 0x03, 0xE0, 0x00, 0x00, 0x0F, 0x40, 0x03, 0xE0, 0x00, 0x00, 0x0F, 0x80, 0x03,
    0xE0, 0x00, 0x00, 0x0F, 0x00, 0x03, 0xF0, 0x00, 0x00, 0x2F, 0x00, 0x02, 0xF8, 0x00, 0x00, 0x3F,
    0x00, 0x00, 0xFC, 0x00, 0x00, 0xBE, 0x00, 0x00, 0xBF, 0x80, 0x03, 0xFC, 0x00, 0x00, 0xFF, 0xFA,
    0xAF, 0xFE, 0x00, 0x03, 0xFB, 0xFF, 0xFF, 0xAF, 0x80, 0x0F, 0xC0, 0xBF, 0xF8, 0x0B, 0xE0, 0x3F,
    0x00, 0x00, 0x00, 0x02, 0xF8, 0x3C, 0x00, 0x00, 0x00, 0x00, 0xB0, 0x00, 0x00, 0x00, 0x00, 0x00,
    0x00, 0xAA, 0xAA, 0xA0, 0x00, 0xAA, 0xAA, 0x00, 0xBF, 0xFF, 0xE0, 0x00, 0xFF, 0xFF, 0x00, 0x1B,
    0xFF, 0x00, 0x00, 0x1B, 0xF8, 0x00, 0x03, 0xFE, 0x00, 0x00, 0x0B, 0xC0, 0x00, 0x00, 0xFF, 0x00,
    0x00, 0x0F, 0xC0, 0x00, 0x00, 0xFF, 0x80, 0x00, 0x2F, 0x00, 0x00, 0x00, 0x3F, 0xC0, 0x00, 0x3E,
    0x00, 0x00, 0x00, 0x3F, 0xE0, 0x00, 0xFC, 0x00, 0x00, 0x00, 0x0F, 0xF0, 0x01, 0xF8, 0x00, 0x00,
    0x00, 0x0B, 0xF8, 0x03, 0xF0, 0x00, 0x00, 0x2A, 0xAF, 0xFC, 0x0B, 0xFA, 0xA8, 0x00, 0x2F, 0xFF,
    0xFE, 0x0F, 0xFF, 0xFC, 0x00, 0x00, 0x00, 0xFF, 0x2F, 0x40, 0x00, 0x00, 0x00, 0x00, 0xBF, 0xFE,
    0x00, 0x00, 0x00, 0x00, 0x00, 0x3F, 0xFC, 0x00, 0x00, 0x00, 0x00, 0x00, 0x2F, 0xF8, 0x00, 0x00,
    0x00, 0x2A, 0xAA, 0xBF, 0xFE, 0xAA, 0xA8, 0x00, 0x2F, 0xFF, 0xFF, 0xFF, 0xFF, 0xFC, 0x00, 0x00,
    0x00, 0x0F, 0xF0, 0x00, 0x00, 0x00, 0x00, 0x00, 0x0F, 0xF0, 0x00, 0x00, 0x00, 0x00, 0x00, 0x0F,
    0xF0, 0x00, 0x00, 0x00, 0x00, 0x00, 0x0F, 0xF0, 0x00, 0x00, 0x00, 0x00, 0x00, 0x0F, 0xF0, 0x00,
    0x00, 0x00, 0x00, 0x00, 0x0F, 0xF0, 0x00, 0x00, 0x00, 0x00, 0x00, 0x0F, 0xF0, 0x00, 0x00, 0x00,
    0x00, 0x00, 0x1F, 0xF8, 0x00, 0x00, 0x00, 0x00, 0x03, 0xFF, 0xFF, 0xE0, 0x00, 0x00, 0x00, 0x03,
    0xFF, 0xFF, 0xE0, 0x00, 0x00, 0x14, 0x3C, 0x3C, 0x3C, 0x3C, 0x3C, 0x3C, 0x3C, 0x3C, 0x3C, 0x3C,
    0x3C, 0x3C, 0x3C, 0x3C, 0x3C, 0x3C, 0x00, 0x00, 0x00, 0x00, 0x00, 0x28, 0x3C, 0x3C, 0x3C, 0x3C,
    0x3C, 0x3C, 0x3C, 0x3C, 0x3C, 0x3C, 0x3C, 0x3C, 0x3C, 0x3C, 0x3C, 0x3C, 0x00, 0x00, 0x00, 0x50,
    0x00, 0x00, 0x00, 0xBF, 0xFF, 0xF8, 0x00, 0x03, 0xFE, 0xAF, 0xFC, 0x00, 0x0F, 0xF0, 0x00, 0xFC,
    0x00, 0x2F, 0xC0, 0x00, 0xBC, 0x00, 0x3F, 0x80, 0x00, 0x7C, 0x00, 0x3F, 0xC0, 0x00, 0x3C, 0x00,
    0x3F, 0xD0, 0x00, 0x00, 0x00, 0x2F, 0xF8, 0x00, 0x00, 0x00, 0x0F, 0xFF, 0x80, 0x00, 0x00, 0x03,
    0xFF, 0xF8, 0x00, 0x00, 0x00, 0xBF, 0xFF, 0x00, 0x00, 0x00, 0xFF, 0xFF, 0xE0, 0x00, 0x0B, 0xF0,
    0xBF, 0xF8, 0x00, 0x2F, 0xC0, 0x0F, 0xFD, 0x00, 0x3F, 0x00, 0x02, 0xFF, 0x00, 0xBF, 0x00, 0x00,
    0xFF, 0x00, 0xBE, 0x00, 0x00, 0xBF, 0x00, 0xBF, 0x00, 0x00, 0x3F, 0x00, 0xBF, 0x00, 0x00, 0x7F,
    0x00, 0x3F, 0xC0, 0x00, 0xFE, 0x00, 0x3F, 0xF8, 0x02, 0xFC, 0x00, 0x0F, 0xFF, 0x0B, 0xF0, 0x00,
    0x03, 0xFF, 0xFF, 0x80, 0x00, 0x00, 0xBF, 0xFF, 0x00, 0x00, 0x00, 0x0F, 0xFF, 0xE0, 0x00, 0x00,
    0x00, 0xFF, 0xF4, 0x00, 0x00, 0x00, 0x1F, 0xFC, 0x00, 0x00, 0x00, 0x03, 0xFC, 0x00, 0x2E, 0x00,
    0x00, 0xFD, 0x00, 0x2F, 0x00, 0x00, 0xFC, 0x00, 0x2F, 0x00, 0x00, 0xFC, 0x00, 0x2F, 0x00, 0x03,
    0xF8, 0x00, 0x2F, 0xE0, 0x2F, 0xF0, 0x00, 0x2F, 0xFF, 0xFF, 0x80, 0x00, 0x00, 0xBF, 0xF8, 0x00,
    0x00, 0x0A, 0x40, 0x06, 0x80, 0x3F, 0xC0, 0x0F, 0xF0, 0x3F, 0xE0, 0x2F, 0xF0, 0x3F, 0xC0, 0x1F,
    0xF0, 0x0F, 0x80, 0x0B, 0xC0, 0x00, 0x00, 0x00, 0x01, 0x40, 0x00, 0x00, 0x00, 0x00, 0x00, 0x00,
    0x06, 0xFF, 0xFF, 0xE0, 0x00, 0x00, 0x00, 0x00, 0x00, 0x7F, 0xEA, 0xAB, 0xFE, 0x00, 0x00, 0x00,
    0x00, 0x03, 0xF8, 0x00, 0x00, 0x2F, 0xD0, 0x00, 0x00, 0x00, 0x0F, 0xC0, 0x00, 0x00, 0x02, 0xF8,
    0x00, 0x00, 0x00, 0x3E, 0x00, 0x00, 0x00, 0x00, 0x7E, 0x00, 0x00, 0x00, 0xF8, 0x00, 0x00, 0x00,
    0x00, 0x0F, 0x80, 0x00, 0x03, 0xE0, 0x00, 0x7F, 0xFF, 0xE0, 0x03, 0xC0, 0x00, 0x0B, 0xC0, 0x03,
    0xFF, 0xFF, 0xF8, 0x02, 0xF0, 0x00, 0x0F, 0x00, 0x2F, 0xF8, 0x02, 0xF8, 0x00, 0xF4, 0x00, 0x2E,
    0x00, 0x7F, 0xC0, 0x00, 0xF8, 0x00, 0x3C, 0x00, 0x3C, 0x00, 0xFF, 0x00, 0x00, 0xB8, 0x00, 0x3C,
    0x00, 0x3C, 0x02, 0xFE, 0x00, 0x00, 0x38, 0x00, 0x2E, 0x00, 0x78, 0x03, 0xFC, 0x00, 0x00, 0x00,
    0x00, 0x0E, 0x00, 0xB8, 0x03, 0xFC, 0x00, 0x00, 0x00, 0x00, 0x0F, 0x00, 0xB0, 0x03, 0xF8, 0x00,
    0x00, 0x00, 0x00, 0x0F, 0x00, 0xB0, 0x03, 0xF8, 0x00, 0x00, 0x00, 0x00, 0x0F, 0x00, 0xB0, 0x03,
    0xF8, 0x00, 0x00, 0x00, 0x00, 0x0F, 0x00, 0xB8, 0x03, 0xFC, 0x00, 0x00, 0x00, 0x00, 0x0F, 0x00,
    0x78, 0x03, 0xFC, 0x00, 0x00, 0x00, 0x00, 0x0E, 0x00, 0x3C, 0x02, 0xFE, 0x00, 0x00, 0x38, 0x00,
    0x2E, 0x00, 0x3C, 0x00, 0xFF, 0x00, 0x00, 0xB8, 0x00, 0x3C, 0x00, 0x2E, 0x00, 0x7F, 0xC0, 0x00,
    0xB8, 0x00, 0x7C, 0x00, 0x0F, 0x00, 0x2F, 0xF8, 0x00, 0xF8, 0x00, 0xF0, 0x00, 0x0B, 0xC0, 0x03,
    0xFF, 0xFF, 0xF8, 0x02, 0xF0, 0x00, 0x03, 0xE0, 0x00, 0xBF, 0xFF, 0xE0, 0x07, 0xC0, 0x00, 0x00,
    0xF8, 0x00, 0x00, 0x00, 0x00, 0x0F, 0x80, 0x00, 0x00, 0x3E, 0x00, 0x00, 0x00, 0x00, 0xBE, 0x00,
    0x00, 0x00, 0x0F, 0xC0, 0x00, 0x00, 0x02, 0xF8, 0x00, 0x00, 0x00, 0x03, 0xFD, 0x00, 0x00, 0x2F,
    0xC0, 0x00, 0x00, 0x00, 0x00, 0x7F, 0xFA, 0xAB, 0xFE, 0x00, 0x00, 0x00, 0x00, 0x00, 0x02, 0xFF,
    0xFF, 0xE0, 0x00, 0x00, 0x00, 0x00, 0x00, 0x00, 0x00, 0x40, 0x00, 0x00, 0x00, 0x00, 0x00, 0x00,
    0x00, 0x00, 0x01, 0xBF, 0xF0, 0x00, 0x0F, 0xD2, 0xFC, 0x00, 0x0F, 0x80, 0x3D, 0x00, 0x0A, 0x80,
    0x3E, 0x00, 0x00, 0x00, 0x7E, 0x00, 0x00, 0x2F, 0xFE, 0x00, 0x0B, 0xF4, 0x3E, 0x00, 0x2F, 0x80,
    0x3E, 0x00, 0x3F, 0x00, 0x3E, 0x00, 0x3F, 0x00, 0x3E, 0x00, 0x2F, 0x82, 0xFE, 0x00, 0x0F, 0xFE,
    0x3F, 0xD0, 0x00, 0xA0, 0x00, 0x00, 0x00, 0x00, 0x00, 0x00, 0x3F, 0xFF, 0xFF, 0xC0, 0x1A, 0xAA,
    0xAA, 0x80, 0x00, 0x00, 0x00, 0x00, 0x00, 0x00, 0x03, 0xE0, 0x03, 0xC0, 0x00, 0x0B, 0xC0, 0x0F,
    0x80, 0x00, 0x0F, 0x80, 0x2F, 0x00, 0x00, 0x3F, 0x00, 0x7E, 0x00, 0x00, 0xBE, 0x00, 0xFC, 0x00,
    0x02, 0xFC, 0x03, 0xF8, 0x00, 0x03, 0xF8, 0x0B, 0xF0, 0x00, 0x0F, 0xF0, 0x1F, 0xE0, 0x00, 0x2F,
    0xE0, 0x3F, 0xC0, 0x00, 0x3F, 0xC0, 0x7F, 0x80, 0x00, 0x3F, 0xC0, 0x7F, 0x80, 0x00, 0x2F, 0xE0,
    0x3F, 0xC0, 0x00, 0x0F, 0xF0, 0x0F, 0xE0, 0x00, 0x03, 0xF8, 0x0B, 0xF0, 0x00, 0x02, 0xFC, 0x03,
    0xF8, 0x00, 0x00, 0xBE, 0x00, 0xFC, 0x00, 0x00, 0x3F, 0x00, 0x7E, 0x00, 0x00, 0x0F, 0x80, 0x2F,
    0x00, 0x00, 0x0B, 0xC0, 0x0F, 0xC0, 0x00, 0x02, 0xE0, 0x03, 0xC0, 0x2A, 0xAA, 0xAA, 0xAA, 0xAA,
    0xA4, 0xBF, 0xFF, 0xFF, 0xFF, 0xFF, 0xFC, 0xBF, 0xFF, 0xFF, 0xFF, 0xFF, 0xFC, 0x00, 0x00, 0x00,
    0x00, 0x00, 0xFC, 0x00, 0x00, 0x00, 0x00, 0x00, 0xBC, 0x00, 0x00, 0x00, 0x00, 0x00, 0xBC, 0x00,
    0x00, 0x00, 0x00, 0x00, 0xBC, 0x00, 0x00, 0x00, 0x00, 0x00, 0xBC, 0x00, 0x00, 0x00, 0x00, 0x00,
    0xBC, 0x00, 0x00, 0x00, 0x00, 0x00, 0xBC, 0x00, 0x00, 0x00, 0x00, 0x00, 0x00, 0x00, 0x00, 0x00,
    0x01, 0x40, 0x00, 0x00, 0x00, 0x00, 0x00, 0x00, 0x06, 0xFF, 0xFF, 0xE0, 0x00, 0x00, 0x00, 0x00,
    0x00, 0x7F, 0xEA, 0xAB, 0xFE, 0x00, 0x00, 0x00, 0x00, 0x03, 0xF8, 0x00, 0x00, 0x2F, 0xD0, 0x00,
    0x00, 0x00, 0x0F, 0xC0, 0x00, 0x00, 0x02, 0xF8, 0x00, 0x00, 0x00, 0x3E, 0x00, 0x00, 0x00, 0x00,
    0x7E, 0x00, 0x00, 0x00, 0xF8, 0x00, 0x00, 0x00, 0x00, 0x0F, 0x80, 0x00, 0x03, 0xE0, 0xFF, 0xFF,
    0xFA, 0x00, 0x03, 0xC0, 0x00, 0x0B, 0xC0, 0x6F, 0xEA, 0xBF, 0xE0, 0x02, 0xF0, 0x00, 0x0F, 0x00,
    0x0F, 0xC0, 0x0F, 0xF0, 0x00, 0xF4, 0x00, 0x2E, 0x00, 0x0F, 0xC0, 0x03, 0xF8, 0x00, 0x3C, 0x00,
    0x3C, 0x00, 0x0F, 0xC0, 0x02, 0xF8, 0x00, 0x3C, 0x00, 0x3C, 0x00, 0x0F, 0xC0, 0x02, 0xF8, 0x00,
    0x2E, 0x00, 0x78, 0x00, 0x0F, 0xC0, 0x03, 0xF4, 0x00, 0x0E, 0x00, 0xB8, 0x00, 0x0F, 0xC0, 0x0B,
    0xF0, 0x00, 0x0F, 0x00, 0xB0, 0x00, 0x0F, 0xD2, 0xBF, 0x80, 0x00, 0x0F, 0x00, 0xB0, 0x00, 0x0F,
    0xFF, 0xFC, 0x00, 0x00, 0x0F, 0x00, 0xB0, 0x00, 0x0F, 0xC0, 0xBF, 0x80, 0x00, 0x0F, 0x00, 0xB8,
    0x00, 0x0F, 0xC0, 0x0F, 0xC0, 0x00, 0x0F, 0x00, 0x78, 0x00, 0x0F, 0xC0, 0x0B, 0xE0, 0x00, 0x0E,
    0x00, 0x3C, 0x00, 0x0F, 0xC0, 0x03, 0xF0, 0x00, 0x2E, 0x00, 0x3C, 0x00, 0x0F, 0xC0, 0x03, 0xF0,
    0x00, 0x3C, 0x00, 0x2E, 0x00, 0x0F, 0xC0, 0x02, 0xF8, 0x00, 0x7C, 0x00, 0x0F, 0x00, 0x2F, 0xE0,
    0x00, 0xFF, 0x40, 0xF4, 0x00, 0x0B, 0xC0, 0xFF, 0xFC, 0x00, 0x3F, 0xFA, 0xF0, 0x00, 0x03, 0xE0,
    0x00, 0x00, 0x00, 0x00, 0x0B, 0xC0, 0x00, 0x00, 0xF8, 0x00, 0x00, 0x00, 0x00, 0x0F, 0x80, 0x00,
    0x00, 0x3E, 0x00, 0x00, 0x00, 0x00, 0xBE, 0x00, 0x00, 0x00, 0x0F, 0xC0, 0x00, 0x00, 0x02, 0xF8,
    0x00, 0x00, 0x00, 0x03, 0xFC, 0x00, 0x00, 0x2F, 0xC0, 0x00, 0x00, 0x00, 0x00, 0x7F, 0xFA, 0xAB,
    0xFE, 0x00, 0x00, 0x00, 0x00, 0x00, 0x06, 0xFF, 0xFF, 0xE0, 0x00, 0x00, 0x00, 0x00, 0x00, 0x00,
    0x01, 0x40, 0x00, 0x00, 0x00, 0x00, 0x3F, 0xFF, 0xFF, 0xF8, 0x3F, 0xFF, 0xFF, 0xFC, 0x3F, 0xFF,
    0xFF, 0xFC, 0x00, 0xA8, 0x00, 0x0B, 0xFF, 0x80, 0x1F, 0x03, 0xE0, 0x3C, 0x00, 0xF0, 0x3C, 0x00,
    0xF0, 0x3C, 0x00, 0xF0, 0x2E, 0x00, 0xF0, 0x0F, 0xAB, 0xC0, 0x03, 0xFF, 0x40, 0x00, 0x10, 0x00,
    0x00, 0x00, 0x02, 0xE0, 0x00, 0x00, 0x00, 0x00, 0x00, 0x03, 0xF0, 0x00, 0x00, 0x00, 0x00, 0x00,
    0x03, 0xF0, 0x00, 0x00, 0x00, 0x00, 0x00, 0x03, 0xF0, 0x00, 0x00, 0x00, 0x00, 0x00, 0x03, 0xF0,
    0x00, 0x00, 0x00, 0x00, 0x00, 0x03, 0xF0, 0x00, 0x00, 0x00, 0x00, 0x00, 0x03, 0xF0, 0x00, 0x00,
    0x00, 0x6A, 0xAA, 0xAB, 0xFA, 0xAA, 0xAA, 0x40, 0xFF, 0xFF, 0xFF, 0xFF, 0xFF, 0xFF, 0xC0, 0xFF,
    0xFF, 0xFF, 0xFF, 0xFF, 0xFF, 0xC0, 0x00, 0x00, 0x03, 0xF0, 0x00, 0x00, 0x00, 0x00, 0x00, 0x03,
    0xF0, 0x00, 0x00, 0x00, 0x00, 0x00, 0x03, 0xF0, 0x00, 0x00, 0x00, 0x00, 0x00, 0x03, 0xF0, 0x00,
    0x00, 0x00, 0x00, 0x00, 0x03, 0xF0, 0x00, 0x00, 0x00, 0x00, 0x00, 0x03, 0xF0, 0x00, 0x00, 0x00,
    0x00, 0x00, 0x03, 0xF0, 0x00, 0x00, 0x00, 0x00, 0x00, 0x02, 0xA0, 0x00, 0x00, 0x00, 0x00, 0x00,
    0x00, 0x00, 0x00, 0x00, 0x00, 0x00, 0x00, 0x00, 0x00, 0x00, 0x00, 0x00, 0x00, 0x00, 0x00, 0x00,
    0x00, 0x00, 0x00, 0x00, 0x00, 0x00, 0x00, 0x00, 0x00, 0x00, 0xBF, 0xFF, 0xFF, 0xFF, 0xFF, 0xFF,
    0x80, 0xFF, 0xFF, 0xFF, 0xFF, 0xFF, 0xFF, 0xC0, 0xFF, 0xFF, 0xFF, 0xFF, 0xFF, 0xFF, 0xC0, 0x00,
    0xAA, 0x80, 0x00, 0x0B, 0xFF, 0xF8, 0x00, 0x3E, 0x00, 0xFE, 0x00, 0x7E, 0x00, 0x3F, 0x00, 0x3E,
    0x00, 0x2F, 0x80, 0x04, 0x00, 0x2F, 0x40, 0x00, 0x00, 0x3F, 0x00, 0x00, 0x00, 0x3F, 0x00, 0x00,
    0x00, 0xFC, 0x00, 0x00, 0x02, 0xF0, 0x00, 0x00, 0x0B, 0xC0, 0x00, 0x00, 0x3F, 0x00, 0x00, 0x00,
    0xF8, 0x00, 0x00, 0x07, 0xD0, 0x03, 0xC0, 0x2F, 0x00, 0x03, 0xC0, 0xBF, 0xFF, 0xFF, 0xC0, 0xFF,
    0xFF, 0xFF, 0xC0, 0x00, 0x00, 0x00, 0x00, 0x00, 0xAA, 0x80, 0x00, 0x0F, 0xFF, 0xF8, 0x00, 0x3E,
    0x00, 0xFE, 0x00, 0x3E, 0x00, 0x3F, 0x00, 0x3E, 0x00, 0x3F, 0x00, 0x00, 0x00, 0x3F, 0x00, 0x00,
    0x00, 0xBE, 0x00, 0x00, 0x02, 0xF8, 0x00, 0x00, 0xBF, 0xD0, 0x00, 0x00, 0x6A, 0xFD, 0x00, 0x00,
    0x00, 0x3F, 0x00, 0x00, 0x00, 0x0F, 0x80, 0x00, 0x00, 0x0F, 0xC0, 0x28, 0x00, 0x0F, 0x80, 0xFC,
    0x00, 0x3F, 0x00, 0xBE, 0x00, 0xFE, 0x00, 0x2F, 0xFF, 0xF0, 0x00, 0x00, 0xA9, 0x00, 0x00, 0x00,
    0x00, 0x00, 0x00, 0x0B, 0xF0, 0x00, 0x1F, 0xF4, 0x00, 0x3F, 0xF0, 0x00, 0xFF, 0xC0, 0x03, 0xFE,
    0x00, 0x0F, 0xF0, 0x00, 0x2F, 0x80, 0x00, 0x00, 0x00, 0x00, 0x00, 0x00, 0x00, 0x00, 0x00, 0x00,
    0x1F, 0xE0, 0x00, 0x3F, 0xC0, 0x00, 0x1F, 0xE0, 0x00, 0x3F, 0xC0, 0x00, 0x1F, 0xE0, 0x00, 0x3F,
    0xC0, 0x00, 0x1F, 0xE0, 0x00, 0x3F, 0xC0, 0x00, 0x1F, 0xE0, 0x00, 0x3F, 0xC0, 0x00, 0x1F, 0xE0,
    0x00, 0x3F, 0xC0, 0x00, 0x1F, 0xE0, 0x00, 0x3F, 0xC0, 0x00, 0x1F, 0xE0, 0x00, 0x3F, 0xC0, 0x00,
    0x1F, 0xE0, 0x00, 0x3F, 0xC0, 0x00, 0x1F, 0xE0, 0x00, 0x3F, 0xC0, 0x00, 0x1F, 0xE0, 0x00, 0x3F,
    0xC0, 0x00, 0x1F, 0xE0, 0x00, 0x3F, 0xC0, 0x00, 0x1F, 0xE0, 0x00, 0x3F, 0xC0, 0x00, 0x1F, 0xE0,
    0x00, 0x3F, 0xC0, 0x00, 0x1F, 0xE0, 0x00, 0x3F, 0xC0, 0x00, 0x1F, 0xF0, 0x00, 0xFF, 0xC0, 0x80,
    0x2F, 0xF4, 0x03, 0xFF, 0xC2, 0x80, 0x2F, 0xFE, 0x6F, 0x3F, 0xE3, 0x40, 0x2F, 0xFF, 0xFC, 0x2F,
    0xFF, 0x00, 0x2E, 0xFF, 0xE0, 0x0F, 0xFC, 0x00, 0x2C, 0x04, 0x00, 0x00, 0x40, 0x00, 0x3E, 0x00,
    0x00, 0x00, 0x00, 0x00, 0x3E, 0x00, 0x00, 0x00, 0x00, 0x00, 0x3F, 0x00, 0x00, 0x00, 0x00, 0x00,
    0x7F, 0x00, 0x00, 0x00, 0x00, 0x00, 0xBF, 0x00, 0x00, 0x00, 0x00, 0x00, 0xBF, 0x00, 0x00, 0x00,
    0x00, 0x00, 0xBF, 0x00, 0x00, 0x00, 0x00, 0x00, 0x3E, 0x00, 0x00, 0x00, 0x00, 0x00, 0x00, 0x00,
    0x00, 0x00, 0x00, 0x00, 0x00, 0x02, 0xAA, 0xAA, 0xA8, 0x00, 0xBF, 0xFF, 0xFF, 0xFC, 0x03, 0xFF,
    0xFC, 0x0F, 0x80, 0x0F, 0xFF, 0xFC, 0x0F, 0x00, 0x0F, 0xFF, 0xFC, 0x0F, 0x00, 0x2F, 0xFF, 0xFC,
    0x0F, 0x00, 0x3F, 0xFF, 0xFC, 0x0F, 0x00, 0x3F, 0xFF, 0xFC, 0x0F, 0x00, 0x3F, 0xFF, 0xFC, 0x0F,
    0x00, 0x3F, 0xFF, 0xFC, 0x0F, 0x00, 0x2F, 0xFF, 0xFC, 0x0F, 0x00, 0x2F, 0xFF, 0xFC, 0x0F, 0x00,
    0x0F, 0xFF, 0xFC, 0x0F, 0x00, 0x0B, 0xFF, 0xFC, 0x0F, 0x00, 0x02, 0xFF, 0xFC, 0x0F, 0x00, 0x00,
    0x2F, 0xFC, 0x0F, 0x00, 0x00, 0x00, 0x04, 0x0F, 0x00, 0x00, 0x00, 0x00, 0x0F, 0x00, 0x00, 0x00,
    0x00, 0x0F, 0x00, 0x00, 0x00, 0x00, 0x0F, 0x00, 0x00, 0x00, 0x00, 0x0F, 0x00, 0x00, 0x00, 0x00,
    0x0F, 0x00, 0x00, 0x00, 0x00, 0x0F, 0x00, 0x00, 0x00, 0x00, 0x0F, 0x00, 0x00, 0x00, 0x00, 0x0F,
    0x00, 0x00, 0x00, 0x00, 0x0F, 0x00, 0x00, 0x00, 0x00, 0x0F, 0x00, 0x00, 0x00, 0x00, 0x0F, 0x00,
    0x00, 0x00, 0x00, 0x0F, 0x00, 0x00, 0x00, 0x00, 0x0F, 0x00, 0x00, 0x00, 0x00, 0x0F, 0x00, 0x00,
    0x00, 0x00, 0x00, 0x00, 0x0A, 0x00, 0x3F, 0xC0, 0xBF, 0xC0, 0xBF, 0xC0, 0x3F, 0xC0, 0x04, 0x00,
    0x00, 0x00, 0x00, 0x03, 0x80, 0x00, 0x03, 0x80, 0x00, 0x03, 0x80, 0x00, 0x03, 0xF8, 0x00, 0x03,
    0xFF, 0x00, 0x01, 0xBF, 0x40, 0x00, 0x1F, 0x80, 0x00, 0x2F, 0x00, 0xBF, 0xFF, 0x00, 0x3F, 0xF8,
    0x00, 0x00, 0x00, 0x00, 0x00, 0x1A, 0x00, 0x0B, 0xFF, 0x00, 0x3F, 0xBF, 0x00, 0x00, 0x3F, 0x00,
    0x00, 0x3F, 0x00, 0x00, 0x3F, 0x00, 0x00, 0x3F, 0x00, 0x00, 0x3F, 0x00, 0x00, 0x3F, 0x00, 0x00,
    0x3F, 0x00, 0x00, 0x3F, 0x00, 0x00, 0x3F, 0x00, 0x00, 0x3F, 0x00, 0x00, 0x3F, 0x00, 0x00, 0x3F,
    0x00, 0x00, 0x3F, 0x00, 0x0F, 0xFF, 0xFC, 0x00, 0x00, 0x00, 0x00, 0x00, 0x00, 0x00, 0x00, 0xBF,
    0xF4, 0x00, 0x03, 0xF8, 0xBF, 0x00, 0x0F, 0xC0, 0x0F, 0x80, 0x2F, 0x80, 0x0B, 0xC0, 0x3F, 0x00,
    0x07, 0xE0, 0x3F, 0x00, 0x03, 0xE0, 0x3F, 0x00, 0x03, 0xE0, 0x3F, 0x00, 0x03, 0xE0, 0x3F, 0x00,
    0x0B, 0xD0, 0x0F, 0x80, 0x0F, 0xC0, 0x0B, 0xE0, 0x3F, 0x00, 0x02, 0xFF, 0xFC, 0x00, 0x00, 0x0A,
    0x80, 0x00, 0x00, 0x00, 0x00, 0x00, 0x3F, 0xFF, 0xFF, 0xE0, 0x2A, 0xAA, 0xAA, 0x80, 0x00, 0x00,
    0x00, 0x00, 0x00, 0x3C, 0x00, 0xBC, 0x00, 0x00, 0x2F, 0x00, 0x3E, 0x00, 0x00, 0x0F, 0xC0, 0x2F,
    0x40, 0x00, 0x0B, 0xE0, 0x0F, 0xC0, 0x00, 0x03, 0xF0, 0x0B, 0xF0, 0x00, 0x02, 0xFC, 0x03, 0xF8,
    0x00, 0x00, 0xFF, 0x01, 0xFD, 0x00, 0x00, 0xBF, 0x80, 0xFF, 0x00, 0x00, 0x3F, 0xC0, 0x7F, 0xC0,
    0x00, 0x2F, 0xE0, 0x3F, 0xC0, 0x00, 0x2F, 0xE0, 0x3F, 0xC0, 0x00, 0x3F, 0xC0, 0x7F, 0xC0, 0x00,
    0xBF, 0x80, 0xFF, 0x00, 0x00, 0xFE, 0x02, 0xFC, 0x00, 0x02, 0xFC, 0x03, 0xF8, 0x00, 0x03, 0xF0,
    0x0B, 0xF0, 0x00, 0x0B, 0xE0, 0x0F, 0xC0, 0x00, 0x0F, 0x80, 0x2F, 0x00, 0x00, 0x2F, 0x00, 0x3E,
    0x00, 0x00, 0x3C, 0x00, 0xBC, 0x00, 0x00, 0x00, 0x00, 0x00, 0x00, 0x00, 0x00, 0x00, 0x00, 0x00,
    0x00, 0xBF, 0x00, 0x00, 0x00, 0x00, 0xBC, 0x00, 0x00, 0x2F, 0xFF, 0x00, 0x00, 0x00, 0x00, 0xF8,
    0x00, 0x00, 0x29, 0x3F, 0x00, 0x00, 0x00, 0x03, 0xF0, 0x00, 0x00, 0x00, 0x3F, 0x00, 0x00, 0x00,
    0x0B, 0xD0, 0x00, 0x00, 0x00, 0x3F, 0x00, 0x00, 0x00, 0x0F, 0x80, 0x00, 0x00, 0x00, 0x3F, 0x00,
    0x00, 0x00, 0x3F, 0x00, 0x00, 0x00, 0x00, 0x3F, 0x00, 0x00, 0x00, 0xBE, 0x00, 0x00, 0x00, 0x00,
    0x3F, 0x00, 0x00, 0x00, 0xFC, 0x00, 0x00, 0x00, 0x00, 0x3F, 0x00, 0x00, 0x02, 0xF0, 0x00, 0x00,
    0x00, 0x00, 0x3F, 0x00, 0x00, 0x03, 0xE0, 0x00, 0x00, 0x00, 0x00, 0x3F, 0x00, 0x00, 0x0F, 0xC0,
    0x00, 0x00, 0x00, 0x00, 0x3F, 0x00, 0x00, 0x2F, 0x00, 0x00, 0x00, 0x00, 0x00, 0x3F, 0x00, 0x00,
    0x3E, 0x00, 0x01, 0xF0, 0x00, 0x00, 0x3F, 0x00, 0x00, 0xFC, 0x00, 0x03, 0xF0, 0x00, 0x00, 0x3F,
    0x00, 0x02, 0xF4, 0x00, 0x0F, 0xF0, 0x00, 0x0A, 0xBF, 0xA8, 0x03, 0xE0, 0x00, 0x3F, 0xF0, 0x00,
    0x0F, 0xFF, 0xFC, 0x0F, 0xC0, 0x00, 0xFA, 0xF0, 0x00, 0x00, 0x00, 0x00, 0x2F, 0x80, 0x03, 0xE2,
    0xF0, 0x00, 0x00, 0x00, 0x00, 0x3F, 0x00, 0x0B, 0xC2, 0xF0, 0x00, 0x00, 0x00, 0x00, 0xBC, 0x00,
    0x2F, 0x02, 0xF0, 0x00, 0x00, 0x00, 0x00, 0xF8, 0x00, 0x7C, 0x02, 0xF0, 0x00, 0x00, 0x00, 0x03,
    0xF0, 0x00, 0xF0, 0x02, 0xF0, 0x00, 0x00, 0x00, 0x0B, 0xC0, 0x03, 0xFA, 0xAB, 0xFA, 0x80, 0x00,
    0x00, 0x0F, 0x80, 0x03, 0xFF, 0xFF, 0xFF, 0xC0, 0x00, 0x00, 0x3F, 0x00, 0x00, 0x00, 0x02, 0xF0,
    0x00, 0x00, 0x00, 0xBD, 0x00, 0x00, 0x00, 0x02, 0xF0, 0x00, 0x00, 0x00, 0xFC, 0x00, 0x00, 0x00,
    0x02, 0xF0, 0x00, 0x00, 0x03, 0xF0, 0x00, 0x00, 0x00, 0x02, 0xF0, 0x00, 0x00, 0x07, 0xE0, 0x00,
    0x00, 0x00, 0x02, 0xF0, 0x00, 0x00, 0x00, 0x00, 0x00, 0x00, 0x00, 0x01, 0xF0, 0x00, 0x00, 0x00,
    0x00, 0x00, 0x00, 0x00, 0x00, 0x00, 0x00, 0x00, 0xBE, 0x00, 0x00, 0x00, 0x00, 0xFC, 0x00, 0x00,
    0x2F, 0xFE, 0x00, 0x00, 0x00, 0x02, 0xF0, 0x00, 0x00, 0x29, 0x3E, 0x00, 0x00, 0x00, 0x03, 0xE0,
    0x00, 0x00, 0x00, 0x3E, 0x00, 0x00, 0x00, 0x0F, 0xC0, 0x00, 0x00, 0x00, 0x3E, 0x00, 0x00, 0x00,
    0x2F, 0x80, 0x00, 0x00, 0x00, 0x3E, 0x00, 0x00, 0x00, 0x3F, 0x00, 0x00, 0x00, 0x00, 0x3E, 0x00,
    0x00, 0x00, 0xBC, 0x00, 0x00, 0x00, 0x00, 0x3E, 0x00, 0x00, 0x01, 0xF8, 0x00, 0x00, 0x00, 0x00,
    0x3E, 0x00, 0x00, 0x03, 0xF0, 0x00, 0x00, 0x00, 0x00, 0x3E, 0x00, 0x00, 0x0B, 0xC0, 0x00, 0x00,
    0x00, 0x00, 0x3E, 0x00, 0x00, 0x0F, 0x80, 0x00, 0x00, 0x00, 0x00, 0x3E, 0x00, 0x00, 0x3F, 0x00,
    0x00, 0x00, 0x00, 0x00, 0x3E, 0x00, 0x00, 0xBC, 0x02, 0xFF, 0xE0, 0x00, 0x00, 0x3E, 0x00, 0x00,
    0xF8, 0x0F, 0xEB, 0xFC, 0x00, 0x00, 0x3E, 0x00, 0x03, 0xF0, 0x3F, 0x00, 0xBF, 0x00, 0x0A, 0xBF,
    0xA4, 0x0B, 0xE0, 0x3F, 0x00, 0x3F, 0x00, 0x0F, 0xFF, 0xF8, 0x0F, 0xC0, 0x3F, 0x00, 0x2F, 0x80,
    0x00, 0x00, 0x00, 0x2F, 0x00, 0x00, 0x00, 0x2F, 0x40, 0x00, 0x00, 0x00, 0x7E, 0x00, 0x00, 0x00,
    0x3F, 0x00, 0x00, 0x00, 0x00, 0xFC, 0x00, 0x00, 0x00, 0x3E, 0x00, 0x00, 0x00, 0x02, 0xF0, 0x00,
    0x00, 0x00, 0xFC, 0x00, 0x00, 0x00, 0x03, 0xE0, 0x00, 0x00, 0x03, 0xF0, 0x00, 0x00, 0x00, 0x0F,
    0xC0, 0x00, 0x00, 0x0F, 0xC0, 0x00, 0x00, 0x00, 0x2F, 0x00, 0x00, 0x00, 0x3F, 0x00, 0x00, 0x00,
    0x00, 0x3E, 0x00, 0x00, 0x00, 0xF8, 0x00, 0x80, 0x00, 0x00, 0xFC, 0x00, 0x00, 0x0B, 0xC0, 0x02,
    0xC0, 0x00, 0x02, 0xF8, 0x00, 0x00, 0x2F, 0x80, 0x03, 0xC0, 0x00, 0x03, 0xF0, 0x00, 0x00, 0xBF,
    0xFF, 0xFF, 0xC0, 0x00, 0x0B, 0xC0, 0x00, 0x00, 0xBF, 0xFF, 0xFF, 0xC0, 0x00, 0x00, 0x00, 0x00,
    0x00, 0x00, 0x00, 0x00, 0x00, 0x02, 0xFF, 0xE0, 0x00, 0x00, 0x00, 0x3E, 0x00, 0x00, 0x1F, 0x96,
    0xFC, 0x00, 0x00, 0x00, 0xFC, 0x00, 0x00, 0x3F, 0x00, 0xBF, 0x00, 0x00, 0x02, 0xF8, 0x00, 0x00,
    0x3F, 0x00, 0x3F, 0x00, 0x00, 0x03, 0xF0, 0x00, 0x00, 0x0A, 0x00, 0x3F, 0x00, 0x00, 0x0B, 0xC0,
    0x00, 0x00, 0x00, 0x00, 0x3F, 0x00, 0x00, 0x0F, 0x80, 0x00, 0x00, 0x00, 0x00, 0xFC, 0x00, 0x00,
    0x3F, 0x00, 0x00, 0x00, 0x00, 0x2B, 0xE0, 0x00, 0x00, 0xBC, 0x00, 0x00, 0x00, 0x00, 0xBF, 0xF8,
    0x00, 0x00, 0xF8, 0x00, 0x00, 0x00, 0x00, 0x00, 0xBF, 0x00, 0x03, 0xF0, 0x00, 0x00, 0x00, 0x00,
    0x00, 0x2F, 0x80, 0x0B, 0xD0, 0x00, 0x00, 0x00, 0x00, 0x00, 0x0F, 0xC0, 0x0F, 0x80, 0x00, 0x00,
    0x00, 0x00, 0x00, 0x0F, 0xC0, 0x3F, 0x00, 0x00, 0xF4, 0x00, 0x3C, 0x00, 0x2F, 0x80, 0xBE, 0x00,
    0x03, 0xF8, 0x00, 0xBE, 0x00, 0x3F, 0x00, 0xFC, 0x00, 0x0B, 0xF8, 0x00, 0x3F, 0xAA, 0xFC, 0x02,
    0xF0, 0x00, 0x2F, 0xF8, 0x00, 0x0B, 0xFF, 0x90, 0x03, 0xE0, 0x00, 0xBC, 0xF8, 0x00, 0x00, 0x00,
    0x00, 0x0F, 0xC0, 0x00, 0xF0, 0xF8, 0x00, 0x00, 0x00, 0x00, 0x2F, 0x00, 0x03, 0xC0, 0xF8, 0x00,
    0x00, 0x00, 0x00, 0x3E, 0x00, 0x0F, 0x40, 0xF8, 0x00, 0x00, 0x00, 0x00, 0xFC, 0x00, 0x3E, 0x00,
    0xF8, 0x00, 0x00, 0x00, 0x02, 0xF4, 0x00, 0xF8, 0x00, 0xF8, 0x00, 0x00, 0x00, 0x03, 0xE0, 0x02,
    0xFA, 0xAA, 0xFE, 0x80, 0x00, 0x00, 0x0F, 0xC0, 0x02, 0xFF, 0xFF, 0xFF, 0xE0, 0x00, 0x00, 0x2F,
    0x80, 0x00, 0x00, 0x00, 0xF8, 0x00, 0x00, 0x00, 0x3F, 0x00, 0x00, 0x00, 0x00, 0xF8, 0x00, 0x00,
    0x00, 0xBC, 0x00, 0x00, 0x00, 0x00, 0xF8, 0x00, 0x00, 0x00, 0xF8, 0x00, 0x00, 0x00, 0x00, 0xF8,
    0x00, 0x00, 0x03, 0xF0, 0x00, 0x00, 0x00, 0x00, 0xF8, 0x00, 0x00, 0x00, 0x00, 0x00, 0x00, 0x00,
    0x00, 0xF0, 0x00, 0x00, 0x00, 0x24, 0x00, 0x00, 0x00, 0xFF, 0x00, 0x00, 0x03, 0xFF, 0x00, 0x00,
    0x03, 0xFF, 0x00, 0x00, 0x02, 0xFF, 0x00, 0x00, 0x00, 0x68, 0x00, 0x00, 0x00, 0x00, 0x00, 0x00,
    0x00, 0x00, 0x00, 0x00, 0x00, 0x28, 0x00, 0x00, 0x00, 0xBC, 0x00, 0x00, 0x00, 0xBC, 0x00, 0x00,
    0x00, 0xBC, 0x00, 0x00, 0x00, 0xBC, 0x00, 0x00, 0x02, 0xFC, 0x00, 0x00, 0x2F, 0xF8, 0x00, 0x00,
    0xFF, 0x80, 0x00, 0x03, 0xFE, 0x00, 0x00, 0x0F, 0xF8, 0x00, 0x00, 0x2F, 0xF0, 0x00, 0x00, 0x3F,
    0xE0, 0x00, 0x00, 0x3F, 0xC0, 0x00, 0x00, 0x3F, 0xC0, 0x00, 0x00, 0x3F, 0xC0, 0x00, 0x00, 0x3F,
    0xC0, 0x00, 0xFC, 0x3F, 0xF0, 0x00, 0xFF, 0x0F, 0xF8, 0x02, 0xFF, 0x0B, 0xFF, 0x03, 0xFE, 0x02,
    0xFF, 0xFF, 0xFC, 0x00, 0x2F, 0xFF, 0xE0, 0x00, 0x00, 0x00, 0x00, 0x00, 0x00, 0x00, 0x00, 0x00,
    0x00, 0x00, 0x00, 0x00, 0xFE, 0x00, 0x00, 0x00, 0x00, 0x00, 0x00, 0xFF, 0x80, 0x00, 0x00, 0x00,
    0x00, 0x00, 0xFF, 0xD0, 0x00, 0x00, 0x00, 0x00, 0x00, 0x3F, 0xF0, 0x00, 0x00, 0x00, 0x00, 0x00,
    0x0B, 0xFC, 0x00, 0x00, 0x00, 0x00, 0x00, 0x00, 0xFF, 0x00, 0x00, 0x00, 0x00, 0x00, 0x00, 0x2F,
    0xC0, 0x00, 0x00, 0x00, 0x00, 0x00, 0x00, 0x00, 0x00, 0x00, 0x00, 0x00, 0x00, 0x00, 0x00, 0x00,
    0x00, 0x00, 0x00, 0x00, 0x54, 0x00, 0x00, 0x00, 0x00, 0x00, 0x00, 0xFE, 0x00, 0x00, 0x00, 0x00,
    0x00, 0x02, 0xFF, 0x00, 0x00, 0x00, 0x00, 0x00, 0x03, 0xFF, 0x40, 0x00, 0x00, 0x00, 0x00, 0x07,
    0xFF, 0xC0, 0x00, 0x00, 0x00, 0x00, 0x0F, 0xFF, 0xC0, 0x00, 0x00, 0x00, 0x00, 0x0F, 0xFF, 0xE0,
    0x00, 0x00, 0x00, 0x00, 0x2F, 0xAF, 0xF0, 0x00, 0x00, 0x00, 0x00, 0x3F, 0x0F, 0xF0, 0x00, 0x00,
    0x00, 0x00, 0x3E, 0x0F, 0xF8, 0x00, 0x00, 0x00, 0x00, 0xBC, 0x0B, 0xFC, 0x00, 0x00, 0x00, 0x00,
    0xFC, 0x03, 0xFD, 0x00, 0x00, 0x00, 0x00, 0xF8, 0x03, 0xFF, 0x00, 0x00, 0x00, 0x02, 0xF0, 0x02,
    0xFF, 0x00, 0x00, 0x00, 0x03, 0xF0, 0x00, 0xFF, 0x80, 0x00, 0x00, 0x0B, 0xE0, 0x00, 0xBF, 0xC0,
    0x00, 0x00, 0x0F, 0xE0, 0x00, 0xBF, 0xC0, 0x00, 0x00, 0x0F, 0xFF, 0xFF, 0xFF, 0xE0, 0x00, 0x00,
    0x2F, 0xFF, 0xFF, 0xFF, 0xF0, 0x00, 0x00, 0x3F, 0x00, 0x00, 0x0F, 0xF4, 0x00, 0x00, 0x3E, 0x00,
    0x00, 0x0F, 0xFC, 0x00, 0x00, 0xBC, 0x00, 0x00, 0x0B, 0xFC, 0x00, 0x00, 0xFC, 0x00, 0x00, 0x03,
    0xFE, 0x00, 0x01, 0xF8, 0x00, 0x00, 0x02, 0xFF, 0x00, 0x03, 0xF0, 0x00, 0x00, 0x00, 0xFF, 0x00,
    0x03, 0xF0, 0x00, 0x00, 0x00, 0xFF, 0x80, 0x0B, 0xF0, 0x00, 0x00, 0x00, 0xFF, 0xD0, 0xFF, 0xFF,
    0x80, 0x00, 0x1F, 0xFF, 0xFE, 0xFF, 0xFF, 0x80, 0x00, 0x1F, 0xFF, 0xFE, 0x00, 0x00, 0x00, 0x00,
    0x00, 0x00, 0x00, 0x00, 0x00, 0x00, 0x00, 0xFC, 0x00, 0x00, 0x00, 0x00, 0x00, 0x03, 0xFE, 0x00,
    0x00, 0x00, 0x00, 0x00, 0x0F, 0xFE, 0x00, 0x00, 0x00, 0x00, 0x00, 0x3F, 0xF8, 0x00, 0x00, 0x00,
    0x00, 0x00, 0xBF, 0xC0, 0x00, 0x00, 0x00, 0x00, 0x02, 0xFE, 0x00, 0x00, 0x00, 0x00, 0x00, 0x0B,
    0xE0, 0x00, 0x00, 0x00, 0x00, 0x00, 0x00, 0x00, 0x00, 0x00, 0x00, 0x00, 0x00, 0x00, 0x00, 0x00,
    0x00, 0x00, 0x00, 0x00, 0x00, 0x54, 0x00, 0x00, 0x00, 0x00, 0x00, 0x00, 0xFE, 0x00, 0x00, 0x00,
    0x00, 0x00, 0x02, 0xFF, 0x00, 0x00, 0x00, 0x00, 0x00, 0x03, 0xFF, 0x40, 0x00, 0x00, 0x00, 0x00,
    0x07, 0xFF, 0xC0, 0x00, 0x00, 0x00, 0x00, 0x0F, 0xFF, 0xC0, 0x00, 0x00, 0x00, 0x00, 0x0F, 0xFF,
    0xE0, 0x00, 0x00, 0x00, 0x00, 0x2F, 0xAF, 0xF0, 0x00, 0x00, 0x00, 0x00, 0x3F, 0x0F, 0xF0, 0x00,
    0x00, 0x00, 0x00, 0x3E, 0x0F, 0xF8, 0x00, 0x00, 0x00, 0x00, 0xBC, 0x0B, 0xFC, 0x00, 0x00, 0x00,
    0x00, 0xFC, 0x03, 0xFD, 0x00, 0x00, 0x00, 0x00, 0xF8, 0x03, 0xFF, 0x00, 0x00, 0x00, 0x02, 0xF0,
    0x02, 0xFF, 0x00, 0x00, 0x00, 0x03, 0xF0, 0x00, 0xFF, 0x80, 0x00, 0x00, 0x0B, 0xE0, 0x00, 0xBF,
    0xC0, 0x00, 0x00, 0x0F, 0xE0, 0x00, 0xBF, 0xC0, 0x00, 0x00, 0x0F, 0xFF, 0xFF, 0xFF, 0xE0, 0x00,
    0x00, 0x2F, 0xFF, 0xFF, 0xFF, 0xF0, 0x00, 0x00, 0x3F, 0x00, 0x00, 0x0F, 0xF4, 0x00, 0x00, 0x3E,
    0x00, 0x00, 0x0F, 0xFC, 0x00, 0x00, 0xBC, 0x00, 0x00, 0x0B, 0xFC, 0x00, 0x00, 0xFC, 0x00, 0x00,
    0x03, 0xFE, 0x00, 0x01, 0xF8, 0x00, 0x00, 0x02, 0xFF, 0x00, 0x03, 0xF0, 0x00, 0x00, 0x00, 0xFF,
    0x00, 0x03, 0xF0, 0x00, 0x00, 0x00, 0xFF, 0x80, 0x0B, 0xF0, 0x00, 0x00, 0x00, 0xFF, 0xD0, 0xFF,
    0xFF, 0x80, 0x00, 0x1F, 0xFF, 0xFE, 0xFF, 0xFF, 0x80, 0x00, 0x1F, 0xFF, 0xFE, 0x00, 0x00, 0x00,
    0xFE, 0x00, 0x00, 0x00, 0x00, 0x00, 0x03, 0xFF, 0x00, 0x00, 0x00, 0x00, 0x00, 0x0B, 0xFF, 0xC0,
    0x00, 0x00, 0x00, 0x00, 0x1F, 0xEF, 0xE0, 0x00, 0x00, 0x00, 0x00, 0x3F, 0x83, 0xF8, 0x00, 0x00,
    0x00, 0x00, 0xFE, 0x00, 0xFC, 0x00, 0x00, 0x00, 0x02, 0xF8, 0x00, 0x3F, 0x00, 0x00, 0x00, 0x00,
    0x00, 0x00, 0x00, 0x00, 0x00, 0x00, 0x00, 0x00, 0x00, 0x00, 0x00, 0x00, 0x00, 0x00, 0x00, 0x54,
    0x00, 0x00, 0x00, 0x00, 0x00, 0x00, 0xFE, 0x00, 0x00, 0x00, 0x00, 0x00, 0x02, 0xFF, 0x00, 0x00,
    0x00, 0x00, 0x00, 0x03, 0xFF, 0x40, 0x00, 0x00, 0x00, 0x00, 0x07, 0xFF, 0xC0, 0x00, 0x00, 0x00,
    0x00, 0x0F, 0xFF, 0xC0, 0x00, 0x00, 0x00, 0x00, 0x0F, 0xFF, 0xE0, 0x00, 0x00, 0x00, 0x00, 0x2F,
    0xAF, 0xF0, 0x00, 0x00, 0x00, 0x00, 0x3F, 0x0F, 0xF0, 0x00, 0x00, 0x00, 0x00, 0x3E, 0x0F, 0xF8,
    0x00, 0x00, 0x00, 0x00, 0xBC, 0x0B, 0xFC, 0x00, 0x00, 0x00, 0x00, 0xFC, 0x03, 0xFD, 0x00, 0x00,
    0x00, 0x00, 0xF8, 0x03, 0xFF, 0x00, 0x00, 0x00, 0x02, 0xF0, 0x02, 0xFF, 0x00, 0x00, 0x00, 0x03,
    0xF0, 0x00, 0xFF, 0x80, 0x00, 0x00, 0x0B, 0xE0, 0x00, 0xBF, 0xC0, 0x00, 0x00, 0x0F, 0xE0, 0x00,
    0xBF, 0xC0, 0x00, 0x00, 0x0F, 0xFF, 0xFF, 0xFF, 0xE0, 0x00, 0x00, 0x2F, 0xFF, 0xFF, 0xFF, 0xF0,
    0x00, 0x00, 0x3F, 0x00, 0x00, 0x0F, 0xF4, 0x00, 0x00, 0x3E, 0x00, 0x00, 0x0F, 0xFC, 0x00, 0x00,
    0xBC, 0x00, 0x00, 0x0B, 0xFC, 0x00, 0x00, 0xFC, 0x00, 0x00, 0x03, 0xFE, 0x00, 0x01, 0xF8, 0x00,
    0x00, 0x02, 0xFF, 0x00, 0x03, 0xF0, 0x00, 0x00, 0x00, 0xFF, 0x00, 0x03, 0xF0, 0x00, 0x00, 0x00,
    0xFF, 0x80, 0x0B, 0xF0, 0x00, 0x00, 0x00, 0xFF, 0xD0, 0xFF, 0xFF, 0x80, 0x00, 0x1F, 0xFF, 0xFE,
    0xFF, 0xFF, 0x80, 0x00, 0x1F, 0xFF, 0xFE, 0x00, 0x00, 0x0A, 0x80, 0x02, 0x80, 0x00, 0x00, 0x00,
    0xBF, 0xF8, 0x0B, 0x80, 0x00, 0x00, 0x02, 0xFF, 0xFF, 0xFF, 0x00, 0x00, 0x00, 0x03, 0xC0, 0xBF,
    0xFC, 0x00, 0x00, 0x00, 0x07, 0x80, 0x0B, 0xE0, 0x00, 0x00, 0x00, 0x00, 0x00, 0x00, 0x00, 0x00,
    0x00, 0x00, 0x00, 0x00, 0x00, 0x00, 0x00, 0x00, 0x00, 0x00, 0x00, 0x00, 0x00, 0x00, 0x00, 0x00,
    0x00, 0x00, 0x54, 0x00, 0x00, 0x00, 0x00, 0x00, 0x00, 0xFE, 0x00, 0x00, 0x00, 0x00, 0x00, 0x02,
    0xFF, 0x00, 0x00, 0x00, 0x00, 0x00, 0x03, 0xFF, 0x40, 0x00, 0x00, 0x00, 0x00, 0x07, 0xFF, 0xC0,
    0x00, 0x00, 0x00, 0x00, 0x0F, 0xFF, 0xC0, 0x00, 0x00, 0x00, 0x00, 0x0F, 0xFF, 0xE0, 0x00, 0x00,
    0x00, 0x00, 0x2F, 0xAF, 0xF0, 0x00, 0x00, 0x00, 0x00, 0x3F, 0x0F, 0xF0, 0x00, 0x00, 0x00, 0x00,
    0x3E, 0x0F, 0xF8, 0x00, 0x00, 0x00, 0x00, 0xBC, 0x0B, 0xFC, 0x00, 0x00, 0x00, 0x00, 0xFC, 0x03,
    0xFD, 0x00, 0x00, 0x00, 0x00, 0xF8, 0x03, 0xFF, 0x00, 0x00, 0x00, 0x02, 0xF0, 0x02, 0xFF, 0x00,
    0x00, 0x00, 0x03, 0xF0, 0x00, 0xFF, 0x80, 0x00, 0x00, 0x0B, 0xE0, 0x00, 0xBF, 0xC0, 0x00, 0x00,
    0x0F, 0xE0, 0x00, 0xBF, 0xC0, 0x00, 0x00, 0x0F, 0xFF, 0xFF, 0xFF, 0xE0, 0x00, 0x00, 0x2F, 0xFF,
    0xFF, 0xFF, 0xF0, 0x00, 0x00, 0x3F, 0x00, 0x00, 0x0F, 0xF4, 0x00, 0x00, 0x3E, 0x00, 0x00, 0x0F,
    0xFC, 0x00, 0x00, 0xBC, 0x00, 0x00, 0x0B, 0xFC, 0x00, 0x00, 0xFC, 0x00, 0x00, 0x03, 0xFE, 0x00,
    0x01, 0xF8, 0x00, 0x00, 0x02, 0xFF, 0x00, 0x03, 0xF0, 0x00, 0x00, 0x00, 0xFF, 0x00, 0x03, 0xF0,
    0x00, 0x00, 0x00, 0xFF, 0x80, 0x0B, 0xF0, 0x00, 0x00, 0x00, 0xFF, 0xD0, 0xFF, 0xFF, 0x80, 0x00,
    0x1F, 0xFF, 0xFE, 0xFF, 0xFF, 0x80, 0x00, 0x1F, 0xFF, 0xFE, 0x00, 0x00, 0xA8, 0x00, 0x28, 0x00,
    0x00, 0x00, 0x02, 0xFE, 0x00, 0xFF, 0x00, 0x00, 0x00, 0x03, 0xFE, 0x00, 0xFF, 0x00, 0x00, 0x00,
    0x02, 0xFE, 0x00, 0xFF, 0x00, 0x00, 0x00, 0x00, 0xB8, 0x00, 0x7C, 0x00, 0x00, 0x00, 0x00, 0x00,
    0x00, 0x00, 0x00, 0x00, 0x00, 0x00, 0x00, 0x00, 0x00, 0x00, 0x00, 0x00, 0x00, 0x00, 0x00, 0x00,
    0x00, 0x00, 0x00, 0x00, 0x00, 0x54, 0x00, 0x00, 0x00, 0x00, 0x00, 0x00, 0xFE, 0x00, 0x00, 0x00,
    0x00, 0x00, 0x02, 0xFF, 0x00, 0x00, 0x00, 0x00, 0x00, 0x03, 0xFF, 0x40, 0x00, 0x00, 0x00, 0x00,
    0x07, 0xFF, 0xC0, 0x00, 0x00, 0x00, 0x00, 0x0F, 0xFF, 0xC0, 0x00, 0x00, 0x00, 0x00, 0x0F, 0xFF,
    0xE0, 0x00, 0x00, 0x00, 0x00, 0x2F, 0xAF, 0xF0, 0x00, 0x00, 0x00, 0x00, 0x3F, 0x0F, 0xF0, 0x00,
    0x00, 0x00, 0x00, 0x3E, 0x0F, 0xF8, 0x00, 0x00, 0x00, 0x00, 0xBC, 0x0B, 0xFC, 0x00, 0x00, 0x00,
    0x00, 0xFC, 0x03, 0xFD, 0x00, 0x00, 0x00, 0x00, 0xF8, 0x03, 0xFF, 0x00, 0x00, 0x00, 0x02, 0xF0,
    0x02, 0xFF, 0x00, 0x00, 0x00, 0x03, 0xF0, 0x00, 0xFF, 0x80, 0x00, 0x00, 0x0B, 0xE0, 0x00, 0xBF,
    0xC0, 0x00, 0x00, 0x0F, 0xE0, 0x00, 0xBF, 0xC0, 0x00, 0x00, 0x0F, 0xFF, 0xFF, 0xFF, 0xE0, 0x00,
    0x00, 0x2F, 0xFF, 0xFF, 0xFF, 0xF0, 0x00, 0x00, 0x3F, 0x00, 0x00, 0x0F, 0xF4, 0x00, 0x00, 0x3E,
    0x00, 0x00, 0x0F, 0xFC, 0x00, 0x00, 0xBC, 0x00, 0x00, 0x0B, 0xFC, 0x00, 0x00, 0xFC, 0x00, 0x00,
    0x03, 0xFE, 0x00, 0x01, 0xF8, 0x00, 0x00, 0x02, 0xFF, 0x00, 0x03, 0xF0, 0x00, 0x00, 0x00, 0xFF,
    0x00, 0x03, 0xF0, 0x00, 0x00, 0x00, 0xFF, 0x80, 0x0B, 0xF0, 0x00, 0x00, 0x00, 0xFF, 0xD0, 0xFF,
    0xFF, 0x80, 0x00, 0x1F, 0xFF, 0xFE, 0xFF, 0xFF, 0x80, 0x00, 0x1F, 0xFF, 0xFE, 0x00, 0x00, 0x00,
    0xA8, 0x00, 0x00, 0x00, 0x00, 0x00, 0x0B, 0xFF, 0x80, 0x00, 0x00, 0x00, 0x00, 0x0F, 0xEF, 0xE0,
    0x00, 0x00, 0x00, 0x00, 0x3E, 0x02, 0xF0, 0x00, 0x00, 0x00, 0x00, 0x3C, 0x00, 0xF8, 0x00, 0x00,
    0x00, 0x00, 0x3C, 0x00, 0xB8, 0x00, 0x00, 0x00, 0x00, 0x3C, 0x00, 0xF8, 0x00, 0x00, 0x00, 0x00,
    0x3F, 0x02, 0xF0, 0x00, 0x00, 0x00, 0x00, 0x0F, 0xFF, 0xE0, 0x00, 0x00, 0x00, 0x00, 0x03, 0xFF,
    0x80, 0x00, 0x00, 0x00, 0x00, 0x00, 0x00, 0x00, 0x00, 0x00, 0x00, 0x00, 0x00, 0x00, 0x00, 0x00,
    0x00, 0x00, 0x00, 0x00, 0x54, 0x00, 0x00, 0x00, 0x00, 0x00, 0x00, 0xFE, 0x00, 0x00, 0x00, 0x00,
    0x00, 0x02, 0xFF, 0x00, 0x00, 0x00, 0x00, 0x00, 0x03, 0xFF, 0x40, 0x00, 0x00, 0x00, 0x00, 0x07,
    0xFF, 0xC0, 0x00, 0x00, 0x00, 0x00, 0x0F, 0xFF, 0xC0, 0x00, 0x00, 0x00, 0x00, 0x0F, 0xFF, 0xE0,
    0x00, 0x00, 0x00, 0x00, 0x2F, 0xAF, 0xF0, 0x00, 0x00, 0x00, 0x00, 0x3F, 0x0F, 0xF0, 0x00, 0x00,
    0x00, 0x00, 0x3E, 0x0F, 0xF8, 0x00, 0x00, 0x00, 0x00, 0xBC, 0x0B, 0xFC, 0x00, 0x00, 0x00, 0x00,
    0xFC, 0x03, 0xFD, 0x00, 0x00, 0x00, 0x00, 0xF8, 0x03, 0xFF, 0x00, 0x00, 0x00, 0x02, 0xF0, 0x02,
    0xFF, 0x00, 0x00, 0x00, 0x03, 0xF0, 0x00, 0xFF, 0x80, 0x00, 0x00, 0x0B, 0xE0, 0x00, 0xBF, 0xC0,
    0x00, 0x00, 0x0F, 0xE0, 0x00, 0xBF, 0xC0, 0x00, 0x00, 0x0F, 0xFF, 0xFF, 0xFF, 0xE0, 0x00, 0x00,
    0x2F, 0xFF, 0xFF, 0xFF, 0xF0, 0x00, 0x00, 0x3F, 0x00, 0x00, 0x0F, 0xF4, 0x00, 0x00, 0x3E, 0x00,
    0x00, 0x0F, 0xFC, 0x00, 0x00, 0xBC, 0x00, 0x00, 0x0B, 0xFC, 0x00, 0x00, 0xFC, 0x00, 0x00, 0x03,
    0xFE, 0x00, 0x01, 0xF8, 0x00, 0x00, 0x02, 0xFF, 0x00, 0x03, 0xF0, 0x00, 0x00, 0x00, 0xFF, 0x00,
    0x03, 0xF0, 0x00, 0x00, 0x00, 0xFF, 0x80, 0x0B, 0xF0, 0x00, 0x00, 0x00, 0xFF, 0xD0, 0xFF, 0xFF,
    0x80, 0x00, 0x1F, 0xFF, 0xFE, 0xFF, 0xFF, 0x80, 0x00, 0x1F, 0xFF, 0xFE, 0x00, 0x00, 0x00, 0x0A,
    0xAA, 0xAA, 0xAA, 0xAA, 0xA9, 0x00, 0x00, 0x00, 0x00, 0x0F, 0xFF, 0xFF, 0xFF, 0xFF, 0xFE, 0x00,
    0x00, 0x00, 0x00, 0x01, 0xFF, 0xFF, 0x55, 0x55, 0xFE, 0x00, 0x00, 0x00, 0x00, 0x00, 0xFE, 0xFF,
    0x00, 0x00, 0xBE, 0x00, 0x00, 0x00, 0x00, 0x02, 0xF8, 0xFF, 0x00, 0x00, 0x3E, 0x00, 0x00, 0x00,
    0x00, 0x03, 0xF0, 0xFF, 0x00, 0x00, 0x3E, 0x00, 0x00, 0x00, 0x00, 0x0F, 0xC0, 0xFF, 0x00, 0x00,
    0x28, 0x00, 0x00, 0x00, 0x00, 0x2F, 0x80, 0xFF, 0x00, 0x00, 0x00, 0x00, 0x00, 0x00, 0x00, 0x3F,
    0x00, 0xFF, 0x00, 0x00, 0x00, 0x00, 0x00, 0x00, 0x00, 0xFC, 0x00, 0xFF, 0x00, 0x0F, 0x00, 0x00,
    0x00, 0x00, 0x01, 0xF8, 0x00, 0xFF, 0x00, 0x0F, 0x00, 0x00, 0x00, 0x00, 0x03, 0xF0, 0x00, 0xFF,
    0x00, 0x0F, 0x00, 0x00, 0x00, 0x00, 0x0B, 0xE0, 0x00, 0xFF, 0xAA, 0xBF, 0x00, 0x00, 0x00, 0x00,
    0x0F, 0xC0, 0x00, 0xFF, 0xFF, 0xFF, 0x00, 0x00, 0x00, 0x00, 0x3F, 0x00, 0x00, 0xFF, 0xAA, 0xBF,
    0x00, 0x00, 0x00, 0x00, 0xBF, 0xAA, 0xAA, 0xFF, 0x00, 0x0F, 0x00, 0x00, 0x00, 0x00, 0xFF, 0xFF,
    0xFF, 0xFF, 0x00, 0x0F, 0x00, 0x00, 0x00, 0x02, 0xFE, 0xAA, 0xAB, 0xFF, 0x00, 0x0F, 0x00, 0x00,
    0x00, 0x03, 0xF0, 0x00, 0x00, 0xFF, 0x00, 0x00, 0x00, 0x00, 0x00, 0x0F, 0xC0, 0x00, 0x00, 0xFF,
    0x00, 0x00, 0x00, 0x00, 0x00, 0x2F, 0x80, 0x00, 0x00, 0xFF, 0x00, 0x00, 0x00, 0x00, 0x00, 0x3F,
    0x00, 0x00, 0x00, 0xFF, 0x00, 0x00, 0x0B, 0xC0, 0x00, 0xFD, 0x00, 0x00, 0x00, 0xFF, 0x00, 0x00,
    0x0B, 0xC0, 0x01, 0xFC, 0x00, 0x00, 0x00, 0xFF, 0x00, 0x00, 0x0F, 0xC0, 0x03, 0xF0, 0x00, 0x00,
    0x00, 0xFF, 0x00, 0x00, 0x0F, 0xC0, 0x0B, 0xF0, 0x00, 0x00, 0x03, 0xFF, 0x00, 0x00, 0x2F, 0xC0,
    0xFF, 0xFF, 0x00, 0x00, 0xBF, 0xFF, 0xFF, 0xFF, 0xFF, 0xC0, 0xFF, 0xFF, 0x00, 0x00, 0xBF, 0xFF,
    0xFF, 0xFF, 0xFF, 0xC0, 0x00, 0x00, 0x00, 0x05, 0x00, 0x00, 0x00, 0x00, 0x2F, 0xFF, 0xFF, 0x80,
    0x00, 0x02, 0xFF, 0xFF, 0xFF, 0xFC, 0x00, 0x0F, 0xFF, 0x80, 0x2F, 0xFC, 0x00, 0x7F, 0xF0, 0x00,
    0x02, 0xFC, 0x00, 0xFF, 0xC0, 0x00, 0x00, 0xFC, 0x03, 0xFF, 0x00, 0x00, 0x00, 0xFC, 0x0B, 0xFC,
    0x00, 0x00, 0x00, 0xBC, 0x0F, 0xF8, 0x00, 0x00, 0x00, 0x7C, 0x2F, 0xF4, 0x00, 0x00, 0x00, 0x00,
    0x3F, 0xF0, 0x00, 0x00, 0x00, 0x00, 0x3F, 0xE0, 0x00, 0x00, 0x00, 0x00, 0x3F, 0xE0, 0x00, 0x00,
    0x00, 0x00, 0x7F, 0xE0, 0x00, 0x00, 0x00, 0x00, 0xBF, 0xE0, 0x00, 0x00, 0x00, 0x00, 0xBF, 0xE0,
    0x00, 0x00, 0x00, 0x00, 0x3F, 0xE0, 0x00, 0x00, 0x00, 0x00, 0x3F, 0xE0, 0x00, 0x00, 0x00, 0x00,
    0x3F, 0xE0, 0x00, 0x00, 0x00, 0x00, 0x3F, 0xF0, 0x00, 0x00, 0x00, 0x00, 0x2F, 0xF0, 0x00, 0x00,
    0x00, 0x00, 0x0F, 0xF8, 0x00, 0x00, 0x00, 0x7C, 0x0B, 0xFC, 0x00, 0x00, 0x00, 0xBC, 0x03, 0xFF,
    0x00, 0x00, 0x00, 0xFC, 0x00, 0xFF, 0xC0, 0x00, 0x00, 0xFC, 0x00, 0xBF, 0xF0, 0x00, 0x00, 0xFC,
    0x00, 0x0F, 0xFE, 0x00, 0x07, 0xFC, 0x00, 0x02, 0xFF, 0xFF, 0xFF, 0xFC, 0x00, 0x00, 0x2F, 0xFF,
    0xFF, 0xE0, 0x00, 0x00, 0x00, 0xBE, 0x80, 0x00, 0x00, 0x00, 0x00, 0x38, 0x00, 0x00, 0x00, 0x00,
    0x00, 0x3F, 0x80, 0x00, 0x00, 0x00, 0x00, 0x3F, 0xF0, 0x00, 0x00, 0x00, 0x00, 0x1B, 0xF0, 0x00,
    0x00, 0x00, 0x00, 0x02, 0xF4, 0x00, 0x00, 0x00, 0x00, 0x03, 0xF0, 0x00, 0x00, 0x00, 0x0B, 0xBF,
    0xE0, 0x00, 0x00, 0x00, 0x0B, 0xFF, 0x80, 0x00, 0x00, 0x00, 0x00, 0x00, 0x00, 0x00, 0x00, 0x00,
    0x00, 0x00, 0x00, 0x00, 0x00, 0x2F, 0xC0, 0x00, 0x00, 0x00, 0x00, 0x3F, 0xF0, 0x00, 0x00, 0x00,
    0x00, 0x3F, 0xF8, 0x00, 0x00, 0x00, 0x00, 0x0B, 0xFE, 0x00, 0x00, 0x00, 0x00, 0x01, 0xFF, 0x40,
    0x00, 0x00, 0x00, 0x00, 0x2F, 0xC0, 0x00, 0x00, 0x00, 0x00, 0x03, 0xF0, 0x00, 0x00, 0x00, 0x00,
    0x00, 0x00, 0x00, 0x00, 0x00, 0x00, 0x00, 0x00, 0x00, 0x00, 0x00, 0x00, 0x00, 0x00, 0x00, 0x00,
    0xAA, 0xAA, 0xAA, 0xAA, 0xAA, 0x00, 0xBF, 0xFF, 0xFF, 0xFF, 0xFF, 0x00, 0x0B, 0xFF, 0x55, 0x55,
    0xBF, 0x00, 0x02, 0xFE, 0x00, 0x00, 0x3F, 0x00, 0x02, 0xFE, 0x00, 0x00, 0x2F, 0x00, 0x02, 0xFE,
    0x00, 0x00, 0x2F, 0x00, 0x02, 0xFE, 0x00, 0x00, 0x0A, 0x00, 0x02, 0xFE, 0x00, 0x00, 0x00, 0x00,
    0x02, 0xFE, 0x00, 0x00, 0x00, 0x00, 0x02, 0xFE, 0x00, 0x03, 0xC0, 0x00, 0x02, 0xFE, 0x00, 0x0B,
    0xC0, 0x00, 0x02, 0xFE, 0x00, 0x0B, 0xC0, 0x00, 0x02, 0xFF, 0xAA, 0xAF, 0xC0, 0x00, 0x02, 0xFF,
    0xFF, 0xFF, 0xC0, 0x00, 0x02, 0xFF, 0xAA, 0xAF, 0xC0, 0x00, 0x02, 0xFE, 0x00, 0x0B, 0xC0, 0x00,
    0x02, 0xFE, 0x00, 0x0B, 0xC0, 0x00, 0x02, 0xFE, 0x00, 0x03, 0xC0, 0x00, 0x02, 0xFE, 0x00, 0x00,
    0x00, 0x00, 0x02, 0xFE, 0x00, 0x00, 0x00, 0x00, 0x02, 0xFE, 0x00, 0x00, 0x00, 0x00, 0x02, 0xFE,
    0x00, 0x00, 0x03, 0xE0, 0x02, 0xFE, 0x00, 0x00, 0x03, 0xE0, 0x02, 0xFE, 0x00, 0x00, 0x03, 0xE0,
    0x02, 0xFE, 0x00, 0x00, 0x03, 0xE0, 0x03, 0xFE, 0x00, 0x00, 0x0F, 0xE0, 0xBF, 0xFF, 0xFF, 0xFF,
    0xFF, 0xE0, 0xBF, 0xFF, 0xFF, 0xFF, 0xFF, 0xE0, 0x00, 0x00, 0x00, 0x00, 0x00, 0x00, 0x00, 0x00,
    0x00, 0x3F, 0x80, 0x00, 0x00, 0x00, 0x00, 0xFF, 0xC0, 0x00, 0x00, 0x00, 0x02, 0xFF, 0x80, 0x00,
    0x00, 0x00, 0x0B, 0xFE, 0x00, 0x00, 0x00, 0x00, 0x2F, 0xF0, 0x00, 0x00, 0x00, 0x00, 0x3F, 0x80,
    0x00, 0x00, 0x00, 0x00, 0xFC, 0x00, 0x00, 0x00, 0x00, 0x00, 0x00, 0x00, 0x00, 0x00, 0x00, 0x00,
    0x00, 0x00, 0x00, 0x00, 0x00, 0x00, 0x00, 0x00, 0x00, 0x00, 0xAA, 0xAA, 0xAA, 0xAA, 0xAA, 0x00,
    0xBF, 0xFF, 0xFF, 0xFF, 0xFF, 0x00, 0x0B, 0xFF, 0x55, 0x55, 0xBF, 0x00, 0x02, 0xFE, 0x00, 0x00,
    0x3F, 0x00, 0x02, 0xFE, 0x00, 0x00, 0x2F, 0x00, 0x02, 0xFE, 0x00, 0x00, 0x2F, 0x00, 0x02, 0xFE,
    0x00, 0x00, 0x0A, 0x00, 0x02, 0xFE, 0x00, 0x00, 0x00, 0x00, 0x02, 0xFE, 0x00, 0x00, 0x00, 0x00,
    0x02, 0xFE, 0x00, 0x03, 0xC0, 0x00, 0x02, 0xFE, 0x00, 0x0B, 0xC0, 0x00, 0x02, 0xFE, 0x00, 0x0B,
    0xC0, 0x00, 0x02, 0xFF, 0xAA, 0xAF, 0xC0, 0x00, 0x02, 0xFF, 0xFF, 0xFF, 0xC0, 0x00, 0x02, 0xFF,
    0xAA, 0xAF, 0xC0, 0x00, 0x02, 0xFE, 0x00, 0x0B, 0xC0, 0x00, 0x02, 0xFE, 0x00, 0x0B, 0xC0, 0x00,
    0x02, 0xFE, 0x00, 0x03, 0xC0, 0x00, 0x02, 0xFE, 0x00, 0x00, 0x00, 0x00, 0x02, 0xFE, 0x00, 0x00,
    0x00, 0x00, 0x02, 0xFE, 0x00, 0x00, 0x00, 0x00, 0x02, 0xFE, 0x00, 0x00, 0x03, 0xE0, 0x02, 0xFE,
    0x00, 0x00, 0x03, 0xE0, 0x02, 0xFE, 0x00, 0x00, 0x03, 0xE0, 0x02, 0xFE, 0x00, 0x00, 0x03, 0xE0,
    0x03, 0xFE, 0x00, 0x00, 0x0F, 0xE0, 0xBF, 0xFF, 0xFF, 0xFF, 0xFF, 0xE0, 0xBF, 0xFF, 0xFF, 0xFF,
    0xFF, 0xE0, 0x00, 0x00, 0x2F, 0x80, 0x00, 0x00, 0x00, 0x00, 0xBF, 0xE0, 0x00, 0x00, 0x00, 0x01,
    0xFF, 0xF0, 0x00, 0x00, 0x00, 0x03, 0xFF, 0xFC, 0x00, 0x00, 0x00, 0x0F, 0xF0, 0xFF, 0x00, 0x00,
    0x00, 0x2F, 0x80, 0x3F, 0x80, 0x00, 0x00, 0x7E, 0x00, 0x0F, 0xC0, 0x00, 0x00, 0x00, 0x00, 0x00,
    0x00, 0x00, 0x00, 0x00, 0x00, 0x00, 0x00, 0x00, 0x00, 0x00, 0x00, 0x00, 0x00, 0x00, 0xAA, 0xAA,
    0xAA, 0xAA, 0xAA, 0x00, 0xBF, 0xFF, 0xFF, 0xFF, 0xFF, 0x00, 0x0B, 0xFF, 0x55, 0x55, 0xBF, 0x00,
    0x02, 0xFE, 0x00, 0x00, 0x3F, 0x00, 0x02, 0xFE, 0x00, 0x00, 0x2F, 0x00, 0x02, 0xFE, 0x00, 0x00,
    0x2F, 0x00, 0x02, 0xFE, 0x00, 0x00, 0x0A, 0x00, 0x02, 0xFE, 0x00, 0x00, 0x00, 0x00, 0x02, 0xFE,
    0x00, 0x00, 0x00, 0x00, 0x02, 0xFE, 0x00, 0x03, 0xC0, 0x00, 0x02, 0xFE, 0x00, 0x0B, 0xC0, 0x00,
    0x02, 0xFE, 0x00, 0x0B, 0xC0, 0x00, 0x02, 0xFF, 0xAA, 0xAF, 0xC0, 0x00, 0x02, 0xFF, 0xFF, 0xFF,
    0xC0, 0x00, 0x02, 0xFF, 0xAA, 0xAF, 0xC0, 0x00, 0x02, 0xFE, 0x00, 0x0B, 0xC0, 0x00, 0x02, 0xFE,
    0x00, 0x0B, 0xC0, 0x00, 0x02, 0xFE, 0x00, 0x03, 0xC0, 0x00, 0x02, 0xFE, 0x00, 0x00, 0x00, 0x00,
    0x02, 0xFE, 0x00, 0x00, 0x00, 0x00, 0x02, 0xFE, 0x00, 0x00, 0x00, 0x00, 0x02, 0xFE, 0x00, 0x00,
    0x03, 0xE0, 0x02, 0xFE, 0x00, 0x00, 0x03, 0xE0, 0x02, 0xFE, 0x00, 0x00, 0x03, 0xE0, 0x02, 0xFE,
    0x00, 0x00, 0x03, 0xE0, 0x03, 0xFE, 0x00, 0x00, 0x0F, 0xE0, 0xBF, 0xFF, 0xFF, 0xFF, 0xFF, 0xE0,
    0xBF, 0xFF, 0xFF, 0xFF, 0xFF, 0xE0, 0x00, 0x1A, 0x00, 0x0A, 0x40, 0x00, 0x00, 0x3F, 0xC0, 0x3F,
    0xC0, 0x00, 0x00, 0xBF, 0xC0, 0x3F, 0xE0, 0x00, 0x00, 0x7F, 0xC0, 0x3F, 0xC0, 0x00, 0x00, 0x2F,
    0x00, 0x0F, 0x80, 0x00, 0x00, 0x00, 0x00, 0x00, 0x00, 0x00, 0x00, 0x00, 0x00, 0x00, 0x00, 0x00,
    0x00, 0x00, 0x00, 0x00, 0x00, 0x00, 0x00, 0x00, 0x00, 0x00, 0x00, 0x00, 0xAA, 0xAA, 0xAA, 0xAA,
    0xAA, 0x00, 0xBF, 0xFF, 0xFF, 0xFF, 0xFF, 0x00, 0x0B, 0xFF, 0x55, 0x55, 0xBF, 0x00, 0x02, 0xFE,
    0x00, 0x00, 0x3F, 0x00, 0x02, 0xFE, 0x00, 0x00, 0x2F, 0x00, 0x02, 0xFE, 0x00, 0x00, 0x2F, 0x00,
    0x02, 0xFE, 0x00, 0x00, 0x0A, 0x00, 0x02, 0xFE, 0x00, 0x00, 0x00, 0x00, 0x02, 0xFE, 0x00, 0x00,
    0x00, 0x00, 0x02, 0xFE, 0x00, 0x03, 0xC0, 0x00, 0x02, 0xFE, 0x00, 0x0B, 0xC0, 0x00, 0x02, 0xFE,
    0x00, 0x0B, 0xC0, 0x00, 0x02, 0xFF, 0xAA, 0xAF, 0xC0, 0x00, 0x02, 0xFF, 0xFF, 0xFF, 0xC0, 0x00,
    0x02, 0xFF, 0xAA, 0xAF, 0xC0, 0x00, 0x02, 0xFE, 0x00, 0x0B, 0xC0, 0x00, 0x02, 0xFE, 0x00, 0x0B,
    0xC0, 0x00, 0x02, 0xFE, 0x00, 0x03, 0xC0, 0x00, 0x02, 0xFE, 0x00, 0x00, 0x00, 0x00, 0x02, 0xFE,
    0x00, 0x00, 0x00, 0x00, 0x02, 0xFE, 0x00, 0x00, 0x00, 0x00, 0x02, 0xFE, 0x00, 0x00, 0x03, 0xE0,
    0x02, 0xFE, 0x00, 0x00, 0x03, 0xE0, 0x02, 0xFE, 0x00, 0x00, 0x03, 0xE0, 0x02, 0xFE, 0x00, 0x00,
    0x03, 0xE0, 0x03, 0xFE, 0x00, 0x00, 0x0F, 0xE0, 0xBF, 0xFF, 0xFF, 0xFF, 0xFF, 0xE0, 0xBF, 0xFF,
    0xFF, 0xFF, 0xFF, 0xE0, 0x00, 0x00, 0x00, 0x00, 0x3F, 0x80, 0x00, 0x00, 0x3F, 0xE0, 0x00, 0x00,
    0x3F, 0xF8, 0x00, 0x00, 0x0F, 0xFC, 0x00, 0x00, 0x02, 0xFF, 0x00, 0x00, 0x00, 0x3F, 0xC0, 0x00,
    0x00, 0x0B, 0xF0, 0x00, 0x00, 0x00, 0x00, 0x00, 0x00, 0x00, 0x00, 0x00, 0x00, 0x00, 0x00, 0x00,
    0x2A, 0xAA, 0xAA, 0x00, 0x2F, 0xFF, 0xFF, 0x00, 0x01, 0xFF, 0xE0, 0x00, 0x00, 0xBF, 0xC0, 0x00,
    0x00, 0xBF, 0xC0, 0x00, 0x00, 0xBF, 0xC0, 0x00, 0x00, 0xBF, 0xC0, 0x00, 0x00, 0xBF, 0xC0, 0x00,
    0x00, 0xBF, 0xC0, 0x00, 0x00, 0xBF, 0xC0, 0x00, 0x00, 0xBF, 0xC0, 0x00, 0x00, 0xBF, 0xC0, 0x00,
    0x00, 0xBF, 0xC0, 0x00, 0x00, 0xBF, 0xC0, 0x00, 0x00, 0xBF, 0xC0, 0x00, 0x00, 0xBF, 0xC0, 0x00,
    0x00, 0xBF, 0xC0, 0x00, 0x00, 0xBF, 0xC0, 0x00, 0x00, 0xBF, 0xC0, 0x00, 0x00, 0xBF, 0xC0, 0x00,
    0x00, 0xBF, 0xC0, 0x00, 0x00, 0xBF, 0xC0, 0x00, 0x00, 0xBF, 0xC0, 0x00, 0x00, 0xBF, 0xC0, 0x00,
    0x00, 0xBF, 0xC0, 0x00, 0x00, 0xBF, 0xC0, 0x00, 0x2F, 0xFF, 0xFF, 0x00, 0x2F, 0xFF, 0xFF, 0x00,
    0x00, 0x00, 0x00, 0x00, 0x00, 0xFE, 0x00, 0x03, 0xFE, 0x00, 0x0F, 0xFE, 0x00, 0x3F, 0xF8, 0x00,
    0xBF, 0xC0, 0x02, 0xFE, 0x00, 0x03, 0xF0, 0x00, 0x00, 0x00, 0x00, 0x00, 0x00, 0x00, 0x00, 0x00,
    0x00, 0xAA, 0xAA, 0xA8, 0xBF, 0xFF, 0xFC, 0x07, 0xFF, 0x80, 0x02, 0xFF, 0x00, 0x02, 0xFF, 0x00,
    0x02, 0xFF, 0x00, 0x02, 0xFF, 0x00, 0x02, 0xFF, 0x00, 0x02, 0xFF, 0x00, 0x02, 0xFF, 0x00, 0x02,
    0xFF, 0x00, 0x02, 0xFF, 0x00, 0x02, 0xFF, 0x00, 0x02, 0xFF, 0x00, 0x02, 0xFF, 0x00, 0x02, 0xFF,
    0x00, 0x02, 0xFF, 0x00, 0x02, 0xFF, 0x00, 0x02, 0xFF, 0x00, 0x02, 0xFF, 0x00, 0x02, 0xFF, 0x00,
    0x02, 0xFF, 0x00, 0x02, 0xFF, 0x00, 0x02, 0xFF, 0x00, 0x02, 0xFF, 0x00, 0x02, 0xFF, 0x00, 0xBF,
    0xFF, 0xFC, 0xBF, 0xFF, 0xFC, 0x00, 0x0F, 0xE0, 0x00, 0x00, 0x3F, 0xF4, 0x00, 0x00, 0xBF, 0xFC,
    0x00, 0x00, 0xFE, 0xFF, 0x00, 0x03, 0xF8, 0x3F, 0x80, 0x0F, 0xE0, 0x0F, 0xC0, 0x2F, 0x80, 0x03,
    0xF0, 0x00, 0x00, 0x00, 0x00, 0x00, 0x00, 0x00, 0x00, 0x00, 0x00, 0x00, 0x00, 0x0A, 0xAA, 0xAA,
    0x80, 0x0B, 0xFF, 0xFF, 0xC0, 0x00, 0x7F, 0xF8, 0x00, 0x00, 0x2F, 0xF0, 0x00, 0x00, 0x2F, 0xF0,
    0x00, 0x00, 0x2F, 0xF0, 0x00, 0x00, 0x2F, 0xF0, 0x00, 0x00, 0x2F, 0xF0, 0x00, 0x00, 0x2F, 0xF0,
    0x00, 0x00, 0x2F, 0xF0, 0x00, 0x00, 0x2F, 0xF0, 0x00, 0x00, 0x2F, 0xF0, 0x00, 0x00, 0x2F, 0xF0,
    0x00, 0x00, 0x2F, 0xF0, 0x00, 0x00, 0x2F, 0xF0, 0x00, 0x00, 0x2F, 0xF0, 0x00, 0x00, 0x2F, 0xF0,
    0x00, 0x00, 0x2F, 0xF0, 0x00, 0x00, 0x2F, 0xF0, 0x00, 0x00, 0x2F, 0xF0, 0x00, 0x00, 0x2F, 0xF0,
    0x00, 0x00, 0x2F, 0xF0, 0x00, 0x00, 0x2F, 0xF0, 0x00, 0x00, 0x2F, 0xF0, 0x00, 0x00, 0x2F, 0xF0,
    0x00, 0x00, 0x2F, 0xF0, 0x00, 0x0B, 0xFF, 0xFF, 0xC0, 0x0B, 0xFF, 0xFF, 0xC0, 0x2A, 0x00, 0x0A,
    0x00, 0xBF, 0x80, 0x3F, 0xC0, 0xBF, 0xC0, 0x3F, 0xC0, 0xBF, 0x80, 0x3F, 0xC0, 0x2E, 0x00, 0x0F,
    0x40, 0x00, 0x00, 0x00, 0x00, 0x00, 0x00, 0x00, 0x00, 0x00, 0x00, 0x00, 0x00, 0x00, 0x00, 0x00,
    0x00, 0x2A, 0xAA, 0xAA, 0x00, 0x2F, 0xFF, 0xFF, 0x00, 0x01, 0xFF, 0xE0, 0x00, 0x00, 0xBF, 0xC0,
    0x00, 0x00, 0xBF, 0xC0, 0x00, 0x00, 0xBF, 0xC0, 0x00, 0x00, 0xBF, 0xC0, 0x00, 0x00, 0xBF, 0xC0,
    0x00, 0x00, 0xBF, 0xC0, 0x00, 0x00, 0xBF, 0xC0, 0x00, 0x00, 0xBF, 0xC0, 0x00, 0x00, 0xBF, 0xC0,
    0x00, 0x00, 0xBF, 0xC0, 0x00, 0x00, 0xBF, 0xC0, 0x00, 0x00, 0xBF, 0xC0, 0x00, 0x00, 0xBF, 0xC0,
    0x00, 0x00, 0xBF, 0xC0, 0x00, 0x00, 0xBF, 0xC0, 0x00, 0x00, 0xBF, 0xC0, 0x00, 0x00, 0xBF, 0xC0,
    0x00, 0x00, 0xBF, 0xC0, 0x00, 0x00, 0xBF, 0xC0, 0x00, 0x00, 0xBF, 0xC0, 0x00, 0x00, 0xBF, 0xC0,
    0x00, 0x00, 0xBF, 0xC0, 0x00, 0x00, 0xBF, 0xC0, 0x00, 0x2F, 0xFF, 0xFF, 0x00, 0x2F, 0xFF, 0xFF,
    0x00, 0x2A, 0xAA, 0xAA, 0xAA, 0x00, 0x00, 0x00, 0x2F, 0xFF, 0xFF, 0xFF, 0xF8, 0x00, 0x00, 0x02,
    0xFF, 0xD5, 0xAB, 0xFF, 0xC0, 0x00, 0x00, 0xBF, 0x80, 0x00, 0x3F, 0xF8, 0x00, 0x00, 0xBF, 0x80,
    0x00, 0x0B, 0xFE, 0x00, 0x00, 0xBF, 0x80, 0x00, 0x01, 0xFF, 0x80, 0x00, 0xBF, 0x80, 0x00, 0x00,
    0xBF, 0xC0, 0x00, 0xBF, 0x80, 0x00, 0x00, 0x3F, 0xF0, 0x00, 0xBF, 0x80, 0x00, 0x00, 0x2F, 0xF0,
    0x00, 0xBF, 0x80, 0x00, 0x00, 0x0F, 0xF8, 0x00, 0xBF, 0x80, 0x00, 0x00, 0x0F, 0xF8, 0x00, 0xBF,
    0x80, 0x00, 0x00, 0x0F, 0xFC, 0x2A, 0xFF, 0xEA, 0xA8, 0x00, 0x0F, 0xFC, 0xBF, 0xFF, 0xFF, 0xFC,
    0x00, 0x0F, 0xFC, 0x2A, 0xFF, 0xEA, 0xA8, 0x00, 0x0F, 0xFC, 0x00, 0xBF, 0x80, 0x00, 0x00, 0x0F,
    0xFC, 0x00, 0xBF, 0x80, 0x00, 0x00, 0x0F, 0xFC, 0x00, 0xBF, 0x80, 0x00, 0x00, 0x0F, 0xF8, 0x00,
    0xBF, 0x80, 0x00, 0x00, 0x0F, 0xF8, 0x00, 0xBF, 0x80, 0x00, 0x00, 0x2F, 0xF0, 0x00, 0xBF, 0x80,
    0x00, 0x00, 0x3F, 0xE0, 0x00, 0xBF, 0x80, 0x00, 0x00, 0xBF, 0xC0, 0x00, 0xBF, 0x80, 0x00, 0x00,
    0xFF, 0x80, 0x00, 0xBF, 0x80, 0x00, 0x07, 0xFF, 0x00, 0x00, 0xBF, 0x80, 0x00, 0x2F, 0xFC, 0x00,
    0x00, 0xFF, 0x80, 0x1B, 0xFF, 0xE0, 0x00, 0x2F, 0xFF, 0xFF, 0xFF, 0xFE, 0x00, 0x00, 0x2F, 0xFF,
    0xFF, 0xFE, 0x80, 0x00, 0x00, 0x00, 0x00, 0x02, 0xA0, 0x00, 0xA0, 0x00, 0x00, 0x00, 0x00, 0x2F,
    0xFE, 0x02, 0xE0, 0x00, 0x00, 0x00, 0x00, 0xBF, 0xFF, 0xFF, 0xC0, 0x00, 0x00, 0x00, 0x00, 0xF0,
    0x2F, 0xFF, 0x00, 0x00, 0x00, 0x00, 0x01, 0xE0, 0x02, 0xF8, 0x00, 0x00, 0x00, 0x00, 0x00, 0x00,
    0x00, 0x00, 0x00, 0x00, 0x00, 0x00, 0x00, 0x00, 0x00, 0x00, 0x00, 0x00, 0x00, 0x00, 0x00, 0x00,
    0x00, 0x00, 0x00, 0x00, 0x00, 0x00, 0x00, 0x00, 0x00, 0x00, 0x00, 0x00, 0x00, 0x2A, 0xAA, 0x80,
    0x00, 0x00, 0xAA, 0xAA, 0x00, 0x3F, 0xFF, 0xD0, 0x00, 0x02, 0xFF, 0xFF, 0x80, 0x02, 0xFF, 0xF0,
    0x00, 0x00, 0x0F, 0xF0, 0x00, 0x00, 0xBF, 0xF8, 0x00, 0x00, 0x03, 0xC0, 0x00, 0x00, 0xBF, 0xFD,
    0x00, 0x00, 0x03, 0xC0, 0x00, 0x00, 0xBF, 0xFF, 0x00, 0x00, 0x03, 0xC0, 0x00, 0x00, 0xBC, 0xFF,
    0x80, 0x00, 0x03, 0xC0, 0x00, 0x00, 0xBC, 0xBF, 0xD0, 0x00, 0x03, 0xC0, 0x00, 0x00, 0xBC, 0x3F,
    0xF0, 0x00, 0x03, 0xC0, 0x00, 0x00, 0xBC, 0x0F, 0xF8, 0x00, 0x03, 0xC0, 0x00, 0x00, 0xBC, 0x0B,
    0xFC, 0x00, 0x03, 0xC0, 0x00, 0x00, 0xBC, 0x03, 0xFF, 0x00, 0x03, 0xC0, 0x00, 0x00, 0xBC, 0x00,
    0xFF, 0x80, 0x03, 0xC0, 0x00, 0x00, 0xBC, 0x00, 0xBF, 0xC0, 0x03, 0xC0, 0x00, 0x00, 0xBC, 0x00,
    0x3F, 0xF0, 0x03, 0xC0, 0x00, 0x00, 0xBC, 0x00, 0x0F, 0xF8, 0x03, 0xC0, 0x00, 0x00, 0xBC, 0x00,
    0x0B, 0xFC, 0x03, 0xC0, 0x00, 0x00, 0xBC, 0x00, 0x03, 0xFF, 0x03, 0xC0, 0x00, 0x00, 0xBC, 0x00,
    0x00, 0xFF, 0x83, 0xC0, 0x00, 0x00, 0xBC, 0x00, 0x00, 0xBF, 0xC3, 0xC0, 0x00, 0x00, 0xBC, 0x00,
    0x00, 0x3F, 0xF7, 0xC0, 0x00, 0x00, 0xBC, 0x00, 0x00, 0x0F, 0xFF, 0xC0, 0x00, 0x00, 0xBC, 0x00,
    0x00, 0x0B, 0xFF, 0xC0, 0x00, 0x00, 0xBC, 0x00, 0x00, 0x03, 0xFF, 0xC0, 0x00, 0x00, 0xBC, 0x00,
    0x00, 0x01, 0xFF, 0xC0, 0x00, 0x00, 0xFC, 0x00, 0x00, 0x00, 0xBF, 0xC0, 0x00, 0x3F, 0xFF, 0xF0,
    0x00, 0x00, 0x3F, 0xC0, 0x00, 0x3F, 0xFF, 0xF0, 0x00, 0x00, 0x1F, 0xC0, 0x00, 0x00, 0x00, 0x00,
    0x00, 0x00, 0x00, 0x00, 0x00, 0x00, 0xBF, 0x00, 0x00, 0x00, 0x00, 0x00, 0x00, 0xFF, 0xC0, 0x00,
    0x00, 0x00, 0x00, 0x00, 0xFF, 0xE0, 0x00, 0x00, 0x00, 0x00, 0x00, 0x2F, 0xF8, 0x00, 0x00, 0x00,
    0x00, 0x00, 0x07, 0xFD, 0x00, 0x00, 0x00, 0x00, 0x00, 0x00, 0xBF, 0x00, 0x00, 0x00, 0x00, 0x00,
    0x00, 0x0F, 0xC0, 0x00, 0x00, 0x00, 0x00, 0x00, 0x00, 0x00, 0x00, 0x00, 0x00, 0x00, 0x00, 0x00,
    0x00, 0x00, 0x00, 0x00, 0x00, 0x00, 0x00, 0x00, 0x00, 0x00, 0x00, 0x00, 0x2F, 0xFF, 0xF8, 0x00,
    0x00, 0x00, 0x03, 0xFF, 0xFF, 0xFF, 0xC0, 0x00, 0x00, 0x2F, 0xFE, 0x00, 0xBF, 0xF4, 0x00, 0x00,
    0xBF, 0xE0, 0x00, 0x0B, 0xFE, 0x00, 0x01, 0xFF, 0x80, 0x00, 0x02, 0xFF, 0x00, 0x03, 0xFE, 0x00,
    0x00, 0x00, 0xFF, 0xC0, 0x0B, 0xFC, 0x00, 0x00, 0x00, 0x3F, 0xE0, 0x0F, 0xF8, 0x00, 0x00, 0x00,
    0x3F, 0xF0, 0x2F, 0xF0, 0x00, 0x00, 0x00, 0x0F, 0xF8, 0x3F, 0xF0, 0x00, 0x00, 0x00, 0x0F, 0xFC,
    0x3F, 0xF0, 0x00, 0x00, 0x00, 0x0F, 0xFC, 0x3F, 0xE0, 0x00, 0x00, 0x00, 0x0B, 0xFC, 0x3F, 0xE0,
    0x00, 0x00, 0x00, 0x0B, 0xFC, 0xBF, 0xE0, 0x00, 0x00, 0x00, 0x0B, 0xFD, 0xBF, 0xE0, 0x00, 0x00,
    0x00, 0x0B, 0xFD, 0x7F, 0xE0, 0x00, 0x00, 0x00, 0x0B, 0xFC, 0x3F, 0xE0, 0x00, 0x00, 0x00, 0x0B,
    0xFC, 0x3F, 0xE0, 0x00, 0x00, 0x00, 0x0F, 0xFC, 0x3F, 0xF0, 0x00, 0x00, 0x00, 0x0F, 0xFC, 0x2F,
    0xF0, 0x00, 0x00, 0x00, 0x0F, 0xF8, 0x0F, 0xF8, 0x00, 0x00, 0x00, 0x2F, 0xF0, 0x0F, 0xFC, 0x00,
    0x00, 0x00, 0x3F, 0xE0, 0x03, 0xFE, 0x00, 0x00, 0x00, 0xBF, 0xC0, 0x02, 0xFF, 0x40, 0x00, 0x02,
    0xFF, 0x80, 0x00, 0xBF, 0xC0, 0x00, 0x07, 0xFE, 0x00, 0x00, 0x2F, 0xF8, 0x00, 0x2F, 0xF8, 0x00,
    0x00, 0x07, 0xFF, 0xFF, 0xFF, 0xC0, 0x00, 0x00, 0x00, 0xBF, 0xFF, 0xFE, 0x00, 0x00, 0x00, 0x00,
    0x01, 0xAA, 0x00, 0x00, 0x00, 0x00, 0x00, 0x00, 0x00, 0x00, 0x00, 0x00, 0x00, 0x00, 0x00, 0x00,
    0xFE, 0x00, 0x00, 0x00, 0x00, 0x00, 0x03, 0xFF, 0x00, 0x00, 0x00, 0x00, 0x00, 0x0B, 0xFF, 0x00,
    0x00, 0x00, 0x00, 0x00, 0x2F, 0xF8, 0x00, 0x00, 0x00, 0x00, 0x00, 0xBF, 0xD0, 0x00, 0x00, 0x00,
    0x00, 0x00, 0xFE, 0x00, 0x00, 0x00, 0x00, 0x00, 0x03, 0xF0, 0x00, 0x00, 0x00, 0x00, 0x00, 0x00,
    0x00, 0x00, 0x00, 0x00, 0x00, 0x00, 0x00, 0x00, 0x00, 0x00, 0x00, 0x00, 0x00, 0x00, 0x00, 0x00,
    0x00, 0x00, 0x00, 0x00, 0x2F, 0xFF, 0xF8, 0x00, 0x00, 0x00, 0x03, 0xFF, 0xFF, 0xFF, 0xC0, 0x00,
    0x00, 0x2F, 0xFE, 0x00, 0xBF, 0xF4, 0x00, 0x00, 0xBF, 0xE0, 0x00, 0x0B, 0xFE, 0x00, 0x01, 0xFF,
    0x80, 0x00, 0x02, 0xFF, 0x00, 0x03, 0xFE, 0x00, 0x00, 0x00, 0xFF, 0xC0, 0x0B, 0xFC, 0x00, 0x00,
    0x00, 0x3F, 0xE0, 0x0F, 0xF8, 0x00, 0x00, 0x00, 0x3F, 0xF0, 0x2F, 0xF0, 0x00, 0x00, 0x00, 0x0F,
    0xF8, 0x3F, 0xF0, 0x00, 0x00, 0x00, 0x0F, 0xFC, 0x3F, 0xF0, 0x00, 0x00, 0x00, 0x0F, 0xFC, 0x3F,
    0xE0, 0x00, 0x00, 0x00, 0x0B, 0xFC, 0x3F, 0xE0, 0x00, 0x00, 0x00, 0x0B, 0xFC, 0xBF, 0xE0, 0x00,
    0x00, 0x00, 0x0B, 0xFD, 0xBF, 0xE0, 0x00, 0x00, 0x00, 0x0B, 0xFD, 0x7F, 0xE0, 0x00, 0x00, 0x00,
    0x0B, 0xFC, 0x3F, 0xE0, 0x00, 0x00, 0x00, 0x0B, 0xFC, 0x3F, 0xE0, 0x00, 0x00, 0x00, 0x0F, 0xFC,
    0x3F, 0xF0, 0x00, 0x00, 0x00, 0x0F, 0xFC, 0x2F, 0xF0, 0x00, 0x00, 0x00, 0x0F, 0xF8, 0x0F, 0xF8,
    0x00, 0x00, 0x00, 0x2F, 0xF0, 0x0F, 0xFC, 0x00, 0x00, 0x00, 0x3F, 0xE0, 0x03, 0xFE, 0x00, 0x00,
    0x00, 0xBF, 0xC0, 0x02, 0xFF, 0x40, 0x00, 0x02, 0xFF, 0x80, 0x00, 0xBF, 0xC0, 0x00, 0x07, 0xFE,
    0x00, 0x00, 0x2F, 0xF8, 0x00, 0x2F, 0xF8, 0x00, 0x00, 0x07, 0xFF, 0xFF, 0xFF, 0xC0, 0x00, 0x00,
    0x00, 0xBF, 0xFF, 0xFE, 0x00, 0x00, 0x00, 0x00, 0x01, 0xAA, 0x00, 0x00, 0x00, 0x00, 0x00, 0x00,
    0xBE, 0x00, 0x00, 0x00, 0x00, 0x00, 0x02, 0xFF, 0x80, 0x00, 0x00, 0x00, 0x00, 0x07, 0xFF, 0xC0,
    0x00, 0x00, 0x00, 0x00, 0x0F, 0xFF, 0xF0, 0x00, 0x00, 0x00, 0x00, 0x3F, 0xC3, 0xFC, 0x00, 0x00,
    0x00, 0x00, 0xBF, 0x00, 0xFE, 0x00, 0x00, 0x00, 0x00, 0xF8, 0x00, 0x2F, 0x00, 0x00, 0x00, 0x00,
    0x00, 0x00, 0x00, 0x00, 0x00, 0x00, 0x00, 0x00, 0x00, 0x00, 0x00, 0x00, 0x00, 0x00, 0x00, 0x00,
    0x00, 0x00, 0x00, 0x00, 0x00, 0x2F, 0xFF, 0xF8, 0x00, 0x00, 0x00, 0x03, 0xFF, 0xFF, 0xFF, 0xC0,
    0x00, 0x00, 0x2F, 0xFE, 0x00, 0xBF, 0xF4, 0x00, 0x00, 0xBF, 0xE0, 0x00, 0x0B, 0xFE, 0x00, 0x01,
    0xFF, 0x80, 0x00, 0x02, 0xFF, 0x00, 0x03, 0xFE, 0x00, 0x00, 0x00, 0xFF, 0xC0, 0x0B, 0xFC, 0x00,
    0x00, 0x00, 0x3F, 0xE0, 0x0F, 0xF8, 0x00, 0x00, 0x00, 0x3F, 0xF0, 0x2F, 0xF0, 0x00, 0x00, 0x00,
    0x0F, 0xF8, 0x3F, 0xF0, 0x00, 0x00, 0x00, 0x0F, 0xFC, 0x3F, 0xF0, 0x00, 0x00, 0x00, 0x0F, 0xFC,
    0x3F, 0xE0, 0x00, 0x00, 0x00, 0x0B, 0xFC, 0x3F, 0xE0, 0x00, 0x00, 0x00, 0x0B, 0xFC, 0xBF, 0xE0,
    0x00, 0x00, 0x00, 0x0B, 0xFD, 0xBF, 0xE0, 0x00, 0x00, 0x00, 0x0B, 0xFD, 0x7F, 0xE0, 0x00, 0x00,
    0x00, 0x0B, 0xFC, 0x3F, 0xE0, 0x00, 0x00, 0x00, 0x0B, 0xFC, 0x3F, 0xE0, 0x00, 0x00, 0x00, 0x0F,
    0xFC, 0x3F, 0xF0, 0x00, 0x00, 0x00, 0x0F, 0xFC, 0x2F, 0xF0, 0x00, 0x00, 0x00, 0x0F, 0xF8, 0x0F,
    0xF8, 0x00, 0x00, 0x00, 0x2F, 0xF0, 0x0F, 0xFC, 0x00, 0x00, 0x00, 0x3F, 0xE0, 0x03, 0xFE, 0x00,
    0x00, 0x00, 0xBF, 0xC0, 0x02, 0xFF, 0x40, 0x00, 0x02, 0xFF, 0x80, 0x00, 0xBF, 0xC0, 0x00, 0x07,
    0xFE, 0x00, 0x00, 0x2F, 0xF8, 0x00, 0x2F, 0xF8, 0x00, 0x00, 0x07, 0xFF, 0xFF, 0xFF, 0xC0, 0x00,
    0x00, 0x00, 0xBF, 0xFF, 0xFE, 0x00, 0x00, 0x00, 0x00, 0x01, 0xAA, 0x00, 0x00, 0x00, 0x00, 0x00,
    0x0A, 0x80, 0x02, 0x80, 0x00, 0x00, 0x00, 0xBF, 0xF8, 0x03, 0xC0, 0x00, 0x00, 0x00, 0xFF, 0xFF,
    0xFF, 0x00, 0x00, 0x00, 0x03, 0xE0, 0x7F, 0xFE, 0x00, 0x00, 0x00, 0x03, 0xC0, 0x0B, 0xE4, 0x00,
    0x00, 0x00, 0x00, 0x00, 0x00, 0x00, 0x00, 0x00, 0x00, 0x00, 0x00, 0x00, 0x00, 0x00, 0x00, 0x00,
    0x00, 0x00, 0x00, 0x00, 0x00, 0x00, 0x00, 0x00, 0x00, 0x00, 0x00, 0x00, 0x00, 0x00, 0x00, 0x2F,
    0xFF, 0xF8, 0x00, 0x00, 0x00, 0x03, 0xFF, 0xFF, 0xFF, 0xC0, 0x00, 0x00, 0x2F, 0xFE, 0x00, 0xBF,
    0xF4, 0x00, 0x00, 0xBF, 0xE0, 0x00, 0x0B, 0xFE, 0x00, 0x01, 0xFF, 0x80, 0x00, 0x02, 0xFF, 0x00,
    0x03, 0xFE, 0x00, 0x00, 0x00, 0xFF, 0xC0, 0x0B, 0xFC, 0x00, 0x00, 0x00, 0x3F, 0xE0, 0x0F, 0xF8,
    0x00, 0x00, 0x00, 0x3F, 0xF0, 0x2F, 0xF0, 0x00, 0x00, 0x00, 0x0F, 0xF8, 0x3F, 0xF0, 0x00, 0x00,
    0x00, 0x0F, 0xFC, 0x3F, 0xF0, 0x00, 0x00, 0x00, 0x0F, 0xFC, 0x3F, 0xE0, 0x00, 0x00, 0x00, 0x0B,
    0xFC, 0x3F, 0xE0, 0x00, 0x00, 0x00, 0x0B, 0xFC, 0xBF, 0xE0, 0x00, 0x00, 0x00, 0x0B, 0xFD, 0xBF,
    0xE0, 0x00, 0x00, 0x00, 0x0B, 0xFD, 0x7F, 0xE0, 0x00, 0x00, 0x00, 0x0B, 0xFC, 0x3F, 0xE0, 0x00,
    0x00, 0x00, 0x0B, 0xFC, 0x3F, 0xE0, 0x00, 0x00, 0x00, 0x0F, 0xFC, 0x3F, 0xF0, 0x00, 0x00, 0x00,
    0x0F, 0xFC, 0x2F, 0xF0, 0x00, 0x00, 0x00, 0x0F, 0xF8, 0x0F, 0xF8, 0x00, 0x00, 0x00, 0x2F, 0xF0,
    0x0F, 0xFC, 0x00, 0x00, 0x00, 0x3F, 0xE0, 0x03, 0xFE, 0x00, 0x00, 0x00, 0xBF, 0xC0, 0x02, 0xFF,
    0x40, 0x00, 0x02, 0xFF, 0x80, 0x00, 0xBF, 0xC0, 0x00, 0x07, 0xFE, 0x00, 0x00, 0x2F, 0xF8, 0x00,
    0x2F, 0xF8, 0x00, 0x00, 0x07, 0xFF, 0xFF, 0xFF, 0xC0, 0x00, 0x00, 0x00, 0xBF, 0xFF, 0xFE, 0x00,
    0x00, 0x00, 0x00, 0x01, 0xAA, 0x00, 0x00, 0x00, 0x00, 0x00, 0x68, 0x00, 0x29, 0x00, 0x00, 0x00,
    0x00, 0xFF, 0x00, 0xFF, 0x00, 0x00, 0x00, 0x02, 0xFF, 0x00, 0xFF, 0x80, 0x00, 0x00, 0x01, 0xFF,
    0x00, 0xFF, 0x00, 0x00, 0x00, 0x00, 0xBC, 0x00, 0x3E, 0x00, 0x00, 0x00, 0x00, 0x00, 0x00, 0x00,
    0x00, 0x00, 0x00, 0x00, 0x00, 0x00, 0x00, 0x00, 0x00, 0x00, 0x00, 0x00, 0x00, 0x00, 0x00, 0x00,
    0x00, 0x00, 0x00, 0x00, 0x00, 0x00, 0x00, 0x00, 0x00, 0x2F, 0xFF, 0xF8, 0x00, 0x00, 0x00, 0x03,
    0xFF, 0xFF, 0xFF, 0xC0, 0x00, 0x00, 0x2F, 0xFE, 0x00, 0xBF, 0xF4, 0x00, 0x00, 0xBF, 0xE0, 0x00,
    0x0B, 0xFE, 0x00, 0x01, 0xFF, 0x80, 0x00, 0x02, 0xFF, 0x00, 0x03, 0xFE, 0x00, 0x00, 0x00, 0xFF,
    0xC0, 0x0B, 0xFC, 0x00, 0x00, 0x00, 0x3F, 0xE0, 0x0F, 0xF8, 0x00, 0x00, 0x00, 0x3F, 0xF0, 0x2F,
    0xF0, 0x00, 0x00, 0x00, 0x0F, 0xF8, 0x3F, 0xF0, 0x00, 0x00, 0x00, 0x0F, 0xFC, 0x3F, 0xF0, 0x00,
    0x00, 0x00, 0x0F, 0xFC, 0x3F, 0xE0, 0x00, 0x00, 0x00, 0x0B, 0xFC, 0x3F, 0xE0, 0x00, 0x00, 0x00,
    0x0B, 0xFC, 0xBF, 0xE0, 0x00, 0x00, 0x00, 0x0B, 0xFD, 0xBF, 0xE0, 0x00, 0x00, 0x00, 0x0B, 0xFD,
    0x7F, 0xE0, 0x00, 0x00, 0x00, 0x0B, 0xFC, 0x3F, 0xE0, 0x00, 0x00, 0x00, 0x0B, 0xFC, 0x3F, 0xE0,
    0x00, 0x00, 0x00, 0x0F, 0xFC, 0x3F, 0xF0, 0x00, 0x00, 0x00, 0x0F, 0xFC, 0x2F, 0xF0, 0x00, 0x00,
    0x00, 0x0F, 0xF8, 0x0F, 0xF8, 0x00, 0x00, 0x00, 0x2F, 0xF0, 0x0F, 0xFC, 0x00, 0x00, 0x00, 0x3F,
    0xE0, 0x03, 0xFE, 0x00, 0x00, 0x00, 0xBF, 0xC0, 0x02, 0xFF, 0x40, 0x00, 0x02, 0xFF, 0x80, 0x00,
    0xBF, 0xC0, 0x00, 0x07, 0xFE, 0x00, 0x00, 0x2F, 0xF8, 0x00, 0x2F, 0xF8, 0x00, 0x00, 0x07, 0xFF,
    0xFF, 0xFF, 0xC0, 0x00, 0x00, 0x00, 0xBF, 0xFF, 0xFE, 0x00, 0x00, 0x00, 0x00, 0x01, 0xAA, 0x00,
    0x00, 0x00, 0x00, 0x00, 0x00, 0x00, 0x00, 0x00, 0x3C, 0x00, 0x00, 0x00, 0x00, 0xF0, 0x3F, 0x00,
    0x00, 0x00, 0x03, 0xF0, 0x1F, 0xC0, 0x00, 0x00, 0x0F, 0xD0, 0x07, 0xF0, 0x00, 0x00, 0x3F, 0x40,
    0x01, 0xFC, 0x00, 0x00, 0xFD, 0x00, 0x00, 0x7F, 0x00, 0x03, 0xF4, 0x00, 0x00, 0x1F, 0xC0, 0x0F,
    0xD0, 0x00, 0x00, 0x07, 0xF0, 0x3F, 0x40, 0x00, 0x00, 0x01, 0xFE, 0xFD, 0x00, 0x00, 0x00, 0x00,
    0x7F, 0xF4, 0x00, 0x00, 0x00, 0x00, 0x2F, 0xE0, 0x00, 0x00, 0x00, 0x00, 0x3F, 0xF0, 0x00, 0x00,
    0x00, 0x00, 0xFE, 0xFC, 0x00, 0x00, 0x00, 0x03, 0xF0, 0x3F, 0x00, 0x00, 0x00, 0x0F, 0xC0, 0x0F,
    0xC0, 0x00, 0x00, 0x3F, 0x00, 0x03, 0xF0, 0x00, 0x00, 0xFC, 0x00, 0x00, 0xFC, 0x00, 0x03, 0xF0,
    0x00, 0x00, 0x3F, 0x00, 0x0F, 0xC0, 0x00, 0x00, 0x0F, 0xC0, 0x3F, 0x00, 0x00, 0x00, 0x03, 0xF0,
    0x3D, 0x00, 0x00, 0x00, 0x01, 0xF0, 0x00, 0x00, 0x00, 0x00, 0x00, 0x00, 0x00, 0x00, 0x00, 0x00,
    0x00, 0x0C, 0x00, 0x00, 0x00, 0x00, 0x00, 0x00, 0x2F, 0x00, 0x00, 0x00, 0x00, 0x00, 0x00, 0x3F,
    0x00, 0x00, 0x00, 0x2F, 0xFF, 0xF8, 0xBC, 0x00, 0x00, 0x03, 0xFF, 0xFF, 0xFF, 0xF8, 0x00, 0x00,
    0x2F, 0xFE, 0x00, 0xBF, 0xF8, 0x00, 0x00, 0xBF, 0xE0, 0x00, 0x0F, 0xFD, 0x00, 0x01, 0xFF, 0x80,
    0x00, 0x0F, 0xFF, 0x00, 0x03, 0xFE, 0x00, 0x00, 0x2F, 0xFF, 0xC0, 0x0B, 0xFC, 0x00, 0x00, 0x3E,
    0x3F, 0xE0, 0x0F, 0xF8, 0x00, 0x00, 0xFC, 0x2F, 0xF0, 0x2F, 0xF0, 0x00, 0x02, 0xF8, 0x0F, 0xF8,
    0x3F, 0xF0, 0x00, 0x03, 0xF0, 0x0F, 0xFC, 0x3F, 0xF0, 0x00, 0x0B, 0xC0, 0x0F, 0xFC, 0x3F, 0xE0,
    0x00, 0x0F, 0x80, 0x0B, 0xFC, 0x3F, 0xE0, 0x00, 0x3F, 0x00, 0x0B, 0xFC, 0xBF, 0xE0, 0x00, 0x7E,
    0x00, 0x0B, 0xFD, 0xBF, 0xE0, 0x00, 0xFC, 0x00, 0x0B, 0xFE, 0x3F, 0xE0, 0x02, 0xF0, 0x00, 0x0B,
    0xFC, 0x3F, 0xE0, 0x03, 0xF0, 0x00, 0x0B, 0xFC, 0x3F, 0xE0, 0x0F, 0xC0, 0x00, 0x0F, 0xFC, 0x3F,
    0xF0, 0x0F, 0x80, 0x00, 0x0F, 0xFC, 0x2F, 0xF0, 0x3F, 0x00, 0x00, 0x0F, 0xF8, 0x0F, 0xF8, 0xBD,
    0x00, 0x00, 0x2F, 0xF0, 0x0F, 0xFC, 0xFC, 0x00, 0x00, 0x3F, 0xE0, 0x03, 0xFF, 0xF0, 0x00, 0x00,
    0xBF, 0xC0, 0x02, 0xFF, 0xE0, 0x00, 0x02, 0xFF, 0x80, 0x00, 0xBF, 0xE0, 0x00, 0x07, 0xFE, 0x00,
    0x00, 0x3F, 0xFC, 0x00, 0x2F, 0xF8, 0x00, 0x00, 0x3F, 0xFF, 0xFF, 0xFF, 0xC0, 0x00, 0x00, 0xBC,
    0xBF, 0xFF, 0xFE, 0x00, 0x00, 0x00, 0xF8, 0x01, 0xAA, 0x00, 0x00, 0x00, 0x03, 0xF0, 0x00, 0x00,
    0x00, 0x00, 0x00, 0x01, 0xD0, 0x00, 0x00, 0x00, 0x00, 0x00, 0x00, 0x00, 0x00, 0x00, 0x00, 0x00,
    0x00, 0x00, 0x00, 0x00, 0x00, 0x00, 0x00, 0x00, 0x00, 0x00, 0xBF, 0x00, 0x00, 0x00, 0x00, 0x00,
    0x00, 0xFF, 0xC0, 0x00, 0x00, 0x00, 0x00, 0x00, 0xBF, 0xE0, 0x00, 0x00, 0x00, 0x00, 0x00, 0x2F,
    0xF8, 0x00, 0x00, 0x00, 0x00, 0x00, 0x03, 0xFE, 0x00, 0x00, 0x00, 0x00, 0x00, 0x00, 0xBF, 0x00,
    0x00, 0x00, 0x00, 0x00, 0x00, 0x0F, 0xC0, 0x00, 0x00, 0x00, 0x00, 0x00, 0x00, 0x00, 0x00, 0x00,
    0x00, 0x00, 0x00, 0x00, 0x00, 0x00, 0x00, 0x00, 0x00, 0x00, 0x00, 0x00, 0x00, 0x00, 0xAA, 0xAA,
    0xA8, 0x00, 0x0A, 0xAA, 0xA8, 0xFF, 0xFF, 0xFC, 0x00, 0x0F, 0xFF, 0xFC, 0x0B, 0xFF, 0x40, 0x00,
    0x00, 0x7F, 0x80, 0x03, 0xFE, 0x00, 0x00, 0x00, 0x2F, 0x00, 0x03, 0xFE, 0x00, 0x00, 0x00, 0x2F,
    0x00, 0x03, 0xFE, 0x00, 0x00, 0x00, 0x2F, 0x00, 0x03, 0xFE, 0x00, 0x00, 0x00, 0x2F, 0x00, 0x03,
    0xFE, 0x00, 0x00, 0x00, 0x2F, 0x00, 0x03, 0xFE, 0x00, 0x00, 0x00, 0x2F, 0x00, 0x03, 0xFE, 0x00,
    0x00, 0x00, 0x2F, 0x00, 0x03, 0xFE, 0x00, 0x00, 0x00, 0x2F, 0x00, 0x03, 0xFE, 0x00, 0x00, 0x00,
    0x2F, 0x00, 0x03, 0xFE, 0x00, 0x00, 0x00, 0x2F, 0x00, 0x03, 0xFE, 0x00, 0x00, 0x00, 0x2F, 0x00,
    0x03, 0xFE, 0x00, 0x00, 0x00, 0x2F, 0x00, 0x03, 0xFE, 0x00, 0x00, 0x00, 0x2F, 0x00, 0x03, 0xFE,
    0x00, 0x00, 0x00, 0x2F, 0x00, 0x03, 0xFE, 0x00, 0x00, 0x00, 0x2F, 0x00, 0x03, 0xFE, 0x00, 0x00,
    0x00, 0x2F, 0x00, 0x02, 0xFE, 0x00, 0x00, 0x00, 0x3F, 0x00, 0x02, 0xFF, 0x00, 0x00, 0x00, 0x3F,
    0x00, 0x02, 0xFF, 0x00, 0x00, 0x00, 0x3E, 0x00, 0x00, 0xFF, 0x80, 0x00, 0x00, 0xBE, 0x00, 0x00,
    0xFF, 0xC0, 0x00, 0x00, 0xFC, 0x00, 0x00, 0xBF, 0xF0, 0x00, 0x07, 0xF8, 0x00, 0x00, 0x3F, 0xFF,
    0x92, 0xBF, 0xF0, 0x00, 0x00, 0x0F, 0xFF, 0xFF, 0xFF, 0xC0, 0x00, 0x00, 0x01, 0xFF, 0xFF, 0xFD,
    0x00, 0x00, 0x00, 0x00, 0x06, 0xAA, 0x00, 0x00, 0x00, 0x00, 0x00, 0x00, 0x00, 0x00, 0x00, 0x00,
    0x00, 0x00, 0x00, 0x00, 0xFE, 0x00, 0x00, 0x00, 0x00, 0x00, 0x03, 0xFF, 0x00, 0x00, 0x00, 0x00,
    0x00, 0x0B, 0xFF, 0x00, 0x00, 0x00, 0x00, 0x00, 0x2F, 0xF8, 0x00, 0x00, 0x00, 0x00, 0x00, 0x7F,
    0xD0, 0x00, 0x00, 0x00, 0x00, 0x00, 0xFE, 0x00, 0x00, 0x00, 0x00, 0x00, 0x03, 0xF0, 0x00, 0x00,
    0x00, 0x00, 0x00, 0x00, 0x00, 0x00, 0x00, 0x00, 0x00, 0x00, 0x00, 0x00, 0x00, 0x00, 0x00, 0x00,
    0x00, 0x00, 0x00, 0x00, 0x00, 0x00, 0xAA, 0xAA, 0xA8, 0x00, 0x0A, 0xAA, 0xA8, 0xFF, 0xFF, 0xFC,
    0x00, 0x0F, 0xFF, 0xFC, 0x0B, 0xFF, 0x40, 0x00, 0x00, 0x7F, 0x80, 0x03, 0xFE, 0x00, 0x00, 0x00,
    0x2F, 0x00, 0x03, 0xFE, 0x00, 0x00, 0x00, 0x2F, 0x00, 0x03, 0xFE, 0x00, 0x00, 0x00, 0x2F, 0x00,
    0x03, 0xFE, 0x00, 0x00, 0x00, 0x2F, 0x00, 0x03, 0xFE, 0x00, 0x00, 0x00, 0x2F, 0x00, 0x03, 0xFE,
    0x00, 0x00, 0x00, 0x2F, 0x00, 0x03, 0xFE, 0x00, 0x00, 0x00, 0x2F, 0x00, 0x03, 0xFE, 0x00, 0x00,
    0x00, 0x2F, 0x00, 0x03, 0xFE, 0x00, 0x00, 0x00, 0x2F, 0x00, 0x03, 0xFE, 0x00, 0x00, 0x00, 0x2F,
    0x00, 0x03, 0xFE, 0x00, 0x00, 0x00, 0x2F, 0x00, 0x03, 0xFE, 0x00, 0x00, 0x00, 0x2F, 0x00, 0x03,
    0xFE, 0x00, 0x00, 0x00, 0x2F, 0x00, 0x03, 0xFE, 0x00, 0x00, 0x00, 0x2F, 0x00, 0x03, 0xFE, 0x00,
    0x00, 0x00, 0x2F, 0x00, 0x03, 0xFE, 0x00, 0x00, 0x00, 0x2F, 0x00, 0x02, 0xFE, 0x00, 0x00, 0x00,
    0x3F, 0x00, 0x02, 0xFF, 0x00, 0x00, 0x00, 0x3F, 0x00, 0x02, 0xFF, 0x00, 0x00, 0x00, 0x3E, 0x00,
    0x00, 0xFF, 0x80, 0x00, 0x00, 0xBE, 0x00, 0x00, 0xFF, 0xC0, 0x00, 0x00, 0xFC, 0x00, 0x00, 0xBF,
    0xF0, 0x00, 0x07, 0xF8, 0x00, 0x00, 0x3F, 0xFF, 0x92, 0xBF, 0xF0, 0x00, 0x00, 0x0F, 0xFF, 0xFF,
    0xFF, 0xC0, 0x00, 0x00, 0x01, 0xFF, 0xFF, 0xFD, 0x00, 0x00, 0x00, 0x00, 0x06, 0xAA, 0x00, 0x00,
    0x00, 0x00, 0x00, 0x00, 0xBE, 0x00, 0x00, 0x00, 0x00, 0x00, 0x02, 0xFF, 0x80, 0x00, 0x00, 0x00,
    0x00, 0x03, 0xFF, 0xC0, 0x00, 0x00, 0x00, 0x00, 0x0F, 0xFF, 0xF0, 0x00, 0x00, 0x00, 0x00, 0x3F,
    0xC3, 0xFC, 0x00, 0x00, 0x00, 0x00, 0xBF, 0x00, 0xBE, 0x00, 0x00, 0x00, 0x00, 0xF8, 0x00, 0x2F,
    0x00, 0x00, 0x00, 0x00, 0x00, 0x00, 0x00, 0x00, 0x00, 0x00, 0x00, 0x00, 0x00, 0x00, 0x00, 0x00,
    0x00, 0x00, 0x00, 0x00, 0x00, 0x00, 0x00, 0xAA, 0xAA, 0xA8, 0x00, 0x0A, 0xAA, 0xA8, 0xFF, 0xFF,
    0xFC, 0x00, 0x0F, 0xFF, 0xFC, 0x0B, 0xFF, 0x40, 0x00, 0x00, 0x7F, 0x80, 0x03, 0xFE, 0x00, 0x00,
    0x00, 0x2F, 0x00, 0x03, 0xFE, 0x00, 0x00, 0x00, 0x2F, 0x00, 0x03, 0xFE, 0x00, 0x00, 0x00, 0x2F,
    0x00, 0x03, 0xFE, 0x00, 0x00, 0x00, 0x2F, 0x00, 0x03, 0xFE, 0x00, 0x00, 0x00, 0x2F, 0x00, 0x03,
    0xFE, 0x00, 0x00, 0x00, 0x2F, 0x00, 0x03, 0xFE, 0x00, 0x00, 0x00, 0x2F, 0x00, 0x03, 0xFE, 0x00,
    0x00, 0x00, 0x2F, 0x00, 0x03, 0xFE, 0x00, 0x00, 0x00, 0x2F, 0x00, 0x03, 0xFE, 0x00, 0x00, 0x00,
    0x2F, 0x00, 0x03, 0xFE, 0x00, 0x00, 0x00, 0x2F, 0x00, 0x03, 0xFE, 0x00, 0x00, 0x00, 0x2F, 0x00,
    0x03, 0xFE, 0x00, 0x00, 0x00, 0x2F, 0x00, 0x03, 0xFE, 0x00, 0x00, 0x00, 0x2F, 0x00, 0x03, 0xFE,
    0x00, 0x00, 0x00, 0x2F, 0x00, 0x03, 0xFE, 0x00, 0x00, 0x00, 0x2F, 0x00, 0x02, 0xFE, 0x00, 0x00,
    0x00, 0x3F, 0x00, 0x02, 0xFF, 0x00, 0x00, 0x00, 0x3F, 0x00, 0x02, 0xFF, 0x00, 0x00, 0x00, 0x3E,
    0x00, 0x00, 0xFF, 0x80, 0x00, 0x00, 0xBE, 0x00, 0x00, 0xFF, 0xC0, 0x00, 0x00, 0xFC, 0x00, 0x00,
    0xBF, 0xF0, 0x00, 0x07, 0xF8, 0x00, 0x00, 0x3F, 0xFF, 0x92, 0xBF, 0xF0, 0x00, 0x00, 0x0F, 0xFF,
    0xFF, 0xFF, 0xC0, 0x00, 0x00, 0x01, 0xFF, 0xFF, 0xFD, 0x00, 0x00, 0x00, 0x00, 0x06, 0xAA, 0x00,
    0x00, 0x00, 0x00, 0x00, 0x28, 0x00, 0x29, 0x00, 0x00, 0x00, 0x00, 0xFF, 0x00, 0xFF, 0x00, 0x00,
    0x00, 0x02, 0xFF, 0x00, 0xFF, 0x80, 0x00, 0x00, 0x00, 0xFF, 0x00, 0xFF, 0x40, 0x00, 0x00, 0x00,
    0xBC, 0x00, 0x3E, 0x00, 0x00, 0x00, 0x00, 0x00, 0x00, 0x00, 0x00, 0x00, 0x00, 0x00, 0x00, 0x00,
    0x00, 0x00, 0x00, 0x00, 0x00, 0x00, 0x00, 0x00, 0x00, 0x00, 0x00, 0x00, 0x00, 0x00, 0x00, 0x00,
    0x00, 0xAA, 0xAA, 0xA8, 0x00, 0x0A, 0xAA, 0xA8, 0xFF, 0xFF, 0xFC, 0x00, 0x0F, 0xFF, 0xFC, 0x0B,
    0xFF, 0x40, 0x00, 0x00, 0x7F, 0x80, 0x03, 0xFE, 0x00, 0x00, 0x00, 0x2F, 0x00, 0x03, 0xFE, 0x00,
    0x00, 0x00, 0x2F, 0x00, 0x03, 0xFE, 0x00, 0x00, 0x00, 0x2F, 0x00, 0x03, 0xFE, 0x00, 0x00, 0x00,
    0x2F, 0x00, 0x03, 0xFE, 0x00, 0x00, 0x00, 0x2F, 0x00, 0x03, 0xFE, 0x00, 0x00, 0x00, 0x2F, 0x00,
    0x03, 0xFE, 0x00, 0x00, 0x00, 0x2F, 0x00, 0x03, 0xFE, 0x00, 0x00, 0x00, 0x2F, 0x00, 0x03, 0xFE,
    0x00, 0x00, 0x00, 0x2F, 0x00, 0x03, 0xFE, 0x00, 0x00, 0x00, 0x2F, 0x00, 0x03, 0xFE, 0x00, 0x00,
    0x00, 0x2F, 0x00, 0x03, 0xFE, 0x00, 0x00, 0x00, 0x2F, 0x00, 0x03, 0xFE, 0x00, 0x00, 0x00, 0x2F,
    0x00, 0x03, 0xFE, 0x00, 0x00, 0x00, 0x2F, 0x00, 0x03, 0xFE, 0x00, 0x00, 0x00, 0x2F, 0x00, 0x03,
    0xFE, 0x00, 0x00, 0x00, 0x2F, 0x00, 0x02, 0xFE, 0x00, 0x00, 0x00, 0x3F, 0x00, 0x02, 0xFF, 0x00,
    0x00, 0x00, 0x3F, 0x00, 0x02, 0xFF, 0x00, 0x00, 0x00, 0x3E, 0x00, 0x00, 0xFF, 0x80, 0x00, 0x00,
    0xBE, 0x00, 0x00, 0xFF, 0xC0, 0x00, 0x00, 0xFC, 0x00, 0x00, 0xBF, 0xF0, 0x00, 0x07, 0xF8, 0x00,
    0x00, 0x3F, 0xFF, 0x92, 0xBF, 0xF0, 0x00, 0x00, 0x0F, 0xFF, 0xFF, 0xFF, 0xC0, 0x00, 0x00, 0x01,
    0xFF, 0xFF, 0xFD, 0x00, 0x00, 0x00, 0x00, 0x06, 0xAA, 0x00, 0x00, 0x00, 0x00, 0x00, 0x00, 0x00,
    0x00, 0x00, 0x00, 0x00, 0x00, 0x00, 0x03, 0xF8, 0x00, 0x00, 0x00, 0x00, 0x00, 0x0F, 0xFC, 0x00,
    0x00, 0x00, 0x00, 0x00, 0x3F, 0xF8, 0x00, 0x00, 0x00, 0x00, 0x00, 0xBF, 0xE0, 0x00, 0x00, 0x00,
    0x00, 0x02, 0xFF, 0x00, 0x00, 0x00, 0x00, 0x00, 0x0B, 0xF8, 0x00, 0x00, 0x00, 0x00, 0x00, 0x0F,
    0xC0, 0x00, 0x00, 0x00, 0x00, 0x00, 0x00, 0x00, 0x00, 0x00, 0x00, 0x00, 0x00, 0x00, 0x00, 0x00,
    0x00, 0x00, 0x00, 0x00, 0x00, 0x00, 0x00, 0x00, 0x00, 0xAA, 0xAA, 0xA0, 0x00, 0x2A, 0xAA, 0x80,
    0xBF, 0xFF, 0xF0, 0x00, 0x3F, 0xFF, 0xC0, 0x2B, 0xFF, 0x00, 0x00, 0x06, 0xFE, 0x00, 0x03, 0xFF,
    0x00, 0x00, 0x02, 0xF8, 0x00, 0x00, 0xFF, 0x80, 0x00, 0x03, 0xF0, 0x00, 0x00, 0xFF, 0xC0, 0x00,
    0x0F, 0xD0, 0x00, 0x00, 0x3F, 0xE0, 0x00, 0x1F, 0xC0, 0x00, 0x00, 0x2F, 0xF0, 0x00, 0x3F, 0x00,
    0x00, 0x00, 0x0F, 0xF8, 0x00, 0xBE, 0x00, 0x00, 0x00, 0x0B, 0xFC, 0x00, 0xFC, 0x00, 0x00, 0x00,
    0x03, 0xFE, 0x03, 0xF4, 0x00, 0x00, 0x00, 0x01, 0xFF, 0x07, 0xF0, 0x00, 0x00, 0x00, 0x00, 0xFF,
    0xCF, 0xC0, 0x00, 0x00, 0x00, 0x00, 0x3F, 0xFF, 0x80, 0x00, 0x00, 0x00, 0x00, 0x3F, 0xFF, 0x00,
    0x00, 0x00, 0x00, 0x00, 0x0F, 0xFC, 0x00, 0x00, 0x00, 0x00, 0x00, 0x0B, 0xFC, 0x00, 0x00, 0x00,
    0x00, 0x00, 0x0B, 0xFC, 0x00, 0x00, 0x00, 0x00, 0x00, 0x0B, 0xFC, 0x00, 0x00, 0x00, 0x00, 0x00,
    0x0B, 0xFC, 0x00, 0x00, 0x00, 0x00, 0x00, 0x0B, 0xFC, 0x00, 0x00, 0x00, 0x00, 0x00, 0x0B, 0xFC,
    0x00, 0x00, 0x00, 0x00, 0x00, 0x0B, 0xFC, 0x00, 0x00, 0x00, 0x00, 0x00, 0x0B, 0xFC, 0x00, 0x00,
    0x00, 0x00, 0x00, 0x0B, 0xFC, 0x00, 0x00, 0x00, 0x00, 0x00, 0x0F, 0xFC, 0x00, 0x00, 0x00, 0x00,
    0x03, 0xFF, 0xFF, 0xF0, 0x00, 0x00, 0x00, 0x03, 0xFF, 0xFF, 0xF0, 0x00, 0x00, 0xAA, 0xAA, 0xA8,
    0x00, 0x00, 0x00, 0xBF, 0xFF, 0xFC, 0x00, 0x00, 0x00, 0x0B, 0xFF, 0x40, 0x00, 0x00, 0x00, 0x03,
    0xFE, 0x00, 0x00, 0x00, 0x00, 0x03, 0xFE, 0x00, 0x00, 0x00, 0x00, 0x03, 0xFF, 0xAA, 0x80, 0x00,
    0x00, 0x03, 0xFF, 0xFF, 0xFF, 0x80, 0x00, 0x03, 0xFF, 0xAA, 0xFF, 0xF8, 0x00, 0x03, 0xFE, 0x00,
    0x0F, 0xFE, 0x00, 0x03, 0xFE, 0x00, 0x03, 0xFF, 0x00, 0x03, 0xFE, 0x00, 0x00, 0xFF, 0x80, 0x03,
    0xFE, 0x00, 0x00, 0xFF, 0xC0, 0x03, 0xFE, 0x00, 0x00, 0xFF, 0xC0, 0x03, 0xFE, 0x00, 0x00, 0xBF,
    0xC0, 0x03, 0xFE, 0x00, 0x00, 0xBF, 0xC0, 0x03, 0xFE, 0x00, 0x00, 0xFF, 0xC0, 0x03, 0xFE, 0x00,
    0x00, 0xFF, 0xC0, 0x03, 0xFE, 0x00, 0x02, 0xFF, 0x00, 0x03, 0xFE, 0x00, 0x03, 0xFF, 0x00, 0x03,
    0xFE, 0x00, 0x2F, 0xFC, 0x00, 0x03, 0xFF, 0xFF, 0xFF, 0xE0, 0x00, 0x03, 0xFF, 0xFF, 0xFE, 0x00,
    0x00, 0x03, 0xFE, 0x6A, 0x00, 0x00, 0x00, 0x03, 0xFE, 0x00, 0x00, 0x00, 0x00, 0x03, 0xFE, 0x00,
    0x00, 0x00, 0x00, 0x03, 0xFF, 0x00, 0x00, 0x00, 0x00, 0xBF, 0xFF, 0xFC, 0x00, 0x00, 0x00, 0xBF,
    0xFF, 0xFC, 0x00, 0x00, 0x00, 0x00, 0x00, 0x00, 0x14, 0x00, 0x00, 0x00, 0x00, 0x00, 0x2F, 0xFF,
    0xF0, 0x00, 0x00, 0x00, 0x00, 0xFF, 0xFF, 0xFE, 0x00, 0x00, 0x00, 0x03, 0xF8, 0x02, 0xFF, 0x00,
    0x00, 0x00, 0x0F, 0xE0, 0x00, 0xBF, 0xC0, 0x00, 0x00, 0x2F, 0xC0, 0x00, 0x3F, 0xC0, 0x00, 0x00,
    0x3F, 0x80, 0x00, 0x3F, 0xC0, 0x00, 0x00, 0xBF, 0x00, 0x00, 0x2F, 0xC0, 0x00, 0x00, 0xFF, 0x00,
    0x00, 0x3F, 0xC0, 0x00, 0x00, 0xFF, 0x00, 0x00, 0x3F, 0xC0, 0x00, 0x00, 0xFE, 0x00, 0x00, 0xBF,
    0xC0, 0x00, 0x00, 0xFE, 0x00, 0x0B, 0xFE, 0x80, 0x00, 0x01, 0xFE, 0x00, 0x3F, 0xC0, 0x00, 0x00,
    0x01, 0xFE, 0x00, 0x7F, 0x00, 0x00, 0x00, 0x01, 0xFE, 0x00, 0xBF, 0x00, 0x00, 0x00, 0x01, 0xFE,
    0x00, 0xFF, 0x00, 0x00, 0x00, 0x01, 0xFE, 0x00, 0xFF, 0x80, 0x00, 0x00, 0x01, 0xFE, 0x00, 0xBF,
    0xE0, 0x00, 0x00, 0x01, 0xFE, 0x00, 0x3F, 0xFE, 0x00, 0x00, 0x01, 0xFE, 0x00, 0x1F, 0xFF, 0xC0,
    0x00, 0x01, 0xFE, 0x00, 0x03, 0xFF, 0xF8, 0x00, 0x01, 0xFE, 0x00, 0x00, 0x7F, 0xFD, 0x00, 0x01,
    0xFE, 0x00, 0x00, 0x0B, 0xFF, 0x00, 0x01, 0xFE, 0x00, 0x00, 0x01, 0xFF, 0x00, 0x01, 0xFE, 0x00,
    0x00, 0x00, 0xBF, 0x40, 0x01, 0xFE, 0x00, 0xBC, 0x00, 0x3F, 0x00, 0x01, 0xFE, 0x00, 0xBC, 0x00,
    0x3F, 0x00, 0x01, 0xFE, 0x00, 0xBC, 0x00, 0xBF, 0x00, 0x02, 0xFE, 0x00, 0xBE, 0x02, 0xFC, 0x00,
    0x3F, 0xFF, 0xF0, 0xBF, 0xFF, 0xF8, 0x00, 0x3F, 0xFF, 0xF0, 0x7F, 0xFF, 0xC0, 0x00, 0x00, 0x00,
    0x00, 0x00, 0x10, 0x00, 0x00, 0x00, 0x00, 0x00, 0x00, 0x00, 0x01, 0xFC, 0x00, 0x00, 0x00, 0x02,
    0xFF, 0x00, 0x00, 0x00, 0x02, 0xFF, 0xC0, 0x00, 0x00, 0x00, 0xBF, 0xF0, 0x00, 0x00, 0x00, 0x0F,
    0xF8, 0x00, 0x00, 0x00, 0x02, 0xFE, 0x00, 0x00, 0x00, 0x00, 0x3F, 0x00, 0x00, 0x00, 0x00, 0x00,
    0x00, 0x00, 0x00, 0x00, 0x00, 0x00, 0x00, 0x00, 0x00, 0x69, 0x00, 0x00, 0x00, 0xBF, 0xFF, 0xF0,
    0x00, 0x03, 0xFF, 0xAF, 0xFC, 0x00, 0x0F, 0xF0, 0x02, 0xFF, 0x00, 0x2F, 0xF0, 0x00, 0xFF, 0x00,
    0x2F, 0xF0, 0x00, 0xBF, 0x00, 0x0A, 0xA0, 0x00, 0xBF, 0x40, 0x00, 0x00, 0x00, 0xBF, 0x80, 0x00,
    0x00, 0x02, 0xFF, 0x80, 0x00, 0x02, 0xFF, 0xFF, 0x80, 0x00, 0x7F, 0xF8, 0xBF, 0x80, 0x03, 0xFE,
    0x00, 0xBF, 0x80, 0x2F, 0xF0, 0x00, 0xBF, 0x80, 0x3F, 0xC0, 0x00, 0xBF, 0x80, 0xBF, 0x80, 0x00,
    0xBF, 0x80, 0xBF, 0x80, 0x00, 0xBF, 0x80, 0xBF, 0x80, 0x00, 0xBF, 0x80, 0x7F, 0xC0, 0x02, 0xFF,
    0x80, 0x3F, 0xF8, 0x2F, 0xFF, 0x80, 0x2F, 0xFF, 0xFC, 0x3F, 0xFC, 0x07, 0xFF, 0xD0, 0x3F, 0xFC,
    0x00, 0x14, 0x00, 0x00, 0x00, 0x00, 0x00, 0x00, 0x00, 0x00, 0x00, 0x00, 0x02, 0xFC, 0x00, 0x00,
    0x00, 0x0B, 0xFC, 0x00, 0x00, 0x00, 0x2F, 0xFC, 0x00, 0x00, 0x00, 0x3F, 0xF0, 0x00, 0x00, 0x00,
    0xFF, 0x80, 0x00, 0x00, 0x03, 0xFC, 0x00, 0x00, 0x00, 0x0F, 0xE0, 0x00, 0x00, 0x00, 0x00, 0x00,
    0x00, 0x00, 0x00, 0x00, 0x00, 0x00, 0x00, 0x00, 0x00, 0x69, 0x00, 0x00, 0x00, 0xBF, 0xFF, 0xF0,
    0x00, 0x03, 0xFF, 0xAF, 0xFC, 0x00, 0x0F, 0xF0, 0x02, 0xFF, 0x00, 0x2F, 0xF0, 0x00, 0xFF, 0x00,
    0x2F, 0xF0, 0x00, 0xBF, 0x00, 0x0A, 0xA0, 0x00, 0xBF, 0x40, 0x00, 0x00, 0x00, 0xBF, 0x80, 0x00,
    0x00, 0x02, 0xFF, 0x80, 0x00, 0x02, 0xFF, 0xFF, 0x80, 0x00, 0x7F, 0xF8, 0xBF, 0x80, 0x03, 0xFE,
    0x00, 0xBF, 0x80, 0x2F, 0xF0, 0x00, 0xBF, 0x80, 0x3F, 0xC0, 0x00, 0xBF, 0x80, 0xBF, 0x80, 0x00,
    0xBF, 0x80, 0xBF, 0x80, 0x00, 0xBF, 0x80, 0xBF, 0x80, 0x00, 0xBF, 0x80, 0x7F, 0xC0, 0x02, 0xFF,
    0x80, 0x3F, 0xF8, 0x2F, 0xFF, 0x80, 0x2F, 0xFF, 0xFC, 0x3F, 0xFC, 0x07, 0xFF, 0xD0, 0x3F, 0xFC,
    0x00, 0x14, 0x00, 0x00, 0x00, 0x00, 0x02, 0xA8, 0x00, 0x00, 0x00, 0x07, 0xFF, 0x00, 0x00, 0x00,
    0x0F, 0xFF, 0x80, 0x00, 0x00, 0x3F, 0xEF, 0xC0, 0x00, 0x00, 0xBF, 0x0B, 0xF0, 0x00, 0x00, 0xFC,
    0x02, 0xFC, 0x00, 0x03, 0xF0, 0x00, 0xBE, 0x00, 0x00, 0x00, 0x00, 0x00, 0x00, 0x00, 0x00, 0x00,
    0x00, 0x00, 0x00, 0x00, 0x69, 0x00, 0x00, 0x00, 0xBF, 0xFF, 0xF0, 0x00, 0x03, 0xFF, 0xAF, 0xFC,
    0x00, 0x0F, 0xF0, 0x02, 0xFF, 0x00, 0x2F, 0xF0, 0x00, 0xFF, 0x00, 0x2F, 0xF0, 0x00, 0xBF, 0x00,
    0x0A, 0xA0, 0x00, 0xBF, 0x40, 0x00, 0x00, 0x00, 0xBF, 0x80, 0x00, 0x00, 0x02, 0xFF, 0x80, 0x00,
    0x02, 0xFF, 0xFF, 0x80, 0x00, 0x7F, 0xF8, 0xBF, 0x80, 0x03, 0xFE, 0x00, 0xBF, 0x80, 0x2F, 0xF0,
    0x00, 0xBF, 0x80, 0x3F, 0xC0, 0x00, 0xBF, 0x80, 0xBF, 0x80, 0x00, 0xBF, 0x80, 0xBF, 0x80, 0x00,
    0xBF, 0x80, 0xBF, 0x80, 0x00, 0xBF, 0x80, 0x7F, 0xC0, 0x02, 0xFF, 0x80, 0x3F, 0xF8, 0x2F, 0xFF,
    0x80, 0x2F, 0xFF, 0xFC, 0x3F, 0xFC, 0x07, 0xFF, 0xD0, 0x3F, 0xFC, 0x00, 0x14, 0x00, 0x00, 0x00,
    0x00, 0x2A, 0x40, 0x06, 0x00, 0x00, 0xFF, 0xF0, 0x0F, 0x00, 0x03, 0xFF, 0xFF, 0xFE, 0x00, 0x0B,
    0x80, 0xFF, 0xFC, 0x00, 0x0F, 0x00, 0x1F, 0xE0, 0x00, 0x00, 0x00, 0x00, 0x00, 0x00, 0x00, 0x00,
    0x00, 0x00, 0x00, 0x00, 0x00, 0x00, 0x00, 0x00, 0x00, 0x00, 0x69, 0x00, 0x00, 0x00, 0xBF, 0xFF,
    0xF0, 0x00, 0x03, 0xFF, 0xAF, 0xFC, 0x00, 0x0F, 0xF0, 0x02, 0xFF, 0x00, 0x2F, 0xF0, 0x00, 0xFF,
    0x00, 0x2F, 0xF0, 0x00, 0xBF, 0x00, 0x0A, 0xA0, 0x00, 0xBF, 0x40, 0x00, 0x00, 0x00, 0xBF, 0x80,
    0x00, 0x00, 0x02, 0xFF, 0x80, 0x00, 0x02, 0xFF, 0xFF, 0x80, 0x00, 0x7F, 0xF8, 0xBF, 0x80, 0x03,
    0xFE, 0x00, 0xBF, 0x80, 0x2F, 0xF0, 0x00, 0xBF, 0x80, 0x3F, 0xC0, 0x00, 0xBF, 0x80, 0xBF, 0x80,
    0x00, 0xBF, 0x80, 0xBF, 0x80, 0x00, 0xBF, 0x80, 0xBF, 0x80, 0x00, 0xBF, 0x80, 0x7F, 0xC0, 0x02,
    0xFF, 0x80, 0x3F, 0xF8, 0x2F, 0xFF, 0x80, 0x2F, 0xFF, 0xFC, 0x3F, 0xFC, 0x07, 0xFF, 0xD0, 0x3F,
    0xFC, 0x00, 0x14, 0x00, 0x00, 0x00, 0x00, 0xA0, 0x00, 0xA8, 0x00, 0x03, 0xFC, 0x02, 0xFE, 0x00,
    0x03, 0xFC, 0x03, 0xFE, 0x00, 0x03, 0xFC, 0x02, 0xFE, 0x00, 0x01, 0xF0, 0x00, 0xB8, 0x00, 0x00,
    0x00, 0x00, 0x00, 0x00, 0x00, 0x00, 0x00, 0x00, 0x00, 0x00, 0x00, 0x00, 0x00, 0x00, 0x00, 0x00,
    0x69, 0x00, 0x00, 0x00, 0xBF, 0xFF, 0xF0, 0x00, 0x03, 0xFF, 0xAF, 0xFC, 0x00, 0x0F, 0xF0, 0x02,
    0xFF, 0x00, 0x2F, 0xF0, 0x00, 0xFF, 0x00, 0x2F, 0xF0, 0x00, 0xBF, 0x00, 0x0A, 0xA0, 0x00, 0xBF,
    0x40, 0x00, 0x00, 0x00, 0xBF, 0x80, 0x00, 0x00, 0x02, 0xFF, 0x80, 0x00, 0x02, 0xFF, 0xFF, 0x80,
    0x00, 0x7F, 0xF8, 0xBF, 0x80, 0x03, 0xFE, 0x00, 0xBF, 0x80, 0x2F, 0xF0, 0x00, 0xBF, 0x80, 0x3F,
    0xC0, 0x00, 0xBF, 0x80, 0xBF, 0x80, 0x00, 0xBF, 0x80, 0xBF, 0x80, 0x00, 0xBF, 0x80, 0xBF, 0x80,
    0x00, 0xBF, 0x80, 0x7F, 0xC0, 0x02, 0xFF, 0x80, 0x3F, 0xF8, 0x2F, 0xFF, 0x80, 0x2F, 0xFF, 0xFC,
    0x3F, 0xFC, 0x07, 0xFF, 0xD0, 0x3F, 0xFC, 0x00, 0x14, 0x00, 0x00, 0x00, 0x00, 0x00, 0xA4, 0x00,
    0x00, 0x00, 0x0F, 0xFF, 0x40, 0x00, 0x00, 0x3F, 0xEF, 0xC0, 0x00, 0x00, 0x3C, 0x03, 0xF0, 0x00,
    0x00, 0xB8, 0x00, 0xF0, 0x00, 0x00, 0xB8, 0x00, 0xF0, 0x00, 0x00, 0xBC, 0x00, 0xF0, 0x00, 0x00,
    0x3E, 0x03, 0xE0, 0x00, 0x00, 0x2F, 0xFF, 0xC0, 0x00, 0x00, 0x0B, 0xFF, 0x00, 0x00, 0x00, 0x00,
    0x00, 0x00, 0x00, 0x00, 0x00, 0x00, 0x00, 0x00, 0x00, 0x00, 0x69, 0x00, 0x00, 0x00, 0xBF, 0xFF,
    0xF0, 0x00, 0x03, 0xFF, 0xAF, 0xFC, 0x00, 0x0F, 0xF0, 0x02, 0xFF, 0x00, 0x2F, 0xF0, 0x00, 0xFF,
    0x00, 0x2F, 0xF0, 0x00, 0xBF, 0x00, 0x0A, 0xA0, 0x00, 0xBF, 0x40, 0x00, 0x00, 0x00, 0xBF, 0x80,
    0x00, 0x00, 0x02, 0xFF, 0x80, 0x00, 0x02, 0xFF, 0xFF, 0x80, 0x00, 0x7F, 0xF8, 0xBF, 0x80, 0x03,
    0xFE, 0x00, 0xBF, 0x80, 0x2F, 0xF0, 0x00, 0xBF, 0x80, 0x3F, 0xC0, 0x00, 0xBF, 0x80, 0xBF, 0x80,
    0x00, 0xBF, 0x80, 0xBF, 0x80, 0x00, 0xBF, 0x80, 0xBF, 0x80, 0x00, 0xBF, 0x80, 0x7F, 0xC0, 0x02,
    0xFF, 0x80, 0x3F, 0xF8, 0x2F, 0xFF, 0x80, 0x2F, 0xFF, 0xFC, 0x3F, 0xFC, 0x07, 0xFF, 0xD0, 0x3F,
    0xFC, 0x00, 0x14, 0x00, 0x00, 0x00, 0x00, 0x00, 0xA8, 0x00, 0x02, 0x80, 0x00, 0x00, 0xBF, 0xFF,
    0xE0, 0xBF, 0xFF, 0x00, 0x07, 0xFE, 0xBF, 0xFB, 0xFE, 0xFF, 0xC0, 0x0F, 0xF0, 0x03, 0xFF, 0xE0,
    0x1F, 0xF0, 0x2F, 0xF0, 0x02, 0xFF, 0x80, 0x0B, 0xF8, 0x2F, 0xF0, 0x00, 0xFF, 0x00, 0x03, 0xFC,
    0x0A, 0xA0, 0x00, 0xFF, 0x00, 0x03, 0xFC, 0x00, 0x00, 0x00, 0xFF, 0x00, 0x03, 0xFC, 0x00, 0x00,
    0x06, 0xFF, 0xAA, 0xAB, 0xFC, 0x00, 0x02, 0xFF, 0xFF, 0xFF, 0xFF, 0xFC, 0x00, 0xBF, 0xF8, 0xFF,
    0xAA, 0xAA, 0xA8, 0x0B, 0xFE, 0x00, 0xFF, 0x00, 0x00, 0x00, 0x2F, 0xF0, 0x00, 0xFF, 0x00, 0x00,
    0x00, 0x3F, 0xC0, 0x00, 0xFF, 0x00, 0x00, 0x00, 0xBF, 0x80, 0x00, 0xFF, 0x00, 0x00, 0x00, 0xBF,
    0x80, 0x00, 0xFF, 0x00, 0x00, 0x00, 0xBF, 0x80, 0x00, 0xFF, 0x80, 0x00, 0x04, 0xBF, 0xC0, 0x03,
    0xFF, 0xF0, 0x00, 0x2C, 0x3F, 0xF4, 0x7F, 0xBF, 0xFF, 0xAB, 0xFC, 0x2F, 0xFF, 0xFD, 0x0B, 0xFF,
    0xFF, 0xF4, 0x0B, 0xFF, 0xE0, 0x00, 0xBF, 0xFF, 0x80, 0x00, 0x14, 0x00, 0x00, 0x01, 0x80, 0x00,
    0x00, 0x00, 0x19, 0x00, 0x00, 0x00, 0x1F, 0xFF, 0xF8, 0x00, 0x00, 0xBF, 0xEA, 0xFF, 0x00, 0x03,
    0xFE, 0x00, 0xFF, 0x80, 0x0F, 0xF8, 0x00, 0xFF, 0x80, 0x1F, 0xF0, 0x00, 0xFF, 0x80, 0x3F, 0xD0,
    0x00, 0xFF, 0x00, 0x3F, 0xC0, 0x00, 0x00, 0x00, 0x7F, 0xC0, 0x00, 0x00, 0x00, 0xBF, 0xC0, 0x00,
    0x00, 0x00, 0xBF, 0x80, 0x00, 0x00, 0x00, 0xBF, 0xC0, 0x00, 0x00, 0x00, 0xBF, 0xC0, 0x00, 0x00,
    0x00, 0xBF, 0xC0, 0x00, 0x00, 0x00, 0x3F, 0xE0, 0x00, 0x00, 0x00, 0x3F, 0xF0, 0x00, 0x00, 0x00,
    0x2F, 0xF8, 0x00, 0x00, 0x00, 0x0F, 0xFE, 0x00, 0x02, 0xC0, 0x03, 0xFF, 0xE8, 0xAF, 0xC0, 0x00,
    0xFF, 0xFF, 0xFF, 0x80, 0x00, 0x2F, 0xFF, 0xF8, 0x00, 0x00, 0x00, 0xB8, 0x00, 0x00, 0x00, 0x00,
    0x38, 0x00, 0x00, 0x00, 0x00, 0x3F, 0x80, 0x00, 0x00, 0x00, 0x3F, 0xF0, 0x00, 0x00, 0x00, 0x1B,
    0xF0, 0x00, 0x00, 0x00, 0x02, 0xF0, 0x00, 0x00, 0x00, 0x03, 0xF0, 0x00, 0x00, 0x0B, 0xBF, 0xE0,
    0x00, 0x00, 0x0B, 0xFF, 0x40, 0x00, 0x00, 0x00, 0x00, 0x00, 0x00, 0x00, 0x00, 0x00, 0x00, 0x00,
    0x00, 0xFE, 0x00, 0x00, 0x00, 0x00, 0xFF, 0x80, 0x00, 0x00, 0x00, 0xFF, 0xD0, 0x00, 0x00, 0x00,
    0x3F, 0xF0, 0x00, 0x00, 0x00, 0x0B, 0xFC, 0x00, 0x00, 0x00, 0x00, 0xFF, 0x00, 0x00, 0x00, 0x00,
    0x2F, 0xC0, 0x00, 0x00, 0x00, 0x00, 0x00, 0x00, 0x00, 0x00, 0x00, 0x00, 0x00, 0x00, 0x00, 0x29,
    0x00, 0x00, 0x00, 0x1F, 0xFF, 0xF0, 0x00, 0x00, 0xFF, 0xFF, 0xFE, 0x00, 0x03, 0xFC, 0x00, 0xFF,
    0x00, 0x0F, 0xF0, 0x00, 0x3F, 0xC0, 0x1F, 0xE0, 0x00, 0x3F, 0xC0, 0x3F, 0xC0, 0x00, 0x2F, 0xE0,
    0x3F, 0xC0, 0x00, 0x2F, 0xE0, 0x7F, 0xFF, 0xFF, 0xFF, 0xE0, 0xBF, 0xFF, 0xFF, 0xFF, 0xF0, 0xBF,
    0x80, 0x00, 0x00, 0x00, 0xBF, 0x80, 0x00, 0x00, 0x00, 0xBF, 0x80, 0x00, 0x00, 0x00, 0xBF, 0xC0,
    0x00, 0x00, 0x00, 0x3F, 0xC0, 0x00, 0x00, 0x00, 0x3F, 0xE0, 0x00, 0x00, 0x00, 0x2F, 0xF0, 0x00,
    0x00, 0x20, 0x0F, 0xFD, 0x00, 0x02, 0xF0, 0x03, 0xFF, 0xE0, 0x6F, 0xF0, 0x00, 0xFF, 0xFF, 0xFF,
    0x80, 0x00, 0x2F, 0xFF, 0xF8, 0x00, 0x00, 0x00, 0x14, 0x00, 0x00, 0x00, 0x00, 0x00, 0x00, 0x00,
    0x00, 0x00, 0x00, 0xFD, 0x00, 0x00, 0x00, 0x03, 0xFE, 0x00, 0x00, 0x00, 0x0F, 0xFE, 0x00, 0x00,
    0x00, 0x3F, 0xF8, 0x00, 0x00, 0x00, 0xBF, 0xC0, 0x00, 0x00, 0x02, 0xFE, 0x00, 0x00, 0x00, 0x07,
    0xF0, 0x00, 0x00, 0x00, 0x00, 0x00, 0x00, 0x00, 0x00, 0x00, 0x00, 0x00, 0x00, 0x00, 0x00, 0x29,
    0x00, 0x00, 0x00, 0x1F, 0xFF, 0xF0, 0x00, 0x00, 0xFF, 0xFF, 0xFE, 0x00, 0x03, 0xFC, 0x00, 0xFF,
    0x00, 0x0F, 0xF0, 0x00, 0x3F, 0xC0, 0x1F, 0xE0, 0x00, 0x3F, 0xC0, 0x3F, 0xC0, 0x00, 0x2F, 0xE0,
    0x3F, 0xC0, 0x00, 0x2F, 0xE0, 0x7F, 0xFF, 0xFF, 0xFF, 0xE0, 0xBF, 0xFF, 0xFF, 0xFF, 0xF0, 0xBF,
    0x80, 0x00, 0x00, 0x00, 0xBF, 0x80, 0x00, 0x00, 0x00, 0xBF, 0x80, 0x00, 0x00, 0x00, 0xBF, 0xC0,
    0x00, 0x00, 0x00, 0x3F, 0xC0, 0x00, 0x00, 0x00, 0x3F, 0xE0, 0x00, 0x00, 0x00, 0x2F, 0xF0, 0x00,
    0x00, 0x20, 0x0F, 0xFD, 0x00, 0x02, 0xF0, 0x03, 0xFF, 0xE0, 0x6F, 0xF0, 0x00, 0xFF, 0xFF, 0xFF,
    0x80, 0x00, 0x2F, 0xFF, 0xF8, 0x00, 0x00, 0x00, 0x14, 0x00, 0x00, 0x00, 0x00, 0xAA, 0x00, 0x00,
    0x00, 0x03, 0xFF, 0x00, 0x00, 0x00, 0x0B, 0xFF, 0xC0, 0x00, 0x00, 0x1F, 0xEF, 0xF0, 0x00, 0x00,
    0x3F, 0x83, 0xF8, 0x00, 0x00, 0xFE, 0x00, 0xFC, 0x00, 0x02, 0xF8, 0x00, 0x3F, 0x00, 0x00, 0x00,
    0x00, 0x00, 0x00, 0x00, 0x00, 0x00, 0x00, 0x00, 0x00, 0x00, 0x29, 0x00, 0x00, 0x00, 0x1F, 0xFF,
    0xF0, 0x00, 0x00, 0xFF, 0xFF, 0xFE, 0x00, 0x03, 0xFC, 0x00, 0xFF, 0x00, 0x0F, 0xF0, 0x00, 0x3F,
    0xC0, 0x1F, 0xE0, 0x00, 0x3F, 0xC0, 0x3F, 0xC0, 0x00, 0x2F, 0xE0, 0x3F, 0xC0, 0x00, 0x2F, 0xE0,
    0x7F, 0xFF, 0xFF, 0xFF, 0xE0, 0xBF, 0xFF, 0xFF, 0xFF, 0xF0, 0xBF, 0x80, 0x00, 0x00, 0x00, 0xBF,
    0x80, 0x00, 0x00, 0x00, 0xBF, 0x80, 0x00, 0x00, 0x00, 0xBF, 0xC0, 0x00, 0x00, 0x00, 0x3F, 0xC0,
    0x00, 0x00, 0x00, 0x3F, 0xE0, 0x00, 0x00, 0x00, 0x2F, 0xF0, 0x00, 0x00, 0x20, 0x0F, 0xFD, 0x00,
    0x02, 0xF0, 0x03, 0xFF, 0xE0, 0x6F, 0xF0, 0x00, 0xFF, 0xFF, 0xFF, 0x80, 0x00, 0x2F, 0xFF, 0xF8,
    0x00, 0x00, 0x00, 0x14, 0x00, 0x00, 0x00, 0xA8, 0x00, 0x28, 0x00, 0x02, 0xFE, 0x00, 0xFF, 0x00,
    0x03, 0xFE, 0x00, 0xFF, 0x00, 0x02, 0xFE, 0x00, 0xFF, 0x00, 0x00, 0xB8, 0x00, 0x7C, 0x00, 0x00,
    0x00, 0x00, 0x00, 0x00, 0x00, 0x00, 0x00, 0x00, 0x00, 0x00, 0x00, 0x00, 0x00, 0x00, 0x00, 0x00,
    0x29, 0x00, 0x00, 0x00, 0x1F, 0xFF, 0xF0, 0x00, 0x00, 0xFF, 0xFF, 0xFE, 0x00, 0x03, 0xFC, 0x00,
    0xFF, 0x00, 0x0F, 0xF0, 0x00, 0x3F, 0xC0, 0x1F, 0xE0, 0x00, 0x3F, 0xC0, 0x3F, 0xC0, 0x00, 0x2F,
    0xE0, 0x3F, 0xC0, 0x00, 0x2F, 0xE0, 0x7F, 0xFF, 0xFF, 0xFF, 0xE0, 0xBF, 0xFF, 0xFF, 0xFF, 0xF0,
    0xBF, 0x80, 0x00, 0x00, 0x00, 0xBF, 0x80, 0x00, 0x00, 0x00, 0xBF, 0x80, 0x00, 0x00, 0x00, 0xBF,
    0xC0, 0x00, 0x00, 0x00, 0x3F, 0xC0, 0x00, 0x00, 0x00, 0x3F, 0xE0, 0x00, 0x00, 0x00, 0x2F, 0xF0,
    0x00, 0x00, 0x20, 0x0F, 0xFD, 0x00, 0x02, 0xF0, 0x03, 0xFF, 0xE0, 0x6F, 0xF0, 0x00, 0xFF, 0xFF,
    0xFF, 0x80, 0x00, 0x2F, 0xFF, 0xF8, 0x00, 0x00, 0x00, 0x14, 0x00, 0x00, 0x00, 0x00, 0x00, 0x7F,
    0x00, 0x00, 0xBF, 0xC0, 0x00, 0xBF, 0xF0, 0x00, 0x2F, 0xFC, 0x00, 0x03, 0xFE, 0x00, 0x00, 0xBF,
    0x80, 0x00, 0x0F, 0xC0, 0x00, 0x00, 0x00, 0x00, 0x00, 0x00, 0x00, 0x0A, 0x00, 0x02, 0xFF, 0x00,
    0x2F, 0xFF, 0x00, 0x1A, 0xFF, 0x00, 0x00, 0xFF, 0x00, 0x00, 0xFF, 0x00, 0x00, 0xFF, 0x00, 0x00,
    0xFF, 0x00, 0x00, 0xFF, 0x00, 0x00, 0xFF, 0x00, 0x00, 0xFF, 0x00, 0x00, 0xFF, 0x00, 0x00, 0xFF,
    0x00, 0x00, 0xFF, 0x00, 0x00, 0xFF, 0x00, 0x00, 0xFF, 0x00, 0x00, 0xFF, 0x00, 0x00, 0xFF, 0x00,
    0x00, 0xFF, 0x40, 0x2F, 0xFF, 0xFC, 0x2F, 0xFF, 0xFC, 0x00, 0x00, 0x00, 0x00, 0x02, 0xFC, 0x00,
    0x0B, 0xFC, 0x00, 0x2F, 0xFC, 0x00, 0x3F, 0xF0, 0x00, 0xFF, 0x80, 0x03, 0xFC, 0x00, 0x0F, 0xE0,
    0x00, 0x00, 0x00, 0x00, 0x00, 0x00, 0x00, 0x00, 0x28, 0x00, 0x0B, 0xFC, 0x00, 0xBF, 0xFC, 0x00,
    0x6B, 0xFC, 0x00, 0x03, 0xFC, 0x00, 0x03, 0xFC, 0x00, 0x03, 0xFC, 0x00, 0x03, 0xFC, 0x00, 0x03,
    0xFC, 0x00, 0x03, 0xFC, 0x00, 0x03, 0xFC, 0x00, 0x03, 0xFC, 0x00, 0x03, 0xFC, 0x00, 0x03, 0xFC,
    0x00, 0x03, 0xFC, 0x00, 0x03, 0xFC, 0x00, 0x03, 0xFC, 0x00, 0x03, 0xFC, 0x00, 0x03, 0xFD, 0x00,
    0xBF, 0xFF, 0xF0, 0xBF, 0xFF, 0xF0, 0x00, 0x2A, 0x80, 0x00, 0x00, 0x7F, 0xF0, 0x00, 0x00, 0xFF,
    0xF8, 0x00, 0x03, 0xFE, 0xFC, 0x00, 0x0B, 0xF0, 0xBF, 0x00, 0x0F, 0xC0, 0x2F, 0xC0, 0x3F, 0x00,
    0x0B, 0xE0, 0x00, 0x00, 0x00, 0x00, 0x00, 0x00, 0x00, 0x00, 0x00, 0x02, 0x80, 0x00, 0x00, 0xBF,
    0xC0, 0x00, 0x0B, 0xFF, 0xC0, 0x00, 0x06, 0xBF, 0xC0, 0x00, 0x00, 0x3F, 0xC0, 0x00, 0x00, 0x3F,
    0xC0, 0x00, 0x00, 0x3F, 0xC0, 0x00, 0x00, 0x3F, 0xC0, 0x00, 0x00, 0x3F, 0xC0, 0x00, 0x00, 0x3F,
    0xC0, 0x00, 0x00, 0x3F, 0xC0, 0x00, 0x00, 0x3F, 0xC0, 0x00, 0x00, 0x3F, 0xC0, 0x00, 0x00, 0x3F,
    0xC0, 0x00, 0x00, 0x3F, 0xC0, 0x00, 0x00, 0x3F, 0xC0, 0x00, 0x00, 0x3F, 0xC0, 0x00, 0x00, 0x3F,
    0xC0, 0x00, 0x00, 0x3F, 0xD0, 0x00, 0x0B, 0xFF, 0xFF, 0x00, 0x0B, 0xFF, 0xFF, 0x00, 0x0A, 0x00,
    0x0A, 0x80, 0x3F, 0xC0, 0x2F, 0xE0, 0x3F, 0xC0, 0x3F, 0xE0, 0x3F, 0xC0, 0x2F, 0xE0, 0x1F, 0x00,
    0x0B, 0x80, 0x00, 0x00, 0x00, 0x00, 0x00, 0x00, 0x00, 0x00, 0x00, 0x00, 0x00, 0x00, 0x00, 0x02,
    0x80, 0x00, 0x00, 0xBF, 0xC0, 0x00, 0x0B, 0xFF, 0xC0, 0x00, 0x06, 0xBF, 0xC0, 0x00, 0x00, 0x3F,
    0xC0, 0x00, 0x00, 0x3F, 0xC0, 0x00, 0x00, 0x3F, 0xC0, 0x00, 0x00, 0x3F, 0xC0, 0x00, 0x00, 0x3F,
    0xC0, 0x00, 0x00, 0x3F, 0xC0, 0x00, 0x00, 0x3F, 0xC0, 0x00, 0x00, 0x3F, 0xC0, 0x00, 0x00, 0x3F,
    0xC0, 0x00, 0x00, 0x3F, 0xC0, 0x00, 0x00, 0x3F, 0xC0, 0x00, 0x00, 0x3F, 0xC0, 0x00, 0x00, 0x3F,
    0xC0, 0x00, 0x00, 0x3F, 0xC0, 0x00, 0x00, 0x3F, 0xD0, 0x00, 0x0B, 0xFF, 0xFF, 0x00, 0x0B, 0xFF,
    0xFF, 0x00, 0x00, 0x00, 0x40, 0x00, 0x00, 0x00, 0x2F, 0xE0, 0x03, 0x80, 0x02, 0xFF, 0xF8, 0x2F,
    0xC0, 0x00, 0xAF, 0xFF, 0xFE, 0x00, 0x00, 0x02, 0xFF, 0xF0, 0x00, 0x00, 0x00, 0xFF, 0xD0, 0x00,
    0x00, 0x0B, 0xFF, 0xF0, 0x00, 0x00, 0x3F, 0x8B, 0xFC, 0x00, 0x00, 0xFC, 0x03, 0xFE, 0x00, 0x00,
    0xA0, 0x00, 0xFF, 0x00, 0x00, 0x00, 0x18, 0xBF, 0xC0, 0x00, 0x0F, 0xFF, 0xFF, 0xE0, 0x00, 0xBF,
    0xEA, 0xFF, 0xF0, 0x03, 0xFE, 0x00, 0x0F, 0xF8, 0x0B, 0xF8, 0x00, 0x07, 0xFC, 0x1F, 0xF0, 0x00,
    0x03, 0xFC, 0x3F, 0xE0, 0x00, 0x03, 0xFD, 0x3F, 0xC0, 0x00, 0x02, 0xFE, 0xBF, 0xC0, 0x00, 0x02,
    0xFE, 0xBF, 0xC0, 0x00, 0x01, 0xFE, 0xBF, 0xC0, 0x00, 0x01, 0xFE, 0xBF, 0xC0, 0x00, 0x01, 0xFE,
    0xBF, 0xC0, 0x00, 0x02, 0xFE, 0x7F, 0xC0, 0x00, 0x02, 0xFC, 0x3F, 0xC0, 0x00, 0x03, 0xFC, 0x3F,
    0xE0, 0x00, 0x03, 0xF8, 0x1F, 0xF0, 0x00, 0x0B, 0xF0, 0x0B, 0xF8, 0x00, 0x0F, 0xE0, 0x03, 0xFE,
    0x00, 0x3F, 0xC0, 0x00, 0xFF, 0xEB, 0xFE, 0x00, 0x00, 0x0F, 0xFF, 0xF0, 0x00, 0x00, 0x00, 0x14,
    0x00, 0x00, 0x00, 0x01, 0xA8, 0x00, 0x28, 0x00, 0x00, 0x0B, 0xFF, 0x80, 0xB8, 0x00, 0x00, 0x2F,
    0xFF, 0xFF, 0xF0, 0x00, 0x00, 0x3C, 0x0B, 0xFF, 0xC0, 0x00, 0x00, 0xB4, 0x00, 0xBE, 0x00, 0x00,
    0x00, 0x00, 0x00, 0x00, 0x00, 0x00, 0x00, 0x00, 0x00, 0x00, 0x00, 0x00, 0x00, 0x00, 0x00, 0x00,
    0x00, 0x00, 0x00, 0x00, 0x00, 0x19, 0x00, 0x00, 0x00, 0xBE, 0x0B, 0xFF, 0xE0, 0x00, 0x2F, 0xFE,
    0xBF, 0xFF, 0xF8, 0x00, 0x3F, 0xFF, 0xFF, 0xFF, 0xFC, 0x00, 0x02, 0xFF, 0x80, 0x07, 0xFE, 0x00,
    0x01, 0xFE, 0x00, 0x02, 0xFE, 0x00, 0x01, 0xFE, 0x00, 0x00, 0xFF, 0x00, 0x01, 0xFE, 0x00, 0x00,
    0xFF, 0x00, 0x01, 0xFE, 0x00, 0x00, 0xFF, 0x00, 0x01, 0xFE, 0x00, 0x00, 0xFF, 0x00, 0x01, 0xFE,
    0x00, 0x00, 0xFF, 0x00, 0x01, 0xFE, 0x00, 0x00, 0xFF, 0x00, 0x01, 0xFE, 0x00, 0x00, 0xFF, 0x00,
    0x01, 0xFE, 0x00, 0x00, 0xFF, 0x00, 0x01, 0xFE, 0x00, 0x00, 0xFF, 0x00, 0x01, 0xFE, 0x00, 0x00,
    0xFF, 0x00, 0x01, 0xFE, 0x00, 0x00, 0xFF, 0x00, 0x01, 0xFE, 0x00, 0x00, 0xFF, 0x00, 0x02, 0xFE,
    0x00, 0x00, 0xFF, 0x00, 0x3F, 0xFF, 0xF0, 0x2F, 0xFF, 0xF8, 0x3F, 0xFF, 0xF0, 0x2F, 0xFF, 0xF8,
    0x00, 0x00, 0x00, 0x00, 0x00, 0x00, 0x00, 0xBF, 0x00, 0x00, 0x00, 0x00, 0x00, 0xFF, 0xC0, 0x00,
    0x00, 0x00, 0x00, 0xBF, 0xF0, 0x00, 0x00, 0x00, 0x00, 0x2F, 0xF8, 0x00, 0x00, 0x00, 0x00, 0x03,
    0xFE, 0x00, 0x00, 0x00, 0x00, 0x00, 0xBF, 0x80, 0x00, 0x00, 0x00, 0x00, 0x0F, 0xC0, 0x00, 0x00,
    0x00, 0x00, 0x00, 0x00, 0x00, 0x00, 0x00, 0x00, 0x00, 0x00, 0x00, 0x00, 0x00, 0x00, 0x18, 0x00,
    0x00, 0x00, 0x00, 0x1F, 0xFF, 0xF8, 0x00, 0x00, 0x00, 0xFF, 0xEB, 0xFF, 0x00, 0x00, 0x03, 0xFE,
    0x00, 0x3F, 0xD0, 0x00, 0x0B, 0xF8, 0x00, 0x0F, 0xF0, 0x00, 0x1F, 0xF0, 0x00, 0x0B, 0xF8, 0x00,
    0x3F, 0xE0, 0x00, 0x03, 0xFC, 0x00, 0x3F, 0xC0, 0x00, 0x03, 0xFE, 0x00, 0x7F, 0xC0, 0x00, 0x02,
    0xFE, 0x00, 0xBF, 0xC0, 0x00, 0x02, 0xFF, 0x00, 0xBF, 0xC0, 0x00, 0x02, 0xFF, 0x00, 0xBF, 0xC0,
    0x00, 0x02, 0xFF, 0x00, 0xBF, 0xC0, 0x00, 0x02, 0xFF, 0x00, 0x7F, 0xC0, 0x00, 0x02, 0xFE, 0x00,
    0x3F, 0xC0, 0x00, 0x03, 0xFE, 0x00, 0x3F, 0xE0, 0x00, 0x03, 0xFC, 0x00, 0x1F, 0xF0, 0x00, 0x0B,
    0xF8, 0x00, 0x0F, 0xF8, 0x00, 0x0F, 0xF0, 0x00, 0x03, 0xFE, 0x00, 0x7F, 0xC0, 0x00, 0x00, 0xFF,
    0xEB, 0xFF, 0x00, 0x00, 0x00, 0x0F, 0xFF, 0xF8, 0x00, 0x00, 0x00, 0x00, 0x14, 0x00, 0x00, 0x00,
    0x00, 0x00, 0x00, 0x00, 0x00, 0x00, 0x00, 0x00, 0x00, 0xBF, 0x00, 0x00, 0x00, 0x00, 0x02, 0xFF,
    0x00, 0x00, 0x00, 0x00, 0x0B, 0xFF, 0x00, 0x00, 0x00, 0x00, 0x1F, 0xFC, 0x00, 0x00, 0x00, 0x00,
    0x3F, 0xE0, 0x00, 0x00, 0x00, 0x00, 0xFF, 0x00, 0x00, 0x00, 0x00, 0x03, 0xF4, 0x00, 0x00, 0x00,
    0x00, 0x00, 0x00, 0x00, 0x00, 0x00, 0x00, 0x00, 0x00, 0x00, 0x00, 0x00, 0x00, 0x00, 0x18, 0x00,
    0x00, 0x00, 0x00, 0x1F, 0xFF, 0xF8, 0x00, 0x00, 0x00, 0xFF, 0xEB, 0xFF, 0x00, 0x00, 0x03, 0xFE,
    0x00, 0x3F, 0xD0, 0x00, 0x0B, 0xF8, 0x00, 0x0F, 0xF0, 0x00, 0x1F, 0xF0, 0x00, 0x0B, 0xF8, 0x00,
    0x3F, 0xE0, 0x00, 0x03, 0xFC, 0x00, 0x3F, 0xC0, 0x00, 0x03, 0xFE, 0x00, 0x7F, 0xC0, 0x00, 0x02,
    0xFE, 0x00, 0xBF, 0xC0, 0x00, 0x02, 0xFF, 0x00, 0xBF, 0xC0, 0x00, 0x02, 0xFF, 0x00, 0xBF, 0xC0,
    0x00, 0x02, 0xFF, 0x00, 0xBF, 0xC0, 0x00, 0x02, 0xFF, 0x00, 0x7F, 0xC0, 0x00, 0x02, 0xFE, 0x00,
    0x3F, 0xC0, 0x00, 0x03, 0xFE, 0x00, 0x3F, 0xE0, 0x00, 0x03, 0xFC, 0x00, 0x1F, 0xF0, 0x00, 0x0B,
    0xF8, 0x00, 0x0F, 0xF8, 0x00, 0x0F, 0xF0, 0x00, 0x03, 0xFE, 0x00, 0x7F, 0xC0, 0x00, 0x00, 0xFF,
    0xEB, 0xFF, 0x00, 0x00, 0x00, 0x0F, 0xFF, 0xF8, 0x00, 0x00, 0x00, 0x00, 0x14, 0x00, 0x00, 0x00,
    0x00, 0x00, 0xAA, 0x00, 0x00, 0x00, 0x00, 0x02, 0xFF, 0x80, 0x00, 0x00, 0x00, 0x03, 0xFF, 0xE0,
    0x00, 0x00, 0x00, 0x0F, 0xFB, 0xF0, 0x00, 0x00, 0x00, 0x2F, 0xC2, 0xFC, 0x00, 0x00, 0x00, 0x7F,
    0x00, 0xBE, 0x00, 0x00, 0x00, 0xFC, 0x00, 0x2F, 0x80, 0x00, 0x00, 0x00, 0x00, 0x00, 0x00, 0x00,
    0x00, 0x00, 0x00, 0x00, 0x00, 0x00, 0x00, 0x00, 0x18, 0x00, 0x00, 0x00, 0x00, 0x1F, 0xFF, 0xF8,
    0x00, 0x00, 0x00, 0xFF, 0xEB, 0xFF, 0x00, 0x00, 0x03, 0xFE, 0x00, 0x3F, 0xD0, 0x00, 0x0B, 0xF8,
    0x00, 0x0F, 0xF0, 0x00, 0x1F, 0xF0, 0x00, 0x0B, 0xF8, 0x00, 0x3F, 0xE0, 0x00, 0x03, 0xFC, 0x00,
    0x3F, 0xC0, 0x00, 0x03, 0xFE, 0x00, 0x7F, 0xC0, 0x00, 0x02, 0xFE, 0x00, 0xBF, 0xC0, 0x00, 0x02,
    0xFF, 0x00, 0xBF, 0xC0, 0x00, 0x02, 0xFF, 0x00, 0xBF, 0xC0, 0x00, 0x02, 0xFF, 0x00, 0xBF, 0xC0,
    0x00, 0x02, 0xFF, 0x00, 0x7F, 0xC0, 0x00, 0x02, 0xFE, 0x00, 0x3F, 0xC0, 0x00, 0x03, 0xFE, 0x00,
    0x3F, 0xE0, 0x00, 0x03, 0xFC, 0x00, 0x1F, 0xF0, 0x00, 0x0B, 0xF8, 0x00, 0x0F, 0xF8, 0x00, 0x0F,
    0xF0, 0x00, 0x03, 0xFE, 0x00, 0x7F, 0xC0, 0x00, 0x00, 0xFF, 0xEB, 0xFF, 0x00, 0x00, 0x00, 0x0F,
    0xFF, 0xF8, 0x00, 0x00, 0x00, 0x00, 0x14, 0x00, 0x00, 0x00, 0x00, 0x0A, 0x80, 0x01, 0x80, 0x00,
    0x00, 0x3F, 0xFC, 0x03, 0xC0, 0x00, 0x00, 0xFF, 0xFF, 0xFF, 0x80, 0x00, 0x02, 0xE0, 0x3F, 0xFF,
    0x00, 0x00, 0x03, 0xC0, 0x07, 0xF8, 0x00, 0x00, 0x00, 0x00, 0x00, 0x00, 0x00, 0x00, 0x00, 0x00,
    0x00, 0x00, 0x00, 0x00, 0x00, 0x00, 0x00, 0x00, 0x00, 0x00, 0x00, 0x00, 0x18, 0x00, 0x00, 0x00,
    0x00, 0x1F, 0xFF, 0xF8, 0x00, 0x00, 0x00, 0xFF, 0xEB, 0xFF, 0x00, 0x00, 0x03, 0xFE, 0x00, 0x3F,
    0xD0, 0x00, 0x0B, 0xF8, 0x00, 0x0F, 0xF0, 0x00, 0x1F, 0xF0, 0x00, 0x0B, 0xF8, 0x00, 0x3F, 0xE0,
    0x00, 0x03, 0xFC, 0x00, 0x3F, 0xC0, 0x00, 0x03, 0xFE, 0x00, 0x7F, 0xC0, 0x00, 0x02, 0xFE, 0x00,
    0xBF, 0xC0, 0x00, 0x02, 0xFF, 0x00, 0xBF, 0xC0, 0x00, 0x02, 0xFF, 0x00, 0xBF, 0xC0, 0x00, 0x02,
    0xFF, 0x00, 0xBF, 0xC0, 0x00, 0x02, 0xFF, 0x00, 0x7F, 0xC0, 0x00, 0x02, 0xFE, 0x00, 0x3F, 0xC0,
    0x00, 0x03, 0xFE, 0x00, 0x3F, 0xE0, 0x00, 0x03, 0xFC, 0x00, 0x1F, 0xF0, 0x00, 0x0B, 0xF8, 0x00,
    0x0F, 0xF8, 0x00, 0x0F, 0xF0, 0x00, 0x03, 0xFE, 0x00, 0x7F, 0xC0, 0x00, 0x00, 0xFF, 0xEB, 0xFF,
    0x00, 0x00, 0x00, 0x0F, 0xFF, 0xF8, 0x00, 0x00, 0x00, 0x00, 0x14, 0x00, 0x00, 0x00, 0x00, 0x28,
    0x00, 0x2A, 0x00, 0x00, 0x00, 0xFF, 0x00, 0xBF, 0x80, 0x00, 0x01, 0xFF, 0x00, 0xFF, 0x80, 0x00,
    0x00, 0xFF, 0x00, 0xBF, 0x80, 0x00, 0x00, 0xBC, 0x00, 0x2E, 0x00, 0x00, 0x00, 0x00, 0x00, 0x00,
    0x00, 0x00, 0x00, 0x00, 0x00, 0x00, 0x00, 0x00, 0x00, 0x00, 0x00, 0x00, 0x00, 0x00, 0x00, 0x00,
    0x18, 0x00, 0x00, 0x00, 0x00, 0x1F, 0xFF, 0xF8, 0x00, 0x00, 0x00, 0xFF, 0xEB, 0xFF, 0x00, 0x00,
    0x03, 0xFE, 0x00, 0x3F, 0xD0, 0x00, 0x0B, 0xF8, 0x00, 0x0F, 0xF0, 0x00, 0x1F, 0xF0, 0x00, 0x0B,
    0xF8, 0x00, 0x3F, 0xE0, 0x00, 0x03, 0xFC, 0x00, 0x3F, 0xC0, 0x00, 0x03, 0xFE, 0x00, 0x7F, 0xC0,
    0x00, 0x02, 0xFE, 0x00, 0xBF, 0xC0, 0x00, 0x02, 0xFF, 0x00, 0xBF, 0xC0, 0x00, 0x02, 0xFF, 0x00,
    0xBF, 0xC0, 0x00, 0x02, 0xFF, 0x00, 0xBF, 0xC0, 0x00, 0x02, 0xFF, 0x00, 0x7F, 0xC0, 0x00, 0x02,
    0xFE, 0x00, 0x3F, 0xC0, 0x00, 0x03, 0xFE, 0x00, 0x3F, 0xE0, 0x00, 0x03, 0xFC, 0x00, 0x1F, 0xF0,
    0x00, 0x0B, 0xF8, 0x00, 0x0F, 0xF8, 0x00, 0x0F, 0xF0, 0x00, 0x03, 0xFE, 0x00, 0x7F, 0xC0, 0x00,
    0x00, 0xFF, 0xEB, 0xFF, 0x00, 0x00, 0x00, 0x0F, 0xFF, 0xF8, 0x00, 0x00, 0x00, 0x00, 0x14, 0x00,
    0x00, 0x00, 0x00, 0x00, 0x01, 0x90, 0x00, 0x00, 0x00, 0x00, 0x00, 0x0B, 0xF8, 0x00, 0x00, 0x00,
    0x00, 0x00, 0x0F, 0xFC, 0x00, 0x00, 0x00, 0x00, 0x00, 0x0F, 0xFC, 0x00, 0x00, 0x00, 0x00, 0x00,
    0x0B, 0xF8, 0x00, 0x00, 0x00, 0x00, 0x00, 0x00, 0x80, 0x00, 0x00, 0x00, 0x00, 0x00, 0x00, 0x00,
    0x00, 0x00, 0x00, 0x00, 0x00, 0x00, 0x00, 0x00, 0x00, 0x00, 0xBF, 0xFF, 0xFF, 0xFF, 0xFF, 0xFF,
    0x80, 0xFF, 0xFF, 0xFF, 0xFF, 0xFF, 0xFF, 0xC0, 0xFF, 0xFF, 0xFF, 0xFF, 0xFF, 0xFF, 0xC0, 0x00,
    0x00, 0x00, 0x00, 0x00, 0x00, 0x00, 0x00, 0x00, 0x00, 0x00, 0x00, 0x00, 0x00, 0x00, 0x00, 0x00,
    0x40, 0x00, 0x00, 0x00, 0x00, 0x00, 0x0B, 0xF8, 0x00, 0x00, 0x00, 0x00, 0x00, 0x0F, 0xFC, 0x00,
    0x00, 0x00, 0x00, 0x00, 0x0F, 0xFC, 0x00, 0x00, 0x00, 0x00, 0x00, 0x0B, 0xF8, 0x00, 0x00, 0x00,
    0x00, 0x00, 0x02, 0xA0, 0x00, 0x00, 0x00, 0x00, 0x00, 0x00, 0x00, 0x00, 0x00, 0x00, 0x00, 0x00,
    0x00, 0xE0, 0x00, 0x00, 0x00, 0x00, 0x03, 0xE0, 0x00, 0x00, 0x00, 0x19, 0x03, 0xC0, 0x00, 0x00,
    0x1F, 0xFF, 0xFF, 0x00, 0x00, 0x00, 0xFF, 0xEB, 0xFF, 0x00, 0x00, 0x03, 0xFE, 0x00, 0xBF, 0xD0,
    0x00, 0x0B, 0xF8, 0x00, 0xBF, 0xF0, 0x00, 0x1F, 0xF0, 0x00, 0xFF, 0xF8, 0x00, 0x3F, 0xE0, 0x03,
    0xE3, 0xFC, 0x00, 0x3F, 0xC0, 0x03, 0xC3, 0xFE, 0x00, 0x7F, 0xC0, 0x0F, 0x02, 0xFE, 0x00, 0xBF,
    0xC0, 0x2F, 0x02, 0xFF, 0x00, 0xBF, 0xC0, 0x3C, 0x02, 0xFF, 0x00, 0xBF, 0xC0, 0xB8, 0x02, 0xFF,
    0x00, 0xBF, 0xC0, 0xF0, 0x02, 0xFF, 0x00, 0xBF, 0xC3, 0xE0, 0x02, 0xFE, 0x00, 0x3F, 0xC3, 0xC0,
    0x03, 0xFE, 0x00, 0x3F, 0xEF, 0x00, 0x03, 0xFC, 0x00, 0x1F, 0xFF, 0x00, 0x0B, 0xF8, 0x00, 0x0F,
    0xFC, 0x00, 0x0F, 0xF0, 0x00, 0x03, 0xFE, 0x00, 0x7F, 0xC0, 0x00, 0x00, 0xFF, 0xEB, 0xFF, 0x00,
    0x00, 0x03, 0xEF, 0xFF, 0xF8, 0x00, 0x00, 0x03, 0xC0, 0x14, 0x00, 0x00, 0x00, 0x0F, 0x00, 0x00,
    0x00, 0x00, 0x00, 0x0E, 0x00, 0x00, 0x00, 0x00, 0x00, 0x00, 0x00, 0x00, 0x00, 0x00, 0x00, 0x00,
    0x00, 0x00, 0x00, 0x00, 0x00, 0x00, 0x0F, 0xE0, 0x00, 0x00, 0x00, 0x00, 0x0F, 0xF8, 0x00, 0x00,
    0x00, 0x00, 0x0F, 0xFC, 0x00, 0x00, 0x00, 0x00, 0x03, 0xFF, 0x00, 0x00, 0x00, 0x00, 0x00, 0xBF,
    0xC0, 0x00, 0x00, 0x00, 0x00, 0x0F, 0xF0, 0x00, 0x00, 0x00, 0x00, 0x02, 0xF8, 0x00, 0x00, 0x00,
    0x00, 0x00, 0x00, 0x00, 0x00, 0x00, 0x00, 0x00, 0x00, 0x00, 0x00, 0x00, 0x18, 0x00, 0x00, 0x09,
    0x00, 0x0B, 0xFE, 0x00, 0x06, 0xFF, 0x00, 0x3F, 0xFE, 0x00, 0x3F, 0xFF, 0x00, 0x2B, 0xFE, 0x00,
    0x2A, 0xFF, 0x00, 0x01, 0xFE, 0x00, 0x00, 0xFF, 0x00, 0x01, 0xFE, 0x00, 0x00, 0xFF, 0x00, 0x01,
    0xFE, 0x00, 0x00, 0xFF, 0x00, 0x01, 0xFE, 0x00, 0x00, 0xFF, 0x00, 0x01, 0xFE, 0x00, 0x00, 0xFF,
    0x00, 0x01, 0xFE, 0x00, 0x00, 0xFF, 0x00, 0x01, 0xFE, 0x00, 0x00, 0xFF, 0x00, 0x01, 0xFE, 0x00,
    0x00, 0xFF, 0x00, 0x01, 0xFE, 0x00, 0x00, 0xFF, 0x00, 0x01, 0xFE, 0x00, 0x00, 0xFF, 0x00, 0x01,
    0xFE, 0x00, 0x00, 0xFF, 0x00, 0x00, 0xFF, 0x00, 0x00, 0xFF, 0x00, 0x00, 0xFF, 0x00, 0x00, 0xFF,
    0x00, 0x00, 0xFF, 0xC0, 0x02, 0xFF, 0x00, 0x00, 0xBF, 0xFA, 0xBF, 0xFF, 0x00, 0x00, 0x3F, 0xFF,
    0xF8, 0xFF, 0xF8, 0x00, 0x0F, 0xFF, 0x80, 0xFF, 0xF8, 0x00, 0x00, 0x10, 0x00, 0x00, 0x00, 0x00,
    0x00, 0x00, 0x00, 0x00, 0x00, 0x00, 0x00, 0x00, 0x0F, 0xC0, 0x00, 0x00, 0x00, 0x00, 0x3F, 0xE0,
    0x00, 0x00, 0x00, 0x00, 0xFF, 0xD0, 0x00, 0x00, 0x00, 0x03, 0xFF, 0x80, 0x00, 0x00, 0x00, 0x0F,
    0xFC, 0x00, 0x00, 0x00, 0x00, 0x2F, 0xD0, 0x00, 0x00, 0x00, 0x00, 0xBE, 0x00, 0x00, 0x00, 0x00,
    0x00, 0x00, 0x00, 0x00, 0x00, 0x00, 0x00, 0x00, 0x00, 0x00, 0x00, 0x00, 0x18, 0x00, 0x00, 0x09,
    0x00, 0x0B, 0xFE, 0x00, 0x06, 0xFF, 0x00, 0x3F, 0xFE, 0x00, 0x3F, 0xFF, 0x00, 0x2B, 0xFE, 0x00,
    0x2A, 0xFF, 0x00, 0x01, 0xFE, 0x00, 0x00, 0xFF, 0x00, 0x01, 0xFE, 0x00, 0x00, 0xFF, 0x00, 0x01,
    0xFE, 0x00, 0x00, 0xFF, 0x00, 0x01, 0xFE, 0x00, 0x00, 0xFF, 0x00, 0x01, 0xFE, 0x00, 0x00, 0xFF,
    0x00, 0x01, 0xFE, 0x00, 0x00, 0xFF, 0x00, 0x01, 0xFE, 0x00, 0x00, 0xFF, 0x00, 0x01, 0xFE, 0x00,
    0x00, 0xFF, 0x00, 0x01, 0xFE, 0x00, 0x00, 0xFF, 0x00, 0x01, 0xFE, 0x00, 0x00, 0xFF, 0x00, 0x01,
    0xFE, 0x00, 0x00, 0xFF, 0x00, 0x00, 0xFF, 0x00, 0x00, 0xFF, 0x00, 0x00, 0xFF, 0x00, 0x00, 0xFF,
    0x00, 0x00, 0xFF, 0xC0, 0x02, 0xFF, 0x00, 0x00, 0xBF, 0xFA, 0xBF, 0xFF, 0x00, 0x00, 0x3F, 0xFF,
    0xF8, 0xFF, 0xF8, 0x00, 0x0F, 0xFF, 0x80, 0xFF, 0xF8, 0x00, 0x00, 0x10, 0x00, 0x00, 0x00, 0x00,
    0x00, 0x0A, 0x90, 0x00, 0x00, 0x00, 0x00, 0x3F, 0xF0, 0x00, 0x00, 0x00, 0x00, 0xBF, 0xFC, 0x00,
    0x00, 0x00, 0x02, 0xFE, 0xFE, 0x00, 0x00, 0x00, 0x03, 0xF8, 0x3F, 0x80, 0x00, 0x00, 0x0F, 0xE0,
    0x0F, 0xC0, 0x00, 0x00, 0x2F, 0x40, 0x03, 0xF0, 0x00, 0x00, 0x00, 0x00, 0x00, 0x00, 0x00, 0x00,
    0x00, 0x00, 0x00, 0x00, 0x00, 0x00, 0x18, 0x00, 0x00, 0x09, 0x00, 0x0B, 0xFE, 0x00, 0x06, 0xFF,
    0x00, 0x3F, 0xFE, 0x00, 0x3F, 0xFF, 0x00, 0x2B, 0xFE, 0x00, 0x2A, 0xFF, 0x00, 0x01, 0xFE, 0x00,
    0x00, 0xFF, 0x00, 0x01, 0xFE, 0x00, 0x00, 0xFF, 0x00, 0x01, 0xFE, 0x00, 0x00, 0xFF, 0x00, 0x01,
    0xFE, 0x00, 0x00, 0xFF, 0x00, 0x01, 0xFE, 0x00, 0x00, 0xFF, 0x00, 0x01, 0xFE, 0x00, 0x00, 0xFF,
    0x00, 0x01, 0xFE, 0x00, 0x00, 0xFF, 0x00, 0x01, 0xFE, 0x00, 0x00, 0xFF, 0x00, 0x01, 0xFE, 0x00,
    0x00, 0xFF, 0x00, 0x01, 0xFE, 0x00, 0x00, 0xFF, 0x00, 0x01, 0xFE, 0x00, 0x00, 0xFF, 0x00, 0x00,
    0xFF, 0x00, 0x00, 0xFF, 0x00, 0x00, 0xFF, 0x00, 0x00, 0xFF, 0x00, 0x00, 0xFF, 0xC0, 0x02, 0xFF,
    0x00, 0x00, 0xBF, 0xFA, 0xBF, 0xFF, 0x00, 0x00, 0x3F, 0xFF, 0xF8, 0xFF, 0xF8, 0x00, 0x0F, 0xFF,
    0x80, 0xFF, 0xF8, 0x00, 0x00, 0x10, 0x00, 0x00, 0x00, 0x00, 0x0A, 0x80, 0x02, 0x80, 0x00, 0x00,
    0x2F, 0xD0, 0x0F, 0xF0, 0x00, 0x00, 0x3F, 0xE0, 0x2F, 0xF0, 0x00, 0x00, 0x2F, 0xE0, 0x0F, 0xF0,
    0x00, 0x00, 0x0F, 0x80, 0x0B, 0xC0, 0x00, 0x00, 0x00, 0x00, 0x00, 0x00, 0x00, 0x00, 0x00, 0x00,
    0x00, 0x00, 0x00, 0x00, 0x00, 0x00, 0x00, 0x00, 0x00, 0x00, 0x18, 0x00, 0x00, 0x09, 0x00, 0x0B,
    0xFE, 0x00, 0x06, 0xFF, 0x00, 0x3F, 0xFE, 0x00, 0x3F, 0xFF, 0x00, 0x2B, 0xFE, 0x00, 0x2A, 0xFF,
    0x00, 0x01, 0xFE, 0x00, 0x00, 0xFF, 0x00, 0x01, 0xFE, 0x00, 0x00, 0xFF, 0x00, 0x01, 0xFE, 0x00,
    0x00, 0xFF, 0x00, 0x01, 0xFE, 0x00, 0x00, 0xFF, 0x00, 0x01, 0xFE, 0x00, 0x00, 0xFF, 0x00, 0x01,
    0xFE, 0x00, 0x00, 0xFF, 0x00, 0x01, 0xFE, 0x00, 0x00, 0xFF, 0x00, 0x01, 0xFE, 0x00, 0x00, 0xFF,
    0x00, 0x01, 0xFE, 0x00, 0x00, 0xFF, 0x00, 0x01, 0xFE, 0x00, 0x00, 0xFF, 0x00, 0x01, 0xFE, 0x00,
    0x00, 0xFF, 0x00, 0x00, 0xFF, 0x00, 0x00, 0xFF, 0x00, 0x00, 0xFF, 0x00, 0x00, 0xFF, 0x00, 0x00,
    0xFF, 0xC0, 0x02, 0xFF, 0x00, 0x00, 0xBF, 0xFA, 0xBF, 0xFF, 0x00, 0x00, 0x3F, 0xFF, 0xF8, 0xFF,
    0xF8, 0x00, 0x0F, 0xFF, 0x80, 0xFF, 0xF8, 0x00, 0x00, 0x10, 0x00, 0x00, 0x00, 0x00, 0x00, 0x00,
    0x00, 0x00, 0x00, 0x00, 0x00, 0x00, 0x2F, 0xC0, 0x00, 0x00, 0x00, 0x00, 0xBF, 0xC0, 0x00, 0x00,
    0x00, 0x02, 0xFF, 0xC0, 0x00, 0x00, 0x00, 0x03, 0xFF, 0x00, 0x00, 0x00, 0x00, 0x0F, 0xF8, 0x00,
    0x00, 0x00, 0x00, 0x3F, 0xC0, 0x00, 0x00, 0x00, 0x00, 0xFE, 0x00, 0x00, 0x00, 0x00, 0x00, 0x00,
    0x00, 0x00, 0x00, 0x00, 0x00, 0x00, 0x00, 0x00, 0x00, 0x00, 0x00, 0x00, 0x00, 0x00, 0x00, 0xBF,
    0xFF, 0xE0, 0x0F, 0xFF, 0xD0, 0xBF, 0xFF, 0xE0, 0x0F, 0xFF, 0xC0, 0x03, 0xFC, 0x00, 0x00, 0xBC,
    0x00, 0x03, 0xFC, 0x00, 0x00, 0xF8, 0x00, 0x02, 0xFE, 0x00, 0x00, 0xF0, 0x00, 0x00, 0xFF, 0x00,
    0x02, 0xF0, 0x00, 0x00, 0xBF, 0x80, 0x03, 0xE0, 0x00, 0x00, 0x3F, 0xC0, 0x0B, 0xC0, 0x00, 0x00,
    0x3F, 0xC0, 0x0F, 0x80, 0x00, 0x00, 0x2F, 0xE0, 0x0F, 0x00, 0x00, 0x00, 0x0F, 0xF0, 0x3F, 0x00,
    0x00, 0x00, 0x0B, 0xF8, 0x3D, 0x00, 0x00, 0x00, 0x03, 0xFC, 0xBC, 0x00, 0x00, 0x00, 0x03, 0xFC,
    0xF8, 0x00, 0x00, 0x00, 0x02, 0xFF, 0xF0, 0x00, 0x00, 0x00, 0x00, 0xFF, 0xE0, 0x00, 0x00, 0x00,
    0x00, 0xFF, 0xC0, 0x00, 0x00, 0x00, 0x00, 0x7F, 0xC0, 0x00, 0x00, 0x00, 0x00, 0x3F, 0x80, 0x00,
    0x00, 0x00, 0x00, 0x2F, 0x00, 0x00, 0x00, 0x00, 0x00, 0x3E, 0x00, 0x00, 0x00, 0x00, 0x00, 0x3C,
    0x00, 0x00, 0x00, 0x00, 0x00, 0xBC, 0x00, 0x00, 0x00, 0x00, 0x00, 0xF4, 0x00, 0x00, 0x00, 0x08,
    0x02, 0xF0, 0x00, 0x00, 0x00, 0x2F, 0x8B, 0xC0, 0x00, 0x00, 0x00, 0x3F, 0xFF, 0x80, 0x00, 0x00,
    0x00, 0x3F, 0xFF, 0x00, 0x00, 0x00, 0x00, 0x1F, 0xF8, 0x00, 0x00, 0x00, 0x00, 0x00, 0x00, 0x00,
    0x00, 0x00, 0x00, 0x00, 0x08, 0x00, 0x00, 0x00, 0x00, 0x06, 0xFE, 0x00, 0x00, 0x00, 0x00, 0x3F,
    0xFE, 0x00, 0x00, 0x00, 0x00, 0x2B, 0xFE, 0x00, 0x00, 0x00, 0x00, 0x01, 0xFE, 0x00, 0x00, 0x00,
    0x00, 0x01, 0xFE, 0x00, 0x00, 0x00, 0x00, 0x01, 0xFE, 0x00, 0x00, 0x00, 0x00, 0x01, 0xFE, 0x00,
    0x00, 0x00, 0x00, 0x01, 0xFE, 0x00, 0x00, 0x00, 0x00, 0x01, 0xFE, 0x00, 0x00, 0x00, 0x00, 0x01,
    0xFE, 0x00, 0x64, 0x00, 0x00, 0x01, 0xFE, 0x0F, 0xFF, 0xC0, 0x00, 0x01, 0xFE, 0xBF, 0xFF, 0xF8,
    0x00, 0x01, 0xFF, 0xFE, 0xBF, 0xFE, 0x00, 0x01, 0xFF, 0x40, 0x0B, 0xFF, 0x00, 0x01, 0xFE, 0x00,
    0x02, 0xFF, 0x80, 0x01, 0xFE, 0x00, 0x00, 0xFF, 0xC0, 0x01, 0xFE, 0x00, 0x00, 0x3F, 0xC0, 0x01,
    0xFE, 0x00, 0x00, 0x3F, 0xD0, 0x01, 0xFE, 0x00, 0x00, 0x3F, 0xE0, 0x01, 0xFE, 0x00, 0x00, 0x2F,
    0xE0, 0x01, 0xFE, 0x00, 0x00, 0x2F, 0xE0, 0x01, 0xFE, 0x00, 0x00, 0x3F, 0xD0, 0x01, 0xFE, 0x00,
    0x00, 0x3F, 0xC0, 0x01, 0xFE, 0x00, 0x00, 0x3F, 0xC0, 0x01, 0xFE, 0x00, 0x00, 0xBF, 0x80, 0x01,
    0xFE, 0x00, 0x00, 0xFF, 0x00, 0x01, 0xFE, 0x00, 0x03, 0xFE, 0x00, 0x01, 0xFE, 0x00, 0x0F, 0xFC,
    0x00, 0x01, 0xFF, 0xFA, 0xFF, 0xE0, 0x00, 0x01, 0xFF, 0xFF, 0xFE, 0x00, 0x00, 0x01, 0xFE, 0x05,
    0x00, 0x00, 0x00, 0x01, 0xFE, 0x00, 0x00, 0x00, 0x00, 0x01, 0xFE, 0x00, 0x00, 0x00, 0x00, 0x01,
    0xFE, 0x00, 0x00, 0x00, 0x00, 0x01, 0xFE, 0x00, 0x00, 0x00, 0x00, 0x01, 0xFE, 0x00, 0x00, 0x00,
    0x00, 0x02, 0xFF, 0x00, 0x00, 0x00, 0x00, 0x3F, 0xFF, 0xFC, 0x00, 0x00, 0x00, 0x3F, 0xFF, 0xFC,
    0x00, 0x00, 0x00, 0x00, 0x0A, 0x00, 0x0A, 0x80, 0x00, 0x00, 0x3F, 0xC0, 0x2F, 0xE0, 0x00, 0x00,
    0x3F, 0xC0, 0x3F, 0xE0, 0x00, 0x00, 0x3F, 0xC0, 0x2F, 0xE0, 0x00, 0x00, 0x1F, 0x40, 0x0B, 0x80,
    0x00, 0x00, 0x00, 0x00, 0x00, 0x00, 0x00, 0x00, 0x00, 0x00, 0x00, 0x00, 0x00, 0x00, 0x00, 0x00,
    0x00, 0x00, 0x00, 0x00, 0x00, 0x00, 0x00, 0x00, 0x00, 0xBF, 0xFF, 0xE0, 0x0F, 0xFF, 0xD0, 0xBF,
    0xFF, 0xE0, 0x0F, 0xFF, 0xC0, 0x03, 0xFC, 0x00, 0x00, 0xBC, 0x00, 0x03, 0xFC, 0x00, 0x00, 0xF8,
    0x00, 0x02, 0xFE, 0x00, 0x00, 0xF0, 0x00, 0x00, 0xFF, 0x00, 0x02, 0xF0, 0x00, 0x00, 0xBF, 0x80,
    0x03, 0xE0, 0x00, 0x00, 0x3F, 0xC0, 0x0B, 0xC0, 0x00, 0x00, 0x3F, 0xC0, 0x0F, 0x80, 0x00, 0x00,
    0x2F, 0xE0, 0x0F, 0x00, 0x00, 0x00, 0x0F, 0xF0, 0x3F, 0x00, 0x00, 0x00, 0x0B, 0xF8, 0x3D, 0x00,
    0x00, 0x00, 0x03, 0xFC, 0xBC, 0x00, 0x00, 0x00, 0x03, 0xFC, 0xF8, 0x00, 0x00, 0x00, 0x02, 0xFF,
    0xF0, 0x00, 0x00, 0x00, 0x00, 0xFF, 0xE0, 0x00, 0x00, 0x00, 0x00, 0xFF, 0xC0, 0x00, 0x00, 0x00,
    0x00, 0x7F, 0xC0, 0x00, 0x00, 0x00, 0x00, 0x3F, 0x80, 0x00, 0x00, 0x00, 0x00, 0x2F, 0x00, 0x00,
    0x00, 0x00, 0x00, 0x3E, 0x00, 0x00, 0x00, 0x00, 0x00, 0x3C, 0x00, 0x00, 0x00, 0x00, 0x00, 0xBC,
    0x00, 0x00, 0x00, 0x00, 0x00, 0xF4, 0x00, 0x00, 0x00, 0x08, 0x02, 0xF0, 0x00, 0x00, 0x00, 0x2F,
    0x8B, 0xC0, 0x00, 0x00, 0x00, 0x3F, 0xFF, 0x80, 0x00, 0x00, 0x00, 0x3F, 0xFF, 0x00, 0x00, 0x00,
    0x00, 0x1F, 0xF8, 0x00, 0x00, 0x00, 0x00, 0x00, 0x00, 0x00, 0x00, 0x00, 0x00, 0x00, 0x03, 0xFF,
    0xFF, 0xFF, 0x80, 0x00, 0x00, 0x03, 0xFF, 0xFF, 0xFF, 0x80, 0x00, 0x00, 0x03, 0xFF, 0xFF, 0xFF,
    0x80, 0x00, 0x00, 0x00, 0x00, 0x00, 0x00, 0x00, 0x00, 0x00, 0x00, 0x00, 0x00, 0x00, 0x00, 0x00,
    0x00, 0x00, 0x00, 0x00, 0x00, 0x00, 0x00, 0x00, 0x00, 0x00, 0x54, 0x00, 0x00, 0x00, 0x00, 0x00,
    0x00, 0xFE, 0x00, 0x00, 0x00, 0x00, 0x00, 0x02, 0xFF, 0x00, 0x00, 0x00, 0x00, 0x00, 0x03, 0xFF,
    0x40, 0x00, 0x00, 0x00, 0x00, 0x07, 0xFF, 0xC0, 0x00, 0x00, 0x00, 0x00, 0x0F, 0xFF, 0xC0, 0x00,
    0x00, 0x00, 0x00, 0x0F, 0xFF, 0xE0, 0x00, 0x00, 0x00, 0x00, 0x2F, 0xAF, 0xF0, 0x00, 0x00, 0x00,
    0x00, 0x3F, 0x0F, 0xF0, 0x00, 0x00, 0x00, 0x00, 0x3E, 0x0F, 0xF8, 0x00, 0x00, 0x00, 0x00, 0xBC,
    0x0B, 0xFC, 0x00, 0x00, 0x00, 0x00, 0xFC, 0x03, 0xFD, 0x00, 0x00, 0x00, 0x00, 0xF8, 0x03, 0xFF,
    0x00, 0x00, 0x00, 0x02, 0xF0, 0x02, 0xFF, 0x00, 0x00, 0x00, 0x03, 0xF0, 0x00, 0xFF, 0x80, 0x00,
    0x00, 0x0B, 0xE0, 0x00, 0xBF, 0xC0, 0x00, 0x00, 0x0F, 0xE0, 0x00, 0xBF, 0xC0, 0x00, 0x00, 0x0F,
    0xFF, 0xFF, 0xFF, 0xE0, 0x00, 0x00, 0x2F, 0xFF, 0xFF, 0xFF, 0xF0, 0x00, 0x00, 0x3F, 0x00, 0x00,
    0x0F, 0xF4, 0x00, 0x00, 0x3E, 0x00, 0x00, 0x0F, 0xFC, 0x00, 0x00, 0xBC, 0x00, 0x00, 0x0B, 0xFC,
    0x00, 0x00, 0xFC, 0x00, 0x00, 0x03, 0xFE, 0x00, 0x01, 0xF8, 0x00, 0x00, 0x02, 0xFF, 0x00, 0x03,
    0xF0, 0x00, 0x00, 0x00, 0xFF, 0x00, 0x03, 0xF0, 0x00, 0x00, 0x00, 0xFF, 0x80, 0x0B, 0xF0, 0x00,
    0x00, 0x00, 0xFF, 0xD0, 0xFF, 0xFF, 0x80, 0x00, 0x1F, 0xFF, 0xFE, 0xFF, 0xFF, 0x80, 0x00, 0x1F,
    0xFF, 0xFE, 0x0B, 0xFF, 0xFF, 0xFF, 0x00, 0x0B, 0xFF, 0xFF, 0xFF, 0x00, 0x0B, 0xFF, 0xFF, 0xFF,
    0x00, 0x00, 0x00, 0x00, 0x00, 0x00, 0x00, 0x00, 0x00, 0x00, 0x00, 0x00, 0x00, 0x00, 0x00, 0x00,
    0x00, 0x00, 0x69, 0x00, 0x00, 0x00, 0xBF, 0xFF, 0xF0, 0x00, 0x03, 0xFF, 0xAF, 0xFC, 0x00, 0x0F,
    0xF0, 0x02, 0xFF, 0x00, 0x2F, 0xF0, 0x00, 0xFF, 0x00, 0x2F, 0xF0, 0x00, 0xBF, 0x00, 0x0A, 0xA0,
    0x00, 0xBF, 0x40, 0x00, 0x00, 0x00, 0xBF, 0x80, 0x00, 0x00, 0x02, 0xFF, 0x80, 0x00, 0x02, 0xFF,
    0xFF, 0x80, 0x00, 0x7F, 0xF8, 0xBF, 0x80, 0x03, 0xFE, 0x00, 0xBF, 0x80, 0x2F, 0xF0, 0x00, 0xBF,
    0x80, 0x3F, 0xC0, 0x00, 0xBF, 0x80, 0xBF, 0x80, 0x00, 0xBF, 0x80, 0xBF, 0x80, 0x00, 0xBF, 0x80,
    0xBF, 0x80, 0x00, 0xBF, 0x80, 0x7F, 0xC0, 0x02, 0xFF, 0x80, 0x3F, 0xF8, 0x2F, 0xFF, 0x80, 0x2F,
    0xFF, 0xFC, 0x3F, 0xFC, 0x07, 0xFF, 0xD0, 0x3F, 0xFC, 0x00, 0x14, 0x00, 0x00, 0x00, 0x00, 0x02,
    0xD0, 0x00, 0x0F, 0x00, 0x00, 0x00, 0x00, 0xF0, 0x00, 0x2E, 0x00, 0x00, 0x00, 0x00, 0xFC, 0x00,
    0xBD, 0x00, 0x00, 0x00, 0x00, 0xBF, 0xEB, 0xFC, 0x00, 0x00, 0x00, 0x00, 0x3F, 0xFF, 0xF0, 0x00,
    0x00, 0x00, 0x00, 0x0B, 0xFF, 0x80, 0x00, 0x00, 0x00, 0x00, 0x00, 0x00, 0x00, 0x00, 0x00, 0x00,
    0x00, 0x00, 0x00, 0x00, 0x00, 0x00, 0x00, 0x00, 0x00, 0x54, 0x00, 0x00, 0x00, 0x00, 0x00, 0x00,
    0xFE, 0x00, 0x00, 0x00, 0x00, 0x00, 0x02, 0xFF, 0x00, 0x00, 0x00, 0x00, 0x00, 0x03, 0xFF, 0x40,
    0x00, 0x00, 0x00, 0x00, 0x07, 0xFF, 0xC0, 0x00, 0x00, 0x00, 0x00, 0x0F, 0xFF, 0xC0, 0x00, 0x00,
    0x00, 0x00, 0x0F, 0xFF, 0xE0, 0x00, 0x00, 0x00, 0x00, 0x2F, 0xAF, 0xF0, 0x00, 0x00, 0x00, 0x00,
    0x3F, 0x0F, 0xF0, 0x00, 0x00, 0x00, 0x00, 0x3E, 0x0F, 0xF8, 0x00, 0x00, 0x00, 0x00, 0xBC, 0x0B,
    0xFC, 0x00, 0x00, 0x00, 0x00, 0xFC, 0x03, 0xFD, 0x00, 0x00, 0x00, 0x00, 0xF8, 0x03, 0xFF, 0x00,
    0x00, 0x00, 0x02, 0xF0, 0x02, 0xFF, 0x00, 0x00, 0x00, 0x03, 0xF0, 0x00, 0xFF, 0x80, 0x00, 0x00,
    0x0B, 0xE0, 0x00, 0xBF, 0xC0, 0x00, 0x00, 0x0F, 0xE0, 0x00, 0xBF, 0xC0, 0x00, 0x00, 0x0F, 0xFF,
    0xFF, 0xFF, 0xE0, 0x00, 0x00, 0x2F, 0xFF, 0xFF, 0xFF, 0xF0, 0x00, 0x00, 0x3F, 0x00, 0x00, 0x0F,
    0xF4, 0x00, 0x00, 0x3E, 0x00, 0x00, 0x0F, 0xFC, 0x00, 0x00, 0xBC, 0x00, 0x00, 0x0B, 0xFC, 0x00,
    0x00, 0xFC, 0x00, 0x00, 0x03, 0xFE, 0x00, 0x01, 0xF8, 0x00, 0x00, 0x02, 0xFF, 0x00, 0x03, 0xF0,
    0x00, 0x00, 0x00, 0xFF, 0x00, 0x03, 0xF0, 0x00, 0x00, 0x00, 0xFF, 0x80, 0x0B, 0xF0, 0x00, 0x00,
    0x00, 0xFF, 0xD0, 0xFF, 0xFF, 0x80, 0x00, 0x1F, 0xFF, 0xFE, 0xFF, 0xFF, 0x80, 0x00, 0x1F, 0xFF,
    0xFE, 0x03, 0xC0, 0x00, 0x2C, 0x00, 0x03, 0xD0, 0x00, 0x3C, 0x00, 0x02, 0xF8, 0x00, 0xFC, 0x00,
    0x00, 0xFF, 0xAF, 0xF8, 0x00, 0x00, 0x3F, 0xFF, 0xE0, 0x00, 0x00, 0x0F, 0xFF, 0x80, 0x00, 0x00,
    0x00, 0x00, 0x00, 0x00, 0x00, 0x00, 0x00, 0x00, 0x00, 0x00, 0x00, 0x69, 0x00, 0x00, 0x00, 0xBF,
    0xFF, 0xF0, 0x00, 0x03, 0xFF, 0xAF, 0xFC, 0x00, 0x0F, 0xF0, 0x02, 0xFF, 0x00, 0x2F, 0xF0, 0x00,
    0xFF, 0x00, 0x2F, 0xF0, 0x00, 0xBF, 0x00, 0x0A, 0xA0, 0x00, 0xBF, 0x40, 0x00, 0x00, 0x00, 0xBF,
    0x80, 0x00, 0x00, 0x02, 0xFF, 0x80, 0x00, 0x02, 0xFF, 0xFF, 0x80, 0x00, 0x7F, 0xF8, 0xBF, 0x80,
    0x03, 0xFE, 0x00, 0xBF, 0x80, 0x2F, 0xF0, 0x00, 0xBF, 0x80, 0x3F, 0xC0, 0x00, 0xBF, 0x80, 0xBF,
    0x80, 0x00, 0xBF, 0x80, 0xBF, 0x80, 0x00, 0xBF, 0x80, 0xBF, 0x80, 0x00, 0xBF, 0x80, 0x7F, 0xC0,
    0x02, 0xFF, 0x80, 0x3F, 0xF8, 0x2F, 0xFF, 0x80, 0x2F, 0xFF, 0xFC, 0x3F, 0xFC, 0x07, 0xFF, 0xD0,
    0x3F, 0xFC, 0x00, 0x14, 0x00, 0x00, 0x00, 0x00, 0x00, 0x00, 0x54, 0x00, 0x00, 0x00, 0x00, 0x00,
    0x00, 0xFE, 0x00, 0x00, 0x00, 0x00, 0x00, 0x02, 0xFF, 0x00, 0x00, 0x00, 0x00, 0x00, 0x03, 0xFF,
    0x40, 0x00, 0x00, 0x00, 0x00, 0x07, 0xFF, 0xC0, 0x00, 0x00, 0x00, 0x00, 0x0F, 0xFF, 0xC0, 0x00,
    0x00, 0x00, 0x00, 0x0F, 0xFF, 0xE0, 0x00, 0x00, 0x00, 0x00, 0x2F, 0xAF, 0xF0, 0x00, 0x00, 0x00,
    0x00, 0x3F, 0x0F, 0xF0, 0x00, 0x00, 0x00, 0x00, 0x3E, 0x0F, 0xF8, 0x00, 0x00, 0x00, 0x00, 0xBC,
    0x0B, 0xFC, 0x00, 0x00, 0x00, 0x00, 0xFC, 0x03, 0xFD, 0x00, 0x00, 0x00, 0x00, 0xF8, 0x03, 0xFF,
    0x00, 0x00, 0x00, 0x02, 0xF0, 0x02, 0xFF, 0x00, 0x00, 0x00, 0x03, 0xF0, 0x00, 0xFF, 0x80, 0x00,
    0x00, 0x0B, 0xE0, 0x00, 0xBF, 0xC0, 0x00, 0x00, 0x0F, 0xE0, 0x00, 0xBF, 0xC0, 0x00, 0x00, 0x0F,
    0xFF, 0xFF, 0xFF, 0xE0, 0x00, 0x00, 0x2F, 0xFF, 0xFF, 0xFF, 0xF0, 0x00, 0x00, 0x3F, 0x00, 0x00,
    0x0F, 0xF4, 0x00, 0x00, 0x3E, 0x00, 0x00, 0x0F, 0xFC, 0x00, 0x00, 0xBC, 0x00, 0x00, 0x0B, 0xFC,
    0x00, 0x00, 0xFC, 0x00, 0x00, 0x03, 0xFE, 0x00, 0x01, 0xF8, 0x00, 0x00, 0x02, 0xFF, 0x00, 0x03,
    0xF0, 0x00, 0x00, 0x00, 0xFF, 0x00, 0x03, 0xF0, 0x00, 0x00, 0x00, 0xFF, 0x80, 0x0B, 0xF0, 0x00,
    0x00, 0x00, 0xFF, 0xD0, 0xFF, 0xFF, 0x80, 0x00, 0x1F, 0xFF, 0xFE, 0xFF, 0xFF, 0x80, 0x00, 0x1F,
    0xFF, 0xFE, 0x00, 0x00, 0x00, 0x00, 0x00, 0xBC, 0x00, 0x00, 0x00, 0x00, 0x00, 0x00, 0xF0, 0x00,
    0x00, 0x00, 0x00, 0x00, 0x03, 0xE0, 0x00, 0x00, 0x00, 0x00, 0x00, 0x03, 0xC0, 0x00, 0x00, 0x00,
    0x00, 0x00, 0x0B, 0xE0, 0x00, 0x00, 0x00, 0x00, 0x00, 0x03, 0xFA, 0xF0, 0x00, 0x00, 0x00, 0x00,
    0x03, 0xFF, 0xF0, 0x00, 0x00, 0x00, 0x00, 0x00, 0x6A, 0x40, 0x00, 0x00, 0x69, 0x00, 0x00, 0x00,
    0xBF, 0xFF, 0xF0, 0x00, 0x03, 0xFF, 0xAF, 0xFC, 0x00, 0x0F, 0xF0, 0x02, 0xFF, 0x00, 0x2F, 0xF0,
    0x00, 0xFF, 0x00, 0x2F, 0xF0, 0x00, 0xBF, 0x00, 0x0A, 0xA0, 0x00, 0xBF, 0x40, 0x00, 0x00, 0x00,
    0xBF, 0x80, 0x00, 0x00, 0x02, 0xFF, 0x80, 0x00, 0x02, 0xFF, 0xFF, 0x80, 0x00, 0x7F, 0xF8, 0xBF,
    0x80, 0x03, 0xFE, 0x00, 0xBF, 0x80, 0x2F, 0xF0, 0x00, 0xBF, 0x80, 0x3F, 0xC0, 0x00, 0xBF, 0x80,
    0xBF, 0x80, 0x00, 0xBF, 0x80, 0xBF, 0x80, 0x00, 0xBF, 0x80, 0xBF, 0x80, 0x00, 0xBF, 0x80, 0x7F,
    0xC0, 0x02, 0xFF, 0x80, 0x3F, 0xF8, 0x2F, 0xFF, 0x80, 0x2F, 0xFF, 0xFC, 0x3F, 0xFC, 0x07, 0xFF,
    0xD0, 0x3F, 0xFC, 0x00, 0x14, 0x00, 0xB8, 0x00, 0x00, 0x00, 0x02, 0xF0, 0x00, 0x00, 0x00, 0x03,
    0xC0, 0x00, 0x00, 0x00, 0x0B, 0xC0, 0x00, 0x00, 0x00, 0x0B, 0xC0, 0x00, 0x00, 0x00, 0x0B, 0xFA,
    0xE0, 0x00, 0x00, 0x03, 0xFF, 0xF0, 0x00, 0x00, 0x00, 0xAA, 0x00, 0x00, 0x00, 0x00, 0x00, 0x00,
    0x00, 0x00, 0x00, 0x00, 0x00, 0xFE, 0x00, 0x00, 0x00, 0x00, 0x03, 0xFF, 0x00, 0x00, 0x00, 0x00,
    0x0B, 0xFF, 0x00, 0x00, 0x00, 0x00, 0x2F, 0xF8, 0x00, 0x00, 0x00, 0x00, 0x7F, 0xD0, 0x00, 0x00,
    0x00, 0x00, 0xFE, 0x00, 0x00, 0x00, 0x00, 0x03, 0xF0, 0x00, 0x00, 0x00, 0x00, 0x00, 0x00, 0x00,
    0x00, 0x00, 0x00, 0x00, 0x00, 0x00, 0x00, 0x00, 0x00, 0x00, 0x05, 0x00, 0x00, 0x00, 0x00, 0x2F,
    0xFF, 0xFF, 0x80, 0x00, 0x02, 0xFF, 0xFF, 0xFF, 0xFC, 0x00, 0x0F, 0xFF, 0x80, 0x2F, 0xFC, 0x00,
    0x7F, 0xF0, 0x00, 0x02, 0xFC, 0x00, 0xFF, 0xC0, 0x00, 0x00, 0xFC, 0x03, 0xFF, 0x00, 0x00, 0x00,
    0xFC, 0x0B, 0xFC, 0x00, 0x00, 0x00, 0xBC, 0x0F, 0xF8, 0x00, 0x00, 0x00, 0x7C, 0x2F, 0xF4, 0x00,
    0x00, 0x00, 0x00, 0x3F, 0xF0, 0x00, 0x00, 0x00, 0x00, 0x3F, 0xE0, 0x00, 0x00, 0x00, 0x00, 0x3F,
    0xE0, 0x00, 0x00, 0x00, 0x00, 0x7F, 0xE0, 0x00, 0x00, 0x00, 0x00, 0xBF, 0xE0, 0x00, 0x00, 0x00,
    0x00, 0xBF, 0xE0, 0x00, 0x00, 0x00, 0x00, 0x3F, 0xE0, 0x00, 0x00, 0x00, 0x00, 0x3F, 0xE0, 0x00,
    0x00, 0x00, 0x00, 0x3F, 0xE0, 0x00, 0x00, 0x00, 0x00, 0x3F, 0xF0, 0x00, 0x00, 0x00, 0x00, 0x2F,
    0xF0, 0x00, 0x00, 0x00, 0x00, 0x0F, 0xF8, 0x00, 0x00, 0x00, 0x7C, 0x0B, 0xFC, 0x00, 0x00, 0x00,
    0xBC, 0x03, 0xFF, 0x00, 0x00, 0x00, 0xFC, 0x00, 0xFF, 0xC0, 0x00, 0x00, 0xFC, 0x00, 0xBF, 0xF0,
    0x00, 0x00, 0xFC, 0x00, 0x0F, 0xFE, 0x00, 0x07, 0xFC, 0x00, 0x02, 0xFF, 0xFF, 0xFF, 0xFC, 0x00,
    0x00, 0x2F, 0xFF, 0xFF, 0xE0, 0x00, 0x00, 0x00, 0x6A, 0x80, 0x00, 0x00, 0x00, 0x00, 0x00, 0x00,
    0x00, 0x00, 0x00, 0xFE, 0x00, 0x00, 0x00, 0x03, 0xFF, 0x00, 0x00, 0x00, 0x0B, 0xFF, 0x00, 0x00,
    0x00, 0x2F, 0xFC, 0x00, 0x00, 0x00, 0x7F, 0xD0, 0x00, 0x00, 0x00, 0xFE, 0x00, 0x00, 0x00, 0x03,
    0xF0, 0x00, 0x00, 0x00, 0x00, 0x00, 0x00, 0x00, 0x00, 0x00, 0x00, 0x00, 0x00, 0x00, 0x00, 0x19,
    0x00, 0x00, 0x00, 0x1F, 0xFF, 0xF8, 0x00, 0x00, 0xBF, 0xEA, 0xFF, 0x00, 0x03, 0xFE, 0x00, 0xFF,
    0x80, 0x0F, 0xF8, 0x00, 0xFF, 0x80, 0x1F, 0xF0, 0x00, 0xFF, 0x80, 0x3F, 0xD0, 0x00, 0xFF, 0x00,
    0x3F, 0xC0, 0x00, 0x00, 0x00, 0x7F, 0xC0, 0x00, 0x00, 0x00, 0xBF, 0xC0, 0x00, 0x00, 0x00, 0xBF,
    0x80, 0x00, 0x00, 0x00, 0xBF, 0xC0, 0x00, 0x00, 0x00, 0xBF, 0xC0, 0x00, 0x00, 0x00, 0xBF, 0xC0,
    0x00, 0x00, 0x00, 0x3F, 0xE0, 0x00, 0x00, 0x00, 0x3F, 0xF0, 0x00, 0x00, 0x00, 0x2F, 0xF8, 0x00,
    0x00, 0x00, 0x0F, 0xFE, 0x00, 0x02, 0xC0, 0x03, 0xFF, 0xE8, 0xAF, 0xC0, 0x00, 0xFF, 0xFF, 0xFF,
    0x80, 0x00, 0x2F, 0xFF, 0xF8, 0x00, 0x00, 0x00, 0x14, 0x00, 0x00, 0x00, 0x00, 0x00, 0x3C, 0x00,
    0x00, 0x00, 0x00, 0x00, 0xFF, 0x00, 0x00, 0x00, 0x00, 0x00, 0xFF, 0x00, 0x00, 0x00, 0x00, 0x00,
    0xFF, 0x00, 0x00, 0x00, 0x00, 0x00, 0x7E, 0x00, 0x00, 0x00, 0x00, 0x00, 0x00, 0x00, 0x00, 0x00,
    0x00, 0x00, 0x00, 0x00, 0x00, 0x00, 0x00, 0x00, 0x00, 0x00, 0x00, 0x00, 0x00, 0x00, 0x05, 0x00,
    0x00, 0x00, 0x00, 0x2F, 0xFF, 0xFF, 0x80, 0x00, 0x02, 0xFF, 0xFF, 0xFF, 0xFC, 0x00, 0x0F, 0xFF,
    0x80, 0x2F, 0xFC, 0x00, 0x7F, 0xF0, 0x00, 0x02, 0xFC, 0x00, 0xFF, 0xC0, 0x00, 0x00, 0xFC, 0x03,
    0xFF, 0x00, 0x00, 0x00, 0xFC, 0x0B, 0xFC, 0x00, 0x00, 0x00, 0xBC, 0x0F, 0xF8, 0x00, 0x00, 0x00,
    0x7C, 0x2F, 0xF4, 0x00, 0x00, 0x00, 0x00, 0x3F, 0xF0, 0x00, 0x00, 0x00, 0x00, 0x3F, 0xE0, 0x00,
    0x00, 0x00, 0x00, 0x3F, 0xE0, 0x00, 0x00, 0x00, 0x00, 0x7F, 0xE0, 0x00, 0x00, 0x00, 0x00, 0xBF,
    0xE0, 0x00, 0x00, 0x00, 0x00, 0xBF, 0xE0, 0x00, 0x00, 0x00, 0x00, 0x3F, 0xE0, 0x00, 0x00, 0x00,
    0x00, 0x3F, 0xE0, 0x00, 0x00, 0x00, 0x00, 0x3F, 0xE0, 0x00, 0x00, 0x00, 0x00, 0x3F, 0xF0, 0x00,
    0x00, 0x00, 0x00, 0x2F, 0xF0, 0x00, 0x00, 0x00, 0x00, 0x0F, 0xF8, 0x00, 0x00, 0x00, 0x7C, 0x0B,
    0xFC, 0x00, 0x00, 0x00, 0xBC, 0x03, 0xFF, 0x00, 0x00, 0x00, 0xFC, 0x00, 0xFF, 0xC0, 0x00, 0x00,
    0xFC, 0x00, 0xBF, 0xF0, 0x00, 0x00, 0xFC, 0x00, 0x0F, 0xFE, 0x00, 0x07, 0xFC, 0x00, 0x02, 0xFF,
    0xFF, 0xFF, 0xFC, 0x00, 0x00, 0x2F, 0xFF, 0xFF, 0xE0, 0x00, 0x00, 0x00, 0x6A, 0x80, 0x00, 0x00,
    0x00, 0x3C, 0x00, 0x00, 0x00, 0x00, 0xFF, 0x00, 0x00, 0x00, 0x00, 0xFF, 0x00, 0x00, 0x00, 0x00,
    0xFF, 0x00, 0x00, 0x00, 0x00, 0x7E, 0x00, 0x00, 0x00, 0x00, 0x00, 0x00, 0x00, 0x00, 0x00, 0x00,
    0x00, 0x00, 0x00, 0x00, 0x00, 0x00, 0x00, 0x00, 0x00, 0x19, 0x00, 0x00, 0x00, 0x1F, 0xFF, 0xF8,
    0x00, 0x00, 0xBF, 0xEA, 0xFF, 0x00, 0x03, 0xFE, 0x00, 0xFF, 0x80, 0x0F, 0xF8, 0x00, 0xFF, 0x80,
    0x1F, 0xF0, 0x00, 0xFF, 0x80, 0x3F, 0xD0, 0x00, 0xFF, 0x00, 0x3F, 0xC0, 0x00, 0x00, 0x00, 0x7F,
    0xC0, 0x00, 0x00, 0x00, 0xBF, 0xC0, 0x00, 0x00, 0x00, 0xBF, 0x80, 0x00, 0x00, 0x00, 0xBF, 0xC0,
    0x00, 0x00, 0x00, 0xBF, 0xC0, 0x00, 0x00, 0x00, 0xBF, 0xC0, 0x00, 0x00, 0x00, 0x3F, 0xE0, 0x00,
    0x00, 0x00, 0x3F, 0xF0, 0x00, 0x00, 0x00, 0x2F, 0xF8, 0x00, 0x00, 0x00, 0x0F, 0xFE, 0x00, 0x02,
    0xC0, 0x03, 0xFF, 0xE8, 0xAF, 0xC0, 0x00, 0xFF, 0xFF, 0xFF, 0x80, 0x00, 0x2F, 0xFF, 0xF8, 0x00,
    0x00, 0x00, 0x14, 0x00, 0x00, 0x00, 0x02, 0xF0, 0x00, 0x0F, 0x80, 0x00, 0x00, 0xFC, 0x00, 0x3F,
    0x00, 0x00, 0x00, 0x3F, 0x00, 0xFC, 0x00, 0x00, 0x00, 0x2F, 0xC3, 0xF8, 0x00, 0x00, 0x00, 0x0B,
    0xFF, 0xF0, 0x00, 0x00, 0x00, 0x03, 0xFF, 0xC0, 0x00, 0x00, 0x00, 0x00, 0xFF, 0x00, 0x00, 0x00,
    0x00, 0x00, 0x00, 0x00, 0x00, 0x00, 0x00, 0x00, 0x00, 0x00, 0x00, 0x00, 0x00, 0x00, 0x05, 0x00,
    0x00, 0x00, 0x00, 0x2F, 0xFF, 0xFF, 0x80, 0x00, 0x02, 0xFF, 0xFF, 0xFF, 0xFC, 0x00, 0x0F, 0xFF,
    0x80, 0x2F, 0xFC, 0x00, 0x7F, 0xF0, 0x00, 0x02, 0xFC, 0x00, 0xFF, 0xC0, 0x00, 0x00, 0xFC, 0x03,
    0xFF, 0x00, 0x00, 0x00, 0xFC, 0x0B, 0xFC, 0x00, 0x00, 0x00, 0xBC, 0x0F, 0xF8, 0x00, 0x00, 0x00,
    0x7C, 0x2F, 0xF4, 0x00, 0x00, 0x00, 0x00, 0x3F, 0xF0, 0x00, 0x00, 0x00, 0x00, 0x3F, 0xE0, 0x00,
    0x00, 0x00, 0x00, 0x3F, 0xE0, 0x00, 0x00, 0x00, 0x00, 0x7F, 0xE0, 0x00, 0x00, 0x00, 0x00, 0xBF,
    0xE0, 0x00, 0x00, 0x00, 0x00, 0xBF, 0xE0, 0x00, 0x00, 0x00, 0x00, 0x3F, 0xE0, 0x00, 0x00, 0x00,
    0x00, 0x3F, 0xE0, 0x00, 0x00, 0x00, 0x00, 0x3F, 0xE0, 0x00, 0x00, 0x00, 0x00, 0x3F, 0xF0, 0x00,
    0x00, 0x00, 0x00, 0x2F, 0xF0, 0x00, 0x00, 0x00, 0x00, 0x0F, 0xF8, 0x00, 0x00, 0x00, 0x7C, 0x0B,
    0xFC, 0x00, 0x00, 0x00, 0xBC, 0x03, 0xFF, 0x00, 0x00, 0x00, 0xFC, 0x00, 0xFF, 0xC0, 0x00, 0x00,
    0xFC, 0x00, 0xBF, 0xF0, 0x00, 0x00, 0xFC, 0x00, 0x0F, 0xFE, 0x00, 0x07, 0xFC, 0x00, 0x02, 0xFF,
    0xFF, 0xFF, 0xFC, 0x00, 0x00, 0x2F, 0xFF, 0xFF, 0xE0, 0x00, 0x00, 0x00, 0x6A, 0x80, 0x00, 0x02,
    0xA0, 0x00, 0x0A, 0x80, 0x00, 0xFC, 0x00, 0x3F, 0x00, 0x00, 0x3F, 0x00, 0xFC, 0x00, 0x00, 0x2F,
    0xC3, 0xF8, 0x00, 0x00, 0x0B, 0xFF, 0xF0, 0x00, 0x00, 0x03, 0xFF, 0xC0, 0x00, 0x00, 0x00, 0xFF,
    0x00, 0x00, 0x00, 0x00, 0x00, 0x00, 0x00, 0x00, 0x00, 0x00, 0x00, 0x00, 0x00, 0x00, 0x19, 0x00,
    0x00, 0x00, 0x1F, 0xFF, 0xF8, 0x00, 0x00, 0xBF, 0xEA, 0xFF, 0x00, 0x03, 0xFE, 0x00, 0xFF, 0x80,
    0x0F, 0xF8, 0x00, 0xFF, 0x80, 0x1F, 0xF0, 0x00, 0xFF, 0x80, 0x3F, 0xD0, 0x00, 0xFF, 0x00, 0x3F,
    0xC0, 0x00, 0x00, 0x00, 0x7F, 0xC0, 0x00, 0x00, 0x00, 0xBF, 0xC0, 0x00, 0x00, 0x00, 0xBF, 0x80,
    0x00, 0x00, 0x00, 0xBF, 0xC0, 0x00, 0x00, 0x00, 0xBF, 0xC0, 0x00, 0x00, 0x00, 0xBF, 0xC0, 0x00,
    0x00, 0x00, 0x3F, 0xE0, 0x00, 0x00, 0x00, 0x3F, 0xF0, 0x00, 0x00, 0x00, 0x2F, 0xF8, 0x00, 0x00,
    0x00, 0x0F, 0xFE, 0x00, 0x02, 0xC0, 0x03, 0xFF, 0xE8, 0xAF, 0xC0, 0x00, 0xFF, 0xFF, 0xFF, 0x80,
    0x00, 0x2F, 0xFF, 0xF8, 0x00, 0x00, 0x00, 0x14, 0x00, 0x00, 0x00, 0x0B, 0x80, 0x00, 0x3C, 0x00,
    0x00, 0x00, 0x03, 0xF0, 0x01, 0xFC, 0x00, 0x00, 0x00, 0x02, 0xFC, 0x0B, 0xF0, 0x00, 0x00, 0x00,
    0x00, 0xBF, 0x2F, 0xC0, 0x00, 0x00, 0x00, 0x00, 0x3F, 0xFF, 0x80, 0x00, 0x00, 0x00, 0x00, 0x0F,
    0xFF, 0x00, 0x00, 0x00, 0x00, 0x00, 0x0B, 0xFC, 0x00, 0x00, 0x00, 0x00, 0x00, 0x00, 0x00, 0x00,
    0x00, 0x00, 0x00, 0x00, 0x00, 0x00, 0x00, 0x00, 0x00, 0x00, 0x00, 0x00, 0x00, 0x00, 0x00, 0x00,
    0xAA, 0xAA, 0xAA, 0xA8, 0x00, 0x00, 0x00, 0xBF, 0xFF, 0xFF, 0xFF, 0xE0, 0x00, 0x00, 0x0B, 0xFF,
    0x56, 0xAF, 0xFF, 0x00, 0x00, 0x02, 0xFE, 0x00, 0x00, 0xFF, 0xE0, 0x00, 0x02, 0xFE, 0x00, 0x00,
    0x2F, 0xF8, 0x00, 0x02, 0xFE, 0x00, 0x00, 0x07, 0xFE, 0x00, 0x02, 0xFE, 0x00, 0x00, 0x02, 0xFF,
    0x00, 0x02, 0xFE, 0x00, 0x00, 0x00, 0xFF, 0xC0, 0x02, 0xFE, 0x00, 0x00, 0x00, 0xBF, 0xC0, 0x02,
    0xFE, 0x00, 0x00, 0x00, 0x3F, 0xE0, 0x02, 0xFE, 0x00, 0x00, 0x00, 0x3F, 0xE0, 0x02, 0xFE, 0x00,
    0x00, 0x00, 0x3F, 0xF0, 0x02, 0xFE, 0x00, 0x00, 0x00, 0x3F, 0xF0, 0x02, 0xFE, 0x00, 0x00, 0x00,
    0x3F, 0xF0, 0x02, 0xFE, 0x00, 0x00, 0x00, 0x3F, 0xF0, 0x02, 0xFE, 0x00, 0x00, 0x00, 0x3F, 0xF0,
    0x02, 0xFE, 0x00, 0x00, 0x00, 0x3F, 0xF0, 0x02, 0xFE, 0x00, 0x00, 0x00, 0x3F, 0xE0, 0x02, 0xFE,
    0x00, 0x00, 0x00, 0x3F, 0xE0, 0x02, 0xFE, 0x00, 0x00, 0x00, 0xBF, 0xC0, 0x02, 0xFE, 0x00, 0x00,
    0x00, 0xFF, 0x80, 0x02, 0xFE, 0x00, 0x00, 0x02, 0xFF, 0x00, 0x02, 0xFE, 0x00, 0x00, 0x03, 0xFE,
    0x00, 0x02, 0xFE, 0x00, 0x00, 0x1F, 0xFC, 0x00, 0x02, 0xFE, 0x00, 0x00, 0xBF, 0xF0, 0x00, 0x03,
    0xFE, 0x00, 0x6F, 0xFF, 0x80, 0x00, 0xBF, 0xFF, 0xFF, 0xFF, 0xF8, 0x00, 0x00, 0xBF, 0xFF, 0xFF,
    0xFA, 0x00, 0x00, 0x00, 0x00, 0x00, 0x00, 0x00, 0x60, 0x2A, 0x00, 0x00, 0x00, 0x00, 0x2F, 0xF8,
    0x7F, 0x00, 0x00, 0x00, 0x02, 0xFF, 0xF8, 0xBF, 0x00, 0x00, 0x00, 0x01, 0xAF, 0xF8, 0xBF, 0x00,
    0x00, 0x00, 0x00, 0x0B, 0xF8, 0xBE, 0x00, 0x00, 0x00, 0x00, 0x0B, 0xF8, 0xBD, 0x00, 0x00, 0x00,
    0x00, 0x0B, 0xF8, 0xBC, 0x00, 0x00, 0x00, 0x00, 0x0B, 0xF8, 0xBC, 0x00, 0x00, 0x00, 0x00, 0x0B,
    0xF8, 0xF8, 0x00, 0x00, 0x00, 0x00, 0x0B, 0xF8, 0x60, 0x00, 0x00, 0x00, 0x0A, 0x0B, 0xF8, 0x00,
    0x00, 0x00, 0x0B, 0xFF, 0xFF, 0xF8, 0x00, 0x00, 0x00, 0xBF, 0xFA, 0xFF, 0xF8, 0x00, 0x00, 0x02,
    0xFF, 0x00, 0x0B, 0xF8, 0x00, 0x00, 0x0B, 0xFC, 0x00, 0x0B, 0xF8, 0x00, 0x00, 0x0F, 0xF0, 0x00,
    0x0B, 0xF8, 0x00, 0x00, 0x2F, 0xD0, 0x00, 0x0B, 0xF8, 0x00, 0x00, 0x3F, 0xC0, 0x00, 0x0B, 0xF8,
    0x00, 0x00, 0x3F, 0xC0, 0x00, 0x0B, 0xF8, 0x00, 0x00, 0xBF, 0x80, 0x00, 0x0B, 0xF8, 0x00, 0x00,
    0xBF, 0x80, 0x00, 0x0B, 0xF8, 0x00, 0x00, 0xBF, 0x80, 0x00, 0x0B, 0xF8, 0x00, 0x00, 0xBF, 0xC0,
    0x00, 0x0B, 0xF8, 0x00, 0x00, 0xBF, 0xC0, 0x00, 0x0B, 0xF8, 0x00, 0x00, 0x3F, 0xC0, 0x00, 0x0B,
    0xF8, 0x00, 0x00, 0x3F, 0xF0, 0x00, 0x0B, 0xF8, 0x00, 0x00, 0x2F, 0xF0, 0x00, 0x0B, 0xF8, 0x00,
    0x00, 0x0F, 0xFE, 0x00, 0x2F, 0xF8, 0x00, 0x00, 0x0B, 0xFF, 0xEA, 0xFF, 0xF8, 0x00, 0x00, 0x02,
    0xFF, 0xFF, 0xEB, 0xFF, 0xC0, 0x00, 0x00, 0xBF, 0xFE, 0x0B, 0xFF, 0xC0, 0x00, 0x00, 0x00, 0x40,
    0x00, 0x00, 0x00, 0x00, 0x2A, 0xAA, 0xAA, 0xAA, 0x00, 0x00, 0x00, 0x2F, 0xFF, 0xFF, 0xFF, 0xF8,
    0x00, 0x00, 0x02, 0xFF, 0xD5, 0xAB, 0xFF, 0xC0, 0x00, 0x00, 0xBF, 0x80, 0x00, 0x3F, 0xF8, 0x00,
    0x00, 0xBF, 0x80, 0x00, 0x0B, 0xFE, 0x00, 0x00, 0xBF, 0x80, 0x00, 0x01, 0xFF, 0x80, 0x00, 0xBF,
    0x80, 0x00, 0x00, 0xBF, 0xC0, 0x00, 0xBF, 0x80, 0x00, 0x00, 0x3F, 0xF0, 0x00, 0xBF, 0x80, 0x00,
    0x00, 0x2F, 0xF0, 0x00, 0xBF, 0x80, 0x00, 0x00, 0x0F, 0xF8, 0x00, 0xBF, 0x80, 0x00, 0x00, 0x0F,
    0xF8, 0x00, 0xBF, 0x80, 0x00, 0x00, 0x0F, 0xFC, 0x2A, 0xFF, 0xEA, 0xA8, 0x00, 0x0F, 0xFC, 0xBF,
    0xFF, 0xFF, 0xFC, 0x00, 0x0F, 0xFC, 0x2A, 0xFF, 0xEA, 0xA8, 0x00, 0x0F, 0xFC, 0x00, 0xBF, 0x80,
    0x00, 0x00, 0x0F, 0xFC, 0x00, 0xBF, 0x80, 0x00, 0x00, 0x0F, 0xFC, 0x00, 0xBF, 0x80, 0x00, 0x00,
    0x0F, 0xF8, 0x00, 0xBF, 0x80, 0x00, 0x00, 0x0F, 0xF8, 0x00, 0xBF, 0x80, 0x00, 0x00, 0x2F, 0xF0,
    0x00, 0xBF, 0x80, 0x00, 0x00, 0x3F, 0xE0, 0x00, 0xBF, 0x80, 0x00, 0x00, 0xBF, 0xC0, 0x00, 0xBF,
    0x80, 0x00, 0x00, 0xFF, 0x80, 0x00, 0xBF, 0x80, 0x00, 0x07, 0xFF, 0x00, 0x00, 0xBF, 0x80, 0x00,
    0x2F, 0xFC, 0x00, 0x00, 0xFF, 0x80, 0x1B, 0xFF, 0xE0, 0x00, 0x2F, 0xFF, 0xFF, 0xFF, 0xFE, 0x00,
    0x00, 0x2F, 0xFF, 0xFF, 0xFE, 0x80, 0x00, 0x00, 0x00, 0x00, 0x00, 0x00, 0x60, 0x00, 0x00, 0x00,
    0x00, 0x2F, 0xF8, 0x00, 0x00, 0x00, 0x02, 0xFF, 0xF8, 0x00, 0x00, 0x00, 0x01, 0xAF, 0xF8, 0x00,
    0x00, 0x00, 0x00, 0x0B, 0xF8, 0x00, 0x00, 0x00, 0x00, 0x0B, 0xF8, 0x00, 0x00, 0x00, 0x2A, 0xAB,
    0xFA, 0xA0, 0x00, 0x00, 0xBF, 0xFF, 0xFF, 0xF0, 0x00, 0x00, 0x3F, 0xFF, 0xFF, 0xF0, 0x00, 0x00,
    0x00, 0x0B, 0xF8, 0x00, 0x00, 0x00, 0x0A, 0x0B, 0xF8, 0x00, 0x00, 0x0B, 0xFF, 0xFF, 0xF8, 0x00,
    0x00, 0xBF, 0xFA, 0xFF, 0xF8, 0x00, 0x02, 0xFF, 0x00, 0x0B, 0xF8, 0x00, 0x0B, 0xFC, 0x00, 0x0B,
    0xF8, 0x00, 0x0F, 0xF0, 0x00, 0x0B, 0xF8, 0x00, 0x2F, 0xD0, 0x00, 0x0B, 0xF8, 0x00, 0x3F, 0xC0,
    0x00, 0x0B, 0xF8, 0x00, 0x3F, 0xC0, 0x00, 0x0B, 0xF8, 0x00, 0xBF, 0x80, 0x00, 0x0B, 0xF8, 0x00,
    0xBF, 0x80, 0x00, 0x0B, 0xF8, 0x00, 0xBF, 0x80, 0x00, 0x0B, 0xF8, 0x00, 0xBF, 0xC0, 0x00, 0x0B,
    0xF8, 0x00, 0xBF, 0xC0, 0x00, 0x0B, 0xF8, 0x00, 0x3F, 0xC0, 0x00, 0x0B, 0xF8, 0x00, 0x3F, 0xF0,
    0x00, 0x0B, 0xF8, 0x00, 0x2F, 0xF0, 0x00, 0x0B, 0xF8, 0x00, 0x0F, 0xFE, 0x00, 0x2F, 0xF8, 0x00,
    0x0B, 0xFF, 0xEA, 0xFF, 0xF8, 0x00, 0x02, 0xFF, 0xFF, 0xEB, 0xFF, 0xC0, 0x00, 0xBF, 0xFE, 0x0B,
    0xFF, 0xC0, 0x00, 0x00, 0x40, 0x00, 0x00, 0x00, 0x00, 0xFF, 0xFF, 0xFF, 0xF0, 0x00, 0x00, 0xFF,
    0xFF, 0xFF, 0xF0, 0x00, 0x00, 0xFF, 0xFF, 0xFF, 0xF0, 0x00, 0x00, 0x00, 0x00, 0x00, 0x00, 0x00,
    0x00, 0x00, 0x00, 0x00, 0x00, 0x00, 0x00, 0x00, 0x00, 0x00, 0x00, 0x00, 0x00, 0x00, 0x00, 0x00,
    0x00, 0x00, 0xAA, 0xAA, 0xAA, 0xAA, 0xAA, 0x00, 0xBF, 0xFF, 0xFF, 0xFF, 0xFF, 0x00, 0x0B, 0xFF,
    0x55, 0x55, 0xBF, 0x00, 0x02, 0xFE, 0x00, 0x00, 0x3F, 0x00, 0x02, 0xFE, 0x00, 0x00, 0x2F, 0x00,
    0x02, 0xFE, 0x00, 0x00, 0x2F, 0x00, 0x02, 0xFE, 0x00, 0x00, 0x0A, 0x00, 0x02, 0xFE, 0x00, 0x00,
    0x00, 0x00, 0x02, 0xFE, 0x00, 0x00, 0x00, 0x00, 0x02, 0xFE, 0x00, 0x03, 0xC0, 0x00, 0x02, 0xFE,
    0x00, 0x0B, 0xC0, 0x00, 0x02, 0xFE, 0x00, 0x0B, 0xC0, 0x00, 0x02, 0xFF, 0xAA, 0xAF, 0xC0, 0x00,
    0x02, 0xFF, 0xFF, 0xFF, 0xC0, 0x00, 0x02, 0xFF, 0xAA, 0xAF, 0xC0, 0x00, 0x02, 0xFE, 0x00, 0x0B,
    0xC0, 0x00, 0x02, 0xFE, 0x00, 0x0B, 0xC0, 0x00, 0x02, 0xFE, 0x00, 0x03, 0xC0, 0x00, 0x02, 0xFE,
    0x00, 0x00, 0x00, 0x00, 0x02, 0xFE, 0x00, 0x00, 0x00, 0x00, 0x02, 0xFE, 0x00, 0x00, 0x00, 0x00,
    0x02, 0xFE, 0x00, 0x00, 0x03, 0xE0, 0x02, 0xFE, 0x00, 0x00, 0x03, 0xE0, 0x02, 0xFE, 0x00, 0x00,
    0x03, 0xE0, 0x02, 0xFE, 0x00, 0x00, 0x03, 0xE0, 0x03, 0xFE, 0x00, 0x00, 0x0F, 0xE0, 0xBF, 0xFF,
    0xFF, 0xFF, 0xFF, 0xE0, 0xBF, 0xFF, 0xFF, 0xFF, 0xFF, 0xE0, 0x03, 0xFF, 0xFF, 0xFF, 0x80, 0x03,
    0xFF, 0xFF, 0xFF, 0x80, 0x03, 0xFF, 0xFF, 0xFF, 0x80, 0x00, 0x00, 0x00, 0x00, 0x00, 0x00, 0x00,
    0x00, 0x00, 0x00, 0x00, 0x00, 0x00, 0x00, 0x00, 0x00, 0x00, 0x29, 0x00, 0x00, 0x00, 0x1F, 0xFF,
    0xF0, 0x00, 0x00, 0xFF, 0xFF, 0xFE, 0x00, 0x03, 0xFC, 0x00, 0xFF, 0x00, 0x0F, 0xF0, 0x00, 0x3F,
    0xC0, 0x1F, 0xE0, 0x00, 0x3F, 0xC0, 0x3F, 0xC0, 0x00, 0x2F, 0xE0, 0x3F, 0xC0, 0x00, 0x2F, 0xE0,
    0x7F, 0xFF, 0xFF, 0xFF, 0xE0, 0xBF, 0xFF, 0xFF, 0xFF, 0xF0, 0xBF, 0x80, 0x00, 0x00, 0x00, 0xBF,
    0x80, 0x00, 0x00, 0x00, 0xBF, 0x80, 0x00, 0x00, 0x00, 0xBF, 0xC0, 0x00, 0x00, 0x00, 0x3F, 0xC0,
    0x00, 0x00, 0x00, 0x3F, 0xE0, 0x00, 0x00, 0x00, 0x2F, 0xF0, 0x00, 0x00, 0x20, 0x0F, 0xFD, 0x00,
    0x02, 0xF0, 0x03, 0xFF, 0xE0, 0x6F, 0xF0, 0x00, 0xFF, 0xFF, 0xFF, 0x80, 0x00, 0x2F, 0xFF, 0xF8,
    0x00, 0x00, 0x00, 0x14, 0x00, 0x00, 0x00, 0x00, 0x1F, 0x00, 0x00, 0x00, 0x00, 0x00, 0x3F, 0xC0,
    0x00, 0x00, 0x00, 0x00, 0x7F, 0xC0, 0x00, 0x00, 0x00, 0x00, 0x3F, 0xC0, 0x00, 0x00, 0x00, 0x00,
    0x2F, 0x40, 0x00, 0x00, 0x00, 0x00, 0x00, 0x00, 0x00, 0x00, 0x00, 0x00, 0x00, 0x00, 0x00, 0x00,
    0x00, 0x00, 0x00, 0x00, 0x00, 0x00, 0x00, 0x00, 0x00, 0x00, 0x00, 0x00, 0xAA, 0xAA, 0xAA, 0xAA,
    0xAA, 0x00, 0xBF, 0xFF, 0xFF, 0xFF, 0xFF, 0x00, 0x0B, 0xFF, 0x55, 0x55, 0xBF, 0x00, 0x02, 0xFE,
    0x00, 0x00, 0x3F, 0x00, 0x02, 0xFE, 0x00, 0x00, 0x2F, 0x00, 0x02, 0xFE, 0x00, 0x00, 0x2F, 0x00,
    0x02, 0xFE, 0x00, 0x00, 0x0A, 0x00, 0x02, 0xFE, 0x00, 0x00, 0x00, 0x00, 0x02, 0xFE, 0x00, 0x00,
    0x00, 0x00, 0x02, 0xFE, 0x00, 0x03, 0xC0, 0x00, 0x02, 0xFE, 0x00, 0x0B, 0xC0, 0x00, 0x02, 0xFE,
    0x00, 0x0B, 0xC0, 0x00, 0x02, 0xFF, 0xAA, 0xAF, 0xC0, 0x00, 0x02, 0xFF, 0xFF, 0xFF, 0xC0, 0x00,
    0x02, 0xFF, 0xAA, 0xAF, 0xC0, 0x00, 0x02, 0xFE, 0x00, 0x0B, 0xC0, 0x00, 0x02, 0xFE, 0x00, 0x0B,
    0xC0, 0x00, 0x02, 0xFE, 0x00, 0x03, 0xC0, 0x00, 0x02, 0xFE, 0x00, 0x00, 0x00, 0x00, 0x02, 0xFE,
    0x00, 0x00, 0x00, 0x00, 0x02, 0xFE, 0x00, 0x00, 0x00, 0x00, 0x02, 0xFE, 0x00, 0x00, 0x03, 0xE0,
    0x02, 0xFE, 0x00, 0x00, 0x03, 0xE0, 0x02, 0xFE, 0x00, 0x00, 0x03, 0xE0, 0x02, 0xFE, 0x00, 0x00,
    0x03, 0xE0, 0x03, 0xFE, 0x00, 0x00, 0x0F, 0xE0, 0xBF, 0xFF, 0xFF, 0xFF, 0xFF, 0xE0, 0xBF, 0xFF,
    0xFF, 0xFF, 0xFF, 0xE0, 0x00, 0x00, 0xB8, 0x00, 0x00, 0x00, 0x01, 0xFF, 0x00, 0x00, 0x00, 0x02,
    0xFF, 0x00, 0x00, 0x00, 0x02, 0xFF, 0x00, 0x00, 0x00, 0x00, 0xBC, 0x00, 0x00, 0x00, 0x00, 0x00,
    0x00, 0x00, 0x00, 0x00, 0x00, 0x00, 0x00, 0x00, 0x00, 0x00, 0x00, 0x00, 0x00, 0x00, 0x29, 0x00,
    0x00, 0x00, 0x1F, 0xFF, 0xF0, 0x00, 0x00, 0xFF, 0xFF, 0xFE, 0x00, 0x03, 0xFC, 0x00, 0xFF, 0x00,
    0x0F, 0xF0, 0x00, 0x3F, 0xC0, 0x1F, 0xE0, 0x00, 0x3F, 0xC0, 0x3F, 0xC0, 0x00, 0x2F, 0xE0, 0x3F,
    0xC0, 0x00, 0x2F, 0xE0, 0x7F, 0xFF, 0xFF, 0xFF, 0xE0, 0xBF, 0xFF, 0xFF, 0xFF, 0xF0, 0xBF, 0x80,
    0x00, 0x00, 0x00, 0xBF, 0x80, 0x00, 0x00, 0x00, 0xBF, 0x80, 0x00, 0x00, 0x00, 0xBF, 0xC0, 0x00,
    0x00, 0x00, 0x3F, 0xC0, 0x00, 0x00, 0x00, 0x3F, 0xE0, 0x00, 0x00, 0x00, 0x2F, 0xF0, 0x00, 0x00,
    0x20, 0x0F, 0xFD, 0x00, 0x02, 0xF0, 0x03, 0xFF, 0xE0, 0x6F, 0xF0, 0x00, 0xFF, 0xFF, 0xFF, 0x80,
    0x00, 0x2F, 0xFF, 0xF8, 0x00, 0x00, 0x00, 0x14, 0x00, 0x00, 0xAA, 0xAA, 0xAA, 0xAA, 0xAA, 0x00,
    0xBF, 0xFF, 0xFF, 0xFF, 0xFF, 0x00, 0x0B, 0xFF, 0x55, 0x55, 0xBF, 0x00, 0x02, 0xFE, 0x00, 0x00,
    0x3F, 0x00, 0x02, 0xFE, 0x00, 0x00, 0x2F, 0x00, 0x02, 0xFE, 0x00, 0x00, 0x2F, 0x00, 0x02, 0xFE,
    0x00, 0x00, 0x0A, 0x00, 0x02, 0xFE, 0x00, 0x00, 0x00, 0x00, 0x02, 0xFE, 0x00, 0x00, 0x00, 0x00,
    0x02, 0xFE, 0x00, 0x03, 0xC0, 0x00, 0x02, 0xFE, 0x00, 0x0B, 0xC0, 0x00, 0x02, 0xFE, 0x00, 0x0B,
    0xC0, 0x00, 0x02, 0xFF, 0xAA, 0xAF, 0xC0, 0x00, 0x02, 0xFF, 0xFF, 0xFF, 0xC0, 0x00, 0x02, 0xFF,
    0xAA, 0xAF, 0xC0, 0x00, 0x02, 0xFE, 0x00, 0x0B, 0xC0, 0x00, 0x02, 0xFE, 0x00, 0x0B, 0xC0, 0x00,
    0x02, 0xFE, 0x00, 0x03, 0xC0, 0x00, 0x02, 0xFE, 0x00, 0x00, 0x00, 0x00, 0x02, 0xFE, 0x00, 0x00,
    0x00, 0x00, 0x02, 0xFE, 0x00, 0x00, 0x00, 0x00, 0x02, 0xFE, 0x00, 0x00, 0x03, 0xE0, 0x02, 0xFE,
    0x00, 0x00, 0x03, 0xE0, 0x02, 0xFE, 0x00, 0x00, 0x03, 0xE0, 0x02, 0xFE, 0x00, 0x00, 0x03, 0xE0,
    0x03, 0xFE, 0x00, 0x00, 0x0F, 0xE0, 0xBF, 0xFF, 0xFF, 0xFF, 0xFF, 0xE0, 0xBF, 0xFF, 0xFF, 0xFF,
    0xFF, 0xE0, 0x00, 0x00, 0x00, 0x0F, 0x00, 0x00, 0x00, 0x00, 0x00, 0x3C, 0x00, 0x00, 0x00, 0x00,
    0x00, 0xBC, 0x00, 0x00, 0x00, 0x00, 0x00, 0xF8, 0x00, 0x00, 0x00, 0x00, 0x00, 0xFC, 0x00, 0x00,
    0x00, 0x00, 0x00, 0xFF, 0xAC, 0x00, 0x00, 0x00, 0x00, 0xBF, 0xFD, 0x00, 0x00, 0x00, 0x00, 0x0A,
    0xA0, 0x00, 0x00, 0x00, 0x29, 0x00, 0x00, 0x00, 0x1F, 0xFF, 0xF0, 0x00, 0x00, 0xFF, 0xFF, 0xFE,
    0x00, 0x03, 0xFC, 0x00, 0xFF, 0x00, 0x0F, 0xF0, 0x00, 0x3F, 0xC0, 0x1F, 0xE0, 0x00, 0x3F, 0xC0,
    0x3F, 0xC0, 0x00, 0x2F, 0xE0, 0x3F, 0xC0, 0x00, 0x2F, 0xE0, 0x7F, 0xFF, 0xFF, 0xFF, 0xE0, 0xBF,
    0xFF, 0xFF, 0xFF, 0xF0, 0xBF, 0x80, 0x00, 0x00, 0x00, 0xBF, 0x80, 0x00, 0x00, 0x00, 0xBF, 0x80,
    0x00, 0x00, 0x00, 0xBF, 0xC0, 0x00, 0x00, 0x00, 0x3F, 0xC0, 0x00, 0x00, 0x00, 0x3F, 0xE0, 0x00,
    0x00, 0x00, 0x2F, 0xF0, 0x00, 0x00, 0x20, 0x0F, 0xFD, 0x00, 0x02, 0xF0, 0x03, 0xFF, 0xE0, 0x6F,
    0xF0, 0x00, 0xFF, 0xFF, 0xFF, 0x80, 0x00, 0x2F, 0xFF, 0xF8, 0x00, 0x00, 0x00, 0x1F, 0xC0, 0x00,
    0x00, 0x00, 0x0F, 0x00, 0x00, 0x00, 0x00, 0x3E, 0x00, 0x00, 0x00, 0x00, 0x3C, 0x00, 0x00, 0x00,
    0x00, 0xBE, 0x00, 0x00, 0x00, 0x00, 0x3F, 0xAF, 0x00, 0x00, 0x00, 0x3F, 0xFF, 0x00, 0x00, 0x00,
    0x06, 0xA4, 0x00, 0x00, 0xB8, 0x00, 0x03, 0xE0, 0x00, 0x00, 0x3F, 0x00, 0x0F, 0xC0, 0x00, 0x00,
    0x0F, 0xC0, 0x3F, 0x00, 0x00, 0x00, 0x0B, 0xF0, 0xFE, 0x00, 0x00, 0x00, 0x03, 0xFF, 0xF8, 0x00,
    0x00, 0x00, 0x00, 0xFF, 0xF0, 0x00, 0x00, 0x00, 0x00, 0x3F, 0xC0, 0x00, 0x00, 0x00, 0x00, 0x00,
    0x00, 0x00, 0x00, 0x00, 0x00, 0x00, 0x00, 0x00, 0x00, 0x00, 0x00, 0x00, 0x00, 0x00, 0x00, 0xAA,
    0xAA, 0xAA, 0xAA, 0xAA, 0x00, 0xBF, 0xFF, 0xFF, 0xFF, 0xFF, 0x00, 0x0B, 0xFF, 0x55, 0x55, 0xBF,
    0x00, 0x02, 0xFE, 0x00, 0x00, 0x3F, 0x00, 0x02, 0xFE, 0x00, 0x00, 0x2F, 0x00, 0x02, 0xFE, 0x00,
    0x00, 0x2F, 0x00, 0x02, 0xFE, 0x00, 0x00, 0x0A, 0x00, 0x02, 0xFE, 0x00, 0x00, 0x00, 0x00, 0x02,
    0xFE, 0x00, 0x00, 0x00, 0x00, 0x02, 0xFE, 0x00, 0x03, 0xC0, 0x00, 0x02, 0xFE, 0x00, 0x0B, 0xC0,
    0x00, 0x02, 0xFE, 0x00, 0x0B, 0xC0, 0x00, 0x02, 0xFF, 0xAA, 0xAF, 0xC0, 0x00, 0x02, 0xFF, 0xFF,
    0xFF, 0xC0, 0x00, 0x02, 0xFF, 0xAA, 0xAF, 0xC0, 0x00, 0x02, 0xFE, 0x00, 0x0B, 0xC0, 0x00, 0x02,
    0xFE, 0x00, 0x0B, 0xC0, 0x00, 0x02, 0xFE, 0x00, 0x03, 0xC0, 0x00, 0x02, 0xFE, 0x00, 0x00, 0x00,
    0x00, 0x02, 0xFE, 0x00, 0x00, 0x00, 0x00, 0x02, 0xFE, 0x00, 0x00, 0x00, 0x00, 0x02, 0xFE, 0x00,
    0x00, 0x03, 0xE0, 0x02, 0xFE, 0x00, 0x00, 0x03, 0xE0, 0x02, 0xFE, 0x00, 0x00, 0x03, 0xE0, 0x02,
    0xFE, 0x00, 0x00, 0x03, 0xE0, 0x03, 0xFE, 0x00, 0x00, 0x0F, 0xE0, 0xBF, 0xFF, 0xFF, 0xFF, 0xFF,
    0xE0, 0xBF, 0xFF, 0xFF, 0xFF, 0xFF, 0xE0, 0x02, 0xA0, 0x00, 0x2A, 0x00, 0x00, 0xFC, 0x00, 0xBE,
    0x00, 0x00, 0xBF, 0x02, 0xFC, 0x00, 0x00, 0x3F, 0xCB, 0xF0, 0x00, 0x00, 0x0F, 0xFF, 0xE0, 0x00,
    0x00, 0x03, 0xFF, 0x80, 0x00, 0x00, 0x02, 0xFF, 0x00, 0x00, 0x00, 0x00, 0x00, 0x00, 0x00, 0x00,
    0x00, 0x00, 0x00, 0x00, 0x00, 0x00, 0x29, 0x00, 0x00, 0x00, 0x1F, 0xFF, 0xF0, 0x00, 0x00, 0xFF,
    0xFF, 0xFE, 0x00, 0x03, 0xFC, 0x00, 0xFF, 0x00, 0x0F, 0xF0, 0x00, 0x3F, 0xC0, 0x1F, 0xE0, 0x00,
    0x3F, 0xC0, 0x3F, 0xC0, 0x00, 0x2F, 0xE0, 0x3F, 0xC0, 0x00, 0x2F, 0xE0, 0x7F, 0xFF, 0xFF, 0xFF,
    0xE0, 0xBF, 0xFF, 0xFF, 0xFF, 0xF0, 0xBF, 0x80, 0x00, 0x00, 0x00, 0xBF, 0x80, 0x00, 0x00, 0x00,
    0xBF, 0x80, 0x00, 0x00, 0x00, 0xBF, 0xC0, 0x00, 0x00, 0x00, 0x3F, 0xC0, 0x00, 0x00, 0x00, 0x3F,
    0xE0, 0x00, 0x00, 0x00, 0x2F, 0xF0, 0x00, 0x00, 0x20, 0x0F, 0xFD, 0x00, 0x02, 0xF0, 0x03, 0xFF,
    0xE0, 0x6F, 0xF0, 0x00, 0xFF, 0xFF, 0xFF, 0x80, 0x00, 0x2F, 0xFF, 0xF8, 0x00, 0x00, 0x00, 0x14,
    0x00, 0x00, 0x00, 0x00, 0xF0, 0x00, 0x0B, 0x80, 0x00, 0x00, 0x00, 0xB8, 0x00, 0x0F, 0x40, 0x00,
    0x00, 0x00, 0x7E, 0x00, 0x3F, 0x00, 0x00, 0x00, 0x00, 0x3F, 0xEB, 0xFE, 0x00, 0x00, 0x00, 0x00,
    0x0F, 0xFF, 0xFC, 0x00, 0x00, 0x00, 0x00, 0x02, 0xFF, 0xE0, 0x00, 0x00, 0x00, 0x00, 0x00, 0x00,
    0x00, 0x00, 0x00, 0x00, 0x00, 0x00, 0x00, 0x00, 0x00, 0x00, 0x00, 0x00, 0x00, 0x01, 0x00, 0x00,
    0x00, 0x00, 0x00, 0x2F, 0xFF, 0xFF, 0xE0, 0x00, 0x00, 0x02, 0xFF, 0xFF, 0xFF, 0xFE, 0x00, 0x00,
    0x0F, 0xFF, 0x80, 0x1F, 0xFE, 0x00, 0x00, 0xBF, 0xF0, 0x00, 0x00, 0xFE, 0x00, 0x00, 0xFF, 0xC0,
    0x00, 0x00, 0xBE, 0x00, 0x03, 0xFF, 0x00, 0x00, 0x00, 0xBE, 0x00, 0x0B, 0xFC, 0x00, 0x00, 0x00,
    0x3E, 0x00, 0x0F, 0xF8, 0x00, 0x00, 0x00, 0x3E, 0x00, 0x2F, 0xF0, 0x00, 0x00, 0x00, 0x00, 0x00,
    0x3F, 0xF0, 0x00, 0x00, 0x00, 0x00, 0x00, 0x3F, 0xE0, 0x00, 0x00, 0x00, 0x00, 0x00, 0x3F, 0xE0,
    0x00, 0x00, 0x00, 0x00, 0x00, 0x7F, 0xE0, 0x00, 0x00, 0x00, 0x00, 0x00, 0xBF, 0xD0, 0x00, 0x00,
    0x00, 0x00, 0x00, 0xBF, 0xD0, 0x00, 0x00, 0xAA, 0xAA, 0xA0, 0x3F, 0xE0, 0x00, 0x00, 0xFF, 0xFF,
    0xF8, 0x3F, 0xE0, 0x00, 0x00, 0xAB, 0xFF, 0xA0, 0x3F, 0xE0, 0x00, 0x00, 0x02, 0xFE, 0x00, 0x3F,
    0xF0, 0x00, 0x00, 0x02, 0xFE, 0x00, 0x2F, 0xF0, 0x00, 0x00, 0x02, 0xFE, 0x00, 0x0F, 0xF8, 0x00,
    0x00, 0x02, 0xFE, 0x00, 0x0B, 0xFC, 0x00, 0x00, 0x02, 0xFE, 0x00, 0x03, 0xFF, 0x00, 0x00, 0x02,
    0xFE, 0x00, 0x00, 0xFF, 0xC0, 0x00, 0x02, 0xFE, 0x00, 0x00, 0xBF, 0xF0, 0x00, 0x02, 0xFE, 0x00,
    0x00, 0x0F, 0xFF, 0x40, 0x03, 0xFE, 0x00, 0x00, 0x02, 0xFF, 0xFF, 0xFF, 0xFE, 0x00, 0x00, 0x00,
    0x2F, 0xFF, 0xFF, 0xE0, 0x00, 0x00, 0x00, 0x00, 0x6A, 0xA0, 0x00, 0x00, 0x03, 0xC0, 0x00, 0x2C,
    0x00, 0x03, 0xC0, 0x00, 0x3C, 0x00, 0x02, 0xF4, 0x00, 0xFC, 0x00, 0x00, 0xFF, 0xAF, 0xF4, 0x00,
    0x00, 0xBF, 0xFF, 0xE0, 0x00, 0x00, 0x0F, 0xFF, 0x80, 0x00, 0x00, 0x00, 0x00, 0x00, 0x00, 0x00,
    0x00, 0x00, 0x00, 0x00, 0x00, 0x00, 0xA8, 0x00, 0x00, 0x00, 0x3F, 0xFF, 0xE0, 0x00, 0x02, 0xFF,
    0xAB, 0xFF, 0xFF, 0x0B, 0xF8, 0x02, 0xFF, 0xFF, 0x0F, 0xF0, 0x00, 0xFF, 0x00, 0x2F, 0xE0, 0x00,
    0xBF, 0x80, 0x2F, 0xE0, 0x00, 0x3F, 0xC0, 0x3F, 0xC0, 0x00, 0x3F, 0xC0, 0x2F, 0xE0, 0x00, 0x3F,
    0xC0, 0x2F, 0xE0, 0x00, 0xBF, 0x80, 0x0F, 0xF0, 0x00, 0xFF, 0x00, 0x07, 0xFC, 0x03, 0xFE, 0x00,
    0x01, 0xFF, 0xFF, 0xF0, 0x00, 0x00, 0x2F, 0xFF, 0x80, 0x00, 0x00, 0x2F, 0x00, 0x00, 0x00, 0x00,
    0x3E, 0x00, 0x00, 0x00, 0x00, 0xBF, 0x00, 0x00, 0x00, 0x00, 0xBF, 0xFF, 0xA0, 0x00, 0x00, 0xBF,
    0xFF, 0xFF, 0x00, 0x00, 0xFF, 0xFF, 0xFF, 0xE0, 0x0F, 0xF0, 0x06, 0xFF, 0xF4, 0x3F, 0xC0, 0x00,
    0x0F, 0xF8, 0x3F, 0x80, 0x00, 0x03, 0xFC, 0xBF, 0x00, 0x00, 0x03, 0xF8, 0xBF, 0x00, 0x00, 0x03,
    0xF8, 0xBF, 0x80, 0x00, 0x0B, 0xF0, 0x3F, 0xE0, 0x00, 0x0F, 0xC0, 0x2F, 0xF8, 0x00, 0xBF, 0x00,
    0x0F, 0xFF, 0xFF, 0xF8, 0x00, 0x01, 0xFF, 0xFF, 0x80, 0x00, 0x00, 0x00, 0x00, 0x00, 0x00, 0x00,
    0x00, 0x00, 0x2E, 0x00, 0x00, 0x00, 0x00, 0x00, 0x00, 0xFF, 0x80, 0x00, 0x00, 0x00, 0x00, 0x00,
    0xFF, 0x80, 0x00, 0x00, 0x00, 0x00, 0x00, 0xFF, 0x80, 0x00, 0x00, 0x00, 0x00, 0x00, 0x3E, 0x00,
    0x00, 0x00, 0x00, 0x00, 0x00, 0x00, 0x00, 0x00, 0x00, 0x00, 0x00, 0x00, 0x00, 0x00, 0x00, 0x00,
    0x00, 0x00, 0x00, 0x00, 0x00, 0x00, 0x00, 0x00, 0x00, 0x00, 0x01, 0x00, 0x00, 0x00, 0x00, 0x00,
    0x2F, 0xFF, 0xFF, 0xE0, 0x00, 0x00, 0x02, 0xFF, 0xFF, 0xFF, 0xFE, 0x00, 0x00, 0x0F, 0xFF, 0x80,
    0x1F, 0xFE, 0x00, 0x00, 0xBF, 0xF0, 0x00, 0x00, 0xFE, 0x00, 0x00, 0xFF, 0xC0, 0x00, 0x00, 0xBE,
    0x00, 0x03, 0xFF, 0x00, 0x00, 0x00, 0xBE, 0x00, 0x0B, 0xFC, 0x00, 0x00, 0x00, 0x3E, 0x00, 0x0F,
    0xF8, 0x00, 0x00, 0x00, 0x3E, 0x00, 0x2F, 0xF0, 0x00, 0x00, 0x00, 0x00, 0x00, 0x3F, 0xF0, 0x00,
    0x00, 0x00, 0x00, 0x00, 0x3F, 0xE0, 0x00, 0x00, 0x00, 0x00, 0x00, 0x3F, 0xE0, 0x00, 0x00, 0x00,
    0x00, 0x00, 0x7F, 0xE0, 0x00, 0x00, 0x00, 0x00, 0x00, 0xBF, 0xD0, 0x00, 0x00, 0x00, 0x00, 0x00,
    0xBF, 0xD0, 0x00, 0x00, 0xAA, 0xAA, 0xA0, 0x3F, 0xE0, 0x00, 0x00, 0xFF, 0xFF, 0xF8, 0x3F, 0xE0,
    0x00, 0x00, 0xAB, 0xFF, 0xA0, 0x3F, 0xE0, 0x00, 0x00, 0x02, 0xFE, 0x00, 0x3F, 0xF0, 0x00, 0x00,
    0x02, 0xFE, 0x00, 0x2F, 0xF0, 0x00, 0x00, 0x02, 0xFE, 0x00, 0x0F, 0xF8, 0x00, 0x00, 0x02, 0xFE,
    0x00, 0x0B, 0xFC, 0x00, 0x00, 0x02, 0xFE, 0x00, 0x03, 0xFF, 0x00, 0x00, 0x02, 0xFE, 0x00, 0x00,
    0xFF, 0xC0, 0x00, 0x02, 0xFE, 0x00, 0x00, 0xBF, 0xF0, 0x00, 0x02, 0xFE, 0x00, 0x00, 0x0F, 0xFF,
    0x40, 0x03, 0xFE, 0x00, 0x00, 0x02, 0xFF, 0xFF, 0xFF, 0xFE, 0x00, 0x00, 0x00, 0x2F, 0xFF, 0xFF,
    0xE0, 0x00, 0x00, 0x00, 0x00, 0x6A, 0xA0, 0x00, 0x00, 0x00, 0x00, 0xF4, 0x00, 0x00, 0x00, 0x03,
    0xFC, 0x00, 0x00, 0x00, 0x03, 0xFE, 0x00, 0x00, 0x00, 0x03, 0xFC, 0x00, 0x00, 0x00, 0x00, 0xF8,
    0x00, 0x00, 0x00, 0x00, 0x00, 0x00, 0x00, 0x00, 0x00, 0x00, 0x00, 0x00, 0x00, 0x00, 0x00, 0x00,
    0x00, 0x00, 0x00, 0xA8, 0x00, 0x00, 0x00, 0x3F, 0xFF, 0xE0, 0x00, 0x02, 0xFF, 0xAB, 0xFF, 0xFF,
    0x0B, 0xF8, 0x02, 0xFF, 0xFF, 0x0F, 0xF0, 0x00, 0xFF, 0x00, 0x2F, 0xE0, 0x00, 0xBF, 0x80, 0x2F,
    0xE0, 0x00, 0x3F, 0xC0, 0x3F, 0xC0, 0x00, 0x3F, 0xC0, 0x2F, 0xE0, 0x00, 0x3F, 0xC0, 0x2F, 0xE0,
    0x00, 0xBF, 0x80, 0x0F, 0xF0, 0x00, 0xFF, 0x00, 0x07, 0xFC, 0x03, 0xFE, 0x00, 0x01, 0xFF, 0xFF,
    0xF0, 0x00, 0x00, 0x2F, 0xFF, 0x80, 0x00, 0x00, 0x2F, 0x00, 0x00, 0x00, 0x00, 0x3E, 0x00, 0x00,
    0x00, 0x00, 0xBF, 0x00, 0x00, 0x00, 0x00, 0xBF, 0xFF, 0xA0, 0x00, 0x00, 0xBF, 0xFF, 0xFF, 0x00,
    0x00, 0xFF, 0xFF, 0xFF, 0xE0, 0x0F, 0xF0, 0x06, 0xFF, 0xF4, 0x3F, 0xC0, 0x00, 0x0F, 0xF8, 0x3F,
    0x80, 0x00, 0x03, 0xFC, 0xBF, 0x00, 0x00, 0x03, 0xF8, 0xBF, 0x00, 0x00, 0x03, 0xF8, 0xBF, 0x80,
    0x00, 0x0B, 0xF0, 0x3F, 0xE0, 0x00, 0x0F, 0xC0, 0x2F, 0xF8, 0x00, 0xBF, 0x00, 0x0F, 0xFF, 0xFF,
    0xF8, 0x00, 0x01, 0xFF, 0xFF, 0x80, 0x00, 0x00, 0x00, 0x00, 0x00, 0x00, 0x00, 0x00, 0x00, 0x01,
    0x00, 0x00, 0x00, 0x00, 0x00, 0x2F, 0xFF, 0xFF, 0xE0, 0x00, 0x00, 0x02, 0xFF, 0xFF, 0xFF, 0xFE,
    0x00, 0x00, 0x0F, 0xFF, 0x80, 0x1F, 0xFE, 0x00, 0x00, 0xBF, 0xF0, 0x00, 0x00, 0xFE, 0x00, 0x00,
    0xFF, 0xC0, 0x00, 0x00, 0xBE, 0x00, 0x03, 0xFF, 0x00, 0x00, 0x00, 0xBE, 0x00, 0x0B, 0xFC, 0x00,
    0x00, 0x00, 0x3E, 0x00, 0x0F, 0xF8, 0x00, 0x00, 0x00, 0x3E, 0x00, 0x2F, 0xF0, 0x00, 0x00, 0x00,
    0x00, 0x00, 0x3F, 0xF0, 0x00, 0x00, 0x00, 0x00, 0x00, 0x3F, 0xE0, 0x00, 0x00, 0x00, 0x00, 0x00,
    0x3F, 0xE0, 0x00, 0x00, 0x00, 0x00, 0x00, 0x7F, 0xE0, 0x00, 0x00, 0x00, 0x00, 0x00, 0xBF, 0xD0,
    0x00, 0x00, 0x00, 0x00, 0x00, 0xBF, 0xD0, 0x00, 0x00, 0xAA, 0xAA, 0xA0, 0x3F, 0xE0, 0x00, 0x00,
    0xFF, 0xFF, 0xF8, 0x3F, 0xE0, 0x00, 0x00, 0xAB, 0xFF, 0xA0, 0x3F, 0xE0, 0x00, 0x00, 0x02, 0xFE,
    0x00, 0x3F, 0xF0, 0x00, 0x00, 0x02, 0xFE, 0x00, 0x2F, 0xF0, 0x00, 0x00, 0x02, 0xFE, 0x00, 0x0F,
    0xF8, 0x00, 0x00, 0x02, 0xFE, 0x00, 0x0B, 0xFC, 0x00, 0x00, 0x02, 0xFE, 0x00, 0x03, 0xFF, 0x00,
    0x00, 0x02, 0xFE, 0x00, 0x00, 0xFF, 0xC0, 0x00, 0x02, 0xFE, 0x00, 0x00, 0xBF, 0xF0, 0x00, 0x02,
    0xFE, 0x00, 0x00, 0x0F, 0xFF, 0x40, 0x03, 0xFE, 0x00, 0x00, 0x02, 0xFF, 0xFF, 0xFF, 0xFE, 0x00,
    0x00, 0x00, 0x2F, 0xFF, 0xFF, 0xE0, 0x00, 0x00, 0x00, 0x00, 0x6A, 0xA0, 0x00, 0x00, 0x00, 0x00,
    0x00, 0x00, 0x00, 0x00, 0x00, 0x00, 0x00, 0x00, 0x28, 0x00, 0x00, 0x00, 0x00, 0x00, 0x00, 0xFF,
    0x40, 0x00, 0x00, 0x00, 0x00, 0x00, 0xFF, 0xC0, 0x00, 0x00, 0x00, 0x00, 0x00, 0xFF, 0xC0, 0x00,
    0x00, 0x00, 0x00, 0x00, 0x07, 0xC0, 0x00, 0x00, 0x00, 0x00, 0x00, 0x0B, 0x80, 0x00, 0x00, 0x00,
    0x00, 0x00, 0x1F, 0x00, 0x00, 0x00, 0x00, 0x00, 0x00, 0xFC, 0x00, 0x00, 0x00, 0x00, 0x00, 0x00,
    0x90, 0x00, 0x00, 0x00, 0x00, 0x00, 0x00, 0x00, 0x00, 0x00, 0x00, 0x2E, 0x00, 0x00, 0x00, 0x00,
    0xF8, 0x00, 0x00, 0x00, 0x03, 0xE0, 0x00, 0x00, 0x00, 0x03, 0xC0, 0x00, 0x00, 0x00, 0x0B, 0xC0,
    0x00, 0x00, 0x00, 0x0B, 0xFE, 0x00, 0x00, 0x00, 0x03, 0xFE, 0x00, 0x00, 0x00, 0x02, 0xFC, 0x00,
    0x00, 0x00, 0x00, 0x00, 0x00, 0x00, 0x00, 0x00, 0x00, 0x00, 0x00, 0x00, 0x00, 0xA8, 0x00, 0x00,
    0x00, 0x3F, 0xFF, 0xE0, 0x00, 0x02, 0xFF, 0xAB, 0xFF, 0xFF, 0x0B, 0xF8, 0x02, 0xFF, 0xFF, 0x0F,
    0xF0, 0x00, 0xFF, 0x00, 0x2F, 0xE0, 0x00, 0xBF, 0x80, 0x2F, 0xE0, 0x00, 0x3F, 0xC0, 0x3F, 0xC0,
    0x00, 0x3F, 0xC0, 0x2F, 0xE0, 0x00, 0x3F, 0xC0, 0x2F, 0xE0, 0x00, 0xBF, 0x80, 0x0F, 0xF0, 0x00,
    0xFF, 0x00, 0x07, 0xFC, 0x03, 0xFE, 0x00, 0x01, 0xFF, 0xFF, 0xF0, 0x00, 0x00, 0x2F, 0xFF, 0x80,
    0x00, 0x00, 0x2F, 0x00, 0x00, 0x00, 0x00, 0x3E, 0x00, 0x00, 0x00, 0x00, 0xBF, 0x00, 0x00, 0x00,
    0x00, 0xBF, 0xFF, 0xA0, 0x00, 0x00, 0xBF, 0xFF, 0xFF, 0x00, 0x00, 0xFF, 0xFF, 0xFF, 0xE0, 0x0F,
    0xF0, 0x06, 0xFF, 0xF4, 0x3F, 0xC0, 0x00, 0x0F, 0xF8, 0x3F, 0x80, 0x00, 0x03, 0xFC, 0xBF, 0x00,
    0x00, 0x03, 0xF8, 0xBF, 0x00, 0x00, 0x03, 0xF8, 0xBF, 0x80, 0x00, 0x0B, 0xF0, 0x3F, 0xE0, 0x00,
    0x0F, 0xC0, 0x2F, 0xF8, 0x00, 0xBF, 0x00, 0x0F, 0xFF, 0xFF, 0xF8, 0x00, 0x01, 0xFF, 0xFF, 0x80,
    0x00, 0x00, 0x00, 0x00, 0x00, 0x00, 0xAA, 0xAA, 0xA8, 0x00, 0x0A, 0xAA, 0xAA, 0x00, 0xBF, 0xFF,
    0xFC, 0x00, 0x0F, 0xFF, 0xFF, 0x00, 0x0B, 0xFF, 0x40, 0x00, 0x00, 0xBF, 0xF0, 0x00, 0x02, 0xFE,
    0x00, 0x00, 0x00, 0x3F, 0xC0, 0x00, 0x02, 0xFE, 0x00, 0x00, 0x00, 0x3F, 0xC0, 0x00, 0x02, 0xFE,
    0x00, 0x00, 0x00, 0x3F, 0xC0, 0x00, 0xBF, 0xFF, 0xFF, 0xFF, 0xFF, 0xFF, 0xFF, 0x00, 0xBF, 0xFF,
    0xFF, 0xFF, 0xFF, 0xFF, 0xFF, 0x00, 0x03, 0xFE, 0x00, 0x00, 0x00, 0xBF, 0xE0, 0x00, 0x02, 0xFE,
    0x00, 0x00, 0x00, 0x3F, 0xC0, 0x00, 0x02, 0xFE, 0x00, 0x00, 0x00, 0x3F, 0xC0, 0x00, 0x02, 0xFE,
    0x00, 0x00, 0x00, 0x3F, 0xC0, 0x00, 0x02, 0xFF, 0xAA, 0xAA, 0xAA, 0xBF, 0xC0, 0x00, 0x02, 0xFF,
    0xFF, 0xFF, 0xFF, 0xFF, 0xC0, 0x00, 0x02, 0xFF, 0xAA, 0xAA, 0xAA, 0xBF, 0xC0, 0x00, 0x02, 0xFE,
    0x00, 0x00, 0x00, 0x3F, 0xC0, 0x00, 0x02, 0xFE, 0x00, 0x00, 0x00, 0x3F, 0xC0, 0x00, 0x02, 0xFE,
    0x00, 0x00, 0x00, 0x3F, 0xC0, 0x00, 0x02, 0xFE, 0x00, 0x00, 0x00, 0x3F, 0xC0, 0x00, 0x02, 0xFE,
    0x00, 0x00, 0x00, 0x3F, 0xC0, 0x00, 0x02, 0xFE, 0x00, 0x00, 0x00, 0x3F, 0xC0, 0x00, 0x02, 0xFE,
    0x00, 0x00, 0x00, 0x3F, 0xC0, 0x00, 0x02, 0xFE, 0x00, 0x00, 0x00, 0x3F, 0xC0, 0x00, 0x02, 0xFE,
    0x00, 0x00, 0x00, 0x3F, 0xC0, 0x00, 0x02, 0xFE, 0x00, 0x00, 0x00, 0x3F, 0xC0, 0x00, 0x03, 0xFF,
    0x00, 0x00, 0x00, 0xBF, 0xE0, 0x00, 0xBF, 0xFF, 0xFC, 0x00, 0x0F, 0xFF, 0xFF, 0x00, 0xBF, 0xFF,
    0xFC, 0x00, 0x0F, 0xFF, 0xFF, 0x00, 0x00, 0x02, 0x00, 0x00, 0x00, 0x00, 0x02, 0xFF, 0x80, 0x00,
    0x00, 0x00, 0x2F, 0xFF, 0x80, 0x00, 0x00, 0x00, 0x0A, 0xFF, 0x80, 0x00, 0x00, 0x00, 0x00, 0x7F,
    0x80, 0x00, 0x00, 0x00, 0x00, 0x7F, 0x80, 0x00, 0x00, 0x00, 0x00, 0x7F, 0x80, 0x00, 0x00, 0x00,
    0x3F, 0xFF, 0xFF, 0xC0, 0x00, 0x00, 0x3F, 0xFF, 0xFF, 0xC0, 0x00, 0x00, 0x2A, 0xBF, 0xEA, 0x80,
    0x00, 0x00, 0x00, 0x7F, 0x80, 0x06, 0x00, 0x00, 0x00, 0x7F, 0x82, 0xFF, 0xF8, 0x00, 0x00, 0x7F,
    0xAF, 0xFF, 0xFE, 0x00, 0x00, 0x7F, 0xFF, 0xFF, 0xFF, 0x00, 0x00, 0x7F, 0xE0, 0x01, 0xFF, 0x80,
    0x00, 0x7F, 0x80, 0x00, 0xBF, 0xC0, 0x00, 0x7F, 0x80, 0x00, 0x3F, 0xC0, 0x00, 0x7F, 0x80, 0x00,
    0x3F, 0xC0, 0x00, 0x7F, 0x80, 0x00, 0x3F, 0xC0, 0x00, 0x7F, 0x80, 0x00, 0x3F, 0xC0, 0x00, 0x7F,
    0x80, 0x00, 0x3F, 0xC0, 0x00, 0x7F, 0x80, 0x00, 0x3F, 0xC0, 0x00, 0x7F, 0x80, 0x00, 0x3F, 0xC0,
    0x00, 0x7F, 0x80, 0x00, 0x3F, 0xC0, 0x00, 0x7F, 0x80, 0x00, 0x3F, 0xC0, 0x00, 0x7F, 0x80, 0x00,
    0x3F, 0xC0, 0x00, 0x7F, 0x80, 0x00, 0x3F, 0xC0, 0x00, 0x7F, 0x80, 0x00, 0x3F, 0xC0, 0x00, 0xBF,
    0x80, 0x00, 0x3F, 0xC0, 0x0F, 0xFF, 0xFC, 0x0B, 0xFF, 0xFE, 0x0F, 0xFF, 0xFC, 0x0B, 0xFF, 0xFE,
    0x3F, 0xFF, 0xF8, 0x3F, 0xFF, 0xF8, 0x3F, 0xFF, 0xF8, 0x00, 0x00, 0x00, 0x00, 0x00, 0x00, 0x00,
    0x00, 0x00, 0x00, 0x00, 0x00, 0xAA, 0xAA, 0xA8, 0xBF, 0xFF, 0xFC, 0x07, 0xFF, 0x80, 0x02, 0xFF,
    0x00, 0x02, 0xFF, 0x00, 0x02, 0xFF, 0x00, 0x02, 0xFF, 0x00, 0x02, 0xFF, 0x00, 0x02, 0xFF, 0x00,
    0x02, 0xFF, 0x00, 0x02, 0xFF, 0x00, 0x02, 0xFF, 0x00, 0x02, 0xFF, 0x00, 0x02, 0xFF, 0x00, 0x02,
    0xFF, 0x00, 0x02, 0xFF, 0x00, 0x02, 0xFF, 0x00, 0x02, 0xFF, 0x00, 0x02, 0xFF, 0x00, 0x02, 0xFF,
    0x00, 0x02, 0xFF, 0x00, 0x02, 0xFF, 0x00, 0x02, 0xFF, 0x00, 0x02, 0xFF, 0x00, 0x02, 0xFF, 0x00,
    0x02, 0xFF, 0x00, 0xBF, 0xFF, 0xFC, 0xBF, 0xFF, 0xFC, 0xBF, 0xFF, 0xF0, 0xBF, 0xFF, 0xF0, 0xBF,
    0xFF, 0xF0, 0x00, 0x00, 0x00, 0x00, 0x00, 0x00, 0x00, 0x00, 0x00, 0x00, 0x28, 0x00, 0x0B, 0xFC,
    0x00, 0xBF, 0xFC, 0x00, 0x6B, 0xFC, 0x00, 0x03, 0xFC, 0x00, 0x03, 0xFC, 0x00, 0x03, 0xFC, 0x00,
    0x03, 0xFC, 0x00, 0x03, 0xFC, 0x00, 0x03, 0xFC, 0x00, 0x03, 0xFC, 0x00, 0x03, 0xFC, 0x00, 0x03,
    0xFC, 0x00, 0x03, 0xFC, 0x00, 0x03, 0xFC, 0x00, 0x03, 0xFC, 0x00, 0x03, 0xFC, 0x00, 0x03, 0xFC,
    0x00, 0x03, 0xFD, 0x00, 0xBF, 0xFF, 0xF0, 0xBF, 0xFF, 0xF0, 0xAA, 0xAA, 0xA8, 0xBF, 0xFF, 0xFC,
    0x07, 0xFF, 0x80, 0x02, 0xFF, 0x00, 0x02, 0xFF, 0x00, 0x02, 0xFF, 0x00, 0x02, 0xFF, 0x00, 0x02,
    0xFF, 0x00, 0x02, 0xFF, 0x00, 0x02, 0xFF, 0x00, 0x02, 0xFF, 0x00, 0x02, 0xFF, 0x00, 0x02, 0xFF,
    0x00, 0x02, 0xFF, 0x00, 0x02, 0xFF, 0x00, 0x02, 0xFF, 0x00, 0x02, 0xFF, 0x00, 0x02, 0xFF, 0x00,
    0x02, 0xFF, 0x00, 0x02, 0xFF, 0x00, 0x02, 0xFF, 0x00, 0x02, 0xFF, 0x00, 0x02, 0xFF, 0x00, 0x02,
    0xFF, 0x00, 0x02, 0xFF, 0x00, 0x02, 0xFF, 0x00, 0xBF, 0xFF, 0xFC, 0xBF, 0xFF, 0xFC, 0x00, 0xF4,
    0x00, 0x03, 0xE0, 0x00, 0x0B, 0xC0, 0x00, 0x0F, 0xC0, 0x00, 0x0F, 0xC0, 0x00, 0x0F, 0xFA, 0xC0,
    0x03, 0xFF, 0xE0, 0x00, 0xAA, 0x00, 0x00, 0x00, 0x00, 0x01, 0xFC, 0x00, 0x03, 0xFF, 0x00, 0x03,
    0xFF, 0x00, 0x03, 0xFE, 0x00, 0x00, 0xF8, 0x00, 0x00, 0x00, 0x00, 0x00, 0x00, 0x00, 0x00, 0x00,
    0x00, 0x00, 0x28, 0x00, 0x0B, 0xFC, 0x00, 0xBF, 0xFC, 0x00, 0x6B, 0xFC, 0x00, 0x03, 0xFC, 0x00,
    0x03, 0xFC, 0x00, 0x03, 0xFC, 0x00, 0x03, 0xFC, 0x00, 0x03, 0xFC, 0x00, 0x03, 0xFC, 0x00, 0x03,
    0xFC, 0x00, 0x03, 0xFC, 0x00, 0x03, 0xFC, 0x00, 0x03, 0xFC, 0x00, 0x03, 0xFC, 0x00, 0x03, 0xFC,
    0x00, 0x03, 0xFC, 0x00, 0x03, 0xFC, 0x00, 0x03, 0xFD, 0x00, 0xBF, 0xFF, 0xF0, 0xBF, 0xFF, 0xF0,
    0x02, 0xF0, 0x00, 0x07, 0xC0, 0x00, 0x0F, 0x80, 0x00, 0x0F, 0x00, 0x00, 0x2F, 0x80, 0x00, 0x0F,
    0xEB, 0x80, 0x0F, 0xFF, 0xC0, 0x01, 0xA9, 0x00, 0x00, 0x28, 0x00, 0x0B, 0xFC, 0x00, 0xBF, 0xFC,
    0x00, 0x6B, 0xFC, 0x00, 0x03, 0xFC, 0x00, 0x03, 0xFC, 0x00, 0x03, 0xFC, 0x00, 0x03, 0xFC, 0x00,
    0x03, 0xFC, 0x00, 0x03, 0xFC, 0x00, 0x03, 0xFC, 0x00, 0x03, 0xFC, 0x00, 0x03, 0xFC, 0x00, 0x03,
    0xFC, 0x00, 0x03, 0xFC, 0x00, 0x03, 0xFC, 0x00, 0x03, 0xFC, 0x00, 0x03, 0xFC, 0x00, 0x03, 0xFD,
    0x00, 0xBF, 0xFF, 0xF0, 0xBF, 0xFF, 0xF0, 0xAA, 0xAA, 0xA8, 0x02, 0xAA, 0xAA, 0x00, 0xBF, 0xFF,
    0xFC, 0x02, 0xFF, 0xFF, 0x00, 0x0B, 0xFF, 0x40, 0x00, 0x2F, 0xE4, 0x00, 0x02, 0xFE, 0x00, 0x00,
    0x2F, 0x80, 0x00, 0x02, 0xFE, 0x00, 0x00, 0xBF, 0x00, 0x00, 0x02, 0xFE, 0x00, 0x00, 0xFC, 0x00,
    0x00, 0x02, 0xFE, 0x00, 0x03, 0xF0, 0x00, 0x00, 0x02, 0xFE, 0x00, 0x0F, 0xC0, 0x00, 0x00, 0x02,
    0xFE, 0x00, 0x3F, 0x80, 0x00, 0x00, 0x02, 0xFE, 0x00, 0xBE, 0x00, 0x00, 0x00, 0x02, 0xFE, 0x01,
    0xFC, 0x00, 0x00, 0x00, 0x02, 0xFE, 0x03, 0xF0, 0x00, 0x00, 0x00, 0x02, 0xFE, 0x0F, 0xD0, 0x00,
    0x00, 0x00, 0x02, 0xFE, 0x3F, 0xF0, 0x00, 0x00, 0x00, 0x02, 0xFF, 0xFF, 0xF8, 0x00, 0x00, 0x00,
    0x02, 0xFF, 0xAF, 0xFC, 0x00, 0x00, 0x00, 0x02, 0xFE, 0x03, 0xFF, 0x00, 0x00, 0x00, 0x02, 0xFE,
    0x02, 0xFF, 0x80, 0x00, 0x00, 0x02, 0xFE, 0x00, 0xFF, 0xC0, 0x00, 0x00, 0x02, 0xFE, 0x00, 0x3F,
    0xF0, 0x00, 0x00, 0x02, 0xFE, 0x00, 0x2F, 0xF8, 0x00, 0x00, 0x02, 0xFE, 0x00, 0x0B, 0xFD, 0x00,
    0x00, 0x02, 0xFE, 0x00, 0x03, 0xFF, 0x00, 0x00, 0x02, 0xFE, 0x00, 0x00, 0xFF, 0x80, 0x00, 0x02,
    0xFE, 0x00, 0x00, 0xBF, 0xD0, 0x00, 0x03, 0xFF, 0x00, 0x00, 0x3F, 0xF0, 0x00, 0xBF, 0xFF, 0xFC,
    0x00, 0x0F, 0xFF, 0xC0, 0xBF, 0xFF, 0xFC, 0x00, 0x0F, 0xFF, 0xC0, 0x00, 0x00, 0x00, 0x00, 0x00,
    0x00, 0x00, 0x00, 0x00, 0x00, 0x00, 0x00, 0x00, 0x00, 0x00, 0x00, 0x02, 0xA0, 0x00, 0x00, 0x00,
    0x00, 0x00, 0x0F, 0xFC, 0x00, 0x00, 0x00, 0x00, 0x00, 0x0F, 0xFC, 0x00, 0x00, 0x00, 0x00, 0x00,
    0x0B, 0xFC, 0x00, 0x00, 0x00, 0x00, 0x00, 0x00, 0x3C, 0x00, 0x00, 0x00, 0x00, 0x00, 0x00, 0x3C,
    0x00, 0x00, 0x00, 0x00, 0x00, 0x00, 0xF8, 0x00, 0x00, 0x00, 0x00, 0x00, 0x0B, 0xE0, 0x00, 0x00,
    0x00, 0x00, 0x00, 0x0A, 0x00, 0x00, 0x00, 0x00, 0x00, 0x18, 0x00, 0x00, 0x00, 0x00, 0x0B, 0xFE,
    0x00, 0x00, 0x00, 0x00, 0xBF, 0xFE, 0x00, 0x00, 0x00, 0x00, 0x2B, 0xFE, 0x00, 0x00, 0x00, 0x00,
    0x01, 0xFE, 0x00, 0x00, 0x00, 0x00, 0x01, 0xFE, 0x00, 0x00, 0x00, 0x00, 0x01, 0xFE, 0x00, 0x00,
    0x00, 0x00, 0x01, 0xFE, 0x00, 0x00, 0x00, 0x00, 0x01, 0xFE, 0x00, 0x00, 0x00, 0x00, 0x01, 0xFE,
    0x00, 0x00, 0x00, 0x00, 0x01, 0xFE, 0x00, 0x00, 0x00, 0x00, 0x01, 0xFE, 0x00, 0xBF, 0xFF, 0x40,
    0x01, 0xFE, 0x00, 0xBF, 0xFF, 0x00, 0x01, 0xFE, 0x00, 0x0F, 0xD0, 0x00, 0x01, 0xFE, 0x00, 0x2F,
    0x80, 0x00, 0x01, 0xFE, 0x00, 0xBE, 0x00, 0x00, 0x01, 0xFE, 0x02, 0xF8, 0x00, 0x00, 0x01, 0xFE,
    0x03, 0xE0, 0x00, 0x00, 0x01, 0xFE, 0x0F, 0x80, 0x00, 0x00, 0x01, 0xFE, 0x3F, 0xC0, 0x00, 0x00,
    0x01, 0xFF, 0xFF, 0xE0, 0x00, 0x00, 0x01, 0xFF, 0xAF, 0xF0, 0x00, 0x00, 0x01, 0xFE, 0x0B, 0xFC,
    0x00, 0x00, 0x01, 0xFE, 0x03, 0xFE, 0x00, 0x00, 0x01, 0xFE, 0x01, 0xFF, 0x40, 0x00, 0x01, 0xFE,
    0x00, 0xBF, 0xC0, 0x00, 0x01, 0xFE, 0x00, 0x3F, 0xF0, 0x00, 0x01, 0xFE, 0x00, 0x1F, 0xF8, 0x00,
    0x02, 0xFE, 0x00, 0x0B, 0xFC, 0x00, 0x3F, 0xFF, 0xF0, 0x03, 0xFF, 0xE0, 0x3F, 0xFF, 0xF0, 0x03,
    0xFF, 0xE0, 0x00, 0x00, 0x00, 0x00, 0x00, 0x00, 0x00, 0x00, 0x00, 0x00, 0x00, 0x00, 0x00, 0x00,
    0x2A, 0x00, 0x00, 0x00, 0x00, 0x00, 0xBF, 0xC0, 0x00, 0x00, 0x00, 0x00, 0xBF, 0xE0, 0x00, 0x00,
    0x00, 0x00, 0x3F, 0xE0, 0x00, 0x00, 0x00, 0x00, 0x02, 0xE0, 0x00, 0x00, 0x00, 0x00, 0x03, 0xC0,
    0x00, 0x00, 0x00, 0x00, 0x0B, 0xC0, 0x00, 0x00, 0x00, 0x00, 0x3E, 0x00, 0x00, 0x00, 0x00, 0x00,
    0xA0, 0x00, 0x00, 0x00, 0x2A, 0xAA, 0xAA, 0x00, 0x00, 0x00, 0x3F, 0xFF, 0xFE, 0x00, 0x00, 0x00,
    0x02, 0xFF, 0xD0, 0x00, 0x00, 0x00, 0x00, 0xBF, 0x80, 0x00, 0x00, 0x00, 0x00, 0xBF, 0x80, 0x00,
    0x00, 0x00, 0x00, 0xBF, 0x80, 0x00, 0x00, 0x00, 0x00, 0xBF, 0x80, 0x00, 0x00, 0x00, 0x00, 0xBF,
    0x80, 0x00, 0x00, 0x00, 0x00, 0xBF, 0x80, 0x00, 0x00, 0x00, 0x00, 0xBF, 0x80, 0x00, 0x00, 0x00,
    0x00, 0xBF, 0x80, 0x00, 0x00, 0x00, 0x00, 0xBF, 0x80, 0x00, 0x00, 0x00, 0x00, 0xBF, 0x80, 0x00,
    0x00, 0x00, 0x00, 0xBF, 0x80, 0x00, 0x00, 0x00, 0x00, 0xBF, 0x80, 0x00, 0x00, 0x00, 0x00, 0xBF,
    0x80, 0x00, 0x00, 0x00, 0x00, 0xBF, 0x80, 0x00, 0x00, 0x00, 0x00, 0xBF, 0x80, 0x00, 0x00, 0x00,
    0x00, 0xBF, 0x80, 0x00, 0x00, 0x00, 0x00, 0xBF, 0x80, 0x00, 0x00, 0x00, 0x00, 0xBF, 0x80, 0x00,
    0x0B, 0xC0, 0x00, 0xBF, 0x80, 0x00, 0x0B, 0xC0, 0x00, 0xBF, 0x80, 0x00, 0x0B, 0xC0, 0x00, 0xBF,
    0x80, 0x00, 0x0F, 0xC0, 0x00, 0xBF, 0x80, 0x00, 0x0F, 0xC0, 0x00, 0xFF, 0x80, 0x00, 0x2F, 0xC0,
    0x3F, 0xFF, 0xFF, 0xFF, 0xFF, 0xC0, 0x3F, 0xFF, 0xFF, 0xFF, 0xFF, 0xC0, 0x00, 0x00, 0x00, 0x00,
    0x00, 0x00, 0x00, 0x00, 0x00, 0x00, 0x00, 0x00, 0x00, 0x00, 0x2A, 0x00, 0x00, 0x00, 0x00, 0x00,
    0x7F, 0xC0, 0x00, 0x00, 0x00, 0x00, 0xBF, 0xE0, 0x00, 0x00, 0x00, 0x00, 0x3F, 0xE0, 0x00, 0x00,
    0x00, 0x00, 0x02, 0xE0, 0x00, 0x00, 0x00, 0x00, 0x03, 0xD0, 0x00, 0x00, 0x00, 0x00, 0x0B, 0xC0,
    0x00, 0x00, 0x00, 0x00, 0x3F, 0x00, 0x00, 0x00, 0x00, 0x00, 0xA0, 0x00, 0x00, 0x00, 0x00, 0x0A,
    0x00, 0x02, 0xFF, 0x00, 0x3F, 0xFF, 0x00, 0x2A, 0xFF, 0x00, 0x00, 0xFF, 0x00, 0x00, 0xFF, 0x00,
    0x00, 0xFF, 0x00, 0x00, 0xFF, 0x00, 0x00, 0xFF, 0x00, 0x00, 0xFF, 0x00, 0x00, 0xFF, 0x00, 0x00,
    0xFF, 0x00, 0x00, 0xFF, 0x00, 0x00, 0xFF, 0x00, 0x00, 0xFF, 0x00, 0x00, 0xFF, 0x00, 0x00, 0xFF,
    0x00, 0x00, 0xFF, 0x00, 0x00, 0xFF, 0x00, 0x00, 0xFF, 0x00, 0x00, 0xFF, 0x00, 0x00, 0xFF, 0x00,
    0x00, 0xFF, 0x00, 0x00, 0xFF, 0x00, 0x00, 0xFF, 0x00, 0x00, 0xFF, 0x00, 0x00, 0xFF, 0x00, 0x00,
    0xFF, 0x00, 0x00, 0xFF, 0x00, 0x3F, 0xFF, 0xFC, 0x3F, 0xFF, 0xFC, 0x00, 0x00, 0x00, 0x00, 0x00,
    0x00, 0x00, 0xA8, 0x00, 0x02, 0xFF, 0x00, 0x02, 0xFF, 0x80, 0x00, 0xFF, 0x80, 0x00, 0x0B, 0x80,
    0x00, 0x0F, 0x40, 0x00, 0x2F, 0x00, 0x00, 0xFC, 0x00, 0x02, 0x80, 0x00, 0x00, 0x00, 0x00, 0x02,
    0xA0, 0x00, 0x00, 0x00, 0x00, 0x0B, 0xF0, 0x00, 0x00, 0x00, 0x00, 0x0B, 0xF0, 0x00, 0x2A, 0xAA,
    0xAA, 0x0B, 0xF0, 0x00, 0x3F, 0xFF, 0xFE, 0x0B, 0xE0, 0x00, 0x02, 0xFF, 0xD0, 0x0B, 0xC0, 0x00,
    0x00, 0xBF, 0x80, 0x0F, 0xC0, 0x00, 0x00, 0xBF, 0x80, 0x0F, 0xC0, 0x00, 0x00, 0xBF, 0x80, 0x0F,
    0x80, 0x00, 0x00, 0xBF, 0x80, 0x0A, 0x00, 0x00, 0x00, 0xBF, 0x80, 0x00, 0x00, 0x00, 0x00, 0xBF,
    0x80, 0x00, 0x00, 0x00, 0x00, 0xBF, 0x80, 0x00, 0x00, 0x00, 0x00, 0xBF, 0x80, 0x00, 0x00, 0x00,
    0x00, 0xBF, 0x80, 0x00, 0x00, 0x00, 0x00, 0xBF, 0x80, 0x00, 0x00, 0x00, 0x00, 0xBF, 0x80, 0x00,
    0x00, 0x00, 0x00, 0xBF, 0x80, 0x00, 0x00, 0x00, 0x00, 0xBF, 0x80, 0x00, 0x00, 0x00, 0x00, 0xBF,
    0x80, 0x00, 0x00, 0x00, 0x00, 0xBF, 0x80, 0x00, 0x00, 0x00, 0x00, 0xBF, 0x80, 0x00, 0x00, 0x00,
    0x00, 0xBF, 0x80, 0x00, 0x00, 0x00, 0x00, 0xBF, 0x80, 0x00, 0x0B, 0xC0, 0x00, 0xBF, 0x80, 0x00,
    0x0B, 0xC0, 0x00, 0xBF, 0x80, 0x00, 0x0B, 0xC0, 0x00, 0xBF, 0x80, 0x00, 0x0F, 0xC0, 0x00, 0xBF,
    0x80, 0x00, 0x0F, 0xC0, 0x00, 0xFF, 0x80, 0x00, 0x2F, 0xC0, 0x3F, 0xFF, 0xFF, 0xFF, 0xFF, 0xC0,
    0x3F, 0xFF, 0xFF, 0xFF, 0xFF, 0xC0, 0x00, 0x0A, 0x06, 0x90, 0x02, 0xFF, 0x0F, 0xF0, 0x3F, 0xFF,
    0x0F, 0xF0, 0x2A, 0xFF, 0x0F, 0xE0, 0x00, 0xFF, 0x0F, 0xC0, 0x00, 0xFF, 0x0F, 0xC0, 0x00, 0xFF,
    0x0F, 0x80, 0x00, 0xFF, 0x0F, 0x40, 0x00, 0xFF, 0x0F, 0x00, 0x00, 0xFF, 0x0A, 0x00, 0x00, 0xFF,
    0x00, 0x00, 0x00, 0xFF, 0x00, 0x00, 0x00, 0xFF, 0x00, 0x00, 0x00, 0xFF, 0x00, 0x00, 0x00, 0xFF,
    0x00, 0x00, 0x00, 0xFF, 0x00, 0x00, 0x00, 0xFF, 0x00, 0x00, 0x00, 0xFF, 0x00, 0x00, 0x00, 0xFF,
    0x00, 0x00, 0x00, 0xFF, 0x00, 0x00, 0x00, 0xFF, 0x00, 0x00, 0x00, 0xFF, 0x00, 0x00, 0x00, 0xFF,
    0x00, 0x00, 0x00, 0xFF, 0x00, 0x00, 0x00, 0xFF, 0x00, 0x00, 0x00, 0xFF, 0x00, 0x00, 0x00, 0xFF,
    0x00, 0x00, 0x00, 0xFF, 0x00, 0x00, 0x00, 0xFF, 0x00, 0x00, 0x3F, 0xFF, 0xFC, 0x00, 0x3F, 0xFF,
    0xFC, 0x00, 0x2A, 0xAA, 0xAA, 0x00, 0x00, 0x00, 0x3F, 0xFF, 0xFF, 0x00, 0x00, 0x00, 0x02, 0xFF,
    0xE0, 0x00, 0x00, 0x00, 0x00, 0xBF, 0x80, 0x00, 0x00, 0x00, 0x00, 0xBF, 0x80, 0x00, 0x00, 0x00,
    0x00, 0xBF, 0x80, 0x00, 0x00, 0x00, 0x00, 0xBF, 0x80, 0x00, 0x00, 0x00, 0x00, 0xBF, 0x80, 0x00,
    0x00, 0x00, 0x00, 0xBF, 0x80, 0x80, 0x00, 0x00, 0x00, 0xBF, 0x8B, 0xC0, 0x00, 0x00, 0x00, 0xBF,
    0xFF, 0xC0, 0x00, 0x00, 0x00, 0xBF, 0xFE, 0x00, 0x00, 0x00, 0x00, 0xBF, 0xF0, 0x00, 0x00, 0x00,
    0x00, 0xFF, 0x80, 0x00, 0x00, 0x00, 0x03, 0xFF, 0x80, 0x00, 0x00, 0x00, 0x2F, 0xFF, 0x80, 0x00,
    0x00, 0x00, 0xBF, 0xFF, 0x80, 0x00, 0x00, 0x00, 0x38, 0xBF, 0x80, 0x00, 0x00, 0x00, 0x00, 0xBF,
    0x80, 0x00, 0x00, 0x00, 0x00, 0xBF, 0x80, 0x00, 0x00, 0x00, 0x00, 0xBF, 0x80, 0x00, 0x07, 0xC0,
    0x00, 0xBF, 0x80, 0x00, 0x0B, 0xC0, 0x00, 0xBF, 0x80, 0x00, 0x0B, 0xC0, 0x00, 0xBF, 0x80, 0x00,
    0x0F, 0xC0, 0x00, 0xBF, 0x80, 0x00, 0x0F, 0xC0, 0x00, 0xFF, 0x80, 0x00, 0x2F, 0xC0, 0x3F, 0xFF,
    0xFF, 0xFF, 0xFF, 0xC0, 0x3F, 0xFF, 0xFF, 0xFF, 0xFF, 0xC0, 0x00, 0x02, 0x80, 0x00, 0x00, 0xBF,
    0xC0, 0x00, 0x0F, 0xFF, 0xC0, 0x00, 0x0A, 0xBF, 0xC0, 0x00, 0x00, 0x3F, 0xC0, 0x00, 0x00, 0x3F,
    0xC0, 0x00, 0x00, 0x3F, 0xC0, 0x00, 0x00, 0x3F, 0xC0, 0x00, 0x00, 0x3F, 0xC0, 0x00, 0x00, 0x3F,
    0xC0, 0x00, 0x00, 0x3F, 0xC0, 0x00, 0x00, 0x3F, 0xC1, 0xC0, 0x00, 0x3F, 0xCB, 0xE0, 0x00, 0x3F,
    0xFF, 0x80, 0x00, 0x3F, 0xFC, 0x00, 0x00, 0x3F, 0xE0, 0x00, 0x00, 0xBF, 0xC0, 0x00, 0x03, 0xFF,
    0xC0, 0x00, 0x2F, 0xFF, 0xC0, 0x00, 0x3F, 0x3F, 0xC0, 0x00, 0x28, 0x3F, 0xC0, 0x00, 0x00, 0x3F,
    0xC0, 0x00, 0x00, 0x3F, 0xC0, 0x00, 0x00, 0x3F, 0xC0, 0x00, 0x00, 0x3F, 0xC0, 0x00, 0x00, 0x3F,
    0xC0, 0x00, 0x00, 0x3F, 0xC0, 0x00, 0x00, 0x3F, 0xC0, 0x00, 0x00, 0x3F, 0xC0, 0x00, 0x0F, 0xFF,
    0xFF, 0x00, 0x0F, 0xFF, 0xFF, 0x00, 0x00, 0x00, 0x00, 0x00, 0x00, 0x00, 0x00, 0x00, 0x00, 0x00,
    0x00, 0x00, 0x3F, 0x40, 0x00, 0x00, 0x00, 0x00, 0x00, 0x00, 0xFF, 0x80, 0x00, 0x00, 0x00, 0x00,
    0x00, 0x03, 0xFF, 0x80, 0x00, 0x00, 0x00, 0x00, 0x00, 0x0F, 0xFE, 0x00, 0x00, 0x00, 0x00, 0x00,
    0x00, 0x2F, 0xF0, 0x00, 0x00, 0x00, 0x00, 0x00, 0x00, 0xBF, 0x80, 0x00, 0x00, 0x00, 0x00, 0x00,
    0x02, 0xF8, 0x00, 0x00, 0x00, 0x00, 0x00, 0x00, 0x00, 0x00, 0x00, 0x00, 0x00, 0x00, 0x00, 0x00,
    0x00, 0x00, 0x00, 0x00, 0x00, 0x00, 0x00, 0x00, 0x00, 0x00, 0x00, 0x00, 0x00, 0x00, 0x2A, 0xAA,
    0x80, 0x00, 0x00, 0xAA, 0xAA, 0x00, 0x3F, 0xFF, 0xD0, 0x00, 0x02, 0xFF, 0xFF, 0x80, 0x02, 0xFF,
    0xF0, 0x00, 0x00, 0x0F, 0xF0, 0x00, 0x00, 0xBF, 0xF8, 0x00, 0x00, 0x03, 0xC0, 0x00, 0x00, 0xBF,
    0xFD, 0x00, 0x00, 0x03, 0xC0, 0x00, 0x00, 0xBF, 0xFF, 0x00, 0x00, 0x03, 0xC0, 0x00, 0x00, 0xBC,
    0xFF, 0x80, 0x00, 0x03, 0xC0, 0x00, 0x00, 0xBC, 0xBF, 0xD0, 0x00, 0x03, 0xC0, 0x00, 0x00, 0xBC,
    0x3F, 0xF0, 0x00, 0x03, 0xC0, 0x00, 0x00, 0xBC, 0x0F, 0xF8, 0x00, 0x03, 0xC0, 0x00, 0x00, 0xBC,
    0x0B, 0xFC, 0x00, 0x03, 0xC0, 0x00, 0x00, 0xBC, 0x03, 0xFF, 0x00, 0x03, 0xC0, 0x00, 0x00, 0xBC,
    0x00, 0xFF, 0x80, 0x03, 0xC0, 0x00, 0x00, 0xBC, 0x00, 0xBF, 0xC0, 0x03, 0xC0, 0x00, 0x00, 0xBC,
    0x00, 0x3F, 0xF0, 0x03, 0xC0, 0x00, 0x00, 0xBC, 0x00, 0x0F, 0xF8, 0x03, 0xC0, 0x00, 0x00, 0xBC,
    0x00, 0x0B, 0xFC, 0x03, 0xC0, 0x00, 0x00, 0xBC, 0x00, 0x03, 0xFF, 0x03, 0xC0, 0x00, 0x00, 0xBC,
    0x00, 0x00, 0xFF, 0x83, 0xC0, 0x00, 0x00, 0xBC, 0x00, 0x00, 0xBF, 0xC3, 0xC0, 0x00, 0x00, 0xBC,
    0x00, 0x00, 0x3F, 0xF7, 0xC0, 0x00, 0x00, 0xBC, 0x00, 0x00, 0x0F, 0xFF, 0xC0, 0x00, 0x00, 0xBC,
    0x00, 0x00, 0x0B, 0xFF, 0xC0, 0x00, 0x00, 0xBC, 0x00, 0x00, 0x03, 0xFF, 0xC0, 0x00, 0x00, 0xBC,
    0x00, 0x00, 0x01, 0xFF, 0xC0, 0x00, 0x00, 0xFC, 0x00, 0x00, 0x00, 0xBF, 0xC0, 0x00, 0x3F, 0xFF,
    0xF0, 0x00, 0x00, 0x3F, 0xC0, 0x00, 0x3F, 0xFF, 0xF0, 0x00, 0x00, 0x1F, 0xC0, 0x00, 0x00, 0x00,
    0x00, 0x00, 0x00, 0x00, 0x00, 0x00, 0x00, 0x0F, 0xC0, 0x00, 0x00, 0x00, 0x00, 0x3F, 0xE0, 0x00,
    0x00, 0x00, 0x00, 0xFF, 0xD0, 0x00, 0x00, 0x00, 0x03, 0xFF, 0x80, 0x00, 0x00, 0x00, 0x0F, 0xFC,
    0x00, 0x00, 0x00, 0x00, 0x2F, 0xD0, 0x00, 0x00, 0x00, 0x00, 0xBE, 0x00, 0x00, 0x00, 0x00, 0x00,
    0x00, 0x00, 0x00, 0x00, 0x00, 0x00, 0x00, 0x00, 0x00, 0x00, 0x00, 0x00, 0x00, 0x19, 0x00, 0x00,
    0x00, 0xBE, 0x0B, 0xFF, 0xE0, 0x00, 0x2F, 0xFE, 0xBF, 0xFF, 0xF8, 0x00, 0x3F, 0xFF, 0xFF, 0xFF,
    0xFC, 0x00, 0x02, 0xFF, 0x80, 0x07, 0xFE, 0x00, 0x01, 0xFE, 0x00, 0x02, 0xFE, 0x00, 0x01, 0xFE,
    0x00, 0x00, 0xFF, 0x00, 0x01, 0xFE, 0x00, 0x00, 0xFF, 0x00, 0x01, 0xFE, 0x00, 0x00, 0xFF, 0x00,
    0x01, 0xFE, 0x00, 0x00, 0xFF, 0x00, 0x01, 0xFE, 0x00, 0x00, 0xFF, 0x00, 0x01, 0xFE, 0x00, 0x00,
    0xFF, 0x00, 0x01, 0xFE, 0x00, 0x00, 0xFF, 0x00, 0x01, 0xFE, 0x00, 0x00, 0xFF, 0x00, 0x01, 0xFE,
    0x00, 0x00, 0xFF, 0x00, 0x01, 0xFE, 0x00, 0x00, 0xFF, 0x00, 0x01, 0xFE, 0x00, 0x00, 0xFF, 0x00,
    0x01, 0xFE, 0x00, 0x00, 0xFF, 0x00, 0x02, 0xFE, 0x00, 0x00, 0xFF, 0x00, 0x3F, 0xFF, 0xF0, 0x2F,
    0xFF, 0xF8, 0x3F, 0xFF, 0xF0, 0x2F, 0xFF, 0xF8, 0x2A, 0xAA, 0x80, 0x00, 0x00, 0xAA, 0xAA, 0x00,
    0x3F, 0xFF, 0xD0, 0x00, 0x02, 0xFF, 0xFF, 0x80, 0x02, 0xFF, 0xF0, 0x00, 0x00, 0x0F, 0xF0, 0x00,
    0x00, 0xBF, 0xF8, 0x00, 0x00, 0x03, 0xC0, 0x00, 0x00, 0xBF, 0xFD, 0x00, 0x00, 0x03, 0xC0, 0x00,
    0x00, 0xBF, 0xFF, 0x00, 0x00, 0x03, 0xC0, 0x00, 0x00, 0xBC, 0xFF, 0x80, 0x00, 0x03, 0xC0, 0x00,
    0x00, 0xBC, 0xBF, 0xD0, 0x00, 0x03, 0xC0, 0x00, 0x00, 0xBC, 0x3F, 0xF0, 0x00, 0x03, 0xC0, 0x00,
    0x00, 0xBC, 0x0F, 0xF8, 0x00, 0x03, 0xC0, 0x00, 0x00, 0xBC, 0x0B, 0xFC, 0x00, 0x03, 0xC0, 0x00,
    0x00, 0xBC, 0x03, 0xFF, 0x00, 0x03, 0xC0, 0x00, 0x00, 0xBC, 0x00, 0xFF, 0x80, 0x03, 0xC0, 0x00,
    0x00, 0xBC, 0x00, 0xBF, 0xC0, 0x03, 0xC0, 0x00, 0x00, 0xBC, 0x00, 0x3F, 0xF0, 0x03, 0xC0, 0x00,
    0x00, 0xBC, 0x00, 0x0F, 0xF8, 0x03, 0xC0, 0x00, 0x00, 0xBC, 0x00, 0x0B, 0xFC, 0x03, 0xC0, 0x00,
    0x00, 0xBC, 0x00, 0x03, 0xFF, 0x03, 0xC0, 0x00, 0x00, 0xBC, 0x00, 0x00, 0xFF, 0x83, 0xC0, 0x00,
    0x00, 0xBC, 0x00, 0x00, 0xBF, 0xC3, 0xC0, 0x00, 0x00, 0xBC, 0x00, 0x00, 0x3F, 0xF7, 0xC0, 0x00,
    0x00, 0xBC, 0x00, 0x00, 0x0F, 0xFF, 0xC0, 0x00, 0x00, 0xBC, 0x00, 0x00, 0x0B, 0xFF, 0xC0, 0x00,
    0x00, 0xBC, 0x00, 0x00, 0x03, 0xFF, 0xC0, 0x00, 0x00, 0xBC, 0x00, 0x00, 0x01, 0xFF, 0xC0, 0x00,
    0x00, 0xFC, 0x00, 0x00, 0x00, 0xBF, 0xC0, 0x00, 0x3F, 0xFF, 0xF0, 0x00, 0x00, 0x3F, 0xC0, 0x00,
    0x3F, 0xFF, 0xF0, 0x00, 0x00, 0x1F, 0xC0, 0x00, 0x00, 0x00, 0x00, 0x00, 0x00, 0x00, 0x00, 0x00,
    0x00, 0x00, 0x00, 0x00, 0x00, 0x00, 0x00, 0x00, 0x00, 0x00, 0x00, 0x2A, 0x00, 0x00, 0x00, 0x00,
    0x00, 0x00, 0x00, 0xFF, 0xC0, 0x00, 0x00, 0x00, 0x00, 0x00, 0x00, 0xFF, 0xC0, 0x00, 0x00, 0x00,
    0x00, 0x00, 0x00, 0xBF, 0xC0, 0x00, 0x00, 0x00, 0x00, 0x00, 0x00, 0x03, 0xC0, 0x00, 0x00, 0x00,
    0x00, 0x00, 0x00, 0x03, 0xC0, 0x00, 0x00, 0x00, 0x00, 0x00, 0x00, 0x0F, 0x80, 0x00, 0x00, 0x00,
    0x00, 0x00, 0x00, 0xBE, 0x00, 0x00, 0x00, 0x00, 0x00, 0x00, 0x00, 0xE0, 0x00, 0x00, 0x00, 0x00,
    0x00, 0x00, 0x00, 0x19, 0x00, 0x00, 0x00, 0xBE, 0x0B, 0xFF, 0xE0, 0x00, 0x2F, 0xFE, 0xBF, 0xFF,
    0xF8, 0x00, 0x3F, 0xFF, 0xFF, 0xFF, 0xFC, 0x00, 0x02, 0xFF, 0x80, 0x07, 0xFE, 0x00, 0x01, 0xFE,
    0x00, 0x02, 0xFE, 0x00, 0x01, 0xFE, 0x00, 0x00, 0xFF, 0x00, 0x01, 0xFE, 0x00, 0x00, 0xFF, 0x00,
    0x01, 0xFE, 0x00, 0x00, 0xFF, 0x00, 0x01, 0xFE, 0x00, 0x00, 0xFF, 0x00, 0x01, 0xFE, 0x00, 0x00,
    0xFF, 0x00, 0x01, 0xFE, 0x00, 0x00, 0xFF, 0x00, 0x01, 0xFE, 0x00, 0x00, 0xFF, 0x00, 0x01, 0xFE,
    0x00, 0x00, 0xFF, 0x00, 0x01, 0xFE, 0x00, 0x00, 0xFF, 0x00, 0x01, 0xFE, 0x00, 0x00, 0xFF, 0x00,
    0x01, 0xFE, 0x00, 0x00, 0xFF, 0x00, 0x01, 0xFE, 0x00, 0x00, 0xFF, 0x00, 0x02, 0xFE, 0x00, 0x00,
    0xFF, 0x00, 0x3F, 0xFF, 0xF0, 0x2F, 0xFF, 0xF8, 0x3F, 0xFF, 0xF0, 0x2F, 0xFF, 0xF8, 0x00, 0x00,
    0x00, 0x00, 0x00, 0x00, 0x00, 0x00, 0x00, 0x00, 0x00, 0x00, 0x00, 0x00, 0x0A, 0x80, 0x00, 0x00,
    0x00, 0x00, 0x3F, 0xE0, 0x00, 0x00, 0x00, 0x00, 0x3F, 0xF0, 0x00, 0x00, 0x00, 0x00, 0x2F, 0xF0,
    0x00, 0x00, 0x00, 0x00, 0x00, 0xF0, 0x00, 0x00, 0x00, 0x00, 0x00, 0xF0, 0x00, 0x00, 0x00, 0x00,
    0x03, 0xD0, 0x00, 0x00, 0x00, 0x00, 0x2F, 0x80, 0x00, 0x00, 0x00, 0x00, 0x38, 0x00, 0x00, 0x00,
    0x00, 0x00, 0xB8, 0x00, 0x0B, 0xC0, 0x00, 0x00, 0x00, 0x00, 0x3F, 0x00, 0x2F, 0x80, 0x00, 0x00,
    0x00, 0x00, 0x2F, 0xC0, 0xBF, 0x00, 0x00, 0x00, 0x00, 0x00, 0x0F, 0xF2, 0xFC, 0x00, 0x00, 0x00,
    0x00, 0x00, 0x03, 0xFF, 0xF8, 0x00, 0x00, 0x00, 0x00, 0x00, 0x00, 0xFF, 0xE0, 0x00, 0x00, 0x00,
    0x00, 0x00, 0x00, 0xBF, 0xC0, 0x00, 0x00, 0x00, 0x00, 0x00, 0x00, 0x00, 0x00, 0x00, 0x00, 0x00,
    0x00, 0x00, 0x00, 0x00, 0x00, 0x00, 0x00, 0x00, 0x00, 0x00, 0x00, 0x00, 0x00, 0x00, 0x00, 0x00,
    0x2A, 0xAA, 0x80, 0x00, 0x00, 0xAA, 0xAA, 0x00, 0x3F, 0xFF, 0xD0, 0x00, 0x02, 0xFF, 0xFF, 0x80,
    0x02, 0xFF, 0xF0, 0x00, 0x00, 0x0F, 0xF0, 0x00, 0x00, 0xBF, 0xF8, 0x00, 0x00, 0x03, 0xC0, 0x00,
    0x00, 0xBF, 0xFD, 0x00, 0x00, 0x03, 0xC0, 0x00, 0x00, 0xBF, 0xFF, 0x00, 0x00, 0x03, 0xC0, 0x00,
    0x00, 0xBC, 0xFF, 0x80, 0x00, 0x03, 0xC0, 0x00, 0x00, 0xBC, 0xBF, 0xD0, 0x00, 0x03, 0xC0, 0x00,
    0x00, 0xBC, 0x3F, 0xF0, 0x00, 0x03, 0xC0, 0x00, 0x00, 0xBC, 0x0F, 0xF8, 0x00, 0x03, 0xC0, 0x00,
    0x00, 0xBC, 0x0B, 0xFC, 0x00, 0x03, 0xC0, 0x00, 0x00, 0xBC, 0x03, 0xFF, 0x00, 0x03, 0xC0, 0x00,
    0x00, 0xBC, 0x00, 0xFF, 0x80, 0x03, 0xC0, 0x00, 0x00, 0xBC, 0x00, 0xBF, 0xC0, 0x03, 0xC0, 0x00,
    0x00, 0xBC, 0x00, 0x3F, 0xF0, 0x03, 0xC0, 0x00, 0x00, 0xBC, 0x00, 0x0F, 0xF8, 0x03, 0xC0, 0x00,
    0x00, 0xBC, 0x00, 0x0B, 0xFC, 0x03, 0xC0, 0x00, 0x00, 0xBC, 0x00, 0x03, 0xFF, 0x03, 0xC0, 0x00,
    0x00, 0xBC, 0x00, 0x00, 0xFF, 0x83, 0xC0, 0x00, 0x00, 0xBC, 0x00, 0x00, 0xBF, 0xC3, 0xC0, 0x00,
    0x00, 0xBC, 0x00, 0x00, 0x3F, 0xF7, 0xC0, 0x00, 0x00, 0xBC, 0x00, 0x00, 0x0F, 0xFF, 0xC0, 0x00,
    0x00, 0xBC, 0x00, 0x00, 0x0B, 0xFF, 0xC0, 0x00, 0x00, 0xBC, 0x00, 0x00, 0x03, 0xFF, 0xC0, 0x00,
    0x00, 0xBC, 0x00, 0x00, 0x01, 0xFF, 0xC0, 0x00, 0x00, 0xFC, 0x00, 0x00, 0x00, 0xBF, 0xC0, 0x00,
    0x3F, 0xFF, 0xF0, 0x00, 0x00, 0x3F, 0xC0, 0x00, 0x3F, 0xFF, 0xF0, 0x00, 0x00, 0x1F, 0xC0, 0x00,
    0x00, 0x2A, 0x00, 0x02, 0xA0, 0x00, 0x00, 0x1F, 0xC0, 0x0B, 0xE0, 0x00, 0x00, 0x0B, 0xF0, 0x2F,
    0xC0, 0x00, 0x00, 0x03, 0xFC, 0xBF, 0x00, 0x00, 0x00, 0x00, 0xFF, 0xFD, 0x00, 0x00, 0x00, 0x00,
    0x7F, 0xF8, 0x00, 0x00, 0x00, 0x00, 0x2F, 0xF0, 0x00, 0x00, 0x00, 0x00, 0x00, 0x00, 0x00, 0x00,
    0x00, 0x00, 0x00, 0x00, 0x00, 0x00, 0x00, 0x00, 0x00, 0x19, 0x00, 0x00, 0x00, 0xBE, 0x0B, 0xFF,
    0xE0, 0x00, 0x2F, 0xFE, 0xBF, 0xFF, 0xF8, 0x00, 0x3F, 0xFF, 0xFF, 0xFF, 0xFC, 0x00, 0x02, 0xFF,
    0x80, 0x07, 0xFE, 0x00, 0x01, 0xFE, 0x00, 0x02, 0xFE, 0x00, 0x01, 0xFE, 0x00, 0x00, 0xFF, 0x00,
    0x01, 0xFE, 0x00, 0x00, 0xFF, 0x00, 0x01, 0xFE, 0x00, 0x00, 0xFF, 0x00, 0x01, 0xFE, 0x00, 0x00,
    0xFF, 0x00, 0x01, 0xFE, 0x00, 0x00, 0xFF, 0x00, 0x01, 0xFE, 0x00, 0x00, 0xFF, 0x00, 0x01, 0xFE,
    0x00, 0x00, 0xFF, 0x00, 0x01, 0xFE, 0x00, 0x00, 0xFF, 0x00, 0x01, 0xFE, 0x00, 0x00, 0xFF, 0x00,
    0x01, 0xFE, 0x00, 0x00, 0xFF, 0x00, 0x01, 0xFE, 0x00, 0x00, 0xFF, 0x00, 0x01, 0xFE, 0x00, 0x00,
    0xFF, 0x00, 0x02, 0xFE, 0x00, 0x00, 0xFF, 0x00, 0x3F, 0xFF, 0xF0, 0x2F, 0xFF, 0xF8, 0x3F, 0xFF,
    0xF0, 0x2F, 0xFF, 0xF8, 0x00, 0x00, 0x00, 0x00, 0x00, 0x00, 0x00, 0x00, 0x00, 0x00, 0xBF, 0x00,
    0xBF, 0x00, 0x00, 0x00, 0x02, 0xFF, 0x01, 0xFF, 0x00, 0x00, 0x00, 0x03, 0xFF, 0x03, 0xFF, 0x00,
    0x00, 0x00, 0x0F, 0xFC, 0x0F, 0xFC, 0x00, 0x00, 0x00, 0x3F, 0xE0, 0x3F, 0xE0, 0x00, 0x00, 0x00,
    0xFF, 0x00, 0xFF, 0x00, 0x00, 0x00, 0x02, 0xF8, 0x02, 0xF8, 0x00, 0x00, 0x00, 0x00, 0x00, 0x00,
    0x00, 0x00, 0x00, 0x00, 0x00, 0x00, 0x00, 0x00, 0x00, 0x00, 0x00, 0x00, 0x00, 0x00, 0x00, 0x00,
    0x00, 0x00, 0x00, 0x2F, 0xFF, 0xF8, 0x00, 0x00, 0x00, 0x03, 0xFF, 0xFF, 0xFF, 0xC0, 0x00, 0x00,
    0x2F, 0xFE, 0x00, 0xBF, 0xF4, 0x00, 0x00, 0xBF, 0xE0, 0x00, 0x0B, 0xFE, 0x00, 0x01, 0xFF, 0x80,
    0x00, 0x02, 0xFF, 0x00, 0x03, 0xFE, 0x00, 0x00, 0x00, 0xFF, 0xC0, 0x0B, 0xFC, 0x00, 0x00, 0x00,
    0x3F, 0xE0, 0x0F, 0xF8, 0x00, 0x00, 0x00, 0x3F, 0xF0, 0x2F, 0xF0, 0x00, 0x00, 0x00, 0x0F, 0xF8,
    0x3F, 0xF0, 0x00, 0x00, 0x00, 0x0F, 0xFC, 0x3F, 0xF0, 0x00, 0x00, 0x00, 0x0F, 0xFC, 0x3F, 0xE0,
    0x00, 0x00, 0x00, 0x0B, 0xFC, 0x3F, 0xE0, 0x00, 0x00, 0x00, 0x0B, 0xFC, 0xBF, 0xE0, 0x00, 0x00,
    0x00, 0x0B, 0xFD, 0xBF, 0xE0, 0x00, 0x00, 0x00, 0x0B, 0xFD, 0x7F, 0xE0, 0x00, 0x00, 0x00, 0x0B,
    0xFC, 0x3F, 0xE0, 0x00, 0x00, 0x00, 0x0B, 0xFC, 0x3F, 0xE0, 0x00, 0x00, 0x00, 0x0F, 0xFC, 0x3F,
    0xF0, 0x00, 0x00, 0x00, 0x0F, 0xFC, 0x2F, 0xF0, 0x00, 0x00, 0x00, 0x0F, 0xF8, 0x0F, 0xF8, 0x00,
    0x00, 0x00, 0x2F, 0xF0, 0x0F, 0xFC, 0x00, 0x00, 0x00, 0x3F, 0xE0, 0x03, 0xFE, 0x00, 0x00, 0x00,
    0xBF, 0xC0, 0x02, 0xFF, 0x40, 0x00, 0x02, 0xFF, 0x80, 0x00, 0xBF, 0xC0, 0x00, 0x07, 0xFE, 0x00,
    0x00, 0x2F, 0xF8, 0x00, 0x2F, 0xF8, 0x00, 0x00, 0x07, 0xFF, 0xFF, 0xFF, 0xC0, 0x00, 0x00, 0x00,
    0xBF, 0xFF, 0xFE, 0x00, 0x00, 0x00, 0x00, 0x01, 0xAA, 0x00, 0x00, 0x00, 0x00, 0x00, 0x00, 0x00,
    0x00, 0x00, 0x00, 0x00, 0x3F, 0x00, 0x3F, 0x00, 0x00, 0x00, 0xFF, 0x80, 0xFF, 0x80, 0x00, 0x03,
    0xFF, 0x03, 0xFF, 0x00, 0x00, 0x0F, 0xFE, 0x0F, 0xFE, 0x00, 0x00, 0x3F, 0xE0, 0x3F, 0xE0, 0x00,
    0x00, 0xBF, 0x40, 0xBF, 0x40, 0x00, 0x02, 0xF8, 0x02, 0xF8, 0x00, 0x00, 0x00, 0x00, 0x00, 0x00,
    0x00, 0x00, 0x00, 0x00, 0x00, 0x00, 0x00, 0x00, 0x00, 0x00, 0x18, 0x00, 0x00, 0x00, 0x00, 0x1F,
    0xFF, 0xF8, 0x00, 0x00, 0x00, 0xFF, 0xEB, 0xFF, 0x00, 0x00, 0x03, 0xFE, 0x00, 0x3F, 0xD0, 0x00,
    0x0B, 0xF8, 0x00, 0x0F, 0xF0, 0x00, 0x1F, 0xF0, 0x00, 0x0B, 0xF8, 0x00, 0x3F, 0xE0, 0x00, 0x03,
    0xFC, 0x00, 0x3F, 0xC0, 0x00, 0x03, 0xFE, 0x00, 0x7F, 0xC0, 0x00, 0x02, 0xFE, 0x00, 0xBF, 0xC0,
    0x00, 0x02, 0xFF, 0x00, 0xBF, 0xC0, 0x00, 0x02, 0xFF, 0x00, 0xBF, 0xC0, 0x00, 0x02, 0xFF, 0x00,
    0xBF, 0xC0, 0x00, 0x02, 0xFF, 0x00, 0x7F, 0xC0, 0x00, 0x02, 0xFE, 0x00, 0x3F, 0xC0, 0x00, 0x03,
    0xFE, 0x00, 0x3F, 0xE0, 0x00, 0x03, 0xFC, 0x00, 0x1F, 0xF0, 0x00, 0x0B, 0xF8, 0x00, 0x0F, 0xF8,
    0x00, 0x0F, 0xF0, 0x00, 0x03, 0xFE, 0x00, 0x7F, 0xC0, 0x00, 0x00, 0xFF, 0xEB, 0xFF, 0x00, 0x00,
    0x00, 0x0F, 0xFF, 0xF8, 0x00, 0x00, 0x00, 0x00, 0x14, 0x00, 0x00, 0x00, 0x00, 0x00, 0x00, 0x40,
    0x00, 0x00, 0x00, 0x00, 0x00, 0x00, 0x00, 0x02, 0xFF, 0xFF, 0xE0, 0xAA, 0xAA, 0xAA, 0xAA, 0x80,
    0x00, 0x0F, 0xFF, 0xFF, 0xFC, 0xBF, 0xFF, 0xFF, 0xFF, 0xD0, 0x00, 0x3F, 0xF8, 0x06, 0xFF, 0xFF,
    0xD5, 0x55, 0x6F, 0xD0, 0x00, 0xFF, 0x80, 0x00, 0x7F, 0xFF, 0x80, 0x00, 0x0F, 0xD0, 0x03, 0xFE,
    0x00, 0x00, 0x2F, 0xFF, 0x80, 0x00, 0x0B, 0xD0, 0x0B, 0xFC, 0x00, 0x00, 0x0F, 0xFF, 0x80, 0x00,
    0x0B, 0xD0, 0x0F, 0xF8, 0x00, 0x00, 0x0B, 0xFF, 0x80, 0x00, 0x02, 0x80, 0x1F, 0xF0, 0x00, 0x00,
    0x03, 0xFF, 0x80, 0x00, 0x00, 0x00, 0x2F, 0xF0, 0x00, 0x00, 0x03, 0xFF, 0x80, 0x00, 0x00, 0x00,
    0x3F, 0xE0, 0x00, 0x00, 0x02, 0xFF, 0x80, 0x00, 0xF0, 0x00, 0x3F, 0xE0, 0x00, 0x00, 0x02, 0xFF,
    0x80, 0x02, 0xF0, 0x00, 0x3F, 0xE0, 0x00, 0x00, 0x01, 0xFF, 0x80, 0x02, 0xF0, 0x00, 0x3F, 0xE0,
    0x00, 0x00, 0x00, 0xFF, 0xEA, 0xAB, 0xF0, 0x00, 0xBF, 0xE0, 0x00, 0x00, 0x00, 0xFF, 0xFF, 0xFF,
    0xF0, 0x00, 0xBF, 0xE0, 0x00, 0x00, 0x00, 0xFF, 0xEA, 0xAB, 0xF0, 0x00, 0x7F, 0xE0, 0x00, 0x00,
    0x00, 0xFF, 0x80, 0x02, 0xF0, 0x00, 0x3F, 0xE0, 0x00, 0x00, 0x02, 0xFF, 0x80, 0x02, 0xF0, 0x00,
    0x3F, 0xE0, 0x00, 0x00, 0x02, 0xFF, 0x80, 0x00, 0xF0, 0x00, 0x3F, 0xE0, 0x00, 0x00, 0x02, 0xFF,
    0x80, 0x00, 0x00, 0x00, 0x2F, 0xF0, 0x00, 0x00, 0x03, 0xFF, 0x80, 0x00, 0x00, 0x00, 0x2F, 0xF0,
    0x00, 0x00, 0x03, 0xFF, 0x80, 0x00, 0x00, 0x00, 0x0F, 0xF8, 0x00, 0x00, 0x03, 0xFF, 0x80, 0x00,
    0x00, 0xB8, 0x0B, 0xFC, 0x00, 0x00, 0x0B, 0xFF, 0x80, 0x00, 0x00, 0xF8, 0x03, 0xFE, 0x00, 0x00,
    0x0F, 0xFF, 0x80, 0x00, 0x00, 0xF8, 0x02, 0xFF, 0x00, 0x00, 0x3F, 0xFF, 0x80, 0x00, 0x00, 0xF8,
    0x00, 0xBF, 0xE0, 0x02, 0xFF, 0xFF, 0xC0, 0x00, 0x02, 0xF8, 0x00, 0x1F, 0xFF, 0xFF, 0xFE, 0xBF,
    0xFF, 0xFF, 0xFF, 0xF8, 0x00, 0x02, 0xFF, 0xFF, 0xE0, 0xBF, 0xFF, 0xFF, 0xFF, 0xF8, 0x00, 0x00,
    0x0A, 0xA8, 0x00, 0x00, 0x00, 0x00, 0x00, 0x00, 0x00, 0x00, 0x24, 0x00, 0x00, 0x02, 0x90, 0x00,
    0x00, 0x2F, 0xFF, 0xF0, 0x00, 0xBF, 0xFF, 0x00, 0x00, 0xFF, 0xEF, 0xFE, 0x03, 0xFE, 0xFF, 0xC0,
    0x03, 0xFE, 0x00, 0xBF, 0x8F, 0xD0, 0x2F, 0xF0, 0x0F, 0xF8, 0x00, 0x3F, 0xFF, 0x80, 0x0B, 0xF8,
    0x2F, 0xF0, 0x00, 0x0F, 0xFF, 0x00, 0x03, 0xFC, 0x3F, 0xE0, 0x00, 0x0F, 0xFE, 0x00, 0x03, 0xFC,
    0x3F, 0xC0, 0x00, 0x0B, 0xFC, 0x00, 0x03, 0xFC, 0xBF, 0xC0, 0x00, 0x03, 0xFF, 0xFF, 0xFF, 0xFC,
    0xBF, 0xC0, 0x00, 0x03, 0xFF, 0xFF, 0xFF, 0xFC, 0xBF, 0xC0, 0x00, 0x03, 0xFC, 0x00, 0x00, 0x00,
    0xBF, 0xC0, 0x00, 0x03, 0xFC, 0x00, 0x00, 0x00, 0xBF, 0xC0, 0x00, 0x03, 0xFC, 0x00, 0x00, 0x00,
    0xBF, 0xC0, 0x00, 0x03, 0xFE, 0x00, 0x00, 0x00, 0x3F, 0xC0, 0x00, 0x0B, 0xFF, 0x00, 0x00, 0x00,
    0x3F, 0xE0, 0x00, 0x0F, 0xFF, 0x00, 0x00, 0x00, 0x1F, 0xF0, 0x00, 0x0F, 0xFF, 0xC0, 0x00, 0x04,
    0x0F, 0xF8, 0x00, 0x3F, 0xFF, 0xF0, 0x00, 0x3C, 0x03, 0xFE, 0x00, 0xFF, 0x0F, 0xFF, 0xAB, 0xFC,
    0x00, 0xFF, 0xEF, 0xFC, 0x03, 0xFF, 0xFF, 0xF4, 0x00, 0x2F, 0xFF, 0xE0, 0x00, 0xBF, 0xFF, 0x80,
    0x00, 0x00, 0x14, 0x00, 0x00, 0x01, 0x40, 0x00, 0x00, 0x00, 0x00, 0x00, 0x00, 0x00, 0x00, 0x00,
    0x00, 0x00, 0x3F, 0xC0, 0x00, 0x00, 0x00, 0x00, 0x00, 0xFF, 0xC0, 0x00, 0x00, 0x00, 0x00, 0x02,
    0xFF, 0xC0, 0x00, 0x00, 0x00, 0x00, 0x0B, 0xFF, 0x00, 0x00, 0x00, 0x00, 0x00, 0x0F, 0xF8, 0x00,
    0x00, 0x00, 0x00, 0x00, 0x3F, 0x80, 0x00, 0x00, 0x00, 0x00, 0x00, 0xFC, 0x00, 0x00, 0x00, 0x00,
    0x00, 0x00, 0x00, 0x00, 0x00, 0x00, 0x00, 0x00, 0x00, 0x00, 0x00, 0x00, 0x00, 0x00, 0x00, 0x00,
    0x00, 0x00, 0x00, 0x00, 0x00, 0xAA, 0xAA, 0xAA, 0xA4, 0x00, 0x00, 0x00, 0xBF, 0xFF, 0xFF, 0xFF,
    0xE0, 0x00, 0x00, 0x0B, 0xFE, 0xAA, 0xFF, 0xFC, 0x00, 0x00, 0x02, 0xFE, 0x00, 0x0B, 0xFF, 0x00,
    0x00, 0x02, 0xFE, 0x00, 0x02, 0xFF, 0x80, 0x00, 0x02, 0xFE, 0x00, 0x00, 0xFF, 0xC0, 0x00, 0x02,
    0xFE, 0x00, 0x00, 0xBF, 0xC0, 0x00, 0x02, 0xFE, 0x00, 0x00, 0xBF, 0xC0, 0x00, 0x02, 0xFE, 0x00,
    0x00, 0xBF, 0xC0, 0x00, 0x02, 0xFE, 0x00, 0x00, 0xBF, 0xC0, 0x00, 0x02, 0xFE, 0x00, 0x00, 0xFF,
    0x80, 0x00, 0x02, 0xFE, 0x00, 0x02, 0xFF, 0x00, 0x00, 0x02, 0xFE, 0x00, 0x0B, 0xFC, 0x00, 0x00,
    0x02, 0xFF, 0xAA, 0xFF, 0xE0, 0x00, 0x00, 0x02, 0xFF, 0xFF, 0xFE, 0x00, 0x00, 0x00, 0x02, 0xFF,
    0xAF, 0xFF, 0xC0, 0x00, 0x00, 0x02, 0xFE, 0x00, 0x7F, 0xF0, 0x00, 0x00, 0x02, 0xFE, 0x00, 0x0F,
    0xFC, 0x00, 0x00, 0x02, 0xFE, 0x00, 0x03, 0xFC, 0x00, 0x00, 0x02, 0xFE, 0x00, 0x03, 0xFE, 0x00,
    0x00, 0x02, 0xFE, 0x00, 0x01, 0xFF, 0x00, 0x00, 0x02, 0xFE, 0x00, 0x00, 0xFF, 0x00, 0x00, 0x02,
    0xFE, 0x00, 0x00, 0xFF, 0x80, 0x00, 0x02, 0xFE, 0x00, 0x00, 0xBF, 0xC0, 0x00, 0x02, 0xFE, 0x00,
    0x00, 0x3F, 0xE0, 0x00, 0x03, 0xFF, 0x00, 0x00, 0x2F, 0xF8, 0x00, 0xBF, 0xFF, 0xF8, 0x00, 0x0F,
    0xFF, 0xE0, 0xBF, 0xFF, 0xF8, 0x00, 0x03, 0xFF, 0xE0, 0x00, 0x00, 0x00, 0x00, 0x00, 0x2A, 0x00,
    0x00, 0x00, 0x00, 0x00, 0x00, 0x00, 0x03, 0xF8, 0x00, 0x00, 0x0F, 0xFC, 0x00, 0x00, 0x3F, 0xF8,
    0x00, 0x00, 0xBF, 0xE0, 0x00, 0x02, 0xFF, 0x00, 0x00, 0x07, 0xF8, 0x00, 0x00, 0x0F, 0xC0, 0x00,
    0x00, 0x00, 0x00, 0x00, 0x00, 0x00, 0x00, 0x00, 0x00, 0x00, 0x00, 0x60, 0x00, 0xBF, 0x03, 0xFE,
    0x2F, 0xFF, 0x1F, 0xFE, 0x3F, 0xFF, 0x7F, 0xFE, 0x00, 0xFF, 0xF8, 0xBE, 0x00, 0xFF, 0xC0, 0x00,
    0x00, 0xFF, 0x00, 0x00, 0x00, 0xFF, 0x00, 0x00, 0x00, 0xFF, 0x00, 0x00, 0x00, 0xFF, 0x00, 0x00,
    0x00, 0xFF, 0x00, 0x00, 0x00, 0xFF, 0x00, 0x00, 0x00, 0xFF, 0x00, 0x00, 0x00, 0xFF, 0x00, 0x00,
    0x00, 0xFF, 0x00, 0x00, 0x00, 0xFF, 0x00, 0x00, 0x00, 0xFF, 0x00, 0x00, 0x00, 0xFF, 0x00, 0x00,
    0x01, 0xFF, 0x00, 0x00, 0x3F, 0xFF, 0xFC, 0x00, 0x3F, 0xFF, 0xFC, 0x00, 0x00, 0xBC, 0x00, 0x02,
    0xE0, 0x00, 0x00, 0x00, 0x3F, 0x00, 0x0F, 0xC0, 0x00, 0x00, 0x00, 0x0F, 0xC0, 0x3F, 0x00, 0x00,
    0x00, 0x00, 0x0B, 0xF4, 0xFE, 0x00, 0x00, 0x00, 0x00, 0x02, 0xFF, 0xFC, 0x00, 0x00, 0x00, 0x00,
    0x00, 0xFF, 0xF0, 0x00, 0x00, 0x00, 0x00, 0x00, 0x3F, 0xC0, 0x00, 0x00, 0x00, 0x00, 0x00, 0x00,
    0x00, 0x00, 0x00, 0x00, 0x00, 0x00, 0x00, 0x00, 0x00, 0x00, 0x00, 0x00, 0x00, 0x00, 0x00, 0x00,
    0x00, 0x00, 0xAA, 0xAA, 0xAA, 0xA4, 0x00, 0x00, 0x00, 0xBF, 0xFF, 0xFF, 0xFF, 0xE0, 0x00, 0x00,
    0x0B, 0xFE, 0xAA, 0xFF, 0xFC, 0x00, 0x00, 0x02, 0xFE, 0x00, 0x0B, 0xFF, 0x00, 0x00, 0x02, 0xFE,
    0x00, 0x02, 0xFF, 0x80, 0x00, 0x02, 0xFE, 0x00, 0x00, 0xFF, 0xC0, 0x00, 0x02, 0xFE, 0x00, 0x00,
    0xBF, 0xC0, 0x00, 0x02, 0xFE, 0x00, 0x00, 0xBF, 0xC0, 0x00, 0x02, 0xFE, 0x00, 0x00, 0xBF, 0xC0,
    0x00, 0x02, 0xFE, 0x00, 0x00, 0xBF, 0xC0, 0x00, 0x02, 0xFE, 0x00, 0x00, 0xFF, 0x80, 0x00, 0x02,
    0xFE, 0x00, 0x02, 0xFF, 0x00, 0x00, 0x02, 0xFE, 0x00, 0x0B, 0xFC, 0x00, 0x00, 0x02, 0xFF, 0xAA,
    0xFF, 0xE0, 0x00, 0x00, 0x02, 0xFF, 0xFF, 0xFE, 0x00, 0x00, 0x00, 0x02, 0xFF, 0xAF, 0xFF, 0xC0,
    0x00, 0x00, 0x02, 0xFE, 0x00, 0x7F, 0xF0, 0x00, 0x00, 0x02, 0xFE, 0x00, 0x0F, 0xFC, 0x00, 0x00,
    0x02, 0xFE, 0x00, 0x03, 0xFC, 0x00, 0x00, 0x02, 0xFE, 0x00, 0x03, 0xFE, 0x00, 0x00, 0x02, 0xFE,
    0x00, 0x01, 0xFF, 0x00, 0x00, 0x02, 0xFE, 0x00, 0x00, 0xFF, 0x00, 0x00, 0x02, 0xFE, 0x00, 0x00,
    0xFF, 0x80, 0x00, 0x02, 0xFE, 0x00, 0x00, 0xBF, 0xC0, 0x00, 0x02, 0xFE, 0x00, 0x00, 0x3F, 0xE0,
    0x00, 0x03, 0xFF, 0x00, 0x00, 0x2F, 0xF8, 0x00, 0xBF, 0xFF, 0xF8, 0x00, 0x0F, 0xFF, 0xE0, 0xBF,
    0xFF, 0xF8, 0x00, 0x03, 0xFF, 0xE0, 0x00, 0x00, 0x00, 0x00, 0x00, 0x2A, 0x00, 0x0A, 0x80, 0x00,
    0x29, 0x03, 0xF0, 0x00, 0xFC, 0x01, 0xFC, 0x07, 0xF0, 0x00, 0xBF, 0x1F, 0xD0, 0x00, 0x3F, 0xFF,
    0x80, 0x00, 0x0F, 0xFF, 0x00, 0x00, 0x07, 0xFC, 0x00, 0x00, 0x00, 0x00, 0x00, 0x00, 0x00, 0x00,
    0x00, 0x00, 0x00, 0x00, 0x60, 0x00, 0xBF, 0x03, 0xFE, 0x2F, 0xFF, 0x1F, 0xFE, 0x3F, 0xFF, 0x7F,
    0xFE, 0x00, 0xFF, 0xF8, 0xBE, 0x00, 0xFF, 0xC0, 0x00, 0x00, 0xFF, 0x00, 0x00, 0x00, 0xFF, 0x00,
    0x00, 0x00, 0xFF, 0x00, 0x00, 0x00, 0xFF, 0x00, 0x00, 0x00, 0xFF, 0x00, 0x00, 0x00, 0xFF, 0x00,
    0x00, 0x00, 0xFF, 0x00, 0x00, 0x00, 0xFF, 0x00, 0x00, 0x00, 0xFF, 0x00, 0x00, 0x00, 0xFF, 0x00,
    0x00, 0x00, 0xFF, 0x00, 0x00, 0x00, 0xFF, 0x00, 0x00, 0x01, 0xFF, 0x00, 0x00, 0x3F, 0xFF, 0xFC,
    0x00, 0x3F, 0xFF, 0xFC, 0x00, 0x00, 0x00, 0x00, 0x00, 0x00, 0x00, 0x00, 0x00, 0xBF, 0x00, 0x00,
    0x00, 0x02, 0xFF, 0x00, 0x00, 0x00, 0x0B, 0xFF, 0x00, 0x00, 0x00, 0x0F, 0xFC, 0x00, 0x00, 0x00,
    0x3F, 0xE0, 0x00, 0x00, 0x00, 0xFF, 0x00, 0x00, 0x00, 0x03, 0xF8, 0x00, 0x00, 0x00, 0x00, 0x00,
    0x00, 0x00, 0x00, 0x00, 0x00, 0x00, 0x00, 0x00, 0x00, 0x04, 0x00, 0x00, 0x00, 0x0B, 0xFF, 0xFE,
    0x40, 0x00, 0xFF, 0xFF, 0xFF, 0xF0, 0x03, 0xFF, 0x40, 0x2F, 0xF0, 0x0F, 0xF8, 0x00, 0x0B, 0xF0,
    0x0F, 0xF0, 0x00, 0x03, 0xF0, 0x2F, 0xE0, 0x00, 0x03, 0xF0, 0x3F, 0xE0, 0x00, 0x03, 0xF0, 0x3F,
    0xE0, 0x00, 0x01, 0xA0, 0x3F, 0xF0, 0x00, 0x00, 0x00, 0x3F, 0xF8, 0x00, 0x00, 0x00, 0x2F, 0xFF,
    0x00, 0x00, 0x00, 0x0F, 0xFF, 0xE0, 0x00, 0x00, 0x03, 0xFF, 0xFF, 0x00, 0x00, 0x00, 0xBF, 0xFF,
    0xF4, 0x00, 0x00, 0x0F, 0xFF, 0xFF, 0x00, 0x00, 0x00, 0xFF, 0xFF, 0xC0, 0x00, 0x00, 0x0F, 0xFF,
    0xF0, 0x00, 0x00, 0x01, 0xFF, 0xF4, 0x00, 0x00, 0x00, 0x3F, 0xF8, 0x00, 0x00, 0x00, 0x0F, 0xFC,
    0xBD, 0x00, 0x00, 0x0B, 0xFC, 0xBE, 0x00, 0x00, 0x0B, 0xF8, 0xBE, 0x00, 0x00, 0x0B, 0xF8, 0xBE,
    0x00, 0x00, 0x0F, 0xF0, 0xBF, 0x00, 0x00, 0x3F, 0xE0, 0xBF, 0xE0, 0x02, 0xFF, 0x80, 0xBF, 0xFF,
    0xFF, 0xFE, 0x00, 0x2F, 0xFF, 0xFF, 0xE0, 0x00, 0x00, 0x2A, 0xA4, 0x00, 0x00, 0x00, 0x00, 0x00,
    0x00, 0x00, 0x00, 0x1F, 0xC0, 0x00, 0x00, 0x3F, 0xE0, 0x00, 0x00, 0xFF, 0xC0, 0x00, 0x03, 0xFF,
    0x80, 0x00, 0x0F, 0xF8, 0x00, 0x00, 0x2F, 0xD0, 0x00, 0x00, 0xBE, 0x00, 0x00, 0x00, 0x00, 0x00,
    0x00, 0x00, 0x00, 0x00, 0x00, 0x00, 0x06, 0x80, 0x00, 0x02, 0xFF, 0xFF, 0xC0, 0x0F, 0xFE, 0xFF,
    0xD0, 0x2F, 0xD0, 0x0B, 0xD0, 0x3F, 0x80, 0x03, 0xD0, 0x3F, 0x80, 0x03, 0xD0, 0x7F, 0xC0, 0x02,
    0x80, 0x3F, 0xE0, 0x00, 0x00, 0x3F, 0xFC, 0x00, 0x00, 0x0F, 0xFF, 0xC0, 0x00, 0x03, 0xFF, 0xFC,
    0x00, 0x00, 0xBF, 0xFF, 0x80, 0x00, 0x0B, 0xFF, 0xC0, 0x00, 0x00, 0xBF, 0xE0, 0x00, 0x00, 0x2F,
    0xF0, 0xB8, 0x00, 0x0F, 0xF0, 0xBC, 0x00, 0x0F, 0xF0, 0xBC, 0x00, 0x0F, 0xE0, 0xBE, 0x00, 0x3F,
    0xC0, 0xBF, 0xFA, 0xFF, 0x00, 0x3F, 0xFF, 0xF8, 0x00, 0x00, 0x14, 0x00, 0x00, 0x00, 0x00, 0x04,
    0x00, 0x00, 0x00, 0x0B, 0xFF, 0xFE, 0x40, 0x00, 0xFF, 0xFF, 0xFF, 0xF0, 0x03, 0xFF, 0x40, 0x2F,
    0xF0, 0x0F, 0xF8, 0x00, 0x0B, 0xF0, 0x0F, 0xF0, 0x00, 0x03, 0xF0, 0x2F, 0xE0, 0x00, 0x03, 0xF0,
    0x3F, 0xE0, 0x00, 0x03, 0xF0, 0x3F, 0xE0, 0x00, 0x01, 0xA0, 0x3F, 0xF0, 0x00, 0x00, 0x00, 0x3F,
    0xF8, 0x00, 0x00, 0x00, 0x2F, 0xFF, 0x00, 0x00, 0x00, 0x0F, 0xFF, 0xE0, 0x00, 0x00, 0x03, 0xFF,
    0xFF, 0x00, 0x00, 0x00, 0xBF, 0xFF, 0xF4, 0x00, 0x00, 0x0F, 0xFF, 0xFF, 0x00, 0x00, 0x00, 0xFF,
    0xFF, 0xC0, 0x00, 0x00, 0x0F, 0xFF, 0xF0, 0x00, 0x00, 0x01, 0xFF, 0xF4, 0x00, 0x00, 0x00, 0x3F,
    0xF8, 0x00, 0x00, 0x00, 0x0F, 0xFC, 0xBD, 0x00, 0x00, 0x0B, 0xFC, 0xBE, 0x00, 0x00, 0x0B, 0xF8,
    0xBE, 0x00, 0x00, 0x0B, 0xF8, 0xBE, 0x00, 0x00, 0x0F, 0xF0, 0xBF, 0x00, 0x00, 0x3F, 0xE0, 0xBF,
    0xE0, 0x02, 0xFF, 0x80, 0xBF, 0xFF, 0xFF, 0xFE, 0x00, 0x2F, 0xFF, 0xFF, 0xE0, 0x00, 0x00, 0x2A,
    0xF4, 0x00, 0x00, 0x00, 0x00, 0xF0, 0x00, 0x00, 0x00, 0x00, 0xFE, 0x00, 0x00, 0x00, 0x00, 0xFF,
    0xC0, 0x00, 0x00, 0x00, 0x6F, 0xE0, 0x00, 0x00, 0x00, 0x03, 0xE0, 0x00, 0x00, 0x00, 0x0B, 0xE0,
    0x00, 0x00, 0x0F, 0xFF, 0xC0, 0x00, 0x00, 0x0F, 0xFE, 0x00, 0x00, 0x00, 0x00, 0x00, 0x00, 0x00,
    0x00, 0x06, 0x80, 0x00, 0x02, 0xFF, 0xFF, 0xC0, 0x0F, 0xFE, 0xFF, 0xD0, 0x2F, 0xD0, 0x0B, 0xD0,
    0x3F, 0x80, 0x03, 0xD0, 0x3F, 0x80, 0x03, 0xD0, 0x7F, 0xC0, 0x02, 0x80, 0x3F, 0xE0, 0x00, 0x00,
    0x3F, 0xFC, 0x00, 0x00, 0x0F, 0xFF, 0xC0, 0x00, 0x03, 0xFF, 0xFC, 0x00, 0x00, 0xBF, 0xFF, 0x80,
    0x00, 0x0B, 0xFF, 0xC0, 0x00, 0x00, 0xBF, 0xE0, 0x00, 0x00, 0x2F, 0xF0, 0xB8, 0x00, 0x0F, 0xF0,
    0xBC, 0x00, 0x0F, 0xF0, 0xBC, 0x00, 0x0F, 0xE0, 0xBE, 0x00, 0x3F, 0xC0, 0xBF, 0xFA, 0xFF, 0x00,
    0x3F, 0xFF, 0xF8, 0x00, 0x00, 0x2E, 0x00, 0x00, 0x00, 0x0E, 0x00, 0x00, 0x00, 0x0F, 0xE0, 0x00,
    0x00, 0x0F, 0xFC, 0x00, 0x00, 0x06, 0xFC, 0x00, 0x00, 0x00, 0xBC, 0x00, 0x00, 0x00, 0xFC, 0x00,
    0x02, 0xEF, 0xF8, 0x00, 0x02, 0xFF, 0xE0, 0x00, 0x00, 0x00, 0x00, 0x00, 0x00, 0xF4, 0x00, 0x0B,
    0x80, 0x00, 0xBE, 0x00, 0x3F, 0x00, 0x00, 0x3F, 0x80, 0xFE, 0x00, 0x00, 0x0F, 0xE3, 0xFC, 0x00,
    0x00, 0x0B, 0xFF, 0xF0, 0x00, 0x00, 0x02, 0xFF, 0xC0, 0x00, 0x00, 0x00, 0xFF, 0x80, 0x00, 0x00,
    0x00, 0x00, 0x00, 0x00, 0x00, 0x00, 0x00, 0x00, 0x00, 0x00, 0x00, 0x04, 0x00, 0x00, 0x00, 0x0B,
    0xFF, 0xFE, 0x40, 0x00, 0xFF, 0xFF, 0xFF, 0xF0, 0x03, 0xFF, 0x40, 0x2F, 0xF0, 0x0F, 0xF8, 0x00,
    0x0B, 0xF0, 0x0F, 0xF0, 0x00, 0x03, 0xF0, 0x2F, 0xE0, 0x00, 0x03, 0xF0, 0x3F, 0xE0, 0x00, 0x03,
    0xF0, 0x3F, 0xE0, 0x00, 0x01, 0xA0, 0x3F, 0xF0, 0x00, 0x00, 0x00, 0x3F, 0xF8, 0x00, 0x00, 0x00,
    0x2F, 0xFF, 0x00, 0x00, 0x00, 0x0F, 0xFF, 0xE0, 0x00, 0x00, 0x03, 0xFF, 0xFF, 0x00, 0x00, 0x00,
    0xBF, 0xFF, 0xF4, 0x00, 0x00, 0x0F, 0xFF, 0xFF, 0x00, 0x00, 0x00, 0xFF, 0xFF, 0xC0, 0x00, 0x00,
    0x0F, 0xFF, 0xF0, 0x00, 0x00, 0x01, 0xFF, 0xF4, 0x00, 0x00, 0x00, 0x3F, 0xF8, 0x00, 0x00, 0x00,
    0x0F, 0xFC, 0xBD, 0x00, 0x00, 0x0B, 0xFC, 0xBE, 0x00, 0x00, 0x0B, 0xF8, 0xBE, 0x00, 0x00, 0x0B,
    0xF8, 0xBE, 0x00, 0x00, 0x0F, 0xF0, 0xBF, 0x00, 0x00, 0x3F, 0xE0, 0xBF, 0xE0, 0x02, 0xFF, 0x80,
    0xBF, 0xFF, 0xFF, 0xFE, 0x00, 0x2F, 0xFF, 0xFF, 0xE0, 0x00, 0x00, 0x2A, 0xA4, 0x00, 0x00, 0x2A,
    0x00, 0x02, 0xA0, 0x2F, 0x80, 0x0B, 0xE0, 0x0B, 0xF0, 0x2F, 0xC0, 0x03, 0xFC, 0xBF, 0x00, 0x00,
    0xFF, 0xFC, 0x00, 0x00, 0xBF, 0xF8, 0x00, 0x00, 0x2F, 0xF0, 0x00, 0x00, 0x00, 0x00, 0x00, 0x00,
    0x00, 0x00, 0x00, 0x00, 0x06, 0x80, 0x00, 0x02, 0xFF, 0xFF, 0xC0, 0x0F, 0xFE, 0xFF, 0xD0, 0x2F,
    0xD0, 0x0B, 0xD0, 0x3F, 0x80, 0x03, 0xD0, 0x3F, 0x80, 0x03, 0xD0, 0x7F, 0xC0, 0x02, 0x80, 0x3F,
    0xE0, 0x00, 0x00, 0x3F, 0xFC, 0x00, 0x00, 0x0F, 0xFF, 0xC0, 0x00, 0x03, 0xFF, 0xFC, 0x00, 0x00,
    0xBF, 0xFF, 0x80, 0x00, 0x0B, 0xFF, 0xC0, 0x00, 0x00, 0xBF, 0xE0, 0x00, 0x00, 0x2F, 0xF0, 0xB8,
    0x00, 0x0F, 0xF0, 0xBC, 0x00, 0x0F, 0xF0, 0xBC, 0x00, 0x0F, 0xE0, 0xBE, 0x00, 0x3F, 0xC0, 0xBF,
    0xFA, 0xFF, 0x00, 0x3F, 0xFF, 0xF8, 0x00, 0x00, 0x14, 0x00, 0x00, 0x2A, 0xAA, 0xAA, 0xAA, 0xAA,
    0xAA, 0x00, 0xBF, 0xFF, 0xFF, 0xFF, 0xFF, 0xFF, 0x00, 0xBF, 0xAA, 0xAF, 0xFA, 0xAA, 0xBF, 0x00,
    0xBE, 0x00, 0x0F, 0xF8, 0x00, 0x3F, 0x00, 0xBE, 0x00, 0x0F, 0xF8, 0x00, 0x3F, 0x00, 0xBC, 0x00,
    0x0F, 0xF8, 0x00, 0x3F, 0x00, 0xBC, 0x00, 0x0F, 0xF8, 0x00, 0x2F, 0x00, 0x00, 0x00, 0x0F, 0xF8,
    0x00, 0x00, 0x00, 0x00, 0x00, 0x0F, 0xF8, 0x00, 0x00, 0x00, 0x00, 0x00, 0x0F, 0xF8, 0x00, 0x00,
    0x00, 0x00, 0x00, 0x0F, 0xF8, 0x00, 0x00, 0x00, 0x00, 0x00, 0x0F, 0xF8, 0x00, 0x00, 0x00, 0x00,
    0x00, 0x0F, 0xF8, 0x00, 0x00, 0x00, 0x00, 0x00, 0x0F, 0xF8, 0x00, 0x00, 0x00, 0x00, 0x00, 0x0F,
    0xF8, 0x00, 0x00, 0x00, 0x00, 0x00, 0x0F, 0xF8, 0x00, 0x00, 0x00, 0x00, 0x00, 0x0F, 0xF8, 0x00,
    0x00, 0x00, 0x00, 0x00, 0x0F, 0xF8, 0x00, 0x00, 0x00, 0x00, 0x00, 0x0F, 0xF8, 0x00, 0x00, 0x00,
    0x00, 0x00, 0x0F, 0xF8, 0x00, 0x00, 0x00, 0x00, 0x00, 0x0F, 0xF8, 0x00, 0x00, 0x00, 0x00, 0x00,
    0x0F, 0xF8, 0x00, 0x00, 0x00, 0x00, 0x00, 0x0F, 0xF8, 0x00, 0x00, 0x00, 0x00, 0x00, 0x0F, 0xF8,
    0x00, 0x00, 0x00, 0x00, 0x00, 0x0F, 0xF8, 0x00, 0x00, 0x00, 0x00, 0x00, 0x0F, 0xFC, 0x00, 0x00,
    0x00, 0x00, 0x03, 0xFF, 0xFF, 0xF0, 0x00, 0x00, 0x00, 0x03, 0xFF, 0xFF, 0xF0, 0x00, 0x00, 0x00,
    0x00, 0x02, 0xC0, 0x00, 0x00, 0x00, 0x00, 0x00, 0x02, 0xC0, 0x00, 0x00, 0x00, 0x00, 0x00, 0x02,
    0xFA, 0x00, 0x00, 0x00, 0x00, 0x00, 0x02, 0xFF, 0x80, 0x00, 0x00, 0x00, 0x00, 0x00, 0x6F, 0xC0,
    0x00, 0x00, 0x00, 0x00, 0x00, 0x0F, 0xC0, 0x00, 0x00, 0x00, 0x00, 0x00, 0x0F, 0xC0, 0x00, 0x00,
    0x00, 0x00, 0x3E, 0xFF, 0x00, 0x00, 0x00, 0x00, 0x00, 0x3F, 0xFC, 0x00, 0x00, 0x00, 0x00, 0x00,
    0x00, 0x00, 0x00, 0x00, 0x00, 0x00, 0x00, 0x00, 0x00, 0x00, 0x2E, 0x00, 0x00, 0x00, 0x3E, 0x00,
    0x00, 0x00, 0x7E, 0x00, 0x00, 0x00, 0xFE, 0x00, 0x00, 0x02, 0xFE, 0x00, 0x00, 0x2F, 0xFF, 0xFF,
    0xD0, 0x3F, 0xFF, 0xFF, 0xE0, 0x02, 0xFE, 0x00, 0x00, 0x00, 0xFE, 0x00, 0x00, 0x00, 0xFE, 0x00,
    0x00, 0x00, 0xFE, 0x00, 0x00, 0x00, 0xFE, 0x00, 0x00, 0x00, 0xFE, 0x00, 0x00, 0x00, 0xFE, 0x00,
    0x00, 0x00, 0xFE, 0x00, 0x00, 0x00, 0xFE, 0x00, 0x00, 0x00, 0xFE, 0x00, 0x00, 0x00, 0xFE, 0x00,
    0x00, 0x00, 0xFE, 0x00, 0x00, 0x00, 0xFE, 0x00, 0x00, 0x00, 0xFF, 0x00, 0x00, 0x00, 0xFF, 0x00,
    0x00, 0x00, 0xFF, 0xD0, 0x20, 0x00, 0xFF, 0xFF, 0xE0, 0x00, 0x3F, 0xFF, 0x80, 0x00, 0x0B, 0x80,
    0x00, 0x00, 0x0B, 0x00, 0x00, 0x00, 0x0B, 0xE8, 0x00, 0x00, 0x0B, 0xFF, 0x00, 0x00, 0x01, 0xBF,
    0x00, 0x00, 0x00, 0x3F, 0x00, 0x00, 0x00, 0x3F, 0x00, 0x00, 0xFB, 0xFE, 0x00, 0x00, 0xBF, 0xF0,
    0x00, 0x00, 0x00, 0x00, 0x00, 0x00, 0x0F, 0x40, 0x00, 0xB8, 0x00, 0x00, 0x00, 0x0B, 0xE0, 0x03,
    0xF0, 0x00, 0x00, 0x00, 0x03, 0xF8, 0x0F, 0xE0, 0x00, 0x00, 0x00, 0x00, 0xFE, 0x3F, 0xC0, 0x00,
    0x00, 0x00, 0x00, 0xBF, 0xFF, 0x00, 0x00, 0x00, 0x00, 0x00, 0x2F, 0xFC, 0x00, 0x00, 0x00, 0x00,
    0x00, 0x0F, 0xF8, 0x00, 0x00, 0x00, 0x00, 0x00, 0x00, 0x00, 0x00, 0x00, 0x00, 0x00, 0x00, 0x00,
    0x00, 0x00, 0x00, 0x00, 0x00, 0x00, 0x00, 0x00, 0x00, 0x00, 0x00, 0x2A, 0xAA, 0xAA, 0xAA, 0xAA,
    0xAA, 0x00, 0xBF, 0xFF, 0xFF, 0xFF, 0xFF, 0xFF, 0x00, 0xBF, 0xAA, 0xAF, 0xFA, 0xAA, 0xBF, 0x00,
    0xBE, 0x00, 0x0F, 0xF8, 0x00, 0x3F, 0x00, 0xBE, 0x00, 0x0F, 0xF8, 0x00, 0x3F, 0x00, 0xBC, 0x00,
    0x0F, 0xF8, 0x00, 0x3F, 0x00, 0xBC, 0x00, 0x0F, 0xF8, 0x00, 0x2F, 0x00, 0x00, 0x00, 0x0F, 0xF8,
    0x00, 0x00, 0x00, 0x00, 0x00, 0x0F, 0xF8, 0x00, 0x00, 0x00, 0x00, 0x00, 0x0F, 0xF8, 0x00, 0x00,
    0x00, 0x00, 0x00, 0x0F, 0xF8, 0x00, 0x00, 0x00, 0x00, 0x00, 0x0F, 0xF8, 0x00, 0x00, 0x00, 0x00,
    0x00, 0x0F, 0xF8, 0x00, 0x00, 0x00, 0x00, 0x00, 0x0F, 0xF8, 0x00, 0x00, 0x00, 0x00, 0x00, 0x0F,
    0xF8, 0x00, 0x00, 0x00, 0x00, 0x00, 0x0F, 0xF8, 0x00, 0x00, 0x00, 0x00, 0x00, 0x0F, 0xF8, 0x00,
    0x00, 0x00, 0x00, 0x00, 0x0F, 0xF8, 0x00, 0x00, 0x00, 0x00, 0x00, 0x0F, 0xF8, 0x00, 0x00, 0x00,
    0x00, 0x00, 0x0F, 0xF8, 0x00, 0x00, 0x00, 0x00, 0x00, 0x0F, 0xF8, 0x00, 0x00, 0x00, 0x00, 0x00,
    0x0F, 0xF8, 0x00, 0x00, 0x00, 0x00, 0x00, 0x0F, 0xF8, 0x00, 0x00, 0x00, 0x00, 0x00, 0x0F, 0xF8,
    0x00, 0x00, 0x00, 0x00, 0x00, 0x0F, 0xF8, 0x00, 0x00, 0x00, 0x00, 0x00, 0x0F, 0xFC, 0x00, 0x00,
    0x00, 0x00, 0x03, 0xFF, 0xFF, 0xF0, 0x00, 0x00, 0x00, 0x03, 0xFF, 0xFF, 0xF0, 0x00, 0x00, 0x00,
    0x00, 0x0A, 0x80, 0x00, 0x00, 0x0F, 0xE0, 0x00, 0x00, 0x1F, 0xC0, 0x00, 0x00, 0x2F, 0xC0, 0x00,
    0x00, 0x2F, 0xC0, 0x00, 0x00, 0x2F, 0x80, 0x00, 0x2E, 0x2F, 0x00, 0x00, 0x3E, 0x2F, 0x00, 0x00,
    0x7E, 0x2E, 0x00, 0x00, 0xFE, 0x08, 0x00, 0x02, 0xFE, 0x00, 0x00, 0x2F, 0xFF, 0xFF, 0xD0, 0x3F,
    0xFF, 0xFF, 0xE0, 0x02, 0xFE, 0x00, 0x00, 0x00, 0xFE, 0x00, 0x00, 0x00, 0xFE, 0x00, 0x00, 0x00,
    0xFE, 0x00, 0x00, 0x00, 0xFE, 0x00, 0x00, 0x00, 0xFE, 0x00, 0x00, 0x00, 0xFE, 0x00, 0x00, 0x00,
    0xFE, 0x00, 0x00, 0x00, 0xFE, 0x00, 0x00, 0x00, 0xFE, 0x00, 0x00, 0x00, 0xFE, 0x00, 0x00, 0x00,
    0xFE, 0x00, 0x00, 0x00, 0xFE, 0x00, 0x00, 0x00, 0xFF, 0x00, 0x00, 0x00, 0xFF, 0x00, 0x00, 0x00,
    0xFF, 0xD0, 0x20, 0x00, 0xFF, 0xFF, 0xE0, 0x00, 0x3F, 0xFF, 0x80, 0x00, 0x01, 0x40, 0x00, 0x00,
    0x03, 0xFF, 0xFF, 0xFF, 0xC0, 0x00, 0x00, 0x03, 0xFF, 0xFF, 0xFF, 0xC0, 0x00, 0x00, 0x03, 0xFF,
    0xFF, 0xFF, 0xC0, 0x00, 0x00, 0x00, 0x00, 0x00, 0x00, 0x00, 0x00, 0x00, 0x00, 0x00, 0x00, 0x00,
    0x00, 0x00, 0x00, 0x00, 0x00, 0x00, 0x00, 0x00, 0x00, 0x00, 0x00, 0x00, 0x00, 0x00, 0x00, 0x00,
    0xAA, 0xAA, 0xA8, 0x00, 0x0A, 0xAA, 0xA8, 0xFF, 0xFF, 0xFC, 0x00, 0x0F, 0xFF, 0xFC, 0x0B, 0xFF,
    0x40, 0x00, 0x00, 0x7F, 0x80, 0x03, 0xFE, 0x00, 0x00, 0x00, 0x2F, 0x00, 0x03, 0xFE, 0x00, 0x00,
    0x00, 0x2F, 0x00, 0x03, 0xFE, 0x00, 0x00, 0x00, 0x2F, 0x00, 0x03, 0xFE, 0x00, 0x00, 0x00, 0x2F,
    0x00, 0x03, 0xFE, 0x00, 0x00, 0x00, 0x2F, 0x00, 0x03, 0xFE, 0x00, 0x00, 0x00, 0x2F, 0x00, 0x03,
    0xFE, 0x00, 0x00, 0x00, 0x2F, 0x00, 0x03, 0xFE, 0x00, 0x00, 0x00, 0x2F, 0x00, 0x03, 0xFE, 0x00,
    0x00, 0x00, 0x2F, 0x00, 0x03, 0xFE, 0x00, 0x00, 0x00, 0x2F, 0x00, 0x03, 0xFE, 0x00, 0x00, 0x00,
    0x2F, 0x00, 0x03, 0xFE, 0x00, 0x00, 0x00, 0x2F, 0x00, 0x03, 0xFE, 0x00, 0x00, 0x00, 0x2F, 0x00,
    0x03, 0xFE, 0x00, 0x00, 0x00, 0x2F, 0x00, 0x03, 0xFE, 0x00, 0x00, 0x00, 0x2F, 0x00, 0x03, 0xFE,
    0x00, 0x00, 0x00, 0x2F, 0x00, 0x02, 0xFE, 0x00, 0x00, 0x00, 0x3F, 0x00, 0x02, 0xFF, 0x00, 0x00,
    0x00, 0x3F, 0x00, 0x02, 0xFF, 0x00, 0x00, 0x00, 0x3E, 0x00, 0x00, 0xFF, 0x80, 0x00, 0x00, 0xBE,
    0x00, 0x00, 0xFF, 0xC0, 0x00, 0x00, 0xFC, 0x00, 0x00, 0xBF, 0xF0, 0x00, 0x07, 0xF8, 0x00, 0x00,
    0x3F, 0xFF, 0x92, 0xBF, 0xF0, 0x00, 0x00, 0x0F, 0xFF, 0xFF, 0xFF, 0xC0, 0x00, 0x00, 0x01, 0xFF,
    0xFF, 0xFD, 0x00, 0x00, 0x00, 0x00, 0x06, 0xAA, 0x00, 0x00, 0x00, 0x00, 0x3F, 0xFF, 0xFF, 0xF8,
    0x00, 0x00, 0x3F, 0xFF, 0xFF, 0xF8, 0x00, 0x00, 0x3F, 0xFF, 0xFF, 0xF8, 0x00, 0x00, 0x00, 0x00,
    0x00, 0x00, 0x00, 0x00, 0x00, 0x00, 0x00, 0x00, 0x00, 0x00, 0x00, 0x00, 0x00, 0x00, 0x00, 0x00,
    0x18, 0x00, 0x00, 0x09, 0x00, 0x0B, 0xFE, 0x00, 0x06, 0xFF, 0x00, 0x3F, 0xFE, 0x00, 0x3F, 0xFF,
    0x00, 0x2B, 0xFE, 0x00, 0x2A, 0xFF, 0x00, 0x01, 0xFE, 0x00, 0x00, 0xFF, 0x00, 0x01, 0xFE, 0x00,
    0x00, 0xFF, 0x00, 0x01, 0xFE, 0x00, 0x00, 0xFF, 0x00, 0x01, 0xFE, 0x00, 0x00, 0xFF, 0x00, 0x01,
    0xFE, 0x00, 0x00, 0xFF, 0x00, 0x01, 0xFE, 0x00, 0x00, 0xFF, 0x00, 0x01, 0xFE, 0x00, 0x00, 0xFF,
    0x00, 0x01, 0xFE, 0x00, 0x00, 0xFF, 0x00, 0x01, 0xFE, 0x00, 0x00, 0xFF, 0x00, 0x01, 0xFE, 0x00,
    0x00, 0xFF, 0x00, 0x01, 0xFE, 0x00, 0x00, 0xFF, 0x00, 0x00, 0xFF, 0x00, 0x00, 0xFF, 0x00, 0x00,
    0xFF, 0x00, 0x00, 0xFF, 0x00, 0x00, 0xFF, 0xC0, 0x02, 0xFF, 0x00, 0x00, 0xBF, 0xFA, 0xBF, 0xFF,
    0x00, 0x00, 0x3F, 0xFF, 0xF8, 0xFF, 0xF8, 0x00, 0x0F, 0xFF, 0x80, 0xFF, 0xF8, 0x00, 0x00, 0x10,
    0x00, 0x00, 0x00, 0x00, 0x00, 0x00, 0x29, 0x00, 0x00, 0x00, 0x00, 0x00, 0x03, 0xFF, 0xC0, 0x00,
    0x00, 0x00, 0x00, 0x0F, 0xEB, 0xF0, 0x00, 0x00, 0x00, 0x00, 0x2F, 0x00, 0xF8, 0x00, 0x00, 0x00,
    0x00, 0x3E, 0x00, 0x7C, 0x00, 0x00, 0x00, 0x00, 0x3C, 0x00, 0x3C, 0x00, 0x00, 0x00, 0x00, 0x3E,
    0x00, 0xBC, 0x00, 0x00, 0x00, 0x00, 0x2F, 0x40, 0xF8, 0x00, 0x00, 0x00, 0x00, 0x0F, 0xFF, 0xF0,
    0x00, 0x00, 0x00, 0x00, 0x02, 0xFF, 0x80, 0x00, 0x00, 0x00, 0x00, 0x00, 0x00, 0x00, 0x00, 0x00,
    0x00, 0x00, 0x00, 0x00, 0x00, 0x00, 0x00, 0x00, 0x00, 0x00, 0x00, 0x00, 0x00, 0x00, 0xAA, 0xAA,
    0xA8, 0x00, 0x0A, 0xAA, 0xA8, 0xFF, 0xFF, 0xFC, 0x00, 0x0F, 0xFF, 0xFC, 0x0B, 0xFF, 0x40, 0x00,
    0x00, 0x7F, 0x80, 0x03, 0xFE, 0x00, 0x00, 0x00, 0x2F, 0x00, 0x03, 0xFE, 0x00, 0x00, 0x00, 0x2F,
    0x00, 0x03, 0xFE, 0x00, 0x00, 0x00, 0x2F, 0x00, 0x03, 0xFE, 0x00, 0x00, 0x00, 0x2F, 0x00, 0x03,
    0xFE, 0x00, 0x00, 0x00, 0x2F, 0x00, 0x03, 0xFE, 0x00, 0x00, 0x00, 0x2F, 0x00, 0x03, 0xFE, 0x00,
    0x00, 0x00, 0x2F, 0x00, 0x03, 0xFE, 0x00, 0x00, 0x00, 0x2F, 0x00, 0x03, 0xFE, 0x00, 0x00, 0x00,
    0x2F, 0x00, 0x03, 0xFE, 0x00, 0x00, 0x00, 0x2F, 0x00, 0x03, 0xFE, 0x00, 0x00, 0x00, 0x2F, 0x00,
    0x03, 0xFE, 0x00, 0x00, 0x00, 0x2F, 0x00, 0x03, 0xFE, 0x00, 0x00, 0x00, 0x2F, 0x00, 0x03, 0xFE,
    0x00, 0x00, 0x00, 0x2F, 0x00, 0x03, 0xFE, 0x00, 0x00, 0x00, 0x2F, 0x00, 0x03, 0xFE, 0x00, 0x00,
    0x00, 0x2F, 0x00, 0x02, 0xFE, 0x00, 0x00, 0x00, 0x3F, 0x00, 0x02, 0xFF, 0x00, 0x00, 0x00, 0x3F,
    0x00, 0x02, 0xFF, 0x00, 0x00, 0x00, 0x3E, 0x00, 0x00, 0xFF, 0x80, 0x00, 0x00, 0xBE, 0x00, 0x00,
    0xFF, 0xC0, 0x00, 0x00, 0xFC, 0x00, 0x00, 0xBF, 0xF0, 0x00, 0x07, 0xF8, 0x00, 0x00, 0x3F, 0xFF,
    0x92, 0xBF, 0xF0, 0x00, 0x00, 0x0F, 0xFF, 0xFF, 0xFF, 0xC0, 0x00, 0x00, 0x01, 0xFF, 0xFF, 0xFD,
    0x00, 0x00, 0x00, 0x00, 0x06, 0xAA, 0x00, 0x00, 0x00, 0x00, 0x00, 0x0A, 0x80, 0x00, 0x00, 0x00,
    0x00, 0xBF, 0xF8, 0x00, 0x00, 0x00, 0x01, 0xFE, 0xFE, 0x00, 0x00, 0x00, 0x03, 0xE0, 0x2F, 0x00,
    0x00, 0x00, 0x03, 0xC0, 0x0F, 0x80, 0x00, 0x00, 0x03, 0xC0, 0x0B, 0x80, 0x00, 0x00, 0x03, 0xC0,
    0x0F, 0x80, 0x00, 0x00, 0x03, 0xF0, 0x2F, 0x00, 0x00, 0x00, 0x00, 0xFF, 0xFE, 0x00, 0x00, 0x00,
    0x00, 0x3F, 0xF8, 0x00, 0x00, 0x00, 0x00, 0x00, 0x00, 0x00, 0x00, 0x00, 0x00, 0x00, 0x00, 0x00,
    0x00, 0x00, 0x18, 0x00, 0x00, 0x09, 0x00, 0x0B, 0xFE, 0x00, 0x06, 0xFF, 0x00, 0x3F, 0xFE, 0x00,
    0x3F, 0xFF, 0x00, 0x2B, 0xFE, 0x00, 0x2A, 0xFF, 0x00, 0x01, 0xFE, 0x00, 0x00, 0xFF, 0x00, 0x01,
    0xFE, 0x00, 0x00, 0xFF, 0x00, 0x01, 0xFE, 0x00, 0x00, 0xFF, 0x00, 0x01, 0xFE, 0x00, 0x00, 0xFF,
    0x00, 0x01, 0xFE, 0x00, 0x00, 0xFF, 0x00, 0x01, 0xFE, 0x00, 0x00, 0xFF, 0x00, 0x01, 0xFE, 0x00,
    0x00, 0xFF, 0x00, 0x01, 0xFE, 0x00, 0x00, 0xFF, 0x00, 0x01, 0xFE, 0x00, 0x00, 0xFF, 0x00, 0x01,
    0xFE, 0x00, 0x00, 0xFF, 0x00, 0x01, 0xFE, 0x00, 0x00, 0xFF, 0x00, 0x00, 0xFF, 0x00, 0x00, 0xFF,
    0x00, 0x00, 0xFF, 0x00, 0x00, 0xFF, 0x00, 0x00, 0xFF, 0xC0, 0x02, 0xFF, 0x00, 0x00, 0xBF, 0xFA,
    0xBF, 0xFF, 0x00, 0x00, 0x3F, 0xFF, 0xF8, 0xFF, 0xF8, 0x00, 0x0F, 0xFF, 0x80, 0xFF, 0xF8, 0x00,
    0x00, 0x10, 0x00, 0x00, 0x00, 0x00, 0x00, 0x00, 0x00, 0x00, 0x00, 0x00, 0x00, 0x00, 0x00, 0xBF,
    0x00, 0xBF, 0x00, 0x00, 0x00, 0x01, 0xFF, 0x41, 0xFF, 0x40, 0x00, 0x00, 0x03, 0xFF, 0x03, 0xFF,
    0x00, 0x00, 0x00, 0x0F, 0xFC, 0x0F, 0xFC, 0x00, 0x00, 0x00, 0x3F, 0xE0, 0x3F, 0xE0, 0x00, 0x00,
    0x00, 0xFF, 0x00, 0xFF, 0x00, 0x00, 0x00, 0x02, 0xF8, 0x02, 0xF8, 0x00, 0x00, 0x00, 0x00, 0x00,
    0x00, 0x00, 0x00, 0x00, 0x00, 0x00, 0x00, 0x00, 0x00, 0x00, 0x00, 0x00, 0x00, 0x00, 0x00, 0x00,
    0x00, 0x00, 0xAA, 0xAA, 0xA8, 0x00, 0x0A, 0xAA, 0xA8, 0xFF, 0xFF, 0xFC, 0x00, 0x0F, 0xFF, 0xFC,
    0x0B, 0xFF, 0x40, 0x00, 0x00, 0x7F, 0x80, 0x03, 0xFE, 0x00, 0x00, 0x00, 0x2F, 0x00, 0x03, 0xFE,
    0x00, 0x00, 0x00, 0x2F, 0x00, 0x03, 0xFE, 0x00, 0x00, 0x00, 0x2F, 0x00, 0x03, 0xFE, 0x00, 0x00,
    0x00, 0x2F, 0x00, 0x03, 0xFE, 0x00, 0x00, 0x00, 0x2F, 0x00, 0x03, 0xFE, 0x00, 0x00, 0x00, 0x2F,
    0x00, 0x03, 0xFE, 0x00, 0x00, 0x00, 0x2F, 0x00, 0x03, 0xFE, 0x00, 0x00, 0x00, 0x2F, 0x00, 0x03,
    0xFE, 0x00, 0x00, 0x00, 0x2F, 0x00, 0x03, 0xFE, 0x00, 0x00, 0x00, 0x2F, 0x00, 0x03, 0xFE, 0x00,
    0x00, 0x00, 0x2F, 0x00, 0x03, 0xFE, 0x00, 0x00, 0x00, 0x2F, 0x00, 0x03, 0xFE, 0x00, 0x00, 0x00,
    0x2F, 0x00, 0x03, 0xFE, 0x00, 0x00, 0x00, 0x2F, 0x00, 0x03, 0xFE, 0x00, 0x00, 0x00, 0x2F, 0x00,
    0x03, 0xFE, 0x00, 0x00, 0x00, 0x2F, 0x00, 0x02, 0xFE, 0x00, 0x00, 0x00, 0x3F, 0x00, 0x02, 0xFF,
    0x00, 0x00, 0x00, 0x3F, 0x00, 0x02, 0xFF, 0x00, 0x00, 0x00, 0x3E, 0x00, 0x00, 0xFF, 0x80, 0x00,
    0x00, 0xBE, 0x00, 0x00, 0xFF, 0xC0, 0x00, 0x00, 0xFC, 0x00, 0x00, 0xBF, 0xF0, 0x00, 0x07, 0xF8,
    0x00, 0x00, 0x3F, 0xFF, 0x92, 0xBF, 0xF0, 0x00, 0x00, 0x0F, 0xFF, 0xFF, 0xFF, 0xC0, 0x00, 0x00,
    0x01, 0xFF, 0xFF, 0xFD, 0x00, 0x00, 0x00, 0x00, 0x06, 0xAA, 0x00, 0x00, 0x00, 0x00, 0x00, 0x00,
    0x00, 0x00, 0x00, 0x00, 0x00, 0x0F, 0xE0, 0x0F, 0xE0, 0x00, 0x00, 0x3F, 0xF0, 0x3F, 0xF0, 0x00,
    0x00, 0xBF, 0xF0, 0xBF, 0xF0, 0x00, 0x02, 0xFF, 0x82, 0xFF, 0xC0, 0x00, 0x07, 0xFD, 0x07, 0xFD,
    0x00, 0x00, 0x0F, 0xE0, 0x0F, 0xE0, 0x00, 0x00, 0x3F, 0x00, 0x3F, 0x00, 0x00, 0x00, 0x00, 0x00,
    0x00, 0x00, 0x00, 0x00, 0x00, 0x00, 0x00, 0x00, 0x00, 0x00, 0x18, 0x00, 0x00, 0x09, 0x00, 0x0B,
    0xFE, 0x00, 0x06, 0xFF, 0x00, 0x3F, 0xFE, 0x00, 0x3F, 0xFF, 0x00, 0x2B, 0xFE, 0x00, 0x2A, 0xFF,
    0x00, 0x01, 0xFE, 0x00, 0x00, 0xFF, 0x00, 0x01, 0xFE, 0x00, 0x00, 0xFF, 0x00, 0x01, 0xFE, 0x00,
    0x00, 0xFF, 0x00, 0x01, 0xFE, 0x00, 0x00, 0xFF, 0x00, 0x01, 0xFE, 0x00, 0x00, 0xFF, 0x00, 0x01,
    0xFE, 0x00, 0x00, 0xFF, 0x00, 0x01, 0xFE, 0x00, 0x00, 0xFF, 0x00, 0x01, 0xFE, 0x00, 0x00, 0xFF,
    0x00, 0x01, 0xFE, 0x00, 0x00, 0xFF, 0x00, 0x01, 0xFE, 0x00, 0x00, 0xFF, 0x00, 0x01, 0xFE, 0x00,
    0x00, 0xFF, 0x00, 0x00, 0xFF, 0x00, 0x00, 0xFF, 0x00, 0x00, 0xFF, 0x00, 0x00, 0xFF, 0x00, 0x00,
    0xFF, 0xC0, 0x02, 0xFF, 0x00, 0x00, 0xBF, 0xFA, 0xBF, 0xFF, 0x00, 0x00, 0x3F, 0xFF, 0xF8, 0xFF,
    0xF8, 0x00, 0x0F, 0xFF, 0x80, 0xFF, 0xF8, 0x00, 0x00, 0x10, 0x00, 0x00, 0x00, 0xAA, 0xAA, 0xA8,
    0x00, 0x0A, 0xAA, 0xA8, 0xFF, 0xFF, 0xFC, 0x00, 0x0F, 0xFF, 0xFC, 0x0B, 0xFF, 0x40, 0x00, 0x00,
    0x7F, 0x80, 0x03, 0xFE, 0x00, 0x00, 0x00, 0x2F, 0x00, 0x03, 0xFE, 0x00, 0x00, 0x00, 0x2F, 0x00,
    0x03, 0xFE, 0x00, 0x00, 0x00, 0x2F, 0x00, 0x03, 0xFE, 0x00, 0x00, 0x00, 0x2F, 0x00, 0x03, 0xFE,
    0x00, 0x00, 0x00, 0x2F, 0x00, 0x03, 0xFE, 0x00, 0x00, 0x00, 0x2F, 0x00, 0x03, 0xFE, 0x00, 0x00,
    0x00, 0x2F, 0x00, 0x03, 0xFE, 0x00, 0x00, 0x00, 0x2F, 0x00, 0x03, 0xFE, 0x00, 0x00, 0x00, 0x2F,
    0x00, 0x03, 0xFE, 0x00, 0x00, 0x00, 0x2F, 0x00, 0x03, 0xFE, 0x00, 0x00, 0x00, 0x2F, 0x00, 0x03,
    0xFE, 0x00, 0x00, 0x00, 0x2F, 0x00, 0x03, 0xFE, 0x00, 0x00, 0x00, 0x2F, 0x00, 0x03, 0xFE, 0x00,
    0x00, 0x00, 0x2F, 0x00, 0x03, 0xFE, 0x00, 0x00, 0x00, 0x2F, 0x00, 0x03, 0xFE, 0x00, 0x00, 0x00,
    0x2F, 0x00, 0x02, 0xFE, 0x00, 0x00, 0x00, 0x3F, 0x00, 0x02, 0xFF, 0x00, 0x00, 0x00, 0x3F, 0x00,
    0x02, 0xFF, 0x00, 0x00, 0x00, 0x3E, 0x00, 0x00, 0xFF, 0x80, 0x00, 0x00, 0xBE, 0x00, 0x00, 0xFF,
    0xC0, 0x00, 0x00, 0xFC, 0x00, 0x00, 0xBF, 0xF0, 0x00, 0x07, 0xF8, 0x00, 0x00, 0x3F, 0xFF, 0x92,
    0xBF, 0xF0, 0x00, 0x00, 0x0F, 0xFF, 0xFF, 0xFF, 0xC0, 0x00, 0x00, 0x01, 0xFF, 0xFF, 0xFD, 0x00,
    0x00, 0x00, 0x00, 0x06, 0xBE, 0x00, 0x00, 0x00, 0x00, 0x00, 0x00, 0xB8, 0x00, 0x00, 0x00, 0x00,
    0x00, 0x00, 0xF0, 0x00, 0x00, 0x00, 0x00, 0x00, 0x02, 0xF0, 0x00, 0x00, 0x00, 0x00, 0x00, 0x02,
    0xF0, 0x00, 0x00, 0x00, 0x00, 0x00, 0x02, 0xFE, 0xB8, 0x00, 0x00, 0x00, 0x00, 0x00, 0xFF, 0xFC,
    0x00, 0x00, 0x00, 0x00, 0x00, 0x2A, 0x80, 0x00, 0x00, 0x00, 0x18, 0x00, 0x00, 0x09, 0x00, 0x0B,
    0xFE, 0x00, 0x06, 0xFF, 0x00, 0x3F, 0xFE, 0x00, 0x3F, 0xFF, 0x00, 0x2B, 0xFE, 0x00, 0x2A, 0xFF,
    0x00, 0x00, 0xFE, 0x00, 0x00, 0xFF, 0x00, 0x00, 0xFE, 0x00, 0x00, 0xFF, 0x00, 0x00, 0xFE, 0x00,
    0x00, 0xFF, 0x00, 0x00, 0xFE, 0x00, 0x00, 0xFF, 0x00, 0x00, 0xFE, 0x00, 0x00, 0xFF, 0x00, 0x00,
    0xFE, 0x00, 0x00, 0xFF, 0x00, 0x00, 0xFE, 0x00, 0x00, 0xFF, 0x00, 0x00, 0xFE, 0x00, 0x00, 0xFF,
    0x00, 0x00, 0xFE, 0x00, 0x00, 0xFF, 0x00, 0x00, 0xFE, 0x00, 0x00, 0xFF, 0x00, 0x00, 0xFE, 0x00,
    0x00, 0xFF, 0x00, 0x00, 0xFF, 0x00, 0x00, 0xFF, 0x00, 0x00, 0xFF, 0x00, 0x00, 0xFF, 0x00, 0x00,
    0xFF, 0xC0, 0x02, 0xFF, 0x00, 0x00, 0xBF, 0xFA, 0xBF, 0xFF, 0x00, 0x00, 0x3F, 0xFF, 0xF8, 0xFF,
    0xF8, 0x00, 0x0F, 0xFF, 0x80, 0xFF, 0xF8, 0x00, 0x00, 0x20, 0x03, 0xE0, 0x00, 0x00, 0x00, 0x00,
    0x0F, 0x80, 0x00, 0x00, 0x00, 0x00, 0x2F, 0x00, 0x00, 0x00, 0x00, 0x00, 0x3F, 0x00, 0x00, 0x00,
    0x00, 0x00, 0x3F, 0x00, 0x00, 0x00, 0x00, 0x00, 0x3F, 0xEB, 0x00, 0x00, 0x00, 0x00, 0x0F, 0xFF,
    0x80, 0x00, 0x00, 0x00, 0x02, 0xA8, 0x00, 0x00, 0x02, 0xA0, 0x00, 0xA0, 0x00, 0x00, 0x00, 0x07,
    0xF8, 0x03, 0xFC, 0x00, 0x00, 0x00, 0x0B, 0xFC, 0x03, 0xFC, 0x00, 0x00, 0x00, 0x0B, 0xF8, 0x03,
    0xFC, 0x00, 0x00, 0x00, 0x02, 0xE0, 0x00, 0xF8, 0x00, 0x00, 0x00, 0x00, 0x00, 0x00, 0x00, 0x00,
    0x00, 0x00, 0x00, 0x00, 0x00, 0x00, 0x00, 0x00, 0x00, 0x00, 0x00, 0x00, 0x00, 0x00, 0x00, 0x00,
    0x00, 0x00, 0x00, 0x00, 0x00, 0x00, 0xAA, 0xAA, 0xA0, 0x00, 0x2A, 0xAA, 0x80, 0xBF, 0xFF, 0xF0,
    0x00, 0x3F, 0xFF, 0xC0, 0x2B, 0xFF, 0x00, 0x00, 0x06, 0xFE, 0x00, 0x03, 0xFF, 0x00, 0x00, 0x02,
    0xF8, 0x00, 0x00, 0xFF, 0x80, 0x00, 0x03, 0xF0, 0x00, 0x00, 0xFF, 0xC0, 0x00, 0x0F, 0xD0, 0x00,
    0x00, 0x3F, 0xE0, 0x00, 0x1F, 0xC0, 0x00, 0x00, 0x2F, 0xF0, 0x00, 0x3F, 0x00, 0x00, 0x00, 0x0F,
    0xF8, 0x00, 0xBE, 0x00, 0x00, 0x00, 0x0B, 0xFC, 0x00, 0xFC, 0x00, 0x00, 0x00, 0x03, 0xFE, 0x03,
    0xF4, 0x00, 0x00, 0x00, 0x01, 0xFF, 0x07, 0xF0, 0x00, 0x00, 0x00, 0x00, 0xFF, 0xCF, 0xC0, 0x00,
    0x00, 0x00, 0x00, 0x3F, 0xFF, 0x80, 0x00, 0x00, 0x00, 0x00, 0x3F, 0xFF, 0x00, 0x00, 0x00, 0x00,
    0x00, 0x0F, 0xFC, 0x00, 0x00, 0x00, 0x00, 0x00, 0x0B, 0xFC, 0x00, 0x00, 0x00, 0x00, 0x00, 0x0B,
    0xFC, 0x00, 0x00, 0x00, 0x00, 0x00, 0x0B, 0xFC, 0x00, 0x00, 0x00, 0x00, 0x00, 0x0B, 0xFC, 0x00,
    0x00, 0x00, 0x00, 0x00, 0x0B, 0xFC, 0x00, 0x00, 0x00, 0x00, 0x00, 0x0B, 0xFC, 0x00, 0x00, 0x00,
    0x00, 0x00, 0x0B, 0xFC, 0x00, 0x00, 0x00, 0x00, 0x00, 0x0B, 0xFC, 0x00, 0x00, 0x00, 0x00, 0x00,
    0x0B, 0xFC, 0x00, 0x00, 0x00, 0x00, 0x00, 0x0F, 0xFC, 0x00, 0x00, 0x00, 0x00, 0x03, 0xFF, 0xFF,
    0xF0, 0x00, 0x00, 0x00, 0x03, 0xFF, 0xFF, 0xF0, 0x00, 0x00, 0x00, 0x00, 0x00, 0x00, 0x00, 0x00,
    0x00, 0x00, 0x00, 0x2F, 0xC0, 0x00, 0x00, 0x00, 0x00, 0xBF, 0xC0, 0x00, 0x00, 0x00, 0x02, 0xFF,
    0xC0, 0x00, 0x00, 0x00, 0x03, 0xFF, 0x00, 0x00, 0x00, 0x00, 0x0F, 0xF8, 0x00, 0x00, 0x00, 0x00,
    0x3F, 0xC0, 0x00, 0x00, 0x00, 0x00, 0xFE, 0x00, 0x00, 0x00, 0x00, 0x00, 0x00, 0x00, 0x00, 0x00,
    0x00, 0x00, 0x00, 0x00, 0x00, 0x00, 0x00, 0x00, 0x00, 0x00, 0x00, 0x00, 0x2A, 0xAA, 0xAA, 0xAA,
    0xAA, 0x80, 0x2F, 0xFF, 0xFF, 0xFF, 0xFF, 0xC0, 0x2F, 0xEA, 0xAA, 0xAB, 0xFF, 0x80, 0x2F, 0x80,
    0x00, 0x03, 0xFF, 0x00, 0x2F, 0x00, 0x00, 0x0B, 0xFE, 0x00, 0x2F, 0x00, 0x00, 0x0F, 0xFC, 0x00,
    0x2F, 0x00, 0x00, 0x3F, 0xF0, 0x00, 0x00, 0x00, 0x00, 0xBF, 0xE0, 0x00, 0x00, 0x00, 0x00, 0xFF,
    0xC0, 0x00, 0x00, 0x00, 0x03, 0xFF, 0x00, 0x00, 0x00, 0x00, 0x0B, 0xFE, 0x00, 0x00, 0x00, 0x00,
    0x0F, 0xFC, 0x00, 0x00, 0x00, 0x00, 0x3F, 0xF0, 0x00, 0x00, 0x00, 0x00, 0xBF, 0xE0, 0x00, 0x00,
    0x00, 0x00, 0xFF, 0xC0, 0x00, 0x00, 0x00, 0x03, 0xFF, 0x00, 0x00, 0x00, 0x00, 0x07, 0xFE, 0x00,
    0x00, 0x00, 0x00, 0x0F, 0xFC, 0x00, 0x00, 0x00, 0x00, 0x2F, 0xF4, 0x00, 0x00, 0x00, 0x00, 0x3F,
    0xE0, 0x00, 0x00, 0x00, 0x00, 0xFF, 0xC0, 0x00, 0x0B, 0xC0, 0x02, 0xFF, 0x40, 0x00, 0x0B, 0xC0,
    0x03, 0xFF, 0x00, 0x00, 0x0F, 0xC0, 0x0F, 0xFC, 0x00, 0x00, 0x0F, 0xC0, 0x2F, 0xF8, 0x00, 0x00,
    0x0F, 0xC0, 0x3F, 0xF0, 0x00, 0x00, 0x2F, 0xC0, 0xBF, 0xFF, 0xFF, 0xFF, 0xFF, 0xC0, 0xBF, 0xFF,
    0xFF, 0xFF, 0xFF, 0xC0, 0x00, 0x00, 0x00, 0x00, 0x00, 0x00, 0x00, 0x03, 0xF0, 0x00, 0x00, 0x00,
    0x0F, 0xF8, 0x00, 0x00, 0x00, 0x3F, 0xF8, 0x00, 0x00, 0x00, 0xFF, 0xE0, 0x00, 0x00, 0x02, 0xFF,
    0x00, 0x00, 0x00, 0x0B, 0xF8, 0x00, 0x00, 0x00, 0x2F, 0x80, 0x00, 0x00, 0x00, 0x00, 0x00, 0x00,
    0x00, 0x00, 0x00, 0x00, 0x00, 0x00, 0x00, 0x00, 0x00, 0x00, 0x00, 0x3F, 0xFF, 0xFF, 0xFF, 0x00,
    0x3F, 0xFF, 0xFF, 0xFF, 0x00, 0x3E, 0x00, 0x07, 0xFE, 0x00, 0x3C, 0x00, 0x0F, 0xFC, 0x00, 0x3C,
    0x00, 0x2F, 0xF0, 0x00, 0x3C, 0x00, 0x3F, 0xE0, 0x00, 0x00, 0x00, 0xFF, 0xC0, 0x00, 0x00, 0x02,
    0xFF, 0x00, 0x00, 0x00, 0x07, 0xFE, 0x00, 0x00, 0x00, 0x0F, 0xFC, 0x00, 0x00, 0x00, 0x3F, 0xF0,
    0x00, 0x00, 0x00, 0xBF, 0xD0, 0x00, 0x00, 0x00, 0xFF, 0x80, 0x00, 0x00, 0x03, 0xFF, 0x00, 0x02,
    0x00, 0x0B, 0xFC, 0x00, 0x0F, 0x80, 0x0F, 0xF8, 0x00, 0x0F, 0x80, 0x3F, 0xF0, 0x00, 0x0F, 0x80,
    0xBF, 0xE0, 0x00, 0x2F, 0x80, 0xBF, 0xFF, 0xFF, 0xFF, 0x80, 0xBF, 0xFF, 0xFF, 0xFF, 0x80, 0x00,
    0x00, 0x0B, 0x80, 0x00, 0x00, 0x00, 0x00, 0x3F, 0xC0, 0x00, 0x00, 0x00, 0x00, 0x3F, 0xE0, 0x00,
    0x00, 0x00, 0x00, 0x3F, 0xD0, 0x00, 0x00, 0x00, 0x00, 0x0F, 0x80, 0x00, 0x00, 0x00, 0x00, 0x00,
    0x00, 0x00, 0x00, 0x00, 0x00, 0x00, 0x00, 0x00, 0x00, 0x00, 0x00, 0x00, 0x00, 0x00, 0x00, 0x00,
    0x00, 0x00, 0x00, 0x00, 0x00, 0x2A, 0xAA, 0xAA, 0xAA, 0xAA, 0x80, 0x2F, 0xFF, 0xFF, 0xFF, 0xFF,
    0xC0, 0x2F, 0xEA, 0xAA, 0xAB, 0xFF, 0x80, 0x2F, 0x80, 0x00, 0x03, 0xFF, 0x00, 0x2F, 0x00, 0x00,
    0x0B, 0xFE, 0x00, 0x2F, 0x00, 0x00, 0x0F, 0xFC, 0x00, 0x2F, 0x00, 0x00, 0x3F, 0xF0, 0x00, 0x00,
    0x00, 0x00, 0xBF, 0xE0, 0x00, 0x00, 0x00, 0x00, 0xFF, 0xC0, 0x00, 0x00, 0x00, 0x03, 0xFF, 0x00,
    0x00, 0x00, 0x00, 0x0B, 0xFE, 0x00, 0x00, 0x00, 0x00, 0x0F, 0xFC, 0x00, 0x00, 0x00, 0x00, 0x3F,
    0xF0, 0x00, 0x00, 0x00, 0x00, 0xBF, 0xE0, 0x00, 0x00, 0x00, 0x00, 0xFF, 0xC0, 0x00, 0x00, 0x00,
    0x03, 0xFF, 0x00, 0x00, 0x00, 0x00, 0x07, 0xFE, 0x00, 0x00, 0x00, 0x00, 0x0F, 0xFC, 0x00, 0x00,
    0x00, 0x00, 0x2F, 0xF4, 0x00, 0x00, 0x00, 0x00, 0x3F, 0xE0, 0x00, 0x00, 0x00, 0x00, 0xFF, 0xC0,
    0x00, 0x0B, 0xC0, 0x02, 0xFF, 0x40, 0x00, 0x0B, 0xC0, 0x03, 0xFF, 0x00, 0x00, 0x0F, 0xC0, 0x0F,
    0xFC, 0x00, 0x00, 0x0F, 0xC0, 0x2F, 0xF8, 0x00, 0x00, 0x0F, 0xC0, 0x3F, 0xF0, 0x00, 0x00, 0x2F,
    0xC0, 0xBF, 0xFF, 0xFF, 0xFF, 0xFF, 0xC0, 0xBF, 0xFF, 0xFF, 0xFF, 0xFF, 0xC0, 0x00, 0x02, 0xE0,
    0x00, 0x00, 0x00, 0x0B, 0xFC, 0x00, 0x00, 0x00, 0x0B, 0xFC, 0x00, 0x00, 0x00, 0x0B, 0xFC, 0x00,
    0x00, 0x00, 0x02, 0xF0, 0x00, 0x00, 0x00, 0x00, 0x00, 0x00, 0x00, 0x00, 0x00, 0x00, 0x00, 0x00,
    0x00, 0x00, 0x00, 0x00, 0x00, 0x00, 0x00, 0x00, 0x00, 0x00, 0x3F, 0xFF, 0xFF, 0xFF, 0x00, 0x3F,
    0xFF, 0xFF, 0xFF, 0x00, 0x3E, 0x00, 0x07, 0xFE, 0x00, 0x3C, 0x00, 0x0F, 0xFC, 0x00, 0x3C, 0x00,
    0x2F, 0xF0, 0x00, 0x3C, 0x00, 0x3F, 0xE0, 0x00, 0x00, 0x00, 0xFF, 0xC0, 0x00, 0x00, 0x02, 0xFF,
    0x00, 0x00, 0x00, 0x07, 0xFE, 0x00, 0x00, 0x00, 0x0F, 0xFC, 0x00, 0x00, 0x00, 0x3F, 0xF0, 0x00,
    0x00, 0x00, 0xBF, 0xD0, 0x00, 0x00, 0x00, 0xFF, 0x80, 0x00, 0x00, 0x03, 0xFF, 0x00, 0x02, 0x00,
    0x0B, 0xFC, 0x00, 0x0F, 0x80, 0x0F, 0xF8, 0x00, 0x0F, 0x80, 0x3F, 0xF0, 0x00, 0x0F, 0x80, 0xBF,
    0xE0, 0x00, 0x2F, 0x80, 0xBF, 0xFF, 0xFF, 0xFF, 0x80, 0xBF, 0xFF, 0xFF, 0xFF, 0x80, 0x00, 0x3D,
    0x00, 0x02, 0xE0, 0x00, 0x00, 0x3F, 0x80, 0x0F, 0xC0, 0x00, 0x00, 0x0F, 0xE0, 0x3F, 0x80, 0x00,
    0x00, 0x03, 0xF8, 0xFE, 0x00, 0x00, 0x00, 0x02, 0xFF, 0xFC, 0x00, 0x00, 0x00, 0x00, 0xFF, 0xF0,
    0x00, 0x00, 0x00, 0x00, 0x3F, 0xE0, 0x00, 0x00, 0x00, 0x00, 0x00, 0x00, 0x00, 0x00, 0x00, 0x00,
    0x00, 0x00, 0x00, 0x00, 0x00, 0x00, 0x00, 0x00, 0x00, 0x00, 0x2A, 0xAA, 0xAA, 0xAA, 0xAA, 0x80,
    0x2F, 0xFF, 0xFF, 0xFF, 0xFF, 0xC0, 0x2F, 0xEA, 0xAA, 0xAB, 0xFF, 0x80, 0x2F, 0x80, 0x00, 0x03,
    0xFF, 0x00, 0x2F, 0x00, 0x00, 0x0B, 0xFE, 0x00, 0x2F, 0x00, 0x00, 0x0F, 0xFC, 0x00, 0x2F, 0x00,
    0x00, 0x3F, 0xF0, 0x00, 0x00, 0x00, 0x00, 0xBF, 0xE0, 0x00, 0x00, 0x00, 0x00, 0xFF, 0xC0, 0x00,
    0x00, 0x00, 0x03, 0xFF, 0x00, 0x00, 0x00, 0x00, 0x0B, 0xFE, 0x00, 0x00, 0x00, 0x00, 0x0F, 0xFC,
    0x00, 0x00, 0x00, 0x00, 0x3F, 0xF0, 0x00, 0x00, 0x00, 0x00, 0xBF, 0xE0, 0x00, 0x00, 0x00, 0x00,
    0xFF, 0xC0, 0x00, 0x00, 0x00, 0x03, 0xFF, 0x00, 0x00, 0x00, 0x00, 0x07, 0xFE, 0x00, 0x00, 0x00,
    0x00, 0x0F, 0xFC, 0x00, 0x00, 0x00, 0x00, 0x2F, 0xF4, 0x00, 0x00, 0x00, 0x00, 0x3F, 0xE0, 0x00,
    0x00, 0x00, 0x00, 0xFF, 0xC0, 0x00, 0x0B, 0xC0, 0x02, 0xFF, 0x40, 0x00, 0x0B, 0xC0, 0x03, 0xFF,
    0x00, 0x00, 0x0F, 0xC0, 0x0F, 0xFC, 0x00, 0x00, 0x0F, 0xC0, 0x2F, 0xF8, 0x00, 0x00, 0x0F, 0xC0,
    0x3F, 0xF0, 0x00, 0x00, 0x2F, 0xC0, 0xBF, 0xFF, 0xFF, 0xFF, 0xFF, 0xC0, 0xBF, 0xFF, 0xFF, 0xFF,
    0xFF, 0xC0, 0x0A, 0x80, 0x00, 0xA8, 0x00, 0x03, 0xF0, 0x02, 0xF8, 0x00, 0x02, 0xFC, 0x0B, 0xF0,
    0x00, 0x00, 0xFF, 0x2F, 0xC0, 0x00, 0x00, 0x3F, 0xFF, 0x80, 0x00, 0x00, 0x0F, 0xFE, 0x00, 0x00,
    0x00, 0x0B, 0xFC, 0x00, 0x00, 0x00, 0x00, 0x00, 0x00, 0x00, 0x00, 0x00, 0x00, 0x00, 0x00, 0x00,
    0x00, 0x00, 0x00, 0x00, 0x3F, 0xFF, 0xFF, 0xFF, 0x00, 0x3F, 0xFF, 0xFF, 0xFF, 0x00, 0x3E, 0x00,
    0x07, 0xFE, 0x00, 0x3C, 0x00, 0x0F, 0xFC, 0x00, 0x3C, 0x00, 0x2F, 0xF0, 0x00, 0x3C, 0x00, 0x3F,
    0xE0, 0x00, 0x00, 0x00, 0xFF, 0xC0, 0x00, 0x00, 0x02, 0xFF, 0x00, 0x00, 0x00, 0x07, 0xFE, 0x00,
    0x00, 0x00, 0x0F, 0xFC, 0x00, 0x00, 0x00, 0x3F, 0xF0, 0x00, 0x00, 0x00, 0xBF, 0xD0, 0x00, 0x00,
    0x00, 0xFF, 0x80, 0x00, 0x00, 0x03, 0xFF, 0x00, 0x02, 0x00, 0x0B, 0xFC, 0x00, 0x0F, 0x80, 0x0F,
    0xF8, 0x00, 0x0F, 0x80, 0x3F, 0xF0, 0x00, 0x0F, 0x80, 0xBF, 0xE0, 0x00, 0x2F, 0x80, 0xBF, 0xFF,
    0xFF, 0xFF, 0x80, 0xBF, 0xFF, 0xFF, 0xFF, 0x80, 0x00, 0x00, 0x00, 0x3F, 0x80, 0x00, 0x3F, 0xE0,
    0x00, 0x3F, 0xF8, 0x00, 0x0F, 0xFD, 0x00, 0x02, 0xFF, 0x00, 0x00, 0x2F, 0xC0, 0x00, 0x07, 0xF0,
    0x00, 0x00, 0x00, 0x00, 0x00, 0x00, 0x00, 0x0F, 0xE0, 0x00, 0x3F, 0xF0, 0x00, 0xFF, 0xE0, 0x02,
    0xFF, 0x80, 0x0B, 0xFC, 0x00, 0x1F, 0xE0, 0x00, 0x3F, 0x00, 0x00, 0x00, 0x00, 0x00, 0x00, 0x2A,
    0x80, 0x00, 0x00, 0xBF, 0xE0, 0x00, 0x02, 0xFF, 0xF0, 0x00, 0x03, 0xFB, 0xFC, 0x00, 0x0F, 0xE0,
    0xFE, 0x00, 0x2F, 0x80, 0x3F, 0x40, 0xBE, 0x00, 0x0F, 0xC0, 0x00, 0x00, 0x00, 0x00, 0x00, 0xA8,
    0x00, 0x28, 0x0B, 0xFF, 0x80, 0xB8, 0x0F, 0xFF, 0xFF, 0xF0, 0x3D, 0x0B, 0xFF, 0xE0, 0x38, 0x00,
    0xBE, 0x00, 0x3F, 0xFF, 0xFF, 0xF8, 0x3F, 0xFF, 0xFF, 0xFC, 0x3F, 0xFF, 0xFF, 0xFC, 0x38, 0x00,
    0x03, 0xC0, 0x3C, 0x00, 0x07, 0xC0, 0x3F, 0x00, 0x1F, 0x80, 0x2F, 0xFA, 0xFF, 0x00, 0x0B, 0xFF,
    0xFD, 0x00, 0x02, 0xFF, 0xF0, 0x00, 0x00, 0x00, 0x00, 0x00, 0x2F, 0x00, 0x3F, 0xC0, 0xBF, 0xC0,
    0x3F, 0xC0, 0x2F, 0x00, 0x2A, 0x00, 0x0A, 0x00, 0x7F, 0x80, 0x3F, 0xC0, 0xBF, 0xC0, 0x3F, 0xC0,
    0xBF, 0x80, 0x3F, 0xC0, 0x2F, 0x00, 0x0F, 0x80, 0x00, 0x68, 0x00, 0x03, 0xFF, 0xC0, 0x0F, 0xEB,
    0xF0, 0x2F, 0x00, 0xF8, 0x3C, 0x00, 0xB8, 0x3C, 0x00, 0xBC, 0x3D, 0x00, 0xB8, 0x2F, 0x02, 0xF0,
    0x0F, 0xFF, 0xE0, 0x03, 0xFF, 0x80, 0x00, 0x00, 0x00, 0x00, 0x00, 0x00, 0x00, 0x00, 0x00, 0x0B,
    0xF0, 0x0B, 0xF0, 0x00, 0x2F, 0xF0, 0x2F, 0xF0, 0x00, 0xBF, 0xF0, 0x7F, 0xF0, 0x00, 0xFF, 0xC0,
    0xFF, 0xC0, 0x03, 0xFE, 0x03, 0xFE, 0x00, 0x0F, 0xF0, 0x0F, 0xF0, 0x00, 0x3F, 0x80, 0x3F, 0x80,
    0x00, 0x00, 0x00, 0x00, 0x00, 0x00, 0xA8, 0x00, 0x02, 0x90, 0x3F, 0x00, 0x0F, 0xC0, 0x1F, 0xC0,
    0x7F, 0x00, 0x0B, 0xF1, 0xFD, 0x00, 0x03, 0xFF, 0xF8, 0x00, 0x00, 0xFF, 0xF0, 0x00, 0x00, 0xBF,
    0xC0, 0x00, 0x00, 0x00, 0x00, 0x00, 0x2A, 0x00, 0xBF, 0xC0, 0xFF, 0xC0, 0xBF, 0xE0, 0x03, 0xD0,
    0x03, 0xC0, 0x0B, 0x80, 0xBE, 0x00, 0xA0, 0x00, 0x00, 0x00, 0x00, 0x03, 0x80, 0x00, 0x03, 0x80,
    0x00, 0x03, 0x80, 0x00, 0x03, 0xF8, 0x00, 0x03, 0xFF, 0x00, 0x01, 0xBF, 0x80, 0x00, 0x0F, 0x80,
    0x00, 0x2F, 0x80, 0x3F, 0xFF, 0x00, 0x3F, 0xF8, 0x00, 0x00, 0x00, 0x00, 0x00, 0x00, 0x00, 0x0B,
    0xC0, 0x00, 0x0F, 0x00, 0x00, 0x3E, 0x00, 0x00, 0x3C, 0x00, 0x00, 0xBE, 0x00, 0x00, 0x3F, 0xAF,
    0x00, 0x3F, 0xFF, 0x00, 0x06, 0xA4, 0x00, 0x00, 0x00, 0x00, 0x00, 0x00, 0x00, 0x00, 0x2F, 0xC0,
    0x00, 0x00, 0x00, 0x00, 0x3F, 0xF0, 0x00, 0x00, 0x00, 0x00, 0x3F, 0xF8, 0x00, 0x00, 0x00, 0x00,
    0x0B, 0xFE, 0x00, 0x00, 0x00, 0x00, 0x01, 0xFF, 0x40, 0x00, 0x00, 0x00, 0x00, 0x2F, 0xC0, 0x00,
    0x00, 0x00, 0x00, 0x03, 0xF0, 0x00, 0x00, 0x00, 0x00, 0x00, 0x00, 0x00, 0x00, 0x00, 0x00, 0x00,
    0x00, 0x00, 0x00, 0x00, 0x00, 0x00, 0x00, 0x00, 0x00, 0xAA, 0xAA, 0xAA, 0xAA, 0xAA, 0x00, 0xBF,
    0xFF, 0xFF, 0xFF, 0xFF, 0x00, 0x0B, 0xFE, 0x55, 0x55, 0xBF, 0x00, 0x02, 0xFE, 0x00, 0x00, 0x3F,
    0x00, 0x02, 0xFE, 0x00, 0x00, 0x2F, 0x00, 0x02, 0xFE, 0x00, 0x00, 0x2F, 0x00, 0x02, 0xFE, 0x00,
    0x00, 0x0A, 0x00, 0x02, 0xFE, 0x00, 0x00, 0x00, 0x00, 0x02, 0xFE, 0x00, 0x00, 0x00, 0x00, 0x02,
    0xFE, 0x00, 0x03, 0xC0, 0x00, 0x02, 0xFE, 0x00, 0x0B, 0xC0, 0x00, 0x02, 0xFE, 0x00, 0x0B, 0xC0,
    0x00, 0x02, 0xFF, 0xAA, 0xAF, 0xC0, 0x00, 0x02, 0xFF, 0xFF, 0xFF, 0xC0, 0x00, 0x02, 0xFF, 0xAA,
    0xAF, 0xC0, 0x00, 0x02, 0xFE, 0x00, 0x0B, 0xC0, 0x00, 0x02, 0xFE, 0x00, 0x0B, 0xC0, 0x00, 0x02,
    0xFE, 0x00, 0x03, 0xC0, 0x00, 0x02, 0xFE, 0x00, 0x00, 0x00, 0x00, 0x02, 0xFE, 0x00, 0x00, 0x00,
    0x00, 0x02, 0xFE, 0x00, 0x00, 0x00, 0x00, 0x02, 0xFE, 0x00, 0x00, 0x03, 0xE0, 0x02, 0xFE, 0x00,
    0x00, 0x03, 0xE0, 0x02, 0xFE, 0x00, 0x00, 0x03, 0xE0, 0x02, 0xFE, 0x00, 0x00, 0x03, 0xE0, 0x03,
    0xFE, 0x00, 0x00, 0x0F, 0xE0, 0xBF, 0xFF, 0xFF, 0xFF, 0xFF, 0xE0, 0xBF, 0xFF, 0xFF, 0xFF, 0xFF,
    0xE0, 0x00, 0x1A, 0x00, 0x0A, 0x40, 0x00, 0x00, 0x3F, 0xC0, 0x3F, 0xC0, 0x00, 0x00, 0xBF, 0xC0,
    0x3F, 0xE0, 0x00, 0x00, 0x7F, 0xC0, 0x3F, 0xC0, 0x00, 0x00, 0x2F, 0x00, 0x0F, 0x80, 0x00, 0x00,
    0x00, 0x00, 0x00, 0x00, 0x00, 0x00, 0x00, 0x00, 0x00, 0x00, 0x00, 0x00, 0x00, 0x00, 0x00, 0x00,
    0x00, 0x00, 0x00, 0x00, 0x00, 0x00, 0x00, 0xAA, 0xAA, 0xAA, 0xAA, 0xAA, 0x00, 0xBF, 0xFF, 0xFF,
    0xFF, 0xFF, 0x00, 0x0B, 0xFE, 0x55, 0x55, 0xBF, 0x00, 0x02, 0xFE, 0x00, 0x00, 0x3F, 0x00, 0x02,
    0xFE, 0x00, 0x00, 0x2F, 0x00, 0x02, 0xFE, 0x00, 0x00, 0x2F, 0x00, 0x02, 0xFE, 0x00, 0x00, 0x0A,
    0x00, 0x02, 0xFE, 0x00, 0x00, 0x00, 0x00, 0x02, 0xFE, 0x00, 0x00, 0x00, 0x00, 0x02, 0xFE, 0x00,
    0x03, 0xC0, 0x00, 0x02, 0xFE, 0x00, 0x0B, 0xC0, 0x00, 0x02, 0xFE, 0x00, 0x0B, 0xC0, 0x00, 0x02,
    0xFF, 0xAA, 0xAF, 0xC0, 0x00, 0x02, 0xFF, 0xFF, 0xFF, 0xC0, 0x00, 0x02, 0xFF, 0xAA, 0xAF, 0xC0,
    0x00, 0x02, 0xFE, 0x00, 0x0B, 0xC0, 0x00, 0x02, 0xFE, 0x00, 0x0B, 0xC0, 0x00, 0x02, 0xFE, 0x00,
    0x03, 0xC0, 0x00, 0x02, 0xFE, 0x00, 0x00, 0x00, 0x00, 0x02, 0xFE, 0x00, 0x00, 0x00, 0x00, 0x02,
    0xFE, 0x00, 0x00, 0x00, 0x00, 0x02, 0xFE, 0x00, 0x00, 0x03, 0xE0, 0x02, 0xFE, 0x00, 0x00, 0x03,
    0xE0, 0x02, 0xFE, 0x00, 0x00, 0x03, 0xE0, 0x02, 0xFE, 0x00, 0x00, 0x03, 0xE0, 0x03, 0xFE, 0x00,
    0x00, 0x0F, 0xE0, 0xBF, 0xFF, 0xFF, 0xFF, 0xFF, 0xE0, 0xBF, 0xFF, 0xFF, 0xFF, 0xFF, 0xE0, 0x2A,
    0xAA, 0xAA, 0xAA, 0xAA, 0x00, 0x00, 0x00, 0xBF, 0xFF, 0xFF, 0xFF, 0xFF, 0x00, 0x00, 0x00, 0xBF,
    0xAA, 0xFF, 0xAA, 0xFF, 0x00, 0x00, 0x00, 0xBE, 0x00, 0xFF, 0x00, 0x3F, 0x00, 0x00, 0x00, 0xBC,
    0x00, 0xFF, 0x00, 0x3F, 0x00, 0x00, 0x00, 0xBC, 0x00, 0xFF, 0x00, 0x3F, 0x00, 0x00, 0x00, 0xBC,
    0x00, 0xFF, 0x00, 0x2F, 0x00, 0x00, 0x00, 0x00, 0x00, 0xFF, 0x00, 0x00, 0x00, 0x00, 0x00, 0x00,
    0x00, 0xFF, 0x00, 0x00, 0x00, 0x00, 0x00, 0x00, 0x00, 0xFF, 0x00, 0x2A, 0x80, 0x00, 0x00, 0x00,
    0x00, 0xFF, 0x0B, 0xFF, 0xFE, 0x00, 0x00, 0x00, 0x00, 0xFF, 0xBF, 0xFF, 0xFF, 0x80, 0x00, 0x00,
    0x00, 0xFF, 0xFF, 0xFF, 0xFF, 0xF0, 0x00, 0x00, 0x00, 0xFF, 0xF8, 0x00, 0xBF, 0xF8, 0x00, 0x00,
    0x00, 0xFF, 0x80, 0x00, 0x0F, 0xFC, 0x00, 0x00, 0x00, 0xFF, 0x00, 0x00, 0x03, 0xFE, 0x00, 0x00,
    0x00, 0xFF, 0x00, 0x00, 0x02, 0xFF, 0x00, 0x00, 0x00, 0xFF, 0x00, 0x00, 0x01, 0xFF, 0x00, 0x00,
    0x00, 0xFF, 0x00, 0x00, 0x00, 0xFF, 0x00, 0x00, 0x00, 0xFF, 0x00, 0x00, 0x00, 0xFF, 0x00, 0x00,
    0x00, 0xFF, 0x00, 0x00, 0x01, 0xFF, 0x00, 0x00, 0x00, 0xFF, 0x00, 0x00, 0x02, 0xFF, 0x00, 0x00,
    0x00, 0xFF, 0x00, 0x00, 0x02, 0xFE, 0x00, 0x00, 0x00, 0xFF, 0x00, 0x00, 0x03, 0xFC, 0x00, 0x00,
    0x00, 0xFF, 0x00, 0x00, 0x0B, 0xFC, 0x00, 0x00, 0x02, 0xFF, 0x80, 0x00, 0x2F, 0xF0, 0x00, 0x00,
    0x3F, 0xFF, 0xFC, 0x02, 0xFF, 0xC0, 0x00, 0x00, 0x3F, 0xFF, 0xFC, 0x03, 0xFE, 0x00, 0x00, 0x00,
    0x00, 0x00, 0x00, 0x00, 0x00, 0x00, 0x00, 0x00, 0x00, 0x00, 0x00, 0x00, 0x00, 0x00, 0x00, 0x00,
    0x3F, 0x80, 0x00, 0x00, 0x00, 0x00, 0xFF, 0xC0, 0x00, 0x00, 0x00, 0x03, 0xFF, 0x80, 0x00, 0x00,
    0x00, 0x0B, 0xFE, 0x00, 0x00, 0x00, 0x00, 0x2F, 0xF0, 0x00, 0x00, 0x00, 0x00, 0x3F, 0x80, 0x00,
    0x00, 0x00, 0x00, 0xFC, 0x00, 0x00, 0x00, 0x00, 0x00, 0x00, 0x00, 0x00, 0x00, 0x00, 0x00, 0x00,
    0x00, 0x00, 0x00, 0x00, 0x00, 0x00, 0x00, 0x00, 0x00, 0x2A, 0xAA, 0xAA, 0xAA, 0xAA, 0x80, 0x3F,
    0xFF, 0xFF, 0xFF, 0xFF, 0xC0, 0x02, 0xFF, 0xEA, 0xAA, 0xBF, 0xC0, 0x00, 0xBF, 0x80, 0x00, 0x0F,
    0xC0, 0x00, 0xBF, 0x80, 0x00, 0x0F, 0xC0, 0x00, 0xBF, 0x80, 0x00, 0x0F, 0xC0, 0x00, 0xBF, 0x80,
    0x00, 0x0B, 0xC0, 0x00, 0xBF, 0x80, 0x00, 0x0B, 0xC0, 0x00, 0xBF, 0x80, 0x00, 0x00, 0x00, 0x00,
    0xBF, 0x80, 0x00, 0x00, 0x00, 0x00, 0xBF, 0x80, 0x00, 0x00, 0x00, 0x00, 0xBF, 0x80, 0x00, 0x00,
    0x00, 0x00, 0xBF, 0x80, 0x00, 0x00, 0x00, 0x00, 0xBF, 0x80, 0x00, 0x00, 0x00, 0x00, 0xBF, 0x80,
    0x00, 0x00, 0x00, 0x00, 0xBF, 0x80, 0x00, 0x00, 0x00, 0x00, 0xBF, 0x80, 0x00, 0x00, 0x00, 0x00,
    0xBF, 0x80, 0x00, 0x00, 0x00, 0x00, 0xBF, 0x80, 0x00, 0x00, 0x00, 0x00, 0xBF, 0x80, 0x00, 0x00,
    0x00, 0x00, 0xBF, 0x80, 0x00, 0x00, 0x00, 0x00, 0xBF, 0x80, 0x00, 0x00, 0x00, 0x00, 0xBF, 0x80,
    0x00, 0x00, 0x00, 0x00, 0xBF, 0x80, 0x00, 0x00, 0x00, 0x00, 0xBF, 0x80, 0x00, 0x00, 0x00, 0x00,
    0xFF, 0xC0, 0x00, 0x00, 0x00, 0x3F, 0xFF, 0xFE, 0x00, 0x00, 0x00, 0x3F, 0xFF, 0xFE, 0x00, 0x00,
    0x00, 0x00, 0x00, 0x00, 0x04, 0x00, 0x00, 0x00, 0x00, 0x2F, 0xFF, 0xFF, 0x90, 0x00, 0x02, 0xFF,
    0xFF, 0xFF, 0xFC, 0x00, 0x0F, 0xFE, 0x00, 0x0B, 0xFC, 0x00, 0xBF, 0xE0, 0x00, 0x00, 0xFC, 0x00,
    0xFF, 0x40, 0x00, 0x00, 0xFC, 0x03, 0xFE, 0x00, 0x00, 0x00, 0xFC, 0x0B, 0xF8, 0x00, 0x00, 0x00,
    0xBC, 0x0F, 0xF0, 0x00, 0x00, 0x00, 0x28, 0x2F, 0xF0, 0x00, 0x00, 0x00, 0x00, 0x3F, 0xE0, 0x00,
    0x00, 0x00, 0x00, 0x3F, 0xC0, 0x00, 0x00, 0x00, 0x00, 0x3F, 0xC0, 0x00, 0x00, 0x00, 0x00, 0x7F,
    0xC0, 0x00, 0x00, 0x00, 0x00, 0xBF, 0xFF, 0xFF, 0xFF, 0x00, 0x00, 0xBF, 0xFF, 0xFF, 0xFF, 0x00,
    0x00, 0x3F, 0xC0, 0x00, 0x00, 0x00, 0x00, 0x3F, 0xC0, 0x00, 0x00, 0x00, 0x00, 0x3F, 0xC0, 0x00,
    0x00, 0x00, 0x00, 0x3F, 0xE0, 0x00, 0x00, 0x00, 0x00, 0x2F, 0xF0, 0x00, 0x00, 0x00, 0x00, 0x0F,
    0xF0, 0x00, 0x00, 0x00, 0x28, 0x0B, 0xFC, 0x00, 0x00, 0x00, 0xBC, 0x03, 0xFE, 0x00, 0x00, 0x00,
    0xFC, 0x00, 0xFF, 0x80, 0x00, 0x00, 0xFC, 0x00, 0xBF, 0xE0, 0x00, 0x00, 0xFC, 0x00, 0x1F, 0xFE,
    0x00, 0x02, 0xFC, 0x00, 0x03, 0xFF, 0xFF, 0xFF, 0xFC, 0x00, 0x00, 0x2F, 0xFF, 0xFF, 0xE0, 0x00,
    0x00, 0x00, 0x6A, 0x80, 0x00, 0x00, 0x00, 0x04, 0x00, 0x00, 0x00, 0x0B, 0xFF, 0xFF, 0x80, 0x00,
    0xBF, 0xFF, 0xFF, 0xF0, 0x03, 0xFF, 0x40, 0x2F, 0xF0, 0x0F, 0xFC, 0x00, 0x07, 0xF0, 0x0F, 0xF0,
    0x00, 0x03, 0xF0, 0x2F, 0xE0, 0x00, 0x03, 0xF0, 0x3F, 0xE0, 0x00, 0x03, 0xF0, 0x3F, 0xE0, 0x00,
    0x00, 0xA0, 0x3F, 0xF0, 0x00, 0x00, 0x00, 0x2F, 0xF8, 0x00, 0x00, 0x00, 0x1F, 0xFF, 0x00, 0x00,
    0x00, 0x0F, 0xFF, 0xE0, 0x00, 0x00, 0x03, 0xFF, 0xFF, 0x40, 0x00, 0x00, 0xBF, 0xFF, 0xF4, 0x00,
    0x00, 0x0B, 0xFF, 0xFF, 0x00, 0x00, 0x00, 0xFF, 0xFF, 0xC0, 0x00, 0x00, 0x0F, 0xFF, 0xF0, 0x00,
    0x00, 0x01, 0xFF, 0xF8, 0x00, 0x00, 0x00, 0x3F, 0xFC, 0x00, 0x00, 0x00, 0x0F, 0xFC, 0x7E, 0x00,
    0x00, 0x0B, 0xFC, 0x7E, 0x00, 0x00, 0x0B, 0xFC, 0x7E, 0x00, 0x00, 0x0B, 0xF8, 0x7F, 0x00, 0x00,
    0x0F, 0xF0, 0x7F, 0x00, 0x00, 0x2F, 0xE0, 0x7F, 0xE0, 0x02, 0xFF, 0xC0, 0x7F, 0xFF, 0xFF, 0xFE,
    0x00, 0x1F, 0xFF, 0xFF, 0xE0, 0x00, 0x00, 0x0A, 0xA4, 0x00, 0x00, 0xAA, 0xAA, 0xA8, 0xBF, 0xFF,
    0xFC, 0x07, 0xFF, 0x80, 0x02, 0xFF, 0x00, 0x02, 0xFF, 0x00, 0x02, 0xFF, 0x00, 0x02, 0xFF, 0x00,
    0x02, 0xFF, 0x00, 0x02, 0xFF, 0x00, 0x02, 0xFF, 0x00, 0x02, 0xFF, 0x00, 0x02, 0xFF, 0x00, 0x02,
    0xFF, 0x00, 0x02, 0xFF, 0x00, 0x02, 0xFF, 0x00, 0x02, 0xFF, 0x00, 0x02, 0xFF, 0x00, 0x02, 0xFF,
    0x00, 0x02, 0xFF, 0x00, 0x02, 0xFF, 0x00, 0x02, 0xFF, 0x00, 0x02, 0xFF, 0x00, 0x02, 0xFF, 0x00,
    0x02, 0xFF, 0x00, 0x02, 0xFF, 0x00, 0x02, 0xFF, 0x00, 0xBF, 0xFF, 0xFC, 0xBF, 0xFF, 0xFC, 0x2A,
    0x00, 0x0A, 0x00, 0xBF, 0x80, 0x3F, 0xC0, 0xBF, 0xC0, 0x3F, 0xC0, 0xBF, 0x80, 0x3F, 0xC0, 0x2E,
    0x00, 0x0F, 0x40, 0x00, 0x00, 0x00, 0x00, 0x00, 0x00, 0x00, 0x00, 0x00, 0x00, 0x00, 0x00, 0x00,
    0x00, 0x00, 0x00, 0x2A, 0xAA, 0xAA, 0x00, 0x2F, 0xFF, 0xFF, 0x00, 0x01, 0xFF, 0xE0, 0x00, 0x00,
    0xBF, 0xC0, 0x00, 0x00, 0xBF, 0xC0, 0x00, 0x00, 0xBF, 0xC0, 0x00, 0x00, 0xBF, 0xC0, 0x00, 0x00,
    0xBF, 0xC0, 0x00, 0x00, 0xBF, 0xC0, 0x00, 0x00, 0xBF, 0xC0, 0x00, 0x00, 0xBF, 0xC0, 0x00, 0x00,
    0xBF, 0xC0, 0x00, 0x00, 0xBF, 0xC0, 0x00, 0x00, 0xBF, 0xC0, 0x00, 0x00, 0xBF, 0xC0, 0x00, 0x00,
    0xBF, 0xC0, 0x00, 0x00, 0xBF, 0xC0, 0x00, 0x00, 0xBF, 0xC0, 0x00, 0x00, 0xBF, 0xC0, 0x00, 0x00,
    0xBF, 0xC0, 0x00, 0x00, 0xBF, 0xC0, 0x00, 0x00, 0xBF, 0xC0, 0x00, 0x00, 0xBF, 0xC0, 0x00, 0x00,
    0xBF, 0xC0, 0x00, 0x00, 0xBF, 0xC0, 0x00, 0x00, 0xBF, 0xC0, 0x00, 0x2F, 0xFF, 0xFF, 0x00, 0x2F,
    0xFF, 0xFF, 0x00, 0x00, 0x00, 0xAA, 0xAA, 0xA8, 0x00, 0x00, 0xFF, 0xFF, 0xFC, 0x00, 0x00, 0x07,
    0xFF, 0x40, 0x00, 0x00, 0x02, 0xFE, 0x00, 0x00, 0x00, 0x02, 0xFE, 0x00, 0x00, 0x00, 0x02, 0xFE,
    0x00, 0x00, 0x00, 0x02, 0xFE, 0x00, 0x00, 0x00, 0x02, 0xFE, 0x00, 0x00, 0x00, 0x02, 0xFE, 0x00,
    0x00, 0x00, 0x02, 0xFE, 0x00, 0x00, 0x00, 0x02, 0xFE, 0x00, 0x00, 0x00, 0x02, 0xFE, 0x00, 0x00,
    0x00, 0x02, 0xFE, 0x00, 0x00, 0x00, 0x02, 0xFE, 0x00, 0x00, 0x00, 0x02, 0xFE, 0x00, 0x00, 0x00,
    0x02, 0xFE, 0x00, 0x00, 0x00, 0x02, 0xFE, 0x00, 0x00, 0x00, 0x02, 0xFE, 0x00, 0x00, 0x00, 0x02,
    0xFE, 0x00, 0x00, 0x00, 0x02, 0xFE, 0x00, 0x2A, 0x00, 0x03, 0xFE, 0x00, 0x3F, 0x00, 0x03, 0xFC,
    0x00, 0x3F, 0x00, 0x03, 0xFC, 0x00, 0x3F, 0x00, 0x0B, 0xF8, 0x00, 0x3F, 0x00, 0x0F, 0xF0, 0x00,
    0x3F, 0x80, 0x3F, 0xE0, 0x00, 0x3F, 0xFB, 0xFF, 0x80, 0x00, 0x2F, 0xFF, 0xFE, 0x00, 0x00, 0x00,
    0x6A, 0x40, 0x00, 0x00, 0x00, 0x02, 0xAA, 0xAA, 0xAA, 0xAA, 0xAA, 0x00, 0x00, 0x00, 0x00, 0x0B,
    0xFF, 0xFF, 0xFF, 0xFF, 0xFE, 0x00, 0x00, 0x00, 0x00, 0x00, 0x2F, 0xEA, 0xAA, 0xFF, 0x80, 0x00,
    0x00, 0x00, 0x00, 0x00, 0x0F, 0x80, 0x00, 0xFF, 0x00, 0x00, 0x00, 0x00, 0x00, 0x00, 0x0F, 0x80,
    0x00, 0xFF, 0x00, 0x00, 0x00, 0x00, 0x00, 0x00, 0x0F, 0x80, 0x00, 0xFF, 0x00, 0x00, 0x00, 0x00,
    0x00, 0x00, 0x0F, 0x80, 0x00, 0xFF, 0x00, 0x00, 0x00, 0x00, 0x00, 0x00, 0x0F, 0x80, 0x00, 0xFF,
    0x00, 0x00, 0x00, 0x00, 0x00, 0x00, 0x0F, 0x80, 0x00, 0xFF, 0x00, 0x00, 0x00, 0x00, 0x00, 0x00,
    0x0F, 0x80, 0x00, 0xFF, 0x00, 0x00, 0x00, 0x00, 0x00, 0x00, 0x0F, 0x80, 0x00, 0xFF, 0x44, 0x00,
    0x00, 0x00, 0x00, 0x00, 0x0F, 0x80, 0x00, 0xFF, 0xFF, 0xFE, 0x00, 0x00, 0x00, 0x00, 0x0F, 0x80,
    0x00, 0xFF, 0xFB, 0xFF, 0xE0, 0x00, 0x00, 0x00, 0x0F, 0x40, 0x00, 0xFF, 0x00, 0x2F, 0xFC, 0x00,
    0x00, 0x00, 0x1F, 0x00, 0x00, 0xFF, 0x00, 0x03, 0xFF, 0x00, 0x00, 0x00, 0x2F, 0x00, 0x00, 0xFF,
    0x00, 0x02, 0xFF, 0x00, 0x00, 0x00, 0x2F, 0x00, 0x00, 0xFF, 0x00, 0x00, 0xFF, 0xC0, 0x00, 0x00,
    0x2F, 0x00, 0x00, 0xFF, 0x00, 0x00, 0xFF, 0xC0, 0x00, 0x00, 0x3F, 0x00, 0x00, 0xFF, 0x00, 0x00,
    0xBF, 0xC0, 0x00, 0x00, 0x3E, 0x00, 0x00, 0xFF, 0x00, 0x00, 0xBF, 0xC0, 0x00, 0x00, 0x3E, 0x00,
    0x00, 0xFF, 0x00, 0x00, 0xBF, 0xC0, 0x00, 0x00, 0xBC, 0x00, 0x00, 0xFF, 0x00, 0x00, 0xFF, 0xC0,
    0x00, 0x00, 0xFC, 0x00, 0x00, 0xFF, 0x00, 0x00, 0xFF, 0xC0, 0x00, 0x02, 0xF8, 0x00, 0x00, 0xFF,
    0x00, 0x02, 0xFF, 0x40, 0x7F, 0x83, 0xF0, 0x00, 0x00, 0xFF, 0x00, 0x0B, 0xFF, 0x00, 0xFF, 0xFF,
    0xE0, 0x00, 0x02, 0xFF, 0x00, 0xBF, 0xFC, 0x00, 0xFF, 0xFF, 0x80, 0x00, 0xBF, 0xFF, 0xFF, 0xFF,
    0xE0, 0x00, 0x3F, 0xFD, 0x00, 0x00, 0xBF, 0xFF, 0xFF, 0xE8, 0x00, 0x00, 0x0A, 0x40, 0x00, 0x00,
    0x00, 0x00, 0x00, 0x00, 0x00, 0x00, 0xAA, 0xAA, 0xA8, 0x02, 0xAA, 0xAA, 0xA0, 0x00, 0x00, 0xBF,
    0xFF, 0xFC, 0x03, 0xFF, 0xFF, 0xF0, 0x00, 0x00, 0x0B, 0xFF, 0x40, 0x00, 0x2F, 0xFD, 0x00, 0x00,
    0x00, 0x02, 0xFE, 0x00, 0x00, 0x0F, 0xF0, 0x00, 0x00, 0x00, 0x02, 0xFE, 0x00, 0x00, 0x0F, 0xF0,
    0x00, 0x00, 0x00, 0x02, 0xFE, 0x00, 0x00, 0x0F, 0xF0, 0x00, 0x00, 0x00, 0x02, 0xFE, 0x00, 0x00,
    0x0F, 0xF0, 0x00, 0x00, 0x00, 0x02, 0xFE, 0x00, 0x00, 0x0F, 0xF0, 0x00, 0x00, 0x00, 0x02, 0xFE,
    0x00, 0x00, 0x0F, 0xF0, 0x00, 0x00, 0x00, 0x02, 0xFE, 0x00, 0x00, 0x0F, 0xF0, 0x00, 0x00, 0x00,
    0x02, 0xFE, 0x00, 0x00, 0x0F, 0xF0, 0x00, 0x00, 0x00, 0x02, 0xFE, 0x00, 0x00, 0x0F, 0xFF, 0xFF,
    0x90, 0x00, 0x02, 0xFF, 0xFF, 0xFF, 0xFF, 0xFF, 0xFF, 0xFE, 0x00, 0x02, 0xFF, 0xFF, 0xFF, 0xFF,
    0xF8, 0x02, 0xFF, 0xC0, 0x02, 0xFE, 0x00, 0x00, 0x0F, 0xF0, 0x00, 0x2F, 0xF0, 0x02, 0xFE, 0x00,
    0x00, 0x0F, 0xF0, 0x00, 0x0F, 0xF8, 0x02, 0xFE, 0x00, 0x00, 0x0F, 0xF0, 0x00, 0x0B, 0xFC, 0x02,
    0xFE, 0x00, 0x00, 0x0F, 0xF0, 0x00, 0x07, 0xFC, 0x02, 0xFE, 0x00, 0x00, 0x0F, 0xF0, 0x00, 0x03,
    0xFD, 0x02, 0xFE, 0x00, 0x00, 0x0F, 0xF0, 0x00, 0x03, 0xFE, 0x02, 0xFE, 0x00, 0x00, 0x0F, 0xF0,
    0x00, 0x07, 0xFE, 0x02, 0xFE, 0x00, 0x00, 0x0F, 0xF0, 0x00, 0x0B, 0xFD, 0x02, 0xFE, 0x00, 0x00,
    0x0F, 0xF0, 0x00, 0x0F, 0xFC, 0x02, 0xFE, 0x00, 0x00, 0x0F, 0xF0, 0x00, 0x1F, 0xFC, 0x02, 0xFE,
    0x00, 0x00, 0x0F, 0xF0, 0x00, 0x3F, 0xF0, 0x03, 0xFF, 0x00, 0x00, 0x2F, 0xF8, 0x0B, 0xFF, 0xC0,
    0xBF, 0xFF, 0xFC, 0x03, 0xFF, 0xFF, 0xFF, 0xFE, 0x00, 0xBF, 0xFF, 0xFC, 0x03, 0xFF, 0xFF, 0xFE,
    0x90, 0x00, 0xAA, 0xAA, 0xAA, 0xAA, 0xAA, 0x80, 0x00, 0x00, 0xBF, 0xFF, 0xFF, 0xFF, 0xFF, 0xC0,
    0x00, 0x00, 0xBF, 0xAA, 0xFF, 0xEA, 0xBF, 0xC0, 0x00, 0x00, 0xBC, 0x00, 0xBF, 0x80, 0x0F, 0xC0,
    0x00, 0x00, 0xBC, 0x00, 0xBF, 0x80, 0x0F, 0xC0, 0x00, 0x00, 0xBC, 0x00, 0xBF, 0x80, 0x0F, 0xC0,
    0x00, 0x00, 0xBC, 0x00, 0xBF, 0x80, 0x0B, 0xC0, 0x00, 0x00, 0x00, 0x00, 0xBF, 0x80, 0x00, 0x00,
    0x00, 0x00, 0x00, 0x00, 0xBF, 0x80, 0x00, 0x00, 0x00, 0x00, 0x00, 0x00, 0xBF, 0x80, 0x00, 0x00,
    0x00, 0x00, 0x00, 0x00, 0xBF, 0x80, 0x2A, 0x80, 0x00, 0x00, 0x00, 0x00, 0xBF, 0x82, 0xFF, 0xFD,
    0x00, 0x00, 0x00, 0x00, 0xBF, 0xEF, 0xFF, 0xFF, 0x80, 0x00, 0x00, 0x00, 0xBF, 0xFF, 0xFF, 0xFF,
    0xC0, 0x00, 0x00, 0x00, 0xBF, 0xF8, 0x00, 0xBF, 0xD0, 0x00, 0x00, 0x00, 0xBF, 0xC0, 0x00, 0x3F,
    0xE0, 0x00, 0x00, 0x00, 0xBF, 0x80, 0x00, 0x3F, 0xE0, 0x00, 0x00, 0x00, 0xBF, 0x80, 0x00, 0x2F,
    0xE0, 0x00, 0x00, 0x00, 0xBF, 0x80, 0x00, 0x2F, 0xE0, 0x00, 0x00, 0x00, 0xBF, 0x80, 0x00, 0x2F,
    0xE0, 0x00, 0x00, 0x00, 0xBF, 0x80, 0x00, 0x2F, 0xE0, 0x00, 0x00, 0x00, 0xBF, 0x80, 0x00, 0x2F,
    0xE0, 0x00, 0x00, 0x00, 0xBF, 0x80, 0x00, 0x2F, 0xE0, 0x00, 0x00, 0x00, 0xBF, 0x80, 0x00, 0x2F,
    0xE0, 0x00, 0x00, 0x00, 0xBF, 0x80, 0x00, 0x2F, 0xE0, 0x00, 0x00, 0x00, 0xFF, 0xC0, 0x00, 0x3F,
    0xF0, 0x00, 0x00, 0x2F, 0xFF, 0xFE, 0x0B, 0xFF, 0xFF, 0x80, 0x00, 0x2F, 0xFF, 0xFE, 0x0B, 0xFF,
    0xFF, 0x80, 0x00, 0x00, 0x00, 0x00, 0x00, 0x00, 0x00, 0x00, 0x00, 0x00, 0x03, 0xF0, 0x00, 0x00,
    0x00, 0x00, 0x00, 0x0F, 0xF8, 0x00, 0x00, 0x00, 0x00, 0x00, 0x3F, 0xF8, 0x00, 0x00, 0x00, 0x00,
    0x00, 0xFF, 0xE0, 0x00, 0x00, 0x00, 0x00, 0x02, 0xFF, 0x00, 0x00, 0x00, 0x00, 0x00, 0x0B, 0xF8,
    0x00, 0x00, 0x00, 0x00, 0x00, 0x2F, 0x80, 0x00, 0x00, 0x00, 0x00, 0x00, 0x00, 0x00, 0x00, 0x00,
    0x00, 0x00, 0x00, 0x00, 0x00, 0x00, 0x00, 0x00, 0x00, 0x00, 0x00, 0x00, 0x00, 0x10, 0x00, 0xAA,
    0xAA, 0xA8, 0x00, 0x0B, 0xFF, 0x00, 0xBF, 0xFF, 0xFC, 0x00, 0x3F, 0xFF, 0xC0, 0x0B, 0xFF, 0x80,
    0x00, 0xBF, 0xFF, 0xC0, 0x02, 0xFE, 0x00, 0x00, 0xFC, 0xBF, 0x80, 0x02, 0xFE, 0x00, 0x02, 0xF0,
    0x0A, 0x00, 0x02, 0xFE, 0x00, 0x03, 0xE0, 0x00, 0x00, 0x02, 0xFE, 0x00, 0x03, 0xC0, 0x00, 0x00,
    0x02, 0xFE, 0x00, 0x0B, 0xC0, 0x00, 0x00, 0x02, 0xFE, 0x00, 0x0F, 0x80, 0x00, 0x00, 0x02, 0xFE,
    0x00, 0x0F, 0x00, 0x00, 0x00, 0x02, 0xFE, 0x00, 0x3F, 0x00, 0x00, 0x00, 0x02, 0xFE, 0x00, 0xBE,
    0x00, 0x00, 0x00, 0x02, 0xFE, 0x03, 0xFC, 0x00, 0x00, 0x00, 0x02, 0xFF, 0xBF, 0xF0, 0x00, 0x00,
    0x00, 0x02, 0xFF, 0xFF, 0xC0, 0x00, 0x00, 0x00, 0x02, 0xFF, 0xFF, 0xF8, 0x00, 0x00, 0x00, 0x02,
    0xFE, 0x0B, 0xFE, 0x00, 0x00, 0x00, 0x02, 0xFE, 0x00, 0xFF, 0x00, 0x00, 0x00, 0x02, 0xFE, 0x00,
    0xBF, 0xC0, 0x00, 0x00, 0x02, 0xFE, 0x00, 0x3F, 0xE0, 0x00, 0x00, 0x02, 0xFE, 0x00, 0x0F, 0xF4,
    0x00, 0x00, 0x02, 0xFE, 0x00, 0x0B, 0xFC, 0x00, 0x00, 0x02, 0xFE, 0x00, 0x03, 0xFF, 0x00, 0x00,
    0x02, 0xFE, 0x00, 0x00, 0xFF, 0x80, 0x00, 0x02, 0xFE, 0x00, 0x00, 0x7F, 0xC0, 0x00, 0x03, 0xFF,
    0x00, 0x00, 0x2F, 0xF0, 0x00, 0xBF, 0xFF, 0xFC, 0x00, 0x0F, 0xFF, 0xC0, 0xBF, 0xFF, 0xFC, 0x00,
    0x0F, 0xFF, 0xC0, 0x00, 0x00, 0x00, 0x00, 0x00, 0x00, 0x00, 0x00, 0x00, 0xFE, 0x00, 0x00, 0x00,
    0x00, 0x00, 0x00, 0xFF, 0x80, 0x00, 0x00, 0x00, 0x00, 0x00, 0xFF, 0xC0, 0x00, 0x00, 0x00, 0x00,
    0x00, 0x3F, 0xF0, 0x00, 0x00, 0x00, 0x00, 0x00, 0x0B, 0xFC, 0x00, 0x00, 0x00, 0x00, 0x00, 0x00,
    0xFF, 0x00, 0x00, 0x00, 0x00, 0x00, 0x00, 0x2F, 0xC0, 0x00, 0x00, 0x00, 0x00, 0x00, 0x00, 0x00,
    0x00, 0x00, 0x00, 0x00, 0x00, 0x00, 0x00, 0x00, 0x00, 0x00, 0x00, 0x00, 0x00, 0x00, 0x00, 0x00,
    0xAA, 0xAA, 0xA8, 0x00, 0xAA, 0xAA, 0xA8, 0xBF, 0xFF, 0xFC, 0x00, 0xBF, 0xFF, 0xFC, 0x0B, 0xFF,
    0x40, 0x00, 0x03, 0xFF, 0x80, 0x02, 0xFE, 0x00, 0x00, 0x01, 0xFF, 0x00, 0x02, 0xFE, 0x00, 0x00,
    0x02, 0xFF, 0x00, 0x02, 0xFE, 0x00, 0x00, 0x03, 0xFF, 0x00, 0x02, 0xFE, 0x00, 0x00, 0x0F, 0xFF,
    0x00, 0x02, 0xFE, 0x00, 0x00, 0x3F, 0xFF, 0x00, 0x02, 0xFE, 0x00, 0x00, 0xFF, 0xFF, 0x00, 0x02,
    0xFE, 0x00, 0x02, 0xFE, 0xFF, 0x00, 0x02, 0xFE, 0x00, 0x0B, 0xF1, 0xFF, 0x00, 0x02, 0xFE, 0x00,
    0x0F, 0xC1, 0xFF, 0x00, 0x02, 0xFE, 0x00, 0x3F, 0x01, 0xFF, 0x00, 0x02, 0xFE, 0x00, 0xFE, 0x01,
    0xFF, 0x00, 0x02, 0xFE, 0x02, 0xF8, 0x01, 0xFF, 0x00, 0x02, 0xFE, 0x0B, 0xF0, 0x01, 0xFF, 0x00,
    0x02, 0xFE, 0x1F, 0xC0, 0x01, 0xFF, 0x00, 0x02, 0xFE, 0x3F, 0x00, 0x01, 0xFF, 0x00, 0x02, 0xFE,
    0xFD, 0x00, 0x01, 0xFF, 0x00, 0x02, 0xFF, 0xF8, 0x00, 0x01, 0xFF, 0x00, 0x02, 0xFF, 0xE0, 0x00,
    0x01, 0xFF, 0x00, 0x02, 0xFF, 0xC0, 0x00, 0x01, 0xFF, 0x00, 0x02, 0xFF, 0x00, 0x00, 0x01, 0xFF,
    0x00, 0x02, 0xFE, 0x00, 0x00, 0x01, 0xFF, 0x00, 0x02, 0xFE, 0x00, 0x00, 0x01, 0xFF, 0x00, 0x03,
    0xFF, 0x00, 0x00, 0x02, 0xFF, 0x40, 0xBF, 0xFF, 0xFC, 0x00, 0xBF, 0xFF, 0xFC, 0xBF, 0xFF, 0xFC,
    0x00, 0xBF, 0xFF, 0xFC, 0x00, 0x00, 0x00, 0x00, 0x00, 0x00, 0x00, 0x00, 0x00, 0x00, 0x0F, 0xC0,
    0x2F, 0x80, 0x00, 0x00, 0x00, 0x00, 0x2F, 0xE0, 0x3F, 0xC0, 0x00, 0x00, 0x00, 0x00, 0x2F, 0x80,
    0x0F, 0xC0, 0x00, 0x00, 0x00, 0x00, 0x0F, 0x00, 0x0B, 0x80, 0x00, 0x00, 0x00, 0x00, 0x0B, 0xE0,
    0x2F, 0x00, 0x00, 0x00, 0x00, 0x00, 0x01, 0xFF, 0xF8, 0x00, 0x00, 0x00, 0x00, 0x00, 0x00, 0x01,
    0x00, 0x00, 0x00, 0x00, 0x00, 0x00, 0x00, 0x00, 0x00, 0x00, 0x00, 0x00, 0x00, 0x00, 0x00, 0x00,
    0x00, 0x00, 0x00, 0x00, 0xAA, 0xAA, 0xAA, 0x00, 0x02, 0xAA, 0xAA, 0x00, 0xFF, 0xFF, 0xFF, 0x00,
    0x07, 0xFF, 0xFF, 0x80, 0x02, 0xFF, 0xC0, 0x00, 0x00, 0x2F, 0xE4, 0x00, 0x00, 0xFF, 0xC0, 0x00,
    0x00, 0x0F, 0xC0, 0x00, 0x00, 0xBF, 0xE0, 0x00, 0x00, 0x3F, 0x40, 0x00, 0x00, 0x3F, 0xF0, 0x00,
    0x00, 0x3F, 0x00, 0x00, 0x00, 0x2F, 0xF8, 0x00, 0x00, 0xFE, 0x00, 0x00, 0x00, 0x0F, 0xFC, 0x00,
    0x00, 0xFC, 0x00, 0x00, 0x00, 0x0B, 0xFE, 0x00, 0x02, 0xF8, 0x00, 0x00, 0x00, 0x03, 0xFF, 0x00,
    0x03, 0xF0, 0x00, 0x00, 0x00, 0x02, 0xFF, 0x80, 0x0B, 0xE0, 0x00, 0x00, 0x00, 0x00, 0xFF, 0xC0,
    0x0F, 0xC0, 0x00, 0x00, 0x00, 0x00, 0x7F, 0xE0, 0x2F, 0x80, 0x00, 0x00, 0x00, 0x00, 0x3F, 0xF0,
    0x3F, 0x00, 0x00, 0x00, 0x00, 0x00, 0x0F, 0xF8, 0xBE, 0x00, 0x00, 0x00, 0x00, 0x00, 0x0F, 0xFC,
    0xFC, 0x00, 0x00, 0x00, 0x00, 0x00, 0x03, 0xFF, 0xF8, 0x00, 0x00, 0x00, 0x00, 0x00, 0x02, 0xFF,
    0xF0, 0x00, 0x00, 0x00, 0x00, 0x00, 0x00, 0xFF, 0xE0, 0x00, 0x00, 0x00, 0x00, 0x00, 0x00, 0xBF,
    0xC0, 0x00, 0x00, 0x00, 0x00, 0x00, 0x00, 0x3F, 0x80, 0x00, 0x00, 0x00, 0x00, 0x00, 0x00, 0x3F,
    0x00, 0x00, 0x00, 0x00, 0x00, 0x00, 0x00, 0xBE, 0x00, 0x00, 0x00, 0x00, 0x00, 0x0E, 0x00, 0xFC,
    0x00, 0x00, 0x00, 0x00, 0x00, 0x3F, 0xE3, 0xF8, 0x00, 0x00, 0x00, 0x00, 0x00, 0xBF, 0xFF, 0xF0,
    0x00, 0x00, 0x00, 0x00, 0x00, 0xBF, 0xFF, 0xC0, 0x00, 0x00, 0x00, 0x00, 0x00, 0x3F, 0xFE, 0x00,
    0x00, 0x00, 0x00, 0x00, 0x00, 0x06, 0x90, 0x00, 0x00, 0x00, 0x00, 0x00, 0xAA, 0xAA, 0xA8, 0x00,
    0x2A, 0xAA, 0xA9, 0xBF, 0xFF, 0xFC, 0x00, 0x3F, 0xFF, 0xFE, 0x0B, 0xFF, 0x40, 0x00, 0x02, 0xFF,
    0xD0, 0x03, 0xFE, 0x00, 0x00, 0x00, 0xFF, 0x80, 0x03, 0xFE, 0x00, 0x00, 0x00, 0xFF, 0x80, 0x03,
    0xFE, 0x00, 0x00, 0x00, 0xFF, 0x80, 0x03, 0xFE, 0x00, 0x00, 0x00, 0xFF, 0x80, 0x03, 0xFE, 0x00,
    0x00, 0x00, 0xFF, 0x80, 0x03, 0xFE, 0x00, 0x00, 0x00, 0xFF, 0x80, 0x03, 0xFE, 0x00, 0x00, 0x00,
    0xFF, 0x80, 0x03, 0xFE, 0x00, 0x00, 0x00, 0xFF, 0x80, 0x03, 0xFE, 0x00, 0x00, 0x00, 0xFF, 0x80,
    0x03, 0xFE, 0x00, 0x00, 0x00, 0xFF, 0x80, 0x03, 0xFE, 0x00, 0x00, 0x00, 0xFF, 0x80, 0x03, 0xFE,
    0x00, 0x00, 0x00, 0xFF, 0x80, 0x03, 0xFE, 0x00, 0x00, 0x00, 0xFF, 0x80, 0x03, 0xFE, 0x00, 0x00,
    0x00, 0xFF, 0x80, 0x03, 0xFE, 0x00, 0x00, 0x00, 0xFF, 0x80, 0x03, 0xFE, 0x00, 0x00, 0x00, 0xFF,
    0x80, 0x03, 0xFE, 0x00, 0x00, 0x00, 0xFF, 0x80, 0x03, 0xFE, 0x00, 0x00, 0x00, 0xFF, 0x80, 0x03,
    0xFE, 0x00, 0x00, 0x00, 0xFF, 0x80, 0x03, 0xFE, 0x00, 0x00, 0x00, 0xFF, 0x80, 0x03, 0xFE, 0x00,
    0x00, 0x00, 0xFF, 0x80, 0x03, 0xFE, 0x00, 0x00, 0x00, 0xFF, 0x80, 0x03, 0xFF, 0x00, 0x00, 0x02,
    0xFF, 0xC0, 0xBF, 0xFF, 0xFF, 0xFF, 0xFF, 0xFF, 0xFE, 0xBF, 0xFF, 0xFF, 0xFF, 0xFF, 0xFF, 0xFE,
    0x00, 0x00, 0x1F, 0xFF, 0xF0, 0x00, 0x00, 0x00, 0x00, 0x03, 0xFF, 0xC0, 0x00, 0x00, 0x00, 0x00,
    0x02, 0xFF, 0x00, 0x00, 0x00, 0x00, 0x00, 0x00, 0xFF, 0x00, 0x00, 0x00, 0x00, 0x00, 0x00, 0xFF,
    0x00, 0x00, 0x00, 0x00, 0x00, 0x00, 0xFE, 0x00, 0x00, 0x00, 0x00, 0x00, 0x00, 0xFE, 0x00, 0x00,
    0x00, 0x00, 0x00, 0x00, 0xFE, 0x00, 0x00, 0x00, 0x00, 0x00, 0x00, 0x00, 0x00, 0x00, 0x00, 0x00,
    0x00, 0x00, 0x54, 0x00, 0x00, 0x00, 0x00, 0x00, 0x00, 0xFE, 0x00, 0x00, 0x00, 0x00, 0x00, 0x02,
    0xFF, 0x00, 0x00, 0x00, 0x00, 0x00, 0x03, 0xFF, 0x40, 0x00, 0x00, 0x00, 0x00, 0x07, 0xFF, 0xC0,
    0x00, 0x00, 0x00, 0x00, 0x0F, 0xFF, 0xC0, 0x00, 0x00, 0x00, 0x00, 0x0F, 0xFF, 0xE0, 0x00, 0x00,
    0x00, 0x00, 0x2F, 0xAF, 0xF0, 0x00, 0x00, 0x00, 0x00, 0x3F, 0x0F, 0xF0, 0x00, 0x00, 0x00, 0x00,
    0x3E, 0x0F, 0xF8, 0x00, 0x00, 0x00, 0x00, 0xBC, 0x0B, 0xFC, 0x00, 0x00, 0x00, 0x00, 0xFC, 0x03,
    0xFD, 0x00, 0x00, 0x00, 0x00, 0xF8, 0x03, 0xFF, 0x00, 0x00, 0x00, 0x02, 0xF0, 0x02, 0xFF, 0x00,
    0x00, 0x00, 0x03, 0xF0, 0x00, 0xFF, 0x80, 0x00, 0x00, 0x0B, 0xE0, 0x00, 0xBF, 0xC0, 0x00, 0x00,
    0x0F, 0xE0, 0x00, 0xBF, 0xC0, 0x00, 0x00, 0x0F, 0xFF, 0xFF, 0xFF, 0xE0, 0x00, 0x00, 0x2F, 0xFF,
    0xFF, 0xFF, 0xF0, 0x00, 0x00, 0x3F, 0x00, 0x00, 0x0F, 0xF4, 0x00, 0x00, 0x3E, 0x00, 0x00, 0x0F,
    0xFC, 0x00, 0x00, 0xBC, 0x00, 0x00, 0x0B, 0xFC, 0x00, 0x00, 0xFC, 0x00, 0x00, 0x03, 0xFE, 0x00,
    0x01, 0xF8, 0x00, 0x00, 0x02, 0xFF, 0x00, 0x03, 0xF0, 0x00, 0x00, 0x00, 0xFF, 0x00, 0x03, 0xF0,
    0x00, 0x00, 0x00, 0xFF, 0x80, 0x0B, 0xF0, 0x00, 0x00, 0x00, 0xFF, 0xD0, 0xFF, 0xFF, 0x80, 0x00,
    0x1F, 0xFF, 0xFE, 0xFF, 0xFF, 0x80, 0x00, 0x1F, 0xFF, 0xFE, 0x2A, 0xAA, 0xAA, 0xAA, 0xAA, 0x00,
    0x2F, 0xFF, 0xFF, 0xFF, 0xFF, 0x00, 0x02, 0xFF, 0xD0, 0x00, 0xBF, 0x00, 0x00, 0xBF, 0x80, 0x00,
    0x3F, 0x00, 0x00, 0xBF, 0x80, 0x00, 0x3F, 0x00, 0x00, 0xBF, 0x80, 0x00, 0x3F, 0x00, 0x00, 0xBF,
    0x80, 0x00, 0x2E, 0x00, 0x00, 0xBF, 0x80, 0x00, 0x00, 0x00, 0x00, 0xBF, 0x80, 0x00, 0x00, 0x00,
    0x00, 0xBF, 0x80, 0x00, 0x00, 0x00, 0x00, 0xBF, 0x85, 0x00, 0x00, 0x00, 0x00, 0xBF, 0xFF, 0xFF,
    0x80, 0x00, 0x00, 0xBF, 0xFA, 0xFF, 0xF8, 0x00, 0x00, 0xBF, 0x80, 0x07, 0xFF, 0x00, 0x00, 0xBF,
    0x80, 0x00, 0xFF, 0xC0, 0x00, 0xBF, 0x80, 0x00, 0x3F, 0xC0, 0x00, 0xBF, 0x80, 0x00, 0x2F, 0xF0,
    0x00, 0xBF, 0x80, 0x00, 0x0F, 0xF0, 0x00, 0xBF, 0x80, 0x00, 0x0F, 0xF0, 0x00, 0xBF, 0x80, 0x00,
    0x0F, 0xF0, 0x00, 0xBF, 0x80, 0x00, 0x0F, 0xF0, 0x00, 0xBF, 0x80, 0x00, 0x0F, 0xF0, 0x00, 0xBF,
    0x80, 0x00, 0x2F, 0xF0, 0x00, 0xBF, 0x80, 0x00, 0x3F, 0xE0, 0x00, 0xBF, 0x80, 0x00, 0xFF, 0xC0,
    0x00, 0xFF, 0x80, 0x2B, 0xFF, 0x00, 0x3F, 0xFF, 0xFF, 0xFF, 0xF8, 0x00, 0x3F, 0xFF, 0xFF, 0xFA,
    0x00, 0x00, 0xAA, 0xAA, 0xAA, 0xA8, 0x00, 0x00, 0xBF, 0xFF, 0xFF, 0xFF, 0xE0, 0x00, 0x0B, 0xFE,
    0x46, 0xBF, 0xFC, 0x00, 0x02, 0xFE, 0x00, 0x0B, 0xFE, 0x00, 0x02, 0xFE, 0x00, 0x03, 0xFF, 0x00,
    0x02, 0xFE, 0x00, 0x00, 0xFF, 0x80, 0x02, 0xFE, 0x00, 0x00, 0xFF, 0x80, 0x02, 0xFE, 0x00, 0x00,
    0xFF, 0x80, 0x02, 0xFE, 0x00, 0x00, 0xFF, 0x40, 0x02, 0xFE, 0x00, 0x02, 0xFF, 0x00, 0x02, 0xFE,
    0x00, 0x03, 0xFE, 0x00, 0x02, 0xFE, 0x00, 0x0F, 0xF8, 0x00, 0x02, 0xFE, 0x06, 0xFF, 0x80, 0x00,
    0x02, 0xFF, 0xFF, 0xFF, 0x90, 0x00, 0x02, 0xFF, 0xFF, 0xFF, 0xFE, 0x00, 0x02, 0xFE, 0x00, 0x03,
    0xFF, 0xC0, 0x02, 0xFE, 0x00, 0x00, 0xBF, 0xE0, 0x02, 0xFE, 0x00, 0x00, 0x3F, 0xF0, 0x02, 0xFE,
    0x00, 0x00, 0x2F, 0xF0, 0x02, 0xFE, 0x00, 0x00, 0x1F, 0xF0, 0x02, 0xFE, 0x00, 0x00, 0x2F, 0xF0,
    0x02, 0xFE, 0x00, 0x00, 0x2F, 0xF0, 0x02, 0xFE, 0x00, 0x00, 0x3F, 0xF0, 0x02, 0xFE, 0x00, 0x00,
    0x7F, 0xE0, 0x02, 0xFE, 0x00, 0x02, 0xFF, 0xC0, 0x03, 0xFE, 0x00, 0x6F, 0xFF, 0x00, 0xBF, 0xFF,
    0xFF, 0xFF, 0xF8, 0x00, 0xBF, 0xFF, 0xFF, 0xFA, 0x00, 0x00, 0x2A, 0xAA, 0xAA, 0xAA, 0xAA, 0x80,
    0x3F, 0xFF, 0xFF, 0xFF, 0xFF, 0xC0, 0x02, 0xFF, 0xEA, 0xAA, 0xBF, 0xC0, 0x00, 0xBF, 0x80, 0x00,
    0x0F, 0xC0, 0x00, 0xBF, 0x80, 0x00, 0x0F, 0xC0, 0x00, 0xBF, 0x80, 0x00, 0x0F, 0xC0, 0x00, 0xBF,
    0x80, 0x00, 0x0B, 0xC0, 0x00, 0xBF, 0x80, 0x00, 0x0B, 0xC0, 0x00, 0xBF, 0x80, 0x00, 0x00, 0x00,
    0x00, 0xBF, 0x80, 0x00, 0x00, 0x00, 0x00, 0xBF, 0x80, 0x00, 0x00, 0x00, 0x00, 0xBF, 0x80, 0x00,
    0x00, 0x00, 0x00, 0xBF, 0x80, 0x00, 0x00, 0x00, 0x00, 0xBF, 0x80, 0x00, 0x00, 0x00, 0x00, 0xBF,
    0x80, 0x00, 0x00, 0x00, 0x00, 0xBF, 0x80, 0x00, 0x00, 0x00, 0x00, 0xBF, 0x80, 0x00, 0x00, 0x00,
    0x00, 0xBF, 0x80, 0x00, 0x00, 0x00, 0x00, 0xBF, 0x80, 0x00, 0x00, 0x00, 0x00, 0xBF, 0x80, 0x00,
    0x00, 0x00, 0x00, 0xBF, 0x80, 0x00, 0x00, 0x00, 0x00, 0xBF, 0x80, 0x00, 0x00, 0x00, 0x00, 0xBF,
    0x80, 0x00, 0x00, 0x00, 0x00, 0xBF, 0x80, 0x00, 0x00, 0x00, 0x00, 0xBF, 0x80, 0x00, 0x00, 0x00,
    0x00, 0xFF, 0xC0, 0x00, 0x00, 0x00, 0x3F, 0xFF, 0xFE, 0x00, 0x00, 0x00, 0x3F, 0xFF, 0xFE, 0x00,
    0x00, 0x00, 0x00, 0x0A, 0xAA, 0xAA, 0xAA, 0xAA, 0xAA, 0x00, 0x00, 0x0B, 0xFF, 0xFF, 0xFF, 0xFF,
    0xFF, 0x00, 0x00, 0x00, 0x2F, 0xEA, 0xAA, 0xFF, 0xE0, 0x00, 0x00, 0x00, 0x0F, 0x80, 0x00, 0xBF,
    0xC0, 0x00, 0x00, 0x00, 0x0F, 0x80, 0x00, 0xBF, 0xC0, 0x00, 0x00, 0x00, 0x0F, 0x80, 0x00, 0xBF,
    0xC0, 0x00, 0x00, 0x00, 0x0F, 0x80, 0x00, 0xBF, 0xC0, 0x00, 0x00, 0x00, 0x0F, 0x40, 0x00, 0xBF,
    0xC0, 0x00, 0x00, 0x00, 0x0F, 0x00, 0x00, 0xBF, 0xC0, 0x00, 0x00, 0x00, 0x2F, 0x00, 0x00, 0xBF,
    0xC0, 0x00, 0x00, 0x00, 0x2F, 0x00, 0x00, 0xBF, 0xC0, 0x00, 0x00, 0x00, 0x2F, 0x00, 0x00, 0xBF,
    0xC0, 0x00, 0x00, 0x00, 0x3F, 0x00, 0x00, 0xBF, 0xC0, 0x00, 0x00, 0x00, 0x3F, 0x00, 0x00, 0xBF,
    0xC0, 0x00, 0x00, 0x00, 0x3E, 0x00, 0x00, 0xBF, 0xC0, 0x00, 0x00, 0x00, 0x7E, 0x00, 0x00, 0xBF,
    0xC0, 0x00, 0x00, 0x00, 0xBC, 0x00, 0x00, 0xBF, 0xC0, 0x00, 0x00, 0x00, 0xFC, 0x00, 0x00, 0xBF,
    0xC0, 0x00, 0x00, 0x00, 0xFC, 0x00, 0x00, 0xBF, 0xC0, 0x00, 0x00, 0x00, 0xF8, 0x00, 0x00, 0xBF,
    0xC0, 0x00, 0x00, 0x02, 0xF0, 0x00, 0x00, 0xBF, 0xC0, 0x00, 0x00, 0x03, 0xF0, 0x00, 0x00, 0xBF,
    0xC0, 0x00, 0x00, 0x0B, 0xD0, 0x00, 0x00, 0xBF, 0xC0, 0x00, 0x00, 0x0F, 0xC0, 0x00, 0x00, 0xBF,
    0xC0, 0x00, 0x00, 0x3F, 0x00, 0x00, 0x00, 0xBF, 0xC0, 0x00, 0x00, 0xFE, 0x00, 0x00, 0x00, 0xBF,
    0xC0, 0x00, 0x0B, 0xFF, 0xFF, 0xFF, 0xFF, 0xFF, 0xC0, 0x00, 0x7F, 0xFF, 0xFF, 0xFF, 0xFF, 0xFF,
    0xF4, 0x00, 0xFF, 0xF8, 0x00, 0x00, 0x00, 0x2F, 0xFF, 0x00, 0xFF, 0xE0, 0x00, 0x00, 0x00, 0x03,
    0xFF, 0x00, 0xFF, 0x80, 0x00, 0x00, 0x00, 0x00, 0xFF, 0x00, 0xFF, 0x00, 0x00, 0x00, 0x00, 0x00,
    0xBF, 0x00, 0xFC, 0x00, 0x00, 0x00, 0x00, 0x00, 0x3F, 0x00, 0xFC, 0x00, 0x00, 0x00, 0x00, 0x00,
    0x2F, 0x00, 0xF8, 0x00, 0x00, 0x00, 0x00, 0x00, 0x0F, 0x00, 0xF8, 0x00, 0x00, 0x00, 0x00, 0x00,
    0x0F, 0x00, 0x00, 0x00, 0x00, 0x00, 0x00, 0x00, 0x00, 0x00, 0xAA, 0xAA, 0xAA, 0xAA, 0xAA, 0x00,
    0xBF, 0xFF, 0xFF, 0xFF, 0xFF, 0x00, 0x0B, 0xFE, 0x55, 0x55, 0xBF, 0x00, 0x02, 0xFE, 0x00, 0x00,
    0x3F, 0x00, 0x02, 0xFE, 0x00, 0x00, 0x2F, 0x00, 0x02, 0xFE, 0x00, 0x00, 0x2F, 0x00, 0x02, 0xFE,
    0x00, 0x00, 0x0A, 0x00, 0x02, 0xFE, 0x00, 0x00, 0x00, 0x00, 0x02, 0xFE, 0x00, 0x00, 0x00, 0x00,
    0x02, 0xFE, 0x00, 0x03, 0xC0, 0x00, 0x02, 0xFE, 0x00, 0x0B, 0xC0, 0x00, 0x02, 0xFE, 0x00, 0x0B,
    0xC0, 0x00, 0x02, 0xFF, 0xAA, 0xAF, 0xC0, 0x00, 0x02, 0xFF, 0xFF, 0xFF, 0xC0, 0x00, 0x02, 0xFF,
    0xAA, 0xAF, 0xC0, 0x00, 0x02, 0xFE, 0x00, 0x0B, 0xC0, 0x00, 0x02, 0xFE, 0x00, 0x0B, 0xC0, 0x00,
    0x02, 0xFE, 0x00, 0x03, 0xC0, 0x00, 0x02, 0xFE, 0x00, 0x00, 0x00, 0x00, 0x02, 0xFE, 0x00, 0x00,
    0x00, 0x00, 0x02, 0xFE, 0x00, 0x00, 0x00, 0x00, 0x02, 0xFE, 0x00, 0x00, 0x03, 0xE0, 0x02, 0xFE,
    0x00, 0x00, 0x03, 0xE0, 0x02, 0xFE, 0x00, 0x00, 0x03, 0xE0, 0x02, 0xFE, 0x00, 0x00, 0x03, 0xE0,
    0x03, 0xFE, 0x00, 0x00, 0x0F, 0xE0, 0xBF, 0xFF, 0xFF, 0xFF, 0xFF, 0xE0, 0xBF, 0xFF, 0xFF, 0xFF,
    0xFF, 0xE0, 0x00, 0x00, 0x00, 0x00, 0x00, 0x00, 0x00, 0x00, 0x40, 0x00, 0x2F, 0xFC, 0x00, 0x2A,
    0xAA, 0xA9, 0x00, 0x2F, 0xFC, 0x00, 0x3F, 0xFF, 0x40, 0x3F, 0xFF, 0xFE, 0x00, 0xFF, 0xFF, 0x00,
    0x3F, 0xFF, 0xC0, 0x02, 0xFF, 0xD0, 0x02, 0xFF, 0xFF, 0x00, 0x3F, 0xE7, 0xE0, 0x00, 0xFF, 0x80,
    0x03, 0xF2, 0xFE, 0x00, 0x08, 0x02, 0xF0, 0x00, 0xFF, 0x80, 0x0B, 0xC0, 0x28, 0x00, 0x00, 0x00,
    0xF0, 0x00, 0xFF, 0x80, 0x0F, 0x80, 0x00, 0x00, 0x00, 0x00, 0xF8, 0x00, 0xFF, 0x80, 0x0F, 0x00,
    0x00, 0x00, 0x00, 0x00, 0xBC, 0x00, 0xFF, 0x80, 0x0F, 0x00, 0x00, 0x00, 0x00, 0x00, 0x3C, 0x00,
    0xFF, 0x80, 0x2F, 0x00, 0x00, 0x00, 0x00, 0x00, 0x3E, 0x00, 0xFF, 0x80, 0x3E, 0x00, 0x00, 0x00,
    0x00, 0x00, 0x2F, 0x00, 0xFF, 0x80, 0xBC, 0x00, 0x00, 0x00, 0x00, 0x00, 0x0F, 0xC0, 0xFF, 0x80,
    0xF8, 0x00, 0x00, 0x00, 0x00, 0x00, 0x0B, 0xE0, 0xFF, 0x83, 0xF0, 0x00, 0x00, 0x00, 0x00, 0x00,
    0x03, 0xFE, 0xFF, 0xEF, 0xC0, 0x00, 0x00, 0x00, 0x00, 0x00, 0x00, 0xFF, 0xFF, 0xFF, 0x80, 0x00,
    0x00, 0x00, 0x00, 0x00, 0x0B, 0xFF, 0xFF, 0xFF, 0xF4, 0x00, 0x00, 0x00, 0x00, 0x00, 0x3F, 0xF0,
    0xFF, 0x8B, 0xFE, 0x00, 0x00, 0x00, 0x00, 0x00, 0xBF, 0xC0, 0xFF, 0x83, 0xFF, 0x00, 0x00, 0x00,
    0x00, 0x00, 0xFF, 0x80, 0xFF, 0x80, 0xFF, 0x80, 0x00, 0x00, 0x00, 0x03, 0xFF, 0x00, 0xFF, 0x80,
    0xBF, 0xC0, 0x00, 0x00, 0x00, 0x0B, 0xFD, 0x00, 0xFF, 0x80, 0x3F, 0xF0, 0x00, 0x00, 0x00, 0x0F,
    0xFC, 0x00, 0xFF, 0x80, 0x0F, 0xF8, 0x00, 0x00, 0x00, 0x2F, 0xF0, 0x00, 0xFF, 0x80, 0x0B, 0xFC,
    0x00, 0x00, 0x00, 0x3F, 0xE0, 0x00, 0xFF, 0x80, 0x03, 0xFF, 0x00, 0x00, 0x00, 0xFF, 0xC0, 0x00,
    0xFF, 0x80, 0x00, 0xFF, 0x80, 0x00, 0x02, 0xFF, 0x00, 0x01, 0xFF, 0xC0, 0x00, 0xBF, 0xC0, 0x00,
    0xBF, 0xFE, 0x00, 0x3F, 0xFF, 0xFE, 0x00, 0x3F, 0xFF, 0x00, 0xBF, 0xFD, 0x00, 0x3F, 0xFF, 0xFE,
    0x00, 0x3F, 0xFF, 0x00, 0x00, 0x00, 0x10, 0x00, 0x00, 0x02, 0xBF, 0xFF, 0xF8, 0x00, 0x2F, 0xFF,
    0xFF, 0xFF, 0x00, 0x3F, 0xF4, 0x02, 0xFF, 0xC0, 0x3F, 0xC0, 0x00, 0x3F, 0xF0, 0x3F, 0x00, 0x00,
    0x0F, 0xF8, 0x3F, 0x00, 0x00, 0x0F, 0xF8, 0x3F, 0x00, 0x00, 0x0B, 0xFC, 0x3E, 0x00, 0x00, 0x0B,
    0xF8, 0x00, 0x00, 0x00, 0x0B, 0xF4, 0x00, 0x00, 0x00, 0x0F, 0xF0, 0x00, 0x00, 0x00, 0x2F, 0xC0,
    0x00, 0x00, 0x00, 0xFF, 0x00, 0x00, 0x02, 0xAF, 0xF8, 0x00, 0x00, 0x03, 0xFF, 0xE0, 0x00, 0x00,
    0x03, 0xFF, 0xFF, 0x40, 0x00, 0x00, 0x00, 0xBF, 0xF0, 0x00, 0x00, 0x00, 0x0F, 0xF8, 0x00, 0x00,
    0x00, 0x03, 0xFC, 0x00, 0x00, 0x00, 0x02, 0xFE, 0x00, 0x00, 0x00, 0x01, 0xFF, 0x28, 0x00, 0x00,
    0x01, 0xFF, 0xBC, 0x00, 0x00, 0x02, 0xFF, 0xBE, 0x00, 0x00, 0x03, 0xFE, 0xBE, 0x00, 0x00, 0x07,
    0xFC, 0xBF, 0x00, 0x00, 0x0F, 0xFC, 0xBF, 0xC0, 0x00, 0xBF, 0xF0, 0xBF, 0xFE, 0xAB, 0xFF, 0xC0,
    0x2B, 0xFF, 0xFF, 0xFD, 0x00, 0x00, 0x06, 0xAA, 0x00, 0x00, 0xAA, 0xAA, 0xA8, 0x00, 0xAA, 0xAA,
    0xA8, 0xBF, 0xFF, 0xFC, 0x00, 0xBF, 0xFF, 0xFC, 0x0B, 0xFF, 0x40, 0x00, 0x03, 0xFF, 0x80, 0x02,
    0xFE, 0x00, 0x00, 0x01, 0xFF, 0x00, 0x02, 0xFE, 0x00, 0x00, 0x02, 0xFF, 0x00, 0x02, 0xFE, 0x00,
    0x00, 0x03, 0xFF, 0x00, 0x02, 0xFE, 0x00, 0x00, 0x0F, 0xFF, 0x00, 0x02, 0xFE, 0x00, 0x00, 0x3F,
    0xFF, 0x00, 0x02, 0xFE, 0x00, 0x00, 0xFF, 0xFF, 0x00, 0x02, 0xFE, 0x00, 0x02, 0xFE, 0xFF, 0x00,
    0x02, 0xFE, 0x00, 0x0B, 0xF1, 0xFF, 0x00, 0x02, 0xFE, 0x00, 0x0F, 0xC1, 0xFF, 0x00, 0x02, 0xFE,
    0x00, 0x3F, 0x01, 0xFF, 0x00, 0x02, 0xFE, 0x00, 0xFE, 0x01, 0xFF, 0x00, 0x02, 0xFE, 0x02, 0xF8,
    0x01, 0xFF, 0x00, 0x02, 0xFE, 0x0B, 0xF0, 0x01, 0xFF, 0x00, 0x02, 0xFE, 0x1F, 0xC0, 0x01, 0xFF,
    0x00, 0x02, 0xFE, 0x3F, 0x00, 0x01, 0xFF, 0x00, 0x02, 0xFE, 0xFD, 0x00, 0x01, 0xFF, 0x00, 0x02,
    0xFF, 0xF8, 0x00, 0x01, 0xFF, 0x00, 0x02, 0xFF, 0xE0, 0x00, 0x01, 0xFF, 0x00, 0x02, 0xFF, 0xC0,
    0x00, 0x01, 0xFF, 0x00, 0x02, 0xFF, 0x00, 0x00, 0x01, 0xFF, 0x00, 0x02, 0xFE, 0x00, 0x00, 0x01,
    0xFF, 0x00, 0x02, 0xFE, 0x00, 0x00, 0x01, 0xFF, 0x00, 0x03, 0xFF, 0x00, 0x00, 0x02, 0xFF, 0x40,
    0xBF, 0xFF, 0xFC, 0x00, 0xBF, 0xFF, 0xFC, 0xBF, 0xFF, 0xFC, 0x00, 0xBF, 0xFF, 0xFC, 0x00, 0x00,
    0x00, 0x00, 0x00, 0x00, 0x00, 0x00, 0x00, 0xFE, 0x00, 0xFC, 0x00, 0x00, 0x00, 0x00, 0xFF, 0x02,
    0xFD, 0x00, 0x00, 0x00, 0x00, 0xFC, 0x00, 0xBD, 0x00, 0x00, 0x00, 0x00, 0xF0, 0x00, 0x3C, 0x00,
    0x00, 0x00, 0x00, 0x3E, 0x02, 0xF4, 0x00, 0x00, 0x00, 0x00, 0x0B, 0xFF, 0xC0, 0x00, 0x00, 0x00,
    0x00, 0x00, 0x10, 0x00, 0x00, 0x00, 0x00, 0x00, 0x00, 0x00, 0x00, 0x00, 0x00, 0x00, 0x00, 0x00,
    0x00, 0x00, 0x00, 0x00, 0xAA, 0xAA, 0xA8, 0x00, 0xAA, 0xAA, 0xA8, 0xBF, 0xFF, 0xFC, 0x00, 0xBF,
    0xFF, 0xFC, 0x0B, 0xFF, 0x40, 0x00, 0x03, 0xFF, 0x80, 0x02, 0xFE, 0x00, 0x00, 0x01, 0xFF, 0x00,
    0x02, 0xFE, 0x00, 0x00, 0x02, 0xFF, 0x00, 0x02, 0xFE, 0x00, 0x00, 0x03, 0xFF, 0x00, 0x02, 0xFE,
    0x00, 0x00, 0x0F, 0xFF, 0x00, 0x02, 0xFE, 0x00, 0x00, 0x3F, 0xFF, 0x00, 0x02, 0xFE, 0x00, 0x00,
    0xFF, 0xFF, 0x00, 0x02, 0xFE, 0x00, 0x02, 0xFE, 0xFF, 0x00, 0x02, 0xFE, 0x00, 0x0B, 0xF1, 0xFF,
    0x00, 0x02, 0xFE, 0x00, 0x0F, 0xC1, 0xFF, 0x00, 0x02, 0xFE, 0x00, 0x3F, 0x01, 0xFF, 0x00, 0x02,
    0xFE, 0x00, 0xFE, 0x01, 0xFF, 0x00, 0x02, 0xFE, 0x02, 0xF8, 0x01, 0xFF, 0x00, 0x02, 0xFE, 0x0B,
    0xF0, 0x01, 0xFF, 0x00, 0x02, 0xFE, 0x1F, 0xC0, 0x01, 0xFF, 0x00, 0x02, 0xFE, 0x3F, 0x00, 0x01,
    0xFF, 0x00, 0x02, 0xFE, 0xFD, 0x00, 0x01, 0xFF, 0x00, 0x02, 0xFF, 0xF8, 0x00, 0x01, 0xFF, 0x00,
    0x02, 0xFF, 0xE0, 0x00, 0x01, 0xFF, 0x00, 0x02, 0xFF, 0xC0, 0x00, 0x01, 0xFF, 0x00, 0x02, 0xFF,
    0x00, 0x00, 0x01, 0xFF, 0x00, 0x02, 0xFE, 0x00, 0x00, 0x01, 0xFF, 0x00, 0x02, 0xFE, 0x00, 0x00,
    0x01, 0xFF, 0x00, 0x03, 0xFF, 0x00, 0x00, 0x02, 0xFF, 0x40, 0xBF, 0xFF, 0xFC, 0x00, 0xBF, 0xFF,
    0xFC, 0xBF, 0xFF, 0xFC, 0x00, 0xBF, 0xFF, 0xFC, 0x00, 0x00, 0x00, 0x00, 0x00, 0x10, 0x00, 0xAA,
    0xAA, 0xA8, 0x00, 0x0B, 0xFF, 0x00, 0xBF, 0xFF, 0xFC, 0x00, 0x3F, 0xFF, 0xC0, 0x0B, 0xFF, 0x80,
    0x00, 0xBF, 0xFF, 0xC0, 0x02, 0xFE, 0x00, 0x00, 0xFC, 0xBF, 0x80, 0x02, 0xFE, 0x00, 0x02, 0xF0,
    0x0A, 0x00, 0x02, 0xFE, 0x00, 0x03, 0xE0, 0x00, 0x00, 0x02, 0xFE, 0x00, 0x03, 0xC0, 0x00, 0x00,
    0x02, 0xFE, 0x00, 0x0B, 0xC0, 0x00, 0x00, 0x02, 0xFE, 0x00, 0x0F, 0x80, 0x00, 0x00, 0x02, 0xFE,
    0x00, 0x0F, 0x00, 0x00, 0x00, 0x02, 0xFE, 0x00, 0x3F, 0x00, 0x00, 0x00, 0x02, 0xFE, 0x00, 0xBE,
    0x00, 0x00, 0x00, 0x02, 0xFE, 0x03, 0xFC, 0x00, 0x00, 0x00, 0x02, 0xFF, 0xBF, 0xF0, 0x00, 0x00,
    0x00, 0x02, 0xFF, 0xFF, 0xC0, 0x00, 0x00, 0x00, 0x02, 0xFF, 0xFF, 0xF8, 0x00, 0x00, 0x00, 0x02,
    0xFE, 0x0B, 0xFE, 0x00, 0x00, 0x00, 0x02, 0xFE, 0x00, 0xFF, 0x00, 0x00, 0x00, 0x02, 0xFE, 0x00,
    0xBF, 0xC0, 0x00, 0x00, 0x02, 0xFE, 0x00, 0x3F, 0xE0, 0x00, 0x00, 0x02, 0xFE, 0x00, 0x0F, 0xF4,
    0x00, 0x00, 0x02, 0xFE, 0x00, 0x0B, 0xFC, 0x00, 0x00, 0x02, 0xFE, 0x00, 0x03, 0xFF, 0x00, 0x00,
    0x02, 0xFE, 0x00, 0x00, 0xFF, 0x80, 0x00, 0x02, 0xFE, 0x00, 0x00, 0x7F, 0xC0, 0x00, 0x03, 0xFF,
    0x00, 0x00, 0x2F, 0xF0, 0x00, 0xBF, 0xFF, 0xFC, 0x00, 0x0F, 0xFF, 0xC0, 0xBF, 0xFF, 0xFC, 0x00,
    0x0F, 0xFF, 0xC0, 0x00, 0x02, 0xAA, 0xAA, 0xAA, 0xAA, 0xAA, 0x00, 0x00, 0x0B, 0xFF, 0xFF, 0xFF,
    0xFF, 0xFF, 0x00, 0x00, 0x00, 0x2F, 0xEA, 0xAA, 0xBF, 0xE0, 0x00, 0x00, 0x00, 0x0F, 0x80, 0x00,
    0x3F, 0xC0, 0x00, 0x00, 0x00, 0x0F, 0x80, 0x00, 0x3F, 0xC0, 0x00, 0x00, 0x00, 0x0F, 0x80, 0x00,
    0x3F, 0xC0, 0x00, 0x00, 0x00, 0x0F, 0x80, 0x00, 0x3F, 0xC0, 0x00, 0x00, 0x00, 0x0F, 0x80, 0x00,
    0x3F, 0xC0, 0x00, 0x00, 0x00, 0x0F, 0x80, 0x00, 0x3F, 0xC0, 0x00, 0x00, 0x00, 0x0F, 0x80, 0x00,
    0x3F, 0xC0, 0x00, 0x00, 0x00, 0x0F, 0x80, 0x00, 0x3F, 0xC0, 0x00, 0x00, 0x00, 0x0F, 0x80, 0x00,
    0x3F, 0xC0, 0x00, 0x00, 0x00, 0x0F, 0x80, 0x00, 0x3F, 0xC0, 0x00, 0x00, 0x00, 0x0F, 0x40, 0x00,
    0x3F, 0xC0, 0x00, 0x00, 0x00, 0x1F, 0x00, 0x00, 0x3F, 0xC0, 0x00, 0x00, 0x00, 0x2F, 0x00, 0x00,
    0x3F, 0xC0, 0x00, 0x00, 0x00, 0x2F, 0x00, 0x00, 0x3F, 0xC0, 0x00, 0x00, 0x00, 0x2F, 0x00, 0x00,
    0x3F, 0xC0, 0x00, 0x00, 0x00, 0x3F, 0x00, 0x00, 0x3F, 0xC0, 0x00, 0x00, 0x00, 0x3E, 0x00, 0x00,
    0x3F, 0xC0, 0x00, 0x00, 0x00, 0x3E, 0x00, 0x00, 0x3F, 0xC0, 0x00, 0x00, 0x00, 0xBC, 0x00, 0x00,
    0x3F, 0xC0, 0x00, 0x00, 0x00, 0xFC, 0x00, 0x00, 0x3F, 0xC0, 0x00, 0x00, 0x02, 0xF8, 0x00, 0x00,
    0x3F, 0xC0, 0x00, 0x7F, 0x83, 0xF0, 0x00, 0x00, 0x3F, 0xC0, 0x00, 0xFF, 0xFF, 0xE0, 0x00, 0x00,
    0xBF, 0xE0, 0x00, 0xFF, 0xFF, 0x80, 0x00, 0x2F, 0xFF, 0xFF, 0x00, 0x3F, 0xFD, 0x00, 0x00, 0x2F,
    0xFF, 0xFF, 0x00, 0x0A, 0x40, 0x00, 0x00, 0x00, 0x00, 0x00, 0x00, 0xAA, 0xAA, 0x80, 0x00, 0x00,
    0x00, 0xAA, 0xAA, 0x90, 0xFF, 0xFF, 0xE0, 0x00, 0x00, 0x00, 0xFF, 0xFF, 0xE0, 0x07, 0xFF, 0xF0,
    0x00, 0x00, 0x00, 0xFF, 0xFD, 0x00, 0x02, 0xFF, 0xF0, 0x00, 0x00, 0x02, 0xFF, 0xF8, 0x00, 0x02,
    0xFB, 0xF8, 0x00, 0x00, 0x03, 0xEB, 0xF8, 0x00, 0x02, 0xF3, 0xFC, 0x00, 0x00, 0x07, 0xDB, 0xF8,
    0x00, 0x02, 0xF3, 0xFC, 0x00, 0x00, 0x0B, 0xCB, 0xF8, 0x00, 0x02, 0xF2, 0xFE, 0x00, 0x00, 0x0F,
    0x8B, 0xF8, 0x00, 0x02, 0xF0, 0xFF, 0x00, 0x00, 0x2F, 0x0B, 0xF8, 0x00, 0x02, 0xF0, 0xFF, 0x80,
    0x00, 0x3F, 0x0B, 0xF8, 0x00, 0x02, 0xF0, 0xBF, 0xC0, 0x00, 0x3E, 0x0B, 0xF8, 0x00, 0x02, 0xF0,
    0x3F, 0xC0, 0x00, 0xBC, 0x0B, 0xF8, 0x00, 0x02, 0xF0, 0x3F, 0xE0, 0x00, 0xFC, 0x0B, 0xF8, 0x00,
    0x02, 0xF0, 0x2F, 0xF0, 0x00, 0xF4, 0x0B, 0xF8, 0x00, 0x02, 0xF0, 0x0F, 0xF0, 0x02, 0xF0, 0x0B,
    0xF8, 0x00, 0x02, 0xF0, 0x0B, 0xF8, 0x03, 0xE0, 0x0B, 0xF8, 0x00, 0x02, 0xF0, 0x03, 0xFC, 0x0B,
    0xC0, 0x0B, 0xF8, 0x00, 0x02, 0xF0, 0x03, 0xFD, 0x0F, 0xC0, 0x0B, 0xF8, 0x00, 0x02, 0xF0, 0x02,
    0xFF, 0x0F, 0x80, 0x0B, 0xF8, 0x00, 0x02, 0xF0, 0x00, 0xFF, 0x2F, 0x00, 0x0B, 0xF8, 0x00, 0x02,
    0xF0, 0x00, 0xFF, 0xBF, 0x00, 0x0B, 0xF8, 0x00, 0x02, 0xF0, 0x00, 0xBF, 0xFE, 0x00, 0x0B, 0xF8,
    0x00, 0x02, 0xF0, 0x00, 0x3F, 0xFC, 0x00, 0x0B, 0xF8, 0x00, 0x02, 0xF0, 0x00, 0x3F, 0xF8, 0x00,
    0x0B, 0xF8, 0x00, 0x02, 0xF0, 0x00, 0x2F, 0xF0, 0x00, 0x0B, 0xF8, 0x00, 0x03, 0xF0, 0x00, 0x0F,
    0xF0, 0x00, 0x0F, 0xFC, 0x00, 0xFF, 0xFF, 0xC0, 0x0B, 0xE0, 0x03, 0xFF, 0xFF, 0xE0, 0xFF, 0xFF,
    0xC0, 0x03, 0xC0, 0x03, 0xFF, 0xFF, 0xE0, 0xAA, 0xAA, 0xA8, 0x00, 0x0A, 0xAA, 0xAA, 0x00, 0xBF,
    0xFF, 0xFC, 0x00, 0x0F, 0xFF, 0xFF, 0x00, 0x0B, 0xFF, 0x40, 0x00, 0x00, 0xBF, 0xF0, 0x00, 0x02,
    0xFE, 0x00, 0x00, 0x00, 0x3F, 0xC0, 0x00, 0x02, 0xFE, 0x00, 0x00, 0x00, 0x3F, 0xC0, 0x00, 0x02,
    0xFE, 0x00, 0x00, 0x00, 0x3F, 0xC0, 0x00, 0x02, 0xFE, 0x00, 0x00, 0x00, 0x3F, 0xC0, 0x00, 0x02,
    0xFE, 0x00, 0x00, 0x00, 0x3F, 0xC0, 0x00, 0x02, 0xFE, 0x00, 0x00, 0x00, 0x3F, 0xC0, 0x00, 0x02,
    0xFE, 0x00, 0x00, 0x00, 0x3F, 0xC0, 0x00, 0x02, 0xFE, 0x00, 0x00, 0x00, 0x3F, 0xC0, 0x00, 0x02,
    0xFE, 0x00, 0x00, 0x00, 0x3F, 0xC0, 0x00, 0x02, 0xFF, 0xAA, 0xAA, 0xAA, 0xBF, 0xC0, 0x00, 0x02,
    0xFF, 0xFF, 0xFF, 0xFF, 0xFF, 0xC0, 0x00, 0x02, 0xFF, 0xAA, 0xAA, 0xAA, 0xBF, 0xC0, 0x00, 0x02,
    0xFE, 0x00, 0x00, 0x00, 0x3F, 0xC0, 0x00, 0x02, 0xFE, 0x00, 0x00, 0x00, 0x3F, 0xC0, 0x00, 0x02,
    0xFE, 0x00, 0x00, 0x00, 0x3F, 0xC0, 0x00, 0x02, 0xFE, 0x00, 0x00, 0x00, 0x3F, 0xC0, 0x00, 0x02,
    0xFE, 0x00, 0x00, 0x00, 0x3F, 0xC0, 0x00, 0x02, 0xFE, 0x00, 0x00, 0x00, 0x3F, 0xC0, 0x00, 0x02,
    0xFE, 0x00, 0x00, 0x00, 0x3F, 0xC0, 0x00, 0x02, 0xFE, 0x00, 0x00, 0x00, 0x3F, 0xC0, 0x00, 0x02,
    0xFE, 0x00, 0x00, 0x00, 0x3F, 0xC0, 0x00, 0x02, 0xFE, 0x00, 0x00, 0x00, 0x3F, 0xC0, 0x00, 0x03,
    0xFF, 0x00, 0x00, 0x00, 0xBF, 0xE0, 0x00, 0xBF, 0xFF, 0xFC, 0x00, 0x0F, 0xFF, 0xFF, 0x00, 0xBF,
    0xFF, 0xFC, 0x00, 0x0F, 0xFF, 0xFF, 0x00, 0x00, 0x00, 0x00, 0x00, 0x00, 0x00, 0x00, 0x00, 0x00,
    0x2F, 0xFF, 0xF8, 0x00, 0x00, 0x00, 0x03, 0xFF, 0xFF, 0xFF, 0xC0, 0x00, 0x00, 0x2F, 0xFE, 0x00,
    0xBF, 0xF4, 0x00, 0x00, 0xBF, 0xE0, 0x00, 0x0B, 0xFE, 0x00, 0x01, 0xFF, 0x80, 0x00, 0x02, 0xFF,
    0x00, 0x03, 0xFE, 0x00, 0x00, 0x00, 0xFF, 0xC0, 0x0B, 0xFC, 0x00, 0x00, 0x00, 0x3F, 0xE0, 0x0F,
    0xF8, 0x00, 0x00, 0x00, 0x3F, 0xF0, 0x2F, 0xF0, 0x00, 0x00, 0x00, 0x0F, 0xF8, 0x3F, 0xF0, 0x00,
    0x00, 0x00, 0x0F, 0xFC, 0x3F, 0xF0, 0x00, 0x00, 0x00, 0x0F, 0xFC, 0x3F, 0xE0, 0x00, 0x00, 0x00,
    0x0B, 0xFC, 0x3F, 0xE0, 0x00, 0x00, 0x00, 0x0B, 0xFC, 0xBF, 0xE0, 0x00, 0x00, 0x00, 0x0B, 0xFD,
    0xBF, 0xE0, 0x00, 0x00, 0x00, 0x0B, 0xFD, 0x7F, 0xE0, 0x00, 0x00, 0x00, 0x0B, 0xFC, 0x3F, 0xE0,
    0x00, 0x00, 0x00, 0x0B, 0xFC, 0x3F, 0xE0, 0x00, 0x00, 0x00, 0x0F, 0xFC, 0x3F, 0xF0, 0x00, 0x00,
    0x00, 0x0F, 0xFC, 0x2F, 0xF0, 0x00, 0x00, 0x00, 0x0F, 0xF8, 0x0F, 0xF8, 0x00, 0x00, 0x00, 0x2F,
    0xF0, 0x0F, 0xFC, 0x00, 0x00, 0x00, 0x3F, 0xE0, 0x03, 0xFE, 0x00, 0x00, 0x00, 0xBF, 0xC0, 0x02,
    0xFF, 0x40, 0x00, 0x02, 0xFF, 0x80, 0x00, 0xBF, 0xC0, 0x00, 0x07, 0xFE, 0x00, 0x00, 0x2F, 0xF8,
    0x00, 0x2F, 0xF8, 0x00, 0x00, 0x07, 0xFF, 0xFF, 0xFF, 0xC0, 0x00, 0x00, 0x00, 0xBF, 0xFF, 0xFE,
    0x00, 0x00, 0x00, 0x00, 0x01, 0xAA, 0x00, 0x00, 0x00, 0xAA, 0xAA, 0xAA, 0xAA, 0xAA, 0xAA, 0xA9,
    0xBF, 0xFF, 0xFF, 0xFF, 0xFF, 0xFF, 0xFE, 0x0B, 0xFF, 0xAA, 0xAA, 0xAA, 0xFF, 0xD0, 0x03, 0xFE,
    0x00, 0x00, 0x00, 0xFF, 0x80, 0x03, 0xFE, 0x00, 0x00, 0x00, 0xFF, 0x80, 0x03, 0xFE, 0x00, 0x00,
    0x00, 0xFF, 0x80, 0x03, 0xFE, 0x00, 0x00, 0x00, 0xFF, 0x80, 0x03, 0xFE, 0x00, 0x00, 0x00, 0xFF,
    0x80, 0x03, 0xFE, 0x00, 0x00, 0x00, 0xFF, 0x80, 0x03, 0xFE, 0x00, 0x00, 0x00, 0xFF, 0x80, 0x03,
    0xFE, 0x00, 0x00, 0x00, 0xFF, 0x80, 0x03, 0xFE, 0x00, 0x00, 0x00, 0xFF, 0x80, 0x03, 0xFE, 0x00,
    0x00, 0x00, 0xFF, 0x80, 0x03, 0xFE, 0x00, 0x00, 0x00, 0xFF, 0x80, 0x03, 0xFE, 0x00, 0x00, 0x00,
    0xFF, 0x80, 0x03, 0xFE, 0x00, 0x00, 0x00, 0xFF, 0x80, 0x03, 0xFE, 0x00, 0x00, 0x00, 0xFF, 0x80,
    0x03, 0xFE, 0x00, 0x00, 0x00, 0xFF, 0x80, 0x03, 0xFE, 0x00, 0x00, 0x00, 0xFF, 0x80, 0x03, 0xFE,
    0x00, 0x00, 0x00, 0xFF, 0x80, 0x03, 0xFE, 0x00, 0x00, 0x00, 0xFF, 0x80, 0x03, 0xFE, 0x00, 0x00,
    0x00, 0xFF, 0x80, 0x03, 0xFE, 0x00, 0x00, 0x00, 0xFF, 0x80, 0x03, 0xFE, 0x00, 0x00, 0x00, 0xFF,
    0x80, 0x03, 0xFE, 0x00, 0x00, 0x00, 0xFF, 0x80, 0x03, 0xFF, 0x00, 0x00, 0x00, 0xFF, 0xC0, 0xBF,
    0xFF, 0xFC, 0x00, 0x3F, 0xFF, 0xFE, 0xBF, 0xFF, 0xFC, 0x00, 0x3F, 0xFF, 0xFE, 0x2A, 0xAA, 0xAA,
    0xA8, 0x00, 0x00, 0x3F, 0xFF, 0xFF, 0xFF, 0xF4, 0x00, 0x02, 0xFF, 0xEA, 0xBF, 0xFF, 0x00, 0x00,
    0xBF, 0x80, 0x02, 0xFF, 0xC0, 0x00, 0xBF, 0x80, 0x00, 0xBF, 0xE0, 0x00, 0xBF, 0x80, 0x00, 0x3F,
    0xF0, 0x00, 0xBF, 0x80, 0x00, 0x2F, 0xF0, 0x00, 0xBF, 0x80, 0x00, 0x0F, 0xF0, 0x00, 0xBF, 0x80,
    0x00, 0x0F, 0xF0, 0x00, 0xBF, 0x80, 0x00, 0x0F, 0xF0, 0x00, 0xBF, 0x80, 0x00, 0x1F, 0xF0, 0x00,
    0xBF, 0x80, 0x00, 0x2F, 0xF0, 0x00, 0xBF, 0x80, 0x00, 0x3F, 0xD0, 0x00, 0xBF, 0x80, 0x00, 0xFF,
    0xC0, 0x00, 0xBF, 0x80, 0x03, 0xFF, 0x00, 0x00, 0xBF, 0xEA, 0xBF, 0xFC, 0x00, 0x00, 0xBF, 0xFF,
    0xFF, 0xC0, 0x00, 0x00, 0xBF, 0xEA, 0xA0, 0x00, 0x00, 0x00, 0xBF, 0x80, 0x00, 0x00, 0x00, 0x00,
    0xBF, 0x80, 0x00, 0x00, 0x00, 0x00, 0xBF, 0x80, 0x00, 0x00, 0x00, 0x00, 0xBF, 0x80, 0x00, 0x00,
    0x00, 0x00, 0xBF, 0x80, 0x00, 0x00, 0x00, 0x00, 0xBF, 0x80, 0x00, 0x00, 0x00, 0x00, 0xBF, 0x80,
    0x00, 0x00, 0x00, 0x00, 0xFF, 0xC0, 0x00, 0x00, 0x00, 0x2F, 0xFF, 0xFF, 0x00, 0x00, 0x00, 0x2F,
    0xFF, 0xFF, 0x00, 0x00, 0x00, 0x00, 0x00, 0x00, 0x05, 0x00, 0x00, 0x00, 0x00, 0x2F, 0xFF, 0xFF,
    0x80, 0x00, 0x02, 0xFF, 0xFF, 0xFF, 0xFC, 0x00, 0x0F, 0xFF, 0x80, 0x2F, 0xFC, 0x00, 0x7F, 0xF0,
    0x00, 0x02, 0xFC, 0x00, 0xFF, 0xC0, 0x00, 0x00, 0xFC, 0x03, 0xFF, 0x00, 0x00, 0x00, 0xFC, 0x0B,
    0xFC, 0x00, 0x00, 0x00, 0xBC, 0x0F, 0xF8, 0x00, 0x00, 0x00, 0x7C, 0x2F, 0xF4, 0x00, 0x00, 0x00,
    0x00, 0x3F, 0xF0, 0x00, 0x00, 0x00, 0x00, 0x3F, 0xE0, 0x00, 0x00, 0x00, 0x00, 0x3F, 0xE0, 0x00,
    0x00, 0x00, 0x00, 0x7F, 0xE0, 0x00, 0x00, 0x00, 0x00, 0xBF, 0xE0, 0x00, 0x00, 0x00, 0x00, 0xBF,
    0xE0, 0x00, 0x00, 0x00, 0x00, 0x3F, 0xE0, 0x00, 0x00, 0x00, 0x00, 0x3F, 0xE0, 0x00, 0x00, 0x00,
    0x00, 0x3F, 0xE0, 0x00, 0x00, 0x00, 0x00, 0x3F, 0xF0, 0x00, 0x00, 0x00, 0x00, 0x2F, 0xF0, 0x00,
    0x00, 0x00, 0x00, 0x0F, 0xF8, 0x00, 0x00, 0x00, 0x7C, 0x0B, 0xFC, 0x00, 0x00, 0x00, 0xBC, 0x03,
    0xFF, 0x00, 0x00, 0x00, 0xFC, 0x00, 0xFF, 0xC0, 0x00, 0x00, 0xFC, 0x00, 0xBF, 0xF0, 0x00, 0x00,
    0xFC, 0x00, 0x0F, 0xFE, 0x00, 0x07, 0xFC, 0x00, 0x02, 0xFF, 0xFF, 0xFF, 0xFC, 0x00, 0x00, 0x2F,
    0xFF, 0xFF, 0xE0, 0x00, 0x00, 0x00, 0x6A, 0x80, 0x00, 0x2A, 0xAA, 0xAA, 0xAA, 0xAA, 0xAA, 0x00,
    0xBF, 0xFF, 0xFF, 0xFF, 0xFF, 0xFF, 0x00, 0xBF, 0xAA, 0xAF, 0xFA, 0xAA, 0xBF, 0x00, 0xBE, 0x00,
    0x0F, 0xF8, 0x00, 0x3F, 0x00, 0xBE, 0x00, 0x0F, 0xF8, 0x00, 0x3F, 0x00, 0xBC, 0x00, 0x0F, 0xF8,
    0x00, 0x3F, 0x00, 0xBC, 0x00, 0x0F, 0xF8, 0x00, 0x2F, 0x00, 0x00, 0x00, 0x0F, 0xF8, 0x00, 0x00,
    0x00, 0x00, 0x00, 0x0F, 0xF8, 0x00, 0x00, 0x00, 0x00, 0x00, 0x0F, 0xF8, 0x00, 0x00, 0x00, 0x00,
    0x00, 0x0F, 0xF8, 0x00, 0x00, 0x00, 0x00, 0x00, 0x0F, 0xF8, 0x00, 0x00, 0x00, 0x00, 0x00, 0x0F,
    0xF8, 0x00, 0x00, 0x00, 0x00, 0x00, 0x0F, 0xF8, 0x00, 0x00, 0x00, 0x00, 0x00, 0x0F, 0xF8, 0x00,
    0x00, 0x00, 0x00, 0x00, 0x0F, 0xF8, 0x00, 0x00, 0x00, 0x00, 0x00, 0x0F, 0xF8, 0x00, 0x00, 0x00,
    0x00, 0x00, 0x0F, 0xF8, 0x00, 0x00, 0x00, 0x00, 0x00, 0x0F, 0xF8, 0x00, 0x00, 0x00, 0x00, 0x00,
    0x0F, 0xF8, 0x00, 0x00, 0x00, 0x00, 0x00, 0x0F, 0xF8, 0x00, 0x00, 0x00, 0x00, 0x00, 0x0F, 0xF8,
    0x00, 0x00, 0x00, 0x00, 0x00, 0x0F, 0xF8, 0x00, 0x00, 0x00, 0x00, 0x00, 0x0F, 0xF8, 0x00, 0x00,
    0x00, 0x00, 0x00, 0x0F, 0xF8, 0x00, 0x00, 0x00, 0x00, 0x00, 0x0F, 0xFC, 0x00, 0x00, 0x00, 0x00,
    0x03, 0xFF, 0xFF, 0xF0, 0x00, 0x00, 0x00, 0x03, 0xFF, 0xFF, 0xF0, 0x00, 0x00, 0xAA, 0xAA, 0xAA,
    0x00, 0x02, 0xAA, 0xAA, 0x00, 0xFF, 0xFF, 0xFF, 0x00, 0x07, 0xFF, 0xFF, 0x80, 0x02, 0xFF, 0xC0,
    0x00, 0x00, 0x2F, 0xE4, 0x00, 0x00, 0xFF, 0xC0, 0x00, 0x00, 0x0F, 0xC0, 0x00, 0x00, 0xBF, 0xE0,
    0x00, 0x00, 0x3F, 0x40, 0x00, 0x00, 0x3F, 0xF0, 0x00, 0x00, 0x3F, 0x00, 0x00, 0x00, 0x2F, 0xF8,
    0x00, 0x00, 0xFE, 0x00, 0x00, 0x00, 0x0F, 0xFC, 0x00, 0x00, 0xFC, 0x00, 0x00, 0x00, 0x0B, 0xFE,
    0x00, 0x02, 0xF8, 0x00, 0x00, 0x00, 0x03, 0xFF, 0x00, 0x03, 0xF0, 0x00, 0x00, 0x00, 0x02, 0xFF,
    0x80, 0x0B, 0xE0, 0x00, 0x00, 0x00, 0x00, 0xFF, 0xC0, 0x0F, 0xC0, 0x00, 0x00, 0x00, 0x00, 0x7F,
    0xE0, 0x2F, 0x80, 0x00, 0x00, 0x00, 0x00, 0x3F, 0xF0, 0x3F, 0x00, 0x00, 0x00, 0x00, 0x00, 0x0F,
    0xF8, 0xBE, 0x00, 0x00, 0x00, 0x00, 0x00, 0x0F, 0xFC, 0xFC, 0x00, 0x00, 0x00, 0x00, 0x00, 0x03,
    0xFF, 0xF8, 0x00, 0x00, 0x00, 0x00, 0x00, 0x02, 0xFF, 0xF0, 0x00, 0x00, 0x00, 0x00, 0x00, 0x00,
    0xFF, 0xE0, 0x00, 0x00, 0x00, 0x00, 0x00, 0x00, 0xBF, 0xC0, 0x00, 0x00, 0x00, 0x00, 0x00, 0x00,
    0x3F, 0x80, 0x00, 0x00, 0x00, 0x00, 0x00, 0x00, 0x3F, 0x00, 0x00, 0x00, 0x00, 0x00, 0x00, 0x00,
    0xBE, 0x00, 0x00, 0x00, 0x00, 0x00, 0x0E, 0x00, 0xFC, 0x00, 0x00, 0x00, 0x00, 0x00, 0x3F, 0xE3,
    0xF8, 0x00, 0x00, 0x00, 0x00, 0x00, 0xBF, 0xFF, 0xF0, 0x00, 0x00, 0x00, 0x00, 0x00, 0xBF, 0xFF,
    0xC0, 0x00, 0x00, 0x00, 0x00, 0x00, 0x3F, 0xFE, 0x00, 0x00, 0x00, 0x00, 0x00, 0x00, 0x06, 0x90,
    0x00, 0x00, 0x00, 0x00, 0x00, 0x00, 0x00, 0x0A, 0xAA, 0xAA, 0x80, 0x00, 0x00, 0x00, 0x00, 0x0B,
    0xFF, 0xFF, 0xC0, 0x00, 0x00, 0x00, 0x00, 0x00, 0x3F, 0xF8, 0x00, 0x00, 0x00, 0x00, 0x00, 0x00,
    0x1F, 0xF0, 0x00, 0x00, 0x00, 0x00, 0x02, 0xFF, 0xAF, 0xF6, 0xFE, 0x80, 0x00, 0x00, 0x3F, 0xFF,
    0xFF, 0xFF, 0xFF, 0xF8, 0x00, 0x00, 0xFF, 0x80, 0x7F, 0xF8, 0x03, 0xFF, 0x00, 0x03, 0xFE, 0x00,
    0x0F, 0xF0, 0x00, 0xFF, 0xC0, 0x0F, 0xFC, 0x00, 0x0F, 0xF0, 0x00, 0x3F, 0xE0, 0x2F, 0xF0, 0x00,
    0x0F, 0xF0, 0x00, 0x3F, 0xF0, 0x3F, 0xF0, 0x00, 0x0F, 0xF0, 0x00, 0x1F, 0xF8, 0x3F, 0xE0, 0x00,
    0x0F, 0xF0, 0x00, 0x0F, 0xFC, 0x3F, 0xE0, 0x00, 0x0F, 0xF0, 0x00, 0x0F, 0xFC, 0xBF, 0xC0, 0x00,
    0x0F, 0xF0, 0x00, 0x0F, 0xFC, 0xBF, 0xC0, 0x00, 0x0F, 0xF0, 0x00, 0x0F, 0xFC, 0x3F, 0xD0, 0x00,
    0x0F, 0xF0, 0x00, 0x0F, 0xFC, 0x3F, 0xE0, 0x00, 0x0F, 0xF0, 0x00, 0x0F, 0xFC, 0x3F, 0xE0, 0x00,
    0x0F, 0xF0, 0x00, 0x0F, 0xF8, 0x2F, 0xF0, 0x00, 0x0F, 0xF0, 0x00, 0x2F, 0xF0, 0x0F, 0xF4, 0x00,
    0x0F, 0xF0, 0x00, 0x3F, 0xE0, 0x03, 0xFC, 0x00, 0x0F, 0xF0, 0x00, 0xBF, 0xC0, 0x00, 0xFF, 0x00,
    0x3F, 0xF8, 0x02, 0xFF, 0x00, 0x00, 0x3F, 0xFB, 0xFF, 0xFF, 0xFF, 0xF8, 0x00, 0x00, 0x02, 0xFF,
    0xAF, 0xFB, 0xFF, 0x80, 0x00, 0x00, 0x00, 0x00, 0x0F, 0xF0, 0x00, 0x00, 0x00, 0x00, 0x00, 0x00,
    0x2F, 0xF4, 0x00, 0x00, 0x00, 0x00, 0x00, 0x0B, 0xFF, 0xFF, 0xC0, 0x00, 0x00, 0x00, 0x00, 0x0B,
    0xFF, 0xFF, 0xC0, 0x00, 0x00, 0x2A, 0xAA, 0xA8, 0x00, 0x2A, 0xAA, 0x80, 0x3F, 0xFF, 0xFC, 0x00,
    0xBF, 0xFF, 0xC0, 0x0B, 0xFF, 0xD0, 0x00, 0x0B, 0xFE, 0x00, 0x00, 0xFF, 0xC0, 0x00, 0x03, 0xF0,
    0x00, 0x00, 0x3F, 0xE0, 0x00, 0x0F, 0xC0, 0x00, 0x00, 0x2F, 0xF0, 0x00, 0x2F, 0x80, 0x00, 0x00,
    0x0F, 0xFC, 0x00, 0x3F, 0x00, 0x00, 0x00, 0x07, 0xFE, 0x00, 0xFC, 0x00, 0x00, 0x00, 0x02, 0xFF,
    0x03, 0xF4, 0x00, 0x00, 0x00, 0x00, 0xFF, 0xCB, 0xE0, 0x00, 0x00, 0x00, 0x00, 0xBF, 0xFF, 0xC0,
    0x00, 0x00, 0x00, 0x00, 0x3F, 0xFF, 0x00, 0x00, 0x00, 0x00, 0x00, 0x0F, 0xFE, 0x00, 0x00, 0x00,
    0x00, 0x00, 0x0B, 0xFE, 0x00, 0x00, 0x00, 0x00, 0x00, 0x03, 0xFF, 0x00, 0x00, 0x00, 0x00, 0x00,
    0x0F, 0xFF, 0x80, 0x00, 0x00, 0x00, 0x00, 0x2F, 0xFF, 0xD0, 0x00, 0x00, 0x00, 0x00, 0x7F, 0x3F,
    0xF0, 0x00, 0x00, 0x00, 0x00, 0xFC, 0x1F, 0xF8, 0x00, 0x00, 0x00, 0x03, 0xF4, 0x0B, 0xFC, 0x00,
    0x00, 0x00, 0x0B, 0xE0, 0x03, 0xFF, 0x00, 0x00, 0x00, 0x0F, 0xC0, 0x02, 0xFF, 0x80, 0x00, 0x00,
    0x3F, 0x00, 0x00, 0xFF, 0xC0, 0x00, 0x00, 0xFE, 0x00, 0x00, 0x3F, 0xF0, 0x00, 0x02, 0xFC, 0x00,
    0x00, 0x2F, 0xF8, 0x00, 0x0B, 0xF8, 0x00, 0x00, 0x2F, 0xFE, 0x00, 0xBF, 0xFF, 0xC0, 0x03, 0xFF,
    0xFF, 0xE0, 0xBF, 0xFF, 0xC0, 0x03, 0xFF, 0xFF, 0xE0, 0xAA, 0xAA, 0xA8, 0x00, 0x2A, 0xAA, 0xA9,
    0xBF, 0xFF, 0xFC, 0x00, 0x3F, 0xFF, 0xFE, 0x0B, 0xFF, 0x40, 0x00, 0x02, 0xFF, 0xD0, 0x03, 0xFE,
    0x00, 0x00, 0x00, 0xFF, 0x80, 0x03, 0xFE, 0x00, 0x00, 0x00, 0xFF, 0x80, 0x03, 0xFE, 0x00, 0x00,
    0x00, 0xFF, 0x80, 0x03, 0xFE, 0x00, 0x00, 0x00, 0xFF, 0x80, 0x03, 0xFE, 0x00, 0x00, 0x00, 0xFF,
    0x80, 0x03, 0xFE, 0x00, 0x00, 0x00, 0xFF, 0x80, 0x03, 0xFE, 0x00, 0x00, 0x00, 0xFF, 0x80, 0x03,
    0xFE, 0x00, 0x00, 0x00, 0xFF, 0x80, 0x03, 0xFE, 0x00, 0x00, 0x00, 0xFF, 0x80, 0x03, 0xFE, 0x00,
    0x00, 0x00, 0xFF, 0x80, 0x03, 0xFE, 0x00, 0x00, 0x00, 0xFF, 0x80, 0x03, 0xFE, 0x00, 0x00, 0x00,
    0xFF, 0x80, 0x03, 0xFE, 0x00, 0x00, 0x00, 0xFF, 0x80, 0x03, 0xFE, 0x00, 0x00, 0x00, 0xFF, 0x80,
    0x03, 0xFE, 0x00, 0x00, 0x00, 0xFF, 0x80, 0x03, 0xFE, 0x00, 0x00, 0x00, 0xFF, 0x80, 0x03, 0xFE,
    0x00, 0x00, 0x00, 0xFF, 0x80, 0x03, 0xFE, 0x00, 0x00, 0x00, 0xFF, 0x80, 0x03, 0xFE, 0x00, 0x00,
    0x00, 0xFF, 0x80, 0x03, 0xFE, 0x00, 0x00, 0x00, 0xFF, 0x80, 0x03, 0xFE, 0x00, 0x00, 0x00, 0xFF,
    0x80, 0x03, 0xFE, 0x00, 0x00, 0x00, 0xFF, 0x80, 0x03, 0xFF, 0x00, 0x00, 0x02, 0xFF, 0xC0, 0xBF,
    0xFF, 0xFF, 0xFF, 0xFF, 0xFF, 0xFE, 0xBF, 0xFF, 0xFF, 0xFF, 0xFF, 0xFF, 0xFE, 0x00, 0x00, 0x00,
    0x00, 0x00, 0x7F, 0xFE, 0x00, 0x00, 0x00, 0x00, 0x00, 0x0B, 0xFE, 0x00, 0x00, 0x00, 0x00, 0x00,
    0x02, 0xFE, 0x00, 0x00, 0x00, 0x00, 0x00, 0x00, 0xFE, 0x00, 0x00, 0x00, 0x00, 0x00, 0x00, 0x3E,
    0x00, 0x00, 0x00, 0x00, 0x00, 0x00, 0x3E, 0x00, 0x00, 0x00, 0x00, 0x00, 0x00, 0x3E, 0x00, 0x00,
    0x00, 0x00, 0x00, 0x00, 0x3E, 0x00, 0x00, 0x00, 0x00, 0x00, 0x00, 0x00, 0xAA, 0xAA, 0xA0, 0x02,
    0xAA, 0xAA, 0x80, 0xFF, 0xFF, 0xF8, 0x0B, 0xFF, 0xFF, 0xC0, 0x0B, 0xFF, 0x40, 0x00, 0x7F, 0xF4,
    0x00, 0x02, 0xFE, 0x00, 0x00, 0x2F, 0xE0, 0x00, 0x02, 0xFE, 0x00, 0x00, 0x2F, 0xE0, 0x00, 0x02,
    0xFE, 0x00, 0x00, 0x2F, 0xE0, 0x00, 0x02, 0xFE, 0x00, 0x00, 0x2F, 0xE0, 0x00, 0x02, 0xFE, 0x00,
    0x00, 0x2F, 0xE0, 0x00, 0x02, 0xFE, 0x00, 0x00, 0x2F, 0xE0, 0x00, 0x02, 0xFE, 0x00, 0x00, 0x2F,
    0xE0, 0x00, 0x02, 0xFE, 0x00, 0x00, 0x2F, 0xE0, 0x00, 0x02, 0xFE, 0x00, 0x00, 0x2F, 0xE0, 0x00,
    0x02, 0xFF, 0x00, 0x00, 0x3F, 0xE0, 0x00, 0x02, 0xFF, 0x80, 0x0B, 0xFF, 0xE0, 0x00, 0x00, 0xFF,
    0xFA, 0xFF, 0xFF, 0xE0, 0x00, 0x00, 0xFF, 0xFF, 0xFF, 0xBF, 0xE0, 0x00, 0x00, 0x3F, 0xFF, 0xF8,
    0x2F, 0xE0, 0x00, 0x00, 0x02, 0xFE, 0x00, 0x2F, 0xE0, 0x00, 0x00, 0x00, 0x00, 0x00, 0x2F, 0xE0,
    0x00, 0x00, 0x00, 0x00, 0x00, 0x2F, 0xE0, 0x00, 0x00, 0x00, 0x00, 0x00, 0x2F, 0xE0, 0x00, 0x00,
    0x00, 0x00, 0x00, 0x2F, 0xE0, 0x00, 0x00, 0x00, 0x00, 0x00, 0x2F, 0xE0, 0x00, 0x00, 0x00, 0x00,
    0x00, 0x2F, 0xE0, 0x00, 0x00, 0x00, 0x00, 0x00, 0x2F, 0xE0, 0x00, 0x00, 0x00, 0x00, 0x00, 0x3F,
    0xF0, 0x00, 0x00, 0x00, 0x00, 0x0B, 0xFF, 0xFF, 0xC0, 0x00, 0x00, 0x00, 0x0B, 0xFF, 0xFF, 0x80,
    0xAA, 0xAA, 0xA8, 0x1A, 0xAA, 0xAA, 0x02, 0xAA, 0xAA, 0x80, 0xBF, 0xFF, 0xFC, 0x2F, 0xFF, 0xFF,
    0x03, 0xFF, 0xFF, 0xE0, 0x0B, 0xFF, 0x40, 0x00, 0xFF, 0xE0, 0x00, 0x2F, 0xFC, 0x00, 0x03, 0xFE,
    0x00, 0x00, 0x3F, 0xC0, 0x00, 0x0F, 0xF8, 0x00, 0x03, 0xFE, 0x00, 0x00, 0x3F, 0xC0, 0x00, 0x0F,
    0xF8, 0x00, 0x03, 0xFE, 0x00, 0x00, 0x3F, 0xC0, 0x00, 0x0F, 0xF8, 0x00, 0x03, 0xFE, 0x00, 0x00,
    0x3F, 0xC0, 0x00, 0x0F, 0xF8, 0x00, 0x03, 0xFE, 0x00, 0x00, 0x3F, 0xC0, 0x00, 0x0F, 0xF8, 0x00,
    0x03, 0xFE, 0x00, 0x00, 0x3F, 0xC0, 0x00, 0x0F, 0xF8, 0x00, 0x03, 0xFE, 0x00, 0x00, 0x3F, 0xC0,
    0x00, 0x0F, 0xF8, 0x00, 0x03, 0xFE, 0x00, 0x00, 0x3F, 0xC0, 0x00, 0x0F, 0xF8, 0x00, 0x03, 0xFE,
    0x00, 0x00, 0x3F, 0xC0, 0x00, 0x0F, 0xF8, 0x00, 0x03, 0xFE, 0x00, 0x00, 0x3F, 0xC0, 0x00, 0x0F,
    0xF8, 0x00, 0x03, 0xFE, 0x00, 0x00, 0x3F, 0xC0, 0x00, 0x0F, 0xF8, 0x00, 0x03, 0xFE, 0x00, 0x00,
    0x3F, 0xC0, 0x00, 0x0F, 0xF8, 0x00, 0x03, 0xFE, 0x00, 0x00, 0x3F, 0xC0, 0x00, 0x0F, 0xF8, 0x00,
    0x03, 0xFE, 0x00, 0x00, 0x3F, 0xC0, 0x00, 0x0F, 0xF8, 0x00, 0x03, 0xFE, 0x00, 0x00, 0x3F, 0xC0,
    0x00, 0x0F, 0xF8, 0x00, 0x03, 0xFE, 0x00, 0x00, 0x3F, 0xC0, 0x00, 0x0F, 0xF8, 0x00, 0x03, 0xFE,
    0x00, 0x00, 0x3F, 0xC0, 0x00, 0x0F, 0xF8, 0x00, 0x03, 0xFE, 0x00, 0x00, 0x3F, 0xC0, 0x00, 0x0F,
    0xF8, 0x00, 0x03, 0xFE, 0x00, 0x00, 0x3F, 0xC0, 0x00, 0x0F, 0xF8, 0x00, 0x03, 0xFE, 0x00, 0x00,
    0x3F, 0xC0, 0x00, 0x0F, 0xF8, 0x00, 0x03, 0xFE, 0x00, 0x00, 0x3F, 0xC0, 0x00, 0x0F, 0xF8, 0x00,
    0x03, 0xFE, 0x00, 0x00, 0x3F, 0xC0, 0x00, 0x0F, 0xF8, 0x00, 0x03, 0xFF, 0x40, 0x00, 0xBF, 0xE0,
    0x00, 0x2F, 0xF8, 0x00, 0xBF, 0xFF, 0xFF, 0xFF, 0xFF, 0xFF, 0xFF, 0xFF, 0xFF, 0xE0, 0xBF, 0xFF,
    0xFF, 0xFF, 0xFF, 0xFF, 0xFF, 0xFF, 0xFF, 0xE0, 0xAA, 0xAA, 0xA8, 0x1A, 0xAA, 0xAA, 0x02, 0xAA,
    0xAA, 0x80, 0xBF, 0xFF, 0xFC, 0x2F, 0xFF, 0xFF, 0x03, 0xFF, 0xFF, 0xE0, 0x0B, 0xFF, 0x40, 0x00,
    0xFF, 0xE0, 0x00, 0x2F, 0xFC, 0x00, 0x03, 0xFE, 0x00, 0x00, 0x3F, 0xC0, 0x00, 0x0F, 0xF8, 0x00,
    0x03, 0xFE, 0x00, 0x00, 0x3F, 0xC0, 0x00, 0x0F, 0xF8, 0x00, 0x03, 0xFE, 0x00, 0x00, 0x3F, 0xC0,
    0x00, 0x0F, 0xF8, 0x00, 0x03, 0xFE, 0x00, 0x00, 0x3F, 0xC0, 0x00, 0x0F, 0xF8, 0x00, 0x03, 0xFE,
    0x00, 0x00, 0x3F, 0xC0, 0x00, 0x0F, 0xF8, 0x00, 0x03, 0xFE, 0x00, 0x00, 0x3F, 0xC0, 0x00, 0x0F,
    0xF8, 0x00, 0x03, 0xFE, 0x00, 0x00, 0x3F, 0xC0, 0x00, 0x0F, 0xF8, 0x00, 0x03, 0xFE, 0x00, 0x00,
    0x3F, 0xC0, 0x00, 0x0F, 0xF8, 0x00, 0x03, 0xFE, 0x00, 0x00, 0x3F, 0xC0, 0x00, 0x0F, 0xF8, 0x00,
    0x03, 0xFE, 0x00, 0x00, 0x3F, 0xC0, 0x00, 0x0F, 0xF8, 0x00, 0x03, 0xFE, 0x00, 0x00, 0x3F, 0xC0,
    0x00, 0x0F, 0xF8, 0x00, 0x03, 0xFE, 0x00, 0x00, 0x3F, 0xC0, 0x00, 0x0F, 0xF8, 0x00, 0x03, 0xFE,
    0x00, 0x00, 0x3F, 0xC0, 0x00, 0x0F, 0xF8, 0x00, 0x03, 0xFE, 0x00, 0x00, 0x3F, 0xC0, 0x00, 0x0F,
    0xF8, 0x00, 0x03, 0xFE, 0x00, 0x00, 0x3F, 0xC0, 0x00, 0x0F, 0xF8, 0x00, 0x03, 0xFE, 0x00, 0x00,
    0x3F, 0xC0, 0x00, 0x0F, 0xF8, 0x00, 0x03, 0xFE, 0x00, 0x00, 0x3F, 0xC0, 0x00, 0x0F, 0xF8, 0x00,
    0x03, 0xFE, 0x00, 0x00, 0x3F, 0xC0, 0x00, 0x0F, 0xF8, 0x00, 0x03, 0xFE, 0x00, 0x00, 0x3F, 0xC0,
    0x00, 0x0F, 0xF8, 0x00, 0x03, 0xFE, 0x00, 0x00, 0x3F, 0xC0, 0x00, 0x0F, 0xF8, 0x00, 0x03, 0xFE,
    0x00, 0x00, 0x3F, 0xC0, 0x00, 0x0F, 0xF8, 0x00, 0x03, 0xFE, 0x00, 0x00, 0x3F, 0xC0, 0x00, 0x0F,
    0xF8, 0x00, 0x03, 0xFF, 0x40, 0x00, 0xBF, 0xE0, 0x00, 0x2F, 0xFC, 0x00, 0xBF, 0xFF, 0xFF, 0xFF,
    0xFF, 0xFF, 0xFF, 0xFF, 0xFF, 0xE0, 0xBF, 0xFF, 0xFF, 0xFF, 0xFF, 0xFF, 0xFF, 0xFF, 0xFF, 0xE0,
    0x00, 0x00, 0x00, 0x00, 0x00, 0x00, 0x00, 0x07, 0xFF, 0xE0, 0x00, 0x00, 0x00, 0x00, 0x00, 0x00,
    0x00, 0x00, 0xBF, 0xE0, 0x00, 0x00, 0x00, 0x00, 0x00, 0x00, 0x00, 0x00, 0x2F, 0xE0, 0x00, 0x00,
    0x00, 0x00, 0x00, 0x00, 0x00, 0x00, 0x0F, 0xE0, 0x00, 0x00, 0x00, 0x00, 0x00, 0x00, 0x00, 0x00,
    0x03, 0xE0, 0x00, 0x00, 0x00, 0x00, 0x00, 0x00, 0x00, 0x00, 0x03, 0xE0, 0x00, 0x00, 0x00, 0x00,
    0x00, 0x00, 0x00, 0x00, 0x03, 0xE0, 0x00, 0x00, 0x00, 0x00, 0x00, 0x00, 0x00, 0x00, 0x03, 0xE0,
    0x00, 0x00, 0x00, 0x00, 0x00, 0x00, 0x00, 0x00, 0x00, 0x00, 0xAA, 0xAA, 0xAA, 0xAA, 0x00, 0x00,
    0x00, 0xFF, 0xFF, 0xFF, 0xFF, 0x00, 0x00, 0x00, 0xFE, 0xAA, 0xFF, 0xD0, 0x00, 0x00, 0x00, 0xFC,
    0x00, 0xBF, 0x80, 0x00, 0x00, 0x00, 0xFC, 0x00, 0xBF, 0x80, 0x00, 0x00, 0x00, 0xFC, 0x00, 0xBF,
    0x80, 0x00, 0x00, 0x00, 0xF8, 0x00, 0xBF, 0x80, 0x00, 0x00, 0x00, 0x00, 0x00, 0xBF, 0x80, 0x00,
    0x00, 0x00, 0x00, 0x00, 0xBF, 0x80, 0x00, 0x00, 0x00, 0x00, 0x00, 0xBF, 0x80, 0x00, 0x00, 0x00,
    0x00, 0x00, 0xBF, 0xC5, 0x00, 0x00, 0x00, 0x00, 0x00, 0xBF, 0xFF, 0xFF, 0x80, 0x00, 0x00, 0x00,
    0xBF, 0xFA, 0xFF, 0xF8, 0x00, 0x00, 0x00, 0xBF, 0x80, 0x0B, 0xFE, 0x00, 0x00, 0x00, 0xBF, 0x80,
    0x00, 0xFF, 0x80, 0x00, 0x00, 0xBF, 0x80, 0x00, 0xBF, 0xC0, 0x00, 0x00, 0xBF, 0x80, 0x00, 0x3F,
    0xE0, 0x00, 0x00, 0xBF, 0x80, 0x00, 0x3F, 0xE0, 0x00, 0x00, 0xBF, 0x80, 0x00, 0x3F, 0xF0, 0x00,
    0x00, 0xBF, 0x80, 0x00, 0x3F, 0xF0, 0x00, 0x00, 0xBF, 0x80, 0x00, 0x3F, 0xF0, 0x00, 0x00, 0xBF,
    0x80, 0x00, 0x3F, 0xE0, 0x00, 0x00, 0xBF, 0x80, 0x00, 0x3F, 0xE0, 0x00, 0x00, 0xBF, 0x80, 0x00,
    0xBF, 0xC0, 0x00, 0x00, 0xBF, 0x80, 0x02, 0xFF, 0xC0, 0x00, 0x00, 0xFF, 0x80, 0x2F, 0xFF, 0x00,
    0x00, 0x3F, 0xFF, 0xFF, 0xFF, 0xF8, 0x00, 0x00, 0x3F, 0xFF, 0xFF, 0xFA, 0x00, 0x00, 0x2A, 0xAA,
    0xAA, 0x00, 0x00, 0x0A, 0xAA, 0xAA, 0x80, 0x2F, 0xFF, 0xFF, 0x00, 0x00, 0x0B, 0xFF, 0xFF, 0xC0,
    0x02, 0xFF, 0xD0, 0x00, 0x00, 0x00, 0x7F, 0xF8, 0x00, 0x00, 0xBF, 0x80, 0x00, 0x00, 0x00, 0x1F,
    0xF0, 0x00, 0x00, 0xBF, 0x80, 0x00, 0x00, 0x00, 0x1F, 0xF0, 0x00, 0x00, 0xBF, 0x80, 0x00, 0x00,
    0x00, 0x1F, 0xF0, 0x00, 0x00, 0xBF, 0x80, 0x00, 0x00, 0x00, 0x1F, 0xF0, 0x00, 0x00, 0xBF, 0x80,
    0x00, 0x00, 0x00, 0x1F, 0xF0, 0x00, 0x00, 0xBF, 0x80, 0x00, 0x00, 0x00, 0x1F, 0xF0, 0x00, 0x00,
    0xBF, 0x80, 0x00, 0x00, 0x00, 0x1F, 0xF0, 0x00, 0x00, 0xBF, 0x85, 0x00, 0x00, 0x00, 0x1F, 0xF0,
    0x00, 0x00, 0xBF, 0xFF, 0xFF, 0x80, 0x00, 0x1F, 0xF0, 0x00, 0x00, 0xBF, 0xFA, 0xFF, 0xF8, 0x00,
    0x1F, 0xF0, 0x00, 0x00, 0xBF, 0x80, 0x0B, 0xFE, 0x00, 0x1F, 0xF0, 0x00, 0x00, 0xBF, 0x80, 0x00,
    0xFF, 0x80, 0x1F, 0xF0, 0x00, 0x00, 0xBF, 0x80, 0x00, 0xBF, 0xC0, 0x1F, 0xF0, 0x00, 0x00, 0xBF,
    0x80, 0x00, 0x3F, 0xE0, 0x1F, 0xF0, 0x00, 0x00, 0xBF, 0x80, 0x00, 0x3F, 0xE0, 0x1F, 0xF0, 0x00,
    0x00, 0xBF, 0x80, 0x00, 0x3F, 0xF0, 0x1F, 0xF0, 0x00, 0x00, 0xBF, 0x80, 0x00, 0x3F, 0xF0, 0x1F,
    0xF0, 0x00, 0x00, 0xBF, 0x80, 0x00, 0x3F, 0xF0, 0x1F, 0xF0, 0x00, 0x00, 0xBF, 0x80, 0x00, 0x3F,
    0xE0, 0x1F, 0xF0, 0x00, 0x00, 0xBF, 0x80, 0x00, 0x3F, 0xE0, 0x1F, 0xF0, 0x00, 0x00, 0xBF, 0x80,
    0x00, 0xBF, 0xC0, 0x1F, 0xF0, 0x00, 0x00, 0xBF, 0x80, 0x02, 0xFF, 0xC0, 0x1F, 0xF0, 0x00, 0x00,
    0xFF, 0x80, 0x2F, 0xFF, 0x00, 0x2F, 0xF4, 0x00, 0x3F, 0xFF, 0xFF, 0xFF, 0xF8, 0x0B, 0xFF, 0xFF,
    0xC0, 0x3F, 0xFF, 0xFF, 0xFA, 0x00, 0x0B, 0xFF, 0xFF, 0xC0, 0x2A, 0xAA, 0xAA, 0x00, 0x00, 0x00,
    0x2F, 0xFF, 0xFF, 0x00, 0x00, 0x00, 0x02, 0xFF, 0xD0, 0x00, 0x00, 0x00, 0x00, 0xBF, 0x80, 0x00,
    0x00, 0x00, 0x00, 0xBF, 0x80, 0x00, 0x00, 0x00, 0x00, 0xBF, 0x80, 0x00, 0x00, 0x00, 0x00, 0xBF,
    0x80, 0x00, 0x00, 0x00, 0x00, 0xBF, 0x80, 0x00, 0x00, 0x00, 0x00, 0xBF, 0x80, 0x00, 0x00, 0x00,
    0x00, 0xBF, 0x80, 0x00, 0x00, 0x00, 0x00, 0xBF, 0x85, 0x00, 0x00, 0x00, 0x00, 0xBF, 0xFF, 0xFF,
    0x80, 0x00, 0x00, 0xBF, 0xFA, 0xFF, 0xF8, 0x00, 0x00, 0xBF, 0x80, 0x07, 0xFF, 0x00, 0x00, 0xBF,
    0x80, 0x00, 0xFF, 0xC0, 0x00, 0xBF, 0x80, 0x00, 0x3F, 0xC0, 0x00, 0xBF, 0x80, 0x00, 0x3F, 0xF0,
    0x00, 0xBF, 0x80, 0x00, 0x2F, 0xF0, 0x00, 0xBF, 0x80, 0x00, 0x2F, 0xF0, 0x00, 0xBF, 0x80, 0x00,
    0x2F, 0xF0, 0x00, 0xBF, 0x80, 0x00, 0x2F, 0xF0, 0x00, 0xBF, 0x80, 0x00, 0x2F, 0xF0, 0x00, 0xBF,
    0x80, 0x00, 0x3F, 0xF0, 0x00, 0xBF, 0x80, 0x00, 0x7F, 0xE0, 0x00, 0xBF, 0x80, 0x01, 0xFF, 0xC0,
    0x00, 0xFF, 0x80, 0x2F, 0xFF, 0x00, 0x3F, 0xFF, 0xFF, 0xFF, 0xF8, 0x00, 0x3F, 0xFF, 0xFF, 0xFA,
    0x40, 0x00, 0x00, 0x00, 0x40, 0x00, 0x00, 0x00, 0x0B, 0xFF, 0xFF, 0xE4, 0x00, 0x00, 0xBF, 0xFF,
    0xFF, 0xFF, 0x40, 0x00, 0xBF, 0xE0, 0x01, 0xFF, 0xE0, 0x00, 0xBF, 0x00, 0x00, 0x0F, 0xFC, 0x00,
    0xBE, 0x00, 0x00, 0x03, 0xFF, 0x00, 0xBC, 0x00, 0x00, 0x00, 0xFF, 0x80, 0xBC, 0x00, 0x00, 0x00,
    0x3F, 0xC0, 0x28, 0x00, 0x00, 0x00, 0x2F, 0xE0, 0x00, 0x00, 0x00, 0x00, 0x0F, 0xF0, 0x00, 0x00,
    0x00, 0x00, 0x0F, 0xF8, 0x00, 0x00, 0x00, 0x00, 0x0B, 0xF8, 0x00, 0x00, 0x00, 0x00, 0x0B, 0xFC,
    0x00, 0x00, 0x00, 0x00, 0x0B, 0xFC, 0x00, 0x03, 0xFF, 0xFF, 0xFF, 0xFC, 0x00, 0x02, 0xFF, 0xFF,
    0xFF, 0xFC, 0x00, 0x00, 0x00, 0x00, 0x0B, 0xFC, 0x00, 0x00, 0x00, 0x00, 0x0B, 0xFC, 0x00, 0x00,
    0x00, 0x00, 0x0F, 0xF8, 0x00, 0x00, 0x00, 0x00, 0x0F, 0xF4, 0x00, 0x00, 0x00, 0x00, 0x0F, 0xF0,
    0x28, 0x00, 0x00, 0x00, 0x3F, 0xE0, 0xBC, 0x00, 0x00, 0x00, 0x3F, 0xC0, 0xBC, 0x00, 0x00, 0x00,
    0xFF, 0x80, 0xBE, 0x00, 0x00, 0x03, 0xFF, 0x00, 0xBF, 0x00, 0x00, 0x0F, 0xFC, 0x00, 0xBF, 0x40,
    0x00, 0xBF, 0xF0, 0x00, 0xBF, 0xFF, 0xFF, 0xFF, 0x80, 0x00, 0x2B, 0xFF, 0xFF, 0xF8, 0x00, 0x00,
    0x00, 0x06, 0xA8, 0x00, 0x00, 0x00, 0x00, 0x00, 0x00, 0x00, 0x00, 0x00, 0x04, 0x00, 0x00, 0x00,
    0x2A, 0xAA, 0xAA, 0x00, 0x00, 0x2F, 0xFF, 0xF8, 0x00, 0x00, 0x3F, 0xFF, 0xFF, 0x00, 0x02, 0xFF,
    0xFF, 0xFF, 0xC0, 0x00, 0x02, 0xFF, 0xD0, 0x00, 0x0B, 0xFE, 0x00, 0x3F, 0xF0, 0x00, 0x00, 0xBF,
    0x80, 0x00, 0x2F, 0xF0, 0x00, 0x0B, 0xFC, 0x00, 0x00, 0xBF, 0x80, 0x00, 0x7F, 0xC0, 0x00, 0x02,
    0xFF, 0x00, 0x00, 0xBF, 0x80, 0x00, 0xFF, 0x00, 0x00, 0x00, 0xFF, 0x40, 0x00, 0xBF, 0x80, 0x02,
    0xFF, 0x00, 0x00, 0x00, 0xBF, 0xC0, 0x00, 0xBF, 0x80, 0x03, 0xFE, 0x00, 0x00, 0x00, 0x3F, 0xD0,
    0x00, 0xBF, 0x80, 0x03, 0xFC, 0x00, 0x00, 0x00, 0x3F, 0xE0, 0x00, 0xBF, 0x80, 0x0B, 0xFC, 0x00,
    0x00, 0x00, 0x2F, 0xF0, 0x00, 0xBF, 0x80, 0x0F, 0xFC, 0x00, 0x00, 0x00, 0x2F, 0xF0, 0x00, 0xBF,
    0x80, 0x0F, 0xFC, 0x00, 0x00, 0x00, 0x2F, 0xF0, 0x00, 0xBF, 0x80, 0x1F, 0xFC, 0x00, 0x00, 0x00,
    0x1F, 0xF4, 0x00, 0xBF, 0xFF, 0xFF, 0xF8, 0x00, 0x00, 0x00, 0x0F, 0xF8, 0x00, 0xBF, 0xFF, 0xFF,
    0xF8, 0x00, 0x00, 0x00, 0x1F, 0xF8, 0x00, 0xBF, 0x80, 0x0F, 0xFC, 0x00, 0x00, 0x00, 0x1F, 0xF4,
    0x00, 0xBF, 0x80, 0x0F, 0xFC, 0x00, 0x00, 0x00, 0x2F, 0xF0, 0x00, 0xBF, 0x80, 0x0F, 0xFC, 0x00,
    0x00, 0x00, 0x2F, 0xF0, 0x00, 0xBF, 0x80, 0x0B, 0xFC, 0x00, 0x00, 0x00, 0x2F, 0xF0, 0x00, 0xBF,
    0x80, 0x03, 0xFC, 0x00, 0x00, 0x00, 0x3F, 0xE0, 0x00, 0xBF, 0x80, 0x03, 0xFE, 0x00, 0x00, 0x00,
    0x3F, 0xE0, 0x00, 0xBF, 0x80, 0x02, 0xFF, 0x00, 0x00, 0x00, 0xBF, 0xC0, 0x00, 0xBF, 0x80, 0x00,
    0xFF, 0x00, 0x00, 0x00, 0xFF, 0x80, 0x00, 0xBF, 0x80, 0x00, 0xBF, 0xC0, 0x00, 0x02, 0xFF, 0x00,
    0x00, 0xBF, 0x80, 0x00, 0x3F, 0xE0, 0x00, 0x03, 0xFC, 0x00, 0x00, 0xFF, 0xC0, 0x00, 0x0F, 0xFC,
    0x00, 0x2F, 0xF0, 0x00, 0x3F, 0xFF, 0xFF, 0x00, 0x02, 0xFF, 0xFF, 0xFF, 0xC0, 0x00, 0x3F, 0xFF,
    0xFF, 0x00, 0x00, 0x3F, 0xFF, 0xFE, 0x00, 0x00, 0x00, 0x00, 0x00, 0x00, 0x00, 0x00, 0xAA, 0x40,
    0x00, 0x00, 0x00, 0x00, 0x01, 0xAA, 0xAA, 0xAA, 0xA0, 0x00, 0x00, 0x7F, 0xFF, 0xFF, 0xFF, 0xF0,
    0x00, 0x02, 0xFF, 0xFA, 0x9B, 0xFF, 0x00, 0x00, 0x0B, 0xFF, 0x00, 0x03, 0xFC, 0x00, 0x00, 0x0F,
    0xFC, 0x00, 0x03, 0xFC, 0x00, 0x00, 0x2F, 0xF4, 0x00, 0x03, 0xFC, 0x00, 0x00, 0x2F, 0xF0, 0x00,
    0x03, 0xFC, 0x00, 0x00, 0x2F, 0xF0, 0x00, 0x03, 0xFC, 0x00, 0x00, 0x2F, 0xF0, 0x00, 0x03, 0xFC,
    0x00, 0x00, 0x2F, 0xF0, 0x00, 0x03, 0xFC, 0x00, 0x00, 0x0F, 0xF4, 0x00, 0x03, 0xFC, 0x00, 0x00,
    0x0B, 0xFC, 0x00, 0x03, 0xFC, 0x00, 0x00, 0x02, 0xFF, 0x00, 0x03, 0xFC, 0x00, 0x00, 0x00, 0x3F,
    0xFE, 0xAB, 0xFC, 0x00, 0x00, 0x00, 0x03, 0xFF, 0xFF, 0xFC, 0x00, 0x00, 0x00, 0x2F, 0xFF, 0xAB,
    0xFC, 0x00, 0x00, 0x00, 0xFF, 0xE0, 0x03, 0xFC, 0x00, 0x00, 0x02, 0xFF, 0x00, 0x03, 0xFC, 0x00,
    0x00, 0x03, 0xFE, 0x00, 0x03, 0xFC, 0x00, 0x00, 0x03, 0xFC, 0x00, 0x03, 0xFC, 0x00, 0x00, 0x0B,
    0xFC, 0x00, 0x03, 0xFC, 0x00, 0x00, 0x0B, 0xF8, 0x00, 0x03, 0xFC, 0x00, 0x00, 0x0F, 0xF0, 0x00,
    0x03, 0xFC, 0x00, 0x00, 0x0F, 0xF0, 0x00, 0x03, 0xFC, 0x00, 0x00, 0x3F, 0xE0, 0x00, 0x03, 0xFC,
    0x00, 0x00, 0xBF, 0xC0, 0x00, 0x0B, 0xFE, 0x00, 0x3F, 0xFF, 0x80, 0x00, 0xFF, 0xFF, 0xF0, 0x3F,
    0xFE, 0x00, 0x00, 0xFF, 0xFF, 0xF0, 0x00, 0x00, 0x00, 0x00, 0x00, 0x00, 0x00, 0x00, 0x00, 0x69,
    0x00, 0x00, 0x00, 0xBF, 0xFF, 0xF0, 0x00, 0x03, 0xFF, 0xAF, 0xFC, 0x00, 0x0F, 0xF0, 0x02, 0xFF,
    0x00, 0x2F, 0xF0, 0x00, 0xFF, 0x00, 0x2F, 0xF0, 0x00, 0xBF, 0x00, 0x0A, 0xA0, 0x00, 0xBF, 0x40,
    0x00, 0x00, 0x00, 0xBF, 0x80, 0x00, 0x00, 0x02, 0xFF, 0x80, 0x00, 0x02, 0xFF, 0xFF, 0x80, 0x00,
    0x7F, 0xF8, 0xBF, 0x80, 0x03, 0xFE, 0x00, 0xBF, 0x80, 0x2F, 0xF0, 0x00, 0xBF, 0x80, 0x3F, 0xC0,
    0x00, 0xBF, 0x80, 0xBF, 0x80, 0x00, 0xBF, 0x80, 0xBF, 0x80, 0x00, 0xBF, 0x80, 0xBF, 0x80, 0x00,
    0xBF, 0x80, 0x7F, 0xC0, 0x02, 0xFF, 0x80, 0x3F, 0xF8, 0x2F, 0xFF, 0x80, 0x2F, 0xFF, 0xFC, 0x3F,
    0xFC, 0x07, 0xFF, 0xD0, 0x3F, 0xFC, 0x00, 0x14, 0x00, 0x00, 0x00, 0x00, 0x00, 0x00, 0x00, 0x00,
    0x00, 0x00, 0x00, 0x00, 0x38, 0x00, 0x00, 0x6B, 0xFF, 0xF0, 0x00, 0x0B, 0xFF, 0xFF, 0xF0, 0x00,
    0xBF, 0xFF, 0xFF, 0xC0, 0x02, 0xFF, 0xFF, 0xE8, 0x00, 0x03, 0xFE, 0x00, 0x00, 0x00, 0x0F, 0xD0,
    0x00, 0x00, 0x00, 0x0F, 0x00, 0x00, 0x00, 0x00, 0x2E, 0x00, 0x68, 0x00, 0x00, 0x3C, 0x1F, 0xFF,
    0xF4, 0x00, 0x38, 0xFF, 0xAB, 0xFF, 0x00, 0x7B, 0xFC, 0x00, 0x3F, 0xC0, 0xBF, 0xF0, 0x00, 0x0F,
    0xE0, 0xBF, 0xE0, 0x00, 0x0B, 0xF0, 0xBF, 0xC0, 0x00, 0x03, 0xF8, 0xBF, 0xC0, 0x00, 0x03, 0xFC,
    0xBF, 0x80, 0x00, 0x02, 0xFC, 0xBF, 0x80, 0x00, 0x02, 0xFE, 0xBF, 0x40, 0x00, 0x02, 0xFE, 0xBF,
    0x40, 0x00, 0x02, 0xFE, 0xBF, 0x80, 0x00, 0x02, 0xFD, 0x7F, 0x80, 0x00, 0x02, 0xFC, 0x3F, 0xC0,
    0x00, 0x03, 0xFC, 0x2F, 0xC0, 0x00, 0x03, 0xF8, 0x0F, 0xE0, 0x00, 0x0B, 0xF0, 0x0B, 0xF0, 0x00,
    0x0F, 0xE0, 0x03, 0xFC, 0x00, 0x3F, 0xC0, 0x00, 0xBF, 0xEB, 0xFE, 0x00, 0x00, 0x0F, 0xFF, 0xF0,
    0x00, 0x00, 0x00, 0x14, 0x00, 0x00, 0x00, 0x00, 0x00, 0x00, 0x00, 0xFF, 0xFF, 0xFF, 0xA0, 0x00,
    0xBF, 0xFF, 0xFF, 0xFD, 0x00, 0x0B, 0xF8, 0x03, 0xFF, 0x00, 0x07, 0xF8, 0x00, 0xFF, 0x80, 0x07,
    0xF8, 0x00, 0x3F, 0xC0, 0x07, 0xF8, 0x00, 0x3F, 0xC0, 0x07, 0xF8, 0x00, 0xBF, 0x80, 0x07, 0xF8,
    0x00, 0xFF, 0x00, 0x07, 0xF8, 0x2B, 0xF8, 0x00, 0x07, 0xFF, 0xFF, 0xF8, 0x00, 0x07, 0xFE, 0xAF,
    0xFF, 0x80, 0x07, 0xF8, 0x00, 0x7F, 0xE0, 0x07, 0xF8, 0x00, 0x1F, 0xF0, 0x07, 0xF8, 0x00, 0x0F,
    0xF0, 0x07, 0xF8, 0x00, 0x0F, 0xF0, 0x07, 0xF8, 0x00, 0x0F, 0xF0, 0x07, 0xF8, 0x00, 0x3F, 0xE0,
    0x0B, 0xF8, 0x01, 0xFF, 0xC0, 0xBF, 0xFF, 0xFF, 0xFE, 0x00, 0xFF, 0xFF, 0xFF, 0x90, 0x00, 0x00,
    0x00, 0x00, 0x00, 0x00, 0x3F, 0xFF, 0xFF, 0xFF, 0xC0, 0x3F, 0xFF, 0xFF, 0xFF, 0xC0, 0x02, 0xFE,
    0x00, 0x0B, 0xC0, 0x02, 0xFE, 0x00, 0x03, 0xC0, 0x02, 0xFE, 0x00, 0x03, 0xC0, 0x02, 0xFE, 0x00,
    0x02, 0xC0, 0x02, 0xFE, 0x00, 0x00, 0x00, 0x02, 0xFE, 0x00, 0x00, 0x00, 0x02, 0xFE, 0x00, 0x00,
    0x00, 0x02, 0xFE, 0x00, 0x00, 0x00, 0x02, 0xFE, 0x00, 0x00, 0x00, 0x02, 0xFE, 0x00, 0x00, 0x00,
    0x02, 0xFE, 0x00, 0x00, 0x00, 0x02, 0xFE, 0x00, 0x00, 0x00, 0x02, 0xFE, 0x00, 0x00, 0x00, 0x02,
    0xFE, 0x00, 0x00, 0x00, 0x02, 0xFE, 0x00, 0x00, 0x00, 0x02, 0xFE, 0x00, 0x00, 0x00, 0x3F, 0xFF,
    0xF0, 0x00, 0x00, 0x3F, 0xFF, 0xF0, 0x00, 0x00, 0x00, 0x00, 0x00, 0x00, 0x00, 0x00, 0x00, 0xBF,
    0xFF, 0xFF, 0xFF, 0xF8, 0x00, 0x2B, 0xFF, 0xFF, 0xFF, 0xA0, 0x00, 0x02, 0xE0, 0x00, 0xFF, 0x00,
    0x00, 0x02, 0xE0, 0x00, 0xFF, 0x00, 0x00, 0x02, 0xE0, 0x00, 0xFF, 0x00, 0x00, 0x02, 0xE0, 0x00,
    0xFF, 0x00, 0x00, 0x03, 0xE0, 0x00, 0xFF, 0x00, 0x00, 0x03, 0xD0, 0x00, 0xFF, 0x00, 0x00, 0x03,
    0xC0, 0x00, 0xFF, 0x00, 0x00, 0x03, 0xC0, 0x00, 0xFF, 0x00, 0x00, 0x03, 0xC0, 0x00, 0xFF, 0x00,
    0x00, 0x0B, 0xC0, 0x00, 0xFF, 0x00, 0x00, 0x0F, 0x80, 0x00, 0xFF, 0x00, 0x00, 0x0F, 0x40, 0x00,
    0xFF, 0x00, 0x00, 0x0F, 0x00, 0x00, 0xFF, 0x00, 0x00, 0x3E, 0x00, 0x00, 0xFF, 0x00, 0x00, 0xBC,
    0x00, 0x00, 0xFF, 0x00, 0x00, 0xFC, 0x00, 0x00, 0xFF, 0x00, 0x0B, 0xFF, 0xFF, 0xFF, 0xFF, 0x00,
    0xBF, 0xFF, 0xFF, 0xFF, 0xFF, 0x90, 0xFF, 0xD0, 0x00, 0x00, 0x2F, 0xF8, 0xFF, 0x00, 0x00, 0x00,
    0x0B, 0xF8, 0xFC, 0x00, 0x00, 0x00, 0x02, 0xF8, 0xFC, 0x00, 0x00, 0x00, 0x00, 0xF8, 0xF8, 0x00,
    0x00, 0x00, 0x00, 0xF8, 0xF4, 0x00, 0x00, 0x00, 0x00, 0xB8, 0x00, 0x00, 0x00, 0x00, 0x00, 0x00,
    0x00, 0x00, 0x28, 0x00, 0x00, 0x00, 0x1F, 0xFF, 0xF0, 0x00, 0x00, 0xFF, 0xFF, 0xFD, 0x00, 0x03,
    0xFC, 0x00, 0xFF, 0x00, 0x0B, 0xF0, 0x00, 0x3F, 0xC0, 0x1F, 0xE0, 0x00, 0x3F, 0xC0, 0x3F, 0xC0,
    0x00, 0x2F, 0xE0, 0x3F, 0xC0, 0x00, 0x2F, 0xE0, 0x7F, 0xEA, 0xAA, 0xBF, 0xE0, 0xBF, 0xFF, 0xFF,
    0xFF, 0xF0, 0xBF, 0x80, 0x00, 0x00, 0x00, 0xBF, 0x80, 0x00, 0x00, 0x00, 0xBF, 0x80, 0x00, 0x00,
    0x00, 0xBF, 0xC0, 0x00, 0x00, 0x00, 0x3F, 0xC0, 0x00, 0x00, 0x00, 0x3F, 0xE0, 0x00, 0x00, 0x00,
    0x2F, 0xF0, 0x00, 0x00, 0x20, 0x0F, 0xFD, 0x00, 0x02, 0xF0, 0x03, 0xFF, 0xE0, 0x6F, 0xF0, 0x00,
    0xFF, 0xFF, 0xFF, 0x80, 0x00, 0x2F, 0xFF, 0xF8, 0x00, 0x00, 0x00, 0x14, 0x00, 0x00, 0x02, 0x80,
    0x00, 0x00, 0x00, 0x00, 0x90, 0x00, 0x3F, 0xF8, 0x0F, 0xFF, 0xF8, 0x0F, 0xFE, 0x00, 0xBF, 0xFD,
    0x0F, 0xFF, 0xF8, 0x3F, 0xFF, 0x00, 0xBF, 0xFF, 0x00, 0xBF, 0x40, 0x3F, 0xFF, 0x00, 0x3F, 0x0F,
    0x00, 0xBF, 0x00, 0xB8, 0xBE, 0x00, 0x00, 0x0B, 0x80, 0xBF, 0x00, 0xF0, 0x04, 0x00, 0x00, 0x03,
    0xC0, 0xBF, 0x01, 0xF0, 0x00, 0x00, 0x00, 0x03, 0xE0, 0xBF, 0x03, 0xE0, 0x00, 0x00, 0x00, 0x00,
    0xF0, 0xBF, 0x0B, 0xC0, 0x00, 0x00, 0x00, 0x00, 0xBC, 0xBF, 0x6F, 0x00, 0x00, 0x00, 0x00, 0x00,
    0x3F, 0xFF, 0xFE, 0x00, 0x00, 0x00, 0x00, 0x00, 0xFF, 0xFF, 0xFF, 0xC0, 0x00, 0x00, 0x00, 0x03,
    0xFE, 0xFF, 0xAF, 0xE0, 0x00, 0x00, 0x00, 0x0B, 0xF8, 0xBF, 0x0F, 0xF0, 0x00, 0x00, 0x00, 0x0F,
    0xF0, 0xBF, 0x03, 0xFC, 0x00, 0x00, 0x00, 0x3F, 0xC0, 0xBF, 0x02, 0xFE, 0x00, 0x00, 0x00, 0xBF,
    0x80, 0xBF, 0x00, 0xFF, 0x00, 0x00, 0x00, 0xFF, 0x00, 0xBF, 0x00, 0x3F, 0xC0, 0x00, 0x03, 0xFC,
    0x00, 0xBF, 0x80, 0x2F, 0xE0, 0x00, 0xBF, 0xF8, 0x0F, 0xFF, 0xF8, 0x0F, 0xFF, 0x00, 0xBF, 0xF4,
    0x0F, 0xFF, 0xF8, 0x0F, 0xFF, 0x00, 0x00, 0x06, 0x80, 0x00, 0x0B, 0xFF, 0xFF, 0x00, 0x3F, 0xFA,
    0xFF, 0xE0, 0x3F, 0x00, 0x0F, 0xF8, 0x3C, 0x00, 0x07, 0xFC, 0x3C, 0x00, 0x03, 0xFC, 0x28, 0x00,
    0x03, 0xFC, 0x00, 0x00, 0x0B, 0xF8, 0x00, 0x00, 0x0F, 0xF0, 0x00, 0x06, 0xBF, 0xC0, 0x00, 0x1F,
    0xFE, 0x00, 0x00, 0x0F, 0xFF, 0xE0, 0x00, 0x00, 0x0B, 0xFC, 0x00, 0x00, 0x02, 0xFE, 0x00, 0x00,
    0x00, 0xFE, 0x10, 0x00, 0x00, 0xFF, 0xB8, 0x00, 0x01, 0xFE, 0xBC, 0x00, 0x03, 0xFE, 0xBE, 0x00,
    0x0B, 0xFC, 0xBF, 0xFA, 0xFF, 0xF0, 0x2F, 0xFF, 0xFF, 0x80, 0x00, 0x05, 0x00, 0x00, 0x00, 0x00,
    0x00, 0x00, 0x00, 0x00, 0xBF, 0xFF, 0xC0, 0x2F, 0xFF, 0xF8, 0xBF, 0xFF, 0xC0, 0x0F, 0xFF, 0xF4,
    0x0B, 0xF8, 0x00, 0x00, 0xFF, 0x00, 0x07, 0xF8, 0x00, 0x01, 0xFF, 0x00, 0x07, 0xF8, 0x00, 0x03,
    0xFF, 0x00, 0x07, 0xF8, 0x00, 0x0F, 0xFF, 0x00, 0x07, 0xF8, 0x00, 0x3C, 0xFF, 0x00, 0x07, 0xF8,
    0x00, 0xF8, 0xFF, 0x00, 0x07, 0xF8, 0x02, 0xE0, 0xFF, 0x00, 0x07, 0xF8, 0x0B, 0x80, 0xFF, 0x00,
    0x07, 0xF8, 0x2F, 0x00, 0xFF, 0x00, 0x07, 0xF8, 0x3C, 0x00, 0xFF, 0x00, 0x07, 0xF8, 0xF0, 0x00,
    0xFF, 0x00, 0x07, 0xFF, 0xC0, 0x00, 0xFF, 0x00, 0x07, 0xFF, 0x00, 0x00, 0xFF, 0x00, 0x07, 0xFE,
    0x00, 0x00, 0xFF, 0x00, 0x07, 0xF8, 0x00, 0x00, 0xFF, 0x00, 0x0B, 0xF8, 0x00, 0x00, 0xFF, 0x00,
    0xBF, 0xFF, 0xC0, 0x1F, 0xFF, 0xF8, 0xBF, 0xFF, 0xC0, 0x2F, 0xFF, 0xF8, 0x00, 0x00, 0x00, 0x00,
    0x00, 0x00, 0x00, 0x0F, 0xD0, 0x2F, 0xC0, 0x00, 0x00, 0x2F, 0xE0, 0x3F, 0xC0, 0x00, 0x00, 0x1F,
    0x80, 0x0F, 0xC0, 0x00, 0x00, 0x0F, 0x00, 0x07, 0xC0, 0x00, 0x00, 0x07, 0xE0, 0x2F, 0x00, 0x00,
    0x00, 0x00, 0xFF, 0xF8, 0x00, 0x00, 0x00, 0x00, 0x00, 0x00, 0x00, 0x00, 0x00, 0x00, 0x00, 0x00,
    0x00, 0x00, 0x00, 0x00, 0x00, 0x00, 0x00, 0x00, 0xBF, 0xFF, 0xC0, 0x2F, 0xFF, 0xF8, 0xBF, 0xFF,
    0xC0, 0x0F, 0xFF, 0xF4, 0x0B, 0xF8, 0x00, 0x00, 0xFF, 0x00, 0x07, 0xF8, 0x00, 0x01, 0xFF, 0x00,
    0x07, 0xF8, 0x00, 0x03, 0xFF, 0x00, 0x07, 0xF8, 0x00, 0x0F, 0xFF, 0x00, 0x07, 0xF8, 0x00, 0x3C,
    0xFF, 0x00, 0x07, 0xF8, 0x00, 0xF8, 0xFF, 0x00, 0x07, 0xF8, 0x02, 0xE0, 0xFF, 0x00, 0x07, 0xF8,
    0x0B, 0x80, 0xFF, 0x00, 0x07, 0xF8, 0x2F, 0x00, 0xFF, 0x00, 0x07, 0xF8, 0x3C, 0x00, 0xFF, 0x00,
    0x07, 0xF8, 0xF0, 0x00, 0xFF, 0x00, 0x07, 0xFF, 0xC0, 0x00, 0xFF, 0x00, 0x07, 0xFF, 0x00, 0x00,
    0xFF, 0x00, 0x07, 0xFE, 0x00, 0x00, 0xFF, 0x00, 0x07, 0xF8, 0x00, 0x00, 0xFF, 0x00, 0x0B, 0xF8,
    0x00, 0x00, 0xFF, 0x00, 0xBF, 0xFF, 0xC0, 0x1F, 0xFF, 0xF8, 0xBF, 0xFF, 0xC0, 0x2F, 0xFF, 0xF8,
    0x00, 0x00, 0x00, 0x00, 0x24, 0x00, 0x3F, 0xFF, 0xF0, 0x03, 0xFF, 0x40, 0x3F, 0xFF, 0xF0, 0x0F,
    0xFF, 0xC0, 0x02, 0xFE, 0x00, 0x1F, 0xFF, 0xC0, 0x01, 0xFE, 0x00, 0x3D, 0x2F, 0x80, 0x01, 0xFE,
    0x00, 0x3C, 0x02, 0x00, 0x01, 0xFE, 0x00, 0xB8, 0x00, 0x00, 0x01, 0xFE, 0x00, 0xF0, 0x00, 0x00,
    0x01, 0xFE, 0x03, 0xE0, 0x00, 0x00, 0x01, 0xFE, 0x0F, 0xC0, 0x00, 0x00, 0x01, 0xFF, 0xFF, 0x80,
    0x00, 0x00, 0x01, 0xFF, 0xFF, 0xE0, 0x00, 0x00, 0x01, 0xFE, 0x2F, 0xF0, 0x00, 0x00, 0x01, 0xFE,
    0x07, 0xFC, 0x00, 0x00, 0x01, 0xFE, 0x02, 0xFF, 0x00, 0x00, 0x01, 0xFE, 0x00, 0xFF, 0x80, 0x00,
    0x01, 0xFE, 0x00, 0x3F, 0xC0, 0x00, 0x01, 0xFE, 0x00, 0x1F, 0xF0, 0x00, 0x02, 0xFE, 0x00, 0x0B,
    0xF8, 0x00, 0x3F, 0xFF, 0xF0, 0x03, 0xFF, 0xD0, 0x3F, 0xFF, 0xF0, 0x02, 0xFF, 0xE0, 0x00, 0x00,
    0x00, 0x00, 0x00, 0x00, 0x00, 0x2F, 0xFF, 0xFF, 0xFF, 0xFC, 0x00, 0x2F, 0xFF, 0xFF, 0xFF, 0xFC,
    0x00, 0x00, 0xF0, 0x00, 0xBF, 0x80, 0x00, 0x00, 0xF0, 0x00, 0xBF, 0x80, 0x00, 0x00, 0xF0, 0x00,
    0xBF, 0x80, 0x00, 0x00, 0xF0, 0x00, 0xBF, 0x80, 0x00, 0x00, 0xF0, 0x00, 0xBF, 0x80, 0x00, 0x00,
    0xF0, 0x00, 0xBF, 0x80, 0x00, 0x00, 0xF0, 0x00, 0xBF, 0x80, 0x00, 0x00, 0xF0, 0x00, 0xBF, 0x80,
    0x00, 0x02, 0xF0, 0x00, 0xBF, 0x80, 0x00, 0x02, 0xF0, 0x00, 0xBF, 0x80, 0x00, 0x02, 0xE0, 0x00,
    0xBF, 0x80, 0x00, 0x03, 0xE0, 0x00, 0xBF, 0x80, 0x00, 0x03, 0xC0, 0x00, 0xBF, 0x80, 0x00, 0x07,
    0xC0, 0x00, 0xBF, 0x80, 0x3E, 0x0F, 0x80, 0x00, 0xBF, 0x80, 0xFF, 0xFF, 0x00, 0x00, 0xBF, 0x80,
    0xFF, 0xFD, 0x00, 0x0F, 0xFF, 0xFC, 0xBF, 0xF0, 0x00, 0x0F, 0xFF, 0xFC, 0x08, 0x00, 0x00, 0x00,
    0x00, 0x00, 0x00, 0x00, 0x00, 0x00, 0x00, 0x00, 0x00, 0x00, 0x3F, 0xFF, 0x40, 0x00, 0x00, 0xFF,
    0xFF, 0x00, 0x3F, 0xFF, 0x80, 0x00, 0x00, 0xFF, 0xFF, 0x00, 0x02, 0xFF, 0xC0, 0x00, 0x02, 0xFF,
    0xE0, 0x00, 0x02, 0xFF, 0xE0, 0x00, 0x03, 0xFF, 0xE0, 0x00, 0x02, 0xEB, 0xF0, 0x00, 0x0B, 0xEF,
    0xE0, 0x00, 0x02, 0xE3, 0xF0, 0x00, 0x0F, 0x9F, 0xE0, 0x00, 0x02, 0xE3, 0xF8, 0x00, 0x0F, 0x1F,
    0xE0, 0x00, 0x02, 0xE2, 0xFC, 0x00, 0x2E, 0x1F, 0xE0, 0x00, 0x02, 0xE0, 0xFE, 0x00, 0x3C, 0x1F,
    0xE0, 0x00, 0x02, 0xE0, 0xBF, 0x00, 0xBC, 0x1F, 0xE0, 0x00, 0x02, 0xE0, 0x3F, 0x00, 0xF8, 0x1F,
    0xE0, 0x00, 0x02, 0xE0, 0x3F, 0x80, 0xF0, 0x1F, 0xE0, 0x00, 0x02, 0xE0, 0x2F, 0xC2, 0xE0, 0x1F,
    0xE0, 0x00, 0x02, 0xE0, 0x0F, 0xE3, 0xC0, 0x1F, 0xE0, 0x00, 0x02, 0xE0, 0x0B, 0xFB, 0xC0, 0x1F,
    0xE0, 0x00, 0x02, 0xE0, 0x03, 0xFF, 0x80, 0x1F, 0xE0, 0x00, 0x02, 0xE0, 0x03, 0xFF, 0x00, 0x1F,
    0xE0, 0x00, 0x02, 0xF0, 0x01, 0xFE, 0x00, 0x2F, 0xE0, 0x00, 0x3F, 0xFF, 0x00, 0xFC, 0x03, 0xFF,
    0xFF, 0x00, 0x3F, 0xFF, 0x00, 0xBC, 0x03, 0xFF, 0xFF, 0x00, 0x00, 0x00, 0x00, 0x00, 0x00, 0x00,
    0x3F, 0xFF, 0xF0, 0x0F, 0xFF, 0xFE, 0x3F, 0xFF, 0xF0, 0x0B, 0xFF, 0xFC, 0x02, 0xFE, 0x00, 0x00,
    0x3F, 0xC0, 0x01, 0xFE, 0x00, 0x00, 0x3F, 0xC0, 0x01, 0xFE, 0x00, 0x00, 0x3F, 0xC0, 0x01, 0xFE,
    0x00, 0x00, 0x3F, 0xC0, 0x01, 0xFE, 0x00, 0x00, 0x3F, 0xC0, 0x01, 0xFE, 0x00, 0x00, 0x3F, 0xC0,
    0x01, 0xFF, 0xAA, 0xAA, 0xBF, 0xC0, 0x01, 0xFF, 0xFF, 0xFF, 0xFF, 0xC0, 0x01, 0xFF, 0xAA, 0xAA,
    0xBF, 0xC0, 0x01, 0xFE, 0x00, 0x00, 0x3F, 0xC0, 0x01, 0xFE, 0x00, 0x00, 0x3F, 0xC0, 0x01, 0xFE,
    0x00, 0x00, 0x3F, 0xC0, 0x01, 0xFE, 0x00, 0x00, 0x3F, 0xC0, 0x01, 0xFE, 0x00, 0x00, 0x3F, 0xC0,
    0x01, 0xFE, 0x00, 0x00, 0x3F, 0xC0, 0x02, 0xFE, 0x00, 0x00, 0x3F, 0xC0, 0x3F, 0xFF, 0xF0, 0x0B,
    0xFF, 0xFD, 0x3F, 0xFF, 0xF0, 0x0B, 0xFF, 0xFE, 0x00, 0x00, 0x18, 0x00, 0x00, 0x00, 0x00, 0x1F,
    0xFF, 0xF8, 0x00, 0x00, 0x00, 0xFF, 0xEB, 0xFF, 0x00, 0x00, 0x03, 0xFE, 0x00, 0x3F, 0xD0, 0x00,
    0x0B, 0xF8, 0x00, 0x0F, 0xF0, 0x00, 0x1F, 0xF0, 0x00, 0x0B, 0xF8, 0x00, 0x3F, 0xE0, 0x00, 0x03,
    0xFC, 0x00, 0x3F, 0xC0, 0x00, 0x03, 0xFE, 0x00, 0x7F, 0xC0, 0x00, 0x02, 0xFE, 0x00, 0xBF, 0xC0,
    0x00, 0x02, 0xFF, 0x00, 0xBF, 0xC0, 0x00, 0x02, 0xFF, 0x00, 0xBF, 0xC0, 0x00, 0x02, 0xFF, 0x00,
    0xBF, 0xC0, 0x00, 0x02, 0xFF, 0x00, 0x7F, 0xC0, 0x00, 0x02, 0xFE, 0x00, 0x3F, 0xC0, 0x00, 0x03,
    0xFE, 0x00, 0x3F, 0xE0, 0x00, 0x03, 0xFC, 0x00, 0x1F, 0xF0, 0x00, 0x0B, 0xF8, 0x00, 0x0F, 0xF8,
    0x00, 0x0F, 0xF0, 0x00, 0x03, 0xFE, 0x00, 0x7F, 0xC0, 0x00, 0x00, 0xFF, 0xEB, 0xFF, 0x00, 0x00,
    0x00, 0x0F, 0xFF, 0xF8, 0x00, 0x00, 0x00, 0x00, 0x14, 0x00, 0x00, 0x00, 0x00, 0x00, 0x00, 0x00,
    0x00, 0x00, 0xFF, 0xFF, 0xFF, 0xFF, 0xFF, 0xC0, 0xBF, 0xFF, 0xFF, 0xFF, 0xFF, 0xC0, 0x0B, 0xFC,
    0x00, 0x0B, 0xF8, 0x00, 0x07, 0xF8, 0x00, 0x0B, 0xF8, 0x00, 0x07, 0xF8, 0x00, 0x0B, 0xF8, 0x00,
    0x07, 0xF8, 0x00, 0x0B, 0xF8, 0x00, 0x07, 0xF8, 0x00, 0x0B, 0xF8, 0x00, 0x07, 0xF8, 0x00, 0x0B,
    0xF8, 0x00, 0x07, 0xF8, 0x00, 0x0B, 0xF8, 0x00, 0x07, 0xF8, 0x00, 0x0B, 0xF8, 0x00, 0x07, 0xF8,
    0x00, 0x0B, 0xF8, 0x00, 0x07, 0xF8, 0x00, 0x0B, 0xF8, 0x00, 0x07, 0xF8, 0x00, 0x0B, 0xF8, 0x00,
    0x07, 0xF8, 0x00, 0x0B, 0xF8, 0x00, 0x07, 0xF8, 0x00, 0x0B, 0xF8, 0x00, 0x07, 0xF8, 0x00, 0x0B,
    0xF8, 0x00, 0x07, 0xF8, 0x00, 0x0B, 0xF8, 0x00, 0x0B, 0xF8, 0x00, 0x0B, 0xF8, 0x00, 0xFF, 0xFF,
    0xC0, 0xFF, 0xFF, 0xC0, 0xFF, 0xFF, 0xC0, 0xFF, 0xFF, 0xC0, 0x00, 0x00, 0x00, 0x64, 0x00, 0x00,
    0x00, 0xBE, 0x0F, 0xFF, 0xD0, 0x00, 0x2F, 0xFE, 0xBF, 0xFF, 0xF8, 0x00, 0x3F, 0xFF, 0xFA, 0xBF,
    0xFE, 0x00, 0x02, 0xFF, 0x40, 0x07, 0xFF, 0x00, 0x01, 0xFE, 0x00, 0x00, 0xFF, 0x80, 0x01, 0xFE,
    0x00, 0x00, 0xFF, 0xC0, 0x01, 0xFE, 0x00, 0x00, 0x3F, 0xC0, 0x01, 0xFE, 0x00, 0x00, 0x3F, 0xE0,
    0x01, 0xFE, 0x00, 0x00, 0x3F, 0xE0, 0x01, 0xFE, 0x00, 0x00, 0x2F, 0xE0, 0x01, 0xFE, 0x00, 0x00,
    0x2F, 0xE0, 0x01, 0xFE, 0x00, 0x00, 0x3F, 0xD0, 0x01, 0xFE, 0x00, 0x00, 0x3F, 0xC0, 0x01, 0xFE,
    0x00, 0x00, 0x3F, 0xC0, 0x01, 0xFE, 0x00, 0x00, 0xFF, 0x80, 0x01, 0xFE, 0x00, 0x00, 0xFF, 0x00,
    0x01, 0xFE, 0x00, 0x03, 0xFC, 0x00, 0x01, 0xFF, 0x40, 0x2F, 0xF8, 0x00, 0x01, 0xFF, 0xFF, 0xFF,
    0xC0, 0x00, 0x01, 0xFF, 0xFF, 0xF8, 0x00, 0x00, 0x01, 0xFE, 0x00, 0x00, 0x00, 0x00, 0x01, 0xFE,
    0x00, 0x00, 0x00, 0x00, 0x01, 0xFE, 0x00, 0x00, 0x00, 0x00, 0x01, 0xFE, 0x00, 0x00, 0x00, 0x00,
    0x01, 0xFE, 0x00, 0x00, 0x00, 0x00, 0x01, 0xFE, 0x00, 0x00, 0x00, 0x00, 0x02, 0xFF, 0x00, 0x00,
    0x00, 0x00, 0x3F, 0xFF, 0xFC, 0x00, 0x00, 0x00, 0x3F, 0xFF, 0xFC, 0x00, 0x00, 0x00, 0x00, 0x00,
    0x19, 0x00, 0x00, 0x00, 0x0B, 0xFF, 0xF8, 0x00, 0x00, 0xBF, 0xEA, 0xFF, 0x00, 0x03, 0xFE, 0x00,
    0xFF, 0x80, 0x0B, 0xF8, 0x00, 0xFF, 0xC0, 0x0F, 0xF0, 0x00, 0xFF, 0x80, 0x2F, 0xE0, 0x00, 0xBF,
    0x00, 0x3F, 0xC0, 0x00, 0x00, 0x00, 0x3F, 0xC0, 0x00, 0x00, 0x00, 0x7F, 0xC0, 0x00, 0x00, 0x00,
    0xBF, 0xC0, 0x00, 0x00, 0x00, 0xBF, 0xC0, 0x00, 0x00, 0x00, 0x7F, 0xC0, 0x00, 0x00, 0x00, 0x3F,
    0xC0, 0x00, 0x00, 0x00, 0x3F, 0xE0, 0x00, 0x00, 0x00, 0x3F, 0xF0, 0x00, 0x00, 0x00, 0x0F, 0xF8,
    0x00, 0x00, 0x00, 0x0B, 0xFE, 0x00, 0x01, 0xC0, 0x03, 0xFF, 0xE8, 0x6F, 0xC0, 0x00, 0xFF, 0xFF,
    0xFF, 0x80, 0x00, 0x1F, 0xFF, 0xF8, 0x00, 0x00, 0x00, 0x14, 0x00, 0x00, 0x00, 0x00, 0x00, 0x00,
    0x00, 0xFF, 0xFF, 0xFF, 0xFF, 0xF0, 0xFF, 0xFF, 0xFF, 0xFF, 0xF0, 0xF8, 0x03, 0xFC, 0x02, 0xF0,
    0xF4, 0x03, 0xFC, 0x00, 0xF0, 0xF0, 0x03, 0xFC, 0x00, 0xF0, 0xA0, 0x03, 0xFC, 0x00, 0xA0, 0x00,
    0x03, 0xFC, 0x00, 0x00, 0x00, 0x03, 0xFC, 0x00, 0x00, 0x00, 0x03, 0xFC, 0x00, 0x00, 0x00, 0x03,
    0xFC, 0x00, 0x00, 0x00, 0x03, 0xFC, 0x00, 0x00, 0x00, 0x03, 0xFC, 0x00, 0x00, 0x00, 0x03, 0xFC,
    0x00, 0x00, 0x00, 0x03, 0xFC, 0x00, 0x00, 0x00, 0x03, 0xFC, 0x00, 0x00, 0x00, 0x03, 0xFC, 0x00,
    0x00, 0x00, 0x03, 0xFC, 0x00, 0x00, 0x00, 0x03, 0xFC, 0x00, 0x00, 0x00, 0xBF, 0xFF, 0xF0, 0x00,
    0x00, 0xBF, 0xFF, 0xF0, 0x00, 0x00, 0x00, 0x00, 0x00, 0x00, 0x00, 0xBF, 0xFF, 0xE0, 0x0F, 0xFF,
    0xD0, 0xBF, 0xFF, 0xE0, 0x0F, 0xFF, 0xC0, 0x03, 0xFC, 0x00, 0x00, 0xBC, 0x00, 0x03, 0xFC, 0x00,
    0x00, 0xF8, 0x00, 0x02, 0xFE, 0x00, 0x00, 0xF0, 0x00, 0x00, 0xFF, 0x00, 0x02, 0xF0, 0x00, 0x00,
    0xBF, 0x80, 0x03, 0xE0, 0x00, 0x00, 0x3F, 0xC0, 0x0B, 0xC0, 0x00, 0x00, 0x3F, 0xC0, 0x0F, 0x80,
    0x00, 0x00, 0x2F, 0xE0, 0x0F, 0x00, 0x00, 0x00, 0x0F, 0xF0, 0x3F, 0x00, 0x00, 0x00, 0x0B, 0xF8,
    0x3D, 0x00, 0x00, 0x00, 0x03, 0xFC, 0xBC, 0x00, 0x00, 0x00, 0x03, 0xFC, 0xF8, 0x00, 0x00, 0x00,
    0x02, 0xFF, 0xF0, 0x00, 0x00, 0x00, 0x00, 0xFF, 0xE0, 0x00, 0x00, 0x00, 0x00, 0xFF, 0xC0, 0x00,
    0x00, 0x00, 0x00, 0x7F, 0xC0, 0x00, 0x00, 0x00, 0x00, 0x3F, 0x80, 0x00, 0x00, 0x00, 0x00, 0x2F,
    0x00, 0x00, 0x00, 0x00, 0x00, 0x3E, 0x00, 0x00, 0x00, 0x00, 0x00, 0x3C, 0x00, 0x00, 0x00, 0x00,
    0x00, 0xBC, 0x00, 0x00, 0x00, 0x00, 0x00, 0xF4, 0x00, 0x00, 0x00, 0x0F, 0x03, 0xF0, 0x00, 0x00,
    0x00, 0x2F, 0xFB, 0xC0, 0x00, 0x00, 0x00, 0x3F, 0xFF, 0x80, 0x00, 0x00, 0x00, 0x2F, 0xFE, 0x00,
    0x00, 0x00, 0x00, 0x0B, 0xE0, 0x00, 0x00, 0x00, 0x00, 0x00, 0x00, 0x00, 0x04, 0x00, 0x00, 0x00,
    0x00, 0x00, 0x02, 0xFF, 0x00, 0x00, 0x00, 0x00, 0x00, 0x3F, 0xFF, 0x00, 0x00, 0x00, 0x00, 0x00,
    0x2B, 0xFF, 0x00, 0x00, 0x00, 0x00, 0x00, 0x00, 0xFF, 0x00, 0x00, 0x00, 0x00, 0x00, 0x00, 0xFF,
    0x00, 0x00, 0x00, 0x00, 0x00, 0x00, 0xFF, 0x00, 0x00, 0x00, 0x00, 0x00, 0x00, 0xFF, 0x00, 0x00,
    0x00, 0x00, 0x00, 0xA0, 0xFF, 0x19, 0x00, 0x00, 0x00, 0x2F, 0xFF, 0xFF, 0xFF, 0xF8, 0x00, 0x00,
    0xFF, 0xEF, 0xFF, 0xFB, 0xFF, 0x00, 0x03, 0xFD, 0x00, 0xFF, 0x00, 0xBF, 0xC0, 0x0F, 0xF8, 0x00,
    0xFF, 0x00, 0x2F, 0xE0, 0x2F, 0xF0, 0x00, 0xFF, 0x00, 0x0F, 0xF0, 0x3F, 0xD0, 0x00, 0xFF, 0x00,
    0x0B, 0xF8, 0x3F, 0xC0, 0x00, 0xFF, 0x00, 0x03, 0xFC, 0xBF, 0xC0, 0x00, 0xFF, 0x00, 0x03, 0xFC,
    0xBF, 0x80, 0x00, 0xFF, 0x00, 0x03, 0xFC, 0xBF, 0x80, 0x00, 0xFF, 0x00, 0x03, 0xFC, 0xBF, 0x80,
    0x00, 0xFF, 0x00, 0x03, 0xFC, 0xBF, 0x80, 0x00, 0xFF, 0x00, 0x03, 0xFC, 0xBF, 0xC0, 0x00, 0xFF,
    0x00, 0x03, 0xFC, 0x3F, 0xC0, 0x00, 0xFF, 0x00, 0x03, 0xFC, 0x3F, 0xE0, 0x00, 0xFF, 0x00, 0x0B,
    0xF8, 0x2F, 0xF0, 0x00, 0xFF, 0x00, 0x0F, 0xF0, 0x0F, 0xF8, 0x00, 0xFF, 0x00, 0x3F, 0xE0, 0x03,
    0xFE, 0x00, 0xFF, 0x00, 0xBF, 0xC0, 0x00, 0xFF, 0xEF, 0xFF, 0xFB, 0xFF, 0x00, 0x00, 0x2F, 0xFF,
    0xFF, 0xFF, 0xF8, 0x00, 0x00, 0x00, 0x50, 0xFF, 0x04, 0x00, 0x00, 0x00, 0x00, 0x00, 0xFF, 0x00,
    0x00, 0x00, 0x00, 0x00, 0x00, 0xFF, 0x00, 0x00, 0x00, 0x00, 0x00, 0x00, 0xFF, 0x00, 0x00, 0x00,
    0x00, 0x00, 0x00, 0xFF, 0x00, 0x00, 0x00, 0x00, 0x00, 0x00, 0xFF, 0x00, 0x00, 0x00, 0x00, 0x00,
    0x02, 0xFF, 0x00, 0x00, 0x00, 0x00, 0x00, 0x3F, 0xFF, 0xFC, 0x00, 0x00, 0x00, 0x00, 0x3F, 0xFF,
    0xFC, 0x00, 0x00, 0x00, 0x00, 0x00, 0x00, 0x00, 0x00, 0xBF, 0xFF, 0xE0, 0xBF, 0xFF, 0x00, 0x7F,
    0xFF, 0xE0, 0xBF, 0xFF, 0x00, 0x03, 0xFF, 0x00, 0x0B, 0xE0, 0x00, 0x00, 0xFF, 0x80, 0x0F, 0x80,
    0x00, 0x00, 0xBF, 0xC0, 0x3F, 0x00, 0x00, 0x00, 0x3F, 0xF0, 0xFC, 0x00, 0x00, 0x00, 0x0F, 0xFA,
    0xF4, 0x00, 0x00, 0x00, 0x0B, 0xFF, 0xE0, 0x00, 0x00, 0x00, 0x03, 0xFF, 0xC0, 0x00, 0x00, 0x00,
    0x00, 0xFF, 0x80, 0x00, 0x00, 0x00, 0x00, 0xFF, 0xD0, 0x00, 0x00, 0x00, 0x02, 0xFF, 0xF0, 0x00,
    0x00, 0x00, 0x03, 0xFF, 0xF8, 0x00, 0x00, 0x00, 0x0F, 0xC3, 0xFD, 0x00, 0x00, 0x00, 0x3F, 0x02,
    0xFF, 0x00, 0x00, 0x00, 0xBE, 0x00, 0xFF, 0xC0, 0x00, 0x00, 0xF8, 0x00, 0x3F, 0xE0, 0x00, 0x03,
    0xF0, 0x00, 0x3F, 0xF0, 0x00, 0xBF, 0xFF, 0x00, 0xFF, 0xFF, 0x80, 0xBF, 0xFF, 0x01, 0xFF, 0xFF,
    0x80, 0x00, 0x00, 0x00, 0x00, 0x00, 0x00, 0xFF, 0xFF, 0xC0, 0xFF, 0xFF, 0xC0, 0xBF, 0xFF, 0xC0,
    0xFF, 0xFF, 0xC0, 0x0B, 0xF8, 0x00, 0x0B, 0xF8, 0x00, 0x07, 0xF8, 0x00, 0x0B, 0xF8, 0x00, 0x07,
    0xF8, 0x00, 0x0B, 0xF8, 0x00, 0x07, 0xF8, 0x00, 0x0B, 0xF8, 0x00, 0x07, 0xF8, 0x00, 0x0B, 0xF8,
    0x00, 0x07, 0xF8, 0x00, 0x0B, 0xF8, 0x00, 0x07, 0xF8, 0x00, 0x0B, 0xF8, 0x00, 0x07, 0xF8, 0x00,
    0x0B, 0xF8, 0x00, 0x07, 0xF8, 0x00, 0x0B, 0xF8, 0x00, 0x07, 0xF8, 0x00, 0x0B, 0xF8, 0x00, 0x07,
    0xF8, 0x00, 0x0B, 0xF8, 0x00, 0x07, 0xF8, 0x00, 0x0B, 0xF8, 0x00, 0x07, 0xF8, 0x00, 0x0B, 0xF8,
    0x00, 0x07, 0xF8, 0x00, 0x0B, 0xF8, 0x00, 0x07, 0xF8, 0x00, 0x0B, 0xF8, 0x00, 0x0B, 0xFC, 0x00,
    0x0B, 0xF8, 0x00, 0xFF, 0xFF, 0xFF, 0xFF, 0xFF, 0xC0, 0xFF, 0xFF, 0xFF, 0xFF, 0xFF, 0xC0, 0x00,
    0x00, 0x00, 0x00, 0xBF, 0xC0, 0x00, 0x00, 0x00, 0x00, 0x2F, 0xC0, 0x00, 0x00, 0x00, 0x00, 0x0F,
    0xC0, 0x00, 0x00, 0x00, 0x00, 0x0B, 0xC0, 0x00, 0x00, 0x00, 0x00, 0x07, 0xC0, 0x00, 0x00, 0x00,
    0x00, 0x03, 0xC0, 0x00, 0x00, 0x00, 0x00, 0x00, 0x00, 0x00, 0x00, 0x00, 0x00, 0x00, 0xFF, 0xFF,
    0xC3, 0xFF, 0xFE, 0xFF, 0xFF, 0xC3, 0xFF, 0xFE, 0x0B, 0xF8, 0x00, 0x3F, 0xC0, 0x07, 0xF8, 0x00,
    0x3F, 0xC0, 0x07, 0xF8, 0x00, 0x3F, 0xC0, 0x07, 0xF8, 0x00, 0x3F, 0xC0, 0x07, 0xF8, 0x00, 0x3F,
    0xC0, 0x07, 0xF8, 0x00, 0x3F, 0xC0, 0x07, 0xF8, 0x00, 0x3F, 0xC0, 0x03, 0xFC, 0x00, 0xBF, 0xC0,
    0x03, 0xFF, 0xFF, 0xFF, 0xC0, 0x00, 0xFF, 0xFF, 0x3F, 0xC0, 0x00, 0x0A, 0xA0, 0x3F, 0xC0, 0x00,
    0x00, 0x00, 0x3F, 0xC0, 0x00, 0x00, 0x00, 0x3F, 0xC0, 0x00, 0x00, 0x00, 0x3F, 0xC0, 0x00, 0x00,
    0x00, 0x3F, 0xC0, 0x00, 0x00, 0x00, 0x3F, 0xC0, 0x00, 0x00, 0x03, 0xFF, 0xFE, 0x00, 0x00, 0x03,
    0xFF, 0xFE, 0x00, 0x00, 0x00, 0x00, 0x00, 0x00, 0x00, 0x00, 0xFF, 0xFF, 0xC3, 0xFF, 0xFF, 0x0F,
    0xFF, 0xFC, 0xFF, 0xFF, 0xC3, 0xFF, 0xFE, 0x0F, 0xFF, 0xF8, 0x0B, 0xF8, 0x00, 0x2F, 0xE0, 0x00,
    0xBF, 0x80, 0x0B, 0xF8, 0x00, 0x2F, 0xE0, 0x00, 0xBF, 0x40, 0x0B, 0xF8, 0x00, 0x2F, 0xE0, 0x00,
    0xBF, 0x40, 0x0B, 0xF8, 0x00, 0x2F, 0xE0, 0x00, 0xBF, 0x40, 0x0B, 0xF8, 0x00, 0x2F, 0xE0, 0x00,
    0xBF, 0x40, 0x0B, 0xF8, 0x00, 0x2F, 0xE0, 0x00, 0xBF, 0x40, 0x0B, 0xF8, 0x00, 0x2F, 0xE0, 0x00,
    0xBF, 0x40, 0x0B, 0xF8, 0x00, 0x2F, 0xE0, 0x00, 0xBF, 0x40, 0x0B, 0xF8, 0x00, 0x2F, 0xE0, 0x00,
    0xBF, 0x40, 0x0B, 0xF8, 0x00, 0x2F, 0xE0, 0x00, 0xBF, 0x40, 0x0B, 0xF8, 0x00, 0x2F, 0xE0, 0x00,
    0xBF, 0x40, 0x0B, 0xF8, 0x00, 0x2F, 0xE0, 0x00, 0xBF, 0x40, 0x0B, 0xF8, 0x00, 0x2F, 0xE0, 0x00,
    0xBF, 0x40, 0x0B, 0xF8, 0x00, 0x2F, 0xE0, 0x00, 0xBF, 0x40, 0x0B, 0xF8, 0x00, 0x2F, 0xE0, 0x00,
    0xBF, 0x40, 0x0B, 0xFC, 0x00, 0x3F, 0xE0, 0x00, 0xFF, 0x80, 0xFF, 0xFF, 0xFF, 0xFF, 0xFF, 0xFF,
    0xFF, 0xF8, 0xFF, 0xFF, 0xFF, 0xFF, 0xFF, 0xFF, 0xFF, 0xFC, 0x00, 0x00, 0x00, 0x00, 0x00, 0x00,
    0x00, 0x00, 0xFF, 0xFF, 0xC3, 0xFF, 0xFF, 0x0F, 0xFF, 0xFC, 0xFF, 0xFF, 0xC3, 0xFF, 0xFE, 0x0F,
    0xFF, 0xF8, 0x0B, 0xF8, 0x00, 0x2F, 0xE0, 0x00, 0xBF, 0x80, 0x0B, 0xF8, 0x00, 0x2F, 0xE0, 0x00,
    0xBF, 0x40, 0x0B, 0xF8, 0x00, 0x2F, 0xE0, 0x00, 0xBF, 0x40, 0x0B, 0xF8, 0x00, 0x2F, 0xE0, 0x00,
    0xBF, 0x40, 0x0B, 0xF8, 0x00, 0x2F, 0xE0, 0x00, 0xBF, 0x40, 0x0B, 0xF8, 0x00, 0x2F, 0xE0, 0x00,
    0xBF, 0x40, 0x0B, 0xF8, 0x00, 0x2F, 0xE0, 0x00, 0xBF, 0x40, 0x0B, 0xF8, 0x00, 0x2F, 0xE0, 0x00,
    0xBF, 0x40, 0x0B, 0xF8, 0x00, 0x2F, 0xE0, 0x00, 0xBF, 0x40, 0x0B, 0xF8, 0x00, 0x2F, 0xE0, 0x00,
    0xBF, 0x40, 0x0B, 0xF8, 0x00, 0x2F, 0xE0, 0x00, 0xBF, 0x40, 0x0B, 0xF8, 0x00, 0x2F, 0xE0, 0x00,
    0xBF, 0x40, 0x0B, 0xF8, 0x00, 0x2F, 0xE0, 0x00, 0xBF, 0x40, 0x0B, 0xF8, 0x00, 0x2F, 0xE0, 0x00,
    0xBF, 0x40, 0x0B, 0xF8, 0x00, 0x2F, 0xE0, 0x00, 0xBF, 0x40, 0x0B, 0xFC, 0x00, 0x3F, 0xE0, 0x00,
    0xFF, 0x80, 0xFF, 0xFF, 0xFF, 0xFF, 0xFF, 0xFF, 0xFF, 0xF8, 0xFF, 0xFF, 0xFF, 0xFF, 0xFF, 0xFF,
    0xFF, 0xFC, 0x00, 0x00, 0x00, 0x00, 0x00, 0x00, 0x0B, 0xFC, 0x00, 0x00, 0x00, 0x00, 0x00, 0x00,
    0x02, 0xFC, 0x00, 0x00, 0x00, 0x00, 0x00, 0x00, 0x00, 0xFC, 0x00, 0x00, 0x00, 0x00, 0x00, 0x00,
    0x00, 0xBC, 0x00, 0x00, 0x00, 0x00, 0x00, 0x00, 0x00, 0xBC, 0x00, 0x00, 0x00, 0x00, 0x00, 0x00,
    0x00, 0xBC, 0x00, 0x00, 0x00, 0x00, 0x00, 0x00, 0x00, 0x00, 0x00, 0x00, 0x00, 0x00, 0x00, 0x00,
    0xBF, 0xFF, 0xFF, 0xF0, 0x00, 0x00, 0xBF, 0xFF, 0xFF, 0xE0, 0x00, 0x00, 0xBC, 0x03, 0xFC, 0x00,
    0x00, 0x00, 0xB8, 0x03, 0xFC, 0x00, 0x00, 0x00, 0xB4, 0x03, 0xFC, 0x00, 0x00, 0x00, 0x00, 0x03,
    0xFC, 0x00, 0x00, 0x00, 0x00, 0x03, 0xFC, 0x00, 0x00, 0x00, 0x00, 0x03, 0xFE, 0xA9, 0x00, 0x00,
    0x00, 0x03, 0xFF, 0xFF, 0xF4, 0x00, 0x00, 0x03, 0xFE, 0xAB, 0xFF, 0x00, 0x00, 0x03, 0xFC, 0x00,
    0xFF, 0x80, 0x00, 0x03, 0xFC, 0x00, 0x3F, 0xC0, 0x00, 0x03, 0xFC, 0x00, 0x3F, 0xE0, 0x00, 0x03,
    0xFC, 0x00, 0x2F, 0xE0, 0x00, 0x03, 0xFC, 0x00, 0x2F, 0xE0, 0x00, 0x03, 0xFC, 0x00, 0x3F, 0xE0,
    0x00, 0x03, 0xFC, 0x00, 0x3F, 0xC0, 0x00, 0x03, 0xFC, 0x02, 0xFF, 0x80, 0x00, 0xBF, 0xFF, 0xFF,
    0xFE, 0x00, 0x00, 0xBF, 0xFF, 0xFF, 0x90, 0x00, 0x00, 0x00, 0x00, 0x00, 0x00, 0x00, 0x00, 0x3F,
    0xFF, 0xF8, 0x00, 0x0F, 0xFF, 0xFC, 0x2F, 0xFF, 0xF4, 0x00, 0x0F, 0xFF, 0xFC, 0x02, 0xFE, 0x00,
    0x00, 0x00, 0xBF, 0x80, 0x01, 0xFE, 0x00, 0x00, 0x00, 0x7F, 0x80, 0x01, 0xFE, 0x00, 0x00, 0x00,
    0x7F, 0x80, 0x01, 0xFE, 0x00, 0x00, 0x00, 0x7F, 0x80, 0x01, 0xFE, 0x00, 0x00, 0x00, 0x7F, 0x80,
    0x01, 0xFF, 0xAA, 0x00, 0x00, 0x7F, 0x80, 0x01, 0xFF, 0xFF, 0xF8, 0x00, 0x7F, 0x80, 0x01, 0xFF,
    0xAA, 0xFF, 0x80, 0x7F, 0x80, 0x01, 0xFE, 0x00, 0x3F, 0xD0, 0x7F, 0x80, 0x01, 0xFE, 0x00, 0x2F,
    0xF0, 0x7F, 0x80, 0x01, 0xFE, 0x00, 0x0F, 0xF0, 0x7F, 0x80, 0x01, 0xFE, 0x00, 0x0F, 0xF0, 0x7F,
    0x80, 0x01, 0xFE, 0x00, 0x0F, 0xF0, 0x7F, 0x80, 0x01, 0xFE, 0x00, 0x0F, 0xF0, 0x7F, 0x80, 0x01,
    0xFE, 0x00, 0x2F, 0xF0, 0x7F, 0x80, 0x02, 0xFE, 0x00, 0xBF, 0xC0, 0xBF, 0x80, 0x3F, 0xFF, 0xFF,
    0xFF, 0x4F, 0xFF, 0xFC, 0x3F, 0xFF, 0xFF, 0xA0, 0x0F, 0xFF, 0xFC, 0x00, 0x00, 0x00, 0x00, 0x00,
    0x3F, 0xFF, 0xF8, 0x00, 0x00, 0x2F, 0xFF, 0xF4, 0x00, 0x00, 0x02, 0xFE, 0x00, 0x00, 0x00, 0x01,
    0xFE, 0x00, 0x00, 0x00, 0x01, 0xFE, 0x00, 0x00, 0x00, 0x01, 0xFE, 0x00, 0x00, 0x00, 0x01, 0xFE,
    0x00, 0x00, 0x00, 0x01, 0xFF, 0xAA, 0x00, 0x00, 0x01, 0xFF, 0xFF, 0xF8, 0x00, 0x01, 0xFF, 0xAA,
    0xFF, 0x80, 0x01, 0xFE, 0x00, 0x3F, 0xD0, 0x01, 0xFE, 0x00, 0x2F, 0xF0, 0x01, 0xFE, 0x00, 0x0F,
    0xF0, 0x01, 0xFE, 0x00, 0x0F, 0xF0, 0x01, 0xFE, 0x00, 0x0F, 0xF0, 0x01, 0xFE, 0x00, 0x0F, 0xF0,
    0x01, 0xFE, 0x00, 0x2F, 0xF0, 0x02, 0xFE, 0x00, 0xBF, 0xC0, 0x3F, 0xFF, 0xFF, 0xFF, 0x40, 0x3F,
    0xFF, 0xFF, 0xA0, 0x00, 0x00, 0x28, 0x00, 0x00, 0x00, 0x7F, 0xFF, 0xF8, 0x00, 0x00, 0xBF, 0xAA,
    0xFF, 0x80, 0x00, 0xBC, 0x00, 0x1F, 0xF0, 0x00, 0xB8, 0x00, 0x03, 0xF8, 0x00, 0xB8, 0x00, 0x02,
    0xFC, 0x00, 0x20, 0x00, 0x00, 0xFE, 0x00, 0x00, 0x00, 0x00, 0xFF, 0x00, 0x00, 0x00, 0x00, 0xFF,
    0x00, 0x00, 0x00, 0x00, 0xFF, 0x40, 0x00, 0x3F, 0xFF, 0xFF, 0x80, 0x00, 0x3F, 0xFF, 0xFF, 0x80,
    0x00, 0x00, 0x00, 0xFF, 0x40, 0x00, 0x00, 0x00, 0xFF, 0x00, 0x00, 0x00, 0x00, 0xFF, 0x00, 0x60,
    0x00, 0x01, 0xFE, 0x00, 0xB8, 0x00, 0x03, 0xFC, 0x00, 0xB8, 0x00, 0x0B, 0xF4, 0x00, 0xBC, 0x00,
    0x2F, 0xE0, 0x00, 0xBF, 0xAA, 0xFF, 0x80, 0x00, 0x2F, 0xFF, 0xF8, 0x00, 0x00, 0x00, 0x14, 0x00,
    0x00, 0x00, 0x00, 0x00, 0x00, 0x00, 0x01, 0x80, 0x00, 0x00, 0x3F, 0xFF, 0xF0, 0x00, 0xBF, 0xFF,
    0x80, 0x00, 0x3F, 0xFF, 0xF0, 0x07, 0xFE, 0xAF, 0xF0, 0x00, 0x02, 0xFE, 0x00, 0x1F, 0xE0, 0x03,
    0xFC, 0x00, 0x02, 0xFE, 0x00, 0x3F, 0xC0, 0x02, 0xFE, 0x00, 0x02, 0xFE, 0x00, 0xBF, 0x40, 0x00,
    0xFF, 0x00, 0x02, 0xFE, 0x00, 0xFF, 0x00, 0x00, 0xBF, 0x00, 0x02, 0xFE, 0x00, 0xFF, 0x00, 0x00,
    0xBF, 0x80, 0x02, 0xFE, 0x00, 0xFF, 0x00, 0x00, 0x3F, 0xC0, 0x02, 0xFE, 0x02, 0xFE, 0x00, 0x00,
    0x3F, 0xC0, 0x02, 0xFF, 0xFF, 0xFE, 0x00, 0x00, 0x3F, 0xC0, 0x02, 0xFF, 0xFF, 0xFE, 0x00, 0x00,
    0x3F, 0xC0, 0x02, 0xFE, 0x02, 0xFE, 0x00, 0x00, 0x3F, 0xC0, 0x02, 0xFE, 0x01, 0xFF, 0x00, 0x00,
    0x3F, 0xC0, 0x02, 0xFE, 0x00, 0xFF, 0x00, 0x00, 0xBF, 0x80, 0x02, 0xFE, 0x00, 0xFF, 0x00, 0x00,
    0xBF, 0x00, 0x02, 0xFE, 0x00, 0xBF, 0x80, 0x00, 0xFF, 0x00, 0x02, 0xFE, 0x00, 0x3F, 0xC0, 0x02,
    0xFC, 0x00, 0x02, 0xFE, 0x00, 0x0F, 0xE0, 0x03, 0xF8, 0x00, 0x3F, 0xFF, 0xF0, 0x03, 0xFE, 0xAF,
    0xE0, 0x00, 0x3F, 0xFF, 0xF0, 0x00, 0xBF, 0xFF, 0x00, 0x00, 0x00, 0x00, 0x00, 0x00, 0x00, 0x40,
    0x00, 0x00, 0x00, 0x00, 0x00, 0x00, 0x00, 0x00, 0x00, 0x00, 0xAF, 0xFF, 0xFF, 0xC0, 0x00, 0x0F,
    0xFF, 0xFF, 0xFF, 0xC0, 0x00, 0x3F, 0xF8, 0x03, 0xFC, 0x00, 0x00, 0xBF, 0xC0, 0x03, 0xFC, 0x00,
    0x00, 0xFF, 0x80, 0x03, 0xFC, 0x00, 0x00, 0xFF, 0x40, 0x03, 0xFC, 0x00, 0x00, 0xBF, 0x80, 0x03,
    0xFC, 0x00, 0x00, 0x3F, 0xC0, 0x03, 0xFC, 0x00, 0x00, 0x2F, 0xE0, 0x03, 0xFC, 0x00, 0x00, 0x03,
    0xFF, 0xEB, 0xFC, 0x00, 0x00, 0x00, 0xFF, 0xFF, 0xFC, 0x00, 0x00, 0x07, 0xFE, 0x83, 0xFC, 0x00,
    0x00, 0x0F, 0xF0, 0x03, 0xFC, 0x00, 0x00, 0x2F, 0xE0, 0x03, 0xFC, 0x00, 0x00, 0x3F, 0xC0, 0x03,
    0xFC, 0x00, 0x00, 0x3F, 0xC0, 0x03, 0xFC, 0x00, 0x00, 0xBF, 0x40, 0x03, 0xFC, 0x00, 0x01, 0xFF,
    0x00, 0x03, 0xFC, 0x00, 0x3F, 0xFD, 0x00, 0x3F, 0xFF, 0xC0, 0x3F, 0xF4, 0x00, 0x7F, 0xFF, 0xC0,
    0x05, 0x00, 0x00, 0x00, 0x00, 0x00, 0x00, 0x00, 0x00, 0x00, 0x00, 0x00, 0xFE, 0x00, 0x00, 0x00,
    0x00, 0xFF, 0x80, 0x00, 0x00, 0x00, 0xFF, 0xD0, 0x00, 0x00, 0x00, 0x3F, 0xF0, 0x00, 0x00, 0x00,
    0x0B, 0xFC, 0x00, 0x00, 0x00, 0x00, 0xFF, 0x00, 0x00, 0x00, 0x00, 0x2F, 0xC0, 0x00, 0x00, 0x00,
    0x00, 0x00, 0x00, 0x00, 0x00, 0x00, 0x00, 0x00, 0x00, 0x00, 0x28, 0x00, 0x00, 0x00, 0x1F, 0xFF,
    0xF0, 0x00, 0x00, 0xFF, 0xFF, 0xFD, 0x00, 0x03, 0xFC, 0x00, 0xFF, 0x00, 0x0B, 0xF0, 0x00, 0x3F,
    0xC0, 0x1F, 0xE0, 0x00, 0x3F, 0xC0, 0x3F, 0xC0, 0x00, 0x2F, 0xE0, 0x3F, 0xC0, 0x00, 0x2F, 0xE0,
    0x7F, 0xEA, 0xAA, 0xBF, 0xE0, 0xBF, 0xFF, 0xFF, 0xFF, 0xF0, 0xBF, 0x80, 0x00, 0x00, 0x00, 0xBF,
    0x80, 0x00, 0x00, 0x00, 0xBF, 0x80, 0x00, 0x00, 0x00, 0xBF, 0xC0, 0x00, 0x00, 0x00, 0x3F, 0xC0,
    0x00, 0x00, 0x00, 0x3F, 0xE0, 0x00, 0x00, 0x00, 0x2F, 0xF0, 0x00, 0x00, 0x20, 0x0F, 0xFD, 0x00,
    0x02, 0xF0, 0x03, 0xFF, 0xE0, 0x6F, 0xF0, 0x00, 0xFF, 0xFF, 0xFF, 0x80, 0x00, 0x2F, 0xFF, 0xF8,
    0x00, 0x00, 0x00, 0x14, 0x00, 0x00, 0x00, 0xA8, 0x00, 0x28, 0x00, 0x02, 0xFE, 0x00, 0xFF, 0x00,
    0x03, 0xFE, 0x00, 0xFF, 0x00, 0x02, 0xFE, 0x00, 0xFF, 0x00, 0x00, 0xB8, 0x00, 0x7C, 0x00, 0x00,
    0x00, 0x00, 0x00, 0x00, 0x00, 0x00, 0x00, 0x00, 0x00, 0x00, 0x00, 0x00, 0x00, 0x00, 0x00, 0x00,
    0x28, 0x00, 0x00, 0x00, 0x1F, 0xFF, 0xF0, 0x00, 0x00, 0xFF, 0xFF, 0xFD, 0x00, 0x03, 0xFC, 0x00,
    0xFF, 0x00, 0x0B, 0xF0, 0x00, 0x3F, 0xC0, 0x1F, 0xE0, 0x00, 0x3F, 0xC0, 0x3F, 0xC0, 0x00, 0x2F,
    0xE0, 0x3F, 0xC0, 0x00, 0x2F, 0xE0, 0x7F, 0xEA, 0xAA, 0xBF, 0xE0, 0xBF, 0xFF, 0xFF, 0xFF, 0xF0,
    0xBF, 0x80, 0x00, 0x00, 0x00, 0xBF, 0x80, 0x00, 0x00, 0x00, 0xBF, 0x80, 0x00, 0x00, 0x00, 0xBF,
    0xC0, 0x00, 0x00, 0x00, 0x3F, 0xC0, 0x00, 0x00, 0x00, 0x3F, 0xE0, 0x00, 0x00, 0x00, 0x2F, 0xF0,
    0x00, 0x00, 0x20, 0x0F, 0xFD, 0x00, 0x02, 0xF0, 0x03, 0xFF, 0xE0, 0x6F, 0xF0, 0x00, 0xFF, 0xFF,
    0xFF, 0x80, 0x00, 0x2F, 0xFF, 0xF8, 0x00, 0x00, 0x00, 0x14, 0x00, 0x00, 0x00, 0x18, 0x00, 0x00,
    0x00, 0x00, 0x0B, 0xFE, 0x00, 0x00, 0x00, 0x00, 0xBF, 0xFE, 0x00, 0x00, 0x00, 0x00, 0x2A, 0xFE,
    0x00, 0x00, 0x00, 0x00, 0x00, 0xFE, 0x00, 0x00, 0x00, 0x00, 0x00, 0xFE, 0x00, 0x00, 0x00, 0x00,
    0x2B, 0xFF, 0xAA, 0xA8, 0x00, 0x00, 0xBF, 0xFF, 0xFF, 0xFC, 0x00, 0x00, 0x2A, 0xFF, 0xAA, 0xA8,
    0x00, 0x00, 0x00, 0xFE, 0x00, 0x00, 0x00, 0x00, 0x00, 0xFE, 0x00, 0x18, 0x00, 0x00, 0x00, 0xFE,
    0x0B, 0xFF, 0xE0, 0x00, 0x00, 0xFF, 0xBF, 0xFF, 0xFC, 0x00, 0x00, 0xFF, 0xFA, 0xAF, 0xFF, 0x00,
    0x00, 0xFF, 0x80, 0x02, 0xFF, 0x80, 0x00, 0xFE, 0x00, 0x00, 0xBF, 0xC0, 0x00, 0xFE, 0x00, 0x00,
    0x3F, 0xE0, 0x00, 0xFE, 0x00, 0x00, 0x1F, 0xF0, 0x00, 0xFE, 0x00, 0x00, 0x0F, 0xF0, 0x00, 0xFE,
    0x00, 0x00, 0x0F, 0xF0, 0x00, 0xFE, 0x00, 0x00, 0x0F, 0xF0, 0x00, 0xFE, 0x00, 0x00, 0x0F, 0xF0,
    0x00, 0xFE, 0x00, 0x00, 0x0F, 0xF0, 0x00, 0xFE, 0x00, 0x00, 0x0F, 0xF0, 0x00, 0xFE, 0x00, 0x00,
    0x0F, 0xF0, 0x00, 0xFE, 0x00, 0x00, 0x0F, 0xF0, 0x00, 0xFE, 0x00, 0x00, 0x2F, 0xE0, 0x00, 0xFE,
    0x00, 0x00, 0x2F, 0xD0, 0x02, 0xFF, 0x00, 0x00, 0x3F, 0xC0, 0x3F, 0xFF, 0xF0, 0x00, 0xBF, 0x80,
    0x3F, 0xFF, 0xF0, 0x00, 0xFF, 0x00, 0x00, 0x00, 0x00, 0x02, 0xFE, 0x00, 0x00, 0x00, 0x00, 0x07,
    0xFC, 0x00, 0x00, 0x00, 0x00, 0x0F, 0xF0, 0x00, 0x00, 0x00, 0x00, 0x3F, 0xC0, 0x00, 0x00, 0x00,
    0x03, 0xFF, 0x00, 0x00, 0x00, 0x00, 0xBF, 0xF0, 0x00, 0x00, 0x00, 0x00, 0x7A, 0x00, 0x00, 0x00,
    0x00, 0x00, 0x00, 0x00, 0x00, 0x00, 0x00, 0x03, 0xFC, 0x00, 0x00, 0x00, 0x0B, 0xFC, 0x00, 0x00,
    0x00, 0x2F, 0xFC, 0x00, 0x00, 0x00, 0xBF, 0xF0, 0x00, 0x00, 0x00, 0xFF, 0x80, 0x00, 0x00, 0x03,
    0xF8, 0x00, 0x00, 0x00, 0x0F, 0xC0, 0x00, 0x00, 0x00, 0x00, 0x00, 0x00, 0x00, 0x00, 0x00, 0x00,
    0x00, 0x00, 0x00, 0x00, 0x00, 0x00, 0x00, 0x3F, 0xFF, 0xFF, 0xFF, 0xC0, 0x3F, 0xFF, 0xFF, 0xFF,
    0xC0, 0x02, 0xFE, 0x00, 0x0B, 0xC0, 0x02, 0xFE, 0x00, 0x03, 0xC0, 0x02, 0xFE, 0x00, 0x03, 0xC0,
    0x02, 0xFE, 0x00, 0x02, 0xC0, 0x02, 0xFE, 0x00, 0x00, 0x00, 0x02, 0xFE, 0x00, 0x00, 0x00, 0x02,
    0xFE, 0x00, 0x00, 0x00, 0x02, 0xFE, 0x00, 0x00, 0x00, 0x02, 0xFE, 0x00, 0x00, 0x00, 0x02, 0xFE,
    0x00, 0x00, 0x00, 0x02, 0xFE, 0x00, 0x00, 0x00, 0x02, 0xFE, 0x00, 0x00, 0x00, 0x02, 0xFE, 0x00,
    0x00, 0x00, 0x02, 0xFE, 0x00, 0x00, 0x00, 0x02, 0xFE, 0x00, 0x00, 0x00, 0x02, 0xFE, 0x00, 0x00,
    0x00, 0x3F, 0xFF, 0xF0, 0x00, 0x00, 0x3F, 0xFF, 0xF0, 0x00, 0x00, 0x00, 0x00, 0x19, 0x00, 0x00,
    0x00, 0x1F, 0xFF, 0xFE, 0x00, 0x00, 0xFF, 0xEA, 0xFF, 0x80, 0x03, 0xFC, 0x00, 0x0F, 0x80, 0x0F,
    0xF0, 0x00, 0x0F, 0x80, 0x2F, 0xC0, 0x00, 0x0B, 0x80, 0x3F, 0x80, 0x00, 0x02, 0x00, 0x3F, 0x40,
    0x00, 0x00, 0x00, 0xBF, 0x00, 0x00, 0x00, 0x00, 0xBF, 0x00, 0x00, 0x00, 0x00, 0xBF, 0xFF, 0xFE,
    0x00, 0x00, 0xBF, 0xEA, 0xAA, 0x00, 0x00, 0xBF, 0x00, 0x00, 0x00, 0x00, 0xBF, 0x00, 0x00, 0x00,
    0x00, 0x3F, 0x80, 0x00, 0x00, 0x00, 0x3F, 0xC0, 0x00, 0x06, 0x00, 0x0F, 0xC0, 0x00, 0x0F, 0x80,
    0x0B, 0xF0, 0x00, 0x0F, 0x80, 0x03, 0xFC, 0x00, 0x0F, 0x80, 0x00, 0xBF, 0xEA, 0xBF, 0x80, 0x00,
    0x0B, 0xFF, 0xFE, 0x00, 0x00, 0x00, 0x08, 0x00, 0x00, 0x00, 0x06, 0xA0, 0x00, 0x01, 0xFF, 0xFF,
    0xD0, 0x0B, 0xFE, 0xBF, 0xE0, 0x1F, 0xE0, 0x03, 0xE0, 0x3F, 0xC0, 0x03, 0xE0, 0x3F, 0xC0, 0x03,
    0xE0, 0x3F, 0xC0, 0x00, 0x80, 0x3F, 0xF0, 0x00, 0x00, 0x3F, 0xFE, 0x00, 0x00, 0x0F, 0xFF, 0xE0,
    0x00, 0x03, 0xFF, 0xFC, 0x00, 0x00, 0x3F, 0xFF, 0x80, 0x00, 0x07, 0xFF, 0xE0, 0x00, 0x00, 0xBF,
    0xF0, 0x00, 0x00, 0x0F, 0xF0, 0xBC, 0x00, 0x0F, 0xF0, 0xBC, 0x00, 0x0B, 0xF0, 0xBC, 0x00, 0x0F,
    0xE0, 0xBE, 0x00, 0x3F, 0xC0, 0xBF, 0xFF, 0xFF, 0x00, 0x2F, 0xFF, 0xF8, 0x00, 0x00, 0x00, 0x00,
    0x00, 0x00, 0x00, 0x00, 0x01, 0xFC, 0x00, 0x03, 0xFF, 0x00, 0x03, 0xFF, 0x00, 0x03, 0xFE, 0x00,
    0x00, 0xF8, 0x00, 0x00, 0x00, 0x00, 0x00, 0x00, 0x00, 0x00, 0x00, 0x00, 0x00, 0x28, 0x00, 0x0B,
    0xFC, 0x00, 0xBF, 0xFC, 0x00, 0x6B, 0xFC, 0x00, 0x03, 0xFC, 0x00, 0x03, 0xFC, 0x00, 0x03, 0xFC,
    0x00, 0x03, 0xFC, 0x00, 0x03, 0xFC, 0x00, 0x03, 0xFC, 0x00, 0x03, 0xFC, 0x00, 0x03, 0xFC, 0x00,
    0x03, 0xFC, 0x00, 0x03, 0xFC, 0x00, 0x03, 0xFC, 0x00, 0x03, 0xFC, 0x00, 0x03, 0xFC, 0x00, 0x03,
    0xFC, 0x00, 0x03, 0xFD, 0x00, 0xBF, 0xFF, 0xF0, 0xBF, 0xFF, 0xF0, 0x0A, 0x00, 0x0A, 0x80, 0x3F,
    0xC0, 0x2F, 0xE0, 0x3F, 0xC0, 0x3F, 0xE0, 0x3F, 0xC0, 0x2F, 0xE0, 0x1F, 0x00, 0x0B, 0x80, 0x00,
    0x00, 0x00, 0x00, 0x00, 0x00, 0x00, 0x00, 0x00, 0x00, 0x00, 0x00, 0x00, 0x02, 0x80, 0x00, 0x00,
    0xBF, 0xC0, 0x00, 0x0B, 0xFF, 0xC0, 0x00, 0x06, 0xBF, 0xC0, 0x00, 0x00, 0x3F, 0xC0, 0x00, 0x00,
    0x3F, 0xC0, 0x00, 0x00, 0x3F, 0xC0, 0x00, 0x00, 0x3F, 0xC0, 0x00, 0x00, 0x3F, 0xC0, 0x00, 0x00,
    0x3F, 0xC0, 0x00, 0x00, 0x3F, 0xC0, 0x00, 0x00, 0x3F, 0xC0, 0x00, 0x00, 0x3F, 0xC0, 0x00, 0x00,
    0x3F, 0xC0, 0x00, 0x00, 0x3F, 0xC0, 0x00, 0x00, 0x3F, 0xC0, 0x00, 0x00, 0x3F, 0xC0, 0x00, 0x00,
    0x3F, 0xC0, 0x00, 0x00, 0x3F, 0xD0, 0x00, 0x0B, 0xFF, 0xFF, 0x00, 0x0B, 0xFF, 0xFF, 0x00, 0x00,
    0x00, 0x00, 0x00, 0x00, 0x00, 0xBF, 0x00, 0x00, 0x00, 0xFF, 0x80, 0x00, 0x01, 0xFF, 0x80, 0x00,
    0x00, 0xFF, 0x80, 0x00, 0x00, 0x3E, 0x00, 0x00, 0x00, 0x00, 0x00, 0x00, 0x00, 0x00, 0x00, 0x00,
    0x00, 0x00, 0x00, 0x00, 0x00, 0x0A, 0x00, 0x00, 0x02, 0xFF, 0x00, 0x00, 0x2F, 0xFF, 0x00, 0x00,
    0x0A, 0xFF, 0x00, 0x00, 0x00, 0xBF, 0x00, 0x00, 0x00, 0xBF, 0x00, 0x00, 0x00, 0xBF, 0x00, 0x00,
    0x00, 0xBF, 0x00, 0x00, 0x00, 0xBF, 0x00, 0x00, 0x00, 0xBF, 0x00, 0x00, 0x00, 0xBF, 0x00, 0x00,
    0x00, 0xBF, 0x00, 0x00, 0x00, 0xBF, 0x00, 0x00, 0x00, 0xBF, 0x00, 0x00, 0x00, 0xBF, 0x00, 0x00,
    0x00, 0xBF, 0x00, 0x00, 0x00, 0xBF, 0x00, 0x00, 0x00, 0xBF, 0x00, 0x00, 0x00, 0xBF, 0x00, 0x00,
    0x00, 0xBF, 0x00, 0x00, 0x00, 0xBF, 0x00, 0x00, 0x00, 0xBF, 0x00, 0x00, 0x00, 0xBF, 0x00, 0x00,
    0x00, 0xBF, 0x00, 0x00, 0x00, 0xFE, 0x00, 0x04, 0x00, 0xFC, 0x00, 0x3F, 0x00, 0xFC, 0x00, 0x3F,
    0xE3, 0xF0, 0x00, 0x3F, 0xFF, 0xC0, 0x00, 0x2F, 0xFE, 0x00, 0x00, 0x00, 0x00, 0x00, 0x00, 0x00,
    0x00, 0x00, 0x00, 0x00, 0x00, 0x00, 0x00, 0x00, 0x2F, 0xFF, 0xFF, 0xFF, 0xF0, 0x00, 0x00, 0x00,
    0x2F, 0xFF, 0xFF, 0xFF, 0xF0, 0x00, 0x00, 0x00, 0x00, 0xF0, 0x03, 0xFC, 0x00, 0x00, 0x00, 0x00,
    0x00, 0xF0, 0x02, 0xFC, 0x00, 0x00, 0x00, 0x00, 0x00, 0xF0, 0x02, 0xFC, 0x00, 0x00, 0x00, 0x00,
    0x00, 0xF0, 0x02, 0xFC, 0x00, 0x00, 0x00, 0x00, 0x00, 0xF0, 0x02, 0xFC, 0x00, 0x00, 0x00, 0x00,
    0x00, 0xF0, 0x02, 0xFE, 0xA9, 0x00, 0x00, 0x00, 0x00, 0xF0, 0x02, 0xFF, 0xFF, 0xF8, 0x00, 0x00,
    0x00, 0xF0, 0x02, 0xFE, 0xAB, 0xFF, 0x00, 0x00, 0x02, 0xF0, 0x02, 0xFC, 0x00, 0xBF, 0xC0, 0x00,
    0x02, 0xF0, 0x02, 0xFC, 0x00, 0x3F, 0xE0, 0x00, 0x02, 0xE0, 0x02, 0xFC, 0x00, 0x2F, 0xF0, 0x00,
    0x03, 0xE0, 0x02, 0xFC, 0x00, 0x0F, 0xF0, 0x00, 0x03, 0xC0, 0x02, 0xFC, 0x00, 0x0F, 0xF0, 0x00,
    0x07, 0xC0, 0x02, 0xFC, 0x00, 0x2F, 0xF0, 0x3E, 0x0F, 0x80, 0x02, 0xFC, 0x00, 0x3F, 0xE0, 0xFF,
    0xFF, 0x00, 0x03, 0xFC, 0x01, 0xFF, 0xC0, 0xFF, 0xFD, 0x00, 0x7F, 0xFF, 0xFF, 0xFF, 0x00, 0xBF,
    0xF0, 0x00, 0xBF, 0xFF, 0xFF, 0xA0, 0x00, 0x08, 0x00, 0x00, 0x00, 0x00, 0x00, 0x00, 0x00, 0x00,
    0x00, 0x00, 0x00, 0x00, 0x00, 0x00, 0x00, 0x3F, 0xFF, 0xF0, 0x2F, 0xFF, 0xF8, 0x00, 0x00, 0x3F,
    0xFF, 0xF0, 0x2F, 0xFF, 0xF8, 0x00, 0x00, 0x02, 0xFE, 0x00, 0x00, 0xFF, 0x00, 0x00, 0x00, 0x01,
    0xFE, 0x00, 0x00, 0xFF, 0x00, 0x00, 0x00, 0x01, 0xFE, 0x00, 0x00, 0xFF, 0x00, 0x00, 0x00, 0x01,
    0xFE, 0x00, 0x00, 0xFF, 0x00, 0x00, 0x00, 0x01, 0xFE, 0x00, 0x00, 0xFF, 0x00, 0x00, 0x00, 0x01,
    0xFE, 0x00, 0x00, 0xFF, 0x00, 0x00, 0x00, 0x01, 0xFF, 0xFF, 0xFF, 0xFF, 0xFF, 0xF8, 0x00, 0x01,
    0xFF, 0xFF, 0xFF, 0xFF, 0xAB, 0xFF, 0x80, 0x01, 0xFE, 0x00, 0x00, 0xFF, 0x00, 0x3F, 0xE0, 0x01,
    0xFE, 0x00, 0x00, 0xFF, 0x00, 0x0F, 0xF0, 0x01, 0xFE, 0x00, 0x00, 0xFF, 0x00, 0x0F, 0xF4, 0x01,
    0xFE, 0x00, 0x00, 0xFF, 0x00, 0x0B, 0xF8, 0x01, 0xFE, 0x00, 0x00, 0xFF, 0x00, 0x0B, 0xF8, 0x01,
    0xFE, 0x00, 0x00, 0xFF, 0x00, 0x0F, 0xF4, 0x01, 0xFE, 0x00, 0x00, 0xFF, 0x00, 0x0F, 0xF0, 0x02,
    0xFE, 0x00, 0x00, 0xFF, 0x00, 0xBF, 0xE0, 0x3F, 0xFF, 0xF0, 0x2F, 0xFF, 0xFF, 0xFF, 0x80, 0x3F,
    0xFF, 0xF0, 0x2F, 0xFF, 0xFF, 0xE4, 0x00, 0x00, 0x02, 0x00, 0x00, 0x00, 0x00, 0x02, 0xFF, 0x80,
    0x00, 0x00, 0x00, 0x2F, 0xFF, 0x80, 0x00, 0x00, 0x00, 0x0A, 0xFF, 0x80, 0x00, 0x00, 0x00, 0x00,
    0x7F, 0x80, 0x00, 0x00, 0x00, 0x00, 0x7F, 0x80, 0x00, 0x00, 0x00, 0x00, 0x7F, 0x80, 0x00, 0x00,
    0x00, 0x3F, 0xFF, 0xFF, 0xC0, 0x00, 0x00, 0x3F, 0xFF, 0xFF, 0xC0, 0x00, 0x00, 0x2A, 0xBF, 0xEA,
    0x80, 0x00, 0x00, 0x00, 0x7F, 0x80, 0x06, 0x00, 0x00, 0x00, 0x7F, 0x82, 0xFF, 0xF8, 0x00, 0x00,
    0x7F, 0xAF, 0xFF, 0xFE, 0x00, 0x00, 0x7F, 0xFF, 0xFF, 0xFF, 0x00, 0x00, 0x7F, 0xE0, 0x01, 0xFF,
    0x80, 0x00, 0x7F, 0x80, 0x00, 0xBF, 0xC0, 0x00, 0x7F, 0x80, 0x00, 0x3F, 0xC0, 0x00, 0x7F, 0x80,
    0x00, 0x3F, 0xC0, 0x00, 0x7F, 0x80, 0x00, 0x3F, 0xC0, 0x00, 0x7F, 0x80, 0x00, 0x3F, 0xC0, 0x00,
    0x7F, 0x80, 0x00, 0x3F, 0xC0, 0x00, 0x7F, 0x80, 0x00, 0x3F, 0xC0, 0x00, 0x7F, 0x80, 0x00, 0x3F,
    0xC0, 0x00, 0x7F, 0x80, 0x00, 0x3F, 0xC0, 0x00, 0x7F, 0x80, 0x00, 0x3F, 0xC0, 0x00, 0x7F, 0x80,
    0x00, 0x3F, 0xC0, 0x00, 0x7F, 0x80, 0x00, 0x3F, 0xC0, 0x00, 0x7F, 0x80, 0x00, 0x3F, 0xC0, 0x00,
    0xBF, 0x80, 0x00, 0x3F, 0xC0, 0x0F, 0xFF, 0xFC, 0x0B, 0xFF, 0xFE, 0x0F, 0xFF, 0xFC, 0x0B, 0xFF,
    0xFE, 0x00, 0x00, 0x00, 0x00, 0x00, 0x00, 0x00, 0x00, 0x00, 0x2F, 0xC0, 0x00, 0x00, 0x00, 0x00,
    0xBF, 0xC0, 0x00, 0x00, 0x00, 0x02, 0xFF, 0xC0, 0x00, 0x00, 0x00, 0x03, 0xFF, 0x00, 0x00, 0x00,
    0x00, 0x0F, 0xF8, 0x00, 0x00, 0x00, 0x00, 0x3F, 0xC0, 0x00, 0x00, 0x00, 0x00, 0xFE, 0x00, 0x00,
    0x00, 0x00, 0x00, 0x00, 0x00, 0x00, 0x00, 0x00, 0x00, 0x00, 0x00, 0x00, 0x00, 0x00, 0x00, 0x00,
    0x00, 0x24, 0x00, 0x3F, 0xFF, 0xF0, 0x03, 0xFF, 0x40, 0x3F, 0xFF, 0xF0, 0x0F, 0xFF, 0xC0, 0x02,
    0xFE, 0x00, 0x1F, 0xFF, 0xC0, 0x01, 0xFE, 0x00, 0x3D, 0x2F, 0x80, 0x01, 0xFE, 0x00, 0x3C, 0x02,
    0x00, 0x01, 0xFE, 0x00, 0xB8, 0x00, 0x00, 0x01, 0xFE, 0x00, 0xF0, 0x00, 0x00, 0x01, 0xFE, 0x03,
    0xE0, 0x00, 0x00, 0x01, 0xFE, 0x0F, 0xC0, 0x00, 0x00, 0x01, 0xFF, 0xFF, 0x80, 0x00, 0x00, 0x01,
    0xFF, 0xFF, 0xE0, 0x00, 0x00, 0x01, 0xFE, 0x2F, 0xF0, 0x00, 0x00, 0x01, 0xFE, 0x07, 0xFC, 0x00,
    0x00, 0x01, 0xFE, 0x02, 0xFF, 0x00, 0x00, 0x01, 0xFE, 0x00, 0xFF, 0x80, 0x00, 0x01, 0xFE, 0x00,
    0x3F, 0xC0, 0x00, 0x01, 0xFE, 0x00, 0x1F, 0xF0, 0x00, 0x02, 0xFE, 0x00, 0x0B, 0xF8, 0x00, 0x3F,
    0xFF, 0xF0, 0x03, 0xFF, 0xD0, 0x3F, 0xFF, 0xF0, 0x02, 0xFF, 0xE0, 0x00, 0x00, 0x00, 0x00, 0x00,
    0x00, 0x00, 0x0F, 0xC0, 0x00, 0x00, 0x00, 0x00, 0x2F, 0xF0, 0x00, 0x00, 0x00, 0x00, 0x1F, 0xFC,
    0x00, 0x00, 0x00, 0x00, 0x0B, 0xFF, 0x00, 0x00, 0x00, 0x00, 0x00, 0xFF, 0xC0, 0x00, 0x00, 0x00,
    0x00, 0x1F, 0xE0, 0x00, 0x00, 0x00, 0x00, 0x02, 0xF8, 0x00, 0x00, 0x00, 0x00, 0x00, 0x00, 0x00,
    0x00, 0x00, 0x00, 0x00, 0x00, 0x00, 0x00, 0x00, 0x00, 0x00, 0x00, 0x00, 0x00, 0xBF, 0xFF, 0xC0,
    0x2F, 0xFF, 0xF8, 0xBF, 0xFF, 0xC0, 0x0F, 0xFF, 0xF4, 0x0B, 0xF8, 0x00, 0x00, 0xFF, 0x00, 0x07,
    0xF8, 0x00, 0x01, 0xFF, 0x00, 0x07, 0xF8, 0x00, 0x03, 0xFF, 0x00, 0x07, 0xF8, 0x00, 0x0F, 0xFF,
    0x00, 0x07, 0xF8, 0x00, 0x3C, 0xFF, 0x00, 0x07, 0xF8, 0x00, 0xF8, 0xFF, 0x00, 0x07, 0xF8, 0x02,
    0xE0, 0xFF, 0x00, 0x07, 0xF8, 0x0B, 0x80, 0xFF, 0x00, 0x07, 0xF8, 0x2F, 0x00, 0xFF, 0x00, 0x07,
    0xF8, 0x3C, 0x00, 0xFF, 0x00, 0x07, 0xF8, 0xF0, 0x00, 0xFF, 0x00, 0x07, 0xFF, 0xC0, 0x00, 0xFF,
    0x00, 0x07, 0xFF, 0x00, 0x00, 0xFF, 0x00, 0x07, 0xFE, 0x00, 0x00, 0xFF, 0x00, 0x07, 0xF8, 0x00,
    0x00, 0xFF, 0x00, 0x0B, 0xF8, 0x00, 0x00, 0xFF, 0x00, 0xBF, 0xFF, 0xC0, 0x1F, 0xFF, 0xF8, 0xBF,
    0xFF, 0xC0, 0x2F, 0xFF, 0xF8, 0x00, 0x00, 0x00, 0x00, 0x00, 0x00, 0x00, 0x0F, 0xC0, 0x3F, 0x80,
    0x00, 0x00, 0x2F, 0xE0, 0x3F, 0xC0, 0x00, 0x00, 0x2F, 0x80, 0x0F, 0xC0, 0x00, 0x00, 0x0F, 0x00,
    0x0B, 0x80, 0x00, 0x00, 0x0B, 0xE0, 0x2F, 0x00, 0x00, 0x00, 0x00, 0xFF, 0xF8, 0x00, 0x00, 0x00,
    0x00, 0x00, 0x00, 0x00, 0x00, 0x00, 0x00, 0x00, 0x00, 0x00, 0x00, 0x00, 0x00, 0x00, 0x00, 0x00,
    0x00, 0xBF, 0xFF, 0xE0, 0x0F, 0xFF, 0xD0, 0xBF, 0xFF, 0xE0, 0x0F, 0xFF, 0xC0, 0x03, 0xFC, 0x00,
    0x00, 0xBC, 0x00, 0x03, 0xFC, 0x00, 0x00, 0xF8, 0x00, 0x02, 0xFE, 0x00, 0x00, 0xF0, 0x00, 0x00,
    0xFF, 0x00, 0x02, 0xF0, 0x00, 0x00, 0xBF, 0x80, 0x03, 0xE0, 0x00, 0x00, 0x3F, 0xC0, 0x0B, 0xC0,
    0x00, 0x00, 0x3F, 0xC0, 0x0F, 0x80, 0x00, 0x00, 0x2F, 0xE0, 0x0F, 0x00, 0x00, 0x00, 0x0F, 0xF0,
    0x3F, 0x00, 0x00, 0x00, 0x0B, 0xF8, 0x3D, 0x00, 0x00, 0x00, 0x03, 0xFC, 0xBC, 0x00, 0x00, 0x00,
    0x03, 0xFC, 0xF8, 0x00, 0x00, 0x00, 0x02, 0xFF, 0xF0, 0x00, 0x00, 0x00, 0x00, 0xFF, 0xE0, 0x00,
    0x00, 0x00, 0x00, 0xFF, 0xC0, 0x00, 0x00, 0x00, 0x00, 0x7F, 0xC0, 0x00, 0x00, 0x00, 0x00, 0x3F,
    0x80, 0x00, 0x00, 0x00, 0x00, 0x2F, 0x00, 0x00, 0x00, 0x00, 0x00, 0x3E, 0x00, 0x00, 0x00, 0x00,
    0x00, 0x3C, 0x00, 0x00, 0x00, 0x00, 0x00, 0xBC, 0x00, 0x00, 0x00, 0x00, 0x00, 0xF4, 0x00, 0x00,
    0x00, 0x0F, 0x03, 0xF0, 0x00, 0x00, 0x00, 0x2F, 0xFB, 0xC0, 0x00, 0x00, 0x00, 0x3F, 0xFF, 0x80,
    0x00, 0x00, 0x00, 0x2F, 0xFE, 0x00, 0x00, 0x00, 0x00, 0x0B, 0xE0, 0x00, 0x00, 0x00, 0x00, 0x00,
    0x00, 0x00, 0x00, 0x00, 0x00, 0xFF, 0xFF, 0xC0, 0xFF, 0xFF, 0xC0, 0xBF, 0xFF, 0xC0, 0xFF, 0xFF,
    0xC0, 0x0B, 0xF8, 0x00, 0x0B, 0xF8, 0x00, 0x07, 0xF8, 0x00, 0x0B, 0xF8, 0x00, 0x07, 0xF8, 0x00,
    0x0B, 0xF8, 0x00, 0x07, 0xF8, 0x00, 0x0B, 0xF8, 0x00, 0x07, 0xF8, 0x00, 0x0B, 0xF8, 0x00, 0x07,
    0xF8, 0x00, 0x0B, 0xF8, 0x00, 0x07, 0xF8, 0x00, 0x0B, 0xF8, 0x00, 0x07, 0xF8, 0x00, 0x0B, 0xF8,
    0x00, 0x07, 0xF8, 0x00, 0x0B, 0xF8, 0x00, 0x07, 0xF8, 0x00, 0x0B, 0xF8, 0x00, 0x07, 0xF8, 0x00,
    0x0B, 0xF8, 0x00, 0x07, 0xF8, 0x00, 0x0B, 0xF8, 0x00, 0x07, 0xF8, 0x00, 0x0B, 0xF8, 0x00, 0x07,
    0xF8, 0x00, 0x0B, 0xF8, 0x00, 0x07, 0xF8, 0x00, 0x0B, 0xF8, 0x00, 0x0B, 0xFC, 0x00, 0x0B, 0xF8,
    0x00, 0xFF, 0xFF, 0xFF, 0xFF, 0xFF, 0xC0, 0xFF, 0xFF, 0xFF, 0xFF, 0xFF, 0xC0, 0x00, 0x02, 0xFF,
    0xE0, 0x00, 0x00, 0x00, 0x00, 0xBF, 0x80, 0x00, 0x00, 0x00, 0x00, 0x3F, 0x00, 0x00, 0x00, 0x00,
    0x00, 0x3F, 0x00, 0x00, 0x00, 0x00, 0x00, 0x3F, 0x00, 0x00, 0x00, 0x00, 0x00, 0x3F, 0x00, 0x00,
    0x00, 0x00, 0x00, 0x00, 0x00, 0x00, 0x00, 0x00, 0x05, 0x55, 0x55, 0x00, 0x00, 0x00, 0x00, 0x2F,
    0xFF, 0xFF, 0x00, 0x00, 0x00, 0x00, 0x1B, 0xFF, 0xEA, 0x00, 0x00, 0x00, 0x00, 0x00, 0xBF, 0x80,
    0x00, 0x00, 0x00, 0x00, 0x00, 0xBF, 0x80, 0x00, 0x00, 0x00, 0x2A, 0xAA, 0xFF, 0xEA, 0xAA, 0x00,
    0x00, 0xBF, 0xFF, 0xFF, 0xFF, 0xFF, 0x00, 0x00, 0xBF, 0x00, 0xFF, 0xC0, 0x3F, 0x00, 0x00, 0xBE,
    0x00, 0xBF, 0x80, 0x2F, 0x00, 0x00, 0xBC, 0x00, 0xBF, 0x80, 0x1F, 0x00, 0x00, 0x7C, 0x00, 0xBF,
    0x80, 0x0F, 0x00, 0x00, 0x00, 0x00, 0xBF, 0x80, 0x00, 0x00, 0x00, 0x00, 0x00, 0xBF, 0xFF, 0xFE,
    0x00, 0x00, 0x00, 0x00, 0xBF, 0xFF, 0xFF, 0xF4, 0x00, 0x00, 0x00, 0xBF, 0x80, 0x1B, 0xFE, 0x00,
    0x00, 0x00, 0xBF, 0x80, 0x00, 0xFF, 0x80, 0x00, 0x00, 0xBF, 0x80, 0x00, 0x7F, 0xC0, 0x00, 0x00,
    0xBF, 0x80, 0x00, 0x3F, 0xF0, 0x00, 0x00, 0xBF, 0x80, 0x00, 0x2F, 0xF0, 0x00, 0x00, 0xBF, 0x80,
    0x00, 0x2F, 0xF0, 0x00, 0x00, 0xBF, 0x80, 0x00, 0x2F, 0xF0, 0x00, 0x00, 0xBF, 0x80, 0x00, 0x2F,
    0xF0, 0x00, 0x00, 0xBF, 0x80, 0x00, 0x2F, 0xF0, 0x00, 0x00, 0xBF, 0x80, 0x00, 0x3F, 0xF0, 0x00,
    0x00, 0xBF, 0x80, 0x00, 0xBF, 0xE0, 0x00, 0x00, 0xBF, 0x80, 0x01, 0xFF, 0xC0, 0x00, 0x00, 0xFF,
    0x80, 0x2F, 0xFF, 0x00, 0x00, 0x3F, 0xFF, 0xFF, 0xFF, 0xF8, 0x00, 0x00, 0x3F, 0xFF, 0xFF, 0xFA,
    0x00, 0x00, 0x02, 0xAA, 0xAA, 0x00, 0x00, 0x00, 0x03, 0xFF, 0xFF, 0x00, 0x00, 0x00, 0x00, 0x7F,
    0xE4, 0x00, 0x00, 0x00, 0x00, 0x2F, 0xC0, 0x00, 0x00, 0x00, 0x6A, 0xBF, 0xFA, 0xA0, 0x00, 0x00,
    0xBF, 0xBF, 0xFB, 0xF0, 0x00, 0x00, 0xBC, 0x2F, 0xC0, 0xF0, 0x00, 0x00, 0xB8, 0x2F, 0xC0, 0xF0,
    0x00, 0x00, 0x00, 0x2F, 0xC0, 0x00, 0x00, 0x00, 0x00, 0x2F, 0xFA, 0xA8, 0x00, 0x00, 0x00, 0x2F,
    0xFF, 0xFF, 0xC0, 0x00, 0x00, 0x2F, 0xE0, 0x2F, 0xF8, 0x00, 0x00, 0x2F, 0xC0, 0x03, 0xFD, 0x00,
    0x00, 0x2F, 0xC0, 0x02, 0xFF, 0x00, 0x00, 0x2F, 0xC0, 0x00, 0xFF, 0x00, 0x00, 0x2F, 0xC0, 0x00,
    0xFF, 0x00, 0x00, 0x2F, 0xC0, 0x02, 0xFF, 0x00, 0x00, 0x2F, 0xC0, 0x03, 0xFE, 0x00, 0x00, 0x3F,
    0xC0, 0x0F, 0xFC, 0x00, 0x03, 0xFF, 0xFF, 0xFF, 0xF0, 0x00, 0x03, 0xFF, 0xFF, 0xFA, 0x00, 0x00,
    0x00, 0x00, 0x00, 0x10, 0x00, 0x00, 0x00, 0x00, 0x00, 0x2F, 0xFF, 0xF8, 0x00, 0x00, 0x00, 0x03,
    0xFF, 0xFF, 0xFF, 0x80, 0x00, 0x00, 0x2F, 0xFC, 0x00, 0xBF, 0xF0, 0x00, 0x00, 0xBF, 0xC0, 0x00,
    0x0B, 0xFC, 0x00, 0x01, 0xFF, 0x00, 0x00, 0x02, 0xFF, 0x00, 0x03, 0xFC, 0x00, 0x00, 0x00, 0xBF,
    0xC0, 0x0B, 0xF8, 0x00, 0x00, 0x00, 0x3F, 0xC0, 0x0F, 0xF0, 0x00, 0x00, 0x00, 0x2F, 0xF0, 0x2F,
    0xF0, 0x00, 0x00, 0x00, 0x0F, 0xF0, 0x3F, 0xE0, 0x00, 0x00, 0x00, 0x0F, 0xF8, 0x3F, 0xC0, 0x00,
    0x00, 0x00, 0x0B, 0xFC, 0x3F, 0xC2, 0xFE, 0x00, 0x00, 0x0F, 0xFC, 0x3F, 0xEF, 0xFF, 0xF0, 0x00,
    0x2F, 0xFC, 0xBF, 0xFF, 0xFF, 0xFF, 0x40, 0xBF, 0xFC, 0xBF, 0xFE, 0x0B, 0xFF, 0xFF, 0xFF, 0xFC,
    0x7F, 0xF0, 0x00, 0x3F, 0xFF, 0xFB, 0xFC, 0x3F, 0xE0, 0x00, 0x02, 0xFF, 0xCB, 0xFC, 0x3F, 0xC0,
    0x00, 0x00, 0x00, 0x0B, 0xFC, 0x3F, 0xE0, 0x00, 0x00, 0x00, 0x0F, 0xF8, 0x2F, 0xF0, 0x00, 0x00,
    0x00, 0x0F, 0xF0, 0x0F, 0xF0, 0x00, 0x00, 0x00, 0x2F, 0xF0, 0x0F, 0xF8, 0x00, 0x00, 0x00, 0x3F,
    0xE0, 0x03, 0xFC, 0x00, 0x00, 0x00, 0xBF, 0xC0, 0x02, 0xFF, 0x00, 0x00, 0x00, 0xFF, 0x00, 0x00,
    0xBF, 0xC0, 0x00, 0x03, 0xFD, 0x00, 0x00, 0x2F, 0xF8, 0x00, 0x2F, 0xF4, 0x00, 0x00, 0x07, 0xFF,
    0xFF, 0xFF, 0xC0, 0x00, 0x00, 0x00, 0xBF, 0xFF, 0xFD, 0x00, 0x00, 0x00, 0x00, 0x01, 0xAA, 0x00,
    0x00, 0x00, 0x00, 0x00, 0x28, 0x00, 0x00, 0x00, 0x2F, 0xFF, 0xF4, 0x00, 0x00, 0xFF, 0xAB, 0xFF,
    0x00, 0x03, 0xFC, 0x00, 0x3F, 0xC0, 0x0F, 0xF0, 0x00, 0x0F, 0xE0, 0x2F, 0xE0, 0x00, 0x0F, 0xF0,
    0x3F, 0xC0, 0x00, 0x03, 0xF8, 0x3F, 0xC0, 0x00, 0x03, 0xFC, 0xBF, 0x80, 0x00, 0x03, 0xFC, 0xBF,
    0xBF, 0xE0, 0x03, 0xFD, 0xBF, 0xFF, 0xFC, 0x0F, 0xFE, 0xBF, 0xE0, 0xBF, 0xFF, 0xFE, 0xBF, 0xC0,
    0x0F, 0xFA, 0xFD, 0x7F, 0x80, 0x00, 0x02, 0xFC, 0x3F, 0xC0, 0x00, 0x03, 0xFC, 0x3F, 0xC0, 0x00,
    0x03, 0xF8, 0x1F, 0xE0, 0x00, 0x0B, 0xF0, 0x0F, 0xF0, 0x00, 0x0F, 0xE0, 0x03, 0xFC, 0x00, 0x7F,
    0xC0, 0x00, 0xFF, 0xEB, 0xFE, 0x00, 0x00, 0x1F, 0xFF, 0xE0, 0x00, 0x00, 0x00, 0x14, 0x00, 0x00,
    0x00, 0x00, 0x00, 0x00, 0x00, 0x00, 0x1B, 0xA0, 0xAA, 0xAA, 0xA0, 0x00, 0x00, 0x00, 0xFF, 0xFC,
    0xBF, 0xFF, 0xF0, 0x00, 0x00, 0x03, 0xFB, 0xFE, 0x1B, 0xFF, 0x00, 0x00, 0x00, 0x0B, 0xC1, 0xFD,
    0x03, 0xFE, 0x00, 0x00, 0x00, 0x0F, 0x80, 0x3C, 0x02, 0xFF, 0x00, 0x00, 0x00, 0x1F, 0x00, 0x00,
    0x00, 0xFF, 0x80, 0x00, 0x00, 0x3F, 0x00, 0x00, 0x00, 0xFF, 0xC0, 0x00, 0x00, 0x3E, 0x00, 0x00,
    0x00, 0xBF, 0xC0, 0x00, 0x00, 0x7C, 0x00, 0x00, 0x00, 0x3F, 0xE0, 0x00, 0x00, 0xFC, 0x00, 0x00,
    0x00, 0x2F, 0xF0, 0x00, 0x00, 0xF4, 0x00, 0x00, 0x00, 0x1F, 0xF0, 0x00, 0x01, 0xF0, 0x00, 0x00,
    0x00, 0x0F, 0xF8, 0x00, 0x03, 0xE0, 0x00, 0x00, 0x00, 0x0B, 0xFC, 0x00, 0x03, 0xD0, 0x00, 0x00,
    0x00, 0x03, 0xFC, 0x00, 0x07, 0xC0, 0x00, 0x00, 0x00, 0x03, 0xFE, 0x00, 0x0F, 0x80, 0x00, 0x00,
    0x00, 0x02, 0xFF, 0x00, 0x0F, 0x00, 0x00, 0x00, 0x00, 0x00, 0xFF, 0x40, 0x1F, 0x00, 0x00, 0x00,
    0x00, 0x00, 0xFF, 0xC0, 0x3E, 0x00, 0x00, 0x00, 0x00, 0x00, 0xBF, 0xC0, 0x3C, 0x00, 0x00, 0x00,
    0x00, 0x00, 0x3F, 0xE0, 0x7C, 0x00, 0x00, 0x00, 0x00, 0x00, 0x2F, 0xF0, 0xF8, 0x00, 0x00, 0x00,
    0x00, 0x00, 0x0F, 0xF0, 0xF0, 0x00, 0x00, 0x00, 0x00, 0x00, 0x0F, 0xFA, 0xF0, 0x00, 0x00, 0x00,
    0x00, 0x00, 0x0B, 0xFF, 0xE0, 0x00, 0x00, 0x00, 0x00, 0x00, 0x03, 0xFF, 0xC0, 0x00, 0x00, 0x00,
    0x00, 0x00, 0x03, 0xFF, 0xC0, 0x00, 0x00, 0x00, 0x00, 0x00, 0x02, 0xFF, 0x80, 0x00, 0x00, 0x00,
    0x00, 0x00, 0x00, 0xFF, 0x00, 0x00, 0x00, 0x00, 0x00, 0x00, 0x00, 0xAA, 0x00, 0x00, 0x00, 0x00,
    0x00, 0x00, 0x00, 0x00, 0x01, 0x90, 0x00, 0xBF, 0xFF, 0xE0, 0x00, 0x3F, 0xFE, 0x00, 0xBF, 0xFF,
    0xE0, 0x00, 0xFF, 0xFF, 0x00, 0x03, 0xFC, 0x00, 0x02, 0xF0, 0xFF, 0x00, 0x03, 0xFC, 0x00, 0x03,
    0xE0, 0x3F, 0x00, 0x02, 0xFE, 0x00, 0x0B, 0xC0, 0x04, 0x00, 0x00, 0xFF, 0x00, 0x0F, 0x80, 0x00,
    0x00, 0x00, 0xFF, 0x40, 0x0F, 0x40, 0x00, 0x00, 0x00, 0x7F, 0xC0, 0x2F, 0x00, 0x00, 0x00, 0x00,
    0x3F, 0xC0, 0x3E, 0x00, 0x00, 0x00, 0x00, 0x2F, 0xE0, 0x3D, 0x00, 0x00, 0x00, 0x00, 0x0F, 0xF0,
    0xBC, 0x00, 0x00, 0x00, 0x00, 0x0F, 0xF0, 0xFC, 0x00, 0x00, 0x00, 0x00, 0x0B, 0xF8, 0xF4, 0x00,
    0x00, 0x00, 0x00, 0x03, 0xFE, 0xF0, 0x00, 0x00, 0x00, 0x00, 0x03, 0xFF, 0xF0, 0x00, 0x00, 0x00,
    0x00, 0x02, 0xFF, 0xE0, 0x00, 0x00, 0x00, 0x00, 0x00, 0xFF, 0xC0, 0x00, 0x00, 0x00, 0x00, 0x00,
    0xBF, 0xC0, 0x00, 0x00, 0x00, 0x00, 0x00, 0x3F, 0x80, 0x00, 0x00, 0x00, 0x00, 0x00, 0x3F, 0x00,
    0x00, 0x00, 0x00, 0x00, 0x00, 0x00, 0x00, 0x00, 0x00, 0x00, 0x00, 0x00, 0xFE, 0x00, 0xFC, 0x00,
    0x00, 0x00, 0x00, 0xFF, 0x03, 0xFD, 0x00, 0x00, 0x00, 0x00, 0xFC, 0x00, 0xBD, 0x00, 0x00, 0x00,
    0x00, 0xF0, 0x00, 0x3C, 0x00, 0x00, 0x00, 0x00, 0x3E, 0x02, 0xF0, 0x00, 0x00, 0x00, 0x00, 0x0F,
    0xFF, 0xC0, 0x00, 0x00, 0x00, 0x00, 0x00, 0x10, 0x00, 0x00, 0x00, 0x00, 0x00, 0x00, 0x00, 0x00,
    0x00, 0x00, 0x00, 0x00, 0x00, 0x00, 0x00, 0x00, 0x00, 0xAA, 0xAA, 0xA8, 0x00, 0xAA, 0xAA, 0xA8,
    0xBF, 0xFF, 0xFC, 0x00, 0xBF, 0xFF, 0xFC, 0x0B, 0xFF, 0x40, 0x00, 0x03, 0xFF, 0x80, 0x02, 0xFE,
    0x00, 0x00, 0x01, 0xFF, 0x00, 0x02, 0xFE, 0x00, 0x00, 0x02, 0xFF, 0x00, 0x02, 0xFE, 0x00, 0x00,
    0x03, 0xFF, 0x00, 0x02, 0xFE, 0x00, 0x00, 0x0F, 0xFF, 0x00, 0x02, 0xFE, 0x00, 0x00, 0x3F, 0xFF,
    0x00, 0x02, 0xFE, 0x00, 0x00, 0xFF, 0xFF, 0x00, 0x02, 0xFE, 0x00, 0x02, 0xFE, 0xFF, 0x00, 0x02,
    0xFE, 0x00, 0x0B, 0xF1, 0xFF, 0x00, 0x02, 0xFE, 0x00, 0x0F, 0xC1, 0xFF, 0x00, 0x02, 0xFE, 0x00,
    0x3F, 0x01, 0xFF, 0x00, 0x02, 0xFE, 0x00, 0xFE, 0x01, 0xFF, 0x00, 0x02, 0xFE, 0x02, 0xF8, 0x01,
    0xFF, 0x00, 0x02, 0xFE, 0x0B, 0xF0, 0x01, 0xFF, 0x00, 0x02, 0xFE, 0x1F, 0xC0, 0x01, 0xFF, 0x00,
    0x02, 0xFE, 0x3F, 0x00, 0x01, 0xFF, 0x00, 0x02, 0xFE, 0xFD, 0x00, 0x01, 0xFF, 0x00, 0x02, 0xFF,
    0xF8, 0x00, 0x01, 0xFF, 0x00, 0x02, 0xFF, 0xE0, 0x00, 0x01, 0xFF, 0x00, 0x02, 0xFF, 0xC0, 0x00,
    0x01, 0xFF, 0x00, 0x02, 0xFF, 0x00, 0x00, 0x01, 0xFF, 0x00, 0x02, 0xFE, 0x00, 0x00, 0x01, 0xFF,
    0x00, 0x02, 0xFE, 0x00, 0x00, 0x01, 0xFF, 0x00, 0x03, 0xFF, 0x00, 0x00, 0x02, 0xFF, 0x40, 0xBF,
    0xFF, 0xFC, 0x00, 0xBF, 0xFF, 0xFC, 0xBF, 0xFF, 0xFC, 0x00, 0xBF, 0xFF, 0xFC, 0x00, 0x00, 0x00,
    0x00, 0x00, 0x00, 0xF8, 0x00, 0x00, 0x00, 0x00, 0x00, 0x03, 0xF0, 0x00, 0x00, 0x00, 0x00, 0x00,
    0x07, 0xE0, 0x00, 0x00, 0x00, 0x00, 0x00, 0x0F, 0xC0, 0x00, 0x00, 0x00, 0x00, 0x00, 0x2F, 0x00,
    0x00, 0x00, 0x00, 0x00, 0x00, 0x3E, 0x00, 0x00, 0x00, 0x00, 0x00, 0x00, 0xA8, 0x00, 0x00, 0x00,
    0x00, 0x00, 0x00, 0x00, 0x00, 0x0F, 0xD0, 0x2F, 0xC0, 0x00, 0x00, 0x2F, 0xE0, 0x3F, 0xC0, 0x00,
    0x00, 0x1F, 0x80, 0x0F, 0xC0, 0x00, 0x00, 0x0F, 0x00, 0x07, 0xC0, 0x00, 0x00, 0x07, 0xE0, 0x2F,
    0x00, 0x00, 0x00, 0x00, 0xFF, 0xF8, 0x00, 0x00, 0x00, 0x00, 0x00, 0x00, 0x00, 0x00, 0x00, 0x00,
    0x00, 0x00, 0x00, 0x00, 0x00, 0x00, 0x00, 0x00, 0x00, 0x00, 0xBF, 0xFF, 0xC0, 0x2F, 0xFF, 0xF8,
    0xBF, 0xFF, 0xC0, 0x0F, 0xFF, 0xF4, 0x0B, 0xF8, 0x00, 0x00, 0xFF, 0x00, 0x07, 0xF8, 0x00, 0x01,
    0xFF, 0x00, 0x07, 0xF8, 0x00, 0x03, 0xFF, 0x00, 0x07, 0xF8, 0x00, 0x0F, 0xFF, 0x00, 0x07, 0xF8,
    0x00, 0x3C, 0xFF, 0x00, 0x07, 0xF8, 0x00, 0xF8, 0xFF, 0x00, 0x07, 0xF8, 0x02, 0xE0, 0xFF, 0x00,
    0x07, 0xF8, 0x0B, 0x80, 0xFF, 0x00, 0x07, 0xF8, 0x2F, 0x00, 0xFF, 0x00, 0x07, 0xF8, 0x3C, 0x00,
    0xFF, 0x00, 0x07, 0xF8, 0xF0, 0x00, 0xFF, 0x00, 0x07, 0xFF, 0xC0, 0x00, 0xFF, 0x00, 0x07, 0xFF,
    0x00, 0x00, 0xFF, 0x00, 0x07, 0xFE, 0x00, 0x00, 0xFF, 0x00, 0x07, 0xF8, 0x00, 0x00, 0xFF, 0x00,
    0x0B, 0xF8, 0x00, 0x00, 0xFF, 0x00, 0xBF, 0xFF, 0xC0, 0x1F, 0xFF, 0xF8, 0xBF, 0xFF, 0xC0, 0x2F,
    0xFF, 0xF8, 0x00, 0x00, 0x00, 0x00, 0x02, 0xF0, 0x00, 0x00, 0x00, 0x00, 0x03, 0xE0, 0x00, 0x00,
    0x00, 0x00, 0x0B, 0xC0, 0x00, 0x00, 0x00, 0x00, 0x0F, 0x80, 0x00, 0x00, 0x00, 0x00, 0x2F, 0x00,
    0x00, 0x00, 0x00, 0x00, 0x3E, 0x00, 0x00, 0x00, 0x00, 0x00, 0x00, 0x00, 0x00, 0x00, 0x00, 0x00,
    0x00, 0x00, 0x00, 0xBF, 0x80, 0x00, 0x00, 0x00, 0x00, 0xBF, 0x80, 0x00, 0x00, 0x00, 0xAA, 0xFF,
    0xEA, 0x80, 0x00, 0x00, 0xBF, 0xFF, 0xFF, 0x80, 0x00, 0x00, 0x2A, 0xFF, 0xEA, 0x00, 0x00, 0x00,
    0x00, 0xBF, 0x80, 0x00, 0x00, 0x00, 0x00, 0xBF, 0x80, 0x00, 0x00, 0x00, 0x00, 0xBF, 0x80, 0x00,
    0x00, 0x00, 0x00, 0xBF, 0x80, 0x00, 0x00, 0x00, 0x00, 0xBF, 0x80, 0x00, 0x00, 0x00, 0x00, 0xBF,
    0x80, 0x00, 0x00, 0x00, 0x00, 0xBF, 0x80, 0x00, 0x00, 0x00, 0x00, 0xBF, 0x85, 0x00, 0x00, 0x00,
    0x00, 0xBF, 0xFF, 0xFF, 0x80, 0x00, 0x00, 0xBF, 0xFA, 0xFF, 0xF8, 0x00, 0x00, 0xBF, 0x80, 0x07,
    0xFF, 0x00, 0x00, 0xBF, 0x80, 0x00, 0xFF, 0xC0, 0x00, 0xBF, 0x80, 0x00, 0x3F, 0xC0, 0x00, 0xBF,
    0x80, 0x00, 0x3F, 0xF0, 0x00, 0xBF, 0x80, 0x00, 0x2F, 0xF0, 0x00, 0xBF, 0x80, 0x00, 0x2F, 0xF0,
    0x00, 0xBF, 0x80, 0x00, 0x2F, 0xF0, 0x00, 0xBF, 0x80, 0x00, 0x2F, 0xF0, 0x00, 0xBF, 0x80, 0x00,
    0x2F, 0xF0, 0x00, 0xBF, 0x80, 0x00, 0x3F, 0xF0, 0x00, 0xBF, 0x80, 0x00, 0x7F, 0xE0, 0x00, 0xBF,
    0x80, 0x01, 0xFF, 0xC0, 0x00, 0xFF, 0x80, 0x2F, 0xFF, 0x00, 0x3F, 0xFF, 0xFF, 0xFF, 0xF8, 0x00,
    0x3F, 0xFF, 0xFF, 0xFA, 0x40, 0x00, 0x00, 0x00, 0x00, 0x00, 0x00, 0x01, 0xFE, 0x00, 0x00, 0x00,
    0x01, 0xFE, 0x00, 0x00, 0x00, 0x02, 0xFE, 0x00, 0x00, 0x00, 0xFF, 0xFF, 0xFC, 0x00, 0x00, 0xFF,
    0xFF, 0xFC, 0x00, 0x00, 0x02, 0xFE, 0x00, 0x00, 0x00, 0x01, 0xFE, 0x00, 0x00, 0x00, 0x01, 0xFE,
    0x00, 0x00, 0x00, 0x01, 0xFE, 0x00, 0x00, 0x00, 0x01, 0xFE, 0x00, 0x00, 0x00, 0x01, 0xFF, 0xAA,
    0x00, 0x00, 0x01, 0xFF, 0xFF, 0xF8, 0x00, 0x01, 0xFF, 0xAA, 0xFF, 0x80, 0x01, 0xFE, 0x00, 0x3F,
    0xD0, 0x01, 0xFE, 0x00, 0x2F, 0xF0, 0x01, 0xFE, 0x00, 0x0F, 0xF0, 0x01, 0xFE, 0x00, 0x0F, 0xF0,
    0x01, 0xFE, 0x00, 0x0F, 0xF0, 0x01, 0xFE, 0x00, 0x0F, 0xF0, 0x01, 0xFE, 0x00, 0x2F, 0xF0, 0x02,
    0xFE, 0x00, 0xBF, 0xC0, 0x3F, 0xFF, 0xFF, 0xFF, 0x40, 0x3F, 0xFF, 0xFF, 0xA0, 0x00, 0x2A, 0xAA,
    0xAA, 0xA8, 0x00, 0x00, 0x3F, 0xFF, 0xFF, 0xFF, 0xF4, 0x00, 0x02, 0xFF, 0xEA, 0xBF, 0xFF, 0x00,
    0x00, 0xBF, 0x80, 0x02, 0xFF, 0xC0, 0x00, 0xBF, 0x80, 0x00, 0xBF, 0xE0, 0x00, 0xBF, 0x80, 0x00,
    0x3F, 0xF0, 0x00, 0xBF, 0x80, 0x00, 0x2F, 0xF0, 0x00, 0xBF, 0x80, 0x00, 0x0F, 0xF0, 0x00, 0xBF,
    0x80, 0x00, 0x0F, 0xF0, 0x00, 0xBF, 0x80, 0x00, 0x0F, 0xF0, 0x00, 0xBF, 0x80, 0x00, 0x1F, 0xF0,
    0x00, 0xBF, 0x80, 0x30, 0x2F, 0xF0, 0x00, 0xBF, 0x80, 0xFC, 0x3F, 0xD0, 0x00, 0xBF, 0x80, 0x3E,
    0xFF, 0xC0, 0x00, 0xBF, 0x80, 0x2F, 0xFF, 0x00, 0x00, 0xBF, 0xEA, 0xBF, 0xFC, 0x00, 0x00, 0xBF,
    0xFF, 0xFF, 0xF0, 0x00, 0x00, 0xBF, 0xEA, 0xA6, 0xF8, 0x00, 0x00, 0xBF, 0x80, 0x00, 0xBC, 0x00,
    0x00, 0xBF, 0x80, 0x00, 0x3C, 0x00, 0x00, 0xBF, 0x80, 0x00, 0x00, 0x00, 0x00, 0xBF, 0x80, 0x00,
    0x00, 0x00, 0x00, 0xBF, 0x80, 0x00, 0x00, 0x00, 0x00, 0xBF, 0x80, 0x00, 0x00, 0x00, 0x00, 0xBF,
    0x80, 0x00, 0x00, 0x00, 0x00, 0xFF, 0xC0, 0x00, 0x00, 0x00, 0x2F, 0xFF, 0xFF, 0x00, 0x00, 0x00,
    0x2F, 0xFF, 0xFF, 0x00, 0x00, 0x00, 0x00, 0x00, 0x00, 0x64, 0x00, 0x00, 0x00, 0xBE, 0x0F, 0xFF,
    0xC0, 0x00, 0x2F, 0xFE, 0xBF, 0xFF, 0xF8, 0x00, 0x3F, 0xFF, 0xFE, 0xBF, 0xFE, 0x00, 0x02, 0xFF,
    0x40, 0x0B, 0xFF, 0x00, 0x01, 0xFE, 0x00, 0x02, 0xFF, 0x80, 0x01, 0xFE, 0x00, 0x00, 0xFF, 0xC0,
    0x01, 0xFE, 0x00, 0x00, 0x3F, 0xC0, 0x01, 0xFE, 0x00, 0x00, 0x3F, 0xD0, 0x01, 0xFE, 0x00, 0x00,
    0x3F, 0xE0, 0x01, 0xFE, 0x00, 0x00, 0x2F, 0xE0, 0x01, 0xFE, 0x00, 0x00, 0x2F, 0xE0, 0x01, 0xFE,
    0x00, 0x00, 0x3F, 0xD0, 0x01, 0xFE, 0x00, 0x00, 0x3F, 0xC0, 0x01, 0xFE, 0x00, 0x00, 0x3F, 0xC0,
    0x01, 0xFE, 0x02, 0x80, 0xBF, 0x80, 0x01, 0xFE, 0x0B, 0xC0, 0xFF, 0x00, 0x01, 0xFE, 0x03, 0xF3,
    0xFE, 0x00, 0x01, 0xFE, 0x00, 0xFF, 0xFC, 0x00, 0x01, 0xFF, 0xFA, 0xFF, 0xE0, 0x00, 0x01, 0xFF,
    0xFF, 0xFF, 0x80, 0x00, 0x01, 0xFE, 0x05, 0x0F, 0xC0, 0x00, 0x01, 0xFE, 0x00, 0x03, 0xE0, 0x00,
    0x01, 0xFE, 0x00, 0x02, 0xD0, 0x00, 0x01, 0xFE, 0x00, 0x00, 0x00, 0x00, 0x01, 0xFE, 0x00, 0x00,
    0x00, 0x00, 0x01, 0xFE, 0x00, 0x00, 0x00, 0x00, 0x02, 0xFF, 0x00, 0x00, 0x00, 0x00, 0x3F, 0xFF,
    0xFC, 0x00, 0x00, 0x00, 0x3F, 0xFF, 0xFC, 0x00, 0x00, 0x00, 0x00, 0x00, 0x00, 0x00, 0x00, 0x00,
    0x00, 0x00, 0x00, 0xBC, 0x00, 0x00, 0x00, 0x00, 0xBC, 0x00, 0x00, 0x00, 0x00, 0xFC, 0x00, 0x00,
    0x00, 0x00, 0xFC, 0x00, 0x00, 0x00, 0x00, 0xFC, 0x2A, 0xAA, 0xAA, 0xAB, 0xFC, 0x3F, 0xFF, 0xFF,
    0xFF, 0xFC, 0x02, 0xFF, 0xEA, 0xAA, 0xA4, 0x00, 0xBF, 0x80, 0x00, 0x00, 0x00, 0xBF, 0x80, 0x00,
    0x00, 0x00, 0xBF, 0x80, 0x00, 0x00, 0x00, 0xBF, 0x80, 0x00, 0x00, 0x00, 0xBF, 0x80, 0x00, 0x00,
    0x00, 0xBF, 0x80, 0x00, 0x00, 0x00, 0xBF, 0x80, 0x00, 0x00, 0x00, 0xBF, 0x80, 0x00, 0x00, 0x00,
    0xBF, 0x80, 0x00, 0x00, 0x00, 0xBF, 0x80, 0x00, 0x00, 0x00, 0xBF, 0x80, 0x00, 0x00, 0x00, 0xBF,
    0x80, 0x00, 0x00, 0x00, 0xBF, 0x80, 0x00, 0x00, 0x00, 0xBF, 0x80, 0x00, 0x00, 0x00, 0xBF, 0x80,
    0x00, 0x00, 0x00, 0xBF, 0x80, 0x00, 0x00, 0x00, 0xBF, 0x80, 0x00, 0x00, 0x00, 0xBF, 0x80, 0x00,
    0x00, 0x00, 0xBF, 0x80, 0x00, 0x00, 0x00, 0xBF, 0x80, 0x00, 0x00, 0x00, 0xBF, 0x80, 0x00, 0x00,
    0x00, 0xBF, 0x80, 0x00, 0x00, 0x00, 0xFF, 0xC0, 0x00, 0x00, 0x3F, 0xFF, 0xFE, 0x00, 0x00, 0x3F,
    0xFF, 0xFE, 0x00, 0x00, 0x00, 0x00, 0x00, 0x00, 0x00, 0x00, 0x00, 0x0E, 0x00, 0x00, 0x00, 0x2E,
    0x00, 0x00, 0x00, 0x2E, 0x00, 0x00, 0x00, 0x3E, 0x3F, 0xFF, 0xFF, 0xFE, 0x3F, 0xFF, 0xFF, 0xFE,
    0x02, 0xFE, 0x00, 0x00, 0x02, 0xFE, 0x00, 0x00, 0x02, 0xFE, 0x00, 0x00, 0x02, 0xFE, 0x00, 0x00,
    0x02, 0xFE, 0x00, 0x00, 0x02, 0xFE, 0x00, 0x00, 0x02, 0xFE, 0x00, 0x00, 0x02, 0xFE, 0x00, 0x00,
    0x02, 0xFE, 0x00, 0x00, 0x02, 0xFE, 0x00, 0x00, 0x02, 0xFE, 0x00, 0x00, 0x02, 0xFE, 0x00, 0x00,
    0x02, 0xFE, 0x00, 0x00, 0x02, 0xFE, 0x00, 0x00, 0x02, 0xFE, 0x00, 0x00, 0x02, 0xFE, 0x00, 0x00,
    0x3F, 0xFF, 0xF0, 0x00, 0x3F, 0xFF, 0xF0, 0x00, 0x2A, 0xAA, 0xAA, 0xAA, 0xAA, 0x80, 0x3F, 0xFF,
    0xFF, 0xFF, 0xFF, 0xC0, 0x02, 0xFF, 0xEA, 0xAA, 0xBF, 0xC0, 0x00, 0xBF, 0x80, 0x00, 0x0F, 0xC0,
    0x00, 0xBF, 0x80, 0x00, 0x0F, 0xC0, 0x00, 0xBF, 0x80, 0x00, 0x0F, 0xC0, 0x00, 0xBF, 0x80, 0x00,
    0x0B, 0xC0, 0x00, 0xBF, 0x80, 0x00, 0x0B, 0xC0, 0x00, 0xBF, 0x80, 0x00, 0x00, 0x00, 0x00, 0xBF,
    0x80, 0x00, 0x00, 0x00, 0x00, 0xBF, 0x80, 0x00, 0x00, 0x00, 0x00, 0xBF, 0x80, 0x00, 0x00, 0x00,
    0x2A, 0xFF, 0xEA, 0xA8, 0x00, 0x00, 0xBF, 0xFF, 0xFF, 0xFC, 0x00, 0x00, 0x2A, 0xFF, 0xEA, 0xA8,
    0x00, 0x00, 0x00, 0xBF, 0x80, 0x00, 0x00, 0x00, 0x00, 0xBF, 0x80, 0x00, 0x00, 0x00, 0x00, 0xBF,
    0x80, 0x00, 0x00, 0x00, 0x00, 0xBF, 0x80, 0x00, 0x00, 0x00, 0x00, 0xBF, 0x80, 0x00, 0x00, 0x00,
    0x00, 0xBF, 0x80, 0x00, 0x00, 0x00, 0x00, 0xBF, 0x80, 0x00, 0x00, 0x00, 0x00, 0xBF, 0x80, 0x00,
    0x00, 0x00, 0x00, 0xBF, 0x80, 0x00, 0x00, 0x00, 0x00, 0xBF, 0x80, 0x00, 0x00, 0x00, 0x00, 0xFF,
    0xC0, 0x00, 0x00, 0x00, 0x3F, 0xFF, 0xFE, 0x00, 0x00, 0x00, 0x3F, 0xFF, 0xFE, 0x00, 0x00, 0x00,
    0x00, 0x00, 0x00, 0x00, 0x00, 0x3F, 0xFF, 0xFF, 0xFF, 0xC0, 0x3F, 0xFF, 0xFF, 0xFF, 0xC0, 0x02,
    0xFE, 0x00, 0x0B, 0xC0, 0x02, 0xFE, 0x00, 0x03, 0xC0, 0x02, 0xFE, 0x00, 0x03, 0xC0, 0x02, 0xFE,
    0x00, 0x02, 0xC0, 0x02, 0xFE, 0x00, 0x00, 0x00, 0x02, 0xFE, 0x00, 0x00, 0x00, 0x02, 0xFE, 0x00,
    0x00, 0x00, 0xBF, 0xFF, 0xFF, 0x00, 0x00, 0x7F, 0xFF, 0xFF, 0x00, 0x00, 0x02, 0xFE, 0x00, 0x00,
    0x00, 0x02, 0xFE, 0x00, 0x00, 0x00, 0x02, 0xFE, 0x00, 0x00, 0x00, 0x02, 0xFE, 0x00, 0x00, 0x00,
    0x02, 0xFE, 0x00, 0x00, 0x00, 0x02, 0xFE, 0x00, 0x00, 0x00, 0x02, 0xFE, 0x00, 0x00, 0x00, 0x3F,
    0xFF, 0xF0, 0x00, 0x00, 0x3F, 0xFF, 0xF0, 0x00, 0x00, 0x2A, 0xAA, 0xAA, 0xAA, 0xAA, 0x00, 0x2F,
    0xFF, 0xFF, 0xFF, 0xFF, 0x00, 0x02, 0xFF, 0xD0, 0x00, 0xBF, 0x00, 0x00, 0xBF, 0x80, 0x00, 0x3F,
    0x00, 0x00, 0xBF, 0x80, 0x00, 0x3F, 0x00, 0x00, 0xBF, 0x80, 0x00, 0x3F, 0x00, 0x00, 0xBF, 0x80,
    0x00, 0x2E, 0x00, 0x00, 0xBF, 0x80, 0x00, 0x00, 0x00, 0x00, 0xBF, 0x80, 0x00, 0x00, 0x00, 0x00,
    0xBF, 0x80, 0x00, 0x00, 0x00, 0x00, 0xBF, 0x81, 0x00, 0x00, 0x00, 0x00, 0xBF, 0xFF, 0xFF, 0x80,
    0x00, 0x00, 0xBF, 0xFE, 0xFF, 0xF8, 0x00, 0x00, 0xBF, 0x80, 0x0B, 0xFF, 0x00, 0x00, 0xBF, 0x80,
    0x00, 0xFF, 0xC0, 0x00, 0xBF, 0x80, 0x00, 0x3F, 0xE0, 0x00, 0xBF, 0x80, 0x00, 0x2F, 0xF0, 0x00,
    0xBF, 0x80, 0x00, 0x0F, 0xF8, 0x00, 0xBF, 0x80, 0x00, 0x0F, 0xFC, 0x00, 0xBF, 0x80, 0x00, 0x0B,
    0xFC, 0x00, 0xBF, 0x80, 0x00, 0x0B, 0xFC, 0x00, 0xBF, 0x80, 0x00, 0x03, 0xFC, 0x00, 0xBF, 0x80,
    0x00, 0x03, 0xFC, 0x00, 0xBF, 0x80, 0x00, 0x03, 0xFC, 0x00, 0xBF, 0x80, 0x00, 0x03, 0xFC, 0x00,
    0xFF, 0xC0, 0x00, 0x07, 0xFC, 0x3F, 0xFF, 0xFE, 0x00, 0x0B, 0xFC, 0x3F, 0xFF, 0xFD, 0x00, 0x0F,
    0xF8, 0x00, 0x00, 0x00, 0x00, 0x0F, 0xF8, 0x00, 0x00, 0x00, 0x00, 0x2F, 0xF0, 0x00, 0x00, 0x00,
    0x00, 0x3F, 0xE0, 0x00, 0x00, 0x00, 0x00, 0xFF, 0x80, 0x00, 0x00, 0x00, 0x03, 0xFF, 0x00, 0x00,
    0x00, 0x00, 0x6F, 0xF8, 0x00, 0x00, 0x2F, 0xBF, 0xFF, 0xE0, 0x00, 0x00, 0x0F, 0xFF, 0xF8, 0x00,
    0x00, 0x00, 0x00, 0x00, 0x00, 0x00, 0x00, 0x00, 0x00, 0x00, 0x00, 0x00, 0x3F, 0xFF, 0xFF, 0xFF,
    0xC0, 0x3F, 0xFF, 0xFF, 0xFF, 0xC0, 0x02, 0xFE, 0x00, 0x0B, 0xC0, 0x00, 0xFE, 0x00, 0x03, 0xC0,
    0x00, 0xFE, 0x00, 0x03, 0xC0, 0x00, 0xFE, 0x00, 0x00, 0x40, 0x00, 0xFE, 0x00, 0x00, 0x00, 0x00,
    0xFF, 0xA9, 0x00, 0x00, 0x00, 0xFF, 0xFF, 0xF8, 0x00, 0x00, 0xFF, 0xAB, 0xFF, 0x00, 0x00, 0xFE,
    0x00, 0xBF, 0xC0, 0x00, 0xFE, 0x00, 0x2F, 0xE0, 0x00, 0xFE, 0x00, 0x0F, 0xF0, 0x00, 0xFE, 0x00,
    0x0F, 0xF8, 0x00, 0xFE, 0x00, 0x0B, 0xFC, 0x00, 0xFE, 0x00, 0x07, 0xFC, 0x00, 0xFE, 0x00, 0x03,
    0xFC, 0x02, 0xFE, 0x00, 0x03, 0xFC, 0x3F, 0xFF, 0xF0, 0x03, 0xFC, 0x3F, 0xFF, 0xF0, 0x03, 0xFC,
    0x00, 0x00, 0x00, 0x0B, 0xF8, 0x00, 0x00, 0x00, 0x0F, 0xF0, 0x00, 0x00, 0x00, 0x0F, 0xF0, 0x00,
    0x00, 0x00, 0x2F, 0xD0, 0x00, 0x00, 0x00, 0xBF, 0x80, 0x00, 0x00, 0x02, 0xFF, 0x00, 0x00, 0x3F,
    0xFF, 0xF8, 0x00, 0x00, 0x2F, 0xFF, 0x80, 0x00, 0x00, 0x00, 0x00, 0x00, 0x00, 0x00, 0x00, 0x00,
    0x00, 0x00, 0x00, 0x00, 0x00, 0x40, 0x00, 0x2F, 0xFC, 0x00, 0x2A, 0xAA, 0xA9, 0x00, 0x2F, 0xFC,
    0x00, 0x3F, 0xFF, 0x40, 0x3F, 0xFF, 0xFE, 0x00, 0xFF, 0xFF, 0x00, 0x3F, 0xFF, 0xC0, 0x02, 0xFF,
    0xD0, 0x02, 0xFF, 0xFF, 0x00, 0x3F, 0xE7, 0xE0, 0x00, 0xFF, 0x80, 0x03, 0xF2, 0xFE, 0x00, 0x08,
    0x02, 0xF0, 0x00, 0xFF, 0x80, 0x0B, 0xC0, 0x28, 0x00, 0x00, 0x00, 0xF0, 0x00, 0xFF, 0x80, 0x0F,
    0x80, 0x00, 0x00, 0x00, 0x00, 0xF8, 0x00, 0xFF, 0x80, 0x0F, 0x00, 0x00, 0x00, 0x00, 0x00, 0xBC,
    0x00, 0xFF, 0x80, 0x0F, 0x00, 0x00, 0x00, 0x00, 0x00, 0x3C, 0x00, 0xFF, 0x80, 0x2F, 0x00, 0x00,
    0x00, 0x00, 0x00, 0x3E, 0x00, 0xFF, 0x80, 0x3E, 0x00, 0x00, 0x00, 0x00, 0x00, 0x2F, 0x00, 0xFF,
    0x80, 0xBC, 0x00, 0x00, 0x00, 0x00, 0x00, 0x0F, 0xC0, 0xFF, 0x80, 0xF8, 0x00, 0x00, 0x00, 0x00,
    0x00, 0x0B, 0xE0, 0xFF, 0x83, 0xF0, 0x00, 0x00, 0x00, 0x00, 0x00, 0x03, 0xFE, 0xFF, 0xEF, 0xC0,
    0x00, 0x00, 0x00, 0x00, 0x00, 0x00, 0xFF, 0xFF, 0xFF, 0x80, 0x00, 0x00, 0x00, 0x00, 0x00, 0x0B,
    0xFF, 0xFF, 0xFF, 0xF4, 0x00, 0x00, 0x00, 0x00, 0x00, 0x3F, 0xF0, 0xFF, 0x8B, 0xFE, 0x00, 0x00,
    0x00, 0x00, 0x00, 0xBF, 0xC0, 0xFF, 0x83, 0xFF, 0x00, 0x00, 0x00, 0x00, 0x00, 0xFF, 0x80, 0xFF,
    0x80, 0xFF, 0x80, 0x00, 0x00, 0x00, 0x03, 0xFF, 0x00, 0xFF, 0x80, 0xBF, 0xC0, 0x00, 0x00, 0x00,
    0x0B, 0xFD, 0x00, 0xFF, 0x80, 0x3F, 0xF0, 0x00, 0x00, 0x00, 0x0F, 0xFC, 0x00, 0xFF, 0x80, 0x0F,
    0xF8, 0x00, 0x00, 0x00, 0x2F, 0xF0, 0x00, 0xFF, 0x80, 0x0B, 0xFC, 0x00, 0x00, 0x00, 0x3F, 0xE0,
    0x00, 0xFF, 0x80, 0x03, 0xFF, 0x00, 0x00, 0x00, 0xFF, 0xC0, 0x00, 0xFF, 0x80, 0x00, 0xFF, 0x80,
    0x00, 0x02, 0xFF, 0x00, 0x01, 0xFF, 0xC0, 0x00, 0xBF, 0xC0, 0x00, 0xBF, 0xFE, 0x00, 0x3F, 0xFF,
    0xFE, 0x00, 0x3F, 0xFF, 0x00, 0xBF, 0xFD, 0x00, 0x3F, 0xFF, 0xFE, 0x00, 0x3F, 0xFF, 0x00, 0x00,
    0x00, 0x00, 0x00, 0x00, 0x00, 0x00, 0x02, 0xFF, 0x00, 0x00, 0x00, 0x00, 0x00, 0x00, 0x00, 0x00,
    0x00, 0xBF, 0x00, 0x00, 0x00, 0x00, 0x00, 0x00, 0x00, 0x00, 0x00, 0x3F, 0x00, 0x00, 0x00, 0x00,
    0x00, 0x00, 0x00, 0x00, 0x00, 0x2F, 0x00, 0x00, 0x00, 0x00, 0x00, 0x00, 0x00, 0x00, 0x00, 0x0F,
    0x00, 0x00, 0x00, 0x00, 0x00, 0x00, 0x00, 0x00, 0x00, 0x0F, 0x00, 0x00, 0x00, 0x00, 0x00, 0x00,
    0x00, 0x00, 0x00, 0x0F, 0x00, 0x00, 0x00, 0x00, 0x00, 0x00, 0x00, 0x00, 0x00, 0x0F, 0x00, 0x00,
    0x00, 0x00, 0x00, 0x00, 0x00, 0x00, 0x00, 0x00, 0x00, 0x02, 0x80, 0x00, 0x00, 0x00, 0x00, 0x90,
    0x00, 0x3F, 0xF8, 0x0F, 0xFF, 0xF8, 0x0F, 0xFE, 0x00, 0xBF, 0xFD, 0x0F, 0xFF, 0xF8, 0x3F, 0xFF,
    0x00, 0xBF, 0xFF, 0x00, 0xBF, 0x40, 0x3F, 0xFF, 0x00, 0x3F, 0x0F, 0x00, 0xBF, 0x00, 0xB8, 0xBE,
    0x00, 0x00, 0x0B, 0x80, 0xBF, 0x00, 0xF0, 0x04, 0x00, 0x00, 0x03, 0xC0, 0xBF, 0x01, 0xF0, 0x00,
    0x00, 0x00, 0x03, 0xE0, 0xBF, 0x03, 0xE0, 0x00, 0x00, 0x00, 0x00, 0xF0, 0xBF, 0x0B, 0xC0, 0x00,
    0x00, 0x00, 0x00, 0xBC, 0xBF, 0x6F, 0x00, 0x00, 0x00, 0x00, 0x00, 0x3F, 0xFF, 0xFE, 0x00, 0x00,
    0x00, 0x00, 0x00, 0xFF, 0xFF, 0xFF, 0xC0, 0x00, 0x00, 0x00, 0x03, 0xFE, 0xFF, 0xAF, 0xE0, 0x00,
    0x00, 0x00, 0x0B, 0xF8, 0xBF, 0x0F, 0xF0, 0x00, 0x00, 0x00, 0x0F, 0xF0, 0xBF, 0x03, 0xFC, 0x00,
    0x00, 0x00, 0x3F, 0xC0, 0xBF, 0x02, 0xFE, 0x00, 0x00, 0x00, 0xBF, 0x80, 0xBF, 0x00, 0xFF, 0x00,
    0x00, 0x00, 0xFF, 0x00, 0xBF, 0x00, 0x3F, 0xC0, 0x00, 0x03, 0xFC, 0x00, 0xBF, 0x80, 0x2F, 0xE0,
    0x00, 0xBF, 0xF8, 0x0F, 0xFF, 0xF8, 0x0F, 0xFF, 0x00, 0xBF, 0xF4, 0x0F, 0xFF, 0xF8, 0x0F, 0xFF,
    0x00, 0x00, 0x00, 0x00, 0x00, 0x00, 0x00, 0xBF, 0x00, 0x00, 0x00, 0x00, 0x00, 0x00, 0x00, 0x2F,
    0x00, 0x00, 0x00, 0x00, 0x00, 0x00, 0x00, 0x0F, 0x00, 0x00, 0x00, 0x00, 0x00, 0x00, 0x00, 0x0F,
    0x00, 0x00, 0x00, 0x00, 0x00, 0x00, 0x00, 0x0F, 0x00, 0x00, 0x00, 0x00, 0x00, 0x00, 0x00, 0x0F,
    0x00, 0x00, 0x00, 0x00, 0x00, 0x00, 0x00, 0x00, 0x00, 0x00, 0x00, 0x10, 0x00, 0x00, 0x02, 0xBF,
    0xFF, 0xF8, 0x00, 0x2F, 0xFF, 0xFF, 0xFF, 0x00, 0x3F, 0xF4, 0x02, 0xFF, 0xC0, 0x3F, 0xC0, 0x00,
    0x3F, 0xF0, 0x3F, 0x00, 0x00, 0x0F, 0xF8, 0x3F, 0x00, 0x00, 0x0F, 0xF8, 0x3F, 0x00, 0x00, 0x0B,
    0xFC, 0x3E, 0x00, 0x00, 0x0B, 0xF8, 0x00, 0x00, 0x00, 0x0B, 0xF4, 0x00, 0x00, 0x00, 0x0F, 0xF0,
    0x00, 0x00, 0x00, 0x2F, 0xC0, 0x00, 0x00, 0x00, 0xFF, 0x00, 0x00, 0x02, 0xAF, 0xF8, 0x00, 0x00,
    0x03, 0xFF, 0xE0, 0x00, 0x00, 0x03, 0xFF, 0xFF, 0x40, 0x00, 0x00, 0x00, 0xBF, 0xF0, 0x00, 0x00,
    0x00, 0x0F, 0xF8, 0x00, 0x00, 0x00, 0x03, 0xFC, 0x00, 0x00, 0x00, 0x02, 0xFE, 0x00, 0x00, 0x00,
    0x01, 0xFF, 0x28, 0x00, 0x00, 0x01, 0xFF, 0xBC, 0x00, 0x00, 0x02, 0xFF, 0xBE, 0x00, 0x00, 0x03,
    0xFE, 0xBE, 0x00, 0x00, 0x07, 0xFC, 0xBF, 0x00, 0x00, 0x0F, 0xFC, 0xBF, 0xC0, 0x00, 0xBF, 0xF0,
    0xBF, 0xFE, 0xAB, 0xFF, 0xC0, 0x2B, 0xFF, 0xFF, 0xFD, 0x00, 0x00, 0x06, 0xBE, 0x00, 0x00, 0x00,
    0x00, 0x1F, 0x00, 0x00, 0x00, 0x00, 0x0F, 0x80, 0x00, 0x00, 0x00, 0x0B, 0xC0, 0x00, 0x00, 0x00,
    0x0F, 0xC0, 0x00, 0x00, 0x0E, 0xBF, 0xC0, 0x00, 0x00, 0x2F, 0xFF, 0x80, 0x00, 0x00, 0x02, 0xA8,
    0x00, 0x00, 0x00, 0x06, 0x80, 0x00, 0x0B, 0xFF, 0xFF, 0x00, 0x3F, 0xFA, 0xFF, 0xE0, 0x3F, 0x00,
    0x0F, 0xF8, 0x3C, 0x00, 0x07, 0xFC, 0x3C, 0x00, 0x03, 0xFC, 0x28, 0x00, 0x03, 0xFC, 0x00, 0x00,
    0x0B, 0xF8, 0x00, 0x00, 0x0F, 0xF0, 0x00, 0x06, 0xBF, 0xC0, 0x00, 0x1F, 0xFE, 0x00, 0x00, 0x0F,
    0xFF, 0xE0, 0x00, 0x00, 0x0B, 0xFC, 0x00, 0x00, 0x02, 0xFE, 0x00, 0x00, 0x00, 0xFE, 0x10, 0x00,
    0x00, 0xFF, 0xB8, 0x00, 0x01, 0xFE, 0xBC, 0x00, 0x03, 0xFE, 0xBE, 0x00, 0x0B, 0xFC, 0xBF, 0xFA,
    0xFF, 0xF0, 0x2F, 0xFF, 0xFF, 0x80, 0x00, 0x0B, 0xD0, 0x00, 0x00, 0x02, 0xF0, 0x00, 0x00, 0x00,
    0xF4, 0x00, 0x00, 0x00, 0xFC, 0x00, 0x00, 0x00, 0xFC, 0x00, 0x00, 0xEB, 0xFC, 0x00, 0x02, 0xFF,
    0xF0, 0x00, 0x00, 0x2A, 0x80, 0x00, 0x00, 0x00, 0x00, 0x00, 0x00, 0x10, 0x00, 0xAA, 0xAA, 0xA8,
    0x00, 0x0B, 0xFF, 0x00, 0xBF, 0xFF, 0xFC, 0x00, 0x3F, 0xFF, 0xC0, 0x0B, 0xFF, 0x80, 0x00, 0xBF,
    0xFF, 0xC0, 0x02, 0xFE, 0x00, 0x00, 0xFC, 0xBF, 0x80, 0x02, 0xFE, 0x00, 0x02, 0xF0, 0x0A, 0x00,
    0x02, 0xFE, 0x00, 0x03, 0xE0, 0x00, 0x00, 0x02, 0xFE, 0x00, 0x03, 0xC0, 0x00, 0x00, 0x02, 0xFE,
    0x00, 0x0B, 0xC0, 0x00, 0x00, 0x02, 0xFE, 0x00, 0x0F, 0x80, 0x00, 0x00, 0x02, 0xFE, 0x00, 0x0F,
    0x00, 0x00, 0x00, 0x02, 0xFE, 0x00, 0x3F, 0x00, 0x00, 0x00, 0x02, 0xFE, 0x00, 0xBE, 0x00, 0x00,
    0x00, 0x02, 0xFE, 0x03, 0xFC, 0x00, 0x00, 0x00, 0x02, 0xFF, 0xBF, 0xF0, 0x00, 0x00, 0x00, 0x02,
    0xFF, 0xFF, 0xC0, 0x00, 0x00, 0x00, 0x02, 0xFF, 0xFF, 0xF8, 0x00, 0x00, 0x00, 0x02, 0xFE, 0x0B,
    0xFE, 0x00, 0x00, 0x00, 0x02, 0xFE, 0x00, 0xFF, 0x00, 0x00, 0x00, 0x02, 0xFE, 0x00, 0xBF, 0xC0,
    0x00, 0x00, 0x02, 0xFE, 0x00, 0x3F, 0xE0, 0x00, 0x00, 0x02, 0xFE, 0x00, 0x0F, 0xF4, 0x00, 0x00,
    0x02, 0xFE, 0x00, 0x0B, 0xFC, 0x00, 0x00, 0x02, 0xFE, 0x00, 0x03, 0xFF, 0x00, 0x00, 0x02, 0xFE,
    0x00, 0x00, 0xFF, 0x80, 0x00, 0x02, 0xFE, 0x00, 0x00, 0x7F, 0xC0, 0x00, 0x03, 0xFF, 0x00, 0x00,
    0x2F, 0xF0, 0x00, 0xBF, 0xFF, 0xFC, 0x00, 0x0F, 0xFF, 0xC0, 0xBF, 0xFF, 0xFC, 0x00, 0x0F, 0xFF,
    0xC0, 0x00, 0x00, 0x00, 0x00, 0x00, 0xFF, 0xC0, 0x00, 0x00, 0x00, 0x00, 0x00, 0x3F, 0xC0, 0x00,
    0x00, 0x00, 0x00, 0x00, 0x0F, 0xC0, 0x00, 0x00, 0x00, 0x00, 0x00, 0x0F, 0xC0, 0x00, 0x00, 0x00,
    0x00, 0x00, 0x0B, 0xC0, 0x00, 0x00, 0x00, 0x00, 0x00, 0x07, 0xC0, 0x00, 0x00, 0x00, 0x00, 0x00,
    0x03, 0xC0, 0x00, 0x00, 0x00, 0x00, 0x00, 0x03, 0xC0, 0x00, 0x00, 0x00, 0x00, 0x00, 0x00, 0x00,
    0x00, 0x00, 0x00, 0x00, 0x24, 0x00, 0x3F, 0xFF, 0xF0, 0x03, 0xFF, 0x40, 0x3F, 0xFF, 0xF0, 0x0F,
    0xFF, 0xC0, 0x02, 0xFE, 0x00, 0x1F, 0xFF, 0xC0, 0x01, 0xFE, 0x00, 0x3D, 0x2F, 0x80, 0x01, 0xFE,
    0x00, 0x3C, 0x02, 0x00, 0x01, 0xFE, 0x00, 0xB8, 0x00, 0x00, 0x01, 0xFE, 0x00, 0xF0, 0x00, 0x00,
    0x01, 0xFE, 0x03, 0xE0, 0x00, 0x00, 0x01, 0xFE, 0x0F, 0xC0, 0x00, 0x00, 0x01, 0xFF, 0xFF, 0x80,
    0x00, 0x00, 0x01, 0xFF, 0xFF, 0xE0, 0x00, 0x00, 0x01, 0xFE, 0x2F, 0xF0, 0x00, 0x00, 0x01, 0xFE,
    0x07, 0xFC, 0x00, 0x00, 0x01, 0xFE, 0x02, 0xFF, 0x00, 0x00, 0x01, 0xFE, 0x00, 0xFF, 0x80, 0x00,
    0x01, 0xFE, 0x00, 0x3F, 0xC0, 0x00, 0x01, 0xFE, 0x00, 0x1F, 0xF0, 0x00, 0x02, 0xFE, 0x00, 0x0B,
    0xF8, 0x00, 0x3F, 0xFF, 0xF0, 0x03, 0xFF, 0xD0, 0x3F, 0xFF, 0xF0, 0x02, 0xFF, 0xE0, 0x00, 0x00,
    0x00, 0x00, 0x2F, 0xE0, 0x00, 0x00, 0x00, 0x00, 0x0B, 0xE0, 0x00, 0x00, 0x00, 0x00, 0x03, 0xE0,
    0x00, 0x00, 0x00, 0x00, 0x03, 0xE0, 0x00, 0x00, 0x00, 0x00, 0x03, 0xE0, 0x00, 0x00, 0x00, 0x00,
    0x03, 0xE0, 0x00, 0x00, 0x00, 0x00, 0x00, 0x00, 0x00, 0x00, 0x00, 0x00, 0x00, 0x00, 0x00, 0xAA,
    0xAA, 0xA8, 0x00, 0x03, 0xFF, 0x80, 0xBF, 0xFF, 0xFC, 0x00, 0x0F, 0xFF, 0xE0, 0x0B, 0xFF, 0x80,
    0x00, 0x3F, 0xFF, 0xE0, 0x02, 0xFE, 0x00, 0x00, 0xBE, 0x7F, 0xC0, 0x02, 0xFE, 0x02, 0x80, 0xF8,
    0x02, 0x00, 0x02, 0xFE, 0x0B, 0xC0, 0xF0, 0x00, 0x00, 0x02, 0xFE, 0x0B, 0xC2, 0xF0, 0x00, 0x00,
    0x02, 0xFE, 0x0B, 0xC3, 0xE0, 0x00, 0x00, 0x02, 0xFE, 0x0B, 0xC3, 0xC0, 0x00, 0x00, 0x02, 0xFE,
    0x0B, 0xCB, 0xC0, 0x00, 0x00, 0x02, 0xFE, 0x0B, 0xCF, 0x80, 0x00, 0x00, 0x02, 0xFE, 0x0B, 0xFF,
    0x00, 0x00, 0x00, 0x02, 0xFE, 0x0B, 0xFD, 0x00, 0x00, 0x00, 0x02, 0xFF, 0xBF, 0xF8, 0x00, 0x00,
    0x00, 0x02, 0xFF, 0xFF, 0xF0, 0x00, 0x00, 0x00, 0x02, 0xFF, 0xFF, 0xFC, 0x00, 0x00, 0x00, 0x02,
    0xFE, 0x0B, 0xFF, 0x00, 0x00, 0x00, 0x02, 0xFE, 0x0B, 0xFF, 0xC0, 0x00, 0x00, 0x02, 0xFE, 0x0B,
    0xFF, 0xE0, 0x00, 0x00, 0x02, 0xFE, 0x0B, 0xEF, 0xF0, 0x00, 0x00, 0x02, 0xFE, 0x0B, 0xCB, 0xFC,
    0x00, 0x00, 0x02, 0xFE, 0x0B, 0xC3, 0xFE, 0x00, 0x00, 0x02, 0xFE, 0x0B, 0xC0, 0xFF, 0x40, 0x00,
    0x02, 0xFE, 0x0B, 0xC0, 0xBF, 0xC0, 0x00, 0x02, 0xFE, 0x00, 0x00, 0x3F, 0xF0, 0x00, 0x03, 0xFF,
    0x00, 0x00, 0x0F, 0xF8, 0x00, 0xBF, 0xFF, 0xFC, 0x00, 0x0B, 0xFF, 0xE0, 0xBF, 0xFF, 0xFC, 0x00,
    0x03, 0xFF, 0xE0, 0x00, 0x00, 0x00, 0x00, 0x28, 0x00, 0x3F, 0xFF, 0xF0, 0x02, 0xFF, 0x80, 0x3F,
    0xFF, 0xF0, 0x0B, 0xFF, 0xC0, 0x02, 0xFE, 0x00, 0x0F, 0xFF, 0xC0, 0x01, 0xFE, 0x08, 0x2F, 0x1F,
    0xC0, 0x01, 0xFE, 0x2F, 0x3D, 0x00, 0x00, 0x01, 0xFE, 0x2F, 0x3C, 0x00, 0x00, 0x01, 0xFE, 0x2F,
    0xF8, 0x00, 0x00, 0x01, 0xFE, 0x2F, 0xF0, 0x00, 0x00, 0x01, 0xFE, 0x2F, 0xD0, 0x00, 0x00, 0x01,
    0xFF, 0xFF, 0xC0, 0x00, 0x00, 0x01, 0xFF, 0xFF, 0xF0, 0x00, 0x00, 0x01, 0xFE, 0x2F, 0xF8, 0x00,
    0x00, 0x01, 0xFE, 0x2F, 0xFE, 0x00, 0x00, 0x01, 0xFE, 0x2F, 0xFF, 0x00, 0x00, 0x01, 0xFE, 0x2F,
    0xBF, 0xC0, 0x00, 0x01, 0xFE, 0x2F, 0x2F, 0xE0, 0x00, 0x01, 0xFE, 0x0E, 0x0F, 0xF4, 0x00, 0x02,
    0xFE, 0x00, 0x03, 0xFC, 0x00, 0x3F, 0xFF, 0xF0, 0x02, 0xFF, 0xF0, 0x3F, 0xFF, 0xF0, 0x00, 0xFF,
    0xF0, 0x00, 0x00, 0x00, 0x00, 0x00, 0x10, 0x00, 0xAA, 0xAA, 0xA8, 0x00, 0x0B, 0xFF, 0x00, 0xBF,
    0xFF, 0xFC, 0x00, 0x3F, 0xFF, 0xC0, 0x0B, 0xFF, 0x80, 0x00, 0xBF, 0xFF, 0xC0, 0x02, 0xFE, 0x00,
    0x00, 0xFC, 0xBF, 0x80, 0x02, 0xFE, 0x00, 0x02, 0xF0, 0x0A, 0x00, 0x02, 0xFE, 0x00, 0x03, 0xE0,
    0x00, 0x00, 0xBF, 0xFF, 0xFC, 0x03, 0xC0, 0x00, 0x00, 0xBF, 0xFF, 0xFE, 0x0B, 0xC0, 0x00, 0x00,
    0x03, 0xFF, 0x00, 0x0F, 0x80, 0x00, 0x00, 0x02, 0xFE, 0x00, 0x0F, 0x00, 0x00, 0x00, 0x02, 0xFE,
    0x00, 0x3F, 0x00, 0x00, 0x00, 0x02, 0xFE, 0x00, 0xBE, 0x00, 0x00, 0x00, 0x02, 0xFE, 0x03, 0xFC,
    0x00, 0x00, 0x00, 0x02, 0xFF, 0xBF, 0xF0, 0x00, 0x00, 0x00, 0x02, 0xFF, 0xFF, 0xC0, 0x00, 0x00,
    0x00, 0x02, 0xFF, 0xFF, 0xF8, 0x00, 0x00, 0x00, 0x02, 0xFE, 0x0B, 0xFE, 0x00, 0x00, 0x00, 0x02,
    0xFE, 0x00, 0xFF, 0x00, 0x00, 0x00, 0x02, 0xFE, 0x00, 0xBF, 0xC0, 0x00, 0x00, 0x02, 0xFE, 0x00,
    0x3F, 0xE0, 0x00, 0x00, 0x02, 0xFE, 0x00, 0x0F, 0xF4, 0x00, 0x00, 0x02, 0xFE, 0x00, 0x0B, 0xFC,
    0x00, 0x00, 0x02, 0xFE, 0x00, 0x03, 0xFF, 0x00, 0x00, 0x02, 0xFE, 0x00, 0x00, 0xFF, 0x80, 0x00,
    0x02, 0xFE, 0x00, 0x00, 0x7F, 0xC0, 0x00, 0x03, 0xFF, 0x00, 0x00, 0x2F, 0xF0, 0x00, 0xBF, 0xFF,
    0xFC, 0x00, 0x0F, 0xFF, 0xC0, 0xBF, 0xFF, 0xFC, 0x00, 0x0F, 0xFF, 0xC0, 0x00, 0x02, 0x00, 0x00,
    0x00, 0x00, 0x02, 0xFF, 0x80, 0x00, 0x00, 0x00, 0x2F, 0xFF, 0x80, 0x00, 0x00, 0x00, 0x0A, 0xFF,
    0x80, 0x00, 0x00, 0x00, 0x00, 0x7F, 0x80, 0x00, 0x00, 0x00, 0x00, 0x7F, 0x80, 0x00, 0x00, 0x00,
    0x00, 0x7F, 0x80, 0x00, 0x00, 0x00, 0x3F, 0xFF, 0xFF, 0xC0, 0x00, 0x00, 0x3F, 0xFF, 0xFF, 0xC0,
    0x00, 0x00, 0x2A, 0xBF, 0xEA, 0x80, 0x00, 0x00, 0x00, 0x7F, 0x80, 0x00, 0x09, 0x00, 0x00, 0x7F,
    0x80, 0x00, 0xFF, 0xD0, 0x00, 0x7F, 0x80, 0x03, 0xFF, 0xF0, 0x00, 0x7F, 0x80, 0x07, 0xFF, 0xF0,
    0x00, 0x7F, 0x80, 0x0F, 0x4B, 0xE0, 0x00, 0x7F, 0x80, 0x0F, 0x00, 0x80, 0x00, 0x7F, 0x80, 0x2E,
    0x00, 0x00, 0x00, 0x7F, 0x80, 0x3C, 0x00, 0x00, 0x00, 0x7F, 0x80, 0xF8, 0x00, 0x00, 0x00, 0x7F,
    0x83, 0xF0, 0x00, 0x00, 0x00, 0x7F, 0xFF, 0xE0, 0x00, 0x00, 0x00, 0x7F, 0xFF, 0xF8, 0x00, 0x00,
    0x00, 0x7F, 0x8B, 0xFC, 0x00, 0x00, 0x00, 0x7F, 0x81, 0xFF, 0x00, 0x00, 0x00, 0x7F, 0x80, 0xBF,
    0xC0, 0x00, 0x00, 0x7F, 0x80, 0x3F, 0xE0, 0x00, 0x00, 0x7F, 0x80, 0x0F, 0xF0, 0x00, 0x00, 0x7F,
    0x80, 0x07, 0xFC, 0x00, 0x00, 0xBF, 0x80, 0x02, 0xFE, 0x00, 0x0F, 0xFF, 0xFC, 0x00, 0xFF, 0xF4,
    0x0F, 0xFF, 0xFC, 0x00, 0xBF, 0xF8, 0x00, 0x00, 0x00, 0x00, 0x00, 0x00, 0x04, 0x00, 0x2A, 0xBF,
    0xFF, 0xAA, 0x00, 0x02, 0xFF, 0xD0, 0xBF, 0xFF, 0xFF, 0xFF, 0x00, 0x0B, 0xFF, 0xF0, 0xBF, 0xAA,
    0xBF, 0xE0, 0x00, 0x1F, 0xFF, 0xF0, 0xBE, 0x00, 0xBF, 0xC0, 0x00, 0x3F, 0x2F, 0xF0, 0xBE, 0x00,
    0xBF, 0xC0, 0x00, 0x3C, 0x01, 0x80, 0xBC, 0x00, 0xBF, 0xC0, 0x00, 0xBC, 0x00, 0x00, 0xBC, 0x00,
    0xBF, 0xC0, 0x00, 0xF8, 0x00, 0x00, 0x00, 0x00, 0xBF, 0xC0, 0x00, 0xF0, 0x00, 0x00, 0x00, 0x00,
    0xBF, 0xC0, 0x02, 0xF0, 0x00, 0x00, 0x00, 0x00, 0xBF, 0xC0, 0x03, 0xE0, 0x00, 0x00, 0x00, 0x00,
    0xBF, 0xC0, 0x0B, 0xC0, 0x00, 0x00, 0x00, 0x00, 0xBF, 0xC0, 0x2F, 0x80, 0x00, 0x00, 0x00, 0x00,
    0xBF, 0xC0, 0xBF, 0x00, 0x00, 0x00, 0x00, 0x00, 0xBF, 0xEF, 0xFC, 0x00, 0x00, 0x00, 0x00, 0x00,
    0xBF, 0xFF, 0xF0, 0x00, 0x00, 0x00, 0x00, 0x00, 0xBF, 0xFF, 0xFF, 0x00, 0x00, 0x00, 0x00, 0x00,
    0xBF, 0xC0, 0xFF, 0xC0, 0x00, 0x00, 0x00, 0x00, 0xBF, 0xC0, 0x3F, 0xE0, 0x00, 0x00, 0x00, 0x00,
    0xBF, 0xC0, 0x2F, 0xF0, 0x00, 0x00, 0x00, 0x00, 0xBF, 0xC0, 0x0B, 0xFC, 0x00, 0x00, 0x00, 0x00,
    0xBF, 0xC0, 0x03, 0xFE, 0x00, 0x00, 0x00, 0x00, 0xBF, 0xC0, 0x00, 0xFF, 0x00, 0x00, 0x00, 0x00,
    0xBF, 0xC0, 0x00, 0xBF, 0xC0, 0x00, 0x00, 0x00, 0xBF, 0xC0, 0x00, 0x3F, 0xE0, 0x00, 0x00, 0x00,
    0xBF, 0xC0, 0x00, 0x0F, 0xF4, 0x00, 0x00, 0x00, 0xFF, 0xC0, 0x00, 0x0B, 0xFC, 0x00, 0x00, 0x2F,
    0xFF, 0xFF, 0x00, 0x03, 0xFF, 0xF0, 0x00, 0x2F, 0xFF, 0xFF, 0x00, 0x02, 0xFF, 0xF0, 0x00, 0x00,
    0x00, 0x00, 0x02, 0x80, 0xFF, 0xFF, 0xFF, 0x40, 0x2F, 0xFC, 0xFF, 0xFF, 0xFF, 0x00, 0xBF, 0xFD,
    0xF8, 0x0F, 0xF0, 0x00, 0xFF, 0xFD, 0xF4, 0x0F, 0xF0, 0x02, 0xF1, 0xFC, 0xF0, 0x0F, 0xF0, 0x03,
    0xD0, 0x00, 0xA0, 0x0F, 0xF0, 0x03, 0xC0, 0x00, 0x00, 0x0F, 0xF0, 0x0F, 0x80, 0x00, 0x00, 0x0F,
    0xF0, 0x2F, 0x00, 0x00, 0x00, 0x0F, 0xF0, 0xBD, 0x00, 0x00, 0x00, 0x0F, 0xFF, 0xFC, 0x00, 0x00,
    0x00, 0x0F, 0xFF, 0xFF, 0x00, 0x00, 0x00, 0x0F, 0xF0, 0xFF, 0x80, 0x00, 0x00, 0x0F, 0xF0, 0x3F,
    0xE0, 0x00, 0x00, 0x0F, 0xF0, 0x0F, 0xF0, 0x00, 0x00, 0x0F, 0xF0, 0x0B, 0xFC, 0x00, 0x00, 0x0F,
    0xF0, 0x02, 0xFE, 0x00, 0x00, 0x0F, 0xF0, 0x00, 0xFF, 0x40, 0x00, 0x0F, 0xF0, 0x00, 0x3F, 0xC0,
    0x02, 0xFF, 0xFF, 0x40, 0x2F, 0xFF, 0x02, 0xFF, 0xFF, 0x40, 0x0F, 0xFF, 0xAA, 0xAA, 0xA8, 0x00,
    0x0A, 0xAA, 0xAA, 0x00, 0xBF, 0xFF, 0xFC, 0x00, 0x0F, 0xFF, 0xFF, 0x00, 0x0B, 0xFF, 0x40, 0x00,
    0x00, 0xBF, 0xF0, 0x00, 0x02, 0xFE, 0x00, 0x00, 0x00, 0x3F, 0xC0, 0x00, 0x02, 0xFE, 0x00, 0x00,
    0x00, 0x3F, 0xC0, 0x00, 0x02, 0xFE, 0x00, 0x00, 0x00, 0x3F, 0xC0, 0x00, 0x02, 0xFE, 0x00, 0x00,
    0x00, 0x3F, 0xC0, 0x00, 0x02, 0xFE, 0x00, 0x00, 0x00, 0x3F, 0xC0, 0x00, 0x02, 0xFE, 0x00, 0x00,
    0x00, 0x3F, 0xC0, 0x00, 0x02, 0xFE, 0x00, 0x00, 0x00, 0x3F, 0xC0, 0x00, 0x02, 0xFE, 0x00, 0x00,
    0x00, 0x3F, 0xC0, 0x00, 0x02, 0xFE, 0x00, 0x00, 0x00, 0x3F, 0xC0, 0x00, 0x02, 0xFF, 0xAA, 0xAA,
    0xAA, 0xBF, 0xC0, 0x00, 0x02, 0xFF, 0xFF, 0xFF, 0xFF, 0xFF, 0xC0, 0x00, 0x02, 0xFF, 0xAA, 0xAA,
    0xAA, 0xBF, 0xC0, 0x00, 0x02, 0xFE, 0x00, 0x00, 0x00, 0x3F, 0xC0, 0x00, 0x02, 0xFE, 0x00, 0x00,
    0x00, 0x3F, 0xC0, 0x00, 0x02, 0xFE, 0x00, 0x00, 0x00, 0x3F, 0xC0, 0x00, 0x02, 0xFE, 0x00, 0x00,
    0x00, 0x3F, 0xC0, 0x00, 0x02, 0xFE, 0x00, 0x00, 0x00, 0x3F, 0xC0, 0x00, 0x02, 0xFE, 0x00, 0x00,
    0x00, 0x3F, 0xC0, 0x00, 0x02, 0xFE, 0x00, 0x00, 0x00, 0x3F, 0xC0, 0x00, 0x02, 0xFE, 0x00, 0x00,
    0x00, 0x3F, 0xC0, 0x00, 0x02, 0xFE, 0x00, 0x00, 0x00, 0x3F, 0xC0, 0x00, 0x02, 0xFE, 0x00, 0x00,
    0x00, 0x3F, 0xC0, 0x00, 0x03, 0xFF, 0x00, 0x00, 0x00, 0xBF, 0xE0, 0x00, 0xBF, 0xFF, 0xFC, 0x00,
    0x0F, 0xFF, 0xFF, 0x00, 0xBF, 0xFF, 0xFC, 0x00, 0x0F, 0xFF, 0xFF, 0x00, 0x00, 0x00, 0x00, 0x00,
    0x00, 0x1F, 0xFF, 0x00, 0x00, 0x00, 0x00, 0x00, 0x00, 0x02, 0xFF, 0x00, 0x00, 0x00, 0x00, 0x00,
    0x00, 0x00, 0xBF, 0x00, 0x00, 0x00, 0x00, 0x00, 0x00, 0x00, 0x3F, 0x00, 0x00, 0x00, 0x00, 0x00,
    0x00, 0x00, 0x2F, 0x00, 0x00, 0x00, 0x00, 0x00, 0x00, 0x00, 0x0F, 0x00, 0x00, 0x00, 0x00, 0x00,
    0x00, 0x00, 0x0F, 0x00, 0x00, 0x00, 0x00, 0x00, 0x00, 0x00, 0x0F, 0x00, 0x00, 0x00, 0x00, 0x00,
    0x00, 0x00, 0x00, 0x00, 0x00, 0x00, 0x00, 0x00, 0x00, 0x00, 0x3F, 0xFF, 0xF0, 0x0F, 0xFF, 0xFD,
    0x3F, 0xFF, 0xF0, 0x0B, 0xFF, 0xFC, 0x02, 0xFE, 0x00, 0x00, 0x3F, 0xC0, 0x01, 0xFE, 0x00, 0x00,
    0x3F, 0xC0, 0x01, 0xFE, 0x00, 0x00, 0x3F, 0xC0, 0x01, 0xFE, 0x00, 0x00, 0x3F, 0xC0, 0x01, 0xFE,
    0x00, 0x00, 0x3F, 0xC0, 0x01, 0xFE, 0x00, 0x00, 0x3F, 0xC0, 0x01, 0xFE, 0x00, 0x00, 0x7F, 0xC0,
    0x01, 0xFF, 0xFF, 0xFF, 0xFF, 0xC0, 0x01, 0xFE, 0x00, 0x00, 0x7F, 0xC0, 0x01, 0xFE, 0x00, 0x00,
    0x3F, 0xC0, 0x01, 0xFE, 0x00, 0x00, 0x3F, 0xC0, 0x01, 0xFE, 0x00, 0x00, 0x3F, 0xC0, 0x01, 0xFE,
    0x00, 0x00, 0x3F, 0xC0, 0x01, 0xFE, 0x00, 0x00, 0x3F, 0xC0, 0x01, 0xFE, 0x00, 0x00, 0x3F, 0xC0,
    0x02, 0xFE, 0x00, 0x00, 0x3F, 0xC0, 0x3F, 0xFF, 0xF0, 0x0B, 0xFF, 0xFC, 0x3F, 0xFF, 0xF0, 0x0B,
    0xFF, 0xFD, 0x00, 0x00, 0x00, 0x00, 0x0B, 0xFD, 0x00, 0x00, 0x00, 0x00, 0x00, 0xFD, 0x00, 0x00,
    0x00, 0x00, 0x00, 0xBD, 0x00, 0x00, 0x00, 0x00, 0x00, 0x3D, 0x00, 0x00, 0x00, 0x00, 0x00, 0x3D,
    0x00, 0x00, 0x00, 0x00, 0x00, 0x3D, 0x00, 0x00, 0x00, 0x00, 0x00, 0x00, 0xAA, 0xAA, 0xA8, 0x00,
    0x0A, 0xAB, 0xFF, 0xEA, 0x80, 0xBF, 0xFF, 0xFC, 0x00, 0x0F, 0xFF, 0xFF, 0xFF, 0xC0, 0x0B, 0xFF,
    0x40, 0x00, 0x00, 0xBF, 0xEA, 0xAF, 0xC0, 0x02, 0xFE, 0x00, 0x00, 0x00, 0x3F, 0xC0, 0x0F, 0xC0,
    0x02, 0xFE, 0x00, 0x00, 0x00, 0x3F, 0xC0, 0x0F, 0xC0, 0x02, 0xFE, 0x00, 0x00, 0x00, 0x3F, 0xC0,
    0x0F, 0xC0, 0x02, 0xFE, 0x00, 0x00, 0x00, 0x3F, 0xC0, 0x0B, 0xC0, 0x02, 0xFE, 0x00, 0x00, 0x00,
    0x3F, 0xC0, 0x00, 0x00, 0x02, 0xFE, 0x00, 0x00, 0x00, 0x3F, 0xC0, 0x00, 0x00, 0x02, 0xFE, 0x00,
    0x00, 0x00, 0x3F, 0xC0, 0x00, 0x00, 0x02, 0xFE, 0x00, 0x00, 0x00, 0x3F, 0xC0, 0x00, 0x00, 0x02,
    0xFE, 0x00, 0x00, 0x00, 0x3F, 0xC0, 0x00, 0x00, 0x02, 0xFF, 0xAA, 0xAA, 0xAA, 0xBF, 0xC0, 0x00,
    0x00, 0x02, 0xFF, 0xFF, 0xFF, 0xFF, 0xFF, 0xC0, 0x00, 0x00, 0x02, 0xFF, 0xAA, 0xAA, 0xAA, 0xBF,
    0xC0, 0x00, 0x00, 0x02, 0xFE, 0x00, 0x00, 0x00, 0x3F, 0xC0, 0x00, 0x00, 0x02, 0xFE, 0x00, 0x00,
    0x00, 0x3F, 0xC0, 0x00, 0x00, 0x02, 0xFE, 0x00, 0x00, 0x00, 0x3F, 0xC0, 0x00, 0x00, 0x02, 0xFE,
    0x00, 0x00, 0x00, 0x3F, 0xC0, 0x00, 0x00, 0x02, 0xFE, 0x00, 0x00, 0x00, 0x3F, 0xC0, 0x00, 0x00,
    0x02, 0xFE, 0x00, 0x00, 0x00, 0x3F, 0xC0, 0x00, 0x00, 0x02, 0xFE, 0x00, 0x00, 0x00, 0x3F, 0xC0,
    0x00, 0x00, 0x02, 0xFE, 0x00, 0x00, 0x00, 0x3F, 0xC0, 0x00, 0x00, 0x02, 0xFE, 0x00, 0x00, 0x00,
    0x3F, 0xC0, 0x00, 0x00, 0x02, 0xFE, 0x00, 0x00, 0x00, 0x3F, 0xC0, 0x00, 0x00, 0x03, 0xFF, 0x00,
    0x00, 0x00, 0xBF, 0xE0, 0x00, 0x00, 0xBF, 0xFF, 0xFC, 0x00, 0x0F, 0xFF, 0xFF, 0x00, 0x00, 0xBF,
    0xFF, 0xFC, 0x00, 0x0F, 0xFF, 0xFF, 0x00, 0x00, 0x00, 0x00, 0x00, 0x00, 0x00, 0x00, 0x00, 0x3F,
    0xFF, 0xF0, 0x0F, 0xFF, 0xFF, 0xFC, 0x3F, 0xFF, 0xF0, 0x0B, 0xFF, 0xFF, 0xFC, 0x02, 0xFE, 0x00,
    0x00, 0x3F, 0xC0, 0xBC, 0x01, 0xFE, 0x00, 0x00, 0x3F, 0xC0, 0x3C, 0x01, 0xFE, 0x00, 0x00, 0x3F,
    0xC0, 0x3C, 0x01, 0xFE, 0x00, 0x00, 0x3F, 0xC0, 0x28, 0x01, 0xFE, 0x00, 0x00, 0x3F, 0xC0, 0x00,
    0x01, 0xFE, 0x00, 0x00, 0x3F, 0xC0, 0x00, 0x01, 0xFF, 0xAA, 0xAA, 0xBF, 0xC0, 0x00, 0x01, 0xFF,
    0xFF, 0xFF, 0xFF, 0xC0, 0x00, 0x01, 0xFF, 0xAA, 0xAA, 0xBF, 0xC0, 0x00, 0x01, 0xFE, 0x00, 0x00,
    0x3F, 0xC0, 0x00, 0x01, 0xFE, 0x00, 0x00, 0x3F, 0xC0, 0x00, 0x01, 0xFE, 0x00, 0x00, 0x3F, 0xC0,
    0x00, 0x01, 0xFE, 0x00, 0x00, 0x3F, 0xC0, 0x00, 0x01, 0xFE, 0x00, 0x00, 0x3F, 0xC0, 0x00, 0x01,
    0xFE, 0x00, 0x00, 0x3F, 0xC0, 0x00, 0x02, 0xFE, 0x00, 0x00, 0x3F, 0xC0, 0x00, 0x3F, 0xFF, 0xF0,
    0x0B, 0xFF, 0xFC, 0x00, 0x3F, 0xFF, 0xF0, 0x0B, 0xFF, 0xFD, 0x00, 0xAA, 0xAA, 0xAA, 0xAA, 0xAA,
    0xAA, 0xA0, 0x00, 0x00, 0x00, 0xBF, 0xFF, 0xFF, 0xFF, 0xFF, 0xFF, 0xE0, 0x00, 0x00, 0x00, 0x0B,
    0xFF, 0xAA, 0xAA, 0xAF, 0xFE, 0x00, 0x00, 0x00, 0x00, 0x03, 0xFE, 0x00, 0x00, 0x0B, 0xF8, 0x00,
    0x00, 0x00, 0x00, 0x03, 0xFE, 0x00, 0x00, 0x0B, 0xF8, 0x00, 0x00, 0x00, 0x00, 0x03, 0xFE, 0x00,
    0x00, 0x0B, 0xF8, 0x00, 0x00, 0x00, 0x00, 0x03, 0xFE, 0x00, 0x00, 0x0B, 0xF8, 0x00, 0x00, 0x00,
    0x00, 0x03, 0xFE, 0x00, 0x00, 0x0B, 0xF8, 0x00, 0x00, 0x00, 0x00, 0x03, 0xFE, 0x00, 0x00, 0x0B,
    0xF8, 0x00, 0x00, 0x00, 0x00, 0x03, 0xFE, 0x00, 0x00, 0x0B, 0xF8, 0x00, 0x00, 0x00, 0x00, 0x03,
    0xFE, 0x00, 0x00, 0x0B, 0xFC, 0x14, 0x00, 0x00, 0x00, 0x03, 0xFE, 0x00, 0x00, 0x0B, 0xFF, 0xFF,
    0xF8, 0x00, 0x00, 0x03, 0xFE, 0x00, 0x00, 0x0B, 0xFF, 0xEF, 0xFF, 0x80, 0x00, 0x03, 0xFE, 0x00,
    0x00, 0x0B, 0xF8, 0x00, 0x7F, 0xF0, 0x00, 0x03, 0xFE, 0x00, 0x00, 0x0B, 0xF8, 0x00, 0x0F, 0xFC,
    0x00, 0x03, 0xFE, 0x00, 0x00, 0x0B, 0xF8, 0x00, 0x03, 0xFF, 0x00, 0x03, 0xFE, 0x00, 0x00, 0x0B,
    0xF8, 0x00, 0x02, 0xFF, 0x40, 0x03, 0xFE, 0x00, 0x00, 0x0B, 0xF8, 0x00, 0x00, 0xFF, 0xC0, 0x03,
    0xFE, 0x00, 0x00, 0x0B, 0xF8, 0x00, 0x00, 0xBF, 0xC0, 0x03, 0xFE, 0x00, 0x00, 0x0B, 0xF8, 0x00,
    0x00, 0xBF, 0xC0, 0x03, 0xFE, 0x00, 0x00, 0x0B, 0xF8, 0x00, 0x00, 0x3F, 0xD0, 0x03, 0xFE, 0x00,
    0x00, 0x0B, 0xF8, 0x00, 0x00, 0x3F, 0xE0, 0x03, 0xFE, 0x00, 0x00, 0x0B, 0xF8, 0x00, 0x00, 0x3F,
    0xE0, 0x03, 0xFE, 0x00, 0x00, 0x0B, 0xF8, 0x00, 0x00, 0x3F, 0xE0, 0x03, 0xFE, 0x00, 0x00, 0x0B,
    0xF8, 0x00, 0x00, 0x3F, 0xE0, 0x03, 0xFF, 0x00, 0x00, 0x0F, 0xFC, 0x00, 0x00, 0x3F, 0xC0, 0xBF,
    0xFF, 0xFC, 0x03, 0xFF, 0xFF, 0xE0, 0x00, 0x3F, 0xC0, 0xBF, 0xFF, 0xFC, 0x03, 0xFF, 0xFF, 0xE0,
    0x00, 0xBF, 0xC0, 0x00, 0x00, 0x00, 0x00, 0x00, 0x00, 0x00, 0x00, 0xFF, 0x80, 0x00, 0x00, 0x00,
    0x00, 0x00, 0x00, 0x00, 0x00, 0xFF, 0x00, 0x00, 0x00, 0x00, 0x00, 0x00, 0x00, 0x00, 0x03, 0xFE,
    0x00, 0x00, 0x00, 0x00, 0x00, 0x00, 0x00, 0x00, 0x0F, 0xFC, 0x00, 0x00, 0x00, 0x00, 0x00, 0x00,
    0x00, 0x00, 0x3F, 0xF0, 0x00, 0x00, 0x00, 0x00, 0x00, 0x00, 0x00, 0x06, 0xFF, 0x80, 0x00, 0x00,
    0x00, 0x00, 0x00, 0x00, 0xEB, 0xFF, 0xFD, 0x00, 0x00, 0x00, 0x00, 0x00, 0x00, 0x00, 0xFF, 0xFF,
    0x80, 0x00, 0x00, 0x00, 0x00, 0x00, 0x00, 0x00, 0x00, 0x00, 0x00, 0x00, 0x00, 0x00, 0x00, 0x00,
    0x00, 0x00, 0x00, 0x00, 0x00, 0xFF, 0xFF, 0xFF, 0xFF, 0xFF, 0x00, 0x00, 0x00, 0xBF, 0xFF, 0xFF,
    0xFF, 0xFF, 0x00, 0x00, 0x00, 0x0B, 0xFC, 0x00, 0x2F, 0xF0, 0x00, 0x00, 0x00, 0x07, 0xF8, 0x00,
    0x0F, 0xE0, 0x00, 0x00, 0x00, 0x07, 0xF8, 0x00, 0x0F, 0xE0, 0x00, 0x00, 0x00, 0x07, 0xF8, 0x00,
    0x0F, 0xE0, 0x00, 0x00, 0x00, 0x07, 0xF8, 0x00, 0x0F, 0xE0, 0x00, 0x00, 0x00, 0x07, 0xF8, 0x00,
    0x0F, 0xFA, 0x90, 0x00, 0x00, 0x07, 0xF8, 0x00, 0x0F, 0xFF, 0xFF, 0x80, 0x00, 0x07, 0xF8, 0x00,
    0x0F, 0xFA, 0xBF, 0xF0, 0x00, 0x07, 0xF8, 0x00, 0x0F, 0xE0, 0x0B, 0xFC, 0x00, 0x07, 0xF8, 0x00,
    0x0F, 0xE0, 0x02, 0xFF, 0x00, 0x07, 0xF8, 0x00, 0x0F, 0xE0, 0x00, 0xFF, 0x00, 0x07, 0xF8, 0x00,
    0x0F, 0xE0, 0x00, 0xBF, 0x80, 0x07, 0xF8, 0x00, 0x0F, 0xE0, 0x00, 0x7F, 0xC0, 0x07, 0xF8, 0x00,
    0x0F, 0xE0, 0x00, 0x3F, 0xC0, 0x07, 0xF8, 0x00, 0x0F, 0xE0, 0x00, 0x3F, 0xC0, 0x0B, 0xF8, 0x00,
    0x0F, 0xF0, 0x00, 0x3F, 0xC0, 0xFF, 0xFF, 0xC1, 0xFF, 0xFF, 0x00, 0x3F, 0xC0, 0xFF, 0xFF, 0xC2,
    0xFF, 0xFF, 0x00, 0x3F, 0xC0, 0x00, 0x00, 0x00, 0x00, 0x00, 0x00, 0x7F, 0x80, 0x00, 0x00, 0x00,
    0x00, 0x00, 0x00, 0xBF, 0x00, 0x00, 0x00, 0x00, 0x00, 0x00, 0x00, 0xFF, 0x00, 0x00, 0x00, 0x00,
    0x00, 0x00, 0x02, 0xFE, 0x00, 0x00, 0x00, 0x00, 0x00, 0x00, 0x0B, 0xFC, 0x00, 0x00, 0x00, 0x00,
    0x00, 0x00, 0x2F, 0xF0, 0x00, 0x00, 0x00, 0x00, 0x03, 0xFF, 0xFF, 0x80, 0x00, 0x00, 0x00, 0x00,
    0x01, 0xFF, 0xF8, 0x00, 0x00, 0x00, 0x00, 0x00, 0x00, 0x00, 0x00, 0x00, 0x00, 0x00, 0x00, 0x00,
    0x00, 0x00, 0x00, 0x00, 0x00, 0x00, 0x00, 0x2F, 0xFC, 0x00, 0x00, 0x00, 0x00, 0x00, 0x02, 0xFF,
    0xE8, 0x00, 0x00, 0x00, 0x00, 0x00, 0x0F, 0xFD, 0x00, 0x0B, 0xFF, 0x00, 0x00, 0x00, 0x3F, 0xF0,
    0x00, 0xBF, 0xFF, 0xE0, 0x00, 0x00, 0xFF, 0xC0, 0x02, 0xFF, 0x0F, 0xF8, 0x00, 0x03, 0xFF, 0x00,
    0x03, 0xFC, 0x03, 0xFE, 0x00, 0x0B, 0xFD, 0x00, 0x0F, 0xF8, 0x02, 0xFF, 0x00, 0x0F, 0xFC, 0x00,
    0x0F, 0xF0, 0x00, 0xFF, 0x80, 0x2F, 0xF8, 0x00, 0x2F, 0xF0, 0x00, 0xFF, 0xC0, 0x3F, 0xF0, 0x00,
    0x3F, 0xE0, 0x00, 0xBF, 0xC0, 0x3F, 0xF0, 0x00, 0x3F, 0xD0, 0x00, 0xBF, 0xC0, 0x3F, 0xE0, 0x00,
    0xBF, 0xC0, 0x00, 0x3F, 0xE0, 0x3F, 0xE0, 0x00, 0xBF, 0xC0, 0x00, 0x3F, 0xE0, 0xBF, 0xE0, 0x00,
    0xBF, 0xC0, 0x00, 0x3F, 0xE0, 0xBF, 0xE0, 0x00, 0xBF, 0xC0, 0x00, 0x3F, 0xE0, 0x3F, 0xE0, 0x00,
    0xBF, 0xC0, 0x00, 0x7F, 0xE0, 0x3F, 0xE0, 0x00, 0xBF, 0xE0, 0x00, 0xBF, 0xD0, 0x3F, 0xF0, 0x00,
    0x7F, 0xE0, 0x00, 0xBF, 0xC0, 0x3F, 0xF0, 0x00, 0x3F, 0xF0, 0x00, 0xFF, 0xC0, 0x2F, 0xF4, 0x00,
    0x3F, 0xF8, 0x00, 0xFF, 0x80, 0x0F, 0xFC, 0x00, 0x2F, 0xFC, 0x02, 0xFF, 0x00, 0x0B, 0xFE, 0x00,
    0x0F, 0xFC, 0x03, 0xFF, 0x00, 0x03, 0xFF, 0x00, 0x0B, 0xFF, 0x0F, 0xFC, 0x00, 0x00, 0xFF, 0xC0,
    0x03, 0xFF, 0xBF, 0xF8, 0x00, 0x00, 0x3F, 0xF0, 0x00, 0xFF, 0xFF, 0xE0, 0x28, 0x00, 0x0F, 0xFE,
    0x00, 0xBF, 0xFF, 0x80, 0xFC, 0x00, 0x02, 0xFF, 0xFF, 0xFF, 0xFF, 0xFF, 0xF0, 0x00, 0x00, 0x2F,
    0xFF, 0xFF, 0xFF, 0xFF, 0xC0, 0x00, 0x00, 0x00, 0x6A, 0x90, 0x02, 0xA8, 0x00, 0x00, 0x00, 0x04,
    0x00, 0x00, 0x00, 0x00, 0x00, 0x02, 0xFE, 0x00, 0x00, 0x00, 0x00, 0x00, 0x2F, 0xE0, 0x0B, 0xE4,
    0x00, 0x00, 0x00, 0xFF, 0x40, 0x3F, 0xFF, 0x00, 0x00, 0x03, 0xFE, 0x00, 0xFE, 0x3F, 0xC0, 0x00,
    0x0B, 0xFC, 0x03, 0xFC, 0x0F, 0xE0, 0x00, 0x0F, 0xF0, 0x0B, 0xF8, 0x0F, 0xF0, 0x00, 0x2F, 0xF0,
    0x0F, 0xF0, 0x0F, 0xF8, 0x00, 0x3F, 0xE0, 0x0F, 0xF0, 0x0B, 0xFC, 0x00, 0x3F, 0xE0, 0x1F, 0xF0,
    0x0B, 0xFC, 0x00, 0x3F, 0xE0, 0x2F, 0xF0, 0x0B, 0xFC, 0x00, 0x3F, 0xE0, 0x2F, 0xF0, 0x0B, 0xFC,
    0x00, 0x3F, 0xE0, 0x2F, 0xF0, 0x0B, 0xFC, 0x00, 0x3F, 0xE0, 0x0F, 0xF0, 0x0F, 0xFC, 0x00, 0x2F,
    0xF0, 0x0F, 0xF8, 0x0F, 0xF8, 0x00, 0x0F, 0xF4, 0x0F, 0xFC, 0x2F, 0xF0, 0x00, 0x0B, 0xFC, 0x03,
    0xFE, 0x3F, 0xE0, 0x00, 0x02, 0xFF, 0x02, 0xFF, 0xFF, 0xC0, 0x00, 0x00, 0xBF, 0xC0, 0xFF, 0xFF,
    0x0A, 0x00, 0x00, 0x2F, 0xFE, 0xFF, 0xFF, 0xBF, 0x00, 0x00, 0x02, 0xFF, 0xFF, 0xFF, 0xF8, 0x00,
    0x00, 0x00, 0x01, 0x40, 0x05, 0x00, 0x00, 0x00, 0x00, 0x00, 0x05, 0x00, 0x00, 0x00, 0x00, 0x2F,
    0xFF, 0xFF, 0x80, 0x00, 0x02, 0xFF, 0xFF, 0xFF, 0xFC, 0x00, 0x0F, 0xFF, 0x80, 0x2F, 0xFC, 0x00,
    0x7F, 0xF0, 0x00, 0x02, 0xFC, 0x00, 0xFF, 0xC0, 0x00, 0x00, 0xFC, 0x03, 0xFF, 0x00, 0x00, 0x00,
    0xFC, 0x0B, 0xFC, 0x00, 0x00, 0x00, 0xBC, 0x0F, 0xF8, 0x00, 0x00, 0x00, 0x7C, 0x2F, 0xF4, 0x00,
    0x00, 0x00, 0x00, 0x3F, 0xF0, 0x00, 0x00, 0x00, 0x00, 0x3F, 0xE0, 0x00, 0x00, 0x00, 0x00, 0x3F,
    0xE0, 0x00, 0x00, 0x00, 0x00, 0x7F, 0xE0, 0x00, 0x00, 0x00, 0x00, 0xBF, 0xE0, 0x00, 0x00, 0x00,
    0x00, 0xBF, 0xE0, 0x00, 0x00, 0x00, 0x00, 0x3F, 0xE0, 0x00, 0x00, 0x00, 0x00, 0x3F, 0xE0, 0x00,
    0x00, 0x00, 0x00, 0x3F, 0xE0, 0x00, 0x00, 0x00, 0x00, 0x3F, 0xF0, 0x00, 0x00, 0x00, 0x00, 0x2F,
    0xF0, 0x00, 0x00, 0x00, 0x00, 0x0F, 0xF8, 0x00, 0x00, 0x00, 0x7C, 0x0B, 0xFC, 0x00, 0x00, 0x00,
    0xBC, 0x03, 0xFF, 0x00, 0x00, 0x00, 0xFC, 0x00, 0xFF, 0xC0, 0x00, 0x00, 0xFC, 0x00, 0xBF, 0xF0,
    0x00, 0x00, 0xFC, 0x00, 0x0F, 0xFE, 0x00, 0x07, 0xFC, 0x00, 0x02, 0xFF, 0xFF, 0xFF, 0xFC, 0x00,
    0x00, 0x2F, 0xFF, 0xFF, 0xE0, 0x00, 0x00, 0x00, 0xBF, 0x80, 0x00, 0x00, 0x00, 0x00, 0x1F, 0x00,
    0x00, 0x00, 0x00, 0x00, 0x0F, 0x80, 0x00, 0x00, 0x00, 0x00, 0x0B, 0xC0, 0x00, 0x00, 0x00, 0x00,
    0x0F, 0xC0, 0x00, 0x00, 0x00, 0x0E, 0xBF, 0xC0, 0x00, 0x00, 0x00, 0x2F, 0xFF, 0x80, 0x00, 0x00,
    0x00, 0x02, 0xA8, 0x00, 0x00, 0x00, 0x00, 0x19, 0x00, 0x00, 0x00, 0x1F, 0xFF, 0xF8, 0x00, 0x00,
    0xBF, 0xEA, 0xFF, 0x00, 0x03, 0xFE, 0x00, 0xFF, 0x80, 0x0F, 0xF8, 0x00, 0xFF, 0x80, 0x1F, 0xF0,
    0x00, 0xFF, 0x80, 0x3F, 0xD0, 0x00, 0xBF, 0x00, 0x3F, 0xC0, 0x00, 0x00, 0x00, 0x7F, 0xC0, 0x00,
    0x00, 0x00, 0xBF, 0xC0, 0x00, 0x00, 0x00, 0xBF, 0x80, 0x00, 0x00, 0x00, 0xBF, 0xC0, 0x00, 0x00,
    0x00, 0xBF, 0xC0, 0x00, 0x00, 0x00, 0xBF, 0xC0, 0x00, 0x00, 0x00, 0x3F, 0xE0, 0x00, 0x00, 0x00,
    0x3F, 0xF0, 0x00, 0x00, 0x00, 0x2F, 0xF8, 0x00, 0x00, 0x00, 0x0F, 0xFE, 0x00, 0x02, 0xC0, 0x03,
    0xFF, 0xE8, 0xAF, 0xC0, 0x00, 0xFF, 0xFF, 0xFF, 0x80, 0x00, 0x2F, 0xFF, 0xF8, 0x00, 0x00, 0x00,
    0xBE, 0x00, 0x00, 0x00, 0x00, 0x2F, 0x00, 0x00, 0x00, 0x00, 0x0F, 0x40, 0x00, 0x00, 0x00, 0x0F,
    0xC0, 0x00, 0x00, 0x00, 0x0F, 0xC0, 0x00, 0x00, 0x0E, 0xBF, 0xC0, 0x00, 0x00, 0x2F, 0xFF, 0x00,
    0x00, 0x00, 0x02, 0xA8, 0x00, 0x00, 0x2A, 0xAA, 0xAA, 0xAA, 0xAA, 0xAA, 0x00, 0xBF, 0xFF, 0xFF,
    0xFF, 0xFF, 0xFF, 0x00, 0xBF, 0xAA, 0xAF, 0xFA, 0xAA, 0xBF, 0x00, 0xBE, 0x00, 0x0F, 0xF8, 0x00,
    0x3F, 0x00, 0xBE, 0x00, 0x0F, 0xF8, 0x00, 0x3F, 0x00, 0xBC, 0x00, 0x0F, 0xF8, 0x00, 0x3F, 0x00,
    0xBC, 0x00, 0x0F, 0xF8, 0x00, 0x2F, 0x00, 0x00, 0x00, 0x0F, 0xF8, 0x00, 0x00, 0x00, 0x00, 0x00,
    0x0F, 0xF8, 0x00, 0x00, 0x00, 0x00, 0x00, 0x0F, 0xF8, 0x00, 0x00, 0x00, 0x00, 0x00, 0x0F, 0xF8,
    0x00, 0x00, 0x00, 0x00, 0x00, 0x0F, 0xF8, 0x00, 0x00, 0x00, 0x00, 0x00, 0x0F, 0xF8, 0x00, 0x00,
    0x00, 0x00, 0x00, 0x0F, 0xF8, 0x00, 0x00, 0x00, 0x00, 0x00, 0x0F, 0xF8, 0x00, 0x00, 0x00, 0x00,
    0x00, 0x0F, 0xF8, 0x00, 0x00, 0x00, 0x00, 0x00, 0x0F, 0xF8, 0x00, 0x00, 0x00, 0x00, 0x00, 0x0F,
    0xF8, 0x00, 0x00, 0x00, 0x00, 0x00, 0x0F, 0xF8, 0x00, 0x00, 0x00, 0x00, 0x00, 0x0F, 0xF8, 0x00,
    0x00, 0x00, 0x00, 0x00, 0x0F, 0xF8, 0x00, 0x00, 0x00, 0x00, 0x00, 0x0F, 0xF8, 0x00, 0x00, 0x00,
    0x00, 0x00, 0x0F, 0xF8, 0x00, 0x00, 0x00, 0x00, 0x00, 0x0F, 0xF8, 0x00, 0x00, 0x00, 0x00, 0x00,
    0x0F, 0xF8, 0x00, 0x00, 0x00, 0x00, 0x00, 0x0F, 0xF8, 0x00, 0x00, 0x00, 0x00, 0x03, 0xFF, 0xFF,
    0xF0, 0x00, 0x00, 0x00, 0x03, 0xFF, 0xFF, 0xF0, 0x00, 0x00, 0x00, 0x00, 0x02, 0xFF, 0xF0, 0x00,
    0x00, 0x00, 0x00, 0x00, 0x3F, 0xF0, 0x00, 0x00, 0x00, 0x00, 0x00, 0x0F, 0xF0, 0x00, 0x00, 0x00,
    0x00, 0x00, 0x0B, 0xF0, 0x00, 0x00, 0x00, 0x00, 0x00, 0x03, 0xF0, 0x00, 0x00, 0x00, 0x00, 0x00,
    0x02, 0xF0, 0x00, 0x00, 0x00, 0x00, 0x00, 0x02, 0xF0, 0x00, 0x00, 0x00, 0x00, 0x00, 0x01, 0xF0,
    0x00, 0x00, 0x00, 0x00, 0x00, 0x00, 0x00, 0x00, 0x00, 0x00, 0x00, 0x00, 0x00, 0x00, 0xFF, 0xFF,
    0xFF, 0xFF, 0xF0, 0xFF, 0xFF, 0xFF, 0xFF, 0xF0, 0xF8, 0x03, 0xFC, 0x02, 0xF0, 0xF4, 0x03, 0xFC,
    0x00, 0xF0, 0xF0, 0x03, 0xFC, 0x00, 0xF0, 0xA0, 0x03, 0xFC, 0x00, 0xA0, 0x00, 0x03, 0xFC, 0x00,
    0x00, 0x00, 0x03, 0xFC, 0x00, 0x00, 0x00, 0x03, 0xFC, 0x00, 0x00, 0x00, 0x03, 0xFC, 0x00, 0x00,
    0x00, 0x03, 0xFC, 0x00, 0x00, 0x00, 0x03, 0xFC, 0x00, 0x00, 0x00, 0x03, 0xFC, 0x00, 0x00, 0x00,
    0x03, 0xFC, 0x00, 0x00, 0x00, 0x03, 0xFC, 0x00, 0x00, 0x00, 0x03, 0xFC, 0x00, 0x00, 0x00, 0x03,
    0xFC, 0x00, 0x00, 0x00, 0x03, 0xFC, 0x00, 0x00, 0x00, 0xBF, 0xFF, 0xF0, 0x00, 0x00, 0xBF, 0xFF,
    0xF0, 0x00, 0x00, 0x00, 0x2F, 0xF0, 0x00, 0x00, 0x00, 0x0B, 0xF0, 0x00, 0x00, 0x00, 0x03, 0xF0,
    0x00, 0x00, 0x00, 0x02, 0xF0, 0x00, 0x00, 0x00, 0x02, 0xF0, 0x00, 0x00, 0x00, 0x02, 0xF0, 0x00,
    0x00, 0x00, 0x00, 0x00, 0x00, 0xAA, 0xAA, 0xA0, 0x00, 0x2A, 0xAA, 0x80, 0xBF, 0xFF, 0xF0, 0x00,
    0x3F, 0xFF, 0xC0, 0x2B, 0xFF, 0x00, 0x00, 0x06, 0xFE, 0x00, 0x03, 0xFF, 0x00, 0x00, 0x02, 0xF8,
    0x00, 0x00, 0xFF, 0x80, 0x00, 0x03, 0xF0, 0x00, 0x00, 0xFF, 0xC0, 0x00, 0x0F, 0xD0, 0x00, 0x00,
    0x3F, 0xE0, 0x00, 0x1F, 0xC0, 0x00, 0x00, 0x2F, 0xF0, 0x00, 0x3F, 0x00, 0x00, 0x00, 0x0F, 0xF8,
    0x00, 0xBE, 0x00, 0x00, 0x00, 0x0B, 0xFC, 0x00, 0xFC, 0x00, 0x00, 0x00, 0x03, 0xFE, 0x03, 0xF4,
    0x00, 0x00, 0x00, 0x01, 0xFF, 0x07, 0xF0, 0x00, 0x00, 0x00, 0x00, 0xFF, 0xCF, 0xC0, 0x00, 0x00,
    0x00, 0x00, 0x3F, 0xFF, 0x80, 0x00, 0x00, 0x00, 0x00, 0x3F, 0xFF, 0x00, 0x00, 0x00, 0x00, 0x00,
    0x0F, 0xFC, 0x00, 0x00, 0x00, 0x00, 0x00, 0x0B, 0xFC, 0x00, 0x00, 0x00, 0x00, 0x00, 0x0B, 0xFC,
    0x00, 0x00, 0x00, 0x00, 0x00, 0x0B, 0xFC, 0x00, 0x00, 0x00, 0x00, 0x00, 0x0B, 0xFC, 0x00, 0x00,
    0x00, 0x00, 0x00, 0x0B, 0xFC, 0x00, 0x00, 0x00, 0x00, 0x00, 0x0B, 0xFC, 0x00, 0x00, 0x00, 0x00,
    0x00, 0x0B, 0xFC, 0x00, 0x00, 0x00, 0x00, 0x00, 0x0B, 0xFC, 0x00, 0x00, 0x00, 0x00, 0x00, 0x0B,
    0xFC, 0x00, 0x00, 0x00, 0x00, 0x00, 0x0F, 0xFC, 0x00, 0x00, 0x00, 0x00, 0x03, 0xFF, 0xFF, 0xF0,
    0x00, 0x00, 0x00, 0x03, 0xFF, 0xFF, 0xF0, 0x00, 0x00, 0x00, 0x00, 0x00, 0x00, 0x00, 0x00, 0xFF,
    0xFF, 0xF0, 0x0B, 0xFF, 0xFC, 0xFF, 0xFF, 0xF0, 0x0B, 0xFF, 0xFC, 0x07, 0xFD, 0x00, 0x00, 0x3F,
    0x80, 0x03, 0xFE, 0x00, 0x00, 0x3F, 0x00, 0x01, 0xFF, 0x00, 0x00, 0xBE, 0x00, 0x00, 0xFF, 0x40,
    0x00, 0xFC, 0x00, 0x00, 0xBF, 0xC0, 0x00, 0xFC, 0x00, 0x00, 0x3F, 0xC0, 0x03, 0xF0, 0x00, 0x00,
    0x3F, 0xE0, 0x03, 0xF0, 0x00, 0x00, 0x2F, 0xF0, 0x0B, 0xE0, 0x00, 0x00, 0x0F, 0xF0, 0x0F, 0xC0,
    0x00, 0x00, 0x0F, 0xF8, 0x2F, 0x80, 0x00, 0x00, 0x07, 0xFC, 0x3F, 0x00, 0x00, 0x00, 0x03, 0xFD,
    0x3F, 0x00, 0x00, 0x00, 0x02, 0xFF, 0xBD, 0x00, 0x00, 0x00, 0x00, 0xFF, 0xFC, 0x00, 0x00, 0x00,
    0x00, 0xFF, 0xF8, 0x00, 0x00, 0x00, 0x00, 0xBF, 0xF0, 0x00, 0x00, 0x00, 0x00, 0x3F, 0xE0, 0x00,
    0x00, 0x00, 0x00, 0x3F, 0xE0, 0x00, 0x00, 0x00, 0x00, 0x2F, 0xE0, 0x00, 0x00, 0x00, 0x00, 0x2F,
    0xE0, 0x00, 0x00, 0x00, 0x00, 0x2F, 0xE0, 0x00, 0x00, 0x00, 0x00, 0x2F, 0xE0, 0x00, 0x00, 0x00,
    0x00, 0x2F, 0xE0, 0x00, 0x00, 0x00, 0x00, 0x2F, 0xE0, 0x00, 0x00, 0x00, 0x00, 0x3F, 0xF0, 0x00,
    0x00, 0x00, 0x0F, 0xFF, 0xFF, 0xC0, 0x00, 0x00, 0x0F, 0xFF, 0xFF, 0xC0, 0x00, 0xAA, 0xAA, 0xA0,
    0x00, 0x2A, 0xAA, 0x80, 0xBF, 0xFF, 0xF0, 0x00, 0x3F, 0xFF, 0xC0, 0x2B, 0xFF, 0x00, 0x00, 0x06,
    0xFE, 0x00, 0x03, 0xFF, 0x00, 0x00, 0x02, 0xF8, 0x00, 0x00, 0xFF, 0x80, 0x00, 0x03, 0xF0, 0x00,
    0x00, 0xFF, 0xC0, 0x00, 0x0F, 0xD0, 0x00, 0x00, 0x3F, 0xE0, 0x00, 0x1F, 0xC0, 0x00, 0x00, 0x2F,
    0xF0, 0x00, 0x3F, 0x00, 0x00, 0x00, 0x0F, 0xF8, 0x00, 0xBE, 0x00, 0x00, 0x00, 0x0B, 0xFC, 0x00,
    0xFC, 0x00, 0x00, 0x00, 0x03, 0xFE, 0x03, 0xF4, 0x00, 0x00, 0x00, 0x02, 0xFF, 0x07, 0xF0, 0x00,
    0x00, 0x00, 0x00, 0xFF, 0xCF, 0xC0, 0x00, 0x00, 0x00, 0x00, 0x3F, 0xFF, 0x80, 0x00, 0x00, 0x00,
    0x00, 0x3F, 0xFF, 0x00, 0x00, 0x00, 0x03, 0xFF, 0xFF, 0xFF, 0xFF, 0xF8, 0x00, 0x03, 0xFF, 0xFF,
    0xFF, 0xFF, 0xF8, 0x00, 0x00, 0x00, 0x0B, 0xFC, 0x00, 0x00, 0x00, 0x00, 0x00, 0x0B, 0xFC, 0x00,
    0x00, 0x00, 0x00, 0x00, 0x0B, 0xFC, 0x00, 0x00, 0x00, 0x00, 0x00, 0x0B, 0xFC, 0x00, 0x00, 0x00,
    0x00, 0x00, 0x0B, 0xFC, 0x00, 0x00, 0x00, 0x00, 0x00, 0x0B, 0xFC, 0x00, 0x00, 0x00, 0x00, 0x00,
    0x0B, 0xFC, 0x00, 0x00, 0x00, 0x00, 0x00, 0x0B, 0xFC, 0x00, 0x00, 0x00, 0x00, 0x00, 0x0F, 0xFC,
    0x00, 0x00, 0x00, 0x00, 0x03, 0xFF, 0xFF, 0xF0, 0x00, 0x00, 0x00, 0x03, 0xFF, 0xFF, 0xF0, 0x00,
    0x00, 0x00, 0x00, 0x00, 0x00, 0x00, 0x00, 0xFF, 0xFF, 0xF0, 0x0B, 0xFF, 0xFC, 0xFF, 0xFF, 0xF0,
    0x0B, 0xFF, 0xFC, 0x03, 0xFD, 0x00, 0x00, 0x3F, 0x80, 0x03, 0xFE, 0x00, 0x00, 0x3F, 0x00, 0x01,
    0xFF, 0x00, 0x00, 0xBE, 0x00, 0x00, 0xFF, 0x40, 0x00, 0xFC, 0x00, 0x00, 0xBF, 0xC0, 0x01, 0xF8,
    0x00, 0x00, 0x3F, 0xC0, 0x03, 0xF0, 0x00, 0x00, 0x3F, 0xE0, 0x03, 0xF0, 0x00, 0x00, 0x2F, 0xF0,
    0x0B, 0xD0, 0x00, 0x00, 0x0F, 0xF4, 0x0F, 0xC0, 0x00, 0x00, 0x0B, 0xFC, 0x2F, 0x80, 0x00, 0x00,
    0x03, 0xFC, 0x3F, 0x00, 0x00, 0x00, 0x03, 0xFE, 0xBE, 0x00, 0x00, 0x00, 0x02, 0xFF, 0xFC, 0x00,
    0x00, 0x00, 0x00, 0xFF, 0xFC, 0x00, 0x00, 0x00, 0x00, 0xBF, 0xF0, 0x00, 0x00, 0x00, 0x00, 0x7F,
    0xF0, 0x00, 0x00, 0x03, 0xFF, 0xFF, 0xFF, 0xFF, 0x00, 0x03, 0xFF, 0xFF, 0xFF, 0xFF, 0x00, 0x00,
    0x00, 0x2F, 0xC0, 0x00, 0x00, 0x00, 0x00, 0x0F, 0xC0, 0x00, 0x00, 0x00, 0x00, 0x0F, 0xC0, 0x00,
    0x00, 0x00, 0x00, 0x0F, 0xC0, 0x00, 0x00, 0x00, 0x00, 0x0F, 0xC0, 0x00, 0x00, 0x00, 0x00, 0x1F,
    0xC0, 0x00, 0x00, 0x00, 0x00, 0x2F, 0xE0, 0x00, 0x00, 0x00, 0x0F, 0xFF, 0xFF, 0xC0, 0x00, 0x00,
    0x0F, 0xFF, 0xFF, 0x80, 0x00, 0x2A, 0xAA, 0xA8, 0x00, 0x2A, 0xAA, 0x80, 0x3F, 0xFF, 0xFC, 0x00,
    0xBF, 0xFF, 0xC0, 0x0B, 0xFF, 0xD0, 0x00, 0x0B, 0xFE, 0x00, 0x00, 0xFF, 0xC0, 0x00, 0x03, 0xF0,
    0x00, 0x00, 0x3F, 0xE0, 0x00, 0x0F, 0xC0, 0x00, 0x00, 0x2F, 0xF0, 0x00, 0x2F, 0x80, 0x00, 0x00,
    0x0F, 0xFC, 0x00, 0x3F, 0x00, 0x00, 0x00, 0x07, 0xFE, 0x00, 0xFC, 0x00, 0x00, 0x00, 0x02, 0xFF,
    0x03, 0xF4, 0x00, 0x00, 0x00, 0x00, 0xFF, 0xCB, 0xE0, 0x00, 0x00, 0x00, 0x00, 0xBF, 0xFF, 0xC0,
    0x00, 0x00, 0x00, 0x00, 0x3F, 0xFF, 0x00, 0x00, 0x00, 0x00, 0x00, 0x0F, 0xFE, 0x00, 0x00, 0x00,
    0x00, 0x00, 0x0B, 0xFE, 0x00, 0x00, 0x00, 0x00, 0x00, 0x03, 0xFF, 0x00, 0x00, 0x00, 0x00, 0x00,
    0x0F, 0xFF, 0x80, 0x00, 0x00, 0x00, 0x00, 0x2F, 0xFF, 0xD0, 0x00, 0x00, 0x00, 0x00, 0x7F, 0x3F,
    0xF0, 0x00, 0x00, 0x00, 0x00, 0xFC, 0x1F, 0xF8, 0x00, 0x00, 0x00, 0x03, 0xF4, 0x0B, 0xFC, 0x00,
    0x00, 0x00, 0x0B, 0xE0, 0x03, 0xFF, 0x00, 0x00, 0x00, 0x0F, 0xC0, 0x02, 0xFF, 0x80, 0x00, 0x00,
    0x3F, 0x00, 0x00, 0xFF, 0xC0, 0x00, 0x00, 0xFE, 0x00, 0x00, 0x3F, 0xF0, 0x00, 0x02, 0xFC, 0x00,
    0x00, 0x2F, 0xF8, 0x00, 0x0B, 0xF8, 0x00, 0x00, 0x2F, 0xFE, 0x00, 0xBF, 0xFF, 0xC0, 0x03, 0xFF,
    0xFF, 0xE0, 0xBF, 0xFF, 0xC0, 0x03, 0xFF, 0xFF, 0xE0, 0x00, 0x00, 0x00, 0x00, 0x01, 0xFF, 0xE0,
    0x00, 0x00, 0x00, 0x00, 0x00, 0x2F, 0xE0, 0x00, 0x00, 0x00, 0x00, 0x00, 0x0F, 0xE0, 0x00, 0x00,
    0x00, 0x00, 0x00, 0x07, 0xE0, 0x00, 0x00, 0x00, 0x00, 0x00, 0x03, 0xE0, 0x00, 0x00, 0x00, 0x00,
    0x00, 0x03, 0xE0, 0x00, 0x00, 0x00, 0x00, 0x00, 0x02, 0xE0, 0x00, 0x00, 0x00, 0x00, 0x00, 0x02,
    0xE0, 0x00, 0x00, 0x00, 0x00, 0x00, 0x00, 0x00, 0x00, 0x00, 0x00, 0x00, 0x00, 0x00, 0xBF, 0xFF,
    0xE0, 0xBF, 0xFF, 0x00, 0x7F, 0xFF, 0xE0, 0xBF, 0xFF, 0x00, 0x03, 0xFF, 0x00, 0x0B, 0xE0, 0x00,
    0x00, 0xFF, 0x80, 0x0F, 0x80, 0x00, 0x00, 0xBF, 0xC0, 0x3F, 0x00, 0x00, 0x00, 0x3F, 0xF0, 0xFC,
    0x00, 0x00, 0x00, 0x0F, 0xFA, 0xF4, 0x00, 0x00, 0x00, 0x0B, 0xFF, 0xE0, 0x00, 0x00, 0x00, 0x03,
    0xFF, 0xC0, 0x00, 0x00, 0x00, 0x00, 0xFF, 0x80, 0x00, 0x00, 0x00, 0x00, 0xFF, 0xD0, 0x00, 0x00,
    0x00, 0x02, 0xFF, 0xF0, 0x00, 0x00, 0x00, 0x03, 0xFF, 0xF8, 0x00, 0x00, 0x00, 0x0F, 0xC3, 0xFD,
    0x00, 0x00, 0x00, 0x3F, 0x02, 0xFF, 0x00, 0x00, 0x00, 0xBE, 0x00, 0xFF, 0xC0, 0x00, 0x00, 0xF8,
    0x00, 0x3F, 0xE0, 0x00, 0x03, 0xF0, 0x00, 0x3F, 0xF0, 0x00, 0xBF, 0xFF, 0x00, 0xFF, 0xFF, 0x80,
    0xBF, 0xFF, 0x01, 0xFF, 0xFF, 0x80, 0x00, 0x00, 0x00, 0x01, 0xFF, 0x80, 0x00, 0x00, 0x00, 0x00,
    0x3F, 0x80, 0x00, 0x00, 0x00, 0x00, 0x0F, 0x80, 0x00, 0x00, 0x00, 0x00, 0x0F, 0x80, 0x00, 0x00,
    0x00, 0x00, 0x0B, 0x80, 0x00, 0x00, 0x00, 0x00, 0x0B, 0x80, 0x00, 0x00, 0x00, 0x00, 0x00, 0x00,
    0x2A, 0xBF, 0xFF, 0xFF, 0xAA, 0x0A, 0xAA, 0xAA, 0x00, 0xBF, 0xFF, 0xFF, 0xFF, 0xFF, 0x0F, 0xFF,
    0xFF, 0x80, 0xBF, 0xAA, 0xFF, 0xAA, 0xBF, 0x00, 0xBF, 0xF0, 0x00, 0xBE, 0x00, 0xFF, 0x80, 0x3F,
    0x00, 0x3F, 0xE0, 0x00, 0xBE, 0x00, 0xFF, 0x80, 0x3F, 0x00, 0x3F, 0xE0, 0x00, 0xBC, 0x00, 0xFF,
    0x80, 0x3F, 0x00, 0x3F, 0xE0, 0x00, 0xBC, 0x00, 0xFF, 0x80, 0x2F, 0x00, 0x3F, 0xE0, 0x00, 0x00,
    0x00, 0xFF, 0x80, 0x00, 0x00, 0x3F, 0xE0, 0x00, 0x00, 0x00, 0xFF, 0x80, 0x00, 0x00, 0x3F, 0xE0,
    0x00, 0x00, 0x00, 0xFF, 0x80, 0x00, 0x00, 0x3F, 0xE0, 0x00, 0x00, 0x00, 0xFF, 0x80, 0x00, 0x00,
    0x3F, 0xE0, 0x00, 0x00, 0x00, 0xFF, 0x80, 0x00, 0x00, 0x3F, 0xE0, 0x00, 0x00, 0x00, 0xFF, 0x80,
    0x00, 0x00, 0x3F, 0xE0, 0x00, 0x00, 0x00, 0xFF, 0x80, 0x00, 0x00, 0x3F, 0xE0, 0x00, 0x00, 0x00,
    0xFF, 0x80, 0x00, 0x00, 0x3F, 0xE0, 0x00, 0x00, 0x00, 0xFF, 0x80, 0x00, 0x00, 0x3F, 0xE0, 0x00,
    0x00, 0x00, 0xFF, 0x80, 0x00, 0x00, 0x3F, 0xE0, 0x00, 0x00, 0x00, 0xFF, 0x80, 0x00, 0x00, 0x3F,
    0xE0, 0x00, 0x00, 0x00, 0xFF, 0x80, 0x00, 0x00, 0x3F, 0xE0, 0x00, 0x00, 0x00, 0xFF, 0x80, 0x00,
    0x00, 0x3F, 0xE0, 0x00, 0x00, 0x00, 0xFF, 0x80, 0x00, 0x00, 0x3F, 0xE0, 0x00, 0x00, 0x00, 0xFF,
    0x80, 0x00, 0x00, 0x3F, 0xE0, 0x00, 0x00, 0x00, 0xFF, 0x80, 0x00, 0x00, 0x3F, 0xE0, 0x00, 0x00,
    0x00, 0xFF, 0x80, 0x00, 0x00, 0x3F, 0xE0, 0x00, 0x00, 0x00, 0xFF, 0x80, 0x00, 0x00, 0x3F, 0xE0,
    0x00, 0x00, 0x00, 0xFF, 0xC0, 0x00, 0x00, 0xBF, 0xE0, 0x00, 0x00, 0xBF, 0xFF, 0xFF, 0xFF, 0xFF,
    0xFF, 0xFF, 0x80, 0x00, 0xBF, 0xFF, 0xFF, 0xFF, 0xFF, 0xFF, 0xFF, 0x80, 0x00, 0x00, 0x00, 0x00,
    0x00, 0x00, 0x1F, 0xFF, 0x80, 0x00, 0x00, 0x00, 0x00, 0x00, 0x00, 0x02, 0xFF, 0x80, 0x00, 0x00,
    0x00, 0x00, 0x00, 0x00, 0x00, 0xBF, 0x80, 0x00, 0x00, 0x00, 0x00, 0x00, 0x00, 0x00, 0x3F, 0x80,
    0x00, 0x00, 0x00, 0x00, 0x00, 0x00, 0x00, 0x1F, 0x80, 0x00, 0x00, 0x00, 0x00, 0x00, 0x00, 0x00,
    0x0F, 0x80, 0x00, 0x00, 0x00, 0x00, 0x00, 0x00, 0x00, 0x0F, 0x80, 0x00, 0x00, 0x00, 0x00, 0x00,
    0x00, 0x00, 0x0F, 0x80, 0x00, 0x00, 0x00, 0x00, 0x00, 0x00, 0x00, 0x00, 0x00, 0x00, 0x00, 0x00,
    0x00, 0x00, 0x00, 0x00, 0xFF, 0xFF, 0xFF, 0xF7, 0xFF, 0xFF, 0x00, 0xFF, 0xFF, 0xFF, 0xF6, 0xFF,
    0xFF, 0x00, 0xF8, 0x3F, 0xD0, 0xF4, 0x0F, 0xF0, 0x00, 0xF4, 0x2F, 0xC0, 0xF4, 0x0F, 0xF0, 0x00,
    0xF0, 0x2F, 0xC0, 0xB4, 0x0F, 0xF0, 0x00, 0xA0, 0x2F, 0xC0, 0x20, 0x0F, 0xF0, 0x00, 0x00, 0x2F,
    0xC0, 0x00, 0x0F, 0xF0, 0x00, 0x00, 0x2F, 0xC0, 0x00, 0x0F, 0xF0, 0x00, 0x00, 0x2F, 0xC0, 0x00,
    0x0F, 0xF0, 0x00, 0x00, 0x2F, 0xC0, 0x00, 0x0F, 0xF0, 0x00, 0x00, 0x2F, 0xC0, 0x00, 0x0F, 0xF0,
    0x00, 0x00, 0x2F, 0xC0, 0x00, 0x0F, 0xF0, 0x00, 0x00, 0x2F, 0xC0, 0x00, 0x0F, 0xF0, 0x00, 0x00,
    0x2F, 0xC0, 0x00, 0x0F, 0xF0, 0x00, 0x00, 0x2F, 0xC0, 0x00, 0x0F, 0xF0, 0x00, 0x00, 0x2F, 0xC0,
    0x00, 0x0F, 0xF0, 0x00, 0x00, 0x2F, 0xC0, 0x00, 0x0F, 0xF0, 0x00, 0x00, 0x3F, 0xE0, 0x00, 0x2F,
    0xF0, 0x00, 0x03, 0xFF, 0xFF, 0xFF, 0xFF, 0xFF, 0x00, 0x03, 0xFF, 0xFF, 0xFF, 0xFF, 0xFF, 0x00,
    0x00, 0x00, 0x00, 0x00, 0x02, 0xFF, 0x00, 0x00, 0x00, 0x00, 0x00, 0x00, 0x3F, 0x00, 0x00, 0x00,
    0x00, 0x00, 0x00, 0x2F, 0x00, 0x00, 0x00, 0x00, 0x00, 0x00, 0x0F, 0x00, 0x00, 0x00, 0x00, 0x00,
    0x00, 0x0F, 0x00, 0x00, 0x00, 0x00, 0x00, 0x00, 0x0F, 0x00, 0x00, 0x00, 0x00, 0x00, 0x00, 0x00,
    0x00, 0xAA, 0xAA, 0xA0, 0x02, 0xAA, 0xAA, 0x80, 0xFF, 0xFF, 0xF8, 0x0B, 0xFF, 0xFF, 0xC0, 0x0B,
    0xFF, 0x40, 0x00, 0x7F, 0xF4, 0x00, 0x02, 0xFE, 0x00, 0x00, 0x2F, 0xE0, 0x00, 0x02, 0xFE, 0x00,
    0x00, 0x2F, 0xE0, 0x00, 0x02, 0xFE, 0x00, 0x00, 0x2F, 0xE0, 0x00, 0x02, 0xFE, 0x00, 0x00, 0x2F,
    0xE0, 0x00, 0x02, 0xFE, 0x00, 0x00, 0x2F, 0xE0, 0x00, 0x02, 0xFE, 0x00, 0x00, 0x2F, 0xE0, 0x00,
    0x02, 0xFE, 0x00, 0x00, 0x2F, 0xE0, 0x00, 0x02, 0xFE, 0x00, 0x00, 0x2F, 0xE0, 0x00, 0x02, 0xFE,
    0x00, 0x00, 0x2F, 0xE0, 0x00, 0x02, 0xFF, 0x00, 0x00, 0x3F, 0xE0, 0x00, 0x02, 0xFF, 0x40, 0x0B,
    0xFF, 0xE0, 0x00, 0x00, 0xFF, 0xFA, 0xFF, 0xFF, 0xE0, 0x00, 0x00, 0xBF, 0xFF, 0xFF, 0xBF, 0xE0,
    0x00, 0x00, 0x2F, 0xFF, 0xF8, 0x2F, 0xE0, 0x00, 0x00, 0x02, 0xFE, 0x00, 0x2F, 0xE0, 0x00, 0x00,
    0x00, 0x00, 0x00, 0x2F, 0xE0, 0x00, 0x00, 0x00, 0x00, 0x00, 0x2F, 0xE0, 0x00, 0x00, 0x00, 0x00,
    0x00, 0x2F, 0xE0, 0x00, 0x00, 0x00, 0x00, 0x00, 0x2F, 0xE0, 0x00, 0x00, 0x00, 0x00, 0x00, 0x2F,
    0xE0, 0x00, 0x00, 0x00, 0x00, 0x00, 0x2F, 0xE0, 0x00, 0x00, 0x00, 0x00, 0x00, 0x2F, 0xE0, 0x00,
    0x00, 0x00, 0x00, 0x00, 0x3F, 0xF0, 0x00, 0x00, 0x00, 0x00, 0x0B, 0xFF, 0xFF, 0xC0, 0x00, 0x00,
    0x00, 0x0B, 0xFF, 0xFF, 0xC0, 0x00, 0x00, 0x00, 0x00, 0x07, 0xFF, 0xC0, 0x00, 0x00, 0x00, 0x00,
    0x00, 0xBF, 0xC0, 0x00, 0x00, 0x00, 0x00, 0x00, 0x3F, 0xC0, 0x00, 0x00, 0x00, 0x00, 0x00, 0x0F,
    0xC0, 0x00, 0x00, 0x00, 0x00, 0x00, 0x0F, 0xC0, 0x00, 0x00, 0x00, 0x00, 0x00, 0x0B, 0xC0, 0x00,
    0x00, 0x00, 0x00, 0x00, 0x0B, 0xC0, 0x00, 0x00, 0x00, 0x00, 0x00, 0x0B, 0xC0, 0x00, 0x00, 0x00,
    0x00, 0x00, 0x00, 0x00, 0x00, 0x00, 0x00, 0x00, 0x00, 0xFF, 0xFF, 0xC3, 0xFF, 0xFE, 0xFF, 0xFF,
    0xC3, 0xFF, 0xFE, 0x0B, 0xF8, 0x00, 0x3F, 0xC0, 0x07, 0xF8, 0x00, 0x3F, 0xC0, 0x07, 0xF8, 0x00,
    0x3F, 0xC0, 0x07, 0xF8, 0x00, 0x3F, 0xC0, 0x07, 0xF8, 0x00, 0x3F, 0xC0, 0x07, 0xF8, 0x00, 0x3F,
    0xC0, 0x07, 0xF8, 0x00, 0x3F, 0xC0, 0x03, 0xFC, 0x00, 0xBF, 0xC0, 0x03, 0xFF, 0xFF, 0xFF, 0xC0,
    0x00, 0xFF, 0xFF, 0x3F, 0xC0, 0x00, 0x0A, 0xA0, 0x3F, 0xC0, 0x00, 0x00, 0x00, 0x3F, 0xC0, 0x00,
    0x00, 0x00, 0x3F, 0xC0, 0x00, 0x00, 0x00, 0x3F, 0xC0, 0x00, 0x00, 0x00, 0x3F, 0xC0, 0x00, 0x00,
    0x00, 0x3F, 0xC0, 0x00, 0x00, 0x03, 0xFF, 0xFE, 0x00, 0x00, 0x03, 0xFF, 0xFE, 0x00, 0x00, 0x00,
    0x07, 0xFE, 0x00, 0x00, 0x00, 0x00, 0xFE, 0x00, 0x00, 0x00, 0x00, 0x3E, 0x00, 0x00, 0x00, 0x00,
    0x3E, 0x00, 0x00, 0x00, 0x00, 0x3E, 0x00, 0x00, 0x00, 0x00, 0x2E, 0x00, 0x00, 0x00, 0x00, 0x00,
    0xAA, 0xAA, 0xA0, 0x02, 0xAA, 0xAA, 0x80, 0xFF, 0xFF, 0xF8, 0x0B, 0xFF, 0xFF, 0xC0, 0x0B, 0xFF,
    0x40, 0x00, 0x7F, 0xF4, 0x00, 0x02, 0xFE, 0x00, 0x00, 0x2F, 0xE0, 0x00, 0x02, 0xFE, 0x00, 0x00,
    0x2F, 0xE0, 0x00, 0x02, 0xFE, 0x00, 0x00, 0x2F, 0xE0, 0x00, 0x02, 0xFE, 0x03, 0xF0, 0x2F, 0xE0,
    0x00, 0x02, 0xFE, 0x03, 0xF0, 0x2F, 0xE0, 0x00, 0x02, 0xFE, 0x03, 0xF0, 0x2F, 0xE0, 0x00, 0x02,
    0xFE, 0x03, 0xF0, 0x2F, 0xE0, 0x00, 0x02, 0xFE, 0x03, 0xF0, 0x2F, 0xE0, 0x00, 0x02, 0xFE, 0x03,
    0xF0, 0x2F, 0xE0, 0x00, 0x02, 0xFF, 0x03, 0xF0, 0x3F, 0xE0, 0x00, 0x02, 0xFF, 0x83, 0xFB, 0xFF,
    0xE0, 0x00, 0x00, 0xFF, 0xFB, 0xFF, 0xFF, 0xE0, 0x00, 0x00, 0xFF, 0xFF, 0xFF, 0xBF, 0xE0, 0x00,
    0x00, 0x3F, 0xFF, 0xF8, 0x2F, 0xE0, 0x00, 0x00, 0x02, 0xFF, 0xF0, 0x2F, 0xE0, 0x00, 0x00, 0x00,
    0x03, 0xF0, 0x2F, 0xE0, 0x00, 0x00, 0x00, 0x03, 0xF0, 0x2F, 0xE0, 0x00, 0x00, 0x00, 0x03, 0xF0,
    0x2F, 0xE0, 0x00, 0x00, 0x00, 0x03, 0xF0, 0x2F, 0xE0, 0x00, 0x00, 0x00, 0x03, 0xF0, 0x2F, 0xE0,
    0x00, 0x00, 0x00, 0x03, 0xF0, 0x2F, 0xE0, 0x00, 0x00, 0x00, 0x00, 0x00, 0x2F, 0xE0, 0x00, 0x00,
    0x00, 0x00, 0x00, 0x3F, 0xF0, 0x00, 0x00, 0x00, 0x00, 0x0B, 0xFF, 0xFF, 0xC0, 0x00, 0x00, 0x00,
    0x0B, 0xFF, 0xFF, 0x80, 0x00, 0x00, 0x00, 0x00, 0x00, 0x00, 0xFF, 0xFF, 0xC0, 0xFF, 0xFF, 0x80,
    0xFF, 0xFF, 0xC0, 0xFF, 0xFF, 0x80, 0x0B, 0xF8, 0x00, 0x0F, 0xF0, 0x00, 0x07, 0xF8, 0x00, 0x0B,
    0xF0, 0x00, 0x07, 0xF8, 0x00, 0x0B, 0xF0, 0x00, 0x07, 0xF8, 0x3E, 0x0B, 0xF0, 0x00, 0x07, 0xF8,
    0x3E, 0x0B, 0xF0, 0x00, 0x07, 0xF8, 0x3E, 0x0B, 0xF0, 0x00, 0x07, 0xFC, 0x3E, 0x0B, 0xF0, 0x00,
    0x03, 0xFE, 0x3E, 0x2F, 0xF0, 0x00, 0x02, 0xFF, 0xFF, 0xFF, 0xF0, 0x00, 0x00, 0xBF, 0xFF, 0xDF,
    0xF0, 0x00, 0x00, 0x0A, 0xBE, 0x0B, 0xF0, 0x00, 0x00, 0x00, 0x3E, 0x0B, 0xF0, 0x00, 0x00, 0x00,
    0x3E, 0x0B, 0xF0, 0x00, 0x00, 0x00, 0x3E, 0x0B, 0xF0, 0x00, 0x00, 0x00, 0x2A, 0x0B, 0xF0, 0x00,
    0x00, 0x00, 0x00, 0x0F, 0xF0, 0x00, 0x00, 0x00, 0x00, 0xFF, 0xFF, 0x80, 0x00, 0x00, 0x00, 0xFF,
    0xFF, 0x80, 0xAA, 0xAA, 0xA0, 0x00, 0x00, 0x00, 0xFF, 0xFF, 0xF8, 0x00, 0x00, 0x00, 0x0B, 0xFF,
    0x40, 0x00, 0x00, 0x00, 0x02, 0xFE, 0x00, 0x00, 0x00, 0x00, 0x02, 0xFE, 0x00, 0x00, 0x00, 0x00,
    0x02, 0xFE, 0x00, 0x00, 0x00, 0x00, 0x02, 0xFE, 0x00, 0x00, 0x00, 0x00, 0x02, 0xFE, 0x00, 0x09,
    0x00, 0x00, 0x02, 0xFE, 0x0B, 0xFF, 0xF4, 0x00, 0x02, 0xFE, 0xBF, 0xFF, 0xFE, 0x00, 0x02, 0xFF,
    0xFF, 0xFF, 0xFF, 0x00, 0x02, 0xFF, 0xF0, 0x07, 0xFF, 0x80, 0x02, 0xFF, 0x00, 0x00, 0xFF, 0xC0,
    0x02, 0xFE, 0x00, 0x00, 0xBF, 0xC0, 0x02, 0xFE, 0x00, 0x00, 0xBF, 0xC0, 0x02, 0xFE, 0x00, 0x00,
    0x7F, 0xC0, 0x02, 0xFE, 0x00, 0x00, 0x7F, 0xC0, 0x02, 0xFE, 0x00, 0x00, 0x7F, 0xC0, 0x02, 0xFE,
    0x00, 0x00, 0x7F, 0xC0, 0x02, 0xFE, 0x00, 0x00, 0x7F, 0xC0, 0x02, 0xFE, 0x00, 0x00, 0x7F, 0xC0,
    0x02, 0xFE, 0x00, 0x00, 0x7F, 0xC0, 0x02, 0xFE, 0x00, 0x00, 0x7F, 0xC0, 0x02, 0xFE, 0x00, 0x00,
    0x7F, 0xC0, 0x02, 0xFE, 0x00, 0x00, 0x7F, 0xC0, 0x03, 0xFF, 0x00, 0x00, 0xBF, 0xC0, 0xFF, 0xFF,
    0xF8, 0x0F, 0xFF, 0xFF, 0xFF, 0xFF, 0xF8, 0x0F, 0xFF, 0xFF, 0x00, 0x08, 0x00, 0x00, 0x00, 0x00,
    0x0B, 0xFE, 0x00, 0x00, 0x00, 0x00, 0xBF, 0xFE, 0x00, 0x00, 0x00, 0x00, 0x2B, 0xFE, 0x00, 0x00,
    0x00, 0x00, 0x01, 0xFE, 0x00, 0x00, 0x00, 0x00, 0x01, 0xFE, 0x00, 0x00, 0x00, 0x00, 0x01, 0xFE,
    0x00, 0x00, 0x00, 0x00, 0x01, 0xFE, 0x00, 0x00, 0x00, 0x00, 0x01, 0xFE, 0x00, 0x00, 0x00, 0x00,
    0x01, 0xFE, 0x00, 0x00, 0x00, 0x00, 0x01, 0xFE, 0x00, 0x18, 0x00, 0x00, 0x01, 0xFE, 0x0B, 0xFF,
    0xE0, 0x00, 0x01, 0xFE, 0xBF, 0xFF, 0xF8, 0x00, 0x01, 0xFF, 0xFF, 0xFF, 0xFC, 0x00, 0x01, 0xFF,
    0x80, 0x07, 0xFE, 0x00, 0x01, 0xFE, 0x00, 0x02, 0xFF, 0x00, 0x01, 0xFE, 0x00, 0x00, 0xFF, 0x00,
    0x01, 0xFE, 0x00, 0x00, 0xFF, 0x00, 0x01, 0xFE, 0x00, 0x00, 0xFF, 0x00, 0x01, 0xFE, 0x00, 0x00,
    0xFF, 0x00, 0x01, 0xFE, 0x00, 0x00, 0xFF, 0x00, 0x01, 0xFE, 0x00, 0x00, 0xFF, 0x00, 0x01, 0xFE,
    0x00, 0x00, 0xFF, 0x00, 0x01, 0xFE, 0x00, 0x00, 0xFF, 0x00, 0x01, 0xFE, 0x00, 0x00, 0xFF, 0x00,
    0x01, 0xFE, 0x00, 0x00, 0xFF, 0x00, 0x01, 0xFE, 0x00, 0x00, 0xFF, 0x00, 0x01, 0xFE, 0x00, 0x00,
    0xFF, 0x00, 0x02, 0xFE, 0x00, 0x00, 0xFF, 0x00, 0x3F, 0xFF, 0xF0, 0x2F, 0xFF, 0xF8, 0x3F, 0xFF,
    0xF0, 0x2F, 0xFF, 0xF8, 0x00, 0x00, 0x00, 0x00, 0x00, 0x40, 0x00, 0x00, 0x00, 0x00, 0x00, 0x00,
    0x00, 0xBF, 0xFF, 0xE0, 0x00, 0x00, 0x00, 0x00, 0x00, 0x0F, 0xFF, 0xFF, 0xFF, 0x00, 0x00, 0x00,
    0x00, 0x00, 0x7F, 0xF8, 0x0B, 0xFF, 0xC0, 0x00, 0x00, 0x00, 0x00, 0xFF, 0x80, 0x00, 0xBF, 0xF0,
    0x00, 0x0F, 0xE0, 0x03, 0xFE, 0x00, 0x00, 0x2F, 0xF8, 0x00, 0x3F, 0xE0, 0x0F, 0xFC, 0x00, 0x00,
    0x0F, 0xFC, 0x00, 0xBF, 0xC0, 0x1F, 0xF4, 0x00, 0x00, 0x0B, 0xFC, 0x00, 0xBF, 0x80, 0x3F, 0xF0,
    0x00, 0x00, 0x03, 0xFE, 0x00, 0xBF, 0x00, 0x3F, 0xE0, 0x00, 0x00, 0x03, 0xFE, 0x00, 0xBE, 0x00,
    0xBF, 0xC0, 0x00, 0x00, 0x03, 0xFF, 0x00, 0x3F, 0x00, 0xFF, 0xC0, 0x00, 0x00, 0x03, 0xFF, 0x00,
    0x2F, 0xFF, 0xFF, 0xFF, 0xFF, 0xFF, 0xFF, 0xFF, 0x00, 0x0B, 0xFF, 0xFF, 0xFF, 0xFF, 0xFF, 0xFF,
    0xFF, 0x00, 0x00, 0x2A, 0xFF, 0xEA, 0xAA, 0xAA, 0xAA, 0xAA, 0x00, 0x00, 0x00, 0xFF, 0xC0, 0x00,
    0x00, 0x00, 0x00, 0x00, 0x00, 0x00, 0xFF, 0xC0, 0x00, 0x00, 0x00, 0x00, 0x00, 0x00, 0x00, 0xFF,
    0xC0, 0x00, 0x00, 0x00, 0x00, 0x00, 0x00, 0x00, 0xFF, 0xC0, 0x00, 0x00, 0x00, 0x00, 0x00, 0x00,
    0x00, 0xBF, 0xE0, 0x00, 0x00, 0x00, 0x00, 0x00, 0x00, 0x00, 0x3F, 0xF0, 0x00, 0x00, 0x00, 0x00,
    0x00, 0x00, 0x00, 0x3F, 0xF4, 0x00, 0x00, 0x00, 0x00, 0x00, 0x00, 0x00, 0x2F, 0xFC, 0x00, 0x00,
    0x00, 0x00, 0x00, 0x00, 0x00, 0x0F, 0xFE, 0x00, 0x00, 0x00, 0x0D, 0x00, 0x00, 0x00, 0x0B, 0xFF,
    0xC0, 0x00, 0x00, 0xBD, 0x00, 0x00, 0x00, 0x02, 0xFF, 0xF8, 0x00, 0x07, 0xFD, 0x00, 0x00, 0x00,
    0x00, 0xBF, 0xFF, 0xEA, 0xFF, 0xF8, 0x00, 0x00, 0x00, 0x00, 0x2F, 0xFF, 0xFF, 0xFF, 0xC0, 0x00,
    0x00, 0x00, 0x00, 0x02, 0xFF, 0xFF, 0xF8, 0x00, 0x00, 0x00, 0x00, 0x00, 0x00, 0x06, 0xA9, 0x00,
    0x00, 0x00, 0x00, 0x00, 0x00, 0x01, 0xA0, 0x00, 0x00, 0x00, 0x00, 0x00, 0xBF, 0xFF, 0x80, 0x00,
    0x0B, 0xE0, 0x03, 0xFF, 0xFF, 0xF0, 0x00, 0x2F, 0xF0, 0x0F, 0xF0, 0x0B, 0xFC, 0x00, 0x3F, 0xE0,
    0x3F, 0xC0, 0x02, 0xFE, 0x00, 0x3F, 0xC0, 0xBF, 0x00, 0x00, 0xFF, 0x00, 0x3F, 0x40, 0xFF, 0x00,
    0x00, 0xFF, 0x00, 0x3F, 0x82, 0xFE, 0x00, 0x00, 0xFF, 0x40, 0x0F, 0xFF, 0xFF, 0xFF, 0xFF, 0xFF,
    0x80, 0x02, 0xFF, 0xFF, 0xFF, 0xFF, 0xFF, 0x80, 0x00, 0x03, 0xFE, 0x00, 0x00, 0x00, 0x00, 0x00,
    0x03, 0xFC, 0x00, 0x00, 0x00, 0x00, 0x00, 0x03, 0xFD, 0x00, 0x00, 0x00, 0x00, 0x00, 0x02, 0xFE,
    0x00, 0x00, 0x00, 0x00, 0x00, 0x02, 0xFF, 0x00, 0x00, 0x00, 0x00, 0x00, 0x00, 0xFF, 0x40, 0x00,
    0x00, 0x00, 0x00, 0x00, 0xFF, 0xC0, 0x00, 0x00, 0x00, 0x00, 0x00, 0x3F, 0xF0, 0x00, 0x0F, 0x80,
    0x00, 0x00, 0x2F, 0xFE, 0x42, 0xFF, 0x80, 0x00, 0x00, 0x07, 0xFF, 0xFF, 0xFD, 0x00, 0x00, 0x00,
    0x00, 0xBF, 0xFF, 0xC0, 0x00, 0x00, 0x00, 0x00, 0x00, 0x40, 0x00, 0x00, 0x00, 0x00, 0x00, 0x00,
    0x00, 0x40, 0x00, 0x00, 0x00, 0x00, 0x00, 0x00, 0x00, 0xBF, 0xFF, 0xE0, 0x00, 0x00, 0x00, 0x00,
    0x00, 0x0F, 0xFF, 0xFF, 0xFF, 0x00, 0x00, 0x00, 0x00, 0x00, 0x7F, 0xF8, 0x0B, 0xFF, 0xC0, 0x00,
    0x00, 0x00, 0x00, 0xFF, 0x80, 0x00, 0xBF, 0xF0, 0x00, 0x0F, 0xE0, 0x03, 0xFE, 0x00, 0x00, 0x2F,
    0xF8, 0x00, 0x3F, 0xE0, 0x0F, 0xFC, 0x00, 0x00, 0x0F, 0xFC, 0x00, 0xBF, 0xC0, 0x1F, 0xF4, 0x00,
    0x00, 0x0B, 0xFC, 0x00, 0xBF, 0x80, 0x3F, 0xF0, 0x00, 0x00, 0x03, 0xFE, 0x00, 0xBF, 0x00, 0x3F,
    0xE0, 0x00, 0x00, 0x03, 0xFE, 0x00, 0xBE, 0x00, 0xBF, 0xC0, 0x00, 0x00, 0x03, 0xFF, 0x00, 0x3F,
    0x00, 0xFF, 0xC0, 0x00, 0x00, 0x03, 0xFF, 0x00, 0x2F, 0xFF, 0xFF, 0xFF, 0xFF, 0xFF, 0xFF, 0xFF,
    0x00, 0x0B, 0xFF, 0xFF, 0xFF, 0xFF, 0xFF, 0xFF, 0xFF, 0x00, 0x00, 0x2A, 0xFF, 0xEA, 0xAA, 0xAA,
    0xAA, 0xAA, 0x00, 0x00, 0x00, 0xFF, 0xC0, 0x00, 0x00, 0x00, 0x00, 0x00, 0x00, 0x00, 0xFF, 0xC0,
    0x00, 0x00, 0x00, 0x00, 0x00, 0x00, 0x00, 0xFF, 0xC0, 0x00, 0x00, 0x00, 0x00, 0x00, 0x00, 0x00,
    0xFF, 0xC0, 0x00, 0x00, 0x00, 0x00, 0x00, 0x00, 0x00, 0xBF, 0xE0, 0x00, 0x00, 0x00, 0x00, 0x00,
    0x00, 0x00, 0x3F, 0xF0, 0x00, 0x00, 0x00, 0x00, 0x00, 0x00, 0x00, 0x3F, 0xF4, 0x00, 0x00, 0x00,
    0x00, 0x00, 0x00, 0x00, 0x2F, 0xFC, 0x00, 0x00, 0x00, 0x00, 0x00, 0x00, 0x00, 0x0F, 0xFE, 0x00,
    0x00, 0x00, 0x0D, 0x00, 0x00, 0x00, 0x0B, 0xFF, 0xC0, 0x00, 0x00, 0xBD, 0x00, 0x00, 0x00, 0x02,
    0xFF, 0xF8, 0x00, 0x07, 0xFD, 0x00, 0x00, 0x00, 0x00, 0xBF, 0xFF, 0xEA, 0xFF, 0xF8, 0x00, 0x00,
    0x00, 0x00, 0x2F, 0xFF, 0xFF, 0xFF, 0xC0, 0x00, 0x00, 0x00, 0x00, 0x02, 0xFF, 0xFF, 0xF8, 0x00,
    0x00, 0x00, 0x00, 0x00, 0x00, 0x0F, 0xFE, 0x00, 0x00, 0x00, 0x00, 0x00, 0x00, 0x00, 0x0B, 0xFC,
    0x00, 0x00, 0x00, 0x00, 0x00, 0x00, 0x00, 0x03, 0xFC, 0x00, 0x00, 0x00, 0x00, 0x00, 0x00, 0x00,
    0x03, 0xFC, 0x00, 0x00, 0x00, 0x00, 0x00, 0x00, 0x00, 0x03, 0xF8, 0x00, 0x00, 0x00, 0x00, 0x00,
    0x00, 0x00, 0x03, 0xF8, 0x00, 0x00, 0x00, 0x00, 0x00, 0x00, 0x00, 0x03, 0xF8, 0x00, 0x00, 0x00,
    0x00, 0x00, 0x00, 0x00, 0x03, 0xF8, 0x00, 0x00, 0x00, 0x00, 0x00, 0x00, 0x00, 0x00, 0x00, 0x00,
    0x00, 0x00, 0x00, 0x00, 0x00, 0x01, 0xA0, 0x00, 0x00, 0x00, 0x00, 0x00, 0xBF, 0xFF, 0x80, 0x00,
    0x0B, 0xE0, 0x03, 0xFF, 0xFF, 0xF0, 0x00, 0x2F, 0xF0, 0x0F, 0xF0, 0x0B, 0xFC, 0x00, 0x3F, 0xE0,
    0x3F, 0xC0, 0x02, 0xFE, 0x00, 0x3F, 0xC0, 0xBF, 0x00, 0x00, 0xFF, 0x00, 0x3F, 0x40, 0xFF, 0x00,
    0x00, 0xFF, 0x00, 0x3F, 0x82, 0xFE, 0x00, 0x00, 0xFF, 0x40, 0x0F, 0xFF, 0xFF, 0xFF, 0xFF, 0xFF,
    0x80, 0x02, 0xFF, 0xFF, 0xFF, 0xFF, 0xFF, 0x80, 0x00, 0x03, 0xFE, 0x00, 0x00, 0x00, 0x00, 0x00,
    0x03, 0xFC, 0x00, 0x00, 0x00, 0x00, 0x00, 0x03, 0xFD, 0x00, 0x00, 0x00, 0x00, 0x00, 0x02, 0xFE,
    0x00, 0x00, 0x00, 0x00, 0x00, 0x02, 0xFF, 0x00, 0x00, 0x00, 0x00, 0x00, 0x00, 0xFF, 0x40, 0x00,
    0x00, 0x00, 0x00, 0x00, 0xFF, 0xC0, 0x00, 0x00, 0x00, 0x00, 0x00, 0x3F, 0xF0, 0x00, 0x0F, 0x80,
    0x00, 0x00, 0x2F, 0xFE, 0x96, 0xFF, 0x80, 0x00, 0x00, 0x07, 0xFF, 0xFF, 0xFD, 0x00, 0x00, 0x00,
    0x00, 0xBF, 0xFF, 0xC0, 0x00, 0x00, 0x00, 0x00, 0x0F, 0xF8, 0x00, 0x00, 0x00, 0x00, 0x00, 0x03,
    0xF0, 0x00, 0x00, 0x00, 0x00, 0x00, 0x03, 0xF0, 0x00, 0x00, 0x00, 0x00, 0x00, 0x03, 0xE0, 0x00,
    0x00, 0x00, 0x00, 0x00, 0x03, 0xE0, 0x00, 0x00, 0x00, 0x00, 0x00, 0x03, 0xE0, 0x00, 0x00, 0x00,
    0x00, 0x00, 0x00, 0x00, 0x00, 0x00, 0xAA, 0xAA, 0xA8, 0xBF, 0xFF, 0xFC, 0x07, 0xFF, 0x80, 0x02,
    0xFF, 0x00, 0x02, 0xFF, 0x00, 0x02, 0xFF, 0x00, 0x02, 0xFF, 0x00, 0x02, 0xFF, 0x00, 0x02, 0xFF,
    0x00, 0x02, 0xFF, 0x00, 0x02, 0xFF, 0x00, 0x02, 0xFF, 0x00, 0x02, 0xFF, 0x00, 0x02, 0xFF, 0x00,
    0x02, 0xFF, 0x00, 0x02, 0xFF, 0x00, 0x02, 0xFF, 0x00, 0x02, 0xFF, 0x00, 0x02, 0xFF, 0x00, 0x02,
    0xFF, 0x00, 0x02, 0xFF, 0x00, 0x02, 0xFF, 0x00, 0x02, 0xFF, 0x00, 0x02, 0xFF, 0x00, 0x02, 0xFF,
    0x00, 0x02, 0xFF, 0x00, 0xBF, 0xFF, 0xFC, 0xBF, 0xFF, 0xFC, 0x00, 0x00, 0x00, 0x00, 0x00, 0x00,
    0x00, 0x00, 0x00, 0x00, 0x00, 0x00, 0x00, 0x3F, 0x00, 0xBE, 0x00, 0x00, 0x00, 0x00, 0x00, 0x00,
    0x00, 0xBF, 0x80, 0xFF, 0x00, 0x00, 0x00, 0x00, 0x00, 0x00, 0x00, 0xBE, 0x00, 0x3F, 0x00, 0x00,
    0x00, 0x00, 0x00, 0x00, 0x00, 0x3C, 0x00, 0x2E, 0x00, 0x00, 0x00, 0x00, 0x00, 0x00, 0x00, 0x2F,
    0x80, 0xBC, 0x00, 0x00, 0x00, 0x00, 0x00, 0x00, 0x00, 0x07, 0xFF, 0xE0, 0x00, 0x00, 0x00, 0x00,
    0x00, 0x00, 0x00, 0x00, 0x04, 0x00, 0x00, 0x00, 0x00, 0x00, 0x00, 0x00, 0x00, 0x00, 0x00, 0x00,
    0x00, 0x00, 0x00, 0x00, 0x00, 0x00, 0x00, 0x00, 0x00, 0x00, 0x00, 0x00, 0x40, 0x00, 0x2F, 0xFC,
    0x00, 0x2A, 0xAA, 0xA9, 0x00, 0x2F, 0xFC, 0x00, 0x3F, 0xFF, 0x40, 0x3F, 0xFF, 0xFE, 0x00, 0xFF,
    0xFF, 0x00, 0x3F, 0xFF, 0xC0, 0x02, 0xFF, 0xD0, 0x02, 0xFF, 0xFF, 0x00, 0x3F, 0xE7, 0xE0, 0x00,
    0xFF, 0x80, 0x03, 0xF2, 0xFE, 0x00, 0x08, 0x02, 0xF0, 0x00, 0xFF, 0x80, 0x0B, 0xC0, 0x28, 0x00,
    0x00, 0x00, 0xF0, 0x00, 0xFF, 0x80, 0x0F, 0x80, 0x00, 0x00, 0x00, 0x00, 0xF8, 0x00, 0xFF, 0x80,
    0x0F, 0x00, 0x00, 0x00, 0x00, 0x00, 0xBC, 0x00, 0xFF, 0x80, 0x0F, 0x00, 0x00, 0x00, 0x00, 0x00,
    0x3C, 0x00, 0xFF, 0x80, 0x2F, 0x00, 0x00, 0x00, 0x00, 0x00, 0x3E, 0x00, 0xFF, 0x80, 0x3E, 0x00,
    0x00, 0x00, 0x00, 0x00, 0x2F, 0x00, 0xFF, 0x80, 0xBC, 0x00, 0x00, 0x00, 0x00, 0x00, 0x0F, 0xC0,
    0xFF, 0x80, 0xF8, 0x00, 0x00, 0x00, 0x00, 0x00, 0x0B, 0xE0, 0xFF, 0x83, 0xF0, 0x00, 0x00, 0x00,
    0x00, 0x00, 0x03, 0xFE, 0xFF, 0xEF, 0xC0, 0x00, 0x00, 0x00, 0x00, 0x00, 0x00, 0xFF, 0xFF, 0xFF,
    0x80, 0x00, 0x00, 0x00, 0x00, 0x00, 0x0B, 0xFF, 0xFF, 0xFF, 0xF4, 0x00, 0x00, 0x00, 0x00, 0x00,
    0x3F, 0xF0, 0xFF, 0x8B, 0xFE, 0x00, 0x00, 0x00, 0x00, 0x00, 0xBF, 0xC0, 0xFF, 0x83, 0xFF, 0x00,
    0x00, 0x00, 0x00, 0x00, 0xFF, 0x80, 0xFF, 0x80, 0xFF, 0x80, 0x00, 0x00, 0x00, 0x03, 0xFF, 0x00,
    0xFF, 0x80, 0xBF, 0xC0, 0x00, 0x00, 0x00, 0x0B, 0xFD, 0x00, 0xFF, 0x80, 0x3F, 0xF0, 0x00, 0x00,
    0x00, 0x0F, 0xFC, 0x00, 0xFF, 0x80, 0x0F, 0xF8, 0x00, 0x00, 0x00, 0x2F, 0xF0, 0x00, 0xFF, 0x80,
    0x0B, 0xFC, 0x00, 0x00, 0x00, 0x3F, 0xE0, 0x00, 0xFF, 0x80, 0x03, 0xFF, 0x00, 0x00, 0x00, 0xFF,
    0xC0, 0x00, 0xFF, 0x80, 0x00, 0xFF, 0x80, 0x00, 0x02, 0xFF, 0x00, 0x01, 0xFF, 0xC0, 0x00, 0xBF,
    0xC0, 0x00, 0xBF, 0xFE, 0x00, 0x3F, 0xFF, 0xFE, 0x00, 0x3F, 0xFF, 0x00, 0xBF, 0xFD, 0x00, 0x3F,
    0xFF, 0xFE, 0x00, 0x3F, 0xFF, 0x00, 0x00, 0x00, 0x00, 0x00, 0x00, 0x00, 0x00, 0x00, 0x00, 0x00,
    0x3F, 0x00, 0xBF, 0x00, 0x00, 0x00, 0x00, 0x00, 0xBF, 0x80, 0xFF, 0x00, 0x00, 0x00, 0x00, 0x00,
    0xBE, 0x00, 0x3F, 0x00, 0x00, 0x00, 0x00, 0x00, 0x3C, 0x00, 0x2E, 0x00, 0x00, 0x00, 0x00, 0x00,
    0x2F, 0x80, 0xBC, 0x00, 0x00, 0x00, 0x00, 0x00, 0x03, 0xFF, 0xE0, 0x00, 0x00, 0x00, 0x00, 0x00,
    0x00, 0x00, 0x00, 0x00, 0x00, 0x00, 0x00, 0x00, 0x00, 0x00, 0x00, 0x00, 0x00, 0x00, 0x02, 0x80,
    0x00, 0x00, 0x00, 0x00, 0x90, 0x00, 0x3F, 0xF8, 0x0F, 0xFF, 0xF8, 0x0F, 0xFE, 0x00, 0xBF, 0xFD,
    0x0F, 0xFF, 0xF8, 0x3F, 0xFF, 0x00, 0xBF, 0xFF, 0x00, 0xBF, 0x40, 0x3F, 0xFF, 0x00, 0x3F, 0x0F,
    0x00, 0xBF, 0x00, 0xB8, 0xBE, 0x00, 0x00, 0x0B, 0x80, 0xBF, 0x00, 0xF0, 0x04, 0x00, 0x00, 0x03,
    0xC0, 0xBF, 0x01, 0xF0, 0x00, 0x00, 0x00, 0x03, 0xE0, 0xBF, 0x03, 0xE0, 0x00, 0x00, 0x00, 0x00,
    0xF0, 0xBF, 0x0B, 0xC0, 0x00, 0x00, 0x00, 0x00, 0xBC, 0xBF, 0x6F, 0x00, 0x00, 0x00, 0x00, 0x00,
    0x3F, 0xFF, 0xFE, 0x00, 0x00, 0x00, 0x00, 0x00, 0xFF, 0xFF, 0xFF, 0xC0, 0x00, 0x00, 0x00, 0x03,
    0xFE, 0xFF, 0xAF, 0xE0, 0x00, 0x00, 0x00, 0x0B, 0xF8, 0xBF, 0x0F, 0xF0, 0x00, 0x00, 0x00, 0x0F,
    0xF0, 0xBF, 0x03, 0xFC, 0x00, 0x00, 0x00, 0x3F, 0xC0, 0xBF, 0x02, 0xFE, 0x00, 0x00, 0x00, 0xBF,
    0x80, 0xBF, 0x00, 0xFF, 0x00, 0x00, 0x00, 0xFF, 0x00, 0xBF, 0x00, 0x3F, 0xC0, 0x00, 0x03, 0xFC,
    0x00, 0xBF, 0x80, 0x2F, 0xE0, 0x00, 0xBF, 0xF8, 0x0F, 0xFF, 0xF8, 0x0F, 0xFF, 0x00, 0xBF, 0xF4,
    0x0F, 0xFF, 0xF8, 0x0F, 0xFF, 0x00, 0x00, 0x00, 0x00, 0x00, 0x00, 0x10, 0x00, 0xAA, 0xAA, 0xA8,
    0x00, 0x0B, 0xFF, 0x00, 0xBF, 0xFF, 0xFC, 0x00, 0x3F, 0xFF, 0xC0, 0x0B, 0xFF, 0x80, 0x00, 0xBF,
    0xFF, 0xC0, 0x02, 0xFE, 0x00, 0x00, 0xFC, 0xBF, 0x80, 0x02, 0xFE, 0x00, 0x02, 0xF0, 0x0A, 0x00,
    0x02, 0xFE, 0x00, 0x03, 0xE0, 0x00, 0x00, 0x02, 0xFE, 0x00, 0x03, 0xC0, 0x00, 0x00, 0x02, 0xFE,
    0x00, 0x0B, 0xC0, 0x00, 0x00, 0x02, 0xFE, 0x00, 0x0F, 0x80, 0x00, 0x00, 0x02, 0xFE, 0x00, 0x0F,
    0x00, 0x00, 0x00, 0x02, 0xFE, 0x00, 0x3F, 0x00, 0x00, 0x00, 0x02, 0xFE, 0x00, 0xBE, 0x00, 0x00,
    0x00, 0x02, 0xFE, 0x03, 0xFC, 0x00, 0x00, 0x00, 0x02, 0xFF, 0xBF, 0xF0, 0x00, 0x00, 0x00, 0x02,
    0xFF, 0xFF, 0xC0, 0x00, 0x00, 0x00, 0x02, 0xFF, 0xFF, 0xE0, 0x00, 0x00, 0x00, 0x02, 0xFE, 0x3F,
    0xFC, 0x00, 0x00, 0x00, 0x02, 0xFE, 0x0B, 0xFF, 0x80, 0x00, 0x00, 0x02, 0xFE, 0x00, 0xFF, 0xF0,
    0x00, 0x00, 0x02, 0xFE, 0x00, 0x2F, 0xFC, 0x00, 0x00, 0x02, 0xFE, 0x00, 0x0B, 0xFF, 0x00, 0x00,
    0x02, 0xFE, 0x00, 0x01, 0xFF, 0xC0, 0x00, 0x02, 0xFE, 0x00, 0x00, 0x7F, 0xF0, 0x00, 0x02, 0xFE,
    0x00, 0x00, 0x2F, 0xF8, 0x00, 0x02, 0xFE, 0x00, 0x00, 0x0F, 0xFC, 0x00, 0x03, 0xFF, 0x00, 0x00,
    0x03, 0xFE, 0x00, 0xBF, 0xFF, 0xFC, 0x00, 0x03, 0xFF, 0x00, 0xBF, 0xFF, 0xFC, 0x00, 0x02, 0xFF,
    0x00, 0x00, 0x00, 0x00, 0x00, 0x01, 0xFF, 0x00, 0x00, 0x00, 0x00, 0x00, 0x01, 0xFE, 0x00, 0x00,
    0x00, 0x00, 0x00, 0x02, 0xFE, 0x00, 0x00, 0x00, 0x00, 0x00, 0x03, 0xFC, 0x00, 0x00, 0x00, 0x00,
    0x00, 0x0B, 0xF8, 0x00, 0x00, 0x00, 0x00, 0x00, 0x2F, 0xE0, 0x00, 0x00, 0x00, 0x00, 0xEB, 0xFF,
    0x80, 0x00, 0x00, 0x00, 0x00, 0xFF, 0xF8, 0x00, 0x00, 0x00, 0x00, 0x00, 0x00, 0x00, 0x00, 0x00,
    0x00, 0x00, 0x00, 0x00, 0x24, 0x00, 0x3F, 0xFF, 0xF0, 0x03, 0xFF, 0x40, 0x3F, 0xFF, 0xF0, 0x0F,
    0xFF, 0xC0, 0x02, 0xFE, 0x00, 0x1F, 0xFF, 0xC0, 0x01, 0xFE, 0x00, 0x3D, 0x2F, 0x80, 0x01, 0xFE,
    0x00, 0x3C, 0x02, 0x00, 0x01, 0xFE, 0x00, 0xB8, 0x00, 0x00, 0x01, 0xFE, 0x00, 0xF0, 0x00, 0x00,
    0x01, 0xFE, 0x03, 0xE0, 0x00, 0x00, 0x01, 0xFE, 0x0F, 0xC0, 0x00, 0x00, 0x01, 0xFF, 0xFF, 0x00,
    0x00, 0x00, 0x01, 0xFF, 0xFF, 0x00, 0x00, 0x00, 0x01, 0xFF, 0xFF, 0xE0, 0x00, 0x00, 0x01, 0xFE,
    0x1F, 0xFC, 0x00, 0x00, 0x01, 0xFE, 0x03, 0xFF, 0x80, 0x00, 0x01, 0xFE, 0x00, 0xBF, 0xE0, 0x00,
    0x01, 0xFE, 0x00, 0x2F, 0xF8, 0x00, 0x01, 0xFE, 0x00, 0x0B, 0xFE, 0x00, 0x02, 0xFE, 0x00, 0x02,
    0xFF, 0x00, 0x3F, 0xFF, 0xF0, 0x00, 0xFF, 0x80, 0x3F, 0xFF, 0xF0, 0x00, 0x7F, 0x80, 0x00, 0x00,
    0x00, 0x00, 0x3F, 0xC0, 0x00, 0x00, 0x00, 0x00, 0x3F, 0xC0, 0x00, 0x00, 0x00, 0x00, 0x3F, 0x80,
    0x00, 0x00, 0x00, 0x00, 0x3F, 0x80, 0x00, 0x00, 0x00, 0x00, 0xFF, 0x00, 0x00, 0x00, 0x00, 0x02,
    0xFE, 0x00, 0x00, 0x00, 0x0E, 0xBF, 0xF8, 0x00, 0x00, 0x00, 0x0B, 0xFF, 0x80, 0x00, 0x00, 0x00,
    0x00, 0x00, 0x00, 0x00, 0x00, 0x02, 0xAA, 0xAA, 0xAA, 0xAA, 0xAA, 0x00, 0x00, 0x0B, 0xFF, 0xFF,
    0xFF, 0xFF, 0xFF, 0x00, 0x00, 0x00, 0x2F, 0xEA, 0xAA, 0xBF, 0xE0, 0x00, 0x00, 0x00, 0x0F, 0x80,
    0x00, 0x3F, 0xC0, 0x00, 0x00, 0x00, 0x0F, 0x80, 0x00, 0x3F, 0xC0, 0x00, 0x00, 0x00, 0x0F, 0x80,
    0x00, 0x3F, 0xC0, 0x00, 0x00, 0x00, 0x0F, 0x80, 0x00, 0x3F, 0xC0, 0x00, 0x00, 0x00, 0x0F, 0x80,
    0x00, 0x3F, 0xC0, 0x00, 0x00, 0x00, 0x0F, 0x80, 0x00, 0x3F, 0xC0, 0x00, 0x00, 0x00, 0x0F, 0x80,
    0x00, 0x3F, 0xC0, 0x00, 0x00, 0x00, 0x0F, 0x80, 0x00, 0x3F, 0xC0, 0x00, 0x00, 0x00, 0x0F, 0x80,
    0x00, 0x3F, 0xC0, 0x00, 0x00, 0x00, 0x0F, 0x80, 0x00, 0x3F, 0xC0, 0x00, 0x00, 0x00, 0x0F, 0x40,
    0x00, 0x3F, 0xC0, 0x00, 0x00, 0x00, 0x1F, 0x00, 0x00, 0x3F, 0xC0, 0x00, 0x00, 0x00, 0x2F, 0x00,
    0x00, 0x3F, 0xC0, 0x00, 0x00, 0x00, 0x2F, 0x00, 0x00, 0x3F, 0xC0, 0x00, 0x00, 0x00, 0x2F, 0x00,
    0x00, 0x3F, 0xC0, 0x00, 0x00, 0x00, 0x3F, 0x00, 0x00, 0x3F, 0xC0, 0x00, 0x00, 0x00, 0x3E, 0x00,
    0x00, 0x3F, 0xC0, 0x00, 0x00, 0x00, 0x3E, 0x00, 0x00, 0x3F, 0xC0, 0x00, 0x00, 0x00, 0xBC, 0x00,
    0x00, 0x3F, 0xC0, 0x00, 0x00, 0x00, 0xFC, 0x00, 0x00, 0x3F, 0xC0, 0x00, 0x00, 0x02, 0xF8, 0x00,
    0x00, 0x3F, 0xC0, 0x00, 0x7F, 0x83, 0xF0, 0x00, 0x00, 0x3F, 0xC0, 0x00, 0xFF, 0xFF, 0xE0, 0x00,
    0x00, 0xBF, 0xE0, 0x00, 0xFF, 0xFF, 0x80, 0x00, 0x2F, 0xFF, 0xFF, 0x80, 0x3F, 0xFD, 0x00, 0x00,
    0x2F, 0xFF, 0xFF, 0x80, 0x0A, 0x40, 0x00, 0x00, 0x00, 0x00, 0x3F, 0x00, 0x00, 0x00, 0x00, 0x00,
    0x00, 0x00, 0xBE, 0x00, 0x00, 0x00, 0x00, 0x00, 0x00, 0x00, 0xFC, 0x00, 0x00, 0x00, 0x00, 0x00,
    0x00, 0x02, 0xF0, 0x00, 0x00, 0x00, 0x00, 0x00, 0x00, 0x03, 0xE0, 0x00, 0x00, 0x00, 0x00, 0x00,
    0x00, 0x0F, 0xC0, 0x00, 0x00, 0x00, 0x00, 0x00, 0x00, 0x0A, 0x80, 0x00, 0x00, 0x00, 0x00, 0x00,
    0x00, 0x00, 0x00, 0x2F, 0xFF, 0xFF, 0xFF, 0xFC, 0x00, 0x2F, 0xFF, 0xFF, 0xFF, 0xFC, 0x00, 0x00,
    0xF0, 0x00, 0xBF, 0x80, 0x00, 0x00, 0xF0, 0x00, 0xBF, 0x80, 0x00, 0x00, 0xF0, 0x00, 0xBF, 0x80,
    0x00, 0x00, 0xF0, 0x00, 0xBF, 0x80, 0x00, 0x00, 0xF0, 0x00, 0xBF, 0x80, 0x00, 0x00, 0xF0, 0x00,
    0xBF, 0x80, 0x00, 0x00, 0xF0, 0x00, 0xBF, 0x80, 0x00, 0x00, 0xF0, 0x00, 0xBF, 0x80, 0x00, 0x02,
    0xF0, 0x00, 0xBF, 0x80, 0x00, 0x02, 0xF0, 0x00, 0xBF, 0x80, 0x00, 0x02, 0xE0, 0x00, 0xBF, 0x80,
    0x00, 0x03, 0xE0, 0x00, 0xBF, 0x80, 0x00, 0x03, 0xC0, 0x00, 0xBF, 0x80, 0x00, 0x07, 0xC0, 0x00,
    0xBF, 0x80, 0x3E, 0x0F, 0x80, 0x00, 0xBF, 0x80, 0xFF, 0xFF, 0x00, 0x00, 0xBF, 0x80, 0xFF, 0xFD,
    0x00, 0x0F, 0xFF, 0xFC, 0xBF, 0xF0, 0x00, 0x0F, 0xFF, 0xFD, 0x04, 0x00, 0x00, 0x00, 0x00, 0xFC,
    0x00, 0x00, 0x00, 0x00, 0x01, 0xF0, 0x00, 0x00, 0x00, 0x00, 0x03, 0xF0, 0x00, 0x00, 0x00, 0x00,
    0x0B, 0xC0, 0x00, 0x00, 0x00, 0x00, 0x0F, 0x80, 0x00, 0x00, 0x00, 0x00, 0x2F, 0x00, 0x00, 0x00,
    0x00, 0x00, 0x00, 0x00, 0xAA, 0xAA, 0xA8, 0x00, 0x0A, 0xAA, 0xAA, 0x00, 0xBF, 0xFF, 0xFC, 0x00,
    0x0F, 0xFF, 0xFF, 0x00, 0x0B, 0xFF, 0x40, 0x00, 0x00, 0xBF, 0xF0, 0x00, 0x02, 0xFE, 0x00, 0x00,
    0x00, 0x3F, 0xC0, 0x00, 0x02, 0xFE, 0x00, 0x00, 0x00, 0x3F, 0xC0, 0x00, 0x02, 0xFE, 0x00, 0x00,
    0x00, 0x3F, 0xC0, 0x00, 0x02, 0xFE, 0x00, 0x00, 0x00, 0x3F, 0xC0, 0x00, 0x02, 0xFE, 0x00, 0x00,
    0x00, 0x3F, 0xC0, 0x00, 0x02, 0xFE, 0x00, 0x00, 0x00, 0x3F, 0xC0, 0x00, 0x02, 0xFE, 0x00, 0x00,
    0x00, 0x3F, 0xC0, 0x00, 0x02, 0xFE, 0x00, 0x00, 0x00, 0x3F, 0xC0, 0x00, 0x02, 0xFE, 0x00, 0x00,
    0x00, 0x3F, 0xC0, 0x00, 0x02, 0xFF, 0xAA, 0xAA, 0xAA, 0xBF, 0xC0, 0x00, 0x02, 0xFF, 0xFF, 0xFF,
    0xFF, 0xFF, 0xC0, 0x00, 0x02, 0xFF, 0xAA, 0xAA, 0xAA, 0xBF, 0xC0, 0x00, 0x02, 0xFE, 0x00, 0x00,
    0x00, 0x3F, 0xC0, 0x00, 0x02, 0xFE, 0x00, 0x00, 0x00, 0x3F, 0xC0, 0x00, 0x02, 0xFE, 0x00, 0x00,
    0x00, 0x3F, 0xC0, 0x00, 0x02, 0xFE, 0x00, 0x00, 0x00, 0x3F, 0xC0, 0x00, 0x02, 0xFE, 0x00, 0x00,
    0x00, 0x3F, 0xC0, 0x00, 0x02, 0xFE, 0x00, 0x00, 0x00, 0x3F, 0xC0, 0x00, 0x02, 0xFE, 0x00, 0x00,
    0x00, 0x3F, 0xC0, 0x00, 0x02, 0xFE, 0x00, 0x00, 0x00, 0x3F, 0xC0, 0x00, 0x02, 0xFE, 0x00, 0x00,
    0x00, 0x3F, 0xC0, 0x00, 0x02, 0xFE, 0x00, 0x00, 0x00, 0x3F, 0xC0, 0x00, 0x03, 0xFF, 0x00, 0x00,
    0x00, 0x3F, 0xC0, 0x00, 0xBF, 0xFF, 0xFC, 0x00, 0x00, 0x3F, 0xC0, 0x00, 0xBF, 0xFF, 0xFC, 0x00,
    0x00, 0x3F, 0xC0, 0x00, 0x00, 0x00, 0x00, 0x00, 0x00, 0x3F, 0xC0, 0x00, 0x00, 0x00, 0x00, 0x00,
    0x00, 0xBF, 0x80, 0x00, 0x00, 0x00, 0x00, 0x00, 0x00, 0xFF, 0x00, 0x00, 0x00, 0x00, 0x00, 0x00,
    0x00, 0xFF, 0x00, 0x00, 0x00, 0x00, 0x00, 0x00, 0x03, 0xFC, 0x00, 0x00, 0x00, 0x00, 0x00, 0x00,
    0x0F, 0xF8, 0x00, 0x00, 0x00, 0x00, 0x00, 0x3A, 0xFF, 0xC0, 0x00, 0x00, 0x00, 0x00, 0x00, 0x3F,
    0xFE, 0x00, 0x00, 0x00, 0x00, 0x00, 0x00, 0x00, 0x00, 0x00, 0x00, 0x00, 0x00, 0x00, 0x00, 0x00,
    0x00, 0x00, 0x3F, 0xFF, 0xF0, 0x0F, 0xFF, 0xFE, 0x3F, 0xFF, 0xF0, 0x0B, 0xFF, 0xFC, 0x02, 0xFE,
    0x00, 0x00, 0x3F, 0xC0, 0x01, 0xFE, 0x00, 0x00, 0x3F, 0xC0, 0x01, 0xFE, 0x00, 0x00, 0x3F, 0xC0,
    0x01, 0xFE, 0x00, 0x00, 0x3F, 0xC0, 0x01, 0xFE, 0x00, 0x00, 0x3F, 0xC0, 0x01, 0xFE, 0x00, 0x00,
    0x3F, 0xC0, 0x01, 0xFF, 0xAA, 0xAA, 0xBF, 0xC0, 0x01, 0xFF, 0xFF, 0xFF, 0xFF, 0xC0, 0x01, 0xFF,
    0xAA, 0xAA, 0xBF, 0xC0, 0x01, 0xFE, 0x00, 0x00, 0x3F, 0xC0, 0x01, 0xFE, 0x00, 0x00, 0x3F, 0xC0,
    0x01, 0xFE, 0x00, 0x00, 0x3F, 0xC0, 0x01, 0xFE, 0x00, 0x00, 0x3F, 0xC0, 0x01, 0xFE, 0x00, 0x00,
    0x3F, 0xC0, 0x01, 0xFE, 0x00, 0x00, 0x3F, 0xC0, 0x02, 0xFE, 0x00, 0x00, 0x3F, 0xC0, 0x3F, 0xFF,
    0xF0, 0x00, 0x3F, 0x80, 0x3F, 0xFF, 0xF0, 0x00, 0x3F, 0x80, 0x00, 0x00, 0x00, 0x00, 0x3F, 0x80,
    0x00, 0x00, 0x00, 0x00, 0xBF, 0x00, 0x00, 0x00, 0x00, 0x00, 0xFF, 0x00, 0x00, 0x00, 0x00, 0x01,
    0xFE, 0x00, 0x00, 0x00, 0x00, 0x03, 0xFC, 0x00, 0x00, 0x00, 0x00, 0x0F, 0xF0, 0x00, 0x00, 0x00,
    0x0A, 0xFF, 0xC0, 0x00, 0x00, 0x00, 0x0F, 0xFD, 0x00, 0x00, 0x00, 0x00, 0x00, 0x00, 0x00, 0x00,
    0xAA, 0xAA, 0xA8, 0x00, 0x0A, 0xAA, 0xAA, 0x00, 0xBF, 0xFF, 0xFC, 0x00, 0x0F, 0xFF, 0xFF, 0x00,
    0x0B, 0xFF, 0x40, 0x00, 0x00, 0xBF, 0xF0, 0x00, 0x02, 0xFE, 0x00, 0x00, 0x00, 0x3F, 0xC0, 0x00,
    0x02, 0xFE, 0x00, 0x00, 0x00, 0x3F, 0xC0, 0x00, 0x02, 0xFE, 0x00, 0x00, 0x00, 0x3F, 0xC0, 0x00,
    0x02, 0xFE, 0x00, 0x00, 0x00, 0x3F, 0xC0, 0x00, 0x02, 0xFE, 0x00, 0x00, 0x00, 0x3F, 0xC0, 0x00,
    0x02, 0xFE, 0x00, 0x00, 0x00, 0x3F, 0xC0, 0x00, 0x02, 0xFE, 0x00, 0x00, 0x00, 0x3F, 0xC0, 0x00,
    0x02, 0xFE, 0x00, 0x00, 0x00, 0x3F, 0xC0, 0x00, 0x02, 0xFE, 0x00, 0x00, 0x00, 0x3F, 0xC0, 0x00,
    0x02, 0xFF, 0xAA, 0xAA, 0xAA, 0xBF, 0xC0, 0x00, 0x02, 0xFF, 0xFF, 0xFF, 0xFF, 0xFF, 0xC0, 0x00,
    0x02, 0xFF, 0xAA, 0xAA, 0xAA, 0xBF, 0xC0, 0x00, 0x02, 0xFE, 0x00, 0x00, 0x00, 0x3F, 0xC0, 0x00,
    0x02, 0xFE, 0x00, 0x00, 0x00, 0x3F, 0xC0, 0x00, 0x02, 0xFE, 0x00, 0x00, 0x00, 0x3F, 0xC0, 0x00,
    0x02, 0xFE, 0x00, 0x00, 0x00, 0x3F, 0xC0, 0x00, 0x02, 0xFE, 0x00, 0x00, 0x00, 0x3F, 0xC0, 0x00,
    0x02, 0xFE, 0x00, 0x00, 0x00, 0x3F, 0xC0, 0x00, 0x02, 0xFE, 0x00, 0x00, 0x00, 0x3F, 0xC0, 0x00,
    0x02, 0xFE, 0x00, 0x00, 0x00, 0x3F, 0xC0, 0x00, 0x02, 0xFE, 0x00, 0x00, 0x00, 0x3F, 0xC0, 0x00,
    0x02, 0xFE, 0x00, 0x00, 0x00, 0x3F, 0xC0, 0x00, 0x03, 0xFF, 0x00, 0x00, 0x00, 0xBF, 0xE0, 0x00,
    0xBF, 0xFF, 0xFC, 0x00, 0x0F, 0xFF, 0xFF, 0x80, 0xBF, 0xFF, 0xFC, 0x00, 0x0F, 0xFF, 0xFF, 0x80,
    0x00, 0x00, 0x00, 0x00, 0x00, 0x00, 0x3F, 0x00, 0x00, 0x00, 0x00, 0x00, 0x00, 0x00, 0xBC, 0x00,
    0x00, 0x00, 0x00, 0x00, 0x00, 0x00, 0xF8, 0x00, 0x00, 0x00, 0x00, 0x00, 0x00, 0x03, 0xF0, 0x00,
    0x00, 0x00, 0x00, 0x00, 0x00, 0x03, 0xE0, 0x00, 0x00, 0x00, 0x00, 0x00, 0x00, 0x0F, 0xC0, 0x00,
    0x00, 0x00, 0x00, 0x00, 0x00, 0x0A, 0x00, 0x00, 0x00, 0x00, 0x00, 0x00, 0x00, 0x00, 0x3F, 0xFF,
    0xF0, 0x0F, 0xFF, 0xFD, 0x3F, 0xFF, 0xF0, 0x0B, 0xFF, 0xFC, 0x02, 0xFE, 0x00, 0x00, 0x3F, 0xC0,
    0x01, 0xFE, 0x00, 0x00, 0x3F, 0xC0, 0x01, 0xFE, 0x00, 0x00, 0x3F, 0xC0, 0x01, 0xFE, 0x00, 0x00,
    0x3F, 0xC0, 0x01, 0xFE, 0x00, 0x00, 0x3F, 0xC0, 0x01, 0xFE, 0x00, 0x00, 0x3F, 0xC0, 0x01, 0xFF,
    0xAA, 0xAA, 0xBF, 0xC0, 0x01, 0xFF, 0xFF, 0xFF, 0xFF, 0xC0, 0x01, 0xFF, 0xAA, 0xAA, 0xBF, 0xC0,
    0x01, 0xFE, 0x00, 0x00, 0x3F, 0xC0, 0x01, 0xFE, 0x00, 0x00, 0x3F, 0xC0, 0x01, 0xFE, 0x00, 0x00,
    0x3F, 0xC0, 0x01, 0xFE, 0x00, 0x00, 0x3F, 0xC0, 0x01, 0xFE, 0x00, 0x00, 0x3F, 0xC0, 0x01, 0xFE,
    0x00, 0x00, 0x3F, 0xC0, 0x02, 0xFE, 0x00, 0x00, 0x3F, 0xC0, 0x3F, 0xFF, 0xF0, 0x0B, 0xFF, 0xFE,
    0x3F, 0xFF, 0xF0, 0x0B, 0xFF, 0xFE, 0x00, 0x00, 0x00, 0x00, 0x00, 0xBC, 0x00, 0x00, 0x00, 0x00,
    0x00, 0xF8, 0x00, 0x00, 0x00, 0x00, 0x02, 0xF0, 0x00, 0x00, 0x00, 0x00, 0x03, 0xD0, 0x00, 0x00,
    0x00, 0x00, 0x0F, 0xC0, 0x00, 0x00, 0x00, 0x00, 0x1F, 0x00, 0x00, 0x00, 0x00, 0x00, 0x00, 0x00,
    0xAA, 0xAA, 0xA0, 0x02, 0xAA, 0xAA, 0x80, 0xFF, 0xFF, 0xF8, 0x0B, 0xFF, 0xFF, 0xC0, 0x0B, 0xFF,
    0x40, 0x00, 0x7F, 0xF4, 0x00, 0x02, 0xFE, 0x00, 0x00, 0x2F, 0xE0, 0x00, 0x02, 0xFE, 0x00, 0x00,
    0x2F, 0xE0, 0x00, 0x02, 0xFE, 0x00, 0x00, 0x2F, 0xE0, 0x00, 0x02, 0xFE, 0x00, 0x00, 0x2F, 0xE0,
    0x00, 0x02, 0xFE, 0x00, 0x00, 0x2F, 0xE0, 0x00, 0x02, 0xFE, 0x00, 0x00, 0x2F, 0xE0, 0x00, 0x02,
    0xFE, 0x00, 0x00, 0x2F, 0xE0, 0x00, 0x02, 0xFE, 0x00, 0x00, 0x2F, 0xE0, 0x00, 0x02, 0xFE, 0x00,
    0x00, 0x2F, 0xE0, 0x00, 0x02, 0xFF, 0x00, 0x00, 0x3F, 0xE0, 0x00, 0x02, 0xFF, 0x80, 0x0B, 0xFF,
    0xE0, 0x00, 0x00, 0xFF, 0xFA, 0xFF, 0xFF, 0xE0, 0x00, 0x00, 0xFF, 0xFF, 0xFF, 0xBF, 0xE0, 0x00,
    0x00, 0x3F, 0xFF, 0xF8, 0x2F, 0xE0, 0x00, 0x00, 0x02, 0xFE, 0x00, 0x2F, 0xE0, 0x00, 0x00, 0x00,
    0x00, 0x00, 0x2F, 0xE0, 0x00, 0x00, 0x00, 0x00, 0x00, 0x2F, 0xE0, 0x00, 0x00, 0x00, 0x00, 0x00,
    0x2F, 0xE0, 0x00, 0x00, 0x00, 0x00, 0x00, 0x2F, 0xE0, 0x00, 0x00, 0x00, 0x00, 0x00, 0x2F, 0xE0,
    0x00, 0x00, 0x00, 0x00, 0x00, 0x2F, 0xE0, 0x00, 0x00, 0x00, 0x00, 0x00, 0x2F, 0xE0, 0x00, 0x00,
    0x00, 0x00, 0x00, 0x3F, 0xF0, 0x00, 0x00, 0x00, 0x00, 0x0B, 0xFF, 0xFF, 0xC0, 0x00, 0x00, 0x00,
    0x0B, 0xFF, 0xFF, 0x80, 0x00, 0x00, 0x00, 0x0B, 0xFF, 0xD0, 0x00, 0x00, 0x00, 0x00, 0x0B, 0xFF,
    0x00, 0x00, 0x00, 0x00, 0x00, 0x0B, 0xFC, 0x00, 0x00, 0x00, 0x00, 0x00, 0x0B, 0xF0, 0x00, 0x00,
    0x00, 0x00, 0x00, 0x0B, 0xE0, 0x00, 0x00, 0x00, 0x00, 0x00, 0x0B, 0xC0, 0x00, 0x00, 0x00, 0x00,
    0x00, 0x0B, 0xC0, 0x00, 0x00, 0x00, 0x00, 0x00, 0x0B, 0xC0, 0x00, 0x00, 0x00, 0x00, 0x00, 0x00,
    0x00, 0x00, 0x00, 0x00, 0x00, 0x00, 0x00, 0x00, 0xFF, 0xFF, 0xC3, 0xFF, 0xFE, 0xFF, 0xFF, 0xC3,
    0xFF, 0xFE, 0x0B, 0xF8, 0x00, 0x3F, 0xC0, 0x07, 0xF8, 0x00, 0x3F, 0xC0, 0x07, 0xF8, 0x00, 0x3F,
    0xC0, 0x07, 0xF8, 0x00, 0x3F, 0xC0, 0x07, 0xF8, 0x00, 0x3F, 0xC0, 0x07, 0xF8, 0x00, 0x3F, 0xC0,
    0x07, 0xF8, 0x00, 0x3F, 0xC0, 0x03, 0xFC, 0x00, 0xBF, 0xC0, 0x03, 0xFF, 0xFF, 0xFF, 0xC0, 0x00,
    0xFF, 0xFF, 0x3F, 0xC0, 0x00, 0x0A, 0xA0, 0x3F, 0xC0, 0x00, 0x00, 0x00, 0x3F, 0xC0, 0x00, 0x00,
    0x00, 0x3F, 0xC0, 0x00, 0x00, 0x00, 0x3F, 0xC0, 0x00, 0x00, 0x00, 0x3F, 0xC0, 0x00, 0x00, 0x00,
    0x3F, 0xC0, 0x00, 0x00, 0x03, 0xFF, 0xFE, 0x00, 0x00, 0x03, 0xFF, 0xFE, 0x00, 0x00, 0x03, 0xFE,
    0x00, 0x00, 0x00, 0x03, 0xF8, 0x00, 0x00, 0x00, 0x03, 0xF0, 0x00, 0x00, 0x00, 0x03, 0xC0, 0x00,
    0x00, 0x00, 0x03, 0xC0, 0x00, 0x00, 0x00, 0x03, 0xC0, 0x00, 0x00, 0x00, 0x00, 0x00, 0x00, 0xAA,
    0xAA, 0x80, 0x00, 0x00, 0x00, 0xAA, 0xAA, 0x90, 0xFF, 0xFF, 0xE0, 0x00, 0x00, 0x00, 0xFF, 0xFF,
    0xE0, 0x07, 0xFF, 0xF0, 0x00, 0x00, 0x00, 0xFF, 0xFD, 0x00, 0x02, 0xFF, 0xF0, 0x00, 0x00, 0x02,
    0xFF, 0xF8, 0x00, 0x02, 0xFB, 0xF8, 0x00, 0x00, 0x03, 0xEB, 0xF8, 0x00, 0x02, 0xF3, 0xFC, 0x00,
    0x00, 0x07, 0xDB, 0xF8, 0x00, 0x02, 0xF3, 0xFC, 0x00, 0x00, 0x0B, 0xCB, 0xF8, 0x00, 0x02, 0xF2,
    0xFE, 0x00, 0x00, 0x0F, 0x8B, 0xF8, 0x00, 0x02, 0xF0, 0xFF, 0x00, 0x00, 0x2F, 0x0B, 0xF8, 0x00,
    0x02, 0xF0, 0xFF, 0x80, 0x00, 0x3F, 0x0B, 0xF8, 0x00, 0x02, 0xF0, 0xBF, 0xC0, 0x00, 0x3E, 0x0B,
    0xF8, 0x00, 0x02, 0xF0, 0x3F, 0xC0, 0x00, 0xBC, 0x0B, 0xF8, 0x00, 0x02, 0xF0, 0x3F, 0xE0, 0x00,
    0xFC, 0x0B, 0xF8, 0x00, 0x02, 0xF0, 0x2F, 0xF0, 0x00, 0xF4, 0x0B, 0xF8, 0x00, 0x02, 0xF0, 0x0F,
    0xF0, 0x02, 0xF0, 0x0B, 0xF8, 0x00, 0x02, 0xF0, 0x0B, 0xF8, 0x03, 0xE0, 0x0B, 0xF8, 0x00, 0x02,
    0xF0, 0x03, 0xFC, 0x0B, 0xC0, 0x0B, 0xF8, 0x00, 0x02, 0xF0, 0x03, 0xFD, 0x0F, 0xC0, 0x0B, 0xF8,
    0x00, 0x02, 0xF0, 0x02, 0xFF, 0x0F, 0x80, 0x0B, 0xF8, 0x00, 0x02, 0xF0, 0x00, 0xFF, 0x2F, 0x00,
    0x0B, 0xF8, 0x00, 0x02, 0xF0, 0x00, 0xFF, 0xBF, 0x00, 0x0B, 0xF8, 0x00, 0x02, 0xF0, 0x00, 0xBF,
    0xFE, 0x00, 0x0B, 0xF8, 0x00, 0x02, 0xF0, 0x00, 0x3F, 0xFC, 0x00, 0x0B, 0xF8, 0x00, 0x02, 0xF0,
    0x00, 0x3F, 0xF8, 0x00, 0x0B, 0xF8, 0x00, 0x02, 0xF0, 0x00, 0x2F, 0xF0, 0x00, 0x0B, 0xF8, 0x00,
    0x03, 0xF0, 0x00, 0x0F, 0xF0, 0x00, 0x0F, 0xFC, 0x00, 0xFF, 0xFF, 0xC0, 0x0B, 0xE0, 0x03, 0xFF,
    0xFF, 0xE0, 0xFF, 0xFF, 0xC0, 0x03, 0xC0, 0x03, 0xFF, 0xFF, 0xE0, 0x00, 0x00, 0x00, 0x00, 0x00,
    0x00, 0x00, 0x0B, 0xC0, 0x00, 0x00, 0x00, 0x00, 0x00, 0x00, 0x00, 0x0F, 0x80, 0x00, 0x00, 0x00,
    0x00, 0x00, 0x00, 0x00, 0x3F, 0x00, 0x00, 0x00, 0x00, 0x00, 0x00, 0x00, 0x00, 0xBE, 0x00, 0x00,
    0x00, 0x00, 0x00, 0x00, 0x00, 0x00, 0xFC, 0x00, 0x00, 0x00, 0x00, 0x00, 0x00, 0x00, 0x02, 0xF0,
    0x00, 0x00, 0x00, 0x00, 0x00, 0x00, 0x00, 0x02, 0xA0, 0x00, 0x00, 0x00, 0x00, 0x00, 0x00, 0x00,
    0x00, 0x00, 0x3F, 0xFF, 0x40, 0x00, 0x00, 0xFF, 0xFF, 0x00, 0x3F, 0xFF, 0x80, 0x00, 0x00, 0xFF,
    0xFF, 0x00, 0x02, 0xFF, 0xC0, 0x00, 0x02, 0xFF, 0xE0, 0x00, 0x02, 0xFF, 0xE0, 0x00, 0x03, 0xFF,
    0xE0, 0x00, 0x02, 0xEB, 0xF0, 0x00, 0x0B, 0xEF, 0xE0, 0x00, 0x02, 0xE3, 0xF0, 0x00, 0x0F, 0x9F,
    0xE0, 0x00, 0x02, 0xE3, 0xF8, 0x00, 0x0F, 0x1F, 0xE0, 0x00, 0x02, 0xE2, 0xFC, 0x00, 0x2E, 0x1F,
    0xE0, 0x00, 0x02, 0xE0, 0xFE, 0x00, 0x3C, 0x1F, 0xE0, 0x00, 0x02, 0xE0, 0xBF, 0x00, 0xBC, 0x1F,
    0xE0, 0x00, 0x02, 0xE0, 0x3F, 0x00, 0xF8, 0x1F, 0xE0, 0x00, 0x02, 0xE0, 0x3F, 0x80, 0xF0, 0x1F,
    0xE0, 0x00, 0x02, 0xE0, 0x2F, 0xC2, 0xE0, 0x1F, 0xE0, 0x00, 0x02, 0xE0, 0x0F, 0xE3, 0xC0, 0x1F,
    0xE0, 0x00, 0x02, 0xE0, 0x0B, 0xFB, 0xC0, 0x1F, 0xE0, 0x00, 0x02, 0xE0, 0x03, 0xFF, 0x80, 0x1F,
    0xE0, 0x00, 0x02, 0xE0, 0x03, 0xFF, 0x00, 0x1F, 0xE0, 0x00, 0x02, 0xF0, 0x01, 0xFE, 0x00, 0x2F,
    0xE0, 0x00, 0x3F, 0xFF, 0x00, 0xFC, 0x03, 0xFF, 0xFF, 0x00, 0x3F, 0xFF, 0x00, 0xBC, 0x03, 0xFF,
    0xFF, 0x00, 0x00, 0x00, 0x00, 0x00, 0x00, 0x00, 0x3F, 0x00, 0x00, 0x00, 0x00, 0x00, 0x00, 0x00,
    0xBC, 0x00, 0x00, 0x00, 0x00, 0x00, 0x00, 0x00, 0xF8, 0x00, 0x00, 0x00, 0x00, 0x00, 0x00, 0x02,
    0xF0, 0x00, 0x00, 0x00, 0x00, 0x00, 0x00, 0x03, 0xE0, 0x00, 0x00, 0x00, 0x00, 0x00, 0x00, 0x0B,
    0xC0, 0x00, 0x00, 0x00, 0x00, 0x00, 0x00, 0x00, 0x00, 0x00, 0x2A, 0xAA, 0xA8, 0x3F, 0xFF, 0xFC,
    0x06, 0xFF, 0x90, 0x00, 0xFF, 0x00, 0x00, 0xFF, 0x00, 0x00, 0xFF, 0x00, 0x00, 0xFF, 0x00, 0x00,
    0xFF, 0x00, 0x00, 0xFF, 0x00, 0x00, 0xFF, 0x00, 0x00, 0xFF, 0x00, 0x00, 0xFF, 0x00, 0x00, 0xFF,
    0x00, 0x00, 0xFF, 0x00, 0x00, 0xFF, 0x00, 0x00, 0xFF, 0x00, 0x00, 0xFF, 0x00, 0x00, 0xFF, 0x00,
    0x00, 0xFF, 0x00, 0x00, 0xFF, 0x00, 0x00, 0xFF, 0x00, 0x00, 0xFF, 0x00, 0x00, 0xFF, 0x00, 0x00,
    0xFF, 0x00, 0x00, 0xFF, 0x00, 0x00, 0xFF, 0x00, 0x00, 0xFF, 0x00, 0x00, 0xFF, 0x00, 0x3F, 0xFF,
    0xFC, 0x3F, 0xFF, 0xFC, 0x00, 0x00, 0x00, 0x00, 0x00, 0x00, 0x00, 0x00, 0x00, 0xFE, 0x00, 0xFC,
    0x00, 0x00, 0x00, 0x00, 0xFF, 0x02, 0xFE, 0x00, 0x00, 0x00, 0x00, 0xFC, 0x00, 0xBE, 0x00, 0x00,
    0x00, 0x00, 0xF4, 0x00, 0x3C, 0x00, 0x00, 0x00, 0x00, 0x3E, 0x02, 0xF8, 0x00, 0x00, 0x00, 0x00,
    0x0B, 0xFF, 0xC0, 0x00, 0x00, 0x00, 0x00, 0x00, 0x10, 0x00, 0x00, 0x00, 0x00, 0x00, 0x00, 0x00,
    0x00, 0x00, 0x00, 0x00, 0x00, 0x00, 0x54, 0x00, 0x00, 0x00, 0x00, 0x00, 0x00, 0xFE, 0x00, 0x00,
    0x00, 0x00, 0x00, 0x02, 0xFF, 0x00, 0x00, 0x00, 0x00, 0x00, 0x03, 0xFF, 0x40, 0x00, 0x00, 0x00,
    0x00, 0x07, 0xFF, 0xC0, 0x00, 0x00, 0x00, 0x00, 0x0F, 0xFF, 0xC0, 0x00, 0x00, 0x00, 0x00, 0x0F,
    0xFF, 0xE0, 0x00, 0x00, 0x00, 0x00, 0x2F, 0xAF, 0xF0, 0x00, 0x00, 0x00, 0x00, 0x3F, 0x0F, 0xF0,
    0x00, 0x00, 0x00, 0x00, 0x3E, 0x0F, 0xF8, 0x00, 0x00, 0x00, 0x00, 0xBC, 0x0B, 0xFC, 0x00, 0x00,
    0x00, 0x00, 0xFC, 0x03, 0xFD, 0x00, 0x00, 0x00, 0x00, 0xF8, 0x03, 0xFF, 0x00, 0x00, 0x00, 0x02,
    0xF0, 0x02, 0xFF, 0x00, 0x00, 0x00, 0x03, 0xF0, 0x00, 0xFF, 0x80, 0x00, 0x00, 0x0B, 0xE0, 0x00,
    0xBF, 0xC0, 0x00, 0x00, 0x0F, 0xE0, 0x00, 0xBF, 0xC0, 0x00, 0x00, 0x0F, 0xFF, 0xFF, 0xFF, 0xE0,
    0x00, 0x00, 0x2F, 0xFF, 0xFF, 0xFF, 0xF0, 0x00, 0x00, 0x3F, 0x00, 0x00, 0x0F, 0xF4, 0x00, 0x00,
    0x3E, 0x00, 0x00, 0x0F, 0xFC, 0x00, 0x00, 0xBC, 0x00, 0x00, 0x0B, 0xFC, 0x00, 0x00, 0xFC, 0x00,
    0x00, 0x03, 0xFE, 0x00, 0x01, 0xF8, 0x00, 0x00, 0x02, 0xFF, 0x00, 0x03, 0xF0, 0x00, 0x00, 0x00,
    0xFF, 0x00, 0x03, 0xF0, 0x00, 0x00, 0x00, 0xFF, 0x80, 0x0B, 0xF0, 0x00, 0x00, 0x00, 0xFF, 0xD0,
    0xFF, 0xFF, 0x80, 0x00, 0x1F, 0xFF, 0xFE, 0xFF, 0xFF, 0x80, 0x00, 0x1F, 0xFF, 0xFE, 0x00, 0x00,
    0x00, 0x00, 0x00, 0x00, 0xFC, 0x03, 0xF8, 0x00, 0x02, 0xFE, 0x03, 0xFC, 0x00, 0x02, 0xF8, 0x00,
    0xFC, 0x00, 0x00, 0xF0, 0x00, 0xB8, 0x00, 0x00, 0xBE, 0x02, 0xF0, 0x00, 0x00, 0x0F, 0xFF, 0x80,
    0x00, 0x00, 0x00, 0x00, 0x00, 0x00, 0x00, 0x00, 0x00, 0x00, 0x00, 0x00, 0x00, 0x69, 0x00, 0x00,
    0x00, 0xBF, 0xFF, 0xF0, 0x00, 0x03, 0xFF, 0xAF, 0xFC, 0x00, 0x0F, 0xF0, 0x02, 0xFF, 0x00, 0x2F,
    0xF0, 0x00, 0xFF, 0x00, 0x2F, 0xF0, 0x00, 0xBF, 0x00, 0x0A, 0xA0, 0x00, 0xBF, 0x40, 0x00, 0x00,
    0x00, 0xBF, 0x80, 0x00, 0x00, 0x02, 0xFF, 0x80, 0x00, 0x02, 0xFF, 0xFF, 0x80, 0x00, 0x7F, 0xF8,
    0xBF, 0x80, 0x03, 0xFE, 0x00, 0xBF, 0x80, 0x2F, 0xF0, 0x00, 0xBF, 0x80, 0x3F, 0xC0, 0x00, 0xBF,
    0x80, 0xBF, 0x80, 0x00, 0xBF, 0x80, 0xBF, 0x80, 0x00, 0xBF, 0x80, 0xBF, 0x80, 0x00, 0xBF, 0x80,
    0x7F, 0xC0, 0x02, 0xFF, 0x80, 0x3F, 0xF8, 0x2F, 0xFF, 0x80, 0x2F, 0xFF, 0xFC, 0x3F, 0xFC, 0x07,
    0xFF, 0xD0, 0x3F, 0xFC, 0x00, 0x14, 0x00, 0x00, 0x00, 0x00, 0x00, 0xA8, 0x00, 0x28, 0x00, 0x00,
    0x00, 0x02, 0xFE, 0x00, 0xFF, 0x00, 0x00, 0x00, 0x03, 0xFE, 0x00, 0xFF, 0x00, 0x00, 0x00, 0x02,
    0xFE, 0x00, 0xFF, 0x00, 0x00, 0x00, 0x00, 0xB8, 0x00, 0x7C, 0x00, 0x00, 0x00, 0x00, 0x00, 0x00,
    0x00, 0x00, 0x00, 0x00, 0x00, 0x00, 0x00, 0x00, 0x00, 0x00, 0x00, 0x00, 0x00, 0x00, 0x00, 0x00,
    0x00, 0x00, 0x00, 0x00, 0x54, 0x00, 0x00, 0x00, 0x00, 0x00, 0x00, 0xFE, 0x00, 0x00, 0x00, 0x00,
    0x00, 0x02, 0xFF, 0x00, 0x00, 0x00, 0x00, 0x00, 0x03, 0xFF, 0x40, 0x00, 0x00, 0x00, 0x00, 0x07,
    0xFF, 0xC0, 0x00, 0x00, 0x00, 0x00, 0x0F, 0xFF, 0xC0, 0x00, 0x00, 0x00, 0x00, 0x0F, 0xFF, 0xE0,
    0x00, 0x00, 0x00, 0x00, 0x2F, 0xAF, 0xF0, 0x00, 0x00, 0x00, 0x00, 0x3F, 0x0F, 0xF0, 0x00, 0x00,
    0x00, 0x00, 0x3E, 0x0F, 0xF8, 0x00, 0x00, 0x00, 0x00, 0xBC, 0x0B, 0xFC, 0x00, 0x00, 0x00, 0x00,
    0xFC, 0x03, 0xFD, 0x00, 0x00, 0x00, 0x00, 0xF8, 0x03, 0xFF, 0x00, 0x00, 0x00, 0x02, 0xF0, 0x02,
    0xFF, 0x00, 0x00, 0x00, 0x03, 0xF0, 0x00, 0xFF, 0x80, 0x00, 0x00, 0x0B, 0xE0, 0x00, 0xBF, 0xC0,
    0x00, 0x00, 0x0F, 0xE0, 0x00, 0xBF, 0xC0, 0x00, 0x00, 0x0F, 0xFF, 0xFF, 0xFF, 0xE0, 0x00, 0x00,
    0x2F, 0xFF, 0xFF, 0xFF, 0xF0, 0x00, 0x00, 0x3F, 0x00, 0x00, 0x0F, 0xF4, 0x00, 0x00, 0x3E, 0x00,
    0x00, 0x0F, 0xFC, 0x00, 0x00, 0xBC, 0x00, 0x00, 0x0B, 0xFC, 0x00, 0x00, 0xFC, 0x00, 0x00, 0x03,
    0xFE, 0x00, 0x01, 0xF8, 0x00, 0x00, 0x02, 0xFF, 0x00, 0x03, 0xF0, 0x00, 0x00, 0x00, 0xFF, 0x00,
    0x03, 0xF0, 0x00, 0x00, 0x00, 0xFF, 0x80, 0x0B, 0xF0, 0x00, 0x00, 0x00, 0xFF, 0xD0, 0xFF, 0xFF,
    0x80, 0x00, 0x1F, 0xFF, 0xFE, 0xFF, 0xFF, 0x80, 0x00, 0x1F, 0xFF, 0xFE, 0x00, 0xA0, 0x00, 0xA8,
    0x00, 0x03, 0xFC, 0x02, 0xFE, 0x00, 0x03, 0xFC, 0x03, 0xFE, 0x00, 0x03, 0xFC, 0x02, 0xFE, 0x00,
    0x01, 0xF0, 0x00, 0xB8, 0x00, 0x00, 0x00, 0x00, 0x00, 0x00, 0x00, 0x00, 0x00, 0x00, 0x00, 0x00,
    0x00, 0x00, 0x00, 0x00, 0x00, 0x00, 0x69, 0x00, 0x00, 0x00, 0xBF, 0xFF, 0xF0, 0x00, 0x03, 0xFF,
    0xAF, 0xFC, 0x00, 0x0F, 0xF0, 0x02, 0xFF, 0x00, 0x2F, 0xF0, 0x00, 0xFF, 0x00, 0x2F, 0xF0, 0x00,
    0xBF, 0x00, 0x0A, 0xA0, 0x00, 0xBF, 0x40, 0x00, 0x00, 0x00, 0xBF, 0x80, 0x00, 0x00, 0x02, 0xFF,
    0x80, 0x00, 0x02, 0xFF, 0xFF, 0x80, 0x00, 0x7F, 0xF8, 0xBF, 0x80, 0x03, 0xFE, 0x00, 0xBF, 0x80,
    0x2F, 0xF0, 0x00, 0xBF, 0x80, 0x3F, 0xC0, 0x00, 0xBF, 0x80, 0xBF, 0x80, 0x00, 0xBF, 0x80, 0xBF,
    0x80, 0x00, 0xBF, 0x80, 0xBF, 0x80, 0x00, 0xBF, 0x80, 0x7F, 0xC0, 0x02, 0xFF, 0x80, 0x3F, 0xF8,
    0x2F, 0xFF, 0x80, 0x2F, 0xFF, 0xFC, 0x3F, 0xFC, 0x07, 0xFF, 0xD0, 0x3F, 0xFC, 0x00, 0x14, 0x00,
    0x00, 0x00, 0x00, 0x00, 0x00, 0x0A, 0xAA, 0xAA, 0xAA, 0xAA, 0xA9, 0x00, 0x00, 0x00, 0x00, 0x0F,
    0xFF, 0xFF, 0xFF, 0xFF, 0xFE, 0x00, 0x00, 0x00, 0x00, 0x01, 0xFF, 0xFF, 0x55, 0x55, 0xFE, 0x00,
    0x00, 0x00, 0x00, 0x00, 0xFE, 0xFF, 0x00, 0x00, 0xBE, 0x00, 0x00, 0x00, 0x00, 0x02, 0xF8, 0xFF,
    0x00, 0x00, 0x3E, 0x00, 0x00, 0x00, 0x00, 0x03, 0xF0, 0xFF, 0x00, 0x00, 0x3E, 0x00, 0x00, 0x00,
    0x00, 0x0F, 0xC0, 0xFF, 0x00, 0x00, 0x28, 0x00, 0x00, 0x00, 0x00, 0x2F, 0x80, 0xFF, 0x00, 0x00,
    0x00, 0x00, 0x00, 0x00, 0x00, 0x3F, 0x00, 0xFF, 0x00, 0x00, 0x00, 0x00, 0x00, 0x00, 0x00, 0xFC,
    0x00, 0xFF, 0x00, 0x0F, 0x00, 0x00, 0x00, 0x00, 0x01, 0xF8, 0x00, 0xFF, 0x00, 0x0F, 0x00, 0x00,
    0x00, 0x00, 0x03, 0xF0, 0x00, 0xFF, 0x00, 0x0F, 0x00, 0x00, 0x00, 0x00, 0x0B, 0xE0, 0x00, 0xFF,
    0xAA, 0xBF, 0x00, 0x00, 0x00, 0x00, 0x0F, 0xC0, 0x00, 0xFF, 0xFF, 0xFF, 0x00, 0x00, 0x00, 0x00,
    0x3F, 0x00, 0x00, 0xFF, 0xAA, 0xBF, 0x00, 0x00, 0x00, 0x00, 0xBF, 0xAA, 0xAA, 0xFF, 0x00, 0x0F,
    0x00, 0x00, 0x00, 0x00, 0xFF, 0xFF, 0xFF, 0xFF, 0x00, 0x0F, 0x00, 0x00, 0x00, 0x02, 0xFE, 0xAA,
    0xAB, 0xFF, 0x00, 0x0F, 0x00, 0x00, 0x00, 0x03, 0xF0, 0x00, 0x00, 0xFF, 0x00, 0x00, 0x00, 0x00,
    0x00, 0x0F, 0xC0, 0x00, 0x00, 0xFF, 0x00, 0x00, 0x00, 0x00, 0x00, 0x2F, 0x80, 0x00, 0x00, 0xFF,
    0x00, 0x00, 0x00, 0x00, 0x00, 0x3F, 0x00, 0x00, 0x00, 0xFF, 0x00, 0x00, 0x0B, 0xC0, 0x00, 0xFD,
    0x00, 0x00, 0x00, 0xFF, 0x00, 0x00, 0x0B, 0xC0, 0x01, 0xFC, 0x00, 0x00, 0x00, 0xFF, 0x00, 0x00,
    0x0F, 0xC0, 0x03, 0xF0, 0x00, 0x00, 0x00, 0xFF, 0x00, 0x00, 0x0F, 0xC0, 0x0B, 0xF0, 0x00, 0x00,
    0x03, 0xFF, 0x00, 0x00, 0x2F, 0xC0, 0xFF, 0xFF, 0x00, 0x00, 0xBF, 0xFF, 0xFF, 0xFF, 0xFF, 0xC0,
    0xFF, 0xFF, 0x00, 0x00, 0xBF, 0xFF, 0xFF, 0xFF, 0xFF, 0xC0, 0x00, 0x00, 0xA8, 0x00, 0x02, 0x80,
    0x00, 0x00, 0xBF, 0xFF, 0xE0, 0xBF, 0xFF, 0x00, 0x07, 0xFE, 0xBF, 0xFB, 0xFE, 0xFF, 0xC0, 0x0F,
    0xF0, 0x03, 0xFF, 0xE0, 0x1F, 0xF0, 0x2F, 0xF0, 0x02, 0xFF, 0x80, 0x0B, 0xF8, 0x2F, 0xF0, 0x00,
    0xFF, 0x00, 0x03, 0xFC, 0x0A, 0xA0, 0x00, 0xFF, 0x00, 0x03, 0xFC, 0x00, 0x00, 0x00, 0xFF, 0x00,
    0x03, 0xFC, 0x00, 0x00, 0x06, 0xFF, 0xAA, 0xAB, 0xFC, 0x00, 0x02, 0xFF, 0xFF, 0xFF, 0xFF, 0xFC,
    0x00, 0xBF, 0xF8, 0xFF, 0xAA, 0xAA, 0xA8, 0x0B, 0xFE, 0x00, 0xFF, 0x00, 0x00, 0x00, 0x2F, 0xF0,
    0x00, 0xFF, 0x00, 0x00, 0x00, 0x3F, 0xC0, 0x00, 0xFF, 0x00, 0x00, 0x00, 0xBF, 0x80, 0x00, 0xFF,
    0x00, 0x00, 0x00, 0xBF, 0x80, 0x00, 0xFF, 0x00, 0x00, 0x00, 0xBF, 0x80, 0x00, 0xFF, 0x80, 0x00,
    0x04, 0xBF, 0xC0, 0x03, 0xFF, 0xF0, 0x00, 0x2C, 0x3F, 0xF4, 0x7F, 0xBF, 0xFF, 0xAB, 0xFC, 0x2F,
    0xFF, 0xFD, 0x0B, 0xFF, 0xFF, 0xF4, 0x0B, 0xFF, 0xE0, 0x00, 0xBF, 0xFF, 0x80, 0x00, 0x14, 0x00,
    0x00, 0x01, 0x80, 0x00, 0x00, 0x00, 0x00, 0x00, 0x00, 0x00, 0x00, 0x2F, 0xC0, 0x3F, 0x40, 0x00,
    0x00, 0x3F, 0xC0, 0x7F, 0x80, 0x00, 0x00, 0x3F, 0x80, 0x2F, 0x80, 0x00, 0x00, 0x2E, 0x00, 0x0B,
    0x40, 0x00, 0x00, 0x0F, 0xC0, 0x3E, 0x00, 0x00, 0x00, 0x02, 0xFF, 0xF8, 0x00, 0x00, 0x00, 0x00,
    0x05, 0x00, 0x00, 0x00, 0x00, 0x00, 0x00, 0x00, 0x00, 0x00, 0x00, 0x00, 0x00, 0x00, 0x00, 0x00,
    0xAA, 0xAA, 0xAA, 0xAA, 0xAA, 0x00, 0xBF, 0xFF, 0xFF, 0xFF, 0xFF, 0x00, 0x0B, 0xFE, 0x55, 0x55,
    0xBF, 0x00, 0x02, 0xFE, 0x00, 0x00, 0x3F, 0x00, 0x02, 0xFE, 0x00, 0x00, 0x2F, 0x00, 0x02, 0xFE,
    0x00, 0x00, 0x2F, 0x00, 0x02, 0xFE, 0x00, 0x00, 0x0A, 0x00, 0x02, 0xFE, 0x00, 0x00, 0x00, 0x00,
    0x02, 0xFE, 0x00, 0x00, 0x00, 0x00, 0x02, 0xFE, 0x00, 0x03, 0xC0, 0x00, 0x02, 0xFE, 0x00, 0x0B,
    0xC0, 0x00, 0x02, 0xFE, 0x00, 0x0B, 0xC0, 0x00, 0x02, 0xFF, 0xAA, 0xAF, 0xC0, 0x00, 0x02, 0xFF,
    0xFF, 0xFF, 0xC0, 0x00, 0x02, 0xFF, 0xAA, 0xAF, 0xC0, 0x00, 0x02, 0xFE, 0x00, 0x0B, 0xC0, 0x00,
    0x02, 0xFE, 0x00, 0x0B, 0xC0, 0x00, 0x02, 0xFE, 0x00, 0x03, 0xC0, 0x00, 0x02, 0xFE, 0x00, 0x00,
    0x00, 0x00, 0x02, 0xFE, 0x00, 0x00, 0x00, 0x00, 0x02, 0xFE, 0x00, 0x00, 0x00, 0x00, 0x02, 0xFE,
    0x00, 0x00, 0x03, 0xE0, 0x02, 0xFE, 0x00, 0x00, 0x03, 0xE0, 0x02, 0xFE, 0x00, 0x00, 0x03, 0xE0,
    0x02, 0xFE, 0x00, 0x00, 0x03, 0xE0, 0x03, 0xFE, 0x00, 0x00, 0x0F, 0xE0, 0xBF, 0xFF, 0xFF, 0xFF,
    0xFF, 0xE0, 0xBF, 0xFF, 0xFF, 0xFF, 0xFF, 0xE0, 0x00, 0x00, 0x00, 0x00, 0x00, 0x00, 0xFE, 0x00,
    0xFC, 0x00, 0x00, 0xFF, 0x02, 0xFE, 0x00, 0x00, 0xFC, 0x00, 0xBE, 0x00, 0x00, 0xF8, 0x00, 0x3C,
    0x00, 0x00, 0x3E, 0x42, 0xF4, 0x00, 0x00, 0x0B, 0xFF, 0xC0, 0x00, 0x00, 0x00, 0x00, 0x00, 0x00,
    0x00, 0x00, 0x00, 0x00, 0x00, 0x00, 0x00, 0x28, 0x00, 0x00, 0x00, 0x1F, 0xFF, 0xF0, 0x00, 0x00,
    0xFF, 0xFF, 0xFD, 0x00, 0x03, 0xFC, 0x00, 0xFF, 0x00, 0x0B, 0xF0, 0x00, 0x3F, 0xC0, 0x1F, 0xE0,
    0x00, 0x3F, 0xC0, 0x3F, 0xC0, 0x00, 0x2F, 0xE0, 0x3F, 0xC0, 0x00, 0x2F, 0xE0, 0x7F, 0xEA, 0xAA,
    0xBF, 0xE0, 0xBF, 0xFF, 0xFF, 0xFF, 0xF0, 0xBF, 0x80, 0x00, 0x00, 0x00, 0xBF, 0x80, 0x00, 0x00,
    0x00, 0xBF, 0x80, 0x00, 0x00, 0x00, 0xBF, 0xC0, 0x00, 0x00, 0x00, 0x3F, 0xC0, 0x00, 0x00, 0x00,
    0x3F, 0xE0, 0x00, 0x00, 0x00, 0x2F, 0xF0, 0x00, 0x00, 0x20, 0x0F, 0xFD, 0x00, 0x02, 0xF0, 0x03,
    0xFF, 0xE0, 0x6F, 0xF0, 0x00, 0xFF, 0xFF, 0xFF, 0x80, 0x00, 0x2F, 0xFF, 0xF8, 0x00, 0x00, 0x00,
    0x14, 0x00, 0x00, 0x00, 0x00, 0x01, 0x00, 0x00, 0x00, 0x00, 0x00, 0x1B, 0xFF, 0xFE, 0x00, 0x00,
    0x00, 0x01, 0xFF, 0xFF, 0xFF, 0xF0, 0x00, 0x00, 0x0B, 0xFF, 0xA5, 0xAF, 0xFE, 0x00, 0x00, 0x2F,
    0xF0, 0x00, 0x02, 0xFF, 0x80, 0x00, 0x2F, 0x40, 0x00, 0x00, 0xBF, 0xE0, 0x00, 0x2C, 0x00, 0x00,
    0x00, 0x2F, 0xF0, 0x00, 0x00, 0x00, 0x00, 0x00, 0x0F, 0xFC, 0x00, 0x00, 0x00, 0x00, 0x00, 0x0B,
    0xFD, 0x00, 0x00, 0x00, 0x00, 0x00, 0x03, 0xFE, 0x00, 0x00, 0x00, 0x00, 0x00, 0x03, 0xFF, 0x00,
    0x00, 0x00, 0x00, 0x00, 0x02, 0xFF, 0x00, 0x00, 0x00, 0x00, 0x00, 0x02, 0xFF, 0x40, 0x00, 0x00,
    0x00, 0x00, 0x02, 0xFF, 0x80, 0x00, 0x00, 0x00, 0x00, 0x01, 0xFF, 0x80, 0xBF, 0xFF, 0xFF, 0xFF,
    0xFF, 0xFF, 0x80, 0xBF, 0xFF, 0xFF, 0xFF, 0xFF, 0xFF, 0x80, 0xBF, 0xFA, 0xAA, 0xAA, 0xAB, 0xFF,
    0x40, 0x7F, 0xE0, 0x00, 0x00, 0x02, 0xFF, 0x00, 0x3F, 0xE0, 0x00, 0x00, 0x03, 0xFF, 0x00, 0x3F,
    0xE0, 0x00, 0x00, 0x03, 0xFF, 0x00, 0x3F, 0xF0, 0x00, 0x00, 0x03, 0xFE, 0x00, 0x2F, 0xF0, 0x00,
    0x00, 0x0F, 0xFC, 0x00, 0x0F, 0xF8, 0x00, 0x00, 0x0F, 0xF8, 0x00, 0x0B, 0xFC, 0x00, 0x00, 0x3F,
    0xF0, 0x00, 0x03, 0xFF, 0x00, 0x00, 0xBF, 0xC0, 0x00, 0x00, 0xFF, 0xE0, 0x03, 0xFF, 0x00, 0x00,
    0x00, 0x3F, 0xFF, 0xFF, 0xFC, 0x00, 0x00, 0x00, 0x03, 0xFF, 0xFF, 0xE0, 0x00, 0x00, 0x00, 0x00,
    0x0A, 0xA8, 0x00, 0x00, 0x00, 0x00, 0x02, 0x80, 0x00, 0x00, 0x02, 0xFF, 0xFF, 0x80, 0x00, 0x2F,
    0xFF, 0xFF, 0xF0, 0x00, 0xBF, 0x80, 0x6F, 0xFC, 0x00, 0xB8, 0x00, 0x03, 0xFF, 0x00, 0x40, 0x00,
    0x00, 0xFF, 0x80, 0x00, 0x00, 0x00, 0xBF, 0xC0, 0x00, 0x00, 0x00, 0x3F, 0xD0, 0x00, 0x00, 0x00,
    0x3F, 0xE0, 0x00, 0x00, 0x00, 0x2F, 0xE0, 0x00, 0x00, 0x00, 0x2F, 0xE0, 0x00, 0x00, 0x00, 0x2F,
    0xE0, 0xBF, 0xFF, 0xFF, 0xFF, 0xE0, 0xBF, 0xEA, 0xAA, 0xBF, 0xE0, 0xBF, 0x80, 0x00, 0x3F, 0xC0,
    0x7F, 0x80, 0x00, 0x3F, 0xC0, 0x3F, 0xC0, 0x00, 0x7F, 0x80, 0x2F, 0xD0, 0x00, 0xFF, 0x00, 0x0F,
    0xF4, 0x03, 0xFC, 0x00, 0x03, 0xFF, 0xFF, 0xF0, 0x00, 0x00, 0xBF, 0xFF, 0x40, 0x00, 0x00, 0x01,
    0x40, 0x00, 0x00, 0x00, 0x02, 0xA0, 0x00, 0xA0, 0x00, 0x00, 0x00, 0x0B, 0xF4, 0x03, 0xFC, 0x00,
    0x00, 0x00, 0x0F, 0xF8, 0x0B, 0xFC, 0x00, 0x00, 0x00, 0x0F, 0xF8, 0x03, 0xFC, 0x00, 0x00, 0x00,
    0x03, 0xE0, 0x02, 0xF0, 0x00, 0x00, 0x00, 0x00, 0x00, 0x00, 0x00, 0x00, 0x00, 0x00, 0x00, 0x00,
    0x00, 0x00, 0x00, 0x00, 0x00, 0x00, 0x00, 0x00, 0x00, 0x00, 0x00, 0x00, 0x00, 0x01, 0x00, 0x00,
    0x00, 0x00, 0x00, 0x1B, 0xFF, 0xFE, 0x00, 0x00, 0x00, 0x01, 0xFF, 0xFF, 0xFF, 0xF0, 0x00, 0x00,
    0x0B, 0xFF, 0xA5, 0xAF, 0xFE, 0x00, 0x00, 0x2F, 0xF0, 0x00, 0x02, 0xFF, 0x80, 0x00, 0x2F, 0x40,
    0x00, 0x00, 0xBF, 0xE0, 0x00, 0x2C, 0x00, 0x00, 0x00, 0x2F, 0xF0, 0x00, 0x00, 0x00, 0x00, 0x00,
    0x0F, 0xFC, 0x00, 0x00, 0x00, 0x00, 0x00, 0x0B, 0xFD, 0x00, 0x00, 0x00, 0x00, 0x00, 0x03, 0xFE,
    0x00, 0x00, 0x00, 0x00, 0x00, 0x03, 0xFF, 0x00, 0x00, 0x00, 0x00, 0x00, 0x02, 0xFF, 0x00, 0x00,
    0x00, 0x00, 0x00, 0x02, 0xFF, 0x40, 0x00, 0x00, 0x00, 0x00, 0x02, 0xFF, 0x80, 0x00, 0x00, 0x00,
    0x00, 0x01, 0xFF, 0x80, 0xBF, 0xFF, 0xFF, 0xFF, 0xFF, 0xFF, 0x80, 0xBF, 0xFF, 0xFF, 0xFF, 0xFF,
    0xFF, 0x80, 0xBF, 0xFA, 0xAA, 0xAA, 0xAB, 0xFF, 0x40, 0x7F, 0xE0, 0x00, 0x00, 0x02, 0xFF, 0x00,
    0x3F, 0xE0, 0x00, 0x00, 0x03, 0xFF, 0x00, 0x3F, 0xE0, 0x00, 0x00, 0x03, 0xFF, 0x00, 0x3F, 0xF0,
    0x00, 0x00, 0x03, 0xFE, 0x00, 0x2F, 0xF0, 0x00, 0x00, 0x0F, 0xFC, 0x00, 0x0F, 0xF8, 0x00, 0x00,
    0x0F, 0xF8, 0x00, 0x0B, 0xFC, 0x00, 0x00, 0x3F, 0xF0, 0x00, 0x03, 0xFF, 0x00, 0x00, 0xBF, 0xC0,
    0x00, 0x00, 0xFF, 0xE0, 0x03, 0xFF, 0x00, 0x00, 0x00, 0x3F, 0xFF, 0xFF, 0xFC, 0x00, 0x00, 0x00,
    0x03, 0xFF, 0xFF, 0xE0, 0x00, 0x00, 0x00, 0x00, 0x0A, 0xA8, 0x00, 0x00, 0x00, 0x02, 0xA0, 0x00,
    0xA0, 0x00, 0x0B, 0xF4, 0x03, 0xFC, 0x00, 0x0F, 0xF8, 0x0B, 0xFC, 0x00, 0x0B, 0xF8, 0x03, 0xFC,
    0x00, 0x03, 0xE0, 0x02, 0xF0, 0x00, 0x00, 0x00, 0x00, 0x00, 0x00, 0x00, 0x00, 0x00, 0x00, 0x00,
    0x00, 0x00, 0x00, 0x00, 0x00, 0x00, 0x02, 0x80, 0x00, 0x00, 0x02, 0xFF, 0xFF, 0x80, 0x00, 0x2F,
    0xFF, 0xFF, 0xF0, 0x00, 0xBF, 0x80, 0x6F, 0xFC, 0x00, 0xB8, 0x00, 0x03, 0xFF, 0x00, 0x40, 0x00,
    0x00, 0xFF, 0x80, 0x00, 0x00, 0x00, 0xBF, 0xC0, 0x00, 0x00, 0x00, 0x3F, 0xD0, 0x00, 0x00, 0x00,
    0x3F, 0xE0, 0x00, 0x00, 0x00, 0x2F, 0xE0, 0x00, 0x00, 0x00, 0x2F, 0xE0, 0x00, 0x00, 0x00, 0x2F,
    0xE0, 0xBF, 0xFF, 0xFF, 0xFF, 0xE0, 0xBF, 0xEA, 0xAA, 0xBF, 0xE0, 0xBF, 0x80, 0x00, 0x3F, 0xC0,
    0x7F, 0x80, 0x00, 0x3F, 0xC0, 0x3F, 0xC0, 0x00, 0x7F, 0x80, 0x2F, 0xD0, 0x00, 0xFF, 0x00, 0x0F,
    0xF4, 0x03, 0xFC, 0x00, 0x03, 0xFF, 0xFF, 0xF0, 0x00, 0x00, 0xBF, 0xFF, 0x40, 0x00, 0x00, 0x01,
    0x40, 0x00, 0x00, 0x00, 0x00, 0x00, 0x28, 0x00, 0x2A, 0x00, 0x00, 0x00, 0x00, 0x00, 0x00, 0x00,
    0xFF, 0x00, 0xBF, 0x80, 0x00, 0x00, 0x00, 0x00, 0x00, 0x00, 0xFF, 0x00, 0xFF, 0xC0, 0x00, 0x00,
    0x00, 0x00, 0x00, 0x00, 0xFF, 0x00, 0xBF, 0x80, 0x00, 0x00, 0x00, 0x00, 0x00, 0x00, 0x3D, 0x00,
    0x2E, 0x00, 0x00, 0x00, 0x00, 0x00, 0x00, 0x00, 0x00, 0x00, 0x00, 0x00, 0x00, 0x00, 0x00, 0x00,
    0x00, 0x00, 0x00, 0x00, 0x00, 0x00, 0x00, 0x00, 0x00, 0x00, 0x00, 0x00, 0x00, 0x00, 0x00, 0x00,
    0x00, 0x00, 0x00, 0x00, 0x00, 0x00, 0x00, 0x00, 0x00, 0x00, 0x00, 0x40, 0x00, 0x2F, 0xFC, 0x00,
    0x2A, 0xAA, 0xA9, 0x00, 0x2F, 0xFC, 0x00, 0x3F, 0xFF, 0x40, 0x3F, 0xFF, 0xFE, 0x00, 0xFF, 0xFF,
    0x00, 0x3F, 0xFF, 0xC0, 0x02, 0xFF, 0xD0, 0x02, 0xFF, 0xFF, 0x00, 0x3F, 0xE7, 0xE0, 0x00, 0xFF,
    0x80, 0x03, 0xF2, 0xFE, 0x00, 0x08, 0x02, 0xF0, 0x00, 0xFF, 0x80, 0x0B, 0xC0, 0x28, 0x00, 0x00,
    0x00, 0xF0, 0x00, 0xFF, 0x80, 0x0F, 0x80, 0x00, 0x00, 0x00, 0x00, 0xF8, 0x00, 0xFF, 0x80, 0x0F,
    0x00, 0x00, 0x00, 0x00, 0x00, 0xBC, 0x00, 0xFF, 0x80, 0x0F, 0x00, 0x00, 0x00, 0x00, 0x00, 0x3C,
    0x00, 0xFF, 0x80, 0x2F, 0x00, 0x00, 0x00, 0x00, 0x00, 0x3E, 0x00, 0xFF, 0x80, 0x3E, 0x00, 0x00,
    0x00, 0x00, 0x00, 0x2F, 0x00, 0xFF, 0x80, 0xBC, 0x00, 0x00, 0x00, 0x00, 0x00, 0x0F, 0xC0, 0xFF,
    0x80, 0xF8, 0x00, 0x00, 0x00, 0x00, 0x00, 0x0B, 0xE0, 0xFF, 0x83, 0xF0, 0x00, 0x00, 0x00, 0x00,
    0x00, 0x03, 0xFE, 0xFF, 0xEF, 0xC0, 0x00, 0x00, 0x00, 0x00, 0x00, 0x00, 0xFF, 0xFF, 0xFF, 0x80,
    0x00, 0x00, 0x00, 0x00, 0x00, 0x0B, 0xFF, 0xFF, 0xFF, 0xF4, 0x00, 0x00, 0x00, 0x00, 0x00, 0x3F,
    0xF0, 0xFF, 0x8B, 0xFE, 0x00, 0x00, 0x00, 0x00, 0x00, 0xBF, 0xC0, 0xFF, 0x83, 0xFF, 0x00, 0x00,
    0x00, 0x00, 0x00, 0xFF, 0x80, 0xFF, 0x80, 0xFF, 0x80, 0x00, 0x00, 0x00, 0x03, 0xFF, 0x00, 0xFF,
    0x80, 0xBF, 0xC0, 0x00, 0x00, 0x00, 0x0B, 0xFD, 0x00, 0xFF, 0x80, 0x3F, 0xF0, 0x00, 0x00, 0x00,
    0x0F, 0xFC, 0x00, 0xFF, 0x80, 0x0F, 0xF8, 0x00, 0x00, 0x00, 0x2F, 0xF0, 0x00, 0xFF, 0x80, 0x0B,
    0xFC, 0x00, 0x00, 0x00, 0x3F, 0xE0, 0x00, 0xFF, 0x80, 0x03, 0xFF, 0x00, 0x00, 0x00, 0xFF, 0xC0,
    0x00, 0xFF, 0x80, 0x00, 0xFF, 0x80, 0x00, 0x02, 0xFF, 0x00, 0x01, 0xFF, 0xC0, 0x00, 0xBF, 0xC0,
    0x00, 0xBF, 0xFE, 0x00, 0x3F, 0xFF, 0xFE, 0x00, 0x3F, 0xFF, 0x00, 0xBF, 0xFD, 0x00, 0x3F, 0xFF,
    0xFE, 0x00, 0x3F, 0xFF, 0x00, 0x00, 0x00, 0x28, 0x00, 0x2A, 0x00, 0x00, 0x00, 0x00, 0x00, 0xFF,
    0x00, 0xBF, 0x80, 0x00, 0x00, 0x00, 0x00, 0xFF, 0x00, 0xBF, 0xC0, 0x00, 0x00, 0x00, 0x00, 0xFF,
    0x00, 0xBF, 0x80, 0x00, 0x00, 0x00, 0x00, 0x3D, 0x00, 0x2E, 0x00, 0x00, 0x00, 0x00, 0x00, 0x00,
    0x00, 0x00, 0x00, 0x00, 0x00, 0x00, 0x00, 0x00, 0x00, 0x00, 0x00, 0x00, 0x00, 0x00, 0x00, 0x00,
    0x00, 0x00, 0x00, 0x00, 0x00, 0x02, 0x80, 0x00, 0x00, 0x00, 0x00, 0x90, 0x00, 0x3F, 0xF8, 0x0F,
    0xFF, 0xF8, 0x0F, 0xFE, 0x00, 0xBF, 0xFD, 0x0F, 0xFF, 0xF8, 0x3F, 0xFF, 0x00, 0xBF, 0xFF, 0x00,
    0xBF, 0x40, 0x3F, 0xFF, 0x00, 0x3F, 0x0F, 0x00, 0xBF, 0x00, 0xB8, 0xBE, 0x00, 0x00, 0x0B, 0x80,
    0xBF, 0x00, 0xF0, 0x04, 0x00, 0x00, 0x03, 0xC0, 0xBF, 0x01, 0xF0, 0x00, 0x00, 0x00, 0x03, 0xE0,
    0xBF, 0x03, 0xE0, 0x00, 0x00, 0x00, 0x00, 0xF0, 0xBF, 0x0B, 0xC0, 0x00, 0x00, 0x00, 0x00, 0xBC,
    0xBF, 0x6F, 0x00, 0x00, 0x00, 0x00, 0x00, 0x3F, 0xFF, 0xFE, 0x00, 0x00, 0x00, 0x00, 0x00, 0xFF,
    0xFF, 0xFF, 0xC0, 0x00, 0x00, 0x00, 0x03, 0xFE, 0xFF, 0xAF, 0xE0, 0x00, 0x00, 0x00, 0x0B, 0xF8,
    0xBF, 0x0F, 0xF0, 0x00, 0x00, 0x00, 0x0F, 0xF0, 0xBF, 0x03, 0xFC, 0x00, 0x00, 0x00, 0x3F, 0xC0,
    0xBF, 0x02, 0xFE, 0x00, 0x00, 0x00, 0xBF, 0x80, 0xBF, 0x00, 0xFF, 0x00, 0x00, 0x00, 0xFF, 0x00,
    0xBF, 0x00, 0x3F, 0xC0, 0x00, 0x03, 0xFC, 0x00, 0xBF, 0x80, 0x2F, 0xE0, 0x00, 0xBF, 0xF8, 0x0F,
    0xFF, 0xF8, 0x0F, 0xFF, 0x00, 0xBF, 0xF4, 0x0F, 0xFF, 0xF8, 0x0F, 0xFF, 0x00, 0x00, 0xA0, 0x00,
    0x68, 0x00, 0x03, 0xFC, 0x00, 0xFE, 0x00, 0x03, 0xFE, 0x02, 0xFF, 0x00, 0x03, 0xFC, 0x02, 0xFF,
    0x00, 0x00, 0xF8, 0x00, 0xBC, 0x00, 0x00, 0x00, 0x00, 0x00, 0x00, 0x00, 0x00, 0x00, 0x00, 0x00,
    0x00, 0x00, 0x00, 0x00, 0x00, 0x00, 0x00, 0x10, 0x00, 0x00, 0x02, 0xBF, 0xFF, 0xF8, 0x00, 0x2F,
    0xFF, 0xFF, 0xFF, 0x00, 0x3F, 0xF4, 0x02, 0xFF, 0xC0, 0x3F, 0xC0, 0x00, 0x3F, 0xF0, 0x3F, 0x00,
    0x00, 0x0F, 0xF8, 0x3F, 0x00, 0x00, 0x0F, 0xF8, 0x3F, 0x00, 0x00, 0x0B, 0xFC, 0x3E, 0x00, 0x00,
    0x0B, 0xF8, 0x00, 0x00, 0x00, 0x0B, 0xF4, 0x00, 0x00, 0x00, 0x0F, 0xF0, 0x00, 0x00, 0x00, 0x2F,
    0xC0, 0x00, 0x00, 0x00, 0xFF, 0x00, 0x00, 0x02, 0xAF, 0xF8, 0x00, 0x00, 0x03, 0xFF, 0xE0, 0x00,
    0x00, 0x03, 0xFF, 0xFF, 0x40, 0x00, 0x00, 0x00, 0xBF, 0xF0, 0x00, 0x00, 0x00, 0x0F, 0xF8, 0x00,
    0x00, 0x00, 0x03, 0xFC, 0x00, 0x00, 0x00, 0x02, 0xFE, 0x00, 0x00, 0x00, 0x01, 0xFF, 0x28, 0x00,
    0x00, 0x01, 0xFF, 0xBC, 0x00, 0x00, 0x02, 0xFF, 0xBE, 0x00, 0x00, 0x03, 0xFE, 0xBE, 0x00, 0x00,
    0x07, 0xFC, 0xBF, 0x00, 0x00, 0x0F, 0xFC, 0xBF, 0xC0, 0x00, 0xBF, 0xF0, 0xBF, 0xFE, 0xAB, 0xFF,
    0xC0, 0x2B, 0xFF, 0xFF, 0xFD, 0x00, 0x00, 0x06, 0xAA, 0x00, 0x00, 0x0A, 0x80, 0x02, 0x80, 0x2F,
    0xE0, 0x0F, 0xF0, 0x3F, 0xE0, 0x0F, 0xF0, 0x2F, 0xE0, 0x0F, 0xF0, 0x0B, 0x80, 0x07, 0xC0, 0x00,
    0x00, 0x00, 0x00, 0x00, 0x00, 0x00, 0x00, 0x00, 0x00, 0x00, 0x00, 0x00, 0x06, 0x80, 0x00, 0x0B,
    0xFF, 0xFF, 0x00, 0x3F, 0xFA, 0xFF, 0xE0, 0x3F, 0x00, 0x0F, 0xF8, 0x3C, 0x00, 0x07, 0xFC, 0x3C,
    0x00, 0x03, 0xFC, 0x28, 0x00, 0x03, 0xFC, 0x00, 0x00, 0x0B, 0xF8, 0x00, 0x00, 0x0F, 0xF0, 0x00,
    0x06, 0xBF, 0xC0, 0x00, 0x1F, 0xFE, 0x00, 0x00, 0x0F, 0xFF, 0xE0, 0x00, 0x00, 0x0B, 0xFC, 0x00,
    0x00, 0x02, 0xFE, 0x00, 0x00, 0x00, 0xFE, 0x10, 0x00, 0x00, 0xFF, 0xB8, 0x00, 0x01, 0xFE, 0xBC,
    0x00, 0x03, 0xFE, 0xBE, 0x00, 0x0B, 0xFC, 0xBF, 0xFA, 0xFF, 0xF0, 0x2F, 0xFF, 0xFF, 0x80, 0x00,
    0x05, 0x00, 0x00, 0x02, 0xAA, 0xAA, 0xAA, 0xAA, 0x80, 0x0B, 0xFF, 0xFF, 0xFF, 0xFF, 0xC0, 0x0B,
    0xFF, 0xFF, 0xFF, 0xFF, 0xC0, 0x0B, 0xFF, 0xFF, 0xFF, 0xFF, 0xC0, 0x0B, 0xF4, 0x00, 0x00, 0xFF,
    0x00, 0x0B, 0xE0, 0x00, 0x02, 0xFC, 0x00, 0x0B, 0xD0, 0x00, 0x0B, 0xF0, 0x00, 0x0B, 0xC0, 0x00,
    0x2F, 0xC0, 0x00, 0x0B, 0xC0, 0x00, 0xBF, 0x00, 0x00, 0x02, 0x80, 0x02, 0xFC, 0x00, 0x00, 0x00,
    0x00, 0x0B, 0xF0, 0x00, 0x00, 0x00, 0x00, 0x2F, 0xFA, 0x00, 0x00, 0x00, 0x00, 0x3F, 0xFF, 0xF8,
    0x00, 0x00, 0x00, 0x2E, 0xAF, 0xFF, 0x00, 0x00, 0x00, 0x00, 0x02, 0xFF, 0xC0, 0x00, 0x00, 0x00,
    0x00, 0xBF, 0xE0, 0x00, 0x00, 0x00, 0x00, 0x3F, 0xF0, 0x00, 0x00, 0x00, 0x00, 0x3F, 0xF0, 0x00,
    0x00, 0x00, 0x00, 0x2F, 0xF0, 0x02, 0x80, 0x00, 0x00, 0x2F, 0xF0, 0x2F, 0xD0, 0x00, 0x00, 0x2F,
    0xF0, 0x3F, 0xE0, 0x00, 0x00, 0x3F, 0xF0, 0x3F, 0xF0, 0x00, 0x00, 0x3F, 0xF0, 0x3F, 0xF0, 0x00,
    0x00, 0xBF, 0xE0, 0x2F, 0xF0, 0x00, 0x02, 0xFF, 0xC0, 0x0F, 0xFE, 0x00, 0x1F, 0xFF, 0x00, 0x03,
    0xFF, 0xFF, 0xFF, 0xF8, 0x00, 0x00, 0xBF, 0xFF, 0xFF, 0x80, 0x00, 0x00, 0x00, 0xAA, 0x80, 0x00,
    0x00, 0x00, 0x00, 0x00, 0x00, 0x00, 0x00, 0x0B, 0xFF, 0xFF, 0xFF, 0xFC, 0x00, 0x0B, 0xFF, 0xFF,
    0xFF, 0xFC, 0x00, 0x0B, 0xFF, 0xFF, 0xFF, 0xFC, 0x00, 0x0B, 0xFA, 0xAA, 0xAF, 0xF8, 0x00, 0x0B,
    0xC0, 0x00, 0x0B, 0xE0, 0x00, 0x0B, 0xC0, 0x00, 0x2F, 0x80, 0x00, 0x0B, 0xC0, 0x00, 0xBF, 0x00,
    0x00, 0x0A, 0x80, 0x02, 0xFC, 0x00, 0x00, 0x00, 0x00, 0x03, 0xF0, 0x00, 0x00, 0x00, 0x00, 0x0F,
    0xC0, 0x00, 0x00, 0x00, 0x00, 0x3F, 0x00, 0x00, 0x00, 0x00, 0x00, 0xFE, 0x00, 0x00, 0x00, 0x00,
    0x03, 0xFF, 0xF8, 0x00, 0x00, 0x00, 0x00, 0xAB, 0xFF, 0x80, 0x00, 0x00, 0x00, 0x00, 0x7F, 0xE0,
    0x00, 0x00, 0x00, 0x00, 0x0F, 0xF8, 0x00, 0x00, 0x00, 0x00, 0x07, 0xFC, 0x00, 0x00, 0x00, 0x00,
    0x03, 0xFE, 0x00, 0x00, 0x00, 0x00, 0x02, 0xFF, 0x00, 0x00, 0x00, 0x00, 0x01, 0xFF, 0x00, 0x00,
    0x00, 0x00, 0x01, 0xFF, 0x00, 0x00, 0x00, 0x00, 0x02, 0xFF, 0x00, 0x0F, 0x80, 0x00, 0x03, 0xFE,
    0x00, 0x3F, 0xC0, 0x00, 0x03, 0xFC, 0x00, 0x3F, 0xE0, 0x00, 0x0F, 0xFC, 0x00, 0x3F, 0xF0, 0x00,
    0x2F, 0xF0, 0x00, 0x2F, 0xF8, 0x00, 0xFF, 0xC0, 0x00, 0x07, 0xFF, 0xFF, 0xFE, 0x00, 0x00, 0x00,
    0xBF, 0xFF, 0xE0, 0x00, 0x00, 0x00, 0x00, 0x00, 0x00, 0x00, 0x00, 0x00, 0x03, 0xFF, 0xFF, 0xFF,
    0x80, 0x00, 0x00, 0x03, 0xFF, 0xFF, 0xFF, 0x80, 0x00, 0x00, 0x03, 0xFF, 0xFF, 0xFF, 0x80, 0x00,
    0x00, 0x00, 0x00, 0x00, 0x00, 0x00, 0x00, 0x00, 0x00, 0x00, 0x00, 0x00, 0x00, 0x00, 0x00, 0x00,
    0x00, 0x00, 0x00, 0x00, 0x00, 0x00, 0x00, 0x00, 0x00, 0x00, 0x00, 0x00, 0xAA, 0xAA, 0xA8, 0x00,
    0xAA, 0xAA, 0xA8, 0xBF, 0xFF, 0xFC, 0x00, 0xBF, 0xFF, 0xFC, 0x0B, 0xFF, 0x40, 0x00, 0x03, 0xFF,
    0x80, 0x02, 0xFE, 0x00, 0x00, 0x01, 0xFF, 0x00, 0x02, 0xFE, 0x00, 0x00, 0x02, 0xFF, 0x00, 0x02,
    0xFE, 0x00, 0x00, 0x03, 0xFF, 0x00, 0x02, 0xFE, 0x00, 0x00, 0x0F, 0xFF, 0x00, 0x02, 0xFE, 0x00,
    0x00, 0x3F, 0xFF, 0x00, 0x02, 0xFE, 0x00, 0x00, 0xFF, 0xFF, 0x00, 0x02, 0xFE, 0x00, 0x02, 0xFE,
    0xFF, 0x00, 0x02, 0xFE, 0x00, 0x0B, 0xF1, 0xFF, 0x00, 0x02, 0xFE, 0x00, 0x0F, 0xC1, 0xFF, 0x00,
    0x02, 0xFE, 0x00, 0x3F, 0x01, 0xFF, 0x00, 0x02, 0xFE, 0x00, 0xFE, 0x01, 0xFF, 0x00, 0x02, 0xFE,
    0x02, 0xF8, 0x01, 0xFF, 0x00, 0x02, 0xFE, 0x0B, 0xF0, 0x01, 0xFF, 0x00, 0x02, 0xFE, 0x1F, 0xC0,
    0x01, 0xFF, 0x00, 0x02, 0xFE, 0x3F, 0x00, 0x01, 0xFF, 0x00, 0x02, 0xFE, 0xFD, 0x00, 0x01, 0xFF,
    0x00, 0x02, 0xFF, 0xF8, 0x00, 0x01, 0xFF, 0x00, 0x02, 0xFF, 0xE0, 0x00, 0x01, 0xFF, 0x00, 0x02,
    0xFF, 0xC0, 0x00, 0x01, 0xFF, 0x00, 0x02, 0xFF, 0x00, 0x00, 0x01, 0xFF, 0x00, 0x02, 0xFE, 0x00,
    0x00, 0x01, 0xFF, 0x00, 0x02, 0xFE, 0x00, 0x00, 0x01, 0xFF, 0x00, 0x03, 0xFF, 0x00, 0x00, 0x02,
    0xFF, 0x40, 0xBF, 0xFF, 0xFC, 0x00, 0xBF, 0xFF, 0xFC, 0xBF, 0xFF, 0xFC, 0x00, 0xBF, 0xFF, 0xFC,
    0x00, 0xBF, 0xFF, 0xFF, 0xF0, 0x00, 0x00, 0xBF, 0xFF, 0xFF, 0xF0, 0x00, 0x00, 0xBF, 0xFF, 0xFF,
    0xF0, 0x00, 0x00, 0x00, 0x00, 0x00, 0x00, 0x00, 0x00, 0x00, 0x00, 0x00, 0x00, 0x00, 0x00, 0x00,
    0x00, 0x00, 0x00, 0x00, 0x00, 0x00, 0x00, 0x00, 0x00, 0x00, 0xBF, 0xFF, 0xC0, 0x2F, 0xFF, 0xF8,
    0xBF, 0xFF, 0xC0, 0x0F, 0xFF, 0xF4, 0x0B, 0xF8, 0x00, 0x00, 0xFF, 0x00, 0x07, 0xF8, 0x00, 0x01,
    0xFF, 0x00, 0x07, 0xF8, 0x00, 0x03, 0xFF, 0x00, 0x07, 0xF8, 0x00, 0x0F, 0xFF, 0x00, 0x07, 0xF8,
    0x00, 0x3C, 0xFF, 0x00, 0x07, 0xF8, 0x00, 0xF8, 0xFF, 0x00, 0x07, 0xF8, 0x02, 0xE0, 0xFF, 0x00,
    0x07, 0xF8, 0x0B, 0x80, 0xFF, 0x00, 0x07, 0xF8, 0x2F, 0x00, 0xFF, 0x00, 0x07, 0xF8, 0x3C, 0x00,
    0xFF, 0x00, 0x07, 0xF8, 0xF0, 0x00, 0xFF, 0x00, 0x07, 0xFF, 0xC0, 0x00, 0xFF, 0x00, 0x07, 0xFF,
    0x00, 0x00, 0xFF, 0x00, 0x07, 0xFE, 0x00, 0x00, 0xFF, 0x00, 0x07, 0xF8, 0x00, 0x00, 0xFF, 0x00,
    0x0B, 0xF8, 0x00, 0x00, 0xFF, 0x00, 0xBF, 0xFF, 0xC0, 0x1F, 0xFF, 0xF8, 0xBF, 0xFF, 0xC0, 0x2F,
    0xFF, 0xF8, 0x00, 0x00, 0xA8, 0x00, 0x28, 0x00, 0x00, 0x00, 0x02, 0xFE, 0x00, 0xFF, 0x00, 0x00,
    0x00, 0x03, 0xFE, 0x01, 0xFF, 0x00, 0x00, 0x00, 0x02, 0xFE, 0x00, 0xFF, 0x00, 0x00, 0x00, 0x00,
    0xB8, 0x00, 0xBC, 0x00, 0x00, 0x00, 0x00, 0x00, 0x00, 0x00, 0x00, 0x00, 0x00, 0x00, 0x00, 0x00,
    0x00, 0x00, 0x00, 0x00, 0x00, 0x00, 0x00, 0x00, 0x00, 0x00, 0x00, 0x00, 0x00, 0x00, 0x00, 0x00,
    0x00, 0xAA, 0xAA, 0xA8, 0x00, 0xAA, 0xAA, 0xA8, 0xBF, 0xFF, 0xFC, 0x00, 0xBF, 0xFF, 0xFC, 0x0B,
    0xFF, 0x40, 0x00, 0x03, 0xFF, 0x80, 0x02, 0xFE, 0x00, 0x00, 0x01, 0xFF, 0x00, 0x02, 0xFE, 0x00,
    0x00, 0x02, 0xFF, 0x00, 0x02, 0xFE, 0x00, 0x00, 0x03, 0xFF, 0x00, 0x02, 0xFE, 0x00, 0x00, 0x0F,
    0xFF, 0x00, 0x02, 0xFE, 0x00, 0x00, 0x3F, 0xFF, 0x00, 0x02, 0xFE, 0x00, 0x00, 0xFF, 0xFF, 0x00,
    0x02, 0xFE, 0x00, 0x02, 0xFE, 0xFF, 0x00, 0x02, 0xFE, 0x00, 0x0B, 0xF1, 0xFF, 0x00, 0x02, 0xFE,
    0x00, 0x0F, 0xC1, 0xFF, 0x00, 0x02, 0xFE, 0x00, 0x3F, 0x01, 0xFF, 0x00, 0x02, 0xFE, 0x00, 0xFE,
    0x01, 0xFF, 0x00, 0x02, 0xFE, 0x02, 0xF8, 0x01, 0xFF, 0x00, 0x02, 0xFE, 0x0B, 0xF0, 0x01, 0xFF,
    0x00, 0x02, 0xFE, 0x1F, 0xC0, 0x01, 0xFF, 0x00, 0x02, 0xFE, 0x3F, 0x00, 0x01, 0xFF, 0x00, 0x02,
    0xFE, 0xFD, 0x00, 0x01, 0xFF, 0x00, 0x02, 0xFF, 0xF8, 0x00, 0x01, 0xFF, 0x00, 0x02, 0xFF, 0xE0,
    0x00, 0x01, 0xFF, 0x00, 0x02, 0xFF, 0xC0, 0x00, 0x01, 0xFF, 0x00, 0x02, 0xFF, 0x00, 0x00, 0x01,
    0xFF, 0x00, 0x02, 0xFE, 0x00, 0x00, 0x01, 0xFF, 0x00, 0x02, 0xFE, 0x00, 0x00, 0x01, 0xFF, 0x00,
    0x03, 0xFF, 0x00, 0x00, 0x02, 0xFF, 0x40, 0xBF, 0xFF, 0xFC, 0x00, 0xBF, 0xFF, 0xFC, 0xBF, 0xFF,
    0xFC, 0x00, 0xBF, 0xFF, 0xFC, 0x00, 0x0A, 0x00, 0x0A, 0x80, 0x00, 0x00, 0x3F, 0xC0, 0x1F, 0xE0,
    0x00, 0x00, 0x3F, 0xD0, 0x2F, 0xF0, 0x00, 0x00, 0x3F, 0xC0, 0x2F, 0xE0, 0x00, 0x00, 0x0F, 0x80,
    0x0B, 0xC0, 0x00, 0x00, 0x00, 0x00, 0x00, 0x00, 0x00, 0x00, 0x00, 0x00, 0x00, 0x00, 0x00, 0x00,
    0x00, 0x00, 0x00, 0x00, 0x00, 0x00, 0x00, 0x00, 0x00, 0x00, 0x00, 0xBF, 0xFF, 0xC0, 0x2F, 0xFF,
    0xF8, 0xBF, 0xFF, 0xC0, 0x0F, 0xFF, 0xF4, 0x0B, 0xF8, 0x00, 0x00, 0xFF, 0x00, 0x07, 0xF8, 0x00,
    0x01, 0xFF, 0x00, 0x07, 0xF8, 0x00, 0x03, 0xFF, 0x00, 0x07, 0xF8, 0x00, 0x0F, 0xFF, 0x00, 0x07,
    0xF8, 0x00, 0x3C, 0xFF, 0x00, 0x07, 0xF8, 0x00, 0xF8, 0xFF, 0x00, 0x07, 0xF8, 0x02, 0xE0, 0xFF,
    0x00, 0x07, 0xF8, 0x0B, 0x80, 0xFF, 0x00, 0x07, 0xF8, 0x2F, 0x00, 0xFF, 0x00, 0x07, 0xF8, 0x3C,
    0x00, 0xFF, 0x00, 0x07, 0xF8, 0xF0, 0x00, 0xFF, 0x00, 0x07, 0xFF, 0xC0, 0x00, 0xFF, 0x00, 0x07,
    0xFF, 0x00, 0x00, 0xFF, 0x00, 0x07, 0xFE, 0x00, 0x00, 0xFF, 0x00, 0x07, 0xF8, 0x00, 0x00, 0xFF,
    0x00, 0x0B, 0xF8, 0x00, 0x00, 0xFF, 0x00, 0xBF, 0xFF, 0xC0, 0x1F, 0xFF, 0xF8, 0xBF, 0xFF, 0xC0,
    0x2F, 0xFF, 0xF8, 0x00, 0x00, 0x68, 0x00, 0x29, 0x00, 0x00, 0x00, 0x00, 0xFF, 0x00, 0xFF, 0x00,
    0x00, 0x00, 0x02, 0xFF, 0x00, 0xFF, 0x80, 0x00, 0x00, 0x01, 0xFF, 0x00, 0xFF, 0x00, 0x00, 0x00,
    0x00, 0xBC, 0x00, 0x3E, 0x00, 0x00, 0x00, 0x00, 0x00, 0x00, 0x00, 0x00, 0x00, 0x00, 0x00, 0x00,
    0x00, 0x00, 0x00, 0x00, 0x00, 0x00, 0x00, 0x00, 0x00, 0x00, 0x00, 0x00, 0x00, 0x00, 0x00, 0x00,
    0x00, 0x00, 0x00, 0x00, 0x2F, 0xFF, 0xF8, 0x00, 0x00, 0x00, 0x03, 0xFF, 0xFF, 0xFF, 0xC0, 0x00,
    0x00, 0x2F, 0xFE, 0x00, 0xBF, 0xF4, 0x00, 0x00, 0xBF, 0xE0, 0x00, 0x0B, 0xFE, 0x00, 0x01, 0xFF,
    0x80, 0x00, 0x02, 0xFF, 0x00, 0x03, 0xFE, 0x00, 0x00, 0x00, 0xFF, 0xC0, 0x0B, 0xFC, 0x00, 0x00,
    0x00, 0x3F, 0xE0, 0x0F, 0xF8, 0x00, 0x00, 0x00, 0x3F, 0xF0, 0x2F, 0xF0, 0x00, 0x00, 0x00, 0x0F,
    0xF8, 0x3F, 0xF0, 0x00, 0x00, 0x00, 0x0F, 0xFC, 0x3F, 0xF0, 0x00, 0x00, 0x00, 0x0F, 0xFC, 0x3F,
    0xE0, 0x00, 0x00, 0x00, 0x0B, 0xFC, 0x3F, 0xE0, 0x00, 0x00, 0x00, 0x0B, 0xFC, 0xBF, 0xE0, 0x00,
    0x00, 0x00, 0x0B, 0xFD, 0xBF, 0xE0, 0x00, 0x00, 0x00, 0x0B, 0xFD, 0x7F, 0xE0, 0x00, 0x00, 0x00,
    0x0B, 0xFC, 0x3F, 0xE0, 0x00, 0x00, 0x00, 0x0B, 0xFC, 0x3F, 0xE0, 0x00, 0x00, 0x00, 0x0F, 0xFC,
    0x3F, 0xF0, 0x00, 0x00, 0x00, 0x0F, 0xFC, 0x2F, 0xF0, 0x00, 0x00, 0x00, 0x0F, 0xF8, 0x0F, 0xF8,
    0x00, 0x00, 0x00, 0x2F, 0xF0, 0x0F, 0xFC, 0x00, 0x00, 0x00, 0x3F, 0xE0, 0x03, 0xFE, 0x00, 0x00,
    0x00, 0xBF, 0xC0, 0x02, 0xFF, 0x40, 0x00, 0x02, 0xFF, 0x80, 0x00, 0xBF, 0xC0, 0x00, 0x07, 0xFE,
    0x00, 0x00, 0x2F, 0xF8, 0x00, 0x2F, 0xF8, 0x00, 0x00, 0x07, 0xFF, 0xFF, 0xFF, 0xC0, 0x00, 0x00,
    0x00, 0xBF, 0xFF, 0xFE, 0x00, 0x00, 0x00, 0x00, 0x01, 0xAA, 0x00, 0x00, 0x00, 0x00, 0x28, 0x00,
    0x2A, 0x00, 0x00, 0x00, 0xFF, 0x00, 0xBF, 0x80, 0x00, 0x01, 0xFF, 0x00, 0xFF, 0x80, 0x00, 0x00,
    0xFF, 0x00, 0xBF, 0x80, 0x00, 0x00, 0xBC, 0x00, 0x2E, 0x00, 0x00, 0x00, 0x00, 0x00, 0x00, 0x00,
    0x00, 0x00, 0x00, 0x00, 0x00, 0x00, 0x00, 0x00, 0x00, 0x00, 0x00, 0x00, 0x00, 0x00, 0x00, 0x18,
    0x00, 0x00, 0x00, 0x00, 0x1F, 0xFF, 0xF8, 0x00, 0x00, 0x00, 0xFF, 0xEB, 0xFF, 0x00, 0x00, 0x03,
    0xFE, 0x00, 0x3F, 0xD0, 0x00, 0x0B, 0xF8, 0x00, 0x0F, 0xF0, 0x00, 0x1F, 0xF0, 0x00, 0x0B, 0xF8,
    0x00, 0x3F, 0xE0, 0x00, 0x03, 0xFC, 0x00, 0x3F, 0xC0, 0x00, 0x03, 0xFE, 0x00, 0x7F, 0xC0, 0x00,
    0x02, 0xFE, 0x00, 0xBF, 0xC0, 0x00, 0x02, 0xFF, 0x00, 0xBF, 0xC0, 0x00, 0x02, 0xFF, 0x00, 0xBF,
    0xC0, 0x00, 0x02, 0xFF, 0x00, 0xBF, 0xC0, 0x00, 0x02, 0xFF, 0x00, 0x7F, 0xC0, 0x00, 0x02, 0xFE,
    0x00, 0x3F, 0xC0, 0x00, 0x03, 0xFE, 0x00, 0x3F, 0xE0, 0x00, 0x03, 0xFC, 0x00, 0x1F, 0xF0, 0x00,
    0x0B, 0xF8, 0x00, 0x0F, 0xF8, 0x00, 0x0F, 0xF0, 0x00, 0x03, 0xFE, 0x00, 0x7F, 0xC0, 0x00, 0x00,
    0xFF, 0xEB, 0xFF, 0x00, 0x00, 0x00, 0x0F, 0xFF, 0xF8, 0x00, 0x00, 0x00, 0x00, 0x14, 0x00, 0x00,
    0x00, 0x00, 0x00, 0x00, 0x00, 0x00, 0x00, 0x00, 0x00, 0x00, 0x2F, 0xFF, 0xF8, 0x00, 0x00, 0x00,
    0x03, 0xFF, 0xFF, 0xFF, 0xC0, 0x00, 0x00, 0x2F, 0xFE, 0x00, 0xBF, 0xF4, 0x00, 0x00, 0xBF, 0xE0,
    0x00, 0x0B, 0xFE, 0x00, 0x01, 0xFF, 0x80, 0x00, 0x02, 0xFF, 0x00, 0x03, 0xFE, 0x00, 0x00, 0x00,
    0xFF, 0xC0, 0x0B, 0xFC, 0x00, 0x00, 0x00, 0x3F, 0xE0, 0x0F, 0xF8, 0x00, 0x00, 0x00, 0x2F, 0xF0,
    0x2F, 0xF0, 0x00, 0x00, 0x00, 0x0F, 0xF8, 0x3F, 0xF0, 0x00, 0x00, 0x00, 0x0F, 0xFC, 0x3F, 0xF0,
    0x00, 0x00, 0x00, 0x0F, 0xFC, 0x3F, 0xE0, 0x00, 0x00, 0x00, 0x0B, 0xFC, 0x3F, 0xE0, 0x00, 0x00,
    0x00, 0x0B, 0xFC, 0xBF, 0xFF, 0xFF, 0xFF, 0xFF, 0xFF, 0xFD, 0xBF, 0xFF, 0xFF, 0xFF, 0xFF, 0xFF,
    0xFD, 0x7F, 0xE0, 0x00, 0x00, 0x00, 0x0B, 0xFC, 0x3F, 0xE0, 0x00, 0x00, 0x00, 0x0B, 0xFC, 0x3F,
    0xE0, 0x00, 0x00, 0x00, 0x0F, 0xFC, 0x3F, 0xF0, 0x00, 0x00, 0x00, 0x0F, 0xFC, 0x2F, 0xF0, 0x00,
    0x00, 0x00, 0x0F, 0xF8, 0x0F, 0xF8, 0x00, 0x00, 0x00, 0x2F, 0xF0, 0x0F, 0xFC, 0x00, 0x00, 0x00,
    0x3F, 0xE0, 0x03, 0xFE, 0x00, 0x00, 0x00, 0xBF, 0xC0, 0x02, 0xFF, 0x40, 0x00, 0x02, 0xFF, 0x80,
    0x00, 0xBF, 0xD0, 0x00, 0x07, 0xFE, 0x00, 0x00, 0x2F, 0xFC, 0x00, 0x3F, 0xF8, 0x00, 0x00, 0x07,
    0xFF, 0xFF, 0xFF, 0xC0, 0x00, 0x00, 0x00, 0xBF, 0xFF, 0xFE, 0x00, 0x00, 0x00, 0x00, 0x01, 0xAA,
    0x00, 0x00, 0x00, 0x00, 0x00, 0x18, 0x00, 0x00, 0x00, 0x00, 0x1F, 0xFF, 0xF8, 0x00, 0x00, 0x00,
    0xFF, 0xEB, 0xFF, 0x00, 0x00, 0x03, 0xFE, 0x00, 0x3F, 0xD0, 0x00, 0x0B, 0xF8, 0x00, 0x0F, 0xF0,
    0x00, 0x1F, 0xF0, 0x00, 0x0B, 0xF8, 0x00, 0x3F, 0xE0, 0x00, 0x03, 0xFC, 0x00, 0x3F, 0xC0, 0x00,
    0x03, 0xFE, 0x00, 0x7F, 0xC0, 0x00, 0x02, 0xFE, 0x00, 0xBF, 0xC0, 0x00, 0x02, 0xFF, 0x00, 0xBF,
    0xFF, 0xFF, 0xFF, 0xFF, 0x00, 0xBF, 0xFF, 0xFF, 0xFF, 0xFF, 0x00, 0xBF, 0xC0, 0x00, 0x02, 0xFF,
    0x00, 0x7F, 0xC0, 0x00, 0x02, 0xFE, 0x00, 0x3F, 0xC0, 0x00, 0x03, 0xFE, 0x00, 0x3F, 0xE0, 0x00,
    0x03, 0xFC, 0x00, 0x1F, 0xF0, 0x00, 0x0B, 0xF8, 0x00, 0x0F, 0xF8, 0x00, 0x0F, 0xF0, 0x00, 0x03,
    0xFE, 0x00, 0x7F, 0xC0, 0x00, 0x00, 0xFF, 0xEB, 0xFF, 0x00, 0x00, 0x00, 0x0F, 0xFF, 0xF8, 0x00,
    0x00, 0x00, 0x00, 0x14, 0x00, 0x00, 0x00, 0x00, 0x00, 0x68, 0x00, 0x29, 0x00, 0x00, 0x00, 0x00,
    0xFF, 0x00, 0xFF, 0x00, 0x00, 0x00, 0x02, 0xFF, 0x00, 0xFF, 0x80, 0x00, 0x00, 0x01, 0xFF, 0x00,
    0xFF, 0x00, 0x00, 0x00, 0x00, 0xBC, 0x00, 0x3E, 0x00, 0x00, 0x00, 0x00, 0x00, 0x00, 0x00, 0x00,
    0x00, 0x00, 0x00, 0x00, 0x00, 0x00, 0x00, 0x00, 0x00, 0x00, 0x00, 0x00, 0x00, 0x00, 0x00, 0x00,
    0x00, 0x00, 0x00, 0x00, 0x00, 0x00, 0x00, 0x00, 0x2F, 0xFF, 0xF8, 0x00, 0x00, 0x00, 0x03, 0xFF,
    0xFF, 0xFF, 0xC0, 0x00, 0x00, 0x2F, 0xFE, 0x00, 0xBF, 0xF4, 0x00, 0x00, 0xBF, 0xE0, 0x00, 0x0B,
    0xFE, 0x00, 0x01, 0xFF, 0x80, 0x00, 0x02, 0xFF, 0x00, 0x03, 0xFE, 0x00, 0x00, 0x00, 0xFF, 0xC0,
    0x0B, 0xFC, 0x00, 0x00, 0x00, 0x3F, 0xE0, 0x0F, 0xF8, 0x00, 0x00, 0x00, 0x2F, 0xF0, 0x2F, 0xF0,
    0x00, 0x00, 0x00, 0x0F, 0xF8, 0x3F, 0xF0, 0x00, 0x00, 0x00, 0x0F, 0xFC, 0x3F, 0xF0, 0x00, 0x00,
    0x00, 0x0F, 0xFC, 0x3F, 0xE0, 0x00, 0x00, 0x00, 0x0B, 0xFC, 0x3F, 0xE0, 0x00, 0x00, 0x00, 0x0B,
    0xFC, 0xBF, 0xFF, 0xFF, 0xFF, 0xFF, 0xFF, 0xFD, 0xBF, 0xFF, 0xFF, 0xFF, 0xFF, 0xFF, 0xFD, 0x7F,
    0xE0, 0x00, 0x00, 0x00, 0x0B, 0xFC, 0x3F, 0xE0, 0x00, 0x00, 0x00, 0x0B, 0xFC, 0x3F, 0xE0, 0x00,
    0x00, 0x00, 0x0F, 0xFC, 0x3F, 0xF0, 0x00, 0x00, 0x00, 0x0F, 0xFC, 0x2F, 0xF0, 0x00, 0x00, 0x00,
    0x0F, 0xF8, 0x0F, 0xF8, 0x00, 0x00, 0x00, 0x2F, 0xF0, 0x0F, 0xFC, 0x00, 0x00, 0x00, 0x3F, 0xE0,
    0x03, 0xFE, 0x00, 0x00, 0x00, 0xBF, 0xC0, 0x02, 0xFF, 0x40, 0x00, 0x02, 0xFF, 0x80, 0x00, 0xBF,
    0xD0, 0x00, 0x07, 0xFE, 0x00, 0x00, 0x2F, 0xFC, 0x00, 0x3F, 0xF8, 0x00, 0x00, 0x07, 0xFF, 0xFF,
    0xFF, 0xC0, 0x00, 0x00, 0x00, 0xBF, 0xFF, 0xFE, 0x00, 0x00, 0x00, 0x00, 0x01, 0xAA, 0x00, 0x00,
    0x00, 0x00, 0x28, 0x00, 0x2A, 0x00, 0x00, 0x00, 0xFF, 0x00, 0xBF, 0x80, 0x00, 0x01, 0xFF, 0x00,
    0xFF, 0x80, 0x00, 0x00, 0xFF, 0x00, 0xBF, 0x80, 0x00, 0x00, 0xBC, 0x00, 0x2E, 0x00, 0x00, 0x00,
    0x00, 0x00, 0x00, 0x00, 0x00, 0x00, 0x00, 0x00, 0x00, 0x00, 0x00, 0x00, 0x00, 0x00, 0x00, 0x00,
    0x00, 0x00, 0x00, 0x18, 0x00, 0x00, 0x00, 0x00, 0x1F, 0xFF, 0xF8, 0x00, 0x00, 0x00, 0xFF, 0xEB,
    0xFF, 0x00, 0x00, 0x03, 0xFE, 0x00, 0x3F, 0xD0, 0x00, 0x0B, 0xF8, 0x00, 0x0F, 0xF0, 0x00, 0x1F,
    0xF0, 0x00, 0x0B, 0xF8, 0x00, 0x3F, 0xE0, 0x00, 0x03, 0xFC, 0x00, 0x3F, 0xC0, 0x00, 0x03, 0xFE,
    0x00, 0x7F, 0xC0, 0x00, 0x02, 0xFE, 0x00, 0xBF, 0xC0, 0x00, 0x02, 0xFF, 0x00, 0xBF, 0xFF, 0xFF,
    0xFF, 0xFF, 0x00, 0xBF, 0xFF, 0xFF, 0xFF, 0xFF, 0x00, 0xBF, 0xC0, 0x00, 0x02, 0xFF, 0x00, 0x7F,
    0xC0, 0x00, 0x02, 0xFE, 0x00, 0x3F, 0xC0, 0x00, 0x03, 0xFE, 0x00, 0x3F, 0xE0, 0x00, 0x03, 0xFC,
    0x00, 0x1F, 0xF0, 0x00, 0x0B, 0xF8, 0x00, 0x0F, 0xF8, 0x00, 0x0F, 0xF0, 0x00, 0x03, 0xFE, 0x00,
    0x7F, 0xC0, 0x00, 0x00, 0xFF, 0xEB, 0xFF, 0x00, 0x00, 0x00, 0x0F, 0xFF, 0xF8, 0x00, 0x00, 0x00,
    0x00, 0x14, 0x00, 0x00, 0x00, 0x00, 0x0A, 0x00, 0x0A, 0x40, 0x00, 0x00, 0x3F, 0xC0, 0x3F, 0xC0,
    0x00, 0x00, 0xBF, 0xC0, 0x3F, 0xE0, 0x00, 0x00, 0x3F, 0xC0, 0x3F, 0xD0, 0x00, 0x00, 0x2F, 0x00,
    0x0F, 0x80, 0x00, 0x00, 0x00, 0x00, 0x00, 0x00, 0x00, 0x00, 0x00, 0x00, 0x00, 0x00, 0x00, 0x00,
    0x00, 0x00, 0x00, 0x00, 0x00, 0x00, 0x00, 0x40, 0x00, 0x00, 0x00, 0x0B, 0xFF, 0xFF, 0xE4, 0x00,
    0x00, 0xBF, 0xFF, 0xFF, 0xFF, 0x40, 0x00, 0xBF, 0xE0, 0x01, 0xFF, 0xE0, 0x00, 0xBF, 0x00, 0x00,
    0x0F, 0xFC, 0x00, 0xBE, 0x00, 0x00, 0x03, 0xFF, 0x00, 0xBC, 0x00, 0x00, 0x00, 0xFF, 0x80, 0xBC,
    0x00, 0x00, 0x00, 0x3F, 0xC0, 0x28, 0x00, 0x00, 0x00, 0x2F, 0xE0, 0x00, 0x00, 0x00, 0x00, 0x0F,
    0xF0, 0x00, 0x00, 0x00, 0x00, 0x0F, 0xF8, 0x00, 0x00, 0x00, 0x00, 0x0B, 0xF8, 0x00, 0x00, 0x00,
    0x00, 0x0B, 0xFC, 0x00, 0x00, 0x00, 0x00, 0x0B, 0xFC, 0x00, 0x03, 0xFF, 0xFF, 0xFF, 0xFC, 0x00,
    0x02, 0xFF, 0xFF, 0xFF, 0xFC, 0x00, 0x00, 0x00, 0x00, 0x0B, 0xFC, 0x00, 0x00, 0x00, 0x00, 0x0B,
    0xFC, 0x00, 0x00, 0x00, 0x00, 0x0F, 0xF8, 0x00, 0x00, 0x00, 0x00, 0x0F, 0xF4, 0x00, 0x00, 0x00,
    0x00, 0x0F, 0xF0, 0x28, 0x00, 0x00, 0x00, 0x3F, 0xE0, 0xBC, 0x00, 0x00, 0x00, 0x3F, 0xC0, 0xBC,
    0x00, 0x00, 0x00, 0xFF, 0x80, 0xBE, 0x00, 0x00, 0x03, 0xFF, 0x00, 0xBF, 0x00, 0x00, 0x0F, 0xFC,
    0x00, 0xBF, 0x40, 0x00, 0xBF, 0xF0, 0x00, 0xBF, 0xFF, 0xFF, 0xFF, 0x80, 0x00, 0x2B, 0xFF, 0xFF,
    0xF8, 0x00, 0x00, 0x00, 0x06, 0xA8, 0x00, 0x00, 0x00, 0x0A, 0x80, 0x02, 0x80, 0x00, 0x2F, 0xE0,
    0x0F, 0xF0, 0x00, 0x2F, 0xF0, 0x0F, 0xF0, 0x00, 0x2F, 0xE0, 0x0F, 0xF0, 0x00, 0x0B, 0x80, 0x03,
    0xE0, 0x00, 0x00, 0x00, 0x00, 0x00, 0x00, 0x00, 0x00, 0x00, 0x00, 0x00, 0x00, 0x00, 0x00, 0x00,
    0x00, 0x00, 0x28, 0x00, 0x00, 0x00, 0x7F, 0xFF, 0xF8, 0x00, 0x00, 0xBF, 0xAA, 0xFF, 0x80, 0x00,
    0xBC, 0x00, 0x1F, 0xF0, 0x00, 0xB8, 0x00, 0x03, 0xF8, 0x00, 0xB8, 0x00, 0x02, 0xFC, 0x00, 0x20,
    0x00, 0x00, 0xFE, 0x00, 0x00, 0x00, 0x00, 0xFF, 0x00, 0x00, 0x00, 0x00, 0xFF, 0x00, 0x00, 0x00,
    0x00, 0xFF, 0x40, 0x00, 0x3F, 0xFF, 0xFF, 0x80, 0x00, 0x3F, 0xFF, 0xFF, 0x80, 0x00, 0x00, 0x00,
    0xFF, 0x40, 0x00, 0x00, 0x00, 0xFF, 0x00, 0x00, 0x00, 0x00, 0xFF, 0x00, 0x60, 0x00, 0x01, 0xFE,
    0x00, 0xB8, 0x00, 0x03, 0xFC, 0x00, 0xB8, 0x00, 0x0B, 0xF4, 0x00, 0xBC, 0x00, 0x2F, 0xE0, 0x00,
    0xBF, 0xAA, 0xFF, 0x80, 0x00, 0x2F, 0xFF, 0xF8, 0x00, 0x00, 0x00, 0x14, 0x00, 0x00, 0x00, 0x00,
    0x00, 0xBF, 0xFF, 0xFF, 0xF0, 0x00, 0x00, 0x00, 0x00, 0xBF, 0xFF, 0xFF, 0xF0, 0x00, 0x00, 0x00,
    0x00, 0xBF, 0xFF, 0xFF, 0xF0, 0x00, 0x00, 0x00, 0x00, 0x00, 0x00, 0x00, 0x00, 0x00, 0x00, 0x00,
    0x00, 0x00, 0x00, 0x00, 0x00, 0x00, 0x00, 0x00, 0x00, 0x00, 0x00, 0x00, 0x00, 0x00, 0x00, 0x00,
    0x00, 0x00, 0x00, 0x00, 0x00, 0x00, 0x00, 0xAA, 0xAA, 0xAA, 0x00, 0x02, 0xAA, 0xAA, 0x00, 0xFF,
    0xFF, 0xFF, 0x00, 0x07, 0xFF, 0xFF, 0x80, 0x02, 0xFF, 0xC0, 0x00, 0x00, 0x2F, 0xE4, 0x00, 0x00,
    0xFF, 0xC0, 0x00, 0x00, 0x0F, 0xC0, 0x00, 0x00, 0xBF, 0xE0, 0x00, 0x00, 0x3F, 0x40, 0x00, 0x00,
    0x3F, 0xF0, 0x00, 0x00, 0x3F, 0x00, 0x00, 0x00, 0x2F, 0xF8, 0x00, 0x00, 0xFE, 0x00, 0x00, 0x00,
    0x0F, 0xFC, 0x00, 0x00, 0xFC, 0x00, 0x00, 0x00, 0x0B, 0xFE, 0x00, 0x02, 0xF8, 0x00, 0x00, 0x00,
    0x03, 0xFF, 0x00, 0x03, 0xF0, 0x00, 0x00, 0x00, 0x02, 0xFF, 0x80, 0x0B, 0xE0, 0x00, 0x00, 0x00,
    0x00, 0xFF, 0xC0, 0x0F, 0xC0, 0x00, 0x00, 0x00, 0x00, 0x7F, 0xE0, 0x2F, 0x80, 0x00, 0x00, 0x00,
    0x00, 0x3F, 0xF0, 0x3F, 0x00, 0x00, 0x00, 0x00, 0x00, 0x0F, 0xF8, 0xBE, 0x00, 0x00, 0x00, 0x00,
    0x00, 0x0F, 0xFC, 0xFC, 0x00, 0x00, 0x00, 0x00, 0x00, 0x03, 0xFF, 0xF8, 0x00, 0x00, 0x00, 0x00,
    0x00, 0x02, 0xFF, 0xF0, 0x00, 0x00, 0x00, 0x00, 0x00, 0x00, 0xFF, 0xE0, 0x00, 0x00, 0x00, 0x00,
    0x00, 0x00, 0xBF, 0xC0, 0x00, 0x00, 0x00, 0x00, 0x00, 0x00, 0x3F, 0x80, 0x00, 0x00, 0x00, 0x00,
    0x00, 0x00, 0x3F, 0x00, 0x00, 0x00, 0x00, 0x00, 0x00, 0x00, 0xBE, 0x00, 0x00, 0x00, 0x00, 0x00,
    0x0E, 0x00, 0xFC, 0x00, 0x00, 0x00, 0x00, 0x00, 0x3F, 0xE3, 0xF8, 0x00, 0x00, 0x00, 0x00, 0x00,
    0xBF, 0xFF, 0xF0, 0x00, 0x00, 0x00, 0x00, 0x00, 0xBF, 0xFF, 0xC0, 0x00, 0x00, 0x00, 0x00, 0x00,
    0x3F, 0xFE, 0x00, 0x00, 0x00, 0x00, 0x00, 0x00, 0x06, 0x90, 0x00, 0x00, 0x00, 0x00, 0x00, 0x00,
    0xBF, 0xFF, 0xFF, 0xF0, 0x00, 0x00, 0xBF, 0xFF, 0xFF, 0xF0, 0x00, 0x00, 0xBF, 0xFF, 0xFF, 0xF0,
    0x00, 0x00, 0x00, 0x00, 0x00, 0x00, 0x00, 0x00, 0x00, 0x00, 0x00, 0x00, 0x00, 0x00, 0x00, 0x00,
    0x00, 0x00, 0x00, 0x00, 0x00, 0x00, 0x00, 0x00, 0x00, 0xBF, 0xFF, 0xE0, 0x0F, 0xFF, 0xD0, 0xBF,
    0xFF, 0xE0, 0x0F, 0xFF, 0xC0, 0x03, 0xFC, 0x00, 0x00, 0xBC, 0x00, 0x03, 0xFC, 0x00, 0x00, 0xF8,
    0x00, 0x02, 0xFE, 0x00, 0x00, 0xF0, 0x00, 0x00, 0xFF, 0x00, 0x02, 0xF0, 0x00, 0x00, 0xBF, 0x80,
    0x03, 0xE0, 0x00, 0x00, 0x3F, 0xC0, 0x0B, 0xC0, 0x00, 0x00, 0x3F, 0xC0, 0x0F, 0x80, 0x00, 0x00,
    0x2F, 0xE0, 0x0F, 0x00, 0x00, 0x00, 0x0F, 0xF0, 0x3F, 0x00, 0x00, 0x00, 0x0B, 0xF8, 0x3D, 0x00,
    0x00, 0x00, 0x03, 0xFC, 0xBC, 0x00, 0x00, 0x00, 0x03, 0xFC, 0xF8, 0x00, 0x00, 0x00, 0x02, 0xFF,
    0xF0, 0x00, 0x00, 0x00, 0x00, 0xFF, 0xE0, 0x00, 0x00, 0x00, 0x00, 0xFF, 0xC0, 0x00, 0x00, 0x00,
    0x00, 0x7F, 0xC0, 0x00, 0x00, 0x00, 0x00, 0x3F, 0x80, 0x00, 0x00, 0x00, 0x00, 0x2F, 0x00, 0x00,
    0x00, 0x00, 0x00, 0x3E, 0x00, 0x00, 0x00, 0x00, 0x00, 0x3C, 0x00, 0x00, 0x00, 0x00, 0x00, 0xBC,
    0x00, 0x00, 0x00, 0x00, 0x00, 0xF4, 0x00, 0x00, 0x00, 0x0F, 0x03, 0xF0, 0x00, 0x00, 0x00, 0x2F,
    0xFB, 0xC0, 0x00, 0x00, 0x00, 0x3F, 0xFF, 0x80, 0x00, 0x00, 0x00, 0x2F, 0xFE, 0x00, 0x00, 0x00,
    0x00, 0x0B, 0xE0, 0x00, 0x00, 0x00, 0x00, 0x00, 0x00, 0x0A, 0x00, 0x0A, 0x80, 0x00, 0x00, 0x00,
    0x00, 0x3F, 0xC0, 0x2F, 0xE0, 0x00, 0x00, 0x00, 0x00, 0x3F, 0xC0, 0x3F, 0xE0, 0x00, 0x00, 0x00,
    0x00, 0x3F, 0xC0, 0x2F, 0xE0, 0x00, 0x00, 0x00, 0x00, 0x1F, 0x00, 0x0B, 0x80, 0x00, 0x00, 0x00,
    0x00, 0x00, 0x00, 0x00, 0x00, 0x00, 0x00, 0x00, 0x00, 0x00, 0x00, 0x00, 0x00, 0x00, 0x00, 0x00,
    0x00, 0x00, 0x00, 0x00, 0x00, 0x00, 0x00, 0x00, 0x00, 0x00, 0x00, 0x00, 0x00, 0x00, 0x00, 0xAA,
    0xAA, 0xAA, 0x00, 0x02, 0xAA, 0xAA, 0x00, 0xFF, 0xFF, 0xFF, 0x00, 0x07, 0xFF, 0xFF, 0x80, 0x02,
    0xFF, 0xC0, 0x00, 0x00, 0x2F, 0xE4, 0x00, 0x00, 0xFF, 0xC0, 0x00, 0x00, 0x0F, 0xC0, 0x00, 0x00,
    0xBF, 0xE0, 0x00, 0x00, 0x3F, 0x40, 0x00, 0x00, 0x3F, 0xF0, 0x00, 0x00, 0x3F, 0x00, 0x00, 0x00,
    0x2F, 0xF8, 0x00, 0x00, 0xFE, 0x00, 0x00, 0x00, 0x0F, 0xFC, 0x00, 0x00, 0xFC, 0x00, 0x00, 0x00,
    0x0B, 0xFE, 0x00, 0x02, 0xF8, 0x00, 0x00, 0x00, 0x03, 0xFF, 0x00, 0x03, 0xF0, 0x00, 0x00, 0x00,
    0x02, 0xFF, 0x80, 0x0B, 0xE0, 0x00, 0x00, 0x00, 0x00, 0xFF, 0xC0, 0x0F, 0xC0, 0x00, 0x00, 0x00,
    0x00, 0x7F, 0xE0, 0x2F, 0x80, 0x00, 0x00, 0x00, 0x00, 0x3F, 0xF0, 0x3F, 0x00, 0x00, 0x00, 0x00,
    0x00, 0x0F, 0xF8, 0xBE, 0x00, 0x00, 0x00, 0x00, 0x00, 0x0F, 0xFC, 0xFC, 0x00, 0x00, 0x00, 0x00,
    0x00, 0x03, 0xFF, 0xF8, 0x00, 0x00, 0x00, 0x00, 0x00, 0x02, 0xFF, 0xF0, 0x00, 0x00, 0x00, 0x00,
    0x00, 0x00, 0xFF, 0xE0, 0x00, 0x00, 0x00, 0x00, 0x00, 0x00, 0xBF, 0xC0, 0x00, 0x00, 0x00, 0x00,
    0x00, 0x00, 0x3F, 0x80, 0x00, 0x00, 0x00, 0x00, 0x00, 0x00, 0x3F, 0x00, 0x00, 0x00, 0x00, 0x00,
    0x00, 0x00, 0xBE, 0x00, 0x00, 0x00, 0x00, 0x00, 0x0E, 0x00, 0xFC, 0x00, 0x00, 0x00, 0x00, 0x00,
    0x3F, 0xE3, 0xF8, 0x00, 0x00, 0x00, 0x00, 0x00, 0xBF, 0xFF, 0xF0, 0x00, 0x00, 0x00, 0x00, 0x00,
    0xBF, 0xFF, 0xC0, 0x00, 0x00, 0x00, 0x00, 0x00, 0x3F, 0xFE, 0x00, 0x00, 0x00, 0x00, 0x00, 0x00,
    0x06, 0x90, 0x00, 0x00, 0x00, 0x00, 0x00, 0x00, 0x0A, 0x00, 0x0A, 0x80, 0x00, 0x00, 0x3F, 0xC0,
    0x2F, 0xE0, 0x00, 0x00, 0x3F, 0xC0, 0x3F, 0xE0, 0x00, 0x00, 0x3F, 0xC0, 0x2F, 0xE0, 0x00, 0x00,
    0x1F, 0x40, 0x0B, 0x80, 0x00, 0x00, 0x00, 0x00, 0x00, 0x00, 0x00, 0x00, 0x00, 0x00, 0x00, 0x00,
    0x00, 0x00, 0x00, 0x00, 0x00, 0x00, 0x00, 0x00, 0x00, 0x00, 0x00, 0x00, 0x00, 0xBF, 0xFF, 0xE0,
    0x0F, 0xFF, 0xD0, 0xBF, 0xFF, 0xE0, 0x0F, 0xFF, 0xC0, 0x03, 0xFC, 0x00, 0x00, 0xBC, 0x00, 0x03,
    0xFC, 0x00, 0x00, 0xF8, 0x00, 0x02, 0xFE, 0x00, 0x00, 0xF0, 0x00, 0x00, 0xFF, 0x00, 0x02, 0xF0,
    0x00, 0x00, 0xBF, 0x80, 0x03, 0xE0, 0x00, 0x00, 0x3F, 0xC0, 0x0B, 0xC0, 0x00, 0x00, 0x3F, 0xC0,
    0x0F, 0x80, 0x00, 0x00, 0x2F, 0xE0, 0x0F, 0x00, 0x00, 0x00, 0x0F, 0xF0, 0x3F, 0x00, 0x00, 0x00,
    0x0B, 0xF8, 0x3D, 0x00, 0x00, 0x00, 0x03, 0xFC, 0xBC, 0x00, 0x00, 0x00, 0x03, 0xFC, 0xF8, 0x00,
    0x00, 0x00, 0x02, 0xFF, 0xF0, 0x00, 0x00, 0x00, 0x00, 0xFF, 0xE0, 0x00, 0x00, 0x00, 0x00, 0xFF,
    0xC0, 0x00, 0x00, 0x00, 0x00, 0x7F, 0xC0, 0x00, 0x00, 0x00, 0x00, 0x3F, 0x80, 0x00, 0x00, 0x00,
    0x00, 0x2F, 0x00, 0x00, 0x00, 0x00, 0x00, 0x3E, 0x00, 0x00, 0x00, 0x00, 0x00, 0x3C, 0x00, 0x00,
    0x00, 0x00, 0x00, 0xBC, 0x00, 0x00, 0x00, 0x00, 0x00, 0xF4, 0x00, 0x00, 0x00, 0x0F, 0x03, 0xF0,
    0x00, 0x00, 0x00, 0x2F, 0xFB, 0xC0, 0x00, 0x00, 0x00, 0x3F, 0xFF, 0x80, 0x00, 0x00, 0x00, 0x2F,
    0xFE, 0x00, 0x00, 0x00, 0x00, 0x0B, 0xE0, 0x00, 0x00, 0x00, 0x00, 0x00, 0x00, 0x00, 0x00, 0x00,
    0x00, 0x00, 0x00, 0x00, 0x00, 0x00, 0x0F, 0xC0, 0x0F, 0xC0, 0x00, 0x00, 0x00, 0x00, 0x3F, 0xE0,
    0x3F, 0xE0, 0x00, 0x00, 0x00, 0x00, 0xFF, 0xD0, 0xFF, 0xD0, 0x00, 0x00, 0x00, 0x03, 0xFF, 0x83,
    0xFF, 0x80, 0x00, 0x00, 0x00, 0x0F, 0xFC, 0x0B, 0xFC, 0x00, 0x00, 0x00, 0x00, 0x2F, 0xD0, 0x2F,
    0xD0, 0x00, 0x00, 0x00, 0x00, 0xBE, 0x00, 0xBE, 0x00, 0x00, 0x00, 0x00, 0x00, 0x00, 0x00, 0x00,
    0x00, 0x00, 0x00, 0x00, 0x00, 0x00, 0x00, 0x00, 0x00, 0x00, 0x00, 0x00, 0x00, 0x00, 0x00, 0x00,
    0x00, 0x00, 0x00, 0xAA, 0xAA, 0xAA, 0x00, 0x02, 0xAA, 0xAA, 0x00, 0xFF, 0xFF, 0xFF, 0x00, 0x07,
    0xFF, 0xFF, 0x80, 0x02, 0xFF, 0xC0, 0x00, 0x00, 0x2F, 0xE4, 0x00, 0x00, 0xFF, 0xC0, 0x00, 0x00,
    0x0F, 0xC0, 0x00, 0x00, 0xBF, 0xE0, 0x00, 0x00, 0x3F, 0x40, 0x00, 0x00, 0x3F, 0xF0, 0x00, 0x00,
    0x3F, 0x00, 0x00, 0x00, 0x2F, 0xF8, 0x00, 0x00, 0xFE, 0x00, 0x00, 0x00, 0x0F, 0xFC, 0x00, 0x00,
    0xFC, 0x00, 0x00, 0x00, 0x0B, 0xFE, 0x00, 0x02, 0xF8, 0x00, 0x00, 0x00, 0x03, 0xFF, 0x00, 0x03,
    0xF0, 0x00, 0x00, 0x00, 0x02, 0xFF, 0x80, 0x0B, 0xE0, 0x00, 0x00, 0x00, 0x00, 0xFF, 0xC0, 0x0F,
    0xC0, 0x00, 0x00, 0x00, 0x00, 0x7F, 0xE0, 0x2F, 0x80, 0x00, 0x00, 0x00, 0x00, 0x3F, 0xF0, 0x3F,
    0x00, 0x00, 0x00, 0x00, 0x00, 0x0F, 0xF8, 0xBE, 0x00, 0x00, 0x00, 0x00, 0x00, 0x0F, 0xFC, 0xFC,
    0x00, 0x00, 0x00, 0x00, 0x00, 0x03, 0xFF, 0xF8, 0x00, 0x00, 0x00, 0x00, 0x00, 0x02, 0xFF, 0xF0,
    0x00, 0x00, 0x00, 0x00, 0x00, 0x00, 0xFF, 0xE0, 0x00, 0x00, 0x00, 0x00, 0x00, 0x00, 0xBF, 0xC0,
    0x00, 0x00, 0x00, 0x00, 0x00, 0x00, 0x3F, 0x80, 0x00, 0x00, 0x00, 0x00, 0x00, 0x00, 0x3F, 0x00,
    0x00, 0x00, 0x00, 0x00, 0x00, 0x00, 0xBE, 0x00, 0x00, 0x00, 0x00, 0x00, 0x0E, 0x00, 0xFC, 0x00,
    0x00, 0x00, 0x00, 0x00, 0x3F, 0xE3, 0xF8, 0x00, 0x00, 0x00, 0x00, 0x00, 0xBF, 0xFF, 0xF0, 0x00,
    0x00, 0x00, 0x00, 0x00, 0xBF, 0xFF, 0xC0, 0x00, 0x00, 0x00, 0x00, 0x00, 0x3F, 0xFE, 0x00, 0x00,
    0x00, 0x00, 0x00, 0x00, 0x06, 0x90, 0x00, 0x00, 0x00, 0x00, 0x00, 0x00, 0x00, 0x00, 0x00, 0x00,
    0x00, 0x00, 0x00, 0x0F, 0xC0, 0x0F, 0xC0, 0x00, 0x00, 0x3F, 0xE0, 0x3F, 0xE0, 0x00, 0x00, 0xFF,
    0xD0, 0xFF, 0xD0, 0x00, 0x03, 0xFF, 0x83, 0xFF, 0x80, 0x00, 0x0B, 0xFC, 0x0B, 0xFC, 0x00, 0x00,
    0x2F, 0xE0, 0x2F, 0xE0, 0x00, 0x00, 0xBE, 0x00, 0xBE, 0x00, 0x00, 0x00, 0x00, 0x00, 0x00, 0x00,
    0x00, 0x00, 0x00, 0x00, 0x00, 0x00, 0x00, 0x00, 0x00, 0x00, 0x00, 0x00, 0x00, 0xBF, 0xFF, 0xE0,
    0x0F, 0xFF, 0xD0, 0xBF, 0xFF, 0xE0, 0x0F, 0xFF, 0xC0, 0x03, 0xFC, 0x00, 0x00, 0xBC, 0x00, 0x03,
    0xFC, 0x00, 0x00, 0xF8, 0x00, 0x02, 0xFE, 0x00, 0x00, 0xF0, 0x00, 0x00, 0xFF, 0x00, 0x02, 0xF0,
    0x00, 0x00, 0xBF, 0x80, 0x03, 0xE0, 0x00, 0x00, 0x3F, 0xC0, 0x0B, 0xC0, 0x00, 0x00, 0x3F, 0xC0,
    0x0F, 0x80, 0x00, 0x00, 0x2F, 0xE0, 0x0F, 0x00, 0x00, 0x00, 0x0F, 0xF0, 0x3F, 0x00, 0x00, 0x00,
    0x0B, 0xF8, 0x3D, 0x00, 0x00, 0x00, 0x03, 0xFC, 0xBC, 0x00, 0x00, 0x00, 0x03, 0xFC, 0xF8, 0x00,
    0x00, 0x00, 0x02, 0xFF, 0xF0, 0x00, 0x00, 0x00, 0x00, 0xFF, 0xE0, 0x00, 0x00, 0x00, 0x00, 0xFF,
    0xC0, 0x00, 0x00, 0x00, 0x00, 0x7F, 0xC0, 0x00, 0x00, 0x00, 0x00, 0x3F, 0x80, 0x00, 0x00, 0x00,
    0x00, 0x2F, 0x00, 0x00, 0x00, 0x00, 0x00, 0x3E, 0x00, 0x00, 0x00, 0x00, 0x00, 0x3C, 0x00, 0x00,
    0x00, 0x00, 0x00, 0xBC, 0x00, 0x00, 0x00, 0x00, 0x00, 0xF4, 0x00, 0x00, 0x00, 0x0F, 0x03, 0xF0,
    0x00, 0x00, 0x00, 0x2F, 0xFB, 0xC0, 0x00, 0x00, 0x00, 0x3F, 0xFF, 0x80, 0x00, 0x00, 0x00, 0x2F,
    0xFE, 0x00, 0x00, 0x00, 0x00, 0x0B, 0xE0, 0x00, 0x00, 0x00, 0x00, 0x00, 0x02, 0x90, 0x01, 0xA0,
    0x00, 0x00, 0x00, 0x0F, 0xF0, 0x03, 0xFC, 0x00, 0x00, 0x00, 0x0F, 0xF8, 0x0B, 0xFC, 0x00, 0x00,
    0x00, 0x0F, 0xF0, 0x07, 0xFC, 0x00, 0x00, 0x00, 0x03, 0xE0, 0x02, 0xF0, 0x00, 0x00, 0x00, 0x00,
    0x00, 0x00, 0x00, 0x00, 0x00, 0x00, 0x00, 0x00, 0x00, 0x00, 0x00, 0x00, 0x00, 0x00, 0x00, 0x00,
    0x00, 0x00, 0x00, 0x00, 0x00, 0x00, 0x00, 0x00, 0x00, 0x00, 0xAA, 0xAA, 0xA0, 0x02, 0xAA, 0xAA,
    0x80, 0xFF, 0xFF, 0xF8, 0x0B, 0xFF, 0xFF, 0xC0, 0x0B, 0xFF, 0x40, 0x00, 0x7F, 0xF4, 0x00, 0x02,
    0xFE, 0x00, 0x00, 0x2F, 0xE0, 0x00, 0x02, 0xFE, 0x00, 0x00, 0x2F, 0xE0, 0x00, 0x02, 0xFE, 0x00,
    0x00, 0x2F, 0xE0, 0x00, 0x02, 0xFE, 0x00, 0x00, 0x2F, 0xE0, 0x00, 0x02, 0xFE, 0x00, 0x00, 0x2F,
    0xE0, 0x00, 0x02, 0xFE, 0x00, 0x00, 0x2F, 0xE0, 0x00, 0x02, 0xFE, 0x00, 0x00, 0x2F, 0xE0, 0x00,
    0x02, 0xFE, 0x00, 0x00, 0x2F, 0xE0, 0x00, 0x02, 0xFE, 0x00, 0x00, 0x2F, 0xE0, 0x00, 0x02, 0xFF,
    0x00, 0x00, 0x3F, 0xE0, 0x00, 0x02, 0xFF, 0x80, 0x0B, 0xFF, 0xE0, 0x00, 0x00, 0xFF, 0xFA, 0xFF,
    0xFF, 0xE0, 0x00, 0x00, 0xFF, 0xFF, 0xFF, 0xBF, 0xE0, 0x00, 0x00, 0x3F, 0xFF, 0xF8, 0x2F, 0xE0,
    0x00, 0x00, 0x02, 0xFE, 0x00, 0x2F, 0xE0, 0x00, 0x00, 0x00, 0x00, 0x00, 0x2F, 0xE0, 0x00, 0x00,
    0x00, 0x00, 0x00, 0x2F, 0xE0, 0x00, 0x00, 0x00, 0x00, 0x00, 0x2F, 0xE0, 0x00, 0x00, 0x00, 0x00,
    0x00, 0x2F, 0xE0, 0x00, 0x00, 0x00, 0x00, 0x00, 0x2F, 0xE0, 0x00, 0x00, 0x00, 0x00, 0x00, 0x2F,
    0xE0, 0x00, 0x00, 0x00, 0x00, 0x00, 0x2F, 0xE0, 0x00, 0x00, 0x00, 0x00, 0x00, 0x3F, 0xF0, 0x00,
    0x00, 0x00, 0x00, 0x0B, 0xFF, 0xFF, 0xC0, 0x00, 0x00, 0x00, 0x0B, 0xFF, 0xFF, 0x80, 0x00, 0xA8,
    0x00, 0x28, 0x00, 0x02, 0xFE, 0x00, 0xFF, 0x00, 0x02, 0xFF, 0x00, 0xFF, 0x00, 0x02, 0xFE, 0x00,
    0xFF, 0x00, 0x00, 0xB8, 0x00, 0x3E, 0x00, 0x00, 0x00, 0x00, 0x00, 0x00, 0x00, 0x00, 0x00, 0x00,
    0x00, 0x00, 0x00, 0x00, 0x00, 0x00, 0x00, 0x00, 0x00, 0x00, 0x00, 0xFF, 0xFF, 0xC3, 0xFF, 0xFE,
    0xFF, 0xFF, 0xC3, 0xFF, 0xFE, 0x0B, 0xF8, 0x00, 0x3F, 0xC0, 0x07, 0xF8, 0x00, 0x3F, 0xC0, 0x07,
    0xF8, 0x00, 0x3F, 0xC0, 0x07, 0xF8, 0x00, 0x3F, 0xC0, 0x07, 0xF8, 0x00, 0x3F, 0xC0, 0x07, 0xF8,
    0x00, 0x3F, 0xC0, 0x07, 0xF8, 0x00, 0x3F, 0xC0, 0x03, 0xFC, 0x00, 0xBF, 0xC0, 0x03, 0xFF, 0xFF,
    0xFF, 0xC0, 0x00, 0xFF, 0xFF, 0x3F, 0xC0, 0x00, 0x0A, 0xA0, 0x3F, 0xC0, 0x00, 0x00, 0x00, 0x3F,
    0xC0, 0x00, 0x00, 0x00, 0x3F, 0xC0, 0x00, 0x00, 0x00, 0x3F, 0xC0, 0x00, 0x00, 0x00, 0x3F, 0xC0,
    0x00, 0x00, 0x00, 0x3F, 0xC0, 0x00, 0x00, 0x03, 0xFF, 0xFE, 0x00, 0x00, 0x03, 0xFF, 0xFE, 0x2A,
    0xAA, 0xAA, 0xAA, 0xAA, 0x80, 0x3F, 0xFF, 0xFF, 0xFF, 0xFF, 0xC0, 0x02, 0xFF, 0xEA, 0xAA, 0xBF,
    0xC0, 0x00, 0xBF, 0x80, 0x00, 0x0F, 0xC0, 0x00, 0xBF, 0x80, 0x00, 0x0F, 0xC0, 0x00, 0xBF, 0x80,
    0x00, 0x0F, 0xC0, 0x00, 0xBF, 0x80, 0x00, 0x0B, 0xC0, 0x00, 0xBF, 0x80, 0x00, 0x0B, 0xC0, 0x00,
    0xBF, 0x80, 0x00, 0x00, 0x00, 0x00, 0xBF, 0x80, 0x00, 0x00, 0x00, 0x00, 0xBF, 0x80, 0x00, 0x00,
    0x00, 0x00, 0xBF, 0x80, 0x00, 0x00, 0x00, 0x00, 0xBF, 0x80, 0x00, 0x00, 0x00, 0x00, 0xBF, 0x80,
    0x00, 0x00, 0x00, 0x00, 0xBF, 0x80, 0x00, 0x00, 0x00, 0x00, 0xBF, 0x80, 0x00, 0x00, 0x00, 0x00,
    0xBF, 0x80, 0x00, 0x00, 0x00, 0x00, 0xBF, 0x80, 0x00, 0x00, 0x00, 0x00, 0xBF, 0x80, 0x00, 0x00,
    0x00, 0x00, 0xBF, 0x80, 0x00, 0x00, 0x00, 0x00, 0xBF, 0x80, 0x00, 0x00, 0x00, 0x00, 0xBF, 0x80,
    0x00, 0x00, 0x00, 0x00, 0xBF, 0x80, 0x00, 0x00, 0x00, 0x00, 0xBF, 0x80, 0x00, 0x00, 0x00, 0x00,
    0xBF, 0x80, 0x00, 0x00, 0x00, 0x00, 0xFF, 0xC0, 0x00, 0x00, 0x00, 0x3F, 0xFF, 0xFE, 0x00, 0x00,
    0x00, 0x3F, 0xFF, 0xFE, 0x00, 0x00, 0x00, 0x00, 0x2F, 0xFE, 0x00, 0x00, 0x00, 0x00, 0x03, 0xFE,
    0x00, 0x00, 0x00, 0x00, 0x00, 0xFE, 0x00, 0x00, 0x00, 0x00, 0x00, 0xBE, 0x00, 0x00, 0x00, 0x00,
    0x00, 0x3E, 0x00, 0x00, 0x00, 0x00, 0x00, 0x3E, 0x00, 0x00, 0x00, 0x00, 0x00, 0x2E, 0x00, 0x00,
    0x00, 0x00, 0x00, 0x2E, 0x00, 0x00, 0x00, 0x00, 0x00, 0x00, 0x00, 0x00, 0x00, 0x00, 0x00, 0x00,
    0x00, 0x00, 0x3F, 0xFF, 0xFF, 0xFF, 0xC0, 0x3F, 0xFF, 0xFF, 0xFF, 0xC0, 0x02, 0xFE, 0x00, 0x0B,
    0xC0, 0x02, 0xFE, 0x00, 0x03, 0xC0, 0x02, 0xFE, 0x00, 0x03, 0xC0, 0x02, 0xFE, 0x00, 0x02, 0xC0,
    0x02, 0xFE, 0x00, 0x00, 0x00, 0x02, 0xFE, 0x00, 0x00, 0x00, 0x02, 0xFE, 0x00, 0x00, 0x00, 0x02,
    0xFE, 0x00, 0x00, 0x00, 0x02, 0xFE, 0x00, 0x00, 0x00, 0x02, 0xFE, 0x00, 0x00, 0x00, 0x02, 0xFE,
    0x00, 0x00, 0x00, 0x02, 0xFE, 0x00, 0x00, 0x00, 0x02, 0xFE, 0x00, 0x00, 0x00, 0x02, 0xFE, 0x00,
    0x00, 0x00, 0x02, 0xFE, 0x00, 0x00, 0x00, 0x02, 0xFE, 0x00, 0x00, 0x00, 0x3F, 0xFF, 0xF0, 0x00,
    0x00, 0x3F, 0xFF, 0xF0, 0x00, 0x00, 0x00, 0x2F, 0xF0, 0x00, 0x00, 0x00, 0x0B, 0xF0, 0x00, 0x00,
    0x00, 0x03, 0xF0, 0x00, 0x00, 0x00, 0x02, 0xF0, 0x00, 0x00, 0x00, 0x01, 0xF0, 0x00, 0x00, 0x00,
    0x00, 0xF0, 0x00, 0x00, 0x00, 0x00, 0x00, 0x00, 0x00, 0x00, 0x00, 0x00, 0xA0, 0x00, 0xA8, 0x00,
    0x00, 0x00, 0x00, 0x00, 0x03, 0xFC, 0x02, 0xFE, 0x00, 0x00, 0x00, 0x00, 0x00, 0x07, 0xFC, 0x03,
    0xFE, 0x00, 0x00, 0x00, 0x00, 0x00, 0x03, 0xFC, 0x02, 0xFE, 0x00, 0x00, 0x00, 0x00, 0x00, 0x02,
    0xF0, 0x00, 0xB8, 0x00, 0x00, 0x00, 0x00, 0x00, 0x00, 0x00, 0x00, 0x00, 0x00, 0x00, 0x00, 0x00,
    0x00, 0x00, 0x00, 0x00, 0x00, 0x00, 0x00, 0x00, 0x00, 0x00, 0x00, 0x00, 0x00, 0x00, 0x00, 0x00,
    0x00, 0x00, 0x00, 0x00, 0x00, 0x00, 0x00, 0x00, 0x00, 0x00, 0x2A, 0xAA, 0xAA, 0x00, 0x00, 0x0A,
    0xAA, 0xAA, 0x80, 0x2F, 0xFF, 0xFF, 0x00, 0x00, 0x0B, 0xFF, 0xFF, 0xC0, 0x02, 0xFF, 0xD0, 0x00,
    0x00, 0x00, 0x7F, 0xF8, 0x00, 0x00, 0xBF, 0x80, 0x00, 0x00, 0x00, 0x1F, 0xF0, 0x00, 0x00, 0xBF,
    0x80, 0x00, 0x00, 0x00, 0x1F, 0xF0, 0x00, 0x00, 0xBF, 0x80, 0x00, 0x00, 0x00, 0x1F, 0xF0, 0x00,
    0x00, 0xBF, 0x80, 0x00, 0x00, 0x00, 0x1F, 0xF0, 0x00, 0x00, 0xBF, 0x80, 0x00, 0x00, 0x00, 0x1F,
    0xF0, 0x00, 0x00, 0xBF, 0x80, 0x00, 0x00, 0x00, 0x1F, 0xF0, 0x00, 0x00, 0xBF, 0x80, 0x00, 0x00,
    0x00, 0x1F, 0xF0, 0x00, 0x00, 0xBF, 0x85, 0x00, 0x00, 0x00, 0x1F, 0xF0, 0x00, 0x00, 0xBF, 0xFF,
    0xFF, 0x80, 0x00, 0x1F, 0xF0, 0x00, 0x00, 0xBF, 0xFA, 0xFF, 0xF8, 0x00, 0x1F, 0xF0, 0x00, 0x00,
    0xBF, 0x80, 0x0B, 0xFE, 0x00, 0x1F, 0xF0, 0x00, 0x00, 0xBF, 0x80, 0x00, 0xFF, 0x80, 0x1F, 0xF0,
    0x00, 0x00, 0xBF, 0x80, 0x00, 0xBF, 0xC0, 0x1F, 0xF0, 0x00, 0x00, 0xBF, 0x80, 0x00, 0x3F, 0xE0,
    0x1F, 0xF0, 0x00, 0x00, 0xBF, 0x80, 0x00, 0x3F, 0xE0, 0x1F, 0xF0, 0x00, 0x00, 0xBF, 0x80, 0x00,
    0x3F, 0xF0, 0x1F, 0xF0, 0x00, 0x00, 0xBF, 0x80, 0x00, 0x3F, 0xF0, 0x1F, 0xF0, 0x00, 0x00, 0xBF,
    0x80, 0x00, 0x3F, 0xF0, 0x1F, 0xF0, 0x00, 0x00, 0xBF, 0x80, 0x00, 0x3F, 0xE0, 0x1F, 0xF0, 0x00,
    0x00, 0xBF, 0x80, 0x00, 0x3F, 0xE0, 0x1F, 0xF0, 0x00, 0x00, 0xBF, 0x80, 0x00, 0xBF, 0xC0, 0x1F,
    0xF0, 0x00, 0x00, 0xBF, 0x80, 0x02, 0xFF, 0xC0, 0x1F, 0xF0, 0x00, 0x00, 0xFF, 0x80, 0x2F, 0xFF,
    0x00, 0x2F, 0xF4, 0x00, 0x3F, 0xFF, 0xFF, 0xFF, 0xF8, 0x0B, 0xFF, 0xFF, 0xC0, 0x3F, 0xFF, 0xFF,
    0xFA, 0x00, 0x0B, 0xFF, 0xFF, 0xC0, 0x00, 0x00, 0x28, 0x00, 0x29, 0x00, 0x00, 0x00, 0x00, 0xFF,
    0x00, 0xBF, 0x00, 0x00, 0x00, 0x02, 0xFF, 0x00, 0xFF, 0x80, 0x00, 0x00, 0x00, 0xFF, 0x00, 0xFF,
    0x40, 0x00, 0x00, 0x00, 0xBC, 0x00, 0x3E, 0x00, 0x00, 0x00, 0x00, 0x00, 0x00, 0x00, 0x00, 0x00,
    0x00, 0x00, 0x00, 0x00, 0x00, 0x00, 0x00, 0x00, 0x00, 0x00, 0x00, 0x00, 0x00, 0x00, 0x00, 0x00,
    0x00, 0x00, 0x00, 0x00, 0x00, 0x3F, 0xFF, 0xF8, 0x00, 0x0F, 0xFF, 0xFC, 0x2F, 0xFF, 0xF4, 0x00,
    0x0F, 0xFF, 0xFC, 0x02, 0xFE, 0x00, 0x00, 0x00, 0xBF, 0x80, 0x01, 0xFE, 0x00, 0x00, 0x00, 0x7F,
    0x80, 0x01, 0xFE, 0x00, 0x00, 0x00, 0x7F, 0x80, 0x01, 0xFE, 0x00, 0x00, 0x00, 0x7F, 0x80, 0x01,
    0xFE, 0x00, 0x00, 0x00, 0x7F, 0x80, 0x01, 0xFF, 0xAA, 0x00, 0x00, 0x7F, 0x80, 0x01, 0xFF, 0xFF,
    0xF8, 0x00, 0x7F, 0x80, 0x01, 0xFF, 0xAA, 0xFF, 0x80, 0x7F, 0x80, 0x01, 0xFE, 0x00, 0x3F, 0xD0,
    0x7F, 0x80, 0x01, 0xFE, 0x00, 0x2F, 0xF0, 0x7F, 0x80, 0x01, 0xFE, 0x00, 0x0F, 0xF0, 0x7F, 0x80,
    0x01, 0xFE, 0x00, 0x0F, 0xF0, 0x7F, 0x80, 0x01, 0xFE, 0x00, 0x0F, 0xF0, 0x7F, 0x80, 0x01, 0xFE,
    0x00, 0x0F, 0xF0, 0x7F, 0x80, 0x01, 0xFE, 0x00, 0x2F, 0xF0, 0x7F, 0x80, 0x02, 0xFE, 0x00, 0xBF,
    0xC0, 0xBF, 0x80, 0x3F, 0xFF, 0xFF, 0xFF, 0x4F, 0xFF, 0xFC, 0x3F, 0xFF, 0xFF, 0xA0, 0x0F, 0xFF,
    0xFC, 0x2A, 0xAA, 0xAA, 0xAA, 0xAA, 0x80, 0x3F, 0xFF, 0xFF, 0xFF, 0xFF, 0xC0, 0x02, 0xFF, 0xEA,
    0xAA, 0xBF, 0xC0, 0x00, 0xBF, 0x80, 0x00, 0x0F, 0xC0, 0x00, 0xBF, 0x80, 0x00, 0x0F, 0xC0, 0x00,
    0xBF, 0x80, 0x00, 0x0F, 0xC0, 0x00, 0xBF, 0x80, 0x00, 0x0B, 0xC0, 0x00, 0xBF, 0x80, 0x00, 0x0B,
    0xC0, 0x00, 0xBF, 0x80, 0x00, 0x00, 0x00, 0x00, 0xBF, 0x80, 0x00, 0x00, 0x00, 0x00, 0xBF, 0x80,
    0x00, 0x00, 0x00, 0x00, 0xBF, 0x80, 0x00, 0x00, 0x00, 0x2A, 0xFF, 0xEA, 0xA8, 0x00, 0x00, 0xBF,
    0xFF, 0xFF, 0xFC, 0x00, 0x00, 0x2A, 0xFF, 0xEA, 0xA8, 0x00, 0x00, 0x00, 0xBF, 0x80, 0x00, 0x00,
    0x00, 0x00, 0xBF, 0x80, 0x00, 0x00, 0x00, 0x00, 0xBF, 0x80, 0x00, 0x00, 0x00, 0x00, 0xBF, 0x80,
    0x00, 0x00, 0x00, 0x00, 0xBF, 0x80, 0x00, 0x00, 0x00, 0x00, 0xBF, 0x80, 0x00, 0x00, 0x00, 0x00,
    0xBF, 0x80, 0x00, 0x00, 0x00, 0x00, 0xBF, 0x80, 0x00, 0x00, 0x00, 0x00, 0xBF, 0x80, 0x00, 0x00,
    0x00, 0x00, 0xBF, 0x80, 0x00, 0x00, 0x00, 0x00, 0xFF, 0xC0, 0x00, 0x00, 0x00, 0x3F, 0xFF, 0xFF,
    0x00, 0x00, 0x00, 0x3F, 0xFF, 0xFF, 0x00, 0x00, 0x00, 0x00, 0x00, 0x2E, 0x00, 0x00, 0x00, 0x00,
    0x00, 0x2E, 0x00, 0x00, 0x00, 0x00, 0x00, 0x2E, 0x00, 0x00, 0x00, 0x00, 0x00, 0x2E, 0x00, 0x00,
    0x00, 0x02, 0x80, 0x2E, 0x00, 0x00, 0x00, 0x0F, 0xE0, 0x3E, 0x00, 0x00, 0x00, 0x0F, 0xF8, 0xBC,
    0x00, 0x00, 0x00, 0x0B, 0xFF, 0xFC, 0x00, 0x00, 0x00, 0x02, 0xFF, 0xE0, 0x00, 0x00, 0x00, 0x00,
    0x00, 0x00, 0x00, 0x00, 0x00, 0x00, 0x00, 0x00, 0x00, 0x00, 0x3F, 0xFF, 0xFF, 0xFF, 0xC0, 0x3F,
    0xFF, 0xFF, 0xFF, 0xC0, 0x02, 0xFE, 0x00, 0x0B, 0xC0, 0x02, 0xFE, 0x00, 0x03, 0xC0, 0x02, 0xFE,
    0x00, 0x03, 0xC0, 0x02, 0xFE, 0x00, 0x02, 0xC0, 0x02, 0xFE, 0x00, 0x00, 0x00, 0x02, 0xFE, 0x00,
    0x00, 0x00, 0x02, 0xFE, 0x00, 0x00, 0x00, 0xBF, 0xFF, 0xFF, 0x00, 0x00, 0x7F, 0xFF, 0xFF, 0x00,
    0x00, 0x02, 0xFE, 0x00, 0x00, 0x00, 0x02, 0xFE, 0x00, 0x00, 0x00, 0x02, 0xFE, 0x00, 0x00, 0x00,
    0x02, 0xFE, 0x00, 0x00, 0x00, 0x02, 0xFE, 0x00, 0x00, 0x00, 0x02, 0xFE, 0x00, 0x00, 0x00, 0x02,
    0xFE, 0x00, 0x00, 0x00, 0x3F, 0xFF, 0xF0, 0x00, 0x00, 0x3F, 0xFF, 0xF0, 0x00, 0x00, 0x00, 0x00,
    0xF0, 0x00, 0x00, 0x00, 0x00, 0xF0, 0x00, 0x00, 0x00, 0x00, 0xF0, 0x00, 0x00, 0x00, 0x00, 0xF0,
    0x00, 0x00, 0x28, 0x00, 0xF0, 0x00, 0x00, 0xBF, 0x02, 0xF0, 0x00, 0x00, 0xBF, 0xC3, 0xE0, 0x00,
    0x00, 0x3F, 0xFF, 0xC0, 0x00, 0x00, 0x1F, 0xFE, 0x00, 0x00, 0x00, 0x00, 0x00, 0x00, 0x00, 0x00,
    0x2A, 0xAA, 0xA8, 0x00, 0x2A, 0xAA, 0x80, 0x3F, 0xFF, 0xFC, 0x00, 0xBF, 0xFF, 0xC0, 0x0B, 0xFF,
    0xD0, 0x00, 0x0B, 0xFE, 0x00, 0x00, 0xFF, 0xC0, 0x00, 0x03, 0xF0, 0x00, 0x00, 0x3F, 0xE0, 0x00,
    0x0F, 0xC0, 0x00, 0x00, 0x2F, 0xF0, 0x00, 0x2F, 0x80, 0x00, 0x00, 0x0F, 0xFC, 0x00, 0x3F, 0x00,
    0x00, 0x00, 0x07, 0xFE, 0x00, 0xFC, 0x00, 0x00, 0x00, 0x02, 0xFF, 0x03, 0xF4, 0x00, 0x00, 0x00,
    0x00, 0xFF, 0xCB, 0xE0, 0x00, 0x00, 0x00, 0x00, 0xBF, 0xFF, 0xC0, 0x00, 0x00, 0x00, 0x00, 0x3F,
    0xFF, 0x00, 0x00, 0x00, 0x00, 0x00, 0x0F, 0xFE, 0x00, 0x00, 0x00, 0x00, 0x00, 0x0B, 0xFE, 0x00,
    0x00, 0x00, 0x00, 0x00, 0x03, 0xFF, 0x00, 0x00, 0x00, 0x00, 0x00, 0x0F, 0xFF, 0x80, 0x00, 0x00,
    0x00, 0x00, 0x2F, 0xFF, 0xD0, 0x00, 0x00, 0x00, 0x00, 0x7F, 0x3F, 0xF0, 0x00, 0x00, 0x00, 0x00,
    0xFC, 0x0F, 0xF8, 0x00, 0x00, 0x00, 0x03, 0xF4, 0x0B, 0xFC, 0x00, 0x00, 0x00, 0x0B, 0xE0, 0x03,
    0xFF, 0x00, 0x00, 0x00, 0x0F, 0xC0, 0x02, 0xFF, 0x80, 0x00, 0x00, 0x3F, 0x00, 0x00, 0xFF, 0xC0,
    0x00, 0x00, 0xFE, 0x00, 0x00, 0x3F, 0xF0, 0x00, 0x02, 0xFC, 0x00, 0x00, 0x2F, 0xF8, 0x00, 0x0B,
    0xF8, 0x00, 0x00, 0x0F, 0xFC, 0x00, 0xBF, 0xFF, 0xC0, 0x00, 0x03, 0xFE, 0x00, 0xBF, 0xFF, 0xC0,
    0x00, 0x02, 0xFF, 0x00, 0x00, 0x00, 0x00, 0x00, 0x00, 0xFF, 0x80, 0x00, 0x00, 0x00, 0x00, 0x00,
    0xBF, 0x80, 0x00, 0x00, 0x00, 0x00, 0x00, 0x7F, 0xC0, 0x00, 0x00, 0x00, 0x00, 0x00, 0x7F, 0x80,
    0x00, 0x00, 0x00, 0x00, 0x00, 0xBF, 0x40, 0x00, 0x00, 0x00, 0x00, 0x02, 0xFF, 0x00, 0x00, 0x00,
    0x00, 0x0A, 0xAF, 0xFC, 0x00, 0x00, 0x00, 0x00, 0x0B, 0xFF, 0xE0, 0x00, 0x00, 0x00, 0x00, 0x00,
    0x00, 0x00, 0x00, 0x00, 0x00, 0x00, 0x00, 0x00, 0x00, 0xBF, 0xFF, 0xE0, 0xBF, 0xFF, 0x00, 0x7F,
    0xFF, 0xE0, 0xBF, 0xFF, 0x00, 0x03, 0xFF, 0x00, 0x0B, 0xE0, 0x00, 0x00, 0xFF, 0x80, 0x0F, 0x80,
    0x00, 0x00, 0xBF, 0xC0, 0x3F, 0x00, 0x00, 0x00, 0x3F, 0xF0, 0xFC, 0x00, 0x00, 0x00, 0x0F, 0xFA,
    0xF4, 0x00, 0x00, 0x00, 0x0B, 0xFF, 0xE0, 0x00, 0x00, 0x00, 0x03, 0xFF, 0xC0, 0x00, 0x00, 0x00,
    0x00, 0xFF, 0x80, 0x00, 0x00, 0x00, 0x00, 0xFF, 0xD0, 0x00, 0x00, 0x00, 0x02, 0xFF, 0xF0, 0x00,
    0x00, 0x00, 0x03, 0xFF, 0xF8, 0x00, 0x00, 0x00, 0x0F, 0xC3, 0xFD, 0x00, 0x00, 0x00, 0x3F, 0x02,
    0xFF, 0x00, 0x00, 0x00, 0xBE, 0x00, 0xFF, 0xC0, 0x00, 0x00, 0xF8, 0x00, 0x3F, 0xE0, 0x00, 0x03,
    0xF0, 0x00, 0x0F, 0xF0, 0x00, 0xBF, 0xFF, 0x00, 0x0B, 0xFC, 0x00, 0xBF, 0xFF, 0x00, 0x03, 0xFD,
    0x00, 0x00, 0x00, 0x00, 0x00, 0xFF, 0x00, 0x00, 0x00, 0x00, 0x00, 0xFF, 0x00, 0x00, 0x00, 0x00,
    0x00, 0xBF, 0x00, 0x00, 0x00, 0x00, 0x00, 0x3F, 0x00, 0x00, 0x00, 0x00, 0x00, 0xBF, 0x00, 0x00,
    0x00, 0x00, 0x00, 0xFE, 0x00, 0x00, 0x00, 0x0A, 0xAF, 0xFC, 0x00, 0x00, 0x00, 0x03, 0xFF, 0xE0,
    0x00, 0x00, 0x00, 0x00, 0x00, 0x00, 0x00, 0x2A, 0xAA, 0xA8, 0x00, 0x2A, 0xAA, 0x80, 0x3F, 0xFF,
    0xFC, 0x00, 0xBF, 0xFF, 0xC0, 0x0B, 0xFF, 0xD0, 0x00, 0x0B, 0xFE, 0x00, 0x00, 0xFF, 0xC0, 0x00,
    0x03, 0xF0, 0x00, 0x00, 0x3F, 0xE0, 0x00, 0x0F, 0xC0, 0x00, 0x00, 0x2F, 0xF0, 0x00, 0x2F, 0x80,
    0x00, 0x00, 0x0F, 0xFC, 0x00, 0x3F, 0x00, 0x00, 0x00, 0x07, 0xFE, 0x00, 0xFC, 0x00, 0x00, 0x00,
    0x02, 0xFF, 0x03, 0xF4, 0x00, 0x00, 0x00, 0x00, 0xFF, 0xCB, 0xE0, 0x00, 0x00, 0x00, 0x00, 0xBF,
    0xFF, 0xC0, 0x00, 0x00, 0x00, 0x00, 0x3F, 0xFF, 0x00, 0x00, 0x00, 0x00, 0x2A, 0xAF, 0xFF, 0xAA,
    0x90, 0x00, 0x00, 0xBF, 0xFF, 0xFF, 0xFF, 0xE0, 0x00, 0x00, 0xAA, 0xAF, 0xFF, 0xEA, 0xA0, 0x00,
    0x00, 0x00, 0x0F, 0xFF, 0x80, 0x00, 0x00, 0x00, 0x00, 0x2F, 0xFF, 0xD0, 0x00, 0x00, 0x00, 0x00,
    0x7F, 0x3F, 0xF0, 0x00, 0x00, 0x00, 0x00, 0xFC, 0x1F, 0xF8, 0x00, 0x00, 0x00, 0x03, 0xF4, 0x0B,
    0xFC, 0x00, 0x00, 0x00, 0x0B, 0xE0, 0x03, 0xFF, 0x00, 0x00, 0x00, 0x0F, 0xC0, 0x02, 0xFF, 0x80,
    0x00, 0x00, 0x3F, 0x00, 0x00, 0xFF, 0xC0, 0x00, 0x00, 0xFE, 0x00, 0x00, 0x3F, 0xF0, 0x00, 0x02,
    0xFC, 0x00, 0x00, 0x2F, 0xF8, 0x00, 0x0B, 0xF8, 0x00, 0x00, 0x2F, 0xFE, 0x00, 0xBF, 0xFF, 0xC0,
    0x03, 0xFF, 0xFF, 0xE0, 0xBF, 0xFF, 0xC0, 0x03, 0xFF, 0xFF, 0xE0, 0x00, 0x00, 0x00, 0x00, 0x00,
    0x00, 0xBF, 0xFF, 0xE0, 0xBF, 0xFF, 0x00, 0x7F, 0xFF, 0xE0, 0xBF, 0xFF, 0x00, 0x03, 0xFF, 0x00,
    0x0B, 0xE0, 0x00, 0x00, 0xFF, 0x80, 0x0F, 0x80, 0x00, 0x00, 0xBF, 0xC0, 0x3F, 0x00, 0x00, 0x00,
    0x3F, 0xF0, 0xFC, 0x00, 0x00, 0x00, 0x0F, 0xFA, 0xF4, 0x00, 0x00, 0x00, 0x0B, 0xFF, 0xE0, 0x00,
    0x00, 0x00, 0x5B, 0xFF, 0xE5, 0x40, 0x00, 0x02, 0xFF, 0xFF, 0xFF, 0xC0, 0x00, 0x00, 0xFF, 0xFF,
    0xFF, 0xC0, 0x00, 0x00, 0x02, 0xFF, 0xF0, 0x00, 0x00, 0x00, 0x03, 0xFF, 0xF8, 0x00, 0x00, 0x00,
    0x0F, 0xC3, 0xFD, 0x00, 0x00, 0x00, 0x3F, 0x02, 0xFF, 0x00, 0x00, 0x00, 0xBE, 0x00, 0xFF, 0xC0,
    0x00, 0x00, 0xF8, 0x00, 0x3F, 0xE0, 0x00, 0x03, 0xF0, 0x00, 0x3F, 0xF0, 0x00, 0xBF, 0xFF, 0x00,
    0xFF, 0xFF, 0x80, 0xBF, 0xFF, 0x01, 0xFF, 0xFF, 0x80, 0x2A, 0xAA, 0xAA, 0xAA, 0xAA, 0x80, 0x3F,
    0xFF, 0xFF, 0xFF, 0xFF, 0xE0, 0x3F, 0xFF, 0xFF, 0xFF, 0xFF, 0xE0, 0x2A, 0xAA, 0xAA, 0xAA, 0xAA,
    0x80, 0x2A, 0xAA, 0xAA, 0xAA, 0xAA, 0xAA, 0xAA, 0xAA, 0xAA, 0xAA, 0xA0, 0x3F, 0xFF, 0xFF, 0xFF,
    0xFF, 0xFF, 0xFF, 0xFF, 0xFF, 0xFF, 0xF0, 0x3F, 0xFF, 0xFF, 0xFF, 0xFF, 0xFF, 0xFF, 0xFF, 0xFF,
    0xFF, 0xF0, 0x2A, 0xAA, 0xAA, 0xAA, 0xAA, 0xAA, 0xAA, 0xAA, 0xAA, 0xAA, 0xA0, 0x00, 0x00, 0x00,
    0xF4, 0x03, 0xE0, 0x0B, 0xC0, 0x0F, 0x00, 0x3E, 0x00, 0x3D, 0x00, 0x7C, 0x00, 0xBF, 0xF0, 0x3F,
    0xF8, 0x3F, 0xF4, 0x0F, 0xF0, 0x00, 0x00, 0x00, 0x00, 0x3F, 0xD0, 0x3F, 0xF0, 0x7F, 0xF8, 0x3F,
    0xF8, 0x00, 0xF8, 0x00, 0xF4, 0x02, 0xF0, 0x03, 0xE0, 0x0B, 0xC0, 0x2F, 0x00, 0x3C, 0x00, 0x00,
    0x00, 0x0B, 0x80, 0x3F, 0xF0, 0x7F, 0xF4, 0x3F, 0xF8, 0x2A, 0xF8, 0x00, 0xF8, 0x01, 0xF0, 0x03,
    0xE0, 0x03, 0xC0, 0x0F, 0x80, 0x3E, 0x00, 0x28, 0x00, 0x00, 0x00, 0x00, 0x00, 0x00, 0xF8, 0x00,
    0xBC, 0x03, 0xE0, 0x02, 0xF0, 0x0B, 0xC0, 0x03, 0xC0, 0x0F, 0x00, 0x0F, 0x80, 0x3E, 0x00, 0x2F,
    0x00, 0x3E, 0x00, 0x3F, 0x00, 0x7C, 0x00, 0x3F, 0x00, 0xBF, 0xF0, 0x3F, 0xF8, 0x3F, 0xF8, 0x3F,
    0xFC, 0x3F, 0xF4, 0x2F, 0xFC, 0x0F, 0xF0, 0x0B, 0xF0, 0x00, 0x00, 0x00, 0x00, 0x00, 0x00, 0x00,
    0x00, 0x2F, 0xD0, 0x0F, 0xE0, 0x3F, 0xF0, 0x3F, 0xF8, 0x7F, 0xF8, 0x3F, 0xFC, 0x3F, 0xF8, 0x2F,
    0xFC, 0x00, 0xF8, 0x00, 0xBC, 0x00, 0xF4, 0x00, 0xFC, 0x02, 0xF0, 0x00, 0xF8, 0x03, 0xE0, 0x02,
    0xF0, 0x0B, 0xC0, 0x03, 0xC0, 0x2F, 0x00, 0x0F, 0x80, 0x3C, 0x00, 0x3E, 0x00, 0x00, 0x00, 0x00,
    0x00, 0x0B, 0x80, 0x0B, 0x80, 0x3F, 0xF0, 0x2F, 0xF0, 0x7F, 0xF4, 0x3F, 0xFC, 0x3F, 0xF8, 0x3F,
    0xFC, 0x2A, 0xF8, 0x0A, 0xFC, 0x00, 0xF8, 0x00, 0xFC, 0x01, 0xF0, 0x00, 0xF8, 0x03, 0xE0, 0x00,
    0xF0, 0x07, 0xC0, 0x03, 0xE0, 0x0F, 0x80, 0x0B, 0xC0, 0x3E, 0x00, 0x2F, 0x00, 0x28, 0x00, 0x28,
    0x00, 0x00, 0x00, 0x00, 0x00, 0x00, 0x00, 0x00, 0x00, 0x2C, 0x00, 0x00, 0x00, 0x00, 0x00, 0x3E,
    0x00, 0x00, 0x00, 0x00, 0x00, 0xBF, 0x00, 0x00, 0x00, 0x00, 0x00, 0xBF, 0x00, 0x00, 0x00, 0x00,
    0x00, 0x3E, 0x00, 0x00, 0x00, 0x00, 0x00, 0x3E, 0x00, 0x00, 0x00, 0x00, 0x00, 0x2C, 0x00, 0x00,
    0x00, 0x03, 0x90, 0x1C, 0x02, 0xE0, 0x00, 0x2F, 0xFF, 0x81, 0xBF, 0xFC, 0x00, 0x3F, 0xFF, 0xC2,
    0xFF, 0xFE, 0x00, 0x0B, 0xE0, 0x0C, 0x0A, 0xF0, 0x00, 0x00, 0x00, 0x2C, 0x00, 0x00, 0x00, 0x00,
    0x00, 0x3C, 0x00, 0x00, 0x00, 0x00, 0x00, 0x3E, 0x00, 0x00, 0x00, 0x00, 0x00, 0x3F, 0x00, 0x00,
    0x00, 0x00, 0x00, 0xBF, 0x00, 0x00, 0x00, 0x00, 0x00, 0xFF, 0x00, 0x00, 0x00, 0x00, 0x00, 0xFF,
    0x00, 0x00, 0x00, 0x00, 0x00, 0xBF, 0x00, 0x00, 0x00, 0x00, 0x00, 0xBF, 0x00, 0x00, 0x00, 0x00,
    0x00, 0xBF, 0x00, 0x00, 0x00, 0x00, 0x00, 0xBF, 0x00, 0x00, 0x00, 0x00, 0x00, 0x3F, 0x00, 0x00,
    0x00, 0x00, 0x00, 0x3E, 0x00, 0x00, 0x00, 0x00, 0x00, 0x3E, 0x00, 0x00, 0x00, 0x00, 0x00, 0x3E,
    0x00, 0x00, 0x00, 0x00, 0x00, 0x3D, 0x00, 0x00, 0x00, 0x00, 0x00, 0x3C, 0x00, 0x00, 0x00, 0x00,
    0x00, 0x2C, 0x00, 0x00, 0x00, 0x00, 0x00, 0x2C, 0x00, 0x00, 0x00, 0x00, 0x00, 0x2C, 0x00, 0x00,
    0x00, 0x00, 0x00, 0x1C, 0x00, 0x00, 0x00, 0x00, 0x00, 0x0C, 0x00, 0x00, 0x00, 0x00, 0x00, 0x08,
    0x00, 0x00, 0x00, 0x00, 0x00, 0x00, 0x00, 0x00, 0x00, 0x00, 0x00, 0x00, 0x00, 0x00, 0x00, 0x00,
    0x00, 0x2C, 0x00, 0x00, 0x00, 0x00, 0x00, 0x3E, 0x00, 0x00, 0x00, 0x00, 0x00, 0xBF, 0x00, 0x00,
    0x00, 0x00, 0x00, 0xBF, 0x00, 0x00, 0x00, 0x00, 0x00, 0x3E, 0x00, 0x00, 0x00, 0x00, 0x00, 0x3E,
    0x00, 0x00, 0x00, 0x00, 0x00, 0x2C, 0x00, 0x00, 0x00, 0x03, 0x90, 0x0C, 0x02, 0xE0, 0x00, 0x2F,
    0xFF, 0x81, 0xBF, 0xFC, 0x00, 0x3F, 0xFF, 0xC2, 0xFF, 0xFE, 0x00, 0x0B, 0xE0, 0x0C, 0x0A, 0xF0,
    0x00, 0x00, 0x00, 0x2C, 0x00, 0x00, 0x00, 0x00, 0x00, 0x3E, 0x00, 0x00, 0x00, 0x00, 0x00, 0x3F,
    0x00, 0x00, 0x00, 0x00, 0x00, 0xBF, 0x00, 0x00, 0x00, 0x00, 0x00, 0xFF, 0x40, 0x00, 0x00, 0x00,
    0x00, 0xFF, 0x80, 0x00, 0x00, 0x00, 0x00, 0xFF, 0x80, 0x00, 0x00, 0x00, 0x00, 0xFF, 0x00, 0x00,
    0x00, 0x00, 0x00, 0xBF, 0x00, 0x00, 0x00, 0x00, 0x00, 0x3E, 0x00, 0x00, 0x00, 0x00, 0x00, 0x3C,
    0x00, 0x00, 0x00, 0x01, 0x00, 0x2C, 0x00, 0x40, 0x00, 0x0F, 0xF9, 0x08, 0x2F, 0xF8, 0x00, 0x3F,
    0xFF, 0xE3, 0xFF, 0xFF, 0x00, 0x0F, 0xFE, 0x08, 0x2F, 0xF8, 0x00, 0x01, 0x00, 0x2C, 0x00, 0x80,
    0x00, 0x00, 0x00, 0x2C, 0x00, 0x00, 0x00, 0x00, 0x00, 0x3E, 0x00, 0x00, 0x00, 0x00, 0x00, 0x3F,
    0x00, 0x00, 0x00, 0x00, 0x00, 0xBF, 0x00, 0x00, 0x00, 0x00, 0x00, 0xBF, 0x00, 0x00, 0x00, 0x00,
    0x00, 0x3E, 0x00, 0x00, 0x00, 0x00, 0x00, 0x0C, 0x00, 0x00, 0x00, 0x00, 0x00, 0x00, 0x00, 0x00,
    0x00, 0x02, 0xF8, 0x00, 0x0F, 0xFF, 0x80, 0x3F, 0xFF, 0xC0, 0x7F, 0xFF, 0xE0, 0xBF, 0xFF, 0xF0,
    0xBF, 0xFF, 0xF0, 0x7F, 0xFF, 0xE0, 0x3F, 0xFF, 0xC0, 0x0F, 0xFF, 0x00, 0x01, 0xA8, 0x00, 0x00,
    0x00, 0x00, 0x00, 0x00, 0x00, 0x00, 0x00, 0x00, 0x0F, 0xE0, 0x00, 0x01, 0xFD, 0x00, 0x00, 0x2F,
    0xC0, 0x3F, 0xF8, 0x00, 0x03, 0xFF, 0x00, 0x00, 0xBF, 0xE0, 0x3F, 0xF8, 0x00, 0x03, 0xFF, 0x00,
    0x00, 0xBF, 0xF0, 0x3F, 0xF8, 0x00, 0x03, 0xFF, 0x00, 0x00, 0xBF, 0xF0, 0x0F, 0xF0, 0x00, 0x02,
    0xFE, 0x00, 0x00, 0x3F, 0xC0, 0x01, 0x00, 0x00, 0x00, 0x20, 0x00, 0x00, 0x01, 0x00, 0x00, 0x04,
    0x00, 0x00, 0x00, 0x00, 0x00, 0x00, 0x00, 0x00, 0x00, 0x00, 0x02, 0xFF, 0xE0, 0x00, 0x00, 0x0A,
    0x80, 0x00, 0x00, 0x00, 0x00, 0x00, 0x0B, 0xE6, 0xFC, 0x00, 0x00, 0x1F, 0x80, 0x00, 0x00, 0x00,
    0x00, 0x00, 0x1F, 0x80, 0xBE, 0x00, 0x00, 0x3F, 0x00, 0x00, 0x00, 0x00, 0x00, 0x00, 0x3F, 0x00,
    0x3F, 0x00, 0x00, 0xBC, 0x00, 0x00, 0x00, 0x00, 0x00, 0x00, 0x3F, 0x00, 0x3F, 0x80, 0x00, 0xF8,
    0x00, 0x00, 0x00, 0x00, 0x00, 0x00, 0xBE, 0x00, 0x2F, 0x80, 0x03, 0xF0, 0x00, 0x00, 0x00, 0x00,
    0x00, 0x00, 0xBE, 0x00, 0x2F, 0xC0, 0x0B, 0xC0, 0x00, 0x00, 0x00, 0x00, 0x00, 0x00, 0xBE, 0x00,
    0x1F, 0xC0, 0x0F, 0x80, 0x00, 0x00, 0x00, 0x00, 0x00, 0x00, 0xBE, 0x00, 0x1F, 0xC0, 0x3F, 0x00,
    0x00, 0x00, 0x00, 0x00, 0x00, 0x00, 0xBE, 0x00, 0x1F, 0xC0, 0xBD, 0x00, 0x00, 0x00, 0x00, 0x00,
    0x00, 0x00, 0xBE, 0x00, 0x2F, 0xC0, 0xFC, 0x00, 0x00, 0x00, 0x00, 0x00, 0x00, 0x00, 0x7F, 0x00,
    0x2F, 0x82, 0xF0, 0x2B, 0xA0, 0x00, 0x00, 0xAA, 0x00, 0x00, 0x3F, 0x00, 0x3F, 0x03, 0xE0, 0xFF,
    0xFC, 0x00, 0x0B, 0xFF, 0xE0, 0x00, 0x2F, 0x40, 0x3F, 0x0F, 0xC3, 0xF0, 0x3F, 0x00, 0x2F, 0x82,
    0xF8, 0x00, 0x0F, 0xC0, 0xFD, 0x2F, 0x0F, 0xC0, 0x1F, 0x80, 0x3F, 0x00, 0xFC, 0x00, 0x03, 0xFF,
    0xF8, 0x3E, 0x0F, 0xC0, 0x0F, 0xC0, 0xFD, 0x00, 0xBE, 0x00, 0x00, 0xBF, 0x80, 0xFC, 0x2F, 0x80,
    0x0F, 0xD0, 0xFC, 0x00, 0x3F, 0x00, 0x00, 0x00, 0x02, 0xF0, 0x2F, 0x80, 0x0B, 0xE0, 0xFC, 0x00,
    0x3F, 0x00, 0x00, 0x00, 0x03, 0xE0, 0x3F, 0x80, 0x0B, 0xE0, 0xFC, 0x00, 0x3F, 0x00, 0x00, 0x00,
    0x0F, 0xC0, 0x3F, 0x00, 0x0B, 0xF2, 0xFC, 0x00, 0x3F, 0x00, 0x00, 0x00, 0x2F, 0x80, 0x3F, 0x40,
    0x0B, 0xF1, 0xFC, 0x00, 0x3F, 0x00, 0x00, 0x00, 0x3F, 0x00, 0x3F, 0x80, 0x0B, 0xE0, 0xFC, 0x00,
    0x3F, 0x00, 0x00, 0x00, 0xBC, 0x00, 0x2F, 0x80, 0x0B, 0xE0, 0xFC, 0x00, 0x3F, 0x00, 0x00, 0x00,
    0xF8, 0x00, 0x2F, 0x80, 0x0F, 0xD0, 0xFC, 0x00, 0x7F, 0x00, 0x00, 0x03, 0xF0, 0x00, 0x0F, 0xC0,
    0x0F, 0xC0, 0xBE, 0x00, 0xBE, 0x00, 0x00, 0x0B, 0xC0, 0x00, 0x0B, 0xD0, 0x2F, 0x80, 0x3F, 0x00,
    0xFC, 0x00, 0x00, 0x0F, 0x80, 0x00, 0x03, 0xF4, 0xBF, 0x00, 0x2F, 0x83, 0xF8, 0x00, 0x00, 0x3F,
    0x00, 0x00, 0x00, 0xFF, 0xFC, 0x00, 0x0B, 0xFF, 0xE0, 0x00, 0x00, 0x00, 0x00, 0x00, 0x00, 0x0A,
    0x80, 0x00, 0x00, 0x69, 0x00, 0x00, 0x00, 0x00, 0x00, 0x00, 0x03, 0xC0, 0x00, 0x0F, 0xC0, 0x00,
    0x2F, 0x00, 0x00, 0x3F, 0x00, 0x00, 0xFC, 0x00, 0x03, 0xFC, 0x00, 0x0B, 0xF0, 0x00, 0x0F, 0xE0,
    0x00, 0x3F, 0xC0, 0x00, 0x3F, 0x80, 0x00, 0x3F, 0x80, 0x00, 0x3F, 0xC0, 0x00, 0x0F, 0xF0, 0x00,
    0x0B, 0xF0, 0x00, 0x03, 0xFC, 0x00, 0x00, 0xFC, 0x00, 0x00, 0x3F, 0x00, 0x00, 0x2F, 0x00, 0x00,
    0x0F, 0xC0, 0x00, 0x03, 0xC0, 0x00, 0x00, 0x00, 0x3C, 0x00, 0x00, 0x3F, 0x00, 0x00, 0x0F, 0x80,
    0x00, 0x0F, 0xC0, 0x00, 0x03, 0xF0, 0x00, 0x03, 0xFC, 0x00, 0x00, 0xFE, 0x00, 0x00, 0xBF, 0x00,
    0x00, 0x3F, 0xC0, 0x00, 0x2F, 0xC0, 0x00, 0x2F, 0xC0, 0x00, 0x3F, 0xC0, 0x00, 0xFF, 0x00, 0x00,
    0xFE, 0x00, 0x03, 0xF8, 0x00, 0x03, 0xF0, 0x00, 0x0F, 0xC0, 0x00, 0x0F, 0x80, 0x00, 0x3F, 0x00,
    0x00, 0x3C, 0x00, 0x00, 0x00, 0x00, 0x00, 0x00, 0x03, 0xE0, 0x00, 0x00, 0x00, 0x00, 0x0F, 0xC0,
    0x00, 0x00, 0x00, 0x00, 0x1F, 0x80, 0x00, 0x00, 0x00, 0x00, 0x3F, 0x00, 0x00, 0x00, 0x00, 0x00,
    0xBC, 0x00, 0x00, 0x00, 0x00, 0x00, 0xF8, 0x00, 0x00, 0x00, 0x00, 0x03, 0xF0, 0x00, 0x00, 0x00,
    0x00, 0x0B, 0xC0, 0x00, 0x00, 0x00, 0x00, 0x0F, 0x80, 0x00, 0x00, 0x00, 0x00, 0x3F, 0x00, 0x00,
    0x00, 0x00, 0x00, 0xBD, 0x00, 0x00, 0x00, 0x00, 0x00, 0xFC, 0x00, 0x00, 0x00, 0x00, 0x02, 0xF0,
    0x00, 0x00, 0x00, 0x00, 0x07, 0xE0, 0x00, 0x00, 0x00, 0x00, 0x0F, 0xC0, 0x00, 0x00, 0x00, 0x00,
    0x2F, 0x00, 0x00, 0x00, 0x00, 0x00, 0x3E, 0x00, 0x00, 0x00, 0x00, 0x00, 0xFC, 0x00, 0x00, 0x00,
    0x00, 0x02, 0xF0, 0x00, 0x00, 0x00, 0x00, 0x03, 0xE0, 0x00, 0x00, 0x00, 0x00, 0x0F, 0xC0, 0x00,
    0x00, 0x00, 0x00, 0x2F, 0x40, 0x00, 0x00, 0x00, 0x00, 0x3F, 0x00, 0x00, 0x00, 0x00, 0x00, 0xBC,
    0x00, 0x00, 0x00, 0x00, 0x01, 0xF8, 0x00, 0x00, 0x00, 0x00, 0x03, 0xF0, 0x00, 0x00, 0x00, 0x00,
    0x0B, 0xC0, 0x00, 0x00, 0x00, 0x00, 0x0F, 0x80, 0x00, 0x00, 0x00, 0x00, 0x3F, 0x00, 0x00, 0x00,
    0x00, 0x00, 0x00, 0x00, 0x2A, 0x00, 0x00, 0x00, 0x3F, 0x00, 0x00, 0x00, 0xFF, 0x00, 0x00, 0x03,
    0xFF, 0x00, 0x00, 0x0F, 0xBF, 0x00, 0x00, 0x3E, 0x3F, 0x00, 0x00, 0xBC, 0x3F, 0x00, 0x02, 0xF0,
    0x3F, 0x00, 0x03, 0xC0, 0x3F, 0x00, 0x0F, 0x00, 0x3F, 0x00, 0x3F, 0xAA, 0xBF, 0xA0, 0x3F, 0xFF,
    0xFF, 0xF0, 0x00, 0x00, 0x3F, 0x00, 0x00, 0x00, 0x3F, 0x00, 0x00, 0x00, 0x3F, 0x00, 0x00, 0x00,
    0x3F, 0x00, 0x00, 0x00, 0x3F, 0x00, 0x00, 0x00, 0x29, 0x00, 0x00, 0x00, 0x00, 0x01, 0x00, 0x00,
    0x00, 0x00, 0x03, 0xFF, 0xFF, 0x80, 0x00, 0x00, 0x3F, 0xFF, 0xFF, 0xF8, 0x00, 0x00, 0xFF, 0xE0,
    0x1F, 0xF8, 0x00, 0x03, 0xFE, 0x00, 0x02, 0xF8, 0x00, 0x0F, 0xF8, 0x00, 0x00, 0xF8, 0x00, 0x2F,
    0xE0, 0x00, 0x00, 0xF8, 0x00, 0x3F, 0xC0, 0x00, 0x00, 0xF8, 0x00, 0xBF, 0x80, 0x00, 0x00, 0xB8,
    0x00, 0xFF, 0x00, 0x00, 0x00, 0x00, 0x00, 0xFF, 0x00, 0x00, 0x00, 0x00, 0x01, 0xFE, 0x00, 0x00,
    0x00, 0x00, 0xBF, 0xFF, 0xFF, 0xFF, 0xC0, 0x00, 0xFF, 0xFF, 0xFF, 0xFF, 0xC0, 0x00, 0x03, 0xFE,
    0x00, 0x00, 0x00, 0x00, 0x03, 0xFE, 0x00, 0x00, 0x00, 0x00, 0xBF, 0xFF, 0xFF, 0xFF, 0x00, 0x00,
    0xFF, 0xFF, 0xFF, 0xFF, 0x00, 0x00, 0x01, 0xFF, 0x00, 0x00, 0x00, 0x00, 0x00, 0xFF, 0x00, 0x00,
    0x00, 0x00, 0x00, 0xFF, 0x00, 0x00, 0x00, 0x00, 0x00, 0xBF, 0x80, 0x00, 0x00, 0xB8, 0x00, 0x3F,
    0xC0, 0x00, 0x00, 0xF8, 0x00, 0x2F, 0xE0, 0x00, 0x00, 0xF8, 0x00, 0x0F, 0xF0, 0x00, 0x00, 0xF8,
    0x00, 0x03, 0xFD, 0x00, 0x01, 0xF8, 0x00, 0x00, 0xFF, 0x80, 0x07, 0xF8, 0x00, 0x00, 0x3F, 0xFF,
    0xFF, 0xF8, 0x00, 0x00, 0x0B, 0xFF, 0xFF, 0xE0, 0x00, 0x00, 0x00, 0x1A, 0x90, 0x00, 0x00, 0x00,
    0x00, 0x00, 0x00, 0x00, 0x6F, 0xFE, 0x00, 0x00, 0x03, 0xFF, 0xFF, 0xF0, 0x00, 0x00, 0xF8, 0x02,
    0xFC, 0x00, 0x00, 0x00, 0x00, 0x3F, 0x00, 0x00, 0x00, 0x00, 0x0F, 0x80, 0x00, 0x00, 0x00, 0x0B,
    0xC0, 0x00, 0x00, 0x00, 0x03, 0xE0, 0x00, 0x00, 0x00, 0x03, 0xF0, 0x00, 0x00, 0x00, 0x02, 0xF0,
    0x00, 0x00, 0x00, 0x02, 0xF8, 0x00, 0x00, 0x00, 0x02, 0xF8, 0x00, 0x00, 0x90, 0x02, 0xFC, 0x00,
    0x3F, 0xFF, 0x43, 0xFC, 0x02, 0xFF, 0xAA, 0xF3, 0xFC, 0x0B, 0xFC, 0x00, 0x3F, 0xF8, 0x0F, 0xF0,
    0x00, 0x0F, 0xF8, 0x3F, 0xE0, 0x00, 0x0B, 0xF8, 0x3F, 0xC0, 0x00, 0x0B, 0xF0, 0xBF, 0x80, 0x00,
    0x0F, 0xF0, 0xBF, 0x00, 0x00, 0x0F, 0xF0, 0xFF, 0x00, 0x00, 0x0F, 0xE0, 0xFF, 0x00, 0x00, 0x2F,
    0xC0, 0xFF, 0x00, 0x00, 0x3F, 0xC0, 0xFF, 0x00, 0x00, 0x3F, 0x80, 0xBF, 0x00, 0x00, 0xBF, 0x00,
    0x3F, 0x40, 0x00, 0xFE, 0x00, 0x1F, 0xC0, 0x03, 0xFC, 0x00, 0x0B, 0xE0, 0x0B, 0xF0, 0x00, 0x01,
    0xFE, 0xBF, 0x80, 0x00, 0x00, 0x1A, 0xE8, 0x00, 0x00, 0x2A, 0xAA, 0xAA, 0xAA, 0xAA, 0xAA, 0xAA,
    0xA0, 0x2B, 0xFF, 0xFF, 0xFF, 0xFF, 0xFF, 0xFF, 0x90, 0x00, 0xFF, 0xF8, 0x00, 0x00, 0xBF, 0xF8,
    0x00, 0x00, 0xBF, 0xC0, 0x00, 0x00, 0x3F, 0xF0, 0x00, 0x00, 0x3F, 0xC0, 0x00, 0x00, 0x2F, 0xF0,
    0x00, 0x00, 0x3F, 0xC0, 0x00, 0x00, 0x2F, 0xF0, 0x00, 0x00, 0x3F, 0xC0, 0x00, 0x00, 0x2F, 0xF0,
    0x00, 0x00, 0x3F, 0xC0, 0x00, 0x00, 0x2F, 0xF0, 0x00, 0x00, 0x3F, 0xC0, 0x00, 0x00, 0x2F, 0xF0,
    0x00, 0x00, 0x3F, 0xC0, 0x00, 0x00, 0x2F, 0xF0, 0x00, 0x00, 0x3F, 0xC0, 0x00, 0x00, 0x2F, 0xF0,
    0x00, 0x00, 0x3F, 0xC0, 0x00, 0x00, 0x2F, 0xF0, 0x00, 0x00, 0x3F, 0xC0, 0x00, 0x00, 0x2F, 0xF0,
    0x00, 0x00, 0x3F, 0xC0, 0x00, 0x00, 0x2F, 0xF0, 0x00, 0x00, 0x3F, 0xC0, 0x00, 0x00, 0x2F, 0xF0,
    0x00, 0x00, 0x3F, 0xC0, 0x00, 0x00, 0x2F, 0xF0, 0x00, 0x00, 0x3F, 0xC0, 0x00, 0x00, 0x2F, 0xF0,
    0x00, 0x00, 0x3F, 0xC0, 0x00, 0x00, 0x2F, 0xF0, 0x00, 0x00, 0x3F, 0xC0, 0x00, 0x00, 0x2F, 0xF0,
    0x00, 0x00, 0x3F, 0xC0, 0x00, 0x00, 0x2F, 0xF0, 0x00, 0x00, 0x3F, 0xC0, 0x00, 0x00, 0x2F, 0xF0,
    0x00, 0x00, 0x3F, 0xC0, 0x00, 0x00, 0x2F, 0xF0, 0x00, 0x00, 0x3F, 0xC0, 0x00, 0x00, 0x2F, 0xF0,
    0x00, 0x00, 0x3F, 0xC0, 0x00, 0x00, 0x2F, 0xF0, 0x00, 0x00, 0x3F, 0xC0, 0x00, 0x00, 0x2F, 0xF0,
    0x00, 0x00, 0x3F, 0xC0, 0x00, 0x00, 0x2F, 0xF0, 0x00, 0x00, 0xBF, 0xD0, 0x00, 0x00, 0x3F, 0xF0,
    0x00, 0x02, 0xFF, 0xF8, 0x00, 0x00, 0xFF, 0xFD, 0x00, 0x7F, 0xFF, 0xFF, 0xC0, 0x2F, 0xFF, 0xFF,
    0xF0, 0x2A, 0xAA, 0xAA, 0xAA, 0xAA, 0x80, 0x2F, 0xFF, 0xFF, 0xFF, 0xFF, 0x80, 0x2F, 0xFE, 0xAA,
    0xAA, 0xBF, 0x80, 0x0F, 0xFE, 0x00, 0x00, 0x2F, 0x80, 0x03, 0xFF, 0x00, 0x00, 0x1F, 0x80, 0x02,
    0xFF, 0xC0, 0x00, 0x0F, 0x80, 0x00, 0xFF, 0xE0, 0x00, 0x0F, 0x80, 0x00, 0x3F, 0xF0, 0x00, 0x00,
    0x00, 0x00, 0x0F, 0xFC, 0x00, 0x00, 0x00, 0x00, 0x0B, 0xFE, 0x00, 0x00, 0x00, 0x00, 0x03, 0xFF,
    0x00, 0x00, 0x00, 0x00, 0x00, 0xFF, 0xC0, 0x00, 0x00, 0x00, 0x00, 0xBF, 0xE0, 0x00, 0x00, 0x00,
    0x00, 0x3F, 0xF0, 0x00, 0x00, 0x00, 0x00, 0xBF, 0xE0, 0x00, 0x00, 0x00, 0x00, 0xFF, 0xC0, 0x00,
    0x00, 0x00, 0x03, 0xFF, 0x00, 0x00, 0x00, 0x00, 0x0B, 0xFE, 0x00, 0x00, 0x00, 0x00, 0x0F, 0xFC,
    0x00, 0x00, 0x00, 0x00, 0x3F, 0xF0, 0x00, 0x00, 0x00, 0x00, 0xBF, 0xD0, 0x00, 0x03, 0xD0, 0x00,
    0xFF, 0x80, 0x00, 0x03, 0xE0, 0x03, 0xFF, 0x00, 0x00, 0x0B, 0xE0, 0x0F, 0xFC, 0x00, 0x00, 0x0B,
    0xE0, 0x2F, 0xF8, 0x00, 0x00, 0x0F, 0xE0, 0x3F, 0xF0, 0x00, 0x00, 0x1F, 0xE0, 0xBF, 0xFF, 0xFF,
    0xFF, 0xFF, 0xE0, 0xBF, 0xFF, 0xFF, 0xFF, 0xFF, 0xE0, 0xBF, 0xFF, 0xFF, 0xFF, 0xFF, 0xFF, 0x80,
    0xFF, 0xFF, 0xFF, 0xFF, 0xFF, 0xFF, 0xC0, 0xFF, 0xFF, 0xFF, 0xFF, 0xFF, 0xFF, 0xC0, 0x00, 0x00,
    0x00, 0x00, 0x0A, 0x80, 0x00, 0x00, 0x00, 0x00, 0x0F, 0x80, 0x00, 0x00, 0x00, 0x00, 0x3F, 0x00,
    0x00, 0x00, 0x00, 0x00, 0xBE, 0x00, 0x00, 0x00, 0x00, 0x00, 0xFC, 0x00, 0x00, 0x00, 0x00, 0x02,
    0xF4, 0x00, 0x00, 0x00, 0x00, 0x03, 0xF0, 0x00, 0x00, 0x00, 0x00, 0x0B, 0xC0, 0x00, 0x00, 0x00,
    0x00, 0x0F, 0x80, 0x00, 0x00, 0x00, 0x00, 0x3F, 0x00, 0x00, 0x00, 0x00, 0x00, 0x3E, 0x00, 0x00,
    0x00, 0x00, 0x00, 0xFC, 0x00, 0x00, 0x00, 0x00, 0x02, 0xF8, 0x00, 0x00, 0x00, 0x00, 0x03, 0xF0,
    0x00, 0x00, 0x00, 0x00, 0x0B, 0xC0, 0x00, 0x00, 0x00, 0x00, 0x0F, 0xC0, 0x00, 0x00, 0x00, 0x00,
    0x2F, 0x00, 0x00, 0x00, 0x00, 0x00, 0x3E, 0x00, 0x00, 0x00, 0x00, 0x00, 0xFC, 0x00, 0x00, 0x00,
    0x00, 0x01, 0xF8, 0x00, 0x00, 0x00, 0x00, 0x03, 0xF0, 0x00, 0x00, 0x00, 0x00, 0x0B, 0xE0, 0x00,
    0x00, 0x00, 0x00, 0x0F, 0xC0, 0x00, 0x00, 0x00, 0x00, 0x2F, 0x00, 0x00, 0x00, 0x00, 0x00, 0x3F,
    0x00, 0x00, 0x00, 0x00, 0x00, 0xBC, 0x00, 0x00, 0x00, 0x00, 0x00, 0xF8, 0x00, 0x00, 0x00, 0x00,
    0x03, 0xF0, 0x00, 0x00, 0x00, 0x00, 0x07, 0xE0, 0x00, 0x00, 0x00, 0x00, 0x0F, 0xC0, 0x00, 0x00,
    0x00, 0x00, 0x2F, 0x40, 0x00, 0x00, 0x00, 0x00, 0x2A, 0x00, 0x00, 0x00, 0x00, 0x00, 0x0A, 0x00,
    0x3F, 0xC0, 0xBF, 0xC0, 0xBF, 0xC0, 0x3F, 0xC0, 0x04, 0x00, 0x00, 0x00, 0x00, 0x00, 0x00, 0xFE,
    0x00, 0x00, 0x00, 0x00, 0x00, 0xE8, 0x00, 0x00, 0x00, 0x00, 0x02, 0xC0, 0x00, 0x00, 0x00, 0x00,
    0x02, 0xC0, 0x00, 0x00, 0x00, 0x00, 0x03, 0xC0, 0x00, 0x00, 0x00, 0x00, 0x03, 0x80, 0x00, 0x00,
    0x00, 0x00, 0x0B, 0x00, 0x00, 0x00, 0x00, 0x00, 0x0F, 0x00, 0x00, 0x00, 0x00, 0x00, 0x0E, 0x00,
    0x00, 0xB0, 0x00, 0x00, 0x1E, 0x00, 0x0B, 0xF8, 0x00, 0x00, 0x2C, 0x00, 0x3F, 0xFC, 0x00, 0x00,
    0x3C, 0x00, 0x20, 0xBE, 0x00, 0x00, 0x38, 0x00, 0x00, 0x3F, 0x00, 0x00, 0xB4, 0x00, 0x00, 0x2F,
    0x80, 0x00, 0xB0, 0x00, 0x00, 0x0F, 0xC0, 0x00, 0xF0, 0x00, 0x00, 0x0B, 0xE0, 0x00, 0xE0, 0x00,
    0x00, 0x03, 0xF0, 0x02, 0xC0, 0x00, 0x00, 0x02, 0xF8, 0x03, 0xC0, 0x00, 0x00, 0x00, 0xFC, 0x03,
    0xC0, 0x00, 0x00, 0x00, 0xBE, 0x07, 0x80, 0x00, 0x00, 0x00, 0x3F, 0x0B, 0x00, 0x00, 0x00, 0x00,
    0x2F, 0x8F, 0x00, 0x00, 0x00, 0x00, 0x0F, 0xEE, 0x00, 0x00, 0x00, 0x00, 0x0B, 0xFD, 0x00, 0x00,
    0x00, 0x00, 0x03, 0xFC, 0x00, 0x00, 0x00, 0x00, 0x02, 0xFC, 0x00, 0x00, 0x00, 0x00, 0x00, 0xF8,
    0x00, 0x00, 0x00, 0x00, 0x00, 0xB0, 0x00, 0x00, 0x00, 0x00, 0x00, 0x00, 0x00, 0x00, 0x00, 0x00,
    0x00, 0xFF, 0xE0, 0x00, 0x02, 0xFF, 0xC0, 0x00, 0x0B, 0xFF, 0xFD, 0x00, 0x2F, 0xFF, 0xF8, 0x00,
    0x0F, 0xC0, 0xBF, 0x80, 0xBF, 0x80, 0xFC, 0x00, 0x3F, 0x00, 0x0B, 0xF3, 0xF8, 0x00, 0x3F, 0x00,
    0x3D, 0x00, 0x01, 0xFF, 0xD0, 0x00, 0x1F, 0x00, 0x3C, 0x00, 0x00, 0xBF, 0x40, 0x00, 0x0F, 0x00,
    0x3C, 0x00, 0x00, 0xFF, 0xC0, 0x00, 0x0F, 0x00, 0x3E, 0x00, 0x03, 0xF3, 0xF0, 0x00, 0x2F, 0x00,
    0x0F, 0x80, 0x2F, 0xC0, 0xFE, 0x00, 0xBC, 0x00, 0x0B, 0xFF, 0xFE, 0x00, 0x2F, 0xFF, 0xF8, 0x00,
    0x02, 0xFF, 0xF0, 0x00, 0x03, 0xFF, 0xE0, 0x00, 0x00, 0x00, 0x00, 0x00, 0x00, 0x00, 0x00, 0x00,
    0x00, 0x00, 0x00, 0xAA, 0x00, 0x00, 0x00, 0x0B, 0xFF, 0xC0, 0x00, 0x00, 0x2F, 0xFF, 0xC0, 0x00,
    0x00, 0x3E, 0xBF, 0xC0, 0x00, 0x00, 0xBC, 0x0A, 0x00, 0x00, 0x00, 0xBC, 0x00, 0x00, 0x00, 0x00,
    0xFC, 0x00, 0x00, 0x00, 0x00, 0xFC, 0x00, 0x00, 0x00, 0x00, 0xFC, 0x00, 0x00, 0x00, 0x01, 0xFC,
    0x00, 0x00, 0x00, 0x02, 0xF8, 0x00, 0x00, 0x00, 0x02, 0xF8, 0x00, 0x00, 0x00, 0x02, 0xF8, 0x00,
    0x00, 0x00, 0x02, 0xF8, 0x00, 0x00, 0x00, 0x02, 0xF8, 0x00, 0x00, 0x00, 0x03, 0xF8, 0x00, 0x00,
    0x00, 0x03, 0xF8, 0x00, 0x00, 0x00, 0x03, 0xF8, 0x00, 0x00, 0x00, 0x03, 0xF8, 0x00, 0x00, 0x00,
    0x03, 0xF8, 0x00, 0x00, 0x00, 0x03, 0xF8, 0x00, 0x00, 0x00, 0x03, 0xF8, 0x00, 0x00, 0x00, 0x03,
    0xF4, 0x00, 0x00, 0x00, 0x03, 0xF0, 0x00, 0x00, 0x00, 0x03, 0xF0, 0x00, 0x00, 0x00, 0x03, 0xF0,
    0x00, 0x00, 0x00, 0x03, 0xF0, 0x00, 0x00, 0x00, 0x03, 0xF0, 0x00, 0x00, 0x00, 0x03, 0xF0, 0x00,
    0x00, 0x00, 0x03, 0xF0, 0x00, 0x00, 0x00, 0x07, 0xF0, 0x00, 0x00, 0x00, 0x0B, 0xE0, 0x00, 0x00,
    0x00, 0x0B, 0xE0, 0x00, 0x00, 0x00, 0x0B, 0xC0, 0x00, 0x00, 0x04, 0x0B, 0xC0, 0x00, 0x00, 0xBF,
    0x0F, 0x80, 0x00, 0x00, 0xBF, 0xFF, 0x00, 0x00, 0x00, 0xBF, 0xFC, 0x00, 0x00, 0x00, 0x3F, 0xE0,
    0x00, 0x00, 0x00, 0x00, 0x00, 0x00, 0x00, 0x00, 0x00, 0x00, 0x00, 0x00, 0x00, 0x00, 0x00, 0x00,
    0x2A, 0x90, 0x00, 0x00, 0x00, 0xC0, 0x0B, 0xFF, 0xFF, 0x80, 0x00, 0x0B, 0xC0, 0x3F, 0xFF, 0xFF,
    0xFE, 0x00, 0xBF, 0xC0, 0xFE, 0x00, 0x2F, 0xFF, 0xFF, 0xFF, 0x00, 0xF0, 0x00, 0x00, 0x7F, 0xFF,
    0xF8, 0x00, 0xC0, 0x00, 0x00, 0x00, 0xAA, 0x00, 0x00, 0x00, 0x00, 0x00, 0x00, 0x00, 0x00, 0x00,
    0x00, 0x6A, 0x90, 0x00, 0x00, 0x00, 0xC0, 0x0B, 0xFF, 0xFF, 0x80, 0x00, 0x0B, 0xC0, 0x3F, 0xFF,
    0xFF, 0xFE, 0x00, 0xBF, 0xC0, 0xFE, 0x00, 0x2F, 0xFF, 0xFF, 0xFF, 0x00, 0xF0, 0x00, 0x00, 0x6F,
    0xFF, 0xF8, 0x00, 0xC0, 0x00, 0x00, 0x00, 0xAA, 0x00, 0x00, 0x00, 0x00, 0x00, 0x00, 0x00, 0x00,
    0x00, 0x00, 0x00, 0x00, 0x00, 0x00, 0x00, 0x00, 0x00, 0x00, 0x00, 0x00, 0x00, 0xC0, 0x00, 0x00,
    0x00, 0x00, 0x00, 0x03, 0xF0, 0x00, 0x00, 0x00, 0x00, 0x00, 0x0F, 0xD0, 0x00, 0x00, 0x00, 0x00,
    0x00, 0x3F, 0x40, 0x00, 0xAA, 0xAA, 0xAA, 0xAA, 0xFF, 0xAA, 0x80, 0xFF, 0xFF, 0xFF, 0xFF, 0xFF,
    0xFF, 0xC0, 0xFF, 0xFF, 0xFF, 0xFF, 0xFF, 0xFF, 0xC0, 0x00, 0x00, 0x00, 0xBF, 0x80, 0x00, 0x00,
    0x00, 0x00, 0x00, 0xFD, 0x00, 0x00, 0x00, 0x00, 0x00, 0x03, 0xF4, 0x00, 0x00, 0x00, 0x00, 0x00,
    0x0F, 0xD0, 0x00, 0x00, 0x00, 0x00, 0x00, 0x3F, 0x80, 0x00, 0x00, 0x00, 0xFF, 0xFF, 0xFF, 0xFF,
    0xFF, 0xFF, 0xC0, 0xFF, 0xFF, 0xFF, 0xFF, 0xFF, 0xFF, 0xC0, 0xAA, 0xBF, 0xEA, 0xAA, 0xAA, 0xAA,
    0x80, 0x00, 0x3F, 0x40, 0x00, 0x00, 0x00, 0x00, 0x00, 0xFD, 0x00, 0x00, 0x00, 0x00, 0x00, 0x03,
    0xF4, 0x00, 0x00, 0x00, 0x00, 0x00, 0x00, 0xD0, 0x00, 0x00, 0x00, 0x00, 0x00, 0x00, 0x00, 0x00,
    0x00, 0x00, 0x00, 0x00, 0x00, 0x00, 0x00, 0x00, 0x00, 0x00, 0x00, 0x00, 0x00, 0x00, 0x00, 0x00,
    0x0B, 0xC0, 0x00, 0x00, 0x00, 0x00, 0x02, 0xFF, 0xC0, 0x00, 0x00, 0x00, 0x00, 0xBF, 0xFF, 0x80,
    0x00, 0x00, 0x00, 0x2F, 0xFF, 0xE0, 0x00, 0x00, 0x00, 0x0B, 0xFF, 0xF8, 0x00, 0x00, 0x00, 0x06,
    0xFF, 0xF8, 0x00, 0x00, 0x00, 0x02, 0xFF, 0xFE, 0x00, 0x00, 0x00, 0x00, 0xBF, 0xFE, 0x40, 0x00,
    0x00, 0x00, 0x00, 0xFF, 0x80, 0x00, 0x00, 0x00, 0x00, 0x00, 0xFF, 0x80, 0x00, 0x00, 0x00, 0x00,
    0x00, 0xBF, 0xFE, 0x80, 0x00, 0x00, 0x00, 0x00, 0x01, 0xBF, 0xFE, 0x00, 0x00, 0x00, 0x00, 0x00,
    0x06, 0xFF, 0xF9, 0x00, 0x00, 0x00, 0x00, 0x00, 0x0B, 0xFF, 0xF8, 0x00, 0x00, 0x00, 0x00, 0x00,
    0x2F, 0xFF, 0xE0, 0x00, 0x00, 0x00, 0x00, 0x00, 0xBF, 0xFF, 0x80, 0x00, 0x00, 0x00, 0x00, 0x02,
    0xFF, 0xC0, 0x00, 0x00, 0x00, 0x00, 0x00, 0x0B, 0xC0, 0x00, 0x00, 0x00, 0x00, 0x00, 0x00, 0x00,
    0x00, 0x00, 0x00, 0x00, 0x00, 0x00, 0x00, 0xAA, 0xAA, 0xAA, 0xAA, 0xAA, 0xAA, 0x80, 0xFF, 0xFF,
    0xFF, 0xFF, 0xFF, 0xFF, 0xC0, 0xFF, 0xFF, 0xFF, 0xFF, 0xFF, 0xFF, 0xC0, 0x00, 0x00, 0x00, 0x00,
    0x00, 0x00, 0x00, 0xF8, 0x00, 0x00, 0x00, 0x00, 0x00, 0x00, 0xFF, 0xE0, 0x00, 0x00, 0x00, 0x00,
    0x00, 0xBF, 0xFF, 0x80, 0x00, 0x00, 0x00, 0x00, 0x02, 0xFF, 0xFE, 0x00, 0x00, 0x00, 0x00, 0x00,
    0x0B, 0xFF, 0xF8, 0x00, 0x00, 0x00, 0x00, 0x00, 0x0B, 0xFF, 0xE4, 0x00, 0x00, 0x00, 0x00, 0x00,
    0x2F, 0xFF, 0xE0, 0x00, 0x00, 0x00, 0x00, 0x00, 0x6F, 0xFF, 0x80, 0x00, 0x00, 0x00, 0x00, 0x00,
    0xBF, 0xC0, 0x00, 0x00, 0x00, 0x00, 0x00, 0xBF, 0xC0, 0x00, 0x00, 0x00, 0x00, 0xAF, 0xFF, 0x80,
    0x00, 0x00, 0x00, 0x2F, 0xFF, 0x90, 0x00, 0x00, 0x00, 0x1B, 0xFF, 0xE4, 0x00, 0x00, 0x00, 0x0B,
    0xFF, 0xF8, 0x00, 0x00, 0x00, 0x02, 0xFF, 0xFE, 0x00, 0x00, 0x00, 0x00, 0xBF, 0xFF, 0x80, 0x00,
    0x00, 0x00, 0x00, 0xFF, 0xE0, 0x00, 0x00, 0x00, 0x00, 0x00, 0xF8, 0x00, 0x00, 0x00, 0x00, 0x00,
    0x00, 0x00, 0x00, 0x00, 0x00, 0x00, 0x00, 0x00, 0x00, 0x00, 0x00, 0x00, 0x00, 0x00, 0x00, 0xAA,
    0xAA, 0xAA, 0xAA, 0xAA, 0xAA, 0x80, 0xFF, 0xFF, 0xFF, 0xFF, 0xFF, 0xFF, 0xC0, 0xFF, 0xFF, 0xFF,
    0xFF, 0xFF, 0xFF, 0xC0, 0x00, 0x00, 0x00, 0x00, 0x02, 0x00, 0x00, 0x00, 0x00, 0x00, 0x00, 0x00,
    0x00, 0x00, 0x0B, 0xC0, 0x00, 0x00, 0x00, 0x00, 0x00, 0x00, 0x00, 0x00, 0x2F, 0xF0, 0x00, 0x00,
    0x00, 0x00, 0x00, 0x00, 0x00, 0x00, 0xBF, 0xFC, 0x00, 0x00, 0x00, 0x00, 0x00, 0x00, 0x00, 0x02,
    0xFF, 0xFF, 0x00, 0x00, 0x00, 0x00, 0x00, 0x00, 0x00, 0x0B, 0xFF, 0xFF, 0xC0, 0x00, 0x00, 0x00,
    0x00, 0x00, 0x00, 0x2F, 0xFF, 0xFF, 0xF0, 0x00, 0x00, 0x00, 0x00, 0x00, 0x00, 0xBF, 0xE0, 0x0B,
    0xFC, 0x00, 0x00, 0x00, 0x00, 0x00, 0x02, 0xFC, 0x2F, 0x80, 0x7F, 0x00, 0x00, 0x00, 0x00, 0x00,
    0x0B, 0xF1, 0xFF, 0xF0, 0x0F, 0xC0, 0x00, 0x00, 0x00, 0x00, 0x2F, 0xD3, 0xFF, 0xFC, 0x0B, 0xF0,
    0x00, 0x00, 0x00, 0x00, 0xBF, 0xC2, 0xFF, 0xFE, 0x03, 0xFC, 0x00, 0x00, 0x00, 0x02, 0xFF, 0xC0,
    0xFF, 0xFE, 0x03, 0xFF, 0x00, 0x00, 0x00, 0x0B, 0xFF, 0xC0, 0xFF, 0xFE, 0x02, 0xFF, 0xC0, 0x00,
    0x00, 0x2F, 0xFF, 0xC0, 0xBF, 0xFE, 0x03, 0xFF, 0xF0, 0x00, 0x00, 0xBF, 0xFF, 0xF0, 0xFF, 0xFE,
    0x03, 0xFF, 0xFC, 0x00, 0x02, 0xFF, 0xFF, 0xFF, 0xFF, 0xFC, 0x0B, 0xFF, 0xFF, 0x00, 0x0B, 0xFF,
    0xFF, 0xFF, 0xFF, 0xFC, 0x0F, 0xFF, 0xFF, 0xC0, 0x2F, 0xFF, 0xFF, 0xFF, 0xFF, 0xF8, 0x2F, 0xFF,
    0xFF, 0xF0, 0xBF, 0xFF, 0xFF, 0xFF, 0xFF, 0xF0, 0xBF, 0xFF, 0xFF, 0xFC, 0x3F, 0xFF, 0xFF, 0xFF,
    0xFF, 0xE0, 0xFF, 0xFF, 0xFF, 0xF8, 0x0F, 0xFF, 0xFF, 0xFF, 0xFF, 0xC3, 0xFF, 0xFF, 0xFF, 0xE0,
    0x03, 0xFF, 0xFF, 0xFF, 0xFF, 0x8F, 0xFF, 0xFF, 0xFF, 0x80, 0x00, 0xFF, 0xFF, 0xFF, 0xFF, 0x2F,
    0xFF, 0xFF, 0xFE, 0x00, 0x00, 0x3F, 0xFF, 0xFF, 0xFF, 0x3F, 0xFF, 0xFF, 0xF8, 0x00, 0x00, 0x0F,
    0xFF, 0xFF, 0xFE, 0xBF, 0xFF, 0xFF, 0xE0, 0x00, 0x00, 0x03, 0xFF, 0xFF, 0xFD, 0xFF, 0xFF, 0xFF,
    0x80, 0x00, 0x00, 0x00, 0xFF, 0xFF, 0xFD, 0xFF, 0xFF, 0xFE, 0x00, 0x00, 0x00, 0x00, 0x3F, 0xFF,
    0xFF, 0xFF, 0xFF, 0xF8, 0x00, 0x00, 0x00, 0x00, 0x0F, 0xFF, 0xFF, 0xFF, 0xFF, 0xE0, 0x00, 0x00,
    0x00, 0x00, 0x03, 0xFF, 0xFF, 0xFF, 0xFF, 0x80, 0x00, 0x00, 0x00, 0x00, 0x00, 0xFF, 0xF8, 0x3F,
    0xFE, 0x00, 0x00, 0x00, 0x00, 0x00, 0x00, 0x3F, 0xE0, 0x1F, 0xF8, 0x00, 0x00, 0x00, 0x00, 0x00,
    0x00, 0x0F, 0xE0, 0x0F, 0xE0, 0x00, 0x00, 0x00, 0x00, 0x00, 0x00, 0x03, 0xF0, 0x3F, 0x80, 0x00,
    0x00, 0x00, 0x00, 0x00, 0x00, 0x00, 0xFE, 0xFE, 0x00, 0x00, 0x00, 0x00, 0x00, 0x00, 0x00, 0x00,
    0x3F, 0xF8, 0x00, 0x00, 0x00, 0x00, 0x00, 0x00, 0x00, 0x00, 0x0F, 0xE0, 0x00, 0x00, 0x00, 0x00,
    0x00, 0x00, 0x00, 0x00, 0x03, 0x80, 0x00, 0x00, 0x00, 0x00, 0x00, 0x00, 0x00, 0x00, 0x00, 0x00,
    0x00, 0x00, 0x00, 0x00,
};

static const EpdGlyph chareink_18_regularGlyphs[] = {
    { 0, 0, 14, 0, 30, 0, 0 },
    { 8, 30, 14, 4, 29, 60, 0 },
    { 12, 13, 14, 1, 30, 39, 60 },
    { 28, 31, 30, 2, 30, 217, 99 },
    { 20, 36, 23, 2, 31, 180, 316 },
    { 36, 30, 35, 1, 29, 270, 496 },
    { 28, 30, 29, 1, 29, 210, 766 },
    { 8, 13, 7, 1, 30, 26, 976 },
    { 16, 36, 15, 2, 30, 144, 1002 },
    { 16, 36, 15, 1, 30, 144, 1146 },
    { 20, 17, 21, 2, 30, 85, 1290 },
    { 28, 25, 41, 8, 25, 175, 1375 },
    { 8, 13, 11, 1, 6, 26, 1550 },
    { 12, 4, 13, 1, 12, 12, 1576 },
    { 8, 7, 11, 2, 6, 14, 1588 },
    { 24, 32, 20, -1, 28, 192, 1602 },
    { 24, 30, 23, 1, 29, 180, 1794 },
    { 20, 29, 23, 2, 29, 145, 1974 },
    { 24, 29, 23, 1, 29, 174, 2119 },
    { 24, 30, 23, 1, 29, 180, 2293 },
    { 24, 30, 23, 1, 29, 180, 2473 },
    { 24, 29, 23, 1, 28, 174, 2653 },
    { 24, 30, 23, 1, 29, 180, 2827 },
    { 24, 29, 23, 2, 28, 174, 3007 },
    { 24, 30, 23, 1, 29, 180, 3181 },
    { 24, 30, 23, 1, 29, 180, 3361 },
    { 8, 22, 11, 2, 21, 44, 3541 },
    { 8, 28, 11, 1, 21, 56, 3585 },
    { 28, 23, 41, 8, 24, 161, 3641 },
    { 28, 11, 41, 8, 18, 77, 3802 },
    { 28, 23, 41, 8, 24, 161, 3879 },
    { 20, 30, 20, 1, 29, 150, 4040 },
    { 36, 36, 38, 2, 29, 324, 4190 },
    { 28, 29, 28, 0, 29, 203, 4514 },
    { 24, 28, 25, 1, 28, 168, 4717 },
    { 24, 30, 26, 1, 29, 180, 4885 },
    { 28, 28, 29, 1, 28, 196, 5065 },
    { 24, 28, 24, 1, 28, 168, 5261 },
    { 24, 28, 22, 0, 28, 168, 5429 },
    { 28, 30, 28, 1, 29, 210, 5597 },
    { 32, 28, 30, 1, 28, 224, 5807 },
    { 12, 28, 14, 1, 28, 84, 6031 },
    { 20, 29, 20, 0, 28, 145, 6115 },
    { 28, 28, 26, 1, 28, 196, 6260 },
    { 24, 28, 22, 0, 28, 168, 6456 },
    { 36, 28, 36, 1, 28, 252, 6624 },
    { 32, 28, 30, 0, 28, 224, 6876 },
    { 28, 30, 30, 1, 29, 210, 7100 },
    { 24, 28, 24, 0, 28, 168, 7310 },
    { 28, 37, 30, 1, 29, 259, 7478 },
    { 28, 29, 27, 1, 28, 203, 7737 },
    { 20, 30, 21, 1, 29, 150, 7940 },
    { 28, 28, 25, 0, 28, 196, 8090 },
    { 28, 29, 29, 1, 28, 203, 8286 },
    { 28, 29, 27, 0, 28, 203, 8489 },
    { 40, 29, 38, 0, 28, 290, 8692 },
    { 28, 28, 26, 0, 28, 196, 8982 },
    { 28, 28, 26, 0, 28, 196, 9178 },
    { 24, 28, 24, 1, 28, 168, 9374 },
    { 12, 36, 17, 5, 30, 108, 9542 },
    { 24, 32, 20, -1, 28, 192, 9650 },
    { 12, 36, 17, 1, 30, 108, 9842 },
    { 16, 8, 13, -1, 30, 32, 9950 },
    { 16, 4, 14, -1, -3, 16, 9982 },
    { 12, 9, 14, -1, 31, 27, 9998 },
    { 20, 22, 21, 1, 21, 110, 10025 },
    { 24, 31, 23, 0, 31, 186, 10135 },
    { 20, 22, 19, 1, 21, 110, 10321 },
    { 24, 32, 23, 1, 31, 192, 10431 },
    { 20, 22, 20, 1, 21, 110, 10623 },
    { 16, 31, 13, 1, 31, 124, 10733 },
    { 20, 31, 22, 1, 21, 155, 10857 },
    { 24, 31, 24, 0, 31, 186, 11012 },
    { 12, 30, 12, 1, 30, 90, 11198 },
    { 16, 40, 12, -4, 30, 160, 11288 },
    { 24, 31, 22, 0, 31, 186, 11448 },
    { 12, 31, 12, 0, 31, 93, 11634 },
    { 36, 21, 35, 0, 21, 189, 11727 },
    { 24, 21, 23, 0, 21, 126, 11916 },
    { 24, 22, 22, 1, 21, 132, 12042 },
    { 24, 30, 23, 0, 21, 180, 12174 },
    { 24, 30, 23, 1, 21, 180, 12354 },
    { 16, 21, 16, 0, 21, 84, 12534 },
    { 16, 22, 16, 1, 21, 88, 12618 },
    { 16, 27, 14, 0, 26, 108, 12706 },
    { 24, 22, 23, 0, 21, 132, 12814 },
    { 24, 21, 22, 0, 21, 126, 12946 },
    { 32, 21, 32, 0, 21, 168, 13072 },
    { 24, 21, 21, 0, 21, 126, 13240 },
    { 24, 31, 22, 0, 21, 186, 13366 },
    { 20, 21, 19, 1, 21, 105, 13552 },
    { 16, 36, 20, 2, 30, 144, 13657 },
    { 4, 44, 14, 5, 33, 44, 13801 },
    { 16, 36, 20, 2, 30, 144, 13845 },
    { 28, 7, 34, 3, 16, 49, 13989 },
    { 0, 0, 14, 0, 30, 0, 14038 },
    { 8, 30, 14, 4, 21, 60, 14038 },
    { 20, 31, 23, 3, 26, 155, 14098 },
    { 24, 31, 23, 1, 31, 186, 14253 },
    { 24, 23, 25, 1, 29, 138, 14439 },
    { 28, 28, 24, 0, 28, 196, 14577 },
    { 4, 40, 14, 5, 31, 40, 14773 },
    { 20, 36, 21, 2, 31, 180, 14813 },
    { 16, 5, 13, -1, 29, 20, 14993 },
    { 36, 33, 34, 1, 31, 297, 15013 },
    { 16, 17, 14, 0, 29, 68, 15310 },
    { 20, 21, 18, 0, 21, 105, 15378 },
    { 24, 11, 25, 1, 18, 66, 15483 },
    { 0, 0, 1, 0, 30, 0, 15549 },
    { 36, 33, 34, 1, 31, 297, 15549 },
    { 16, 3, 14, -1, 27, 12, 15846 },
    { 12, 10, 13, 1, 30, 30, 15858 },
    { 28, 25, 41, 8, 25, 175, 15888 },
    { 16, 18, 15, 1, 33, 72, 16063 },
    { 16, 18, 15, 1, 33, 72, 16135 },
    { 12, 9, 14, 4, 31, 27, 16207 },
    { 24, 31, 22, 2, 21, 186, 16234 },
    { 20, 32, 20, 0, 28, 160, 16420 },
    { 8, 6, 8, 1, 17, 12, 16580 },
    { 12, 12, 9, 1, 2, 36, 16592 },
    { 12, 18, 15, 1, 33, 54, 16628 },
    { 16, 17, 15, 0, 29, 68, 16682 },
    { 20, 21, 18, 0, 21, 105, 16750 },
    { 36, 31, 36, 1, 30, 279, 16855 },
    { 36, 30, 36, 1, 30, 270, 17134 },
    { 36, 31, 36, 1, 30, 279, 17404 },
    { 16, 30, 20, 2, 21, 120, 17683 },
    { 28, 39, 28, 0, 39, 273, 17803 },
    { 28, 39, 28, 0, 39, 273, 18076 },
    { 28, 38, 28, 0, 38, 266, 18349 },
    { 28, 37, 28, 0, 37, 259, 18615 },
    { 28, 37, 28, 0, 37, 259, 18874 },
    { 28, 41, 28, 0, 41, 287, 19133 },
    { 40, 28, 38, 0, 28, 280, 19420 },
    { 24, 39, 26, 1, 29, 234, 19700 },
    { 24, 39, 24, 1, 39, 234, 19934 },
    { 24, 39, 24, 1, 39, 234, 20168 },
    { 24, 38, 24, 1, 38, 228, 20402 },
    { 24, 37, 24, 1, 37, 222, 20630 },
    { 16, 39, 14, 0, 39, 156, 20852 },
    { 12, 39, 14, 1, 39, 117, 21008 },
    { 16, 38, 14, -1, 38, 152, 21125 },
    { 16, 37, 14, 0, 37, 148, 21277 },
    { 28, 28, 29, 0, 28, 196, 21425 },
    { 32, 37, 30, 0, 37, 296, 21621 },
    { 28, 40, 30, 1, 39, 280, 21917 },
    { 28, 40, 30, 1, 39, 280, 22197 },
    { 28, 39, 30, 1, 38, 273, 22477 },
    { 28, 38, 30, 1, 37, 266, 22750 },
    { 28, 38, 30, 1, 37, 266, 23016 },
    { 24, 23, 41, 9, 24, 138, 23282 },
    { 28, 35, 30, 1, 31, 245, 23420 },
    { 28, 40, 29, 1, 39, 280, 23665 },
    { 28, 40, 29, 1, 39, 280, 23945 },
    { 28, 39, 29, 1, 38, 273, 24225 },
    { 28, 38, 29, 1, 37, 266, 24498 },
    { 28, 39, 26, 0, 39, 273, 24764 },
    { 24, 28, 24, 1, 28, 168, 25037 },
    { 28, 32, 26, 0, 31, 224, 25205 },
    { 20, 32, 21, 1, 31, 160, 25429 },
    { 20, 32, 21, 1, 31, 160, 25589 },
    { 20, 31, 21, 1, 30, 155, 25749 },
    { 20, 30, 21, 1, 29, 150, 25904 },
    { 20, 30, 21, 1, 29, 150, 26054 },
    { 20, 34, 21, 1, 33, 170, 26204 },
    { 28, 22, 30, 1, 21, 154, 26374 },
    { 20, 31, 19, 1, 21, 155, 26528 },
    { 20, 32, 20, 1, 31, 160, 26683 },
    { 20, 32, 20, 1, 31, 160, 26843 },
    { 20, 31, 20, 1, 30, 155, 27003 },
    { 20, 30, 20, 1, 29, 150, 27158 },
    { 12, 31, 12, 0, 31, 93, 27308 },
    { 12, 31, 12, 1, 31, 93, 27401 },
    { 16, 30, 12, -1, 30, 120, 27494 },
    { 16, 29, 12, -1, 29, 116, 27614 },
    { 20, 32, 22, 1, 31, 160, 27730 },
    { 24, 29, 23, 0, 29, 174, 27890 },
    { 24, 32, 22, 1, 31, 192, 28064 },
    { 24, 32, 22, 1, 31, 192, 28256 },
    { 24, 31, 22, 1, 30, 186, 28448 },
    { 24, 30, 22, 1, 29, 180, 28634 },
    { 24, 30, 22, 1, 29, 180, 28814 },
    { 28, 19, 41, 8, 22, 133, 28994 },
    { 24, 28, 22, 1, 24, 168, 29127 },
    { 24, 32, 23, 0, 31, 192, 29295 },
    { 24, 32, 23, 0, 31, 192, 29487 },
    { 24, 31, 23, 0, 30, 186, 29679 },
    { 24, 30, 23, 0, 29, 180, 29865 },
    { 24, 41, 22, 0, 31, 246, 30045 },
    { 24, 40, 23, 0, 31, 240, 30291 },
    { 24, 39, 22, 0, 29, 234, 30531 },
    { 28, 35, 28, 0, 35, 245, 30765 },
    { 20, 28, 21, 1, 27, 140, 31010 },
    { 28, 37, 28, 0, 37, 259, 31150 },
    { 20, 30, 21, 1, 29, 150, 31409 },
    { 28, 37, 28, 0, 29, 259, 31559 },
    { 20, 29, 21, 1, 21, 145, 31818 },
    { 24, 40, 26, 1, 39, 240, 31963 },
    { 20, 32, 19, 1, 31, 160, 32203 },
    { 24, 38, 26, 1, 37, 228, 32363 },
    { 20, 30, 19, 1, 29, 150, 32591 },
    { 24, 39, 26, 1, 38, 234, 32741 },
    { 20, 31, 19, 1, 30, 155, 32975 },
    { 28, 38, 29, 1, 38, 266, 33130 },
    { 28, 32, 25, 1, 31, 224, 33396 },
    { 28, 28, 29, 0, 28, 196, 33620 },
    { 24, 32, 23, 1, 31, 192, 33816 },
    { 24, 35, 24, 1, 35, 210, 34008 },
    { 20, 28, 20, 1, 27, 140, 34218 },
    { 24, 37, 24, 1, 37, 222, 34358 },
    { 20, 30, 20, 1, 29, 150, 34580 },
    { 24, 36, 24, 1, 28, 216, 34730 },
    { 20, 29, 20, 1, 21, 145, 34946 },
    { 24, 38, 24, 1, 38, 228, 35091 },
    { 20, 31, 20, 1, 30, 155, 35319 },
    { 28, 38, 28, 1, 37, 266, 35474 },
    { 20, 39, 22, 1, 29, 195, 35740 },
    { 28, 38, 28, 1, 37, 266, 35935 },
    { 20, 39, 22, 1, 29, 195, 36201 },
    { 28, 40, 28, 1, 29, 280, 36396 },
    { 20, 42, 22, 1, 32, 210, 36676 },
    { 32, 28, 30, 1, 28, 224, 36886 },
    { 24, 31, 24, -1, 31, 186, 37110 },
    { 12, 35, 14, 1, 35, 105, 37296 },
    { 12, 27, 12, 1, 27, 81, 37401 },
    { 12, 36, 14, 1, 28, 108, 37482 },
    { 12, 38, 12, 1, 30, 114, 37590 },
    { 12, 21, 12, 1, 21, 63, 37704 },
    { 28, 39, 26, 1, 28, 273, 37767 },
    { 24, 42, 22, 0, 31, 252, 38040 },
    { 24, 39, 22, 0, 28, 234, 38292 },
    { 12, 42, 12, 0, 31, 126, 38526 },
    { 24, 31, 22, 0, 31, 186, 38652 },
    { 16, 31, 14, 0, 31, 124, 38838 },
    { 24, 28, 22, 0, 28, 168, 38962 },
    { 16, 31, 12, -1, 31, 124, 39130 },
    { 32, 39, 30, 0, 39, 312, 39254 },
    { 24, 31, 23, 0, 31, 186, 39566 },
    { 32, 39, 30, 0, 28, 312, 39752 },
    { 24, 32, 23, 0, 21, 192, 40064 },
    { 32, 38, 30, 0, 38, 304, 40256 },
    { 24, 30, 23, 0, 30, 180, 40560 },
    { 28, 40, 30, 1, 39, 280, 40740 },
    { 24, 32, 22, 1, 31, 192, 41020 },
    { 40, 30, 41, 1, 29, 300, 41212 },
    { 32, 22, 34, 1, 21, 176, 41512 },
    { 28, 40, 27, 1, 39, 280, 41688 },
    { 16, 31, 16, 0, 31, 124, 41968 },
    { 28, 39, 27, 1, 38, 273, 42092 },
    { 16, 30, 16, 0, 30, 120, 42365 },
    { 20, 40, 21, 1, 39, 200, 42485 },
    { 16, 32, 16, 1, 31, 128, 42685 },
    { 20, 39, 21, 1, 29, 195, 42813 },
    { 16, 31, 16, 1, 21, 124, 43008 },
    { 20, 39, 21, 1, 38, 195, 43132 },
    { 16, 31, 16, 1, 30, 124, 43327 },
    { 28, 38, 25, 0, 28, 266, 43451 },
    { 16, 36, 14, 0, 26, 144, 43717 },
    { 28, 38, 25, 0, 38, 266, 43861 },
    { 16, 32, 14, 0, 31, 128, 44127 },
    { 28, 36, 29, 1, 35, 252, 44255 },
    { 24, 28, 23, 0, 27, 168, 44507 },
    { 28, 42, 29, 1, 41, 294, 44675 },
    { 24, 34, 23, 0, 33, 204, 44969 },
    { 28, 40, 29, 1, 39, 280, 45173 },
    { 24, 32, 23, 0, 31, 192, 45453 },
    { 28, 36, 29, 1, 28, 252, 45645 },
    { 24, 29, 23, 0, 21, 174, 45897 },
    { 28, 37, 26, 0, 37, 259, 46071 },
    { 24, 39, 24, 1, 39, 234, 46330 },
    { 20, 31, 19, 1, 31, 155, 46564 },
    { 24, 37, 24, 1, 37, 222, 46719 },
    { 20, 29, 19, 1, 29, 145, 46941 },
    { 24, 38, 24, 1, 38, 228, 47086 },
    { 20, 30, 19, 1, 30, 150, 47314 },
    { 12, 9, 1, -18, 31, 27, 47464 },
    { 12, 9, 1, -15, 31, 27, 47491 },
    { 16, 8, 1, -18, 30, 32, 47518 },
    { 16, 5, 1, -19, 29, 20, 47550 },
    { 16, 3, 1, -19, 27, 12, 47570 },
    { 16, 7, 1, -18, 29, 28, 47582 },
    { 8, 5, 1, -14, 29, 10, 47610 },
    { 16, 5, 1, -18, 29, 20, 47620 },
    { 12, 11, 1, -17, 33, 33, 47640 },
    { 20, 9, 1, -19, 31, 45, 47673 },
    { 16, 8, 1, -18, 30, 32, 47718 },
    { 8, 9, 1, -14, -2, 18, 47750 },
    { 12, 12, 1, -15, 2, 36, 47768 },
    { 12, 9, 1, -14, 1, 27, 47804 },
    { 24, 39, 24, 1, 39, 234, 47831 },
    { 24, 37, 24, 1, 37, 222, 48065 },
    { 32, 29, 30, 0, 28, 232, 48287 },
    { 24, 39, 22, 0, 39, 234, 48519 },
    { 24, 30, 26, 1, 29, 180, 48753 },
    { 20, 30, 22, 1, 29, 150, 48933 },
    { 12, 28, 14, 1, 28, 84, 49083 },
    { 16, 37, 14, 0, 37, 148, 49167 },
    { 20, 29, 20, 0, 28, 145, 49315 },
    { 40, 29, 39, 0, 28, 290, 49460 },
    { 36, 28, 38, 1, 28, 252, 49750 },
    { 32, 28, 30, 0, 28, 224, 50002 },
    { 28, 39, 26, 1, 39, 273, 50226 },
    { 28, 39, 29, 1, 39, 273, 50499 },
    { 32, 39, 29, 0, 38, 312, 50772 },
    { 28, 37, 30, 1, 28, 259, 51084 },
    { 28, 29, 28, 0, 29, 203, 51343 },
    { 24, 28, 24, 0, 28, 168, 51546 },
    { 24, 28, 25, 1, 28, 168, 51714 },
    { 24, 28, 22, 0, 28, 168, 51882 },
    { 32, 37, 29, 0, 28, 296, 52050 },
    { 24, 28, 24, 1, 28, 168, 52346 },
    { 40, 29, 37, 0, 29, 290, 52514 },
    { 20, 30, 22, 1, 29, 150, 52804 },
    { 28, 28, 29, 1, 28, 196, 52954 },
    { 28, 38, 29, 1, 38, 266, 53150 },
    { 28, 29, 26, 1, 29, 203, 53416 },
    { 32, 29, 30, 0, 28, 232, 53619 },
    { 36, 28, 36, 1, 28, 252, 53851 },
    { 32, 28, 30, 1, 28, 224, 54103 },
    { 28, 30, 30, 1, 29, 210, 54327 },
    { 28, 28, 30, 1, 28, 196, 54537 },
    { 24, 28, 24, 0, 28, 168, 54733 },
    { 24, 30, 26, 1, 29, 180, 54901 },
    { 28, 28, 25, 0, 28, 196, 55081 },
    { 32, 29, 29, 0, 28, 232, 55277 },
    { 32, 28, 34, 1, 28, 224, 55509 },
    { 28, 28, 26, 0, 28, 196, 55733 },
    { 28, 37, 30, 1, 28, 259, 55929 },
    { 28, 28, 27, 1, 28, 196, 56188 },
    { 40, 28, 40, 1, 28, 280, 56384 },
    { 40, 37, 40, 1, 28, 370, 56664 },
    { 28, 28, 27, 0, 28, 196, 57034 },
    { 36, 28, 34, 0, 28, 252, 57230 },
    { 24, 28, 24, 0, 28, 168, 57482 },
    { 24, 30, 26, 1, 29, 180, 57650 },
    { 40, 30, 40, 0, 29, 300, 57830 },
    { 28, 29, 26, -1, 28, 203, 58130 },
    { 20, 22, 21, 1, 21, 110, 58333 },
    { 20, 31, 22, 1, 30, 155, 58443 },
    { 20, 21, 21, 1, 21, 105, 58598 },
    { 20, 21, 18, 0, 21, 105, 58703 },
    { 24, 28, 24, 0, 21, 168, 58808 },
    { 20, 22, 20, 1, 21, 110, 58976 },
    { 32, 21, 29, 0, 21, 168, 59086 },
    { 16, 22, 18, 1, 21, 88, 59254 },
    { 24, 21, 25, 1, 21, 126, 59342 },
    { 24, 30, 25, 1, 30, 180, 59468 },
    { 24, 21, 22, 0, 21, 126, 59648 },
    { 24, 22, 24, 0, 21, 132, 59774 },
    { 32, 21, 29, 0, 21, 168, 59906 },
    { 24, 21, 24, 0, 21, 126, 60074 },
    { 24, 22, 22, 1, 21, 132, 60200 },
    { 24, 21, 23, 1, 21, 126, 60332 },
    { 24, 30, 23, 0, 21, 180, 60458 },
    { 20, 22, 19, 1, 21, 110, 60638 },
    { 20, 21, 20, 1, 21, 105, 60748 },
    { 24, 30, 22, 0, 21, 180, 60853 },
    { 28, 38, 30, 1, 29, 266, 61033 },
    { 24, 21, 21, 0, 21, 126, 61299 },
    { 24, 28, 23, 1, 21, 168, 61425 },
    { 20, 21, 22, 1, 21, 105, 61593 },
    { 32, 21, 33, 1, 21, 168, 61698 },
    { 32, 28, 33, 1, 21, 224, 61866 },
    { 24, 21, 23, 0, 21, 126, 62090 },
    { 28, 21, 28, 0, 21, 147, 62216 },
    { 20, 21, 20, 0, 21, 105, 62363 },
    { 20, 22, 19, 1, 21, 110, 62468 },
    { 32, 22, 30, 0, 21, 176, 62578 },
    { 24, 22, 21, -1, 21, 132, 62754 },
    { 20, 32, 20, 1, 31, 160, 62886 },
    { 20, 30, 20, 1, 29, 150, 63046 },
    { 24, 38, 24, 0, 31, 228, 63196 },
    { 20, 31, 18, 0, 31, 155, 63424 },
    { 20, 22, 19, 1, 21, 110, 63579 },
    { 16, 22, 17, 1, 21, 88, 63689 },
    { 12, 30, 12, 1, 30, 90, 63777 },
    { 16, 29, 12, -1, 29, 116, 63867 },
    { 16, 40, 12, -4, 30, 160, 63983 },
    { 32, 22, 31, 0, 21, 176, 64143 },
    { 32, 21, 32, 0, 21, 168, 64319 },
    { 24, 31, 24, -1, 31, 186, 64487 },
    { 24, 31, 22, 0, 31, 186, 64673 },
    { 24, 31, 25, 1, 31, 186, 64859 },
    { 24, 39, 22, 0, 30, 234, 65045 },
    { 24, 28, 23, 1, 21, 168, 65279 },
    { 28, 29, 28, 0, 29, 203, 65447 },
    { 24, 21, 21, 0, 21, 126, 65650 },
    { 28, 30, 30, 1, 29, 210, 65776 },
    { 20, 22, 22, 1, 21, 110, 65986 },
    { 32, 30, 32, 0, 29, 240, 66096 },
    { 28, 21, 25, 0, 21, 147, 66336 },
    { 28, 45, 29, 1, 38, 315, 66483 },
    { 24, 37, 25, 1, 30, 222, 66798 },
    { 24, 31, 24, 0, 31, 186, 67020 },
    { 20, 24, 20, 0, 24, 120, 67206 },
    { 24, 28, 24, 0, 28, 168, 67326 },
    { 24, 30, 23, 0, 21, 180, 67494 },
    { 20, 34, 20, 0, 34, 170, 67674 },
    { 16, 25, 16, 0, 25, 100, 67844 },
    { 24, 28, 22, 0, 28, 168, 67944 },
    { 20, 21, 18, 0, 21, 105, 68112 },
    { 24, 37, 25, 0, 28, 222, 68217 },
    { 20, 30, 21, 1, 21, 150, 68439 },
    { 40, 38, 37, 0, 29, 380, 68589 },
    { 32, 28, 29, 0, 21, 224, 68969 },
    { 20, 37, 22, 1, 29, 185, 69193 },
    { 16, 29, 18, 1, 21, 116, 69378 },
    { 28, 38, 26, 1, 29, 266, 69494 },
    { 24, 28, 22, 0, 21, 168, 69760 },
    { 28, 29, 27, 1, 29, 203, 69928 },
    { 24, 21, 22, 0, 21, 126, 70131 },
    { 28, 29, 26, 1, 29, 203, 70257 },
    { 24, 31, 22, -1, 31, 186, 70460 },
    { 32, 29, 30, 0, 29, 232, 70646 },
    { 24, 21, 25, 1, 21, 126, 70878 },
    { 32, 37, 30, 1, 28, 296, 71004 },
    { 24, 28, 24, 0, 21, 168, 71300 },
    { 36, 28, 35, 1, 28, 252, 71468 },
    { 28, 21, 28, 0, 21, 147, 71720 },
    { 40, 37, 40, 1, 28, 370, 71867 },
    { 32, 30, 31, 1, 21, 240, 72237 },
    { 32, 30, 33, 1, 29, 240, 72477 },
    { 28, 22, 25, 0, 21, 154, 72717 },
    { 24, 37, 26, 1, 29, 222, 72871 },
    { 20, 29, 19, 1, 21, 145, 73093 },
    { 28, 37, 25, 0, 28, 259, 73238 },
    { 20, 28, 20, 1, 21, 140, 73497 },
    { 28, 28, 26, 0, 28, 196, 73637 },
    { 24, 30, 23, 0, 21, 180, 73833 },
    { 28, 28, 26, 0, 28, 196, 74013 },
    { 24, 30, 23, 0, 21, 180, 74209 },
    { 28, 37, 26, 0, 28, 259, 74389 },
    { 24, 28, 21, 0, 21, 168, 74648 },
    { 36, 37, 34, 0, 28, 333, 74816 },
    { 28, 28, 26, 1, 21, 196, 75149 },
    { 28, 37, 27, 1, 28, 259, 75345 },
    { 20, 28, 22, 1, 21, 140, 75604 },
    { 28, 28, 27, 1, 28, 196, 75744 },
    { 24, 21, 23, 1, 21, 126, 75940 },
    { 24, 28, 26, 1, 28, 168, 76066 },
    { 24, 31, 24, 0, 31, 186, 76234 },
    { 36, 30, 32, -1, 29, 270, 76420 },
    { 28, 22, 25, -1, 21, 154, 76690 },
    { 36, 38, 32, -1, 29, 342, 76844 },
    { 28, 28, 25, -1, 21, 196, 77186 },
    { 12, 28, 14, 1, 28, 84, 77382 },
    { 40, 38, 37, 0, 38, 380, 77466 },
    { 32, 30, 29, 0, 30, 240, 77846 },
    { 28, 38, 26, 1, 29, 266, 78086 },
    { 24, 30, 22, 0, 21, 180, 78352 },
    { 32, 35, 30, 0, 28, 280, 78532 },
    { 24, 28, 24, 0, 21, 168, 78812 },
    { 32, 37, 30, 1, 28, 296, 78980 },
    { 24, 30, 24, 0, 21, 180, 79276 },
    { 32, 35, 30, 1, 28, 280, 79456 },
    { 24, 28, 24, 0, 21, 168, 79736 },
    { 28, 37, 27, 1, 28, 259, 79904 },
    { 20, 28, 22, 1, 21, 140, 80163 },
    { 36, 35, 36, 1, 28, 315, 80303 },
    { 32, 28, 29, 0, 21, 224, 80618 },
    { 12, 30, 12, 0, 30, 90, 80842 },
    { 28, 38, 28, 0, 38, 266, 80932 },
    { 20, 31, 21, 1, 30, 155, 81198 },
    { 28, 37, 28, 0, 37, 259, 81353 },
    { 20, 30, 21, 1, 29, 150, 81612 },
    { 40, 28, 38, 0, 28, 280, 81762 },
    { 28, 22, 30, 1, 21, 154, 82042 },
    { 24, 38, 24, 1, 38, 228, 82196 },
    { 20, 31, 20, 1, 30, 155, 82424 },
    { 28, 30, 27, 1, 29, 210, 82579 },
    { 20, 22, 20, 1, 21, 110, 82789 },
    { 28, 38, 27, 1, 37, 266, 82899 },
    { 20, 30, 20, 1, 29, 150, 83165 },
    { 40, 37, 37, 0, 37, 370, 83315 },
    { 32, 29, 29, 0, 29, 232, 83685 },
    { 20, 38, 22, 1, 37, 190, 83917 },
    { 16, 30, 18, 1, 29, 120, 84107 },
    { 24, 29, 24, 0, 28, 174, 84227 },
    { 24, 31, 21, 0, 21, 186, 84401 },
    { 28, 35, 29, 1, 35, 245, 84587 },
    { 24, 27, 25, 1, 27, 162, 84832 },
    { 28, 37, 29, 1, 37, 259, 84994 },
    { 24, 29, 25, 1, 29, 174, 85253 },
    { 28, 38, 30, 1, 37, 266, 85427 },
    { 24, 30, 22, 1, 29, 180, 85693 },
    { 28, 30, 30, 1, 29, 210, 85873 },
    { 24, 22, 22, 1, 21, 132, 86083 },
    { 28, 38, 30, 1, 37, 266, 86215 },
    { 24, 30, 22, 1, 29, 180, 86481 },
    { 24, 38, 26, 1, 37, 228, 86661 },
    { 20, 30, 19, 1, 29, 150, 86889 },
    { 32, 36, 29, 0, 35, 288, 87039 },
    { 24, 36, 22, 0, 27, 216, 87327 },
    { 32, 38, 29, 0, 37, 304, 87543 },
    { 24, 38, 22, 0, 29, 228, 87847 },
    { 32, 40, 29, 0, 39, 320, 88075 },
    { 24, 40, 22, 0, 31, 240, 88395 },
    { 28, 37, 27, 1, 37, 259, 88635 },
    { 20, 29, 22, 1, 29, 145, 88894 },
    { 24, 37, 22, 0, 28, 222, 89039 },
    { 20, 28, 18, 0, 21, 140, 89261 },
    { 36, 37, 34, 0, 37, 333, 89401 },
    { 28, 29, 28, 0, 29, 203, 89734 },
    { 24, 38, 22, 0, 28, 228, 89937 },
    { 20, 31, 18, 0, 21, 155, 90165 },
    { 28, 37, 26, 0, 28, 259, 90320 },
    { 24, 30, 21, 0, 21, 180, 90579 },
    { 28, 28, 26, 0, 28, 196, 90759 },
    { 24, 21, 21, 0, 21, 126, 90955 },
    { 0, 0, 21, 0, 30, 0, 91081 },
    { 0, 0, 41, 0, 30, 0, 91081 },
    { 0, 0, 21, 0, 30, 0, 91081 },
    { 0, 0, 41, 0, 30, 0, 91081 },
    { 0, 0, 13, 0, 30, 0, 91081 },
    { 0, 0, 10, 0, 30, 0, 91081 },
    { 0, 0, 7, 0, 30, 0, 91081 },
    { 0, 0, 23, 0, 30, 0, 91081 },
    { 0, 0, 11, 0, 30, 0, 91081 },
    { 0, 0, 8, 0, 30, 0, 91081 },
    { 0, 0, 1, 0, 30, 0, 91081 },
    { 0, 0, 1, 0, 30, 0, 91081 },
    { 0, 0, 1, 0, 30, 0, 91081 },
    { 0, 0, 1, 0, 30, 0, 91081 },
    { 0, 0, 1, 0, 30, 0, 91081 },
    { 0, 0, 1, 0, 30, 0, 91081 },
    { 24, 4, 21, -1, 12, 24, 91081 },
    { 44, 4, 41, -1, 12, 44, 91105 },
    { 8, 13, 10, 1, 30, 26, 91149 },
    { 8, 13, 10, 2, 30, 26, 91175 },
    { 8, 12, 10, 2, 5, 24, 91201 },
    { 16, 13, 19, 1, 30, 52, 91225 },
    { 16, 13, 19, 2, 30, 52, 91277 },
    { 16, 12, 19, 2, 5, 48, 91329 },
    { 24, 36, 21, 0, 30, 216, 91377 },
    { 24, 36, 21, 0, 30, 216, 91593 },
    { 12, 10, 12, 1, 19, 30, 91809 },
    { 36, 7, 41, 3, 6, 63, 91839 },
    { 0, 0, 10, 0, 30, 0, 91902 },
    { 0, 0, 10, 0, 30, 0, 91902 },
    { 0, 0, 8, 0, 30, 0, 91902 },
    { 48, 30, 47, 1, 29, 360, 91902 },
    { 12, 21, 10, 0, 21, 63, 92262 },
    { 12, 21, 10, 0, 21, 63, 92325 },
    { 24, 29, 21, -1, 29, 174, 92388 },
    { 0, 0, 1, 0, 30, 0, 92562 },
    { 16, 18, 15, 0, 33, 72, 92562 },
    { 24, 30, 23, -1, 29, 180, 92634 },
    { 20, 31, 21, 1, 30, 155, 92814 },
    { 32, 29, 31, 0, 29, 232, 92969 },
    { 24, 28, 24, 1, 28, 168, 93201 },
    { 28, 3, 41, 8, 14, 21, 93369 },
    { 24, 32, 20, -1, 28, 192, 93390 },
    { 8, 6, 8, 1, 17, 12, 93582 },
    { 24, 29, 24, 0, 29, 174, 93594 },
    { 32, 13, 41, 6, 19, 104, 93768 },
    { 20, 40, 19, 1, 31, 200, 93872 },
    { 28, 15, 41, 8, 20, 105, 94072 },
    { 28, 21, 41, 8, 23, 147, 94177 },
    { 28, 24, 41, 8, 24, 168, 94324 },
    { 28, 24, 41, 8, 24, 168, 94492 },
    { 40, 40, 39, 0, 35, 400, 94660 },
};

static const EpdUnicodeInterval chareink_18_regularIntervals[] = {
    { 0x20, 0x7E, 0 },
    { 0xA0, 0x107, 95 },
    { 0x10A, 0x113, 199 },
    { 0x116, 0x11B, 209 },
    { 0x11E, 0x123, 215 },
    { 0x126, 0x127, 221 },
    { 0x12A, 0x12B, 223 },
    { 0x12E, 0x12F, 225 },
    { 0x131, 0x131, 227 },
    { 0x136, 0x137, 228 },
    { 0x13B, 0x13E, 230 },
    { 0x141, 0x148, 234 },
    { 0x150, 0x155, 242 },
    { 0x158, 0x15B, 248 },
    { 0x15E, 0x165, 252 },
    { 0x16A, 0x16B, 260 },
    { 0x16E, 0x173, 262 },
    { 0x178, 0x17E, 268 },
    { 0x300, 0x304, 275 },
    { 0x306, 0x308, 280 },
    { 0x30A, 0x30C, 283 },
    { 0x326, 0x328, 286 },
    { 0x400, 0x45F, 289 },
    { 0x462, 0x463, 385 },
    { 0x472, 0x475, 387 },
    { 0x48A, 0x4FF, 391 },
    { 0x2000, 0x200F, 509 },
    { 0x2013, 0x2014, 525 },
    { 0x2018, 0x201A, 527 },
    { 0x201C, 0x201E, 530 },
    { 0x2020, 0x2022, 533 },
    { 0x2026, 0x2026, 536 },
    { 0x2028, 0x2029, 537 },
    { 0x202F, 0x2030, 539 },
    { 0x2039, 0x203A, 541 },
    { 0x2044, 0x2044, 543 },
    { 0x2060, 0x2060, 544 },
    { 0x2074, 0x2074, 545 },
    { 0x20AC, 0x20AC, 546 },
    { 0x2202, 0x2202, 547 },
    { 0x220F, 0x220F, 548 },
    { 0x2211, 0x2212, 549 },
    { 0x2215, 0x2215, 551 },
    { 0x2219, 0x221A, 552 },
    { 0x221E, 0x221E, 554 },
    { 0x222B, 0x222B, 555 },
    { 0x2248, 0x2248, 556 },
    { 0x2260, 0x2260, 557 },
    { 0x2264, 0x2265, 558 },
    { 0xFFFD, 0xFFFD, 560 },
};

static const EpdFontData chareink_18_regular = {
    chareink_18_regularBitmaps,
    sizeof(chareink_18_regularBitmaps),
    chareink_18_regularGlyphs,
    chareink_18_regularIntervals,
    50,
    43,
    33,
    11,
    true,
};
