/**
 * generated from the actual data/js/inx_font_pack.js browser output
 * name: chareink_10_regular
 * size: 10
 * mode: 2-bit
 * source: chareink Regular; fontconvert.py row set
 * glyphs: 561 (web UI raster rows; compact reader profile)
 */
#pragma once
#include "EpdFontData.h"

static const uint8_t chareink_10_regularBitmaps[33919] = {
    0x00, 0x3C, 0xBC, 0xBC, 0xBC, 0x3C, 0x3C, 0x3C, 0x3C, 0x3C, 0x38, 0x38, 0x28, 0x00, 0x28, 0xBC,
    0x3C, 0x00, 0x24, 0x20, 0x3C, 0x38, 0x3C, 0x38, 0x3C, 0x38, 0x28, 0x30, 0x28, 0x30, 0x10, 0x20,
    0x00, 0x00, 0x00, 0x00, 0x00, 0x00, 0x00, 0x03, 0x81, 0xC0, 0x00, 0x03, 0x03, 0xC0, 0x00, 0x0B,
    0x03, 0x80, 0x00, 0x0E, 0x07, 0x00, 0x00, 0x1C, 0x0F, 0x00, 0x2F, 0xFF, 0xFF, 0xF8, 0x00, 0x38,
    0x2C, 0x00, 0x00, 0x70, 0x38, 0x00, 0x00, 0xB0, 0x34, 0x00, 0x6A, 0xFA, 0xBA, 0xA0, 0xAB, 0xEA,
    0xFA, 0xA0, 0x02, 0x80, 0xC0, 0x00, 0x03, 0x42, 0xC0, 0x00, 0x07, 0x03, 0x80, 0x00, 0x0A, 0x03,
    0x00, 0x00, 0x0D, 0x0B, 0x00, 0x00, 0x00, 0x00, 0x00, 0x00, 0x00, 0x00, 0x00, 0x00, 0x30, 0x00,
    0x00, 0xBA, 0x40, 0x0B, 0xFB, 0xF0, 0x2E, 0x30, 0xB0, 0x3C, 0x30, 0xB0, 0x3C, 0x30, 0x20, 0x3E,
    0x30, 0x00, 0x3F, 0xB0, 0x00, 0x0F, 0xFE, 0x00, 0x02, 0xFF, 0xD0, 0x00, 0x3B, 0xF0, 0x00, 0x30,
    0xF8, 0xA0, 0x30, 0xB8, 0xA0, 0x30, 0xB8, 0xB0, 0x30, 0xF0, 0xBE, 0xBB, 0xC0, 0x2B, 0xFE, 0x00,
    0x00, 0x30, 0x00, 0x00, 0x30, 0x00, 0x00, 0x00, 0x00, 0x00, 0x00, 0x00, 0x00, 0x00, 0x0B, 0xF0,
    0x00, 0x08, 0x00, 0x2E, 0x3C, 0x00, 0x2C, 0x00, 0x3C, 0x0E, 0x00, 0x70, 0x00, 0x38, 0x0E, 0x00,
    0xE0, 0x00, 0x38, 0x0F, 0x02, 0xC0, 0x00, 0x38, 0x0F, 0x03, 0x80, 0x00, 0x38, 0x0E, 0x0F, 0x02,
    0x00, 0x3C, 0x1D, 0x2C, 0x3E, 0xF0, 0x0E, 0x3C, 0x38, 0xB0, 0x38, 0x02, 0xE0, 0xF0, 0xF0, 0x3C,
    0x00, 0x02, 0xC0, 0xF0, 0x3C, 0x00, 0x03, 0x80, 0xF0, 0x3C, 0x00, 0x0B, 0x00, 0xF0, 0x3C, 0x00,
    0x0D, 0x00, 0xF0, 0x3C, 0x00, 0x38, 0x00, 0x78, 0x78, 0x00, 0xB0, 0x00, 0x2F, 0xE0, 0x00, 0x00,
    0x00, 0x00, 0x00, 0x00, 0xBF, 0x80, 0x00, 0x03, 0xE7, 0xE0, 0x00, 0x0B, 0x80, 0xF0, 0x00, 0x0F,
    0x00, 0xF8, 0x00, 0x0F, 0x80, 0xF8, 0x00, 0x0B, 0xC0, 0xF0, 0x00, 0x03, 0xFB, 0xC0, 0x00, 0x02,
    0xFE, 0x02, 0xA8, 0x0B, 0xBF, 0x02, 0xF8, 0x2F, 0x0F, 0xC0, 0xE0, 0x3D, 0x03, 0xF1, 0xC0, 0x3C,
    0x00, 0xFF, 0x80, 0x3E, 0x00, 0x3F, 0x00, 0x3F, 0x40, 0x3F, 0x80, 0x0F, 0xEA, 0xFB, 0xE0, 0x02,
    0xFF, 0x82, 0xFE, 0x00, 0x00, 0x00, 0x00, 0x24, 0x3C, 0x3C, 0x3C, 0x28, 0x28, 0x10, 0x00, 0x00,
    0x18, 0x02, 0xF8, 0x0B, 0x80, 0x0F, 0x00, 0x2E, 0x00, 0x3C, 0x00, 0x3C, 0x00, 0xBC, 0x00, 0xB8,
    0x00, 0xB8, 0x00, 0xB8, 0x00, 0xB8, 0x00, 0xB8, 0x00, 0x7C, 0x00, 0x3C, 0x00, 0x3C, 0x00, 0x2E,
    0x00, 0x0F, 0x00, 0x03, 0xE0, 0x00, 0xBC, 0x00, 0x00, 0x20, 0x00, 0x2F, 0x00, 0x03, 0xC0, 0x00,
    0xF0, 0x00, 0xF4, 0x00, 0xB8, 0x00, 0x3C, 0x00, 0x3C, 0x00, 0x3C, 0x00, 0x3C, 0x00, 0x3C, 0x00,
    0x3C, 0x00, 0x3C, 0x00, 0x3C, 0x00, 0x3C, 0x00, 0xB8, 0x00, 0xF0, 0x02, 0xE0, 0x0B, 0x80, 0x3C,
    0x00, 0x00, 0x00, 0x00, 0x00, 0x00, 0x00, 0xE0, 0x00, 0x00, 0xE0, 0x00, 0x68, 0xC2, 0x80, 0x3F,
    0xAF, 0xC0, 0x00, 0xA0, 0x00, 0x03, 0xB8, 0x00, 0x0F, 0x2E, 0x00, 0x0E, 0x0E, 0x00, 0x00, 0x00,
    0x00, 0x00, 0x00, 0x00, 0x00, 0x00, 0x03, 0x00, 0x00, 0x00, 0x03, 0x00, 0x00, 0x00, 0x03, 0x00,
    0x00, 0x00, 0x03, 0x00, 0x00, 0x00, 0x03, 0x00, 0x00, 0x00, 0x03, 0x00, 0x00, 0x7F, 0xFF, 0xFF,
    0xF4, 0x2A, 0xAF, 0xEA, 0xA0, 0x00, 0x03, 0x00, 0x00, 0x00, 0x03, 0x00, 0x00, 0x00, 0x03, 0x00,
    0x00, 0x00, 0x03, 0x00, 0x00, 0x00, 0x03, 0x00, 0x00, 0x00, 0x03, 0x00, 0x00, 0x00, 0x00, 0x0F,
    0x00, 0x2F, 0x80, 0x1F, 0xC0, 0x03, 0x80, 0x03, 0x00, 0x2E, 0x00, 0x20, 0x00, 0x2A, 0xA0, 0x3F,
    0xF8, 0x00, 0x00, 0x00, 0x3C, 0xBE, 0x7C, 0x00, 0x00, 0x00, 0x02, 0x00, 0x00, 0x00, 0x0F, 0x00,
    0x00, 0x00, 0x2C, 0x00, 0x00, 0x00, 0x38, 0x00, 0x00, 0x00, 0xB0, 0x00, 0x00, 0x00, 0xE0, 0x00,
    0x00, 0x02, 0xC0, 0x00, 0x00, 0x03, 0x80, 0x00, 0x00, 0x0F, 0x00, 0x00, 0x00, 0x1C, 0x00, 0x00,
    0x00, 0x3C, 0x00, 0x00, 0x00, 0xB0, 0x00, 0x00, 0x00, 0xE0, 0x00, 0x00, 0x02, 0xC0, 0x00, 0x00,
    0x03, 0x80, 0x00, 0x00, 0x0B, 0x00, 0x00, 0x00, 0x0E, 0x00, 0x00, 0x00, 0x3C, 0x00, 0x00, 0x00,
    0x00, 0x00, 0x00, 0x00, 0x00, 0x00, 0x00, 0x00, 0x00, 0xBF, 0x80, 0x00, 0x03, 0xE2, 0xF0, 0x00,
    0x0F, 0x80, 0xBC, 0x00, 0x0F, 0x00, 0x3C, 0x00, 0x2F, 0x00, 0x3E, 0x00, 0x3E, 0x00, 0x2F, 0x00,
    0x3E, 0x00, 0x2F, 0x00, 0x3E, 0x00, 0x2F, 0x00, 0x3E, 0x00, 0x2F, 0x00, 0x3E, 0x00, 0x2F, 0x00,
    0x3E, 0x00, 0x2F, 0x00, 0x2E, 0x00, 0x3E, 0x00, 0x0F, 0x00, 0x3C, 0x00, 0x0F, 0x80, 0xBC, 0x00,
    0x03, 0xC0, 0xF0, 0x00, 0x00, 0xFF, 0xC0, 0x00, 0x00, 0x00, 0x00, 0x00, 0x00, 0x00, 0x00, 0x00,
    0xB8, 0x00, 0x2F, 0xF8, 0x00, 0x24, 0xF8, 0x00, 0x00, 0xB8, 0x00, 0x00, 0xB8, 0x00, 0x00, 0xB8,
    0x00, 0x00, 0xB8, 0x00, 0x00, 0xB8, 0x00, 0x00, 0xB8, 0x00, 0x00, 0xB8, 0x00, 0x00, 0xB8, 0x00,
    0x00, 0xB8, 0x00, 0x00, 0xB8, 0x00, 0x00, 0xB8, 0x00, 0x00, 0xFC, 0x00, 0x2F, 0xFF, 0xC0, 0x00,
    0x00, 0x00, 0x00, 0xBF, 0x80, 0x0B, 0xAB, 0xF8, 0x2F, 0x00, 0xFC, 0x2F, 0x00, 0x3E, 0x0F, 0x00,
    0x3E, 0x00, 0x00, 0x3E, 0x00, 0x00, 0x3C, 0x00, 0x00, 0xF8, 0x00, 0x02, 0xF0, 0x00, 0x0B, 0xC0,
    0x00, 0x2F, 0x00, 0x00, 0xB8, 0x00, 0x03, 0xE0, 0x0B, 0x0F, 0x80, 0x0B, 0x3F, 0xFF, 0xFF, 0x3F,
    0xFF, 0xFF, 0x00, 0x00, 0x00, 0x00, 0xBF, 0x80, 0x0B, 0xEB, 0xF4, 0x1F, 0x00, 0xFC, 0x2F, 0x00,
    0x3C, 0x0A, 0x00, 0x3C, 0x00, 0x00, 0xBC, 0x00, 0x02, 0xF0, 0x00, 0x3F, 0xC0, 0x00, 0x2B, 0xF0,
    0x00, 0x00, 0xBD, 0x00, 0x00, 0x3F, 0x00, 0x00, 0x2F, 0x18, 0x00, 0x3F, 0x3E, 0x00, 0x7D, 0x2F,
    0x02, 0xF8, 0x0B, 0xFF, 0xD0, 0x00, 0x00, 0x00, 0x00, 0x00, 0x00, 0x00, 0x00, 0x00, 0xF0, 0x00,
    0x00, 0x03, 0xF0, 0x00, 0x00, 0x0B, 0xF0, 0x00, 0x00, 0x1F, 0xF0, 0x00, 0x00, 0x3C, 0xF0, 0x00,
    0x00, 0xF0, 0xF0, 0x00, 0x02, 0xD0, 0xF0, 0x00, 0x0B, 0x80, 0xF0, 0x00, 0x0F, 0x00, 0xF0, 0x00,
    0x3E, 0x02, 0xF8, 0x00, 0x3F, 0xFF, 0xFF, 0x00, 0x00, 0x02, 0xF8, 0x00, 0x00, 0x00, 0xF0, 0x00,
    0x00, 0x00, 0xF0, 0x00, 0x00, 0x00, 0xF0, 0x00, 0x00, 0x00, 0xF0, 0x00, 0x00, 0x00, 0x00, 0x00,
    0x0A, 0xAA, 0xA8, 0x0F, 0xFF, 0xFC, 0x0F, 0xAA, 0xA4, 0x0E, 0x00, 0x00, 0x0E, 0x00, 0x00, 0x0E,
    0x00, 0x00, 0x0F, 0xBF, 0x80, 0x0F, 0xEF, 0xF8, 0x00, 0x00, 0xFD, 0x00, 0x00, 0x3E, 0x00, 0x00,
    0x2F, 0x00, 0x00, 0x2F, 0x2C, 0x00, 0x3E, 0x3E, 0x00, 0xBC, 0x2F, 0x42, 0xF8, 0x0B, 0xFF, 0xC0,
    0x00, 0x00, 0x00, 0x00, 0x00, 0x00, 0x00, 0x00, 0x06, 0xF0, 0x00, 0x00, 0xBF, 0xA0, 0x00, 0x02,
    0xF0, 0x00, 0x00, 0x0B, 0xC0, 0x00, 0x00, 0x0F, 0x80, 0x00, 0x00, 0x2F, 0x00, 0x00, 0x00, 0x3F,
    0xBF, 0xF0, 0x00, 0x3F, 0xEA, 0xFC, 0x00, 0x3E, 0x00, 0x3E, 0x00, 0x3D, 0x00, 0x2F, 0x00, 0x3E,
    0x00, 0x2F, 0x00, 0x3E, 0x00, 0x2F, 0x00, 0x2E, 0x00, 0x2F, 0x00, 0x0F, 0x00, 0x3D, 0x00, 0x0B,
    0xC0, 0xF8, 0x00, 0x02, 0xFF, 0xE0, 0x00, 0x00, 0x00, 0x00, 0x00, 0x6A, 0xAA, 0xA8, 0xBF, 0xFF,
    0xFE, 0xBA, 0xAA, 0xBC, 0xB0, 0x00, 0xB8, 0x10, 0x00, 0xF0, 0x00, 0x03, 0xE0, 0x00, 0x03, 0xC0,
    0x00, 0x0F, 0x40, 0x00, 0x2F, 0x00, 0x00, 0x3C, 0x00, 0x00, 0xB8, 0x00, 0x00, 0xF0, 0x00, 0x02,
    0xE0, 0x00, 0x03, 0xC0, 0x00, 0x0B, 0x80, 0x00, 0x0F, 0x00, 0x00, 0x00, 0x00, 0x00, 0x00, 0x00,
    0x00, 0x00, 0x00, 0xBF, 0x80, 0x00, 0x0B, 0xE6, 0xF4, 0x00, 0x0F, 0x40, 0x7C, 0x00, 0x2F, 0x00,
    0x3D, 0x00, 0x2F, 0x00, 0x3D, 0x00, 0x0F, 0x80, 0x3C, 0x00, 0x0F, 0xF0, 0xF4, 0x00, 0x02, 0xFF,
    0xC0, 0x00, 0x03, 0xEF, 0xF0, 0x00, 0x0F, 0x02, 0xFC, 0x00, 0x3C, 0x00, 0x3F, 0x00, 0x3C, 0x00,
    0x2F, 0x00, 0x3C, 0x00, 0x2F, 0x00, 0x3F, 0x00, 0x3E, 0x00, 0x0F, 0x80, 0xFC, 0x00, 0x02, 0xFF,
    0xE0, 0x00, 0x00, 0x00, 0x00, 0x00, 0x00, 0x00, 0x00, 0x00, 0x00, 0xBF, 0x80, 0x00, 0x0B, 0xE6,
    0xF4, 0x00, 0x0F, 0x00, 0xBC, 0x00, 0x2E, 0x00, 0x3E, 0x00, 0x3E, 0x00, 0x2F, 0x00, 0x3D, 0x00,
    0x2F, 0x00, 0x3E, 0x00, 0x2F, 0x00, 0x3F, 0x00, 0x2F, 0x00, 0x1F, 0xC0, 0xBF, 0x00, 0x0B, 0xFF,
    0xFF, 0x00, 0x00, 0x68, 0x3E, 0x00, 0x00, 0x00, 0x3C, 0x00, 0x00, 0x00, 0xF8, 0x00, 0x00, 0x03,
    0xF0, 0x00, 0x00, 0x2F, 0x80, 0x00, 0x03, 0xF8, 0x00, 0x00, 0x00, 0x00, 0x00, 0x00, 0x28, 0xBE,
    0xBE, 0x28, 0x00, 0x00, 0x00, 0x00, 0x00, 0x3C, 0xBE, 0x7C, 0x00, 0x0A, 0x00, 0x2F, 0x80, 0x2F,
    0x80, 0x0A, 0x00, 0x00, 0x00, 0x00, 0x00, 0x00, 0x00, 0x00, 0x00, 0x00, 0x00, 0x0F, 0x00, 0x2F,
    0x80, 0x1F, 0xC0, 0x03, 0x80, 0x03, 0x00, 0x2E, 0x00, 0x20, 0x00, 0x00, 0x00, 0x00, 0x00, 0x00,
    0x00, 0x00, 0x78, 0x00, 0x00, 0x0B, 0xF0, 0x00, 0x02, 0xFE, 0x00, 0x00, 0x2F, 0x80, 0x00, 0x0B,
    0xF8, 0x00, 0x00, 0xBE, 0x00, 0x00, 0x00, 0x7E, 0x00, 0x00, 0x00, 0x0B, 0xF8, 0x00, 0x00, 0x00,
    0x2F, 0xD0, 0x00, 0x00, 0x01, 0xFE, 0x00, 0x00, 0x00, 0x0B, 0xF0, 0x00, 0x00, 0x00, 0x28, 0x00,
    0x00, 0x00, 0x00, 0xBF, 0xFF, 0xFF, 0xF8, 0x2A, 0xAA, 0xAA, 0xA0, 0x00, 0x00, 0x00, 0x00, 0x00,
    0x00, 0x00, 0x00, 0x2A, 0xAA, 0xAA, 0xA0, 0x7F, 0xFF, 0xFF, 0xF4, 0x00, 0x00, 0x00, 0x00, 0xB4,
    0x00, 0x00, 0x00, 0x3F, 0x80, 0x00, 0x00, 0x02, 0xFE, 0x00, 0x00, 0x00, 0x0B, 0xE0, 0x00, 0x00,
    0x00, 0xBF, 0x80, 0x00, 0x00, 0x02, 0xF8, 0x00, 0x00, 0x02, 0xF4, 0x00, 0x00, 0xBF, 0x80, 0x00,
    0x1F, 0xE0, 0x00, 0x02, 0xFD, 0x00, 0x00, 0x3F, 0x80, 0x00, 0x00, 0xA0, 0x00, 0x00, 0x00, 0x00,
    0x00, 0x00, 0x00, 0x00, 0x00, 0x00, 0x2F, 0xF4, 0x00, 0xBC, 0xBE, 0x00, 0xF8, 0x1F, 0x00, 0x20,
    0x0F, 0x80, 0x00, 0x0F, 0x80, 0x00, 0x0F, 0x80, 0x00, 0x2F, 0x00, 0x00, 0xBC, 0x00, 0x03, 0xE0,
    0x00, 0x03, 0x40, 0x00, 0x03, 0x00, 0x00, 0x03, 0x00, 0x00, 0x00, 0x00, 0x00, 0x02, 0x80, 0x00,
    0x0F, 0xC0, 0x00, 0x0B, 0xC0, 0x00, 0x00, 0x00, 0x00, 0x00, 0x00, 0x00, 0x00, 0x00, 0x00, 0x02,
    0xFF, 0xF8, 0x00, 0x00, 0x2F, 0x80, 0x2F, 0x00, 0x00, 0xF4, 0x00, 0x02, 0xC0, 0x03, 0xC0, 0x00,
    0x00, 0xB0, 0x0F, 0x00, 0x0A, 0x08, 0x38, 0x0E, 0x00, 0xFB, 0xFC, 0x28, 0x2C, 0x03, 0xC0, 0xF8,
    0x1C, 0x3C, 0x0F, 0x00, 0xF4, 0x1C, 0x38, 0x1F, 0x00, 0xF0, 0x2C, 0x38, 0x2E, 0x00, 0xF0, 0x28,
    0x38, 0x3E, 0x01, 0xE0, 0x34, 0x38, 0x2E, 0x02, 0xE0, 0xB0, 0x3C, 0x2F, 0x0B, 0xE2, 0xC0, 0x3C,
    0x0F, 0xFA, 0xFF, 0x00, 0x2E, 0x02, 0x80, 0xA4, 0x00, 0x0F, 0x40, 0x00, 0x00, 0x00, 0x03, 0xE0,
    0x00, 0x00, 0x00, 0x00, 0xFD, 0x00, 0x0B, 0x80, 0x00, 0x2F, 0xFF, 0xF8, 0x00, 0x00, 0x00, 0x14,
    0x00, 0x00, 0x00, 0x00, 0x00, 0x00, 0x00, 0x00, 0x02, 0xF0, 0x00, 0x00, 0x00, 0x03, 0xF0, 0x00,
    0x00, 0x00, 0x03, 0xF8, 0x00, 0x00, 0x00, 0x0B, 0xFC, 0x00, 0x00, 0x00, 0x0F, 0x3C, 0x00, 0x00,
    0x00, 0x0D, 0x3E, 0x00, 0x00, 0x00, 0x2C, 0x2F, 0x00, 0x00, 0x00, 0x38, 0x0F, 0x80, 0x00, 0x00,
    0x70, 0x0F, 0xC0, 0x00, 0x00, 0xFF, 0xFF, 0xC0, 0x00, 0x00, 0xE0, 0x03, 0xE0, 0x00, 0x02, 0xC0,
    0x02, 0xF0, 0x00, 0x03, 0xC0, 0x00, 0xF0, 0x00, 0x03, 0x80, 0x00, 0xF8, 0x00, 0x0B, 0x80, 0x00,
    0xFD, 0x00, 0x3F, 0xF0, 0x03, 0xFF, 0x80, 0x2A, 0xAA, 0x80, 0x00, 0x2F, 0xEB, 0xFC, 0x00, 0x0B,
    0xC0, 0x3F, 0x00, 0x0B, 0xC0, 0x2F, 0x00, 0x0B, 0xC0, 0x2F, 0x00, 0x0B, 0xC0, 0x3F, 0x00, 0x0B,
    0xC0, 0xBC, 0x00, 0x0B, 0xEF, 0xF0, 0x00, 0x0B, 0xEA, 0xFE, 0x00, 0x0B, 0xC0, 0x1F, 0x80, 0x0B,
    0xC0, 0x0F, 0xC0, 0x0B, 0xC0, 0x0B, 0xC0, 0x0B, 0xC0, 0x0B, 0xC0, 0x0B, 0xC0, 0x0F, 0x80, 0x0F,
    0xC2, 0xBE, 0x00, 0x3F, 0xFF, 0xE0, 0x00, 0x00, 0x00, 0x00, 0x00, 0x00, 0x0B, 0xFE, 0x40, 0x00,
    0xFE, 0xAB, 0xE0, 0x03, 0xF0, 0x00, 0xE0, 0x0F, 0xC0, 0x00, 0xE0, 0x1F, 0x40, 0x00, 0x80, 0x3F,
    0x00, 0x00, 0x00, 0x3F, 0x00, 0x00, 0x00, 0x3E, 0x00, 0x00, 0x00, 0x3E, 0x00, 0x00, 0x00, 0x3F,
    0x00, 0x00, 0x00, 0x3F, 0x00, 0x00, 0x00, 0x2F, 0x00, 0x00, 0x80, 0x0F, 0xC0, 0x00, 0xE0, 0x03,
    0xE0, 0x00, 0xE0, 0x01, 0xFD, 0x03, 0xE0, 0x00, 0x2F, 0xFF, 0xC0, 0x00, 0x00, 0x00, 0x00, 0x2A,
    0xAA, 0x80, 0x00, 0x2F, 0xEA, 0xFE, 0x00, 0x0B, 0xC0, 0x0F, 0xC0, 0x0B, 0xC0, 0x03, 0xF0, 0x0B,
    0xC0, 0x00, 0xF8, 0x0B, 0xC0, 0x00, 0xFC, 0x0B, 0xC0, 0x00, 0xBC, 0x0B, 0xC0, 0x00, 0xBC, 0x0B,
    0xC0, 0x00, 0xBC, 0x0B, 0xC0, 0x00, 0xBC, 0x0B, 0xC0, 0x00, 0xFC, 0x0B, 0xC0, 0x00, 0xF8, 0x0B,
    0xC0, 0x02, 0xF0, 0x0B, 0xC0, 0x0B, 0xD0, 0x0F, 0xC1, 0xBF, 0x00, 0x3F, 0xFF, 0xE4, 0x00, 0x2A,
    0xAA, 0xAA, 0x00, 0x2F, 0xEA, 0xAF, 0x00, 0x0B, 0xC0, 0x0F, 0x00, 0x0B, 0xC0, 0x0B, 0x00, 0x0B,
    0xC0, 0x00, 0x00, 0x0B, 0xC0, 0x30, 0x00, 0x0B, 0xC0, 0x70, 0x00, 0x0B, 0xFF, 0xF0, 0x00, 0x0B,
    0xEA, 0xF0, 0x00, 0x0B, 0xC0, 0x30, 0x00, 0x0B, 0xC0, 0x20, 0x00, 0x0B, 0xC0, 0x00, 0x00, 0x0B,
    0xC0, 0x02, 0x80, 0x0B, 0xC0, 0x03, 0x80, 0x0F, 0xC0, 0x0B, 0x80, 0x3F, 0xFF, 0xFF, 0x80, 0x2A,
    0xAA, 0xAA, 0x2F, 0xEA, 0xAF, 0x0B, 0xC0, 0x0F, 0x0B, 0xC0, 0x0F, 0x0B, 0xC0, 0x00, 0x0B, 0xC0,
    0x20, 0x0B, 0xC0, 0x30, 0x0B, 0xEA, 0xF0, 0x0B, 0xEA, 0xF0, 0x0B, 0xC0, 0x30, 0x0B, 0xC0, 0x20,
    0x0B, 0xC0, 0x00, 0x0B, 0xC0, 0x00, 0x0B, 0xC0, 0x00, 0x0F, 0xC0, 0x00, 0x3F, 0xFC, 0x00, 0x00,
    0x00, 0x00, 0x00, 0x00, 0x0B, 0xFF, 0x80, 0x00, 0xFE, 0xAB, 0xF0, 0x03, 0xF0, 0x00, 0xF0, 0x0F,
    0xC0, 0x00, 0xF0, 0x2F, 0x00, 0x00, 0xA0, 0x3F, 0x00, 0x00, 0x00, 0x3E, 0x00, 0x00, 0x00, 0x3E,
    0x00, 0x00, 0x00, 0x3E, 0x00, 0x1A, 0xA8, 0x3E, 0x00, 0x0B, 0xF8, 0x3F, 0x00, 0x02, 0xF0, 0x2F,
    0x00, 0x02, 0xF0, 0x0F, 0xC0, 0x02, 0xF0, 0x03, 0xE0, 0x02, 0xF0, 0x01, 0xFE, 0x03, 0xF0, 0x00,
    0x2F, 0xFF, 0xE0, 0x00, 0x00, 0x00, 0x00, 0x2A, 0xA4, 0x02, 0xAA, 0x00, 0x2F, 0xE0, 0x02, 0xFE,
    0x00, 0x0B, 0xC0, 0x00, 0xB8, 0x00, 0x0B, 0xC0, 0x00, 0xB8, 0x00, 0x0B, 0xC0, 0x00, 0xB8, 0x00,
    0x0B, 0xC0, 0x00, 0xB8, 0x00, 0x0B, 0xC0, 0x00, 0xB8, 0x00, 0x0B, 0xFF, 0xFF, 0xF8, 0x00, 0x0B,
    0xD5, 0x55, 0xF8, 0x00, 0x0B, 0xC0, 0x00, 0xB8, 0x00, 0x0B, 0xC0, 0x00, 0xB8, 0x00, 0x0B, 0xC0,
    0x00, 0xB8, 0x00, 0x0B, 0xC0, 0x00, 0xB8, 0x00, 0x0B, 0xC0, 0x00, 0xB8, 0x00, 0x0F, 0xC0, 0x00,
    0xFC, 0x00, 0x3F, 0xF8, 0x0B, 0xFF, 0x40, 0x2A, 0xA8, 0x2F, 0xE8, 0x0B, 0xC0, 0x0B, 0xC0, 0x0B,
    0xC0, 0x0B, 0xC0, 0x0B, 0xC0, 0x0B, 0xC0, 0x0B, 0xC0, 0x0B, 0xC0, 0x0B, 0xC0, 0x0B, 0xC0, 0x0B,
    0xC0, 0x0B, 0xC0, 0x0B, 0xD0, 0x3F, 0xFC, 0x00, 0x2A, 0xA4, 0x00, 0x2F, 0xE0, 0x00, 0x0B, 0xC0,
    0x00, 0x0B, 0xC0, 0x00, 0x0B, 0xC0, 0x00, 0x0B, 0xC0, 0x00, 0x0B, 0xC0, 0x00, 0x0B, 0xC0, 0x00,
    0x0B, 0xC0, 0x00, 0x0B, 0xC0, 0x00, 0x0B, 0xC0, 0x20, 0x0F, 0x80, 0xB0, 0x0F, 0x80, 0xB4, 0x0F,
    0x00, 0xB8, 0x3E, 0x00, 0x7F, 0xF8, 0x00, 0x00, 0x00, 0x00, 0x2A, 0xA4, 0x2A, 0xA0, 0x2F, 0xE0,
    0x2F, 0xE0, 0x0B, 0xC0, 0x0F, 0x00, 0x0B, 0xC0, 0x3C, 0x00, 0x0B, 0xC0, 0xB0, 0x00, 0x0B, 0xC2,
    0xE0, 0x00, 0x0B, 0xC3, 0x80, 0x00, 0x0B, 0xCF, 0x00, 0x00, 0x0B, 0xFF, 0xC0, 0x00, 0x0B, 0xCB,
    0xE0, 0x00, 0x0B, 0xC2, 0xF0, 0x00, 0x0B, 0xC0, 0xFC, 0x00, 0x0B, 0xC0, 0x3E, 0x00, 0x0B, 0xC0,
    0x2F, 0x00, 0x0F, 0xC0, 0x0F, 0xC0, 0x3F, 0xF8, 0x0B, 0xF8, 0x2A, 0xA0, 0x00, 0x2F, 0xE0, 0x00,
    0x0B, 0xC0, 0x00, 0x0B, 0xC0, 0x00, 0x0B, 0xC0, 0x00, 0x0B, 0xC0, 0x00, 0x0B, 0xC0, 0x00, 0x0B,
    0xC0, 0x00, 0x0B, 0xC0, 0x00, 0x0B, 0xC0, 0x00, 0x0B, 0xC0, 0x00, 0x0B, 0xC0, 0x01, 0x0B, 0xC0,
    0x0B, 0x0B, 0xC0, 0x0F, 0x0F, 0xC0, 0x1F, 0xBF, 0xFF, 0xFF, 0x2A, 0xA0, 0x00, 0x0A, 0xA8, 0x2F,
    0xF0, 0x00, 0x0F, 0xF8, 0x0B, 0xF8, 0x00, 0x2F, 0xE0, 0x0B, 0xBC, 0x00, 0x3E, 0xE0, 0x0B, 0x3C,
    0x00, 0x36, 0xE0, 0x0B, 0x3E, 0x00, 0xB2, 0xE0, 0x0B, 0x2F, 0x00, 0xE2, 0xE0, 0x0B, 0x0F, 0x00,
    0xC2, 0xE0, 0x0B, 0x0F, 0x82, 0xC2, 0xE0, 0x0B, 0x0B, 0xC3, 0x82, 0xE0, 0x0B, 0x03, 0xDB, 0x02,
    0xE0, 0x0B, 0x03, 0xFF, 0x02, 0xE0, 0x0B, 0x01, 0xFD, 0x02, 0xE0, 0x0B, 0x00, 0xFC, 0x02, 0xE0,
    0x0F, 0x00, 0xB8, 0x03, 0xF0, 0x7F, 0xE0, 0x30, 0x2F, 0xFE, 0x2A, 0x80, 0x02, 0xAA, 0x00, 0x2F,
    0xE0, 0x02, 0xFA, 0x00, 0x0B, 0xF0, 0x00, 0x30, 0x00, 0x0B, 0xFC, 0x00, 0x30, 0x00, 0x0B, 0x3E,
    0x00, 0x30, 0x00, 0x0B, 0x2F, 0x00, 0x30, 0x00, 0x0B, 0x0F, 0xC0, 0x30, 0x00, 0x0B, 0x03, 0xE0,
    0x30, 0x00, 0x0B, 0x02, 0xF0, 0x30, 0x00, 0x0B, 0x00, 0xFC, 0x30, 0x00, 0x0B, 0x00, 0x3E, 0x30,
    0x00, 0x0B, 0x00, 0x2F, 0xB0, 0x00, 0x0B, 0x00, 0x0F, 0xF0, 0x00, 0x0B, 0x00, 0x03, 0xF0, 0x00,
    0x0F, 0x00, 0x02, 0xF0, 0x00, 0xBF, 0xE0, 0x00, 0xF0, 0x00, 0x00, 0x00, 0x00, 0x00, 0x00, 0x00,
    0x2F, 0xF9, 0x00, 0x00, 0x00, 0xFE, 0xAF, 0xC0, 0x00, 0x03, 0xE0, 0x03, 0xF0, 0x00, 0x0F, 0xC0,
    0x00, 0xF8, 0x00, 0x2F, 0x00, 0x00, 0xBC, 0x00, 0x3F, 0x00, 0x00, 0x3E, 0x00, 0x3E, 0x00, 0x00,
    0x3F, 0x00, 0x3E, 0x00, 0x00, 0x3F, 0x00, 0x3E, 0x00, 0x00, 0x3F, 0x00, 0x3E, 0x00, 0x00, 0x3F,
    0x00, 0x3F, 0x00, 0x00, 0x3E, 0x00, 0x2F, 0x00, 0x00, 0x7D, 0x00, 0x0F, 0x80, 0x00, 0xFC, 0x00,
    0x0B, 0xD0, 0x02, 0xF0, 0x00, 0x02, 0xF8, 0x0F, 0xC0, 0x00, 0x00, 0x2F, 0xFE, 0x00, 0x00, 0x00,
    0x00, 0x00, 0x00, 0x00, 0x2A, 0xAA, 0x80, 0x00, 0x2F, 0xEB, 0xFC, 0x00, 0x0B, 0xC0, 0x3F, 0x00,
    0x0B, 0xC0, 0x1F, 0x00, 0x0B, 0xC0, 0x0F, 0x40, 0x0B, 0xC0, 0x0F, 0x80, 0x0B, 0xC0, 0x0F, 0x00,
    0x0B, 0xC0, 0x3F, 0x00, 0x0B, 0xC0, 0xFC, 0x00, 0x0B, 0xFF, 0xE0, 0x00, 0x0B, 0xC0, 0x00, 0x00,
    0x0B, 0xC0, 0x00, 0x00, 0x0B, 0xC0, 0x00, 0x00, 0x0B, 0xC0, 0x00, 0x00, 0x0F, 0xC0, 0x00, 0x00,
    0x3F, 0xFC, 0x00, 0x00, 0x00, 0x00, 0x00, 0x00, 0x00, 0x00, 0x2F, 0xF9, 0x00, 0x00, 0x00, 0xFE,
    0xAF, 0xC0, 0x00, 0x03, 0xE0, 0x02, 0xF0, 0x00, 0x0F, 0xC0, 0x00, 0xFC, 0x00, 0x2F, 0x00, 0x00,
    0x7E, 0x00, 0x3F, 0x00, 0x00, 0x3F, 0x00, 0x3F, 0x00, 0x00, 0x3F, 0x00, 0x3E, 0x00, 0x00, 0x2F,
    0x00, 0x3E, 0x00, 0x00, 0x2F, 0x00, 0x3F, 0x00, 0x00, 0x3F, 0x00, 0x3F, 0x00, 0x00, 0x3F, 0x00,
    0x2F, 0x00, 0x00, 0x3E, 0x00, 0x0F, 0x80, 0x00, 0xBC, 0x00, 0x0B, 0xE0, 0x02, 0xF8, 0x00, 0x02,
    0xF8, 0x0B, 0xE0, 0x00, 0x00, 0x3F, 0xFE, 0x00, 0x00, 0x00, 0x03, 0xF0, 0x00, 0x00, 0x00, 0x02,
    0xF0, 0x00, 0x00, 0x00, 0x00, 0xFE, 0x00, 0x00, 0x00, 0x00, 0x3F, 0xFC, 0x00, 0x00, 0x00, 0x00,
    0x00, 0x00, 0x2A, 0xAA, 0x80, 0x00, 0x2F, 0xEB, 0xFC, 0x00, 0x0B, 0xC0, 0x3F, 0x00, 0x0B, 0xC0,
    0x2F, 0x00, 0x0B, 0xC0, 0x0F, 0x80, 0x0B, 0xC0, 0x0F, 0x00, 0x0B, 0xC0, 0x3F, 0x00, 0x0B, 0xC1,
    0xF8, 0x00, 0x0B, 0xFF, 0xE0, 0x00, 0x0B, 0xC2, 0xF8, 0x00, 0x0B, 0xC0, 0x3D, 0x00, 0x0B, 0xC0,
    0x3E, 0x00, 0x0B, 0xC0, 0x2F, 0x00, 0x0B, 0xC0, 0x0F, 0x00, 0x0F, 0xC0, 0x0F, 0xE0, 0x3F, 0xF8,
    0x03, 0xFC, 0x00, 0x00, 0x00, 0x00, 0x00, 0x00, 0x00, 0x00, 0xBF, 0xE0, 0x0B, 0xE6, 0xF8, 0x1F,
    0x00, 0x38, 0x3E, 0x00, 0x38, 0x3E, 0x00, 0x20, 0x3F, 0x00, 0x00, 0x1F, 0xE0, 0x00, 0x0B, 0xFE,
    0x00, 0x00, 0xBF, 0xE0, 0x00, 0x0F, 0xF8, 0x00, 0x02, 0xFC, 0x20, 0x00, 0xBC, 0x38, 0x00, 0x7C,
    0x38, 0x00, 0xF8, 0x3E, 0x03, 0xF0, 0x2F, 0xFF, 0x80, 0x00, 0x00, 0x00, 0xAA, 0xAA, 0xAA, 0x80,
    0xBA, 0xBF, 0xAB, 0xE0, 0xB0, 0x0F, 0x00, 0xE0, 0xB0, 0x0F, 0x00, 0xE0, 0x00, 0x0F, 0x00, 0x00,
    0x00, 0x0F, 0x00, 0x00, 0x00, 0x0F, 0x00, 0x00, 0x00, 0x0F, 0x00, 0x00, 0x00, 0x0F, 0x00, 0x00,
    0x00, 0x0F, 0x00, 0x00, 0x00, 0x0F, 0x00, 0x00, 0x00, 0x0F, 0x00, 0x00, 0x00, 0x0F, 0x00, 0x00,
    0x00, 0x0F, 0x00, 0x00, 0x00, 0x2F, 0x80, 0x00, 0x00, 0xFF, 0xF0, 0x00, 0x2A, 0xA4, 0x02, 0xAA,
    0x2F, 0xE0, 0x02, 0xFA, 0x0B, 0xC0, 0x00, 0xB0, 0x0B, 0xC0, 0x00, 0xB0, 0x0B, 0xC0, 0x00, 0xB0,
    0x0B, 0xC0, 0x00, 0xB0, 0x0B, 0xC0, 0x00, 0xB0, 0x0B, 0xC0, 0x00, 0xB0, 0x0B, 0xC0, 0x00, 0xB0,
    0x0B, 0xC0, 0x00, 0xB0, 0x0B, 0xC0, 0x00, 0xB0, 0x0B, 0xC0, 0x00, 0xB0, 0x07, 0xC0, 0x00, 0xF0,
    0x03, 0xE0, 0x02, 0xE0, 0x02, 0xFE, 0xAF, 0xC0, 0x00, 0x7F, 0xFE, 0x00, 0x00, 0x00, 0x00, 0x00,
    0xAA, 0xA0, 0x02, 0xA8, 0xBF, 0x90, 0x02, 0xF8, 0x0F, 0x80, 0x00, 0xE0, 0x0F, 0xC0, 0x02, 0xC0,
    0x0B, 0xC0, 0x03, 0xC0, 0x03, 0xE0, 0x03, 0x80, 0x03, 0xF0, 0x0B, 0x00, 0x01, 0xF0, 0x0F, 0x00,
    0x00, 0xF8, 0x0E, 0x00, 0x00, 0xBC, 0x2C, 0x00, 0x00, 0x3C, 0x38, 0x00, 0x00, 0x3E, 0x34, 0x00,
    0x00, 0x2F, 0xB0, 0x00, 0x00, 0x0F, 0xE0, 0x00, 0x00, 0x0F, 0xC0, 0x00, 0x00, 0x0B, 0xC0, 0x00,
    0x00, 0x00, 0x00, 0x00, 0xAA, 0x80, 0x0A, 0x00, 0x2A, 0x80, 0xBF, 0x80, 0x0F, 0x40, 0x2F, 0x80,
    0x0F, 0x00, 0x2F, 0x80, 0x0E, 0x00, 0x0F, 0x40, 0x3F, 0xC0, 0x0E, 0x00, 0x0F, 0x80, 0x3B, 0xC0,
    0x1C, 0x00, 0x0B, 0xC0, 0x73, 0xE0, 0x2C, 0x00, 0x03, 0xC0, 0xB2, 0xF0, 0x38, 0x00, 0x03, 0xD0,
    0xE0, 0xF0, 0x38, 0x00, 0x03, 0xE0, 0xC0, 0xF8, 0x70, 0x00, 0x02, 0xF2, 0xC0, 0xBC, 0xB0, 0x00,
    0x00, 0xF3, 0xC0, 0x3C, 0xE0, 0x00, 0x00, 0xFF, 0x80, 0x3E, 0xE0, 0x00, 0x00, 0xBF, 0x00, 0x2F,
    0xC0, 0x00, 0x00, 0xBF, 0x00, 0x0F, 0xC0, 0x00, 0x00, 0x3E, 0x00, 0x0F, 0xC0, 0x00, 0x00, 0x3C,
    0x00, 0x0B, 0x80, 0x00, 0x00, 0x00, 0x00, 0x00, 0x00, 0x00, 0x2A, 0xA0, 0x2A, 0xA0, 0x2F, 0xE0,
    0x1F, 0xE0, 0x0B, 0xC0, 0x0B, 0x00, 0x03, 0xF0, 0x2E, 0x00, 0x00, 0xF8, 0x38, 0x00, 0x00, 0xBC,
    0xF0, 0x00, 0x00, 0x3F, 0xC0, 0x00, 0x00, 0x1F, 0x80, 0x00, 0x00, 0x0F, 0xC0, 0x00, 0x00, 0x3F,
    0xF0, 0x00, 0x00, 0xB6, 0xF8, 0x00, 0x00, 0xE0, 0xFC, 0x00, 0x03, 0xC0, 0x3E, 0x00, 0x0B, 0x00,
    0x2F, 0x00, 0x2F, 0x00, 0x1F, 0xD0, 0xFF, 0xC0, 0xBF, 0xF4, 0xAA, 0xA0, 0x0A, 0xA0, 0xBF, 0xD0,
    0x0B, 0xE0, 0x0F, 0x80, 0x03, 0x80, 0x0B, 0xC0, 0x0F, 0x00, 0x03, 0xE0, 0x2C, 0x00, 0x02, 0xF0,
    0x38, 0x00, 0x00, 0xFC, 0xB0, 0x00, 0x00, 0x3E, 0xE0, 0x00, 0x00, 0x3F, 0xC0, 0x00, 0x00, 0x0F,
    0x40, 0x00, 0x00, 0x0F, 0x00, 0x00, 0x00, 0x0F, 0x00, 0x00, 0x00, 0x0F, 0x00, 0x00, 0x00, 0x0F,
    0x00, 0x00, 0x00, 0x2F, 0x80, 0x00, 0x00, 0xFF, 0xF0, 0x00, 0x1A, 0xAA, 0xAA, 0x00, 0x2F, 0xAA,
    0xBF, 0x00, 0x2C, 0x00, 0x3E, 0x00, 0x2C, 0x00, 0xFC, 0x00, 0x00, 0x02, 0xF4, 0x00, 0x00, 0x03,
    0xE0, 0x00, 0x00, 0x0F, 0xC0, 0x00, 0x00, 0x2F, 0x80, 0x00, 0x00, 0x3F, 0x00, 0x00, 0x00, 0xFC,
    0x00, 0x00, 0x01, 0xF8, 0x00, 0x00, 0x03, 0xF0, 0x02, 0x00, 0x0B, 0xC0, 0x03, 0x40, 0x0F, 0x80,
    0x07, 0x40, 0x3F, 0x80, 0x0B, 0x40, 0x3F, 0xFF, 0xFF, 0x40, 0xAA, 0x90, 0xFA, 0xA0, 0xF0, 0x00,
    0xF0, 0x00, 0xF0, 0x00, 0xF0, 0x00, 0xF0, 0x00, 0xF0, 0x00, 0xF0, 0x00, 0xF0, 0x00, 0xF0, 0x00,
    0xF0, 0x00, 0xF0, 0x00, 0xF0, 0x00, 0xF0, 0x00, 0xF0, 0x00, 0xF0, 0x00, 0xF0, 0x00, 0xF4, 0x00,
    0xFF, 0xF0, 0x00, 0x00, 0x28, 0x00, 0x00, 0x00, 0x2C, 0x00, 0x00, 0x00, 0x0E, 0x00, 0x00, 0x00,
    0x07, 0x00, 0x00, 0x00, 0x03, 0xC0, 0x00, 0x00, 0x00, 0xD0, 0x00, 0x00, 0x00, 0xF0, 0x00, 0x00,
    0x00, 0x38, 0x00, 0x00, 0x00, 0x2C, 0x00, 0x00, 0x00, 0x0E, 0x00, 0x00, 0x00, 0x0B, 0x00, 0x00,
    0x00, 0x03, 0xC0, 0x00, 0x00, 0x01, 0xC0, 0x00, 0x00, 0x00, 0xF0, 0x00, 0x00, 0x00, 0x34, 0x00,
    0x00, 0x00, 0x2C, 0x00, 0x00, 0x00, 0x0E, 0x00, 0x00, 0x00, 0x0B, 0x00, 0x00, 0x00, 0x00, 0x00,
    0x2A, 0xA0, 0x2A, 0xF8, 0x00, 0xB8, 0x00, 0xB8, 0x00, 0xB8, 0x00, 0xB8, 0x00, 0xB8, 0x00, 0xB8,
    0x00, 0xB8, 0x00, 0xB8, 0x00, 0xB8, 0x00, 0xB8, 0x00, 0xB8, 0x00, 0xB8, 0x00, 0xB8, 0x00, 0xB8,
    0x00, 0xB8, 0x00, 0xB8, 0x00, 0xB8, 0x3F, 0xF8, 0x00, 0x00, 0x01, 0xE0, 0x00, 0x03, 0xF8, 0x00,
    0x0F, 0x7D, 0x00, 0x2C, 0x0B, 0x00, 0x00, 0x00, 0x00, 0x00, 0x00, 0x00, 0x3F, 0xFF, 0xC0, 0x00,
    0x00, 0x00, 0x00, 0x00, 0x3C, 0x00, 0x3F, 0x00, 0x0B, 0xC0, 0x00, 0xF0, 0x00, 0x00, 0x00, 0x69,
    0x00, 0x0B, 0xEF, 0xC0, 0x2F, 0x03, 0xE0, 0x2F, 0x02, 0xE0, 0x00, 0x02, 0xF0, 0x00, 0xAF, 0xF0,
    0x0B, 0xE2, 0xF0, 0x3E, 0x02, 0xF0, 0x3C, 0x02, 0xF0, 0x3C, 0x02, 0xF0, 0x3F, 0x6F, 0xF0, 0x0F,
    0xF0, 0xFD, 0x00, 0x00, 0x00, 0x00, 0x00, 0x00, 0x00, 0x2F, 0x00, 0x00, 0x00, 0xAF, 0x00, 0x00,
    0x00, 0x0F, 0x00, 0x00, 0x00, 0x0F, 0x00, 0x00, 0x00, 0x0F, 0x00, 0x00, 0x00, 0x0F, 0x06, 0x80,
    0x00, 0x0F, 0xFF, 0xF4, 0x00, 0x0F, 0x80, 0xFC, 0x00, 0x0F, 0x00, 0x3E, 0x00, 0x0F, 0x00, 0x2F,
    0x00, 0x0F, 0x00, 0x2F, 0x00, 0x0F, 0x00, 0x2F, 0x00, 0x0F, 0x00, 0x2F, 0x00, 0x0F, 0x00, 0x3E,
    0x00, 0x0F, 0x00, 0xBC, 0x00, 0x0F, 0x8B, 0xF0, 0x00, 0x0F, 0xFE, 0x40, 0x00, 0x00, 0x2A, 0x00,
    0x03, 0xFB, 0xE0, 0x0F, 0x82, 0xF0, 0x2F, 0x02, 0xF0, 0x3E, 0x00, 0x00, 0x3C, 0x00, 0x00, 0x3C,
    0x00, 0x00, 0x3D, 0x00, 0x00, 0x3E, 0x00, 0x00, 0x2F, 0x80, 0x00, 0x0F, 0xEA, 0xB0, 0x02, 0xFF,
    0xC0, 0x00, 0x00, 0x00, 0x00, 0x00, 0x00, 0x00, 0x00, 0x02, 0xBC, 0x00, 0x00, 0x02, 0xFC, 0x00,
    0x00, 0x00, 0x3C, 0x00, 0x00, 0x00, 0x3C, 0x00, 0x00, 0x00, 0x3C, 0x00, 0x00, 0x2A, 0xBC, 0x00,
    0x03, 0xFF, 0xFC, 0x00, 0x0F, 0x80, 0x3C, 0x00, 0x2F, 0x00, 0x3C, 0x00, 0x3D, 0x00, 0x3C, 0x00,
    0x3C, 0x00, 0x3C, 0x00, 0x3C, 0x00, 0x3C, 0x00, 0x3C, 0x00, 0x3C, 0x00, 0x3E, 0x00, 0x3C, 0x00,
    0x2F, 0x00, 0x7C, 0x00, 0x0F, 0xEB, 0xFC, 0x00, 0x03, 0xFE, 0x3F, 0x80, 0x00, 0x00, 0x00, 0x00,
    0x00, 0x28, 0x00, 0x03, 0xFF, 0xC0, 0x0F, 0x02, 0xF0, 0x2E, 0x00, 0xF0, 0x3E, 0x00, 0xF8, 0x3F,
    0xFF, 0xF8, 0x3C, 0x00, 0x00, 0x3C, 0x00, 0x00, 0x3E, 0x00, 0x00, 0x2F, 0x00, 0x00, 0x0F, 0xE5,
    0xB8, 0x02, 0xFF, 0xC0, 0x00, 0x00, 0x00, 0x00, 0x00, 0x00, 0x00, 0x3F, 0x80, 0x01, 0xEB, 0xC0,
    0x03, 0xC1, 0x00, 0x0B, 0x80, 0x00, 0x0B, 0x80, 0x00, 0x0F, 0x80, 0x00, 0x3F, 0xFC, 0x00, 0x0F,
    0x80, 0x00, 0x0F, 0x80, 0x00, 0x0F, 0x80, 0x00, 0x0F, 0x80, 0x00, 0x0F, 0x80, 0x00, 0x0F, 0x80,
    0x00, 0x0F, 0x80, 0x00, 0x0F, 0x80, 0x00, 0x0F, 0x80, 0x00, 0x7F, 0xF0, 0x00, 0x00, 0x68, 0x00,
    0x0B, 0xEF, 0xFE, 0x0F, 0x03, 0xF4, 0x2E, 0x01, 0xF0, 0x2E, 0x00, 0xF0, 0x2F, 0x02, 0xF0, 0x0F,
    0x83, 0xC0, 0x03, 0xFF, 0x00, 0x02, 0xC0, 0x00, 0x03, 0xE0, 0x00, 0x03, 0xFF, 0xE0, 0x0F, 0xAB,
    0xFC, 0x3C, 0x00, 0xBC, 0x3C, 0x00, 0x3C, 0x3C, 0x00, 0x78, 0x3F, 0x02, 0xF0, 0x0B, 0xFF, 0x40,
    0x00, 0x00, 0x00, 0x00, 0x00, 0x00, 0x00, 0x2F, 0x00, 0x00, 0x00, 0xAF, 0x00, 0x00, 0x00, 0x0F,
    0x00, 0x00, 0x00, 0x0F, 0x00, 0x00, 0x00, 0x0F, 0x00, 0x00, 0x00, 0x0F, 0x02, 0x80, 0x00, 0x0F,
    0xBF, 0xF4, 0x00, 0x0F, 0xE1, 0xFC, 0x00, 0x0F, 0x00, 0x3C, 0x00, 0x0F, 0x00, 0x3C, 0x00, 0x0F,
    0x00, 0x3C, 0x00, 0x0F, 0x00, 0x3C, 0x00, 0x0F, 0x00, 0x3C, 0x00, 0x0F, 0x00, 0x3C, 0x00, 0x0F,
    0x00, 0x3C, 0x00, 0x0F, 0x80, 0x3D, 0x00, 0xBF, 0xE2, 0xFF, 0x80, 0x02, 0x00, 0x0F, 0xC0, 0x0F,
    0xC0, 0x02, 0x00, 0x00, 0x00, 0x02, 0x00, 0x3F, 0x80, 0x0F, 0x80, 0x0B, 0x80, 0x0B, 0x80, 0x0B,
    0x80, 0x0B, 0x80, 0x0B, 0x80, 0x0B, 0x80, 0x0B, 0x80, 0x0F, 0x80, 0x3F, 0xF0, 0x00, 0x20, 0x00,
    0xFC, 0x00, 0xFC, 0x00, 0x20, 0x00, 0x00, 0x00, 0x24, 0x03, 0xF8, 0x00, 0xB8, 0x00, 0xB8, 0x00,
    0xB8, 0x00, 0xB8, 0x00, 0xB8, 0x00, 0xB8, 0x00, 0xB8, 0x00, 0xB8, 0x00, 0xB8, 0x00, 0xB8, 0x00,
    0xB8, 0x00, 0xB4, 0x00, 0xF0, 0xF8, 0xE0, 0xBF, 0x40, 0x00, 0x00, 0x00, 0x00, 0x00, 0x00, 0x2F,
    0x00, 0x00, 0x00, 0xAF, 0x00, 0x00, 0x00, 0x0F, 0x00, 0x00, 0x00, 0x0F, 0x00, 0x00, 0x00, 0x0F,
    0x00, 0x00, 0x00, 0x0F, 0x00, 0x00, 0x00, 0x0F, 0x03, 0xFC, 0x00, 0x0F, 0x01, 0xE0, 0x00, 0x0F,
    0x03, 0x80, 0x00, 0x0F, 0x0E, 0x00, 0x00, 0x0F, 0xBC, 0x00, 0x00, 0x0F, 0xFF, 0x00, 0x00, 0x0F,
    0x0F, 0x80, 0x00, 0x0F, 0x07, 0xD0, 0x00, 0x0F, 0x02, 0xF0, 0x00, 0x0F, 0x80, 0xF8, 0x00, 0xBF,
    0xE0, 0xBF, 0x00, 0x00, 0x00, 0x2F, 0x80, 0x2F, 0x80, 0x0B, 0x80, 0x0B, 0x80, 0x0B, 0x80, 0x0B,
    0x80, 0x0B, 0x80, 0x0B, 0x80, 0x0B, 0x80, 0x0B, 0x80, 0x0B, 0x80, 0x0B, 0x80, 0x0B, 0x80, 0x0B,
    0x80, 0x0B, 0x80, 0x0F, 0x80, 0xBF, 0xF0, 0x00, 0x02, 0x80, 0x19, 0x00, 0x3F, 0xBF, 0xF2, 0xFF,
    0xC0, 0x2F, 0xE2, 0xFE, 0x4B, 0xC0, 0x0F, 0x00, 0xBC, 0x03, 0xE0, 0x0F, 0x00, 0x7C, 0x02, 0xE0,
    0x0F, 0x00, 0x3C, 0x02, 0xE0, 0x0F, 0x00, 0x3C, 0x02, 0xE0, 0x0F, 0x00, 0x3C, 0x02, 0xE0, 0x0F,
    0x00, 0x3C, 0x02, 0xE0, 0x0F, 0x00, 0x3C, 0x02, 0xE0, 0x0F, 0x80, 0xBC, 0x03, 0xE0, 0xBF, 0xE3,
    0xFF, 0x0F, 0xFC, 0x00, 0x02, 0x80, 0x00, 0x3F, 0xBF, 0xF4, 0x00, 0x2F, 0xE1, 0xFC, 0x00, 0x0F,
    0x00, 0x3C, 0x00, 0x0F, 0x00, 0x3C, 0x00, 0x0F, 0x00, 0x3C, 0x00, 0x0F, 0x00, 0x3C, 0x00, 0x0F,
    0x00, 0x3C, 0x00, 0x0F, 0x00, 0x3C, 0x00, 0x0F, 0x00, 0x3C, 0x00, 0x0F, 0x80, 0x3D, 0x00, 0xBF,
    0xE2, 0xFF, 0x80, 0x00, 0x2A, 0x00, 0x03, 0xFB, 0xE0, 0x0F, 0x80, 0xF8, 0x2F, 0x00, 0x3C, 0x3E,
    0x00, 0x3E, 0x3D, 0x00, 0x3E, 0x3C, 0x00, 0x3E, 0x3E, 0x00, 0x3E, 0x3E, 0x00, 0x3E, 0x2F, 0x00,
    0xBC, 0x0F, 0xC1, 0xF0, 0x02, 0xFF, 0xC0, 0x00, 0x00, 0x00, 0x00, 0x06, 0x80, 0x00, 0x3F, 0xBF,
    0xF4, 0x00, 0x2F, 0xD1, 0xFC, 0x00, 0x0F, 0x00, 0x3E, 0x00, 0x0F, 0x00, 0x2F, 0x00, 0x0F, 0x00,
    0x2F, 0x00, 0x0F, 0x00, 0x1F, 0x00, 0x0F, 0x00, 0x2F, 0x00, 0x0F, 0x00, 0x2F, 0x00, 0x0F, 0x00,
    0x3C, 0x00, 0x0F, 0x80, 0xF8, 0x00, 0x0F, 0xFF, 0xD0, 0x00, 0x0F, 0x40, 0x00, 0x00, 0x0F, 0x00,
    0x00, 0x00, 0x0F, 0x00, 0x00, 0x00, 0x0F, 0x80, 0x00, 0x00, 0xBF, 0xF0, 0x00, 0x00, 0x00, 0x1A,
    0x90, 0x00, 0x02, 0xFA, 0xF8, 0x00, 0x0F, 0x80, 0xB8, 0x00, 0x2F, 0x00, 0xB8, 0x00, 0x3E, 0x00,
    0xB8, 0x00, 0x3C, 0x00, 0xB8, 0x00, 0x3C, 0x00, 0xB8, 0x00, 0x3D, 0x00, 0xB8, 0x00, 0x3E, 0x00,
    0xB8, 0x00, 0x2F, 0x00, 0xB8, 0x00, 0x0F, 0xE1, 0xF8, 0x00, 0x03, 0xFF, 0xB8, 0x00, 0x00, 0x00,
    0xB8, 0x00, 0x00, 0x00, 0xB8, 0x00, 0x00, 0x00, 0xB8, 0x00, 0x00, 0x00, 0xBC, 0x00, 0x00, 0x03,
    0xFF, 0x00, 0x00, 0x02, 0x00, 0x2F, 0x6F, 0xC0, 0x2F, 0xFB, 0xC0, 0x0F, 0xC0, 0x00, 0x0F, 0x40,
    0x00, 0x0F, 0x40, 0x00, 0x0F, 0x40, 0x00, 0x0F, 0x40, 0x00, 0x0F, 0x40, 0x00, 0x0F, 0x40, 0x00,
    0x0F, 0x80, 0x00, 0xBF, 0xF4, 0x00, 0x01, 0xA4, 0x00, 0x0F, 0xFF, 0x00, 0x3D, 0x0B, 0x00, 0x3C,
    0x03, 0x00, 0x3F, 0x00, 0x00, 0x2F, 0xE0, 0x00, 0x03, 0xFE, 0x00, 0x00, 0x7F, 0x00, 0x20, 0x0F,
    0x40, 0x30, 0x0F, 0x00, 0x38, 0x1F, 0x00, 0x3F, 0xF8, 0x00, 0x00, 0x00, 0x00, 0x00, 0x00, 0x03,
    0x00, 0x0B, 0x00, 0x0F, 0x80, 0xBF, 0xFE, 0x0F, 0x00, 0x0F, 0x00, 0x0F, 0x00, 0x0F, 0x00, 0x0F,
    0x00, 0x0F, 0x00, 0x0F, 0x00, 0x0F, 0x80, 0x0F, 0xD1, 0x07, 0xFE, 0x00, 0x00, 0x02, 0x00, 0x18,
    0x00, 0xBF, 0x02, 0xFC, 0x00, 0x0F, 0x00, 0x7C, 0x00, 0x0F, 0x00, 0x3C, 0x00, 0x0F, 0x00, 0x3C,
    0x00, 0x0F, 0x00, 0x3C, 0x00, 0x0F, 0x00, 0x3C, 0x00, 0x0F, 0x00, 0x3C, 0x00, 0x0F, 0x00, 0x3C,
    0x00, 0x0F, 0x80, 0x3C, 0x00, 0x0B, 0xEA, 0xFD, 0x00, 0x03, 0xFE, 0x3F, 0x80, 0x00, 0x00, 0x00,
    0x00, 0x00, 0x00, 0x00, 0x00, 0xBF, 0xC0, 0xFF, 0x00, 0x0F, 0x00, 0x38, 0x00, 0x0F, 0x40, 0x30,
    0x00, 0x0B, 0xC0, 0xB0, 0x00, 0x03, 0xC0, 0xC0, 0x00, 0x03, 0xE2, 0xC0, 0x00, 0x02, 0xF3, 0x80,
    0x00, 0x00, 0xFB, 0x00, 0x00, 0x00, 0xFF, 0x00, 0x00, 0x00, 0x7C, 0x00, 0x00, 0x00, 0x3C, 0x00,
    0x00, 0x00, 0x00, 0x00, 0x00, 0x00, 0xBF, 0xC0, 0xB8, 0x0F, 0xE0, 0x1F, 0x00, 0xFC, 0x03, 0x80,
    0x0F, 0x00, 0xFC, 0x03, 0x00, 0x0F, 0x82, 0xEE, 0x0B, 0x00, 0x0B, 0xC3, 0x4F, 0x0E, 0x00, 0x03,
    0xC3, 0x0F, 0x0C, 0x00, 0x03, 0xCA, 0x0B, 0xAC, 0x00, 0x02, 0xED, 0x03, 0xF8, 0x00, 0x00, 0xFC,
    0x03, 0xF0, 0x00, 0x00, 0xF8, 0x02, 0xF0, 0x00, 0x00, 0xF0, 0x01, 0xE0, 0x00, 0x00, 0x00, 0x00,
    0xBF, 0xD3, 0xFC, 0x0F, 0x80, 0xE0, 0x03, 0xD3, 0xC0, 0x02, 0xFF, 0x00, 0x00, 0xFC, 0x00, 0x00,
    0xBE, 0x00, 0x00, 0xFF, 0x00, 0x03, 0xCF, 0xC0, 0x0B, 0x03, 0xE0, 0x2E, 0x02, 0xF0, 0xFF, 0x8B,
    0xFE, 0x00, 0x00, 0x00, 0x00, 0xBF, 0xC0, 0xFF, 0x00, 0x0F, 0x00, 0x38, 0x00, 0x0F, 0x80, 0x30,
    0x00, 0x0B, 0xC0, 0xF0, 0x00, 0x03, 0xC0, 0xC0, 0x00, 0x03, 0xE2, 0xC0, 0x00, 0x01, 0xF3, 0x80,
    0x00, 0x00, 0xFF, 0x00, 0x00, 0x00, 0xBE, 0x00, 0x00, 0x00, 0x3C, 0x00, 0x00, 0x00, 0x3C, 0x00,
    0x00, 0x00, 0x38, 0x00, 0x00, 0x00, 0x70, 0x00, 0x00, 0x20, 0xE0, 0x00, 0x00, 0x7F, 0xC0, 0x00,
    0x00, 0x3F, 0x00, 0x00, 0x00, 0x00, 0x00, 0x00, 0x00, 0x00, 0x00, 0x00, 0x3F, 0xFF, 0xE0, 0x38,
    0x0B, 0xC0, 0x30, 0x1F, 0x40, 0x00, 0x3E, 0x00, 0x00, 0xFC, 0x00, 0x02, 0xF0, 0x00, 0x03, 0xE0,
    0x00, 0x0F, 0xC0, 0x20, 0x2F, 0x00, 0xB0, 0x3F, 0x00, 0xF0, 0x3F, 0xFF, 0xF0, 0x00, 0x00, 0x00,
    0x00, 0x3F, 0x80, 0x00, 0xF4, 0x00, 0x00, 0xF0, 0x00, 0x00, 0xF0, 0x00, 0x00, 0xF0, 0x00, 0x01,
    0xF0, 0x00, 0x02, 0xE0, 0x00, 0x03, 0xC0, 0x00, 0x2F, 0x80, 0x00, 0xBE, 0x00, 0x00, 0x03, 0xC0,
    0x00, 0x02, 0xE0, 0x00, 0x01, 0xE0, 0x00, 0x01, 0xF0, 0x00, 0x00, 0xF0, 0x00, 0x00, 0xF0, 0x00,
    0x00, 0xF0, 0x00, 0x00, 0xBE, 0x00, 0x00, 0x0A, 0x80, 0x10, 0xB0, 0xB0, 0xB0, 0xB0, 0xB0, 0xB0,
    0xB0, 0xB0, 0xB0, 0xB0, 0xB0, 0xB0, 0xB0, 0xB0, 0xB0, 0xB0, 0xB0, 0xB0, 0xB0, 0xB0, 0xB0, 0xB0,
    0xB0, 0xA0, 0x00, 0x00, 0x00, 0x3F, 0x80, 0x00, 0x03, 0xC0, 0x00, 0x02, 0xE0, 0x00, 0x02, 0xE0,
    0x00, 0x02, 0xE0, 0x00, 0x02, 0xE0, 0x00, 0x02, 0xE0, 0x00, 0x00, 0xF0, 0x00, 0x00, 0x3E, 0x40,
    0x00, 0x2F, 0xC0, 0x00, 0xF0, 0x00, 0x00, 0xF0, 0x00, 0x02, 0xE0, 0x00, 0x02, 0xE0, 0x00, 0x02,
    0xE0, 0x00, 0x02, 0xE0, 0x00, 0x03, 0xC0, 0x00, 0x2F, 0xC0, 0x00, 0x29, 0x00, 0x00, 0x00, 0x60,
    0x00, 0x00, 0x00, 0x0F, 0xFF, 0xE0, 0x0F, 0x00, 0x3D, 0x01, 0xBF, 0xFD, 0x00, 0x20, 0x00, 0x02,
    0x40, 0x00, 0x24, 0xBC, 0xBC, 0x00, 0x00, 0x38, 0x38, 0x38, 0x3C, 0x3C, 0x3C, 0x3C, 0x7C, 0xBC,
    0xBC, 0xBC, 0x28, 0x00, 0x00, 0x00, 0x00, 0x0C, 0x00, 0x00, 0x0C, 0x00, 0x00, 0xAF, 0xA0, 0x03,
    0xFE, 0xF0, 0x0F, 0x0C, 0x30, 0x3E, 0x0C, 0x30, 0x3C, 0x0C, 0x00, 0x3C, 0x0C, 0x00, 0x3C, 0x0C,
    0x00, 0x3C, 0x0C, 0x00, 0x3E, 0x0C, 0x30, 0x0F, 0x0C, 0x30, 0x0B, 0xED, 0xF0, 0x00, 0xBF, 0xE0,
    0x00, 0x0C, 0x00, 0x00, 0x0C, 0x00, 0x00, 0x00, 0x00, 0x00, 0x00, 0x00, 0x00, 0x00, 0x0F, 0xF8,
    0x00, 0x00, 0x7D, 0x2F, 0x00, 0x00, 0xF4, 0x0F, 0x00, 0x01, 0xF0, 0x08, 0x00, 0x02, 0xE0, 0x00,
    0x00, 0x02, 0xE0, 0x00, 0x00, 0x02, 0xE0, 0x00, 0x00, 0x02, 0xE0, 0x00, 0x00, 0x0F, 0xFF, 0xF0,
    0x00, 0x02, 0xF0, 0x00, 0x00, 0x02, 0xE0, 0x00, 0x00, 0x02, 0xE0, 0x00, 0x00, 0x02, 0xC0, 0x00,
    0x00, 0x03, 0xC0, 0x00, 0x00, 0x0B, 0x00, 0x00, 0x00, 0x3F, 0xFF, 0xFF, 0x00, 0x3F, 0xFF, 0xFF,
    0x00, 0x00, 0x00, 0x00, 0x00, 0x38, 0x00, 0x01, 0xC0, 0x0E, 0x2F, 0x87, 0x80, 0x03, 0xFA, 0xFE,
    0x00, 0x03, 0xC0, 0x2C, 0x00, 0x0B, 0x00, 0x0F, 0x00, 0x0A, 0x00, 0x0B, 0x00, 0x0A, 0x00, 0x0B,
    0x00, 0x0B, 0x00, 0x0F, 0x00, 0x03, 0xC0, 0x2D, 0x00, 0x07, 0xFA, 0xFE, 0x00, 0x1E, 0x2F, 0x83,
    0x80, 0x38, 0x00, 0x00, 0xC0, 0x00, 0x00, 0x00, 0x00, 0xAA, 0x80, 0x2A, 0x80, 0xBF, 0x80, 0x2F,
    0x80, 0x0F, 0x80, 0x0F, 0x00, 0x0B, 0xC0, 0x2C, 0x00, 0x03, 0xE0, 0x38, 0x00, 0x02, 0xF0, 0xB0,
    0x00, 0x3F, 0xF8, 0xFF, 0xC0, 0x00, 0xBF, 0xC0, 0x00, 0x00, 0x3F, 0x80, 0x00, 0x2A, 0xBF, 0xAA,
    0x80, 0x2A, 0xAF, 0xAA, 0x80, 0x00, 0x0F, 0x00, 0x00, 0x00, 0x0F, 0x00, 0x00, 0x00, 0x0F, 0x00,
    0x00, 0x00, 0x2F, 0x00, 0x00, 0x00, 0xFF, 0xF0, 0x00, 0x00, 0xA0, 0xA0, 0xA0, 0xA0, 0xA0, 0xA0,
    0xA0, 0xA0, 0xA0, 0x00, 0x00, 0x00, 0xA0, 0xA0, 0xA0, 0xA0, 0xA0, 0xA0, 0xA0, 0xA0, 0xA0, 0x00,
    0x00, 0x00, 0x00, 0x0B, 0xFF, 0x00, 0x3E, 0x07, 0x80, 0x3C, 0x03, 0x80, 0x3C, 0x01, 0x00, 0x3F,
    0x00, 0x00, 0x0F, 0xF0, 0x00, 0x0B, 0xFE, 0x00, 0x3C, 0x2F, 0x80, 0xB4, 0x07, 0xC0, 0xB0, 0x03,
    0xC0, 0xB8, 0x03, 0xC0, 0x3E, 0x0B, 0x80, 0x2F, 0xEE, 0x00, 0x03, 0xFC, 0x00, 0x00, 0xBF, 0x00,
    0x00, 0x0F, 0x80, 0x30, 0x03, 0x80, 0x34, 0x0B, 0x80, 0x3E, 0xAF, 0x00, 0x0A, 0xA4, 0x00, 0x00,
    0x00, 0x00, 0x3C, 0x0F, 0x00, 0x3D, 0x0F, 0x00, 0x04, 0x00, 0x00, 0x00, 0x00, 0x00, 0x00, 0x00,
    0x00, 0x0B, 0xFF, 0x80, 0x00, 0x00, 0xB8, 0x00, 0xB8, 0x00, 0x02, 0xC0, 0x00, 0x0F, 0x00, 0x0B,
    0x00, 0xAA, 0x02, 0xC0, 0x0C, 0x0B, 0xEB, 0xC0, 0xE0, 0x28, 0x2F, 0x00, 0xC0, 0x70, 0x30, 0x3C,
    0x00, 0xC0, 0x30, 0x30, 0xB8, 0x00, 0x00, 0x24, 0x30, 0xB8, 0x00, 0x00, 0x28, 0x30, 0xB8, 0x00,
    0x00, 0x28, 0x30, 0xBC, 0x00, 0x00, 0x34, 0x34, 0x3C, 0x00, 0xC0, 0x30, 0x2C, 0x1F, 0x40, 0xC0,
    0xB0, 0x0E, 0x03, 0xFF, 0xC0, 0xC0, 0x03, 0x40, 0x00, 0x03, 0x80, 0x00, 0xE0, 0x00, 0x2E, 0x00,
    0x00, 0x2E, 0x9A, 0xF0, 0x00, 0x00, 0x02, 0xAA, 0x00, 0x00, 0x0B, 0xE0, 0x38, 0x74, 0x00, 0x38,
    0x0B, 0xB8, 0x38, 0x38, 0x70, 0x38, 0x3F, 0xBC, 0x00, 0x00, 0x3F, 0xFD, 0x00, 0x00, 0x00, 0x00,
    0xC0, 0xE0, 0x03, 0x83, 0xC0, 0x0F, 0x0B, 0x80, 0x2E, 0x0F, 0x00, 0x3C, 0x3D, 0x00, 0xBC, 0x3C,
    0x00, 0x3C, 0x3E, 0x00, 0x0F, 0x0F, 0x00, 0x0B, 0x03, 0x80, 0x03, 0xC2, 0xC0, 0x00, 0xC0, 0xE0,
    0x3F, 0xFF, 0xFF, 0xC0, 0x2A, 0xAA, 0xAA, 0xD0, 0x00, 0x00, 0x00, 0xD0, 0x00, 0x00, 0x00, 0xD0,
    0x00, 0x00, 0x00, 0xD0, 0x00, 0x00, 0x00, 0x80, 0x00, 0x00, 0x00, 0x00, 0x00, 0x00, 0x0B, 0xFF,
    0x80, 0x00, 0x00, 0xB8, 0x00, 0xB8, 0x00, 0x02, 0xC0, 0x00, 0x0F, 0x00, 0x0B, 0x2A, 0xA8, 0x02,
    0xC0, 0x0C, 0x0F, 0x1F, 0x80, 0xE0, 0x28, 0x0F, 0x03, 0xC0, 0x70, 0x30, 0x0F, 0x02, 0xC0, 0x30,
    0x30, 0x0F, 0x03, 0xC0, 0x24, 0x30, 0x0F, 0xBE, 0x00, 0x28, 0x30, 0x0F, 0x0F, 0x00, 0x28, 0x30,
    0x0F, 0x03, 0x80, 0x34, 0x34, 0x0F, 0x03, 0xC0, 0x30, 0x2C, 0x0F, 0x01, 0xE0, 0xB0, 0x0E, 0x2A,
    0x80, 0xAA, 0xC0, 0x03, 0x40, 0x00, 0x03, 0x80, 0x00, 0xE0, 0x00, 0x2E, 0x00, 0x00, 0x3E, 0x9A,
    0xF0, 0x00, 0x00, 0x02, 0xAA, 0x00, 0x00, 0x00, 0x00, 0x00, 0x3F, 0xFF, 0xC0, 0x2A, 0xAA, 0x00,
    0x2A, 0x00, 0xB6, 0xC0, 0xC0, 0xC0, 0xD0, 0xC0, 0x3B, 0x80, 0x04, 0x00, 0x00, 0x00, 0x00, 0x00,
    0x00, 0x03, 0x00, 0x00, 0x00, 0x03, 0x00, 0x00, 0x00, 0x03, 0x00, 0x00, 0x00, 0x03, 0x00, 0x00,
    0x7F, 0xFF, 0xFF, 0xF4, 0x2A, 0xAF, 0xEA, 0xA0, 0x00, 0x03, 0x00, 0x00, 0x00, 0x03, 0x00, 0x00,
    0x00, 0x03, 0x00, 0x00, 0x00, 0x03, 0x00, 0x00, 0x00, 0x00, 0x00, 0x00, 0x00, 0x00, 0x00, 0x00,
    0x2A, 0xAA, 0xAA, 0xA0, 0xBF, 0xFF, 0xFF, 0xF8, 0x00, 0x40, 0x2E, 0xBC, 0x38, 0x2E, 0x20, 0x0E,
    0x00, 0x2C, 0x00, 0x38, 0x00, 0xE0, 0x07, 0x40, 0x2D, 0x07, 0x3F, 0xFF, 0x00, 0x00, 0x00, 0x40,
    0x2E, 0xBC, 0x38, 0x2C, 0x00, 0x1C, 0x00, 0x78, 0x03, 0xF8, 0x00, 0x1E, 0x00, 0x0E, 0x34, 0x1E,
    0x3E, 0xB8, 0x00, 0x00, 0x00, 0x00, 0x00, 0xF0, 0x03, 0xF0, 0x0F, 0x80, 0x3D, 0x00, 0x00, 0x00,
    0x00, 0x00, 0x00, 0x3C, 0x02, 0xE0, 0x3C, 0x02, 0xE0, 0x3C, 0x02, 0xE0, 0x3C, 0x02, 0xE0, 0x3C,
    0x02, 0xE0, 0x3C, 0x02, 0xE0, 0x3C, 0x02, 0xE0, 0x3C, 0x02, 0xE0, 0x3E, 0x03, 0xE2, 0x3F, 0xAE,
    0xFA, 0x3F, 0xF0, 0xFC, 0x30, 0x00, 0x00, 0x30, 0x00, 0x00, 0xB4, 0x00, 0x00, 0xB8, 0x00, 0x00,
    0xB0, 0x00, 0x00, 0x00, 0x00, 0x00, 0x00, 0xAA, 0xA4, 0x0F, 0xFA, 0xE0, 0x3F, 0xF0, 0xC0, 0x3F,
    0xF0, 0xC0, 0x7F, 0xF0, 0xC0, 0x7F, 0xF0, 0xC0, 0x3F, 0xF0, 0xC0, 0x3F, 0xF0, 0xC0, 0x0F, 0xF0,
    0xC0, 0x00, 0x10, 0xC0, 0x00, 0x00, 0xC0, 0x00, 0x00, 0xC0, 0x00, 0x00, 0xC0, 0x00, 0x00, 0xC0,
    0x00, 0x00, 0xC0, 0x00, 0x00, 0xC0, 0x00, 0x00, 0xC0, 0x00, 0x00, 0x80, 0x00, 0x3D, 0x3D, 0x00,
    0x08, 0x00, 0x0C, 0x00, 0x0F, 0x80, 0x07, 0xC0, 0x02, 0xC0, 0x3F, 0x80, 0x00, 0x00, 0x01, 0x00,
    0xBF, 0x00, 0x0B, 0x00, 0x0B, 0x00, 0x0B, 0x00, 0x0B, 0x00, 0x0B, 0x00, 0x0B, 0x00, 0x0B, 0x00,
    0x2F, 0xA0, 0x00, 0x00, 0x0A, 0xE0, 0x3C, 0x2C, 0x38, 0x0E, 0xB0, 0x0E, 0x70, 0x0E, 0x38, 0x1C,
    0x0E, 0xB8, 0x00, 0x00, 0x7F, 0xFE, 0x00, 0x00, 0x00, 0x30, 0x38, 0x00, 0x3C, 0x2C, 0x00, 0x0E,
    0x0F, 0x00, 0x0F, 0x8B, 0xC0, 0x03, 0xC3, 0xE0, 0x03, 0xC2, 0xE0, 0x07, 0xC3, 0xC0, 0x0F, 0x0B,
    0x80, 0x2E, 0x0E, 0x00, 0x38, 0x2C, 0x00, 0xB0, 0x30, 0x00, 0x00, 0x40, 0x00, 0x00, 0x00, 0x2F,
    0xC0, 0x00, 0x0E, 0x00, 0x02, 0xC0, 0x00, 0x3C, 0x00, 0x02, 0xC0, 0x00, 0x70, 0x00, 0x02, 0xC0,
    0x00, 0xE0, 0x00, 0x02, 0xC0, 0x02, 0xC0, 0x00, 0x02, 0xC0, 0x03, 0x40, 0x00, 0x02, 0xC0, 0x0E,
    0x00, 0x80, 0x02, 0xC0, 0x2C, 0x02, 0xD0, 0x0B, 0xE8, 0x38, 0x0B, 0xD0, 0x00, 0x00, 0xF0, 0x2C,
    0xD0, 0x00, 0x02, 0xC0, 0x30, 0xD0, 0x00, 0x03, 0x80, 0xC0, 0xD0, 0x00, 0x0F, 0x03, 0xEB, 0xF8,
    0x00, 0x1C, 0x00, 0x01, 0xE0, 0x00, 0x38, 0x00, 0x00, 0xD0, 0x00, 0xB0, 0x00, 0x00, 0xD0, 0x00,
    0x00, 0x00, 0x00, 0x80, 0x00, 0x40, 0x00, 0x00, 0x00, 0x2F, 0xC0, 0x00, 0x0D, 0x00, 0x02, 0xC0,
    0x00, 0x3C, 0x00, 0x02, 0xC0, 0x00, 0xB0, 0x00, 0x02, 0xC0, 0x00, 0xE0, 0x00, 0x02, 0xC0, 0x03,
    0xC0, 0x00, 0x02, 0xC0, 0x0B, 0x00, 0x00, 0x02, 0xC0, 0x0E, 0x0A, 0x80, 0x02, 0xC0, 0x3C, 0x78,
    0xF0, 0x0B, 0xE4, 0x70, 0xB0, 0x38, 0x00, 0x00, 0xE0, 0x00, 0x38, 0x00, 0x02, 0xC0, 0x00, 0x34,
    0x00, 0x03, 0x40, 0x00, 0xE0, 0x00, 0x0F, 0x00, 0x03, 0x80, 0x00, 0x2C, 0x00, 0x0E, 0x08, 0x00,
    0x38, 0x00, 0xB8, 0x1C, 0x00, 0xF0, 0x00, 0xFF, 0xFC, 0x01, 0x80, 0x00, 0x00, 0x00, 0x2E, 0xBC,
    0x00, 0x0F, 0x00, 0x38, 0x2C, 0x00, 0x2C, 0x00, 0x00, 0x1C, 0x00, 0x38, 0x00, 0x00, 0x78, 0x00,
    0xF0, 0x00, 0x02, 0xF8, 0x02, 0xC0, 0x00, 0x00, 0x0E, 0x03, 0x80, 0x00, 0x00, 0x0E, 0x0B, 0x00,
    0x40, 0x38, 0x0E, 0x0C, 0x02, 0xE0, 0x2E, 0xB8, 0x38, 0x03, 0xE0, 0x00, 0x00, 0xB0, 0x0C, 0xE0,
    0x00, 0x00, 0xE0, 0x34, 0xE0, 0x00, 0x03, 0xC0, 0xE0, 0xE0, 0x00, 0x0B, 0x02, 0xFA, 0xF8, 0x00,
    0x0E, 0x00, 0x00, 0xF0, 0x00, 0x3C, 0x00, 0x00, 0xE0, 0x00, 0x70, 0x00, 0x00, 0xE0, 0x00, 0x00,
    0x00, 0x00, 0x00, 0x00, 0x20, 0x00, 0x00, 0xFC, 0x00, 0x00, 0xFC, 0x00, 0x00, 0x10, 0x00, 0x00,
    0x00, 0x00, 0x00, 0x30, 0x00, 0x00, 0x30, 0x00, 0x00, 0xB0, 0x00, 0x03, 0xE0, 0x00, 0x0F, 0x40,
    0x00, 0x3E, 0x00, 0x00, 0x7C, 0x00, 0x00, 0xBC, 0x00, 0x00, 0x3C, 0x03, 0x80, 0x3F, 0x0B, 0xC0,
    0x0F, 0xEF, 0x80, 0x00, 0xA8, 0x00, 0x00, 0x08, 0x00, 0x00, 0x00, 0x00, 0x2F, 0x00, 0x00, 0x00,
    0x00, 0x0F, 0xC0, 0x00, 0x00, 0x00, 0x02, 0xF0, 0x00, 0x00, 0x00, 0x00, 0x28, 0x00, 0x00, 0x00,
    0x00, 0x00, 0x00, 0x00, 0x00, 0x02, 0xF0, 0x00, 0x00, 0x00, 0x03, 0xF0, 0x00, 0x00, 0x00, 0x03,
    0xF8, 0x00, 0x00, 0x00, 0x0B, 0xFC, 0x00, 0x00, 0x00, 0x0F, 0x3C, 0x00, 0x00, 0x00, 0x0D, 0x3E,
    0x00, 0x00, 0x00, 0x2C, 0x2F, 0x00, 0x00, 0x00, 0x38, 0x0F, 0x80, 0x00, 0x00, 0x70, 0x0F, 0xC0,
    0x00, 0x00, 0xFF, 0xFF, 0xC0, 0x00, 0x00, 0xE0, 0x03, 0xE0, 0x00, 0x02, 0xC0, 0x02, 0xF0, 0x00,
    0x03, 0xC0, 0x00, 0xF0, 0x00, 0x03, 0x80, 0x00, 0xF8, 0x00, 0x0B, 0x80, 0x00, 0xFD, 0x00, 0x3F,
    0xF0, 0x03, 0xFF, 0x80, 0x00, 0x00, 0x08, 0x00, 0x00, 0x00, 0x00, 0x2F, 0x00, 0x00, 0x00, 0x00,
    0xBE, 0x00, 0x00, 0x00, 0x02, 0xF0, 0x00, 0x00, 0x00, 0x03, 0x80, 0x00, 0x00, 0x00, 0x00, 0x00,
    0x00, 0x00, 0x00, 0x02, 0xF0, 0x00, 0x00, 0x00, 0x03, 0xF0, 0x00, 0x00, 0x00, 0x03, 0xF8, 0x00,
    0x00, 0x00, 0x0B, 0xFC, 0x00, 0x00, 0x00, 0x0F, 0x3C, 0x00, 0x00, 0x00, 0x0D, 0x3E, 0x00, 0x00,
    0x00, 0x2C, 0x2F, 0x00, 0x00, 0x00, 0x38, 0x0F, 0x80, 0x00, 0x00, 0x70, 0x0F, 0xC0, 0x00, 0x00,
    0xFF, 0xFF, 0xC0, 0x00, 0x00, 0xE0, 0x03, 0xE0, 0x00, 0x02, 0xC0, 0x02, 0xF0, 0x00, 0x03, 0xC0,
    0x00, 0xF0, 0x00, 0x03, 0x80, 0x00, 0xF8, 0x00, 0x0B, 0x80, 0x00, 0xFD, 0x00, 0x3F, 0xF0, 0x03,
    0xFF, 0x80, 0x00, 0x00, 0x00, 0x00, 0x00, 0x00, 0x03, 0xF0, 0x00, 0x00, 0x00, 0x0B, 0xFC, 0x00,
    0x00, 0x00, 0x0E, 0x1E, 0x00, 0x00, 0x00, 0x28, 0x03, 0x00, 0x00, 0x00, 0x00, 0x00, 0x00, 0x00,
    0x00, 0x02, 0xF0, 0x00, 0x00, 0x00, 0x03, 0xF0, 0x00, 0x00, 0x00, 0x03, 0xF8, 0x00, 0x00, 0x00,
    0x0B, 0xFC, 0x00, 0x00, 0x00, 0x0F, 0x3C, 0x00, 0x00, 0x00, 0x0D, 0x3E, 0x00, 0x00, 0x00, 0x2C,
    0x2F, 0x00, 0x00, 0x00, 0x38, 0x0F, 0x80, 0x00, 0x00, 0x70, 0x0F, 0xC0, 0x00, 0x00, 0xFF, 0xFF,
    0xC0, 0x00, 0x00, 0xE0, 0x03, 0xE0, 0x00, 0x02, 0xC0, 0x02, 0xF0, 0x00, 0x03, 0xC0, 0x00, 0xF0,
    0x00, 0x03, 0x80, 0x00, 0xF8, 0x00, 0x0B, 0x80, 0x00, 0xFD, 0x00, 0x3F, 0xF0, 0x03, 0xFF, 0x80,
    0x00, 0x0A, 0x00, 0x40, 0x00, 0x00, 0x2F, 0xFB, 0x00, 0x00, 0x00, 0x30, 0xBE, 0x00, 0x00, 0x00,
    0x00, 0x00, 0x00, 0x00, 0x00, 0x00, 0x00, 0x00, 0x00, 0x00, 0x02, 0xF0, 0x00, 0x00, 0x00, 0x03,
    0xF0, 0x00, 0x00, 0x00, 0x03, 0xF8, 0x00, 0x00, 0x00, 0x0B, 0xFC, 0x00, 0x00, 0x00, 0x0F, 0x3C,
    0x00, 0x00, 0x00, 0x0D, 0x3E, 0x00, 0x00, 0x00, 0x2C, 0x2F, 0x00, 0x00, 0x00, 0x38, 0x0F, 0x80,
    0x00, 0x00, 0x70, 0x0F, 0xC0, 0x00, 0x00, 0xFF, 0xFF, 0xC0, 0x00, 0x00, 0xE0, 0x03, 0xE0, 0x00,
    0x02, 0xC0, 0x02, 0xF0, 0x00, 0x03, 0xC0, 0x00, 0xF0, 0x00, 0x03, 0x80, 0x00, 0xF8, 0x00, 0x0B,
    0x80, 0x00, 0xFD, 0x00, 0x3F, 0xF0, 0x03, 0xFF, 0x80, 0x00, 0x08, 0x0A, 0x00, 0x00, 0x00, 0x3E,
    0x0F, 0x00, 0x00, 0x00, 0x2C, 0x0F, 0x00, 0x00, 0x00, 0x00, 0x00, 0x00, 0x00, 0x00, 0x00, 0x00,
    0x00, 0x00, 0x00, 0x02, 0xF0, 0x00, 0x00, 0x00, 0x03, 0xF0, 0x00, 0x00, 0x00, 0x03, 0xF8, 0x00,
    0x00, 0x00, 0x0B, 0xFC, 0x00, 0x00, 0x00, 0x0F, 0x3C, 0x00, 0x00, 0x00, 0x0D, 0x3E, 0x00, 0x00,
    0x00, 0x2C, 0x2F, 0x00, 0x00, 0x00, 0x38, 0x0F, 0x80, 0x00, 0x00, 0x70, 0x0F, 0xC0, 0x00, 0x00,
    0xFF, 0xFF, 0xC0, 0x00, 0x00, 0xE0, 0x03, 0xE0, 0x00, 0x02, 0xC0, 0x02, 0xF0, 0x00, 0x03, 0xC0,
    0x00, 0xF0, 0x00, 0x03, 0x80, 0x00, 0xF8, 0x00, 0x0B, 0x80, 0x00, 0xFD, 0x00, 0x3F, 0xF0, 0x03,
    0xFF, 0x80, 0x00, 0x02, 0xE0, 0x00, 0x00, 0x00, 0x0B, 0xBC, 0x00, 0x00, 0x00, 0x0C, 0x0D, 0x00,
    0x00, 0x00, 0x0C, 0x0C, 0x00, 0x00, 0x00, 0x0B, 0xBC, 0x00, 0x00, 0x00, 0x02, 0xA0, 0x00, 0x00,
    0x00, 0x00, 0x00, 0x00, 0x00, 0x00, 0x02, 0xF0, 0x00, 0x00, 0x00, 0x03, 0xF0, 0x00, 0x00, 0x00,
    0x03, 0xF8, 0x00, 0x00, 0x00, 0x0B, 0xFC, 0x00, 0x00, 0x00, 0x0F, 0x3C, 0x00, 0x00, 0x00, 0x0D,
    0x3E, 0x00, 0x00, 0x00, 0x2C, 0x2F, 0x00, 0x00, 0x00, 0x38, 0x0F, 0x80, 0x00, 0x00, 0x70, 0x0F,
    0xC0, 0x00, 0x00, 0xFF, 0xFF, 0xC0, 0x00, 0x00, 0xE0, 0x03, 0xE0, 0x00, 0x02, 0xC0, 0x02, 0xF0,
    0x00, 0x03, 0xC0, 0x00, 0xF0, 0x00, 0x03, 0x80, 0x00, 0xF8, 0x00, 0x0B, 0x80, 0x00, 0xFD, 0x00,
    0x3F, 0xF0, 0x03, 0xFF, 0x80, 0x00, 0x00, 0x2A, 0xAA, 0xAA, 0x80, 0x00, 0x00, 0x2F, 0xFE, 0xAB,
    0xC0, 0x00, 0x00, 0x0E, 0xF8, 0x03, 0xC0, 0x00, 0x00, 0x3C, 0xF8, 0x02, 0xC0, 0x00, 0x00, 0xB0,
    0xF8, 0x00, 0x00, 0x00, 0x00, 0xE0, 0xF8, 0x0C, 0x00, 0x00, 0x02, 0xC0, 0xF8, 0x0C, 0x00, 0x00,
    0x07, 0x80, 0xFF, 0xFC, 0x00, 0x00, 0x0F, 0x00, 0xFA, 0xAC, 0x00, 0x00, 0x2F, 0xFF, 0xF8, 0x0C,
    0x00, 0x00, 0x38, 0x00, 0xF8, 0x08, 0x00, 0x00, 0xF0, 0x00, 0xF8, 0x00, 0x00, 0x02, 0xD0, 0x00,
    0xF8, 0x00, 0xB0, 0x03, 0xC0, 0x00, 0xF8, 0x00, 0xF0, 0x0B, 0x80, 0x01, 0xF8, 0x01, 0xF0, 0x3F,
    0xE0, 0x0B, 0xFF, 0xFF, 0xF0, 0x00, 0x00, 0x00, 0x00, 0x00, 0x0B, 0xFE, 0x40, 0x00, 0xFE, 0xAB,
    0xE0, 0x03, 0xF0, 0x00, 0xE0, 0x0F, 0xC0, 0x00, 0xE0, 0x1F, 0x40, 0x00, 0x80, 0x3F, 0x00, 0x00,
    0x00, 0x3F, 0x00, 0x00, 0x00, 0x3E, 0x00, 0x00, 0x00, 0x3E, 0x00, 0x00, 0x00, 0x3F, 0x00, 0x00,
    0x00, 0x3F, 0x00, 0x00, 0x00, 0x2F, 0x00, 0x00, 0x80, 0x0F, 0xC0, 0x00, 0xE0, 0x03, 0xE0, 0x00,
    0xE0, 0x01, 0xFD, 0x03, 0xE0, 0x00, 0x2F, 0xFF, 0xC0, 0x00, 0x02, 0xC0, 0x00, 0x00, 0x00, 0xF0,
    0x00, 0x00, 0x00, 0xBC, 0x00, 0x00, 0x00, 0x3C, 0x00, 0x00, 0x0B, 0xF0, 0x00, 0x00, 0x00, 0x00,
    0x00, 0x00, 0x80, 0x00, 0x00, 0x02, 0xF0, 0x00, 0x00, 0x00, 0xFC, 0x00, 0x00, 0x00, 0x2F, 0x00,
    0x00, 0x00, 0x02, 0x80, 0x00, 0x00, 0x00, 0x00, 0x00, 0x2A, 0xAA, 0xAA, 0x00, 0x2F, 0xEA, 0xAF,
    0x00, 0x0B, 0xC0, 0x0F, 0x00, 0x0B, 0xC0, 0x0B, 0x00, 0x0B, 0xC0, 0x00, 0x00, 0x0B, 0xC0, 0x30,
    0x00, 0x0B, 0xC0, 0x70, 0x00, 0x0B, 0xFF, 0xF0, 0x00, 0x0B, 0xEA, 0xF0, 0x00, 0x0B, 0xC0, 0x30,
    0x00, 0x0B, 0xC0, 0x20, 0x00, 0x0B, 0xC0, 0x00, 0x00, 0x0B, 0xC0, 0x02, 0x80, 0x0B, 0xC0, 0x03,
    0x80, 0x0F, 0xC0, 0x0B, 0x80, 0x3F, 0xFF, 0xFF, 0x80, 0x00, 0x00, 0x90, 0x00, 0x00, 0x02, 0xF0,
    0x00, 0x00, 0x0B, 0xE0, 0x00, 0x00, 0x2F, 0x00, 0x00, 0x00, 0x38, 0x00, 0x00, 0x00, 0x00, 0x00,
    0x00, 0x2A, 0xAA, 0xAA, 0x00, 0x2F, 0xEA, 0xAF, 0x00, 0x0B, 0xC0, 0x0F, 0x00, 0x0B, 0xC0, 0x0B,
    0x00, 0x0B, 0xC0, 0x00, 0x00, 0x0B, 0xC0, 0x30, 0x00, 0x0B, 0xC0, 0x70, 0x00, 0x0B, 0xFF, 0xF0,
    0x00, 0x0B, 0xEA, 0xF0, 0x00, 0x0B, 0xC0, 0x30, 0x00, 0x0B, 0xC0, 0x20, 0x00, 0x0B, 0xC0, 0x00,
    0x00, 0x0B, 0xC0, 0x02, 0x80, 0x0B, 0xC0, 0x03, 0x80, 0x0F, 0xC0, 0x0B, 0x80, 0x3F, 0xFF, 0xFF,
    0x80, 0x00, 0x00, 0x00, 0x00, 0x00, 0x3F, 0x00, 0x00, 0x00, 0xBF, 0xC0, 0x00, 0x00, 0xE0, 0xE0,
    0x00, 0x02, 0x80, 0x30, 0x00, 0x00, 0x00, 0x00, 0x00, 0x2A, 0xAA, 0xAA, 0x00, 0x2F, 0xEA, 0xAF,
    0x00, 0x0B, 0xC0, 0x0F, 0x00, 0x0B, 0xC0, 0x0B, 0x00, 0x0B, 0xC0, 0x00, 0x00, 0x0B, 0xC0, 0x30,
    0x00, 0x0B, 0xC0, 0x70, 0x00, 0x0B, 0xFF, 0xF0, 0x00, 0x0B, 0xEA, 0xF0, 0x00, 0x0B, 0xC0, 0x30,
    0x00, 0x0B, 0xC0, 0x20, 0x00, 0x0B, 0xC0, 0x00, 0x00, 0x0B, 0xC0, 0x02, 0x80, 0x0B, 0xC0, 0x03,
    0x80, 0x0F, 0xC0, 0x0B, 0x80, 0x3F, 0xFF, 0xFF, 0x80, 0x00, 0x80, 0xA0, 0x00, 0x03, 0xE0, 0xF0,
    0x00, 0x02, 0xC0, 0xF0, 0x00, 0x00, 0x00, 0x00, 0x00, 0x00, 0x00, 0x00, 0x00, 0x2A, 0xAA, 0xAA,
    0x00, 0x2F, 0xEA, 0xAF, 0x00, 0x0B, 0xC0, 0x0F, 0x00, 0x0B, 0xC0, 0x0B, 0x00, 0x0B, 0xC0, 0x00,
    0x00, 0x0B, 0xC0, 0x30, 0x00, 0x0B, 0xC0, 0x70, 0x00, 0x0B, 0xFF, 0xF0, 0x00, 0x0B, 0xEA, 0xF0,
    0x00, 0x0B, 0xC0, 0x30, 0x00, 0x0B, 0xC0, 0x20, 0x00, 0x0B, 0xC0, 0x00, 0x00, 0x0B, 0xC0, 0x02,
    0x80, 0x0B, 0xC0, 0x03, 0x80, 0x0F, 0xC0, 0x0B, 0x80, 0x3F, 0xFF, 0xFF, 0x80, 0x20, 0x00, 0xBC,
    0x00, 0x3F, 0x00, 0x0B, 0xC0, 0x00, 0xA0, 0x00, 0x00, 0x2A, 0xA8, 0x2F, 0xE8, 0x0B, 0xC0, 0x0B,
    0xC0, 0x0B, 0xC0, 0x0B, 0xC0, 0x0B, 0xC0, 0x0B, 0xC0, 0x0B, 0xC0, 0x0B, 0xC0, 0x0B, 0xC0, 0x0B,
    0xC0, 0x0B, 0xC0, 0x0B, 0xC0, 0x0B, 0xD0, 0x3F, 0xFC, 0x00, 0x14, 0x00, 0xBC, 0x02, 0xF8, 0x03,
    0xC0, 0x0A, 0x00, 0x00, 0x00, 0x2A, 0xA8, 0x2F, 0xE8, 0x0B, 0xC0, 0x0B, 0xC0, 0x0B, 0xC0, 0x0B,
    0xC0, 0x0B, 0xC0, 0x0B, 0xC0, 0x0B, 0xC0, 0x0B, 0xC0, 0x0B, 0xC0, 0x0B, 0xC0, 0x0B, 0xC0, 0x0B,
    0xC0, 0x0B, 0xD0, 0x3F, 0xFC, 0x00, 0x00, 0x00, 0x02, 0xF0, 0x00, 0x0B, 0xFC, 0x00, 0x0F, 0x0F,
    0x00, 0x28, 0x03, 0x00, 0x00, 0x00, 0x00, 0x0A, 0xAA, 0x00, 0x0B, 0xFA, 0x00, 0x02, 0xF0, 0x00,
    0x02, 0xF0, 0x00, 0x02, 0xF0, 0x00, 0x02, 0xF0, 0x00, 0x02, 0xF0, 0x00, 0x02, 0xF0, 0x00, 0x02,
    0xF0, 0x00, 0x02, 0xF0, 0x00, 0x02, 0xF0, 0x00, 0x02, 0xF0, 0x00, 0x02, 0xF0, 0x00, 0x02, 0xF0,
    0x00, 0x02, 0xF4, 0x00, 0x0F, 0xFF, 0x00, 0x20, 0x18, 0xF8, 0x3D, 0xB0, 0x2C, 0x00, 0x00, 0x00,
    0x00, 0x2A, 0xA8, 0x2F, 0xE8, 0x0B, 0xC0, 0x0B, 0xC0, 0x0B, 0xC0, 0x0B, 0xC0, 0x0B, 0xC0, 0x0B,
    0xC0, 0x0B, 0xC0, 0x0B, 0xC0, 0x0B, 0xC0, 0x0B, 0xC0, 0x0B, 0xC0, 0x0B, 0xC0, 0x0B, 0xD0, 0x3F,
    0xFC, 0x2A, 0xAA, 0x80, 0x00, 0x2F, 0xEA, 0xFE, 0x00, 0x0B, 0xC0, 0x0F, 0xC0, 0x0B, 0xC0, 0x03,
    0xF0, 0x0B, 0xC0, 0x00, 0xF8, 0x0B, 0xC0, 0x00, 0xFC, 0x0B, 0xC0, 0x00, 0xBC, 0xBF, 0xFF, 0x80,
    0xBC, 0x2F, 0xEA, 0x00, 0xBC, 0x0B, 0xC0, 0x00, 0xBC, 0x0B, 0xC0, 0x00, 0xFC, 0x0B, 0xC0, 0x00,
    0xF8, 0x0B, 0xC0, 0x02, 0xF0, 0x0B, 0xC0, 0x0B, 0xD0, 0x0F, 0xC1, 0xBF, 0x00, 0x3F, 0xFF, 0xE4,
    0x00, 0x00, 0x0A, 0x02, 0x00, 0x00, 0x00, 0x3F, 0xEF, 0x00, 0x00, 0x00, 0xA0, 0xBC, 0x00, 0x00,
    0x00, 0x00, 0x00, 0x00, 0x00, 0x00, 0x00, 0x00, 0x00, 0x00, 0x2A, 0x80, 0x02, 0xAA, 0x00, 0x2F,
    0xE0, 0x02, 0xFA, 0x00, 0x0B, 0xF0, 0x00, 0x30, 0x00, 0x0B, 0xFC, 0x00, 0x30, 0x00, 0x0B, 0x3E,
    0x00, 0x30, 0x00, 0x0B, 0x2F, 0x00, 0x30, 0x00, 0x0B, 0x0F, 0xC0, 0x30, 0x00, 0x0B, 0x03, 0xE0,
    0x30, 0x00, 0x0B, 0x02, 0xF0, 0x30, 0x00, 0x0B, 0x00, 0xFC, 0x30, 0x00, 0x0B, 0x00, 0x3E, 0x30,
    0x00, 0x0B, 0x00, 0x2F, 0xB0, 0x00, 0x0B, 0x00, 0x0F, 0xF0, 0x00, 0x0B, 0x00, 0x03, 0xF0, 0x00,
    0x0F, 0x00, 0x02, 0xF0, 0x00, 0xBF, 0xE0, 0x00, 0xF0, 0x00, 0x00, 0x08, 0x00, 0x00, 0x00, 0x00,
    0x3F, 0x00, 0x00, 0x00, 0x00, 0x2F, 0x80, 0x00, 0x00, 0x00, 0x03, 0xE0, 0x00, 0x00, 0x00, 0x00,
    0xB0, 0x00, 0x00, 0x00, 0x00, 0x00, 0x00, 0x00, 0x00, 0x2F, 0xF9, 0x00, 0x00, 0x00, 0xFE, 0xAF,
    0xC0, 0x00, 0x03, 0xE0, 0x03, 0xF0, 0x00, 0x0F, 0xC0, 0x00, 0xF8, 0x00, 0x2F, 0x00, 0x00, 0xBC,
    0x00, 0x3F, 0x00, 0x00, 0x3E, 0x00, 0x3E, 0x00, 0x00, 0x3F, 0x00, 0x3E, 0x00, 0x00, 0x3F, 0x00,
    0x3E, 0x00, 0x00, 0x3F, 0x00, 0x3E, 0x00, 0x00, 0x3F, 0x00, 0x3F, 0x00, 0x00, 0x3E, 0x00, 0x2F,
    0x00, 0x00, 0x7D, 0x00, 0x0F, 0x80, 0x00, 0xFC, 0x00, 0x0B, 0xD0, 0x02, 0xF0, 0x00, 0x02, 0xF8,
    0x0F, 0xC0, 0x00, 0x00, 0x2F, 0xFE, 0x00, 0x00, 0x00, 0x00, 0x00, 0x00, 0x00, 0x00, 0x00, 0x08,
    0x00, 0x00, 0x00, 0x00, 0x3E, 0x00, 0x00, 0x00, 0x00, 0xFC, 0x00, 0x00, 0x00, 0x02, 0xE0, 0x00,
    0x00, 0x00, 0x07, 0x00, 0x00, 0x00, 0x00, 0x00, 0x00, 0x00, 0x00, 0x00, 0x2F, 0xF9, 0x00, 0x00,
    0x00, 0xFE, 0xAF, 0xC0, 0x00, 0x03, 0xE0, 0x03, 0xF0, 0x00, 0x0F, 0xC0, 0x00, 0xF8, 0x00, 0x2F,
    0x00, 0x00, 0xBC, 0x00, 0x3F, 0x00, 0x00, 0x3E, 0x00, 0x3E, 0x00, 0x00, 0x3F, 0x00, 0x3E, 0x00,
    0x00, 0x3F, 0x00, 0x3E, 0x00, 0x00, 0x3F, 0x00, 0x3E, 0x00, 0x00, 0x3F, 0x00, 0x3F, 0x00, 0x00,
    0x3E, 0x00, 0x2F, 0x00, 0x00, 0x7D, 0x00, 0x0F, 0x80, 0x00, 0xFC, 0x00, 0x0B, 0xD0, 0x02, 0xF0,
    0x00, 0x02, 0xF8, 0x0F, 0xC0, 0x00, 0x00, 0x2F, 0xFE, 0x00, 0x00, 0x00, 0x00, 0x00, 0x00, 0x00,
    0x00, 0x00, 0x00, 0x00, 0x00, 0x00, 0x03, 0xF0, 0x00, 0x00, 0x00, 0x0F, 0xF8, 0x00, 0x00, 0x00,
    0x2E, 0x2D, 0x00, 0x00, 0x00, 0x34, 0x0B, 0x00, 0x00, 0x00, 0x00, 0x00, 0x00, 0x00, 0x00, 0x2F,
    0xF9, 0x00, 0x00, 0x00, 0xFE, 0xAF, 0xC0, 0x00, 0x03, 0xE0, 0x03, 0xF0, 0x00, 0x0F, 0xC0, 0x00,
    0xF8, 0x00, 0x2F, 0x00, 0x00, 0xBC, 0x00, 0x3F, 0x00, 0x00, 0x3E, 0x00, 0x3E, 0x00, 0x00, 0x3F,
    0x00, 0x3E, 0x00, 0x00, 0x3F, 0x00, 0x3E, 0x00, 0x00, 0x3F, 0x00, 0x3E, 0x00, 0x00, 0x3F, 0x00,
    0x3F, 0x00, 0x00, 0x3E, 0x00, 0x2F, 0x00, 0x00, 0x7D, 0x00, 0x0F, 0x80, 0x00, 0xFC, 0x00, 0x0B,
    0xD0, 0x02, 0xF0, 0x00, 0x02, 0xF8, 0x0F, 0xC0, 0x00, 0x00, 0x2F, 0xFE, 0x00, 0x00, 0x00, 0x00,
    0x00, 0x00, 0x00, 0x00, 0x0A, 0x02, 0x00, 0x00, 0x00, 0x3F, 0xFB, 0x00, 0x00, 0x00, 0xA0, 0xBC,
    0x00, 0x00, 0x00, 0x00, 0x00, 0x00, 0x00, 0x00, 0x00, 0x00, 0x00, 0x00, 0x00, 0x2F, 0xF9, 0x00,
    0x00, 0x00, 0xFE, 0xAF, 0xC0, 0x00, 0x03, 0xE0, 0x03, 0xF0, 0x00, 0x0F, 0xC0, 0x00, 0xF8, 0x00,
    0x2F, 0x00, 0x00, 0xBC, 0x00, 0x3F, 0x00, 0x00, 0x3E, 0x00, 0x3E, 0x00, 0x00, 0x3F, 0x00, 0x3E,
    0x00, 0x00, 0x3F, 0x00, 0x3E, 0x00, 0x00, 0x3F, 0x00, 0x3E, 0x00, 0x00, 0x3F, 0x00, 0x3F, 0x00,
    0x00, 0x3E, 0x00, 0x2F, 0x00, 0x00, 0x7D, 0x00, 0x0F, 0x80, 0x00, 0xFC, 0x00, 0x0B, 0xD0, 0x02,
    0xF0, 0x00, 0x02, 0xF8, 0x0F, 0xC0, 0x00, 0x00, 0x2F, 0xFE, 0x00, 0x00, 0x00, 0x00, 0x00, 0x00,
    0x00, 0x00, 0x28, 0x09, 0x00, 0x00, 0x00, 0x3C, 0x2F, 0x00, 0x00, 0x00, 0x3C, 0x0E, 0x00, 0x00,
    0x00, 0x00, 0x00, 0x00, 0x00, 0x00, 0x00, 0x00, 0x00, 0x00, 0x00, 0x2F, 0xF9, 0x00, 0x00, 0x00,
    0xFE, 0xAF, 0xC0, 0x00, 0x03, 0xE0, 0x03, 0xF0, 0x00, 0x0F, 0xC0, 0x00, 0xF8, 0x00, 0x2F, 0x00,
    0x00, 0xBC, 0x00, 0x3F, 0x00, 0x00, 0x3E, 0x00, 0x3E, 0x00, 0x00, 0x3F, 0x00, 0x3E, 0x00, 0x00,
    0x3F, 0x00, 0x3E, 0x00, 0x00, 0x3F, 0x00, 0x3E, 0x00, 0x00, 0x3F, 0x00, 0x3F, 0x00, 0x00, 0x3E,
    0x00, 0x2F, 0x00, 0x00, 0x7D, 0x00, 0x0F, 0x80, 0x00, 0xFC, 0x00, 0x0B, 0xD0, 0x02, 0xF0, 0x00,
    0x02, 0xF8, 0x0F, 0xC0, 0x00, 0x00, 0x2F, 0xFE, 0x00, 0x00, 0x00, 0x00, 0x00, 0x00, 0x00, 0x00,
    0x00, 0x00, 0x00, 0xB0, 0x00, 0x03, 0x80, 0x3C, 0x00, 0x0F, 0x00, 0x0F, 0x00, 0x3C, 0x00, 0x03,
    0xC0, 0xF0, 0x00, 0x00, 0xF3, 0xC0, 0x00, 0x00, 0x3F, 0x00, 0x00, 0x00, 0x3F, 0x00, 0x00, 0x00,
    0xF3, 0xC0, 0x00, 0x03, 0xC0, 0xF0, 0x00, 0x0F, 0x00, 0x3C, 0x00, 0x3C, 0x00, 0x0F, 0x00, 0xB0,
    0x00, 0x03, 0x80, 0x00, 0x00, 0x00, 0x00, 0x00, 0x00, 0x00, 0x00, 0x00, 0x00, 0x00, 0x00, 0xB0,
    0x00, 0x00, 0x2F, 0xFA, 0xE0, 0x00, 0x00, 0xFE, 0xAF, 0xC0, 0x00, 0x03, 0xE0, 0x07, 0xF0, 0x00,
    0x0F, 0xC0, 0x0F, 0xF8, 0x00, 0x2F, 0x00, 0x2C, 0xBC, 0x00, 0x3F, 0x00, 0x38, 0x3E, 0x00, 0x3E,
    0x00, 0xB0, 0x3F, 0x00, 0x3E, 0x00, 0xE0, 0x3F, 0x00, 0x3E, 0x03, 0xC0, 0x3F, 0x00, 0x3F, 0x07,
    0x00, 0x3F, 0x00, 0x3F, 0x0E, 0x00, 0x3E, 0x00, 0x2F, 0x2C, 0x00, 0x7D, 0x00, 0x0F, 0xF8, 0x00,
    0xFC, 0x00, 0x0B, 0xF0, 0x02, 0xF0, 0x00, 0x02, 0xF8, 0x0F, 0xC0, 0x00, 0x03, 0xEF, 0xFE, 0x00,
    0x00, 0x0B, 0x00, 0x00, 0x00, 0x00, 0x02, 0x00, 0x00, 0x00, 0x00, 0x00, 0x08, 0x00, 0x00, 0x00,
    0x3F, 0x00, 0x00, 0x00, 0x2F, 0x80, 0x00, 0x00, 0x03, 0xE0, 0x00, 0x00, 0x00, 0xB0, 0x00, 0x00,
    0x00, 0x00, 0x00, 0x2A, 0xA4, 0x02, 0xAA, 0x2F, 0xE0, 0x02, 0xFA, 0x0B, 0xC0, 0x00, 0xB0, 0x0B,
    0xC0, 0x00, 0xB0, 0x0B, 0xC0, 0x00, 0xB0, 0x0B, 0xC0, 0x00, 0xB0, 0x0B, 0xC0, 0x00, 0xB0, 0x0B,
    0xC0, 0x00, 0xB0, 0x0B, 0xC0, 0x00, 0xB0, 0x0B, 0xC0, 0x00, 0xB0, 0x0B, 0xC0, 0x00, 0xB0, 0x0B,
    0xC0, 0x00, 0xB0, 0x07, 0xC0, 0x00, 0xF0, 0x03, 0xE0, 0x02, 0xE0, 0x02, 0xFE, 0xAF, 0xC0, 0x00,
    0x7F, 0xFE, 0x00, 0x00, 0x00, 0x00, 0x00, 0x00, 0x00, 0x08, 0x00, 0x00, 0x00, 0x3E, 0x00, 0x00,
    0x00, 0xFC, 0x00, 0x00, 0x02, 0xE0, 0x00, 0x00, 0x03, 0x00, 0x00, 0x00, 0x00, 0x00, 0x00, 0x2A,
    0xA4, 0x02, 0xAA, 0x2F, 0xE0, 0x02, 0xFA, 0x0B, 0xC0, 0x00, 0xB0, 0x0B, 0xC0, 0x00, 0xB0, 0x0B,
    0xC0, 0x00, 0xB0, 0x0B, 0xC0, 0x00, 0xB0, 0x0B, 0xC0, 0x00, 0xB0, 0x0B, 0xC0, 0x00, 0xB0, 0x0B,
    0xC0, 0x00, 0xB0, 0x0B, 0xC0, 0x00, 0xB0, 0x0B, 0xC0, 0x00, 0xB0, 0x0B, 0xC0, 0x00, 0xB0, 0x07,
    0xC0, 0x00, 0xF0, 0x03, 0xE0, 0x02, 0xE0, 0x02, 0xFE, 0xAF, 0xC0, 0x00, 0x7F, 0xFE, 0x00, 0x00,
    0x00, 0x00, 0x00, 0x00, 0x00, 0x00, 0x00, 0x00, 0x03, 0xF0, 0x00, 0x00, 0x0F, 0xF8, 0x00, 0x00,
    0x2E, 0x2E, 0x00, 0x00, 0x34, 0x0B, 0x00, 0x00, 0x00, 0x00, 0x00, 0x2A, 0xA4, 0x02, 0xAA, 0x2F,
    0xE0, 0x02, 0xFA, 0x0B, 0xC0, 0x00, 0xB0, 0x0B, 0xC0, 0x00, 0xB0, 0x0B, 0xC0, 0x00, 0xB0, 0x0B,
    0xC0, 0x00, 0xB0, 0x0B, 0xC0, 0x00, 0xB0, 0x0B, 0xC0, 0x00, 0xB0, 0x0B, 0xC0, 0x00, 0xB0, 0x0B,
    0xC0, 0x00, 0xB0, 0x0B, 0xC0, 0x00, 0xB0, 0x0B, 0xC0, 0x00, 0xB0, 0x07, 0xC0, 0x00, 0xF0, 0x03,
    0xE0, 0x02, 0xE0, 0x02, 0xFE, 0xAF, 0xC0, 0x00, 0x7F, 0xFE, 0x00, 0x00, 0x00, 0x00, 0x00, 0x00,
    0x28, 0x09, 0x00, 0x00, 0x3C, 0x2F, 0x00, 0x00, 0x3C, 0x0E, 0x00, 0x00, 0x00, 0x00, 0x00, 0x00,
    0x00, 0x00, 0x00, 0x2A, 0xA4, 0x02, 0xAA, 0x2F, 0xE0, 0x02, 0xFA, 0x0B, 0xC0, 0x00, 0xB0, 0x0B,
    0xC0, 0x00, 0xB0, 0x0B, 0xC0, 0x00, 0xB0, 0x0B, 0xC0, 0x00, 0xB0, 0x0B, 0xC0, 0x00, 0xB0, 0x0B,
    0xC0, 0x00, 0xB0, 0x0B, 0xC0, 0x00, 0xB0, 0x0B, 0xC0, 0x00, 0xB0, 0x0B, 0xC0, 0x00, 0xB0, 0x0B,
    0xC0, 0x00, 0xB0, 0x07, 0xC0, 0x00, 0xF0, 0x03, 0xE0, 0x02, 0xE0, 0x02, 0xFE, 0xAF, 0xC0, 0x00,
    0x7F, 0xFE, 0x00, 0x00, 0x00, 0x00, 0x00, 0x00, 0x00, 0x20, 0x00, 0x00, 0x00, 0xF8, 0x00, 0x00,
    0x03, 0xF0, 0x00, 0x00, 0x0F, 0x80, 0x00, 0x00, 0x28, 0x00, 0x00, 0x00, 0x00, 0x00, 0x00, 0xAA,
    0xA0, 0x0A, 0xA0, 0xBF, 0xD0, 0x0B, 0xE0, 0x0F, 0x80, 0x03, 0x80, 0x0B, 0xC0, 0x0F, 0x00, 0x03,
    0xE0, 0x2C, 0x00, 0x02, 0xF0, 0x38, 0x00, 0x00, 0xFC, 0xB0, 0x00, 0x00, 0x3E, 0xE0, 0x00, 0x00,
    0x3F, 0xC0, 0x00, 0x00, 0x0F, 0x40, 0x00, 0x00, 0x0F, 0x00, 0x00, 0x00, 0x0F, 0x00, 0x00, 0x00,
    0x0F, 0x00, 0x00, 0x00, 0x0F, 0x00, 0x00, 0x00, 0x2F, 0x80, 0x00, 0x00, 0xFF, 0xF0, 0x00, 0x2A,
    0xA4, 0x00, 0x00, 0x2F, 0xE0, 0x00, 0x00, 0x0B, 0xC0, 0x00, 0x00, 0x0B, 0xEA, 0x80, 0x00, 0x0B,
    0xEA, 0xFC, 0x00, 0x0B, 0xC0, 0x3F, 0x00, 0x0B, 0xC0, 0x2F, 0x00, 0x0B, 0xC0, 0x1F, 0x40, 0x0B,
    0xC0, 0x1F, 0x40, 0x0B, 0xC0, 0x2F, 0x00, 0x0B, 0xC0, 0x3F, 0x00, 0x0B, 0xEA, 0xFC, 0x00, 0x0B,
    0xFF, 0x80, 0x00, 0x0B, 0xC0, 0x00, 0x00, 0x0F, 0xC0, 0x00, 0x00, 0x3F, 0xF8, 0x00, 0x00, 0x00,
    0x00, 0x00, 0x00, 0x00, 0x2F, 0xF4, 0x00, 0x00, 0xF0, 0xBC, 0x00, 0x03, 0xC0, 0x2F, 0x00, 0x07,
    0x80, 0x0F, 0x00, 0x0B, 0x80, 0x1F, 0x00, 0x0F, 0x00, 0x3E, 0x00, 0x0F, 0x02, 0xE0, 0x00, 0x0F,
    0x03, 0xC0, 0x00, 0x0F, 0x03, 0xC0, 0x00, 0x0F, 0x03, 0xF0, 0x00, 0x0F, 0x00, 0xFE, 0x00, 0x0F,
    0x00, 0x2F, 0xC0, 0x0F, 0x00, 0x0B, 0xE0, 0x0F, 0x02, 0x02, 0xE0, 0x0F, 0x03, 0x42, 0xE0, 0x0F,
    0x83, 0x83, 0xC0, 0xBF, 0xF3, 0xFF, 0x00, 0x00, 0x00, 0x00, 0x00, 0x00, 0x00, 0x00, 0x0B, 0x80,
    0x00, 0x0B, 0xE0, 0x00, 0x02, 0xF8, 0x00, 0x00, 0x2C, 0x00, 0x00, 0x00, 0x00, 0x00, 0x69, 0x00,
    0x0B, 0xEF, 0xC0, 0x2F, 0x03, 0xE0, 0x2F, 0x02, 0xE0, 0x00, 0x02, 0xF0, 0x00, 0xAF, 0xF0, 0x0B,
    0xE2, 0xF0, 0x3E, 0x02, 0xF0, 0x3C, 0x02, 0xF0, 0x3C, 0x02, 0xF0, 0x3F, 0x6F, 0xF0, 0x0F, 0xF0,
    0xFD, 0x00, 0x00, 0x00, 0x00, 0x00, 0x00, 0x00, 0x03, 0xC0, 0x00, 0x0F, 0xC0, 0x00, 0x3E, 0x00,
    0x00, 0xF4, 0x00, 0x00, 0x00, 0x00, 0x00, 0x69, 0x00, 0x0B, 0xEF, 0xC0, 0x2F, 0x03, 0xE0, 0x2F,
    0x02, 0xE0, 0x00, 0x02, 0xF0, 0x00, 0xAF, 0xF0, 0x0B, 0xE2, 0xF0, 0x3E, 0x02, 0xF0, 0x3C, 0x02,
    0xF0, 0x3C, 0x02, 0xF0, 0x3F, 0x6F, 0xF0, 0x0F, 0xF0, 0xFD, 0x00, 0x00, 0x00, 0x00, 0x78, 0x00,
    0x00, 0xFE, 0x00, 0x03, 0xDF, 0x40, 0x0B, 0x03, 0xC0, 0x00, 0x00, 0x00, 0x00, 0x69, 0x00, 0x0B,
    0xEF, 0xC0, 0x2F, 0x03, 0xE0, 0x2F, 0x02, 0xE0, 0x00, 0x02, 0xF0, 0x00, 0xAF, 0xF0, 0x0B, 0xE2,
    0xF0, 0x3E, 0x02, 0xF0, 0x3C, 0x02, 0xF0, 0x3C, 0x02, 0xF0, 0x3F, 0x6F, 0xF0, 0x0F, 0xF0, 0xFD,
    0x00, 0x00, 0x00, 0x00, 0x00, 0x00, 0x03, 0xF4, 0xA0, 0x0E, 0xBF, 0xC0, 0x04, 0x01, 0x00, 0x00,
    0x00, 0x00, 0x00, 0x69, 0x00, 0x0B, 0xEF, 0xC0, 0x2F, 0x03, 0xE0, 0x2F, 0x02, 0xE0, 0x00, 0x02,
    0xF0, 0x00, 0xAF, 0xF0, 0x0B, 0xE2, 0xF0, 0x3E, 0x02, 0xF0, 0x3C, 0x02, 0xF0, 0x3C, 0x02, 0xF0,
    0x3F, 0x6F, 0xF0, 0x0F, 0xF0, 0xFD, 0x00, 0x00, 0x00, 0x00, 0x00, 0x00, 0x0B, 0x83, 0xC0, 0x0F,
    0x83, 0xC0, 0x01, 0x00, 0x00, 0x00, 0x00, 0x00, 0x00, 0x69, 0x00, 0x0B, 0xEF, 0xC0, 0x2F, 0x03,
    0xE0, 0x2F, 0x02, 0xE0, 0x00, 0x02, 0xF0, 0x00, 0xAF, 0xF0, 0x0B, 0xE2, 0xF0, 0x3E, 0x02, 0xF0,
    0x3C, 0x02, 0xF0, 0x3C, 0x02, 0xF0, 0x3F, 0x6F, 0xF0, 0x0F, 0xF0, 0xFD, 0x00, 0x00, 0x00, 0x00,
    0x00, 0x00, 0x00, 0xFE, 0x00, 0x03, 0x83, 0x00, 0x03, 0x03, 0x80, 0x03, 0x83, 0x00, 0x00, 0xFE,
    0x00, 0x00, 0x00, 0x00, 0x00, 0x69, 0x00, 0x0B, 0xEF, 0xC0, 0x2F, 0x03, 0xE0, 0x2F, 0x02, 0xE0,
    0x00, 0x02, 0xF0, 0x00, 0xAF, 0xF0, 0x0B, 0xE2, 0xF0, 0x3E, 0x02, 0xF0, 0x3C, 0x02, 0xF0, 0x3C,
    0x02, 0xF0, 0x3F, 0x6F, 0xF0, 0x0F, 0xF0, 0xFD, 0x00, 0x00, 0x00, 0x00, 0x68, 0x02, 0x80, 0x0F,
    0xEF, 0xBE, 0xF8, 0x2F, 0x03, 0xF0, 0x3C, 0x2F, 0x03, 0xE0, 0x2E, 0x00, 0x03, 0xE0, 0x2F, 0x00,
    0xBF, 0xFF, 0xFF, 0x0B, 0xD3, 0xE0, 0x00, 0x3E, 0x03, 0xE0, 0x00, 0x3C, 0x03, 0xE0, 0x00, 0x3C,
    0x03, 0xF0, 0x02, 0x3F, 0x6F, 0xFE, 0xAF, 0x0F, 0xF4, 0x2F, 0xF8, 0x00, 0x00, 0x00, 0x00, 0x00,
    0x2A, 0x00, 0x03, 0xFB, 0xE0, 0x0F, 0x82, 0xF0, 0x2F, 0x02, 0xF0, 0x3E, 0x00, 0x00, 0x3C, 0x00,
    0x00, 0x3C, 0x00, 0x00, 0x3D, 0x00, 0x00, 0x3E, 0x00, 0x00, 0x2F, 0x80, 0x00, 0x0F, 0xEA, 0xB0,
    0x02, 0xFF, 0xC0, 0x00, 0x28, 0x00, 0x00, 0x2E, 0x00, 0x00, 0x0B, 0x80, 0x00, 0x03, 0x80, 0x00,
    0xFE, 0x00, 0x00, 0x00, 0x00, 0x00, 0x00, 0x00, 0x03, 0xC0, 0x00, 0x03, 0xF0, 0x00, 0x00, 0xF8,
    0x00, 0x00, 0x2E, 0x00, 0x00, 0x00, 0x00, 0x00, 0x28, 0x00, 0x03, 0xFF, 0xC0, 0x0F, 0x02, 0xF0,
    0x2E, 0x00, 0xF0, 0x3E, 0x00, 0xF8, 0x3F, 0xFF, 0xF8, 0x3C, 0x00, 0x00, 0x3C, 0x00, 0x00, 0x3E,
    0x00, 0x00, 0x2F, 0x00, 0x00, 0x0F, 0xE5, 0xB8, 0x02, 0xFF, 0xC0, 0x00, 0x00, 0x00, 0x00, 0x00,
    0x00, 0x00, 0x03, 0xC0, 0x00, 0x0F, 0xC0, 0x00, 0x2F, 0x00, 0x00, 0xB8, 0x00, 0x00, 0x00, 0x00,
    0x00, 0x28, 0x00, 0x03, 0xFF, 0xC0, 0x0F, 0x02, 0xF0, 0x2E, 0x00, 0xF0, 0x3E, 0x00, 0xF8, 0x3F,
    0xFF, 0xF8, 0x3C, 0x00, 0x00, 0x3C, 0x00, 0x00, 0x3E, 0x00, 0x00, 0x2F, 0x00, 0x00, 0x0F, 0xE5,
    0xB8, 0x02, 0xFF, 0xC0, 0x00, 0x00, 0x00, 0x00, 0x3C, 0x00, 0x00, 0xFF, 0x00, 0x02, 0xEB, 0x80,
    0x07, 0x82, 0xD0, 0x00, 0x00, 0x00, 0x00, 0x28, 0x00, 0x03, 0xFF, 0xC0, 0x0F, 0x02, 0xF0, 0x2E,
    0x00, 0xF0, 0x3E, 0x00, 0xF8, 0x3F, 0xFF, 0xF8, 0x3C, 0x00, 0x00, 0x3C, 0x00, 0x00, 0x3E, 0x00,
    0x00, 0x2F, 0x00, 0x00, 0x0F, 0xE5, 0xB8, 0x02, 0xFF, 0xC0, 0x00, 0x00, 0x00, 0x00, 0x00, 0x00,
    0x0B, 0x82, 0xE0, 0x0B, 0xC3, 0xE0, 0x01, 0x00, 0x40, 0x00, 0x00, 0x00, 0x00, 0x28, 0x00, 0x03,
    0xFF, 0xC0, 0x0F, 0x02, 0xF0, 0x2E, 0x00, 0xF0, 0x3E, 0x00, 0xF8, 0x3F, 0xFF, 0xF8, 0x3C, 0x00,
    0x00, 0x3C, 0x00, 0x00, 0x3E, 0x00, 0x00, 0x2F, 0x00, 0x00, 0x0F, 0xE5, 0xB8, 0x02, 0xFF, 0xC0,
    0x00, 0x00, 0x00, 0x00, 0x00, 0xB8, 0x00, 0xFC, 0x00, 0x2F, 0x00, 0x03, 0xC0, 0x00, 0x00, 0x02,
    0x00, 0x3F, 0x80, 0x0F, 0x80, 0x0B, 0x80, 0x0B, 0x80, 0x0B, 0x80, 0x0B, 0x80, 0x0B, 0x80, 0x0B,
    0x80, 0x0B, 0x80, 0x0F, 0x80, 0x3F, 0xF0, 0x00, 0x00, 0x00, 0xB8, 0x01, 0xF8, 0x03, 0xE0, 0x0F,
    0x00, 0x00, 0x00, 0x02, 0x00, 0x3F, 0x80, 0x0F, 0x80, 0x0B, 0x80, 0x0B, 0x80, 0x0B, 0x80, 0x0B,
    0x80, 0x0B, 0x80, 0x0B, 0x80, 0x0B, 0x80, 0x0F, 0x80, 0x3F, 0xF0, 0x02, 0xE0, 0x00, 0x07, 0xF4,
    0x00, 0x0F, 0x3C, 0x00, 0x3C, 0x0F, 0x00, 0x00, 0x00, 0x00, 0x00, 0x80, 0x00, 0x0F, 0xE0, 0x00,
    0x03, 0xE0, 0x00, 0x02, 0xE0, 0x00, 0x02, 0xE0, 0x00, 0x02, 0xE0, 0x00, 0x02, 0xE0, 0x00, 0x02,
    0xE0, 0x00, 0x02, 0xE0, 0x00, 0x02, 0xE0, 0x00, 0x03, 0xE0, 0x00, 0x0F, 0xFC, 0x00, 0x00, 0x00,
    0x00, 0x3C, 0x0F, 0x00, 0x3C, 0x0F, 0x00, 0x00, 0x00, 0x00, 0x00, 0x00, 0x00, 0x00, 0x80, 0x00,
    0x0F, 0xE0, 0x00, 0x03, 0xE0, 0x00, 0x02, 0xE0, 0x00, 0x02, 0xE0, 0x00, 0x02, 0xE0, 0x00, 0x02,
    0xE0, 0x00, 0x02, 0xE0, 0x00, 0x02, 0xE0, 0x00, 0x02, 0xE0, 0x00, 0x03, 0xE0, 0x00, 0x0F, 0xFC,
    0x00, 0x00, 0x00, 0x00, 0x02, 0xF0, 0x30, 0x02, 0xFF, 0xE0, 0x00, 0x3F, 0x00, 0x02, 0xFF, 0x80,
    0x03, 0x83, 0xE0, 0x00, 0x2B, 0xF0, 0x03, 0xFA, 0xF8, 0x0F, 0x80, 0x7C, 0x2F, 0x00, 0x3D, 0x3E,
    0x00, 0x3E, 0x3D, 0x00, 0x2E, 0x3C, 0x00, 0x3E, 0x3D, 0x00, 0x3E, 0x3E, 0x00, 0x3C, 0x2F, 0x00,
    0xBC, 0x0F, 0xC1, 0xF0, 0x02, 0xFF, 0x80, 0x00, 0x00, 0x00, 0x00, 0x00, 0x00, 0x00, 0x02, 0xFC,
    0x30, 0x00, 0x03, 0xAF, 0xF0, 0x00, 0x00, 0x01, 0x40, 0x00, 0x00, 0x00, 0x00, 0x00, 0x00, 0x02,
    0x80, 0x00, 0x3F, 0xBF, 0xF4, 0x00, 0x2F, 0xE1, 0xFC, 0x00, 0x0F, 0x00, 0x3C, 0x00, 0x0F, 0x00,
    0x3C, 0x00, 0x0F, 0x00, 0x3C, 0x00, 0x0F, 0x00, 0x3C, 0x00, 0x0F, 0x00, 0x3C, 0x00, 0x0F, 0x00,
    0x3C, 0x00, 0x0F, 0x00, 0x3C, 0x00, 0x0F, 0x80, 0x3D, 0x00, 0xBF, 0xE2, 0xFF, 0x80, 0x00, 0x00,
    0x00, 0x03, 0xC0, 0x00, 0x03, 0xF0, 0x00, 0x00, 0xBC, 0x00, 0x00, 0x1F, 0x00, 0x00, 0x00, 0x00,
    0x00, 0x2A, 0x00, 0x03, 0xFB, 0xE0, 0x0F, 0x80, 0xF8, 0x2F, 0x00, 0x3C, 0x3E, 0x00, 0x3E, 0x3D,
    0x00, 0x3E, 0x3C, 0x00, 0x3E, 0x3E, 0x00, 0x3E, 0x3E, 0x00, 0x3E, 0x2F, 0x00, 0xBC, 0x0F, 0xC1,
    0xF0, 0x02, 0xFF, 0xC0, 0x00, 0x00, 0x00, 0x00, 0x00, 0x00, 0x00, 0x02, 0xE0, 0x00, 0x0B, 0xE0,
    0x00, 0x2F, 0x80, 0x00, 0x38, 0x00, 0x00, 0x00, 0x00, 0x00, 0x2A, 0x00, 0x03, 0xFB, 0xE0, 0x0F,
    0x80, 0xF8, 0x2F, 0x00, 0x3C, 0x3E, 0x00, 0x3E, 0x3D, 0x00, 0x3E, 0x3C, 0x00, 0x3E, 0x3E, 0x00,
    0x3E, 0x3E, 0x00, 0x3E, 0x2F, 0x00, 0xBC, 0x0F, 0xC1, 0xF0, 0x02, 0xFF, 0xC0, 0x00, 0x00, 0x00,
    0x00, 0x2D, 0x00, 0x00, 0xBF, 0x00, 0x01, 0xF7, 0xC0, 0x03, 0x80, 0xE0, 0x00, 0x00, 0x00, 0x00,
    0x2A, 0x00, 0x03, 0xFB, 0xE0, 0x0F, 0x80, 0xF8, 0x2F, 0x00, 0x3C, 0x3E, 0x00, 0x3E, 0x3D, 0x00,
    0x3E, 0x3C, 0x00, 0x3E, 0x3E, 0x00, 0x3E, 0x3E, 0x00, 0x3E, 0x2F, 0x00, 0xBC, 0x0F, 0xC1, 0xF0,
    0x02, 0xFF, 0xC0, 0x00, 0x00, 0x00, 0x00, 0x00, 0x00, 0x02, 0xF8, 0x30, 0x07, 0xAF, 0xE0, 0x00,
    0x02, 0x00, 0x00, 0x00, 0x00, 0x00, 0x2A, 0x00, 0x03, 0xFB, 0xE0, 0x0F, 0x80, 0xF8, 0x2F, 0x00,
    0x3C, 0x3E, 0x00, 0x3E, 0x3D, 0x00, 0x3E, 0x3C, 0x00, 0x3E, 0x3E, 0x00, 0x3E, 0x3E, 0x00, 0x3E,
    0x2F, 0x00, 0xBC, 0x0F, 0xC1, 0xF0, 0x02, 0xFF, 0xC0, 0x00, 0x00, 0x00, 0x00, 0x00, 0x00, 0x03,
    0xC2, 0xE0, 0x03, 0xC2, 0xF0, 0x00, 0x00, 0x40, 0x00, 0x00, 0x00, 0x00, 0x2A, 0x00, 0x03, 0xFB,
    0xE0, 0x0F, 0x80, 0xF8, 0x2F, 0x00, 0x3C, 0x3E, 0x00, 0x3E, 0x3D, 0x00, 0x3E, 0x3C, 0x00, 0x3E,
    0x3E, 0x00, 0x3E, 0x3E, 0x00, 0x3E, 0x2F, 0x00, 0xBC, 0x0F, 0xC1, 0xF0, 0x02, 0xFF, 0xC0, 0x00,
    0x00, 0x00, 0x00, 0x00, 0x00, 0x00, 0x00, 0x0B, 0x80, 0x00, 0x00, 0x0F, 0xC0, 0x00, 0x00, 0x02,
    0x00, 0x00, 0x00, 0x00, 0x00, 0x00, 0x7F, 0xFF, 0xFF, 0xF4, 0x2A, 0xAA, 0xAA, 0xA0, 0x00, 0x00,
    0x00, 0x00, 0x00, 0x02, 0x00, 0x00, 0x00, 0x0F, 0xC0, 0x00, 0x00, 0x0B, 0x80, 0x00, 0x00, 0x00,
    0x00, 0x00, 0x00, 0x00, 0x00, 0x00, 0x00, 0x28, 0x00, 0x2A, 0xB0, 0x03, 0xFB, 0xF0, 0x0F, 0x82,
    0xF8, 0x2F, 0x03, 0xBC, 0x3E, 0x0B, 0x3E, 0x3D, 0x0C, 0x3E, 0x3C, 0x28, 0x3E, 0x3D, 0x30, 0x3E,
    0x3E, 0xE0, 0x3E, 0x2F, 0xC0, 0xBC, 0x0F, 0xC1, 0xF0, 0x0B, 0xFF, 0xC0, 0x0C, 0x00, 0x00, 0x08,
    0x00, 0x00, 0x00, 0x00, 0x00, 0x00, 0x02, 0xE0, 0x00, 0x00, 0x02, 0xF4, 0x00, 0x00, 0x00, 0xBC,
    0x00, 0x00, 0x00, 0x0F, 0x00, 0x00, 0x00, 0x00, 0x00, 0x00, 0x02, 0x00, 0x18, 0x00, 0xBF, 0x02,
    0xFC, 0x00, 0x0F, 0x00, 0x7C, 0x00, 0x0F, 0x00, 0x3C, 0x00, 0x0F, 0x00, 0x3C, 0x00, 0x0F, 0x00,
    0x3C, 0x00, 0x0F, 0x00, 0x3C, 0x00, 0x0F, 0x00, 0x3C, 0x00, 0x0F, 0x00, 0x3C, 0x00, 0x0F, 0x80,
    0x3C, 0x00, 0x0B, 0xEA, 0xFD, 0x00, 0x03, 0xFE, 0x3F, 0x80, 0x00, 0x00, 0x00, 0x00, 0x00, 0x00,
    0x00, 0x00, 0x00, 0x02, 0xE0, 0x00, 0x00, 0x03, 0xF0, 0x00, 0x00, 0x0F, 0x80, 0x00, 0x00, 0x3C,
    0x00, 0x00, 0x00, 0x00, 0x00, 0x00, 0x02, 0x00, 0x18, 0x00, 0xBF, 0x02, 0xFC, 0x00, 0x0F, 0x00,
    0x7C, 0x00, 0x0F, 0x00, 0x3C, 0x00, 0x0F, 0x00, 0x3C, 0x00, 0x0F, 0x00, 0x3C, 0x00, 0x0F, 0x00,
    0x3C, 0x00, 0x0F, 0x00, 0x3C, 0x00, 0x0F, 0x00, 0x3C, 0x00, 0x0F, 0x80, 0x3C, 0x00, 0x0B, 0xEA,
    0xFD, 0x00, 0x03, 0xFE, 0x3F, 0x80, 0x00, 0x00, 0x00, 0x00, 0x00, 0x2E, 0x00, 0x00, 0x00, 0x7F,
    0x40, 0x00, 0x00, 0xF3, 0xC0, 0x00, 0x03, 0xC0, 0xF0, 0x00, 0x00, 0x00, 0x00, 0x00, 0x02, 0x00,
    0x18, 0x00, 0xBF, 0x02, 0xFC, 0x00, 0x0F, 0x00, 0x7C, 0x00, 0x0F, 0x00, 0x3C, 0x00, 0x0F, 0x00,
    0x3C, 0x00, 0x0F, 0x00, 0x3C, 0x00, 0x0F, 0x00, 0x3C, 0x00, 0x0F, 0x00, 0x3C, 0x00, 0x0F, 0x00,
    0x3C, 0x00, 0x0F, 0x80, 0x3C, 0x00, 0x0B, 0xEA, 0xFD, 0x00, 0x03, 0xFE, 0x3F, 0x80, 0x00, 0x00,
    0x00, 0x00, 0x00, 0x00, 0x00, 0x00, 0x03, 0xC0, 0xF0, 0x00, 0x03, 0xC0, 0xF0, 0x00, 0x00, 0x00,
    0x00, 0x00, 0x00, 0x00, 0x00, 0x00, 0x02, 0x00, 0x18, 0x00, 0xBF, 0x02, 0xFC, 0x00, 0x0F, 0x00,
    0x7C, 0x00, 0x0F, 0x00, 0x3C, 0x00, 0x0F, 0x00, 0x3C, 0x00, 0x0F, 0x00, 0x3C, 0x00, 0x0F, 0x00,
    0x3C, 0x00, 0x0F, 0x00, 0x3C, 0x00, 0x0F, 0x00, 0x3C, 0x00, 0x0F, 0x80, 0x3C, 0x00, 0x0B, 0xEA,
    0xFD, 0x00, 0x03, 0xFE, 0x3F, 0x80, 0x00, 0x00, 0x00, 0x00, 0x00, 0x00, 0x00, 0x00, 0x00, 0x02,
    0xE0, 0x00, 0x00, 0x0B, 0xE0, 0x00, 0x00, 0x1F, 0x80, 0x00, 0x00, 0x38, 0x00, 0x00, 0x00, 0x00,
    0x00, 0x00, 0x00, 0x00, 0x00, 0x00, 0xBF, 0xC0, 0xFF, 0x00, 0x0F, 0x00, 0x38, 0x00, 0x0F, 0x80,
    0x30, 0x00, 0x0B, 0xC0, 0xF0, 0x00, 0x03, 0xC0, 0xC0, 0x00, 0x03, 0xE2, 0xC0, 0x00, 0x01, 0xF3,
    0x80, 0x00, 0x00, 0xFF, 0x00, 0x00, 0x00, 0xBE, 0x00, 0x00, 0x00, 0x3C, 0x00, 0x00, 0x00, 0x3C,
    0x00, 0x00, 0x00, 0x38, 0x00, 0x00, 0x00, 0x70, 0x00, 0x00, 0x20, 0xE0, 0x00, 0x00, 0x7F, 0xC0,
    0x00, 0x00, 0x3F, 0x00, 0x00, 0x00, 0x00, 0x00, 0x00, 0x00, 0x00, 0x00, 0x00, 0x00, 0x2F, 0x00,
    0x00, 0x00, 0x2F, 0x00, 0x00, 0x00, 0x0F, 0x00, 0x00, 0x00, 0x0F, 0x00, 0x00, 0x00, 0x0F, 0x00,
    0x00, 0x00, 0x0F, 0x06, 0x80, 0x00, 0x0F, 0xBF, 0xF4, 0x00, 0x0F, 0xD1, 0xFC, 0x00, 0x0F, 0x00,
    0x3E, 0x00, 0x0F, 0x00, 0x2F, 0x00, 0x0F, 0x00, 0x2F, 0x00, 0x0F, 0x00, 0x1F, 0x00, 0x0F, 0x00,
    0x2F, 0x00, 0x0F, 0x00, 0x2F, 0x00, 0x0F, 0x00, 0x3C, 0x00, 0x0F, 0x80, 0xF8, 0x00, 0x0F, 0xFF,
    0xD0, 0x00, 0x0F, 0x40, 0x00, 0x00, 0x0F, 0x00, 0x00, 0x00, 0x0F, 0x00, 0x00, 0x00, 0x0F, 0x80,
    0x00, 0x00, 0xBF, 0xF0, 0x00, 0x00, 0x00, 0x00, 0x00, 0x00, 0x03, 0xC1, 0xF0, 0x00, 0x03, 0xC2,
    0xF0, 0x00, 0x00, 0x00, 0x40, 0x00, 0x00, 0x00, 0x00, 0x00, 0x00, 0x00, 0x00, 0x00, 0xBF, 0xC0,
    0xFF, 0x00, 0x0F, 0x00, 0x38, 0x00, 0x0F, 0x80, 0x30, 0x00, 0x0B, 0xC0, 0xF0, 0x00, 0x03, 0xC0,
    0xC0, 0x00, 0x03, 0xE2, 0xC0, 0x00, 0x01, 0xF3, 0x80, 0x00, 0x00, 0xFF, 0x00, 0x00, 0x00, 0xBE,
    0x00, 0x00, 0x00, 0x3C, 0x00, 0x00, 0x00, 0x3C, 0x00, 0x00, 0x00, 0x38, 0x00, 0x00, 0x00, 0x70,
    0x00, 0x00, 0x20, 0xE0, 0x00, 0x00, 0x7F, 0xC0, 0x00, 0x00, 0x3F, 0x00, 0x00, 0x00, 0x00, 0x00,
    0x00, 0x00, 0x00, 0x2A, 0xAA, 0x00, 0x00, 0x00, 0x3F, 0xFF, 0x80, 0x00, 0x00, 0x00, 0x00, 0x00,
    0x00, 0x00, 0x00, 0x00, 0x00, 0x00, 0x00, 0x02, 0xF0, 0x00, 0x00, 0x00, 0x03, 0xF0, 0x00, 0x00,
    0x00, 0x03, 0xF8, 0x00, 0x00, 0x00, 0x0B, 0xFC, 0x00, 0x00, 0x00, 0x0F, 0x3C, 0x00, 0x00, 0x00,
    0x0D, 0x3E, 0x00, 0x00, 0x00, 0x2C, 0x2F, 0x00, 0x00, 0x00, 0x38, 0x0F, 0x80, 0x00, 0x00, 0x70,
    0x0F, 0xC0, 0x00, 0x00, 0xFF, 0xFF, 0xC0, 0x00, 0x00, 0xE0, 0x03, 0xE0, 0x00, 0x02, 0xC0, 0x02,
    0xF0, 0x00, 0x03, 0xC0, 0x00, 0xF0, 0x00, 0x03, 0x80, 0x00, 0xF8, 0x00, 0x0B, 0x80, 0x00, 0xFD,
    0x00, 0x3F, 0xF0, 0x03, 0xFF, 0x80, 0x00, 0x00, 0x00, 0x0F, 0xFF, 0xE0, 0x0A, 0xAA, 0x80, 0x00,
    0x00, 0x00, 0x00, 0x69, 0x00, 0x0B, 0xEF, 0xC0, 0x2F, 0x03, 0xE0, 0x2F, 0x02, 0xE0, 0x00, 0x02,
    0xF0, 0x00, 0xAF, 0xF0, 0x0B, 0xE2, 0xF0, 0x3E, 0x02, 0xF0, 0x3C, 0x02, 0xF0, 0x3C, 0x02, 0xF0,
    0x3F, 0x6F, 0xF0, 0x0F, 0xF0, 0xFD, 0x00, 0x00, 0x00, 0x00, 0x20, 0x03, 0x00, 0x00, 0x00, 0x2C,
    0x0B, 0x00, 0x00, 0x00, 0x0F, 0xFC, 0x00, 0x00, 0x00, 0x02, 0xA0, 0x00, 0x00, 0x00, 0x00, 0x00,
    0x00, 0x00, 0x00, 0x02, 0xF0, 0x00, 0x00, 0x00, 0x03, 0xF0, 0x00, 0x00, 0x00, 0x03, 0xF8, 0x00,
    0x00, 0x00, 0x0B, 0xFC, 0x00, 0x00, 0x00, 0x0F, 0x3C, 0x00, 0x00, 0x00, 0x0D, 0x3E, 0x00, 0x00,
    0x00, 0x2C, 0x2F, 0x00, 0x00, 0x00, 0x38, 0x0F, 0x80, 0x00, 0x00, 0x70, 0x0F, 0xC0, 0x00, 0x00,
    0xFF, 0xFF, 0xC0, 0x00, 0x00, 0xE0, 0x03, 0xE0, 0x00, 0x02, 0xC0, 0x02, 0xF0, 0x00, 0x03, 0xC0,
    0x00, 0xF0, 0x00, 0x03, 0x80, 0x00, 0xF8, 0x00, 0x0B, 0x80, 0x00, 0xFD, 0x00, 0x3F, 0xF0, 0x03,
    0xFF, 0x80, 0x00, 0x00, 0x00, 0x0A, 0x00, 0xC0, 0x03, 0xEB, 0xC0, 0x02, 0xFF, 0x00, 0x00, 0x00,
    0x00, 0x00, 0x69, 0x00, 0x0B, 0xEF, 0xC0, 0x2F, 0x03, 0xE0, 0x2F, 0x02, 0xE0, 0x00, 0x02, 0xF0,
    0x00, 0xAF, 0xF0, 0x0B, 0xE2, 0xF0, 0x3E, 0x02, 0xF0, 0x3C, 0x02, 0xF0, 0x3C, 0x02, 0xF0, 0x3F,
    0x6F, 0xF0, 0x0F, 0xF0, 0xFD, 0x00, 0x00, 0x00, 0x00, 0x00, 0x00, 0x00, 0x00, 0x00, 0x02, 0xF0,
    0x00, 0x00, 0x00, 0x03, 0xF0, 0x00, 0x00, 0x00, 0x03, 0xF8, 0x00, 0x00, 0x00, 0x0B, 0xFC, 0x00,
    0x00, 0x00, 0x0F, 0x3C, 0x00, 0x00, 0x00, 0x0D, 0x3E, 0x00, 0x00, 0x00, 0x2C, 0x2F, 0x00, 0x00,
    0x00, 0x38, 0x0F, 0x80, 0x00, 0x00, 0x70, 0x0F, 0xC0, 0x00, 0x00, 0xFF, 0xFF, 0xC0, 0x00, 0x00,
    0xE0, 0x03, 0xE0, 0x00, 0x02, 0xC0, 0x02, 0xF0, 0x00, 0x03, 0xC0, 0x00, 0xF0, 0x00, 0x03, 0x80,
    0x00, 0xF8, 0x00, 0x0B, 0x80, 0x00, 0xFD, 0x00, 0x3F, 0xF0, 0x03, 0xFF, 0x80, 0x00, 0x00, 0x00,
    0xE0, 0x00, 0x00, 0x00, 0x01, 0xC0, 0x00, 0x00, 0x00, 0x02, 0xC0, 0x00, 0x00, 0x00, 0x00, 0xFE,
    0x00, 0x00, 0x00, 0x00, 0x00, 0x00, 0x00, 0x69, 0x00, 0x0B, 0xEF, 0xC0, 0x2F, 0x03, 0xE0, 0x2F,
    0x02, 0xE0, 0x00, 0x02, 0xF0, 0x00, 0xAF, 0xF0, 0x0B, 0xE2, 0xF0, 0x3E, 0x02, 0xF0, 0x3C, 0x02,
    0xF0, 0x3C, 0x02, 0xF0, 0x3F, 0x6F, 0xF0, 0x0F, 0xF0, 0xFD, 0x00, 0x03, 0x80, 0x00, 0x0B, 0x00,
    0x00, 0x0B, 0x00, 0x00, 0x07, 0xF8, 0x00, 0x00, 0x00, 0x00, 0x00, 0x08, 0x00, 0x00, 0x00, 0x3E,
    0x00, 0x00, 0x00, 0xFC, 0x00, 0x00, 0x02, 0xE0, 0x00, 0x00, 0x03, 0x00, 0x00, 0x00, 0x00, 0x00,
    0x00, 0x00, 0x0B, 0xFE, 0x40, 0x00, 0xFE, 0xAB, 0xE0, 0x03, 0xF0, 0x00, 0xE0, 0x0F, 0xC0, 0x00,
    0xE0, 0x1F, 0x40, 0x00, 0x80, 0x3F, 0x00, 0x00, 0x00, 0x3F, 0x00, 0x00, 0x00, 0x3E, 0x00, 0x00,
    0x00, 0x3E, 0x00, 0x00, 0x00, 0x3F, 0x00, 0x00, 0x00, 0x3F, 0x00, 0x00, 0x00, 0x2F, 0x00, 0x00,
    0x80, 0x0F, 0xC0, 0x00, 0xE0, 0x03, 0xE0, 0x00, 0xE0, 0x01, 0xFD, 0x03, 0xE0, 0x00, 0x2F, 0xFF,
    0xC0, 0x00, 0x00, 0x00, 0x00, 0x00, 0x00, 0x00, 0x00, 0x03, 0xD0, 0x00, 0x0B, 0xD0, 0x00, 0x2F,
    0x40, 0x00, 0x78, 0x00, 0x00, 0x00, 0x00, 0x00, 0x2A, 0x00, 0x03, 0xFB, 0xE0, 0x0F, 0x82, 0xF0,
    0x2F, 0x02, 0xF0, 0x3E, 0x00, 0x00, 0x3C, 0x00, 0x00, 0x3C, 0x00, 0x00, 0x3D, 0x00, 0x00, 0x3E,
    0x00, 0x00, 0x2F, 0x80, 0x00, 0x0F, 0xEA, 0xB0, 0x02, 0xFF, 0xC0, 0x00, 0x00, 0x00, 0x00, 0x00,
    0x80, 0x00, 0x00, 0x03, 0xE0, 0x00, 0x00, 0x02, 0xD0, 0x00, 0x00, 0x00, 0x00, 0x00, 0x00, 0x00,
    0x00, 0x00, 0x00, 0x0B, 0xFE, 0x40, 0x00, 0xFE, 0xAB, 0xE0, 0x03, 0xF0, 0x00, 0xE0, 0x0F, 0xC0,
    0x00, 0xE0, 0x1F, 0x40, 0x00, 0x80, 0x3F, 0x00, 0x00, 0x00, 0x3F, 0x00, 0x00, 0x00, 0x3E, 0x00,
    0x00, 0x00, 0x3E, 0x00, 0x00, 0x00, 0x3F, 0x00, 0x00, 0x00, 0x3F, 0x00, 0x00, 0x00, 0x2F, 0x00,
    0x00, 0x80, 0x0F, 0xC0, 0x00, 0xE0, 0x03, 0xE0, 0x00, 0xE0, 0x01, 0xFD, 0x03, 0xE0, 0x00, 0x2F,
    0xFF, 0xC0, 0x00, 0x00, 0x00, 0x00, 0x00, 0x00, 0x00, 0x00, 0x3C, 0x00, 0x00, 0x3D, 0x00, 0x00,
    0x04, 0x00, 0x00, 0x00, 0x00, 0x00, 0x2A, 0x00, 0x03, 0xFB, 0xE0, 0x0F, 0x82, 0xF0, 0x2F, 0x02,
    0xF0, 0x3E, 0x00, 0x00, 0x3C, 0x00, 0x00, 0x3C, 0x00, 0x00, 0x3D, 0x00, 0x00, 0x3E, 0x00, 0x00,
    0x2F, 0x80, 0x00, 0x0F, 0xEA, 0xB0, 0x02, 0xFF, 0xC0, 0x00, 0x00, 0x00, 0x00, 0x00, 0x00, 0x00,
    0x00, 0x3C, 0x0F, 0x00, 0x00, 0x0F, 0x3C, 0x00, 0x00, 0x0B, 0xF0, 0x00, 0x00, 0x02, 0xE0, 0x00,
    0x00, 0x00, 0x00, 0x00, 0x00, 0x0B, 0xFE, 0x40, 0x00, 0xFE, 0xAB, 0xE0, 0x03, 0xF0, 0x00, 0xE0,
    0x0F, 0xC0, 0x00, 0xE0, 0x1F, 0x40, 0x00, 0x80, 0x3F, 0x00, 0x00, 0x00, 0x3F, 0x00, 0x00, 0x00,
    0x3E, 0x00, 0x00, 0x00, 0x3E, 0x00, 0x00, 0x00, 0x3F, 0x00, 0x00, 0x00, 0x3F, 0x00, 0x00, 0x00,
    0x2F, 0x00, 0x00, 0x80, 0x0F, 0xC0, 0x00, 0xE0, 0x03, 0xE0, 0x00, 0xE0, 0x01, 0xFD, 0x03, 0xE0,
    0x00, 0x2F, 0xFF, 0xC0, 0x00, 0x00, 0x00, 0x00, 0x07, 0x00, 0xA0, 0x03, 0xC3, 0xC0, 0x00, 0xFF,
    0x80, 0x00, 0x3E, 0x00, 0x00, 0x00, 0x00, 0x00, 0x2A, 0x00, 0x03, 0xFB, 0xE0, 0x0F, 0x82, 0xF0,
    0x2F, 0x02, 0xF0, 0x3E, 0x00, 0x00, 0x3C, 0x00, 0x00, 0x3C, 0x00, 0x00, 0x3D, 0x00, 0x00, 0x3E,
    0x00, 0x00, 0x2F, 0x80, 0x00, 0x0F, 0xEA, 0xB0, 0x02, 0xFF, 0xC0, 0x00, 0x00, 0x00, 0x00, 0x00,
    0x00, 0x00, 0x00, 0xB0, 0x2C, 0x00, 0x00, 0x3D, 0xF4, 0x00, 0x00, 0x0F, 0xE0, 0x00, 0x00, 0x07,
    0x80, 0x00, 0x00, 0x00, 0x00, 0x00, 0x2A, 0xAA, 0x80, 0x00, 0x2F, 0xEA, 0xFE, 0x00, 0x0B, 0xC0,
    0x0F, 0xC0, 0x0B, 0xC0, 0x03, 0xF0, 0x0B, 0xC0, 0x00, 0xF8, 0x0B, 0xC0, 0x00, 0xFC, 0x0B, 0xC0,
    0x00, 0xBC, 0x0B, 0xC0, 0x00, 0xBC, 0x0B, 0xC0, 0x00, 0xBC, 0x0B, 0xC0, 0x00, 0xBC, 0x0B, 0xC0,
    0x00, 0xFC, 0x0B, 0xC0, 0x00, 0xF8, 0x0B, 0xC0, 0x02, 0xF0, 0x0B, 0xC0, 0x0B, 0xD0, 0x0F, 0xC1,
    0xBF, 0x00, 0x3F, 0xFF, 0xE4, 0x00, 0x00, 0x00, 0x00, 0x00, 0x00, 0x02, 0xBC, 0xF0, 0x00, 0x02,
    0xFC, 0xF0, 0x00, 0x00, 0x3C, 0xF0, 0x00, 0x00, 0x3C, 0xE0, 0x00, 0x00, 0x3C, 0xC0, 0x00, 0x2A,
    0xBC, 0x00, 0x03, 0xFF, 0xFC, 0x00, 0x0F, 0x80, 0x3C, 0x00, 0x2F, 0x00, 0x3C, 0x00, 0x3D, 0x00,
    0x3C, 0x00, 0x3C, 0x00, 0x3C, 0x00, 0x3C, 0x00, 0x3C, 0x00, 0x3C, 0x00, 0x3C, 0x00, 0x3E, 0x00,
    0x3C, 0x00, 0x2F, 0x00, 0x7C, 0x00, 0x0F, 0xEB, 0xFC, 0x00, 0x03, 0xFE, 0x3F, 0x80, 0x00, 0x00,
    0x00, 0x00, 0x2A, 0xAA, 0x80, 0x00, 0x2F, 0xEA, 0xFE, 0x00, 0x0B, 0xC0, 0x0F, 0xC0, 0x0B, 0xC0,
    0x03, 0xF0, 0x0B, 0xC0, 0x00, 0xF8, 0x0B, 0xC0, 0x00, 0xFC, 0x0B, 0xC0, 0x00, 0xBC, 0xBF, 0xFF,
    0x80, 0xBC, 0x2F, 0xEA, 0x00, 0xBC, 0x0B, 0xC0, 0x00, 0xBC, 0x0B, 0xC0, 0x00, 0xFC, 0x0B, 0xC0,
    0x00, 0xF8, 0x0B, 0xC0, 0x02, 0xF0, 0x0B, 0xC0, 0x0B, 0xD0, 0x0F, 0xC1, 0xBF, 0x00, 0x3F, 0xFF,
    0xE4, 0x00, 0x00, 0x00, 0x00, 0x00, 0x00, 0x02, 0xBC, 0x00, 0x00, 0x02, 0xFC, 0x00, 0x00, 0x00,
    0x3C, 0x00, 0x00, 0x2F, 0xFF, 0xC0, 0x00, 0x0A, 0xBE, 0x80, 0x00, 0x2A, 0xBC, 0x00, 0x03, 0xFF,
    0xFC, 0x00, 0x0F, 0x80, 0x3C, 0x00, 0x2F, 0x00, 0x3C, 0x00, 0x3D, 0x00, 0x3C, 0x00, 0x3C, 0x00,
    0x3C, 0x00, 0x3C, 0x00, 0x3C, 0x00, 0x3C, 0x00, 0x3C, 0x00, 0x3E, 0x00, 0x3C, 0x00, 0x2F, 0x00,
    0x7C, 0x00, 0x0F, 0xEB, 0xFC, 0x00, 0x03, 0xFE, 0x3F, 0x80, 0x00, 0x00, 0x00, 0x00, 0x02, 0xAA,
    0xA4, 0x00, 0x03, 0xFF, 0xF8, 0x00, 0x00, 0x00, 0x00, 0x00, 0x00, 0x00, 0x00, 0x00, 0x2A, 0xAA,
    0xAA, 0x00, 0x2F, 0xEA, 0xAF, 0x00, 0x0B, 0xC0, 0x0F, 0x00, 0x0B, 0xC0, 0x0B, 0x00, 0x0B, 0xC0,
    0x00, 0x00, 0x0B, 0xC0, 0x30, 0x00, 0x0B, 0xC0, 0x70, 0x00, 0x0B, 0xFF, 0xF0, 0x00, 0x0B, 0xEA,
    0xF0, 0x00, 0x0B, 0xC0, 0x30, 0x00, 0x0B, 0xC0, 0x20, 0x00, 0x0B, 0xC0, 0x00, 0x00, 0x0B, 0xC0,
    0x02, 0x80, 0x0B, 0xC0, 0x03, 0x80, 0x0F, 0xC0, 0x0B, 0x80, 0x3F, 0xFF, 0xFF, 0x80, 0x00, 0x00,
    0x00, 0x0F, 0xFF, 0xF0, 0x0A, 0xAA, 0xA0, 0x00, 0x00, 0x00, 0x00, 0x28, 0x00, 0x03, 0xFF, 0xC0,
    0x0F, 0x02, 0xF0, 0x2E, 0x00, 0xF0, 0x3E, 0x00, 0xF8, 0x3F, 0xFF, 0xF8, 0x3C, 0x00, 0x00, 0x3C,
    0x00, 0x00, 0x3E, 0x00, 0x00, 0x2F, 0x00, 0x00, 0x0F, 0xE5, 0xB8, 0x02, 0xFF, 0xC0, 0x00, 0x00,
    0x00, 0x00, 0x09, 0x00, 0x00, 0x00, 0x2F, 0x00, 0x00, 0x00, 0x0E, 0x00, 0x00, 0x00, 0x00, 0x00,
    0x00, 0x00, 0x00, 0x00, 0x00, 0x2A, 0xAA, 0xAA, 0x00, 0x2F, 0xEA, 0xAF, 0x00, 0x0B, 0xC0, 0x0F,
    0x00, 0x0B, 0xC0, 0x0B, 0x00, 0x0B, 0xC0, 0x00, 0x00, 0x0B, 0xC0, 0x30, 0x00, 0x0B, 0xC0, 0x70,
    0x00, 0x0B, 0xFF, 0xF0, 0x00, 0x0B, 0xEA, 0xF0, 0x00, 0x0B, 0xC0, 0x30, 0x00, 0x0B, 0xC0, 0x20,
    0x00, 0x0B, 0xC0, 0x00, 0x00, 0x0B, 0xC0, 0x02, 0x80, 0x0B, 0xC0, 0x03, 0x80, 0x0F, 0xC0, 0x0B,
    0x80, 0x3F, 0xFF, 0xFF, 0x80, 0x00, 0x00, 0x00, 0x00, 0x3C, 0x00, 0x00, 0x3C, 0x00, 0x00, 0x00,
    0x00, 0x00, 0x00, 0x00, 0x00, 0x28, 0x00, 0x03, 0xFF, 0xC0, 0x0F, 0x02, 0xF0, 0x2E, 0x00, 0xF0,
    0x3E, 0x00, 0xF8, 0x3F, 0xFF, 0xF8, 0x3C, 0x00, 0x00, 0x3C, 0x00, 0x00, 0x3E, 0x00, 0x00, 0x2F,
    0x00, 0x00, 0x0F, 0xE5, 0xB8, 0x02, 0xFF, 0xC0, 0x00, 0x00, 0x00, 0x2A, 0xAA, 0xAA, 0x00, 0x2F,
    0xEA, 0xAF, 0x00, 0x0B, 0xC0, 0x0F, 0x00, 0x0B, 0xC0, 0x0B, 0x00, 0x0B, 0xC0, 0x00, 0x00, 0x0B,
    0xC0, 0x30, 0x00, 0x0B, 0xC0, 0x70, 0x00, 0x0B, 0xFF, 0xF0, 0x00, 0x0B, 0xEA, 0xF0, 0x00, 0x0B,
    0xC0, 0x30, 0x00, 0x0B, 0xC0, 0x20, 0x00, 0x0B, 0xC0, 0x00, 0x00, 0x0B, 0xC0, 0x02, 0x80, 0x0B,
    0xC0, 0x03, 0x80, 0x0F, 0xC0, 0x0B, 0x80, 0x3F, 0xFF, 0xFF, 0x80, 0x00, 0x00, 0xE0, 0x00, 0x00,
    0x02, 0xC0, 0x00, 0x00, 0x03, 0xC0, 0x00, 0x00, 0x02, 0xFD, 0x00, 0x00, 0x00, 0x00, 0x00, 0x00,
    0x28, 0x00, 0x03, 0xFF, 0xC0, 0x0F, 0x02, 0xF0, 0x2E, 0x00, 0xF0, 0x3E, 0x00, 0xF8, 0x3F, 0xFF,
    0xF8, 0x3C, 0x00, 0x00, 0x3C, 0x00, 0x00, 0x3E, 0x00, 0x00, 0x2F, 0x00, 0x00, 0x0F, 0xE5, 0xB8,
    0x02, 0xFF, 0xC0, 0x00, 0x0E, 0x00, 0x00, 0x1C, 0x00, 0x00, 0x2C, 0x00, 0x00, 0x1F, 0xE0, 0x00,
    0x00, 0x00, 0x00, 0x00, 0x00, 0x00, 0x02, 0xC0, 0xF0, 0x00, 0x00, 0xF7, 0xC0, 0x00, 0x00, 0x3F,
    0x80, 0x00, 0x00, 0x1E, 0x00, 0x00, 0x00, 0x00, 0x00, 0x00, 0x2A, 0xAA, 0xAA, 0x00, 0x2F, 0xEA,
    0xAF, 0x00, 0x0B, 0xC0, 0x0F, 0x00, 0x0B, 0xC0, 0x0B, 0x00, 0x0B, 0xC0, 0x00, 0x00, 0x0B, 0xC0,
    0x30, 0x00, 0x0B, 0xC0, 0x70, 0x00, 0x0B, 0xFF, 0xF0, 0x00, 0x0B, 0xEA, 0xF0, 0x00, 0x0B, 0xC0,
    0x30, 0x00, 0x0B, 0xC0, 0x20, 0x00, 0x0B, 0xC0, 0x00, 0x00, 0x0B, 0xC0, 0x02, 0x80, 0x0B, 0xC0,
    0x03, 0x80, 0x0F, 0xC0, 0x0B, 0x80, 0x3F, 0xFF, 0xFF, 0x80, 0x0A, 0x00, 0xA0, 0x03, 0xC3, 0xC0,
    0x00, 0xFF, 0x00, 0x00, 0xBE, 0x00, 0x00, 0x00, 0x00, 0x00, 0x28, 0x00, 0x03, 0xFF, 0xC0, 0x0F,
    0x02, 0xF0, 0x2E, 0x00, 0xF0, 0x3E, 0x00, 0xF8, 0x3F, 0xFF, 0xF8, 0x3C, 0x00, 0x00, 0x3C, 0x00,
    0x00, 0x3E, 0x00, 0x00, 0x2F, 0x00, 0x00, 0x0F, 0xE5, 0xB8, 0x02, 0xFF, 0xC0, 0x00, 0x00, 0x00,
    0x00, 0x20, 0x03, 0x00, 0x00, 0x2C, 0x0B, 0x00, 0x00, 0x0F, 0xFC, 0x00, 0x00, 0x02, 0xA0, 0x00,
    0x00, 0x00, 0x00, 0x00, 0x00, 0x0B, 0xFF, 0x80, 0x00, 0xFE, 0xAB, 0xF0, 0x03, 0xF0, 0x00, 0xF0,
    0x0F, 0xC0, 0x00, 0xF0, 0x2F, 0x00, 0x00, 0xA0, 0x3F, 0x00, 0x00, 0x00, 0x3E, 0x00, 0x00, 0x00,
    0x3E, 0x00, 0x00, 0x00, 0x3E, 0x00, 0x1A, 0xA8, 0x3E, 0x00, 0x0B, 0xF8, 0x3F, 0x00, 0x02, 0xF0,
    0x2F, 0x00, 0x02, 0xF0, 0x0F, 0xC0, 0x02, 0xF0, 0x03, 0xE0, 0x02, 0xF0, 0x01, 0xFE, 0x03, 0xF0,
    0x00, 0x2F, 0xFF, 0xE0, 0x00, 0x00, 0x00, 0x00, 0x00, 0x00, 0x00, 0x0A, 0x00, 0xC0, 0x03, 0xAB,
    0x80, 0x02, 0xFF, 0x00, 0x00, 0x00, 0x00, 0x00, 0x68, 0x00, 0x0B, 0xEF, 0xFE, 0x0F, 0x03, 0xF4,
    0x2E, 0x01, 0xF0, 0x2E, 0x00, 0xF0, 0x2F, 0x02, 0xF0, 0x0F, 0x83, 0xC0, 0x03, 0xFF, 0x00, 0x02,
    0xC0, 0x00, 0x03, 0xE0, 0x00, 0x03, 0xFF, 0xE0, 0x0F, 0xAB, 0xFC, 0x3C, 0x00, 0xBC, 0x3C, 0x00,
    0x3C, 0x3C, 0x00, 0x78, 0x3F, 0x02, 0xF0, 0x0B, 0xFF, 0x40, 0x00, 0x00, 0x00, 0x00, 0x00, 0x80,
    0x00, 0x00, 0x02, 0xF0, 0x00, 0x00, 0x00, 0xE0, 0x00, 0x00, 0x00, 0x00, 0x00, 0x00, 0x00, 0x00,
    0x00, 0x00, 0x0B, 0xFF, 0x80, 0x00, 0xFE, 0xAB, 0xF0, 0x03, 0xF0, 0x00, 0xF0, 0x0F, 0xC0, 0x00,
    0xF0, 0x2F, 0x00, 0x00, 0xA0, 0x3F, 0x00, 0x00, 0x00, 0x3E, 0x00, 0x00, 0x00, 0x3E, 0x00, 0x00,
    0x00, 0x3E, 0x00, 0x1A, 0xA8, 0x3E, 0x00, 0x0B, 0xF8, 0x3F, 0x00, 0x02, 0xF0, 0x2F, 0x00, 0x02,
    0xF0, 0x0F, 0xC0, 0x02, 0xF0, 0x03, 0xE0, 0x02, 0xF0, 0x01, 0xFE, 0x03, 0xF0, 0x00, 0x2F, 0xFF,
    0xE0, 0x00, 0x00, 0x00, 0x00, 0x00, 0x00, 0x00, 0x00, 0xBC, 0x00, 0x00, 0xBC, 0x00, 0x00, 0x10,
    0x00, 0x00, 0x00, 0x00, 0x00, 0x68, 0x00, 0x0B, 0xEF, 0xFE, 0x0F, 0x03, 0xF4, 0x2E, 0x01, 0xF0,
    0x2E, 0x00, 0xF0, 0x2F, 0x02, 0xF0, 0x0F, 0x83, 0xC0, 0x03, 0xFF, 0x00, 0x02, 0xC0, 0x00, 0x03,
    0xE0, 0x00, 0x03, 0xFF, 0xE0, 0x0F, 0xAB, 0xFC, 0x3C, 0x00, 0xBC, 0x3C, 0x00, 0x3C, 0x3C, 0x00,
    0x78, 0x3F, 0x02, 0xF0, 0x0B, 0xFF, 0x40, 0x00, 0x00, 0x00, 0x00, 0x00, 0x00, 0x00, 0x00, 0x0B,
    0xFF, 0x80, 0x00, 0xFE, 0xAB, 0xF0, 0x03, 0xF0, 0x00, 0xF0, 0x0F, 0xC0, 0x00, 0xF0, 0x2F, 0x00,
    0x00, 0xA0, 0x3F, 0x00, 0x00, 0x00, 0x3E, 0x00, 0x00, 0x00, 0x3E, 0x00, 0x00, 0x00, 0x3E, 0x00,
    0x1A, 0xA8, 0x3E, 0x00, 0x0B, 0xF8, 0x3F, 0x00, 0x02, 0xF0, 0x2F, 0x00, 0x02, 0xF0, 0x0F, 0xC0,
    0x02, 0xF0, 0x03, 0xE0, 0x02, 0xF0, 0x01, 0xFE, 0x03, 0xF0, 0x00, 0x2F, 0xFF, 0xE0, 0x00, 0x00,
    0x00, 0x00, 0x00, 0x01, 0x90, 0x00, 0x00, 0x03, 0xF0, 0x00, 0x00, 0x00, 0xB0, 0x00, 0x00, 0x00,
    0xB0, 0x00, 0x00, 0x03, 0x80, 0x00, 0x00, 0x00, 0x00, 0x00, 0x00, 0x08, 0x00, 0x00, 0x38, 0x00,
    0x00, 0xA0, 0x00, 0x00, 0xFC, 0x00, 0x00, 0xBC, 0x00, 0x00, 0x00, 0x00, 0x00, 0x68, 0x00, 0x0B,
    0xEF, 0xFE, 0x0F, 0x03, 0xF4, 0x2E, 0x01, 0xF0, 0x2E, 0x00, 0xF0, 0x2F, 0x02, 0xF0, 0x0F, 0x83,
    0xC0, 0x03, 0xFF, 0x00, 0x02, 0xC0, 0x00, 0x03, 0xE0, 0x00, 0x03, 0xFF, 0xE0, 0x0F, 0xAB, 0xFC,
    0x3C, 0x00, 0xBC, 0x3C, 0x00, 0x3C, 0x3C, 0x00, 0x78, 0x3F, 0x02, 0xF0, 0x0B, 0xFF, 0x40, 0x00,
    0x00, 0x00, 0x2A, 0xA4, 0x02, 0xAA, 0x00, 0x2F, 0xE0, 0x02, 0xFE, 0x00, 0x0B, 0xC0, 0x00, 0xB8,
    0x00, 0x0F, 0xC0, 0x00, 0xFC, 0x00, 0x3F, 0xFF, 0xFF, 0xFF, 0x40, 0x0B, 0xC0, 0x00, 0xB8, 0x00,
    0x0B, 0xC0, 0x00, 0xB8, 0x00, 0x0B, 0xFF, 0xFF, 0xF8, 0x00, 0x0B, 0xD5, 0x55, 0xF8, 0x00, 0x0B,
    0xC0, 0x00, 0xB8, 0x00, 0x0B, 0xC0, 0x00, 0xB8, 0x00, 0x0B, 0xC0, 0x00, 0xB8, 0x00, 0x0B, 0xC0,
    0x00, 0xB8, 0x00, 0x0B, 0xC0, 0x00, 0xB8, 0x00, 0x0F, 0xC0, 0x00, 0xFC, 0x00, 0x3F, 0xF8, 0x0B,
    0xFF, 0x40, 0x00, 0x00, 0x00, 0x00, 0x0B, 0xC0, 0x00, 0x00, 0x2B, 0xC0, 0x00, 0x00, 0x03, 0xC0,
    0x00, 0x00, 0x2B, 0xE9, 0x00, 0x00, 0x3F, 0xFF, 0x00, 0x00, 0x03, 0xC0, 0xA0, 0x00, 0x03, 0xEF,
    0xFD, 0x00, 0x03, 0xF8, 0x7F, 0x00, 0x03, 0xC0, 0x0F, 0x00, 0x03, 0xC0, 0x0F, 0x00, 0x03, 0xC0,
    0x0F, 0x00, 0x03, 0xC0, 0x0F, 0x00, 0x03, 0xC0, 0x0F, 0x00, 0x03, 0xC0, 0x0F, 0x00, 0x03, 0xC0,
    0x0F, 0x00, 0x03, 0xE0, 0x0F, 0x40, 0x2F, 0xF8, 0xBF, 0xE0, 0x2A, 0xA0, 0x3F, 0xF8, 0x00, 0x00,
    0x00, 0x00, 0x2A, 0xA8, 0x2F, 0xE8, 0x0B, 0xC0, 0x0B, 0xC0, 0x0B, 0xC0, 0x0B, 0xC0, 0x0B, 0xC0,
    0x0B, 0xC0, 0x0B, 0xC0, 0x0B, 0xC0, 0x0B, 0xC0, 0x0B, 0xC0, 0x0B, 0xC0, 0x0B, 0xC0, 0x0B, 0xD0,
    0x3F, 0xFC, 0x00, 0x00, 0x3F, 0xF0, 0x2A, 0xA0, 0x00, 0x00, 0x02, 0x00, 0x3F, 0x80, 0x0F, 0x80,
    0x0B, 0x80, 0x0B, 0x80, 0x0B, 0x80, 0x0B, 0x80, 0x0B, 0x80, 0x0B, 0x80, 0x0B, 0x80, 0x0F, 0x80,
    0x3F, 0xF0, 0x2A, 0xA8, 0x2F, 0xE8, 0x0B, 0xC0, 0x0B, 0xC0, 0x0B, 0xC0, 0x0B, 0xC0, 0x0B, 0xC0,
    0x0B, 0xC0, 0x0B, 0xC0, 0x0B, 0xC0, 0x0B, 0xC0, 0x0B, 0xC0, 0x0B, 0xC0, 0x0B, 0xC0, 0x0B, 0xD0,
    0x3F, 0xFC, 0x0B, 0x00, 0x0D, 0x00, 0x0E, 0x00, 0x0F, 0xF0, 0x00, 0x00, 0x02, 0x00, 0x0F, 0xC0,
    0x0F, 0xC0, 0x02, 0x00, 0x00, 0x00, 0x02, 0x00, 0x3F, 0x80, 0x0F, 0x80, 0x0B, 0x80, 0x0B, 0x80,
    0x0B, 0x80, 0x0B, 0x80, 0x0B, 0x80, 0x0B, 0x80, 0x0B, 0x80, 0x0F, 0x80, 0x3F, 0xF0, 0x0E, 0x00,
    0x1C, 0x00, 0x2C, 0x00, 0x0F, 0xE0, 0x00, 0x00, 0x02, 0x00, 0x3F, 0x80, 0x0F, 0x80, 0x0B, 0x80,
    0x0B, 0x80, 0x0B, 0x80, 0x0B, 0x80, 0x0B, 0x80, 0x0B, 0x80, 0x0B, 0x80, 0x0F, 0x80, 0x3F, 0xF0,
    0x2A, 0xA4, 0x2A, 0xA0, 0x2F, 0xE0, 0x2F, 0xE0, 0x0B, 0xC0, 0x0F, 0x00, 0x0B, 0xC0, 0x3C, 0x00,
    0x0B, 0xC0, 0xB0, 0x00, 0x0B, 0xC2, 0xE0, 0x00, 0x0B, 0xC3, 0x80, 0x00, 0x0B, 0xCF, 0x00, 0x00,
    0x0B, 0xFF, 0xC0, 0x00, 0x0B, 0xCB, 0xE0, 0x00, 0x0B, 0xC2, 0xF0, 0x00, 0x0B, 0xC0, 0xFC, 0x00,
    0x0B, 0xC0, 0x3E, 0x00, 0x0B, 0xC0, 0x2F, 0x00, 0x0F, 0xC0, 0x0F, 0xC0, 0x3F, 0xF8, 0x0B, 0xF8,
    0x00, 0x00, 0x00, 0x00, 0x00, 0x02, 0x80, 0x00, 0x00, 0x0F, 0xC0, 0x00, 0x00, 0x01, 0xC0, 0x00,
    0x00, 0x02, 0xC0, 0x00, 0x00, 0x0A, 0x00, 0x00, 0x00, 0x00, 0x00, 0x00, 0x00, 0x00, 0x00, 0x00,
    0x2F, 0x00, 0x00, 0x00, 0xAF, 0x00, 0x00, 0x00, 0x0F, 0x00, 0x00, 0x00, 0x0F, 0x00, 0x00, 0x00,
    0x0F, 0x00, 0x00, 0x00, 0x0F, 0x00, 0x00, 0x00, 0x0F, 0x03, 0xFC, 0x00, 0x0F, 0x01, 0xE0, 0x00,
    0x0F, 0x03, 0x80, 0x00, 0x0F, 0x0E, 0x00, 0x00, 0x0F, 0xBC, 0x00, 0x00, 0x0F, 0xFF, 0x00, 0x00,
    0x0F, 0x0F, 0x80, 0x00, 0x0F, 0x07, 0xD0, 0x00, 0x0F, 0x02, 0xF0, 0x00, 0x0F, 0x80, 0xF8, 0x00,
    0xBF, 0xE0, 0xBF, 0x00, 0x00, 0x00, 0x00, 0x00, 0x00, 0x28, 0x00, 0x00, 0x00, 0x3E, 0x00, 0x00,
    0x00, 0x0E, 0x00, 0x00, 0x00, 0x0C, 0x00, 0x00, 0x00, 0x34, 0x00, 0x00, 0x00, 0x00, 0x00, 0x00,
    0x2A, 0xA0, 0x00, 0x2F, 0xE0, 0x00, 0x0B, 0xC0, 0x00, 0x0B, 0xC0, 0x00, 0x0B, 0xC0, 0x00, 0x0B,
    0xC0, 0x00, 0x0B, 0xC0, 0x00, 0x0B, 0xC0, 0x00, 0x0B, 0xC0, 0x00, 0x0B, 0xC0, 0x00, 0x0B, 0xC0,
    0x00, 0x0B, 0xC0, 0x01, 0x0B, 0xC0, 0x0B, 0x0B, 0xC0, 0x0F, 0x0F, 0xC0, 0x1F, 0xBF, 0xFF, 0xFF,
    0x00, 0x00, 0x00, 0x00, 0x28, 0x00, 0x00, 0x3E, 0x00, 0x00, 0x0E, 0x00, 0x00, 0x0D, 0x00, 0x00,
    0x38, 0x00, 0x00, 0x00, 0x00, 0x00, 0x00, 0x2F, 0x80, 0x2F, 0x80, 0x0B, 0x80, 0x0B, 0x80, 0x0B,
    0x80, 0x0B, 0x80, 0x0B, 0x80, 0x0B, 0x80, 0x0B, 0x80, 0x0B, 0x80, 0x0B, 0x80, 0x0B, 0x80, 0x0B,
    0x80, 0x0B, 0x80, 0x0B, 0x80, 0x0F, 0x80, 0xBF, 0xF0, 0x00, 0x00, 0x0A, 0x00, 0x0F, 0xC0, 0x02,
    0xC0, 0x03, 0x80, 0x0E, 0x00, 0x00, 0x00, 0x00, 0x00, 0x00, 0x00, 0x00, 0xF0, 0x2A, 0xA0, 0xF0,
    0x2F, 0xE0, 0xF0, 0x0B, 0xC0, 0xE0, 0x0B, 0xC0, 0xC0, 0x0B, 0xC0, 0x00, 0x0B, 0xC0, 0x00, 0x0B,
    0xC0, 0x00, 0x0B, 0xC0, 0x00, 0x0B, 0xC0, 0x00, 0x0B, 0xC0, 0x00, 0x0B, 0xC0, 0x00, 0x0B, 0xC0,
    0x01, 0x0B, 0xC0, 0x0B, 0x0B, 0xC0, 0x0F, 0x0F, 0xC0, 0x1F, 0xBF, 0xFF, 0xFF, 0x00, 0x00, 0x2F,
    0x8F, 0x2F, 0x9E, 0x0B, 0xAC, 0x0B, 0xAC, 0x0B, 0xAC, 0x0B, 0x80, 0x0B, 0x80, 0x0B, 0x80, 0x0B,
    0x80, 0x0B, 0x80, 0x0B, 0x80, 0x0B, 0x80, 0x0B, 0x80, 0x0B, 0x80, 0x0B, 0x80, 0x0F, 0x80, 0xBF,
    0xF0, 0x2A, 0xA8, 0x00, 0x2F, 0xE0, 0x00, 0x0B, 0xC0, 0x00, 0x0B, 0xC0, 0x00, 0x0B, 0xC0, 0x00,
    0x0B, 0xCE, 0x00, 0x0B, 0xF8, 0x00, 0x0B, 0xD0, 0x00, 0x2F, 0xC0, 0x00, 0xBF, 0xC0, 0x00, 0x0B,
    0xC0, 0x00, 0x0B, 0xC0, 0x01, 0x0B, 0xC0, 0x0B, 0x0B, 0xC0, 0x0F, 0x0F, 0xC0, 0x1F, 0xBF, 0xFF,
    0xFF, 0x00, 0x00, 0x00, 0x0B, 0xE0, 0x00, 0x0B, 0xE0, 0x00, 0x02, 0xE0, 0x00, 0x02, 0xE0, 0x00,
    0x02, 0xE0, 0x00, 0x02, 0xE0, 0x00, 0x02, 0xEB, 0x00, 0x02, 0xFC, 0x00, 0x03, 0xE0, 0x00, 0x0F,
    0xE0, 0x00, 0x3B, 0xE0, 0x00, 0x02, 0xE0, 0x00, 0x02, 0xE0, 0x00, 0x02, 0xE0, 0x00, 0x02, 0xE0,
    0x00, 0x03, 0xE0, 0x00, 0x2F, 0xFC, 0x00, 0x00, 0x00, 0x08, 0x00, 0x00, 0x00, 0x00, 0x3E, 0x00,
    0x00, 0x00, 0x00, 0xFC, 0x00, 0x00, 0x00, 0x03, 0xE0, 0x00, 0x00, 0x00, 0x0A, 0x00, 0x00, 0x00,
    0x00, 0x00, 0x00, 0x00, 0x00, 0x2A, 0x80, 0x02, 0xAA, 0x00, 0x2F, 0xE0, 0x02, 0xFA, 0x00, 0x0B,
    0xF0, 0x00, 0x30, 0x00, 0x0B, 0xFC, 0x00, 0x30, 0x00, 0x0B, 0x3E, 0x00, 0x30, 0x00, 0x0B, 0x2F,
    0x00, 0x30, 0x00, 0x0B, 0x0F, 0xC0, 0x30, 0x00, 0x0B, 0x03, 0xE0, 0x30, 0x00, 0x0B, 0x02, 0xF0,
    0x30, 0x00, 0x0B, 0x00, 0xFC, 0x30, 0x00, 0x0B, 0x00, 0x3E, 0x30, 0x00, 0x0B, 0x00, 0x2F, 0xB0,
    0x00, 0x0B, 0x00, 0x0F, 0xF0, 0x00, 0x0B, 0x00, 0x03, 0xF0, 0x00, 0x0F, 0x00, 0x02, 0xF0, 0x00,
    0xBF, 0xE0, 0x00, 0xF0, 0x00, 0x00, 0x00, 0x00, 0x00, 0x00, 0x02, 0xE0, 0x00, 0x00, 0x03, 0xF0,
    0x00, 0x00, 0x0F, 0x80, 0x00, 0x00, 0x3C, 0x00, 0x00, 0x00, 0x00, 0x00, 0x00, 0x00, 0x02, 0x80,
    0x00, 0x3F, 0xBF, 0xF4, 0x00, 0x2F, 0xE1, 0xFC, 0x00, 0x0F, 0x00, 0x3C, 0x00, 0x0F, 0x00, 0x3C,
    0x00, 0x0F, 0x00, 0x3C, 0x00, 0x0F, 0x00, 0x3C, 0x00, 0x0F, 0x00, 0x3C, 0x00, 0x0F, 0x00, 0x3C,
    0x00, 0x0F, 0x00, 0x3C, 0x00, 0x0F, 0x80, 0x3D, 0x00, 0xBF, 0xE2, 0xFF, 0x80, 0x2A, 0x80, 0x02,
    0xAA, 0x00, 0x2F, 0xE0, 0x02, 0xFA, 0x00, 0x0B, 0xF0, 0x00, 0x30, 0x00, 0x0B, 0xFC, 0x00, 0x30,
    0x00, 0x0B, 0x3E, 0x00, 0x30, 0x00, 0x0B, 0x2F, 0x00, 0x30, 0x00, 0x0B, 0x0F, 0xC0, 0x30, 0x00,
    0x0B, 0x03, 0xE0, 0x30, 0x00, 0x0B, 0x02, 0xF0, 0x30, 0x00, 0x0B, 0x00, 0xFC, 0x30, 0x00, 0x0B,
    0x00, 0x3E, 0x30, 0x00, 0x0B, 0x00, 0x2F, 0xB0, 0x00, 0x0B, 0x00, 0x0F, 0xF0, 0x00, 0x0B, 0x00,
    0x03, 0xF0, 0x00, 0x0F, 0x00, 0x02, 0xF0, 0x00, 0xBF, 0xE0, 0x00, 0xF0, 0x00, 0x00, 0x00, 0x00,
    0x00, 0x00, 0x00, 0x02, 0x80, 0x00, 0x00, 0x00, 0x03, 0xE0, 0x00, 0x00, 0x00, 0x00, 0xA0, 0x00,
    0x00, 0x00, 0x00, 0xD0, 0x00, 0x00, 0x00, 0x03, 0x80, 0x00, 0x00, 0x00, 0x00, 0x00, 0x00, 0x00,
    0x00, 0x02, 0x80, 0x00, 0x3F, 0xBF, 0xF4, 0x00, 0x2F, 0xE1, 0xFC, 0x00, 0x0F, 0x00, 0x3C, 0x00,
    0x0F, 0x00, 0x3C, 0x00, 0x0F, 0x00, 0x3C, 0x00, 0x0F, 0x00, 0x3C, 0x00, 0x0F, 0x00, 0x3C, 0x00,
    0x0F, 0x00, 0x3C, 0x00, 0x0F, 0x00, 0x3C, 0x00, 0x0F, 0x80, 0x3D, 0x00, 0xBF, 0xE2, 0xFF, 0x80,
    0x00, 0x00, 0x00, 0x00, 0x00, 0x28, 0x00, 0x00, 0x00, 0x3F, 0x00, 0x00, 0x00, 0x0B, 0x00, 0x00,
    0x00, 0x0A, 0x00, 0x00, 0x00, 0x38, 0x00, 0x00, 0x00, 0x00, 0x00, 0x00, 0x00, 0x00, 0x00, 0x00,
    0x00, 0x00, 0x38, 0x0E, 0x00, 0x00, 0x00, 0x1F, 0x7C, 0x00, 0x00, 0x00, 0x0B, 0xF0, 0x00, 0x00,
    0x00, 0x02, 0xD0, 0x00, 0x00, 0x00, 0x00, 0x00, 0x00, 0x00, 0x2A, 0x80, 0x02, 0xAA, 0x00, 0x2F,
    0xE0, 0x02, 0xFA, 0x00, 0x0B, 0xF0, 0x00, 0x30, 0x00, 0x0B, 0xFC, 0x00, 0x30, 0x00, 0x0B, 0x3E,
    0x00, 0x30, 0x00, 0x0B, 0x2F, 0x00, 0x30, 0x00, 0x0B, 0x0F, 0xC0, 0x30, 0x00, 0x0B, 0x03, 0xE0,
    0x30, 0x00, 0x0B, 0x02, 0xF0, 0x30, 0x00, 0x0B, 0x00, 0xFC, 0x30, 0x00, 0x0B, 0x00, 0x3E, 0x30,
    0x00, 0x0B, 0x00, 0x2F, 0xB0, 0x00, 0x0B, 0x00, 0x0F, 0xF0, 0x00, 0x0B, 0x00, 0x03, 0xF0, 0x00,
    0x0F, 0x00, 0x02, 0xF0, 0x00, 0xBF, 0xE0, 0x00, 0xF0, 0x00, 0x03, 0x80, 0xB0, 0x00, 0x02, 0xE2,
    0xE0, 0x00, 0x00, 0xBF, 0xC0, 0x00, 0x00, 0x3F, 0x00, 0x00, 0x00, 0x00, 0x00, 0x00, 0x00, 0x02,
    0x80, 0x00, 0x3F, 0xBF, 0xF4, 0x00, 0x2F, 0xE1, 0xFC, 0x00, 0x0F, 0x00, 0x3C, 0x00, 0x0F, 0x00,
    0x3C, 0x00, 0x0F, 0x00, 0x3C, 0x00, 0x0F, 0x00, 0x3C, 0x00, 0x0F, 0x00, 0x3C, 0x00, 0x0F, 0x00,
    0x3C, 0x00, 0x0F, 0x00, 0x3C, 0x00, 0x0F, 0x80, 0x3D, 0x00, 0xBF, 0xE2, 0xFF, 0x80, 0x00, 0x00,
    0x80, 0x60, 0x00, 0x00, 0x03, 0xE2, 0xF0, 0x00, 0x00, 0x0F, 0xC7, 0xE0, 0x00, 0x00, 0x2E, 0x0F,
    0x00, 0x00, 0x00, 0x70, 0x28, 0x00, 0x00, 0x00, 0x00, 0x00, 0x00, 0x00, 0x00, 0x2F, 0xF9, 0x00,
    0x00, 0x00, 0xFE, 0xAF, 0xC0, 0x00, 0x03, 0xE0, 0x03, 0xF0, 0x00, 0x0F, 0xC0, 0x00, 0xF8, 0x00,
    0x2F, 0x00, 0x00, 0xBC, 0x00, 0x3F, 0x00, 0x00, 0x3E, 0x00, 0x3E, 0x00, 0x00, 0x3F, 0x00, 0x3E,
    0x00, 0x00, 0x3F, 0x00, 0x3E, 0x00, 0x00, 0x3F, 0x00, 0x3E, 0x00, 0x00, 0x3F, 0x00, 0x3F, 0x00,
    0x00, 0x3E, 0x00, 0x2F, 0x00, 0x00, 0x7D, 0x00, 0x0F, 0x80, 0x00, 0xFC, 0x00, 0x0B, 0xD0, 0x02,
    0xF0, 0x00, 0x02, 0xF8, 0x0F, 0xC0, 0x00, 0x00, 0x2F, 0xFE, 0x00, 0x00, 0x00, 0x00, 0x00, 0x00,
    0x00, 0x00, 0x00, 0x00, 0x00, 0x00, 0x2E, 0x0F, 0x00, 0x00, 0xBE, 0x3F, 0x00, 0x02, 0xF8, 0xF8,
    0x00, 0x03, 0x83, 0xD0, 0x00, 0x00, 0x00, 0x00, 0x00, 0x00, 0x2A, 0x00, 0x00, 0x03, 0xFB, 0xE0,
    0x00, 0x0F, 0x80, 0xF8, 0x00, 0x2F, 0x00, 0x3C, 0x00, 0x3E, 0x00, 0x3E, 0x00, 0x3D, 0x00, 0x3E,
    0x00, 0x3C, 0x00, 0x3E, 0x00, 0x3E, 0x00, 0x3E, 0x00, 0x3E, 0x00, 0x3E, 0x00, 0x2F, 0x00, 0xBC,
    0x00, 0x0F, 0xC1, 0xF0, 0x00, 0x02, 0xFF, 0xC0, 0x00, 0x00, 0x00, 0x00, 0x00, 0x00, 0x00, 0x00,
    0x00, 0x00, 0x00, 0x00, 0x2F, 0xF4, 0xAA, 0xAA, 0x80, 0x02, 0xFA, 0xBF, 0xFE, 0xAB, 0xE0, 0x0B,
    0xC0, 0x0F, 0xF8, 0x00, 0xE0, 0x0F, 0x80, 0x03, 0xF8, 0x00, 0xE0, 0x2F, 0x00, 0x03, 0xF8, 0x00,
    0x00, 0x3F, 0x00, 0x02, 0xF8, 0x0A, 0x00, 0x3E, 0x00, 0x02, 0xF8, 0x0E, 0x00, 0x3E, 0x00, 0x02,
    0xFF, 0xFE, 0x00, 0x3E, 0x00, 0x02, 0xFA, 0xAE, 0x00, 0x3E, 0x00, 0x02, 0xF8, 0x0E, 0x00, 0x3F,
    0x00, 0x02, 0xF8, 0x00, 0x00, 0x2F, 0x00, 0x03, 0xF8, 0x00, 0x00, 0x0F, 0x00, 0x03, 0xF8, 0x00,
    0x30, 0x0F, 0xC0, 0x0B, 0xF8, 0x00, 0x30, 0x03, 0xF0, 0x2F, 0xF8, 0x00, 0xB0, 0x00, 0xBF, 0xF8,
    0xFF, 0xFF, 0xF0, 0x00, 0x00, 0x00, 0x00, 0x00, 0x00, 0x00, 0x29, 0x00, 0x28, 0x00, 0x03, 0xFF,
    0xC3, 0xFF, 0x80, 0x0F, 0x80, 0xFF, 0x03, 0xE0, 0x2F, 0x00, 0xBE, 0x02, 0xF0, 0x3E, 0x00, 0x7E,
    0x02, 0xF0, 0x3C, 0x00, 0x3F, 0xFF, 0xF0, 0x3C, 0x00, 0x3C, 0x00, 0x00, 0x3E, 0x00, 0x3E, 0x00,
    0x00, 0x3E, 0x00, 0xBF, 0x00, 0x00, 0x2F, 0x00, 0xFF, 0x80, 0x20, 0x0F, 0x82, 0xEB, 0xFA, 0xF0,
    0x02, 0xFF, 0x81, 0xFF, 0x80, 0x00, 0x00, 0x00, 0x00, 0x00, 0x00, 0x00, 0x90, 0x00, 0x00, 0x02,
    0xF0, 0x00, 0x00, 0x0B, 0xE0, 0x00, 0x00, 0x1F, 0x00, 0x00, 0x00, 0x38, 0x00, 0x00, 0x00, 0x00,
    0x00, 0x00, 0x2A, 0xAA, 0x80, 0x00, 0x2F, 0xEB, 0xFC, 0x00, 0x0B, 0xC0, 0x3F, 0x00, 0x0B, 0xC0,
    0x2F, 0x00, 0x0B, 0xC0, 0x0F, 0x80, 0x0B, 0xC0, 0x0F, 0x00, 0x0B, 0xC0, 0x3F, 0x00, 0x0B, 0xC1,
    0xF8, 0x00, 0x0B, 0xFF, 0xE0, 0x00, 0x0B, 0xC2, 0xF8, 0x00, 0x0B, 0xC0, 0x3D, 0x00, 0x0B, 0xC0,
    0x3E, 0x00, 0x0B, 0xC0, 0x2F, 0x00, 0x0B, 0xC0, 0x0F, 0x00, 0x0F, 0xC0, 0x0F, 0xE0, 0x3F, 0xF8,
    0x03, 0xFC, 0x00, 0x00, 0x00, 0x00, 0x00, 0x00, 0x00, 0x00, 0x0F, 0x00, 0x00, 0x3F, 0x00, 0x00,
    0xBC, 0x00, 0x02, 0xE0, 0x00, 0x00, 0x00, 0x00, 0x00, 0x02, 0x00, 0x2F, 0x6F, 0xC0, 0x2F, 0xFB,
    0xC0, 0x0F, 0xC0, 0x00, 0x0F, 0x40, 0x00, 0x0F, 0x40, 0x00, 0x0F, 0x40, 0x00, 0x0F, 0x40, 0x00,
    0x0F, 0x40, 0x00, 0x0F, 0x40, 0x00, 0x0F, 0x80, 0x00, 0xBF, 0xF4, 0x00, 0x00, 0x00, 0x00, 0x00,
    0x02, 0xC0, 0xB0, 0x00, 0x00, 0xF6, 0xD0, 0x00, 0x00, 0x3F, 0x80, 0x00, 0x00, 0x0E, 0x00, 0x00,
    0x00, 0x00, 0x00, 0x00, 0x2A, 0xAA, 0x80, 0x00, 0x2F, 0xEB, 0xFC, 0x00, 0x0B, 0xC0, 0x3F, 0x00,
    0x0B, 0xC0, 0x2F, 0x00, 0x0B, 0xC0, 0x0F, 0x80, 0x0B, 0xC0, 0x0F, 0x00, 0x0B, 0xC0, 0x3F, 0x00,
    0x0B, 0xC1, 0xF8, 0x00, 0x0B, 0xFF, 0xE0, 0x00, 0x0B, 0xC2, 0xF8, 0x00, 0x0B, 0xC0, 0x3D, 0x00,
    0x0B, 0xC0, 0x3E, 0x00, 0x0B, 0xC0, 0x2F, 0x00, 0x0B, 0xC0, 0x0F, 0x00, 0x0F, 0xC0, 0x0F, 0xE0,
    0x3F, 0xF8, 0x03, 0xFC, 0x00, 0x00, 0x00, 0x00, 0x28, 0x02, 0x80, 0x0F, 0x0F, 0x00, 0x03, 0xFC,
    0x00, 0x02, 0xF8, 0x00, 0x00, 0x00, 0x00, 0x00, 0x02, 0x00, 0x2F, 0x6F, 0xC0, 0x2F, 0xFB, 0xC0,
    0x0F, 0xC0, 0x00, 0x0F, 0x40, 0x00, 0x0F, 0x40, 0x00, 0x0F, 0x40, 0x00, 0x0F, 0x40, 0x00, 0x0F,
    0x40, 0x00, 0x0F, 0x40, 0x00, 0x0F, 0x80, 0x00, 0xBF, 0xF4, 0x00, 0x00, 0x00, 0x80, 0x00, 0x03,
    0xE0, 0x00, 0x0F, 0xC0, 0x00, 0x3E, 0x00, 0x00, 0xA0, 0x00, 0x00, 0x00, 0x00, 0x00, 0xBF, 0xE0,
    0x0B, 0xE6, 0xF8, 0x1F, 0x00, 0x38, 0x3E, 0x00, 0x38, 0x3E, 0x00, 0x20, 0x3F, 0x00, 0x00, 0x1F,
    0xE0, 0x00, 0x0B, 0xFE, 0x00, 0x00, 0xBF, 0xE0, 0x00, 0x0F, 0xF8, 0x00, 0x02, 0xFC, 0x20, 0x00,
    0xBC, 0x38, 0x00, 0x7C, 0x38, 0x00, 0xF8, 0x3E, 0x03, 0xF0, 0x2F, 0xFF, 0x80, 0x00, 0x00, 0x00,
    0x00, 0x00, 0x00, 0x00, 0x0F, 0x00, 0x00, 0x3F, 0x00, 0x00, 0xFC, 0x00, 0x03, 0xE0, 0x00, 0x00,
    0x00, 0x00, 0x01, 0xA4, 0x00, 0x0F, 0xFF, 0x00, 0x3D, 0x0B, 0x00, 0x3C, 0x03, 0x00, 0x3F, 0x00,
    0x00, 0x2F, 0xE0, 0x00, 0x03, 0xFE, 0x00, 0x00, 0x7F, 0x00, 0x20, 0x0F, 0x40, 0x30, 0x0F, 0x00,
    0x38, 0x1F, 0x00, 0x3F, 0xF8, 0x00, 0x00, 0x00, 0x00, 0x00, 0x00, 0x00, 0x00, 0xBF, 0xE0, 0x0B,
    0xE6, 0xF8, 0x1F, 0x00, 0x38, 0x3E, 0x00, 0x38, 0x3E, 0x00, 0x20, 0x3F, 0x00, 0x00, 0x1F, 0xE0,
    0x00, 0x0B, 0xFE, 0x00, 0x00, 0xBF, 0xE0, 0x00, 0x0F, 0xF8, 0x00, 0x02, 0xFC, 0x20, 0x00, 0xBC,
    0x38, 0x00, 0x7C, 0x38, 0x00, 0xF8, 0x3E, 0x03, 0xF0, 0x2F, 0xFF, 0x80, 0x00, 0x30, 0x00, 0x00,
    0x3E, 0x00, 0x00, 0x2F, 0x00, 0x00, 0x0B, 0x00, 0x00, 0xFE, 0x00, 0x00, 0x00, 0x00, 0x01, 0xA4,
    0x00, 0x0F, 0xFF, 0x00, 0x3D, 0x0B, 0x00, 0x3C, 0x03, 0x00, 0x3F, 0x00, 0x00, 0x2F, 0xE0, 0x00,
    0x03, 0xFE, 0x00, 0x00, 0x7F, 0x00, 0x20, 0x0F, 0x40, 0x30, 0x0F, 0x00, 0x38, 0x1F, 0x00, 0x3F,
    0xF8, 0x00, 0x02, 0xC0, 0x00, 0x00, 0xF0, 0x00, 0x00, 0xBC, 0x00, 0x00, 0x3C, 0x00, 0x0B, 0xF0,
    0x00, 0x00, 0x00, 0x00, 0x00, 0x00, 0x00, 0x03, 0xC0, 0xE0, 0x00, 0xF7, 0xC0, 0x00, 0xBF, 0x00,
    0x00, 0x2E, 0x00, 0x00, 0x00, 0x00, 0x00, 0xBF, 0xE0, 0x0B, 0xE6, 0xF8, 0x1F, 0x00, 0x38, 0x3E,
    0x00, 0x38, 0x3E, 0x00, 0x20, 0x3F, 0x00, 0x00, 0x1F, 0xE0, 0x00, 0x0B, 0xFE, 0x00, 0x00, 0xBF,
    0xE0, 0x00, 0x0F, 0xF8, 0x00, 0x02, 0xFC, 0x20, 0x00, 0xBC, 0x38, 0x00, 0x7C, 0x38, 0x00, 0xF8,
    0x3E, 0x03, 0xF0, 0x2F, 0xFF, 0x80, 0x00, 0x00, 0x00, 0x28, 0x03, 0x00, 0x0F, 0x0F, 0x00, 0x0B,
    0xFC, 0x00, 0x02, 0xF0, 0x00, 0x00, 0x00, 0x00, 0x01, 0xA4, 0x00, 0x0F, 0xFF, 0x00, 0x3D, 0x0B,
    0x00, 0x3C, 0x03, 0x00, 0x3F, 0x00, 0x00, 0x2F, 0xE0, 0x00, 0x03, 0xFE, 0x00, 0x00, 0x7F, 0x00,
    0x20, 0x0F, 0x40, 0x30, 0x0F, 0x00, 0x38, 0x1F, 0x00, 0x3F, 0xF8, 0x00, 0x00, 0x00, 0x00, 0xAA,
    0xAA, 0xAA, 0x80, 0xBA, 0xBF, 0xAB, 0xE0, 0xB0, 0x0F, 0x00, 0xE0, 0xB0, 0x0F, 0x00, 0xE0, 0x00,
    0x0F, 0x00, 0x00, 0x00, 0x0F, 0x00, 0x00, 0x00, 0x0F, 0x00, 0x00, 0x00, 0x0F, 0x00, 0x00, 0x00,
    0x0F, 0x00, 0x00, 0x00, 0x0F, 0x00, 0x00, 0x00, 0x0F, 0x00, 0x00, 0x00, 0x0F, 0x00, 0x00, 0x00,
    0x0F, 0x00, 0x00, 0x00, 0x0F, 0x00, 0x00, 0x00, 0x2F, 0x80, 0x00, 0x00, 0xFF, 0xF0, 0x00, 0x00,
    0x0A, 0x00, 0x00, 0x00, 0x0B, 0x80, 0x00, 0x00, 0x02, 0xE0, 0x00, 0x00, 0x00, 0xE0, 0x00, 0x00,
    0x3F, 0x80, 0x00, 0x00, 0x00, 0x00, 0x00, 0x00, 0x00, 0x03, 0x00, 0x0B, 0x00, 0x0F, 0x80, 0xBF,
    0xFE, 0x0F, 0x00, 0x0F, 0x00, 0x0F, 0x00, 0x0F, 0x00, 0x0F, 0x00, 0x0F, 0x00, 0x0F, 0x00, 0x0F,
    0x80, 0x0F, 0xD1, 0x07, 0xFE, 0x02, 0xC0, 0x01, 0xE0, 0x00, 0xBC, 0x00, 0x3C, 0x0B, 0xF0, 0x00,
    0x00, 0x00, 0x00, 0x00, 0x00, 0x02, 0xD0, 0xB0, 0x00, 0x00, 0xFA, 0xE0, 0x00, 0x00, 0x3F, 0xC0,
    0x00, 0x00, 0x0F, 0x00, 0x00, 0x00, 0x00, 0x00, 0x00, 0xAA, 0xAA, 0xAA, 0x80, 0xBA, 0xBF, 0xAB,
    0xE0, 0xB0, 0x0F, 0x00, 0xE0, 0xB0, 0x0F, 0x00, 0xE0, 0x00, 0x0F, 0x00, 0x00, 0x00, 0x0F, 0x00,
    0x00, 0x00, 0x0F, 0x00, 0x00, 0x00, 0x0F, 0x00, 0x00, 0x00, 0x0F, 0x00, 0x00, 0x00, 0x0F, 0x00,
    0x00, 0x00, 0x0F, 0x00, 0x00, 0x00, 0x0F, 0x00, 0x00, 0x00, 0x0F, 0x00, 0x00, 0x00, 0x0F, 0x00,
    0x00, 0x00, 0x2F, 0x80, 0x00, 0x00, 0xFF, 0xF0, 0x00, 0x00, 0x00, 0x00, 0x2E, 0x00, 0x2C, 0x00,
    0x2C, 0x03, 0x3C, 0x0B, 0x38, 0x0F, 0x80, 0xBF, 0xFE, 0x0F, 0x00, 0x0F, 0x00, 0x0F, 0x00, 0x0F,
    0x00, 0x0F, 0x00, 0x0F, 0x00, 0x0F, 0x00, 0x0F, 0x80, 0x0F, 0xD1, 0x07, 0xFE, 0x00, 0x00, 0x00,
    0x2A, 0xAA, 0x00, 0x00, 0xBF, 0xFF, 0x00, 0x00, 0x00, 0x00, 0x00, 0x00, 0x00, 0x00, 0x00, 0x2A,
    0xA4, 0x02, 0xAA, 0x2F, 0xE0, 0x02, 0xFA, 0x0B, 0xC0, 0x00, 0xB0, 0x0B, 0xC0, 0x00, 0xB0, 0x0B,
    0xC0, 0x00, 0xB0, 0x0B, 0xC0, 0x00, 0xB0, 0x0B, 0xC0, 0x00, 0xB0, 0x0B, 0xC0, 0x00, 0xB0, 0x0B,
    0xC0, 0x00, 0xB0, 0x0B, 0xC0, 0x00, 0xB0, 0x0B, 0xC0, 0x00, 0xB0, 0x0B, 0xC0, 0x00, 0xB0, 0x07,
    0xC0, 0x00, 0xF0, 0x03, 0xE0, 0x02, 0xE0, 0x02, 0xFE, 0xAF, 0xC0, 0x00, 0x7F, 0xFE, 0x00, 0x00,
    0x00, 0x00, 0x00, 0x00, 0x00, 0x00, 0x00, 0x07, 0xFF, 0xF8, 0x00, 0x02, 0xAA, 0xA0, 0x00, 0x00,
    0x00, 0x00, 0x00, 0x02, 0x00, 0x18, 0x00, 0xBF, 0x02, 0xFC, 0x00, 0x0F, 0x00, 0x7C, 0x00, 0x0F,
    0x00, 0x3C, 0x00, 0x0F, 0x00, 0x3C, 0x00, 0x0F, 0x00, 0x3C, 0x00, 0x0F, 0x00, 0x3C, 0x00, 0x0F,
    0x00, 0x3C, 0x00, 0x0F, 0x00, 0x3C, 0x00, 0x0F, 0x80, 0x3C, 0x00, 0x0B, 0xEA, 0xFD, 0x00, 0x03,
    0xFE, 0x3F, 0x80, 0x00, 0x00, 0x00, 0x00, 0x00, 0x02, 0xE0, 0x00, 0x00, 0x0F, 0xBC, 0x00, 0x00,
    0x0C, 0x0C, 0x00, 0x00, 0x0C, 0x0C, 0x00, 0x00, 0x0F, 0xBC, 0x00, 0x00, 0x02, 0xA0, 0x00, 0x00,
    0x00, 0x00, 0x00, 0x2A, 0xA4, 0x02, 0xAA, 0x2F, 0xE0, 0x02, 0xFA, 0x0B, 0xC0, 0x00, 0xB0, 0x0B,
    0xC0, 0x00, 0xB0, 0x0B, 0xC0, 0x00, 0xB0, 0x0B, 0xC0, 0x00, 0xB0, 0x0B, 0xC0, 0x00, 0xB0, 0x0B,
    0xC0, 0x00, 0xB0, 0x0B, 0xC0, 0x00, 0xB0, 0x0B, 0xC0, 0x00, 0xB0, 0x0B, 0xC0, 0x00, 0xB0, 0x0B,
    0xC0, 0x00, 0xB0, 0x07, 0xC0, 0x00, 0xF0, 0x03, 0xE0, 0x02, 0xE0, 0x02, 0xFE, 0xAF, 0xC0, 0x00,
    0x7F, 0xFE, 0x00, 0x00, 0x00, 0x00, 0x00, 0x00, 0x00, 0x00, 0x00, 0x00, 0xBF, 0x80, 0x00, 0x00,
    0xE2, 0xC0, 0x00, 0x00, 0xC0, 0xC0, 0x00, 0x00, 0xE2, 0xC0, 0x00, 0x00, 0x3F, 0x40, 0x00, 0x00,
    0x00, 0x00, 0x00, 0x02, 0x00, 0x18, 0x00, 0xBF, 0x02, 0xFC, 0x00, 0x0F, 0x00, 0x7C, 0x00, 0x0F,
    0x00, 0x3C, 0x00, 0x0F, 0x00, 0x3C, 0x00, 0x0F, 0x00, 0x3C, 0x00, 0x0F, 0x00, 0x3C, 0x00, 0x0F,
    0x00, 0x3C, 0x00, 0x0F, 0x00, 0x3C, 0x00, 0x0F, 0x80, 0x3C, 0x00, 0x0B, 0xEA, 0xFD, 0x00, 0x03,
    0xFE, 0x3F, 0x80, 0x00, 0x00, 0x00, 0x00, 0x00, 0x00, 0x80, 0x60, 0x00, 0x03, 0xE2, 0xF0, 0x00,
    0x0F, 0xC7, 0xE0, 0x00, 0x2E, 0x0F, 0x40, 0x00, 0x70, 0x28, 0x00, 0x00, 0x00, 0x00, 0x00, 0x2A,
    0xA4, 0x02, 0xAA, 0x2F, 0xE0, 0x02, 0xFA, 0x0B, 0xC0, 0x00, 0xB0, 0x0B, 0xC0, 0x00, 0xB0, 0x0B,
    0xC0, 0x00, 0xB0, 0x0B, 0xC0, 0x00, 0xB0, 0x0B, 0xC0, 0x00, 0xB0, 0x0B, 0xC0, 0x00, 0xB0, 0x0B,
    0xC0, 0x00, 0xB0, 0x0B, 0xC0, 0x00, 0xB0, 0x0B, 0xC0, 0x00, 0xB0, 0x0B, 0xC0, 0x00, 0xB0, 0x07,
    0xC0, 0x00, 0xF0, 0x03, 0xE0, 0x02, 0xE0, 0x02, 0xFE, 0xAF, 0xC0, 0x00, 0x7F, 0xFE, 0x00, 0x00,
    0x00, 0x00, 0x00, 0x00, 0x00, 0x00, 0x00, 0x00, 0x2E, 0x0F, 0x00, 0x00, 0x3E, 0x3F, 0x00, 0x00,
    0xF8, 0xBC, 0x00, 0x03, 0xC2, 0xE0, 0x00, 0x00, 0x00, 0x00, 0x00, 0x02, 0x00, 0x18, 0x00, 0xBF,
    0x02, 0xFC, 0x00, 0x0F, 0x00, 0x7C, 0x00, 0x0F, 0x00, 0x3C, 0x00, 0x0F, 0x00, 0x3C, 0x00, 0x0F,
    0x00, 0x3C, 0x00, 0x0F, 0x00, 0x3C, 0x00, 0x0F, 0x00, 0x3C, 0x00, 0x0F, 0x00, 0x3C, 0x00, 0x0F,
    0x80, 0x3C, 0x00, 0x0B, 0xEA, 0xFD, 0x00, 0x03, 0xFE, 0x3F, 0x80, 0x00, 0x00, 0x00, 0x00, 0x2A,
    0xA4, 0x02, 0xAA, 0x2F, 0xE0, 0x02, 0xFA, 0x0B, 0xC0, 0x00, 0xB0, 0x0B, 0xC0, 0x00, 0xB0, 0x0B,
    0xC0, 0x00, 0xB0, 0x0B, 0xC0, 0x00, 0xB0, 0x0B, 0xC0, 0x00, 0xB0, 0x0B, 0xC0, 0x00, 0xB0, 0x0B,
    0xC0, 0x00, 0xB0, 0x0B, 0xC0, 0x00, 0xB0, 0x0B, 0xC0, 0x00, 0xB0, 0x0B, 0xC0, 0x00, 0xB0, 0x07,
    0xC0, 0x00, 0xF0, 0x03, 0xE0, 0x02, 0xE0, 0x02, 0xFE, 0xAF, 0xC0, 0x00, 0x7F, 0xFE, 0x00, 0x00,
    0x02, 0xC0, 0x00, 0x00, 0x03, 0x80, 0x00, 0x00, 0x03, 0x80, 0x00, 0x00, 0x03, 0xFC, 0x00, 0x00,
    0x00, 0x00, 0x00, 0x02, 0x00, 0x18, 0x00, 0xBF, 0x02, 0xFC, 0x00, 0x0F, 0x00, 0x3C, 0x00, 0x0F,
    0x00, 0x3C, 0x00, 0x0F, 0x00, 0x3C, 0x00, 0x0F, 0x00, 0x3C, 0x00, 0x0F, 0x00, 0x3C, 0x00, 0x0F,
    0x00, 0x3C, 0x00, 0x0F, 0x40, 0x3C, 0x00, 0x0F, 0x80, 0x3C, 0x00, 0x0B, 0xEA, 0xFD, 0x00, 0x03,
    0xFE, 0x3F, 0x80, 0x00, 0x00, 0xE0, 0x00, 0x00, 0x02, 0xC0, 0x00, 0x00, 0x02, 0xC0, 0x00, 0x00,
    0x01, 0xFE, 0x00, 0x00, 0x00, 0x00, 0x00, 0x00, 0x90, 0x20, 0x00, 0x01, 0xF0, 0xBC, 0x00, 0x00,
    0xE0, 0x38, 0x00, 0x00, 0x00, 0x00, 0x00, 0x00, 0x00, 0x00, 0x00, 0xAA, 0xA0, 0x0A, 0xA0, 0xBF,
    0xD0, 0x0B, 0xE0, 0x0F, 0x80, 0x03, 0x80, 0x0B, 0xC0, 0x0F, 0x00, 0x03, 0xE0, 0x2C, 0x00, 0x02,
    0xF0, 0x38, 0x00, 0x00, 0xFC, 0xB0, 0x00, 0x00, 0x3E, 0xE0, 0x00, 0x00, 0x3F, 0xC0, 0x00, 0x00,
    0x0F, 0x40, 0x00, 0x00, 0x0F, 0x00, 0x00, 0x00, 0x0F, 0x00, 0x00, 0x00, 0x0F, 0x00, 0x00, 0x00,
    0x0F, 0x00, 0x00, 0x00, 0x2F, 0x80, 0x00, 0x00, 0xFF, 0xF0, 0x00, 0x00, 0x00, 0x60, 0x00, 0x00,
    0x02, 0xF0, 0x00, 0x00, 0x0B, 0xE0, 0x00, 0x00, 0x0F, 0x00, 0x00, 0x00, 0x28, 0x00, 0x00, 0x00,
    0x00, 0x00, 0x00, 0x1A, 0xAA, 0xAA, 0x00, 0x2F, 0xAA, 0xBF, 0x00, 0x2C, 0x00, 0x3E, 0x00, 0x2C,
    0x00, 0xFC, 0x00, 0x00, 0x02, 0xF4, 0x00, 0x00, 0x03, 0xE0, 0x00, 0x00, 0x0F, 0xC0, 0x00, 0x00,
    0x2F, 0x80, 0x00, 0x00, 0x3F, 0x00, 0x00, 0x00, 0xFC, 0x00, 0x00, 0x01, 0xF8, 0x00, 0x00, 0x03,
    0xF0, 0x02, 0x00, 0x0B, 0xC0, 0x03, 0x40, 0x0F, 0x80, 0x07, 0x40, 0x3F, 0x80, 0x0B, 0x40, 0x3F,
    0xFF, 0xFF, 0x40, 0x00, 0x00, 0x00, 0x00, 0x0B, 0x80, 0x00, 0x2F, 0x80, 0x00, 0x3E, 0x00, 0x00,
    0xF0, 0x00, 0x00, 0x00, 0x00, 0x00, 0x00, 0x00, 0x3F, 0xFF, 0xE0, 0x38, 0x0B, 0xC0, 0x30, 0x1F,
    0x40, 0x00, 0x3E, 0x00, 0x00, 0xFC, 0x00, 0x02, 0xF0, 0x00, 0x03, 0xE0, 0x00, 0x0F, 0xC0, 0x20,
    0x2F, 0x00, 0xB0, 0x3F, 0x00, 0xF0, 0x3F, 0xFF, 0xF0, 0x00, 0x0A, 0x00, 0x00, 0x00, 0x2F, 0x00,
    0x00, 0x00, 0x0F, 0x00, 0x00, 0x00, 0x00, 0x00, 0x00, 0x00, 0x00, 0x00, 0x00, 0x1A, 0xAA, 0xAA,
    0x00, 0x2F, 0xAA, 0xBF, 0x00, 0x2C, 0x00, 0x3E, 0x00, 0x2C, 0x00, 0xFC, 0x00, 0x00, 0x02, 0xF4,
    0x00, 0x00, 0x03, 0xE0, 0x00, 0x00, 0x0F, 0xC0, 0x00, 0x00, 0x2F, 0x80, 0x00, 0x00, 0x3F, 0x00,
    0x00, 0x00, 0xFC, 0x00, 0x00, 0x01, 0xF8, 0x00, 0x00, 0x03, 0xF0, 0x02, 0x00, 0x0B, 0xC0, 0x03,
    0x40, 0x0F, 0x80, 0x07, 0x40, 0x3F, 0x80, 0x0B, 0x40, 0x3F, 0xFF, 0xFF, 0x40, 0x00, 0x00, 0x00,
    0x00, 0xB8, 0x00, 0x00, 0xF8, 0x00, 0x00, 0x10, 0x00, 0x00, 0x00, 0x00, 0x00, 0x00, 0x00, 0x3F,
    0xFF, 0xE0, 0x38, 0x0B, 0xC0, 0x30, 0x1F, 0x40, 0x00, 0x3E, 0x00, 0x00, 0xFC, 0x00, 0x02, 0xF0,
    0x00, 0x03, 0xE0, 0x00, 0x0F, 0xC0, 0x20, 0x2F, 0x00, 0xB0, 0x3F, 0x00, 0xF0, 0x3F, 0xFF, 0xF0,
    0x00, 0x00, 0x00, 0x00, 0x02, 0xD0, 0xB0, 0x00, 0x00, 0xFA, 0xE0, 0x00, 0x00, 0x3F, 0x80, 0x00,
    0x00, 0x0E, 0x00, 0x00, 0x00, 0x00, 0x00, 0x00, 0x1A, 0xAA, 0xAA, 0x00, 0x2F, 0xAA, 0xBF, 0x00,
    0x2C, 0x00, 0x3E, 0x00, 0x2C, 0x00, 0xFC, 0x00, 0x00, 0x02, 0xF4, 0x00, 0x00, 0x03, 0xE0, 0x00,
    0x00, 0x0F, 0xC0, 0x00, 0x00, 0x2F, 0x80, 0x00, 0x00, 0x3F, 0x00, 0x00, 0x00, 0xFC, 0x00, 0x00,
    0x01, 0xF8, 0x00, 0x00, 0x03, 0xF0, 0x02, 0x00, 0x0B, 0xC0, 0x03, 0x40, 0x0F, 0x80, 0x07, 0x40,
    0x3F, 0x80, 0x0B, 0x40, 0x3F, 0xFF, 0xFF, 0x40, 0x0D, 0x02, 0xC0, 0x0B, 0x8B, 0x80, 0x03, 0xFE,
    0x00, 0x00, 0xFC, 0x00, 0x00, 0x00, 0x00, 0x00, 0x00, 0x00, 0x3F, 0xFF, 0xE0, 0x38, 0x0B, 0xC0,
    0x30, 0x1F, 0x40, 0x00, 0x3E, 0x00, 0x00, 0xFC, 0x00, 0x02, 0xF0, 0x00, 0x03, 0xE0, 0x00, 0x0F,
    0xC0, 0x20, 0x2F, 0x00, 0xB0, 0x3F, 0x00, 0xF0, 0x3F, 0xFF, 0xF0, 0x00, 0x00, 0x78, 0x00, 0xBE,
    0x00, 0x2F, 0x80, 0x02, 0xC0, 0x00, 0x00, 0x00, 0x00, 0x00, 0xF0, 0x03, 0xF0, 0x0F, 0xC0, 0x3D,
    0x00, 0x00, 0x00, 0x01, 0xE0, 0x00, 0x03, 0xF8, 0x00, 0x0F, 0x7D, 0x00, 0x2C, 0x0B, 0x00, 0x00,
    0x00, 0x00, 0x00, 0x00, 0x00, 0x0F, 0xD2, 0x80, 0x3A, 0xFF, 0x00, 0x20, 0x04, 0x00, 0x00, 0x00,
    0x00, 0x3F, 0xFF, 0x80, 0x2A, 0xAA, 0x00, 0x00, 0x00, 0xA0, 0x0C, 0x3E, 0xBC, 0x2F, 0xF0, 0x00,
    0x00, 0x00, 0x7C, 0xBC, 0x10, 0x00, 0x00, 0xB8, 0x3C, 0xF8, 0x3C, 0x10, 0x00, 0x00, 0x00, 0x0F,
    0xE0, 0x38, 0x30, 0x30, 0x38, 0x38, 0x30, 0x0F, 0xE0, 0x00, 0x00, 0x00, 0x00, 0x00, 0x00, 0xF0,
    0xB4, 0x03, 0xF2, 0xF8, 0x0F, 0x8B, 0xD0, 0x3D, 0x0E, 0x00, 0x00, 0x00, 0x00, 0x28, 0x03, 0x00,
    0x0F, 0x0E, 0x00, 0x0B, 0xFC, 0x00, 0x03, 0xF0, 0x00, 0x00, 0x00, 0x00, 0x28, 0xBC, 0x1C, 0x2C,
    0xA0, 0x00, 0x08, 0x00, 0x0C, 0x00, 0x0F, 0x80, 0x02, 0xD0, 0x02, 0xD0, 0x3F, 0x80, 0x00, 0x00,
    0x00, 0x00, 0x28, 0x00, 0x30, 0x00, 0xB4, 0x00, 0x3F, 0x80, 0x00, 0x00, 0x00, 0x80, 0x00, 0x00,
    0x02, 0xF0, 0x00, 0x00, 0x00, 0xFC, 0x00, 0x00, 0x00, 0x2F, 0x00, 0x00, 0x00, 0x02, 0x80, 0x00,
    0x00, 0x00, 0x00, 0x00, 0x2A, 0xAA, 0xAA, 0x00, 0x2F, 0xEA, 0xAF, 0x00, 0x0B, 0xC0, 0x0F, 0x00,
    0x0B, 0xC0, 0x0B, 0x00, 0x0B, 0xC0, 0x00, 0x00, 0x0B, 0xC0, 0x30, 0x00, 0x0B, 0xC0, 0x70, 0x00,
    0x0B, 0xFF, 0xF0, 0x00, 0x0B, 0xEA, 0xF0, 0x00, 0x0B, 0xC0, 0x30, 0x00, 0x0B, 0xC0, 0x20, 0x00,
    0x0B, 0xC0, 0x00, 0x00, 0x0B, 0xC0, 0x02, 0x80, 0x0B, 0xC0, 0x03, 0x80, 0x0F, 0xC0, 0x0B, 0x80,
    0x3F, 0xFF, 0xFF, 0x80, 0x00, 0x80, 0xA0, 0x00, 0x03, 0xE0, 0xF0, 0x00, 0x02, 0xC0, 0xF0, 0x00,
    0x00, 0x00, 0x00, 0x00, 0x00, 0x00, 0x00, 0x00, 0x2A, 0xAA, 0xAA, 0x00, 0x2F, 0xEA, 0xAF, 0x00,
    0x0B, 0xC0, 0x0F, 0x00, 0x0B, 0xC0, 0x0B, 0x00, 0x0B, 0xC0, 0x00, 0x00, 0x0B, 0xC0, 0x30, 0x00,
    0x0B, 0xC0, 0x70, 0x00, 0x0B, 0xFF, 0xF0, 0x00, 0x0B, 0xEA, 0xF0, 0x00, 0x0B, 0xC0, 0x30, 0x00,
    0x0B, 0xC0, 0x20, 0x00, 0x0B, 0xC0, 0x00, 0x00, 0x0B, 0xC0, 0x02, 0x80, 0x0B, 0xC0, 0x03, 0x80,
    0x0F, 0xC0, 0x0B, 0x80, 0x3F, 0xFF, 0xFF, 0x80, 0xAA, 0xAA, 0xA8, 0x00, 0xBA, 0xFE, 0xBC, 0x00,
    0xB0, 0xBC, 0x2C, 0x00, 0xB0, 0xBC, 0x0C, 0x00, 0x00, 0xBC, 0x00, 0x00, 0x00, 0xBC, 0x1A, 0x00,
    0x00, 0xBE, 0xFF, 0xE0, 0x00, 0xBF, 0xAB, 0xF8, 0x00, 0xBC, 0x00, 0xBC, 0x00, 0xBC, 0x00, 0x3E,
    0x00, 0xBC, 0x00, 0x3E, 0x00, 0xBC, 0x00, 0x3E, 0x00, 0xBC, 0x00, 0x3E, 0x00, 0xBC, 0x00, 0x3C,
    0x00, 0xBC, 0x00, 0xF8, 0x03, 0xFF, 0x8B, 0xE0, 0x00, 0x00, 0x00, 0x00, 0x00, 0x00, 0x80, 0x00,
    0x03, 0xE0, 0x00, 0x0F, 0xC0, 0x00, 0x3E, 0x00, 0x00, 0xA0, 0x00, 0x00, 0x00, 0x00, 0x2A, 0xAA,
    0xAA, 0x2F, 0xEA, 0xAE, 0x0B, 0xC0, 0x0E, 0x0B, 0xC0, 0x0E, 0x0B, 0xC0, 0x0A, 0x0B, 0xC0, 0x00,
    0x0B, 0xC0, 0x00, 0x0B, 0xC0, 0x00, 0x0B, 0xC0, 0x00, 0x0B, 0xC0, 0x00, 0x0B, 0xC0, 0x00, 0x0B,
    0xC0, 0x00, 0x0B, 0xC0, 0x00, 0x0B, 0xC0, 0x00, 0x0F, 0xC0, 0x00, 0xBF, 0xF8, 0x00, 0x00, 0x00,
    0x00, 0x00, 0x00, 0x0B, 0xFE, 0x80, 0x00, 0xFE, 0x6B, 0xE0, 0x03, 0xE0, 0x00, 0xE0, 0x0F, 0x80,
    0x00, 0xE0, 0x2F, 0x00, 0x00, 0x80, 0x3E, 0x00, 0x00, 0x00, 0x3E, 0x00, 0x00, 0x00, 0x3F, 0xAA,
    0xA0, 0x00, 0x3F, 0xAA, 0xA0, 0x00, 0x3E, 0x00, 0x00, 0x00, 0x3E, 0x00, 0x00, 0x00, 0x2F, 0x00,
    0x00, 0x00, 0x0F, 0x80, 0x00, 0xE0, 0x03, 0xE0, 0x00, 0xE0, 0x01, 0xF8, 0x02, 0xE0, 0x00, 0x2F,
    0xFF, 0xC0, 0x00, 0x00, 0x00, 0x00, 0x00, 0x00, 0x00, 0x00, 0xBF, 0xE0, 0x0B, 0xEA, 0xF8, 0x1F,
    0x00, 0x38, 0x2F, 0x00, 0x38, 0x3F, 0x00, 0x20, 0x2F, 0x40, 0x00, 0x0F, 0xE0, 0x00, 0x0B, 0xFE,
    0x00, 0x00, 0xBF, 0xE0, 0x00, 0x0B, 0xF8, 0x00, 0x01, 0xFC, 0x24, 0x00, 0xBC, 0x38, 0x00, 0x7C,
    0x38, 0x00, 0xBC, 0x3E, 0x02, 0xF0, 0x2F, 0xFF, 0x80, 0x00, 0x00, 0x00, 0x2A, 0xA8, 0x2F, 0xE8,
    0x0B, 0xC0, 0x0B, 0xC0, 0x0B, 0xC0, 0x0B, 0xC0, 0x0B, 0xC0, 0x0B, 0xC0, 0x0B, 0xC0, 0x0B, 0xC0,
    0x0B, 0xC0, 0x0B, 0xC0, 0x0B, 0xC0, 0x0B, 0xC0, 0x0B, 0xD0, 0x3F, 0xFC, 0x20, 0x18, 0xF8, 0x3D,
    0xB0, 0x2C, 0x00, 0x00, 0x00, 0x00, 0x2A, 0xA8, 0x2F, 0xE8, 0x0B, 0xC0, 0x0B, 0xC0, 0x0B, 0xC0,
    0x0B, 0xC0, 0x0B, 0xC0, 0x0B, 0xC0, 0x0B, 0xC0, 0x0B, 0xC0, 0x0B, 0xC0, 0x0B, 0xC0, 0x0B, 0xC0,
    0x0B, 0xC0, 0x0B, 0xD0, 0x3F, 0xFC, 0x00, 0x2A, 0xA4, 0x00, 0x2F, 0xE0, 0x00, 0x0B, 0xC0, 0x00,
    0x0B, 0xC0, 0x00, 0x0B, 0xC0, 0x00, 0x0B, 0xC0, 0x00, 0x0B, 0xC0, 0x00, 0x0B, 0xC0, 0x00, 0x0B,
    0xC0, 0x00, 0x0B, 0xC0, 0x00, 0x0B, 0xC0, 0x20, 0x0F, 0x80, 0xB0, 0x0F, 0x80, 0xB4, 0x0F, 0x00,
    0xB8, 0x3E, 0x00, 0x7F, 0xF8, 0x00, 0x00, 0x00, 0x00, 0x00, 0xAA, 0xAA, 0xA8, 0x00, 0x00, 0x00,
    0xBE, 0xAB, 0xF8, 0x00, 0x00, 0x00, 0x0C, 0x03, 0xE0, 0x00, 0x00, 0x00, 0x0C, 0x03, 0xE0, 0x00,
    0x00, 0x00, 0x1C, 0x03, 0xE0, 0x00, 0x00, 0x00, 0x1C, 0x03, 0xE0, 0x00, 0x00, 0x00, 0x2C, 0x03,
    0xFF, 0xA0, 0x00, 0x00, 0x2C, 0x03, 0xFA, 0xFC, 0x00, 0x00, 0x2C, 0x03, 0xE0, 0x2F, 0x00, 0x00,
    0x3C, 0x03, 0xE0, 0x0F, 0x80, 0x00, 0x38, 0x03, 0xE0, 0x0F, 0xC0, 0x00, 0x38, 0x03, 0xE0, 0x0F,
    0xC0, 0x00, 0x70, 0x03, 0xE0, 0x0F, 0xC0, 0x10, 0xF0, 0x03, 0xE0, 0x2F, 0x40, 0xFF, 0xC0, 0x03,
    0xE2, 0xBE, 0x00, 0xFF, 0x40, 0x3F, 0xFF, 0xA0, 0x00, 0x00, 0x00, 0x00, 0x00, 0x00, 0x00, 0x2A,
    0xA4, 0x2A, 0xA8, 0x00, 0x00, 0x2F, 0xE0, 0x2F, 0xE8, 0x00, 0x00, 0x0B, 0xC0, 0x07, 0xC0, 0x00,
    0x00, 0x0B, 0xC0, 0x07, 0xC0, 0x00, 0x00, 0x0B, 0xC0, 0x07, 0xC0, 0x00, 0x00, 0x0B, 0xC0, 0x07,
    0xC0, 0x00, 0x00, 0x0B, 0xC0, 0x0B, 0xEA, 0x80, 0x00, 0x0B, 0xFF, 0xFF, 0xEB, 0xF8, 0x00, 0x0B,
    0xC0, 0x0B, 0xC0, 0x3F, 0x00, 0x0B, 0xC0, 0x07, 0xC0, 0x2F, 0x00, 0x0B, 0xC0, 0x07, 0xC0, 0x0F,
    0x80, 0x0B, 0xC0, 0x07, 0xC0, 0x0F, 0x80, 0x0B, 0xC0, 0x07, 0xC0, 0x1F, 0x00, 0x0B, 0xC0, 0x07,
    0xC0, 0x3F, 0x00, 0x0F, 0xC0, 0x0B, 0xD6, 0xFC, 0x00, 0x3F, 0xF8, 0x3F, 0xFF, 0xA0, 0x00, 0xAA,
    0xAA, 0xA9, 0x00, 0x00, 0xFA, 0xFE, 0xAE, 0x00, 0x00, 0xF0, 0x3C, 0x0E, 0x00, 0x00, 0xE0, 0x3C,
    0x0E, 0x00, 0x00, 0x00, 0x3C, 0x00, 0x00, 0x00, 0x00, 0x3C, 0x00, 0x00, 0x00, 0x00, 0x3C, 0x7F,
    0x80, 0x00, 0x00, 0x3F, 0xFF, 0xF0, 0x00, 0x00, 0x3F, 0x02, 0xF0, 0x00, 0x00, 0x3C, 0x00, 0xF4,
    0x00, 0x00, 0x3C, 0x00, 0xF4, 0x00, 0x00, 0x3C, 0x00, 0xF4, 0x00, 0x00, 0x3C, 0x00, 0xF4, 0x00,
    0x00, 0x3C, 0x00, 0xF4, 0x00, 0x00, 0xBE, 0x01, 0xF8, 0x00, 0x03, 0xFF, 0x8B, 0xFF, 0x00, 0x00,
    0x00, 0x20, 0x00, 0x00, 0x00, 0xBC, 0x00, 0x00, 0x02, 0xF8, 0x00, 0x00, 0x0B, 0xC0, 0x00, 0x00,
    0x0E, 0x00, 0x00, 0x00, 0x00, 0x00, 0x00, 0x2A, 0xA4, 0x03, 0xF0, 0x2F, 0xE0, 0x0F, 0xF8, 0x0B,
    0xC0, 0x2C, 0xB0, 0x0B, 0xC0, 0x38, 0x00, 0x0B, 0xC0, 0x30, 0x00, 0x0B, 0xC0, 0xF0, 0x00, 0x0B,
    0xC2, 0xC0, 0x00, 0x0B, 0xCB, 0x80, 0x00, 0x0B, 0xFF, 0x00, 0x00, 0x0B, 0xCB, 0xC0, 0x00, 0x0B,
    0xC2, 0xF0, 0x00, 0x0B, 0xC0, 0xF8, 0x00, 0x0B, 0xC0, 0x3E, 0x00, 0x0B, 0xC0, 0x2F, 0x00, 0x0F,
    0xC0, 0x0F, 0xC0, 0x3F, 0xF8, 0x03, 0xF8, 0x00, 0x18, 0x00, 0x00, 0x00, 0x3E, 0x00, 0x00, 0x00,
    0x2F, 0x80, 0x00, 0x00, 0x03, 0xC0, 0x00, 0x00, 0x00, 0xB0, 0x00, 0x00, 0x00, 0x00, 0x00, 0x2A,
    0xA4, 0x0A, 0xAA, 0x2F, 0xE0, 0x0B, 0xF9, 0x0B, 0xC0, 0x02, 0xF0, 0x0B, 0xC0, 0x03, 0xF0, 0x0B,
    0xC0, 0x0F, 0xF0, 0x0B, 0xC0, 0x3E, 0xF0, 0x0B, 0xC0, 0xB6, 0xF0, 0x0B, 0xC2, 0xE2, 0xF0, 0x0B,
    0xC3, 0x82, 0xF0, 0x0B, 0xCF, 0x02, 0xF0, 0x0B, 0xFC, 0x02, 0xF0, 0x0B, 0xF0, 0x02, 0xF0, 0x0B,
    0xE0, 0x02, 0xF0, 0x0B, 0xC0, 0x02, 0xF0, 0x0F, 0xC0, 0x02, 0xF4, 0x3F, 0xF8, 0x0F, 0xFE, 0x00,
    0x00, 0x00, 0x00, 0x00, 0x00, 0x0B, 0x03, 0x80, 0x00, 0x00, 0x0B, 0x03, 0xC0, 0x00, 0x00, 0x03,
    0x03, 0x40, 0x00, 0x00, 0x00, 0xB8, 0x00, 0x00, 0x00, 0x00, 0x00, 0x00, 0x00, 0x2A, 0xAA, 0x00,
    0xAA, 0x80, 0x2B, 0xF9, 0x00, 0xBE, 0x80, 0x02, 0xF0, 0x00, 0x3C, 0x00, 0x00, 0xFC, 0x00, 0xB4,
    0x00, 0x00, 0xBC, 0x00, 0xF0, 0x00, 0x00, 0x3F, 0x02, 0xD0, 0x00, 0x00, 0x2F, 0x03, 0xC0, 0x00,
    0x00, 0x0F, 0xC7, 0x40, 0x00, 0x00, 0x0B, 0xDF, 0x00, 0x00, 0x00, 0x03, 0xFE, 0x00, 0x00, 0x00,
    0x02, 0xFC, 0x00, 0x00, 0x00, 0x00, 0xF8, 0x00, 0x00, 0x00, 0x00, 0xF0, 0x00, 0x00, 0x00, 0xA2,
    0xE0, 0x00, 0x00, 0x02, 0xFF, 0x80, 0x00, 0x00, 0x00, 0xFF, 0x00, 0x00, 0x00, 0x00, 0x00, 0x00,
    0x00, 0x00, 0x2A, 0xA4, 0x0A, 0xAA, 0x00, 0x2F, 0xE0, 0x0A, 0xFE, 0x00, 0x0B, 0xC0, 0x00, 0xF0,
    0x00, 0x0B, 0xC0, 0x00, 0xF0, 0x00, 0x0B, 0xC0, 0x00, 0xF0, 0x00, 0x0B, 0xC0, 0x00, 0xF0, 0x00,
    0x0B, 0xC0, 0x00, 0xF0, 0x00, 0x0B, 0xC0, 0x00, 0xF0, 0x00, 0x0B, 0xC0, 0x00, 0xF0, 0x00, 0x0B,
    0xC0, 0x00, 0xF0, 0x00, 0x0B, 0xC0, 0x00, 0xF0, 0x00, 0x0B, 0xC0, 0x00, 0xF0, 0x00, 0x0B, 0xC0,
    0x00, 0xF0, 0x00, 0x0B, 0xC0, 0x00, 0xF0, 0x00, 0x0F, 0xD0, 0x02, 0xF8, 0x00, 0x3F, 0xFF, 0xFF,
    0xFF, 0x00, 0x00, 0x0B, 0xF4, 0x00, 0x00, 0x00, 0x03, 0xE0, 0x00, 0x00, 0x00, 0x03, 0xE0, 0x00,
    0x00, 0x00, 0x02, 0xC0, 0x00, 0x00, 0x00, 0x01, 0x80, 0x00, 0x00, 0x00, 0x00, 0x00, 0x00, 0x00,
    0x00, 0x02, 0xF0, 0x00, 0x00, 0x00, 0x03, 0xF0, 0x00, 0x00, 0x00, 0x03, 0xF8, 0x00, 0x00, 0x00,
    0x0B, 0xFC, 0x00, 0x00, 0x00, 0x0F, 0x3C, 0x00, 0x00, 0x00, 0x0D, 0x3E, 0x00, 0x00, 0x00, 0x2C,
    0x2F, 0x00, 0x00, 0x00, 0x38, 0x0F, 0x80, 0x00, 0x00, 0x70, 0x0F, 0xC0, 0x00, 0x00, 0xFF, 0xFF,
    0xC0, 0x00, 0x00, 0xE0, 0x03, 0xE0, 0x00, 0x02, 0xC0, 0x02, 0xF0, 0x00, 0x03, 0xC0, 0x00, 0xF0,
    0x00, 0x03, 0x80, 0x00, 0xF8, 0x00, 0x0B, 0x80, 0x00, 0xFD, 0x00, 0x3F, 0xF0, 0x03, 0xFF, 0x80,
    0x2A, 0xAA, 0xA8, 0x00, 0x2F, 0xEA, 0xBC, 0x00, 0x0B, 0xC0, 0x2C, 0x00, 0x0B, 0xC0, 0x0C, 0x00,
    0x0B, 0xC0, 0x00, 0x00, 0x0B, 0xC0, 0x00, 0x00, 0x0B, 0xFE, 0x80, 0x00, 0x0B, 0xEA, 0xF8, 0x00,
    0x0B, 0xC0, 0x3F, 0x00, 0x0B, 0xC0, 0x0F, 0x00, 0x0B, 0xC0, 0x0F, 0x80, 0x0B, 0xC0, 0x0F, 0x80,
    0x0B, 0xC0, 0x0F, 0x40, 0x0B, 0xC0, 0x2F, 0x00, 0x0F, 0xC2, 0xFD, 0x00, 0xBF, 0xFF, 0xA0, 0x00,
    0x2A, 0xAA, 0x80, 0x00, 0x2F, 0xEB, 0xFC, 0x00, 0x0B, 0xC0, 0x3F, 0x00, 0x0B, 0xC0, 0x2F, 0x00,
    0x0B, 0xC0, 0x2F, 0x00, 0x0B, 0xC0, 0x3F, 0x00, 0x0B, 0xC0, 0xBC, 0x00, 0x0B, 0xEF, 0xF0, 0x00,
    0x0B, 0xEA, 0xFE, 0x00, 0x0B, 0xC0, 0x1F, 0x80, 0x0B, 0xC0, 0x0F, 0xC0, 0x0B, 0xC0, 0x0B, 0xC0,
    0x0B, 0xC0, 0x0B, 0xC0, 0x0B, 0xC0, 0x0F, 0x80, 0x0F, 0xC2, 0xBE, 0x00, 0x3F, 0xFF, 0xE0, 0x00,
    0x2A, 0xAA, 0xAA, 0x2F, 0xEA, 0xAE, 0x0B, 0xC0, 0x0E, 0x0B, 0xC0, 0x0E, 0x0B, 0xC0, 0x0A, 0x0B,
    0xC0, 0x00, 0x0B, 0xC0, 0x00, 0x0B, 0xC0, 0x00, 0x0B, 0xC0, 0x00, 0x0B, 0xC0, 0x00, 0x0B, 0xC0,
    0x00, 0x0B, 0xC0, 0x00, 0x0B, 0xC0, 0x00, 0x0B, 0xC0, 0x00, 0x0F, 0xC0, 0x00, 0xBF, 0xF8, 0x00,
    0x00, 0x2A, 0xAA, 0xAA, 0x80, 0x00, 0x2F, 0xAA, 0xFE, 0x40, 0x00, 0x0B, 0x00, 0xBC, 0x00, 0x00,
    0x0B, 0x00, 0xBC, 0x00, 0x00, 0x0B, 0x00, 0xBC, 0x00, 0x00, 0x0B, 0x00, 0xBC, 0x00, 0x00, 0x0F,
    0x00, 0xBC, 0x00, 0x00, 0x0E, 0x00, 0xBC, 0x00, 0x00, 0x0E, 0x00, 0xBC, 0x00, 0x00, 0x0C, 0x00,
    0xBC, 0x00, 0x00, 0x2C, 0x00, 0xBC, 0x00, 0x00, 0x3C, 0x00, 0xBC, 0x00, 0x00, 0x38, 0x00, 0xBC,
    0x00, 0x00, 0xF0, 0x00, 0xBC, 0x00, 0x03, 0xE0, 0x00, 0xBC, 0x00, 0x2F, 0xFF, 0xFF, 0xFE, 0x00,
    0x3F, 0x80, 0x00, 0x2F, 0xC0, 0x3E, 0x00, 0x00, 0x0B, 0xC0, 0x3C, 0x00, 0x00, 0x03, 0xC0, 0x38,
    0x00, 0x00, 0x02, 0xC0, 0x20, 0x00, 0x00, 0x00, 0x80, 0x2A, 0xAA, 0xAA, 0x00, 0x2F, 0xEA, 0xAF,
    0x00, 0x0B, 0xC0, 0x0F, 0x00, 0x0B, 0xC0, 0x0B, 0x00, 0x0B, 0xC0, 0x00, 0x00, 0x0B, 0xC0, 0x30,
    0x00, 0x0B, 0xC0, 0x70, 0x00, 0x0B, 0xFF, 0xF0, 0x00, 0x0B, 0xEA, 0xF0, 0x00, 0x0B, 0xC0, 0x30,
    0x00, 0x0B, 0xC0, 0x20, 0x00, 0x0B, 0xC0, 0x00, 0x00, 0x0B, 0xC0, 0x02, 0x80, 0x0B, 0xC0, 0x03,
    0x80, 0x0F, 0xC0, 0x0B, 0x80, 0x3F, 0xFF, 0xFF, 0x80, 0x00, 0x00, 0x00, 0x00, 0x00, 0x00, 0x3F,
    0x02, 0xAA, 0x80, 0xBE, 0x00, 0xBF, 0xC1, 0xBF, 0x82, 0xFF, 0x00, 0x38, 0xE0, 0x3E, 0x03, 0x8B,
    0x00, 0x00, 0xB0, 0x3E, 0x07, 0x00, 0x00, 0x00, 0x30, 0x3E, 0x0B, 0x00, 0x00, 0x00, 0x38, 0x3E,
    0x0E, 0x00, 0x00, 0x00, 0x2C, 0x3E, 0x2C, 0x00, 0x00, 0x00, 0x0F, 0x7E, 0xB8, 0x00, 0x00, 0x00,
    0x0B, 0xFF, 0xF0, 0x00, 0x00, 0x00, 0x3F, 0x3E, 0xBD, 0x00, 0x00, 0x00, 0xBC, 0x3E, 0x2F, 0x00,
    0x00, 0x00, 0xF8, 0x3E, 0x0F, 0x80, 0x00, 0x03, 0xF0, 0x3E, 0x0B, 0xC0, 0x00, 0x0B, 0xC0, 0x3E,
    0x03, 0xF0, 0x00, 0x0F, 0x80, 0x7E, 0x00, 0xF8, 0x00, 0xFF, 0x02, 0xFF, 0xC0, 0xBF, 0x00, 0x00,
    0x00, 0x00, 0x0A, 0xFF, 0x80, 0x3F, 0x9B, 0xF0, 0x3C, 0x00, 0xFC, 0x3C, 0x00, 0xBC, 0x38, 0x00,
    0x7C, 0x00, 0x00, 0xB8, 0x00, 0x02, 0xF0, 0x00, 0x3F, 0x80, 0x00, 0x2B, 0xF0, 0x00, 0x00, 0xBC,
    0x00, 0x00, 0x3E, 0x00, 0x00, 0x2E, 0x38, 0x00, 0x3E, 0x38, 0x00, 0x7C, 0x3E, 0x02, 0xF8, 0x2F,
    0xFF, 0xE0, 0x00, 0x00, 0x00, 0x2A, 0xA4, 0x0A, 0xAA, 0x2F, 0xE0, 0x0B, 0xF9, 0x0B, 0xC0, 0x02,
    0xF0, 0x0B, 0xC0, 0x03, 0xF0, 0x0B, 0xC0, 0x0F, 0xF0, 0x0B, 0xC0, 0x3E, 0xF0, 0x0B, 0xC0, 0xB6,
    0xF0, 0x0B, 0xC2, 0xE2, 0xF0, 0x0B, 0xC3, 0x82, 0xF0, 0x0B, 0xCF, 0x02, 0xF0, 0x0B, 0xFC, 0x02,
    0xF0, 0x0B, 0xF0, 0x02, 0xF0, 0x0B, 0xE0, 0x02, 0xF0, 0x0B, 0xC0, 0x02, 0xF0, 0x0F, 0xC0, 0x02,
    0xF4, 0x3F, 0xF8, 0x0F, 0xFE, 0x00, 0x00, 0x00, 0x00, 0x00, 0x3C, 0x2C, 0x00, 0x00, 0x3C, 0x2E,
    0x00, 0x00, 0x28, 0x2C, 0x00, 0x00, 0x06, 0xE0, 0x00, 0x00, 0x00, 0x00, 0x00, 0x2A, 0xA4, 0x0A,
    0xAA, 0x2F, 0xE0, 0x0B, 0xF9, 0x0B, 0xC0, 0x02, 0xF0, 0x0B, 0xC0, 0x03, 0xF0, 0x0B, 0xC0, 0x0F,
    0xF0, 0x0B, 0xC0, 0x3E, 0xF0, 0x0B, 0xC0, 0xB6, 0xF0, 0x0B, 0xC2, 0xE2, 0xF0, 0x0B, 0xC3, 0x82,
    0xF0, 0x0B, 0xCF, 0x02, 0xF0, 0x0B, 0xFC, 0x02, 0xF0, 0x0B, 0xF0, 0x02, 0xF0, 0x0B, 0xE0, 0x02,
    0xF0, 0x0B, 0xC0, 0x02, 0xF0, 0x0F, 0xC0, 0x02, 0xF4, 0x3F, 0xF8, 0x0F, 0xFE, 0x00, 0x00, 0x00,
    0x00, 0x2A, 0xA4, 0x03, 0xF0, 0x2F, 0xE0, 0x0F, 0xF8, 0x0B, 0xC0, 0x2C, 0xB0, 0x0B, 0xC0, 0x38,
    0x00, 0x0B, 0xC0, 0x30, 0x00, 0x0B, 0xC0, 0xF0, 0x00, 0x0B, 0xC2, 0xC0, 0x00, 0x0B, 0xCB, 0x80,
    0x00, 0x0B, 0xFF, 0x00, 0x00, 0x0B, 0xCB, 0xC0, 0x00, 0x0B, 0xC2, 0xF0, 0x00, 0x0B, 0xC0, 0xF8,
    0x00, 0x0B, 0xC0, 0x3E, 0x00, 0x0B, 0xC0, 0x2F, 0x00, 0x0F, 0xC0, 0x0F, 0xC0, 0x3F, 0xF8, 0x03,
    0xF8, 0x00, 0xAA, 0xAA, 0xAA, 0x00, 0xBE, 0xAB, 0xFA, 0x00, 0x0C, 0x01, 0xF0, 0x00, 0x0C, 0x01,
    0xF0, 0x00, 0x1C, 0x01, 0xF0, 0x00, 0x1C, 0x01, 0xF0, 0x00, 0x2C, 0x01, 0xF0, 0x00, 0x2C, 0x01,
    0xF0, 0x00, 0x2C, 0x01, 0xF0, 0x00, 0x3C, 0x01, 0xF0, 0x00, 0x38, 0x01, 0xF0, 0x00, 0x38, 0x01,
    0xF0, 0x00, 0x70, 0x01, 0xF0, 0x10, 0xF0, 0x01, 0xF0, 0xFF, 0xC0, 0x02, 0xF4, 0xFF, 0x40, 0x0F,
    0xFF, 0x00, 0x00, 0x00, 0x00, 0x2A, 0xA0, 0x00, 0x0A, 0xA8, 0x2F, 0xF0, 0x00, 0x0F, 0xF8, 0x0B,
    0xF8, 0x00, 0x2F, 0xE0, 0x0B, 0xBC, 0x00, 0x3E, 0xE0, 0x0B, 0x3C, 0x00, 0x36, 0xE0, 0x0B, 0x3E,
    0x00, 0xB2, 0xE0, 0x0B, 0x2F, 0x00, 0xE2, 0xE0, 0x0B, 0x0F, 0x00, 0xC2, 0xE0, 0x0B, 0x0F, 0x82,
    0xC2, 0xE0, 0x0B, 0x0B, 0xC3, 0x82, 0xE0, 0x0B, 0x03, 0xDB, 0x02, 0xE0, 0x0B, 0x03, 0xFF, 0x02,
    0xE0, 0x0B, 0x01, 0xFD, 0x02, 0xE0, 0x0B, 0x00, 0xFC, 0x02, 0xE0, 0x0F, 0x00, 0xB8, 0x03, 0xF0,
    0x7F, 0xE0, 0x30, 0x2F, 0xFD, 0x2A, 0xA4, 0x02, 0xAA, 0x00, 0x2F, 0xE0, 0x02, 0xFE, 0x00, 0x0B,
    0xC0, 0x00, 0xB8, 0x00, 0x0B, 0xC0, 0x00, 0xB8, 0x00, 0x0B, 0xC0, 0x00, 0xB8, 0x00, 0x0B, 0xC0,
    0x00, 0xB8, 0x00, 0x0B, 0xC0, 0x00, 0xB8, 0x00, 0x0B, 0xFF, 0xFF, 0xF8, 0x00, 0x0B, 0xD5, 0x55,
    0xF8, 0x00, 0x0B, 0xC0, 0x00, 0xB8, 0x00, 0x0B, 0xC0, 0x00, 0xB8, 0x00, 0x0B, 0xC0, 0x00, 0xB8,
    0x00, 0x0B, 0xC0, 0x00, 0xB8, 0x00, 0x0B, 0xC0, 0x00, 0xB8, 0x00, 0x0F, 0xC0, 0x00, 0xFC, 0x00,
    0x3F, 0xF8, 0x0B, 0xFF, 0x40, 0x00, 0x00, 0x00, 0x00, 0x00, 0x00, 0x2F, 0xF9, 0x00, 0x00, 0x00,
    0xFE, 0xAF, 0xC0, 0x00, 0x03, 0xE0, 0x03, 0xF0, 0x00, 0x0F, 0xC0, 0x00, 0xF8, 0x00, 0x2F, 0x00,
    0x00, 0xBC, 0x00, 0x3F, 0x00, 0x00, 0x3E, 0x00, 0x3E, 0x00, 0x00, 0x3F, 0x00, 0x3E, 0x00, 0x00,
    0x3F, 0x00, 0x3E, 0x00, 0x00, 0x3F, 0x00, 0x3E, 0x00, 0x00, 0x3F, 0x00, 0x3F, 0x00, 0x00, 0x3E,
    0x00, 0x2F, 0x00, 0x00, 0x7D, 0x00, 0x0F, 0x80, 0x00, 0xFC, 0x00, 0x0B, 0xD0, 0x02, 0xF0, 0x00,
    0x02, 0xF8, 0x0F, 0xC0, 0x00, 0x00, 0x2F, 0xFE, 0x00, 0x00, 0x00, 0x00, 0x00, 0x00, 0x00, 0x2A,
    0xAA, 0xAA, 0xAA, 0x00, 0x2F, 0xEA, 0xAB, 0xFE, 0x00, 0x0B, 0xC0, 0x00, 0xF0, 0x00, 0x0B, 0xC0,
    0x00, 0xF0, 0x00, 0x0B, 0xC0, 0x00, 0xF0, 0x00, 0x0B, 0xC0, 0x00, 0xF0, 0x00, 0x0B, 0xC0, 0x00,
    0xF0, 0x00, 0x0B, 0xC0, 0x00, 0xF0, 0x00, 0x0B, 0xC0, 0x00, 0xF0, 0x00, 0x0B, 0xC0, 0x00, 0xF0,
    0x00, 0x0B, 0xC0, 0x00, 0xF0, 0x00, 0x0B, 0xC0, 0x00, 0xF0, 0x00, 0x0B, 0xC0, 0x00, 0xF0, 0x00,
    0x0B, 0xC0, 0x00, 0xF0, 0x00, 0x0F, 0xC0, 0x02, 0xF8, 0x00, 0x3F, 0xF8, 0x0F, 0xFF, 0x00, 0x2A,
    0xAA, 0x80, 0x00, 0x2F, 0xEB, 0xFC, 0x00, 0x0B, 0xC0, 0x3F, 0x00, 0x0B, 0xC0, 0x1F, 0x00, 0x0B,
    0xC0, 0x0F, 0x40, 0x0B, 0xC0, 0x0F, 0x80, 0x0B, 0xC0, 0x0F, 0x00, 0x0B, 0xC0, 0x3F, 0x00, 0x0B,
    0xC0, 0xFC, 0x00, 0x0B, 0xFF, 0xE0, 0x00, 0x0B, 0xC0, 0x00, 0x00, 0x0B, 0xC0, 0x00, 0x00, 0x0B,
    0xC0, 0x00, 0x00, 0x0B, 0xC0, 0x00, 0x00, 0x0F, 0xC0, 0x00, 0x00, 0x3F, 0xFC, 0x00, 0x00, 0x00,
    0x00, 0x00, 0x00, 0x00, 0x0B, 0xFE, 0x40, 0x00, 0xFE, 0xAB, 0xE0, 0x03, 0xF0, 0x00, 0xE0, 0x0F,
    0xC0, 0x00, 0xE0, 0x1F, 0x40, 0x00, 0x80, 0x3F, 0x00, 0x00, 0x00, 0x3F, 0x00, 0x00, 0x00, 0x3E,
    0x00, 0x00, 0x00, 0x3E, 0x00, 0x00, 0x00, 0x3F, 0x00, 0x00, 0x00, 0x3F, 0x00, 0x00, 0x00, 0x2F,
    0x00, 0x00, 0x80, 0x0F, 0xC0, 0x00, 0xE0, 0x03, 0xE0, 0x00, 0xE0, 0x01, 0xFD, 0x03, 0xE0, 0x00,
    0x2F, 0xFF, 0xC0, 0x00, 0x00, 0x00, 0x00, 0xAA, 0xAA, 0xAA, 0x80, 0xBA, 0xBF, 0xAB, 0xE0, 0xB0,
    0x0F, 0x00, 0xE0, 0xB0, 0x0F, 0x00, 0xE0, 0x00, 0x0F, 0x00, 0x00, 0x00, 0x0F, 0x00, 0x00, 0x00,
    0x0F, 0x00, 0x00, 0x00, 0x0F, 0x00, 0x00, 0x00, 0x0F, 0x00, 0x00, 0x00, 0x0F, 0x00, 0x00, 0x00,
    0x0F, 0x00, 0x00, 0x00, 0x0F, 0x00, 0x00, 0x00, 0x0F, 0x00, 0x00, 0x00, 0x0F, 0x00, 0x00, 0x00,
    0x2F, 0x80, 0x00, 0x00, 0xFF, 0xF0, 0x00, 0x2A, 0xAA, 0x00, 0xAA, 0x80, 0x2B, 0xF9, 0x00, 0xBE,
    0x80, 0x02, 0xF0, 0x00, 0x3C, 0x00, 0x00, 0xFC, 0x00, 0xB4, 0x00, 0x00, 0xBC, 0x00, 0xF0, 0x00,
    0x00, 0x3F, 0x02, 0xD0, 0x00, 0x00, 0x2F, 0x03, 0xC0, 0x00, 0x00, 0x0F, 0xC7, 0x40, 0x00, 0x00,
    0x0B, 0xDF, 0x00, 0x00, 0x00, 0x03, 0xFE, 0x00, 0x00, 0x00, 0x02, 0xFC, 0x00, 0x00, 0x00, 0x00,
    0xF8, 0x00, 0x00, 0x00, 0x00, 0xF0, 0x00, 0x00, 0x00, 0xA2, 0xE0, 0x00, 0x00, 0x02, 0xFF, 0x80,
    0x00, 0x00, 0x00, 0xFF, 0x00, 0x00, 0x00, 0x00, 0x00, 0x00, 0x00, 0x00, 0x00, 0x06, 0xAA, 0x00,
    0x00, 0x00, 0x02, 0xFE, 0x00, 0x00, 0x00, 0x18, 0xF8, 0x80, 0x00, 0x02, 0xFB, 0xFF, 0xBE, 0x00,
    0x0F, 0xC0, 0xF8, 0x0F, 0x80, 0x2F, 0x00, 0xF8, 0x03, 0xD0, 0x3F, 0x00, 0xF8, 0x03, 0xF0, 0x3E,
    0x00, 0xF8, 0x03, 0xF0, 0x3E, 0x00, 0xF8, 0x03, 0xF0, 0x3E, 0x00, 0xF8, 0x03, 0xF0, 0x2F, 0x00,
    0xF8, 0x03, 0xE0, 0x0F, 0x40, 0xF8, 0x0B, 0xC0, 0x03, 0xE2, 0xFE, 0x2F, 0x00, 0x00, 0xAE, 0xFE,
    0xE4, 0x00, 0x00, 0x00, 0xFC, 0x00, 0x00, 0x00, 0x0B, 0xFF, 0x80, 0x00, 0x2A, 0xA0, 0x2A, 0xA0,
    0x2F, 0xE0, 0x1F, 0xE0, 0x0B, 0xC0, 0x0B, 0x00, 0x03, 0xF0, 0x2E, 0x00, 0x00, 0xF8, 0x38, 0x00,
    0x00, 0xBC, 0xF0, 0x00, 0x00, 0x3F, 0xC0, 0x00, 0x00, 0x1F, 0x80, 0x00, 0x00, 0x0F, 0xC0, 0x00,
    0x00, 0x3F, 0xF0, 0x00, 0x00, 0xB6, 0xF8, 0x00, 0x00, 0xE0, 0xFC, 0x00, 0x03, 0xC0, 0x3E, 0x00,
    0x0B, 0x00, 0x2F, 0x00, 0x2F, 0x00, 0x1F, 0xD0, 0xFF, 0xC0, 0xBF, 0xF4, 0x2A, 0xA4, 0x0A, 0xAA,
    0x00, 0x2F, 0xE0, 0x0A, 0xFE, 0x00, 0x0B, 0xC0, 0x00, 0xF0, 0x00, 0x0B, 0xC0, 0x00, 0xF0, 0x00,
    0x0B, 0xC0, 0x00, 0xF0, 0x00, 0x0B, 0xC0, 0x00, 0xF0, 0x00, 0x0B, 0xC0, 0x00, 0xF0, 0x00, 0x0B,
    0xC0, 0x00, 0xF0, 0x00, 0x0B, 0xC0, 0x00, 0xF0, 0x00, 0x0B, 0xC0, 0x00, 0xF0, 0x00, 0x0B, 0xC0,
    0x00, 0xF0, 0x00, 0x0B, 0xC0, 0x00, 0xF0, 0x00, 0x0B, 0xC0, 0x00, 0xF0, 0x00, 0x0B, 0xC0, 0x00,
    0xF0, 0x00, 0x0F, 0xD0, 0x02, 0xF8, 0x00, 0x3F, 0xFF, 0xFF, 0xFF, 0x00, 0x00, 0x00, 0x00, 0xBF,
    0x00, 0x00, 0x00, 0x00, 0x0F, 0x00, 0x00, 0x00, 0x00, 0x0B, 0x00, 0x00, 0x00, 0x00, 0x0B, 0x00,
    0x00, 0x00, 0x00, 0x02, 0x00, 0x2A, 0xA0, 0x2A, 0xA0, 0x2F, 0xE0, 0x2F, 0xE0, 0x0B, 0xC0, 0x0B,
    0x80, 0x0B, 0xC0, 0x0B, 0x80, 0x0B, 0xC0, 0x0B, 0x80, 0x0B, 0xC0, 0x0B, 0x80, 0x0B, 0xC0, 0x0B,
    0x80, 0x0B, 0xC0, 0x2F, 0x80, 0x03, 0xFB, 0xFF, 0x80, 0x02, 0xFF, 0x8B, 0x80, 0x00, 0x00, 0x0B,
    0x80, 0x00, 0x00, 0x0B, 0x80, 0x00, 0x00, 0x0B, 0x80, 0x00, 0x00, 0x0B, 0x80, 0x00, 0x00, 0x0F,
    0xC0, 0x00, 0x00, 0x3F, 0xF8, 0x2A, 0xA4, 0xAA, 0xA0, 0xAA, 0x90, 0x2F, 0xE0, 0xAF, 0xE0, 0xBF,
    0x80, 0x0B, 0xC0, 0x0F, 0x40, 0x2F, 0x00, 0x0B, 0xC0, 0x0F, 0x40, 0x2F, 0x00, 0x0B, 0xC0, 0x0F,
    0x40, 0x2F, 0x00, 0x0B, 0xC0, 0x0F, 0x40, 0x2F, 0x00, 0x0B, 0xC0, 0x0F, 0x40, 0x2F, 0x00, 0x0B,
    0xC0, 0x0F, 0x40, 0x2F, 0x00, 0x0B, 0xC0, 0x0F, 0x40, 0x2F, 0x00, 0x0B, 0xC0, 0x0F, 0x40, 0x2F,
    0x00, 0x0B, 0xC0, 0x0F, 0x40, 0x2F, 0x00, 0x0B, 0xC0, 0x0F, 0x40, 0x2F, 0x00, 0x0B, 0xC0, 0x0F,
    0x40, 0x2F, 0x00, 0x0B, 0xC0, 0x0F, 0x40, 0x2F, 0x00, 0x0F, 0xD0, 0x2F, 0x80, 0x7F, 0x00, 0x3F,
    0xFF, 0xFF, 0xFF, 0xFF, 0xE0, 0x2A, 0xA4, 0xAA, 0xA0, 0xAA, 0x90, 0x2F, 0xE0, 0xAF, 0xE0, 0xBF,
    0x80, 0x0B, 0xC0, 0x0F, 0x40, 0x2F, 0x00, 0x0B, 0xC0, 0x0F, 0x40, 0x2F, 0x00, 0x0B, 0xC0, 0x0F,
    0x40, 0x2F, 0x00, 0x0B, 0xC0, 0x0F, 0x40, 0x2F, 0x00, 0x0B, 0xC0, 0x0F, 0x40, 0x2F, 0x00, 0x0B,
    0xC0, 0x0F, 0x40, 0x2F, 0x00, 0x0B, 0xC0, 0x0F, 0x40, 0x2F, 0x00, 0x0B, 0xC0, 0x0F, 0x40, 0x2F,
    0x00, 0x0B, 0xC0, 0x0F, 0x40, 0x2F, 0x00, 0x0B, 0xC0, 0x0F, 0x40, 0x2F, 0x00, 0x0B, 0xC0, 0x0F,
    0x40, 0x2F, 0x00, 0x0B, 0xC0, 0x0F, 0x40, 0x2F, 0x00, 0x0F, 0xD0, 0x2F, 0x80, 0x7F, 0x00, 0x3F,
    0xFF, 0xFF, 0xFF, 0xFF, 0xE0, 0x00, 0x00, 0x00, 0x00, 0x0B, 0xE0, 0x00, 0x00, 0x00, 0x00, 0x02,
    0xE0, 0x00, 0x00, 0x00, 0x00, 0x00, 0xE0, 0x00, 0x00, 0x00, 0x00, 0x00, 0xE0, 0x00, 0x00, 0x00,
    0x00, 0x00, 0x90, 0x2A, 0xAA, 0xA0, 0x00, 0x3E, 0xBF, 0xA0, 0x00, 0x38, 0x0F, 0x00, 0x00, 0x38,
    0x0F, 0x00, 0x00, 0x00, 0x0F, 0x00, 0x00, 0x00, 0x0F, 0x00, 0x00, 0x00, 0x0F, 0xFE, 0x40, 0x00,
    0x0F, 0xAB, 0xF0, 0x00, 0x0F, 0x00, 0xFC, 0x00, 0x0F, 0x00, 0x7C, 0x00, 0x0F, 0x00, 0x3E, 0x00,
    0x0F, 0x00, 0x3E, 0x00, 0x0F, 0x00, 0x3E, 0x00, 0x0F, 0x00, 0xBC, 0x00, 0x2F, 0x4B, 0xF8, 0x00,
    0xFF, 0xFF, 0x80, 0x2A, 0xA8, 0x00, 0x2A, 0xA8, 0x2F, 0xE8, 0x00, 0x2F, 0xE4, 0x0B, 0xC0, 0x00,
    0x0B, 0xC0, 0x0B, 0xC0, 0x00, 0x0B, 0xC0, 0x0B, 0xC0, 0x00, 0x0B, 0xC0, 0x0B, 0xC0, 0x00, 0x0B,
    0xC0, 0x0B, 0xFE, 0x80, 0x0B, 0xC0, 0x0B, 0xEA, 0xF8, 0x0B, 0xC0, 0x0B, 0xC0, 0x3E, 0x0B, 0xC0,
    0x0B, 0xC0, 0x2F, 0x0B, 0xC0, 0x0B, 0xC0, 0x2F, 0x0B, 0xC0, 0x0B, 0xC0, 0x2F, 0x0B, 0xC0, 0x0B,
    0xC0, 0x2F, 0x0B, 0xC0, 0x0B, 0xC0, 0x3F, 0x0B, 0xC0, 0x0F, 0xC2, 0xFC, 0x0F, 0xC0, 0xBF, 0xFF,
    0xA0, 0xBF, 0xF8, 0x2A, 0xA8, 0x00, 0x00, 0x2F, 0xE8, 0x00, 0x00, 0x0B, 0xC0, 0x00, 0x00, 0x0B,
    0xC0, 0x00, 0x00, 0x0B, 0xC0, 0x00, 0x00, 0x0B, 0xC0, 0x00, 0x00, 0x0B, 0xFE, 0x80, 0x00, 0x0B,
    0xEA, 0xFC, 0x00, 0x0B, 0xC0, 0x3F, 0x00, 0x0B, 0xC0, 0x2F, 0x00, 0x0B, 0xC0, 0x0F, 0x80, 0x0B,
    0xC0, 0x0F, 0x80, 0x0B, 0xC0, 0x1F, 0x40, 0x0B, 0xC0, 0x3F, 0x00, 0x0F, 0xC2, 0xFD, 0x00, 0xBF,
    0xFF, 0xA0, 0x00, 0x00, 0x00, 0x00, 0x00, 0x1B, 0xFF, 0x80, 0x00, 0x3E, 0x9B, 0xF4, 0x00, 0x38,
    0x00, 0x7E, 0x00, 0x34, 0x00, 0x0F, 0x00, 0x20, 0x00, 0x0F, 0xC0, 0x00, 0x00, 0x07, 0xC0, 0x00,
    0x00, 0x03, 0xC0, 0x00, 0x2A, 0xAB, 0xE0, 0x00, 0x2A, 0xAB, 0xE0, 0x00, 0x00, 0x03, 0xD0, 0x00,
    0x00, 0x07, 0xC0, 0x00, 0x00, 0x0B, 0xC0, 0x34, 0x00, 0x0F, 0x40, 0x38, 0x00, 0x3E, 0x00, 0x3C,
    0x02, 0xF8, 0x00, 0x2F, 0xFF, 0xC0, 0x00, 0x00, 0x00, 0x00, 0x00, 0x00, 0x00, 0x00, 0x00, 0x00,
    0x00, 0x2A, 0xA8, 0x00, 0xBF, 0xD0, 0x00, 0x2F, 0xE0, 0x0B, 0xEA, 0xFC, 0x00, 0x0B, 0xC0, 0x2F,
    0x00, 0x2F, 0x00, 0x0B, 0xC0, 0x3D, 0x00, 0x0F, 0x80, 0x0B, 0xC0, 0xBC, 0x00, 0x0B, 0xC0, 0x0B,
    0xC0, 0xFC, 0x00, 0x07, 0xC0, 0x0B, 0xC0, 0xF8, 0x00, 0x03, 0xE0, 0x0B, 0xEA, 0xF8, 0x00, 0x03,
    0xE0, 0x0B, 0xEB, 0xF8, 0x00, 0x03, 0xE0, 0x0B, 0xC0, 0xF8, 0x00, 0x03, 0xE0, 0x0B, 0xC0, 0xFC,
    0x00, 0x07, 0xD0, 0x0B, 0xC0, 0xBC, 0x00, 0x0B, 0xC0, 0x0B, 0xC0, 0x3C, 0x00, 0x0F, 0x80, 0x0B,
    0xC0, 0x2F, 0x00, 0x1F, 0x00, 0x0F, 0xC0, 0x0F, 0xC0, 0xBC, 0x00, 0xBF, 0xF8, 0x02, 0xFF, 0xE0,
    0x00, 0x00, 0x00, 0x00, 0x00, 0x00, 0x00, 0x00, 0x02, 0xAA, 0xA8, 0x00, 0x3F, 0xAB, 0xF8, 0x00,
    0xFC, 0x03, 0xE0, 0x02, 0xF0, 0x03, 0xE0, 0x02, 0xF0, 0x03, 0xE0, 0x02, 0xF0, 0x03, 0xE0, 0x00,
    0xF8, 0x03, 0xE0, 0x00, 0x3E, 0x43, 0xE0, 0x00, 0x0F, 0xFF, 0xE0, 0x00, 0x3F, 0x03, 0xE0, 0x00,
    0xBC, 0x03, 0xE0, 0x00, 0xF8, 0x03, 0xE0, 0x00, 0xF0, 0x03, 0xE0, 0x02, 0xF0, 0x03, 0xE0, 0x0B,
    0xE0, 0x03, 0xE0, 0x3F, 0x80, 0x2F, 0xFC, 0x00, 0x00, 0x00, 0x00, 0x00, 0x69, 0x00, 0x0B, 0xEF,
    0xC0, 0x2F, 0x03, 0xE0, 0x2F, 0x02, 0xE0, 0x00, 0x02, 0xF0, 0x00, 0xAF, 0xF0, 0x0B, 0xE2, 0xF0,
    0x3E, 0x02, 0xF0, 0x3C, 0x02, 0xF0, 0x3C, 0x02, 0xF0, 0x3F, 0x6F, 0xF0, 0x0F, 0xF0, 0xFD, 0x00,
    0x00, 0x00, 0x00, 0x00, 0x00, 0x00, 0x2A, 0xBC, 0x02, 0xFF, 0xF0, 0x0B, 0xE9, 0x00, 0x0E, 0x00,
    0x00, 0x38, 0x29, 0x00, 0x37, 0xEB, 0xE0, 0x3F, 0x00, 0xF4, 0x3E, 0x00, 0x3C, 0x3C, 0x00, 0x3C,
    0x3C, 0x00, 0x3E, 0x3C, 0x00, 0x3E, 0x3C, 0x00, 0x3E, 0x3D, 0x00, 0x3C, 0x2F, 0x00, 0xBC, 0x0B,
    0x81, 0xF0, 0x02, 0xFF, 0x80, 0x00, 0x00, 0x00, 0x00, 0x00, 0x00, 0x3F, 0xFF, 0xC0, 0x0F, 0x03,
    0xF0, 0x0F, 0x01, 0xF0, 0x0F, 0x02, 0xF0, 0x0F, 0xAB, 0xC0, 0x0F, 0xEF, 0xE0, 0x0F, 0x00, 0xF8,
    0x0F, 0x00, 0xBC, 0x0F, 0x00, 0xF8, 0x0F, 0x82, 0xF0, 0x3F, 0xFF, 0x80, 0x00, 0x00, 0x00, 0x7F,
    0xFF, 0xE0, 0x0F, 0x00, 0xA0, 0x0F, 0x00, 0xA0, 0x0F, 0x00, 0x00, 0x0F, 0x00, 0x00, 0x0F, 0x00,
    0x00, 0x0F, 0x00, 0x00, 0x0F, 0x00, 0x00, 0x0F, 0x00, 0x00, 0x0F, 0x80, 0x00, 0xBF, 0xE0, 0x00,
    0x00, 0x00, 0x00, 0x00, 0x00, 0xBF, 0xFF, 0x80, 0x00, 0x34, 0x0F, 0x00, 0x00, 0x30, 0x0F, 0x00,
    0x00, 0x30, 0x0F, 0x00, 0x00, 0x30, 0x0F, 0x00, 0x00, 0x30, 0x0F, 0x00, 0x00, 0xB0, 0x0F, 0x00,
    0x00, 0xA0, 0x0F, 0x00, 0x00, 0xC0, 0x0F, 0x00, 0x03, 0xC0, 0x1F, 0x00, 0x2F, 0xFF, 0xFF, 0x80,
    0x3E, 0x00, 0x03, 0xE0, 0x3C, 0x00, 0x00, 0xE0, 0x38, 0x00, 0x00, 0xA0, 0x20, 0x00, 0x00, 0x00,
    0x00, 0x29, 0x00, 0x03, 0xFF, 0xC0, 0x0F, 0x02, 0xF0, 0x2E, 0x00, 0xF0, 0x3E, 0x00, 0xF8, 0x3F,
    0xFF, 0xF8, 0x3C, 0x00, 0x00, 0x3C, 0x00, 0x00, 0x3E, 0x00, 0x00, 0x2F, 0x00, 0x00, 0x0F, 0xE5,
    0xB8, 0x02, 0xFF, 0xC0, 0x00, 0x00, 0x00, 0x28, 0x00, 0x00, 0x28, 0xBF, 0x0F, 0xF4, 0xFE, 0xBB,
    0x83, 0xC2, 0xEE, 0x00, 0xC3, 0xC3, 0x40, 0x00, 0xE3, 0xCB, 0x00, 0x00, 0x7B, 0xED, 0x00, 0x00,
    0xBF, 0xFE, 0x00, 0x00, 0xF7, 0xDF, 0x40, 0x03, 0xE3, 0xC7, 0xC0, 0x0B, 0xC3, 0xC2, 0xE0, 0x1F,
    0x03, 0xD0, 0xF8, 0xFE, 0x2F, 0xF8, 0xBF, 0x02, 0xA0, 0x00, 0x3F, 0xBF, 0x00, 0x38, 0x0B, 0xC0,
    0x30, 0x07, 0xC0, 0x00, 0x0B, 0x80, 0x00, 0xBE, 0x00, 0x00, 0xFF, 0x00, 0x00, 0x07, 0xC0, 0x00,
    0x03, 0xE0, 0x30, 0x03, 0xD0, 0x38, 0x0B, 0xC0, 0x3F, 0xFE, 0x00, 0x00, 0x00, 0x00, 0x00, 0x00,
    0x00, 0x00, 0x3F, 0xE0, 0xBF, 0xC0, 0x0F, 0x00, 0x2F, 0x00, 0x0F, 0x00, 0xBF, 0x00, 0x0F, 0x00,
    0xEF, 0x00, 0x0F, 0x03, 0x1F, 0x00, 0x0F, 0x0C, 0x1F, 0x00, 0x0F, 0x38, 0x1F, 0x00, 0x0F, 0xE0,
    0x1F, 0x00, 0x0F, 0x80, 0x1F, 0x00, 0x0F, 0x80, 0x2F, 0x00, 0x3F, 0xE0, 0xFF, 0xC0, 0x00, 0x40,
    0x10, 0x00, 0x00, 0xF0, 0xF0, 0x00, 0x00, 0xC0, 0xB0, 0x00, 0x00, 0x7A, 0xC0, 0x00, 0x00, 0x00,
    0x00, 0x00, 0x00, 0x00, 0x00, 0x00, 0x3F, 0xE0, 0xBF, 0xC0, 0x0F, 0x00, 0x2F, 0x00, 0x0F, 0x00,
    0xBF, 0x00, 0x0F, 0x00, 0xEF, 0x00, 0x0F, 0x03, 0x1F, 0x00, 0x0F, 0x0C, 0x1F, 0x00, 0x0F, 0x38,
    0x1F, 0x00, 0x0F, 0xE0, 0x1F, 0x00, 0x0F, 0x80, 0x1F, 0x00, 0x0F, 0x80, 0x2F, 0x00, 0x3F, 0xE0,
    0xFF, 0xC0, 0x00, 0x00, 0x28, 0x00, 0x3F, 0xE0, 0xFF, 0x00, 0x0F, 0x02, 0xEE, 0x00, 0x0F, 0x03,
    0x00, 0x00, 0x0F, 0x0B, 0x00, 0x00, 0x0F, 0xAC, 0x00, 0x00, 0x0F, 0xFE, 0x00, 0x00, 0x0F, 0x1F,
    0x00, 0x00, 0x0F, 0x0B, 0xC0, 0x00, 0x0F, 0x03, 0xF0, 0x00, 0x0F, 0x80, 0xF8, 0x00, 0xBF, 0xE0,
    0xBF, 0x00, 0x00, 0x00, 0x00, 0x00, 0x03, 0xFF, 0xFF, 0xC0, 0x00, 0xA0, 0x3E, 0x00, 0x00, 0xA0,
    0x2E, 0x00, 0x00, 0xA0, 0x2E, 0x00, 0x00, 0xA0, 0x2E, 0x00, 0x00, 0xE0, 0x2E, 0x00, 0x00, 0xE0,
    0x2E, 0x00, 0x00, 0xC0, 0x2E, 0x00, 0x01, 0xC0, 0x2E, 0x00, 0xFF, 0x80, 0x3E, 0x00, 0xFE, 0x00,
    0xFF, 0xC0, 0x00, 0x00, 0x00, 0x00, 0x00, 0x00, 0x00, 0x00, 0x3F, 0xC0, 0x03, 0xFE, 0x0F, 0xC0,
    0x03, 0xF4, 0x0E, 0xE0, 0x0A, 0xF0, 0x0C, 0xF0, 0x0C, 0xF0, 0x0C, 0xB8, 0x2C, 0xF0, 0x0C, 0x3C,
    0x38, 0xF0, 0x0C, 0x3C, 0x30, 0xF0, 0x0C, 0x1E, 0xA0, 0xF0, 0x0C, 0x0F, 0xC0, 0xF0, 0x0E, 0x0B,
    0xC0, 0xF8, 0xBF, 0x83, 0x83, 0xFF, 0x00, 0x00, 0x00, 0x00, 0x3F, 0xE0, 0xFF, 0xC0, 0x0F, 0x00,
    0x2E, 0x00, 0x0F, 0x00, 0x2E, 0x00, 0x0F, 0x00, 0x2E, 0x00, 0x0F, 0xAA, 0xBE, 0x00, 0x0F, 0xAA,
    0xBE, 0x00, 0x0F, 0x00, 0x2E, 0x00, 0x0F, 0x00, 0x2E, 0x00, 0x0F, 0x00, 0x2E, 0x00, 0x0F, 0x80,
    0x2F, 0x00, 0xBF, 0xE0, 0xFF, 0xC0, 0x00, 0x2A, 0x00, 0x03, 0xFB, 0xE0, 0x0F, 0x80, 0xF8, 0x2F,
    0x00, 0x3C, 0x3E, 0x00, 0x3E, 0x3D, 0x00, 0x3E, 0x3C, 0x00, 0x3E, 0x3E, 0x00, 0x3E, 0x3E, 0x00,
    0x3E, 0x2F, 0x00, 0xBC, 0x0F, 0xC1, 0xF0, 0x02, 0xFF, 0xC0, 0x00, 0x00, 0x00, 0x00, 0x00, 0x00,
    0x00, 0x3F, 0xFF, 0xFF, 0x00, 0x0F, 0x00, 0x3C, 0x00, 0x0F, 0x00, 0x3C, 0x00, 0x0F, 0x00, 0x3C,
    0x00, 0x0F, 0x00, 0x3C, 0x00, 0x0F, 0x00, 0x3C, 0x00, 0x0F, 0x00, 0x3C, 0x00, 0x0F, 0x00, 0x3C,
    0x00, 0x0F, 0x00, 0x3C, 0x00, 0x0F, 0x80, 0xBC, 0x00, 0x3F, 0xE2, 0xFF, 0x00, 0x00, 0x06, 0x80,
    0x00, 0x3F, 0xBF, 0xF8, 0x00, 0x2F, 0xD1, 0xFC, 0x00, 0x0F, 0x00, 0x3E, 0x00, 0x0F, 0x00, 0x2F,
    0x00, 0x0F, 0x00, 0x1F, 0x00, 0x0F, 0x00, 0x1F, 0x00, 0x0F, 0x00, 0x2F, 0x00, 0x0F, 0x00, 0x3E,
    0x00, 0x0F, 0x00, 0x3C, 0x00, 0x0F, 0x82, 0xF8, 0x00, 0x0F, 0xFF, 0x80, 0x00, 0x0F, 0x00, 0x00,
    0x00, 0x0F, 0x00, 0x00, 0x00, 0x0F, 0x00, 0x00, 0x00, 0x0F, 0x80, 0x00, 0x00, 0xBF, 0xF0, 0x00,
    0x00, 0x00, 0x2A, 0x00, 0x03, 0xFB, 0xE0, 0x0F, 0x82, 0xF0, 0x2F, 0x02, 0xF0, 0x3E, 0x00, 0x00,
    0x3D, 0x00, 0x00, 0x3C, 0x00, 0x00, 0x3E, 0x00, 0x00, 0x3F, 0x00, 0x00, 0x2F, 0x80, 0x00, 0x0F,
    0xEA, 0xB0, 0x02, 0xFF, 0xC0, 0x00, 0x00, 0x00, 0x00, 0x00, 0x00, 0x7F, 0xFF, 0xF8, 0x70, 0xBC,
    0x28, 0x20, 0xBC, 0x28, 0x00, 0xBC, 0x00, 0x00, 0xBC, 0x00, 0x00, 0xBC, 0x00, 0x00, 0xBC, 0x00,
    0x00, 0xBC, 0x00, 0x00, 0xBC, 0x00, 0x00, 0xBC, 0x00, 0x03, 0xFF, 0x00, 0x00, 0x00, 0x00, 0x00,
    0xBF, 0xC0, 0xFF, 0x00, 0x0F, 0x00, 0x38, 0x00, 0x0F, 0x80, 0x30, 0x00, 0x0B, 0xC0, 0xF0, 0x00,
    0x03, 0xC0, 0xC0, 0x00, 0x03, 0xE2, 0xC0, 0x00, 0x01, 0xF3, 0x80, 0x00, 0x00, 0xFF, 0x00, 0x00,
    0x00, 0xBE, 0x00, 0x00, 0x00, 0x3C, 0x00, 0x00, 0x00, 0x3C, 0x00, 0x00, 0x00, 0x38, 0x00, 0x00,
    0x00, 0xB0, 0x00, 0x00, 0x38, 0xE0, 0x00, 0x00, 0x3F, 0xC0, 0x00, 0x00, 0x3E, 0x00, 0x00, 0x00,
    0x00, 0x00, 0x00, 0x00, 0x00, 0x06, 0xE0, 0x00, 0x00, 0x1F, 0xE0, 0x00, 0x00, 0x03, 0xE0, 0x00,
    0x00, 0x03, 0xE0, 0x00, 0x00, 0x6B, 0xEA, 0x00, 0x07, 0xFF, 0xFB, 0xF0, 0x0F, 0x83, 0xE0, 0xBC,
    0x3F, 0x03, 0xE0, 0x3E, 0x3E, 0x03, 0xE0, 0x3E, 0x3C, 0x03, 0xE0, 0x2F, 0x3C, 0x03, 0xE0, 0x2F,
    0x3C, 0x03, 0xE0, 0x2F, 0x3E, 0x03, 0xE0, 0x3E, 0x2F, 0x03, 0xE0, 0x3C, 0x0F, 0x83, 0xE0, 0xF8,
    0x02, 0xFF, 0xFF, 0xE0, 0x00, 0x03, 0xE0, 0x00, 0x00, 0x03, 0xE0, 0x00, 0x00, 0x03, 0xE0, 0x00,
    0x00, 0x03, 0xE0, 0x00, 0x00, 0x2F, 0xFC, 0x00, 0x00, 0x00, 0x00, 0xBF, 0xD3, 0xFC, 0x0F, 0x80,
    0xE0, 0x03, 0xD3, 0xC0, 0x02, 0xFF, 0x00, 0x00, 0xFC, 0x00, 0x00, 0xBE, 0x00, 0x00, 0xFF, 0x00,
    0x03, 0xCF, 0xC0, 0x0B, 0x03, 0xE0, 0x2E, 0x02, 0xF0, 0xFF, 0x8B, 0xFE, 0x00, 0x00, 0x00, 0x00,
    0x3F, 0xE2, 0xFF, 0x00, 0x0F, 0x00, 0x3C, 0x00, 0x0F, 0x00, 0x3C, 0x00, 0x0F, 0x00, 0x3C, 0x00,
    0x0F, 0x00, 0x3C, 0x00, 0x0F, 0x00, 0x3C, 0x00, 0x0F, 0x00, 0x3C, 0x00, 0x0F, 0x00, 0x3C, 0x00,
    0x0F, 0x00, 0x3C, 0x00, 0x0F, 0x80, 0xBC, 0x00, 0x3F, 0xFF, 0xFF, 0x00, 0x00, 0x00, 0x0F, 0x00,
    0x00, 0x00, 0x03, 0x00, 0x00, 0x00, 0x03, 0x00, 0x00, 0x00, 0x02, 0x00, 0x00, 0x00, 0x00, 0x3F,
    0xE3, 0xFD, 0x0F, 0x00, 0xF0, 0x0F, 0x00, 0xF0, 0x0F, 0x00, 0xF0, 0x0F, 0x40, 0xF0, 0x0F, 0xEB,
    0xF0, 0x02, 0xF8, 0xF0, 0x00, 0x00, 0xF0, 0x00, 0x00, 0xF0, 0x00, 0x01, 0xF0, 0x00, 0x0B, 0xFE,
    0x00, 0x00, 0x00, 0x00, 0x00, 0x3F, 0xE3, 0xFE, 0x3F, 0xE0, 0x0F, 0x00, 0xF4, 0x0F, 0x80, 0x0F,
    0x00, 0xF4, 0x0B, 0x80, 0x0F, 0x00, 0xF4, 0x0B, 0x80, 0x0F, 0x00, 0xF4, 0x0B, 0x80, 0x0F, 0x00,
    0xF4, 0x0B, 0x80, 0x0F, 0x00, 0xF4, 0x0B, 0x80, 0x0F, 0x00, 0xF4, 0x0B, 0x80, 0x0F, 0x00, 0xF4,
    0x0B, 0x80, 0x0F, 0x80, 0xF8, 0x0F, 0x80, 0x7F, 0xFF, 0xFF, 0xFF, 0xF0, 0x00, 0x00, 0x00, 0x00,
    0x00, 0x3F, 0xE3, 0xFE, 0x3F, 0xE0, 0x0F, 0x00, 0xF4, 0x0F, 0x80, 0x0F, 0x00, 0xF4, 0x0B, 0x80,
    0x0F, 0x00, 0xF4, 0x0B, 0x80, 0x0F, 0x00, 0xF4, 0x0B, 0x80, 0x0F, 0x00, 0xF4, 0x0B, 0x80, 0x0F,
    0x00, 0xF4, 0x0B, 0x80, 0x0F, 0x00, 0xF4, 0x0B, 0x80, 0x0F, 0x00, 0xF4, 0x0B, 0x80, 0x0F, 0x80,
    0xF8, 0x0F, 0x80, 0x7F, 0xFF, 0xFF, 0xFF, 0xF0, 0x00, 0x00, 0x00, 0x02, 0xF0, 0x00, 0x00, 0x00,
    0x00, 0xB0, 0x00, 0x00, 0x00, 0x00, 0xB0, 0x00, 0x00, 0x00, 0x00, 0x20, 0x00, 0x00, 0x00, 0x00,
    0xFB, 0xFE, 0x00, 0x00, 0xE0, 0xF0, 0x00, 0x00, 0x40, 0xF0, 0x00, 0x00, 0x00, 0xF0, 0x00, 0x00,
    0x00, 0xFF, 0xF4, 0x00, 0x00, 0xF0, 0x3E, 0x00, 0x00, 0xF0, 0x2F, 0x00, 0x00, 0xF0, 0x0F, 0x00,
    0x00, 0xF0, 0x2F, 0x00, 0x00, 0xF0, 0x7E, 0x00, 0x0B, 0xFF, 0xE4, 0x00, 0x00, 0x00, 0x00, 0x00,
    0x3F, 0xE0, 0x0F, 0xFC, 0x0F, 0x00, 0x02, 0xF0, 0x0F, 0x00, 0x02, 0xF0, 0x0F, 0x40, 0x02, 0xF0,
    0x0F, 0xFF, 0x82, 0xF0, 0x0F, 0x03, 0xE2, 0xF0, 0x0F, 0x00, 0xF2, 0xF0, 0x0F, 0x00, 0xF2, 0xF0,
    0x0F, 0x00, 0xF2, 0xF0, 0x0F, 0x47, 0xF2, 0xF0, 0xBF, 0xFE, 0x8F, 0xFC, 0x00, 0x00, 0x00, 0x3F,
    0xE0, 0x00, 0x0F, 0x00, 0x00, 0x0F, 0x00, 0x00, 0x0F, 0x40, 0x00, 0x0F, 0xFF, 0x80, 0x0F, 0x03,
    0xE0, 0x0F, 0x00, 0xF0, 0x0F, 0x00, 0xF0, 0x0F, 0x00, 0xF0, 0x0F, 0x47, 0xF0, 0xBF, 0xFE, 0x80,
    0x06, 0x90, 0x00, 0x3E, 0xBE, 0x00, 0x30, 0x0B, 0x80, 0x30, 0x03, 0xC0, 0x00, 0x02, 0xE0, 0x00,
    0xAB, 0xF0, 0x02, 0xFF, 0xF0, 0x00, 0x02, 0xE0, 0x00, 0x03, 0xE0, 0x30, 0x03, 0xC0, 0x34, 0x0F,
    0x00, 0x3F, 0xF8, 0x00, 0x00, 0x00, 0x00, 0x00, 0x00, 0x0A, 0x80, 0x00, 0xBF, 0xE0, 0xBE, 0xF8,
    0x00, 0x0F, 0x02, 0xE0, 0x3C, 0x00, 0x0F, 0x03, 0xC0, 0x2F, 0x00, 0x0F, 0x07, 0xC0, 0x0F, 0x00,
    0x0F, 0x8B, 0xC0, 0x0F, 0x00, 0x0F, 0xFF, 0xC0, 0x0F, 0x00, 0x0F, 0x0B, 0xC0, 0x0F, 0x00, 0x0F,
    0x03, 0xC0, 0x0F, 0x00, 0x0F, 0x03, 0xC0, 0x2E, 0x00, 0x0F, 0x41, 0xF0, 0x3C, 0x00, 0xBF, 0xE0,
    0x7F, 0xE0, 0x00, 0x00, 0x00, 0x00, 0x00, 0x00, 0x00, 0x00, 0x00, 0x00, 0x00, 0xFF, 0xFF, 0x00,
    0x03, 0xF0, 0x3C, 0x00, 0x03, 0xC0, 0x3C, 0x00, 0x03, 0xC0, 0x3C, 0x00, 0x02, 0xF0, 0x3C, 0x00,
    0x00, 0x7F, 0xFC, 0x00, 0x00, 0xF8, 0x3C, 0x00, 0x02, 0xE0, 0x3C, 0x00, 0x03, 0xC0, 0x3C, 0x00,
    0x0B, 0xC0, 0x3C, 0x00, 0x3F, 0x02, 0xFF, 0x80, 0x00, 0x00, 0x00, 0x00, 0x00, 0x00, 0x00, 0x03,
    0xC0, 0x00, 0x03, 0xF0, 0x00, 0x00, 0xF8, 0x00, 0x00, 0x2E, 0x00, 0x00, 0x00, 0x00, 0x00, 0x29,
    0x00, 0x03, 0xFF, 0xC0, 0x0F, 0x02, 0xF0, 0x2E, 0x00, 0xF0, 0x3E, 0x00, 0xF8, 0x3F, 0xFF, 0xF8,
    0x3C, 0x00, 0x00, 0x3C, 0x00, 0x00, 0x3E, 0x00, 0x00, 0x2F, 0x00, 0x00, 0x0F, 0xE5, 0xB8, 0x02,
    0xFF, 0xC0, 0x00, 0x00, 0x00, 0x00, 0x00, 0x00, 0x0B, 0x82, 0xE0, 0x0B, 0xC3, 0xE0, 0x01, 0x00,
    0x40, 0x00, 0x00, 0x00, 0x00, 0x29, 0x00, 0x03, 0xFF, 0xC0, 0x0F, 0x02, 0xF0, 0x2E, 0x00, 0xF0,
    0x3E, 0x00, 0xF8, 0x3F, 0xFF, 0xF8, 0x3C, 0x00, 0x00, 0x3C, 0x00, 0x00, 0x3E, 0x00, 0x00, 0x2F,
    0x00, 0x00, 0x0F, 0xE5, 0xB8, 0x02, 0xFF, 0xC0, 0x00, 0x00, 0x00, 0x00, 0x00, 0x00, 0x00, 0x2F,
    0x00, 0x00, 0x00, 0x6F, 0x00, 0x00, 0x00, 0x0F, 0x00, 0x00, 0x00, 0xBF, 0xFF, 0x80, 0x00, 0x1F,
    0x95, 0x00, 0x00, 0x0F, 0x02, 0x80, 0x00, 0x0F, 0xBF, 0xF8, 0x00, 0x0F, 0xE0, 0xBE, 0x00, 0x0F,
    0x00, 0x2F, 0x00, 0x0F, 0x00, 0x0F, 0x00, 0x0F, 0x00, 0x0F, 0x40, 0x0F, 0x00, 0x0F, 0x80, 0x0F,
    0x00, 0x0F, 0x40, 0x0F, 0x00, 0x0F, 0x00, 0x0F, 0x00, 0x0F, 0x00, 0x0F, 0x80, 0x2F, 0x00, 0xBF,
    0xF0, 0x3E, 0x00, 0x00, 0x00, 0xBC, 0x00, 0x00, 0x02, 0xF0, 0x00, 0x00, 0x1F, 0xC0, 0x00, 0x00,
    0x38, 0x00, 0x00, 0x00, 0x00, 0x00, 0x00, 0x0F, 0x00, 0x00, 0x2F, 0x00, 0x00, 0xBC, 0x00, 0x02,
    0xE0, 0x00, 0x00, 0x00, 0x00, 0x00, 0x00, 0x00, 0x7F, 0xFF, 0xE0, 0x0F, 0x00, 0xA0, 0x0F, 0x00,
    0xA0, 0x0F, 0x00, 0x00, 0x0F, 0x00, 0x00, 0x0F, 0x00, 0x00, 0x0F, 0x00, 0x00, 0x0F, 0x00, 0x00,
    0x0F, 0x00, 0x00, 0x0F, 0x80, 0x00, 0xBF, 0xE0, 0x00, 0x00, 0x2A, 0x00, 0x03, 0xFB, 0xF0, 0x0F,
    0x00, 0xB0, 0x2E, 0x00, 0x20, 0x3C, 0x00, 0x00, 0x3C, 0x00, 0x00, 0x3E, 0xA8, 0x00, 0x3C, 0x00,
    0x00, 0x3C, 0x00, 0x00, 0x2E, 0x00, 0xB0, 0x0B, 0x80, 0xF0, 0x02, 0xFF, 0xE0, 0x00, 0x00, 0x00,
    0x00, 0xA8, 0x00, 0x0F, 0xFF, 0x00, 0x2E, 0x03, 0x00, 0x3C, 0x03, 0x00, 0x3F, 0x00, 0x00, 0x1F,
    0xE0, 0x00, 0x03, 0xFE, 0x00, 0x00, 0x3F, 0x00, 0x20, 0x0F, 0x80, 0x30, 0x0B, 0x40, 0x38, 0x1F,
    0x00, 0x3F, 0xF8, 0x00, 0x00, 0x00, 0x00, 0x02, 0x00, 0x0F, 0xC0, 0x0F, 0xC0, 0x02, 0x00, 0x00,
    0x00, 0x02, 0x00, 0x3F, 0x80, 0x0F, 0x80, 0x0B, 0x80, 0x0B, 0x80, 0x0B, 0x80, 0x0B, 0x80, 0x0B,
    0x80, 0x0B, 0x80, 0x0B, 0x80, 0x0F, 0x80, 0x3F, 0xF0, 0x00, 0x00, 0x00, 0x3C, 0x0F, 0x00, 0x3C,
    0x0F, 0x00, 0x00, 0x00, 0x00, 0x00, 0x00, 0x00, 0x00, 0x80, 0x00, 0x0F, 0xE0, 0x00, 0x03, 0xE0,
    0x00, 0x02, 0xE0, 0x00, 0x02, 0xE0, 0x00, 0x02, 0xE0, 0x00, 0x02, 0xE0, 0x00, 0x02, 0xE0, 0x00,
    0x02, 0xE0, 0x00, 0x02, 0xE0, 0x00, 0x03, 0xE0, 0x00, 0x0F, 0xFC, 0x00, 0x00, 0x20, 0x00, 0xFC,
    0x00, 0xFC, 0x00, 0x20, 0x00, 0x00, 0x00, 0x24, 0x03, 0xF8, 0x00, 0xB8, 0x00, 0xB8, 0x00, 0xB8,
    0x00, 0xB8, 0x00, 0xB8, 0x00, 0xB8, 0x00, 0xB8, 0x00, 0xB8, 0x00, 0xB8, 0x00, 0xB8, 0x00, 0xB8,
    0x00, 0xB4, 0x00, 0xF0, 0xF8, 0xE0, 0xBF, 0x40, 0x00, 0x00, 0x00, 0x00, 0x00, 0x00, 0x00, 0x03,
    0xFF, 0xFF, 0x00, 0x00, 0x00, 0xA0, 0xBC, 0x00, 0x00, 0x00, 0xA0, 0xBC, 0x00, 0x00, 0x00, 0xA0,
    0xBC, 0x00, 0x00, 0x00, 0xA0, 0xBF, 0xF8, 0x00, 0x00, 0xE0, 0xBC, 0x2F, 0x00, 0x00, 0xE0, 0xBC,
    0x0F, 0x80, 0x00, 0xC0, 0xBC, 0x0B, 0xC0, 0x01, 0xC0, 0xBC, 0x0F, 0x80, 0xFF, 0x80, 0xBC, 0x2F,
    0x00, 0xFE, 0x03, 0xFF, 0xF8, 0x00, 0x00, 0x00, 0x00, 0x00, 0x00, 0x00, 0x00, 0x00, 0x00, 0x00,
    0x3F, 0xE2, 0xFF, 0x80, 0x00, 0x0F, 0x00, 0x3C, 0x00, 0x00, 0x0F, 0x00, 0x3C, 0x00, 0x00, 0x0F,
    0x00, 0x3C, 0x00, 0x00, 0x0F, 0xEA, 0xFF, 0xF8, 0x00, 0x0F, 0x95, 0xBC, 0x1F, 0x80, 0x0F, 0x00,
    0x3C, 0x0B, 0xC0, 0x0F, 0x00, 0x3C, 0x03, 0xC0, 0x0F, 0x00, 0x3C, 0x0B, 0xC0, 0x0F, 0x80, 0x3C,
    0x1F, 0x80, 0xBF, 0xE2, 0xFF, 0xF9, 0x00, 0x00, 0x00, 0x00, 0x00, 0x0B, 0xC0, 0x00, 0x00, 0x2B,
    0xC0, 0x00, 0x00, 0x03, 0xC0, 0x00, 0x00, 0x2B, 0xE9, 0x00, 0x00, 0x3F, 0xFF, 0x00, 0x00, 0x03,
    0xC0, 0xA0, 0x00, 0x03, 0xEF, 0xFD, 0x00, 0x03, 0xF8, 0x7F, 0x00, 0x03, 0xC0, 0x0F, 0x00, 0x03,
    0xC0, 0x0F, 0x00, 0x03, 0xC0, 0x0F, 0x00, 0x03, 0xC0, 0x0F, 0x00, 0x03, 0xC0, 0x0F, 0x00, 0x03,
    0xC0, 0x0F, 0x00, 0x03, 0xC0, 0x0F, 0x00, 0x03, 0xE0, 0x0F, 0x40, 0x2F, 0xF8, 0xBF, 0xE0, 0x00,
    0x00, 0x00, 0x00, 0x00, 0x02, 0xE0, 0x00, 0x00, 0x0B, 0xE0, 0x00, 0x00, 0x1F, 0x80, 0x00, 0x00,
    0x3C, 0x00, 0x00, 0x00, 0x00, 0x00, 0x00, 0x00, 0x00, 0x28, 0x00, 0x3F, 0xE0, 0xFF, 0x00, 0x0F,
    0x02, 0xEE, 0x00, 0x0F, 0x03, 0x00, 0x00, 0x0F, 0x0B, 0x00, 0x00, 0x0F, 0xAC, 0x00, 0x00, 0x0F,
    0xFE, 0x00, 0x00, 0x0F, 0x1F, 0x00, 0x00, 0x0F, 0x0B, 0xC0, 0x00, 0x0F, 0x03, 0xF0, 0x00, 0x0F,
    0x80, 0xF8, 0x00, 0xBF, 0xE0, 0xBF, 0x00, 0x00, 0x00, 0x00, 0x00, 0x00, 0xF0, 0x00, 0x00, 0x00,
    0xFC, 0x00, 0x00, 0x00, 0x3E, 0x00, 0x00, 0x00, 0x0B, 0x80, 0x00, 0x00, 0x00, 0x00, 0x00, 0x00,
    0x00, 0x00, 0x00, 0x3F, 0xE0, 0xBF, 0xC0, 0x0F, 0x00, 0x2F, 0x00, 0x0F, 0x00, 0xBF, 0x00, 0x0F,
    0x00, 0xEF, 0x00, 0x0F, 0x03, 0x1F, 0x00, 0x0F, 0x0C, 0x1F, 0x00, 0x0F, 0x38, 0x1F, 0x00, 0x0F,
    0xE0, 0x1F, 0x00, 0x0F, 0x80, 0x1F, 0x00, 0x0F, 0x80, 0x2F, 0x00, 0x3F, 0xE0, 0xFF, 0xC0, 0x00,
    0x80, 0x80, 0x00, 0x03, 0xC2, 0xE0, 0x00, 0x03, 0x80, 0xD0, 0x00, 0x00, 0xFB, 0x80, 0x00, 0x00,
    0x00, 0x00, 0x00, 0x00, 0x00, 0x00, 0x00, 0xBF, 0xC0, 0xFF, 0x00, 0x0F, 0x00, 0x38, 0x00, 0x0F,
    0x80, 0x30, 0x00, 0x0B, 0xC0, 0xF0, 0x00, 0x03, 0xC0, 0xC0, 0x00, 0x03, 0xE2, 0xC0, 0x00, 0x01,
    0xF3, 0x80, 0x00, 0x00, 0xFF, 0x00, 0x00, 0x00, 0xBE, 0x00, 0x00, 0x00, 0x3C, 0x00, 0x00, 0x00,
    0x3C, 0x00, 0x00, 0x00, 0x38, 0x00, 0x00, 0x00, 0xB0, 0x00, 0x00, 0x38, 0xE0, 0x00, 0x00, 0x3F,
    0xC0, 0x00, 0x00, 0x3E, 0x00, 0x00, 0x00, 0x00, 0x00, 0x00, 0x00, 0x3F, 0xE2, 0xFF, 0x00, 0x0F,
    0x00, 0x3C, 0x00, 0x0F, 0x00, 0x3C, 0x00, 0x0F, 0x00, 0x3C, 0x00, 0x0F, 0x00, 0x3C, 0x00, 0x0F,
    0x00, 0x3C, 0x00, 0x0F, 0x00, 0x3C, 0x00, 0x0F, 0x00, 0x3C, 0x00, 0x0F, 0x00, 0x3C, 0x00, 0x0F,
    0x80, 0xBC, 0x00, 0x3F, 0xFF, 0xFF, 0x00, 0x00, 0x3F, 0x00, 0x00, 0x00, 0x2E, 0x00, 0x00, 0x00,
    0x0C, 0x00, 0x00, 0x00, 0x08, 0x00, 0x00, 0x00, 0x00, 0x00, 0x00, 0x03, 0xFF, 0xC0, 0x00, 0x00,
    0xBD, 0x00, 0x00, 0x15, 0xBE, 0x54, 0x00, 0xBF, 0xFF, 0xFE, 0x00, 0xB0, 0x3C, 0x0E, 0x00, 0xA0,
    0x3C, 0x0D, 0x00, 0x00, 0x3E, 0xA8, 0x00, 0x00, 0x3E, 0xBF, 0xC0, 0x00, 0x3C, 0x03, 0xF0, 0x00,
    0x3C, 0x00, 0xF8, 0x00, 0x3C, 0x00, 0xF8, 0x00, 0x3C, 0x00, 0xF8, 0x00, 0x3C, 0x00, 0xF8, 0x00,
    0x3C, 0x02, 0xF0, 0x00, 0xBD, 0x2B, 0xE0, 0x03, 0xFF, 0xFE, 0x00, 0x0A, 0xA8, 0x00, 0x0B, 0xE8,
    0x00, 0x2B, 0xEA, 0x00, 0xFB, 0xEB, 0x00, 0xA3, 0xC3, 0x00, 0x03, 0xEA, 0x40, 0x03, 0xEA, 0xF0,
    0x03, 0xC0, 0xBC, 0x03, 0xC0, 0x3C, 0x03, 0xC0, 0x3C, 0x03, 0xD1, 0xF8, 0x2F, 0xFF, 0xA0, 0x00,
    0x00, 0x00, 0x00, 0x00, 0x2F, 0xF8, 0x00, 0x00, 0xFE, 0xAF, 0xC0, 0x03, 0xE0, 0x03, 0xF0, 0x0F,
    0x80, 0x00, 0xF8, 0x2F, 0x00, 0x00, 0x7C, 0x3E, 0x00, 0x00, 0x3E, 0x3E, 0x28, 0x00, 0x3E, 0x3F,
    0xFF, 0xC0, 0xFF, 0x3F, 0x8B, 0xFF, 0xFF, 0x3E, 0x00, 0x2F, 0x7E, 0x3E, 0x00, 0x00, 0x3E, 0x2F,
    0x00, 0x00, 0x3C, 0x0F, 0x40, 0x00, 0xFC, 0x0B, 0xC0, 0x02, 0xF0, 0x02, 0xF8, 0x0B, 0xC0, 0x00,
    0x3F, 0xFE, 0x00, 0x00, 0x00, 0x00, 0x00, 0x00, 0x29, 0x00, 0x03, 0xEB, 0xD0, 0x0F, 0x00, 0xF4,
    0x2E, 0x00, 0x7C, 0x3C, 0x00, 0x3C, 0x3E, 0xF0, 0x3E, 0x3F, 0xBF, 0xFE, 0x3C, 0x06, 0xBD, 0x3D,
    0x00, 0x3C, 0x2F, 0x00, 0xBC, 0x0F, 0x81, 0xF0, 0x02, 0xFF, 0x80, 0x00, 0x00, 0x00, 0x00, 0x00,
    0x00, 0x00, 0x00, 0xAA, 0xA0, 0x00, 0x2F, 0xD0, 0xBF, 0x90, 0x00, 0x32, 0xE0, 0x0F, 0x80, 0x00,
    0xE0, 0x80, 0x0F, 0xC0, 0x00, 0xC0, 0x00, 0x0B, 0xC0, 0x02, 0xC0, 0x00, 0x03, 0xE0, 0x03, 0x80,
    0x00, 0x02, 0xF0, 0x03, 0x00, 0x00, 0x01, 0xF0, 0x0B, 0x00, 0x00, 0x00, 0xF8, 0x0E, 0x00, 0x00,
    0x00, 0xBC, 0x0C, 0x00, 0x00, 0x00, 0x3C, 0x2C, 0x00, 0x00, 0x00, 0x3E, 0x38, 0x00, 0x00, 0x00,
    0x2F, 0x30, 0x00, 0x00, 0x00, 0x0F, 0xF0, 0x00, 0x00, 0x00, 0x0F, 0xE0, 0x00, 0x00, 0x00, 0x0B,
    0xC0, 0x00, 0x00, 0x00, 0x00, 0x00, 0x00, 0x00, 0x00, 0x00, 0x0A, 0x80, 0xBF, 0xC0, 0x3F, 0xE0,
    0x0F, 0x00, 0xB1, 0xE0, 0x0F, 0x40, 0xE0, 0x00, 0x0B, 0xC0, 0xC0, 0x00, 0x03, 0xC2, 0xC0, 0x00,
    0x03, 0xE3, 0x80, 0x00, 0x02, 0xF3, 0x00, 0x00, 0x00, 0xFF, 0x00, 0x00, 0x00, 0xFE, 0x00, 0x00,
    0x00, 0x7C, 0x00, 0x00, 0x00, 0x3C, 0x00, 0x00, 0x00, 0x00, 0x00, 0x00, 0x00, 0x3C, 0x2C, 0x00,
    0x00, 0x3C, 0x2E, 0x00, 0x00, 0x28, 0x2C, 0x00, 0x00, 0x06, 0xE0, 0x00, 0x00, 0x00, 0x00, 0x00,
    0x2A, 0xA4, 0x0A, 0xAA, 0x2F, 0xE0, 0x0B, 0xF9, 0x0B, 0xC0, 0x02, 0xF0, 0x0B, 0xC0, 0x03, 0xF0,
    0x0B, 0xC0, 0x0F, 0xF0, 0x0B, 0xC0, 0x3E, 0xF0, 0x0B, 0xC0, 0xB6, 0xF0, 0x0B, 0xC2, 0xE2, 0xF0,
    0x0B, 0xC3, 0x82, 0xF0, 0x0B, 0xCF, 0x02, 0xF0, 0x0B, 0xFC, 0x02, 0xF0, 0x0B, 0xF0, 0x02, 0xF0,
    0x0B, 0xE0, 0x02, 0xF0, 0x0B, 0xC0, 0x02, 0xF0, 0x0F, 0xC0, 0x02, 0xF8, 0x3F, 0xF8, 0x0F, 0xFF,
    0x00, 0x00, 0x00, 0x0D, 0x00, 0x00, 0x00, 0x3C, 0x00, 0x00, 0x00, 0xB0, 0x00, 0x00, 0x00, 0xA0,
    0x00, 0x40, 0x10, 0x00, 0x00, 0xF0, 0xF0, 0x00, 0x00, 0xC0, 0xB0, 0x00, 0x00, 0x7A, 0xC0, 0x00,
    0x00, 0x00, 0x00, 0x00, 0x00, 0x00, 0x00, 0x00, 0x3F, 0xE0, 0xBF, 0xC0, 0x0F, 0x00, 0x2F, 0x00,
    0x0F, 0x00, 0xBF, 0x00, 0x0F, 0x00, 0xEF, 0x00, 0x0F, 0x03, 0x1F, 0x00, 0x0F, 0x0C, 0x1F, 0x00,
    0x0F, 0x38, 0x1F, 0x00, 0x0F, 0xE0, 0x1F, 0x00, 0x0F, 0x80, 0x1F, 0x00, 0x0F, 0x80, 0x2F, 0x00,
    0x3F, 0xE0, 0xFF, 0xE0, 0x00, 0x00, 0x02, 0xC0, 0x00, 0x00, 0x03, 0x40, 0x00, 0x00, 0x0F, 0x00,
    0x00, 0x00, 0x08, 0x00, 0x00, 0x00, 0x00, 0x00, 0x0B, 0xC0, 0x00, 0x00, 0xAF, 0xE8, 0x00, 0x00,
    0xAF, 0xE8, 0x00, 0x00, 0x0B, 0xC0, 0x00, 0x00, 0x0B, 0xC0, 0x00, 0x00, 0x0B, 0xC0, 0x00, 0x00,
    0x0B, 0xC0, 0x00, 0x00, 0x0B, 0xFE, 0x80, 0x00, 0x0B, 0xEA, 0xFC, 0x00, 0x0B, 0xC0, 0x3F, 0x00,
    0x0B, 0xC0, 0x2F, 0x00, 0x0B, 0xC0, 0x0F, 0x80, 0x0B, 0xC0, 0x0F, 0x80, 0x0B, 0xC0, 0x1F, 0x40,
    0x0B, 0xC0, 0x3F, 0x00, 0x0F, 0xC2, 0xFD, 0x00, 0xBF, 0xFF, 0xA0, 0x00, 0x00, 0x00, 0x00, 0x0F,
    0x00, 0x00, 0x1F, 0x80, 0x00, 0xFF, 0xF0, 0x00, 0x0F, 0x00, 0x00, 0x0F, 0x00, 0x00, 0x0F, 0x40,
    0x00, 0x0F, 0xFF, 0x80, 0x0F, 0x03, 0xE0, 0x0F, 0x00, 0xF0, 0x0F, 0x00, 0xF0, 0x0F, 0x00, 0xF0,
    0x0F, 0x47, 0xF0, 0xBF, 0xFE, 0x80, 0x2A, 0xAA, 0x80, 0x00, 0x2F, 0xEB, 0xFC, 0x00, 0x0B, 0xC0,
    0x3F, 0x00, 0x0B, 0xC0, 0x1F, 0x00, 0x0B, 0xC0, 0x0F, 0x40, 0x0B, 0xC0, 0x0F, 0x80, 0x0B, 0xC2,
    0x0F, 0x00, 0x0B, 0xC3, 0xBF, 0x00, 0x0B, 0xC2, 0xFC, 0x00, 0x0B, 0xFF, 0xF0, 0x00, 0x0B, 0xC0,
    0x38, 0x00, 0x0B, 0xC0, 0x00, 0x00, 0x0B, 0xC0, 0x00, 0x00, 0x0B, 0xC0, 0x00, 0x00, 0x0F, 0xC0,
    0x00, 0x00, 0x3F, 0xFC, 0x00, 0x00, 0x00, 0x06, 0x80, 0x00, 0x3F, 0xBF, 0xF4, 0x00, 0x2F, 0xD1,
    0xFC, 0x00, 0x0F, 0x00, 0x3E, 0x00, 0x0F, 0x00, 0x2F, 0x00, 0x0F, 0x00, 0x2F, 0x00, 0x0F, 0x00,
    0x1F, 0x00, 0x0F, 0x00, 0x2F, 0x00, 0x0F, 0x00, 0x2F, 0x00, 0x0F, 0x0E, 0x3C, 0x00, 0x0F, 0x8B,
    0xF8, 0x00, 0x0F, 0xFF, 0xE0, 0x00, 0x0F, 0x40, 0xE0, 0x00, 0x0F, 0x00, 0x20, 0x00, 0x0F, 0x00,
    0x00, 0x00, 0x0F, 0x80, 0x00, 0x00, 0xBF, 0xF0, 0x00, 0x00, 0x00, 0x00, 0x24, 0x00, 0x00, 0x38,
    0x00, 0x00, 0x38, 0x2A, 0xAA, 0xB8, 0x2F, 0xEA, 0xA4, 0x0B, 0xC0, 0x00, 0x0B, 0xC0, 0x00, 0x0B,
    0xC0, 0x00, 0x0B, 0xC0, 0x00, 0x0B, 0xC0, 0x00, 0x0B, 0xC0, 0x00, 0x0B, 0xC0, 0x00, 0x0B, 0xC0,
    0x00, 0x0B, 0xC0, 0x00, 0x0B, 0xC0, 0x00, 0x0B, 0xC0, 0x00, 0x0B, 0xC0, 0x00, 0x0F, 0xC0, 0x00,
    0xBF, 0xF8, 0x00, 0x00, 0x00, 0x40, 0x00, 0x02, 0xC0, 0x00, 0x02, 0xC0, 0x7F, 0xFF, 0xC0, 0x0F,
    0x00, 0x00, 0x0F, 0x00, 0x00, 0x0F, 0x00, 0x00, 0x0F, 0x00, 0x00, 0x0F, 0x00, 0x00, 0x0F, 0x00,
    0x00, 0x0F, 0x00, 0x00, 0x0F, 0x00, 0x00, 0x0F, 0x80, 0x00, 0xBF, 0xE0, 0x00, 0x2A, 0xAA, 0xAA,
    0x2F, 0xEA, 0xAE, 0x0B, 0xC0, 0x0E, 0x0B, 0xC0, 0x0E, 0x0B, 0xC0, 0x0A, 0x0B, 0xC0, 0x00, 0x0B,
    0xC0, 0x00, 0xBF, 0xFF, 0x00, 0x2F, 0xEA, 0x00, 0x0B, 0xC0, 0x00, 0x0B, 0xC0, 0x00, 0x0B, 0xC0,
    0x00, 0x0B, 0xC0, 0x00, 0x0B, 0xC0, 0x00, 0x0F, 0xC0, 0x00, 0xBF, 0xF8, 0x00, 0x00, 0x00, 0x00,
    0x7F, 0xFF, 0xE0, 0x0F, 0x00, 0xA0, 0x0F, 0x00, 0xA0, 0x0F, 0x00, 0x00, 0x2F, 0xA0, 0x00, 0xBF,
    0xF8, 0x00, 0x0F, 0x00, 0x00, 0x0F, 0x00, 0x00, 0x0F, 0x00, 0x00, 0x0F, 0x80, 0x00, 0xBF, 0xE0,
    0x00, 0x2A, 0xAA, 0xA8, 0x00, 0x2F, 0xEA, 0xBC, 0x00, 0x0B, 0xC0, 0x2C, 0x00, 0x0B, 0xC0, 0x0C,
    0x00, 0x0B, 0xC0, 0x00, 0x00, 0x0B, 0xC0, 0x00, 0x00, 0x0B, 0xFF, 0x80, 0x00, 0x0B, 0xEA, 0xFC,
    0x00, 0x0B, 0xC0, 0x3F, 0x00, 0x0B, 0xC0, 0x0F, 0x80, 0x0B, 0xC0, 0x0F, 0xC0, 0x0B, 0xC0, 0x0B,
    0xC0, 0x0B, 0xC0, 0x0B, 0xC0, 0x0B, 0xC0, 0x0B, 0xC0, 0x0F, 0xC0, 0x0B, 0xC0, 0xBF, 0xF4, 0x0B,
    0xC0, 0x00, 0x00, 0x0F, 0x80, 0x00, 0x00, 0x2F, 0x00, 0x00, 0x00, 0xBC, 0x00, 0x02, 0xAF, 0xF0,
    0x00, 0x00, 0xA9, 0x00, 0x00, 0x00, 0x00, 0x00, 0xBF, 0xFF, 0xC0, 0x2F, 0x00, 0xC0, 0x2F, 0x00,
    0xC0, 0x2F, 0x00, 0x00, 0x2F, 0xFE, 0x00, 0x2F, 0x0B, 0xC0, 0x2F, 0x03, 0xE0, 0x2F, 0x02, 0xF0,
    0x2F, 0x00, 0xF0, 0x2F, 0x00, 0xF0, 0xFF, 0xC0, 0xF0, 0x00, 0x01, 0xF0, 0x00, 0x03, 0xE0, 0x00,
    0x0B, 0xC0, 0x0A, 0xBF, 0x00, 0x01, 0xA0, 0x00, 0x00, 0x00, 0x00, 0x00, 0x00, 0x00, 0x3F, 0x02,
    0xAA, 0x80, 0xBE, 0x00, 0xBF, 0xC1, 0xBF, 0x82, 0xFF, 0x00, 0x38, 0xE0, 0x3E, 0x03, 0x8B, 0x00,
    0x00, 0xB0, 0x3E, 0x07, 0x00, 0x00, 0x00, 0x30, 0x3E, 0x0B, 0x00, 0x00, 0x00, 0x38, 0x3E, 0x0E,
    0x00, 0x00, 0x00, 0x2C, 0x3E, 0x2C, 0x00, 0x00, 0x00, 0x0F, 0x7E, 0xB8, 0x00, 0x00, 0x00, 0x0B,
    0xFF, 0xF0, 0x00, 0x00, 0x00, 0x3F, 0x3E, 0xBD, 0x00, 0x00, 0x00, 0xBC, 0x3E, 0x2F, 0x00, 0x00,
    0x00, 0xF8, 0x3E, 0x0F, 0x80, 0x00, 0x03, 0xF0, 0x3E, 0x0B, 0xC0, 0x00, 0x0B, 0xC0, 0x3E, 0x03,
    0xF0, 0x00, 0x0F, 0x80, 0x7E, 0x00, 0xF8, 0x00, 0xFF, 0x02, 0xFF, 0xC0, 0xBF, 0x00, 0x00, 0x00,
    0x00, 0x00, 0x0F, 0x00, 0x00, 0x00, 0x00, 0x00, 0x0B, 0x00, 0x00, 0x00, 0x00, 0x00, 0x03, 0x00,
    0x00, 0x00, 0x00, 0x00, 0x03, 0x00, 0x00, 0x00, 0x00, 0x00, 0x02, 0x00, 0x28, 0x00, 0x00, 0x28,
    0xBF, 0x0F, 0xF4, 0xFE, 0xBB, 0x83, 0xC2, 0xEE, 0x00, 0xC3, 0xC3, 0x40, 0x00, 0xE3, 0xCB, 0x00,
    0x00, 0x7B, 0xED, 0x00, 0x00, 0xBF, 0xFE, 0x00, 0x00, 0xF7, 0xDF, 0x40, 0x03, 0xE3, 0xC7, 0xC0,
    0x0B, 0xC3, 0xC2, 0xE0, 0x1F, 0x03, 0xD0, 0xF8, 0xFE, 0x2F, 0xF8, 0xBF, 0x00, 0x00, 0x00, 0x0F,
    0x00, 0x00, 0x00, 0x0B, 0x00, 0x00, 0x00, 0x07, 0x00, 0x00, 0x00, 0x02, 0x00, 0x00, 0x00, 0x0A,
    0xFF, 0x80, 0x3F, 0x9B, 0xF0, 0x3C, 0x00, 0xFC, 0x3C, 0x00, 0xBC, 0x38, 0x00, 0x7C, 0x00, 0x00,
    0xB8, 0x00, 0x02, 0xF0, 0x00, 0x3F, 0x80, 0x00, 0x2B, 0xF0, 0x00, 0x00, 0xBC, 0x00, 0x00, 0x3E,
    0x00, 0x00, 0x2E, 0x38, 0x00, 0x3E, 0x38, 0x00, 0x7C, 0x3E, 0x02, 0xF8, 0x2F, 0xFF, 0xE0, 0x00,
    0x2C, 0x00, 0x00, 0x0E, 0x00, 0x00, 0x0F, 0x00, 0x00, 0xFE, 0x00, 0x00, 0x00, 0x00, 0x02, 0xA0,
    0x00, 0x3F, 0xBF, 0x00, 0x38, 0x0B, 0xC0, 0x30, 0x07, 0xC0, 0x00, 0x0B, 0x80, 0x00, 0xBE, 0x00,
    0x00, 0xFF, 0x00, 0x00, 0x07, 0xC0, 0x00, 0x03, 0xE0, 0x30, 0x03, 0xD0, 0x38, 0x0B, 0xC0, 0x3F,
    0xFE, 0x00, 0x00, 0xB0, 0x00, 0x00, 0x38, 0x00, 0x00, 0x38, 0x00, 0x0B, 0xF4, 0x00, 0x00, 0x00,
    0x00, 0x00, 0x00, 0x00, 0x00, 0x2A, 0xA4, 0x03, 0xF0, 0x2F, 0xE0, 0x0F, 0xF8, 0x0B, 0xC0, 0x2C,
    0xB0, 0x0B, 0xC0, 0x38, 0x00, 0x0B, 0xC0, 0x30, 0x00, 0x0B, 0xC0, 0xF0, 0x00, 0x0B, 0xC2, 0xC0,
    0x00, 0x0B, 0xCB, 0x80, 0x00, 0x0B, 0xFF, 0x00, 0x00, 0x0B, 0xCB, 0xC0, 0x00, 0x0B, 0xC2, 0xF0,
    0x00, 0x0B, 0xC0, 0xF8, 0x00, 0x0B, 0xC0, 0x3E, 0x00, 0x0B, 0xC0, 0x2F, 0x00, 0x0F, 0xC0, 0x0F,
    0xC0, 0x3F, 0xF8, 0x03, 0xF8, 0x00, 0x00, 0x00, 0xF8, 0x00, 0x00, 0x00, 0x38, 0x00, 0x00, 0x00,
    0x38, 0x00, 0x00, 0x00, 0x38, 0x00, 0x00, 0x00, 0x24, 0x00, 0x00, 0x28, 0x00, 0x3F, 0xE0, 0xFF,
    0x00, 0x0F, 0x02, 0xEE, 0x00, 0x0F, 0x03, 0x00, 0x00, 0x0F, 0x0B, 0x00, 0x00, 0x0F, 0xAC, 0x00,
    0x00, 0x0F, 0xFE, 0x00, 0x00, 0x0F, 0x1F, 0x00, 0x00, 0x0F, 0x0B, 0xC0, 0x00, 0x0F, 0x03, 0xF0,
    0x00, 0x0F, 0x80, 0xF8, 0x00, 0xBF, 0xE0, 0xBF, 0x00, 0x00, 0x00, 0x0F, 0x00, 0x00, 0x00, 0x0B,
    0x00, 0x00, 0x00, 0x03, 0x00, 0x00, 0x00, 0x02, 0x00, 0x00, 0x00, 0x00, 0x00, 0x2A, 0xA4, 0x02,
    0xF8, 0x2F, 0xE0, 0x0F, 0xFC, 0x0B, 0xC0, 0x0D, 0x78, 0x0B, 0xCB, 0x2C, 0x00, 0x0B, 0xCB, 0x34,
    0x00, 0x0B, 0xCB, 0x70, 0x00, 0x0B, 0xCB, 0xE0, 0x00, 0x0B, 0xCF, 0xC0, 0x00, 0x0B, 0xFF, 0x80,
    0x00, 0x0B, 0xCB, 0xE0, 0x00, 0x0B, 0xCB, 0xF4, 0x00, 0x0B, 0xCB, 0xBC, 0x00, 0x0B, 0xCB, 0x3F,
    0x00, 0x0B, 0xCB, 0x0F, 0x80, 0x0F, 0xC0, 0x0B, 0xD0, 0x3F, 0xF8, 0x03, 0xFC, 0x00, 0x00, 0x18,
    0x00, 0x3F, 0xE0, 0xFF, 0x00, 0x0F, 0x00, 0xEF, 0x00, 0x0F, 0x2B, 0x80, 0x00, 0x0F, 0x2F, 0x00,
    0x00, 0x0F, 0xBE, 0x00, 0x00, 0x0F, 0xFE, 0x00, 0x00, 0x0F, 0x2F, 0x80, 0x00, 0x0F, 0x2F, 0xC0,
    0x00, 0x0F, 0x2A, 0xF0, 0x00, 0x0F, 0x80, 0xF8, 0x00, 0xBF, 0xE0, 0x3F, 0x00, 0x00, 0x00, 0x00,
    0x00, 0x2A, 0xA4, 0x03, 0xF0, 0x2F, 0xE0, 0x0F, 0xF8, 0x0B, 0xC0, 0x2C, 0xB0, 0x0F, 0xC0, 0x38,
    0x00, 0x3F, 0xFC, 0x30, 0x00, 0x0B, 0xC0, 0xF0, 0x00, 0x0B, 0xC2, 0xC0, 0x00, 0x0B, 0xCB, 0x80,
    0x00, 0x0B, 0xFF, 0x00, 0x00, 0x0B, 0xCB, 0xC0, 0x00, 0x0B, 0xC2, 0xF0, 0x00, 0x0B, 0xC0, 0xF8,
    0x00, 0x0B, 0xC0, 0x3E, 0x00, 0x0B, 0xC0, 0x2F, 0x00, 0x0F, 0xC0, 0x0F, 0xC0, 0x3F, 0xF8, 0x03,
    0xF8, 0x00, 0x00, 0x00, 0x00, 0x0B, 0xC0, 0x00, 0x00, 0x2B, 0xC0, 0x00, 0x00, 0x03, 0xC0, 0x00,
    0x00, 0x2B, 0xE9, 0x00, 0x00, 0x3F, 0xFF, 0x00, 0x00, 0x03, 0xC0, 0x0A, 0x00, 0x03, 0xC0, 0x3F,
    0xC0, 0x03, 0xC0, 0xBB, 0x80, 0x03, 0xC0, 0xC0, 0x00, 0x03, 0xC2, 0xC0, 0x00, 0x03, 0xEB, 0x00,
    0x00, 0x03, 0xFF, 0x80, 0x00, 0x03, 0xC7, 0xC0, 0x00, 0x03, 0xC2, 0xF0, 0x00, 0x03, 0xC0, 0xFC,
    0x00, 0x03, 0xE0, 0x3E, 0x00, 0x2F, 0xF8, 0x2F, 0xC0, 0x00, 0x00, 0x00, 0x00, 0x00, 0xAB, 0xFA,
    0x80, 0x2F, 0x80, 0xBA, 0xFF, 0x80, 0xBF, 0xC0, 0xB0, 0x3C, 0x00, 0xE7, 0x80, 0xB0, 0x3C, 0x02,
    0xC0, 0x00, 0x00, 0x3C, 0x03, 0x80, 0x00, 0x00, 0x3C, 0x07, 0x00, 0x00, 0x00, 0x3C, 0x0E, 0x00,
    0x00, 0x00, 0x3E, 0xBC, 0x00, 0x00, 0x00, 0x3F, 0xF8, 0x00, 0x00, 0x00, 0x3D, 0x7E, 0x00, 0x00,
    0x00, 0x3C, 0x0F, 0x40, 0x00, 0x00, 0x3C, 0x0B, 0xC0, 0x00, 0x00, 0x3C, 0x03, 0xF0, 0x00, 0x00,
    0x3C, 0x00, 0xF8, 0x00, 0x00, 0xBE, 0x00, 0xBD, 0x00, 0x03, 0xFF, 0xC0, 0x3F, 0xC0, 0x06, 0xA0,
    0x02, 0x80, 0x7F, 0xFD, 0x0F, 0xE0, 0x70, 0xF0, 0x2E, 0xE0, 0x20, 0xF0, 0x30, 0x00, 0x00, 0xF0,
    0xB0, 0x00, 0x00, 0xFA, 0xC0, 0x00, 0x00, 0xFF, 0xD0, 0x00, 0x00, 0xF2, 0xF0, 0x00, 0x00, 0xF0,
    0xBC, 0x00, 0x00, 0xF0, 0x3E, 0x00, 0x00, 0xF4, 0x0F, 0x80, 0x0B, 0xFE, 0x0B, 0xF0, 0x2A, 0xA4,
    0x02, 0xAA, 0x00, 0x2F, 0xE0, 0x02, 0xFE, 0x00, 0x0B, 0xC0, 0x00, 0xB8, 0x00, 0x0B, 0xC0, 0x00,
    0xB8, 0x00, 0x0B, 0xC0, 0x00, 0xB8, 0x00, 0x0B, 0xC0, 0x00, 0xB8, 0x00, 0x0B, 0xC0, 0x00, 0xB8,
    0x00, 0x0B, 0xFF, 0xFF, 0xF8, 0x00, 0x0B, 0xD5, 0x55, 0xF8, 0x00, 0x0B, 0xC0, 0x00, 0xB8, 0x00,
    0x0B, 0xC0, 0x00, 0xB8, 0x00, 0x0B, 0xC0, 0x00, 0xB8, 0x00, 0x0B, 0xC0, 0x00, 0xB8, 0x00, 0x0B,
    0xC0, 0x00, 0xB8, 0x00, 0x0F, 0xC0, 0x00, 0xFC, 0x00, 0x3F, 0xF8, 0x0B, 0xFF, 0x80, 0x00, 0x00,
    0x00, 0x2F, 0x80, 0x00, 0x00, 0x00, 0x0F, 0x80, 0x00, 0x00, 0x00, 0x03, 0x80, 0x00, 0x00, 0x00,
    0x03, 0x80, 0x00, 0x00, 0x00, 0x02, 0x00, 0x00, 0x00, 0x00, 0x00, 0x3F, 0xE0, 0xFF, 0xC0, 0x0F,
    0x00, 0x2E, 0x00, 0x0F, 0x00, 0x2E, 0x00, 0x0F, 0x00, 0x2E, 0x00, 0x0F, 0x95, 0x6E, 0x00, 0x0F,
    0xAA, 0xBE, 0x00, 0x0F, 0x00, 0x2E, 0x00, 0x0F, 0x00, 0x2E, 0x00, 0x0F, 0x00, 0x2E, 0x00, 0x0F,
    0x80, 0x2F, 0x00, 0xBF, 0xE0, 0xFF, 0xC0, 0x00, 0x00, 0x03, 0xC0, 0x00, 0x00, 0x02, 0xC0, 0x00,
    0x00, 0x00, 0xC0, 0x00, 0x00, 0x00, 0x80, 0x2A, 0xA4, 0x02, 0xAF, 0xA8, 0x2F, 0xE0, 0x02, 0xFE,
    0xBC, 0x0B, 0xC0, 0x00, 0xB8, 0x2C, 0x0B, 0xC0, 0x00, 0xB8, 0x2C, 0x0B, 0xC0, 0x00, 0xB8, 0x00,
    0x0B, 0xC0, 0x00, 0xB8, 0x00, 0x0B, 0xC0, 0x00, 0xB8, 0x00, 0x0B, 0xFF, 0xFF, 0xF8, 0x00, 0x0B,
    0xD5, 0x55, 0xF8, 0x00, 0x0B, 0xC0, 0x00, 0xB8, 0x00, 0x0B, 0xC0, 0x00, 0xB8, 0x00, 0x0B, 0xC0,
    0x00, 0xB8, 0x00, 0x0B, 0xC0, 0x00, 0xB8, 0x00, 0x0B, 0xC0, 0x00, 0xB8, 0x00, 0x0F, 0xC0, 0x00,
    0xFC, 0x00, 0x3F, 0xF8, 0x0B, 0xFF, 0x40, 0x00, 0x00, 0x0A, 0x80, 0x3F, 0xE0, 0xFF, 0xFC, 0x0F,
    0x00, 0x2E, 0x0C, 0x0F, 0x00, 0x2E, 0x0C, 0x0F, 0x00, 0x2E, 0x00, 0x0F, 0xAA, 0xBE, 0x00, 0x0F,
    0xAA, 0xBE, 0x00, 0x0F, 0x00, 0x2E, 0x00, 0x0F, 0x00, 0x2E, 0x00, 0x0F, 0x00, 0x2E, 0x00, 0x0F,
    0x80, 0x2F, 0x00, 0xBF, 0xE0, 0xFF, 0xC0, 0x2A, 0xAA, 0xAA, 0xA8, 0x00, 0x00, 0x2F, 0xEA, 0xAF,
    0xF8, 0x00, 0x00, 0x0B, 0xC0, 0x03, 0xC0, 0x00, 0x00, 0x0B, 0xC0, 0x03, 0xC0, 0x00, 0x00, 0x0B,
    0xC0, 0x03, 0xC0, 0x00, 0x00, 0x0B, 0xC0, 0x03, 0xC0, 0x00, 0x00, 0x0B, 0xC0, 0x03, 0xFF, 0xA0,
    0x00, 0x0B, 0xC0, 0x03, 0xEA, 0xFE, 0x00, 0x0B, 0xC0, 0x03, 0xC0, 0x2F, 0x40, 0x0B, 0xC0, 0x03,
    0xC0, 0x0F, 0xC0, 0x0B, 0xC0, 0x03, 0xC0, 0x07, 0xC0, 0x0B, 0xC0, 0x03, 0xC0, 0x03, 0xE0, 0x0B,
    0xC0, 0x03, 0xC0, 0x03, 0xE0, 0x0B, 0xC0, 0x03, 0xC0, 0x03, 0xE0, 0x0F, 0xC0, 0x0B, 0xE0, 0x03,
    0xE0, 0x3F, 0xF8, 0x3F, 0xFC, 0x03, 0xC0, 0x00, 0x00, 0x00, 0x00, 0x0B, 0xC0, 0x00, 0x00, 0x00,
    0x00, 0x0F, 0x80, 0x00, 0x00, 0x00, 0x00, 0x7E, 0x00, 0x00, 0x00, 0x00, 0xAB, 0xF4, 0x00, 0x00,
    0x00, 0x00, 0xA9, 0x00, 0x00, 0x00, 0x00, 0x00, 0x00, 0x00, 0x3F, 0xFF, 0xFE, 0x00, 0x00, 0x0F,
    0x00, 0xF8, 0x00, 0x00, 0x0F, 0x00, 0xB8, 0x00, 0x00, 0x0F, 0x00, 0xB8, 0x00, 0x00, 0x0F, 0x00,
    0xBF, 0xF8, 0x00, 0x0F, 0x00, 0xB8, 0x3E, 0x00, 0x0F, 0x00, 0xB8, 0x0F, 0x00, 0x0F, 0x00, 0xB8,
    0x0F, 0x80, 0x0F, 0x00, 0xB8, 0x0B, 0xC0, 0x0F, 0x80, 0xF8, 0x0B, 0xC0, 0x3F, 0xE3, 0xFF, 0x0B,
    0xC0, 0x00, 0x00, 0x00, 0x0B, 0x80, 0x00, 0x00, 0x00, 0x0F, 0x00, 0x00, 0x00, 0x00, 0x3E, 0x00,
    0x00, 0x00, 0x2A, 0xF8, 0x00, 0x00, 0x00, 0x0A, 0x80, 0x00, 0x00, 0x00, 0x00, 0x00, 0x00, 0x00,
    0x0B, 0xC0, 0x00, 0x00, 0x00, 0xFD, 0x02, 0xE0, 0x00, 0x03, 0xF0, 0x2F, 0xBC, 0x00, 0x0F, 0xC0,
    0x3C, 0x2F, 0x00, 0x1F, 0x80, 0xF8, 0x0F, 0x80, 0x3F, 0x00, 0xF8, 0x0F, 0xC0, 0x3F, 0x01, 0xF0,
    0x0B, 0xC0, 0x3E, 0x02, 0xF0, 0x0B, 0xC0, 0x3E, 0x02, 0xF0, 0x0B, 0xC0, 0x3E, 0x02, 0xF4, 0x0B,
    0xC0, 0x3F, 0x00, 0xF8, 0x0F, 0xC0, 0x2F, 0x00, 0xFC, 0x0F, 0x80, 0x0F, 0xC0, 0xBE, 0x3F, 0x00,
    0x03, 0xE0, 0x3F, 0xFD, 0x00, 0x00, 0xFD, 0x2F, 0xF8, 0xB0, 0x00, 0x2F, 0xFF, 0xFF, 0xC0, 0x00,
    0x00, 0x00, 0x00, 0x00, 0x00, 0x20, 0x00, 0x00, 0x03, 0xE0, 0xA0, 0x00, 0x0F, 0x43, 0xFE, 0x00,
    0x3E, 0x0F, 0x0F, 0x00, 0x3C, 0x2F, 0x0F, 0x80, 0xBC, 0x2F, 0x0B, 0xC0, 0xBC, 0x2F, 0x0B, 0xC0,
    0x7C, 0x2F, 0x0F, 0xC0, 0x3E, 0x1F, 0x4F, 0x80, 0x2F, 0x0F, 0xEF, 0x00, 0x0B, 0xC7, 0xFD, 0x80,
    0x00, 0xFF, 0xFF, 0xC0, 0x00, 0x00, 0x00, 0x00, 0x00, 0x00, 0x00, 0x00, 0x00, 0x0B, 0xFE, 0x40,
    0x00, 0xFE, 0xAB, 0xE0, 0x03, 0xF0, 0x00, 0xE0, 0x0F, 0xC0, 0x00, 0xE0, 0x1F, 0x40, 0x00, 0x80,
    0x3F, 0x00, 0x00, 0x00, 0x3F, 0x00, 0x00, 0x00, 0x3E, 0x00, 0x00, 0x00, 0x3E, 0x00, 0x00, 0x00,
    0x3F, 0x00, 0x00, 0x00, 0x3F, 0x00, 0x00, 0x00, 0x2F, 0x00, 0x00, 0x80, 0x0F, 0xC0, 0x00, 0xE0,
    0x03, 0xE0, 0x00, 0xE0, 0x01, 0xFD, 0x03, 0xE0, 0x00, 0x2F, 0xFF, 0xC0, 0x00, 0x00, 0xE0, 0x00,
    0x00, 0x00, 0xB0, 0x00, 0x00, 0x00, 0xB0, 0x00, 0x00, 0x0F, 0xF0, 0x00, 0x00, 0x00, 0x00, 0x00,
    0x00, 0x2A, 0x00, 0x03, 0xFB, 0xE0, 0x0F, 0x82, 0xF0, 0x2F, 0x02, 0xF0, 0x3E, 0x00, 0x00, 0x3C,
    0x00, 0x00, 0x3C, 0x00, 0x00, 0x3D, 0x00, 0x00, 0x3E, 0x00, 0x00, 0x2F, 0x80, 0x00, 0x0F, 0xEA,
    0xB0, 0x02, 0xFF, 0xC0, 0x00, 0x2C, 0x00, 0x00, 0x0E, 0x00, 0x00, 0x0F, 0x00, 0x02, 0xFE, 0x00,
    0x00, 0x00, 0x00, 0xAA, 0xAA, 0xAA, 0x80, 0xBA, 0xBF, 0xAB, 0xE0, 0xB0, 0x0F, 0x00, 0xE0, 0xB0,
    0x0F, 0x00, 0xE0, 0x00, 0x0F, 0x00, 0x00, 0x00, 0x0F, 0x00, 0x00, 0x00, 0x0F, 0x00, 0x00, 0x00,
    0x0F, 0x00, 0x00, 0x00, 0x0F, 0x00, 0x00, 0x00, 0x0F, 0x00, 0x00, 0x00, 0x0F, 0x00, 0x00, 0x00,
    0x0F, 0x00, 0x00, 0x00, 0x0F, 0x00, 0x00, 0x00, 0x0F, 0x00, 0x00, 0x00, 0x2F, 0x90, 0x00, 0x00,
    0xFF, 0xF0, 0x00, 0x00, 0x07, 0xF0, 0x00, 0x00, 0x00, 0xF0, 0x00, 0x00, 0x00, 0xB0, 0x00, 0x00,
    0x00, 0xB0, 0x00, 0x00, 0x00, 0x20, 0x00, 0x00, 0x00, 0x00, 0x7F, 0xFF, 0xF8, 0x70, 0xBC, 0x28,
    0x20, 0xBC, 0x28, 0x00, 0xBC, 0x00, 0x00, 0xBC, 0x00, 0x00, 0xBC, 0x00, 0x00, 0xBC, 0x00, 0x00,
    0xBC, 0x00, 0x00, 0xBC, 0x00, 0x00, 0xBC, 0x00, 0x03, 0xFF, 0x80, 0x00, 0x0F, 0x00, 0x00, 0x03,
    0x00, 0x00, 0x03, 0x00, 0x00, 0x02, 0x00, 0xAA, 0xA0, 0x0A, 0xA0, 0xBF, 0xD0, 0x0B, 0xE0, 0x0F,
    0x80, 0x03, 0x80, 0x0B, 0xC0, 0x0F, 0x00, 0x03, 0xE0, 0x2C, 0x00, 0x02, 0xF0, 0x38, 0x00, 0x00,
    0xFC, 0xB0, 0x00, 0x00, 0x3E, 0xE0, 0x00, 0x00, 0x3F, 0xC0, 0x00, 0x00, 0x0F, 0x40, 0x00, 0x00,
    0x0F, 0x00, 0x00, 0x00, 0x0F, 0x00, 0x00, 0x00, 0x0F, 0x00, 0x00, 0x00, 0x0F, 0x00, 0x00, 0x00,
    0x2F, 0x80, 0x00, 0x00, 0xFF, 0xF0, 0x00, 0x00, 0x00, 0x00, 0x00, 0xFF, 0xE0, 0xFF, 0xC0, 0x0F,
    0x00, 0x2D, 0x00, 0x0F, 0x80, 0x3C, 0x00, 0x0B, 0xC0, 0x38, 0x00, 0x03, 0xD0, 0xB0, 0x00, 0x03,
    0xF0, 0xE0, 0x00, 0x01, 0xF2, 0xC0, 0x00, 0x00, 0xFB, 0xC0, 0x00, 0x00, 0xBF, 0x40, 0x00, 0x00,
    0x3F, 0x00, 0x00, 0x00, 0x3E, 0x00, 0x00, 0x00, 0x2E, 0x00, 0x00, 0x00, 0x2E, 0x00, 0x00, 0x00,
    0x2E, 0x00, 0x00, 0x00, 0x3E, 0x00, 0x00, 0x02, 0xFF, 0xE0, 0x00, 0xAA, 0xA0, 0x0A, 0xA0, 0xBF,
    0xD0, 0x0B, 0xE0, 0x0F, 0x80, 0x03, 0x80, 0x0B, 0xC0, 0x0F, 0x00, 0x03, 0xE0, 0x2C, 0x00, 0x02,
    0xF0, 0x38, 0x00, 0x00, 0xFC, 0xB0, 0x00, 0x00, 0x3E, 0xE0, 0x00, 0x0A, 0xBF, 0xEA, 0x00, 0x0F,
    0xFF, 0xFF, 0x80, 0x00, 0x0F, 0x00, 0x00, 0x00, 0x0F, 0x00, 0x00, 0x00, 0x0F, 0x00, 0x00, 0x00,
    0x0F, 0x00, 0x00, 0x00, 0x2F, 0x80, 0x00, 0x00, 0xFF, 0xF0, 0x00, 0x00, 0x00, 0x00, 0x00, 0xFF,
    0xE0, 0xFF, 0xC0, 0x0F, 0x00, 0x2D, 0x00, 0x0F, 0x80, 0x3C, 0x00, 0x0B, 0xC0, 0x38, 0x00, 0x03,
    0xD0, 0xF0, 0x00, 0x02, 0xF0, 0xE0, 0x00, 0x00, 0xF2, 0xC0, 0x00, 0x00, 0xFB, 0x80, 0x00, 0x00,
    0xBF, 0x00, 0x00, 0x00, 0xBF, 0x00, 0x00, 0x2F, 0xFF, 0xFE, 0x00, 0x00, 0x2E, 0x00, 0x00, 0x00,
    0x2E, 0x00, 0x00, 0x00, 0x2E, 0x00, 0x00, 0x00, 0x3E, 0x00, 0x00, 0x02, 0xFF, 0xE0, 0x00, 0x2A,
    0xA0, 0x2A, 0xA0, 0x2F, 0xE0, 0x1F, 0xE0, 0x0B, 0xC0, 0x0B, 0x00, 0x03, 0xF0, 0x2E, 0x00, 0x00,
    0xF8, 0x38, 0x00, 0x00, 0xBC, 0xF0, 0x00, 0x00, 0x3F, 0xC0, 0x00, 0x00, 0x1F, 0x80, 0x00, 0x00,
    0x0F, 0xC0, 0x00, 0x00, 0x3F, 0xF0, 0x00, 0x00, 0xB6, 0xF8, 0x00, 0x00, 0xE0, 0xFC, 0x00, 0x03,
    0xC0, 0x3E, 0x00, 0x0B, 0x00, 0x2F, 0x00, 0x2F, 0x00, 0x1F, 0xD0, 0xFF, 0xC0, 0xBF, 0xF8, 0x00,
    0x00, 0x02, 0xF8, 0x00, 0x00, 0x00, 0xB8, 0x00, 0x00, 0x00, 0x38, 0x00, 0x00, 0x00, 0x38, 0x00,
    0x00, 0x00, 0x20, 0x00, 0x00, 0x00, 0xBF, 0xD3, 0xFC, 0x0F, 0x80, 0xE0, 0x03, 0xD3, 0xC0, 0x02,
    0xFF, 0x00, 0x00, 0xFC, 0x00, 0x00, 0xBE, 0x00, 0x00, 0xFF, 0x00, 0x03, 0xCF, 0xC0, 0x0B, 0x03,
    0xE0, 0x2E, 0x02, 0xF0, 0xFF, 0x8B, 0xFE, 0x00, 0x00, 0x3E, 0x00, 0x00, 0x0E, 0x00, 0x00, 0x0E,
    0x00, 0x00, 0x04, 0xAB, 0xFF, 0xE8, 0xAA, 0xA0, 0xBA, 0xFE, 0xBC, 0x6F, 0xE0, 0xB0, 0xBC, 0x2C,
    0x0F, 0x80, 0xB0, 0xBC, 0x1C, 0x0F, 0x80, 0x00, 0xBC, 0x00, 0x0F, 0x80, 0x00, 0xBC, 0x00, 0x0F,
    0x80, 0x00, 0xBC, 0x00, 0x0F, 0x80, 0x00, 0xBC, 0x00, 0x0F, 0x80, 0x00, 0xBC, 0x00, 0x0F, 0x80,
    0x00, 0xBC, 0x00, 0x0F, 0x80, 0x00, 0xBC, 0x00, 0x0F, 0x80, 0x00, 0xBC, 0x00, 0x0F, 0x80, 0x00,
    0xBC, 0x00, 0x0F, 0x80, 0x00, 0xBC, 0x00, 0x0F, 0x80, 0x00, 0xBE, 0x00, 0x2F, 0x80, 0x0B, 0xFF,
    0xFF, 0xFF, 0xF0, 0x00, 0x00, 0x00, 0x03, 0xF0, 0x00, 0x00, 0x00, 0x00, 0xF0, 0x00, 0x00, 0x00,
    0x00, 0xB0, 0x00, 0x00, 0x00, 0x00, 0x30, 0x00, 0x00, 0x00, 0x00, 0x20, 0x0A, 0xA8, 0x00, 0x00,
    0x7F, 0xFF, 0xBF, 0xF0, 0x72, 0xF2, 0x8B, 0xC0, 0x22, 0xF2, 0x8B, 0xC0, 0x02, 0xF0, 0x0B, 0xC0,
    0x02, 0xF0, 0x0B, 0xC0, 0x02, 0xF0, 0x0B, 0xC0, 0x02, 0xF0, 0x0B, 0xC0, 0x02, 0xF0, 0x0B, 0xC0,
    0x02, 0xF0, 0x0B, 0xC0, 0x02, 0xF0, 0x0B, 0xC0, 0x0F, 0xFF, 0xFF, 0xF0, 0x00, 0x00, 0x00, 0xF0,
    0x00, 0x00, 0x00, 0xB0, 0x00, 0x00, 0x00, 0x30, 0x00, 0x00, 0x00, 0x20, 0x2A, 0xA0, 0x2A, 0xA0,
    0x2F, 0xE0, 0x2F, 0xE0, 0x0B, 0xC0, 0x0B, 0x80, 0x0B, 0xC0, 0x0B, 0x80, 0x0B, 0xC0, 0x0B, 0x80,
    0x0B, 0xC0, 0x0B, 0x80, 0x0B, 0xC0, 0x0B, 0x80, 0x0B, 0xC0, 0x2F, 0x80, 0x03, 0xFB, 0xFF, 0x80,
    0x02, 0xFF, 0x8B, 0x80, 0x00, 0x00, 0x0B, 0x80, 0x00, 0x00, 0x0B, 0x80, 0x00, 0x00, 0x0B, 0x80,
    0x00, 0x00, 0x0B, 0x80, 0x00, 0x00, 0x0F, 0xC0, 0x00, 0x00, 0x3F, 0xF8, 0x00, 0x00, 0x02, 0xF8,
    0x00, 0x00, 0x00, 0xB8, 0x00, 0x00, 0x00, 0x38, 0x00, 0x00, 0x00, 0x38, 0x00, 0x00, 0x00, 0x20,
    0x00, 0x00, 0x00, 0x3F, 0xE3, 0xFD, 0x0F, 0x00, 0xF0, 0x0F, 0x00, 0xF0, 0x0F, 0x00, 0xF0, 0x0F,
    0x40, 0xF0, 0x0F, 0xEB, 0xF0, 0x02, 0xF8, 0xF0, 0x00, 0x00, 0xF0, 0x00, 0x00, 0xF0, 0x00, 0x01,
    0xF0, 0x00, 0x0B, 0xFE, 0x00, 0x00, 0x2E, 0x00, 0x00, 0x0E, 0x00, 0x00, 0x0E, 0x00, 0x00, 0x04,
    0x2A, 0xA0, 0x2A, 0xA0, 0x2F, 0xE0, 0x2F, 0xE0, 0x0B, 0xC0, 0x0B, 0x80, 0x0B, 0xC1, 0x0B, 0x80,
    0x0B, 0xC3, 0x0B, 0x80, 0x0B, 0xC3, 0x0B, 0x80, 0x0B, 0xC3, 0x0B, 0x80, 0x0B, 0xC3, 0xAF, 0x80,
    0x03, 0xFF, 0xFF, 0x80, 0x02, 0xFF, 0x8B, 0x80, 0x00, 0x0B, 0x0B, 0x80, 0x00, 0x03, 0x0B, 0x80,
    0x00, 0x03, 0x0B, 0x80, 0x00, 0x02, 0x0B, 0x80, 0x00, 0x00, 0x0F, 0xC0, 0x00, 0x00, 0x3F, 0xF8,
    0x00, 0x00, 0x00, 0x00, 0x3F, 0xE2, 0xFF, 0x00, 0x0F, 0x00, 0xBC, 0x00, 0x0F, 0x08, 0xBC, 0x00,
    0x0F, 0x0C, 0xBC, 0x00, 0x0F, 0x8C, 0xBC, 0x00, 0x0B, 0xFF, 0xFC, 0x00, 0x02, 0xFE, 0xBC, 0x00,
    0x00, 0x0C, 0xBC, 0x00, 0x00, 0x0C, 0xBC, 0x00, 0x00, 0x00, 0xBC, 0x00, 0x00, 0x03, 0xFF, 0x00,
    0x2A, 0xA0, 0x00, 0x00, 0x2F, 0xE0, 0x00, 0x00, 0x0B, 0xC0, 0x00, 0x00, 0x0B, 0xC0, 0x00, 0x00,
    0x0B, 0xC1, 0xA0, 0x00, 0x0B, 0xEF, 0xFE, 0x00, 0x0B, 0xFA, 0xBF, 0x00, 0x0B, 0xC0, 0x1F, 0x00,
    0x0B, 0xC0, 0x0F, 0x00, 0x0B, 0xC0, 0x0F, 0x00, 0x0B, 0xC0, 0x0F, 0x00, 0x0B, 0xC0, 0x0F, 0x00,
    0x0B, 0xC0, 0x0F, 0x00, 0x0B, 0xC0, 0x0F, 0x00, 0x0F, 0xC0, 0x2F, 0x80, 0x3F, 0xF8, 0xBF, 0xF0,
    0x00, 0x00, 0x00, 0x00, 0x2F, 0x00, 0x00, 0x00, 0xAF, 0x00, 0x00, 0x00, 0x0F, 0x00, 0x00, 0x00,
    0x0F, 0x00, 0x00, 0x00, 0x0F, 0x00, 0x00, 0x00, 0x0F, 0x02, 0x80, 0x00, 0x0F, 0xBF, 0xF4, 0x00,
    0x0F, 0xE1, 0xFC, 0x00, 0x0F, 0x00, 0x3C, 0x00, 0x0F, 0x00, 0x3C, 0x00, 0x0F, 0x00, 0x3C, 0x00,
    0x0F, 0x00, 0x3C, 0x00, 0x0F, 0x00, 0x3C, 0x00, 0x0F, 0x00, 0x3C, 0x00, 0x0F, 0x00, 0x3C, 0x00,
    0x0F, 0x80, 0x3D, 0x00, 0xBF, 0xE2, 0xFF, 0x80, 0x00, 0x00, 0x00, 0x00, 0x00, 0x00, 0x00, 0x2F,
    0xF8, 0x00, 0x00, 0x00, 0xFE, 0xBF, 0x80, 0x08, 0x03, 0xE0, 0x0B, 0xD0, 0x3E, 0x0F, 0xC0, 0x03,
    0xF0, 0x7C, 0x2F, 0x00, 0x02, 0xF0, 0x38, 0x3F, 0x00, 0x01, 0xF0, 0x3E, 0xBF, 0xAA, 0xAA, 0xF4,
    0x0B, 0xFF, 0xFF, 0xFF, 0xF0, 0x00, 0x3E, 0x00, 0x00, 0x00, 0x00, 0x3F, 0x00, 0x00, 0x00, 0x00,
    0x3F, 0x00, 0x00, 0x00, 0x00, 0x2F, 0x80, 0x00, 0x00, 0x00, 0x0F, 0xC0, 0x00, 0x10, 0x00, 0x0B,
    0xF0, 0x00, 0xB0, 0x00, 0x02, 0xFF, 0xAB, 0xE0, 0x00, 0x00, 0x7F, 0xFE, 0x00, 0x00, 0x00, 0x00,
    0x00, 0x00, 0x00, 0x00, 0x68, 0x00, 0x0A, 0x0B, 0xFF, 0x80, 0x3E, 0x1F, 0x03, 0xE0, 0x3C, 0x3C,
    0x01, 0xF0, 0x3D, 0xBC, 0x02, 0xF0, 0x0B, 0xFF, 0xFF, 0xF0, 0x00, 0xBC, 0x00, 0x00, 0x00, 0xBC,
    0x00, 0x00, 0x00, 0x3C, 0x00, 0x00, 0x00, 0x3F, 0x00, 0x20, 0x00, 0x0F, 0xE2, 0xF0, 0x00, 0x03,
    0xFF, 0x80, 0x00, 0x00, 0x00, 0x00, 0x00, 0x00, 0x00, 0x00, 0x00, 0x00, 0x00, 0x2F, 0xF8, 0x00,
    0x00, 0x00, 0xFE, 0xBF, 0x80, 0x08, 0x03, 0xE0, 0x0B, 0xD0, 0x3E, 0x0F, 0xC0, 0x03, 0xF0, 0x7C,
    0x2F, 0x00, 0x02, 0xF0, 0x38, 0x3F, 0x00, 0x01, 0xF0, 0x3E, 0xBF, 0xAA, 0xAA, 0xF4, 0x0B, 0xFF,
    0xFF, 0xFF, 0xF0, 0x00, 0x3E, 0x00, 0x00, 0x00, 0x00, 0x3F, 0x00, 0x00, 0x00, 0x00, 0x3F, 0x00,
    0x00, 0x00, 0x00, 0x2F, 0x80, 0x00, 0x00, 0x00, 0x0F, 0xC0, 0x00, 0x10, 0x00, 0x0B, 0xF0, 0x00,
    0xB0, 0x00, 0x02, 0xFF, 0xAB, 0xE0, 0x00, 0x00, 0x7F, 0xFE, 0x00, 0x00, 0x00, 0x0B, 0xE0, 0x00,
    0x00, 0x00, 0x03, 0xC0, 0x00, 0x00, 0x00, 0x03, 0xC0, 0x00, 0x00, 0x00, 0x03, 0xC0, 0x00, 0x00,
    0x00, 0x02, 0x80, 0x00, 0x00, 0x00, 0x68, 0x00, 0x0A, 0x0B, 0xFF, 0x80, 0x3E, 0x1F, 0x03, 0xE0,
    0x3C, 0x3C, 0x01, 0xF0, 0x3D, 0xBC, 0x02, 0xF0, 0x0B, 0xFF, 0xFF, 0xF0, 0x00, 0xBC, 0x00, 0x00,
    0x00, 0xBC, 0x00, 0x00, 0x00, 0x3C, 0x00, 0x00, 0x00, 0x3F, 0x00, 0x20, 0x00, 0x0F, 0xEA, 0xF0,
    0x00, 0x03, 0xFF, 0x80, 0x00, 0x00, 0xB8, 0x00, 0x00, 0x00, 0x38, 0x00, 0x00, 0x00, 0x34, 0x00,
    0x00, 0x00, 0x20, 0x00, 0x2A, 0xA8, 0x2F, 0xE8, 0x0B, 0xC0, 0x0B, 0xC0, 0x0B, 0xC0, 0x0B, 0xC0,
    0x0B, 0xC0, 0x0B, 0xC0, 0x0B, 0xC0, 0x0B, 0xC0, 0x0B, 0xC0, 0x0B, 0xC0, 0x0B, 0xC0, 0x0B, 0xC0,
    0x0B, 0xD0, 0x3F, 0xFC, 0x00, 0x00, 0x00, 0x00, 0x00, 0x00, 0x00, 0x02, 0xC2, 0xC0, 0x00, 0x00,
    0x00, 0x03, 0xC2, 0xE0, 0x00, 0x00, 0x00, 0x02, 0xC2, 0xC0, 0x00, 0x00, 0x00, 0x00, 0x6E, 0x00,
    0x00, 0x00, 0x00, 0x00, 0x00, 0x00, 0x00, 0x00, 0x3F, 0x02, 0xAA, 0x80, 0xBE, 0x00, 0xBF, 0xC1,
    0xBF, 0x82, 0xFF, 0x00, 0x38, 0xE0, 0x3E, 0x03, 0x8B, 0x00, 0x00, 0xB0, 0x3E, 0x07, 0x00, 0x00,
    0x00, 0x30, 0x3E, 0x0B, 0x00, 0x00, 0x00, 0x38, 0x3E, 0x0E, 0x00, 0x00, 0x00, 0x2C, 0x3E, 0x2C,
    0x00, 0x00, 0x00, 0x0F, 0x7E, 0xB8, 0x00, 0x00, 0x00, 0x0B, 0xFF, 0xF0, 0x00, 0x00, 0x00, 0x3F,
    0x3E, 0xBD, 0x00, 0x00, 0x00, 0xBC, 0x3E, 0x2F, 0x00, 0x00, 0x00, 0xF8, 0x3E, 0x0F, 0x80, 0x00,
    0x03, 0xF0, 0x3E, 0x0B, 0xC0, 0x00, 0x0B, 0xC0, 0x3E, 0x03, 0xF0, 0x00, 0x0F, 0x80, 0x7E, 0x00,
    0xF8, 0x00, 0xFF, 0x02, 0xFF, 0xC0, 0xBF, 0x00, 0x00, 0x10, 0x04, 0x00, 0x00, 0x3C, 0x3C, 0x00,
    0x00, 0x34, 0x0C, 0x00, 0x00, 0x0E, 0xB0, 0x00, 0x00, 0x00, 0x00, 0x00, 0x28, 0x00, 0x00, 0x28,
    0xBF, 0x0F, 0xF4, 0xFE, 0xBB, 0x83, 0xC2, 0xEE, 0x00, 0xC3, 0xC3, 0x40, 0x00, 0xE3, 0xCB, 0x00,
    0x00, 0x7B, 0xED, 0x00, 0x00, 0xBF, 0xFE, 0x00, 0x00, 0xF7, 0xDF, 0x40, 0x03, 0xE3, 0xC7, 0xC0,
    0x0B, 0xC3, 0xC2, 0xE0, 0x1F, 0x03, 0xD0, 0xF8, 0xFE, 0x2F, 0xF8, 0xBF, 0x00, 0x00, 0x00, 0x00,
    0x2A, 0xA4, 0x03, 0xF0, 0x2F, 0xE0, 0x0F, 0xF8, 0x0B, 0xC0, 0x2C, 0xB0, 0x0B, 0xC0, 0x38, 0x00,
    0x0B, 0xC0, 0x30, 0x00, 0x0B, 0xC0, 0xF0, 0x00, 0x0B, 0xC2, 0xC0, 0x00, 0x0B, 0xCB, 0x80, 0x00,
    0x0B, 0xFF, 0x00, 0x00, 0x0B, 0xEF, 0xC0, 0x00, 0x0B, 0xC3, 0xF8, 0x00, 0x0B, 0xC0, 0xBE, 0x00,
    0x0B, 0xC0, 0x2F, 0x80, 0x0B, 0xC0, 0x0B, 0xC0, 0x0F, 0xC0, 0x03, 0xF0, 0x3F, 0xF8, 0x02, 0xF0,
    0x00, 0x00, 0x02, 0xF0, 0x00, 0x00, 0x02, 0xE0, 0x00, 0x00, 0x03, 0xC0, 0x00, 0x02, 0xAF, 0x00,
    0x00, 0x00, 0xA4, 0x00, 0x00, 0x00, 0x28, 0x3F, 0xE0, 0xFF, 0x0F, 0x02, 0xEE, 0x0F, 0x03, 0x00,
    0x0F, 0x0B, 0x00, 0x0F, 0xAC, 0x00, 0x0F, 0xFC, 0x00, 0x0F, 0xBF, 0x00, 0x0F, 0x0B, 0xE0, 0x0F,
    0x02, 0xF8, 0x0F, 0x80, 0xBC, 0xBF, 0xE0, 0x3E, 0x00, 0x00, 0x2E, 0x00, 0x00, 0x2E, 0x00, 0x00,
    0x3C, 0x00, 0x0A, 0xF8, 0x00, 0x0A, 0x80, 0x00, 0xAA, 0xAA, 0xAA, 0x00, 0xBE, 0xAB, 0xFA, 0x00,
    0x0C, 0x01, 0xF0, 0x00, 0x0C, 0x01, 0xF0, 0x00, 0x1C, 0x01, 0xF0, 0x00, 0x1C, 0x01, 0xF0, 0x00,
    0x2C, 0x01, 0xF0, 0x00, 0x2C, 0x01, 0xF0, 0x00, 0x2C, 0x01, 0xF0, 0x00, 0x3C, 0x01, 0xF0, 0x00,
    0x38, 0x01, 0xF0, 0x00, 0x38, 0x01, 0xF0, 0x00, 0x70, 0x01, 0xF0, 0x10, 0xF0, 0x01, 0xF0, 0xFF,
    0xC0, 0x02, 0xFA, 0xFF, 0x40, 0x0F, 0xFF, 0x00, 0x00, 0x00, 0x0E, 0x00, 0x00, 0x00, 0x2C, 0x00,
    0x00, 0x00, 0x38, 0x00, 0x00, 0x00, 0xA0, 0x00, 0x00, 0x00, 0x00, 0x03, 0xFF, 0xFF, 0xC0, 0x00,
    0xA0, 0x3E, 0x00, 0x00, 0xA0, 0x2E, 0x00, 0x00, 0xA0, 0x2E, 0x00, 0x00, 0xA0, 0x2E, 0x00, 0x00,
    0xE0, 0x2E, 0x00, 0x00, 0xE0, 0x2E, 0x00, 0x00, 0xC0, 0x2E, 0x00, 0x01, 0xC0, 0x2E, 0x00, 0xFF,
    0x80, 0x3E, 0x00, 0xFE, 0x00, 0xFF, 0xC0, 0x00, 0x00, 0x03, 0x80, 0x00, 0x00, 0x07, 0x00, 0x00,
    0x00, 0x0E, 0x00, 0x00, 0x00, 0x08, 0x00, 0x2A, 0xA4, 0x02, 0xAA, 0x00, 0x2F, 0xE0, 0x02, 0xFE,
    0x00, 0x0B, 0xC0, 0x00, 0xB8, 0x00, 0x0B, 0xC0, 0x00, 0xB8, 0x00, 0x0B, 0xC0, 0x00, 0xB8, 0x00,
    0x0B, 0xC0, 0x00, 0xB8, 0x00, 0x0B, 0xC0, 0x00, 0xB8, 0x00, 0x0B, 0xFF, 0xFF, 0xF8, 0x00, 0x0B,
    0xD5, 0x55, 0xF8, 0x00, 0x0B, 0xC0, 0x00, 0xB8, 0x00, 0x0B, 0xC0, 0x00, 0xB8, 0x00, 0x0B, 0xC0,
    0x00, 0xB8, 0x00, 0x0B, 0xC0, 0x00, 0xB8, 0x00, 0x0B, 0xC0, 0x00, 0xB8, 0x00, 0x0F, 0xC0, 0x00,
    0xB8, 0x00, 0x3F, 0xF8, 0x00, 0xF8, 0x00, 0x00, 0x00, 0x00, 0xF8, 0x00, 0x00, 0x00, 0x00, 0xF0,
    0x00, 0x00, 0x00, 0x03, 0xE0, 0x00, 0x00, 0x00, 0xAF, 0x80, 0x00, 0x00, 0x00, 0xA8, 0x00, 0x00,
    0x00, 0x00, 0x00, 0x00, 0x3F, 0xE0, 0xFF, 0xC0, 0x0F, 0x00, 0x2E, 0x00, 0x0F, 0x00, 0x2E, 0x00,
    0x0F, 0x00, 0x2E, 0x00, 0x0F, 0xAA, 0xBE, 0x00, 0x0F, 0xAA, 0xBE, 0x00, 0x0F, 0x00, 0x2E, 0x00,
    0x0F, 0x00, 0x2E, 0x00, 0x0F, 0x00, 0x2E, 0x00, 0x0F, 0x80, 0x2E, 0x00, 0xBF, 0xE0, 0x2E, 0x00,
    0x00, 0x00, 0x3E, 0x00, 0x00, 0x00, 0x3C, 0x00, 0x00, 0x00, 0xB8, 0x00, 0x00, 0x0B, 0xE0, 0x00,
    0x00, 0x0A, 0x00, 0x00, 0x2A, 0xA4, 0x02, 0xAA, 0x00, 0x2F, 0xE0, 0x02, 0xFE, 0x00, 0x0B, 0xC0,
    0x00, 0xB8, 0x00, 0x0B, 0xC0, 0x00, 0xB8, 0x00, 0x0B, 0xC0, 0x00, 0xB8, 0x00, 0x0B, 0xC0, 0x00,
    0xB8, 0x00, 0x0B, 0xC0, 0x00, 0xB8, 0x00, 0x0B, 0xFF, 0xFF, 0xF8, 0x00, 0x0B, 0xD5, 0x55, 0xF8,
    0x00, 0x0B, 0xC0, 0x00, 0xB8, 0x00, 0x0B, 0xC0, 0x00, 0xB8, 0x00, 0x0B, 0xC0, 0x00, 0xB8, 0x00,
    0x0B, 0xC0, 0x00, 0xB8, 0x00, 0x0B, 0xC0, 0x00, 0xB8, 0x00, 0x0F, 0xC0, 0x00, 0xFE, 0x00, 0x3F,
    0xF8, 0x0B, 0xFF, 0x80, 0x00, 0x00, 0x00, 0x0B, 0x00, 0x00, 0x00, 0x00, 0x0E, 0x00, 0x00, 0x00,
    0x00, 0x3C, 0x00, 0x00, 0x00, 0x00, 0x20, 0x00, 0x00, 0x00, 0x00, 0x00, 0x3F, 0xE0, 0xFF, 0xC0,
    0x0F, 0x00, 0x2E, 0x00, 0x0F, 0x00, 0x2E, 0x00, 0x0F, 0x00, 0x2E, 0x00, 0x0F, 0xAA, 0xBE, 0x00,
    0x0F, 0xAA, 0xBE, 0x00, 0x0F, 0x00, 0x2E, 0x00, 0x0F, 0x00, 0x2E, 0x00, 0x0F, 0x00, 0x2E, 0x00,
    0x0F, 0x80, 0x2F, 0x00, 0xBF, 0xE0, 0xFF, 0xC0, 0x00, 0x00, 0x03, 0xC0, 0x00, 0x00, 0x03, 0x00,
    0x00, 0x00, 0x0E, 0x00, 0x00, 0x00, 0x08, 0x00, 0x2A, 0xA0, 0x2A, 0xA0, 0x2F, 0xE0, 0x2F, 0xE0,
    0x0B, 0xC0, 0x0B, 0x80, 0x0B, 0xC0, 0x0B, 0x80, 0x0B, 0xC0, 0x0B, 0x80, 0x0B, 0xC0, 0x0B, 0x80,
    0x0B, 0xC0, 0x0B, 0x80, 0x0B, 0xC0, 0x2F, 0x80, 0x03, 0xFB, 0xFF, 0x80, 0x02, 0xFF, 0x8B, 0x80,
    0x00, 0x00, 0x0B, 0x80, 0x00, 0x00, 0x0B, 0x80, 0x00, 0x00, 0x0B, 0x80, 0x00, 0x00, 0x0B, 0x80,
    0x00, 0x00, 0x0F, 0xC0, 0x00, 0x00, 0x7F, 0xF8, 0x00, 0x00, 0x3F, 0x00, 0x00, 0x00, 0x3C, 0x00,
    0x00, 0x00, 0x38, 0x00, 0x00, 0x00, 0x30, 0x00, 0x00, 0x00, 0x20, 0x00, 0x00, 0x00, 0x00, 0x3F,
    0xE3, 0xFD, 0x0F, 0x00, 0xF0, 0x0F, 0x00, 0xF0, 0x0F, 0x00, 0xF0, 0x0F, 0x40, 0xF0, 0x0F, 0xEB,
    0xF0, 0x02, 0xF8, 0xF0, 0x00, 0x00, 0xF0, 0x00, 0x00, 0xF0, 0x00, 0x01, 0xF0, 0x00, 0x0B, 0xFE,
    0x00, 0x0B, 0xC0, 0x00, 0x0B, 0x00, 0x00, 0x0B, 0x00, 0x00, 0x02, 0x00, 0x2A, 0xA0, 0x00, 0x0A,
    0xA8, 0x2F, 0xF0, 0x00, 0x0F, 0xF8, 0x0B, 0xF8, 0x00, 0x2F, 0xE0, 0x0B, 0xBC, 0x00, 0x3E, 0xE0,
    0x0B, 0x3C, 0x00, 0x36, 0xE0, 0x0B, 0x3E, 0x00, 0xB2, 0xE0, 0x0B, 0x2F, 0x00, 0xE2, 0xE0, 0x0B,
    0x0F, 0x00, 0xC2, 0xE0, 0x0B, 0x0F, 0x82, 0xC2, 0xE0, 0x0B, 0x0B, 0xC3, 0x82, 0xE0, 0x0B, 0x03,
    0xDB, 0x02, 0xE0, 0x0B, 0x03, 0xFF, 0x02, 0xE0, 0x0B, 0x01, 0xFD, 0x02, 0xE0, 0x0B, 0x00, 0xFC,
    0x02, 0xE0, 0x0F, 0x00, 0xB8, 0x03, 0xF8, 0x7F, 0xE0, 0x30, 0x2F, 0xFE, 0x00, 0x00, 0x00, 0x00,
    0x2C, 0x00, 0x00, 0x00, 0x00, 0x38, 0x00, 0x00, 0x00, 0x00, 0xF0, 0x00, 0x00, 0x00, 0x00, 0x80,
    0x00, 0x00, 0x00, 0x00, 0x3F, 0xC0, 0x03, 0xFE, 0x0F, 0xC0, 0x03, 0xF4, 0x0E, 0xE0, 0x0A, 0xF0,
    0x0C, 0xF0, 0x0C, 0xF0, 0x0C, 0xB8, 0x2C, 0xF0, 0x0C, 0x3C, 0x38, 0xF0, 0x0C, 0x3C, 0x30, 0xF0,
    0x0C, 0x1E, 0xA0, 0xF0, 0x0C, 0x0F, 0xC0, 0xF0, 0x0E, 0x0B, 0xC0, 0xF8, 0xBF, 0x83, 0x83, 0xFF,
    0x00, 0x00, 0x00, 0x0E, 0x00, 0x00, 0x00, 0x2C, 0x00, 0x00, 0x00, 0x34, 0x00, 0x00, 0x00, 0x10,
    0x2A, 0xA0, 0x2F, 0xE0, 0x0B, 0x80, 0x0B, 0x80, 0x0B, 0x80, 0x0B, 0x80, 0x0B, 0x80, 0x0B, 0x80,
    0x0B, 0x80, 0x0B, 0x80, 0x0B, 0x80, 0x0B, 0x80, 0x0B, 0x80, 0x0B, 0x80, 0x0B, 0x80, 0x0F, 0x80,
    0xBF, 0xF0, 0x00, 0x00, 0x00, 0x00, 0x00, 0x00, 0x0E, 0x0E, 0x00, 0x00, 0x00, 0x2E, 0x0F, 0x00,
    0x00, 0x00, 0x0D, 0x0E, 0x00, 0x00, 0x00, 0x02, 0xE0, 0x00, 0x00, 0x00, 0x00, 0x00, 0x00, 0x00,
    0x00, 0x02, 0xF0, 0x00, 0x00, 0x00, 0x03, 0xF0, 0x00, 0x00, 0x00, 0x03, 0xF8, 0x00, 0x00, 0x00,
    0x0B, 0xFC, 0x00, 0x00, 0x00, 0x0F, 0x3C, 0x00, 0x00, 0x00, 0x0D, 0x3E, 0x00, 0x00, 0x00, 0x2C,
    0x2F, 0x00, 0x00, 0x00, 0x38, 0x0F, 0x80, 0x00, 0x00, 0x70, 0x0F, 0xC0, 0x00, 0x00, 0xFF, 0xFF,
    0xC0, 0x00, 0x00, 0xE0, 0x03, 0xE0, 0x00, 0x02, 0xC0, 0x02, 0xF0, 0x00, 0x03, 0xC0, 0x00, 0xF0,
    0x00, 0x03, 0x80, 0x00, 0xF8, 0x00, 0x0B, 0x80, 0x00, 0xFD, 0x00, 0x3F, 0xF0, 0x03, 0xFF, 0x80,
    0x02, 0x01, 0x00, 0x0B, 0x83, 0xC0, 0x07, 0x02, 0xC0, 0x02, 0xEF, 0x00, 0x00, 0x00, 0x00, 0x00,
    0x69, 0x00, 0x0B, 0xEF, 0xC0, 0x2F, 0x03, 0xE0, 0x2F, 0x02, 0xE0, 0x00, 0x02, 0xF0, 0x00, 0xAF,
    0xF0, 0x0B, 0xE2, 0xF0, 0x3E, 0x02, 0xF0, 0x3C, 0x02, 0xF0, 0x3C, 0x02, 0xF0, 0x3F, 0x6F, 0xF0,
    0x0F, 0xF0, 0xFD, 0x00, 0x00, 0x00, 0x00, 0x08, 0x0A, 0x00, 0x00, 0x00, 0x3E, 0x0F, 0x00, 0x00,
    0x00, 0x2C, 0x0F, 0x00, 0x00, 0x00, 0x00, 0x00, 0x00, 0x00, 0x00, 0x00, 0x00, 0x00, 0x00, 0x00,
    0x02, 0xF0, 0x00, 0x00, 0x00, 0x03, 0xF0, 0x00, 0x00, 0x00, 0x03, 0xF8, 0x00, 0x00, 0x00, 0x0B,
    0xFC, 0x00, 0x00, 0x00, 0x0F, 0x3C, 0x00, 0x00, 0x00, 0x0D, 0x3E, 0x00, 0x00, 0x00, 0x2C, 0x2F,
    0x00, 0x00, 0x00, 0x38, 0x0F, 0x80, 0x00, 0x00, 0x70, 0x0F, 0xC0, 0x00, 0x00, 0xFF, 0xFF, 0xC0,
    0x00, 0x00, 0xE0, 0x03, 0xE0, 0x00, 0x02, 0xC0, 0x02, 0xF0, 0x00, 0x03, 0xC0, 0x00, 0xF0, 0x00,
    0x03, 0x80, 0x00, 0xF8, 0x00, 0x0B, 0x80, 0x00, 0xFD, 0x00, 0x3F, 0xF0, 0x03, 0xFF, 0x80, 0x00,
    0x00, 0x00, 0x0B, 0x83, 0xC0, 0x0F, 0x83, 0xC0, 0x01, 0x00, 0x00, 0x00, 0x00, 0x00, 0x00, 0x69,
    0x00, 0x0B, 0xEF, 0xC0, 0x2F, 0x03, 0xE0, 0x2F, 0x02, 0xE0, 0x00, 0x02, 0xF0, 0x00, 0xAF, 0xF0,
    0x0B, 0xE2, 0xF0, 0x3E, 0x02, 0xF0, 0x3C, 0x02, 0xF0, 0x3C, 0x02, 0xF0, 0x3F, 0x6F, 0xF0, 0x0F,
    0xF0, 0xFD, 0x00, 0x00, 0x00, 0x00, 0x00, 0x2A, 0xAA, 0xAA, 0x80, 0x00, 0x00, 0x2F, 0xFE, 0xAB,
    0xC0, 0x00, 0x00, 0x0E, 0xF8, 0x03, 0xC0, 0x00, 0x00, 0x3C, 0xF8, 0x02, 0xC0, 0x00, 0x00, 0xB0,
    0xF8, 0x00, 0x00, 0x00, 0x00, 0xE0, 0xF8, 0x0C, 0x00, 0x00, 0x02, 0xC0, 0xF8, 0x0C, 0x00, 0x00,
    0x07, 0x80, 0xFF, 0xFC, 0x00, 0x00, 0x0F, 0x00, 0xFA, 0xAC, 0x00, 0x00, 0x2F, 0xFF, 0xF8, 0x0C,
    0x00, 0x00, 0x38, 0x00, 0xF8, 0x08, 0x00, 0x00, 0xF0, 0x00, 0xF8, 0x00, 0x00, 0x02, 0xD0, 0x00,
    0xF8, 0x00, 0xB0, 0x03, 0xC0, 0x00, 0xF8, 0x00, 0xF0, 0x0B, 0x80, 0x01, 0xF8, 0x01, 0xF0, 0x3F,
    0xE0, 0x0B, 0xFF, 0xFF, 0xF0, 0x00, 0x68, 0x02, 0x80, 0x0F, 0xEF, 0xBE, 0xF8, 0x2F, 0x03, 0xF0,
    0x3C, 0x2F, 0x03, 0xE0, 0x2E, 0x00, 0x03, 0xE0, 0x2F, 0x00, 0xBF, 0xFF, 0xFF, 0x0B, 0xD3, 0xE0,
    0x00, 0x3E, 0x03, 0xE0, 0x00, 0x3C, 0x03, 0xE0, 0x00, 0x3C, 0x03, 0xF0, 0x02, 0x3F, 0x6F, 0xFE,
    0xAF, 0x0F, 0xF4, 0x2F, 0xF8, 0x00, 0x00, 0x00, 0x00, 0x00, 0x00, 0x00, 0x00, 0x00, 0xE0, 0xE0,
    0x00, 0x02, 0xE0, 0xF0, 0x00, 0x00, 0xD0, 0xE0, 0x00, 0x00, 0x2E, 0x00, 0x00, 0x00, 0x00, 0x00,
    0x00, 0x2A, 0xAA, 0xAA, 0x00, 0x2F, 0xEA, 0xAF, 0x00, 0x0B, 0xC0, 0x0F, 0x00, 0x0B, 0xC0, 0x0B,
    0x00, 0x0B, 0xC0, 0x00, 0x00, 0x0B, 0xC0, 0x30, 0x00, 0x0B, 0xC0, 0x70, 0x00, 0x0B, 0xFF, 0xF0,
    0x00, 0x0B, 0xEA, 0xF0, 0x00, 0x0B, 0xC0, 0x30, 0x00, 0x0B, 0xC0, 0x20, 0x00, 0x0B, 0xC0, 0x00,
    0x00, 0x0B, 0xC0, 0x02, 0x80, 0x0B, 0xC0, 0x03, 0x80, 0x0F, 0xC0, 0x0B, 0x80, 0x3F, 0xFF, 0xFF,
    0x80, 0x01, 0x00, 0x40, 0x03, 0xC3, 0xC0, 0x03, 0x40, 0xC0, 0x00, 0xEB, 0x00, 0x00, 0x00, 0x00,
    0x00, 0x29, 0x00, 0x03, 0xFF, 0xC0, 0x0F, 0x02, 0xF0, 0x2E, 0x00, 0xF0, 0x3E, 0x00, 0xF8, 0x3F,
    0xFF, 0xF8, 0x3C, 0x00, 0x00, 0x3C, 0x00, 0x00, 0x3E, 0x00, 0x00, 0x2F, 0x00, 0x00, 0x0F, 0xE5,
    0xB8, 0x02, 0xFF, 0xC0, 0x00, 0x00, 0x00, 0x00, 0x00, 0x00, 0x00, 0x01, 0xBF, 0xE0, 0x00, 0x0F,
    0xFA, 0xFD, 0x00, 0x2E, 0x00, 0x2F, 0x80, 0x20, 0x00, 0x0B, 0xC0, 0x00, 0x00, 0x03, 0xE0, 0x00,
    0x00, 0x03, 0xF0, 0x00, 0x00, 0x02, 0xF0, 0x00, 0x00, 0x02, 0xF0, 0x3F, 0xFF, 0xFF, 0xF0, 0x3F,
    0xAA, 0xAB, 0xF0, 0x3E, 0x00, 0x02, 0xF0, 0x3F, 0x00, 0x03, 0xF0, 0x2F, 0x00, 0x03, 0xE0, 0x0F,
    0x80, 0x0F, 0xC0, 0x03, 0xF0, 0x3F, 0x00, 0x00, 0xFF, 0xF8, 0x00, 0x00, 0x00, 0x00, 0x00, 0x00,
    0xA4, 0x00, 0x2F, 0xFF, 0x80, 0x38, 0x0B, 0xE0, 0x00, 0x02, 0xF0, 0x00, 0x00, 0xF4, 0x00, 0x00,
    0xF8, 0x00, 0x00, 0xF8, 0x3F, 0xFF, 0xF8, 0x3C, 0x00, 0xF0, 0x3D, 0x02, 0xF0, 0x2F, 0x0B, 0xC0,
    0x0B, 0xFE, 0x00, 0x00, 0x00, 0x00, 0x00, 0x60, 0x28, 0x00, 0x00, 0xF8, 0x3C, 0x00, 0x00, 0xB0,
    0x3C, 0x00, 0x00, 0x00, 0x00, 0x00, 0x00, 0x00, 0x00, 0x00, 0x01, 0xBF, 0xE0, 0x00, 0x0F, 0xFA,
    0xFD, 0x00, 0x2E, 0x00, 0x2F, 0x80, 0x20, 0x00, 0x0B, 0xC0, 0x00, 0x00, 0x03, 0xE0, 0x00, 0x00,
    0x03, 0xF0, 0x00, 0x00, 0x02, 0xF0, 0x00, 0x00, 0x02, 0xF0, 0x3F, 0xFF, 0xFF, 0xF0, 0x3F, 0xAA,
    0xAB, 0xF0, 0x3E, 0x00, 0x02, 0xF0, 0x3F, 0x00, 0x03, 0xF0, 0x2F, 0x00, 0x03, 0xE0, 0x0F, 0x80,
    0x0F, 0xC0, 0x03, 0xF0, 0x3F, 0x00, 0x00, 0xFF, 0xF8, 0x00, 0x00, 0x00, 0x00, 0x00, 0x00, 0x00,
    0x00, 0x0F, 0x03, 0xC0, 0x0F, 0x07, 0xC0, 0x00, 0x01, 0x00, 0x00, 0x00, 0x00, 0x00, 0xA4, 0x00,
    0x2F, 0xFF, 0x80, 0x38, 0x0B, 0xE0, 0x00, 0x02, 0xF0, 0x00, 0x00, 0xF4, 0x00, 0x00, 0xF8, 0x00,
    0x00, 0xF8, 0x3F, 0xFF, 0xF8, 0x3C, 0x00, 0xF0, 0x3D, 0x02, 0xF0, 0x2F, 0x0B, 0xC0, 0x0B, 0xFE,
    0x00, 0x00, 0x00, 0x00, 0x00, 0x02, 0x80, 0x80, 0x00, 0x00, 0x00, 0x07, 0xC2, 0xF0, 0x00, 0x00,
    0x00, 0x03, 0x80, 0xE0, 0x00, 0x00, 0x00, 0x00, 0x00, 0x00, 0x00, 0x00, 0x00, 0x00, 0x00, 0x00,
    0x00, 0x00, 0x3F, 0x02, 0xAA, 0x80, 0xBE, 0x00, 0xBF, 0xC1, 0xBF, 0x82, 0xFF, 0x00, 0x38, 0xE0,
    0x3E, 0x03, 0x8B, 0x00, 0x00, 0xB0, 0x3E, 0x07, 0x00, 0x00, 0x00, 0x30, 0x3E, 0x0B, 0x00, 0x00,
    0x00, 0x38, 0x3E, 0x0E, 0x00, 0x00, 0x00, 0x2C, 0x3E, 0x2C, 0x00, 0x00, 0x00, 0x0F, 0x7E, 0xB8,
    0x00, 0x00, 0x00, 0x0B, 0xFF, 0xF0, 0x00, 0x00, 0x00, 0x3F, 0x3E, 0xBD, 0x00, 0x00, 0x00, 0xBC,
    0x3E, 0x2F, 0x00, 0x00, 0x00, 0xF8, 0x3E, 0x0F, 0x80, 0x00, 0x03, 0xF0, 0x3E, 0x0B, 0xC0, 0x00,
    0x0B, 0xC0, 0x3E, 0x03, 0xF0, 0x00, 0x0F, 0x80, 0x7E, 0x00, 0xF8, 0x00, 0xFF, 0x02, 0xFF, 0xC0,
    0xBF, 0x00, 0x00, 0x00, 0x00, 0x00, 0x00, 0xB8, 0x2E, 0x00, 0x00, 0xBC, 0x3E, 0x00, 0x00, 0x10,
    0x04, 0x00, 0x00, 0x00, 0x00, 0x00, 0x28, 0x00, 0x00, 0x28, 0xBF, 0x0F, 0xF4, 0xFE, 0xBB, 0x83,
    0xC2, 0xEE, 0x00, 0xC3, 0xC3, 0x40, 0x00, 0xE3, 0xCB, 0x00, 0x00, 0x7B, 0xED, 0x00, 0x00, 0xBF,
    0xFE, 0x00, 0x00, 0xF7, 0xDF, 0x40, 0x03, 0xE3, 0xC7, 0xC0, 0x0B, 0xC3, 0xC2, 0xE0, 0x1F, 0x03,
    0xD0, 0xF8, 0xFE, 0x2F, 0xF8, 0xBF, 0x02, 0x01, 0x80, 0x0F, 0x83, 0xE0, 0x0B, 0x42, 0xC0, 0x00,
    0x00, 0x00, 0x00, 0x00, 0x00, 0x0A, 0xFF, 0x80, 0x3F, 0x9B, 0xF0, 0x3C, 0x00, 0xFC, 0x3C, 0x00,
    0xBC, 0x38, 0x00, 0x7C, 0x00, 0x00, 0xB8, 0x00, 0x02, 0xF0, 0x00, 0x3F, 0x80, 0x00, 0x2B, 0xF0,
    0x00, 0x00, 0xBC, 0x00, 0x00, 0x3E, 0x00, 0x00, 0x2E, 0x38, 0x00, 0x3E, 0x38, 0x00, 0x7C, 0x3E,
    0x02, 0xF8, 0x2F, 0xFF, 0xE0, 0x00, 0x00, 0x00, 0x00, 0x00, 0x00, 0x2E, 0x0F, 0x00, 0x2E, 0x0F,
    0x80, 0x04, 0x01, 0x00, 0x00, 0x00, 0x00, 0x02, 0xA0, 0x00, 0x3F, 0xBF, 0x00, 0x38, 0x0B, 0xC0,
    0x30, 0x07, 0xC0, 0x00, 0x0B, 0x80, 0x00, 0xBE, 0x00, 0x00, 0xFF, 0x00, 0x00, 0x07, 0xC0, 0x00,
    0x03, 0xE0, 0x30, 0x03, 0xD0, 0x38, 0x0B, 0xC0, 0x3F, 0xFE, 0x00, 0x00, 0x00, 0x00, 0x0A, 0xAA,
    0xAA, 0x00, 0x2F, 0xFF, 0xFF, 0x00, 0x2F, 0xAA, 0xBE, 0x00, 0x2C, 0x00, 0xB8, 0x00, 0x2C, 0x02,
    0xE0, 0x00, 0x08, 0x0B, 0x80, 0x00, 0x00, 0x2F, 0x00, 0x00, 0x00, 0x3F, 0xF8, 0x00, 0x00, 0x00,
    0x3F, 0x00, 0x00, 0x00, 0x2F, 0x00, 0x00, 0x00, 0x0F, 0x80, 0x3C, 0x00, 0x0F, 0x80, 0xBC, 0x00,
    0x2F, 0x40, 0xBD, 0x00, 0x3F, 0x00, 0x3F, 0x82, 0xFC, 0x00, 0x0B, 0xFF, 0xE0, 0x00, 0x00, 0x00,
    0x00, 0x00, 0x00, 0x00, 0x00, 0x2F, 0xFF, 0xF8, 0x2F, 0xFF, 0xF8, 0x2C, 0x00, 0xE0, 0x28, 0x03,
    0xC0, 0x00, 0x0F, 0x00, 0x00, 0x3C, 0x00, 0x00, 0xFE, 0x00, 0x00, 0x4B, 0xE0, 0x00, 0x01, 0xF8,
    0x00, 0x00, 0xBC, 0x00, 0x00, 0x3C, 0x00, 0x00, 0x3C, 0x38, 0x00, 0xBC, 0xBC, 0x00, 0xF8, 0x3E,
    0x03, 0xE0, 0x0B, 0xFF, 0x40, 0x00, 0x00, 0x00, 0x00, 0xAA, 0xAA, 0x00, 0x00, 0xBF, 0xFF, 0x00,
    0x00, 0x00, 0x00, 0x00, 0x00, 0x00, 0x00, 0x00, 0x2A, 0xA4, 0x0A, 0xAA, 0x2F, 0xE0, 0x0B, 0xF9,
    0x0B, 0xC0, 0x02, 0xF0, 0x0B, 0xC0, 0x03, 0xF0, 0x0B, 0xC0, 0x0F, 0xF0, 0x0B, 0xC0, 0x3E, 0xF0,
    0x0B, 0xC0, 0xB6, 0xF0, 0x0B, 0xC2, 0xE2, 0xF0, 0x0B, 0xC3, 0x82, 0xF0, 0x0B, 0xCF, 0x02, 0xF0,
    0x0B, 0xFC, 0x02, 0xF0, 0x0B, 0xF0, 0x02, 0xF0, 0x0B, 0xE0, 0x02, 0xF0, 0x0B, 0xC0, 0x02, 0xF0,
    0x0F, 0xC0, 0x02, 0xF4, 0x3F, 0xF8, 0x0F, 0xFE, 0x00, 0x00, 0x00, 0x00, 0x03, 0xFF, 0xFC, 0x00,
    0x02, 0xAA, 0xA4, 0x00, 0x00, 0x00, 0x00, 0x00, 0x00, 0x00, 0x00, 0x00, 0x3F, 0xE0, 0xBF, 0xC0,
    0x0F, 0x00, 0x2F, 0x00, 0x0F, 0x00, 0xBF, 0x00, 0x0F, 0x00, 0xEF, 0x00, 0x0F, 0x03, 0x1F, 0x00,
    0x0F, 0x0C, 0x1F, 0x00, 0x0F, 0x38, 0x1F, 0x00, 0x0F, 0xE0, 0x1F, 0x00, 0x0F, 0x80, 0x1F, 0x00,
    0x0F, 0x80, 0x2F, 0x00, 0x3F, 0xE0, 0xFF, 0xC0, 0x00, 0x24, 0x08, 0x00, 0x00, 0x7C, 0x2F, 0x00,
    0x00, 0x38, 0x0E, 0x00, 0x00, 0x00, 0x00, 0x00, 0x00, 0x00, 0x00, 0x00, 0x2A, 0xA4, 0x0A, 0xAA,
    0x2F, 0xE0, 0x0B, 0xF9, 0x0B, 0xC0, 0x02, 0xF0, 0x0B, 0xC0, 0x03, 0xF0, 0x0B, 0xC0, 0x0F, 0xF0,
    0x0B, 0xC0, 0x3E, 0xF0, 0x0B, 0xC0, 0xB6, 0xF0, 0x0B, 0xC2, 0xE2, 0xF0, 0x0B, 0xC3, 0x82, 0xF0,
    0x0B, 0xCF, 0x02, 0xF0, 0x0B, 0xFC, 0x02, 0xF0, 0x0B, 0xF0, 0x02, 0xF0, 0x0B, 0xE0, 0x02, 0xF0,
    0x0B, 0xC0, 0x02, 0xF0, 0x0F, 0xC0, 0x02, 0xF4, 0x3F, 0xF8, 0x0F, 0xFE, 0x00, 0x00, 0x00, 0x00,
    0x02, 0xE0, 0xF4, 0x00, 0x02, 0xE0, 0xF8, 0x00, 0x00, 0x40, 0x10, 0x00, 0x00, 0x00, 0x00, 0x00,
    0x00, 0x00, 0x00, 0x00, 0x3F, 0xE0, 0xBF, 0xC0, 0x0F, 0x00, 0x2F, 0x00, 0x0F, 0x00, 0xBF, 0x00,
    0x0F, 0x00, 0xEF, 0x00, 0x0F, 0x03, 0x1F, 0x00, 0x0F, 0x0C, 0x1F, 0x00, 0x0F, 0x38, 0x1F, 0x00,
    0x0F, 0xE0, 0x1F, 0x00, 0x0F, 0x80, 0x1F, 0x00, 0x0F, 0x80, 0x2F, 0x00, 0x3F, 0xE0, 0xFF, 0xC0,
    0x00, 0x28, 0x09, 0x00, 0x00, 0x00, 0x3C, 0x2F, 0x00, 0x00, 0x00, 0x3C, 0x0E, 0x00, 0x00, 0x00,
    0x00, 0x00, 0x00, 0x00, 0x00, 0x00, 0x00, 0x00, 0x00, 0x00, 0x2F, 0xF9, 0x00, 0x00, 0x00, 0xFE,
    0xAF, 0xC0, 0x00, 0x03, 0xE0, 0x03, 0xF0, 0x00, 0x0F, 0xC0, 0x00, 0xF8, 0x00, 0x2F, 0x00, 0x00,
    0xBC, 0x00, 0x3F, 0x00, 0x00, 0x3E, 0x00, 0x3E, 0x00, 0x00, 0x3F, 0x00, 0x3E, 0x00, 0x00, 0x3F,
    0x00, 0x3E, 0x00, 0x00, 0x3F, 0x00, 0x3E, 0x00, 0x00, 0x3F, 0x00, 0x3F, 0x00, 0x00, 0x3E, 0x00,
    0x2F, 0x00, 0x00, 0x7D, 0x00, 0x0F, 0x80, 0x00, 0xFC, 0x00, 0x0B, 0xD0, 0x02, 0xF0, 0x00, 0x02,
    0xF8, 0x0F, 0xC0, 0x00, 0x00, 0x2F, 0xFE, 0x00, 0x00, 0x00, 0x00, 0x00, 0x00, 0x00, 0x00, 0x00,
    0x00, 0x03, 0xC2, 0xE0, 0x03, 0xC2, 0xF0, 0x00, 0x00, 0x40, 0x00, 0x00, 0x00, 0x00, 0x2A, 0x00,
    0x03, 0xFB, 0xE0, 0x0F, 0x80, 0xF8, 0x2F, 0x00, 0x3C, 0x3E, 0x00, 0x3E, 0x3D, 0x00, 0x3E, 0x3C,
    0x00, 0x3E, 0x3E, 0x00, 0x3E, 0x3E, 0x00, 0x3E, 0x2F, 0x00, 0xBC, 0x0F, 0xC1, 0xF0, 0x02, 0xFF,
    0xC0, 0x00, 0x00, 0x00, 0x00, 0x00, 0x00, 0x00, 0x00, 0x00, 0x2F, 0xF9, 0x00, 0x00, 0x00, 0xFE,
    0xAF, 0xC0, 0x00, 0x03, 0xE0, 0x03, 0xF0, 0x00, 0x0F, 0xC0, 0x00, 0xF8, 0x00, 0x2F, 0x00, 0x00,
    0xBC, 0x00, 0x3F, 0x00, 0x00, 0x3E, 0x00, 0x3F, 0x00, 0x00, 0x3F, 0x00, 0x3F, 0xAA, 0xAA, 0xBF,
    0x00, 0x3F, 0xFF, 0xFF, 0xFF, 0x00, 0x3E, 0x00, 0x00, 0x3F, 0x00, 0x3F, 0x00, 0x00, 0x3E, 0x00,
    0x2F, 0x00, 0x00, 0x7D, 0x00, 0x0F, 0x80, 0x00, 0xFC, 0x00, 0x0B, 0xD0, 0x02, 0xF0, 0x00, 0x02,
    0xF8, 0x0B, 0xC0, 0x00, 0x00, 0x2F, 0xFE, 0x00, 0x00, 0x00, 0x00, 0x00, 0x00, 0x00, 0x00, 0x2A,
    0x00, 0x03, 0xFB, 0xE0, 0x0F, 0x80, 0xF8, 0x2F, 0x00, 0x3C, 0x3E, 0x00, 0x3E, 0x3E, 0xAA, 0xBE,
    0x3F, 0xFF, 0xFE, 0x3E, 0x00, 0x3E, 0x3E, 0x00, 0x3E, 0x2F, 0x00, 0xBC, 0x0F, 0xC1, 0xF0, 0x02,
    0xFF, 0xC0, 0x00, 0x00, 0x00, 0x00, 0x28, 0x09, 0x00, 0x00, 0x00, 0x3C, 0x2F, 0x00, 0x00, 0x00,
    0x3C, 0x0E, 0x00, 0x00, 0x00, 0x00, 0x00, 0x00, 0x00, 0x00, 0x00, 0x00, 0x00, 0x00, 0x00, 0x2F,
    0xF9, 0x00, 0x00, 0x00, 0xFE, 0xAF, 0xC0, 0x00, 0x03, 0xE0, 0x03, 0xF0, 0x00, 0x0F, 0xC0, 0x00,
    0xF8, 0x00, 0x2F, 0x00, 0x00, 0xBC, 0x00, 0x3F, 0x00, 0x00, 0x3E, 0x00, 0x3F, 0x00, 0x00, 0x3F,
    0x00, 0x3F, 0xAA, 0xAA, 0xBF, 0x00, 0x3F, 0xFF, 0xFF, 0xFF, 0x00, 0x3E, 0x00, 0x00, 0x3F, 0x00,
    0x3F, 0x00, 0x00, 0x3E, 0x00, 0x2F, 0x00, 0x00, 0x7D, 0x00, 0x0F, 0x80, 0x00, 0xFC, 0x00, 0x0B,
    0xD0, 0x02, 0xF0, 0x00, 0x02, 0xF8, 0x0B, 0xC0, 0x00, 0x00, 0x2F, 0xFE, 0x00, 0x00, 0x00, 0x00,
    0x00, 0x00, 0x00, 0x00, 0x00, 0x00, 0x03, 0xC2, 0xE0, 0x03, 0xC2, 0xF0, 0x00, 0x00, 0x40, 0x00,
    0x00, 0x00, 0x00, 0x2A, 0x00, 0x03, 0xFB, 0xE0, 0x0F, 0x80, 0xF8, 0x2F, 0x00, 0x3C, 0x3E, 0x00,
    0x3E, 0x3E, 0xAA, 0xBE, 0x3F, 0xFF, 0xFE, 0x3E, 0x00, 0x3E, 0x3E, 0x00, 0x3E, 0x2F, 0x00, 0xBC,
    0x0F, 0xC1, 0xF0, 0x02, 0xFF, 0xC0, 0x00, 0x00, 0x00, 0x00, 0x80, 0xA0, 0x00, 0x03, 0xE0, 0xF0,
    0x00, 0x02, 0xC0, 0xB0, 0x00, 0x00, 0x00, 0x00, 0x00, 0x00, 0x00, 0x00, 0x00, 0x1B, 0xFF, 0x80,
    0x00, 0x3E, 0x9B, 0xF4, 0x00, 0x38, 0x00, 0x7E, 0x00, 0x34, 0x00, 0x0F, 0x00, 0x20, 0x00, 0x0F,
    0xC0, 0x00, 0x00, 0x07, 0xC0, 0x00, 0x00, 0x03, 0xC0, 0x00, 0x2A, 0xAB, 0xE0, 0x00, 0x2A, 0xAB,
    0xE0, 0x00, 0x00, 0x03, 0xD0, 0x00, 0x00, 0x07, 0xC0, 0x00, 0x00, 0x0B, 0xC0, 0x34, 0x00, 0x0F,
    0x40, 0x38, 0x00, 0x3E, 0x00, 0x3C, 0x02, 0xF8, 0x00, 0x2F, 0xFF, 0xC0, 0x00, 0x00, 0x00, 0x00,
    0x00, 0x00, 0x00, 0x00, 0x2E, 0x0F, 0x40, 0x2E, 0x0F, 0x80, 0x04, 0x01, 0x00, 0x00, 0x00, 0x00,
    0x06, 0x90, 0x00, 0x3E, 0xBE, 0x00, 0x30, 0x0B, 0x80, 0x30, 0x03, 0xC0, 0x00, 0x02, 0xE0, 0x00,
    0xAB, 0xF0, 0x02, 0xFF, 0xF0, 0x00, 0x02, 0xE0, 0x00, 0x03, 0xE0, 0x30, 0x03, 0xC0, 0x34, 0x0F,
    0x00, 0x3F, 0xF8, 0x00, 0x00, 0x00, 0x00, 0x00, 0x0A, 0xAA, 0x80, 0x00, 0x00, 0x1F, 0xFF, 0xE0,
    0x00, 0x00, 0x00, 0x00, 0x00, 0x00, 0x00, 0x00, 0x00, 0x00, 0x00, 0x2A, 0xAA, 0x00, 0xAA, 0x80,
    0x2B, 0xF9, 0x00, 0xBE, 0x80, 0x02, 0xF0, 0x00, 0x3C, 0x00, 0x00, 0xFC, 0x00, 0xB4, 0x00, 0x00,
    0xBC, 0x00, 0xF0, 0x00, 0x00, 0x3F, 0x02, 0xD0, 0x00, 0x00, 0x2F, 0x03, 0xC0, 0x00, 0x00, 0x0F,
    0xC7, 0x40, 0x00, 0x00, 0x0B, 0xDF, 0x00, 0x00, 0x00, 0x03, 0xFE, 0x00, 0x00, 0x00, 0x02, 0xFC,
    0x00, 0x00, 0x00, 0x00, 0xF8, 0x00, 0x00, 0x00, 0x00, 0xF0, 0x00, 0x00, 0x00, 0xA2, 0xE0, 0x00,
    0x00, 0x02, 0xFF, 0x80, 0x00, 0x00, 0x00, 0xFF, 0x00, 0x00, 0x00, 0x00, 0x00, 0x00, 0x00, 0x00,
    0x00, 0x00, 0x00, 0x00, 0x0B, 0xFF, 0xF0, 0x00, 0x02, 0xAA, 0xA0, 0x00, 0x00, 0x00, 0x00, 0x00,
    0x00, 0x00, 0x00, 0x00, 0xBF, 0xC0, 0xFF, 0x00, 0x0F, 0x00, 0x38, 0x00, 0x0F, 0x80, 0x30, 0x00,
    0x0B, 0xC0, 0xF0, 0x00, 0x03, 0xC0, 0xC0, 0x00, 0x03, 0xE2, 0xC0, 0x00, 0x01, 0xF3, 0x80, 0x00,
    0x00, 0xFF, 0x00, 0x00, 0x00, 0xBE, 0x00, 0x00, 0x00, 0x3C, 0x00, 0x00, 0x00, 0x3C, 0x00, 0x00,
    0x00, 0x38, 0x00, 0x00, 0x00, 0xB0, 0x00, 0x00, 0x38, 0xE0, 0x00, 0x00, 0x3F, 0xC0, 0x00, 0x00,
    0x3E, 0x00, 0x00, 0x00, 0x00, 0x06, 0x02, 0x80, 0x00, 0x00, 0x0F, 0x43, 0xC0, 0x00, 0x00, 0x0B,
    0x03, 0xC0, 0x00, 0x00, 0x00, 0x00, 0x00, 0x00, 0x00, 0x00, 0x00, 0x00, 0x00, 0x2A, 0xAA, 0x00,
    0xAA, 0x80, 0x2B, 0xF9, 0x00, 0xBE, 0x80, 0x02, 0xF0, 0x00, 0x3C, 0x00, 0x00, 0xFC, 0x00, 0xB4,
    0x00, 0x00, 0xBC, 0x00, 0xF0, 0x00, 0x00, 0x3F, 0x02, 0xD0, 0x00, 0x00, 0x2F, 0x03, 0xC0, 0x00,
    0x00, 0x0F, 0xC7, 0x40, 0x00, 0x00, 0x0B, 0xDF, 0x00, 0x00, 0x00, 0x03, 0xFE, 0x00, 0x00, 0x00,
    0x02, 0xFC, 0x00, 0x00, 0x00, 0x00, 0xF8, 0x00, 0x00, 0x00, 0x00, 0xF0, 0x00, 0x00, 0x00, 0xA2,
    0xE0, 0x00, 0x00, 0x02, 0xFF, 0x80, 0x00, 0x00, 0x00, 0xFF, 0x00, 0x00, 0x00, 0x00, 0x00, 0x00,
    0x00, 0x00, 0x00, 0x00, 0x00, 0x00, 0x03, 0xC1, 0xF0, 0x00, 0x03, 0xC2, 0xF0, 0x00, 0x00, 0x00,
    0x40, 0x00, 0x00, 0x00, 0x00, 0x00, 0x00, 0x00, 0x00, 0x00, 0xBF, 0xC0, 0xFF, 0x00, 0x0F, 0x00,
    0x38, 0x00, 0x0F, 0x80, 0x30, 0x00, 0x0B, 0xC0, 0xF0, 0x00, 0x03, 0xC0, 0xC0, 0x00, 0x03, 0xE2,
    0xC0, 0x00, 0x01, 0xF3, 0x80, 0x00, 0x00, 0xFF, 0x00, 0x00, 0x00, 0xBE, 0x00, 0x00, 0x00, 0x3C,
    0x00, 0x00, 0x00, 0x3C, 0x00, 0x00, 0x00, 0x38, 0x00, 0x00, 0x00, 0xB0, 0x00, 0x00, 0x38, 0xE0,
    0x00, 0x00, 0x3F, 0xC0, 0x00, 0x00, 0x3E, 0x00, 0x00, 0x00, 0x00, 0x00, 0x20, 0x08, 0x00, 0x00,
    0x00, 0xFC, 0x7C, 0x00, 0x00, 0x02, 0xF4, 0xFC, 0x00, 0x00, 0x0B, 0xC3, 0xE0, 0x00, 0x00, 0x0D,
    0x0A, 0x00, 0x00, 0x00, 0x00, 0x00, 0x00, 0x00, 0x2A, 0xAA, 0x00, 0xAA, 0x80, 0x2B, 0xF9, 0x00,
    0xBE, 0x80, 0x02, 0xF0, 0x00, 0x3C, 0x00, 0x00, 0xFC, 0x00, 0xB4, 0x00, 0x00, 0xBC, 0x00, 0xF0,
    0x00, 0x00, 0x3F, 0x02, 0xD0, 0x00, 0x00, 0x2F, 0x03, 0xC0, 0x00, 0x00, 0x0F, 0xC7, 0x40, 0x00,
    0x00, 0x0B, 0xDF, 0x00, 0x00, 0x00, 0x03, 0xFE, 0x00, 0x00, 0x00, 0x02, 0xFC, 0x00, 0x00, 0x00,
    0x00, 0xF8, 0x00, 0x00, 0x00, 0x00, 0xF0, 0x00, 0x00, 0x00, 0xA2, 0xE0, 0x00, 0x00, 0x02, 0xFF,
    0x80, 0x00, 0x00, 0x00, 0xFF, 0x00, 0x00, 0x00, 0x00, 0x00, 0x00, 0x00, 0x00, 0x00, 0x00, 0x00,
    0x00, 0x00, 0x2E, 0x0F, 0x00, 0x00, 0xBE, 0x3F, 0x00, 0x01, 0xF8, 0xFC, 0x00, 0x03, 0x83, 0xD0,
    0x00, 0x00, 0x00, 0x00, 0x00, 0x00, 0x00, 0x00, 0x00, 0xBF, 0xC0, 0xFF, 0x00, 0x0F, 0x00, 0x38,
    0x00, 0x0F, 0x80, 0x30, 0x00, 0x0B, 0xC0, 0xF0, 0x00, 0x03, 0xC0, 0xC0, 0x00, 0x03, 0xE2, 0xC0,
    0x00, 0x01, 0xF3, 0x80, 0x00, 0x00, 0xFF, 0x00, 0x00, 0x00, 0xBE, 0x00, 0x00, 0x00, 0x3C, 0x00,
    0x00, 0x00, 0x3C, 0x00, 0x00, 0x00, 0x38, 0x00, 0x00, 0x00, 0xB0, 0x00, 0x00, 0x38, 0xE0, 0x00,
    0x00, 0x3F, 0xC0, 0x00, 0x00, 0x3E, 0x00, 0x00, 0x00, 0x00, 0x60, 0x28, 0x00, 0x00, 0xF4, 0x3C,
    0x00, 0x00, 0xB0, 0x3C, 0x00, 0x00, 0x00, 0x00, 0x00, 0x00, 0x00, 0x00, 0x00, 0x2A, 0xA0, 0x2A,
    0xA0, 0x2F, 0xE0, 0x2F, 0xE0, 0x0B, 0xC0, 0x0B, 0x80, 0x0B, 0xC0, 0x0B, 0x80, 0x0B, 0xC0, 0x0B,
    0x80, 0x0B, 0xC0, 0x0B, 0x80, 0x0B, 0xC0, 0x0B, 0x80, 0x0B, 0xC0, 0x2F, 0x80, 0x03, 0xFB, 0xFF,
    0x80, 0x02, 0xFF, 0x8B, 0x80, 0x00, 0x00, 0x0B, 0x80, 0x00, 0x00, 0x0B, 0x80, 0x00, 0x00, 0x0B,
    0x80, 0x00, 0x00, 0x0B, 0x80, 0x00, 0x00, 0x0F, 0xC0, 0x00, 0x00, 0x3F, 0xF8, 0x00, 0x00, 0x00,
    0x07, 0xC2, 0xE0, 0x0B, 0xC2, 0xE0, 0x01, 0x00, 0x80, 0x00, 0x00, 0x00, 0x00, 0x00, 0x00, 0x3F,
    0xE3, 0xFD, 0x0F, 0x00, 0xF0, 0x0F, 0x00, 0xF0, 0x0F, 0x00, 0xF0, 0x0F, 0x40, 0xF0, 0x0F, 0xEB,
    0xF0, 0x02, 0xF8, 0xF0, 0x00, 0x00, 0xF0, 0x00, 0x00, 0xF0, 0x00, 0x01, 0xF0, 0x00, 0x0B, 0xFE,
    0x2A, 0xAA, 0xAA, 0x2F, 0xEA, 0xAE, 0x0B, 0xC0, 0x0E, 0x0B, 0xC0, 0x0E, 0x0B, 0xC0, 0x0A, 0x0B,
    0xC0, 0x00, 0x0B, 0xC0, 0x00, 0x0B, 0xC0, 0x00, 0x0B, 0xC0, 0x00, 0x0B, 0xC0, 0x00, 0x0B, 0xC0,
    0x00, 0x0B, 0xC0, 0x00, 0x0B, 0xC0, 0x00, 0x0B, 0xC0, 0x00, 0x0F, 0xC0, 0x00, 0xBF, 0xF8, 0x00,
    0x02, 0xF8, 0x00, 0x00, 0xB8, 0x00, 0x00, 0x38, 0x00, 0x00, 0x38, 0x00, 0x00, 0x20, 0x00, 0x00,
    0x00, 0x00, 0x7F, 0xFF, 0xE0, 0x0F, 0x00, 0xA0, 0x0F, 0x00, 0xA0, 0x0F, 0x00, 0x00, 0x0F, 0x00,
    0x00, 0x0F, 0x00, 0x00, 0x0F, 0x00, 0x00, 0x0F, 0x00, 0x00, 0x0F, 0x00, 0x00, 0x0F, 0x80, 0x00,
    0xBF, 0xE0, 0x00, 0x02, 0xE0, 0x00, 0x00, 0xE0, 0x00, 0x00, 0xE0, 0x00, 0x00, 0x40, 0x00, 0x00,
    0x06, 0x02, 0x80, 0x00, 0x00, 0x0F, 0x83, 0xC0, 0x00, 0x00, 0x0B, 0x03, 0xC0, 0x00, 0x00, 0x00,
    0x00, 0x00, 0x00, 0x00, 0x00, 0x00, 0x00, 0x00, 0x2A, 0xA8, 0x00, 0x2A, 0xA8, 0x2F, 0xE8, 0x00,
    0x2F, 0xE4, 0x0B, 0xC0, 0x00, 0x0B, 0xC0, 0x0B, 0xC0, 0x00, 0x0B, 0xC0, 0x0B, 0xC0, 0x00, 0x0B,
    0xC0, 0x0B, 0xC0, 0x00, 0x0B, 0xC0, 0x0B, 0xFE, 0x80, 0x0B, 0xC0, 0x0B, 0xEA, 0xF8, 0x0B, 0xC0,
    0x0B, 0xC0, 0x3E, 0x0B, 0xC0, 0x0B, 0xC0, 0x2F, 0x0B, 0xC0, 0x0B, 0xC0, 0x2F, 0x0B, 0xC0, 0x0B,
    0xC0, 0x2F, 0x0B, 0xC0, 0x0B, 0xC0, 0x2F, 0x0B, 0xC0, 0x0B, 0xC0, 0x3F, 0x0B, 0xC0, 0x0F, 0xC2,
    0xFC, 0x0F, 0xC0, 0xBF, 0xFF, 0xA0, 0xBF, 0xF8, 0x00, 0x00, 0x00, 0x00, 0x00, 0xB8, 0x3C, 0x00,
    0x00, 0xB8, 0x3E, 0x00, 0x00, 0x10, 0x04, 0x00, 0x00, 0x00, 0x00, 0x00, 0x00, 0x00, 0x00, 0x00,
    0x3F, 0xE0, 0x0F, 0xFC, 0x0F, 0x00, 0x02, 0xF0, 0x0F, 0x00, 0x02, 0xF0, 0x0F, 0x40, 0x02, 0xF0,
    0x0F, 0xFF, 0x82, 0xF0, 0x0F, 0x03, 0xE2, 0xF0, 0x0F, 0x00, 0xF2, 0xF0, 0x0F, 0x00, 0xF2, 0xF0,
    0x0F, 0x00, 0xF2, 0xF0, 0x0F, 0x47, 0xF2, 0xF0, 0xBF, 0xFE, 0x8F, 0xFC, 0x2A, 0xAA, 0xAA, 0x2F,
    0xEA, 0xAE, 0x0B, 0xC0, 0x0E, 0x0B, 0xC0, 0x0E, 0x0B, 0xC0, 0x0A, 0x0B, 0xC0, 0x00, 0x0B, 0xC0,
    0x00, 0xBF, 0xFF, 0x00, 0x2F, 0xEA, 0x00, 0x0B, 0xC0, 0x00, 0x0B, 0xC0, 0x00, 0x0B, 0xC0, 0x00,
    0x0B, 0xC0, 0x00, 0x0B, 0xC0, 0x00, 0x0F, 0xC0, 0x00, 0xBF, 0xF8, 0x00, 0x00, 0x28, 0x00, 0x00,
    0x28, 0x00, 0x08, 0x38, 0x00, 0x3E, 0x74, 0x00, 0x1F, 0xE0, 0x00, 0x00, 0x00, 0x00, 0x00, 0x00,
    0x00, 0x7F, 0xFF, 0xE0, 0x0F, 0x00, 0xA0, 0x0F, 0x00, 0xA0, 0x0F, 0x00, 0x00, 0x2F, 0xA0, 0x00,
    0xBF, 0xF8, 0x00, 0x0F, 0x00, 0x00, 0x0F, 0x00, 0x00, 0x0F, 0x00, 0x00, 0x0F, 0x80, 0x00, 0xBF,
    0xF0, 0x00, 0x00, 0xA0, 0x00, 0x00, 0xA0, 0x00, 0x20, 0xA0, 0x00, 0xF8, 0xE0, 0x00, 0x7F, 0x80,
    0x00, 0x00, 0x00, 0x00, 0x2A, 0xA0, 0x2A, 0xA0, 0x2F, 0xE0, 0x1F, 0xE0, 0x0B, 0xC0, 0x0B, 0x00,
    0x03, 0xF0, 0x2E, 0x00, 0x00, 0xF8, 0x38, 0x00, 0x00, 0xBC, 0xF0, 0x00, 0x00, 0x3F, 0xC0, 0x00,
    0x00, 0x1F, 0x80, 0x00, 0x00, 0x0F, 0xC0, 0x00, 0x00, 0x3F, 0xF0, 0x00, 0x00, 0xB6, 0xF8, 0x00,
    0x00, 0xE0, 0xFC, 0x00, 0x03, 0xC0, 0x3E, 0x00, 0x0B, 0x00, 0x2F, 0x00, 0x2F, 0x00, 0x0F, 0xC0,
    0xFF, 0xC0, 0x03, 0xE0, 0x00, 0x00, 0x03, 0xF0, 0x00, 0x00, 0x02, 0xF0, 0x00, 0x00, 0x02, 0xE0,
    0x00, 0x00, 0xAF, 0xC0, 0x00, 0x00, 0x69, 0x00, 0x00, 0x00, 0x00, 0xBF, 0xD3, 0xFC, 0x0F, 0x80,
    0xE0, 0x03, 0xD3, 0xC0, 0x02, 0xFF, 0x00, 0x00, 0xFC, 0x00, 0x00, 0xBE, 0x00, 0x00, 0xFF, 0x00,
    0x03, 0xCF, 0xC0, 0x0B, 0x03, 0xE0, 0x2E, 0x01, 0xF0, 0xFF, 0x80, 0xBC, 0x00, 0x00, 0x3C, 0x00,
    0x00, 0x2D, 0x00, 0x00, 0x3C, 0x00, 0x0A, 0xF8, 0x00, 0x06, 0x80, 0x2A, 0xA0, 0x2A, 0xA0, 0x2F,
    0xE0, 0x1F, 0xE0, 0x0B, 0xC0, 0x0B, 0x00, 0x03, 0xF0, 0x2E, 0x00, 0x00, 0xF8, 0x38, 0x00, 0x00,
    0xBC, 0xF0, 0x00, 0x00, 0x3F, 0xC0, 0x00, 0x0B, 0xFF, 0xFF, 0x00, 0x02, 0xAF, 0xEA, 0x00, 0x00,
    0x3F, 0xF0, 0x00, 0x00, 0xB6, 0xF8, 0x00, 0x00, 0xE0, 0xFC, 0x00, 0x03, 0xC0, 0x3E, 0x00, 0x0B,
    0x00, 0x2F, 0x00, 0x2F, 0x00, 0x1F, 0xD0, 0xFF, 0xC0, 0xBF, 0xF4, 0x00, 0x00, 0x00, 0xBF, 0xD3,
    0xFC, 0x0F, 0x80, 0xE0, 0x03, 0xD3, 0xC0, 0x02, 0xFF, 0x00, 0x0A, 0xFE, 0x80, 0x0F, 0xFF, 0xD0,
    0x00, 0xFF, 0x00, 0x03, 0xCF, 0xC0, 0x0B, 0x03, 0xE0, 0x2E, 0x02, 0xF0, 0xFF, 0x8B, 0xFE, 0x2A,
    0xAA, 0xAA, 0x00, 0x3F, 0xFF, 0xFF, 0x80, 0x00, 0x00, 0x00, 0x00, 0x2A, 0xAA, 0xAA, 0xAA, 0xAA,
    0xAA, 0x00, 0x3F, 0xFF, 0xFF, 0xFF, 0xFF, 0xFF, 0x00, 0x00, 0x00, 0x00, 0x00, 0x00, 0x00, 0x00,
    0x02, 0x00, 0x0A, 0x00, 0x2C, 0x00, 0x38, 0x00, 0x39, 0x00, 0x3F, 0x00, 0x2F, 0x00, 0x00, 0x00,
    0x24, 0xBE, 0xBF, 0x0E, 0x0D, 0x2C, 0xB0, 0x00, 0x28, 0xBE, 0x2F, 0x0E, 0x0C, 0x38, 0x60, 0x02,
    0x00, 0x80, 0x0B, 0x03, 0x80, 0x2C, 0x0B, 0x00, 0x38, 0x0D, 0x00, 0x39, 0x1E, 0x00, 0x3F, 0x0F,
    0xC0, 0x2F, 0x0F, 0x80, 0x00, 0x00, 0x00, 0x24, 0x08, 0x00, 0x7E, 0x2F, 0x00, 0xBF, 0x2F, 0x80,
    0x0E, 0x03, 0x80, 0x0D, 0x03, 0x00, 0x2C, 0x0E, 0x00, 0xB0, 0x28, 0x00, 0x00, 0x00, 0x00, 0x28,
    0x0A, 0x00, 0xBE, 0x3F, 0x40, 0x2F, 0x2B, 0x80, 0x0E, 0x03, 0x40, 0x0C, 0x0B, 0x00, 0x38, 0x0D,
    0x00, 0x60, 0x24, 0x00, 0x00, 0x10, 0x00, 0x00, 0x38, 0x00, 0x00, 0x3C, 0x00, 0x00, 0x38, 0x00,
    0x00, 0x20, 0x00, 0x7F, 0x9B, 0xF8, 0x2E, 0x21, 0xB0, 0x00, 0x30, 0x00, 0x00, 0x38, 0x00, 0x00,
    0x3C, 0x00, 0x00, 0xBC, 0x00, 0x00, 0x3C, 0x00, 0x00, 0x38, 0x00, 0x00, 0x38, 0x00, 0x00, 0x38,
    0x00, 0x00, 0x38, 0x00, 0x00, 0x30, 0x00, 0x00, 0x20, 0x00, 0x00, 0x20, 0x00, 0x00, 0x20, 0x00,
    0x00, 0x10, 0x00, 0x00, 0x38, 0x00, 0x00, 0x3C, 0x00, 0x00, 0x38, 0x00, 0x00, 0x20, 0x00, 0x7F,
    0x9B, 0xF8, 0x2E, 0x21, 0xB0, 0x00, 0x34, 0x00, 0x00, 0x38, 0x00, 0x00, 0xBC, 0x00, 0x00, 0xBC,
    0x00, 0x00, 0x3C, 0x00, 0x00, 0x38, 0x00, 0x18, 0x20, 0xA0, 0xBF, 0xDB, 0xFC, 0x08, 0x20, 0x20,
    0x00, 0x38, 0x00, 0x00, 0x38, 0x00, 0x00, 0x38, 0x00, 0x00, 0x20, 0x00, 0x0A, 0x40, 0x3F, 0xE0,
    0x3F, 0xF0, 0x3F, 0xF0, 0x3F, 0xE0, 0x0A, 0x80, 0x00, 0x00, 0x00, 0x00, 0x00, 0x3C, 0x00, 0xB8,
    0x00, 0xF0, 0xBD, 0x00, 0xFC, 0x01, 0xF8, 0xBC, 0x00, 0xFC, 0x00, 0xF8, 0x00, 0x00, 0x00, 0x00,
    0x00, 0x00, 0x00, 0x00, 0x00, 0x00, 0x00, 0x00, 0x0B, 0xF0, 0x00, 0x20, 0x00, 0x00, 0x00, 0x2E,
    0x3C, 0x00, 0xB0, 0x00, 0x00, 0x00, 0x3C, 0x0E, 0x00, 0xD0, 0x00, 0x00, 0x00, 0x38, 0x0E, 0x03,
    0xC0, 0x00, 0x00, 0x00, 0x38, 0x0F, 0x0B, 0x00, 0x00, 0x00, 0x00, 0x38, 0x0F, 0x0E, 0x00, 0x00,
    0x00, 0x00, 0x38, 0x0E, 0x3C, 0x24, 0x00, 0x24, 0x00, 0x3C, 0x1D, 0x72, 0xEF, 0x02, 0xEF, 0x00,
    0x0E, 0x3C, 0xE3, 0x83, 0xC3, 0x83, 0xC0, 0x02, 0xE2, 0xCB, 0x03, 0xCB, 0x02, 0xC0, 0x00, 0x03,
    0x4B, 0x02, 0xCB, 0x02, 0xC0, 0x00, 0x0E, 0x0F, 0x02, 0xCB, 0x02, 0xD0, 0x00, 0x2C, 0x0B, 0x02,
    0xCB, 0x02, 0xC0, 0x00, 0x38, 0x0B, 0x03, 0xCB, 0x42, 0xC0, 0x00, 0xF0, 0x03, 0x83, 0x83, 0xC3,
    0xC0, 0x02, 0xC0, 0x02, 0xFF, 0x00, 0xFF, 0x00, 0x00, 0x00, 0x00, 0x00, 0x00, 0x00, 0x00, 0x00,
    0x00, 0x02, 0xC0, 0x03, 0x80, 0x0F, 0x00, 0x2E, 0x00, 0xBC, 0x00, 0xB8, 0x00, 0x3C, 0x00, 0x2E,
    0x00, 0x0B, 0x00, 0x03, 0x80, 0x00, 0xC0, 0x00, 0x00, 0x70, 0x00, 0x3C, 0x00, 0x1E, 0x00, 0x0F,
    0x40, 0x03, 0xC0, 0x03, 0xC0, 0x0B, 0xC0, 0x0F, 0x00, 0x2D, 0x00, 0x38, 0x00, 0xB0, 0x00, 0x00,
    0x00, 0x00, 0x00, 0x00, 0x00, 0x03, 0x00, 0x00, 0x00, 0x0E, 0x00, 0x00, 0x00, 0x2C, 0x00, 0x00,
    0x00, 0x38, 0x00, 0x00, 0x00, 0xF0, 0x00, 0x00, 0x02, 0xC0, 0x00, 0x00, 0x03, 0x80, 0x00, 0x00,
    0x0F, 0x00, 0x00, 0x00, 0x2C, 0x00, 0x00, 0x00, 0x38, 0x00, 0x00, 0x00, 0xB0, 0x00, 0x00, 0x00,
    0xC0, 0x00, 0x00, 0x03, 0x80, 0x00, 0x00, 0x0B, 0x00, 0x00, 0x00, 0x0E, 0x00, 0x00, 0x00, 0x3C,
    0x00, 0x00, 0x00, 0x00, 0x00, 0x00, 0x78, 0x00, 0xF8, 0x03, 0x78, 0x0E, 0x38, 0x38, 0x38, 0xBA,
    0xBE, 0x15, 0x7C, 0x00, 0x38, 0x00, 0x38, 0x00, 0x00, 0x00, 0x00, 0x00, 0x00, 0x00, 0x0B, 0xFE,
    0x00, 0x00, 0x3F, 0xAB, 0xC0, 0x00, 0xF8, 0x02, 0xC0, 0x02, 0xF0, 0x00, 0xC0, 0x03, 0xC0, 0x00,
    0x80, 0x07, 0xC0, 0x00, 0x00, 0x2F, 0xEA, 0xA0, 0x00, 0x2F, 0xEA, 0xA0, 0x00, 0x2F, 0xEA, 0x80,
    0x00, 0x2F, 0xEA, 0x80, 0x00, 0x0B, 0xC0, 0x00, 0x00, 0x03, 0xC0, 0x00, 0x80, 0x03, 0xE0, 0x00,
    0xC0, 0x00, 0xF4, 0x02, 0xC0, 0x00, 0x7E, 0x03, 0xC0, 0x00, 0x0F, 0xFF, 0x80, 0x00, 0x00, 0x00,
    0x00, 0x00, 0x10, 0x00, 0x0B, 0xFF, 0x00, 0x02, 0x02, 0xD0, 0x00, 0x00, 0xB0, 0x00, 0x00, 0x38,
    0x00, 0x00, 0x3C, 0x00, 0x00, 0x3C, 0x00, 0xB8, 0x3C, 0x0F, 0xD2, 0xBC, 0x2F, 0x00, 0xBC, 0x3E,
    0x00, 0x7C, 0x3C, 0x00, 0xB8, 0x7C, 0x00, 0xF4, 0x7C, 0x00, 0xF0, 0x3C, 0x02, 0xE0, 0x2C, 0x03,
    0xC0, 0x0B, 0xAF, 0x00, 0x00, 0x10, 0x00, 0x00, 0x00, 0x00, 0x00, 0x00, 0x2F, 0xFF, 0xFF, 0xFE,
    0x80, 0x0B, 0xE0, 0x00, 0xF8, 0x00, 0x07, 0xC0, 0x00, 0xF8, 0x00, 0x03, 0xC0, 0x00, 0xF8, 0x00,
    0x03, 0xC0, 0x00, 0xF8, 0x00, 0x03, 0xC0, 0x00, 0xF8, 0x00, 0x03, 0xC0, 0x00, 0xF8, 0x00, 0x03,
    0xC0, 0x00, 0xF8, 0x00, 0x03, 0xC0, 0x00, 0xF8, 0x00, 0x03, 0xC0, 0x00, 0xF8, 0x00, 0x03, 0xC0,
    0x00, 0xF8, 0x00, 0x03, 0xC0, 0x00, 0xF8, 0x00, 0x03, 0xC0, 0x00, 0xF8, 0x00, 0x07, 0xC0, 0x00,
    0xF8, 0x00, 0x0B, 0xD0, 0x00, 0xF8, 0x00, 0x7F, 0xF8, 0x0B, 0xFF, 0x80, 0x2A, 0xAA, 0xAA, 0x00,
    0x2F, 0xEA, 0xAF, 0x00, 0x0F, 0xC0, 0x0B, 0x00, 0x07, 0xE0, 0x0B, 0x00, 0x02, 0xF0, 0x00, 0x00,
    0x00, 0xFC, 0x00, 0x00, 0x00, 0x3E, 0x00, 0x00, 0x00, 0x2F, 0x40, 0x00, 0x00, 0x3F, 0x00, 0x00,
    0x00, 0xBE, 0x00, 0x00, 0x00, 0xFC, 0x00, 0x00, 0x03, 0xF0, 0x02, 0x00, 0x0B, 0xC0, 0x03, 0x80,
    0x0F, 0x80, 0x03, 0x80, 0x3F, 0x80, 0x0B, 0x80, 0x3F, 0xFF, 0xFF, 0x80, 0x7F, 0xFF, 0xFF, 0xF4,
    0x2A, 0xAA, 0xAA, 0xA0, 0x00, 0x00, 0x02, 0x00, 0x00, 0x00, 0x0F, 0x00, 0x00, 0x00, 0x2C, 0x00,
    0x00, 0x00, 0x38, 0x00, 0x00, 0x00, 0xB0, 0x00, 0x00, 0x00, 0xE0, 0x00, 0x00, 0x02, 0xC0, 0x00,
    0x00, 0x03, 0x80, 0x00, 0x00, 0x0F, 0x00, 0x00, 0x00, 0x1C, 0x00, 0x00, 0x00, 0x3C, 0x00, 0x00,
    0x00, 0xB0, 0x00, 0x00, 0x00, 0xE0, 0x00, 0x00, 0x02, 0xC0, 0x00, 0x00, 0x03, 0x80, 0x00, 0x00,
    0x0B, 0x00, 0x00, 0x00, 0x0E, 0x00, 0x00, 0x00, 0x3C, 0x00, 0x00, 0x00, 0x00, 0x00, 0x00, 0x00,
    0x00, 0x3D, 0x3D, 0x00, 0x00, 0x00, 0x00, 0x00, 0x00, 0x00, 0x03, 0x80, 0x00, 0x00, 0x03, 0x00,
    0x00, 0x00, 0x0A, 0x00, 0x00, 0x00, 0x08, 0x00, 0x00, 0x00, 0x0C, 0x00, 0x2E, 0x00, 0x0C, 0x00,
    0x6B, 0x00, 0x28, 0x00, 0x03, 0x80, 0x30, 0x00, 0x02, 0xC0, 0x30, 0x00, 0x00, 0xE0, 0x60, 0x00,
    0x00, 0xB0, 0xA0, 0x00, 0x00, 0x38, 0xC0, 0x00, 0x00, 0x2E, 0xC0, 0x00, 0x00, 0x0F, 0x80, 0x00,
    0x00, 0x0B, 0x40, 0x00, 0x00, 0x03, 0x00, 0x00, 0x00, 0x00, 0x00, 0x00, 0x00, 0x0F, 0xF8, 0x0B,
    0xFC, 0x00, 0x3C, 0x2F, 0x3E, 0x0F, 0x00, 0x30, 0x03, 0xF0, 0x03, 0x00, 0x30, 0x03, 0xF0, 0x03,
    0x00, 0x3C, 0x1E, 0x2D, 0x0F, 0x00, 0x0F, 0xF8, 0x0B, 0xFC, 0x00, 0x00, 0x00, 0x00, 0x00, 0x00,
    0x00, 0x00, 0x00, 0x00, 0x0B, 0xF0, 0x00, 0x2E, 0xF0, 0x00, 0x38, 0x00, 0x00, 0x38, 0x00, 0x00,
    0x38, 0x00, 0x00, 0x38, 0x00, 0x00, 0x38, 0x00, 0x00, 0x78, 0x00, 0x00, 0xB8, 0x00, 0x00, 0xB8,
    0x00, 0x00, 0xB8, 0x00, 0x00, 0xB8, 0x00, 0x00, 0xB4, 0x00, 0x00, 0xB0, 0x00, 0x00, 0xB0, 0x00,
    0x00, 0xB0, 0x00, 0x00, 0xB0, 0x00, 0x00, 0xF0, 0x00, 0x00, 0xE0, 0x00, 0x3C, 0xD0, 0x00, 0x3F,
    0xC0, 0x00, 0x18, 0x00, 0x00, 0x02, 0x90, 0x00, 0x00, 0x3F, 0xFF, 0x80, 0xB8, 0xB8, 0x0B, 0xFF,
    0xE0, 0x00, 0x00, 0x19, 0x00, 0x02, 0xA0, 0x00, 0x04, 0x3F, 0xFF, 0x90, 0xB8, 0xB0, 0x06, 0xFF,
    0xE0, 0x00, 0x00, 0x00, 0x00, 0x00, 0x00, 0x00, 0x00, 0x00, 0x00, 0x03, 0xC0, 0x00, 0x00, 0x0F,
    0x00, 0xBF, 0xFF, 0xFF, 0xF8, 0x2A, 0xAB, 0xFA, 0xA0, 0x00, 0x03, 0xC0, 0x00, 0x00, 0x0F, 0x00,
    0x00, 0x2A, 0xBF, 0xAA, 0xA0, 0x7F, 0xFF, 0xFF, 0xF4, 0x03, 0xC0, 0x00, 0x00, 0x0B, 0x00, 0x00,
    0x00, 0x00, 0x00, 0x00, 0x00, 0x00, 0x00, 0x00, 0x00, 0x00, 0x00, 0x00, 0xB8, 0x00, 0x00, 0x2F,
    0xF0, 0x00, 0x0B, 0xF9, 0x00, 0x02, 0xFE, 0x00, 0x00, 0x3F, 0x80, 0x00, 0x00, 0xBE, 0x00, 0x00,
    0x00, 0x0B, 0xF9, 0x00, 0x00, 0x00, 0x2F, 0xF8, 0x00, 0x00, 0x00, 0x6F, 0xE0, 0x00, 0x00, 0x00,
    0xB8, 0x00, 0x00, 0x00, 0x00, 0x2A, 0xAA, 0xAA, 0xA0, 0xBF, 0xFF, 0xFF, 0xF8, 0x00, 0x00, 0x00,
    0x00, 0xB8, 0x00, 0x00, 0x00, 0x3F, 0xE0, 0x00, 0x00, 0x01, 0xBF, 0x80, 0x00, 0x00, 0x02, 0xFE,
    0x00, 0x00, 0x00, 0x0B, 0xF0, 0x00, 0x00, 0x02, 0xF8, 0x00, 0x01, 0xBF, 0x80, 0x00, 0xBF, 0xE0,
    0x00, 0x2F, 0xE4, 0x00, 0x00, 0xB8, 0x00, 0x00, 0x00, 0x00, 0x00, 0x00, 0x00, 0x2A, 0xAA, 0xAA,
    0xA0, 0xBF, 0xFF, 0xFF, 0xF8, 0x00, 0x00, 0x00, 0x00, 0x00, 0x00, 0x00, 0x00, 0x0F, 0x00, 0x00,
    0x00, 0x00, 0x00, 0x3F, 0xC0, 0x00, 0x00, 0x00, 0x00, 0xFF, 0xF0, 0x00, 0x00, 0x00, 0x03, 0xEA,
    0xBC, 0x00, 0x00, 0x00, 0x0F, 0xBF, 0x0B, 0x00, 0x00, 0x00, 0x3D, 0xBF, 0xC3, 0xC0, 0x00, 0x00,
    0xFC, 0x3F, 0xC3, 0xF0, 0x00, 0x03, 0xFE, 0x3F, 0xC3, 0xFC, 0x00, 0x0F, 0xFF, 0xFF, 0xC3, 0xFF,
    0x00, 0x3F, 0xFF, 0xFF, 0x8B, 0xFF, 0xC0, 0xFF, 0xFF, 0xFF, 0x2F, 0xFF, 0xF0, 0x3F, 0xFF, 0xFF,
    0x3F, 0xFF, 0xC0, 0x0F, 0xFF, 0xFE, 0xFF, 0xFF, 0x00, 0x03, 0xFF, 0xFE, 0xFF, 0xFC, 0x00, 0x00,
    0xFF, 0xFF, 0xFF, 0xF0, 0x00, 0x00, 0x3F, 0xFF, 0xFF, 0xC0, 0x00, 0x00, 0x0F, 0xFF, 0xFF, 0x00,
    0x00, 0x00, 0x03, 0xF0, 0xFC, 0x00, 0x00, 0x00, 0x00, 0xF0, 0xF0, 0x00, 0x00, 0x00, 0x00, 0x3F,
    0xC0, 0x00, 0x00, 0x00, 0x00, 0x0F, 0x00, 0x00, 0x00, 0x00, 0x00, 0x00, 0x00, 0x00, 0x00,
};

static const EpdGlyph chareink_10_regularGlyphs[] = {
    { 0, 0, 8, 0, 17, 0, 0 },
    { 4, 18, 8, 2, 17, 18, 0 },
    { 8, 8, 8, 0, 17, 16, 18 },
    { 16, 18, 17, 1, 17, 72, 34 },
    { 12, 21, 13, 1, 18, 63, 106 },
    { 20, 18, 20, 0, 17, 90, 169 },
    { 16, 17, 16, 0, 16, 68, 259 },
    { 4, 8, 4, 0, 17, 8, 327 },
    { 8, 21, 9, 1, 17, 42, 335 },
    { 8, 21, 9, 0, 17, 42, 377 },
    { 12, 10, 12, 1, 17, 30, 419 },
    { 16, 15, 23, 4, 15, 60, 449 },
    { 8, 8, 6, 0, 4, 16, 509 },
    { 8, 3, 7, 0, 7, 6, 525 },
    { 4, 5, 6, 1, 4, 5, 531 },
    { 16, 19, 11, -1, 16, 76, 536 },
    { 16, 18, 13, 0, 17, 72, 612 },
    { 12, 17, 13, 1, 17, 51, 684 },
    { 12, 17, 13, 0, 17, 51, 735 },
    { 12, 18, 13, 0, 17, 54, 786 },
    { 16, 18, 13, 0, 17, 72, 840 },
    { 12, 17, 13, 0, 16, 51, 912 },
    { 16, 18, 13, 0, 17, 72, 963 },
    { 12, 17, 13, 1, 16, 51, 1035 },
    { 16, 18, 13, 0, 17, 72, 1086 },
    { 16, 18, 13, 0, 17, 72, 1158 },
    { 4, 13, 6, 1, 12, 13, 1230 },
    { 8, 16, 6, 0, 12, 32, 1243 },
    { 16, 14, 23, 4, 14, 56, 1275 },
    { 16, 6, 23, 4, 10, 24, 1331 },
    { 16, 14, 23, 4, 14, 56, 1355 },
    { 12, 18, 11, 1, 17, 54, 1411 },
    { 20, 21, 22, 1, 17, 105, 1465 },
    { 20, 17, 15, -1, 17, 85, 1570 },
    { 16, 16, 14, 0, 16, 64, 1655 },
    { 16, 18, 14, 0, 17, 72, 1719 },
    { 16, 16, 16, 0, 16, 64, 1791 },
    { 16, 16, 13, 0, 16, 64, 1855 },
    { 12, 16, 12, 0, 16, 48, 1919 },
    { 16, 18, 16, 0, 17, 72, 1967 },
    { 20, 16, 17, 0, 16, 80, 2039 },
    { 8, 16, 8, 0, 16, 32, 2119 },
    { 12, 17, 11, 0, 16, 51, 2151 },
    { 16, 16, 15, 0, 16, 64, 2202 },
    { 12, 16, 12, 0, 16, 48, 2266 },
    { 20, 16, 20, 0, 16, 80, 2314 },
    { 20, 16, 17, 0, 16, 80, 2394 },
    { 20, 18, 17, 0, 17, 90, 2474 },
    { 16, 16, 13, 0, 16, 64, 2564 },
    { 20, 22, 17, 0, 17, 110, 2628 },
    { 16, 17, 15, 0, 16, 68, 2738 },
    { 12, 18, 12, 0, 17, 54, 2806 },
    { 16, 16, 14, 0, 16, 64, 2860 },
    { 16, 17, 16, 0, 16, 68, 2924 },
    { 16, 17, 15, 0, 16, 68, 2992 },
    { 24, 17, 21, 0, 16, 102, 3060 },
    { 16, 16, 15, 0, 16, 64, 3162 },
    { 16, 16, 14, 0, 16, 64, 3226 },
    { 16, 16, 13, 0, 16, 64, 3290 },
    { 8, 21, 10, 3, 17, 42, 3354 },
    { 16, 19, 11, -1, 16, 76, 3396 },
    { 8, 21, 10, 0, 17, 42, 3472 },
    { 12, 5, 8, -1, 17, 15, 3514 },
    { 12, 3, 8, -1, -1, 9, 3529 },
    { 8, 6, 8, -1, 18, 12, 3538 },
    { 12, 13, 12, 0, 12, 39, 3550 },
    { 16, 18, 13, 0, 18, 72, 3589 },
    { 12, 13, 11, 0, 12, 39, 3661 },
    { 16, 19, 13, 0, 18, 76, 3700 },
    { 12, 13, 11, 0, 12, 39, 3776 },
    { 12, 18, 8, 0, 18, 54, 3815 },
    { 12, 18, 12, 0, 12, 54, 3869 },
    { 16, 18, 13, 0, 18, 72, 3923 },
    { 8, 17, 7, 0, 17, 34, 3995 },
    { 8, 23, 7, -2, 17, 46, 4029 },
    { 16, 18, 12, 0, 18, 72, 4075 },
    { 8, 18, 7, 0, 18, 36, 4147 },
    { 20, 12, 20, 0, 12, 60, 4183 },
    { 16, 12, 13, 0, 12, 48, 4243 },
    { 12, 13, 13, 0, 12, 39, 4291 },
    { 16, 17, 13, 0, 12, 68, 4330 },
    { 16, 17, 13, 0, 12, 68, 4398 },
    { 12, 12, 9, 0, 12, 36, 4466 },
    { 12, 13, 9, 0, 12, 39, 4502 },
    { 8, 16, 8, 0, 15, 32, 4541 },
    { 16, 13, 13, 0, 12, 52, 4573 },
    { 16, 12, 12, 0, 12, 48, 4625 },
    { 20, 12, 18, 0, 12, 60, 4673 },
    { 12, 12, 12, 0, 12, 36, 4733 },
    { 16, 18, 12, 0, 12, 72, 4769 },
    { 12, 12, 11, 0, 12, 36, 4841 },
    { 12, 20, 11, 1, 17, 60, 4877 },
    { 4, 25, 8, 3, 19, 25, 4937 },
    { 12, 20, 11, 1, 17, 60, 4962 },
    { 20, 4, 19, 1, 9, 20, 5022 },
    { 0, 0, 8, 0, 17, 0, 5042 },
    { 4, 17, 8, 2, 12, 17, 5042 },
    { 12, 18, 13, 1, 15, 54, 5059 },
    { 16, 18, 13, 0, 18, 72, 5113 },
    { 16, 14, 14, 0, 17, 56, 5185 },
    { 16, 16, 14, 0, 16, 64, 5241 },
    { 4, 23, 8, 3, 18, 23, 5305 },
    { 12, 21, 12, 1, 18, 63, 5328 },
    { 12, 4, 7, -1, 17, 12, 5391 },
    { 20, 19, 19, 0, 18, 95, 5403 },
    { 8, 9, 8, 0, 16, 18, 5498 },
    { 12, 12, 10, 0, 12, 36, 5516 },
    { 16, 6, 14, 0, 10, 24, 5552 },
    { 0, 0, 1, 0, 17, 0, 5576 },
    { 20, 19, 19, 0, 18, 95, 5576 },
    { 12, 3, 8, -1, 16, 9, 5671 },
    { 8, 6, 7, 1, 17, 12, 5680 },
    { 16, 15, 23, 4, 15, 60, 5692 },
    { 8, 11, 8, 0, 19, 22, 5752 },
    { 8, 11, 8, 0, 19, 22, 5774 },
    { 8, 6, 8, 2, 18, 12, 5796 },
    { 12, 18, 13, 1, 12, 54, 5808 },
    { 12, 18, 11, 0, 16, 54, 5862 },
    { 4, 4, 4, 0, 10, 4, 5916 },
    { 8, 7, 5, 0, 1, 14, 5920 },
    { 8, 11, 8, 1, 19, 22, 5934 },
    { 8, 9, 8, 0, 16, 18, 5956 },
    { 12, 12, 10, 0, 12, 36, 5974 },
    { 20, 18, 20, 0, 17, 90, 6010 },
    { 20, 17, 20, 0, 17, 85, 6100 },
    { 20, 18, 20, 0, 17, 90, 6185 },
    { 12, 17, 11, 1, 12, 51, 6275 },
    { 20, 22, 15, -1, 22, 110, 6326 },
    { 20, 22, 15, -1, 22, 110, 6436 },
    { 20, 22, 15, -1, 22, 110, 6546 },
    { 20, 21, 15, -1, 21, 105, 6656 },
    { 20, 21, 15, -1, 21, 105, 6761 },
    { 20, 23, 15, -1, 23, 115, 6866 },
    { 24, 16, 21, -1, 16, 96, 6981 },
    { 16, 23, 14, 0, 17, 92, 7077 },
    { 16, 22, 13, 0, 22, 88, 7169 },
    { 16, 22, 13, 0, 22, 88, 7257 },
    { 16, 22, 13, 0, 22, 88, 7345 },
    { 16, 21, 13, 0, 21, 84, 7433 },
    { 8, 22, 8, 0, 22, 44, 7517 },
    { 8, 22, 8, 0, 22, 44, 7561 },
    { 12, 22, 8, -1, 22, 66, 7605 },
    { 8, 21, 8, 0, 21, 42, 7671 },
    { 16, 16, 16, 0, 16, 64, 7713 },
    { 20, 21, 17, 0, 21, 105, 7777 },
    { 20, 23, 17, 0, 22, 115, 7882 },
    { 20, 23, 17, 0, 22, 115, 7997 },
    { 20, 23, 17, 0, 22, 115, 8112 },
    { 20, 22, 17, 0, 21, 110, 8227 },
    { 20, 22, 17, 0, 21, 110, 8337 },
    { 16, 14, 23, 5, 14, 56, 8447 },
    { 20, 20, 17, 0, 18, 100, 8503 },
    { 16, 23, 16, 0, 22, 92, 8603 },
    { 16, 23, 16, 0, 22, 92, 8695 },
    { 16, 23, 16, 0, 22, 92, 8787 },
    { 16, 22, 16, 0, 21, 88, 8879 },
    { 16, 22, 14, 0, 22, 88, 8967 },
    { 16, 16, 13, 0, 16, 64, 9055 },
    { 16, 19, 14, 0, 18, 76, 9119 },
    { 12, 19, 12, 0, 18, 57, 9195 },
    { 12, 19, 12, 0, 18, 57, 9252 },
    { 12, 18, 12, 0, 17, 54, 9309 },
    { 12, 18, 12, 0, 17, 54, 9363 },
    { 12, 18, 12, 0, 17, 54, 9417 },
    { 12, 20, 12, 0, 19, 60, 9471 },
    { 16, 13, 17, 0, 12, 52, 9531 },
    { 12, 18, 11, 0, 12, 54, 9583 },
    { 12, 19, 11, 0, 18, 57, 9637 },
    { 12, 19, 11, 0, 18, 57, 9694 },
    { 12, 18, 11, 0, 17, 54, 9751 },
    { 12, 18, 11, 0, 17, 54, 9805 },
    { 8, 18, 7, 0, 18, 36, 9859 },
    { 8, 18, 7, 0, 18, 36, 9895 },
    { 12, 17, 7, -1, 17, 51, 9931 },
    { 12, 17, 7, -1, 17, 51, 9982 },
    { 12, 19, 12, 0, 18, 57, 10033 },
    { 16, 17, 13, 0, 17, 68, 10090 },
    { 12, 19, 13, 0, 18, 57, 10158 },
    { 12, 19, 13, 0, 18, 57, 10215 },
    { 12, 18, 13, 0, 17, 54, 10272 },
    { 12, 18, 13, 0, 17, 54, 10326 },
    { 12, 18, 13, 0, 17, 54, 10380 },
    { 16, 12, 23, 4, 13, 48, 10434 },
    { 12, 16, 13, 0, 14, 48, 10482 },
    { 16, 19, 13, 0, 18, 76, 10530 },
    { 16, 19, 13, 0, 18, 76, 10606 },
    { 16, 18, 13, 0, 17, 72, 10682 },
    { 16, 18, 13, 0, 17, 72, 10754 },
    { 16, 24, 12, 0, 18, 96, 10826 },
    { 16, 23, 13, 0, 18, 92, 10922 },
    { 16, 23, 12, 0, 17, 92, 11014 },
    { 20, 20, 15, -1, 20, 100, 11106 },
    { 12, 17, 12, 0, 16, 51, 11206 },
    { 20, 21, 15, -1, 21, 105, 11257 },
    { 12, 18, 12, 0, 17, 54, 11362 },
    { 20, 22, 15, -1, 17, 110, 11416 },
    { 12, 17, 12, 0, 12, 51, 11526 },
    { 16, 23, 14, 0, 22, 92, 11577 },
    { 12, 19, 11, 0, 18, 57, 11669 },
    { 16, 22, 14, 0, 21, 88, 11726 },
    { 12, 18, 11, 0, 17, 54, 11814 },
    { 16, 23, 14, 0, 22, 92, 11868 },
    { 12, 18, 11, 0, 17, 54, 11960 },
    { 16, 22, 16, 0, 22, 88, 12014 },
    { 16, 19, 14, 0, 18, 76, 12102 },
    { 16, 16, 16, 0, 16, 64, 12178 },
    { 16, 19, 13, 0, 18, 76, 12242 },
    { 16, 20, 13, 0, 20, 80, 12318 },
    { 12, 17, 11, 0, 16, 51, 12398 },
    { 16, 21, 13, 0, 21, 84, 12449 },
    { 12, 18, 11, 0, 17, 54, 12533 },
    { 16, 21, 13, 0, 16, 84, 12587 },
    { 12, 17, 11, 0, 12, 51, 12671 },
    { 16, 22, 13, 0, 22, 88, 12722 },
    { 12, 18, 11, 0, 17, 54, 12810 },
    { 16, 22, 16, 0, 21, 88, 12864 },
    { 12, 23, 12, 0, 17, 69, 12952 },
    { 16, 22, 16, 0, 21, 88, 13021 },
    { 12, 23, 12, 0, 17, 69, 13109 },
    { 16, 24, 16, 0, 17, 96, 13178 },
    { 12, 24, 12, 0, 18, 72, 13274 },
    { 20, 16, 17, 0, 16, 80, 13346 },
    { 16, 18, 13, -1, 18, 72, 13426 },
    { 8, 20, 8, 0, 20, 40, 13498 },
    { 8, 16, 7, 0, 16, 32, 13538 },
    { 8, 21, 8, 0, 16, 42, 13570 },
    { 8, 22, 7, 0, 17, 44, 13612 },
    { 8, 12, 7, 0, 12, 24, 13656 },
    { 16, 23, 15, 0, 16, 92, 13680 },
    { 16, 25, 12, 0, 18, 100, 13772 },
    { 12, 23, 12, 0, 16, 69, 13872 },
    { 8, 25, 7, 0, 18, 50, 13941 },
    { 12, 18, 12, 0, 18, 54, 13991 },
    { 8, 18, 8, 0, 18, 36, 14045 },
    { 12, 16, 12, 0, 16, 48, 14081 },
    { 12, 18, 7, -1, 18, 54, 14129 },
    { 20, 22, 17, 0, 22, 110, 14183 },
    { 16, 18, 13, 0, 18, 72, 14293 },
    { 20, 23, 17, 0, 16, 115, 14365 },
    { 16, 19, 13, 0, 12, 76, 14480 },
    { 20, 22, 17, 0, 22, 110, 14556 },
    { 16, 17, 13, 0, 17, 68, 14666 },
    { 20, 23, 17, 0, 22, 115, 14734 },
    { 16, 19, 13, 0, 18, 76, 14849 },
    { 24, 18, 23, 0, 17, 108, 14925 },
    { 20, 13, 19, 0, 12, 65, 15033 },
    { 16, 23, 15, 0, 22, 92, 15098 },
    { 12, 18, 9, 0, 18, 54, 15190 },
    { 16, 23, 15, 0, 22, 92, 15244 },
    { 12, 17, 9, 0, 17, 51, 15336 },
    { 12, 23, 12, 0, 22, 69, 15387 },
    { 12, 19, 9, 0, 18, 57, 15456 },
    { 12, 23, 12, 0, 17, 69, 15513 },
    { 12, 18, 9, 0, 12, 54, 15582 },
    { 12, 23, 12, 0, 22, 69, 15636 },
    { 12, 18, 9, 0, 17, 54, 15705 },
    { 16, 22, 14, 0, 16, 88, 15759 },
    { 8, 21, 8, 0, 15, 42, 15847 },
    { 16, 22, 14, 0, 22, 88, 15889 },
    { 8, 19, 8, 0, 18, 38, 15977 },
    { 16, 21, 16, 0, 20, 84, 16015 },
    { 16, 17, 13, 0, 16, 68, 16099 },
    { 16, 24, 16, 0, 23, 96, 16167 },
    { 16, 20, 13, 0, 19, 80, 16263 },
    { 16, 23, 16, 0, 22, 92, 16343 },
    { 16, 19, 13, 0, 18, 76, 16435 },
    { 16, 21, 16, 0, 16, 84, 16511 },
    { 16, 17, 13, 0, 12, 68, 16595 },
    { 16, 21, 14, 0, 21, 84, 16663 },
    { 16, 22, 13, 0, 22, 88, 16747 },
    { 12, 18, 11, 0, 18, 54, 16835 },
    { 16, 21, 13, 0, 21, 84, 16889 },
    { 12, 17, 11, 0, 17, 51, 16973 },
    { 16, 22, 13, 0, 22, 88, 17024 },
    { 12, 17, 11, 0, 17, 51, 17112 },
    { 8, 6, 1, -10, 18, 12, 17163 },
    { 8, 6, 1, -9, 18, 12, 17175 },
    { 12, 5, 1, -11, 17, 15, 17187 },
    { 12, 4, 1, -11, 17, 12, 17202 },
    { 12, 3, 1, -11, 16, 9, 17214 },
    { 8, 5, 1, -10, 17, 10, 17223 },
    { 4, 4, 1, -8, 17, 4, 17233 },
    { 8, 4, 1, -10, 17, 8, 17237 },
    { 8, 7, 1, -10, 19, 14, 17245 },
    { 12, 6, 1, -11, 18, 18, 17259 },
    { 12, 5, 1, -11, 17, 15, 17277 },
    { 4, 6, 1, -8, -1, 6, 17292 },
    { 8, 7, 1, -9, 1, 14, 17298 },
    { 8, 6, 1, -8, 1, 12, 17312 },
    { 16, 22, 13, 0, 22, 88, 17324 },
    { 16, 21, 13, 0, 21, 84, 17412 },
    { 16, 17, 17, 0, 16, 68, 17496 },
    { 12, 22, 12, 0, 22, 66, 17564 },
    { 16, 18, 14, 0, 17, 72, 17630 },
    { 12, 18, 12, 0, 17, 54, 17702 },
    { 8, 16, 8, 0, 16, 32, 17756 },
    { 8, 21, 8, 0, 21, 42, 17788 },
    { 12, 17, 11, 0, 16, 51, 17830 },
    { 24, 17, 22, 0, 16, 102, 17881 },
    { 24, 16, 21, 0, 16, 96, 17983 },
    { 20, 16, 17, 0, 16, 80, 18079 },
    { 16, 22, 15, 0, 22, 88, 18159 },
    { 16, 22, 16, 0, 22, 88, 18247 },
    { 20, 23, 16, -1, 22, 115, 18335 },
    { 20, 21, 17, 0, 16, 105, 18450 },
    { 20, 17, 15, -1, 17, 85, 18555 },
    { 16, 16, 13, 0, 16, 64, 18640 },
    { 16, 16, 14, 0, 16, 64, 18704 },
    { 12, 16, 12, 0, 16, 48, 18768 },
    { 20, 21, 16, -1, 16, 105, 18816 },
    { 16, 16, 13, 0, 16, 64, 18921 },
    { 24, 17, 20, 0, 17, 102, 18985 },
    { 12, 18, 13, 0, 17, 54, 19087 },
    { 16, 16, 16, 0, 16, 64, 19141 },
    { 16, 22, 16, 0, 22, 88, 19205 },
    { 16, 17, 15, 0, 17, 68, 19293 },
    { 16, 17, 17, 0, 16, 68, 19361 },
    { 20, 16, 20, 0, 16, 80, 19429 },
    { 20, 16, 17, 0, 16, 80, 19509 },
    { 20, 18, 17, 0, 17, 90, 19589 },
    { 20, 16, 17, 0, 16, 80, 19679 },
    { 16, 16, 13, 0, 16, 64, 19759 },
    { 16, 18, 14, 0, 17, 72, 19823 },
    { 16, 16, 14, 0, 16, 64, 19895 },
    { 20, 17, 16, -1, 16, 85, 19959 },
    { 20, 16, 19, 0, 16, 80, 20044 },
    { 16, 16, 15, 0, 16, 64, 20124 },
    { 20, 21, 17, 0, 16, 105, 20188 },
    { 16, 16, 15, 0, 16, 64, 20293 },
    { 24, 16, 22, 0, 16, 96, 20357 },
    { 24, 21, 22, 0, 16, 126, 20453 },
    { 16, 16, 15, -1, 16, 64, 20579 },
    { 20, 16, 19, 0, 16, 80, 20643 },
    { 16, 16, 13, 0, 16, 64, 20723 },
    { 16, 18, 14, 0, 17, 72, 20787 },
    { 24, 18, 22, 0, 17, 108, 20859 },
    { 16, 17, 15, -1, 16, 68, 20967 },
    { 12, 13, 12, 0, 12, 39, 21035 },
    { 12, 18, 12, 0, 17, 54, 21074 },
    { 12, 12, 12, 0, 12, 36, 21128 },
    { 12, 12, 10, 0, 12, 36, 21164 },
    { 16, 16, 13, -1, 12, 64, 21200 },
    { 12, 13, 11, 0, 12, 39, 21264 },
    { 16, 12, 16, 0, 12, 48, 21303 },
    { 12, 13, 10, 0, 12, 39, 21351 },
    { 16, 12, 14, 0, 12, 48, 21390 },
    { 16, 17, 14, 0, 17, 68, 21438 },
    { 16, 12, 12, 0, 12, 48, 21506 },
    { 16, 13, 14, 0, 12, 52, 21554 },
    { 16, 12, 16, 0, 12, 48, 21606 },
    { 16, 12, 14, 0, 12, 48, 21654 },
    { 12, 13, 13, 0, 12, 39, 21702 },
    { 16, 12, 13, 0, 12, 48, 21741 },
    { 16, 17, 13, 0, 12, 68, 21789 },
    { 12, 13, 11, 0, 12, 39, 21857 },
    { 12, 12, 11, 0, 12, 36, 21896 },
    { 16, 17, 12, 0, 12, 68, 21932 },
    { 16, 22, 17, 0, 17, 88, 22000 },
    { 12, 12, 12, 0, 12, 36, 22088 },
    { 16, 16, 13, 0, 12, 64, 22124 },
    { 12, 12, 12, 0, 12, 36, 22188 },
    { 20, 12, 18, 0, 12, 60, 22224 },
    { 20, 16, 18, 0, 12, 80, 22284 },
    { 16, 12, 13, 0, 12, 48, 22364 },
    { 16, 12, 16, 0, 12, 48, 22412 },
    { 12, 12, 11, 0, 12, 36, 22460 },
    { 12, 13, 11, 0, 12, 39, 22496 },
    { 20, 13, 17, 0, 12, 65, 22535 },
    { 16, 13, 12, -1, 12, 52, 22600 },
    { 12, 19, 11, 0, 18, 57, 22652 },
    { 12, 18, 11, 0, 17, 54, 22709 },
    { 16, 22, 13, 0, 18, 88, 22763 },
    { 12, 18, 10, 0, 18, 54, 22851 },
    { 12, 13, 10, 0, 12, 39, 22905 },
    { 12, 13, 9, 0, 12, 39, 22944 },
    { 8, 17, 7, 0, 17, 34, 22983 },
    { 12, 17, 7, -1, 17, 51, 23017 },
    { 8, 23, 7, -2, 17, 46, 23068 },
    { 20, 13, 18, 0, 12, 65, 23114 },
    { 20, 12, 18, 0, 12, 60, 23179 },
    { 16, 18, 13, -1, 18, 72, 23239 },
    { 16, 18, 12, 0, 18, 72, 23311 },
    { 16, 18, 14, 0, 18, 72, 23383 },
    { 16, 22, 12, 0, 17, 88, 23455 },
    { 16, 16, 13, 0, 12, 64, 23543 },
    { 16, 17, 16, 0, 17, 68, 23607 },
    { 12, 12, 12, 0, 12, 36, 23675 },
    { 16, 18, 17, 0, 17, 72, 23711 },
    { 12, 13, 12, 0, 12, 39, 23783 },
    { 20, 18, 18, 0, 17, 90, 23822 },
    { 16, 12, 14, 0, 12, 48, 23912 },
    { 16, 26, 16, 0, 22, 104, 23960 },
    { 16, 21, 14, 0, 17, 84, 24064 },
    { 16, 18, 13, 0, 18, 72, 24148 },
    { 12, 14, 11, 0, 14, 42, 24220 },
    { 16, 16, 13, 0, 16, 64, 24262 },
    { 16, 17, 13, 0, 12, 68, 24326 },
    { 12, 19, 11, 0, 19, 57, 24394 },
    { 12, 14, 9, 0, 14, 42, 24451 },
    { 12, 16, 12, 0, 16, 48, 24493 },
    { 12, 12, 10, 0, 12, 36, 24541 },
    { 16, 21, 14, 0, 16, 84, 24577 },
    { 12, 17, 12, 1, 12, 51, 24661 },
    { 24, 22, 20, 0, 17, 132, 24712 },
    { 16, 16, 16, 0, 12, 64, 24844 },
    { 12, 22, 13, 0, 17, 66, 24908 },
    { 12, 17, 10, 0, 12, 51, 24974 },
    { 16, 22, 15, 0, 17, 88, 25025 },
    { 16, 16, 12, 0, 12, 64, 25113 },
    { 16, 17, 15, 0, 17, 68, 25177 },
    { 16, 12, 12, 0, 12, 48, 25245 },
    { 16, 17, 15, 0, 17, 68, 25293 },
    { 16, 18, 12, -1, 18, 72, 25361 },
    { 20, 17, 17, 0, 17, 85, 25433 },
    { 16, 12, 14, 0, 12, 48, 25518 },
    { 20, 21, 17, 0, 16, 105, 25566 },
    { 16, 16, 14, 0, 12, 64, 25671 },
    { 20, 16, 19, 0, 16, 80, 25735 },
    { 16, 12, 16, 0, 12, 48, 25815 },
    { 24, 21, 22, 0, 16, 126, 25863 },
    { 20, 17, 18, 0, 12, 85, 25989 },
    { 20, 18, 18, 0, 17, 90, 26074 },
    { 16, 13, 14, 0, 12, 52, 26164 },
    { 16, 22, 14, 0, 17, 88, 26216 },
    { 12, 17, 11, 0, 12, 51, 26304 },
    { 16, 21, 14, 0, 16, 84, 26355 },
    { 12, 16, 11, 0, 12, 48, 26439 },
    { 16, 16, 14, 0, 16, 64, 26487 },
    { 16, 17, 13, 0, 12, 68, 26551 },
    { 16, 16, 14, 0, 16, 64, 26619 },
    { 16, 17, 13, 0, 12, 68, 26683 },
    { 16, 21, 15, 0, 16, 84, 26751 },
    { 12, 16, 12, 0, 12, 48, 26835 },
    { 20, 21, 19, 0, 16, 105, 26883 },
    { 16, 16, 15, 0, 12, 64, 26988 },
    { 16, 21, 15, 0, 16, 84, 27052 },
    { 12, 16, 12, 0, 12, 48, 27136 },
    { 16, 16, 15, 0, 16, 64, 27184 },
    { 16, 12, 13, 0, 12, 48, 27248 },
    { 16, 16, 15, 0, 16, 64, 27296 },
    { 16, 18, 13, 0, 18, 72, 27360 },
    { 20, 18, 18, -1, 17, 90, 27432 },
    { 16, 13, 14, -1, 12, 52, 27522 },
    { 20, 22, 18, -1, 17, 110, 27574 },
    { 16, 16, 14, -1, 12, 64, 27684 },
    { 8, 16, 8, 0, 16, 32, 27748 },
    { 24, 22, 20, 0, 22, 132, 27780 },
    { 16, 17, 16, 0, 17, 68, 27912 },
    { 16, 22, 15, 0, 17, 88, 27980 },
    { 12, 17, 12, 0, 12, 51, 28068 },
    { 16, 20, 17, 0, 16, 80, 28119 },
    { 16, 16, 14, 0, 12, 64, 28199 },
    { 20, 21, 17, 0, 16, 105, 28263 },
    { 16, 17, 14, 0, 12, 68, 28368 },
    { 20, 20, 17, 0, 16, 100, 28436 },
    { 16, 16, 14, 0, 12, 64, 28536 },
    { 16, 21, 15, 0, 16, 84, 28600 },
    { 12, 16, 12, 0, 12, 48, 28684 },
    { 20, 20, 20, 0, 16, 100, 28732 },
    { 16, 16, 16, 0, 12, 64, 28832 },
    { 8, 17, 7, 0, 17, 34, 28896 },
    { 20, 22, 15, -1, 22, 110, 28930 },
    { 12, 18, 12, 0, 17, 54, 29040 },
    { 20, 21, 15, -1, 21, 105, 29094 },
    { 12, 18, 12, 0, 17, 54, 29199 },
    { 24, 16, 21, -1, 16, 96, 29253 },
    { 16, 13, 17, 0, 12, 52, 29349 },
    { 16, 22, 13, 0, 22, 88, 29401 },
    { 12, 18, 11, 0, 17, 54, 29489 },
    { 16, 18, 15, 0, 17, 72, 29543 },
    { 12, 13, 11, 0, 12, 39, 29615 },
    { 16, 22, 15, 0, 21, 88, 29654 },
    { 12, 18, 11, 0, 17, 54, 29742 },
    { 24, 21, 20, 0, 21, 126, 29796 },
    { 16, 17, 16, 0, 17, 68, 29922 },
    { 12, 22, 13, 0, 21, 66, 29990 },
    { 12, 18, 10, 0, 17, 54, 30056 },
    { 16, 17, 13, 0, 16, 68, 30110 },
    { 12, 18, 12, 0, 12, 54, 30178 },
    { 16, 20, 16, 0, 20, 80, 30232 },
    { 16, 16, 14, 0, 16, 64, 30312 },
    { 16, 21, 16, 0, 21, 84, 30376 },
    { 16, 17, 14, 0, 17, 68, 30460 },
    { 20, 22, 17, 0, 21, 110, 30528 },
    { 12, 18, 13, 0, 17, 54, 30638 },
    { 20, 18, 17, 0, 17, 90, 30692 },
    { 12, 13, 13, 0, 12, 39, 30782 },
    { 20, 22, 17, 0, 21, 110, 30821 },
    { 12, 18, 13, 0, 17, 54, 30931 },
    { 16, 22, 14, 0, 21, 88, 30985 },
    { 12, 18, 11, 0, 17, 54, 31073 },
    { 20, 21, 16, -1, 20, 105, 31127 },
    { 16, 21, 12, 0, 16, 84, 31232 },
    { 20, 22, 16, -1, 21, 110, 31316 },
    { 16, 22, 12, 0, 17, 88, 31426 },
    { 20, 23, 16, -1, 22, 115, 31514 },
    { 16, 23, 12, 0, 18, 92, 31629 },
    { 16, 21, 15, 0, 21, 84, 31721 },
    { 12, 17, 12, 0, 17, 51, 31805 },
    { 12, 21, 12, 0, 16, 63, 31856 },
    { 12, 16, 10, 0, 12, 48, 31919 },
    { 20, 21, 19, 0, 21, 105, 31967 },
    { 16, 17, 16, 0, 17, 68, 32072 },
    { 12, 22, 12, 0, 16, 66, 32140 },
    { 12, 18, 10, 0, 12, 54, 32206 },
    { 16, 21, 14, 0, 16, 84, 32260 },
    { 12, 17, 12, 0, 12, 51, 32344 },
    { 16, 16, 15, 0, 16, 64, 32395 },
    { 12, 12, 12, 0, 12, 36, 32459 },
    { 0, 0, 12, 0, 17, 0, 32495 },
    { 0, 0, 23, 0, 17, 0, 32495 },
    { 0, 0, 12, 0, 17, 0, 32495 },
    { 0, 0, 23, 0, 17, 0, 32495 },
    { 0, 0, 7, 0, 17, 0, 32495 },
    { 0, 0, 6, 0, 17, 0, 32495 },
    { 0, 0, 4, 0, 17, 0, 32495 },
    { 0, 0, 13, 0, 17, 0, 32495 },
    { 0, 0, 6, 0, 17, 0, 32495 },
    { 0, 0, 5, 0, 17, 0, 32495 },
    { 0, 0, 1, 0, 17, 0, 32495 },
    { 0, 0, 1, 0, 17, 0, 32495 },
    { 0, 0, 1, 0, 17, 0, 32495 },
    { 0, 0, 1, 0, 17, 0, 32495 },
    { 0, 0, 1, 0, 17, 0, 32495 },
    { 0, 0, 1, 0, 17, 0, 32495 },
    { 16, 3, 12, -1, 7, 12, 32495 },
    { 28, 3, 23, -1, 7, 21, 32507 },
    { 8, 8, 6, 0, 17, 16, 32528 },
    { 4, 8, 6, 1, 17, 8, 32544 },
    { 4, 7, 6, 1, 3, 7, 32552 },
    { 12, 8, 10, 0, 17, 24, 32559 },
    { 12, 8, 10, 1, 17, 24, 32583 },
    { 12, 7, 10, 1, 3, 21, 32607 },
    { 12, 20, 12, 0, 17, 60, 32628 },
    { 12, 20, 12, 0, 17, 60, 32688 },
    { 8, 6, 7, 0, 11, 12, 32748 },
    { 20, 5, 23, 2, 4, 25, 32760 },
    { 0, 0, 6, 0, 17, 0, 32785 },
    { 0, 0, 6, 0, 17, 0, 32785 },
    { 0, 0, 5, 0, 17, 0, 32785 },
    { 28, 18, 26, 0, 17, 126, 32785 },
    { 8, 12, 6, 0, 12, 24, 32911 },
    { 8, 12, 6, 0, 12, 24, 32935 },
    { 16, 17, 12, -1, 17, 68, 32959 },
    { 0, 0, 1, 0, 17, 0, 33027 },
    { 8, 11, 8, 0, 19, 22, 33027 },
    { 16, 18, 13, -1, 17, 72, 33049 },
    { 12, 18, 12, 0, 17, 54, 33121 },
    { 20, 17, 17, 0, 17, 85, 33175 },
    { 16, 16, 13, 0, 16, 64, 33260 },
    { 16, 2, 23, 4, 8, 8, 33324 },
    { 16, 19, 11, -1, 16, 76, 33332 },
    { 4, 4, 4, 0, 10, 4, 33408 },
    { 16, 17, 13, 0, 17, 68, 33412 },
    { 20, 8, 23, 3, 11, 40, 33480 },
    { 12, 23, 11, 0, 18, 69, 33520 },
    { 16, 8, 23, 4, 11, 32, 33589 },
    { 16, 12, 23, 4, 13, 48, 33621 },
    { 16, 14, 23, 4, 14, 56, 33669 },
    { 16, 14, 23, 4, 14, 56, 33725 },
    { 24, 23, 22, 0, 20, 138, 33781 },
};

static const EpdUnicodeInterval chareink_10_regularIntervals[] = {
    { 0x20, 0x7E, 0 },
    { 0xA0, 0x107, 95 },
    { 0x10A, 0x113, 199 },
    { 0x116, 0x11B, 209 },
    { 0x11E, 0x123, 215 },
    { 0x126, 0x127, 221 },
    { 0x12A, 0x12B, 223 },
    { 0x12E, 0x12F, 225 },
    { 0x131, 0x131, 227 },
    { 0x136, 0x137, 228 },
    { 0x13B, 0x13E, 230 },
    { 0x141, 0x148, 234 },
    { 0x150, 0x155, 242 },
    { 0x158, 0x15B, 248 },
    { 0x15E, 0x165, 252 },
    { 0x16A, 0x16B, 260 },
    { 0x16E, 0x173, 262 },
    { 0x178, 0x17E, 268 },
    { 0x300, 0x304, 275 },
    { 0x306, 0x308, 280 },
    { 0x30A, 0x30C, 283 },
    { 0x326, 0x328, 286 },
    { 0x400, 0x45F, 289 },
    { 0x462, 0x463, 385 },
    { 0x472, 0x475, 387 },
    { 0x48A, 0x4FF, 391 },
    { 0x2000, 0x200F, 509 },
    { 0x2013, 0x2014, 525 },
    { 0x2018, 0x201A, 527 },
    { 0x201C, 0x201E, 530 },
    { 0x2020, 0x2022, 533 },
    { 0x2026, 0x2026, 536 },
    { 0x2028, 0x2029, 537 },
    { 0x202F, 0x2030, 539 },
    { 0x2039, 0x203A, 541 },
    { 0x2044, 0x2044, 543 },
    { 0x2060, 0x2060, 544 },
    { 0x2074, 0x2074, 545 },
    { 0x20AC, 0x20AC, 546 },
    { 0x2202, 0x2202, 547 },
    { 0x220F, 0x220F, 548 },
    { 0x2211, 0x2212, 549 },
    { 0x2215, 0x2215, 551 },
    { 0x2219, 0x221A, 552 },
    { 0x221E, 0x221E, 554 },
    { 0x222B, 0x222B, 555 },
    { 0x2248, 0x2248, 556 },
    { 0x2260, 0x2260, 557 },
    { 0x2264, 0x2265, 558 },
    { 0xFFFD, 0xFFFD, 560 },
};

static const EpdFontData chareink_10_regular = {
    chareink_10_regularBitmaps,
    sizeof(chareink_10_regularBitmaps),
    chareink_10_regularGlyphs,
    chareink_10_regularIntervals,
    50,
    24,
    18,
    6,
    true,
};
