/**
 * generated by fontconvert.py
 * name: montserrat_10_regular
 * size: 10
 * mode: 1-bit
 * Command used: /var/folders/d8/ppw4t5jd78jbkx_rzkk5nwlm0000gn/T/inx-montserrat-converter-pxre4cbt/fontconvert.py montserrat_10_regular 10 /Users/macganibo/Desktop/reader/inx-pro/fontcon/Montserrat-Regular.ttf --reader-latin --legacy-header
 */
#pragma once
#include "EpdFontData.h"

static const uint8_t montserrat_10_regularBitmaps[13050] = {
    0x7D, 0xB6, 0xDB, 0x6D, 0x81, 0xF8, 0xCF, 0x3C, 0xF3, 0xCF, 0x30, 0x04, 0x30, 0x30, 0xC0, 0xC3,
    0x03, 0x0C, 0x7F, 0xFD, 0xFF, 0xF0, 0xC6, 0x03, 0x18, 0x08, 0x61, 0xFF, 0xEF, 0xFF, 0xC6, 0x18,
    0x18, 0xC0, 0x63, 0x01, 0x8C, 0x00, 0x02, 0x00, 0x20, 0x02, 0x01, 0xFC, 0x3F, 0xF7, 0x22, 0x62,
    0x06, 0x20, 0x72, 0x03, 0xE0, 0x1F, 0xC0, 0x7E, 0x02, 0x70, 0x23, 0x02, 0x36, 0x23, 0x7F, 0xE3,
    0xFC, 0x03, 0x00, 0x20, 0x02, 0x00, 0x3C, 0x04, 0x3F, 0x06, 0x18, 0xC6, 0x08, 0x67, 0x04, 0x33,
    0x03, 0x1B, 0x01, 0x9B, 0x80, 0x7D, 0xBC, 0x09, 0xBB, 0x01, 0xD8, 0xC0, 0xC8, 0x60, 0xC4, 0x30,
    0xC3, 0x18, 0x61, 0x98, 0x60, 0x7C, 0x00, 0x00, 0x1F, 0x01, 0xFC, 0x0C, 0x60, 0x63, 0x03, 0x18,
    0x1F, 0x80, 0x78, 0x07, 0xC0, 0x77, 0x37, 0x1D, 0xB0, 0x7D, 0x81, 0xCC, 0x0F, 0x7F, 0xFD, 0xFE,
    0x60, 0x00, 0xFF, 0xF0, 0x31, 0x98, 0xC6, 0x73, 0x18, 0xC6, 0x31, 0x8C, 0x63, 0x1C, 0x63, 0x1C,
    0x60, 0x00, 0x63, 0x1C, 0x63, 0x1C, 0x63, 0x18, 0xC6, 0x31, 0x8C, 0xE6, 0x31, 0x98, 0xC0, 0x00,
    0x18, 0x18, 0xFF, 0x7E, 0x3C, 0xFF, 0x5B, 0x18, 0x00, 0x0C, 0x03, 0x00, 0xC0, 0x30, 0xFF, 0xFF,
    0xF0, 0xC0, 0x30, 0x0C, 0x00, 0x00, 0x1F, 0xED, 0x80, 0xFF, 0xF0, 0x1F, 0x80, 0x01, 0x80, 0xC0,
    0xC0, 0x60, 0x30, 0x30, 0x18, 0x0C, 0x0C, 0x06, 0x07, 0x03, 0x01, 0x81, 0xC0, 0xC0, 0x60, 0x60,
    0x30, 0x18, 0x18, 0x00, 0x00, 0x1F, 0x83, 0xFC, 0x70, 0xE6, 0x06, 0xC0, 0x7C, 0x03, 0xC0, 0x3C,
    0x03, 0xC0, 0x3C, 0x03, 0xC0, 0x3E, 0x07, 0x70, 0xE3, 0xFC, 0x1F, 0x80, 0x00, 0xFB, 0xF1, 0xC7,
    0x1C, 0x71, 0xC7, 0x1C, 0x71, 0xC7, 0x1C, 0x71, 0xC0, 0x3F, 0x87, 0xFC, 0xE0, 0xC0, 0x0E, 0x00,
    0x60, 0x0E, 0x00, 0xC0, 0x1C, 0x03, 0x80, 0x70, 0x0E, 0x01, 0xC0, 0x38, 0x07, 0xFE, 0xFF, 0xF0,
    0xFF, 0xFF, 0xFC, 0x07, 0x01, 0xC0, 0x30, 0x0C, 0x03, 0xC0, 0x7E, 0x01, 0xE0, 0x0C, 0x01, 0x80,
    0x3C, 0x0F, 0xFF, 0x9F, 0xE0, 0x00, 0x00, 0xC0, 0x07, 0x00, 0x38, 0x00, 0xC0, 0x06, 0x00, 0x38,
    0x01, 0xC6, 0x0E, 0x18, 0x30, 0x61, 0xFF, 0xEF, 0xFF, 0xDF, 0xFE, 0x00, 0x60, 0x01, 0x80, 0x06,
    0x00, 0x3F, 0xE3, 0xFE, 0x30, 0x03, 0x00, 0x70, 0x07, 0x00, 0x7F, 0x87, 0xFC, 0x00, 0xE0, 0x06,
    0x00, 0x60, 0x06, 0x40, 0xEF, 0xFE, 0x3F, 0x80, 0x00, 0x0F, 0xC3, 0xFC, 0x70, 0x06, 0x00, 0xE0,
    0x0C, 0x00, 0xDF, 0x8F, 0xFC, 0xF0, 0xEE, 0x06, 0xE0, 0x7E, 0x06, 0x60, 0x67, 0xFE, 0x1F, 0xC0,
    0x00, 0xFF, 0xFF, 0xFF, 0xE0, 0x6E, 0x0E, 0xC0, 0xC0, 0x0C, 0x01, 0xC0, 0x18, 0x03, 0x80, 0x30,
    0x07, 0x00, 0x60, 0x0E, 0x00, 0xC0, 0x0C, 0x00, 0x3F, 0x87, 0xFC, 0xE0, 0xEE, 0x06, 0xC0, 0x6E,
    0x0E, 0x7F, 0xC3, 0xFC, 0xF1, 0xEC, 0x07, 0xC0, 0x7C, 0x07, 0xE0, 0x67, 0xFE, 0x3F, 0xC0, 0x00,
    0x1F, 0x87, 0xFC, 0x70, 0xEE, 0x06, 0xE0, 0x7E, 0x07, 0x60, 0xF7, 0xFF, 0x3F, 0xB0, 0x03, 0x00,
    0x70, 0x06, 0x00, 0xE7, 0xFC, 0x7F, 0x80, 0x00, 0x1F, 0x80, 0x00, 0x03, 0xF0, 0x1F, 0x80, 0x00,
    0x03, 0xFD, 0xB0, 0x00, 0xC0, 0xF1, 0xF1, 0xF0, 0xE0, 0x3E, 0x03, 0xF0, 0x1F, 0x01, 0xC0, 0xFF,
    0xFF, 0xF0, 0x00, 0x00, 0x00, 0x3F, 0xFF, 0xFC, 0xC0, 0x3C, 0x03, 0xE0, 0x3E, 0x01, 0xC1, 0xF1,
    0xF3, 0xE0, 0xE0, 0x00, 0x3F, 0x8F, 0xFB, 0x83, 0x00, 0x70, 0x0E, 0x01, 0x80, 0x70, 0x1C, 0x07,
    0x00, 0xC0, 0x18, 0x00, 0x00, 0x00, 0x1C, 0x03, 0x80, 0x00, 0x03, 0xFC, 0x00, 0xFF, 0xF0, 0x1C,
    0x03, 0x83, 0x00, 0x0C, 0x61, 0xF6, 0x66, 0x3F, 0xE6, 0xC7, 0x0E, 0x3C, 0xE0, 0x63, 0xCC, 0x06,
    0x3C, 0xC0, 0x63, 0xCC, 0x06, 0x3C, 0xC0, 0x63, 0xC6, 0x0E, 0x3C, 0x7F, 0xFE, 0x63, 0xFB, 0xC7,
    0x00, 0x00, 0x38, 0x00, 0x01, 0xF0, 0xC0, 0x07, 0xFC, 0x00, 0x0E, 0x00, 0x03, 0x80, 0x03, 0x80,
    0x07, 0xC0, 0x06, 0xC0, 0x0E, 0xE0, 0x0C, 0x60, 0x0C, 0x70, 0x18, 0x30, 0x18, 0x30, 0x3F, 0xF8,
    0x3F, 0xF8, 0x70, 0x1C, 0x60, 0x0C, 0xE0, 0x0E, 0xC0, 0x06, 0xFF, 0xC7, 0xFF, 0x30, 0x1D, 0x80,
    0x6C, 0x03, 0x60, 0x1B, 0x07, 0x9F, 0xFC, 0xFF, 0xF6, 0x01, 0xF0, 0x07, 0x80, 0x3C, 0x03, 0xFF,
    0xFB, 0xFF, 0x80, 0x0F, 0xE0, 0x7F, 0xE3, 0x83, 0x9C, 0x00, 0xE0, 0x03, 0x00, 0x0C, 0x00, 0x30,
    0x00, 0xC0, 0x03, 0x00, 0x0E, 0x00, 0x18, 0x00, 0x78, 0x18, 0xFF, 0xE0, 0xFF, 0x00, 0x00, 0xFF,
    0xC1, 0xFF, 0xE3, 0x01, 0xE6, 0x00, 0xCC, 0x01, 0xD8, 0x01, 0xB0, 0x03, 0xE0, 0x07, 0xC0, 0x0F,
    0x80, 0x1B, 0x00, 0x36, 0x00, 0xEC, 0x03, 0x9F, 0xFE, 0x3F, 0xF0, 0x00, 0xFF, 0xFF, 0xFF, 0x00,
    0x60, 0x0C, 0x01, 0x80, 0x3F, 0xE7, 0xFE, 0xFF, 0x98, 0x03, 0x00, 0x60, 0x0C, 0x01, 0xFF, 0xFF,
    0xF8, 0xFF, 0xFF, 0xFF, 0x00, 0x60, 0x0C, 0x01, 0x80, 0x30, 0x07, 0xFE, 0xFF, 0xD8, 0x03, 0x00,
    0x60, 0x0C, 0x01, 0x80, 0x30, 0x00, 0x0F, 0xE0, 0x7F, 0xE3, 0x81, 0x9C, 0x00, 0xE0, 0x03, 0x00,
    0x0C, 0x00, 0x30, 0x02, 0xC0, 0x1F, 0x00, 0x7E, 0x01, 0xD8, 0x07, 0x78, 0x1C, 0xFF, 0xE0, 0xFF,
    0x00, 0x00, 0xC0, 0x1E, 0x00, 0xF0, 0x07, 0x80, 0x3C, 0x01, 0xE0, 0x0F, 0xFF, 0xFF, 0xFF, 0xFF,
    0xFE, 0x00, 0xF0, 0x07, 0x80, 0x3C, 0x01, 0xE0, 0x0F, 0x00, 0x60, 0xFF, 0xFF, 0xFF, 0xFC, 0x3F,
    0xCF, 0xF0, 0x1C, 0x07, 0x01, 0xC0, 0x70, 0x1C, 0x07, 0x01, 0xC0, 0x70, 0x1C, 0x07, 0x61, 0x9F,
    0xE3, 0xF0, 0x00, 0xC0, 0x36, 0x03, 0xB0, 0x39, 0x83, 0x8C, 0x38, 0x63, 0x83, 0x38, 0x1B, 0xC0,
    0xFF, 0x07, 0x9C, 0x38, 0x61, 0x83, 0x8C, 0x0E, 0x60, 0x3B, 0x00, 0xE0, 0xC0, 0x18, 0x03, 0x00,
    0x60, 0x0C, 0x01, 0x80, 0x30, 0x06, 0x00, 0xC0, 0x18, 0x03, 0x00, 0x60, 0x0C, 0x01, 0xFF, 0xBF,
    0xF8, 0xC0, 0x03, 0xE0, 0x07, 0xE0, 0x07, 0xF0, 0x0F, 0xF8, 0x0F, 0xD8, 0x1B, 0xDC, 0x3B, 0xCC,
    0x33, 0xC6, 0x73, 0xC6, 0x63, 0xC3, 0xC3, 0xC3, 0xC3, 0xC1, 0x83, 0xC0, 0x03, 0xC0, 0x03, 0xC0,
    0x1F, 0x00, 0xFC, 0x07, 0xF0, 0x3D, 0x81, 0xEE, 0x0F, 0x38, 0x78, 0xE3, 0xC3, 0x9E, 0x0C, 0xF0,
    0x77, 0x81, 0xFC, 0x07, 0xE0, 0x1F, 0x00, 0x60, 0x0F, 0xE0, 0x1F, 0xF8, 0x38, 0x3C, 0x70, 0x0E,
    0xE0, 0x06, 0xC0, 0x07, 0xC0, 0x07, 0xC0, 0x03, 0xC0, 0x03, 0xC0, 0x07, 0xE0, 0x06, 0x60, 0x0E,
    0x78, 0x1C, 0x3F, 0xF8, 0x0F, 0xF0, 0x00, 0x00, 0xFF, 0x8F, 0xFE, 0xC0, 0xFC, 0x07, 0xC0, 0x3C,
    0x03, 0xC0, 0x3C, 0x07, 0xC1, 0xEF, 0xFC, 0xFF, 0x0C, 0x00, 0xC0, 0x0C, 0x00, 0xC0, 0x00, 0x0F,
    0xE0, 0x0F, 0xFC, 0x0E, 0x0F, 0x0E, 0x01, 0xCE, 0x00, 0x66, 0x00, 0x3B, 0x00, 0x1D, 0x80, 0x06,
    0xC0, 0x03, 0x60, 0x03, 0xB8, 0x01, 0x8C, 0x01, 0xC7, 0x81, 0xC1, 0xFF, 0xC0, 0x3F, 0xC0, 0x03,
    0xC2, 0x00, 0xFF, 0x00, 0x1F, 0x00, 0xFF, 0x87, 0xFF, 0x30, 0x3D, 0x80, 0xEC, 0x03, 0x60, 0x1B,
    0x00, 0xD8, 0x0E, 0xC1, 0xE7, 0xFE, 0x3F, 0xE1, 0x81, 0x8C, 0x0E, 0x60, 0x3B, 0x00, 0xC0, 0x1F,
    0xC3, 0xFF, 0x70, 0x26, 0x00, 0x60, 0x07, 0x00, 0x3C, 0x01, 0xFC, 0x07, 0xE0, 0x07, 0x00, 0x30,
    0x03, 0x60, 0x37, 0xFE, 0x3F, 0xC0, 0x00, 0xFF, 0xFF, 0xFF, 0x06, 0x00, 0x60, 0x06, 0x00, 0x60,
    0x06, 0x00, 0x60, 0x06, 0x00, 0x60, 0x06, 0x00, 0x60, 0x06, 0x00, 0x60, 0x06, 0x00, 0xC0, 0x1E,
    0x01, 0xF0, 0x0F, 0x80, 0x7C, 0x03, 0xE0, 0x1F, 0x00, 0xF8, 0x07, 0xC0, 0x3E, 0x01, 0xF0, 0x0F,
    0xC0, 0x67, 0x07, 0x3F, 0xF0, 0x7F, 0x00, 0x00, 0xC0, 0x07, 0xC0, 0x19, 0x80, 0x33, 0x80, 0xE3,
    0x01, 0x86, 0x07, 0x0E, 0x0C, 0x0C, 0x38, 0x1C, 0x60, 0x18, 0xC0, 0x3B, 0x00, 0x36, 0x00, 0x7C,
    0x00, 0x70, 0x00, 0xE0, 0x00, 0x60, 0x18, 0x06, 0xC0, 0x70, 0x1D, 0x80, 0xF0, 0x33, 0x81, 0xE0,
    0x63, 0x06, 0xC1, 0xC6, 0x0D, 0xC3, 0x0E, 0x39, 0x86, 0x0C, 0x63, 0x1C, 0x1C, 0xC7, 0x30, 0x1B,
    0x86, 0x60, 0x36, 0x0D, 0xC0, 0x7C, 0x1F, 0x00, 0x78, 0x1E, 0x00, 0xE0, 0x3C, 0x01, 0xC0, 0x70,
    0x00, 0x60, 0x19, 0xC0, 0xE3, 0x87, 0x06, 0x18, 0x1C, 0xC0, 0x3F, 0x00, 0x78, 0x01, 0xC0, 0x07,
    0x80, 0x3F, 0x01, 0xCE, 0x06, 0x18, 0x30, 0x71, 0xC0, 0xEE, 0x01, 0x80, 0xC0, 0x1B, 0x80, 0x66,
    0x03, 0x0C, 0x1C, 0x38, 0x60, 0x63, 0x81, 0xCC, 0x03, 0x60, 0x07, 0x80, 0x1C, 0x00, 0x30, 0x00,
    0xC0, 0x03, 0x00, 0x0C, 0x00, 0x30, 0x00, 0x7F, 0xFB, 0xFF, 0xC0, 0x0C, 0x00, 0xE0, 0x0E, 0x00,
    0xE0, 0x0E, 0x00, 0x60, 0x07, 0x00, 0x70, 0x07, 0x00, 0x70, 0x03, 0x00, 0x3F, 0xFD, 0xFF, 0xE0,
    0xFF, 0xF1, 0x8C, 0x63, 0x18, 0xC6, 0x31, 0x8C, 0x63, 0x18, 0xC6, 0x3D, 0xF0, 0x00, 0xC0, 0x60,
    0x18, 0x0C, 0x06, 0x01, 0x80, 0xC0, 0x70, 0x18, 0x0C, 0x07, 0x01, 0x80, 0xC0, 0x70, 0x18, 0x0C,
    0x03, 0x01, 0x80, 0xC0, 0x30, 0x00, 0xFF, 0xCE, 0x73, 0x9C, 0xE7, 0x39, 0xCE, 0x73, 0x9C, 0xE7,
    0x39, 0xDF, 0xF0, 0x00, 0x0C, 0x03, 0x81, 0xE0, 0x78, 0x33, 0x0C, 0xC6, 0x19, 0x86, 0x60, 0xC0,
    0xFF, 0xE0, 0x00, 0x61, 0xC1, 0x83, 0x00, 0x1F, 0xCF, 0xF9, 0x07, 0x01, 0xC7, 0xF7, 0xFF, 0x83,
    0xC0, 0xF0, 0x7F, 0x7D, 0xFB, 0x00, 0x00, 0xC0, 0x0C, 0x00, 0xC0, 0x0C, 0x00, 0xC0, 0x0D, 0xF8,
    0xFF, 0xCE, 0x0E, 0xC0, 0x6C, 0x07, 0xC0, 0x7C, 0x07, 0xC0, 0x6E, 0x0E, 0xFF, 0xCD, 0xF8, 0x00,
    0x00, 0x00, 0x03, 0xF8, 0xFF, 0xB8, 0x36, 0x00, 0xC0, 0x18, 0x03, 0x00, 0x60, 0x0E, 0x0C, 0xFF,
    0x8F, 0xE0, 0x00, 0x00, 0x30, 0x01, 0xC0, 0x0E, 0x00, 0x70, 0x03, 0x8F, 0xFC, 0xFF, 0xEE, 0x0F,
    0x60, 0x3B, 0x01, 0xD8, 0x0E, 0xC0, 0x76, 0x03, 0xB8, 0x3C, 0xFF, 0xE3, 0xFF, 0x00, 0x00, 0x00,
    0x01, 0xFC, 0x3F, 0xE7, 0x06, 0x60, 0x37, 0xFF, 0x7F, 0xF6, 0x00, 0x60, 0x07, 0x02, 0x3F, 0xE1,
    0xFC, 0x00, 0x00, 0x0F, 0x1F, 0x30, 0x30, 0x30, 0xFF, 0xFE, 0x30, 0x30, 0x30, 0x30, 0x30, 0x30,
    0x30, 0x30, 0x30, 0x00, 0x00, 0xFF, 0xCF, 0xFE, 0xE0, 0xF6, 0x03, 0xB0, 0x1D, 0x80, 0xEC, 0x07,
    0x70, 0x39, 0xC7, 0xCF, 0xFE, 0x1F, 0x70, 0x03, 0x90, 0x19, 0xFF, 0xC7, 0xFC, 0x03, 0x00, 0xC0,
    0x18, 0x03, 0x00, 0x60, 0x0C, 0x01, 0xFF, 0x3F, 0xF7, 0x06, 0xC0, 0xF8, 0x1F, 0x03, 0xE0, 0x7C,
    0x0F, 0x81, 0xF0, 0x3E, 0x07, 0x7D, 0x80, 0xDB, 0x6D, 0xB6, 0xDB, 0x0C, 0x18, 0x30, 0x00, 0x01,
    0x83, 0x06, 0x0C, 0x18, 0x30, 0x60, 0xC1, 0x83, 0x06, 0x0C, 0x1B, 0xF7, 0xC2, 0x00, 0xC0, 0x18,
    0x03, 0x00, 0x60, 0x0C, 0x01, 0x83, 0xB0, 0xE6, 0x38, 0xCE, 0x1B, 0x83, 0xF8, 0x7B, 0x0C, 0x71,
    0x87, 0x30, 0x76, 0x07, 0xFF, 0xFF, 0xFF, 0xFF, 0x00, 0x00, 0x1F, 0xF3, 0xF3, 0xFF, 0xFF, 0x70,
    0xF0, 0x6C, 0x0E, 0x0F, 0x81, 0x81, 0xF0, 0x30, 0x3E, 0x06, 0x07, 0xC0, 0xC0, 0xF8, 0x18, 0x1F,
    0x03, 0x03, 0xE0, 0x60, 0x70, 0x00, 0x1F, 0xF3, 0xFF, 0x70, 0x6C, 0x0F, 0x81, 0xF0, 0x3E, 0x07,
    0xC0, 0xF8, 0x1F, 0x03, 0xE0, 0x70, 0x00, 0x00, 0xFE, 0x0F, 0xF8, 0xE0, 0xE6, 0x03, 0x30, 0x19,
    0x80, 0xEC, 0x06, 0x60, 0x33, 0x83, 0x8F, 0xF8, 0x3F, 0x80, 0x00, 0x00, 0x00, 0x0D, 0xF8, 0xFF,
    0xCE, 0x0E, 0xC0, 0x6C, 0x07, 0xC0, 0x7C, 0x07, 0xC0, 0x6E, 0x0E, 0xFF, 0xCD, 0xF8, 0xC0, 0x0C,
    0x00, 0xC0, 0x0C, 0x00, 0x00, 0x00, 0x00, 0x00, 0xFF, 0xCF, 0xFE, 0xE0, 0xF6, 0x03, 0xB0, 0x1D,
    0x80, 0xEC, 0x07, 0x60, 0x3B, 0x83, 0xCF, 0xFE, 0x3F, 0xF0, 0x03, 0x80, 0x1C, 0x00, 0xE0, 0x07,
    0x00, 0x00, 0x03, 0xFF, 0xF8, 0xC3, 0x0C, 0x30, 0xC3, 0x0C, 0x30, 0x00, 0x0F, 0xE7, 0xF9, 0x80,
    0x60, 0x1E, 0x03, 0xF8, 0x1F, 0x00, 0xD0, 0x3F, 0xFD, 0xFE, 0x00, 0x00, 0x30, 0x30, 0x30, 0xFF,
    0xFE, 0x30, 0x30, 0x30, 0x30, 0x30, 0x30, 0x30, 0x3F, 0x1F, 0x00, 0x00, 0x06, 0x06, 0x60, 0x66,
    0x06, 0x60, 0x66, 0x06, 0x60, 0x66, 0x06, 0x60, 0x67, 0x0E, 0x7F, 0xE3, 0xFE, 0x00, 0x00, 0x00,
    0x0C, 0x07, 0xE0, 0x66, 0x0E, 0x70, 0xC3, 0x1C, 0x31, 0x81, 0x98, 0x1B, 0x01, 0xF0, 0x0F, 0x00,
    0xE0, 0x00, 0x00, 0x18, 0x18, 0x1B, 0x83, 0x83, 0x30, 0xF0, 0x66, 0x1F, 0x18, 0xE3, 0x63, 0x0C,
    0xCC, 0xE1, 0x98, 0xD8, 0x1E, 0x1B, 0x03, 0xC3, 0xC0, 0x78, 0x38, 0x06, 0x07, 0x00, 0x00, 0x0C,
    0x1D, 0xC7, 0x1C, 0xC1, 0xB0, 0x1E, 0x03, 0x80, 0xF8, 0x1B, 0x86, 0x31, 0xC3, 0x70, 0x70, 0x00,
    0x03, 0x01, 0xDC, 0x0C, 0x60, 0xE3, 0x86, 0x0C, 0x70, 0x63, 0x01, 0x98, 0x0D, 0x80, 0x7C, 0x01,
    0xC0, 0x0E, 0x00, 0x70, 0x03, 0x03, 0xF8, 0x1F, 0x80, 0x10, 0x00, 0x00, 0x1F, 0xF7, 0xFC, 0x0E,
    0x03, 0x01, 0x80, 0xE0, 0x70, 0x38, 0x0C, 0x07, 0xFF, 0xFF, 0x1C, 0xF3, 0x0C, 0x30, 0xC3, 0x0C,
    0x33, 0xCE, 0x1C, 0x30, 0xC3, 0x0C, 0x30, 0xC3, 0x8F, 0x00, 0xFF, 0xFF, 0xFF, 0xFF, 0xFF, 0x00,
    0xE3, 0xC3, 0x0C, 0x30, 0xC3, 0x0C, 0x30, 0xF1, 0xCE, 0x30, 0xC3, 0x0C, 0x30, 0xC7, 0x3C, 0x00,
    0x00, 0x1E, 0x3F, 0xCF, 0x1E, 0x03, 0x00, 0x1F, 0x80, 0xDB, 0x6D, 0xB6, 0xFB, 0x02, 0x00, 0x40,
    0x08, 0x0F, 0xE3, 0xFE, 0xE4, 0xD8, 0x83, 0x10, 0x62, 0x0C, 0x41, 0x88, 0x39, 0x33, 0xFE, 0x3F,
    0x80, 0x80, 0x10, 0x02, 0x00, 0x07, 0xF0, 0x3F, 0xE1, 0xC0, 0x86, 0x00, 0x18, 0x00, 0x60, 0x01,
    0x80, 0x3F, 0xF8, 0x7F, 0xC0, 0x60, 0x01, 0x80, 0x06, 0x00, 0x18, 0x03, 0xFF, 0xEF, 0xFF, 0x80,
    0x00, 0x01, 0x8E, 0x37, 0xFF, 0xCF, 0x1E, 0x30, 0x38, 0xC0, 0x66, 0x01, 0x98, 0x03, 0x60, 0x18,
    0xC0, 0x63, 0x83, 0x8F, 0xFE, 0x7F, 0xDD, 0x80, 0x30, 0xC0, 0x0F, 0xC0, 0x19, 0xC0, 0x61, 0x81,
    0xC1, 0x87, 0x03, 0x8C, 0x03, 0xB0, 0x03, 0xE0, 0x3F, 0xF8, 0x7F, 0xF0, 0x0C, 0x01, 0xFF, 0xC3,
    0xFF, 0x80, 0x60, 0x00, 0xC0, 0x00, 0xFF, 0xFF, 0x00, 0xFF, 0xFF, 0x00, 0x1F, 0x8F, 0xF6, 0x01,
    0x80, 0x70, 0x0F, 0x87, 0xF9, 0x87, 0xE0, 0xD8, 0x37, 0xD8, 0x7E, 0x03, 0x80, 0x60, 0x1B, 0xCE,
    0x7F, 0x03, 0x00, 0x01, 0xDB, 0x30, 0x0F, 0xE0, 0x38, 0xE0, 0xC0, 0x63, 0x3E, 0x6C, 0xFE, 0x7B,
    0x84, 0xE6, 0x00, 0xCC, 0x01, 0x98, 0x03, 0xB0, 0x0F, 0x3B, 0x9B, 0x3E, 0x66, 0x01, 0xC7, 0x07,
    0x03, 0xF8, 0x00, 0x00, 0x3C, 0xFC, 0x1B, 0xF6, 0x68, 0xDF, 0x80, 0x1B, 0x19, 0x99, 0x9D, 0x8C,
    0xC7, 0x61, 0x98, 0x66, 0x1B, 0x00, 0xFF, 0xFF, 0xF0, 0x0C, 0x03, 0x00, 0xC0, 0x00, 0x0F, 0xE0,
    0x38, 0xE0, 0xC0, 0x63, 0x7E, 0x6C, 0xFE, 0x79, 0x86, 0xE3, 0x0C, 0xC6, 0x31, 0x8F, 0xE3, 0x99,
    0x8F, 0x31, 0x9B, 0x61, 0x66, 0x01, 0xC7, 0x07, 0x03, 0xF8, 0x00, 0x00, 0xFF, 0xFC, 0x7D, 0xDF,
    0x1C, 0x3C, 0x7D, 0xDF, 0x00, 0x0C, 0x03, 0x00, 0xC0, 0x30, 0xFF, 0xFF, 0xF0, 0xC0, 0x30, 0x0C,
    0x03, 0x00, 0x03, 0xFF, 0xFF, 0xC0, 0x7E, 0x7F, 0x03, 0x03, 0x06, 0x0C, 0x38, 0x70, 0x7F, 0x7F,
    0x7E, 0x0E, 0x1C, 0x1E, 0x03, 0x03, 0x63, 0x7E, 0x00, 0x1C, 0xE7, 0x18, 0x00, 0x18, 0x1F, 0x03,
    0xE0, 0x7C, 0x0F, 0x81, 0xF0, 0x3E, 0x07, 0xC0, 0xFC, 0x3F, 0xFF, 0xFF, 0xFC, 0x01, 0x80, 0x30,
    0x06, 0x00, 0x00, 0x00, 0x1F, 0xEF, 0xFF, 0xF1, 0xFE, 0x3F, 0xC7, 0xF8, 0xDF, 0x19, 0xE3, 0x0C,
    0x61, 0x8C, 0x31, 0x86, 0x30, 0xC6, 0x18, 0xC3, 0x18, 0x63, 0x0C, 0x61, 0x8C, 0x00, 0x00, 0xFD,
    0x80, 0x03, 0x1C, 0x3F, 0x78, 0x78, 0xF0, 0x60, 0xC1, 0x83, 0x06, 0x0C, 0xFE, 0x3C, 0x7F, 0x63,
    0xC3, 0xC3, 0x67, 0x3E, 0x00, 0x6C, 0x33, 0x0C, 0xC3, 0x71, 0x98, 0xDC, 0xCC, 0xCC, 0x6C, 0x00,
    0x78, 0x03, 0x07, 0x80, 0x60, 0x18, 0x0C, 0x01, 0x80, 0xC0, 0x18, 0x18, 0x01, 0x83, 0x00, 0x18,
    0x30, 0xC1, 0x86, 0x18, 0xFE, 0xC3, 0x00, 0x1C, 0x30, 0x01, 0x86, 0x60, 0x30, 0xFF, 0x07, 0x0F,
    0xF0, 0x60, 0x06, 0x0C, 0x00, 0x60, 0x78, 0x03, 0x07, 0x80, 0x60, 0x18, 0x0C, 0x01, 0x80, 0xC0,
    0x18, 0x18, 0x01, 0x83, 0x00, 0x18, 0x37, 0xC1, 0x86, 0xFE, 0xFE, 0xC0, 0x60, 0x1C, 0x06, 0x01,
    0x80, 0xE0, 0x30, 0x1C, 0x07, 0x03, 0x80, 0x60, 0x60, 0x0C, 0x0F, 0xF0, 0x7F, 0x01, 0x83, 0xF0,
    0x18, 0x03, 0x81, 0x80, 0x38, 0x0C, 0x01, 0xE0, 0xC0, 0x01, 0x8C, 0x00, 0x0C, 0x61, 0x8C, 0x66,
    0x18, 0x7E, 0x61, 0x80, 0x07, 0x0C, 0x00, 0x30, 0xCC, 0x03, 0x0F, 0xF0, 0x38, 0x7F, 0x81, 0x80,
    0x18, 0x18, 0x00, 0xC0, 0x00, 0x01, 0xC0, 0x38, 0x00, 0x00, 0x00, 0x18, 0x03, 0x00, 0xE0, 0x38,
    0x0E, 0x03, 0x80, 0x70, 0x0E, 0x04, 0xE3, 0xDF, 0xF0, 0x70, 0x0C, 0x00, 0x06, 0x00, 0x03, 0x80,
    0x01, 0x80, 0x03, 0x80, 0x03, 0x80, 0x07, 0xC0, 0x06, 0xC0, 0x0E, 0xE0, 0x0C, 0x60, 0x0C, 0x70,
    0x18, 0x30, 0x18, 0x30, 0x3F, 0xF8, 0x3F, 0xF8, 0x70, 0x1C, 0x60, 0x0C, 0xE0, 0x0E, 0xC0, 0x06,
    0x00, 0x60, 0x00, 0xE0, 0x03, 0x80, 0x03, 0x00, 0x03, 0x80, 0x03, 0x80, 0x07, 0xC0, 0x06, 0xC0,
    0x0E, 0xE0, 0x0C, 0x60, 0x0C, 0x70, 0x18, 0x30, 0x18, 0x30, 0x3F, 0xF8, 0x3F, 0xF8, 0x70, 0x1C,
    0x60, 0x0C, 0xE0, 0x0E, 0xC0, 0x06, 0x03, 0x80, 0x07, 0xC0, 0x0E, 0xE0, 0x0C, 0x60, 0x03, 0x80,
    0x03, 0x80, 0x07, 0xC0, 0x06, 0xC0, 0x0E, 0xE0, 0x0C, 0x60, 0x0C, 0x70, 0x18, 0x30, 0x18, 0x30,
    0x3F, 0xF8, 0x3F, 0xF8, 0x70, 0x1C, 0x60, 0x0C, 0xE0, 0x0E, 0xC0, 0x06, 0x06, 0x20, 0x0F, 0xE0,
    0x09, 0xE0, 0x00, 0x00, 0x03, 0x80, 0x03, 0x80, 0x07, 0xC0, 0x06, 0xC0, 0x0E, 0xE0, 0x0C, 0x60,
    0x0C, 0x70, 0x18, 0x30, 0x18, 0x30, 0x3F, 0xF8, 0x3F, 0xF8, 0x70, 0x1C, 0x60, 0x0C, 0xE0, 0x0E,
    0xC0, 0x06, 0x00, 0x00, 0x0E, 0xE0, 0x06, 0xC0, 0x00, 0x00, 0x03, 0x80, 0x03, 0x80, 0x07, 0xC0,
    0x06, 0xC0, 0x0E, 0xE0, 0x0C, 0x60, 0x0C, 0x70, 0x18, 0x30, 0x18, 0x30, 0x3F, 0xF8, 0x3F, 0xF8,
    0x70, 0x1C, 0x60, 0x0C, 0xE0, 0x0E, 0xC0, 0x06, 0x03, 0x80, 0x06, 0xC0, 0x06, 0x40, 0x07, 0xC0,
    0x03, 0x80, 0x03, 0x80, 0x03, 0x80, 0x07, 0xC0, 0x06, 0xC0, 0x0E, 0xE0, 0x0C, 0x60, 0x0C, 0x70,
    0x18, 0x30, 0x18, 0x30, 0x3F, 0xF8, 0x3F, 0xF8, 0x70, 0x1C, 0x60, 0x0C, 0xE0, 0x0E, 0xC0, 0x06,
    0x00, 0xFF, 0xF0, 0x07, 0xFF, 0x80, 0x7C, 0x00, 0x03, 0x60, 0x00, 0x33, 0x00, 0x03, 0x98, 0x00,
    0x18, 0xFF, 0x81, 0xC7, 0xFE, 0x0C, 0x3F, 0xE0, 0xFF, 0x80, 0x0F, 0xFC, 0x00, 0x60, 0x60, 0x07,
    0x03, 0x00, 0x30, 0x1F, 0xFF, 0x00, 0xFF, 0xE0, 0x0F, 0xE0, 0x7F, 0xE3, 0x83, 0x9C, 0x00, 0xE0,
    0x03, 0x00, 0x0C, 0x00, 0x30, 0x00, 0xC0, 0x03, 0x00, 0x0E, 0x00, 0x18, 0x00, 0x78, 0x18, 0xFF,
    0xE0, 0xFF, 0x00, 0x40, 0x03, 0x80, 0x03, 0x00, 0x7C, 0x01, 0xE0, 0x30, 0x07, 0x00, 0x38, 0x03,
    0x0F, 0xFF, 0xFF, 0xF0, 0x06, 0x00, 0xC0, 0x18, 0x03, 0xFE, 0x7F, 0xEF, 0xF9, 0x80, 0x30, 0x06,
    0x00, 0xC0, 0x1F, 0xFF, 0xFF, 0x80, 0x01, 0x80, 0xE0, 0x38, 0x06, 0x0F, 0xFF, 0xFF, 0xF0, 0x06,
    0x00, 0xC0, 0x18, 0x03, 0xFE, 0x7F, 0xEF, 0xF9, 0x80, 0x30, 0x06, 0x00, 0xC0, 0x1F, 0xFF, 0xFF,
    0x80, 0x0E, 0x03, 0xE0, 0xEE, 0x18, 0xCF, 0xFF, 0xFF, 0xF0, 0x06, 0x00, 0xC0, 0x18, 0x03, 0xFE,
    0x7F, 0xEF, 0xF9, 0x80, 0x30, 0x06, 0x00, 0xC0, 0x1F, 0xFF, 0xFF, 0x80, 0x00, 0x07, 0x60, 0x6C,
    0x00, 0x0F, 0xFF, 0xFF, 0xF0, 0x06, 0x00, 0xC0, 0x18, 0x03, 0xFE, 0x7F, 0xEF, 0xF9, 0x80, 0x30,
    0x06, 0x00, 0xC0, 0x1F, 0xFF, 0xFF, 0x80, 0x61, 0xC3, 0x82, 0x18, 0x61, 0x86, 0x18, 0x61, 0x86,
    0x18, 0x61, 0x86, 0x18, 0x61, 0x80, 0x1C, 0xE7, 0x10, 0x61, 0x86, 0x18, 0x61, 0x86, 0x18, 0x61,
    0x86, 0x18, 0x61, 0x86, 0x00, 0x18, 0x3C, 0x76, 0x43, 0x18, 0x18, 0x18, 0x18, 0x18, 0x18, 0x18,
    0x18, 0x18, 0x18, 0x18, 0x18, 0x18, 0x18, 0x18, 0x03, 0x3C, 0xC0, 0x30, 0xC3, 0x0C, 0x30, 0xC3,
    0x0C, 0x30, 0xC3, 0x0C, 0x30, 0xC3, 0x00, 0x3F, 0xF0, 0x1F, 0xFE, 0x0C, 0x07, 0x86, 0x00, 0xE3,
    0x00, 0x31, 0x80, 0x18, 0xE0, 0x0F, 0xFF, 0x07, 0x7F, 0x03, 0x98, 0x01, 0xCC, 0x00, 0xC6, 0x00,
    0xE3, 0x00, 0xE1, 0xFF, 0xE0, 0xFF, 0xE0, 0x0C, 0x40, 0xFE, 0x04, 0xF0, 0x00, 0x0C, 0x01, 0xF0,
    0x0F, 0xC0, 0x7F, 0x03, 0xD8, 0x1E, 0xE0, 0xF3, 0x87, 0x8E, 0x3C, 0x39, 0xE0, 0xCF, 0x07, 0x78,
    0x1F, 0xC0, 0x7E, 0x01, 0xF0, 0x06, 0x0E, 0x00, 0x07, 0x00, 0x03, 0x80, 0x00, 0x80, 0x0F, 0xE0,
    0x1F, 0xF8, 0x38, 0x3C, 0x70, 0x0E, 0xE0, 0x06, 0xC0, 0x07, 0xC0, 0x07, 0xC0, 0x03, 0xC0, 0x03,
    0xC0, 0x07, 0xE0, 0x06, 0x60, 0x0E, 0x78, 0x1C, 0x3F, 0xF8, 0x0F, 0xF0, 0x00, 0x00, 0x00, 0x60,
    0x00, 0xE0, 0x01, 0x80, 0x01, 0x00, 0x0F, 0xE0, 0x1F, 0xF8, 0x38, 0x3C, 0x70, 0x0E, 0xE0, 0x06,
    0xC0, 0x07, 0xC0, 0x07, 0xC0, 0x03, 0xC0, 0x03, 0xC0, 0x07, 0xE0, 0x06, 0x60, 0x0E, 0x78, 0x1C,
    0x3F, 0xF8, 0x0F, 0xF0, 0x00, 0x00, 0x01, 0x80, 0x03, 0xC0, 0x06, 0xE0, 0x0C, 0x20, 0x0F, 0xE0,
    0x1F, 0xF8, 0x38, 0x3C, 0x70, 0x0E, 0xE0, 0x06, 0xC0, 0x07, 0xC0, 0x07, 0xC0, 0x03, 0xC0, 0x03,
    0xC0, 0x07, 0xE0, 0x06, 0x60, 0x0E, 0x78, 0x1C, 0x3F, 0xF8, 0x0F, 0xF0, 0x00, 0x00, 0x06, 0x30,
    0x0F, 0xB0, 0x0D, 0xE0, 0x00, 0x00, 0x0F, 0xE0, 0x1F, 0xF8, 0x38, 0x3C, 0x70, 0x0E, 0xE0, 0x06,
    0xC0, 0x07, 0xC0, 0x07, 0xC0, 0x03, 0xC0, 0x03, 0xC0, 0x07, 0xE0, 0x06, 0x60, 0x0E, 0x78, 0x1C,
    0x3F, 0xF8, 0x0F, 0xF0, 0x00, 0x00, 0x00, 0x00, 0x06, 0x60, 0x06, 0x60, 0x00, 0x00, 0x0F, 0xE0,
    0x1F, 0xF8, 0x38, 0x3C, 0x70, 0x0E, 0xE0, 0x06, 0xC0, 0x07, 0xC0, 0x07, 0xC0, 0x03, 0xC0, 0x03,
    0xC0, 0x07, 0xE0, 0x06, 0x60, 0x0E, 0x78, 0x1C, 0x3F, 0xF8, 0x0F, 0xF0, 0x00, 0x00, 0x00, 0xC3,
    0x67, 0x3E, 0x3C, 0x3C, 0x76, 0xE7, 0x00, 0x00, 0x08, 0x00, 0x18, 0x0F, 0xF8, 0x1F, 0xF8, 0x38,
    0x3C, 0x70, 0x6E, 0xE0, 0xE6, 0xC0, 0xC7, 0xC1, 0xC7, 0xC1, 0x83, 0xC3, 0x03, 0xC3, 0x07, 0xE6,
    0x06, 0x66, 0x0E, 0x7C, 0x1C, 0x3F, 0xF8, 0x1F, 0xF0, 0x38, 0x00, 0x30, 0x00, 0x18, 0x00, 0xE0,
    0x01, 0x80, 0x06, 0x0C, 0x01, 0xE0, 0x1F, 0x00, 0xF8, 0x07, 0xC0, 0x3E, 0x01, 0xF0, 0x0F, 0x80,
    0x7C, 0x03, 0xE0, 0x1F, 0x00, 0xFC, 0x06, 0x70, 0x73, 0xFF, 0x07, 0xF0, 0x00, 0x00, 0x00, 0xC0,
    0x1C, 0x01, 0xC0, 0x0C, 0x0C, 0x01, 0xE0, 0x1F, 0x00, 0xF8, 0x07, 0xC0, 0x3E, 0x01, 0xF0, 0x0F,
    0x80, 0x7C, 0x03, 0xE0, 0x1F, 0x00, 0xFC, 0x06, 0x70, 0x73, 0xFF, 0x07, 0xF0, 0x00, 0x00, 0x06,
    0x00, 0x78, 0x07, 0x70, 0x21, 0x8C, 0x01, 0xE0, 0x1F, 0x00, 0xF8, 0x07, 0xC0, 0x3E, 0x01, 0xF0,
    0x0F, 0x80, 0x7C, 0x03, 0xE0, 0x1F, 0x00, 0xFC, 0x06, 0x70, 0x73, 0xFF, 0x07, 0xF0, 0x00, 0x00,
    0x00, 0x00, 0xEC, 0x07, 0x60, 0x00, 0x0C, 0x01, 0xE0, 0x1F, 0x00, 0xF8, 0x07, 0xC0, 0x3E, 0x01,
    0xF0, 0x0F, 0x80, 0x7C, 0x03, 0xE0, 0x1F, 0x00, 0xFC, 0x06, 0x70, 0x73, 0xFF, 0x07, 0xF0, 0x00,
    0x00, 0x00, 0xC0, 0x07, 0x00, 0x30, 0x01, 0x80, 0xC0, 0x1B, 0x80, 0x66, 0x03, 0x0C, 0x1C, 0x38,
    0x60, 0x63, 0x81, 0xCC, 0x03, 0x60, 0x07, 0x80, 0x1C, 0x00, 0x30, 0x00, 0xC0, 0x03, 0x00, 0x0C,
    0x00, 0x30, 0x00, 0xC0, 0x0C, 0x00, 0xFF, 0x8F, 0xFE, 0xC0, 0x7C, 0x03, 0xC0, 0x3C, 0x03, 0xC0,
    0x3C, 0x07, 0xC1, 0xEF, 0xFC, 0xFF, 0x0C, 0x00, 0xC0, 0x00, 0x1F, 0x07, 0xF8, 0xE1, 0xCC, 0x0C,
    0xC0, 0xCC, 0x0C, 0xC1, 0xCC, 0xF8, 0xCF, 0xCC, 0x0E, 0xC0, 0x6C, 0x06, 0xC0, 0x6C, 0x06, 0xCF,
    0xED, 0xFC, 0x00, 0x00, 0x30, 0x0E, 0x01, 0xC0, 0x10, 0x00, 0x1F, 0xCF, 0xF9, 0x07, 0x01, 0xC7,
    0xF7, 0xFF, 0x83, 0xC0, 0xF0, 0x7F, 0x7D, 0xFB, 0x00, 0x00, 0x03, 0x01, 0xC0, 0xE0, 0x20, 0x00,
    0x1F, 0xCF, 0xF9, 0x07, 0x01, 0xC7, 0xF7, 0xFF, 0x83, 0xC0, 0xF0, 0x7F, 0x7D, 0xFB, 0x00, 0x00,
    0x0C, 0x07, 0x83, 0x30, 0x84, 0x00, 0x1F, 0xCF, 0xF9, 0x07, 0x01, 0xC7, 0xF7, 0xFF, 0x83, 0xC0,
    0xF0, 0x7F, 0x7D, 0xFB, 0x00, 0x00, 0x10, 0x0F, 0x66, 0xF0, 0x00, 0x00, 0x1F, 0xCF, 0xF9, 0x07,
    0x01, 0xC7, 0xF7, 0xFF, 0x83, 0xC0, 0xF0, 0x7F, 0x7D, 0xFB, 0x00, 0x00, 0x00, 0x0C, 0xC3, 0x30,
    0x00, 0x00, 0x1F, 0xCF, 0xF9, 0x07, 0x01, 0xC7, 0xF7, 0xFF, 0x83, 0xC0, 0xF0, 0x7F, 0x7D, 0xFB,
    0x00, 0x00, 0x1E, 0x04, 0x83, 0x30, 0x78, 0x0C, 0x00, 0x07, 0xF3, 0xFE, 0x41, 0xC0, 0x71, 0xFD,
    0xFF, 0xE0, 0xF0, 0x3C, 0x1F, 0xDF, 0x7E, 0xC0, 0x00, 0x00, 0x00, 0x0F, 0xE7, 0xF3, 0xFF, 0xFF,
    0x20, 0xF0, 0x60, 0x1C, 0x06, 0x3F, 0xFF, 0xDF, 0xFF, 0xFF, 0x06, 0x00, 0xC1, 0xC0, 0x18, 0x3C,
    0x1B, 0xDF, 0xFF, 0x3F, 0x9F, 0xC0, 0x00, 0x00, 0x00, 0x03, 0xF8, 0xFF, 0xB8, 0x36, 0x00, 0xC0,
    0x18, 0x03, 0x00, 0x60, 0x0E, 0x0C, 0xFF, 0x8F, 0xE0, 0x60, 0x0E, 0x00, 0x60, 0x78, 0x0F, 0x00,
    0x18, 0x01, 0xC0, 0x06, 0x00, 0x30, 0x00, 0x01, 0xFC, 0x3F, 0xE7, 0x06, 0x60, 0x37, 0xFF, 0x7F,
    0xF6, 0x00, 0x60, 0x07, 0x02, 0x3F, 0xE1, 0xFC, 0x00, 0x00, 0x00, 0xC0, 0x38, 0x07, 0x00, 0x60,
    0x00, 0x01, 0xFC, 0x3F, 0xE7, 0x06, 0x60, 0x37, 0xFF, 0x7F, 0xF6, 0x00, 0x60, 0x07, 0x02, 0x3F,
    0xE1, 0xFC, 0x00, 0x00, 0x06, 0x00, 0xF8, 0x1D, 0xC1, 0x0C, 0x00, 0x01, 0xFC, 0x3F, 0xE7, 0x06,
    0x60, 0x37, 0xFF, 0x7F, 0xF6, 0x00, 0x60, 0x07, 0x02, 0x3F, 0xE1, 0xFC, 0x00, 0x00, 0x00, 0x01,
    0xD8, 0x1D, 0x80, 0x00, 0x00, 0x01, 0xFC, 0x3F, 0xE7, 0x06, 0x60, 0x37, 0xFF, 0x7F, 0xF6, 0x00,
    0x60, 0x07, 0x02, 0x3F, 0xE1, 0xFC, 0x00, 0x00, 0xE1, 0xC3, 0x82, 0x00, 0x61, 0x86, 0x18, 0x61,
    0x86, 0x18, 0x61, 0x86, 0x18, 0xE7, 0x10, 0x01, 0x86, 0x18, 0x61, 0x86, 0x18, 0x61, 0x86, 0x18,
    0x18, 0x79, 0xBA, 0x30, 0x03, 0x06, 0x0C, 0x18, 0x30, 0x60, 0xC1, 0x83, 0x06, 0x0C, 0x03, 0xED,
    0x80, 0x00, 0xC3, 0x0C, 0x30, 0xC3, 0x0C, 0x30, 0xC3, 0x0C, 0x18, 0x01, 0xCC, 0x0F, 0xC0, 0xF8,
    0x3D, 0x81, 0x0C, 0x0E, 0xE3, 0xFE, 0x79, 0xE6, 0x07, 0x60, 0x76, 0x07, 0x60, 0x67, 0x06, 0x3F,
    0xC1, 0xF8, 0x00, 0x00, 0x10, 0x07, 0xB0, 0x9C, 0x00, 0x00, 0x01, 0xFF, 0x3F, 0xF7, 0x06, 0xC0,
    0xF8, 0x1F, 0x03, 0xE0, 0x7C, 0x0F, 0x81, 0xF0, 0x3E, 0x07, 0x18, 0x00, 0x70, 0x01, 0xC0, 0x06,
    0x00, 0x00, 0x0F, 0xE0, 0xFF, 0x8E, 0x0E, 0x60, 0x33, 0x01, 0x98, 0x0E, 0xC0, 0x66, 0x03, 0x38,
    0x38, 0xFF, 0x83, 0xF8, 0x00, 0x00, 0x00, 0xC0, 0x0E, 0x00, 0xC0, 0x0C, 0x00, 0x00, 0x0F, 0xE0,
    0xFF, 0x8E, 0x0E, 0x60, 0x33, 0x01, 0x98, 0x0E, 0xC0, 0x66, 0x03, 0x38, 0x38, 0xFF, 0x83, 0xF8,
    0x00, 0x00, 0x07, 0x00, 0x7C, 0x07, 0x70, 0x31, 0x80, 0x00, 0x0F, 0xE0, 0xFF, 0x8E, 0x0E, 0x60,
    0x33, 0x01, 0x98, 0x0E, 0xC0, 0x66, 0x03, 0x38, 0x38, 0xFF, 0x83, 0xF8, 0x00, 0x00, 0x0C, 0x40,
    0xF6, 0x06, 0xF0, 0x00, 0x00, 0x00, 0x0F, 0xE0, 0xFF, 0x8E, 0x0E, 0x60, 0x33, 0x01, 0x98, 0x0E,
    0xC0, 0x66, 0x03, 0x38, 0x38, 0xFF, 0x83, 0xF8, 0x00, 0x00, 0x00, 0x00, 0x6E, 0x03, 0x70, 0x00,
    0x00, 0x00, 0x0F, 0xE0, 0xFF, 0x8E, 0x0E, 0x60, 0x33, 0x01, 0x98, 0x0E, 0xC0, 0x66, 0x03, 0x38,
    0x38, 0xFF, 0x83, 0xF8, 0x00, 0x00, 0x0C, 0x03, 0x00, 0xC0, 0x00, 0x00, 0x3F, 0xFF, 0xFC, 0x00,
    0x0C, 0x03, 0x00, 0xC0, 0x00, 0x60, 0x03, 0x07, 0xF0, 0x7F, 0xC7, 0x1F, 0x30, 0xD9, 0x8C, 0xCC,
    0x67, 0x66, 0x33, 0x31, 0x9F, 0x1C, 0x7F, 0xC1, 0xFC, 0x08, 0x00, 0xC0, 0x00, 0x18, 0x01, 0xC0,
    0x0E, 0x00, 0x20, 0x00, 0x06, 0x06, 0x60, 0x66, 0x06, 0x60, 0x66, 0x06, 0x60, 0x66, 0x06, 0x60,
    0x67, 0x0E, 0x7F, 0xE3, 0xFE, 0x00, 0x00, 0x01, 0x80, 0x38, 0x07, 0x00, 0x40, 0x00, 0x06, 0x06,
    0x60, 0x66, 0x06, 0x60, 0x66, 0x06, 0x60, 0x66, 0x06, 0x60, 0x67, 0x0E, 0x7F, 0xE3, 0xFE, 0x00,
    0x00, 0x06, 0x00, 0xF0, 0x19, 0x81, 0x08, 0x00, 0x06, 0x06, 0x60, 0x66, 0x06, 0x60, 0x66, 0x06,
    0x60, 0x66, 0x06, 0x60, 0x67, 0x0E, 0x7F, 0xE3, 0xFE, 0x00, 0x00, 0x00, 0x01, 0x98, 0x19, 0x80,
    0x00, 0x00, 0x06, 0x06, 0x60, 0x66, 0x06, 0x60, 0x66, 0x06, 0x60, 0x66, 0x06, 0x60, 0x67, 0x0E,
    0x7F, 0xE3, 0xFE, 0x00, 0x00, 0x00, 0xC0, 0x1C, 0x01, 0xC0, 0x0C, 0x00, 0x00, 0x30, 0x1D, 0xC0,
    0xC6, 0x0E, 0x38, 0x60, 0xC7, 0x06, 0x30, 0x19, 0x80, 0xD8, 0x07, 0xC0, 0x1C, 0x00, 0xE0, 0x07,
    0x00, 0x30, 0x3F, 0x81, 0xF8, 0x01, 0x00, 0x00, 0xC0, 0x0C, 0x00, 0xC0, 0x0C, 0x00, 0xC0, 0x0D,
    0xF8, 0xFF, 0xCE, 0x0E, 0xC0, 0x6C, 0x07, 0xC0, 0x7C, 0x07, 0xC0, 0x6E, 0x0E, 0xFF, 0xCD, 0xF8,
    0xC0, 0x0C, 0x00, 0xC0, 0x0C, 0x00, 0x00, 0x00, 0x00, 0x00, 0xEC, 0x07, 0x60, 0x00, 0x00, 0x00,
    0x30, 0x1D, 0xC0, 0xC6, 0x0E, 0x38, 0x60, 0xC7, 0x06, 0x30, 0x19, 0x80, 0xD8, 0x07, 0xC0, 0x1C,
    0x00, 0xE0, 0x07, 0x00, 0x30, 0x3F, 0x81, 0xF8, 0x01, 0x00, 0x00, 0x0F, 0xE0, 0x0F, 0xE0, 0x00,
    0x00, 0x03, 0x80, 0x03, 0x80, 0x07, 0xC0, 0x06, 0xC0, 0x0E, 0xE0, 0x0C, 0x60, 0x0C, 0x70, 0x18,
    0x30, 0x18, 0x30, 0x3F, 0xF8, 0x3F, 0xF8, 0x70, 0x1C, 0x60, 0x0C, 0xE0, 0x0E, 0xC0, 0x06, 0x7F,
    0x0F, 0xC0, 0x00, 0x00, 0x7F, 0x3F, 0xE4, 0x1C, 0x07, 0x1F, 0xDF, 0xFE, 0x0F, 0x03, 0xC1, 0xFD,
    0xF7, 0xEC, 0x00, 0x0C, 0x20, 0x0C, 0x60, 0x07, 0xC0, 0x03, 0x80, 0x03, 0x80, 0x03, 0x80, 0x07,
    0xC0, 0x06, 0xC0, 0x0E, 0xE0, 0x0C, 0x60, 0x0C, 0x70, 0x18, 0x30, 0x18, 0x30, 0x3F, 0xF8, 0x3F,
    0xF8, 0x70, 0x1C, 0x60, 0x0C, 0xE0, 0x0E, 0xC0, 0x06, 0x21, 0x0C, 0xC3, 0xF0, 0x30, 0x00, 0x1F,
    0xCF, 0xF9, 0x07, 0x01, 0xC7, 0xF7, 0xFF, 0x83, 0xC0, 0xF0, 0x7F, 0x7D, 0xFB, 0x00, 0x00, 0x03,
    0x80, 0x03, 0x80, 0x07, 0xC0, 0x06, 0xC0, 0x0E, 0xE0, 0x0C, 0x60, 0x0C, 0x70, 0x18, 0x30, 0x18,
    0x30, 0x3F, 0xF8, 0x3F, 0xF8, 0x70, 0x1C, 0x60, 0x0C, 0xE0, 0x0E, 0xC0, 0x06, 0x00, 0x0E, 0x00,
    0x18, 0x00, 0x18, 0x00, 0x1F, 0x00, 0x0E, 0x00, 0x1F, 0xCF, 0xF9, 0x07, 0x01, 0xC7, 0xF7, 0xFF,
    0x83, 0xC0, 0xF0, 0x7F, 0x7D, 0xFF, 0x03, 0x80, 0xC0, 0x60, 0x0F, 0x03, 0xC0, 0x00, 0x60, 0x03,
    0x80, 0x18, 0x00, 0xC0, 0x0F, 0xE0, 0x7F, 0xE3, 0x83, 0x9C, 0x00, 0xE0, 0x03, 0x00, 0x0C, 0x00,
    0x30, 0x00, 0xC0, 0x03, 0x00, 0x0E, 0x00, 0x18, 0x00, 0x78, 0x18, 0xFF, 0xE0, 0xFF, 0x00, 0x00,
    0x00, 0xC0, 0x70, 0x1C, 0x03, 0x00, 0x00, 0x3F, 0x8F, 0xFB, 0x83, 0x60, 0x0C, 0x01, 0x80, 0x30,
    0x06, 0x00, 0xE0, 0xCF, 0xF8, 0xFE, 0x00, 0x00, 0x01, 0x00, 0x0E, 0x00, 0x38, 0x00, 0x00, 0x0F,
    0xE0, 0x7F, 0xE3, 0x83, 0x9C, 0x00, 0xE0, 0x03, 0x00, 0x0C, 0x00, 0x30, 0x00, 0xC0, 0x03, 0x00,
    0x0E, 0x00, 0x18, 0x00, 0x78, 0x18, 0xFF, 0xE0, 0xFF, 0x00, 0x00, 0x02, 0x00, 0xE0, 0x18, 0x00,
    0x00, 0x00, 0x3F, 0x8F, 0xFB, 0x83, 0x60, 0x0C, 0x01, 0x80, 0x30, 0x06, 0x00, 0xE0, 0xCF, 0xF8,
    0xFE, 0x00, 0x00, 0x0C, 0x60, 0x1B, 0x80, 0x3C, 0x00, 0x60, 0x0F, 0xE0, 0x7F, 0xE3, 0x83, 0x9C,
    0x00, 0xE0, 0x03, 0x00, 0x0C, 0x00, 0x30, 0x00, 0xC0, 0x03, 0x00, 0x0E, 0x00, 0x18, 0x00, 0x78,
    0x18, 0xFF, 0xE0, 0xFF, 0x00, 0x00, 0x18, 0xC3, 0xB0, 0x3C, 0x03, 0x00, 0x00, 0x3F, 0x8F, 0xFB,
    0x83, 0x60, 0x0C, 0x01, 0x80, 0x30, 0x06, 0x00, 0xE0, 0xCF, 0xF8, 0xFE, 0x00, 0x00, 0x10, 0x80,
    0x3B, 0x00, 0x3C, 0x00, 0x30, 0x0F, 0xFC, 0x1F, 0xFE, 0x30, 0x1E, 0x60, 0x0C, 0xC0, 0x1D, 0x80,
    0x1B, 0x00, 0x3E, 0x00, 0x7C, 0x00, 0xF8, 0x01, 0xB0, 0x03, 0x60, 0x0E, 0xC0, 0x39, 0xFF, 0xE3,
    0xFF, 0x00, 0x00, 0x02, 0x00, 0x33, 0x00, 0x3B, 0x00, 0x3B, 0x00, 0x3B, 0x00, 0x38, 0x1F, 0xF8,
    0x3F, 0xF8, 0x70, 0x78, 0x60, 0x38, 0x60, 0x38, 0x60, 0x38, 0x60, 0x38, 0x60, 0x38, 0x70, 0x78,
    0x3F, 0xF8, 0x1F, 0xF8, 0x00, 0x00, 0x3F, 0xF0, 0x1F, 0xFE, 0x0C, 0x07, 0x86, 0x00, 0xE3, 0x00,
    0x31, 0x80, 0x18, 0xE0, 0x0F, 0xFF, 0x07, 0x7F, 0x03, 0x98, 0x01, 0xCC, 0x00, 0xC6, 0x00, 0xE3,
    0x00, 0xE1, 0xFF, 0xE0, 0xFF, 0xE0, 0x00, 0x30, 0x00, 0x70, 0x0F, 0xF8, 0x1F, 0xE0, 0x03, 0x83,
    0xFF, 0x0F, 0xFE, 0x38, 0x3C, 0x60, 0x38, 0xC0, 0x71, 0x80, 0xE3, 0x01, 0xC6, 0x03, 0x8E, 0x0F,
    0x0F, 0xFE, 0x0F, 0xFC, 0x00, 0x00, 0x3F, 0x87, 0xF0, 0x00, 0x7F, 0xFF, 0xFF, 0x80, 0x30, 0x06,
    0x00, 0xC0, 0x1F, 0xF3, 0xFF, 0x7F, 0xCC, 0x01, 0x80, 0x30, 0x06, 0x00, 0xFF, 0xFF, 0xFC, 0x1F,
    0xC1, 0xFC, 0x00, 0x00, 0x00, 0x1F, 0xC3, 0xFE, 0x70, 0x66, 0x03, 0x7F, 0xF7, 0xFF, 0x60, 0x06,
    0x00, 0x70, 0x23, 0xFE, 0x1F, 0xC0, 0x00, 0x04, 0x01, 0xC0, 0x38, 0x00, 0x0F, 0xFF, 0xFF, 0xF0,
    0x06, 0x00, 0xC0, 0x18, 0x03, 0xFE, 0x7F, 0xEF, 0xF9, 0x80, 0x30, 0x06, 0x00, 0xC0, 0x1F, 0xFF,
    0xFF, 0x80, 0x02, 0x00, 0x70, 0x06, 0x00, 0x00, 0x00, 0x01, 0xFC, 0x3F, 0xE7, 0x06, 0x60, 0x37,
    0xFF, 0x7F, 0xF6, 0x00, 0x60, 0x07, 0x02, 0x3F, 0xE1, 0xFC, 0x00, 0x00, 0xFF, 0xEF, 0xFE, 0xC0,
    0x0C, 0x00, 0xC0, 0x0C, 0x00, 0xFF, 0x8F, 0xFC, 0xFF, 0x8C, 0x00, 0xC0, 0x0C, 0x00, 0xC0, 0x0F,
    0xFE, 0xFF, 0xE0, 0x0E, 0x01, 0x80, 0x18, 0x01, 0xE0, 0x0E, 0x00, 0x01, 0xFC, 0x3F, 0xE7, 0x06,
    0x60, 0x37, 0xFF, 0x7F, 0xF6, 0x00, 0x60, 0x07, 0x02, 0x3F, 0xE1, 0xFC, 0x01, 0x80, 0x10, 0x03,
    0x00, 0x1E, 0x01, 0xE0, 0x31, 0x87, 0x70, 0x78, 0x02, 0x0F, 0xFF, 0xFF, 0xF0, 0x06, 0x00, 0xC0,
    0x18, 0x03, 0xFE, 0x7F, 0xEF, 0xF9, 0x80, 0x30, 0x06, 0x00, 0xC0, 0x1F, 0xFF, 0xFF, 0x80, 0x18,
    0xC1, 0xD8, 0x0F, 0x00, 0x60, 0x00, 0x01, 0xFC, 0x3F, 0xE7, 0x06, 0x60, 0x37, 0xFF, 0x7F, 0xF6,
    0x00, 0x60, 0x07, 0x02, 0x3F, 0xE1, 0xFC, 0x00, 0x00, 0x0C, 0x20, 0x31, 0x80, 0x7C, 0x00, 0xE0,
    0x0F, 0xE0, 0x7F, 0xE3, 0x81, 0x9C, 0x00, 0xE0, 0x03, 0x00, 0x0C, 0x00, 0x30, 0x02, 0xC0, 0x1F,
    0x00, 0x7E, 0x01, 0xD8, 0x07, 0x78, 0x1C, 0xFF, 0xE0, 0xFF, 0x00, 0x00, 0x08, 0x40, 0xC6, 0x03,
    0xF0, 0x06, 0x00, 0x00, 0x0F, 0xFC, 0xFF, 0xEE, 0x0F, 0x60, 0x3B, 0x01, 0xD8, 0x0E, 0xC0, 0x77,
    0x03, 0x9C, 0x7C, 0xFF, 0xE1, 0xF7, 0x00, 0x39, 0x01, 0x9F, 0xFC, 0x7F, 0xC0, 0x30, 0x00, 0x01,
    0x00, 0x0E, 0x00, 0x38, 0x00, 0x00, 0x0F, 0xE0, 0x7F, 0xE3, 0x81, 0x9C, 0x00, 0xE0, 0x03, 0x00,
    0x0C, 0x00, 0x30, 0x02, 0xC0, 0x1F, 0x00, 0x7E, 0x01, 0xD8, 0x07, 0x78, 0x1C, 0xFF, 0xE0, 0xFF,
    0x00, 0x00, 0x02, 0x00, 0x18, 0x00, 0xC0, 0x00, 0x00, 0x00, 0x0F, 0xFC, 0xFF, 0xEE, 0x0F, 0x60,
    0x3B, 0x01, 0xD8, 0x0E, 0xC0, 0x77, 0x03, 0x9C, 0x7C, 0xFF, 0xE1, 0xF7, 0x00, 0x39, 0x01, 0x9F,
    0xFC, 0x7F, 0xC0, 0x30, 0x00, 0x0F, 0xE0, 0x7F, 0xE3, 0x81, 0x9C, 0x00, 0xE0, 0x03, 0x00, 0x0C,
    0x00, 0x30, 0x02, 0xC0, 0x1F, 0x00, 0x7E, 0x01, 0xD8, 0x07, 0x78, 0x1C, 0xFF, 0xE0, 0xFF, 0x00,
    0x00, 0x00, 0x00, 0x0E, 0x00, 0x38, 0x00, 0x40, 0x01, 0x00, 0x01, 0x00, 0x18, 0x00, 0xC0, 0x06,
    0x00, 0x30, 0x00, 0x00, 0x7F, 0xE7, 0xFF, 0x70, 0x7B, 0x01, 0xD8, 0x0E, 0xC0, 0x76, 0x03, 0xB8,
    0x1C, 0xE3, 0xE7, 0xFF, 0x0F, 0xB8, 0x01, 0xC8, 0x0C, 0xFF, 0xE3, 0xFE, 0x01, 0x80, 0x30, 0x06,
    0x0C, 0x01, 0x83, 0x00, 0x63, 0xFF, 0xFE, 0xFF, 0xFF, 0x8C, 0x01, 0x83, 0xFF, 0xE0, 0xFF, 0xF8,
    0x3F, 0xFE, 0x0C, 0x01, 0x83, 0x00, 0x60, 0xC0, 0x18, 0x30, 0x06, 0x0C, 0x01, 0x83, 0x00, 0x60,
    0x30, 0x01, 0x80, 0x3F, 0xC1, 0xFC, 0x03, 0x00, 0x1B, 0xF0, 0xFF, 0xC7, 0x06, 0x30, 0x39, 0x80,
    0xCC, 0x06, 0x60, 0x33, 0x01, 0x98, 0x0C, 0xC0, 0x66, 0x03, 0xFF, 0xF0, 0x0C, 0x30, 0xC3, 0x0C,
    0x30, 0xC3, 0x0C, 0x30, 0xC3, 0x0C, 0x30, 0xC0, 0xFF, 0xF0, 0x00, 0x30, 0xC3, 0x0C, 0x30, 0xC3,
    0x0C, 0x30, 0xC3, 0x00, 0x66, 0x66, 0x66, 0x66, 0x66, 0x66, 0x66, 0x66, 0xCC, 0xF7, 0x6E, 0x60,
    0x06, 0x66, 0x66, 0x66, 0x66, 0x66, 0x6C, 0xCE, 0x60, 0x3F, 0xFF, 0xFF, 0xC0, 0x36, 0x03, 0xB0,
    0x39, 0x83, 0x8C, 0x38, 0x63, 0x83, 0x38, 0x1B, 0xC0, 0xFF, 0x07, 0x9C, 0x38, 0x61, 0x83, 0x8C,
    0x0E, 0x60, 0x3B, 0x00, 0xE0, 0x00, 0x00, 0x00, 0x30, 0x01, 0x80, 0x0C, 0x00, 0x40, 0x00, 0xC0,
    0x18, 0x03, 0x00, 0x60, 0x0C, 0x01, 0x83, 0xB0, 0xE6, 0x38, 0xCE, 0x1B, 0x83, 0xF8, 0x7B, 0x0C,
    0x71, 0x87, 0x30, 0x76, 0x07, 0x00, 0x00, 0x00, 0x70, 0x06, 0x00, 0x80, 0x10, 0x00, 0xC0, 0x18,
    0x03, 0x00, 0x60, 0x0C, 0x01, 0x80, 0x30, 0x06, 0x00, 0xC0, 0x18, 0x03, 0x00, 0x60, 0x0C, 0x01,
    0xFF, 0xBF, 0xF8, 0x00, 0x00, 0x01, 0x80, 0x30, 0x06, 0x00, 0x40, 0x6D, 0xB6, 0xDB, 0x6D, 0xB6,
    0xDB, 0x01, 0xB6, 0x80, 0x01, 0x98, 0x33, 0x06, 0x60, 0xCC, 0x19, 0x80, 0x30, 0x06, 0x00, 0xC0,
    0x18, 0x03, 0x00, 0x60, 0x0C, 0x01, 0x80, 0x3F, 0xF7, 0xFF, 0x1E, 0xF7, 0xBD, 0xE3, 0x18, 0xC6,
    0x31, 0x8C, 0x63, 0x18, 0xC0, 0x30, 0x01, 0x80, 0x0C, 0x00, 0x60, 0x03, 0x00, 0x1B, 0x00, 0xF8,
    0x07, 0x00, 0x70, 0x07, 0x80, 0x0C, 0x00, 0x60, 0x03, 0x00, 0x1F, 0xF8, 0xFF, 0xE0, 0x30, 0xC3,
    0x0C, 0x30, 0xC3, 0x0F, 0x39, 0xCF, 0x0C, 0x30, 0xC3, 0x0C, 0x00, 0xC0, 0x0E, 0x01, 0xC0, 0x0C,
    0x0C, 0x01, 0xF0, 0x0F, 0xC0, 0x7F, 0x03, 0xD8, 0x1E, 0xE0, 0xF3, 0x87, 0x8E, 0x3C, 0x39, 0xE0,
    0xCF, 0x07, 0x78, 0x1F, 0xC0, 0x7E, 0x01, 0xF0, 0x06, 0x03, 0x80, 0xE0, 0x38, 0x04, 0x00, 0x01,
    0xFF, 0x3F, 0xF7, 0x06, 0xC0, 0xF8, 0x1F, 0x03, 0xE0, 0x7C, 0x0F, 0x81, 0xF0, 0x3E, 0x07, 0xC0,
    0x1F, 0x00, 0xFC, 0x07, 0xF0, 0x3D, 0x81, 0xEE, 0x0F, 0x38, 0x78, 0xE3, 0xC3, 0x9E, 0x0C, 0xF0,
    0x77, 0x81, 0xFC, 0x07, 0xE0, 0x1F, 0x00, 0x60, 0x00, 0x00, 0x00, 0x38, 0x00, 0xC0, 0x04, 0x00,
    0x20, 0x00, 0x00, 0x1F, 0xF3, 0xFF, 0x70, 0x6C, 0x0F, 0x81, 0xF0, 0x3E, 0x07, 0xC0, 0xF8, 0x1F,
    0x03, 0xE0, 0x70, 0x00, 0x00, 0x03, 0x00, 0x60, 0x0C, 0x01, 0x00, 0x18, 0xC0, 0xEE, 0x03, 0xE0,
    0x04, 0x0C, 0x01, 0xF0, 0x0F, 0xC0, 0x7F, 0x03, 0xD8, 0x1E, 0xE0, 0xF3, 0x87, 0x8E, 0x3C, 0x39,
    0xE0, 0xCF, 0x07, 0x78, 0x1F, 0xC0, 0x7E, 0x01, 0xF0, 0x06, 0x21, 0x87, 0x60, 0x78, 0x06, 0x00,
    0x01, 0xFF, 0x3F, 0xF7, 0x06, 0xC0, 0xF8, 0x1F, 0x03, 0xE0, 0x7C, 0x0F, 0x81, 0xF0, 0x3E, 0x07,
    0x01, 0x98, 0x03, 0xB0, 0x03, 0x60, 0x02, 0x40, 0x0F, 0xE0, 0x1F, 0xF8, 0x38, 0x3C, 0x70, 0x0E,
    0xE0, 0x06, 0xC0, 0x07, 0xC0, 0x07, 0xC0, 0x03, 0xC0, 0x03, 0xC0, 0x07, 0xE0, 0x06, 0x60, 0x0E,
    0x78, 0x1C, 0x3F, 0xF8, 0x0F, 0xF0, 0x00, 0x00, 0x03, 0x60, 0x3B, 0x03, 0xB0, 0x19, 0x00, 0x00,
    0x0F, 0xE0, 0xFF, 0x8E, 0x0E, 0x60, 0x33, 0x01, 0x98, 0x0E, 0xC0, 0x66, 0x03, 0x38, 0x38, 0xFF,
    0x83, 0xF8, 0x00, 0x00, 0x07, 0xFF, 0xF8, 0x7F, 0xFF, 0xE3, 0x81, 0x80, 0x1C, 0x06, 0x00, 0xE0,
    0x18, 0x03, 0x00, 0x60, 0x0C, 0x01, 0xFF, 0x30, 0x07, 0xFC, 0xC0, 0x1F, 0xF3, 0x00, 0x60, 0x0E,
    0x01, 0x80, 0x18, 0x06, 0x00, 0x78, 0x18, 0x00, 0xFF, 0xFF, 0xE0, 0xFF, 0xFF, 0xC0, 0x00, 0x00,
    0x00, 0x7F, 0x1F, 0x83, 0xFE, 0xFF, 0x1C, 0x1F, 0x06, 0x60, 0x38, 0x1D, 0x80, 0xFF, 0xF6, 0x03,
    0xFF, 0xD8, 0x0E, 0x00, 0x60, 0x38, 0x01, 0xC1, 0xF0, 0x63, 0xFE, 0xFF, 0x87, 0xF1, 0xFC, 0x00,
    0x00, 0x00, 0x01, 0x80, 0x1C, 0x01, 0x80, 0x18, 0x0F, 0xF8, 0x7F, 0xF3, 0x03, 0xD8, 0x0E, 0xC0,
    0x36, 0x01, 0xB0, 0x0D, 0x80, 0xEC, 0x1E, 0x7F, 0xE3, 0xFE, 0x18, 0x18, 0xC0, 0xE6, 0x03, 0xB0,
    0x0C, 0x0C, 0x38, 0xE1, 0x00, 0x1F, 0xBF, 0x70, 0xC1, 0x83, 0x06, 0x0C, 0x18, 0x30, 0x60, 0x31,
    0x80, 0xDC, 0x03, 0xC0, 0x0C, 0x0F, 0xF8, 0x7F, 0xF3, 0x03, 0xD8, 0x0E, 0xC0, 0x36, 0x01, 0xB0,
    0x0D, 0x80, 0xEC, 0x1E, 0x7F, 0xE3, 0xFE, 0x18, 0x18, 0xC0, 0xE6, 0x03, 0xB0, 0x0C, 0xC2, 0x6E,
    0x3C, 0x18, 0x00, 0x7E, 0x7E, 0x70, 0x60, 0x60, 0x60, 0x60, 0x60, 0x60, 0x60, 0x60, 0x00, 0xC0,
    0x1C, 0x03, 0x00, 0x20, 0x1F, 0xC3, 0xFF, 0x70, 0x26, 0x00, 0x60, 0x07, 0x00, 0x3C, 0x01, 0xFC,
    0x07, 0xE0, 0x07, 0x00, 0x30, 0x03, 0x60, 0x37, 0xFE, 0x3F, 0xC0, 0x00, 0x03, 0x81, 0xC0, 0xE0,
    0x20, 0x00, 0x0F, 0xE7, 0xF9, 0x80, 0x60, 0x1E, 0x03, 0xF8, 0x1F, 0x00, 0xD0, 0x3F, 0xFD, 0xFE,
    0x00, 0x00, 0x1F, 0xC3, 0xFF, 0x70, 0x26, 0x00, 0x60, 0x07, 0x00, 0x3C, 0x01, 0xFC, 0x07, 0xE0,
    0x07, 0x00, 0x30, 0x03, 0x60, 0x37, 0xFE, 0x3F, 0xC0, 0x20, 0x03, 0x80, 0x18, 0x0F, 0x80, 0xF0,
    0x00, 0x0F, 0xE7, 0xF9, 0x80, 0x60, 0x1E, 0x03, 0xF8, 0x1F, 0x00, 0xD0, 0x3F, 0xFD, 0xFE, 0x0C,
    0x03, 0x80, 0x60, 0x78, 0x1C, 0x00, 0x18, 0xC0, 0xDC, 0x07, 0x80, 0x30, 0x1F, 0xC3, 0xFF, 0x70,
    0x26, 0x00, 0x60, 0x07, 0x00, 0x3C, 0x01, 0xFC, 0x07, 0xE0, 0x07, 0x00, 0x30, 0x03, 0x60, 0x37,
    0xFE, 0x3F, 0xC0, 0x00, 0x21, 0x8E, 0xC1, 0xE0, 0x30, 0x00, 0x0F, 0xE7, 0xF9, 0x80, 0x60, 0x1E,
    0x03, 0xF8, 0x1F, 0x00, 0xD0, 0x3F, 0xFD, 0xFE, 0x00, 0x00, 0xFF, 0xFF, 0xFF, 0x06, 0x00, 0x60,
    0x06, 0x00, 0x60, 0x06, 0x00, 0x60, 0x06, 0x00, 0x60, 0x06, 0x00, 0x60, 0x06, 0x00, 0x60, 0x06,
    0x00, 0x60, 0x07, 0x00, 0x30, 0x0F, 0x00, 0xE0, 0x30, 0x30, 0x30, 0xFF, 0xFE, 0x30, 0x30, 0x30,
    0x30, 0x30, 0x30, 0x30, 0x3F, 0x1F, 0x0C, 0x0E, 0x02, 0x1E, 0x1E, 0x10, 0x81, 0xD8, 0x0F, 0x00,
    0x60, 0xFF, 0xFF, 0xFF, 0x06, 0x00, 0x60, 0x06, 0x00, 0x60, 0x06, 0x00, 0x60, 0x06, 0x00, 0x60,
    0x06, 0x00, 0x60, 0x06, 0x00, 0x60, 0x06, 0x00, 0x00, 0x06, 0x06, 0x36, 0x32, 0x30, 0xFF, 0xFE,
    0x30, 0x30, 0x30, 0x30, 0x30, 0x30, 0x30, 0x3F, 0x1F, 0x00, 0x1F, 0xC0, 0xFE, 0x00, 0x01, 0x80,
    0x3C, 0x03, 0xE0, 0x1F, 0x00, 0xF8, 0x07, 0xC0, 0x3E, 0x01, 0xF0, 0x0F, 0x80, 0x7C, 0x03, 0xE0,
    0x1F, 0x80, 0xCE, 0x0E, 0x7F, 0xE0, 0xFE, 0x00, 0x00, 0x1F, 0xC1, 0xF8, 0x00, 0x00, 0x00, 0x60,
    0x66, 0x06, 0x60, 0x66, 0x06, 0x60, 0x66, 0x06, 0x60, 0x66, 0x06, 0x70, 0xE7, 0xFE, 0x3F, 0xE0,
    0x00, 0x07, 0x00, 0x6C, 0x02, 0x60, 0x1F, 0x00, 0x70, 0x60, 0x0F, 0x00, 0xF8, 0x07, 0xC0, 0x3E,
    0x01, 0xF0, 0x0F, 0x80, 0x7C, 0x03, 0xE0, 0x1F, 0x00, 0xF8, 0x07, 0xE0, 0x33, 0x83, 0x9F, 0xF8,
    0x3F, 0x80, 0x00, 0x00, 0x0F, 0x00, 0x90, 0x19, 0x80, 0xF0, 0x06, 0x00, 0x00, 0x60, 0x66, 0x06,
    0x60, 0x66, 0x06, 0x60, 0x66, 0x06, 0x60, 0x66, 0x06, 0x70, 0xE7, 0xFE, 0x3F, 0xE0, 0x00, 0x03,
    0x60, 0x37, 0x03, 0x70, 0x13, 0x0C, 0x01, 0xE0, 0x1F, 0x00, 0xF8, 0x07, 0xC0, 0x3E, 0x01, 0xF0,
    0x0F, 0x80, 0x7C, 0x03, 0xE0, 0x1F, 0x00, 0xFC, 0x06, 0x70, 0x73, 0xFF, 0x07, 0xF0, 0x00, 0x00,
    0x06, 0x60, 0x6C, 0x0D, 0xC0, 0x98, 0x00, 0x06, 0x06, 0x60, 0x66, 0x06, 0x60, 0x66, 0x06, 0x60,
    0x66, 0x06, 0x60, 0x67, 0x0E, 0x7F, 0xE3, 0xFE, 0x00, 0x00, 0xC0, 0x1E, 0x01, 0xF0, 0x0F, 0x80,
    0x7C, 0x03, 0xE0, 0x1F, 0x00, 0xF8, 0x07, 0xC0, 0x3E, 0x01, 0xF0, 0x0F, 0xC0, 0x67, 0x07, 0x3F,
    0xF0, 0x7F, 0x00, 0xE0, 0x0C, 0x00, 0x60, 0x03, 0xE0, 0x0E, 0x00, 0x00, 0x06, 0x06, 0x60, 0x66,
    0x06, 0x60, 0x66, 0x06, 0x60, 0x66, 0x06, 0x60, 0x67, 0x0E, 0x7F, 0xE3, 0xFE, 0x00, 0xE0, 0x18,
    0x01, 0x80, 0x1F, 0x00, 0xE0, 0x00, 0x00, 0x37, 0x00, 0xDC, 0x00, 0x00, 0xC0, 0x1B, 0x80, 0x66,
    0x03, 0x0C, 0x1C, 0x38, 0x60, 0x63, 0x81, 0xCC, 0x03, 0x60, 0x07, 0x80, 0x1C, 0x00, 0x30, 0x00,
    0xC0, 0x03, 0x00, 0x0C, 0x00, 0x30, 0x00, 0x00, 0xC0, 0x0E, 0x00, 0xE0, 0x04, 0x07, 0xFF, 0xBF,
    0xFC, 0x00, 0xC0, 0x0E, 0x00, 0xE0, 0x0E, 0x00, 0xE0, 0x06, 0x00, 0x70, 0x07, 0x00, 0x70, 0x07,
    0x00, 0x30, 0x03, 0xFF, 0xDF, 0xFE, 0x01, 0x81, 0xC0, 0xE0, 0x30, 0x00, 0x1F, 0xF7, 0xFC, 0x0E,
    0x03, 0x01, 0x80, 0xE0, 0x70, 0x38, 0x0C, 0x07, 0xFF, 0xFF, 0x00, 0x00, 0x18, 0x00, 0xC0, 0x00,
    0x07, 0xFF, 0xBF, 0xFC, 0x00, 0xC0, 0x0E, 0x00, 0xE0, 0x0E, 0x00, 0xE0, 0x06, 0x00, 0x70, 0x07,
    0x00, 0x70, 0x07, 0x00, 0x30, 0x03, 0xFF, 0xDF, 0xFE, 0x04, 0x03, 0x80, 0xE0, 0x00, 0x00, 0x1F,
    0xF7, 0xFC, 0x0E, 0x03, 0x01, 0x80, 0xE0, 0x70, 0x38, 0x0C, 0x07, 0xFF, 0xFF, 0x08, 0x40, 0x6E,
    0x01, 0xE0, 0x06, 0x07, 0xFF, 0xBF, 0xFC, 0x00, 0xC0, 0x0E, 0x00, 0xE0, 0x0E, 0x00, 0xE0, 0x06,
    0x00, 0x70, 0x07, 0x00, 0x70, 0x07, 0x00, 0x30, 0x03, 0xFF, 0xDF, 0xFE, 0x31, 0x8E, 0xC1, 0xE0,
    0x30, 0x00, 0x1F, 0xF7, 0xFC, 0x0E, 0x03, 0x01, 0x80, 0xE0, 0x70, 0x38, 0x0C, 0x07, 0xFF, 0xFF,
    0x61, 0xC1, 0x83, 0x1C, 0xE7, 0x18, 0x18, 0x3C, 0x76, 0x43, 0x30, 0x7B, 0x4E, 0x00, 0xFF, 0xFC,
    0x87, 0x8F, 0xF1, 0xC0, 0x5F, 0x00, 0x01, 0xDB, 0x30, 0x76, 0xE7, 0xF7, 0x00, 0x1B, 0x1B, 0x9B,
    0x89, 0x80, 0x63, 0x76, 0x3C, 0x18, 0x1B, 0x64, 0x03, 0x1C, 0x3F, 0x78, 0x33, 0xB1, 0x8F, 0xB8,
    0x30, 0x03, 0x00, 0x38, 0x03, 0x0F, 0xFF, 0xFF, 0xF0, 0x06, 0x00, 0xC0, 0x18, 0x03, 0xFE, 0x7F,
    0xEF, 0xFD, 0x80, 0x30, 0x06, 0x00, 0xC0, 0x1F, 0xFF, 0xFF, 0x80, 0x00, 0x07, 0x70, 0x6C, 0x00,
    0x0F, 0xFF, 0xFF, 0xF0, 0x06, 0x00, 0xC0, 0x18, 0x03, 0xFE, 0x7F, 0xEF, 0xFD, 0x80, 0x30, 0x06,
    0x00, 0xC0, 0x1F, 0xFF, 0xFF, 0x80, 0xFF, 0xF8, 0x7F, 0xFC, 0x01, 0x80, 0x00, 0xC0, 0x00, 0x60,
    0x00, 0x30, 0x00, 0x1F, 0xF8, 0x0F, 0xFE, 0x07, 0x03, 0x03, 0x01, 0xC1, 0x80, 0x60, 0xC0, 0x70,
    0x60, 0x30, 0x31, 0xF8, 0x18, 0xF8, 0x00, 0x00, 0x03, 0x01, 0xC0, 0xE0, 0x20, 0xFF, 0xFF, 0xFC,
    0x03, 0x00, 0xC0, 0x30, 0x0C, 0x03, 0x00, 0xC0, 0x30, 0x0C, 0x03, 0x00, 0xC0, 0x30, 0x0C, 0x00,
    0x0F, 0xE0, 0x7F, 0xE3, 0x83, 0x9C, 0x00, 0xE0, 0x03, 0x80, 0x0C, 0x00, 0x3F, 0xF0, 0xFF, 0xC3,
    0x00, 0x0E, 0x00, 0x1C, 0x00, 0x78, 0x18, 0xFF, 0xE0, 0xFF, 0x00, 0x00, 0x1F, 0x87, 0xFE, 0x60,
    0x4E, 0x00, 0xC0, 0x0E, 0x00, 0x7C, 0x03, 0xF8, 0x07, 0xC0, 0x0E, 0x00, 0x60, 0x06, 0xC0, 0x6F,
    0xFE, 0x7F, 0xC0, 0x00, 0xDB, 0x6D, 0xB6, 0xDB, 0x6D, 0xB0, 0x03, 0xBC, 0xC0, 0x30, 0xC3, 0x0C,
    0x30, 0xC3, 0x0C, 0x30, 0xC3, 0x0C, 0x30, 0xC3, 0x00, 0x3F, 0x9F, 0xC0, 0x60, 0x30, 0x18, 0x0C,
    0x06, 0x03, 0x01, 0x80, 0xC0, 0x60, 0x3C, 0x3F, 0xF9, 0xFC, 0x00, 0x0F, 0xFC, 0x00, 0x0F, 0xFC,
    0x00, 0x0C, 0x0C, 0x00, 0x0C, 0x0C, 0x00, 0x0C, 0x0C, 0x00, 0x1C, 0x0F, 0xF8, 0x1C, 0x0F, 0xFE,
    0x1C, 0x0C, 0x0F, 0x18, 0x0C, 0x03, 0x18, 0x0C, 0x03, 0x18, 0x0C, 0x03, 0x18, 0x0C, 0x03, 0x38,
    0x0C, 0x07, 0xF0, 0x0F, 0xFE, 0xF0, 0x0F, 0xFC, 0x00, 0x00, 0x00, 0xC0, 0x38, 0x01, 0x80, 0x70,
    0x03, 0x00, 0xE0, 0x06, 0x01, 0xC0, 0x0C, 0x03, 0x80, 0x18, 0x07, 0x00, 0x3F, 0xFF, 0xFC, 0x7F,
    0xFF, 0xFC, 0xC0, 0x38, 0x1D, 0x80, 0x70, 0x1B, 0x00, 0xE0, 0x36, 0x01, 0xC0, 0x6C, 0x03, 0x81,
    0xD8, 0x07, 0xFF, 0x30, 0x0F, 0xFC, 0x00, 0xFF, 0xF8, 0x7F, 0xFC, 0x01, 0x80, 0x00, 0xC0, 0x00,
    0x60, 0x00, 0x30, 0x00, 0x1B, 0xF0, 0x0F, 0xFE, 0x07, 0x07, 0x03, 0x01, 0xC1, 0x80, 0xE0, 0xC0,
    0x70, 0x60, 0x38, 0x30, 0x1C, 0x18, 0x0E, 0x01, 0x80, 0x38, 0x03, 0x80, 0x18, 0x0C, 0x03, 0x60,
    0x3B, 0x03, 0x98, 0x38, 0xC1, 0x86, 0x18, 0x31, 0xC1, 0xFC, 0x0F, 0xF0, 0x61, 0xC3, 0x06, 0x18,
    0x38, 0xC0, 0xE6, 0x03, 0xB0, 0x0C, 0x18, 0x00, 0x70, 0x01, 0xC0, 0x06, 0x0C, 0x01, 0xE0, 0x1F,
    0x01, 0xF8, 0x0F, 0xC0, 0xDE, 0x0E, 0xF0, 0xE7, 0x8E, 0x3C, 0x61, 0xE7, 0x0F, 0x70, 0x7F, 0x03,
    0xF0, 0x1F, 0x00, 0xF8, 0x06, 0x18, 0x60, 0x39, 0xC0, 0x3F, 0x00, 0x18, 0x0E, 0x00, 0xCC, 0x03,
    0x9C, 0x06, 0x18, 0x1C, 0x38, 0x30, 0x30, 0xE0, 0x71, 0x80, 0x67, 0x00, 0xEC, 0x00, 0xF0, 0x01,
    0xE0, 0x01, 0x80, 0x07, 0x00, 0x7C, 0x00, 0xF0, 0x00, 0x80, 0x00, 0xC0, 0x1E, 0x00, 0xF0, 0x07,
    0x80, 0x3C, 0x01, 0xE0, 0x0F, 0x00, 0x78, 0x03, 0xC0, 0x1E, 0x00, 0xF0, 0x07, 0x80, 0x3C, 0x01,
    0xFF, 0xFF, 0xFF, 0xE0, 0xE0, 0x07, 0x00, 0x38, 0x00, 0x80, 0x01, 0x80, 0x03, 0xC0, 0x03, 0xC0,
    0x06, 0xC0, 0x06, 0x60, 0x0E, 0x60, 0x0C, 0x70, 0x1C, 0x30, 0x18, 0x38, 0x3F, 0xF8, 0x3F, 0xFC,
    0x30, 0x0C, 0x60, 0x0E, 0x60, 0x06, 0xE0, 0x06, 0xFF, 0xF7, 0xFF, 0xB0, 0x01, 0x80, 0x0C, 0x00,
    0x60, 0x03, 0xFF, 0x1F, 0xFC, 0xC0, 0x76, 0x01, 0xB0, 0x0F, 0x80, 0x6C, 0x03, 0x7F, 0xFB, 0xFF,
    0x00, 0xFF, 0xC7, 0xFF, 0x30, 0x1D, 0x80, 0x6C, 0x03, 0x60, 0x3B, 0x07, 0x9F, 0xFC, 0xFF, 0xF6,
    0x01, 0xB0, 0x0F, 0x80, 0x7C, 0x03, 0x7F, 0xFB, 0xFF, 0x80, 0xFF, 0xFF, 0xFC, 0x03, 0x00, 0xC0,
    0x30, 0x0C, 0x03, 0x00, 0xC0, 0x30, 0x0C, 0x03, 0x00, 0xC0, 0x30, 0x0C, 0x00, 0x0F, 0xFC, 0x1F,
    0xFC, 0x1C, 0x0C, 0x1C, 0x0C, 0x18, 0x0C, 0x18, 0x0C, 0x18, 0x0C, 0x18, 0x0C, 0x18, 0x0C, 0x18,
    0x0C, 0x18, 0x0C, 0x18, 0x0C, 0x30, 0x0C, 0xFF, 0xFF, 0xFF, 0xFF, 0xC0, 0x03, 0xC0, 0x03, 0xC0,
    0x03, 0xC0, 0x03, 0xFF, 0xFF, 0xFF, 0x00, 0x60, 0x0C, 0x01, 0x80, 0x3F, 0xE7, 0xFE, 0xFF, 0xD8,
    0x03, 0x00, 0x60, 0x0C, 0x01, 0xFF, 0xFF, 0xF8, 0x60, 0x30, 0x33, 0x83, 0x83, 0x8C, 0x1C, 0x18,
    0x30, 0xE1, 0xC1, 0xC7, 0x0C, 0x06, 0x38, 0xC0, 0x19, 0xCE, 0x00, 0xFF, 0xE0, 0x0F, 0xFF, 0x80,
    0x63, 0x8C, 0x07, 0x1C, 0x70, 0x70, 0xE1, 0xC3, 0x07, 0x06, 0x38, 0x38, 0x3B, 0x81, 0xC0, 0xE0,
    0x3F, 0x87, 0xFE, 0x60, 0xE0, 0x07, 0x00, 0x70, 0x06, 0x1F, 0xE1, 0xFC, 0x00, 0xE0, 0x07, 0x00,
    0x30, 0x03, 0xC0, 0x7F, 0xFE, 0x7F, 0xC0, 0x00, 0xC0, 0x1E, 0x01, 0xF0, 0x1F, 0x80, 0xFC, 0x0D,
    0xE0, 0xEF, 0x0E, 0x78, 0xE3, 0xC6, 0x1E, 0x70, 0xF7, 0x07, 0xF0, 0x3F, 0x01, 0xF0, 0x0F, 0x80,
    0x60, 0x18, 0x40, 0xC6, 0x03, 0xF0, 0x06, 0x0C, 0x01, 0xE0, 0x1F, 0x01, 0xF8, 0x0F, 0xC0, 0xDE,
    0x0E, 0xF0, 0xE7, 0x8E, 0x3C, 0x61, 0xE7, 0x0F, 0x70, 0x7F, 0x03, 0xF0, 0x1F, 0x00, 0xF8, 0x06,
    0xC0, 0x36, 0x03, 0xB0, 0x39, 0x83, 0x8C, 0x18, 0x61, 0x83, 0x1C, 0x1F, 0xC0, 0xFF, 0x06, 0x1C,
    0x30, 0x61, 0x83, 0x8C, 0x0E, 0x60, 0x3B, 0x00, 0xC0, 0x0F, 0xFC, 0x3F, 0xF0, 0xC0, 0xC3, 0x03,
    0x0C, 0x0C, 0x70, 0x31, 0xC0, 0xC7, 0x03, 0x18, 0x0C, 0x60, 0x31, 0x80, 0xC6, 0x03, 0x38, 0x0F,
    0xC0, 0x3F, 0x00, 0xC0, 0x00, 0xC0, 0x03, 0xE0, 0x07, 0xE0, 0x07, 0xF0, 0x0F, 0xF8, 0x0F, 0xD8,
    0x1B, 0xDC, 0x3B, 0xCC, 0x33, 0xC6, 0x73, 0xC7, 0x63, 0xC3, 0xC3, 0xC3, 0xC3, 0xC1, 0x83, 0xC0,
    0x03, 0xC0, 0x03, 0xC0, 0x1E, 0x00, 0xF0, 0x07, 0x80, 0x3C, 0x01, 0xE0, 0x0F, 0xFF, 0xFF, 0xFF,
    0xFF, 0xFE, 0x00, 0xF0, 0x07, 0x80, 0x3C, 0x01, 0xE0, 0x0F, 0x00, 0x60, 0x0F, 0xE0, 0x1F, 0xF8,
    0x38, 0x1C, 0x70, 0x0E, 0xE0, 0x06, 0xC0, 0x07, 0xC0, 0x03, 0xC0, 0x03, 0xC0, 0x03, 0xC0, 0x07,
    0xE0, 0x06, 0x70, 0x0E, 0x78, 0x1C, 0x3F, 0xF8, 0x0F, 0xF0, 0x00, 0x00, 0xFF, 0xFF, 0xFF, 0xF0,
    0x07, 0x80, 0x3C, 0x01, 0xE0, 0x0F, 0x00, 0x78, 0x03, 0xC0, 0x1E, 0x00, 0xF0, 0x07, 0x80, 0x3C,
    0x01, 0xE0, 0x0F, 0x00, 0x60, 0xFF, 0x8F, 0xFE, 0xC0, 0xFC, 0x03, 0xC0, 0x3C, 0x03, 0xC0, 0x3C,
    0x07, 0xC1, 0xEF, 0xFC, 0xFF, 0x0C, 0x00, 0xC0, 0x0C, 0x00, 0xC0, 0x00, 0x0F, 0xE0, 0x7F, 0xE3,
    0x81, 0x9C, 0x00, 0xE0, 0x03, 0x80, 0x0C, 0x00, 0x30, 0x00, 0xC0, 0x03, 0x00, 0x0E, 0x00, 0x1C,
    0x00, 0x78, 0x18, 0xFF, 0xE0, 0xFF, 0x00, 0x00, 0xFF, 0xF7, 0xFF, 0x81, 0x80, 0x0C, 0x00, 0x60,
    0x03, 0x00, 0x18, 0x00, 0xC0, 0x06, 0x00, 0x30, 0x01, 0x80, 0x0C, 0x00, 0x60, 0x03, 0x00, 0x18,
    0x00, 0xE0, 0x0C, 0xC0, 0x39, 0xC0, 0x61, 0x81, 0xC3, 0x83, 0x03, 0x0E, 0x07, 0x18, 0x06, 0x70,
    0x0E, 0xC0, 0x0F, 0x00, 0x1E, 0x00, 0x18, 0x00, 0x70, 0x07, 0xC0, 0x0F, 0x00, 0x08, 0x00, 0x00,
    0x80, 0x00, 0x30, 0x00, 0xFF, 0x80, 0xFF, 0xF8, 0x78, 0xCF, 0x38, 0x30, 0xEC, 0x0C, 0x1B, 0x03,
    0x06, 0xC0, 0xC1, 0xF0, 0x30, 0x7C, 0x0C, 0x1B, 0x83, 0x0E, 0x70, 0xC7, 0x0F, 0xFF, 0x80, 0xFF,
    0xC0, 0x03, 0x00, 0x00, 0xC0, 0x00, 0x60, 0x39, 0xC0, 0xC3, 0x87, 0x06, 0x38, 0x1C, 0xC0, 0x3F,
    0x00, 0x78, 0x01, 0xC0, 0x07, 0x80, 0x3F, 0x01, 0xCC, 0x06, 0x38, 0x30, 0x71, 0xC0, 0xEE, 0x01,
    0x80, 0xC0, 0x19, 0x80, 0x33, 0x00, 0x66, 0x00, 0xCC, 0x01, 0x98, 0x03, 0x30, 0x06, 0x60, 0x0C,
    0xC0, 0x19, 0x80, 0x33, 0x00, 0x66, 0x00, 0xCC, 0x01, 0x9F, 0xFF, 0xFF, 0xFF, 0x80, 0x03, 0x00,
    0x06, 0x00, 0x0C, 0x00, 0x18, 0x60, 0x1B, 0x00, 0xD8, 0x06, 0xC0, 0x36, 0x01, 0xB0, 0x0D, 0x80,
    0x6E, 0x07, 0x3F, 0xF8, 0xFE, 0xC0, 0x06, 0x00, 0x30, 0x01, 0x80, 0x0C, 0x00, 0x60, 0xC0, 0xE0,
    0x78, 0x1C, 0x0F, 0x03, 0x81, 0xE0, 0x70, 0x3C, 0x0E, 0x07, 0x81, 0xC0, 0xF0, 0x38, 0x1E, 0x07,
    0x03, 0xC0, 0xE0, 0x78, 0x1C, 0x0F, 0x03, 0x81, 0xE0, 0x70, 0x3C, 0x0E, 0x07, 0xFF, 0xFF, 0xFF,
    0xFF, 0xF8, 0xC0, 0xE0, 0x66, 0x07, 0x03, 0x30, 0x38, 0x19, 0x81, 0xC0, 0xCC, 0x0E, 0x06, 0x60,
    0x70, 0x33, 0x03, 0x81, 0x98, 0x1C, 0x0C, 0xC0, 0xE0, 0x66, 0x07, 0x03, 0x30, 0x38, 0x19, 0x81,
    0xC0, 0xCC, 0x0E, 0x06, 0x7F, 0xFF, 0xFF, 0xFF, 0xFF, 0xE0, 0x00, 0x03, 0x00, 0x00, 0x18, 0x00,
    0x00, 0xC0, 0x00, 0x06, 0xFE, 0x00, 0x7F, 0x00, 0x03, 0x80, 0x01, 0xC0, 0x00, 0xE0, 0x00, 0x7F,
    0xC0, 0x3F, 0xF8, 0x1C, 0x0E, 0x0E, 0x03, 0x07, 0x01, 0xC3, 0x80, 0xE1, 0xC0, 0x70, 0xE0, 0x30,
    0x7F, 0xF8, 0x3F, 0xF0, 0xC0, 0x03, 0x60, 0x01, 0xB0, 0x00, 0xD8, 0x00, 0x6C, 0x00, 0x37, 0xFC,
    0x1B, 0xFF, 0x8D, 0x81, 0xE6, 0xC0, 0x33, 0x60, 0x19, 0xB0, 0x0C, 0xD8, 0x06, 0x6C, 0x07, 0x37,
    0xFF, 0x1B, 0xFF, 0x0C, 0xC0, 0x0C, 0x00, 0xC0, 0x0C, 0x00, 0xC0, 0x0F, 0xF8, 0xFF, 0xEC, 0x0F,
    0xC0, 0x3C, 0x03, 0xC0, 0x3C, 0x03, 0xC0, 0x7F, 0xFE, 0xFF, 0xC0, 0x1F, 0xC1, 0xFF, 0x86, 0x07,
    0x00, 0x0E, 0x00, 0x18, 0x00, 0x70, 0x7F, 0xC3, 0xFF, 0x07, 0xFC, 0x00, 0x70, 0x01, 0x80, 0x0E,
    0x60, 0x71, 0xFF, 0x83, 0xFC, 0x00, 0x00, 0xC0, 0x7F, 0x0C, 0x1F, 0xF8, 0xC3, 0xC1, 0xCC, 0x38,
    0x0E, 0xC7, 0x00, 0x6C, 0x60, 0x07, 0xFE, 0x00, 0x3F, 0xE0, 0x03, 0xFE, 0x00, 0x3C, 0x60, 0x03,
    0xC7, 0x00, 0x7C, 0x30, 0x0E, 0xC3, 0x81, 0xCC, 0x1F, 0xFC, 0xC0, 0xFF, 0x00, 0x00, 0x00, 0x1F,
    0xF3, 0xFF, 0x70, 0x3E, 0x03, 0xC0, 0x3C, 0x03, 0xC0, 0x3E, 0x03, 0x70, 0x33, 0xFF, 0x1F, 0xF3,
    0x83, 0x30, 0x37, 0x03, 0xE0, 0x30, 0x00, 0x1F, 0xCF, 0xF9, 0x07, 0x01, 0xC7, 0xF7, 0xFF, 0x83,
    0xC1, 0xF0, 0x7F, 0x7D, 0xFB, 0x00, 0x00, 0x01, 0xE0, 0xFE, 0x1F, 0x03, 0x80, 0x60, 0x06, 0x70,
    0xDF, 0xCF, 0x8E, 0xE0, 0x7E, 0x03, 0xE0, 0x3E, 0x03, 0x60, 0x37, 0x06, 0x3F, 0xE1, 0xFC, 0x00,
    0x00, 0x00, 0x3F, 0xCF, 0xFB, 0x06, 0xC1, 0xBF, 0xEF, 0xFB, 0x0E, 0xC0, 0xF0, 0x7F, 0xFB, 0xFE,
    0x00, 0xFF, 0xFF, 0xC0, 0xC0, 0xC0, 0xC0, 0xC0, 0xC0, 0xC0, 0xC0, 0xC0, 0x00, 0x00, 0xFF, 0x87,
    0xFC, 0x30, 0xE1, 0x87, 0x1C, 0x38, 0xE1, 0xC6, 0x0E, 0x30, 0x71, 0x83, 0xBF, 0xFF, 0xFF, 0xFC,
    0x01, 0xE0, 0x0F, 0x00, 0x60, 0x00, 0x07, 0xF1, 0xFF, 0x70, 0x6C, 0x07, 0xFF, 0xFF, 0xFE, 0x00,
    0xC0, 0x1C, 0x09, 0xFF, 0x1F, 0xC0, 0x00, 0x00, 0x00, 0x30, 0x61, 0xDC, 0x30, 0xC6, 0x18, 0xC1,
    0x8C, 0xE0, 0xFF, 0xE0, 0x3F, 0xF0, 0x3B, 0xB8, 0x38, 0xCE, 0x18, 0x63, 0x9C, 0x30, 0xDC, 0x18,
    0x70, 0x0C, 0x1F, 0xE7, 0xFC, 0x03, 0x00, 0xC7, 0xE1, 0xF8, 0x07, 0x00, 0xC0, 0x3F, 0xFD, 0xFE,
    0x00, 0x00, 0x00, 0x18, 0x1F, 0x07, 0xE1, 0xFC, 0x3F, 0x8D, 0xF3, 0xBE, 0xE7, 0xF8, 0xFE, 0x1F,
    0x83, 0xE0, 0x70, 0x21, 0x06, 0x30, 0xFC, 0x07, 0x00, 0x01, 0x81, 0xF0, 0x7E, 0x1F, 0xC3, 0xF8,
    0xDF, 0x3B, 0xEE, 0x7F, 0x8F, 0xE1, 0xF8, 0x3E, 0x07, 0x00, 0x30, 0x7C, 0x3B, 0x0C, 0xC6, 0x3F,
    0x0F, 0xC3, 0x38, 0xC7, 0x30, 0xCC, 0x3B, 0x07, 0x00, 0x01, 0xFF, 0x1F, 0xF1, 0x87, 0x18, 0x73,
    0x87, 0x30, 0x73, 0x07, 0x30, 0x73, 0x07, 0xF0, 0x7E, 0x07, 0x00, 0x00, 0x00, 0x06, 0x01, 0xF8,
    0x0F, 0xE0, 0xFF, 0x07, 0xFC, 0x6F, 0x67, 0x79, 0xB3, 0xCF, 0x1E, 0x38, 0xF1, 0x87, 0x80, 0x30,
    0x00, 0x18, 0x1B, 0x03, 0x60, 0x6C, 0x0D, 0xFF, 0xBF, 0xF7, 0xFE, 0xC0, 0xD8, 0x1B, 0x03, 0x60,
    0x60, 0x00, 0x03, 0xF8, 0x7F, 0xCE, 0x0E, 0xC0, 0x6C, 0x07, 0xC0, 0x7C, 0x07, 0xC0, 0x6E, 0x0E,
    0x7F, 0xC3, 0xF8, 0x00, 0x00, 0x00, 0x1F, 0xFB, 0xFF, 0x60, 0x6C, 0x0D, 0x81, 0xB0, 0x36, 0x06,
    0xC0, 0xD8, 0x1B, 0x03, 0x60, 0x60, 0x00, 0x0D, 0xF8, 0xFF, 0xCE, 0x0E, 0xC0, 0x6C, 0x07, 0xC0,
    0x7C, 0x07, 0xC0, 0x6E, 0x0E, 0xFF, 0xCD, 0xF8, 0xC0, 0x0C, 0x00, 0xC0, 0x0C, 0x00, 0x00, 0x00,
    0x00, 0x07, 0xF1, 0xFF, 0x70, 0x6C, 0x01, 0x80, 0x30, 0x06, 0x00, 0xC0, 0x1C, 0x19, 0xFF, 0x1F,
    0xC0, 0x00, 0x00, 0x3F, 0xFF, 0xFC, 0x30, 0x0C, 0x03, 0x00, 0xC0, 0x30, 0x0C, 0x03, 0x00, 0xC0,
    0x30, 0x00, 0x03, 0x01, 0xDC, 0x0C, 0x60, 0x63, 0x86, 0x0C, 0x30, 0x73, 0x01, 0x98, 0x0D, 0xC0,
    0x3C, 0x01, 0xE0, 0x0E, 0x00, 0x70, 0x03, 0x01, 0xF8, 0x0F, 0x80, 0x10, 0x00, 0x03, 0x00, 0x06,
    0x00, 0x0C, 0x00, 0x18, 0x00, 0x30, 0x07, 0xFE, 0x1F, 0xFE, 0x71, 0x8E, 0xC3, 0x0F, 0x86, 0x0F,
    0x0C, 0x1E, 0x18, 0x7C, 0x30, 0xDC, 0x63, 0x9F, 0xFE, 0x0F, 0xF8, 0x03, 0x00, 0x06, 0x00, 0x0C,
    0x00, 0x18, 0x00, 0x00, 0x00, 0x00, 0x1C, 0x1D, 0xC7, 0x1D, 0xC1, 0xB0, 0x1C, 0x03, 0x80, 0xF8,
    0x1B, 0x06, 0x31, 0xC7, 0x70, 0x70, 0x00, 0x0C, 0x0C, 0xC0, 0xCC, 0x0C, 0xC0, 0xCC, 0x0C, 0xC0,
    0xCC, 0x0C, 0xC0, 0xCC, 0x0C, 0xFF, 0xFF, 0xFF, 0x00, 0x30, 0x03, 0x00, 0x30, 0x00, 0x0C, 0x0D,
    0x81, 0xB0, 0x36, 0x06, 0xC0, 0xDC, 0x79, 0xFF, 0x0C, 0x60, 0x0C, 0x01, 0x80, 0x30, 0x00, 0x00,
    0xC1, 0x87, 0xC1, 0x87, 0xC1, 0x87, 0xC1, 0x87, 0xC1, 0x87, 0xC1, 0x87, 0xC1, 0x87, 0xC1, 0x87,
    0xC1, 0x87, 0xFF, 0xFF, 0xFF, 0xFF, 0x00, 0x00, 0x30, 0x61, 0xCC, 0x18, 0x73, 0x06, 0x1C, 0xC1,
    0x87, 0x30, 0x61, 0xCC, 0x18, 0x73, 0x06, 0x1C, 0xC1, 0x87, 0x30, 0x61, 0xCF, 0xFF, 0xFB, 0xFF,
    0xFE, 0x00, 0x01, 0x80, 0x00, 0x60, 0x00, 0x18, 0x00, 0x07, 0xC0, 0x3E, 0x00, 0x30, 0x01, 0xF8,
    0x0F, 0xF8, 0x61, 0xC3, 0x07, 0x18, 0x38, 0xC1, 0xC7, 0xFC, 0x3F, 0xC0, 0x00, 0x06, 0x01, 0xF0,
    0x0F, 0x80, 0x7F, 0x83, 0xFF, 0x9F, 0x0E, 0xF8, 0x37, 0xC1, 0xBE, 0x0D, 0xFD, 0xEF, 0xFE, 0x70,
    0x00, 0x00, 0x00, 0x30, 0x0C, 0x03, 0x00, 0xF8, 0x3F, 0xCC, 0x3B, 0x06, 0xC1, 0xB0, 0x6F, 0x7B,
    0xFC, 0x00, 0x00, 0x00, 0x0F, 0xF3, 0xEF, 0x20, 0x70, 0x06, 0x1F, 0xC7, 0xF8, 0x03, 0x00, 0x68,
    0x1F, 0xFF, 0x3F, 0xC0, 0x00, 0x00, 0x00, 0xC3, 0xF8, 0xC7, 0xFC, 0xCE, 0x0E, 0xCC, 0x06, 0xFC,
    0x06, 0xFC, 0x06, 0xCC, 0x06, 0xCC, 0x06, 0xCE, 0x0E, 0xC7, 0xFC, 0xC3, 0xF8, 0x00, 0x00, 0x00,
    0x0F, 0xF7, 0xFF, 0x83, 0xC0, 0xF0, 0x3E, 0x0D, 0xFF, 0x3F, 0xCC, 0x36, 0x0F, 0x83, 0x30, 0x07,
    0x00, 0x30, 0x03, 0x00, 0x00, 0x7F, 0x1F, 0xF7, 0x06, 0xC0, 0x7F, 0xFF, 0xFF, 0xE0, 0x0C, 0x01,
    0xC0, 0x9F, 0xF1, 0xFC, 0x00, 0x00, 0x00, 0x07, 0x60, 0x6C, 0x00, 0x00, 0x00, 0x7F, 0x1F, 0xF7,
    0x06, 0xC0, 0x7F, 0xFF, 0xFF, 0xE0, 0x0C, 0x01, 0xC0, 0x9F, 0xF1, 0xFC, 0x00, 0x00, 0x18, 0x00,
    0x60, 0x07, 0xFC, 0x1F, 0xF0, 0x18, 0x00, 0x7F, 0xC1, 0xFF, 0x87, 0x06, 0x18, 0x1C, 0x60, 0x71,
    0x81, 0xC6, 0x07, 0x18, 0x1C, 0x60, 0x71, 0x81, 0xC6, 0x07, 0x00, 0x1C, 0x00, 0x70, 0x0F, 0x80,
    0x3E, 0x00, 0x60, 0x07, 0x0E, 0x1C, 0x10, 0x00, 0xFF, 0xFF, 0xC0, 0xC0, 0xC0, 0xC0, 0xC0, 0xC0,
    0xC0, 0xC0, 0xC0, 0x06, 0x07, 0xF9, 0xEF, 0xF0, 0x2C, 0x01, 0x80, 0x3F, 0xC7, 0xF0, 0xC0, 0x1C,
    0x09, 0xFF, 0x9F, 0xE0, 0x00, 0x00, 0x07, 0xF9, 0xFF, 0x30, 0x06, 0x00, 0xF8, 0x0F, 0xE0, 0x3E,
    0x00, 0xC8, 0x19, 0xFF, 0x3F, 0xC0, 0x00, 0x7D, 0x80, 0xDB, 0x6D, 0xB6, 0xDB, 0x03, 0xED, 0x80,
    0x00, 0xC3, 0x0C, 0x30, 0xC3, 0x0C, 0x30, 0xC3, 0x0C, 0x0C, 0x70, 0xC0, 0x00, 0x30, 0xC3, 0x0C,
    0x30, 0xC3, 0x0C, 0x30, 0xC3, 0x0C, 0x3F, 0xFE, 0x20, 0x00, 0x00, 0x03, 0xFE, 0x00, 0x7F, 0xC0,
    0x0C, 0x38, 0x01, 0x87, 0xE0, 0x70, 0xFF, 0x8C, 0x1C, 0x79, 0x83, 0x83, 0x30, 0x70, 0x66, 0x0E,
    0x1F, 0xC1, 0xEF, 0x70, 0x3F, 0xE0, 0x00, 0x00, 0x00, 0x00, 0x30, 0x30, 0x0C, 0x0C, 0x03, 0x03,
    0x00, 0xC0, 0xC0, 0x3F, 0xFF, 0xCF, 0xFF, 0xFB, 0x03, 0x06, 0xC0, 0xC1, 0xF0, 0x30, 0x6C, 0x0F,
    0xFB, 0x03, 0xFC, 0x18, 0x00, 0x60, 0x0F, 0xFC, 0x3F, 0xF0, 0x18, 0x00, 0x7F, 0xC1, 0xFF, 0x87,
    0x06, 0x18, 0x1C, 0x60, 0x71, 0x81, 0xC6, 0x07, 0x18, 0x1C, 0x60, 0x71, 0x81, 0xC6, 0x07, 0x07,
    0x03, 0x81, 0xC0, 0x60, 0x00, 0x30, 0x7C, 0x3B, 0x0C, 0xC6, 0x3F, 0x0F, 0xC3, 0x38, 0xC7, 0x30,
    0xCC, 0x3B, 0x07, 0x30, 0x07, 0x00, 0x70, 0x02, 0x00, 0x01, 0x81, 0xF0, 0x7E, 0x1F, 0xC3, 0xF8,
    0xDF, 0x3B, 0xEE, 0x7F, 0x8F, 0xE1, 0xF8, 0x3E, 0x07, 0x18, 0xC0, 0xC6, 0x03, 0xE0, 0x0E, 0x00,
    0x00, 0x30, 0x1D, 0xC0, 0xC6, 0x06, 0x38, 0x60, 0xC3, 0x07, 0x30, 0x19, 0x80, 0xDC, 0x03, 0xC0,
    0x1E, 0x00, 0xE0, 0x07, 0x00, 0x30, 0x1F, 0x80, 0xF8, 0x01, 0x00, 0x00, 0x00, 0x30, 0x7C, 0x1F,
    0x07, 0xC1, 0xF0, 0x7C, 0x1F, 0x07, 0xC1, 0xF0, 0x7F, 0xFF, 0xFF, 0x0C, 0x03, 0x00, 0xC0, 0x0C,
    0x00, 0x0C, 0x00, 0x0C, 0x00, 0xFF, 0xE0, 0x7F, 0xC0, 0x0C, 0x00, 0x0F, 0xF8, 0x0F, 0xFE, 0x0C,
    0x0F, 0x0C, 0x03, 0x0C, 0x03, 0x0C, 0x03, 0x0C, 0x03, 0x0C, 0x07, 0x0F, 0xFE, 0x0F, 0xFC, 0x18,
    0x03, 0x80, 0x38, 0x03, 0x80, 0xFF, 0x8F, 0xF8, 0x38, 0x03, 0x80, 0x3F, 0x03, 0xFE, 0x38, 0xF3,
    0x83, 0x38, 0x33, 0x83, 0x3D, 0xF3, 0xFE, 0x00, 0x00, 0x3F, 0xFF, 0x87, 0xFF, 0xF0, 0x60, 0x1C,
    0x06, 0x07, 0x00, 0x61, 0xC0, 0x06, 0x70, 0x00, 0xEC, 0x00, 0x3F, 0xE0, 0x0F, 0xFE, 0x03, 0x98,
    0xE0, 0xE3, 0x0C, 0x18, 0x60, 0xC7, 0x0C, 0x18, 0xC1, 0x83, 0xB8, 0x30, 0x30, 0x00, 0x01, 0xFF,
    0xE3, 0x03, 0x86, 0x1C, 0x0C, 0xE0, 0x1F, 0x01, 0xFE, 0x0F, 0xFC, 0x33, 0x39, 0x8C, 0x66, 0x31,
    0xF8, 0xC3, 0x0F, 0xE0, 0x1F, 0xF8, 0x38, 0x1C, 0x70, 0x0E, 0xE0, 0x06, 0xC0, 0x07, 0xFF, 0xFF,
    0xFF, 0xFF, 0xFF, 0xFF, 0xC0, 0x07, 0xE0, 0x07, 0x70, 0x0E, 0x78, 0x1C, 0x3F, 0xF8, 0x0F, 0xF0,
    0x00, 0x00, 0x00, 0x03, 0xF8, 0x7F, 0xCE, 0x0E, 0xC0, 0x6F, 0xFF, 0xFF, 0xFC, 0x07, 0xC0, 0x6E,
    0x0E, 0x7F, 0xC3, 0xF8, 0x00, 0x00, 0x00, 0x00, 0xE0, 0x0F, 0x60, 0x1F, 0x60, 0x18, 0x70, 0x38,
    0x30, 0x30, 0x38, 0x70, 0x18, 0x60, 0x18, 0x60, 0x1C, 0xE0, 0x0C, 0xC0, 0x0E, 0xC0, 0x07, 0xC0,
    0x07, 0x80, 0x07, 0x80, 0x03, 0x80, 0x00, 0x06, 0x03, 0xB8, 0x3C, 0xC1, 0x87, 0x0C, 0x18, 0xC0,
    0xE6, 0x03, 0x70, 0x1B, 0x00, 0x78, 0x03, 0x80, 0x1C, 0x00, 0x18, 0x40, 0x31, 0x80, 0x3F, 0x00,
    0x18, 0x0C, 0x01, 0x98, 0x07, 0x30, 0x1E, 0x60, 0x3C, 0xC0, 0xD9, 0x83, 0xB3, 0x0E, 0x66, 0x38,
    0xCC, 0x61, 0x99, 0xC3, 0x37, 0x06, 0x7C, 0x0C, 0xF0, 0x19, 0xC0, 0x3F, 0x80, 0x78, 0x00, 0x30,
    0x00, 0xC0, 0x01, 0x80, 0x03, 0x00, 0x21, 0x01, 0x8C, 0x0F, 0xC0, 0x18, 0x00, 0x00, 0x60, 0x73,
    0x07, 0x98, 0x7C, 0xC3, 0xE6, 0x37, 0x33, 0xB9, 0xB9, 0xCF, 0x8E, 0x78, 0x73, 0x83, 0xD8, 0x1E,
    0x00, 0x30, 0x01, 0x80, 0x08, 0x18, 0x00, 0x30, 0x00, 0x60, 0x07, 0xFE, 0x07, 0xF8, 0x03, 0x00,
    0x07, 0xF8, 0x0F, 0xFC, 0x18, 0x1C, 0x30, 0x1C, 0x60, 0x18, 0xC0, 0x31, 0x80, 0xE3, 0x01, 0x87,
    0xFF, 0x0F, 0xFC, 0x00, 0x03, 0x80, 0xFF, 0x8F, 0xF8, 0x38, 0x03, 0xFE, 0x3F, 0xF3, 0x83, 0x38,
    0x33, 0x83, 0x3D, 0xF3, 0xFE, 0x00, 0x00, 0xFF, 0x8F, 0xFE, 0xC0, 0xFC, 0x03, 0xC0, 0x3C, 0x63,
    0xC7, 0x3C, 0x37, 0xC1, 0xEF, 0xFC, 0xFF, 0xEC, 0x07, 0xC0, 0x3C, 0x00, 0xC0, 0x00, 0x00, 0x0D,
    0xF8, 0xFF, 0xCE, 0x0E, 0xC0, 0x6C, 0x07, 0xC0, 0x3C, 0x07, 0xC3, 0x6E, 0x1E, 0xFF, 0xCD, 0xFE,
    0xC0, 0x6C, 0x00, 0xC0, 0x0C, 0x00, 0x00, 0x00, 0x00, 0xC0, 0x30, 0x0F, 0xFF, 0xFF, 0xF0, 0x0C,
    0x03, 0x00, 0xC0, 0x30, 0x0C, 0x03, 0x00, 0xC0, 0x30, 0x0C, 0x03, 0x00, 0xC0, 0x30, 0x00, 0x02,
    0x03, 0x03, 0xFF, 0xFE, 0xC0, 0xC0, 0xC0, 0xC0, 0xC0, 0xC0, 0xC0, 0xC0, 0xC0, 0x1F, 0xF8, 0xFF,
    0xC6, 0x00, 0x30, 0x01, 0x80, 0x0C, 0x00, 0x60, 0x0F, 0xFC, 0xFF, 0xE0, 0xC0, 0x06, 0x00, 0x30,
    0x01, 0x80, 0x0C, 0x00, 0x60, 0x00, 0x00, 0x07, 0xFC, 0xFF, 0x18, 0x03, 0x00, 0x60, 0x1F, 0xE3,
    0xFC, 0x30, 0x06, 0x00, 0xC0, 0x18, 0x00, 0xFF, 0xEF, 0xFE, 0xC0, 0x0C, 0x00, 0xC0, 0x0C, 0x00,
    0xCF, 0x0F, 0xFC, 0xF1, 0xEC, 0x06, 0xC0, 0x7C, 0x03, 0xC0, 0x3C, 0x03, 0xC0, 0x70, 0x0E, 0x07,
    0xC0, 0xF8, 0x00, 0x00, 0x00, 0x3F, 0xCF, 0xF3, 0x00, 0xC0, 0x30, 0x0F, 0xF3, 0xFE, 0xC1, 0xF0,
    0x3C, 0x0F, 0x03, 0x00, 0xC0, 0x71, 0xF8, 0x7C, 0x08, 0x00, 0x60, 0x30, 0x31, 0xC1, 0xC1, 0xC3,
    0x07, 0x06, 0x06, 0x1C, 0x38, 0x1C, 0x70, 0xC0, 0x31, 0xC6, 0x00, 0x67, 0x38, 0x01, 0xFF, 0xC0,
    0x0F, 0xFF, 0x80, 0x31, 0xC6, 0x01, 0xC7, 0x1C, 0x0E, 0x1C, 0x38, 0x30, 0x70, 0x61, 0xC1, 0xC1,
    0xFE, 0x07, 0x03, 0xC0, 0x00, 0x03, 0x00, 0x00, 0x0C, 0x00, 0x00, 0x30, 0x00, 0x00, 0xC0, 0x00,
    0x00, 0x18, 0x30, 0xE7, 0x0C, 0x30, 0xC3, 0x18, 0x18, 0xCE, 0x07, 0xFF, 0x00, 0xFF, 0xC0, 0x77,
    0x70, 0x38, 0xCE, 0x0C, 0x31, 0xC7, 0x0C, 0x3F, 0x83, 0x0F, 0x00, 0x00, 0xC0, 0x00, 0x30, 0x00,
    0x0C, 0x3F, 0x87, 0xFE, 0x60, 0xE0, 0x07, 0x00, 0x70, 0x06, 0x1F, 0xE1, 0xFC, 0x00, 0xE0, 0x07,
    0x00, 0x30, 0x03, 0xC0, 0x7F, 0xFE, 0x7F, 0xC0, 0xE0, 0x0E, 0x00, 0xE0, 0x04, 0x00, 0x0C, 0x1F,
    0xE7, 0xFC, 0x03, 0x00, 0xC7, 0xE1, 0xF8, 0x07, 0x00, 0xC0, 0x3F, 0xFD, 0xFE, 0x0C, 0x03, 0x00,
    0xC0, 0xC0, 0x33, 0x01, 0xCC, 0x0E, 0x30, 0x70, 0xC1, 0x83, 0x0C, 0x0C, 0x70, 0x3F, 0x80, 0xFF,
    0x03, 0x0E, 0x0C, 0x18, 0x30, 0x70, 0xC0, 0xE3, 0x01, 0xFC, 0x03, 0xC0, 0x03, 0x00, 0x0C, 0x00,
    0x30, 0x00, 0xC0, 0x00, 0x18, 0x3B, 0x0E, 0x61, 0x8C, 0x61, 0xF8, 0x3F, 0x06, 0x70, 0xC7, 0x18,
    0x63, 0x0F, 0xE0, 0xF0, 0x06, 0x00, 0xC0, 0x18, 0xC0, 0x36, 0x03, 0xB0, 0x19, 0x91, 0xCD, 0x9C,
    0x6C, 0xC3, 0x6E, 0x1F, 0xE0, 0xFF, 0x86, 0xCC, 0x36, 0x71, 0x91, 0xCC, 0x06, 0x60, 0x3B, 0x00,
    0xE0, 0x00, 0x18, 0x3B, 0x06, 0x69, 0xCD, 0x71, 0xFC, 0x3F, 0x87, 0xB0, 0xD7, 0x1A, 0x73, 0x07,
    0x60, 0x60, 0x18, 0x0E, 0x30, 0x3B, 0xFE, 0x63, 0xF9, 0x81, 0x87, 0x03, 0x1C, 0x06, 0x70, 0x0F,
    0xE0, 0x1F, 0xC0, 0x31, 0xC0, 0x61, 0xC0, 0xC1, 0xC1, 0x81, 0x83, 0x03, 0x86, 0x03, 0x80, 0x30,
    0x03, 0x00, 0xFE, 0x0F, 0xE0, 0x30, 0x03, 0x07, 0x30, 0xE3, 0x0C, 0x31, 0x83, 0xF0, 0x3F, 0x03,
    0x38, 0x31, 0xC3, 0x0C, 0x30, 0xE3, 0x07, 0xFE, 0x03, 0x7F, 0x03, 0x83, 0x81, 0x81, 0xC1, 0x80,
    0xE1, 0xC0, 0x71, 0xC0, 0x39, 0xC0, 0x1F, 0xC0, 0x0F, 0xF0, 0x07, 0x1C, 0x03, 0x87, 0x01, 0xC1,
    0x80, 0xE0, 0x60, 0x70, 0x38, 0x38, 0x0E, 0x00, 0x03, 0xE0, 0x6F, 0x83, 0x06, 0x18, 0x18, 0xE0,
    0x7F, 0x01, 0xF8, 0x06, 0x70, 0x18, 0xE0, 0x61, 0xC1, 0x83, 0x86, 0x06, 0xC0, 0x18, 0xC0, 0x18,
    0xC0, 0x18, 0xC0, 0x18, 0xC0, 0x18, 0xC0, 0x18, 0xFF, 0xF8, 0xFF, 0xF8, 0xFF, 0xF8, 0xC0, 0x18,
    0xC0, 0x18, 0xC0, 0x18, 0xC0, 0x18, 0xC0, 0x1E, 0xC0, 0x1F, 0x00, 0x07, 0x00, 0x07, 0x00, 0x07,
    0x00, 0x02, 0x00, 0x0C, 0x0C, 0xC0, 0xCC, 0x0C, 0xC0, 0xCF, 0xFC, 0xFF, 0xCF, 0xFC, 0xC0, 0xCC,
    0x0C, 0xC0, 0xFC, 0x0F, 0x00, 0x30, 0x03, 0x00, 0x30, 0xC0, 0x1F, 0xFE, 0x00, 0xFF, 0xF0, 0x06,
    0x01, 0x80, 0x30, 0x0C, 0x01, 0x80, 0x60, 0x0C, 0x03, 0xFF, 0xE0, 0x1F, 0xFF, 0x00, 0xFF, 0xF8,
    0x06, 0x00, 0xC0, 0x30, 0x06, 0x01, 0x80, 0x30, 0x0C, 0x01, 0x80, 0x60, 0x0C, 0x03, 0x00, 0x60,
    0x00, 0x00, 0x00, 0x60, 0x7F, 0xF0, 0x3F, 0xD8, 0x18, 0x0C, 0x0C, 0x07, 0xFE, 0x03, 0xFF, 0x01,
    0xFF, 0x80, 0xC0, 0xC0, 0x60, 0x60, 0x30, 0x30, 0x18, 0x18, 0x00, 0xFF, 0xF8, 0x01, 0xFF, 0xF0,
    0x03, 0x00, 0x60, 0x06, 0x00, 0xC0, 0x0C, 0x01, 0x80, 0x18, 0x03, 0x00, 0x30, 0x06, 0x78, 0x60,
    0x0F, 0xFC, 0xC0, 0x1E, 0x3D, 0x80, 0x30, 0x1B, 0x00, 0x60, 0x3E, 0x00, 0xC0, 0x7C, 0x01, 0x80,
    0xF8, 0x03, 0x01, 0xF0, 0x06, 0x03, 0x00, 0x00, 0x0E, 0x00, 0x01, 0xF8, 0x00, 0x03, 0xE0, 0x00,
    0x00, 0x00, 0x00, 0x00, 0x3F, 0xF0, 0x0F, 0xFC, 0x03, 0x03, 0x00, 0xC0, 0xC0, 0x30, 0x30, 0x0C,
    0x0F, 0xF3, 0x03, 0xFE, 0xC0, 0xC1, 0xF0, 0x30, 0x3C, 0x0C, 0x0F, 0x03, 0x03, 0x00, 0x00, 0xC0,
    0x00, 0x70, 0x01, 0xF8, 0x00, 0x7C, 0x00, 0x08, 0x00, 0x18, 0x7E, 0x0E, 0x3F, 0xC7, 0x1C, 0x39,
    0x86, 0x06, 0xE3, 0x81, 0xF0, 0xC0, 0x3C, 0x30, 0x0F, 0x0C, 0x03, 0xC3, 0x01, 0xF8, 0xE0, 0x66,
    0x18, 0x19, 0xC7, 0x0C, 0x38, 0xE7, 0x07, 0xDF, 0xB0, 0xFF, 0xFC, 0x00, 0x04, 0x00, 0x40, 0x63,
    0xF1, 0xCF, 0xF7, 0x30, 0x6C, 0x60, 0xD8, 0xC1, 0xF1, 0x83, 0x63, 0x06, 0xE7, 0x1C, 0xC7, 0x71,
    0xF7, 0xD0, 0xFF, 0xF0, 0x00, 0x00, 0x0F, 0xE0, 0x7F, 0xE3, 0x81, 0x9C, 0x00, 0xE0, 0x03, 0x80,
    0x0C, 0x00, 0x30, 0x00, 0xC0, 0x03, 0x00, 0x0E, 0x00, 0x1C, 0x00, 0x78, 0x18, 0xFF, 0xE0, 0xFF,
    0x00, 0x60, 0x01, 0x80, 0x06, 0x00, 0x18, 0x00, 0x00, 0x07, 0xF1, 0xFF, 0x70, 0x6C, 0x01, 0x80,
    0x30, 0x06, 0x00, 0xC0, 0x1C, 0x19, 0xFF, 0x1F, 0xC0, 0x60, 0x0C, 0x01, 0x80, 0xFF, 0xF7, 0xFF,
    0x81, 0x80, 0x0C, 0x00, 0x60, 0x03, 0x00, 0x18, 0x00, 0xC0, 0x06, 0x00, 0x30, 0x01, 0x80, 0x0C,
    0x00, 0x60, 0x03, 0xC0, 0x1F, 0x00, 0x38, 0x01, 0xC0, 0x0E, 0x00, 0x20, 0x00, 0x3F, 0xFF, 0xFC,
    0x30, 0x0C, 0x03, 0x00, 0xC0, 0x30, 0x0C, 0x03, 0x00, 0xF0, 0x3C, 0x03, 0x00, 0xC0, 0x30, 0xC0,
    0x1D, 0x80, 0x67, 0x03, 0x8C, 0x0C, 0x38, 0x60, 0x63, 0x80, 0xCC, 0x03, 0xF0, 0x07, 0x80, 0x1C,
    0x00, 0x30, 0x00, 0xC0, 0x03, 0x00, 0x0C, 0x00, 0x30, 0x00, 0x00, 0x0C, 0x07, 0xE0, 0x66, 0x06,
    0x70, 0xC3, 0x0C, 0x39, 0x81, 0x98, 0x1B, 0x80, 0xF0, 0x0F, 0x00, 0xE0, 0x06, 0x00, 0x60, 0x06,
    0x00, 0x60, 0x00, 0x00, 0xC0, 0x1D, 0x80, 0x67, 0x03, 0x8C, 0x0C, 0x38, 0x60, 0x63, 0x80, 0xCC,
    0x03, 0xF0, 0x07, 0x80, 0xFF, 0xC3, 0xFE, 0x00, 0xC0, 0x03, 0x00, 0x0C, 0x00, 0x30, 0x00, 0x00,
    0x0C, 0x07, 0xE0, 0x66, 0x06, 0x70, 0xC3, 0x0C, 0x39, 0x81, 0x98, 0x1B, 0x80, 0xF0, 0x0F, 0x07,
    0xFE, 0x7F, 0xC0, 0x60, 0x06, 0x00, 0x60, 0x00, 0x00, 0x60, 0x38, 0xE0, 0x60, 0xE1, 0xC0, 0xC7,
    0x01, 0xCC, 0x01, 0xF8, 0x01, 0xE0, 0x03, 0x80, 0x07, 0x80, 0x1F, 0x80, 0x73, 0x00, 0xC7, 0x03,
    0x07, 0x0E, 0x07, 0xB8, 0x07, 0x80, 0x07, 0x00, 0x0E, 0x00, 0x1C, 0x00, 0x10, 0x00, 0x0E, 0x0E,
    0x71, 0xC3, 0xB8, 0x1B, 0x00, 0xE0, 0x0E, 0x01, 0xF0, 0x1B, 0x03, 0x18, 0x71, 0xFE, 0x0F, 0x00,
    0x30, 0x03, 0x00, 0x30, 0xFF, 0xF0, 0xCF, 0xFF, 0x1C, 0x06, 0x01, 0xC0, 0x60, 0x1C, 0x06, 0x01,
    0xC0, 0x60, 0x1C, 0x06, 0x01, 0xC0, 0x60, 0x1C, 0x06, 0x01, 0xC0, 0x60, 0x1C, 0x06, 0x01, 0xC0,
    0x60, 0x1C, 0x06, 0x01, 0xC0, 0x7F, 0xFF, 0x07, 0xFF, 0xF0, 0x00, 0x03, 0x00, 0x00, 0x30, 0x00,
    0x03, 0x00, 0x00, 0x30, 0x00, 0x00, 0xFF, 0xCC, 0xFF, 0x8C, 0x0C, 0x0C, 0x0C, 0x0C, 0x0C, 0x0C,
    0x0C, 0x0C, 0x0C, 0x0C, 0x0C, 0x0C, 0x0C, 0x0C, 0x0F, 0xFE, 0x0F, 0xFE, 0x00, 0x06, 0x00, 0x06,
    0x00, 0x06, 0x60, 0x18, 0xC0, 0x31, 0x80, 0x63, 0x00, 0xC6, 0x01, 0x8C, 0x03, 0x18, 0x06, 0x38,
    0x1C, 0x3F, 0xF8, 0x3F, 0xB0, 0x00, 0x60, 0x00, 0xC0, 0x01, 0x80, 0x03, 0xC0, 0x07, 0x80, 0x03,
    0x00, 0x06, 0x00, 0x0C, 0x00, 0x18, 0x00, 0x03, 0x03, 0x18, 0x18, 0xC0, 0xC6, 0x06, 0x30, 0x31,
    0xC7, 0x87, 0xFC, 0x0C, 0x60, 0x03, 0x00, 0x1C, 0x00, 0xF0, 0x03, 0x80, 0x1C, 0x00, 0x40, 0x60,
    0x1B, 0x00, 0xD8, 0x06, 0xC0, 0x36, 0x01, 0xB1, 0x8D, 0x8C, 0x6E, 0x67, 0x3F, 0xF8, 0xFE, 0xC0,
    0xC6, 0x06, 0x30, 0x31, 0x80, 0x0C, 0x00, 0x60, 0x00, 0x0C, 0x0D, 0x81, 0xB0, 0x36, 0x66, 0xCC,
    0xDD, 0xF9, 0xFF, 0x0E, 0x60, 0xCC, 0x19, 0x80, 0x30, 0xC0, 0x06, 0x00, 0x30, 0x01, 0x80, 0x0C,
    0x00, 0x6F, 0xE3, 0xFF, 0x9E, 0x0E, 0xC0, 0x36, 0x01, 0xB0, 0x0D, 0x80, 0x6C, 0x03, 0x60, 0x1B,
    0x00, 0xC0, 0xC0, 0x18, 0x03, 0x00, 0x60, 0x0C, 0x01, 0xFF, 0x3F, 0xF7, 0x06, 0xC0, 0xF8, 0x1F,
    0x03, 0xE0, 0x7C, 0x0F, 0x81, 0xF0, 0x3E, 0x07, 0x00, 0x7E, 0x00, 0x1F, 0xF8, 0x03, 0xC1, 0xC6,
    0x70, 0x0E, 0xE6, 0x00, 0x6E, 0x60, 0x07, 0x6E, 0x00, 0x37, 0xFF, 0xFF, 0x3F, 0xFF, 0xF0, 0xE0,
    0x00, 0x06, 0x00, 0x00, 0x70, 0x00, 0x03, 0x81, 0xC0, 0x1F, 0xFC, 0x00, 0xFF, 0x00, 0x00, 0x00,
    0x00, 0x00, 0x07, 0xF0, 0x1F, 0xF6, 0x70, 0x6C, 0xC0, 0x7F, 0xFF, 0xDF, 0xFF, 0x8E, 0x00, 0x0C,
    0x00, 0x1C, 0x08, 0x1F, 0xF0, 0x1F, 0xC0, 0x00, 0x00, 0x00, 0x7E, 0x00, 0x1F, 0xF8, 0x03, 0xC1,
    0xC6, 0x70, 0x0E, 0xE6, 0x00, 0x6E, 0x60, 0x07, 0x6E, 0x00, 0x37, 0xFF, 0xFF, 0x3F, 0xFF, 0xF0,
    0xE0, 0x00, 0x06, 0x00, 0x00, 0x70, 0x00, 0x03, 0x81, 0xC0, 0x1F, 0xFC, 0x00, 0xFF, 0x00, 0x01,
    0x80, 0x00, 0x18, 0x00, 0x01, 0x80, 0x00, 0x18, 0x00, 0x00, 0x00, 0x07, 0xF0, 0x1F, 0xF6, 0x70,
    0x6C, 0xC0, 0x7F, 0xFF, 0xDF, 0xFF, 0x8E, 0x00, 0x0C, 0x00, 0x1C, 0x08, 0x1F, 0xF0, 0x1F, 0xC0,
    0x0E, 0x00, 0x1C, 0x00, 0x10, 0x00, 0xDB, 0x6D, 0xB6, 0xDB, 0x6D, 0xB0, 0x01, 0x84, 0x00, 0x0C,
    0x60, 0x00, 0x3F, 0x00, 0x00, 0x60, 0x06, 0x03, 0x03, 0x38, 0x38, 0x38, 0xC1, 0xC1, 0x83, 0x0E,
    0x1C, 0x1C, 0x70, 0xC0, 0x63, 0x8C, 0x01, 0x9C, 0xE0, 0x0F, 0xFE, 0x00, 0xFF, 0xF8, 0x06, 0x38,
    0xC0, 0x71, 0xC7, 0x07, 0x0E, 0x1C, 0x30, 0x70, 0x63, 0x83, 0x83, 0xB8, 0x1C, 0x0E, 0x06, 0x10,
    0x03, 0x18, 0x00, 0xFC, 0x00, 0x38, 0x00, 0x00, 0x03, 0x06, 0x1D, 0xC3, 0x0C, 0x61, 0x8C, 0x18,
    0xCE, 0x0F, 0xFE, 0x03, 0xFF, 0x03, 0xBB, 0x83, 0x8C, 0xE1, 0x86, 0x39, 0xC3, 0x0D, 0xC1, 0x87,
    0xC0, 0x36, 0x03, 0xB0, 0x39, 0x83, 0x8C, 0x18, 0x61, 0x83, 0x1C, 0x1F, 0xC0, 0xFF, 0x06, 0x1C,
    0x30, 0x71, 0x81, 0xCC, 0x06, 0x60, 0x3B, 0x00, 0xC0, 0x06, 0x00, 0x30, 0x0F, 0x80, 0xFC, 0x01,
    0x80, 0x00, 0x30, 0x7C, 0x3B, 0x0C, 0xC6, 0x3F, 0x0F, 0xC3, 0x38, 0xC7, 0x30, 0xEC, 0x1B, 0x07,
    0x00, 0xC0, 0x30, 0xDC, 0x3E, 0x02, 0x00, 0x0F, 0xFC, 0x07, 0xFE, 0x03, 0x03, 0x01, 0x81, 0x80,
    0xC0, 0xC0, 0xE0, 0x60, 0x70, 0x30, 0x38, 0x18, 0x18, 0x0C, 0x0C, 0x06, 0x06, 0x03, 0x03, 0x01,
    0x83, 0x80, 0xC7, 0x80, 0x7B, 0xC0, 0x3C, 0x00, 0x06, 0x00, 0x03, 0x00, 0x03, 0x00, 0x01, 0x80,
    0x00, 0x00, 0xFF, 0x87, 0xFC, 0x30, 0xE1, 0x87, 0x1C, 0x38, 0xC1, 0xC6, 0x0E, 0x30, 0x71, 0x83,
    0xBC, 0x1F, 0xC0, 0xF0, 0x01, 0x80, 0x18, 0x00, 0xC0, 0xC0, 0x1E, 0x00, 0xF0, 0x07, 0x80, 0x3C,
    0x01, 0xE0, 0x0F, 0xFF, 0xFF, 0xFF, 0xFF, 0xFE, 0x00, 0xF0, 0x07, 0x80, 0x3C, 0x01, 0xE0, 0x0F,
    0x00, 0x60, 0x03, 0x00, 0x18, 0x0F, 0xC0, 0x7C, 0x00, 0x80, 0x00, 0x18, 0x1F, 0x03, 0xE0, 0x7C,
    0x0F, 0xFF, 0xFF, 0xFF, 0xFF, 0xC0, 0xF8, 0x1F, 0x03, 0xE0, 0x70, 0x0E, 0x01, 0xC1, 0xF0, 0x7E,
    0x03, 0x00, 0xC0, 0x19, 0x80, 0x33, 0x00, 0x66, 0x00, 0xCC, 0x01, 0x98, 0x03, 0x3F, 0xFE, 0x7F,
    0xFC, 0xFF, 0xF9, 0x80, 0x33, 0x00, 0x66, 0x00, 0xCC, 0x01, 0x98, 0x03, 0xF0, 0x07, 0x80, 0x03,
    0x00, 0x0C, 0x00, 0x18, 0x00, 0x30, 0x00, 0x0C, 0x0C, 0xC0, 0xCC, 0x0C, 0xC0, 0xCF, 0xFC, 0xFF,
    0xCF, 0xFC, 0xC0, 0xCC, 0x0C, 0xC0, 0xFC, 0x0F, 0x00, 0x30, 0x06, 0x00, 0x60, 0xC0, 0x3C, 0x03,
    0xC0, 0x3C, 0x03, 0xC0, 0x3C, 0x03, 0xE0, 0x3F, 0x07, 0x7F, 0xF1, 0xFB, 0x00, 0x30, 0x03, 0x00,
    0x30, 0x0F, 0x01, 0xF0, 0x1C, 0x01, 0xC0, 0x1C, 0x00, 0x80, 0x00, 0x0C, 0x0D, 0x81, 0xB0, 0x36,
    0x06, 0xC0, 0xDF, 0xF9, 0xFF, 0x00, 0x60, 0x0C, 0x07, 0x80, 0xF0, 0x18, 0x03, 0x00, 0x60, 0xC0,
    0x03, 0x38, 0x01, 0xCE, 0x00, 0x73, 0xC0, 0x3C, 0xF8, 0x0F, 0x36, 0x06, 0xCD, 0xC3, 0xB3, 0x30,
    0xCC, 0xC6, 0x73, 0x31, 0xD8, 0xCC, 0x3C, 0x33, 0x0F, 0x0C, 0xC1, 0x83, 0x30, 0x00, 0xFC, 0x00,
    0x3C, 0x00, 0x03, 0x00, 0x01, 0x80, 0x00, 0x60, 0x00, 0x18, 0x00, 0x01, 0x80, 0x73, 0x80, 0xE7,
    0x83, 0xCF, 0x07, 0x9F, 0x1B, 0x36, 0x76, 0x66, 0xCC, 0xCF, 0x19, 0x8E, 0x33, 0x18, 0x76, 0x00,
    0xF0, 0x00, 0xC0, 0x01, 0x80, 0x03, 0x00, 0xFF, 0xFF, 0xFF, 0xFF, 0x0C, 0x20, 0x0C, 0x60, 0x07,
    0xE0, 0x01, 0x80, 0x01, 0x80, 0x03, 0xC0, 0x03, 0xC0, 0x06, 0xC0, 0x06, 0x60, 0x0E, 0x60, 0x0C,
    0x70, 0x1C, 0x30, 0x18, 0x38, 0x3F, 0xF8, 0x3F, 0xFC, 0x30, 0x0C, 0x60, 0x0E, 0x60, 0x06, 0xE0,
    0x06, 0x21, 0x0C, 0xC3, 0xF0, 0x30, 0x00, 0x1F, 0xCF, 0xF9, 0x07, 0x01, 0xC7, 0xF7, 0xFF, 0x83,
    0xC1, 0xF0, 0x7F, 0x7D, 0xFB, 0x00, 0x00, 0x00, 0x00, 0x06, 0x60, 0x06, 0x60, 0x00, 0x00, 0x01,
    0x80, 0x03, 0xC0, 0x03, 0xC0, 0x06, 0xC0, 0x06, 0x60, 0x0E, 0x60, 0x0C, 0x70, 0x1C, 0x30, 0x18,
    0x38, 0x3F, 0xF8, 0x3F, 0xFC, 0x30, 0x0C, 0x60, 0x0E, 0x60, 0x06, 0xE0, 0x06, 0x00, 0x0C, 0xC3,
    0x30, 0x00, 0x00, 0x1F, 0xCF, 0xF9, 0x07, 0x01, 0xC7, 0xF7, 0xFF, 0x83, 0xC1, 0xF0, 0x7F, 0x7D,
    0xFB, 0x00, 0x00, 0x00, 0x7F, 0xF8, 0x07, 0xFF, 0xC0, 0x7C, 0x00, 0x03, 0x60, 0x00, 0x3B, 0x00,
    0x01, 0x98, 0x00, 0x18, 0xFF, 0x81, 0xC7, 0xFE, 0x0C, 0x3F, 0xE0, 0xFF, 0x80, 0x07, 0xFC, 0x00,
    0x60, 0x60, 0x07, 0x03, 0x00, 0x30, 0x1F, 0xFF, 0x80, 0xFF, 0xE0, 0x00, 0x00, 0x0F, 0xE7, 0xF3,
    0xFF, 0xFF, 0x20, 0xF0, 0x60, 0x1C, 0x06, 0x3F, 0xFF, 0xDF, 0xFF, 0xFF, 0x06, 0x00, 0xC1, 0xC0,
    0x18, 0x3C, 0x1B, 0xDF, 0xFF, 0x3F, 0x9F, 0xC0, 0x00, 0x00, 0x30, 0x86, 0x30, 0x7E, 0x07, 0x0F,
    0xFF, 0xFF, 0xF0, 0x06, 0x00, 0xC0, 0x18, 0x03, 0xFE, 0x7F, 0xEF, 0xFD, 0x80, 0x30, 0x06, 0x00,
    0xC0, 0x1F, 0xFF, 0xFF, 0x80, 0x31, 0x86, 0x30, 0x7C, 0x07, 0x00, 0x00, 0x7F, 0x1F, 0xF7, 0x06,
    0xC0, 0x7F, 0xFF, 0xFF, 0xE0, 0x0C, 0x01, 0xC0, 0x9F, 0xF1, 0xFC, 0x00, 0x00, 0x07, 0xF0, 0x0F,
    0xFE, 0x0F, 0x07, 0x82, 0x01, 0xC0, 0x00, 0x70, 0x00, 0x18, 0x00, 0x0C, 0xFF, 0xFE, 0x60, 0x03,
    0x30, 0x01, 0x98, 0x01, 0xCE, 0x00, 0xC3, 0x80, 0xE0, 0xFF, 0xE0, 0x3F, 0xC0, 0x00, 0x00, 0x00,
    0x03, 0xF8, 0x7F, 0xE2, 0x06, 0x00, 0x70, 0x03, 0x7F, 0xF7, 0xFF, 0x60, 0x37, 0x06, 0x3F, 0xE1,
    0xFC, 0x00, 0x00, 0x00, 0x00, 0x01, 0xB8, 0x00, 0xDC, 0x00, 0x00, 0x00, 0x7F, 0x00, 0xFF, 0xE0,
    0xF0, 0x78, 0x20, 0x1C, 0x00, 0x07, 0x00, 0x01, 0x80, 0x00, 0xCF, 0xFF, 0xE6, 0x00, 0x33, 0x00,
    0x19, 0x80, 0x1C, 0xE0, 0x0C, 0x38, 0x0E, 0x0F, 0xFE, 0x03, 0xFC, 0x00, 0x00, 0x00, 0x00, 0x01,
    0xD8, 0x1D, 0x80, 0x00, 0x00, 0x03, 0xF8, 0x7F, 0xE2, 0x06, 0x00, 0x70, 0x03, 0x7F, 0xF7, 0xFF,
    0x60, 0x37, 0x06, 0x3F, 0xE1, 0xFC, 0x00, 0x00, 0x00, 0x00, 0x00, 0x06, 0xE0, 0x00, 0x37, 0x00,
    0x00, 0x00, 0x06, 0x03, 0x03, 0x38, 0x38, 0x38, 0xC1, 0xC1, 0x83, 0x0E, 0x1C, 0x1C, 0x70, 0xC0,
    0x63, 0x8C, 0x01, 0x9C, 0xE0, 0x0F, 0xFE, 0x00, 0xFF, 0xF8, 0x06, 0x38, 0xC0, 0x71, 0xC7, 0x07,
    0x0E, 0x1C, 0x30, 0x70, 0x63, 0x83, 0x83, 0xB8, 0x1C, 0x0E, 0x00, 0x00, 0x01, 0xB8, 0x00, 0xDC,
    0x00, 0x00, 0x00, 0x00, 0x03, 0x06, 0x1D, 0xC3, 0x0C, 0x61, 0x8C, 0x18, 0xCE, 0x0F, 0xFE, 0x03,
    0xFF, 0x03, 0xBB, 0x83, 0x8C, 0xE1, 0x86, 0x39, 0xC3, 0x0D, 0xC1, 0x87, 0x00, 0x03, 0xB8, 0x1B,
    0x00, 0x00, 0x3F, 0x87, 0xFE, 0x60, 0xE0, 0x07, 0x00, 0x70, 0x06, 0x1F, 0xE1, 0xFC, 0x00, 0xE0,
    0x07, 0x00, 0x30, 0x03, 0xC0, 0x7F, 0xFE, 0x7F, 0xC0, 0x00, 0x00, 0x0E, 0xC3, 0xB0, 0x00, 0x0C,
    0x1F, 0xE7, 0xFC, 0x03, 0x00, 0xC7, 0xE1, 0xF8, 0x07, 0x00, 0xC0, 0x3F, 0xFD, 0xFE, 0x00, 0x00,
    0x7F, 0xE7, 0xFE, 0x00, 0xE0, 0x1C, 0x03, 0x80, 0x70, 0x07, 0x80, 0x7E, 0x00, 0xF0, 0x03, 0x00,
    0x30, 0x03, 0x40, 0x77, 0xFE, 0x3F, 0xC0, 0x00, 0x00, 0x07, 0xFE, 0x7F, 0xE0, 0x1C, 0x03, 0x80,
    0x30, 0x06, 0x00, 0xF0, 0x0F, 0xC0, 0x0E, 0x00, 0x60, 0x06, 0x00, 0x64, 0x06, 0xFF, 0xE3, 0xFC,
    0x06, 0x00, 0x1F, 0xC0, 0xFE, 0x00, 0x01, 0x80, 0x3C, 0x03, 0xE0, 0x3F, 0x01, 0xF8, 0x1B, 0xC1,
    0xDE, 0x1C, 0xF1, 0xC7, 0x8C, 0x3C, 0xE1, 0xEE, 0x0F, 0xE0, 0x7E, 0x03, 0xE0, 0x1F, 0x00, 0xC0,
    0x3F, 0x87, 0xF0, 0x00, 0x00, 0x0C, 0x0F, 0x83, 0xF0, 0xFE, 0x1F, 0xC6, 0xF9, 0xDF, 0x73, 0xFC,
    0x7F, 0x0F, 0xC1, 0xF0, 0x38, 0x00, 0x00, 0x6E, 0x03, 0x70, 0x00, 0x0C, 0x01, 0xE0, 0x1F, 0x01,
    0xF8, 0x0F, 0xC0, 0xDE, 0x0E, 0xF0, 0xE7, 0x8E, 0x3C, 0x61, 0xE7, 0x0F, 0x70, 0x7F, 0x03, 0xF0,
    0x1F, 0x00, 0xF8, 0x06, 0x00, 0x06, 0x60, 0xCC, 0x00, 0x00, 0x01, 0x81, 0xF0, 0x7E, 0x1F, 0xC3,
    0xF8, 0xDF, 0x3B, 0xEE, 0x7F, 0x8F, 0xE1, 0xF8, 0x3E, 0x07, 0x00, 0x00, 0x06, 0x60, 0x06, 0x60,
    0x00, 0x00, 0x0F, 0xE0, 0x1F, 0xF8, 0x38, 0x1C, 0x70, 0x0E, 0xE0, 0x06, 0xC0, 0x07, 0xC0, 0x03,
    0xC0, 0x03, 0xC0, 0x03, 0xC0, 0x07, 0xE0, 0x06, 0x70, 0x0E, 0x78, 0x1C, 0x3F, 0xF8, 0x0F, 0xF0,
    0x00, 0x00, 0x00, 0x01, 0xB8, 0x1B, 0x80, 0x00, 0x00, 0x03, 0xF8, 0x7F, 0xCE, 0x0E, 0xC0, 0x6C,
    0x07, 0xC0, 0x7C, 0x07, 0xC0, 0x6E, 0x0E, 0x7F, 0xC3, 0xF8, 0x00, 0x00, 0x0F, 0xE0, 0x1F, 0xF8,
    0x38, 0x1C, 0x70, 0x0E, 0xE0, 0x06, 0xC0, 0x07, 0xFF, 0xFF, 0xFF, 0xFF, 0xFF, 0xFF, 0xC0, 0x07,
    0xE0, 0x07, 0x70, 0x0E, 0x78, 0x1C, 0x3F, 0xF8, 0x0F, 0xF0, 0x00, 0x00, 0x00, 0x03, 0xF8, 0x7F,
    0xCE, 0x0E, 0xC0, 0x6F, 0xFF, 0xFF, 0xFC, 0x07, 0xC0, 0x6E, 0x0E, 0x7F, 0xC3, 0xF8, 0x00, 0x00,
    0x00, 0x00, 0x06, 0x60, 0x06, 0x60, 0x00, 0x00, 0x0F, 0xE0, 0x1F, 0xF8, 0x38, 0x1C, 0x70, 0x0E,
    0xE0, 0x06, 0xC0, 0x07, 0xFF, 0xFF, 0xFF, 0xFF, 0xFF, 0xFF, 0xC0, 0x07, 0xE0, 0x07, 0x70, 0x0E,
    0x78, 0x1C, 0x3F, 0xF8, 0x0F, 0xF0, 0x00, 0x00, 0x00, 0x01, 0xB8, 0x1B, 0x80, 0x00, 0x00, 0x03,
    0xF8, 0x7F, 0xCE, 0x0E, 0xC0, 0x6F, 0xFF, 0xFF, 0xFC, 0x07, 0xC0, 0x6E, 0x0E, 0x7F, 0xC3, 0xF8,
    0x00, 0x00, 0x00, 0x00, 0x37, 0x00, 0xDC, 0x00, 0x00, 0x1F, 0xC1, 0xFF, 0x86, 0x07, 0x00, 0x0E,
    0x00, 0x18, 0x00, 0x70, 0x7F, 0xC3, 0xFF, 0x07, 0xFC, 0x00, 0x70, 0x01, 0x80, 0x0E, 0x60, 0x71,
    0xFF, 0x83, 0xFC, 0x00, 0x00, 0x00, 0x07, 0x60, 0x6C, 0x00, 0x00, 0x00, 0xFF, 0x3E, 0xF2, 0x07,
    0x00, 0x61, 0xFC, 0x7F, 0x80, 0x30, 0x06, 0x81, 0xFF, 0xF3, 0xFC, 0x00, 0x00, 0x1F, 0xC0, 0x1F,
    0x80, 0x00, 0x07, 0x00, 0x66, 0x01, 0xCE, 0x03, 0x0C, 0x0E, 0x1C, 0x18, 0x18, 0x70, 0x38, 0xC0,
    0x33, 0x80, 0x76, 0x00, 0x78, 0x00, 0xF0, 0x00, 0xC0, 0x03, 0x80, 0x3E, 0x00, 0x78, 0x00, 0x40,
    0x00, 0x1F, 0xC0, 0xFE, 0x00, 0x00, 0x00, 0x06, 0x03, 0xB8, 0x18, 0xC0, 0xC7, 0x0C, 0x18, 0x60,
    0xE6, 0x03, 0x30, 0x1B, 0x80, 0x78, 0x03, 0xC0, 0x1C, 0x00, 0xE0, 0x06, 0x03, 0xF0, 0x1F, 0x00,
    0x20, 0x00, 0x00, 0x00, 0x19, 0x80, 0x33, 0x00, 0x00, 0x0E, 0x00, 0xCC, 0x03, 0x9C, 0x06, 0x18,
    0x1C, 0x38, 0x30, 0x30, 0xE0, 0x71, 0x80, 0x67, 0x00, 0xEC, 0x00, 0xF0, 0x01, 0xE0, 0x01, 0x80,
    0x07, 0x00, 0x7C, 0x00, 0xF0, 0x00, 0x80, 0x00, 0x00, 0x00, 0x6E, 0x03, 0x60, 0x00, 0x00, 0x00,
    0x30, 0x1D, 0xC0, 0xC6, 0x06, 0x38, 0x60, 0xC3, 0x07, 0x30, 0x19, 0x80, 0xDC, 0x03, 0xC0, 0x1E,
    0x00, 0xE0, 0x07, 0x00, 0x30, 0x1F, 0x80, 0xF8, 0x01, 0x00, 0x00, 0x03, 0x30, 0x06, 0xC0, 0x1B,
    0x80, 0x24, 0x0E, 0x00, 0xCC, 0x03, 0x9C, 0x06, 0x18, 0x1C, 0x38, 0x30, 0x30, 0xE0, 0x71, 0x80,
    0x67, 0x00, 0xEC, 0x00, 0xF0, 0x01, 0xE0, 0x01, 0x80, 0x07, 0x00, 0x7C, 0x00, 0xF0, 0x00, 0x80,
    0x00, 0x03, 0x60, 0x3B, 0x03, 0xB0, 0x19, 0x00, 0x00, 0x30, 0x1D, 0xC0, 0xC6, 0x06, 0x38, 0x60,
    0xC3, 0x07, 0x30, 0x19, 0x80, 0xDC, 0x03, 0xC0, 0x1E, 0x00, 0xE0, 0x07, 0x00, 0x30, 0x1F, 0x80,
    0xF8, 0x01, 0x00, 0x00, 0x00, 0x00, 0x6E, 0x03, 0x30, 0x00, 0x06, 0x01, 0xB0, 0x0D, 0x80, 0x6C,
    0x03, 0x60, 0x1B, 0x00, 0xD8, 0x06, 0xE0, 0x73, 0xFF, 0x8F, 0xEC, 0x00, 0x60, 0x03, 0x00, 0x18,
    0x00, 0xC0, 0x06, 0x00, 0x03, 0x70, 0x6E, 0x00, 0x00, 0x00, 0xC0, 0xD8, 0x1B, 0x03, 0x60, 0x6C,
    0x0D, 0xC7, 0x9F, 0xF0, 0xC6, 0x00, 0xC0, 0x18, 0x03, 0xFF, 0xFF, 0xFC, 0x03, 0x00, 0xC0, 0x30,
    0x0C, 0x03, 0x00, 0xC0, 0x30, 0x0C, 0x03, 0x00, 0xC0, 0x3C, 0x0F, 0x80, 0xE0, 0x38, 0x0E, 0x01,
    0x00, 0x00, 0xFF, 0xFF, 0xC0, 0xC0, 0xC0, 0xC0, 0xC0, 0xC0, 0xC0, 0xE0, 0xF0, 0x30, 0x30, 0x30,
    0x00, 0x00, 0x03, 0xB0, 0x01, 0x98, 0x00, 0x00, 0x0C, 0x00, 0x36, 0x00, 0x1B, 0x00, 0x0D, 0x80,
    0x06, 0xC0, 0x03, 0x7F, 0xC1, 0xBF, 0xF8, 0xD8, 0x1E, 0x6C, 0x03, 0x36, 0x01, 0x9B, 0x00, 0xCD,
    0x80, 0x66, 0xC0, 0x73, 0x7F, 0xF1, 0xBF, 0xF0, 0xC0, 0x00, 0x00, 0x6E, 0x03, 0x70, 0x00, 0x00,
    0x00, 0x60, 0x1F, 0x00, 0xF8, 0x07, 0xF8, 0x3F, 0xF9, 0xF0, 0xEF, 0x83, 0x7C, 0x1B, 0xE0, 0xDF,
    0xDE, 0xFF, 0xE7, 0x00, 0x00, 0x1F, 0xF8, 0xFF, 0xC6, 0x00, 0x30, 0x01, 0x80, 0x0C, 0x00, 0x60,
    0x0F, 0xFC, 0xFF, 0xE0, 0xC0, 0x06, 0x00, 0x30, 0x01, 0x80, 0x0F, 0x00, 0x78, 0x00, 0xC0, 0x06,
    0x03, 0xF0, 0x1F, 0x00, 0x20, 0x00, 0x00, 0x0F, 0xF3, 0xFC, 0xC0, 0x30, 0x0C, 0x07, 0xF9, 0xFE,
    0x30, 0x0C, 0x03, 0xC0, 0xF0, 0x0C, 0x03, 0x0D, 0xC3, 0xE0, 0x20, 0x00, 0x60, 0x19, 0xC0, 0xC3,
    0x87, 0x06, 0x38, 0x1C, 0xC0, 0x3F, 0x00, 0x78, 0x01, 0xC0, 0x07, 0x80, 0x3F, 0x01, 0xCE, 0x06,
    0x18, 0x30, 0x71, 0xC0, 0xEE, 0x01, 0x80, 0x06, 0x00, 0x18, 0x02, 0xE0, 0x1F, 0x00, 0x18, 0x00,
    0x0C, 0x19, 0xC7, 0x1D, 0xC1, 0xF0, 0x1C, 0x03, 0x80, 0xF8, 0x1B, 0x86, 0x31, 0xC3, 0x70, 0x70,
    0x06, 0x00, 0xC1, 0xB8, 0x3E, 0x01, 0x00, 0x60, 0x19, 0xC0, 0xE3, 0x87, 0x07, 0x38, 0x0C, 0xC0,
    0x3F, 0x01, 0xFE, 0x0F, 0xFC, 0x07, 0x80, 0x3F, 0x01, 0xCE, 0x06, 0x18, 0x38, 0x71, 0xC0, 0xE6,
    0x01, 0x80, 0x00, 0x06, 0x0E, 0x30, 0xC3, 0x98, 0x1F, 0x83, 0xF8, 0x3F, 0xC0, 0xF0, 0x1B, 0x83,
    0x9C, 0x70, 0xC6, 0x0E, 0xFF, 0xDF, 0xFC, 0xFF, 0xFF, 0xFF, 0xFF, 0xFF, 0xC0, 0x4B, 0x6F, 0x80,
    0xDF, 0xED, 0x80, 0x1F, 0xED, 0x80, 0x4D, 0x3C, 0xF3, 0xFF, 0x30, 0xCF, 0xFE, 0xF3, 0xCB, 0x20,
    0x03, 0xFF, 0xF3, 0xCF, 0x60, 0x00, 0x06, 0x00, 0xC0, 0x18, 0x03, 0x00, 0x61, 0xFF, 0xFF, 0xF8,
    0x30, 0x06, 0x00, 0xC0, 0x18, 0x03, 0x00, 0x60, 0x0C, 0x01, 0x80, 0x30, 0x06, 0x00, 0xC0, 0x18,
    0x00, 0x00, 0x06, 0x00, 0xC0, 0x18, 0x03, 0x00, 0x61, 0xFF, 0xFF, 0xF8, 0x30, 0x06, 0x00, 0xC0,
    0x18, 0x03, 0x0F, 0xFF, 0xFF, 0xC1, 0x80, 0x30, 0x06, 0x00, 0xC0, 0x18, 0x00, 0x00, 0x6F, 0xF7,
    0x00, 0x2E, 0xE7, 0xEE, 0x70, 0x00, 0x3C, 0x04, 0x00, 0x3F, 0x06, 0x00, 0x18, 0xC6, 0x00, 0x08,
    0x67, 0x00, 0x04, 0x33, 0x00, 0x03, 0x1B, 0x00, 0x01, 0x9B, 0x80, 0x00, 0x7D, 0xBC, 0x3C, 0x09,
    0xBB, 0x37, 0x01, 0xD8, 0xF1, 0x80, 0xC8, 0x78, 0x40, 0xC4, 0x3C, 0x20, 0xC3, 0x1E, 0x30, 0x61,
    0x99, 0x98, 0x60, 0x7C, 0xF8, 0x00, 0x00, 0x00, 0x19, 0x99, 0xCC, 0x71, 0x86, 0x18, 0x61, 0x83,
    0x06, 0x18, 0x63, 0x18, 0x60, 0x00, 0x30, 0x06, 0x00, 0xC0, 0x0C, 0x01, 0x80, 0x30, 0x03, 0x00,
    0x60, 0x0C, 0x01, 0xC0, 0x18, 0x03, 0x00, 0x70, 0x06, 0x00, 0xC0, 0x00, 0x0C, 0x06, 0x06, 0x06,
    0x06, 0x63, 0xFB, 0xFE, 0x0C, 0x06, 0x00, 0x01, 0xFC, 0x07, 0xFF, 0x0F, 0x07, 0x0C, 0x00, 0x1C,
    0x00, 0x7F, 0xF0, 0xFF, 0xF0, 0x38, 0x00, 0xFF, 0xF0, 0xFF, 0xF0, 0x18, 0x00, 0x1C, 0x00, 0x0E,
    0x03, 0x07, 0xFF, 0x03, 0xFE, 0x00, 0x00, 0x00, 0x03, 0xFC, 0x0F, 0xF0, 0x01, 0xC0, 0x07, 0x00,
    0x18, 0x10, 0xC7, 0xF6, 0x7F, 0xF3, 0x03, 0xB8, 0x1D, 0xC0, 0x6E, 0x07, 0x30, 0x31, 0xFF, 0x87,
    0xF0, 0x00, 0x00, 0xFF, 0xFF, 0xFF, 0xF0, 0x07, 0x80, 0x3C, 0x01, 0xE0, 0x0F, 0x00, 0x78, 0x03,
    0xC0, 0x1E, 0x00, 0xF0, 0x07, 0x80, 0x3C, 0x01, 0xE0, 0x0F, 0x00, 0x78, 0x03, 0xC0, 0x1E, 0x00,
    0xF0, 0x06, 0x00, 0x00, 0x7F, 0xFB, 0xFF, 0xCC, 0x00, 0x30, 0x01, 0xC0, 0x07, 0x00, 0x1C, 0x00,
    0x70, 0x01, 0x80, 0x0E, 0x00, 0x70, 0x07, 0x00, 0x70, 0x07, 0x00, 0x70, 0x03, 0x00, 0x38, 0x03,
    0xFF, 0xDF, 0xFE, 0x00, 0x00, 0xFF, 0xFF, 0xF0, 0x01, 0x80, 0xC0, 0xC0, 0x60, 0x30, 0x30, 0x18,
    0x0C, 0x0C, 0x06, 0x07, 0x03, 0x01, 0x81, 0xC0, 0xC0, 0x60, 0x60, 0x30, 0x18, 0x18, 0x00, 0x00,
    0x7D, 0x80, 0x00, 0x03, 0x00, 0x07, 0x00, 0x06, 0x00, 0x06, 0x00, 0x0E, 0x00, 0x0C, 0x00, 0x0C,
    0x00, 0x1C, 0xF8, 0x18, 0xF8, 0x18, 0x1C, 0x38, 0x0C, 0x30, 0x0C, 0x30, 0x0E, 0x60, 0x06, 0x60,
    0x06, 0x60, 0x03, 0xC0, 0x03, 0xC0, 0x03, 0xC0, 0x01, 0x80, 0x00, 0x00, 0x0E, 0x07, 0x07, 0xE3,
    0xF1, 0xC6, 0xE7, 0x30, 0x78, 0x76, 0x0E, 0x06, 0xC1, 0xC0, 0xD8, 0x7C, 0x31, 0xFC, 0xFE, 0x1E,
    0x0F, 0x00, 0x07, 0xC3, 0xF0, 0xC0, 0x30, 0x0C, 0x03, 0x00, 0xC0, 0x30, 0x0C, 0x03, 0x00, 0xC0,
    0x30, 0x0C, 0x03, 0x00, 0xC0, 0x30, 0x0C, 0x03, 0x0F, 0xC3, 0xE0, 0x20, 0x00, 0x30, 0x5F, 0x3C,
    0xFF, 0x1E, 0x00, 0x1C, 0x1F, 0xCF, 0x3F, 0xC7, 0x80, 0x01, 0x80, 0xCF, 0xFF, 0xFF, 0x06, 0x03,
    0x00, 0xC3, 0xFF, 0xFF, 0xCC, 0x06, 0x01, 0x80, 0x00, 0x00, 0x70, 0xFC, 0xF8, 0xF8, 0x3C, 0x07,
    0xE0, 0x3E, 0x01, 0xC0, 0x10, 0x03, 0xFF, 0xFF, 0xC0, 0x00, 0x38, 0x0F, 0xC0, 0x7C, 0x03, 0xC0,
    0xF1, 0xF9, 0xF0, 0xF0, 0x00, 0x00, 0x03, 0xFF, 0xFF, 0xC0,
};

static const EpdGlyph montserrat_10_regularGlyphs[] = {
    { 0, 0, 6, 0, 0, 0, 0 }, // U+000D
    { 0, 0, 6, 0, 0, 0, 0 }, // U+0020
    { 3, 16, 5, 1, 15, 6, 0 }, // !
    { 6, 6, 8, 1, 15, 5, 6 }, // "
    { 14, 15, 15, 0, 15, 27, 11 }, // #
    { 12, 21, 13, 0, 18, 32, 38 }, // $
    { 17, 16, 17, 0, 15, 34, 70 }, // %
    { 13, 16, 14, 1, 15, 26, 104 }, // &
    { 2, 6, 4, 1, 15, 2, 130 }, // '
    { 5, 21, 7, 2, 16, 14, 132 }, // (
    { 5, 21, 7, 0, 16, 14, 146 }, // )
    { 8, 9, 8, 0, 16, 9, 160 }, // *
    { 10, 10, 12, 1, 12, 13, 169 }, // +
    { 3, 7, 4, 1, 3, 3, 182 }, // ,
    { 6, 2, 8, 1, 7, 2, 185 }, // -
    { 3, 4, 4, 1, 3, 2, 187 }, // .
    { 9, 21, 7, -1, 18, 24, 189 }, // /
    { 12, 16, 14, 1, 15, 24, 213 }, // 0
    { 6, 15, 8, 0, 15, 12, 237 }, // 1
    { 12, 15, 12, 0, 15, 23, 249 }, // 2
    { 11, 16, 12, 0, 15, 22, 272 }, // 3
    { 14, 15, 14, 0, 15, 27, 294 }, // 4
    { 12, 16, 12, 0, 15, 24, 321 }, // 5
    { 12, 16, 13, 1, 15, 24, 345 }, // 6
    { 12, 15, 12, 0, 15, 23, 369 }, // 7
    { 12, 16, 13, 1, 15, 24, 392 }, // 8
    { 12, 16, 13, 0, 15, 24, 416 }, // 9
    { 3, 13, 4, 1, 12, 5, 440 }, // :
    { 3, 16, 4, 1, 12, 6, 445 }, // ;
    { 10, 9, 12, 1, 12, 12, 451 }, // <
    { 10, 7, 12, 1, 11, 9, 463 }, // =
    { 10, 9, 12, 1, 12, 12, 472 }, // >
    { 11, 16, 12, 0, 15, 22, 484 }, // ?
    { 20, 20, 22, 1, 15, 50, 506 }, // @
    { 16, 15, 15, 0, 15, 30, 556 }, // A
    { 13, 15, 16, 2, 15, 25, 586 }, // B
    { 14, 16, 15, 1, 15, 28, 611 }, // C
    { 15, 15, 17, 2, 15, 29, 639 }, // D
    { 11, 15, 14, 2, 15, 21, 668 }, // E
    { 11, 15, 13, 2, 15, 21, 689 }, // F
    { 14, 16, 16, 1, 15, 28, 710 }, // G
    { 13, 15, 17, 2, 15, 25, 738 }, // H
    { 2, 15, 6, 2, 15, 4, 763 }, // I
    { 10, 16, 11, -1, 15, 20, 767 }, // J
    { 13, 15, 15, 2, 15, 25, 787 }, // K
    { 11, 15, 12, 2, 15, 21, 812 }, // L
    { 16, 15, 20, 2, 15, 30, 833 }, // M
    { 13, 15, 17, 2, 15, 25, 863 }, // N
    { 16, 16, 18, 1, 15, 32, 888 }, // O
    { 12, 15, 15, 2, 15, 23, 920 }, // P
    { 17, 18, 18, 1, 15, 39, 943 }, // Q
    { 13, 15, 15, 2, 15, 25, 982 }, // R
    { 12, 16, 13, 0, 15, 24, 1007 }, // S
    { 12, 15, 12, 0, 15, 23, 1031 }, // T
    { 13, 16, 17, 2, 15, 26, 1054 }, // U
    { 15, 15, 15, 0, 15, 29, 1080 }, // V
    { 23, 15, 23, 0, 15, 44, 1109 }, // W
    { 14, 15, 14, 0, 15, 27, 1153 }, // X
    { 14, 15, 13, 0, 15, 27, 1180 }, // Y
    { 13, 15, 14, 0, 15, 25, 1207 }, // Z
    { 5, 21, 7, 2, 16, 14, 1232 }, // [
    { 9, 21, 7, -1, 18, 24, 1246 }, // <backslash>
    { 5, 21, 7, 0, 16, 14, 1270 }, // ]
    { 10, 9, 12, 1, 12, 12, 1284 }, // ^
    { 11, 2, 11, 0, 0, 3, 1296 }, // _
    { 6, 4, 13, 2, 16, 3, 1299 }, // `
    { 10, 13, 12, 1, 12, 17, 1302 }, // a
    { 12, 17, 14, 2, 16, 26, 1319 }, // b
    { 11, 13, 12, 0, 12, 18, 1345 }, // c
    { 13, 17, 14, 0, 16, 28, 1363 }, // d
    { 12, 13, 13, 0, 12, 20, 1391 }, // e
    { 8, 16, 7, 0, 16, 16, 1411 }, // f
    { 13, 17, 14, 0, 12, 28, 1427 }, // g
    { 11, 16, 14, 2, 16, 22, 1455 }, // h
    { 3, 16, 6, 1, 16, 6, 1477 }, // i
    { 7, 21, 6, -2, 16, 19, 1483 }, // j
    { 11, 16, 13, 2, 16, 22, 1502 }, // k
    { 2, 16, 6, 2, 16, 4, 1524 }, // l
    { 19, 12, 22, 2, 12, 29, 1528 }, // m
    { 11, 12, 14, 2, 12, 17, 1557 }, // n
    { 13, 13, 13, 0, 12, 22, 1574 }, // o
    { 12, 17, 14, 2, 12, 26, 1596 }, // p
    { 13, 17, 14, 0, 12, 28, 1622 }, // q
    { 6, 12, 8, 2, 12, 9, 1650 }, // r
    { 10, 13, 10, 0, 12, 17, 1659 }, // s
    { 8, 15, 9, 0, 14, 15, 1676 }, // t
    { 12, 13, 14, 1, 12, 20, 1691 }, // u
    { 12, 12, 11, 0, 12, 18, 1711 }, // v
    { 19, 12, 18, 0, 12, 29, 1729 }, // w
    { 11, 12, 11, 0, 12, 17, 1758 }, // x
    { 13, 17, 11, -1, 12, 28, 1775 }, // y
    { 10, 12, 11, 0, 12, 15, 1803 }, // z
    { 6, 21, 7, 1, 16, 16, 1818 }, // {
    { 2, 21, 6, 2, 16, 6, 1834 }, // |
    { 6, 21, 7, 0, 16, 16, 1840 }, // }
    { 10, 5, 12, 1, 10, 7, 1856 }, // ~
    { 0, 0, 6, 0, 0, 0, 1863 }, // U+00A0
    { 3, 16, 5, 1, 12, 6, 1863 }, // U+00A1
    { 11, 17, 12, 0, 14, 24, 1869 }, // U+00A2
    { 14, 15, 13, 0, 15, 27, 1893 }, // U+00A3
    { 14, 14, 15, 0, 14, 25, 1920 }, // U+00A4
    { 15, 15, 15, 0, 15, 29, 1945 }, // U+00A5
    { 2, 21, 6, 2, 16, 6, 1974 }, // U+00A6
    { 10, 18, 10, 0, 15, 23, 1980 }, // U+00A7
    { 7, 3, 13, 3, 16, 3, 2003 }, // U+00A8
    { 15, 16, 17, 1, 15, 30, 2006 }, // U+00A9
    { 7, 8, 8, 0, 16, 7, 2036 }, // U+00AA
    { 9, 9, 10, 1, 10, 11, 2043 }, // U+00AB
    { 10, 6, 12, 1, 8, 8, 2054 }, // U+00AC
    { 15, 16, 17, 1, 15, 30, 2062 }, // U+00AE
    { 7, 2, 13, 3, 15, 2, 2092 }, // U+00AF
    { 7, 7, 9, 1, 15, 7, 2094 }, // U+00B0
    { 10, 13, 12, 1, 13, 17, 2101 }, // U+00B1
    { 8, 9, 9, 0, 16, 9, 2118 }, // U+00B2
    { 8, 10, 9, 0, 16, 10, 2127 }, // U+00B3
    { 6, 4, 13, 4, 16, 3, 2137 }, // U+00B4
    { 11, 17, 14, 2, 12, 24, 2140 }, // U+00B5
    { 11, 19, 13, 0, 16, 27, 2164 }, // U+00B6
    { 3, 3, 5, 1, 7, 2, 2191 }, // U+00B7
    { 5, 6, 13, 4, 1, 4, 2193 }, // U+00B8
    { 7, 9, 9, 1, 16, 8, 2197 }, // U+00B9
    { 8, 8, 9, 0, 16, 8, 2205 }, // U+00BA
    { 9, 9, 10, 0, 10, 11, 2213 }, // U+00BB
    { 20, 15, 22, 1, 15, 38, 2224 }, // U+00BC
    { 20, 15, 22, 1, 15, 38, 2262 }, // U+00BD
    { 21, 15, 22, 0, 15, 40, 2300 }, // U+00BE
    { 11, 16, 12, 1, 12, 22, 2340 }, // U+00BF
    { 16, 19, 15, 0, 19, 38, 2362 }, // U+00C0
    { 16, 19, 15, 0, 19, 38, 2400 }, // U+00C1
    { 16, 19, 15, 0, 19, 38, 2438 }, // U+00C2
    { 16, 19, 15, 0, 19, 38, 2476 }, // U+00C3
    { 16, 19, 15, 0, 19, 38, 2514 }, // U+00C4
    { 16, 20, 15, 0, 20, 40, 2552 }, // U+00C5
    { 21, 15, 22, 0, 15, 40, 2592 }, // U+00C6
    { 14, 20, 15, 1, 15, 35, 2632 }, // U+00C7
    { 11, 19, 14, 2, 19, 27, 2667 }, // U+00C8
    { 11, 19, 14, 2, 19, 27, 2694 }, // U+00C9
    { 11, 19, 14, 2, 19, 27, 2721 }, // U+00CA
    { 11, 19, 14, 2, 19, 27, 2748 }, // U+00CB
    { 6, 19, 6, -1, 19, 15, 2775 }, // U+00CC
    { 6, 19, 6, 1, 19, 15, 2790 }, // U+00CD
    { 8, 19, 6, -1, 19, 19, 2805 }, // U+00CE
    { 6, 19, 6, 0, 19, 15, 2824 }, // U+00CF
    { 17, 15, 17, 0, 15, 32, 2839 }, // U+00D0
    { 13, 19, 17, 2, 19, 31, 2871 }, // U+00D1
    { 16, 20, 18, 1, 19, 40, 2902 }, // U+00D2
    { 16, 20, 18, 1, 19, 40, 2942 }, // U+00D3
    { 16, 20, 18, 1, 19, 40, 2982 }, // U+00D4
    { 16, 20, 18, 1, 19, 40, 3022 }, // U+00D5
    { 16, 20, 18, 1, 19, 40, 3062 }, // U+00D6
    { 8, 9, 12, 2, 12, 9, 3102 }, // U+00D7
    { 16, 19, 18, 1, 17, 38, 3111 }, // U+00D8
    { 13, 20, 17, 2, 19, 33, 3149 }, // U+00D9
    { 13, 20, 17, 2, 19, 33, 3182 }, // U+00DA
    { 13, 20, 17, 2, 19, 33, 3215 }, // U+00DB
    { 13, 20, 17, 2, 19, 33, 3248 }, // U+00DC
    { 14, 19, 13, 0, 19, 34, 3281 }, // U+00DD
    { 12, 15, 15, 2, 15, 23, 3315 }, // U+00DE
    { 12, 17, 14, 2, 16, 26, 3338 }, // U+00DF
    { 10, 17, 12, 1, 16, 22, 3364 }, // U+00E0
    { 10, 17, 12, 1, 16, 22, 3386 }, // U+00E1
    { 10, 17, 12, 1, 16, 22, 3408 }, // U+00E2
    { 10, 17, 12, 1, 16, 22, 3430 }, // U+00E3
    { 10, 17, 12, 1, 16, 22, 3452 }, // U+00E4
    { 10, 18, 12, 1, 17, 23, 3474 }, // U+00E5
    { 19, 13, 21, 1, 12, 31, 3497 }, // U+00E6
    { 11, 17, 12, 0, 12, 24, 3528 }, // U+00E7
    { 12, 17, 13, 0, 16, 26, 3552 }, // U+00E8
    { 12, 17, 13, 0, 16, 26, 3578 }, // U+00E9
    { 12, 17, 13, 0, 16, 26, 3604 }, // U+00EA
    { 12, 17, 13, 0, 16, 26, 3630 }, // U+00EB
    { 6, 16, 6, -1, 16, 12, 3656 }, // U+00EC
    { 6, 16, 6, 1, 16, 12, 3668 }, // U+00ED
    { 7, 16, 6, -1, 16, 14, 3680 }, // U+00EE
    { 6, 16, 6, 0, 16, 12, 3694 }, // U+00EF
    { 12, 17, 12, 0, 16, 26, 3706 }, // U+00F0
    { 11, 16, 14, 2, 16, 22, 3732 }, // U+00F1
    { 13, 17, 13, 0, 16, 28, 3754 }, // U+00F2
    { 13, 17, 13, 0, 16, 28, 3782 }, // U+00F3
    { 13, 17, 13, 0, 16, 28, 3810 }, // U+00F4
    { 13, 17, 13, 0, 16, 28, 3838 }, // U+00F5
    { 13, 17, 13, 0, 16, 28, 3866 }, // U+00F6
    { 10, 11, 12, 1, 13, 14, 3894 }, // U+00F7
    { 13, 15, 13, 0, 13, 25, 3908 }, // U+00F8
    { 12, 17, 14, 1, 16, 26, 3933 }, // U+00F9
    { 12, 17, 14, 1, 16, 26, 3959 }, // U+00FA
    { 12, 17, 14, 1, 16, 26, 3985 }, // U+00FB
    { 12, 17, 14, 1, 16, 26, 4011 }, // U+00FC
    { 13, 21, 11, -1, 16, 35, 4037 }, // U+00FD
    { 12, 21, 14, 2, 16, 32, 4072 }, // U+00FE
    { 13, 21, 11, -1, 16, 35, 4104 }, // U+00FF
    { 16, 18, 15, 0, 18, 36, 4139 }, // U+0100
    { 10, 16, 12, 1, 15, 20, 4175 }, // U+0101
    { 16, 19, 15, 0, 19, 38, 4195 }, // U+0102
    { 10, 17, 12, 1, 16, 22, 4233 }, // U+0103
    { 16, 20, 15, 0, 15, 40, 4255 }, // U+0104
    { 10, 17, 12, 1, 12, 22, 4295 }, // U+0105
    { 14, 20, 15, 1, 19, 35, 4317 }, // U+0106
    { 11, 17, 12, 0, 16, 24, 4352 }, // U+0107
    { 14, 20, 15, 1, 19, 35, 4376 }, // U+010A
    { 11, 17, 12, 0, 16, 24, 4411 }, // U+010B
    { 14, 20, 15, 1, 19, 35, 4435 }, // U+010C
    { 11, 17, 12, 0, 16, 24, 4470 }, // U+010D
    { 15, 19, 17, 2, 19, 36, 4494 }, // U+010E
    { 16, 18, 14, 0, 17, 36, 4530 }, // U+010F
    { 17, 15, 17, 0, 15, 32, 4566 }, // U+0110
    { 15, 17, 14, 0, 16, 32, 4598 }, // U+0111
    { 11, 18, 14, 2, 18, 25, 4630 }, // U+0112
    { 12, 16, 13, 0, 15, 24, 4655 }, // U+0113
    { 11, 19, 14, 2, 19, 27, 4679 }, // U+0116
    { 12, 17, 13, 0, 16, 26, 4706 }, // U+0117
    { 12, 20, 14, 2, 15, 30, 4732 }, // U+0118
    { 12, 17, 13, 0, 12, 26, 4762 }, // U+0119
    { 11, 19, 14, 2, 19, 27, 4788 }, // U+011A
    { 12, 17, 13, 0, 16, 26, 4815 }, // U+011B
    { 14, 20, 16, 1, 19, 35, 4841 }, // U+011E
    { 13, 21, 14, 0, 16, 35, 4876 }, // U+011F
    { 14, 20, 16, 1, 19, 35, 4911 }, // U+0120
    { 13, 21, 14, 0, 16, 35, 4946 }, // U+0121
    { 14, 21, 16, 1, 15, 37, 4981 }, // U+0122
    { 13, 22, 14, 0, 17, 36, 5018 }, // U+0123
    { 18, 15, 17, 0, 15, 34, 5054 }, // U+0126
    { 13, 16, 14, 0, 16, 26, 5088 }, // U+0127
    { 6, 18, 6, 0, 18, 14, 5114 }, // U+012A
    { 6, 15, 6, 0, 15, 12, 5128 }, // U+012B
    { 4, 20, 6, 1, 15, 10, 5140 }, // U+012E
    { 4, 21, 6, 1, 16, 11, 5150 }, // U+012F
    { 2, 12, 6, 2, 12, 3, 5161 }, // U+0131
    { 13, 21, 15, 2, 15, 35, 5164 }, // U+0136
    { 11, 22, 13, 2, 16, 31, 5199 }, // U+0137
    { 11, 21, 12, 2, 15, 29, 5230 }, // U+013B
    { 3, 22, 6, 1, 16, 9, 5259 }, // U+013C
    { 11, 16, 12, 2, 16, 22, 5268 }, // U+013D
    { 5, 17, 6, 2, 17, 11, 5290 }, // U+013E
    { 13, 15, 12, 0, 15, 25, 5301 }, // U+0141
    { 6, 16, 6, 0, 16, 12, 5326 }, // U+0142
    { 13, 19, 17, 2, 19, 31, 5338 }, // U+0143
    { 11, 16, 14, 2, 16, 22, 5369 }, // U+0144
    { 13, 21, 17, 2, 15, 35, 5391 }, // U+0145
    { 11, 18, 14, 2, 12, 25, 5426 }, // U+0146
    { 13, 19, 17, 2, 19, 31, 5451 }, // U+0147
    { 11, 16, 14, 2, 16, 22, 5482 }, // U+0148
    { 16, 20, 18, 1, 19, 40, 5504 }, // U+0150
    { 13, 17, 13, 0, 16, 28, 5544 }, // U+0151
    { 22, 15, 24, 1, 15, 42, 5572 }, // U+0152
    { 22, 13, 22, 0, 12, 36, 5614 }, // U+0153
    { 13, 19, 15, 2, 19, 31, 5650 }, // U+0154
    { 7, 16, 8, 2, 16, 14, 5681 }, // U+0155
    { 13, 19, 15, 2, 19, 31, 5695 }, // U+0158
    { 8, 16, 8, 1, 16, 16, 5726 }, // U+0159
    { 12, 20, 13, 0, 19, 30, 5742 }, // U+015A
    { 10, 17, 10, 0, 16, 22, 5772 }, // U+015B
    { 12, 20, 13, 0, 15, 30, 5794 }, // U+015E
    { 10, 17, 10, 0, 12, 22, 5824 }, // U+015F
    { 12, 20, 13, 0, 19, 30, 5846 }, // U+0160
    { 10, 17, 10, 0, 16, 22, 5876 }, // U+0161
    { 12, 20, 12, 0, 15, 30, 5898 }, // U+0162
    { 8, 19, 9, 0, 14, 19, 5928 }, // U+0163
    { 12, 19, 12, 0, 19, 29, 5947 }, // U+0164
    { 8, 18, 9, 0, 17, 18, 5976 }, // U+0165
    { 13, 19, 17, 2, 18, 31, 5994 }, // U+016A
    { 12, 16, 14, 1, 15, 24, 6025 }, // U+016B
    { 13, 21, 17, 2, 20, 35, 6049 }, // U+016E
    { 12, 18, 14, 1, 17, 27, 6084 }, // U+016F
    { 13, 20, 17, 2, 19, 33, 6111 }, // U+0170
    { 12, 17, 14, 1, 16, 26, 6144 }, // U+0171
    { 13, 20, 17, 2, 15, 33, 6170 }, // U+0172
    { 12, 17, 14, 1, 12, 26, 6203 }, // U+0173
    { 14, 19, 13, 0, 19, 34, 6229 }, // U+0178
    { 13, 19, 14, 0, 19, 31, 6263 }, // U+0179
    { 10, 16, 11, 0, 16, 20, 6294 }, // U+017A
    { 13, 19, 14, 0, 19, 31, 6314 }, // U+017B
    { 10, 16, 11, 0, 16, 20, 6345 }, // U+017C
    { 13, 19, 14, 0, 19, 31, 6365 }, // U+017D
    { 10, 16, 11, 0, 16, 20, 6396 }, // U+017E
    { 6, 4, 0, 2, 16, 3, 6416 }, // U+0300
    { 6, 4, 0, 4, 16, 3, 6419 }, // U+0301
    { 8, 4, 0, 2, 16, 4, 6422 }, // U+0302
    { 8, 4, 0, 2, 16, 4, 6426 }, // U+0303
    { 7, 2, 0, 3, 15, 2, 6430 }, // U+0304
    { 7, 4, 0, 3, 16, 4, 6432 }, // U+0306
    { 3, 3, 0, 5, 16, 2, 6436 }, // U+0307
    { 7, 3, 0, 3, 16, 3, 6438 }, // U+0308
    { 5, 5, 0, 4, 17, 4, 6441 }, // U+030A
    { 9, 4, 0, 3, 16, 5, 6445 }, // U+030B
    { 8, 4, 0, 2, 16, 4, 6450 }, // U+030C
    { 3, 5, 0, 5, -1, 2, 6454 }, // U+0326
    { 5, 6, 0, 4, 1, 4, 6456 }, // U+0327
    { 5, 6, 0, 1, 1, 4, 6460 }, // U+0328
    { 11, 19, 14, 2, 19, 27, 6464 }, // U+0400
    { 11, 19, 14, 2, 19, 27, 6491 }, // U+0401
    { 17, 16, 17, 0, 15, 34, 6518 }, // U+0402
    { 10, 19, 12, 2, 19, 24, 6552 }, // U+0403
    { 14, 16, 15, 1, 15, 28, 6576 }, // U+0404
    { 12, 16, 13, 1, 15, 24, 6604 }, // U+0405
    { 3, 15, 6, 2, 15, 6, 6628 }, // U+0406
    { 6, 19, 6, 0, 19, 15, 6634 }, // U+0407
    { 9, 16, 11, 0, 15, 18, 6649 }, // U+0408
    { 24, 16, 25, 0, 15, 48, 6667 }, // U+0409
    { 23, 15, 25, 2, 15, 44, 6715 }, // U+040A
    { 17, 15, 18, 0, 15, 32, 6759 }, // U+040B
    { 13, 19, 15, 2, 19, 31, 6791 }, // U+040C
    { 13, 19, 17, 2, 19, 31, 6822 }, // U+040D
    { 15, 20, 14, 0, 19, 38, 6853 }, // U+040E
    { 13, 19, 17, 2, 15, 31, 6891 }, // U+040F
    { 16, 15, 16, 0, 15, 30, 6922 }, // U+0410
    { 13, 15, 15, 2, 15, 25, 6952 }, // U+0411
    { 13, 15, 16, 2, 15, 25, 6977 }, // U+0412
    { 10, 15, 12, 2, 15, 19, 7002 }, // U+0413
    { 16, 19, 17, 0, 15, 38, 7021 }, // U+0414
    { 11, 15, 14, 2, 15, 21, 7059 }, // U+0415
    { 21, 15, 21, 0, 15, 40, 7080 }, // U+0416
    { 12, 16, 13, 0, 15, 24, 7120 }, // U+0417
    { 13, 15, 17, 2, 15, 25, 7144 }, // U+0418
    { 13, 19, 17, 2, 19, 31, 7169 }, // U+0419
    { 13, 15, 15, 2, 15, 25, 7200 }, // U+041A
    { 14, 16, 16, 0, 15, 28, 7225 }, // U+041B
    { 16, 15, 20, 2, 15, 30, 7253 }, // U+041C
    { 13, 15, 17, 2, 15, 25, 7283 }, // U+041D
    { 16, 16, 18, 1, 15, 32, 7308 }, // U+041E
    { 13, 15, 17, 2, 15, 25, 7340 }, // U+041F
    { 12, 15, 15, 2, 15, 23, 7365 }, // U+0420
    { 14, 16, 15, 1, 15, 28, 7388 }, // U+0421
    { 13, 15, 12, 0, 15, 25, 7416 }, // U+0422
    { 15, 16, 14, 0, 15, 30, 7441 }, // U+0423
    { 18, 17, 19, 1, 16, 39, 7471 }, // U+0424
    { 14, 15, 14, 0, 15, 27, 7510 }, // U+0425
    { 15, 19, 17, 2, 15, 36, 7537 }, // U+0426
    { 13, 15, 15, 0, 15, 25, 7573 }, // U+0427
    { 19, 15, 23, 2, 15, 36, 7598 }, // U+0428
    { 21, 19, 23, 2, 15, 50, 7634 }, // U+0429
    { 17, 15, 17, 0, 15, 32, 7684 }, // U+042A
    { 17, 15, 21, 2, 15, 32, 7716 }, // U+042B
    { 12, 15, 15, 2, 15, 23, 7748 }, // U+042C
    { 14, 16, 15, 0, 15, 28, 7771 }, // U+042D
    { 20, 16, 23, 2, 15, 40, 7799 }, // U+042E
    { 12, 15, 15, 1, 15, 23, 7839 }, // U+042F
    { 10, 13, 12, 1, 12, 17, 7862 }, // U+0430
    { 12, 17, 14, 1, 16, 26, 7879 }, // U+0431
    { 10, 12, 13, 2, 12, 15, 7905 }, // U+0432
    { 8, 12, 10, 2, 12, 12, 7920 }, // U+0433
    { 13, 15, 14, 0, 12, 25, 7932 }, // U+0434
    { 11, 13, 13, 1, 12, 18, 7957 }, // U+0435
    { 17, 12, 17, 0, 12, 26, 7975 }, // U+0436
    { 10, 13, 11, 0, 12, 17, 8001 }, // U+0437
    { 11, 12, 14, 2, 12, 17, 8018 }, // U+0438
    { 11, 16, 14, 2, 16, 22, 8035 }, // U+0439
    { 10, 12, 12, 2, 12, 15, 8057 }, // U+043A
    { 12, 13, 13, 0, 12, 20, 8072 }, // U+043B
    { 13, 12, 17, 2, 12, 20, 8092 }, // U+043C
    { 11, 12, 14, 2, 12, 17, 8112 }, // U+043D
    { 12, 13, 13, 1, 12, 20, 8129 }, // U+043E
    { 11, 12, 14, 2, 12, 17, 8149 }, // U+043F
    { 12, 17, 14, 2, 12, 26, 8166 }, // U+0440
    { 11, 13, 12, 1, 12, 18, 8192 }, // U+0441
    { 10, 12, 10, 0, 12, 15, 8210 }, // U+0442
    { 13, 17, 12, -1, 12, 28, 8225 }, // U+0443
    { 15, 21, 16, 1, 16, 40, 8253 }, // U+0444
    { 11, 12, 11, 0, 12, 17, 8293 }, // U+0445
    { 12, 15, 14, 2, 12, 23, 8310 }, // U+0446
    { 11, 12, 13, 0, 12, 17, 8333 }, // U+0447
    { 16, 12, 19, 2, 12, 24, 8350 }, // U+0448
    { 18, 15, 19, 2, 12, 34, 8374 }, // U+0449
    { 13, 12, 13, 0, 12, 20, 8408 }, // U+044A
    { 13, 13, 16, 2, 12, 22, 8428 }, // U+044B
    { 10, 13, 12, 2, 12, 17, 8450 }, // U+044C
    { 11, 13, 12, 0, 12, 18, 8467 }, // U+044D
    { 16, 13, 18, 2, 12, 26, 8485 }, // U+044E
    { 10, 12, 13, 1, 12, 15, 8511 }, // U+044F
    { 11, 17, 13, 1, 16, 24, 8526 }, // U+0450
    { 11, 17, 13, 1, 16, 24, 8550 }, // U+0451
    { 14, 21, 14, -1, 16, 37, 8574 }, // U+0452
    { 8, 16, 10, 2, 16, 16, 8611 }, // U+0453
    { 11, 13, 12, 1, 12, 18, 8627 }, // U+0454
    { 11, 13, 11, 0, 12, 18, 8645 }, // U+0455
    { 3, 16, 6, 1, 16, 6, 8663 }, // U+0456
    { 6, 16, 6, 0, 16, 12, 8669 }, // U+0457
    { 6, 21, 6, -2, 16, 16, 8681 }, // U+0458
    { 19, 13, 19, 0, 12, 31, 8697 }, // U+0459
    { 18, 12, 20, 2, 12, 27, 8728 }, // U+045A
    { 14, 16, 14, -1, 16, 28, 8755 }, // U+045B
    { 10, 16, 12, 2, 16, 20, 8783 }, // U+045C
    { 11, 16, 14, 2, 16, 22, 8803 }, // U+045D
    { 13, 21, 12, -1, 16, 35, 8825 }, // U+045E
    { 10, 15, 13, 2, 12, 19, 8860 }, // U+045F
    { 16, 16, 17, 0, 16, 32, 8879 }, // U+0462
    { 12, 17, 13, 0, 16, 26, 8911 }, // U+0463
    { 19, 15, 19, 0, 15, 36, 8937 }, // U+046A
    { 14, 12, 14, 0, 12, 21, 8973 }, // U+046B
    { 16, 16, 18, 1, 15, 32, 8994 }, // U+0472
    { 12, 13, 14, 1, 12, 20, 9026 }, // U+0473
    { 16, 16, 16, 0, 16, 32, 9046 }, // U+0474
    { 13, 12, 12, 0, 12, 20, 9078 }, // U+0475
    { 15, 23, 18, 2, 19, 44, 9098 }, // U+048A
    { 13, 19, 15, 2, 16, 31, 9142 }, // U+048B
    { 15, 16, 15, 0, 16, 30, 9173 }, // U+048C
    { 12, 13, 12, 0, 12, 20, 9203 }, // U+048D
    { 12, 15, 15, 2, 15, 23, 9223 }, // U+048E
    { 12, 17, 15, 2, 12, 26, 9246 }, // U+048F
    { 10, 18, 12, 2, 18, 23, 9272 }, // U+0490
    { 8, 14, 9, 2, 14, 14, 9295 }, // U+0491
    { 13, 15, 13, 0, 15, 25, 9309 }, // U+0492
    { 11, 12, 11, 0, 12, 17, 9334 }, // U+0493
    { 12, 19, 15, 2, 15, 29, 9351 }, // U+0494
    { 10, 17, 12, 2, 12, 22, 9380 }, // U+0495
    { 22, 19, 22, 0, 15, 53, 9402 }, // U+0496
    { 18, 15, 18, 0, 12, 34, 9455 }, // U+0497
    { 12, 19, 13, 0, 15, 29, 9489 }, // U+0498
    { 10, 15, 11, 0, 12, 19, 9518 }, // U+0499
    { 14, 19, 16, 2, 15, 34, 9537 }, // U+049A
    { 11, 15, 12, 2, 12, 21, 9571 }, // U+049B
    { 13, 15, 15, 2, 15, 25, 9592 }, // U+049C
    { 11, 12, 13, 2, 12, 17, 9617 }, // U+049D
    { 15, 15, 15, 0, 15, 29, 9634 }, // U+049E
    { 12, 16, 12, 0, 16, 24, 9663 }, // U+049F
    { 17, 15, 17, 0, 15, 32, 9687 }, // U+04A0
    { 14, 12, 14, 0, 12, 21, 9719 }, // U+04A1
    { 16, 19, 18, 2, 15, 38, 9740 }, // U+04A2
    { 12, 15, 15, 2, 12, 23, 9778 }, // U+04A3
    { 21, 15, 23, 2, 15, 40, 9801 }, // U+04A4
    { 17, 12, 18, 2, 12, 26, 9841 }, // U+04A5
    { 23, 19, 25, 2, 15, 55, 9867 }, // U+04A6
    { 18, 17, 20, 2, 12, 39, 9922 }, // U+04A7
    { 18, 16, 20, 1, 15, 36, 9961 }, // U+04A8
    { 15, 13, 16, 1, 12, 25, 9997 }, // U+04A9
    { 14, 19, 15, 1, 15, 34, 10022 }, // U+04AA
    { 11, 15, 12, 1, 12, 21, 10056 }, // U+04AB
    { 13, 19, 12, 0, 15, 31, 10077 }, // U+04AC
    { 10, 15, 10, 0, 12, 19, 10108 }, // U+04AD
    { 14, 15, 14, 0, 15, 27, 10127 }, // U+04AE
    { 12, 17, 12, 0, 12, 26, 10154 }, // U+04AF
    { 14, 15, 14, 0, 15, 27, 10180 }, // U+04B0
    { 12, 17, 12, 0, 12, 26, 10207 }, // U+04B1
    { 15, 19, 14, 0, 15, 36, 10233 }, // U+04B2
    { 12, 15, 11, 0, 12, 23, 10269 }, // U+04B3
    { 20, 19, 20, 0, 15, 48, 10292 }, // U+04B4
    { 16, 15, 16, 0, 12, 30, 10340 }, // U+04B5
    { 15, 19, 16, 0, 15, 36, 10370 }, // U+04B6
    { 13, 15, 13, 0, 12, 25, 10406 }, // U+04B7
    { 13, 15, 15, 0, 15, 25, 10431 }, // U+04B8
    { 11, 12, 13, 0, 12, 17, 10456 }, // U+04B9
    { 13, 15, 15, 2, 15, 25, 10473 }, // U+04BA
    { 11, 16, 14, 2, 16, 22, 10498 }, // U+04BB
    { 20, 16, 20, 0, 15, 40, 10520 }, // U+04BC
    { 15, 13, 16, 0, 12, 25, 10560 }, // U+04BD
    { 20, 19, 20, 0, 15, 48, 10585 }, // U+04BE
    { 15, 15, 16, 0, 12, 29, 10633 }, // U+04BF
    { 3, 15, 7, 2, 15, 6, 10662 }, // U+04C0
    { 21, 19, 21, 0, 19, 50, 10668 }, // U+04C1
    { 17, 16, 17, 0, 16, 34, 10718 }, // U+04C2
    { 13, 20, 15, 2, 15, 33, 10752 }, // U+04C3
    { 10, 17, 12, 2, 12, 22, 10785 }, // U+04C4
    { 17, 19, 17, 0, 15, 41, 10807 }, // U+04C5
    { 13, 15, 14, 0, 12, 25, 10848 }, // U+04C6
    { 13, 20, 17, 2, 15, 33, 10873 }, // U+04C7
    { 11, 17, 14, 2, 12, 24, 10906 }, // U+04C8
    { 15, 19, 18, 2, 15, 36, 10930 }, // U+04C9
    { 12, 15, 15, 2, 12, 23, 10966 }, // U+04CA
    { 12, 19, 15, 1, 15, 29, 10989 }, // U+04CB
    { 11, 15, 13, 0, 12, 21, 11018 }, // U+04CC
    { 18, 19, 21, 2, 15, 43, 11039 }, // U+04CD
    { 15, 15, 17, 2, 12, 29, 11082 }, // U+04CE
    { 2, 16, 6, 2, 16, 4, 11111 }, // U+04CF
    { 16, 19, 16, 0, 19, 38, 11115 }, // U+04D0
    { 10, 17, 12, 1, 16, 22, 11153 }, // U+04D1
    { 16, 19, 16, 0, 19, 38, 11175 }, // U+04D2
    { 10, 17, 12, 1, 16, 22, 11213 }, // U+04D3
    { 21, 15, 22, 0, 15, 40, 11235 }, // U+04D4
    { 19, 13, 21, 1, 12, 31, 11275 }, // U+04D5
    { 11, 19, 14, 2, 19, 27, 11306 }, // U+04D6
    { 11, 17, 13, 1, 16, 24, 11333 }, // U+04D7
    { 17, 16, 17, 0, 15, 34, 11357 }, // U+04D8
    { 12, 13, 13, 0, 12, 20, 11391 }, // U+04D9
    { 17, 20, 17, 0, 19, 43, 11411 }, // U+04DA
    { 12, 17, 13, 0, 16, 26, 11454 }, // U+04DB
    { 21, 19, 21, 0, 19, 50, 11480 }, // U+04DC
    { 17, 16, 17, 0, 16, 34, 11530 }, // U+04DD
    { 12, 20, 13, 0, 19, 30, 11564 }, // U+04DE
    { 10, 17, 11, 0, 16, 22, 11594 }, // U+04DF
    { 12, 16, 13, 0, 15, 24, 11616 }, // U+04E0
    { 12, 17, 11, -1, 12, 26, 11640 }, // U+04E1
    { 13, 18, 17, 2, 18, 30, 11666 }, // U+04E2
    { 11, 15, 14, 2, 15, 21, 11696 }, // U+04E3
    { 13, 19, 17, 2, 19, 31, 11717 }, // U+04E4
    { 11, 16, 14, 2, 16, 22, 11748 }, // U+04E5
    { 16, 20, 18, 1, 19, 40, 11770 }, // U+04E6
    { 12, 17, 13, 1, 16, 26, 11810 }, // U+04E7
    { 16, 16, 18, 1, 15, 32, 11836 }, // U+04E8
    { 12, 13, 13, 1, 12, 20, 11868 }, // U+04E9
    { 16, 20, 18, 1, 19, 40, 11888 }, // U+04EA
    { 12, 17, 13, 1, 16, 26, 11928 }, // U+04EB
    { 14, 20, 15, 0, 19, 35, 11954 }, // U+04EC
    { 11, 17, 12, 0, 16, 24, 11989 }, // U+04ED
    { 15, 19, 14, 0, 18, 36, 12013 }, // U+04EE
    { 13, 20, 12, -1, 15, 33, 12049 }, // U+04EF
    { 15, 20, 14, 0, 19, 38, 12082 }, // U+04F0
    { 13, 21, 12, -1, 16, 35, 12120 }, // U+04F1
    { 15, 20, 14, 0, 19, 38, 12155 }, // U+04F2
    { 13, 21, 12, -1, 16, 35, 12193 }, // U+04F3
    { 13, 19, 15, 0, 19, 31, 12228 }, // U+04F4
    { 11, 16, 13, 0, 16, 22, 12259 }, // U+04F5
    { 10, 19, 12, 2, 15, 24, 12281 }, // U+04F6
    { 8, 15, 10, 2, 12, 15, 12305 }, // U+04F7
    { 17, 19, 21, 2, 19, 41, 12320 }, // U+04F8
    { 13, 17, 16, 2, 16, 28, 12361 }, // U+04F9
    { 13, 20, 13, 0, 15, 33, 12389 }, // U+04FA
    { 10, 17, 10, 0, 12, 22, 12422 }, // U+04FB
    { 14, 20, 14, 0, 15, 35, 12444 }, // U+04FC
    { 11, 17, 11, 0, 12, 24, 12479 }, // U+04FD
    { 14, 15, 14, 0, 15, 27, 12503 }, // U+04FE
    { 12, 12, 12, 0, 12, 18, 12530 }, // U+04FF
    { 11, 2, 11, 0, 7, 3, 12548 }, // U+2013
    { 21, 2, 21, 0, 7, 6, 12551 }, // U+2014
    { 3, 6, 4, 1, 16, 3, 12557 }, // U+2018
    { 3, 6, 4, 1, 16, 3, 12560 }, // U+2019
    { 3, 7, 4, 1, 3, 3, 12563 }, // U+201A
    { 6, 6, 8, 1, 16, 5, 12566 }, // U+201C
    { 6, 6, 8, 1, 16, 5, 12571 }, // U+201D
    { 6, 7, 8, 1, 3, 6, 12576 }, // U+201E
    { 11, 20, 11, 0, 15, 28, 12582 }, // U+2020
    { 11, 20, 11, 0, 15, 28, 12610 }, // U+2021
    { 4, 4, 6, 1, 8, 2, 12638 }, // U+2022
    { 12, 4, 14, 1, 3, 6, 12640 }, // U+2026
    { 25, 16, 25, 0, 15, 50, 12646 }, // U+2030
    { 5, 9, 6, 1, 10, 6, 12696 }, // U+2039
    { 6, 9, 6, 0, 10, 7, 12702 }, // U+203A
    { 12, 15, 4, -4, 15, 23, 12709 }, // U+2044
    { 9, 9, 9, 0, 16, 11, 12732 }, // U+2074
    { 16, 16, 17, 0, 15, 32, 12743 }, // U+20AC
    { 13, 17, 15, 1, 16, 28, 12775 }, // U+2202
    { 13, 20, 17, 2, 15, 33, 12803 }, // U+220F
    { 13, 20, 14, 0, 15, 33, 12836 }, // U+2211
    { 10, 2, 12, 1, 8, 3, 12869 }, // U+2212
    { 9, 21, 7, -1, 18, 24, 12872 }, // U+2215
    { 3, 3, 6, 1, 9, 2, 12896 }, // U+2219
    { 16, 21, 17, 1, 16, 42, 12898 }, // U+221A
    { 19, 9, 19, 0, 12, 22, 12940 }, // U+221E
    { 10, 21, 8, -1, 16, 27, 12962 }, // U+222B
    { 10, 9, 12, 1, 12, 12, 12989 }, // U+2248
    { 10, 12, 12, 1, 13, 15, 13001 }, // U+2260
    { 10, 13, 12, 1, 13, 17, 13016 }, // U+2264
    { 10, 13, 12, 1, 13, 17, 13033 }, // U+2265
};

static const EpdUnicodeInterval montserrat_10_regularIntervals[] = {
    { 0xD, 0xD, 0x0 },
    { 0x20, 0x7E, 0x1 },
    { 0xA0, 0xAC, 0x60 },
    { 0xAE, 0xFF, 0x6D },
    { 0x100, 0x107, 0xBF },
    { 0x10A, 0x113, 0xC7 },
    { 0x116, 0x11B, 0xD1 },
    { 0x11E, 0x123, 0xD7 },
    { 0x126, 0x127, 0xDD },
    { 0x12A, 0x12B, 0xDF },
    { 0x12E, 0x12F, 0xE1 },
    { 0x131, 0x131, 0xE3 },
    { 0x136, 0x137, 0xE4 },
    { 0x13B, 0x13E, 0xE6 },
    { 0x141, 0x148, 0xEA },
    { 0x150, 0x155, 0xF2 },
    { 0x158, 0x15B, 0xF8 },
    { 0x15E, 0x165, 0xFC },
    { 0x16A, 0x16B, 0x104 },
    { 0x16E, 0x173, 0x106 },
    { 0x178, 0x17E, 0x10C },
    { 0x300, 0x304, 0x113 },
    { 0x306, 0x308, 0x118 },
    { 0x30A, 0x30C, 0x11B },
    { 0x326, 0x328, 0x11E },
    { 0x400, 0x45F, 0x121 },
    { 0x462, 0x463, 0x181 },
    { 0x46A, 0x46B, 0x183 },
    { 0x472, 0x475, 0x185 },
    { 0x48A, 0x4FF, 0x189 },
    { 0x2013, 0x2014, 0x1FF },
    { 0x2018, 0x201A, 0x201 },
    { 0x201C, 0x201E, 0x204 },
    { 0x2020, 0x2022, 0x207 },
    { 0x2026, 0x2026, 0x20A },
    { 0x2030, 0x2030, 0x20B },
    { 0x2039, 0x203A, 0x20C },
    { 0x2044, 0x2044, 0x20E },
    { 0x2074, 0x2074, 0x20F },
    { 0x20AC, 0x20AC, 0x210 },
    { 0x2202, 0x2202, 0x211 },
    { 0x220F, 0x220F, 0x212 },
    { 0x2211, 0x2212, 0x213 },
    { 0x2215, 0x2215, 0x215 },
    { 0x2219, 0x221A, 0x216 },
    { 0x221E, 0x221E, 0x218 },
    { 0x222B, 0x222B, 0x219 },
    { 0x2248, 0x2248, 0x21A },
    { 0x2260, 0x2260, 0x21B },
    { 0x2264, 0x2265, 0x21C },
};

static const EpdFontData montserrat_10_regular = {
    montserrat_10_regularBitmaps,
    sizeof(montserrat_10_regularBitmaps),
    montserrat_10_regularGlyphs,
    montserrat_10_regularIntervals,
    50,
    25,
    21,
    -6,
    false,
};
