/**
 * generated by fontconvert.py
 * name: montserrat_16_bolditalic
 * size: 16
 * mode: 1-bit
 * Command used: /var/folders/d8/ppw4t5jd78jbkx_rzkk5nwlm0000gn/T/inx-montserrat-converter-pxre4cbt/fontconvert.py montserrat_16_bolditalic 16 /Users/macganibo/Desktop/reader/inx-pro/fontcon/Montserrat-BoldItalic.ttf --reader-latin --legacy-header
 */
#pragma once
#include "EpdFontData.h"

static const uint8_t montserrat_16_bolditalicBitmaps[37988] = {
    0x00, 0x01, 0xFC, 0x3F, 0x87, 0xE0, 0xFC, 0x1F, 0x87, 0xF0, 0xFC, 0x1F, 0x83, 0xF0, 0x7C, 0x0F,
    0x81, 0xF0, 0x7E, 0x0F, 0x81, 0xF0, 0x00, 0x00, 0x00, 0xF0, 0x3F, 0x0F, 0xE1, 0xFC, 0x3F, 0x83,
    0xE0, 0x30, 0x00, 0x00, 0x00, 0xF9, 0xF3, 0xE7, 0xCF, 0xBE, 0x7C, 0xF9, 0xF3, 0xE7, 0xCF, 0x9F,
    0x3C, 0x78, 0xF1, 0xE7, 0xC7, 0x8F, 0x00, 0x00, 0x00, 0x00, 0x00, 0x0F, 0x87, 0x80, 0x03, 0xE1,
    0xE0, 0x00, 0xF0, 0xF8, 0x00, 0x7C, 0x3E, 0x00, 0x1F, 0x0F, 0x00, 0xFF, 0xFF, 0xFC, 0x3F, 0xFF,
    0xFF, 0x0F, 0xFF, 0xFF, 0xC3, 0xFF, 0xFF, 0xF0, 0x1F, 0x0F, 0x80, 0x07, 0xC3, 0xC0, 0x01, 0xE1,
    0xF0, 0x00, 0x78, 0x7C, 0x00, 0x3E, 0x1E, 0x01, 0xFF, 0xFF, 0xF8, 0x7F, 0xFF, 0xFE, 0x1F, 0xFF,
    0xFF, 0x87, 0xFF, 0xFF, 0xE0, 0x1E, 0x1F, 0x00, 0x0F, 0x87, 0x80, 0x03, 0xE1, 0xE0, 0x00, 0xF0,
    0xF8, 0x00, 0x7C, 0x3C, 0x00, 0x00, 0x00, 0x00, 0x00, 0x0F, 0x00, 0x00, 0x1E, 0x00, 0x00, 0x3C,
    0x00, 0x01, 0xFC, 0x00, 0x1F, 0xFF, 0x00, 0xFF, 0xFF, 0x83, 0xFF, 0xFE, 0x07, 0xFF, 0xFC, 0x1F,
    0xFE, 0xF0, 0x3F, 0x3C, 0x20, 0x7E, 0xF0, 0x00, 0xFD, 0xE0, 0x01, 0xFF, 0xC0, 0x03, 0xFF, 0x80,
    0x07, 0xFF, 0xE0, 0x07, 0xFF, 0xE0, 0x03, 0xFF, 0xE0, 0x01, 0xFF, 0xE0, 0x01, 0xFF, 0xC0, 0x03,
    0xDF, 0x80, 0x0F, 0x3F, 0x0E, 0x1E, 0x7E, 0x1F, 0xBF, 0xF8, 0x7F, 0xFF, 0xF0, 0xFF, 0xFF, 0xC1,
    0xFF, 0xFF, 0x00, 0xFF, 0xF8, 0x00, 0x1F, 0x80, 0x00, 0x1E, 0x00, 0x00, 0x3C, 0x00, 0x00, 0xF0,
    0x00, 0x07, 0x80, 0x00, 0x07, 0xF8, 0x03, 0xE3, 0xFF, 0x01, 0xF1, 0xFF, 0xC0, 0xF8, 0x78, 0xF0,
    0x7E, 0x3E, 0x3C, 0x1F, 0x0F, 0x0F, 0x0F, 0x83, 0xC3, 0xC7, 0xC0, 0xF0, 0xF3, 0xE0, 0x3C, 0x7D,
    0xF0, 0x0F, 0xFE, 0xF8, 0x01, 0xFF, 0x7C, 0xF0, 0x3F, 0xBF, 0x7F, 0x03, 0x8F, 0xFF, 0xE0, 0x07,
    0xDF, 0xFC, 0x03, 0xEF, 0x8F, 0x01, 0xF3, 0xC3, 0xC0, 0xF8, 0xF0, 0xF0, 0x7C, 0x3C, 0x3C, 0x3E,
    0x0F, 0x1F, 0x1F, 0x83, 0xC7, 0x87, 0xC0, 0xFF, 0xE3, 0xE0, 0x1F, 0xF1, 0xF0, 0x03, 0xF8, 0x00,
    0x00, 0x30, 0x00, 0x00, 0x1F, 0x00, 0x00, 0xFF, 0xC0, 0x01, 0xFF, 0xE0, 0x03, 0xFF, 0xF0, 0x03,
    0xFF, 0xF0, 0x07, 0xE1, 0xF0, 0x07, 0xE1, 0xF0, 0x07, 0xE3, 0xF0, 0x07, 0xEF, 0xE0, 0x03, 0xFF,
    0xC0, 0x03, 0xFF, 0x80, 0x07, 0xFE, 0x00, 0x0F, 0xFE, 0x1C, 0x1F, 0xFF, 0x3E, 0x3F, 0xFF, 0xBE,
    0x7E, 0x3F, 0xFE, 0x7C, 0x1F, 0xFC, 0xFC, 0x0F, 0xF8, 0xFC, 0x07, 0xF8, 0xFE, 0x0F, 0xF8, 0x7F,
    0xFF, 0xFC, 0x7F, 0xFF, 0xFC, 0x3F, 0xFF, 0xF8, 0x1F, 0xFE, 0x70, 0x03, 0xF0, 0x20, 0x00, 0x7C,
    0xF9, 0xF7, 0xCF, 0x9F, 0x3E, 0x78, 0xF1, 0xE0, 0x00, 0xFC, 0x07, 0xE0, 0x3F, 0x80, 0xFC, 0x07,
    0xE0, 0x1F, 0x80, 0xFC, 0x03, 0xF0, 0x1F, 0x80, 0x7E, 0x03, 0xF0, 0x0F, 0xC0, 0x3F, 0x00, 0xF8,
    0x07, 0xE0, 0x1F, 0x80, 0x7E, 0x01, 0xF8, 0x07, 0xC0, 0x1F, 0x00, 0x7C, 0x01, 0xF0, 0x07, 0xC0,
    0x1F, 0x00, 0x7C, 0x01, 0xF0, 0x07, 0xE0, 0x1F, 0x80, 0x7E, 0x00, 0xF8, 0x03, 0xE0, 0x0F, 0xC0,
    0x03, 0xE0, 0x1F, 0x80, 0xFC, 0x03, 0xE0, 0x1F, 0x80, 0xFC, 0x07, 0xE0, 0x3F, 0x01, 0xF8, 0x0F,
    0xC0, 0x7E, 0x03, 0xF0, 0x1F, 0x80, 0xFC, 0x07, 0xE0, 0x3F, 0x01, 0xF0, 0x1F, 0x80, 0xFC, 0x07,
    0xE0, 0x3E, 0x03, 0xF0, 0x1F, 0x81, 0xF8, 0x0F, 0xC0, 0xFC, 0x07, 0xE0, 0x7E, 0x03, 0xF0, 0x3F,
    0x03, 0xF0, 0x1F, 0x80, 0x01, 0xE0, 0x01, 0xE0, 0x19, 0xE4, 0x3D, 0xFE, 0x3F, 0xFE, 0x3F, 0xFE,
    0x1F, 0xF8, 0x1F, 0xF0, 0x7F, 0xFC, 0x7F, 0xFC, 0x7F, 0xBC, 0x27, 0x98, 0x07, 0x80, 0x07, 0x80,
    0x00, 0xF0, 0x00, 0xF8, 0x00, 0x7C, 0x00, 0x3E, 0x00, 0x1F, 0x00, 0x1F, 0x81, 0xFF, 0xFF, 0xFF,
    0xFF, 0xFF, 0xFF, 0xFF, 0xFF, 0xBF, 0xFF, 0xC0, 0xF8, 0x00, 0x7C, 0x00, 0x3E, 0x00, 0x1F, 0x00,
    0x0F, 0x80, 0x00, 0x00, 0x00, 0x00, 0x0F, 0x8F, 0xC7, 0xF3, 0xF9, 0xF8, 0xFC, 0x7C, 0x3E, 0x1E,
    0x1E, 0x0F, 0x00, 0x00, 0x7F, 0xEF, 0xFF, 0xFF, 0xFF, 0xEF, 0xFC, 0x00, 0x3E, 0x7E, 0x7F, 0x7F,
    0x7E, 0x7E, 0x18, 0x00, 0x00, 0x7C, 0x00, 0x01, 0xF8, 0x00, 0x03, 0xE0, 0x00, 0x0F, 0xC0, 0x00,
    0x1F, 0x00, 0x00, 0x7E, 0x00, 0x00, 0xF8, 0x00, 0x03, 0xF0, 0x00, 0x0F, 0xC0, 0x00, 0x1F, 0x80,
    0x00, 0x7E, 0x00, 0x00, 0xF8, 0x00, 0x03, 0xF0, 0x00, 0x07, 0xC0, 0x00, 0x1F, 0x80, 0x00, 0x3E,
    0x00, 0x00, 0xFC, 0x00, 0x01, 0xF0, 0x00, 0x07, 0xE0, 0x00, 0x1F, 0x80, 0x00, 0x3F, 0x00, 0x00,
    0xFC, 0x00, 0x01, 0xF0, 0x00, 0x07, 0xE0, 0x00, 0x0F, 0x80, 0x00, 0x3F, 0x00, 0x00, 0x7C, 0x00,
    0x01, 0xF8, 0x00, 0x03, 0xE0, 0x00, 0x0F, 0xC0, 0x00, 0x3F, 0x00, 0x00, 0x7C, 0x00, 0x00, 0x00,
    0x3E, 0x00, 0x0F, 0xFE, 0x00, 0xFF, 0xF8, 0x0F, 0xFF, 0xE0, 0xFF, 0xFF, 0x0F, 0xF3, 0xFC, 0xFE,
    0x0F, 0xE7, 0xF0, 0x3F, 0x7F, 0x01, 0xFB, 0xF0, 0x0F, 0xDF, 0x80, 0x7E, 0xFC, 0x03, 0xFF, 0xE0,
    0x1F, 0xFE, 0x00, 0xFF, 0xF0, 0x0F, 0xFF, 0x80, 0x7E, 0xFC, 0x07, 0xF7, 0xF0, 0x3F, 0x3F, 0x83,
    0xF8, 0xFF, 0xFF, 0x87, 0xFF, 0xFC, 0x1F, 0xFF, 0xC0, 0x7F, 0xFC, 0x01, 0xFF, 0x80, 0x03, 0xE0,
    0x00, 0x00, 0x07, 0xFE, 0xFF, 0xEF, 0xFE, 0xFF, 0xEF, 0xFC, 0x0F, 0xC0, 0xFC, 0x0F, 0xC0, 0xFC,
    0x1F, 0x81, 0xF8, 0x1F, 0x81, 0xF8, 0x1F, 0x83, 0xF0, 0x3F, 0x03, 0xF0, 0x3F, 0x03, 0xF0, 0x7E,
    0x07, 0xE0, 0x7E, 0x07, 0xE0, 0x00, 0x7E, 0x00, 0x1F, 0xFE, 0x01, 0xFF, 0xF8, 0x1F, 0xFF, 0xE1,
    0xFF, 0xFF, 0x0F, 0xE3, 0xFC, 0x1C, 0x0F, 0xE0, 0x40, 0x3F, 0x00, 0x03, 0xF8, 0x00, 0x1F, 0x80,
    0x01, 0xFC, 0x00, 0x1F, 0xC0, 0x01, 0xFC, 0x00, 0x3F, 0xC0, 0x03, 0xFC, 0x00, 0x3F, 0xC0, 0x03,
    0xFC, 0x00, 0x7F, 0x80, 0x07, 0xF8, 0x00, 0x7F, 0xFF, 0xC7, 0xFF, 0xFE, 0x7F, 0xFF, 0xF3, 0xFF,
    0xFF, 0x1F, 0xFF, 0xF8, 0x00, 0x00, 0x00, 0x0F, 0xFF, 0xF8, 0x1F, 0xFF, 0xF0, 0x3F, 0xFF, 0xE0,
    0x7F, 0xFF, 0xC0, 0xFF, 0xFF, 0x00, 0x01, 0xFC, 0x00, 0x07, 0xF0, 0x00, 0x1F, 0xC0, 0x00, 0x7F,
    0x00, 0x01, 0xFC, 0x00, 0x03, 0xFE, 0x00, 0x0F, 0xFE, 0x00, 0x1F, 0xFE, 0x00, 0x07, 0xFC, 0x00,
    0x01, 0xF8, 0x00, 0x03, 0xF0, 0x00, 0x07, 0xE0, 0x60, 0x1F, 0xC1, 0xFD, 0xFF, 0x87, 0xFF, 0xFE,
    0x0F, 0xFF, 0xF8, 0x1F, 0xFF, 0xE0, 0x0F, 0xFF, 0x00, 0x03, 0xF0, 0x00, 0x00, 0x00, 0x00, 0x00,
    0x0F, 0xE0, 0x00, 0x1F, 0x80, 0x00, 0x7E, 0x00, 0x01, 0xFC, 0x00, 0x07, 0xF0, 0x00, 0x1F, 0xC0,
    0x00, 0x7F, 0x00, 0x01, 0xFC, 0x00, 0x07, 0xF0, 0x00, 0x1F, 0xCF, 0xC0, 0x7F, 0x1F, 0x81, 0xFC,
    0x3F, 0x07, 0xF0, 0x7C, 0x1F, 0xFF, 0xFF, 0x3F, 0xFF, 0xFF, 0xFF, 0xFF, 0xFF, 0xFF, 0xFF, 0xFB,
    0xFF, 0xFF, 0xF3, 0xFF, 0xFF, 0xC0, 0x00, 0xFC, 0x00, 0x01, 0xF8, 0x00, 0x03, 0xF0, 0x00, 0x0F,
    0xC0, 0x00, 0x00, 0x00, 0x07, 0xFF, 0xE0, 0x3F, 0xFF, 0x80, 0xFF, 0xFE, 0x03, 0xFF, 0xF8, 0x1F,
    0xFF, 0xC0, 0x7E, 0x00, 0x01, 0xF0, 0x00, 0x0F, 0xC0, 0x00, 0x3F, 0xF0, 0x00, 0xFF, 0xF8, 0x03,
    0xFF, 0xF0, 0x1F, 0xFF, 0xE0, 0x7F, 0xFF, 0x80, 0x00, 0xFF, 0x00, 0x01, 0xFC, 0x00, 0x03, 0xF0,
    0x00, 0x0F, 0xC3, 0x80, 0x7E, 0x1F, 0xCF, 0xF8, 0x7F, 0xFF, 0xC3, 0xFF, 0xFF, 0x07, 0xFF, 0xF8,
    0x07, 0xFF, 0x80, 0x03, 0xF0, 0x00, 0x00, 0x1F, 0xC0, 0x07, 0xFF, 0xC0, 0xFF, 0xFE, 0x0F, 0xFF,
    0xE0, 0xFF, 0xFF, 0x0F, 0xF8, 0x70, 0xFF, 0x00, 0x07, 0xF0, 0x00, 0x7F, 0x00, 0x03, 0xF3, 0xE0,
    0x1F, 0xFF, 0xC0, 0xFF, 0xFF, 0x8F, 0xFF, 0xFC, 0x7F, 0xFF, 0xF3, 0xFC, 0x3F, 0x9F, 0xC0, 0xFC,
    0xFC, 0x07, 0xE7, 0xE0, 0x3F, 0x1F, 0x81, 0xF8, 0xFE, 0x1F, 0xC3, 0xFF, 0xFC, 0x1F, 0xFF, 0xE0,
    0x7F, 0xFE, 0x00, 0xFF, 0xC0, 0x01, 0xF0, 0x00, 0x00, 0x00, 0x03, 0xFF, 0xFF, 0x9F, 0xFF, 0xFC,
    0xFF, 0xFF, 0xE7, 0xFF, 0xFF, 0x7F, 0xFF, 0xF3, 0xF0, 0x3F, 0x9F, 0x83, 0xF8, 0xF8, 0x1F, 0x80,
    0x01, 0xFC, 0x00, 0x1F, 0xC0, 0x00, 0xFC, 0x00, 0x0F, 0xE0, 0x00, 0xFE, 0x00, 0x07, 0xF0, 0x00,
    0x7F, 0x00, 0x03, 0xF0, 0x00, 0x3F, 0x80, 0x03, 0xF8, 0x00, 0x1F, 0x80, 0x01, 0xFC, 0x00, 0x1F,
    0xC0, 0x00, 0xFE, 0x00, 0x0F, 0xE0, 0x00, 0x00, 0x3F, 0x00, 0x07, 0xFF, 0x80, 0x7F, 0xFF, 0x01,
    0xFF, 0xFE, 0x0F, 0xFF, 0xF8, 0x7F, 0x07, 0xF1, 0xF8, 0x0F, 0xC7, 0xE0, 0x3F, 0x1F, 0x81, 0xF8,
    0x3F, 0x8F, 0xE0, 0xFF, 0xFF, 0x03, 0xFF, 0xF8, 0x1F, 0xFF, 0xE0, 0xFF, 0xFF, 0x87, 0xF8, 0x7F,
    0x1F, 0x80, 0xFC, 0xFE, 0x03, 0xFB, 0xF8, 0x0F, 0xCF, 0xE0, 0x3F, 0x1F, 0xC1, 0xFC, 0x7F, 0xFF,
    0xF0, 0xFF, 0xFF, 0x81, 0xFF, 0xFC, 0x03, 0xFF, 0xC0, 0x01, 0xF8, 0x00, 0x00, 0xFC, 0x00, 0x1F,
    0xFC, 0x03, 0xFF, 0xF0, 0x3F, 0xFF, 0xC1, 0xFF, 0xFF, 0x1F, 0xC1, 0xF8, 0xFC, 0x0F, 0xE7, 0xE0,
    0x3F, 0x3F, 0x01, 0xF9, 0xF8, 0x1F, 0xCF, 0xE1, 0xFE, 0x7F, 0xFF, 0xF1, 0xFF, 0xFF, 0x87, 0xFF,
    0xFC, 0x1F, 0xFF, 0xC0, 0x3E, 0x7E, 0x00, 0x07, 0xF0, 0x00, 0x7F, 0x00, 0x07, 0xF8, 0x70, 0xFF,
    0x87, 0xFF, 0xF8, 0x3F, 0xFF, 0x83, 0xFF, 0xF8, 0x0F, 0xFF, 0x00, 0x0F, 0xC0, 0x00, 0x00, 0x03,
    0xE1, 0xFC, 0x7F, 0x1F, 0xC7, 0xF0, 0xF8, 0x18, 0x00, 0x00, 0x00, 0x00, 0x00, 0x00, 0x0F, 0x87,
    0xE1, 0xFC, 0x7F, 0x1F, 0x87, 0xE0, 0x60, 0x00, 0x00, 0xF8, 0x3F, 0x87, 0xF0, 0xFE, 0x1F, 0xC1,
    0xF0, 0x18, 0x00, 0x00, 0x00, 0x00, 0x00, 0x00, 0x00, 0x3E, 0x0F, 0xC1, 0xFC, 0x3F, 0x87, 0xE0,
    0xFC, 0x1F, 0x03, 0xE0, 0x78, 0x1E, 0x03, 0xC0, 0x00, 0x00, 0x00, 0x00, 0xC0, 0x00, 0xF0, 0x01,
    0xFC, 0x03, 0xFF, 0x07, 0xFF, 0x8F, 0xFF, 0xC7, 0xFF, 0x83, 0xFF, 0x00, 0xFE, 0x00, 0x3F, 0xC0,
    0x0F, 0xFE, 0x01, 0xFF, 0xE0, 0x0F, 0xFF, 0x00, 0xFF, 0xC0, 0x07, 0xE0, 0x00, 0x78, 0x00, 0x02,
    0x00, 0x3F, 0xFF, 0xE7, 0xFF, 0xFC, 0xFF, 0xFF, 0x1F, 0xFF, 0xE3, 0xFF, 0xFC, 0x00, 0x00, 0x00,
    0x00, 0x00, 0x00, 0x00, 0x7F, 0xFF, 0x8F, 0xFF, 0xF3, 0xFF, 0xFE, 0x7F, 0xFF, 0xCF, 0xFF, 0xF0,
    0x0C, 0x00, 0x01, 0xE0, 0x00, 0x7F, 0x00, 0x0F, 0xFC, 0x01, 0xFF, 0xE0, 0x07, 0xFF, 0x80, 0x3F,
    0xF8, 0x00, 0xFF, 0x00, 0x0F, 0xE0, 0x0F, 0xF8, 0x0F, 0xFF, 0x0F, 0xFF, 0x87, 0xFF, 0xC0, 0xFF,
    0xC0, 0x1F, 0xC0, 0x03, 0xC0, 0x00, 0x40, 0x00, 0x00, 0x03, 0xF8, 0x03, 0xFF, 0x83, 0xFF, 0xF1,
    0xFF, 0xFE, 0xFF, 0xFF, 0xFF, 0x8F, 0xF3, 0x81, 0xFC, 0x00, 0x7F, 0x00, 0x1F, 0x80, 0x0F, 0xE0,
    0x07, 0xF0, 0x03, 0xF8, 0x03, 0xFC, 0x00, 0xFC, 0x00, 0x7E, 0x00, 0x1F, 0x80, 0x00, 0x00, 0x00,
    0x00, 0x00, 0x78, 0x00, 0x3F, 0x00, 0x1F, 0xC0, 0x07, 0xF0, 0x01, 0xFC, 0x00, 0x3E, 0x00, 0x06,
    0x00, 0x00, 0x00, 0x01, 0xFC, 0x00, 0x00, 0x0F, 0xFF, 0xC0, 0x00, 0x1F, 0xFF, 0xF8, 0x00, 0x3F,
    0xFF, 0xFF, 0x00, 0x3F, 0xC0, 0x3F, 0xC0, 0x3F, 0x00, 0x07, 0xE0, 0x3F, 0x00, 0x00, 0xF8, 0x3E,
    0x07, 0x87, 0xBC, 0x3E, 0x1F, 0xF7, 0xDF, 0x1F, 0x1F, 0xFF, 0xE7, 0x9F, 0x1F, 0xFF, 0xF3, 0xCF,
    0x1F, 0xFF, 0xF9, 0xE7, 0x8F, 0xC1, 0xF8, 0xF7, 0xCF, 0xC0, 0xFC, 0x7B, 0xC7, 0xC0, 0x3E, 0x3D,
    0xE3, 0xE0, 0x1F, 0x1E, 0xF1, 0xF0, 0x1F, 0x8F, 0x78, 0xF8, 0x0F, 0x87, 0xBC, 0x7C, 0x07, 0xC7,
    0x9E, 0x3F, 0x0F, 0xE7, 0xCF, 0x1F, 0xFF, 0xFF, 0xC7, 0xC7, 0xFF, 0xFF, 0xE3, 0xE1, 0xFF, 0xFF,
    0xE0, 0xF8, 0x7F, 0x9F, 0xE0, 0x7E, 0x06, 0x01, 0x80, 0x1F, 0x80, 0x00, 0x00, 0x07, 0xF0, 0x06,
    0x00, 0x01, 0xFF, 0xFF, 0x00, 0x00, 0x7F, 0xFF, 0x80, 0x00, 0x1F, 0xFF, 0xC0, 0x00, 0x01, 0xFF,
    0x80, 0x00, 0x00, 0x00, 0x00, 0x00, 0x00, 0x3F, 0x80, 0x00, 0x0F, 0xF0, 0x00, 0x01, 0xFE, 0x00,
    0x00, 0x7F, 0xC0, 0x00, 0x1F, 0xFC, 0x00, 0x03, 0xFF, 0x80, 0x00, 0xFF, 0xF0, 0x00, 0x1F, 0xBE,
    0x00, 0x07, 0xE7, 0xE0, 0x01, 0xF8, 0xFC, 0x00, 0x3F, 0x1F, 0x80, 0x0F, 0xC1, 0xF0, 0x03, 0xF0,
    0x3F, 0x00, 0x7E, 0x07, 0xE0, 0x1F, 0xFF, 0xFC, 0x07, 0xFF, 0xFF, 0x80, 0xFF, 0xFF, 0xF8, 0x3F,
    0xFF, 0xFF, 0x0F, 0xE0, 0x07, 0xE1, 0xF8, 0x00, 0xFC, 0x7F, 0x00, 0x0F, 0xDF, 0xC0, 0x01, 0xFB,
    0xF0, 0x00, 0x3F, 0x00, 0x00, 0x00, 0x03, 0xFF, 0xFE, 0x01, 0xFF, 0xFF, 0x80, 0xFF, 0xFF, 0xE0,
    0xFF, 0xFF, 0xF8, 0x7E, 0x03, 0xFC, 0x3F, 0x00, 0xFE, 0x1F, 0x80, 0x7F, 0x0F, 0xC0, 0x3F, 0x0F,
    0xE0, 0x3F, 0x87, 0xFF, 0xFF, 0x83, 0xFF, 0xFF, 0x81, 0xFF, 0xFF, 0xC0, 0xFF, 0xFF, 0xF0, 0xFF,
    0xFF, 0xF8, 0x7E, 0x00, 0xFE, 0x3F, 0x00, 0x3F, 0x1F, 0x80, 0x1F, 0x8F, 0xC0, 0x1F, 0xCF, 0xE0,
    0x3F, 0xC7, 0xFF, 0xFF, 0xE3, 0xFF, 0xFF, 0xE1, 0xFF, 0xFF, 0xE0, 0xFF, 0xFF, 0xC0, 0x00, 0x1F,
    0xC0, 0x00, 0x7F, 0xFC, 0x00, 0x7F, 0xFF, 0x80, 0xFF, 0xFF, 0xE0, 0xFF, 0xFF, 0xF0, 0xFF, 0xE7,
    0xF8, 0x7F, 0x00, 0x70, 0x7F, 0x00, 0x10, 0x3F, 0x00, 0x00, 0x3F, 0x80, 0x00, 0x1F, 0x80, 0x00,
    0x0F, 0xC0, 0x00, 0x0F, 0xE0, 0x00, 0x07, 0xE0, 0x00, 0x03, 0xF0, 0x00, 0x01, 0xFC, 0x00, 0x00,
    0x7E, 0x00, 0x00, 0x3F, 0x80, 0x18, 0x1F, 0xE0, 0x3E, 0x07, 0xFF, 0xFF, 0x03, 0xFF, 0xFF, 0xC0,
    0xFF, 0xFF, 0xC0, 0x3F, 0xFF, 0xC0, 0x07, 0xFF, 0x80, 0x00, 0x7E, 0x00, 0x00, 0x00, 0x00, 0x00,
    0x00, 0xFF, 0xFF, 0x00, 0x1F, 0xFF, 0xF8, 0x03, 0xFF, 0xFF, 0x80, 0xFF, 0xFF, 0xF8, 0x1F, 0xFF,
    0xFF, 0x83, 0xF0, 0x07, 0xF0, 0x7E, 0x00, 0x7F, 0x0F, 0xC0, 0x0F, 0xE3, 0xF8, 0x00, 0xFC, 0x7E,
    0x00, 0x1F, 0x8F, 0xC0, 0x03, 0xF1, 0xF8, 0x00, 0x7E, 0x3F, 0x00, 0x0F, 0xCF, 0xE0, 0x03, 0xF1,
    0xF8, 0x00, 0x7E, 0x3F, 0x00, 0x1F, 0xC7, 0xE0, 0x07, 0xF0, 0xFC, 0x03, 0xFE, 0x3F, 0xFF, 0xFF,
    0x87, 0xFF, 0xFF, 0xE0, 0xFF, 0xFF, 0xF8, 0x1F, 0xFF, 0xFC, 0x03, 0xFF, 0xFE, 0x00, 0x00, 0x00,
    0x00, 0x07, 0xFF, 0xFE, 0x07, 0xFF, 0xFE, 0x07, 0xFF, 0xFE, 0x0F, 0xFF, 0xFE, 0x0F, 0xFF, 0xFC,
    0x0F, 0xC0, 0x00, 0x0F, 0xC0, 0x00, 0x0F, 0xC0, 0x00, 0x1F, 0xC0, 0x00, 0x1F, 0xFF, 0xF0, 0x1F,
    0xFF, 0xF0, 0x1F, 0xFF, 0xF0, 0x1F, 0xFF, 0xE0, 0x3F, 0xFF, 0xE0, 0x3F, 0x00, 0x00, 0x3F, 0x00,
    0x00, 0x3F, 0x00, 0x00, 0x3F, 0x00, 0x00, 0x7F, 0xFF, 0xF0, 0x7F, 0xFF, 0xF0, 0x7F, 0xFF, 0xF0,
    0x7F, 0xFF, 0xF0, 0x7F, 0xFF, 0xE0, 0x00, 0x00, 0x00, 0x07, 0xFF, 0xFE, 0x07, 0xFF, 0xFE, 0x07,
    0xFF, 0xFE, 0x0F, 0xFF, 0xFE, 0x0F, 0xFF, 0xFC, 0x0F, 0xC0, 0x00, 0x0F, 0xC0, 0x00, 0x0F, 0xC0,
    0x00, 0x1F, 0xC0, 0x00, 0x1F, 0x80, 0x00, 0x1F, 0xFF, 0xF0, 0x1F, 0xFF, 0xF0, 0x1F, 0xFF, 0xE0,
    0x3F, 0xFF, 0xE0, 0x3F, 0xFF, 0xE0, 0x3F, 0x00, 0x00, 0x3F, 0x00, 0x00, 0x3F, 0x00, 0x00, 0x7F,
    0x00, 0x00, 0x7E, 0x00, 0x00, 0x7E, 0x00, 0x00, 0x7E, 0x00, 0x00, 0x7E, 0x00, 0x00, 0x00, 0x0F,
    0xE0, 0x00, 0x3F, 0xFE, 0x00, 0x7F, 0xFF, 0x80, 0xFF, 0xFF, 0xE0, 0xFF, 0xFF, 0xF8, 0xFF, 0xE7,
    0xF8, 0x7F, 0x80, 0x78, 0x7F, 0x00, 0x18, 0x3F, 0x00, 0x00, 0x3F, 0x80, 0x00, 0x1F, 0x80, 0x00,
    0x0F, 0xC0, 0x00, 0x0F, 0xE0, 0x03, 0xE7, 0xE0, 0x03, 0xF3, 0xF0, 0x01, 0xF9, 0xFC, 0x00, 0xFC,
    0x7E, 0x00, 0x7C, 0x3F, 0x80, 0x3E, 0x1F, 0xE0, 0x3F, 0x07, 0xFF, 0xFF, 0x83, 0xFF, 0xFF, 0xC0,
    0xFF, 0xFF, 0xC0, 0x3F, 0xFF, 0xC0, 0x07, 0xFF, 0x80, 0x00, 0x7E, 0x00, 0x00, 0x00, 0x00, 0x00,
    0x00, 0xFC, 0x00, 0xFC, 0x1F, 0x80, 0x1F, 0x83, 0xF0, 0x03, 0xF0, 0xFE, 0x00, 0xFC, 0x1F, 0x80,
    0x1F, 0x83, 0xF0, 0x03, 0xF0, 0x7E, 0x00, 0x7E, 0x0F, 0xC0, 0x0F, 0xC3, 0xF8, 0x03, 0xF0, 0x7F,
    0xFF, 0xFE, 0x0F, 0xFF, 0xFF, 0xC1, 0xFF, 0xFF, 0xF8, 0x3F, 0xFF, 0xFF, 0x0F, 0xFF, 0xFF, 0xC1,
    0xF8, 0x01, 0xF8, 0x3F, 0x00, 0x3F, 0x07, 0xE0, 0x07, 0xE0, 0xFC, 0x00, 0xFC, 0x3F, 0x80, 0x3F,
    0x07, 0xE0, 0x07, 0xE0, 0xFC, 0x00, 0xFC, 0x1F, 0x80, 0x1F, 0x83, 0xF0, 0x03, 0xF0, 0x00, 0x00,
    0xFC, 0x1F, 0x83, 0xF0, 0xFE, 0x1F, 0x83, 0xF0, 0x7E, 0x0F, 0xC3, 0xF8, 0x7E, 0x0F, 0xC1, 0xF8,
    0x3F, 0x0F, 0xE1, 0xF8, 0x3F, 0x07, 0xE0, 0xFC, 0x3F, 0x87, 0xE0, 0xFC, 0x1F, 0x83, 0xF0, 0x00,
    0x00, 0x00, 0x1F, 0xFF, 0x80, 0xFF, 0xFC, 0x07, 0xFF, 0xE0, 0x3F, 0xFF, 0x01, 0xFF, 0xF8, 0x00,
    0x1F, 0x80, 0x00, 0xFC, 0x00, 0x07, 0xE0, 0x00, 0x3F, 0x00, 0x01, 0xF8, 0x00, 0x1F, 0x80, 0x00,
    0xFC, 0x00, 0x07, 0xE0, 0x00, 0x3F, 0x00, 0x01, 0xF8, 0x00, 0x1F, 0x80, 0x80, 0xFC, 0x0E, 0x07,
    0xE0, 0xFC, 0xFE, 0x0F, 0xFF, 0xF0, 0x7F, 0xFF, 0x01, 0xFF, 0xF0, 0x03, 0xFF, 0x00, 0x07, 0xE0,
    0x00, 0x00, 0x00, 0x00, 0x00, 0x7E, 0x00, 0xFE, 0x07, 0xE0, 0x3F, 0xC0, 0x7E, 0x07, 0xF8, 0x0F,
    0xE0, 0xFF, 0x00, 0xFC, 0x1F, 0xE0, 0x0F, 0xC3, 0xF8, 0x00, 0xFC, 0x7F, 0x00, 0x0F, 0xCF, 0xE0,
    0x01, 0xFF, 0xFC, 0x00, 0x1F, 0xFF, 0x80, 0x01, 0xFF, 0xF0, 0x00, 0x1F, 0xFF, 0x00, 0x01, 0xFF,
    0xF8, 0x00, 0x3F, 0xFF, 0x80, 0x03, 0xFF, 0xFC, 0x00, 0x3F, 0xCF, 0xE0, 0x03, 0xF8, 0xFE, 0x00,
    0x3F, 0x07, 0xF0, 0x07, 0xF0, 0x3F, 0x80, 0x7E, 0x03, 0xF8, 0x07, 0xE0, 0x1F, 0xC0, 0x7E, 0x00,
    0xFE, 0x07, 0xE0, 0x0F, 0xE0, 0x00, 0x00, 0x00, 0xFC, 0x00, 0x1F, 0x80, 0x03, 0xF0, 0x00, 0xFE,
    0x00, 0x1F, 0x80, 0x03, 0xF0, 0x00, 0x7E, 0x00, 0x0F, 0xC0, 0x03, 0xF8, 0x00, 0x7E, 0x00, 0x0F,
    0xC0, 0x01, 0xF8, 0x00, 0x3F, 0x00, 0x0F, 0xE0, 0x01, 0xF8, 0x00, 0x3F, 0x00, 0x07, 0xE0, 0x00,
    0xFC, 0x00, 0x3F, 0xFF, 0xF7, 0xFF, 0xFE, 0xFF, 0xFF, 0xDF, 0xFF, 0xFB, 0xFF, 0xFE, 0x00, 0x00,
    0x00, 0x00, 0x07, 0xE0, 0x00, 0x3F, 0x07, 0xE0, 0x00, 0x7F, 0x07, 0xE0, 0x00, 0x7E, 0x0F, 0xF0,
    0x00, 0xFE, 0x0F, 0xF0, 0x01, 0xFE, 0x0F, 0xF8, 0x03, 0xFE, 0x0F, 0xF8, 0x07, 0xFE, 0x0F, 0xF8,
    0x07, 0xFC, 0x1F, 0xFC, 0x0F, 0xFC, 0x1F, 0xFC, 0x1F, 0xFC, 0x1F, 0xFE, 0x3F, 0xFC, 0x1F, 0xFE,
    0x7E, 0xFC, 0x1F, 0x3E, 0x7E, 0xF8, 0x3F, 0x3F, 0xFD, 0xF8, 0x3F, 0x1F, 0xF9, 0xF8, 0x3F, 0x1F,
    0xF1, 0xF8, 0x3F, 0x1F, 0xE1, 0xF8, 0x3E, 0x0F, 0xE1, 0xF0, 0x7E, 0x0F, 0xC3, 0xF0, 0x7E, 0x07,
    0x83, 0xF0, 0x7E, 0x07, 0x03, 0xF0, 0x7E, 0x00, 0x03, 0xF0, 0x7C, 0x00, 0x03, 0xE0, 0x00, 0x00,
    0x00, 0x00, 0xFC, 0x00, 0xFC, 0x1F, 0x80, 0x1F, 0x83, 0xF8, 0x03, 0xF0, 0xFF, 0x80, 0xFC, 0x1F,
    0xF0, 0x1F, 0x83, 0xFF, 0x03, 0xF0, 0x7F, 0xE0, 0x7E, 0x0F, 0xFE, 0x0F, 0xC3, 0xFF, 0xE3, 0xF0,
    0x7F, 0xFC, 0x7E, 0x0F, 0xDF, 0xCF, 0xC1, 0xFB, 0xF9, 0xF8, 0x3F, 0x3F, 0xBF, 0x0F, 0xE3, 0xFF,
    0xC1, 0xF8, 0x7F, 0xF8, 0x3F, 0x07, 0xFF, 0x07, 0xE0, 0xFF, 0xE0, 0xFC, 0x0F, 0xFC, 0x3F, 0x80,
    0xFF, 0x07, 0xE0, 0x1F, 0xE0, 0xFC, 0x01, 0xFC, 0x1F, 0x80, 0x3F, 0x83, 0xF0, 0x03, 0xF0, 0x00,
    0x1F, 0xC0, 0x00, 0x1F, 0xFF, 0x00, 0x07, 0xFF, 0xF8, 0x03, 0xFF, 0xFF, 0x80, 0xFF, 0xFF, 0xF8,
    0x3F, 0xFB, 0xFF, 0x07, 0xF0, 0x0F, 0xF1, 0xFC, 0x00, 0xFE, 0x7F, 0x00, 0x0F, 0xCF, 0xE0, 0x01,
    0xFD, 0xF8, 0x00, 0x3F, 0xBF, 0x00, 0x07, 0xFF, 0xE0, 0x00, 0xFD, 0xF8, 0x00, 0x1F, 0xBF, 0x00,
    0x03, 0xF7, 0xF0, 0x00, 0xFE, 0x7E, 0x00, 0x1F, 0x8F, 0xE0, 0x07, 0xF1, 0xFE, 0x03, 0xFC, 0x1F,
    0xFF, 0xFF, 0x83, 0xFF, 0xFF, 0xE0, 0x3F, 0xFF, 0xF8, 0x03, 0xFF, 0xFC, 0x00, 0x1F, 0xFE, 0x00,
    0x00, 0x7E, 0x00, 0x00, 0x00, 0x00, 0x00, 0x07, 0xFF, 0xF0, 0x07, 0xFF, 0xFC, 0x07, 0xFF, 0xFE,
    0x0F, 0xFF, 0xFE, 0x0F, 0xFF, 0xFF, 0x0F, 0xC0, 0x7F, 0x0F, 0xC0, 0x3F, 0x0F, 0xC0, 0x3F, 0x1F,
    0xC0, 0x3F, 0x1F, 0x80, 0x3F, 0x1F, 0x80, 0x7F, 0x1F, 0x80, 0xFE, 0x1F, 0xFF, 0xFE, 0x3F, 0xFF,
    0xFC, 0x3F, 0xFF, 0xF8, 0x3F, 0xFF, 0xE0, 0x3F, 0xFF, 0x80, 0x3F, 0x00, 0x00, 0x7F, 0x00, 0x00,
    0x7E, 0x00, 0x00, 0x7E, 0x00, 0x00, 0x7E, 0x00, 0x00, 0x7E, 0x00, 0x00, 0x00, 0x1F, 0xC0, 0x00,
    0x1F, 0xFF, 0x00, 0x07, 0xFF, 0xF8, 0x03, 0xFF, 0xFF, 0x80, 0xFF, 0xFF, 0xF8, 0x3F, 0xFB, 0xFF,
    0x07, 0xF0, 0x0F, 0xF1, 0xFC, 0x00, 0xFE, 0x7F, 0x00, 0x0F, 0xCF, 0xE0, 0x01, 0xFD, 0xF8, 0x00,
    0x3F, 0xBF, 0x00, 0x07, 0xFF, 0xE0, 0x00, 0xFD, 0xF8, 0x00, 0x1F, 0xBF, 0x00, 0x03, 0xF7, 0xF0,
    0x00, 0xFE, 0x7E, 0x00, 0x1F, 0x8F, 0xE0, 0x07, 0xF1, 0xFE, 0x03, 0xFC, 0x1F, 0xFF, 0xFF, 0x83,
    0xFF, 0xFF, 0xE0, 0x3F, 0xFF, 0xF8, 0x03, 0xFF, 0xFC, 0x00, 0x1F, 0xFE, 0x00, 0x00, 0x7F, 0x87,
    0x00, 0x07, 0xFF, 0xE0, 0x00, 0x7F, 0xFE, 0x00, 0x07, 0xFF, 0xC0, 0x00, 0x7F, 0xE0, 0x00, 0x01,
    0xE0, 0x00, 0x00, 0x00, 0x00, 0x03, 0xFF, 0xF8, 0x01, 0xFF, 0xFF, 0x00, 0xFF, 0xFF, 0xC0, 0xFF,
    0xFF, 0xF0, 0x7F, 0xFF, 0xF8, 0x3F, 0x01, 0xFC, 0x1F, 0x80, 0x7E, 0x0F, 0xC0, 0x3F, 0x0F, 0xE0,
    0x1F, 0x87, 0xE0, 0x0F, 0xC3, 0xF0, 0x0F, 0xE1, 0xF8, 0x0F, 0xE0, 0xFF, 0xFF, 0xF0, 0xFF, 0xFF,
    0xF0, 0x7F, 0xFF, 0xF0, 0x3F, 0xFF, 0xE0, 0x1F, 0xFF, 0xE0, 0x0F, 0xC3, 0xF8, 0x0F, 0xE0, 0xFC,
    0x07, 0xE0, 0x7F, 0x03, 0xF0, 0x1F, 0x81, 0xF8, 0x07, 0xE0, 0xFC, 0x03, 0xF8, 0x00, 0x1F, 0xC0,
    0x01, 0xFF, 0xF0, 0x0F, 0xFF, 0xF8, 0x3F, 0xFF, 0xE0, 0x7F, 0xFF, 0xC1, 0xFE, 0x0F, 0x03, 0xF0,
    0x02, 0x07, 0xE0, 0x00, 0x0F, 0xC0, 0x00, 0x1F, 0xE0, 0x00, 0x3F, 0xF8, 0x00, 0x7F, 0xFE, 0x00,
    0x7F, 0xFE, 0x00, 0x3F, 0xFE, 0x00, 0x1F, 0xFE, 0x00, 0x03, 0xFC, 0x00, 0x01, 0xF8, 0x00, 0x03,
    0xF0, 0xE0, 0x07, 0xE1, 0xF8, 0x3F, 0x87, 0xFF, 0xFF, 0x0F, 0xFF, 0xFC, 0x1F, 0xFF, 0xF0, 0x0F,
    0xFF, 0x80, 0x01, 0xF8, 0x00, 0x00, 0x00, 0x03, 0xFF, 0xFF, 0xEF, 0xFF, 0xFF, 0xBF, 0xFF, 0xFE,
    0xFF, 0xFF, 0xFB, 0xFF, 0xFF, 0xC0, 0x1F, 0x80, 0x00, 0x7E, 0x00, 0x03, 0xF8, 0x00, 0x0F, 0xC0,
    0x00, 0x3F, 0x00, 0x00, 0xFC, 0x00, 0x03, 0xF0, 0x00, 0x1F, 0xC0, 0x00, 0x7E, 0x00, 0x01, 0xF8,
    0x00, 0x07, 0xE0, 0x00, 0x1F, 0x80, 0x00, 0xFE, 0x00, 0x03, 0xF0, 0x00, 0x0F, 0xC0, 0x00, 0x3F,
    0x00, 0x00, 0xFC, 0x00, 0x07, 0xF0, 0x00, 0x00, 0x00, 0x00, 0x07, 0xE0, 0x0F, 0xC7, 0xF0, 0x07,
    0xE3, 0xF0, 0x03, 0xF1, 0xF8, 0x01, 0xF8, 0xFC, 0x01, 0xF8, 0x7E, 0x00, 0xFC, 0x7F, 0x00, 0x7E,
    0x3F, 0x00, 0x3F, 0x1F, 0x80, 0x1F, 0x8F, 0xC0, 0x1F, 0x87, 0xE0, 0x0F, 0xC7, 0xF0, 0x07, 0xE3,
    0xF0, 0x03, 0xF1, 0xF8, 0x01, 0xF8, 0xFC, 0x01, 0xF8, 0x7E, 0x00, 0xFC, 0x3F, 0x00, 0xFE, 0x1F,
    0xC0, 0xFE, 0x0F, 0xFF, 0xFF, 0x03, 0xFF, 0xFF, 0x00, 0xFF, 0xFF, 0x00, 0x3F, 0xFF, 0x00, 0x0F,
    0xFE, 0x00, 0x00, 0xF8, 0x00, 0x00, 0x00, 0x00, 0x00, 0x3F, 0x80, 0x07, 0xF7, 0xE0, 0x01, 0xF9,
    0xF8, 0x00, 0xFE, 0x7E, 0x00, 0x3F, 0x1F, 0x80, 0x1F, 0x87, 0xF0, 0x0F, 0xE0, 0xFC, 0x03, 0xF0,
    0x3F, 0x01, 0xF8, 0x0F, 0xC0, 0xFE, 0x03, 0xF8, 0x3F, 0x00, 0x7E, 0x1F, 0x80, 0x1F, 0x8F, 0xE0,
    0x07, 0xE3, 0xF0, 0x01, 0xFD, 0xFC, 0x00, 0x3F, 0x7E, 0x00, 0x0F, 0xFF, 0x00, 0x03, 0xFF, 0xC0,
    0x00, 0xFF, 0xE0, 0x00, 0x3F, 0xF0, 0x00, 0x07, 0xFC, 0x00, 0x01, 0xFE, 0x00, 0x00, 0x7F, 0x80,
    0x00, 0x1F, 0xC0, 0x00, 0x00, 0x00, 0x00, 0x00, 0x03, 0xF0, 0x03, 0xF0, 0x07, 0xEF, 0xC0, 0x1F,
    0xC0, 0x1F, 0xBF, 0x00, 0x7F, 0x00, 0xFC, 0xFC, 0x03, 0xFC, 0x03, 0xF3, 0xF8, 0x1F, 0xF0, 0x1F,
    0x87, 0xE0, 0x7F, 0xC0, 0x7E, 0x1F, 0x83, 0xFF, 0x03, 0xF0, 0x7E, 0x0F, 0xFE, 0x0F, 0xC1, 0xF8,
    0x7F, 0xF8, 0x7E, 0x07, 0xE1, 0xFF, 0xE3, 0xF8, 0x1F, 0x8F, 0xDF, 0x8F, 0xC0, 0x7E, 0x3F, 0x7E,
    0x7F, 0x00, 0xFD, 0xF8, 0xF9, 0xF8, 0x03, 0xF7, 0xC3, 0xEF, 0xC0, 0x0F, 0xFF, 0x0F, 0xBF, 0x00,
    0x3F, 0xF8, 0x3F, 0xF8, 0x00, 0xFF, 0xE0, 0xFF, 0xE0, 0x03, 0xFF, 0x03, 0xFF, 0x00, 0x0F, 0xFC,
    0x0F, 0xFC, 0x00, 0x3F, 0xE0, 0x3F, 0xE0, 0x00, 0x7F, 0x80, 0x7F, 0x80, 0x01, 0xFC, 0x01, 0xFC,
    0x00, 0x07, 0xF0, 0x07, 0xF0, 0x00, 0x00, 0x00, 0x00, 0x00, 0x7F, 0x00, 0x7F, 0x03, 0xF0, 0x0F,
    0xE0, 0x3F, 0x81, 0xFC, 0x01, 0xF8, 0x3F, 0x80, 0x0F, 0xC7, 0xF0, 0x00, 0xFC, 0xFE, 0x00, 0x07,
    0xFF, 0xC0, 0x00, 0x7F, 0xF8, 0x00, 0x03, 0xFF, 0x00, 0x00, 0x3F, 0xE0, 0x00, 0x01, 0xFE, 0x00,
    0x00, 0x3F, 0xC0, 0x00, 0x03, 0xFC, 0x00, 0x00, 0x7F, 0xE0, 0x00, 0x0F, 0xFE, 0x00, 0x01, 0xFF,
    0xF0, 0x00, 0x3F, 0xBF, 0x00, 0x07, 0xF1, 0xF8, 0x00, 0xFE, 0x1F, 0xC0, 0x1F, 0xC0, 0xFC, 0x03,
    0xF8, 0x0F, 0xE0, 0x7F, 0x80, 0x7E, 0x0F, 0xF0, 0x07, 0xF0, 0x00, 0x00, 0x00, 0x7E, 0x00, 0x3F,
    0x7E, 0x00, 0x7E, 0x7E, 0x00, 0xFC, 0x3F, 0x01, 0xFC, 0x3F, 0x03, 0xF8, 0x1F, 0x83, 0xF0, 0x1F,
    0x87, 0xE0, 0x1F, 0x8F, 0xC0, 0x0F, 0xDF, 0xC0, 0x0F, 0xFF, 0x80, 0x07, 0xFF, 0x00, 0x07, 0xFE,
    0x00, 0x07, 0xFC, 0x00, 0x03, 0xFC, 0x00, 0x03, 0xF8, 0x00, 0x03, 0xF0, 0x00, 0x03, 0xF0, 0x00,
    0x03, 0xF0, 0x00, 0x03, 0xF0, 0x00, 0x07, 0xE0, 0x00, 0x07, 0xE0, 0x00, 0x07, 0xE0, 0x00, 0x07,
    0xE0, 0x00, 0x00, 0x00, 0x00, 0x03, 0xFF, 0xFF, 0xC1, 0xFF, 0xFF, 0xE0, 0xFF, 0xFF, 0xF0, 0xFF,
    0xFF, 0xF0, 0x3F, 0xFF, 0xF0, 0x00, 0x07, 0xF0, 0x00, 0x07, 0xF0, 0x00, 0x07, 0xF0, 0x00, 0x07,
    0xF0, 0x00, 0x07, 0xF0, 0x00, 0x07, 0xF0, 0x00, 0x07, 0xF0, 0x00, 0x07, 0xF0, 0x00, 0x07, 0xF0,
    0x00, 0x07, 0xF0, 0x00, 0x07, 0xF0, 0x00, 0x07, 0xF0, 0x00, 0x07, 0xF0, 0x00, 0x07, 0xFF, 0xFF,
    0x87, 0xFF, 0xFF, 0xC3, 0xFF, 0xFF, 0xE3, 0xFF, 0xFF, 0xE1, 0xFF, 0xFF, 0xF0, 0x01, 0xFF, 0x03,
    0xFF, 0x03, 0xFF, 0x03, 0xFF, 0x03, 0xFE, 0x07, 0xE0, 0x07, 0xE0, 0x07, 0xE0, 0x07, 0xE0, 0x07,
    0xE0, 0x0F, 0xC0, 0x0F, 0xC0, 0x0F, 0xC0, 0x0F, 0xC0, 0x0F, 0xC0, 0x1F, 0x80, 0x1F, 0x80, 0x1F,
    0x80, 0x1F, 0x80, 0x1F, 0x80, 0x3F, 0x00, 0x3F, 0x00, 0x3F, 0x00, 0x3F, 0x00, 0x3F, 0x00, 0x7E,
    0x00, 0x7E, 0x00, 0x7F, 0xE0, 0x7F, 0xE0, 0x7F, 0xC0, 0xFF, 0xC0, 0xFF, 0xC0, 0xF8, 0x3E, 0x0F,
    0x83, 0xF0, 0x7C, 0x1F, 0x07, 0xC1, 0xF0, 0x7C, 0x1F, 0x83, 0xE0, 0xF8, 0x3E, 0x0F, 0x83, 0xE0,
    0xFC, 0x1F, 0x07, 0xC1, 0xF0, 0x7C, 0x1F, 0x07, 0xC1, 0xF8, 0x3E, 0x0F, 0x83, 0xE0, 0xF8, 0x3E,
    0x0F, 0xC1, 0xF0, 0x7C, 0x1F, 0x03, 0xFF, 0x03, 0xFF, 0x03, 0xFF, 0x03, 0xFE, 0x03, 0xFE, 0x00,
    0x7E, 0x00, 0x7E, 0x00, 0x7E, 0x00, 0xFC, 0x00, 0xFC, 0x00, 0xFC, 0x00, 0xFC, 0x00, 0xFC, 0x01,
    0xF8, 0x01, 0xF8, 0x01, 0xF8, 0x01, 0xF8, 0x01, 0xF8, 0x03, 0xF0, 0x03, 0xF0, 0x03, 0xF0, 0x03,
    0xF0, 0x03, 0xF0, 0x07, 0xE0, 0x07, 0xE0, 0x07, 0xE0, 0x07, 0xE0, 0x7F, 0xE0, 0x7F, 0xC0, 0xFF,
    0xC0, 0xFF, 0xC0, 0xFF, 0xC0, 0x00, 0xF8, 0x00, 0x7C, 0x00, 0x7F, 0x00, 0x7F, 0x80, 0x3F, 0xC0,
    0x3F, 0xE0, 0x1E, 0xF8, 0x1F, 0x7C, 0x1F, 0x1E, 0x0F, 0x8F, 0x0F, 0x87, 0xCF, 0x83, 0xE7, 0xC0,
    0xF7, 0xC0, 0x7B, 0xC0, 0x3C, 0x7F, 0xFF, 0xDF, 0xFF, 0xFF, 0xFF, 0xFC, 0xFC, 0x1F, 0x83, 0xF0,
    0x7C, 0x0F, 0x80, 0x00, 0x00, 0x00, 0x03, 0xFC, 0xF8, 0x1F, 0xFF, 0xF0, 0x7F, 0xFF, 0xE1, 0xFF,
    0xFF, 0xC7, 0xFF, 0xFF, 0x8F, 0xE0, 0xFF, 0x3F, 0x80, 0xFC, 0x7E, 0x01, 0xF8, 0xFC, 0x03, 0xF1,
    0xF8, 0x07, 0xE3, 0xF0, 0x0F, 0xC7, 0xE0, 0x3F, 0x0F, 0xC0, 0xFE, 0x1F, 0xE7, 0xFC, 0x1F, 0xFF,
    0xF8, 0x3F, 0xFF, 0xF0, 0x3F, 0xFF, 0xC0, 0x3F, 0xFF, 0x80, 0x0E, 0x00, 0x00, 0x07, 0xE0, 0x00,
    0x1F, 0x80, 0x00, 0x7E, 0x00, 0x01, 0xF0, 0x00, 0x0F, 0xC0, 0x00, 0x3F, 0x00, 0x00, 0xFC, 0x00,
    0x03, 0xFF, 0xF0, 0x0F, 0xFF, 0xE0, 0x7F, 0xFF, 0xC1, 0xFF, 0xFF, 0x87, 0xFF, 0xFF, 0x1F, 0xC1,
    0xFC, 0x7E, 0x03, 0xF3, 0xF0, 0x0F, 0xCF, 0xC0, 0x3F, 0x3F, 0x00, 0xFC, 0xFC, 0x03, 0xF3, 0xF0,
    0x1F, 0xDF, 0xE0, 0xFE, 0x7F, 0xC7, 0xF9, 0xFF, 0xFF, 0xC7, 0xFF, 0xFE, 0x1F, 0xFF, 0xF0, 0xFC,
    0xFF, 0x80, 0x00, 0xF0, 0x00, 0x00, 0x00, 0x00, 0x1F, 0xF0, 0x07, 0xFF, 0xC0, 0xFF, 0xFE, 0x1F,
    0xFF, 0xF3, 0xFF, 0xFF, 0x3F, 0x83, 0xC7, 0xF0, 0x10, 0x7E, 0x00, 0x07, 0xE0, 0x00, 0x7E, 0x00,
    0x07, 0xE0, 0x00, 0x7E, 0x02, 0x07, 0xE0, 0x78, 0x7F, 0x9F, 0xC3, 0xFF, 0xFE, 0x3F, 0xFF, 0xC1,
    0xFF, 0xF8, 0x07, 0xFE, 0x00, 0x0F, 0x00, 0x00, 0x00, 0x7E, 0x00, 0x00, 0xFC, 0x00, 0x01, 0xF8,
    0x00, 0x07, 0xE0, 0x00, 0x0F, 0xC0, 0x00, 0x1F, 0x80, 0x00, 0x3F, 0x01, 0xFE, 0x7E, 0x0F, 0xFF,
    0xF8, 0x3F, 0xFF, 0xF0, 0xFF, 0xFF, 0xE3, 0xFF, 0xFF, 0xC7, 0xF0, 0x7F, 0x9F, 0xC0, 0x7E, 0x3F,
    0x00, 0xFC, 0x7E, 0x01, 0xF8, 0xFC, 0x03, 0xF1, 0xF8, 0x07, 0xE3, 0xF0, 0x1F, 0x87, 0xE0, 0x7F,
    0x0F, 0xF3, 0xFE, 0x0F, 0xFF, 0xFC, 0x1F, 0xFF, 0xF8, 0x1F, 0xFF, 0xE0, 0x0F, 0xF7, 0xC0, 0x07,
    0x00, 0x00, 0x00, 0x00, 0x00, 0x1F, 0xF0, 0x07, 0xFF, 0x80, 0xFF, 0xFC, 0x1F, 0xFF, 0xE3, 0xF8,
    0x7F, 0x3F, 0x03, 0xF7, 0xE0, 0x1F, 0x7F, 0xFF, 0xF7, 0xFF, 0xFF, 0x7F, 0xFF, 0xF7, 0xFF, 0xFF,
    0x7E, 0x00, 0x07, 0xE0, 0x10, 0x7F, 0x87, 0x03, 0xFF, 0xF8, 0x3F, 0xFF, 0xC1, 0xFF, 0xF8, 0x07,
    0xFE, 0x00, 0x0F, 0x00, 0x00, 0xFE, 0x03, 0xFF, 0x07, 0xFE, 0x07, 0xFE, 0x0F, 0xFC, 0x0F, 0xC0,
    0x0F, 0x80, 0x7F, 0xF8, 0xFF, 0xF8, 0xFF, 0xF8, 0xFF, 0xF8, 0xFF, 0xF8, 0x3F, 0x00, 0x3F, 0x00,
    0x3F, 0x00, 0x3F, 0x00, 0x3E, 0x00, 0x7E, 0x00, 0x7E, 0x00, 0x7E, 0x00, 0x7E, 0x00, 0x7C, 0x00,
    0xFC, 0x00, 0xFC, 0x00, 0xFC, 0x00, 0x00, 0x00, 0x00, 0x00, 0xFF, 0x3F, 0x03, 0xFF, 0xBF, 0x07,
    0xFF, 0xFE, 0x0F, 0xFF, 0xFE, 0x1F, 0xFF, 0xFE, 0x1F, 0xC1, 0xFE, 0x3F, 0x80, 0xFE, 0x3F, 0x00,
    0xFC, 0x3F, 0x00, 0xFC, 0x3F, 0x00, 0xFC, 0x3F, 0x01, 0xFC, 0x3F, 0x03, 0xFC, 0x3F, 0xEF, 0xF8,
    0x1F, 0xFF, 0xF8, 0x1F, 0xFF, 0xF8, 0x0F, 0xFF, 0xF8, 0x03, 0xFD, 0xF8, 0x00, 0x03, 0xF0, 0x10,
    0x03, 0xF0, 0x3C, 0x07, 0xE0, 0x3F, 0xFF, 0xE0, 0x7F, 0xFF, 0xC0, 0x7F, 0xFF, 0x80, 0x3F, 0xFF,
    0x00, 0x07, 0xF8, 0x00, 0x07, 0xE0, 0x00, 0x1F, 0x80, 0x00, 0x7E, 0x00, 0x01, 0xF0, 0x00, 0x0F,
    0xC0, 0x00, 0x3F, 0x00, 0x00, 0xFC, 0x00, 0x03, 0xFF, 0xF0, 0x0F, 0xFF, 0xF0, 0x7F, 0xFF, 0xC1,
    0xFF, 0xFF, 0x87, 0xFF, 0xFE, 0x1F, 0xC1, 0xF8, 0x7E, 0x07, 0xE3, 0xF0, 0x1F, 0x8F, 0xC0, 0x7E,
    0x3F, 0x01, 0xF8, 0xFC, 0x07, 0xE3, 0xE0, 0x1F, 0x1F, 0x80, 0xFC, 0x7E, 0x03, 0xF1, 0xF8, 0x0F,
    0xC7, 0xE0, 0x3F, 0x1F, 0x00, 0xF8, 0xFC, 0x07, 0xE0, 0x07, 0xC0, 0x7E, 0x0F, 0xE0, 0xFE, 0x07,
    0xE0, 0x7C, 0x00, 0x00, 0x00, 0x0F, 0xC0, 0xF8, 0x1F, 0x81, 0xF8, 0x1F, 0x81, 0xF8, 0x1F, 0x03,
    0xF0, 0x3F, 0x03, 0xF0, 0x3F, 0x03, 0xE0, 0x7E, 0x07, 0xE0, 0x7E, 0x07, 0xE0, 0x7C, 0x0F, 0xC0,
    0x00, 0x0F, 0x80, 0x07, 0xE0, 0x03, 0xFC, 0x00, 0xFE, 0x00, 0x1F, 0x80, 0x03, 0xC0, 0x00, 0x00,
    0x00, 0x00, 0x00, 0x3F, 0x00, 0x0F, 0xC0, 0x03, 0xE0, 0x01, 0xF8, 0x00, 0x7E, 0x00, 0x1F, 0x80,
    0x07, 0xE0, 0x01, 0xF0, 0x00, 0xFC, 0x00, 0x3F, 0x00, 0x0F, 0xC0, 0x03, 0xF0, 0x00, 0xF8, 0x00,
    0x7E, 0x00, 0x1F, 0x80, 0x07, 0xE0, 0x01, 0xF8, 0x00, 0x7C, 0x00, 0x3F, 0x00, 0x0F, 0xC0, 0x7F,
    0xF0, 0x1F, 0xF8, 0x0F, 0xFC, 0x03, 0xFE, 0x00, 0x7E, 0x00, 0x00, 0x07, 0xE0, 0x00, 0x07, 0xE0,
    0x00, 0x07, 0xE0, 0x00, 0x07, 0xC0, 0x00, 0x0F, 0xC0, 0x00, 0x0F, 0xC0, 0x00, 0x0F, 0xC0, 0x00,
    0x0F, 0xC0, 0xFE, 0x0F, 0x83, 0xFC, 0x1F, 0x87, 0xF8, 0x1F, 0x8F, 0xF0, 0x1F, 0x9F, 0xE0, 0x1F,
    0xFF, 0x80, 0x1F, 0xFF, 0x00, 0x3F, 0xFE, 0x00, 0x3F, 0xFE, 0x00, 0x3F, 0xFE, 0x00, 0x3F, 0xFF,
    0x00, 0x3F, 0xFF, 0x00, 0x7F, 0xBF, 0x80, 0x7E, 0x1F, 0xC0, 0x7E, 0x1F, 0xC0, 0x7E, 0x0F, 0xE0,
    0x7C, 0x07, 0xE0, 0xFC, 0x07, 0xF0, 0x07, 0xE0, 0xFC, 0x1F, 0x83, 0xE0, 0xFC, 0x1F, 0x83, 0xF0,
    0x7E, 0x0F, 0x83, 0xF0, 0x7E, 0x0F, 0xC1, 0xF8, 0x3E, 0x0F, 0xC1, 0xF8, 0x3F, 0x07, 0xE0, 0xF8,
    0x3F, 0x07, 0xE0, 0xFC, 0x1F, 0x83, 0xE0, 0xFC, 0x00, 0x00, 0x00, 0x00, 0x00, 0x03, 0xEF, 0xF0,
    0xFF, 0x00, 0xFF, 0xFE, 0x7F, 0xE0, 0x7F, 0xFF, 0xFF, 0xFC, 0x1F, 0xFF, 0xFF, 0xFF, 0x87, 0xFF,
    0xFF, 0xFF, 0xE1, 0xFC, 0x3F, 0xC1, 0xF8, 0x7E, 0x07, 0xE0, 0x7E, 0x3F, 0x01, 0xF8, 0x1F, 0x8F,
    0xC0, 0x7C, 0x07, 0xE3, 0xF0, 0x3F, 0x01, 0xF8, 0xFC, 0x0F, 0xC0, 0x7C, 0x3E, 0x03, 0xF0, 0x3F,
    0x1F, 0x80, 0xFC, 0x0F, 0xC7, 0xE0, 0x3E, 0x03, 0xF1, 0xF8, 0x1F, 0x80, 0xFC, 0x7E, 0x07, 0xE0,
    0x3E, 0x1F, 0x01, 0xF8, 0x1F, 0x8F, 0xC0, 0x7E, 0x07, 0xE0, 0x00, 0x00, 0x00, 0x3E, 0xFF, 0x00,
    0xFF, 0xFF, 0x07, 0xFF, 0xFC, 0x1F, 0xFF, 0xF8, 0x7F, 0xFF, 0xE1, 0xFC, 0x1F, 0x87, 0xE0, 0x7E,
    0x3F, 0x01, 0xF8, 0xFC, 0x07, 0xE3, 0xF0, 0x1F, 0x8F, 0xC0, 0x7E, 0x3E, 0x01, 0xF1, 0xF8, 0x0F,
    0xC7, 0xE0, 0x3F, 0x1F, 0x80, 0xFC, 0x7E, 0x03, 0xF1, 0xF0, 0x0F, 0x8F, 0xC0, 0x7E, 0x00, 0x00,
    0x00, 0x00, 0x0F, 0xF8, 0x01, 0xFF, 0xF0, 0x1F, 0xFF, 0xC1, 0xFF, 0xFF, 0x1F, 0xFF, 0xF8, 0xFE,
    0x0F, 0xEF, 0xE0, 0x3F, 0x7E, 0x01, 0xFB, 0xF0, 0x0F, 0xDF, 0x80, 0x7E, 0xFC, 0x03, 0xF7, 0xE0,
    0x3F, 0x3F, 0x03, 0xF9, 0xFE, 0x3F, 0x87, 0xFF, 0xFC, 0x3F, 0xFF, 0xC0, 0xFF, 0xFC, 0x01, 0xFF,
    0x80, 0x01, 0xE0, 0x00, 0x00, 0x00, 0x00, 0x0F, 0xBF, 0xC0, 0x1F, 0xFF, 0xC0, 0x7F, 0xFF, 0xC0,
    0xFF, 0xFF, 0xC1, 0xFF, 0xFF, 0xC3, 0xF8, 0x3F, 0x87, 0xE0, 0x3F, 0x1F, 0x80, 0x7E, 0x3F, 0x00,
    0xFC, 0x7E, 0x01, 0xF8, 0xFC, 0x03, 0xF1, 0xF8, 0x0F, 0xE7, 0xF8, 0x3F, 0x8F, 0xF8, 0xFF, 0x1F,
    0xFF, 0xFC, 0x3F, 0xFF, 0xF0, 0x7F, 0xFF, 0xC1, 0xF9, 0xFF, 0x03, 0xF0, 0xF0, 0x07, 0xE0, 0x00,
    0x0F, 0xC0, 0x00, 0x1F, 0x00, 0x00, 0x7E, 0x00, 0x00, 0xFC, 0x00, 0x01, 0xF8, 0x00, 0x00, 0x00,
    0x00, 0x00, 0x03, 0xFC, 0xF8, 0x1F, 0xFD, 0xF0, 0x7F, 0xFF, 0xE1, 0xFF, 0xFF, 0xC7, 0xFF, 0xFF,
    0x8F, 0xE0, 0xFF, 0x3F, 0x80, 0xFC, 0x7E, 0x01, 0xF8, 0xFC, 0x03, 0xF1, 0xF8, 0x07, 0xE3, 0xF0,
    0x0F, 0xC7, 0xE0, 0x3F, 0x0F, 0xC0, 0xFE, 0x1F, 0xE7, 0xFC, 0x1F, 0xFF, 0xF8, 0x3F, 0xFF, 0xF0,
    0x3F, 0xFF, 0xC0, 0x3F, 0xFF, 0x80, 0x0E, 0x3F, 0x00, 0x00, 0x7E, 0x00, 0x00, 0xFC, 0x00, 0x03,
    0xF0, 0x00, 0x07, 0xE0, 0x00, 0x0F, 0xC0, 0x00, 0x1F, 0x80, 0x00, 0x00, 0x0F, 0x9F, 0x0F, 0xFE,
    0x1F, 0xFE, 0x1F, 0xFE, 0x1F, 0xFE, 0x1F, 0xE0, 0x1F, 0x80, 0x3F, 0x80, 0x3F, 0x00, 0x3F, 0x00,
    0x3F, 0x00, 0x3E, 0x00, 0x7E, 0x00, 0x7E, 0x00, 0x7E, 0x00, 0x7E, 0x00, 0x7C, 0x00, 0xFC, 0x00,
    0x00, 0x00, 0x00, 0x3F, 0xF0, 0x1F, 0xFF, 0x07, 0xFF, 0xE1, 0xFF, 0xFC, 0x3F, 0x07, 0x0F, 0xC0,
    0x01, 0xFC, 0x00, 0x1F, 0xF8, 0x03, 0xFF, 0xE0, 0x3F, 0xFE, 0x03, 0xFF, 0xC0, 0x07, 0xF8, 0x00,
    0x1F, 0x0E, 0x07, 0xE3, 0xFF, 0xFC, 0x7F, 0xFF, 0x1F, 0xFF, 0xC0, 0xFF, 0xF0, 0x01, 0xE0, 0x00,
    0x0F, 0xC0, 0x3F, 0x00, 0xFC, 0x03, 0xE0, 0x7F, 0xFF, 0xFF, 0xEF, 0xFF, 0xBF, 0xFE, 0xFF, 0xF0,
    0xFC, 0x03, 0xF0, 0x0F, 0xC0, 0x3F, 0x00, 0xF8, 0x07, 0xE0, 0x1F, 0x80, 0x7E, 0x01, 0xF8, 0x87,
    0xFE, 0x1F, 0xF8, 0x3F, 0xF0, 0x7F, 0x80, 0x78, 0x00, 0x1F, 0x01, 0xF8, 0xFC, 0x07, 0xE3, 0xF0,
    0x1F, 0x8F, 0xC0, 0x7E, 0x3F, 0x01, 0xF8, 0xFC, 0x0F, 0xC7, 0xE0, 0x3F, 0x1F, 0x80, 0xFC, 0x7E,
    0x03, 0xF1, 0xF8, 0x0F, 0xC7, 0xE0, 0x7E, 0x1F, 0x81, 0xF8, 0xFE, 0x0F, 0xE1, 0xFF, 0xFF, 0x87,
    0xFF, 0xFE, 0x1F, 0xFF, 0xF0, 0x3F, 0xFF, 0xC0, 0x7F, 0xFF, 0x00, 0x38, 0x00, 0x00, 0xFC, 0x01,
    0xFF, 0xE0, 0x1F, 0x9F, 0x00, 0xFC, 0xFC, 0x0F, 0xC7, 0xE0, 0x7E, 0x3F, 0x07, 0xE0, 0xF8, 0x7E,
    0x07, 0xE3, 0xF0, 0x3F, 0x3F, 0x01, 0xF9, 0xF0, 0x0F, 0xDF, 0x80, 0x3F, 0xF8, 0x01, 0xFF, 0xC0,
    0x0F, 0xFC, 0x00, 0x7F, 0xC0, 0x01, 0xFE, 0x00, 0x0F, 0xE0, 0x00, 0x7E, 0x00, 0x00, 0xFC, 0x07,
    0xE0, 0x1F, 0x7C, 0x07, 0xE0, 0x3F, 0x7C, 0x0F, 0xE0, 0x7E, 0x7C, 0x0F, 0xE0, 0x7E, 0x7C, 0x1F,
    0xF0, 0xFC, 0x7E, 0x1F, 0xF0, 0xF8, 0x7E, 0x3F, 0xF1, 0xF8, 0x3E, 0x3F, 0xF1, 0xF0, 0x3E, 0x7F,
    0xF3, 0xF0, 0x3E, 0xFD, 0xF3, 0xE0, 0x3E, 0xF9, 0xFF, 0xE0, 0x3F, 0xF9, 0xFF, 0xC0, 0x3F, 0xF0,
    0xFF, 0xC0, 0x1F, 0xF0, 0xFF, 0x80, 0x1F, 0xE0, 0xFF, 0x00, 0x1F, 0xE0, 0xFF, 0x00, 0x1F, 0xC0,
    0xFE, 0x00, 0x1F, 0xC0, 0x7E, 0x00, 0x0F, 0xC0, 0x7E, 0x07, 0xE0, 0xFC, 0x07, 0xE1, 0xFC, 0x03,
    0xF3, 0xF8, 0x03, 0xF7, 0xF0, 0x01, 0xFF, 0xE0, 0x01, 0xFF, 0xC0, 0x00, 0xFF, 0x80, 0x00, 0x7F,
    0x00, 0x00, 0xFE, 0x00, 0x01, 0xFF, 0x00, 0x03, 0xFF, 0x00, 0x07, 0xFF, 0x80, 0x0F, 0xFF, 0x80,
    0x1F, 0xCF, 0xC0, 0x3F, 0x8F, 0xE0, 0x7F, 0x07, 0xE0, 0xFE, 0x07, 0xF0, 0x0F, 0xC0, 0x1F, 0x87,
    0xE0, 0x0F, 0x81, 0xF8, 0x0F, 0xC0, 0xFC, 0x0F, 0xC0, 0x7E, 0x07, 0xE0, 0x3F, 0x07, 0xE0, 0x0F,
    0x87, 0xE0, 0x07, 0xE3, 0xF0, 0x03, 0xF3, 0xF0, 0x01, 0xF9, 0xF0, 0x00, 0x7D, 0xF8, 0x00, 0x3F,
    0xF8, 0x00, 0x1F, 0xFC, 0x00, 0x0F, 0xFC, 0x00, 0x07, 0xFC, 0x00, 0x01, 0xFE, 0x00, 0x00, 0xFE,
    0x00, 0x00, 0x7E, 0x00, 0x00, 0x3F, 0x00, 0x04, 0x3F, 0x00, 0x07, 0xFF, 0x80, 0x03, 0xFF, 0x80,
    0x03, 0xFF, 0x80, 0x01, 0xFF, 0x80, 0x00, 0x3F, 0x00, 0x00, 0x00, 0x0F, 0xFF, 0xF0, 0xFF, 0xFF,
    0x1F, 0xFF, 0xE1, 0xFF, 0xFE, 0x0F, 0xFF, 0xC0, 0x03, 0xF8, 0x00, 0x7F, 0x00, 0x0F, 0xE0, 0x01,
    0xFC, 0x00, 0x3F, 0x80, 0x07, 0xF0, 0x00, 0xFE, 0x00, 0x1F, 0xC0, 0x03, 0xF8, 0x00, 0x7F, 0xFF,
    0x87, 0xFF, 0xF8, 0xFF, 0xFF, 0x8F, 0xFF, 0xF8, 0x00, 0x3E, 0x01, 0xFC, 0x07, 0xF8, 0x1F, 0xE0,
    0x7F, 0xC0, 0xFC, 0x01, 0xF8, 0x03, 0xF0, 0x0F, 0xC0, 0x1F, 0x80, 0x3F, 0x00, 0x7E, 0x00, 0xFC,
    0x03, 0xF0, 0x1F, 0xE0, 0x7F, 0x80, 0xFF, 0x01, 0xFE, 0x00, 0xFC, 0x01, 0xF8, 0x03, 0xF0, 0x07,
    0xE0, 0x0F, 0xC0, 0x3F, 0x00, 0x7E, 0x00, 0xFC, 0x01, 0xF8, 0x03, 0xFC, 0x07, 0xF8, 0x07, 0xF0,
    0x0F, 0xE0, 0x07, 0xC0, 0x01, 0xF0, 0x3F, 0x03, 0xF0, 0x3E, 0x03, 0xE0, 0x3E, 0x07, 0xE0, 0x7E,
    0x07, 0xC0, 0x7C, 0x07, 0xC0, 0xFC, 0x0F, 0xC0, 0xF8, 0x0F, 0x80, 0xF8, 0x1F, 0x81, 0xF8, 0x1F,
    0x01, 0xF0, 0x1F, 0x03, 0xF0, 0x3F, 0x03, 0xE0, 0x3E, 0x03, 0xE0, 0x7E, 0x07, 0xE0, 0x7C, 0x07,
    0xC0, 0x7C, 0x07, 0xC0, 0x03, 0xE0, 0x07, 0xF0, 0x0F, 0xE0, 0x1F, 0xE0, 0x3F, 0xC0, 0x1F, 0x80,
    0x3F, 0x00, 0x7E, 0x00, 0xFC, 0x03, 0xF0, 0x07, 0xE0, 0x0F, 0xC0, 0x1F, 0x80, 0x3F, 0x00, 0x7F,
    0x80, 0x7F, 0x01, 0xFE, 0x07, 0xF8, 0x0F, 0xC0, 0x3F, 0x00, 0x7E, 0x00, 0xFC, 0x01, 0xF8, 0x03,
    0xF0, 0x0F, 0xC0, 0x1F, 0x80, 0x3F, 0x03, 0xFE, 0x07, 0xF8, 0x1F, 0xE0, 0x3F, 0x80, 0x7C, 0x00,
    0x0F, 0x81, 0xC7, 0xF8, 0x78, 0xFF, 0xDF, 0x3F, 0xFF, 0xE7, 0x9F, 0xF9, 0xF0, 0xFE, 0x3C, 0x0F,
    0x80, 0x00, 0x00, 0x3E, 0x07, 0xE0, 0x7F, 0x0F, 0xE0, 0x7E, 0x03, 0xC0, 0x00, 0x00, 0x00, 0xF8,
    0x0F, 0x80, 0xF8, 0x0F, 0x81, 0xF8, 0x1F, 0x81, 0xF8, 0x1F, 0x03, 0xF0, 0x3F, 0x03, 0xF0, 0x7F,
    0x07, 0xF0, 0x7F, 0x07, 0xF0, 0x00, 0x00, 0x00, 0x1E, 0x00, 0x01, 0xE0, 0x00, 0x1E, 0x00, 0x03,
    0xE0, 0x01, 0xFF, 0x00, 0x7F, 0xFC, 0x0F, 0xFF, 0xE1, 0xFF, 0xFF, 0x3F, 0xFF, 0xF3, 0xFF, 0xBC,
    0x7F, 0x79, 0x07, 0xE7, 0x80, 0x7E, 0x78, 0x07, 0xE7, 0x80, 0x7E, 0xF0, 0x07, 0xEF, 0x20, 0x7E,
    0xF7, 0x87, 0xFF, 0xFC, 0x3F, 0xFF, 0xE3, 0xFF, 0xFC, 0x1F, 0xFF, 0x80, 0x7F, 0xE0, 0x01, 0xF0,
    0x00, 0x1E, 0x00, 0x03, 0xC0, 0x00, 0x3C, 0x00, 0x00, 0x01, 0xFC, 0x00, 0x03, 0xFF, 0xE0, 0x03,
    0xFF, 0xF8, 0x01, 0xFF, 0xFE, 0x00, 0xFF, 0xFF, 0x00, 0x3F, 0xE7, 0xC0, 0x1F, 0xC0, 0x00, 0x07,
    0xE0, 0x00, 0x03, 0xF8, 0x00, 0x00, 0xFC, 0x00, 0x01, 0xFF, 0xFE, 0x00, 0xFF, 0xFF, 0xC0, 0x3F,
    0xFF, 0xE0, 0x0F, 0xFF, 0xF8, 0x00, 0x7E, 0x00, 0x00, 0x1F, 0x80, 0x00, 0x07, 0xE0, 0x00, 0x03,
    0xF8, 0x00, 0x00, 0xFC, 0x00, 0x01, 0xFF, 0xFF, 0xE0, 0x7F, 0xFF, 0xF8, 0x3F, 0xFF, 0xFE, 0x0F,
    0xFF, 0xFF, 0x83, 0xFF, 0xFF, 0xE0, 0x00, 0x00, 0x00, 0xC0, 0x01, 0xC7, 0x83, 0x0F, 0xBF, 0x7F,
    0xFF, 0xFF, 0xFF, 0xF9, 0xFF, 0xFF, 0xC3, 0xFF, 0xFE, 0x07, 0xF3, 0xF8, 0x3F, 0x03, 0xE0, 0xF8,
    0x07, 0xC3, 0xE0, 0x1F, 0x0F, 0x80, 0x7C, 0x3E, 0x01, 0xF0, 0xF8, 0x07, 0xC3, 0xF0, 0x3E, 0x07,
    0xFF, 0xF8, 0x3F, 0xFF, 0xE1, 0xFF, 0xFF, 0xCF, 0xFF, 0xFF, 0xBF, 0x7F, 0xFF, 0x78, 0x00, 0xF8,
    0xC0, 0x01, 0xC0, 0x00, 0x00, 0x00, 0x00, 0x00, 0x00, 0x3F, 0x80, 0x07, 0xF7, 0xE0, 0x03, 0xF9,
    0xFC, 0x01, 0xFC, 0x3F, 0x00, 0xFE, 0x0F, 0xC0, 0x3F, 0x01, 0xF8, 0x1F, 0x80, 0x7E, 0x0F, 0xC0,
    0x0F, 0xC7, 0xE0, 0x03, 0xF3, 0xF8, 0x00, 0x7F, 0xFC, 0x00, 0x1F, 0xFE, 0x00, 0x03, 0xFF, 0x00,
    0x1F, 0xFF, 0xF8, 0x07, 0xFF, 0xFF, 0x01, 0xFF, 0xFF, 0x80, 0x7F, 0xFF, 0xE0, 0x00, 0x7E, 0x00,
    0x0F, 0xFF, 0xFE, 0x03, 0xFF, 0xFF, 0x00, 0xFF, 0xFF, 0xC0, 0x00, 0xFC, 0x00, 0x00, 0x3F, 0x00,
    0x00, 0x1F, 0xC0, 0x00, 0x01, 0xF0, 0x3F, 0x03, 0xF0, 0x3E, 0x03, 0xE0, 0x7E, 0x07, 0xE0, 0x7E,
    0x07, 0xC0, 0x7C, 0x0F, 0xC0, 0xFC, 0x00, 0x00, 0x00, 0x00, 0x00, 0x00, 0x00, 0x00, 0x00, 0x00,
    0x01, 0xE0, 0x1F, 0x03, 0xF0, 0x3F, 0x03, 0xE0, 0x3E, 0x03, 0xE0, 0x7E, 0x07, 0xE0, 0x7C, 0x07,
    0xC0, 0x7C, 0x07, 0xC0, 0x00, 0x0F, 0x80, 0x01, 0xFF, 0xC0, 0x1F, 0xFF, 0x80, 0xFF, 0xFE, 0x07,
    0xFF, 0xF0, 0x1F, 0x80, 0xC0, 0x7C, 0x00, 0x01, 0xF8, 0x00, 0x07, 0xFC, 0x00, 0x0F, 0xFE, 0x00,
    0x7F, 0xFC, 0x03, 0xFF, 0xF8, 0x1F, 0x8F, 0xE0, 0x7C, 0x1F, 0x81, 0xF0, 0x3E, 0x07, 0xF1, 0xF8,
    0x1F, 0xFF, 0xC0, 0x3F, 0xFE, 0x00, 0x7F, 0xF0, 0x00, 0x7F, 0xC0, 0x00, 0x3F, 0x80, 0x00, 0x7E,
    0x03, 0x01, 0xF8, 0x1F, 0xFF, 0xC0, 0x7F, 0xFF, 0x01, 0xFF, 0xF8, 0x03, 0xFF, 0x80, 0x03, 0xF8,
    0x00, 0x38, 0xF3, 0xE7, 0x9F, 0x7E, 0xFB, 0xE7, 0x8F, 0x00, 0x00, 0x1C, 0x00, 0x00, 0xFF, 0xE0,
    0x00, 0xFF, 0xF8, 0x01, 0xFC, 0x7F, 0x01, 0xF0, 0x07, 0xC0, 0xE0, 0x60, 0xE0, 0xF1, 0xFE, 0x38,
    0xF3, 0xFF, 0x9C, 0x71, 0xFF, 0xE7, 0x39, 0xFF, 0xE3, 0x9C, 0xF8, 0x61, 0xDE, 0x78, 0x00, 0xEE,
    0x7C, 0x00, 0x77, 0x9E, 0x00, 0x39, 0xCF, 0x86, 0x1C, 0xE7, 0xFF, 0x8E, 0x71, 0xFF, 0xE7, 0x1C,
    0x7F, 0xE7, 0x0F, 0x1F, 0xE7, 0x83, 0xC0, 0x07, 0x81, 0xF0, 0x07, 0x80, 0x7F, 0x1F, 0x80, 0x0F,
    0xFF, 0x80, 0x01, 0xFF, 0x00, 0x00, 0x00, 0x00, 0x00, 0x0F, 0xC1, 0xFF, 0x8F, 0xFC, 0x31, 0xF0,
    0xFF, 0x9F, 0xF9, 0xFF, 0xDE, 0x1E, 0xFB, 0xF7, 0xFF, 0x9F, 0xF8, 0x10, 0x00, 0x03, 0xE7, 0xC0,
    0xFD, 0xF8, 0x3F, 0x7E, 0x0F, 0xDF, 0x83, 0xF3, 0xE0, 0xFC, 0xF8, 0x3F, 0x3F, 0x07, 0xEF, 0xC0,
    0x7C, 0xF8, 0x0F, 0x9F, 0x80, 0xF9, 0xF0, 0x1F, 0x1F, 0x01, 0xF3, 0xE0, 0x3E, 0x3E, 0x00, 0x7F,
    0xFF, 0xFF, 0xFF, 0xFF, 0xFF, 0xFF, 0xFF, 0xEF, 0xFF, 0xF0, 0x00, 0xF8, 0x00, 0x7C, 0x00, 0x3E,
    0x00, 0x3E, 0x00, 0x1F, 0x00, 0x07, 0x80, 0x00, 0x1C, 0x00, 0x00, 0xFF, 0xE0, 0x00, 0xFF, 0xF8,
    0x01, 0xFC, 0x7F, 0x01, 0xF0, 0x07, 0xC0, 0xE0, 0x00, 0xE0, 0xF7, 0xFE, 0x38, 0xF3, 0xFF, 0x9C,
    0x71, 0xFF, 0xC7, 0x38, 0xF1, 0xF3, 0x9C, 0x78, 0x79, 0xDE, 0x3C, 0x3C, 0xEE, 0x1F, 0xFE, 0x77,
    0x8F, 0xFE, 0x39, 0xC7, 0xFE, 0x1C, 0xE3, 0xFF, 0x0E, 0x71, 0xE3, 0xC7, 0x1C, 0xF1, 0xF7, 0x0F,
    0x78, 0x7F, 0x83, 0xC0, 0x07, 0x81, 0xF0, 0x07, 0x80, 0x7F, 0x1F, 0x80, 0x0F, 0xFF, 0x80, 0x01,
    0xFF, 0x00, 0x00, 0x00, 0x00, 0x00, 0x7F, 0xFD, 0xFF, 0xF7, 0xFF, 0xC0, 0x00, 0x07, 0x00, 0xFE,
    0x0F, 0xF8, 0xFF, 0xE7, 0x87, 0xB8, 0x3D, 0xC1, 0xEE, 0x0F, 0x78, 0xF3, 0xFF, 0x8F, 0xF8, 0x1F,
    0x80, 0x00, 0x3E, 0x00, 0x03, 0xE0, 0x00, 0x7C, 0x00, 0x07, 0xC0, 0x00, 0x7C, 0x00, 0xFF, 0xFE,
    0x1F, 0xFF, 0xE1, 0xFF, 0xFE, 0x1F, 0xFF, 0xE3, 0xFF, 0xFE, 0x00, 0xF8, 0x00, 0x0F, 0x80, 0x01,
    0xF8, 0x00, 0x1F, 0x00, 0x01, 0xF0, 0x00, 0x0E, 0x00, 0x00, 0x00, 0x00, 0x00, 0x00, 0x7F, 0xFF,
    0x8F, 0xFF, 0xF8, 0xFF, 0xFF, 0x8F, 0xFF, 0xF0, 0x0F, 0xF0, 0x7F, 0xE3, 0xFF, 0xC7, 0x1F, 0x00,
    0x3C, 0x01, 0xF0, 0x0F, 0x80, 0x7C, 0x07, 0xE0, 0x3F, 0x03, 0xF0, 0x1F, 0xFE, 0x7F, 0xFB, 0xFF,
    0xE0, 0x1F, 0xFE, 0x3F, 0xFC, 0xFF, 0xF0, 0x07, 0xC0, 0x1F, 0x00, 0x7C, 0x01, 0xFC, 0x03, 0xFC,
    0x07, 0xFC, 0x00, 0xF9, 0xC1, 0xF3, 0xFF, 0xCF, 0xFF, 0x0F, 0xFC, 0x03, 0xC0, 0x00, 0x0F, 0xE3,
    0xF8, 0xFC, 0x3F, 0x0F, 0x80, 0x07, 0xE0, 0x3E, 0x07, 0xC0, 0x7E, 0x0F, 0xC0, 0x7E, 0x0F, 0xC0,
    0x7E, 0x0F, 0xC0, 0x7E, 0x0F, 0xC0, 0x7E, 0x0F, 0x80, 0xFC, 0x1F, 0x80, 0xFC, 0x1F, 0x80, 0xFC,
    0x1F, 0x80, 0xFC, 0x1F, 0x81, 0xFC, 0x1F, 0x81, 0xF8, 0x3F, 0x83, 0xF8, 0x3F, 0xFF, 0xF8, 0x3F,
    0xFF, 0xF8, 0x3F, 0xFF, 0xF8, 0x3F, 0xFF, 0xF0, 0x7F, 0xFD, 0xF0, 0x7E, 0x70, 0x00, 0x7E, 0x00,
    0x00, 0x7E, 0x00, 0x00, 0x7C, 0x00, 0x00, 0xFC, 0x00, 0x00, 0xFC, 0x00, 0x00, 0xFC, 0x00, 0x00,
    0x03, 0xFF, 0xF8, 0xFF, 0xFF, 0xCF, 0xFF, 0xFE, 0xFF, 0xFF, 0xF7, 0xFF, 0xFF, 0xFF, 0xF8, 0xFB,
    0xFF, 0xC7, 0xDF, 0xFE, 0x3E, 0xFF, 0xF1, 0xF7, 0xFF, 0x0F, 0x9F, 0xF8, 0xF8, 0xFF, 0xC7, 0xC1,
    0xFE, 0x3E, 0x01, 0xF1, 0xF0, 0x1F, 0x0F, 0x80, 0xF8, 0xF8, 0x07, 0xC7, 0xC0, 0x3E, 0x3E, 0x01,
    0xF1, 0xF0, 0x1F, 0x0F, 0x80, 0xF8, 0xF8, 0x07, 0xC7, 0xC0, 0x3E, 0x3E, 0x01, 0xF1, 0xF0, 0x1F,
    0x0F, 0x80, 0xF8, 0xF8, 0x07, 0xC7, 0xC0, 0x3E, 0x3E, 0x01, 0xE1, 0xF0, 0x00, 0x1C, 0x7E, 0x7E,
    0x7F, 0x7F, 0x7E, 0x3C, 0x07, 0x03, 0xC0, 0xF0, 0x7E, 0x1F, 0xC1, 0xF7, 0xF9, 0xFC, 0x7E, 0x00,
    0x1F, 0xE1, 0xFE, 0x1F, 0xE0, 0x3C, 0x03, 0xC0, 0x7C, 0x07, 0xC0, 0x7C, 0x07, 0x80, 0x78, 0x0F,
    0x87, 0xFF, 0x7F, 0xEF, 0xFE, 0x07, 0xE0, 0x7F, 0xC3, 0xFF, 0x9F, 0xBF, 0x78, 0x7D, 0xE0, 0xFF,
    0x87, 0xDE, 0x1E, 0x7F, 0xF8, 0xFF, 0xC1, 0xFE, 0x00, 0x80, 0x1F, 0x1E, 0x03, 0xF3, 0xE0, 0x3E,
    0x7E, 0x07, 0xE7, 0xC0, 0x7C, 0xFC, 0x0F, 0xCF, 0x80, 0xF9, 0xF8, 0x3F, 0x3F, 0x0F, 0xCF, 0xC1,
    0xF3, 0xF0, 0x7C, 0xFC, 0x1F, 0xBF, 0x07, 0xEF, 0xC1, 0xF9, 0xF0, 0x00, 0x00, 0x00, 0x00, 0x00,
    0x1F, 0xE0, 0x01, 0xF0, 0x1F, 0xC0, 0x03, 0xE0, 0x1F, 0xC0, 0x07, 0xC0, 0x03, 0xC0, 0x0F, 0x80,
    0x07, 0xC0, 0x1F, 0x00, 0x07, 0xC0, 0x3F, 0x00, 0x07, 0x80, 0x3E, 0x00, 0x07, 0x80, 0x7C, 0x00,
    0x07, 0x80, 0xF8, 0x00, 0x0F, 0x81, 0xF0, 0x7C, 0x0F, 0x83, 0xE0, 0xF8, 0x7F, 0xE7, 0xC1, 0xF0,
    0xFF, 0xEF, 0x83, 0xE0, 0xFF, 0xFF, 0x87, 0xC0, 0x00, 0x1F, 0x0F, 0xC0, 0x00, 0x3E, 0x0F, 0xBC,
    0x00, 0x7C, 0x1F, 0x38, 0x00, 0xF8, 0x3F, 0xFE, 0x01, 0xF0, 0x7F, 0xFE, 0x03, 0xE0, 0x7F, 0xFE,
    0x07, 0xC0, 0x7F, 0xFE, 0x0F, 0xC0, 0x00, 0xF8, 0x0F, 0x80, 0x00, 0xF0, 0x00, 0x00, 0x00, 0x00,
    0x3F, 0xC0, 0x03, 0xE0, 0x7F, 0x00, 0x0F, 0x80, 0xFE, 0x00, 0x3E, 0x00, 0x3C, 0x00, 0xF8, 0x00,
    0xF8, 0x03, 0xE0, 0x01, 0xF0, 0x0F, 0xC0, 0x03, 0xC0, 0x1F, 0x00, 0x07, 0x80, 0x7C, 0x00, 0x0F,
    0x01, 0xF0, 0x00, 0x3E, 0x07, 0xCF, 0xE0, 0x7C, 0x1F, 0x7F, 0xE7, 0xFE, 0x7D, 0xFF, 0xFF, 0xFD,
    0xF1, 0xE7, 0xFF, 0xFF, 0xE0, 0x07, 0x80, 0x0F, 0x80, 0x1F, 0x00, 0x3E, 0x00, 0x7C, 0x00, 0xF8,
    0x01, 0xF0, 0x03, 0xE0, 0x0F, 0xC0, 0x0F, 0x80, 0x3F, 0x00, 0x3E, 0x01, 0xF8, 0x00, 0xF8, 0x07,
    0xFF, 0x83, 0xF0, 0x0F, 0xFF, 0x07, 0xC0, 0x1F, 0xFE, 0x00, 0x00, 0x00, 0x00, 0x0F, 0xFE, 0x00,
    0x7C, 0x0F, 0xFF, 0x00, 0x7C, 0x07, 0xFF, 0x80, 0x7C, 0x00, 0x0F, 0x80, 0x7C, 0x00, 0x0F, 0x80,
    0x7C, 0x00, 0x0F, 0x80, 0x7E, 0x00, 0x0F, 0xE0, 0x3E, 0x00, 0x07, 0xF8, 0x3E, 0x00, 0x03, 0xFC,
    0x3E, 0x00, 0x00, 0x1E, 0x3E, 0x0F, 0x8C, 0x0F, 0x3E, 0x0F, 0x8F, 0xFF, 0xBE, 0x0F, 0x87, 0xFF,
    0xBE, 0x0F, 0x81, 0xFF, 0xBF, 0x0F, 0x80, 0x1E, 0x1F, 0x0F, 0xC0, 0x00, 0x1F, 0x07, 0xDE, 0x00,
    0x1F, 0x07, 0xCE, 0x00, 0x1F, 0x07, 0xFF, 0xC0, 0x1F, 0x07, 0xFF, 0xE0, 0x1F, 0x03, 0xFF, 0xF0,
    0x1F, 0x01, 0xFF, 0xF8, 0x1F, 0x80, 0x01, 0xF0, 0x0F, 0x80, 0x00, 0xF0, 0x00, 0x00, 0x00, 0x1F,
    0x00, 0x0F, 0xC0, 0x03, 0xF8, 0x00, 0xFC, 0x00, 0x3F, 0x00, 0x07, 0x80, 0x00, 0x00, 0x00, 0x00,
    0x00, 0x7E, 0x00, 0x3F, 0x00, 0x1F, 0xC0, 0x0F, 0xE0, 0x07, 0xF0, 0x03, 0xF8, 0x01, 0xFC, 0x00,
    0xFE, 0x00, 0x3F, 0x00, 0x0F, 0xC0, 0x73, 0xF8, 0x7E, 0xFF, 0xFF, 0xFF, 0xFF, 0xE7, 0xFF, 0xF0,
    0xFF, 0xF0, 0x07, 0xE0, 0x00, 0x00, 0x07, 0xE0, 0x00, 0x00, 0x7E, 0x00, 0x00, 0x07, 0xC0, 0x00,
    0x00, 0x7C, 0x00, 0x00, 0x07, 0xC0, 0x00, 0x00, 0x00, 0x00, 0x00, 0x00, 0x00, 0x00, 0x0F, 0xE0,
    0x00, 0x03, 0xFC, 0x00, 0x00, 0x7F, 0x80, 0x00, 0x1F, 0xF0, 0x00, 0x07, 0xFF, 0x00, 0x00, 0xFF,
    0xE0, 0x00, 0x3F, 0xFC, 0x00, 0x07, 0xEF, 0x80, 0x01, 0xF9, 0xF8, 0x00, 0x7E, 0x3F, 0x00, 0x0F,
    0xC7, 0xE0, 0x03, 0xF0, 0x7C, 0x00, 0xFC, 0x0F, 0xC0, 0x1F, 0x81, 0xF8, 0x07, 0xFF, 0xFF, 0x01,
    0xFF, 0xFF, 0xE0, 0x3F, 0xFF, 0xFE, 0x0F, 0xFF, 0xFF, 0xC3, 0xF8, 0x01, 0xF8, 0x7E, 0x00, 0x3F,
    0x1F, 0xC0, 0x03, 0xF7, 0xF0, 0x00, 0x7E, 0xFC, 0x00, 0x0F, 0xC0, 0x00, 0x00, 0x0F, 0xC0, 0x00,
    0x03, 0xF0, 0x00, 0x00, 0xFC, 0x00, 0x00, 0x3F, 0x00, 0x00, 0x0F, 0x80, 0x00, 0x00, 0x00, 0x00,
    0x00, 0x00, 0x00, 0x00, 0x0F, 0xE0, 0x00, 0x03, 0xFC, 0x00, 0x00, 0x7F, 0x80, 0x00, 0x1F, 0xF0,
    0x00, 0x07, 0xFF, 0x00, 0x00, 0xFF, 0xE0, 0x00, 0x3F, 0xFC, 0x00, 0x07, 0xEF, 0x80, 0x01, 0xF9,
    0xF8, 0x00, 0x7E, 0x3F, 0x00, 0x0F, 0xC7, 0xE0, 0x03, 0xF0, 0x7C, 0x00, 0xFC, 0x0F, 0xC0, 0x1F,
    0x81, 0xF8, 0x07, 0xFF, 0xFF, 0x01, 0xFF, 0xFF, 0xE0, 0x3F, 0xFF, 0xFE, 0x0F, 0xFF, 0xFF, 0xC3,
    0xF8, 0x01, 0xF8, 0x7E, 0x00, 0x3F, 0x1F, 0xC0, 0x03, 0xF7, 0xF0, 0x00, 0x7E, 0xFC, 0x00, 0x0F,
    0xC0, 0x00, 0x00, 0x7E, 0x00, 0x00, 0x1F, 0xC0, 0x00, 0x07, 0xFC, 0x00, 0x03, 0xF7, 0xC0, 0x00,
    0xF8, 0x7C, 0x00, 0x00, 0x00, 0x00, 0x00, 0x00, 0x00, 0x00, 0x0F, 0xE0, 0x00, 0x03, 0xFC, 0x00,
    0x00, 0x7F, 0x80, 0x00, 0x1F, 0xF0, 0x00, 0x07, 0xFF, 0x00, 0x00, 0xFF, 0xE0, 0x00, 0x3F, 0xFC,
    0x00, 0x07, 0xEF, 0x80, 0x01, 0xF9, 0xF8, 0x00, 0x7E, 0x3F, 0x00, 0x0F, 0xC7, 0xE0, 0x03, 0xF0,
    0x7C, 0x00, 0xFC, 0x0F, 0xC0, 0x1F, 0x81, 0xF8, 0x07, 0xFF, 0xFF, 0x01, 0xFF, 0xFF, 0xE0, 0x3F,
    0xFF, 0xFE, 0x0F, 0xFF, 0xFF, 0xC3, 0xF8, 0x01, 0xF8, 0x7E, 0x00, 0x3F, 0x1F, 0xC0, 0x03, 0xF7,
    0xF0, 0x00, 0x7E, 0xFC, 0x00, 0x0F, 0xC0, 0x00, 0x03, 0xE1, 0xC0, 0x00, 0x7F, 0x78, 0x00, 0x1F,
    0xFF, 0x00, 0x03, 0x9F, 0xC0, 0x00, 0xF1, 0xF0, 0x00, 0x00, 0x00, 0x00, 0x00, 0x00, 0x00, 0x00,
    0x0F, 0xE0, 0x00, 0x03, 0xFC, 0x00, 0x00, 0x7F, 0x80, 0x00, 0x1F, 0xF0, 0x00, 0x07, 0xFF, 0x00,
    0x00, 0xFF, 0xE0, 0x00, 0x3F, 0xFC, 0x00, 0x07, 0xEF, 0x80, 0x01, 0xF9, 0xF8, 0x00, 0x7E, 0x3F,
    0x00, 0x0F, 0xC7, 0xE0, 0x03, 0xF0, 0x7C, 0x00, 0xFC, 0x0F, 0xC0, 0x1F, 0x81, 0xF8, 0x07, 0xFF,
    0xFF, 0x01, 0xFF, 0xFF, 0xE0, 0x3F, 0xFF, 0xFE, 0x0F, 0xFF, 0xFF, 0xC3, 0xF8, 0x01, 0xF8, 0x7E,
    0x00, 0x3F, 0x1F, 0xC0, 0x03, 0xF7, 0xF0, 0x00, 0x7E, 0xFC, 0x00, 0x0F, 0xC0, 0x00, 0x01, 0xC7,
    0x80, 0x00, 0x7D, 0xF0, 0x00, 0x0F, 0xBF, 0x00, 0x01, 0xF7, 0xC0, 0x00, 0x3C, 0x78, 0x00, 0x00,
    0x00, 0x00, 0x00, 0x00, 0x00, 0x00, 0x0F, 0xE0, 0x00, 0x03, 0xFC, 0x00, 0x00, 0x7F, 0x80, 0x00,
    0x1F, 0xF0, 0x00, 0x07, 0xFF, 0x00, 0x00, 0xFF, 0xE0, 0x00, 0x3F, 0xFC, 0x00, 0x07, 0xEF, 0x80,
    0x01, 0xF9, 0xF8, 0x00, 0x7E, 0x3F, 0x00, 0x0F, 0xC7, 0xE0, 0x03, 0xF0, 0x7C, 0x00, 0xFC, 0x0F,
    0xC0, 0x1F, 0x81, 0xF8, 0x07, 0xFF, 0xFF, 0x01, 0xFF, 0xFF, 0xE0, 0x3F, 0xFF, 0xFE, 0x0F, 0xFF,
    0xFF, 0xC3, 0xF8, 0x01, 0xF8, 0x7E, 0x00, 0x3F, 0x1F, 0xC0, 0x03, 0xF7, 0xF0, 0x00, 0x7E, 0xFC,
    0x00, 0x0F, 0xC0, 0x00, 0x00, 0x38, 0x00, 0x00, 0x1F, 0xC0, 0x00, 0x03, 0xFC, 0x00, 0x00, 0xE3,
    0x80, 0x00, 0x1C, 0x70, 0x00, 0x03, 0x8E, 0x00, 0x00, 0x3F, 0x80, 0x00, 0x07, 0xF0, 0x00, 0x00,
    0x38, 0x00, 0x00, 0x00, 0x00, 0x00, 0x07, 0xF0, 0x00, 0x01, 0xFE, 0x00, 0x00, 0x3F, 0xC0, 0x00,
    0x0F, 0xF8, 0x00, 0x03, 0xFF, 0x80, 0x00, 0x7F, 0xF0, 0x00, 0x1F, 0xFE, 0x00, 0x03, 0xF7, 0xC0,
    0x00, 0xFC, 0xFC, 0x00, 0x3F, 0x1F, 0x80, 0x07, 0xE3, 0xF0, 0x01, 0xF8, 0x3E, 0x00, 0x7E, 0x07,
    0xE0, 0x0F, 0xC0, 0xFC, 0x03, 0xFF, 0xFF, 0x80, 0xFF, 0xFF, 0xF0, 0x1F, 0xFF, 0xFF, 0x07, 0xFF,
    0xFF, 0xE1, 0xFC, 0x00, 0xFC, 0x3F, 0x00, 0x1F, 0x8F, 0xE0, 0x01, 0xFB, 0xF8, 0x00, 0x3F, 0x7E,
    0x00, 0x07, 0xE0, 0x00, 0x00, 0x03, 0x00, 0x00, 0x00, 0x00, 0x7F, 0xFF, 0xFF, 0x00, 0x00, 0x7F,
    0xFF, 0xFF, 0x00, 0x00, 0xFF, 0xFF, 0xFE, 0x00, 0x01, 0xFF, 0xFF, 0xFE, 0x00, 0x03, 0xFF, 0xFF,
    0xFE, 0x00, 0x03, 0xF7, 0xE0, 0x00, 0x00, 0x07, 0xEF, 0xE0, 0x00, 0x00, 0x0F, 0xEF, 0xC0, 0x00,
    0x00, 0x1F, 0xCF, 0xC0, 0x00, 0x00, 0x1F, 0x8F, 0xFF, 0xF8, 0x00, 0x3F, 0x0F, 0xFF, 0xF0, 0x00,
    0x7F, 0x1F, 0xFF, 0xF0, 0x00, 0xFE, 0x1F, 0xFF, 0xF0, 0x00, 0xFC, 0x1F, 0xFF, 0xF0, 0x01, 0xFF,
    0xFF, 0x80, 0x00, 0x03, 0xFF, 0xFF, 0x80, 0x00, 0x07, 0xFF, 0xFF, 0x80, 0x00, 0x07, 0xFF, 0xFF,
    0x00, 0x00, 0x0F, 0xE0, 0x3F, 0xFF, 0xF0, 0x1F, 0xC0, 0x3F, 0xFF, 0xF8, 0x3F, 0x80, 0x3F, 0xFF,
    0xF0, 0x3F, 0x00, 0x7F, 0xFF, 0xF0, 0x7F, 0x00, 0x7F, 0xFF, 0xF0, 0x00, 0x1F, 0xC0, 0x00, 0x7F,
    0xFC, 0x00, 0x7F, 0xFF, 0x80, 0xFF, 0xFF, 0xE0, 0xFF, 0xFF, 0xF0, 0xFF, 0xE7, 0xF8, 0x7F, 0x00,
    0x70, 0x7F, 0x00, 0x10, 0x3F, 0x00, 0x00, 0x3F, 0x80, 0x00, 0x1F, 0x80, 0x00, 0x0F, 0xC0, 0x00,
    0x0F, 0xE0, 0x00, 0x07, 0xE0, 0x00, 0x03, 0xF0, 0x00, 0x01, 0xFC, 0x00, 0x00, 0x7E, 0x00, 0x00,
    0x3F, 0x80, 0x18, 0x1F, 0xE0, 0x3E, 0x07, 0xFF, 0xFF, 0x03, 0xFF, 0xFF, 0xC0, 0xFF, 0xFF, 0xC0,
    0x3F, 0xFF, 0xC0, 0x07, 0xFF, 0x80, 0x00, 0x7E, 0x00, 0x00, 0x78, 0x00, 0x00, 0x3F, 0x00, 0x00,
    0x1F, 0x80, 0x00, 0x03, 0xC0, 0x00, 0x1F, 0xE0, 0x00, 0x1F, 0xE0, 0x00, 0x07, 0xC0, 0x00, 0x00,
    0x7E, 0x00, 0x00, 0x7F, 0x00, 0x00, 0x1F, 0x00, 0x00, 0x0F, 0x80, 0x00, 0x07, 0xC0, 0x00, 0x00,
    0x00, 0x00, 0x00, 0x00, 0x07, 0xFF, 0xFE, 0x07, 0xFF, 0xFE, 0x07, 0xFF, 0xFE, 0x0F, 0xFF, 0xFE,
    0x0F, 0xFF, 0xFC, 0x0F, 0xC0, 0x00, 0x0F, 0xC0, 0x00, 0x0F, 0xC0, 0x00, 0x1F, 0xC0, 0x00, 0x1F,
    0xFF, 0xF0, 0x1F, 0xFF, 0xF0, 0x1F, 0xFF, 0xF0, 0x1F, 0xFF, 0xE0, 0x3F, 0xFF, 0xE0, 0x3F, 0x00,
    0x00, 0x3F, 0x00, 0x00, 0x3F, 0x00, 0x00, 0x3F, 0x00, 0x00, 0x7F, 0xFF, 0xF0, 0x7F, 0xFF, 0xF0,
    0x7F, 0xFF, 0xF0, 0x7F, 0xFF, 0xF0, 0x7F, 0xFF, 0xE0, 0x00, 0x00, 0xFC, 0x00, 0x01, 0xF8, 0x00,
    0x03, 0xF0, 0x00, 0x07, 0xC0, 0x00, 0x0F, 0x80, 0x00, 0x00, 0x00, 0x00, 0x00, 0x00, 0x07, 0xFF,
    0xFE, 0x07, 0xFF, 0xFE, 0x07, 0xFF, 0xFE, 0x0F, 0xFF, 0xFE, 0x0F, 0xFF, 0xFC, 0x0F, 0xC0, 0x00,
    0x0F, 0xC0, 0x00, 0x0F, 0xC0, 0x00, 0x1F, 0xC0, 0x00, 0x1F, 0xFF, 0xF0, 0x1F, 0xFF, 0xF0, 0x1F,
    0xFF, 0xF0, 0x1F, 0xFF, 0xE0, 0x3F, 0xFF, 0xE0, 0x3F, 0x00, 0x00, 0x3F, 0x00, 0x00, 0x3F, 0x00,
    0x00, 0x3F, 0x00, 0x00, 0x7F, 0xFF, 0xF0, 0x7F, 0xFF, 0xF0, 0x7F, 0xFF, 0xF0, 0x7F, 0xFF, 0xF0,
    0x7F, 0xFF, 0xE0, 0x00, 0x0F, 0xC0, 0x00, 0x1F, 0xE0, 0x00, 0x3F, 0xF0, 0x00, 0x7E, 0xF8, 0x00,
    0xF8, 0x7C, 0x00, 0x00, 0x00, 0x00, 0x00, 0x00, 0x07, 0xFF, 0xFE, 0x07, 0xFF, 0xFE, 0x07, 0xFF,
    0xFE, 0x0F, 0xFF, 0xFE, 0x0F, 0xFF, 0xFC, 0x0F, 0xC0, 0x00, 0x0F, 0xC0, 0x00, 0x0F, 0xC0, 0x00,
    0x1F, 0xC0, 0x00, 0x1F, 0xFF, 0xF0, 0x1F, 0xFF, 0xF0, 0x1F, 0xFF, 0xF0, 0x1F, 0xFF, 0xE0, 0x3F,
    0xFF, 0xE0, 0x3F, 0x00, 0x00, 0x3F, 0x00, 0x00, 0x3F, 0x00, 0x00, 0x3F, 0x00, 0x00, 0x7F, 0xFF,
    0xF0, 0x7F, 0xFF, 0xF0, 0x7F, 0xFF, 0xF0, 0x7F, 0xFF, 0xF0, 0x7F, 0xFF, 0xE0, 0x00, 0x3C, 0x78,
    0x00, 0x3E, 0xF8, 0x00, 0x7E, 0xF8, 0x00, 0x7C, 0xF8, 0x00, 0x3C, 0x70, 0x00, 0x00, 0x00, 0x00,
    0x00, 0x00, 0x07, 0xFF, 0xFE, 0x07, 0xFF, 0xFE, 0x07, 0xFF, 0xFE, 0x0F, 0xFF, 0xFE, 0x0F, 0xFF,
    0xFC, 0x0F, 0xC0, 0x00, 0x0F, 0xC0, 0x00, 0x0F, 0xC0, 0x00, 0x1F, 0xC0, 0x00, 0x1F, 0xFF, 0xF0,
    0x1F, 0xFF, 0xF0, 0x1F, 0xFF, 0xF0, 0x1F, 0xFF, 0xE0, 0x3F, 0xFF, 0xE0, 0x3F, 0x00, 0x00, 0x3F,
    0x00, 0x00, 0x3F, 0x00, 0x00, 0x3F, 0x00, 0x00, 0x7F, 0xFF, 0xF0, 0x7F, 0xFF, 0xF0, 0x7F, 0xFF,
    0xF0, 0x7F, 0xFF, 0xF0, 0x7F, 0xFF, 0xE0, 0x1F, 0x81, 0xF8, 0x0F, 0xC0, 0x3E, 0x01, 0xF0, 0x00,
    0x00, 0x00, 0x7E, 0x07, 0xE0, 0x7E, 0x0F, 0xE0, 0xFC, 0x0F, 0xC0, 0xFC, 0x0F, 0xC1, 0xFC, 0x1F,
    0x81, 0xF8, 0x1F, 0x81, 0xF8, 0x3F, 0x83, 0xF0, 0x3F, 0x03, 0xF0, 0x3F, 0x07, 0xF0, 0x7E, 0x07,
    0xE0, 0x7E, 0x07, 0xE0, 0x00, 0x3F, 0x00, 0x3F, 0x00, 0x3F, 0x00, 0x3E, 0x00, 0x3E, 0x00, 0x00,
    0x00, 0x00, 0x00, 0x0F, 0xC0, 0x07, 0xE0, 0x03, 0xF0, 0x03, 0xF8, 0x01, 0xF8, 0x00, 0xFC, 0x00,
    0x7E, 0x00, 0x3F, 0x00, 0x3F, 0x80, 0x1F, 0x80, 0x0F, 0xC0, 0x07, 0xE0, 0x03, 0xF0, 0x03, 0xF8,
    0x01, 0xF8, 0x00, 0xFC, 0x00, 0x7E, 0x00, 0x3F, 0x00, 0x3F, 0x80, 0x1F, 0x80, 0x0F, 0xC0, 0x07,
    0xE0, 0x03, 0xF0, 0x00, 0x03, 0xF0, 0x07, 0xF8, 0x0F, 0xFC, 0x1F, 0xBE, 0x3E, 0x1F, 0x00, 0x00,
    0x00, 0x00, 0x07, 0xE0, 0x07, 0xE0, 0x07, 0xE0, 0x0F, 0xE0, 0x0F, 0xC0, 0x0F, 0xC0, 0x0F, 0xC0,
    0x0F, 0xC0, 0x1F, 0xC0, 0x1F, 0x80, 0x1F, 0x80, 0x1F, 0x80, 0x1F, 0x80, 0x3F, 0x80, 0x3F, 0x00,
    0x3F, 0x00, 0x3F, 0x00, 0x3F, 0x00, 0x7F, 0x00, 0x7E, 0x00, 0x7E, 0x00, 0x7E, 0x00, 0x7E, 0x00,
    0x0F, 0x1C, 0x1E, 0x7C, 0x7E, 0xF8, 0xF9, 0xF0, 0xF1, 0xC0, 0x00, 0x00, 0x00, 0x03, 0xF0, 0x07,
    0xE0, 0x0F, 0xC0, 0x3F, 0x80, 0x7E, 0x00, 0xFC, 0x01, 0xF8, 0x03, 0xF0, 0x0F, 0xE0, 0x1F, 0x80,
    0x3F, 0x00, 0x7E, 0x00, 0xFC, 0x03, 0xF8, 0x07, 0xE0, 0x0F, 0xC0, 0x1F, 0x80, 0x3F, 0x00, 0xFE,
    0x01, 0xF8, 0x03, 0xF0, 0x07, 0xE0, 0x0F, 0xC0, 0x00, 0x00, 0x00, 0x00, 0x00, 0x3F, 0xFF, 0x80,
    0x07, 0xFF, 0xFE, 0x00, 0x7F, 0xFF, 0xF8, 0x07, 0xFF, 0xFF, 0x80, 0x7F, 0xFF, 0xFC, 0x07, 0xE0,
    0x1F, 0xE0, 0xFC, 0x00, 0xFE, 0x0F, 0xC0, 0x07, 0xE0, 0xFC, 0x00, 0x7E, 0x7F, 0xFE, 0x07, 0xEF,
    0xFF, 0xE0, 0x7E, 0xFF, 0xFE, 0x07, 0xEF, 0xFF, 0xE0, 0x7E, 0x1F, 0x80, 0x07, 0xE1, 0xF8, 0x00,
    0xFE, 0x3F, 0x80, 0x1F, 0xC3, 0xF0, 0x03, 0xFC, 0x3F, 0x00, 0x7F, 0x83, 0xFF, 0xFF, 0xF0, 0x3F,
    0xFF, 0xFE, 0x07, 0xFF, 0xFF, 0xC0, 0x7F, 0xFF, 0xF8, 0x07, 0xFF, 0xFC, 0x00, 0x00, 0x0F, 0x87,
    0x00, 0x03, 0xFD, 0xE0, 0x00, 0x7F, 0xF8, 0x00, 0x1E, 0xFF, 0x00, 0x03, 0x87, 0xC0, 0x00, 0x00,
    0x00, 0x00, 0x00, 0x00, 0x00, 0x3F, 0x00, 0x3F, 0x07, 0xE0, 0x07, 0xE0, 0xFE, 0x00, 0xFC, 0x3F,
    0xE0, 0x3F, 0x07, 0xFC, 0x07, 0xE0, 0xFF, 0xC0, 0xFC, 0x1F, 0xF8, 0x1F, 0x83, 0xFF, 0x83, 0xF0,
    0xFF, 0xF8, 0xFC, 0x1F, 0xFF, 0x1F, 0x83, 0xF7, 0xF3, 0xF0, 0x7E, 0xFE, 0x7E, 0x0F, 0xCF, 0xEF,
    0xC3, 0xF8, 0xFF, 0xF0, 0x7E, 0x1F, 0xFE, 0x0F, 0xC1, 0xFF, 0xC1, 0xF8, 0x3F, 0xF8, 0x3F, 0x03,
    0xFF, 0x0F, 0xE0, 0x3F, 0xC1, 0xF8, 0x07, 0xF8, 0x3F, 0x00, 0x7F, 0x07, 0xE0, 0x0F, 0xE0, 0xFC,
    0x00, 0xFC, 0x00, 0x00, 0x3F, 0x00, 0x00, 0x03, 0xF0, 0x00, 0x00, 0x3F, 0x00, 0x00, 0x03, 0xE0,
    0x00, 0x00, 0x3E, 0x00, 0x00, 0x00, 0x00, 0x00, 0x07, 0xF0, 0x00, 0x07, 0xFF, 0xC0, 0x01, 0xFF,
    0xFE, 0x00, 0xFF, 0xFF, 0xE0, 0x3F, 0xFF, 0xFE, 0x0F, 0xFE, 0xFF, 0xC1, 0xFC, 0x03, 0xFC, 0x7F,
    0x00, 0x3F, 0x9F, 0xC0, 0x03, 0xF3, 0xF8, 0x00, 0x7F, 0x7E, 0x00, 0x0F, 0xEF, 0xC0, 0x01, 0xFF,
    0xF8, 0x00, 0x3F, 0x7E, 0x00, 0x07, 0xEF, 0xC0, 0x00, 0xFD, 0xFC, 0x00, 0x3F, 0x9F, 0x80, 0x07,
    0xE3, 0xF8, 0x01, 0xFC, 0x7F, 0x80, 0xFF, 0x07, 0xFF, 0xFF, 0xE0, 0xFF, 0xFF, 0xF8, 0x0F, 0xFF,
    0xFE, 0x00, 0xFF, 0xFF, 0x00, 0x07, 0xFF, 0x80, 0x00, 0x1F, 0x80, 0x00, 0x00, 0x00, 0x7F, 0x00,
    0x00, 0x1F, 0xC0, 0x00, 0x07, 0xE0, 0x00, 0x01, 0xF8, 0x00, 0x00, 0x7C, 0x00, 0x00, 0x00, 0x00,
    0x00, 0x07, 0xF0, 0x00, 0x07, 0xFF, 0xC0, 0x01, 0xFF, 0xFE, 0x00, 0xFF, 0xFF, 0xE0, 0x3F, 0xFF,
    0xFE, 0x0F, 0xFE, 0xFF, 0xC1, 0xFC, 0x03, 0xFC, 0x7F, 0x00, 0x3F, 0x9F, 0xC0, 0x03, 0xF3, 0xF8,
    0x00, 0x7F, 0x7E, 0x00, 0x0F, 0xEF, 0xC0, 0x01, 0xFF, 0xF8, 0x00, 0x3F, 0x7E, 0x00, 0x07, 0xEF,
    0xC0, 0x00, 0xFD, 0xFC, 0x00, 0x3F, 0x9F, 0x80, 0x07, 0xE3, 0xF8, 0x01, 0xFC, 0x7F, 0x80, 0xFF,
    0x07, 0xFF, 0xFF, 0xE0, 0xFF, 0xFF, 0xF8, 0x0F, 0xFF, 0xFE, 0x00, 0xFF, 0xFF, 0x00, 0x07, 0xFF,
    0x80, 0x00, 0x1F, 0x80, 0x00, 0x00, 0x03, 0xF0, 0x00, 0x00, 0xFF, 0x00, 0x00, 0x3F, 0xE0, 0x00,
    0x0F, 0xBE, 0x00, 0x03, 0xE3, 0xE0, 0x00, 0x00, 0x00, 0x00, 0x07, 0xF0, 0x00, 0x07, 0xFF, 0xC0,
    0x01, 0xFF, 0xFE, 0x00, 0xFF, 0xFF, 0xE0, 0x3F, 0xFF, 0xFE, 0x0F, 0xFE, 0xFF, 0xC1, 0xFC, 0x03,
    0xFC, 0x7F, 0x00, 0x3F, 0x9F, 0xC0, 0x03, 0xF3, 0xF8, 0x00, 0x7F, 0x7E, 0x00, 0x0F, 0xEF, 0xC0,
    0x01, 0xFF, 0xF8, 0x00, 0x3F, 0x7E, 0x00, 0x07, 0xEF, 0xC0, 0x00, 0xFD, 0xFC, 0x00, 0x3F, 0x9F,
    0x80, 0x07, 0xE3, 0xF8, 0x01, 0xFC, 0x7F, 0x80, 0xFF, 0x07, 0xFF, 0xFF, 0xE0, 0xFF, 0xFF, 0xF8,
    0x0F, 0xFF, 0xFE, 0x00, 0xFF, 0xFF, 0x00, 0x07, 0xFF, 0x80, 0x00, 0x1F, 0x80, 0x00, 0x00, 0x0F,
    0x8F, 0x00, 0x03, 0xF9, 0xC0, 0x00, 0xFF, 0xF8, 0x00, 0x1E, 0xFE, 0x00, 0x03, 0x8F, 0xC0, 0x00,
    0x00, 0x00, 0x00, 0x07, 0xF0, 0x00, 0x07, 0xFF, 0xC0, 0x01, 0xFF, 0xFE, 0x00, 0xFF, 0xFF, 0xE0,
    0x3F, 0xFF, 0xFE, 0x0F, 0xFE, 0xFF, 0xC1, 0xFC, 0x03, 0xFC, 0x7F, 0x00, 0x3F, 0x9F, 0xC0, 0x03,
    0xF3, 0xF8, 0x00, 0x7F, 0x7E, 0x00, 0x0F, 0xEF, 0xC0, 0x01, 0xFF, 0xF8, 0x00, 0x3F, 0x7E, 0x00,
    0x07, 0xEF, 0xC0, 0x00, 0xFD, 0xFC, 0x00, 0x3F, 0x9F, 0x80, 0x07, 0xE3, 0xF8, 0x01, 0xFC, 0x7F,
    0x80, 0xFF, 0x07, 0xFF, 0xFF, 0xE0, 0xFF, 0xFF, 0xF8, 0x0F, 0xFF, 0xFE, 0x00, 0xFF, 0xFF, 0x00,
    0x07, 0xFF, 0x80, 0x00, 0x1F, 0x80, 0x00, 0x00, 0x0E, 0x1C, 0x00, 0x03, 0xE7, 0xC0, 0x00, 0x7C,
    0xF8, 0x00, 0x0F, 0x9F, 0x00, 0x00, 0xE3, 0xC0, 0x00, 0x00, 0x00, 0x00, 0x07, 0xF0, 0x00, 0x07,
    0xFF, 0xC0, 0x01, 0xFF, 0xFE, 0x00, 0xFF, 0xFF, 0xE0, 0x3F, 0xFF, 0xFE, 0x0F, 0xFE, 0xFF, 0xC1,
    0xFC, 0x03, 0xFC, 0x7F, 0x00, 0x3F, 0x9F, 0xC0, 0x03, 0xF3, 0xF8, 0x00, 0x7F, 0x7E, 0x00, 0x0F,
    0xEF, 0xC0, 0x01, 0xFF, 0xF8, 0x00, 0x3F, 0x7E, 0x00, 0x07, 0xEF, 0xC0, 0x00, 0xFD, 0xFC, 0x00,
    0x3F, 0x9F, 0x80, 0x07, 0xE3, 0xF8, 0x01, 0xFC, 0x7F, 0x80, 0xFF, 0x07, 0xFF, 0xFF, 0xE0, 0xFF,
    0xFF, 0xF8, 0x0F, 0xFF, 0xFE, 0x00, 0xFF, 0xFF, 0x00, 0x07, 0xFF, 0x80, 0x00, 0x1F, 0x80, 0x00,
    0x0C, 0x04, 0x1C, 0x0E, 0x3E, 0x3F, 0x3F, 0x7F, 0x1F, 0xFE, 0x0F, 0xFC, 0x0F, 0xF8, 0x07, 0xF0,
    0x0F, 0xF8, 0x1F, 0xF8, 0x7F, 0xFC, 0x7E, 0x7E, 0x7C, 0x3C, 0x38, 0x38, 0x10, 0x10, 0x00, 0x00,
    0x03, 0xC0, 0x00, 0x00, 0xF8, 0x00, 0x7F, 0x3E, 0x00, 0x7F, 0xFF, 0x80, 0x1F, 0xFF, 0xE0, 0x0F,
    0xFF, 0xFE, 0x03, 0xFF, 0xFF, 0xE0, 0xFF, 0xEF, 0xFC, 0x1F, 0xC0, 0xFF, 0xC7, 0xF0, 0x3F, 0xF9,
    0xFC, 0x0F, 0xBF, 0x3F, 0x83, 0xE7, 0xF7, 0xE0, 0x78, 0xFE, 0xFC, 0x1F, 0x1F, 0xFF, 0x87, 0xC3,
    0xF7, 0xE1, 0xF0, 0x7E, 0xFC, 0x3C, 0x0F, 0xDF, 0xCF, 0x83, 0xF9, 0xFB, 0xE0, 0x7E, 0x3F, 0xF8,
    0x1F, 0xC7, 0xFE, 0x0F, 0xF0, 0x7F, 0xFF, 0xFE, 0x0F, 0xFF, 0xFF, 0x80, 0xFF, 0xFF, 0xE0, 0x0F,
    0xFF, 0xF0, 0x03, 0xFF, 0xF8, 0x00, 0xF9, 0xF8, 0x00, 0x3E, 0x00, 0x00, 0x07, 0x80, 0x00, 0x00,
    0x00, 0x7E, 0x00, 0x00, 0x1F, 0x80, 0x00, 0x07, 0xE0, 0x00, 0x01, 0xF0, 0x00, 0x00, 0x7C, 0x00,
    0x00, 0x00, 0x00, 0x00, 0x00, 0x00, 0x1F, 0x80, 0x3F, 0x1F, 0xC0, 0x1F, 0x8F, 0xC0, 0x0F, 0xC7,
    0xE0, 0x07, 0xE3, 0xF0, 0x07, 0xE1, 0xF8, 0x03, 0xF1, 0xFC, 0x01, 0xF8, 0xFC, 0x00, 0xFC, 0x7E,
    0x00, 0x7E, 0x3F, 0x00, 0x7E, 0x1F, 0x80, 0x3F, 0x1F, 0xC0, 0x1F, 0x8F, 0xC0, 0x0F, 0xC7, 0xE0,
    0x07, 0xE3, 0xF0, 0x07, 0xE1, 0xF8, 0x03, 0xF0, 0xFC, 0x03, 0xF8, 0x7F, 0x03, 0xF8, 0x3F, 0xFF,
    0xFC, 0x0F, 0xFF, 0xFC, 0x03, 0xFF, 0xFC, 0x00, 0xFF, 0xFC, 0x00, 0x3F, 0xF8, 0x00, 0x03, 0xE0,
    0x00, 0x00, 0x00, 0xFC, 0x00, 0x00, 0xFC, 0x00, 0x00, 0xFC, 0x00, 0x00, 0xFC, 0x00, 0x00, 0xF8,
    0x00, 0x00, 0x00, 0x00, 0x00, 0x00, 0x00, 0x1F, 0x80, 0x3F, 0x1F, 0xC0, 0x1F, 0x8F, 0xC0, 0x0F,
    0xC7, 0xE0, 0x07, 0xE3, 0xF0, 0x07, 0xE1, 0xF8, 0x03, 0xF1, 0xFC, 0x01, 0xF8, 0xFC, 0x00, 0xFC,
    0x7E, 0x00, 0x7E, 0x3F, 0x00, 0x7E, 0x1F, 0x80, 0x3F, 0x1F, 0xC0, 0x1F, 0x8F, 0xC0, 0x0F, 0xC7,
    0xE0, 0x07, 0xE3, 0xF0, 0x07, 0xE1, 0xF8, 0x03, 0xF0, 0xFC, 0x03, 0xF8, 0x7F, 0x03, 0xF8, 0x3F,
    0xFF, 0xFC, 0x0F, 0xFF, 0xFC, 0x03, 0xFF, 0xFC, 0x00, 0xFF, 0xFC, 0x00, 0x3F, 0xF8, 0x00, 0x03,
    0xE0, 0x00, 0x00, 0x07, 0xE0, 0x00, 0x07, 0xF8, 0x00, 0x07, 0xFC, 0x00, 0x07, 0xDF, 0x00, 0x07,
    0xC7, 0xC0, 0x00, 0x00, 0x00, 0x00, 0x00, 0x00, 0x1F, 0x80, 0x3F, 0x1F, 0xC0, 0x1F, 0x8F, 0xC0,
    0x0F, 0xC7, 0xE0, 0x07, 0xE3, 0xF0, 0x07, 0xE1, 0xF8, 0x03, 0xF1, 0xFC, 0x01, 0xF8, 0xFC, 0x00,
    0xFC, 0x7E, 0x00, 0x7E, 0x3F, 0x00, 0x7E, 0x1F, 0x80, 0x3F, 0x1F, 0xC0, 0x1F, 0x8F, 0xC0, 0x0F,
    0xC7, 0xE0, 0x07, 0xE3, 0xF0, 0x07, 0xE1, 0xF8, 0x03, 0xF0, 0xFC, 0x03, 0xF8, 0x7F, 0x03, 0xF8,
    0x3F, 0xFF, 0xFC, 0x0F, 0xFF, 0xFC, 0x03, 0xFF, 0xFC, 0x00, 0xFF, 0xFC, 0x00, 0x3F, 0xF8, 0x00,
    0x03, 0xE0, 0x00, 0x00, 0x1C, 0x78, 0x00, 0x1F, 0x3C, 0x00, 0x0F, 0xBF, 0x00, 0x07, 0xDF, 0x00,
    0x03, 0xC7, 0x80, 0x00, 0x00, 0x00, 0x00, 0x00, 0x00, 0x1F, 0x80, 0x3F, 0x1F, 0xC0, 0x1F, 0x8F,
    0xC0, 0x0F, 0xC7, 0xE0, 0x07, 0xE3, 0xF0, 0x07, 0xE1, 0xF8, 0x03, 0xF1, 0xFC, 0x01, 0xF8, 0xFC,
    0x00, 0xFC, 0x7E, 0x00, 0x7E, 0x3F, 0x00, 0x7E, 0x1F, 0x80, 0x3F, 0x1F, 0xC0, 0x1F, 0x8F, 0xC0,
    0x0F, 0xC7, 0xE0, 0x07, 0xE3, 0xF0, 0x07, 0xE1, 0xF8, 0x03, 0xF0, 0xFC, 0x03, 0xF8, 0x7F, 0x03,
    0xF8, 0x3F, 0xFF, 0xFC, 0x0F, 0xFF, 0xFC, 0x03, 0xFF, 0xFC, 0x00, 0xFF, 0xFC, 0x00, 0x3F, 0xF8,
    0x00, 0x03, 0xE0, 0x00, 0x00, 0x03, 0xF0, 0x00, 0x07, 0xE0, 0x00, 0x0F, 0xC0, 0x00, 0x1F, 0x00,
    0x00, 0x3E, 0x00, 0x00, 0x00, 0x00, 0x00, 0x00, 0x00, 0x7E, 0x00, 0x3F, 0x7E, 0x00, 0x7E, 0x7E,
    0x00, 0xFC, 0x3F, 0x01, 0xFC, 0x3F, 0x03, 0xF8, 0x1F, 0x83, 0xF0, 0x1F, 0x87, 0xE0, 0x1F, 0x8F,
    0xC0, 0x0F, 0xDF, 0xC0, 0x0F, 0xFF, 0x80, 0x07, 0xFF, 0x00, 0x07, 0xFE, 0x00, 0x07, 0xFC, 0x00,
    0x03, 0xFC, 0x00, 0x03, 0xF8, 0x00, 0x03, 0xF0, 0x00, 0x03, 0xF0, 0x00, 0x03, 0xF0, 0x00, 0x03,
    0xF0, 0x00, 0x07, 0xE0, 0x00, 0x07, 0xE0, 0x00, 0x07, 0xE0, 0x00, 0x07, 0xE0, 0x00, 0x00, 0x00,
    0x00, 0x07, 0xE0, 0x00, 0x07, 0xE0, 0x00, 0x07, 0xFF, 0xC0, 0x0F, 0xFF, 0xF8, 0x0F, 0xFF, 0xFC,
    0x0F, 0xFF, 0xFE, 0x0F, 0xFF, 0xFE, 0x0F, 0xC0, 0xFF, 0x1F, 0xC0, 0x7F, 0x1F, 0x80, 0x3F, 0x1F,
    0x80, 0x3F, 0x1F, 0x80, 0x3F, 0x1F, 0x80, 0x7E, 0x3F, 0x80, 0xFE, 0x3F, 0xFF, 0xFE, 0x3F, 0xFF,
    0xFC, 0x3F, 0xFF, 0xF8, 0x3F, 0xFF, 0xF0, 0x7F, 0xFF, 0xC0, 0x7F, 0xFC, 0x00, 0x7E, 0x00, 0x00,
    0x7E, 0x00, 0x00, 0x7E, 0x00, 0x00, 0x00, 0x3F, 0xC0, 0x03, 0xFF, 0xC0, 0x1F, 0xFF, 0x80, 0xFF,
    0xFE, 0x07, 0xFF, 0xFC, 0x1F, 0x83, 0xF0, 0xFC, 0x0F, 0xC3, 0xF0, 0x3F, 0x0F, 0x80, 0xFC, 0x7E,
    0x07, 0xE1, 0xF8, 0x7F, 0x87, 0xE7, 0xFC, 0x1F, 0x9F, 0xE0, 0x7C, 0x7F, 0xC3, 0xF1, 0xFF, 0x8F,
    0xC0, 0xFE, 0x3F, 0x00, 0xFC, 0xFC, 0x03, 0xF3, 0xE0, 0x0F, 0xDF, 0x80, 0x7E, 0x7E, 0x47, 0xF9,
    0xF9, 0xFF, 0xE7, 0xEF, 0xFF, 0x1F, 0x3F, 0xF8, 0xFC, 0xFF, 0x80, 0x00, 0xF0, 0x00, 0x00, 0xFC,
    0x00, 0x00, 0xFC, 0x00, 0x00, 0xF8, 0x00, 0x00, 0xF8, 0x00, 0x00, 0xF8, 0x00, 0x00, 0x00, 0x00,
    0x00, 0x00, 0x00, 0xFF, 0x3E, 0x07, 0xFF, 0xFC, 0x1F, 0xFF, 0xF8, 0x7F, 0xFF, 0xF1, 0xFF, 0xFF,
    0xE3, 0xF8, 0x3F, 0xCF, 0xE0, 0x3F, 0x1F, 0x80, 0x7E, 0x3F, 0x00, 0xFC, 0x7E, 0x01, 0xF8, 0xFC,
    0x03, 0xF1, 0xF8, 0x0F, 0xC3, 0xF0, 0x3F, 0x87, 0xF9, 0xFF, 0x07, 0xFF, 0xFE, 0x0F, 0xFF, 0xFC,
    0x0F, 0xFF, 0xF0, 0x0F, 0xFF, 0xE0, 0x03, 0x80, 0x00, 0x00, 0x01, 0xF8, 0x00, 0x07, 0xE0, 0x00,
    0x1F, 0x80, 0x00, 0x7C, 0x00, 0x01, 0xF0, 0x00, 0x00, 0x00, 0x00, 0x00, 0x00, 0x00, 0xFF, 0x3E,
    0x07, 0xFF, 0xFC, 0x1F, 0xFF, 0xF8, 0x7F, 0xFF, 0xF1, 0xFF, 0xFF, 0xE3, 0xF8, 0x3F, 0xCF, 0xE0,
    0x3F, 0x1F, 0x80, 0x7E, 0x3F, 0x00, 0xFC, 0x7E, 0x01, 0xF8, 0xFC, 0x03, 0xF1, 0xF8, 0x0F, 0xC3,
    0xF0, 0x3F, 0x87, 0xF9, 0xFF, 0x07, 0xFF, 0xFE, 0x0F, 0xFF, 0xFC, 0x0F, 0xFF, 0xF0, 0x0F, 0xFF,
    0xE0, 0x03, 0x80, 0x00, 0x00, 0x1F, 0x80, 0x00, 0x7F, 0x80, 0x01, 0xFF, 0x80, 0x07, 0xCF, 0x80,
    0x1F, 0x0F, 0x00, 0x00, 0x00, 0x00, 0x00, 0x00, 0x00, 0xFF, 0x3E, 0x07, 0xFF, 0xFC, 0x1F, 0xFF,
    0xF8, 0x7F, 0xFF, 0xF1, 0xFF, 0xFF, 0xE3, 0xF8, 0x3F, 0xCF, 0xE0, 0x3F, 0x1F, 0x80, 0x7E, 0x3F,
    0x00, 0xFC, 0x7E, 0x01, 0xF8, 0xFC, 0x03, 0xF1, 0xF8, 0x0F, 0xC3, 0xF0, 0x3F, 0x87, 0xF9, 0xFF,
    0x07, 0xFF, 0xFE, 0x0F, 0xFF, 0xFC, 0x0F, 0xFF, 0xF0, 0x0F, 0xFF, 0xE0, 0x03, 0x80, 0x00, 0x00,
    0x7C, 0x38, 0x01, 0xFE, 0xF0, 0x03, 0xFF, 0xE0, 0x0F, 0x3F, 0x80, 0x1E, 0x3E, 0x00, 0x00, 0x00,
    0x00, 0x00, 0x00, 0x00, 0xFF, 0x3E, 0x07, 0xFF, 0xFC, 0x1F, 0xFF, 0xF8, 0x7F, 0xFF, 0xF1, 0xFF,
    0xFF, 0xE3, 0xF8, 0x3F, 0xCF, 0xE0, 0x3F, 0x1F, 0x80, 0x7E, 0x3F, 0x00, 0xFC, 0x7E, 0x01, 0xF8,
    0xFC, 0x03, 0xF1, 0xF8, 0x0F, 0xC3, 0xF0, 0x3F, 0x87, 0xF9, 0xFF, 0x07, 0xFF, 0xFE, 0x0F, 0xFF,
    0xFC, 0x0F, 0xFF, 0xF0, 0x0F, 0xFF, 0xE0, 0x03, 0x80, 0x00, 0x00, 0x78, 0xE0, 0x00, 0xF3, 0xE0,
    0x03, 0xF7, 0xC0, 0x07, 0xCF, 0x80, 0x07, 0x0E, 0x00, 0x00, 0x00, 0x00, 0x00, 0x00, 0x00, 0xFF,
    0x3E, 0x07, 0xFF, 0xFC, 0x1F, 0xFF, 0xF8, 0x7F, 0xFF, 0xF1, 0xFF, 0xFF, 0xE3, 0xF8, 0x3F, 0xCF,
    0xE0, 0x3F, 0x1F, 0x80, 0x7E, 0x3F, 0x00, 0xFC, 0x7E, 0x01, 0xF8, 0xFC, 0x03, 0xF1, 0xF8, 0x0F,
    0xC3, 0xF0, 0x3F, 0x87, 0xF9, 0xFF, 0x07, 0xFF, 0xFE, 0x0F, 0xFF, 0xFC, 0x0F, 0xFF, 0xF0, 0x0F,
    0xFF, 0xE0, 0x03, 0x80, 0x00, 0x00, 0x07, 0x00, 0x00, 0x3F, 0x80, 0x00, 0xFF, 0x00, 0x01, 0xC7,
    0x00, 0x03, 0x8E, 0x00, 0x07, 0x1C, 0x00, 0x07, 0xF0, 0x00, 0x0F, 0xE0, 0x00, 0x07, 0x00, 0x00,
    0x00, 0x00, 0x07, 0xF9, 0xF0, 0x3F, 0xFF, 0xE0, 0xFF, 0xFF, 0xC3, 0xFF, 0xFF, 0x8F, 0xFF, 0xFF,
    0x1F, 0xC1, 0xFE, 0x7F, 0x01, 0xF8, 0xFC, 0x03, 0xF1, 0xF8, 0x07, 0xE3, 0xF0, 0x0F, 0xC7, 0xE0,
    0x1F, 0x8F, 0xC0, 0x7E, 0x1F, 0x81, 0xFC, 0x3F, 0xCF, 0xF8, 0x3F, 0xFF, 0xF0, 0x7F, 0xFF, 0xE0,
    0x7F, 0xFF, 0x80, 0x7F, 0xFF, 0x00, 0x1C, 0x00, 0x00, 0x00, 0x00, 0x00, 0x00, 0x03, 0xFF, 0x0F,
    0xF8, 0x07, 0xFF, 0xEF, 0xFE, 0x03, 0xFF, 0xFF, 0xFF, 0xC1, 0xFF, 0xFF, 0xFF, 0xE0, 0x7D, 0xFF,
    0xC3, 0xF8, 0x20, 0x1F, 0xC0, 0xFC, 0x00, 0x0F, 0xC0, 0x3E, 0x07, 0xFF, 0xFF, 0xFF, 0x0F, 0xFF,
    0xFF, 0xFF, 0x8F, 0xFF, 0xFF, 0xFF, 0xCF, 0xFF, 0xFF, 0xFF, 0xEF, 0xE0, 0xFC, 0x00, 0x07, 0xE0,
    0x7F, 0x00, 0x83, 0xF0, 0x7F, 0xC1, 0xC1, 0xFF, 0xFF, 0xFF, 0xF0, 0x7F, 0xFF, 0xFF, 0xFC, 0x1F,
    0xFE, 0x7F, 0xFC, 0x07, 0xFE, 0x1F, 0xFC, 0x00, 0x70, 0x01, 0xE0, 0x00, 0x00, 0x00, 0x00, 0x1F,
    0xF0, 0x07, 0xFF, 0xC0, 0xFF, 0xFE, 0x1F, 0xFF, 0xF3, 0xFF, 0xFF, 0x3F, 0x83, 0xC7, 0xF0, 0x10,
    0x7E, 0x00, 0x07, 0xE0, 0x00, 0x7E, 0x00, 0x07, 0xE0, 0x00, 0x7E, 0x02, 0x07, 0xE0, 0x78, 0x7F,
    0x9F, 0xC3, 0xFF, 0xFE, 0x3F, 0xFF, 0xC1, 0xFF, 0xF8, 0x07, 0xFE, 0x00, 0x1F, 0x00, 0x01, 0xE0,
    0x00, 0x3F, 0x00, 0x01, 0xF8, 0x00, 0x0F, 0x80, 0x0F, 0xF0, 0x00, 0xFF, 0x00, 0x0F, 0xC0, 0x00,
    0x01, 0xF8, 0x00, 0x1F, 0x80, 0x00, 0xFC, 0x00, 0x03, 0xE0, 0x00, 0x1F, 0x00, 0x00, 0x00, 0x00,
    0x00, 0x00, 0x1F, 0xF0, 0x07, 0xFF, 0x80, 0xFF, 0xFC, 0x1F, 0xFF, 0xE3, 0xF8, 0x7F, 0x3F, 0x03,
    0xF7, 0xE0, 0x1F, 0x7F, 0xFF, 0xF7, 0xFF, 0xFF, 0x7F, 0xFF, 0xF7, 0xFF, 0xFF, 0x7E, 0x00, 0x07,
    0xE0, 0x10, 0x7F, 0x87, 0x03, 0xFF, 0xF8, 0x3F, 0xFF, 0xC1, 0xFF, 0xF8, 0x07, 0xFE, 0x00, 0x0F,
    0x00, 0x00, 0x03, 0xF0, 0x00, 0x3F, 0x00, 0x03, 0xF0, 0x00, 0x3E, 0x00, 0x03, 0xE0, 0x00, 0x00,
    0x00, 0x00, 0x00, 0x00, 0x3F, 0xE0, 0x07, 0xFF, 0x80, 0x7F, 0xFE, 0x07, 0xFF, 0xF8, 0x7F, 0x0F,
    0xE3, 0xF0, 0x3F, 0x3F, 0x00, 0xF9, 0xFF, 0xFF, 0xCF, 0xFF, 0xFE, 0x7F, 0xFF, 0xF3, 0xFF, 0xFF,
    0x9F, 0x80, 0x00, 0xFC, 0x02, 0x07, 0xF8, 0x70, 0x1F, 0xFF, 0xC0, 0xFF, 0xFF, 0x03, 0xFF, 0xF0,
    0x07, 0xFE, 0x00, 0x07, 0x80, 0x00, 0x00, 0x3F, 0x00, 0x07, 0xF8, 0x00, 0xFF, 0xC0, 0x1F, 0x3C,
    0x03, 0xE1, 0xE0, 0x00, 0x00, 0x00, 0x00, 0x00, 0x1F, 0xF0, 0x07, 0xFF, 0x80, 0xFF, 0xFC, 0x1F,
    0xFF, 0xE3, 0xF8, 0x7F, 0x3F, 0x03, 0xF7, 0xE0, 0x1F, 0x7F, 0xFF, 0xF7, 0xFF, 0xFF, 0x7F, 0xFF,
    0xF7, 0xFF, 0xFF, 0x7E, 0x00, 0x07, 0xE0, 0x10, 0x7F, 0x87, 0x03, 0xFF, 0xF8, 0x3F, 0xFF, 0xC1,
    0xFF, 0xF8, 0x07, 0xFE, 0x00, 0x0F, 0x00, 0x00, 0xF1, 0xC0, 0x1F, 0x3E, 0x01, 0xF3, 0xE0, 0x1F,
    0x3E, 0x00, 0xE3, 0xC0, 0x00, 0x00, 0x00, 0x00, 0x00, 0x1F, 0xF0, 0x07, 0xFF, 0x80, 0xFF, 0xFC,
    0x1F, 0xFF, 0xE3, 0xF8, 0x7F, 0x3F, 0x03, 0xF7, 0xE0, 0x1F, 0x7F, 0xFF, 0xF7, 0xFF, 0xFF, 0x7F,
    0xFF, 0xF7, 0xFF, 0xFF, 0x7E, 0x00, 0x07, 0xE0, 0x10, 0x7F, 0x87, 0x03, 0xFF, 0xF8, 0x3F, 0xFF,
    0xC1, 0xFF, 0xF8, 0x07, 0xFE, 0x00, 0x0F, 0x00, 0x7E, 0x07, 0xE0, 0x7E, 0x07, 0xE0, 0x7C, 0x00,
    0x00, 0x00, 0x7E, 0x0F, 0x83, 0xF0, 0x7E, 0x0F, 0xC1, 0xF8, 0x3E, 0x0F, 0xC1, 0xF8, 0x3F, 0x07,
    0xE0, 0xF8, 0x3F, 0x07, 0xE0, 0xFC, 0x1F, 0x83, 0xE0, 0xFC, 0x00, 0x00, 0xFE, 0x03, 0xF8, 0x0F,
    0xC0, 0x3F, 0x00, 0xFC, 0x00, 0x00, 0x00, 0x00, 0x07, 0xE0, 0x0F, 0x80, 0x3F, 0x00, 0x7E, 0x00,
    0xFC, 0x01, 0xF8, 0x03, 0xE0, 0x0F, 0xC0, 0x1F, 0x80, 0x3F, 0x00, 0x7E, 0x00, 0xF8, 0x03, 0xF0,
    0x07, 0xE0, 0x0F, 0xC0, 0x1F, 0x80, 0x3E, 0x00, 0xFC, 0x00, 0x07, 0xE0, 0x7F, 0x07, 0xFC, 0x7D,
    0xE7, 0xC7, 0x80, 0x00, 0x00, 0x01, 0xF8, 0x0F, 0x80, 0xFC, 0x07, 0xE0, 0x3F, 0x01, 0xF8, 0x0F,
    0x80, 0xFC, 0x07, 0xE0, 0x3F, 0x01, 0xF8, 0x0F, 0x80, 0xFC, 0x07, 0xE0, 0x3F, 0x01, 0xF8, 0x0F,
    0x80, 0xFC, 0x00, 0x1E, 0x70, 0xF7, 0xCF, 0xBE, 0x3D, 0xF1, 0xE7, 0x00, 0x00, 0x00, 0x01, 0xF8,
    0x0F, 0x80, 0xFC, 0x07, 0xE0, 0x3F, 0x01, 0xF8, 0x0F, 0x80, 0xFC, 0x07, 0xE0, 0x3F, 0x01, 0xF8,
    0x0F, 0x80, 0xFC, 0x07, 0xE0, 0x3F, 0x01, 0xF8, 0x0F, 0x80, 0xFC, 0x00, 0x00, 0xC0, 0x00, 0x3F,
    0x0E, 0x07, 0xFB, 0xF0, 0x1F, 0xFE, 0x00, 0xFF, 0x80, 0x1F, 0xF0, 0x0F, 0xFF, 0x80, 0xFD, 0xFC,
    0x0E, 0x0F, 0xC0, 0x00, 0x7E, 0x07, 0xF7, 0xE1, 0xFF, 0xFE, 0x3F, 0xFF, 0xE3, 0xFF, 0xFE, 0x7F,
    0x9F, 0xE7, 0xE0, 0x7E, 0xFC, 0x07, 0xEF, 0xC0, 0x7E, 0xFC, 0x07, 0xEF, 0xC0, 0xFC, 0x7E, 0x1F,
    0xC7, 0xFF, 0xF8, 0x3F, 0xFF, 0x03, 0xFF, 0xE0, 0x0F, 0xFC, 0x00, 0x1C, 0x00, 0x00, 0x7C, 0x38,
    0x03, 0xFD, 0xE0, 0x0F, 0xFF, 0x80, 0x7B, 0xFC, 0x01, 0xE3, 0xE0, 0x00, 0x00, 0x00, 0x00, 0x00,
    0x03, 0xEF, 0xF0, 0x0F, 0xFF, 0xF0, 0x7F, 0xFF, 0xC1, 0xFF, 0xFF, 0x87, 0xFF, 0xFE, 0x1F, 0xC1,
    0xF8, 0x7E, 0x07, 0xE3, 0xF0, 0x1F, 0x8F, 0xC0, 0x7E, 0x3F, 0x01, 0xF8, 0xFC, 0x07, 0xE3, 0xE0,
    0x1F, 0x1F, 0x80, 0xFC, 0x7E, 0x03, 0xF1, 0xF8, 0x0F, 0xC7, 0xE0, 0x3F, 0x1F, 0x00, 0xF8, 0xFC,
    0x07, 0xE0, 0x01, 0xF8, 0x00, 0x07, 0xE0, 0x00, 0x1F, 0x80, 0x00, 0x7C, 0x00, 0x01, 0xF0, 0x00,
    0x00, 0x00, 0x00, 0x00, 0x00, 0x3F, 0xE0, 0x07, 0xFF, 0xC0, 0x7F, 0xFF, 0x07, 0xFF, 0xFC, 0x7F,
    0xFF, 0xE3, 0xF8, 0x3F, 0xBF, 0x80, 0xFD, 0xF8, 0x07, 0xEF, 0xC0, 0x3F, 0x7E, 0x01, 0xFB, 0xF0,
    0x0F, 0xDF, 0x80, 0xFC, 0xFC, 0x0F, 0xE7, 0xF8, 0xFE, 0x1F, 0xFF, 0xF0, 0xFF, 0xFF, 0x03, 0xFF,
    0xF0, 0x07, 0xFE, 0x00, 0x07, 0x80, 0x00, 0x00, 0x03, 0xF0, 0x00, 0x3F, 0x00, 0x03, 0xF0, 0x00,
    0x3F, 0x00, 0x03, 0xE0, 0x00, 0x00, 0x00, 0x00, 0x00, 0x00, 0x3F, 0xE0, 0x07, 0xFF, 0xC0, 0x7F,
    0xFF, 0x07, 0xFF, 0xFC, 0x7F, 0xFF, 0xE3, 0xF8, 0x3F, 0xBF, 0x80, 0xFD, 0xF8, 0x07, 0xEF, 0xC0,
    0x3F, 0x7E, 0x01, 0xFB, 0xF0, 0x0F, 0xDF, 0x80, 0xFC, 0xFC, 0x0F, 0xE7, 0xF8, 0xFE, 0x1F, 0xFF,
    0xF0, 0xFF, 0xFF, 0x03, 0xFF, 0xF0, 0x07, 0xFE, 0x00, 0x07, 0x80, 0x00, 0x00, 0x1F, 0x80, 0x03,
    0xFC, 0x00, 0x3F, 0xF0, 0x03, 0xF7, 0xC0, 0x3E, 0x1F, 0x00, 0x00, 0x00, 0x00, 0x00, 0x00, 0x3F,
    0xE0, 0x07, 0xFF, 0xC0, 0x7F, 0xFF, 0x07, 0xFF, 0xFC, 0x7F, 0xFF, 0xE3, 0xF8, 0x3F, 0xBF, 0x80,
    0xFD, 0xF8, 0x07, 0xEF, 0xC0, 0x3F, 0x7E, 0x01, 0xFB, 0xF0, 0x0F, 0xDF, 0x80, 0xFC, 0xFC, 0x0F,
    0xE7, 0xF8, 0xFE, 0x1F, 0xFF, 0xF0, 0xFF, 0xFF, 0x03, 0xFF, 0xF0, 0x07, 0xFE, 0x00, 0x07, 0x80,
    0x00, 0x00, 0x7C, 0x70, 0x07, 0xF7, 0x80, 0x7F, 0xFC, 0x03, 0xDF, 0xC0, 0x3C, 0x7C, 0x00, 0x00,
    0x00, 0x00, 0x00, 0x00, 0x3F, 0xE0, 0x07, 0xFF, 0xC0, 0x7F, 0xFF, 0x07, 0xFF, 0xFC, 0x7F, 0xFF,
    0xE3, 0xF8, 0x3F, 0xBF, 0x80, 0xFD, 0xF8, 0x07, 0xEF, 0xC0, 0x3F, 0x7E, 0x01, 0xFB, 0xF0, 0x0F,
    0xDF, 0x80, 0xFC, 0xFC, 0x0F, 0xE7, 0xF8, 0xFE, 0x1F, 0xFF, 0xF0, 0xFF, 0xFF, 0x03, 0xFF, 0xF0,
    0x07, 0xFE, 0x00, 0x07, 0x80, 0x00, 0x00, 0x71, 0xE0, 0x07, 0xDF, 0x00, 0x7E, 0xF8, 0x01, 0xE7,
    0xC0, 0x0F, 0x1C, 0x00, 0x00, 0x00, 0x00, 0x00, 0x00, 0x3F, 0xE0, 0x07, 0xFF, 0xC0, 0x7F, 0xFF,
    0x07, 0xFF, 0xFC, 0x7F, 0xFF, 0xE3, 0xF8, 0x3F, 0xBF, 0x80, 0xFD, 0xF8, 0x07, 0xEF, 0xC0, 0x3F,
    0x7E, 0x01, 0xFB, 0xF0, 0x0F, 0xDF, 0x80, 0xFC, 0xFC, 0x0F, 0xE7, 0xF8, 0xFE, 0x1F, 0xFF, 0xF0,
    0xFF, 0xFF, 0x03, 0xFF, 0xF0, 0x07, 0xFE, 0x00, 0x07, 0x80, 0x00, 0x00, 0x00, 0x00, 0x78, 0x00,
    0x7E, 0x00, 0x3F, 0x00, 0x1F, 0x80, 0x0F, 0x80, 0x01, 0x80, 0x00, 0x00, 0x7F, 0xFF, 0xFF, 0xFF,
    0xFF, 0xFF, 0xFF, 0xFF, 0xEF, 0xFF, 0xF0, 0x00, 0x00, 0x0E, 0x00, 0x0F, 0x80, 0x0F, 0xC0, 0x07,
    0xE0, 0x03, 0xF0, 0x00, 0xF0, 0x00, 0x00, 0x00, 0x00, 0x00, 0xF0, 0x00, 0x07, 0x80, 0x7F, 0xF8,
    0x0F, 0xFF, 0x80, 0xFF, 0xFE, 0x0F, 0xFF, 0xF8, 0xFF, 0xFF, 0xC7, 0xF3, 0xFF, 0x7F, 0x1F, 0xFB,
    0xF1, 0xEF, 0xDF, 0x9E, 0x7E, 0xFC, 0xE3, 0xF7, 0xEF, 0x1F, 0xBF, 0xF1, 0xF9, 0xFF, 0x1F, 0xCF,
    0xF1, 0xFC, 0x3F, 0xFF, 0xE1, 0xFF, 0xFE, 0x07, 0xFF, 0xE0, 0x3F, 0xFC, 0x03, 0xCF, 0x00, 0x3C,
    0x00, 0x01, 0xC0, 0x00, 0x00, 0x03, 0xF8, 0x00, 0x07, 0xE0, 0x00, 0x0F, 0xC0, 0x00, 0x1F, 0x80,
    0x00, 0x1F, 0x00, 0x00, 0x00, 0x00, 0x00, 0x00, 0x07, 0xC0, 0x7E, 0x3F, 0x01, 0xF8, 0xFC, 0x07,
    0xE3, 0xF0, 0x1F, 0x8F, 0xC0, 0x7E, 0x3F, 0x03, 0xF1, 0xF8, 0x0F, 0xC7, 0xE0, 0x3F, 0x1F, 0x80,
    0xFC, 0x7E, 0x03, 0xF1, 0xF8, 0x1F, 0x87, 0xE0, 0x7E, 0x3F, 0x83, 0xF8, 0x7F, 0xFF, 0xE1, 0xFF,
    0xFF, 0x87, 0xFF, 0xFC, 0x0F, 0xFF, 0xF0, 0x1F, 0xFF, 0xC0, 0x0E, 0x00, 0x00, 0x00, 0x03, 0xF0,
    0x00, 0x1F, 0x80, 0x01, 0xFC, 0x00, 0x0F, 0xC0, 0x00, 0x7E, 0x00, 0x00, 0x00, 0x00, 0x00, 0x00,
    0x07, 0xC0, 0x7E, 0x3F, 0x01, 0xF8, 0xFC, 0x07, 0xE3, 0xF0, 0x1F, 0x8F, 0xC0, 0x7E, 0x3F, 0x03,
    0xF1, 0xF8, 0x0F, 0xC7, 0xE0, 0x3F, 0x1F, 0x80, 0xFC, 0x7E, 0x03, 0xF1, 0xF8, 0x1F, 0x87, 0xE0,
    0x7E, 0x3F, 0x83, 0xF8, 0x7F, 0xFF, 0xE1, 0xFF, 0xFF, 0x87, 0xFF, 0xFC, 0x0F, 0xFF, 0xF0, 0x1F,
    0xFF, 0xC0, 0x0E, 0x00, 0x00, 0x00, 0x3F, 0x00, 0x01, 0xFE, 0x00, 0x0F, 0xFC, 0x00, 0x7D, 0xF0,
    0x03, 0xE3, 0xE0, 0x00, 0x00, 0x00, 0x00, 0x00, 0x07, 0xC0, 0x7E, 0x3F, 0x01, 0xF8, 0xFC, 0x07,
    0xE3, 0xF0, 0x1F, 0x8F, 0xC0, 0x7E, 0x3F, 0x03, 0xF1, 0xF8, 0x0F, 0xC7, 0xE0, 0x3F, 0x1F, 0x80,
    0xFC, 0x7E, 0x03, 0xF1, 0xF8, 0x1F, 0x87, 0xE0, 0x7E, 0x3F, 0x83, 0xF8, 0x7F, 0xFF, 0xE1, 0xFF,
    0xFF, 0x87, 0xFF, 0xFC, 0x0F, 0xFF, 0xF0, 0x1F, 0xFF, 0xC0, 0x0E, 0x00, 0x00, 0x00, 0xE1, 0xC0,
    0x07, 0xCF, 0x80, 0x1F, 0x3E, 0x00, 0x7C, 0xF8, 0x00, 0xE3, 0xC0, 0x00, 0x00, 0x00, 0x00, 0x00,
    0x07, 0xC0, 0x7E, 0x3F, 0x01, 0xF8, 0xFC, 0x07, 0xE3, 0xF0, 0x1F, 0x8F, 0xC0, 0x7E, 0x3F, 0x03,
    0xF1, 0xF8, 0x0F, 0xC7, 0xE0, 0x3F, 0x1F, 0x80, 0xFC, 0x7E, 0x03, 0xF1, 0xF8, 0x1F, 0x87, 0xE0,
    0x7E, 0x3F, 0x83, 0xF8, 0x7F, 0xFF, 0xE1, 0xFF, 0xFF, 0x87, 0xFF, 0xFC, 0x0F, 0xFF, 0xF0, 0x1F,
    0xFF, 0xC0, 0x0E, 0x00, 0x00, 0x00, 0x00, 0xFC, 0x00, 0x00, 0xFC, 0x00, 0x00, 0xFC, 0x00, 0x00,
    0xF8, 0x00, 0x00, 0xF8, 0x00, 0x00, 0x00, 0x00, 0x00, 0x00, 0x00, 0x1F, 0x80, 0x3F, 0x0F, 0xC0,
    0x1F, 0x03, 0xF0, 0x1F, 0x81, 0xF8, 0x1F, 0x80, 0xFC, 0x0F, 0xC0, 0x7E, 0x0F, 0xC0, 0x1F, 0x0F,
    0xC0, 0x0F, 0xC7, 0xE0, 0x07, 0xE7, 0xE0, 0x03, 0xF3, 0xE0, 0x00, 0xFB, 0xF0, 0x00, 0x7F, 0xF0,
    0x00, 0x3F, 0xF8, 0x00, 0x1F, 0xF8, 0x00, 0x0F, 0xF8, 0x00, 0x03, 0xFC, 0x00, 0x01, 0xFC, 0x00,
    0x00, 0xFC, 0x00, 0x00, 0x7E, 0x00, 0x08, 0x7E, 0x00, 0x0F, 0xFF, 0x00, 0x07, 0xFF, 0x00, 0x07,
    0xFF, 0x00, 0x03, 0xFF, 0x00, 0x00, 0x7E, 0x00, 0x00, 0x03, 0xF0, 0x00, 0x07, 0xE0, 0x00, 0x0F,
    0xC0, 0x00, 0x1F, 0x00, 0x00, 0x7E, 0x00, 0x00, 0xFC, 0x00, 0x01, 0xF8, 0x00, 0x03, 0xFF, 0xF0,
    0x07, 0xFF, 0xF0, 0x1F, 0xFF, 0xF0, 0x3F, 0xFF, 0xF0, 0x7F, 0xFF, 0xF0, 0xFE, 0x0F, 0xE1, 0xF8,
    0x0F, 0xC7, 0xE0, 0x1F, 0x8F, 0xC0, 0x3F, 0x1F, 0x80, 0x7E, 0x3F, 0x00, 0xFC, 0x7E, 0x03, 0xF9,
    0xFE, 0x0F, 0xE3, 0xFE, 0x3F, 0xC7, 0xFF, 0xFF, 0x0F, 0xFF, 0xFC, 0x1F, 0xFF, 0xF0, 0x7E, 0x7F,
    0xC0, 0xFC, 0x3C, 0x01, 0xF8, 0x00, 0x03, 0xF0, 0x00, 0x07, 0xC0, 0x00, 0x1F, 0x80, 0x00, 0x3F,
    0x00, 0x00, 0x7E, 0x00, 0x00, 0x00, 0x3C, 0x70, 0x00, 0x1E, 0x7C, 0x00, 0x1F, 0xBE, 0x00, 0x0F,
    0x9F, 0x00, 0x03, 0x87, 0x00, 0x00, 0x00, 0x00, 0x00, 0x00, 0x00, 0x1F, 0x80, 0x3F, 0x0F, 0xC0,
    0x1F, 0x03, 0xF0, 0x1F, 0x81, 0xF8, 0x1F, 0x80, 0xFC, 0x0F, 0xC0, 0x7E, 0x0F, 0xC0, 0x1F, 0x0F,
    0xC0, 0x0F, 0xC7, 0xE0, 0x07, 0xE7, 0xE0, 0x03, 0xF3, 0xE0, 0x00, 0xFB, 0xF0, 0x00, 0x7F, 0xF0,
    0x00, 0x3F, 0xF8, 0x00, 0x1F, 0xF8, 0x00, 0x0F, 0xF8, 0x00, 0x03, 0xFC, 0x00, 0x01, 0xFC, 0x00,
    0x00, 0xFC, 0x00, 0x00, 0x7E, 0x00, 0x08, 0x7E, 0x00, 0x0F, 0xFF, 0x00, 0x07, 0xFF, 0x00, 0x07,
    0xFF, 0x00, 0x03, 0xFF, 0x00, 0x00, 0x7E, 0x00, 0x00, 0x00, 0x07, 0xFF, 0xC0, 0x00, 0xFF, 0xF8,
    0x00, 0x1F, 0xFF, 0x00, 0x00, 0x00, 0x00, 0x00, 0x00, 0x00, 0x00, 0x00, 0x00, 0x00, 0x00, 0x7F,
    0x00, 0x00, 0x1F, 0xE0, 0x00, 0x03, 0xFC, 0x00, 0x00, 0xFF, 0x80, 0x00, 0x3F, 0xF8, 0x00, 0x07,
    0xFF, 0x00, 0x01, 0xFF, 0xE0, 0x00, 0x3F, 0x7C, 0x00, 0x0F, 0xCF, 0xC0, 0x03, 0xF1, 0xF8, 0x00,
    0x7E, 0x3F, 0x00, 0x1F, 0x83, 0xE0, 0x07, 0xE0, 0x7E, 0x00, 0xFC, 0x0F, 0xC0, 0x3F, 0xFF, 0xF8,
    0x0F, 0xFF, 0xFF, 0x01, 0xFF, 0xFF, 0xF0, 0x7F, 0xFF, 0xFE, 0x1F, 0xC0, 0x0F, 0xC3, 0xF0, 0x01,
    0xF8, 0xFE, 0x00, 0x1F, 0xBF, 0x80, 0x03, 0xF7, 0xE0, 0x00, 0x7E, 0x00, 0xFF, 0xF8, 0x01, 0xFF,
    0xF0, 0x03, 0xFF, 0xE0, 0x00, 0x00, 0x00, 0x00, 0x00, 0x00, 0x00, 0x00, 0x00, 0x7F, 0x9F, 0x03,
    0xFF, 0xFE, 0x0F, 0xFF, 0xFC, 0x3F, 0xFF, 0xF8, 0xFF, 0xFF, 0xF1, 0xFC, 0x1F, 0xE7, 0xF0, 0x1F,
    0x8F, 0xC0, 0x3F, 0x1F, 0x80, 0x7E, 0x3F, 0x00, 0xFC, 0x7E, 0x01, 0xF8, 0xFC, 0x07, 0xE1, 0xF8,
    0x1F, 0xC3, 0xFC, 0xFF, 0x83, 0xFF, 0xFF, 0x07, 0xFF, 0xFE, 0x07, 0xFF, 0xF8, 0x07, 0xFF, 0xF0,
    0x01, 0xC0, 0x00, 0x00, 0x07, 0x83, 0xC0, 0x00, 0x78, 0x78, 0x00, 0x0F, 0xFF, 0x00, 0x01, 0xFF,
    0xC0, 0x00, 0x1F, 0xE0, 0x00, 0x00, 0x70, 0x00, 0x00, 0x00, 0x00, 0x00, 0x0F, 0xE0, 0x00, 0x03,
    0xFC, 0x00, 0x00, 0x7F, 0x80, 0x00, 0x1F, 0xF0, 0x00, 0x07, 0xFF, 0x00, 0x00, 0xFF, 0xE0, 0x00,
    0x3F, 0xFC, 0x00, 0x07, 0xEF, 0x80, 0x01, 0xF9, 0xF8, 0x00, 0x7E, 0x3F, 0x00, 0x0F, 0xC7, 0xE0,
    0x03, 0xF0, 0x7C, 0x00, 0xFC, 0x0F, 0xC0, 0x1F, 0x81, 0xF8, 0x07, 0xFF, 0xFF, 0x01, 0xFF, 0xFF,
    0xE0, 0x3F, 0xFF, 0xFE, 0x0F, 0xFF, 0xFF, 0xC3, 0xF8, 0x01, 0xF8, 0x7E, 0x00, 0x3F, 0x1F, 0xC0,
    0x03, 0xF7, 0xF0, 0x00, 0x7E, 0xFC, 0x00, 0x0F, 0xC0, 0x00, 0xF0, 0x78, 0x01, 0xF1, 0xF0, 0x01,
    0xFF, 0xC0, 0x03, 0xFF, 0x00, 0x03, 0xFC, 0x00, 0x00, 0xC0, 0x00, 0x00, 0x00, 0x00, 0xFF, 0x3E,
    0x07, 0xFF, 0xFC, 0x1F, 0xFF, 0xF8, 0x7F, 0xFF, 0xF1, 0xFF, 0xFF, 0xE3, 0xF8, 0x3F, 0xCF, 0xE0,
    0x3F, 0x1F, 0x80, 0x7E, 0x3F, 0x00, 0xFC, 0x7E, 0x01, 0xF8, 0xFC, 0x03, 0xF1, 0xF8, 0x0F, 0xC3,
    0xF0, 0x3F, 0x87, 0xF9, 0xFF, 0x07, 0xFF, 0xFE, 0x0F, 0xFF, 0xFC, 0x0F, 0xFF, 0xF0, 0x0F, 0xFF,
    0xE0, 0x03, 0x80, 0x00, 0x00, 0x00, 0x00, 0x00, 0x00, 0x3F, 0x80, 0x00, 0x0F, 0xF0, 0x00, 0x01,
    0xFE, 0x00, 0x00, 0x7F, 0xC0, 0x00, 0x1F, 0xFC, 0x00, 0x03, 0xFF, 0x80, 0x00, 0xFF, 0xF0, 0x00,
    0x1F, 0xBE, 0x00, 0x07, 0xE7, 0xE0, 0x01, 0xF8, 0xFC, 0x00, 0x3F, 0x1F, 0x80, 0x0F, 0xC1, 0xF0,
    0x03, 0xF0, 0x3F, 0x00, 0x7E, 0x07, 0xE0, 0x1F, 0xFF, 0xFC, 0x07, 0xFF, 0xFF, 0x80, 0xFF, 0xFF,
    0xF8, 0x3F, 0xFF, 0xFF, 0x0F, 0xE0, 0x07, 0xE1, 0xF8, 0x00, 0xFC, 0x7F, 0x00, 0x0F, 0xDF, 0xC0,
    0x01, 0xFB, 0xF0, 0x00, 0x3F, 0x00, 0x00, 0x07, 0xE0, 0x00, 0x01, 0xE0, 0x00, 0x00, 0x78, 0x00,
    0x00, 0x0F, 0x00, 0x00, 0x03, 0xE4, 0x00, 0x00, 0x3F, 0x80, 0x00, 0x07, 0xF8, 0x00, 0x00, 0x3E,
    0x00, 0x00, 0x00, 0x03, 0xFC, 0xF8, 0x1F, 0xFF, 0xF0, 0x7F, 0xFF, 0xE1, 0xFF, 0xFF, 0xC7, 0xFF,
    0xFF, 0x8F, 0xE0, 0xFF, 0x3F, 0x80, 0xFC, 0x7E, 0x01, 0xF8, 0xFC, 0x03, 0xF1, 0xF8, 0x07, 0xE3,
    0xF0, 0x0F, 0xC7, 0xE0, 0x3F, 0x0F, 0xC0, 0xFE, 0x1F, 0xE7, 0xFC, 0x1F, 0xFF, 0xF8, 0x3F, 0xFF,
    0xF0, 0x3F, 0xFF, 0xC0, 0x3F, 0xFF, 0x80, 0x0E, 0x7E, 0x00, 0x01, 0xF0, 0x00, 0x03, 0xC0, 0x00,
    0x0F, 0x00, 0x00, 0x1F, 0x20, 0x00, 0x3F, 0xC0, 0x00, 0x3F, 0x80, 0x00, 0x3F, 0x00, 0x00, 0x00,
    0x7E, 0x00, 0x00, 0x7E, 0x00, 0x00, 0x7E, 0x00, 0x00, 0x7E, 0x00, 0x00, 0x7C, 0x00, 0x00, 0x00,
    0x00, 0x00, 0x7F, 0x00, 0x01, 0xFF, 0xF0, 0x01, 0xFF, 0xFE, 0x03, 0xFF, 0xFF, 0x83, 0xFF, 0xFF,
    0xC3, 0xFF, 0x9F, 0xE1, 0xFC, 0x01, 0xC1, 0xFC, 0x00, 0x40, 0xFC, 0x00, 0x00, 0xFE, 0x00, 0x00,
    0x7E, 0x00, 0x00, 0x3F, 0x00, 0x00, 0x3F, 0x80, 0x00, 0x1F, 0x80, 0x00, 0x0F, 0xC0, 0x00, 0x07,
    0xF0, 0x00, 0x01, 0xF8, 0x00, 0x00, 0xFE, 0x00, 0x60, 0x7F, 0x80, 0xF8, 0x1F, 0xFF, 0xFC, 0x0F,
    0xFF, 0xFF, 0x03, 0xFF, 0xFF, 0x00, 0xFF, 0xFF, 0x00, 0x1F, 0xFE, 0x00, 0x01, 0xF8, 0x00, 0x00,
    0x03, 0xF0, 0x00, 0x3F, 0x00, 0x07, 0xF0, 0x00, 0x7E, 0x00, 0x07, 0xE0, 0x00, 0x00, 0x00, 0x00,
    0x00, 0x00, 0x3F, 0xE0, 0x07, 0xFF, 0xC0, 0x7F, 0xFF, 0x07, 0xFF, 0xFC, 0x7F, 0xFF, 0xE3, 0xF8,
    0x3C, 0x3F, 0x80, 0x81, 0xF8, 0x00, 0x0F, 0xC0, 0x00, 0x7E, 0x00, 0x03, 0xF0, 0x00, 0x1F, 0x80,
    0x80, 0xFC, 0x0F, 0x07, 0xF9, 0xFC, 0x1F, 0xFF, 0xF0, 0xFF, 0xFF, 0x03, 0xFF, 0xF0, 0x07, 0xFE,
    0x00, 0x07, 0x80, 0x00, 0x00, 0x01, 0xE0, 0x00, 0x01, 0xF0, 0x00, 0x01, 0xFC, 0x00, 0x00, 0xFC,
    0x00, 0x00, 0x3E, 0x00, 0x00, 0x1E, 0x00, 0x00, 0x00, 0x00, 0x00, 0x3F, 0x80, 0x00, 0xFF, 0xF8,
    0x00, 0xFF, 0xFF, 0x01, 0xFF, 0xFF, 0xC1, 0xFF, 0xFF, 0xE1, 0xFF, 0xCF, 0xF0, 0xFE, 0x00, 0xE0,
    0xFE, 0x00, 0x20, 0x7E, 0x00, 0x00, 0x7F, 0x00, 0x00, 0x3F, 0x00, 0x00, 0x1F, 0x80, 0x00, 0x1F,
    0xC0, 0x00, 0x0F, 0xC0, 0x00, 0x07, 0xE0, 0x00, 0x03, 0xF8, 0x00, 0x00, 0xFC, 0x00, 0x00, 0x7F,
    0x00, 0x30, 0x3F, 0xC0, 0x7C, 0x0F, 0xFF, 0xFE, 0x07, 0xFF, 0xFF, 0x81, 0xFF, 0xFF, 0x80, 0x7F,
    0xFF, 0x80, 0x0F, 0xFF, 0x00, 0x00, 0xFC, 0x00, 0x00, 0x1E, 0x00, 0x03, 0xF0, 0x00, 0x3F, 0x00,
    0x03, 0xF0, 0x00, 0x3F, 0x00, 0x01, 0xE0, 0x00, 0x00, 0x00, 0x00, 0x00, 0x01, 0xFF, 0x00, 0x7F,
    0xFC, 0x0F, 0xFF, 0xE1, 0xFF, 0xFF, 0x3F, 0xFF, 0xF3, 0xF8, 0x3C, 0x7F, 0x01, 0x07, 0xE0, 0x00,
    0x7E, 0x00, 0x07, 0xE0, 0x00, 0x7E, 0x00, 0x07, 0xE0, 0x20, 0x7E, 0x07, 0x87, 0xF9, 0xFC, 0x3F,
    0xFF, 0xE3, 0xFF, 0xFC, 0x1F, 0xFF, 0x80, 0x7F, 0xE0, 0x00, 0xF0, 0x00, 0x00, 0x3C, 0x3E, 0x00,
    0x1F, 0x3E, 0x00, 0x07, 0xFE, 0x00, 0x01, 0xFE, 0x00, 0x00, 0x7E, 0x00, 0x00, 0x00, 0x00, 0x00,
    0x7F, 0x00, 0x01, 0xFF, 0xF0, 0x01, 0xFF, 0xFE, 0x03, 0xFF, 0xFF, 0x83, 0xFF, 0xFF, 0xC3, 0xFF,
    0x9F, 0xE1, 0xFC, 0x01, 0xC1, 0xFC, 0x00, 0x40, 0xFC, 0x00, 0x00, 0xFE, 0x00, 0x00, 0x7E, 0x00,
    0x00, 0x3F, 0x00, 0x00, 0x3F, 0x80, 0x00, 0x1F, 0x80, 0x00, 0x0F, 0xC0, 0x00, 0x07, 0xF0, 0x00,
    0x01, 0xF8, 0x00, 0x00, 0xFE, 0x00, 0x60, 0x7F, 0x80, 0xF8, 0x1F, 0xFF, 0xFC, 0x0F, 0xFF, 0xFF,
    0x03, 0xFF, 0xFF, 0x00, 0xFF, 0xFF, 0x00, 0x1F, 0xFE, 0x00, 0x01, 0xF8, 0x00, 0x01, 0xE1, 0xF0,
    0x1F, 0x3E, 0x00, 0xFF, 0xC0, 0x07, 0xF8, 0x00, 0x3F, 0x00, 0x00, 0x00, 0x00, 0x00, 0x00, 0x1F,
    0xF0, 0x07, 0xFF, 0xC0, 0xFF, 0xFE, 0x1F, 0xFF, 0xF3, 0xFF, 0xFF, 0x3F, 0x83, 0xC7, 0xF0, 0x10,
    0x7E, 0x00, 0x07, 0xE0, 0x00, 0x7E, 0x00, 0x07, 0xE0, 0x00, 0x7E, 0x02, 0x07, 0xE0, 0x78, 0x7F,
    0x9F, 0xC3, 0xFF, 0xFE, 0x3F, 0xFF, 0xC1, 0xFF, 0xF8, 0x07, 0xFE, 0x00, 0x0F, 0x00, 0x00, 0x7C,
    0x3C, 0x00, 0x07, 0xDF, 0x80, 0x00, 0xFF, 0xC0, 0x00, 0x0F, 0xF0, 0x00, 0x00, 0xFC, 0x00, 0x00,
    0x00, 0x00, 0x00, 0x00, 0x00, 0x00, 0x3F, 0xFF, 0xC0, 0x07, 0xFF, 0xFE, 0x00, 0xFF, 0xFF, 0xE0,
    0x3F, 0xFF, 0xFE, 0x07, 0xFF, 0xFF, 0xE0, 0xFC, 0x01, 0xFC, 0x1F, 0x80, 0x1F, 0xC3, 0xF0, 0x03,
    0xF8, 0xFE, 0x00, 0x3F, 0x1F, 0x80, 0x07, 0xE3, 0xF0, 0x00, 0xFC, 0x7E, 0x00, 0x1F, 0x8F, 0xC0,
    0x03, 0xF3, 0xF8, 0x00, 0xFC, 0x7E, 0x00, 0x1F, 0x8F, 0xC0, 0x07, 0xF1, 0xF8, 0x01, 0xFC, 0x3F,
    0x00, 0xFF, 0x8F, 0xFF, 0xFF, 0xE1, 0xFF, 0xFF, 0xF8, 0x3F, 0xFF, 0xFE, 0x07, 0xFF, 0xFF, 0x00,
    0xFF, 0xFF, 0x80, 0x00, 0x00, 0x00, 0x00, 0x7C, 0x00, 0x01, 0xF9, 0xE0, 0x00, 0x07, 0xE7, 0x80,
    0x00, 0x1F, 0x9E, 0x00, 0x00, 0xFC, 0xF8, 0x00, 0x03, 0xF3, 0xC0, 0x00, 0x0F, 0xCF, 0x00, 0x00,
    0x3F, 0x38, 0x03, 0xFC, 0xFC, 0x00, 0x3F, 0xFF, 0xE0, 0x01, 0xFF, 0xFF, 0x80, 0x0F, 0xFF, 0xFE,
    0x00, 0x7F, 0xFF, 0xF8, 0x01, 0xFC, 0x1F, 0xE0, 0x0F, 0xE0, 0x3F, 0x00, 0x3F, 0x00, 0xFC, 0x00,
    0xFC, 0x03, 0xF0, 0x03, 0xF0, 0x0F, 0xC0, 0x0F, 0xC0, 0x3F, 0x00, 0x3F, 0x01, 0xF8, 0x00, 0xFC,
    0x0F, 0xE0, 0x03, 0xFC, 0xFF, 0x80, 0x07, 0xFF, 0xFE, 0x00, 0x1F, 0xFF, 0xF8, 0x00, 0x3F, 0xFF,
    0xC0, 0x00, 0x3F, 0xDF, 0x00, 0x00, 0x38, 0x00, 0x00, 0x00, 0x00, 0x00, 0x00, 0x00, 0x3F, 0xFF,
    0x80, 0x07, 0xFF, 0xFE, 0x00, 0x7F, 0xFF, 0xF8, 0x07, 0xFF, 0xFF, 0x80, 0x7F, 0xFF, 0xFC, 0x07,
    0xE0, 0x1F, 0xE0, 0xFC, 0x00, 0xFE, 0x0F, 0xC0, 0x07, 0xE0, 0xFC, 0x00, 0x7E, 0x7F, 0xFE, 0x07,
    0xEF, 0xFF, 0xE0, 0x7E, 0xFF, 0xFE, 0x07, 0xEF, 0xFF, 0xE0, 0x7E, 0x1F, 0x80, 0x07, 0xE1, 0xF8,
    0x00, 0xFE, 0x3F, 0x80, 0x1F, 0xC3, 0xF0, 0x03, 0xFC, 0x3F, 0x00, 0x7F, 0x83, 0xFF, 0xFF, 0xF0,
    0x3F, 0xFF, 0xFE, 0x07, 0xFF, 0xFF, 0xC0, 0x7F, 0xFF, 0xF8, 0x07, 0xFF, 0xFC, 0x00, 0x00, 0x00,
    0x7E, 0x00, 0x00, 0x3F, 0x00, 0x07, 0xFF, 0xE0, 0x07, 0xFF, 0xF0, 0x03, 0xFF, 0xF0, 0x00, 0x07,
    0xE0, 0x00, 0x03, 0xF0, 0x07, 0xF9, 0xF8, 0x0F, 0xFF, 0xF8, 0x0F, 0xFF, 0xFC, 0x0F, 0xFF, 0xFE,
    0x0F, 0xFF, 0xFF, 0x07, 0xF0, 0x7F, 0x87, 0xF0, 0x1F, 0x83, 0xF0, 0x0F, 0xC1, 0xF8, 0x07, 0xE0,
    0xFC, 0x03, 0xF0, 0x7E, 0x01, 0xF8, 0x3F, 0x01, 0xF8, 0x1F, 0x81, 0xFC, 0x0F, 0xF3, 0xFE, 0x03,
    0xFF, 0xFF, 0x01, 0xFF, 0xFF, 0x80, 0x7F, 0xFF, 0x80, 0x0F, 0xF7, 0xC0, 0x01, 0xC0, 0x00, 0x00,
    0x00, 0x7F, 0xFC, 0x00, 0x7F, 0xFC, 0x00, 0x7F, 0xF8, 0x00, 0x00, 0x00, 0x00, 0x00, 0x00, 0x00,
    0x00, 0x00, 0x07, 0xFF, 0xFE, 0x07, 0xFF, 0xFE, 0x07, 0xFF, 0xFE, 0x0F, 0xFF, 0xFE, 0x0F, 0xFF,
    0xFC, 0x0F, 0xC0, 0x00, 0x0F, 0xC0, 0x00, 0x0F, 0xC0, 0x00, 0x1F, 0xC0, 0x00, 0x1F, 0xFF, 0xF0,
    0x1F, 0xFF, 0xF0, 0x1F, 0xFF, 0xF0, 0x1F, 0xFF, 0xE0, 0x3F, 0xFF, 0xE0, 0x3F, 0x00, 0x00, 0x3F,
    0x00, 0x00, 0x3F, 0x00, 0x00, 0x3F, 0x00, 0x00, 0x7F, 0xFF, 0xF0, 0x7F, 0xFF, 0xF0, 0x7F, 0xFF,
    0xF0, 0x7F, 0xFF, 0xF0, 0x7F, 0xFF, 0xE0, 0x01, 0xFF, 0xF0, 0x1F, 0xFF, 0x03, 0xFF, 0xE0, 0x00,
    0x00, 0x00, 0x00, 0x00, 0x00, 0x00, 0x01, 0xFF, 0x00, 0x7F, 0xF8, 0x0F, 0xFF, 0xC1, 0xFF, 0xFE,
    0x3F, 0x87, 0xF3, 0xF0, 0x3F, 0x7E, 0x01, 0xF7, 0xFF, 0xFF, 0x7F, 0xFF, 0xF7, 0xFF, 0xFF, 0x7F,
    0xFF, 0xF7, 0xE0, 0x00, 0x7E, 0x01, 0x07, 0xF8, 0x70, 0x3F, 0xFF, 0x83, 0xFF, 0xFC, 0x1F, 0xFF,
    0x80, 0x7F, 0xE0, 0x00, 0xF0, 0x00, 0x00, 0x03, 0x80, 0x00, 0x07, 0xC0, 0x00, 0x0F, 0xC0, 0x00,
    0x0F, 0xC0, 0x00, 0x0F, 0xC0, 0x00, 0x07, 0x80, 0x00, 0x00, 0x00, 0x00, 0x00, 0x00, 0x07, 0xFF,
    0xFE, 0x07, 0xFF, 0xFE, 0x07, 0xFF, 0xFE, 0x0F, 0xFF, 0xFE, 0x0F, 0xFF, 0xFC, 0x0F, 0xC0, 0x00,
    0x0F, 0xC0, 0x00, 0x0F, 0xC0, 0x00, 0x1F, 0xC0, 0x00, 0x1F, 0xFF, 0xF0, 0x1F, 0xFF, 0xF0, 0x1F,
    0xFF, 0xF0, 0x1F, 0xFF, 0xE0, 0x3F, 0xFF, 0xE0, 0x3F, 0x00, 0x00, 0x3F, 0x00, 0x00, 0x3F, 0x00,
    0x00, 0x3F, 0x00, 0x00, 0x7F, 0xFF, 0xF0, 0x7F, 0xFF, 0xF0, 0x7F, 0xFF, 0xF0, 0x7F, 0xFF, 0xF0,
    0x7F, 0xFF, 0xE0, 0x00, 0x1E, 0x00, 0x03, 0xF0, 0x00, 0x3F, 0x00, 0x03, 0xF0, 0x00, 0x3F, 0x00,
    0x01, 0xE0, 0x00, 0x00, 0x00, 0x00, 0x00, 0x01, 0xFF, 0x00, 0x7F, 0xF8, 0x0F, 0xFF, 0xC1, 0xFF,
    0xFE, 0x3F, 0x87, 0xF3, 0xF0, 0x3F, 0x7E, 0x01, 0xF7, 0xFF, 0xFF, 0x7F, 0xFF, 0xF7, 0xFF, 0xFF,
    0x7F, 0xFF, 0xF7, 0xE0, 0x00, 0x7E, 0x01, 0x07, 0xF8, 0x70, 0x3F, 0xFF, 0x83, 0xFF, 0xFC, 0x1F,
    0xFF, 0x80, 0x7F, 0xE0, 0x00, 0xF0, 0x00, 0x00, 0x00, 0x00, 0x07, 0xFF, 0xFE, 0x07, 0xFF, 0xFE,
    0x07, 0xFF, 0xFE, 0x0F, 0xFF, 0xFE, 0x0F, 0xFF, 0xFC, 0x0F, 0xC0, 0x00, 0x0F, 0xC0, 0x00, 0x0F,
    0xC0, 0x00, 0x1F, 0xC0, 0x00, 0x1F, 0xFF, 0xF0, 0x1F, 0xFF, 0xF0, 0x1F, 0xFF, 0xF0, 0x1F, 0xFF,
    0xE0, 0x3F, 0xFF, 0xE0, 0x3F, 0x00, 0x00, 0x3F, 0x00, 0x00, 0x3F, 0x00, 0x00, 0x3F, 0x00, 0x00,
    0x7F, 0xFF, 0xF0, 0x7F, 0xFF, 0xF0, 0x7F, 0xFF, 0xF0, 0x7F, 0xFF, 0xF0, 0x7F, 0xFF, 0xE0, 0x00,
    0x07, 0xE0, 0x00, 0x0F, 0x00, 0x00, 0x1E, 0x00, 0x00, 0x1E, 0x00, 0x00, 0x1E, 0x40, 0x00, 0x1F,
    0xE0, 0x00, 0x1F, 0xE0, 0x00, 0x07, 0xC0, 0x00, 0x00, 0x00, 0x1F, 0xF0, 0x07, 0xFF, 0x80, 0xFF,
    0xFC, 0x1F, 0xFF, 0xE3, 0xF8, 0x7F, 0x3F, 0x03, 0xF7, 0xE0, 0x1F, 0x7F, 0xFF, 0xF7, 0xFF, 0xFF,
    0x7F, 0xFF, 0xF7, 0xFF, 0xFF, 0x7E, 0x00, 0x07, 0xE0, 0x10, 0x7F, 0x87, 0x03, 0xFF, 0xF8, 0x3F,
    0xFF, 0xC1, 0xFF, 0xF8, 0x07, 0xFF, 0x00, 0x0F, 0xC0, 0x00, 0x78, 0x00, 0x0F, 0x00, 0x00, 0xF0,
    0x00, 0x1F, 0x20, 0x00, 0xFE, 0x00, 0x0F, 0xE0, 0x00, 0x7E, 0x00, 0x00, 0xF8, 0x7C, 0x00, 0x7C,
    0xF8, 0x00, 0x3F, 0xF0, 0x00, 0x1F, 0xE0, 0x00, 0x1F, 0xC0, 0x00, 0x00, 0x00, 0x00, 0x00, 0x00,
    0x07, 0xFF, 0xFE, 0x07, 0xFF, 0xFE, 0x07, 0xFF, 0xFE, 0x0F, 0xFF, 0xFE, 0x0F, 0xFF, 0xFC, 0x0F,
    0xC0, 0x00, 0x0F, 0xC0, 0x00, 0x0F, 0xC0, 0x00, 0x1F, 0xC0, 0x00, 0x1F, 0xFF, 0xF0, 0x1F, 0xFF,
    0xF0, 0x1F, 0xFF, 0xF0, 0x1F, 0xFF, 0xE0, 0x3F, 0xFF, 0xE0, 0x3F, 0x00, 0x00, 0x3F, 0x00, 0x00,
    0x3F, 0x00, 0x00, 0x3F, 0x00, 0x00, 0x7F, 0xFF, 0xF0, 0x7F, 0xFF, 0xF0, 0x7F, 0xFF, 0xF0, 0x7F,
    0xFF, 0xF0, 0x7F, 0xFF, 0xE0, 0x01, 0xE1, 0xF0, 0x1F, 0x3E, 0x00, 0xFF, 0xC0, 0x07, 0xF8, 0x00,
    0x3F, 0x00, 0x00, 0x00, 0x00, 0x00, 0x00, 0x1F, 0xF0, 0x07, 0xFF, 0x80, 0xFF, 0xFC, 0x1F, 0xFF,
    0xE3, 0xF8, 0x7F, 0x3F, 0x03, 0xF7, 0xE0, 0x1F, 0x7F, 0xFF, 0xF7, 0xFF, 0xFF, 0x7F, 0xFF, 0xF7,
    0xFF, 0xFF, 0x7E, 0x00, 0x07, 0xE0, 0x10, 0x7F, 0x87, 0x03, 0xFF, 0xF8, 0x3F, 0xFF, 0xC1, 0xFF,
    0xF8, 0x07, 0xFE, 0x00, 0x0F, 0x00, 0x00, 0x1C, 0x1E, 0x00, 0x0F, 0x0F, 0x00, 0x07, 0xFF, 0x80,
    0x03, 0xFF, 0x80, 0x00, 0x7F, 0x80, 0x00, 0x0E, 0x00, 0x00, 0x3F, 0x80, 0x00, 0xFF, 0xF8, 0x01,
    0xFF, 0xFE, 0x03, 0xFF, 0xFF, 0x83, 0xFF, 0xFF, 0xE3, 0xFF, 0x9F, 0xE1, 0xFE, 0x01, 0xE1, 0xFC,
    0x00, 0x60, 0xFC, 0x00, 0x00, 0xFE, 0x00, 0x00, 0x7E, 0x00, 0x00, 0x3F, 0x00, 0x00, 0x3F, 0x80,
    0x0F, 0x9F, 0x80, 0x0F, 0xCF, 0xC0, 0x07, 0xE7, 0xF0, 0x03, 0xF1, 0xF8, 0x01, 0xF0, 0xFE, 0x00,
    0xF8, 0x7F, 0x80, 0xFC, 0x1F, 0xFF, 0xFE, 0x0F, 0xFF, 0xFF, 0x03, 0xFF, 0xFF, 0x00, 0xFF, 0xFF,
    0x00, 0x1F, 0xFE, 0x00, 0x01, 0xF8, 0x00, 0x00, 0x78, 0x3C, 0x00, 0x78, 0x78, 0x00, 0x7F, 0xF8,
    0x00, 0x3F, 0xF0, 0x00, 0x1F, 0xE0, 0x00, 0x03, 0x00, 0x00, 0x00, 0x00, 0x00, 0xFF, 0x3F, 0x03,
    0xFF, 0xBF, 0x07, 0xFF, 0xFE, 0x0F, 0xFF, 0xFE, 0x1F, 0xFF, 0xFE, 0x1F, 0xC1, 0xFE, 0x3F, 0x80,
    0xFE, 0x3F, 0x00, 0xFC, 0x3F, 0x00, 0xFC, 0x3F, 0x00, 0xFC, 0x3F, 0x01, 0xFC, 0x3F, 0x03, 0xFC,
    0x3F, 0xEF, 0xF8, 0x1F, 0xFF, 0xF8, 0x1F, 0xFF, 0xF8, 0x0F, 0xFF, 0xF8, 0x03, 0xFD, 0xF8, 0x00,
    0x03, 0xF0, 0x10, 0x03, 0xF0, 0x3C, 0x07, 0xE0, 0x3F, 0xFF, 0xE0, 0x7F, 0xFF, 0xC0, 0x7F, 0xFF,
    0x80, 0x3F, 0xFF, 0x00, 0x07, 0xF8, 0x00, 0x00, 0x01, 0xE0, 0x00, 0x01, 0xF0, 0x00, 0x01, 0xFC,
    0x00, 0x00, 0xFE, 0x00, 0x00, 0x3E, 0x00, 0x00, 0x1E, 0x00, 0x00, 0x00, 0x00, 0x00, 0x1F, 0xC0,
    0x00, 0x7F, 0xFC, 0x00, 0xFF, 0xFF, 0x01, 0xFF, 0xFF, 0xC1, 0xFF, 0xFF, 0xF1, 0xFF, 0xCF, 0xF0,
    0xFF, 0x00, 0xF0, 0xFE, 0x00, 0x30, 0x7E, 0x00, 0x00, 0x7F, 0x00, 0x00, 0x3F, 0x00, 0x00, 0x1F,
    0x80, 0x00, 0x1F, 0xC0, 0x07, 0xCF, 0xC0, 0x07, 0xE7, 0xE0, 0x03, 0xF3, 0xF8, 0x01, 0xF8, 0xFC,
    0x00, 0xF8, 0x7F, 0x00, 0x7C, 0x3F, 0xC0, 0x7E, 0x0F, 0xFF, 0xFF, 0x07, 0xFF, 0xFF, 0x81, 0xFF,
    0xFF, 0x80, 0x7F, 0xFF, 0x80, 0x0F, 0xFF, 0x00, 0x00, 0xFC, 0x00, 0x00, 0x07, 0x80, 0x00, 0x0F,
    0xC0, 0x00, 0x0F, 0xC0, 0x00, 0x0F, 0xC0, 0x00, 0x0F, 0xC0, 0x00, 0x07, 0x80, 0x00, 0x00, 0x00,
    0x00, 0x00, 0x00, 0x00, 0xFF, 0x3F, 0x03, 0xFF, 0xBF, 0x07, 0xFF, 0xFE, 0x0F, 0xFF, 0xFE, 0x1F,
    0xFF, 0xFE, 0x1F, 0xC1, 0xFE, 0x3F, 0x80, 0xFE, 0x3F, 0x00, 0xFC, 0x3F, 0x00, 0xFC, 0x3F, 0x00,
    0xFC, 0x3F, 0x01, 0xFC, 0x3F, 0x03, 0xFC, 0x3F, 0xEF, 0xF8, 0x1F, 0xFF, 0xF8, 0x1F, 0xFF, 0xF8,
    0x0F, 0xFF, 0xF8, 0x03, 0xFD, 0xF8, 0x00, 0x03, 0xF0, 0x10, 0x03, 0xF0, 0x3C, 0x07, 0xE0, 0x3F,
    0xFF, 0xE0, 0x7F, 0xFF, 0xC0, 0x7F, 0xFF, 0x80, 0x3F, 0xFF, 0x00, 0x07, 0xF8, 0x00, 0x00, 0x0F,
    0xE0, 0x00, 0x3F, 0xFE, 0x00, 0x7F, 0xFF, 0x80, 0xFF, 0xFF, 0xE0, 0xFF, 0xFF, 0xF8, 0xFF, 0xE7,
    0xF8, 0x7F, 0x80, 0x78, 0x7F, 0x00, 0x18, 0x3F, 0x00, 0x00, 0x3F, 0x80, 0x00, 0x1F, 0x80, 0x00,
    0x0F, 0xC0, 0x00, 0x0F, 0xE0, 0x03, 0xE7, 0xE0, 0x03, 0xF3, 0xF0, 0x01, 0xF9, 0xFC, 0x00, 0xFC,
    0x7E, 0x00, 0x7C, 0x3F, 0x80, 0x3E, 0x1F, 0xE0, 0x3F, 0x07, 0xFF, 0xFF, 0x83, 0xFF, 0xFF, 0xC0,
    0xFF, 0xFF, 0xC0, 0x3F, 0xFF, 0xC0, 0x07, 0xFF, 0x80, 0x00, 0x7E, 0x00, 0x00, 0x00, 0x00, 0x00,
    0x3C, 0x00, 0x00, 0x3E, 0x00, 0x00, 0x1F, 0x00, 0x00, 0x0F, 0x80, 0x00, 0x03, 0xC0, 0x00, 0x03,
    0xC0, 0x00, 0x01, 0xC0, 0x00, 0x00, 0x00, 0x01, 0xC0, 0x00, 0x03, 0xC0, 0x00, 0x07, 0x80, 0x00,
    0x07, 0x80, 0x00, 0x0F, 0xC0, 0x00, 0x0F, 0xC0, 0x00, 0x0F, 0x80, 0x00, 0x03, 0x00, 0x00, 0x00,
    0x00, 0x00, 0xFF, 0x3F, 0x03, 0xFF, 0xBF, 0x07, 0xFF, 0xFE, 0x0F, 0xFF, 0xFE, 0x1F, 0xFF, 0xFE,
    0x1F, 0xC1, 0xFE, 0x3F, 0x80, 0xFE, 0x3F, 0x00, 0xFC, 0x3F, 0x00, 0xFC, 0x3F, 0x00, 0xFC, 0x3F,
    0x01, 0xFC, 0x3F, 0x03, 0xFC, 0x3F, 0xEF, 0xF8, 0x1F, 0xFF, 0xF8, 0x1F, 0xFF, 0xF8, 0x0F, 0xFF,
    0xF8, 0x03, 0xFD, 0xF8, 0x00, 0x03, 0xF0, 0x10, 0x03, 0xF0, 0x3C, 0x07, 0xE0, 0x3F, 0xFF, 0xE0,
    0x7F, 0xFF, 0xC0, 0x7F, 0xFF, 0x80, 0x3F, 0xFF, 0x00, 0x07, 0xF8, 0x00, 0x00, 0x00, 0x00, 0x00,
    0x3F, 0x00, 0x3F, 0x01, 0xF8, 0x03, 0xF0, 0x1F, 0xC0, 0x1F, 0x87, 0xFF, 0xFF, 0xFF, 0xBF, 0xFF,
    0xFF, 0xFD, 0xFF, 0xFF, 0xFF, 0xEF, 0xFF, 0xFF, 0xFE, 0x1F, 0x80, 0x1F, 0x80, 0xFC, 0x00, 0xFC,
    0x07, 0xFF, 0xFF, 0xE0, 0x3F, 0xFF, 0xFF, 0x01, 0xFF, 0xFF, 0xF0, 0x1F, 0xFF, 0xFF, 0x80, 0xFF,
    0xFF, 0xFC, 0x07, 0xE0, 0x07, 0xE0, 0x3F, 0x00, 0x3F, 0x01, 0xF8, 0x03, 0xF0, 0x1F, 0x80, 0x1F,
    0x80, 0xFC, 0x00, 0xFC, 0x07, 0xE0, 0x07, 0xE0, 0x3F, 0x00, 0x3F, 0x01, 0xF8, 0x03, 0xF0, 0x1F,
    0x80, 0x1F, 0x80, 0x07, 0xE0, 0x00, 0x1F, 0x80, 0x03, 0xFF, 0xF0, 0x0F, 0xFF, 0xC0, 0x3F, 0xFF,
    0x00, 0xFF, 0xFC, 0x00, 0xFC, 0x00, 0x03, 0xF7, 0xF0, 0x0F, 0xFF, 0xF0, 0x3F, 0xFF, 0xE1, 0xFF,
    0xFF, 0x87, 0xFF, 0xFE, 0x1F, 0xC1, 0xFC, 0x7E, 0x07, 0xF1, 0xF8, 0x1F, 0x8F, 0xC0, 0x7E, 0x3F,
    0x01, 0xF8, 0xFC, 0x07, 0xE3, 0xF0, 0x1F, 0x8F, 0x80, 0x7C, 0x7E, 0x03, 0xF1, 0xF8, 0x0F, 0xC7,
    0xE0, 0x3F, 0x1F, 0x80, 0xFC, 0x7C, 0x03, 0xE0, 0x0F, 0xFE, 0x1F, 0xF8, 0x3F, 0xF0, 0x00, 0x00,
    0x00, 0x00, 0x00, 0x01, 0xF8, 0x03, 0xF0, 0x07, 0xE0, 0x1F, 0xC0, 0x3F, 0x00, 0x7E, 0x00, 0xFC,
    0x01, 0xF8, 0x07, 0xF0, 0x0F, 0xC0, 0x1F, 0x80, 0x3F, 0x00, 0x7E, 0x01, 0xFC, 0x03, 0xF0, 0x07,
    0xE0, 0x0F, 0xC0, 0x1F, 0x80, 0x7F, 0x00, 0xFC, 0x01, 0xF8, 0x03, 0xF0, 0x07, 0xE0, 0x00, 0x1F,
    0xF9, 0xFF, 0xCF, 0xFE, 0x00, 0x00, 0x00, 0x00, 0x00, 0x3F, 0x01, 0xF0, 0x1F, 0x80, 0xFC, 0x07,
    0xE0, 0x3F, 0x01, 0xF0, 0x1F, 0x80, 0xFC, 0x07, 0xE0, 0x3F, 0x01, 0xF0, 0x1F, 0x80, 0xFC, 0x07,
    0xE0, 0x3F, 0x01, 0xF0, 0x1F, 0x80, 0x00, 0x00, 0xFC, 0x1F, 0x83, 0xF0, 0xFE, 0x1F, 0x83, 0xF0,
    0x7E, 0x0F, 0xC3, 0xF8, 0x7E, 0x0F, 0xC1, 0xF8, 0x3F, 0x0F, 0xE1, 0xF8, 0x3F, 0x07, 0xE0, 0xFC,
    0x3F, 0x87, 0xE0, 0xFC, 0x1F, 0x83, 0xF0, 0x3C, 0x0F, 0x03, 0xC0, 0x78, 0x0F, 0x01, 0xF8, 0x3F,
    0x03, 0xE0, 0x03, 0xE0, 0x1F, 0x81, 0xFC, 0x0F, 0xE0, 0x3F, 0x01, 0xF0, 0x00, 0x00, 0x00, 0x07,
    0xE0, 0x3E, 0x03, 0xF0, 0x1F, 0x80, 0xFC, 0x07, 0xE0, 0x3E, 0x03, 0xF0, 0x1F, 0x80, 0xFC, 0x07,
    0xE0, 0x3E, 0x03, 0xF0, 0x1F, 0x80, 0xFC, 0x07, 0xE0, 0x3E, 0x03, 0xF0, 0x0F, 0x80, 0xF0, 0x07,
    0x80, 0x78, 0x03, 0xE0, 0x1F, 0xC0, 0x7E, 0x01, 0xE0, 0x00, 0x0F, 0xC3, 0xE1, 0xF8, 0x7E, 0x1F,
    0x87, 0xE1, 0xF0, 0xFC, 0x3F, 0x0F, 0xC3, 0xF0, 0xF8, 0x7E, 0x1F, 0x87, 0xE1, 0xF8, 0x7C, 0x3F,
    0x00, 0x00, 0x00, 0x00, 0x00, 0x7E, 0x00, 0xFE, 0x07, 0xE0, 0x3F, 0xC0, 0x7E, 0x07, 0xF8, 0x0F,
    0xE0, 0xFF, 0x00, 0xFC, 0x1F, 0xE0, 0x0F, 0xC3, 0xF8, 0x00, 0xFC, 0x7F, 0x00, 0x0F, 0xCF, 0xE0,
    0x01, 0xFF, 0xFC, 0x00, 0x1F, 0xFF, 0x80, 0x01, 0xFF, 0xF0, 0x00, 0x1F, 0xFF, 0x00, 0x01, 0xFF,
    0xF8, 0x00, 0x3F, 0xFF, 0x80, 0x03, 0xFF, 0xFC, 0x00, 0x3F, 0xCF, 0xE0, 0x03, 0xF8, 0xFE, 0x00,
    0x3F, 0x07, 0xF0, 0x07, 0xF0, 0x3F, 0x80, 0x7E, 0x03, 0xF8, 0x07, 0xE0, 0x1F, 0xC0, 0x7E, 0x00,
    0xFE, 0x07, 0xE0, 0x0F, 0xE0, 0x00, 0x00, 0x00, 0x00, 0x00, 0x00, 0x00, 0x00, 0xF0, 0x00, 0x00,
    0x1F, 0x00, 0x00, 0x01, 0xF8, 0x00, 0x00, 0x1F, 0x00, 0x00, 0x00, 0xF0, 0x00, 0x00, 0x1E, 0x00,
    0x00, 0x01, 0xC0, 0x00, 0x00, 0x07, 0xE0, 0x00, 0x07, 0xE0, 0x00, 0x07, 0xE0, 0x00, 0x07, 0xC0,
    0x00, 0x0F, 0xC0, 0x00, 0x0F, 0xC0, 0x00, 0x0F, 0xC0, 0x00, 0x0F, 0xC0, 0xFE, 0x0F, 0x83, 0xFC,
    0x1F, 0x87, 0xF8, 0x1F, 0x8F, 0xF0, 0x1F, 0x9F, 0xE0, 0x1F, 0xFF, 0x80, 0x1F, 0xFF, 0x00, 0x3F,
    0xFE, 0x00, 0x3F, 0xFE, 0x00, 0x3F, 0xFE, 0x00, 0x3F, 0xFF, 0x00, 0x3F, 0xFF, 0x00, 0x7F, 0xBF,
    0x80, 0x7E, 0x1F, 0xC0, 0x7E, 0x1F, 0xC0, 0x7E, 0x0F, 0xE0, 0x7C, 0x07, 0xE0, 0xFC, 0x07, 0xF0,
    0x00, 0x00, 0x00, 0x00, 0x00, 0x00, 0x03, 0xC0, 0x00, 0x07, 0xC0, 0x00, 0x07, 0xC0, 0x00, 0x07,
    0xC0, 0x00, 0x03, 0xC0, 0x00, 0x07, 0x80, 0x00, 0x07, 0x00, 0x00, 0x00, 0x00, 0x00, 0xFC, 0x00,
    0x1F, 0x80, 0x03, 0xF0, 0x00, 0xFE, 0x00, 0x1F, 0x80, 0x03, 0xF0, 0x00, 0x7E, 0x00, 0x0F, 0xC0,
    0x03, 0xF8, 0x00, 0x7E, 0x00, 0x0F, 0xC0, 0x01, 0xF8, 0x00, 0x3F, 0x00, 0x0F, 0xE0, 0x01, 0xF8,
    0x00, 0x3F, 0x00, 0x07, 0xE0, 0x00, 0xFC, 0x00, 0x3F, 0xFF, 0xF7, 0xFF, 0xFE, 0xFF, 0xFF, 0xDF,
    0xFF, 0xFB, 0xFF, 0xFE, 0x00, 0x00, 0x00, 0x00, 0x00, 0x07, 0x80, 0x00, 0xF0, 0x00, 0x3F, 0x00,
    0x07, 0xC0, 0x00, 0x78, 0x00, 0x0E, 0x00, 0x03, 0x80, 0x00, 0x03, 0xF0, 0x3F, 0x03, 0xF0, 0x3E,
    0x07, 0xE0, 0x7E, 0x07, 0xE0, 0x7E, 0x07, 0xC0, 0xFC, 0x0F, 0xC0, 0xFC, 0x0F, 0xC0, 0xF8, 0x1F,
    0x81, 0xF8, 0x1F, 0x81, 0xF8, 0x1F, 0x03, 0xF0, 0x3F, 0x03, 0xF0, 0x3F, 0x03, 0xE0, 0x7E, 0x00,
    0x00, 0x00, 0x03, 0x80, 0x7C, 0x07, 0xC0, 0x7C, 0x07, 0x80, 0x70, 0x0F, 0x00, 0x00, 0x00, 0x78,
    0x00, 0x01, 0xE0, 0x7E, 0x07, 0x81, 0xF8, 0x3E, 0x07, 0xE0, 0xF0, 0x3F, 0x83, 0xC0, 0xFC, 0x0F,
    0x03, 0xF0, 0x38, 0x0F, 0xC0, 0x00, 0x3F, 0x00, 0x01, 0xFC, 0x00, 0x07, 0xE0, 0x00, 0x1F, 0x80,
    0x00, 0x7E, 0x00, 0x01, 0xF8, 0x00, 0x0F, 0xE0, 0x00, 0x3F, 0x00, 0x00, 0xFC, 0x00, 0x03, 0xF0,
    0x00, 0x0F, 0xC0, 0x00, 0x7F, 0xFF, 0xE1, 0xFF, 0xFF, 0x87, 0xFF, 0xFE, 0x1F, 0xFF, 0xF8, 0x7F,
    0xFF, 0xC0, 0x00, 0x07, 0xC1, 0xF9, 0xF0, 0x7E, 0x78, 0x1F, 0x9E, 0x07, 0xCF, 0x83, 0xF3, 0xC0,
    0xFC, 0xF0, 0x3F, 0x38, 0x0F, 0xC0, 0x03, 0xE0, 0x01, 0xF8, 0x00, 0x7E, 0x00, 0x1F, 0x80, 0x07,
    0xE0, 0x01, 0xF0, 0x00, 0xFC, 0x00, 0x3F, 0x00, 0x0F, 0xC0, 0x03, 0xF0, 0x00, 0xF8, 0x00, 0x7E,
    0x00, 0x1F, 0x80, 0x07, 0xE0, 0x01, 0xF8, 0x00, 0x7C, 0x00, 0x3F, 0x00, 0x00, 0x00, 0x00, 0x00,
    0x0F, 0xC0, 0x00, 0xFC, 0x00, 0x07, 0xE0, 0x00, 0x3F, 0x00, 0x01, 0xF9, 0x00, 0x0F, 0xF8, 0x00,
    0xFF, 0xE0, 0x07, 0xFF, 0x00, 0x3F, 0xE0, 0x01, 0xFE, 0x00, 0x1F, 0xC0, 0x01, 0xFC, 0x00, 0x1F,
    0xE0, 0x03, 0xFF, 0x00, 0x1F, 0xF8, 0x00, 0x7F, 0xC0, 0x02, 0xFC, 0x00, 0x07, 0xE0, 0x00, 0x3F,
    0xFF, 0xE1, 0xFF, 0xFF, 0x1F, 0xFF, 0xF8, 0xFF, 0xFF, 0xC7, 0xFF, 0xFE, 0x01, 0xF8, 0x03, 0xF0,
    0x07, 0xC0, 0x1F, 0x80, 0x3F, 0x00, 0x7E, 0x00, 0xFC, 0x01, 0xF0, 0x07, 0xFC, 0x0F, 0xF8, 0x1F,
    0xF0, 0x3F, 0xC0, 0x7F, 0x03, 0xF8, 0x0F, 0xF0, 0x7F, 0xE0, 0xFF, 0xC0, 0xFF, 0x00, 0x7E, 0x00,
    0xFC, 0x01, 0xF8, 0x03, 0xF0, 0x07, 0xC0, 0x1F, 0x80, 0x3F, 0x00, 0x00, 0x00, 0x3F, 0x00, 0x00,
    0x0F, 0xC0, 0x00, 0x03, 0xF0, 0x00, 0x01, 0xF8, 0x00, 0x00, 0x7E, 0x00, 0x00, 0x00, 0x00, 0x00,
    0x00, 0x00, 0x00, 0x3F, 0x00, 0x3F, 0x07, 0xE0, 0x07, 0xE0, 0xFE, 0x00, 0xFC, 0x3F, 0xE0, 0x3F,
    0x07, 0xFC, 0x07, 0xE0, 0xFF, 0xC0, 0xFC, 0x1F, 0xF8, 0x1F, 0x83, 0xFF, 0x83, 0xF0, 0xFF, 0xF8,
    0xFC, 0x1F, 0xFF, 0x1F, 0x83, 0xF7, 0xF3, 0xF0, 0x7E, 0xFE, 0x7E, 0x0F, 0xCF, 0xEF, 0xC3, 0xF8,
    0xFF, 0xF0, 0x7E, 0x1F, 0xFE, 0x0F, 0xC1, 0xFF, 0xC1, 0xF8, 0x3F, 0xF8, 0x3F, 0x03, 0xFF, 0x0F,
    0xE0, 0x3F, 0xC1, 0xF8, 0x07, 0xF8, 0x3F, 0x00, 0x7F, 0x07, 0xE0, 0x0F, 0xE0, 0xFC, 0x00, 0xFC,
    0x00, 0x00, 0x01, 0xF8, 0x00, 0x0F, 0xC0, 0x00, 0x7E, 0x00, 0x03, 0xE0, 0x00, 0x1F, 0x00, 0x00,
    0x00, 0x00, 0x00, 0x00, 0x03, 0xEF, 0xF0, 0x0F, 0xFF, 0xF0, 0x7F, 0xFF, 0xC1, 0xFF, 0xFF, 0x87,
    0xFF, 0xFE, 0x1F, 0xC1, 0xF8, 0x7E, 0x07, 0xE3, 0xF0, 0x1F, 0x8F, 0xC0, 0x7E, 0x3F, 0x01, 0xF8,
    0xFC, 0x07, 0xE3, 0xE0, 0x1F, 0x1F, 0x80, 0xFC, 0x7E, 0x03, 0xF1, 0xF8, 0x0F, 0xC7, 0xE0, 0x3F,
    0x1F, 0x00, 0xF8, 0xFC, 0x07, 0xE0, 0x00, 0x00, 0x00, 0x00, 0xFC, 0x00, 0xFC, 0x1F, 0x80, 0x1F,
    0x83, 0xF8, 0x03, 0xF0, 0xFF, 0x80, 0xFC, 0x1F, 0xF0, 0x1F, 0x83, 0xFF, 0x03, 0xF0, 0x7F, 0xE0,
    0x7E, 0x0F, 0xFE, 0x0F, 0xC3, 0xFF, 0xE3, 0xF0, 0x7F, 0xFC, 0x7E, 0x0F, 0xDF, 0xCF, 0xC1, 0xFB,
    0xF9, 0xF8, 0x3F, 0x3F, 0xBF, 0x0F, 0xE3, 0xFF, 0xC1, 0xF8, 0x7F, 0xF8, 0x3F, 0x07, 0xFF, 0x07,
    0xE0, 0xFF, 0xE0, 0xFC, 0x0F, 0xFC, 0x3F, 0x80, 0xFF, 0x07, 0xE0, 0x1F, 0xE0, 0xFC, 0x01, 0xFC,
    0x1F, 0x80, 0x3F, 0x83, 0xF0, 0x03, 0xF0, 0x00, 0x00, 0x00, 0x00, 0x00, 0x00, 0x00, 0x01, 0xC0,
    0x00, 0x00, 0x7C, 0x00, 0x00, 0x0F, 0x80, 0x00, 0x01, 0xF0, 0x00, 0x00, 0x1C, 0x00, 0x00, 0x07,
    0x80, 0x00, 0x00, 0xE0, 0x00, 0x00, 0x00, 0x00, 0x00, 0x3E, 0xFF, 0x00, 0xFF, 0xFF, 0x07, 0xFF,
    0xFC, 0x1F, 0xFF, 0xF8, 0x7F, 0xFF, 0xE1, 0xFC, 0x1F, 0x87, 0xE0, 0x7E, 0x3F, 0x01, 0xF8, 0xFC,
    0x07, 0xE3, 0xF0, 0x1F, 0x8F, 0xC0, 0x7E, 0x3E, 0x01, 0xF1, 0xF8, 0x0F, 0xC7, 0xE0, 0x3F, 0x1F,
    0x80, 0xFC, 0x7E, 0x03, 0xF1, 0xF0, 0x0F, 0x8F, 0xC0, 0x7E, 0x00, 0x00, 0x00, 0x00, 0x00, 0x00,
    0x07, 0x80, 0x00, 0x3E, 0x00, 0x00, 0xF8, 0x00, 0x03, 0xE0, 0x00, 0x07, 0x80, 0x00, 0x3C, 0x00,
    0x00, 0xE0, 0x00, 0x00, 0x3E, 0x1F, 0x00, 0x03, 0xEF, 0xC0, 0x00, 0x3F, 0xF0, 0x00, 0x07, 0xFC,
    0x00, 0x00, 0x7F, 0x00, 0x00, 0x00, 0x00, 0x00, 0x00, 0x00, 0x00, 0x3F, 0x00, 0x3F, 0x07, 0xE0,
    0x07, 0xE0, 0xFE, 0x00, 0xFC, 0x3F, 0xE0, 0x3F, 0x07, 0xFC, 0x07, 0xE0, 0xFF, 0xC0, 0xFC, 0x1F,
    0xF8, 0x1F, 0x83, 0xFF, 0x83, 0xF0, 0xFF, 0xF8, 0xFC, 0x1F, 0xFF, 0x1F, 0x83, 0xF7, 0xF3, 0xF0,
    0x7E, 0xFE, 0x7E, 0x0F, 0xCF, 0xEF, 0xC3, 0xF8, 0xFF, 0xF0, 0x7E, 0x1F, 0xFE, 0x0F, 0xC1, 0xFF,
    0xC1, 0xF8, 0x3F, 0xF8, 0x3F, 0x03, 0xFF, 0x0F, 0xE0, 0x3F, 0xC1, 0xF8, 0x07, 0xF8, 0x3F, 0x00,
    0x7F, 0x07, 0xE0, 0x0F, 0xE0, 0xFC, 0x00, 0xFC, 0x00, 0x00, 0xF0, 0xF8, 0x03, 0xE7, 0xC0, 0x07,
    0xFE, 0x00, 0x0F, 0xF0, 0x00, 0x1F, 0x80, 0x00, 0x00, 0x00, 0x00, 0x00, 0x03, 0xEF, 0xF0, 0x0F,
    0xFF, 0xF0, 0x7F, 0xFF, 0xC1, 0xFF, 0xFF, 0x87, 0xFF, 0xFE, 0x1F, 0xC1, 0xF8, 0x7E, 0x07, 0xE3,
    0xF0, 0x1F, 0x8F, 0xC0, 0x7E, 0x3F, 0x01, 0xF8, 0xFC, 0x07, 0xE3, 0xE0, 0x1F, 0x1F, 0x80, 0xFC,
    0x7E, 0x03, 0xF1, 0xF8, 0x0F, 0xC7, 0xE0, 0x3F, 0x1F, 0x00, 0xF8, 0xFC, 0x07, 0xE0, 0x00, 0x07,
    0xEF, 0x80, 0x00, 0xFB, 0xF0, 0x00, 0x3E, 0x7C, 0x00, 0x0F, 0x9F, 0x00, 0x01, 0xF7, 0xC0, 0x00,
    0x00, 0x00, 0x00, 0x07, 0xF0, 0x00, 0x07, 0xFF, 0xC0, 0x01, 0xFF, 0xFE, 0x00, 0xFF, 0xFF, 0xE0,
    0x3F, 0xFF, 0xFE, 0x0F, 0xFE, 0xFF, 0xC1, 0xFC, 0x03, 0xFC, 0x7F, 0x00, 0x3F, 0x9F, 0xC0, 0x03,
    0xF3, 0xF8, 0x00, 0x7F, 0x7E, 0x00, 0x0F, 0xEF, 0xC0, 0x01, 0xFF, 0xF8, 0x00, 0x3F, 0x7E, 0x00,
    0x07, 0xEF, 0xC0, 0x00, 0xFD, 0xFC, 0x00, 0x3F, 0x9F, 0x80, 0x07, 0xE3, 0xF8, 0x01, 0xFC, 0x7F,
    0x80, 0xFF, 0x07, 0xFF, 0xFF, 0xE0, 0xFF, 0xFF, 0xF8, 0x0F, 0xFF, 0xFE, 0x00, 0xFF, 0xFF, 0x00,
    0x07, 0xFF, 0x80, 0x00, 0x1F, 0x80, 0x00, 0x00, 0x3F, 0x7C, 0x00, 0xFD, 0xF8, 0x01, 0xF7, 0xE0,
    0x07, 0xCF, 0x80, 0x0F, 0x3E, 0x00, 0x00, 0x00, 0x00, 0x00, 0x00, 0x00, 0xFF, 0x80, 0x07, 0xFF,
    0xC0, 0x1F, 0xFF, 0xC0, 0x7F, 0xFF, 0xC1, 0xFF, 0xFF, 0x83, 0xF8, 0x3F, 0x8F, 0xE0, 0x3F, 0x1F,
    0x80, 0x7E, 0x3F, 0x00, 0xFC, 0x7E, 0x01, 0xF8, 0xFC, 0x03, 0xF1, 0xF8, 0x0F, 0xC3, 0xF0, 0x3F,
    0x87, 0xF8, 0xFE, 0x07, 0xFF, 0xFC, 0x0F, 0xFF, 0xF0, 0x0F, 0xFF, 0xC0, 0x07, 0xFE, 0x00, 0x01,
    0xE0, 0x00, 0x00, 0x00, 0x08, 0x00, 0x00, 0x01, 0xFF, 0xFF, 0xFF, 0xF0, 0x1F, 0xFF, 0xFF, 0xFF,
    0x81, 0xFF, 0xFF, 0xFF, 0xFE, 0x0F, 0xFF, 0xFF, 0xFF, 0xF8, 0x7F, 0xFF, 0xFF, 0xFF, 0xC1, 0xFE,
    0x03, 0xF0, 0x00, 0x0F, 0xE0, 0x0F, 0xC0, 0x00, 0x7F, 0x00, 0x3F, 0x00, 0x01, 0xFC, 0x00, 0xFC,
    0x00, 0x07, 0xE0, 0x03, 0xFF, 0xFC, 0x1F, 0x80, 0x1F, 0xFF, 0xF0, 0xFE, 0x00, 0x7F, 0xFF, 0xC3,
    0xF0, 0x01, 0xFF, 0xFF, 0x0F, 0xC0, 0x07, 0xFF, 0xF8, 0x3F, 0x80, 0x1F, 0x80, 0x00, 0x7E, 0x00,
    0xFC, 0x00, 0x01, 0xFC, 0x03, 0xF0, 0x00, 0x07, 0xF8, 0x0F, 0xC0, 0x00, 0x0F, 0xFF, 0xFF, 0xFF,
    0xF0, 0x3F, 0xFF, 0xFF, 0xFF, 0xC0, 0x7F, 0xFF, 0xFF, 0xFF, 0x00, 0x7F, 0xFF, 0xFF, 0xFC, 0x00,
    0x7F, 0xFF, 0xFF, 0xF0, 0x00, 0x00, 0x00, 0x00, 0x00, 0x3F, 0xE0, 0xFF, 0x80, 0x1F, 0xFE, 0x3F,
    0xFC, 0x07, 0xFF, 0xFF, 0xFF, 0xC1, 0xFF, 0xFF, 0xFF, 0xF8, 0x7F, 0xFF, 0xFE, 0x3F, 0x8F, 0xE0,
    0xFF, 0x01, 0xF3, 0xF8, 0x0F, 0xC0, 0x3E, 0x7E, 0x01, 0xFF, 0xFF, 0xEF, 0xC0, 0x3F, 0xFF, 0xFD,
    0xF8, 0x07, 0xFF, 0xFF, 0x3F, 0x00, 0xFF, 0xFF, 0xE7, 0xE0, 0x3F, 0x80, 0x00, 0xFC, 0x0F, 0xF0,
    0x08, 0x1F, 0xE7, 0xFF, 0x87, 0x81, 0xFF, 0xFF, 0xFF, 0xF0, 0x3F, 0xFF, 0xFF, 0xFF, 0x03, 0xFF,
    0xE7, 0xFF, 0xE0, 0x1F, 0xF8, 0x7F, 0xF0, 0x00, 0x70, 0x00, 0xE0, 0x00, 0x00, 0x00, 0x7E, 0x00,
    0x00, 0x7E, 0x00, 0x00, 0x7E, 0x00, 0x00, 0x7C, 0x00, 0x00, 0xFC, 0x00, 0x00, 0x00, 0x00, 0x00,
    0x00, 0x00, 0x0F, 0xFF, 0xE0, 0x07, 0xFF, 0xFC, 0x03, 0xFF, 0xFF, 0x03, 0xFF, 0xFF, 0xC1, 0xFF,
    0xFF, 0xE0, 0xFC, 0x07, 0xF0, 0x7E, 0x01, 0xF8, 0x3F, 0x00, 0xFC, 0x3F, 0x80, 0x7E, 0x1F, 0x80,
    0x3F, 0x0F, 0xC0, 0x3F, 0x87, 0xE0, 0x3F, 0x83, 0xFF, 0xFF, 0xC3, 0xFF, 0xFF, 0xC1, 0xFF, 0xFF,
    0xC0, 0xFF, 0xFF, 0x80, 0x7F, 0xFF, 0x80, 0x3F, 0x0F, 0xE0, 0x3F, 0x83, 0xF0, 0x1F, 0x81, 0xFC,
    0x0F, 0xC0, 0x7E, 0x07, 0xE0, 0x1F, 0x83, 0xF0, 0x0F, 0xE0, 0x00, 0x1F, 0xC0, 0x0F, 0xE0, 0x07,
    0xE0, 0x03, 0xF0, 0x01, 0xF0, 0x00, 0x00, 0x00, 0x00, 0x00, 0x3E, 0x7C, 0x0F, 0xFE, 0x07, 0xFF,
    0x81, 0xFF, 0xE0, 0x7F, 0xF8, 0x1F, 0xE0, 0x07, 0xE0, 0x03, 0xF8, 0x00, 0xFC, 0x00, 0x3F, 0x00,
    0x0F, 0xC0, 0x03, 0xE0, 0x01, 0xF8, 0x00, 0x7E, 0x00, 0x1F, 0x80, 0x07, 0xE0, 0x01, 0xF0, 0x00,
    0xFC, 0x00, 0x00, 0x00, 0x7C, 0x3E, 0x00, 0x1F, 0x7E, 0x00, 0x07, 0xFE, 0x00, 0x03, 0xFE, 0x00,
    0x00, 0xFE, 0x00, 0x00, 0x00, 0x00, 0x00, 0x00, 0x00, 0x0F, 0xFF, 0xE0, 0x07, 0xFF, 0xFC, 0x03,
    0xFF, 0xFF, 0x03, 0xFF, 0xFF, 0xC1, 0xFF, 0xFF, 0xE0, 0xFC, 0x07, 0xF0, 0x7E, 0x01, 0xF8, 0x3F,
    0x00, 0xFC, 0x3F, 0x80, 0x7E, 0x1F, 0x80, 0x3F, 0x0F, 0xC0, 0x3F, 0x87, 0xE0, 0x3F, 0x83, 0xFF,
    0xFF, 0xC3, 0xFF, 0xFF, 0xC1, 0xFF, 0xFF, 0xC0, 0xFF, 0xFF, 0x80, 0x7F, 0xFF, 0x80, 0x3F, 0x0F,
    0xE0, 0x3F, 0x83, 0xF0, 0x1F, 0x81, 0xFC, 0x0F, 0xC0, 0x7E, 0x07, 0xE0, 0x1F, 0x83, 0xF0, 0x0F,
    0xE0, 0x0F, 0x87, 0x81, 0xF7, 0xE0, 0x3F, 0xF0, 0x0F, 0xF8, 0x01, 0xFC, 0x00, 0x00, 0x00, 0x00,
    0x00, 0x3E, 0x7C, 0x0F, 0xFE, 0x07, 0xFF, 0x81, 0xFF, 0xE0, 0x7F, 0xF8, 0x1F, 0xE0, 0x07, 0xE0,
    0x03, 0xF8, 0x00, 0xFC, 0x00, 0x3F, 0x00, 0x0F, 0xC0, 0x03, 0xE0, 0x01, 0xF8, 0x00, 0x7E, 0x00,
    0x1F, 0x80, 0x07, 0xE0, 0x01, 0xF0, 0x00, 0xFC, 0x00, 0x00, 0x00, 0x00, 0xFC, 0x00, 0x03, 0xF0,
    0x00, 0x0F, 0xC0, 0x00, 0x3F, 0x00, 0x00, 0xF8, 0x00, 0x00, 0x00, 0x00, 0x07, 0xF0, 0x00, 0x7F,
    0xFC, 0x03, 0xFF, 0xFE, 0x0F, 0xFF, 0xF8, 0x1F, 0xFF, 0xF0, 0x7F, 0x83, 0xC0, 0xFC, 0x00, 0x81,
    0xF8, 0x00, 0x03, 0xF0, 0x00, 0x07, 0xF8, 0x00, 0x0F, 0xFE, 0x00, 0x1F, 0xFF, 0x80, 0x1F, 0xFF,
    0x80, 0x0F, 0xFF, 0x80, 0x07, 0xFF, 0x80, 0x00, 0xFF, 0x00, 0x00, 0x7E, 0x00, 0x00, 0xFC, 0x38,
    0x01, 0xF8, 0x7E, 0x0F, 0xE1, 0xFF, 0xFF, 0xC3, 0xFF, 0xFF, 0x07, 0xFF, 0xFC, 0x03, 0xFF, 0xE0,
    0x00, 0x7E, 0x00, 0x00, 0x00, 0x07, 0xE0, 0x00, 0xFC, 0x00, 0x1F, 0x80, 0x03, 0xF0, 0x00, 0x7C,
    0x00, 0x00, 0x00, 0x00, 0x00, 0x00, 0x1F, 0xF8, 0x07, 0xFF, 0xC0, 0xFF, 0xFC, 0x1F, 0xFF, 0xC1,
    0xF8, 0x38, 0x3F, 0x00, 0x03, 0xF8, 0x00, 0x1F, 0xF8, 0x01, 0xFF, 0xF0, 0x0F, 0xFF, 0x80, 0x7F,
    0xF8, 0x00, 0x7F, 0x80, 0x00, 0xF8, 0x38, 0x1F, 0x87, 0xFF, 0xF8, 0x7F, 0xFF, 0x0F, 0xFF, 0xE0,
    0x3F, 0xFC, 0x00, 0x3C, 0x00, 0x00, 0x1F, 0xC0, 0x01, 0xFF, 0xF0, 0x0F, 0xFF, 0xF8, 0x3F, 0xFF,
    0xE0, 0x7F, 0xFF, 0xC1, 0xFE, 0x0F, 0x03, 0xF0, 0x02, 0x07, 0xE0, 0x00, 0x0F, 0xC0, 0x00, 0x1F,
    0xE0, 0x00, 0x3F, 0xF8, 0x00, 0x7F, 0xFE, 0x00, 0x7F, 0xFE, 0x00, 0x3F, 0xFE, 0x00, 0x1F, 0xFE,
    0x00, 0x03, 0xFC, 0x00, 0x01, 0xF8, 0x00, 0x03, 0xF0, 0xE0, 0x07, 0xE1, 0xF8, 0x3F, 0x87, 0xFF,
    0xFF, 0x0F, 0xFF, 0xFC, 0x1F, 0xFF, 0xF0, 0x0F, 0xFF, 0x80, 0x01, 0xF8, 0x00, 0x03, 0xC0, 0x00,
    0x07, 0xE0, 0x00, 0x0F, 0xC0, 0x00, 0x07, 0x80, 0x00, 0xFF, 0x00, 0x03, 0xFC, 0x00, 0x03, 0xF0,
    0x00, 0x00, 0x00, 0x00, 0x3F, 0xF0, 0x1F, 0xFF, 0x07, 0xFF, 0xE1, 0xFF, 0xFC, 0x3F, 0x07, 0x0F,
    0xC0, 0x01, 0xFC, 0x00, 0x1F, 0xF8, 0x03, 0xFF, 0xE0, 0x3F, 0xFE, 0x03, 0xFF, 0xC0, 0x07, 0xF8,
    0x00, 0x1F, 0x0E, 0x07, 0xE3, 0xFF, 0xFC, 0x7F, 0xFF, 0x1F, 0xFF, 0xC0, 0xFF, 0xF0, 0x01, 0xE0,
    0x00, 0x78, 0x00, 0x0F, 0xC0, 0x01, 0xF8, 0x00, 0x0F, 0x00, 0x1F, 0xE0, 0x07, 0xF8, 0x00, 0x7C,
    0x00, 0x00, 0x00, 0x78, 0x7C, 0x00, 0xF9, 0xF0, 0x00, 0xFF, 0xC0, 0x00, 0xFF, 0x00, 0x00, 0xFC,
    0x00, 0x00, 0x00, 0x00, 0x07, 0xF0, 0x00, 0x7F, 0xFC, 0x03, 0xFF, 0xFE, 0x0F, 0xFF, 0xF8, 0x1F,
    0xFF, 0xF0, 0x7F, 0x83, 0xC0, 0xFC, 0x00, 0x81, 0xF8, 0x00, 0x03, 0xF0, 0x00, 0x07, 0xF8, 0x00,
    0x0F, 0xFE, 0x00, 0x1F, 0xFF, 0x80, 0x1F, 0xFF, 0x80, 0x0F, 0xFF, 0x80, 0x07, 0xFF, 0x80, 0x00,
    0xFF, 0x00, 0x00, 0x7E, 0x00, 0x00, 0xFC, 0x38, 0x01, 0xF8, 0x7E, 0x0F, 0xE1, 0xFF, 0xFF, 0xC3,
    0xFF, 0xFF, 0x07, 0xFF, 0xFC, 0x03, 0xFF, 0xE0, 0x00, 0x7E, 0x00, 0x00, 0x03, 0xC3, 0xE0, 0x1E,
    0x7C, 0x01, 0xFF, 0x80, 0x0F, 0xF0, 0x00, 0x7E, 0x00, 0x00, 0x00, 0x00, 0x00, 0x00, 0x1F, 0xF8,
    0x07, 0xFF, 0xC0, 0xFF, 0xFC, 0x1F, 0xFF, 0xC1, 0xF8, 0x38, 0x3F, 0x00, 0x03, 0xF8, 0x00, 0x1F,
    0xF8, 0x01, 0xFF, 0xF0, 0x0F, 0xFF, 0x80, 0x7F, 0xF8, 0x00, 0x7F, 0x80, 0x00, 0xF8, 0x38, 0x1F,
    0x87, 0xFF, 0xF8, 0x7F, 0xFF, 0x0F, 0xFF, 0xE0, 0x3F, 0xFC, 0x00, 0x3C, 0x00, 0x00, 0x00, 0x03,
    0xFF, 0xFF, 0xEF, 0xFF, 0xFF, 0xBF, 0xFF, 0xFE, 0xFF, 0xFF, 0xFB, 0xFF, 0xFF, 0xC0, 0x1F, 0x80,
    0x00, 0x7E, 0x00, 0x03, 0xF8, 0x00, 0x0F, 0xC0, 0x00, 0x3F, 0x00, 0x00, 0xFC, 0x00, 0x03, 0xF0,
    0x00, 0x1F, 0xC0, 0x00, 0x7E, 0x00, 0x01, 0xF8, 0x00, 0x07, 0xE0, 0x00, 0x1F, 0x80, 0x00, 0xFE,
    0x00, 0x03, 0xF0, 0x00, 0x0F, 0xC0, 0x00, 0x3F, 0x00, 0x00, 0xFC, 0x00, 0x07, 0xF0, 0x00, 0x0F,
    0x00, 0x00, 0x3C, 0x00, 0x01, 0xF8, 0x00, 0x03, 0xF0, 0x00, 0x03, 0xC0, 0x01, 0xFE, 0x00, 0x07,
    0xF8, 0x00, 0x1F, 0x80, 0x00, 0x0F, 0xC0, 0x3F, 0x00, 0xFC, 0x03, 0xE0, 0x7F, 0xFF, 0xFF, 0xEF,
    0xFF, 0xBF, 0xFE, 0xFF, 0xF0, 0xFC, 0x03, 0xF0, 0x0F, 0xC0, 0x3F, 0x00, 0xF8, 0x07, 0xE0, 0x1F,
    0x80, 0x7E, 0x01, 0xF8, 0x87, 0xFE, 0x1F, 0xF8, 0x3F, 0xF0, 0x7F, 0x80, 0xF8, 0x07, 0x80, 0x1F,
    0x80, 0x7E, 0x00, 0x78, 0x1F, 0xE0, 0xFF, 0x01, 0xF0, 0x00, 0x07, 0xC3, 0xC0, 0x0F, 0xBF, 0x00,
    0x3F, 0xF8, 0x00, 0x7F, 0x80, 0x00, 0xFC, 0x00, 0x00, 0x00, 0x00, 0x00, 0x00, 0x3F, 0xFF, 0xFE,
    0xFF, 0xFF, 0xFB, 0xFF, 0xFF, 0xEF, 0xFF, 0xFF, 0xBF, 0xFF, 0xFC, 0x01, 0xF8, 0x00, 0x07, 0xE0,
    0x00, 0x3F, 0x80, 0x00, 0xFC, 0x00, 0x03, 0xF0, 0x00, 0x0F, 0xC0, 0x00, 0x3F, 0x00, 0x01, 0xFC,
    0x00, 0x07, 0xE0, 0x00, 0x1F, 0x80, 0x00, 0x7E, 0x00, 0x01, 0xF8, 0x00, 0x0F, 0xE0, 0x00, 0x3F,
    0x00, 0x00, 0xFC, 0x00, 0x03, 0xF0, 0x00, 0x0F, 0xC0, 0x00, 0x7F, 0x00, 0x00, 0x00, 0x0F, 0x80,
    0x07, 0xC0, 0x03, 0xC0, 0x01, 0xE0, 0xFC, 0xF0, 0x7E, 0xF0, 0x3F, 0x78, 0x1F, 0x18, 0x7F, 0xFC,
    0x7F, 0xFC, 0x3F, 0xFE, 0x1F, 0xFF, 0x0F, 0xFF, 0x01, 0xF8, 0x00, 0xFC, 0x00, 0x7E, 0x00, 0x3F,
    0x00, 0x1F, 0x00, 0x1F, 0x80, 0x0F, 0xC0, 0x07, 0xE0, 0x03, 0xF1, 0x01, 0xFF, 0x80, 0xFF, 0xC0,
    0x3F, 0xF0, 0x0F, 0xF0, 0x01, 0xE0, 0x00, 0x00, 0x7F, 0xFC, 0x00, 0x3F, 0xFE, 0x00, 0x1F, 0xFF,
    0x00, 0x00, 0x00, 0x00, 0x00, 0x00, 0x00, 0x00, 0x00, 0x00, 0x3F, 0x00, 0x7E, 0x3F, 0x80, 0x3F,
    0x1F, 0x80, 0x1F, 0x8F, 0xC0, 0x0F, 0xC7, 0xE0, 0x0F, 0xC3, 0xF0, 0x07, 0xE3, 0xF8, 0x03, 0xF1,
    0xF8, 0x01, 0xF8, 0xFC, 0x00, 0xFC, 0x7E, 0x00, 0xFC, 0x3F, 0x00, 0x7E, 0x3F, 0x80, 0x3F, 0x1F,
    0x80, 0x1F, 0x8F, 0xC0, 0x0F, 0xC7, 0xE0, 0x0F, 0xC3, 0xF0, 0x07, 0xE1, 0xF8, 0x07, 0xF0, 0xFE,
    0x07, 0xF0, 0x7F, 0xFF, 0xF8, 0x1F, 0xFF, 0xF8, 0x07, 0xFF, 0xF8, 0x01, 0xFF, 0xF8, 0x00, 0x7F,
    0xF0, 0x00, 0x07, 0xC0, 0x00, 0x01, 0xFF, 0xF0, 0x07, 0xFF, 0x80, 0x3F, 0xFE, 0x00, 0x00, 0x00,
    0x00, 0x00, 0x00, 0x00, 0x00, 0x01, 0xF0, 0x1F, 0x8F, 0xC0, 0x7E, 0x3F, 0x01, 0xF8, 0xFC, 0x07,
    0xE3, 0xF0, 0x1F, 0x8F, 0xC0, 0xFC, 0x7E, 0x03, 0xF1, 0xF8, 0x0F, 0xC7, 0xE0, 0x3F, 0x1F, 0x80,
    0xFC, 0x7E, 0x07, 0xE1, 0xF8, 0x1F, 0x8F, 0xE0, 0xFE, 0x1F, 0xFF, 0xF8, 0x7F, 0xFF, 0xE1, 0xFF,
    0xFF, 0x03, 0xFF, 0xFC, 0x07, 0xFF, 0xF0, 0x03, 0x80, 0x00, 0x00, 0x03, 0x80, 0x00, 0x07, 0xF0,
    0x00, 0x03, 0xFC, 0x00, 0x03, 0x8E, 0x00, 0x01, 0xC7, 0x00, 0x00, 0xE3, 0x80, 0x00, 0x3F, 0xC0,
    0x00, 0x1F, 0xC0, 0x00, 0x03, 0x80, 0x00, 0x00, 0x00, 0x03, 0xF0, 0x07, 0xE3, 0xF8, 0x03, 0xF1,
    0xF8, 0x01, 0xF8, 0xFC, 0x00, 0xFC, 0x7E, 0x00, 0xFC, 0x3F, 0x00, 0x7E, 0x3F, 0x80, 0x3F, 0x1F,
    0x80, 0x1F, 0x8F, 0xC0, 0x0F, 0xC7, 0xE0, 0x0F, 0xC3, 0xF0, 0x07, 0xE3, 0xF8, 0x03, 0xF1, 0xF8,
    0x01, 0xF8, 0xFC, 0x00, 0xFC, 0x7E, 0x00, 0xFC, 0x3F, 0x00, 0x7E, 0x1F, 0x80, 0x7F, 0x0F, 0xE0,
    0x7F, 0x07, 0xFF, 0xFF, 0x81, 0xFF, 0xFF, 0x80, 0x7F, 0xFF, 0x80, 0x1F, 0xFF, 0x80, 0x07, 0xFF,
    0x00, 0x00, 0x7C, 0x00, 0x00, 0x00, 0x1E, 0x00, 0x00, 0xFC, 0x00, 0x07, 0xF8, 0x00, 0x1C, 0x70,
    0x00, 0x71, 0xC0, 0x01, 0xCF, 0x00, 0x07, 0xF8, 0x00, 0x0F, 0xC0, 0x00, 0x0E, 0x00, 0x00, 0x00,
    0x01, 0xF0, 0x1F, 0x8F, 0xC0, 0x7E, 0x3F, 0x01, 0xF8, 0xFC, 0x07, 0xE3, 0xF0, 0x1F, 0x8F, 0xC0,
    0xFC, 0x7E, 0x03, 0xF1, 0xF8, 0x0F, 0xC7, 0xE0, 0x3F, 0x1F, 0x80, 0xFC, 0x7E, 0x07, 0xE1, 0xF8,
    0x1F, 0x8F, 0xE0, 0xFE, 0x1F, 0xFF, 0xF8, 0x7F, 0xFF, 0xE1, 0xFF, 0xFF, 0x03, 0xFF, 0xFC, 0x07,
    0xFF, 0xF0, 0x03, 0x80, 0x00, 0x00, 0x0F, 0xDF, 0x00, 0x0F, 0xDF, 0x80, 0x07, 0xDF, 0x80, 0x07,
    0xCF, 0x80, 0x03, 0xCF, 0x80, 0x00, 0x00, 0x00, 0x00, 0x00, 0x00, 0x1F, 0x80, 0x3F, 0x1F, 0xC0,
    0x1F, 0x8F, 0xC0, 0x0F, 0xC7, 0xE0, 0x07, 0xE3, 0xF0, 0x07, 0xE1, 0xF8, 0x03, 0xF1, 0xFC, 0x01,
    0xF8, 0xFC, 0x00, 0xFC, 0x7E, 0x00, 0x7E, 0x3F, 0x00, 0x7E, 0x1F, 0x80, 0x3F, 0x1F, 0xC0, 0x1F,
    0x8F, 0xC0, 0x0F, 0xC7, 0xE0, 0x07, 0xE3, 0xF0, 0x07, 0xE1, 0xF8, 0x03, 0xF0, 0xFC, 0x03, 0xF8,
    0x7F, 0x03, 0xF8, 0x3F, 0xFF, 0xFC, 0x0F, 0xFF, 0xFC, 0x03, 0xFF, 0xFC, 0x00, 0xFF, 0xFC, 0x00,
    0x3F, 0xF8, 0x00, 0x03, 0xE0, 0x00, 0x00, 0x3E, 0xFC, 0x01, 0xF3, 0xE0, 0x0F, 0xDF, 0x00, 0x3E,
    0xF8, 0x01, 0xF3, 0xE0, 0x00, 0x00, 0x00, 0x00, 0x00, 0x07, 0xC0, 0x7E, 0x3F, 0x01, 0xF8, 0xFC,
    0x07, 0xE3, 0xF0, 0x1F, 0x8F, 0xC0, 0x7E, 0x3F, 0x03, 0xF1, 0xF8, 0x0F, 0xC7, 0xE0, 0x3F, 0x1F,
    0x80, 0xFC, 0x7E, 0x03, 0xF1, 0xF8, 0x1F, 0x87, 0xE0, 0x7E, 0x3F, 0x83, 0xF8, 0x7F, 0xFF, 0xE1,
    0xFF, 0xFF, 0x87, 0xFF, 0xFC, 0x0F, 0xFF, 0xF0, 0x1F, 0xFF, 0xC0, 0x0E, 0x00, 0x00, 0x00, 0x00,
    0x00, 0x07, 0xE0, 0x0F, 0xC7, 0xF0, 0x07, 0xE3, 0xF0, 0x03, 0xF1, 0xF8, 0x01, 0xF8, 0xFC, 0x01,
    0xF8, 0x7E, 0x00, 0xFC, 0x7F, 0x00, 0x7E, 0x3F, 0x00, 0x3F, 0x1F, 0x80, 0x1F, 0x8F, 0xC0, 0x1F,
    0x87, 0xE0, 0x0F, 0xC7, 0xF0, 0x07, 0xE3, 0xF0, 0x03, 0xF1, 0xF8, 0x01, 0xF8, 0xFC, 0x01, 0xF8,
    0x7E, 0x00, 0xFC, 0x3F, 0x00, 0xFE, 0x1F, 0xC0, 0xFE, 0x0F, 0xFF, 0xFF, 0x03, 0xFF, 0xFF, 0x00,
    0xFF, 0xFF, 0x00, 0x3F, 0xFF, 0x00, 0x0F, 0xFE, 0x00, 0x01, 0xFC, 0x00, 0x01, 0xF0, 0x00, 0x01,
    0xF0, 0x00, 0x00, 0xF0, 0x00, 0x00, 0x7C, 0x80, 0x00, 0x3F, 0xC0, 0x00, 0x0F, 0xE0, 0x00, 0x03,
    0xE0, 0x00, 0x1F, 0x01, 0xF8, 0xFC, 0x07, 0xE3, 0xF0, 0x1F, 0x8F, 0xC0, 0x7E, 0x3F, 0x01, 0xF8,
    0xFC, 0x0F, 0xC7, 0xE0, 0x3F, 0x1F, 0x80, 0xFC, 0x7E, 0x03, 0xF1, 0xF8, 0x0F, 0xC7, 0xE0, 0x7E,
    0x1F, 0x81, 0xF8, 0xFE, 0x0F, 0xE1, 0xFF, 0xFF, 0x87, 0xFF, 0xFE, 0x1F, 0xFF, 0xF0, 0x3F, 0xFF,
    0xC0, 0x7F, 0xFF, 0x00, 0x39, 0xF8, 0x00, 0x0F, 0x80, 0x00, 0x3C, 0x00, 0x01, 0xE0, 0x00, 0x07,
    0xC8, 0x00, 0x1F, 0xE0, 0x00, 0x3F, 0x80, 0x00, 0x7E, 0x00, 0x00, 0xF1, 0xE0, 0x00, 0xFB, 0xE0,
    0x01, 0xFB, 0xE0, 0x01, 0xF3, 0xE0, 0x00, 0xF1, 0xC0, 0x00, 0x00, 0x00, 0x00, 0x00, 0x00, 0x7E,
    0x00, 0x3F, 0x7E, 0x00, 0x7E, 0x7E, 0x00, 0xFC, 0x3F, 0x01, 0xFC, 0x3F, 0x03, 0xF8, 0x1F, 0x83,
    0xF0, 0x1F, 0x87, 0xE0, 0x1F, 0x8F, 0xC0, 0x0F, 0xDF, 0xC0, 0x0F, 0xFF, 0x80, 0x07, 0xFF, 0x00,
    0x07, 0xFE, 0x00, 0x07, 0xFC, 0x00, 0x03, 0xFC, 0x00, 0x03, 0xF8, 0x00, 0x03, 0xF0, 0x00, 0x03,
    0xF0, 0x00, 0x03, 0xF0, 0x00, 0x03, 0xF0, 0x00, 0x07, 0xE0, 0x00, 0x07, 0xE0, 0x00, 0x07, 0xE0,
    0x00, 0x07, 0xE0, 0x00, 0x00, 0x00, 0x7E, 0x00, 0x00, 0x7E, 0x00, 0x00, 0x7E, 0x00, 0x00, 0xFC,
    0x00, 0x00, 0xFC, 0x00, 0x00, 0x00, 0x00, 0x00, 0x00, 0x00, 0x0F, 0xFF, 0xFF, 0x07, 0xFF, 0xFF,
    0x83, 0xFF, 0xFF, 0xC3, 0xFF, 0xFF, 0xC0, 0xFF, 0xFF, 0xC0, 0x00, 0x1F, 0xC0, 0x00, 0x1F, 0xC0,
    0x00, 0x1F, 0xC0, 0x00, 0x1F, 0xC0, 0x00, 0x1F, 0xC0, 0x00, 0x1F, 0xC0, 0x00, 0x1F, 0xC0, 0x00,
    0x1F, 0xC0, 0x00, 0x1F, 0xC0, 0x00, 0x1F, 0xC0, 0x00, 0x1F, 0xC0, 0x00, 0x1F, 0xC0, 0x00, 0x1F,
    0xC0, 0x00, 0x1F, 0xFF, 0xFE, 0x1F, 0xFF, 0xFF, 0x0F, 0xFF, 0xFF, 0x8F, 0xFF, 0xFF, 0x87, 0xFF,
    0xFF, 0xC0, 0x00, 0x07, 0xF0, 0x00, 0xFE, 0x00, 0x1F, 0x80, 0x03, 0xF0, 0x00, 0x7E, 0x00, 0x00,
    0x00, 0x00, 0x00, 0x00, 0xFF, 0xFF, 0x0F, 0xFF, 0xF1, 0xFF, 0xFE, 0x1F, 0xFF, 0xE0, 0xFF, 0xFC,
    0x00, 0x3F, 0x80, 0x07, 0xF0, 0x00, 0xFE, 0x00, 0x1F, 0xC0, 0x03, 0xF8, 0x00, 0x7F, 0x00, 0x0F,
    0xE0, 0x01, 0xFC, 0x00, 0x3F, 0x80, 0x07, 0xFF, 0xF8, 0x7F, 0xFF, 0x8F, 0xFF, 0xF8, 0xFF, 0xFF,
    0x80, 0x00, 0x03, 0xC0, 0x00, 0x03, 0xF0, 0x00, 0x01, 0xF8, 0x00, 0x00, 0xFC, 0x00, 0x00, 0x7E,
    0x00, 0x00, 0x1E, 0x00, 0x00, 0x00, 0x00, 0x00, 0x00, 0x00, 0x07, 0xFF, 0xFF, 0x83, 0xFF, 0xFF,
    0xC1, 0xFF, 0xFF, 0xE1, 0xFF, 0xFF, 0xE0, 0x7F, 0xFF, 0xE0, 0x00, 0x0F, 0xE0, 0x00, 0x0F, 0xE0,
    0x00, 0x0F, 0xE0, 0x00, 0x0F, 0xE0, 0x00, 0x0F, 0xE0, 0x00, 0x0F, 0xE0, 0x00, 0x0F, 0xE0, 0x00,
    0x0F, 0xE0, 0x00, 0x0F, 0xE0, 0x00, 0x0F, 0xE0, 0x00, 0x0F, 0xE0, 0x00, 0x0F, 0xE0, 0x00, 0x0F,
    0xE0, 0x00, 0x0F, 0xFF, 0xFF, 0x0F, 0xFF, 0xFF, 0x87, 0xFF, 0xFF, 0xC7, 0xFF, 0xFF, 0xC3, 0xFF,
    0xFF, 0xE0, 0x00, 0x1E, 0x00, 0x03, 0xF0, 0x00, 0x3F, 0x00, 0x03, 0xF0, 0x00, 0x3F, 0x00, 0x01,
    0xE0, 0x00, 0x00, 0x00, 0x00, 0x00, 0x0F, 0xFF, 0xF0, 0xFF, 0xFF, 0x1F, 0xFF, 0xE1, 0xFF, 0xFE,
    0x0F, 0xFF, 0xC0, 0x03, 0xF8, 0x00, 0x7F, 0x00, 0x0F, 0xE0, 0x01, 0xFC, 0x00, 0x3F, 0x80, 0x07,
    0xF0, 0x00, 0xFE, 0x00, 0x1F, 0xC0, 0x03, 0xF8, 0x00, 0x7F, 0xFF, 0x87, 0xFF, 0xF8, 0xFF, 0xFF,
    0x8F, 0xFF, 0xF8, 0x00, 0x7C, 0x3E, 0x00, 0x1F, 0x7E, 0x00, 0x07, 0xFE, 0x00, 0x03, 0xFE, 0x00,
    0x00, 0xFE, 0x00, 0x00, 0x00, 0x00, 0x00, 0x00, 0x00, 0x0F, 0xFF, 0xFF, 0x07, 0xFF, 0xFF, 0x83,
    0xFF, 0xFF, 0xC3, 0xFF, 0xFF, 0xC0, 0xFF, 0xFF, 0xC0, 0x00, 0x1F, 0xC0, 0x00, 0x1F, 0xC0, 0x00,
    0x1F, 0xC0, 0x00, 0x1F, 0xC0, 0x00, 0x1F, 0xC0, 0x00, 0x1F, 0xC0, 0x00, 0x1F, 0xC0, 0x00, 0x1F,
    0xC0, 0x00, 0x1F, 0xC0, 0x00, 0x1F, 0xC0, 0x00, 0x1F, 0xC0, 0x00, 0x1F, 0xC0, 0x00, 0x1F, 0xC0,
    0x00, 0x1F, 0xFF, 0xFE, 0x1F, 0xFF, 0xFF, 0x0F, 0xFF, 0xFF, 0x8F, 0xFF, 0xFF, 0x87, 0xFF, 0xFF,
    0xC0, 0x03, 0xE1, 0xF0, 0x1F, 0x3E, 0x00, 0xFF, 0xC0, 0x07, 0xF8, 0x00, 0x7F, 0x00, 0x00, 0x00,
    0x00, 0x00, 0x00, 0xFF, 0xFF, 0x0F, 0xFF, 0xF1, 0xFF, 0xFE, 0x1F, 0xFF, 0xE0, 0xFF, 0xFC, 0x00,
    0x3F, 0x80, 0x07, 0xF0, 0x00, 0xFE, 0x00, 0x1F, 0xC0, 0x03, 0xF8, 0x00, 0x7F, 0x00, 0x0F, 0xE0,
    0x01, 0xFC, 0x00, 0x3F, 0x80, 0x07, 0xFF, 0xF8, 0x7F, 0xFF, 0x8F, 0xFF, 0xF8, 0xFF, 0xFF, 0x80,
    0xFC, 0x1F, 0x83, 0xF0, 0x7C, 0x0F, 0x80, 0x0F, 0xE3, 0xF8, 0xFC, 0x3F, 0x0F, 0x80, 0x07, 0xE0,
    0x3F, 0xC1, 0xFF, 0x0F, 0xBE, 0x7C, 0x7C, 0x3E, 0x1D, 0xFC, 0xF7, 0xFF, 0xBD, 0xFE, 0xE1, 0xF0,
    0x00, 0x00, 0x7F, 0xFD, 0xFF, 0xF7, 0xFF, 0xC0, 0x00, 0xF0, 0x7F, 0x87, 0xFF, 0xFC, 0xFF, 0xC3,
    0xFC, 0x03, 0x00, 0x3C, 0xFD, 0xFB, 0xF7, 0xC7, 0x80, 0x38, 0xF3, 0xE7, 0x9F, 0x7E, 0xFB, 0xE7,
    0x8F, 0x00, 0x1E, 0x3F, 0x9F, 0xFC, 0x7E, 0x3F, 0x1D, 0xFE, 0x7E, 0x1C, 0x00, 0x1F, 0xBE, 0x1F,
    0x7E, 0x3E, 0x7C, 0x7C, 0xF8, 0x7D, 0xF0, 0xF8, 0x79, 0xF7, 0xE3, 0xFF, 0x0F, 0xF8, 0x1F, 0xC0,
    0x39, 0xF7, 0xDF, 0x79, 0xCF, 0x00, 0x07, 0x03, 0xC0, 0xF0, 0x7E, 0x0F, 0xC0, 0xF7, 0xF9, 0xFE,
    0x7E, 0x00, 0x02, 0x07, 0xC7, 0xC7, 0x87, 0x83, 0xC3, 0xE4, 0xFE, 0x7F, 0x9F, 0x80, 0x00, 0xFC,
    0x00, 0x00, 0xFC, 0x00, 0x00, 0xF8, 0x00, 0x00, 0xF8, 0x00, 0x00, 0xF8, 0x00, 0x00, 0x00, 0x00,
    0x00, 0x00, 0x07, 0xFF, 0xFE, 0x0F, 0xFF, 0xFC, 0x1F, 0xFF, 0xF8, 0x3F, 0xFF, 0xF0, 0xFF, 0xFF,
    0xC1, 0xF8, 0x00, 0x03, 0xF0, 0x00, 0x07, 0xE0, 0x00, 0x0F, 0xC0, 0x00, 0x3F, 0xFF, 0xE0, 0x7F,
    0xFF, 0xC0, 0xFF, 0xFF, 0x81, 0xFF, 0xFF, 0x03, 0xFF, 0xFC, 0x0F, 0xC0, 0x00, 0x1F, 0x80, 0x00,
    0x3F, 0x00, 0x00, 0x7E, 0x00, 0x00, 0xFF, 0xFF, 0xC3, 0xFF, 0xFF, 0x87, 0xFF, 0xFF, 0x0F, 0xFF,
    0xFE, 0x1F, 0xFF, 0xF8, 0x00, 0x00, 0x38, 0xF0, 0x00, 0xFB, 0xE0, 0x01, 0xF7, 0xE0, 0x03, 0xEF,
    0x80, 0x07, 0x8E, 0x00, 0x00, 0x00, 0x00, 0x00, 0x00, 0x07, 0xFF, 0xFE, 0x0F, 0xFF, 0xFC, 0x1F,
    0xFF, 0xF8, 0x3F, 0xFF, 0xF0, 0xFF, 0xFF, 0xC1, 0xF8, 0x00, 0x03, 0xF0, 0x00, 0x07, 0xE0, 0x00,
    0x0F, 0xC0, 0x00, 0x3F, 0xFF, 0xE0, 0x7F, 0xFF, 0xC0, 0xFF, 0xFF, 0x81, 0xFF, 0xFF, 0x03, 0xFF,
    0xFC, 0x0F, 0xC0, 0x00, 0x1F, 0x80, 0x00, 0x3F, 0x00, 0x00, 0x7E, 0x00, 0x00, 0xFF, 0xFF, 0xC3,
    0xFF, 0xFF, 0x87, 0xFF, 0xFF, 0x0F, 0xFF, 0xFE, 0x1F, 0xFF, 0xF8, 0x00, 0x00, 0x00, 0x00, 0x3F,
    0xFF, 0xFF, 0x1F, 0xFF, 0xFF, 0x1F, 0xFF, 0xFF, 0x8F, 0xFF, 0xFF, 0xC7, 0xFF, 0xFF, 0xE0, 0x07,
    0xE0, 0x00, 0x03, 0xF0, 0x00, 0x01, 0xF8, 0x00, 0x00, 0xFC, 0xF8, 0x00, 0xFF, 0xFF, 0x00, 0x7F,
    0xFF, 0xE0, 0x3F, 0xFF, 0xF0, 0x1F, 0xFF, 0xFC, 0x0F, 0xF0, 0xFE, 0x0F, 0xC0, 0x3F, 0x07, 0xE0,
    0x1F, 0x83, 0xF0, 0x0F, 0xC1, 0xF8, 0x0F, 0xE0, 0xFC, 0x1F, 0xE0, 0xFC, 0x7F, 0xF0, 0x7E, 0x3F,
    0xF0, 0x3F, 0x1F, 0xF0, 0x1F, 0x9F, 0xE0, 0x00, 0x03, 0x80, 0x00, 0x00, 0x03, 0xF0, 0x00, 0x1F,
    0x80, 0x00, 0xFC, 0x00, 0x07, 0xE0, 0x00, 0x3E, 0x00, 0x00, 0x00, 0x00, 0x00, 0x00, 0x03, 0xFF,
    0xFE, 0x0F, 0xFF, 0xF8, 0x3F, 0xFF, 0xE0, 0xFF, 0xFF, 0x87, 0xFF, 0xFC, 0x1F, 0x80, 0x00, 0x7E,
    0x00, 0x01, 0xF8, 0x00, 0x07, 0xE0, 0x00, 0x3F, 0x00, 0x00, 0xFC, 0x00, 0x03, 0xF0, 0x00, 0x0F,
    0xC0, 0x00, 0x3F, 0x00, 0x01, 0xF8, 0x00, 0x07, 0xE0, 0x00, 0x1F, 0x80, 0x00, 0x7E, 0x00, 0x01,
    0xF8, 0x00, 0x0F, 0xC0, 0x00, 0x3F, 0x00, 0x00, 0xFC, 0x00, 0x03, 0xF0, 0x00, 0x00, 0x00, 0x0F,
    0xC0, 0x00, 0x3F, 0xFC, 0x00, 0x7F, 0xFF, 0x80, 0x7F, 0xFF, 0xE0, 0x7F, 0xFF, 0xF0, 0x7F, 0xE7,
    0xF8, 0x7F, 0x80, 0xF0, 0x7F, 0x00, 0x30, 0x3F, 0x00, 0x00, 0x3F, 0x80, 0x00, 0x1F, 0xFF, 0xE0,
    0x0F, 0xFF, 0xF0, 0x0F, 0xFF, 0xF0, 0x07, 0xFF, 0xF8, 0x03, 0xFF, 0xFC, 0x01, 0xFC, 0x00, 0x00,
    0xFE, 0x00, 0x00, 0x3F, 0x80, 0x30, 0x1F, 0xE0, 0x3C, 0x0F, 0xFF, 0xFF, 0x03, 0xFF, 0xFF, 0x80,
    0xFF, 0xFF, 0x80, 0x3F, 0xFF, 0x80, 0x0F, 0xFF, 0x00, 0x00, 0xFC, 0x00, 0x00, 0x00, 0x3F, 0xC0,
    0x07, 0xFF, 0xE0, 0x3F, 0xFF, 0xC1, 0xFF, 0xFF, 0x0F, 0xFF, 0xF8, 0x7F, 0x83, 0xE1, 0xF8, 0x01,
    0x07, 0xE0, 0x00, 0x1F, 0x80, 0x00, 0x7F, 0x80, 0x01, 0xFF, 0xC0, 0x03, 0xFF, 0xE0, 0x07, 0xFF,
    0xC0, 0x0F, 0xFF, 0x80, 0x07, 0xFF, 0x00, 0x03, 0xFC, 0x00, 0x03, 0xF0, 0x00, 0x0F, 0xC7, 0x00,
    0x3F, 0x1F, 0x83, 0xFC, 0xFF, 0xFF, 0xE3, 0xFF, 0xFF, 0x0F, 0xFF, 0xF8, 0x0F, 0xFF, 0xC0, 0x03,
    0xF0, 0x00, 0x00, 0x00, 0xFC, 0x1F, 0x83, 0xF0, 0xFE, 0x1F, 0x83, 0xF0, 0x7E, 0x0F, 0xC3, 0xF8,
    0x7E, 0x0F, 0xC1, 0xF8, 0x3F, 0x0F, 0xE1, 0xF8, 0x3F, 0x07, 0xE0, 0xFC, 0x3F, 0x87, 0xE0, 0xFC,
    0x1F, 0x83, 0xF0, 0x0F, 0x1C, 0x1E, 0x7C, 0x7E, 0xF8, 0xF9, 0xF0, 0xF1, 0xC0, 0x00, 0x00, 0x00,
    0x03, 0xF0, 0x07, 0xE0, 0x0F, 0xC0, 0x3F, 0x80, 0x7E, 0x00, 0xFC, 0x01, 0xF8, 0x03, 0xF0, 0x0F,
    0xE0, 0x1F, 0x80, 0x3F, 0x00, 0x7E, 0x00, 0xFC, 0x03, 0xF8, 0x07, 0xE0, 0x0F, 0xC0, 0x1F, 0x80,
    0x3F, 0x00, 0xFE, 0x01, 0xF8, 0x03, 0xF0, 0x07, 0xE0, 0x0F, 0xC0, 0x00, 0x00, 0x00, 0x00, 0x1F,
    0xFF, 0x80, 0xFF, 0xFC, 0x07, 0xFF, 0xE0, 0x3F, 0xFF, 0x01, 0xFF, 0xF0, 0x00, 0x1F, 0x80, 0x00,
    0xFC, 0x00, 0x07, 0xE0, 0x00, 0x3F, 0x00, 0x03, 0xF0, 0x00, 0x1F, 0x80, 0x00, 0xFC, 0x00, 0x07,
    0xE0, 0x00, 0x3F, 0x00, 0x03, 0xF0, 0x00, 0x1F, 0x80, 0x80, 0xFC, 0x0E, 0x0F, 0xE0, 0xFC, 0xFE,
    0x0F, 0xFF, 0xF0, 0x7F, 0xFF, 0x01, 0xFF, 0xF0, 0x07, 0xFF, 0x00, 0x07, 0xC0, 0x00, 0x00, 0x00,
    0x01, 0xF0, 0x00, 0x00, 0x1F, 0xFF, 0xFC, 0x00, 0x00, 0x0F, 0xFF, 0xFC, 0x00, 0x00, 0x07, 0xFF,
    0xFE, 0x00, 0x00, 0x07, 0xFF, 0xFF, 0x00, 0x00, 0x03, 0xFF, 0xFF, 0x80, 0x00, 0x01, 0xF0, 0x1F,
    0xC0, 0x00, 0x00, 0xF8, 0x0F, 0xC0, 0x00, 0x00, 0xFC, 0x07, 0xFF, 0xF0, 0x00, 0x7E, 0x03, 0xFF,
    0xFE, 0x00, 0x3E, 0x01, 0xFF, 0xFF, 0x80, 0x1F, 0x01, 0xFF, 0xFF, 0xE0, 0x1F, 0x80, 0xFF, 0xFF,
    0xF0, 0x0F, 0xC0, 0x7E, 0x01, 0xF8, 0x07, 0xC0, 0x3F, 0x00, 0xFE, 0x07, 0xE0, 0x1F, 0x80, 0x7F,
    0x03, 0xF0, 0x1F, 0xC0, 0x3F, 0x03, 0xF0, 0x0F, 0xC0, 0x1F, 0x81, 0xF8, 0x07, 0xE0, 0x1F, 0xC7,
    0xFC, 0x03, 0xF0, 0x3F, 0xC7, 0xFC, 0x01, 0xFF, 0xFF, 0xE3, 0xFC, 0x01, 0xFF, 0xFF, 0xE1, 0xFE,
    0x00, 0xFF, 0xFF, 0xC1, 0xFE, 0x00, 0x7F, 0xFF, 0x80, 0x78, 0x00, 0x00, 0x00, 0x00, 0x00, 0x00,
    0x00, 0x0F, 0x80, 0x00, 0x7E, 0x00, 0x7E, 0x00, 0x03, 0xF0, 0x07, 0xF0, 0x00, 0x1F, 0x80, 0x3F,
    0x00, 0x00, 0xFC, 0x01, 0xF8, 0x00, 0x0F, 0xC0, 0x0F, 0xC0, 0x00, 0x7E, 0x00, 0x7E, 0x00, 0x03,
    0xF0, 0x07, 0xF0, 0x00, 0x1F, 0x80, 0x3F, 0x00, 0x00, 0xFF, 0xFF, 0xFF, 0xFC, 0x0F, 0xFF, 0xFF,
    0xFF, 0xF8, 0x7F, 0xFF, 0xFF, 0xFF, 0xE3, 0xFF, 0xFF, 0xFF, 0xFF, 0x1F, 0xFF, 0xFF, 0xFF, 0xFC,
    0xFC, 0x01, 0xF8, 0x0F, 0xEF, 0xC0, 0x0F, 0xC0, 0x3F, 0x7E, 0x00, 0x7E, 0x01, 0xFB, 0xF0, 0x07,
    0xF0, 0x1F, 0xDF, 0x80, 0x3F, 0x00, 0xFC, 0xFC, 0x01, 0xF8, 0x1F, 0xEF, 0xC0, 0x0F, 0xFF, 0xFE,
    0x7E, 0x00, 0x7F, 0xFF, 0xE3, 0xF0, 0x07, 0xFF, 0xFE, 0x1F, 0x80, 0x3F, 0xFF, 0xC0, 0x00, 0x00,
    0x00, 0x1F, 0xFF, 0xFF, 0x07, 0xFF, 0xFF, 0xC3, 0xFF, 0xFF, 0xF0, 0xFF, 0xFF, 0xFC, 0x3F, 0xFF,
    0xFE, 0x00, 0x1F, 0x80, 0x00, 0x07, 0xE0, 0x00, 0x01, 0xF8, 0x00, 0x00, 0x7E, 0x00, 0x00, 0x3F,
    0xFF, 0xC0, 0x0F, 0xFF, 0xF8, 0x03, 0xFF, 0xFF, 0x00, 0xFF, 0xFF, 0xE0, 0x3F, 0xFF, 0xF8, 0x1F,
    0xE0, 0xFE, 0x07, 0xE0, 0x1F, 0x81, 0xF8, 0x07, 0xE0, 0x7E, 0x01, 0xF8, 0x1F, 0x80, 0x7E, 0x0F,
    0xC0, 0x3F, 0x03, 0xF0, 0x0F, 0xC0, 0xFC, 0x03, 0xF0, 0x3F, 0x00, 0xFC, 0x00, 0x00, 0xFC, 0x00,
    0x00, 0x7E, 0x00, 0x00, 0x3F, 0x00, 0x00, 0x1F, 0x00, 0x00, 0x0F, 0x80, 0x00, 0x00, 0x00, 0x00,
    0x00, 0x00, 0x00, 0x3F, 0x00, 0x7F, 0x0F, 0xC0, 0x3F, 0x83, 0xF0, 0x1F, 0xC0, 0xFC, 0x0F, 0xE0,
    0x7F, 0x07, 0xF0, 0x1F, 0x83, 0xF8, 0x07, 0xE0, 0xFC, 0x01, 0xF8, 0x7E, 0x00, 0x7E, 0x3F, 0x80,
    0x3F, 0xFF, 0xC0, 0x0F, 0xFF, 0xE0, 0x03, 0xFF, 0xF0, 0x00, 0xFF, 0xFE, 0x00, 0x3F, 0xFF, 0x80,
    0x1F, 0xC7, 0xF0, 0x07, 0xE0, 0xFC, 0x01, 0xF8, 0x3F, 0x80, 0x7E, 0x07, 0xE0, 0x1F, 0x81, 0xF8,
    0x0F, 0xE0, 0x7F, 0x03, 0xF0, 0x0F, 0xC0, 0xFC, 0x03, 0xF8, 0x3F, 0x00, 0x7E, 0x00, 0x00, 0x3F,
    0x00, 0x00, 0x03, 0xF0, 0x00, 0x00, 0x3E, 0x00, 0x00, 0x03, 0xE0, 0x00, 0x00, 0x3E, 0x00, 0x00,
    0x00, 0x00, 0x00, 0x00, 0x00, 0x00, 0x7E, 0x00, 0x7E, 0x0F, 0xC0, 0x1F, 0xC1, 0xF8, 0x07, 0xF8,
    0x3F, 0x01, 0xFF, 0x0F, 0xC0, 0x7F, 0xE1, 0xF8, 0x1F, 0xF8, 0x3F, 0x07, 0xFF, 0x07, 0xE1, 0xFF,
    0xE0, 0xFC, 0x7F, 0xFC, 0x3F, 0x0F, 0xDF, 0x87, 0xE3, 0xF7, 0xE0, 0xFC, 0xFC, 0xFC, 0x1F, 0xBF,
    0x9F, 0x83, 0xFF, 0xE3, 0xF0, 0xFF, 0xF8, 0x7E, 0x1F, 0xFE, 0x1F, 0x83, 0xFF, 0x83, 0xF0, 0x7F,
    0xE0, 0x7E, 0x0F, 0xF8, 0x0F, 0xC3, 0xFE, 0x01, 0xF8, 0x7F, 0x80, 0x7E, 0x0F, 0xE0, 0x0F, 0xC1,
    0xF8, 0x01, 0xF8, 0x00, 0x00, 0x78, 0x3C, 0x00, 0x0F, 0x87, 0x80, 0x01, 0xFF, 0xF0, 0x00, 0x1F,
    0xFC, 0x00, 0x01, 0xFF, 0x00, 0x00, 0x0F, 0x80, 0x00, 0x00, 0x00, 0x00, 0xFC, 0x00, 0x7F, 0x1F,
    0xC0, 0x0F, 0xC1, 0xF8, 0x03, 0xF0, 0x3F, 0x00, 0xFC, 0x07, 0xE0, 0x3F, 0x80, 0x7E, 0x07, 0xE0,
    0x0F, 0xC1, 0xF8, 0x01, 0xF8, 0x7E, 0x00, 0x1F, 0x8F, 0xC0, 0x03, 0xF3, 0xF0, 0x00, 0x7E, 0xFC,
    0x00, 0x07, 0xFF, 0x80, 0x00, 0xFF, 0xE0, 0x00, 0x1F, 0xF8, 0x00, 0x01, 0xFE, 0x00, 0x00, 0x3F,
    0xC0, 0x00, 0x07, 0xF0, 0x00, 0x01, 0xFC, 0x00, 0x06, 0xFF, 0x00, 0x00, 0xFF, 0xE0, 0x00, 0x3F,
    0xF8, 0x00, 0x07, 0xFE, 0x00, 0x00, 0xFF, 0x00, 0x00, 0x0F, 0x80, 0x00, 0x00, 0x00, 0x00, 0x00,
    0x03, 0xF0, 0x03, 0xF0, 0xFC, 0x00, 0xFC, 0x3F, 0x00, 0x7E, 0x0F, 0xC0, 0x1F, 0x87, 0xE0, 0x07,
    0xE1, 0xF8, 0x01, 0xF8, 0x7E, 0x00, 0x7E, 0x1F, 0x80, 0x3F, 0x07, 0xE0, 0x0F, 0xC3, 0xF0, 0x03,
    0xF0, 0xFC, 0x00, 0xFC, 0x3F, 0x00, 0x3F, 0x0F, 0xC0, 0x1F, 0x83, 0xF0, 0x07, 0xE1, 0xF8, 0x01,
    0xF8, 0x7E, 0x00, 0x7E, 0x1F, 0x80, 0x1F, 0x87, 0xE0, 0x0F, 0xC1, 0xFF, 0xFF, 0xF0, 0xFF, 0xFF,
    0xFC, 0x3F, 0xFF, 0xFF, 0x0F, 0xFF, 0xFF, 0xC3, 0xFF, 0xFF, 0xE0, 0x00, 0xF8, 0x00, 0x00, 0x7E,
    0x00, 0x00, 0x1F, 0x80, 0x00, 0x07, 0xE0, 0x00, 0x01, 0xF0, 0x00, 0x00, 0x00, 0x00, 0x00, 0x00,
    0x00, 0x3F, 0x00, 0x00, 0x0F, 0xE0, 0x00, 0x03, 0xFE, 0x00, 0x00, 0x7F, 0xC0, 0x00, 0x1F, 0xF8,
    0x00, 0x07, 0xFF, 0x00, 0x00, 0xFF, 0xF0, 0x00, 0x3F, 0x7E, 0x00, 0x0F, 0xCF, 0xC0, 0x01, 0xF8,
    0xF8, 0x00, 0x7E, 0x1F, 0x80, 0x1F, 0xC3, 0xF0, 0x03, 0xF0, 0x7E, 0x00, 0xFC, 0x07, 0xC0, 0x1F,
    0xFF, 0xFC, 0x07, 0xFF, 0xFF, 0x81, 0xFF, 0xFF, 0xF0, 0x3F, 0xFF, 0xFE, 0x0F, 0xC0, 0x07, 0xE3,
    0xF8, 0x00, 0xFC, 0x7E, 0x00, 0x1F, 0x9F, 0xC0, 0x03, 0xF7, 0xF0, 0x00, 0x3F, 0x00, 0x00, 0x00,
    0x0F, 0xFF, 0xFF, 0x0F, 0xFF, 0xFE, 0x0F, 0xFF, 0xFE, 0x0F, 0xFF, 0xFE, 0x1F, 0xFF, 0xFC, 0x1F,
    0x80, 0x00, 0x1F, 0x80, 0x00, 0x1F, 0x80, 0x00, 0x1F, 0x80, 0x00, 0x3F, 0xFF, 0xE0, 0x3F, 0xFF,
    0xF8, 0x3F, 0xFF, 0xF8, 0x3F, 0xFF, 0xFC, 0x3F, 0x01, 0xFC, 0x7E, 0x00, 0xFC, 0x7E, 0x00, 0xFC,
    0x7E, 0x00, 0xFC, 0x7E, 0x01, 0xFC, 0x7E, 0x07, 0xFC, 0xFF, 0xFF, 0xF8, 0xFF, 0xFF, 0xF0, 0xFF,
    0xFF, 0xE0, 0xFF, 0xFF, 0x80, 0x00, 0x00, 0x00, 0x03, 0xFF, 0xFE, 0x01, 0xFF, 0xFF, 0x80, 0xFF,
    0xFF, 0xE0, 0xFF, 0xFF, 0xF8, 0x7E, 0x03, 0xFC, 0x3F, 0x00, 0xFE, 0x1F, 0x80, 0x7F, 0x0F, 0xC0,
    0x3F, 0x0F, 0xE0, 0x3F, 0x87, 0xFF, 0xFF, 0x83, 0xFF, 0xFF, 0x81, 0xFF, 0xFF, 0xC0, 0xFF, 0xFF,
    0xF0, 0xFF, 0xFF, 0xF8, 0x7E, 0x00, 0xFE, 0x3F, 0x00, 0x3F, 0x1F, 0x80, 0x1F, 0x8F, 0xC0, 0x1F,
    0xCF, 0xE0, 0x3F, 0xC7, 0xFF, 0xFF, 0xE3, 0xFF, 0xFF, 0xE1, 0xFF, 0xFF, 0xE0, 0xFF, 0xFF, 0xC0,
    0x00, 0x00, 0x00, 0x3F, 0xFF, 0xE0, 0xFF, 0xFF, 0x83, 0xFF, 0xFE, 0x0F, 0xFF, 0xF8, 0x7F, 0xFF,
    0xC1, 0xF8, 0x00, 0x07, 0xE0, 0x00, 0x1F, 0x80, 0x00, 0x7E, 0x00, 0x03, 0xF0, 0x00, 0x0F, 0xC0,
    0x00, 0x3F, 0x00, 0x00, 0xFC, 0x00, 0x03, 0xF0, 0x00, 0x1F, 0x80, 0x00, 0x7E, 0x00, 0x01, 0xF8,
    0x00, 0x07, 0xE0, 0x00, 0x1F, 0x80, 0x00, 0xFC, 0x00, 0x03, 0xF0, 0x00, 0x0F, 0xC0, 0x00, 0x3F,
    0x00, 0x00, 0x00, 0x00, 0x00, 0x00, 0x00, 0x7F, 0xFF, 0xF0, 0x01, 0xFF, 0xFF, 0x80, 0x07, 0xFF,
    0xFE, 0x00, 0x3F, 0xFF, 0xF8, 0x00, 0xFF, 0xFF, 0xE0, 0x03, 0xE0, 0x3F, 0x80, 0x0F, 0x80, 0xFC,
    0x00, 0x7E, 0x03, 0xF0, 0x01, 0xF8, 0x0F, 0xC0, 0x07, 0xC0, 0x3F, 0x00, 0x1F, 0x00, 0xFC, 0x00,
    0xFC, 0x07, 0xE0, 0x03, 0xF0, 0x1F, 0x80, 0x0F, 0x80, 0x7E, 0x00, 0x7E, 0x01, 0xF8, 0x01, 0xF0,
    0x07, 0xE0, 0x0F, 0xC0, 0x3F, 0x00, 0x7E, 0x00, 0xFC, 0x0F, 0xFF, 0xFF, 0xFE, 0x3F, 0xFF, 0xFF,
    0xF8, 0xFF, 0xFF, 0xFF, 0xE3, 0xFF, 0xFF, 0xFF, 0x9F, 0xFF, 0xFF, 0xFC, 0x7E, 0x00, 0x03, 0xF1,
    0xF8, 0x00, 0x0F, 0xC7, 0xE0, 0x00, 0x3F, 0x1F, 0x00, 0x00, 0xFC, 0xFC, 0x00, 0x03, 0xE0, 0x00,
    0x00, 0x00, 0x1F, 0xFF, 0xF8, 0x3F, 0xFF, 0xF0, 0x7F, 0xFF, 0xE0, 0xFF, 0xFF, 0xC3, 0xFF, 0xFF,
    0x07, 0xE0, 0x00, 0x0F, 0xC0, 0x00, 0x1F, 0x80, 0x00, 0x3F, 0x00, 0x00, 0xFF, 0xFF, 0x81, 0xFF,
    0xFF, 0x03, 0xFF, 0xFE, 0x07, 0xFF, 0xFC, 0x0F, 0xFF, 0xF0, 0x3F, 0x00, 0x00, 0x7E, 0x00, 0x00,
    0xFC, 0x00, 0x01, 0xF8, 0x00, 0x03, 0xFF, 0xFF, 0x0F, 0xFF, 0xFE, 0x1F, 0xFF, 0xFC, 0x3F, 0xFF,
    0xF8, 0x7F, 0xFF, 0xE0, 0x00, 0x00, 0x00, 0x00, 0x00, 0x03, 0xF0, 0x0F, 0xC0, 0x7F, 0x03, 0xF0,
    0x1F, 0x80, 0xFE, 0x03, 0xF8, 0x1F, 0x80, 0xFC, 0x01, 0xF8, 0x1F, 0x81, 0xF8, 0x01, 0xF8, 0x1F,
    0x83, 0xF8, 0x00, 0xFC, 0x1F, 0x87, 0xF0, 0x00, 0xFC, 0x3F, 0x0F, 0xE0, 0x00, 0xFC, 0x3F, 0x0F,
    0xC0, 0x00, 0x7E, 0x3F, 0x1F, 0x80, 0x00, 0x7F, 0xFF, 0xFF, 0x80, 0x00, 0x3F, 0xFF, 0xFF, 0x00,
    0x00, 0x7F, 0xFF, 0xFE, 0x00, 0x00, 0xFF, 0xFF, 0xFF, 0x00, 0x01, 0xFF, 0xFF, 0xFF, 0x00, 0x01,
    0xFC, 0x7E, 0x3F, 0x80, 0x03, 0xF8, 0x7E, 0x3F, 0x80, 0x07, 0xF0, 0xFC, 0x1F, 0x80, 0x0F, 0xF0,
    0xFC, 0x1F, 0xC0, 0x0F, 0xE0, 0xFC, 0x1F, 0xC0, 0x1F, 0xC0, 0xFC, 0x0F, 0xC0, 0x3F, 0x80, 0xFC,
    0x0F, 0xE0, 0x7F, 0x81, 0xF8, 0x0F, 0xE0, 0x7F, 0x01, 0xF8, 0x07, 0xF0, 0x00, 0x3F, 0x80, 0x03,
    0xFF, 0xE0, 0x1F, 0xFF, 0xE0, 0x3F, 0xFF, 0xE0, 0x7F, 0xFF, 0xE0, 0xFC, 0x3F, 0xC0, 0x80, 0x1F,
    0x80, 0x00, 0x3F, 0x00, 0x00, 0x7E, 0x00, 0x03, 0xF8, 0x07, 0xFF, 0xF0, 0x0F, 0xFF, 0xC0, 0x1F,
    0xFF, 0x00, 0x3F, 0xFF, 0x00, 0x7F, 0xFF, 0x00, 0x00, 0x7E, 0x00, 0x00, 0xFC, 0x00, 0x01, 0xF8,
    0xE0, 0x07, 0xF1, 0xF8, 0x3F, 0xE7, 0xFF, 0xFF, 0x9F, 0xFF, 0xFE, 0x1F, 0xFF, 0xF8, 0x0F, 0xFF,
    0xC0, 0x01, 0xF8, 0x00, 0x00, 0x00, 0x00, 0x01, 0xF8, 0x01, 0xF8, 0x3F, 0x00, 0x7F, 0x07, 0xE0,
    0x1F, 0xE0, 0xFC, 0x07, 0xFC, 0x3F, 0x01, 0xFF, 0x87, 0xE0, 0x7F, 0xE0, 0xFC, 0x1F, 0xFC, 0x1F,
    0x87, 0xFF, 0x83, 0xF1, 0xFF, 0xF0, 0xFC, 0x3F, 0x7E, 0x1F, 0x8F, 0xDF, 0x83, 0xF3, 0xF3, 0xF0,
    0x7E, 0xFE, 0x7E, 0x0F, 0xFF, 0x8F, 0xC3, 0xFF, 0xE1, 0xF8, 0x7F, 0xF8, 0x7E, 0x0F, 0xFE, 0x0F,
    0xC1, 0xFF, 0x81, 0xF8, 0x3F, 0xE0, 0x3F, 0x0F, 0xF8, 0x07, 0xE1, 0xFE, 0x01, 0xF8, 0x3F, 0x80,
    0x3F, 0x07, 0xE0, 0x07, 0xE0, 0x00, 0x3C, 0x1E, 0x00, 0x07, 0x83, 0xC0, 0x00, 0xFF, 0xF8, 0x00,
    0x0F, 0xFE, 0x00, 0x01, 0xFF, 0x80, 0x00, 0x0F, 0xC0, 0x00, 0x00, 0x00, 0x00, 0x7E, 0x00, 0x7E,
    0x0F, 0xC0, 0x1F, 0xC1, 0xF8, 0x07, 0xF8, 0x3F, 0x01, 0xFF, 0x0F, 0xC0, 0x7F, 0xE1, 0xF8, 0x1F,
    0xF8, 0x3F, 0x07, 0xFF, 0x07, 0xE1, 0xFF, 0xE0, 0xFC, 0x7F, 0xFC, 0x3F, 0x0F, 0xDF, 0x87, 0xE3,
    0xF7, 0xE0, 0xFC, 0xFC, 0xFC, 0x1F, 0xBF, 0x9F, 0x83, 0xFF, 0xE3, 0xF0, 0xFF, 0xF8, 0x7E, 0x1F,
    0xFE, 0x1F, 0x83, 0xFF, 0x83, 0xF0, 0x7F, 0xE0, 0x7E, 0x0F, 0xF8, 0x0F, 0xC3, 0xFE, 0x01, 0xF8,
    0x7F, 0x80, 0x7E, 0x0F, 0xE0, 0x0F, 0xC1, 0xF8, 0x01, 0xF8, 0x00, 0x00, 0x00, 0x00, 0x03, 0xF0,
    0x07, 0xF0, 0xFC, 0x03, 0xF8, 0x3F, 0x01, 0xFC, 0x0F, 0xC0, 0xFE, 0x07, 0xF0, 0x7F, 0x01, 0xF8,
    0x3F, 0x80, 0x7E, 0x0F, 0xC0, 0x1F, 0x87, 0xE0, 0x07, 0xE3, 0xF8, 0x03, 0xFF, 0xFC, 0x00, 0xFF,
    0xFE, 0x00, 0x3F, 0xFF, 0x00, 0x0F, 0xFF, 0xE0, 0x03, 0xFF, 0xF8, 0x01, 0xFC, 0x7F, 0x00, 0x7E,
    0x0F, 0xC0, 0x1F, 0x83, 0xF8, 0x07, 0xE0, 0x7E, 0x01, 0xF8, 0x1F, 0x80, 0xFE, 0x07, 0xF0, 0x3F,
    0x00, 0xFC, 0x0F, 0xC0, 0x3F, 0x83, 0xF0, 0x07, 0xE0, 0x00, 0x00, 0x00, 0x00, 0x01, 0xFF, 0xFF,
    0xC0, 0x0F, 0xFF, 0xFC, 0x00, 0x7F, 0xFF, 0xE0, 0x07, 0xFF, 0xFF, 0x00, 0x3F, 0xFF, 0xF8, 0x01,
    0xF0, 0x0F, 0xC0, 0x0F, 0x80, 0xFC, 0x00, 0xFC, 0x07, 0xE0, 0x07, 0xE0, 0x3F, 0x00, 0x3E, 0x01,
    0xF8, 0x01, 0xF0, 0x0F, 0xC0, 0x1F, 0x80, 0xFC, 0x00, 0xFC, 0x07, 0xE0, 0x07, 0xC0, 0x3F, 0x00,
    0x7E, 0x01, 0xF8, 0x03, 0xF0, 0x0F, 0xC0, 0x3F, 0x00, 0xFC, 0x01, 0xF8, 0x07, 0xE0, 0x7F, 0xC0,
    0x3F, 0x07, 0xFC, 0x01, 0xF8, 0x3F, 0xC0, 0x0F, 0xC1, 0xFE, 0x00, 0xFC, 0x1F, 0xE0, 0x07, 0xE0,
    0x78, 0x00, 0x00, 0x00, 0x00, 0x00, 0x00, 0x00, 0x1F, 0x80, 0x00, 0xFC, 0x3F, 0x00, 0x03, 0xF8,
    0x7F, 0x00, 0x07, 0xF0, 0xFE, 0x00, 0x1F, 0xC3, 0xFC, 0x00, 0x7F, 0x87, 0xFC, 0x01, 0xFF, 0x0F,
    0xF8, 0x03, 0xFE, 0x1F, 0xF8, 0x0F, 0xFC, 0x3F, 0xF0, 0x3F, 0xF0, 0xFF, 0xE0, 0xFF, 0xE1, 0xFF,
    0xE3, 0xFF, 0xC3, 0xFF, 0xC7, 0xFF, 0x87, 0xEF, 0xDF, 0xBF, 0x0F, 0x9F, 0xFE, 0x7C, 0x3F, 0x1F,
    0xF9, 0xF8, 0x7E, 0x3F, 0xE3, 0xF0, 0xFC, 0x3F, 0xC7, 0xE1, 0xF8, 0x7F, 0x0F, 0xC3, 0xE0, 0xFC,
    0x1F, 0x0F, 0xC0, 0xF0, 0x7E, 0x1F, 0x81, 0xE0, 0xFC, 0x3F, 0x00, 0x01, 0xF8, 0x7E, 0x00, 0x03,
    0xF0, 0x00, 0x00, 0x00, 0x03, 0xF0, 0x03, 0xF0, 0xFC, 0x00, 0xFC, 0x3F, 0x00, 0x3F, 0x0F, 0xC0,
    0x1F, 0xC7, 0xF0, 0x07, 0xE1, 0xF8, 0x01, 0xF8, 0x7E, 0x00, 0x7E, 0x1F, 0x80, 0x1F, 0x87, 0xE0,
    0x0F, 0xE3, 0xFF, 0xFF, 0xF0, 0xFF, 0xFF, 0xFC, 0x3F, 0xFF, 0xFF, 0x0F, 0xFF, 0xFF, 0xC3, 0xFF,
    0xFF, 0xF1, 0xFC, 0x01, 0xF8, 0x7E, 0x00, 0x7E, 0x1F, 0x80, 0x1F, 0x87, 0xE0, 0x07, 0xE1, 0xF8,
    0x03, 0xF8, 0xFE, 0x00, 0xFC, 0x3F, 0x00, 0x3F, 0x0F, 0xC0, 0x0F, 0xC3, 0xF0, 0x03, 0xF0, 0x00,
    0x1F, 0xC0, 0x00, 0x1F, 0xFF, 0x00, 0x07, 0xFF, 0xF8, 0x03, 0xFF, 0xFF, 0x80, 0xFF, 0xFF, 0xF8,
    0x3F, 0xF9, 0xFF, 0x07, 0xF0, 0x0F, 0xF1, 0xFC, 0x00, 0x7E, 0x3F, 0x00, 0x0F, 0xCF, 0xE0, 0x01,
    0xFD, 0xF8, 0x00, 0x3F, 0xBF, 0x00, 0x07, 0xFF, 0xE0, 0x00, 0xFF, 0xFC, 0x00, 0x1F, 0xBF, 0x80,
    0x03, 0xF7, 0xF0, 0x00, 0xFE, 0x7E, 0x00, 0x1F, 0x8F, 0xE0, 0x07, 0xF1, 0xFE, 0x03, 0xFC, 0x1F,
    0xFF, 0xFF, 0x83, 0xFF, 0xFF, 0xE0, 0x3F, 0xFF, 0xF8, 0x03, 0xFF, 0xFC, 0x00, 0x1F, 0xFE, 0x00,
    0x00, 0x7E, 0x00, 0x00, 0x00, 0x00, 0x00, 0x03, 0xFF, 0xFF, 0xF0, 0xFF, 0xFF, 0xFC, 0x3F, 0xFF,
    0xFF, 0x0F, 0xFF, 0xFF, 0x87, 0xFF, 0xFF, 0xE1, 0xF8, 0x01, 0xF8, 0x7E, 0x00, 0x7E, 0x1F, 0x80,
    0x1F, 0x87, 0xE0, 0x0F, 0xC3, 0xF0, 0x03, 0xF0, 0xFC, 0x00, 0xFC, 0x3F, 0x00, 0x3F, 0x0F, 0xC0,
    0x0F, 0xC3, 0xF0, 0x07, 0xE1, 0xF8, 0x01, 0xF8, 0x7E, 0x00, 0x7E, 0x1F, 0x80, 0x1F, 0x87, 0xE0,
    0x07, 0xE1, 0xF8, 0x03, 0xF0, 0xFC, 0x00, 0xFC, 0x3F, 0x00, 0x3F, 0x0F, 0xC0, 0x0F, 0xC3, 0xF0,
    0x03, 0xF0, 0x00, 0x00, 0x00, 0x07, 0xFF, 0xF0, 0x07, 0xFF, 0xFC, 0x07, 0xFF, 0xFE, 0x0F, 0xFF,
    0xFE, 0x0F, 0xFF, 0xFF, 0x0F, 0xC0, 0x7F, 0x0F, 0xC0, 0x3F, 0x0F, 0xC0, 0x3F, 0x1F, 0xC0, 0x3F,
    0x1F, 0x80, 0x3F, 0x1F, 0x80, 0x7F, 0x1F, 0x80, 0xFE, 0x1F, 0xFF, 0xFE, 0x3F, 0xFF, 0xFC, 0x3F,
    0xFF, 0xF8, 0x3F, 0xFF, 0xE0, 0x3F, 0xFF, 0x80, 0x3F, 0x00, 0x00, 0x7F, 0x00, 0x00, 0x7E, 0x00,
    0x00, 0x7E, 0x00, 0x00, 0x7E, 0x00, 0x00, 0x7E, 0x00, 0x00, 0x00, 0x1F, 0xE0, 0x00, 0x3F, 0xFC,
    0x00, 0x7F, 0xFF, 0x80, 0xFF, 0xFF, 0xE0, 0xFF, 0xFF, 0xF0, 0xFF, 0xE7, 0xF8, 0x7F, 0x80, 0x70,
    0x7F, 0x00, 0x10, 0x3F, 0x00, 0x00, 0x3F, 0x80, 0x00, 0x1F, 0x80, 0x00, 0x0F, 0xC0, 0x00, 0x0F,
    0xE0, 0x00, 0x07, 0xF0, 0x00, 0x03, 0xF8, 0x00, 0x01, 0xFC, 0x00, 0x00, 0x7E, 0x00, 0x00, 0x3F,
    0x80, 0x18, 0x1F, 0xE0, 0x1E, 0x07, 0xFF, 0xFF, 0x83, 0xFF, 0xFF, 0xC0, 0xFF, 0xFF, 0xC0, 0x3F,
    0xFF, 0xC0, 0x07, 0xFF, 0x80, 0x00, 0x7E, 0x00, 0x00, 0x00, 0x00, 0x01, 0xFF, 0xFF, 0xF7, 0xFF,
    0xFF, 0xBF, 0xFF, 0xFE, 0xFF, 0xFF, 0xFB, 0xFF, 0xFF, 0xE0, 0x1F, 0x80, 0x00, 0x7E, 0x00, 0x01,
    0xF8, 0x00, 0x07, 0xE0, 0x00, 0x3F, 0x00, 0x00, 0xFC, 0x00, 0x03, 0xF0, 0x00, 0x0F, 0xC0, 0x00,
    0x3F, 0x00, 0x01, 0xF8, 0x00, 0x07, 0xE0, 0x00, 0x1F, 0x80, 0x00, 0x7E, 0x00, 0x01, 0xF8, 0x00,
    0x0F, 0xC0, 0x00, 0x3F, 0x00, 0x00, 0xFC, 0x00, 0x03, 0xF0, 0x00, 0x00, 0x00, 0x00, 0x03, 0xF0,
    0x01, 0xFC, 0x7F, 0x00, 0x3F, 0x07, 0xE0, 0x0F, 0xC0, 0xFC, 0x03, 0xF0, 0x1F, 0x80, 0xFE, 0x01,
    0xF8, 0x1F, 0x80, 0x3F, 0x07, 0xE0, 0x07, 0xE1, 0xF8, 0x00, 0x7E, 0x3F, 0x00, 0x0F, 0xCF, 0xC0,
    0x01, 0xFB, 0xF0, 0x00, 0x1F, 0xFE, 0x00, 0x03, 0xFF, 0x80, 0x00, 0x7F, 0xE0, 0x00, 0x07, 0xF8,
    0x00, 0x00, 0xFF, 0x00, 0x00, 0x1F, 0xC0, 0x00, 0x07, 0xF0, 0x00, 0x1B, 0xFC, 0x00, 0x03, 0xFF,
    0x80, 0x00, 0xFF, 0xE0, 0x00, 0x1F, 0xF8, 0x00, 0x03, 0xFC, 0x00, 0x00, 0x3E, 0x00, 0x00, 0x00,
    0x00, 0x00, 0x00, 0x00, 0x00, 0x03, 0xF0, 0x00, 0x00, 0x07, 0xC0, 0x00, 0x01, 0xFF, 0xF0, 0x00,
    0x1F, 0xFF, 0xFC, 0x00, 0xFF, 0xFF, 0xFE, 0x03, 0xFF, 0xFF, 0xFE, 0x0F, 0xFF, 0xFF, 0xFC, 0x3F,
    0xE7, 0xE3, 0xFC, 0x7F, 0x0F, 0xC3, 0xF9, 0xF8, 0x1F, 0x83, 0xF3, 0xF0, 0x3F, 0x07, 0xEF, 0xC0,
    0x7C, 0x0F, 0xDF, 0x81, 0xF8, 0x1F, 0xBF, 0x03, 0xF0, 0x3F, 0x7E, 0x07, 0xE0, 0x7E, 0xFE, 0x0F,
    0xC1, 0xFC, 0xFC, 0x1F, 0x07, 0xF1, 0xFE, 0x7E, 0x7F, 0xC3, 0xFF, 0xFF, 0xFF, 0x03, 0xFF, 0xFF,
    0xFC, 0x03, 0xFF, 0xFF, 0xF0, 0x01, 0xFF, 0xFF, 0x80, 0x00, 0x7F, 0xF0, 0x00, 0x00, 0x3F, 0x00,
    0x00, 0x00, 0x7E, 0x00, 0x00, 0x00, 0x00, 0x00, 0x00, 0x00, 0x00, 0x00, 0x00, 0x3F, 0x80, 0xFF,
    0x03, 0xF8, 0x0F, 0xE0, 0x1F, 0x81, 0xFC, 0x01, 0xFC, 0x3F, 0x80, 0x0F, 0xC7, 0xF0, 0x00, 0xFE,
    0xFE, 0x00, 0x07, 0xFF, 0xC0, 0x00, 0x7F, 0xF8, 0x00, 0x03, 0xFF, 0x80, 0x00, 0x3F, 0xF0, 0x00,
    0x01, 0xFE, 0x00, 0x00, 0x3F, 0xE0, 0x00, 0x03, 0xFE, 0x00, 0x00, 0x7F, 0xF0, 0x00, 0x0F, 0xFF,
    0x00, 0x01, 0xFF, 0xF0, 0x00, 0x3F, 0xBF, 0x80, 0x07, 0xF3, 0xF8, 0x00, 0xFE, 0x1F, 0xC0, 0x1F,
    0xC1, 0xFC, 0x03, 0xFC, 0x0F, 0xE0, 0x7F, 0x80, 0xFE, 0x0F, 0xF0, 0x07, 0xF0, 0x00, 0x00, 0x00,
    0x03, 0xF0, 0x03, 0xF0, 0xFC, 0x00, 0xFC, 0x3F, 0x00, 0x7E, 0x0F, 0xC0, 0x1F, 0x87, 0xE0, 0x07,
    0xE1, 0xF8, 0x01, 0xF8, 0x7E, 0x00, 0x7E, 0x1F, 0x80, 0x3F, 0x07, 0xE0, 0x0F, 0xC3, 0xF0, 0x03,
    0xF0, 0xFC, 0x00, 0xFC, 0x3F, 0x00, 0x3F, 0x0F, 0xC0, 0x1F, 0x83, 0xF0, 0x07, 0xE1, 0xF8, 0x01,
    0xF8, 0x7E, 0x00, 0x7E, 0x1F, 0x80, 0x1F, 0x87, 0xE0, 0x0F, 0xC1, 0xFF, 0xFF, 0xFE, 0xFF, 0xFF,
    0xFF, 0xBF, 0xFF, 0xFF, 0xEF, 0xFF, 0xFF, 0xFB, 0xFF, 0xFF, 0xFE, 0x00, 0x00, 0x1F, 0x80, 0x00,
    0x07, 0xC0, 0x00, 0x03, 0xF0, 0x00, 0x00, 0xFC, 0x00, 0x00, 0x3F, 0x00, 0x00, 0x00, 0x00, 0x1F,
    0x80, 0x3F, 0x1F, 0x80, 0x3F, 0x3F, 0x00, 0x3F, 0x3F, 0x00, 0x7E, 0x3F, 0x00, 0x7E, 0x3F, 0x00,
    0x7E, 0x3F, 0x00, 0x7E, 0x7E, 0x00, 0x7E, 0x7E, 0x00, 0xFC, 0x7F, 0x00, 0xFC, 0x7F, 0x83, 0xFC,
    0x3F, 0xFF, 0xFC, 0x3F, 0xFF, 0xFC, 0x1F, 0xFF, 0xF8, 0x0F, 0xFF, 0xF8, 0x03, 0xFD, 0xF8, 0x00,
    0x01, 0xF8, 0x00, 0x01, 0xF8, 0x00, 0x03, 0xF0, 0x00, 0x03, 0xF0, 0x00, 0x03, 0xF0, 0x00, 0x03,
    0xF0, 0x00, 0x03, 0xF0, 0x00, 0x00, 0x00, 0x00, 0x00, 0xFC, 0x07, 0xE0, 0x7E, 0x0F, 0xC0, 0x7E,
    0x07, 0xE0, 0xFC, 0x0F, 0xC0, 0x7E, 0x0F, 0xC0, 0xFC, 0x07, 0xE1, 0xF8, 0x0F, 0xC0, 0x7E, 0x1F,
    0x80, 0xFC, 0x0F, 0xC1, 0xF8, 0x0F, 0xC0, 0xFC, 0x1F, 0x81, 0xF8, 0x0F, 0xC1, 0xF8, 0x1F, 0x80,
    0xFC, 0x3F, 0x01, 0xF8, 0x0F, 0xC3, 0xF0, 0x1F, 0x81, 0xF8, 0x3F, 0x01, 0xF8, 0x1F, 0x83, 0xF0,
    0x3F, 0x81, 0xF8, 0x3F, 0x03, 0xF0, 0x1F, 0x87, 0xF0, 0x3F, 0x01, 0xF8, 0x7E, 0x03, 0xF0, 0x3F,
    0x07, 0xE0, 0x3F, 0x03, 0xF0, 0x7E, 0x07, 0xF0, 0x3F, 0x07, 0xFF, 0xFF, 0xFF, 0xF0, 0xFF, 0xFF,
    0xFF, 0xFF, 0x0F, 0xFF, 0xFF, 0xFF, 0xE0, 0xFF, 0xFF, 0xFF, 0xFE, 0x0F, 0xFF, 0xFF, 0xFF, 0xE0,
    0x00, 0x00, 0x00, 0x00, 0x00, 0xFC, 0x07, 0xE0, 0x7E, 0x0F, 0xC0, 0x7E, 0x07, 0xE0, 0xFC, 0x0F,
    0xC0, 0x7E, 0x0F, 0xC0, 0xFC, 0x07, 0xE1, 0xF8, 0x0F, 0xC0, 0x7E, 0x1F, 0x80, 0xFC, 0x0F, 0xC1,
    0xF8, 0x0F, 0xC0, 0xFC, 0x1F, 0x81, 0xF8, 0x0F, 0xC1, 0xF8, 0x1F, 0x80, 0xFC, 0x3F, 0x01, 0xF8,
    0x0F, 0xC3, 0xF0, 0x1F, 0x81, 0xF8, 0x3F, 0x01, 0xF8, 0x1F, 0x83, 0xF0, 0x3F, 0x81, 0xF8, 0x3F,
    0x03, 0xF0, 0x1F, 0x87, 0xF0, 0x3F, 0x01, 0xF8, 0x7E, 0x03, 0xF0, 0x3F, 0x07, 0xE0, 0x3F, 0x03,
    0xF0, 0x7E, 0x07, 0xF0, 0x3F, 0x07, 0xFF, 0xFF, 0xFF, 0xFE, 0xFF, 0xFF, 0xFF, 0xFF, 0xEF, 0xFF,
    0xFF, 0xFF, 0xFE, 0xFF, 0xFF, 0xFF, 0xFF, 0xCF, 0xFF, 0xFF, 0xFF, 0xFC, 0x00, 0x00, 0x00, 0x0F,
    0xC0, 0x00, 0x00, 0x00, 0xFC, 0x00, 0x00, 0x00, 0x0F, 0xC0, 0x00, 0x00, 0x00, 0xF8, 0x00, 0x00,
    0x00, 0x0F, 0x80, 0x00, 0x00, 0x00, 0x3F, 0xFC, 0x00, 0x1F, 0xFE, 0x00, 0x1F, 0xFF, 0x00, 0x0F,
    0xFF, 0x80, 0x07, 0xFF, 0xC0, 0x00, 0x0F, 0xC0, 0x00, 0x07, 0xE0, 0x00, 0x03, 0xFF, 0xF8, 0x01,
    0xFF, 0xFF, 0x00, 0xFF, 0xFF, 0xC0, 0xFF, 0xFF, 0xF0, 0x7F, 0xFF, 0xF8, 0x3F, 0x01, 0xFC, 0x1F,
    0x80, 0x7E, 0x0F, 0xC0, 0x3F, 0x0F, 0xC0, 0x1F, 0x87, 0xE0, 0x0F, 0xC3, 0xF0, 0x0F, 0xE1, 0xF8,
    0x1F, 0xE0, 0xFF, 0xFF, 0xE0, 0xFF, 0xFF, 0xE0, 0x7F, 0xFF, 0xE0, 0x3F, 0xFF, 0xC0, 0x00, 0x00,
    0x00, 0x00, 0x03, 0xF0, 0x00, 0x03, 0xF0, 0xFC, 0x00, 0x00, 0xFC, 0x3F, 0x00, 0x00, 0x3F, 0x0F,
    0xC0, 0x00, 0x1F, 0xC7, 0xE0, 0x00, 0x07, 0xE1, 0xF8, 0x00, 0x01, 0xF8, 0x7E, 0x00, 0x00, 0x7E,
    0x1F, 0xFF, 0x80, 0x1F, 0x87, 0xFF, 0xFC, 0x0F, 0xE3, 0xFF, 0xFF, 0x83, 0xF0, 0xFF, 0xFF, 0xF0,
    0xFC, 0x3F, 0xFF, 0xFC, 0x3F, 0x0F, 0xC0, 0x7F, 0x0F, 0xC3, 0xF0, 0x0F, 0xC7, 0xF1, 0xF8, 0x03,
    0xF1, 0xF8, 0x7E, 0x00, 0xFC, 0x7E, 0x1F, 0x80, 0x7F, 0x1F, 0x87, 0xE0, 0x1F, 0xC7, 0xE1, 0xF8,
    0x1F, 0xE3, 0xF8, 0xFF, 0xFF, 0xF0, 0xFC, 0x3F, 0xFF, 0xF8, 0x3F, 0x0F, 0xFF, 0xFC, 0x0F, 0xC3,
    0xFF, 0xFC, 0x03, 0xF0, 0x00, 0x00, 0x00, 0x3F, 0x00, 0x00, 0xFC, 0x00, 0x03, 0xF0, 0x00, 0x0F,
    0xC0, 0x00, 0x7E, 0x00, 0x01, 0xF8, 0x00, 0x07, 0xE0, 0x00, 0x1F, 0xFF, 0x80, 0x7F, 0xFF, 0xC3,
    0xFF, 0xFF, 0x8F, 0xFF, 0xFF, 0x3F, 0xFF, 0xFC, 0xFC, 0x07, 0xF3, 0xF0, 0x0F, 0xDF, 0x80, 0x3F,
    0x7E, 0x00, 0xFD, 0xF8, 0x07, 0xF7, 0xE0, 0x1F, 0xDF, 0x81, 0xFE, 0xFF, 0xFF, 0xF3, 0xFF, 0xFF,
    0x8F, 0xFF, 0xFC, 0x3F, 0xFF, 0xC0, 0x00, 0x1F, 0x80, 0x00, 0x7F, 0xF8, 0x00, 0xFF, 0xFE, 0x01,
    0xFF, 0xFF, 0x80, 0xFF, 0xFF, 0xE0, 0x7F, 0x9F, 0xF0, 0x1E, 0x03, 0xFC, 0x04, 0x00, 0xFE, 0x00,
    0x00, 0x3F, 0x00, 0x00, 0x1F, 0x80, 0x1F, 0xFF, 0xC0, 0x0F, 0xFF, 0xE0, 0x0F, 0xFF, 0xF0, 0x07,
    0xFF, 0xF8, 0x03, 0xFF, 0xFC, 0x00, 0x00, 0xFC, 0x00, 0x00, 0xFE, 0x04, 0x00, 0xFE, 0x0F, 0x00,
    0xFF, 0x0F, 0xFF, 0xFF, 0x0F, 0xFF, 0xFF, 0x03, 0xFF, 0xFF, 0x00, 0xFF, 0xFE, 0x00, 0x1F, 0xFC,
    0x00, 0x01, 0xF0, 0x00, 0x00, 0x00, 0x00, 0x07, 0xF0, 0x00, 0xFC, 0x03, 0xFF, 0xC0, 0x0F, 0xC0,
    0x7F, 0xFF, 0x00, 0xFC, 0x1F, 0xFF, 0xF8, 0x0F, 0xC3, 0xFF, 0xFF, 0xC1, 0xF8, 0x7F, 0xFF, 0xFC,
    0x1F, 0x8F, 0xF0, 0x1F, 0xE1, 0xF8, 0xFE, 0x00, 0xFE, 0x1F, 0x9F, 0xC0, 0x07, 0xE1, 0xF9, 0xF8,
    0x00, 0x7F, 0x3F, 0xFF, 0x80, 0x07, 0xF3, 0xFF, 0xF8, 0x00, 0x7F, 0x3F, 0xFF, 0x00, 0x07, 0xF3,
    0xFF, 0xF0, 0x00, 0x7E, 0x3F, 0xFF, 0x00, 0x07, 0xE7, 0xE3, 0xF0, 0x00, 0xFE, 0x7E, 0x3F, 0x80,
    0x1F, 0xC7, 0xE3, 0xF8, 0x03, 0xFC, 0x7E, 0x1F, 0xC0, 0x7F, 0x87, 0xE1, 0xFF, 0xFF, 0xF0, 0xFC,
    0x0F, 0xFF, 0xFE, 0x0F, 0xC0, 0x7F, 0xFF, 0xC0, 0xFC, 0x03, 0xFF, 0xF8, 0x0F, 0xC0, 0x1F, 0xFE,
    0x00, 0x00, 0x00, 0x3F, 0x00, 0x00, 0x00, 0x00, 0x00, 0x00, 0x0F, 0xFF, 0xF0, 0x0F, 0xFF, 0xF8,
    0x0F, 0xFF, 0xFE, 0x07, 0xFF, 0xFF, 0x81, 0xFF, 0xFF, 0xE0, 0xFE, 0x01, 0xF8, 0x3F, 0x00, 0xFC,
    0x1F, 0xC0, 0x3F, 0x07, 0xE0, 0x0F, 0xC1, 0xF8, 0x03, 0xF0, 0x7E, 0x00, 0xFC, 0x1F, 0xC0, 0x7E,
    0x07, 0xFF, 0xFF, 0x80, 0xFF, 0xFF, 0xE0, 0x1F, 0xFF, 0xF8, 0x03, 0xFF, 0xFE, 0x00, 0xFF, 0xFF,
    0x00, 0x7F, 0x0F, 0xC0, 0x3F, 0x83, 0xF0, 0x1F, 0xC0, 0xFC, 0x0F, 0xE0, 0x3F, 0x03, 0xF0, 0x1F,
    0x81, 0xFC, 0x07, 0xE0, 0x00, 0x00, 0x00, 0x0F, 0xF3, 0xF0, 0xFF, 0xFF, 0x87, 0xFF, 0xFE, 0x3F,
    0xFF, 0xF9, 0xFF, 0xFF, 0xE7, 0xF0, 0x7F, 0xBF, 0x80, 0xFC, 0xFC, 0x03, 0xF3, 0xF0, 0x0F, 0xCF,
    0xC0, 0x3F, 0x3F, 0x00, 0xFC, 0xFC, 0x07, 0xE3, 0xF0, 0x3F, 0x8F, 0xF3, 0xFE, 0x1F, 0xFF, 0xF8,
    0x7F, 0xFF, 0xE0, 0xFF, 0xFF, 0x00, 0xFF, 0x7C, 0x00, 0xE0, 0x00, 0x00, 0x00, 0x00, 0x00, 0x03,
    0xF0, 0x01, 0xFF, 0xC0, 0x3F, 0xFF, 0x01, 0xFF, 0xFC, 0x0F, 0xFF, 0xE0, 0xFF, 0xF0, 0x03, 0xFC,
    0x00, 0x1F, 0xC0, 0x00, 0xFE, 0x00, 0x03, 0xF7, 0xF8, 0x1F, 0xFF, 0xF0, 0x7F, 0xFF, 0xE1, 0xFF,
    0xFF, 0xC7, 0xFC, 0xFF, 0x3F, 0xC0, 0xFC, 0xFE, 0x03, 0xFB, 0xF0, 0x0F, 0xEF, 0xC0, 0x3F, 0x3F,
    0x00, 0xFC, 0x7C, 0x07, 0xF1, 0xF8, 0x3F, 0x87, 0xFF, 0xFE, 0x0F, 0xFF, 0xF0, 0x1F, 0xFF, 0x80,
    0x3F, 0xF8, 0x00, 0x1F, 0x00, 0x00, 0x0F, 0xFF, 0x80, 0xFF, 0xFE, 0x1F, 0xFF, 0xE1, 0xFF, 0xFF,
    0x1F, 0x83, 0xF1, 0xF0, 0x3F, 0x1F, 0x03, 0xE3, 0xFF, 0xFE, 0x3F, 0xFF, 0xC3, 0xFF, 0xFC, 0x3F,
    0xFF, 0xC3, 0xE0, 0x7E, 0x7E, 0x07, 0xE7, 0xE0, 0x7E, 0x7F, 0xFF, 0xC7, 0xFF, 0xFC, 0x7F, 0xFF,
    0x8F, 0xFF, 0xE0, 0x0F, 0xFF, 0xE1, 0xFF, 0xFC, 0x7F, 0xFF, 0x0F, 0xFF, 0xE1, 0xFF, 0xFC, 0x3F,
    0x00, 0x07, 0xC0, 0x01, 0xF8, 0x00, 0x3F, 0x00, 0x07, 0xE0, 0x00, 0xFC, 0x00, 0x1F, 0x00, 0x07,
    0xE0, 0x00, 0xFC, 0x00, 0x1F, 0x80, 0x03, 0xF0, 0x00, 0x7E, 0x00, 0x1F, 0x80, 0x00, 0x00, 0x7F,
    0xFF, 0x80, 0x7F, 0xFF, 0xC0, 0x3F, 0xFF, 0xE0, 0x1F, 0xFF, 0xE0, 0x0F, 0xFF, 0xF0, 0x0F, 0xC1,
    0xF8, 0x07, 0xE0, 0xFC, 0x03, 0xE0, 0x7E, 0x01, 0xF0, 0x7E, 0x01, 0xF8, 0x3F, 0x00, 0xFC, 0x1F,
    0x80, 0xFC, 0x0F, 0xC0, 0x7E, 0x07, 0xE1, 0xFF, 0xFF, 0xF8, 0xFF, 0xFF, 0xFE, 0x7F, 0xFF, 0xFE,
    0x7F, 0xFF, 0xFF, 0x3F, 0xFF, 0xFF, 0x9F, 0x80, 0x0F, 0xCF, 0x80, 0x07, 0xE7, 0xC0, 0x03, 0xE3,
    0xE0, 0x01, 0xF0, 0x00, 0x00, 0x00, 0x7F, 0xC0, 0x3F, 0xFC, 0x0F, 0xFF, 0xE3, 0xFF, 0xFC, 0xFF,
    0x1F, 0xDF, 0x81, 0xFF, 0xE0, 0x1F, 0xFF, 0xFF, 0xFF, 0xFF, 0xFF, 0xFF, 0xFF, 0xFF, 0xFF, 0xFF,
    0xC0, 0x01, 0xF8, 0x04, 0x3F, 0xC3, 0x83, 0xFF, 0xF8, 0x3F, 0xFF, 0x83, 0xFF, 0xE0, 0x3F, 0xF8,
    0x00, 0xF0, 0x00, 0x0F, 0xC0, 0xFC, 0x1F, 0xC1, 0xF8, 0x3F, 0x0F, 0xE0, 0x7E, 0x0F, 0x83, 0xF0,
    0x1F, 0x87, 0xE1, 0xF8, 0x03, 0xF1, 0xF8, 0xFC, 0x00, 0xFC, 0x7E, 0x7F, 0x00, 0x1F, 0x9F, 0x9F,
    0x80, 0x07, 0xFF, 0xFF, 0xC0, 0x01, 0xFF, 0xFF, 0xE0, 0x00, 0x7F, 0xFF, 0xF8, 0x00, 0x3F, 0xFF,
    0xFE, 0x00, 0x1F, 0xFF, 0xFF, 0xC0, 0x0F, 0xE3, 0xE3, 0xF0, 0x03, 0xF1, 0xF8, 0xFE, 0x01, 0xFC,
    0x7E, 0x1F, 0x80, 0xFE, 0x1F, 0x87, 0xE0, 0x7F, 0x07, 0xE1, 0xFC, 0x3F, 0x81, 0xF0, 0x3F, 0x00,
    0x00, 0x00, 0x01, 0xFF, 0x81, 0xFF, 0xF8, 0x7F, 0xFF, 0x0F, 0xFF, 0xC3, 0xC3, 0xF0, 0x00, 0xFC,
    0x00, 0x3F, 0x03, 0xFF, 0x80, 0xFF, 0xC0, 0x3F, 0xF0, 0x0F, 0xFE, 0x00, 0x0F, 0x80, 0x03, 0xF7,
    0x01, 0xF9, 0xFF, 0xFE, 0xFF, 0xFF, 0x3F, 0xFF, 0x83, 0xFF, 0xC0, 0x1F, 0x00, 0x0F, 0xC0, 0x7E,
    0x1F, 0x81, 0xFC, 0x7E, 0x07, 0xF8, 0xFC, 0x1F, 0xE1, 0xF8, 0x7F, 0xC3, 0xF1, 0xFF, 0x87, 0xC7,
    0xFF, 0x1F, 0x9F, 0xFE, 0x3F, 0x7F, 0xFC, 0x7F, 0xFB, 0xF0, 0xFF, 0xF7, 0xE1, 0xFF, 0xCF, 0xC7,
    0xFF, 0x1F, 0x8F, 0xFC, 0x3F, 0x1F, 0xF0, 0xFC, 0x3F, 0xC1, 0xF8, 0x7F, 0x03, 0xF1, 0xFC, 0x07,
    0xE0, 0x00, 0xF0, 0x78, 0x01, 0xF1, 0xE0, 0x03, 0xFF, 0xC0, 0x03, 0xFF, 0x00, 0x03, 0xFC, 0x00,
    0x01, 0xE0, 0x00, 0x00, 0x00, 0x07, 0xE0, 0x3F, 0x0F, 0xC0, 0xFE, 0x3F, 0x03, 0xFC, 0x7E, 0x0F,
    0xF0, 0xFC, 0x3F, 0xE1, 0xF8, 0xFF, 0xC3, 0xE3, 0xFF, 0x8F, 0xCF, 0xFF, 0x1F, 0xBF, 0xFE, 0x3F,
    0xFD, 0xF8, 0x7F, 0xFB, 0xF0, 0xFF, 0xE7, 0xE3, 0xFF, 0x8F, 0xC7, 0xFE, 0x1F, 0x8F, 0xF8, 0x7E,
    0x1F, 0xE0, 0xFC, 0x3F, 0x81, 0xF8, 0xFE, 0x03, 0xF0, 0x0F, 0xC0, 0xFE, 0x1F, 0x83, 0xF8, 0x7E,
    0x0F, 0xE0, 0xFC, 0x1F, 0x81, 0xF8, 0x7E, 0x03, 0xF1, 0xF8, 0x07, 0xE7, 0xE0, 0x1F, 0xFF, 0x80,
    0x3F, 0xFE, 0x00, 0x7F, 0xFC, 0x00, 0xFF, 0xFC, 0x01, 0xFF, 0xF8, 0x07, 0xE3, 0xF8, 0x0F, 0xC3,
    0xF0, 0x1F, 0x87, 0xF0, 0x3F, 0x07, 0xE0, 0x7E, 0x0F, 0xE1, 0xF8, 0x0F, 0xC0, 0x00, 0xFF, 0xFF,
    0x01, 0xFF, 0xFE, 0x01, 0xFF, 0xFE, 0x01, 0xFF, 0xFE, 0x01, 0xFF, 0xFE, 0x03, 0xF0, 0x7E, 0x03,
    0xF0, 0x7C, 0x03, 0xE0, 0xFC, 0x03, 0xE0, 0xFC, 0x07, 0xE0, 0xFC, 0x07, 0xC0, 0xFC, 0x07, 0xC0,
    0xF8, 0x0F, 0xC1, 0xF8, 0x3F, 0x81, 0xF8, 0x7F, 0x81, 0xF8, 0x7F, 0x01, 0xF8, 0xFF, 0x01, 0xF0,
    0xFE, 0x03, 0xF0, 0x78, 0x00, 0x00, 0x0F, 0xC0, 0x07, 0xC1, 0xF8, 0x01, 0xF8, 0x7F, 0x80, 0x7F,
    0x0F, 0xF0, 0x1F, 0xE1, 0xFE, 0x07, 0xFC, 0x3F, 0xE0, 0xFF, 0x87, 0xFC, 0x3F, 0xE1, 0xFF, 0xCF,
    0xFC, 0x3F, 0xFB, 0xFF, 0x87, 0xDF, 0x7F, 0xF0, 0xFB, 0xFF, 0x7E, 0x1F, 0x3F, 0xCF, 0x87, 0xE7,
    0xF9, 0xF0, 0xFC, 0x7E, 0x3E, 0x1F, 0x0F, 0x8F, 0xC3, 0xE1, 0xE1, 0xF8, 0x7C, 0x18, 0x3E, 0x1F,
    0x80, 0x07, 0xC0, 0x0F, 0xC0, 0x7C, 0x1F, 0x81, 0xF8, 0x7E, 0x03, 0xF0, 0xFC, 0x07, 0xE1, 0xF8,
    0x0F, 0xC3, 0xF0, 0x1F, 0x87, 0xC0, 0x7E, 0x1F, 0xFF, 0xFC, 0x3F, 0xFF, 0xF8, 0x7F, 0xFF, 0xF0,
    0xFF, 0xFF, 0xE1, 0xFF, 0xFF, 0x87, 0xE0, 0x3F, 0x0F, 0xC0, 0x7E, 0x1F, 0x80, 0xFC, 0x3F, 0x01,
    0xF8, 0x7E, 0x07, 0xE1, 0xF8, 0x0F, 0xC0, 0x00, 0x00, 0x00, 0x3F, 0xE0, 0x0F, 0xFF, 0x81, 0xFF,
    0xFC, 0x3F, 0xFF, 0xE7, 0xFF, 0xFE, 0x7F, 0x07, 0xFF, 0xE0, 0x3F, 0xFC, 0x03, 0xFF, 0xC0, 0x3F,
    0xFC, 0x03, 0xFF, 0xC0, 0x3F, 0xFC, 0x07, 0xEF, 0xC0, 0xFE, 0xFF, 0x1F, 0xE7, 0xFF, 0xFC, 0x7F,
    0xFF, 0x83, 0xFF, 0xF0, 0x0F, 0xFC, 0x00, 0x1E, 0x00, 0x0F, 0xFF, 0xFC, 0x3F, 0xFF, 0xF1, 0xFF,
    0xFF, 0xC7, 0xFF, 0xFF, 0x1F, 0xFF, 0xF8, 0x7E, 0x07, 0xE1, 0xF0, 0x1F, 0x8F, 0xC0, 0x7E, 0x3F,
    0x01, 0xF8, 0xFC, 0x0F, 0xC3, 0xF0, 0x3F, 0x0F, 0x80, 0xFC, 0x7E, 0x03, 0xF1, 0xF8, 0x0F, 0xC7,
    0xE0, 0x3E, 0x1F, 0x81, 0xF8, 0x7E, 0x07, 0xE3, 0xF0, 0x1F, 0x80, 0x00, 0x00, 0x00, 0x0F, 0xBF,
    0xC0, 0x1F, 0xFF, 0xC0, 0x7F, 0xFF, 0xC0, 0xFF, 0xFF, 0xC1, 0xFF, 0xFF, 0xC3, 0xF8, 0x3F, 0x87,
    0xE0, 0x3F, 0x1F, 0x80, 0x7E, 0x3F, 0x00, 0xFC, 0x7E, 0x01, 0xF8, 0xFC, 0x03, 0xF1, 0xF8, 0x0F,
    0xE7, 0xF8, 0x1F, 0x8F, 0xF8, 0xFF, 0x1F, 0xFF, 0xFC, 0x3F, 0xFF, 0xF0, 0x7F, 0xFF, 0xC1, 0xF9,
    0xFF, 0x03, 0xF0, 0xF0, 0x07, 0xE0, 0x00, 0x0F, 0xC0, 0x00, 0x1F, 0x80, 0x00, 0x7E, 0x00, 0x00,
    0xFC, 0x00, 0x01, 0xF8, 0x00, 0x00, 0x00, 0x00, 0x00, 0x7F, 0xC0, 0x3F, 0xFE, 0x0F, 0xFF, 0xE3,
    0xFF, 0xFE, 0xFF, 0xFF, 0xDF, 0xC1, 0xF7, 0xF0, 0x18, 0xFC, 0x00, 0x1F, 0x80, 0x03, 0xF0, 0x00,
    0x7E, 0x00, 0x0F, 0xC0, 0x41, 0xF8, 0x0E, 0x3F, 0xC7, 0xE3, 0xFF, 0xFE, 0x7F, 0xFF, 0x87, 0xFF,
    0xE0, 0x3F, 0xF0, 0x00, 0xF0, 0x00, 0x7F, 0xFF, 0xDF, 0xFF, 0xFB, 0xFF, 0xFF, 0x7F, 0xFF, 0xEF,
    0xFF, 0xFC, 0x07, 0xC0, 0x01, 0xF8, 0x00, 0x3F, 0x00, 0x07, 0xE0, 0x00, 0xFC, 0x00, 0x1F, 0x00,
    0x07, 0xE0, 0x00, 0xFC, 0x00, 0x1F, 0x80, 0x03, 0xF0, 0x00, 0x7E, 0x00, 0x1F, 0x80, 0x03, 0xF0,
    0x00, 0x07, 0xC0, 0x1F, 0x81, 0xF8, 0x07, 0xE0, 0x7E, 0x03, 0xF0, 0x1F, 0x80, 0xF8, 0x07, 0xE0,
    0x7E, 0x00, 0xF8, 0x3F, 0x00, 0x3F, 0x0F, 0xC0, 0x0F, 0xC7, 0xE0, 0x03, 0xF1, 0xF0, 0x00, 0x7C,
    0xFC, 0x00, 0x1F, 0xFE, 0x00, 0x07, 0xFF, 0x00, 0x01, 0xFF, 0xC0, 0x00, 0x7F, 0xE0, 0x00, 0x0F,
    0xF8, 0x00, 0x03, 0xFC, 0x00, 0x00, 0xFE, 0x00, 0x00, 0x3F, 0x80, 0x00, 0x0F, 0xC0, 0x00, 0x87,
    0xE0, 0x00, 0x3F, 0xF8, 0x00, 0x1F, 0xFC, 0x00, 0x0F, 0xFE, 0x00, 0x03, 0xFF, 0x00, 0x00, 0x3F,
    0x00, 0x00, 0x00, 0x00, 0x01, 0xF0, 0x00, 0x00, 0x7C, 0x00, 0x00, 0x0F, 0x80, 0x00, 0x01, 0xF0,
    0x00, 0x00, 0x3E, 0x00, 0x00, 0x0F, 0xC0, 0x00, 0x01, 0xF0, 0x00, 0x03, 0xFF, 0xE0, 0x03, 0xFF,
    0xFF, 0x00, 0xFF, 0xFF, 0xF0, 0x7F, 0xFF, 0xFF, 0x1F, 0xFF, 0xFF, 0xF3, 0xF8, 0xF8, 0x7E, 0xFC,
    0x1F, 0x0F, 0xDF, 0x83, 0xE0, 0xFB, 0xE0, 0xFC, 0x1F, 0x7C, 0x1F, 0x03, 0xEF, 0x83, 0xE0, 0xFD,
    0xF0, 0x7C, 0x1F, 0xBF, 0x0F, 0x87, 0xE7, 0xFB, 0xF7, 0xFC, 0x7F, 0xFF, 0xFF, 0x0F, 0xFF, 0xFF,
    0xC0, 0xFF, 0xFF, 0xE0, 0x07, 0xFF, 0xF0, 0x00, 0x0F, 0xE0, 0x00, 0x01, 0xF0, 0x00, 0x00, 0x3E,
    0x00, 0x00, 0x07, 0xC0, 0x00, 0x00, 0xF8, 0x00, 0x00, 0x3F, 0x00, 0x00, 0x07, 0xC0, 0x00, 0x0F,
    0xC0, 0x7E, 0x07, 0xE0, 0xFC, 0x07, 0xE1, 0xFC, 0x03, 0xF3, 0xF8, 0x03, 0xF7, 0xF0, 0x01, 0xFF,
    0xE0, 0x01, 0xFF, 0xC0, 0x00, 0xFF, 0x80, 0x00, 0x7F, 0x00, 0x00, 0xFE, 0x00, 0x01, 0xFF, 0x00,
    0x03, 0xFF, 0x00, 0x07, 0xFF, 0x80, 0x0F, 0xFF, 0x80, 0x1F, 0xCF, 0xC0, 0x3F, 0x8F, 0xE0, 0x7F,
    0x07, 0xE0, 0xFE, 0x07, 0xF0, 0x0F, 0xC0, 0xFC, 0x3F, 0x03, 0xF1, 0xF8, 0x0F, 0xC7, 0xE0, 0x3E,
    0x1F, 0x81, 0xF8, 0x7E, 0x07, 0xE1, 0xF8, 0x1F, 0x8F, 0xC0, 0x7E, 0x3F, 0x01, 0xF0, 0xFC, 0x0F,
    0xC3, 0xF0, 0x3F, 0x0F, 0xC0, 0xFC, 0x7E, 0x03, 0xF1, 0xFF, 0xFF, 0xE7, 0xFF, 0xFF, 0xDF, 0xFF,
    0xFF, 0x7F, 0xFF, 0xFB, 0xFF, 0xFF, 0xE0, 0x00, 0x1F, 0x80, 0x00, 0x7E, 0x00, 0x01, 0xF8, 0x00,
    0x07, 0xC0, 0x7E, 0x03, 0xE7, 0xE0, 0x7E, 0x7E, 0x07, 0xE7, 0xE0, 0x7E, 0x7C, 0x07, 0xEF, 0xC0,
    0x7E, 0xFC, 0x0F, 0xCF, 0xC0, 0xFC, 0xFF, 0xFF, 0xC7, 0xFF, 0xFC, 0x7F, 0xFF, 0xC3, 0xFF, 0xF8,
    0x0F, 0xDF, 0x80, 0x01, 0xF8, 0x00, 0x1F, 0x80, 0x01, 0xF8, 0x00, 0x3F, 0x00, 0x03, 0xF0, 0x0F,
    0xC1, 0xF8, 0x3F, 0x0F, 0xC1, 0xF8, 0x3E, 0x1F, 0x83, 0xF0, 0x7E, 0x1F, 0x83, 0xF0, 0x7E, 0x1F,
    0x83, 0xF0, 0x7E, 0x1F, 0x83, 0xF0, 0x7E, 0x1F, 0x83, 0xF0, 0x7C, 0x3F, 0x07, 0xE0, 0xFC, 0x3F,
    0x07, 0xE0, 0xFC, 0x3F, 0x07, 0xE0, 0xFC, 0x3F, 0x07, 0xE0, 0xFC, 0x3F, 0x07, 0xE0, 0xF8, 0x7E,
    0x0F, 0xC1, 0xF8, 0x7F, 0xFF, 0xFF, 0xF8, 0x7F, 0xFF, 0xFF, 0xF8, 0x7F, 0xFF, 0xFF, 0xF8, 0x7F,
    0xFF, 0xFF, 0xF0, 0xFF, 0xFF, 0xFF, 0xF0, 0x0F, 0xC1, 0xF8, 0x3F, 0x0F, 0xC1, 0xF8, 0x3E, 0x1F,
    0x83, 0xF0, 0x7E, 0x1F, 0x83, 0xF0, 0x7E, 0x1F, 0x83, 0xF0, 0x7E, 0x1F, 0x83, 0xF0, 0x7E, 0x1F,
    0x83, 0xF0, 0x7C, 0x3F, 0x07, 0xE0, 0xFC, 0x3F, 0x07, 0xE0, 0xFC, 0x3F, 0x07, 0xE0, 0xFC, 0x3F,
    0x07, 0xE0, 0xFC, 0x3F, 0x07, 0xE0, 0xF8, 0x7E, 0x0F, 0xC1, 0xF8, 0x7F, 0xFF, 0xFF, 0xFE, 0x7F,
    0xFF, 0xFF, 0xFE, 0x7F, 0xFF, 0xFF, 0xFE, 0x7F, 0xFF, 0xFF, 0xFE, 0xFF, 0xFF, 0xFF, 0xFE, 0x00,
    0x00, 0x00, 0x7E, 0x00, 0x00, 0x00, 0x7C, 0x00, 0x00, 0x00, 0x7C, 0x00, 0x00, 0x00, 0x7C, 0x7F,
    0xF0, 0x07, 0xFF, 0x00, 0x3F, 0xF8, 0x01, 0xFF, 0xC0, 0x0F, 0xFE, 0x00, 0x03, 0xF0, 0x00, 0x1F,
    0xFF, 0x81, 0xFF, 0xFE, 0x0F, 0xFF, 0xF8, 0x7F, 0xFF, 0xC3, 0xF0, 0x7E, 0x1F, 0x03, 0xF1, 0xF8,
    0x1F, 0x8F, 0xC1, 0xFC, 0x7F, 0xFF, 0xC3, 0xFF, 0xFC, 0x1F, 0xFF, 0xC1, 0xFF, 0xF8, 0x00, 0x0F,
    0xC0, 0x03, 0xF0, 0xFC, 0x00, 0x3F, 0x1F, 0x80, 0x03, 0xF1, 0xF8, 0x00, 0x3E, 0x1F, 0x80, 0x07,
    0xE1, 0xF8, 0x00, 0x7E, 0x1F, 0xFF, 0x07, 0xE3, 0xFF, 0xFC, 0x7E, 0x3F, 0xFF, 0xCF, 0xC3, 0xFF,
    0xFE, 0xFC, 0x3F, 0x07, 0xEF, 0xC3, 0xF0, 0x7E, 0xFC, 0x7E, 0x07, 0xEF, 0xC7, 0xE0, 0xFD, 0xF8,
    0x7F, 0xFF, 0xDF, 0x87, 0xFF, 0xF9, 0xF8, 0x7F, 0xFF, 0x1F, 0x8F, 0xFF, 0xC1, 0xF8, 0x0F, 0xC0,
    0x01, 0xF8, 0x00, 0x7E, 0x00, 0x0F, 0xC0, 0x01, 0xF8, 0x00, 0x3F, 0x00, 0x07, 0xFF, 0xE1, 0xFF,
    0xFE, 0x3F, 0xFF, 0xE7, 0xFF, 0xFC, 0xFC, 0x1F, 0x9F, 0x83, 0xF7, 0xE0, 0x7E, 0xFC, 0x1F, 0xDF,
    0xFF, 0xF3, 0xFF, 0xFC, 0x7F, 0xFF, 0x1F, 0xFF, 0xC0, 0x00, 0x00, 0x00, 0x3F, 0xE0, 0x0F, 0xFF,
    0x81, 0xFF, 0xFC, 0x3F, 0xFF, 0xE1, 0xF0, 0xFE, 0x0C, 0x03, 0xF0, 0x00, 0x3F, 0x01, 0xFF, 0xF0,
    0x1F, 0xFF, 0x01, 0xFF, 0xF0, 0x3F, 0xFF, 0x00, 0x07, 0xE1, 0x00, 0xFE, 0x3C, 0x1F, 0xCF, 0xFF,
    0xFC, 0x7F, 0xFF, 0x87, 0xFF, 0xE0, 0x1F, 0xFC, 0x00, 0x3C, 0x00, 0x00, 0x00, 0x00, 0x00, 0x7E,
    0x07, 0xFC, 0x03, 0xF0, 0xFF, 0xF0, 0x3F, 0x0F, 0xFF, 0xC1, 0xF8, 0xFF, 0xFF, 0x0F, 0xCF, 0xFF,
    0xFC, 0x7E, 0xFE, 0x0F, 0xE3, 0xFF, 0xE0, 0x3F, 0x3F, 0xFF, 0x01, 0xF9, 0xFF, 0xF0, 0x0F, 0xCF,
    0xFF, 0x80, 0x7E, 0x7F, 0xFC, 0x03, 0xF3, 0xFF, 0xF0, 0x1F, 0xBF, 0x1F, 0x81, 0xF9, 0xF8, 0xFF,
    0x3F, 0xCF, 0xC7, 0xFF, 0xFC, 0x7E, 0x1F, 0xFF, 0xC3, 0xF0, 0x7F, 0xFC, 0x3F, 0x00, 0xFF, 0xC0,
    0x00, 0x00, 0xE0, 0x00, 0x00, 0xFF, 0xF8, 0x0F, 0xFF, 0xE0, 0xFF, 0xFF, 0x87, 0xFF, 0xFE, 0x1F,
    0xFF, 0xF8, 0x7E, 0x07, 0xC3, 0xF0, 0x1F, 0x0F, 0xC0, 0x7C, 0x3F, 0x83, 0xF0, 0x7F, 0xFF, 0xC1,
    0xFF, 0xFE, 0x03, 0xFF, 0xF8, 0x07, 0xFF, 0xE0, 0x3F, 0x1F, 0x81, 0xF8, 0x7E, 0x0F, 0xE1, 0xF0,
    0x7F, 0x07, 0xC3, 0xF8, 0x1F, 0x00, 0x03, 0xF0, 0x00, 0x7F, 0x00, 0x03, 0xE0, 0x00, 0x3E, 0x00,
    0x03, 0xE0, 0x00, 0x00, 0x00, 0x00, 0x00, 0x1F, 0xF0, 0x0F, 0xFF, 0x03, 0xFF, 0xF8, 0xFF, 0xFF,
    0x3F, 0xC7, 0xF7, 0xE0, 0x7F, 0xF8, 0x07, 0xFF, 0xFF, 0xFF, 0xFF, 0xFF, 0xFF, 0xFF, 0xFF, 0xFF,
    0xFF, 0xF0, 0x00, 0x7E, 0x01, 0x0F, 0xF0, 0xE0, 0xFF, 0xFE, 0x0F, 0xFF, 0xE0, 0xFF, 0xF8, 0x0F,
    0xFE, 0x00, 0x3C, 0x00, 0x01, 0xE3, 0x80, 0x7C, 0xF8, 0x0F, 0x9F, 0x01, 0xF3, 0xE0, 0x1C, 0x38,
    0x00, 0x00, 0x00, 0x00, 0x00, 0x1F, 0xF0, 0x0F, 0xFF, 0x03, 0xFF, 0xF8, 0xFF, 0xFF, 0x3F, 0xC7,
    0xF7, 0xE0, 0x7F, 0xF8, 0x07, 0xFF, 0xFF, 0xFF, 0xFF, 0xFF, 0xFF, 0xFF, 0xFF, 0xFF, 0xFF, 0xF0,
    0x00, 0x7E, 0x01, 0x0F, 0xF0, 0xE0, 0xFF, 0xFE, 0x0F, 0xFF, 0xE0, 0xFF, 0xF8, 0x0F, 0xFE, 0x00,
    0x3C, 0x00, 0x07, 0xE0, 0x00, 0x1F, 0x80, 0x03, 0xFF, 0xFC, 0x1F, 0xFF, 0xF0, 0x7F, 0xFF, 0xC1,
    0xFF, 0xFE, 0x00, 0xFC, 0x00, 0x03, 0xF7, 0xF0, 0x0F, 0xFF, 0xF0, 0x7F, 0xFF, 0xC1, 0xFF, 0xFF,
    0x87, 0xFF, 0xFE, 0x1F, 0xC1, 0xF8, 0x7E, 0x07, 0xE3, 0xF0, 0x1F, 0x8F, 0xC0, 0x7E, 0x3F, 0x01,
    0xF8, 0xFC, 0x07, 0xE3, 0xE0, 0x1F, 0x1F, 0x80, 0xFC, 0x7E, 0x03, 0xF1, 0xF8, 0x0F, 0xC7, 0xE0,
    0x3F, 0x1F, 0x00, 0xFC, 0xFC, 0x07, 0xE0, 0x00, 0x1F, 0x80, 0x00, 0x7E, 0x00, 0x3F, 0xF0, 0x00,
    0xFF, 0xC0, 0x07, 0xFE, 0x00, 0x1F, 0xF0, 0x00, 0x3F, 0x00, 0x00, 0x07, 0xE0, 0x00, 0xFC, 0x00,
    0x1F, 0x80, 0x03, 0xF0, 0x00, 0x7C, 0x00, 0x00, 0x00, 0x00, 0x00, 0x00, 0xFF, 0xFE, 0x0F, 0xFF,
    0xE1, 0xFF, 0xFC, 0x1F, 0xFF, 0xC1, 0xFF, 0xFC, 0x1F, 0x80, 0x01, 0xF0, 0x00, 0x3F, 0x00, 0x03,
    0xF0, 0x00, 0x3F, 0x00, 0x03, 0xF0, 0x00, 0x3E, 0x00, 0x07, 0xE0, 0x00, 0x7E, 0x00, 0x07, 0xE0,
    0x00, 0x7E, 0x00, 0x07, 0xE0, 0x00, 0xFC, 0x00, 0x00, 0x00, 0x00, 0x00, 0x07, 0xFC, 0x00, 0xFF,
    0xF8, 0x1F, 0xFF, 0xE1, 0xFF, 0xFF, 0x1F, 0xE1, 0xF0, 0xFC, 0x03, 0x0F, 0xC0, 0x00, 0x7F, 0xFC,
    0x03, 0xFF, 0xE0, 0x1F, 0xFF, 0x00, 0xFF, 0xF8, 0x07, 0xC0, 0x00, 0x3F, 0x00, 0x81, 0xFC, 0x1E,
    0x07, 0xFF, 0xF8, 0x3F, 0xFF, 0xC0, 0xFF, 0xFC, 0x01, 0xFF, 0x80, 0x01, 0xE0, 0x00, 0x00, 0x00,
    0x00, 0x3F, 0xF0, 0x1F, 0xFF, 0x87, 0xFF, 0xE1, 0xFF, 0xFC, 0x3F, 0x07, 0x07, 0xC0, 0x00, 0xFC,
    0x00, 0x1F, 0xFC, 0x03, 0xFF, 0xE0, 0x3F, 0xFE, 0x01, 0xFF, 0xE0, 0x03, 0xFC, 0x00, 0x1F, 0x8F,
    0x03, 0xF3, 0xFF, 0xFC, 0x7F, 0xFF, 0x8F, 0xFF, 0xE0, 0xFF, 0xF0, 0x01, 0xF0, 0x00, 0x03, 0xC0,
    0x7E, 0x0F, 0xE0, 0xFE, 0x07, 0xE0, 0x3C, 0x00, 0x00, 0x00, 0x0F, 0xC0, 0xF8, 0x1F, 0x81, 0xF8,
    0x1F, 0x81, 0xF8, 0x1F, 0x03, 0xF0, 0x3F, 0x03, 0xF0, 0x3F, 0x03, 0xE0, 0x7E, 0x07, 0xE0, 0x7E,
    0x07, 0xE0, 0x7C, 0x0F, 0xC0, 0x1E, 0x70, 0xF7, 0xCF, 0xBE, 0x3D, 0xF1, 0xE7, 0x00, 0x00, 0x00,
    0x01, 0xF8, 0x0F, 0x80, 0xFC, 0x07, 0xE0, 0x3F, 0x01, 0xF8, 0x0F, 0x80, 0xFC, 0x07, 0xE0, 0x3F,
    0x01, 0xF8, 0x0F, 0x80, 0xFC, 0x07, 0xE0, 0x3F, 0x01, 0xF8, 0x0F, 0x80, 0xFC, 0x00, 0x00, 0x07,
    0x80, 0x01, 0xF8, 0x00, 0x7F, 0x00, 0x0F, 0xE0, 0x00, 0xFC, 0x00, 0x0F, 0x00, 0x00, 0x00, 0x00,
    0x00, 0x00, 0x1F, 0x80, 0x03, 0xF0, 0x00, 0xFC, 0x00, 0x1F, 0x80, 0x03, 0xF0, 0x00, 0x7E, 0x00,
    0x0F, 0xC0, 0x03, 0xF0, 0x00, 0x7E, 0x00, 0x0F, 0xC0, 0x01, 0xF8, 0x00, 0x3F, 0x00, 0x0F, 0xC0,
    0x01, 0xF8, 0x00, 0x3F, 0x00, 0x07, 0xE0, 0x00, 0xFC, 0x00, 0x3F, 0x00, 0x07, 0xE0, 0x00, 0xFC,
    0x03, 0xFF, 0x00, 0x7F, 0xE0, 0x1F, 0xF8, 0x03, 0xFE, 0x00, 0x3F, 0x00, 0x00, 0x00, 0xFF, 0xFF,
    0x00, 0x00, 0xFF, 0xFF, 0x00, 0x00, 0x7F, 0xFF, 0x80, 0x00, 0x3F, 0xFF, 0xC0, 0x00, 0x1F, 0xFF,
    0xE0, 0x00, 0x1F, 0x83, 0xF0, 0x00, 0x0F, 0xC3, 0xFF, 0xF8, 0x07, 0xC1, 0xFF, 0xFE, 0x03, 0xE0,
    0xFF, 0xFF, 0x03, 0xF0, 0x7F, 0xFF, 0xC1, 0xF0, 0x3F, 0x07, 0xE0, 0xF8, 0x3F, 0x03, 0xF0, 0xFC,
    0x1F, 0x81, 0xF9, 0xFC, 0x0F, 0xC1, 0xFD, 0xFE, 0x07, 0xFF, 0xFC, 0xFE, 0x03, 0xFF, 0xFC, 0xFF,
    0x03, 0xFF, 0xFC, 0x7F, 0x01, 0xFF, 0xF8, 0x1E, 0x00, 0x00, 0x00, 0x00, 0x0F, 0xC0, 0xFC, 0x00,
    0x1F, 0x81, 0xF8, 0x00, 0x7E, 0x03, 0xF0, 0x00, 0xFC, 0x07, 0xE0, 0x01, 0xF8, 0x0F, 0x80, 0x03,
    0xF0, 0x3F, 0x00, 0x07, 0xFF, 0xFF, 0xF8, 0x1F, 0xFF, 0xFF, 0xFC, 0x3F, 0xFF, 0xFF, 0xFC, 0x7F,
    0xFF, 0xFF, 0xFC, 0xFF, 0xFF, 0xC3, 0xF9, 0xF8, 0x1F, 0x83, 0xF7, 0xE0, 0x3F, 0x07, 0xEF, 0xC0,
    0x7E, 0x1F, 0xDF, 0x80, 0xFF, 0xFF, 0x3F, 0x03, 0xFF, 0xFE, 0x7E, 0x07, 0xFF, 0xF9, 0xF8, 0x0F,
    0xFF, 0xC0, 0x07, 0xE0, 0x00, 0x1F, 0x80, 0x07, 0xFF, 0xF8, 0x1F, 0xFF, 0xE0, 0xFF, 0xFF, 0x83,
    0xFF, 0xFE, 0x00, 0xFC, 0x00, 0x03, 0xF7, 0xF0, 0x0F, 0xFF, 0xF0, 0x7F, 0xFF, 0xC1, 0xFF, 0xFF,
    0x87, 0xFF, 0xFE, 0x1F, 0xC1, 0xF8, 0x7E, 0x07, 0xE3, 0xF0, 0x1F, 0x8F, 0xC0, 0x7E, 0x3F, 0x01,
    0xF8, 0xFC, 0x07, 0xE3, 0xE0, 0x1F, 0x1F, 0x80, 0xFC, 0x7E, 0x03, 0xF1, 0xF8, 0x0F, 0xC7, 0xE0,
    0x3F, 0x1F, 0x00, 0xF8, 0xFC, 0x07, 0xE0, 0x00, 0x03, 0xF8, 0x00, 0x0F, 0xE0, 0x00, 0x3F, 0x00,
    0x00, 0xFC, 0x00, 0x03, 0xE0, 0x00, 0x00, 0x00, 0x00, 0x00, 0x00, 0x07, 0xE0, 0x7F, 0x0F, 0xC1,
    0xFC, 0x3F, 0x07, 0xF0, 0x7E, 0x0F, 0xC0, 0xFC, 0x3F, 0x01, 0xF8, 0xFC, 0x03, 0xF3, 0xF0, 0x0F,
    0xFF, 0xC0, 0x1F, 0xFF, 0x00, 0x3F, 0xFE, 0x00, 0x7F, 0xFE, 0x00, 0xFF, 0xFC, 0x03, 0xF1, 0xFC,
    0x07, 0xE1, 0xF8, 0x0F, 0xC3, 0xF8, 0x1F, 0x83, 0xF0, 0x3F, 0x07, 0xF0, 0xFC, 0x07, 0xE0, 0x00,
    0xFC, 0x00, 0x01, 0xFC, 0x00, 0x00, 0xF8, 0x00, 0x00, 0xF8, 0x00, 0x00, 0xF8, 0x00, 0x00, 0x00,
    0x00, 0x00, 0x00, 0x07, 0xE0, 0x3F, 0x0F, 0xC0, 0xFE, 0x3F, 0x03, 0xFC, 0x7E, 0x0F, 0xF0, 0xFC,
    0x3F, 0xE1, 0xF8, 0xFF, 0xC3, 0xE3, 0xFF, 0x8F, 0xCF, 0xFF, 0x1F, 0xBF, 0xFE, 0x3F, 0xFD, 0xF8,
    0x7F, 0xFB, 0xF0, 0xFF, 0xE7, 0xE3, 0xFF, 0x8F, 0xC7, 0xFE, 0x1F, 0x8F, 0xF8, 0x7E, 0x1F, 0xE0,
    0xFC, 0x3F, 0x81, 0xF8, 0xFE, 0x03, 0xF0, 0x00, 0x3C, 0x3C, 0x00, 0x0F, 0x1F, 0x00, 0x03, 0xFF,
    0x80, 0x00, 0xFF, 0xE0, 0x00, 0x1F, 0xF0, 0x00, 0x01, 0xE0, 0x00, 0x00, 0x00, 0x00, 0x1F, 0x00,
    0x7E, 0x07, 0xE0, 0x1F, 0x81, 0xF8, 0x0F, 0xC0, 0x7E, 0x03, 0xE0, 0x1F, 0x81, 0xF8, 0x03, 0xE0,
    0xFC, 0x00, 0xFC, 0x3F, 0x00, 0x3F, 0x1F, 0x80, 0x0F, 0xC7, 0xC0, 0x01, 0xF3, 0xF0, 0x00, 0x7F,
    0xF8, 0x00, 0x1F, 0xFC, 0x00, 0x07, 0xFF, 0x00, 0x01, 0xFF, 0x80, 0x00, 0x3F, 0xE0, 0x00, 0x0F,
    0xF0, 0x00, 0x03, 0xF8, 0x00, 0x00, 0xFE, 0x00, 0x00, 0x3F, 0x00, 0x02, 0x1F, 0x80, 0x00, 0xFF,
    0xE0, 0x00, 0x7F, 0xF0, 0x00, 0x3F, 0xF8, 0x00, 0x0F, 0xFC, 0x00, 0x00, 0xFC, 0x00, 0x00, 0x0F,
    0xC0, 0xF8, 0x3F, 0x07, 0xE1, 0xF8, 0x1F, 0x87, 0xE0, 0x7E, 0x1F, 0x81, 0xF8, 0x7E, 0x07, 0xC1,
    0xF8, 0x3F, 0x0F, 0xC0, 0xFC, 0x3F, 0x03, 0xF0, 0xFC, 0x0F, 0xC3, 0xF0, 0x3E, 0x0F, 0xC1, 0xF8,
    0x7E, 0x07, 0xE1, 0xFF, 0xFF, 0x87, 0xFF, 0xFE, 0x1F, 0xFF, 0xF0, 0x7F, 0xFF, 0xC3, 0xFF, 0xFF,
    0x00, 0x3F, 0x00, 0x00, 0xFC, 0x00, 0x03, 0xE0, 0x00, 0x0F, 0x80, 0x00, 0x01, 0xF8, 0x00, 0x00,
    0xFC, 0x00, 0x00, 0x7E, 0x00, 0x0F, 0xFF, 0xFC, 0x0F, 0xFF, 0xFE, 0x07, 0xFF, 0xFF, 0x03, 0xFF,
    0xFF, 0x80, 0x07, 0xE0, 0x00, 0x03, 0xF0, 0x00, 0x03, 0xFF, 0xF0, 0x01, 0xFF, 0xFF, 0x00, 0xFF,
    0xFF, 0xC0, 0x7F, 0xFF, 0xF0, 0x3F, 0xFF, 0xF8, 0x3F, 0x01, 0xFE, 0x1F, 0x80, 0x7F, 0x0F, 0xC0,
    0x3F, 0x87, 0xE0, 0x1F, 0x83, 0xF0, 0x0F, 0xC3, 0xF0, 0x0F, 0xE1, 0xF8, 0x1F, 0xE0, 0xFF, 0xFF,
    0xF0, 0x7F, 0xFF, 0xF0, 0x3F, 0xFF, 0xF0, 0x3F, 0xFF, 0xE0, 0x00, 0x03, 0xE0, 0x00, 0x7E, 0x00,
    0x07, 0xE0, 0x00, 0x7E, 0x00, 0x07, 0xE0, 0x00, 0x7C, 0x00, 0x7F, 0xFF, 0x8F, 0xFF, 0xF0, 0xFF,
    0xFF, 0x0F, 0xFF, 0xF0, 0x0F, 0x80, 0x01, 0xF8, 0x00, 0x1F, 0x80, 0x01, 0xFF, 0xF8, 0x1F, 0xFF,
    0xC1, 0xFF, 0xFE, 0x3F, 0xFF, 0xE3, 0xF0, 0x7E, 0x3F, 0x03, 0xE3, 0xF0, 0x7E, 0x3F, 0x0F, 0xE7,
    0xFF, 0xFE, 0x7F, 0xFF, 0xC7, 0xFF, 0xF8, 0x7F, 0xFE, 0x00, 0x00, 0x00, 0x00, 0x00, 0x00, 0x7F,
    0xFF, 0xFF, 0xC0, 0x3F, 0xFF, 0xFF, 0xE0, 0x3F, 0xFF, 0xFF, 0xE0, 0x1F, 0xFF, 0xFF, 0xF0, 0x07,
    0xE0, 0x03, 0xF0, 0x01, 0xF8, 0x07, 0xF0, 0x00, 0x7E, 0x07, 0xF0, 0x00, 0x3F, 0x87, 0xF0, 0x00,
    0x0F, 0xC7, 0xE0, 0x00, 0x03, 0xF7, 0xE0, 0x00, 0x03, 0xFF, 0xF8, 0x00, 0x07, 0xFF, 0xFF, 0x00,
    0x0F, 0xFF, 0xFF, 0x80, 0x0F, 0xFF, 0xFF, 0xE0, 0x0F, 0xF3, 0xE7, 0xF8, 0x07, 0xE1, 0xF1, 0xFC,
    0x07, 0xE1, 0xF8, 0x7E, 0x07, 0xF0, 0xFC, 0x3F, 0x03, 0xF0, 0x7C, 0x0F, 0xC3, 0xF0, 0x3E, 0x07,
    0xE1, 0xF8, 0x1F, 0x03, 0xF1, 0xF8, 0x1F, 0x81, 0xF9, 0xFC, 0x0F, 0xC0, 0xFC, 0x03, 0xFF, 0xFF,
    0xE0, 0x7F, 0xFF, 0xFC, 0x0F, 0xFF, 0xFF, 0x01, 0xFF, 0xFF, 0xE0, 0x3F, 0x01, 0xF8, 0x03, 0xF0,
    0x7E, 0x00, 0x3F, 0x3F, 0x00, 0x03, 0xFF, 0xC0, 0x00, 0xFF, 0xFC, 0x00, 0x7F, 0xFF, 0xC0, 0x1F,
    0xFF, 0xFC, 0x07, 0xFF, 0xFF, 0x81, 0xF9, 0xF9, 0xF8, 0x3E, 0x3E, 0x3F, 0x0F, 0xC7, 0xC3, 0xE1,
    0xF0, 0xF8, 0x7C, 0x7E, 0x1F, 0x0F, 0xDF, 0x87, 0xE1, 0xF8, 0x00, 0x0F, 0xE0, 0x00, 0x0F, 0xFF,
    0x00, 0x07, 0xFF, 0xF8, 0x03, 0xFF, 0xFF, 0x80, 0xFF, 0xFF, 0xF8, 0x3F, 0xF9, 0xFF, 0x87, 0xF8,
    0x07, 0xF1, 0xFC, 0x00, 0x7E, 0x3F, 0x00, 0x0F, 0xEF, 0xE0, 0x01, 0xFD, 0xFF, 0xFF, 0xFF, 0xBF,
    0xFF, 0xFF, 0xF7, 0xFF, 0xFF, 0xFF, 0xFF, 0xFF, 0xFF, 0xBF, 0x80, 0x03, 0xF3, 0xF0, 0x00, 0xFE,
    0x7E, 0x00, 0x1F, 0xCF, 0xE0, 0x07, 0xF1, 0xFE, 0x03, 0xFC, 0x1F, 0xFF, 0xFF, 0x83, 0xFF, 0xFF,
    0xE0, 0x3F, 0xFF, 0xF8, 0x03, 0xFF, 0xFC, 0x00, 0x1F, 0xFE, 0x00, 0x00, 0x7E, 0x00, 0x00, 0x03,
    0xFE, 0x00, 0xFF, 0xF8, 0x1F, 0xFF, 0xC3, 0xFF, 0xFE, 0x7F, 0xFF, 0xE7, 0xE0, 0x7F, 0xFC, 0x03,
    0xFF, 0xFF, 0xFF, 0xFF, 0xFF, 0xFF, 0xFF, 0xFF, 0xFF, 0xFF, 0xFF, 0xC0, 0x7E, 0xFC, 0x07, 0xEF,
    0xF1, 0xFC, 0x7F, 0xFF, 0xC7, 0xFF, 0xF8, 0x3F, 0xFF, 0x00, 0xFF, 0xC0, 0x01, 0xE0, 0x00, 0x00,
    0x00, 0x0F, 0xBF, 0x00, 0x0F, 0xFF, 0xE0, 0x07, 0xFB, 0xF8, 0x03, 0xFE, 0x7E, 0x01, 0xFF, 0x9F,
    0x80, 0x7F, 0xE7, 0xE0, 0x3F, 0x81, 0xF8, 0x0F, 0xC0, 0x7F, 0x07, 0xE0, 0x0F, 0xC3, 0xF8, 0x03,
    0xF0, 0xFC, 0x00, 0xFC, 0x7F, 0x00, 0x3F, 0x1F, 0x80, 0x0F, 0xEF, 0xE0, 0x01, 0xFB, 0xF0, 0x00,
    0x7F, 0xF8, 0x00, 0x1F, 0xFE, 0x00, 0x07, 0xFF, 0x00, 0x01, 0xFF, 0xC0, 0x00, 0x3F, 0xE0, 0x00,
    0x0F, 0xF8, 0x00, 0x03, 0xFC, 0x00, 0x00, 0xFE, 0x00, 0x00, 0x3F, 0x80, 0x00, 0x00, 0x00, 0x01,
    0xF0, 0x03, 0xF7, 0xE0, 0x1F, 0xDF, 0x80, 0xFF, 0x7E, 0x07, 0xF9, 0xF8, 0x1F, 0xE3, 0xF0, 0xFC,
    0x0F, 0xC7, 0xE0, 0x3F, 0x1F, 0x80, 0xFC, 0xFC, 0x01, 0xF3, 0xF0, 0x07, 0xFF, 0x80, 0x1F, 0xFE,
    0x00, 0x3F, 0xF0, 0x00, 0xFF, 0x80, 0x03, 0xFE, 0x00, 0x0F, 0xF0, 0x00, 0x1F, 0xC0, 0x00, 0x7E,
    0x00, 0x00, 0x00, 0x3C, 0x1E, 0x00, 0x07, 0x83, 0xC0, 0x00, 0xFF, 0xF8, 0x00, 0x1F, 0xFE, 0x00,
    0x01, 0xFF, 0x80, 0x00, 0x0F, 0xC0, 0x00, 0x00, 0x00, 0x00, 0x7E, 0x00, 0x7E, 0x0F, 0xC0, 0x1F,
    0xC1, 0xF8, 0x07, 0xF8, 0x3F, 0x01, 0xFF, 0x0F, 0xC0, 0x7F, 0xE1, 0xF8, 0x1F, 0xF8, 0x3F, 0x07,
    0xFF, 0x07, 0xE1, 0xFF, 0xE0, 0xFC, 0x7F, 0xFC, 0x3F, 0x0F, 0xDF, 0x87, 0xE3, 0xF7, 0xE0, 0xFC,
    0xFC, 0xFC, 0x1F, 0xBF, 0x9F, 0x83, 0xFF, 0xE3, 0xF0, 0xFF, 0xF8, 0x7E, 0x1F, 0xFE, 0x1F, 0x83,
    0xFF, 0x83, 0xF0, 0x7F, 0xE0, 0x7E, 0x0F, 0xF8, 0x0F, 0xFB, 0xFE, 0x03, 0xFF, 0x7F, 0x80, 0x7F,
    0xCF, 0xE0, 0x0F, 0xF9, 0xF8, 0x01, 0xFE, 0x00, 0x00, 0x0F, 0xC0, 0x00, 0x01, 0xF0, 0x00, 0x00,
    0x3E, 0x00, 0x00, 0x0F, 0x80, 0x00, 0x01, 0xF0, 0x00, 0x00, 0xF0, 0x78, 0x01, 0xE1, 0xF0, 0x03,
    0xFF, 0xC0, 0x03, 0xFF, 0x00, 0x03, 0xFC, 0x00, 0x00, 0xC0, 0x00, 0x00, 0x00, 0x07, 0xE0, 0x3F,
    0x0F, 0xC0, 0xFE, 0x3F, 0x03, 0xFC, 0x7E, 0x0F, 0xF0, 0xFC, 0x3F, 0xE1, 0xF8, 0xFF, 0xC3, 0xE3,
    0xFF, 0x8F, 0xCF, 0xFF, 0x1F, 0xBF, 0xFE, 0x3F, 0xFD, 0xF8, 0x7F, 0xFB, 0xF0, 0xFF, 0xE7, 0xE3,
    0xFF, 0x8F, 0xC7, 0xFE, 0x1F, 0xEF, 0xF8, 0x7F, 0xDF, 0xE0, 0xFF, 0x3F, 0x81, 0xFE, 0xFE, 0x03,
    0xF8, 0x00, 0x01, 0xF0, 0x00, 0x07, 0xC0, 0x00, 0x0F, 0x80, 0x00, 0x1E, 0x00, 0x07, 0xC0, 0x00,
    0x3F, 0x00, 0x00, 0xFC, 0x00, 0x1F, 0xFF, 0xE0, 0x7F, 0xFF, 0x81, 0xFF, 0xFE, 0x0F, 0xFF, 0xF0,
    0x07, 0xE0, 0x00, 0x1F, 0x80, 0x00, 0x7F, 0xFE, 0x01, 0xFF, 0xFF, 0x0F, 0xFF, 0xFE, 0x3F, 0xFF,
    0xF8, 0xFF, 0xFF, 0xF3, 0xF0, 0x1F, 0xCF, 0xC0, 0x3F, 0x7E, 0x00, 0xFD, 0xF8, 0x03, 0xF7, 0xE0,
    0x1F, 0xDF, 0x80, 0x7F, 0x7E, 0x07, 0xFB, 0xFF, 0xFF, 0xCF, 0xFF, 0xFE, 0x3F, 0xFF, 0xF0, 0xFF,
    0xFF, 0x00, 0x0F, 0xC0, 0x01, 0xF8, 0x03, 0xFF, 0xFC, 0x7F, 0xFF, 0x8F, 0xFF, 0xE0, 0x3F, 0x00,
    0x07, 0xFF, 0x80, 0xFF, 0xFC, 0x3F, 0xFF, 0xC7, 0xFF, 0xFC, 0xFC, 0x1F, 0x9F, 0x83, 0xF3, 0xF0,
    0x7E, 0xFC, 0x1F, 0xDF, 0xFF, 0xF3, 0xFF, 0xFE, 0x7F, 0xFF, 0x8F, 0xFF, 0xC0, 0x00, 0x00, 0x00,
    0x0F, 0xFF, 0xE0, 0x0F, 0xFF, 0xF8, 0x0F, 0xFF, 0xFC, 0x0F, 0xFF, 0xFE, 0x1F, 0xFF, 0xFE, 0x1F,
    0x80, 0x7E, 0x1F, 0x80, 0x7E, 0x1F, 0x84, 0x7E, 0x1F, 0x8C, 0x7E, 0x3F, 0x9E, 0x7E, 0x3F, 0x1F,
    0xFE, 0x3F, 0x0F, 0xFE, 0x3F, 0xFF, 0xFC, 0x3F, 0xFF, 0xF8, 0x7F, 0xFF, 0xF0, 0x7F, 0xFF, 0xE0,
    0x7F, 0xFF, 0xE0, 0x7E, 0x01, 0xF0, 0x7E, 0x00, 0xF0, 0xFE, 0x00, 0x60, 0xFC, 0x00, 0x40, 0xFC,
    0x00, 0x00, 0xFC, 0x00, 0x00, 0x00, 0x00, 0x00, 0x0F, 0xBF, 0xC0, 0x1F, 0xFF, 0xC0, 0x7F, 0xFF,
    0xC0, 0xFF, 0xFF, 0xC1, 0xFF, 0xFF, 0xC3, 0xF8, 0x3F, 0x87, 0xE0, 0x3F, 0x1F, 0x80, 0x7E, 0x3F,
    0x00, 0xFC, 0x7E, 0x09, 0xF8, 0xFC, 0x3B, 0xF1, 0xF8, 0xFF, 0xE7, 0xF8, 0xFF, 0x8F, 0xF9, 0xFF,
    0x1F, 0xFF, 0xFC, 0x3F, 0xFF, 0xF0, 0x7F, 0xFF, 0xE1, 0xF9, 0xFF, 0xC3, 0xF0, 0xF7, 0x87, 0xE0,
    0x06, 0x0F, 0xC0, 0x00, 0x1F, 0x80, 0x00, 0x7E, 0x00, 0x00, 0xFC, 0x00, 0x01, 0xF8, 0x00, 0x00,
    0x00, 0x00, 0x7C, 0x00, 0x03, 0xF0, 0x00, 0x0F, 0xC0, 0x00, 0x3F, 0x00, 0x00, 0xF8, 0x3F, 0xFF,
    0xE0, 0xFF, 0xFF, 0x83, 0xFF, 0xFE, 0x0F, 0xFF, 0xF8, 0x7F, 0xFF, 0xC1, 0xF8, 0x00, 0x07, 0xE0,
    0x00, 0x1F, 0x80, 0x00, 0x7E, 0x00, 0x03, 0xF0, 0x00, 0x0F, 0xC0, 0x00, 0x3F, 0x00, 0x00, 0xFC,
    0x00, 0x03, 0xF0, 0x00, 0x1F, 0x80, 0x00, 0x7E, 0x00, 0x01, 0xF8, 0x00, 0x07, 0xE0, 0x00, 0x1F,
    0x80, 0x00, 0xFC, 0x00, 0x03, 0xF0, 0x00, 0x0F, 0xC0, 0x00, 0x3F, 0x00, 0x00, 0x00, 0x03, 0xE0,
    0x00, 0xFC, 0x00, 0x1F, 0x80, 0x03, 0xF0, 0xFF, 0xFC, 0x1F, 0xFF, 0x87, 0xFF, 0xF0, 0xFF, 0xFE,
    0x1F, 0xFF, 0x83, 0xF0, 0x00, 0x7C, 0x00, 0x1F, 0x80, 0x03, 0xF0, 0x00, 0x7E, 0x00, 0x0F, 0xC0,
    0x01, 0xF8, 0x00, 0x7E, 0x00, 0x0F, 0xC0, 0x01, 0xF8, 0x00, 0x3F, 0x00, 0x07, 0xE0, 0x01, 0xF8,
    0x00, 0x00, 0x00, 0x00, 0x00, 0x01, 0xFF, 0xFF, 0x03, 0xFF, 0xFF, 0x03, 0xFF, 0xFE, 0x03, 0xFF,
    0xFE, 0x03, 0xFF, 0xFE, 0x03, 0xF0, 0x00, 0x07, 0xE0, 0x00, 0x07, 0xE0, 0x00, 0x07, 0xE0, 0x00,
    0x07, 0xE0, 0x00, 0x7F, 0xFF, 0xE0, 0x7F, 0xFF, 0xE0, 0x7F, 0xFF, 0xE0, 0xFF, 0xFF, 0xE0, 0x7F,
    0xFF, 0xC0, 0x0F, 0xC0, 0x00, 0x1F, 0xC0, 0x00, 0x1F, 0x80, 0x00, 0x1F, 0x80, 0x00, 0x1F, 0x80,
    0x00, 0x1F, 0x80, 0x00, 0x1F, 0x80, 0x00, 0x3F, 0x00, 0x00, 0x07, 0xFF, 0xE0, 0xFF, 0xFE, 0x0F,
    0xFF, 0xE0, 0xFF, 0xFE, 0x0F, 0xFF, 0xE0, 0xF8, 0x00, 0x1F, 0x80, 0x01, 0xF8, 0x00, 0x1F, 0x80,
    0x07, 0xFF, 0xE0, 0xFF, 0xFE, 0x0F, 0xFF, 0xE0, 0x3F, 0x00, 0x03, 0xF0, 0x00, 0x3F, 0x00, 0x03,
    0xE0, 0x00, 0x7E, 0x00, 0x07, 0xE0, 0x00, 0x00, 0x00, 0x00, 0x3F, 0xFF, 0xF0, 0xFF, 0xFF, 0xC3,
    0xFF, 0xFF, 0x0F, 0xFF, 0xF8, 0x7F, 0xFF, 0xE1, 0xF8, 0x00, 0x07, 0xE0, 0x00, 0x1F, 0x80, 0x00,
    0x7E, 0x00, 0x03, 0xF0, 0x00, 0x0F, 0xFF, 0xE0, 0x3F, 0xFF, 0xE0, 0xFF, 0xFF, 0xC3, 0xFF, 0xFF,
    0x1F, 0xF1, 0xFE, 0x7E, 0x03, 0xF9, 0xF8, 0x07, 0xE7, 0xE0, 0x1F, 0x9F, 0x80, 0x7E, 0xFC, 0x03,
    0xF3, 0xF0, 0x0F, 0xCF, 0xC0, 0x7F, 0x3F, 0x03, 0xF8, 0x00, 0xFF, 0xE0, 0x03, 0xFF, 0x00, 0x1F,
    0xF8, 0x00, 0x7F, 0xC0, 0x01, 0xFC, 0x00, 0x00, 0x00, 0x00, 0x0F, 0xFF, 0xE1, 0xFF, 0xFC, 0x7F,
    0xFF, 0x0F, 0xFF, 0xE1, 0xFF, 0xFC, 0x3F, 0x00, 0x07, 0xE0, 0x01, 0xF8, 0x00, 0x3F, 0xFE, 0x07,
    0xFF, 0xF0, 0xFF, 0xFF, 0x1F, 0xFF, 0xF7, 0xFF, 0xFE, 0xFC, 0x1F, 0xDF, 0x81, 0xFB, 0xF0, 0x3F,
    0x7E, 0x07, 0xFF, 0x80, 0xFC, 0x00, 0x3F, 0x80, 0x0F, 0xE0, 0x1F, 0xFC, 0x07, 0xFF, 0x00, 0xFF,
    0xC0, 0x1F, 0xE0, 0x03, 0xF0, 0x00, 0x00, 0x00, 0x00, 0x00, 0x00, 0x03, 0xF0, 0x0F, 0xC0, 0x7F,
    0x03, 0xF0, 0x1F, 0x80, 0xFE, 0x03, 0xF8, 0x1F, 0x80, 0xFC, 0x01, 0xF8, 0x1F, 0x81, 0xF8, 0x01,
    0xF8, 0x1F, 0x83, 0xF8, 0x00, 0xFC, 0x1F, 0x87, 0xF0, 0x00, 0xFC, 0x3F, 0x0F, 0xE0, 0x00, 0xFC,
    0x3F, 0x0F, 0xC0, 0x00, 0x7E, 0x3F, 0x1F, 0x80, 0x00, 0x7F, 0xFF, 0xFF, 0x80, 0x00, 0x3F, 0xFF,
    0xFF, 0x00, 0x00, 0x7F, 0xFF, 0xFE, 0x00, 0x00, 0xFF, 0xFF, 0xFF, 0x00, 0x01, 0xFF, 0xFF, 0xFF,
    0x00, 0x01, 0xFC, 0x7E, 0x3F, 0x80, 0x03, 0xF8, 0x7E, 0x3F, 0x80, 0x07, 0xF0, 0xFC, 0x1F, 0x80,
    0x0F, 0xF0, 0xFC, 0x1F, 0xC0, 0x0F, 0xE0, 0xFC, 0x1F, 0xF8, 0x1F, 0xC0, 0xFC, 0x0F, 0xFC, 0x3F,
    0x80, 0xFC, 0x0F, 0xF8, 0x7F, 0x81, 0xF8, 0x0F, 0xF8, 0x7F, 0x01, 0xF8, 0x07, 0xF8, 0x00, 0x00,
    0x00, 0x01, 0xF8, 0x00, 0x00, 0x00, 0x01, 0xF8, 0x00, 0x00, 0x00, 0x01, 0xF0, 0x00, 0x00, 0x00,
    0x03, 0xF0, 0x00, 0x00, 0x00, 0x03, 0xF0, 0x0F, 0xC0, 0xFC, 0x1F, 0xC1, 0xF8, 0x3F, 0x0F, 0xE0,
    0x7E, 0x0F, 0x83, 0xF0, 0x1F, 0x87, 0xE1, 0xF8, 0x03, 0xF1, 0xF8, 0xFC, 0x00, 0xFC, 0x7E, 0x7F,
    0x00, 0x1F, 0x9F, 0x9F, 0x80, 0x07, 0xFF, 0xFF, 0xC0, 0x01, 0xFF, 0xFF, 0xE0, 0x00, 0x7F, 0xFF,
    0xF8, 0x00, 0x3F, 0xFF, 0xFE, 0x00, 0x1F, 0xFF, 0xFF, 0xC0, 0x0F, 0xE3, 0xE3, 0xF0, 0x03, 0xF1,
    0xF8, 0xFF, 0x81, 0xFC, 0x7E, 0x1F, 0xF0, 0xFE, 0x1F, 0x87, 0xFC, 0x7F, 0x07, 0xE1, 0xFF, 0x3F,
    0x81, 0xF0, 0x3F, 0xC0, 0x00, 0x00, 0x03, 0xE0, 0x00, 0x00, 0x00, 0xF8, 0x00, 0x00, 0x00, 0x3E,
    0x00, 0x00, 0x00, 0x1F, 0x80, 0x00, 0x3F, 0x80, 0x03, 0xFF, 0xE0, 0x1F, 0xFF, 0xE0, 0x3F, 0xFF,
    0xE0, 0x7F, 0xFF, 0xE0, 0xFC, 0x3F, 0xC0, 0x80, 0x1F, 0x80, 0x00, 0x3F, 0x00, 0x00, 0x7E, 0x00,
    0x03, 0xF8, 0x07, 0xFF, 0xF0, 0x0F, 0xFF, 0xC0, 0x1F, 0xFF, 0x00, 0x3F, 0xFF, 0x00, 0x7F, 0xFF,
    0x00, 0x00, 0x7E, 0x00, 0x00, 0xFC, 0x00, 0x01, 0xF8, 0xE0, 0x07, 0xF1, 0xF8, 0x3F, 0xE7, 0xFF,
    0xFF, 0x9F, 0xFF, 0xFE, 0x1F, 0xFF, 0xF8, 0x0F, 0xFF, 0xC0, 0x01, 0xF8, 0x00, 0x03, 0xF0, 0x00,
    0x07, 0xE0, 0x00, 0x0F, 0xC0, 0x00, 0x1F, 0x00, 0x00, 0x00, 0x00, 0x01, 0xFF, 0x81, 0xFF, 0xF8,
    0x7F, 0xFF, 0x0F, 0xFF, 0xC3, 0xC3, 0xF0, 0x00, 0xFC, 0x00, 0x3F, 0x03, 0xFF, 0x80, 0xFF, 0xC0,
    0x3F, 0xF0, 0x0F, 0xFE, 0x00, 0x0F, 0x80, 0x03, 0xF7, 0x01, 0xF9, 0xFF, 0xFE, 0xFF, 0xFF, 0x3F,
    0xFF, 0x83, 0xFF, 0xC0, 0x1F, 0x80, 0x07, 0xE0, 0x01, 0xF0, 0x00, 0x7C, 0x00, 0x00, 0x00, 0x00,
    0x03, 0xF0, 0x07, 0xF0, 0xFC, 0x03, 0xF8, 0x3F, 0x01, 0xFC, 0x0F, 0xC0, 0xFE, 0x07, 0xF0, 0x7F,
    0x01, 0xF8, 0x3F, 0x80, 0x7E, 0x0F, 0xC0, 0x1F, 0x87, 0xE0, 0x07, 0xE3, 0xF8, 0x03, 0xFF, 0xFC,
    0x00, 0xFF, 0xFE, 0x00, 0x3F, 0xFF, 0x00, 0x0F, 0xFF, 0xE0, 0x03, 0xFF, 0xF8, 0x01, 0xFC, 0x7F,
    0x00, 0x7E, 0x0F, 0xC0, 0x1F, 0x83, 0xF8, 0x07, 0xE0, 0x7E, 0x01, 0xF8, 0x1F, 0xFC, 0xFE, 0x07,
    0xFF, 0x3F, 0x00, 0xFF, 0x8F, 0xC0, 0x3F, 0xE3, 0xF0, 0x07, 0xF8, 0x00, 0x00, 0x7E, 0x00, 0x00,
    0x1F, 0x80, 0x00, 0x07, 0xE0, 0x00, 0x01, 0xF0, 0x00, 0x00, 0xFC, 0x00, 0x0F, 0xC0, 0xFE, 0x1F,
    0x83, 0xF8, 0x7E, 0x0F, 0xE0, 0xFC, 0x1F, 0x81, 0xF8, 0x7E, 0x03, 0xF1, 0xF8, 0x07, 0xE7, 0xE0,
    0x1F, 0xFF, 0x80, 0x3F, 0xFE, 0x00, 0x7F, 0xFC, 0x00, 0xFF, 0xFC, 0x01, 0xFF, 0xF8, 0x07, 0xE3,
    0xF8, 0x0F, 0xC3, 0xFE, 0x1F, 0x87, 0xFE, 0x3F, 0x07, 0xFC, 0x7E, 0x0F, 0xF9, 0xF8, 0x0F, 0xF0,
    0x00, 0x07, 0xC0, 0x00, 0x0F, 0x80, 0x00, 0x1F, 0x00, 0x00, 0x3E, 0x00, 0x00, 0x00, 0x00, 0x01,
    0xF8, 0x01, 0xFC, 0x3F, 0x00, 0x7F, 0x07, 0xE0, 0x1F, 0xC0, 0xFC, 0x03, 0xF0, 0x3F, 0x00, 0xFC,
    0x07, 0xEF, 0x3F, 0x80, 0xFD, 0xEF, 0xE0, 0x1F, 0xB9, 0xF8, 0x03, 0xF7, 0x7E, 0x00, 0xFF, 0xFF,
    0x80, 0x1F, 0xFF, 0xF0, 0x03, 0xFF, 0xFC, 0x00, 0x7F, 0xFF, 0x80, 0x0F, 0xFF, 0xF8, 0x03, 0xF7,
    0xBF, 0x00, 0x7E, 0xF7, 0xF0, 0x0F, 0xDE, 0xFE, 0x01, 0xFB, 0x8F, 0xC0, 0x3F, 0x01, 0xFC, 0x0F,
    0xC0, 0x1F, 0x81, 0xF8, 0x03, 0xF8, 0x3F, 0x00, 0x7F, 0x07, 0xE0, 0x07, 0xF0, 0x0F, 0xC0, 0xFE,
    0x1F, 0x01, 0xF8, 0x7E, 0x07, 0xE0, 0xFC, 0x1F, 0x81, 0xFF, 0x7F, 0x03, 0xFE, 0xFC, 0x07, 0xDF,
    0xF0, 0x1F, 0xFF, 0xC0, 0x3F, 0xFF, 0x80, 0x7F, 0xFE, 0x00, 0xFF, 0xFE, 0x01, 0xFF, 0xFC, 0x07,
    0xFF, 0xF8, 0x0F, 0xFD, 0xF8, 0x1F, 0x83, 0xF0, 0x3F, 0x07, 0xF0, 0x7C, 0x07, 0xE1, 0xF8, 0x0F,
    0xC0, 0x00, 0x00, 0x00, 0x00, 0xFC, 0x03, 0xF8, 0x3F, 0x80, 0xFE, 0x7F, 0xFE, 0x3F, 0x8F, 0xFF,
    0xC7, 0xE1, 0xFF, 0xF1, 0xFC, 0x3F, 0xFE, 0x7F, 0x00, 0xFE, 0x1F, 0xC0, 0x1F, 0x87, 0xF0, 0x03,
    0xF1, 0xFC, 0x00, 0x7F, 0xFF, 0x00, 0x0F, 0xFF, 0xC0, 0x03, 0xFF, 0xF8, 0x00, 0x7F, 0xFF, 0x00,
    0x0F, 0xFF, 0xF0, 0x01, 0xF8, 0x7E, 0x00, 0x3F, 0x0F, 0xE0, 0x0F, 0xE0, 0xFC, 0x01, 0xF8, 0x1F,
    0x80, 0x3F, 0x03, 0xF8, 0x07, 0xE0, 0x3F, 0x00, 0xFC, 0x07, 0xF0, 0x3F, 0x80, 0x7E, 0x07, 0xE0,
    0x0F, 0xE0, 0x07, 0xE0, 0x00, 0x0F, 0xC0, 0x00, 0xFF, 0xF8, 0x01, 0xFF, 0xF0, 0x03, 0xFF, 0xE0,
    0x07, 0xFF, 0x80, 0x03, 0xF0, 0x00, 0x07, 0xE0, 0x7F, 0x0F, 0x81, 0xFC, 0x3F, 0x07, 0xF0, 0x7E,
    0x1F, 0xC0, 0xFC, 0x3F, 0x01, 0xF8, 0xFC, 0x03, 0xE3, 0xF0, 0x0F, 0xFF, 0xC0, 0x1F, 0xFF, 0x00,
    0x3F, 0xFE, 0x00, 0x7F, 0xFC, 0x00, 0xFF, 0xFC, 0x03, 0xF1, 0xFC, 0x07, 0xE1, 0xF8, 0x0F, 0xC3,
    0xF8, 0x1F, 0x83, 0xF0, 0x3E, 0x07, 0xF0, 0xFC, 0x07, 0xE0, 0x00, 0xF8, 0x00, 0x01, 0xFF, 0xE0,
    0x07, 0xE7, 0xFF, 0x80, 0x3F, 0x3F, 0xFE, 0x01, 0xFC, 0xFF, 0xF8, 0x0F, 0xE3, 0xFF, 0xE0, 0x7F,
    0x00, 0x3F, 0x01, 0xF8, 0x00, 0xFC, 0x0F, 0xC0, 0x03, 0xF0, 0x7F, 0x00, 0x0F, 0xC3, 0xF8, 0x00,
    0x3F, 0xFF, 0xC0, 0x01, 0xFF, 0xFE, 0x00, 0x07, 0xFF, 0xF8, 0x00, 0x1F, 0xFF, 0xE0, 0x00, 0x7F,
    0xFF, 0xC0, 0x01, 0xF8, 0x7F, 0x00, 0x0F, 0xC0, 0xFC, 0x00, 0x3F, 0x03, 0xF8, 0x00, 0xFC, 0x0F,
    0xE0, 0x03, 0xF0, 0x1F, 0xC0, 0x0F, 0xC0, 0x7F, 0x00, 0x7E, 0x00, 0xFC, 0x01, 0xF8, 0x03, 0xF8,
    0x07, 0xE0, 0x0F, 0xE0, 0x7F, 0xE0, 0x3F, 0x7F, 0xF0, 0x3F, 0xBF, 0xF8, 0x3F, 0x9F, 0xFC, 0x3F,
    0x8F, 0xFE, 0x3F, 0x80, 0x3E, 0x3F, 0x80, 0x3F, 0x1F, 0x80, 0x1F, 0xFF, 0x80, 0x0F, 0xFF, 0x80,
    0x07, 0xFF, 0xC0, 0x03, 0xFF, 0xE0, 0x03, 0xFF, 0xF8, 0x01, 0xF8, 0xFC, 0x00, 0xFC, 0x3F, 0x00,
    0x7E, 0x1F, 0x80, 0x3E, 0x0F, 0xE0, 0x3F, 0x03, 0xF8, 0x1F, 0x81, 0xFC, 0x00, 0x00, 0x00, 0x00,
    0x03, 0xF0, 0x03, 0xF0, 0xFC, 0x00, 0xFC, 0x3F, 0x00, 0x3F, 0x0F, 0xC0, 0x1F, 0xC7, 0xF0, 0x07,
    0xE1, 0xF8, 0x01, 0xF8, 0x7E, 0x00, 0x7E, 0x1F, 0x80, 0x1F, 0x87, 0xE0, 0x0F, 0xE3, 0xFF, 0xFF,
    0xF0, 0xFF, 0xFF, 0xFC, 0x3F, 0xFF, 0xFF, 0x0F, 0xFF, 0xFF, 0xC3, 0xFF, 0xFF, 0xF1, 0xFC, 0x01,
    0xF8, 0x7E, 0x00, 0x7E, 0x1F, 0x80, 0x1F, 0x87, 0xE0, 0x07, 0xE1, 0xF8, 0x03, 0xFE, 0xFE, 0x00,
    0xFF, 0xFF, 0x00, 0x3F, 0xEF, 0xC0, 0x0F, 0xFB, 0xF0, 0x03, 0xFE, 0x00, 0x00, 0x1F, 0x80, 0x00,
    0x07, 0xE0, 0x00, 0x01, 0xF0, 0x00, 0x00, 0xFC, 0x00, 0x00, 0x3F, 0x00, 0x0F, 0xC0, 0x7C, 0x1F,
    0x81, 0xF8, 0x7E, 0x03, 0xF0, 0xFC, 0x07, 0xE1, 0xF8, 0x0F, 0xC3, 0xF0, 0x1F, 0x87, 0xC0, 0x7E,
    0x1F, 0xFF, 0xFC, 0x3F, 0xFF, 0xF8, 0x7F, 0xFF, 0xF0, 0xFF, 0xFF, 0xE1, 0xFF, 0xFF, 0x87, 0xE0,
    0x3F, 0x0F, 0xC0, 0x7F, 0x9F, 0x80, 0xFF, 0x3F, 0x01, 0xFE, 0x7E, 0x07, 0xFD, 0xF8, 0x0F, 0xF8,
    0x00, 0x03, 0xF0, 0x00, 0x07, 0xC0, 0x00, 0x0F, 0x80, 0x00, 0x1F, 0x00, 0x00, 0x00, 0x07, 0xC0,
    0x00, 0x7E, 0x00, 0x7F, 0xFF, 0xC3, 0xF0, 0x03, 0xFF, 0xFE, 0x1F, 0x80, 0x1F, 0xFF, 0xF0, 0xFC,
    0x01, 0xFF, 0xFF, 0x0F, 0xE0, 0x0F, 0xFF, 0xF8, 0x7E, 0x00, 0x7E, 0x00, 0x03, 0xF0, 0x03, 0xF0,
    0x00, 0x1F, 0x80, 0x1F, 0x80, 0x00, 0xFC, 0x01, 0xFC, 0x00, 0x0F, 0xFF, 0xFF, 0xC0, 0x00, 0x7F,
    0xFF, 0xFE, 0x00, 0x03, 0xFF, 0xFF, 0xF0, 0x00, 0x1F, 0xFF, 0xFF, 0x80, 0x00, 0xFF, 0xFF, 0xFC,
    0x00, 0x0F, 0xE0, 0x0F, 0xC0, 0x00, 0x7E, 0x00, 0x7E, 0x00, 0x03, 0xF0, 0x03, 0xF0, 0x00, 0x1F,
    0x80, 0x1F, 0x80, 0x00, 0xFC, 0x01, 0xFC, 0x00, 0x0F, 0xE0, 0x0F, 0xC0, 0x00, 0x7E, 0x00, 0x7E,
    0x00, 0x03, 0xF0, 0x03, 0xF0, 0x00, 0x1F, 0x80, 0x1F, 0x80, 0x00, 0x0F, 0xC0, 0x7F, 0xFF, 0x0F,
    0xC0, 0xFF, 0xFE, 0x1F, 0x80, 0xFF, 0xFE, 0x1F, 0x80, 0xFF, 0xFE, 0x1F, 0x80, 0xFF, 0xFE, 0x1F,
    0x80, 0xFC, 0x00, 0x1F, 0x01, 0xF8, 0x00, 0x3F, 0xFF, 0xF8, 0x00, 0x3F, 0xFF, 0xF8, 0x00, 0x3F,
    0xFF, 0xF8, 0x00, 0x3F, 0xFF, 0xF8, 0x00, 0x3F, 0xFF, 0xF0, 0x00, 0x7E, 0x03, 0xF0, 0x00, 0x7E,
    0x03, 0xF0, 0x00, 0x7E, 0x03, 0xF0, 0x00, 0x7E, 0x03, 0xF0, 0x00, 0x7E, 0x07, 0xE0, 0x00, 0xFC,
    0x07, 0xE0, 0x00, 0x00, 0x00, 0x00, 0x00, 0x00, 0x7F, 0xFF, 0xFE, 0x00, 0x03, 0xFF, 0xFF, 0xF0,
    0x00, 0x1F, 0xFF, 0xFF, 0x80, 0x00, 0xFF, 0xFF, 0xF8, 0x00, 0x0F, 0xFF, 0xFF, 0xC0, 0x00, 0x7E,
    0x00, 0x7E, 0x00, 0x03, 0xF0, 0x03, 0xF0, 0x00, 0x1F, 0x80, 0x1F, 0x80, 0x00, 0xFC, 0x01, 0xF8,
    0x00, 0x0F, 0xC0, 0x0F, 0xC4, 0x00, 0x7E, 0x00, 0x7F, 0xFE, 0x03, 0xF0, 0x03, 0xFF, 0xFC, 0x1F,
    0x80, 0x1F, 0xFF, 0xF0, 0xFC, 0x01, 0xFF, 0xFF, 0xCF, 0xC0, 0x0F, 0xF1, 0xFE, 0x7E, 0x00, 0x7E,
    0x03, 0xF3, 0xF0, 0x03, 0xF0, 0x1F, 0xDF, 0x80, 0x1F, 0x80, 0xFE, 0xFC, 0x01, 0xF8, 0x07, 0xEF,
    0xC0, 0x0F, 0xC0, 0x3F, 0x7E, 0x00, 0x7E, 0x01, 0xFB, 0xF0, 0x03, 0xF0, 0x1F, 0xDF, 0x80, 0x1F,
    0x81, 0xFC, 0x00, 0x00, 0x00, 0xFF, 0xE0, 0x00, 0x00, 0x0F, 0xFE, 0x00, 0x00, 0x00, 0x7F, 0xE0,
    0x00, 0x00, 0x07, 0xFE, 0x00, 0x00, 0x00, 0x3F, 0xC0, 0x00, 0x00, 0x00, 0x00, 0x00, 0x0F, 0xFF,
    0xFC, 0x00, 0x0F, 0xFF, 0xFC, 0x00, 0x1F, 0xFF, 0xFC, 0x00, 0x1F, 0xFF, 0xF8, 0x00, 0x1F, 0xFF,
    0xF8, 0x00, 0x1F, 0x81, 0xF8, 0x00, 0x1F, 0x01, 0xF8, 0x00, 0x3F, 0x01, 0xF0, 0x00, 0x3F, 0x03,
    0xFF, 0xE0, 0x3F, 0x03, 0xFF, 0xF8, 0x3F, 0x03, 0xFF, 0xFC, 0x3E, 0x03, 0xFF, 0xFC, 0x7E, 0x03,
    0xFF, 0xFE, 0x7E, 0x07, 0xE0, 0xFE, 0x7E, 0x07, 0xE0, 0x7E, 0x7E, 0x07, 0xE0, 0x7E, 0x7C, 0x07,
    0xE0, 0x7E, 0xFC, 0x07, 0xC0, 0x7E, 0x00, 0x00, 0x00, 0xFE, 0x00, 0x00, 0x01, 0xFC, 0x00, 0x00,
    0x1F, 0xFC, 0x00, 0x00, 0x3F, 0xF8, 0x00, 0x00, 0x3F, 0xF0, 0x00, 0x00, 0x7F, 0xE0, 0x00, 0x00,
    0x3F, 0x80, 0x00, 0x80, 0x0F, 0x80, 0x07, 0xC0, 0xFF, 0xC0, 0x1F, 0xE3, 0xFF, 0xE0, 0x3F, 0x9F,
    0xFF, 0xC0, 0xFE, 0x3F, 0xFF, 0xC3, 0xF8, 0xFE, 0x1F, 0x87, 0xE3, 0xF8, 0x1F, 0x9F, 0xC7, 0xE0,
    0x3F, 0x3F, 0x0F, 0x80, 0x7E, 0xFE, 0x3F, 0x00, 0xFD, 0xF8, 0x7E, 0x01, 0xFB, 0xF0, 0xFC, 0x03,
    0xF7, 0xE1, 0xF8, 0x07, 0xCF, 0xC3, 0xF0, 0x1F, 0x9F, 0x87, 0xE0, 0x3E, 0x3F, 0x0F, 0xC0, 0xFC,
    0x7E, 0x0F, 0xC3, 0xF0, 0xFE, 0x1F, 0x8F, 0xE1, 0xFE, 0x3F, 0xBF, 0x81, 0xFE, 0x3F, 0xFE, 0x01,
    0xFF, 0xFF, 0xFF, 0xC1, 0xFF, 0xFF, 0xFF, 0x01, 0xFF, 0xFF, 0xFE, 0x01, 0xFF, 0xFF, 0xFC, 0x00,
    0x3F, 0x07, 0xE0, 0x00, 0x00, 0x60, 0x03, 0xC0, 0xFF, 0x81, 0xFC, 0xFF, 0xF0, 0xFF, 0x7F, 0xFE,
    0x3F, 0xBF, 0xFF, 0x9F, 0xCF, 0xC3, 0xF7, 0xE7, 0xE0, 0xFF, 0xF1, 0xF0, 0x1F, 0xFC, 0x7C, 0x07,
    0xFF, 0x1F, 0x03, 0xFF, 0xC7, 0xC0, 0xFB, 0xF1, 0xF8, 0x3E, 0xFC, 0x7E, 0x1F, 0x3F, 0x8F, 0xCF,
    0xC7, 0xF3, 0xFF, 0xE1, 0xFF, 0xFF, 0xFE, 0x3F, 0xFF, 0xFF, 0x87, 0xFF, 0xFF, 0xE0, 0x7F, 0xFF,
    0xF8, 0x03, 0xE0, 0xFC, 0x00, 0x1F, 0xE0, 0x00, 0x3F, 0xFC, 0x00, 0x7F, 0xFF, 0x80, 0xFF, 0xFF,
    0xE0, 0xFF, 0xFF, 0xF0, 0xFF, 0xE7, 0xF8, 0x7F, 0x80, 0x70, 0x7F, 0x00, 0x10, 0x3F, 0x00, 0x00,
    0x3F, 0x80, 0x00, 0x1F, 0x80, 0x00, 0x0F, 0xC0, 0x00, 0x0F, 0xE0, 0x00, 0x07, 0xF0, 0x00, 0x03,
    0xF8, 0x00, 0x01, 0xFC, 0x00, 0x00, 0x7E, 0x00, 0x00, 0x3F, 0x80, 0x18, 0x1F, 0xE0, 0x1E, 0x07,
    0xFF, 0xFF, 0x83, 0xFF, 0xFF, 0xC0, 0xFF, 0xFF, 0xC0, 0x3F, 0xFF, 0xC0, 0x07, 0xFF, 0x80, 0x00,
    0xFE, 0x00, 0x00, 0xFC, 0x00, 0x00, 0x7E, 0x00, 0x00, 0x3F, 0x00, 0x00, 0x1F, 0x00, 0x00, 0x00,
    0x00, 0x00, 0x7F, 0xC0, 0x3F, 0xFE, 0x0F, 0xFF, 0xE3, 0xFF, 0xFE, 0xFF, 0xFF, 0xDF, 0xC1, 0xF7,
    0xF0, 0x18, 0xFC, 0x00, 0x1F, 0x80, 0x03, 0xF0, 0x00, 0x7E, 0x00, 0x0F, 0xC0, 0x41, 0xF8, 0x0E,
    0x3F, 0xC7, 0xE3, 0xFF, 0xFE, 0x7F, 0xFF, 0x87, 0xFF, 0xE0, 0x3F, 0xF0, 0x01, 0xF0, 0x00, 0x7E,
    0x00, 0x0F, 0xC0, 0x01, 0xF0, 0x00, 0x00, 0x00, 0x01, 0xFF, 0xFF, 0xF7, 0xFF, 0xFF, 0xBF, 0xFF,
    0xFE, 0xFF, 0xFF, 0xFB, 0xFF, 0xFF, 0xE0, 0x1F, 0x80, 0x00, 0x7E, 0x00, 0x01, 0xF8, 0x00, 0x07,
    0xE0, 0x00, 0x3F, 0x00, 0x00, 0xFC, 0x00, 0x03, 0xF0, 0x00, 0x0F, 0xC0, 0x00, 0x3F, 0x00, 0x01,
    0xF8, 0x00, 0x07, 0xE0, 0x00, 0x1F, 0x80, 0x00, 0x7E, 0x00, 0x01, 0xFF, 0x00, 0x0F, 0xFC, 0x00,
    0x3F, 0xE0, 0x00, 0xFF, 0x80, 0x03, 0xFE, 0x00, 0x01, 0xF8, 0x00, 0x07, 0xE0, 0x00, 0x1F, 0x00,
    0x00, 0x7C, 0x00, 0x03, 0xF0, 0x00, 0x7F, 0xFF, 0xDF, 0xFF, 0xFB, 0xFF, 0xFF, 0x7F, 0xFF, 0xEF,
    0xFF, 0xFC, 0x07, 0xC0, 0x01, 0xF8, 0x00, 0x3F, 0x00, 0x07, 0xE0, 0x00, 0xFC, 0x00, 0x1F, 0x00,
    0x07, 0xE0, 0x00, 0xFC, 0x00, 0x1F, 0xE0, 0x03, 0xFC, 0x00, 0x7F, 0x80, 0x1F, 0xF0, 0x03, 0xFE,
    0x00, 0x0F, 0xC0, 0x01, 0xF0, 0x00, 0x3E, 0x00, 0x07, 0xC0, 0x00, 0x00, 0x00, 0x00, 0x3F, 0x00,
    0x1F, 0x9F, 0x80, 0x1F, 0x87, 0xE0, 0x1F, 0xC3, 0xF0, 0x1F, 0xC1, 0xFC, 0x0F, 0xC0, 0x7E, 0x0F,
    0xC0, 0x3F, 0x0F, 0xC0, 0x0F, 0xCF, 0xE0, 0x07, 0xEF, 0xE0, 0x03, 0xFF, 0xE0, 0x00, 0xFF, 0xE0,
    0x00, 0x7F, 0xE0, 0x00, 0x1F, 0xF0, 0x00, 0x0F, 0xF0, 0x00, 0x07, 0xF0, 0x00, 0x03, 0xF8, 0x00,
    0x01, 0xF8, 0x00, 0x00, 0xFC, 0x00, 0x00, 0x7E, 0x00, 0x00, 0x3F, 0x00, 0x00, 0x3F, 0x80, 0x00,
    0x1F, 0x80, 0x00, 0x0F, 0xC0, 0x00, 0x7C, 0x01, 0xF9, 0xF8, 0x07, 0xE7, 0xE0, 0x3F, 0x1F, 0x80,
    0xF8, 0x7E, 0x07, 0xE0, 0xF8, 0x3F, 0x03, 0xF0, 0xFC, 0x0F, 0xC7, 0xE0, 0x3F, 0x3F, 0x00, 0xFC,
    0xFC, 0x01, 0xF7, 0xE0, 0x07, 0xFF, 0x80, 0x1F, 0xFC, 0x00, 0x7F, 0xE0, 0x00, 0xFF, 0x80, 0x03,
    0xFC, 0x00, 0x0F, 0xE0, 0x00, 0x3F, 0x80, 0x00, 0xFC, 0x00, 0x03, 0xF0, 0x00, 0x0F, 0xC0, 0x00,
    0x3F, 0x00, 0x01, 0xF8, 0x00, 0x07, 0xE0, 0x00, 0x1F, 0x80, 0x00, 0x00, 0x00, 0x00, 0x3F, 0x00,
    0x1F, 0x9F, 0x80, 0x1F, 0x87, 0xE0, 0x1F, 0xC3, 0xF0, 0x1F, 0xC1, 0xFC, 0x0F, 0xC0, 0x7E, 0x0F,
    0xC0, 0x3F, 0x0F, 0xC0, 0x0F, 0xCF, 0xE0, 0x07, 0xEF, 0xE0, 0x03, 0xFF, 0xE0, 0x00, 0xFF, 0xE0,
    0x00, 0x7F, 0xE0, 0x00, 0x1F, 0xF0, 0x00, 0x0F, 0xF0, 0x00, 0x7F, 0xFF, 0x00, 0x3F, 0xFF, 0x80,
    0x1F, 0xFF, 0xC0, 0x00, 0xFC, 0x00, 0x00, 0x7E, 0x00, 0x00, 0x3F, 0x00, 0x00, 0x3F, 0x80, 0x00,
    0x1F, 0x80, 0x00, 0x0F, 0xC0, 0x00, 0x3E, 0x00, 0xFC, 0x7E, 0x01, 0xF8, 0xFC, 0x07, 0xE1, 0xF8,
    0x0F, 0x83, 0xF0, 0x3F, 0x03, 0xE0, 0xFC, 0x07, 0xE1, 0xF8, 0x0F, 0xC7, 0xE0, 0x1F, 0x9F, 0x80,
    0x3F, 0x3F, 0x00, 0x3E, 0xFC, 0x00, 0x7F, 0xF8, 0x00, 0xFF, 0xE0, 0x01, 0xFF, 0x80, 0x01, 0xFF,
    0x00, 0x03, 0xFC, 0x00, 0x7F, 0xFF, 0x81, 0xFF, 0xFF, 0x03, 0xFF, 0xFE, 0x07, 0xFF, 0xF8, 0x00,
    0x7E, 0x00, 0x00, 0xFC, 0x00, 0x03, 0xF0, 0x00, 0x07, 0xE0, 0x00, 0x0F, 0xC0, 0x00, 0x00, 0x00,
    0x00, 0x00, 0x3F, 0x80, 0xFF, 0x03, 0xF8, 0x0F, 0xE0, 0x1F, 0x81, 0xFC, 0x01, 0xFC, 0x3F, 0x80,
    0x0F, 0xC7, 0xF0, 0x00, 0xFE, 0xFE, 0x00, 0x07, 0xFF, 0xC0, 0x00, 0x7F, 0xF8, 0x00, 0x03, 0xFF,
    0x80, 0x00, 0x3F, 0xF0, 0x00, 0x01, 0xFE, 0x00, 0x00, 0x3F, 0xE0, 0x00, 0x03, 0xFE, 0x00, 0x00,
    0x7F, 0xF0, 0x00, 0x0F, 0xFF, 0x00, 0x01, 0xFF, 0xF0, 0x00, 0x3F, 0xBF, 0x80, 0x07, 0xF3, 0xF8,
    0x00, 0xFE, 0x1F, 0xFC, 0x1F, 0xC1, 0xFF, 0xC3, 0xFC, 0x0F, 0xFC, 0x7F, 0x80, 0xFF, 0x8F, 0xF0,
    0x07, 0xF8, 0x00, 0x00, 0x1F, 0x80, 0x00, 0x01, 0xF8, 0x00, 0x00, 0x1F, 0x80, 0x00, 0x01, 0xF0,
    0x00, 0x00, 0x1F, 0x00, 0x0F, 0xC0, 0x7E, 0x07, 0xE0, 0xFC, 0x07, 0xE1, 0xFC, 0x03, 0xF3, 0xF8,
    0x03, 0xF7, 0xF0, 0x01, 0xFF, 0xE0, 0x01, 0xFF, 0xC0, 0x00, 0xFF, 0x80, 0x00, 0x7F, 0x00, 0x00,
    0xFE, 0x00, 0x01, 0xFF, 0x00, 0x03, 0xFF, 0x00, 0x07, 0xFF, 0x80, 0x0F, 0xFF, 0xF8, 0x1F, 0xCF,
    0xFC, 0x3F, 0x8F, 0xFC, 0x7F, 0x07, 0xFC, 0xFE, 0x07, 0xF8, 0x00, 0x00, 0xF8, 0x00, 0x00, 0xF8,
    0x00, 0x01, 0xF8, 0x00, 0x01, 0xF8, 0x00, 0x7C, 0x00, 0x01, 0xFF, 0xFF, 0xC3, 0xF7, 0xFF, 0xFF,
    0x0F, 0xFF, 0xFF, 0xFC, 0x7E, 0xFF, 0xFF, 0xF1, 0xFB, 0xFF, 0xFF, 0x87, 0xE0, 0x1F, 0x80, 0x1F,
    0x80, 0x7E, 0x00, 0x7E, 0x01, 0xF8, 0x03, 0xF8, 0x07, 0xE0, 0x0F, 0xC0, 0x3F, 0x80, 0x3F, 0x00,
    0xFC, 0x00, 0xFC, 0x03, 0xF0, 0x03, 0xF0, 0x0F, 0xC0, 0x1F, 0xC0, 0x3F, 0x00, 0x7E, 0x01, 0xFC,
    0x01, 0xF8, 0x07, 0xE0, 0x07, 0xE0, 0x1F, 0x80, 0x1F, 0x80, 0x7E, 0x00, 0xFE, 0x01, 0xFF, 0xFF,
    0xFE, 0x0F, 0xFF, 0xFF, 0xF8, 0x3F, 0xFF, 0xFF, 0xE0, 0xFF, 0xFF, 0xFF, 0x83, 0xFF, 0xFF, 0xFE,
    0x00, 0x00, 0x01, 0xF8, 0x00, 0x00, 0x07, 0xC0, 0x00, 0x00, 0x3F, 0x00, 0x00, 0x00, 0xFC, 0x00,
    0x00, 0x03, 0xF0, 0x7F, 0xFF, 0x3F, 0xFF, 0xFF, 0x3F, 0xFF, 0xFF, 0x3F, 0xFF, 0xFF, 0x3F, 0xFF,
    0xFF, 0x3E, 0x03, 0xF0, 0x7E, 0x07, 0xE0, 0x7E, 0x07, 0xE0, 0x7E, 0x07, 0xE0, 0x7E, 0x07, 0xE0,
    0x7C, 0x07, 0xE0, 0xFC, 0x0F, 0xC0, 0xFC, 0x0F, 0xC0, 0xFC, 0x0F, 0xFF, 0xFF, 0x0F, 0xFF, 0xFF,
    0x0F, 0xFF, 0xFF, 0x1F, 0xFF, 0xFE, 0x1F, 0xFF, 0xFE, 0x00, 0x00, 0x7E, 0x00, 0x00, 0x7E, 0x00,
    0x00, 0x7E, 0x00, 0x00, 0x7C, 0x00, 0x00, 0x00, 0x1F, 0x80, 0x3F, 0x1F, 0x80, 0x3F, 0x3F, 0x00,
    0x3F, 0x3F, 0x00, 0x7E, 0x3F, 0x00, 0x7E, 0x3F, 0x00, 0x7E, 0x3F, 0x00, 0x7E, 0x7E, 0x00, 0x7E,
    0x7E, 0x00, 0xFC, 0x7F, 0x00, 0xFC, 0x7F, 0x83, 0xFC, 0x3F, 0xFF, 0xFC, 0x3F, 0xFF, 0xFC, 0x1F,
    0xFF, 0xF8, 0x0F, 0xFF, 0xF8, 0x03, 0xFD, 0xF8, 0x00, 0x01, 0xF8, 0x00, 0x01, 0xF8, 0x00, 0x03,
    0xFE, 0x00, 0x03, 0xFE, 0x00, 0x03, 0xFE, 0x00, 0x03, 0xFE, 0x00, 0x07, 0xFE, 0x00, 0x00, 0x7E,
    0x00, 0x00, 0x7C, 0x00, 0x00, 0xFC, 0x00, 0x00, 0xFC, 0x00, 0x00, 0xFC, 0x7E, 0x03, 0xE7, 0xE0,
    0x7E, 0x7E, 0x07, 0xE7, 0xE0, 0x7E, 0x7C, 0x07, 0xEF, 0xC0, 0x7E, 0xFC, 0x0F, 0xCF, 0xC0, 0xFC,
    0xFF, 0xFF, 0xC7, 0xFF, 0xFC, 0x7F, 0xFF, 0xC3, 0xFF, 0xF8, 0x0F, 0xDF, 0x80, 0x01, 0xFE, 0x00,
    0x1F, 0xE0, 0x01, 0xFE, 0x00, 0x3F, 0xE0, 0x03, 0xFE, 0x00, 0x07, 0xE0, 0x00, 0x7C, 0x00, 0x07,
    0xC0, 0x00, 0x7C, 0x00, 0x00, 0x00, 0x1F, 0x80, 0x3F, 0x1F, 0x80, 0x3F, 0x3F, 0x00, 0x3F, 0x3F,
    0x00, 0x7E, 0x3F, 0x00, 0x7E, 0x3F, 0x00, 0x7E, 0x3F, 0x00, 0x7E, 0x7E, 0x38, 0x7E, 0x7E, 0x38,
    0xFC, 0x7F, 0x78, 0xFC, 0x7F, 0xFB, 0xFC, 0x3F, 0xFF, 0xFC, 0x3F, 0xFF, 0xFC, 0x1F, 0xFF, 0xF8,
    0x0F, 0xFF, 0xF8, 0x03, 0xFD, 0xF8, 0x00, 0xF1, 0xF8, 0x00, 0xF1, 0xF8, 0x00, 0xE3, 0xF0, 0x00,
    0xE3, 0xF0, 0x00, 0x03, 0xF0, 0x00, 0x03, 0xF0, 0x00, 0x03, 0xF0, 0x7E, 0x03, 0xE7, 0xE0, 0x7E,
    0x7E, 0x07, 0xE7, 0xE0, 0x7E, 0x7C, 0x07, 0xEF, 0xCE, 0x7E, 0xFC, 0xEF, 0xCF, 0xCE, 0xFC, 0xFF,
    0xFF, 0xC7, 0xFF, 0xFC, 0x7F, 0xFF, 0xC3, 0xFF, 0xF8, 0x0F, 0xDF, 0x80, 0x3D, 0xF8, 0x03, 0x9F,
    0x80, 0x39, 0xF8, 0x00, 0x3F, 0x00, 0x03, 0xF0, 0x00, 0x00, 0x00, 0x1F, 0x80, 0x00, 0x3F, 0x00,
    0x00, 0x7E, 0x00, 0x00, 0xFC, 0x00, 0x03, 0xF0, 0x00, 0x07, 0xE0, 0x00, 0x0F, 0xC0, 0x00, 0x1F,
    0xFF, 0xC0, 0x3F, 0xFF, 0xE0, 0xFF, 0xFF, 0xE1, 0xFF, 0xFF, 0xE3, 0xFF, 0xFF, 0xC7, 0xF0, 0x3F,
    0x8F, 0xC0, 0x3F, 0xBF, 0x00, 0x7F, 0x7E, 0x00, 0xFC, 0xFC, 0x01, 0xF9, 0xF8, 0x03, 0xF3, 0xF0,
    0x07, 0xEF, 0xC0, 0x0F, 0xDF, 0x80, 0x3F, 0x3F, 0x00, 0x7E, 0x7E, 0x00, 0xFC, 0x07, 0xE0, 0x00,
    0x1F, 0x80, 0x00, 0x7E, 0x00, 0x01, 0xF0, 0x00, 0x0F, 0xC0, 0x00, 0x3F, 0x00, 0x00, 0xFC, 0x00,
    0x03, 0xF7, 0xF0, 0x0F, 0xFF, 0xF0, 0x7F, 0xFF, 0xC1, 0xFF, 0xFF, 0x87, 0xFF, 0xFE, 0x1F, 0xC1,
    0xF8, 0x7E, 0x07, 0xE3, 0xF0, 0x1F, 0x8F, 0xC0, 0x7E, 0x3F, 0x01, 0xF8, 0xFC, 0x07, 0xE3, 0xF0,
    0x1F, 0x1F, 0x80, 0xFC, 0x7E, 0x03, 0xF1, 0xF8, 0x0F, 0xC7, 0xE0, 0x3F, 0x1F, 0x80, 0xF8, 0xFC,
    0x07, 0xE0, 0x00, 0x00, 0x1F, 0x80, 0x00, 0x00, 0x7F, 0xF8, 0x00, 0x00, 0xFF, 0xFE, 0x00, 0x01,
    0xFF, 0xFF, 0x83, 0x01, 0xFF, 0xFF, 0xE1, 0xF1, 0xFF, 0x8F, 0xF9, 0xF8, 0xFE, 0x01, 0xFC, 0xFC,
    0xFE, 0x00, 0x7E, 0x7C, 0x7E, 0x00, 0x3F, 0xBE, 0x7E, 0x00, 0x0F, 0xDF, 0xFF, 0xFF, 0xFF, 0xEF,
    0xFF, 0xFF, 0xFF, 0xF7, 0xFF, 0xFF, 0xFF, 0xF1, 0xFF, 0xFF, 0xFF, 0xF8, 0x3F, 0xFF, 0xFF, 0xFC,
    0x03, 0xF8, 0x00, 0x00, 0x00, 0xFC, 0x00, 0x00, 0x00, 0x7F, 0x00, 0x30, 0x00, 0x3F, 0xC0, 0x38,
    0x00, 0x0F, 0xFF, 0xFE, 0x00, 0x07, 0xFF, 0xFF, 0x80, 0x01, 0xFF, 0xFF, 0xC0, 0x00, 0x7F, 0xFF,
    0x80, 0x00, 0x0F, 0xFF, 0x00, 0x00, 0x00, 0xFC, 0x00, 0x00, 0x00, 0x00, 0x00, 0x00, 0x03, 0xFE,
    0x00, 0x03, 0xFF, 0xE0, 0x01, 0xFF, 0xFC, 0x78, 0xFF, 0xFF, 0x3E, 0x7F, 0x0F, 0xEF, 0xBF, 0x81,
    0xFB, 0xEF, 0xC0, 0x3E, 0xFF, 0xFF, 0xFF, 0xBF, 0xFF, 0xFF, 0xE7, 0xFF, 0xFF, 0xF8, 0xFF, 0xFF,
    0xFE, 0x07, 0xE0, 0x00, 0x00, 0xFC, 0x02, 0x00, 0x3F, 0x83, 0xC0, 0x0F, 0xFF, 0xF0, 0x01, 0xFF,
    0xFE, 0x00, 0x3F, 0xFF, 0x00, 0x03, 0xFF, 0x80, 0x00, 0x1E, 0x00, 0x00, 0x00, 0x1F, 0x80, 0x00,
    0x00, 0x7F, 0xF8, 0x00, 0x00, 0xFF, 0xFE, 0x00, 0x01, 0xFF, 0xFF, 0x83, 0x01, 0xFF, 0xFF, 0xE1,
    0xF1, 0xFF, 0x8F, 0xF9, 0xF8, 0xFE, 0x01, 0xFC, 0xFC, 0xFE, 0x00, 0x7E, 0x7C, 0x7E, 0x00, 0x3F,
    0xBE, 0x7E, 0x00, 0x0F, 0xDF, 0xFF, 0xFF, 0xFF, 0xEF, 0xFF, 0xFF, 0xFF, 0xF7, 0xFF, 0xFF, 0xFF,
    0xF1, 0xFF, 0xFF, 0xFF, 0xF8, 0x3F, 0xFF, 0xFF, 0xFC, 0x03, 0xF8, 0x00, 0x00, 0x00, 0xFC, 0x00,
    0x00, 0x00, 0x7F, 0x00, 0x30, 0x00, 0x3F, 0xC0, 0x38, 0x00, 0x0F, 0xFF, 0xFE, 0x00, 0x07, 0xFF,
    0xFF, 0x80, 0x01, 0xFF, 0xFF, 0xC0, 0x00, 0x7F, 0xFF, 0x80, 0x00, 0x0F, 0xFF, 0x00, 0x00, 0x01,
    0xFC, 0x00, 0x00, 0x00, 0xFC, 0x00, 0x00, 0x00, 0x7E, 0x00, 0x00, 0x00, 0x3E, 0x00, 0x00, 0x00,
    0x3F, 0x00, 0x00, 0x00, 0x00, 0x00, 0x00, 0x03, 0xFE, 0x00, 0x03, 0xFF, 0xE0, 0x01, 0xFF, 0xFC,
    0x78, 0xFF, 0xFF, 0x3E, 0x7F, 0x0F, 0xEF, 0xBF, 0x81, 0xFB, 0xEF, 0xC0, 0x3E, 0xFF, 0xFF, 0xFF,
    0xBF, 0xFF, 0xFF, 0xE7, 0xFF, 0xFF, 0xF8, 0xFF, 0xFF, 0xFE, 0x07, 0xE0, 0x00, 0x00, 0xFC, 0x02,
    0x00, 0x3F, 0x83, 0xC0, 0x0F, 0xFF, 0xF0, 0x01, 0xFF, 0xFE, 0x00, 0x3F, 0xFF, 0x00, 0x03, 0xFF,
    0x80, 0x00, 0x7E, 0x00, 0x00, 0x1F, 0x00, 0x00, 0x07, 0xC0, 0x00, 0x01, 0xF0, 0x00, 0x00, 0x01,
    0xF8, 0x3F, 0x07, 0xE0, 0xFC, 0x3F, 0x87, 0xE0, 0xFC, 0x1F, 0x83, 0xF0, 0xFE, 0x1F, 0x83, 0xF0,
    0x7E, 0x0F, 0xC3, 0xF8, 0x7E, 0x0F, 0xC1, 0xF8, 0x3F, 0x0F, 0xE1, 0xF8, 0x3F, 0x07, 0xE0, 0x00,
    0x00, 0x78, 0x3E, 0x00, 0x00, 0x00, 0x7C, 0x3C, 0x00, 0x00, 0x00, 0x7F, 0xFC, 0x00, 0x00, 0x00,
    0x3F, 0xF8, 0x00, 0x00, 0x00, 0x1F, 0xF0, 0x00, 0x00, 0x00, 0x07, 0xC0, 0x00, 0x00, 0x00, 0x00,
    0x00, 0x00, 0x03, 0xF0, 0x0F, 0xC0, 0x7F, 0x03, 0xF0, 0x1F, 0x80, 0xFE, 0x03, 0xF8, 0x1F, 0x80,
    0xFC, 0x01, 0xF8, 0x1F, 0x81, 0xF8, 0x01, 0xF8, 0x1F, 0x83, 0xF8, 0x00, 0xFC, 0x1F, 0x87, 0xF0,
    0x00, 0xFC, 0x3F, 0x0F, 0xE0, 0x00, 0xFC, 0x3F, 0x0F, 0xC0, 0x00, 0x7E, 0x3F, 0x1F, 0x80, 0x00,
    0x7F, 0xFF, 0xFF, 0x80, 0x00, 0x3F, 0xFF, 0xFF, 0x00, 0x00, 0x7F, 0xFF, 0xFE, 0x00, 0x00, 0xFF,
    0xFF, 0xFF, 0x00, 0x01, 0xFF, 0xFF, 0xFF, 0x00, 0x01, 0xFC, 0x7E, 0x3F, 0x80, 0x03, 0xF8, 0x7E,
    0x3F, 0x80, 0x07, 0xF0, 0xFC, 0x1F, 0x80, 0x0F, 0xF0, 0xFC, 0x1F, 0xC0, 0x0F, 0xE0, 0xFC, 0x1F,
    0xC0, 0x1F, 0xC0, 0xFC, 0x0F, 0xC0, 0x3F, 0x80, 0xFC, 0x0F, 0xE0, 0x7F, 0x81, 0xF8, 0x0F, 0xE0,
    0x7F, 0x01, 0xF8, 0x07, 0xF0, 0x00, 0x03, 0xC3, 0xC0, 0x00, 0x00, 0xF0, 0xF0, 0x00, 0x00, 0x3F,
    0xFC, 0x00, 0x00, 0x0F, 0xFE, 0x00, 0x00, 0x01, 0xFF, 0x00, 0x00, 0x00, 0x1F, 0x00, 0x00, 0x00,
    0x00, 0x00, 0x00, 0x3F, 0x03, 0xF0, 0x7F, 0x07, 0xE0, 0xFC, 0x3F, 0x81, 0xF8, 0x3E, 0x0F, 0xC0,
    0x7E, 0x1F, 0x87, 0xE0, 0x0F, 0xC7, 0xE3, 0xF0, 0x03, 0xF1, 0xF9, 0xFC, 0x00, 0x7E, 0x7E, 0x7E,
    0x00, 0x1F, 0xFF, 0xFF, 0x00, 0x07, 0xFF, 0xFF, 0x80, 0x01, 0xFF, 0xFF, 0xE0, 0x00, 0xFF, 0xFF,
    0xF8, 0x00, 0x7F, 0xFF, 0xFF, 0x00, 0x3F, 0x8F, 0x8F, 0xC0, 0x0F, 0xC7, 0xE3, 0xF8, 0x07, 0xF1,
    0xF8, 0x7E, 0x03, 0xF8, 0x7E, 0x1F, 0x81, 0xFC, 0x1F, 0x87, 0xF0, 0xFE, 0x07, 0xC0, 0xFC, 0x00,
    0x00, 0x00, 0x00, 0x03, 0xF0, 0x07, 0xF0, 0xFC, 0x03, 0xF8, 0x3F, 0x01, 0xFC, 0x0F, 0xC0, 0xFE,
    0x07, 0xF0, 0x7F, 0x01, 0xF8, 0x3F, 0x80, 0x7E, 0x0F, 0xC0, 0x1F, 0x87, 0xE0, 0x07, 0xE3, 0xF8,
    0x03, 0xFF, 0xFC, 0x00, 0xFF, 0xFE, 0x00, 0x3F, 0xFF, 0x00, 0x0F, 0xFF, 0xE0, 0x03, 0xFF, 0xFC,
    0x01, 0xFC, 0x7F, 0x00, 0x7E, 0x0F, 0xE0, 0x1F, 0x81, 0xFC, 0x07, 0xE0, 0x7F, 0x01, 0xF8, 0x0F,
    0xC0, 0xFE, 0x03, 0xF8, 0x3F, 0x00, 0xFE, 0x0F, 0xC0, 0x1F, 0x83, 0xF0, 0x07, 0xE0, 0x00, 0x01,
    0xF8, 0x00, 0x00, 0xFE, 0x00, 0x03, 0xFF, 0x80, 0x00, 0xFF, 0xC0, 0x00, 0x7F, 0xF0, 0x00, 0x1F,
    0xF8, 0x00, 0x03, 0xF8, 0x00, 0x0F, 0xC0, 0xFE, 0x1F, 0x83, 0xF8, 0x7E, 0x0F, 0xE0, 0xFC, 0x3F,
    0x81, 0xF8, 0x7E, 0x03, 0xF1, 0xF8, 0x07, 0xE7, 0xE0, 0x1F, 0xFF, 0x80, 0x3F, 0xFE, 0x00, 0x7F,
    0xFC, 0x00, 0xFF, 0xFC, 0x01, 0xFF, 0xFC, 0x07, 0xE1, 0xF8, 0x0F, 0xC3, 0xF8, 0x1F, 0x83, 0xF0,
    0x3F, 0x03, 0xF0, 0x7E, 0x07, 0xE1, 0xF8, 0x0F, 0xC0, 0x00, 0x1F, 0x80, 0x00, 0x3F, 0x00, 0x0F,
    0xFC, 0x00, 0x1F, 0xF8, 0x00, 0x7F, 0xE0, 0x00, 0xFF, 0x80, 0x00, 0xFC, 0x00, 0x00, 0x00, 0x00,
    0x00, 0x01, 0xFF, 0xFF, 0xC0, 0x0F, 0xFF, 0xFC, 0x00, 0x7F, 0xFF, 0xE0, 0x07, 0xFF, 0xFF, 0x00,
    0x3F, 0xFF, 0xF8, 0x01, 0xF0, 0x0F, 0xC0, 0x0F, 0x80, 0xFC, 0x00, 0xFC, 0x07, 0xE0, 0x07, 0xE0,
    0x3F, 0x00, 0x3E, 0x01, 0xF8, 0x01, 0xF0, 0x0F, 0xC0, 0x1F, 0x80, 0xFC, 0x00, 0xFC, 0x07, 0xE0,
    0x07, 0xC0, 0x3F, 0x00, 0x7E, 0x01, 0xF8, 0x03, 0xF0, 0x0F, 0xC0, 0x3F, 0x00, 0xFC, 0x01, 0xF8,
    0x07, 0xE0, 0x7F, 0xC0, 0x3F, 0xE7, 0xFC, 0x01, 0xFF, 0x3F, 0xC0, 0x1F, 0xF1, 0xFE, 0x00, 0xFF,
    0x9F, 0xE0, 0x07, 0xF8, 0x78, 0x00, 0x07, 0xC0, 0x00, 0x00, 0x7C, 0x00, 0x00, 0x03, 0xE0, 0x00,
    0x00, 0x3F, 0x00, 0x00, 0x01, 0xF0, 0x00, 0x00, 0xFF, 0xFF, 0x01, 0xFF, 0xFE, 0x01, 0xFF, 0xFE,
    0x01, 0xFF, 0xFE, 0x01, 0xFF, 0xFE, 0x03, 0xF0, 0x7E, 0x03, 0xF0, 0x7C, 0x03, 0xE0, 0xFC, 0x03,
    0xE0, 0xFC, 0x07, 0xE0, 0xFC, 0x07, 0xC0, 0xFC, 0x07, 0xC0, 0xF8, 0x0F, 0xC1, 0xF8, 0x3F, 0x81,
    0xFE, 0x7F, 0x81, 0xFE, 0x7F, 0x01, 0xFE, 0xFF, 0x03, 0xFC, 0xFE, 0x03, 0xFC, 0x78, 0x00, 0xF8,
    0x00, 0x00, 0xF8, 0x00, 0x01, 0xF0, 0x00, 0x01, 0xF0, 0x00, 0x00, 0x00, 0x03, 0xF0, 0x03, 0xF0,
    0xFC, 0x00, 0xFC, 0x3F, 0x00, 0x3F, 0x0F, 0xC0, 0x1F, 0x87, 0xE0, 0x07, 0xE1, 0xF8, 0x01, 0xF8,
    0x7E, 0x00, 0x7E, 0x1F, 0x80, 0x1F, 0x87, 0xE0, 0x0F, 0xC3, 0xFF, 0xFF, 0xF0, 0xFF, 0xFF, 0xFC,
    0x3F, 0xFF, 0xFF, 0x0F, 0xFF, 0xFF, 0xC3, 0xFF, 0xFF, 0xE1, 0xF8, 0x01, 0xF8, 0x7E, 0x00, 0x7E,
    0x1F, 0x80, 0x1F, 0x87, 0xE0, 0x07, 0xE1, 0xF8, 0x03, 0xF0, 0xFC, 0x00, 0xFC, 0x3F, 0x00, 0x3F,
    0x0F, 0xC0, 0x0F, 0xC3, 0xF0, 0x03, 0xF0, 0x00, 0x01, 0xF8, 0x00, 0x00, 0x7E, 0x00, 0x03, 0xFF,
    0x80, 0x00, 0xFF, 0xC0, 0x00, 0x7F, 0xF0, 0x00, 0x1F, 0xF0, 0x00, 0x03, 0xF8, 0x00, 0x0F, 0xC0,
    0x7E, 0x1F, 0x80, 0xF8, 0x7E, 0x03, 0xF0, 0xFC, 0x07, 0xE1, 0xF8, 0x0F, 0xC3, 0xF0, 0x1F, 0x87,
    0xE0, 0x3E, 0x1F, 0xFF, 0xFC, 0x3F, 0xFF, 0xF8, 0x7F, 0xFF, 0xF0, 0xFF, 0xFF, 0xE1, 0xFF, 0xFF,
    0x87, 0xE0, 0x3F, 0x0F, 0xC0, 0x7E, 0x1F, 0x80, 0xFC, 0x3F, 0x01, 0xF8, 0x7E, 0x03, 0xE1, 0xF8,
    0x0F, 0xC0, 0x00, 0x1F, 0x80, 0x00, 0x3F, 0x00, 0x0F, 0xFC, 0x00, 0x1F, 0xF8, 0x00, 0x7F, 0xE0,
    0x00, 0xFF, 0x80, 0x00, 0xFC, 0x00, 0x00, 0x00, 0x00, 0x03, 0xF0, 0x03, 0xF0, 0xFC, 0x00, 0xFC,
    0x3F, 0x00, 0x3F, 0x0F, 0xC0, 0x1F, 0xC7, 0xF0, 0x07, 0xE1, 0xF8, 0x01, 0xF8, 0x7E, 0x00, 0x7E,
    0x1F, 0x80, 0x1F, 0x87, 0xE0, 0x0F, 0xE3, 0xFF, 0xFF, 0xF0, 0xFF, 0xFF, 0xFC, 0x3F, 0xFF, 0xFF,
    0x0F, 0xFF, 0xFF, 0xC3, 0xFF, 0xFF, 0xF1, 0xFC, 0x01, 0xF8, 0x7E, 0x00, 0x7E, 0x1F, 0x80, 0x1F,
    0x87, 0xE0, 0x07, 0xE1, 0xF8, 0x03, 0xFF, 0xFE, 0x00, 0xFF, 0xBF, 0x00, 0x3F, 0xEF, 0xC0, 0x0F,
    0xF3, 0xF0, 0x03, 0xFC, 0x00, 0x00, 0x3F, 0x00, 0x00, 0x0F, 0x80, 0x00, 0x07, 0xE0, 0x00, 0x01,
    0xF0, 0x00, 0x00, 0x7C, 0x00, 0x0F, 0xC0, 0x7C, 0x1F, 0x81, 0xF8, 0x7E, 0x03, 0xF0, 0xFC, 0x07,
    0xE1, 0xF8, 0x0F, 0xC3, 0xF0, 0x1F, 0x87, 0xC0, 0x7E, 0x1F, 0xFF, 0xFC, 0x3F, 0xFF, 0xF8, 0x7F,
    0xFF, 0xF0, 0xFF, 0xFF, 0xE1, 0xFF, 0xFF, 0x87, 0xE0, 0x3F, 0x0F, 0xC0, 0x7F, 0x9F, 0x80, 0xFF,
    0x3F, 0x01, 0xFE, 0x7E, 0x07, 0xF9, 0xF8, 0x0F, 0xF0, 0x00, 0x07, 0xC0, 0x00, 0x0F, 0x80, 0x00,
    0x3E, 0x00, 0x00, 0x7C, 0x00, 0x00, 0x00, 0x00, 0x7E, 0x00, 0xFD, 0xF8, 0x01, 0xFB, 0xF0, 0x07,
    0xE7, 0xE0, 0x0F, 0xCF, 0xC0, 0x1F, 0x9F, 0x80, 0x3F, 0x7E, 0x00, 0x7E, 0xFC, 0x01, 0xF9, 0xFC,
    0x03, 0xF3, 0xFC, 0x1F, 0xE3, 0xFF, 0xFF, 0xC7, 0xFF, 0xFF, 0x87, 0xFF, 0xFE, 0x07, 0xFF, 0xFC,
    0x03, 0xFD, 0xF8, 0x00, 0x03, 0xF0, 0x00, 0x07, 0xE0, 0x00, 0x1F, 0x80, 0x03, 0xFF, 0x00, 0x07,
    0xFE, 0x00, 0x0F, 0xFC, 0x00, 0x3F, 0xF8, 0x00, 0x7F, 0xE0, 0x00, 0xFC, 0x00, 0x01, 0xF0, 0x00,
    0x03, 0xE0, 0x00, 0x0F, 0xC0, 0x00, 0x1F, 0x80, 0x00, 0x7E, 0x03, 0xE7, 0xE0, 0x7E, 0x7E, 0x07,
    0xE7, 0xE0, 0x7E, 0xFC, 0x07, 0xEF, 0xC0, 0x7C, 0xFE, 0x0F, 0xCF, 0xFF, 0xFC, 0xFF, 0xFF, 0xC7,
    0xFF, 0xFC, 0x3F, 0xFF, 0x80, 0xFD, 0xF8, 0x00, 0x1F, 0x80, 0x01, 0xF8, 0x00, 0xFF, 0x80, 0x1F,
    0xF0, 0x01, 0xFF, 0x00, 0x1F, 0xF0, 0x01, 0xF0, 0x00, 0x1F, 0x00, 0x03, 0xF0, 0x00, 0x3F, 0x00,
    0x00, 0x00, 0x00, 0x00, 0x1F, 0x80, 0x00, 0xFC, 0x3F, 0x00, 0x03, 0xF8, 0x7F, 0x00, 0x07, 0xF0,
    0xFE, 0x00, 0x1F, 0xC3, 0xFC, 0x00, 0x7F, 0x87, 0xFC, 0x01, 0xFF, 0x0F, 0xF8, 0x03, 0xFE, 0x1F,
    0xF8, 0x0F, 0xFC, 0x3F, 0xF0, 0x3F, 0xF0, 0xFF, 0xE0, 0xFF, 0xE1, 0xFF, 0xE3, 0xFF, 0xC3, 0xFF,
    0xC7, 0xFF, 0x87, 0xEF, 0xDF, 0xBF, 0x0F, 0x9F, 0xFE, 0x7C, 0x3F, 0x1F, 0xF9, 0xF8, 0x7E, 0x3F,
    0xE3, 0xF0, 0xFC, 0x3F, 0xC7, 0xE1, 0xF8, 0x7F, 0x0F, 0xC3, 0xE0, 0xFC, 0x1F, 0xFF, 0xC0, 0xF0,
    0x7F, 0xFF, 0x81, 0xE0, 0xFF, 0xBF, 0x00, 0x01, 0xFF, 0x7E, 0x00, 0x03, 0xFC, 0x00, 0x00, 0x01,
    0xF8, 0x00, 0x00, 0x03, 0xE0, 0x00, 0x00, 0x07, 0xC0, 0x00, 0x00, 0x1F, 0x00, 0x00, 0x00, 0x3E,
    0x00, 0x0F, 0xC0, 0x07, 0xC1, 0xF8, 0x01, 0xF8, 0x7F, 0x80, 0x7F, 0x0F, 0xF0, 0x1F, 0xE1, 0xFE,
    0x07, 0xFC, 0x3F, 0xE0, 0xFF, 0x87, 0xFC, 0x3F, 0xE1, 0xFF, 0xCF, 0xFC, 0x3F, 0xFB, 0xFF, 0x87,
    0xDF, 0x7F, 0xF0, 0xFB, 0xFF, 0x7E, 0x1F, 0x3F, 0xCF, 0x87, 0xE7, 0xF9, 0xF0, 0xFC, 0x7E, 0x3F,
    0xDF, 0x0F, 0x8F, 0xFB, 0xE1, 0xE1, 0xFE, 0x7C, 0x18, 0x3F, 0xDF, 0x80, 0x07, 0xF0, 0x00, 0x00,
    0x3E, 0x00, 0x00, 0x0F, 0x80, 0x00, 0x01, 0xF0, 0x00, 0x00, 0x3C, 0x00, 0x07, 0xE0, 0xFC, 0x1F,
    0x83, 0xE0, 0xFC, 0x1F, 0x83, 0xF0, 0x7E, 0x0F, 0x83, 0xF0, 0x7E, 0x0F, 0xC1, 0xF8, 0x3E, 0x0F,
    0xC1, 0xF8, 0x3F, 0x07, 0xE0, 0xF8, 0x3F, 0x07, 0xE0, 0xFC, 0x1F, 0x83, 0xE0, 0xFC, 0x00, 0x00,
    0x07, 0x83, 0xC0, 0x00, 0xF0, 0xF8, 0x00, 0x1F, 0xFE, 0x00, 0x03, 0xFF, 0xC0, 0x00, 0x3F, 0xF0,
    0x00, 0x01, 0xF0, 0x00, 0x00, 0x00, 0x00, 0x00, 0x0F, 0xC0, 0x00, 0x03, 0xF8, 0x00, 0x00, 0xFF,
    0x80, 0x00, 0x1F, 0xF0, 0x00, 0x07, 0xFE, 0x00, 0x01, 0xFF, 0xC0, 0x00, 0x3F, 0xFC, 0x00, 0x0F,
    0xDF, 0x80, 0x03, 0xF3, 0xF0, 0x00, 0x7E, 0x3E, 0x00, 0x1F, 0x87, 0xE0, 0x07, 0xF0, 0xFC, 0x00,
    0xFC, 0x1F, 0x80, 0x3F, 0x01, 0xF0, 0x07, 0xFF, 0xFF, 0x01, 0xFF, 0xFF, 0xE0, 0x7F, 0xFF, 0xFC,
    0x0F, 0xFF, 0xFF, 0x83, 0xF0, 0x01, 0xF8, 0xFE, 0x00, 0x3F, 0x1F, 0x80, 0x07, 0xE7, 0xF0, 0x00,
    0xFD, 0xFC, 0x00, 0x0F, 0xC0, 0x00, 0xF0, 0xF0, 0x07, 0xC7, 0xC0, 0x0F, 0xFE, 0x00, 0x3F, 0xF8,
    0x00, 0x7F, 0xC0, 0x00, 0x78, 0x00, 0x00, 0x00, 0x00, 0xFF, 0x3F, 0x0F, 0xFF, 0xF8, 0x7F, 0xFF,
    0xE3, 0xFF, 0xFF, 0x9F, 0xFF, 0xFE, 0x7F, 0x07, 0xFB, 0xF8, 0x0F, 0xCF, 0xC0, 0x3F, 0x3F, 0x00,
    0xFC, 0xFC, 0x03, 0xF3, 0xF0, 0x0F, 0xCF, 0xC0, 0x7E, 0x3F, 0x03, 0xF8, 0xFF, 0x3F, 0xE1, 0xFF,
    0xFF, 0x87, 0xFF, 0xFE, 0x0F, 0xFF, 0xF0, 0x0F, 0xF7, 0xC0, 0x0E, 0x00, 0x00, 0x00, 0x03, 0xC7,
    0x00, 0x00, 0xF9, 0xF0, 0x00, 0x1F, 0x3E, 0x00, 0x03, 0xE7, 0xC0, 0x00, 0x38, 0x70, 0x00, 0x00,
    0x00, 0x00, 0x00, 0x00, 0x00, 0x00, 0x0F, 0xC0, 0x00, 0x03, 0xF8, 0x00, 0x00, 0xFF, 0x80, 0x00,
    0x1F, 0xF0, 0x00, 0x07, 0xFE, 0x00, 0x01, 0xFF, 0xC0, 0x00, 0x3F, 0xFC, 0x00, 0x0F, 0xDF, 0x80,
    0x03, 0xF3, 0xF0, 0x00, 0x7E, 0x3E, 0x00, 0x1F, 0x87, 0xE0, 0x07, 0xF0, 0xFC, 0x00, 0xFC, 0x1F,
    0x80, 0x3F, 0x01, 0xF0, 0x07, 0xFF, 0xFF, 0x01, 0xFF, 0xFF, 0xE0, 0x7F, 0xFF, 0xFC, 0x0F, 0xFF,
    0xFF, 0x83, 0xF0, 0x01, 0xF8, 0xFE, 0x00, 0x3F, 0x1F, 0x80, 0x07, 0xE7, 0xF0, 0x00, 0xFD, 0xFC,
    0x00, 0x0F, 0xC0, 0x00, 0xF1, 0xE0, 0x03, 0xEF, 0x80, 0x1F, 0xBE, 0x00, 0x7C, 0xF8, 0x00, 0xF1,
    0xC0, 0x00, 0x00, 0x00, 0x00, 0x00, 0x00, 0xFF, 0x3F, 0x0F, 0xFF, 0xF8, 0x7F, 0xFF, 0xE3, 0xFF,
    0xFF, 0x9F, 0xFF, 0xFE, 0x7F, 0x07, 0xFB, 0xF8, 0x0F, 0xCF, 0xC0, 0x3F, 0x3F, 0x00, 0xFC, 0xFC,
    0x03, 0xF3, 0xF0, 0x0F, 0xCF, 0xC0, 0x7E, 0x3F, 0x03, 0xF8, 0xFF, 0x3F, 0xE1, 0xFF, 0xFF, 0x87,
    0xFF, 0xFE, 0x0F, 0xFF, 0xF0, 0x0F, 0xF7, 0xC0, 0x0E, 0x00, 0x00, 0x00, 0x00, 0x07, 0x00, 0x00,
    0x00, 0x00, 0x7F, 0xFF, 0xFE, 0x00, 0x00, 0xFF, 0xFF, 0xFE, 0x00, 0x01, 0xFF, 0xFF, 0xFE, 0x00,
    0x01, 0xFF, 0xFF, 0xFE, 0x00, 0x03, 0xFF, 0xFF, 0xFC, 0x00, 0x07, 0xFF, 0xC0, 0x00, 0x00, 0x0F,
    0xEF, 0xC0, 0x00, 0x00, 0x0F, 0xCF, 0xC0, 0x00, 0x00, 0x1F, 0x8F, 0xC0, 0x00, 0x00, 0x3F, 0x9F,
    0xFF, 0xF0, 0x00, 0x7F, 0x1F, 0xFF, 0xF0, 0x00, 0x7E, 0x1F, 0xFF, 0xF0, 0x00, 0xFC, 0x1F, 0xFF,
    0xF0, 0x01, 0xFC, 0x1F, 0xFF, 0xE0, 0x03, 0xFF, 0xFF, 0x00, 0x00, 0x03, 0xFF, 0xFF, 0x00, 0x00,
    0x07, 0xFF, 0xFF, 0x00, 0x00, 0x0F, 0xFF, 0xFF, 0x00, 0x00, 0x1F, 0xC0, 0x7F, 0xFF, 0xF0, 0x1F,
    0x80, 0x7F, 0xFF, 0xF0, 0x3F, 0x80, 0x7F, 0xFF, 0xF0, 0x7F, 0x00, 0x7F, 0xFF, 0xF0, 0xFE, 0x00,
    0x7F, 0xFF, 0xE0, 0x00, 0x00, 0x00, 0x00, 0x07, 0xFE, 0x1F, 0xF0, 0x1F, 0xFF, 0x7F, 0xF8, 0x1F,
    0xFF, 0xFF, 0xFC, 0x1F, 0xFF, 0xFF, 0xFE, 0x0F, 0xBF, 0xF8, 0x7F, 0x08, 0x0F, 0xF0, 0x3F, 0x00,
    0x07, 0xE0, 0x1F, 0x07, 0xFF, 0xFF, 0xFF, 0x1F, 0xFF, 0xFF, 0xFF, 0x7F, 0xFF, 0xFF, 0xFF, 0x7F,
    0xFF, 0xFF, 0xFF, 0xFC, 0x0F, 0xC0, 0x00, 0xFC, 0x0F, 0xE0, 0x10, 0xFC, 0x1F, 0xF0, 0x70, 0xFF,
    0xFF, 0xFF, 0xF8, 0x7F, 0xFF, 0xFF, 0xFC, 0x7F, 0xFD, 0xFF, 0xF8, 0x1F, 0xF0, 0x7F, 0xE0, 0x03,
    0x80, 0x0F, 0x00, 0x00, 0xF0, 0x78, 0x01, 0xE0, 0xF0, 0x03, 0xFF, 0xE0, 0x03, 0xFF, 0x80, 0x07,
    0xFE, 0x00, 0x03, 0xF0, 0x00, 0x00, 0x00, 0x07, 0xFF, 0xFE, 0x0F, 0xFF, 0xFC, 0x1F, 0xFF, 0xF8,
    0x3F, 0xFF, 0xF0, 0xFF, 0xFF, 0xC1, 0xF8, 0x00, 0x03, 0xF0, 0x00, 0x07, 0xE0, 0x00, 0x0F, 0xC0,
    0x00, 0x3F, 0xFF, 0xE0, 0x7F, 0xFF, 0xC0, 0xFF, 0xFF, 0x81, 0xFF, 0xFF, 0x03, 0xFF, 0xFC, 0x0F,
    0xC0, 0x00, 0x1F, 0x80, 0x00, 0x3F, 0x00, 0x00, 0x7E, 0x00, 0x00, 0xFF, 0xFF, 0xC3, 0xFF, 0xFF,
    0x87, 0xFF, 0xFF, 0x0F, 0xFF, 0xFE, 0x1F, 0xFF, 0xF8, 0x00, 0x03, 0xC1, 0xE0, 0x7C, 0x7C, 0x0F,
    0xFF, 0x00, 0xFF, 0xC0, 0x0F, 0xF0, 0x00, 0x78, 0x00, 0x00, 0x00, 0x1F, 0xF0, 0x0F, 0xFF, 0x03,
    0xFF, 0xF8, 0xFF, 0xFF, 0x3F, 0xC7, 0xF7, 0xE0, 0x7F, 0xF8, 0x07, 0xFF, 0xFF, 0xFF, 0xFF, 0xFF,
    0xFF, 0xFF, 0xFF, 0xFF, 0xFF, 0xF0, 0x00, 0x7E, 0x01, 0x0F, 0xF0, 0xE0, 0xFF, 0xFE, 0x0F, 0xFF,
    0xE0, 0xFF, 0xF8, 0x0F, 0xFE, 0x00, 0x3C, 0x00, 0x00, 0x3F, 0x80, 0x00, 0x7F, 0xFC, 0x00, 0x7F,
    0xFF, 0xC0, 0x3F, 0xFF, 0xF8, 0x0F, 0xFF, 0xFF, 0x03, 0xFC, 0xFF, 0xC0, 0x78, 0x07, 0xF8, 0x08,
    0x00, 0xFE, 0x00, 0x00, 0x1F, 0x80, 0x00, 0x07, 0xE0, 0x00, 0x01, 0xFB, 0xFF, 0xFF, 0xFE, 0xFF,
    0xFF, 0xFF, 0xBF, 0xFF, 0xFF, 0xEF, 0xFF, 0xFF, 0xFB, 0xF0, 0x00, 0xFE, 0xFC, 0x00, 0x3F, 0x3F,
    0x80, 0x1F, 0xC7, 0xF0, 0x0F, 0xE1, 0xFF, 0x0F, 0xF8, 0x3F, 0xFF, 0xFC, 0x07, 0xFF, 0xFE, 0x00,
    0xFF, 0xFE, 0x00, 0x1F, 0xFE, 0x00, 0x00, 0x7C, 0x00, 0x00, 0x00, 0x00, 0x00, 0x3F, 0xE0, 0x0F,
    0xFF, 0x81, 0xFF, 0xFC, 0x0F, 0xFF, 0xE0, 0xFF, 0xFE, 0x04, 0x07, 0xF0, 0x00, 0x3F, 0x7F, 0xFF,
    0xF7, 0xFF, 0xFF, 0xFF, 0xFF, 0xFF, 0xFF, 0xFF, 0x7C, 0x03, 0xF7, 0xC0, 0x7E, 0x7E, 0x0F, 0xE7,
    0xFF, 0xFC, 0x3F, 0xFF, 0x81, 0xFF, 0xF0, 0x0F, 0xFC, 0x00, 0x1E, 0x00, 0x00, 0x1E, 0x38, 0x00,
    0x07, 0xDF, 0x00, 0x03, 0xF7, 0xC0, 0x00, 0xF9, 0xF0, 0x00, 0x1E, 0x38, 0x00, 0x00, 0x00, 0x00,
    0x03, 0xF8, 0x00, 0x07, 0xFF, 0xC0, 0x07, 0xFF, 0xFC, 0x03, 0xFF, 0xFF, 0x80, 0xFF, 0xFF, 0xF0,
    0x3F, 0xCF, 0xFC, 0x07, 0x80, 0x7F, 0x80, 0x80, 0x0F, 0xE0, 0x00, 0x01, 0xF8, 0x00, 0x00, 0x7E,
    0x00, 0x00, 0x1F, 0xBF, 0xFF, 0xFF, 0xEF, 0xFF, 0xFF, 0xFB, 0xFF, 0xFF, 0xFE, 0xFF, 0xFF, 0xFF,
    0xBF, 0x00, 0x0F, 0xEF, 0xC0, 0x03, 0xF3, 0xF8, 0x01, 0xFC, 0x7F, 0x00, 0xFE, 0x1F, 0xF0, 0xFF,
    0x83, 0xFF, 0xFF, 0xC0, 0x7F, 0xFF, 0xE0, 0x0F, 0xFF, 0xE0, 0x01, 0xFF, 0xE0, 0x00, 0x07, 0xC0,
    0x00, 0x00, 0xF1, 0xC0, 0x1F, 0x3E, 0x01, 0xF3, 0xE0, 0x1F, 0x3E, 0x00, 0xE1, 0xC0, 0x00, 0x00,
    0x00, 0x00, 0x00, 0x3F, 0xE0, 0x0F, 0xFF, 0x81, 0xFF, 0xFC, 0x0F, 0xFF, 0xE0, 0xFF, 0xFE, 0x04,
    0x07, 0xF0, 0x00, 0x3F, 0x7F, 0xFF, 0xF7, 0xFF, 0xFF, 0xFF, 0xFF, 0xFF, 0xFF, 0xFF, 0x7C, 0x03,
    0xF7, 0xC0, 0x7E, 0x7E, 0x0F, 0xE7, 0xFF, 0xFC, 0x3F, 0xFF, 0x81, 0xFF, 0xF0, 0x0F, 0xFC, 0x00,
    0x1E, 0x00, 0x00, 0x00, 0x1C, 0x38, 0x00, 0x00, 0x00, 0x3E, 0x7C, 0x00, 0x00, 0x00, 0x3E, 0xFC,
    0x00, 0x00, 0x00, 0x3E, 0x7C, 0x00, 0x00, 0x00, 0x1C, 0x78, 0x00, 0x00, 0x00, 0x00, 0x00, 0x00,
    0x00, 0x00, 0x00, 0x00, 0x00, 0x03, 0xF0, 0x0F, 0xC0, 0x7F, 0x03, 0xF0, 0x1F, 0x80, 0xFE, 0x03,
    0xF8, 0x1F, 0x80, 0xFC, 0x01, 0xF8, 0x1F, 0x81, 0xF8, 0x01, 0xF8, 0x1F, 0x83, 0xF8, 0x00, 0xFC,
    0x1F, 0x87, 0xF0, 0x00, 0xFC, 0x3F, 0x0F, 0xE0, 0x00, 0xFC, 0x3F, 0x0F, 0xC0, 0x00, 0x7E, 0x3F,
    0x1F, 0x80, 0x00, 0x7F, 0xFF, 0xFF, 0x80, 0x00, 0x3F, 0xFF, 0xFF, 0x00, 0x00, 0x7F, 0xFF, 0xFE,
    0x00, 0x00, 0xFF, 0xFF, 0xFF, 0x00, 0x01, 0xFF, 0xFF, 0xFF, 0x00, 0x01, 0xFC, 0x7E, 0x3F, 0x80,
    0x03, 0xF8, 0x7E, 0x3F, 0x80, 0x07, 0xF0, 0xFC, 0x1F, 0x80, 0x0F, 0xF0, 0xFC, 0x1F, 0xC0, 0x0F,
    0xE0, 0xFC, 0x1F, 0xC0, 0x1F, 0xC0, 0xFC, 0x0F, 0xC0, 0x3F, 0x80, 0xFC, 0x0F, 0xE0, 0x7F, 0x81,
    0xF8, 0x0F, 0xE0, 0x7F, 0x01, 0xF8, 0x07, 0xF0, 0x00, 0x01, 0xC3, 0x80, 0x00, 0x00, 0xF9, 0xF0,
    0x00, 0x00, 0x3E, 0x7C, 0x00, 0x00, 0x0F, 0x9F, 0x00, 0x00, 0x01, 0xC7, 0x80, 0x00, 0x00, 0x00,
    0x00, 0x00, 0x00, 0x00, 0x00, 0x00, 0x3F, 0x03, 0xF0, 0x7F, 0x07, 0xE0, 0xFC, 0x3F, 0x81, 0xF8,
    0x3E, 0x0F, 0xC0, 0x7E, 0x1F, 0x87, 0xE0, 0x0F, 0xC7, 0xE3, 0xF0, 0x03, 0xF1, 0xF9, 0xFC, 0x00,
    0x7E, 0x7E, 0x7E, 0x00, 0x1F, 0xFF, 0xFF, 0x00, 0x07, 0xFF, 0xFF, 0x80, 0x01, 0xFF, 0xFF, 0xE0,
    0x00, 0xFF, 0xFF, 0xF8, 0x00, 0x7F, 0xFF, 0xFF, 0x00, 0x3F, 0x8F, 0x8F, 0xC0, 0x0F, 0xC7, 0xE3,
    0xF8, 0x07, 0xF1, 0xF8, 0x7E, 0x03, 0xF8, 0x7E, 0x1F, 0x81, 0xFC, 0x1F, 0x87, 0xF0, 0xFE, 0x07,
    0xC0, 0xFC, 0x00, 0x00, 0x1C, 0x78, 0x00, 0x7D, 0xF0, 0x00, 0xFB, 0xF0, 0x01, 0xF7, 0xC0, 0x03,
    0xC7, 0x80, 0x00, 0x00, 0x00, 0x0F, 0xE0, 0x00, 0xFF, 0xF8, 0x07, 0xFF, 0xF8, 0x0F, 0xFF, 0xF8,
    0x1F, 0xFF, 0xF8, 0x3F, 0x0F, 0xF0, 0x20, 0x07, 0xE0, 0x00, 0x0F, 0xC0, 0x00, 0x1F, 0x80, 0x00,
    0xFE, 0x01, 0xFF, 0xFC, 0x03, 0xFF, 0xF0, 0x07, 0xFF, 0xC0, 0x0F, 0xFF, 0xC0, 0x1F, 0xFF, 0xC0,
    0x00, 0x1F, 0x80, 0x00, 0x3F, 0x00, 0x00, 0x7E, 0x38, 0x01, 0xFC, 0x7E, 0x0F, 0xF9, 0xFF, 0xFF,
    0xE7, 0xFF, 0xFF, 0x87, 0xFF, 0xFE, 0x03, 0xFF, 0xF0, 0x00, 0x7E, 0x00, 0x00, 0x01, 0xC3, 0x80,
    0xF9, 0xF0, 0x3E, 0x7C, 0x0F, 0x9F, 0x01, 0xC7, 0x80, 0x00, 0x00, 0x00, 0x00, 0x1F, 0xF8, 0x1F,
    0xFF, 0x87, 0xFF, 0xF0, 0xFF, 0xFC, 0x3C, 0x3F, 0x00, 0x0F, 0xC0, 0x03, 0xF0, 0x3F, 0xF8, 0x0F,
    0xFC, 0x03, 0xFF, 0x00, 0xFF, 0xE0, 0x00, 0xF8, 0x00, 0x3F, 0x70, 0x1F, 0x9F, 0xFF, 0xEF, 0xFF,
    0xF3, 0xFF, 0xF8, 0x3F, 0xFC, 0x01, 0xF0, 0x00, 0x00, 0x00, 0x00, 0x1F, 0xFF, 0xF0, 0x7F, 0xFF,
    0xC1, 0xFF, 0xFF, 0x0F, 0xFF, 0xF8, 0x1F, 0xFF, 0xC0, 0x00, 0x7E, 0x00, 0x03, 0xF0, 0x00, 0x3F,
    0x80, 0x01, 0xFC, 0x00, 0x0F, 0xF0, 0x00, 0x3F, 0xF0, 0x00, 0xFF, 0xE0, 0x03, 0xFF, 0x80, 0x01,
    0xFF, 0x00, 0x00, 0xFC, 0x00, 0x03, 0xF0, 0x00, 0x0F, 0xC3, 0x80, 0x7F, 0x0F, 0xEF, 0xF8, 0x7F,
    0xFF, 0xE3, 0xFF, 0xFF, 0x07, 0xFF, 0xF8, 0x07, 0xFF, 0x80, 0x03, 0xF0, 0x00, 0x03, 0xFF, 0xFE,
    0x07, 0xFF, 0xF8, 0x1F, 0xFF, 0xF0, 0x3F, 0xFF, 0xE0, 0x7F, 0xFF, 0x80, 0x00, 0x7E, 0x00, 0x01,
    0xF8, 0x00, 0x07, 0xE0, 0x00, 0x1F, 0x80, 0x00, 0xFE, 0x00, 0x01, 0xFE, 0x00, 0x03, 0xFF, 0x00,
    0x0F, 0xFE, 0x00, 0x1F, 0xFE, 0x00, 0x01, 0xFC, 0x00, 0x01, 0xF8, 0x00, 0x03, 0xF0, 0x00, 0x07,
    0xE0, 0x60, 0x0F, 0xC1, 0xF0, 0x7F, 0x87, 0xFF, 0xFE, 0x0F, 0xFF, 0xF8, 0x1F, 0xFF, 0xE0, 0x0F,
    0xFF, 0x80, 0x07, 0xF8, 0x00, 0x00, 0x3F, 0xFE, 0x00, 0x07, 0xFF, 0xC0, 0x00, 0xFF, 0xF8, 0x00,
    0x00, 0x00, 0x00, 0x00, 0x00, 0x00, 0x00, 0x00, 0x00, 0x03, 0xF0, 0x03, 0xF0, 0x7E, 0x00, 0xFE,
    0x0F, 0xC0, 0x3F, 0xC1, 0xF8, 0x0F, 0xF8, 0x7E, 0x03, 0xFF, 0x0F, 0xC0, 0xFF, 0xC1, 0xF8, 0x3F,
    0xF8, 0x3F, 0x0F, 0xFF, 0x07, 0xE3, 0xFF, 0xE1, 0xF8, 0x7E, 0xFC, 0x3F, 0x1F, 0xBF, 0x07, 0xE7,
    0xE7, 0xE0, 0xFD, 0xFC, 0xFC, 0x1F, 0xFF, 0x1F, 0x87, 0xFF, 0xC3, 0xF0, 0xFF, 0xF0, 0xFC, 0x1F,
    0xFC, 0x1F, 0x83, 0xFF, 0x03, 0xF0, 0x7F, 0xC0, 0x7E, 0x1F, 0xF0, 0x0F, 0xC3, 0xFC, 0x03, 0xF0,
    0x7F, 0x00, 0x7E, 0x0F, 0xC0, 0x0F, 0xC0, 0x00, 0xFF, 0xF8, 0x01, 0xFF, 0xF0, 0x07, 0xFF, 0xC0,
    0x00, 0x00, 0x00, 0x00, 0x00, 0x00, 0x00, 0x00, 0x03, 0xF0, 0x1F, 0x87, 0xE0, 0x7F, 0x1F, 0x81,
    0xFE, 0x3F, 0x07, 0xF8, 0x7E, 0x1F, 0xF0, 0xFC, 0x7F, 0xE1, 0xF1, 0xFF, 0xC7, 0xE7, 0xFF, 0x8F,
    0xDF, 0xFF, 0x1F, 0xFE, 0xFC, 0x3F, 0xFD, 0xF8, 0x7F, 0xF3, 0xF1, 0xFF, 0xC7, 0xE3, 0xFF, 0x0F,
    0xC7, 0xFC, 0x3F, 0x0F, 0xF0, 0x7E, 0x1F, 0xC0, 0xFC, 0x7F, 0x01, 0xF8, 0x00, 0x0E, 0x3C, 0x00,
    0x03, 0xEF, 0x80, 0x00, 0xFD, 0xF0, 0x00, 0x0F, 0x3E, 0x00, 0x01, 0xE3, 0x80, 0x00, 0x00, 0x00,
    0x00, 0x00, 0x00, 0x00, 0x7E, 0x00, 0x7E, 0x0F, 0xC0, 0x1F, 0xC1, 0xF8, 0x07, 0xF8, 0x3F, 0x01,
    0xFF, 0x0F, 0xC0, 0x7F, 0xE1, 0xF8, 0x1F, 0xF8, 0x3F, 0x07, 0xFF, 0x07, 0xE1, 0xFF, 0xE0, 0xFC,
    0x7F, 0xFC, 0x3F, 0x0F, 0xDF, 0x87, 0xE3, 0xF7, 0xE0, 0xFC, 0xFC, 0xFC, 0x1F, 0xBF, 0x9F, 0x83,
    0xFF, 0xE3, 0xF0, 0xFF, 0xF8, 0x7E, 0x1F, 0xFE, 0x1F, 0x83, 0xFF, 0x83, 0xF0, 0x7F, 0xE0, 0x7E,
    0x0F, 0xF8, 0x0F, 0xC3, 0xFE, 0x01, 0xF8, 0x7F, 0x80, 0x7E, 0x0F, 0xE0, 0x0F, 0xC1, 0xF8, 0x01,
    0xF8, 0x00, 0x00, 0x78, 0xE0, 0x01, 0xF3, 0xE0, 0x03, 0xE7, 0xC0, 0x07, 0xCF, 0x80, 0x07, 0x0E,
    0x00, 0x00, 0x00, 0x00, 0x00, 0x00, 0x07, 0xE0, 0x3F, 0x0F, 0xC0, 0xFE, 0x3F, 0x03, 0xFC, 0x7E,
    0x0F, 0xF0, 0xFC, 0x3F, 0xE1, 0xF8, 0xFF, 0xC3, 0xE3, 0xFF, 0x8F, 0xCF, 0xFF, 0x1F, 0xBF, 0xFE,
    0x3F, 0xFD, 0xF8, 0x7F, 0xFB, 0xF0, 0xFF, 0xE7, 0xE3, 0xFF, 0x8F, 0xC7, 0xFE, 0x1F, 0x8F, 0xF8,
    0x7E, 0x1F, 0xE0, 0xFC, 0x3F, 0x81, 0xF8, 0xFE, 0x03, 0xF0, 0x00, 0x0E, 0x1C, 0x00, 0x03, 0xE7,
    0xC0, 0x00, 0x7C, 0xF8, 0x00, 0x0F, 0x9F, 0x00, 0x00, 0xE3, 0xC0, 0x00, 0x00, 0x00, 0x00, 0x07,
    0xF0, 0x00, 0x07, 0xFF, 0xC0, 0x01, 0xFF, 0xFE, 0x00, 0xFF, 0xFF, 0xE0, 0x3F, 0xFF, 0xFE, 0x0F,
    0xFE, 0x7F, 0xC1, 0xFC, 0x03, 0xFC, 0x7F, 0x00, 0x1F, 0x8F, 0xC0, 0x03, 0xF3, 0xF8, 0x00, 0x7F,
    0x7E, 0x00, 0x0F, 0xEF, 0xC0, 0x01, 0xFF, 0xF8, 0x00, 0x3F, 0xFF, 0x00, 0x07, 0xEF, 0xE0, 0x00,
    0xFD, 0xFC, 0x00, 0x3F, 0x9F, 0x80, 0x07, 0xE3, 0xF8, 0x01, 0xFC, 0x7F, 0x80, 0xFF, 0x07, 0xFF,
    0xFF, 0xE0, 0xFF, 0xFF, 0xF8, 0x0F, 0xFF, 0xFE, 0x00, 0xFF, 0xFF, 0x00, 0x07, 0xFF, 0x80, 0x00,
    0x1F, 0x80, 0x00, 0x00, 0xE3, 0xC0, 0x1F, 0x7C, 0x03, 0xF7, 0xC0, 0x1F, 0x7C, 0x01, 0xE3, 0x80,
    0x00, 0x00, 0x00, 0x00, 0x00, 0x3F, 0xE0, 0x0F, 0xFF, 0x81, 0xFF, 0xFC, 0x3F, 0xFF, 0xE7, 0xFF,
    0xFE, 0x7F, 0x07, 0xFF, 0xE0, 0x3F, 0xFC, 0x03, 0xFF, 0xC0, 0x3F, 0xFC, 0x03, 0xFF, 0xC0, 0x3F,
    0xFC, 0x07, 0xEF, 0xC0, 0xFE, 0xFF, 0x1F, 0xE7, 0xFF, 0xFC, 0x7F, 0xFF, 0x83, 0xFF, 0xF0, 0x0F,
    0xFC, 0x00, 0x1E, 0x00, 0x00, 0x1F, 0xE0, 0x00, 0x0F, 0xFF, 0x00, 0x07, 0xFF, 0xF8, 0x03, 0xFF,
    0xFF, 0x80, 0xFF, 0xFF, 0xF8, 0x3F, 0xF9, 0xFF, 0x07, 0xF0, 0x0F, 0xF1, 0xFC, 0x00, 0x7E, 0x3F,
    0x00, 0x0F, 0xCF, 0xE0, 0x01, 0xFD, 0xFF, 0xFF, 0xFF, 0xBF, 0xFF, 0xFF, 0xF7, 0xFF, 0xFF, 0xFF,
    0xFF, 0xFF, 0xFF, 0xBF, 0x80, 0x03, 0xF7, 0xF0, 0x00, 0xFE, 0x7E, 0x00, 0x1F, 0x8F, 0xE0, 0x07,
    0xF1, 0xFE, 0x03, 0xFC, 0x1F, 0xFF, 0xFF, 0x83, 0xFF, 0xFF, 0xE0, 0x3F, 0xFF, 0xF8, 0x03, 0xFF,
    0xFC, 0x00, 0x1F, 0xFE, 0x00, 0x00, 0x7E, 0x00, 0x00, 0x03, 0xFE, 0x00, 0xFF, 0xF8, 0x1F, 0xFF,
    0xC3, 0xFF, 0xFE, 0x7F, 0xFF, 0xE7, 0xE0, 0x7F, 0xFC, 0x03, 0xFF, 0xFF, 0xFF, 0xFF, 0xFF, 0xFF,
    0xFF, 0xFF, 0xFF, 0xFF, 0xFF, 0xC0, 0x7E, 0xFC, 0x07, 0xEF, 0xF1, 0xFC, 0x7F, 0xFF, 0xC7, 0xFF,
    0xF8, 0x3F, 0xFF, 0x00, 0xFF, 0xC0, 0x01, 0xE0, 0x00, 0x00, 0x0E, 0x1C, 0x00, 0x03, 0xE7, 0xC0,
    0x00, 0x7C, 0xF8, 0x00, 0x0F, 0x9F, 0x00, 0x00, 0xE3, 0xC0, 0x00, 0x00, 0x00, 0x00, 0x07, 0xF8,
    0x00, 0x03, 0xFF, 0xC0, 0x01, 0xFF, 0xFE, 0x00, 0xFF, 0xFF, 0xE0, 0x3F, 0xFF, 0xFE, 0x0F, 0xFE,
    0x7F, 0xC1, 0xFC, 0x03, 0xFC, 0x7F, 0x00, 0x1F, 0x8F, 0xC0, 0x03, 0xF3, 0xF8, 0x00, 0x7F, 0x7F,
    0xFF, 0xFF, 0xEF, 0xFF, 0xFF, 0xFD, 0xFF, 0xFF, 0xFF, 0xFF, 0xFF, 0xFF, 0xEF, 0xE0, 0x00, 0xFD,
    0xFC, 0x00, 0x3F, 0x9F, 0x80, 0x07, 0xE3, 0xF8, 0x01, 0xFC, 0x7F, 0x80, 0xFF, 0x07, 0xFF, 0xFF,
    0xE0, 0xFF, 0xFF, 0xF8, 0x0F, 0xFF, 0xFE, 0x00, 0xFF, 0xFF, 0x00, 0x07, 0xFF, 0x80, 0x00, 0x1F,
    0x80, 0x00, 0x00, 0xE3, 0xC0, 0x1F, 0x7C, 0x01, 0xF7, 0xE0, 0x1F, 0x7C, 0x01, 0xE3, 0xC0, 0x00,
    0x00, 0x00, 0x00, 0x00, 0x3F, 0xE0, 0x0F, 0xFF, 0x81, 0xFF, 0xFC, 0x3F, 0xFF, 0xE7, 0xFF, 0xFE,
    0x7E, 0x07, 0xFF, 0xC0, 0x3F, 0xFF, 0xFF, 0xFF, 0xFF, 0xFF, 0xFF, 0xFF, 0xFF, 0xFF, 0xFF, 0xFC,
    0x07, 0xEF, 0xC0, 0x7E, 0xFF, 0x1F, 0xC7, 0xFF, 0xFC, 0x7F, 0xFF, 0x83, 0xFF, 0xF0, 0x0F, 0xFC,
    0x00, 0x1E, 0x00, 0x00, 0x1C, 0x38, 0x00, 0x1F, 0x3E, 0x00, 0x0F, 0xBF, 0x00, 0x07, 0xCF, 0x00,
    0x01, 0xC7, 0x80, 0x00, 0x00, 0x00, 0x00, 0x7E, 0x00, 0x01, 0xFF, 0xE0, 0x03, 0xFF, 0xF8, 0x07,
    0xFF, 0xFE, 0x03, 0xFF, 0xFF, 0x81, 0xFE, 0x7F, 0xC0, 0x78, 0x0F, 0xF0, 0x10, 0x03, 0xF8, 0x00,
    0x00, 0xFC, 0x00, 0x00, 0x7E, 0x00, 0x7F, 0xFF, 0x00, 0x3F, 0xFF, 0x80, 0x3F, 0xFF, 0xC0, 0x1F,
    0xFF, 0xE0, 0x0F, 0xFF, 0xF0, 0x00, 0x03, 0xF0, 0x00, 0x03, 0xF8, 0x10, 0x03, 0xF8, 0x3C, 0x03,
    0xFC, 0x3F, 0xFF, 0xFC, 0x3F, 0xFF, 0xFC, 0x0F, 0xFF, 0xFC, 0x03, 0xFF, 0xF8, 0x00, 0x7F, 0xF0,
    0x00, 0x07, 0xC0, 0x00, 0x00, 0xE1, 0xC0, 0x1F, 0x3E, 0x01, 0xF3, 0xE0, 0x1F, 0x3E, 0x00, 0xE3,
    0xC0, 0x00, 0x00, 0x00, 0x00, 0x00, 0x3F, 0xE0, 0x0F, 0xFF, 0x81, 0xFF, 0xFC, 0x3F, 0xFF, 0xE1,
    0xF0, 0xFE, 0x0C, 0x03, 0xF0, 0x00, 0x3F, 0x01, 0xFF, 0xF0, 0x1F, 0xFF, 0x01, 0xFF, 0xF0, 0x3F,
    0xFF, 0x00, 0x07, 0xE1, 0x00, 0xFE, 0x3C, 0x1F, 0xCF, 0xFF, 0xFC, 0x7F, 0xFF, 0x87, 0xFF, 0xE0,
    0x1F, 0xFC, 0x00, 0x3C, 0x00, 0x00, 0x7F, 0xFC, 0x00, 0x0F, 0xFF, 0x80, 0x01, 0xFF, 0xF0, 0x00,
    0x00, 0x00, 0x00, 0x00, 0x00, 0x00, 0x00, 0x00, 0x00, 0x07, 0xE0, 0x03, 0xF8, 0xFE, 0x00, 0x7E,
    0x0F, 0xC0, 0x1F, 0x81, 0xF8, 0x07, 0xE0, 0x3F, 0x01, 0xFC, 0x03, 0xF0, 0x3F, 0x00, 0x7E, 0x0F,
    0xC0, 0x0F, 0xC3, 0xF0, 0x00, 0xFC, 0x7E, 0x00, 0x1F, 0x9F, 0x80, 0x03, 0xF7, 0xE0, 0x00, 0x3F,
    0xFC, 0x00, 0x07, 0xFF, 0x00, 0x00, 0xFF, 0xC0, 0x00, 0x0F, 0xF0, 0x00, 0x01, 0xFE, 0x00, 0x00,
    0x3F, 0x80, 0x00, 0x0F, 0xE0, 0x00, 0x37, 0xF8, 0x00, 0x07, 0xFF, 0x00, 0x01, 0xFF, 0xC0, 0x00,
    0x3F, 0xF0, 0x00, 0x07, 0xF8, 0x00, 0x00, 0x7C, 0x00, 0x00, 0x00, 0x00, 0x7F, 0xFC, 0x00, 0x1F,
    0xFF, 0x00, 0x07, 0xFF, 0xC0, 0x00, 0x00, 0x00, 0x00, 0x00, 0x00, 0x00, 0x00, 0x00, 0x00, 0x7C,
    0x01, 0xF8, 0x1F, 0x80, 0x7E, 0x07, 0xE0, 0x3F, 0x01, 0xF8, 0x0F, 0x80, 0x7E, 0x07, 0xE0, 0x0F,
    0x83, 0xF0, 0x03, 0xF0, 0xFC, 0x00, 0xFC, 0x7E, 0x00, 0x3F, 0x1F, 0x00, 0x07, 0xCF, 0xC0, 0x01,
    0xFF, 0xE0, 0x00, 0x7F, 0xF0, 0x00, 0x1F, 0xFC, 0x00, 0x07, 0xFE, 0x00, 0x00, 0xFF, 0x80, 0x00,
    0x3F, 0xC0, 0x00, 0x0F, 0xE0, 0x00, 0x03, 0xF8, 0x00, 0x00, 0xFC, 0x00, 0x08, 0x7E, 0x00, 0x03,
    0xFF, 0x80, 0x01, 0xFF, 0xC0, 0x00, 0xFF, 0xE0, 0x00, 0x3F, 0xF0, 0x00, 0x03, 0xF0, 0x00, 0x00,
    0x00, 0x1C, 0x78, 0x00, 0x07, 0xCF, 0x80, 0x00, 0xFB, 0xF0, 0x00, 0x1F, 0x3C, 0x00, 0x03, 0xC7,
    0x80, 0x00, 0x00, 0x00, 0x00, 0x00, 0x00, 0x00, 0xFC, 0x00, 0x7F, 0x1F, 0xC0, 0x0F, 0xC1, 0xF8,
    0x03, 0xF0, 0x3F, 0x00, 0xFC, 0x07, 0xE0, 0x3F, 0x80, 0x7E, 0x07, 0xE0, 0x0F, 0xC1, 0xF8, 0x01,
    0xF8, 0x7E, 0x00, 0x1F, 0x8F, 0xC0, 0x03, 0xF3, 0xF0, 0x00, 0x7E, 0xFC, 0x00, 0x07, 0xFF, 0x80,
    0x00, 0xFF, 0xE0, 0x00, 0x1F, 0xF8, 0x00, 0x01, 0xFE, 0x00, 0x00, 0x3F, 0xC0, 0x00, 0x07, 0xF0,
    0x00, 0x01, 0xFC, 0x00, 0x06, 0xFF, 0x00, 0x00, 0xFF, 0xE0, 0x00, 0x3F, 0xF8, 0x00, 0x07, 0xFE,
    0x00, 0x00, 0xFF, 0x00, 0x00, 0x0F, 0x80, 0x00, 0x00, 0x00, 0x1C, 0x78, 0x00, 0x0F, 0xBE, 0x00,
    0x03, 0xEF, 0x80, 0x00, 0xFB, 0xE0, 0x00, 0x3C, 0x70, 0x00, 0x00, 0x00, 0x00, 0x00, 0x00, 0x00,
    0x1F, 0x00, 0x7E, 0x07, 0xE0, 0x1F, 0x81, 0xF8, 0x0F, 0xC0, 0x7E, 0x03, 0xE0, 0x1F, 0x81, 0xF8,
    0x03, 0xE0, 0xFC, 0x00, 0xFC, 0x3F, 0x00, 0x3F, 0x1F, 0x80, 0x0F, 0xC7, 0xC0, 0x01, 0xF3, 0xF0,
    0x00, 0x7F, 0xF8, 0x00, 0x1F, 0xFC, 0x00, 0x07, 0xFF, 0x00, 0x01, 0xFF, 0x80, 0x00, 0x3F, 0xE0,
    0x00, 0x0F, 0xF0, 0x00, 0x03, 0xF8, 0x00, 0x00, 0xFE, 0x00, 0x00, 0x3F, 0x00, 0x02, 0x1F, 0x80,
    0x00, 0xFF, 0xE0, 0x00, 0x7F, 0xF0, 0x00, 0x3F, 0xF8, 0x00, 0x0F, 0xFC, 0x00, 0x00, 0xFC, 0x00,
    0x00, 0x00, 0x0F, 0xDF, 0x00, 0x03, 0xF7, 0xE0, 0x00, 0x7C, 0xF8, 0x00, 0x1F, 0x3E, 0x00, 0x03,
    0xCF, 0x80, 0x00, 0x00, 0x00, 0x00, 0x00, 0x00, 0x00, 0xFC, 0x00, 0x7F, 0x1F, 0xC0, 0x0F, 0xC1,
    0xF8, 0x03, 0xF0, 0x3F, 0x00, 0xFC, 0x07, 0xE0, 0x3F, 0x80, 0x7E, 0x07, 0xE0, 0x0F, 0xC1, 0xF8,
    0x01, 0xF8, 0x7E, 0x00, 0x1F, 0x8F, 0xC0, 0x03, 0xF3, 0xF0, 0x00, 0x7E, 0xFC, 0x00, 0x07, 0xFF,
    0x80, 0x00, 0xFF, 0xE0, 0x00, 0x1F, 0xF8, 0x00, 0x01, 0xFE, 0x00, 0x00, 0x3F, 0xC0, 0x00, 0x07,
    0xF0, 0x00, 0x01, 0xFC, 0x00, 0x06, 0xFF, 0x00, 0x00, 0xFF, 0xE0, 0x00, 0x3F, 0xF8, 0x00, 0x07,
    0xFE, 0x00, 0x00, 0xFF, 0x00, 0x00, 0x0F, 0x80, 0x00, 0x00, 0x00, 0x0F, 0xDF, 0x00, 0x07, 0xEF,
    0xC0, 0x01, 0xF3, 0xE0, 0x00, 0xF9, 0xF0, 0x00, 0x3C, 0xF8, 0x00, 0x00, 0x00, 0x00, 0x00, 0x00,
    0x00, 0x1F, 0x00, 0x7E, 0x07, 0xE0, 0x1F, 0x81, 0xF8, 0x0F, 0xC0, 0x7E, 0x03, 0xE0, 0x1F, 0x81,
    0xF8, 0x03, 0xE0, 0xFC, 0x00, 0xFC, 0x3F, 0x00, 0x3F, 0x1F, 0x80, 0x0F, 0xC7, 0xC0, 0x01, 0xF3,
    0xF0, 0x00, 0x7F, 0xF8, 0x00, 0x1F, 0xFC, 0x00, 0x07, 0xFF, 0x00, 0x01, 0xFF, 0x80, 0x00, 0x3F,
    0xE0, 0x00, 0x0F, 0xF0, 0x00, 0x03, 0xF8, 0x00, 0x00, 0xFE, 0x00, 0x00, 0x3F, 0x00, 0x02, 0x1F,
    0x80, 0x00, 0xFF, 0xE0, 0x00, 0x7F, 0xF0, 0x00, 0x3F, 0xF8, 0x00, 0x0F, 0xFC, 0x00, 0x00, 0xFC,
    0x00, 0x00, 0x00, 0x38, 0xF0, 0x00, 0x7C, 0xF0, 0x00, 0x7D, 0xF8, 0x00, 0x7D, 0xF0, 0x00, 0x78,
    0xF0, 0x00, 0x00, 0x00, 0x00, 0x00, 0x00, 0x1F, 0x80, 0x3F, 0x1F, 0x80, 0x3F, 0x3F, 0x00, 0x3F,
    0x3F, 0x00, 0x7E, 0x3F, 0x00, 0x7E, 0x3F, 0x00, 0x7E, 0x3F, 0x00, 0x7E, 0x7E, 0x00, 0x7E, 0x7E,
    0x00, 0xFC, 0x7F, 0x00, 0xFC, 0x7F, 0x83, 0xFC, 0x3F, 0xFF, 0xFC, 0x3F, 0xFF, 0xFC, 0x1F, 0xFF,
    0xF8, 0x0F, 0xFF, 0xF8, 0x03, 0xFD, 0xF8, 0x00, 0x01, 0xF8, 0x00, 0x01, 0xF8, 0x00, 0x03, 0xF0,
    0x00, 0x03, 0xF0, 0x00, 0x03, 0xF0, 0x00, 0x03, 0xF0, 0x00, 0x03, 0xF0, 0x03, 0xC7, 0x80, 0x3E,
    0xF8, 0x07, 0xEF, 0x80, 0x7C, 0xF8, 0x03, 0xC7, 0x00, 0x00, 0x00, 0x00, 0x00, 0x07, 0xE0, 0x3E,
    0x7E, 0x07, 0xE7, 0xE0, 0x7E, 0x7E, 0x07, 0xE7, 0xC0, 0x7E, 0xFC, 0x07, 0xEF, 0xC0, 0xFC, 0xFC,
    0x0F, 0xCF, 0xFF, 0xFC, 0x7F, 0xFF, 0xC7, 0xFF, 0xFC, 0x3F, 0xFF, 0x80, 0xFD, 0xF8, 0x00, 0x1F,
    0x80, 0x01, 0xF8, 0x00, 0x1F, 0x80, 0x03, 0xF0, 0x00, 0x3F, 0x00, 0x00, 0x00, 0x00, 0x3F, 0xFF,
    0xE0, 0xFF, 0xFF, 0x83, 0xFF, 0xFE, 0x0F, 0xFF, 0xF8, 0x7F, 0xFF, 0xC1, 0xF8, 0x00, 0x07, 0xE0,
    0x00, 0x1F, 0x80, 0x00, 0x7E, 0x00, 0x03, 0xF0, 0x00, 0x0F, 0xC0, 0x00, 0x3F, 0x00, 0x00, 0xFC,
    0x00, 0x03, 0xF0, 0x00, 0x1F, 0x80, 0x00, 0x7E, 0x00, 0x01, 0xF8, 0x00, 0x07, 0xE0, 0x00, 0x1F,
    0xF0, 0x00, 0xFF, 0xC0, 0x03, 0xFE, 0x00, 0x0F, 0xF8, 0x00, 0x3F, 0xE0, 0x00, 0x1F, 0x80, 0x00,
    0x7E, 0x00, 0x01, 0xF8, 0x00, 0x07, 0xC0, 0x00, 0x3F, 0x00, 0x00, 0x0F, 0xFF, 0xE1, 0xFF, 0xFC,
    0x7F, 0xFF, 0x0F, 0xFF, 0xE1, 0xFF, 0xFC, 0x3F, 0x00, 0x07, 0xC0, 0x01, 0xF8, 0x00, 0x3F, 0x00,
    0x07, 0xE0, 0x00, 0xFC, 0x00, 0x1F, 0x00, 0x07, 0xE0, 0x00, 0xFF, 0x00, 0x1F, 0xF0, 0x03, 0xFC,
    0x00, 0x7F, 0x80, 0x1F, 0xF0, 0x00, 0x7E, 0x00, 0x0F, 0xC0, 0x01, 0xF0, 0x00, 0x3E, 0x00, 0x00,
    0x00, 0x03, 0xC7, 0x00, 0x00, 0x01, 0xF3, 0xE0, 0x00, 0x00, 0x7E, 0xF8, 0x00, 0x00, 0x1F, 0x3E,
    0x00, 0x00, 0x03, 0x87, 0x00, 0x00, 0x00, 0x00, 0x00, 0x00, 0x00, 0x00, 0x00, 0x00, 0x3F, 0x00,
    0x00, 0x3F, 0x0F, 0xC0, 0x00, 0x0F, 0xC3, 0xF0, 0x00, 0x03, 0xF0, 0xFC, 0x00, 0x01, 0xFC, 0x7E,
    0x00, 0x00, 0x7E, 0x1F, 0x80, 0x00, 0x1F, 0x87, 0xE0, 0x00, 0x07, 0xE1, 0xFF, 0xF8, 0x01, 0xF8,
    0x7F, 0xFF, 0xC0, 0xFE, 0x3F, 0xFF, 0xF8, 0x3F, 0x0F, 0xFF, 0xFF, 0x0F, 0xC3, 0xFF, 0xFF, 0xC3,
    0xF0, 0xFC, 0x07, 0xF0, 0xFC, 0x3F, 0x00, 0xFC, 0x7F, 0x1F, 0x80, 0x3F, 0x1F, 0x87, 0xE0, 0x0F,
    0xC7, 0xE1, 0xF8, 0x07, 0xF1, 0xF8, 0x7E, 0x01, 0xFC, 0x7E, 0x1F, 0x81, 0xFE, 0x3F, 0x8F, 0xFF,
    0xFF, 0x0F, 0xC3, 0xFF, 0xFF, 0x83, 0xF0, 0xFF, 0xFF, 0xC0, 0xFC, 0x3F, 0xFF, 0xC0, 0x3F, 0x00,
    0x00, 0x0E, 0x1C, 0x00, 0x01, 0xF3, 0xE0, 0x00, 0x1F, 0x3E, 0x00, 0x01, 0xF3, 0xE0, 0x00, 0x0E,
    0x3C, 0x00, 0x00, 0x00, 0x00, 0x00, 0x00, 0x00, 0x00, 0xFC, 0x00, 0x3F, 0x0F, 0xC0, 0x03, 0xF1,
    0xF8, 0x00, 0x3F, 0x1F, 0x80, 0x03, 0xE1, 0xF8, 0x00, 0x7E, 0x1F, 0x80, 0x07, 0xE1, 0xFF, 0xF0,
    0x7E, 0x3F, 0xFF, 0xC7, 0xE3, 0xFF, 0xFC, 0xFC, 0x3F, 0xFF, 0xEF, 0xC3, 0xF0, 0x7E, 0xFC, 0x3F,
    0x07, 0xEF, 0xC7, 0xE0, 0x7E, 0xFC, 0x7E, 0x0F, 0xDF, 0x87, 0xFF, 0xFD, 0xF8, 0x7F, 0xFF, 0x9F,
    0x87, 0xFF, 0xF1, 0xF8, 0xFF, 0xFC, 0x1F, 0x80, 0x00, 0x00, 0x00, 0x00, 0x3F, 0xFF, 0xF0, 0x0F,
    0xFF, 0xF8, 0x03, 0xFF, 0xFE, 0x00, 0xFF, 0xFF, 0x80, 0x3F, 0xFF, 0xC0, 0x1F, 0xC0, 0x00, 0x07,
    0xE0, 0x00, 0x01, 0xF8, 0x00, 0x00, 0x7E, 0x00, 0x00, 0x1F, 0x80, 0x00, 0x7F, 0xFF, 0xE0, 0x1F,
    0xFF, 0xF8, 0x07, 0xFF, 0xFE, 0x03, 0xFF, 0xFF, 0x80, 0x0F, 0xC0, 0x00, 0x07, 0xF0, 0x00, 0x01,
    0xF8, 0x00, 0x00, 0x7E, 0x00, 0x00, 0x1F, 0x80, 0x00, 0x07, 0xF8, 0x00, 0x03, 0xFE, 0x00, 0x00,
    0xFF, 0x80, 0x00, 0x3F, 0xE0, 0x00, 0x01, 0xF8, 0x00, 0x00, 0xFC, 0x00, 0x03, 0xFF, 0x00, 0x01,
    0xFF, 0xC0, 0x00, 0x7F, 0xE0, 0x00, 0x3F, 0xF0, 0x00, 0x03, 0xF0, 0x00, 0x00, 0x00, 0xFF, 0xFC,
    0x03, 0xFF, 0xE0, 0x1F, 0xFF, 0x80, 0x7F, 0xFE, 0x01, 0xFF, 0xF8, 0x07, 0xE0, 0x00, 0x1F, 0x80,
    0x00, 0xFC, 0x00, 0x1F, 0xFF, 0xC0, 0x7F, 0xFF, 0x01, 0xFF, 0xFC, 0x03, 0xFF, 0xE0, 0x07, 0xE0,
    0x00, 0x1F, 0x80, 0x00, 0x7F, 0x80, 0x01, 0xFE, 0x00, 0x07, 0xF8, 0x00, 0x3F, 0xE0, 0x00, 0x1F,
    0x80, 0x00, 0xFC, 0x00, 0x3F, 0xF0, 0x01, 0xFF, 0x80, 0x07, 0xFE, 0x00, 0x3F, 0xF0, 0x00, 0x3F,
    0x00, 0x00, 0x00, 0x00, 0x00, 0x00, 0x3F, 0x00, 0x7F, 0x03, 0xF8, 0x0F, 0xE0, 0x1F, 0x81, 0xFC,
    0x01, 0xFC, 0x3F, 0x80, 0x0F, 0xC7, 0xF0, 0x00, 0xFE, 0xFE, 0x00, 0x07, 0xFF, 0xC0, 0x00, 0x7F,
    0xFC, 0x00, 0x03, 0xFF, 0x80, 0x00, 0x3F, 0xF0, 0x00, 0x01, 0xFE, 0x00, 0x00, 0x1F, 0xC0, 0x00,
    0x03, 0xFE, 0x00, 0x00, 0x7F, 0xE0, 0x00, 0x0F, 0xFF, 0x00, 0x01, 0xFF, 0xF8, 0x00, 0x3F, 0xBF,
    0x80, 0x07, 0xF1, 0xFC, 0x00, 0xFF, 0x1F, 0xC0, 0x1F, 0xE0, 0xFE, 0x03, 0xFC, 0x0F, 0xE0, 0x7F,
    0x80, 0x7E, 0x07, 0xF0, 0x07, 0xE0, 0x00, 0x00, 0x7E, 0x00, 0x00, 0x0F, 0xE0, 0x00, 0x0F, 0xFE,
    0x00, 0x00, 0xFF, 0xC0, 0x00, 0x1F, 0xFC, 0x00, 0x01, 0xFF, 0x80, 0x00, 0x0F, 0xE0, 0x00, 0x0F,
    0xC0, 0x7E, 0x07, 0xE0, 0xFE, 0x07, 0xE1, 0xFC, 0x03, 0xF3, 0xF8, 0x03, 0xFF, 0xF0, 0x01, 0xFF,
    0xE0, 0x01, 0xFF, 0xC0, 0x00, 0xFF, 0x80, 0x00, 0x7F, 0x00, 0x00, 0xFE, 0x00, 0x01, 0xFF, 0x00,
    0x03, 0xFF, 0x80, 0x07, 0xFF, 0x80, 0x0F, 0xFF, 0xC0, 0x1F, 0xCF, 0xC0, 0x3F, 0x87, 0xE0, 0x7F,
    0x07, 0xE0, 0xFE, 0x07, 0xE0, 0x00, 0x07, 0xE0, 0x00, 0x07, 0xE0, 0x00, 0xFF, 0xE0, 0x00, 0xFF,
    0xC0, 0x01, 0xFF, 0xC0, 0x01, 0xFF, 0x80, 0x00, 0xFE, 0x00, 0x00, 0x00, 0x00, 0x00, 0x3F, 0x80,
    0x7F, 0x03, 0xF8, 0x0F, 0xE0, 0x1F, 0xC1, 0xFC, 0x01, 0xFC, 0x3F, 0x80, 0x0F, 0xE7, 0xF0, 0x00,
    0xFE, 0xFE, 0x00, 0x07, 0xFF, 0xE0, 0x00, 0x7F, 0xFC, 0x00, 0x03, 0xFF, 0x80, 0x03, 0xFF, 0xFF,
    0x00, 0x7F, 0xFF, 0xF0, 0x07, 0xFF, 0xFF, 0x00, 0x7F, 0xFF, 0xF0, 0x00, 0x7F, 0xF0, 0x00, 0x0F,
    0xFF, 0x00, 0x01, 0xFF, 0xF8, 0x00, 0x3F, 0xBF, 0x80, 0x07, 0xF1, 0xFC, 0x00, 0xFF, 0x1F, 0xC0,
    0x1F, 0xE0, 0xFE, 0x03, 0xFC, 0x0F, 0xE0, 0x3F, 0x80, 0x7F, 0x07, 0xF0, 0x07, 0xF0, 0x0F, 0xC0,
    0x7E, 0x07, 0xE0, 0xFE, 0x07, 0xF1, 0xFC, 0x03, 0xF3, 0xF8, 0x01, 0xFF, 0xF0, 0x01, 0xFF, 0xE0,
    0x00, 0xFF, 0xC0, 0x07, 0xFF, 0xF0, 0x0F, 0xFF, 0xF0, 0x0F, 0xFF, 0xF0, 0x0F, 0xFF, 0xF0, 0x03,
    0xFF, 0x80, 0x07, 0xFF, 0x80, 0x0F, 0xEF, 0xC0, 0x1F, 0xCF, 0xC0, 0x3F, 0x87, 0xE0, 0x7F, 0x07,
    0xE0, 0xFE, 0x03, 0xF0, 0x7F, 0xFF, 0xDF, 0xFF, 0xF7, 0xFF, 0xFD, 0xFF, 0xFE, 0x7F, 0xFF, 0xFF,
    0xFF, 0xEF, 0xFF, 0xFF, 0xFF, 0xF9, 0xFF, 0xFF, 0xFF, 0xFF, 0x3F, 0xFF, 0xFF, 0xFF, 0xE0, 0x07,
    0x07, 0x87, 0xC3, 0xC3, 0xE1, 0xE1, 0xF9, 0xFC, 0xFE, 0x7F, 0x1F, 0x87, 0x80, 0x1E, 0x1F, 0x9F,
    0xCF, 0xE7, 0xF1, 0xF8, 0xF8, 0x7C, 0x7C, 0x3C, 0x3E, 0x1E, 0x00, 0x00, 0x0F, 0x8F, 0xC7, 0xF3,
    0xF9, 0xF8, 0xFC, 0x7C, 0x3E, 0x1E, 0x1E, 0x0F, 0x00, 0x00, 0x07, 0x0F, 0x07, 0x87, 0x87, 0xC7,
    0xC3, 0xC3, 0xC3, 0xE3, 0xE1, 0xE3, 0xE1, 0xF9, 0xF9, 0xFD, 0xFC, 0xFE, 0xFE, 0x7F, 0x7F, 0x1F,
    0xBF, 0x87, 0x8F, 0x00, 0x1E, 0x1E, 0x3F, 0x3F, 0x7F, 0x7F, 0x7F, 0x7F, 0x7F, 0x7F, 0x3F, 0x3F,
    0x3E, 0x3E, 0x3E, 0x3C, 0x7C, 0x7C, 0x78, 0x78, 0xF8, 0xF0, 0xF0, 0xF0, 0x00, 0x00, 0x0F, 0x8F,
    0x8F, 0xCF, 0xC7, 0xFF, 0xF3, 0xFF, 0xF1, 0xF9, 0xF8, 0xFC, 0xFC, 0x7C, 0x7C, 0x3E, 0x3C, 0x1E,
    0x3E, 0x1E, 0x1E, 0x0F, 0x1E, 0x00, 0x00, 0x00, 0x00, 0x00, 0x00, 0x1F, 0x80, 0x03, 0xF0, 0x00,
    0x7E, 0x00, 0x0F, 0xC0, 0x01, 0xF8, 0x00, 0x7E, 0x00, 0x0F, 0xC0, 0x7F, 0xFF, 0xEF, 0xFF, 0xFD,
    0xFF, 0xFF, 0xFF, 0xFF, 0xFF, 0xFF, 0xFC, 0x07, 0xE0, 0x00, 0xFC, 0x00, 0x1F, 0x80, 0x07, 0xE0,
    0x00, 0xFC, 0x00, 0x1F, 0x80, 0x03, 0xF0, 0x00, 0x7E, 0x00, 0x1F, 0x80, 0x03, 0xF0, 0x00, 0x7E,
    0x00, 0x0F, 0xC0, 0x01, 0xF8, 0x00, 0x7E, 0x00, 0x0F, 0xC0, 0x01, 0xF8, 0x00, 0x3F, 0x00, 0x07,
    0xC0, 0x00, 0x00, 0x00, 0x00, 0x01, 0xF8, 0x00, 0x0F, 0xC0, 0x00, 0x7E, 0x00, 0x03, 0xF0, 0x00,
    0x1F, 0x80, 0x01, 0xF8, 0x00, 0x0F, 0xC0, 0x1F, 0xFF, 0xF8, 0xFF, 0xFF, 0xCF, 0xFF, 0xFE, 0x7F,
    0xFF, 0xF3, 0xFF, 0xFF, 0x00, 0x7E, 0x00, 0x03, 0xF0, 0x00, 0x1F, 0x80, 0x01, 0xF8, 0x00, 0x0F,
    0xC0, 0x00, 0x7E, 0x00, 0xFF, 0xFF, 0xC7, 0xFF, 0xFE, 0x7F, 0xFF, 0xF3, 0xFF, 0xFF, 0x0F, 0xFF,
    0xF8, 0x03, 0xF0, 0x00, 0x1F, 0x80, 0x01, 0xF8, 0x00, 0x0F, 0xC0, 0x00, 0x7E, 0x00, 0x03, 0xF0,
    0x00, 0x1F, 0x00, 0x00, 0x0E, 0x0F, 0xC7, 0xF9, 0xFE, 0xFF, 0xBF, 0xE7, 0xF9, 0xFC, 0x3E, 0x00,
    0x00, 0x00, 0x00, 0x0F, 0x87, 0xC7, 0xC7, 0xE3, 0xF1, 0xF9, 0xFD, 0xFE, 0xFE, 0x7F, 0x7F, 0x3F,
    0x9F, 0x8F, 0xCF, 0xE7, 0xE3, 0xE1, 0xF0, 0x60, 0x30, 0x18, 0x07, 0x80, 0x00, 0x00, 0x00, 0x3F,
    0xC0, 0x1F, 0x00, 0x00, 0xFF, 0xC0, 0x7C, 0x00, 0x03, 0xFF, 0x81, 0xF0, 0x00, 0x07, 0x8F, 0x07,
    0xE0, 0x00, 0x1F, 0x1E, 0x0F, 0x80, 0x00, 0x3C, 0x3C, 0x3E, 0x00, 0x00, 0x78, 0x78, 0xF8, 0x00,
    0x00, 0xF0, 0xF3, 0xE0, 0x00, 0x01, 0xE3, 0xEF, 0x80, 0x00, 0x03, 0xFF, 0xBE, 0x00, 0x00, 0x03,
    0xFE, 0xF9, 0xE0, 0x0F, 0x03, 0xFB, 0xF7, 0xF0, 0x7F, 0x81, 0xC7, 0xFF, 0xF1, 0xFF, 0x80, 0x1F,
    0x7F, 0xF7, 0xFF, 0x00, 0x7D, 0xF1, 0xEF, 0x1E, 0x01, 0xF3, 0xC3, 0xFE, 0x3C, 0x07, 0xC7, 0x87,
    0xF8, 0x78, 0x1F, 0x0F, 0x0F, 0xF0, 0xF0, 0x7C, 0x1E, 0x3F, 0xE1, 0xE1, 0xF8, 0x3C, 0x7B, 0xE7,
    0xC3, 0xE0, 0x7F, 0xF3, 0xFF, 0x0F, 0x80, 0x7F, 0xC7, 0xFC, 0x3E, 0x00, 0x7F, 0x07, 0xF0, 0x00,
    0x00, 0x30, 0x03, 0x80, 0x03, 0xE0, 0xFC, 0x3F, 0x0F, 0xC3, 0xF0, 0xFC, 0x3F, 0x07, 0xE0, 0x7C,
    0x0F, 0x80, 0xF8, 0x1F, 0x01, 0xF0, 0x3E, 0x00, 0x1F, 0x01, 0xF8, 0x0F, 0x80, 0xFC, 0x07, 0xC0,
    0x7E, 0x03, 0xE0, 0x7E, 0x0F, 0xC0, 0xF8, 0x1F, 0x03, 0xF0, 0x7E, 0x0F, 0xC0, 0x00, 0x00, 0x00,
    0x00, 0x00, 0x07, 0xC0, 0x00, 0x07, 0xC0, 0x00, 0x07, 0xC0, 0x00, 0x07, 0xC0, 0x00, 0x07, 0xC0,
    0x00, 0x07, 0xC0, 0x00, 0x07, 0xC0, 0x00, 0x07, 0xE0, 0x00, 0x03, 0xE0, 0x00, 0x03, 0xE0, 0x00,
    0x03, 0xE0, 0x00, 0x03, 0xE0, 0x00, 0x03, 0xE0, 0x00, 0x03, 0xE0, 0x00, 0x03, 0xE0, 0x00, 0x03,
    0xF0, 0x00, 0x01, 0xF0, 0x00, 0x01, 0xF0, 0x00, 0x01, 0xF0, 0x00, 0x01, 0xF0, 0x00, 0x01, 0xF0,
    0x00, 0x01, 0xF0, 0x00, 0x01, 0xF0, 0x00, 0x00, 0x00, 0xF8, 0x03, 0xE0, 0x0F, 0x80, 0x3E, 0x00,
    0xF8, 0x03, 0xE0, 0x0F, 0x9E, 0x1F, 0x78, 0x7F, 0xFD, 0xFF, 0xFB, 0xFF, 0xF7, 0xFF, 0xE0, 0x1E,
    0x00, 0x3C, 0x00, 0x00, 0x01, 0xFC, 0x00, 0x00, 0xFF, 0xF8, 0x00, 0x3F, 0xFF, 0xE0, 0x07, 0xFF,
    0xFF, 0x00, 0xFF, 0xFF, 0xF0, 0x1F, 0xFC, 0xFE, 0x03, 0xFC, 0x03, 0xC0, 0x3F, 0x80, 0x08, 0x3F,
    0xFF, 0xF0, 0x03, 0xFF, 0xFF, 0x00, 0x3F, 0xFF, 0xF0, 0x03, 0xFF, 0xFF, 0x00, 0x0F, 0xC0, 0x00,
    0x07, 0xFF, 0xFE, 0x00, 0x7F, 0xFF, 0xE0, 0x07, 0xFF, 0xFE, 0x00, 0x0F, 0xE0, 0x00, 0x00, 0x7E,
    0x00, 0x20, 0x07, 0xF8, 0x0F, 0x00, 0x3F, 0xFF, 0xF8, 0x03, 0xFF, 0xFF, 0xC0, 0x1F, 0xFF, 0xF8,
    0x00, 0xFF, 0xFF, 0x00, 0x03, 0xFF, 0xC0, 0x00, 0x07, 0xE0, 0x00, 0x01, 0xFC, 0x00, 0x3F, 0xF8,
    0x01, 0xFF, 0xF0, 0x0F, 0xFF, 0xC0, 0x7F, 0xFF, 0x03, 0x07, 0xF8, 0x00, 0x0F, 0xE0, 0x00, 0x3F,
    0x00, 0x01, 0xF8, 0x00, 0x0F, 0xC0, 0xFE, 0x7E, 0x1F, 0xFF, 0xF1, 0xFF, 0xFF, 0x9F, 0xFF, 0xFD,
    0xFF, 0xFF, 0xEF, 0xC0, 0xFF, 0xFC, 0x07, 0xF7, 0xE0, 0x3F, 0xBF, 0x01, 0xFD, 0xF8, 0x0F, 0xCF,
    0xE0, 0xFC, 0x3F, 0xFF, 0xE1, 0xFF, 0xFE, 0x07, 0xFF, 0xE0, 0x1F, 0xFC, 0x00, 0x1F, 0x00, 0x00,
    0x00, 0x00, 0x00, 0x00, 0x3F, 0xFF, 0xFF, 0x03, 0xFF, 0xFF, 0xF0, 0x3F, 0xFF, 0xFF, 0x03, 0xFF,
    0xFF, 0xE0, 0x7F, 0xFF, 0xFE, 0x07, 0xE0, 0x07, 0xE0, 0x7E, 0x00, 0x7E, 0x07, 0xE0, 0x0F, 0xE0,
    0x7E, 0x00, 0xFC, 0x0F, 0xC0, 0x0F, 0xC0, 0xFC, 0x00, 0xFC, 0x0F, 0xC0, 0x0F, 0xC0, 0xFC, 0x01,
    0xFC, 0x0F, 0xC0, 0x1F, 0x81, 0xF8, 0x01, 0xF8, 0x1F, 0x80, 0x1F, 0x81, 0xF8, 0x01, 0xF8, 0x1F,
    0x80, 0x3F, 0x81, 0xF8, 0x03, 0xF0, 0x3F, 0x00, 0x3F, 0x03, 0xF0, 0x03, 0xF0, 0x3F, 0x00, 0x3F,
    0x03, 0xF0, 0x07, 0xF0, 0x3F, 0x00, 0x7E, 0x07, 0xE0, 0x07, 0xE0, 0x7E, 0x00, 0x7E, 0x07, 0xE0,
    0x07, 0xE0, 0x7E, 0x00, 0xFE, 0x07, 0xE0, 0x0F, 0xC0, 0x7C, 0x00, 0xFC, 0x00, 0x00, 0x00, 0x00,
    0x00, 0xFF, 0xFF, 0xF0, 0x3F, 0xFF, 0xFC, 0x0F, 0xFF, 0xFF, 0x03, 0xFF, 0xFF, 0xC0, 0xFF, 0xFF,
    0xE0, 0x1F, 0xC0, 0x00, 0x03, 0xF8, 0x00, 0x00, 0xFE, 0x00, 0x00, 0x1F, 0xC0, 0x00, 0x03, 0xF8,
    0x00, 0x00, 0xFE, 0x00, 0x00, 0x1F, 0xC0, 0x00, 0x03, 0xF8, 0x00, 0x00, 0xFE, 0x00, 0x00, 0x1F,
    0x80, 0x00, 0x0F, 0xC0, 0x00, 0x07, 0xF0, 0x00, 0x07, 0xF8, 0x00, 0x03, 0xFC, 0x00, 0x01, 0xFE,
    0x00, 0x00, 0xFF, 0x00, 0x00, 0x7F, 0x80, 0x00, 0x3F, 0xC0, 0x00, 0x1F, 0xE0, 0x00, 0x0F, 0xF0,
    0x00, 0x07, 0xFF, 0xFF, 0x83, 0xFF, 0xFF, 0xE0, 0xFF, 0xFF, 0xF8, 0x3F, 0xFF, 0xFE, 0x0F, 0xFF,
    0xFF, 0x80, 0x7F, 0xFF, 0xFF, 0xFF, 0xFF, 0xFF, 0xFF, 0xFF, 0xEF, 0xFF, 0xF0, 0x00, 0x00, 0x7C,
    0x00, 0x01, 0xF8, 0x00, 0x03, 0xE0, 0x00, 0x0F, 0xC0, 0x00, 0x1F, 0x00, 0x00, 0x7E, 0x00, 0x00,
    0xF8, 0x00, 0x03, 0xF0, 0x00, 0x0F, 0xC0, 0x00, 0x1F, 0x80, 0x00, 0x7E, 0x00, 0x00, 0xF8, 0x00,
    0x03, 0xF0, 0x00, 0x07, 0xC0, 0x00, 0x1F, 0x80, 0x00, 0x3E, 0x00, 0x00, 0xFC, 0x00, 0x01, 0xF0,
    0x00, 0x07, 0xE0, 0x00, 0x1F, 0x80, 0x00, 0x3F, 0x00, 0x00, 0xFC, 0x00, 0x01, 0xF0, 0x00, 0x07,
    0xE0, 0x00, 0x0F, 0x80, 0x00, 0x3F, 0x00, 0x00, 0x7C, 0x00, 0x01, 0xF8, 0x00, 0x03, 0xE0, 0x00,
    0x0F, 0xC0, 0x00, 0x3F, 0x00, 0x00, 0x7C, 0x00, 0x00, 0x38, 0xFF, 0xFF, 0xFF, 0xEF, 0xDF, 0x00,
    0x00, 0x00, 0x01, 0xF8, 0x00, 0x00, 0x0F, 0x80, 0x00, 0x00, 0xFC, 0x00, 0x00, 0x07, 0xC0, 0x00,
    0x00, 0x7E, 0x00, 0x00, 0x07, 0xE0, 0x00, 0x00, 0x3F, 0x00, 0x00, 0x03, 0xF0, 0x00, 0x00, 0x1F,
    0x80, 0x00, 0x01, 0xF8, 0x00, 0x00, 0x0F, 0xC0, 0xFF, 0x00, 0xFC, 0x0F, 0xF8, 0x07, 0xE0, 0x7F,
    0xE0, 0x7E, 0x03, 0xFF, 0x03, 0xE0, 0x1F, 0xF8, 0x3F, 0x00, 0x0F, 0xC1, 0xF0, 0x00, 0x7E, 0x1F,
    0x80, 0x01, 0xF0, 0xF8, 0x00, 0x0F, 0x8F, 0xC0, 0x00, 0x7C, 0x7C, 0x00, 0x03, 0xF7, 0xE0, 0x00,
    0x1F, 0xBE, 0x00, 0x00, 0xFF, 0xF0, 0x00, 0x07, 0xFF, 0x00, 0x00, 0x1F, 0xF8, 0x00, 0x00, 0xFF,
    0x80, 0x00, 0x07, 0xFC, 0x00, 0x00, 0x3F, 0xC0, 0x00, 0x01, 0xFE, 0x00, 0x00, 0x0F, 0xE0, 0x00,
    0x00, 0x3E, 0x00, 0x00, 0x03, 0xE0, 0x0F, 0x80, 0x3F, 0xE0, 0xFF, 0x83, 0xFF, 0xCF, 0xFF, 0x0F,
    0xFF, 0xFF, 0xFE, 0x7F, 0xFF, 0xFF, 0xF9, 0xF0, 0x7F, 0x83, 0xEF, 0x80, 0xFC, 0x07, 0xFE, 0x03,
    0xE0, 0x1F, 0xF8, 0x1F, 0xC0, 0xFB, 0xF0, 0xFF, 0x83, 0xE7, 0xFF, 0xFF, 0xFF, 0x9F, 0xFF, 0x7F,
    0xFC, 0x3F, 0xF8, 0xFF, 0xE0, 0x7F, 0xC1, 0xFF, 0x00, 0x7C, 0x01, 0xF0, 0x00, 0x00, 0x01, 0xFC,
    0x00, 0x0F, 0xFC, 0x00, 0x3F, 0xF0, 0x00, 0xFF, 0xC0, 0x01, 0xFF, 0x80, 0x07, 0xF0, 0x00, 0x0F,
    0xC0, 0x00, 0x1F, 0x80, 0x00, 0x3F, 0x00, 0x00, 0x7C, 0x00, 0x01, 0xF8, 0x00, 0x03, 0xF0, 0x00,
    0x07, 0xE0, 0x00, 0x0F, 0xC0, 0x00, 0x1F, 0x00, 0x00, 0x7E, 0x00, 0x00, 0xFC, 0x00, 0x01, 0xF8,
    0x00, 0x03, 0xF0, 0x00, 0x07, 0xC0, 0x00, 0x1F, 0x80, 0x00, 0x3F, 0x00, 0x00, 0x7E, 0x00, 0x00,
    0xFC, 0x00, 0x01, 0xF0, 0x00, 0x07, 0xE0, 0x00, 0x0F, 0xC0, 0x03, 0xFF, 0x80, 0x07, 0xFE, 0x00,
    0x1F, 0xF8, 0x00, 0x3F, 0xE0, 0x00, 0x3F, 0x80, 0x00, 0x07, 0xE0, 0xF0, 0x7F, 0x87, 0x87, 0xFF,
    0x7C, 0x3F, 0xFF, 0xE3, 0xE7, 0xFE, 0x1E, 0x1F, 0xE0, 0xF0, 0x3E, 0x00, 0x00, 0x00, 0x0F, 0x81,
    0xE0, 0xFF, 0x1F, 0x0F, 0xFC, 0xF0, 0xFF, 0xFF, 0x87, 0xDF, 0xF8, 0x3C, 0x3F, 0xC1, 0xC0, 0xF8,
    0x00, 0x00, 0x03, 0xE0, 0x00, 0xF8, 0x00, 0x3F, 0x00, 0x07, 0xC3, 0xFF, 0xFE, 0x7F, 0xFF, 0xCF,
    0xFF, 0xF1, 0xFF, 0xFE, 0x3F, 0xFF, 0xC0, 0x3F, 0x00, 0x07, 0xC0, 0x01, 0xF0, 0x07, 0xFF, 0xF8,
    0xFF, 0xFF, 0x3F, 0xFF, 0xE7, 0xFF, 0xFC, 0xFF, 0xFF, 0x07, 0xC0, 0x01, 0xF0, 0x00, 0x7E, 0x00,
    0x07, 0x80, 0x00, 0x00, 0x00, 0x10, 0x00, 0x07, 0x80, 0x01, 0xFC, 0x00, 0x7F, 0xE0, 0x1F, 0xFF,
    0x07, 0xFF, 0xE0, 0x7F, 0xF8, 0x03, 0xFE, 0x00, 0x1F, 0xC0, 0x01, 0xFF, 0x80, 0x07, 0xFF, 0x80,
    0x0F, 0xFF, 0x80, 0x1F, 0xFC, 0x00, 0x1F, 0xE0, 0x00, 0x1F, 0x00, 0x00, 0x38, 0x00, 0x00, 0x00,
    0x00, 0x00, 0x1F, 0xFF, 0xE1, 0xFF, 0xFF, 0x0F, 0xFF, 0xF8, 0x7F, 0xFF, 0x80, 0x0C, 0x00, 0x00,
    0xF0, 0x00, 0x0F, 0xE0, 0x00, 0xFF, 0x80, 0x0F, 0xFF, 0x00, 0x3F, 0xFE, 0x00, 0xFF, 0xE0, 0x01,
    0xFE, 0x00, 0x1F, 0xE0, 0x0F, 0xFE, 0x07, 0xFF, 0xC3, 0xFF, 0xF0, 0x3F, 0xF8, 0x03, 0xFC, 0x00,
    0x7E, 0x00, 0x07, 0x00, 0x00, 0x00, 0x00, 0x00, 0x00, 0x00, 0x7F, 0xFF, 0x8F, 0xFF, 0xF8, 0xFF,
    0xFF, 0x8F, 0xFF, 0xF0,
};

static const EpdGlyph montserrat_16_bolditalicGlyphs[] = {
    { 0, 0, 9, 0, 0, 0, 0 }, // U+000D
    { 0, 0, 9, 0, 0, 0, 0 }, // U+0020
    { 11, 25, 10, 0, 24, 35, 0 }, // !
    { 14, 11, 14, 2, 24, 20, 35 }, // "
    { 26, 24, 24, -1, 24, 78, 55 }, // #
    { 23, 32, 21, -1, 28, 92, 133 }, // $
    { 26, 25, 29, 2, 24, 82, 225 }, // %
    { 24, 25, 24, 0, 24, 75, 307 }, // &
    { 7, 11, 8, 2, 24, 10, 382 }, // '
    { 14, 32, 12, 1, 25, 56, 392 }, // (
    { 13, 32, 12, -2, 25, 52, 448 }, // )
    { 16, 14, 14, 1, 25, 28, 500 }, // *
    { 17, 17, 20, 2, 20, 37, 528 }, // +
    { 9, 13, 9, -2, 7, 15, 565 }, // ,
    { 11, 5, 13, 1, 12, 7, 580 }, // -
    { 8, 8, 9, -1, 7, 8, 587 }, // .
    { 23, 32, 13, -4, 28, 92, 595 }, // /
    { 21, 25, 22, 1, 24, 66, 687 }, // 0
    { 12, 24, 13, 2, 24, 36, 753 }, // 1
    { 21, 24, 19, -1, 24, 63, 789 }, // 2
    { 23, 25, 20, -2, 24, 72, 852 }, // 3
    { 23, 24, 23, 0, 24, 69, 924 }, // 4
    { 22, 25, 20, -1, 24, 69, 993 }, // 5
    { 21, 25, 21, 1, 24, 66, 1062 }, // 6
    { 21, 24, 20, 2, 24, 63, 1128 }, // 7
    { 22, 25, 22, 0, 24, 69, 1191 }, // 8
    { 21, 25, 21, 0, 24, 66, 1260 }, // 9
    { 10, 20, 9, -1, 19, 25, 1326 }, // :
    { 11, 25, 9, -2, 19, 35, 1351 }, // ;
    { 18, 17, 20, 2, 20, 39, 1386 }, // <
    { 19, 13, 20, 1, 18, 31, 1425 }, // =
    { 19, 17, 20, 0, 20, 41, 1456 }, // >
    { 18, 25, 19, 2, 24, 57, 1497 }, // ?
    { 33, 31, 34, 1, 24, 128, 1554 }, // @
    { 27, 24, 25, -3, 24, 81, 1682 }, // A
    { 25, 24, 25, 0, 24, 75, 1763 }, // B
    { 25, 25, 24, 1, 24, 79, 1838 }, // C
    { 27, 24, 27, 0, 24, 81, 1917 }, // D
    { 24, 24, 22, 0, 24, 72, 1998 }, // E
    { 24, 24, 21, 0, 24, 72, 2070 }, // F
    { 25, 25, 25, 1, 24, 79, 2142 }, // G
    { 27, 24, 27, 0, 24, 81, 2221 }, // H
    { 11, 24, 11, 0, 24, 33, 2302 }, // I
    { 21, 25, 18, -2, 24, 66, 2335 }, // J
    { 28, 24, 24, 0, 24, 84, 2401 }, // K
    { 19, 24, 20, 0, 24, 57, 2485 }, // L
    { 32, 24, 32, 0, 24, 96, 2542 }, // M
    { 27, 24, 27, 0, 24, 81, 2638 }, // N
    { 27, 25, 28, 1, 24, 85, 2719 }, // O
    { 24, 24, 24, 0, 24, 72, 2804 }, // P
    { 27, 30, 28, 1, 24, 102, 2876 }, // Q
    { 25, 24, 24, 0, 24, 75, 2978 }, // R
    { 23, 25, 21, -1, 24, 72, 3053 }, // S
    { 22, 24, 20, 2, 24, 66, 3125 }, // T
    { 25, 25, 25, 1, 24, 79, 3191 }, // U
    { 26, 24, 25, 2, 24, 78, 3270 }, // V
    { 38, 24, 38, 3, 24, 114, 3348 }, // W
    { 28, 24, 24, -2, 24, 84, 3462 }, // X
    { 24, 24, 23, 2, 24, 72, 3546 }, // Y
    { 25, 24, 22, -1, 24, 75, 3618 }, // Z
    { 16, 32, 12, -1, 25, 64, 3693 }, // [
    { 10, 32, 13, 2, 28, 40, 3757 }, // <backslash>
    { 16, 32, 12, -3, 25, 64, 3797 }, // ]
    { 17, 15, 20, 1, 19, 32, 3861 }, // ^
    { 18, 3, 17, -3, 0, 7, 3893 }, // _
    { 10, 5, 20, 6, 25, 7, 3900 }, // `
    { 23, 20, 23, 0, 19, 58, 3907 }, // a
    { 22, 26, 23, 0, 25, 72, 3965 }, // b
    { 20, 20, 20, 0, 19, 50, 4037 }, // c
    { 23, 26, 23, 1, 25, 75, 4087 }, // d
    { 20, 20, 21, 0, 19, 50, 4162 }, // e
    { 16, 25, 13, 1, 25, 50, 4212 }, // f
    { 24, 26, 23, -1, 19, 78, 4262 }, // g
    { 22, 25, 23, 0, 25, 69, 4340 }, // h
    { 12, 26, 10, 0, 26, 39, 4409 }, // i
    { 18, 33, 10, -6, 26, 75, 4448 }, // j
    { 24, 25, 21, 0, 25, 75, 4523 }, // k
    { 11, 25, 10, 0, 25, 35, 4598 }, // l
    { 34, 19, 35, 0, 19, 81, 4633 }, // m
    { 22, 19, 23, 0, 19, 53, 4714 }, // n
    { 21, 20, 22, 0, 19, 53, 4767 }, // o
    { 23, 26, 23, -1, 19, 75, 4820 }, // p
    { 23, 26, 23, 0, 19, 75, 4895 }, // q
    { 16, 19, 14, 0, 19, 38, 4970 }, // r
    { 19, 20, 18, -1, 19, 48, 5008 }, // s
    { 14, 23, 14, 1, 22, 41, 5056 }, // t
    { 22, 19, 23, 1, 18, 53, 5097 }, // u
    { 21, 18, 20, 1, 18, 48, 5150 }, // v
    { 32, 18, 31, 1, 18, 72, 5198 }, // w
    { 24, 18, 20, -2, 18, 54, 5270 }, // x
    { 25, 25, 20, -3, 18, 79, 5324 }, // y
    { 20, 18, 18, -1, 18, 45, 5403 }, // z
    { 15, 32, 13, 1, 25, 60, 5448 }, // {
    { 12, 32, 10, -1, 25, 48, 5508 }, // |
    { 15, 32, 13, -3, 25, 60, 5556 }, // }
    { 19, 7, 20, 1, 15, 17, 5616 }, // ~
    { 0, 0, 9, 0, 0, 0, 5633 }, // U+00A0
    { 12, 25, 10, -2, 19, 38, 5633 }, // U+00A1
    { 20, 26, 20, 0, 22, 65, 5671 }, // U+00A2
    { 26, 24, 22, -1, 24, 78, 5736 }, // U+00A3
    { 22, 23, 23, 1, 22, 64, 5814 }, // U+00A4
    { 26, 24, 24, 2, 24, 78, 5878 }, // U+00A5
    { 12, 32, 10, -1, 25, 48, 5956 }, // U+00A6
    { 22, 28, 17, -2, 24, 77, 6004 }, // U+00A7
    { 13, 5, 20, 6, 25, 9, 6081 }, // U+00A8
    { 25, 25, 26, 1, 24, 79, 6090 }, // U+00A9
    { 13, 12, 14, 2, 25, 20, 6169 }, // U+00AA
    { 19, 14, 19, 1, 16, 34, 6189 }, // U+00AB
    { 17, 11, 20, 2, 14, 24, 6223 }, // U+00AC
    { 25, 25, 26, 1, 24, 79, 6247 }, // U+00AE
    { 14, 4, 20, 4, 24, 7, 6326 }, // U+00AF
    { 13, 12, 14, 2, 24, 20, 6333 }, // U+00B0
    { 20, 22, 20, 0, 22, 55, 6353 }, // U+00B1
    { 14, 14, 14, 1, 25, 25, 6408 }, // U+00B2
    { 15, 15, 14, 1, 25, 29, 6433 }, // U+00B3
    { 11, 5, 20, 9, 25, 7, 6462 }, // U+00B4
    { 24, 25, 23, -1, 18, 75, 6469 }, // U+00B5
    { 21, 29, 23, 2, 25, 77, 6544 }, // U+00B6
    { 8, 7, 10, 1, 13, 7, 6621 }, // U+00B7
    { 10, 9, 20, 2, 1, 12, 6628 }, // U+00B8
    { 12, 14, 14, 2, 25, 21, 6640 }, // U+00B9
    { 14, 12, 14, 2, 25, 21, 6661 }, // U+00BA
    { 19, 14, 19, -1, 16, 34, 6682 }, // U+00BB
    { 32, 24, 34, 2, 24, 96, 6716 }, // U+00BC
    { 31, 24, 34, 2, 24, 93, 6812 }, // U+00BD
    { 33, 24, 34, 1, 24, 99, 6905 }, // U+00BE
    { 18, 25, 19, 0, 19, 57, 7004 }, // U+00BF
    { 27, 30, 25, -3, 30, 102, 7061 }, // U+00C0
    { 27, 30, 25, -3, 30, 102, 7163 }, // U+00C1
    { 27, 30, 25, -3, 30, 102, 7265 }, // U+00C2
    { 27, 30, 25, -3, 30, 102, 7367 }, // U+00C3
    { 27, 30, 25, -3, 30, 102, 7469 }, // U+00C4
    { 27, 33, 25, -3, 33, 112, 7571 }, // U+00C5
    { 40, 24, 36, -3, 24, 120, 7683 }, // U+00C6
    { 25, 32, 24, 1, 24, 100, 7803 }, // U+00C7
    { 24, 30, 22, 0, 30, 90, 7903 }, // U+00C8
    { 24, 30, 22, 0, 30, 90, 7993 }, // U+00C9
    { 24, 30, 22, 0, 30, 90, 8083 }, // U+00CA
    { 24, 30, 22, 0, 30, 90, 8173 }, // U+00CB
    { 12, 30, 11, 0, 30, 45, 8263 }, // U+00CC
    { 17, 30, 11, 0, 30, 64, 8308 }, // U+00CD
    { 16, 30, 11, 0, 30, 60, 8372 }, // U+00CE
    { 15, 30, 11, 0, 30, 57, 8432 }, // U+00CF
    { 28, 24, 27, 0, 24, 84, 8489 }, // U+00D0
    { 27, 30, 27, 0, 30, 102, 8573 }, // U+00D1
    { 27, 31, 28, 1, 30, 105, 8675 }, // U+00D2
    { 27, 31, 28, 1, 30, 105, 8780 }, // U+00D3
    { 27, 31, 28, 1, 30, 105, 8885 }, // U+00D4
    { 27, 31, 28, 1, 30, 105, 8990 }, // U+00D5
    { 27, 31, 28, 1, 30, 105, 9095 }, // U+00D6
    { 16, 15, 20, 2, 19, 30, 9200 }, // U+00D7
    { 27, 29, 28, 1, 26, 98, 9230 }, // U+00D8
    { 25, 31, 25, 1, 30, 97, 9328 }, // U+00D9
    { 25, 31, 25, 1, 30, 97, 9425 }, // U+00DA
    { 25, 31, 25, 1, 30, 97, 9522 }, // U+00DB
    { 25, 31, 25, 1, 30, 97, 9619 }, // U+00DC
    { 24, 30, 23, 2, 30, 90, 9716 }, // U+00DD
    { 24, 24, 24, 0, 24, 72, 9806 }, // U+00DE
    { 22, 26, 23, 0, 25, 72, 9878 }, // U+00DF
    { 23, 26, 23, 0, 25, 75, 9950 }, // U+00E0
    { 23, 26, 23, 0, 25, 75, 10025 }, // U+00E1
    { 23, 26, 23, 0, 25, 75, 10100 }, // U+00E2
    { 23, 26, 23, 0, 25, 75, 10175 }, // U+00E3
    { 23, 26, 23, 0, 25, 75, 10250 }, // U+00E4
    { 23, 29, 23, 0, 28, 84, 10325 }, // U+00E5
    { 33, 20, 33, 0, 19, 83, 10409 }, // U+00E6
    { 20, 27, 20, 0, 19, 68, 10492 }, // U+00E7
    { 20, 26, 21, 0, 25, 65, 10560 }, // U+00E8
    { 21, 26, 21, 0, 25, 69, 10625 }, // U+00E9
    { 20, 26, 21, 0, 25, 65, 10694 }, // U+00EA
    { 20, 26, 21, 0, 25, 65, 10759 }, // U+00EB
    { 11, 25, 10, 0, 25, 35, 10824 }, // U+00EC
    { 15, 25, 10, 0, 25, 47, 10859 }, // U+00ED
    { 13, 25, 10, 0, 25, 41, 10906 }, // U+00EE
    { 13, 25, 10, 0, 25, 41, 10947 }, // U+00EF
    { 20, 26, 20, 0, 25, 65, 10988 }, // U+00F0
    { 22, 25, 23, 0, 25, 69, 11053 }, // U+00F1
    { 21, 26, 22, 0, 25, 69, 11122 }, // U+00F2
    { 21, 26, 22, 0, 25, 69, 11191 }, // U+00F3
    { 21, 26, 22, 0, 25, 69, 11260 }, // U+00F4
    { 21, 26, 22, 0, 25, 69, 11329 }, // U+00F5
    { 21, 26, 22, 0, 25, 69, 11398 }, // U+00F6
    { 17, 21, 20, 2, 22, 45, 11467 }, // U+00F7
    { 21, 23, 22, 0, 20, 61, 11512 }, // U+00F8
    { 22, 26, 23, 1, 25, 72, 11573 }, // U+00F9
    { 22, 26, 23, 1, 25, 72, 11645 }, // U+00FA
    { 22, 26, 23, 1, 25, 72, 11717 }, // U+00FB
    { 22, 26, 23, 1, 25, 72, 11789 }, // U+00FC
    { 25, 32, 20, -3, 25, 100, 11861 }, // U+00FD
    { 23, 32, 23, -1, 25, 92, 11961 }, // U+00FE
    { 25, 32, 20, -3, 25, 100, 12053 }, // U+00FF
    { 27, 29, 25, -3, 29, 98, 12153 }, // U+0100
    { 23, 25, 23, 0, 24, 72, 12251 }, // U+0101
    { 27, 30, 25, -3, 30, 102, 12323 }, // U+0102
    { 23, 26, 23, 0, 25, 75, 12425 }, // U+0103
    { 27, 32, 25, -3, 24, 108, 12500 }, // U+0104
    { 23, 27, 23, 0, 19, 78, 12608 }, // U+0105
    { 25, 31, 24, 1, 30, 97, 12686 }, // U+0106
    { 21, 26, 20, 0, 25, 69, 12783 }, // U+0107
    { 25, 32, 24, 1, 31, 100, 12852 }, // U+010A
    { 20, 27, 20, 0, 26, 68, 12952 }, // U+010B
    { 25, 31, 24, 1, 30, 97, 13020 }, // U+010C
    { 20, 26, 20, 0, 25, 65, 13117 }, // U+010D
    { 27, 30, 27, 0, 30, 102, 13182 }, // U+010E
    { 30, 27, 23, 1, 26, 102, 13284 }, // U+010F
    { 28, 24, 27, 0, 24, 84, 13386 }, // U+0110
    { 25, 26, 23, 1, 25, 82, 13470 }, // U+0111
    { 24, 29, 22, 0, 29, 87, 13552 }, // U+0112
    { 20, 25, 21, 0, 24, 63, 13639 }, // U+0113
    { 24, 31, 22, 0, 31, 93, 13702 }, // U+0116
    { 20, 27, 21, 0, 26, 68, 13795 }, // U+0117
    { 24, 32, 22, 0, 24, 96, 13863 }, // U+0118
    { 20, 27, 21, 0, 19, 68, 13959 }, // U+0119
    { 24, 30, 22, 0, 30, 90, 14027 }, // U+011A
    { 20, 26, 21, 0, 25, 65, 14117 }, // U+011B
    { 25, 31, 25, 1, 30, 97, 14182 }, // U+011E
    { 24, 32, 23, -1, 25, 96, 14279 }, // U+011F
    { 25, 32, 25, 1, 31, 100, 14375 }, // U+0120
    { 24, 33, 23, -1, 26, 99, 14475 }, // U+0121
    { 25, 33, 25, 1, 24, 104, 14574 }, // U+0122
    { 24, 34, 23, -1, 27, 102, 14678 }, // U+0123
    { 29, 24, 28, 1, 24, 87, 14780 }, // U+0126
    { 22, 25, 23, 0, 25, 69, 14867 }, // U+0127
    { 15, 29, 11, 0, 29, 55, 14936 }, // U+012A
    { 13, 24, 10, 0, 24, 39, 14991 }, // U+012B
    { 11, 32, 11, 0, 24, 44, 15030 }, // U+012E
    { 13, 34, 10, -1, 26, 56, 15074 }, // U+012F
    { 10, 18, 10, 0, 18, 23, 15130 }, // U+0131
    { 28, 33, 24, 0, 24, 116, 15153 }, // U+0136
    { 24, 34, 21, 0, 25, 102, 15269 }, // U+0137
    { 19, 33, 20, 0, 24, 79, 15371 }, // U+013B
    { 12, 34, 10, -1, 25, 51, 15450 }, // U+013C
    { 22, 25, 20, 0, 25, 69, 15501 }, // U+013D
    { 18, 26, 10, 0, 26, 59, 15570 }, // U+013E
    { 21, 24, 20, -1, 24, 63, 15629 }, // U+0141
    { 15, 25, 12, -1, 25, 47, 15692 }, // U+0142
    { 27, 30, 27, 0, 30, 102, 15739 }, // U+0143
    { 22, 25, 23, 0, 25, 69, 15841 }, // U+0144
    { 27, 33, 27, 0, 24, 112, 15910 }, // U+0145
    { 22, 28, 23, 0, 19, 77, 16022 }, // U+0146
    { 27, 30, 27, 0, 30, 102, 16099 }, // U+0147
    { 22, 25, 23, 0, 25, 69, 16201 }, // U+0148
    { 27, 31, 28, 1, 30, 105, 16270 }, // U+0150
    { 23, 26, 22, 0, 25, 75, 16375 }, // U+0151
    { 38, 24, 37, 1, 24, 114, 16450 }, // U+0152
    { 35, 20, 35, 0, 19, 88, 16564 }, // U+0153
    { 25, 30, 24, 0, 30, 94, 16652 }, // U+0154
    { 18, 25, 14, 0, 25, 57, 16746 }, // U+0155
    { 25, 30, 24, 0, 30, 94, 16803 }, // U+0158
    { 18, 25, 14, 0, 25, 57, 16897 }, // U+0159
    { 23, 31, 21, -1, 30, 90, 16954 }, // U+015A
    { 20, 26, 18, -1, 25, 65, 17044 }, // U+015B
    { 23, 32, 21, -1, 24, 92, 17109 }, // U+015E
    { 19, 27, 18, -1, 19, 65, 17201 }, // U+015F
    { 23, 31, 21, -1, 30, 90, 17266 }, // U+0160
    { 20, 26, 18, -1, 25, 65, 17356 }, // U+0161
    { 22, 32, 20, 2, 24, 88, 17421 }, // U+0162
    { 14, 30, 14, 1, 22, 53, 17509 }, // U+0163
    { 22, 30, 20, 2, 30, 83, 17562 }, // U+0164
    { 17, 27, 14, 1, 26, 58, 17645 }, // U+0165
    { 25, 30, 25, 1, 29, 94, 17703 }, // U+016A
    { 22, 25, 23, 1, 24, 69, 17797 }, // U+016B
    { 25, 34, 25, 1, 33, 107, 17866 }, // U+016E
    { 22, 29, 23, 1, 28, 80, 17973 }, // U+016F
    { 25, 31, 25, 1, 30, 97, 18053 }, // U+0170
    { 22, 26, 23, 1, 25, 72, 18150 }, // U+0171
    { 25, 32, 25, 1, 24, 100, 18222 }, // U+0172
    { 22, 26, 23, 1, 18, 72, 18322 }, // U+0173
    { 24, 30, 23, 2, 30, 90, 18394 }, // U+0178
    { 25, 30, 22, -1, 30, 94, 18484 }, // U+0179
    { 20, 25, 18, -1, 25, 63, 18578 }, // U+017A
    { 25, 31, 22, -1, 31, 97, 18641 }, // U+017B
    { 20, 26, 18, -1, 26, 65, 18738 }, // U+017C
    { 25, 30, 22, -1, 30, 94, 18803 }, // U+017D
    { 20, 25, 18, -1, 25, 63, 18897 }, // U+017E
    { 10, 5, 0, 6, 25, 7, 18960 }, // U+0300
    { 11, 5, 0, 9, 25, 7, 18967 }, // U+0301
    { 14, 5, 0, 5, 25, 9, 18974 }, // U+0302
    { 14, 6, 0, 4, 25, 11, 18983 }, // U+0303
    { 14, 4, 0, 4, 24, 7, 18994 }, // U+0304
    { 13, 6, 0, 4, 25, 10, 19001 }, // U+0306
    { 7, 6, 0, 9, 26, 6, 19011 }, // U+0307
    { 13, 5, 0, 6, 25, 9, 19017 }, // U+0308
    { 9, 9, 0, 4, 28, 11, 19026 }, // U+030A
    { 16, 5, 0, 6, 25, 10, 19037 }, // U+030B
    { 14, 5, 0, 6, 25, 9, 19047 }, // U+030C
    { 6, 7, 0, 4, -2, 6, 19056 }, // U+0326
    { 10, 9, 0, -3, 1, 12, 19062 }, // U+0327
    { 9, 10, 0, -2, 2, 12, 19074 }, // U+0328
    { 23, 30, 22, 1, 30, 87, 19086 }, // U+0400
    { 23, 30, 22, 1, 30, 87, 19173 }, // U+0401
    { 25, 25, 28, 2, 24, 79, 19260 }, // U+0402
    { 22, 30, 20, 1, 30, 83, 19339 }, // U+0403
    { 25, 25, 24, 1, 24, 79, 19422 }, // U+0404
    { 22, 25, 22, 0, 24, 69, 19501 }, // U+0405
    { 11, 24, 11, 0, 24, 33, 19570 }, // U+0406
    { 15, 30, 11, 0, 30, 57, 19603 }, // U+0407
    { 21, 25, 19, -1, 24, 66, 19660 }, // U+0408
    { 41, 25, 39, -2, 24, 129, 19726 }, // U+0409
    { 37, 24, 39, 1, 24, 111, 19855 }, // U+040A
    { 26, 24, 28, 2, 24, 78, 19966 }, // U+040B
    { 26, 30, 24, 1, 30, 98, 20044 }, // U+040C
    { 27, 30, 27, 1, 30, 102, 20142 }, // U+040D
    { 27, 31, 24, 0, 30, 105, 20244 }, // U+040E
    { 26, 29, 27, 1, 24, 95, 20349 }, // U+040F
    { 27, 24, 26, -2, 24, 81, 20444 }, // U+0410
    { 24, 24, 24, 1, 24, 72, 20525 }, // U+0411
    { 25, 24, 25, 0, 24, 75, 20597 }, // U+0412
    { 22, 24, 20, 1, 24, 66, 20672 }, // U+0413
    { 30, 29, 27, -3, 24, 109, 20738 }, // U+0414
    { 23, 24, 22, 1, 24, 69, 20847 }, // U+0415
    { 40, 24, 36, -2, 24, 120, 20916 }, // U+0416
    { 23, 25, 22, -2, 24, 72, 21036 }, // U+0417
    { 27, 24, 27, 1, 24, 81, 21108 }, // U+0418
    { 27, 30, 27, 1, 30, 102, 21189 }, // U+0419
    { 26, 24, 24, 1, 24, 78, 21291 }, // U+041A
    { 29, 25, 26, -2, 24, 91, 21369 }, // U+041B
    { 31, 24, 32, 1, 24, 93, 21460 }, // U+041C
    { 26, 24, 27, 1, 24, 78, 21553 }, // U+041D
    { 27, 25, 28, 1, 24, 85, 21631 }, // U+041E
    { 26, 24, 27, 1, 24, 78, 21716 }, // U+041F
    { 24, 24, 24, 0, 24, 72, 21794 }, // U+0420
    { 25, 25, 24, 1, 24, 79, 21866 }, // U+0421
    { 22, 24, 21, 2, 24, 66, 21945 }, // U+0422
    { 27, 25, 24, 0, 24, 85, 22011 }, // U+0423
    { 31, 27, 32, 1, 25, 105, 22096 }, // U+0424
    { 28, 24, 24, -2, 24, 84, 22201 }, // U+0425
    { 26, 29, 28, 1, 24, 95, 22285 }, // U+0426
    { 24, 24, 25, 1, 24, 72, 22380 }, // U+0427
    { 36, 24, 36, 1, 24, 108, 22452 }, // U+0428
    { 36, 29, 37, 1, 24, 131, 22560 }, // U+0429
    { 25, 24, 28, 2, 24, 75, 22691 }, // U+042A
    { 34, 24, 35, 1, 24, 102, 22766 }, // U+042B
    { 22, 24, 24, 1, 24, 66, 22868 }, // U+042C
    { 25, 25, 24, -1, 24, 79, 22934 }, // U+042D
    { 36, 25, 37, 1, 24, 113, 23013 }, // U+042E
    { 26, 24, 24, -1, 24, 78, 23126 }, // U+042F
    { 22, 20, 23, 1, 19, 55, 23204 }, // U+0430
    { 22, 27, 22, 1, 26, 75, 23259 }, // U+0431
    { 20, 18, 21, 0, 18, 45, 23334 }, // U+0432
    { 19, 18, 17, 0, 18, 43, 23379 }, // U+0433
    { 25, 22, 23, -3, 18, 69, 23422 }, // U+0434
    { 19, 20, 21, 1, 19, 48, 23491 }, // U+0435
    { 34, 18, 30, -2, 18, 77, 23539 }, // U+0436
    { 18, 20, 18, -1, 19, 45, 23616 }, // U+0437
    { 23, 18, 23, 0, 18, 52, 23661 }, // U+0438
    { 23, 25, 23, 0, 25, 72, 23713 }, // U+0439
    { 23, 18, 21, 0, 18, 52, 23785 }, // U+043A
    { 24, 19, 22, -2, 18, 57, 23837 }, // U+043B
    { 27, 18, 27, 0, 18, 61, 23894 }, // U+043C
    { 23, 18, 23, 0, 18, 52, 23955 }, // U+043D
    { 20, 20, 22, 1, 19, 50, 24007 }, // U+043E
    { 22, 18, 23, 0, 18, 50, 24057 }, // U+043F
    { 23, 26, 23, -1, 19, 75, 24107 }, // U+0440
    { 19, 20, 20, 1, 19, 48, 24182 }, // U+0441
    { 19, 18, 18, 1, 18, 43, 24230 }, // U+0442
    { 26, 25, 20, -3, 18, 82, 24273 }, // U+0443
    { 27, 32, 28, 0, 25, 108, 24355 }, // U+0444
    { 24, 18, 20, -2, 18, 54, 24463 }, // U+0445
    { 22, 22, 23, 0, 18, 61, 24517 }, // U+0446
    { 20, 18, 21, 1, 18, 45, 24578 }, // U+0447
    { 32, 18, 32, 0, 18, 72, 24623 }, // U+0448
    { 32, 22, 33, 0, 18, 88, 24695 }, // U+0449
    { 21, 18, 23, 1, 18, 48, 24783 }, // U+044A
    { 28, 18, 28, 0, 18, 63, 24831 }, // U+044B
    { 19, 18, 20, 0, 18, 43, 24894 }, // U+044C
    { 20, 20, 20, -1, 19, 50, 24937 }, // U+044D
    { 29, 20, 30, 0, 19, 73, 24987 }, // U+044E
    { 22, 18, 21, -1, 18, 50, 25060 }, // U+044F
    { 19, 26, 21, 1, 25, 62, 25110 }, // U+0450
    { 19, 26, 21, 1, 25, 62, 25172 }, // U+0451
    { 22, 32, 23, 0, 25, 88, 25234 }, // U+0452
    { 20, 25, 17, 0, 25, 63, 25322 }, // U+0453
    { 21, 20, 20, 0, 19, 53, 25385 }, // U+0454
    { 19, 20, 18, -1, 19, 48, 25438 }, // U+0455
    { 12, 26, 10, 0, 26, 39, 25486 }, // U+0456
    { 13, 25, 10, 0, 25, 41, 25525 }, // U+0457
    { 19, 33, 10, -7, 26, 79, 25566 }, // U+0458
    { 33, 19, 32, -2, 18, 79, 25645 }, // U+0459
    { 31, 18, 32, 0, 18, 70, 25724 }, // U+045A
    { 22, 25, 23, 0, 25, 69, 25794 }, // U+045B
    { 23, 25, 21, 0, 25, 72, 25863 }, // U+045C
    { 23, 25, 23, 0, 25, 72, 25935 }, // U+045D
    { 26, 32, 20, -3, 25, 104, 26007 }, // U+045E
    { 22, 22, 22, 0, 18, 61, 26111 }, // U+045F
    { 25, 25, 27, 2, 25, 79, 26172 }, // U+0462
    { 20, 25, 21, 1, 25, 63, 26251 }, // U+0463
    { 33, 24, 31, -2, 24, 99, 26314 }, // U+046A
    { 27, 18, 25, -2, 18, 61, 26413 }, // U+046B
    { 27, 25, 28, 1, 24, 85, 26474 }, // U+0472
    { 20, 19, 22, 1, 18, 48, 26559 }, // U+0473
    { 26, 24, 26, 3, 24, 78, 26607 }, // U+0474
    { 22, 19, 21, 1, 19, 53, 26685 }, // U+0475
    { 27, 35, 28, 1, 30, 119, 26738 }, // U+048A
    { 23, 29, 24, 0, 25, 84, 26857 }, // U+048B
    { 22, 25, 25, 2, 25, 69, 26941 }, // U+048C
    { 19, 18, 21, 1, 18, 43, 27010 }, // U+048D
    { 24, 24, 24, 1, 24, 72, 27053 }, // U+048E
    { 23, 26, 23, -1, 19, 75, 27125 }, // U+048F
    { 22, 28, 20, 1, 28, 77, 27200 }, // U+0490
    { 19, 22, 17, 0, 22, 53, 27277 }, // U+0491
    { 24, 24, 21, 0, 24, 72, 27330 }, // U+0492
    { 20, 18, 18, 0, 18, 45, 27402 }, // U+0493
    { 22, 30, 23, 1, 24, 83, 27447 }, // U+0494
    { 19, 25, 21, 0, 18, 60, 27530 }, // U+0495
    { 40, 29, 37, -2, 24, 145, 27590 }, // U+0496
    { 34, 22, 31, -2, 18, 94, 27735 }, // U+0497
    { 23, 29, 22, -2, 24, 84, 27829 }, // U+0498
    { 18, 23, 18, -1, 19, 52, 27913 }, // U+0499
    { 26, 29, 26, 1, 24, 95, 27965 }, // U+049A
    { 23, 22, 22, 0, 18, 64, 28060 }, // U+049B
    { 27, 24, 26, 1, 24, 81, 28124 }, // U+049C
    { 23, 18, 21, 0, 18, 52, 28205 }, // U+049D
    { 27, 24, 26, 2, 24, 81, 28257 }, // U+049E
    { 23, 25, 21, 0, 25, 72, 28338 }, // U+049F
    { 30, 24, 29, 2, 24, 90, 28410 }, // U+04A0
    { 25, 18, 24, 1, 18, 57, 28500 }, // U+04A1
    { 26, 29, 28, 1, 24, 95, 28557 }, // U+04A2
    { 23, 22, 24, 0, 18, 64, 28652 }, // U+04A3
    { 37, 24, 35, 1, 24, 111, 28716 }, // U+04A4
    { 32, 18, 30, 0, 18, 72, 28827 }, // U+04A5
    { 37, 30, 39, 1, 24, 139, 28899 }, // U+04A6
    { 32, 25, 33, 0, 18, 100, 29038 }, // U+04A7
    { 31, 25, 33, 1, 24, 97, 29138 }, // U+04A8
    { 26, 20, 29, 1, 19, 65, 29235 }, // U+04A9
    { 25, 29, 24, 1, 24, 91, 29300 }, // U+04AA
    { 19, 23, 20, 1, 19, 55, 29391 }, // U+04AB
    { 22, 29, 21, 2, 24, 80, 29446 }, // U+04AC
    { 19, 22, 18, 1, 18, 53, 29526 }, // U+04AD
    { 25, 24, 24, 2, 24, 75, 29579 }, // U+04AE
    { 22, 25, 20, 1, 18, 69, 29654 }, // U+04AF
    { 25, 24, 24, 2, 24, 75, 29723 }, // U+04B0
    { 23, 25, 20, 0, 18, 72, 29798 }, // U+04B1
    { 28, 29, 25, -2, 24, 102, 29870 }, // U+04B2
    { 24, 22, 21, -2, 18, 66, 29972 }, // U+04B3
    { 30, 29, 33, 2, 24, 109, 30038 }, // U+04B4
    { 24, 22, 26, 1, 18, 66, 30147 }, // U+04B5
    { 24, 29, 26, 1, 24, 87, 30213 }, // U+04B6
    { 20, 22, 22, 1, 18, 55, 30300 }, // U+04B7
    { 24, 24, 25, 1, 24, 72, 30355 }, // U+04B8
    { 20, 18, 21, 1, 18, 45, 30427 }, // U+04B9
    { 23, 24, 25, 1, 24, 69, 30472 }, // U+04BA
    { 22, 25, 23, 0, 25, 69, 30541 }, // U+04BB
    { 33, 25, 34, 1, 24, 104, 30610 }, // U+04BC
    { 26, 20, 27, 1, 19, 65, 30714 }, // U+04BD
    { 33, 29, 34, 1, 24, 120, 30779 }, // U+04BE
    { 26, 23, 27, 1, 19, 75, 30899 }, // U+04BF
    { 11, 24, 11, 1, 24, 33, 30974 }, // U+04C0
    { 40, 30, 36, -2, 30, 150, 31007 }, // U+04C1
    { 34, 25, 30, -2, 25, 107, 31157 }, // U+04C2
    { 26, 31, 25, 1, 24, 101, 31264 }, // U+04C3
    { 23, 25, 21, 0, 18, 72, 31365 }, // U+04C4
    { 29, 29, 27, -2, 24, 106, 31437 }, // U+04C5
    { 24, 22, 23, -2, 18, 66, 31543 }, // U+04C6
    { 26, 31, 27, 1, 24, 101, 31609 }, // U+04C7
    { 23, 25, 23, 0, 18, 72, 31710 }, // U+04C8
    { 26, 29, 28, 1, 24, 95, 31782 }, // U+04C9
    { 23, 22, 24, 0, 18, 64, 31877 }, // U+04CA
    { 23, 29, 25, 2, 24, 84, 31941 }, // U+04CB
    { 20, 22, 21, 1, 18, 55, 32025 }, // U+04CC
    { 31, 29, 33, 1, 24, 113, 32080 }, // U+04CD
    { 27, 22, 28, 0, 18, 75, 32193 }, // U+04CE
    { 11, 25, 10, 0, 25, 35, 32268 }, // U+04CF
    { 27, 30, 26, -2, 30, 102, 32303 }, // U+04D0
    { 22, 26, 23, 1, 25, 72, 32405 }, // U+04D1
    { 27, 30, 26, -2, 30, 102, 32477 }, // U+04D2
    { 22, 26, 23, 1, 25, 72, 32579 }, // U+04D3
    { 40, 24, 36, -2, 24, 120, 32651 }, // U+04D4
    { 32, 20, 33, 0, 19, 80, 32771 }, // U+04D5
    { 23, 30, 22, 1, 30, 87, 32851 }, // U+04D6
    { 19, 26, 21, 1, 25, 62, 32938 }, // U+04D7
    { 26, 25, 27, 1, 24, 82, 33000 }, // U+04D8
    { 20, 20, 21, 0, 19, 50, 33082 }, // U+04D9
    { 26, 31, 27, 1, 30, 101, 33132 }, // U+04DA
    { 20, 26, 21, 0, 25, 65, 33233 }, // U+04DB
    { 40, 30, 36, -2, 30, 150, 33298 }, // U+04DC
    { 34, 25, 30, -2, 25, 107, 33448 }, // U+04DD
    { 23, 31, 22, -2, 30, 90, 33555 }, // U+04DE
    { 18, 26, 18, -1, 25, 59, 33645 }, // U+04DF
    { 22, 25, 20, -1, 24, 69, 33704 }, // U+04E0
    { 23, 25, 18, -4, 18, 72, 33773 }, // U+04E1
    { 27, 29, 27, 1, 29, 98, 33845 }, // U+04E2
    { 23, 24, 23, 0, 24, 69, 33943 }, // U+04E3
    { 27, 30, 27, 1, 30, 102, 34012 }, // U+04E4
    { 23, 25, 23, 0, 25, 72, 34114 }, // U+04E5
    { 27, 31, 28, 1, 30, 105, 34186 }, // U+04E6
    { 20, 26, 22, 1, 25, 65, 34291 }, // U+04E7
    { 27, 25, 28, 1, 24, 85, 34356 }, // U+04E8
    { 20, 19, 22, 1, 18, 48, 34441 }, // U+04E9
    { 27, 31, 28, 1, 30, 105, 34489 }, // U+04EA
    { 20, 26, 22, 1, 25, 65, 34594 }, // U+04EB
    { 25, 31, 24, -1, 30, 97, 34659 }, // U+04EC
    { 20, 26, 20, -1, 25, 65, 34756 }, // U+04ED
    { 27, 30, 24, 0, 29, 102, 34821 }, // U+04EE
    { 26, 31, 20, -3, 24, 101, 34923 }, // U+04EF
    { 27, 31, 24, 0, 30, 105, 35024 }, // U+04F0
    { 26, 32, 20, -3, 25, 104, 35129 }, // U+04F1
    { 27, 31, 24, 0, 30, 105, 35233 }, // U+04F2
    { 26, 32, 20, -3, 25, 104, 35338 }, // U+04F3
    { 24, 30, 25, 1, 30, 90, 35442 }, // U+04F4
    { 20, 25, 21, 1, 25, 63, 35532 }, // U+04F5
    { 22, 29, 20, 1, 24, 80, 35595 }, // U+04F6
    { 19, 22, 17, 0, 18, 53, 35675 }, // U+04F7
    { 34, 30, 35, 1, 30, 128, 35728 }, // U+04F8
    { 28, 25, 28, 0, 25, 88, 35856 }, // U+04F9
    { 26, 31, 21, -2, 24, 101, 35944 }, // U+04FA
    { 22, 25, 17, -3, 18, 69, 36045 }, // U+04FB
    { 28, 31, 24, -2, 24, 109, 36114 }, // U+04FC
    { 24, 25, 20, -2, 18, 75, 36223 }, // U+04FD
    { 28, 24, 24, -2, 24, 84, 36298 }, // U+04FE
    { 24, 18, 20, -2, 18, 54, 36382 }, // U+04FF
    { 18, 4, 17, -1, 11, 9, 36436 }, // U+2013
    { 35, 4, 33, -1, 11, 18, 36445 }, // U+2014
    { 9, 12, 9, 2, 25, 14, 36463 }, // U+2018
    { 9, 12, 9, 2, 25, 14, 36477 }, // U+2019
    { 9, 13, 9, -2, 7, 15, 36491 }, // U+201A
    { 17, 12, 16, 2, 25, 26, 36506 }, // U+201C
    { 16, 12, 16, 2, 25, 24, 36532 }, // U+201D
    { 17, 13, 16, -2, 7, 28, 36556 }, // U+201E
    { 19, 31, 20, 1, 24, 74, 36584 }, // U+2020
    { 21, 31, 20, -1, 24, 82, 36658 }, // U+2021
    { 10, 9, 12, 1, 14, 12, 36740 }, // U+2022
    { 26, 8, 26, -1, 7, 26, 36752 }, // U+2026
    { 39, 25, 42, 2, 24, 122, 36778 }, // U+2030
    { 11, 14, 11, 1, 16, 20, 36900 }, // U+2039
    { 12, 14, 11, -1, 16, 21, 36920 }, // U+203A
    { 25, 24, 6, -9, 24, 75, 36941 }, // U+2044
    { 15, 14, 14, 1, 25, 27, 37016 }, // U+2074
    { 28, 25, 27, 0, 24, 88, 37043 }, // U+20AC
    { 21, 26, 23, 1, 25, 69, 37131 }, // U+2202
    { 28, 31, 27, -1, 24, 109, 37200 }, // U+220F
    { 26, 31, 22, -2, 24, 101, 37309 }, // U+2211
    { 17, 5, 20, 2, 14, 11, 37410 }, // U+2212
    { 23, 32, 13, -4, 28, 92, 37421 }, // U+2215
    { 7, 7, 10, 2, 15, 7, 37513 }, // U+2219
    { 29, 32, 27, 2, 25, 116, 37520 }, // U+221A
    { 30, 15, 31, 1, 19, 57, 37636 }, // U+221E
    { 23, 32, 14, -4, 25, 92, 37693 }, // U+222B
    { 21, 15, 20, 0, 19, 40, 37785 }, // U+2248
    { 19, 21, 20, 1, 22, 50, 37825 }, // U+2260
    { 21, 22, 20, 0, 22, 58, 37875 }, // U+2264
    { 20, 22, 20, 0, 22, 55, 37933 }, // U+2265
};

static const EpdUnicodeInterval montserrat_16_bolditalicIntervals[] = {
    { 0xD, 0xD, 0x0 },
    { 0x20, 0x7E, 0x1 },
    { 0xA0, 0xAC, 0x60 },
    { 0xAE, 0xFF, 0x6D },
    { 0x100, 0x107, 0xBF },
    { 0x10A, 0x113, 0xC7 },
    { 0x116, 0x11B, 0xD1 },
    { 0x11E, 0x123, 0xD7 },
    { 0x126, 0x127, 0xDD },
    { 0x12A, 0x12B, 0xDF },
    { 0x12E, 0x12F, 0xE1 },
    { 0x131, 0x131, 0xE3 },
    { 0x136, 0x137, 0xE4 },
    { 0x13B, 0x13E, 0xE6 },
    { 0x141, 0x148, 0xEA },
    { 0x150, 0x155, 0xF2 },
    { 0x158, 0x15B, 0xF8 },
    { 0x15E, 0x165, 0xFC },
    { 0x16A, 0x16B, 0x104 },
    { 0x16E, 0x173, 0x106 },
    { 0x178, 0x17E, 0x10C },
    { 0x300, 0x304, 0x113 },
    { 0x306, 0x308, 0x118 },
    { 0x30A, 0x30C, 0x11B },
    { 0x326, 0x328, 0x11E },
    { 0x400, 0x45F, 0x121 },
    { 0x462, 0x463, 0x181 },
    { 0x46A, 0x46B, 0x183 },
    { 0x472, 0x475, 0x185 },
    { 0x48A, 0x4FF, 0x189 },
    { 0x2013, 0x2014, 0x1FF },
    { 0x2018, 0x201A, 0x201 },
    { 0x201C, 0x201E, 0x204 },
    { 0x2020, 0x2022, 0x207 },
    { 0x2026, 0x2026, 0x20A },
    { 0x2030, 0x2030, 0x20B },
    { 0x2039, 0x203A, 0x20C },
    { 0x2044, 0x2044, 0x20E },
    { 0x2074, 0x2074, 0x20F },
    { 0x20AC, 0x20AC, 0x210 },
    { 0x2202, 0x2202, 0x211 },
    { 0x220F, 0x220F, 0x212 },
    { 0x2211, 0x2212, 0x213 },
    { 0x2215, 0x2215, 0x215 },
    { 0x2219, 0x221A, 0x216 },
    { 0x221E, 0x221E, 0x218 },
    { 0x222B, 0x222B, 0x219 },
    { 0x2248, 0x2248, 0x21A },
    { 0x2260, 0x2260, 0x21B },
    { 0x2264, 0x2265, 0x21C },
};

static const EpdFontData montserrat_16_bolditalic = {
    montserrat_16_bolditalicBitmaps,
    sizeof(montserrat_16_bolditalicBitmaps),
    montserrat_16_bolditalicGlyphs,
    montserrat_16_bolditalicIntervals,
    50,
    41,
    33,
    -9,
    false,
};
