/**
 * generated by fontconvert.py
 * name: montserrat_10_italic
 * size: 10
 * mode: 1-bit
 * Command used: /var/folders/d8/ppw4t5jd78jbkx_rzkk5nwlm0000gn/T/inx-montserrat-converter-pxre4cbt/fontconvert.py montserrat_10_italic 10 /Users/macganibo/Desktop/reader/inx-pro/fontcon/Montserrat-Italic.ttf --reader-latin --legacy-header
 */
#pragma once
#include "EpdFontData.h"

static const uint8_t montserrat_10_italicBitmaps[14543] = {
    0x1C, 0x71, 0x86, 0x18, 0xE3, 0x0C, 0x30, 0xC2, 0x00, 0x03, 0x8E, 0x00, 0x6C, 0xD9, 0xB6, 0x6C,
    0xD9, 0x00, 0x03, 0x0C, 0x03, 0x18, 0x03, 0x18, 0x06, 0x18, 0x3F, 0xFE, 0x3F, 0xFE, 0x0C, 0x30,
    0x0C, 0x60, 0x0C, 0x60, 0x7F, 0xF8, 0xFF, 0xFC, 0x18, 0xC0, 0x30, 0xC0, 0x30, 0x80, 0x31, 0x80,
    0x00, 0x80, 0x06, 0x00, 0x20, 0x0F, 0xE1, 0xFF, 0x8C, 0xCC, 0xE6, 0x06, 0x20, 0x3B, 0x00, 0xF8,
    0x03, 0xF0, 0x07, 0xC0, 0x27, 0x03, 0x18, 0x18, 0xD8, 0xCE, 0xFF, 0xE3, 0xFE, 0x03, 0x00, 0x18,
    0x00, 0xC0, 0x00, 0x1E, 0x06, 0x3F, 0x0E, 0x63, 0x1C, 0x63, 0x18, 0x43, 0x30, 0x43, 0x60, 0x66,
    0xC0, 0x7D, 0xBC, 0x13, 0x76, 0x07, 0x63, 0x0E, 0xC3, 0x0C, 0xC3, 0x18, 0xC6, 0x30, 0xC6, 0x60,
    0x7C, 0x00, 0x00, 0x03, 0xC0, 0x3F, 0x80, 0xC3, 0x03, 0x0C, 0x0C, 0x60, 0x37, 0x00, 0x78, 0x07,
    0xC0, 0x3B, 0x89, 0xC7, 0x6E, 0x0F, 0xB0, 0x3C, 0xE0, 0x71, 0xFF, 0xE3, 0xF9, 0x80, 0x00, 0x6D,
    0xED, 0x80, 0x06, 0x0E, 0x0C, 0x18, 0x18, 0x38, 0x30, 0x30, 0x60, 0x60, 0x60, 0x60, 0x60, 0xE0,
    0xE0, 0xE0, 0x60, 0x60, 0x60, 0x60, 0x00, 0x06, 0x06, 0x06, 0x06, 0x07, 0x07, 0x07, 0x07, 0x06,
    0x06, 0x06, 0x06, 0x0E, 0x0C, 0x0C, 0x1C, 0x18, 0x38, 0x30, 0x60, 0x00, 0x0C, 0x06, 0x1B, 0xC7,
    0xE3, 0xC7, 0xFB, 0x68, 0x30, 0x00, 0x00, 0x06, 0x00, 0xC0, 0x18, 0x03, 0x0F, 0xFC, 0xFF, 0x83,
    0x00, 0x60, 0x0C, 0x00, 0x00, 0x27, 0x76, 0x6C, 0x00, 0xFF, 0xF0, 0x5F, 0x80, 0x00, 0x18, 0x00,
    0x60, 0x03, 0x00, 0x0C, 0x00, 0x60, 0x01, 0x80, 0x0C, 0x00, 0x70, 0x01, 0x80, 0x0E, 0x00, 0x30,
    0x01, 0x80, 0x06, 0x00, 0x30, 0x00, 0xC0, 0x06, 0x00, 0x38, 0x00, 0xC0, 0x07, 0x00, 0x18, 0x00,
    0x00, 0x00, 0x07, 0xC0, 0xFF, 0x0E, 0x1C, 0x60, 0x67, 0x03, 0xB0, 0x1F, 0x80, 0xF8, 0x07, 0xC0,
    0x36, 0x01, 0xB0, 0x1D, 0x80, 0xCE, 0x0E, 0x3F, 0xE0, 0xFC, 0x00, 0x00, 0x7D, 0xF8, 0x30, 0xE1,
    0xC3, 0x06, 0x0C, 0x38, 0x70, 0xC1, 0x83, 0x0E, 0x1C, 0x00, 0x07, 0xE0, 0xFF, 0x86, 0x0E, 0x00,
    0x30, 0x01, 0x80, 0x1C, 0x01, 0xC0, 0x1C, 0x01, 0xC0, 0x1C, 0x01, 0xC0, 0x3C, 0x03, 0x80, 0x3F,
    0xF3, 0xFF, 0xC0, 0x1F, 0xF8, 0x7F, 0xE0, 0x07, 0x00, 0x38, 0x00, 0xC0, 0x06, 0x00, 0x38, 0x01,
    0xF8, 0x00, 0xF0, 0x00, 0xC0, 0x03, 0x00, 0x1C, 0x40, 0x63, 0xFF, 0x83, 0xFC, 0x00, 0x00, 0x00,
    0x30, 0x01, 0x80, 0x0C, 0x00, 0x60, 0x03, 0x80, 0x1C, 0x00, 0xE6, 0x07, 0x18, 0x38, 0x61, 0xFF,
    0xEF, 0xFF, 0xDF, 0xFE, 0x00, 0xC0, 0x03, 0x00, 0x0C, 0x00, 0x07, 0xF8, 0x3F, 0xE0, 0xC0, 0x03,
    0x00, 0x1C, 0x00, 0x60, 0x01, 0xFC, 0x07, 0xF8, 0x00, 0x70, 0x00, 0xC0, 0x03, 0x00, 0x0C, 0x60,
    0x71, 0xFF, 0x83, 0xFC, 0x00, 0x00, 0x07, 0xF1, 0xFF, 0x38, 0x07, 0x00, 0x60, 0x06, 0x00, 0xFF,
    0x8F, 0xFC, 0xF0, 0xEE, 0x06, 0xC0, 0x6C, 0x06, 0x60, 0xE7, 0xFC, 0x3F, 0x80, 0x00, 0x7F, 0xFB,
    0xFF, 0x98, 0x1D, 0xC0, 0xC4, 0x0E, 0x00, 0xE0, 0x06, 0x00, 0x70, 0x07, 0x00, 0x30, 0x03, 0x80,
    0x38, 0x01, 0x80, 0x1C, 0x01, 0xC0, 0x00, 0x07, 0xE0, 0xFF, 0xC6, 0x0E, 0x70, 0x33, 0x81, 0x9C,
    0x1C, 0x7F, 0xC7, 0xFC, 0x78, 0xF3, 0x01, 0xB8, 0x0D, 0xC0, 0x66, 0x07, 0x3F, 0xF0, 0xFF, 0x00,
    0x00, 0x0F, 0xC0, 0xFF, 0x0E, 0x1C, 0xE0, 0x66, 0x03, 0xB8, 0x1D, 0xC1, 0xE7, 0xFF, 0x1F, 0xF0,
    0x01, 0x80, 0x1C, 0x00, 0xC0, 0x0E, 0x3F, 0xE1, 0xFC, 0x00, 0x00, 0x01, 0xCC, 0x00, 0x00, 0x00,
    0x02, 0x39, 0xC0, 0x00, 0x00, 0x71, 0x80, 0x00, 0x00, 0x00, 0x00, 0x87, 0x1C, 0x61, 0x8C, 0x00,
    0x00, 0x60, 0x3C, 0x3E, 0x3F, 0x0F, 0x00, 0xF0, 0x0F, 0x80, 0x3C, 0x01, 0xC0, 0x7F, 0xEF, 0xFC,
    0x00, 0x00, 0x00, 0x01, 0xFF, 0xBF, 0xF0, 0x30, 0x03, 0xC0, 0x0F, 0x80, 0x3E, 0x00, 0xE0, 0x3E,
    0x1F, 0x87, 0xC0, 0x60, 0x00, 0x1F, 0x8F, 0xF9, 0x83, 0x80, 0x70, 0x0E, 0x01, 0x80, 0x70, 0x38,
    0x0E, 0x01, 0x80, 0x70, 0x00, 0x00, 0x00, 0x70, 0x0E, 0x00, 0x00, 0x00, 0xFF, 0x00, 0x1F, 0xFE,
    0x01, 0xC0, 0x38, 0x38, 0x00, 0x61, 0x87, 0xDB, 0x98, 0xFF, 0xCC, 0xCE, 0x1E, 0x6C, 0x60, 0x73,
    0x66, 0x03, 0x9B, 0x30, 0x18, 0xD1, 0x80, 0xC6, 0x8C, 0x06, 0x36, 0x70, 0x73, 0x31, 0xFF, 0xF1,
    0x87, 0xEF, 0x86, 0x00, 0x00, 0x38, 0x00, 0x00, 0xF0, 0x60, 0x01, 0xFF, 0x00, 0x01, 0x80, 0x00,
    0x00, 0x38, 0x00, 0x78, 0x00, 0x78, 0x00, 0xD8, 0x01, 0xDC, 0x01, 0x8C, 0x03, 0x8C, 0x07, 0x0C,
    0x06, 0x0E, 0x0F, 0xFE, 0x1F, 0xFE, 0x18, 0x06, 0x38, 0x07, 0x30, 0x03, 0x60, 0x03, 0x1F, 0xF0,
    0x3F, 0xF8, 0xE0, 0x31, 0x80, 0x63, 0x00, 0xC6, 0x03, 0x8C, 0x1E, 0x3F, 0xF8, 0x7F, 0xF8, 0xC0,
    0x39, 0x80, 0x73, 0x00, 0xEE, 0x01, 0x9F, 0xFF, 0x3F, 0xF8, 0x00, 0x03, 0xF8, 0x1F, 0xF8, 0x70,
    0x39, 0xC0, 0x07, 0x00, 0x0C, 0x00, 0x38, 0x00, 0x60, 0x00, 0xC0, 0x01, 0x80, 0x03, 0x00, 0x07,
    0x00, 0x07, 0x01, 0x87, 0xFF, 0x07, 0xFC, 0x00, 0x00, 0x1F, 0xF0, 0x1F, 0xFC, 0x38, 0x1E, 0x38,
    0x07, 0x30, 0x07, 0x30, 0x03, 0x30, 0x03, 0x70, 0x03, 0x70, 0x03, 0x60, 0x07, 0x60, 0x06, 0x60,
    0x0E, 0xE0, 0x3C, 0xFF, 0xF8, 0xFF, 0xE0, 0x1F, 0xFC, 0x7F, 0xE3, 0x80, 0x0E, 0x00, 0x30, 0x00,
    0xC0, 0x03, 0xFE, 0x1F, 0xF8, 0x7F, 0xE1, 0x80, 0x06, 0x00, 0x18, 0x00, 0xE0, 0x03, 0xFF, 0x8F,
    0xFE, 0x00, 0x1F, 0xFC, 0x7F, 0xE3, 0x80, 0x0E, 0x00, 0x30, 0x00, 0xC0, 0x03, 0x00, 0x1F, 0xF8,
    0x7F, 0xE1, 0x80, 0x06, 0x00, 0x18, 0x00, 0xE0, 0x03, 0x80, 0x0C, 0x00, 0x00, 0x03, 0xF8, 0x1F,
    0xF8, 0x70, 0x39, 0xC0, 0x07, 0x00, 0x0C, 0x00, 0x38, 0x00, 0x60, 0x06, 0xC0, 0x0D, 0x80, 0x3B,
    0x00, 0x67, 0x00, 0xC7, 0x01, 0x87, 0xFF, 0x07, 0xF8, 0x00, 0x00, 0x18, 0x03, 0x18, 0x07, 0x38,
    0x06, 0x38, 0x06, 0x30, 0x06, 0x30, 0x06, 0x3F, 0xFE, 0x7F, 0xFC, 0x7F, 0xFC, 0x60, 0x0C, 0x60,
    0x0C, 0x60, 0x1C, 0xE0, 0x18, 0xE0, 0x18, 0xC0, 0x18, 0x18, 0xCE, 0x73, 0x18, 0xCE, 0x73, 0x18,
    0xCE, 0x73, 0x00, 0x0F, 0xE0, 0xFE, 0x00, 0x60, 0x06, 0x00, 0xE0, 0x0C, 0x00, 0xC0, 0x0C, 0x00,
    0xC0, 0x1C, 0x01, 0x80, 0x18, 0xC3, 0x8F, 0xF0, 0x7E, 0x00, 0x00, 0x18, 0x0E, 0x18, 0x1C, 0x38,
    0x38, 0x38, 0x70, 0x30, 0xE0, 0x31, 0xC0, 0x37, 0x80, 0x7F, 0x00, 0x7F, 0x80, 0x79, 0x80, 0x71,
    0xC0, 0x60, 0xE0, 0xE0, 0x60, 0xE0, 0x30, 0xC0, 0x38, 0x18, 0x03, 0x00, 0xE0, 0x1C, 0x03, 0x00,
    0x60, 0x0C, 0x03, 0x80, 0x70, 0x0C, 0x01, 0x80, 0x30, 0x0E, 0x01, 0xFF, 0xBF, 0xF8, 0x18, 0x00,
    0x63, 0x00, 0x1C, 0xF0, 0x07, 0x1E, 0x01, 0xE3, 0xE0, 0x7C, 0x6C, 0x0D, 0x8D, 0x83, 0x73, 0xB8,
    0xEC, 0x63, 0x39, 0x8C, 0x66, 0x31, 0x87, 0x86, 0x30, 0xF1, 0xCE, 0x1C, 0x31, 0x80, 0x06, 0x30,
    0x00, 0xC0, 0x18, 0x03, 0x1C, 0x07, 0x3C, 0x06, 0x3E, 0x06, 0x36, 0x06, 0x37, 0x06, 0x33, 0x8E,
    0x71, 0x8C, 0x71, 0xCC, 0x60, 0xCC, 0x60, 0xEC, 0x60, 0x7C, 0xE0, 0x78, 0xE0, 0x38, 0xC0, 0x18,
    0x03, 0xF8, 0x07, 0xFE, 0x07, 0x03, 0x87, 0x00, 0xE7, 0x00, 0x33, 0x00, 0x1B, 0x80, 0x0D, 0x80,
    0x06, 0xC0, 0x03, 0x60, 0x03, 0xB0, 0x01, 0x9C, 0x01, 0xC7, 0x01, 0xC1, 0xFF, 0xC0, 0x7F, 0xC0,
    0x00, 0x00, 0x1F, 0xF0, 0x7F, 0xE3, 0x81, 0xCE, 0x03, 0x30, 0x0C, 0xC0, 0x33, 0x01, 0xDC, 0x06,
    0x70, 0xF9, 0xFF, 0xC7, 0xF8, 0x18, 0x00, 0xE0, 0x03, 0x80, 0x0C, 0x00, 0x00, 0x03, 0xF8, 0x07,
    0xFE, 0x07, 0x03, 0x87, 0x00, 0xE7, 0x00, 0x33, 0x00, 0x1B, 0x80, 0x0D, 0x80, 0x06, 0xC0, 0x03,
    0x60, 0x03, 0xB0, 0x01, 0x9C, 0x01, 0xC7, 0x01, 0xC1, 0xFF, 0xC0, 0x7F, 0xC0, 0x07, 0x04, 0x01,
    0xFE, 0x00, 0x7E, 0x00, 0x1F, 0xF0, 0x7F, 0xE3, 0x81, 0xCE, 0x03, 0x30, 0x0C, 0xC0, 0x33, 0x01,
    0xDC, 0x06, 0x70, 0xF9, 0xFF, 0xC7, 0xFC, 0x18, 0x30, 0xE0, 0x63, 0x81, 0xCC, 0x03, 0x00, 0x07,
    0xF0, 0xFF, 0xC6, 0x06, 0x70, 0x03, 0x00, 0x1C, 0x00, 0x78, 0x01, 0xF8, 0x03, 0xE0, 0x03, 0x80,
    0x0C, 0x00, 0x6C, 0x07, 0x7F, 0xF1, 0xFF, 0x00, 0x00, 0x7F, 0xFF, 0xFF, 0xC1, 0xC0, 0x0C, 0x00,
    0x60, 0x03, 0x00, 0x38, 0x01, 0xC0, 0x0C, 0x00, 0x60, 0x03, 0x00, 0x38, 0x01, 0xC0, 0x0C, 0x00,
    0x60, 0x00, 0x38, 0x06, 0x70, 0x0C, 0xC0, 0x19, 0x80, 0x73, 0x00, 0xCE, 0x01, 0x9C, 0x03, 0x30,
    0x06, 0x60, 0x1C, 0xC0, 0x31, 0x80, 0x63, 0x01, 0xC7, 0x07, 0x07, 0xFC, 0x07, 0xF0, 0x00, 0x00,
    0x60, 0x07, 0x60, 0x06, 0x60, 0x0C, 0x70, 0x1C, 0x30, 0x18, 0x30, 0x38, 0x30, 0x70, 0x38, 0x60,
    0x18, 0xE0, 0x19, 0xC0, 0x19, 0x80, 0x1F, 0x80, 0x1F, 0x00, 0x0E, 0x00, 0x0E, 0x00, 0xC0, 0x30,
    0x0D, 0x80, 0x70, 0x1B, 0x81, 0xE0, 0x67, 0x07, 0xC0, 0xC6, 0x0D, 0x83, 0x0C, 0x3B, 0x0E, 0x18,
    0x66, 0x18, 0x31, 0xCC, 0x70, 0x63, 0x1C, 0xC0, 0xEC, 0x1B, 0x81, 0xD8, 0x36, 0x01, 0xE0, 0x7C,
    0x03, 0xC0, 0xF0, 0x07, 0x01, 0xE0, 0x0E, 0x03, 0x80, 0x00, 0x1C, 0x07, 0x0C, 0x0E, 0x0E, 0x0C,
    0x06, 0x18, 0x07, 0x30, 0x03, 0xE0, 0x01, 0xE0, 0x01, 0xC0, 0x03, 0xC0, 0x07, 0xE0, 0x0E, 0x60,
    0x1C, 0x70, 0x38, 0x30, 0x70, 0x38, 0xE0, 0x18, 0xC0, 0x1B, 0x00, 0xE6, 0x07, 0x18, 0x18, 0x70,
    0xC0, 0xC7, 0x03, 0xB8, 0x07, 0xC0, 0x1E, 0x00, 0x70, 0x00, 0xC0, 0x07, 0x00, 0x18, 0x00, 0x60,
    0x01, 0x80, 0x00, 0x0F, 0xFF, 0x1F, 0xFF, 0x00, 0x0E, 0x00, 0x1C, 0x00, 0x38, 0x00, 0x70, 0x00,
    0xE0, 0x01, 0xC0, 0x03, 0x80, 0x07, 0x00, 0x0E, 0x00, 0x1C, 0x00, 0x38, 0x00, 0x7F, 0xF8, 0x7F,
    0xF8, 0x0F, 0x07, 0x83, 0x03, 0x81, 0x80, 0xC0, 0x60, 0x30, 0x38, 0x18, 0x0C, 0x06, 0x03, 0x03,
    0x81, 0x80, 0xC0, 0x60, 0x30, 0x3C, 0x1F, 0x00, 0x00, 0xC3, 0x86, 0x18, 0x61, 0x86, 0x18, 0x30,
    0xC3, 0x0C, 0x30, 0xC3, 0x86, 0x18, 0x61, 0x86, 0x00, 0x0F, 0x87, 0x80, 0xC0, 0x60, 0x30, 0x38,
    0x18, 0x0C, 0x06, 0x03, 0x03, 0x81, 0x80, 0xC0, 0x60, 0x30, 0x38, 0x18, 0x0C, 0x1E, 0x1F, 0x00,
    0x00, 0x06, 0x07, 0x83, 0xC3, 0x61, 0xB1, 0x89, 0xC6, 0xC3, 0xC1, 0x80, 0xFF, 0xF0, 0x00, 0x61,
    0xC3, 0x86, 0x00, 0x00, 0x3F, 0x73, 0xFF, 0x8C, 0x0E, 0x70, 0x39, 0x80, 0xE6, 0x03, 0x98, 0x0C,
    0x60, 0x31, 0x81, 0xC7, 0xFF, 0x0F, 0xFC, 0x00, 0x00, 0x0C, 0x00, 0x30, 0x01, 0xC0, 0x06, 0x00,
    0x18, 0x00, 0x7F, 0xC1, 0xFF, 0x8E, 0x06, 0x38, 0x1C, 0xC0, 0x73, 0x01, 0xCC, 0x06, 0x70, 0x19,
    0xE0, 0xE7, 0xFF, 0x1B, 0xF8, 0x00, 0x00, 0x00, 0x00, 0xFE, 0x3F, 0xF3, 0x03, 0x70, 0x06, 0x00,
    0x60, 0x06, 0x00, 0x60, 0x06, 0x06, 0x7F, 0xE1, 0xF8, 0x00, 0x00, 0x00, 0x0C, 0x00, 0x18, 0x00,
    0x30, 0x00, 0x60, 0x01, 0xC1, 0xFB, 0x8F, 0xFE, 0x18, 0x1C, 0x70, 0x38, 0xC0, 0x71, 0x80, 0xE3,
    0x01, 0x86, 0x03, 0x0C, 0x0E, 0x1F, 0xFC, 0x1F, 0xF8, 0x00, 0x00, 0x00, 0x00, 0xFC, 0x3F, 0xE3,
    0x07, 0x60, 0x37, 0xFF, 0x7F, 0xF6, 0x00, 0x60, 0x06, 0x04, 0x7F, 0xE1, 0xFC, 0x00, 0x00, 0x0F,
    0x8F, 0xC6, 0x07, 0x03, 0x07, 0xFB, 0xF8, 0x60, 0x70, 0x30, 0x18, 0x0C, 0x06, 0x07, 0x03, 0x01,
    0x80, 0x00, 0x00, 0x3F, 0xB3, 0xFF, 0x8C, 0x0E, 0x70, 0x39, 0x80, 0x66, 0x03, 0x98, 0x0C, 0x60,
    0x71, 0xC3, 0xC3, 0xFF, 0x07, 0xDC, 0x00, 0x63, 0x03, 0x8F, 0xFC, 0x1F, 0xE0, 0x0C, 0x00, 0x0C,
    0x00, 0x60, 0x07, 0x00, 0x30, 0x01, 0x80, 0x0F, 0xF8, 0x7F, 0xC7, 0x07, 0x38, 0x19, 0x80, 0xCC,
    0x0E, 0x60, 0x67, 0x03, 0x30, 0x19, 0x80, 0xCC, 0x0E, 0x0C, 0x70, 0xC0, 0x00, 0x63, 0x8E, 0x30,
    0xC3, 0x1C, 0x71, 0x86, 0x18, 0x00, 0xC0, 0x70, 0x0C, 0x00, 0x00, 0x00, 0x60, 0x18, 0x0E, 0x03,
    0x00, 0xC0, 0x30, 0x0C, 0x07, 0x01, 0x80, 0x60, 0x18, 0x06, 0x03, 0x87, 0xC3, 0xE0, 0x20, 0x00,
    0x0C, 0x00, 0x30, 0x01, 0xC0, 0x06, 0x00, 0x18, 0x00, 0x60, 0xE1, 0x87, 0x0E, 0x78, 0x33, 0x80,
    0xDC, 0x03, 0xF0, 0x0E, 0xE0, 0x71, 0xC1, 0x83, 0x06, 0x0E, 0x18, 0x18, 0x0C, 0x31, 0xC6, 0x18,
    0x61, 0x8E, 0x30, 0xC3, 0x0C, 0x71, 0x86, 0x18, 0x00, 0x00, 0x00, 0xFF, 0x3F, 0x8F, 0xFF, 0xFE,
    0x70, 0x78, 0x73, 0x83, 0x81, 0x98, 0x1C, 0x0C, 0xC0, 0xC0, 0xEE, 0x06, 0x06, 0x70, 0x30, 0x33,
    0x03, 0x81, 0x98, 0x1C, 0x0C, 0xC0, 0xC0, 0xE0, 0x00, 0x00, 0xFF, 0x8F, 0xFC, 0x70, 0x73, 0x81,
    0x98, 0x0C, 0xC0, 0xEE, 0x06, 0x70, 0x33, 0x01, 0x98, 0x0C, 0xC0, 0xE0, 0x00, 0x00, 0x7F, 0x0F,
    0xFC, 0x60, 0x67, 0x03, 0xB0, 0x1D, 0x80, 0xEC, 0x06, 0x60, 0x33, 0x03, 0x9F, 0xF8, 0x3F, 0x00,
    0x00, 0x00, 0x00, 0x00, 0x7F, 0xC3, 0xFF, 0x8E, 0x06, 0x38, 0x1C, 0xC0, 0x73, 0x01, 0xDC, 0x06,
    0x70, 0x19, 0xE0, 0xE7, 0xFF, 0x1B, 0xF8, 0x60, 0x03, 0x80, 0x0C, 0x00, 0x30, 0x00, 0x00, 0x00,
    0x00, 0x00, 0x3F, 0x73, 0xFF, 0x8C, 0x0E, 0x70, 0x39, 0x80, 0xE6, 0x03, 0x98, 0x0C, 0x60, 0x31,
    0x81, 0xC7, 0xFF, 0x0F, 0xFC, 0x00, 0x60, 0x01, 0x80, 0x06, 0x00, 0x38, 0x00, 0x00, 0x00, 0x0F,
    0xCF, 0xE7, 0x03, 0x81, 0x80, 0xC0, 0xE0, 0x70, 0x30, 0x18, 0x0C, 0x00, 0x00, 0x01, 0xFC, 0x7F,
    0x98, 0x03, 0x00, 0x78, 0x07, 0xE0, 0x1E, 0x00, 0xC8, 0x19, 0xFF, 0x3F, 0xC0, 0x00, 0x18, 0x38,
    0x30, 0xFF, 0xFE, 0x30, 0x70, 0x60, 0x60, 0x60, 0x60, 0xE0, 0x7C, 0x7C, 0x00, 0x00, 0x01, 0x81,
    0x9C, 0x0C, 0xC0, 0x66, 0x03, 0x30, 0x39, 0x81, 0x9C, 0x0C, 0xE0, 0x67, 0x07, 0x1F, 0xF8, 0x7F,
    0x80, 0x00, 0x00, 0x00, 0x0C, 0x07, 0xC0, 0x6E, 0x0C, 0x61, 0xC6, 0x18, 0x63, 0x07, 0x70, 0x36,
    0x03, 0xC0, 0x3C, 0x03, 0x80, 0x00, 0x00, 0x18, 0x18, 0x1F, 0x07, 0x83, 0x60, 0xF0, 0xC6, 0x36,
    0x18, 0xC6, 0xC6, 0x19, 0x98, 0xC3, 0x33, 0xB0, 0x6C, 0x3E, 0x0F, 0x87, 0x80, 0xE0, 0xF0, 0x18,
    0x1C, 0x00, 0x00, 0x00, 0xC1, 0xC7, 0x1C, 0x19, 0xC0, 0xFC, 0x03, 0xC0, 0x1C, 0x01, 0xE0, 0x1D,
    0x81, 0xCE, 0x1C, 0x31, 0xC1, 0xC0, 0x00, 0x00, 0x0C, 0x07, 0x0C, 0x06, 0x0E, 0x0C, 0x06, 0x1C,
    0x06, 0x18, 0x06, 0x30, 0x07, 0x70, 0x03, 0x60, 0x03, 0xC0, 0x03, 0xC0, 0x03, 0x80, 0x03, 0x00,
    0x07, 0x00, 0x7E, 0x00, 0x7C, 0x00, 0x10, 0x00, 0x00, 0x01, 0xFF, 0x1F, 0xF0, 0x0E, 0x01, 0xC0,
    0x38, 0x07, 0x00, 0xE0, 0x1C, 0x03, 0x80, 0x7F, 0xCF, 0xFC, 0x07, 0x0F, 0x1C, 0x18, 0x18, 0x18,
    0x38, 0x30, 0x30, 0xF0, 0xE0, 0x70, 0x60, 0x60, 0x60, 0x60, 0xE0, 0xC0, 0xF0, 0x70, 0x00, 0x0C,
    0x30, 0xC7, 0x18, 0x61, 0x86, 0x38, 0xC3, 0x0C, 0x31, 0xC6, 0x18, 0x61, 0x8E, 0x30, 0x00, 0x0E,
    0x0F, 0x03, 0x03, 0x07, 0x06, 0x06, 0x06, 0x06, 0x07, 0x07, 0x0C, 0x0C, 0x0C, 0x1C, 0x18, 0x18,
    0x18, 0x78, 0xF0, 0x00, 0x00, 0x0F, 0x8D, 0xFB, 0x63, 0xE0, 0x30, 0x01, 0xCE, 0x00, 0x18, 0xC6,
    0x63, 0x18, 0xCE, 0x73, 0x18, 0x01, 0x80, 0x18, 0x01, 0x80, 0xFE, 0x3F, 0xF3, 0x33, 0x73, 0x06,
    0x30, 0x62, 0x06, 0x60, 0x66, 0x06, 0x66, 0x7F, 0xE1, 0xF8, 0x0C, 0x00, 0xC0, 0x0C, 0x00, 0x00,
    0xFE, 0x01, 0xFF, 0x03, 0x82, 0x07, 0x00, 0x06, 0x00, 0x0E, 0x00, 0x0E, 0x00, 0x3F, 0xF0, 0x3F,
    0xE0, 0x0C, 0x00, 0x1C, 0x00, 0x1C, 0x00, 0x18, 0x00, 0x7F, 0xF8, 0xFF, 0xF8, 0x00, 0x00, 0xC7,
    0x19, 0xFF, 0xF1, 0xE3, 0xC3, 0x81, 0x86, 0x03, 0x0C, 0x03, 0x30, 0x06, 0x30, 0x0C, 0x60, 0x30,
    0xE0, 0xE1, 0xFF, 0xC7, 0x7F, 0xCC, 0x01, 0x80, 0x60, 0x06, 0x60, 0x0E, 0x30, 0x1C, 0x38, 0x38,
    0x18, 0x70, 0x1C, 0xE0, 0x0D, 0xC0, 0x0F, 0x80, 0x7F, 0xF0, 0x7F, 0xF0, 0x06, 0x00, 0xFF, 0xF0,
    0xFF, 0xE0, 0x0E, 0x00, 0x0C, 0x00, 0x0C, 0x30, 0xC7, 0x18, 0x61, 0x86, 0x00, 0x00, 0x00, 0x21,
    0xC6, 0x18, 0x61, 0x8E, 0x30, 0x00, 0x07, 0xF0, 0x7F, 0x87, 0x04, 0x30, 0x01, 0xC0, 0x07, 0x80,
    0x7F, 0x06, 0x1C, 0x30, 0x61, 0x83, 0x0F, 0xB0, 0x3F, 0x00, 0x38, 0x00, 0xE0, 0x06, 0x1C, 0x70,
    0x7F, 0x00, 0xC0, 0x00, 0x03, 0x3C, 0xC0, 0x07, 0xE0, 0x1E, 0x78, 0x30, 0x0C, 0x63, 0xC4, 0x4F,
    0xE6, 0xCC, 0x22, 0xD8, 0x03, 0xD8, 0x03, 0xD8, 0x03, 0xCC, 0x02, 0x4F, 0x76, 0x67, 0xE6, 0x30,
    0x0C, 0x1C, 0x38, 0x0F, 0xF0, 0x00, 0x00, 0x3E, 0x3F, 0x03, 0x3F, 0x63, 0x46, 0x7E, 0x00, 0x19,
    0x8E, 0xE7, 0x71, 0xB8, 0xCC, 0x33, 0x06, 0x61, 0xD8, 0x32, 0x00, 0xFF, 0xCF, 0xF8, 0x03, 0x00,
    0x60, 0x0C, 0x00, 0x00, 0x07, 0xE0, 0x1E, 0x78, 0x30, 0x0C, 0x67, 0xC4, 0x47, 0xE6, 0xC4, 0x32,
    0xC4, 0x33, 0xC4, 0x73, 0xC7, 0xE3, 0xC6, 0xE2, 0x44, 0x66, 0x64, 0x36, 0x30, 0x0C, 0x1C, 0x38,
    0x0F, 0xF0, 0x00, 0x00, 0xFE, 0xFE, 0x7D, 0xDF, 0x1E, 0x1C, 0x7D, 0xDF, 0x00, 0x03, 0x00, 0x30,
    0x03, 0x00, 0x30, 0x3F, 0xE3, 0xFE, 0x06, 0x00, 0x60, 0x06, 0x00, 0x40, 0x00, 0x07, 0xFC, 0xFF,
    0xC0, 0x3E, 0x7F, 0x03, 0x03, 0x06, 0x0C, 0x38, 0x70, 0xFF, 0x7F, 0x9F, 0x81, 0x81, 0x81, 0xE0,
    0x18, 0x0D, 0x8E, 0xFE, 0x00, 0x00, 0x18, 0xE7, 0x30, 0x00, 0x00, 0x60, 0x71, 0x81, 0x8E, 0x06,
    0x30, 0x18, 0xC0, 0xE3, 0x03, 0x8C, 0x0C, 0x70, 0x31, 0xC1, 0xC7, 0xFF, 0x1F, 0xFC, 0x60, 0x03,
    0x80, 0x0C, 0x00, 0x30, 0x00, 0x00, 0x00, 0x1F, 0xF3, 0xFF, 0x7E, 0x3F, 0xE3, 0xFE, 0x6F, 0xC6,
    0x7C, 0x63, 0xC6, 0x0C, 0x60, 0xCC, 0x18, 0xC1, 0x8C, 0x18, 0xC1, 0x8C, 0x19, 0x83, 0x18, 0x31,
    0x83, 0x18, 0x00, 0x00, 0xFD, 0x80, 0x01, 0x8E, 0x3F, 0xF8, 0x3C, 0x78, 0x60, 0xC1, 0x83, 0x06,
    0x18, 0xFC, 0x3C, 0x7E, 0xC3, 0xC3, 0xC3, 0xCE, 0x7C, 0x00, 0x13, 0x06, 0x61, 0xD8, 0x33, 0x0C,
    0xC7, 0x63, 0xB9, 0xDC, 0x66, 0x00, 0x3E, 0x01, 0x81, 0xC0, 0x38, 0x0C, 0x03, 0x00, 0xC0, 0x60,
    0x0C, 0x0C, 0x00, 0xC1, 0x80, 0x08, 0x30, 0xC1, 0x86, 0x1C, 0x7E, 0xE3, 0x80, 0x1C, 0x30, 0x01,
    0x86, 0x40, 0x30, 0xFE, 0x06, 0x1F, 0xF0, 0xC0, 0x0C, 0x18, 0x00, 0x80, 0x3E, 0x01, 0x81, 0xC0,
    0x38, 0x0C, 0x03, 0x00, 0xC0, 0x60, 0x0C, 0x0C, 0x00, 0xC1, 0x80, 0x08, 0x37, 0xE1, 0x86, 0xFE,
    0x7E, 0xE0, 0x30, 0x1C, 0x06, 0x01, 0x80, 0xE0, 0x30, 0x1C, 0x06, 0x07, 0x00, 0xC0, 0xE0, 0x18,
    0x1F, 0xE0, 0x7F, 0x81, 0x83, 0xF0, 0x38, 0x06, 0x03, 0x00, 0xC0, 0x60, 0x1E, 0x0C, 0x00, 0x31,
    0x80, 0x03, 0x30, 0xCC, 0x76, 0x1C, 0xFE, 0xE3, 0x80, 0x1C, 0x30, 0x01, 0x86, 0x40, 0x30, 0xFE,
    0x06, 0x1F, 0xF0, 0xC0, 0x0C, 0x18, 0x00, 0x80, 0x00, 0x00, 0x60, 0x0C, 0x00, 0x00, 0x00, 0x0C,
    0x01, 0x80, 0x70, 0x38, 0x0E, 0x01, 0x80, 0x70, 0x0E, 0x05, 0xE3, 0x9F, 0xE0, 0xF0, 0x00, 0x60,
    0x00, 0x70, 0x00, 0x38, 0x00, 0x18, 0x00, 0x38, 0x00, 0x78, 0x00, 0x78, 0x00, 0xD8, 0x01, 0xDC,
    0x01, 0x8C, 0x03, 0x8C, 0x07, 0x0C, 0x06, 0x0E, 0x0F, 0xFE, 0x1F, 0xFE, 0x18, 0x06, 0x38, 0x07,
    0x30, 0x03, 0x60, 0x03, 0x00, 0x06, 0x00, 0x0E, 0x00, 0x18, 0x00, 0x30, 0x00, 0x38, 0x00, 0x78,
    0x00, 0x78, 0x00, 0xD8, 0x01, 0xDC, 0x01, 0x8C, 0x03, 0x8C, 0x07, 0x0C, 0x06, 0x0E, 0x0F, 0xFE,
    0x1F, 0xFE, 0x18, 0x06, 0x38, 0x07, 0x30, 0x03, 0x60, 0x03, 0x00, 0x18, 0x00, 0x3C, 0x00, 0x66,
    0x00, 0xC2, 0x00, 0x38, 0x00, 0x78, 0x00, 0x78, 0x00, 0xD8, 0x01, 0xDC, 0x01, 0x8C, 0x03, 0x8C,
    0x07, 0x0C, 0x06, 0x0E, 0x0F, 0xFE, 0x1F, 0xFE, 0x18, 0x06, 0x38, 0x07, 0x30, 0x03, 0x60, 0x03,
    0x00, 0x20, 0x00, 0x7B, 0x00, 0xDE, 0x00, 0x00, 0x00, 0x38, 0x00, 0x78, 0x00, 0x78, 0x00, 0xD8,
    0x01, 0xDC, 0x01, 0x8C, 0x03, 0x8C, 0x07, 0x0C, 0x06, 0x0E, 0x0F, 0xFE, 0x1F, 0xFE, 0x18, 0x06,
    0x38, 0x07, 0x30, 0x03, 0x60, 0x03, 0x00, 0x00, 0x00, 0x66, 0x00, 0x66, 0x00, 0x00, 0x00, 0x38,
    0x00, 0x78, 0x00, 0x78, 0x00, 0xD8, 0x01, 0xDC, 0x01, 0x8C, 0x03, 0x8C, 0x07, 0x0C, 0x06, 0x0E,
    0x0F, 0xFE, 0x1F, 0xFE, 0x18, 0x06, 0x38, 0x07, 0x30, 0x03, 0x60, 0x03, 0x00, 0x3C, 0x00, 0x24,
    0x00, 0x66, 0x00, 0x3C, 0x00, 0x18, 0x00, 0x38, 0x00, 0x78, 0x00, 0x78, 0x00, 0xD8, 0x01, 0xDC,
    0x01, 0x8C, 0x03, 0x8C, 0x07, 0x0C, 0x06, 0x0E, 0x0F, 0xFE, 0x1F, 0xFE, 0x18, 0x06, 0x38, 0x07,
    0x30, 0x03, 0x60, 0x03, 0x00, 0x0F, 0xFF, 0x00, 0x1F, 0xFF, 0x00, 0x1E, 0x00, 0x00, 0x36, 0x00,
    0x00, 0x76, 0x00, 0x00, 0xEE, 0x00, 0x01, 0xCF, 0xF8, 0x01, 0x8F, 0xFC, 0x03, 0x0F, 0xF8, 0x07,
    0xFC, 0x00, 0x0F, 0xFC, 0x00, 0x1C, 0x1C, 0x00, 0x38, 0x18, 0x00, 0x30, 0x1F, 0xFC, 0x70, 0x1F,
    0xFC, 0x03, 0xF8, 0x1F, 0xF8, 0x70, 0x39, 0xC0, 0x07, 0x00, 0x0C, 0x00, 0x38, 0x00, 0x60, 0x00,
    0xC0, 0x01, 0x80, 0x03, 0x00, 0x07, 0x00, 0x07, 0x01, 0x87, 0xFF, 0x07, 0xFC, 0x03, 0x00, 0x07,
    0x00, 0x06, 0x00, 0x3C, 0x00, 0x70, 0x00, 0x03, 0x00, 0x0E, 0x00, 0x1C, 0x00, 0x30, 0x1F, 0xFC,
    0x7F, 0xE3, 0x80, 0x0E, 0x00, 0x30, 0x00, 0xC0, 0x03, 0xFE, 0x1F, 0xF8, 0x7F, 0xE1, 0x80, 0x06,
    0x00, 0x18, 0x00, 0xE0, 0x03, 0xFF, 0x8F, 0xFE, 0x00, 0x00, 0x30, 0x01, 0xC0, 0x1C, 0x00, 0x60,
    0x1F, 0xFC, 0x7F, 0xE3, 0x80, 0x0E, 0x00, 0x30, 0x00, 0xC0, 0x03, 0xFE, 0x1F, 0xF8, 0x7F, 0xE1,
    0x80, 0x06, 0x00, 0x18, 0x00, 0xE0, 0x03, 0xFF, 0x8F, 0xFE, 0x00, 0x00, 0xC0, 0x07, 0x80, 0x37,
    0x01, 0x84, 0x1F, 0xFC, 0x7F, 0xE3, 0x80, 0x0E, 0x00, 0x30, 0x00, 0xC0, 0x03, 0xFE, 0x1F, 0xF8,
    0x7F, 0xE1, 0x80, 0x06, 0x00, 0x18, 0x00, 0xE0, 0x03, 0xFF, 0x8F, 0xFE, 0x00, 0x00, 0x00, 0x0C,
    0xC0, 0x33, 0x00, 0x00, 0x1F, 0xFC, 0x7F, 0xE3, 0x80, 0x0E, 0x00, 0x30, 0x00, 0xC0, 0x03, 0xFE,
    0x1F, 0xF8, 0x7F, 0xE1, 0x80, 0x06, 0x00, 0x18, 0x00, 0xE0, 0x03, 0xFF, 0x8F, 0xFE, 0x00, 0x70,
    0xC1, 0x83, 0x18, 0x63, 0x8E, 0x30, 0xC3, 0x1C, 0x71, 0x86, 0x18, 0xE3, 0x8C, 0x00, 0x03, 0x07,
    0x07, 0x03, 0x01, 0x80, 0xC0, 0xE0, 0x70, 0x30, 0x18, 0x0C, 0x0E, 0x07, 0x03, 0x01, 0x80, 0xC0,
    0xE0, 0x70, 0x30, 0x00, 0x0C, 0x3E, 0x77, 0x63, 0x18, 0x18, 0x38, 0x38, 0x30, 0x30, 0x30, 0x70,
    0x70, 0x60, 0x60, 0x60, 0xE0, 0xE0, 0xC0, 0x00, 0x37, 0x36, 0x00, 0x18, 0x18, 0x38, 0x38, 0x30,
    0x30, 0x30, 0x70, 0x70, 0x60, 0x60, 0x60, 0xE0, 0xE0, 0xC0, 0x0F, 0xF8, 0x07, 0xFF, 0x03, 0x01,
    0xC3, 0x80, 0x71, 0x80, 0x18, 0xC0, 0x0C, 0x60, 0x07, 0xFF, 0x03, 0x7F, 0x01, 0x98, 0x01, 0xCC,
    0x00, 0xC6, 0x00, 0xE3, 0x01, 0xE3, 0xFF, 0xE1, 0xFF, 0xC0, 0x00, 0x80, 0x01, 0xEC, 0x03, 0x78,
    0x00, 0x00, 0x18, 0x03, 0x1C, 0x07, 0x3C, 0x06, 0x3E, 0x06, 0x36, 0x06, 0x37, 0x06, 0x33, 0x8E,
    0x71, 0x8C, 0x71, 0xCC, 0x60, 0xCC, 0x60, 0xEC, 0x60, 0x7C, 0xE0, 0x78, 0xE0, 0x38, 0xC0, 0x18,
    0x01, 0x80, 0x00, 0xE0, 0x00, 0x38, 0x00, 0x04, 0x00, 0x3F, 0x80, 0x7F, 0xE0, 0x70, 0x38, 0x70,
    0x0E, 0x70, 0x03, 0x30, 0x01, 0xB8, 0x00, 0xD8, 0x00, 0x6C, 0x00, 0x36, 0x00, 0x3B, 0x00, 0x19,
    0xC0, 0x1C, 0x70, 0x1C, 0x1F, 0xFC, 0x07, 0xFC, 0x00, 0x00, 0x00, 0x00, 0x1C, 0x00, 0x1C, 0x00,
    0x1C, 0x00, 0x08, 0x00, 0x3F, 0x80, 0x7F, 0xE0, 0x70, 0x38, 0x70, 0x0E, 0x70, 0x03, 0x30, 0x01,
    0xB8, 0x00, 0xD8, 0x00, 0x6C, 0x00, 0x36, 0x00, 0x3B, 0x00, 0x19, 0xC0, 0x1C, 0x70, 0x1C, 0x1F,
    0xFC, 0x07, 0xFC, 0x00, 0x00, 0x00, 0x00, 0x60, 0x00, 0x78, 0x00, 0x76, 0x00, 0x21, 0x00, 0x3F,
    0x80, 0x7F, 0xE0, 0x70, 0x38, 0x70, 0x0E, 0x70, 0x03, 0x30, 0x01, 0xB8, 0x00, 0xD8, 0x00, 0x6C,
    0x00, 0x36, 0x00, 0x3B, 0x00, 0x19, 0xC0, 0x1C, 0x70, 0x1C, 0x1F, 0xFC, 0x07, 0xFC, 0x00, 0x00,
    0x00, 0x00, 0x80, 0x00, 0xF6, 0x00, 0xCE, 0x00, 0x00, 0x00, 0x3F, 0x80, 0x7F, 0xE0, 0x70, 0x38,
    0x70, 0x0E, 0x70, 0x03, 0x30, 0x01, 0xB8, 0x00, 0xD8, 0x00, 0x6C, 0x00, 0x36, 0x00, 0x3B, 0x00,
    0x19, 0xC0, 0x1C, 0x70, 0x1C, 0x1F, 0xFC, 0x07, 0xFC, 0x00, 0x00, 0x00, 0x00, 0x00, 0x00, 0xCC,
    0x00, 0x66, 0x00, 0x00, 0x00, 0x3F, 0x80, 0x7F, 0xE0, 0x70, 0x38, 0x70, 0x0E, 0x70, 0x03, 0x30,
    0x01, 0xB8, 0x00, 0xD8, 0x00, 0x6C, 0x00, 0x36, 0x00, 0x3B, 0x00, 0x19, 0xC0, 0x1C, 0x70, 0x1C,
    0x1F, 0xFC, 0x07, 0xFC, 0x00, 0x00, 0x00, 0x00, 0x31, 0x9D, 0xC7, 0xC1, 0xC1, 0xE1, 0xD9, 0xC6,
    0x00, 0x00, 0x00, 0x02, 0x00, 0x03, 0x80, 0xFF, 0x81, 0xFF, 0x81, 0xC1, 0xE1, 0xC1, 0xB9, 0xC1,
    0xCC, 0xC0, 0xC6, 0xE0, 0xC3, 0x60, 0xC1, 0xB0, 0xE0, 0xD8, 0x60, 0xEC, 0x60, 0x67, 0x60, 0x71,
    0xF0, 0x70, 0x7F, 0xF0, 0x3F, 0xF0, 0x30, 0x00, 0x18, 0x00, 0x00, 0x03, 0x00, 0x03, 0x00, 0x03,
    0x00, 0x02, 0x03, 0x80, 0x67, 0x00, 0xCC, 0x01, 0x98, 0x07, 0x30, 0x0C, 0xE0, 0x19, 0xC0, 0x33,
    0x00, 0x66, 0x01, 0xCC, 0x03, 0x18, 0x06, 0x30, 0x1C, 0x70, 0x70, 0x7F, 0xC0, 0x7F, 0x00, 0x00,
    0x00, 0x00, 0x18, 0x00, 0xE0, 0x03, 0x80, 0x04, 0x03, 0x80, 0x67, 0x00, 0xCC, 0x01, 0x98, 0x07,
    0x30, 0x0C, 0xE0, 0x19, 0xC0, 0x33, 0x00, 0x66, 0x01, 0xCC, 0x03, 0x18, 0x06, 0x30, 0x1C, 0x70,
    0x70, 0x7F, 0xC0, 0x7F, 0x00, 0x00, 0x00, 0x00, 0x60, 0x03, 0xE0, 0x0E, 0xE0, 0x10, 0xC3, 0x80,
    0x67, 0x00, 0xCC, 0x01, 0x98, 0x07, 0x30, 0x0C, 0xE0, 0x19, 0xC0, 0x33, 0x00, 0x66, 0x01, 0xCC,
    0x03, 0x18, 0x06, 0x30, 0x1C, 0x70, 0x70, 0x7F, 0xC0, 0x7F, 0x00, 0x00, 0x00, 0x00, 0x00, 0x07,
    0x70, 0x0E, 0xC0, 0x00, 0x03, 0x80, 0x67, 0x00, 0xCC, 0x01, 0x98, 0x07, 0x30, 0x0C, 0xE0, 0x19,
    0xC0, 0x33, 0x00, 0x66, 0x01, 0xCC, 0x03, 0x18, 0x06, 0x30, 0x1C, 0x70, 0x70, 0x7F, 0xC0, 0x7F,
    0x00, 0x00, 0x00, 0x00, 0xE0, 0x07, 0x00, 0x38, 0x00, 0x80, 0xC0, 0x1B, 0x00, 0xE6, 0x07, 0x18,
    0x18, 0x70, 0xC0, 0xC7, 0x03, 0xB8, 0x07, 0xC0, 0x1E, 0x00, 0x70, 0x00, 0xC0, 0x07, 0x00, 0x18,
    0x00, 0x60, 0x01, 0x80, 0x00, 0x18, 0x00, 0x60, 0x03, 0xFE, 0x0F, 0xFE, 0x30, 0x38, 0xC0, 0x73,
    0x01, 0xDC, 0x07, 0x70, 0x19, 0x80, 0xE6, 0x1F, 0x1F, 0xF8, 0xFF, 0x03, 0x80, 0x0C, 0x00, 0x00,
    0x03, 0xE0, 0x1F, 0xE0, 0xE1, 0x87, 0x06, 0x18, 0x18, 0x60, 0x63, 0x83, 0x8E, 0x7C, 0x31, 0xF0,
    0xC0, 0xE3, 0x01, 0x9C, 0x06, 0x70, 0x19, 0x80, 0xE6, 0x7F, 0x1B, 0xF8, 0x00, 0x00, 0x07, 0x00,
    0x0E, 0x00, 0x1C, 0x00, 0x30, 0x00, 0x00, 0x3F, 0x73, 0xFF, 0x8C, 0x0E, 0x70, 0x39, 0x80, 0xE6,
    0x03, 0x98, 0x0C, 0x60, 0x31, 0x81, 0xC7, 0xFF, 0x0F, 0xFC, 0x00, 0x00, 0x00, 0x30, 0x01, 0xC0,
    0x1C, 0x00, 0x60, 0x00, 0x00, 0x3F, 0x73, 0xFF, 0x8C, 0x0E, 0x70, 0x39, 0x80, 0xE6, 0x03, 0x98,
    0x0C, 0x60, 0x31, 0x81, 0xC7, 0xFF, 0x0F, 0xFC, 0x00, 0x00, 0x00, 0xC0, 0x0F, 0x80, 0x77, 0x01,
    0x0C, 0x00, 0x00, 0x3F, 0x73, 0xFF, 0x8C, 0x0E, 0x70, 0x39, 0x80, 0xE6, 0x03, 0x98, 0x0C, 0x60,
    0x31, 0x81, 0xC7, 0xFF, 0x0F, 0xFC, 0x00, 0x00, 0x01, 0x00, 0x1E, 0x40, 0x6F, 0x00, 0x00, 0x00,
    0x00, 0x3F, 0x73, 0xFF, 0x8C, 0x0E, 0x70, 0x39, 0x80, 0xE6, 0x03, 0x98, 0x0C, 0x60, 0x31, 0x81,
    0xC7, 0xFF, 0x0F, 0xFC, 0x00, 0x00, 0x00, 0x00, 0x0D, 0xC0, 0x37, 0x00, 0x00, 0x00, 0x00, 0x3F,
    0x73, 0xFF, 0x8C, 0x0E, 0x70, 0x39, 0x80, 0xE6, 0x03, 0x98, 0x0C, 0x60, 0x31, 0x81, 0xC7, 0xFF,
    0x0F, 0xFC, 0x00, 0x00, 0x01, 0xC0, 0x0D, 0x80, 0x32, 0x00, 0xF8, 0x01, 0xC0, 0x00, 0x00, 0xFD,
    0xCF, 0xFE, 0x30, 0x39, 0xC0, 0xE6, 0x03, 0x98, 0x0E, 0x60, 0x31, 0x80, 0xC6, 0x07, 0x1F, 0xFC,
    0x3F, 0xF0, 0x00, 0x00, 0x00, 0x00, 0x01, 0xFC, 0xFC, 0x3F, 0xFF, 0xE2, 0x07, 0x07, 0x00, 0x60,
    0x30, 0xFF, 0xFF, 0x3F, 0xFF, 0xF7, 0x0E, 0x00, 0xE0, 0xE0, 0x0E, 0x1E, 0x04, 0x77, 0xBF, 0xE7,
    0xF1, 0xFC, 0x00, 0x00, 0x00, 0x00, 0x00, 0xFE, 0x3F, 0xF3, 0x03, 0x70, 0x06, 0x00, 0x60, 0x06,
    0x00, 0x60, 0x06, 0x06, 0x7F, 0xE1, 0xF8, 0x06, 0x00, 0xE0, 0x03, 0x01, 0xE0, 0x1E, 0x00, 0x06,
    0x00, 0x70, 0x03, 0x80, 0x18, 0x00, 0x00, 0xFC, 0x3F, 0xE3, 0x07, 0x60, 0x37, 0xFF, 0x7F, 0xF6,
    0x00, 0x60, 0x06, 0x04, 0x7F, 0xE1, 0xFC, 0x00, 0x00, 0x00, 0x60, 0x0E, 0x01, 0x80, 0x30, 0x00,
    0x00, 0xFC, 0x3F, 0xE3, 0x07, 0x60, 0x37, 0xFF, 0x7F, 0xF6, 0x00, 0x60, 0x06, 0x04, 0x7F, 0xE1,
    0xFC, 0x00, 0x00, 0x01, 0x80, 0x3C, 0x06, 0xE0, 0xC2, 0x00, 0x00, 0xFC, 0x3F, 0xE3, 0x07, 0x60,
    0x37, 0xFF, 0x7F, 0xF6, 0x00, 0x60, 0x06, 0x04, 0x7F, 0xE1, 0xFC, 0x00, 0x00, 0x00, 0x00, 0x66,
    0x06, 0x60, 0x00, 0x00, 0x00, 0xFC, 0x3F, 0xE3, 0x07, 0x60, 0x37, 0xFF, 0x7F, 0xF6, 0x00, 0x60,
    0x06, 0x04, 0x7F, 0xE1, 0xFC, 0x00, 0x00, 0x70, 0xE1, 0x83, 0x00, 0x63, 0x8E, 0x30, 0xC3, 0x1C,
    0x71, 0x86, 0x18, 0x03, 0x07, 0x87, 0x03, 0x00, 0x00, 0xC0, 0xE0, 0x70, 0x30, 0x18, 0x0C, 0x0E,
    0x07, 0x03, 0x01, 0x80, 0xC0, 0x0C, 0x1C, 0x36, 0x62, 0x00, 0x18, 0x38, 0x38, 0x30, 0x30, 0x30,
    0x70, 0x70, 0x60, 0x60, 0x60, 0x00, 0x6C, 0xD8, 0x00, 0x03, 0x0E, 0x1C, 0x30, 0x60, 0xC3, 0x87,
    0x0C, 0x18, 0x30, 0x0C, 0x00, 0xE3, 0x03, 0xE0, 0x78, 0x1E, 0xC1, 0x0E, 0x06, 0x61, 0xFE, 0x38,
    0xF6, 0x07, 0x60, 0x7E, 0x07, 0xE0, 0x66, 0x0E, 0x7F, 0xC3, 0xF8, 0x00, 0x00, 0x01, 0x00, 0x1E,
    0xC1, 0xBC, 0x00, 0x00, 0x00, 0x0F, 0xF8, 0xFF, 0xC7, 0x07, 0x38, 0x19, 0x80, 0xCC, 0x0E, 0xE0,
    0x67, 0x03, 0x30, 0x19, 0x80, 0xCC, 0x0E, 0x06, 0x00, 0x38, 0x00, 0x60, 0x01, 0x00, 0x00, 0x07,
    0xF0, 0xFF, 0xC6, 0x06, 0x70, 0x3B, 0x01, 0xD8, 0x0E, 0xC0, 0x66, 0x03, 0x30, 0x39, 0xFF, 0x83,
    0xF0, 0x00, 0x00, 0x00, 0x70, 0x07, 0x00, 0x70, 0x02, 0x00, 0x00, 0x07, 0xF0, 0xFF, 0xC6, 0x06,
    0x70, 0x3B, 0x01, 0xD8, 0x0E, 0xC0, 0x66, 0x03, 0x30, 0x39, 0xFF, 0x83, 0xF0, 0x00, 0x00, 0x01,
    0x80, 0x1E, 0x01, 0xD8, 0x08, 0x40, 0x00, 0x07, 0xF0, 0xFF, 0xC6, 0x06, 0x70, 0x3B, 0x01, 0xD8,
    0x0E, 0xC0, 0x66, 0x03, 0x30, 0x39, 0xFF, 0x83, 0xF0, 0x00, 0x00, 0x03, 0x00, 0x3D, 0x81, 0x38,
    0x00, 0x00, 0x00, 0x07, 0xF0, 0xFF, 0xC6, 0x06, 0x70, 0x3B, 0x01, 0xD8, 0x0E, 0xC0, 0x66, 0x03,
    0x30, 0x39, 0xFF, 0x83, 0xF0, 0x00, 0x00, 0x00, 0x00, 0x3B, 0x01, 0x98, 0x00, 0x00, 0x00, 0x07,
    0xF0, 0xFF, 0xC6, 0x06, 0x70, 0x3B, 0x01, 0xD8, 0x0E, 0xC0, 0x66, 0x03, 0x30, 0x39, 0xFF, 0x83,
    0xF0, 0x00, 0x00, 0x06, 0x00, 0xE0, 0x18, 0x00, 0x00, 0x01, 0xFF, 0x9F, 0xF0, 0x00, 0x08, 0x03,
    0x80, 0x30, 0x00, 0x00, 0x10, 0x01, 0x83, 0xF8, 0x7F, 0xE3, 0x0F, 0x38, 0xDD, 0x8C, 0xEC, 0xE7,
    0x66, 0x33, 0x61, 0x9E, 0x1C, 0xFF, 0xC3, 0xF8, 0x30, 0x01, 0x80, 0x00, 0x06, 0x00, 0x38, 0x00,
    0xE0, 0x03, 0x00, 0x00, 0x18, 0x19, 0xC0, 0xCC, 0x06, 0x60, 0x33, 0x03, 0x98, 0x19, 0xC0, 0xCE,
    0x06, 0x70, 0x71, 0xFF, 0x87, 0xF8, 0x00, 0x00, 0x00, 0x60, 0x07, 0x00, 0xE0, 0x06, 0x00, 0x00,
    0x18, 0x19, 0xC0, 0xCC, 0x06, 0x60, 0x33, 0x03, 0x98, 0x19, 0xC0, 0xCE, 0x06, 0x70, 0x71, 0xFF,
    0x87, 0xF8, 0x00, 0x00, 0x01, 0x80, 0x3E, 0x03, 0xB8, 0x18, 0xC0, 0x00, 0x18, 0x19, 0xC0, 0xCC,
    0x06, 0x60, 0x33, 0x03, 0x98, 0x19, 0xC0, 0xCE, 0x06, 0x70, 0x71, 0xFF, 0x87, 0xF8, 0x00, 0x00,
    0x00, 0x00, 0x37, 0x01, 0x98, 0x00, 0x00, 0x00, 0x18, 0x19, 0xC0, 0xCC, 0x06, 0x60, 0x33, 0x03,
    0x98, 0x19, 0xC0, 0xCE, 0x06, 0x70, 0x71, 0xFF, 0x87, 0xF8, 0x00, 0x00, 0x00, 0x1C, 0x00, 0x38,
    0x00, 0x70, 0x00, 0x40, 0x00, 0x00, 0x0C, 0x07, 0x0C, 0x06, 0x0E, 0x0C, 0x06, 0x1C, 0x06, 0x18,
    0x06, 0x30, 0x07, 0x70, 0x03, 0x60, 0x03, 0xC0, 0x03, 0xC0, 0x03, 0x80, 0x03, 0x00, 0x07, 0x00,
    0x7E, 0x00, 0x7C, 0x00, 0x10, 0x00, 0x0C, 0x00, 0x30, 0x01, 0xC0, 0x06, 0x00, 0x18, 0x00, 0x7F,
    0xC1, 0xFF, 0x8E, 0x06, 0x38, 0x1C, 0xC0, 0x73, 0x01, 0xCC, 0x06, 0x70, 0x19, 0xE0, 0xE7, 0xFF,
    0x1B, 0xF8, 0x60, 0x03, 0x80, 0x0C, 0x00, 0x30, 0x00, 0x00, 0x00, 0x00, 0x00, 0x01, 0x98, 0x01,
    0x98, 0x00, 0x00, 0x00, 0x00, 0x0C, 0x07, 0x0C, 0x06, 0x0E, 0x0C, 0x06, 0x1C, 0x06, 0x18, 0x06,
    0x30, 0x07, 0x70, 0x03, 0x60, 0x03, 0xC0, 0x03, 0xC0, 0x03, 0x80, 0x03, 0x00, 0x07, 0x00, 0x7E,
    0x00, 0x7C, 0x00, 0x10, 0x00, 0x00, 0xFE, 0x00, 0xFE, 0x00, 0x00, 0x00, 0x38, 0x00, 0x78, 0x00,
    0x78, 0x00, 0xD8, 0x01, 0xDC, 0x01, 0x8C, 0x03, 0x8C, 0x07, 0x0C, 0x06, 0x0E, 0x0F, 0xFE, 0x1F,
    0xFE, 0x18, 0x06, 0x38, 0x07, 0x30, 0x03, 0x60, 0x03, 0x07, 0xF0, 0x1F, 0xC0, 0x00, 0x00, 0x00,
    0x0F, 0xDC, 0xFF, 0xE3, 0x03, 0x9C, 0x0E, 0x60, 0x39, 0x80, 0xE6, 0x03, 0x18, 0x0C, 0x60, 0x71,
    0xFF, 0xC3, 0xFF, 0x00, 0x00, 0x00, 0x42, 0x00, 0x66, 0x00, 0x7E, 0x00, 0x18, 0x00, 0x38, 0x00,
    0x78, 0x00, 0x78, 0x00, 0xD8, 0x01, 0xDC, 0x01, 0x8C, 0x03, 0x8C, 0x07, 0x0C, 0x06, 0x0E, 0x0F,
    0xFE, 0x1F, 0xFE, 0x18, 0x06, 0x38, 0x07, 0x30, 0x03, 0x60, 0x03, 0x06, 0x10, 0x18, 0xC0, 0x3F,
    0x00, 0x70, 0x00, 0x00, 0x3F, 0x73, 0xFF, 0x8C, 0x0E, 0x70, 0x39, 0x80, 0xE6, 0x03, 0x98, 0x0C,
    0x60, 0x31, 0x81, 0xC7, 0xFF, 0x0F, 0xFC, 0x00, 0x00, 0x00, 0x38, 0x00, 0x78, 0x00, 0x78, 0x00,
    0xD8, 0x01, 0xDC, 0x01, 0x8C, 0x03, 0x8C, 0x07, 0x0C, 0x06, 0x0E, 0x0F, 0xFE, 0x1F, 0xFE, 0x18,
    0x06, 0x38, 0x07, 0x30, 0x03, 0x60, 0x03, 0x00, 0x07, 0x00, 0x0C, 0x00, 0x18, 0x00, 0x1F, 0x00,
    0x0F, 0x00, 0x00, 0x3F, 0x73, 0xFF, 0x8C, 0x0E, 0x70, 0x39, 0x80, 0xE6, 0x03, 0x98, 0x0C, 0x60,
    0x31, 0x81, 0xC7, 0xFF, 0x0F, 0xFC, 0x00, 0xE0, 0x06, 0x00, 0x10, 0x00, 0x78, 0x01, 0xE0, 0x00,
    0x18, 0x00, 0x70, 0x01, 0x80, 0x06, 0x00, 0x3F, 0x81, 0xFF, 0x87, 0x03, 0x9C, 0x00, 0x70, 0x00,
    0xC0, 0x03, 0x80, 0x06, 0x00, 0x0C, 0x00, 0x18, 0x00, 0x30, 0x00, 0x70, 0x00, 0x70, 0x18, 0x7F,
    0xF0, 0x7F, 0xC0, 0x00, 0x00, 0x00, 0x60, 0x0E, 0x01, 0xC0, 0x30, 0x00, 0x00, 0xFE, 0x3F, 0xF3,
    0x03, 0x70, 0x06, 0x00, 0x60, 0x06, 0x00, 0x60, 0x06, 0x06, 0x7F, 0xE1, 0xF8, 0x00, 0x00, 0x00,
    0x00, 0x00, 0xC0, 0x01, 0x80, 0x00, 0x00, 0x3F, 0x81, 0xFF, 0x87, 0x03, 0x9C, 0x00, 0x70, 0x00,
    0xC0, 0x03, 0x80, 0x06, 0x00, 0x0C, 0x00, 0x18, 0x00, 0x30, 0x00, 0x70, 0x00, 0x70, 0x18, 0x7F,
    0xF0, 0x7F, 0xC0, 0x00, 0x00, 0x00, 0x80, 0x18, 0x01, 0x80, 0x00, 0x00, 0x00, 0xFE, 0x3F, 0xF3,
    0x03, 0x70, 0x06, 0x00, 0x60, 0x06, 0x00, 0x60, 0x06, 0x06, 0x7F, 0xE1, 0xF8, 0x00, 0x00, 0x03,
    0x18, 0x03, 0x70, 0x03, 0xC0, 0x02, 0x00, 0x3F, 0x81, 0xFF, 0x87, 0x03, 0x9C, 0x00, 0x70, 0x00,
    0xC0, 0x03, 0x80, 0x06, 0x00, 0x0C, 0x00, 0x18, 0x00, 0x30, 0x00, 0x70, 0x00, 0x70, 0x18, 0x7F,
    0xF0, 0x7F, 0xC0, 0x00, 0x00, 0x04, 0x30, 0x6E, 0x03, 0xC0, 0x18, 0x00, 0x00, 0xFE, 0x3F, 0xF3,
    0x03, 0x70, 0x06, 0x00, 0x60, 0x06, 0x00, 0x60, 0x06, 0x06, 0x7F, 0xE1, 0xF8, 0x00, 0x00, 0x02,
    0x18, 0x03, 0xB0, 0x01, 0xE0, 0x00, 0xC0, 0x1F, 0xF0, 0x1F, 0xFC, 0x38, 0x1E, 0x38, 0x07, 0x30,
    0x07, 0x30, 0x03, 0x30, 0x03, 0x70, 0x03, 0x70, 0x03, 0x60, 0x07, 0x60, 0x06, 0x60, 0x0E, 0xE0,
    0x3C, 0xFF, 0xF8, 0xFF, 0xE0, 0x00, 0x00, 0xC0, 0x03, 0x30, 0x00, 0xD8, 0x00, 0x36, 0x00, 0x0D,
    0x80, 0x07, 0x00, 0xFD, 0xC0, 0xFF, 0xE0, 0x30, 0x38, 0x1C, 0x0E, 0x06, 0x03, 0x81, 0x80, 0xE0,
    0x60, 0x30, 0x18, 0x0C, 0x06, 0x07, 0x01, 0xFF, 0xC0, 0x3F, 0xF0, 0x00, 0x00, 0x00, 0x0F, 0xF8,
    0x07, 0xFF, 0x03, 0x01, 0xC3, 0x80, 0x71, 0x80, 0x18, 0xC0, 0x0C, 0x60, 0x07, 0xFF, 0x03, 0x7F,
    0x01, 0x98, 0x01, 0xCC, 0x00, 0xC6, 0x00, 0xE3, 0x01, 0xE3, 0xFF, 0xE1, 0xFF, 0xC0, 0x00, 0x0C,
    0x00, 0x0C, 0x01, 0xFF, 0x01, 0xFF, 0x00, 0x1C, 0x0F, 0xDC, 0x3F, 0xF8, 0x30, 0x38, 0x70, 0x38,
    0x60, 0x38, 0x60, 0x38, 0x60, 0x30, 0x60, 0x30, 0x60, 0x70, 0x7F, 0xF0, 0x3F, 0xF0, 0x00, 0x00,
    0x07, 0xF0, 0x1F, 0xC0, 0x00, 0x07, 0xFF, 0x1F, 0xF8, 0xE0, 0x03, 0x80, 0x0C, 0x00, 0x30, 0x00,
    0xFF, 0x87, 0xFE, 0x1F, 0xF8, 0x60, 0x01, 0x80, 0x06, 0x00, 0x38, 0x00, 0xFF, 0xE3, 0xFF, 0x80,
    0x0F, 0xE0, 0xFE, 0x00, 0x00, 0x00, 0x0F, 0xC3, 0xFE, 0x30, 0x76, 0x03, 0x7F, 0xF7, 0xFF, 0x60,
    0x06, 0x00, 0x60, 0x47, 0xFE, 0x1F, 0xC0, 0x00, 0x00, 0x80, 0x03, 0x00, 0x0C, 0x00, 0x00, 0x1F,
    0xFC, 0x7F, 0xE3, 0x80, 0x0E, 0x00, 0x30, 0x00, 0xC0, 0x03, 0xFE, 0x1F, 0xF8, 0x7F, 0xE1, 0x80,
    0x06, 0x00, 0x18, 0x00, 0xE0, 0x03, 0xFF, 0x8F, 0xFE, 0x00, 0x00, 0x00, 0x18, 0x01, 0x80, 0x00,
    0x00, 0x00, 0xFC, 0x3F, 0xE3, 0x07, 0x60, 0x37, 0xFF, 0x7F, 0xF6, 0x00, 0x60, 0x06, 0x04, 0x7F,
    0xE1, 0xFC, 0x00, 0x00, 0x1F, 0xFC, 0x7F, 0xE3, 0x80, 0x0E, 0x00, 0x30, 0x00, 0xC0, 0x03, 0xFE,
    0x1F, 0xF8, 0x7F, 0xE1, 0x80, 0x06, 0x00, 0x18, 0x00, 0xE0, 0x03, 0xFF, 0x8F, 0xFE, 0x00, 0x70,
    0x03, 0x80, 0x0C, 0x00, 0x3E, 0x00, 0x70, 0x00, 0x00, 0xFC, 0x3F, 0xE3, 0x07, 0x60, 0x37, 0xFF,
    0x7F, 0xF6, 0x00, 0x60, 0x06, 0x04, 0x3F, 0xE1, 0xFC, 0x03, 0x00, 0x60, 0x06, 0x00, 0x78, 0x03,
    0x80, 0x06, 0x30, 0x0D, 0xC0, 0x3E, 0x00, 0x60, 0x1F, 0xFC, 0x7F, 0xE3, 0x80, 0x0E, 0x00, 0x30,
    0x00, 0xC0, 0x03, 0xFE, 0x1F, 0xF8, 0x7F, 0xE1, 0x80, 0x06, 0x00, 0x18, 0x00, 0xE0, 0x03, 0xFF,
    0x8F, 0xFE, 0x00, 0x04, 0x30, 0x6E, 0x03, 0xC0, 0x18, 0x00, 0x00, 0xFC, 0x3F, 0xE3, 0x07, 0x60,
    0x37, 0xFF, 0x7F, 0xF6, 0x00, 0x60, 0x06, 0x04, 0x7F, 0xE1, 0xFC, 0x00, 0x00, 0x01, 0x08, 0x03,
    0x38, 0x07, 0xE0, 0x03, 0x00, 0x3F, 0x81, 0xFF, 0x87, 0x03, 0x9C, 0x00, 0x70, 0x00, 0xC0, 0x03,
    0x80, 0x06, 0x00, 0x6C, 0x00, 0xD8, 0x03, 0xB0, 0x06, 0x70, 0x0C, 0x70, 0x18, 0x7F, 0xF0, 0x7F,
    0x80, 0x00, 0x00, 0x06, 0x10, 0x18, 0xC0, 0x3E, 0x00, 0x70, 0x00, 0x00, 0x3F, 0xB3, 0xFF, 0x8C,
    0x0E, 0x70, 0x39, 0x80, 0x66, 0x03, 0x98, 0x0C, 0x60, 0x71, 0xC3, 0xC3, 0xFF, 0x07, 0xDC, 0x00,
    0x63, 0x03, 0x8F, 0xFC, 0x1F, 0xE0, 0x0C, 0x00, 0x00, 0x00, 0x00, 0xC0, 0x01, 0x80, 0x00, 0x00,
    0x3F, 0x81, 0xFF, 0x87, 0x03, 0x9C, 0x00, 0x70, 0x00, 0xC0, 0x03, 0x80, 0x06, 0x00, 0x6C, 0x00,
    0xD8, 0x03, 0xB0, 0x06, 0x70, 0x0C, 0x70, 0x18, 0x7F, 0xF0, 0x7F, 0x80, 0x00, 0x00, 0x00, 0x80,
    0x07, 0x00, 0x1C, 0x00, 0x00, 0x00, 0x00, 0x3F, 0xB3, 0xFF, 0x8C, 0x0E, 0x70, 0x39, 0x80, 0x66,
    0x03, 0x98, 0x0C, 0x60, 0x71, 0xC3, 0xC3, 0xFF, 0x07, 0xDC, 0x00, 0x63, 0x03, 0x8F, 0xFC, 0x1F,
    0xE0, 0x0C, 0x00, 0x03, 0xF8, 0x1F, 0xF8, 0x70, 0x39, 0xC0, 0x07, 0x00, 0x0C, 0x00, 0x38, 0x00,
    0x60, 0x06, 0xC0, 0x0D, 0x80, 0x3B, 0x00, 0x67, 0x00, 0xC7, 0x01, 0x87, 0xFF, 0x07, 0xF8, 0x00,
    0x00, 0x00, 0x00, 0x0C, 0x00, 0x18, 0x00, 0x20, 0x00, 0xC0, 0x00, 0x00, 0x40, 0x03, 0x00, 0x08,
    0x00, 0x70, 0x00, 0x80, 0x00, 0x00, 0xFE, 0xCF, 0xFE, 0x30, 0x39, 0xC0, 0xE6, 0x01, 0x98, 0x0E,
    0x60, 0x31, 0x81, 0xC7, 0x0F, 0x0F, 0xFC, 0x1F, 0x70, 0x01, 0x8C, 0x0E, 0x3F, 0xF0, 0x7F, 0x80,
    0x30, 0x00, 0x18, 0x03, 0x06, 0x01, 0xC1, 0x80, 0x73, 0xFF, 0xFF, 0xFF, 0xFF, 0x8C, 0x01, 0x83,
    0xFF, 0xE0, 0xFF, 0xF8, 0x7F, 0xFC, 0x18, 0x03, 0x06, 0x00, 0xC1, 0x80, 0x70, 0x60, 0x1C, 0x38,
    0x06, 0x0C, 0x01, 0x80, 0x18, 0x01, 0x80, 0xFF, 0x07, 0xF0, 0x30, 0x03, 0xFE, 0x3F, 0xE7, 0x07,
    0x70, 0x36, 0x03, 0x60, 0x76, 0x06, 0xE0, 0x6C, 0x06, 0xC0, 0x6C, 0x0E, 0x3E, 0x3E, 0x00, 0x18,
    0x18, 0x38, 0x38, 0x30, 0x30, 0x30, 0x70, 0x70, 0x60, 0x60, 0x60, 0xE0, 0xE0, 0xC0, 0x3E, 0x3E,
    0x00, 0x00, 0x18, 0x38, 0x38, 0x30, 0x30, 0x30, 0x70, 0x70, 0x60, 0x60, 0x60, 0x06, 0x0C, 0x38,
    0x70, 0xC1, 0x83, 0x0E, 0x1C, 0x30, 0x60, 0xC3, 0x87, 0x0C, 0x18, 0x60, 0xC1, 0xC3, 0x80, 0x06,
    0x1C, 0x18, 0x00, 0x01, 0x87, 0x0E, 0x18, 0x30, 0x61, 0xC3, 0x86, 0x0C, 0x18, 0x60, 0xC3, 0x07,
    0x87, 0x00, 0x00, 0xCE, 0x73, 0x18, 0xCE, 0x73, 0x18, 0xC0, 0x18, 0x0E, 0x18, 0x1C, 0x38, 0x38,
    0x38, 0x70, 0x30, 0xE0, 0x31, 0xC0, 0x37, 0x80, 0x7F, 0x00, 0x7F, 0x80, 0x79, 0x80, 0x71, 0xC0,
    0x60, 0xE0, 0xE0, 0x60, 0xE0, 0x30, 0xC0, 0x38, 0x00, 0x00, 0x00, 0x00, 0x0C, 0x00, 0x0C, 0x00,
    0x0C, 0x00, 0x08, 0x00, 0x0C, 0x00, 0x30, 0x01, 0xC0, 0x06, 0x00, 0x18, 0x00, 0x60, 0xE1, 0x87,
    0x0E, 0x78, 0x33, 0x80, 0xDC, 0x03, 0xF0, 0x0E, 0xE0, 0x71, 0xC1, 0x83, 0x06, 0x0E, 0x18, 0x18,
    0x00, 0x00, 0x00, 0x00, 0xC0, 0x03, 0x00, 0x08, 0x00, 0x20, 0x00, 0x18, 0x03, 0x00, 0xE0, 0x1C,
    0x03, 0x00, 0x60, 0x0C, 0x03, 0x80, 0x70, 0x0C, 0x01, 0x80, 0x30, 0x0E, 0x01, 0xFF, 0xBF, 0xF8,
    0x00, 0x00, 0x01, 0x80, 0x30, 0x04, 0x00, 0x80, 0x06, 0x0C, 0x38, 0x60, 0xC1, 0x83, 0x0E, 0x18,
    0x30, 0x60, 0xC3, 0x86, 0x0C, 0x18, 0x00, 0x01, 0x83, 0x06, 0x08, 0x00, 0x00, 0x31, 0x83, 0x18,
    0x63, 0x86, 0x38, 0x63, 0x00, 0x30, 0x03, 0x00, 0x70, 0x07, 0x00, 0x60, 0x06, 0x00, 0x60, 0x0E,
    0x00, 0xFF, 0xCF, 0xFE, 0x00, 0x86, 0xC3, 0x63, 0xB1, 0x90, 0xC0, 0x60, 0x30, 0x38, 0x18, 0x0C,
    0x06, 0x03, 0x03, 0x81, 0x80, 0xC0, 0x60, 0x00, 0x0C, 0x00, 0xC0, 0x0C, 0x01, 0xC0, 0x18, 0x01,
    0xB0, 0x1E, 0x03, 0xC0, 0x78, 0x0F, 0x00, 0x30, 0x03, 0x00, 0x30, 0x07, 0xFF, 0x7F, 0xF0, 0x0C,
    0x18, 0x30, 0xE1, 0x83, 0x06, 0x8F, 0x3C, 0xF3, 0xC1, 0x83, 0x0E, 0x1C, 0x30, 0x00, 0x18, 0x00,
    0x38, 0x00, 0x60, 0x00, 0xC0, 0x18, 0x03, 0x1C, 0x07, 0x3C, 0x06, 0x3E, 0x06, 0x36, 0x06, 0x37,
    0x06, 0x33, 0x8E, 0x71, 0x8C, 0x71, 0xCC, 0x60, 0xCC, 0x60, 0xEC, 0x60, 0x7C, 0xE0, 0x78, 0xE0,
    0x38, 0xC0, 0x18, 0x00, 0x30, 0x03, 0x80, 0x30, 0x03, 0x00, 0x00, 0x0F, 0xF8, 0xFF, 0xC7, 0x07,
    0x38, 0x19, 0x80, 0xCC, 0x0E, 0xE0, 0x67, 0x03, 0x30, 0x19, 0x80, 0xCC, 0x0E, 0x18, 0x03, 0x1C,
    0x07, 0x3C, 0x06, 0x3E, 0x06, 0x36, 0x06, 0x37, 0x06, 0x33, 0x8E, 0x71, 0x8C, 0x71, 0xCC, 0x60,
    0xCC, 0x60, 0xEC, 0x60, 0x7C, 0xE0, 0x78, 0xE0, 0x38, 0xC0, 0x18, 0x00, 0x00, 0x00, 0x00, 0x06,
    0x00, 0x06, 0x00, 0x04, 0x00, 0x04, 0x00, 0x00, 0x00, 0xFF, 0x8F, 0xFC, 0x70, 0x73, 0x81, 0x98,
    0x0C, 0xC0, 0xEE, 0x06, 0x70, 0x33, 0x01, 0x98, 0x0C, 0xC0, 0xE0, 0x00, 0x00, 0x00, 0x38, 0x01,
    0xC0, 0x0C, 0x00, 0x40, 0x00, 0x03, 0x18, 0x01, 0xB8, 0x00, 0xF0, 0x00, 0x40, 0x18, 0x03, 0x1C,
    0x07, 0x3C, 0x06, 0x3E, 0x06, 0x36, 0x06, 0x37, 0x06, 0x33, 0x8E, 0x71, 0x8C, 0x71, 0xCC, 0x60,
    0xCC, 0x60, 0xEC, 0x60, 0x7C, 0xE0, 0x78, 0xE0, 0x38, 0xC0, 0x18, 0x02, 0x10, 0x1B, 0x80, 0x78,
    0x01, 0x80, 0x00, 0x0F, 0xF8, 0xFF, 0xC7, 0x07, 0x38, 0x19, 0x80, 0xCC, 0x0E, 0xE0, 0x67, 0x03,
    0x30, 0x19, 0x80, 0xCC, 0x0E, 0x00, 0x66, 0x00, 0x37, 0x00, 0x37, 0x00, 0x12, 0x00, 0x3F, 0x80,
    0x7F, 0xE0, 0x70, 0x38, 0x70, 0x0E, 0x70, 0x03, 0x30, 0x01, 0xB8, 0x00, 0xD8, 0x00, 0x6C, 0x00,
    0x36, 0x00, 0x3B, 0x00, 0x19, 0xC0, 0x1C, 0x70, 0x1C, 0x1F, 0xFC, 0x07, 0xFC, 0x00, 0x00, 0x00,
    0x00, 0xD8, 0x06, 0xE0, 0x37, 0x00, 0x98, 0x00, 0x00, 0x3F, 0x83, 0xFF, 0x0C, 0x0C, 0x70, 0x39,
    0x80, 0xE6, 0x03, 0x98, 0x0C, 0x60, 0x31, 0x81, 0xC7, 0xFE, 0x07, 0xE0, 0x00, 0x00, 0x03, 0xFF,
    0xFE, 0x1F, 0xFF, 0xFC, 0x78, 0x30, 0x01, 0xC0, 0x60, 0x07, 0x00, 0xC0, 0x0C, 0x03, 0x80, 0x38,
    0x07, 0xFC, 0x60, 0x0F, 0xFC, 0xC0, 0x1F, 0xF1, 0x80, 0x30, 0x03, 0x00, 0xE0, 0x07, 0x01, 0x80,
    0x07, 0x03, 0x00, 0x07, 0xFF, 0xFF, 0x07, 0xFF, 0xFE, 0x00, 0x00, 0x00, 0x00, 0x3F, 0x9F, 0xC3,
    0xFF, 0xFF, 0x8C, 0x0F, 0x07, 0x70, 0x38, 0x0D, 0x80, 0xFF, 0xF6, 0x03, 0xFF, 0xD8, 0x0C, 0x00,
    0x60, 0x38, 0x01, 0x81, 0xE0, 0x47, 0xFF, 0xFF, 0x0F, 0xE3, 0xF8, 0x00, 0x00, 0x00, 0x00, 0x38,
    0x01, 0xC0, 0x0E, 0x00, 0x20, 0x1F, 0xF0, 0x7F, 0xE3, 0x81, 0xCE, 0x03, 0x30, 0x0C, 0xC0, 0x33,
    0x01, 0xDC, 0x06, 0x70, 0xF9, 0xFF, 0xC7, 0xFC, 0x18, 0x30, 0xE0, 0x63, 0x81, 0xCC, 0x03, 0x00,
    0x00, 0xC0, 0x78, 0x1C, 0x03, 0x00, 0x00, 0x3F, 0x0F, 0xE1, 0xC0, 0x38, 0x06, 0x00, 0xC0, 0x38,
    0x07, 0x00, 0xC0, 0x18, 0x03, 0x00, 0x02, 0x10, 0x0D, 0xC0, 0x1E, 0x00, 0x30, 0x1F, 0xF0, 0x7F,
    0xE3, 0x81, 0xCE, 0x03, 0x30, 0x0C, 0xC0, 0x33, 0x01, 0xDC, 0x06, 0x70, 0xF9, 0xFF, 0xC7, 0xFC,
    0x18, 0x30, 0xE0, 0x63, 0x81, 0xCC, 0x03, 0x00, 0x18, 0xC1, 0xB8, 0x1E, 0x01, 0x00, 0x00, 0x3F,
    0x0F, 0xE1, 0xC0, 0x38, 0x06, 0x00, 0xC0, 0x38, 0x07, 0x00, 0xC0, 0x18, 0x03, 0x00, 0x00, 0x30,
    0x03, 0x80, 0x38, 0x01, 0x00, 0x7F, 0x0F, 0xFC, 0x60, 0x67, 0x00, 0x30, 0x01, 0xC0, 0x07, 0x80,
    0x1F, 0x80, 0x3E, 0x00, 0x38, 0x00, 0xC0, 0x06, 0xC0, 0x77, 0xFF, 0x1F, 0xF0, 0x00, 0x00, 0x00,
    0x60, 0x0E, 0x03, 0x80, 0x30, 0x00, 0x00, 0xFE, 0x1F, 0xE3, 0x00, 0x30, 0x03, 0xC0, 0x1F, 0x80,
    0x3C, 0x00, 0xC4, 0x0C, 0x7F, 0xC7, 0xF8, 0x00, 0x00, 0x07, 0xF0, 0xFF, 0xC6, 0x06, 0x70, 0x03,
    0x00, 0x1C, 0x00, 0x78, 0x01, 0xF8, 0x03, 0xE0, 0x03, 0x80, 0x0C, 0x00, 0x6C, 0x07, 0x7F, 0xF1,
    0xFF, 0x01, 0x80, 0x0E, 0x00, 0x30, 0x07, 0x80, 0x38, 0x00, 0x00, 0x01, 0xFC, 0x7F, 0x98, 0x03,
    0x00, 0x78, 0x07, 0xE0, 0x1E, 0x00, 0xC8, 0x19, 0xFF, 0x3F, 0xC0, 0xC0, 0x18, 0x01, 0x81, 0xF0,
    0x3C, 0x00, 0x02, 0x10, 0x1B, 0x80, 0x78, 0x01, 0x80, 0x7F, 0x0F, 0xFC, 0x60, 0x67, 0x00, 0x30,
    0x01, 0xC0, 0x07, 0x80, 0x1F, 0x80, 0x3E, 0x00, 0x38, 0x00, 0xC0, 0x06, 0xC0, 0x77, 0xFF, 0x1F,
    0xF0, 0x00, 0x00, 0x04, 0x20, 0x6E, 0x03, 0xC0, 0x18, 0x00, 0x00, 0xFE, 0x1F, 0xE3, 0x00, 0x30,
    0x03, 0xC0, 0x1F, 0x80, 0x3C, 0x00, 0xC4, 0x0C, 0x7F, 0xC7, 0xF8, 0x00, 0x00, 0x7F, 0xFF, 0xFF,
    0xC1, 0xC0, 0x0C, 0x00, 0x60, 0x03, 0x00, 0x38, 0x01, 0xC0, 0x0C, 0x00, 0x60, 0x03, 0x00, 0x38,
    0x01, 0xC0, 0x0C, 0x00, 0x60, 0x02, 0x00, 0x38, 0x00, 0x60, 0x1E, 0x00, 0xF0, 0x00, 0x18, 0x38,
    0x30, 0xFF, 0xFE, 0x30, 0x70, 0x60, 0x60, 0x60, 0x60, 0xE0, 0x7C, 0x7C, 0x30, 0x38, 0x18, 0xF8,
    0xF0, 0x08, 0x60, 0x76, 0x01, 0xE0, 0x06, 0x07, 0xFF, 0xFF, 0xFC, 0x1C, 0x00, 0xC0, 0x06, 0x00,
    0x30, 0x03, 0x80, 0x1C, 0x00, 0xC0, 0x06, 0x00, 0x30, 0x03, 0x80, 0x1C, 0x00, 0xC0, 0x06, 0x00,
    0x01, 0x01, 0x80, 0xC3, 0x63, 0xB1, 0x83, 0xFD, 0xFC, 0x30, 0x38, 0x18, 0x0C, 0x06, 0x03, 0x03,
    0x80, 0xF8, 0x7C, 0x00, 0x00, 0x03, 0xF8, 0x07, 0xF0, 0x00, 0x01, 0xC0, 0x33, 0x80, 0x66, 0x00,
    0xCC, 0x03, 0x98, 0x06, 0x70, 0x0C, 0xE0, 0x19, 0x80, 0x33, 0x00, 0xE6, 0x01, 0x8C, 0x03, 0x18,
    0x0E, 0x38, 0x38, 0x3F, 0xE0, 0x3F, 0x80, 0x00, 0x00, 0x0F, 0xE0, 0x7F, 0x00, 0x00, 0x00, 0x03,
    0x03, 0x38, 0x19, 0x80, 0xCC, 0x06, 0x60, 0x73, 0x03, 0x38, 0x19, 0xC0, 0xCE, 0x0E, 0x3F, 0xF0,
    0xFF, 0x00, 0x00, 0x00, 0xE0, 0x03, 0x60, 0x04, 0x40, 0x0F, 0x80, 0x0E, 0x07, 0x00, 0xCE, 0x01,
    0x98, 0x03, 0x30, 0x0E, 0x60, 0x19, 0xC0, 0x33, 0x80, 0x66, 0x00, 0xCC, 0x03, 0x98, 0x06, 0x30,
    0x0C, 0x60, 0x38, 0xE0, 0xE0, 0xFF, 0x80, 0xFE, 0x00, 0x00, 0x00, 0x03, 0xC0, 0x32, 0x01, 0x90,
    0x07, 0x80, 0x18, 0x00, 0x00, 0xC0, 0xCE, 0x06, 0x60, 0x33, 0x01, 0x98, 0x1C, 0xC0, 0xCE, 0x06,
    0x70, 0x33, 0x83, 0x8F, 0xFC, 0x3F, 0xC0, 0x00, 0x00, 0x00, 0x6C, 0x01, 0xB8, 0x06, 0xE0, 0x09,
    0x83, 0x80, 0x67, 0x00, 0xCC, 0x01, 0x98, 0x07, 0x30, 0x0C, 0xE0, 0x19, 0xC0, 0x33, 0x00, 0x66,
    0x01, 0xCC, 0x03, 0x18, 0x06, 0x30, 0x1C, 0x70, 0x70, 0x7F, 0xC0, 0x7F, 0x00, 0x00, 0x00, 0x01,
    0xB0, 0x1D, 0x81, 0xD8, 0x0C, 0x80, 0x00, 0x18, 0x19, 0xC0, 0xCC, 0x06, 0x60, 0x33, 0x03, 0x98,
    0x19, 0xC0, 0xCE, 0x06, 0x70, 0x71, 0xFF, 0x87, 0xF8, 0x00, 0x00, 0x38, 0x06, 0x70, 0x0C, 0xC0,
    0x19, 0x80, 0x73, 0x00, 0xCE, 0x01, 0x9C, 0x03, 0x30, 0x06, 0x60, 0x1C, 0xC0, 0x31, 0x80, 0x63,
    0x01, 0xC7, 0x07, 0x07, 0xFC, 0x07, 0xF0, 0x07, 0x80, 0x1C, 0x00, 0x30, 0x00, 0x7C, 0x00, 0x70,
    0x00, 0x00, 0x01, 0x81, 0x9C, 0x0C, 0xC0, 0x66, 0x03, 0x30, 0x39, 0x81, 0x9C, 0x0C, 0xE0, 0x67,
    0x07, 0x1F, 0xF8, 0x7F, 0x80, 0x1C, 0x01, 0x80, 0x18, 0x00, 0xF8, 0x03, 0xC0, 0x00, 0x00, 0x3B,
    0x00, 0xCC, 0x00, 0x00, 0xC0, 0x1B, 0x00, 0xE6, 0x07, 0x18, 0x18, 0x70, 0xC0, 0xC7, 0x03, 0xB8,
    0x07, 0xC0, 0x1E, 0x00, 0x70, 0x00, 0xC0, 0x07, 0x00, 0x18, 0x00, 0x60, 0x01, 0x80, 0x00, 0x00,
    0x1C, 0x00, 0x38, 0x00, 0x70, 0x00, 0x40, 0x0F, 0xFF, 0x1F, 0xFF, 0x00, 0x0E, 0x00, 0x1C, 0x00,
    0x38, 0x00, 0x70, 0x00, 0xE0, 0x01, 0xC0, 0x03, 0x80, 0x07, 0x00, 0x0E, 0x00, 0x1C, 0x00, 0x38,
    0x00, 0x7F, 0xF8, 0x7F, 0xF8, 0x00, 0x70, 0x0E, 0x01, 0xC0, 0x10, 0x00, 0x01, 0xFF, 0x1F, 0xF0,
    0x0E, 0x01, 0xC0, 0x38, 0x07, 0x00, 0xE0, 0x1C, 0x03, 0x80, 0x7F, 0xCF, 0xFC, 0x00, 0x20, 0x00,
    0x70, 0x00, 0x60, 0x00, 0x00, 0x0F, 0xFF, 0x1F, 0xFF, 0x00, 0x0E, 0x00, 0x1C, 0x00, 0x38, 0x00,
    0x70, 0x00, 0xE0, 0x01, 0xC0, 0x03, 0x80, 0x07, 0x00, 0x0E, 0x00, 0x1C, 0x00, 0x38, 0x00, 0x7F,
    0xF8, 0x7F, 0xF8, 0x00, 0x80, 0x18, 0x01, 0x80, 0x00, 0x00, 0x01, 0xFF, 0x1F, 0xF0, 0x0E, 0x01,
    0xC0, 0x38, 0x07, 0x00, 0xE0, 0x1C, 0x03, 0x80, 0x7F, 0xCF, 0xFC, 0x01, 0x0C, 0x01, 0xD8, 0x00,
    0xF0, 0x00, 0x60, 0x0F, 0xFF, 0x1F, 0xFF, 0x00, 0x0E, 0x00, 0x1C, 0x00, 0x38, 0x00, 0x70, 0x00,
    0xE0, 0x01, 0xC0, 0x03, 0x80, 0x07, 0x00, 0x0E, 0x00, 0x1C, 0x00, 0x38, 0x00, 0x7F, 0xF8, 0x7F,
    0xF8, 0x04, 0x30, 0x76, 0x03, 0xC0, 0x18, 0x00, 0x01, 0xFF, 0x1F, 0xF0, 0x0E, 0x01, 0xC0, 0x38,
    0x07, 0x00, 0xE0, 0x1C, 0x03, 0x80, 0x7F, 0xCF, 0xFC, 0x61, 0xC3, 0x86, 0x18, 0xE7, 0x30, 0x18,
    0x3C, 0x66, 0xC2, 0x20, 0xF2, 0xDE, 0x00, 0xFE, 0xFE, 0x87, 0x8D, 0xF1, 0xC0, 0x5B, 0x00, 0x03,
    0x3C, 0xC0, 0x76, 0xF3, 0xF7, 0x00, 0x33, 0x76, 0x6C, 0xC8, 0x43, 0x76, 0x3C, 0x18, 0x7F, 0x60,
    0x01, 0x8E, 0x3F, 0xF8, 0x19, 0xD9, 0x8F, 0xBC, 0x03, 0x00, 0x0E, 0x00, 0x1C, 0x00, 0x30, 0x1F,
    0xFC, 0x7F, 0xF3, 0x80, 0x0E, 0x00, 0x30, 0x00, 0xC0, 0x03, 0xFE, 0x1F, 0xF8, 0x7F, 0xE1, 0x80,
    0x06, 0x00, 0x18, 0x00, 0xE0, 0x03, 0xFF, 0x8F, 0xFE, 0x00, 0x00, 0x00, 0x0C, 0xC0, 0x33, 0x00,
    0x00, 0x1F, 0xFC, 0x7F, 0xF3, 0x80, 0x0E, 0x00, 0x30, 0x00, 0xC0, 0x03, 0xFE, 0x1F, 0xF8, 0x7F,
    0xE1, 0x80, 0x06, 0x00, 0x18, 0x00, 0xE0, 0x03, 0xFF, 0x8F, 0xFE, 0x00, 0x7F, 0xFC, 0x7F, 0xF8,
    0x07, 0x00, 0x07, 0x00, 0x06, 0x00, 0x06, 0x00, 0x07, 0xFC, 0x0F, 0xFE, 0x0E, 0x06, 0x0C, 0x07,
    0x0C, 0x07, 0x0C, 0x06, 0x1C, 0x0E, 0x1C, 0xFC, 0x18, 0xF8, 0x00, 0x00, 0x00, 0x70, 0x07, 0x00,
    0x70, 0x02, 0x01, 0xFF, 0x8F, 0xFC, 0x60, 0x07, 0x00, 0x30, 0x01, 0x80, 0x0C, 0x00, 0x60, 0x07,
    0x00, 0x30, 0x01, 0x80, 0x0C, 0x00, 0x60, 0x07, 0x00, 0x30, 0x00, 0x03, 0xF8, 0x1F, 0xF8, 0x78,
    0x39, 0xC0, 0x07, 0x00, 0x0C, 0x00, 0x38, 0x00, 0x7F, 0xE0, 0xFF, 0xC1, 0x80, 0x03, 0x80, 0x03,
    0x00, 0x07, 0x03, 0x87, 0xFE, 0x07, 0xF8, 0x00, 0x00, 0x07, 0xF0, 0xFF, 0xC7, 0x06, 0x70, 0x03,
    0x00, 0x1C, 0x00, 0x78, 0x01, 0xF8, 0x03, 0xE0, 0x03, 0x80, 0x0C, 0x00, 0x6C, 0x07, 0x7F, 0xF0,
    0xFF, 0x00, 0x00, 0x18, 0xCE, 0x73, 0x18, 0xCE, 0x73, 0x18, 0xCE, 0x73, 0x00, 0x00, 0x37, 0x36,
    0x00, 0x18, 0x18, 0x38, 0x38, 0x30, 0x30, 0x30, 0x70, 0x70, 0x60, 0x60, 0x60, 0xE0, 0xE0, 0xC0,
    0x0F, 0xF0, 0xFF, 0x00, 0x70, 0x06, 0x00, 0x60, 0x06, 0x00, 0x60, 0x0E, 0x00, 0xC0, 0x0C, 0x00,
    0xC0, 0x1C, 0x61, 0x87, 0xF8, 0x3F, 0x00, 0x00, 0x03, 0xFF, 0x80, 0x01, 0xFF, 0xC0, 0x00, 0xC0,
    0xE0, 0x00, 0x60, 0x70, 0x00, 0x30, 0x30, 0x00, 0x30, 0x1F, 0xF0, 0x18, 0x0F, 0xFC, 0x0C, 0x0E,
    0x07, 0x06, 0x07, 0x01, 0x86, 0x03, 0x00, 0xC3, 0x01, 0x80, 0x63, 0x80, 0xC0, 0x31, 0x80, 0xE0,
    0x37, 0xC0, 0x7F, 0xFB, 0xC0, 0x3F, 0xF0, 0x00, 0x00, 0x00, 0x18, 0x07, 0x00, 0x30, 0x0C, 0x00,
    0x60, 0x18, 0x01, 0xC0, 0x30, 0x03, 0x00, 0xE0, 0x06, 0x01, 0xC0, 0x0F, 0xFF, 0xFE, 0x1F, 0xFF,
    0xFF, 0x70, 0x0C, 0x0E, 0xC0, 0x38, 0x0D, 0x80, 0x70, 0x1B, 0x00, 0xC0, 0x36, 0x01, 0x80, 0xFC,
    0x03, 0xFF, 0xB0, 0x0F, 0xFC, 0x00, 0x7F, 0xFC, 0x7F, 0xF8, 0x07, 0x00, 0x06, 0x00, 0x06, 0x00,
    0x06, 0x00, 0x07, 0xFC, 0x0F, 0xFE, 0x0F, 0x06, 0x0C, 0x07, 0x0C, 0x07, 0x0C, 0x06, 0x1C, 0x06,
    0x18, 0x06, 0x18, 0x06, 0x00, 0x30, 0x00, 0xE0, 0x07, 0x00, 0x0C, 0x01, 0x80, 0xE3, 0x03, 0x86,
    0x06, 0x1C, 0x18, 0x30, 0x60, 0x61, 0x80, 0xCE, 0x01, 0xFC, 0x07, 0xF8, 0x0C, 0x30, 0x18, 0x30,
    0x30, 0x70, 0x60, 0x61, 0xC0, 0xE3, 0x00, 0xC0, 0x01, 0x80, 0x01, 0xC0, 0x00, 0xE0, 0x00, 0x60,
    0x18, 0x03, 0x18, 0x07, 0x18, 0x0F, 0x38, 0x1E, 0x30, 0x3E, 0x30, 0x76, 0x30, 0xE6, 0x31, 0xCE,
    0x73, 0x8C, 0x67, 0x0C, 0x6E, 0x0C, 0x7C, 0x0C, 0x78, 0x1C, 0xF0, 0x18, 0xE0, 0x18, 0x03, 0x08,
    0x03, 0x18, 0x03, 0xF0, 0x00, 0xC0, 0x30, 0x03, 0x38, 0x06, 0x18, 0x0E, 0x18, 0x0C, 0x1C, 0x18,
    0x0C, 0x30, 0x0C, 0x70, 0x0E, 0x60, 0x06, 0xC0, 0x07, 0xC0, 0x07, 0x80, 0x07, 0x00, 0x06, 0x00,
    0x7E, 0x00, 0x78, 0x00, 0x00, 0x00, 0x18, 0x07, 0x18, 0x06, 0x18, 0x06, 0x38, 0x06, 0x30, 0x06,
    0x30, 0x0E, 0x30, 0x0C, 0x30, 0x0C, 0x70, 0x0C, 0x60, 0x0C, 0x60, 0x1C, 0x60, 0x18, 0x60, 0x18,
    0xFF, 0xF8, 0xFF, 0xF8, 0x06, 0x00, 0x06, 0x00, 0x06, 0x00, 0x06, 0x00, 0x00, 0x70, 0x00, 0x70,
    0x00, 0xF0, 0x01, 0xF8, 0x01, 0x98, 0x03, 0x18, 0x07, 0x18, 0x06, 0x1C, 0x0E, 0x0C, 0x1F, 0xFC,
    0x1F, 0xFC, 0x38, 0x0E, 0x70, 0x06, 0x60, 0x06, 0xE0, 0x06, 0x1F, 0xFC, 0x3F, 0xF8, 0x60, 0x01,
    0xC0, 0x03, 0x00, 0x06, 0x00, 0x0F, 0xF8, 0x1F, 0xF8, 0x70, 0x38, 0xC0, 0x31, 0x80, 0x63, 0x00,
    0xC6, 0x03, 0x9F, 0xFE, 0x3F, 0xF8, 0x00, 0x1F, 0xF0, 0x3F, 0xF8, 0xE0, 0x31, 0x80, 0x63, 0x00,
    0xC6, 0x03, 0x8C, 0x1E, 0x3F, 0xF8, 0x7F, 0xF8, 0xC0, 0x39, 0x80, 0x73, 0x00, 0xEE, 0x01, 0x9F,
    0xFF, 0x3F, 0xF8, 0x00, 0x1F, 0xF8, 0xFF, 0xC6, 0x00, 0x70, 0x03, 0x00, 0x18, 0x00, 0xC0, 0x06,
    0x00, 0x70, 0x03, 0x00, 0x18, 0x00, 0xC0, 0x06, 0x00, 0x70, 0x03, 0x00, 0x00, 0x01, 0xFF, 0xC0,
    0x7F, 0xF0, 0x18, 0x1C, 0x06, 0x06, 0x03, 0x01, 0x80, 0xC0, 0x60, 0x30, 0x38, 0x0C, 0x0E, 0x06,
    0x03, 0x01, 0x80, 0xC0, 0x60, 0x30, 0x30, 0x1C, 0x1C, 0x07, 0x1F, 0xFF, 0xE7, 0xFF, 0xF9, 0x80,
    0x06, 0xE0, 0x01, 0xB0, 0x00, 0x6C, 0x00, 0x10, 0x1F, 0xFC, 0x7F, 0xF3, 0x80, 0x0E, 0x00, 0x30,
    0x00, 0xC0, 0x03, 0xFE, 0x1F, 0xF8, 0x7F, 0xE1, 0x80, 0x06, 0x00, 0x18, 0x00, 0xE0, 0x03, 0xFF,
    0x8F, 0xFE, 0x00, 0x0C, 0x0C, 0x06, 0x0C, 0x0C, 0x0E, 0x0E, 0x0C, 0x1C, 0x06, 0x0C, 0x38, 0x07,
    0x0C, 0x70, 0x03, 0x1C, 0x60, 0x03, 0x9D, 0xC0, 0x03, 0xFF, 0xC0, 0x03, 0xFF, 0xC0, 0x06, 0x18,
    0xC0, 0x0E, 0x38, 0xE0, 0x1C, 0x30, 0x60, 0x38, 0x30, 0x70, 0x70, 0x30, 0x30, 0xE0, 0x30, 0x38,
    0x07, 0xE0, 0x7F, 0xE1, 0x81, 0x80, 0x07, 0x00, 0x1C, 0x00, 0x60, 0x7F, 0x83, 0xF8, 0x00, 0x70,
    0x00, 0xE0, 0x01, 0x80, 0x0E, 0xC0, 0x33, 0xFF, 0xC7, 0xFC, 0x00, 0x00, 0x18, 0x03, 0x18, 0x07,
    0x18, 0x0F, 0x38, 0x1E, 0x30, 0x3E, 0x30, 0x76, 0x30, 0xE6, 0x31, 0xCE, 0x73, 0x8C, 0x67, 0x0C,
    0x6E, 0x0C, 0x7C, 0x0C, 0x78, 0x1C, 0xF0, 0x18, 0xE0, 0x18, 0x01, 0x0C, 0x01, 0x9C, 0x01, 0xF8,
    0x00, 0x60, 0x18, 0x03, 0x18, 0x07, 0x18, 0x0F, 0x38, 0x1E, 0x30, 0x3E, 0x30, 0x76, 0x30, 0xE6,
    0x31, 0xCE, 0x73, 0x8C, 0x67, 0x0C, 0x6E, 0x0C, 0x7C, 0x0C, 0x78, 0x1C, 0xF0, 0x18, 0xE0, 0x18,
    0x18, 0x0E, 0x30, 0x38, 0x60, 0x61, 0xC1, 0x83, 0x06, 0x06, 0x18, 0x0C, 0xE0, 0x1F, 0xC0, 0x7F,
    0x80, 0xC3, 0x01, 0x83, 0x03, 0x07, 0x06, 0x06, 0x1C, 0x0E, 0x30, 0x0C, 0x00, 0x03, 0xFF, 0x81,
    0xFF, 0xC0, 0xC0, 0x60, 0x60, 0x70, 0x30, 0x30, 0x30, 0x18, 0x18, 0x0C, 0x0C, 0x06, 0x06, 0x07,
    0x06, 0x03, 0x03, 0x01, 0x83, 0x80, 0xC1, 0x80, 0xE7, 0xC0, 0x73, 0xC0, 0x30, 0x00, 0x00, 0x18,
    0x00, 0x63, 0x00, 0x1C, 0x70, 0x07, 0x9E, 0x01, 0xE3, 0xE0, 0x3C, 0x6C, 0x0D, 0x8D, 0x83, 0x71,
    0x98, 0xEE, 0x73, 0x39, 0x8C, 0x76, 0x31, 0x87, 0x86, 0x30, 0xF1, 0xC6, 0x0C, 0x39, 0xC0, 0x06,
    0x30, 0x00, 0xC0, 0x18, 0x03, 0x18, 0x07, 0x38, 0x07, 0x38, 0x06, 0x30, 0x06, 0x30, 0x06, 0x3F,
    0xFE, 0x7F, 0xFE, 0x7F, 0xFC, 0x60, 0x0C, 0x60, 0x0C, 0x60, 0x1C, 0xE0, 0x1C, 0xE0, 0x18, 0xC0,
    0x18, 0x03, 0xF8, 0x07, 0xFF, 0x07, 0x03, 0x87, 0x00, 0xE7, 0x00, 0x33, 0x00, 0x1F, 0x80, 0x0F,
    0xC0, 0x07, 0xC0, 0x03, 0x60, 0x01, 0xB8, 0x01, 0xCC, 0x01, 0xC7, 0x01, 0xC1, 0xFF, 0xC0, 0x7F,
    0xC0, 0x00, 0x00, 0x1F, 0xFF, 0x1F, 0xFF, 0x18, 0x07, 0x38, 0x06, 0x30, 0x06, 0x30, 0x06, 0x30,
    0x06, 0x30, 0x0E, 0x70, 0x0C, 0x60, 0x0C, 0x60, 0x0C, 0x60, 0x0C, 0x60, 0x1C, 0xE0, 0x18, 0xC0,
    0x18, 0x1F, 0xF0, 0x7F, 0xE3, 0x81, 0xCE, 0x03, 0x30, 0x0C, 0xC0, 0x33, 0x00, 0xDC, 0x06, 0x70,
    0x79, 0xFF, 0xC7, 0xF8, 0x18, 0x00, 0xE0, 0x03, 0x80, 0x0C, 0x00, 0x00, 0x03, 0xF8, 0x1F, 0xF8,
    0x70, 0x39, 0xC0, 0x07, 0x00, 0x0C, 0x00, 0x18, 0x00, 0x70, 0x00, 0xC0, 0x01, 0x80, 0x03, 0x80,
    0x03, 0x00, 0x07, 0x01, 0x87, 0xFF, 0x07, 0xFC, 0x00, 0x00, 0x7F, 0xFB, 0xFF, 0xC1, 0xC0, 0x0C,
    0x00, 0x60, 0x03, 0x00, 0x18, 0x01, 0xC0, 0x0C, 0x00, 0x60, 0x03, 0x00, 0x18, 0x01, 0xC0, 0x0C,
    0x00, 0x60, 0x00, 0x30, 0x03, 0x38, 0x06, 0x18, 0x0E, 0x18, 0x0C, 0x1C, 0x18, 0x0C, 0x30, 0x0C,
    0x70, 0x0E, 0x60, 0x06, 0xC0, 0x07, 0xC0, 0x07, 0x80, 0x07, 0x00, 0x06, 0x00, 0x7E, 0x00, 0x78,
    0x00, 0x00, 0x00, 0x00, 0x20, 0x00, 0x1C, 0x00, 0x3F, 0xC0, 0x3F, 0xFC, 0x3C, 0x63, 0x9C, 0x18,
    0x76, 0x0E, 0x0F, 0x83, 0x03, 0xC0, 0xC0, 0xF0, 0x30, 0x3C, 0x0C, 0x1F, 0x87, 0x0E, 0x71, 0x87,
    0x0F, 0xFF, 0x81, 0xFF, 0x80, 0x06, 0x00, 0x01, 0x00, 0x00, 0x0C, 0x07, 0x0C, 0x0E, 0x0E, 0x1C,
    0x06, 0x38, 0x07, 0x70, 0x03, 0xE0, 0x03, 0xC0, 0x01, 0xC0, 0x03, 0xC0, 0x07, 0xE0, 0x0E, 0x60,
    0x1C, 0x70, 0x38, 0x30, 0x70, 0x38, 0xE0, 0x18, 0x18, 0x07, 0x18, 0x06, 0x18, 0x06, 0x38, 0x06,
    0x30, 0x06, 0x30, 0x0E, 0x30, 0x0C, 0x30, 0x0C, 0x70, 0x0C, 0x60, 0x0C, 0x60, 0x1C, 0x60, 0x18,
    0x60, 0x18, 0xFF, 0xFE, 0xFF, 0xFE, 0x00, 0x06, 0x00, 0x06, 0x00, 0x0E, 0x00, 0x0C, 0x30, 0x0D,
    0xC0, 0x37, 0x01, 0xD8, 0x06, 0x60, 0x19, 0x80, 0x66, 0x01, 0x9C, 0x0E, 0x7F, 0xF0, 0xFF, 0xC0,
    0x03, 0x00, 0x0C, 0x00, 0x70, 0x01, 0x80, 0x06, 0x00, 0x18, 0x18, 0x1C, 0x60, 0x60, 0x61, 0x81,
    0x81, 0x8E, 0x06, 0x06, 0x30, 0x38, 0x18, 0xC0, 0xC0, 0xE3, 0x03, 0x03, 0x0C, 0x0C, 0x0C, 0x70,
    0x30, 0x31, 0x81, 0xC0, 0xC6, 0x06, 0x07, 0x18, 0x18, 0x18, 0x60, 0x60, 0x63, 0xFF, 0xFF, 0x8F,
    0xFF, 0xFE, 0x00, 0x18, 0x18, 0x1C, 0x60, 0x60, 0x61, 0x81, 0x81, 0x8E, 0x06, 0x06, 0x30, 0x38,
    0x18, 0xC0, 0xC0, 0xE3, 0x03, 0x03, 0x0C, 0x0C, 0x0C, 0x70, 0x30, 0x31, 0x81, 0xC0, 0xC6, 0x06,
    0x07, 0x18, 0x18, 0x18, 0x60, 0x60, 0x63, 0xFF, 0xFF, 0xEF, 0xFF, 0xFF, 0x80, 0x00, 0x06, 0x00,
    0x00, 0x18, 0x00, 0x00, 0xE0, 0x00, 0x01, 0x00, 0x7E, 0x00, 0x7E, 0x00, 0x06, 0x00, 0x06, 0x00,
    0x0E, 0x00, 0x0F, 0xF8, 0x0F, 0xFE, 0x0C, 0x0E, 0x0C, 0x07, 0x1C, 0x07, 0x1C, 0x07, 0x18, 0x06,
    0x18, 0x0E, 0x1F, 0xFC, 0x3F, 0xF8, 0x18, 0x00, 0x71, 0x80, 0x06, 0x18, 0x00, 0x63, 0x80, 0x06,
    0x30, 0x00, 0x63, 0xFE, 0x0E, 0x3F, 0xF0, 0xC3, 0x03, 0x8C, 0x70, 0x18, 0xC6, 0x01, 0x8C, 0x60,
    0x19, 0xC6, 0x01, 0x98, 0x60, 0x31, 0x8F, 0xFF, 0x18, 0xFF, 0xC1, 0x80, 0x18, 0x00, 0xC0, 0x06,
    0x00, 0x70, 0x03, 0x00, 0x1F, 0xF0, 0xFF, 0xC6, 0x07, 0x70, 0x1B, 0x00, 0xD8, 0x06, 0xC0, 0x36,
    0x03, 0x7F, 0xFB, 0xFF, 0x00, 0x0F, 0xE0, 0x3F, 0xF0, 0xE0, 0xE0, 0x00, 0xE0, 0x00, 0xC0, 0x01,
    0x81, 0xFF, 0x87, 0xFE, 0x07, 0xFC, 0x00, 0x38, 0x00, 0x60, 0x01, 0xCC, 0x07, 0x1F, 0xFC, 0x1F,
    0xE0, 0x00, 0x00, 0x18, 0x0F, 0xC0, 0x60, 0xFF, 0xC1, 0x87, 0x07, 0x0E, 0x38, 0x0E, 0x31, 0xC0,
    0x18, 0xC6, 0x00, 0x73, 0xF8, 0x01, 0xCF, 0xC0, 0x07, 0x7F, 0x00, 0x19, 0x8C, 0x00, 0x66, 0x30,
    0x03, 0x98, 0xE0, 0x1C, 0x61, 0xC0, 0xE3, 0x83, 0xFF, 0x0C, 0x07, 0xF0, 0x00, 0x00, 0x00, 0x03,
    0xFE, 0x1F, 0xFC, 0x70, 0x39, 0xC0, 0x73, 0x00, 0xC6, 0x01, 0x8C, 0x03, 0x18, 0x0E, 0x38, 0x1C,
    0x3F, 0xF0, 0x3F, 0xE0, 0xE0, 0xC3, 0x83, 0x8E, 0x07, 0x38, 0x0C, 0x00, 0x00, 0x00, 0xFF, 0xCF,
    0xFE, 0xE0, 0xEE, 0x07, 0x60, 0x1B, 0x00, 0xD8, 0x0E, 0xC0, 0x67, 0x07, 0x1F, 0xF8, 0x7E, 0xC0,
    0x00, 0x00, 0x00, 0x78, 0x1F, 0xC3, 0xE0, 0x38, 0x03, 0x80, 0x3B, 0xC1, 0xFF, 0x8F, 0x1E, 0xF0,
    0x37, 0x01, 0xB0, 0x0D, 0x80, 0x6C, 0x07, 0x30, 0x71, 0xEF, 0x07, 0xF0, 0x00, 0x00, 0x00, 0x07,
    0xF8, 0xFF, 0xB8, 0x36, 0x0E, 0xFF, 0x9F, 0xE3, 0x0E, 0xE0, 0xD8, 0x1B, 0xFF, 0x7F, 0xC0, 0x00,
    0x07, 0xF8, 0xFF, 0x38, 0x06, 0x00, 0xC0, 0x18, 0x03, 0x00, 0xE0, 0x18, 0x03, 0x00, 0x60, 0x00,
    0x00, 0x00, 0x07, 0xFC, 0x1F, 0xF0, 0x30, 0x60, 0x60, 0xC0, 0xC3, 0x83, 0x87, 0x06, 0x0C, 0x0C,
    0x18, 0x30, 0x31, 0xFF, 0xF3, 0xFF, 0xE6, 0x00, 0xDC, 0x01, 0xB0, 0x03, 0x00, 0x00, 0x03, 0xF0,
    0xFF, 0x30, 0x3E, 0x07, 0xFF, 0xFF, 0xFE, 0x00, 0xC0, 0x1C, 0x11, 0xFF, 0x1F, 0xC0, 0x00, 0x00,
    0x00, 0x03, 0x06, 0x1C, 0x61, 0xC7, 0x06, 0x31, 0xC0, 0xC6, 0x30, 0x0F, 0xFC, 0x01, 0xFF, 0x80,
    0x77, 0x70, 0x1C, 0xC6, 0x07, 0x18, 0x61, 0xC3, 0x0E, 0x70, 0x61, 0xC0, 0x02, 0x03, 0xF8, 0x7F,
    0x80, 0x30, 0x06, 0x1F, 0x83, 0xF0, 0x06, 0x00, 0xE0, 0x1D, 0xFF, 0x3F, 0xC0, 0x00, 0x00, 0x01,
    0x81, 0xCC, 0x1E, 0xE1, 0xE6, 0x1F, 0x31, 0xD9, 0x9D, 0xCD, 0xCE, 0xFC, 0x67, 0xC3, 0x38, 0x19,
    0x81, 0xC0, 0x04, 0x20, 0x23, 0x01, 0xF8, 0x07, 0x00, 0x00, 0x18, 0x1C, 0xC1, 0xEE, 0x1E, 0x61,
    0xF3, 0x1D, 0x99, 0xDC, 0xDC, 0xEF, 0xC6, 0x7C, 0x33, 0x81, 0x98, 0x1C, 0x00, 0x03, 0x07, 0x30,
    0xE7, 0x1C, 0x63, 0x87, 0xF0, 0x7E, 0x06, 0x60, 0xE3, 0x0C, 0x38, 0xC1, 0x8C, 0x1C, 0x00, 0x00,
    0x1F, 0xF0, 0xFF, 0x83, 0x06, 0x0C, 0x18, 0x30, 0xE1, 0xC3, 0x86, 0x0C, 0x18, 0x30, 0xC0, 0xCF,
    0x07, 0x38, 0x1C, 0x00, 0x00, 0x00, 0x00, 0x60, 0x1C, 0xE0, 0x7B, 0xC0, 0xE7, 0x83, 0xCD, 0x8D,
    0x9B, 0x3B, 0x37, 0xE6, 0xC7, 0x99, 0x8E, 0x33, 0x08, 0x66, 0x00, 0xC0, 0x00, 0x01, 0x81, 0x8C,
    0x0C, 0xE0, 0x66, 0x03, 0x3F, 0xF9, 0xFF, 0x8F, 0xFC, 0xE0, 0x66, 0x03, 0x30, 0x39, 0x81, 0x80,
    0x00, 0x01, 0xFC, 0x3F, 0xE7, 0x06, 0xE0, 0x7C, 0x03, 0xC0, 0x3C, 0x07, 0xC0, 0x6E, 0x0E, 0x7F,
    0xC3, 0xF8, 0x00, 0x00, 0x00, 0x01, 0xFF, 0x8F, 0xFC, 0xE0, 0x66, 0x03, 0x30, 0x39, 0x81, 0x8C,
    0x0C, 0xE0, 0x66, 0x03, 0x30, 0x39, 0x81, 0x80, 0x00, 0x00, 0x7F, 0xC1, 0xFF, 0x8F, 0x06, 0x38,
    0x1C, 0xC0, 0x33, 0x01, 0xCC, 0x07, 0x70, 0x19, 0xE0, 0xE7, 0xFF, 0x1B, 0xF8, 0x60, 0x03, 0x80,
    0x0C, 0x00, 0x30, 0x00, 0x00, 0x00, 0x00, 0x03, 0xF8, 0xFF, 0xB8, 0x3E, 0x01, 0x80, 0x30, 0x06,
    0x00, 0xC0, 0x1C, 0x19, 0xFF, 0x1F, 0xC0, 0x00, 0x00, 0x0F, 0xFD, 0xFF, 0x87, 0x00, 0xC0, 0x18,
    0x03, 0x00, 0x60, 0x1C, 0x03, 0x00, 0x60, 0x0C, 0x00, 0x00, 0x00, 0x0C, 0x07, 0x0C, 0x06, 0x0E,
    0x0C, 0x06, 0x1C, 0x06, 0x18, 0x06, 0x30, 0x07, 0x70, 0x03, 0x60, 0x03, 0xC0, 0x03, 0xC0, 0x03,
    0x80, 0x03, 0x00, 0x07, 0x00, 0x7E, 0x00, 0x7C, 0x00, 0x10, 0x00, 0x00, 0x60, 0x00, 0x60, 0x00,
    0x60, 0x00, 0x60, 0x00, 0xE0, 0x0F, 0xFC, 0x1F, 0xFE, 0x38, 0xC6, 0x70, 0xC7, 0x61, 0x83, 0x61,
    0x83, 0x61, 0x87, 0x61, 0x86, 0x71, 0x9C, 0x3F, 0xFC, 0x1F, 0xF0, 0x03, 0x00, 0x03, 0x00, 0x03,
    0x00, 0x06, 0x00, 0x00, 0x00, 0x00, 0x00, 0xC1, 0xC7, 0x1C, 0x19, 0xC0, 0xFC, 0x03, 0xC0, 0x1C,
    0x01, 0xE0, 0x1D, 0x81, 0xCE, 0x1C, 0x31, 0xC1, 0xC0, 0x00, 0x03, 0x03, 0x30, 0x37, 0x03, 0x60,
    0x76, 0x06, 0x60, 0x66, 0x06, 0xE0, 0x6C, 0x0E, 0xFF, 0xFF, 0xFF, 0x00, 0x30, 0x07, 0x00, 0x60,
    0x00, 0x03, 0x03, 0x70, 0x76, 0x06, 0x60, 0x66, 0x06, 0x71, 0xE3, 0xFE, 0x0C, 0xC0, 0x0C, 0x00,
    0xC0, 0x0C, 0x00, 0x00, 0x0C, 0x18, 0x33, 0x0E, 0x1D, 0xC3, 0x06, 0x60, 0xC1, 0x98, 0x30, 0x66,
    0x0C, 0x19, 0x87, 0x0E, 0xE1, 0x83, 0x30, 0x60, 0xCF, 0xFF, 0xF3, 0xFF, 0xFC, 0x00, 0x00, 0x0C,
    0x18, 0x33, 0x0E, 0x1D, 0xC3, 0x06, 0x60, 0xC1, 0x98, 0x30, 0x66, 0x0C, 0x19, 0x87, 0x0E, 0xE1,
    0x83, 0x30, 0x60, 0xCF, 0xFF, 0xFB, 0xFF, 0xFE, 0x00, 0x01, 0x80, 0x00, 0x60, 0x00, 0x18, 0x00,
    0x03, 0xE0, 0x1F, 0x00, 0x18, 0x00, 0xF8, 0x0F, 0xF8, 0x61, 0xC3, 0x07, 0x18, 0x30, 0xC1, 0x8F,
    0xFC, 0x7F, 0x80, 0x00, 0x00, 0x60, 0x1C, 0xC0, 0x3B, 0x80, 0x67, 0xE0, 0xCF, 0xF1, 0x98, 0x77,
    0x30, 0x6E, 0xE0, 0xD9, 0x83, 0xB3, 0xFE, 0x67, 0xF9, 0xC0, 0x00, 0x0C, 0x03, 0x01, 0xC0, 0x7E,
    0x1F, 0xE6, 0x1D, 0x83, 0xE0, 0xF0, 0x7F, 0xFB, 0xFC, 0x00, 0x00, 0xFE, 0x0F, 0x38, 0x20, 0x60,
    0x03, 0x03, 0xF8, 0x3F, 0xC0, 0x06, 0x00, 0x72, 0x07, 0x1E, 0xF0, 0x7F, 0x00, 0x00, 0x00, 0x00,
    0x00, 0x18, 0x7F, 0x0C, 0x7F, 0xCE, 0x70, 0x66, 0x70, 0x3B, 0xF0, 0x1D, 0xF8, 0x0E, 0xCC, 0x06,
    0xE6, 0x03, 0x63, 0x83, 0xB0, 0xFF, 0x98, 0x3F, 0x00, 0x00, 0x00, 0x00, 0x01, 0xFF, 0x3F, 0xF7,
    0x07, 0x70, 0x67, 0x06, 0x70, 0x63, 0xFE, 0x1F, 0xE3, 0x8C, 0x70, 0xCE, 0x0C, 0x0C, 0x01, 0xC0,
    0x1C, 0x00, 0x80, 0x00, 0x3F, 0x0F, 0xF3, 0x03, 0xE0, 0x7F, 0xFF, 0xFF, 0xE0, 0x0C, 0x01, 0xC1,
    0x1F, 0xF1, 0xFC, 0x00, 0x00, 0x00, 0x01, 0x98, 0x33, 0x00, 0x00, 0x00, 0x3F, 0x0F, 0xF3, 0x03,
    0xE0, 0x7F, 0xFF, 0xFF, 0xE0, 0x0C, 0x01, 0xC1, 0x1F, 0xF1, 0xFC, 0x00, 0x00, 0x18, 0x01, 0x80,
    0xFF, 0xCF, 0xF8, 0x30, 0x03, 0xFE, 0x3F, 0xE7, 0x07, 0x70, 0x36, 0x03, 0x60, 0x76, 0x06, 0xE0,
    0x6C, 0x06, 0xC0, 0x6C, 0x0E, 0x00, 0xC0, 0x0C, 0x0F, 0xC0, 0xF8, 0x02, 0x00, 0x00, 0xC0, 0x38,
    0x1C, 0x03, 0x00, 0x00, 0x7F, 0x8F, 0xF3, 0x80, 0x60, 0x0C, 0x01, 0x80, 0x30, 0x0E, 0x01, 0x80,
    0x30, 0x06, 0x00, 0x01, 0x80, 0x7F, 0x87, 0x9C, 0x70, 0x07, 0x00, 0x30, 0x01, 0xFE, 0x0F, 0xE0,
    0x60, 0x03, 0x82, 0x0F, 0x78, 0x3F, 0x80, 0x00, 0x00, 0x00, 0x03, 0xF8, 0xFF, 0x18, 0x07, 0x00,
    0x78, 0x07, 0xE0, 0x3E, 0x00, 0xC0, 0x1B, 0xFE, 0x3F, 0x80, 0x00, 0x19, 0xC6, 0x00, 0x18, 0xCE,
    0x63, 0x18, 0xCE, 0x63, 0x18, 0x00, 0x6C, 0xD8, 0x00, 0x03, 0x0E, 0x1C, 0x30, 0x60, 0xC3, 0x87,
    0x0C, 0x18, 0x30, 0x00, 0xC0, 0x70, 0x0C, 0x00, 0x00, 0x00, 0x60, 0x18, 0x0E, 0x03, 0x00, 0xC0,
    0x30, 0x0C, 0x07, 0x01, 0x80, 0x60, 0x18, 0x06, 0x03, 0x8F, 0xC3, 0xE0, 0x20, 0x00, 0x00, 0x00,
    0x00, 0x7F, 0xC0, 0x0F, 0xF8, 0x00, 0xC1, 0x80, 0x0C, 0x1F, 0x00, 0xC3, 0xFE, 0x1C, 0x38, 0xE1,
    0x83, 0x07, 0x18, 0x30, 0x73, 0x03, 0x06, 0xF0, 0x7F, 0xEE, 0x07, 0xFC, 0x00, 0x00, 0x00, 0x00,
    0x00, 0x0C, 0x0C, 0x03, 0x03, 0x01, 0xC0, 0xC0, 0x60, 0x70, 0x1F, 0xFF, 0xC7, 0xFF, 0xFD, 0x81,
    0x83, 0xE0, 0x60, 0xF0, 0x38, 0x3C, 0x0E, 0x7B, 0x03, 0xFC, 0x0C, 0x00, 0x60, 0x1F, 0xF8, 0xFF,
    0x81, 0x80, 0x0F, 0xF8, 0x7F, 0xC7, 0x07, 0x38, 0x19, 0x80, 0xCC, 0x0E, 0x60, 0x67, 0x03, 0x30,
    0x19, 0x80, 0xCC, 0x0E, 0x00, 0xC0, 0x1C, 0x03, 0x80, 0x60, 0x00, 0x03, 0x07, 0x30, 0xE7, 0x1C,
    0x63, 0x87, 0xF0, 0x7E, 0x06, 0x60, 0xE3, 0x0C, 0x38, 0xC1, 0x8C, 0x1C, 0x06, 0x00, 0x38, 0x00,
    0xE0, 0x03, 0x00, 0x00, 0x18, 0x1C, 0xC1, 0xEE, 0x1E, 0x61, 0xF3, 0x1D, 0x99, 0xDC, 0xDC, 0xEF,
    0xC6, 0x7C, 0x33, 0x81, 0x98, 0x1C, 0x01, 0x0C, 0x01, 0x8C, 0x01, 0xF8, 0x00, 0x60, 0x00, 0x00,
    0x0C, 0x07, 0x0C, 0x06, 0x0E, 0x0C, 0x06, 0x1C, 0x06, 0x18, 0x06, 0x30, 0x07, 0x70, 0x03, 0x60,
    0x03, 0xC0, 0x03, 0xC0, 0x03, 0x80, 0x03, 0x00, 0x07, 0x00, 0x7E, 0x00, 0x7C, 0x00, 0x10, 0x00,
    0x00, 0x03, 0x07, 0x30, 0x67, 0x06, 0x60, 0x66, 0x06, 0x60, 0xE6, 0x0C, 0xE0, 0xCC, 0x0C, 0xFF,
    0xCF, 0xFC, 0x1C, 0x01, 0x80, 0x18, 0x00, 0x06, 0x00, 0x06, 0x00, 0x06, 0x00, 0xFF, 0xE0, 0x7F,
    0xE0, 0x0C, 0x00, 0x0F, 0xF0, 0x0F, 0xFC, 0x1C, 0x0E, 0x18, 0x06, 0x18, 0x06, 0x18, 0x06, 0x18,
    0x0E, 0x38, 0x0C, 0x3F, 0xFC, 0x3F, 0xF0, 0x0E, 0x00, 0xC0, 0x0C, 0x00, 0xC0, 0x7F, 0xC7, 0xFC,
    0x18, 0x01, 0x80, 0x1F, 0x81, 0xFE, 0x38, 0x73, 0x03, 0x30, 0x33, 0x07, 0x3F, 0xE7, 0xFC, 0x07,
    0xFF, 0xF0, 0xFF, 0xFE, 0x07, 0x00, 0xC0, 0x30, 0x38, 0x01, 0x87, 0x00, 0x1C, 0xE0, 0x00, 0xFC,
    0x00, 0x3F, 0xE0, 0x07, 0xFF, 0x00, 0xE6, 0x38, 0x18, 0x61, 0x83, 0x86, 0x1C, 0x30, 0x61, 0xC6,
    0x0E, 0x0C, 0xE0, 0xC0, 0xC0, 0x00, 0x00, 0x3F, 0xFC, 0x30, 0x30, 0x70, 0xC0, 0x63, 0x00, 0x7C,
    0x03, 0xFC, 0x0F, 0xFC, 0x39, 0x98, 0xE7, 0x39, 0x8C, 0x37, 0x18, 0x60, 0x03, 0xF8, 0x07, 0xFF,
    0x07, 0x03, 0xC7, 0x00, 0xE7, 0x00, 0x33, 0x00, 0x1D, 0xFF, 0xFF, 0xFF, 0xFF, 0xFF, 0xFF, 0x70,
    0x01, 0xB8, 0x01, 0xCC, 0x01, 0xC7, 0x01, 0xC1, 0xFF, 0xC0, 0x7F, 0xC0, 0x00, 0x00, 0x00, 0x01,
    0xFC, 0x3F, 0xE7, 0x06, 0xE0, 0x7F, 0xFF, 0xFF, 0xFC, 0x07, 0xC0, 0x6E, 0x0E, 0x7F, 0xC3, 0xF8,
    0x00, 0x00, 0xC0, 0x0E, 0xC0, 0x1E, 0xE0, 0x38, 0x60, 0x70, 0x60, 0x60, 0x60, 0xE0, 0x70, 0xC0,
    0x71, 0xC0, 0x31, 0x80, 0x33, 0x00, 0x37, 0x00, 0x3E, 0x00, 0x3E, 0x00, 0x1C, 0x00, 0x1C, 0x00,
    0x00, 0x06, 0x03, 0xB8, 0x3C, 0xC3, 0x86, 0x18, 0x31, 0xC1, 0xCC, 0x06, 0xE0, 0x36, 0x01, 0xE0,
    0x0F, 0x00, 0x30, 0x00, 0x01, 0x0C, 0x01, 0x9C, 0x01, 0xF8, 0x00, 0x60, 0x18, 0x03, 0x18, 0x07,
    0x18, 0x0F, 0x38, 0x1E, 0x30, 0x3E, 0x30, 0x76, 0x30, 0xE6, 0x31, 0xCE, 0x73, 0x8C, 0x67, 0x0C,
    0x6E, 0x0C, 0x7C, 0x0C, 0x78, 0x1C, 0xF0, 0x1E, 0xE0, 0x1E, 0x00, 0x0E, 0x00, 0x0C, 0x00, 0x1C,
    0x00, 0x18, 0x04, 0x20, 0x33, 0x01, 0xF8, 0x03, 0x00, 0x00, 0x18, 0x1C, 0xC1, 0xEE, 0x1E, 0x61,
    0xF3, 0x1D, 0x99, 0xDC, 0xDC, 0xEF, 0xC6, 0x7C, 0x33, 0x81, 0xD8, 0x1E, 0x00, 0x30, 0x03, 0x00,
    0x18, 0x0C, 0x00, 0x70, 0x01, 0xC0, 0x1F, 0xF0, 0x7F, 0x80, 0x60, 0x03, 0xFE, 0x0F, 0xFE, 0x30,
    0x38, 0xC0, 0x73, 0x00, 0xDC, 0x07, 0x70, 0x1D, 0x80, 0xE7, 0xFF, 0x1F, 0xF8, 0x00, 0x07, 0x03,
    0xFC, 0x7F, 0x83, 0x00, 0x7F, 0x9C, 0x73, 0x07, 0x60, 0xEC, 0x19, 0xFF, 0x7F, 0xC0, 0x1F, 0xF0,
    0x7F, 0xE1, 0x81, 0xCE, 0x03, 0x30, 0x0C, 0xC6, 0x33, 0x18, 0xCC, 0x36, 0x70, 0xF9, 0xFF, 0xC7,
    0xFF, 0x18, 0x0C, 0x60, 0x33, 0x80, 0x0C, 0x00, 0x00, 0x00, 0x00, 0x7F, 0xC1, 0xFF, 0x8F, 0x06,
    0x38, 0x1C, 0xC0, 0x33, 0x01, 0xCC, 0x27, 0x70, 0xD9, 0xE3, 0xE7, 0xFF, 0x1B, 0xFC, 0x60, 0x33,
    0x80, 0x0C, 0x00, 0x30, 0x00, 0x00, 0x00, 0x00, 0x1C, 0x00, 0x60, 0x01, 0x87, 0xFE, 0x1F, 0xF8,
    0x60, 0x03, 0x80, 0x0C, 0x00, 0x30, 0x00, 0xC0, 0x03, 0x00, 0x1C, 0x00, 0x60, 0x01, 0x80, 0x06,
    0x00, 0x18, 0x00, 0xE0, 0x03, 0x00, 0x00, 0x00, 0xC0, 0x30, 0x0C, 0xFF, 0x3F, 0x9C, 0x06, 0x01,
    0x80, 0x60, 0x18, 0x0E, 0x03, 0x00, 0xC0, 0x30, 0x00, 0x07, 0xFE, 0x1F, 0xF8, 0x30, 0x00, 0x60,
    0x00, 0xC0, 0x03, 0x80, 0x07, 0x00, 0x3F, 0xF0, 0xFF, 0xE0, 0x30, 0x00, 0xE0, 0x01, 0xC0, 0x03,
    0x00, 0x06, 0x00, 0x0C, 0x00, 0x00, 0x00, 0x01, 0xFF, 0x1F, 0xE1, 0x80, 0x38, 0x03, 0x00, 0x7F,
    0x87, 0xF8, 0x30, 0x07, 0x00, 0x60, 0x06, 0x00, 0x1F, 0xF8, 0x7F, 0xE1, 0x80, 0x0E, 0x00, 0x30,
    0x00, 0xC0, 0x03, 0x38, 0x0F, 0xF8, 0x7C, 0x71, 0x80, 0xC6, 0x03, 0x98, 0x0E, 0x60, 0x33, 0x80,
    0xCC, 0x07, 0x00, 0x38, 0x0F, 0xC0, 0x3E, 0x00, 0x00, 0x00, 0x00, 0x07, 0xF8, 0xFF, 0x38, 0x06,
    0x00, 0xC0, 0x1F, 0xE3, 0xFE, 0xE0, 0xD8, 0x1B, 0x03, 0x60, 0x60, 0x0C, 0x03, 0x87, 0xE1, 0xF8,
    0x18, 0x00, 0x0C, 0x0C, 0x06, 0x0C, 0x0C, 0x0E, 0x0E, 0x0C, 0x1C, 0x06, 0x0C, 0x38, 0x07, 0x0C,
    0x70, 0x03, 0x1C, 0x60, 0x03, 0x9D, 0xC0, 0x03, 0xFF, 0xC0, 0x03, 0xFF, 0xC0, 0x06, 0x18, 0xC0,
    0x0E, 0x38, 0xE0, 0x1C, 0x30, 0x60, 0x38, 0x30, 0x70, 0x70, 0x30, 0x3C, 0xE0, 0x30, 0x3C, 0x00,
    0x00, 0x0C, 0x00, 0x00, 0x0C, 0x00, 0x00, 0x1C, 0x00, 0x00, 0x08, 0x00, 0x00, 0x03, 0x06, 0x1C,
    0x61, 0xC7, 0x06, 0x31, 0xC0, 0xC6, 0x30, 0x0F, 0xFC, 0x01, 0xFF, 0x80, 0x77, 0x70, 0x1C, 0xC6,
    0x07, 0x18, 0x61, 0xC3, 0x0F, 0x70, 0x61, 0xE0, 0x00, 0x0C, 0x00, 0x01, 0x80, 0x00, 0x30, 0x07,
    0xE0, 0x7F, 0xE1, 0x81, 0x80, 0x07, 0x00, 0x1C, 0x00, 0x60, 0x7F, 0x83, 0xF8, 0x00, 0x70, 0x00,
    0xE0, 0x01, 0x80, 0x0E, 0xC0, 0x33, 0xFF, 0xC7, 0xFC, 0x01, 0x80, 0x06, 0x00, 0x18, 0x00, 0x40,
    0x00, 0x02, 0x03, 0xF8, 0x7F, 0x80, 0x30, 0x06, 0x1F, 0x83, 0xF0, 0x06, 0x00, 0xE0, 0x1D, 0xFF,
    0x3F, 0xC0, 0xC0, 0x18, 0x03, 0x00, 0x18, 0x0E, 0x30, 0x38, 0x60, 0x61, 0xC1, 0x83, 0x06, 0x06,
    0x18, 0x0C, 0xE0, 0x1F, 0xC0, 0x7F, 0x80, 0xC3, 0x01, 0x83, 0x03, 0x07, 0x06, 0x06, 0x1C, 0x0F,
    0xB0, 0x0F, 0x00, 0x0E, 0x00, 0x18, 0x00, 0x30, 0x00, 0x60, 0x00, 0x03, 0x07, 0x30, 0xE7, 0x1C,
    0x63, 0x87, 0xF0, 0x7E, 0x06, 0x60, 0xE3, 0x0C, 0x38, 0xC1, 0xEC, 0x1E, 0x00, 0x60, 0x06, 0x00,
    0x60, 0x18, 0x06, 0x18, 0x0E, 0x18, 0x1C, 0x3A, 0x38, 0x36, 0x70, 0x36, 0xE0, 0x37, 0xC0, 0x3F,
    0x80, 0x7F, 0xC0, 0x6C, 0xC0, 0x6C, 0xE0, 0x6C, 0x60, 0x60, 0x70, 0xE0, 0x30, 0xC0, 0x38, 0x00,
    0x00, 0xC1, 0xC6, 0x1C, 0x7D, 0xC3, 0x7C, 0x1F, 0xC0, 0xFC, 0x0F, 0xF0, 0x7D, 0x83, 0x6E, 0x18,
    0x30, 0xC1, 0xC0, 0x0C, 0x07, 0x1C, 0x0E, 0xFF, 0x9C, 0xFF, 0x38, 0x18, 0x70, 0x18, 0xE0, 0x39,
    0xC0, 0x3F, 0x80, 0x3F, 0xC0, 0x30, 0xC0, 0x30, 0xE0, 0x70, 0x60, 0x70, 0x70, 0x60, 0x38, 0x60,
    0x18, 0x18, 0x01, 0x80, 0xFF, 0x0F, 0xE0, 0x30, 0x03, 0x07, 0x30, 0xE7, 0x1C, 0x63, 0x87, 0xF0,
    0x7E, 0x06, 0x60, 0xE3, 0x0C, 0x38, 0xC1, 0x8C, 0x1C, 0x7F, 0x01, 0xDF, 0x80, 0xE0, 0x60, 0x70,
    0x18, 0x38, 0x0E, 0x0C, 0x03, 0x86, 0x00, 0xC3, 0x00, 0x3F, 0xC0, 0x0F, 0xF0, 0x07, 0x0C, 0x01,
    0xC3, 0x80, 0x60, 0x70, 0x18, 0x1C, 0x06, 0x03, 0x83, 0x80, 0xE0, 0x00, 0x00, 0xF8, 0x39, 0xF0,
    0xE0, 0x63, 0x81, 0xCE, 0x03, 0xF8, 0x07, 0xE0, 0x0C, 0xE0, 0x18, 0xC0, 0x71, 0xC0, 0xE1, 0xC1,
    0x81, 0x80, 0x18, 0x03, 0x18, 0x07, 0x38, 0x07, 0x38, 0x06, 0x30, 0x06, 0x30, 0x06, 0x3F, 0xFE,
    0x7F, 0xFE, 0x7F, 0xFC, 0x60, 0x0C, 0x60, 0x0C, 0x60, 0x1C, 0xE0, 0x1C, 0xE0, 0x1E, 0xC0, 0x1E,
    0x00, 0x06, 0x00, 0x06, 0x00, 0x06, 0x00, 0x04, 0x00, 0x01, 0x81, 0x8C, 0x0C, 0xE0, 0x66, 0x03,
    0x3F, 0xF9, 0xFF, 0x8F, 0xFC, 0xE0, 0x66, 0x03, 0x30, 0x3D, 0x81, 0xE0, 0x03, 0x00, 0x18, 0x00,
    0x80, 0x18, 0x03, 0xFF, 0x18, 0x07, 0xFE, 0x38, 0x07, 0x00, 0x38, 0x06, 0x00, 0x30, 0x06, 0x00,
    0x30, 0x06, 0x00, 0x3F, 0xFE, 0x00, 0x7F, 0xFE, 0x00, 0x7F, 0xFC, 0x00, 0x60, 0x0C, 0x00, 0x60,
    0x0C, 0x00, 0x60, 0x1C, 0x00, 0xE0, 0x1C, 0x00, 0xE0, 0x18, 0x00, 0xC0, 0x18, 0x00, 0x00, 0x00,
    0x06, 0x07, 0xFC, 0xC0, 0xFF, 0x38, 0x18, 0x06, 0x03, 0x00, 0xFF, 0xE0, 0x1F, 0xF8, 0x03, 0xFF,
    0x00, 0xE0, 0x60, 0x18, 0x0C, 0x03, 0x03, 0x80, 0x60, 0x60, 0x00, 0x1F, 0xFF, 0x00, 0x1F, 0xFF,
    0x00, 0x38, 0x07, 0x00, 0x38, 0x06, 0x00, 0x30, 0x06, 0x00, 0x30, 0x06, 0x00, 0x30, 0x0E, 0xF0,
    0x70, 0x0F, 0xFC, 0x70, 0x0E, 0x1C, 0x60, 0x0C, 0x0E, 0x60, 0x0C, 0x06, 0x60, 0x1C, 0x06, 0xE0,
    0x1C, 0x06, 0xE0, 0x18, 0x06, 0xC0, 0x18, 0x0E, 0x00, 0x00, 0x1C, 0x00, 0x01, 0xF8, 0x00, 0x01,
    0xF0, 0x00, 0x00, 0x00, 0x00, 0x00, 0x01, 0xFF, 0x80, 0x1F, 0xF8, 0x03, 0x83, 0x80, 0x30, 0x30,
    0x03, 0x03, 0x00, 0x30, 0x3F, 0x87, 0x03, 0xFC, 0x70, 0x70, 0xE6, 0x06, 0x06, 0x60, 0x60, 0x66,
    0x06, 0x06, 0x00, 0x00, 0x60, 0x00, 0x0C, 0x00, 0x1F, 0xC0, 0x01, 0xF8, 0x00, 0x04, 0x00, 0x06,
    0x3F, 0x03, 0xCF, 0xF0, 0x63, 0x87, 0x18, 0xE0, 0x67, 0x18, 0x0E, 0xC3, 0x01, 0xF8, 0x60, 0x3F,
    0x1C, 0x06, 0xE3, 0x80, 0xDC, 0x30, 0x39, 0x86, 0x06, 0x30, 0xE1, 0x87, 0x0E, 0xE0, 0x7C, 0xF9,
    0x03, 0xFF, 0xF0, 0x00, 0x00, 0x00, 0x20, 0x73, 0xF1, 0xCE, 0x73, 0x38, 0x7E, 0x60, 0x78, 0xC0,
    0xF1, 0x81, 0xE3, 0x06, 0xC7, 0x1D, 0xC6, 0x71, 0xEF, 0xD1, 0xFF, 0xF0, 0x00, 0x00, 0x03, 0xF8,
    0x1F, 0xF8, 0x70, 0x39, 0xC0, 0x07, 0x00, 0x0C, 0x00, 0x18, 0x00, 0x70, 0x00, 0xC0, 0x01, 0x80,
    0x03, 0x80, 0x03, 0x00, 0x07, 0x01, 0x87, 0xFF, 0x07, 0xFC, 0x01, 0x80, 0x07, 0x00, 0x0C, 0x00,
    0x18, 0x00, 0x00, 0x03, 0xF8, 0xFF, 0xB8, 0x3E, 0x01, 0x80, 0x30, 0x06, 0x00, 0xC0, 0x1C, 0x19,
    0xFF, 0x1F, 0xC0, 0xC0, 0x18, 0x03, 0x00, 0x7F, 0xFB, 0xFF, 0xC1, 0xC0, 0x0C, 0x00, 0x60, 0x03,
    0x00, 0x18, 0x01, 0xC0, 0x0C, 0x00, 0x60, 0x03, 0x00, 0x18, 0x01, 0xC0, 0x0F, 0x80, 0x7C, 0x00,
    0xC0, 0x06, 0x00, 0x30, 0x01, 0x80, 0x00, 0x0F, 0xFD, 0xFF, 0x87, 0x00, 0xC0, 0x18, 0x03, 0x00,
    0x60, 0x1C, 0x03, 0x00, 0x78, 0x0F, 0x00, 0x60, 0x18, 0x03, 0x00, 0xC0, 0x1B, 0x00, 0xE6, 0x07,
    0x18, 0x18, 0x70, 0xC0, 0xC7, 0x03, 0xB8, 0x07, 0xC0, 0x1E, 0x00, 0x70, 0x01, 0xC0, 0x07, 0x00,
    0x18, 0x00, 0x60, 0x01, 0x80, 0x00, 0x00, 0x0C, 0x07, 0xE0, 0x66, 0x0C, 0x61, 0xC6, 0x18, 0x73,
    0x83, 0x30, 0x36, 0x03, 0xE0, 0x3C, 0x03, 0x80, 0x18, 0x03, 0x80, 0x30, 0x03, 0x00, 0x00, 0x00,
    0xC0, 0x1B, 0x00, 0xE6, 0x07, 0x18, 0x18, 0x70, 0xC0, 0xC7, 0x03, 0xB8, 0x07, 0xC0, 0x1E, 0x03,
    0xFE, 0x0F, 0xF8, 0x07, 0x00, 0x18, 0x00, 0x60, 0x01, 0x80, 0x00, 0x00, 0x03, 0x01, 0xDC, 0x0C,
    0x60, 0xC3, 0x0E, 0x18, 0x60, 0xE7, 0x03, 0x30, 0x1B, 0x00, 0xF8, 0x07, 0x81, 0xFF, 0x8F, 0xF8,
    0x0E, 0x00, 0x60, 0x03, 0x00, 0x00, 0x00, 0x0C, 0x07, 0x0C, 0x0E, 0x0E, 0x1C, 0x06, 0x38, 0x07,
    0x70, 0x03, 0xE0, 0x03, 0xC0, 0x01, 0xC0, 0x03, 0xC0, 0x07, 0xE0, 0x0E, 0x60, 0x1C, 0x70, 0x38,
    0x30, 0x70, 0x3E, 0xE0, 0x1E, 0x00, 0x0C, 0x00, 0x0C, 0x00, 0x0C, 0x00, 0x0C, 0x00, 0x00, 0xC1,
    0xC7, 0x1C, 0x19, 0xC0, 0xFC, 0x03, 0xC0, 0x1C, 0x01, 0xE0, 0x1D, 0x81, 0xCE, 0x1C, 0x3D, 0xC1,
    0xE0, 0x03, 0x00, 0x18, 0x00, 0xC0, 0x7F, 0xF8, 0xCF, 0xFF, 0x18, 0x1C, 0x03, 0x03, 0x80, 0x60,
    0x60, 0x1C, 0x0C, 0x03, 0x81, 0x80, 0x60, 0x70, 0x0C, 0x0E, 0x01, 0x81, 0x80, 0x70, 0x30, 0x0E,
    0x06, 0x01, 0x81, 0xC0, 0x30, 0x3F, 0xFF, 0x87, 0xFF, 0xF0, 0x00, 0x06, 0x00, 0x01, 0xC0, 0x00,
    0x30, 0x00, 0x06, 0x00, 0x00, 0x00, 0xFF, 0xCD, 0xFF, 0x38, 0x70, 0x60, 0xC0, 0xC1, 0x81, 0x83,
    0x03, 0x06, 0x0E, 0x1C, 0x18, 0x30, 0x30, 0x7F, 0xF0, 0xFF, 0xE0, 0x00, 0xC0, 0x01, 0x80, 0x03,
    0x00, 0x30, 0x0D, 0xC0, 0x37, 0x01, 0xD8, 0x06, 0x60, 0x19, 0x80, 0x66, 0x01, 0x9C, 0x0E, 0x7F,
    0xF0, 0xFF, 0xC0, 0x03, 0x00, 0x0C, 0x00, 0x70, 0x01, 0xE0, 0x07, 0xC0, 0x06, 0x00, 0x18, 0x00,
    0x60, 0x01, 0x80, 0x00, 0x03, 0x03, 0x70, 0x76, 0x06, 0x60, 0x66, 0x06, 0x71, 0xE3, 0xFE, 0x0C,
    0xC0, 0x0C, 0x00, 0xE0, 0x0F, 0x00, 0x60, 0x06, 0x00, 0x60, 0x30, 0x0D, 0xC0, 0x37, 0x01, 0xD8,
    0x06, 0x60, 0x19, 0x8C, 0x66, 0x21, 0x9D, 0x8E, 0x7F, 0xF0, 0xFF, 0xC0, 0x63, 0x01, 0x0C, 0x0C,
    0x70, 0x01, 0x80, 0x06, 0x00, 0x00, 0x03, 0x03, 0x70, 0x76, 0x06, 0x62, 0x66, 0x66, 0x77, 0xE3,
    0xFE, 0x0E, 0xC0, 0xCC, 0x0C, 0xC0, 0x0C, 0x18, 0x00, 0x60, 0x01, 0x80, 0x0E, 0x00, 0x30, 0x00,
    0xDF, 0x83, 0xFF, 0x8E, 0x0E, 0x70, 0x19, 0x80, 0x66, 0x01, 0x98, 0x06, 0x60, 0x1B, 0x80, 0xEC,
    0x03, 0x00, 0x18, 0x01, 0x80, 0x38, 0x03, 0x00, 0x30, 0x03, 0xFE, 0x3F, 0xE7, 0x07, 0x70, 0x36,
    0x03, 0x60, 0x76, 0x06, 0xE0, 0x6C, 0x06, 0xC0, 0x6C, 0x0E, 0x00, 0x7F, 0x00, 0x1F, 0xF8, 0x03,
    0xC1, 0xC6, 0x70, 0x0E, 0xE6, 0x00, 0x6C, 0xE0, 0x06, 0xEC, 0x00, 0x67, 0xFF, 0xFE, 0x3F, 0xFF,
    0xE0, 0xC0, 0x00, 0x0C, 0x00, 0x00, 0xE0, 0x00, 0x07, 0x03, 0x80, 0x7F, 0xF8, 0x01, 0xFE, 0x00,
    0x00, 0x00, 0x00, 0x00, 0x07, 0xF0, 0x1F, 0xF3, 0x70, 0x36, 0xC0, 0x6F, 0xFF, 0xDF, 0xFF, 0x8E,
    0x00, 0x1C, 0x00, 0x18, 0x10, 0x3F, 0xF0, 0x3F, 0xC0, 0x00, 0x00, 0x00, 0x7F, 0x00, 0x1F, 0xF8,
    0x03, 0xC1, 0xC6, 0x70, 0x0E, 0xE6, 0x00, 0x6C, 0xE0, 0x06, 0xEC, 0x00, 0x67, 0xFF, 0xFE, 0x3F,
    0xFF, 0xE0, 0xC0, 0x00, 0x0C, 0x00, 0x00, 0xE0, 0x00, 0x07, 0x03, 0x80, 0x7F, 0xF8, 0x01, 0xFE,
    0x00, 0x06, 0x00, 0x00, 0x60, 0x00, 0x06, 0x00, 0x00, 0x40, 0x00, 0x00, 0x00, 0x07, 0xF0, 0x1F,
    0xF3, 0x70, 0x36, 0xC0, 0x6F, 0xFF, 0xDF, 0xFF, 0x8E, 0x00, 0x1C, 0x00, 0x18, 0x10, 0x3F, 0xF0,
    0x3F, 0xC0, 0x1C, 0x00, 0x30, 0x00, 0x60, 0x00, 0x18, 0xC6, 0x73, 0x18, 0xC6, 0x73, 0x18, 0xC6,
    0x73, 0x00, 0x00, 0x10, 0xC0, 0x00, 0x19, 0xC0, 0x00, 0x1F, 0x80, 0x00, 0x06, 0x00, 0x0C, 0x0C,
    0x06, 0x0C, 0x0C, 0x0E, 0x0E, 0x0C, 0x1C, 0x06, 0x0C, 0x38, 0x07, 0x0C, 0x70, 0x03, 0x1C, 0x60,
    0x03, 0x9D, 0xC0, 0x03, 0xFF, 0xC0, 0x03, 0xFF, 0xC0, 0x06, 0x18, 0xC0, 0x0E, 0x38, 0xE0, 0x1C,
    0x30, 0x60, 0x38, 0x30, 0x70, 0x70, 0x30, 0x30, 0xE0, 0x30, 0x38, 0x00, 0xC2, 0x00, 0x18, 0xC0,
    0x03, 0xF0, 0x00, 0x1C, 0x00, 0x00, 0x00, 0x30, 0x61, 0xC6, 0x1C, 0x70, 0x63, 0x1C, 0x0C, 0x63,
    0x00, 0xFF, 0xC0, 0x1F, 0xF8, 0x07, 0x77, 0x01, 0xCC, 0x60, 0x71, 0x86, 0x1C, 0x30, 0xE7, 0x06,
    0x1C, 0x18, 0x0E, 0x30, 0x38, 0x60, 0x61, 0xC1, 0x83, 0x06, 0x06, 0x18, 0x0C, 0xE0, 0x1F, 0xC0,
    0x7F, 0x80, 0xC3, 0x81, 0x83, 0x83, 0x03, 0x06, 0x07, 0x1C, 0x06, 0x30, 0x0C, 0x00, 0x18, 0x00,
    0x30, 0x07, 0xE0, 0x0F, 0x80, 0x0C, 0x00, 0x00, 0x03, 0x07, 0x30, 0xE7, 0x1C, 0x63, 0x87, 0xF0,
    0x7E, 0x06, 0x70, 0xE3, 0x0C, 0x18, 0xC1, 0x8C, 0x1C, 0x00, 0xC0, 0x1C, 0x0F, 0x81, 0xF0, 0x04,
    0x00, 0x03, 0xFF, 0x81, 0xFF, 0xC0, 0xC0, 0x60, 0x60, 0x70, 0x30, 0x30, 0x30, 0x18, 0x18, 0x0C,
    0x0C, 0x06, 0x06, 0x07, 0x06, 0x03, 0x03, 0x01, 0x83, 0x80, 0xC1, 0x80, 0xE7, 0xC0, 0x7B, 0xC0,
    0x3C, 0x00, 0x06, 0x00, 0x06, 0x00, 0x03, 0x00, 0x01, 0x00, 0x00, 0x00, 0x1F, 0xF0, 0xFF, 0x83,
    0x06, 0x0C, 0x18, 0x30, 0xE1, 0xC3, 0x86, 0x0C, 0x18, 0x30, 0xC0, 0xCF, 0x07, 0xB8, 0x1E, 0x00,
    0x18, 0x00, 0xC0, 0x03, 0x00, 0x18, 0x03, 0x18, 0x07, 0x18, 0x06, 0x38, 0x06, 0x30, 0x06, 0x30,
    0x06, 0x30, 0x0E, 0x3F, 0xFC, 0x7F, 0xFC, 0x60, 0x0C, 0x60, 0x0C, 0x60, 0x1C, 0x60, 0x18, 0xE0,
    0x18, 0xC0, 0x18, 0x00, 0x18, 0x00, 0x38, 0x03, 0x70, 0x03, 0xE0, 0x00, 0x80, 0x00, 0x01, 0x81,
    0xCC, 0x0C, 0xE0, 0x66, 0x03, 0x3F, 0xF9, 0xFF, 0xCF, 0xFC, 0xE0, 0x66, 0x03, 0x30, 0x19, 0x81,
    0xC0, 0x0C, 0x00, 0x60, 0x3F, 0x01, 0xF0, 0x02, 0x00, 0x18, 0x03, 0x18, 0x07, 0x18, 0x07, 0x38,
    0x06, 0x30, 0x06, 0x30, 0x06, 0x3F, 0xFE, 0x3F, 0xFE, 0x7F, 0xFC, 0x60, 0x0C, 0x60, 0x0C, 0x60,
    0x1C, 0x60, 0x1C, 0xE0, 0x1E, 0xC0, 0x1E, 0x00, 0x0C, 0x00, 0x0C, 0x00, 0x18, 0x00, 0x18, 0x00,
    0x01, 0x81, 0x8C, 0x0C, 0xE0, 0x66, 0x03, 0x3F, 0xF9, 0xFF, 0x8F, 0xFC, 0xE0, 0x66, 0x03, 0x30,
    0x3D, 0x81, 0xE0, 0x06, 0x00, 0x30, 0x01, 0x00, 0x30, 0x0D, 0xC0, 0x76, 0x01, 0xD8, 0x06, 0x60,
    0x19, 0x80, 0x66, 0x03, 0x9C, 0x1E, 0x7F, 0xF0, 0x7E, 0xC0, 0x03, 0x00, 0x1C, 0x00, 0x70, 0x07,
    0x80, 0x3E, 0x00, 0xC0, 0x03, 0x00, 0x0C, 0x00, 0x30, 0x00, 0x00, 0x03, 0x03, 0x70, 0x76, 0x06,
    0x60, 0x66, 0x06, 0x7F, 0xE3, 0xFE, 0x00, 0xC0, 0x0C, 0x03, 0xC0, 0x3C, 0x07, 0x00, 0x60, 0x06,
    0x00, 0x18, 0x00, 0x63, 0x00, 0x1C, 0x70, 0x07, 0x9E, 0x01, 0xE3, 0xE0, 0x3C, 0x6C, 0x0D, 0x8D,
    0x83, 0x71, 0x98, 0xEE, 0x73, 0x39, 0x8C, 0x76, 0x31, 0x87, 0x86, 0x30, 0xF1, 0xC6, 0x0C, 0x39,
    0xC0, 0x07, 0xB0, 0x00, 0xF0, 0x00, 0x0E, 0x00, 0x01, 0x80, 0x00, 0x60, 0x00, 0x0C, 0x00, 0x00,
    0x00, 0x60, 0x1C, 0xE0, 0x7B, 0xC0, 0xE7, 0x83, 0xCD, 0x8D, 0x9B, 0x3B, 0x37, 0xE6, 0xC7, 0x99,
    0x8E, 0x33, 0x08, 0x7E, 0x00, 0xF0, 0x00, 0xC0, 0x03, 0x80, 0x06, 0x00, 0x18, 0xCE, 0x63, 0x18,
    0xCE, 0x63, 0x18, 0xCE, 0x63, 0x18, 0x00, 0x86, 0x00, 0xC6, 0x00, 0xFC, 0x00, 0x30, 0x00, 0x70,
    0x00, 0x70, 0x00, 0xF0, 0x01, 0xF8, 0x01, 0x98, 0x03, 0x18, 0x07, 0x18, 0x06, 0x1C, 0x0E, 0x0C,
    0x1F, 0xFC, 0x1F, 0xFC, 0x38, 0x0E, 0x70, 0x06, 0x60, 0x06, 0xE0, 0x06, 0x04, 0x20, 0x23, 0x01,
    0xF8, 0x07, 0x00, 0x00, 0x0F, 0xFC, 0xFF, 0xEE, 0x0E, 0xE0, 0x76, 0x01, 0xB0, 0x0D, 0x80, 0xEC,
    0x06, 0x70, 0x71, 0xFF, 0x87, 0xEC, 0x00, 0x00, 0x00, 0x00, 0x00, 0xCC, 0x00, 0xCC, 0x00, 0x00,
    0x00, 0x70, 0x00, 0x70, 0x00, 0xF0, 0x01, 0xF8, 0x01, 0x98, 0x03, 0x18, 0x07, 0x18, 0x06, 0x1C,
    0x0E, 0x0C, 0x1F, 0xFC, 0x1F, 0xFC, 0x38, 0x0E, 0x70, 0x06, 0x60, 0x06, 0xE0, 0x06, 0x00, 0x00,
    0x33, 0x01, 0x98, 0x00, 0x00, 0x00, 0x0F, 0xFC, 0xFF, 0xEE, 0x0E, 0xE0, 0x76, 0x01, 0xB0, 0x0D,
    0x80, 0xEC, 0x06, 0x70, 0x71, 0xFF, 0x87, 0xEC, 0x00, 0x00, 0x00, 0x1F, 0xFE, 0x00, 0x1F, 0xFE,
    0x00, 0x3E, 0x00, 0x00, 0x6C, 0x00, 0x00, 0xEC, 0x00, 0x01, 0xCC, 0x00, 0x03, 0x9F, 0xF0, 0x03,
    0x1F, 0xF8, 0x06, 0x1F, 0xF8, 0x0F, 0xF8, 0x00, 0x1F, 0xF8, 0x00, 0x38, 0x38, 0x00, 0x30, 0x38,
    0x00, 0x60, 0x3F, 0xF8, 0xE0, 0x3F, 0xF8, 0x00, 0x00, 0x01, 0xFC, 0xFC, 0x3F, 0xFF, 0xE2, 0x07,
    0x07, 0x00, 0x60, 0x30, 0xFF, 0xFF, 0x3F, 0xFF, 0xF7, 0x0E, 0x00, 0xE0, 0xE0, 0x0E, 0x1E, 0x04,
    0x77, 0xBF, 0xE7, 0xF1, 0xFC, 0x00, 0x00, 0x00, 0x02, 0x18, 0x18, 0xC0, 0x3F, 0x00, 0x30, 0x1F,
    0xFC, 0x7F, 0xF3, 0x80, 0x0E, 0x00, 0x30, 0x00, 0xC0, 0x03, 0xFE, 0x1F, 0xF8, 0x7F, 0xE1, 0x80,
    0x06, 0x00, 0x18, 0x00, 0xE0, 0x03, 0xFF, 0x8F, 0xFE, 0x00, 0x08, 0x61, 0x8C, 0x3F, 0x01, 0x80,
    0x00, 0x3F, 0x0F, 0xF3, 0x03, 0xE0, 0x7F, 0xFF, 0xFF, 0xE0, 0x0C, 0x01, 0xC1, 0x1F, 0xF1, 0xFC,
    0x00, 0x00, 0x07, 0xF0, 0x1F, 0xFC, 0x1C, 0x1E, 0x00, 0x06, 0x00, 0x07, 0x00, 0x07, 0x00, 0x07,
    0xFF, 0xFF, 0xFF, 0xFE, 0xC0, 0x06, 0xC0, 0x0E, 0xE0, 0x1C, 0x70, 0x38, 0x7F, 0xF0, 0x1F, 0xE0,
    0x00, 0x00, 0x00, 0x01, 0xFC, 0x3F, 0xE3, 0x07, 0x00, 0x30, 0x03, 0x7F, 0xF7, 0xFF, 0x60, 0x76,
    0x0E, 0x7F, 0xC3, 0xF8, 0x00, 0x00, 0x00, 0x00, 0x01, 0x98, 0x01, 0x98, 0x00, 0x00, 0x07, 0xF0,
    0x1F, 0xFC, 0x1C, 0x1E, 0x00, 0x06, 0x00, 0x07, 0x00, 0x07, 0x00, 0x07, 0xFF, 0xFF, 0xFF, 0xFE,
    0xC0, 0x06, 0xC0, 0x0E, 0xE0, 0x1C, 0x70, 0x38, 0x7F, 0xF0, 0x1F, 0xE0, 0x00, 0x00, 0x00, 0x00,
    0x66, 0x06, 0x60, 0x00, 0x00, 0x01, 0xFC, 0x3F, 0xE3, 0x07, 0x00, 0x30, 0x03, 0x7F, 0xF7, 0xFF,
    0x60, 0x76, 0x0E, 0x7F, 0xC3, 0xF8, 0x00, 0x00, 0x00, 0x00, 0x00, 0x00, 0x19, 0x80, 0x00, 0x19,
    0x80, 0x00, 0x00, 0x00, 0x0C, 0x0C, 0x06, 0x0C, 0x0C, 0x0E, 0x0E, 0x0C, 0x1C, 0x06, 0x0C, 0x38,
    0x07, 0x0C, 0x70, 0x03, 0x1C, 0x60, 0x03, 0x9D, 0xC0, 0x03, 0xFF, 0xC0, 0x03, 0xFF, 0xC0, 0x06,
    0x18, 0xC0, 0x0E, 0x38, 0xE0, 0x1C, 0x30, 0x60, 0x38, 0x30, 0x70, 0x70, 0x30, 0x30, 0xE0, 0x30,
    0x38, 0x00, 0x00, 0x00, 0x1D, 0x80, 0x03, 0xB0, 0x00, 0x00, 0x00, 0x00, 0x00, 0x30, 0x61, 0xC6,
    0x1C, 0x70, 0x63, 0x1C, 0x0C, 0x63, 0x00, 0xFF, 0xC0, 0x1F, 0xF8, 0x07, 0x77, 0x01, 0xCC, 0x60,
    0x71, 0x86, 0x1C, 0x30, 0xE7, 0x06, 0x1C, 0x00, 0x00, 0x0E, 0xC0, 0x33, 0x00, 0x00, 0x07, 0xE0,
    0x7F, 0xE1, 0x81, 0x80, 0x07, 0x00, 0x1C, 0x00, 0x60, 0x7F, 0x83, 0xF8, 0x00, 0x70, 0x00, 0xE0,
    0x01, 0x80, 0x0E, 0xC0, 0x33, 0xFF, 0xC7, 0xFC, 0x00, 0x00, 0x00, 0x00, 0xDC, 0x1B, 0x80, 0x00,
    0x20, 0x3F, 0x87, 0xF8, 0x03, 0x00, 0x61, 0xF8, 0x3F, 0x00, 0x60, 0x0E, 0x01, 0xDF, 0xF3, 0xFC,
    0x00, 0x00, 0x0F, 0xFC, 0x3F, 0xF0, 0x03, 0x80, 0x1C, 0x00, 0xE0, 0x07, 0x00, 0x38, 0x00, 0xF8,
    0x00, 0x70, 0x00, 0xC0, 0x03, 0x00, 0x0C, 0x60, 0x71, 0xFF, 0x83, 0xFC, 0x00, 0x00, 0x00, 0x00,
    0xFF, 0xC7, 0xFC, 0x00, 0xC0, 0x0C, 0x00, 0xC0, 0x0E, 0x00, 0xF0, 0x07, 0xC0, 0x07, 0x00, 0x18,
    0x00, 0xC0, 0x06, 0x60, 0x73, 0xFF, 0x0F, 0xF0, 0x0C, 0x00, 0x03, 0xF8, 0x03, 0xF8, 0x00, 0x00,
    0x18, 0x03, 0x18, 0x07, 0x18, 0x0F, 0x38, 0x1E, 0x30, 0x3E, 0x30, 0x76, 0x30, 0xE6, 0x31, 0xCE,
    0x73, 0x8C, 0x67, 0x0C, 0x6E, 0x0C, 0x7C, 0x0C, 0x78, 0x1C, 0xF0, 0x18, 0xE0, 0x18, 0x0F, 0xE0,
    0x7F, 0x00, 0x00, 0x00, 0x03, 0x03, 0x98, 0x3D, 0xC3, 0xCC, 0x3E, 0x63, 0xB3, 0x3B, 0x9B, 0x9D,
    0xF8, 0xCF, 0x86, 0x70, 0x33, 0x03, 0x80, 0x00, 0x00, 0x01, 0x98, 0x01, 0x98, 0x00, 0x00, 0x18,
    0x03, 0x18, 0x07, 0x18, 0x0F, 0x38, 0x1E, 0x30, 0x3E, 0x30, 0x76, 0x30, 0xE6, 0x31, 0xCE, 0x73,
    0x8C, 0x67, 0x0C, 0x6E, 0x0C, 0x7C, 0x0C, 0x78, 0x1C, 0xF0, 0x18, 0xE0, 0x18, 0x00, 0x00, 0x33,
    0x01, 0x98, 0x00, 0x00, 0x00, 0x18, 0x1C, 0xC1, 0xEE, 0x1E, 0x61, 0xF3, 0x1D, 0x99, 0xDC, 0xDC,
    0xEF, 0xC6, 0x7C, 0x33, 0x81, 0x98, 0x1C, 0x00, 0x00, 0x00, 0xEC, 0x00, 0x76, 0x00, 0x00, 0x00,
    0x3F, 0x80, 0x7F, 0xF0, 0x70, 0x38, 0x70, 0x0E, 0x70, 0x03, 0x30, 0x01, 0xF8, 0x00, 0xFC, 0x00,
    0x7C, 0x00, 0x36, 0x00, 0x1B, 0x80, 0x1C, 0xC0, 0x1C, 0x70, 0x1C, 0x1F, 0xFC, 0x07, 0xFC, 0x00,
    0x00, 0x00, 0x00, 0x00, 0xEC, 0x0E, 0xC0, 0x00, 0x00, 0x01, 0xFC, 0x3F, 0xE7, 0x06, 0xE0, 0x7C,
    0x03, 0xC0, 0x3C, 0x07, 0xC0, 0x6E, 0x0E, 0x7F, 0xC3, 0xF8, 0x00, 0x00, 0x03, 0xF8, 0x07, 0xFF,
    0x07, 0x03, 0x87, 0x00, 0xE7, 0x00, 0x33, 0x00, 0x1F, 0xFF, 0xFF, 0xFF, 0xFF, 0xFF, 0xFF, 0x60,
    0x01, 0xB8, 0x01, 0xCC, 0x01, 0xC7, 0x01, 0xC1, 0xFF, 0xC0, 0x7F, 0xC0, 0x00, 0x00, 0x00, 0x01,
    0xFC, 0x3F, 0xE7, 0x06, 0xE0, 0x7F, 0xFF, 0xFF, 0xFC, 0x07, 0xC0, 0x6E, 0x0E, 0x7F, 0xC3, 0xF8,
    0x00, 0x00, 0x00, 0x00, 0x00, 0xEC, 0x00, 0x76, 0x00, 0x00, 0x00, 0x3F, 0x80, 0x7F, 0xF0, 0x70,
    0x38, 0x70, 0x0E, 0x70, 0x03, 0x30, 0x01, 0xFF, 0xFF, 0xFF, 0xFF, 0xFF, 0xFF, 0xF6, 0x00, 0x1B,
    0x80, 0x1C, 0xC0, 0x1C, 0x70, 0x1C, 0x1F, 0xFC, 0x07, 0xFC, 0x00, 0x00, 0x00, 0x00, 0x00, 0xEE,
    0x0E, 0xC0, 0x00, 0x00, 0x01, 0xFC, 0x3F, 0xE7, 0x06, 0xE0, 0x7F, 0xFF, 0xFF, 0xFC, 0x07, 0xC0,
    0x6E, 0x0E, 0x7F, 0xC3, 0xF8, 0x00, 0x00, 0x00, 0x00, 0x06, 0x60, 0x0C, 0xC0, 0x00, 0x00, 0xFE,
    0x03, 0xFF, 0x0E, 0x0E, 0x00, 0x0E, 0x00, 0x0C, 0x00, 0x18, 0x1F, 0xF8, 0x7F, 0xE0, 0x7F, 0xC0,
    0x03, 0x80, 0x06, 0x00, 0x1C, 0xC0, 0x71, 0xFF, 0xC1, 0xFE, 0x00, 0x00, 0x00, 0x00, 0x00, 0x3B,
    0x01, 0x98, 0x00, 0x00, 0x00, 0x0F, 0xE0, 0xF3, 0x82, 0x06, 0x00, 0x30, 0x3F, 0x83, 0xFC, 0x00,
    0x60, 0x07, 0x20, 0x71, 0xEF, 0x07, 0xF0, 0x00, 0x00, 0x03, 0xF8, 0x03, 0xF8, 0x00, 0x00, 0x30,
    0x03, 0x38, 0x06, 0x18, 0x0E, 0x18, 0x0C, 0x1C, 0x18, 0x0C, 0x30, 0x0C, 0x70, 0x0E, 0x60, 0x06,
    0xC0, 0x07, 0xC0, 0x07, 0x80, 0x07, 0x00, 0x06, 0x00, 0x7E, 0x00, 0x78, 0x00, 0x00, 0x00, 0x01,
    0xFC, 0x01, 0xFC, 0x00, 0x00, 0x00, 0x00, 0x0C, 0x07, 0x0C, 0x06, 0x0E, 0x0C, 0x06, 0x1C, 0x06,
    0x18, 0x06, 0x30, 0x07, 0x70, 0x03, 0x60, 0x03, 0xC0, 0x03, 0xC0, 0x03, 0x80, 0x03, 0x00, 0x07,
    0x00, 0x7E, 0x00, 0x7C, 0x00, 0x10, 0x00, 0x00, 0x00, 0x03, 0xB0, 0x03, 0xB0, 0x00, 0x00, 0x30,
    0x03, 0x38, 0x06, 0x18, 0x0E, 0x18, 0x0C, 0x1C, 0x18, 0x0C, 0x30, 0x0C, 0x70, 0x0E, 0x60, 0x06,
    0xC0, 0x07, 0xC0, 0x07, 0x80, 0x07, 0x00, 0x06, 0x00, 0x7E, 0x00, 0x78, 0x00, 0x00, 0x00, 0x00,
    0x00, 0x01, 0x98, 0x01, 0x98, 0x00, 0x00, 0x00, 0x00, 0x0C, 0x07, 0x0C, 0x06, 0x0E, 0x0C, 0x06,
    0x1C, 0x06, 0x18, 0x06, 0x30, 0x07, 0x70, 0x03, 0x60, 0x03, 0xC0, 0x03, 0xC0, 0x03, 0x80, 0x03,
    0x00, 0x07, 0x00, 0x7E, 0x00, 0x7C, 0x00, 0x10, 0x00, 0x00, 0x6C, 0x00, 0xDC, 0x01, 0xB8, 0x01,
    0x30, 0x30, 0x03, 0x38, 0x06, 0x18, 0x0E, 0x18, 0x0C, 0x1C, 0x18, 0x0C, 0x30, 0x0C, 0x70, 0x0E,
    0x60, 0x06, 0xC0, 0x07, 0xC0, 0x07, 0x80, 0x07, 0x00, 0x06, 0x00, 0x7E, 0x00, 0x78, 0x00, 0x00,
    0x00, 0x00, 0x36, 0x00, 0x6E, 0x00, 0xDC, 0x00, 0x90, 0x00, 0x00, 0x0C, 0x07, 0x0C, 0x06, 0x0E,
    0x0C, 0x06, 0x1C, 0x06, 0x18, 0x06, 0x30, 0x07, 0x70, 0x03, 0x60, 0x03, 0xC0, 0x03, 0xC0, 0x03,
    0x80, 0x03, 0x00, 0x07, 0x00, 0x7E, 0x00, 0x7C, 0x00, 0x10, 0x00, 0x00, 0x00, 0x1D, 0x80, 0x76,
    0x00, 0x00, 0x30, 0x0D, 0xC0, 0x37, 0x01, 0xD8, 0x06, 0x60, 0x19, 0x80, 0x66, 0x01, 0x9C, 0x0E,
    0x7F, 0xF0, 0xFF, 0xC0, 0x03, 0x00, 0x0C, 0x00, 0x70, 0x01, 0x80, 0x06, 0x00, 0x00, 0x00, 0xEC,
    0x0E, 0xC0, 0x00, 0x00, 0x03, 0x03, 0x70, 0x76, 0x06, 0x60, 0x66, 0x06, 0x71, 0xE3, 0xFE, 0x0C,
    0xC0, 0x0C, 0x00, 0xC0, 0x0C, 0x1F, 0xF8, 0xFF, 0xC6, 0x00, 0x70, 0x03, 0x00, 0x18, 0x00, 0xC0,
    0x06, 0x00, 0x70, 0x03, 0x00, 0x18, 0x00, 0xC0, 0x06, 0x00, 0x7C, 0x03, 0xE0, 0x07, 0x00, 0x30,
    0x01, 0x80, 0x0C, 0x00, 0x00, 0x07, 0xF8, 0xFF, 0x38, 0x06, 0x00, 0xC0, 0x18, 0x03, 0x00, 0xE0,
    0x18, 0x03, 0xC0, 0x78, 0x07, 0x00, 0xC0, 0x18, 0x00, 0x00, 0x00, 0x00, 0x0C, 0xC0, 0x00, 0xCC,
    0x00, 0x00, 0x00, 0x18, 0x00, 0x71, 0x80, 0x06, 0x18, 0x00, 0x63, 0x80, 0x06, 0x30, 0x00, 0x63,
    0xFE, 0x0E, 0x3F, 0xF0, 0xC3, 0x03, 0x8C, 0x70, 0x18, 0xC6, 0x01, 0x8C, 0x60, 0x19, 0xC6, 0x01,
    0x98, 0x60, 0x31, 0x8F, 0xFF, 0x18, 0xFF, 0xC1, 0x80, 0x00, 0x00, 0x06, 0x60, 0x0C, 0xC0, 0x00,
    0x00, 0x00, 0x06, 0x01, 0xCC, 0x03, 0xB8, 0x06, 0x7E, 0x0C, 0xFF, 0x19, 0x87, 0x73, 0x06, 0xEE,
    0x0D, 0x98, 0x3B, 0x3F, 0xE6, 0x7F, 0x9C, 0x07, 0xFE, 0x07, 0xFE, 0x06, 0x00, 0x06, 0x00, 0x06,
    0x00, 0x0E, 0x00, 0x0C, 0x00, 0x3F, 0xF0, 0x3F, 0xF0, 0x0C, 0x00, 0x1C, 0x00, 0x18, 0x00, 0x18,
    0x00, 0x1E, 0x00, 0x1E, 0x00, 0x06, 0x00, 0x0E, 0x00, 0x7C, 0x00, 0xF8, 0x00, 0x20, 0x00, 0x00,
    0x00, 0x3F, 0xC1, 0xFC, 0x0C, 0x00, 0x60, 0x07, 0x00, 0xFF, 0x83, 0xFC, 0x0C, 0x00, 0x60, 0x07,
    0x80, 0x3C, 0x00, 0x60, 0x07, 0x01, 0x70, 0x1F, 0x00, 0x20, 0x00, 0x0C, 0x03, 0x0C, 0x06, 0x0E,
    0x0C, 0x06, 0x18, 0x03, 0x38, 0x03, 0xF0, 0x01, 0xE0, 0x01, 0xC0, 0x03, 0xC0, 0x07, 0xE0, 0x0E,
    0x60, 0x1C, 0x70, 0x38, 0x30, 0x70, 0x38, 0xE0, 0x18, 0x00, 0x18, 0x00, 0x18, 0x01, 0x78, 0x01,
    0xF0, 0x00, 0xC0, 0x00, 0x00, 0xC1, 0xC7, 0x1C, 0x19, 0xC0, 0xFC, 0x03, 0xC0, 0x1C, 0x01, 0xE0,
    0x1D, 0x81, 0xCE, 0x1C, 0x31, 0xC1, 0x80, 0x0E, 0x00, 0x70, 0x3F, 0x01, 0xF8, 0x02, 0x00, 0x0C,
    0x07, 0x0E, 0x0E, 0x06, 0x0C, 0x07, 0x18, 0x03, 0x38, 0x03, 0xF0, 0x0F, 0xF8, 0x1F, 0xFC, 0x03,
    0xC0, 0x07, 0xE0, 0x0E, 0x60, 0x1C, 0x70, 0x38, 0x30, 0x70, 0x38, 0x60, 0x18, 0x00, 0x00, 0xC1,
    0xC7, 0x1C, 0x19, 0xC0, 0x7C, 0x07, 0xE0, 0x7F, 0x81, 0xF0, 0x1D, 0x81, 0xCE, 0x1C, 0x31, 0xC0,
    0xC0, 0x7F, 0xF7, 0xFF, 0x7F, 0xFF, 0xFC, 0xFF, 0xFF, 0xF8, 0x26, 0x6E, 0xEC, 0x66, 0x66, 0xCC,
    0x27, 0x76, 0x6C, 0x00, 0x26, 0xCD, 0xB7, 0x6E, 0xD9, 0x80, 0x6E, 0xDD, 0xBB, 0x6C, 0xD9, 0x00,
    0x20, 0x76, 0x76, 0x66, 0x6C, 0xCC, 0x00, 0x07, 0x00, 0xC0, 0x18, 0x03, 0x00, 0x61, 0xFF, 0xFF,
    0xF8, 0x60, 0x0C, 0x01, 0x80, 0x70, 0x0C, 0x01, 0x80, 0x30, 0x06, 0x01, 0xC0, 0x30, 0x06, 0x00,
    0xC0, 0x00, 0x00, 0x01, 0xC0, 0x0C, 0x00, 0x60, 0x03, 0x00, 0x18, 0x1F, 0xFC, 0xFF, 0xE0, 0x60,
    0x03, 0x00, 0x18, 0x01, 0xC0, 0x0C, 0x07, 0xFE, 0x7F, 0xF0, 0x18, 0x01, 0xC0, 0x0C, 0x00, 0x60,
    0x03, 0x00, 0x00, 0x00, 0x6F, 0xF7, 0x40, 0x2E, 0x67, 0xE6, 0x70, 0x00, 0x1E, 0x06, 0x00, 0x7E,
    0x1C, 0x01, 0x8C, 0x70, 0x03, 0x18, 0xC0, 0x04, 0x33, 0x00, 0x08, 0x6C, 0x00, 0x19, 0xB0, 0x00,
    0x3E, 0xDE, 0x1E, 0x13, 0x76, 0x7E, 0x0E, 0xC7, 0x8C, 0x3B, 0x0F, 0x18, 0x66, 0x1E, 0x31, 0x8C,
    0x6C, 0x66, 0x18, 0xD9, 0x98, 0x1F, 0x1F, 0x00, 0x00, 0x00, 0x18, 0xE7, 0x18, 0xC3, 0x06, 0x1C,
    0x30, 0x10, 0x30, 0x70, 0x60, 0xC3, 0x8E, 0x38, 0x60, 0x00, 0x0C, 0x00, 0x38, 0x00, 0x60, 0x01,
    0x80, 0x06, 0x00, 0x18, 0x00, 0x60, 0x01, 0x80, 0x07, 0x00, 0x1C, 0x00, 0x30, 0x00, 0xC0, 0x03,
    0x00, 0x0C, 0x00, 0x30, 0x00, 0x00, 0x06, 0x06, 0x07, 0x07, 0x07, 0x67, 0xFB, 0xFE, 0x08, 0x0C,
    0x00, 0x00, 0xFF, 0x00, 0xFF, 0xE0, 0x78, 0x18, 0x38, 0x00, 0x0C, 0x00, 0x1F, 0xFE, 0x07, 0xFF,
    0x80, 0x60, 0x00, 0x7F, 0xF0, 0x3F, 0xFC, 0x01, 0x80, 0x00, 0x70, 0x00, 0x0E, 0x03, 0x03, 0xFF,
    0xC0, 0x3F, 0xC0, 0x00, 0x00, 0x00, 0x00, 0xFE, 0x07, 0xFC, 0x00, 0xE0, 0x03, 0x80, 0x0C, 0x08,
    0x63, 0xFB, 0x7F, 0xFB, 0x03, 0xF8, 0x1D, 0x80, 0xEC, 0x06, 0x70, 0x71, 0xFF, 0x07, 0xF0, 0x00,
    0x00, 0x0F, 0xFF, 0x87, 0xFF, 0xC7, 0x00, 0xC3, 0x80, 0x61, 0x80, 0x30, 0xC0, 0x18, 0x60, 0x1C,
    0x70, 0x0C, 0x38, 0x06, 0x18, 0x03, 0x0C, 0x01, 0x86, 0x01, 0xC7, 0x00, 0xC3, 0x80, 0x61, 0x80,
    0x30, 0xC0, 0x18, 0x60, 0x1C, 0x70, 0x0C, 0x38, 0x06, 0x00, 0x00, 0x00, 0x0F, 0xFF, 0x0F, 0xFF,
    0x0E, 0x00, 0x06, 0x00, 0x07, 0x00, 0x03, 0x80, 0x01, 0x80, 0x01, 0xC0, 0x00, 0xE0, 0x00, 0xE0,
    0x00, 0xE0, 0x01, 0xC0, 0x07, 0x00, 0x0E, 0x00, 0x1C, 0x00, 0x38, 0x00, 0x70, 0x00, 0xFF, 0xF0,
    0xFF, 0xF8, 0x00, 0x00, 0xFF, 0xCF, 0xF8, 0x00, 0x18, 0x00, 0x60, 0x03, 0x00, 0x0C, 0x00, 0x60,
    0x01, 0x80, 0x0C, 0x00, 0x70, 0x01, 0x80, 0x0E, 0x00, 0x30, 0x01, 0x80, 0x06, 0x00, 0x30, 0x00,
    0xC0, 0x06, 0x00, 0x38, 0x00, 0xC0, 0x07, 0x00, 0x18, 0x00, 0x00, 0x00, 0xDF, 0x00, 0x00, 0x00,
    0xC0, 0x00, 0x60, 0x00, 0x18, 0x00, 0x0C, 0x00, 0x03, 0x00, 0x01, 0x80, 0x00, 0xE0, 0x00, 0x30,
    0xF8, 0x1C, 0x1E, 0x06, 0x01, 0xC3, 0x80, 0x70, 0xC0, 0x0C, 0x60, 0x03, 0x18, 0x00, 0xCC, 0x00,
    0x37, 0x00, 0x0F, 0x80, 0x01, 0xE0, 0x00, 0x70, 0x00, 0x1C, 0x00, 0x00, 0x00, 0x00, 0x1C, 0x06,
    0x0F, 0xC7, 0xE6, 0x3B, 0x1F, 0x07, 0x83, 0xC0, 0xC0, 0xF0, 0x70, 0x3C, 0x3E, 0x1D, 0xFC, 0xFE,
    0x3C, 0x1E, 0x00, 0x00, 0x7C, 0x03, 0xF0, 0x0C, 0x00, 0x70, 0x01, 0x80, 0x06, 0x00, 0x18, 0x00,
    0x60, 0x03, 0x80, 0x0C, 0x00, 0x30, 0x00, 0xC0, 0x03, 0x00, 0x1C, 0x00, 0x60, 0x01, 0x80, 0x06,
    0x00, 0x38, 0x05, 0xC0, 0x3F, 0x00, 0x30, 0x00, 0x0C, 0x13, 0xE3, 0x33, 0xF2, 0x1E, 0x00, 0x03,
    0x82, 0x7E, 0x66, 0x7E, 0x43, 0xC0, 0x00, 0xC0, 0x39, 0xFF, 0xBF, 0xF0, 0x60, 0x1C, 0x03, 0x07,
    0xFE, 0xFF, 0xCE, 0x01, 0x80, 0x20, 0x00, 0x00, 0x00, 0x07, 0x03, 0xF0, 0xF8, 0x3C, 0x03, 0x80,
    0x1F, 0x00, 0x7C, 0x01, 0xE0, 0x00, 0x00, 0x07, 0xFC, 0xFF, 0xC0, 0x00, 0x03, 0x80, 0x1F, 0x00,
    0x7C, 0x01, 0xE0, 0x1E, 0x0F, 0xC3, 0xE0, 0x70, 0x04, 0x00, 0x00, 0x07, 0xFC, 0xFF, 0xC0,
};

static const EpdGlyph montserrat_10_italicGlyphs[] = {
    { 0, 0, 6, 0, 0, 0, 0 },
    { 0, 0, 6, 0, 0, 0, 0 },
    { 6, 16, 5, 0, 15, 12, 0 },
    { 7, 6, 8, 2, 15, 6, 12 },
    { 16, 15, 15, 0, 15, 30, 18 },
    { 13, 21, 13, 0, 18, 35, 48 },
    { 16, 16, 17, 1, 15, 32, 83 },
    { 14, 16, 14, 0, 15, 28, 115 },
    { 3, 6, 4, 2, 15, 3, 143 },
    { 8, 21, 7, 1, 16, 21, 146 },
    { 8, 21, 7, -1, 16, 21, 167 },
    { 9, 9, 8, 1, 16, 11, 188 },
    { 11, 10, 12, 1, 12, 14, 199 },
    { 4, 7, 4, -1, 3, 4, 213 },
    { 6, 2, 8, 1, 7, 2, 217 },
    { 3, 4, 4, 0, 3, 2, 219 },
    { 14, 21, 7, -3, 18, 37, 221 },
    { 13, 16, 14, 1, 15, 26, 258 },
    { 7, 15, 8, 1, 15, 14, 284 },
    { 13, 15, 12, -1, 15, 25, 298 },
    { 14, 16, 12, -1, 15, 28, 323 },
    { 14, 15, 14, 0, 15, 27, 351 },
    { 14, 16, 12, -1, 15, 28, 378 },
    { 12, 16, 13, 1, 15, 24, 406 },
    { 13, 15, 12, 1, 15, 25, 430 },
    { 13, 16, 13, 0, 15, 26, 455 },
    { 13, 16, 13, 0, 15, 26, 481 },
    { 5, 13, 4, 0, 12, 9, 507 },
    { 6, 16, 4, -1, 12, 12, 516 },
    { 11, 9, 12, 1, 12, 13, 528 },
    { 11, 7, 12, 1, 11, 10, 541 },
    { 12, 9, 12, 0, 12, 14, 551 },
    { 11, 16, 12, 1, 15, 22, 565 },
    { 21, 20, 22, 0, 15, 53, 587 },
    { 16, 15, 15, -2, 15, 30, 640 },
    { 15, 15, 16, 1, 15, 29, 670 },
    { 15, 16, 15, 1, 15, 30, 699 },
    { 16, 15, 17, 1, 15, 30, 729 },
    { 14, 15, 14, 1, 15, 27, 759 },
    { 14, 15, 13, 1, 15, 27, 786 },
    { 15, 16, 16, 1, 15, 30, 813 },
    { 16, 15, 17, 1, 15, 30, 843 },
    { 5, 15, 6, 1, 15, 10, 873 },
    { 12, 16, 10, -1, 15, 24, 883 },
    { 16, 15, 15, 1, 15, 30, 907 },
    { 11, 15, 12, 1, 15, 21, 937 },
    { 19, 15, 20, 1, 15, 36, 958 },
    { 16, 15, 17, 1, 15, 30, 994 },
    { 17, 16, 18, 1, 15, 34, 1024 },
    { 14, 15, 15, 1, 15, 27, 1058 },
    { 17, 18, 18, 1, 15, 39, 1085 },
    { 14, 15, 15, 1, 15, 27, 1124 },
    { 13, 16, 13, 0, 15, 26, 1151 },
    { 13, 15, 12, 1, 15, 25, 1177 },
    { 15, 16, 16, 1, 15, 30, 1202 },
    { 16, 15, 15, 1, 15, 30, 1232 },
    { 23, 15, 23, 2, 15, 44, 1262 },
    { 16, 15, 14, -1, 15, 30, 1306 },
    { 14, 15, 14, 2, 15, 27, 1336 },
    { 16, 15, 14, -1, 15, 30, 1363 },
    { 9, 21, 7, 0, 16, 24, 1393 },
    { 6, 21, 7, 1, 18, 16, 1417 },
    { 9, 21, 7, -2, 16, 24, 1433 },
    { 9, 9, 12, 1, 12, 11, 1457 },
    { 12, 2, 11, -2, 0, 3, 1468 },
    { 6, 4, 13, 4, 16, 3, 1471 },
    { 14, 13, 14, 0, 12, 23, 1474 },
    { 14, 17, 14, 0, 16, 30, 1497 },
    { 12, 13, 12, 0, 12, 20, 1527 },
    { 15, 17, 14, 0, 16, 32, 1547 },
    { 12, 13, 13, 0, 12, 20, 1579 },
    { 9, 16, 7, 1, 16, 18, 1599 },
    { 14, 17, 14, 0, 12, 30, 1617 },
    { 13, 16, 14, 0, 16, 26, 1647 },
    { 6, 16, 6, 0, 16, 12, 1673 },
    { 10, 21, 6, -4, 16, 27, 1685 },
    { 14, 16, 12, 0, 16, 28, 1712 },
    { 6, 16, 6, 0, 16, 12, 1740 },
    { 21, 12, 22, 0, 12, 32, 1752 },
    { 13, 12, 14, 0, 12, 20, 1784 },
    { 13, 13, 13, 0, 12, 22, 1804 },
    { 14, 17, 14, 0, 12, 30, 1826 },
    { 14, 17, 14, 0, 12, 30, 1856 },
    { 9, 12, 8, 0, 12, 14, 1886 },
    { 11, 13, 10, -1, 12, 18, 1900 },
    { 8, 15, 9, 1, 14, 15, 1918 },
    { 13, 13, 14, 1, 12, 22, 1933 },
    { 12, 12, 11, 1, 12, 18, 1955 },
    { 19, 12, 18, 1, 12, 29, 1973 },
    { 13, 12, 11, -1, 12, 20, 2002 },
    { 16, 17, 11, -3, 12, 34, 2022 },
    { 12, 12, 11, -1, 12, 18, 2056 },
    { 8, 21, 7, 1, 16, 21, 2074 },
    { 6, 21, 6, 0, 16, 16, 2095 },
    { 8, 21, 7, -2, 16, 21, 2111 },
    { 11, 5, 12, 1, 10, 7, 2132 },
    { 0, 0, 6, 0, 0, 0, 2139 },
    { 5, 16, 5, 0, 12, 10, 2139 },
    { 12, 17, 12, 0, 14, 26, 2149 },
    { 16, 15, 13, -1, 15, 30, 2175 },
    { 15, 14, 15, 0, 14, 27, 2205 },
    { 16, 15, 15, 1, 15, 30, 2232 },
    { 6, 21, 6, 0, 16, 16, 2262 },
    { 13, 18, 10, -1, 15, 30, 2278 },
    { 6, 3, 13, 5, 16, 3, 2308 },
    { 16, 16, 17, 1, 15, 32, 2311 },
    { 8, 8, 8, 1, 16, 8, 2343 },
    { 10, 9, 10, 1, 10, 12, 2351 },
    { 11, 6, 12, 1, 8, 9, 2363 },
    { 16, 16, 17, 1, 15, 32, 2372 },
    { 8, 2, 13, 3, 15, 2, 2404 },
    { 7, 7, 9, 2, 15, 7, 2406 },
    { 12, 13, 12, 0, 13, 20, 2413 },
    { 8, 9, 9, 1, 16, 9, 2433 },
    { 9, 10, 9, 1, 16, 12, 2442 },
    { 6, 4, 13, 6, 16, 3, 2454 },
    { 14, 17, 14, 0, 12, 30, 2457 },
    { 12, 19, 13, 1, 16, 29, 2487 },
    { 3, 3, 5, 1, 7, 2, 2516 },
    { 5, 6, 13, 2, 1, 4, 2518 },
    { 7, 9, 9, 2, 16, 8, 2522 },
    { 8, 8, 9, 2, 16, 8, 2530 },
    { 10, 9, 10, -1, 10, 12, 2538 },
    { 20, 15, 22, 1, 15, 38, 2550 },
    { 20, 15, 22, 1, 15, 38, 2588 },
    { 20, 15, 22, 1, 15, 38, 2626 },
    { 11, 16, 12, 0, 12, 22, 2664 },
    { 16, 19, 15, -2, 19, 38, 2686 },
    { 16, 19, 15, -2, 19, 38, 2724 },
    { 16, 19, 15, -2, 19, 38, 2762 },
    { 16, 19, 15, -2, 19, 38, 2800 },
    { 16, 19, 15, -2, 19, 38, 2838 },
    { 16, 20, 15, -2, 20, 40, 2876 },
    { 24, 15, 22, -2, 15, 45, 2916 },
    { 15, 20, 15, 1, 15, 38, 2961 },
    { 14, 19, 14, 1, 19, 34, 2999 },
    { 14, 19, 14, 1, 19, 34, 3033 },
    { 14, 19, 14, 1, 19, 34, 3067 },
    { 14, 19, 14, 1, 19, 34, 3101 },
    { 6, 19, 6, 1, 19, 15, 3135 },
    { 9, 19, 6, 1, 19, 22, 3150 },
    { 8, 19, 6, 1, 19, 19, 3172 },
    { 8, 19, 6, 1, 19, 19, 3191 },
    { 17, 15, 17, 0, 15, 32, 3210 },
    { 16, 19, 17, 1, 19, 38, 3242 },
    { 17, 20, 18, 1, 19, 43, 3280 },
    { 17, 20, 18, 1, 19, 43, 3323 },
    { 17, 20, 18, 1, 19, 43, 3366 },
    { 17, 20, 18, 1, 19, 43, 3409 },
    { 17, 20, 18, 1, 19, 43, 3452 },
    { 9, 9, 12, 2, 12, 11, 3495 },
    { 17, 19, 18, 1, 17, 41, 3506 },
    { 15, 20, 16, 1, 19, 38, 3547 },
    { 15, 20, 16, 1, 19, 38, 3585 },
    { 15, 20, 16, 1, 19, 38, 3623 },
    { 15, 20, 16, 1, 19, 38, 3661 },
    { 14, 19, 14, 2, 19, 34, 3699 },
    { 14, 15, 15, 1, 15, 27, 3733 },
    { 14, 17, 14, 0, 16, 30, 3760 },
    { 14, 17, 14, 0, 16, 30, 3790 },
    { 14, 17, 14, 0, 16, 30, 3820 },
    { 14, 17, 14, 0, 16, 30, 3850 },
    { 14, 17, 14, 0, 16, 30, 3880 },
    { 14, 17, 14, 0, 16, 30, 3910 },
    { 14, 18, 14, 0, 17, 32, 3940 },
    { 20, 13, 21, 0, 12, 33, 3972 },
    { 12, 17, 12, 0, 12, 26, 4005 },
    { 12, 17, 13, 0, 16, 26, 4031 },
    { 12, 17, 13, 0, 16, 26, 4057 },
    { 12, 17, 13, 0, 16, 26, 4083 },
    { 12, 17, 13, 0, 16, 26, 4109 },
    { 6, 16, 6, 0, 16, 12, 4135 },
    { 9, 16, 6, 0, 16, 18, 4147 },
    { 8, 16, 6, 0, 16, 16, 4165 },
    { 7, 16, 6, 0, 16, 14, 4181 },
    { 12, 17, 12, 0, 16, 26, 4195 },
    { 13, 16, 14, 0, 16, 26, 4221 },
    { 13, 17, 13, 0, 16, 28, 4247 },
    { 13, 17, 13, 0, 16, 28, 4275 },
    { 13, 17, 13, 0, 16, 28, 4303 },
    { 13, 17, 13, 0, 16, 28, 4331 },
    { 13, 17, 13, 0, 16, 28, 4359 },
    { 11, 11, 12, 1, 13, 16, 4387 },
    { 13, 15, 13, 0, 13, 25, 4403 },
    { 13, 17, 14, 1, 16, 28, 4428 },
    { 13, 17, 14, 1, 16, 28, 4456 },
    { 13, 17, 14, 1, 16, 28, 4484 },
    { 13, 17, 14, 1, 16, 28, 4512 },
    { 16, 21, 11, -3, 16, 42, 4540 },
    { 14, 21, 14, 0, 16, 37, 4582 },
    { 16, 21, 11, -3, 16, 42, 4619 },
    { 16, 18, 15, -2, 18, 36, 4661 },
    { 14, 16, 14, 0, 15, 28, 4697 },
    { 16, 19, 15, -2, 19, 38, 4725 },
    { 14, 17, 14, 0, 16, 30, 4763 },
    { 16, 20, 15, -2, 15, 40, 4793 },
    { 14, 17, 14, 0, 12, 30, 4833 },
    { 15, 20, 15, 1, 19, 38, 4863 },
    { 12, 17, 12, 0, 16, 26, 4901 },
    { 15, 20, 15, 1, 19, 38, 4927 },
    { 12, 17, 12, 0, 16, 26, 4965 },
    { 15, 20, 15, 1, 19, 38, 4991 },
    { 12, 17, 12, 0, 16, 26, 5029 },
    { 16, 19, 17, 1, 19, 38, 5055 },
    { 18, 18, 14, 0, 17, 41, 5093 },
    { 17, 15, 17, 0, 15, 32, 5134 },
    { 16, 17, 14, 0, 16, 34, 5166 },
    { 14, 18, 14, 1, 18, 32, 5200 },
    { 12, 16, 13, 0, 15, 24, 5232 },
    { 14, 19, 14, 1, 19, 34, 5256 },
    { 12, 17, 13, 0, 16, 26, 5290 },
    { 14, 20, 14, 1, 15, 35, 5316 },
    { 12, 17, 13, 0, 12, 26, 5351 },
    { 14, 19, 14, 1, 19, 34, 5377 },
    { 12, 17, 13, 0, 16, 26, 5411 },
    { 15, 20, 16, 1, 19, 38, 5437 },
    { 14, 21, 14, 0, 16, 37, 5475 },
    { 15, 20, 16, 1, 19, 38, 5512 },
    { 14, 21, 14, 0, 16, 37, 5550 },
    { 15, 21, 16, 1, 15, 40, 5587 },
    { 14, 22, 14, 0, 17, 39, 5627 },
    { 18, 15, 17, 1, 15, 34, 5666 },
    { 12, 16, 14, 1, 16, 24, 5700 },
    { 8, 18, 6, 1, 18, 18, 5724 },
    { 8, 15, 6, 0, 15, 15, 5742 },
    { 7, 20, 6, -1, 15, 18, 5757 },
    { 7, 21, 6, -1, 16, 19, 5775 },
    { 5, 12, 6, 0, 12, 8, 5794 },
    { 16, 21, 15, 1, 15, 42, 5802 },
    { 14, 22, 12, 0, 16, 39, 5844 },
    { 11, 21, 12, 1, 15, 29, 5883 },
    { 7, 22, 6, -1, 16, 20, 5912 },
    { 12, 16, 12, 1, 16, 24, 5932 },
    { 9, 17, 6, 0, 17, 20, 5956 },
    { 12, 15, 12, 0, 15, 23, 5976 },
    { 7, 16, 6, 0, 16, 14, 5999 },
    { 16, 19, 17, 1, 19, 38, 6013 },
    { 13, 16, 14, 0, 16, 26, 6051 },
    { 16, 21, 17, 1, 15, 42, 6077 },
    { 13, 18, 14, 0, 12, 30, 6119 },
    { 16, 19, 17, 1, 19, 38, 6149 },
    { 13, 16, 14, 0, 16, 26, 6187 },
    { 17, 20, 18, 1, 19, 43, 6213 },
    { 14, 17, 13, 0, 16, 30, 6256 },
    { 23, 15, 24, 1, 15, 44, 6286 },
    { 22, 13, 22, 0, 12, 36, 6330 },
    { 14, 19, 15, 1, 19, 34, 6366 },
    { 11, 16, 8, 0, 16, 22, 6400 },
    { 14, 19, 15, 1, 19, 34, 6422 },
    { 11, 16, 8, 0, 16, 22, 6456 },
    { 13, 20, 13, 0, 19, 33, 6478 },
    { 12, 17, 10, -1, 16, 26, 6511 },
    { 13, 20, 13, 0, 15, 33, 6537 },
    { 11, 17, 10, -1, 12, 24, 6570 },
    { 13, 20, 13, 0, 19, 33, 6594 },
    { 12, 17, 10, -1, 16, 26, 6627 },
    { 13, 20, 12, 1, 15, 33, 6653 },
    { 8, 19, 9, 1, 14, 19, 6686 },
    { 13, 19, 12, 1, 19, 31, 6705 },
    { 9, 18, 9, 1, 17, 21, 6736 },
    { 15, 19, 16, 1, 18, 36, 6757 },
    { 13, 16, 14, 1, 15, 26, 6793 },
    { 15, 21, 16, 1, 20, 40, 6819 },
    { 13, 18, 14, 1, 17, 30, 6859 },
    { 15, 20, 16, 1, 19, 38, 6889 },
    { 13, 17, 14, 1, 16, 28, 6927 },
    { 15, 20, 16, 1, 15, 38, 6955 },
    { 13, 17, 14, 1, 12, 28, 6993 },
    { 14, 19, 14, 2, 19, 34, 7021 },
    { 16, 19, 14, -1, 19, 38, 7055 },
    { 12, 16, 11, -1, 16, 24, 7093 },
    { 16, 19, 14, -1, 19, 38, 7117 },
    { 12, 16, 11, -1, 16, 24, 7155 },
    { 16, 19, 14, -1, 19, 38, 7179 },
    { 12, 16, 11, -1, 16, 24, 7217 },
    { 6, 4, 0, 4, 16, 3, 7241 },
    { 6, 4, 0, 6, 16, 3, 7244 },
    { 8, 4, 0, 4, 16, 4, 7247 },
    { 8, 4, 0, 3, 16, 4, 7251 },
    { 8, 2, 0, 3, 15, 2, 7255 },
    { 7, 4, 0, 3, 16, 4, 7257 },
    { 3, 3, 0, 7, 16, 2, 7261 },
    { 6, 3, 0, 5, 16, 3, 7263 },
    { 5, 5, 0, 3, 17, 4, 7266 },
    { 8, 4, 0, 5, 16, 4, 7270 },
    { 8, 4, 0, 4, 16, 4, 7274 },
    { 3, 4, 0, 3, -2, 2, 7278 },
    { 5, 6, 0, -1, 1, 4, 7280 },
    { 5, 6, 0, -1, 1, 4, 7284 },
    { 14, 19, 14, 1, 19, 34, 7288 },
    { 14, 19, 14, 1, 19, 34, 7322 },
    { 16, 16, 17, 1, 15, 32, 7356 },
    { 13, 19, 12, 1, 19, 31, 7388 },
    { 15, 16, 15, 1, 15, 30, 7419 },
    { 13, 16, 13, 0, 15, 26, 7449 },
    { 5, 15, 6, 1, 15, 10, 7475 },
    { 8, 19, 6, 1, 19, 19, 7485 },
    { 12, 16, 11, -1, 15, 24, 7504 },
    { 25, 16, 25, -1, 15, 50, 7528 },
    { 23, 15, 25, 1, 15, 44, 7578 },
    { 16, 15, 18, 1, 15, 30, 7622 },
    { 15, 19, 15, 1, 19, 36, 7652 },
    { 16, 19, 17, 1, 19, 38, 7688 },
    { 16, 20, 14, 0, 19, 40, 7726 },
    { 16, 19, 17, 1, 15, 38, 7766 },
    { 16, 15, 16, -1, 15, 30, 7804 },
    { 15, 15, 15, 1, 15, 29, 7834 },
    { 15, 15, 16, 1, 15, 29, 7863 },
    { 13, 15, 12, 1, 15, 25, 7892 },
    { 18, 19, 17, -2, 15, 43, 7917 },
    { 14, 15, 14, 1, 15, 27, 7960 },
    { 24, 15, 21, -1, 15, 45, 7987 },
    { 14, 16, 13, -1, 15, 28, 8032 },
    { 16, 15, 17, 1, 15, 30, 8060 },
    { 16, 19, 17, 1, 19, 38, 8090 },
    { 15, 15, 15, 1, 15, 29, 8128 },
    { 17, 16, 16, -1, 15, 34, 8157 },
    { 19, 15, 20, 1, 15, 36, 8191 },
    { 16, 15, 17, 1, 15, 30, 8227 },
    { 17, 16, 18, 1, 15, 34, 8257 },
    { 16, 15, 17, 1, 15, 30, 8291 },
    { 14, 15, 15, 1, 15, 27, 8321 },
    { 15, 16, 15, 1, 15, 30, 8348 },
    { 13, 15, 12, 1, 15, 25, 8378 },
    { 16, 16, 14, 0, 15, 32, 8403 },
    { 18, 17, 19, 1, 16, 39, 8435 },
    { 16, 15, 14, -1, 15, 30, 8474 },
    { 16, 19, 17, 1, 15, 38, 8504 },
    { 14, 15, 15, 1, 15, 27, 8542 },
    { 22, 15, 23, 1, 15, 42, 8569 },
    { 22, 19, 23, 1, 15, 53, 8611 },
    { 16, 15, 17, 1, 15, 30, 8664 },
    { 20, 15, 21, 1, 15, 38, 8694 },
    { 13, 15, 15, 1, 15, 25, 8732 },
    { 15, 16, 15, 0, 15, 30, 8757 },
    { 22, 16, 23, 1, 15, 44, 8787 },
    { 15, 15, 15, 0, 15, 29, 8831 },
    { 13, 13, 14, 1, 12, 22, 8860 },
    { 13, 17, 14, 1, 16, 28, 8882 },
    { 11, 12, 13, 1, 12, 17, 8910 },
    { 11, 12, 10, 1, 12, 17, 8927 },
    { 15, 15, 14, -2, 12, 29, 8944 },
    { 11, 13, 13, 1, 12, 18, 8973 },
    { 19, 12, 17, -1, 12, 29, 8991 },
    { 11, 13, 11, -1, 12, 18, 9020 },
    { 13, 12, 14, 1, 12, 20, 9038 },
    { 13, 16, 14, 1, 16, 26, 9058 },
    { 12, 12, 12, 1, 12, 18, 9084 },
    { 14, 13, 13, -1, 12, 23, 9102 },
    { 15, 12, 17, 1, 12, 23, 9125 },
    { 13, 12, 14, 1, 12, 20, 9148 },
    { 12, 13, 14, 1, 12, 20, 9168 },
    { 13, 12, 14, 1, 12, 20, 9188 },
    { 14, 17, 14, 0, 12, 30, 9208 },
    { 11, 13, 12, 1, 12, 18, 9238 },
    { 11, 12, 10, 0, 12, 17, 9256 },
    { 16, 17, 12, -3, 12, 34, 9273 },
    { 16, 21, 16, 0, 16, 42, 9307 },
    { 13, 12, 11, -1, 12, 20, 9349 },
    { 12, 15, 14, 1, 12, 23, 9369 },
    { 12, 12, 13, 0, 12, 18, 9392 },
    { 18, 12, 19, 1, 12, 27, 9410 },
    { 18, 15, 20, 1, 12, 34, 9437 },
    { 13, 12, 13, 0, 12, 20, 9471 },
    { 15, 12, 16, 1, 12, 23, 9491 },
    { 10, 12, 12, 1, 12, 15, 9514 },
    { 13, 13, 12, -1, 12, 22, 9529 },
    { 17, 13, 18, 1, 12, 28, 9551 },
    { 12, 12, 13, 0, 12, 18, 9579 },
    { 11, 17, 13, 1, 16, 24, 9597 },
    { 11, 17, 13, 1, 16, 24, 9621 },
    { 12, 21, 14, 1, 16, 32, 9645 },
    { 11, 16, 10, 1, 16, 22, 9677 },
    { 13, 13, 12, 0, 12, 22, 9699 },
    { 11, 13, 11, 0, 12, 18, 9721 },
    { 5, 16, 6, 1, 16, 10, 9739 },
    { 7, 16, 6, 0, 16, 14, 9749 },
    { 10, 21, 6, -4, 16, 27, 9763 },
    { 20, 13, 19, -1, 12, 33, 9790 },
    { 18, 12, 20, 1, 12, 27, 9823 },
    { 13, 16, 14, 0, 16, 26, 9850 },
    { 12, 16, 12, 1, 16, 24, 9876 },
    { 13, 16, 14, 1, 16, 26, 9900 },
    { 16, 21, 12, -3, 16, 42, 9926 },
    { 12, 15, 13, 1, 12, 23, 9968 },
    { 16, 16, 17, 1, 16, 32, 9991 },
    { 12, 16, 13, 0, 16, 24, 10023 },
    { 20, 15, 19, -1, 15, 38, 10047 },
    { 15, 12, 14, -1, 12, 23, 10085 },
    { 17, 16, 18, 1, 15, 34, 10108 },
    { 12, 13, 14, 1, 12, 20, 10142 },
    { 16, 15, 16, 2, 15, 30, 10162 },
    { 13, 12, 12, 1, 12, 20, 10192 },
    { 16, 23, 18, 1, 19, 46, 10212 },
    { 13, 19, 15, 1, 16, 31, 10258 },
    { 14, 16, 16, 1, 16, 28, 10289 },
    { 11, 12, 12, 1, 12, 17, 10317 },
    { 14, 15, 15, 1, 15, 27, 10334 },
    { 14, 17, 15, 0, 12, 30, 10361 },
    { 14, 18, 12, 1, 18, 32, 10391 },
    { 10, 14, 9, 1, 14, 18, 10423 },
    { 15, 15, 13, 0, 15, 29, 10441 },
    { 12, 12, 11, 0, 12, 18, 10470 },
    { 14, 19, 15, 1, 15, 34, 10488 },
    { 11, 17, 13, 1, 12, 24, 10522 },
    { 24, 19, 22, -1, 15, 57, 10546 },
    { 19, 15, 18, -1, 12, 36, 10603 },
    { 14, 19, 13, -1, 15, 34, 10639 },
    { 11, 15, 11, -1, 12, 21, 10673 },
    { 15, 19, 16, 1, 15, 36, 10694 },
    { 12, 15, 13, 1, 12, 23, 10730 },
    { 16, 15, 15, 1, 15, 30, 10753 },
    { 13, 12, 12, 0, 12, 20, 10783 },
    { 16, 15, 16, 1, 15, 30, 10803 },
    { 12, 16, 12, 1, 16, 24, 10833 },
    { 18, 15, 17, 1, 15, 34, 10857 },
    { 15, 12, 13, 0, 12, 23, 10891 },
    { 16, 19, 18, 1, 15, 38, 10914 },
    { 13, 15, 15, 1, 12, 25, 10952 },
    { 24, 15, 23, 1, 15, 45, 10977 },
    { 19, 12, 18, 1, 12, 29, 11022 },
    { 24, 19, 25, 1, 15, 57, 11051 },
    { 20, 17, 20, 0, 12, 43, 11108 },
    { 19, 16, 21, 1, 15, 38, 11151 },
    { 15, 13, 17, 1, 12, 25, 11189 },
    { 15, 19, 15, 1, 15, 36, 11214 },
    { 11, 15, 12, 1, 12, 21, 11250 },
    { 13, 19, 12, 1, 15, 31, 11271 },
    { 11, 15, 10, 0, 12, 21, 11302 },
    { 14, 15, 14, 2, 15, 27, 11323 },
    { 12, 17, 12, 1, 12, 26, 11350 },
    { 14, 15, 14, 2, 15, 27, 11376 },
    { 13, 17, 12, 0, 12, 28, 11403 },
    { 16, 19, 15, -1, 15, 38, 11431 },
    { 13, 15, 12, -1, 12, 25, 11469 },
    { 19, 19, 20, 1, 15, 46, 11494 },
    { 15, 15, 16, 0, 12, 29, 11540 },
    { 14, 19, 16, 1, 15, 34, 11569 },
    { 12, 15, 13, 0, 12, 23, 11603 },
    { 14, 15, 15, 1, 15, 27, 11626 },
    { 12, 12, 13, 0, 12, 18, 11653 },
    { 14, 15, 15, 1, 15, 27, 11671 },
    { 12, 16, 14, 1, 16, 24, 11698 },
    { 20, 16, 21, 1, 15, 40, 11722 },
    { 15, 13, 16, 0, 12, 25, 11762 },
    { 20, 19, 21, 1, 15, 48, 11787 },
    { 15, 15, 16, 0, 12, 29, 11835 },
    { 5, 15, 7, 1, 15, 10, 11864 },
    { 24, 19, 21, -1, 19, 57, 11874 },
    { 19, 16, 17, -1, 16, 38, 11931 },
    { 15, 20, 15, 1, 15, 38, 11969 },
    { 12, 17, 12, 1, 12, 26, 12007 },
    { 17, 19, 17, -1, 15, 41, 12033 },
    { 14, 15, 14, -1, 12, 27, 12074 },
    { 16, 20, 17, 1, 15, 40, 12101 },
    { 13, 17, 14, 1, 12, 28, 12141 },
    { 16, 19, 18, 1, 15, 38, 12169 },
    { 13, 15, 15, 1, 12, 25, 12207 },
    { 14, 19, 15, 1, 15, 34, 12232 },
    { 12, 15, 13, 0, 12, 23, 12266 },
    { 19, 19, 21, 1, 15, 46, 12289 },
    { 15, 15, 17, 1, 12, 29, 12335 },
    { 5, 16, 6, 1, 16, 10, 12364 },
    { 16, 19, 16, -1, 19, 38, 12374 },
    { 13, 17, 14, 1, 16, 28, 12412 },
    { 16, 19, 16, -1, 19, 38, 12440 },
    { 13, 17, 14, 1, 16, 28, 12478 },
    { 24, 15, 22, -1, 15, 45, 12506 },
    { 20, 13, 21, 0, 12, 33, 12551 },
    { 14, 19, 14, 1, 19, 34, 12584 },
    { 11, 17, 13, 1, 16, 24, 12618 },
    { 16, 16, 17, 1, 15, 32, 12642 },
    { 12, 13, 13, 0, 12, 20, 12674 },
    { 16, 20, 17, 1, 19, 40, 12694 },
    { 12, 17, 13, 0, 16, 26, 12734 },
    { 24, 19, 21, -1, 19, 57, 12760 },
    { 19, 16, 17, -1, 16, 38, 12817 },
    { 14, 20, 13, -1, 19, 35, 12855 },
    { 11, 17, 11, -1, 16, 24, 12890 },
    { 14, 16, 12, -1, 15, 28, 12914 },
    { 13, 17, 11, -2, 12, 28, 12942 },
    { 16, 18, 17, 1, 18, 36, 12970 },
    { 13, 15, 14, 1, 15, 25, 13006 },
    { 16, 19, 17, 1, 19, 38, 13031 },
    { 13, 16, 14, 1, 16, 26, 13069 },
    { 17, 20, 18, 1, 19, 43, 13095 },
    { 12, 17, 14, 1, 16, 26, 13138 },
    { 17, 16, 18, 1, 15, 34, 13164 },
    { 12, 13, 14, 1, 12, 20, 13198 },
    { 17, 20, 18, 1, 19, 43, 13218 },
    { 12, 17, 14, 1, 16, 26, 13261 },
    { 15, 20, 15, 0, 19, 38, 13287 },
    { 13, 17, 12, -1, 16, 28, 13325 },
    { 16, 19, 14, 0, 18, 38, 13353 },
    { 16, 20, 12, -3, 15, 40, 13391 },
    { 16, 20, 14, 0, 19, 40, 13431 },
    { 16, 21, 12, -3, 16, 42, 13471 },
    { 16, 20, 14, 0, 19, 40, 13513 },
    { 16, 21, 12, -3, 16, 42, 13553 },
    { 14, 19, 15, 1, 19, 34, 13595 },
    { 12, 16, 13, 0, 16, 24, 13629 },
    { 13, 19, 12, 1, 15, 31, 13653 },
    { 11, 15, 10, 1, 12, 21, 13684 },
    { 20, 19, 21, 1, 19, 48, 13705 },
    { 15, 16, 16, 1, 16, 30, 13753 },
    { 16, 20, 13, -1, 15, 40, 13783 },
    { 13, 17, 10, -2, 12, 28, 13823 },
    { 16, 20, 14, -1, 15, 40, 13851 },
    { 13, 17, 11, -1, 12, 28, 13891 },
    { 16, 15, 14, -1, 15, 30, 13919 },
    { 13, 12, 12, -1, 12, 20, 13949 },
    { 12, 2, 11, -1, 7, 3, 13969 },
    { 23, 2, 21, -1, 7, 6, 13972 },
    { 4, 6, 4, 2, 16, 3, 13978 },
    { 4, 6, 4, 2, 16, 3, 13981 },
    { 4, 7, 4, -1, 3, 4, 13984 },
    { 7, 6, 8, 2, 16, 6, 13988 },
    { 7, 6, 8, 2, 16, 6, 13994 },
    { 8, 7, 8, -1, 3, 7, 14000 },
    { 11, 20, 11, 1, 15, 28, 14007 },
    { 13, 20, 11, -1, 15, 33, 14035 },
    { 4, 4, 6, 1, 8, 2, 14068 },
    { 12, 4, 14, 0, 3, 6, 14070 },
    { 23, 16, 25, 1, 15, 46, 14076 },
    { 6, 9, 6, 1, 10, 7, 14122 },
    { 7, 9, 6, -1, 10, 8, 14129 },
    { 15, 15, 4, -5, 15, 29, 14137 },
    { 9, 9, 9, 1, 16, 11, 14166 },
    { 18, 16, 17, 0, 15, 36, 14177 },
    { 13, 17, 15, 1, 16, 28, 14213 },
    { 17, 20, 17, 0, 15, 43, 14241 },
    { 16, 20, 14, -1, 15, 40, 14284 },
    { 11, 2, 12, 1, 8, 3, 14324 },
    { 14, 21, 7, -3, 18, 37, 14327 },
    { 3, 3, 6, 2, 9, 2, 14364 },
    { 18, 21, 17, 1, 16, 48, 14366 },
    { 18, 9, 19, 1, 12, 21, 14414 },
    { 14, 21, 8, -3, 16, 37, 14435 },
    { 12, 9, 12, 0, 12, 14, 14472 },
    { 11, 12, 12, 1, 13, 17, 14486 },
    { 12, 13, 12, 0, 13, 20, 14503 },
    { 12, 13, 12, 0, 13, 20, 14523 },
};

static const EpdUnicodeInterval montserrat_10_italicIntervals[] = {
    { 0xD, 0xD, 0x0 },
    { 0x20, 0x7E, 0x1 },
    { 0xA0, 0xAC, 0x60 },
    { 0xAE, 0xFF, 0x6D },
    { 0x100, 0x107, 0xBF },
    { 0x10A, 0x113, 0xC7 },
    { 0x116, 0x11B, 0xD1 },
    { 0x11E, 0x123, 0xD7 },
    { 0x126, 0x127, 0xDD },
    { 0x12A, 0x12B, 0xDF },
    { 0x12E, 0x12F, 0xE1 },
    { 0x131, 0x131, 0xE3 },
    { 0x136, 0x137, 0xE4 },
    { 0x13B, 0x13E, 0xE6 },
    { 0x141, 0x148, 0xEA },
    { 0x150, 0x155, 0xF2 },
    { 0x158, 0x15B, 0xF8 },
    { 0x15E, 0x165, 0xFC },
    { 0x16A, 0x16B, 0x104 },
    { 0x16E, 0x173, 0x106 },
    { 0x178, 0x17E, 0x10C },
    { 0x300, 0x304, 0x113 },
    { 0x306, 0x308, 0x118 },
    { 0x30A, 0x30C, 0x11B },
    { 0x326, 0x328, 0x11E },
    { 0x400, 0x45F, 0x121 },
    { 0x462, 0x463, 0x181 },
    { 0x46A, 0x46B, 0x183 },
    { 0x472, 0x475, 0x185 },
    { 0x48A, 0x4FF, 0x189 },
    { 0x2013, 0x2014, 0x1FF },
    { 0x2018, 0x201A, 0x201 },
    { 0x201C, 0x201E, 0x204 },
    { 0x2020, 0x2022, 0x207 },
    { 0x2026, 0x2026, 0x20A },
    { 0x2030, 0x2030, 0x20B },
    { 0x2039, 0x203A, 0x20C },
    { 0x2044, 0x2044, 0x20E },
    { 0x2074, 0x2074, 0x20F },
    { 0x20AC, 0x20AC, 0x210 },
    { 0x2202, 0x2202, 0x211 },
    { 0x220F, 0x220F, 0x212 },
    { 0x2211, 0x2212, 0x213 },
    { 0x2215, 0x2215, 0x215 },
    { 0x2219, 0x221A, 0x216 },
    { 0x221E, 0x221E, 0x218 },
    { 0x222B, 0x222B, 0x219 },
    { 0x2248, 0x2248, 0x21A },
    { 0x2260, 0x2260, 0x21B },
    { 0x2264, 0x2265, 0x21C },
};

static const EpdFontData montserrat_10_italic = {
    montserrat_10_italicBitmaps,
    sizeof(montserrat_10_italicBitmaps),
    montserrat_10_italicGlyphs,
    montserrat_10_italicIntervals,
    50,
    25,
    21,
    -6,
    false,
};
