/**
 * generated by fontconvert.py
 * name: montserrat_16_italic
 * size: 16
 * mode: 1-bit
 * Command used: /var/folders/d8/ppw4t5jd78jbkx_rzkk5nwlm0000gn/T/inx-montserrat-converter-pxre4cbt/fontconvert.py montserrat_16_italic 16 /Users/macganibo/Desktop/reader/inx-pro/fontcon/Montserrat-Italic.ttf --reader-latin --legacy-header
 */
#pragma once
#include "EpdFontData.h"

static const uint8_t montserrat_16_italicBitmaps[33971] = {
    0x00, 0x0F, 0x0F, 0x0E, 0x0E, 0x0E, 0x1E, 0x1C, 0x1C, 0x1C, 0x1C, 0x18, 0x38, 0x38, 0x38, 0x38,
    0x30, 0x00, 0x00, 0x00, 0x40, 0xF0, 0xF0, 0xF0, 0x00, 0x00, 0x0E, 0x73, 0x1D, 0xC7, 0x71, 0xDC,
    0x66, 0x39, 0x8E, 0xE3, 0xB8, 0xC0, 0x00, 0x00, 0x00, 0x00, 0x38, 0x18, 0x00, 0x30, 0x38, 0x00,
    0x70, 0x38, 0x00, 0x70, 0x30, 0x00, 0x60, 0x70, 0x00, 0xE0, 0x70, 0x1F, 0xFF, 0xFF, 0x1F, 0xFF,
    0xFF, 0x01, 0xC0, 0xE0, 0x01, 0xC0, 0xC0, 0x01, 0x81, 0xC0, 0x03, 0x81, 0xC0, 0x03, 0x81, 0x80,
    0x03, 0x03, 0x80, 0x07, 0x03, 0x80, 0xFF, 0xFF, 0xF8, 0xFF, 0xFF, 0xF8, 0x06, 0x07, 0x00, 0x0E,
    0x06, 0x00, 0x0C, 0x0E, 0x00, 0x0C, 0x0E, 0x00, 0x1C, 0x0C, 0x00, 0x1C, 0x0C, 0x00, 0x00, 0x00,
    0x00, 0x00, 0x30, 0x00, 0x03, 0x80, 0x00, 0x1C, 0x00, 0x01, 0xE0, 0x00, 0xFF, 0xF0, 0x0F, 0xFF,
    0xC0, 0xFB, 0x9E, 0x0F, 0x1C, 0x30, 0x70, 0xC0, 0x03, 0x86, 0x00, 0x3C, 0x30, 0x01, 0xE3, 0x80,
    0x07, 0x9C, 0x00, 0x3E, 0xC0, 0x00, 0xFF, 0x00, 0x01, 0xFE, 0x00, 0x03, 0xFC, 0x00, 0x1F, 0xF0,
    0x00, 0xC7, 0x80, 0x06, 0x1E, 0x00, 0x30, 0xF0, 0x03, 0x87, 0x08, 0x1C, 0x38, 0xF0, 0xC3, 0xC7,
    0xF6, 0xFC, 0x1F, 0xFF, 0xC0, 0x3F, 0xF8, 0x00, 0x1C, 0x00, 0x00, 0xC0, 0x00, 0x06, 0x00, 0x00,
    0x30, 0x00, 0x03, 0x00, 0x00, 0x0F, 0xC0, 0x0E, 0x1F, 0xE0, 0x1C, 0x38, 0x70, 0x1C, 0x70, 0x70,
    0x38, 0x60, 0x30, 0x70, 0x60, 0x70, 0xE0, 0x60, 0x71, 0xC0, 0x60, 0x73, 0x80, 0x60, 0x67, 0x00,
    0x70, 0xEE, 0x00, 0x7F, 0xCE, 0x38, 0x3F, 0x9C, 0xFC, 0x0E, 0x39, 0xFE, 0x00, 0x73, 0x87, 0x00,
    0xE7, 0x07, 0x01, 0xC6, 0x03, 0x03, 0x86, 0x07, 0x07, 0x06, 0x07, 0x07, 0x06, 0x07, 0x0E, 0x06,
    0x06, 0x1C, 0x07, 0x0E, 0x38, 0x07, 0xFC, 0x70, 0x03, 0xF8, 0x00, 0x00, 0x40, 0x00, 0x1C, 0x00,
    0x03, 0xFC, 0x00, 0x7F, 0xE0, 0x03, 0x83, 0x80, 0x38, 0x1C, 0x01, 0xC0, 0xE0, 0x0E, 0x07, 0x00,
    0x70, 0x70, 0x03, 0xC7, 0x80, 0x0E, 0xF8, 0x00, 0x7F, 0x00, 0x03, 0xE0, 0x00, 0x7F, 0x00, 0x07,
    0x9C, 0x18, 0xF0, 0xF0, 0xE7, 0x03, 0xC6, 0x70, 0x0F, 0x73, 0x80, 0x3F, 0x1C, 0x00, 0xF8, 0xE0,
    0x07, 0x87, 0x00, 0x7E, 0x3E, 0x0F, 0xF8, 0xFF, 0xF9, 0xC3, 0xFF, 0x0E, 0x01, 0x80, 0x00, 0x01,
    0xCC, 0xE7, 0x39, 0x8C, 0xE7, 0x00, 0x00, 0xE0, 0x38, 0x0F, 0x01, 0xC0, 0x70, 0x0E, 0x03, 0x80,
    0x70, 0x1C, 0x03, 0x80, 0x70, 0x1C, 0x03, 0x80, 0x70, 0x1C, 0x03, 0x80, 0x70, 0x0E, 0x01, 0xC0,
    0x38, 0x07, 0x01, 0xC0, 0x38, 0x07, 0x00, 0x70, 0x0E, 0x01, 0xC0, 0x38, 0x07, 0x00, 0xE0, 0x0E,
    0x01, 0xC0, 0x01, 0xC0, 0x38, 0x07, 0x00, 0x70, 0x0E, 0x01, 0xC0, 0x38, 0x07, 0x00, 0xE0, 0x1C,
    0x03, 0x80, 0x70, 0x0E, 0x01, 0xC0, 0x38, 0x07, 0x01, 0xC0, 0x38, 0x07, 0x00, 0xE0, 0x38, 0x07,
    0x00, 0xE0, 0x38, 0x07, 0x01, 0xC0, 0x38, 0x0E, 0x01, 0xC0, 0x70, 0x1C, 0x03, 0x80, 0x03, 0x00,
    0x18, 0x00, 0xC0, 0xE6, 0x77, 0xBF, 0x8F, 0xF0, 0x3E, 0x07, 0xF8, 0xFF, 0xF7, 0x33, 0x03, 0x80,
    0x18, 0x00, 0xC0, 0x00, 0x00, 0xE0, 0x00, 0xE0, 0x00, 0xC0, 0x01, 0xC0, 0x01, 0xC0, 0x01, 0xC0,
    0x7F, 0xFF, 0xFF, 0xFF, 0xFF, 0xFE, 0x03, 0x80, 0x03, 0x80, 0x03, 0x80, 0x03, 0x00, 0x07, 0x00,
    0x07, 0x00, 0x33, 0xDE, 0xF3, 0x39, 0x9C, 0xC0, 0x7F, 0xDF, 0xF0, 0x00, 0x6F, 0xFF, 0x00, 0x00,
    0x00, 0x70, 0x00, 0x03, 0x80, 0x00, 0x38, 0x00, 0x01, 0xC0, 0x00, 0x1C, 0x00, 0x01, 0xE0, 0x00,
    0x0E, 0x00, 0x00, 0xE0, 0x00, 0x07, 0x00, 0x00, 0x70, 0x00, 0x03, 0x80, 0x00, 0x38, 0x00, 0x01,
    0xC0, 0x00, 0x1C, 0x00, 0x00, 0xE0, 0x00, 0x0E, 0x00, 0x00, 0xF0, 0x00, 0x07, 0x00, 0x00, 0x70,
    0x00, 0x03, 0x80, 0x00, 0x38, 0x00, 0x01, 0xC0, 0x00, 0x1C, 0x00, 0x00, 0xE0, 0x00, 0x0E, 0x00,
    0x00, 0x70, 0x00, 0x07, 0x00, 0x00, 0x70, 0x00, 0x03, 0x80, 0x00, 0x38, 0x00, 0x01, 0xC0, 0x00,
    0x0C, 0x00, 0x00, 0x00, 0x1C, 0x00, 0x07, 0xFC, 0x00, 0xFF, 0xF0, 0x0F, 0x87, 0xC0, 0xF0, 0x0E,
    0x07, 0x00, 0x78, 0x78, 0x01, 0xC7, 0x80, 0x0E, 0x38, 0x00, 0x71, 0xC0, 0x03, 0x9E, 0x00, 0x1C,
    0xE0, 0x00, 0xE7, 0x00, 0x07, 0x38, 0x00, 0x39, 0xC0, 0x03, 0xCE, 0x00, 0x1C, 0x70, 0x00, 0xE3,
    0x80, 0x0F, 0x1C, 0x00, 0xF0, 0xF0, 0x07, 0x03, 0x80, 0xF8, 0x1F, 0x1F, 0x80, 0x7F, 0xF8, 0x01,
    0xFF, 0x00, 0x01, 0xC0, 0x00, 0x00, 0x1F, 0xEF, 0xF8, 0x0E, 0x07, 0x81, 0xC0, 0x70, 0x1C, 0x07,
    0x01, 0xC0, 0xE0, 0x38, 0x0E, 0x03, 0x80, 0xE0, 0x70, 0x1C, 0x07, 0x01, 0xC0, 0x70, 0x38, 0x0E,
    0x03, 0x80, 0xE0, 0x00, 0x3C, 0x00, 0x1F, 0xF8, 0x07, 0xFF, 0xC0, 0xF8, 0x3E, 0x0E, 0x00, 0xE0,
    0x40, 0x0F, 0x00, 0x00, 0xF0, 0x00, 0x0E, 0x00, 0x00, 0xE0, 0x00, 0x1E, 0x00, 0x01, 0xC0, 0x00,
    0x3C, 0x00, 0x0F, 0x80, 0x01, 0xF0, 0x00, 0x3C, 0x00, 0x07, 0x80, 0x00, 0xF0, 0x00, 0x3E, 0x00,
    0x07, 0x80, 0x00, 0xF0, 0x00, 0x1E, 0x00, 0x07, 0xC0, 0x00, 0x7F, 0xFF, 0x8F, 0xFF, 0xF8, 0x00,
    0x00, 0x00, 0x7F, 0xFF, 0x0F, 0xFF, 0xF0, 0x00, 0x1E, 0x00, 0x03, 0xC0, 0x00, 0x78, 0x00, 0x07,
    0x00, 0x00, 0xE0, 0x00, 0x1C, 0x00, 0x03, 0x80, 0x00, 0x70, 0x00, 0x0F, 0xE0, 0x00, 0xFF, 0x00,
    0x00, 0xF8, 0x00, 0x03, 0xC0, 0x00, 0x1C, 0x00, 0x01, 0xC0, 0x00, 0x1C, 0x00, 0x01, 0xC4, 0x00,
    0x38, 0xF0, 0x07, 0x8F, 0xE3, 0xF0, 0x7F, 0xFE, 0x01, 0xFF, 0x80, 0x01, 0xC0, 0x00, 0x00, 0x00,
    0x00, 0x00, 0x07, 0x80, 0x00, 0x3C, 0x00, 0x01, 0xE0, 0x00, 0x0F, 0x00, 0x00, 0x78, 0x00, 0x03,
    0xC0, 0x00, 0x1E, 0x00, 0x00, 0xF0, 0x00, 0x07, 0x80, 0x00, 0x3C, 0x1C, 0x01, 0xE0, 0x70, 0x0F,
    0x01, 0xC0, 0x78, 0x0E, 0x03, 0xC0, 0x38, 0x1F, 0xFF, 0xFE, 0x7F, 0xFF, 0xF9, 0xFF, 0xFF, 0xE0,
    0x00, 0x70, 0x00, 0x01, 0xC0, 0x00, 0x07, 0x00, 0x00, 0x1C, 0x00, 0x00, 0x70, 0x00, 0x03, 0x80,
    0x00, 0x00, 0x00, 0x0F, 0xFF, 0x80, 0x7F, 0xFC, 0x07, 0x00, 0x00, 0x38, 0x00, 0x01, 0xC0, 0x00,
    0x1C, 0x00, 0x00, 0xE0, 0x00, 0x07, 0x00, 0x00, 0x78, 0x00, 0x03, 0xFF, 0x00, 0x1F, 0xFE, 0x00,
    0xFF, 0xF8, 0x00, 0x03, 0xE0, 0x00, 0x07, 0x00, 0x00, 0x38, 0x00, 0x01, 0xC0, 0x00, 0x0E, 0x00,
    0x00, 0x70, 0x40, 0x07, 0x87, 0x00, 0x78, 0x3F, 0x0F, 0xC0, 0xFF, 0xFC, 0x03, 0xFF, 0x80, 0x01,
    0xC0, 0x00, 0x00, 0x1F, 0x00, 0x0F, 0xFE, 0x03, 0xFF, 0xE0, 0x7E, 0x0E, 0x0F, 0x80, 0x01, 0xE0,
    0x00, 0x1C, 0x00, 0x03, 0xC0, 0x00, 0x38, 0x00, 0x07, 0x80, 0x00, 0x71, 0xFC, 0x07, 0x7F, 0xF0,
    0x7F, 0xFF, 0x87, 0xC0, 0x78, 0x78, 0x03, 0xC7, 0x00, 0x1C, 0x70, 0x01, 0xC7, 0x00, 0x1C, 0x70,
    0x01, 0xC7, 0x80, 0x3C, 0x38, 0x07, 0x81, 0xE0, 0xF8, 0x1F, 0xFF, 0x00, 0x7F, 0xC0, 0x00, 0xE0,
    0x00, 0x00, 0x00, 0x0F, 0xFF, 0xFD, 0xFF, 0xFF, 0xB8, 0x00, 0xE7, 0x00, 0x3C, 0xE0, 0x07, 0x3C,
    0x01, 0xC3, 0x00, 0x78, 0x00, 0x0E, 0x00, 0x03, 0xC0, 0x00, 0xF0, 0x00, 0x1C, 0x00, 0x07, 0x80,
    0x01, 0xE0, 0x00, 0x38, 0x00, 0x0F, 0x00, 0x03, 0xC0, 0x00, 0x70, 0x00, 0x1E, 0x00, 0x03, 0x80,
    0x00, 0xE0, 0x00, 0x3C, 0x00, 0x07, 0x00, 0x01, 0xC0, 0x00, 0x00, 0x7C, 0x00, 0x3F, 0xF8, 0x07,
    0xFF, 0xC0, 0xF8, 0x3E, 0x1E, 0x00, 0xE1, 0xC0, 0x0F, 0x1C, 0x00, 0x71, 0xC0, 0x07, 0x1C, 0x00,
    0xE1, 0xE0, 0x1E, 0x0F, 0x87, 0xC0, 0x7F, 0xF8, 0x1F, 0xFF, 0x03, 0xE0, 0xF8, 0x78, 0x03, 0xCF,
    0x00, 0x1C, 0xE0, 0x01, 0xCE, 0x00, 0x1C, 0xE0, 0x01, 0xCE, 0x00, 0x1C, 0xF0, 0x03, 0xC7, 0xC1,
    0xF8, 0x3F, 0xFF, 0x01, 0xFF, 0xC0, 0x01, 0xC0, 0x00, 0x00, 0xF0, 0x00, 0xFF, 0xC0, 0x3F, 0xFC,
    0x0F, 0x07, 0xC3, 0xC0, 0x38, 0x70, 0x03, 0x9C, 0x00, 0x73, 0x80, 0x0E, 0x70, 0x01, 0xEE, 0x00,
    0x3D, 0xE0, 0x0F, 0x9E, 0x03, 0xF1, 0xFF, 0xFC, 0x1F, 0xFB, 0x80, 0xFC, 0x70, 0x00, 0x1E, 0x00,
    0x03, 0x80, 0x00, 0x70, 0x00, 0x1C, 0x00, 0x07, 0x80, 0x01, 0xE1, 0xC1, 0xF8, 0x3F, 0xFE, 0x07,
    0xFF, 0x00, 0x0E, 0x00, 0x00, 0x0C, 0x3C, 0x78, 0xF0, 0x00, 0x00, 0x00, 0x00, 0x00, 0x00, 0x00,
    0x00, 0x18, 0x78, 0xF1, 0xE0, 0x00, 0x06, 0x0F, 0x0F, 0x0F, 0x00, 0x00, 0x00, 0x00, 0x00, 0x00,
    0x00, 0x00, 0x00, 0x00, 0x30, 0x78, 0x78, 0x78, 0x30, 0x70, 0x60, 0xE0, 0xC0, 0x00, 0x00, 0x80,
    0x03, 0xC0, 0x0F, 0xE0, 0x1F, 0xC0, 0x7F, 0x01, 0xFE, 0x01, 0xF8, 0x01, 0xE0, 0x00, 0xFC, 0x00,
    0x1F, 0xC0, 0x03, 0xF8, 0x00, 0x3F, 0x00, 0x07, 0xE0, 0x00, 0xE0, 0x00, 0x00, 0x1F, 0xFF, 0x8F,
    0xFF, 0xE3, 0xFF, 0xF8, 0x00, 0x00, 0x00, 0x00, 0x00, 0x00, 0x00, 0x00, 0x00, 0x00, 0x00, 0x7F,
    0xFF, 0x1F, 0xFF, 0xC7, 0xFF, 0xE0, 0x10, 0x00, 0x0E, 0x00, 0x07, 0xC0, 0x01, 0xFC, 0x00, 0x3F,
    0x80, 0x03, 0xF0, 0x00, 0x7E, 0x00, 0x0F, 0x00, 0x3F, 0x00, 0xFE, 0x03, 0xFC, 0x07, 0xF0, 0x07,
    0xC0, 0x07, 0x80, 0x00, 0x00, 0x00, 0x01, 0xE0, 0x0F, 0xFC, 0x3F, 0xFE, 0x7C, 0x1F, 0x70, 0x07,
    0x20, 0x07, 0x00, 0x07, 0x00, 0x07, 0x00, 0x0F, 0x00, 0x0E, 0x00, 0x3E, 0x00, 0x78, 0x00, 0xF0,
    0x01, 0xE0, 0x03, 0xC0, 0x07, 0x80, 0x07, 0x00, 0x00, 0x00, 0x00, 0x00, 0x00, 0x00, 0x04, 0x00,
    0x0E, 0x00, 0x1F, 0x00, 0x0E, 0x00, 0x04, 0x00, 0x00, 0x01, 0xF8, 0x00, 0x00, 0x1F, 0xFF, 0x80,
    0x00, 0x7F, 0xFF, 0xE0, 0x00, 0xF8, 0x01, 0xF0, 0x03, 0xE0, 0x00, 0x78, 0x07, 0x80, 0x00, 0x1C,
    0x0F, 0x00, 0x00, 0x0E, 0x1E, 0x07, 0xF1, 0xCE, 0x1C, 0x1F, 0xFD, 0xC6, 0x38, 0x3F, 0x3F, 0xC7,
    0x38, 0x78, 0x0F, 0xC7, 0x70, 0xF0, 0x07, 0x83, 0x70, 0xE0, 0x03, 0x83, 0x61, 0xC0, 0x03, 0x83,
    0xE1, 0xC0, 0x03, 0x87, 0xE1, 0xC0, 0x03, 0x87, 0xE1, 0xC0, 0x03, 0x07, 0xE1, 0xC0, 0x07, 0x06,
    0xE1, 0xC0, 0x07, 0x0E, 0xE1, 0xC0, 0x0F, 0x0E, 0xE0, 0xE0, 0x1F, 0x1C, 0xE0, 0xF8, 0x7F, 0x38,
    0x60, 0x7F, 0xF7, 0xF8, 0x70, 0x3F, 0xE3, 0xF0, 0x70, 0x02, 0x00, 0x80, 0x38, 0x00, 0x00, 0x00,
    0x1C, 0x00, 0x00, 0x00, 0x0F, 0x00, 0x10, 0x00, 0x07, 0xF1, 0xF8, 0x00, 0x01, 0xFF, 0xF0, 0x00,
    0x00, 0x7F, 0xC0, 0x00, 0x00, 0x00, 0x00, 0x00, 0x01, 0xC0, 0x00, 0x03, 0xE0, 0x00, 0x07, 0xE0,
    0x00, 0x07, 0xE0, 0x00, 0x0E, 0xE0, 0x00, 0x1E, 0x70, 0x00, 0x1C, 0x70, 0x00, 0x38, 0x70, 0x00,
    0x78, 0x78, 0x00, 0x70, 0x38, 0x00, 0xE0, 0x38, 0x01, 0xE0, 0x38, 0x01, 0xC0, 0x3C, 0x03, 0xC0,
    0x1C, 0x03, 0xFF, 0xFC, 0x07, 0xFF, 0xFC, 0x0F, 0xFF, 0xFE, 0x0E, 0x00, 0x0E, 0x1C, 0x00, 0x0E,
    0x3C, 0x00, 0x0E, 0x38, 0x00, 0x0F, 0x70, 0x00, 0x07, 0xF0, 0x00, 0x07, 0x00, 0x00, 0x00, 0x3F,
    0xFF, 0x80, 0xFF, 0xFF, 0x83, 0x80, 0x3E, 0x0E, 0x00, 0x3C, 0x78, 0x00, 0x71, 0xC0, 0x01, 0xC7,
    0x00, 0x07, 0x1C, 0x00, 0x3C, 0x70, 0x01, 0xE3, 0xC0, 0x1F, 0x0F, 0xFF, 0xF8, 0x3F, 0xFF, 0xE0,
    0xFF, 0xFF, 0xC3, 0x80, 0x07, 0x9E, 0x00, 0x0E, 0x70, 0x00, 0x39, 0xC0, 0x00, 0xE7, 0x00, 0x03,
    0x9C, 0x00, 0x1E, 0xF0, 0x00, 0xF3, 0x80, 0x1F, 0x8F, 0xFF, 0xFC, 0x3F, 0xFF, 0xC0, 0x00, 0x0F,
    0x00, 0x01, 0xFF, 0xE0, 0x0F, 0xFF, 0xE0, 0x3F, 0x07, 0xE0, 0xF8, 0x01, 0xC3, 0xC0, 0x01, 0x0F,
    0x00, 0x00, 0x1C, 0x00, 0x00, 0x70, 0x00, 0x00, 0xE0, 0x00, 0x03, 0xC0, 0x00, 0x07, 0x00, 0x00,
    0x0E, 0x00, 0x00, 0x1C, 0x00, 0x00, 0x38, 0x00, 0x00, 0x70, 0x00, 0x00, 0xE0, 0x00, 0x01, 0xC0,
    0x00, 0x03, 0xC0, 0x00, 0x03, 0xC0, 0x01, 0x03, 0xC0, 0x0F, 0x07, 0xF0, 0xFE, 0x03, 0xFF, 0xF0,
    0x03, 0xFF, 0xC0, 0x00, 0x70, 0x00, 0x00, 0x00, 0x00, 0x07, 0xFF, 0xF0, 0x03, 0xFF, 0xFE, 0x01,
    0xC0, 0x3F, 0x80, 0xE0, 0x03, 0xE0, 0xF0, 0x00, 0x78, 0x70, 0x00, 0x3C, 0x38, 0x00, 0x0E, 0x1C,
    0x00, 0x07, 0x8E, 0x00, 0x03, 0xCF, 0x00, 0x00, 0xE7, 0x00, 0x00, 0xF3, 0x80, 0x00, 0x79, 0xC0,
    0x00, 0x38, 0xE0, 0x00, 0x1C, 0xF0, 0x00, 0x1E, 0x70, 0x00, 0x0E, 0x38, 0x00, 0x0F, 0x1C, 0x00,
    0x0F, 0x0E, 0x00, 0x0F, 0x8F, 0x00, 0x1F, 0x87, 0x00, 0xFF, 0x03, 0xFF, 0xFF, 0x01, 0xFF, 0xFE,
    0x00, 0x00, 0x00, 0x00, 0x7F, 0xFF, 0xC3, 0xFF, 0xFE, 0x1C, 0x00, 0x00, 0xE0, 0x00, 0x0F, 0x00,
    0x00, 0x70, 0x00, 0x03, 0x80, 0x00, 0x1C, 0x00, 0x00, 0xE0, 0x00, 0x0F, 0x00, 0x00, 0x7F, 0xFF,
    0x03, 0xFF, 0xF8, 0x1F, 0xFF, 0xC0, 0xE0, 0x00, 0x0F, 0x00, 0x00, 0x70, 0x00, 0x03, 0x80, 0x00,
    0x1C, 0x00, 0x00, 0xE0, 0x00, 0x0F, 0x00, 0x00, 0x70, 0x00, 0x03, 0xFF, 0xFE, 0x1F, 0xFF, 0xF0,
    0x00, 0x00, 0x00, 0x7F, 0xFF, 0xC3, 0xFF, 0xFE, 0x1C, 0x00, 0x00, 0xE0, 0x00, 0x0F, 0x00, 0x00,
    0x70, 0x00, 0x03, 0x80, 0x00, 0x1C, 0x00, 0x00, 0xE0, 0x00, 0x0F, 0x00, 0x00, 0x70, 0x00, 0x03,
    0xFF, 0xF8, 0x1F, 0xFF, 0xC0, 0xFF, 0xFC, 0x0F, 0x00, 0x00, 0x70, 0x00, 0x03, 0x80, 0x00, 0x1C,
    0x00, 0x00, 0xE0, 0x00, 0x0F, 0x00, 0x00, 0x70, 0x00, 0x03, 0x80, 0x00, 0x1C, 0x00, 0x00, 0x00,
    0x0F, 0x80, 0x01, 0xFF, 0xE0, 0x0F, 0xFF, 0xF0, 0x3F, 0x83, 0xF0, 0xF8, 0x01, 0xE3, 0xC0, 0x00,
    0x8F, 0x00, 0x00, 0x1C, 0x00, 0x00, 0x70, 0x00, 0x00, 0xE0, 0x00, 0x03, 0xC0, 0x00, 0x07, 0x00,
    0x00, 0x0E, 0x00, 0x03, 0x9C, 0x00, 0x07, 0x38, 0x00, 0x0E, 0x70, 0x00, 0x1C, 0xE0, 0x00, 0x79,
    0xC0, 0x00, 0xE3, 0xC0, 0x01, 0xC3, 0xC0, 0x03, 0x83, 0xC0, 0x0F, 0x07, 0xF0, 0xFC, 0x03, 0xFF,
    0xF0, 0x03, 0xFF, 0x80, 0x00, 0x70, 0x00, 0x00, 0x00, 0x00, 0x0E, 0x00, 0x07, 0x0E, 0x00, 0x07,
    0x0E, 0x00, 0x07, 0x0E, 0x00, 0x0F, 0x1E, 0x00, 0x0E, 0x1C, 0x00, 0x0E, 0x1C, 0x00, 0x0E, 0x1C,
    0x00, 0x0E, 0x1C, 0x00, 0x1E, 0x3C, 0x00, 0x1C, 0x3F, 0xFF, 0xFC, 0x3F, 0xFF, 0xFC, 0x3F, 0xFF,
    0xFC, 0x38, 0x00, 0x3C, 0x78, 0x00, 0x38, 0x70, 0x00, 0x38, 0x70, 0x00, 0x38, 0x70, 0x00, 0x38,
    0x70, 0x00, 0x78, 0xF0, 0x00, 0x70, 0xE0, 0x00, 0x70, 0xE0, 0x00, 0x70, 0xE0, 0x00, 0x70, 0x00,
    0x0E, 0x0E, 0x0E, 0x0E, 0x1E, 0x1C, 0x1C, 0x1C, 0x1C, 0x3C, 0x38, 0x38, 0x38, 0x38, 0x78, 0x70,
    0x70, 0x70, 0x70, 0xF0, 0xE0, 0xE0, 0xE0, 0x00, 0x00, 0x00, 0x7F, 0xF0, 0x3F, 0xFC, 0x00, 0x07,
    0x00, 0x03, 0xC0, 0x00, 0xE0, 0x00, 0x38, 0x00, 0x0E, 0x00, 0x03, 0x80, 0x01, 0xE0, 0x00, 0x70,
    0x00, 0x1C, 0x00, 0x07, 0x00, 0x01, 0xC0, 0x00, 0xF0, 0x00, 0x38, 0x00, 0x0E, 0x00, 0x03, 0x80,
    0x01, 0xE0, 0x80, 0x70, 0x70, 0x3C, 0x1F, 0x1E, 0x03, 0xFF, 0x80, 0x7F, 0x80, 0x03, 0x00, 0x00,
    0x00, 0x00, 0x00, 0x0E, 0x00, 0x1E, 0x0E, 0x00, 0x3C, 0x0E, 0x00, 0x78, 0x0E, 0x00, 0xF0, 0x1E,
    0x03, 0xE0, 0x1C, 0x07, 0xC0, 0x1C, 0x0F, 0x00, 0x1C, 0x1E, 0x00, 0x1C, 0x3C, 0x00, 0x3C, 0x78,
    0x00, 0x39, 0xF0, 0x00, 0x3B, 0xF0, 0x00, 0x3F, 0xF8, 0x00, 0x3F, 0x38, 0x00, 0x7E, 0x1C, 0x00,
    0x7C, 0x1E, 0x00, 0x78, 0x0F, 0x00, 0x70, 0x07, 0x00, 0x70, 0x07, 0x80, 0xF0, 0x03, 0xC0, 0xE0,
    0x01, 0xC0, 0xE0, 0x01, 0xE0, 0xE0, 0x00, 0xF0, 0x00, 0x00, 0x0E, 0x00, 0x0E, 0x00, 0x0E, 0x00,
    0x0E, 0x00, 0x1E, 0x00, 0x1C, 0x00, 0x1C, 0x00, 0x1C, 0x00, 0x1C, 0x00, 0x3C, 0x00, 0x38, 0x00,
    0x38, 0x00, 0x38, 0x00, 0x38, 0x00, 0x78, 0x00, 0x70, 0x00, 0x70, 0x00, 0x70, 0x00, 0x70, 0x00,
    0xF0, 0x00, 0xE0, 0x00, 0xFF, 0xFF, 0xFF, 0xFF, 0x00, 0x00, 0x00, 0x00, 0x70, 0x00, 0x01, 0xC3,
    0xC0, 0x00, 0x1E, 0x1E, 0x00, 0x01, 0xF0, 0xF0, 0x00, 0x1F, 0x0F, 0xC0, 0x00, 0xF8, 0x7E, 0x00,
    0x0F, 0xC3, 0xB8, 0x00, 0xEE, 0x1D, 0xC0, 0x0F, 0xF0, 0xEE, 0x00, 0xF7, 0x0E, 0x38, 0x07, 0x38,
    0x71, 0xC0, 0x71, 0xC3, 0x8F, 0x07, 0x8E, 0x1C, 0x38, 0x78, 0xF0, 0xE1, 0xC3, 0x87, 0x0E, 0x07,
    0x38, 0x38, 0x70, 0x3B, 0x81, 0xC3, 0x81, 0xFC, 0x0E, 0x1C, 0x07, 0xC0, 0xF0, 0xE0, 0x3C, 0x07,
    0x0E, 0x00, 0xC0, 0x38, 0x70, 0x00, 0x01, 0xC3, 0x80, 0x00, 0x0E, 0x1C, 0x00, 0x00, 0xF0, 0x00,
    0x00, 0x00, 0x0E, 0x00, 0x07, 0x0F, 0x00, 0x07, 0x0F, 0x80, 0x07, 0x0F, 0x80, 0x0F, 0x1F, 0xC0,
    0x0E, 0x1D, 0xC0, 0x0E, 0x1D, 0xE0, 0x0E, 0x1C, 0xE0, 0x0E, 0x1C, 0x70, 0x1E, 0x3C, 0x78, 0x1C,
    0x38, 0x38, 0x1C, 0x38, 0x3C, 0x1C, 0x38, 0x1C, 0x1C, 0x38, 0x1E, 0x3C, 0x78, 0x0E, 0x38, 0x70,
    0x07, 0x38, 0x70, 0x07, 0xB8, 0x70, 0x03, 0xB8, 0x70, 0x03, 0xF8, 0xF0, 0x01, 0xF0, 0xE0, 0x01,
    0xF0, 0xE0, 0x00, 0xF0, 0xE0, 0x00, 0x70, 0x00, 0x0F, 0x00, 0x00, 0x7F, 0xF8, 0x00, 0xFF, 0xFE,
    0x00, 0xFC, 0x1F, 0xC0, 0xF8, 0x01, 0xE0, 0xF0, 0x00, 0x78, 0xF0, 0x00, 0x1C, 0xF0, 0x00, 0x0F,
    0x70, 0x00, 0x03, 0xB8, 0x00, 0x01, 0xFC, 0x00, 0x00, 0xFC, 0x00, 0x00, 0x7E, 0x00, 0x00, 0x3F,
    0x00, 0x00, 0x1F, 0x80, 0x00, 0x1F, 0xC0, 0x00, 0x0E, 0xE0, 0x00, 0x0F, 0x70, 0x00, 0x07, 0x3C,
    0x00, 0x07, 0x8F, 0x00, 0x07, 0x87, 0xC0, 0x0F, 0x81, 0xFC, 0x3F, 0x80, 0x7F, 0xFF, 0x80, 0x0F,
    0xFF, 0x00, 0x00, 0x70, 0x00, 0x00, 0x00, 0x00, 0x00, 0x3F, 0xFF, 0x00, 0xFF, 0xFE, 0x03, 0x80,
    0xFC, 0x0E, 0x00, 0x78, 0x78, 0x00, 0xE1, 0xC0, 0x03, 0xC7, 0x00, 0x0F, 0x1C, 0x00, 0x3C, 0x70,
    0x00, 0xE3, 0xC0, 0x03, 0x8E, 0x00, 0x1E, 0x38, 0x00, 0xF0, 0xE0, 0x07, 0xC3, 0xFF, 0xFE, 0x1F,
    0xFF, 0xE0, 0x7F, 0xFE, 0x01, 0xC0, 0x00, 0x07, 0x00, 0x00, 0x1C, 0x00, 0x00, 0xF0, 0x00, 0x03,
    0x80, 0x00, 0x0E, 0x00, 0x00, 0x38, 0x00, 0x00, 0x00, 0x0F, 0x00, 0x00, 0x7F, 0xF8, 0x00, 0xFF,
    0xFE, 0x00, 0xFC, 0x1F, 0xC0, 0xF8, 0x01, 0xE0, 0xF0, 0x00, 0x78, 0xF0, 0x00, 0x1C, 0xF0, 0x00,
    0x0F, 0x70, 0x00, 0x03, 0xB8, 0x00, 0x01, 0xFC, 0x00, 0x00, 0xFC, 0x00, 0x00, 0x7E, 0x00, 0x00,
    0x3F, 0x00, 0x00, 0x1F, 0x80, 0x00, 0x1F, 0xC0, 0x00, 0x0E, 0xE0, 0x00, 0x0F, 0x70, 0x00, 0x07,
    0x3C, 0x00, 0x07, 0x8F, 0x00, 0x07, 0x87, 0xC0, 0x0F, 0x81, 0xFC, 0x3F, 0x80, 0x7F, 0xFF, 0x80,
    0x0F, 0xFF, 0x00, 0x00, 0x7C, 0x00, 0x00, 0x1F, 0x07, 0x00, 0x07, 0xFF, 0x80, 0x00, 0xFF, 0x80,
    0x00, 0x1F, 0x00, 0x00, 0x00, 0x00, 0x3F, 0xFF, 0x00, 0xFF, 0xFE, 0x03, 0x80, 0xFC, 0x0E, 0x00,
    0x78, 0x78, 0x00, 0xE1, 0xC0, 0x03, 0xC7, 0x00, 0x0F, 0x1C, 0x00, 0x3C, 0x70, 0x00, 0xE3, 0xC0,
    0x03, 0x8E, 0x00, 0x1E, 0x38, 0x00, 0xF0, 0xE0, 0x07, 0xC3, 0xFF, 0xFE, 0x1F, 0xFF, 0xE0, 0x7F,
    0xFE, 0x01, 0xC0, 0x38, 0x07, 0x00, 0xF0, 0x1C, 0x01, 0xC0, 0xF0, 0x07, 0x83, 0x80, 0x0E, 0x0E,
    0x00, 0x1C, 0x38, 0x00, 0x78, 0x00, 0x1E, 0x00, 0x0F, 0xFF, 0x00, 0xFF, 0xFC, 0x0F, 0x81, 0xE0,
    0xF0, 0x03, 0x07, 0x00, 0x00, 0x38, 0x00, 0x03, 0xC0, 0x00, 0x1E, 0x00, 0x00, 0x78, 0x00, 0x03,
    0xE0, 0x00, 0x0F, 0xF0, 0x00, 0x1F, 0xE0, 0x00, 0x3F, 0xC0, 0x00, 0x3F, 0x00, 0x00, 0x78, 0x00,
    0x01, 0xE0, 0x00, 0x0F, 0x00, 0x00, 0x70, 0x80, 0x03, 0x8F, 0x00, 0x3C, 0x7F, 0x0F, 0xC1, 0xFF,
    0xFC, 0x03, 0xFF, 0x80, 0x01, 0xC0, 0x00, 0x00, 0x00, 0x07, 0xFF, 0xFF, 0xFF, 0xFF, 0xF0, 0x0E,
    0x00, 0x00, 0xE0, 0x00, 0x0E, 0x00, 0x00, 0xE0, 0x00, 0x1E, 0x00, 0x01, 0xC0, 0x00, 0x1C, 0x00,
    0x01, 0xC0, 0x00, 0x1C, 0x00, 0x03, 0xC0, 0x00, 0x38, 0x00, 0x03, 0x80, 0x00, 0x38, 0x00, 0x03,
    0x80, 0x00, 0x78, 0x00, 0x07, 0x00, 0x00, 0x70, 0x00, 0x07, 0x00, 0x00, 0x70, 0x00, 0x0F, 0x00,
    0x00, 0xE0, 0x00, 0x00, 0x00, 0x00, 0x0E, 0x00, 0x0E, 0x1E, 0x00, 0x0E, 0x1C, 0x00, 0x0E, 0x1C,
    0x00, 0x0E, 0x1C, 0x00, 0x1C, 0x1C, 0x00, 0x1C, 0x3C, 0x00, 0x1C, 0x38, 0x00, 0x1C, 0x38, 0x00,
    0x1C, 0x38, 0x00, 0x38, 0x38, 0x00, 0x38, 0x78, 0x00, 0x38, 0x70, 0x00, 0x38, 0x70, 0x00, 0x38,
    0x70, 0x00, 0x70, 0x70, 0x00, 0x70, 0x70, 0x00, 0x70, 0x70, 0x00, 0xE0, 0x78, 0x01, 0xE0, 0x3C,
    0x03, 0xC0, 0x3F, 0x1F, 0x80, 0x1F, 0xFF, 0x00, 0x07, 0xFE, 0x00, 0x00, 0xE0, 0x00, 0x00, 0x00,
    0x00, 0x70, 0x00, 0x0F, 0x70, 0x00, 0x0E, 0x70, 0x00, 0x1E, 0x78, 0x00, 0x1C, 0x38, 0x00, 0x38,
    0x38, 0x00, 0x78, 0x38, 0x00, 0x70, 0x3C, 0x00, 0xE0, 0x1C, 0x01, 0xE0, 0x1C, 0x01, 0xC0, 0x1C,
    0x03, 0x80, 0x1E, 0x07, 0x80, 0x0E, 0x07, 0x00, 0x0E, 0x0F, 0x00, 0x0E, 0x1E, 0x00, 0x0F, 0x1C,
    0x00, 0x07, 0x3C, 0x00, 0x07, 0x78, 0x00, 0x07, 0x70, 0x00, 0x07, 0xF0, 0x00, 0x03, 0xE0, 0x00,
    0x03, 0xC0, 0x00, 0x03, 0xC0, 0x00, 0x00, 0x00, 0x00, 0x00, 0x0F, 0x00, 0x0E, 0x00, 0x0E, 0x70,
    0x01, 0xF0, 0x01, 0xE7, 0x00, 0x1F, 0x00, 0x1C, 0x70, 0x03, 0xF0, 0x03, 0xC7, 0x00, 0x3F, 0x00,
    0x38, 0x70, 0x07, 0x70, 0x07, 0x07, 0x00, 0x77, 0x00, 0x70, 0x78, 0x0E, 0x70, 0x0E, 0x03, 0x80,
    0xE3, 0x80, 0xE0, 0x38, 0x1C, 0x38, 0x1C, 0x03, 0x81, 0xC3, 0x83, 0xC0, 0x38, 0x38, 0x38, 0x38,
    0x03, 0x87, 0x83, 0x87, 0x80, 0x38, 0x70, 0x38, 0x70, 0x03, 0xCF, 0x03, 0x8F, 0x00, 0x3C, 0xE0,
    0x1C, 0xE0, 0x01, 0xDC, 0x01, 0xDE, 0x00, 0x1D, 0xC0, 0x1D, 0xC0, 0x01, 0xF8, 0x01, 0xF8, 0x00,
    0x1F, 0x80, 0x1F, 0x80, 0x01, 0xF0, 0x01, 0xF0, 0x00, 0x1F, 0x00, 0x1F, 0x00, 0x01, 0xE0, 0x00,
    0xE0, 0x00, 0x00, 0x00, 0x00, 0x00, 0xE0, 0x00, 0xE0, 0x1C, 0x00, 0x70, 0x07, 0x00, 0x38, 0x00,
    0xE0, 0x1C, 0x00, 0x3C, 0x0F, 0x00, 0x07, 0x07, 0x80, 0x01, 0xE3, 0xC0, 0x00, 0x39, 0xE0, 0x00,
    0x0F, 0xF0, 0x00, 0x01, 0xF8, 0x00, 0x00, 0x7C, 0x00, 0x00, 0x1E, 0x00, 0x00, 0x0F, 0xC0, 0x00,
    0x07, 0xF0, 0x00, 0x03, 0xCE, 0x00, 0x01, 0xE3, 0xC0, 0x00, 0xF0, 0x70, 0x00, 0x38, 0x1E, 0x00,
    0x1C, 0x03, 0x80, 0x0E, 0x00, 0xF0, 0x07, 0x80, 0x1C, 0x03, 0xC0, 0x03, 0x81, 0xE0, 0x00, 0xE0,
    0x00, 0x00, 0x03, 0x80, 0x00, 0xEF, 0x00, 0x07, 0x1C, 0x00, 0x38, 0x78, 0x01, 0xE0, 0xE0, 0x0F,
    0x03, 0x80, 0x38, 0x07, 0x01, 0xC0, 0x1C, 0x0E, 0x00, 0x78, 0x78, 0x00, 0xE3, 0xC0, 0x03, 0x9E,
    0x00, 0x07, 0x70, 0x00, 0x1F, 0x80, 0x00, 0x7E, 0x00, 0x00, 0xF0, 0x00, 0x03, 0x80, 0x00, 0x0E,
    0x00, 0x00, 0x38, 0x00, 0x01, 0xE0, 0x00, 0x07, 0x00, 0x00, 0x1C, 0x00, 0x00, 0x70, 0x00, 0x01,
    0xC0, 0x00, 0x00, 0x00, 0x00, 0x07, 0xFF, 0xFF, 0x07, 0xFF, 0xFF, 0x00, 0x00, 0x1E, 0x00, 0x00,
    0x3C, 0x00, 0x00, 0x78, 0x00, 0x00, 0xF0, 0x00, 0x01, 0xE0, 0x00, 0x03, 0xC0, 0x00, 0x07, 0x80,
    0x00, 0x0F, 0x00, 0x00, 0x1E, 0x00, 0x00, 0x3C, 0x00, 0x00, 0x78, 0x00, 0x00, 0xF0, 0x00, 0x01,
    0xE0, 0x00, 0x03, 0xC0, 0x00, 0x07, 0x80, 0x00, 0x0F, 0x00, 0x00, 0x1E, 0x00, 0x00, 0x3C, 0x00,
    0x00, 0x7C, 0x00, 0x00, 0x7F, 0xFF, 0xF0, 0xFF, 0xFF, 0xF0, 0x01, 0xF8, 0x1F, 0xC0, 0xFE, 0x07,
    0x00, 0x38, 0x01, 0xC0, 0x1C, 0x00, 0xE0, 0x07, 0x00, 0x38, 0x01, 0xC0, 0x1C, 0x00, 0xE0, 0x07,
    0x00, 0x38, 0x01, 0xC0, 0x1C, 0x00, 0xE0, 0x07, 0x00, 0x38, 0x01, 0xC0, 0x1C, 0x00, 0xE0, 0x07,
    0x00, 0x38, 0x01, 0xC0, 0x1C, 0x00, 0xE0, 0x07, 0x00, 0x3F, 0x01, 0xF8, 0x0F, 0xC0, 0xE0, 0xE0,
    0x60, 0x70, 0x70, 0x70, 0x70, 0x70, 0x30, 0x30, 0x38, 0x38, 0x38, 0x38, 0x38, 0x18, 0x1C, 0x1C,
    0x1C, 0x1C, 0x1C, 0x0C, 0x0C, 0x0E, 0x0E, 0x0E, 0x0E, 0x0E, 0x06, 0x07, 0x07, 0x07, 0x01, 0xF8,
    0x1F, 0xC0, 0xFE, 0x00, 0x70, 0x07, 0x80, 0x38, 0x01, 0xC0, 0x0E, 0x00, 0x70, 0x07, 0x80, 0x38,
    0x01, 0xC0, 0x0E, 0x00, 0x70, 0x07, 0x80, 0x38, 0x01, 0xC0, 0x0E, 0x00, 0x70, 0x07, 0x80, 0x38,
    0x01, 0xC0, 0x0E, 0x00, 0x70, 0x07, 0x80, 0x38, 0x01, 0xC0, 0x0E, 0x00, 0x70, 0x3F, 0x81, 0xF8,
    0x0F, 0xC0, 0x00, 0x70, 0x00, 0xE0, 0x03, 0xC0, 0x0F, 0x80, 0x1B, 0x80, 0x77, 0x01, 0xC6, 0x03,
    0x8C, 0x0E, 0x1C, 0x18, 0x38, 0x70, 0x71, 0xC0, 0x63, 0x80, 0xCE, 0x01, 0xD8, 0x01, 0x80, 0x7F,
    0xFF, 0xDF, 0xFF, 0xF0, 0x60, 0x78, 0x3C, 0x1C, 0x0E, 0x01, 0xF8, 0x70, 0x7F, 0xE7, 0x0F, 0xFF,
    0x71, 0xE0, 0x7F, 0x3C, 0x03, 0xE7, 0x80, 0x1E, 0x70, 0x01, 0xEF, 0x00, 0x0E, 0xE0, 0x00, 0xEE,
    0x00, 0x1C, 0xE0, 0x01, 0xCE, 0x00, 0x1C, 0xE0, 0x03, 0xCF, 0x00, 0x3C, 0x78, 0x0F, 0x87, 0xE3,
    0xF8, 0x3F, 0xFF, 0x80, 0xFF, 0x38, 0x01, 0x80, 0x00, 0x07, 0x00, 0x00, 0x38, 0x00, 0x01, 0xC0,
    0x00, 0x1E, 0x00, 0x00, 0xE0, 0x00, 0x07, 0x00, 0x00, 0x38, 0x00, 0x01, 0xC7, 0xC0, 0x1F, 0xFF,
    0x80, 0xFF, 0xFE, 0x07, 0xE0, 0x78, 0x3C, 0x01, 0xE1, 0xE0, 0x07, 0x1E, 0x00, 0x38, 0xE0, 0x01,
    0xC7, 0x00, 0x0E, 0x38, 0x00, 0x71, 0xC0, 0x03, 0x9E, 0x00, 0x1C, 0xF0, 0x01, 0xC7, 0x80, 0x1E,
    0x3E, 0x01, 0xE1, 0xFC, 0x3E, 0x1C, 0xFF, 0xE0, 0xE3, 0xFE, 0x00, 0x03, 0x00, 0x00, 0x00, 0xF8,
    0x01, 0xFF, 0x80, 0xFF, 0xF8, 0x78, 0x1E, 0x3C, 0x03, 0x9E, 0x00, 0x07, 0x00, 0x03, 0xC0, 0x00,
    0xE0, 0x00, 0x38, 0x00, 0x0E, 0x00, 0x03, 0x80, 0x00, 0xE0, 0x00, 0x3C, 0x00, 0x07, 0x80, 0x71,
    0xF8, 0xFC, 0x3F, 0xFE, 0x03, 0xFE, 0x00, 0x18, 0x00, 0x00, 0x00, 0x18, 0x00, 0x00, 0xE0, 0x00,
    0x03, 0x80, 0x00, 0x0E, 0x00, 0x00, 0x38, 0x00, 0x00, 0xE0, 0x00, 0x07, 0x00, 0x7E, 0x1C, 0x07,
    0xFE, 0x70, 0x3F, 0xFD, 0xC1, 0xE0, 0x7F, 0x0F, 0x00, 0xF8, 0x78, 0x01, 0xE1, 0xC0, 0x07, 0x8F,
    0x00, 0x0E, 0x38, 0x00, 0x38, 0xE0, 0x01, 0xC3, 0x80, 0x07, 0x0E, 0x00, 0x1C, 0x38, 0x00, 0xF0,
    0xF0, 0x03, 0xC1, 0xE0, 0x3E, 0x07, 0xE3, 0xF8, 0x0F, 0xFF, 0xE0, 0x0F, 0xF3, 0x80, 0x06, 0x00,
    0x00, 0x01, 0xF8, 0x01, 0xFF, 0x80, 0xFF, 0xF0, 0x78, 0x1E, 0x38, 0x03, 0x9E, 0x00, 0x77, 0x00,
    0x1F, 0xC0, 0x07, 0xFF, 0xFF, 0xFF, 0xFF, 0xFE, 0x00, 0x03, 0x80, 0x00, 0xE0, 0x00, 0x3C, 0x00,
    0x07, 0x80, 0x61, 0xF8, 0x7C, 0x3F, 0xFE, 0x03, 0xFE, 0x00, 0x08, 0x00, 0x00, 0xF8, 0x03, 0xF8,
    0x0F, 0xF0, 0x3C, 0x00, 0x70, 0x01, 0xE0, 0x03, 0x80, 0x3F, 0xF8, 0x7F, 0xF0, 0xFF, 0xE0, 0x78,
    0x00, 0xE0, 0x01, 0xC0, 0x03, 0x80, 0x07, 0x00, 0x1E, 0x00, 0x38, 0x00, 0x70, 0x00, 0xE0, 0x01,
    0xC0, 0x07, 0x80, 0x0E, 0x00, 0x1C, 0x00, 0x38, 0x00, 0x70, 0x00, 0x00, 0x7C, 0x18, 0x0F, 0xFC,
    0xE0, 0x7F, 0xFB, 0x83, 0xC0, 0xFE, 0x1E, 0x00, 0xF8, 0xF0, 0x03, 0xE3, 0x80, 0x07, 0x1E, 0x00,
    0x1C, 0x70, 0x00, 0x71, 0xC0, 0x01, 0xC7, 0x00, 0x0F, 0x1C, 0x00, 0x38, 0x78, 0x01, 0xE0, 0xE0,
    0x0F, 0x83, 0xE0, 0xFE, 0x07, 0xFF, 0xF8, 0x0F, 0xFD, 0xC0, 0x07, 0x87, 0x00, 0x00, 0x1C, 0x00,
    0x00, 0xE0, 0x60, 0x07, 0x83, 0xC0, 0x3C, 0x0F, 0xFF, 0xE0, 0x0F, 0xFF, 0x00, 0x0F, 0xE0, 0x00,
    0x07, 0x00, 0x00, 0xE0, 0x00, 0x1C, 0x00, 0x07, 0x80, 0x00, 0xE0, 0x00, 0x1C, 0x00, 0x03, 0x80,
    0x00, 0x71, 0xF0, 0x1F, 0xFF, 0x83, 0xFF, 0xF8, 0x7E, 0x0F, 0x8F, 0x00, 0xF1, 0xC0, 0x0E, 0x78,
    0x01, 0xCE, 0x00, 0x39, 0xC0, 0x07, 0x38, 0x01, 0xE7, 0x00, 0x39, 0xE0, 0x07, 0x38, 0x00, 0xE7,
    0x00, 0x1C, 0xE0, 0x07, 0x9C, 0x00, 0xE7, 0x80, 0x1C, 0xE0, 0x03, 0x80, 0x07, 0x0F, 0x0F, 0x07,
    0x00, 0x00, 0x00, 0x0C, 0x1E, 0x1C, 0x1C, 0x1C, 0x1C, 0x3C, 0x38, 0x38, 0x38, 0x38, 0x78, 0x70,
    0x70, 0x70, 0x70, 0xF0, 0xE0, 0x00, 0x0E, 0x00, 0x1E, 0x00, 0x1E, 0x00, 0x0E, 0x00, 0x00, 0x00,
    0x00, 0x00, 0x00, 0x00, 0x1C, 0x00, 0x1C, 0x00, 0x38, 0x00, 0x38, 0x00, 0x38, 0x00, 0x38, 0x00,
    0x38, 0x00, 0x70, 0x00, 0x70, 0x00, 0x70, 0x00, 0x70, 0x00, 0x70, 0x00, 0xF0, 0x00, 0xE0, 0x00,
    0xE0, 0x00, 0xE0, 0x00, 0xE0, 0x01, 0xE0, 0x01, 0xC0, 0x01, 0xC0, 0x01, 0xC0, 0x03, 0x80, 0xFF,
    0x80, 0xFF, 0x00, 0x7C, 0x00, 0x07, 0x00, 0x00, 0x70, 0x00, 0x07, 0x00, 0x00, 0xF0, 0x00, 0x0E,
    0x00, 0x00, 0xE0, 0x00, 0x0E, 0x00, 0x00, 0xE0, 0x0F, 0x1E, 0x01, 0xE1, 0xC0, 0x3C, 0x1C, 0x0F,
    0x81, 0xC1, 0xE0, 0x1C, 0x3C, 0x03, 0xCF, 0x80, 0x39, 0xF0, 0x03, 0xBE, 0x00, 0x3F, 0xF0, 0x03,
    0xF7, 0x80, 0x7C, 0x38, 0x07, 0x83, 0xC0, 0x70, 0x1C, 0x07, 0x00, 0xE0, 0x70, 0x0F, 0x0F, 0x00,
    0x70, 0xE0, 0x07, 0x80, 0x07, 0x07, 0x07, 0x0F, 0x0E, 0x0E, 0x0E, 0x0E, 0x1E, 0x1C, 0x1C, 0x1C,
    0x1C, 0x3C, 0x38, 0x38, 0x38, 0x38, 0x78, 0x70, 0x70, 0x70, 0x70, 0xF0, 0xE0, 0x0C, 0x3E, 0x03,
    0xF0, 0x1D, 0xFF, 0x8F, 0xFC, 0x1F, 0xFF, 0xDF, 0xFE, 0x1F, 0x83, 0xFC, 0x1E, 0x1E, 0x01, 0xF0,
    0x0F, 0x1C, 0x01, 0xE0, 0x07, 0x3C, 0x01, 0xE0, 0x07, 0x38, 0x01, 0xE0, 0x07, 0x38, 0x01, 0xC0,
    0x0E, 0x38, 0x01, 0xC0, 0x0E, 0x38, 0x01, 0xC0, 0x0E, 0x78, 0x01, 0xC0, 0x0E, 0x70, 0x03, 0xC0,
    0x0E, 0x70, 0x03, 0x80, 0x1C, 0x70, 0x03, 0x80, 0x1C, 0x70, 0x03, 0x80, 0x1C, 0xF0, 0x03, 0x80,
    0x1C, 0xE0, 0x07, 0x80, 0x1C, 0x0C, 0x3E, 0x03, 0xBF, 0xF0, 0x7F, 0xFF, 0x0F, 0xC1, 0xF1, 0xE0,
    0x1E, 0x38, 0x01, 0xCF, 0x00, 0x39, 0xC0, 0x07, 0x38, 0x00, 0xE7, 0x00, 0x3C, 0xE0, 0x07, 0x3C,
    0x00, 0xE7, 0x00, 0x1C, 0xE0, 0x03, 0x9C, 0x00, 0xF3, 0x80, 0x1C, 0xF0, 0x03, 0x9C, 0x00, 0x70,
    0x00, 0xF8, 0x00, 0xFF, 0xC0, 0x3F, 0xFE, 0x0F, 0x03, 0xC3, 0xC0, 0x3C, 0xF0, 0x03, 0x9C, 0x00,
    0x7F, 0x80, 0x07, 0xE0, 0x00, 0xFC, 0x00, 0x3F, 0x80, 0x07, 0x70, 0x00, 0xEE, 0x00, 0x3D, 0xE0,
    0x07, 0x1E, 0x03, 0xE3, 0xF1, 0xF8, 0x3F, 0xFE, 0x01, 0xFF, 0x00, 0x06, 0x00, 0x00, 0x06, 0x1F,
    0x00, 0x3B, 0xFF, 0x00, 0xFF, 0xFE, 0x03, 0xF0, 0x3C, 0x0F, 0x00, 0x78, 0x3C, 0x00, 0xE1, 0xE0,
    0x03, 0x87, 0x00, 0x0E, 0x1C, 0x00, 0x38, 0x70, 0x00, 0xE1, 0xC0, 0x03, 0x8F, 0x00, 0x0E, 0x3C,
    0x00, 0x70, 0xF0, 0x03, 0xC3, 0xE0, 0x1E, 0x0F, 0xE1, 0xF0, 0x7B, 0xFF, 0x81, 0xC7, 0xFC, 0x07,
    0x03, 0x00, 0x1C, 0x00, 0x00, 0x70, 0x00, 0x03, 0xC0, 0x00, 0x0E, 0x00, 0x00, 0x38, 0x00, 0x00,
    0xE0, 0x00, 0x00, 0x01, 0xF8, 0x70, 0x7F, 0xE7, 0x0F, 0xFF, 0x71, 0xE0, 0x7F, 0x3C, 0x03, 0xE7,
    0x80, 0x1E, 0x70, 0x01, 0xEF, 0x00, 0x0E, 0xE0, 0x00, 0xEE, 0x00, 0x1C, 0xE0, 0x01, 0xCE, 0x00,
    0x1C, 0xE0, 0x03, 0xCF, 0x00, 0x3C, 0x78, 0x0F, 0x87, 0xE3, 0xF8, 0x3F, 0xFF, 0x80, 0xFF, 0x38,
    0x01, 0x83, 0x80, 0x00, 0x70, 0x00, 0x07, 0x00, 0x00, 0x70, 0x00, 0x07, 0x00, 0x00, 0x70, 0x00,
    0x06, 0x00, 0x0C, 0x38, 0xEF, 0xC7, 0xFE, 0x3F, 0x01, 0xE0, 0x0F, 0x00, 0xF0, 0x07, 0x00, 0x38,
    0x01, 0xC0, 0x0E, 0x00, 0xF0, 0x07, 0x00, 0x38, 0x01, 0xC0, 0x0E, 0x00, 0xF0, 0x07, 0x00, 0x00,
    0x00, 0xFC, 0x03, 0xFF, 0x83, 0xFF, 0xE3, 0xC0, 0x61, 0xC0, 0x00, 0xE0, 0x00, 0x70, 0x00, 0x3E,
    0x00, 0x0F, 0xF0, 0x03, 0xFE, 0x00, 0x3F, 0x80, 0x01, 0xC0, 0x00, 0x70, 0x00, 0x39, 0x80, 0x38,
    0xF0, 0x7C, 0x7F, 0xFC, 0x1F, 0xFC, 0x00, 0x60, 0x00, 0x06, 0x00, 0x70, 0x0F, 0x00, 0xE0, 0x7F,
    0xF7, 0xFF, 0x7F, 0xF1, 0xE0, 0x1C, 0x01, 0xC0, 0x1C, 0x01, 0xC0, 0x3C, 0x03, 0x80, 0x38, 0x03,
    0x80, 0x38, 0x03, 0x80, 0x78, 0x03, 0x8C, 0x3F, 0xC1, 0xFC, 0x06, 0x00, 0x18, 0x00, 0xE7, 0x00,
    0x1C, 0xE0, 0x03, 0x9C, 0x00, 0xE3, 0x80, 0x1C, 0xF0, 0x03, 0x9C, 0x00, 0x73, 0x80, 0x0E, 0x70,
    0x03, 0x8E, 0x00, 0x73, 0xC0, 0x0E, 0x70, 0x01, 0xCE, 0x00, 0x79, 0xE0, 0x0E, 0x1C, 0x07, 0xC3,
    0xE3, 0xF8, 0x3F, 0xFF, 0x03, 0xFC, 0xE0, 0x0C, 0x00, 0x00, 0x60, 0x00, 0xEE, 0x00, 0x39, 0xC0,
    0x07, 0x38, 0x01, 0xC7, 0x00, 0x78, 0x70, 0x0E, 0x0E, 0x03, 0x81, 0xC0, 0xF0, 0x38, 0x1C, 0x03,
    0x87, 0x00, 0x71, 0xE0, 0x0E, 0x38, 0x01, 0xCE, 0x00, 0x1D, 0xC0, 0x03, 0xF0, 0x00, 0x7C, 0x00,
    0x0F, 0x80, 0x00, 0xE0, 0x00, 0x60, 0x03, 0x00, 0x1D, 0xC0, 0x1E, 0x00, 0xF7, 0x00, 0x78, 0x03,
    0x9C, 0x03, 0xE0, 0x1C, 0x70, 0x0F, 0x80, 0x71, 0xC0, 0x77, 0x03, 0x83, 0x83, 0xDC, 0x0E, 0x0E,
    0x0E, 0x70, 0x70, 0x38, 0x71, 0xC1, 0xC0, 0xE1, 0xC7, 0x0E, 0x03, 0x8E, 0x0E, 0x70, 0x06, 0x38,
    0x39, 0xC0, 0x1D, 0xC0, 0xEE, 0x00, 0x7F, 0x03, 0xB8, 0x01, 0xF8, 0x0F, 0xC0, 0x07, 0xC0, 0x1F,
    0x00, 0x0F, 0x00, 0x78, 0x00, 0x38, 0x01, 0xE0, 0x00, 0x06, 0x00, 0x70, 0x38, 0x07, 0x81, 0xE0,
    0x78, 0x07, 0x07, 0x80, 0x1C, 0x78, 0x00, 0xE3, 0x80, 0x03, 0xB8, 0x00, 0x1F, 0x80, 0x00, 0x78,
    0x00, 0x03, 0xC0, 0x00, 0x3E, 0x00, 0x03, 0xF8, 0x00, 0x39, 0xC0, 0x03, 0x87, 0x00, 0x38, 0x3C,
    0x03, 0xC0, 0xE0, 0x3C, 0x07, 0x83, 0xC0, 0x1C, 0x00, 0x03, 0x00, 0x07, 0x03, 0x80, 0x0E, 0x03,
    0x80, 0x0E, 0x03, 0x80, 0x1C, 0x03, 0x80, 0x3C, 0x01, 0xC0, 0x38, 0x01, 0xC0, 0x70, 0x01, 0xC0,
    0xF0, 0x01, 0xC0, 0xE0, 0x00, 0xE1, 0xC0, 0x00, 0xE3, 0xC0, 0x00, 0xE3, 0x80, 0x00, 0xE7, 0x00,
    0x00, 0x77, 0x00, 0x00, 0x7E, 0x00, 0x00, 0x7C, 0x00, 0x00, 0x7C, 0x00, 0x00, 0x38, 0x00, 0x00,
    0x70, 0x00, 0x00, 0x70, 0x00, 0x00, 0xE0, 0x00, 0x61, 0xC0, 0x00, 0xFF, 0xC0, 0x00, 0x7F, 0x80,
    0x00, 0x3E, 0x00, 0x00, 0x0F, 0xFF, 0xC1, 0xFF, 0xF8, 0x3F, 0xFF, 0x00, 0x03, 0xC0, 0x00, 0xF0,
    0x00, 0x3C, 0x00, 0x0F, 0x00, 0x03, 0xC0, 0x00, 0xF0, 0x00, 0x3C, 0x00, 0x0F, 0x00, 0x03, 0xC0,
    0x00, 0xF0, 0x00, 0x3C, 0x00, 0x0F, 0x00, 0x03, 0xC0, 0x00, 0x7F, 0xFE, 0x1F, 0xFF, 0xC0, 0x00,
    0x78, 0x0F, 0xC0, 0xFC, 0x07, 0x00, 0x38, 0x03, 0x80, 0x1C, 0x00, 0xE0, 0x07, 0x00, 0x38, 0x03,
    0x80, 0x1C, 0x00, 0xE0, 0x07, 0x00, 0x78, 0x0F, 0x80, 0x7C, 0x00, 0xE0, 0x07, 0x00, 0x38, 0x03,
    0x80, 0x1C, 0x00, 0xE0, 0x07, 0x00, 0x38, 0x03, 0x80, 0x1C, 0x00, 0xE0, 0x07, 0x00, 0x3F, 0x00,
    0xF8, 0x03, 0xC0, 0x01, 0x80, 0xE0, 0x38, 0x0E, 0x03, 0x80, 0xC0, 0x70, 0x1C, 0x07, 0x01, 0xC0,
    0x60, 0x38, 0x0E, 0x03, 0x80, 0xE0, 0x30, 0x1C, 0x07, 0x01, 0xC0, 0x70, 0x18, 0x0E, 0x03, 0x80,
    0xE0, 0x38, 0x0C, 0x07, 0x01, 0xC0, 0x70, 0x1C, 0x06, 0x01, 0x80, 0x01, 0xC0, 0x1F, 0x00, 0xFC,
    0x00, 0xE0, 0x07, 0x00, 0x38, 0x01, 0xC0, 0x1E, 0x00, 0xE0, 0x07, 0x00, 0x38, 0x01, 0xC0, 0x1E,
    0x00, 0xE0, 0x07, 0x80, 0x1F, 0x01, 0xF0, 0x0E, 0x00, 0xE0, 0x07, 0x00, 0x38, 0x01, 0xC0, 0x1E,
    0x00, 0xE0, 0x07, 0x00, 0x38, 0x01, 0xC0, 0x1E, 0x00, 0xE0, 0x3F, 0x03, 0xF0, 0x0E, 0x00, 0x08,
    0x00, 0x3F, 0x03, 0x7F, 0x87, 0xF3, 0xCF, 0xE1, 0xFE, 0xC0, 0x7C, 0x00, 0x00, 0x06, 0x0F, 0x0F,
    0x0E, 0x00, 0x00, 0x00, 0x0C, 0x1C, 0x1C, 0x18, 0x38, 0x38, 0x38, 0x38, 0x38, 0x70, 0x70, 0x70,
    0x70, 0xF0, 0xF0, 0xE0, 0x00, 0x00, 0x18, 0x00, 0x0E, 0x00, 0x03, 0x80, 0x00, 0xC0, 0x00, 0xF8,
    0x01, 0xFF, 0x80, 0xFF, 0xF8, 0x79, 0xDE, 0x3C, 0x63, 0x9E, 0x18, 0x07, 0x06, 0x03, 0xC3, 0x80,
    0xE0, 0xE0, 0x38, 0x30, 0x0E, 0x0C, 0x03, 0x83, 0x00, 0xE1, 0xC0, 0x3C, 0x70, 0x07, 0x98, 0x71,
    0xFE, 0xFC, 0x3F, 0xFE, 0x03, 0xFE, 0x00, 0x38, 0x00, 0x0C, 0x00, 0x03, 0x00, 0x00, 0xC0, 0x00,
    0x00, 0x01, 0xF0, 0x00, 0x0F, 0xFE, 0x00, 0x3F, 0xFF, 0x00, 0x7E, 0x0F, 0x00, 0xF0, 0x02, 0x00,
    0xE0, 0x00, 0x01, 0xE0, 0x00, 0x01, 0xC0, 0x00, 0x01, 0xC0, 0x00, 0x03, 0xC0, 0x00, 0x03, 0x80,
    0x00, 0x1F, 0xFF, 0xC0, 0x3F, 0xFF, 0xC0, 0x3F, 0xFF, 0xC0, 0x07, 0x80, 0x00, 0x07, 0x00, 0x00,
    0x07, 0x00, 0x00, 0x07, 0x00, 0x00, 0x07, 0x00, 0x00, 0x0F, 0x00, 0x00, 0x0E, 0x00, 0x00, 0x0E,
    0x00, 0x00, 0xFF, 0xFF, 0xF0, 0xFF, 0xFF, 0xF0, 0x60, 0x00, 0x1B, 0xC1, 0xE0, 0xF7, 0xBF, 0xF7,
    0x8F, 0xFF, 0xFC, 0x1F, 0x07, 0xE0, 0x78, 0x07, 0x83, 0xC0, 0x0E, 0x0E, 0x00, 0x1C, 0x38, 0x00,
    0x70, 0xC0, 0x00, 0xC3, 0x00, 0x03, 0x0C, 0x00, 0x0C, 0x38, 0x00, 0x70, 0xE0, 0x01, 0xC3, 0xC0,
    0x0E, 0x07, 0x80, 0x78, 0x1F, 0x07, 0xE0, 0xFF, 0xFF, 0xC7, 0xBF, 0xE7, 0xBC, 0x1E, 0x0F, 0x60,
    0x00, 0x18, 0x00, 0x00, 0x00, 0x70, 0x00, 0x0F, 0x78, 0x00, 0x1E, 0x38, 0x00, 0x3C, 0x3C, 0x00,
    0x78, 0x1C, 0x00, 0xF0, 0x0E, 0x01, 0xE0, 0x0E, 0x01, 0xC0, 0x07, 0x03, 0x80, 0x07, 0x07, 0x00,
    0x03, 0x8E, 0x00, 0x03, 0xDC, 0x00, 0x01, 0xF8, 0x00, 0x7F, 0xFF, 0xC0, 0x7F, 0xFF, 0xC0, 0x7F,
    0xFF, 0xC0, 0x00, 0xE0, 0x00, 0x01, 0xE0, 0x00, 0xFF, 0xFF, 0xC0, 0xFF, 0xFF, 0x80, 0x01, 0xC0,
    0x00, 0x01, 0xC0, 0x00, 0x03, 0xC0, 0x00, 0x03, 0x80, 0x00, 0x01, 0x80, 0xE0, 0x38, 0x0E, 0x03,
    0x80, 0xC0, 0x70, 0x1C, 0x07, 0x01, 0xC0, 0x60, 0x38, 0x00, 0x00, 0x00, 0x00, 0x00, 0x00, 0x00,
    0x00, 0x00, 0x60, 0x18, 0x0E, 0x03, 0x80, 0xE0, 0x38, 0x0C, 0x07, 0x01, 0xC0, 0x70, 0x1C, 0x06,
    0x01, 0x80, 0x00, 0x0E, 0x00, 0x07, 0xFE, 0x01, 0xFF, 0xF0, 0x3E, 0x06, 0x03, 0x80, 0x00, 0x30,
    0x00, 0x07, 0x00, 0x00, 0x38, 0x00, 0x03, 0xE0, 0x00, 0x3F, 0xC0, 0x07, 0xFF, 0x00, 0xE0, 0xF8,
    0x1C, 0x03, 0x81, 0xC0, 0x1C, 0x1C, 0x01, 0xC1, 0xE0, 0x38, 0x0F, 0x83, 0x80, 0x7F, 0xF0, 0x03,
    0xFE, 0x00, 0x03, 0xE0, 0x00, 0x0E, 0x00, 0x00, 0xE0, 0x00, 0x0E, 0x02, 0x00, 0xE0, 0x70, 0x1E,
    0x07, 0xFF, 0xC0, 0x3F, 0xF0, 0x00, 0x7C, 0x00, 0x63, 0xF1, 0xF8, 0xE8, 0x20, 0x00, 0x18, 0x00,
    0x01, 0xFF, 0x80, 0x07, 0xC7, 0xE0, 0x0E, 0x00, 0x70, 0x1C, 0x00, 0x38, 0x38, 0x3C, 0x1C, 0x70,
    0xFF, 0x0C, 0x61, 0xFF, 0x86, 0x63, 0x81, 0x86, 0xC3, 0x00, 0x03, 0xC7, 0x00, 0x03, 0xC7, 0x00,
    0x03, 0xC7, 0x00, 0x03, 0xC7, 0x00, 0x03, 0xC7, 0x00, 0x03, 0xC3, 0x80, 0x07, 0x63, 0xC1, 0xC6,
    0x61, 0xFF, 0x86, 0x30, 0xFF, 0x0C, 0x38, 0x1C, 0x1C, 0x1C, 0x00, 0x38, 0x0E, 0x00, 0xF0, 0x07,
    0xFF, 0xE0, 0x01, 0xFF, 0x80, 0x00, 0x00, 0x00, 0x1F, 0x8F, 0xF9, 0xC3, 0x80, 0x70, 0x0E, 0xFF,
    0xBC, 0x36, 0x06, 0xC1, 0xDF, 0xF9, 0xFE, 0x00, 0x03, 0x8E, 0x0E, 0x38, 0x38, 0xE0, 0xE3, 0x83,
    0x8E, 0x0E, 0x38, 0x3C, 0xE0, 0x38, 0xE0, 0x79, 0xC0, 0x71, 0xC0, 0x73, 0x80, 0xE3, 0x80, 0xC3,
    0x00, 0x7F, 0xFF, 0xFF, 0xFF, 0x7F, 0xFE, 0x00, 0x0E, 0x00, 0x0E, 0x00, 0x0E, 0x00, 0x0E, 0x00,
    0x0C, 0x00, 0x0C, 0x00, 0x18, 0x00, 0x01, 0xFF, 0x80, 0x07, 0xC7, 0xE0, 0x0E, 0x00, 0x70, 0x1C,
    0x00, 0x38, 0x39, 0xFC, 0x1C, 0x71, 0xFF, 0x0C, 0x61, 0xFF, 0x86, 0x61, 0x81, 0xC6, 0xC1, 0x80,
    0xC3, 0xC1, 0x80, 0xC3, 0xC1, 0x81, 0xC3, 0xC1, 0x83, 0xC3, 0xC1, 0xFF, 0x83, 0xC1, 0xFF, 0x03,
    0xC1, 0x87, 0x07, 0x61, 0x83, 0x86, 0x61, 0x81, 0x86, 0x31, 0x81, 0xCC, 0x38, 0x00, 0x1C, 0x1C,
    0x00, 0x38, 0x0E, 0x00, 0xF0, 0x07, 0xFF, 0xE0, 0x01, 0xFF, 0x80, 0x00, 0x00, 0x00, 0x7F, 0xEF,
    0xFE, 0x06, 0x03, 0xF8, 0x7F, 0xC6, 0x0E, 0xE0, 0x6C, 0x06, 0xC0, 0x6E, 0x06, 0x60, 0xE7, 0xFC,
    0x3F, 0x80, 0x60, 0x00, 0x38, 0x00, 0x0E, 0x00, 0x03, 0x80, 0x00, 0xC0, 0x00, 0x70, 0x00, 0x1C,
    0x01, 0xFF, 0xFC, 0x7F, 0xFF, 0x1F, 0xFF, 0x80, 0x38, 0x00, 0x0E, 0x00, 0x03, 0x80, 0x00, 0xE0,
    0x00, 0x30, 0x00, 0x0C, 0x00, 0x00, 0x00, 0x00, 0x00, 0x00, 0x00, 0x0F, 0xFF, 0xF3, 0xFF, 0xF8,
    0x07, 0xF0, 0x7F, 0xE1, 0xC3, 0x80, 0x07, 0x00, 0x18, 0x00, 0xE0, 0x07, 0x00, 0x38, 0x01, 0xC0,
    0x1E, 0x00, 0xE0, 0x0F, 0x00, 0x7F, 0xF1, 0xFF, 0xC0, 0x1F, 0xFC, 0x7F, 0xF0, 0x03, 0x80, 0x1C,
    0x00, 0xE0, 0x07, 0x00, 0x3E, 0x00, 0xFC, 0x00, 0x38, 0x00, 0xE0, 0x03, 0x98, 0x0E, 0x7F, 0xF0,
    0xFF, 0x80, 0x00, 0x00, 0x03, 0x81, 0xE1, 0xE0, 0xF0, 0x78, 0x00, 0x06, 0x00, 0x38, 0x78, 0x01,
    0xC3, 0x80, 0x0E, 0x1C, 0x00, 0x70, 0xE0, 0x07, 0x07, 0x00, 0x38, 0x78, 0x01, 0xC3, 0x80, 0x0E,
    0x1C, 0x00, 0x70, 0xE0, 0x07, 0x07, 0x00, 0x38, 0x78, 0x01, 0xC3, 0xC0, 0x1E, 0x1E, 0x00, 0xF0,
    0xF0, 0x0F, 0x07, 0xE3, 0xF8, 0x7F, 0xFF, 0xC3, 0xBF, 0xCE, 0x1C, 0x10, 0x00, 0xE0, 0x00, 0x07,
    0x00, 0x00, 0x78, 0x00, 0x03, 0x80, 0x00, 0x1C, 0x00, 0x00, 0xE0, 0x00, 0x00, 0x03, 0xFF, 0xC3,
    0xFF, 0xF8, 0xFF, 0xFF, 0x3F, 0xE0, 0xE7, 0xFC, 0x1D, 0xFF, 0x83, 0xBF, 0xF0, 0x67, 0xFE, 0x1C,
    0xFF, 0x83, 0x8F, 0xF0, 0x70, 0xFE, 0x0E, 0x0F, 0xC1, 0x80, 0x38, 0x70, 0x06, 0x0E, 0x01, 0xC1,
    0xC0, 0x38, 0x38, 0x07, 0x06, 0x00, 0xE1, 0xC0, 0x18, 0x38, 0x07, 0x07, 0x00, 0xE0, 0xE0, 0x1C,
    0x18, 0x03, 0x87, 0x00, 0x60, 0xE0, 0x1C, 0x1C, 0x03, 0x83, 0x80, 0x70, 0x60, 0x0E, 0x1C, 0x01,
    0x81, 0x80, 0x7F, 0xF7, 0x04, 0x0C, 0x1C, 0x1E, 0x07, 0x07, 0x7F, 0xFE, 0x38, 0x1F, 0x87, 0xE0,
    0x38, 0x0C, 0x03, 0x01, 0xC0, 0x70, 0x1C, 0x06, 0x01, 0x80, 0xE0, 0x38, 0xFF, 0xFF, 0xF0, 0x0F,
    0x83, 0xFE, 0x78, 0xE6, 0x07, 0xE0, 0x3C, 0x03, 0xC0, 0x7E, 0x07, 0xE0, 0xE7, 0xFC, 0x3F, 0x80,
    0x1C, 0x70, 0x0E, 0x38, 0x0E, 0x38, 0x07, 0x1C, 0x03, 0x9C, 0x03, 0x8E, 0x03, 0x8E, 0x07, 0x9C,
    0x0F, 0x3C, 0x1E, 0x78, 0x3C, 0xF0, 0x79, 0xE0, 0x71, 0xC0, 0x00, 0x00, 0x00, 0x00, 0x1F, 0x80,
    0x01, 0xC0, 0x7F, 0x00, 0x07, 0x00, 0x0C, 0x00, 0x1C, 0x00, 0x18, 0x00, 0x70, 0x00, 0x70, 0x01,
    0xC0, 0x00, 0xE0, 0x07, 0x00, 0x01, 0xC0, 0x1C, 0x00, 0x03, 0x00, 0x78, 0x00, 0x06, 0x00, 0xE0,
    0x00, 0x1C, 0x03, 0x80, 0xC0, 0x38, 0x0E, 0x03, 0x80, 0x70, 0x38, 0x0E, 0x0F, 0xFC, 0xE0, 0x38,
    0x1F, 0xFB, 0x80, 0xE0, 0x00, 0x0E, 0x03, 0x80, 0x00, 0x3C, 0x0E, 0x30, 0x00, 0x70, 0x38, 0x60,
    0x01, 0xC0, 0xE1, 0xC0, 0x07, 0x03, 0xFF, 0xF0, 0x1C, 0x07, 0xFF, 0xC0, 0x70, 0x00, 0x0C, 0x01,
    0xC0, 0x00, 0x18, 0x07, 0x00, 0x00, 0x70, 0x00, 0x00, 0x00, 0x00, 0x3F, 0x00, 0x03, 0x81, 0xFC,
    0x00, 0x1C, 0x00, 0x60, 0x00, 0xE0, 0x01, 0x80, 0x07, 0x00, 0x0E, 0x00, 0x38, 0x00, 0x38, 0x01,
    0xC0, 0x00, 0xE0, 0x0E, 0x00, 0x03, 0x00, 0x78, 0x00, 0x0C, 0x01, 0xC0, 0x00, 0x70, 0x0E, 0x7F,
    0x01, 0xC0, 0x73, 0xFE, 0x07, 0x03, 0x9C, 0x1D, 0xFF, 0x9C, 0x00, 0x37, 0xFE, 0xE0, 0x00, 0xC0,
    0x07, 0x00, 0x07, 0x00, 0x3C, 0x00, 0x38, 0x00, 0xE0, 0x01, 0xC0, 0x07, 0x00, 0x1E, 0x00, 0x38,
    0x00, 0xE0, 0x01, 0xC0, 0x0F, 0x00, 0x0E, 0x00, 0x78, 0x00, 0x70, 0x03, 0xFF, 0x83, 0x80, 0x1F,
    0xFE, 0x00, 0x00, 0x00, 0x00, 0x1F, 0xFC, 0x00, 0x70, 0x1F, 0xFC, 0x00, 0xE0, 0x00, 0x38, 0x01,
    0xC0, 0x00, 0xF0, 0x03, 0x80, 0x01, 0xE0, 0x07, 0x00, 0x03, 0x80, 0x0E, 0x00, 0x03, 0xE0, 0x1C,
    0x00, 0x03, 0xF0, 0x3C, 0x00, 0x00, 0x38, 0x38, 0x00, 0x00, 0x38, 0x70, 0x18, 0x00, 0x38, 0xE0,
    0x38, 0x60, 0x71, 0xC0, 0x70, 0xFF, 0xF3, 0x80, 0xE0, 0x3F, 0xC7, 0x01, 0xC0, 0x00, 0x0E, 0x03,
    0x80, 0x00, 0x1E, 0x07, 0x18, 0x00, 0x1C, 0x0E, 0x18, 0x00, 0x38, 0x1C, 0x38, 0x00, 0x70, 0x3F,
    0xFF, 0x00, 0xE0, 0x3F, 0xFE, 0x01, 0xC0, 0x00, 0x30, 0x03, 0x80, 0x00, 0x30, 0x07, 0x00, 0x00,
    0x70, 0x00, 0x30, 0x00, 0x3C, 0x00, 0x1E, 0x00, 0x07, 0x00, 0x00, 0x00, 0x00, 0x00, 0x00, 0x00,
    0x00, 0xC0, 0x00, 0xE0, 0x00, 0xF0, 0x00, 0xF0, 0x00, 0xF0, 0x00, 0xF0, 0x00, 0xF0, 0x00, 0xE0,
    0x00, 0xE0, 0x00, 0x70, 0x00, 0x38, 0x00, 0x1C, 0x00, 0x8E, 0x00, 0xE7, 0xC1, 0xF1, 0xFF, 0xF0,
    0x7F, 0xE0, 0x07, 0x80, 0x00, 0x06, 0x00, 0x00, 0x07, 0x80, 0x00, 0x03, 0x80, 0x00, 0x01, 0xC0,
    0x00, 0x00, 0xE0, 0x00, 0x00, 0x00, 0x00, 0x00, 0x00, 0x00, 0x01, 0xC0, 0x00, 0x03, 0xE0, 0x00,
    0x07, 0xE0, 0x00, 0x07, 0xE0, 0x00, 0x0E, 0xE0, 0x00, 0x1E, 0x70, 0x00, 0x1C, 0x70, 0x00, 0x38,
    0x70, 0x00, 0x78, 0x78, 0x00, 0x70, 0x38, 0x00, 0xE0, 0x38, 0x01, 0xE0, 0x38, 0x01, 0xC0, 0x3C,
    0x03, 0xC0, 0x1C, 0x03, 0xFF, 0xFC, 0x07, 0xFF, 0xFC, 0x0F, 0xFF, 0xFE, 0x0E, 0x00, 0x0E, 0x1C,
    0x00, 0x0E, 0x3C, 0x00, 0x0E, 0x38, 0x00, 0x0F, 0x70, 0x00, 0x07, 0xF0, 0x00, 0x07, 0x00, 0x00,
    0x0C, 0x00, 0x00, 0x1E, 0x00, 0x00, 0x78, 0x00, 0x00, 0xF0, 0x00, 0x01, 0xE0, 0x00, 0x00, 0x00,
    0x00, 0x00, 0x00, 0x00, 0x01, 0xC0, 0x00, 0x03, 0xE0, 0x00, 0x07, 0xE0, 0x00, 0x07, 0xE0, 0x00,
    0x0E, 0xE0, 0x00, 0x1E, 0x70, 0x00, 0x1C, 0x70, 0x00, 0x38, 0x70, 0x00, 0x78, 0x78, 0x00, 0x70,
    0x38, 0x00, 0xE0, 0x38, 0x01, 0xE0, 0x38, 0x01, 0xC0, 0x3C, 0x03, 0xC0, 0x1C, 0x03, 0xFF, 0xFC,
    0x07, 0xFF, 0xFC, 0x0F, 0xFF, 0xFE, 0x0E, 0x00, 0x0E, 0x1C, 0x00, 0x0E, 0x3C, 0x00, 0x0E, 0x38,
    0x00, 0x0F, 0x70, 0x00, 0x07, 0xF0, 0x00, 0x07, 0x00, 0x00, 0x60, 0x00, 0x01, 0xF0, 0x00, 0x03,
    0xF8, 0x00, 0x07, 0x9C, 0x00, 0x0E, 0x0E, 0x00, 0x00, 0x00, 0x00, 0x00, 0x00, 0x00, 0x01, 0xC0,
    0x00, 0x03, 0xE0, 0x00, 0x07, 0xE0, 0x00, 0x07, 0xE0, 0x00, 0x0E, 0xE0, 0x00, 0x1E, 0x70, 0x00,
    0x1C, 0x70, 0x00, 0x38, 0x70, 0x00, 0x78, 0x78, 0x00, 0x70, 0x38, 0x00, 0xE0, 0x38, 0x01, 0xE0,
    0x38, 0x01, 0xC0, 0x3C, 0x03, 0xC0, 0x1C, 0x03, 0xFF, 0xFC, 0x07, 0xFF, 0xFC, 0x0F, 0xFF, 0xFE,
    0x0E, 0x00, 0x0E, 0x1C, 0x00, 0x0E, 0x3C, 0x00, 0x0E, 0x38, 0x00, 0x0F, 0x70, 0x00, 0x07, 0xF0,
    0x00, 0x07, 0x00, 0x07, 0x86, 0x00, 0x0F, 0xE6, 0x00, 0x0C, 0x7C, 0x00, 0x0C, 0x3C, 0x00, 0x00,
    0x00, 0x00, 0x00, 0x00, 0x00, 0x01, 0xC0, 0x00, 0x03, 0xE0, 0x00, 0x07, 0xE0, 0x00, 0x07, 0xE0,
    0x00, 0x0E, 0xE0, 0x00, 0x1E, 0x70, 0x00, 0x1C, 0x70, 0x00, 0x38, 0x70, 0x00, 0x78, 0x78, 0x00,
    0x70, 0x38, 0x00, 0xE0, 0x38, 0x01, 0xE0, 0x38, 0x01, 0xC0, 0x3C, 0x03, 0xC0, 0x1C, 0x03, 0xFF,
    0xFC, 0x07, 0xFF, 0xFC, 0x0F, 0xFF, 0xFE, 0x0E, 0x00, 0x0E, 0x1C, 0x00, 0x0E, 0x3C, 0x00, 0x0E,
    0x38, 0x00, 0x0F, 0x70, 0x00, 0x07, 0xF0, 0x00, 0x07, 0x00, 0x03, 0x1C, 0x00, 0x07, 0x1C, 0x00,
    0x07, 0x1C, 0x00, 0x02, 0x08, 0x00, 0x00, 0x00, 0x00, 0x00, 0x00, 0x00, 0x01, 0xC0, 0x00, 0x03,
    0xE0, 0x00, 0x07, 0xE0, 0x00, 0x07, 0xE0, 0x00, 0x0E, 0xE0, 0x00, 0x1E, 0x70, 0x00, 0x1C, 0x70,
    0x00, 0x38, 0x70, 0x00, 0x78, 0x78, 0x00, 0x70, 0x38, 0x00, 0xE0, 0x38, 0x01, 0xE0, 0x38, 0x01,
    0xC0, 0x3C, 0x03, 0xC0, 0x1C, 0x03, 0xFF, 0xFC, 0x07, 0xFF, 0xFC, 0x0F, 0xFF, 0xFE, 0x0E, 0x00,
    0x0E, 0x1C, 0x00, 0x0E, 0x3C, 0x00, 0x0E, 0x38, 0x00, 0x0F, 0x70, 0x00, 0x07, 0xF0, 0x00, 0x07,
    0x00, 0x00, 0xE0, 0x00, 0x01, 0xF8, 0x00, 0x03, 0x18, 0x00, 0x03, 0x18, 0x00, 0x03, 0x18, 0x00,
    0x03, 0x98, 0x00, 0x01, 0xF0, 0x00, 0x00, 0xE0, 0x00, 0x00, 0x00, 0x00, 0x01, 0xC0, 0x00, 0x03,
    0xE0, 0x00, 0x07, 0xE0, 0x00, 0x07, 0xE0, 0x00, 0x0E, 0xE0, 0x00, 0x1E, 0x70, 0x00, 0x1C, 0x70,
    0x00, 0x38, 0x70, 0x00, 0x78, 0x78, 0x00, 0x70, 0x38, 0x00, 0xE0, 0x38, 0x01, 0xE0, 0x38, 0x01,
    0xC0, 0x3C, 0x03, 0xC0, 0x1C, 0x03, 0xFF, 0xFC, 0x07, 0xFF, 0xFC, 0x0F, 0xFF, 0xFE, 0x0E, 0x00,
    0x0E, 0x1C, 0x00, 0x0E, 0x3C, 0x00, 0x0E, 0x38, 0x00, 0x0F, 0x70, 0x00, 0x07, 0xF0, 0x00, 0x07,
    0x00, 0x00, 0x0C, 0x00, 0x00, 0x00, 0x01, 0xFF, 0xFF, 0xC0, 0x00, 0x1F, 0xFF, 0xFE, 0x00, 0x01,
    0xFC, 0x00, 0x00, 0x00, 0x0E, 0xE0, 0x00, 0x00, 0x00, 0xEF, 0x00, 0x00, 0x00, 0x0F, 0x70, 0x00,
    0x00, 0x00, 0xF3, 0x80, 0x00, 0x00, 0x0F, 0x1C, 0x00, 0x00, 0x00, 0x70, 0xE0, 0x00, 0x00, 0x07,
    0x0F, 0x00, 0x00, 0x00, 0x78, 0x7F, 0xFF, 0x00, 0x07, 0x83, 0xFF, 0xF8, 0x00, 0x78, 0x1F, 0xFF,
    0xC0, 0x03, 0x80, 0xE0, 0x00, 0x00, 0x3F, 0xFF, 0x00, 0x00, 0x03, 0xFF, 0xF0, 0x00, 0x00, 0x3F,
    0xFF, 0x80, 0x00, 0x03, 0xC0, 0x1C, 0x00, 0x00, 0x3C, 0x00, 0xE0, 0x00, 0x01, 0xC0, 0x0F, 0x00,
    0x00, 0x1E, 0x00, 0x70, 0x00, 0x01, 0xE0, 0x03, 0xFF, 0xFE, 0x1E, 0x00, 0x1F, 0xFF, 0xF0, 0x00,
    0x0F, 0x00, 0x01, 0xFF, 0xE0, 0x0F, 0xFF, 0xE0, 0x3F, 0x07, 0xE0, 0xF8, 0x01, 0xC3, 0xC0, 0x01,
    0x0F, 0x00, 0x00, 0x1C, 0x00, 0x00, 0x70, 0x00, 0x00, 0xE0, 0x00, 0x03, 0xC0, 0x00, 0x07, 0x00,
    0x00, 0x0E, 0x00, 0x00, 0x1C, 0x00, 0x00, 0x38, 0x00, 0x00, 0x70, 0x00, 0x00, 0xE0, 0x00, 0x01,
    0xC0, 0x00, 0x03, 0xC0, 0x00, 0x03, 0xC0, 0x01, 0x03, 0xC0, 0x0F, 0x07, 0xF0, 0xFE, 0x03, 0xFF,
    0xF0, 0x03, 0xFF, 0xC0, 0x00, 0xF0, 0x00, 0x01, 0xC0, 0x00, 0x03, 0xC0, 0x00, 0x01, 0x80, 0x00,
    0x03, 0x00, 0x00, 0xFE, 0x00, 0x01, 0xF8, 0x00, 0x00, 0xC0, 0x00, 0x00, 0x60, 0x00, 0x07, 0x80,
    0x00, 0x1E, 0x00, 0x00, 0x38, 0x00, 0x00, 0xE0, 0x00, 0x00, 0x00, 0x00, 0x00, 0x01, 0xFF, 0xFF,
    0x0F, 0xFF, 0xF8, 0x70, 0x00, 0x03, 0x80, 0x00, 0x3C, 0x00, 0x01, 0xC0, 0x00, 0x0E, 0x00, 0x00,
    0x70, 0x00, 0x03, 0x80, 0x00, 0x3C, 0x00, 0x01, 0xFF, 0xFC, 0x0F, 0xFF, 0xE0, 0x7F, 0xFF, 0x03,
    0x80, 0x00, 0x3C, 0x00, 0x01, 0xC0, 0x00, 0x0E, 0x00, 0x00, 0x70, 0x00, 0x03, 0x80, 0x00, 0x3C,
    0x00, 0x01, 0xC0, 0x00, 0x0F, 0xFF, 0xF8, 0x7F, 0xFF, 0xC0, 0x00, 0x00, 0xC0, 0x00, 0x1F, 0x00,
    0x01, 0xE0, 0x00, 0x1E, 0x00, 0x01, 0xC0, 0x00, 0x00, 0x00, 0x00, 0x00, 0x01, 0xFF, 0xFF, 0x0F,
    0xFF, 0xF8, 0x70, 0x00, 0x03, 0x80, 0x00, 0x3C, 0x00, 0x01, 0xC0, 0x00, 0x0E, 0x00, 0x00, 0x70,
    0x00, 0x03, 0x80, 0x00, 0x3C, 0x00, 0x01, 0xFF, 0xFC, 0x0F, 0xFF, 0xE0, 0x7F, 0xFF, 0x03, 0x80,
    0x00, 0x3C, 0x00, 0x01, 0xC0, 0x00, 0x0E, 0x00, 0x00, 0x70, 0x00, 0x03, 0x80, 0x00, 0x3C, 0x00,
    0x01, 0xC0, 0x00, 0x0F, 0xFF, 0xF8, 0x7F, 0xFF, 0xC0, 0x00, 0x04, 0x00, 0x00, 0xF8, 0x00, 0x0F,
    0xE0, 0x00, 0xF7, 0x80, 0x0E, 0x0E, 0x00, 0x00, 0x00, 0x00, 0x00, 0x01, 0xFF, 0xFF, 0x0F, 0xFF,
    0xF8, 0x70, 0x00, 0x03, 0x80, 0x00, 0x3C, 0x00, 0x01, 0xC0, 0x00, 0x0E, 0x00, 0x00, 0x70, 0x00,
    0x03, 0x80, 0x00, 0x3C, 0x00, 0x01, 0xFF, 0xFC, 0x0F, 0xFF, 0xE0, 0x7F, 0xFF, 0x03, 0x80, 0x00,
    0x3C, 0x00, 0x01, 0xC0, 0x00, 0x0E, 0x00, 0x00, 0x70, 0x00, 0x03, 0x80, 0x00, 0x3C, 0x00, 0x01,
    0xC0, 0x00, 0x0F, 0xFF, 0xF8, 0x7F, 0xFF, 0xC0, 0x00, 0x71, 0xC0, 0x03, 0x8E, 0x00, 0x1C, 0x70,
    0x00, 0x41, 0x00, 0x00, 0x00, 0x00, 0x00, 0x00, 0x3F, 0xFF, 0xE1, 0xFF, 0xFF, 0x0E, 0x00, 0x00,
    0x70, 0x00, 0x07, 0x80, 0x00, 0x38, 0x00, 0x01, 0xC0, 0x00, 0x0E, 0x00, 0x00, 0x70, 0x00, 0x07,
    0x80, 0x00, 0x3F, 0xFF, 0x81, 0xFF, 0xFC, 0x0F, 0xFF, 0xE0, 0x70, 0x00, 0x07, 0x80, 0x00, 0x38,
    0x00, 0x01, 0xC0, 0x00, 0x0E, 0x00, 0x00, 0x70, 0x00, 0x07, 0x80, 0x00, 0x38, 0x00, 0x01, 0xFF,
    0xFF, 0x0F, 0xFF, 0xF8, 0x00, 0x30, 0x1E, 0x07, 0x81, 0xE0, 0x70, 0x00, 0x00, 0x1C, 0x0E, 0x07,
    0x03, 0x83, 0xC1, 0xC0, 0xE0, 0x70, 0x38, 0x3C, 0x1C, 0x0E, 0x07, 0x03, 0x83, 0xC1, 0xC0, 0xE0,
    0x70, 0x38, 0x3C, 0x1C, 0x0E, 0x07, 0x00, 0x00, 0x70, 0x07, 0x80, 0xF8, 0x0F, 0x00, 0xF0, 0x00,
    0x00, 0x00, 0x01, 0xC0, 0x0E, 0x00, 0x70, 0x03, 0x80, 0x3C, 0x01, 0xC0, 0x0E, 0x00, 0x70, 0x03,
    0x80, 0x3C, 0x01, 0xC0, 0x0E, 0x00, 0x70, 0x03, 0x80, 0x3C, 0x01, 0xC0, 0x0E, 0x00, 0x70, 0x03,
    0x80, 0x3C, 0x01, 0xC0, 0x0E, 0x00, 0x70, 0x00, 0x03, 0x00, 0x78, 0x1F, 0xC3, 0xCE, 0x78, 0x70,
    0x00, 0x00, 0x00, 0xE0, 0x0E, 0x00, 0xE0, 0x0E, 0x01, 0xE0, 0x1C, 0x01, 0xC0, 0x1C, 0x01, 0xC0,
    0x3C, 0x03, 0x80, 0x38, 0x03, 0x80, 0x38, 0x07, 0x80, 0x70, 0x07, 0x00, 0x70, 0x07, 0x00, 0xF0,
    0x0E, 0x00, 0xE0, 0x0E, 0x00, 0x18, 0x63, 0xCE, 0x38, 0xE1, 0x04, 0x00, 0x00, 0x00, 0x0E, 0x00,
    0xE0, 0x0E, 0x00, 0xE0, 0x1E, 0x01, 0xC0, 0x1C, 0x01, 0xC0, 0x1C, 0x03, 0xC0, 0x38, 0x03, 0x80,
    0x38, 0x03, 0x80, 0x78, 0x07, 0x00, 0x70, 0x07, 0x00, 0x70, 0x0F, 0x00, 0xE0, 0x0E, 0x00, 0xE0,
    0x00, 0x00, 0x00, 0x00, 0x00, 0x7F, 0xFF, 0x00, 0x0F, 0xFF, 0xF8, 0x01, 0xC0, 0x3F, 0x80, 0x38,
    0x00, 0xF8, 0x07, 0x00, 0x07, 0x81, 0xC0, 0x00, 0x70, 0x38, 0x00, 0x0F, 0x07, 0x00, 0x01, 0xE0,
    0xE0, 0x00, 0x1C, 0x1C, 0x00, 0x03, 0xBF, 0xFE, 0x00, 0x77, 0xFF, 0xC0, 0x0E, 0xFF, 0xF8, 0x03,
    0xC3, 0x80, 0x00, 0x70, 0x70, 0x00, 0x0E, 0x1E, 0x00, 0x03, 0xC3, 0x80, 0x00, 0xF0, 0x70, 0x00,
    0x1E, 0x0E, 0x00, 0x0F, 0x81, 0xC0, 0x03, 0xE0, 0x78, 0x0F, 0xF8, 0x0F, 0xFF, 0xFC, 0x01, 0xFF,
    0xFE, 0x00, 0x00, 0x1E, 0x18, 0x00, 0x3F, 0x38, 0x00, 0x33, 0xF0, 0x00, 0x61, 0xE0, 0x00, 0x00,
    0x00, 0x00, 0x00, 0x00, 0x0E, 0x00, 0x07, 0x0F, 0x00, 0x07, 0x0F, 0x80, 0x07, 0x0F, 0x80, 0x0F,
    0x1F, 0xC0, 0x0E, 0x1D, 0xC0, 0x0E, 0x1D, 0xE0, 0x0E, 0x1C, 0xE0, 0x0E, 0x1C, 0x70, 0x1E, 0x3C,
    0x78, 0x1C, 0x38, 0x38, 0x1C, 0x38, 0x3C, 0x1C, 0x38, 0x1C, 0x1C, 0x38, 0x1E, 0x3C, 0x78, 0x0E,
    0x38, 0x70, 0x07, 0x38, 0x70, 0x07, 0xB8, 0x70, 0x03, 0xB8, 0x70, 0x03, 0xF8, 0xF0, 0x01, 0xF0,
    0xE0, 0x01, 0xF0, 0xE0, 0x00, 0xF0, 0xE0, 0x00, 0x70, 0x00, 0x18, 0x00, 0x00, 0x0F, 0x00, 0x00,
    0x03, 0x80, 0x00, 0x00, 0xE0, 0x00, 0x00, 0x38, 0x00, 0x00, 0x00, 0x00, 0x00, 0x3C, 0x00, 0x01,
    0xFF, 0xE0, 0x03, 0xFF, 0xF8, 0x03, 0xF0, 0x7F, 0x03, 0xE0, 0x07, 0x83, 0xC0, 0x01, 0xE3, 0xC0,
    0x00, 0x73, 0xC0, 0x00, 0x3D, 0xC0, 0x00, 0x0E, 0xE0, 0x00, 0x07, 0xF0, 0x00, 0x03, 0xF0, 0x00,
    0x01, 0xF8, 0x00, 0x00, 0xFC, 0x00, 0x00, 0x7E, 0x00, 0x00, 0x7F, 0x00, 0x00, 0x3B, 0x80, 0x00,
    0x3D, 0xC0, 0x00, 0x1C, 0xF0, 0x00, 0x1E, 0x3C, 0x00, 0x1E, 0x1F, 0x00, 0x3E, 0x07, 0xF0, 0xFE,
    0x01, 0xFF, 0xFE, 0x00, 0x3F, 0xFC, 0x00, 0x01, 0xC0, 0x00, 0x00, 0x00, 0x30, 0x00, 0x00, 0x3C,
    0x00, 0x00, 0x78, 0x00, 0x00, 0x78, 0x00, 0x00, 0x78, 0x00, 0x00, 0x00, 0x00, 0x00, 0x3C, 0x00,
    0x01, 0xFF, 0xE0, 0x03, 0xFF, 0xF8, 0x03, 0xF0, 0x7F, 0x03, 0xE0, 0x07, 0x83, 0xC0, 0x01, 0xE3,
    0xC0, 0x00, 0x73, 0xC0, 0x00, 0x3D, 0xC0, 0x00, 0x0E, 0xE0, 0x00, 0x07, 0xF0, 0x00, 0x03, 0xF0,
    0x00, 0x01, 0xF8, 0x00, 0x00, 0xFC, 0x00, 0x00, 0x7E, 0x00, 0x00, 0x7F, 0x00, 0x00, 0x3B, 0x80,
    0x00, 0x3D, 0xC0, 0x00, 0x1C, 0xF0, 0x00, 0x1E, 0x3C, 0x00, 0x1E, 0x1F, 0x00, 0x3E, 0x07, 0xF0,
    0xFE, 0x01, 0xFF, 0xFE, 0x00, 0x3F, 0xFC, 0x00, 0x01, 0xC0, 0x00, 0x00, 0x01, 0x80, 0x00, 0x03,
    0xE0, 0x00, 0x03, 0xF8, 0x00, 0x03, 0xCE, 0x00, 0x03, 0x83, 0x80, 0x00, 0x00, 0x00, 0x00, 0x3C,
    0x00, 0x01, 0xFF, 0xE0, 0x03, 0xFF, 0xF8, 0x03, 0xF0, 0x7F, 0x03, 0xE0, 0x07, 0x83, 0xC0, 0x01,
    0xE3, 0xC0, 0x00, 0x73, 0xC0, 0x00, 0x3D, 0xC0, 0x00, 0x0E, 0xE0, 0x00, 0x07, 0xF0, 0x00, 0x03,
    0xF0, 0x00, 0x01, 0xF8, 0x00, 0x00, 0xFC, 0x00, 0x00, 0x7E, 0x00, 0x00, 0x7F, 0x00, 0x00, 0x3B,
    0x80, 0x00, 0x3D, 0xC0, 0x00, 0x1C, 0xF0, 0x00, 0x1E, 0x3C, 0x00, 0x1E, 0x1F, 0x00, 0x3E, 0x07,
    0xF0, 0xFE, 0x01, 0xFF, 0xFE, 0x00, 0x3F, 0xFC, 0x00, 0x01, 0xC0, 0x00, 0x00, 0x1E, 0x18, 0x00,
    0x1F, 0xCC, 0x00, 0x0C, 0x7C, 0x00, 0x06, 0x1E, 0x00, 0x00, 0x00, 0x00, 0x00, 0x78, 0x00, 0x03,
    0xFF, 0xC0, 0x07, 0xFF, 0xF0, 0x07, 0xE0, 0xFE, 0x07, 0xC0, 0x0F, 0x07, 0x80, 0x03, 0xC7, 0x80,
    0x00, 0xE7, 0x80, 0x00, 0x7B, 0x80, 0x00, 0x1D, 0xC0, 0x00, 0x0F, 0xE0, 0x00, 0x07, 0xE0, 0x00,
    0x03, 0xF0, 0x00, 0x01, 0xF8, 0x00, 0x00, 0xFC, 0x00, 0x00, 0xFE, 0x00, 0x00, 0x77, 0x00, 0x00,
    0x7B, 0x80, 0x00, 0x39, 0xE0, 0x00, 0x3C, 0x78, 0x00, 0x3C, 0x3E, 0x00, 0x7C, 0x0F, 0xE1, 0xFC,
    0x03, 0xFF, 0xFC, 0x00, 0x7F, 0xF8, 0x00, 0x03, 0x80, 0x00, 0x00, 0x0C, 0x70, 0x00, 0x0E, 0x38,
    0x00, 0x07, 0x1C, 0x00, 0x01, 0x04, 0x00, 0x00, 0x00, 0x00, 0x00, 0x78, 0x00, 0x03, 0xFF, 0xC0,
    0x07, 0xFF, 0xF0, 0x07, 0xE0, 0xFE, 0x07, 0xC0, 0x0F, 0x07, 0x80, 0x03, 0xC7, 0x80, 0x00, 0xE7,
    0x80, 0x00, 0x7B, 0x80, 0x00, 0x1D, 0xC0, 0x00, 0x0F, 0xE0, 0x00, 0x07, 0xE0, 0x00, 0x03, 0xF0,
    0x00, 0x01, 0xF8, 0x00, 0x00, 0xFC, 0x00, 0x00, 0xFE, 0x00, 0x00, 0x77, 0x00, 0x00, 0x7B, 0x80,
    0x00, 0x39, 0xE0, 0x00, 0x3C, 0x78, 0x00, 0x3C, 0x3E, 0x00, 0x7C, 0x0F, 0xE1, 0xFC, 0x03, 0xFF,
    0xFC, 0x00, 0x7F, 0xF8, 0x00, 0x03, 0x80, 0x00, 0x10, 0x00, 0xE0, 0x63, 0x87, 0x87, 0x3C, 0x0F,
    0xE0, 0x3F, 0x00, 0x78, 0x03, 0xF0, 0x1F, 0xE0, 0xF3, 0x87, 0x87, 0x18, 0x0C, 0x00, 0x00, 0x00,
    0x00, 0x07, 0x00, 0x00, 0x03, 0x80, 0x03, 0xC3, 0x80, 0x1F, 0xFF, 0x80, 0x3F, 0xFF, 0xC0, 0x3F,
    0x07, 0xF0, 0x3E, 0x01, 0xF8, 0x3C, 0x01, 0xDE, 0x3C, 0x01, 0xE7, 0x3C, 0x00, 0xE3, 0xDC, 0x00,
    0xE0, 0xEE, 0x00, 0xE0, 0x7F, 0x00, 0xE0, 0x3F, 0x00, 0x70, 0x1F, 0x80, 0x70, 0x0F, 0xC0, 0x70,
    0x07, 0xE0, 0x70, 0x07, 0xF0, 0x78, 0x03, 0xB8, 0x38, 0x03, 0xDC, 0x38, 0x01, 0xCF, 0x38, 0x01,
    0xE3, 0xFC, 0x01, 0xE1, 0xFC, 0x03, 0xE0, 0x7F, 0x0F, 0xE0, 0x1F, 0xFF, 0xE0, 0x1F, 0xFF, 0xC0,
    0x0E, 0x1C, 0x00, 0x0E, 0x00, 0x00, 0x06, 0x00, 0x00, 0x00, 0x00, 0x30, 0x00, 0x00, 0x78, 0x00,
    0x00, 0x3C, 0x00, 0x00, 0x0E, 0x00, 0x00, 0x07, 0x00, 0x00, 0x00, 0x00, 0x00, 0x00, 0x00, 0x0E,
    0x00, 0x0E, 0x1E, 0x00, 0x0E, 0x1C, 0x00, 0x0E, 0x1C, 0x00, 0x0E, 0x1C, 0x00, 0x1C, 0x1C, 0x00,
    0x1C, 0x3C, 0x00, 0x1C, 0x38, 0x00, 0x1C, 0x38, 0x00, 0x1C, 0x38, 0x00, 0x38, 0x38, 0x00, 0x38,
    0x78, 0x00, 0x38, 0x70, 0x00, 0x38, 0x70, 0x00, 0x38, 0x70, 0x00, 0x70, 0x70, 0x00, 0x70, 0x70,
    0x00, 0x70, 0x70, 0x00, 0xE0, 0x78, 0x01, 0xE0, 0x3C, 0x03, 0xC0, 0x3F, 0x1F, 0x80, 0x1F, 0xFF,
    0x00, 0x07, 0xFE, 0x00, 0x00, 0xE0, 0x00, 0x00, 0x00, 0x60, 0x00, 0x01, 0xF0, 0x00, 0x03, 0xC0,
    0x00, 0x07, 0x80, 0x00, 0x0E, 0x00, 0x00, 0x00, 0x00, 0x00, 0x00, 0x00, 0x0E, 0x00, 0x0E, 0x1E,
    0x00, 0x0E, 0x1C, 0x00, 0x0E, 0x1C, 0x00, 0x0E, 0x1C, 0x00, 0x1C, 0x1C, 0x00, 0x1C, 0x3C, 0x00,
    0x1C, 0x38, 0x00, 0x1C, 0x38, 0x00, 0x1C, 0x38, 0x00, 0x38, 0x38, 0x00, 0x38, 0x78, 0x00, 0x38,
    0x70, 0x00, 0x38, 0x70, 0x00, 0x38, 0x70, 0x00, 0x70, 0x70, 0x00, 0x70, 0x70, 0x00, 0x70, 0x70,
    0x00, 0xE0, 0x78, 0x01, 0xE0, 0x3C, 0x03, 0xC0, 0x3F, 0x1F, 0x80, 0x1F, 0xFF, 0x00, 0x07, 0xFE,
    0x00, 0x00, 0xE0, 0x00, 0x00, 0x02, 0x00, 0x00, 0x0F, 0x80, 0x00, 0x1F, 0xC0, 0x00, 0x3D, 0xE0,
    0x00, 0x70, 0x70, 0x00, 0x00, 0x00, 0x00, 0x00, 0x00, 0x0E, 0x00, 0x0E, 0x1E, 0x00, 0x0E, 0x1C,
    0x00, 0x0E, 0x1C, 0x00, 0x0E, 0x1C, 0x00, 0x1C, 0x1C, 0x00, 0x1C, 0x3C, 0x00, 0x1C, 0x38, 0x00,
    0x1C, 0x38, 0x00, 0x1C, 0x38, 0x00, 0x38, 0x38, 0x00, 0x38, 0x78, 0x00, 0x38, 0x70, 0x00, 0x38,
    0x70, 0x00, 0x38, 0x70, 0x00, 0x70, 0x70, 0x00, 0x70, 0x70, 0x00, 0x70, 0x70, 0x00, 0xE0, 0x78,
    0x01, 0xE0, 0x3C, 0x03, 0xC0, 0x3F, 0x1F, 0x80, 0x1F, 0xFF, 0x00, 0x07, 0xFE, 0x00, 0x00, 0xE0,
    0x00, 0x00, 0x38, 0xE0, 0x00, 0x38, 0xE0, 0x00, 0x38, 0xE0, 0x00, 0x10, 0x40, 0x00, 0x00, 0x00,
    0x00, 0x00, 0x00, 0x0E, 0x00, 0x0E, 0x1E, 0x00, 0x0E, 0x1C, 0x00, 0x0E, 0x1C, 0x00, 0x0E, 0x1C,
    0x00, 0x1C, 0x1C, 0x00, 0x1C, 0x3C, 0x00, 0x1C, 0x38, 0x00, 0x1C, 0x38, 0x00, 0x1C, 0x38, 0x00,
    0x38, 0x38, 0x00, 0x38, 0x78, 0x00, 0x38, 0x70, 0x00, 0x38, 0x70, 0x00, 0x38, 0x70, 0x00, 0x70,
    0x70, 0x00, 0x70, 0x70, 0x00, 0x70, 0x70, 0x00, 0xE0, 0x78, 0x01, 0xE0, 0x3C, 0x03, 0xC0, 0x3F,
    0x1F, 0x80, 0x1F, 0xFF, 0x00, 0x07, 0xFE, 0x00, 0x00, 0xE0, 0x00, 0x00, 0x03, 0x00, 0x00, 0x3E,
    0x00, 0x01, 0xE0, 0x00, 0x0F, 0x00, 0x00, 0x78, 0x00, 0x00, 0x00, 0x00, 0x00, 0x00, 0x38, 0x00,
    0x0E, 0xF0, 0x00, 0x71, 0xC0, 0x03, 0x87, 0x80, 0x1E, 0x0E, 0x00, 0xF0, 0x38, 0x03, 0x80, 0x70,
    0x1C, 0x01, 0xC0, 0xE0, 0x07, 0x87, 0x80, 0x0E, 0x3C, 0x00, 0x39, 0xE0, 0x00, 0x77, 0x00, 0x01,
    0xF8, 0x00, 0x07, 0xE0, 0x00, 0x0F, 0x00, 0x00, 0x38, 0x00, 0x00, 0xE0, 0x00, 0x03, 0x80, 0x00,
    0x1E, 0x00, 0x00, 0x70, 0x00, 0x01, 0xC0, 0x00, 0x07, 0x00, 0x00, 0x1C, 0x00, 0x00, 0x00, 0x00,
    0x00, 0x70, 0x00, 0x03, 0x80, 0x00, 0x1C, 0x00, 0x00, 0xFF, 0xF8, 0x0F, 0xFF, 0xF0, 0x70, 0x1F,
    0xC3, 0x80, 0x1E, 0x1C, 0x00, 0x78, 0xE0, 0x01, 0xCF, 0x00, 0x0E, 0x70, 0x00, 0x73, 0x80, 0x03,
    0x9C, 0x00, 0x3C, 0xE0, 0x01, 0xCF, 0x00, 0x1E, 0x70, 0x03, 0xE3, 0xFF, 0xFE, 0x1F, 0xFF, 0xE0,
    0xFF, 0xF8, 0x0F, 0x00, 0x00, 0x70, 0x00, 0x03, 0x80, 0x00, 0x1C, 0x00, 0x00, 0x00, 0x3F, 0x00,
    0x0F, 0xFC, 0x03, 0xFF, 0xE0, 0x3C, 0x0E, 0x07, 0x00, 0x70, 0xF0, 0x07, 0x0E, 0x00, 0x70, 0xE0,
    0x07, 0x1E, 0x00, 0xE1, 0xC0, 0x1E, 0x1C, 0x03, 0xC1, 0xC3, 0xF8, 0x1C, 0x3F, 0x83, 0xC3, 0xFC,
    0x38, 0x03, 0xE3, 0x80, 0x0E, 0x38, 0x00, 0xE3, 0x80, 0x0F, 0x78, 0x00, 0xE7, 0x00, 0x0E, 0x70,
    0x01, 0xE7, 0x00, 0x1C, 0x71, 0x0F, 0xCF, 0x3F, 0xF8, 0xE3, 0xFE, 0x00, 0x06, 0x00, 0x00, 0xC0,
    0x00, 0x0F, 0x00, 0x00, 0x70, 0x00, 0x03, 0x80, 0x00, 0x1C, 0x00, 0x00, 0x00, 0x00, 0x00, 0x00,
    0x1F, 0x87, 0x07, 0xFE, 0x70, 0xFF, 0xF7, 0x1E, 0x07, 0xF3, 0xC0, 0x3E, 0x78, 0x01, 0xE7, 0x00,
    0x1E, 0xF0, 0x00, 0xEE, 0x00, 0x0E, 0xE0, 0x01, 0xCE, 0x00, 0x1C, 0xE0, 0x01, 0xCE, 0x00, 0x3C,
    0xF0, 0x03, 0xC7, 0x80, 0xF8, 0x7E, 0x3F, 0x83, 0xFF, 0xF8, 0x0F, 0xF3, 0x80, 0x18, 0x00, 0x00,
    0x01, 0xC0, 0x00, 0x3C, 0x00, 0x0F, 0x00, 0x01, 0xE0, 0x00, 0x3C, 0x00, 0x00, 0x00, 0x00, 0x00,
    0x00, 0x1F, 0x87, 0x07, 0xFE, 0x70, 0xFF, 0xF7, 0x1E, 0x07, 0xF3, 0xC0, 0x3E, 0x78, 0x01, 0xE7,
    0x00, 0x1E, 0xF0, 0x00, 0xEE, 0x00, 0x0E, 0xE0, 0x01, 0xCE, 0x00, 0x1C, 0xE0, 0x01, 0xCE, 0x00,
    0x3C, 0xF0, 0x03, 0xC7, 0x80, 0xF8, 0x7E, 0x3F, 0x83, 0xFF, 0xF8, 0x0F, 0xF3, 0x80, 0x18, 0x00,
    0x00, 0x08, 0x00, 0x03, 0xE0, 0x00, 0x7F, 0x00, 0x0E, 0x78, 0x01, 0xC3, 0xC0, 0x00, 0x00, 0x00,
    0x00, 0x00, 0x1F, 0x87, 0x07, 0xFE, 0x70, 0xFF, 0xF7, 0x1E, 0x07, 0xF3, 0xC0, 0x3E, 0x78, 0x01,
    0xE7, 0x00, 0x1E, 0xF0, 0x00, 0xEE, 0x00, 0x0E, 0xE0, 0x01, 0xCE, 0x00, 0x1C, 0xE0, 0x01, 0xCE,
    0x00, 0x3C, 0xF0, 0x03, 0xC7, 0x80, 0xF8, 0x7E, 0x3F, 0x83, 0xFF, 0xF8, 0x0F, 0xF3, 0x80, 0x18,
    0x00, 0x00, 0xF8, 0xC0, 0x1F, 0xCC, 0x01, 0x8F, 0xC0, 0x18, 0x78, 0x00, 0x00, 0x00, 0x00, 0x00,
    0x01, 0xF8, 0x70, 0x7F, 0xE7, 0x0F, 0xFF, 0x71, 0xE0, 0x7F, 0x3C, 0x03, 0xE7, 0x80, 0x1E, 0x70,
    0x01, 0xEF, 0x00, 0x0E, 0xE0, 0x00, 0xEE, 0x00, 0x1C, 0xE0, 0x01, 0xCE, 0x00, 0x1C, 0xE0, 0x03,
    0xCF, 0x00, 0x3C, 0x78, 0x0F, 0x87, 0xE3, 0xF8, 0x3F, 0xFF, 0x80, 0xFF, 0x38, 0x01, 0x80, 0x00,
    0x00, 0xE3, 0x80, 0x0E, 0x38, 0x00, 0xE3, 0x80, 0x04, 0x10, 0x00, 0x00, 0x00, 0x00, 0x00, 0x01,
    0xF8, 0x70, 0x7F, 0xE7, 0x0F, 0xFF, 0x71, 0xE0, 0x7F, 0x3C, 0x03, 0xE7, 0x80, 0x1E, 0x70, 0x01,
    0xEF, 0x00, 0x0E, 0xE0, 0x00, 0xEE, 0x00, 0x1C, 0xE0, 0x01, 0xCE, 0x00, 0x1C, 0xE0, 0x03, 0xCF,
    0x00, 0x3C, 0x78, 0x0F, 0x87, 0xE3, 0xF8, 0x3F, 0xFF, 0x80, 0xFF, 0x38, 0x01, 0x80, 0x00, 0x00,
    0x1C, 0x00, 0x03, 0xF0, 0x00, 0x73, 0x00, 0x06, 0x18, 0x00, 0x61, 0x80, 0x07, 0x30, 0x00, 0x3F,
    0x00, 0x01, 0xC0, 0x00, 0x00, 0x00, 0x1F, 0x87, 0x07, 0xFE, 0x70, 0xFF, 0xF7, 0x1E, 0x07, 0xF3,
    0xC0, 0x3E, 0x78, 0x01, 0xE7, 0x00, 0x1E, 0xF0, 0x00, 0xEE, 0x00, 0x0E, 0xE0, 0x01, 0xCE, 0x00,
    0x1C, 0xE0, 0x01, 0xCE, 0x00, 0x3C, 0xF0, 0x03, 0xC7, 0x80, 0xF8, 0x7E, 0x3F, 0x83, 0xFF, 0xF8,
    0x0F, 0xF3, 0x80, 0x18, 0x00, 0x01, 0xF0, 0x0F, 0x80, 0x1F, 0xF8, 0x7F, 0xC0, 0xFF, 0xFB, 0xFF,
    0xE1, 0xE0, 0x7F, 0x83, 0xC1, 0x00, 0x7C, 0x01, 0xC0, 0x00, 0xF0, 0x03, 0x80, 0x01, 0xE0, 0x07,
    0x00, 0x03, 0x80, 0x07, 0x1F, 0xFF, 0xFF, 0xFE, 0x7F, 0xFF, 0xFF, 0xF9, 0xE0, 0x3C, 0x00, 0x07,
    0x00, 0x78, 0x00, 0x0E, 0x00, 0xF0, 0x00, 0x1C, 0x03, 0xE0, 0x00, 0x38, 0x0F, 0xE0, 0x0C, 0x78,
    0x3D, 0xF0, 0xF8, 0x7F, 0xF1, 0xFF, 0xE0, 0x7F, 0xC1, 0xFF, 0x80, 0x18, 0x00, 0x30, 0x00, 0x00,
    0xF8, 0x01, 0xFF, 0x80, 0xFF, 0xF8, 0x78, 0x1E, 0x3C, 0x03, 0x9E, 0x00, 0x07, 0x00, 0x03, 0xC0,
    0x00, 0xE0, 0x00, 0x38, 0x00, 0x0E, 0x00, 0x03, 0x80, 0x00, 0xE0, 0x00, 0x3C, 0x00, 0x07, 0x80,
    0x71, 0xF8, 0xFC, 0x3F, 0xFE, 0x03, 0xFE, 0x00, 0x18, 0x00, 0x0E, 0x00, 0x03, 0xC0, 0x00, 0x38,
    0x00, 0x0E, 0x00, 0x3F, 0x00, 0x1F, 0xC0, 0x01, 0xC0, 0x00, 0x01, 0x80, 0x00, 0xF0, 0x00, 0x0E,
    0x00, 0x01, 0xC0, 0x00, 0x38, 0x00, 0x00, 0x00, 0x00, 0x00, 0x07, 0xE0, 0x07, 0xFE, 0x03, 0xFF,
    0xC1, 0xE0, 0x78, 0xE0, 0x0E, 0x78, 0x01, 0xDC, 0x00, 0x7F, 0x00, 0x1F, 0xFF, 0xFF, 0xFF, 0xFF,
    0xF8, 0x00, 0x0E, 0x00, 0x03, 0x80, 0x00, 0xF0, 0x00, 0x1E, 0x01, 0x87, 0xE1, 0xF0, 0xFF, 0xF8,
    0x0F, 0xF8, 0x00, 0x20, 0x00, 0x00, 0x03, 0x00, 0x01, 0xE0, 0x01, 0xE0, 0x00, 0xF0, 0x00, 0x78,
    0x00, 0x00, 0x00, 0x00, 0x00, 0x07, 0xE0, 0x07, 0xFE, 0x03, 0xFF, 0xC1, 0xE0, 0x78, 0xE0, 0x0E,
    0x78, 0x01, 0xDC, 0x00, 0x7F, 0x00, 0x1F, 0xFF, 0xFF, 0xFF, 0xFF, 0xF8, 0x00, 0x0E, 0x00, 0x03,
    0x80, 0x00, 0xF0, 0x00, 0x1E, 0x01, 0x87, 0xE1, 0xF0, 0xFF, 0xF8, 0x0F, 0xF8, 0x00, 0x20, 0x00,
    0x00, 0x10, 0x00, 0x1F, 0x00, 0x0F, 0xE0, 0x07, 0x3C, 0x03, 0x87, 0x80, 0x00, 0x00, 0x00, 0x00,
    0x07, 0xE0, 0x07, 0xFE, 0x03, 0xFF, 0xC1, 0xE0, 0x78, 0xE0, 0x0E, 0x78, 0x01, 0xDC, 0x00, 0x7F,
    0x00, 0x1F, 0xFF, 0xFF, 0xFF, 0xFF, 0xF8, 0x00, 0x0E, 0x00, 0x03, 0x80, 0x00, 0xF0, 0x00, 0x1E,
    0x01, 0x87, 0xE1, 0xF0, 0xFF, 0xF8, 0x0F, 0xF8, 0x00, 0x20, 0x00, 0x01, 0xC7, 0x00, 0x71, 0xC0,
    0x1C, 0x70, 0x02, 0x08, 0x00, 0x00, 0x00, 0x00, 0x00, 0x1F, 0x80, 0x1F, 0xF8, 0x0F, 0xFF, 0x07,
    0x81, 0xE3, 0x80, 0x39, 0xE0, 0x07, 0x70, 0x01, 0xFC, 0x00, 0x7F, 0xFF, 0xFF, 0xFF, 0xFF, 0xE0,
    0x00, 0x38, 0x00, 0x0E, 0x00, 0x03, 0xC0, 0x00, 0x78, 0x06, 0x1F, 0x87, 0xC3, 0xFF, 0xE0, 0x3F,
    0xE0, 0x00, 0x80, 0x00, 0x30, 0x78, 0x3C, 0x1E, 0x0F, 0x00, 0x00, 0x0C, 0x1E, 0x1C, 0x1C, 0x1C,
    0x1C, 0x3C, 0x38, 0x38, 0x38, 0x38, 0x78, 0x70, 0x70, 0x70, 0x70, 0xF0, 0xE0, 0x00, 0x60, 0x1E,
    0x03, 0xC0, 0x78, 0x0E, 0x00, 0x00, 0x00, 0x00, 0xC0, 0x1E, 0x01, 0xC0, 0x1C, 0x01, 0xC0, 0x1C,
    0x03, 0xC0, 0x38, 0x03, 0x80, 0x38, 0x03, 0x80, 0x78, 0x07, 0x00, 0x70, 0x07, 0x00, 0x70, 0x0F,
    0x00, 0xE0, 0x00, 0x02, 0x01, 0xE0, 0x7E, 0x1C, 0xE7, 0x1C, 0x00, 0x00, 0x00, 0x60, 0x1E, 0x03,
    0x80, 0x70, 0x0E, 0x01, 0xC0, 0x78, 0x0E, 0x01, 0xC0, 0x38, 0x07, 0x01, 0xE0, 0x38, 0x07, 0x00,
    0xE0, 0x1C, 0x07, 0x80, 0xE0, 0x00, 0x19, 0xCF, 0x73, 0x9C, 0x42, 0x00, 0x00, 0x00, 0xC0, 0x78,
    0x1C, 0x07, 0x01, 0xC0, 0x70, 0x3C, 0x0E, 0x03, 0x80, 0xE0, 0x38, 0x1E, 0x07, 0x01, 0xC0, 0x70,
    0x1C, 0x0F, 0x03, 0x80, 0x03, 0x00, 0x01, 0xF0, 0x00, 0x3E, 0x38, 0x03, 0xFE, 0x00, 0x7E, 0x00,
    0x7F, 0x00, 0xFD, 0xC0, 0x3C, 0x38, 0x08, 0x0E, 0x00, 0x01, 0xC0, 0x3E, 0x70, 0x3F, 0xEE, 0x3F,
    0xFF, 0x9F, 0x03, 0xE7, 0x00, 0x7B, 0xC0, 0x1E, 0xE0, 0x03, 0xB8, 0x00, 0xEE, 0x00, 0x3B, 0x80,
    0x1E, 0xE0, 0x07, 0x1C, 0x03, 0xC7, 0xC3, 0xE0, 0xFF, 0xF0, 0x1F, 0xF0, 0x00, 0x00, 0x00, 0x00,
    0x78, 0x60, 0x1F, 0x98, 0x07, 0x3F, 0x00, 0xC3, 0xC0, 0x00, 0x00, 0x00, 0x00, 0x03, 0x0F, 0x80,
    0xEF, 0xFC, 0x1F, 0xFF, 0xC3, 0xF0, 0x7C, 0x78, 0x07, 0x8E, 0x00, 0x73, 0xC0, 0x0E, 0x70, 0x01,
    0xCE, 0x00, 0x39, 0xC0, 0x0F, 0x38, 0x01, 0xCF, 0x00, 0x39, 0xC0, 0x07, 0x38, 0x00, 0xE7, 0x00,
    0x3C, 0xE0, 0x07, 0x3C, 0x00, 0xE7, 0x00, 0x1C, 0x01, 0xC0, 0x00, 0x3C, 0x00, 0x03, 0xC0, 0x00,
    0x3C, 0x00, 0x03, 0xC0, 0x00, 0x00, 0x00, 0x00, 0x00, 0x07, 0xC0, 0x07, 0xFE, 0x01, 0xFF, 0xF0,
    0x78, 0x1E, 0x1E, 0x01, 0xE7, 0x80, 0x1C, 0xE0, 0x03, 0xFC, 0x00, 0x3F, 0x00, 0x07, 0xE0, 0x01,
    0xFC, 0x00, 0x3B, 0x80, 0x07, 0x70, 0x01, 0xEF, 0x00, 0x38, 0xF0, 0x1F, 0x1F, 0x8F, 0xC1, 0xFF,
    0xF0, 0x0F, 0xF8, 0x00, 0x30, 0x00, 0x00, 0x01, 0x80, 0x00, 0xF0, 0x00, 0x3C, 0x00, 0x0E, 0x00,
    0x07, 0x80, 0x00, 0x00, 0x00, 0x00, 0x00, 0x07, 0xC0, 0x07, 0xFE, 0x01, 0xFF, 0xF0, 0x78, 0x1E,
    0x1E, 0x01, 0xE7, 0x80, 0x1C, 0xE0, 0x03, 0xFC, 0x00, 0x3F, 0x00, 0x07, 0xE0, 0x01, 0xFC, 0x00,
    0x3B, 0x80, 0x07, 0x70, 0x01, 0xEF, 0x00, 0x38, 0xF0, 0x1F, 0x1F, 0x8F, 0xC1, 0xFF, 0xF0, 0x0F,
    0xF8, 0x00, 0x30, 0x00, 0x00, 0x18, 0x00, 0x07, 0x80, 0x03, 0xF8, 0x00, 0xF3, 0x80, 0x3C, 0x38,
    0x00, 0x00, 0x00, 0x00, 0x00, 0x07, 0xC0, 0x07, 0xFE, 0x01, 0xFF, 0xF0, 0x78, 0x1E, 0x1E, 0x01,
    0xE7, 0x80, 0x1C, 0xE0, 0x03, 0xFC, 0x00, 0x3F, 0x00, 0x07, 0xE0, 0x01, 0xFC, 0x00, 0x3B, 0x80,
    0x07, 0x70, 0x01, 0xEF, 0x00, 0x38, 0xF0, 0x1F, 0x1F, 0x8F, 0xC1, 0xFF, 0xF0, 0x0F, 0xF8, 0x00,
    0x30, 0x00, 0x00, 0xF0, 0xC0, 0x3F, 0x30, 0x0E, 0x7E, 0x01, 0x87, 0x80, 0x00, 0x00, 0x00, 0x00,
    0x00, 0x3E, 0x00, 0x3F, 0xF0, 0x0F, 0xFF, 0x83, 0xC0, 0xF0, 0xF0, 0x0F, 0x3C, 0x00, 0xE7, 0x00,
    0x1F, 0xE0, 0x01, 0xF8, 0x00, 0x3F, 0x00, 0x0F, 0xE0, 0x01, 0xDC, 0x00, 0x3B, 0x80, 0x0F, 0x78,
    0x01, 0xC7, 0x80, 0xF8, 0xFC, 0x7E, 0x0F, 0xFF, 0x80, 0x7F, 0xC0, 0x01, 0x80, 0x00, 0x00, 0xC3,
    0x00, 0x3C, 0xF0, 0x07, 0x9E, 0x00, 0x01, 0x00, 0x00, 0x00, 0x00, 0x00, 0x00, 0x3E, 0x00, 0x3F,
    0xF0, 0x0F, 0xFF, 0x83, 0xC0, 0xF0, 0xF0, 0x0F, 0x3C, 0x00, 0xE7, 0x00, 0x1F, 0xE0, 0x01, 0xF8,
    0x00, 0x3F, 0x00, 0x0F, 0xE0, 0x01, 0xDC, 0x00, 0x3B, 0x80, 0x0F, 0x78, 0x01, 0xC7, 0x80, 0xF8,
    0xFC, 0x7E, 0x0F, 0xFF, 0x80, 0x7F, 0xC0, 0x01, 0x80, 0x00, 0x00, 0xC0, 0x00, 0xE0, 0x01, 0xE0,
    0x00, 0xE0, 0x00, 0x00, 0x00, 0x00, 0x00, 0x00, 0x7F, 0xFF, 0xFF, 0xFF, 0xFF, 0xFE, 0x00, 0x00,
    0x00, 0x00, 0x00, 0x00, 0x07, 0x00, 0x07, 0x80, 0x07, 0x80, 0x03, 0x00, 0x00, 0x00, 0xC0, 0x00,
    0x38, 0x03, 0xEE, 0x03, 0xFF, 0x80, 0xFF, 0xF8, 0x3C, 0x1F, 0x0F, 0x07, 0xF3, 0xC0, 0xCE, 0x70,
    0x39, 0xFE, 0x0E, 0x1F, 0x81, 0x83, 0xF0, 0x70, 0xFE, 0x1C, 0x1D, 0xC7, 0x03, 0xB8, 0xC0, 0xF7,
    0xB8, 0x1C, 0x7E, 0x0F, 0x8F, 0xC7, 0xE0, 0xFF, 0xF8, 0x1F, 0xFC, 0x07, 0x18, 0x00, 0xC0, 0x00,
    0x38, 0x00, 0x00, 0x01, 0x80, 0x00, 0x3C, 0x00, 0x03, 0xC0, 0x00, 0x3C, 0x00, 0x03, 0x80, 0x00,
    0x00, 0x00, 0x00, 0x00, 0xC0, 0x07, 0x38, 0x00, 0xE7, 0x00, 0x1C, 0xE0, 0x07, 0x1C, 0x00, 0xE7,
    0x80, 0x1C, 0xE0, 0x03, 0x9C, 0x00, 0x73, 0x80, 0x1C, 0x70, 0x03, 0x9E, 0x00, 0x73, 0x80, 0x0E,
    0x70, 0x03, 0xCF, 0x00, 0x70, 0xE0, 0x3E, 0x1F, 0x1F, 0xC1, 0xFF, 0xF8, 0x1F, 0xE7, 0x00, 0x60,
    0x00, 0x00, 0x01, 0x80, 0x00, 0xF0, 0x00, 0x3C, 0x00, 0x1E, 0x00, 0x07, 0x80, 0x00, 0x00, 0x00,
    0x00, 0x00, 0xC0, 0x07, 0x38, 0x00, 0xE7, 0x00, 0x1C, 0xE0, 0x07, 0x1C, 0x00, 0xE7, 0x80, 0x1C,
    0xE0, 0x03, 0x9C, 0x00, 0x73, 0x80, 0x1C, 0x70, 0x03, 0x9E, 0x00, 0x73, 0x80, 0x0E, 0x70, 0x03,
    0xCF, 0x00, 0x70, 0xE0, 0x3E, 0x1F, 0x1F, 0xC1, 0xFF, 0xF8, 0x1F, 0xE7, 0x00, 0x60, 0x00, 0x00,
    0x18, 0x00, 0x0F, 0x80, 0x03, 0xF8, 0x00, 0xF3, 0x80, 0x38, 0x38, 0x00, 0x00, 0x00, 0x00, 0x00,
    0xC0, 0x07, 0x38, 0x00, 0xE7, 0x00, 0x1C, 0xE0, 0x07, 0x1C, 0x00, 0xE7, 0x80, 0x1C, 0xE0, 0x03,
    0x9C, 0x00, 0x73, 0x80, 0x1C, 0x70, 0x03, 0x9E, 0x00, 0x73, 0x80, 0x0E, 0x70, 0x03, 0xCF, 0x00,
    0x70, 0xE0, 0x3E, 0x1F, 0x1F, 0xC1, 0xFF, 0xF8, 0x1F, 0xE7, 0x00, 0x60, 0x00, 0x00, 0xC3, 0x00,
    0x3C, 0xE0, 0x07, 0x1C, 0x00, 0x41, 0x00, 0x00, 0x00, 0x00, 0x00, 0x06, 0x00, 0x39, 0xC0, 0x07,
    0x38, 0x00, 0xE7, 0x00, 0x38, 0xE0, 0x07, 0x3C, 0x00, 0xE7, 0x00, 0x1C, 0xE0, 0x03, 0x9C, 0x00,
    0xE3, 0x80, 0x1C, 0xF0, 0x03, 0x9C, 0x00, 0x73, 0x80, 0x1E, 0x78, 0x03, 0x87, 0x01, 0xF0, 0xF8,
    0xFE, 0x0F, 0xFF, 0xC0, 0xFF, 0x38, 0x03, 0x00, 0x00, 0x00, 0x00, 0x30, 0x00, 0x00, 0xF0, 0x00,
    0x01, 0xE0, 0x00, 0x03, 0xC0, 0x00, 0x07, 0x00, 0x00, 0x00, 0x00, 0x00, 0x00, 0x00, 0x03, 0x00,
    0x07, 0x03, 0x80, 0x0E, 0x03, 0x80, 0x0E, 0x03, 0x80, 0x1C, 0x03, 0x80, 0x3C, 0x01, 0xC0, 0x38,
    0x01, 0xC0, 0x70, 0x01, 0xC0, 0xF0, 0x01, 0xC0, 0xE0, 0x00, 0xE1, 0xC0, 0x00, 0xE3, 0xC0, 0x00,
    0xE3, 0x80, 0x00, 0xE7, 0x00, 0x00, 0x77, 0x00, 0x00, 0x7E, 0x00, 0x00, 0x7C, 0x00, 0x00, 0x7C,
    0x00, 0x00, 0x38, 0x00, 0x00, 0x70, 0x00, 0x00, 0x70, 0x00, 0x00, 0xE0, 0x00, 0x61, 0xC0, 0x00,
    0xFF, 0xC0, 0x00, 0x7F, 0x80, 0x00, 0x3E, 0x00, 0x00, 0x03, 0x80, 0x00, 0x0E, 0x00, 0x00, 0x38,
    0x00, 0x01, 0xE0, 0x00, 0x07, 0x00, 0x00, 0x1C, 0x00, 0x00, 0x70, 0x00, 0x01, 0xC7, 0xC0, 0x0F,
    0xFF, 0xC0, 0x3F, 0xFF, 0x80, 0xFC, 0x0F, 0x03, 0xC0, 0x1E, 0x0F, 0x00, 0x38, 0x78, 0x00, 0xE1,
    0xC0, 0x03, 0x87, 0x00, 0x0E, 0x1C, 0x00, 0x38, 0x70, 0x00, 0xE3, 0xC0, 0x03, 0x8F, 0x00, 0x1C,
    0x3C, 0x00, 0xF0, 0xF8, 0x07, 0x83, 0xF8, 0x7C, 0x1E, 0xFF, 0xE0, 0x71, 0xFF, 0x01, 0xC0, 0xC0,
    0x07, 0x00, 0x00, 0x1C, 0x00, 0x00, 0xF0, 0x00, 0x03, 0x80, 0x00, 0x0E, 0x00, 0x00, 0x38, 0x00,
    0x00, 0x00, 0x18, 0x60, 0x00, 0x1C, 0xF0, 0x00, 0x1C, 0xF0, 0x00, 0x08, 0x00, 0x00, 0x00, 0x00,
    0x00, 0x00, 0x00, 0x03, 0x00, 0x07, 0x03, 0x80, 0x0E, 0x03, 0x80, 0x0E, 0x03, 0x80, 0x1C, 0x03,
    0x80, 0x3C, 0x01, 0xC0, 0x38, 0x01, 0xC0, 0x70, 0x01, 0xC0, 0xF0, 0x01, 0xC0, 0xE0, 0x00, 0xE1,
    0xC0, 0x00, 0xE3, 0xC0, 0x00, 0xE3, 0x80, 0x00, 0xE7, 0x00, 0x00, 0x77, 0x00, 0x00, 0x7E, 0x00,
    0x00, 0x7C, 0x00, 0x00, 0x7C, 0x00, 0x00, 0x38, 0x00, 0x00, 0x70, 0x00, 0x00, 0x70, 0x00, 0x00,
    0xE0, 0x00, 0x61, 0xC0, 0x00, 0xFF, 0xC0, 0x00, 0x7F, 0x80, 0x00, 0x3E, 0x00, 0x00, 0x00, 0x0F,
    0xFE, 0x00, 0x0F, 0xFE, 0x00, 0x00, 0x00, 0x00, 0x00, 0x00, 0x00, 0x00, 0x00, 0x00, 0x01, 0xC0,
    0x00, 0x03, 0xE0, 0x00, 0x07, 0xE0, 0x00, 0x07, 0xE0, 0x00, 0x0E, 0xE0, 0x00, 0x1E, 0x70, 0x00,
    0x1C, 0x70, 0x00, 0x38, 0x70, 0x00, 0x78, 0x78, 0x00, 0x70, 0x38, 0x00, 0xE0, 0x38, 0x01, 0xE0,
    0x38, 0x01, 0xC0, 0x3C, 0x03, 0xC0, 0x1C, 0x03, 0xFF, 0xFC, 0x07, 0xFF, 0xFC, 0x0F, 0xFF, 0xFE,
    0x0E, 0x00, 0x0E, 0x1C, 0x00, 0x0E, 0x3C, 0x00, 0x0E, 0x38, 0x00, 0x0F, 0x70, 0x00, 0x07, 0xF0,
    0x00, 0x07, 0x01, 0xFF, 0xC0, 0x1F, 0xFC, 0x00, 0x00, 0x00, 0x00, 0x00, 0x00, 0x00, 0x00, 0x1F,
    0x87, 0x07, 0xFE, 0x70, 0xFF, 0xF7, 0x1E, 0x07, 0xF3, 0xC0, 0x3E, 0x78, 0x01, 0xE7, 0x00, 0x1E,
    0xF0, 0x00, 0xEE, 0x00, 0x0E, 0xE0, 0x01, 0xCE, 0x00, 0x1C, 0xE0, 0x01, 0xCE, 0x00, 0x3C, 0xF0,
    0x03, 0xC7, 0x80, 0xF8, 0x7E, 0x3F, 0x83, 0xFF, 0xF8, 0x0F, 0xF3, 0x80, 0x18, 0x00, 0x00, 0x04,
    0x00, 0x00, 0x06, 0x06, 0x00, 0x06, 0x0E, 0x00, 0x07, 0xFC, 0x00, 0x03, 0xF8, 0x00, 0x00, 0x40,
    0x00, 0x00, 0x00, 0x00, 0x01, 0xC0, 0x00, 0x03, 0xE0, 0x00, 0x07, 0xE0, 0x00, 0x07, 0xE0, 0x00,
    0x0E, 0xE0, 0x00, 0x1E, 0x70, 0x00, 0x1C, 0x70, 0x00, 0x38, 0x70, 0x00, 0x78, 0x78, 0x00, 0x70,
    0x38, 0x00, 0xE0, 0x38, 0x01, 0xE0, 0x38, 0x01, 0xC0, 0x3C, 0x03, 0xC0, 0x1C, 0x03, 0xFF, 0xFC,
    0x07, 0xFF, 0xFC, 0x0F, 0xFF, 0xFE, 0x0E, 0x00, 0x0E, 0x1C, 0x00, 0x0E, 0x3C, 0x00, 0x0E, 0x38,
    0x00, 0x0F, 0x70, 0x00, 0x07, 0xF0, 0x00, 0x07, 0x00, 0x80, 0x00, 0x1C, 0x0C, 0x00, 0xC1, 0xC0,
    0x0F, 0xF8, 0x00, 0x7F, 0x00, 0x00, 0x80, 0x00, 0x00, 0x00, 0x1F, 0x87, 0x07, 0xFE, 0x70, 0xFF,
    0xF7, 0x1E, 0x07, 0xF3, 0xC0, 0x3E, 0x78, 0x01, 0xE7, 0x00, 0x1E, 0xF0, 0x00, 0xEE, 0x00, 0x0E,
    0xE0, 0x01, 0xCE, 0x00, 0x1C, 0xE0, 0x01, 0xCE, 0x00, 0x3C, 0xF0, 0x03, 0xC7, 0x80, 0xF8, 0x7E,
    0x3F, 0x83, 0xFF, 0xF8, 0x0F, 0xF3, 0x80, 0x18, 0x00, 0x00, 0x00, 0x00, 0x00, 0x01, 0xC0, 0x00,
    0x03, 0xE0, 0x00, 0x07, 0xE0, 0x00, 0x07, 0xE0, 0x00, 0x0E, 0xE0, 0x00, 0x1E, 0x70, 0x00, 0x1C,
    0x70, 0x00, 0x38, 0x70, 0x00, 0x78, 0x78, 0x00, 0x70, 0x38, 0x00, 0xE0, 0x38, 0x01, 0xE0, 0x38,
    0x01, 0xC0, 0x3C, 0x03, 0xC0, 0x1C, 0x03, 0xFF, 0xFC, 0x07, 0xFF, 0xFC, 0x0F, 0xFF, 0xFE, 0x0E,
    0x00, 0x0E, 0x1C, 0x00, 0x0E, 0x3C, 0x00, 0x0E, 0x38, 0x00, 0x0F, 0x70, 0x00, 0x07, 0xF0, 0x00,
    0x07, 0x00, 0x00, 0x1F, 0x00, 0x00, 0x3C, 0x00, 0x00, 0x70, 0x00, 0x00, 0x70, 0x00, 0x00, 0x60,
    0x00, 0x00, 0x7E, 0x00, 0x00, 0x3F, 0x00, 0x00, 0x1C, 0x01, 0xF8, 0x70, 0x7F, 0xE7, 0x0F, 0xFF,
    0x71, 0xE0, 0x7F, 0x3C, 0x03, 0xE7, 0x80, 0x1E, 0x70, 0x01, 0xEF, 0x00, 0x0E, 0xE0, 0x00, 0xEE,
    0x00, 0x1C, 0xE0, 0x01, 0xCE, 0x00, 0x1C, 0xE0, 0x03, 0xCF, 0x00, 0x3C, 0x78, 0x0F, 0x87, 0xE3,
    0xF8, 0x3F, 0xFF, 0x80, 0xFF, 0x78, 0x01, 0x8F, 0x00, 0x01, 0xC0, 0x00, 0x38, 0x00, 0x03, 0x00,
    0x00, 0x70, 0x00, 0x03, 0xF0, 0x00, 0x3F, 0x00, 0x00, 0xC0, 0x00, 0x00, 0x30, 0x00, 0x01, 0xE0,
    0x00, 0x07, 0x80, 0x00, 0x1E, 0x00, 0x00, 0x70, 0x00, 0x00, 0x00, 0x00, 0x03, 0xC0, 0x00, 0x7F,
    0xF8, 0x03, 0xFF, 0xF8, 0x0F, 0xC1, 0xF8, 0x3E, 0x00, 0x70, 0xF0, 0x00, 0x43, 0xC0, 0x00, 0x07,
    0x00, 0x00, 0x1C, 0x00, 0x00, 0x38, 0x00, 0x00, 0xF0, 0x00, 0x01, 0xC0, 0x00, 0x03, 0x80, 0x00,
    0x07, 0x00, 0x00, 0x0E, 0x00, 0x00, 0x1C, 0x00, 0x00, 0x38, 0x00, 0x00, 0x70, 0x00, 0x00, 0xF0,
    0x00, 0x00, 0xF0, 0x00, 0x40, 0xF0, 0x03, 0xC1, 0xFC, 0x3F, 0x80, 0xFF, 0xFC, 0x00, 0xFF, 0xF0,
    0x00, 0x1C, 0x00, 0x00, 0x00, 0x03, 0x00, 0x01, 0xE0, 0x01, 0xE0, 0x00, 0xF0, 0x00, 0x78, 0x00,
    0x00, 0x00, 0x00, 0x00, 0x03, 0xE0, 0x07, 0xFE, 0x03, 0xFF, 0xE1, 0xE0, 0x78, 0xF0, 0x0E, 0x78,
    0x00, 0x1C, 0x00, 0x0F, 0x00, 0x03, 0x80, 0x00, 0xE0, 0x00, 0x38, 0x00, 0x0E, 0x00, 0x03, 0x80,
    0x00, 0xF0, 0x00, 0x1E, 0x01, 0xC7, 0xE3, 0xF0, 0xFF, 0xF8, 0x0F, 0xF8, 0x00, 0x60, 0x00, 0x00,
    0x03, 0x80, 0x00, 0x0F, 0x00, 0x00, 0x1E, 0x00, 0x00, 0x08, 0x00, 0x00, 0x00, 0x00, 0x01, 0xE0,
    0x00, 0x3F, 0xFC, 0x01, 0xFF, 0xFC, 0x07, 0xE0, 0xFC, 0x1F, 0x00, 0x38, 0x78, 0x00, 0x21, 0xE0,
    0x00, 0x03, 0x80, 0x00, 0x0E, 0x00, 0x00, 0x1C, 0x00, 0x00, 0x78, 0x00, 0x00, 0xE0, 0x00, 0x01,
    0xC0, 0x00, 0x03, 0x80, 0x00, 0x07, 0x00, 0x00, 0x0E, 0x00, 0x00, 0x1C, 0x00, 0x00, 0x38, 0x00,
    0x00, 0x78, 0x00, 0x00, 0x78, 0x00, 0x20, 0x78, 0x01, 0xE0, 0xFE, 0x1F, 0xC0, 0x7F, 0xFE, 0x00,
    0x7F, 0xF8, 0x00, 0x0E, 0x00, 0x00, 0x00, 0x38, 0x00, 0x0F, 0x00, 0x03, 0x80, 0x00, 0x40, 0x00,
    0x00, 0x00, 0x00, 0x00, 0x0F, 0x80, 0x1F, 0xF8, 0x0F, 0xFF, 0x87, 0x81, 0xE3, 0xC0, 0x39, 0xE0,
    0x00, 0x70, 0x00, 0x3C, 0x00, 0x0E, 0x00, 0x03, 0x80, 0x00, 0xE0, 0x00, 0x38, 0x00, 0x0E, 0x00,
    0x03, 0xC0, 0x00, 0x78, 0x07, 0x1F, 0x8F, 0xC3, 0xFF, 0xE0, 0x3F, 0xE0, 0x01, 0x80, 0x00, 0x00,
    0x20, 0x10, 0x00, 0x70, 0xE0, 0x00, 0x73, 0x80, 0x00, 0x7E, 0x00, 0x00, 0xF8, 0x00, 0x00, 0x00,
    0x00, 0x03, 0xC0, 0x00, 0x7F, 0xF8, 0x03, 0xFF, 0xF8, 0x0F, 0xC1, 0xF8, 0x3E, 0x00, 0x70, 0xF0,
    0x00, 0x43, 0xC0, 0x00, 0x07, 0x00, 0x00, 0x1C, 0x00, 0x00, 0x38, 0x00, 0x00, 0xF0, 0x00, 0x01,
    0xC0, 0x00, 0x03, 0x80, 0x00, 0x07, 0x00, 0x00, 0x0E, 0x00, 0x00, 0x1C, 0x00, 0x00, 0x38, 0x00,
    0x00, 0x70, 0x00, 0x00, 0xF0, 0x00, 0x00, 0xF0, 0x00, 0x40, 0xF0, 0x03, 0xC1, 0xFC, 0x3F, 0x80,
    0xFF, 0xFC, 0x00, 0xFF, 0xF0, 0x00, 0x1C, 0x00, 0x00, 0x01, 0x01, 0x80, 0xF0, 0xE0, 0x1E, 0xF0,
    0x03, 0xF8, 0x00, 0x7C, 0x00, 0x00, 0x00, 0x00, 0x00, 0x03, 0xE0, 0x07, 0xFE, 0x03, 0xFF, 0xE1,
    0xE0, 0x78, 0xF0, 0x0E, 0x78, 0x00, 0x1C, 0x00, 0x0F, 0x00, 0x03, 0x80, 0x00, 0xE0, 0x00, 0x38,
    0x00, 0x0E, 0x00, 0x03, 0x80, 0x00, 0xF0, 0x00, 0x1E, 0x01, 0xC7, 0xE3, 0xF0, 0xFF, 0xF8, 0x0F,
    0xF8, 0x00, 0x60, 0x00, 0x00, 0x40, 0x20, 0x00, 0x38, 0x70, 0x00, 0x0E, 0x70, 0x00, 0x03, 0xF0,
    0x00, 0x00, 0xF0, 0x00, 0x00, 0x00, 0x00, 0x00, 0x00, 0x00, 0x1F, 0xFF, 0xC0, 0x0F, 0xFF, 0xF8,
    0x07, 0x00, 0xFE, 0x03, 0x80, 0x0F, 0x83, 0xC0, 0x01, 0xE1, 0xC0, 0x00, 0xF0, 0xE0, 0x00, 0x38,
    0x70, 0x00, 0x1E, 0x38, 0x00, 0x0F, 0x3C, 0x00, 0x03, 0x9C, 0x00, 0x03, 0xCE, 0x00, 0x01, 0xE7,
    0x00, 0x00, 0xE3, 0x80, 0x00, 0x73, 0xC0, 0x00, 0x79, 0xC0, 0x00, 0x38, 0xE0, 0x00, 0x3C, 0x70,
    0x00, 0x3C, 0x38, 0x00, 0x3E, 0x3C, 0x00, 0x7E, 0x1C, 0x03, 0xFC, 0x0F, 0xFF, 0xFC, 0x07, 0xFF,
    0xF8, 0x00, 0x00, 0x00, 0x00, 0x00, 0x00, 0x03, 0x1C, 0x00, 0x00, 0xE3, 0x00, 0x00, 0x1C, 0x60,
    0x00, 0x03, 0x9C, 0x00, 0x00, 0x73, 0x80, 0x00, 0x0E, 0x60, 0x00, 0x03, 0x8C, 0x01, 0xF8, 0x70,
    0x00, 0xFF, 0xCE, 0x00, 0x3F, 0xFD, 0xC0, 0x0F, 0x03, 0xF8, 0x03, 0xC0, 0x3E, 0x00, 0xF0, 0x03,
    0xC0, 0x1C, 0x00, 0x78, 0x07, 0x80, 0x07, 0x00, 0xE0, 0x00, 0xE0, 0x1C, 0x00, 0x38, 0x03, 0x80,
    0x07, 0x00, 0x70, 0x00, 0xE0, 0x0E, 0x00, 0x3C, 0x01, 0xE0, 0x07, 0x80, 0x1E, 0x03, 0xE0, 0x03,
    0xF1, 0xFC, 0x00, 0x3F, 0xFF, 0x80, 0x01, 0xFE, 0x70, 0x00, 0x06, 0x00, 0x00, 0x00, 0x00, 0x00,
    0x00, 0x00, 0x7F, 0xFF, 0x00, 0x0F, 0xFF, 0xF8, 0x01, 0xC0, 0x3F, 0x80, 0x38, 0x00, 0xF8, 0x07,
    0x00, 0x07, 0x81, 0xC0, 0x00, 0x70, 0x38, 0x00, 0x0F, 0x07, 0x00, 0x01, 0xE0, 0xE0, 0x00, 0x1C,
    0x1C, 0x00, 0x03, 0xBF, 0xFE, 0x00, 0x77, 0xFF, 0xC0, 0x0E, 0xFF, 0xF8, 0x03, 0xC3, 0x80, 0x00,
    0x70, 0x70, 0x00, 0x0E, 0x1E, 0x00, 0x03, 0xC3, 0x80, 0x00, 0xF0, 0x70, 0x00, 0x1E, 0x0E, 0x00,
    0x0F, 0x81, 0xC0, 0x03, 0xE0, 0x78, 0x0F, 0xF8, 0x0F, 0xFF, 0xFC, 0x01, 0xFF, 0xFE, 0x00, 0x00,
    0x00, 0x18, 0x00, 0x00, 0x38, 0x00, 0x00, 0x38, 0x00, 0x1F, 0xFF, 0x00, 0x1F, 0xFF, 0x00, 0x1F,
    0xFF, 0x00, 0x00, 0x70, 0x01, 0xF8, 0x70, 0x07, 0xFE, 0x70, 0x0F, 0xFF, 0x70, 0x1E, 0x07, 0xF0,
    0x3C, 0x03, 0xE0, 0x78, 0x01, 0xE0, 0x70, 0x01, 0xE0, 0xF0, 0x00, 0xE0, 0xE0, 0x00, 0xE0, 0xE0,
    0x01, 0xC0, 0xE0, 0x01, 0xC0, 0xE0, 0x01, 0xC0, 0xE0, 0x03, 0xC0, 0xF0, 0x03, 0xC0, 0x78, 0x0F,
    0x80, 0x7E, 0x3F, 0x80, 0x3F, 0xFF, 0x80, 0x0F, 0xF3, 0x80, 0x01, 0x80, 0x00, 0x00, 0xFF, 0xE0,
    0x07, 0xFF, 0x00, 0x00, 0x00, 0x00, 0x00, 0x00, 0x00, 0x00, 0x07, 0xFF, 0xFC, 0x3F, 0xFF, 0xE1,
    0xC0, 0x00, 0x0E, 0x00, 0x00, 0xF0, 0x00, 0x07, 0x00, 0x00, 0x38, 0x00, 0x01, 0xC0, 0x00, 0x0E,
    0x00, 0x00, 0xF0, 0x00, 0x07, 0xFF, 0xF0, 0x3F, 0xFF, 0x81, 0xFF, 0xFC, 0x0E, 0x00, 0x00, 0xF0,
    0x00, 0x07, 0x00, 0x00, 0x38, 0x00, 0x01, 0xC0, 0x00, 0x0E, 0x00, 0x00, 0xF0, 0x00, 0x07, 0x00,
    0x00, 0x3F, 0xFF, 0xE1, 0xFF, 0xFF, 0x00, 0x03, 0xFF, 0x80, 0xFF, 0xE0, 0x00, 0x00, 0x00, 0x00,
    0x00, 0x00, 0x00, 0x7E, 0x00, 0x7F, 0xE0, 0x3F, 0xFC, 0x1E, 0x07, 0x8E, 0x00, 0xE7, 0x80, 0x1D,
    0xC0, 0x07, 0xF0, 0x01, 0xFF, 0xFF, 0xFF, 0xFF, 0xFF, 0x80, 0x00, 0xE0, 0x00, 0x38, 0x00, 0x0F,
    0x00, 0x01, 0xE0, 0x18, 0x7E, 0x1F, 0x0F, 0xFF, 0x80, 0xFF, 0x80, 0x02, 0x00, 0x00, 0x0E, 0x00,
    0x00, 0xF0, 0x00, 0x03, 0x80, 0x00, 0x08, 0x00, 0x00, 0x00, 0x00, 0x00, 0x00, 0x3F, 0xFF, 0xE1,
    0xFF, 0xFF, 0x0E, 0x00, 0x00, 0x70, 0x00, 0x07, 0x80, 0x00, 0x38, 0x00, 0x01, 0xC0, 0x00, 0x0E,
    0x00, 0x00, 0x70, 0x00, 0x07, 0x80, 0x00, 0x3F, 0xFF, 0x81, 0xFF, 0xFC, 0x0F, 0xFF, 0xE0, 0x70,
    0x00, 0x07, 0x80, 0x00, 0x38, 0x00, 0x01, 0xC0, 0x00, 0x0E, 0x00, 0x00, 0x70, 0x00, 0x07, 0x80,
    0x00, 0x38, 0x00, 0x01, 0xFF, 0xFF, 0x0F, 0xFF, 0xF8, 0x00, 0x00, 0x38, 0x00, 0x0E, 0x00, 0x03,
    0x80, 0x00, 0x40, 0x00, 0x00, 0x00, 0x00, 0x00, 0x1F, 0x80, 0x1F, 0xF8, 0x0F, 0xFF, 0x07, 0x81,
    0xE3, 0x80, 0x39, 0xE0, 0x07, 0x70, 0x01, 0xFC, 0x00, 0x7F, 0xFF, 0xFF, 0xFF, 0xFF, 0xE0, 0x00,
    0x38, 0x00, 0x0E, 0x00, 0x03, 0xC0, 0x00, 0x78, 0x06, 0x1F, 0x87, 0xC3, 0xFF, 0xE0, 0x3F, 0xE0,
    0x00, 0x80, 0x00, 0x00, 0x00, 0x00, 0x7F, 0xFF, 0xC3, 0xFF, 0xFE, 0x1C, 0x00, 0x00, 0xE0, 0x00,
    0x0F, 0x00, 0x00, 0x70, 0x00, 0x03, 0x80, 0x00, 0x1C, 0x00, 0x00, 0xE0, 0x00, 0x0F, 0x00, 0x00,
    0x7F, 0xFF, 0x03, 0xFF, 0xF8, 0x1F, 0xFF, 0xC0, 0xE0, 0x00, 0x0F, 0x00, 0x00, 0x70, 0x00, 0x03,
    0x80, 0x00, 0x1C, 0x00, 0x00, 0xE0, 0x00, 0x0F, 0x00, 0x00, 0x70, 0x00, 0x03, 0xFF, 0xFE, 0x1F,
    0xFF, 0xF0, 0x00, 0x0F, 0x00, 0x00, 0xE0, 0x00, 0x0E, 0x00, 0x00, 0xE0, 0x00, 0x07, 0x00, 0x00,
    0x3F, 0x80, 0x00, 0xFC, 0x00, 0x01, 0x80, 0x01, 0xF8, 0x01, 0xFF, 0x80, 0xFF, 0xF0, 0x78, 0x1E,
    0x3C, 0x03, 0x9E, 0x00, 0x77, 0x00, 0x1F, 0xC0, 0x07, 0xFF, 0xFF, 0xFF, 0xFF, 0xFE, 0x00, 0x03,
    0x80, 0x00, 0xE0, 0x00, 0x3C, 0x00, 0x07, 0x80, 0x60, 0xF8, 0x7C, 0x3F, 0xFE, 0x03, 0xFE, 0x00,
    0x0F, 0x00, 0x03, 0x80, 0x01, 0xC0, 0x00, 0x60, 0x00, 0x18, 0x00, 0x07, 0xE0, 0x00, 0xF8, 0x00,
    0x18, 0x00, 0x00, 0x80, 0x40, 0x07, 0x0E, 0x00, 0x1C, 0xE0, 0x00, 0x7E, 0x00, 0x01, 0xE0, 0x00,
    0x00, 0x00, 0x00, 0x00, 0x01, 0xFF, 0xFF, 0x0F, 0xFF, 0xF8, 0x70, 0x00, 0x03, 0x80, 0x00, 0x3C,
    0x00, 0x01, 0xC0, 0x00, 0x0E, 0x00, 0x00, 0x70, 0x00, 0x03, 0x80, 0x00, 0x3C, 0x00, 0x01, 0xFF,
    0xFC, 0x0F, 0xFF, 0xE0, 0x7F, 0xFF, 0x03, 0x80, 0x00, 0x3C, 0x00, 0x01, 0xC0, 0x00, 0x0E, 0x00,
    0x00, 0x70, 0x00, 0x03, 0x80, 0x00, 0x3C, 0x00, 0x01, 0xC0, 0x00, 0x0F, 0xFF, 0xF8, 0x7F, 0xFF,
    0xC0, 0x01, 0x01, 0x80, 0xF0, 0xE0, 0x1E, 0xF0, 0x03, 0xF8, 0x00, 0x7C, 0x00, 0x00, 0x00, 0x00,
    0x00, 0x07, 0xE0, 0x07, 0xFE, 0x03, 0xFF, 0xC1, 0xE0, 0x78, 0xE0, 0x0E, 0x78, 0x01, 0xDC, 0x00,
    0x7F, 0x00, 0x1F, 0xFF, 0xFF, 0xFF, 0xFF, 0xF8, 0x00, 0x0E, 0x00, 0x03, 0x80, 0x00, 0xF0, 0x00,
    0x1E, 0x01, 0x87, 0xE1, 0xF0, 0xFF, 0xF8, 0x0F, 0xF8, 0x00, 0x20, 0x00, 0x00, 0x10, 0x10, 0x00,
    0x70, 0x70, 0x00, 0xE0, 0xC0, 0x00, 0xFF, 0x80, 0x00, 0xFE, 0x00, 0x00, 0x00, 0x00, 0x03, 0xE0,
    0x00, 0x7F, 0xF8, 0x03, 0xFF, 0xFC, 0x0F, 0xE0, 0xFC, 0x3E, 0x00, 0x78, 0xF0, 0x00, 0x23, 0xC0,
    0x00, 0x07, 0x00, 0x00, 0x1C, 0x00, 0x00, 0x38, 0x00, 0x00, 0xF0, 0x00, 0x01, 0xC0, 0x00, 0x03,
    0x80, 0x00, 0xE7, 0x00, 0x01, 0xCE, 0x00, 0x03, 0x9C, 0x00, 0x07, 0x38, 0x00, 0x1E, 0x70, 0x00,
    0x38, 0xF0, 0x00, 0x70, 0xF0, 0x00, 0xE0, 0xF0, 0x03, 0xC1, 0xFC, 0x3F, 0x00, 0xFF, 0xFC, 0x00,
    0xFF, 0xE0, 0x00, 0x1C, 0x00, 0x00, 0x00, 0x40, 0x00, 0x03, 0x81, 0x80, 0x06, 0x0E, 0x00, 0x1F,
    0xF0, 0x00, 0x3F, 0x80, 0x00, 0x10, 0x00, 0x00, 0x00, 0x00, 0x1F, 0x06, 0x03, 0xFF, 0x38, 0x1F,
    0xFE, 0xE0, 0xF0, 0x3F, 0x87, 0x80, 0x3E, 0x3C, 0x00, 0xF8, 0xE0, 0x01, 0xC7, 0x80, 0x07, 0x1C,
    0x00, 0x1C, 0x70, 0x00, 0x71, 0xC0, 0x03, 0xC7, 0x00, 0x0E, 0x1E, 0x00, 0x78, 0x38, 0x03, 0xE0,
    0xF8, 0x3F, 0x81, 0xFF, 0xFE, 0x03, 0xFF, 0x70, 0x01, 0xE1, 0xC0, 0x00, 0x07, 0x00, 0x00, 0x38,
    0x18, 0x01, 0xE0, 0xF0, 0x0F, 0x03, 0xFF, 0xF8, 0x03, 0xFF, 0xC0, 0x03, 0xF8, 0x00, 0x00, 0x03,
    0x80, 0x00, 0x0F, 0x00, 0x00, 0x1E, 0x00, 0x00, 0x00, 0x00, 0x00, 0x00, 0x00, 0x01, 0xF0, 0x00,
    0x3F, 0xFC, 0x01, 0xFF, 0xFE, 0x07, 0xF0, 0x7E, 0x1F, 0x00, 0x3C, 0x78, 0x00, 0x11, 0xE0, 0x00,
    0x03, 0x80, 0x00, 0x0E, 0x00, 0x00, 0x1C, 0x00, 0x00, 0x78, 0x00, 0x00, 0xE0, 0x00, 0x01, 0xC0,
    0x00, 0x73, 0x80, 0x00, 0xE7, 0x00, 0x01, 0xCE, 0x00, 0x03, 0x9C, 0x00, 0x0F, 0x38, 0x00, 0x1C,
    0x78, 0x00, 0x38, 0x78, 0x00, 0x70, 0x78, 0x01, 0xE0, 0xFE, 0x1F, 0x80, 0x7F, 0xFE, 0x00, 0x7F,
    0xF0, 0x00, 0x0E, 0x00, 0x00, 0x00, 0x0E, 0x00, 0x00, 0x38, 0x00, 0x00, 0xE0, 0x00, 0x01, 0x00,
    0x00, 0x00, 0x00, 0x00, 0x00, 0x00, 0x07, 0xC1, 0x80, 0xFF, 0xCE, 0x07, 0xFF, 0xB8, 0x3C, 0x0F,
    0xE1, 0xE0, 0x0F, 0x8F, 0x00, 0x3E, 0x38, 0x00, 0x71, 0xE0, 0x01, 0xC7, 0x00, 0x07, 0x1C, 0x00,
    0x1C, 0x70, 0x00, 0xF1, 0xC0, 0x03, 0x87, 0x80, 0x1E, 0x0E, 0x00, 0xF8, 0x3E, 0x0F, 0xE0, 0x7F,
    0xFF, 0x80, 0xFF, 0xDC, 0x00, 0x78, 0x70, 0x00, 0x01, 0xC0, 0x00, 0x0E, 0x06, 0x00, 0x78, 0x3C,
    0x03, 0xC0, 0xFF, 0xFE, 0x00, 0xFF, 0xF0, 0x00, 0xFE, 0x00, 0x00, 0x00, 0x0F, 0x80, 0x01, 0xFF,
    0xE0, 0x0F, 0xFF, 0xF0, 0x3F, 0x83, 0xF0, 0xF8, 0x01, 0xE3, 0xC0, 0x00, 0x8F, 0x00, 0x00, 0x1C,
    0x00, 0x00, 0x70, 0x00, 0x00, 0xE0, 0x00, 0x03, 0xC0, 0x00, 0x07, 0x00, 0x00, 0x0E, 0x00, 0x03,
    0x9C, 0x00, 0x07, 0x38, 0x00, 0x0E, 0x70, 0x00, 0x1C, 0xE0, 0x00, 0x79, 0xC0, 0x00, 0xE3, 0xC0,
    0x01, 0xC3, 0xC0, 0x03, 0x83, 0xC0, 0x0F, 0x07, 0xF0, 0xFC, 0x03, 0xFF, 0xF0, 0x03, 0xFF, 0x80,
    0x00, 0x70, 0x00, 0x00, 0x00, 0x00, 0x00, 0x00, 0x00, 0x0E, 0x00, 0x00, 0x1C, 0x00, 0x00, 0x38,
    0x00, 0x00, 0x70, 0x00, 0x00, 0xC0, 0x00, 0x01, 0x80, 0x00, 0x00, 0x03, 0x00, 0x00, 0x18, 0x00,
    0x00, 0xE0, 0x00, 0x03, 0x80, 0x00, 0x1E, 0x00, 0x00, 0x78, 0x00, 0x00, 0x00, 0x00, 0x00, 0x00,
    0x00, 0x7C, 0x18, 0x0F, 0xFC, 0xE0, 0x7F, 0xFB, 0x83, 0xC0, 0xFE, 0x1E, 0x00, 0xF8, 0xF0, 0x03,
    0xE3, 0x80, 0x07, 0x1E, 0x00, 0x1C, 0x70, 0x00, 0x71, 0xC0, 0x01, 0xC7, 0x00, 0x0F, 0x1C, 0x00,
    0x38, 0x78, 0x01, 0xE0, 0xE0, 0x0F, 0x83, 0xE0, 0xFE, 0x07, 0xFF, 0xF8, 0x0F, 0xFD, 0xC0, 0x07,
    0x87, 0x00, 0x00, 0x1C, 0x00, 0x00, 0xE0, 0x60, 0x07, 0x83, 0xC0, 0x3C, 0x0F, 0xFF, 0xE0, 0x0F,
    0xFF, 0x00, 0x0F, 0xE0, 0x00, 0x00, 0x00, 0x00, 0x01, 0xC0, 0x00, 0xE0, 0x38, 0x00, 0x1C, 0x07,
    0x00, 0x03, 0x80, 0xE0, 0x00, 0x71, 0xFF, 0xFF, 0xFF, 0xFF, 0xFF, 0xFF, 0xF8, 0xE0, 0x00, 0x70,
    0x1C, 0x00, 0x0E, 0x03, 0x80, 0x01, 0xC0, 0x70, 0x00, 0x78, 0x1F, 0xFF, 0xFE, 0x03, 0xFF, 0xFF,
    0xC0, 0x7F, 0xFF, 0xF8, 0x0E, 0x00, 0x07, 0x01, 0xC0, 0x01, 0xE0, 0x70, 0x00, 0x38, 0x0E, 0x00,
    0x07, 0x01, 0xC0, 0x00, 0xE0, 0x38, 0x00, 0x1C, 0x07, 0x00, 0x07, 0x81, 0xE0, 0x00, 0xE0, 0x38,
    0x00, 0x1C, 0x07, 0x00, 0x03, 0x80, 0x07, 0x00, 0x00, 0xE0, 0x00, 0x1C, 0x00, 0x3F, 0xFC, 0x07,
    0xFF, 0x80, 0x1C, 0x00, 0x03, 0x80, 0x00, 0x71, 0xF0, 0x1F, 0xFF, 0x83, 0xFF, 0xF8, 0x7E, 0x0F,
    0x8F, 0x00, 0xF1, 0xC0, 0x0E, 0x78, 0x01, 0xCE, 0x00, 0x39, 0xC0, 0x07, 0x38, 0x01, 0xE7, 0x00,
    0x39, 0xE0, 0x07, 0x38, 0x00, 0xE7, 0x00, 0x1C, 0xE0, 0x03, 0x9C, 0x00, 0xE3, 0x80, 0x1C, 0xE0,
    0x03, 0x80, 0x3F, 0xE7, 0xFC, 0x00, 0x00, 0x00, 0x00, 0x1C, 0x03, 0x80, 0x70, 0x0E, 0x03, 0xC0,
    0x70, 0x0E, 0x01, 0xC0, 0x38, 0x0F, 0x01, 0xC0, 0x38, 0x07, 0x00, 0xE0, 0x3C, 0x07, 0x00, 0xE0,
    0x1C, 0x03, 0x80, 0xF0, 0x1C, 0x03, 0x80, 0x70, 0x00, 0x3F, 0xE7, 0xFC, 0x00, 0x00, 0x00, 0x00,
    0x18, 0x07, 0x80, 0xE0, 0x1C, 0x03, 0x80, 0x70, 0x1E, 0x03, 0x80, 0x70, 0x0E, 0x01, 0xC0, 0x78,
    0x0E, 0x01, 0xC0, 0x38, 0x07, 0x01, 0xE0, 0x38, 0x00, 0x00, 0x00, 0x38, 0x07, 0x00, 0xE0, 0x1C,
    0x07, 0x80, 0xE0, 0x1C, 0x03, 0x80, 0x70, 0x1E, 0x03, 0x80, 0x70, 0x0E, 0x01, 0xC0, 0x78, 0x0E,
    0x01, 0xC0, 0x38, 0x07, 0x01, 0xE0, 0x38, 0x07, 0x00, 0xE0, 0x18, 0x06, 0x01, 0xC0, 0x30, 0x06,
    0x00, 0xF8, 0x1F, 0x00, 0x80, 0x01, 0xC0, 0xF0, 0x3C, 0x07, 0x00, 0x00, 0x00, 0x00, 0x0C, 0x07,
    0x81, 0xC0, 0x70, 0x1C, 0x07, 0x03, 0xC0, 0xE0, 0x38, 0x0E, 0x03, 0x81, 0xE0, 0x70, 0x1C, 0x07,
    0x01, 0xC0, 0xF0, 0x38, 0x0E, 0x07, 0x03, 0x80, 0xE0, 0x30, 0x0F, 0x81, 0xE0, 0x30, 0x00, 0x0C,
    0x3C, 0x70, 0xE1, 0xC3, 0x8F, 0x1C, 0x38, 0x70, 0xE3, 0xC7, 0x0E, 0x1C, 0x38, 0xF1, 0xC0, 0x00,
    0x00, 0x00, 0x0E, 0x00, 0x1E, 0x0E, 0x00, 0x3C, 0x0E, 0x00, 0x78, 0x0E, 0x00, 0xF0, 0x1E, 0x03,
    0xE0, 0x1C, 0x07, 0xC0, 0x1C, 0x0F, 0x00, 0x1C, 0x1E, 0x00, 0x1C, 0x3C, 0x00, 0x3C, 0x78, 0x00,
    0x39, 0xF0, 0x00, 0x3B, 0xF0, 0x00, 0x3F, 0xF8, 0x00, 0x3F, 0x38, 0x00, 0x7E, 0x1C, 0x00, 0x7C,
    0x1E, 0x00, 0x78, 0x0F, 0x00, 0x70, 0x07, 0x00, 0x70, 0x07, 0x80, 0xF0, 0x03, 0xC0, 0xE0, 0x01,
    0xC0, 0xE0, 0x01, 0xE0, 0xE0, 0x00, 0xF0, 0x00, 0x00, 0x00, 0x00, 0x00, 0x00, 0x00, 0x00, 0x00,
    0x03, 0x80, 0x00, 0x03, 0x80, 0x00, 0x03, 0x80, 0x00, 0x03, 0x80, 0x00, 0x03, 0x00, 0x00, 0x03,
    0x00, 0x00, 0x07, 0x00, 0x00, 0x70, 0x00, 0x07, 0x00, 0x00, 0xF0, 0x00, 0x0E, 0x00, 0x00, 0xE0,
    0x00, 0x0E, 0x00, 0x00, 0xE0, 0x0F, 0x1E, 0x01, 0xE1, 0xC0, 0x3C, 0x1C, 0x0F, 0x81, 0xC1, 0xE0,
    0x1C, 0x3C, 0x03, 0xCF, 0x80, 0x39, 0xF0, 0x03, 0xBE, 0x00, 0x3F, 0xF0, 0x03, 0xF7, 0x80, 0x7C,
    0x38, 0x07, 0x83, 0xC0, 0x70, 0x1C, 0x07, 0x00, 0xE0, 0x70, 0x0F, 0x0F, 0x00, 0x70, 0xE0, 0x07,
    0x80, 0x00, 0x00, 0x00, 0x00, 0x00, 0x00, 0x00, 0x07, 0x00, 0x00, 0x70, 0x00, 0x07, 0x00, 0x00,
    0x70, 0x00, 0x06, 0x00, 0x00, 0x60, 0x00, 0x00, 0x00, 0x0E, 0x00, 0x0E, 0x00, 0x0E, 0x00, 0x0E,
    0x00, 0x1E, 0x00, 0x1C, 0x00, 0x1C, 0x00, 0x1C, 0x00, 0x1C, 0x00, 0x3C, 0x00, 0x38, 0x00, 0x38,
    0x00, 0x38, 0x00, 0x38, 0x00, 0x78, 0x00, 0x70, 0x00, 0x70, 0x00, 0x70, 0x00, 0x70, 0x00, 0xF0,
    0x00, 0xE0, 0x00, 0xFF, 0xFF, 0xFF, 0xFF, 0x00, 0x00, 0x00, 0x00, 0x00, 0x00, 0x03, 0x00, 0x07,
    0x80, 0x03, 0x80, 0x03, 0x00, 0x07, 0x00, 0x06, 0x00, 0x01, 0xC0, 0x70, 0x1C, 0x0F, 0x03, 0x80,
    0xE0, 0x38, 0x0E, 0x07, 0x81, 0xC0, 0x70, 0x1C, 0x07, 0x03, 0xC0, 0xE0, 0x38, 0x0E, 0x03, 0x81,
    0xE0, 0x70, 0x1C, 0x07, 0x01, 0xC0, 0xF0, 0x38, 0x00, 0x00, 0x00, 0x00, 0x30, 0x1E, 0x07, 0x00,
    0xC0, 0x60, 0x18, 0x00, 0x00, 0x00, 0x00, 0x00, 0x70, 0xE0, 0x1C, 0x38, 0x06, 0x0E, 0x01, 0x83,
    0x80, 0xE1, 0xE0, 0x38, 0x70, 0x04, 0x1C, 0x00, 0x07, 0x00, 0x01, 0xC0, 0x00, 0xF0, 0x00, 0x38,
    0x00, 0x0E, 0x00, 0x03, 0x80, 0x00, 0xE0, 0x00, 0x78, 0x00, 0x1C, 0x00, 0x07, 0x00, 0x01, 0xC0,
    0x00, 0x70, 0x00, 0x3C, 0x00, 0x0E, 0x00, 0x03, 0xFF, 0xFC, 0xFF, 0xFF, 0x00, 0x00, 0x00, 0x38,
    0xC1, 0xCE, 0x0E, 0x70, 0xF3, 0x07, 0x18, 0x38, 0xC1, 0xC4, 0x0E, 0x00, 0xF0, 0x07, 0x00, 0x38,
    0x01, 0xC0, 0x0E, 0x00, 0xF0, 0x07, 0x00, 0x38, 0x01, 0xC0, 0x0E, 0x00, 0xF0, 0x07, 0x00, 0x38,
    0x01, 0xC0, 0x0E, 0x00, 0xF0, 0x07, 0x00, 0x00, 0x00, 0x00, 0x00, 0xF0, 0x00, 0x38, 0x00, 0x0E,
    0x00, 0x03, 0x80, 0x00, 0xE0, 0x00, 0x78, 0x00, 0x1C, 0x40, 0x07, 0x78, 0x01, 0xFC, 0x00, 0x7E,
    0x00, 0x3E, 0x00, 0x1E, 0x00, 0x0F, 0x80, 0x0F, 0xE0, 0x03, 0xB8, 0x00, 0x1E, 0x00, 0x07, 0x00,
    0x01, 0xC0, 0x00, 0x70, 0x00, 0x1C, 0x00, 0x0F, 0x00, 0x03, 0xFF, 0xFC, 0xFF, 0xFF, 0x01, 0xC0,
    0x70, 0x0E, 0x01, 0xC0, 0x38, 0x07, 0x01, 0xC0, 0x38, 0x07, 0x00, 0xE8, 0x1F, 0x87, 0xF0, 0xF8,
    0x3E, 0x0F, 0x87, 0xF0, 0x7C, 0x03, 0x80, 0x70, 0x0E, 0x01, 0xC0, 0x70, 0x0E, 0x01, 0xC0, 0x38,
    0x00, 0x00, 0x00, 0x30, 0x00, 0x00, 0xF0, 0x00, 0x01, 0xE0, 0x00, 0x03, 0xC0, 0x00, 0x0F, 0x00,
    0x00, 0x00, 0x00, 0x00, 0x00, 0x00, 0x0E, 0x00, 0x07, 0x0F, 0x00, 0x07, 0x0F, 0x80, 0x07, 0x0F,
    0x80, 0x0F, 0x1F, 0xC0, 0x0E, 0x1D, 0xC0, 0x0E, 0x1D, 0xE0, 0x0E, 0x1C, 0xE0, 0x0E, 0x1C, 0x70,
    0x1E, 0x3C, 0x78, 0x1C, 0x38, 0x38, 0x1C, 0x38, 0x3C, 0x1C, 0x38, 0x1C, 0x1C, 0x38, 0x1E, 0x3C,
    0x78, 0x0E, 0x38, 0x70, 0x07, 0x38, 0x70, 0x07, 0xB8, 0x70, 0x03, 0xB8, 0x70, 0x03, 0xF8, 0xF0,
    0x01, 0xF0, 0xE0, 0x01, 0xF0, 0xE0, 0x00, 0xF0, 0xE0, 0x00, 0x70, 0x00, 0x00, 0xC0, 0x00, 0x78,
    0x00, 0x1E, 0x00, 0x0F, 0x00, 0x03, 0xC0, 0x00, 0x00, 0x00, 0x00, 0x00, 0x61, 0xF0, 0x1D, 0xFF,
    0x83, 0xFF, 0xF8, 0x7E, 0x0F, 0x8F, 0x00, 0xF1, 0xC0, 0x0E, 0x78, 0x01, 0xCE, 0x00, 0x39, 0xC0,
    0x07, 0x38, 0x01, 0xE7, 0x00, 0x39, 0xE0, 0x07, 0x38, 0x00, 0xE7, 0x00, 0x1C, 0xE0, 0x07, 0x9C,
    0x00, 0xE7, 0x80, 0x1C, 0xE0, 0x03, 0x80, 0x00, 0x00, 0x00, 0x0E, 0x00, 0x07, 0x0F, 0x00, 0x07,
    0x0F, 0x80, 0x07, 0x0F, 0x80, 0x0F, 0x1F, 0xC0, 0x0E, 0x1D, 0xC0, 0x0E, 0x1D, 0xE0, 0x0E, 0x1C,
    0xE0, 0x0E, 0x1C, 0x70, 0x1E, 0x3C, 0x78, 0x1C, 0x38, 0x38, 0x1C, 0x38, 0x3C, 0x1C, 0x38, 0x1C,
    0x1C, 0x38, 0x1E, 0x3C, 0x78, 0x0E, 0x38, 0x70, 0x07, 0x38, 0x70, 0x07, 0xB8, 0x70, 0x03, 0xB8,
    0x70, 0x03, 0xF8, 0xF0, 0x01, 0xF0, 0xE0, 0x01, 0xF0, 0xE0, 0x00, 0xF0, 0xE0, 0x00, 0x70, 0x00,
    0x00, 0x00, 0x00, 0x00, 0x00, 0x00, 0x00, 0x00, 0x00, 0xC0, 0x00, 0x01, 0xE0, 0x00, 0x01, 0xC0,
    0x00, 0x01, 0xC0, 0x00, 0x01, 0x80, 0x00, 0x01, 0x80, 0x00, 0x0C, 0x3E, 0x03, 0xBF, 0xF0, 0x7F,
    0xFF, 0x0F, 0xC1, 0xF1, 0xE0, 0x1E, 0x38, 0x01, 0xCF, 0x00, 0x39, 0xC0, 0x07, 0x38, 0x00, 0xE7,
    0x00, 0x3C, 0xE0, 0x07, 0x3C, 0x00, 0xE7, 0x00, 0x1C, 0xE0, 0x03, 0x9C, 0x00, 0xF3, 0x80, 0x1C,
    0xF0, 0x03, 0x9C, 0x00, 0x70, 0x00, 0x00, 0x00, 0x00, 0x00, 0x00, 0x00, 0x07, 0x00, 0x00, 0xE0,
    0x00, 0x1C, 0x00, 0x03, 0x80, 0x00, 0x60, 0x00, 0x08, 0x00, 0x00, 0x00, 0x20, 0x10, 0x00, 0x38,
    0x70, 0x00, 0x1D, 0xE0, 0x00, 0x1F, 0xC0, 0x00, 0x0F, 0x80, 0x00, 0x00, 0x00, 0x00, 0x00, 0x00,
    0x0E, 0x00, 0x07, 0x0F, 0x00, 0x07, 0x0F, 0x80, 0x07, 0x0F, 0x80, 0x0F, 0x1F, 0xC0, 0x0E, 0x1D,
    0xC0, 0x0E, 0x1D, 0xE0, 0x0E, 0x1C, 0xE0, 0x0E, 0x1C, 0x70, 0x1E, 0x3C, 0x78, 0x1C, 0x38, 0x38,
    0x1C, 0x38, 0x3C, 0x1C, 0x38, 0x1C, 0x1C, 0x38, 0x1E, 0x3C, 0x78, 0x0E, 0x38, 0x70, 0x07, 0x38,
    0x70, 0x07, 0xB8, 0x70, 0x03, 0xB8, 0x70, 0x03, 0xF8, 0xF0, 0x01, 0xF0, 0xE0, 0x01, 0xF0, 0xE0,
    0x00, 0xF0, 0xE0, 0x00, 0x70, 0x00, 0x80, 0x40, 0x1C, 0x38, 0x01, 0xCE, 0x00, 0x1F, 0x80, 0x01,
    0xE0, 0x00, 0x00, 0x00, 0x00, 0x00, 0x61, 0xF0, 0x1D, 0xFF, 0x83, 0xFF, 0xF8, 0x7E, 0x0F, 0x8F,
    0x00, 0xF1, 0xC0, 0x0E, 0x78, 0x01, 0xCE, 0x00, 0x39, 0xC0, 0x07, 0x38, 0x01, 0xE7, 0x00, 0x39,
    0xE0, 0x07, 0x38, 0x00, 0xE7, 0x00, 0x1C, 0xE0, 0x07, 0x9C, 0x00, 0xE7, 0x80, 0x1C, 0xE0, 0x03,
    0x80, 0x00, 0x01, 0x84, 0x00, 0x01, 0xEF, 0x00, 0x01, 0xEF, 0x00, 0x01, 0xC7, 0x00, 0x01, 0xC7,
    0x00, 0x00, 0x00, 0x00, 0x00, 0x3C, 0x00, 0x01, 0xFF, 0xE0, 0x03, 0xFF, 0xF8, 0x03, 0xF0, 0x7F,
    0x03, 0xE0, 0x07, 0x83, 0xC0, 0x01, 0xE3, 0xC0, 0x00, 0x73, 0xC0, 0x00, 0x3D, 0xC0, 0x00, 0x0E,
    0xE0, 0x00, 0x07, 0xF0, 0x00, 0x03, 0xF0, 0x00, 0x01, 0xF8, 0x00, 0x00, 0xFC, 0x00, 0x00, 0x7E,
    0x00, 0x00, 0x7F, 0x00, 0x00, 0x3B, 0x80, 0x00, 0x3D, 0xC0, 0x00, 0x1C, 0xF0, 0x00, 0x1E, 0x3C,
    0x00, 0x1E, 0x1F, 0x00, 0x3E, 0x07, 0xF0, 0xFE, 0x01, 0xFF, 0xFE, 0x00, 0x3F, 0xFC, 0x00, 0x01,
    0xC0, 0x00, 0x00, 0x0C, 0x60, 0x03, 0xCE, 0x00, 0x79, 0xC0, 0x07, 0x38, 0x00, 0xE7, 0x00, 0x00,
    0x00, 0x00, 0x00, 0x00, 0x0F, 0x80, 0x07, 0xFE, 0x00, 0xFF, 0xF8, 0x1E, 0x07, 0x83, 0xC0, 0x3C,
    0x78, 0x01, 0xC7, 0x00, 0x1E, 0xF0, 0x00, 0xEE, 0x00, 0x0E, 0xE0, 0x01, 0xEE, 0x00, 0x1C, 0xE0,
    0x01, 0xCE, 0x00, 0x3C, 0xF0, 0x03, 0x87, 0x80, 0xF8, 0x7E, 0x3F, 0x03, 0xFF, 0xE0, 0x0F, 0xF8,
    0x00, 0x18, 0x00, 0x00, 0x00, 0x10, 0x00, 0x00, 0x07, 0xFF, 0xFF, 0xFF, 0x03, 0xFF, 0xFF, 0xFF,
    0xE0, 0x7F, 0x81, 0xC0, 0x00, 0x0F, 0x80, 0x3C, 0x00, 0x01, 0xE0, 0x03, 0x80, 0x00, 0x3C, 0x00,
    0x38, 0x00, 0x07, 0x80, 0x03, 0x80, 0x00, 0x70, 0x00, 0x38, 0x00, 0x07, 0x00, 0x07, 0x80, 0x00,
    0xF0, 0x00, 0x70, 0x00, 0x0E, 0x00, 0x07, 0xFF, 0xF0, 0xE0, 0x00, 0x7F, 0xFF, 0x0E, 0x00, 0x07,
    0xFF, 0xF0, 0xE0, 0x00, 0xF0, 0x00, 0x0E, 0x00, 0x0E, 0x00, 0x00, 0xE0, 0x00, 0xE0, 0x00, 0x0E,
    0x00, 0x0E, 0x00, 0x00, 0xF0, 0x00, 0xE0, 0x00, 0x07, 0x80, 0x1E, 0x00, 0x00, 0x3C, 0x01, 0xC0,
    0x00, 0x01, 0xFE, 0x1C, 0x00, 0x00, 0x0F, 0xFF, 0xFF, 0xFF, 0x00, 0x3F, 0xFF, 0xFF, 0xF0, 0x01,
    0xF8, 0x01, 0xF0, 0x03, 0xFF, 0x07, 0xFE, 0x03, 0xFF, 0xC7, 0xFF, 0x83, 0xC0, 0xF7, 0x81, 0xE3,
    0xC0, 0x3F, 0x80, 0x7B, 0xC0, 0x0F, 0x80, 0x1D, 0xC0, 0x07, 0x80, 0x0F, 0xE0, 0x01, 0xC0, 0x07,
    0xE0, 0x00, 0xFF, 0xFF, 0xF0, 0x00, 0xFF, 0xFF, 0xF8, 0x00, 0x70, 0x00, 0x1C, 0x00, 0x38, 0x00,
    0x0E, 0x00, 0x3E, 0x00, 0x07, 0x80, 0x1F, 0x00, 0x01, 0xE0, 0x3F, 0xC0, 0x30, 0xFC, 0x7C, 0xF8,
    0x7C, 0x3F, 0xFC, 0x3F, 0xFC, 0x07, 0xFC, 0x0F, 0xFC, 0x00, 0x60, 0x00, 0x60, 0x00, 0x00, 0x00,
    0x60, 0x00, 0x07, 0x80, 0x00, 0x3C, 0x00, 0x03, 0xC0, 0x00, 0x1E, 0x00, 0x00, 0x00, 0x00, 0x00,
    0x00, 0x03, 0xFF, 0xF0, 0x0F, 0xFF, 0xE0, 0x38, 0x0F, 0xC0, 0xE0, 0x07, 0x87, 0x80, 0x0E, 0x1C,
    0x00, 0x3C, 0x70, 0x00, 0xF1, 0xC0, 0x03, 0xC7, 0x00, 0x0E, 0x3C, 0x00, 0x38, 0xE0, 0x01, 0xE3,
    0x80, 0x0F, 0x0E, 0x00, 0x7C, 0x3F, 0xFF, 0xE1, 0xFF, 0xFE, 0x07, 0xFF, 0xE0, 0x1C, 0x03, 0x80,
    0x70, 0x0F, 0x01, 0xC0, 0x1C, 0x0F, 0x00, 0x78, 0x38, 0x00, 0xE0, 0xE0, 0x01, 0xC3, 0x80, 0x07,
    0x80, 0x00, 0x0C, 0x00, 0x7C, 0x01, 0xE0, 0x07, 0x80, 0x1C, 0x00, 0x00, 0x00, 0x00, 0x06, 0x1C,
    0x1D, 0xF8, 0x3F, 0xF0, 0x7E, 0x00, 0xF0, 0x01, 0xE0, 0x07, 0x80, 0x0E, 0x00, 0x1C, 0x00, 0x38,
    0x00, 0x70, 0x01, 0xE0, 0x03, 0x80, 0x07, 0x00, 0x0E, 0x00, 0x1C, 0x00, 0x78, 0x00, 0xE0, 0x00,
    0x00, 0x40, 0x60, 0x03, 0xC7, 0x80, 0x07, 0xBC, 0x00, 0x0F, 0xE0, 0x00, 0x1E, 0x00, 0x00, 0x00,
    0x00, 0x00, 0x00, 0x03, 0xFF, 0xF0, 0x0F, 0xFF, 0xE0, 0x38, 0x0F, 0xC0, 0xE0, 0x07, 0x87, 0x80,
    0x0E, 0x1C, 0x00, 0x3C, 0x70, 0x00, 0xF1, 0xC0, 0x03, 0xC7, 0x00, 0x0E, 0x3C, 0x00, 0x38, 0xE0,
    0x01, 0xE3, 0x80, 0x0F, 0x0E, 0x00, 0x7C, 0x3F, 0xFF, 0xE1, 0xFF, 0xFE, 0x07, 0xFF, 0xE0, 0x1C,
    0x03, 0x80, 0x70, 0x0F, 0x01, 0xC0, 0x1C, 0x0F, 0x00, 0x78, 0x38, 0x00, 0xE0, 0xE0, 0x01, 0xC3,
    0x80, 0x07, 0x80, 0x04, 0x06, 0x0F, 0x1E, 0x07, 0xBC, 0x03, 0xF8, 0x01, 0xE0, 0x00, 0x00, 0x00,
    0x00, 0x0C, 0x38, 0x1D, 0xF8, 0x1F, 0xF8, 0x1F, 0x80, 0x1E, 0x00, 0x1E, 0x00, 0x3C, 0x00, 0x38,
    0x00, 0x38, 0x00, 0x38, 0x00, 0x38, 0x00, 0x78, 0x00, 0x70, 0x00, 0x70, 0x00, 0x70, 0x00, 0x70,
    0x00, 0xF0, 0x00, 0xE0, 0x00, 0x00, 0x00, 0x60, 0x00, 0x0F, 0x80, 0x00, 0xF0, 0x00, 0x0F, 0x00,
    0x00, 0xE0, 0x00, 0x00, 0x00, 0x00, 0x78, 0x00, 0x3F, 0xFC, 0x03, 0xFF, 0xF0, 0x3E, 0x07, 0x83,
    0xC0, 0x0C, 0x1C, 0x00, 0x00, 0xE0, 0x00, 0x0F, 0x00, 0x00, 0x78, 0x00, 0x01, 0xE0, 0x00, 0x0F,
    0x80, 0x00, 0x3F, 0xC0, 0x00, 0x7F, 0x80, 0x00, 0xFF, 0x00, 0x00, 0xFC, 0x00, 0x01, 0xE0, 0x00,
    0x07, 0x80, 0x00, 0x3C, 0x00, 0x01, 0xC2, 0x00, 0x0E, 0x3C, 0x00, 0xF1, 0xFC, 0x3F, 0x07, 0xFF,
    0xF0, 0x0F, 0xFE, 0x00, 0x07, 0x00, 0x00, 0x00, 0x01, 0x80, 0x01, 0xE0, 0x00, 0xF0, 0x00, 0xF0,
    0x00, 0x78, 0x00, 0x00, 0x00, 0x00, 0x00, 0x03, 0xF0, 0x07, 0xFF, 0x03, 0xFF, 0xE1, 0xE0, 0x30,
    0x70, 0x00, 0x1C, 0x00, 0x07, 0x00, 0x01, 0xF0, 0x00, 0x3F, 0xC0, 0x07, 0xFC, 0x00, 0x3F, 0x80,
    0x00, 0xE0, 0x00, 0x1C, 0x00, 0x07, 0x18, 0x03, 0x87, 0x83, 0xE1, 0xFF, 0xF0, 0x3F, 0xF8, 0x00,
    0x60, 0x00, 0x00, 0x1E, 0x00, 0x0F, 0xFF, 0x00, 0xFF, 0xFC, 0x0F, 0x81, 0xE0, 0xF0, 0x03, 0x07,
    0x00, 0x00, 0x38, 0x00, 0x03, 0xC0, 0x00, 0x1E, 0x00, 0x00, 0x78, 0x00, 0x03, 0xE0, 0x00, 0x0F,
    0xF0, 0x00, 0x1F, 0xE0, 0x00, 0x3F, 0xC0, 0x00, 0x3F, 0x00, 0x00, 0x78, 0x00, 0x01, 0xE0, 0x00,
    0x0F, 0x00, 0x00, 0x70, 0x80, 0x03, 0x8F, 0x00, 0x3C, 0x7F, 0x0F, 0xC1, 0xFF, 0xFC, 0x03, 0xFF,
    0x80, 0x01, 0xC0, 0x00, 0x0C, 0x00, 0x00, 0x78, 0x00, 0x00, 0xC0, 0x00, 0x06, 0x00, 0x07, 0xF0,
    0x00, 0x3F, 0x00, 0x00, 0x60, 0x00, 0x00, 0xFC, 0x03, 0xFF, 0x83, 0xFF, 0xE3, 0xC0, 0x61, 0xC0,
    0x00, 0xE0, 0x00, 0x70, 0x00, 0x3E, 0x00, 0x0F, 0xF0, 0x03, 0xFE, 0x00, 0x3F, 0x80, 0x01, 0xC0,
    0x00, 0x70, 0x00, 0x39, 0x80, 0x38, 0xF0, 0x7C, 0x7F, 0xFC, 0x1F, 0xFC, 0x00, 0xE0, 0x00, 0xE0,
    0x00, 0x78, 0x00, 0x0E, 0x00, 0x07, 0x00, 0x3F, 0x00, 0x3F, 0x80, 0x07, 0x00, 0x00, 0x00, 0x40,
    0x20, 0x03, 0x87, 0x00, 0x0E, 0x70, 0x00, 0x3F, 0x00, 0x01, 0xF0, 0x00, 0x00, 0x00, 0x00, 0x78,
    0x00, 0x3F, 0xFC, 0x03, 0xFF, 0xF0, 0x3E, 0x07, 0x83, 0xC0, 0x0C, 0x1C, 0x00, 0x00, 0xE0, 0x00,
    0x0F, 0x00, 0x00, 0x78, 0x00, 0x01, 0xE0, 0x00, 0x0F, 0x80, 0x00, 0x3F, 0xC0, 0x00, 0x7F, 0x80,
    0x00, 0xFF, 0x00, 0x00, 0xFC, 0x00, 0x01, 0xE0, 0x00, 0x07, 0x80, 0x00, 0x3C, 0x00, 0x01, 0xC2,
    0x00, 0x0E, 0x3C, 0x00, 0xF1, 0xFC, 0x3F, 0x07, 0xFF, 0xF0, 0x0F, 0xFE, 0x00, 0x07, 0x00, 0x00,
    0x01, 0x00, 0x80, 0x70, 0xE0, 0x0E, 0x70, 0x01, 0xF8, 0x00, 0x7C, 0x00, 0x00, 0x00, 0x00, 0x00,
    0x03, 0xF0, 0x07, 0xFF, 0x03, 0xFF, 0xE1, 0xE0, 0x30, 0x70, 0x00, 0x1C, 0x00, 0x07, 0x00, 0x01,
    0xF0, 0x00, 0x3F, 0xC0, 0x07, 0xFC, 0x00, 0x3F, 0x80, 0x00, 0xE0, 0x00, 0x1C, 0x00, 0x07, 0x18,
    0x03, 0x87, 0x83, 0xE1, 0xFF, 0xF0, 0x3F, 0xF8, 0x00, 0x60, 0x00, 0x00, 0x00, 0x07, 0xFF, 0xFF,
    0xFF, 0xFF, 0xF0, 0x0E, 0x00, 0x00, 0xE0, 0x00, 0x0E, 0x00, 0x00, 0xE0, 0x00, 0x1E, 0x00, 0x01,
    0xC0, 0x00, 0x1C, 0x00, 0x01, 0xC0, 0x00, 0x1C, 0x00, 0x03, 0xC0, 0x00, 0x38, 0x00, 0x03, 0x80,
    0x00, 0x38, 0x00, 0x03, 0x80, 0x00, 0x78, 0x00, 0x07, 0x00, 0x00, 0x70, 0x00, 0x07, 0x00, 0x00,
    0x70, 0x00, 0x0F, 0x00, 0x00, 0xE0, 0x00, 0x0E, 0x00, 0x00, 0xC0, 0x00, 0x0F, 0x00, 0x00, 0x30,
    0x00, 0x03, 0x00, 0x07, 0xF0, 0x00, 0x7E, 0x00, 0x01, 0x80, 0x00, 0x06, 0x00, 0x70, 0x0F, 0x00,
    0xE0, 0x7F, 0xF7, 0xFF, 0x7F, 0xF1, 0xE0, 0x1C, 0x01, 0xC0, 0x1C, 0x01, 0xC0, 0x3C, 0x03, 0x80,
    0x38, 0x03, 0x80, 0x38, 0x03, 0x80, 0x78, 0x03, 0x8C, 0x3F, 0xC1, 0xFC, 0x0E, 0x00, 0xC0, 0x1F,
    0x00, 0x70, 0x03, 0x07, 0xF0, 0x7E, 0x03, 0x80, 0x02, 0x01, 0x00, 0x38, 0x70, 0x01, 0xDE, 0x00,
    0x1F, 0xC0, 0x00, 0xF8, 0x00, 0x00, 0x00, 0x00, 0x00, 0x07, 0xFF, 0xFF, 0xFF, 0xFF, 0xF0, 0x0E,
    0x00, 0x00, 0xE0, 0x00, 0x0E, 0x00, 0x00, 0xE0, 0x00, 0x1E, 0x00, 0x01, 0xC0, 0x00, 0x1C, 0x00,
    0x01, 0xC0, 0x00, 0x1C, 0x00, 0x03, 0xC0, 0x00, 0x38, 0x00, 0x03, 0x80, 0x00, 0x38, 0x00, 0x03,
    0x80, 0x00, 0x78, 0x00, 0x07, 0x00, 0x00, 0x70, 0x00, 0x07, 0x00, 0x00, 0x70, 0x00, 0x0F, 0x00,
    0x00, 0xE0, 0x00, 0x00, 0x00, 0x00, 0x70, 0x01, 0x80, 0x0E, 0x06, 0x38, 0x1C, 0xE0, 0xF3, 0x03,
    0x8C, 0x7F, 0xF1, 0xFF, 0xC7, 0xFF, 0x07, 0x80, 0x1C, 0x00, 0x70, 0x01, 0xC0, 0x07, 0x00, 0x3C,
    0x00, 0xE0, 0x03, 0x80, 0x0E, 0x00, 0x38, 0x00, 0xE0, 0x07, 0x80, 0x0E, 0x30, 0x3F, 0xC0, 0x7F,
    0x00, 0x60, 0x00, 0x00, 0x7F, 0xF0, 0x00, 0x7F, 0xF0, 0x00, 0x00, 0x00, 0x00, 0x00, 0x00, 0x00,
    0x00, 0x00, 0x0E, 0x00, 0x0E, 0x1E, 0x00, 0x0E, 0x1C, 0x00, 0x0E, 0x1C, 0x00, 0x0E, 0x1C, 0x00,
    0x1C, 0x1C, 0x00, 0x1C, 0x3C, 0x00, 0x1C, 0x38, 0x00, 0x1C, 0x38, 0x00, 0x1C, 0x38, 0x00, 0x38,
    0x38, 0x00, 0x38, 0x78, 0x00, 0x38, 0x70, 0x00, 0x38, 0x70, 0x00, 0x38, 0x70, 0x00, 0x70, 0x70,
    0x00, 0x70, 0x70, 0x00, 0x70, 0x70, 0x00, 0xE0, 0x78, 0x01, 0xE0, 0x3C, 0x03, 0xC0, 0x3F, 0x1F,
    0x80, 0x1F, 0xFF, 0x00, 0x07, 0xFE, 0x00, 0x00, 0xE0, 0x00, 0x03, 0xFF, 0x80, 0x7F, 0xF0, 0x00,
    0x00, 0x00, 0x00, 0x00, 0x00, 0x00, 0x30, 0x01, 0xCE, 0x00, 0x39, 0xC0, 0x07, 0x38, 0x01, 0xC7,
    0x00, 0x39, 0xE0, 0x07, 0x38, 0x00, 0xE7, 0x00, 0x1C, 0xE0, 0x07, 0x1C, 0x00, 0xE7, 0x80, 0x1C,
    0xE0, 0x03, 0x9C, 0x00, 0xF3, 0xC0, 0x1C, 0x38, 0x0F, 0x87, 0xC7, 0xF0, 0x7F, 0xFE, 0x07, 0xF9,
    0xC0, 0x18, 0x00, 0x00, 0x07, 0x00, 0x00, 0x0F, 0x80, 0x00, 0x18, 0xC0, 0x00, 0x18, 0xC0, 0x00,
    0x18, 0xC0, 0x00, 0x18, 0xC0, 0x00, 0x0F, 0x80, 0x00, 0x07, 0x00, 0x00, 0x00, 0x00, 0x0E, 0x00,
    0x0E, 0x1E, 0x00, 0x0E, 0x1C, 0x00, 0x0E, 0x1C, 0x00, 0x0E, 0x1C, 0x00, 0x1C, 0x1C, 0x00, 0x1C,
    0x3C, 0x00, 0x1C, 0x38, 0x00, 0x1C, 0x38, 0x00, 0x1C, 0x38, 0x00, 0x38, 0x38, 0x00, 0x38, 0x78,
    0x00, 0x38, 0x70, 0x00, 0x38, 0x70, 0x00, 0x38, 0x70, 0x00, 0x70, 0x70, 0x00, 0x70, 0x70, 0x00,
    0x70, 0x70, 0x00, 0xE0, 0x78, 0x01, 0xE0, 0x3C, 0x03, 0xC0, 0x3F, 0x1F, 0x80, 0x1F, 0xFF, 0x00,
    0x07, 0xFE, 0x00, 0x00, 0xE0, 0x00, 0x00, 0x38, 0x00, 0x0F, 0xC0, 0x03, 0x98, 0x00, 0x61, 0x80,
    0x0C, 0x30, 0x01, 0xCC, 0x00, 0x1F, 0x80, 0x00, 0xC0, 0x00, 0x00, 0x03, 0x00, 0x1C, 0xE0, 0x03,
    0x9C, 0x00, 0x73, 0x80, 0x1C, 0x70, 0x03, 0x9E, 0x00, 0x73, 0x80, 0x0E, 0x70, 0x01, 0xCE, 0x00,
    0x71, 0xC0, 0x0E, 0x78, 0x01, 0xCE, 0x00, 0x39, 0xC0, 0x0F, 0x3C, 0x01, 0xC3, 0x80, 0xF8, 0x7C,
    0x7F, 0x07, 0xFF, 0xE0, 0x7F, 0x9C, 0x01, 0x80, 0x00, 0x00, 0x03, 0x08, 0x00, 0x07, 0x3C, 0x00,
    0x0E, 0x78, 0x00, 0x1C, 0xF0, 0x00, 0x38, 0xE0, 0x00, 0x00, 0x00, 0x00, 0x00, 0x00, 0x0E, 0x00,
    0x0E, 0x1E, 0x00, 0x0E, 0x1C, 0x00, 0x0E, 0x1C, 0x00, 0x0E, 0x1C, 0x00, 0x1C, 0x1C, 0x00, 0x1C,
    0x3C, 0x00, 0x1C, 0x38, 0x00, 0x1C, 0x38, 0x00, 0x1C, 0x38, 0x00, 0x38, 0x38, 0x00, 0x38, 0x78,
    0x00, 0x38, 0x70, 0x00, 0x38, 0x70, 0x00, 0x38, 0x70, 0x00, 0x70, 0x70, 0x00, 0x70, 0x70, 0x00,
    0x70, 0x70, 0x00, 0xE0, 0x78, 0x01, 0xE0, 0x3C, 0x03, 0xC0, 0x3F, 0x1F, 0x80, 0x1F, 0xFF, 0x00,
    0x07, 0xFE, 0x00, 0x00, 0xE0, 0x00, 0x00, 0x08, 0x60, 0x03, 0xDE, 0x00, 0x79, 0xC0, 0x0F, 0x38,
    0x01, 0xE7, 0x00, 0x00, 0x00, 0x00, 0x00, 0x01, 0x80, 0x0E, 0x38, 0x00, 0xE3, 0x80, 0x0E, 0x38,
    0x01, 0xC3, 0x80, 0x1C, 0x78, 0x01, 0xC7, 0x00, 0x1C, 0x70, 0x01, 0xC7, 0x00, 0x38, 0x70, 0x03,
    0x8F, 0x00, 0x38, 0xE0, 0x03, 0x8E, 0x00, 0x78, 0xF0, 0x07, 0x07, 0x01, 0xF0, 0x7C, 0x7F, 0x03,
    0xFF, 0xF0, 0x1F, 0xE7, 0x00, 0x30, 0x00, 0x00, 0x00, 0x00, 0x0E, 0x00, 0x0E, 0x1E, 0x00, 0x0E,
    0x1C, 0x00, 0x0E, 0x1C, 0x00, 0x0E, 0x1C, 0x00, 0x1C, 0x1C, 0x00, 0x1C, 0x3C, 0x00, 0x1C, 0x38,
    0x00, 0x1C, 0x38, 0x00, 0x1C, 0x38, 0x00, 0x38, 0x38, 0x00, 0x38, 0x78, 0x00, 0x38, 0x70, 0x00,
    0x38, 0x70, 0x00, 0x38, 0x70, 0x00, 0x70, 0x70, 0x00, 0x70, 0x70, 0x00, 0x70, 0x70, 0x00, 0xE0,
    0x78, 0x01, 0xE0, 0x3C, 0x03, 0xC0, 0x3F, 0x1F, 0x80, 0x1F, 0xFF, 0x00, 0x07, 0xFE, 0x00, 0x01,
    0xF0, 0x00, 0x03, 0x80, 0x00, 0x07, 0x00, 0x00, 0x06, 0x00, 0x00, 0x06, 0x00, 0x00, 0x07, 0xE0,
    0x00, 0x07, 0xE0, 0x00, 0x01, 0x80, 0x00, 0x18, 0x00, 0xE7, 0x00, 0x1C, 0xE0, 0x03, 0x9C, 0x00,
    0xE3, 0x80, 0x1C, 0xF0, 0x03, 0x9C, 0x00, 0x73, 0x80, 0x0E, 0x70, 0x03, 0x8E, 0x00, 0x73, 0xC0,
    0x0E, 0x70, 0x01, 0xCE, 0x00, 0x79, 0xE0, 0x0E, 0x1C, 0x07, 0xC3, 0xE3, 0xF8, 0x3F, 0xFF, 0x03,
    0xFD, 0xE0, 0x0C, 0x78, 0x00, 0x3C, 0x00, 0x07, 0x00, 0x01, 0xC0, 0x00, 0x38, 0x00, 0x07, 0xF0,
    0x00, 0x7E, 0x00, 0x03, 0x00, 0x01, 0xC7, 0x00, 0x07, 0x1C, 0x00, 0x1C, 0x70, 0x00, 0x20, 0x80,
    0x00, 0x00, 0x00, 0x00, 0x00, 0x0E, 0x00, 0x03, 0xBC, 0x00, 0x1C, 0x70, 0x00, 0xE1, 0xE0, 0x07,
    0x83, 0x80, 0x3C, 0x0E, 0x00, 0xE0, 0x1C, 0x07, 0x00, 0x70, 0x38, 0x01, 0xE1, 0xE0, 0x03, 0x8F,
    0x00, 0x0E, 0x78, 0x00, 0x1D, 0xC0, 0x00, 0x7E, 0x00, 0x01, 0xF8, 0x00, 0x03, 0xC0, 0x00, 0x0E,
    0x00, 0x00, 0x38, 0x00, 0x00, 0xE0, 0x00, 0x07, 0x80, 0x00, 0x1C, 0x00, 0x00, 0x70, 0x00, 0x01,
    0xC0, 0x00, 0x07, 0x00, 0x00, 0x00, 0x00, 0x38, 0x00, 0x00, 0x78, 0x00, 0x01, 0xE0, 0x00, 0x03,
    0xC0, 0x00, 0x07, 0x80, 0x00, 0x00, 0x00, 0x00, 0x00, 0x00, 0x07, 0xFF, 0xFF, 0x07, 0xFF, 0xFF,
    0x00, 0x00, 0x1E, 0x00, 0x00, 0x3C, 0x00, 0x00, 0x78, 0x00, 0x00, 0xF0, 0x00, 0x01, 0xE0, 0x00,
    0x03, 0xC0, 0x00, 0x07, 0x80, 0x00, 0x0F, 0x00, 0x00, 0x1E, 0x00, 0x00, 0x3C, 0x00, 0x00, 0x78,
    0x00, 0x00, 0xF0, 0x00, 0x01, 0xE0, 0x00, 0x03, 0xC0, 0x00, 0x07, 0x80, 0x00, 0x0F, 0x00, 0x00,
    0x1E, 0x00, 0x00, 0x3C, 0x00, 0x00, 0x7C, 0x00, 0x00, 0x7F, 0xFF, 0xF0, 0xFF, 0xFF, 0xF0, 0x00,
    0x01, 0x80, 0x00, 0xF0, 0x00, 0x3C, 0x00, 0x0F, 0x00, 0x03, 0x80, 0x00, 0x00, 0x00, 0x00, 0x00,
    0x7F, 0xFE, 0x0F, 0xFF, 0xC1, 0xFF, 0xF8, 0x00, 0x1E, 0x00, 0x07, 0x80, 0x01, 0xE0, 0x00, 0x78,
    0x00, 0x1E, 0x00, 0x07, 0x80, 0x01, 0xE0, 0x00, 0x78, 0x00, 0x1E, 0x00, 0x07, 0x80, 0x01, 0xE0,
    0x00, 0x78, 0x00, 0x1E, 0x00, 0x03, 0xFF, 0xF0, 0xFF, 0xFE, 0x00, 0x00, 0x03, 0x80, 0x00, 0x03,
    0xC0, 0x00, 0x03, 0x80, 0x00, 0x01, 0x00, 0x00, 0x00, 0x00, 0x00, 0x00, 0x00, 0x07, 0xFF, 0xFF,
    0x07, 0xFF, 0xFF, 0x00, 0x00, 0x1E, 0x00, 0x00, 0x3C, 0x00, 0x00, 0x78, 0x00, 0x00, 0xF0, 0x00,
    0x01, 0xE0, 0x00, 0x03, 0xC0, 0x00, 0x07, 0x80, 0x00, 0x0F, 0x00, 0x00, 0x1E, 0x00, 0x00, 0x3C,
    0x00, 0x00, 0x78, 0x00, 0x00, 0xF0, 0x00, 0x01, 0xE0, 0x00, 0x03, 0xC0, 0x00, 0x07, 0x80, 0x00,
    0x0F, 0x00, 0x00, 0x1E, 0x00, 0x00, 0x3C, 0x00, 0x00, 0x7C, 0x00, 0x00, 0x7F, 0xFF, 0xF0, 0xFF,
    0xFF, 0xF0, 0x00, 0x1C, 0x00, 0x07, 0x80, 0x00, 0xF0, 0x00, 0x04, 0x00, 0x00, 0x00, 0x00, 0x00,
    0x03, 0xFF, 0xF0, 0x7F, 0xFE, 0x0F, 0xFF, 0xC0, 0x00, 0xF0, 0x00, 0x3C, 0x00, 0x0F, 0x00, 0x03,
    0xC0, 0x00, 0xF0, 0x00, 0x3C, 0x00, 0x0F, 0x00, 0x03, 0xC0, 0x00, 0xF0, 0x00, 0x3C, 0x00, 0x0F,
    0x00, 0x03, 0xC0, 0x00, 0xF0, 0x00, 0x1F, 0xFF, 0x87, 0xFF, 0xF0, 0x00, 0x10, 0x10, 0x00, 0x38,
    0x78, 0x00, 0x1C, 0xF0, 0x00, 0x0F, 0xC0, 0x00, 0x07, 0x80, 0x00, 0x00, 0x00, 0x00, 0x00, 0x00,
    0x07, 0xFF, 0xFF, 0x07, 0xFF, 0xFF, 0x00, 0x00, 0x1E, 0x00, 0x00, 0x3C, 0x00, 0x00, 0x78, 0x00,
    0x00, 0xF0, 0x00, 0x01, 0xE0, 0x00, 0x03, 0xC0, 0x00, 0x07, 0x80, 0x00, 0x0F, 0x00, 0x00, 0x1E,
    0x00, 0x00, 0x3C, 0x00, 0x00, 0x78, 0x00, 0x00, 0xF0, 0x00, 0x01, 0xE0, 0x00, 0x03, 0xC0, 0x00,
    0x07, 0x80, 0x00, 0x0F, 0x00, 0x00, 0x1E, 0x00, 0x00, 0x3C, 0x00, 0x00, 0x7C, 0x00, 0x00, 0x7F,
    0xFF, 0xF0, 0xFF, 0xFF, 0xF0, 0x00, 0x80, 0x80, 0x38, 0x78, 0x03, 0x9E, 0x00, 0x3F, 0x00, 0x03,
    0xC0, 0x00, 0x00, 0x00, 0x00, 0x00, 0x7F, 0xFE, 0x0F, 0xFF, 0xC1, 0xFF, 0xF8, 0x00, 0x1E, 0x00,
    0x07, 0x80, 0x01, 0xE0, 0x00, 0x78, 0x00, 0x1E, 0x00, 0x07, 0x80, 0x01, 0xE0, 0x00, 0x78, 0x00,
    0x1E, 0x00, 0x07, 0x80, 0x01, 0xE0, 0x00, 0x78, 0x00, 0x1E, 0x00, 0x03, 0xFF, 0xF0, 0xFF, 0xFE,
    0x00, 0x60, 0x78, 0x3C, 0x1C, 0x0E, 0x03, 0x81, 0xE1, 0xE0, 0xF0, 0x78, 0x00, 0x02, 0x00, 0xF8,
    0x1F, 0xC3, 0x9E, 0x70, 0xF0, 0x7C, 0x6F, 0xE6, 0xC7, 0xEC, 0x3C, 0x7F, 0xEF, 0xFE, 0x00, 0x58,
    0x1F, 0x87, 0x3F, 0xC3, 0xF0, 0x10, 0x00, 0xEF, 0xE4, 0x63, 0xF1, 0xF8, 0xE8, 0x20, 0x38, 0x7E,
    0xE6, 0xC3, 0xC3, 0xE6, 0x7E, 0x18, 0x0C, 0x30, 0xF7, 0x8F, 0x78, 0xF3, 0x8F, 0x38, 0x00, 0x40,
    0x27, 0x0E, 0x7B, 0xC3, 0xF8, 0x1F, 0x00, 0x6F, 0x76, 0x6C, 0x04, 0x0C, 0x0C, 0x1F, 0x07, 0x03,
    0x7F, 0x7E, 0x38, 0x0E, 0x1E, 0x78, 0x70, 0xE0, 0xE0, 0xFE, 0x7E, 0x18, 0x00, 0x60, 0x00, 0x03,
    0xC0, 0x00, 0x0E, 0x00, 0x00, 0x38, 0x00, 0x00, 0xE0, 0x00, 0x00, 0x00, 0x00, 0x00, 0x01, 0xFF,
    0xFF, 0x0F, 0xFF, 0xF8, 0x70, 0x00, 0x03, 0x80, 0x00, 0x3C, 0x00, 0x01, 0xC0, 0x00, 0x0E, 0x00,
    0x00, 0x70, 0x00, 0x03, 0x80, 0x00, 0x3C, 0x00, 0x01, 0xFF, 0xFC, 0x0F, 0xFF, 0xE0, 0x7F, 0xFF,
    0x03, 0x80, 0x00, 0x3C, 0x00, 0x01, 0xC0, 0x00, 0x0E, 0x00, 0x00, 0x70, 0x00, 0x03, 0x80, 0x00,
    0x3C, 0x00, 0x01, 0xE0, 0x00, 0x0F, 0xFF, 0xF8, 0x7F, 0xFF, 0xC0, 0x00, 0x71, 0xC0, 0x03, 0x8E,
    0x00, 0x1C, 0x70, 0x00, 0x41, 0x00, 0x00, 0x00, 0x00, 0x00, 0x00, 0x3F, 0xFF, 0xE1, 0xFF, 0xFF,
    0x0E, 0x00, 0x00, 0x70, 0x00, 0x07, 0x80, 0x00, 0x38, 0x00, 0x01, 0xC0, 0x00, 0x0E, 0x00, 0x00,
    0x70, 0x00, 0x07, 0x80, 0x00, 0x3F, 0xFF, 0x81, 0xFF, 0xFC, 0x0F, 0xFF, 0xE0, 0x70, 0x00, 0x07,
    0x80, 0x00, 0x38, 0x00, 0x01, 0xC0, 0x00, 0x0E, 0x00, 0x00, 0x70, 0x00, 0x07, 0x80, 0x00, 0x3C,
    0x00, 0x01, 0xFF, 0xFF, 0x0F, 0xFF, 0xF8, 0x00, 0x00, 0x00, 0x00, 0x7F, 0xFF, 0xF8, 0x7F, 0xFF,
    0xF8, 0x00, 0xF0, 0x00, 0x00, 0xE0, 0x00, 0x00, 0xE0, 0x00, 0x00, 0xE0, 0x00, 0x00, 0xE0, 0x00,
    0x01, 0xE0, 0x00, 0x01, 0xC0, 0x00, 0x01, 0xDF, 0xF8, 0x01, 0xFF, 0xFC, 0x01, 0xFF, 0xFE, 0x01,
    0xE0, 0x0F, 0x03, 0x80, 0x07, 0x03, 0x80, 0x07, 0x03, 0x80, 0x07, 0x03, 0x80, 0x07, 0x03, 0x80,
    0x0F, 0x07, 0x00, 0x0E, 0x07, 0x00, 0x3E, 0x07, 0x00, 0xFC, 0x07, 0x0F, 0xF8, 0x07, 0x0F, 0xE0,
    0x00, 0x02, 0x00, 0x00, 0x01, 0xC0, 0x00, 0x3C, 0x00, 0x0F, 0x80, 0x01, 0xE0, 0x00, 0x3C, 0x00,
    0x00, 0x00, 0x00, 0x00, 0x00, 0xFF, 0xFF, 0x0F, 0xFF, 0xF0, 0xE0, 0x00, 0x0E, 0x00, 0x01, 0xE0,
    0x00, 0x1C, 0x00, 0x01, 0xC0, 0x00, 0x1C, 0x00, 0x01, 0xC0, 0x00, 0x3C, 0x00, 0x03, 0x80, 0x00,
    0x38, 0x00, 0x03, 0x80, 0x00, 0x38, 0x00, 0x07, 0x80, 0x00, 0x70, 0x00, 0x07, 0x00, 0x00, 0x70,
    0x00, 0x07, 0x00, 0x00, 0xF0, 0x00, 0x0E, 0x00, 0x00, 0xE0, 0x00, 0x0E, 0x00, 0x00, 0x00, 0x0F,
    0x80, 0x00, 0xFF, 0xE0, 0x07, 0xFF, 0xE0, 0x3F, 0x87, 0xE0, 0xF8, 0x01, 0xE3, 0xE0, 0x01, 0x07,
    0x00, 0x00, 0x1E, 0x00, 0x00, 0x78, 0x00, 0x00, 0xE0, 0x00, 0x01, 0xC0, 0x00, 0x07, 0xFF, 0xF0,
    0x0F, 0xFF, 0xE0, 0x1F, 0xFF, 0xC0, 0x38, 0x00, 0x00, 0x70, 0x00, 0x00, 0xE0, 0x00, 0x01, 0xE0,
    0x00, 0x01, 0xC0, 0x00, 0x03, 0xC0, 0x03, 0x03, 0xC0, 0x1E, 0x07, 0xF1, 0xFC, 0x03, 0xFF, 0xE0,
    0x03, 0xFF, 0x00, 0x00, 0xE0, 0x00, 0x00, 0x1F, 0x00, 0x07, 0xFF, 0x00, 0xFF, 0xFE, 0x0F, 0x81,
    0xE0, 0xF0, 0x03, 0x07, 0x00, 0x00, 0x38, 0x00, 0x01, 0xC0, 0x00, 0x0E, 0x00, 0x00, 0x78, 0x00,
    0x03, 0xF0, 0x00, 0x0F, 0xF0, 0x00, 0x1F, 0xF0, 0x00, 0x3F, 0xC0, 0x00, 0x1F, 0x00, 0x00, 0x3C,
    0x00, 0x01, 0xE0, 0x00, 0x07, 0x00, 0x00, 0x38, 0xC0, 0x03, 0x87, 0x00, 0x3C, 0x7F, 0x07, 0xC0,
    0xFF, 0xFC, 0x03, 0xFF, 0xC0, 0x00, 0xE0, 0x00, 0x00, 0x0E, 0x0E, 0x0E, 0x0E, 0x1E, 0x1C, 0x1C,
    0x1C, 0x1C, 0x3C, 0x38, 0x38, 0x38, 0x38, 0x78, 0x70, 0x70, 0x70, 0x70, 0xF0, 0xE0, 0xE0, 0xE0,
    0x18, 0x63, 0xCE, 0x38, 0xE1, 0x04, 0x00, 0x00, 0x00, 0x0E, 0x00, 0xE0, 0x0E, 0x00, 0xE0, 0x1E,
    0x01, 0xC0, 0x1C, 0x01, 0xC0, 0x1C, 0x03, 0xC0, 0x38, 0x03, 0x80, 0x38, 0x03, 0x80, 0x78, 0x07,
    0x00, 0x70, 0x07, 0x00, 0x70, 0x0F, 0x00, 0xE0, 0x0E, 0x00, 0xE0, 0x00, 0x00, 0x00, 0x00, 0xFF,
    0xF0, 0x3F, 0xFC, 0x00, 0x0F, 0x00, 0x03, 0x80, 0x00, 0xE0, 0x00, 0x38, 0x00, 0x0E, 0x00, 0x07,
    0x80, 0x01, 0xC0, 0x00, 0x70, 0x00, 0x1C, 0x00, 0x07, 0x00, 0x03, 0xC0, 0x00, 0xE0, 0x00, 0x38,
    0x00, 0x0E, 0x00, 0x03, 0x80, 0x01, 0xE0, 0x80, 0x70, 0x70, 0x3C, 0x1E, 0x1E, 0x07, 0xFF, 0x00,
    0x7F, 0x80, 0x03, 0x00, 0x00, 0x00, 0x00, 0x00, 0xE0, 0x00, 0x00, 0x1F, 0xFF, 0xE0, 0x00, 0x00,
    0x3F, 0xFF, 0xE0, 0x00, 0x00, 0x38, 0x00, 0xE0, 0x00, 0x00, 0x38, 0x01, 0xE0, 0x00, 0x00, 0x38,
    0x01, 0xC0, 0x00, 0x00, 0x30, 0x01, 0xC0, 0x00, 0x00, 0x70, 0x01, 0xC0, 0x00, 0x00, 0x70, 0x01,
    0xC0, 0x00, 0x00, 0x70, 0x03, 0xFF, 0xF8, 0x00, 0x70, 0x03, 0xFF, 0xFC, 0x00, 0xE0, 0x03, 0xFF,
    0xFE, 0x00, 0xE0, 0x03, 0x80, 0x0F, 0x00, 0xE0, 0x03, 0x80, 0x0F, 0x00, 0xE0, 0x07, 0x80, 0x07,
    0x01, 0xC0, 0x07, 0x00, 0x07, 0x01, 0xC0, 0x07, 0x00, 0x07, 0x03, 0xC0, 0x07, 0x00, 0x0F, 0x03,
    0x80, 0x07, 0x00, 0x0E, 0x07, 0x80, 0x0F, 0x00, 0x1E, 0x07, 0x00, 0x0E, 0x00, 0x3C, 0x1F, 0x00,
    0x0E, 0x01, 0xF8, 0x7E, 0x00, 0x0F, 0xFF, 0xF0, 0xFC, 0x00, 0x0F, 0xFF, 0xC0, 0x20, 0x00, 0x00,
    0x00, 0x00, 0x00, 0x00, 0x06, 0x00, 0x00, 0xE0, 0x00, 0x70, 0x00, 0x0E, 0x00, 0x0F, 0x00, 0x00,
    0xE0, 0x00, 0xE0, 0x00, 0x0E, 0x00, 0x0E, 0x00, 0x01, 0xE0, 0x00, 0xE0, 0x00, 0x1C, 0x00, 0x0E,
    0x00, 0x01, 0xC0, 0x01, 0xE0, 0x00, 0x1C, 0x00, 0x1C, 0x00, 0x01, 0xC0, 0x01, 0xC0, 0x00, 0x3F,
    0xFF, 0xFF, 0xFF, 0x03, 0xFF, 0xFF, 0xFF, 0xFC, 0x3F, 0xFF, 0xFF, 0xFF, 0xE3, 0x80, 0x03, 0x80,
    0x1F, 0x38, 0x00, 0x38, 0x00, 0xF7, 0x80, 0x03, 0x80, 0x07, 0x70, 0x00, 0x38, 0x00, 0x77, 0x00,
    0x07, 0x80, 0x07, 0x70, 0x00, 0x70, 0x00, 0xF7, 0x00, 0x07, 0x00, 0x0E, 0xF0, 0x00, 0x70, 0x03,
    0xCE, 0x00, 0x07, 0x00, 0xFC, 0xE0, 0x00, 0xFF, 0xFF, 0x0E, 0x00, 0x0F, 0xFF, 0xE0, 0x00, 0x00,
    0x00, 0x3F, 0xFF, 0xFC, 0x1F, 0xFF, 0xFE, 0x00, 0x1E, 0x00, 0x00, 0x0E, 0x00, 0x00, 0x07, 0x00,
    0x00, 0x03, 0x80, 0x00, 0x01, 0xC0, 0x00, 0x01, 0xE0, 0x00, 0x00, 0xE0, 0x00, 0x00, 0x73, 0xFE,
    0x00, 0x3F, 0xFF, 0x80, 0x1F, 0xFF, 0xE0, 0x1F, 0x80, 0xF8, 0x0E, 0x00, 0x3C, 0x07, 0x00, 0x0E,
    0x03, 0x80, 0x07, 0x01, 0xC0, 0x03, 0x81, 0xE0, 0x03, 0xC0, 0xE0, 0x01, 0xC0, 0x70, 0x00, 0xE0,
    0x38, 0x00, 0x70, 0x1C, 0x00, 0x38, 0x1E, 0x00, 0x3C, 0x00, 0x00, 0xC0, 0x00, 0x07, 0xC0, 0x00,
    0x1E, 0x00, 0x00, 0x78, 0x00, 0x01, 0xC0, 0x00, 0x00, 0x00, 0x00, 0x00, 0x00, 0x07, 0x00, 0x0F,
    0x0E, 0x00, 0x3C, 0x1C, 0x00, 0xF0, 0x38, 0x03, 0xC0, 0xF0, 0x0F, 0x01, 0xC0, 0x3C, 0x03, 0x80,
    0xF0, 0x07, 0x03, 0xC0, 0x0E, 0x0F, 0x00, 0x3C, 0x3C, 0x00, 0x7F, 0xF0, 0x00, 0xFF, 0xE0, 0x01,
    0xFF, 0xC0, 0x03, 0x83, 0xC0, 0x0F, 0x03, 0x80, 0x1C, 0x07, 0x80, 0x38, 0x07, 0x00, 0x70, 0x07,
    0x00, 0xE0, 0x0F, 0x03, 0xC0, 0x0E, 0x07, 0x00, 0x1E, 0x0E, 0x00, 0x1C, 0x1C, 0x00, 0x3C, 0x00,
    0x00, 0x18, 0x00, 0x00, 0x1E, 0x00, 0x00, 0x07, 0x80, 0x00, 0x01, 0xE0, 0x00, 0x00, 0x38, 0x00,
    0x00, 0x00, 0x00, 0x00, 0x00, 0x00, 0x1C, 0x00, 0x0E, 0x0E, 0x00, 0x0F, 0x07, 0x00, 0x0F, 0x83,
    0x80, 0x0F, 0xC3, 0xC0, 0x0F, 0xE1, 0xC0, 0x0F, 0xE0, 0xE0, 0x0F, 0x70, 0x70, 0x0F, 0x38, 0x38,
    0x0F, 0x1C, 0x3C, 0x0F, 0x0E, 0x1C, 0x0F, 0x0E, 0x0E, 0x0F, 0x07, 0x07, 0x0F, 0x03, 0x83, 0x8F,
    0x01, 0xC3, 0xCF, 0x00, 0xE1, 0xCF, 0x00, 0xE0, 0xEF, 0x00, 0x70, 0x7F, 0x00, 0x38, 0x3F, 0x00,
    0x1C, 0x3F, 0x00, 0x0E, 0x1F, 0x00, 0x0E, 0x0F, 0x00, 0x07, 0x07, 0x00, 0x03, 0x80, 0x00, 0x00,
    0x00, 0x00, 0xE0, 0x70, 0x00, 0x60, 0xE0, 0x00, 0x7F, 0xC0, 0x00, 0x3F, 0x80, 0x00, 0x0E, 0x00,
    0x00, 0x00, 0x00, 0x3C, 0x00, 0x07, 0x1C, 0x00, 0x0E, 0x1C, 0x00, 0x1C, 0x1E, 0x00, 0x3C, 0x0E,
    0x00, 0x38, 0x0E, 0x00, 0x70, 0x0F, 0x00, 0xF0, 0x07, 0x01, 0xE0, 0x07, 0x01, 0xC0, 0x07, 0x83,
    0x80, 0x03, 0x87, 0x80, 0x03, 0x87, 0x00, 0x03, 0xCE, 0x00, 0x01, 0xDC, 0x00, 0x01, 0xFC, 0x00,
    0x01, 0xF8, 0x00, 0x00, 0xF0, 0x00, 0x00, 0xE0, 0x00, 0x01, 0xE0, 0x00, 0x03, 0xC0, 0x00, 0x4F,
    0x80, 0x00, 0xFF, 0x00, 0x00, 0xFE, 0x00, 0x00, 0x30, 0x00, 0x00, 0x00, 0x00, 0x00, 0x0E, 0x00,
    0x07, 0x0E, 0x00, 0x0F, 0x0E, 0x00, 0x0E, 0x0E, 0x00, 0x0E, 0x1E, 0x00, 0x0E, 0x1C, 0x00, 0x0E,
    0x1C, 0x00, 0x1E, 0x1C, 0x00, 0x1C, 0x1C, 0x00, 0x1C, 0x3C, 0x00, 0x1C, 0x38, 0x00, 0x1C, 0x38,
    0x00, 0x3C, 0x38, 0x00, 0x38, 0x38, 0x00, 0x38, 0x78, 0x00, 0x38, 0x70, 0x00, 0x38, 0x70, 0x00,
    0x78, 0x70, 0x00, 0x70, 0x70, 0x00, 0x70, 0xF0, 0x00, 0x70, 0xF0, 0x00, 0x70, 0xFF, 0xFF, 0xF0,
    0xFF, 0xFF, 0xE0, 0x00, 0xE0, 0x00, 0x00, 0xE0, 0x00, 0x00, 0xE0, 0x00, 0x01, 0xC0, 0x00, 0x01,
    0xC0, 0x00, 0x01, 0xC0, 0x00, 0x00, 0x00, 0x00, 0x00, 0x00, 0xF0, 0x00, 0x00, 0xF8, 0x00, 0x00,
    0x7C, 0x00, 0x00, 0x77, 0x00, 0x00, 0x3B, 0x80, 0x00, 0x39, 0xC0, 0x00, 0x38, 0xE0, 0x00, 0x1C,
    0x38, 0x00, 0x1C, 0x1C, 0x00, 0x1E, 0x0E, 0x00, 0x0E, 0x07, 0x00, 0x0E, 0x01, 0xC0, 0x0F, 0x00,
    0xE0, 0x07, 0x00, 0x70, 0x07, 0xFF, 0xF8, 0x07, 0xFF, 0xFE, 0x03, 0xFF, 0xFF, 0x03, 0x80, 0x03,
    0x83, 0xC0, 0x01, 0xE1, 0xC0, 0x00, 0x71, 0xC0, 0x00, 0x39, 0xE0, 0x00, 0x1C, 0xE0, 0x00, 0x0F,
    0x00, 0x00, 0x00, 0x3F, 0xFF, 0xF0, 0xFF, 0xFF, 0xC3, 0x80, 0x00, 0x0E, 0x00, 0x00, 0x78, 0x00,
    0x01, 0xC0, 0x00, 0x07, 0x00, 0x00, 0x1C, 0x00, 0x00, 0x70, 0x00, 0x03, 0xFF, 0xF0, 0x0F, 0xFF,
    0xF0, 0x3F, 0xFF, 0xE0, 0xE0, 0x03, 0xC3, 0x80, 0x07, 0x1E, 0x00, 0x1C, 0x70, 0x00, 0x71, 0xC0,
    0x01, 0xC7, 0x00, 0x07, 0x1C, 0x00, 0x3C, 0xF0, 0x01, 0xE3, 0x80, 0x3F, 0x0F, 0xFF, 0xF8, 0x3F,
    0xFF, 0x80, 0x00, 0x00, 0x00, 0x3F, 0xFF, 0x80, 0xFF, 0xFF, 0x83, 0x80, 0x3E, 0x0E, 0x00, 0x3C,
    0x78, 0x00, 0x71, 0xC0, 0x01, 0xC7, 0x00, 0x07, 0x1C, 0x00, 0x3C, 0x70, 0x01, 0xE3, 0xC0, 0x1F,
    0x0F, 0xFF, 0xF8, 0x3F, 0xFF, 0xE0, 0xFF, 0xFF, 0xC3, 0x80, 0x07, 0x9E, 0x00, 0x0E, 0x70, 0x00,
    0x39, 0xC0, 0x00, 0xE7, 0x00, 0x03, 0x9C, 0x00, 0x1E, 0xF0, 0x00, 0xF3, 0x80, 0x1F, 0x8F, 0xFF,
    0xFC, 0x3F, 0xFF, 0xC0, 0x00, 0x00, 0x00, 0xFF, 0xFF, 0x0F, 0xFF, 0xF0, 0xE0, 0x00, 0x0E, 0x00,
    0x01, 0xE0, 0x00, 0x1C, 0x00, 0x01, 0xC0, 0x00, 0x1C, 0x00, 0x01, 0xC0, 0x00, 0x3C, 0x00, 0x03,
    0x80, 0x00, 0x38, 0x00, 0x03, 0x80, 0x00, 0x38, 0x00, 0x07, 0x80, 0x00, 0x70, 0x00, 0x07, 0x00,
    0x00, 0x70, 0x00, 0x07, 0x00, 0x00, 0xF0, 0x00, 0x0E, 0x00, 0x00, 0xE0, 0x00, 0x0E, 0x00, 0x00,
    0x00, 0x00, 0x00, 0x00, 0x01, 0xFF, 0xFF, 0x00, 0x1F, 0xFF, 0xF0, 0x01, 0xC0, 0x0E, 0x00, 0x1C,
    0x00, 0xE0, 0x01, 0x80, 0x0E, 0x00, 0x38, 0x00, 0xE0, 0x03, 0x80, 0x1E, 0x00, 0x38, 0x01, 0xC0,
    0x03, 0x00, 0x1C, 0x00, 0x70, 0x01, 0xC0, 0x07, 0x00, 0x1C, 0x00, 0x70, 0x03, 0xC0, 0x0E, 0x00,
    0x38, 0x00, 0xE0, 0x03, 0x80, 0x0E, 0x00, 0x38, 0x01, 0xC0, 0x03, 0x80, 0x1C, 0x00, 0x78, 0x01,
    0xC0, 0x07, 0x00, 0x38, 0x00, 0x70, 0x07, 0x80, 0x07, 0x01, 0xF0, 0x00, 0xF0, 0x3F, 0xFF, 0xFF,
    0xE7, 0xFF, 0xFF, 0xFE, 0x70, 0x00, 0x00, 0xE7, 0x00, 0x00, 0x1C, 0x70, 0x00, 0x01, 0xC7, 0x00,
    0x00, 0x1C, 0xE0, 0x00, 0x01, 0xC6, 0x00, 0x00, 0x18, 0x00, 0x00, 0x00, 0x7F, 0xFF, 0xC3, 0xFF,
    0xFE, 0x1C, 0x00, 0x00, 0xE0, 0x00, 0x0F, 0x00, 0x00, 0x70, 0x00, 0x03, 0x80, 0x00, 0x1C, 0x00,
    0x00, 0xE0, 0x00, 0x0F, 0x00, 0x00, 0x7F, 0xFF, 0x03, 0xFF, 0xF8, 0x1F, 0xFF, 0xC0, 0xE0, 0x00,
    0x0F, 0x00, 0x00, 0x70, 0x00, 0x03, 0x80, 0x00, 0x1C, 0x00, 0x00, 0xE0, 0x00, 0x0F, 0x00, 0x00,
    0x78, 0x00, 0x03, 0xFF, 0xFE, 0x1F, 0xFF, 0xF0, 0x00, 0x00, 0x00, 0x00, 0x00, 0x78, 0x01, 0xC0,
    0x0F, 0x03, 0x80, 0x1C, 0x01, 0xE0, 0x38, 0x01, 0xC0, 0x1C, 0x01, 0xC0, 0x38, 0x03, 0x80, 0x1C,
    0x03, 0x80, 0x70, 0x01, 0xE0, 0x38, 0x0F, 0x00, 0x0E, 0x03, 0x81, 0xE0, 0x00, 0xF0, 0x38, 0x3C,
    0x00, 0x07, 0x07, 0x07, 0x80, 0x00, 0x78, 0x70, 0x70, 0x00, 0x03, 0xFF, 0xFE, 0x00, 0x00, 0x3F,
    0xFF, 0xE0, 0x00, 0x07, 0xFF, 0xFE, 0x00, 0x00, 0xF0, 0xE0, 0xF0, 0x00, 0x1E, 0x0E, 0x07, 0x00,
    0x03, 0xC0, 0xE0, 0x78, 0x00, 0x78, 0x0E, 0x03, 0x80, 0x0F, 0x00, 0xE0, 0x3C, 0x01, 0xE0, 0x1C,
    0x01, 0xC0, 0x1C, 0x01, 0xC0, 0x1E, 0x03, 0xC0, 0x1C, 0x01, 0xE0, 0x78, 0x01, 0xC0, 0x0F, 0x0F,
    0x00, 0x1C, 0x00, 0xF0, 0x00, 0x0E, 0x00, 0x03, 0xFF, 0x80, 0x3F, 0xFF, 0x01, 0xF8, 0x3E, 0x02,
    0x00, 0x38, 0x00, 0x00, 0xF0, 0x00, 0x03, 0xC0, 0x00, 0x0E, 0x00, 0x00, 0x38, 0x00, 0x01, 0xE0,
    0x00, 0x1F, 0x00, 0x7F, 0xF8, 0x01, 0xFF, 0xC0, 0x00, 0x0F, 0x80, 0x00, 0x0F, 0x00, 0x00, 0x1C,
    0x00, 0x00, 0x78, 0x00, 0x01, 0xC0, 0x00, 0x07, 0x08, 0x00, 0x1C, 0x70, 0x01, 0xE1, 0xFC, 0x1F,
    0x83, 0xFF, 0xFC, 0x03, 0xFF, 0xC0, 0x00, 0xF0, 0x00, 0x00, 0x00, 0x00, 0x07, 0x00, 0x03, 0x83,
    0x80, 0x03, 0xC1, 0xC0, 0x03, 0xE0, 0xE0, 0x03, 0xF0, 0xF0, 0x03, 0xF8, 0x70, 0x03, 0xF8, 0x38,
    0x03, 0xDC, 0x1C, 0x03, 0xCE, 0x0E, 0x03, 0xC7, 0x0F, 0x03, 0xC3, 0x87, 0x03, 0xC3, 0x83, 0x83,
    0xC1, 0xC1, 0xC3, 0xC0, 0xE0, 0xE3, 0xC0, 0x70, 0xF3, 0xC0, 0x38, 0x73, 0xC0, 0x38, 0x3B, 0xC0,
    0x1C, 0x1F, 0xC0, 0x0E, 0x0F, 0xC0, 0x07, 0x0F, 0xC0, 0x03, 0x87, 0xC0, 0x03, 0x83, 0xC0, 0x01,
    0xC1, 0xC0, 0x00, 0xE0, 0x00, 0x00, 0x00, 0x00, 0x18, 0x0C, 0x00, 0x0E, 0x0E, 0x00, 0x07, 0xFE,
    0x00, 0x01, 0xFE, 0x00, 0x00, 0x18, 0x00, 0x00, 0x00, 0x00, 0x1C, 0x00, 0x0E, 0x0E, 0x00, 0x0F,
    0x07, 0x00, 0x0F, 0x83, 0x80, 0x0F, 0xC3, 0xC0, 0x0F, 0xE1, 0xC0, 0x0F, 0xE0, 0xE0, 0x0F, 0x70,
    0x70, 0x0F, 0x38, 0x38, 0x0F, 0x1C, 0x3C, 0x0F, 0x0E, 0x1C, 0x0F, 0x0E, 0x0E, 0x0F, 0x07, 0x07,
    0x0F, 0x03, 0x83, 0x8F, 0x01, 0xC3, 0xCF, 0x00, 0xE1, 0xCF, 0x00, 0xE0, 0xEF, 0x00, 0x70, 0x7F,
    0x00, 0x38, 0x3F, 0x00, 0x1C, 0x3F, 0x00, 0x0E, 0x1F, 0x00, 0x0E, 0x0F, 0x00, 0x07, 0x07, 0x00,
    0x03, 0x80, 0x00, 0x00, 0x00, 0x1C, 0x00, 0x3C, 0x38, 0x00, 0xF0, 0x70, 0x03, 0xC0, 0xE0, 0x0F,
    0x03, 0xC0, 0x3C, 0x07, 0x00, 0xF0, 0x0E, 0x03, 0xC0, 0x1C, 0x0F, 0x00, 0x38, 0x3C, 0x00, 0xF0,
    0xF0, 0x01, 0xFF, 0xC0, 0x03, 0xFF, 0x80, 0x07, 0xFF, 0x00, 0x0E, 0x0F, 0x00, 0x3C, 0x0E, 0x00,
    0x70, 0x1E, 0x00, 0xE0, 0x1C, 0x01, 0xC0, 0x1C, 0x03, 0x80, 0x3C, 0x0F, 0x00, 0x38, 0x1C, 0x00,
    0x78, 0x38, 0x00, 0x70, 0x70, 0x00, 0xF0, 0x00, 0x00, 0x00, 0x00, 0x03, 0xFF, 0xFC, 0x00, 0xFF,
    0xFF, 0x80, 0x1C, 0x00, 0x70, 0x03, 0x80, 0x1E, 0x00, 0x70, 0x03, 0x80, 0x0C, 0x00, 0x70, 0x03,
    0x80, 0x0E, 0x00, 0x70, 0x01, 0xC0, 0x0E, 0x00, 0x78, 0x01, 0xC0, 0x0E, 0x00, 0x70, 0x01, 0xC0,
    0x0E, 0x00, 0x38, 0x01, 0xC0, 0x07, 0x00, 0x38, 0x01, 0xE0, 0x0E, 0x00, 0x38, 0x01, 0xC0, 0x07,
    0x00, 0x78, 0x00, 0xE0, 0x0E, 0x00, 0x1C, 0x03, 0xC0, 0x07, 0x80, 0x70, 0x00, 0xE0, 0x3E, 0x00,
    0x1C, 0x1F, 0x80, 0x03, 0x87, 0xE0, 0x00, 0x70, 0x20, 0x00, 0x00, 0x00, 0x00, 0x00, 0x00, 0x00,
    0x70, 0x00, 0x01, 0xC3, 0xC0, 0x00, 0x1E, 0x1E, 0x00, 0x01, 0xF0, 0xF8, 0x00, 0x1F, 0x0F, 0xC0,
    0x00, 0xF8, 0x7E, 0x00, 0x0F, 0xC3, 0xB8, 0x00, 0xFE, 0x1D, 0xC0, 0x0F, 0x70, 0xEF, 0x00, 0x77,
    0x0F, 0x38, 0x07, 0x38, 0x71, 0xC0, 0x71, 0xC3, 0x87, 0x07, 0x8E, 0x1C, 0x38, 0x38, 0x70, 0xE1,
    0xC3, 0x87, 0x0F, 0x07, 0x38, 0x38, 0x70, 0x3B, 0xC1, 0xC3, 0x80, 0xFC, 0x0E, 0x1C, 0x07, 0xC0,
    0x70, 0xE0, 0x3C, 0x07, 0x0F, 0x00, 0xC0, 0x38, 0x70, 0x00, 0x01, 0xC3, 0x80, 0x00, 0x0E, 0x1C,
    0x00, 0x00, 0x70, 0x00, 0x00, 0x00, 0x07, 0x00, 0x03, 0x83, 0x80, 0x01, 0xC1, 0xC0, 0x00, 0xE0,
    0xE0, 0x00, 0x70, 0xF0, 0x00, 0x78, 0x70, 0x00, 0x38, 0x38, 0x00, 0x1C, 0x1C, 0x00, 0x0E, 0x0E,
    0x00, 0x07, 0x0F, 0x00, 0x07, 0x87, 0xFF, 0xFF, 0x83, 0xFF, 0xFF, 0xC1, 0xFF, 0xFF, 0xE0, 0xE0,
    0x00, 0x70, 0xF0, 0x00, 0x78, 0x70, 0x00, 0x38, 0x38, 0x00, 0x1C, 0x1C, 0x00, 0x0E, 0x0E, 0x00,
    0x07, 0x0F, 0x00, 0x07, 0x87, 0x00, 0x03, 0x83, 0x80, 0x01, 0xC1, 0xC0, 0x00, 0xE0, 0x00, 0x0F,
    0x80, 0x00, 0x3F, 0xFC, 0x00, 0x3F, 0xFF, 0xC0, 0x1F, 0xC1, 0xF8, 0x0F, 0x80, 0x1F, 0x07, 0x80,
    0x03, 0xC3, 0xC0, 0x00, 0x78, 0xE0, 0x00, 0x0E, 0x78, 0x00, 0x03, 0x9C, 0x00, 0x00, 0xE7, 0x00,
    0x00, 0x3B, 0xC0, 0x00, 0x0E, 0xE0, 0x00, 0x03, 0xB8, 0x00, 0x00, 0xEE, 0x00, 0x00, 0x3B, 0x80,
    0x00, 0x1C, 0xE0, 0x00, 0x07, 0x3C, 0x00, 0x03, 0xC7, 0x00, 0x01, 0xE1, 0xE0, 0x00, 0xF0, 0x3C,
    0x00, 0xF8, 0x07, 0xE1, 0xFC, 0x00, 0xFF, 0xFE, 0x00, 0x0F, 0xFE, 0x00, 0x00, 0x78, 0x00, 0x00,
    0x00, 0x00, 0x00, 0x07, 0xFF, 0xFF, 0x83, 0xFF, 0xFF, 0xC1, 0xC0, 0x00, 0xE0, 0xE0, 0x00, 0x70,
    0xF0, 0x00, 0x78, 0x70, 0x00, 0x38, 0x38, 0x00, 0x1C, 0x1C, 0x00, 0x0E, 0x0E, 0x00, 0x07, 0x0F,
    0x00, 0x03, 0x87, 0x00, 0x03, 0x83, 0x80, 0x01, 0xC1, 0xC0, 0x00, 0xE0, 0xE0, 0x00, 0x70, 0xF0,
    0x00, 0x38, 0x70, 0x00, 0x38, 0x38, 0x00, 0x1C, 0x1C, 0x00, 0x0E, 0x0E, 0x00, 0x07, 0x0F, 0x00,
    0x03, 0x87, 0x00, 0x03, 0x83, 0x80, 0x01, 0xC1, 0xC0, 0x00, 0xE0, 0x00, 0x00, 0x00, 0x3F, 0xFF,
    0x00, 0xFF, 0xFF, 0x03, 0x80, 0xFC, 0x0E, 0x00, 0x78, 0x78, 0x00, 0xE1, 0xC0, 0x03, 0xC7, 0x00,
    0x0F, 0x1C, 0x00, 0x3C, 0x70, 0x00, 0xE3, 0xC0, 0x03, 0x8E, 0x00, 0x1E, 0x38, 0x00, 0xF0, 0xE0,
    0x07, 0xC3, 0xFF, 0xFE, 0x1F, 0xFF, 0xE0, 0x7F, 0xFE, 0x01, 0xC0, 0x00, 0x07, 0x00, 0x00, 0x1C,
    0x00, 0x00, 0xF0, 0x00, 0x03, 0x80, 0x00, 0x0E, 0x00, 0x00, 0x38, 0x00, 0x00, 0x00, 0x0F, 0x80,
    0x01, 0xFF, 0xE0, 0x07, 0xFF, 0xF0, 0x3F, 0x83, 0xF0, 0xF8, 0x01, 0xE3, 0xC0, 0x01, 0x8F, 0x00,
    0x00, 0x1C, 0x00, 0x00, 0x78, 0x00, 0x00, 0xE0, 0x00, 0x01, 0xC0, 0x00, 0x07, 0x80, 0x00, 0x0E,
    0x00, 0x00, 0x1C, 0x00, 0x00, 0x38, 0x00, 0x00, 0x70, 0x00, 0x00, 0xE0, 0x00, 0x01, 0xE0, 0x00,
    0x01, 0xC0, 0x00, 0x03, 0xC0, 0x01, 0x03, 0xC0, 0x0F, 0x03, 0xF8, 0xFE, 0x03, 0xFF, 0xF8, 0x01,
    0xFF, 0xC0, 0x00, 0x38, 0x00, 0x00, 0x00, 0x07, 0xFF, 0xFF, 0x7F, 0xFF, 0xF0, 0x0F, 0x00, 0x00,
    0xE0, 0x00, 0x0E, 0x00, 0x00, 0xE0, 0x00, 0x0E, 0x00, 0x01, 0xE0, 0x00, 0x1C, 0x00, 0x01, 0xC0,
    0x00, 0x1C, 0x00, 0x01, 0xC0, 0x00, 0x3C, 0x00, 0x03, 0x80, 0x00, 0x38, 0x00, 0x03, 0x80, 0x00,
    0x38, 0x00, 0x07, 0x80, 0x00, 0x70, 0x00, 0x07, 0x00, 0x00, 0x70, 0x00, 0x07, 0x00, 0x00, 0xF0,
    0x00, 0x00, 0x00, 0x00, 0x3C, 0x00, 0x07, 0x1C, 0x00, 0x0E, 0x1C, 0x00, 0x1C, 0x1E, 0x00, 0x3C,
    0x0E, 0x00, 0x38, 0x0E, 0x00, 0x70, 0x0F, 0x00, 0xF0, 0x07, 0x01, 0xE0, 0x07, 0x01, 0xC0, 0x07,
    0x83, 0x80, 0x03, 0x87, 0x80, 0x03, 0x87, 0x00, 0x03, 0xCE, 0x00, 0x01, 0xDC, 0x00, 0x01, 0xFC,
    0x00, 0x01, 0xF8, 0x00, 0x00, 0xF0, 0x00, 0x00, 0xE0, 0x00, 0x01, 0xE0, 0x00, 0x03, 0xC0, 0x00,
    0x4F, 0x80, 0x00, 0xFF, 0x00, 0x00, 0xFE, 0x00, 0x00, 0x30, 0x00, 0x00, 0x00, 0x01, 0xC0, 0x00,
    0x00, 0x38, 0x00, 0x00, 0x1F, 0xF0, 0x00, 0x1F, 0xFF, 0xE0, 0x07, 0xFF, 0xFF, 0x80, 0xFC, 0x38,
    0x7C, 0x1E, 0x07, 0x01, 0xE3, 0xC0, 0x70, 0x0E, 0x78, 0x07, 0x00, 0xF7, 0x00, 0x70, 0x07, 0xE0,
    0x07, 0x00, 0x7E, 0x00, 0xE0, 0x07, 0xE0, 0x0E, 0x00, 0x7E, 0x00, 0xE0, 0x0F, 0xE0, 0x0E, 0x00,
    0xEE, 0x00, 0xE0, 0x1E, 0xE0, 0x1C, 0x01, 0xCF, 0x01, 0xC0, 0x3C, 0x78, 0x1C, 0x0F, 0x83, 0xE1,
    0xC7, 0xF0, 0x1F, 0xFF, 0xFC, 0x00, 0x7F, 0xFF, 0x00, 0x00, 0xFF, 0x00, 0x00, 0x03, 0x80, 0x00,
    0x00, 0x38, 0x00, 0x00, 0x00, 0x00, 0x00, 0x01, 0xE0, 0x03, 0xC0, 0x70, 0x03, 0xC0, 0x3C, 0x03,
    0xC0, 0x0E, 0x03, 0xC0, 0x07, 0x83, 0xC0, 0x01, 0xC3, 0xC0, 0x00, 0xF1, 0xC0, 0x00, 0x39, 0xE0,
    0x00, 0x1F, 0xE0, 0x00, 0x07, 0xE0, 0x00, 0x03, 0xE0, 0x00, 0x01, 0xF0, 0x00, 0x01, 0xF8, 0x00,
    0x01, 0xFE, 0x00, 0x01, 0xEF, 0x00, 0x01, 0xE3, 0xC0, 0x01, 0xE1, 0xE0, 0x00, 0xE0, 0x78, 0x00,
    0xE0, 0x3C, 0x00, 0xF0, 0x0F, 0x00, 0xF0, 0x07, 0x80, 0xF0, 0x01, 0xE0, 0xF0, 0x00, 0x70, 0x00,
    0x00, 0x00, 0x0E, 0x00, 0x07, 0x0E, 0x00, 0x0F, 0x0E, 0x00, 0x0E, 0x0E, 0x00, 0x0E, 0x1E, 0x00,
    0x0E, 0x1C, 0x00, 0x0E, 0x1C, 0x00, 0x1E, 0x1C, 0x00, 0x1C, 0x1C, 0x00, 0x1C, 0x3C, 0x00, 0x1C,
    0x38, 0x00, 0x1C, 0x38, 0x00, 0x3C, 0x38, 0x00, 0x38, 0x38, 0x00, 0x38, 0x78, 0x00, 0x38, 0x70,
    0x00, 0x38, 0x70, 0x00, 0x78, 0x70, 0x00, 0x70, 0x70, 0x00, 0x70, 0xF0, 0x00, 0x70, 0xF0, 0x00,
    0x70, 0xFF, 0xFF, 0xFE, 0xFF, 0xFF, 0xFE, 0x00, 0x00, 0x0E, 0x00, 0x00, 0x0E, 0x00, 0x00, 0x1C,
    0x00, 0x00, 0x1C, 0x00, 0x00, 0x1C, 0x00, 0x00, 0x1C, 0x00, 0x00, 0x00, 0xE0, 0x00, 0xE3, 0x80,
    0x03, 0x8E, 0x00, 0x0E, 0x38, 0x00, 0x38, 0xE0, 0x01, 0xE7, 0x00, 0x07, 0x1C, 0x00, 0x1C, 0x70,
    0x00, 0x71, 0xC0, 0x01, 0xC7, 0x00, 0x0F, 0x1C, 0x00, 0x38, 0x78, 0x01, 0xE0, 0xFC, 0xFF, 0x81,
    0xFF, 0xFE, 0x03, 0xFF, 0x78, 0x00, 0x01, 0xC0, 0x00, 0x07, 0x00, 0x00, 0x1C, 0x00, 0x00, 0x70,
    0x00, 0x03, 0xC0, 0x00, 0x0E, 0x00, 0x00, 0x38, 0x00, 0x00, 0xE0, 0x00, 0x00, 0x00, 0x00, 0x03,
    0x80, 0x1C, 0x00, 0xE0, 0xE0, 0x07, 0x00, 0x38, 0x38, 0x01, 0xC0, 0x0E, 0x0E, 0x00, 0x70, 0x03,
    0x87, 0x80, 0x3C, 0x01, 0xE1, 0xC0, 0x0E, 0x00, 0x70, 0x70, 0x03, 0x80, 0x1C, 0x1C, 0x00, 0xE0,
    0x07, 0x07, 0x00, 0x38, 0x01, 0xC3, 0xC0, 0x1E, 0x00, 0xF0, 0xE0, 0x07, 0x00, 0x38, 0x38, 0x01,
    0xC0, 0x0E, 0x0E, 0x00, 0x70, 0x03, 0x83, 0x80, 0x1C, 0x00, 0xE1, 0xE0, 0x0F, 0x00, 0x78, 0x70,
    0x03, 0x80, 0x1C, 0x1C, 0x00, 0xE0, 0x07, 0x07, 0x00, 0x38, 0x01, 0xC1, 0xC0, 0x0E, 0x00, 0x70,
    0xF0, 0x07, 0x80, 0x3C, 0x3C, 0x01, 0xE0, 0x0E, 0x0F, 0xFF, 0xFF, 0xFF, 0x83, 0xFF, 0xFF, 0xFF,
    0xE0, 0x00, 0x00, 0x00, 0x00, 0x03, 0x80, 0x1C, 0x00, 0xE0, 0xE0, 0x07, 0x00, 0x38, 0x38, 0x01,
    0xC0, 0x0E, 0x0E, 0x00, 0x70, 0x03, 0x87, 0x80, 0x3C, 0x01, 0xE1, 0xC0, 0x0E, 0x00, 0x70, 0x70,
    0x03, 0x80, 0x1C, 0x1C, 0x00, 0xE0, 0x07, 0x07, 0x00, 0x38, 0x01, 0xC3, 0xC0, 0x1E, 0x00, 0xF0,
    0xE0, 0x07, 0x00, 0x38, 0x38, 0x01, 0xC0, 0x0E, 0x0E, 0x00, 0x70, 0x03, 0x83, 0x80, 0x1C, 0x00,
    0xE1, 0xE0, 0x0F, 0x00, 0x78, 0x70, 0x03, 0x80, 0x1C, 0x1C, 0x00, 0xE0, 0x07, 0x07, 0x00, 0x38,
    0x01, 0xC1, 0xC0, 0x0E, 0x00, 0x70, 0xF0, 0x07, 0x80, 0x3C, 0x3C, 0x01, 0xE0, 0x0E, 0x0F, 0xFF,
    0xFF, 0xFF, 0xFB, 0xFF, 0xFF, 0xFF, 0xFE, 0x00, 0x00, 0x00, 0x07, 0x00, 0x00, 0x00, 0x01, 0xC0,
    0x00, 0x00, 0x00, 0x70, 0x00, 0x00, 0x00, 0x1C, 0x00, 0x00, 0x00, 0x07, 0x00, 0x00, 0x00, 0x01,
    0x80, 0x00, 0x00, 0x00, 0x7F, 0xE0, 0x00, 0x7F, 0xE0, 0x00, 0x00, 0xE0, 0x00, 0x01, 0xC0, 0x00,
    0x01, 0xC0, 0x00, 0x01, 0xC0, 0x00, 0x01, 0xC0, 0x00, 0x01, 0xC0, 0x00, 0x03, 0xFF, 0xF8, 0x03,
    0xFF, 0xFC, 0x03, 0xFF, 0xFE, 0x03, 0x80, 0x0F, 0x03, 0x80, 0x0F, 0x07, 0x00, 0x07, 0x07, 0x00,
    0x07, 0x07, 0x00, 0x07, 0x07, 0x00, 0x0F, 0x07, 0x00, 0x0E, 0x0E, 0x00, 0x1E, 0x0E, 0x00, 0x3C,
    0x0E, 0x01, 0xF8, 0x0F, 0xFF, 0xF0, 0x0F, 0xFF, 0xC0, 0x00, 0x00, 0x00, 0x00, 0x38, 0x00, 0x00,
    0x70, 0xE0, 0x00, 0x01, 0xC3, 0x80, 0x00, 0x07, 0x0E, 0x00, 0x00, 0x3C, 0x78, 0x00, 0x00, 0xE1,
    0xC0, 0x00, 0x03, 0x87, 0x00, 0x00, 0x0E, 0x1C, 0x00, 0x00, 0x38, 0x7F, 0xFE, 0x01, 0xE3, 0xFF,
    0xFC, 0x07, 0x0F, 0xFF, 0xF8, 0x1C, 0x38, 0x00, 0xF0, 0x70, 0xE0, 0x01, 0xC1, 0xC3, 0x80, 0x07,
    0x0F, 0x1E, 0x00, 0x1C, 0x38, 0x70, 0x00, 0x70, 0xE1, 0xC0, 0x01, 0xC3, 0x87, 0x00, 0x0F, 0x0E,
    0x1C, 0x00, 0x38, 0x78, 0xF0, 0x03, 0xE1, 0xC3, 0x80, 0x3F, 0x07, 0x0F, 0xFF, 0xF8, 0x1C, 0x3F,
    0xFF, 0x80, 0x70, 0x00, 0x00, 0x00, 0xE0, 0x00, 0x0E, 0x00, 0x00, 0xE0, 0x00, 0x0E, 0x00, 0x01,
    0xE0, 0x00, 0x1C, 0x00, 0x01, 0xC0, 0x00, 0x1C, 0x00, 0x01, 0xFF, 0xF8, 0x3F, 0xFF, 0xC3, 0xFF,
    0xFE, 0x38, 0x00, 0xF3, 0x80, 0x07, 0x38, 0x00, 0x77, 0x80, 0x07, 0x70, 0x00, 0x77, 0x00, 0x07,
    0x70, 0x00, 0xF7, 0x00, 0x0E, 0xF0, 0x03, 0xEE, 0x00, 0xFC, 0xFF, 0xFF, 0x8F, 0xFF, 0xE0, 0x00,
    0x1E, 0x00, 0x03, 0xFF, 0x80, 0x1F, 0xFF, 0x80, 0x7E, 0x1F, 0x81, 0xE0, 0x0F, 0x81, 0x00, 0x07,
    0x80, 0x00, 0x0F, 0x00, 0x00, 0x0E, 0x00, 0x00, 0x1C, 0x00, 0x00, 0x3C, 0x00, 0x00, 0x78, 0x0F,
    0xFF, 0xF0, 0x1F, 0xFF, 0xC0, 0x3F, 0xFF, 0x80, 0x00, 0x07, 0x00, 0x00, 0x1E, 0x00, 0x00, 0x38,
    0x00, 0x00, 0xF0, 0x00, 0x03, 0xC3, 0x00, 0x0F, 0x0F, 0x00, 0x7C, 0x1F, 0xC7, 0xF0, 0x1F, 0xFF,
    0x80, 0x0F, 0xFE, 0x00, 0x01, 0xC0, 0x00, 0x00, 0x00, 0x07, 0x80, 0x07, 0x00, 0x1F, 0xF8, 0x03,
    0x80, 0x3F, 0xFF, 0x01, 0xC0, 0x7F, 0x0F, 0xC0, 0xE0, 0x7C, 0x01, 0xF0, 0xF0, 0x7C, 0x00, 0x78,
    0x70, 0x78, 0x00, 0x1E, 0x38, 0x3C, 0x00, 0x0F, 0x1C, 0x3C, 0x00, 0x03, 0x8E, 0x1C, 0x00, 0x01,
    0xCF, 0x0E, 0x00, 0x00, 0xE7, 0xFF, 0x00, 0x00, 0x73, 0xFF, 0x00, 0x00, 0x39, 0xFF, 0x80, 0x00,
    0x1C, 0xE1, 0xC0, 0x00, 0x1E, 0xF0, 0xE0, 0x00, 0x0E, 0x70, 0x70, 0x00, 0x0F, 0x38, 0x3C, 0x00,
    0x07, 0x1C, 0x0E, 0x00, 0x07, 0x8E, 0x07, 0x80, 0x07, 0x8F, 0x01, 0xE0, 0x0F, 0x87, 0x00, 0x7E,
    0x7F, 0x83, 0x80, 0x1F, 0xFF, 0x01, 0xC0, 0x07, 0xFE, 0x00, 0x00, 0x00, 0x38, 0x00, 0x00, 0x00,
    0x00, 0x00, 0x00, 0x7F, 0xFE, 0x01, 0xFF, 0xFE, 0x03, 0xF0, 0x0E, 0x07, 0x80, 0x0E, 0x0F, 0x00,
    0x0E, 0x0E, 0x00, 0x1C, 0x1E, 0x00, 0x1C, 0x1C, 0x00, 0x1C, 0x1C, 0x00, 0x1C, 0x1C, 0x00, 0x1C,
    0x1C, 0x00, 0x38, 0x1E, 0x00, 0x38, 0x0F, 0x00, 0x38, 0x0F, 0xC0, 0x38, 0x07, 0xFF, 0xF8, 0x03,
    0xFF, 0xF0, 0x03, 0xC0, 0x70, 0x07, 0x80, 0x70, 0x0F, 0x00, 0x70, 0x1E, 0x00, 0x70, 0x3C, 0x00,
    0xE0, 0x78, 0x00, 0xE0, 0x70, 0x00, 0xE0, 0x00, 0xF8, 0x30, 0x3F, 0xF3, 0x83, 0xFF, 0xDC, 0x3E,
    0x0F, 0xE3, 0xC0, 0x1F, 0x1C, 0x00, 0xF9, 0xC0, 0x03, 0x8E, 0x00, 0x1C, 0x70, 0x00, 0xE7, 0x00,
    0x07, 0x38, 0x00, 0x39, 0xC0, 0x03, 0x8F, 0x00, 0x1C, 0x38, 0x01, 0xE1, 0xE0, 0x1F, 0x07, 0xC3,
    0xF8, 0x1F, 0xFF, 0x80, 0x7F, 0xDC, 0x00, 0x60, 0x00, 0x00, 0x00, 0x00, 0x00, 0x1F, 0x00, 0x1F,
    0xF0, 0x0F, 0xFE, 0x01, 0xFC, 0x00, 0x7C, 0x00, 0x0F, 0x80, 0x01, 0xE0, 0x00, 0x1C, 0x00, 0x03,
    0x87, 0xC0, 0x3B, 0xFF, 0x07, 0x7F, 0xF8, 0x7F, 0x07, 0xCF, 0xC0, 0x3C, 0xF8, 0x01, 0xCF, 0x00,
    0x1E, 0xE0, 0x01, 0xEE, 0x00, 0x1E, 0xE0, 0x01, 0xCE, 0x00, 0x1C, 0xE0, 0x03, 0xC7, 0x00, 0x38,
    0x70, 0x07, 0x83, 0xC1, 0xF0, 0x3F, 0xFE, 0x00, 0xFF, 0x80, 0x01, 0xC0, 0x00, 0x0F, 0xFC, 0x03,
    0xFF, 0xC1, 0xFF, 0xF8, 0x70, 0x0E, 0x1C, 0x03, 0xC7, 0x00, 0xE1, 0xC0, 0x38, 0xE0, 0x1E, 0x3F,
    0xFE, 0x0F, 0xFF, 0x83, 0x81, 0xF0, 0xE0, 0x1C, 0x70, 0x03, 0x9C, 0x01, 0xE7, 0x00, 0x71, 0xC0,
    0x7C, 0x7F, 0xFE, 0x3F, 0xFE, 0x00, 0x0F, 0xFF, 0x07, 0xFF, 0xC7, 0xFF, 0xC3, 0x80, 0x01, 0xC0,
    0x00, 0xE0, 0x00, 0x70, 0x00, 0x70, 0x00, 0x38, 0x00, 0x1C, 0x00, 0x0E, 0x00, 0x07, 0x00, 0x07,
    0x00, 0x03, 0x80, 0x01, 0xC0, 0x00, 0xE0, 0x00, 0x70, 0x00, 0x70, 0x00, 0x00, 0x00, 0x7F, 0xFC,
    0x00, 0xFF, 0xF8, 0x01, 0xFF, 0xF0, 0x07, 0x00, 0xE0, 0x0E, 0x01, 0xC0, 0x1C, 0x03, 0x80, 0x38,
    0x0E, 0x00, 0xE0, 0x1C, 0x01, 0xC0, 0x38, 0x03, 0x80, 0x70, 0x07, 0x00, 0xE0, 0x1C, 0x03, 0x80,
    0x38, 0x07, 0x00, 0xE0, 0x0E, 0x01, 0xC0, 0x1C, 0x0F, 0x00, 0x38, 0x7F, 0xFF, 0xFC, 0xFF, 0xFF,
    0xF9, 0xC0, 0x00, 0x73, 0x80, 0x00, 0xE7, 0x00, 0x03, 0x8C, 0x00, 0x07, 0x18, 0x00, 0x06, 0x00,
    0x00, 0xF8, 0x01, 0xFF, 0x80, 0xFF, 0xF0, 0x78, 0x1E, 0x3C, 0x03, 0xCE, 0x00, 0x77, 0x00, 0x1D,
    0xC0, 0x07, 0x7F, 0xFF, 0xFF, 0xFF, 0xFE, 0x00, 0x03, 0x80, 0x00, 0xF0, 0x00, 0x1C, 0x00, 0x07,
    0x80, 0x60, 0xF8, 0x7C, 0x1F, 0xFE, 0x03, 0xFF, 0x00, 0x0C, 0x00, 0x07, 0x00, 0xE0, 0x1C, 0x0E,
    0x01, 0xC0, 0x78, 0x1E, 0x07, 0x81, 0xE0, 0x1C, 0x0E, 0x07, 0x80, 0x3C, 0x1C, 0x0E, 0x00, 0x38,
    0x38, 0x38, 0x00, 0x70, 0x70, 0xE0, 0x00, 0x71, 0xE3, 0x80, 0x00, 0xFF, 0xFF, 0x00, 0x01, 0xFF,
    0xFC, 0x00, 0x07, 0xFF, 0xF8, 0x00, 0x1E, 0x1C, 0x38, 0x00, 0x78, 0x78, 0x78, 0x01, 0xE0, 0xE0,
    0x70, 0x07, 0x81, 0xC0, 0xF0, 0x0E, 0x03, 0x80, 0xE0, 0x3C, 0x07, 0x01, 0xE0, 0xF0, 0x1E, 0x01,
    0xC0, 0x01, 0xF8, 0x07, 0xFF, 0x03, 0xFF, 0xC1, 0xC0, 0xF0, 0x00, 0x38, 0x00, 0x1C, 0x00, 0x1C,
    0x00, 0x3E, 0x03, 0xFE, 0x01, 0xFE, 0x00, 0x07, 0x80, 0x00, 0xE0, 0x00, 0x70, 0x00, 0x39, 0x80,
    0x3C, 0xF0, 0x7C, 0x7F, 0xFC, 0x1F, 0xFC, 0x00, 0xE0, 0x00, 0x0E, 0x00, 0x30, 0x70, 0x03, 0x87,
    0x00, 0x3C, 0x38, 0x07, 0xE1, 0xC0, 0x7F, 0x0E, 0x07, 0xF8, 0x70, 0x7B, 0x87, 0x07, 0x9C, 0x38,
    0x78, 0xE1, 0xC7, 0x87, 0x0E, 0x78, 0x78, 0x77, 0x83, 0x87, 0x78, 0x1C, 0x3F, 0x80, 0xE1, 0xF8,
    0x07, 0x0F, 0x80, 0x78, 0x78, 0x03, 0x87, 0x80, 0x1C, 0x00, 0x00, 0x00, 0x00, 0x06, 0x06, 0x00,
    0x38, 0x70, 0x01, 0xFF, 0x00, 0x07, 0xF0, 0x00, 0x04, 0x00, 0x00, 0x00, 0x01, 0xC0, 0x06, 0x0E,
    0x00, 0x70, 0xE0, 0x07, 0x87, 0x00, 0xFC, 0x38, 0x0F, 0xE1, 0xC0, 0xFF, 0x0E, 0x0F, 0x70, 0xE0,
    0xF3, 0x87, 0x0F, 0x1C, 0x38, 0xF0, 0xE1, 0xCF, 0x0F, 0x0E, 0xF0, 0x70, 0xEF, 0x03, 0x87, 0xF0,
    0x1C, 0x3F, 0x00, 0xE1, 0xF0, 0x0F, 0x0F, 0x00, 0x70, 0xF0, 0x03, 0x80, 0x0E, 0x00, 0xE0, 0xE0,
    0x1E, 0x1C, 0x03, 0xC1, 0xC0, 0x78, 0x1C, 0x0F, 0x01, 0xC1, 0xE0, 0x1C, 0x3C, 0x03, 0x87, 0x80,
    0x3F, 0xF0, 0x03, 0xFE, 0x00, 0x3F, 0xF0, 0x03, 0x87, 0x00, 0x70, 0x38, 0x07, 0x03, 0xC0, 0x70,
    0x1C, 0x07, 0x01, 0xE0, 0x70, 0x0E, 0x0E, 0x00, 0x70, 0x00, 0xFF, 0xF8, 0x03, 0xFF, 0xE0, 0x0F,
    0xFF, 0x80, 0x70, 0x0E, 0x01, 0xC0, 0x38, 0x07, 0x00, 0xE0, 0x1C, 0x07, 0x00, 0xE0, 0x1C, 0x03,
    0x80, 0x70, 0x0E, 0x01, 0xC0, 0x38, 0x07, 0x01, 0xC0, 0x38, 0x07, 0x00, 0xE0, 0x38, 0x03, 0x80,
    0xE0, 0x0E, 0x07, 0x80, 0x38, 0xFC, 0x01, 0xC3, 0xE0, 0x07, 0x06, 0x00, 0x00, 0x00, 0x0E, 0x00,
    0x07, 0x0E, 0x00, 0x0F, 0x1E, 0x00, 0x1E, 0x1F, 0x00, 0x1E, 0x1F, 0x00, 0x3E, 0x1F, 0x80, 0x7E,
    0x1B, 0x80, 0xEE, 0x3B, 0x81, 0xCC, 0x39, 0xC1, 0xDC, 0x39, 0xC3, 0x9C, 0x38, 0xE7, 0x1C, 0x30,
    0xEE, 0x1C, 0x70, 0xFC, 0x18, 0x70, 0x7C, 0x38, 0x70, 0x78, 0x38, 0x70, 0x30, 0x38, 0x60, 0x00,
    0x38, 0xE0, 0x00, 0x30, 0x0C, 0x00, 0x70, 0xE0, 0x07, 0x1C, 0x00, 0x71, 0xC0, 0x0E, 0x1C, 0x00,
    0xE1, 0xC0, 0x0E, 0x1C, 0x00, 0xE3, 0x80, 0x0E, 0x3F, 0xFF, 0xC3, 0xFF, 0xFC, 0x3F, 0xFF, 0xC3,
    0x80, 0x1C, 0x70, 0x01, 0xC7, 0x00, 0x38, 0x70, 0x03, 0x87, 0x00, 0x38, 0x70, 0x03, 0x8E, 0x00,
    0x38, 0x00, 0xF8, 0x00, 0xFF, 0xE0, 0x3F, 0xFE, 0x0F, 0x83, 0xE3, 0xC0, 0x1C, 0x70, 0x03, 0xDC,
    0x00, 0x3B, 0x80, 0x07, 0xF0, 0x00, 0xFC, 0x00, 0x1F, 0x80, 0x03, 0xF0, 0x00, 0xEF, 0x00, 0x1C,
    0xE0, 0x07, 0x1E, 0x01, 0xE1, 0xF0, 0xF8, 0x1F, 0xFE, 0x01, 0xFF, 0x00, 0x03, 0x00, 0x00, 0x0F,
    0xFF, 0xF0, 0xFF, 0xFF, 0x1F, 0xFF, 0xF1, 0xC0, 0x0E, 0x1C, 0x00, 0xE1, 0xC0, 0x0E, 0x1C, 0x00,
    0xE3, 0x80, 0x0E, 0x38, 0x01, 0xC3, 0x80, 0x1C, 0x38, 0x01, 0xC3, 0x80, 0x1C, 0x70, 0x01, 0xC7,
    0x00, 0x38, 0x70, 0x03, 0x87, 0x00, 0x38, 0x70, 0x03, 0x8E, 0x00, 0x38, 0x06, 0x1F, 0x00, 0x1D,
    0xFF, 0x00, 0xFF, 0xFF, 0x03, 0xF0, 0x3C, 0x0F, 0x80, 0x78, 0x3C, 0x00, 0xE0, 0xE0, 0x03, 0x87,
    0x00, 0x0E, 0x1C, 0x00, 0x38, 0x70, 0x00, 0xE1, 0xC0, 0x03, 0x87, 0x00, 0x0E, 0x3C, 0x00, 0x78,
    0xF8, 0x03, 0xC3, 0xE0, 0x1E, 0x0F, 0xE1, 0xF8, 0x3B, 0xFF, 0x81, 0xC7, 0xFC, 0x07, 0x03, 0x00,
    0x1C, 0x00, 0x00, 0x70, 0x00, 0x01, 0xC0, 0x00, 0x0E, 0x00, 0x00, 0x38, 0x00, 0x00, 0xE0, 0x00,
    0x00, 0x00, 0xFC, 0x01, 0xFF, 0xC0, 0xFF, 0xF8, 0x7C, 0x1F, 0x3C, 0x01, 0x8E, 0x00, 0x07, 0x00,
    0x01, 0xC0, 0x00, 0xF0, 0x00, 0x38, 0x00, 0x0E, 0x00, 0x03, 0x80, 0x00, 0xF0, 0x00, 0x1C, 0x00,
    0x87, 0x80, 0x70, 0xF8, 0x7C, 0x1F, 0xFE, 0x03, 0xFE, 0x00, 0x0C, 0x00, 0x7F, 0xFF, 0x7F, 0xFF,
    0xBF, 0xFF, 0xC0, 0x70, 0x00, 0x38, 0x00, 0x1C, 0x00, 0x0E, 0x00, 0x07, 0x00, 0x07, 0x00, 0x03,
    0x80, 0x01, 0xC0, 0x00, 0xE0, 0x00, 0x70, 0x00, 0x78, 0x00, 0x38, 0x00, 0x1C, 0x00, 0x0E, 0x00,
    0x07, 0x00, 0x00, 0x03, 0x00, 0x07, 0x03, 0x80, 0x0F, 0x03, 0x80, 0x0E, 0x03, 0x80, 0x1C, 0x03,
    0xC0, 0x3C, 0x01, 0xC0, 0x38, 0x01, 0xC0, 0x70, 0x01, 0xC0, 0xF0, 0x01, 0xE0, 0xE0, 0x00, 0xE1,
    0xC0, 0x00, 0xE1, 0xC0, 0x00, 0xE3, 0x80, 0x00, 0xE7, 0x00, 0x00, 0x77, 0x00, 0x00, 0x7E, 0x00,
    0x00, 0x7E, 0x00, 0x00, 0x7C, 0x00, 0x00, 0x38, 0x00, 0x00, 0x78, 0x00, 0x00, 0x70, 0x00, 0x00,
    0xE0, 0x00, 0x61, 0xE0, 0x00, 0x7F, 0xC0, 0x00, 0x7F, 0x80, 0x00, 0x3E, 0x00, 0x00, 0x00, 0x03,
    0x00, 0x00, 0x07, 0x00, 0x00, 0x07, 0x00, 0x00, 0x07, 0x00, 0x00, 0x07, 0x00, 0x00, 0x06, 0x00,
    0x00, 0x0E, 0x00, 0x00, 0x3F, 0x80, 0x03, 0xFF, 0xF0, 0x07, 0xFF, 0xFC, 0x1F, 0x8C, 0x3C, 0x3E,
    0x1C, 0x1E, 0x38, 0x1C, 0x0E, 0x70, 0x1C, 0x0F, 0x70, 0x1C, 0x07, 0xE0, 0x18, 0x07, 0xE0, 0x38,
    0x07, 0xE0, 0x38, 0x0E, 0xE0, 0x38, 0x0E, 0xE0, 0x38, 0x1E, 0xF0, 0x30, 0x3C, 0x78, 0x70, 0x78,
    0x3E, 0x73, 0xF0, 0x1F, 0xFF, 0xE0, 0x0F, 0xFF, 0x80, 0x00, 0xF0, 0x00, 0x00, 0xE0, 0x00, 0x00,
    0xE0, 0x00, 0x00, 0xE0, 0x00, 0x00, 0xE0, 0x00, 0x00, 0xC0, 0x00, 0x00, 0xC0, 0x00, 0x06, 0x00,
    0x70, 0x38, 0x07, 0x81, 0xE0, 0x78, 0x07, 0x07, 0x80, 0x3C, 0x78, 0x00, 0xE7, 0x80, 0x03, 0xF8,
    0x00, 0x1F, 0x80, 0x00, 0x78, 0x00, 0x03, 0xC0, 0x00, 0x3E, 0x00, 0x03, 0xF8, 0x00, 0x39, 0xC0,
    0x03, 0x87, 0x00, 0x38, 0x38, 0x03, 0x80, 0xE0, 0x38, 0x07, 0x83, 0x80, 0x1C, 0x00, 0x0C, 0x00,
    0x60, 0xE0, 0x0F, 0x1C, 0x00, 0xE1, 0xC0, 0x0E, 0x1C, 0x00, 0xE1, 0xC0, 0x0E, 0x1C, 0x01, 0xE3,
    0x80, 0x1C, 0x38, 0x01, 0xC3, 0x80, 0x1C, 0x38, 0x01, 0xC3, 0x80, 0x3C, 0x70, 0x03, 0x87, 0x00,
    0x38, 0x70, 0x03, 0x87, 0x00, 0x38, 0x7F, 0xFF, 0xEF, 0xFF, 0xFE, 0x00, 0x00, 0xE0, 0x00, 0x0E,
    0x00, 0x00, 0xE0, 0x00, 0x1C, 0x00, 0x00, 0xC0, 0x38, 0x01, 0x8E, 0x00, 0xE7, 0x80, 0x39, 0xC0,
    0x0E, 0x70, 0x03, 0x9C, 0x01, 0xE7, 0x00, 0x71, 0xC0, 0x1C, 0x70, 0x07, 0x1E, 0x0F, 0xC7, 0xFF,
    0xF0, 0x7F, 0xF8, 0x00, 0x0E, 0x00, 0x03, 0x80, 0x00, 0xE0, 0x00, 0x78, 0x00, 0x1C, 0x00, 0x07,
    0x00, 0x0C, 0x01, 0x80, 0x30, 0xE0, 0x38, 0x07, 0x1C, 0x03, 0x80, 0x71, 0xC0, 0x38, 0x07, 0x1C,
    0x03, 0x80, 0x71, 0xC0, 0x38, 0x0E, 0x1C, 0x07, 0x00, 0xE3, 0x80, 0x70, 0x0E, 0x38, 0x07, 0x00,
    0xE3, 0x80, 0x70, 0x0E, 0x38, 0x07, 0x01, 0xC3, 0x80, 0xE0, 0x1C, 0x70, 0x0E, 0x01, 0xC7, 0x00,
    0xE0, 0x1C, 0x70, 0x0E, 0x01, 0xC7, 0x00, 0xE0, 0x38, 0x7F, 0xFF, 0xFF, 0x8F, 0xFF, 0xFF, 0xF8,
    0x0C, 0x01, 0x80, 0x30, 0xE0, 0x38, 0x07, 0x1C, 0x03, 0x80, 0x71, 0xC0, 0x38, 0x07, 0x1C, 0x03,
    0x80, 0x71, 0xC0, 0x38, 0x0E, 0x1C, 0x07, 0x00, 0xE3, 0x80, 0x70, 0x0E, 0x38, 0x07, 0x00, 0xE3,
    0x80, 0x70, 0x0E, 0x38, 0x07, 0x01, 0xC3, 0x80, 0xE0, 0x1C, 0x70, 0x0E, 0x01, 0xC7, 0x00, 0xE0,
    0x1C, 0x70, 0x0E, 0x01, 0xC7, 0x00, 0xE0, 0x38, 0x7F, 0xFF, 0xFF, 0xFF, 0xFF, 0xFF, 0xFF, 0x00,
    0x00, 0x00, 0xE0, 0x00, 0x00, 0x0E, 0x00, 0x00, 0x00, 0xE0, 0x00, 0x00, 0x0E, 0x7F, 0x80, 0x1F,
    0xF0, 0x03, 0xFE, 0x00, 0x03, 0x80, 0x00, 0x70, 0x00, 0x0E, 0x00, 0x01, 0xFF, 0x00, 0x7F, 0xFC,
    0x0F, 0xFF, 0xC1, 0xC0, 0x78, 0x38, 0x07, 0x07, 0x00, 0xE1, 0xE0, 0x1C, 0x38, 0x03, 0x87, 0x00,
    0xF0, 0xE0, 0x7C, 0x1F, 0xFF, 0x07, 0xFF, 0x80, 0x0C, 0x00, 0x06, 0x0E, 0x00, 0x0E, 0x1C, 0x00,
    0x0E, 0x1C, 0x00, 0x0E, 0x1C, 0x00, 0x0E, 0x1C, 0x00, 0x0E, 0x1F, 0xF0, 0x1C, 0x3F, 0xFC, 0x1C,
    0x3F, 0xFE, 0x1C, 0x38, 0x0F, 0x1C, 0x38, 0x07, 0x1C, 0x38, 0x07, 0x38, 0x70, 0x07, 0x38, 0x70,
    0x07, 0x38, 0x70, 0x0E, 0x38, 0x70, 0x3E, 0x38, 0x7F, 0xFC, 0x78, 0xFF, 0xF0, 0x70, 0x0C, 0x00,
    0x0E, 0x00, 0x1C, 0x00, 0x1C, 0x00, 0x1C, 0x00, 0x1C, 0x00, 0x1F, 0xF0, 0x3F, 0xFC, 0x3F, 0xFE,
    0x38, 0x0F, 0x38, 0x07, 0x38, 0x07, 0x70, 0x07, 0x70, 0x07, 0x70, 0x0F, 0x70, 0x3E, 0x7F, 0xFC,
    0xFF, 0xF0, 0x00, 0xF8, 0x00, 0xFF, 0xC0, 0x7F, 0xFE, 0x0F, 0x03, 0xE0, 0x80, 0x1C, 0x00, 0x03,
    0x80, 0x00, 0x38, 0x00, 0x07, 0x01, 0xFF, 0xE0, 0x7F, 0xFC, 0x00, 0x07, 0x00, 0x00, 0xE0, 0x00,
    0x3C, 0x00, 0x0F, 0x08, 0x03, 0xC3, 0xC1, 0xF0, 0x7F, 0xFC, 0x03, 0xFE, 0x00, 0x0E, 0x00, 0x00,
    0x0E, 0x00, 0xF8, 0x01, 0xC0, 0xFF, 0xC0, 0x70, 0x3F, 0xFE, 0x0E, 0x0F, 0x03, 0xC1, 0xC3, 0xC0,
    0x3C, 0x38, 0xF0, 0x03, 0x87, 0x1C, 0x00, 0x71, 0xC3, 0x80, 0x0F, 0x3F, 0xE0, 0x01, 0xE7, 0xFC,
    0x00, 0x38, 0xFF, 0x80, 0x07, 0x1C, 0x70, 0x00, 0xE7, 0x0E, 0x00, 0x3C, 0xE0, 0xE0, 0x0F, 0x1C,
    0x1E, 0x03, 0xC3, 0x81, 0xF1, 0xF8, 0x70, 0x3F, 0xFC, 0x1C, 0x01, 0xFF, 0x00, 0x00, 0x06, 0x00,
    0x00, 0x00, 0x7F, 0xC0, 0x7F, 0xFC, 0x3F, 0xFF, 0x0F, 0x80, 0xE1, 0xC0, 0x1C, 0x78, 0x03, 0x8E,
    0x00, 0x71, 0xC0, 0x0C, 0x38, 0x03, 0x83, 0x80, 0x70, 0x7F, 0xFE, 0x07, 0xFF, 0xC0, 0x7F, 0xF0,
    0x1C, 0x0E, 0x07, 0x01, 0xC1, 0xE0, 0x38, 0x78, 0x07, 0x1E, 0x00, 0xC0, 0x01, 0x80, 0x00, 0x78,
    0x00, 0x0F, 0x00, 0x01, 0xE0, 0x00, 0x3C, 0x00, 0x00, 0x00, 0x00, 0x00, 0x03, 0xE0, 0x07, 0xFE,
    0x03, 0xFF, 0xC1, 0xE0, 0x78, 0xF0, 0x0F, 0x38, 0x01, 0xDC, 0x00, 0x77, 0x00, 0x1D, 0xFF, 0xFF,
    0xFF, 0xFF, 0xF8, 0x00, 0x0E, 0x00, 0x03, 0xC0, 0x00, 0x70, 0x00, 0x1E, 0x01, 0x83, 0xE1, 0xF0,
    0x7F, 0xF8, 0x0F, 0xFC, 0x00, 0x30, 0x00, 0x00, 0xC3, 0x00, 0x79, 0xC0, 0x1C, 0x70, 0x02, 0x08,
    0x00, 0x00, 0x00, 0x00, 0x00, 0x0F, 0x80, 0x1F, 0xF8, 0x0F, 0xFF, 0x07, 0x81, 0xE3, 0xC0, 0x3C,
    0xE0, 0x07, 0x70, 0x01, 0xDC, 0x00, 0x77, 0xFF, 0xFF, 0xFF, 0xFF, 0xE0, 0x00, 0x38, 0x00, 0x0F,
    0x00, 0x01, 0xC0, 0x00, 0x78, 0x06, 0x0F, 0x87, 0xC1, 0xFF, 0xE0, 0x3F, 0xF0, 0x00, 0xC0, 0x00,
    0x07, 0x00, 0x00, 0x70, 0x00, 0x07, 0x00, 0x07, 0xFF, 0xF0, 0x7F, 0xFF, 0x00, 0xE0, 0x00, 0x0E,
    0x00, 0x00, 0xE3, 0xE0, 0x1F, 0xFF, 0x81, 0xFF, 0xFC, 0x1F, 0x83, 0xE1, 0xE0, 0x1E, 0x1C, 0x00,
    0xE3, 0xC0, 0x0E, 0x3C, 0x00, 0xE3, 0x80, 0x0E, 0x38, 0x00, 0xE3, 0x80, 0x1C, 0x78, 0x01, 0xC7,
    0x00, 0x1C, 0x70, 0x01, 0xC7, 0x00, 0x1C, 0x70, 0x03, 0x87, 0x00, 0x38, 0xE0, 0x03, 0x80, 0x00,
    0x38, 0x00, 0x03, 0x80, 0x00, 0x70, 0x00, 0x0F, 0x00, 0x1F, 0xE0, 0x01, 0xFC, 0x00, 0x0F, 0x80,
    0x00, 0x03, 0x00, 0x07, 0xC0, 0x07, 0x80, 0x07, 0x80, 0x07, 0x00, 0x00, 0x00, 0x00, 0x00, 0x1F,
    0xFE, 0x0F, 0xFF, 0x8F, 0xFF, 0x87, 0x00, 0x03, 0x80, 0x01, 0xC0, 0x00, 0xE0, 0x00, 0xE0, 0x00,
    0x70, 0x00, 0x38, 0x00, 0x1C, 0x00, 0x0E, 0x00, 0x0E, 0x00, 0x07, 0x00, 0x03, 0x80, 0x01, 0xC0,
    0x00, 0xE0, 0x00, 0xE0, 0x00, 0x00, 0x00, 0x7C, 0x00, 0x7F, 0xF0, 0x3F, 0xFF, 0x0F, 0x80, 0xE3,
    0xC0, 0x08, 0x70, 0x00, 0x1C, 0x00, 0x03, 0x80, 0x00, 0xFF, 0xF8, 0x1F, 0xFF, 0x03, 0xFF, 0xC0,
    0x70, 0x00, 0x0E, 0x00, 0x00, 0xE0, 0x00, 0x1E, 0x00, 0x81, 0xE0, 0xF8, 0x1F, 0xFE, 0x01, 0xFF,
    0x00, 0x02, 0x00, 0x00, 0x01, 0xF8, 0x03, 0xFF, 0x83, 0xFF, 0xC3, 0xC0, 0x61, 0xC0, 0x00, 0xE0,
    0x00, 0x70, 0x00, 0x3C, 0x00, 0x1F, 0xE0, 0x03, 0xFE, 0x00, 0x3F, 0x80, 0x03, 0xC0, 0x00, 0xE0,
    0x00, 0x71, 0x80, 0x39, 0xF0, 0x7C, 0xFF, 0xFC, 0x1F, 0xF8, 0x00, 0xC0, 0x00, 0x07, 0x07, 0x83,
    0xC0, 0xE0, 0x00, 0x00, 0x00, 0x18, 0x0E, 0x0E, 0x07, 0x03, 0x81, 0xC0, 0xE0, 0xE0, 0x70, 0x38,
    0x1C, 0x0E, 0x0E, 0x07, 0x03, 0x81, 0xC0, 0xE0, 0xE0, 0x00, 0x19, 0xCF, 0x73, 0x9C, 0x42, 0x00,
    0x00, 0x00, 0xC0, 0x78, 0x1C, 0x07, 0x01, 0xC0, 0x70, 0x3C, 0x0E, 0x03, 0x80, 0xE0, 0x38, 0x1E,
    0x07, 0x01, 0xC0, 0x70, 0x1C, 0x0F, 0x03, 0x80, 0x00, 0x0E, 0x00, 0x1E, 0x00, 0x1E, 0x00, 0x0E,
    0x00, 0x00, 0x00, 0x00, 0x00, 0x00, 0x00, 0x1C, 0x00, 0x1C, 0x00, 0x38, 0x00, 0x38, 0x00, 0x38,
    0x00, 0x38, 0x00, 0x38, 0x00, 0x70, 0x00, 0x70, 0x00, 0x70, 0x00, 0x70, 0x00, 0x70, 0x00, 0xE0,
    0x00, 0xE0, 0x00, 0xE0, 0x00, 0xE0, 0x00, 0xE0, 0x01, 0xC0, 0x01, 0xC0, 0x01, 0xC0, 0x01, 0xC0,
    0x03, 0x80, 0xFF, 0x80, 0xFF, 0x00, 0x7C, 0x00, 0x00, 0xFF, 0xF8, 0x00, 0x01, 0xFF, 0xF8, 0x00,
    0x03, 0xFF, 0xE0, 0x00, 0x0E, 0x01, 0xC0, 0x00, 0x1C, 0x03, 0x80, 0x00, 0x38, 0x0F, 0x00, 0x00,
    0x70, 0x1F, 0xF8, 0x01, 0xC0, 0x3F, 0xFC, 0x03, 0x80, 0x7F, 0xFC, 0x07, 0x00, 0xE0, 0x3C, 0x0E,
    0x03, 0xC0, 0x38, 0x38, 0x07, 0x80, 0x70, 0x70, 0x0E, 0x00, 0xE1, 0xC0, 0x1C, 0x01, 0xC3, 0x80,
    0x38, 0x07, 0x0F, 0x00, 0xF0, 0x3E, 0xFC, 0x01, 0xFF, 0xF9, 0xF0, 0x03, 0xFF, 0xC1, 0x80, 0x00,
    0x00, 0x00, 0x0C, 0x00, 0x60, 0x00, 0x70, 0x07, 0x80, 0x07, 0x00, 0x38, 0x00, 0x38, 0x01, 0xC0,
    0x01, 0xC0, 0x0E, 0x00, 0x0E, 0x00, 0x70, 0x00, 0x70, 0x07, 0x80, 0x07, 0xFF, 0xFF, 0xF0, 0x3F,
    0xFF, 0xFF, 0xE1, 0xFF, 0xFF, 0xFF, 0x8E, 0x00, 0x70, 0x1E, 0x70, 0x07, 0x80, 0x77, 0x00, 0x38,
    0x03, 0xB8, 0x01, 0xC0, 0x1D, 0xC0, 0x0E, 0x01, 0xCE, 0x00, 0x70, 0x3E, 0x70, 0x07, 0xFF, 0xE7,
    0x00, 0x3F, 0xFC, 0x00, 0x07, 0x00, 0x00, 0x70, 0x00, 0x07, 0x00, 0x0F, 0xFF, 0xF0, 0xFF, 0xFF,
    0x00, 0xE0, 0x00, 0x0E, 0x00, 0x00, 0xE3, 0xE0, 0x1F, 0xFF, 0x81, 0xFF, 0xFC, 0x1F, 0x83, 0xE1,
    0xE0, 0x1E, 0x1C, 0x00, 0xE3, 0xC0, 0x0E, 0x3C, 0x00, 0xE3, 0x80, 0x0E, 0x38, 0x00, 0xE3, 0x80,
    0x1C, 0x78, 0x01, 0xC7, 0x00, 0x1C, 0x70, 0x01, 0xC7, 0x00, 0x1C, 0x70, 0x03, 0x87, 0x00, 0x38,
    0xE0, 0x03, 0x80, 0x00, 0x03, 0x80, 0x00, 0x78, 0x00, 0x1E, 0x00, 0x03, 0xC0, 0x00, 0x78, 0x00,
    0x00, 0x00, 0x00, 0x00, 0x00, 0xE0, 0x0E, 0x0E, 0x01, 0xE1, 0xC0, 0x3C, 0x1C, 0x07, 0x81, 0xC0,
    0xF0, 0x1C, 0x1E, 0x01, 0xC3, 0xC0, 0x38, 0x78, 0x03, 0xFF, 0x00, 0x3F, 0xE0, 0x03, 0xFF, 0x00,
    0x38, 0x70, 0x07, 0x03, 0x80, 0x70, 0x3C, 0x07, 0x01, 0xC0, 0x70, 0x1E, 0x07, 0x00, 0xE0, 0xE0,
    0x07, 0x00, 0x00, 0xC0, 0x00, 0x07, 0x80, 0x00, 0x1E, 0x00, 0x00, 0x78, 0x00, 0x01, 0xE0, 0x00,
    0x00, 0x00, 0x00, 0x00, 0x01, 0xC0, 0x06, 0x0E, 0x00, 0x70, 0xE0, 0x07, 0x87, 0x00, 0xFC, 0x38,
    0x0F, 0xE1, 0xC0, 0xFF, 0x0E, 0x0F, 0x70, 0xE0, 0xF3, 0x87, 0x0F, 0x1C, 0x38, 0xF0, 0xE1, 0xCF,
    0x0F, 0x0E, 0xF0, 0x70, 0xEF, 0x03, 0x87, 0xF0, 0x1C, 0x3F, 0x00, 0xE1, 0xF0, 0x0F, 0x0F, 0x00,
    0x70, 0xF0, 0x03, 0x80, 0x00, 0x00, 0x00, 0x00, 0x38, 0x38, 0x00, 0x38, 0x30, 0x00, 0x1F, 0xF0,
    0x00, 0x0F, 0xE0, 0x00, 0x03, 0x00, 0x00, 0x00, 0x00, 0x03, 0x00, 0x07, 0x03, 0x80, 0x0F, 0x03,
    0x80, 0x0E, 0x03, 0x80, 0x1C, 0x03, 0xC0, 0x3C, 0x01, 0xC0, 0x38, 0x01, 0xC0, 0x70, 0x01, 0xC0,
    0xF0, 0x01, 0xE0, 0xE0, 0x00, 0xE1, 0xC0, 0x00, 0xE1, 0xC0, 0x00, 0xE3, 0x80, 0x00, 0xE7, 0x00,
    0x00, 0x77, 0x00, 0x00, 0x7E, 0x00, 0x00, 0x7E, 0x00, 0x00, 0x7C, 0x00, 0x00, 0x38, 0x00, 0x00,
    0x78, 0x00, 0x00, 0x70, 0x00, 0x00, 0xE0, 0x00, 0x61, 0xE0, 0x00, 0x7F, 0xC0, 0x00, 0x7F, 0x80,
    0x00, 0x3E, 0x00, 0x00, 0x0C, 0x00, 0xE1, 0xC0, 0x1C, 0x70, 0x07, 0x0E, 0x00, 0xE1, 0xC0, 0x1C,
    0x38, 0x03, 0x87, 0x00, 0x71, 0xC0, 0x1C, 0x38, 0x03, 0x87, 0x00, 0x70, 0xE0, 0x0E, 0x1C, 0x01,
    0xC7, 0x00, 0x70, 0xE0, 0x0E, 0x1C, 0x01, 0xC3, 0x80, 0x38, 0x7F, 0xFF, 0x1F, 0xFF, 0xC0, 0x0E,
    0x00, 0x01, 0xC0, 0x00, 0x38, 0x00, 0x07, 0x00, 0x00, 0xC0, 0x00, 0x00, 0xE0, 0x00, 0x01, 0xE0,
    0x00, 0x01, 0xC0, 0x00, 0x01, 0xC0, 0x00, 0x7F, 0xFF, 0x80, 0xFF, 0xFF, 0x80, 0xFF, 0xFF, 0x80,
    0x03, 0x80, 0x00, 0x03, 0x80, 0x00, 0x03, 0x80, 0x00, 0x03, 0xFF, 0xF0, 0x07, 0xFF, 0xF8, 0x07,
    0xFF, 0xFC, 0x07, 0x00, 0x1E, 0x07, 0x00, 0x0E, 0x07, 0x00, 0x0E, 0x0F, 0x00, 0x0E, 0x0E, 0x00,
    0x0E, 0x0E, 0x00, 0x0E, 0x0E, 0x00, 0x1E, 0x0E, 0x00, 0x1C, 0x1E, 0x00, 0x3C, 0x1C, 0x01, 0xF8,
    0x1F, 0xFF, 0xF0, 0x1F, 0xFF, 0xC0, 0x03, 0x80, 0x00, 0xE0, 0x00, 0x38, 0x00, 0x0E, 0x00, 0x07,
    0x00, 0x01, 0xC0, 0x00, 0x70, 0x03, 0xFF, 0xF0, 0xFF, 0xFC, 0x03, 0xC0, 0x00, 0xE0, 0x00, 0x38,
    0x00, 0x0E, 0x00, 0x03, 0xFE, 0x01, 0xFF, 0xF0, 0x7F, 0xFE, 0x1C, 0x07, 0x87, 0x00, 0xE1, 0xC0,
    0x38, 0xF0, 0x0E, 0x38, 0x03, 0x8E, 0x01, 0xE3, 0x81, 0xF0, 0xFF, 0xF8, 0x7F, 0xF8, 0x00, 0x00,
    0x00, 0x00, 0x00, 0x07, 0xFF, 0xFF, 0xF0, 0x1F, 0xFF, 0xFF, 0xC0, 0x78, 0x00, 0x1E, 0x00, 0xE0,
    0x00, 0xF0, 0x01, 0xC0, 0x07, 0x80, 0x07, 0x80, 0x38, 0x00, 0x0E, 0x01, 0xC0, 0x00, 0x1C, 0x0E,
    0x00, 0x00, 0x38, 0xF0, 0x00, 0x00, 0xF7, 0x80, 0x00, 0x01, 0xFC, 0x00, 0x00, 0x7F, 0xFE, 0x00,
    0x03, 0xFF, 0xFC, 0x00, 0x3E, 0x38, 0x78, 0x01, 0xE0, 0xE0, 0xF0, 0x07, 0x03, 0x81, 0xC0, 0x38,
    0x0E, 0x07, 0x01, 0xC0, 0x70, 0x1E, 0x0F, 0x01, 0xC0, 0x38, 0x38, 0x07, 0x00, 0xE1, 0xE0, 0x1C,
    0x03, 0x87, 0x00, 0x70, 0x0F, 0x38, 0x03, 0x80, 0x1C, 0x03, 0xFF, 0xFF, 0x03, 0xFF, 0xFF, 0x03,
    0xFF, 0xFE, 0x01, 0xC0, 0x1C, 0x01, 0xE0, 0x38, 0x00, 0xE0, 0x70, 0x00, 0x71, 0xE0, 0x00, 0x3B,
    0xC0, 0x00, 0x3F, 0x80, 0x01, 0xFF, 0xE0, 0x03, 0xFF, 0xF0, 0x07, 0x9C, 0x78, 0x0E, 0x1C, 0x38,
    0x1E, 0x1C, 0x38, 0x1C, 0x1C, 0x1C, 0x38, 0x18, 0x1C, 0x78, 0x38, 0x1C, 0x70, 0x38, 0x1C, 0x00,
    0x0F, 0x80, 0x00, 0x3F, 0xFC, 0x00, 0x1F, 0xFF, 0xC0, 0x1F, 0xC1, 0xF8, 0x0F, 0x80, 0x1F, 0x07,
    0x80, 0x01, 0xC3, 0xC0, 0x00, 0x78, 0xF0, 0x00, 0x0E, 0x78, 0x00, 0x03, 0x9C, 0x00, 0x00, 0xE7,
    0x00, 0x00, 0x3F, 0xFF, 0xFF, 0xFE, 0xFF, 0xFF, 0xFF, 0xBF, 0xFF, 0xFF, 0xEE, 0x00, 0x00, 0x3B,
    0x80, 0x00, 0x1E, 0xF0, 0x00, 0x07, 0x1C, 0x00, 0x03, 0xC7, 0x00, 0x01, 0xE1, 0xE0, 0x00, 0xF0,
    0x3C, 0x00, 0x78, 0x07, 0xF1, 0xFC, 0x00, 0xFF, 0xFE, 0x00, 0x0F, 0xFE, 0x00, 0x00, 0x38, 0x00,
    0x00, 0x00, 0xF8, 0x00, 0xFF, 0xE0, 0x3F, 0xFE, 0x0F, 0x83, 0xE3, 0xC0, 0x1C, 0x70, 0x03, 0xDC,
    0x00, 0x3B, 0x80, 0x07, 0xFF, 0xFF, 0xFF, 0xFF, 0xFF, 0x80, 0x03, 0xF0, 0x00, 0xEF, 0x00, 0x1C,
    0xE0, 0x07, 0x1E, 0x01, 0xE1, 0xF0, 0xF8, 0x1F, 0xFE, 0x01, 0xFF, 0x00, 0x03, 0x00, 0x00, 0x00,
    0x00, 0x07, 0x78, 0x00, 0x0F, 0xBC, 0x00, 0x1F, 0xCE, 0x00, 0x0F, 0xE7, 0x00, 0x0F, 0x03, 0x80,
    0x0F, 0x01, 0xE0, 0x07, 0x00, 0x70, 0x07, 0x80, 0x38, 0x03, 0x80, 0x1C, 0x03, 0x80, 0x0E, 0x03,
    0xC0, 0x07, 0x81, 0xC0, 0x01, 0xC1, 0xE0, 0x00, 0xE0, 0xE0, 0x00, 0x70, 0xF0, 0x00, 0x3C, 0x70,
    0x00, 0x1E, 0x70, 0x00, 0x07, 0x38, 0x00, 0x03, 0xB8, 0x00, 0x01, 0xFC, 0x00, 0x00, 0xFC, 0x00,
    0x00, 0x3E, 0x00, 0x00, 0x1E, 0x00, 0x00, 0x0F, 0x00, 0x00, 0xE0, 0x01, 0xFC, 0x00, 0x7F, 0x80,
    0x1F, 0x70, 0x07, 0x87, 0x00, 0xE0, 0xE0, 0x38, 0x1C, 0x07, 0x03, 0x81, 0xC0, 0x38, 0x78, 0x07,
    0x0E, 0x00, 0xE3, 0x80, 0x1C, 0x70, 0x01, 0xDC, 0x00, 0x3B, 0x80, 0x07, 0xE0, 0x00, 0xFC, 0x00,
    0x0F, 0x00, 0x01, 0xC0, 0x00, 0x00, 0x00, 0x00, 0x00, 0x18, 0x0C, 0x00, 0x0E, 0x0E, 0x00, 0x07,
    0xFE, 0x00, 0x01, 0xFE, 0x00, 0x00, 0x18, 0x00, 0x00, 0x00, 0x00, 0x1C, 0x00, 0x0E, 0x0E, 0x00,
    0x0F, 0x07, 0x00, 0x0F, 0x83, 0x80, 0x0F, 0xC3, 0xC0, 0x0F, 0xE1, 0xC0, 0x0F, 0xE0, 0xE0, 0x0F,
    0x70, 0x70, 0x0F, 0x38, 0x38, 0x0F, 0x1C, 0x3C, 0x0F, 0x0E, 0x1C, 0x0F, 0x0E, 0x0E, 0x0F, 0x07,
    0x07, 0x0F, 0x03, 0x83, 0x8F, 0x01, 0xC3, 0xCF, 0x00, 0xE1, 0xCF, 0x00, 0xE0, 0xEF, 0x00, 0x70,
    0x7F, 0x00, 0x38, 0x3F, 0x00, 0x1C, 0x3F, 0x00, 0x0E, 0x1F, 0x00, 0x0F, 0x0F, 0x00, 0x07, 0xE7,
    0x00, 0x03, 0xF0, 0x00, 0x00, 0x70, 0x00, 0x00, 0x38, 0x00, 0x00, 0x38, 0x00, 0x00, 0x1C, 0x00,
    0x00, 0x0C, 0x00, 0x00, 0x04, 0x00, 0x00, 0x00, 0x40, 0x06, 0x07, 0x00, 0x38, 0x70, 0x00, 0xFF,
    0x80, 0x03, 0xF0, 0x00, 0x00, 0x00, 0x00, 0x00, 0x01, 0xC0, 0x06, 0x0E, 0x00, 0x70, 0xE0, 0x07,
    0x87, 0x00, 0xFC, 0x38, 0x0F, 0xE1, 0xC0, 0xFF, 0x0E, 0x0F, 0x70, 0xE0, 0xF3, 0x87, 0x0F, 0x1C,
    0x38, 0xF0, 0xE1, 0xCF, 0x0F, 0x0E, 0xF0, 0x70, 0xEF, 0x03, 0x87, 0xF0, 0x1C, 0x3F, 0x00, 0xE1,
    0xF0, 0x0F, 0x0F, 0x00, 0x7E, 0xF0, 0x03, 0xE0, 0x00, 0x07, 0x00, 0x00, 0x30, 0x00, 0x03, 0x80,
    0x00, 0x18, 0x00, 0x06, 0x00, 0x00, 0xE0, 0x00, 0x0E, 0x00, 0x00, 0xE0, 0x00, 0xFF, 0xFC, 0x0F,
    0xFF, 0xC0, 0xFF, 0xFC, 0x01, 0xC0, 0x00, 0x1C, 0x00, 0x01, 0xC0, 0x00, 0x1F, 0xFF, 0x83, 0xFF,
    0xFC, 0x3F, 0xFF, 0xE3, 0x80, 0x0F, 0x38, 0x00, 0x73, 0x80, 0x07, 0x70, 0x00, 0x77, 0x00, 0x07,
    0x70, 0x00, 0x77, 0x00, 0x0F, 0x70, 0x00, 0xEE, 0x00, 0x3E, 0xE0, 0x1F, 0xCF, 0xFF, 0xF0, 0xFF,
    0xFC, 0x00, 0x07, 0x00, 0x03, 0x80, 0x03, 0xC0, 0x0F, 0xFF, 0x8F, 0xFF, 0xC0, 0x70, 0x00, 0x38,
    0x00, 0x3F, 0xFC, 0x1F, 0xFF, 0x0E, 0x03, 0xC7, 0x00, 0xE3, 0x80, 0x73, 0x80, 0x39, 0xC0, 0x1C,
    0xE0, 0x1E, 0x70, 0x3E, 0x3F, 0xFE, 0x3F, 0xFC, 0x00, 0x00, 0x00, 0x00, 0x3F, 0xFF, 0x00, 0xFF,
    0xFF, 0x03, 0x80, 0xFE, 0x0E, 0x00, 0x78, 0x78, 0x00, 0xE1, 0xC0, 0x03, 0xC7, 0x00, 0x0F, 0x1C,
    0x18, 0x3C, 0x70, 0xE0, 0xF3, 0xC1, 0xC3, 0x8E, 0x07, 0x1E, 0x38, 0x0E, 0x70, 0xE0, 0x1F, 0xC3,
    0xFF, 0xFE, 0x1F, 0xFF, 0xE0, 0x7F, 0xFF, 0x81, 0xC0, 0x07, 0x07, 0x00, 0x1C, 0x1C, 0x00, 0x38,
    0xF0, 0x00, 0x43, 0x80, 0x00, 0x0E, 0x00, 0x00, 0x38, 0x00, 0x00, 0x06, 0x1F, 0x00, 0x1D, 0xFF,
    0x00, 0xFF, 0xFF, 0x03, 0xF0, 0x3C, 0x0F, 0x80, 0x78, 0x3C, 0x00, 0xE0, 0xE0, 0x03, 0x87, 0x00,
    0x0E, 0x1C, 0x00, 0x38, 0x70, 0x00, 0xE1, 0xC0, 0x03, 0x87, 0x01, 0x8E, 0x3C, 0x0E, 0x78, 0xF8,
    0x1F, 0xC3, 0xE0, 0x7E, 0x0F, 0xE1, 0xF8, 0x3B, 0xFF, 0xC1, 0xC7, 0xFF, 0x07, 0x03, 0x0E, 0x1C,
    0x00, 0x30, 0x70, 0x00, 0x01, 0xC0, 0x00, 0x0E, 0x00, 0x00, 0x38, 0x00, 0x00, 0xE0, 0x00, 0x00,
    0x00, 0x00, 0x38, 0x00, 0x03, 0xC0, 0x00, 0x1C, 0x00, 0x00, 0xE0, 0x00, 0x07, 0x07, 0xFF, 0xF8,
    0x3F, 0xFF, 0xC1, 0xC0, 0x00, 0x0E, 0x00, 0x00, 0xF0, 0x00, 0x07, 0x00, 0x00, 0x38, 0x00, 0x01,
    0xC0, 0x00, 0x0E, 0x00, 0x00, 0xF0, 0x00, 0x07, 0x00, 0x00, 0x38, 0x00, 0x01, 0xC0, 0x00, 0x0E,
    0x00, 0x00, 0xF0, 0x00, 0x07, 0x00, 0x00, 0x38, 0x00, 0x01, 0xC0, 0x00, 0x0E, 0x00, 0x00, 0xF0,
    0x00, 0x07, 0x00, 0x00, 0x38, 0x00, 0x01, 0xC0, 0x00, 0x00, 0x00, 0x07, 0x00, 0x03, 0x80, 0x01,
    0xC1, 0xFF, 0xE0, 0xFF, 0xF0, 0xFF, 0xF0, 0x70, 0x00, 0x38, 0x00, 0x1C, 0x00, 0x0E, 0x00, 0x0E,
    0x00, 0x07, 0x00, 0x03, 0x80, 0x01, 0xC0, 0x00, 0xE0, 0x00, 0xE0, 0x00, 0x70, 0x00, 0x38, 0x00,
    0x1C, 0x00, 0x0E, 0x00, 0x0E, 0x00, 0x00, 0x00, 0x00, 0x00, 0x0F, 0xFF, 0xF0, 0x3F, 0xFF, 0x80,
    0xE0, 0x00, 0x03, 0x80, 0x00, 0x1E, 0x00, 0x00, 0x70, 0x00, 0x01, 0xC0, 0x00, 0x07, 0x00, 0x00,
    0x1C, 0x00, 0x00, 0xF0, 0x00, 0x03, 0x80, 0x00, 0xFF, 0xFF, 0x83, 0xFF, 0xFE, 0x0F, 0xFF, 0xF0,
    0x07, 0x80, 0x00, 0x1C, 0x00, 0x00, 0x70, 0x00, 0x01, 0xC0, 0x00, 0x07, 0x00, 0x00, 0x3C, 0x00,
    0x00, 0xE0, 0x00, 0x03, 0x80, 0x00, 0x0E, 0x00, 0x00, 0x0F, 0xFF, 0x87, 0xFF, 0xC3, 0xFF, 0xE1,
    0xC0, 0x01, 0xC0, 0x00, 0xE0, 0x00, 0x70, 0x00, 0x38, 0x00, 0x1C, 0x00, 0x7F, 0xFC, 0x3F, 0xFE,
    0x0F, 0xFE, 0x03, 0x80, 0x01, 0xC0, 0x01, 0xC0, 0x00, 0xE0, 0x00, 0x70, 0x00, 0x38, 0x00, 0x00,
    0x00, 0x00, 0x00, 0x7F, 0xFF, 0x83, 0xFF, 0xFC, 0x1C, 0x00, 0x00, 0xE0, 0x00, 0x0F, 0x00, 0x00,
    0x70, 0x00, 0x03, 0x80, 0x00, 0x1C, 0x00, 0x00, 0xE0, 0x00, 0x0F, 0x00, 0x00, 0x73, 0xFE, 0x03,
    0xFF, 0xF8, 0x1F, 0xC3, 0xE0, 0xF0, 0x07, 0x8F, 0x00, 0x1C, 0x70, 0x00, 0xE3, 0x80, 0x07, 0x1C,
    0x00, 0x38, 0xE0, 0x01, 0xCF, 0x00, 0x0E, 0x70, 0x00, 0xE3, 0x80, 0x07, 0x1C, 0x00, 0x70, 0x00,
    0x07, 0x80, 0x00, 0xF8, 0x00, 0xFF, 0x80, 0x07, 0xF0, 0x00, 0x3E, 0x00, 0x00, 0x0F, 0xFF, 0x07,
    0xFF, 0x87, 0xFF, 0xC3, 0x80, 0x01, 0xC0, 0x00, 0xE0, 0x00, 0x70, 0x00, 0x70, 0x00, 0x38, 0x70,
    0x1F, 0xFE, 0x0F, 0xFF, 0x87, 0xC3, 0xE7, 0x80, 0x73, 0x80, 0x3D, 0xC0, 0x0E, 0xE0, 0x07, 0x70,
    0x03, 0xF0, 0x03, 0xC0, 0x01, 0xC0, 0x01, 0xE0, 0x01, 0xE0, 0x01, 0xE0, 0x1F, 0xE0, 0x1F, 0xE0,
    0x0F, 0xC0, 0x00, 0x00, 0x00, 0x00, 0x00, 0x00, 0x78, 0x01, 0xC0, 0x0F, 0x03, 0x80, 0x1C, 0x01,
    0xE0, 0x38, 0x01, 0xC0, 0x1C, 0x01, 0xC0, 0x38, 0x03, 0x80, 0x1C, 0x03, 0x80, 0x70, 0x01, 0xE0,
    0x38, 0x0F, 0x00, 0x0E, 0x03, 0x81, 0xE0, 0x00, 0xF0, 0x38, 0x3C, 0x00, 0x07, 0x07, 0x07, 0x80,
    0x00, 0x78, 0x70, 0x70, 0x00, 0x03, 0xFF, 0xFE, 0x00, 0x00, 0x3F, 0xFF, 0xE0, 0x00, 0x07, 0xFF,
    0xFE, 0x00, 0x00, 0xF0, 0xE0, 0xF0, 0x00, 0x1E, 0x0E, 0x07, 0x00, 0x03, 0xC0, 0xE0, 0x78, 0x00,
    0x78, 0x0E, 0x03, 0x80, 0x0F, 0x00, 0xE0, 0x3C, 0x01, 0xE0, 0x1C, 0x01, 0xC0, 0x1C, 0x01, 0xC0,
    0x1E, 0x03, 0xC0, 0x1C, 0x01, 0xE0, 0x78, 0x01, 0xC0, 0x0F, 0xCF, 0x00, 0x1C, 0x00, 0xFC, 0x00,
    0x00, 0x00, 0x01, 0xC0, 0x00, 0x00, 0x00, 0x1C, 0x00, 0x00, 0x00, 0x03, 0x80, 0x00, 0x00, 0x00,
    0x38, 0x00, 0x00, 0x00, 0x03, 0x80, 0x00, 0x00, 0x00, 0x30, 0x07, 0x00, 0xE0, 0x1C, 0x0E, 0x01,
    0xC0, 0x78, 0x1E, 0x07, 0x81, 0xE0, 0x1C, 0x0E, 0x07, 0x80, 0x3C, 0x1C, 0x0E, 0x00, 0x38, 0x38,
    0x38, 0x00, 0x70, 0x70, 0xE0, 0x00, 0x71, 0xE3, 0x80, 0x00, 0xFF, 0xFF, 0x00, 0x01, 0xFF, 0xFC,
    0x00, 0x07, 0xFF, 0xF8, 0x00, 0x1E, 0x1C, 0x38, 0x00, 0x78, 0x78, 0x78, 0x01, 0xE0, 0xE0, 0x70,
    0x07, 0x81, 0xC0, 0xF0, 0x0E, 0x03, 0x80, 0xE0, 0x3C, 0x07, 0x01, 0xF8, 0xF0, 0x1E, 0x01, 0xF0,
    0x00, 0x00, 0x00, 0xE0, 0x00, 0x00, 0x01, 0xC0, 0x00, 0x00, 0x03, 0x00, 0x00, 0x00, 0x0E, 0x00,
    0x00, 0x0E, 0x00, 0x03, 0xFF, 0x80, 0x3F, 0xFF, 0x01, 0xF8, 0x3E, 0x02, 0x00, 0x38, 0x00, 0x00,
    0xF0, 0x00, 0x03, 0xC0, 0x00, 0x0E, 0x00, 0x00, 0x38, 0x00, 0x01, 0xE0, 0x00, 0x1F, 0x00, 0x7F,
    0xF8, 0x01, 0xFF, 0xC0, 0x00, 0x0F, 0x80, 0x00, 0x0F, 0x00, 0x00, 0x1C, 0x00, 0x00, 0x78, 0x00,
    0x01, 0xC0, 0x00, 0x07, 0x08, 0x00, 0x1C, 0x70, 0x01, 0xE1, 0xFC, 0x1F, 0x83, 0xFF, 0xFC, 0x03,
    0xFF, 0xC0, 0x00, 0xF0, 0x00, 0x03, 0x80, 0x00, 0x0E, 0x00, 0x00, 0x38, 0x00, 0x00, 0xE0, 0x00,
    0x03, 0x00, 0x00, 0x01, 0xF8, 0x07, 0xFF, 0x03, 0xFF, 0xC1, 0xC0, 0xF0, 0x00, 0x38, 0x00, 0x1C,
    0x00, 0x1C, 0x00, 0x3E, 0x03, 0xFE, 0x01, 0xFE, 0x00, 0x07, 0x80, 0x00, 0xE0, 0x00, 0x70, 0x00,
    0x39, 0x80, 0x3C, 0xF0, 0x7C, 0x7F, 0xFC, 0x1F, 0xFC, 0x00, 0xE0, 0x00, 0x70, 0x00, 0x70, 0x00,
    0x38, 0x00, 0x00, 0x00, 0x00, 0x1C, 0x00, 0x3C, 0x38, 0x00, 0xF0, 0x70, 0x03, 0xC0, 0xE0, 0x0F,
    0x03, 0xC0, 0x3C, 0x07, 0x00, 0xF0, 0x0E, 0x03, 0xC0, 0x1C, 0x0F, 0x00, 0x38, 0x3C, 0x00, 0xF0,
    0xF0, 0x01, 0xFF, 0xC0, 0x03, 0xFF, 0x80, 0x07, 0xFF, 0x00, 0x0E, 0x0F, 0x00, 0x3C, 0x0E, 0x00,
    0x70, 0x1E, 0x00, 0xE0, 0x1C, 0x01, 0xC0, 0x1C, 0x03, 0x80, 0x3C, 0x0F, 0x00, 0x38, 0x1C, 0x00,
    0x78, 0x38, 0x00, 0x7E, 0x70, 0x00, 0xFC, 0x00, 0x00, 0x38, 0x00, 0x00, 0x70, 0x00, 0x00, 0xE0,
    0x00, 0x03, 0x80, 0x00, 0x07, 0x00, 0x00, 0x04, 0x00, 0x0E, 0x00, 0xE0, 0xE0, 0x1E, 0x1C, 0x03,
    0xC1, 0xC0, 0x78, 0x1C, 0x0F, 0x01, 0xC1, 0xE0, 0x1C, 0x3C, 0x03, 0x87, 0x80, 0x3F, 0xF0, 0x03,
    0xFE, 0x00, 0x3F, 0xF0, 0x03, 0x87, 0x00, 0x70, 0x38, 0x07, 0x03, 0xC0, 0x70, 0x1C, 0x07, 0x01,
    0xE0, 0x70, 0x0F, 0xCE, 0x00, 0x7C, 0x00, 0x01, 0xC0, 0x00, 0x1C, 0x00, 0x01, 0xC0, 0x00, 0x38,
    0x00, 0x00, 0x00, 0x0E, 0x00, 0x0F, 0x0E, 0x00, 0x1E, 0x0E, 0x00, 0x3C, 0x0E, 0x00, 0x78, 0x1E,
    0x00, 0xF0, 0x1C, 0x61, 0xE0, 0x1C, 0xE1, 0xC0, 0x1C, 0xE3, 0x80, 0x1C, 0xE7, 0x00, 0x3C, 0xCE,
    0x00, 0x3F, 0xFE, 0x00, 0x3F, 0xFC, 0x00, 0x3F, 0xFE, 0x00, 0x39, 0xDE, 0x00, 0x79, 0x8F, 0x00,
    0x71, 0x8F, 0x00, 0x73, 0x87, 0x80, 0x73, 0x83, 0x80, 0x70, 0x03, 0xC0, 0xF0, 0x01, 0xC0, 0xE0,
    0x01, 0xE0, 0xE0, 0x00, 0xE0, 0xE0, 0x00, 0xF0, 0x0C, 0x00, 0xE1, 0xE0, 0x1E, 0x1C, 0x03, 0xC1,
    0xC0, 0x78, 0x1D, 0x87, 0x01, 0xDC, 0xE0, 0x3D, 0x9C, 0x03, 0x9B, 0x80, 0x3F, 0xF8, 0x03, 0xFF,
    0x00, 0x3F, 0xF0, 0x07, 0xB3, 0x80, 0x73, 0x38, 0x07, 0x71, 0xC0, 0x70, 0x1E, 0x07, 0x00, 0xE0,
    0xF0, 0x0F, 0x0E, 0x00, 0x70, 0x00, 0x00, 0x00, 0x01, 0xC0, 0x07, 0x81, 0xC0, 0x07, 0x80, 0xE0,
    0x07, 0x8F, 0xFF, 0x87, 0x87, 0xFF, 0xC3, 0x80, 0x1C, 0x03, 0x80, 0x1C, 0x03, 0x80, 0x0E, 0x03,
    0x80, 0x07, 0x03, 0x80, 0x03, 0x83, 0x80, 0x01, 0xFF, 0x80, 0x01, 0xFF, 0xC0, 0x00, 0xFF, 0xE0,
    0x00, 0x70, 0x78, 0x00, 0x38, 0x1E, 0x00, 0x1C, 0x07, 0x00, 0x1C, 0x03, 0xC0, 0x0E, 0x00, 0xE0,
    0x07, 0x00, 0x78, 0x03, 0x80, 0x1C, 0x01, 0xC0, 0x07, 0x01, 0xC0, 0x03, 0xC0, 0xE0, 0x00, 0xE0,
    0x07, 0x00, 0x00, 0x70, 0x00, 0x07, 0x00, 0x07, 0xFF, 0x80, 0x7F, 0xF8, 0x00, 0xE0, 0x00, 0x0E,
    0x00, 0x00, 0xE0, 0x0E, 0x1E, 0x01, 0xE1, 0xC0, 0x3C, 0x1C, 0x07, 0x81, 0xC0, 0xF0, 0x1C, 0x1E,
    0x03, 0xC3, 0xC0, 0x38, 0x78, 0x03, 0xFF, 0x00, 0x3F, 0xE0, 0x03, 0xFF, 0x00, 0x78, 0x70, 0x07,
    0x03, 0x80, 0x70, 0x3C, 0x07, 0x01, 0xC0, 0x70, 0x1E, 0x07, 0x00, 0xE0, 0xE0, 0x07, 0x00, 0x00,
    0xE0, 0x00, 0x07, 0xFE, 0x00, 0x1E, 0x7F, 0xE0, 0x03, 0xC0, 0x0E, 0x00, 0x38, 0x01, 0xE0, 0x07,
    0x00, 0x1C, 0x00, 0xE0, 0x01, 0xC0, 0x1E, 0x00, 0x1C, 0x03, 0xC0, 0x01, 0xC0, 0x78, 0x00, 0x38,
    0x0F, 0x00, 0x03, 0x81, 0xE0, 0x00, 0x3F, 0xFC, 0x00, 0x03, 0xFF, 0xC0, 0x00, 0x3F, 0xFC, 0x00,
    0x07, 0x01, 0xE0, 0x00, 0x70, 0x1E, 0x00, 0x07, 0x00, 0xF0, 0x00, 0x70, 0x0F, 0x00, 0x07, 0x00,
    0x78, 0x00, 0xE0, 0x03, 0x80, 0x0E, 0x00, 0x3C, 0x00, 0xE0, 0x01, 0xC0, 0x0E, 0x00, 0x1E, 0x00,
    0xE0, 0x00, 0xE0, 0x7F, 0x80, 0x3B, 0xFE, 0x01, 0xEF, 0xF8, 0x0F, 0x01, 0xC0, 0x78, 0x07, 0x03,
    0xC0, 0x1C, 0x1E, 0x00, 0x70, 0xF0, 0x03, 0x87, 0x80, 0x0F, 0xFC, 0x00, 0x3F, 0xE0, 0x00, 0xFF,
    0xC0, 0x03, 0x87, 0x00, 0x1C, 0x0E, 0x00, 0x70, 0x3C, 0x01, 0xC0, 0x70, 0x07, 0x01, 0xE0, 0x1C,
    0x03, 0xC0, 0xE0, 0x07, 0x00, 0x00, 0x00, 0x00, 0x07, 0x00, 0x03, 0x83, 0x80, 0x01, 0xC1, 0xC0,
    0x00, 0xE0, 0xE0, 0x00, 0x70, 0xF0, 0x00, 0x78, 0x70, 0x00, 0x38, 0x38, 0x00, 0x1C, 0x1C, 0x00,
    0x0E, 0x0E, 0x00, 0x07, 0x0F, 0x00, 0x07, 0x87, 0xFF, 0xFF, 0x83, 0xFF, 0xFF, 0xC1, 0xFF, 0xFF,
    0xE0, 0xE0, 0x00, 0x70, 0xF0, 0x00, 0x78, 0x70, 0x00, 0x38, 0x38, 0x00, 0x1C, 0x1C, 0x00, 0x0E,
    0x0E, 0x00, 0x07, 0x0F, 0x00, 0x07, 0x87, 0x00, 0x03, 0x83, 0x80, 0x01, 0xFD, 0xC0, 0x00, 0xFE,
    0x00, 0x00, 0x0E, 0x00, 0x00, 0x07, 0x00, 0x00, 0x03, 0x80, 0x00, 0x01, 0xC0, 0x00, 0x00, 0xE0,
    0x00, 0x00, 0x60, 0x0C, 0x00, 0x70, 0xE0, 0x07, 0x1C, 0x00, 0x71, 0xC0, 0x0E, 0x1C, 0x00, 0xE1,
    0xC0, 0x0E, 0x1C, 0x00, 0xE3, 0x80, 0x0E, 0x3F, 0xFF, 0xC3, 0xFF, 0xFC, 0x3F, 0xFF, 0xC3, 0x80,
    0x1C, 0x70, 0x01, 0xC7, 0x00, 0x38, 0x70, 0x03, 0x87, 0x00, 0x38, 0x70, 0x03, 0xFE, 0x00, 0x3E,
    0x00, 0x00, 0xE0, 0x00, 0x0E, 0x00, 0x00, 0xE0, 0x00, 0x0E, 0x00, 0x00, 0x03, 0x00, 0x00, 0x70,
    0x00, 0x3F, 0xFF, 0xC3, 0x80, 0x01, 0xFF, 0xFC, 0x1C, 0x00, 0x0E, 0x00, 0x00, 0xE0, 0x00, 0xF0,
    0x00, 0x0F, 0x00, 0x07, 0x80, 0x00, 0x70, 0x00, 0x38, 0x00, 0x03, 0x80, 0x01, 0xC0, 0x00, 0x1C,
    0x00, 0x0E, 0x00, 0x00, 0xE0, 0x00, 0xF0, 0x00, 0x0F, 0x00, 0x07, 0x80, 0x00, 0x7F, 0xFF, 0xF8,
    0x00, 0x03, 0xFF, 0xFF, 0xC0, 0x00, 0x1F, 0xFF, 0xFE, 0x00, 0x00, 0xE0, 0x00, 0xF0, 0x00, 0x0F,
    0x00, 0x07, 0x80, 0x00, 0x70, 0x00, 0x38, 0x00, 0x03, 0x80, 0x01, 0xC0, 0x00, 0x1C, 0x00, 0x0E,
    0x00, 0x00, 0xE0, 0x00, 0xF0, 0x00, 0x0F, 0x00, 0x07, 0x80, 0x00, 0x70, 0x00, 0x38, 0x00, 0x03,
    0x80, 0x01, 0xC0, 0x00, 0x1C, 0x00, 0x0E, 0x00, 0x00, 0x0C, 0x00, 0x7F, 0xFC, 0x38, 0x01, 0xFF,
    0xF1, 0xC0, 0x07, 0xFF, 0xC7, 0x00, 0x3C, 0x00, 0x1C, 0x00, 0xE0, 0x00, 0x70, 0x03, 0x80, 0x01,
    0xC0, 0x0E, 0x00, 0x0E, 0x00, 0x78, 0x00, 0x3F, 0xFF, 0xE0, 0x00, 0xFF, 0xFF, 0x00, 0x03, 0xFF,
    0xFC, 0x00, 0x0E, 0x00, 0x70, 0x00, 0x70, 0x01, 0xC0, 0x01, 0xC0, 0x0F, 0x00, 0x07, 0x00, 0x38,
    0x00, 0x1C, 0x00, 0xE0, 0x00, 0x70, 0x03, 0x80, 0x03, 0x80, 0x0E, 0x00, 0x00, 0x00, 0x00, 0x00,
    0x00, 0x00, 0xFF, 0xFF, 0xF0, 0x00, 0x0F, 0xFF, 0xFF, 0x00, 0x00, 0xE0, 0x00, 0x70, 0x00, 0x0E,
    0x00, 0x07, 0x00, 0x01, 0xE0, 0x00, 0xF0, 0x00, 0x1C, 0x00, 0x0E, 0x00, 0x01, 0xC0, 0x00, 0xE0,
    0x00, 0x1C, 0x00, 0x0E, 0x00, 0x01, 0xC0, 0x00, 0xE0, 0x00, 0x3C, 0x00, 0x1E, 0x38, 0x03, 0x80,
    0x01, 0xFF, 0xF0, 0x38, 0x00, 0x1F, 0xFF, 0xC3, 0x80, 0x01, 0xF0, 0x7C, 0x38, 0x00, 0x1C, 0x01,
    0xE7, 0x80, 0x03, 0xC0, 0x0F, 0x70, 0x00, 0x38, 0x00, 0xF7, 0x00, 0x03, 0x80, 0x07, 0x70, 0x00,
    0x38, 0x00, 0x77, 0x00, 0x03, 0x80, 0x07, 0xF0, 0x00, 0x78, 0x00, 0xFE, 0x00, 0x07, 0x00, 0x0E,
    0xE0, 0x00, 0x70, 0x00, 0xEE, 0x00, 0x07, 0x00, 0x1E, 0x00, 0x00, 0x00, 0x03, 0xC0, 0x00, 0x00,
    0x00, 0x78, 0x00, 0x00, 0x01, 0xFF, 0x00, 0x00, 0x00, 0x1F, 0xE0, 0x00, 0x00, 0x01, 0xF8, 0x00,
    0x0F, 0xFF, 0xE0, 0x00, 0x7F, 0xFF, 0x80, 0x01, 0xFF, 0xFE, 0x00, 0x07, 0x00, 0x38, 0x00, 0x1C,
    0x00, 0xE0, 0x00, 0x70, 0x07, 0x00, 0x03, 0xC0, 0x1C, 0x00, 0x0E, 0x00, 0x70, 0x00, 0x38, 0x01,
    0xCE, 0x00, 0xE0, 0x07, 0xFF, 0x03, 0x80, 0x3F, 0xFE, 0x1E, 0x00, 0xF0, 0x7C, 0x70, 0x03, 0x80,
    0x79, 0xC0, 0x0E, 0x00, 0xE7, 0x00, 0x38, 0x03, 0x9C, 0x01, 0xC0, 0x0E, 0xF0, 0x07, 0x00, 0x3B,
    0x80, 0x1C, 0x00, 0xE0, 0x00, 0x00, 0x07, 0x80, 0x00, 0x00, 0x1C, 0x00, 0x00, 0x00, 0xF0, 0x00,
    0x00, 0x07, 0x80, 0x00, 0x07, 0xFC, 0x00, 0x00, 0x3F, 0xE0, 0x00, 0x00, 0x7E, 0x00, 0x00, 0x00,
    0x1C, 0x00, 0x0F, 0x07, 0xFC, 0x00, 0xF0, 0xFF, 0xF0, 0x0F, 0x0F, 0xC7, 0xC0, 0xF0, 0xF8, 0x0F,
    0x0F, 0x07, 0x80, 0x38, 0xF0, 0x78, 0x01, 0xE7, 0x03, 0x80, 0x0F, 0x78, 0x3C, 0x00, 0x7B, 0x81,
    0xC0, 0x03, 0xDC, 0x0E, 0x00, 0x1F, 0xE0, 0x70, 0x00, 0xFE, 0x03, 0x80, 0x07, 0x70, 0x1C, 0x00,
    0x3B, 0x80, 0xE0, 0x03, 0xDE, 0x07, 0x80, 0x1C, 0xF0, 0x1C, 0x01, 0xC3, 0x80, 0xE0, 0x1E, 0x1E,
    0x07, 0x81, 0xE0, 0x78, 0x1E, 0x1E, 0x03, 0xE0, 0x7B, 0xE0, 0x0F, 0xC1, 0xFE, 0x00, 0x1F, 0xFF,
    0xFF, 0x80, 0x7F, 0xFF, 0xFC, 0x00, 0x38, 0x07, 0x00, 0x03, 0x03, 0xE0, 0x07, 0x8F, 0xF8, 0x1F,
    0x1F, 0xFC, 0x1C, 0x3C, 0x1E, 0x38, 0x78, 0x0E, 0x78, 0x70, 0x07, 0x70, 0x70, 0x07, 0x70, 0x60,
    0x07, 0x70, 0xE0, 0x07, 0xF0, 0xE0, 0x06, 0xF0, 0x60, 0x0E, 0x70, 0x70, 0x1E, 0x70, 0x70, 0x1C,
    0x78, 0x38, 0x38, 0x3C, 0x3C, 0xF0, 0x1F, 0x1F, 0xE0, 0x0F, 0xFF, 0xFE, 0x07, 0xFF, 0xFE, 0x00,
    0x60, 0x38, 0x00, 0x0F, 0x80, 0x01, 0xFF, 0xE0, 0x07, 0xFF, 0xF0, 0x3F, 0x83, 0xF0, 0xF8, 0x01,
    0xE3, 0xC0, 0x01, 0x8F, 0x00, 0x00, 0x1C, 0x00, 0x00, 0x78, 0x00, 0x00, 0xE0, 0x00, 0x01, 0xC0,
    0x00, 0x07, 0x80, 0x00, 0x0E, 0x00, 0x00, 0x1C, 0x00, 0x00, 0x38, 0x00, 0x00, 0x70, 0x00, 0x00,
    0xE0, 0x00, 0x01, 0xE0, 0x00, 0x01, 0xC0, 0x00, 0x03, 0xC0, 0x01, 0x03, 0xC0, 0x0F, 0x03, 0xF8,
    0xFE, 0x03, 0xFF, 0xF8, 0x01, 0xFF, 0xC0, 0x00, 0x78, 0x00, 0x01, 0xC0, 0x00, 0x03, 0x80, 0x00,
    0x07, 0x00, 0x00, 0x0E, 0x00, 0x00, 0x18, 0x00, 0x00, 0x00, 0xFC, 0x01, 0xFF, 0xC0, 0xFF, 0xF8,
    0x7C, 0x1F, 0x3C, 0x01, 0x8E, 0x00, 0x07, 0x00, 0x01, 0xC0, 0x00, 0xF0, 0x00, 0x38, 0x00, 0x0E,
    0x00, 0x03, 0x80, 0x00, 0xF0, 0x00, 0x1C, 0x00, 0x87, 0x80, 0x70, 0xF8, 0x7C, 0x1F, 0xFE, 0x03,
    0xFE, 0x00, 0x1C, 0x00, 0x07, 0x00, 0x01, 0x80, 0x00, 0xE0, 0x00, 0x00, 0x00, 0x07, 0xFF, 0xFF,
    0x7F, 0xFF, 0xF0, 0x0F, 0x00, 0x00, 0xE0, 0x00, 0x0E, 0x00, 0x00, 0xE0, 0x00, 0x0E, 0x00, 0x01,
    0xE0, 0x00, 0x1C, 0x00, 0x01, 0xC0, 0x00, 0x1C, 0x00, 0x01, 0xC0, 0x00, 0x3C, 0x00, 0x03, 0x80,
    0x00, 0x38, 0x00, 0x03, 0x80, 0x00, 0x38, 0x00, 0x07, 0x80, 0x00, 0x70, 0x00, 0x07, 0x00, 0x00,
    0x70, 0x00, 0x07, 0xE0, 0x00, 0xFE, 0x00, 0x00, 0xE0, 0x00, 0x0E, 0x00, 0x00, 0xE0, 0x00, 0x1C,
    0x00, 0x01, 0xC0, 0x00, 0x0C, 0x00, 0x7F, 0xFF, 0x7F, 0xFF, 0xBF, 0xFF, 0xC0, 0x70, 0x00, 0x38,
    0x00, 0x1C, 0x00, 0x0E, 0x00, 0x07, 0x00, 0x07, 0x00, 0x03, 0x80, 0x01, 0xC0, 0x00, 0xE0, 0x00,
    0x70, 0x00, 0x78, 0x00, 0x38, 0x00, 0x1C, 0x00, 0x0F, 0xC0, 0x07, 0xE0, 0x00, 0xE0, 0x00, 0x70,
    0x00, 0x38, 0x00, 0x1C, 0x00, 0x00, 0x00, 0x03, 0x80, 0x00, 0xEF, 0x00, 0x07, 0x1C, 0x00, 0x38,
    0x70, 0x01, 0xE0, 0xE0, 0x0F, 0x03, 0x80, 0x78, 0x07, 0x01, 0xC0, 0x1C, 0x0E, 0x00, 0x78, 0x78,
    0x00, 0xE3, 0xC0, 0x03, 0x9E, 0x00, 0x07, 0x70, 0x00, 0x1F, 0x80, 0x00, 0x7E, 0x00, 0x00, 0xF0,
    0x00, 0x03, 0x80, 0x00, 0x0E, 0x00, 0x00, 0x38, 0x00, 0x01, 0xC0, 0x00, 0x07, 0x00, 0x00, 0x1C,
    0x00, 0x00, 0x70, 0x00, 0x01, 0xC0, 0x00, 0xE0, 0x01, 0xF8, 0x00, 0x7E, 0x00, 0x3B, 0x80, 0x1C,
    0x70, 0x07, 0x1C, 0x03, 0x87, 0x01, 0xE1, 0xC0, 0x70, 0x38, 0x38, 0x0E, 0x1E, 0x03, 0x87, 0x00,
    0xE3, 0x80, 0x1D, 0xE0, 0x07, 0x70, 0x01, 0xF8, 0x00, 0x7E, 0x00, 0x0F, 0x00, 0x03, 0x80, 0x00,
    0xE0, 0x00, 0x38, 0x00, 0x1E, 0x00, 0x07, 0x00, 0x01, 0xC0, 0x00, 0x70, 0x00, 0x1C, 0x00, 0x00,
    0x00, 0x00, 0x03, 0x80, 0x00, 0xEF, 0x00, 0x07, 0x1C, 0x00, 0x38, 0x70, 0x01, 0xE0, 0xE0, 0x0F,
    0x03, 0x80, 0x78, 0x07, 0x01, 0xC0, 0x1C, 0x0E, 0x00, 0x78, 0x78, 0x00, 0xE3, 0xC0, 0x03, 0x9E,
    0x00, 0x07, 0x70, 0x00, 0x1F, 0x80, 0x00, 0x7E, 0x00, 0x3F, 0xFF, 0x80, 0xFF, 0xFE, 0x00, 0x0E,
    0x00, 0x00, 0x38, 0x00, 0x01, 0xC0, 0x00, 0x07, 0x00, 0x00, 0x1C, 0x00, 0x00, 0x70, 0x00, 0x01,
    0xC0, 0x00, 0x38, 0x00, 0x73, 0x80, 0x07, 0x38, 0x00, 0xE3, 0x80, 0x1C, 0x1C, 0x01, 0xC1, 0xC0,
    0x38, 0x1C, 0x07, 0x81, 0xC0, 0x70, 0x0E, 0x0E, 0x00, 0xE1, 0xE0, 0x0E, 0x1C, 0x00, 0xE3, 0x80,
    0x07, 0x78, 0x00, 0x77, 0x00, 0x07, 0xE0, 0x00, 0x7E, 0x00, 0x03, 0xC0, 0x0F, 0xFF, 0xE0, 0xFF,
    0xFE, 0x00, 0x38, 0x00, 0x07, 0x80, 0x00, 0x70, 0x00, 0x07, 0x00, 0x00, 0x70, 0x00, 0x07, 0x00,
    0x00, 0x00, 0x00, 0x00, 0x01, 0xE0, 0x03, 0xC0, 0x70, 0x03, 0xC0, 0x3C, 0x03, 0xC0, 0x0E, 0x03,
    0xC0, 0x07, 0x83, 0xC0, 0x01, 0xC3, 0xC0, 0x00, 0xF1, 0xC0, 0x00, 0x39, 0xE0, 0x00, 0x1F, 0xE0,
    0x00, 0x07, 0xE0, 0x00, 0x03, 0xE0, 0x00, 0x01, 0xF0, 0x00, 0x01, 0xF8, 0x00, 0x01, 0xFE, 0x00,
    0x01, 0xEF, 0x00, 0x01, 0xE3, 0xC0, 0x01, 0xE1, 0xE0, 0x00, 0xE0, 0x78, 0x00, 0xE0, 0x3C, 0x00,
    0xF0, 0x0F, 0x00, 0xF0, 0x07, 0x80, 0xF0, 0x01, 0xF8, 0xF0, 0x00, 0x7C, 0x00, 0x00, 0x0E, 0x00,
    0x00, 0x07, 0x00, 0x00, 0x03, 0x80, 0x00, 0x03, 0x80, 0x00, 0x01, 0xC0, 0x00, 0x00, 0x60, 0x06,
    0x00, 0x70, 0x38, 0x07, 0x81, 0xE0, 0x78, 0x07, 0x07, 0x80, 0x3C, 0x78, 0x00, 0xE7, 0x80, 0x03,
    0xF8, 0x00, 0x1F, 0x80, 0x00, 0x78, 0x00, 0x03, 0xC0, 0x00, 0x3E, 0x00, 0x03, 0xF8, 0x00, 0x39,
    0xC0, 0x03, 0x87, 0x00, 0x38, 0x38, 0x03, 0x80, 0xE0, 0x38, 0x07, 0xF3, 0x80, 0x1F, 0x00, 0x00,
    0x38, 0x00, 0x01, 0xC0, 0x00, 0x0E, 0x00, 0x00, 0x70, 0x00, 0x70, 0x00, 0x03, 0xFF, 0xFF, 0x03,
    0x9F, 0xFF, 0xF8, 0x1C, 0x01, 0xE0, 0x00, 0xE0, 0x0F, 0x00, 0x07, 0x00, 0x70, 0x00, 0x78, 0x03,
    0x80, 0x03, 0x80, 0x1C, 0x00, 0x1C, 0x01, 0xE0, 0x00, 0xE0, 0x0F, 0x00, 0x07, 0x00, 0x70, 0x00,
    0x78, 0x03, 0x80, 0x03, 0x80, 0x1C, 0x00, 0x1C, 0x01, 0xE0, 0x00, 0xE0, 0x0F, 0x00, 0x07, 0x00,
    0x70, 0x00, 0x78, 0x03, 0x80, 0x03, 0x80, 0x1C, 0x00, 0x1C, 0x01, 0xE0, 0x00, 0xE0, 0x0F, 0x00,
    0x07, 0x00, 0x70, 0x00, 0x78, 0x03, 0x80, 0x03, 0xC0, 0x1F, 0xFF, 0xFF, 0xC1, 0xFF, 0xFF, 0xFE,
    0x00, 0x00, 0x00, 0xF0, 0x00, 0x00, 0x07, 0x00, 0x00, 0x00, 0x38, 0x00, 0x00, 0x01, 0xC0, 0x00,
    0x00, 0x0E, 0x00, 0x00, 0x00, 0x60, 0x7F, 0xFE, 0x1F, 0xFF, 0xFC, 0x7F, 0xFF, 0xE1, 0xC0, 0xF0,
    0x07, 0x03, 0x80, 0x38, 0x0E, 0x00, 0xE0, 0x38, 0x03, 0x80, 0xE0, 0x0E, 0x07, 0x80, 0x38, 0x1C,
    0x01, 0xC0, 0x70, 0x07, 0x01, 0xC0, 0x1C, 0x07, 0x00, 0x70, 0x3C, 0x01, 0xC0, 0xE0, 0x0E, 0x03,
    0x80, 0x38, 0x0F, 0xFF, 0xFC, 0x3F, 0xFF, 0xE0, 0x00, 0x03, 0x80, 0x00, 0x0E, 0x00, 0x00, 0x38,
    0x00, 0x00, 0xE0, 0x00, 0x00, 0x00, 0xE0, 0x00, 0xE3, 0x80, 0x03, 0x8E, 0x00, 0x0E, 0x38, 0x00,
    0x38, 0xE0, 0x01, 0xE7, 0x00, 0x07, 0x1C, 0x00, 0x1C, 0x70, 0x00, 0x71, 0xC0, 0x01, 0xC7, 0x00,
    0x0F, 0x1C, 0x00, 0x38, 0x78, 0x01, 0xE0, 0xFC, 0xFF, 0x81, 0xFF, 0xFE, 0x03, 0xFF, 0x78, 0x00,
    0x01, 0xC0, 0x00, 0x07, 0x00, 0x00, 0x1C, 0x00, 0x00, 0x70, 0x00, 0x03, 0xC0, 0x00, 0x0E, 0x00,
    0x00, 0x3F, 0x80, 0x00, 0xFE, 0x00, 0x00, 0x70, 0x00, 0x01, 0xC0, 0x00, 0x07, 0x00, 0x00, 0x1C,
    0x00, 0x00, 0x70, 0x00, 0x01, 0x80, 0x38, 0x01, 0x8E, 0x00, 0xE7, 0x80, 0x39, 0xC0, 0x0E, 0x70,
    0x03, 0x9C, 0x01, 0xE7, 0x00, 0x71, 0xC0, 0x1C, 0x70, 0x07, 0x1E, 0x0F, 0xC7, 0xFF, 0xF0, 0x7F,
    0xF8, 0x00, 0x0E, 0x00, 0x03, 0x80, 0x00, 0xE0, 0x00, 0x78, 0x00, 0x1F, 0x80, 0x07, 0xE0, 0x00,
    0x38, 0x00, 0x0E, 0x00, 0x07, 0x00, 0x01, 0xC0, 0x00, 0x00, 0x00, 0xE0, 0x00, 0xE3, 0x80, 0x03,
    0x8E, 0x00, 0x0E, 0x38, 0x00, 0x38, 0xE0, 0x01, 0xE7, 0x00, 0x07, 0x1C, 0x00, 0x1C, 0x70, 0x00,
    0x71, 0xC1, 0x81, 0xC7, 0x0E, 0x0F, 0x1C, 0x38, 0x38, 0x78, 0xE1, 0xE0, 0xFF, 0xFF, 0x81, 0xFF,
    0xFE, 0x03, 0xFF, 0x78, 0x01, 0xC1, 0xC0, 0x07, 0x07, 0x00, 0x18, 0x1C, 0x00, 0x60, 0x70, 0x01,
    0x83, 0xC0, 0x00, 0x0E, 0x00, 0x00, 0x38, 0x00, 0x00, 0xE0, 0x38, 0x01, 0x8E, 0x00, 0xE7, 0x80,
    0x39, 0xC0, 0x0E, 0x70, 0x03, 0x9C, 0x01, 0xE7, 0x0C, 0x71, 0xC7, 0x1C, 0x71, 0xC7, 0x1E, 0x7F,
    0xC7, 0xFF, 0xF0, 0x7F, 0xF8, 0x03, 0x8E, 0x00, 0xE3, 0x80, 0x30, 0xE0, 0x0C, 0x78, 0x00, 0x1C,
    0x00, 0x07, 0x00, 0x00, 0x00, 0x00, 0x70, 0x00, 0x03, 0x80, 0x00, 0x1C, 0x00, 0x00, 0xE0, 0x00,
    0x0F, 0x00, 0x00, 0x70, 0x00, 0x03, 0x80, 0x00, 0x1C, 0x08, 0x00, 0xEF, 0xFC, 0x0F, 0xFF, 0xF8,
    0x7F, 0xC7, 0xE3, 0xC0, 0x0F, 0x1C, 0x00, 0x38, 0xE0, 0x01, 0xCF, 0x00, 0x0E, 0x70, 0x00, 0x73,
    0x80, 0x03, 0x9C, 0x00, 0x1C, 0xE0, 0x00, 0xEF, 0x00, 0x0F, 0x70, 0x00, 0x73, 0x80, 0x03, 0x9C,
    0x00, 0x1C, 0x07, 0x00, 0x00, 0x70, 0x00, 0x07, 0x00, 0x00, 0x70, 0x00, 0x0E, 0x00, 0x00, 0xE0,
    0x00, 0x0E, 0x00, 0x00, 0xE3, 0xE0, 0x0F, 0xFF, 0x81, 0xFF, 0xFC, 0x1F, 0x83, 0xE1, 0xE0, 0x1E,
    0x1C, 0x00, 0xE1, 0xC0, 0x0E, 0x3C, 0x00, 0xE3, 0x80, 0x0E, 0x38, 0x00, 0xE3, 0x80, 0x1C, 0x38,
    0x01, 0xC7, 0x00, 0x1C, 0x70, 0x01, 0xC7, 0x00, 0x1C, 0x70, 0x03, 0x87, 0x00, 0x38, 0xE0, 0x03,
    0x80, 0x00, 0x00, 0x7C, 0x00, 0x00, 0x0F, 0xFE, 0x00, 0x00, 0xFF, 0xFC, 0x00, 0x07, 0xE0, 0xF8,
    0x00, 0x7C, 0x00, 0xF1, 0xC1, 0xE0, 0x01, 0xE7, 0x0F, 0x00, 0x03, 0xBC, 0x78, 0x00, 0x0E, 0xE1,
    0xC0, 0x00, 0x1F, 0x8F, 0x00, 0x00, 0x7E, 0x38, 0x00, 0x01, 0xFF, 0xFF, 0xFF, 0xFF, 0x7F, 0xFF,
    0xFF, 0xFC, 0xFF, 0xFF, 0xFF, 0xE0, 0x78, 0x00, 0x00, 0x01, 0xE0, 0x00, 0x00, 0x03, 0x80, 0x00,
    0x00, 0x0E, 0x00, 0x00, 0x00, 0x3C, 0x00, 0x00, 0x00, 0x78, 0x00, 0x60, 0x01, 0xF0, 0x03, 0xC0,
    0x03, 0xF8, 0xFE, 0x00, 0x07, 0xFF, 0xF0, 0x00, 0x07, 0xFF, 0x00, 0x00, 0x01, 0xC0, 0x00, 0x00,
    0x0F, 0x80, 0x00, 0xFF, 0xE0, 0x03, 0xFF, 0xE0, 0x0F, 0x01, 0xE7, 0x3C, 0x01, 0xDC, 0x70, 0x03,
    0xF9, 0xC0, 0x03, 0xF3, 0x80, 0x07, 0xFF, 0xFF, 0xFE, 0xFF, 0xFF, 0xFC, 0x38, 0x00, 0x00, 0x78,
    0x00, 0x00, 0x70, 0x00, 0x00, 0xE0, 0x00, 0x01, 0xE0, 0x0C, 0x01, 0xF0, 0xF8, 0x01, 0xFF, 0xF0,
    0x01, 0xFF, 0x80, 0x00, 0x30, 0x00, 0x00, 0x00, 0x7C, 0x00, 0x00, 0x0F, 0xFE, 0x00, 0x00, 0xFF,
    0xFC, 0x00, 0x07, 0xE0, 0xF8, 0x00, 0x7C, 0x00, 0xF1, 0xC1, 0xE0, 0x01, 0xE7, 0x0F, 0x00, 0x03,
    0xBC, 0x78, 0x00, 0x0E, 0xE1, 0xC0, 0x00, 0x1F, 0x8F, 0x00, 0x00, 0x7E, 0x38, 0x00, 0x01, 0xFF,
    0xFF, 0xFF, 0xFF, 0x7F, 0xFF, 0xFF, 0xFC, 0xFF, 0xFF, 0xFF, 0xE0, 0x78, 0x00, 0x00, 0x01, 0xE0,
    0x00, 0x00, 0x03, 0x80, 0x00, 0x00, 0x0E, 0x00, 0x00, 0x00, 0x3C, 0x00, 0x00, 0x00, 0x78, 0x00,
    0x60, 0x01, 0xF0, 0x03, 0xC0, 0x03, 0xF8, 0xFE, 0x00, 0x07, 0xFF, 0xF0, 0x00, 0x07, 0xFF, 0x00,
    0x00, 0x03, 0xC0, 0x00, 0x00, 0x0E, 0x00, 0x00, 0x00, 0x38, 0x00, 0x00, 0x01, 0xE0, 0x00, 0x00,
    0x07, 0x00, 0x00, 0x00, 0x0C, 0x00, 0x00, 0x00, 0x0F, 0x80, 0x00, 0xFF, 0xE0, 0x03, 0xFF, 0xE0,
    0x0F, 0x01, 0xE7, 0x3C, 0x01, 0xDC, 0x70, 0x03, 0xF9, 0xC0, 0x03, 0xF3, 0x80, 0x07, 0xFF, 0xFF,
    0xFE, 0xFF, 0xFF, 0xFC, 0x38, 0x00, 0x00, 0x78, 0x00, 0x00, 0x70, 0x00, 0x00, 0xE0, 0x00, 0x01,
    0xE0, 0x0C, 0x01, 0xF0, 0xF8, 0x01, 0xFF, 0xF0, 0x01, 0xFF, 0x80, 0x00, 0x70, 0x00, 0x00, 0xC0,
    0x00, 0x03, 0x80, 0x00, 0x07, 0x00, 0x00, 0x00, 0x0E, 0x0E, 0x0E, 0x0E, 0x1E, 0x1C, 0x1C, 0x1C,
    0x1C, 0x3C, 0x38, 0x38, 0x38, 0x38, 0x78, 0x70, 0x70, 0x70, 0x70, 0xF0, 0xE0, 0xE0, 0xE0, 0x00,
    0x00, 0x00, 0x00, 0x00, 0x00, 0x0E, 0x06, 0x00, 0x00, 0x00, 0xE0, 0xE0, 0x00, 0x00, 0x07, 0xFC,
    0x00, 0x00, 0x00, 0x3F, 0x80, 0x00, 0x00, 0x00, 0xC0, 0x00, 0x00, 0x00, 0x00, 0x00, 0x00, 0x78,
    0x01, 0xC0, 0x0F, 0x03, 0x80, 0x1C, 0x01, 0xE0, 0x38, 0x01, 0xC0, 0x1C, 0x01, 0xC0, 0x38, 0x03,
    0x80, 0x1C, 0x03, 0x80, 0x70, 0x01, 0xE0, 0x38, 0x0F, 0x00, 0x0E, 0x03, 0x81, 0xE0, 0x00, 0xF0,
    0x38, 0x3C, 0x00, 0x07, 0x07, 0x07, 0x80, 0x00, 0x78, 0x70, 0x70, 0x00, 0x03, 0xFF, 0xFE, 0x00,
    0x00, 0x3F, 0xFF, 0xE0, 0x00, 0x07, 0xFF, 0xFE, 0x00, 0x00, 0xF0, 0xE0, 0xF0, 0x00, 0x1E, 0x0E,
    0x07, 0x00, 0x03, 0xC0, 0xE0, 0x78, 0x00, 0x78, 0x0E, 0x03, 0x80, 0x0F, 0x00, 0xE0, 0x3C, 0x01,
    0xE0, 0x1C, 0x01, 0xC0, 0x1C, 0x01, 0xC0, 0x1E, 0x03, 0xC0, 0x1C, 0x01, 0xE0, 0x78, 0x01, 0xC0,
    0x0F, 0x0F, 0x00, 0x1C, 0x00, 0xF0, 0x00, 0x00, 0x00, 0x00, 0x00, 0x0E, 0x0E, 0x00, 0x00, 0x1C,
    0x1C, 0x00, 0x00, 0x1F, 0xF0, 0x00, 0x00, 0x1F, 0xC0, 0x00, 0x00, 0x0C, 0x00, 0x00, 0x00, 0x00,
    0x00, 0x03, 0x80, 0x70, 0x0E, 0x07, 0x00, 0xE0, 0x3C, 0x0F, 0x03, 0xC0, 0xF0, 0x0E, 0x07, 0x03,
    0xC0, 0x1E, 0x0E, 0x07, 0x00, 0x1C, 0x1C, 0x1C, 0x00, 0x38, 0x38, 0x70, 0x00, 0x38, 0xF1, 0xC0,
    0x00, 0x7F, 0xFF, 0x80, 0x00, 0xFF, 0xFE, 0x00, 0x03, 0xFF, 0xFC, 0x00, 0x0F, 0x0E, 0x1C, 0x00,
    0x3C, 0x3C, 0x3C, 0x00, 0xF0, 0x70, 0x38, 0x03, 0xC0, 0xE0, 0x78, 0x07, 0x01, 0xC0, 0x70, 0x1E,
    0x03, 0x80, 0xF0, 0x78, 0x0F, 0x00, 0xE0, 0x00, 0x00, 0x00, 0x1C, 0x00, 0x3C, 0x38, 0x00, 0xF0,
    0x70, 0x03, 0xC0, 0xE0, 0x0F, 0x03, 0xC0, 0x3C, 0x07, 0x00, 0xF0, 0x0E, 0x03, 0xC0, 0x1C, 0x0F,
    0x00, 0x38, 0x3C, 0x00, 0xF0, 0xF0, 0x01, 0xFF, 0xC0, 0x03, 0xFF, 0x80, 0x07, 0xFF, 0x80, 0x0E,
    0x0F, 0x00, 0x3C, 0x0F, 0x00, 0x70, 0x0F, 0x00, 0xE0, 0x0E, 0x01, 0xC0, 0x1E, 0x03, 0x80, 0x1C,
    0x0F, 0x00, 0x3C, 0x1C, 0x00, 0x38, 0x38, 0x00, 0x70, 0x70, 0x00, 0xF0, 0x00, 0x01, 0xE0, 0x00,
    0x03, 0xC0, 0x00, 0x07, 0x00, 0x00, 0x1E, 0x00, 0x07, 0xF8, 0x00, 0x1F, 0xE0, 0x00, 0x0F, 0x80,
    0x00, 0x0C, 0x00, 0xE0, 0xE0, 0x1E, 0x1C, 0x03, 0xC1, 0xC0, 0x78, 0x1C, 0x0F, 0x01, 0xC1, 0xE0,
    0x1C, 0x3C, 0x03, 0x87, 0x80, 0x3F, 0xF0, 0x03, 0xFE, 0x00, 0x3F, 0xF0, 0x03, 0x87, 0x80, 0x70,
    0x3C, 0x07, 0x01, 0xC0, 0x70, 0x1E, 0x07, 0x00, 0xE0, 0x70, 0x0E, 0x0E, 0x00, 0xF0, 0x00, 0x07,
    0x00, 0x00, 0x70, 0x00, 0x0E, 0x00, 0x01, 0xE0, 0x03, 0xFC, 0x00, 0x3F, 0xC0, 0x01, 0xF0, 0x00,
    0x00, 0x00, 0x00, 0x00, 0x03, 0xFF, 0xFC, 0x00, 0xFF, 0xFF, 0x80, 0x1C, 0x00, 0x70, 0x03, 0x80,
    0x1E, 0x00, 0x70, 0x03, 0x80, 0x0C, 0x00, 0x70, 0x03, 0x80, 0x0E, 0x00, 0x70, 0x01, 0xC0, 0x0E,
    0x00, 0x78, 0x01, 0xC0, 0x0E, 0x00, 0x70, 0x01, 0xC0, 0x0E, 0x00, 0x38, 0x01, 0xC0, 0x07, 0x00,
    0x38, 0x01, 0xE0, 0x0E, 0x00, 0x38, 0x01, 0xC0, 0x07, 0x00, 0x78, 0x00, 0xE0, 0x0E, 0x00, 0x1C,
    0x03, 0xC0, 0x07, 0x80, 0x70, 0x00, 0xE0, 0x3E, 0x00, 0x1C, 0x1F, 0x80, 0x03, 0xF7, 0xE0, 0x00,
    0x7E, 0x20, 0x00, 0x03, 0x80, 0x00, 0x00, 0x70, 0x00, 0x00, 0x1C, 0x00, 0x00, 0x03, 0x80, 0x00,
    0x00, 0xE0, 0x00, 0x00, 0x08, 0x00, 0x00, 0xFF, 0xF8, 0x03, 0xFF, 0xE0, 0x0F, 0xFF, 0x80, 0x70,
    0x0E, 0x01, 0xC0, 0x38, 0x07, 0x00, 0xE0, 0x1C, 0x07, 0x00, 0xE0, 0x1C, 0x03, 0x80, 0x70, 0x0E,
    0x01, 0xC0, 0x38, 0x07, 0x01, 0xC0, 0x38, 0x07, 0x00, 0xE0, 0x38, 0x03, 0x80, 0xE0, 0x0E, 0x07,
    0x80, 0x38, 0xFC, 0x01, 0xFB, 0xE0, 0x07, 0xE6, 0x00, 0x07, 0x00, 0x00, 0x1C, 0x00, 0x00, 0xE0,
    0x00, 0x03, 0x80, 0x00, 0x00, 0x00, 0x0E, 0x00, 0x07, 0x0E, 0x00, 0x07, 0x0E, 0x00, 0x07, 0x0E,
    0x00, 0x0F, 0x1E, 0x00, 0x0E, 0x1C, 0x00, 0x0E, 0x1C, 0x00, 0x0E, 0x1C, 0x00, 0x0E, 0x1C, 0x00,
    0x1E, 0x3C, 0x00, 0x1C, 0x3F, 0xFF, 0xFC, 0x3F, 0xFF, 0xFC, 0x3F, 0xFF, 0xFC, 0x38, 0x00, 0x3C,
    0x78, 0x00, 0x38, 0x70, 0x00, 0x38, 0x70, 0x00, 0x38, 0x70, 0x00, 0x38, 0x70, 0x00, 0x78, 0xF0,
    0x00, 0x70, 0xE0, 0x00, 0x70, 0xE0, 0x00, 0x70, 0xE0, 0x00, 0x70, 0x00, 0x00, 0xF0, 0x00, 0x00,
    0xE0, 0x00, 0x00, 0xE0, 0x00, 0x01, 0xE0, 0x00, 0x3F, 0xC0, 0x00, 0x7F, 0x80, 0x00, 0x1E, 0x00,
    0x0C, 0x00, 0x70, 0xE0, 0x07, 0x1C, 0x00, 0x71, 0xC0, 0x07, 0x1C, 0x00, 0xE1, 0xC0, 0x0E, 0x1C,
    0x00, 0xE3, 0x80, 0x0E, 0x3F, 0xFF, 0xE3, 0xFF, 0xFC, 0x3F, 0xFF, 0xC3, 0x80, 0x1C, 0x70, 0x01,
    0xC7, 0x00, 0x1C, 0x70, 0x03, 0x87, 0x00, 0x38, 0x70, 0x03, 0x8E, 0x00, 0x38, 0x00, 0x03, 0x80,
    0x00, 0x70, 0x00, 0x07, 0x00, 0x00, 0xF0, 0x01, 0xFE, 0x00, 0x3F, 0xC0, 0x00, 0xF8, 0x00, 0x00,
    0x00, 0x00, 0x07, 0x00, 0x03, 0x83, 0x80, 0x01, 0xC1, 0xC0, 0x00, 0xE0, 0xE0, 0x00, 0x70, 0xF0,
    0x00, 0x78, 0x70, 0x00, 0x38, 0x38, 0x00, 0x1C, 0x1C, 0x00, 0x0E, 0x0E, 0x00, 0x07, 0x0F, 0x00,
    0x07, 0x87, 0xFF, 0xFF, 0x83, 0xFF, 0xFF, 0xC1, 0xFF, 0xFF, 0xE0, 0xE0, 0x00, 0x70, 0xF0, 0x00,
    0x78, 0x70, 0x00, 0x38, 0x38, 0x00, 0x1C, 0x1C, 0x00, 0x0E, 0x0E, 0x00, 0x07, 0x0F, 0x00, 0x07,
    0x87, 0x00, 0x03, 0x83, 0x80, 0x01, 0xF9, 0xC0, 0x00, 0xFC, 0x00, 0x00, 0x1C, 0x00, 0x00, 0x0E,
    0x00, 0x00, 0x0E, 0x00, 0x00, 0x07, 0x00, 0x00, 0x07, 0x00, 0x00, 0x01, 0x00, 0x0C, 0x00, 0x70,
    0xE0, 0x07, 0x1C, 0x00, 0x71, 0xC0, 0x0E, 0x1C, 0x00, 0xE1, 0xC0, 0x0E, 0x1C, 0x00, 0xE3, 0x80,
    0x0E, 0x3F, 0xFF, 0xC3, 0xFF, 0xFC, 0x3F, 0xFF, 0xC3, 0x80, 0x1C, 0x70, 0x01, 0xC7, 0x00, 0x38,
    0x70, 0x03, 0x87, 0x00, 0x38, 0x70, 0x03, 0xFE, 0x00, 0x3E, 0x00, 0x00, 0xE0, 0x00, 0x1C, 0x00,
    0x01, 0xC0, 0x00, 0x38, 0x00, 0x00, 0x01, 0xC0, 0x01, 0xCE, 0x00, 0x0E, 0x70, 0x00, 0x73, 0x80,
    0x07, 0xBC, 0x00, 0x39, 0xC0, 0x01, 0xCE, 0x00, 0x0E, 0x70, 0x00, 0x73, 0x80, 0x07, 0x9C, 0x00,
    0x38, 0xF0, 0x01, 0xC7, 0xC0, 0x7E, 0x1F, 0xFF, 0xF0, 0x7F, 0xFF, 0x80, 0xFF, 0x38, 0x00, 0x01,
    0xC0, 0x00, 0x0E, 0x00, 0x00, 0x70, 0x00, 0x07, 0x80, 0x00, 0x38, 0x00, 0x01, 0xC0, 0x00, 0xFE,
    0x00, 0x07, 0xF0, 0x00, 0x38, 0x00, 0x03, 0x80, 0x00, 0x1C, 0x00, 0x00, 0xE0, 0x00, 0x07, 0x00,
    0x00, 0x30, 0x00, 0x38, 0x01, 0x8E, 0x00, 0xE7, 0x80, 0x39, 0xC0, 0x0E, 0x70, 0x03, 0x9C, 0x01,
    0xC7, 0x00, 0x71, 0xC0, 0x1C, 0x70, 0x0F, 0x1F, 0xFF, 0xC3, 0xFF, 0xE0, 0x7F, 0xB8, 0x00, 0x0E,
    0x00, 0x03, 0x80, 0x00, 0xE0, 0x00, 0x70, 0x00, 0xFC, 0x00, 0x3F, 0x00, 0x0E, 0x00, 0x03, 0x80,
    0x01, 0xC0, 0x00, 0x70, 0x00, 0x00, 0x00, 0x00, 0x00, 0x70, 0x00, 0x01, 0xC3, 0xC0, 0x00, 0x1E,
    0x1E, 0x00, 0x01, 0xF0, 0xF8, 0x00, 0x1F, 0x0F, 0xC0, 0x00, 0xF8, 0x7E, 0x00, 0x0F, 0xC3, 0xB8,
    0x00, 0xFE, 0x1D, 0xC0, 0x0F, 0x70, 0xEF, 0x00, 0x77, 0x0F, 0x38, 0x07, 0x38, 0x71, 0xC0, 0x71,
    0xC3, 0x87, 0x07, 0x8E, 0x1C, 0x38, 0x38, 0x70, 0xE1, 0xC3, 0x87, 0x0F, 0x07, 0x38, 0x38, 0x70,
    0x3B, 0xC1, 0xC3, 0x80, 0xFC, 0x0E, 0x1C, 0x07, 0xC0, 0x70, 0xE0, 0x3C, 0x07, 0x0F, 0x00, 0xC0,
    0x38, 0x70, 0x00, 0x01, 0xC3, 0x80, 0x00, 0x0F, 0xDC, 0x00, 0x00, 0xFE, 0x00, 0x00, 0x00, 0xE0,
    0x00, 0x00, 0x07, 0x00, 0x00, 0x00, 0x70, 0x00, 0x00, 0x03, 0x00, 0x00, 0x00, 0x38, 0x00, 0x00,
    0x01, 0x80, 0x0E, 0x00, 0x07, 0x0E, 0x00, 0x0F, 0x1E, 0x00, 0x1E, 0x1F, 0x00, 0x1E, 0x1F, 0x00,
    0x3E, 0x1F, 0x80, 0x7E, 0x1B, 0x80, 0xEE, 0x3B, 0x81, 0xCC, 0x39, 0xC1, 0xDC, 0x39, 0xC3, 0x9C,
    0x38, 0xE7, 0x1C, 0x30, 0xEE, 0x1C, 0x70, 0xFC, 0x18, 0x70, 0x7C, 0x38, 0x70, 0x78, 0x38, 0x70,
    0x30, 0x38, 0x60, 0x00, 0x3F, 0xE0, 0x00, 0x3E, 0x00, 0x00, 0x0E, 0x00, 0x00, 0x1C, 0x00, 0x00,
    0x1C, 0x00, 0x00, 0x38, 0x07, 0x07, 0x07, 0x0F, 0x0E, 0x0E, 0x0E, 0x0E, 0x1E, 0x1C, 0x1C, 0x1C,
    0x1C, 0x3C, 0x38, 0x38, 0x38, 0x38, 0x78, 0x70, 0x70, 0x70, 0x70, 0x70, 0xE0, 0x00, 0x00, 0x00,
    0x00, 0x03, 0x03, 0x80, 0x01, 0x81, 0x80, 0x00, 0xFF, 0xC0, 0x00, 0x3F, 0xC0, 0x00, 0x03, 0x00,
    0x00, 0x00, 0x00, 0x00, 0x03, 0xC0, 0x00, 0x03, 0xE0, 0x00, 0x01, 0xF0, 0x00, 0x01, 0xDC, 0x00,
    0x00, 0xEE, 0x00, 0x00, 0xE7, 0x00, 0x00, 0xE3, 0x80, 0x00, 0x70, 0xE0, 0x00, 0x70, 0x70, 0x00,
    0x78, 0x38, 0x00, 0x38, 0x1C, 0x00, 0x38, 0x07, 0x00, 0x3C, 0x03, 0x80, 0x1C, 0x01, 0xC0, 0x1F,
    0xFF, 0xE0, 0x1F, 0xFF, 0xF8, 0x0F, 0xFF, 0xFC, 0x0E, 0x00, 0x0E, 0x0F, 0x00, 0x07, 0x87, 0x00,
    0x01, 0xC7, 0x00, 0x00, 0xE7, 0x80, 0x00, 0x73, 0x80, 0x00, 0x3C, 0x00, 0x00, 0x00, 0x06, 0x06,
    0x00, 0x38, 0x70, 0x01, 0xFF, 0x00, 0x07, 0xF0, 0x00, 0x04, 0x00, 0x00, 0x00, 0x00, 0x1F, 0x06,
    0x07, 0xFE, 0x70, 0x7F, 0xFB, 0x87, 0xC1, 0xFC, 0x78, 0x03, 0xE3, 0x80, 0x1F, 0x38, 0x00, 0x71,
    0xC0, 0x03, 0x8E, 0x00, 0x1C, 0xE0, 0x00, 0xE7, 0x00, 0x07, 0x38, 0x00, 0x71, 0xE0, 0x03, 0x87,
    0x00, 0x3C, 0x3C, 0x03, 0xE0, 0xF8, 0x7F, 0x03, 0xFF, 0xF0, 0x0F, 0xFB, 0x80, 0x0C, 0x00, 0x00,
    0x00, 0x03, 0x0C, 0x00, 0x03, 0xCF, 0x00, 0x01, 0xE7, 0x80, 0x00, 0x01, 0x00, 0x00, 0x00, 0x00,
    0x00, 0x00, 0x00, 0x00, 0x07, 0x80, 0x00, 0x07, 0xC0, 0x00, 0x03, 0xE0, 0x00, 0x03, 0xB8, 0x00,
    0x01, 0xDC, 0x00, 0x01, 0xCE, 0x00, 0x01, 0xC7, 0x00, 0x00, 0xE1, 0xC0, 0x00, 0xE0, 0xE0, 0x00,
    0xF0, 0x70, 0x00, 0x70, 0x38, 0x00, 0x70, 0x0E, 0x00, 0x78, 0x07, 0x00, 0x38, 0x03, 0x80, 0x3F,
    0xFF, 0xC0, 0x3F, 0xFF, 0xF0, 0x1F, 0xFF, 0xF8, 0x1C, 0x00, 0x1C, 0x1E, 0x00, 0x0F, 0x0E, 0x00,
    0x03, 0x8E, 0x00, 0x01, 0xCF, 0x00, 0x00, 0xE7, 0x00, 0x00, 0x78, 0x00, 0x61, 0x80, 0x07, 0x9E,
    0x00, 0x38, 0xE0, 0x00, 0x82, 0x00, 0x00, 0x00, 0x00, 0x00, 0x00, 0x03, 0xE0, 0xC0, 0xFF, 0xCE,
    0x0F, 0xFF, 0x70, 0xF8, 0x3F, 0x8F, 0x00, 0x7C, 0x70, 0x03, 0xE7, 0x00, 0x0E, 0x38, 0x00, 0x71,
    0xC0, 0x03, 0x9C, 0x00, 0x1C, 0xE0, 0x00, 0xE7, 0x00, 0x0E, 0x3C, 0x00, 0x70, 0xE0, 0x07, 0x87,
    0x80, 0x7C, 0x1F, 0x0F, 0xE0, 0x7F, 0xFE, 0x01, 0xFF, 0x70, 0x01, 0x80, 0x00, 0x00, 0x00, 0x04,
    0x00, 0x00, 0x00, 0x01, 0xFF, 0xFF, 0xC0, 0x00, 0x1F, 0xFF, 0xFE, 0x00, 0x00, 0xFC, 0x00, 0x00,
    0x00, 0x0E, 0xE0, 0x00, 0x00, 0x00, 0xF7, 0x00, 0x00, 0x00, 0x0F, 0x78, 0x00, 0x00, 0x00, 0xF3,
    0x80, 0x00, 0x00, 0x07, 0x1C, 0x00, 0x00, 0x00, 0x70, 0xE0, 0x00, 0x00, 0x07, 0x87, 0x00, 0x00,
    0x00, 0x78, 0x7F, 0xFF, 0x80, 0x07, 0x83, 0xFF, 0xF8, 0x00, 0x38, 0x1F, 0xFF, 0xC0, 0x03, 0x80,
    0xE0, 0x00, 0x00, 0x3F, 0xFF, 0x00, 0x00, 0x03, 0xFF, 0xF8, 0x00, 0x00, 0x3F, 0xFF, 0x80, 0x00,
    0x01, 0xC0, 0x1C, 0x00, 0x00, 0x1C, 0x00, 0xE0, 0x00, 0x01, 0xE0, 0x07, 0x00, 0x00, 0x1E, 0x00,
    0x78, 0x00, 0x01, 0xE0, 0x03, 0xFF, 0xFE, 0x0E, 0x00, 0x1F, 0xFF, 0xF0, 0x01, 0xF0, 0x0F, 0x80,
    0x1F, 0xF8, 0x7F, 0xC0, 0xFF, 0xFB, 0xFF, 0xE1, 0xE0, 0x7F, 0x83, 0xC1, 0x00, 0x7C, 0x01, 0xC0,
    0x00, 0xF0, 0x03, 0x80, 0x01, 0xE0, 0x07, 0x00, 0x03, 0x80, 0x07, 0x1F, 0xFF, 0xFF, 0xFE, 0x7F,
    0xFF, 0xFF, 0xF9, 0xE0, 0x3C, 0x00, 0x07, 0x00, 0x78, 0x00, 0x0E, 0x00, 0xF0, 0x00, 0x1C, 0x03,
    0xE0, 0x00, 0x38, 0x0F, 0xE0, 0x0C, 0x78, 0x3D, 0xF0, 0xF8, 0x7F, 0xF1, 0xFF, 0xE0, 0x7F, 0xC1,
    0xFF, 0x80, 0x18, 0x00, 0x30, 0x00, 0x00, 0x00, 0x00, 0x07, 0x03, 0x00, 0x38, 0x38, 0x00, 0xFF,
    0x80, 0x03, 0xF8, 0x00, 0x06, 0x00, 0x00, 0x00, 0x01, 0xFF, 0xFF, 0x0F, 0xFF, 0xF8, 0x70, 0x00,
    0x03, 0x80, 0x00, 0x3C, 0x00, 0x01, 0xC0, 0x00, 0x0E, 0x00, 0x00, 0x70, 0x00, 0x03, 0x80, 0x00,
    0x3C, 0x00, 0x01, 0xFF, 0xFC, 0x0F, 0xFF, 0xE0, 0x7F, 0xFF, 0x03, 0x80, 0x00, 0x3C, 0x00, 0x01,
    0xC0, 0x00, 0x0E, 0x00, 0x00, 0x70, 0x00, 0x03, 0x80, 0x00, 0x3C, 0x00, 0x01, 0xE0, 0x00, 0x0F,
    0xFF, 0xF8, 0x7F, 0xFF, 0xC0, 0x00, 0x00, 0x00, 0x60, 0x60, 0x18, 0x38, 0x07, 0xFC, 0x00, 0xFE,
    0x00, 0x04, 0x00, 0x00, 0x00, 0x03, 0xE0, 0x07, 0xFE, 0x03, 0xFF, 0xC1, 0xE0, 0x78, 0xF0, 0x0F,
    0x38, 0x01, 0xDC, 0x00, 0x77, 0x00, 0x1D, 0xFF, 0xFF, 0xFF, 0xFF, 0xF8, 0x00, 0x0E, 0x00, 0x03,
    0xC0, 0x00, 0x70, 0x00, 0x1E, 0x01, 0x83, 0xE1, 0xF0, 0x7F, 0xF8, 0x0F, 0xFC, 0x00, 0x30, 0x00,
    0x00, 0x0F, 0x80, 0x00, 0x7F, 0xF8, 0x00, 0xFF, 0xFF, 0x00, 0xFC, 0x1F, 0xC0, 0x78, 0x01, 0xE0,
    0x10, 0x00, 0x78, 0x00, 0x00, 0x1C, 0x00, 0x00, 0x0F, 0x00, 0x00, 0x03, 0x80, 0x00, 0x01, 0xC0,
    0x00, 0x00, 0xEF, 0xFF, 0xFF, 0xF7, 0xFF, 0xFF, 0xFF, 0xFF, 0xFF, 0xFF, 0x80, 0x00, 0x1D, 0xE0,
    0x00, 0x0E, 0xF0, 0x00, 0x0F, 0x38, 0x00, 0x07, 0x1C, 0x00, 0x07, 0x8F, 0x00, 0x07, 0x83, 0xC0,
    0x0F, 0x80, 0xFC, 0x1F, 0x80, 0x3F, 0xFF, 0x80, 0x07, 0xFF, 0x00, 0x00, 0x38, 0x00, 0x00, 0x01,
    0xF0, 0x03, 0xFF, 0x81, 0xFF, 0xF0, 0xF0, 0x3E, 0x10, 0x03, 0x80, 0x00, 0xF0, 0x00, 0x1C, 0x00,
    0x07, 0xFF, 0xFF, 0xFF, 0xFF, 0xFF, 0xFF, 0xFF, 0x80, 0x0E, 0xE0, 0x03, 0xB8, 0x01, 0xC7, 0x00,
    0xF1, 0xF0, 0xF8, 0x3F, 0xFC, 0x03, 0xFC, 0x00, 0x18, 0x00, 0x00, 0x0E, 0x30, 0x00, 0x07, 0x1C,
    0x00, 0x03, 0x8E, 0x00, 0x00, 0x82, 0x00, 0x00, 0x00, 0x00, 0x00, 0x7C, 0x00, 0x03, 0xFF, 0xC0,
    0x07, 0xFF, 0xF8, 0x07, 0xE0, 0xFE, 0x03, 0xC0, 0x0F, 0x00, 0x80, 0x03, 0xC0, 0x00, 0x00, 0xE0,
    0x00, 0x00, 0x78, 0x00, 0x00, 0x1C, 0x00, 0x00, 0x0E, 0x00, 0x00, 0x07, 0x7F, 0xFF, 0xFF, 0xBF,
    0xFF, 0xFF, 0xFF, 0xFF, 0xFF, 0xFC, 0x00, 0x00, 0xEF, 0x00, 0x00, 0x77, 0x80, 0x00, 0x79, 0xC0,
    0x00, 0x38, 0xE0, 0x00, 0x3C, 0x78, 0x00, 0x3C, 0x1E, 0x00, 0x7C, 0x07, 0xE0, 0xFC, 0x01, 0xFF,
    0xFC, 0x00, 0x3F, 0xF8, 0x00, 0x01, 0xC0, 0x00, 0x00, 0xC3, 0x00, 0x79, 0xC0, 0x1C, 0x70, 0x02,
    0x08, 0x00, 0x00, 0x00, 0x00, 0x00, 0x1F, 0x00, 0x3F, 0xF8, 0x1F, 0xFF, 0x0F, 0x03, 0xE1, 0x00,
    0x38, 0x00, 0x0F, 0x00, 0x01, 0xC0, 0x00, 0x7F, 0xFF, 0xFF, 0xFF, 0xFF, 0xFF, 0xFF, 0xF8, 0x00,
    0xEE, 0x00, 0x3B, 0x80, 0x1C, 0x70, 0x0F, 0x1F, 0x0F, 0x83, 0xFF, 0xC0, 0x3F, 0xC0, 0x01, 0x80,
    0x00, 0x00, 0x00, 0x71, 0xC0, 0x00, 0x00, 0x07, 0x1C, 0x00, 0x00, 0x00, 0x71, 0xC0, 0x00, 0x00,
    0x02, 0x08, 0x00, 0x00, 0x00, 0x00, 0x00, 0x00, 0x00, 0x00, 0x00, 0x00, 0x07, 0x80, 0x1C, 0x00,
    0xF0, 0x38, 0x01, 0xC0, 0x1E, 0x03, 0x80, 0x1C, 0x01, 0xC0, 0x1C, 0x03, 0x80, 0x38, 0x01, 0xC0,
    0x38, 0x07, 0x00, 0x1E, 0x03, 0x80, 0xF0, 0x00, 0xE0, 0x38, 0x1E, 0x00, 0x0F, 0x03, 0x83, 0xC0,
    0x00, 0x70, 0x70, 0x78, 0x00, 0x07, 0x87, 0x07, 0x00, 0x00, 0x3F, 0xFF, 0xE0, 0x00, 0x03, 0xFF,
    0xFE, 0x00, 0x00, 0x7F, 0xFF, 0xE0, 0x00, 0x0F, 0x0E, 0x0F, 0x00, 0x01, 0xE0, 0xE0, 0x70, 0x00,
    0x3C, 0x0E, 0x07, 0x80, 0x07, 0x80, 0xE0, 0x38, 0x00, 0xF0, 0x0E, 0x03, 0xC0, 0x1E, 0x01, 0xC0,
    0x1C, 0x01, 0xC0, 0x1C, 0x01, 0xE0, 0x3C, 0x01, 0xC0, 0x1E, 0x07, 0x80, 0x1C, 0x00, 0xF0, 0xF0,
    0x01, 0xC0, 0x0F, 0x00, 0x00, 0x03, 0x8E, 0x00, 0x00, 0x07, 0x1C, 0x00, 0x00, 0x0E, 0x38, 0x00,
    0x00, 0x08, 0x20, 0x00, 0x00, 0x00, 0x00, 0x00, 0x00, 0x00, 0x00, 0x01, 0xC0, 0x38, 0x07, 0x03,
    0x80, 0x70, 0x1E, 0x07, 0x81, 0xE0, 0x78, 0x07, 0x03, 0x81, 0xE0, 0x0F, 0x07, 0x03, 0x80, 0x0E,
    0x0E, 0x0E, 0x00, 0x1C, 0x1C, 0x38, 0x00, 0x1C, 0x78, 0xE0, 0x00, 0x3F, 0xFF, 0xC0, 0x00, 0x7F,
    0xFF, 0x00, 0x01, 0xFF, 0xFE, 0x00, 0x07, 0x87, 0x0E, 0x00, 0x1E, 0x1E, 0x1E, 0x00, 0x78, 0x38,
    0x1C, 0x01, 0xE0, 0x70, 0x3C, 0x03, 0x80, 0xE0, 0x38, 0x0F, 0x01, 0xC0, 0x78, 0x3C, 0x07, 0x80,
    0x70, 0x00, 0x18, 0x60, 0x00, 0xF3, 0xC0, 0x03, 0xCF, 0x00, 0x00, 0x00, 0x00, 0x00, 0x00, 0x00,
    0x38, 0x00, 0x0F, 0xFE, 0x00, 0xFF, 0xFC, 0x07, 0xE0, 0xF8, 0x08, 0x00, 0xE0, 0x00, 0x03, 0xC0,
    0x00, 0x0F, 0x00, 0x00, 0x38, 0x00, 0x00, 0xE0, 0x00, 0x07, 0x80, 0x00, 0x7C, 0x01, 0xFF, 0xE0,
    0x07, 0xFF, 0x00, 0x00, 0x3E, 0x00, 0x00, 0x3C, 0x00, 0x00, 0x70, 0x00, 0x01, 0xE0, 0x00, 0x07,
    0x00, 0x00, 0x1C, 0x20, 0x00, 0x71, 0xC0, 0x07, 0x87, 0xF0, 0x7E, 0x0F, 0xFF, 0xF0, 0x0F, 0xFF,
    0x00, 0x03, 0xC0, 0x00, 0x01, 0xC7, 0x00, 0xE3, 0x80, 0x71, 0xC0, 0x10, 0x40, 0x00, 0x00, 0x00,
    0x00, 0x07, 0xE0, 0x1F, 0xFC, 0x0F, 0xFF, 0x07, 0x03, 0xC0, 0x00, 0xE0, 0x00, 0x70, 0x00, 0x70,
    0x00, 0xF8, 0x0F, 0xF8, 0x07, 0xF8, 0x00, 0x1E, 0x00, 0x03, 0x80, 0x01, 0xC0, 0x00, 0xE6, 0x00,
    0xF3, 0xC1, 0xF1, 0xFF, 0xF0, 0x7F, 0xF0, 0x03, 0x80, 0x00, 0x00, 0x00, 0x00, 0x3F, 0xFF, 0xC1,
    0xFF, 0xFE, 0x00, 0x01, 0xE0, 0x00, 0x1E, 0x00, 0x01, 0xE0, 0x00, 0x1E, 0x00, 0x01, 0xE0, 0x00,
    0x1E, 0x00, 0x01, 0xE0, 0x00, 0x1E, 0x00, 0x00, 0xFE, 0x00, 0x07, 0xF8, 0x00, 0x03, 0xE0, 0x00,
    0x07, 0x00, 0x00, 0x3C, 0x00, 0x01, 0xE0, 0x00, 0x0F, 0x00, 0x00, 0x70, 0x40, 0x03, 0x87, 0x00,
    0x3C, 0x3F, 0x0F, 0xC0, 0xFF, 0xFC, 0x01, 0xFF, 0x80, 0x01, 0xC0, 0x00, 0x03, 0xFF, 0xF8, 0x3F,
    0xFF, 0xC1, 0xFF, 0xFE, 0x00, 0x01, 0xE0, 0x00, 0x1E, 0x00, 0x01, 0xE0, 0x00, 0x1E, 0x00, 0x01,
    0xE0, 0x00, 0x1E, 0x00, 0x01, 0xE0, 0x00, 0x1E, 0x00, 0x00, 0xFE, 0x00, 0x07, 0xF8, 0x00, 0x03,
    0xE0, 0x00, 0x07, 0x00, 0x00, 0x3C, 0x00, 0x01, 0xE0, 0x00, 0x0F, 0x00, 0x00, 0x78, 0x00, 0x03,
    0x87, 0x00, 0x3C, 0x3E, 0x07, 0xC1, 0xFF, 0xFC, 0x03, 0xFF, 0xC0, 0x07, 0xF0, 0x00, 0x00, 0x3F,
    0xF8, 0x00, 0x1F, 0xFC, 0x00, 0x00, 0x00, 0x00, 0x00, 0x00, 0x00, 0x00, 0x00, 0x00, 0x70, 0x00,
    0x38, 0x38, 0x00, 0x3C, 0x1C, 0x00, 0x3E, 0x0E, 0x00, 0x3F, 0x0F, 0x00, 0x3F, 0x87, 0x00, 0x3F,
    0x83, 0x80, 0x3D, 0xC1, 0xC0, 0x3C, 0xE0, 0xE0, 0x3C, 0x70, 0xF0, 0x3C, 0x38, 0x70, 0x3C, 0x38,
    0x38, 0x3C, 0x1C, 0x1C, 0x3C, 0x0E, 0x0E, 0x3C, 0x07, 0x0F, 0x3C, 0x03, 0x87, 0x3C, 0x03, 0x83,
    0xBC, 0x01, 0xC1, 0xFC, 0x00, 0xE0, 0xFC, 0x00, 0x70, 0xFC, 0x00, 0x38, 0x7C, 0x00, 0x38, 0x3C,
    0x00, 0x1C, 0x1C, 0x00, 0x0E, 0x00, 0x00, 0xFF, 0xC0, 0x0F, 0xFE, 0x00, 0x00, 0x00, 0x00, 0x00,
    0x00, 0x00, 0x00, 0x07, 0x00, 0x18, 0x38, 0x01, 0xC3, 0x80, 0x1E, 0x1C, 0x03, 0xF0, 0xE0, 0x3F,
    0x87, 0x03, 0xFC, 0x38, 0x3D, 0xC3, 0x83, 0xCE, 0x1C, 0x3C, 0x70, 0xE3, 0xC3, 0x87, 0x3C, 0x3C,
    0x3B, 0xC1, 0xC3, 0xBC, 0x0E, 0x1F, 0xC0, 0x70, 0xFC, 0x03, 0x87, 0xC0, 0x3C, 0x3C, 0x01, 0xC3,
    0xC0, 0x0E, 0x00, 0x00, 0x1C, 0x60, 0x00, 0x0E, 0x38, 0x00, 0x07, 0x1C, 0x00, 0x01, 0x04, 0x00,
    0x00, 0x00, 0x00, 0x00, 0x00, 0x00, 0x38, 0x00, 0x1C, 0x1C, 0x00, 0x1E, 0x0E, 0x00, 0x1F, 0x07,
    0x00, 0x1F, 0x87, 0x80, 0x1F, 0xC3, 0x80, 0x1F, 0xC1, 0xC0, 0x1E, 0xE0, 0xE0, 0x1E, 0x70, 0x70,
    0x1E, 0x38, 0x78, 0x1E, 0x1C, 0x38, 0x1E, 0x1C, 0x1C, 0x1E, 0x0E, 0x0E, 0x1E, 0x07, 0x07, 0x1E,
    0x03, 0x87, 0x9E, 0x01, 0xC3, 0x9E, 0x01, 0xC1, 0xDE, 0x00, 0xE0, 0xFE, 0x00, 0x70, 0x7E, 0x00,
    0x38, 0x7E, 0x00, 0x1C, 0x3E, 0x00, 0x1C, 0x1E, 0x00, 0x0E, 0x0E, 0x00, 0x07, 0x00, 0x00, 0x61,
    0x80, 0x07, 0x9E, 0x00, 0x3C, 0xE0, 0x00, 0x02, 0x00, 0x00, 0x00, 0x00, 0x00, 0x00, 0x38, 0x00,
    0xC1, 0xC0, 0x0E, 0x1C, 0x00, 0xF0, 0xE0, 0x1F, 0x87, 0x01, 0xFC, 0x38, 0x1F, 0xE1, 0xC1, 0xEE,
    0x1C, 0x1E, 0x70, 0xE1, 0xE3, 0x87, 0x1E, 0x1C, 0x39, 0xE1, 0xE1, 0xDE, 0x0E, 0x1D, 0xE0, 0x70,
    0xFE, 0x03, 0x87, 0xE0, 0x1C, 0x3E, 0x01, 0xE1, 0xE0, 0x0E, 0x1E, 0x00, 0x70, 0x00, 0x0C, 0x30,
    0x00, 0x07, 0x9E, 0x00, 0x01, 0xE7, 0x00, 0x00, 0x20, 0x80, 0x00, 0x00, 0x00, 0x00, 0x03, 0xE0,
    0x00, 0x0F, 0xFF, 0x00, 0x0F, 0xFF, 0xF0, 0x07, 0xF0, 0x7E, 0x03, 0xE0, 0x07, 0xC1, 0xE0, 0x00,
    0xF0, 0xF0, 0x00, 0x1E, 0x38, 0x00, 0x03, 0x9E, 0x00, 0x00, 0xE7, 0x00, 0x00, 0x39, 0xC0, 0x00,
    0x0E, 0xF0, 0x00, 0x03, 0xB8, 0x00, 0x00, 0xEE, 0x00, 0x00, 0x3B, 0x80, 0x00, 0x0E, 0xE0, 0x00,
    0x07, 0x38, 0x00, 0x01, 0xCF, 0x00, 0x00, 0xF1, 0xC0, 0x00, 0x78, 0x78, 0x00, 0x3C, 0x0F, 0x00,
    0x3E, 0x01, 0xF8, 0x7F, 0x00, 0x3F, 0xFF, 0x80, 0x03, 0xFF, 0x80, 0x00, 0x1E, 0x00, 0x00, 0x00,
    0xE3, 0x00, 0x1C, 0xF0, 0x03, 0x8E, 0x00, 0x20, 0x80, 0x00, 0x00, 0x00, 0x00, 0x00, 0x3E, 0x00,
    0x3F, 0xF8, 0x0F, 0xFF, 0x83, 0xE0, 0xF8, 0xF0, 0x07, 0x1C, 0x00, 0xF7, 0x00, 0x0E, 0xE0, 0x01,
    0xFC, 0x00, 0x3F, 0x00, 0x07, 0xE0, 0x00, 0xFC, 0x00, 0x3B, 0xC0, 0x07, 0x38, 0x01, 0xC7, 0x80,
    0x78, 0x7C, 0x3E, 0x07, 0xFF, 0x80, 0x7F, 0xC0, 0x00, 0xC0, 0x00, 0x00, 0x0F, 0x80, 0x00, 0x3F,
    0xFC, 0x00, 0x3F, 0xFF, 0xC0, 0x1F, 0xC1, 0xF8, 0x0F, 0x80, 0x1F, 0x07, 0x80, 0x03, 0xC3, 0xC0,
    0x00, 0x78, 0xE0, 0x00, 0x0E, 0x78, 0x00, 0x03, 0x9C, 0x00, 0x00, 0xE7, 0x00, 0x00, 0x3B, 0xFF,
    0xFF, 0xFE, 0xFF, 0xFF, 0xFF, 0xBF, 0xFF, 0xFF, 0xEE, 0x00, 0x00, 0x3B, 0x80, 0x00, 0x1E, 0xE0,
    0x00, 0x07, 0x3C, 0x00, 0x03, 0xC7, 0x00, 0x01, 0xE1, 0xE0, 0x00, 0xF0, 0x3C, 0x00, 0xF8, 0x07,
    0xE1, 0xFC, 0x00, 0xFF, 0xFE, 0x00, 0x0F, 0xFE, 0x00, 0x00, 0x78, 0x00, 0x00, 0x00, 0xF8, 0x00,
    0xFF, 0xE0, 0x3F, 0xFE, 0x0F, 0x83, 0xE3, 0xC0, 0x1C, 0x70, 0x03, 0xDC, 0x00, 0x3B, 0x80, 0x07,
    0xFF, 0xFF, 0xFF, 0xFF, 0xFF, 0x80, 0x03, 0xF0, 0x00, 0xEF, 0x00, 0x1C, 0xE0, 0x07, 0x1E, 0x01,
    0xE1, 0xF0, 0xF8, 0x1F, 0xFE, 0x01, 0xFF, 0x00, 0x03, 0x00, 0x00, 0x00, 0x0C, 0x30, 0x00, 0x07,
    0x9E, 0x00, 0x01, 0xE7, 0x00, 0x00, 0x20, 0x80, 0x00, 0x00, 0x00, 0x00, 0x03, 0xE0, 0x00, 0x0F,
    0xFF, 0x00, 0x0F, 0xFF, 0xF0, 0x07, 0xF0, 0x7E, 0x03, 0xE0, 0x07, 0xC1, 0xE0, 0x00, 0xF0, 0xF0,
    0x00, 0x1E, 0x38, 0x00, 0x03, 0x9E, 0x00, 0x00, 0xE7, 0x00, 0x00, 0x39, 0xC0, 0x00, 0x0E, 0xFF,
    0xFF, 0xFF, 0xBF, 0xFF, 0xFF, 0xEF, 0xFF, 0xFF, 0xFB, 0x80, 0x00, 0x0E, 0xE0, 0x00, 0x07, 0xB8,
    0x00, 0x01, 0xCF, 0x00, 0x00, 0xF1, 0xC0, 0x00, 0x78, 0x78, 0x00, 0x3C, 0x0F, 0x00, 0x3E, 0x01,
    0xF8, 0x7F, 0x00, 0x3F, 0xFF, 0x80, 0x03, 0xFF, 0x80, 0x00, 0x1E, 0x00, 0x00, 0x00, 0xE3, 0x00,
    0x1C, 0x70, 0x03, 0x8E, 0x00, 0x20, 0x80, 0x00, 0x00, 0x00, 0x00, 0x00, 0x3E, 0x00, 0x3F, 0xF8,
    0x0F, 0xFF, 0x83, 0xE0, 0xF8, 0xF0, 0x07, 0x1C, 0x00, 0xF7, 0x00, 0x0E, 0xE0, 0x01, 0xFF, 0xFF,
    0xFF, 0xFF, 0xFF, 0xE0, 0x00, 0xFC, 0x00, 0x3B, 0xC0, 0x07, 0x38, 0x01, 0xC7, 0x80, 0x78, 0x7C,
    0x3E, 0x07, 0xFF, 0x80, 0x7F, 0xC0, 0x00, 0xC0, 0x00, 0x00, 0x38, 0xC0, 0x00, 0x73, 0xC0, 0x00,
    0xE7, 0x80, 0x00, 0x80, 0x00, 0x00, 0x00, 0x00, 0x03, 0xC0, 0x00, 0x7F, 0xF0, 0x03, 0xFF, 0xF0,
    0x0F, 0xC3, 0xF0, 0x3C, 0x01, 0xF0, 0x20, 0x00, 0xF0, 0x00, 0x01, 0xE0, 0x00, 0x01, 0xC0, 0x00,
    0x03, 0x80, 0x00, 0x07, 0x80, 0x00, 0x0F, 0x01, 0xFF, 0xFE, 0x03, 0xFF, 0xF8, 0x07, 0xFF, 0xF0,
    0x00, 0x00, 0xE0, 0x00, 0x03, 0xC0, 0x00, 0x07, 0x00, 0x00, 0x1E, 0x00, 0x00, 0x78, 0x60, 0x01,
    0xE1, 0xE0, 0x0F, 0x83, 0xF8, 0xFE, 0x03, 0xFF, 0xF0, 0x01, 0xFF, 0xC0, 0x00, 0x38, 0x00, 0x00,
    0x00, 0xE3, 0x80, 0x1C, 0x70, 0x03, 0x8E, 0x00, 0x20, 0x80, 0x00, 0x00, 0x00, 0x00, 0x00, 0x3E,
    0x00, 0x3F, 0xF0, 0x1F, 0xFF, 0x83, 0xC0, 0xF8, 0x20, 0x07, 0x00, 0x00, 0xE0, 0x00, 0x0E, 0x00,
    0x01, 0xC0, 0x7F, 0xF8, 0x1F, 0xFF, 0x00, 0x01, 0xC0, 0x00, 0x38, 0x00, 0x0F, 0x00, 0x03, 0xC2,
    0x00, 0xF0, 0xF0, 0x7C, 0x1F, 0xFF, 0x00, 0xFF, 0x80, 0x03, 0x80, 0x00, 0x00, 0xFF, 0xE0, 0x00,
    0xFF, 0xE0, 0x00, 0x00, 0x00, 0x00, 0x00, 0x00, 0x00, 0x00, 0x00, 0x3C, 0x00, 0x07, 0x1C, 0x00,
    0x0E, 0x1C, 0x00, 0x1C, 0x1E, 0x00, 0x3C, 0x0E, 0x00, 0x38, 0x0E, 0x00, 0x70, 0x0F, 0x00, 0xF0,
    0x07, 0x01, 0xE0, 0x07, 0x01, 0xC0, 0x07, 0x83, 0x80, 0x03, 0x87, 0x80, 0x03, 0x87, 0x00, 0x03,
    0xCE, 0x00, 0x01, 0xDC, 0x00, 0x01, 0xFC, 0x00, 0x01, 0xF8, 0x00, 0x00, 0xF0, 0x00, 0x00, 0xE0,
    0x00, 0x01, 0xE0, 0x00, 0x03, 0xC0, 0x00, 0x4F, 0x80, 0x00, 0xFF, 0x00, 0x00, 0xFE, 0x00, 0x00,
    0x30, 0x00, 0x00, 0x00, 0x3F, 0xF8, 0x00, 0x3F, 0xF8, 0x00, 0x00, 0x00, 0x00, 0x00, 0x00, 0x00,
    0x00, 0x00, 0x03, 0x00, 0x07, 0x03, 0x80, 0x0F, 0x03, 0x80, 0x0E, 0x03, 0x80, 0x1C, 0x03, 0xC0,
    0x3C, 0x01, 0xC0, 0x38, 0x01, 0xC0, 0x70, 0x01, 0xC0, 0xF0, 0x01, 0xE0, 0xE0, 0x00, 0xE1, 0xC0,
    0x00, 0xE1, 0xC0, 0x00, 0xE3, 0x80, 0x00, 0xE7, 0x00, 0x00, 0x77, 0x00, 0x00, 0x7E, 0x00, 0x00,
    0x7E, 0x00, 0x00, 0x7C, 0x00, 0x00, 0x38, 0x00, 0x00, 0x78, 0x00, 0x00, 0x70, 0x00, 0x00, 0xE0,
    0x00, 0x61, 0xE0, 0x00, 0x7F, 0xC0, 0x00, 0x7F, 0x80, 0x00, 0x3E, 0x00, 0x00, 0x00, 0x30, 0xC0,
    0x00, 0x79, 0xC0, 0x00, 0x71, 0xC0, 0x00, 0x20, 0x80, 0x00, 0x00, 0x00, 0x00, 0x00, 0x00, 0x3C,
    0x00, 0x07, 0x1C, 0x00, 0x0E, 0x1C, 0x00, 0x1C, 0x1E, 0x00, 0x3C, 0x0E, 0x00, 0x38, 0x0E, 0x00,
    0x70, 0x0F, 0x00, 0xF0, 0x07, 0x01, 0xE0, 0x07, 0x01, 0xC0, 0x07, 0x83, 0x80, 0x03, 0x87, 0x80,
    0x03, 0x87, 0x00, 0x03, 0xCE, 0x00, 0x01, 0xDC, 0x00, 0x01, 0xFC, 0x00, 0x01, 0xF8, 0x00, 0x00,
    0xF0, 0x00, 0x00, 0xE0, 0x00, 0x01, 0xE0, 0x00, 0x03, 0xC0, 0x00, 0x4F, 0x80, 0x00, 0xFF, 0x00,
    0x00, 0xFE, 0x00, 0x00, 0x30, 0x00, 0x00, 0x00, 0x1C, 0x70, 0x00, 0x1C, 0x70, 0x00, 0x1C, 0x70,
    0x00, 0x08, 0x20, 0x00, 0x00, 0x00, 0x00, 0x00, 0x00, 0x03, 0x00, 0x07, 0x03, 0x80, 0x0F, 0x03,
    0x80, 0x0E, 0x03, 0x80, 0x1C, 0x03, 0xC0, 0x3C, 0x01, 0xC0, 0x38, 0x01, 0xC0, 0x70, 0x01, 0xC0,
    0xF0, 0x01, 0xE0, 0xE0, 0x00, 0xE1, 0xC0, 0x00, 0xE1, 0xC0, 0x00, 0xE3, 0x80, 0x00, 0xE7, 0x00,
    0x00, 0x77, 0x00, 0x00, 0x7E, 0x00, 0x00, 0x7E, 0x00, 0x00, 0x7C, 0x00, 0x00, 0x38, 0x00, 0x00,
    0x78, 0x00, 0x00, 0x70, 0x00, 0x00, 0xE0, 0x00, 0x61, 0xE0, 0x00, 0x7F, 0xC0, 0x00, 0x7F, 0x80,
    0x00, 0x3E, 0x00, 0x00, 0x00, 0x02, 0x18, 0x00, 0x0F, 0x78, 0x00, 0x1E, 0x70, 0x00, 0x3C, 0xE0,
    0x00, 0x79, 0xC0, 0x00, 0x00, 0x00, 0x00, 0x00, 0x00, 0x3C, 0x00, 0x07, 0x1C, 0x00, 0x0E, 0x1C,
    0x00, 0x1C, 0x1E, 0x00, 0x3C, 0x0E, 0x00, 0x38, 0x0E, 0x00, 0x70, 0x0F, 0x00, 0xF0, 0x07, 0x01,
    0xE0, 0x07, 0x01, 0xC0, 0x07, 0x83, 0x80, 0x03, 0x87, 0x80, 0x03, 0x87, 0x00, 0x03, 0xCE, 0x00,
    0x01, 0xDC, 0x00, 0x01, 0xFC, 0x00, 0x01, 0xF8, 0x00, 0x00, 0xF0, 0x00, 0x00, 0xE0, 0x00, 0x01,
    0xE0, 0x00, 0x03, 0xC0, 0x00, 0x4F, 0x80, 0x00, 0xFF, 0x00, 0x00, 0xFE, 0x00, 0x00, 0x30, 0x00,
    0x00, 0x00, 0x01, 0x84, 0x00, 0x03, 0x9E, 0x00, 0x07, 0x3C, 0x00, 0x0E, 0x78, 0x00, 0x1C, 0xF0,
    0x00, 0x00, 0x00, 0x00, 0x00, 0x00, 0x03, 0x00, 0x07, 0x03, 0x80, 0x0F, 0x03, 0x80, 0x0E, 0x03,
    0x80, 0x1C, 0x03, 0xC0, 0x3C, 0x01, 0xC0, 0x38, 0x01, 0xC0, 0x70, 0x01, 0xC0, 0xF0, 0x01, 0xE0,
    0xE0, 0x00, 0xE1, 0xC0, 0x00, 0xE1, 0xC0, 0x00, 0xE3, 0x80, 0x00, 0xE7, 0x00, 0x00, 0x77, 0x00,
    0x00, 0x7E, 0x00, 0x00, 0x7E, 0x00, 0x00, 0x7C, 0x00, 0x00, 0x38, 0x00, 0x00, 0x78, 0x00, 0x00,
    0x70, 0x00, 0x00, 0xE0, 0x00, 0x61, 0xE0, 0x00, 0x7F, 0xC0, 0x00, 0x7F, 0x80, 0x00, 0x3E, 0x00,
    0x00, 0x00, 0x61, 0x80, 0x03, 0xCF, 0x00, 0x0E, 0x38, 0x00, 0x10, 0x40, 0x00, 0x00, 0x00, 0x00,
    0x00, 0x03, 0x80, 0x03, 0x8E, 0x00, 0x0E, 0x38, 0x00, 0x38, 0xE0, 0x00, 0xE3, 0x80, 0x07, 0x9C,
    0x00, 0x1C, 0x70, 0x00, 0x71, 0xC0, 0x01, 0xC7, 0x00, 0x07, 0x1C, 0x00, 0x3C, 0x70, 0x00, 0xE1,
    0xE0, 0x07, 0x83, 0xF3, 0xFE, 0x07, 0xFF, 0xF8, 0x0F, 0xFD, 0xE0, 0x00, 0x07, 0x00, 0x00, 0x1C,
    0x00, 0x00, 0x70, 0x00, 0x01, 0xC0, 0x00, 0x0F, 0x00, 0x00, 0x38, 0x00, 0x00, 0xE0, 0x00, 0x03,
    0x80, 0x01, 0x8E, 0x00, 0xE3, 0x80, 0x38, 0xE0, 0x04, 0x10, 0x00, 0x00, 0x00, 0x00, 0x03, 0x80,
    0x18, 0xE0, 0x0E, 0x78, 0x03, 0x9C, 0x00, 0xE7, 0x00, 0x39, 0xC0, 0x1E, 0x70, 0x07, 0x1C, 0x01,
    0xC7, 0x00, 0x71, 0xE0, 0xFC, 0x7F, 0xFF, 0x07, 0xFF, 0x80, 0x00, 0xE0, 0x00, 0x38, 0x00, 0x0E,
    0x00, 0x07, 0x80, 0x01, 0xC0, 0x00, 0x70, 0x00, 0x00, 0x00, 0xFF, 0xFF, 0x0F, 0xFF, 0xF0, 0xE0,
    0x00, 0x0E, 0x00, 0x01, 0xE0, 0x00, 0x1C, 0x00, 0x01, 0xC0, 0x00, 0x1C, 0x00, 0x01, 0xC0, 0x00,
    0x3C, 0x00, 0x03, 0x80, 0x00, 0x38, 0x00, 0x03, 0x80, 0x00, 0x38, 0x00, 0x07, 0x80, 0x00, 0x70,
    0x00, 0x07, 0x00, 0x00, 0x70, 0x00, 0x07, 0x00, 0x00, 0xF0, 0x00, 0x0F, 0x00, 0x00, 0xFE, 0x00,
    0x0F, 0xE0, 0x00, 0x1C, 0x00, 0x01, 0xC0, 0x00, 0x1C, 0x00, 0x01, 0xC0, 0x00, 0x1C, 0x00, 0x01,
    0x80, 0x00, 0x0F, 0xFF, 0x07, 0xFF, 0xC7, 0xFF, 0xC3, 0x80, 0x01, 0xC0, 0x00, 0xE0, 0x00, 0x70,
    0x00, 0x70, 0x00, 0x38, 0x00, 0x1C, 0x00, 0x0E, 0x00, 0x07, 0x00, 0x07, 0x00, 0x03, 0x80, 0x01,
    0xC0, 0x00, 0xE0, 0x00, 0xFC, 0x00, 0x7E, 0x00, 0x07, 0x00, 0x03, 0x80, 0x01, 0xC0, 0x01, 0xC0,
    0x00, 0x00, 0x06, 0x18, 0x00, 0x00, 0x3C, 0xF0, 0x00, 0x00, 0xF3, 0xC0, 0x00, 0x00, 0x00, 0x00,
    0x00, 0x00, 0x00, 0x00, 0x00, 0x00, 0x00, 0x00, 0xE0, 0x00, 0x01, 0xC3, 0x80, 0x00, 0x07, 0x0E,
    0x00, 0x00, 0x1C, 0x38, 0x00, 0x00, 0xF1, 0xE0, 0x00, 0x03, 0x87, 0x00, 0x00, 0x0E, 0x1C, 0x00,
    0x00, 0x38, 0x70, 0x00, 0x00, 0xE1, 0xFF, 0xF8, 0x07, 0x8F, 0xFF, 0xF0, 0x1C, 0x3F, 0xFF, 0xE0,
    0x70, 0xE0, 0x03, 0xC1, 0xC3, 0x80, 0x07, 0x07, 0x0E, 0x00, 0x1C, 0x3C, 0x78, 0x00, 0x70, 0xE1,
    0xC0, 0x01, 0xC3, 0x87, 0x00, 0x07, 0x0E, 0x1C, 0x00, 0x3C, 0x38, 0x70, 0x00, 0xE1, 0xE3, 0xC0,
    0x0F, 0x87, 0x0E, 0x00, 0xFC, 0x1C, 0x3F, 0xFF, 0xE0, 0x70, 0xFF, 0xFE, 0x01, 0xC0, 0x00, 0x18,
    0xE0, 0x00, 0x38, 0xE0, 0x00, 0x38, 0xE0, 0x00, 0x10, 0x40, 0x00, 0x00, 0x00, 0x00, 0x00, 0x00,
    0x0C, 0x00, 0x06, 0x0E, 0x00, 0x0E, 0x1C, 0x00, 0x0E, 0x1C, 0x00, 0x0E, 0x1C, 0x00, 0x0E, 0x1C,
    0x00, 0x0E, 0x1F, 0xF0, 0x1C, 0x3F, 0xFC, 0x1C, 0x3F, 0xFE, 0x1C, 0x38, 0x0F, 0x1C, 0x38, 0x07,
    0x1C, 0x38, 0x07, 0x38, 0x70, 0x07, 0x38, 0x70, 0x07, 0x38, 0x70, 0x0E, 0x38, 0x70, 0x3E, 0x38,
    0x7F, 0xFC, 0x78, 0xFF, 0xF0, 0x70, 0x00, 0x00, 0x00, 0x00, 0xFF, 0xFF, 0x00, 0xFF, 0xFE, 0x00,
    0xE0, 0x00, 0x01, 0xE0, 0x00, 0x01, 0xC0, 0x00, 0x01, 0xC0, 0x00, 0x01, 0xC0, 0x00, 0x01, 0xC0,
    0x00, 0x03, 0xC0, 0x00, 0x03, 0x80, 0x00, 0x03, 0x80, 0x00, 0x3F, 0xFF, 0xE0, 0x3F, 0xFF, 0xE0,
    0x1F, 0xFF, 0xC0, 0x07, 0x00, 0x00, 0x07, 0x00, 0x00, 0x07, 0x00, 0x00, 0x07, 0x00, 0x00, 0x0F,
    0x00, 0x00, 0x0E, 0x00, 0x00, 0x0E, 0x00, 0x00, 0x0F, 0xE0, 0x00, 0x0F, 0xC0, 0x00, 0x01, 0xC0,
    0x00, 0x01, 0xC0, 0x00, 0x03, 0xC0, 0x00, 0x03, 0x80, 0x00, 0xFF, 0x80, 0x00, 0xFF, 0x00, 0x00,
    0x7C, 0x00, 0x00, 0x00, 0x7F, 0xF0, 0x0F, 0xFF, 0x00, 0xFF, 0xF0, 0x0E, 0x00, 0x00, 0xE0, 0x00,
    0x1C, 0x00, 0x01, 0xC0, 0x00, 0x1C, 0x00, 0x01, 0xC0, 0x00, 0xFF, 0xF8, 0x0F, 0xFF, 0x80, 0x38,
    0x00, 0x03, 0x80, 0x00, 0x38, 0x00, 0x03, 0x80, 0x00, 0x78, 0x00, 0x07, 0xE0, 0x00, 0x7E, 0x00,
    0x00, 0xE0, 0x00, 0x1C, 0x00, 0x01, 0xC0, 0x00, 0x3C, 0x00, 0x7F, 0x80, 0x0F, 0xF0, 0x00, 0x3C,
    0x00, 0x00, 0x00, 0x00, 0x00, 0x00, 0xE0, 0x00, 0xE0, 0x1C, 0x00, 0x70, 0x07, 0x80, 0x3C, 0x00,
    0xE0, 0x1E, 0x00, 0x3C, 0x0F, 0x00, 0x07, 0x07, 0x80, 0x01, 0xE3, 0xC0, 0x00, 0x39, 0xE0, 0x00,
    0x07, 0xF0, 0x00, 0x01, 0xF8, 0x00, 0x00, 0x3C, 0x00, 0x00, 0x1F, 0x00, 0x00, 0x0F, 0xC0, 0x00,
    0x07, 0xF8, 0x00, 0x01, 0xCE, 0x00, 0x00, 0xE3, 0xC0, 0x00, 0x70, 0x78, 0x00, 0x3C, 0x1E, 0x00,
    0x1E, 0x03, 0xC0, 0x0F, 0x00, 0xF0, 0x07, 0x80, 0x1C, 0x03, 0xC0, 0x07, 0x81, 0xE0, 0x01, 0xE0,
    0x00, 0x00, 0x38, 0x00, 0x00, 0x0E, 0x00, 0x00, 0x07, 0x80, 0x00, 0x01, 0xC0, 0x00, 0x1F, 0xF0,
    0x00, 0x07, 0xF8, 0x00, 0x00, 0xF8, 0x00, 0x06, 0x00, 0x70, 0x38, 0x07, 0x81, 0xE0, 0x78, 0x07,
    0x07, 0x80, 0x1C, 0x78, 0x00, 0xE7, 0x80, 0x03, 0xB8, 0x00, 0x1F, 0x80, 0x00, 0x78, 0x00, 0x03,
    0xC0, 0x00, 0x3E, 0x00, 0x03, 0xF8, 0x00, 0x39, 0xC0, 0x03, 0x87, 0x00, 0x38, 0x3C, 0x03, 0x80,
    0xE0, 0x38, 0x07, 0x03, 0xC0, 0x1C, 0x00, 0x00, 0xE0, 0x00, 0x07, 0x00, 0x00, 0x38, 0x00, 0x03,
    0xC0, 0x07, 0xFC, 0x00, 0x3F, 0xC0, 0x00, 0xF8, 0x00, 0x00, 0x00, 0x00, 0x03, 0xC0, 0x07, 0x80,
    0xF0, 0x03, 0x80, 0x78, 0x03, 0x80, 0x1E, 0x03, 0xC0, 0x07, 0x03, 0xC0, 0x03, 0xC3, 0xC0, 0x00,
    0xE3, 0xC0, 0x00, 0x7B, 0xC0, 0x00, 0x1F, 0xC0, 0x00, 0x0F, 0xC0, 0x00, 0xFF, 0xFF, 0x00, 0xFF,
    0xFF, 0x80, 0x03, 0xF8, 0x00, 0x01, 0xFC, 0x00, 0x01, 0xEE, 0x00, 0x01, 0xE7, 0x80, 0x01, 0xE1,
    0xC0, 0x01, 0xE0, 0xF0, 0x01, 0xE0, 0x38, 0x01, 0xE0, 0x1E, 0x01, 0xE0, 0x07, 0x01, 0xE0, 0x03,
    0xC1, 0xE0, 0x00, 0xE0, 0x0E, 0x00, 0x70, 0xE0, 0x0E, 0x07, 0x01, 0xC0, 0x78, 0x38, 0x03, 0x87,
    0x00, 0x3C, 0xE0, 0x01, 0xDE, 0x00, 0x0F, 0xC0, 0x0F, 0xFF, 0x80, 0xFF, 0xF8, 0x01, 0xF8, 0x00,
    0x3F, 0x80, 0x07, 0xBC, 0x00, 0xF1, 0xC0, 0x1E, 0x0E, 0x03, 0xC0, 0xE0, 0x78, 0x07, 0x0F, 0x00,
    0x78, 0x7F, 0xFF, 0xDF, 0xFF, 0xF0, 0x7F, 0xFF, 0xFF, 0xFF, 0xEF, 0xFF, 0xFF, 0xFF, 0xF8, 0x18,
    0x63, 0x8C, 0x71, 0xCF, 0x3C, 0x70, 0x39, 0xE7, 0x8E, 0x39, 0xC6, 0x38, 0xC0, 0x33, 0xDE, 0xF3,
    0x39, 0x9C, 0xC0, 0x18, 0x63, 0x1C, 0xE3, 0x18, 0xE7, 0x1C, 0xE7, 0xBC, 0xF7, 0x9E, 0x73, 0x80,
    0x38, 0xCF, 0x3D, 0xE7, 0x9C, 0xF3, 0x9C, 0xE3, 0x98, 0x67, 0x1C, 0xC3, 0x00, 0x30, 0xCF, 0x3D,
    0xE7, 0xBC, 0xF3, 0x1C, 0xE3, 0x18, 0xE7, 0x18, 0xC3, 0x00, 0x00, 0x00, 0x00, 0x1C, 0x00, 0x07,
    0x00, 0x01, 0xC0, 0x00, 0x70, 0x00, 0x38, 0x00, 0x0E, 0x00, 0x03, 0x80, 0x00, 0xE0, 0x1F, 0xFF,
    0xF7, 0xFF, 0xF9, 0xFF, 0xFE, 0x01, 0xC0, 0x00, 0x70, 0x00, 0x1C, 0x00, 0x0F, 0x00, 0x03, 0x80,
    0x00, 0xE0, 0x00, 0x38, 0x00, 0x0E, 0x00, 0x07, 0x00, 0x01, 0xC0, 0x00, 0x70, 0x00, 0x1C, 0x00,
    0x07, 0x00, 0x03, 0x80, 0x00, 0xE0, 0x00, 0x38, 0x00, 0x0E, 0x00, 0x03, 0x80, 0x00, 0xC0, 0x00,
    0x00, 0x00, 0x00, 0x01, 0xC0, 0x00, 0x1C, 0x00, 0x01, 0xC0, 0x00, 0x1C, 0x00, 0x03, 0xC0, 0x00,
    0x38, 0x00, 0x03, 0x80, 0x00, 0x38, 0x01, 0xFF, 0xFF, 0x1F, 0xFF, 0xE1, 0xFF, 0xFE, 0x00, 0x70,
    0x00, 0x07, 0x00, 0x00, 0x70, 0x00, 0x0F, 0x00, 0x00, 0xE0, 0x00, 0x0E, 0x00, 0x00, 0xE0, 0x00,
    0x0E, 0x00, 0x7F, 0xFF, 0x8F, 0xFF, 0xF8, 0x7F, 0xFF, 0x00, 0x1C, 0x00, 0x01, 0xC0, 0x00, 0x3C,
    0x00, 0x03, 0x80, 0x00, 0x38, 0x00, 0x03, 0x80, 0x00, 0x38, 0x00, 0x03, 0x00, 0x00, 0x31, 0xEF,
    0xFF, 0xF9, 0xC0, 0x60, 0xC1, 0xDE, 0x3C, 0x3B, 0xC7, 0x8F, 0xF8, 0xF0, 0xE0, 0x00, 0x08, 0x03,
    0x00, 0x00, 0x00, 0x00, 0xFC, 0x00, 0xE0, 0x00, 0x1F, 0xE0, 0x1C, 0x00, 0x03, 0x87, 0x01, 0xC0,
    0x00, 0x70, 0x70, 0x38, 0x00, 0x06, 0x03, 0x07, 0x00, 0x00, 0x60, 0x70, 0xE0, 0x00, 0x06, 0x07,
    0x1C, 0x00, 0x00, 0x60, 0x73, 0x80, 0x00, 0x06, 0x06, 0x70, 0x00, 0x00, 0x70, 0xEE, 0x00, 0x00,
    0x07, 0xFC, 0xE3, 0x80, 0x30, 0x3F, 0x9C, 0xFC, 0x1F, 0xC0, 0xE3, 0x9F, 0xE3, 0xFE, 0x00, 0x73,
    0x87, 0x38, 0x70, 0x0E, 0x70, 0x77, 0x07, 0x01, 0xC6, 0x03, 0x60, 0x70, 0x38, 0x60, 0x76, 0x07,
    0x07, 0x06, 0x07, 0xE0, 0x70, 0x70, 0x60, 0x7E, 0x06, 0x0E, 0x06, 0x06, 0x60, 0xE1, 0xC0, 0x70,
    0xE7, 0x0E, 0x38, 0x07, 0xFC, 0x7F, 0xC7, 0x00, 0x3F, 0x83, 0xF8, 0x00, 0x00, 0x40, 0x04, 0x00,
    0x03, 0x83, 0x83, 0x83, 0x83, 0x83, 0x83, 0xC0, 0xE0, 0x78, 0x1C, 0x07, 0x03, 0x80, 0xC0, 0x1C,
    0x03, 0x80, 0xE0, 0x1C, 0x03, 0x80, 0xE0, 0x38, 0x1E, 0x0F, 0x07, 0x83, 0xC1, 0xE0, 0x70, 0x00,
    0x00, 0x00, 0x00, 0x00, 0x00, 0x38, 0x00, 0x00, 0x70, 0x00, 0x01, 0xC0, 0x00, 0x07, 0x00, 0x00,
    0x1C, 0x00, 0x00, 0x70, 0x00, 0x01, 0xC0, 0x00, 0x07, 0x00, 0x00, 0x1C, 0x00, 0x00, 0x38, 0x00,
    0x00, 0xE0, 0x00, 0x03, 0x80, 0x00, 0x0E, 0x00, 0x00, 0x38, 0x00, 0x00, 0xE0, 0x00, 0x03, 0x80,
    0x00, 0x0E, 0x00, 0x00, 0x1C, 0x00, 0x00, 0x70, 0x00, 0x01, 0xC0, 0x00, 0x07, 0x00, 0x00, 0x1C,
    0x00, 0x00, 0x70, 0x00, 0x00, 0x00, 0x70, 0x03, 0x80, 0x1C, 0x00, 0xE0, 0x07, 0x00, 0x38, 0x01,
    0xC7, 0x0E, 0x18, 0x38, 0x61, 0xFF, 0xF7, 0xFF, 0xC0, 0x38, 0x00, 0xC0, 0x03, 0x00, 0x00, 0x00,
    0x78, 0x00, 0x00, 0x7F, 0xF8, 0x00, 0x1F, 0xFF, 0xC0, 0x03, 0xF0, 0x7E, 0x00, 0xF8, 0x00, 0xE0,
    0x0F, 0x00, 0x04, 0x01, 0xE0, 0x00, 0x00, 0x3C, 0x00, 0x00, 0x03, 0x80, 0x00, 0x03, 0xFF, 0xFF,
    0x00, 0x3F, 0xFF, 0xF0, 0x00, 0x70, 0x00, 0x00, 0x07, 0x00, 0x00, 0x00, 0x70, 0x00, 0x00, 0x7F,
    0xFF, 0xE0, 0x07, 0xFF, 0xFE, 0x00, 0x07, 0x00, 0x00, 0x00, 0x70, 0x00, 0x00, 0x07, 0x80, 0x00,
    0x00, 0x3C, 0x00, 0x30, 0x03, 0xE0, 0x07, 0x80, 0x1F, 0xC3, 0xF0, 0x00, 0xFF, 0xFE, 0x00, 0x03,
    0xFF, 0x80, 0x00, 0x03, 0x80, 0x00, 0x07, 0xFC, 0x00, 0x7F, 0xF0, 0x07, 0xFF, 0x80, 0x00, 0x7C,
    0x00, 0x01, 0xE0, 0x00, 0x0E, 0x00, 0x00, 0xE0, 0x00, 0x0F, 0x00, 0x00, 0xF0, 0x1F, 0x0F, 0x0F,
    0xFC, 0xF1, 0xFF, 0xEE, 0x3E, 0x0F, 0xE7, 0x80, 0x3E, 0x70, 0x03, 0xEE, 0x00, 0x3E, 0xE0, 0x03,
    0xCE, 0x00, 0x3C, 0xE0, 0x03, 0x8E, 0x00, 0x78, 0xF0, 0x0F, 0x07, 0xC3, 0xE0, 0x3F, 0xFC, 0x01,
    0xFF, 0x00, 0x03, 0x80, 0x00, 0x00, 0x00, 0x00, 0x00, 0xFF, 0xFF, 0xF0, 0x3F, 0xFF, 0xFC, 0x0E,
    0x00, 0x0F, 0x03, 0x80, 0x03, 0xC1, 0xE0, 0x00, 0xE0, 0x70, 0x00, 0x38, 0x1C, 0x00, 0x0E, 0x07,
    0x00, 0x03, 0x81, 0xC0, 0x01, 0xE0, 0xF0, 0x00, 0x70, 0x38, 0x00, 0x1C, 0x0E, 0x00, 0x07, 0x03,
    0x80, 0x01, 0xC0, 0xE0, 0x00, 0xF0, 0x78, 0x00, 0x38, 0x1C, 0x00, 0x0E, 0x07, 0x00, 0x03, 0x81,
    0xC0, 0x00, 0xE0, 0x70, 0x00, 0x78, 0x3C, 0x00, 0x1C, 0x0E, 0x00, 0x07, 0x03, 0x80, 0x01, 0xC0,
    0xE0, 0x00, 0x70, 0x38, 0x00, 0x3C, 0x1E, 0x00, 0x0E, 0x07, 0x00, 0x03, 0x81, 0xC0, 0x00, 0xE0,
    0x70, 0x00, 0x38, 0x1C, 0x00, 0x1E, 0x06, 0x00, 0x07, 0x00, 0x00, 0x00, 0x00, 0x00, 0xFF, 0xFF,
    0xE0, 0x3F, 0xFF, 0xF8, 0x07, 0x00, 0x00, 0x01, 0xE0, 0x00, 0x00, 0x3C, 0x00, 0x00, 0x07, 0x00,
    0x00, 0x01, 0xE0, 0x00, 0x00, 0x38, 0x00, 0x00, 0x0F, 0x00, 0x00, 0x01, 0xE0, 0x00, 0x00, 0x38,
    0x00, 0x00, 0x0F, 0x00, 0x00, 0x01, 0xE0, 0x00, 0x00, 0x38, 0x00, 0x00, 0x0E, 0x00, 0x00, 0x07,
    0x80, 0x00, 0x03, 0xC0, 0x00, 0x01, 0xE0, 0x00, 0x00, 0xF0, 0x00, 0x00, 0x78, 0x00, 0x00, 0x3C,
    0x00, 0x00, 0x1E, 0x00, 0x00, 0x0F, 0x00, 0x00, 0x07, 0x80, 0x00, 0x03, 0xC0, 0x00, 0x01, 0xE0,
    0x00, 0x00, 0xF0, 0x00, 0x00, 0x7F, 0xFF, 0xF0, 0x3F, 0xFF, 0xFC, 0x0F, 0xFF, 0xFF, 0x00, 0x7F,
    0xFF, 0x7F, 0xFF, 0xFF, 0xFE, 0x00, 0x00, 0x70, 0x00, 0x03, 0x80, 0x00, 0x38, 0x00, 0x01, 0xC0,
    0x00, 0x1C, 0x00, 0x01, 0xE0, 0x00, 0x0E, 0x00, 0x00, 0xE0, 0x00, 0x07, 0x00, 0x00, 0x70, 0x00,
    0x03, 0x80, 0x00, 0x38, 0x00, 0x01, 0xC0, 0x00, 0x1C, 0x00, 0x00, 0xE0, 0x00, 0x0E, 0x00, 0x00,
    0xF0, 0x00, 0x07, 0x00, 0x00, 0x70, 0x00, 0x03, 0x80, 0x00, 0x38, 0x00, 0x01, 0xC0, 0x00, 0x1C,
    0x00, 0x00, 0xE0, 0x00, 0x0E, 0x00, 0x00, 0x70, 0x00, 0x07, 0x00, 0x00, 0x70, 0x00, 0x03, 0x80,
    0x00, 0x38, 0x00, 0x01, 0xC0, 0x00, 0x0C, 0x00, 0x00, 0x7F, 0xFF, 0x00, 0x00, 0x00, 0x60, 0x00,
    0x00, 0x0E, 0x00, 0x00, 0x01, 0xE0, 0x00, 0x00, 0x1C, 0x00, 0x00, 0x03, 0xC0, 0x00, 0x00, 0x38,
    0x00, 0x00, 0x07, 0x00, 0x00, 0x00, 0x70, 0x00, 0x00, 0x0E, 0x00, 0x00, 0x00, 0xE0, 0x00, 0x00,
    0x1C, 0x00, 0x00, 0x01, 0xC0, 0x7E, 0x00, 0x38, 0x0F, 0xF0, 0x07, 0x80, 0x7F, 0x00, 0x70, 0x00,
    0x70, 0x0F, 0x00, 0x07, 0x00, 0xE0, 0x00, 0x70, 0x1C, 0x00, 0x07, 0x01, 0xC0, 0x00, 0x38, 0x38,
    0x00, 0x03, 0x83, 0x80, 0x00, 0x38, 0x70, 0x00, 0x03, 0x8F, 0x00, 0x00, 0x38, 0xE0, 0x00, 0x03,
    0x9E, 0x00, 0x00, 0x1D, 0xC0, 0x00, 0x01, 0xF8, 0x00, 0x00, 0x1F, 0x80, 0x00, 0x01, 0xF0, 0x00,
    0x00, 0x1F, 0x00, 0x00, 0x01, 0xE0, 0x00, 0x00, 0x0E, 0x00, 0x00, 0x0F, 0xE0, 0x3F, 0x83, 0xFF,
    0x07, 0xFC, 0x7C, 0xF9, 0xF3, 0xE7, 0x03, 0xDC, 0x0E, 0xE0, 0x1F, 0x80, 0x7E, 0x00, 0xF0, 0x07,
    0xC0, 0x0E, 0x00, 0x7C, 0x01, 0xF0, 0x07, 0xE0, 0x1F, 0x00, 0xEE, 0x07, 0xB8, 0x1E, 0x7F, 0xF1,
    0xFF, 0xC7, 0xFE, 0x0F, 0xF8, 0x1F, 0x80, 0x7E, 0x00, 0x00, 0x01, 0xF0, 0x00, 0x3F, 0xC0, 0x03,
    0xFE, 0x00, 0x1C, 0x00, 0x01, 0xC0, 0x00, 0x0E, 0x00, 0x00, 0x70, 0x00, 0x03, 0x80, 0x00, 0x38,
    0x00, 0x01, 0xC0, 0x00, 0x0E, 0x00, 0x00, 0x70, 0x00, 0x03, 0x80, 0x00, 0x38, 0x00, 0x01, 0xC0,
    0x00, 0x0E, 0x00, 0x00, 0x70, 0x00, 0x03, 0x80, 0x00, 0x38, 0x00, 0x01, 0xC0, 0x00, 0x0E, 0x00,
    0x00, 0x70, 0x00, 0x03, 0x80, 0x00, 0x38, 0x00, 0x01, 0xC0, 0x00, 0x0E, 0x00, 0x00, 0x70, 0x00,
    0x07, 0x80, 0x00, 0x38, 0x00, 0x7F, 0xC0, 0x03, 0xFC, 0x00, 0x0F, 0x80, 0x00, 0x0F, 0x80, 0xC7,
    0xF0, 0x73, 0xCE, 0x18, 0xE1, 0xFE, 0x30, 0x3F, 0x00, 0x03, 0x00, 0x00, 0x00, 0x38, 0x04, 0x3F,
    0x03, 0x1F, 0xE1, 0xC6, 0x1E, 0xF3, 0x83, 0xF8, 0xC0, 0x7C, 0x00, 0x00, 0x03, 0x80, 0x00, 0xC0,
    0x00, 0x70, 0x00, 0x38, 0x1F, 0xFF, 0x8F, 0xFF, 0xE3, 0xFF, 0xF8, 0x01, 0xC0, 0x00, 0xE0, 0x00,
    0x38, 0x00, 0x1C, 0x00, 0x0E, 0x00, 0x7F, 0xFF, 0x1F, 0xFF, 0xC7, 0xFF, 0xE0, 0x70, 0x00, 0x38,
    0x00, 0x0E, 0x00, 0x07, 0x00, 0x00, 0x00, 0x00, 0x00, 0x00, 0x1C, 0x00, 0x1F, 0x80, 0x1F, 0xE0,
    0x0F, 0xE0, 0x0F, 0xE0, 0x07, 0xF0, 0x00, 0xF0, 0x00, 0x1F, 0x00, 0x01, 0xFC, 0x00, 0x0F, 0xE0,
    0x00, 0x3F, 0x80, 0x01, 0xF8, 0x00, 0x0F, 0x00, 0x00, 0x00, 0x00, 0x00, 0x00, 0x00, 0x00, 0x00,
    0x03, 0xFF, 0xFC, 0x7F, 0xFF, 0x00, 0x00, 0x00, 0x03, 0x80, 0x00, 0xF8, 0x00, 0x1F, 0xC0, 0x01,
    0xFC, 0x00, 0x1F, 0xC0, 0x00, 0xFC, 0x00, 0x0F, 0x00, 0x1F, 0xC0, 0x3F, 0xC0, 0x7F, 0x80, 0x7F,
    0x00, 0x3F, 0x00, 0x0E, 0x00, 0x00, 0x00, 0x00, 0x00, 0x00, 0x00, 0x00, 0x00, 0x00, 0x0F, 0xFF,
    0xF3, 0xFF, 0xF8,
};

static const EpdGlyph montserrat_16_italicGlyphs[] = {
    { 0, 0, 9, 0, 0, 0, 0 },
    { 0, 0, 9, 0, 0, 0, 0 },
    { 8, 25, 9, 1, 24, 25, 0 },
    { 10, 10, 12, 3, 24, 13, 25 },
    { 24, 24, 23, 0, 24, 72, 38 },
    { 21, 32, 20, 0, 28, 84, 110 },
    { 24, 25, 27, 2, 24, 75, 194 },
    { 21, 25, 22, 0, 24, 66, 269 },
    { 5, 10, 7, 3, 24, 7, 335 },
    { 11, 32, 11, 2, 25, 44, 342 },
    { 11, 32, 11, -1, 25, 44, 386 },
    { 13, 13, 13, 2, 25, 22, 430 },
    { 16, 15, 19, 2, 19, 30, 452 },
    { 5, 9, 7, -1, 4, 6, 482 },
    { 10, 3, 13, 1, 10, 4, 488 },
    { 4, 5, 7, 0, 4, 3, 492 },
    { 21, 32, 11, -4, 28, 84, 495 },
    { 21, 25, 22, 1, 24, 66, 579 },
    { 10, 24, 12, 2, 24, 30, 645 },
    { 20, 24, 19, -1, 24, 60, 675 },
    { 20, 25, 19, -1, 24, 63, 735 },
    { 22, 24, 22, 0, 24, 66, 798 },
    { 21, 25, 19, -1, 24, 66, 864 },
    { 20, 25, 20, 1, 24, 63, 930 },
    { 19, 24, 19, 2, 24, 57, 993 },
    { 20, 25, 21, 1, 24, 63, 1050 },
    { 19, 25, 20, 1, 24, 60, 1113 },
    { 7, 19, 7, 0, 18, 17, 1173 },
    { 8, 23, 7, -1, 18, 23, 1190 },
    { 17, 15, 19, 2, 19, 32, 1213 },
    { 18, 11, 19, 1, 17, 25, 1245 },
    { 17, 15, 19, 1, 19, 32, 1270 },
    { 16, 25, 19, 2, 24, 50, 1302 },
    { 32, 31, 34, 1, 24, 124, 1352 },
    { 24, 24, 24, -2, 24, 72, 1476 },
    { 22, 24, 25, 2, 24, 66, 1548 },
    { 23, 25, 24, 2, 24, 72, 1614 },
    { 25, 24, 27, 2, 24, 75, 1686 },
    { 21, 24, 22, 2, 24, 63, 1761 },
    { 21, 24, 21, 2, 24, 63, 1824 },
    { 23, 25, 26, 2, 24, 72, 1887 },
    { 24, 24, 27, 2, 24, 72, 1959 },
    { 8, 24, 10, 2, 24, 24, 2031 },
    { 18, 25, 16, -2, 24, 57, 2055 },
    { 24, 24, 23, 2, 24, 72, 2112 },
    { 16, 24, 19, 2, 24, 48, 2184 },
    { 29, 24, 32, 2, 24, 87, 2232 },
    { 24, 24, 27, 2, 24, 72, 2319 },
    { 25, 25, 28, 2, 24, 79, 2391 },
    { 22, 24, 24, 2, 24, 66, 2470 },
    { 25, 29, 28, 2, 24, 91, 2536 },
    { 22, 24, 24, 2, 24, 66, 2627 },
    { 21, 25, 20, 0, 24, 66, 2693 },
    { 20, 24, 19, 2, 24, 60, 2759 },
    { 24, 25, 25, 2, 24, 75, 2819 },
    { 24, 24, 23, 2, 24, 72, 2894 },
    { 36, 24, 36, 3, 24, 108, 2966 },
    { 26, 24, 22, -2, 24, 78, 3074 },
    { 22, 24, 22, 3, 24, 66, 3152 },
    { 24, 24, 21, -1, 24, 72, 3218 },
    { 13, 32, 11, 0, 25, 52, 3290 },
    { 8, 32, 11, 2, 28, 32, 3342 },
    { 13, 32, 11, -3, 25, 52, 3374 },
    { 15, 15, 19, 1, 19, 29, 3426 },
    { 18, 2, 17, -3, 0, 5, 3455 },
    { 8, 5, 20, 7, 25, 5, 3460 },
    { 20, 19, 22, 1, 18, 48, 3465 },
    { 21, 26, 22, 1, 25, 69, 3513 },
    { 18, 19, 19, 1, 18, 43, 3582 },
    { 22, 26, 22, 1, 25, 72, 3625 },
    { 18, 19, 20, 1, 18, 43, 3697 },
    { 15, 25, 11, 1, 25, 47, 3740 },
    { 22, 25, 23, 0, 18, 69, 3787 },
    { 19, 25, 22, 1, 25, 60, 3856 },
    { 8, 25, 9, 1, 25, 25, 3916 },
    { 16, 32, 9, -6, 25, 64, 3941 },
    { 20, 25, 20, 1, 25, 63, 4005 },
    { 8, 25, 9, 1, 25, 25, 4068 },
    { 32, 18, 35, 1, 18, 72, 4093 },
    { 19, 18, 22, 1, 18, 43, 4165 },
    { 19, 19, 21, 1, 18, 46, 4208 },
    { 22, 25, 22, 0, 18, 69, 4254 },
    { 20, 25, 22, 1, 18, 63, 4323 },
    { 13, 18, 13, 1, 18, 30, 4386 },
    { 17, 19, 16, -1, 18, 41, 4416 },
    { 12, 23, 13, 1, 22, 35, 4457 },
    { 19, 19, 22, 2, 18, 46, 4492 },
    { 19, 18, 18, 1, 18, 43, 4538 },
    { 30, 18, 29, 1, 18, 68, 4581 },
    { 21, 18, 18, -2, 18, 48, 4649 },
    { 24, 25, 18, -4, 18, 75, 4697 },
    { 19, 18, 17, -1, 18, 43, 4772 },
    { 13, 32, 11, 1, 25, 52, 4815 },
    { 10, 32, 10, 0, 25, 40, 4867 },
    { 13, 32, 11, -3, 25, 52, 4907 },
    { 16, 7, 19, 2, 15, 14, 4959 },
    { 0, 0, 9, 0, 0, 0, 4973 },
    { 8, 24, 9, 0, 18, 24, 4973 },
    { 18, 26, 19, 1, 22, 59, 4997 },
    { 24, 24, 21, -1, 24, 72, 5056 },
    { 22, 21, 23, 1, 21, 58, 5128 },
    { 24, 24, 23, 2, 24, 72, 5186 },
    { 10, 32, 10, 0, 25, 40, 5258 },
    { 20, 28, 16, -2, 24, 70, 5298 },
    { 9, 4, 20, 8, 24, 5, 5368 },
    { 24, 25, 27, 2, 24, 75, 5373 },
    { 11, 11, 13, 3, 25, 16, 5448 },
    { 15, 13, 16, 1, 15, 25, 5464 },
    { 16, 9, 19, 2, 13, 18, 5489 },
    { 24, 25, 27, 2, 24, 75, 5507 },
    { 12, 2, 20, 5, 23, 3, 5582 },
    { 12, 12, 14, 3, 24, 18, 5585 },
    { 18, 20, 19, 0, 20, 45, 5603 },
    { 14, 14, 14, 1, 25, 25, 5648 },
    { 14, 15, 14, 1, 25, 27, 5673 },
    { 10, 5, 20, 9, 25, 7, 5700 },
    { 21, 25, 22, 0, 18, 66, 5707 },
    { 19, 29, 21, 2, 25, 69, 5773 },
    { 4, 4, 8, 2, 11, 2, 5842 },
    { 8, 9, 20, 3, 1, 9, 5844 },
    { 10, 14, 14, 3, 25, 18, 5853 },
    { 12, 11, 14, 3, 25, 17, 5871 },
    { 16, 13, 16, -1, 15, 26, 5888 },
    { 31, 24, 34, 2, 24, 93, 5914 },
    { 30, 24, 34, 2, 24, 90, 6007 },
    { 32, 24, 34, 1, 24, 96, 6097 },
    { 17, 24, 19, 0, 18, 51, 6193 },
    { 24, 30, 24, -2, 30, 90, 6244 },
    { 24, 30, 24, -2, 30, 90, 6334 },
    { 24, 30, 24, -2, 30, 90, 6424 },
    { 24, 29, 24, -2, 29, 87, 6514 },
    { 24, 29, 24, -2, 29, 87, 6601 },
    { 24, 32, 24, -2, 32, 96, 6688 },
    { 37, 24, 34, -2, 24, 111, 6784 },
    { 23, 32, 24, 2, 24, 92, 6895 },
    { 21, 30, 22, 2, 30, 79, 6987 },
    { 21, 30, 22, 2, 30, 79, 7066 },
    { 21, 30, 22, 2, 30, 79, 7145 },
    { 21, 29, 22, 2, 29, 77, 7224 },
    { 9, 30, 10, 2, 30, 34, 7301 },
    { 13, 30, 10, 2, 30, 49, 7335 },
    { 12, 30, 10, 2, 30, 45, 7384 },
    { 12, 29, 10, 2, 29, 44, 7429 },
    { 27, 24, 27, 0, 24, 81, 7473 },
    { 24, 29, 27, 2, 29, 87, 7554 },
    { 25, 31, 28, 2, 30, 97, 7641 },
    { 25, 31, 28, 2, 30, 97, 7738 },
    { 25, 31, 28, 2, 30, 97, 7835 },
    { 25, 30, 28, 2, 29, 94, 7932 },
    { 25, 30, 28, 2, 29, 94, 8026 },
    { 14, 13, 19, 3, 18, 23, 8120 },
    { 25, 29, 28, 2, 26, 91, 8143 },
    { 24, 31, 25, 2, 30, 93, 8234 },
    { 24, 31, 25, 2, 30, 93, 8327 },
    { 24, 31, 25, 2, 30, 93, 8420 },
    { 24, 30, 25, 2, 29, 90, 8513 },
    { 22, 30, 22, 3, 30, 83, 8603 },
    { 21, 24, 24, 2, 24, 63, 8686 },
    { 20, 26, 22, 1, 25, 65, 8749 },
    { 20, 26, 22, 1, 25, 65, 8814 },
    { 20, 26, 22, 1, 25, 65, 8879 },
    { 20, 26, 22, 1, 25, 65, 8944 },
    { 20, 25, 22, 1, 24, 63, 9009 },
    { 20, 25, 22, 1, 24, 63, 9072 },
    { 20, 28, 22, 1, 27, 70, 9135 },
    { 31, 19, 33, 1, 18, 74, 9205 },
    { 18, 26, 19, 1, 18, 59, 9279 },
    { 18, 26, 20, 1, 25, 59, 9338 },
    { 18, 26, 20, 1, 25, 59, 9397 },
    { 18, 26, 20, 1, 25, 59, 9456 },
    { 18, 25, 20, 1, 24, 57, 9515 },
    { 8, 25, 9, 1, 25, 25, 9572 },
    { 12, 25, 9, 1, 25, 38, 9597 },
    { 11, 25, 9, 1, 25, 35, 9635 },
    { 10, 24, 9, 1, 24, 30, 9670 },
    { 18, 26, 19, 1, 25, 59, 9700 },
    { 19, 24, 22, 1, 24, 57, 9759 },
    { 19, 26, 21, 1, 25, 62, 9816 },
    { 19, 26, 21, 1, 25, 62, 9878 },
    { 19, 26, 21, 1, 25, 62, 9940 },
    { 19, 25, 21, 1, 24, 60, 10002 },
    { 19, 25, 21, 1, 24, 60, 10062 },
    { 16, 17, 19, 2, 20, 34, 10122 },
    { 19, 23, 21, 1, 20, 55, 10156 },
    { 19, 26, 22, 2, 25, 62, 10211 },
    { 19, 26, 22, 2, 25, 62, 10273 },
    { 19, 26, 22, 2, 25, 62, 10335 },
    { 19, 25, 22, 2, 24, 60, 10397 },
    { 24, 32, 18, -4, 25, 96, 10457 },
    { 22, 32, 22, 0, 25, 88, 10553 },
    { 24, 31, 18, -4, 24, 93, 10641 },
    { 24, 28, 24, -2, 28, 84, 10734 },
    { 20, 24, 22, 1, 23, 60, 10818 },
    { 24, 30, 24, -2, 30, 90, 10878 },
    { 20, 26, 22, 1, 25, 65, 10968 },
    { 24, 32, 24, -2, 24, 96, 11033 },
    { 20, 26, 22, 1, 18, 65, 11129 },
    { 23, 31, 24, 2, 30, 90, 11194 },
    { 18, 26, 19, 1, 25, 59, 11284 },
    { 23, 30, 24, 2, 29, 87, 11343 },
    { 18, 25, 19, 1, 24, 57, 11430 },
    { 23, 31, 24, 2, 30, 90, 11487 },
    { 18, 26, 19, 1, 25, 59, 11577 },
    { 25, 30, 27, 2, 30, 94, 11636 },
    { 27, 27, 22, 1, 26, 92, 11730 },
    { 27, 24, 27, 0, 24, 81, 11822 },
    { 24, 26, 22, 1, 25, 78, 11903 },
    { 21, 28, 22, 2, 28, 74, 11981 },
    { 18, 24, 20, 1, 23, 54, 12055 },
    { 21, 29, 22, 2, 29, 77, 12109 },
    { 18, 25, 20, 1, 24, 57, 12186 },
    { 21, 32, 22, 2, 24, 84, 12243 },
    { 18, 26, 20, 1, 18, 59, 12327 },
    { 21, 30, 22, 2, 30, 79, 12386 },
    { 18, 26, 20, 1, 25, 59, 12465 },
    { 23, 31, 26, 2, 30, 90, 12524 },
    { 22, 32, 23, 0, 25, 88, 12614 },
    { 23, 30, 26, 2, 29, 87, 12702 },
    { 22, 31, 23, 0, 24, 86, 12789 },
    { 23, 33, 26, 2, 24, 95, 12875 },
    { 22, 33, 23, 0, 26, 91, 12970 },
    { 27, 24, 27, 2, 24, 81, 13061 },
    { 19, 25, 22, 1, 25, 60, 13142 },
    { 11, 28, 10, 2, 28, 39, 13202 },
    { 11, 23, 9, 1, 23, 32, 13241 },
    { 11, 32, 10, -1, 24, 44, 13273 },
    { 10, 33, 9, -1, 25, 42, 13317 },
    { 7, 18, 9, 1, 18, 16, 13359 },
    { 24, 33, 23, 2, 24, 99, 13375 },
    { 20, 34, 20, 1, 25, 85, 13474 },
    { 16, 33, 19, 2, 24, 66, 13559 },
    { 10, 34, 9, -1, 25, 43, 13625 },
    { 18, 25, 19, 2, 25, 57, 13668 },
    { 13, 26, 9, 1, 26, 43, 13725 },
    { 18, 24, 19, 0, 24, 54, 13768 },
    { 11, 25, 10, 0, 25, 35, 13822 },
    { 24, 30, 27, 2, 30, 90, 13857 },
    { 19, 25, 22, 1, 25, 60, 13947 },
    { 24, 33, 27, 2, 24, 99, 14007 },
    { 19, 27, 22, 1, 18, 65, 14106 },
    { 24, 30, 27, 2, 30, 90, 14171 },
    { 19, 25, 22, 1, 25, 60, 14261 },
    { 25, 31, 28, 2, 30, 97, 14321 },
    { 20, 26, 21, 1, 25, 65, 14418 },
    { 36, 24, 37, 2, 24, 108, 14483 },
    { 33, 19, 35, 1, 18, 79, 14591 },
    { 22, 30, 24, 2, 30, 83, 14670 },
    { 15, 25, 13, 1, 25, 47, 14753 },
    { 22, 30, 24, 2, 30, 83, 14800 },
    { 16, 25, 13, 1, 25, 50, 14883 },
    { 21, 31, 20, 0, 30, 82, 14933 },
    { 18, 26, 16, -1, 25, 59, 15015 },
    { 21, 32, 20, 0, 24, 84, 15074 },
    { 17, 26, 16, -1, 18, 56, 15158 },
    { 21, 31, 20, 0, 30, 82, 15214 },
    { 18, 26, 16, -1, 25, 59, 15296 },
    { 20, 32, 19, 2, 24, 80, 15355 },
    { 12, 30, 13, 1, 22, 45, 15435 },
    { 20, 30, 19, 2, 30, 75, 15480 },
    { 14, 27, 13, 1, 26, 48, 15555 },
    { 24, 29, 25, 2, 28, 87, 15603 },
    { 19, 24, 22, 2, 23, 57, 15690 },
    { 24, 33, 25, 2, 32, 99, 15747 },
    { 19, 28, 22, 2, 27, 67, 15846 },
    { 24, 31, 25, 2, 30, 93, 15913 },
    { 20, 26, 22, 2, 25, 65, 16006 },
    { 24, 32, 25, 2, 24, 96, 16071 },
    { 19, 26, 22, 2, 18, 62, 16167 },
    { 22, 29, 22, 3, 29, 80, 16229 },
    { 24, 30, 21, -1, 30, 90, 16309 },
    { 19, 25, 17, -1, 25, 60, 16399 },
    { 24, 29, 21, -1, 29, 87, 16459 },
    { 19, 24, 17, -1, 24, 57, 16546 },
    { 24, 30, 21, -1, 30, 90, 16603 },
    { 19, 25, 17, -1, 25, 60, 16693 },
    { 8, 5, 0, 7, 25, 5, 16753 },
    { 10, 5, 0, 9, 25, 7, 16758 },
    { 12, 5, 0, 6, 25, 8, 16765 },
    { 12, 4, 0, 5, 24, 6, 16773 },
    { 12, 2, 0, 5, 23, 3, 16779 },
    { 11, 6, 0, 5, 25, 9, 16782 },
    { 4, 4, 0, 11, 24, 2, 16791 },
    { 9, 4, 0, 8, 24, 5, 16793 },
    { 8, 8, 0, 5, 27, 8, 16798 },
    { 13, 5, 0, 8, 25, 9, 16806 },
    { 12, 5, 0, 7, 25, 8, 16815 },
    { 4, 6, 0, 5, -3, 3, 16823 },
    { 8, 9, 0, -2, 1, 9, 16826 },
    { 8, 9, 0, -1, 1, 9, 16835 },
    { 21, 30, 22, 2, 30, 79, 16844 },
    { 21, 29, 22, 2, 29, 77, 16923 },
    { 24, 25, 27, 2, 24, 75, 17000 },
    { 20, 30, 19, 2, 30, 75, 17075 },
    { 23, 25, 23, 2, 24, 72, 17150 },
    { 21, 25, 21, 0, 24, 66, 17222 },
    { 8, 24, 10, 2, 24, 24, 17288 },
    { 12, 29, 10, 2, 29, 44, 17312 },
    { 18, 25, 17, -1, 24, 57, 17356 },
    { 40, 25, 39, -2, 24, 125, 17413 },
    { 36, 24, 39, 2, 24, 108, 17538 },
    { 25, 24, 28, 2, 24, 75, 17646 },
    { 23, 30, 23, 2, 30, 87, 17721 },
    { 25, 30, 27, 2, 30, 94, 17808 },
    { 24, 31, 22, 1, 30, 93, 17902 },
    { 24, 30, 27, 2, 24, 90, 17995 },
    { 25, 24, 25, -2, 24, 75, 18085 },
    { 22, 24, 24, 2, 24, 66, 18160 },
    { 22, 24, 25, 2, 24, 66, 18226 },
    { 20, 24, 19, 2, 24, 60, 18292 },
    { 28, 30, 26, -3, 24, 105, 18352 },
    { 21, 24, 22, 2, 24, 63, 18457 },
    { 36, 24, 33, -1, 24, 108, 18520 },
    { 22, 25, 21, -2, 24, 69, 18628 },
    { 25, 24, 27, 2, 24, 75, 18697 },
    { 25, 30, 27, 2, 30, 94, 18772 },
    { 23, 24, 23, 2, 24, 69, 18866 },
    { 27, 25, 26, -2, 24, 85, 18935 },
    { 29, 24, 32, 2, 24, 87, 19020 },
    { 25, 24, 27, 2, 24, 75, 19107 },
    { 26, 25, 28, 2, 24, 82, 19182 },
    { 25, 24, 27, 2, 24, 75, 19264 },
    { 22, 24, 24, 2, 24, 66, 19339 },
    { 23, 25, 24, 2, 24, 72, 19405 },
    { 20, 24, 19, 2, 24, 60, 19477 },
    { 24, 25, 22, 1, 24, 75, 19537 },
    { 28, 25, 30, 2, 24, 88, 19612 },
    { 25, 24, 21, -2, 24, 75, 19700 },
    { 24, 30, 27, 2, 24, 90, 19775 },
    { 22, 24, 24, 2, 24, 66, 19865 },
    { 34, 24, 36, 2, 24, 102, 19931 },
    { 34, 30, 37, 2, 24, 128, 20033 },
    { 24, 24, 27, 2, 24, 72, 20161 },
    { 30, 24, 33, 2, 24, 90, 20233 },
    { 20, 24, 24, 2, 24, 60, 20323 },
    { 23, 25, 23, 0, 24, 72, 20383 },
    { 33, 25, 36, 2, 24, 104, 20455 },
    { 24, 24, 24, 0, 24, 72, 20559 },
    { 21, 19, 23, 1, 18, 50, 20631 },
    { 20, 27, 22, 2, 26, 68, 20681 },
    { 18, 18, 20, 1, 18, 41, 20749 },
    { 17, 18, 16, 1, 18, 39, 20790 },
    { 23, 23, 21, -3, 18, 67, 20829 },
    { 18, 19, 21, 1, 18, 43, 20896 },
    { 31, 18, 27, -2, 18, 70, 20939 },
    { 17, 19, 17, -1, 18, 41, 21009 },
    { 21, 18, 23, 1, 18, 48, 21050 },
    { 21, 25, 23, 1, 25, 66, 21098 },
    { 20, 18, 19, 1, 18, 45, 21164 },
    { 22, 19, 21, -2, 18, 53, 21209 },
    { 24, 18, 26, 1, 18, 54, 21262 },
    { 20, 18, 22, 1, 18, 45, 21316 },
    { 19, 19, 21, 1, 18, 46, 21361 },
    { 20, 18, 22, 1, 18, 45, 21407 },
    { 22, 25, 23, 0, 18, 69, 21452 },
    { 18, 19, 19, 1, 18, 43, 21521 },
    { 17, 18, 16, 1, 18, 39, 21564 },
    { 24, 25, 18, -4, 18, 75, 21603 },
    { 24, 32, 26, 1, 25, 96, 21678 },
    { 21, 18, 17, -2, 18, 48, 21774 },
    { 20, 23, 23, 1, 18, 58, 21822 },
    { 18, 18, 20, 1, 18, 41, 21880 },
    { 28, 18, 31, 1, 18, 63, 21921 },
    { 28, 22, 31, 1, 18, 77, 21984 },
    { 19, 18, 21, 1, 18, 43, 22061 },
    { 24, 18, 26, 1, 18, 54, 22104 },
    { 16, 18, 19, 1, 18, 36, 22158 },
    { 19, 19, 19, -1, 18, 46, 22194 },
    { 27, 19, 29, 1, 18, 65, 22240 },
    { 19, 18, 20, 0, 18, 43, 22305 },
    { 18, 26, 21, 1, 25, 59, 22348 },
    { 18, 25, 21, 1, 24, 57, 22407 },
    { 20, 32, 22, 1, 25, 80, 22464 },
    { 17, 25, 16, 1, 25, 54, 22544 },
    { 19, 19, 19, 1, 18, 46, 22598 },
    { 17, 19, 17, 0, 18, 41, 22644 },
    { 9, 25, 9, 1, 25, 29, 22685 },
    { 10, 24, 9, 1, 24, 30, 22714 },
    { 16, 32, 9, -6, 25, 64, 22744 },
    { 31, 19, 30, -2, 18, 74, 22808 },
    { 29, 18, 31, 1, 18, 66, 22882 },
    { 20, 25, 22, 1, 25, 63, 22948 },
    { 20, 25, 19, 1, 25, 63, 23011 },
    { 21, 25, 23, 1, 25, 66, 23074 },
    { 24, 32, 18, -4, 25, 96, 23140 },
    { 19, 23, 21, 1, 18, 55, 23236 },
    { 24, 25, 26, 2, 25, 75, 23291 },
    { 18, 25, 20, 1, 25, 57, 23366 },
    { 30, 24, 29, -1, 24, 90, 23423 },
    { 24, 18, 22, -2, 18, 54, 23513 },
    { 26, 25, 28, 2, 24, 82, 23567 },
    { 19, 19, 22, 1, 18, 46, 23649 },
    { 25, 24, 25, 3, 24, 75, 23695 },
    { 19, 18, 19, 2, 18, 43, 23770 },
    { 25, 36, 28, 2, 30, 113, 23813 },
    { 21, 29, 23, 1, 25, 77, 23926 },
    { 20, 25, 24, 3, 25, 63, 24003 },
    { 17, 18, 20, 1, 18, 39, 24066 },
    { 22, 24, 24, 2, 24, 66, 24105 },
    { 22, 25, 23, 0, 18, 69, 24171 },
    { 21, 28, 19, 2, 28, 74, 24240 },
    { 17, 21, 15, 1, 21, 45, 24314 },
    { 22, 24, 20, 1, 24, 66, 24359 },
    { 17, 18, 17, 1, 18, 39, 24425 },
    { 21, 29, 23, 2, 24, 77, 24464 },
    { 17, 25, 20, 1, 18, 54, 24541 },
    { 36, 30, 35, -1, 24, 135, 24595 },
    { 31, 22, 29, -2, 18, 86, 24730 },
    { 22, 30, 21, -2, 24, 83, 24816 },
    { 17, 22, 17, -1, 18, 47, 24899 },
    { 23, 30, 25, 2, 24, 87, 24946 },
    { 20, 22, 21, 1, 18, 55, 25033 },
    { 24, 24, 24, 2, 24, 72, 25088 },
    { 20, 18, 19, 1, 18, 45, 25160 },
    { 25, 24, 24, 2, 24, 75, 25205 },
    { 20, 25, 19, 1, 25, 63, 25280 },
    { 28, 24, 27, 2, 24, 84, 25343 },
    { 22, 18, 21, 1, 18, 50, 25427 },
    { 25, 30, 28, 2, 24, 94, 25477 },
    { 20, 22, 23, 1, 18, 55, 25571 },
    { 37, 24, 36, 2, 24, 111, 25626 },
    { 30, 18, 29, 1, 18, 68, 25737 },
    { 36, 29, 40, 2, 24, 131, 25805 },
    { 30, 25, 32, 1, 18, 94, 25936 },
    { 29, 25, 32, 2, 24, 91, 26030 },
    { 24, 19, 27, 1, 18, 57, 26121 },
    { 23, 30, 24, 2, 24, 87, 26178 },
    { 18, 22, 19, 1, 18, 50, 26265 },
    { 20, 30, 19, 2, 24, 75, 26315 },
    { 17, 22, 16, 1, 18, 47, 26390 },
    { 22, 24, 22, 3, 24, 66, 26437 },
    { 18, 25, 18, 2, 18, 57, 26503 },
    { 22, 24, 22, 3, 24, 66, 26560 },
    { 20, 25, 18, 0, 18, 63, 26626 },
    { 25, 30, 23, -2, 24, 94, 26689 },
    { 21, 22, 19, -2, 18, 58, 26783 },
    { 29, 30, 32, 2, 24, 109, 26841 },
    { 22, 22, 25, 1, 18, 61, 26950 },
    { 22, 30, 25, 2, 24, 83, 27011 },
    { 18, 22, 20, 1, 18, 50, 27094 },
    { 22, 24, 24, 2, 24, 66, 27144 },
    { 18, 18, 20, 1, 18, 41, 27210 },
    { 21, 24, 24, 2, 24, 63, 27251 },
    { 20, 25, 22, 1, 25, 63, 27314 },
    { 30, 25, 32, 2, 24, 94, 27377 },
    { 23, 19, 25, 1, 18, 55, 27471 },
    { 30, 30, 32, 2, 24, 113, 27526 },
    { 23, 22, 25, 1, 18, 64, 27639 },
    { 8, 24, 10, 2, 24, 24, 27703 },
    { 36, 30, 33, -1, 30, 135, 27727 },
    { 31, 25, 27, -2, 25, 97, 27862 },
    { 23, 31, 23, 2, 24, 90, 27959 },
    { 20, 25, 19, 1, 18, 63, 28049 },
    { 27, 30, 27, -2, 24, 102, 28112 },
    { 22, 22, 21, -2, 18, 61, 28214 },
    { 24, 31, 27, 2, 24, 93, 28275 },
    { 20, 25, 23, 1, 18, 63, 28368 },
    { 25, 30, 28, 2, 24, 94, 28431 },
    { 20, 22, 23, 1, 18, 55, 28525 },
    { 21, 30, 24, 2, 24, 79, 28580 },
    { 18, 22, 20, 1, 18, 50, 28659 },
    { 29, 30, 32, 2, 24, 109, 28709 },
    { 24, 22, 27, 1, 18, 66, 28818 },
    { 8, 25, 9, 1, 25, 25, 28884 },
    { 25, 30, 25, -2, 30, 94, 28909 },
    { 21, 26, 23, 1, 25, 69, 29003 },
    { 25, 29, 25, -2, 29, 91, 29072 },
    { 21, 25, 23, 1, 24, 66, 29163 },
    { 37, 24, 34, -2, 24, 111, 29229 },
    { 31, 19, 33, 1, 18, 74, 29340 },
    { 21, 30, 22, 2, 30, 79, 29414 },
    { 18, 26, 21, 1, 25, 59, 29493 },
    { 25, 25, 27, 1, 24, 79, 29552 },
    { 18, 19, 20, 1, 18, 43, 29631 },
    { 25, 30, 27, 1, 29, 94, 29674 },
    { 18, 25, 20, 1, 24, 57, 29768 },
    { 36, 29, 33, -1, 29, 131, 29825 },
    { 31, 24, 27, -2, 24, 93, 29956 },
    { 22, 30, 21, -2, 29, 83, 30049 },
    { 17, 25, 17, -1, 24, 54, 30132 },
    { 21, 25, 20, -1, 24, 66, 30186 },
    { 21, 25, 17, -4, 18, 66, 30252 },
    { 25, 28, 27, 2, 28, 88, 30318 },
    { 21, 23, 23, 1, 23, 61, 30406 },
    { 25, 29, 27, 2, 29, 91, 30467 },
    { 21, 24, 23, 1, 24, 63, 30558 },
    { 26, 30, 28, 2, 29, 98, 30621 },
    { 19, 25, 21, 1, 24, 60, 30719 },
    { 26, 25, 28, 2, 24, 82, 30779 },
    { 19, 19, 21, 1, 18, 46, 30861 },
    { 26, 30, 28, 2, 29, 98, 30907 },
    { 19, 25, 21, 1, 24, 60, 31005 },
    { 23, 30, 23, 0, 29, 87, 31065 },
    { 19, 25, 19, -1, 24, 60, 31152 },
    { 24, 29, 22, 1, 28, 87, 31212 },
    { 24, 30, 18, -4, 23, 90, 31299 },
    { 24, 30, 22, 1, 29, 90, 31389 },
    { 24, 31, 18, -4, 24, 93, 31479 },
    { 24, 31, 22, 1, 30, 93, 31572 },
    { 24, 32, 18, -4, 25, 96, 31665 },
    { 22, 29, 24, 2, 29, 80, 31761 },
    { 18, 24, 20, 1, 24, 54, 31841 },
    { 20, 30, 19, 2, 24, 75, 31895 },
    { 17, 22, 16, 1, 18, 47, 31970 },
    { 30, 29, 33, 2, 29, 109, 32017 },
    { 24, 24, 26, 1, 24, 72, 32126 },
    { 24, 31, 20, -1, 24, 93, 32198 },
    { 20, 25, 16, -3, 18, 63, 32291 },
    { 26, 31, 22, -2, 24, 101, 32354 },
    { 21, 25, 17, -2, 18, 66, 32455 },
    { 25, 24, 22, -1, 24, 75, 32521 },
    { 20, 18, 18, -1, 18, 45, 32596 },
    { 18, 2, 17, -1, 10, 5, 32641 },
    { 35, 2, 33, -1, 10, 9, 32646 },
    { 6, 9, 7, 3, 25, 7, 32655 },
    { 6, 9, 7, 3, 25, 7, 32662 },
    { 5, 9, 7, -1, 4, 6, 32669 },
    { 11, 9, 13, 3, 25, 13, 32675 },
    { 11, 9, 13, 3, 25, 13, 32688 },
    { 11, 9, 13, -1, 4, 13, 32701 },
    { 18, 31, 18, 1, 24, 70, 32714 },
    { 20, 31, 18, -1, 24, 78, 32784 },
    { 6, 6, 10, 2, 12, 5, 32862 },
    { 19, 5, 21, 0, 4, 12, 32867 },
    { 36, 25, 39, 2, 24, 113, 32879 },
    { 9, 13, 10, 1, 15, 15, 32992 },
    { 10, 13, 10, -1, 15, 17, 33007 },
    { 23, 24, 6, -8, 24, 69, 33024 },
    { 14, 14, 14, 1, 25, 25, 33093 },
    { 28, 25, 27, 0, 24, 88, 33118 },
    { 20, 25, 23, 2, 24, 63, 33206 },
    { 26, 31, 27, 0, 24, 101, 33269 },
    { 26, 31, 21, -2, 24, 101, 33370 },
    { 16, 3, 19, 2, 13, 6, 33471 },
    { 21, 32, 11, -4, 28, 84, 33477 },
    { 4, 4, 9, 3, 14, 2, 33561 },
    { 28, 32, 26, 2, 25, 112, 33563 },
    { 28, 13, 30, 2, 18, 46, 33675 },
    { 21, 32, 13, -4, 25, 84, 33721 },
    { 18, 13, 19, 1, 18, 30, 33805 },
    { 18, 19, 19, 1, 21, 43, 33835 },
    { 19, 20, 19, 0, 20, 48, 33878 },
    { 18, 20, 19, 0, 20, 45, 33926 },
};

static const EpdUnicodeInterval montserrat_16_italicIntervals[] = {
    { 0xD, 0xD, 0x0 },
    { 0x20, 0x7E, 0x1 },
    { 0xA0, 0xAC, 0x60 },
    { 0xAE, 0xFF, 0x6D },
    { 0x100, 0x107, 0xBF },
    { 0x10A, 0x113, 0xC7 },
    { 0x116, 0x11B, 0xD1 },
    { 0x11E, 0x123, 0xD7 },
    { 0x126, 0x127, 0xDD },
    { 0x12A, 0x12B, 0xDF },
    { 0x12E, 0x12F, 0xE1 },
    { 0x131, 0x131, 0xE3 },
    { 0x136, 0x137, 0xE4 },
    { 0x13B, 0x13E, 0xE6 },
    { 0x141, 0x148, 0xEA },
    { 0x150, 0x155, 0xF2 },
    { 0x158, 0x15B, 0xF8 },
    { 0x15E, 0x165, 0xFC },
    { 0x16A, 0x16B, 0x104 },
    { 0x16E, 0x173, 0x106 },
    { 0x178, 0x17E, 0x10C },
    { 0x300, 0x304, 0x113 },
    { 0x306, 0x308, 0x118 },
    { 0x30A, 0x30C, 0x11B },
    { 0x326, 0x328, 0x11E },
    { 0x400, 0x45F, 0x121 },
    { 0x462, 0x463, 0x181 },
    { 0x46A, 0x46B, 0x183 },
    { 0x472, 0x475, 0x185 },
    { 0x48A, 0x4FF, 0x189 },
    { 0x2013, 0x2014, 0x1FF },
    { 0x2018, 0x201A, 0x201 },
    { 0x201C, 0x201E, 0x204 },
    { 0x2020, 0x2022, 0x207 },
    { 0x2026, 0x2026, 0x20A },
    { 0x2030, 0x2030, 0x20B },
    { 0x2039, 0x203A, 0x20C },
    { 0x2044, 0x2044, 0x20E },
    { 0x2074, 0x2074, 0x20F },
    { 0x20AC, 0x20AC, 0x210 },
    { 0x2202, 0x2202, 0x211 },
    { 0x220F, 0x220F, 0x212 },
    { 0x2211, 0x2212, 0x213 },
    { 0x2215, 0x2215, 0x215 },
    { 0x2219, 0x221A, 0x216 },
    { 0x221E, 0x221E, 0x218 },
    { 0x222B, 0x222B, 0x219 },
    { 0x2248, 0x2248, 0x21A },
    { 0x2260, 0x2260, 0x21B },
    { 0x2264, 0x2265, 0x21C },
};

static const EpdFontData montserrat_16_italic = {
    montserrat_16_italicBitmaps,
    sizeof(montserrat_16_italicBitmaps),
    montserrat_16_italicGlyphs,
    montserrat_16_italicIntervals,
    50,
    41,
    33,
    -9,
    false,
};
